pid,block,cond,keypress,acc,rt
55d51a6b8ce09000127d4821,1,Novel,p,1,0.8841
55d51a6b8ce09000127d4821,1,Novel,p,1,0.9126
55d51a6b8ce09000127d4821,1,Novel,p,1,0.7266
55d51a6b8ce09000127d4821,1,Novel,p,1,0.7857
55d51a6b8ce09000127d4821,1,Famous,q,1,0.8502
55d51a6b8ce09000127d4821,1,Famous,q,1,0.6779
55d51a6b8ce09000127d4821,1,Famous,q,1,0.8989
55d51a6b8ce09000127d4821,1,Famous,q,1,0.5766
55d51a6b8ce09000127d4821,1,Famous,q,1,0.7861
55d51a6b8ce09000127d4821,1,Famous,q,1,0.755
55d51a6b8ce09000127d4821,1,Novel,p,1,0.6517
55d51a6b8ce09000127d4821,1,Novel,p,1,0.7381
55d51a6b8ce09000127d4821,1,Famous,q,1,0.6088
55d51a6b8ce09000127d4821,1,Famous,q,1,0.7278
55d51a6b8ce09000127d4821,1,Famous,q,1,0.7629
55d51a6b8ce09000127d4821,1,Novel,p,1,0.655
55d51a6b8ce09000127d4821,1,Novel,p,1,0.6768
55d51a6b8ce09000127d4821,1,Famous,q,1,0.6032
55d51a6b8ce09000127d4821,1,Famous,q,1,0.5442
55d51a6b8ce09000127d4821,1,Famous,q,1,0.5922
55d51a6b8ce09000127d4821,1,Famous,q,1,0.6281
55d51a6b8ce09000127d4821,1,Famous,q,1,0.6047
55d51a6b8ce09000127d4821,1,Novel,p,1,0.9002
55d51a6b8ce09000127d4821,1,Famous,q,1,0.699
55d51a6b8ce09000127d4821,1,Novel,p,1,0.7393
55d51a6b8ce09000127d4821,1,Novel,p,1,0.6265
55d51a6b8ce09000127d4821,1,Novel,p,1,0.7245
55d51a6b8ce09000127d4821,1,Novel,p,1,0.5818
55d51a6b8ce09000127d4821,1,Famous,q,1,0.497
55d51a6b8ce09000127d4821,1,Famous,q,1,0.7105
55d51a6b8ce09000127d4821,1,Famous,q,1,0.5709
55d51a6b8ce09000127d4821,1,Novel,p,1,0.6077
55d51a6b8ce09000127d4821,1,Famous,p,0,0.7605
55d51a6b8ce09000127d4821,1,Famous,q,1,0.7652
55d51a6b8ce09000127d4821,1,Famous,q,1,0.5525
55d51a6b8ce09000127d4821,1,Famous,p,0,0.6704
55d51a6b8ce09000127d4821,1,Novel,p,1,0.6831
55d51a6b8ce09000127d4821,1,Famous,q,1,0.5842
55d51a6b8ce09000127d4821,1,Novel,p,1,0.591
55d51a6b8ce09000127d4821,1,Novel,p,1,0.5969
55d51a6b8ce09000127d4821,1,Famous,q,1,0.5598
55d51a6b8ce09000127d4821,1,Famous,q,1,0.6208
55d51a6b8ce09000127d4821,1,Novel,p,1,0.8078
55d51a6b8ce09000127d4821,1,Novel,p,1,0.7058
55d51a6b8ce09000127d4821,1,Novel,p,1,0.6309
55d51a6b8ce09000127d4821,1,Famous,q,1,0.5857
55d51a6b8ce09000127d4821,1,Novel,p,1,0.5961
55d51a6b8ce09000127d4821,1,Novel,p,1,0.7804
55d51a6b8ce09000127d4821,1,Novel,p,1,0.8993
55d51a6b8ce09000127d4821,1,Famous,q,1,0.6476
55d51a6b8ce09000127d4821,1,Novel,p,1,0.5925
55d51a6b8ce09000127d4821,1,Novel,p,1,0.5537
55d51a6b8ce09000127d4821,1,Novel,q,0,0.6314
55d51a6b8ce09000127d4821,1,Novel,p,1,0.8433
55d51a6b8ce09000127d4821,1,Novel,p,1,0.893
55d51a6b8ce09000127d4821,1,Novel,p,1,0.6069
55d51a6b8ce09000127d4821,1,Famous,p,0,0.9155
55d51a6b8ce09000127d4821,1,Novel,p,1,0.5713
55d51a6b8ce09000127d4821,1,Famous,q,1,0.8356
55d51a6b8ce09000127d4821,2,Famous,q,1,0.6685
55d51a6b8ce09000127d4821,2,Novel,p,1,0.6052
55d51a6b8ce09000127d4821,2,Famous,q,1,0.5534
55d51a6b8ce09000127d4821,2,Novel,p,1,0.7826
55d51a6b8ce09000127d4821,2,Novel,p,1,0.782
55d51a6b8ce09000127d4821,2,Famous,q,1,0.4773
55d51a6b8ce09000127d4821,2,Novel,p,1,0.5789
55d51a6b8ce09000127d4821,2,Famous,q,1,0.5113
55d51a6b8ce09000127d4821,2,Famous,q,1,0.5368
55d51a6b8ce09000127d4821,2,Famous,p,0,0.617
55d51a6b8ce09000127d4821,2,Novel,p,1,0.5542
55d51a6b8ce09000127d4821,2,Novel,p,1,0.6475
55d51a6b8ce09000127d4821,2,Novel,p,1,0.5712
55d51a6b8ce09000127d4821,2,Famous,q,1,0.7129
55d51a6b8ce09000127d4821,2,Famous,q,1,0.5482
55d51a6b8ce09000127d4821,2,Famous,q,1,0.6302
55d51a6b8ce09000127d4821,2,Novel,p,1,0.7644
55d51a6b8ce09000127d4821,2,Famous,q,1,0.5195
55d51a6b8ce09000127d4821,2,Famous,q,1,0.5168
55d51a6b8ce09000127d4821,2,Famous,q,1,0.5248
55d51a6b8ce09000127d4821,2,Famous,p,0,0.686
55d51a6b8ce09000127d4821,2,Novel,p,1,0.9784
55d51a6b8ce09000127d4821,2,Famous,q,1,0.5031
55d51a6b8ce09000127d4821,2,Famous,q,1,0.5295
55d51a6b8ce09000127d4821,2,Novel,p,1,0.713
55d51a6b8ce09000127d4821,2,Novel,p,1,0.6243
55d51a6b8ce09000127d4821,2,Novel,p,1,0.6525
55d51a6b8ce09000127d4821,2,Famous,q,1,0.678
55d51a6b8ce09000127d4821,2,Famous,q,1,0.4959
55d51a6b8ce09000127d4821,2,Famous,q,1,0.5045
55d51a6b8ce09000127d4821,2,Famous,q,1,0.4924
55d51a6b8ce09000127d4821,2,Novel,p,1,0.5447
55d51a6b8ce09000127d4821,2,Novel,p,1,0.5231
55d51a6b8ce09000127d4821,2,Famous,q,1,0.5052
55d51a6b8ce09000127d4821,2,Novel,q,0,0.797
55d51a6b8ce09000127d4821,2,Famous,q,1,0.6533
55d51a6b8ce09000127d4821,2,Famous,q,1,0.787
55d51a6b8ce09000127d4821,2,Novel,p,1,0.7941
55d51a6b8ce09000127d4821,2,Novel,p,1,0.6491
55d51a6b8ce09000127d4821,2,Famous,q,1,0.581
55d51a6b8ce09000127d4821,2,Famous,q,1,0.5645
55d51a6b8ce09000127d4821,2,Novel,p,1,0.7089
55d51a6b8ce09000127d4821,2,Novel,p,1,0.6607
55d51a6b8ce09000127d4821,2,Novel,p,1,0.6245
55d51a6b8ce09000127d4821,2,Famous,q,1,0.5203
55d51a6b8ce09000127d4821,2,Novel,p,1,0.6298
55d51a6b8ce09000127d4821,2,Famous,q,1,0.976
55d51a6b8ce09000127d4821,2,Novel,p,1,0.7271
55d51a6b8ce09000127d4821,2,Novel,p,1,0.7875
55d51a6b8ce09000127d4821,2,Novel,p,1,0.5549
55d51a6b8ce09000127d4821,2,Famous,p,0,0.6174
55d51a6b8ce09000127d4821,2,Novel,p,1,0.5269
55d51a6b8ce09000127d4821,2,Novel,p,1,0.5786
55d51a6b8ce09000127d4821,2,Novel,p,1,0.7613
55d51a6b8ce09000127d4821,2,Novel,p,1,0.606
55d51a6b8ce09000127d4821,2,Famous,q,1,0.5134
55d51a6b8ce09000127d4821,2,Novel,p,1,0.5402
55d51a6b8ce09000127d4821,2,Famous,q,1,0.5537
55d51a6b8ce09000127d4821,2,Novel,p,1,0.4883
55d51a6b8ce09000127d4821,3,Novel,p,1,0.5353
55d51a6b8ce09000127d4821,3,Novel,p,1,0.5024
55d51a6b8ce09000127d4821,3,Famous,q,1,0.5205
55d51a6b8ce09000127d4821,3,Famous,q,1,0.4858
55d51a6b8ce09000127d4821,3,Famous,q,1,0.5656
55d51a6b8ce09000127d4821,3,Famous,q,1,0.5494
55d51a6b8ce09000127d4821,3,Famous,q,1,0.5929
55d51a6b8ce09000127d4821,3,Famous,q,1,0.5199
55d51a6b8ce09000127d4821,3,Famous,q,1,0.6751
55d51a6b8ce09000127d4821,3,Novel,p,1,0.6335
55d51a6b8ce09000127d4821,3,Famous,q,1,0.5684
55d51a6b8ce09000127d4821,3,Novel,p,1,0.7137
55d51a6b8ce09000127d4821,3,Novel,p,1,0.5331
55d51a6b8ce09000127d4821,3,Famous,q,1,0.509
55d51a6b8ce09000127d4821,3,Famous,q,1,0.5139
55d51a6b8ce09000127d4821,3,Novel,p,1,0.5331
55d51a6b8ce09000127d4821,3,Famous,q,1,0.5185
55d51a6b8ce09000127d4821,3,Famous,q,1,0.668
55d51a6b8ce09000127d4821,3,Famous,q,1,0.5318
55d51a6b8ce09000127d4821,3,Novel,p,1,0.6326
55d51a6b8ce09000127d4821,3,Novel,p,1,0.4695
55d51a6b8ce09000127d4821,3,Novel,p,1,0.551
55d51a6b8ce09000127d4821,3,Novel,p,1,0.4643
55d51a6b8ce09000127d4821,3,Famous,q,1,0.5623
55d51a6b8ce09000127d4821,3,Famous,q,1,0.5315
55d51a6b8ce09000127d4821,3,Novel,p,1,0.6373
55d51a6b8ce09000127d4821,3,Famous,q,1,0.6529
55d51a6b8ce09000127d4821,3,Novel,p,1,0.6431
55d51a6b8ce09000127d4821,3,Novel,p,1,0.9018
55d51a6b8ce09000127d4821,3,Novel,p,1,0.5331
55d51a6b8ce09000127d4821,3,Novel,p,1,0.5287
55d51a6b8ce09000127d4821,3,Famous,q,1,0.6363
55d51a6b8ce09000127d4821,3,Novel,p,1,0.457
55d51a6b8ce09000127d4821,3,Famous,q,1,0.5885
55d51a6b8ce09000127d4821,3,Novel,p,1,0.4603
55d51a6b8ce09000127d4821,3,Novel,p,1,0.4603
55d51a6b8ce09000127d4821,3,Famous,q,1,0.544
55d51a6b8ce09000127d4821,3,Famous,q,1,0.6887
55d51a6b8ce09000127d4821,3,Famous,q,1,0.5448
55d51a6b8ce09000127d4821,3,Novel,p,1,0.6637
55d51a6b8ce09000127d4821,3,Famous,p,0,0.4855
55d51a6b8ce09000127d4821,3,Famous,q,1,0.5741
55d51a6b8ce09000127d4821,3,Famous,q,1,0.7438
55d51a6b8ce09000127d4821,3,Famous,q,1,0.5492
55d51a6b8ce09000127d4821,3,Famous,q,1,0.5872
55d51a6b8ce09000127d4821,3,Famous,q,1,0.528
55d51a6b8ce09000127d4821,3,Novel,p,1,0.5777
55d51a6b8ce09000127d4821,3,Novel,p,1,0.6375
55d51a6b8ce09000127d4821,3,Novel,p,1,0.6005
55d51a6b8ce09000127d4821,3,Famous,q,1,0.6513
55d51a6b8ce09000127d4821,3,Famous,q,1,0.5194
55d51a6b8ce09000127d4821,3,Novel,p,1,0.5225
55d51a6b8ce09000127d4821,3,Famous,q,1,0.5488
55d51a6b8ce09000127d4821,3,Novel,p,1,0.6665
55d51a6b8ce09000127d4821,3,Novel,p,1,0.7431
55d51a6b8ce09000127d4821,3,Novel,p,1,0.5522
55d51a6b8ce09000127d4821,3,Novel,p,1,0.5484
55d51a6b8ce09000127d4821,3,Novel,p,1,0.4426
55d51a6b8ce09000127d4821,3,Novel,p,1,0.4881
55d51a6b8ce09000127d4821,3,Novel,p,1,0.6865
5a46d551b77a5000014a8ce9,1,Novel,q,0,0.866
5a46d551b77a5000014a8ce9,1,Famous,q,1,0.692
5a46d551b77a5000014a8ce9,1,Famous,p,0,0.695
5a46d551b77a5000014a8ce9,1,Famous,q,1,0.562
5a46d551b77a5000014a8ce9,1,Famous,p,0,0.805
5a46d551b77a5000014a8ce9,1,Famous,q,1,0.624
5a46d551b77a5000014a8ce9,1,Novel,q,0,0.641
5a46d551b77a5000014a8ce9,1,Novel,p,1,0.85
5a46d551b77a5000014a8ce9,1,Famous,q,1,0.677
5a46d551b77a5000014a8ce9,1,Famous,p,0,0.677
5a46d551b77a5000014a8ce9,1,Novel,p,1,0.754
5a46d551b77a5000014a8ce9,1,Novel,p,1,0.681
5a46d551b77a5000014a8ce9,1,Novel,p,1,0.703
5a46d551b77a5000014a8ce9,1,Novel,q,0,0.451
5a46d551b77a5000014a8ce9,1,Novel,q,0,0.669
5a46d551b77a5000014a8ce9,1,Famous,q,1,0.588
5a46d551b77a5000014a8ce9,1,Famous,q,1,0.848
5a46d551b77a5000014a8ce9,1,Novel,p,1,0.801
5a46d551b77a5000014a8ce9,1,Novel,p,1,0.777
5a46d551b77a5000014a8ce9,1,Novel,p,1,0.838
5a46d551b77a5000014a8ce9,1,Famous,q,1,0.698
5a46d551b77a5000014a8ce9,1,Novel,p,1,0.823
5a46d551b77a5000014a8ce9,1,Novel,p,1,0.943
5a46d551b77a5000014a8ce9,1,Famous,q,1,0.969
5a46d551b77a5000014a8ce9,1,Novel,p,1,0.746
5a46d551b77a5000014a8ce9,1,Famous,q,1,0.883
5a46d551b77a5000014a8ce9,1,Famous,p,0,0.71
5a46d551b77a5000014a8ce9,1,Famous,p,0,0.739
5a46d551b77a5000014a8ce9,1,Novel,q,0,0.693
5a46d551b77a5000014a8ce9,1,Famous,q,1,0.76
5a46d551b77a5000014a8ce9,1,Famous,q,1,0.782
5a46d551b77a5000014a8ce9,1,Novel,p,1,0.747
5a46d551b77a5000014a8ce9,1,Famous,q,1,0.603
5a46d551b77a5000014a8ce9,1,Novel,q,0,0.624
5a46d551b77a5000014a8ce9,1,Novel,p,1,0.727
5a46d551b77a5000014a8ce9,1,Novel,p,1,0.552
5a46d551b77a5000014a8ce9,1,Famous,q,1,0.711
5a46d551b77a5000014a8ce9,1,Novel,p,1,0.55
5a46d551b77a5000014a8ce9,1,Novel,p,1,0.614
5a46d551b77a5000014a8ce9,1,Famous,q,1,0.819
5a46d551b77a5000014a8ce9,1,Novel,q,0,0.818
5a46d551b77a5000014a8ce9,1,Famous,p,0,0.641
5a46d551b77a5000014a8ce9,1,Novel,p,1,0.561
5a46d551b77a5000014a8ce9,1,Famous,q,1,0.535
5a46d551b77a5000014a8ce9,1,Famous,p,0,0.534
5a46d551b77a5000014a8ce9,1,Novel,q,0,0.388
5a46d551b77a5000014a8ce9,1,Famous,q,1,0.916
5a46d551b77a5000014a8ce9,1,Novel,p,1,0.662
5a46d551b77a5000014a8ce9,1,Novel,q,0,0.889
5a46d551b77a5000014a8ce9,1,Famous,q,1,0.746
5a46d551b77a5000014a8ce9,1,Famous,q,1,0.751
5a46d551b77a5000014a8ce9,1,Novel,p,1,0.667
5a46d551b77a5000014a8ce9,1,Famous,q,1,0.583
5a46d551b77a5000014a8ce9,1,Novel,q,0,0.533
5a46d551b77a5000014a8ce9,1,Famous,p,0,0.923
5a46d551b77a5000014a8ce9,1,Famous,q,1,0.743
5a46d551b77a5000014a8ce9,1,Famous,q,1,0.759
5a46d551b77a5000014a8ce9,1,Novel,p,1,0.752
5a46d551b77a5000014a8ce9,2,Famous,q,1,0.935
5a46d551b77a5000014a8ce9,2,Novel,p,1,0.708
5a46d551b77a5000014a8ce9,2,Novel,p,1,0.865
5a46d551b77a5000014a8ce9,2,Famous,q,1,0.631
5a46d551b77a5000014a8ce9,2,Famous,p,0,0.655
5a46d551b77a5000014a8ce9,2,Novel,p,1,0.772
5a46d551b77a5000014a8ce9,2,Famous,q,1,0.688
5a46d551b77a5000014a8ce9,2,Famous,p,0,0.557
5a46d551b77a5000014a8ce9,2,Famous,p,0,0.706
5a46d551b77a5000014a8ce9,2,Novel,q,0,0.409
5a46d551b77a5000014a8ce9,2,Novel,p,1,0.653
5a46d551b77a5000014a8ce9,2,Novel,p,1,0.776
5a46d551b77a5000014a8ce9,2,Novel,p,1,0.65
5a46d551b77a5000014a8ce9,2,Famous,q,1,0.571
5a46d551b77a5000014a8ce9,2,Famous,q,1,0.521
5a46d551b77a5000014a8ce9,2,Novel,p,1,0.721
5a46d551b77a5000014a8ce9,2,Famous,q,1,0.745
5a46d551b77a5000014a8ce9,2,Novel,q,0,0.673
5a46d551b77a5000014a8ce9,2,Famous,q,1,0.697
5a46d551b77a5000014a8ce9,2,Novel,p,1,0.851
5a46d551b77a5000014a8ce9,2,Novel,p,1,0.635
5a46d551b77a5000014a8ce9,2,Famous,q,1,0.99
5a46d551b77a5000014a8ce9,2,Famous,q,1,0.469
5a46d551b77a5000014a8ce9,2,Novel,p,1,0.601
5a46d551b77a5000014a8ce9,2,Famous,q,1,0.588
5a46d551b77a5000014a8ce9,2,Novel,p,1,0.695
5a46d551b77a5000014a8ce9,2,Famous,q,1,0.568
5a46d551b77a5000014a8ce9,2,Famous,p,0,0.611
5a46d551b77a5000014a8ce9,2,Famous,p,0,0.737
5a46d551b77a5000014a8ce9,2,Famous,q,1,0.82
5a46d551b77a5000014a8ce9,2,Novel,p,1,0.858
5a46d551b77a5000014a8ce9,2,Novel,q,0,0.729
5a46d551b77a5000014a8ce9,2,Novel,q,0,0.776
5a46d551b77a5000014a8ce9,2,Famous,q,1,0.731
5a46d551b77a5000014a8ce9,2,Novel,p,1,0.677
5a46d551b77a5000014a8ce9,2,Novel,p,1,0.565
5a46d551b77a5000014a8ce9,2,Novel,p,1,0.575
5a46d551b77a5000014a8ce9,2,Novel,p,1,0.593
5a46d551b77a5000014a8ce9,2,Novel,p,1,0.585
5a46d551b77a5000014a8ce9,2,Famous,p,0,0.785
5a46d551b77a5000014a8ce9,2,Famous,q,1,0.614
5a46d551b77a5000014a8ce9,2,Novel,q,0,0.854
5a46d551b77a5000014a8ce9,2,Famous,p,0,0.662
5a46d551b77a5000014a8ce9,2,Novel,p,1,0.776
5a46d551b77a5000014a8ce9,2,Novel,p,1,0.76
5a46d551b77a5000014a8ce9,2,Novel,q,0,0.36
5a46d551b77a5000014a8ce9,2,Famous,p,0,0.328
5a46d551b77a5000014a8ce9,2,Novel,p,1,0.294
5a46d551b77a5000014a8ce9,2,Famous,p,0,0.44
5a46d551b77a5000014a8ce9,2,Famous,q,1,0.469
5a46d551b77a5000014a8ce9,2,Famous,p,0,0.298
5a46d551b77a5000014a8ce9,2,Famous,p,0,0.756
5a46d551b77a5000014a8ce9,2,Famous,q,1,0.6
5a46d551b77a5000014a8ce9,2,Famous,q,1,0.664
5a46d551b77a5000014a8ce9,2,Novel,p,1,0.661
5a46d551b77a5000014a8ce9,2,Novel,p,1,0.726
5a46d551b77a5000014a8ce9,2,Novel,p,1,0.762
5a46d551b77a5000014a8ce9,3,Famous,q,1,0.72
5a46d551b77a5000014a8ce9,3,Novel,p,1,0.754
5a46d551b77a5000014a8ce9,3,Novel,q,0,0.675
5a46d551b77a5000014a8ce9,3,Famous,q,1,0.649
5a46d551b77a5000014a8ce9,3,Novel,p,1,0.624
5a46d551b77a5000014a8ce9,3,Famous,q,1,0.696
5a46d551b77a5000014a8ce9,3,Novel,p,1,0.746
5a46d551b77a5000014a8ce9,3,Novel,p,1,0.828
5a46d551b77a5000014a8ce9,3,Novel,p,1,0.535
5a46d551b77a5000014a8ce9,3,Famous,q,1,0.672
5a46d551b77a5000014a8ce9,3,Novel,p,1,0.464
5a46d551b77a5000014a8ce9,3,Famous,p,0,0.352
5a46d551b77a5000014a8ce9,3,Famous,q,1,0.74
5a46d551b77a5000014a8ce9,3,Famous,q,1,0.654
5a46d551b77a5000014a8ce9,3,Famous,q,1,0.717
5a46d551b77a5000014a8ce9,3,Famous,q,1,0.616
5a46d551b77a5000014a8ce9,3,Novel,p,1,0.507
5a46d551b77a5000014a8ce9,3,Novel,q,0,0.358
5a46d551b77a5000014a8ce9,3,Famous,p,0,0.687
5a46d551b77a5000014a8ce9,3,Famous,p,0,0.507
5a46d551b77a5000014a8ce9,3,Famous,q,1,0.651
5a46d551b77a5000014a8ce9,3,Famous,q,1,0.52
5a46d551b77a5000014a8ce9,3,Novel,q,0,0.571
5a46d551b77a5000014a8ce9,3,Novel,p,1,0.783
5a46d551b77a5000014a8ce9,3,Novel,p,1,0.635
5a46d551b77a5000014a8ce9,3,Novel,p,1,0.741
5a46d551b77a5000014a8ce9,3,Novel,p,1,0.576
5a46d551b77a5000014a8ce9,3,Famous,p,0,0.748
5a46d551b77a5000014a8ce9,3,Novel,q,0,0.744
5a46d551b77a5000014a8ce9,3,Novel,p,1,0.946
5a46d551b77a5000014a8ce9,3,Famous,q,1,0.949
5a46d551b77a5000014a8ce9,3,Novel,p,1,0.827
5a46d551b77a5000014a8ce9,3,Novel,p,1,0.626
5a46d551b77a5000014a8ce9,3,Novel,p,1,0.692
5a46d551b77a5000014a8ce9,3,Novel,p,1,0.501
5a46d551b77a5000014a8ce9,3,Famous,q,1,0.634
5a46d551b77a5000014a8ce9,3,Famous,p,0,0.512
5a46d551b77a5000014a8ce9,3,Novel,q,0,0.73
5a46d551b77a5000014a8ce9,3,Novel,p,1,0.634
5a46d551b77a5000014a8ce9,3,Novel,p,1,0.774
5a46d551b77a5000014a8ce9,3,Famous,p,0,0.697
5a46d551b77a5000014a8ce9,3,Novel,p,1,0.83
5a46d551b77a5000014a8ce9,3,Novel,q,0,0.724
5a46d551b77a5000014a8ce9,3,Famous,q,1,0.624
5a46d551b77a5000014a8ce9,3,Famous,q,1,0.534
5a46d551b77a5000014a8ce9,3,Famous,p,0,0.772
5a46d551b77a5000014a8ce9,3,Novel,p,1,0.876
5a46d551b77a5000014a8ce9,3,Famous,p,0,0.681
5a46d551b77a5000014a8ce9,3,Famous,p,0,0.593
5a46d551b77a5000014a8ce9,3,Famous,q,1,0.987
5a46d551b77a5000014a8ce9,3,Famous,q,1,0.358
5a46d551b77a5000014a8ce9,3,Famous,q,1,0.561
5a46d551b77a5000014a8ce9,3,Famous,q,1,0.706
5a46d551b77a5000014a8ce9,3,Novel,p,1,0.421
5a46d551b77a5000014a8ce9,3,Novel,p,1,0.636
5a46d551b77a5000014a8ce9,3,Novel,p,1,0.746
5a46d551b77a5000014a8ce9,3,Novel,q,0,0.369
5a46d551b77a5000014a8ce9,3,Famous,q,1,0.767
5a6127f2c0d8360001078f95,1,Novel,p,1,0.8735
5a6127f2c0d8360001078f95,1,Novel,p,1,0.6823
5a6127f2c0d8360001078f95,1,Novel,p,1,0.8424
5a6127f2c0d8360001078f95,1,Famous,q,1,0.6309
5a6127f2c0d8360001078f95,1,Novel,p,1,0.6986
5a6127f2c0d8360001078f95,1,Famous,q,1,0.7027
5a6127f2c0d8360001078f95,1,Novel,p,1,0.7329
5a6127f2c0d8360001078f95,1,Famous,q,1,0.8747
5a6127f2c0d8360001078f95,1,Novel,p,1,0.7235
5a6127f2c0d8360001078f95,1,Novel,p,1,0.8348
5a6127f2c0d8360001078f95,1,Novel,p,1,0.7572
5a6127f2c0d8360001078f95,1,Famous,p,0,0.0011
5a6127f2c0d8360001078f95,1,Novel,p,1,0.7521
5a6127f2c0d8360001078f95,1,Novel,p,1,0.7361
5a6127f2c0d8360001078f95,1,Famous,p,0,0.9277
5a6127f2c0d8360001078f95,1,Novel,p,1,0.5963
5a6127f2c0d8360001078f95,1,Famous,q,1,0.796
5a6127f2c0d8360001078f95,1,Novel,p,1,0.6918
5a6127f2c0d8360001078f95,1,Novel,p,1,0.7797
5a6127f2c0d8360001078f95,1,Famous,p,0,0.8951
5a6127f2c0d8360001078f95,1,Famous,q,1,0.7346
5a6127f2c0d8360001078f95,1,Famous,q,1,0.6695
5a6127f2c0d8360001078f95,1,Famous,p,0,0.8057
5a6127f2c0d8360001078f95,1,Novel,p,1,0.7927
5a6127f2c0d8360001078f95,1,Famous,p,0,0.6661
5a6127f2c0d8360001078f95,1,Famous,p,0,0.7872
5a6127f2c0d8360001078f95,1,Famous,p,0,0.586
5a6127f2c0d8360001078f95,1,Famous,p,0,0.7684
5a6127f2c0d8360001078f95,1,Famous,p,0,0.5284
5a6127f2c0d8360001078f95,1,Famous,p,0,0.7228
5a6127f2c0d8360001078f95,1,Novel,p,1,0.7062
5a6127f2c0d8360001078f95,1,Novel,p,1,0.5133
5a6127f2c0d8360001078f95,1,Famous,p,0,0.5966
5a6127f2c0d8360001078f95,1,Famous,q,1,0.8635
5a6127f2c0d8360001078f95,1,Novel,p,1,0.6811
5a6127f2c0d8360001078f95,1,Novel,p,1,0.9021
5a6127f2c0d8360001078f95,1,Novel,p,1,0.7231
5a6127f2c0d8360001078f95,1,Famous,q,1,0.6018
5a6127f2c0d8360001078f95,1,Famous,q,1,0.8229
5a6127f2c0d8360001078f95,1,Novel,p,1,0.7425
5a6127f2c0d8360001078f95,1,Famous,p,0,0.7608
5a6127f2c0d8360001078f95,1,Famous,q,1,0.6628
5a6127f2c0d8360001078f95,1,Novel,p,1,0.7348
5a6127f2c0d8360001078f95,1,Novel,p,1,0.73
5a6127f2c0d8360001078f95,1,Novel,p,1,0.7586
5a6127f2c0d8360001078f95,1,Famous,p,0,0.7165
5a6127f2c0d8360001078f95,1,Famous,p,0,0.6837
5a6127f2c0d8360001078f95,1,Famous,q,1,0.7906
5a6127f2c0d8360001078f95,2,Famous,q,1,0.6058
5a6127f2c0d8360001078f95,2,Famous,q,1,0.7829
5a6127f2c0d8360001078f95,2,Famous,q,1,0.8351
5a6127f2c0d8360001078f95,2,Novel,p,1,0.7047
5a6127f2c0d8360001078f95,2,Novel,p,1,0.653
5a6127f2c0d8360001078f95,2,Famous,p,0,0.7803
5a6127f2c0d8360001078f95,2,Famous,q,1,0.6968
5a6127f2c0d8360001078f95,2,Novel,p,1,0.6785
5a6127f2c0d8360001078f95,2,Famous,p,0,0.6325
5a6127f2c0d8360001078f95,2,Novel,p,1,0.7713
5a6127f2c0d8360001078f95,2,Famous,q,1,0.854
5a6127f2c0d8360001078f95,2,Famous,q,1,0.73740000000000006
5a6127f2c0d8360001078f95,2,Novel,p,1,0.7337
5a6127f2c0d8360001078f95,2,Novel,p,1,0.7412
5a6127f2c0d8360001078f95,2,Novel,p,1,0.7787
5a6127f2c0d8360001078f95,2,Famous,q,1,0.8841
5a6127f2c0d8360001078f95,2,Novel,p,1,0.78
5a6127f2c0d8360001078f95,2,Novel,p,1,0.5787
5a6127f2c0d8360001078f95,2,Famous,p,0,0.7591
5a6127f2c0d8360001078f95,2,Novel,p,1,0.6842
5a6127f2c0d8360001078f95,2,Novel,p,1,0.5997
5a6127f2c0d8360001078f95,2,Novel,p,1,0.7124
5a6127f2c0d8360001078f95,2,Famous,q,1,0.7746
5a6127f2c0d8360001078f95,2,Famous,q,1,0.83
5a6127f2c0d8360001078f95,2,Novel,p,1,0.7618
5a6127f2c0d8360001078f95,2,Famous,p,0,0.6798
5a6127f2c0d8360001078f95,2,Novel,p,1,0.7791
5a6127f2c0d8360001078f95,2,Famous,q,1,0.5896
5a6127f2c0d8360001078f95,2,Novel,p,1,0.758
5a6127f2c0d8360001078f95,2,Famous,p,0,0.7822
5a6127f2c0d8360001078f95,2,Novel,p,1,0.7715
5a6127f2c0d8360001078f95,2,Famous,q,1,0.7153
5a6127f2c0d8360001078f95,2,Novel,p,1,0.8546
5a6127f2c0d8360001078f95,2,Famous,q,1,0.5704
5a6127f2c0d8360001078f95,2,Famous,p,0,0.5545
5a6127f2c0d8360001078f95,2,Famous,p,0,0.6514
5a6127f2c0d8360001078f95,2,Famous,q,1,0.7491
5a6127f2c0d8360001078f95,2,Novel,p,1,0.6048
5a6127f2c0d8360001078f95,2,Novel,p,1,0.7738
5a6127f2c0d8360001078f95,2,Novel,p,1,0.6529
5a6127f2c0d8360001078f95,2,Novel,p,1,0.6024
5a6127f2c0d8360001078f95,2,Novel,p,1,0.7445
5a6127f2c0d8360001078f95,2,Famous,p,0,0.786
5a6127f2c0d8360001078f95,2,Novel,p,1,0.8109
5a6127f2c0d8360001078f95,2,Famous,q,1,0.6308
5a6127f2c0d8360001078f95,2,Famous,q,1,0.7556
5a6127f2c0d8360001078f95,2,Novel,p,1,0.7831
5a6127f2c0d8360001078f95,2,Novel,p,1,0.7467
5a6127f2c0d8360001078f95,2,Famous,q,1,0.8016
5a6127f2c0d8360001078f95,2,Famous,p,0,0.8226
5a6127f2c0d8360001078f95,2,Famous,q,1,0.6753
5a6127f2c0d8360001078f95,3,Famous,p,0,0.693
5a6127f2c0d8360001078f95,3,Famous,q,1,0.6509
5a6127f2c0d8360001078f95,3,Novel,q,0,0.7315
5a6127f2c0d8360001078f95,3,Famous,q,1,0.6126
5a6127f2c0d8360001078f95,3,Novel,p,1,0.5909
5a6127f2c0d8360001078f95,3,Novel,p,1,0.6742
5a6127f2c0d8360001078f95,3,Famous,q,1,0.8727
5a6127f2c0d8360001078f95,3,Novel,p,1,0.6545
5a6127f2c0d8360001078f95,3,Famous,q,1,0.644
5a6127f2c0d8360001078f95,3,Famous,p,0,0.5449
5a6127f2c0d8360001078f95,3,Novel,p,1,0.6489
5a6127f2c0d8360001078f95,3,Famous,q,1,0.5955
5a6127f2c0d8360001078f95,3,Novel,p,1,0.7916
5a6127f2c0d8360001078f95,3,Novel,p,1,0.7363
5a6127f2c0d8360001078f95,3,Famous,q,1,0.8428
5a6127f2c0d8360001078f95,3,Novel,p,1,0.823
5a6127f2c0d8360001078f95,3,Novel,p,1,0.6968
5a6127f2c0d8360001078f95,3,Novel,p,1,0.7105
5a6127f2c0d8360001078f95,3,Novel,p,1,0.6843
5a6127f2c0d8360001078f95,3,Famous,q,1,0.7726
5a6127f2c0d8360001078f95,3,Famous,q,1,0.8083
5a6127f2c0d8360001078f95,3,Famous,q,1,0.6516
5a6127f2c0d8360001078f95,3,Famous,q,1,0.7283
5a6127f2c0d8360001078f95,3,Famous,q,1,0.7681
5a6127f2c0d8360001078f95,3,Novel,p,1,0.8563
5a6127f2c0d8360001078f95,3,Famous,p,0,0.7941
5a6127f2c0d8360001078f95,3,Famous,q,1,0.6869
5a6127f2c0d8360001078f95,3,Novel,p,1,0.6732
5a6127f2c0d8360001078f95,3,Famous,p,0,0.6048
5a6127f2c0d8360001078f95,3,Novel,p,1,0.7148
5a6127f2c0d8360001078f95,3,Famous,p,0,0.8119
5a6127f2c0d8360001078f95,3,Famous,q,1,0.6906
5a6127f2c0d8360001078f95,3,Famous,p,0,0.6492
5a6127f2c0d8360001078f95,3,Novel,p,1,0.7226
5a6127f2c0d8360001078f95,3,Famous,q,1,0.6952
5a6127f2c0d8360001078f95,3,Famous,q,1,0.6416
5a6127f2c0d8360001078f95,3,Novel,p,1,0.6438
5a6127f2c0d8360001078f95,3,Novel,p,1,0.7177
5a6127f2c0d8360001078f95,3,Novel,p,1,0.6612
5a6127f2c0d8360001078f95,3,Novel,p,1,0.7017
5a6127f2c0d8360001078f95,3,Novel,p,1,0.7494
5a6127f2c0d8360001078f95,3,Novel,p,1,0.7785
5a6127f2c0d8360001078f95,3,Novel,p,1,0.8414
5a6127f2c0d8360001078f95,3,Famous,q,1,0.6899
5a6127f2c0d8360001078f95,3,Famous,q,1,0.7954
5a6127f2c0d8360001078f95,3,Famous,q,1,0.74
5a6127f2c0d8360001078f95,3,Famous,p,0,0.7272
5a6127f2c0d8360001078f95,3,Famous,q,1,0.7323
5a6127f2c0d8360001078f95,3,Novel,p,1,0.6343
5a6127f2c0d8360001078f95,3,Famous,q,1,0.5577
5a6127f2c0d8360001078f95,3,Novel,q,0,0.8219
5a6127f2c0d8360001078f95,3,Famous,q,1,0.7662
5a6127f2c0d8360001078f95,3,Novel,p,1,0.5255
5a6127f2c0d8360001078f95,3,Famous,p,0,0.5641
5a6127f2c0d8360001078f95,3,Novel,p,1,0.5803
5bb7b83ab791890001f4fd90,1,Famous,q,1,0.7856
5bb7b83ab791890001f4fd90,1,Famous,p,0,0.9802
5bb7b83ab791890001f4fd90,1,Novel,p,1,0.885
5bb7b83ab791890001f4fd90,1,Novel,p,1,0.7874
5bb7b83ab791890001f4fd90,1,Famous,q,1,0.8814
5bb7b83ab791890001f4fd90,1,Famous,p,0,0.8807
5bb7b83ab791890001f4fd90,1,Novel,p,1,0.8837
5bb7b83ab791890001f4fd90,1,Novel,p,1,0.7924
5bb7b83ab791890001f4fd90,1,Novel,p,1,0.6878
5bb7b83ab791890001f4fd90,1,Novel,p,1,0.8827
5bb7b83ab791890001f4fd90,1,Famous,q,1,0.9916
5bb7b83ab791890001f4fd90,1,Famous,p,0,0.7087
5bb7b83ab791890001f4fd90,1,Novel,p,1,0.9935
5bb7b83ab791890001f4fd90,1,Novel,q,0,0.7864
5bb7b83ab791890001f4fd90,1,Famous,p,0,0.8816
5bb7b83ab791890001f4fd90,1,Novel,q,0,0.7791
5bb7b83ab791890001f4fd90,1,Novel,p,1,0.8798
5bb7b83ab791890001f4fd90,1,Novel,p,1,0.6872
5bb7b83ab791890001f4fd90,1,Famous,p,0,0.8852
5bb7b83ab791890001f4fd90,1,Famous,p,0,0.8822
5bb7b83ab791890001f4fd90,1,Famous,p,0,0.8801
5bb7b83ab791890001f4fd90,1,Famous,q,1,0.8063
5bb7b83ab791890001f4fd90,1,Famous,q,1,0.9032
5bb7b83ab791890001f4fd90,1,Famous,p,0,0.8028
5bb7b83ab791890001f4fd90,1,Famous,p,0,0.9004
5bb7b83ab791890001f4fd90,1,Novel,p,1,0.914
5bb7b83ab791890001f4fd90,1,Famous,q,1,0.8148
5bb7b83ab791890001f4fd90,1,Novel,p,1,0.798
5bb7b83ab791890001f4fd90,1,Novel,p,1,0.9028
5bb7b83ab791890001f4fd90,1,Famous,q,1,0.8093
5bb7b83ab791890001f4fd90,1,Famous,p,0,0.8055
5bb7b83ab791890001f4fd90,1,Novel,p,1,0.894
5bb7b83ab791890001f4fd90,1,Novel,q,0,0.7821
5bb7b83ab791890001f4fd90,1,Novel,p,1,0.7838
5bb7b83ab791890001f4fd90,1,Novel,p,1,0.7915
5bb7b83ab791890001f4fd90,1,Famous,q,1,0.9772
5bb7b83ab791890001f4fd90,1,Famous,p,0,0.6932
5bb7b83ab791890001f4fd90,1,Famous,p,0,0.7809
5bb7b83ab791890001f4fd90,1,Novel,p,1,0.8207
5bb7b83ab791890001f4fd90,1,Famous,p,0,0.9935
5bb7b83ab791890001f4fd90,1,Novel,p,1,0.8758
5bb7b83ab791890001f4fd90,1,Famous,p,0,0.8765
5bb7b83ab791890001f4fd90,1,Famous,q,1,0.8899
5bb7b83ab791890001f4fd90,1,Novel,p,1,0.8775
5bb7b83ab791890001f4fd90,1,Novel,p,1,0.7871
5bb7b83ab791890001f4fd90,1,Famous,p,0,0.9771
5bb7b83ab791890001f4fd90,1,Famous,p,0,0.7847
5bb7b83ab791890001f4fd90,1,Novel,p,1,0.9777
5bb7b83ab791890001f4fd90,1,Novel,p,1,0.7842
5bb7b83ab791890001f4fd90,1,Novel,p,1,0.6877
5bb7b83ab791890001f4fd90,1,Famous,p,0,0.8081
5bb7b83ab791890001f4fd90,1,Novel,p,1,0.7152
5bb7b83ab791890001f4fd90,1,Novel,p,1,0.6816
5bb7b83ab791890001f4fd90,1,Famous,q,1,0.7834
5bb7b83ab791890001f4fd90,1,Famous,p,0,0.9793
5bb7b83ab791890001f4fd90,1,Novel,q,0,0.8811
5bb7b83ab791890001f4fd90,2,Famous,q,1,0.797
5bb7b83ab791890001f4fd90,2,Famous,q,1,0.8794
5bb7b83ab791890001f4fd90,2,Famous,q,1,0.8893
5bb7b83ab791890001f4fd90,2,Famous,p,0,0.7872
5bb7b83ab791890001f4fd90,2,Novel,q,0,0.6862
5bb7b83ab791890001f4fd90,2,Famous,q,1,0.6847
5bb7b83ab791890001f4fd90,2,Famous,p,0,0.9809
5bb7b83ab791890001f4fd90,2,Novel,p,1,0.8867
5bb7b83ab791890001f4fd90,2,Famous,q,1,0.8998
5bb7b83ab791890001f4fd90,2,Novel,p,1,0.7043
5bb7b83ab791890001f4fd90,2,Novel,p,1,0.7872
5bb7b83ab791890001f4fd90,2,Novel,p,1,0.7777
5bb7b83ab791890001f4fd90,2,Famous,p,0,0.9815
5bb7b83ab791890001f4fd90,2,Novel,p,1,0.78
5bb7b83ab791890001f4fd90,2,Famous,p,0,0.7836
5bb7b83ab791890001f4fd90,2,Novel,q,0,0.8854
5bb7b83ab791890001f4fd90,2,Novel,p,1,0.7837
5bb7b83ab791890001f4fd90,2,Novel,p,1,0.7923
5bb7b83ab791890001f4fd90,2,Novel,p,1,0.7805
5bb7b83ab791890001f4fd90,2,Famous,q,1,0.7838
5bb7b83ab791890001f4fd90,2,Famous,p,0,0.8005
5bb7b83ab791890001f4fd90,2,Novel,p,1,0.8895
5bb7b83ab791890001f4fd90,2,Famous,q,1,0.6904
5bb7b83ab791890001f4fd90,2,Famous,q,1,0.8857
5bb7b83ab791890001f4fd90,2,Famous,q,1,0.7851
5bb7b83ab791890001f4fd90,2,Novel,p,1,0.8848
5bb7b83ab791890001f4fd90,2,Famous,q,1,0.6867
5bb7b83ab791890001f4fd90,2,Novel,q,0,0.9759
5bb7b83ab791890001f4fd90,2,Novel,p,1,0.9734
5bb7b83ab791890001f4fd90,2,Famous,p,0,0.8813
5bb7b83ab791890001f4fd90,2,Novel,p,1,0.7814
5bb7b83ab791890001f4fd90,2,Famous,q,1,0.6867
5bb7b83ab791890001f4fd90,2,Famous,q,1,0.8833
5bb7b83ab791890001f4fd90,2,Famous,q,1,0.8803
5bb7b83ab791890001f4fd90,2,Novel,p,1,0.7862
5bb7b83ab791890001f4fd90,2,Famous,q,1,0.6876
5bb7b83ab791890001f4fd90,2,Novel,q,0,0.7797
5bb7b83ab791890001f4fd90,2,Famous,q,1,0.7812
5bb7b83ab791890001f4fd90,2,Novel,p,1,0.9705
5bb7b83ab791890001f4fd90,2,Novel,p,1,0.8798
5bb7b83ab791890001f4fd90,2,Famous,p,0,0.8805
5bb7b83ab791890001f4fd90,2,Novel,p,1,0.885
5bb7b83ab791890001f4fd90,2,Novel,p,1,0.7859
5bb7b83ab791890001f4fd90,2,Famous,q,1,0.9746
5bb7b83ab791890001f4fd90,2,Famous,q,1,0.786
5bb7b83ab791890001f4fd90,2,Novel,q,0,0.6887
5bb7b83ab791890001f4fd90,2,Novel,q,0,0.6822
5bb7b83ab791890001f4fd90,2,Novel,p,1,0.9713
5bb7b83ab791890001f4fd90,2,Novel,p,1,0.7831
5bb7b83ab791890001f4fd90,2,Novel,p,1,0.8953
5bb7b83ab791890001f4fd90,2,Famous,q,1,0.8022
5bb7b83ab791890001f4fd90,2,Novel,p,1,0.7845
5bb7b83ab791890001f4fd90,2,Famous,q,1,0.6804
5bb7b83ab791890001f4fd90,2,Famous,q,1,0.7887
5bb7b83ab791890001f4fd90,2,Famous,q,1,0.7807
5bb7b83ab791890001f4fd90,2,Famous,p,0,0.9731
5bb7b83ab791890001f4fd90,2,Novel,p,1,0.8778
5bb7b83ab791890001f4fd90,2,Novel,p,1,0.8829
5bb7b83ab791890001f4fd90,3,Famous,q,1,0.6781
5bb7b83ab791890001f4fd90,3,Novel,p,1,0.7838
5bb7b83ab791890001f4fd90,3,Novel,p,1,0.8847
5bb7b83ab791890001f4fd90,3,Famous,q,1,0.6861
5bb7b83ab791890001f4fd90,3,Novel,q,0,0.8939
5bb7b83ab791890001f4fd90,3,Novel,p,1,0.7843
5bb7b83ab791890001f4fd90,3,Novel,p,1,0.7854
5bb7b83ab791890001f4fd90,3,Novel,p,1,0.7858
5bb7b83ab791890001f4fd90,3,Famous,q,1,0.7757
5bb7b83ab791890001f4fd90,3,Novel,p,1,0.9754
5bb7b83ab791890001f4fd90,3,Famous,q,1,0.6792
5bb7b83ab791890001f4fd90,3,Famous,q,1,0.784
5bb7b83ab791890001f4fd90,3,Novel,p,1,0.8799
5bb7b83ab791890001f4fd90,3,Novel,p,1,0.8786
5bb7b83ab791890001f4fd90,3,Novel,p,1,0.7784
5bb7b83ab791890001f4fd90,3,Novel,q,0,0.6895
5bb7b83ab791890001f4fd90,3,Novel,q,0,0.9024
5bb7b83ab791890001f4fd90,3,Famous,q,1,0.7883
5bb7b83ab791890001f4fd90,3,Famous,q,1,0.6832
5bb7b83ab791890001f4fd90,3,Famous,q,1,0.8813
5bb7b83ab791890001f4fd90,3,Famous,q,1,0.8792
5bb7b83ab791890001f4fd90,3,Novel,q,0,0.8794
5bb7b83ab791890001f4fd90,3,Novel,p,1,0.877
5bb7b83ab791890001f4fd90,3,Famous,p,0,0.8817
5bb7b83ab791890001f4fd90,3,Novel,p,1,0.881
5bb7b83ab791890001f4fd90,3,Famous,q,1,0.6834
5bb7b83ab791890001f4fd90,3,Novel,p,1,0.9805
5bb7b83ab791890001f4fd90,3,Novel,p,1,0.7771
5bb7b83ab791890001f4fd90,3,Famous,q,1,0.689
5bb7b83ab791890001f4fd90,3,Novel,p,1,0.7009
5bb7b83ab791890001f4fd90,3,Famous,q,1,0.7455
5bb7b83ab791890001f4fd90,3,Famous,p,0,1.0016
5bb7b83ab791890001f4fd90,3,Novel,p,1,0.8802
5bb7b83ab791890001f4fd90,3,Novel,p,1,0.981
5bb7b83ab791890001f4fd90,3,Famous,q,1,0.6832
5bb7b83ab791890001f4fd90,3,Famous,q,1,0.7865
5bb7b83ab791890001f4fd90,3,Famous,q,1,0.9717
5bb7b83ab791890001f4fd90,3,Famous,q,1,0.7798
5bb7b83ab791890001f4fd90,3,Famous,p,0,0.8826
5bb7b83ab791890001f4fd90,3,Novel,p,1,0.888
5bb7b83ab791890001f4fd90,3,Famous,q,1,0.7851
5bb7b83ab791890001f4fd90,3,Novel,p,1,0.7833
5bb7b83ab791890001f4fd90,3,Famous,q,1,0.7768
5bb7b83ab791890001f4fd90,3,Novel,p,1,0.8777
5bb7b83ab791890001f4fd90,3,Novel,q,0,0.9235
5bb7b83ab791890001f4fd90,3,Novel,p,1,0.7885
5bb7b83ab791890001f4fd90,3,Novel,p,1,0.8829
5bb7b83ab791890001f4fd90,3,Famous,p,0,0.9818
5bb7b83ab791890001f4fd90,3,Famous,q,1,0.6816
5bb7b83ab791890001f4fd90,3,Famous,q,1,0.8797
5bb7b83ab791890001f4fd90,3,Famous,q,1,0.5955
5bb7b83ab791890001f4fd90,3,Novel,q,0,0.976
5bb7b83ab791890001f4fd90,3,Famous,q,1,0.7822
5bb7b83ab791890001f4fd90,3,Novel,p,1,0.8891
5bb7b83ab791890001f4fd90,3,Famous,q,1,0.6901
5bb7b83ab791890001f4fd90,3,Famous,p,0,0.8832
5bb7b83ab791890001f4fd90,3,Famous,q,1,0.7096
5c97b6a86824aa0016d631ae,1,Famous,q,1,0.827
5c97b6a86824aa0016d631ae,1,Novel,p,1,0.914
5c97b6a86824aa0016d631ae,1,Famous,q,1,0.715
5c97b6a86824aa0016d631ae,1,Famous,q,1,0.787
5c97b6a86824aa0016d631ae,1,Famous,p,0,0.959
5c97b6a86824aa0016d631ae,1,Novel,p,1,0.696
5c97b6a86824aa0016d631ae,1,Famous,q,1,0.734
5c97b6a86824aa0016d631ae,1,Novel,p,1,0.848
5c97b6a86824aa0016d631ae,1,Famous,q,1,0.635
5c97b6a86824aa0016d631ae,1,Famous,q,1,0.622
5c97b6a86824aa0016d631ae,1,Famous,p,0,0.881
5c97b6a86824aa0016d631ae,1,Famous,p,0,0.796
5c97b6a86824aa0016d631ae,1,Novel,p,1,0.846
5c97b6a86824aa0016d631ae,1,Famous,q,1,0.789
5c97b6a86824aa0016d631ae,1,Novel,p,1,0.819
5c97b6a86824aa0016d631ae,1,Famous,q,1,0.684
5c97b6a86824aa0016d631ae,1,Famous,q,1,0.897
5c97b6a86824aa0016d631ae,1,Novel,p,1,0.942
5c97b6a86824aa0016d631ae,1,Novel,p,1,0.821
5c97b6a86824aa0016d631ae,1,Famous,q,1,0.707
5c97b6a86824aa0016d631ae,1,Famous,q,1,0.689
5c97b6a86824aa0016d631ae,1,Famous,q,1,0.639
5c97b6a86824aa0016d631ae,1,Novel,p,1,0.85
5c97b6a86824aa0016d631ae,1,Novel,p,1,0.736
5c97b6a86824aa0016d631ae,1,Novel,p,1,0.791
5c97b6a86824aa0016d631ae,1,Novel,p,1,0.744
5c97b6a86824aa0016d631ae,1,Novel,p,1,1.058
5c97b6a86824aa0016d631ae,1,Novel,p,1,0.763
5c97b6a86824aa0016d631ae,1,Novel,p,1,0.853
5c97b6a86824aa0016d631ae,1,Novel,p,1,0.686
5c97b6a86824aa0016d631ae,1,Famous,q,1,0.877
5c97b6a86824aa0016d631ae,1,Novel,p,1,0.685
5c97b6a86824aa0016d631ae,1,Famous,q,1,0.782
5c97b6a86824aa0016d631ae,1,Novel,p,1,0.694
5c97b6a86824aa0016d631ae,1,Novel,p,1,0.65
5c97b6a86824aa0016d631ae,1,Novel,p,1,0.622
5c97b6a86824aa0016d631ae,1,Famous,q,1,0.799
5c97b6a86824aa0016d631ae,1,Famous,q,1,0.639
5c97b6a86824aa0016d631ae,1,Famous,q,1,0.587
5c97b6a86824aa0016d631ae,1,Famous,q,1,1.017
5c97b6a86824aa0016d631ae,1,Famous,q,1,0.654
5c97b6a86824aa0016d631ae,1,Novel,p,1,0.729
5c97b6a86824aa0016d631ae,1,Novel,p,1,0.652
5c97b6a86824aa0016d631ae,1,Famous,p,0,0.627
5c97b6a86824aa0016d631ae,1,Novel,q,0,0.679
5c97b6a86824aa0016d631ae,1,Famous,p,0,0.841
5c97b6a86824aa0016d631ae,1,Famous,q,1,0.721
5c97b6a86824aa0016d631ae,1,Novel,p,1,0.689
5c97b6a86824aa0016d631ae,1,Famous,q,1,0.964
5c97b6a86824aa0016d631ae,1,Novel,p,1,0.965
5c97b6a86824aa0016d631ae,1,Famous,q,1,0.747
5c97b6a86824aa0016d631ae,1,Novel,p,1,0.801
5c97b6a86824aa0016d631ae,1,Famous,q,1,0.699
5c97b6a86824aa0016d631ae,1,Novel,p,1,0.805
5c97b6a86824aa0016d631ae,1,Famous,q,1,0.666
5c97b6a86824aa0016d631ae,1,Famous,q,1,0.721
5c97b6a86824aa0016d631ae,1,Novel,p,1,0.73
5c97b6a86824aa0016d631ae,2,Novel,p,1,0.721
5c97b6a86824aa0016d631ae,2,Famous,q,1,0.682
5c97b6a86824aa0016d631ae,2,Novel,p,1,0.922
5c97b6a86824aa0016d631ae,2,Novel,p,1,0.628
5c97b6a86824aa0016d631ae,2,Famous,q,1,0.548
5c97b6a86824aa0016d631ae,2,Famous,q,1,0.756
5c97b6a86824aa0016d631ae,2,Famous,q,1,0.631
5c97b6a86824aa0016d631ae,2,Famous,q,1,0.681
5c97b6a86824aa0016d631ae,2,Novel,p,1,0.705
5c97b6a86824aa0016d631ae,2,Famous,q,1,0.603
5c97b6a86824aa0016d631ae,2,Novel,p,1,0.669
5c97b6a86824aa0016d631ae,2,Novel,p,1,0.778
5c97b6a86824aa0016d631ae,2,Novel,p,1,0.658
5c97b6a86824aa0016d631ae,2,Famous,q,1,0.626
5c97b6a86824aa0016d631ae,2,Famous,q,1,0.75
5c97b6a86824aa0016d631ae,2,Famous,q,1,0.913
5c97b6a86824aa0016d631ae,2,Novel,p,1,0.718
5c97b6a86824aa0016d631ae,2,Famous,q,1,0.707
5c97b6a86824aa0016d631ae,2,Famous,q,1,0.827
5c97b6a86824aa0016d631ae,2,Novel,p,1,0.679
5c97b6a86824aa0016d631ae,2,Famous,q,1,0.603
5c97b6a86824aa0016d631ae,2,Novel,p,1,0.66
5c97b6a86824aa0016d631ae,2,Famous,q,1,0.847
5c97b6a86824aa0016d631ae,2,Novel,p,1,0.659
5c97b6a86824aa0016d631ae,2,Novel,p,1,0.664
5c97b6a86824aa0016d631ae,2,Famous,q,1,0.597
5c97b6a86824aa0016d631ae,2,Famous,q,1,0.765
5c97b6a86824aa0016d631ae,2,Famous,q,1,0.653
5c97b6a86824aa0016d631ae,2,Novel,p,1,0.829
5c97b6a86824aa0016d631ae,2,Novel,p,1,0.853
5c97b6a86824aa0016d631ae,2,Famous,q,1,0.595
5c97b6a86824aa0016d631ae,2,Novel,p,1,0.87
5c97b6a86824aa0016d631ae,2,Novel,p,1,0.708
5c97b6a86824aa0016d631ae,2,Novel,p,1,0.738
5c97b6a86824aa0016d631ae,2,Novel,p,1,0.756
5c97b6a86824aa0016d631ae,2,Novel,p,1,0.693
5c97b6a86824aa0016d631ae,2,Novel,p,1,0.671
5c97b6a86824aa0016d631ae,2,Famous,p,0,0.781
5c97b6a86824aa0016d631ae,2,Famous,q,1,0.679
5c97b6a86824aa0016d631ae,2,Novel,p,1,0.708
5c97b6a86824aa0016d631ae,2,Famous,q,1,0.782
5c97b6a86824aa0016d631ae,2,Famous,q,1,0.805
5c97b6a86824aa0016d631ae,2,Novel,p,1,0.863
5c97b6a86824aa0016d631ae,2,Famous,q,1,0.909
5c97b6a86824aa0016d631ae,2,Famous,q,1,0.671
5c97b6a86824aa0016d631ae,2,Famous,q,1,0.628
5c97b6a86824aa0016d631ae,2,Novel,p,1,0.686
5c97b6a86824aa0016d631ae,2,Novel,p,1,0.909
5c97b6a86824aa0016d631ae,2,Novel,p,1,0.792
5c97b6a86824aa0016d631ae,2,Famous,q,1,0.723
5c97b6a86824aa0016d631ae,2,Famous,q,1,0.853
5c97b6a86824aa0016d631ae,2,Novel,p,1,0.723
5c97b6a86824aa0016d631ae,2,Famous,q,1,0.731
5c97b6a86824aa0016d631ae,2,Famous,q,1,0.643
5c97b6a86824aa0016d631ae,2,Famous,q,1,0.653
5c97b6a86824aa0016d631ae,2,Novel,p,1,0.859
5c97b6a86824aa0016d631ae,2,Novel,p,1,0.754
5c97b6a86824aa0016d631ae,2,Novel,p,1,0.739
5c97b6a86824aa0016d631ae,2,Novel,p,1,0.712
5c97b6a86824aa0016d631ae,3,Novel,p,1,0.763
5c97b6a86824aa0016d631ae,3,Novel,p,1,0.864
5c97b6a86824aa0016d631ae,3,Famous,q,1,0.55
5c97b6a86824aa0016d631ae,3,Novel,p,1,0.643
5c97b6a86824aa0016d631ae,3,Novel,p,1,0.664
5c97b6a86824aa0016d631ae,3,Novel,p,1,0.738
5c97b6a86824aa0016d631ae,3,Novel,p,1,0.671
5c97b6a86824aa0016d631ae,3,Famous,q,1,0.754
5c97b6a86824aa0016d631ae,3,Novel,p,1,0.929
5c97b6a86824aa0016d631ae,3,Novel,p,1,0.772
5c97b6a86824aa0016d631ae,3,Famous,q,1,0.861
5c97b6a86824aa0016d631ae,3,Famous,q,1,0.618
5c97b6a86824aa0016d631ae,3,Novel,p,1,0.676
5c97b6a86824aa0016d631ae,3,Famous,q,1,0.62
5c97b6a86824aa0016d631ae,3,Novel,p,1,0.737
5c97b6a86824aa0016d631ae,3,Novel,p,1,0.769
5c97b6a86824aa0016d631ae,3,Famous,q,1,0.595
5c97b6a86824aa0016d631ae,3,Famous,q,1,0.86
5c97b6a86824aa0016d631ae,3,Novel,p,1,0.816
5c97b6a86824aa0016d631ae,3,Famous,q,1,0.697
5c97b6a86824aa0016d631ae,3,Novel,q,0,0.863
5c97b6a86824aa0016d631ae,3,Famous,q,1,0.995
5c97b6a86824aa0016d631ae,3,Famous,q,1,0.746
5c97b6a86824aa0016d631ae,3,Novel,p,1,0.916
5c97b6a86824aa0016d631ae,3,Novel,p,1,0.812
5c97b6a86824aa0016d631ae,3,Famous,q,1,0.614
5c97b6a86824aa0016d631ae,3,Famous,p,0,0.796
5c97b6a86824aa0016d631ae,3,Famous,q,1,0.795
5c97b6a86824aa0016d631ae,3,Famous,q,1,0.647
5c97b6a86824aa0016d631ae,3,Novel,p,1,0.864
5c97b6a86824aa0016d631ae,3,Famous,q,1,0.685
5c97b6a86824aa0016d631ae,3,Famous,q,1,0.55
5c97b6a86824aa0016d631ae,3,Famous,q,1,0.69
5c97b6a86824aa0016d631ae,3,Famous,q,1,0.75
5c97b6a86824aa0016d631ae,3,Famous,q,1,0.998
5c97b6a86824aa0016d631ae,3,Novel,p,1,0.829
5c97b6a86824aa0016d631ae,3,Novel,p,1,0.7
5c97b6a86824aa0016d631ae,3,Famous,q,1,0.71
5c97b6a86824aa0016d631ae,3,Novel,p,1,0.732
5c97b6a86824aa0016d631ae,3,Famous,q,1,0.861
5c97b6a86824aa0016d631ae,3,Famous,q,1,0.715
5c97b6a86824aa0016d631ae,3,Famous,q,1,0.675
5c97b6a86824aa0016d631ae,3,Novel,p,1,0.745
5c97b6a86824aa0016d631ae,3,Famous,q,1,0.7
5c97b6a86824aa0016d631ae,3,Famous,q,1,0.667
5c97b6a86824aa0016d631ae,3,Novel,q,0,0.817
5c97b6a86824aa0016d631ae,3,Novel,q,0,0.723
5c97b6a86824aa0016d631ae,3,Novel,q,0,0.722
5c97b6a86824aa0016d631ae,3,Famous,p,0,0.83
5c97b6a86824aa0016d631ae,3,Novel,p,1,0.946
5c97b6a86824aa0016d631ae,3,Novel,p,1,0.722
5c97b6a86824aa0016d631ae,3,Novel,p,1,0.872
5c97b6a86824aa0016d631ae,3,Novel,p,1,0.969
5c97b6a86824aa0016d631ae,3,Famous,q,1,0.747
5c97b6a86824aa0016d631ae,3,Famous,q,1,0.967
5c97b6a86824aa0016d631ae,3,Novel,p,1,0.765
5c97b6a86824aa0016d631ae,3,Novel,p,1,0.829
5c97b6a86824aa0016d631ae,3,Famous,q,1,0.669
5c97b6a86824aa0016d631ae,3,Novel,p,1,0.631
5cae3e6a47494e0018328cbb,1,Novel,p,1,0.6307
5cae3e6a47494e0018328cbb,1,Famous,q,1,0.6853
5cae3e6a47494e0018328cbb,1,Novel,p,1,0.833
5cae3e6a47494e0018328cbb,1,Novel,p,1,0.6429
5cae3e6a47494e0018328cbb,1,Novel,q,0,0.9066
5cae3e6a47494e0018328cbb,1,Novel,p,1,0.7535
5cae3e6a47494e0018328cbb,1,Novel,p,1,0.8437
5cae3e6a47494e0018328cbb,1,Famous,q,1,0.8039
5cae3e6a47494e0018328cbb,1,Novel,p,1,0.8181
5cae3e6a47494e0018328cbb,1,Novel,p,1,0.6584
5cae3e6a47494e0018328cbb,1,Novel,p,1,0.5579
5cae3e6a47494e0018328cbb,1,Novel,p,1,0.7359
5cae3e6a47494e0018328cbb,1,Famous,q,1,0.6748
5cae3e6a47494e0018328cbb,1,Famous,q,1,0.7868
5cae3e6a47494e0018328cbb,1,Famous,q,1,0.8019
5cae3e6a47494e0018328cbb,1,Novel,p,1,0.6498
5cae3e6a47494e0018328cbb,1,Novel,p,1,0.5701
5cae3e6a47494e0018328cbb,1,Novel,p,1,0.6068
5cae3e6a47494e0018328cbb,1,Novel,q,0,0.9183
5cae3e6a47494e0018328cbb,1,Famous,q,1,1.0244
5cae3e6a47494e0018328cbb,1,Famous,q,1,0.8935
5cae3e6a47494e0018328cbb,1,Famous,p,0,0.7358
5cae3e6a47494e0018328cbb,1,Famous,q,1,0.9519
5cae3e6a47494e0018328cbb,1,Novel,p,1,0.6024
5cae3e6a47494e0018328cbb,1,Novel,p,1,0.7369
5cae3e6a47494e0018328cbb,1,Famous,q,1,0.6585
5cae3e6a47494e0018328cbb,1,Novel,p,1,0.5942
5cae3e6a47494e0018328cbb,1,Famous,p,0,0.7375
5cae3e6a47494e0018328cbb,1,Novel,p,1,0.5708
5cae3e6a47494e0018328cbb,1,Famous,p,0,1.0008
5cae3e6a47494e0018328cbb,1,Novel,p,1,0.7559
5cae3e6a47494e0018328cbb,1,Novel,p,1,0.7529
5cae3e6a47494e0018328cbb,1,Famous,q,1,0.5423
5cae3e6a47494e0018328cbb,1,Famous,q,1,0.6314
5cae3e6a47494e0018328cbb,1,Novel,p,1,0.5594
5cae3e6a47494e0018328cbb,1,Famous,q,1,0.6167
5cae3e6a47494e0018328cbb,1,Novel,p,1,0.623
5cae3e6a47494e0018328cbb,1,Famous,p,0,0.6048
5cae3e6a47494e0018328cbb,1,Famous,p,0,0.617
5cae3e6a47494e0018328cbb,1,Famous,q,1,0.7319
5cae3e6a47494e0018328cbb,1,Famous,p,0,0.765
5cae3e6a47494e0018328cbb,1,Famous,p,0,0.716
5cae3e6a47494e0018328cbb,1,Famous,q,1,0.6035
5cae3e6a47494e0018328cbb,1,Famous,p,0,0.6905
5cae3e6a47494e0018328cbb,1,Novel,p,1,0.6476
5cae3e6a47494e0018328cbb,1,Novel,p,1,0.6708
5cae3e6a47494e0018328cbb,1,Famous,p,0,0.5347
5cae3e6a47494e0018328cbb,1,Famous,p,0,0.5098
5cae3e6a47494e0018328cbb,1,Novel,p,1,0.5042
5cae3e6a47494e0018328cbb,1,Novel,p,1,0.4953
5cae3e6a47494e0018328cbb,1,Famous,p,0,0.5373
5cae3e6a47494e0018328cbb,1,Famous,p,0,1.018
5cae3e6a47494e0018328cbb,1,Novel,p,1,0.5704
5cae3e6a47494e0018328cbb,1,Famous,p,0,0.5022
5cae3e6a47494e0018328cbb,1,Novel,p,1,0.5108
5cae3e6a47494e0018328cbb,1,Famous,p,0,0.4907
5cae3e6a47494e0018328cbb,1,Novel,p,1,0.5626
5cae3e6a47494e0018328cbb,2,Novel,p,1,0.597
5cae3e6a47494e0018328cbb,2,Novel,p,1,0.7783
5cae3e6a47494e0018328cbb,2,Novel,p,1,0.6234
5cae3e6a47494e0018328cbb,2,Novel,p,1,0.4945
5cae3e6a47494e0018328cbb,2,Novel,p,1,0.5361
5cae3e6a47494e0018328cbb,2,Novel,p,1,0.6965
5cae3e6a47494e0018328cbb,2,Famous,q,1,0.5409
5cae3e6a47494e0018328cbb,2,Famous,q,1,0.8535
5cae3e6a47494e0018328cbb,2,Novel,p,1,0.5907
5cae3e6a47494e0018328cbb,2,Famous,q,1,0.6026
5cae3e6a47494e0018328cbb,2,Novel,p,1,0.5196
5cae3e6a47494e0018328cbb,2,Famous,p,0,0.5385
5cae3e6a47494e0018328cbb,2,Famous,q,1,0.6354
5cae3e6a47494e0018328cbb,2,Famous,p,0,0.6535
5cae3e6a47494e0018328cbb,2,Novel,p,1,0.6836
5cae3e6a47494e0018328cbb,2,Novel,p,1,0.5085
5cae3e6a47494e0018328cbb,2,Famous,q,1,0.726
5cae3e6a47494e0018328cbb,2,Famous,q,1,0.6046
5cae3e6a47494e0018328cbb,2,Novel,p,1,0.4934
5cae3e6a47494e0018328cbb,2,Novel,p,1,0.4676
5cae3e6a47494e0018328cbb,2,Famous,p,0,0.4738
5cae3e6a47494e0018328cbb,2,Novel,p,1,0.5227
5cae3e6a47494e0018328cbb,2,Novel,p,1,0.6566
5cae3e6a47494e0018328cbb,2,Novel,p,1,0.5545
5cae3e6a47494e0018328cbb,2,Novel,p,1,0.4831
5cae3e6a47494e0018328cbb,2,Novel,p,1,0.5214
5cae3e6a47494e0018328cbb,2,Famous,p,0,0.5388
5cae3e6a47494e0018328cbb,2,Famous,q,1,0.908
5cae3e6a47494e0018328cbb,2,Famous,q,1,0.5908
5cae3e6a47494e0018328cbb,2,Novel,p,1,0.5804
5cae3e6a47494e0018328cbb,2,Novel,p,1,0.7858
5cae3e6a47494e0018328cbb,2,Novel,p,1,0.5543
5cae3e6a47494e0018328cbb,2,Famous,q,1,0.5697
5cae3e6a47494e0018328cbb,2,Famous,q,1,0.607
5cae3e6a47494e0018328cbb,2,Famous,p,0,0.4997
5cae3e6a47494e0018328cbb,2,Famous,q,1,0.8523
5cae3e6a47494e0018328cbb,2,Novel,p,1,0.5545
5cae3e6a47494e0018328cbb,2,Famous,q,1,0.6036
5cae3e6a47494e0018328cbb,2,Famous,p,0,0.6346
5cae3e6a47494e0018328cbb,2,Novel,p,1,0.6546
5cae3e6a47494e0018328cbb,2,Famous,q,1,0.705
5cae3e6a47494e0018328cbb,2,Famous,p,0,0.6974
5cae3e6a47494e0018328cbb,2,Novel,p,1,0.6802
5cae3e6a47494e0018328cbb,2,Famous,q,1,0.6214
5cae3e6a47494e0018328cbb,2,Famous,q,1,0.6735
5cae3e6a47494e0018328cbb,2,Novel,p,1,0.7174
5cae3e6a47494e0018328cbb,2,Novel,p,1,0.6713
5cae3e6a47494e0018328cbb,2,Novel,p,1,0.6758
5cae3e6a47494e0018328cbb,2,Famous,q,1,0.5956
5cae3e6a47494e0018328cbb,2,Novel,p,1,0.5926
5cae3e6a47494e0018328cbb,2,Novel,p,1,0.6476
5cae3e6a47494e0018328cbb,2,Novel,p,1,0.7189
5cae3e6a47494e0018328cbb,2,Famous,p,0,1.0006
5cae3e6a47494e0018328cbb,2,Famous,q,1,0.807
5cae3e6a47494e0018328cbb,2,Famous,p,0,0.8852
5cae3e6a47494e0018328cbb,2,Novel,p,1,0.6326
5cae3e6a47494e0018328cbb,2,Famous,q,1,1.0352
5cae3e6a47494e0018328cbb,2,Famous,p,0,0.6039
5cae3e6a47494e0018328cbb,2,Famous,p,0,0.8372
5cae3e6a47494e0018328cbb,3,Novel,p,1,0.7326
5cae3e6a47494e0018328cbb,3,Novel,p,1,0.7739
5cae3e6a47494e0018328cbb,3,Famous,q,1,0.5857
5cae3e6a47494e0018328cbb,3,Novel,p,1,0.5831
5cae3e6a47494e0018328cbb,3,Novel,p,1,0.5669
5cae3e6a47494e0018328cbb,3,Famous,q,1,0.6502
5cae3e6a47494e0018328cbb,3,Novel,p,1,0.4907
5cae3e6a47494e0018328cbb,3,Famous,q,1,0.493
5cae3e6a47494e0018328cbb,3,Famous,p,0,0.5877
5cae3e6a47494e0018328cbb,3,Famous,q,1,0.7177
5cae3e6a47494e0018328cbb,3,Novel,p,1,0.5845
5cae3e6a47494e0018328cbb,3,Famous,q,1,0.5693
5cae3e6a47494e0018328cbb,3,Famous,q,1,0.6198
5cae3e6a47494e0018328cbb,3,Famous,q,1,0.6387
5cae3e6a47494e0018328cbb,3,Novel,p,1,0.6209
5cae3e6a47494e0018328cbb,3,Famous,q,1,0.5305
5cae3e6a47494e0018328cbb,3,Novel,p,1,0.5371
5cae3e6a47494e0018328cbb,3,Novel,p,1,0.6035
5cae3e6a47494e0018328cbb,3,Famous,p,0,0.4708
5cae3e6a47494e0018328cbb,3,Novel,p,1,0.5826
5cae3e6a47494e0018328cbb,3,Novel,p,1,0.7123
5cae3e6a47494e0018328cbb,3,Novel,p,1,0.4908
5cae3e6a47494e0018328cbb,3,Novel,p,1,0.4742
5cae3e6a47494e0018328cbb,3,Novel,p,1,0.447
5cae3e6a47494e0018328cbb,3,Novel,p,1,0.4869
5cae3e6a47494e0018328cbb,3,Novel,p,1,0.5343
5cae3e6a47494e0018328cbb,3,Famous,q,1,0.602
5cae3e6a47494e0018328cbb,3,Famous,q,1,0.8268
5cae3e6a47494e0018328cbb,3,Novel,p,1,0.6337
5cae3e6a47494e0018328cbb,3,Novel,p,1,0.5636
5cae3e6a47494e0018328cbb,3,Novel,p,1,0.9304
5cae3e6a47494e0018328cbb,3,Famous,q,1,0.6787
5cae3e6a47494e0018328cbb,3,Famous,p,0,0.7189
5cae3e6a47494e0018328cbb,3,Famous,p,0,0.5375
5cae3e6a47494e0018328cbb,3,Novel,p,1,0.5352
5cae3e6a47494e0018328cbb,3,Famous,q,1,0.6415
5cae3e6a47494e0018328cbb,3,Famous,p,0,0.6872
5cae3e6a47494e0018328cbb,3,Famous,q,1,0.8418
5cae3e6a47494e0018328cbb,3,Novel,p,1,0.5858
5cae3e6a47494e0018328cbb,3,Novel,p,1,0.7439
5cae3e6a47494e0018328cbb,3,Novel,p,1,0.6212
5cae3e6a47494e0018328cbb,3,Novel,p,1,0.7046
5cae3e6a47494e0018328cbb,3,Famous,p,0,0.8027
5cae3e6a47494e0018328cbb,3,Famous,q,1,0.5865
5cae3e6a47494e0018328cbb,3,Famous,q,1,0.797
5cae3e6a47494e0018328cbb,3,Famous,p,0,0.5182
5cae3e6a47494e0018328cbb,3,Famous,p,0,0.5369
5cae3e6a47494e0018328cbb,3,Novel,p,1,0.7976
5cae3e6a47494e0018328cbb,3,Famous,q,1,0.9989
5cae3e6a47494e0018328cbb,3,Novel,p,1,0.5678
5cae3e6a47494e0018328cbb,3,Famous,p,0,0.82
5cae3e6a47494e0018328cbb,3,Novel,p,1,0.4839
5cae3e6a47494e0018328cbb,3,Famous,q,1,0.9529
5cae3e6a47494e0018328cbb,3,Famous,p,0,0.6318
5cae3e6a47494e0018328cbb,3,Novel,p,1,0.6502
5cae3e6a47494e0018328cbb,3,Novel,p,1,0.7361
5cae3e6a47494e0018328cbb,3,Famous,q,1,0.7028
5cae3e6a47494e0018328cbb,3,Novel,p,1,0.6664
5cae3e6a47494e0018328cbb,3,Famous,q,1,0.7098
5cae3e6a47494e0018328cbb,3,Famous,q,1,0.6107
5d171334b49a4a0001e8aca4,1,Famous,q,1,0.7649
5d171334b49a4a0001e8aca4,1,Famous,p,0,0.7724
5d171334b49a4a0001e8aca4,1,Novel,p,1,0.8818
5d171334b49a4a0001e8aca4,1,Famous,q,1,0.7276
5d171334b49a4a0001e8aca4,1,Novel,p,1,0.7906
5d171334b49a4a0001e8aca4,1,Famous,p,0,0.6725
5d171334b49a4a0001e8aca4,1,Novel,p,1,0.8054
5d171334b49a4a0001e8aca4,1,Famous,q,1,0.7962
5d171334b49a4a0001e8aca4,1,Novel,q,0,0.8321
5d171334b49a4a0001e8aca4,1,Novel,p,1,0.7083
5d171334b49a4a0001e8aca4,1,Famous,p,0,0.7775
5d171334b49a4a0001e8aca4,1,Novel,p,1,0.7129
5d171334b49a4a0001e8aca4,1,Novel,p,1,0.7101
5d171334b49a4a0001e8aca4,1,Famous,q,1,0.562
5d171334b49a4a0001e8aca4,1,Famous,q,1,0.7073
5d171334b49a4a0001e8aca4,1,Famous,q,1,0.9061
5d171334b49a4a0001e8aca4,1,Novel,p,1,0.6893
5d171334b49a4a0001e8aca4,1,Famous,q,1,0.6991
5d171334b49a4a0001e8aca4,1,Novel,p,1,0.6893
5d171334b49a4a0001e8aca4,1,Novel,p,1,0.6096
5d171334b49a4a0001e8aca4,1,Novel,p,1,0.6808
5d171334b49a4a0001e8aca4,1,Novel,p,1,0.6941
5d171334b49a4a0001e8aca4,1,Novel,p,1,0.6957
5d171334b49a4a0001e8aca4,1,Novel,p,1,0.7392
5d171334b49a4a0001e8aca4,1,Famous,q,1,0.6557
5d171334b49a4a0001e8aca4,1,Novel,p,1,0.7229
5d171334b49a4a0001e8aca4,1,Novel,p,1,0.8761
5d171334b49a4a0001e8aca4,1,Novel,p,1,0.8726
5d171334b49a4a0001e8aca4,1,Famous,q,1,0.5893
5d171334b49a4a0001e8aca4,1,Novel,p,1,0.8796
5d171334b49a4a0001e8aca4,1,Novel,p,1,0.6557
5d171334b49a4a0001e8aca4,1,Novel,p,1,0.6396
5d171334b49a4a0001e8aca4,1,Novel,p,1,0.7894
5d171334b49a4a0001e8aca4,1,Famous,q,1,0.6823
5d171334b49a4a0001e8aca4,1,Novel,p,1,0.86
5d171334b49a4a0001e8aca4,1,Novel,p,1,0.8631
5d171334b49a4a0001e8aca4,1,Novel,p,1,0.6961
5d171334b49a4a0001e8aca4,1,Famous,q,1,0.6233
5d171334b49a4a0001e8aca4,1,Famous,p,0,0.7145
5d171334b49a4a0001e8aca4,1,Famous,q,1,0.8057
5d171334b49a4a0001e8aca4,1,Famous,q,1,0.8889
5d171334b49a4a0001e8aca4,1,Famous,q,1,0.8335
5d171334b49a4a0001e8aca4,1,Famous,p,0,0.96
5d171334b49a4a0001e8aca4,1,Novel,p,1,0.7473
5d171334b49a4a0001e8aca4,1,Novel,p,1,0.6679
5d171334b49a4a0001e8aca4,1,Novel,p,1,0.6531
5d171334b49a4a0001e8aca4,1,Famous,q,1,0.5925
5d171334b49a4a0001e8aca4,1,Famous,q,1,0.5887
5d171334b49a4a0001e8aca4,1,Famous,q,1,0.5601
5d171334b49a4a0001e8aca4,1,Famous,p,0,0.9617
5d171334b49a4a0001e8aca4,1,Famous,q,1,0.6559
5d171334b49a4a0001e8aca4,1,Famous,q,1,0.5784
5d171334b49a4a0001e8aca4,1,Famous,q,1,0.6394
5d171334b49a4a0001e8aca4,1,Famous,q,1,0.7441
5d171334b49a4a0001e8aca4,1,Novel,p,1,0.8453
5d171334b49a4a0001e8aca4,1,Famous,q,1,0.6463
5d171334b49a4a0001e8aca4,1,Famous,q,1,0.694
5d171334b49a4a0001e8aca4,1,Novel,p,1,0.6313
5d171334b49a4a0001e8aca4,2,Famous,q,1,0.5053
5d171334b49a4a0001e8aca4,2,Novel,q,0,0.6059
5d171334b49a4a0001e8aca4,2,Famous,q,1,0.6955
5d171334b49a4a0001e8aca4,2,Novel,p,1,0.6402
5d171334b49a4a0001e8aca4,2,Novel,p,1,0.7998
5d171334b49a4a0001e8aca4,2,Famous,q,1,0.7573
5d171334b49a4a0001e8aca4,2,Famous,q,1,0.6246
5d171334b49a4a0001e8aca4,2,Famous,q,1,0.639
5d171334b49a4a0001e8aca4,2,Famous,q,1,0.6891
5d171334b49a4a0001e8aca4,2,Famous,q,1,0.6117
5d171334b49a4a0001e8aca4,2,Famous,q,1,0.5413
5d171334b49a4a0001e8aca4,2,Novel,p,1,0.674
5d171334b49a4a0001e8aca4,2,Novel,q,0,0.7668
5d171334b49a4a0001e8aca4,2,Famous,q,1,0.5636
5d171334b49a4a0001e8aca4,2,Famous,q,1,0.6068
5d171334b49a4a0001e8aca4,2,Novel,p,1,0.6497
5d171334b49a4a0001e8aca4,2,Novel,p,1,0.6554
5d171334b49a4a0001e8aca4,2,Novel,p,1,0.7119
5d171334b49a4a0001e8aca4,2,Famous,q,1,0.7638
5d171334b49a4a0001e8aca4,2,Famous,q,1,0.6967
5d171334b49a4a0001e8aca4,2,Novel,p,1,0.7228
5d171334b49a4a0001e8aca4,2,Novel,p,1,0.8763
5d171334b49a4a0001e8aca4,2,Famous,p,0,0.8226
5d171334b49a4a0001e8aca4,2,Novel,p,1,0.7605
5d171334b49a4a0001e8aca4,2,Novel,p,1,0.791
5d171334b49a4a0001e8aca4,2,Novel,p,1,0.7411
5d171334b49a4a0001e8aca4,2,Famous,q,1,0.7476
5d171334b49a4a0001e8aca4,2,Famous,q,1,0.6056
5d171334b49a4a0001e8aca4,2,Novel,p,1,0.7079
5d171334b49a4a0001e8aca4,2,Novel,p,1,0.891
5d171334b49a4a0001e8aca4,2,Novel,p,1,0.8393
5d171334b49a4a0001e8aca4,2,Novel,p,1,0.6728
5d171334b49a4a0001e8aca4,2,Novel,p,1,0.6228
5d171334b49a4a0001e8aca4,2,Novel,p,1,0.6311
5d171334b49a4a0001e8aca4,2,Famous,q,1,0.7269
5d171334b49a4a0001e8aca4,2,Novel,p,1,0.7809
5d171334b49a4a0001e8aca4,2,Novel,p,1,0.7394
5d171334b49a4a0001e8aca4,2,Famous,q,1,0.5476
5d171334b49a4a0001e8aca4,2,Famous,q,1,0.6744
5d171334b49a4a0001e8aca4,2,Novel,p,1,0.7904
5d171334b49a4a0001e8aca4,2,Famous,q,1,0.6176
5d171334b49a4a0001e8aca4,2,Novel,p,1,1.0558
5d171334b49a4a0001e8aca4,2,Novel,p,1,0.7242
5d171334b49a4a0001e8aca4,2,Novel,p,1,0.61
5d171334b49a4a0001e8aca4,2,Novel,p,1,0.723
5d171334b49a4a0001e8aca4,2,Famous,q,1,0.5716
5d171334b49a4a0001e8aca4,2,Famous,q,1,0.5114
5d171334b49a4a0001e8aca4,2,Novel,p,1,0.6223
5d171334b49a4a0001e8aca4,2,Famous,p,0,0.6727
5d171334b49a4a0001e8aca4,2,Famous,q,1,0.8715
5d171334b49a4a0001e8aca4,2,Novel,p,1,0.5813
5d171334b49a4a0001e8aca4,2,Famous,q,1,0.6627
5d171334b49a4a0001e8aca4,2,Famous,q,1,0.6449
5d171334b49a4a0001e8aca4,2,Famous,q,1,0.833
5d171334b49a4a0001e8aca4,2,Novel,p,1,0.7389
5d171334b49a4a0001e8aca4,2,Novel,p,1,0.7392
5d171334b49a4a0001e8aca4,2,Famous,q,1,0.6398
5d171334b49a4a0001e8aca4,2,Famous,q,1,0.7141
5d171334b49a4a0001e8aca4,2,Famous,q,1,0.658
5d171334b49a4a0001e8aca4,3,Famous,q,1,0.6557
5d171334b49a4a0001e8aca4,3,Novel,p,1,0.8554
5d171334b49a4a0001e8aca4,3,Novel,p,1,0.7573
5d171334b49a4a0001e8aca4,3,Famous,q,1,0.6158
5d171334b49a4a0001e8aca4,3,Novel,p,1,0.8074
5d171334b49a4a0001e8aca4,3,Famous,q,1,0.6008
5d171334b49a4a0001e8aca4,3,Famous,q,1,0.5225
5d171334b49a4a0001e8aca4,3,Famous,q,1,0.5651
5d171334b49a4a0001e8aca4,3,Novel,p,1,0.6284
5d171334b49a4a0001e8aca4,3,Famous,q,1,0.7058
5d171334b49a4a0001e8aca4,3,Famous,q,1,0.5402
5d171334b49a4a0001e8aca4,3,Famous,q,1,0.5421
5d171334b49a4a0001e8aca4,3,Novel,p,1,0.6309
5d171334b49a4a0001e8aca4,3,Famous,q,1,0.8724
5d171334b49a4a0001e8aca4,3,Novel,q,0,0.5336
5d171334b49a4a0001e8aca4,3,Novel,p,1,0.7837
5d171334b49a4a0001e8aca4,3,Novel,p,1,0.6891
5d171334b49a4a0001e8aca4,3,Novel,p,1,0.6951
5d171334b49a4a0001e8aca4,3,Novel,p,1,0.7582
5d171334b49a4a0001e8aca4,3,Famous,q,1,0.6615
5d171334b49a4a0001e8aca4,3,Novel,p,1,0.7796
5d171334b49a4a0001e8aca4,3,Famous,q,1,0.8257
5d171334b49a4a0001e8aca4,3,Famous,q,1,0.6763
5d171334b49a4a0001e8aca4,3,Famous,p,0,0.8505
5d171334b49a4a0001e8aca4,3,Famous,q,1,0.8212
5d171334b49a4a0001e8aca4,3,Famous,q,1,0.606
5d171334b49a4a0001e8aca4,3,Novel,p,1,0.8808
5d171334b49a4a0001e8aca4,3,Novel,p,1,0.7125
5d171334b49a4a0001e8aca4,3,Famous,p,0,0.8496
5d171334b49a4a0001e8aca4,3,Famous,q,1,0.5754
5d171334b49a4a0001e8aca4,3,Famous,q,1,0.5562
5d171334b49a4a0001e8aca4,3,Novel,p,1,0.5737
5d171334b49a4a0001e8aca4,3,Famous,p,0,0.6648
5d171334b49a4a0001e8aca4,3,Novel,p,1,0.6991
5d171334b49a4a0001e8aca4,3,Novel,p,1,0.7101
5d171334b49a4a0001e8aca4,3,Novel,p,1,0.7715
5d171334b49a4a0001e8aca4,3,Novel,p,1,0.7233
5d171334b49a4a0001e8aca4,3,Famous,p,0,0.6646
5d171334b49a4a0001e8aca4,3,Famous,q,1,0.9084
5d171334b49a4a0001e8aca4,3,Famous,q,1,0.7059
5d171334b49a4a0001e8aca4,3,Famous,q,1,0.5257
5d171334b49a4a0001e8aca4,3,Novel,p,1,0.7218
5d171334b49a4a0001e8aca4,3,Novel,p,1,0.6761
5d171334b49a4a0001e8aca4,3,Famous,p,0,1.0557
5d171334b49a4a0001e8aca4,3,Novel,p,1,0.6179
5d171334b49a4a0001e8aca4,3,Famous,q,1,0.7912
5d171334b49a4a0001e8aca4,3,Novel,p,1,0.7009
5d171334b49a4a0001e8aca4,3,Famous,q,1,0.5875
5d171334b49a4a0001e8aca4,3,Famous,q,1,0.6758
5d171334b49a4a0001e8aca4,3,Novel,p,1,0.7155
5d171334b49a4a0001e8aca4,3,Novel,p,1,0.6566
5d171334b49a4a0001e8aca4,3,Famous,p,0,0.6722
5d171334b49a4a0001e8aca4,3,Novel,p,1,0.7656
5d171334b49a4a0001e8aca4,3,Novel,p,1,0.7666
5d171334b49a4a0001e8aca4,3,Novel,p,1,0.641
5d171334b49a4a0001e8aca4,3,Novel,p,1,0.6219
5d171334b49a4a0001e8aca4,3,Famous,q,1,0.5904
5d171334b49a4a0001e8aca4,3,Novel,p,1,0.6663
5d171334b49a4a0001e8aca4,3,Famous,q,1,0.5435
5d171334b49a4a0001e8aca4,3,Novel,p,1,0.6569
5d544c49318f5300168b8f04,1,Novel,p,1,0.7861
5d544c49318f5300168b8f04,1,Famous,q,1,0.5821
5d544c49318f5300168b8f04,1,Famous,q,1,0.6216
5d544c49318f5300168b8f04,1,Novel,p,1,0.666
5d544c49318f5300168b8f04,1,Novel,p,1,0.7149
5d544c49318f5300168b8f04,1,Famous,q,1,0.7397
5d544c49318f5300168b8f04,1,Novel,p,1,0.7582
5d544c49318f5300168b8f04,1,Famous,q,1,0.691
5d544c49318f5300168b8f04,1,Famous,q,1,0.7852
5d544c49318f5300168b8f04,1,Famous,q,1,0.852
5d544c49318f5300168b8f04,1,Famous,q,1,0.8395
5d544c49318f5300168b8f04,1,Novel,p,1,0.7863
5d544c49318f5300168b8f04,1,Famous,p,0,1.0295
5d544c49318f5300168b8f04,1,Novel,q,0,1.0192
5d544c49318f5300168b8f04,1,Famous,q,1,0.6011
5d544c49318f5300168b8f04,1,Famous,q,1,0.9861
5d544c49318f5300168b8f04,1,Novel,p,1,0.903
5d544c49318f5300168b8f04,1,Novel,p,1,0.9101
5d544c49318f5300168b8f04,1,Novel,p,1,0.8472
5d544c49318f5300168b8f04,1,Famous,q,1,0.6674
5d544c49318f5300168b8f04,1,Famous,q,1,0.6598
5d544c49318f5300168b8f04,1,Novel,p,1,0.9205
5d544c49318f5300168b8f04,1,Famous,q,1,0.9661
5d544c49318f5300168b8f04,1,Novel,p,1,0.8645
5d544c49318f5300168b8f04,1,Novel,p,1,0.9853
5d544c49318f5300168b8f04,1,Novel,p,1,1.0834
5d544c49318f5300168b8f04,1,Famous,q,1,0.6206
5d544c49318f5300168b8f04,1,Novel,p,1,0.806
5d544c49318f5300168b8f04,1,Famous,p,0,0.7882
5d544c49318f5300168b8f04,1,Novel,p,1,0.755
5d544c49318f5300168b8f04,1,Famous,q,1,0.5742
5d544c49318f5300168b8f04,1,Novel,p,1,0.9677
5d544c49318f5300168b8f04,1,Novel,p,1,0.906
5d544c49318f5300168b8f04,1,Famous,q,1,0.9412
5d544c49318f5300168b8f04,1,Novel,p,1,0.8184
5d544c49318f5300168b8f04,1,Novel,p,1,0.8692
5d544c49318f5300168b8f04,1,Novel,p,1,0.9134
5d544c49318f5300168b8f04,1,Novel,p,1,1.0156
5d544c49318f5300168b8f04,1,Famous,q,1,0.7811
5d544c49318f5300168b8f04,1,Famous,q,1,0.7058
5d544c49318f5300168b8f04,1,Novel,p,1,0.7423
5d544c49318f5300168b8f04,1,Famous,q,1,0.6806
5d544c49318f5300168b8f04,1,Famous,q,1,0.6228
5d544c49318f5300168b8f04,1,Famous,q,1,0.737
5d544c49318f5300168b8f04,1,Famous,q,1,0.7373
5d544c49318f5300168b8f04,1,Famous,p,0,0.7314
5d544c49318f5300168b8f04,1,Novel,p,1,0.7977
5d544c49318f5300168b8f04,1,Novel,p,1,0.9013
5d544c49318f5300168b8f04,1,Famous,q,1,0.7858
5d544c49318f5300168b8f04,1,Novel,p,1,0.6955
5d544c49318f5300168b8f04,1,Famous,q,1,0.7714
5d544c49318f5300168b8f04,1,Novel,p,1,0.8739
5d544c49318f5300168b8f04,1,Famous,q,1,0.5916
5d544c49318f5300168b8f04,1,Novel,p,1,0.6639
5d544c49318f5300168b8f04,1,Famous,q,1,0.6213
5d544c49318f5300168b8f04,1,Novel,p,1,0.7757
5d544c49318f5300168b8f04,1,Famous,q,1,0.7702
5d544c49318f5300168b8f04,1,Novel,p,1,0.8039
5d544c49318f5300168b8f04,2,Novel,p,1,0.7888
5d544c49318f5300168b8f04,2,Famous,p,0,0.9531
5d544c49318f5300168b8f04,2,Novel,p,1,0.9188
5d544c49318f5300168b8f04,2,Famous,q,1,0.5968
5d544c49318f5300168b8f04,2,Novel,p,1,0.6299
5d544c49318f5300168b8f04,2,Novel,p,1,0.7352
5d544c49318f5300168b8f04,2,Famous,p,0,0.8564
5d544c49318f5300168b8f04,2,Famous,q,1,0.6313
5d544c49318f5300168b8f04,2,Novel,p,1,0.7036
5d544c49318f5300168b8f04,2,Novel,p,1,0.6909
5d544c49318f5300168b8f04,2,Famous,p,0,0.952
5d544c49318f5300168b8f04,2,Famous,q,1,0.5994
5d544c49318f5300168b8f04,2,Famous,q,1,0.7485
5d544c49318f5300168b8f04,2,Novel,p,1,0.7142
5d544c49318f5300168b8f04,2,Novel,p,1,0.5703
5d544c49318f5300168b8f04,2,Novel,p,1,0.6849
5d544c49318f5300168b8f04,2,Novel,p,1,0.9416
5d544c49318f5300168b8f04,2,Famous,q,1,0.7045
5d544c49318f5300168b8f04,2,Novel,p,1,0.6842
5d544c49318f5300168b8f04,2,Famous,q,1,0.7089
5d544c49318f5300168b8f04,2,Famous,q,1,0.73740000000000006
5d544c49318f5300168b8f04,2,Famous,q,1,0.7407
5d544c49318f5300168b8f04,2,Famous,p,0,0.702
5d544c49318f5300168b8f04,2,Famous,q,1,0.9361
5d544c49318f5300168b8f04,2,Novel,p,1,0.6807
5d544c49318f5300168b8f04,2,Famous,q,1,0.7678
5d544c49318f5300168b8f04,2,Novel,p,1,0.819
5d544c49318f5300168b8f04,2,Famous,q,1,0.8571
5d544c49318f5300168b8f04,2,Novel,p,1,0.7183
5d544c49318f5300168b8f04,2,Famous,q,1,0.8847
5d544c49318f5300168b8f04,2,Famous,q,1,0.6466
5d544c49318f5300168b8f04,2,Novel,p,1,1.0031
5d544c49318f5300168b8f04,2,Famous,q,1,0.6231
5d544c49318f5300168b8f04,2,Novel,p,1,0.6631
5d544c49318f5300168b8f04,2,Novel,p,1,0.7927
5d544c49318f5300168b8f04,2,Famous,q,1,0.6577
5d544c49318f5300168b8f04,2,Novel,p,1,0.7565
5d544c49318f5300168b8f04,2,Novel,p,1,0.6695
5d544c49318f5300168b8f04,2,Novel,p,1,0.8021
5d544c49318f5300168b8f04,2,Famous,q,1,0.6715
5d544c49318f5300168b8f04,2,Famous,q,1,0.605
5d544c49318f5300168b8f04,2,Famous,q,1,0.6182
5d544c49318f5300168b8f04,2,Famous,q,1,0.686
5d544c49318f5300168b8f04,2,Famous,q,1,0.7692
5d544c49318f5300168b8f04,2,Novel,p,1,0.7849
5d544c49318f5300168b8f04,2,Novel,p,1,0.6299
5d544c49318f5300168b8f04,2,Famous,q,1,0.7847
5d544c49318f5300168b8f04,2,Famous,q,1,0.5068
5d544c49318f5300168b8f04,2,Novel,p,1,0.8482
5d544c49318f5300168b8f04,2,Novel,p,1,0.7335
5d544c49318f5300168b8f04,2,Novel,p,1,0.7159
5d544c49318f5300168b8f04,2,Famous,q,1,0.6039
5d544c49318f5300168b8f04,2,Novel,p,1,0.9306
5d544c49318f5300168b8f04,2,Novel,q,0,0.5507
5d544c49318f5300168b8f04,2,Novel,p,1,0.7167
5d544c49318f5300168b8f04,2,Famous,q,1,0.7085
5d544c49318f5300168b8f04,2,Famous,q,1,0.5923
5d544c49318f5300168b8f04,2,Novel,p,1,0.8077
5d544c49318f5300168b8f04,2,Novel,p,1,0.6697
5d544c49318f5300168b8f04,3,Famous,q,1,0.6131
5d544c49318f5300168b8f04,3,Novel,p,1,0.7681
5d544c49318f5300168b8f04,3,Famous,q,1,0.4509
5d544c49318f5300168b8f04,3,Famous,q,1,0.5706
5d544c49318f5300168b8f04,3,Novel,q,0,0.4794
5d544c49318f5300168b8f04,3,Famous,q,1,0.834
5d544c49318f5300168b8f04,3,Novel,q,0,0.6396
5d544c49318f5300168b8f04,3,Famous,q,1,0.588
5d544c49318f5300168b8f04,3,Novel,p,1,0.6242
5d544c49318f5300168b8f04,3,Famous,q,1,0.6005
5d544c49318f5300168b8f04,3,Famous,q,1,0.6881
5d544c49318f5300168b8f04,3,Novel,q,0,0.618
5d544c49318f5300168b8f04,3,Novel,p,1,0.5972
5d544c49318f5300168b8f04,3,Novel,p,1,0.8512
5d544c49318f5300168b8f04,3,Famous,q,1,0.8011
5d544c49318f5300168b8f04,3,Famous,q,1,0.4685
5d544c49318f5300168b8f04,3,Novel,p,1,0.7872
5d544c49318f5300168b8f04,3,Famous,q,1,0.6196
5d544c49318f5300168b8f04,3,Novel,q,0,0.9677
5d544c49318f5300168b8f04,3,Novel,p,1,0.763
5d544c49318f5300168b8f04,3,Novel,p,1,0.7045
5d544c49318f5300168b8f04,3,Famous,q,1,0.7702
5d544c49318f5300168b8f04,3,Novel,p,1,0.9744
5d544c49318f5300168b8f04,3,Novel,p,1,0.8814
5d544c49318f5300168b8f04,3,Novel,p,1,0.6314
5d544c49318f5300168b8f04,3,Novel,p,1,0.6202
5d544c49318f5300168b8f04,3,Novel,q,0,0.704
5d544c49318f5300168b8f04,3,Famous,q,1,0.7583
5d544c49318f5300168b8f04,3,Famous,q,1,0.7195
5d544c49318f5300168b8f04,3,Novel,p,1,0.5909
5d544c49318f5300168b8f04,3,Famous,q,1,0.618
5d544c49318f5300168b8f04,3,Novel,p,1,0.6056
5d544c49318f5300168b8f04,3,Famous,q,1,0.6069
5d544c49318f5300168b8f04,3,Famous,q,1,0.9212
5d544c49318f5300168b8f04,3,Famous,q,1,0.8413
5d544c49318f5300168b8f04,3,Novel,p,1,0.6704
5d544c49318f5300168b8f04,3,Novel,p,1,0.6694
5d544c49318f5300168b8f04,3,Famous,q,1,0.6867
5d544c49318f5300168b8f04,3,Famous,p,0,0.8729
5d544c49318f5300168b8f04,3,Famous,q,1,0.5977
5d544c49318f5300168b8f04,3,Famous,q,1,0.638
5d544c49318f5300168b8f04,3,Famous,q,1,0.8329
5d544c49318f5300168b8f04,3,Famous,q,1,0.6395
5d544c49318f5300168b8f04,3,Novel,p,1,0.9227
5d544c49318f5300168b8f04,3,Novel,p,1,0.6453
5d544c49318f5300168b8f04,3,Novel,p,1,0.6882
5d544c49318f5300168b8f04,3,Novel,p,1,0.6851
5d544c49318f5300168b8f04,3,Novel,p,1,0.6676
5d544c49318f5300168b8f04,3,Novel,p,1,0.9055
5d544c49318f5300168b8f04,3,Novel,p,1,0.7849
5d544c49318f5300168b8f04,3,Famous,p,0,0.8504
5d544c49318f5300168b8f04,3,Famous,p,0,0.604
5d544c49318f5300168b8f04,3,Novel,p,1,0.6537
5d544c49318f5300168b8f04,3,Famous,q,1,0.574
5d544c49318f5300168b8f04,3,Novel,p,1,0.5817
5d544c49318f5300168b8f04,3,Famous,q,1,0.6528
5d544c49318f5300168b8f04,3,Novel,p,1,0.6032
5d544c49318f5300168b8f04,3,Famous,q,1,0.7563
5dd005a9eb39730fc834988f,1,Novel,p,1,0.6919
5dd005a9eb39730fc834988f,1,Novel,q,0,0.5005
5dd005a9eb39730fc834988f,1,Novel,q,0,0.5923
5dd005a9eb39730fc834988f,1,Novel,p,1,0.7039
5dd005a9eb39730fc834988f,1,Novel,q,0,0.7809
5dd005a9eb39730fc834988f,1,Famous,p,0,0.6666
5dd005a9eb39730fc834988f,1,Novel,p,1,0.7563
5dd005a9eb39730fc834988f,1,Famous,p,0,0.8241
5dd005a9eb39730fc834988f,1,Novel,p,1,0.7883
5dd005a9eb39730fc834988f,1,Famous,q,1,0.7675
5dd005a9eb39730fc834988f,1,Novel,p,1,0.8207
5dd005a9eb39730fc834988f,1,Famous,q,1,0.6354
5dd005a9eb39730fc834988f,1,Novel,p,1,0.4084
5dd005a9eb39730fc834988f,1,Novel,p,1,0.6413
5dd005a9eb39730fc834988f,1,Novel,p,1,0.7047
5dd005a9eb39730fc834988f,1,Famous,q,1,0.6385
5dd005a9eb39730fc834988f,1,Famous,q,1,0.9759
5dd005a9eb39730fc834988f,1,Novel,q,0,0.6135
5dd005a9eb39730fc834988f,1,Famous,q,1,0.7025
5dd005a9eb39730fc834988f,1,Famous,q,1,0.5521
5dd005a9eb39730fc834988f,1,Famous,p,0,0.526
5dd005a9eb39730fc834988f,1,Famous,q,1,0.8081
5dd005a9eb39730fc834988f,1,Novel,p,1,0.5773
5dd005a9eb39730fc834988f,1,Famous,q,1,0.7375
5dd005a9eb39730fc834988f,1,Famous,q,1,0.6476
5dd005a9eb39730fc834988f,1,Famous,q,1,0.7234
5dd005a9eb39730fc834988f,1,Novel,p,1,0.8389
5dd005a9eb39730fc834988f,1,Novel,p,1,0.7287
5dd005a9eb39730fc834988f,1,Novel,p,1,0.2496
5dd005a9eb39730fc834988f,1,Novel,q,0,0.5594
5dd005a9eb39730fc834988f,1,Novel,p,1,0.6573
5dd005a9eb39730fc834988f,1,Famous,q,1,0.7081
5dd005a9eb39730fc834988f,1,Novel,q,0,0.3397
5dd005a9eb39730fc834988f,1,Novel,p,1,0.3537
5dd005a9eb39730fc834988f,1,Novel,q,0,0.6729
5dd005a9eb39730fc834988f,1,Famous,p,0,0.7996
5dd005a9eb39730fc834988f,1,Famous,p,0,0.3058
5dd005a9eb39730fc834988f,1,Famous,q,1,0.5982
5dd005a9eb39730fc834988f,1,Novel,p,1,0.54
5dd005a9eb39730fc834988f,1,Novel,q,0,0.2564
5dd005a9eb39730fc834988f,1,Famous,q,1,0.1782
5dd005a9eb39730fc834988f,1,Novel,p,1,0.3064
5dd005a9eb39730fc834988f,1,Novel,p,1,0.305
5dd005a9eb39730fc834988f,1,Famous,q,1,0.227
5dd005a9eb39730fc834988f,1,Novel,p,1,0.6453
5dd005a9eb39730fc834988f,1,Famous,q,1,0.6125
5dd005a9eb39730fc834988f,1,Famous,q,1,0.4625
5dd005a9eb39730fc834988f,1,Famous,p,0,0.5256
5dd005a9eb39730fc834988f,1,Novel,p,1,0.6625
5dd005a9eb39730fc834988f,1,Famous,q,1,0.3116
5dd005a9eb39730fc834988f,1,Famous,q,1,0.225
5dd005a9eb39730fc834988f,1,Famous,q,1,0.2086
5dd005a9eb39730fc834988f,1,Novel,q,0,0.4527
5dd005a9eb39730fc834988f,1,Famous,q,1,0.4121
5dd005a9eb39730fc834988f,1,Famous,p,0,0.2786
5dd005a9eb39730fc834988f,1,Novel,q,0,0.309
5dd005a9eb39730fc834988f,1,Novel,p,1,0.5549
5dd005a9eb39730fc834988f,1,Famous,q,1,0.265
5dd005a9eb39730fc834988f,2,Novel,q,0,0.7204
5dd005a9eb39730fc834988f,2,Famous,q,1,0.6637
5dd005a9eb39730fc834988f,2,Novel,p,1,0.624
5dd005a9eb39730fc834988f,2,Famous,p,0,0.2803
5dd005a9eb39730fc834988f,2,Novel,q,0,0.4508
5dd005a9eb39730fc834988f,2,Novel,q,0,0.5777
5dd005a9eb39730fc834988f,2,Famous,q,1,0.4361
5dd005a9eb39730fc834988f,2,Famous,q,1,0.6639
5dd005a9eb39730fc834988f,2,Famous,q,1,0.6055
5dd005a9eb39730fc834988f,2,Novel,p,1,0.7197
5dd005a9eb39730fc834988f,2,Famous,q,1,0.7065
5dd005a9eb39730fc834988f,2,Novel,p,1,0.8761
5dd005a9eb39730fc834988f,2,Famous,q,1,0.6425
5dd005a9eb39730fc834988f,2,Novel,p,1,0.511
5dd005a9eb39730fc834988f,2,Novel,p,1,0.7472
5dd005a9eb39730fc834988f,2,Novel,p,1,0.7915
5dd005a9eb39730fc834988f,2,Novel,q,0,0.1912
5dd005a9eb39730fc834988f,2,Famous,q,1,0.205
5dd005a9eb39730fc834988f,2,Famous,p,0,0.452
5dd005a9eb39730fc834988f,2,Novel,q,0,0.4146
5dd005a9eb39730fc834988f,2,Novel,q,0,0.1794
5dd005a9eb39730fc834988f,2,Famous,q,1,0.2225
5dd005a9eb39730fc834988f,2,Novel,p,1,0.053
5dd005a9eb39730fc834988f,2,Famous,p,0,0.5996
5dd005a9eb39730fc834988f,2,Novel,q,0,0.2413
5dd005a9eb39730fc834988f,2,Famous,q,1,0.8115
5dd005a9eb39730fc834988f,2,Famous,q,1,0.5142
5dd005a9eb39730fc834988f,2,Famous,p,0,0.5978
5dd005a9eb39730fc834988f,2,Novel,p,1,0.7147
5dd005a9eb39730fc834988f,2,Novel,p,1,0.6449
5dd005a9eb39730fc834988f,2,Famous,q,1,0.3182
5dd005a9eb39730fc834988f,2,Famous,q,1,0.5957
5dd005a9eb39730fc834988f,2,Novel,p,1,0.6841
5dd005a9eb39730fc834988f,2,Novel,p,1,0.5575
5dd005a9eb39730fc834988f,2,Novel,p,1,0.4632
5dd005a9eb39730fc834988f,2,Famous,q,1,0.4453
5dd005a9eb39730fc834988f,2,Famous,q,1,0.5573
5dd005a9eb39730fc834988f,2,Famous,p,0,0.6633
5dd005a9eb39730fc834988f,2,Famous,q,1,0.4868
5dd005a9eb39730fc834988f,2,Famous,p,0,0.919
5dd005a9eb39730fc834988f,2,Novel,p,1,0.6827
5dd005a9eb39730fc834988f,2,Famous,p,0,0.9564
5dd005a9eb39730fc834988f,2,Novel,p,1,0.7411
5dd005a9eb39730fc834988f,2,Novel,p,1,0.935
5dd005a9eb39730fc834988f,2,Novel,p,1,0.7036
5dd005a9eb39730fc834988f,2,Novel,p,1,0.7064
5dd005a9eb39730fc834988f,2,Famous,q,1,0.6281
5dd005a9eb39730fc834988f,2,Novel,p,1,0.5364
5dd005a9eb39730fc834988f,2,Novel,p,1,0.5055
5dd005a9eb39730fc834988f,2,Famous,p,0,0.7946
5dd005a9eb39730fc834988f,2,Famous,q,1,0.6173
5dd005a9eb39730fc834988f,2,Famous,q,1,0.678
5dd005a9eb39730fc834988f,2,Famous,q,1,0.6827
5dd005a9eb39730fc834988f,2,Famous,q,1,0.8141
5dd005a9eb39730fc834988f,2,Novel,p,1,0.9785
5dd005a9eb39730fc834988f,2,Famous,q,1,0.5451
5dd005a9eb39730fc834988f,2,Novel,p,1,0.8545
5dd005a9eb39730fc834988f,2,Novel,p,1,0.6991
5dd005a9eb39730fc834988f,3,Famous,q,1,0.5901
5dd005a9eb39730fc834988f,3,Novel,p,1,0.2763
5dd005a9eb39730fc834988f,3,Famous,q,1,0.3139
5dd005a9eb39730fc834988f,3,Novel,q,0,0.3067
5dd005a9eb39730fc834988f,3,Novel,p,1,0.809
5dd005a9eb39730fc834988f,3,Famous,q,1,0.5927
5dd005a9eb39730fc834988f,3,Novel,q,0,0.3704
5dd005a9eb39730fc834988f,3,Novel,p,1,0.5286
5dd005a9eb39730fc834988f,3,Famous,q,1,0.5546
5dd005a9eb39730fc834988f,3,Famous,p,0,0.2291
5dd005a9eb39730fc834988f,3,Novel,p,1,0.602
5dd005a9eb39730fc834988f,3,Novel,p,1,0.7011
5dd005a9eb39730fc834988f,3,Famous,q,1,0.5732
5dd005a9eb39730fc834988f,3,Novel,q,0,0.56
5dd005a9eb39730fc834988f,3,Novel,p,1,0.6142
5dd005a9eb39730fc834988f,3,Famous,q,1,0.6022
5dd005a9eb39730fc834988f,3,Famous,q,1,0.778
5dd005a9eb39730fc834988f,3,Novel,p,1,0.6769
5dd005a9eb39730fc834988f,3,Famous,q,1,0.7229
5dd005a9eb39730fc834988f,3,Famous,p,0,0.81
5dd005a9eb39730fc834988f,3,Novel,p,1,0.778
5dd005a9eb39730fc834988f,3,Novel,p,1,0.8098
5dd005a9eb39730fc834988f,3,Novel,p,1,0.6576
5dd005a9eb39730fc834988f,3,Novel,p,1,0.8075
5dd005a9eb39730fc834988f,3,Famous,p,0,0.5494
5dd005a9eb39730fc834988f,3,Novel,p,1,0.6483
5dd005a9eb39730fc834988f,3,Famous,p,0,0.46
5dd005a9eb39730fc834988f,3,Famous,q,1,0.8138
5dd005a9eb39730fc834988f,3,Novel,p,1,0.6551
5dd005a9eb39730fc834988f,3,Famous,q,1,0.4971
5dd005a9eb39730fc834988f,3,Famous,q,1,0.4401
5dd005a9eb39730fc834988f,3,Famous,q,1,0.4941
5dd005a9eb39730fc834988f,3,Famous,q,1,0.6294
5dd005a9eb39730fc834988f,3,Novel,p,1,0.6904
5dd005a9eb39730fc834988f,3,Novel,p,1,0.888
5dd005a9eb39730fc834988f,3,Famous,q,1,0.5317
5dd005a9eb39730fc834988f,3,Novel,q,0,0.0494
5dd005a9eb39730fc834988f,3,Famous,q,1,0.6075
5dd005a9eb39730fc834988f,3,Novel,p,1,0.7648
5dd005a9eb39730fc834988f,3,Famous,p,0,0.8199
5dd005a9eb39730fc834988f,3,Novel,p,1,0.6287
5dd005a9eb39730fc834988f,3,Famous,q,1,0.8694
5dd005a9eb39730fc834988f,3,Novel,q,0,0.1934
5dd005a9eb39730fc834988f,3,Novel,p,1,0.7747
5dd005a9eb39730fc834988f,3,Novel,q,0,8e-4
5dd005a9eb39730fc834988f,3,Novel,q,0,0.0018
5dd005a9eb39730fc834988f,3,Famous,q,1,0.6338
5dd005a9eb39730fc834988f,3,Novel,p,1,0.5212
5dd005a9eb39730fc834988f,3,Famous,p,0,0.5863
5dd005a9eb39730fc834988f,3,Novel,p,1,0.7559
5dd005a9eb39730fc834988f,3,Famous,q,1,0.2455
5dd005a9eb39730fc834988f,3,Famous,q,1,0.4056
5dd005a9eb39730fc834988f,3,Famous,q,1,0.4281
5dd005a9eb39730fc834988f,3,Novel,p,1,0.2962
5dd005a9eb39730fc834988f,3,Famous,q,1,0.6033
5dd005a9eb39730fc834988f,3,Novel,q,0,0.2756
5dd005a9eb39730fc834988f,3,Famous,q,1,0.5968
5dd005a9eb39730fc834988f,3,Novel,p,1,0.619
5dd005a9eb39730fc834988f,3,Famous,q,1,0.5929
5e40c06ac0507c307ee951eb,1,Famous,q,1,0.582
5e40c06ac0507c307ee951eb,1,Famous,q,1,0.6234
5e40c06ac0507c307ee951eb,1,Famous,q,1,0.0894
5e40c06ac0507c307ee951eb,1,Novel,p,1,0.7913
5e40c06ac0507c307ee951eb,1,Novel,p,1,0.9374
5e40c06ac0507c307ee951eb,1,Novel,p,1,1.0451
5e40c06ac0507c307ee951eb,1,Novel,p,1,0.776
5e40c06ac0507c307ee951eb,1,Famous,p,0,0.9701
5e40c06ac0507c307ee951eb,1,Famous,p,0,1.0407
5e40c06ac0507c307ee951eb,1,Novel,p,1,0.6342
5e40c06ac0507c307ee951eb,1,Novel,p,1,0.6153
5e40c06ac0507c307ee951eb,1,Novel,p,1,0.5329
5e40c06ac0507c307ee951eb,1,Novel,p,1,0.7738
5e40c06ac0507c307ee951eb,1,Novel,p,1,0.6816
5e40c06ac0507c307ee951eb,1,Novel,p,1,0.3435
5e40c06ac0507c307ee951eb,1,Famous,p,0,0.7207
5e40c06ac0507c307ee951eb,1,Famous,p,0,0.536
5e40c06ac0507c307ee951eb,1,Famous,p,0,0.9714
5e40c06ac0507c307ee951eb,1,Novel,p,1,0.8155
5e40c06ac0507c307ee951eb,1,Famous,p,0,0.5197
5e40c06ac0507c307ee951eb,1,Novel,p,1,0.4826
5e40c06ac0507c307ee951eb,1,Novel,p,1,0.7
5e40c06ac0507c307ee951eb,1,Novel,p,1,0.5121
5e40c06ac0507c307ee951eb,1,Famous,p,0,0.6876
5e40c06ac0507c307ee951eb,1,Novel,p,1,0.7373
5e40c06ac0507c307ee951eb,1,Famous,p,0,0.9192
5e40c06ac0507c307ee951eb,1,Famous,q,1,0.9042
5e40c06ac0507c307ee951eb,1,Novel,p,1,0.8183
5e40c06ac0507c307ee951eb,1,Famous,p,0,0.9138
5e40c06ac0507c307ee951eb,1,Novel,p,1,0.6225
5e40c06ac0507c307ee951eb,1,Famous,p,0,0.3939
5e40c06ac0507c307ee951eb,1,Famous,p,0,0.543
5e40c06ac0507c307ee951eb,1,Famous,p,0,0.6562
5e40c06ac0507c307ee951eb,1,Novel,p,1,0.6098
5e40c06ac0507c307ee951eb,1,Novel,p,1,0.9322
5e40c06ac0507c307ee951eb,1,Famous,p,0,0.6716
5e40c06ac0507c307ee951eb,1,Novel,p,1,0.8892
5e40c06ac0507c307ee951eb,1,Famous,p,0,1.0213
5e40c06ac0507c307ee951eb,1,Novel,p,1,0.8055
5e40c06ac0507c307ee951eb,1,Novel,p,1,0.6374
5e40c06ac0507c307ee951eb,1,Famous,q,1,0.4588
5e40c06ac0507c307ee951eb,1,Famous,p,0,0.6949
5e40c06ac0507c307ee951eb,1,Famous,q,1,0.726
5e40c06ac0507c307ee951eb,1,Novel,q,0,0.7162
5e40c06ac0507c307ee951eb,1,Novel,p,1,0.7012
5e40c06ac0507c307ee951eb,1,Famous,q,1,0.5258
5e40c06ac0507c307ee951eb,1,Novel,p,1,0.3296
5e40c06ac0507c307ee951eb,1,Novel,p,1,0.8521
5e40c06ac0507c307ee951eb,1,Famous,p,0,0.555
5e40c06ac0507c307ee951eb,1,Novel,p,1,0.6658
5e40c06ac0507c307ee951eb,1,Famous,q,1,0.6613
5e40c06ac0507c307ee951eb,2,Novel,p,1,0.8471
5e40c06ac0507c307ee951eb,2,Novel,p,1,0.6321
5e40c06ac0507c307ee951eb,2,Novel,p,1,0.5864
5e40c06ac0507c307ee951eb,2,Famous,p,0,0.9333
5e40c06ac0507c307ee951eb,2,Novel,p,1,0.3304
5e40c06ac0507c307ee951eb,2,Famous,p,0,0.3694
5e40c06ac0507c307ee951eb,2,Novel,p,1,0.7039
5e40c06ac0507c307ee951eb,2,Famous,p,0,0.7801
5e40c06ac0507c307ee951eb,2,Novel,p,1,1.0116
5e40c06ac0507c307ee951eb,2,Novel,p,1,0.9431
5e40c06ac0507c307ee951eb,2,Novel,p,1,0.7023
5e40c06ac0507c307ee951eb,2,Novel,p,1,0.6895
5e40c06ac0507c307ee951eb,2,Novel,p,1,0.406
5e40c06ac0507c307ee951eb,2,Famous,p,0,0.6107
5e40c06ac0507c307ee951eb,2,Novel,p,1,0.6562
5e40c06ac0507c307ee951eb,2,Famous,p,0,0.538
5e40c06ac0507c307ee951eb,2,Famous,p,0,0.6272
5e40c06ac0507c307ee951eb,2,Famous,p,0,0.7716
5e40c06ac0507c307ee951eb,2,Novel,p,1,0.5885
5e40c06ac0507c307ee951eb,2,Famous,p,0,0.7541
5e40c06ac0507c307ee951eb,2,Famous,p,0,0.6608
5e40c06ac0507c307ee951eb,2,Famous,p,0,0.3781
5e40c06ac0507c307ee951eb,2,Novel,p,1,0.3628
5e40c06ac0507c307ee951eb,2,Famous,p,0,0.3321
5e40c06ac0507c307ee951eb,2,Novel,p,1,0.5271
5e40c06ac0507c307ee951eb,2,Novel,q,0,0.6104
5e40c06ac0507c307ee951eb,2,Novel,q,0,0.7007
5e40c06ac0507c307ee951eb,2,Famous,q,1,0.5621
5e40c06ac0507c307ee951eb,2,Novel,p,1,0.5933
5e40c06ac0507c307ee951eb,2,Novel,p,1,0.5619
5e40c06ac0507c307ee951eb,2,Novel,p,1,0.636
5e40c06ac0507c307ee951eb,2,Novel,p,1,0.5443
5e40c06ac0507c307ee951eb,2,Novel,p,1,0.6634
5e40c06ac0507c307ee951eb,2,Famous,p,0,0.5043
5e40c06ac0507c307ee951eb,2,Famous,p,0,0.3763
5e40c06ac0507c307ee951eb,2,Novel,p,1,0.3622
5e40c06ac0507c307ee951eb,2,Famous,p,0,0.419
5e40c06ac0507c307ee951eb,2,Novel,p,1,0.3857
5e40c06ac0507c307ee951eb,2,Famous,p,0,0.4359
5e40c06ac0507c307ee951eb,2,Famous,p,0,0.4008
5e40c06ac0507c307ee951eb,2,Famous,q,1,0.4962
5e40c06ac0507c307ee951eb,2,Famous,p,0,0.3999
5e40c06ac0507c307ee951eb,2,Famous,p,0,0.5706
5e40c06ac0507c307ee951eb,2,Famous,q,1,0.8673
5e40c06ac0507c307ee951eb,2,Novel,p,1,0.6779
5e40c06ac0507c307ee951eb,2,Novel,p,1,0.6031
5e40c06ac0507c307ee951eb,2,Novel,p,1,0.4852
5e40c06ac0507c307ee951eb,2,Novel,p,1,0.5114
5e40c06ac0507c307ee951eb,2,Famous,p,0,0.4799
5e40c06ac0507c307ee951eb,3,Novel,q,0,0.8941
5e40c06ac0507c307ee951eb,3,Novel,p,1,0.594
5e40c06ac0507c307ee951eb,3,Famous,q,1,0.5034
5e40c06ac0507c307ee951eb,3,Famous,p,0,0.8235
5e40c06ac0507c307ee951eb,3,Novel,p,1,0.6383
5e40c06ac0507c307ee951eb,3,Novel,p,1,0.8109
5e40c06ac0507c307ee951eb,3,Novel,p,1,0.7086
5e40c06ac0507c307ee951eb,3,Novel,p,1,0.638
5e40c06ac0507c307ee951eb,3,Famous,p,0,0.7228
5e40c06ac0507c307ee951eb,3,Novel,p,1,0.4223
5e40c06ac0507c307ee951eb,3,Famous,p,0,0.3777
5e40c06ac0507c307ee951eb,3,Famous,p,0,0.3637
5e40c06ac0507c307ee951eb,3,Novel,p,1,0.5375
5e40c06ac0507c307ee951eb,3,Famous,p,0,0.8337
5e40c06ac0507c307ee951eb,3,Novel,p,1,0.2591
5e40c06ac0507c307ee951eb,3,Novel,p,1,0.2338
5e40c06ac0507c307ee951eb,3,Famous,p,0,0.6914
5e40c06ac0507c307ee951eb,3,Novel,p,1,0.7452
5e40c06ac0507c307ee951eb,3,Famous,p,0,0.5209
5e40c06ac0507c307ee951eb,3,Famous,p,0,0.5495
5e40c06ac0507c307ee951eb,3,Famous,q,1,1.0381
5e40c06ac0507c307ee951eb,3,Novel,p,1,0.7331
5e40c06ac0507c307ee951eb,3,Famous,p,0,0.8574
5e40c06ac0507c307ee951eb,3,Novel,p,1,0.6613
5e40c06ac0507c307ee951eb,3,Famous,p,0,0.7107
5e40c06ac0507c307ee951eb,3,Famous,p,0,0.6712
5e40c06ac0507c307ee951eb,3,Famous,q,1,0.8257
5e40c06ac0507c307ee951eb,3,Famous,p,0,0.9149
5e40c06ac0507c307ee951eb,3,Famous,p,0,0.6281
5e40c06ac0507c307ee951eb,3,Famous,p,0,0.6662
5e40c06ac0507c307ee951eb,3,Novel,p,1,0.6671
5e40c06ac0507c307ee951eb,3,Famous,p,0,0.6601
5e40c06ac0507c307ee951eb,3,Novel,p,1,0.8548
5e40c06ac0507c307ee951eb,3,Famous,p,0,0.5812
5e40c06ac0507c307ee951eb,3,Novel,p,1,0.5822
5e40c06ac0507c307ee951eb,3,Novel,p,1,0.6543
5e40c06ac0507c307ee951eb,3,Famous,p,0,0.7533
5e40c06ac0507c307ee951eb,3,Novel,p,1,0.6893
5e40c06ac0507c307ee951eb,3,Famous,p,0,0.1905
5e40c06ac0507c307ee951eb,3,Novel,q,0,0.7227
5e40c06ac0507c307ee951eb,3,Novel,p,1,0.5211
5e40c06ac0507c307ee951eb,3,Novel,p,1,0.6478
5e40c06ac0507c307ee951eb,3,Novel,p,1,0.8702
5e40c06ac0507c307ee951eb,3,Novel,p,1,0.6857
5e40c06ac0507c307ee951eb,3,Famous,q,1,0.9421
5e40c06ac0507c307ee951eb,3,Novel,p,1,0.6607
5e40c06ac0507c307ee951eb,3,Famous,q,1,0.7889
5e40c06ac0507c307ee951eb,3,Novel,p,1,0.7455
5e40c06ac0507c307ee951eb,3,Novel,p,1,0.8761
5eba5cf82cbf431a3276c90b,1,Novel,q,0,0.3902
5eba5cf82cbf431a3276c90b,1,Novel,p,1,0.8898
5eba5cf82cbf431a3276c90b,1,Famous,p,0,0.6608
5eba5cf82cbf431a3276c90b,1,Famous,q,1,0.2876
5eba5cf82cbf431a3276c90b,1,Famous,q,1,0.5232
5eba5cf82cbf431a3276c90b,1,Novel,q,0,0.765
5eba5cf82cbf431a3276c90b,1,Novel,p,1,0.6582
5eba5cf82cbf431a3276c90b,1,Novel,q,0,0.743
5eba5cf82cbf431a3276c90b,1,Famous,q,1,0.7119
5eba5cf82cbf431a3276c90b,1,Novel,p,1,0.802
5eba5cf82cbf431a3276c90b,1,Novel,p,1,0.6665
5eba5cf82cbf431a3276c90b,1,Novel,q,0,0.6068
5eba5cf82cbf431a3276c90b,1,Novel,p,1,0.8828
5eba5cf82cbf431a3276c90b,1,Famous,q,1,0.8914
5eba5cf82cbf431a3276c90b,1,Famous,q,1,0.7449
5eba5cf82cbf431a3276c90b,1,Novel,p,1,0.7856
5eba5cf82cbf431a3276c90b,1,Famous,q,1,0.9885
5eba5cf82cbf431a3276c90b,1,Novel,p,1,1.0585
5eba5cf82cbf431a3276c90b,1,Novel,p,1,0.6862
5eba5cf82cbf431a3276c90b,1,Famous,q,1,1.0013
5eba5cf82cbf431a3276c90b,1,Novel,q,0,0.9585
5eba5cf82cbf431a3276c90b,1,Famous,p,0,0.7768
5eba5cf82cbf431a3276c90b,1,Famous,q,1,0.7232
5eba5cf82cbf431a3276c90b,1,Novel,p,1,0.7272
5eba5cf82cbf431a3276c90b,1,Famous,q,1,0.6074
5eba5cf82cbf431a3276c90b,1,Novel,p,1,0.7525
5eba5cf82cbf431a3276c90b,1,Novel,p,1,0.7209
5eba5cf82cbf431a3276c90b,1,Famous,q,1,0.7416
5eba5cf82cbf431a3276c90b,1,Famous,q,1,0.5686
5eba5cf82cbf431a3276c90b,1,Novel,q,0,0.6074
5eba5cf82cbf431a3276c90b,1,Novel,q,0,0.7511
5eba5cf82cbf431a3276c90b,1,Novel,p,1,0.7716
5eba5cf82cbf431a3276c90b,1,Novel,p,1,0.6812
5eba5cf82cbf431a3276c90b,1,Famous,q,1,0.6794
5eba5cf82cbf431a3276c90b,1,Novel,p,1,0.9225
5eba5cf82cbf431a3276c90b,1,Famous,q,1,0.6212
5eba5cf82cbf431a3276c90b,1,Novel,q,0,0.674
5eba5cf82cbf431a3276c90b,1,Famous,p,0,0.9966
5eba5cf82cbf431a3276c90b,1,Famous,p,0,0.7908
5eba5cf82cbf431a3276c90b,1,Famous,q,1,0.6743
5eba5cf82cbf431a3276c90b,1,Famous,q,1,0.8348
5eba5cf82cbf431a3276c90b,1,Novel,p,1,0.6305
5eba5cf82cbf431a3276c90b,1,Famous,q,1,0.8545
5eba5cf82cbf431a3276c90b,1,Famous,q,1,0.5713
5eba5cf82cbf431a3276c90b,1,Novel,q,0,0.624
5eba5cf82cbf431a3276c90b,1,Novel,p,1,0.6919
5eba5cf82cbf431a3276c90b,1,Famous,p,0,0.7102
5eba5cf82cbf431a3276c90b,1,Novel,p,1,0.8694
5eba5cf82cbf431a3276c90b,1,Famous,q,1,0.5436
5eba5cf82cbf431a3276c90b,1,Novel,p,1,0.8798
5eba5cf82cbf431a3276c90b,1,Famous,q,1,0.713
5eba5cf82cbf431a3276c90b,1,Novel,q,0,1.0267
5eba5cf82cbf431a3276c90b,1,Famous,q,1,0.4504
5eba5cf82cbf431a3276c90b,1,Famous,p,0,0.7748
5eba5cf82cbf431a3276c90b,1,Novel,p,1,0.7303
5eba5cf82cbf431a3276c90b,1,Famous,q,1,0.8387
5eba5cf82cbf431a3276c90b,1,Novel,p,1,0.9228
5eba5cf82cbf431a3276c90b,1,Famous,p,0,0.9131
5eba5cf82cbf431a3276c90b,2,Famous,q,1,0.8526
5eba5cf82cbf431a3276c90b,2,Famous,q,1,0.6256
5eba5cf82cbf431a3276c90b,2,Famous,q,1,0.6502
5eba5cf82cbf431a3276c90b,2,Famous,p,0,0.8063
5eba5cf82cbf431a3276c90b,2,Novel,p,1,0.9256
5eba5cf82cbf431a3276c90b,2,Famous,q,1,0.6972
5eba5cf82cbf431a3276c90b,2,Famous,q,1,0.5903
5eba5cf82cbf431a3276c90b,2,Famous,q,1,0.5421
5eba5cf82cbf431a3276c90b,2,Novel,q,0,0.6244
5eba5cf82cbf431a3276c90b,2,Famous,q,1,0.6643
5eba5cf82cbf431a3276c90b,2,Famous,p,0,0.8599
5eba5cf82cbf431a3276c90b,2,Novel,p,1,0.8312
5eba5cf82cbf431a3276c90b,2,Novel,p,1,0.789
5eba5cf82cbf431a3276c90b,2,Famous,q,1,0.77
5eba5cf82cbf431a3276c90b,2,Novel,p,1,0.8852
5eba5cf82cbf431a3276c90b,2,Novel,p,1,0.8421
5eba5cf82cbf431a3276c90b,2,Famous,q,1,0.654
5eba5cf82cbf431a3276c90b,2,Novel,p,1,0.6932
5eba5cf82cbf431a3276c90b,2,Novel,p,1,0.7041
5eba5cf82cbf431a3276c90b,2,Novel,p,1,0.9918
5eba5cf82cbf431a3276c90b,2,Famous,p,0,0.7751
5eba5cf82cbf431a3276c90b,2,Novel,p,1,0.9589
5eba5cf82cbf431a3276c90b,2,Famous,q,1,0.6318
5eba5cf82cbf431a3276c90b,2,Novel,p,1,0.9213
5eba5cf82cbf431a3276c90b,2,Famous,q,1,0.5312
5eba5cf82cbf431a3276c90b,2,Novel,p,1,0.8884
5eba5cf82cbf431a3276c90b,2,Famous,q,1,0.6934
5eba5cf82cbf431a3276c90b,2,Novel,p,1,0.9193
5eba5cf82cbf431a3276c90b,2,Famous,q,1,0.9742
5eba5cf82cbf431a3276c90b,2,Famous,q,1,0.7794
5eba5cf82cbf431a3276c90b,2,Novel,p,1,0.833
5eba5cf82cbf431a3276c90b,2,Famous,p,0,0.87
5eba5cf82cbf431a3276c90b,2,Famous,q,1,0.5245
5eba5cf82cbf431a3276c90b,2,Famous,q,1,0.5544
5eba5cf82cbf431a3276c90b,2,Novel,p,1,0.6245
5eba5cf82cbf431a3276c90b,2,Novel,p,1,0.8329
5eba5cf82cbf431a3276c90b,2,Novel,p,1,0.7503
5eba5cf82cbf431a3276c90b,2,Novel,p,1,0.6425
5eba5cf82cbf431a3276c90b,2,Famous,q,1,0.6116
5eba5cf82cbf431a3276c90b,2,Famous,q,1,0.6202
5eba5cf82cbf431a3276c90b,2,Novel,p,1,0.5896
5eba5cf82cbf431a3276c90b,2,Novel,p,1,0.6899
5eba5cf82cbf431a3276c90b,2,Novel,p,1,0.7226
5eba5cf82cbf431a3276c90b,2,Novel,p,1,0.7563
5eba5cf82cbf431a3276c90b,2,Famous,p,0,0.7653
5eba5cf82cbf431a3276c90b,2,Novel,p,1,0.6648
5eba5cf82cbf431a3276c90b,2,Novel,p,1,0.7194
5eba5cf82cbf431a3276c90b,2,Famous,q,1,0.7862
5eba5cf82cbf431a3276c90b,2,Famous,q,1,0.5551
5eba5cf82cbf431a3276c90b,2,Famous,q,1,0.835
5eba5cf82cbf431a3276c90b,2,Novel,q,0,0.5612
5eba5cf82cbf431a3276c90b,2,Novel,p,1,0.7236
5eba5cf82cbf431a3276c90b,2,Famous,q,1,0.6949
5eba5cf82cbf431a3276c90b,2,Novel,p,1,0.6671
5eba5cf82cbf431a3276c90b,2,Famous,q,1,0.6589
5eba5cf82cbf431a3276c90b,2,Novel,p,1,0.6105
5eba5cf82cbf431a3276c90b,3,Novel,p,1,0.6547
5eba5cf82cbf431a3276c90b,3,Famous,q,1,0.7592
5eba5cf82cbf431a3276c90b,3,Famous,q,1,0.7504
5eba5cf82cbf431a3276c90b,3,Novel,p,1,0.8282
5eba5cf82cbf431a3276c90b,3,Novel,p,1,0.7359
5eba5cf82cbf431a3276c90b,3,Novel,p,1,0.9389
5eba5cf82cbf431a3276c90b,3,Novel,p,1,0.6302
5eba5cf82cbf431a3276c90b,3,Famous,q,1,0.5624
5eba5cf82cbf431a3276c90b,3,Famous,q,1,0.5616
5eba5cf82cbf431a3276c90b,3,Famous,q,1,0.7444
5eba5cf82cbf431a3276c90b,3,Novel,p,1,0.6556
5eba5cf82cbf431a3276c90b,3,Famous,q,1,0.5893
5eba5cf82cbf431a3276c90b,3,Famous,p,0,0.865
5eba5cf82cbf431a3276c90b,3,Novel,p,1,0.9421
5eba5cf82cbf431a3276c90b,3,Novel,q,0,1.0245
5eba5cf82cbf431a3276c90b,3,Novel,p,1,0.7106
5eba5cf82cbf431a3276c90b,3,Famous,q,1,0.6533
5eba5cf82cbf431a3276c90b,3,Famous,p,0,0.6196
5eba5cf82cbf431a3276c90b,3,Famous,q,1,0.5891
5eba5cf82cbf431a3276c90b,3,Famous,q,1,0.5246
5eba5cf82cbf431a3276c90b,3,Novel,p,1,0.6484
5eba5cf82cbf431a3276c90b,3,Famous,q,1,0.6901
5eba5cf82cbf431a3276c90b,3,Novel,p,1,0.6657
5eba5cf82cbf431a3276c90b,3,Famous,q,1,0.5432
5eba5cf82cbf431a3276c90b,3,Famous,q,1,0.6831
5eba5cf82cbf431a3276c90b,3,Novel,p,1,0.6557
5eba5cf82cbf431a3276c90b,3,Novel,p,1,0.6142
5eba5cf82cbf431a3276c90b,3,Novel,p,1,0.8029
5eba5cf82cbf431a3276c90b,3,Novel,q,0,0.8095
5eba5cf82cbf431a3276c90b,3,Famous,q,1,0.6635
5eba5cf82cbf431a3276c90b,3,Famous,q,1,0.6064
5eba5cf82cbf431a3276c90b,3,Novel,p,1,0.6125
5eba5cf82cbf431a3276c90b,3,Novel,p,1,0.9416
5eba5cf82cbf431a3276c90b,3,Novel,p,1,0.6718
5eba5cf82cbf431a3276c90b,3,Famous,p,0,0.7744
5eba5cf82cbf431a3276c90b,3,Novel,p,1,0.6147
5eba5cf82cbf431a3276c90b,3,Novel,p,1,0.7531
5eba5cf82cbf431a3276c90b,3,Famous,q,1,0.6742
5eba5cf82cbf431a3276c90b,3,Novel,p,1,0.6791
5eba5cf82cbf431a3276c90b,3,Famous,q,1,0.5877
5eba5cf82cbf431a3276c90b,3,Famous,q,1,0.8375
5eba5cf82cbf431a3276c90b,3,Famous,q,1,0.7482
5eba5cf82cbf431a3276c90b,3,Famous,p,0,0.9367
5eba5cf82cbf431a3276c90b,3,Famous,q,1,0.5547
5eba5cf82cbf431a3276c90b,3,Novel,p,1,0.6566
5eba5cf82cbf431a3276c90b,3,Novel,p,1,0.7757
5eba5cf82cbf431a3276c90b,3,Famous,p,0,0.831
5eba5cf82cbf431a3276c90b,3,Novel,p,1,0.7627
5eba5cf82cbf431a3276c90b,3,Famous,q,1,0.6815
5eba5cf82cbf431a3276c90b,3,Famous,q,1,0.7597
5eba5cf82cbf431a3276c90b,3,Famous,q,1,0.5352
5eba5cf82cbf431a3276c90b,3,Novel,p,1,0.6719
5eba5cf82cbf431a3276c90b,3,Novel,p,1,0.6946
5eba5cf82cbf431a3276c90b,3,Famous,q,1,0.7128
5eba5cf82cbf431a3276c90b,3,Famous,q,1,0.5872
5eba5cf82cbf431a3276c90b,3,Novel,p,1,0.6011
5eba5cf82cbf431a3276c90b,3,Novel,p,1,0.7914
5eba5cf82cbf431a3276c90b,3,Famous,q,1,0.6665
5f35050d72e95343c64aef66,1,Novel,q,0,0.6493
5f35050d72e95343c64aef66,1,Novel,q,0,0.8311
5f35050d72e95343c64aef66,1,Famous,q,1,0.7267
5f35050d72e95343c64aef66,1,Novel,p,1,0.9682
5f35050d72e95343c64aef66,1,Novel,q,0,0.9003
5f35050d72e95343c64aef66,1,Novel,q,0,0.5552
5f35050d72e95343c64aef66,1,Novel,q,0,0.8502
5f35050d72e95343c64aef66,1,Famous,q,1,0.9089
5f35050d72e95343c64aef66,1,Famous,q,1,0.7931
5f35050d72e95343c64aef66,1,Novel,p,1,0.6899
5f35050d72e95343c64aef66,1,Famous,q,1,0.6853
5f35050d72e95343c64aef66,1,Novel,p,1,0.7818
5f35050d72e95343c64aef66,1,Famous,q,1,0.7092
5f35050d72e95343c64aef66,1,Novel,q,0,0.5961
5f35050d72e95343c64aef66,1,Novel,q,0,0.9692
5f35050d72e95343c64aef66,1,Famous,p,0,0.9046
5f35050d72e95343c64aef66,1,Novel,p,1,0.9871
5f35050d72e95343c64aef66,1,Novel,q,0,0.8304
5f35050d72e95343c64aef66,1,Famous,q,1,0.849
5f35050d72e95343c64aef66,1,Novel,q,0,0.902
5f35050d72e95343c64aef66,1,Novel,p,1,0.8269
5f35050d72e95343c64aef66,1,Famous,p,0,0.844
5f35050d72e95343c64aef66,1,Famous,p,0,0.7494
5f35050d72e95343c64aef66,1,Famous,q,1,0.7904
5f35050d72e95343c64aef66,1,Famous,p,0,0.907
5f35050d72e95343c64aef66,1,Famous,q,1,0.8493
5f35050d72e95343c64aef66,1,Famous,q,1,0.5898
5f35050d72e95343c64aef66,1,Novel,p,1,0.8252
5f35050d72e95343c64aef66,1,Novel,p,1,0.7794
5f35050d72e95343c64aef66,1,Novel,p,1,0.8358
5f35050d72e95343c64aef66,1,Famous,p,0,0.9164
5f35050d72e95343c64aef66,1,Novel,p,1,0.8293
5f35050d72e95343c64aef66,1,Famous,q,1,0.813
5f35050d72e95343c64aef66,1,Novel,q,0,0.5548
5f35050d72e95343c64aef66,1,Famous,q,1,0.7944
5f35050d72e95343c64aef66,1,Novel,p,1,0.6852
5f35050d72e95343c64aef66,1,Novel,p,1,0.6116
5f35050d72e95343c64aef66,1,Famous,q,1,0.6926
5f35050d72e95343c64aef66,1,Novel,p,1,0.7912
5f35050d72e95343c64aef66,1,Famous,p,0,0.6503
5f35050d72e95343c64aef66,1,Famous,q,1,0.92490000000000006
5f35050d72e95343c64aef66,1,Famous,q,1,0.555
5f35050d72e95343c64aef66,1,Novel,q,0,0.9484
5f35050d72e95343c64aef66,1,Famous,p,0,0.7517
5f35050d72e95343c64aef66,1,Novel,p,1,0.733
5f35050d72e95343c64aef66,1,Novel,p,1,0.7714
5f35050d72e95343c64aef66,1,Famous,p,0,0.8702
5f35050d72e95343c64aef66,1,Novel,p,1,0.9709
5f35050d72e95343c64aef66,1,Novel,q,0,0.8072
5f35050d72e95343c64aef66,1,Novel,p,1,0.8158
5f35050d72e95343c64aef66,1,Famous,q,1,0.6672
5f35050d72e95343c64aef66,1,Famous,q,1,0.8246
5f35050d72e95343c64aef66,1,Novel,p,1,0.7442
5f35050d72e95343c64aef66,1,Famous,p,0,0.6964
5f35050d72e95343c64aef66,1,Famous,q,1,0.7325
5f35050d72e95343c64aef66,2,Novel,p,1,0.9248
5f35050d72e95343c64aef66,2,Novel,p,1,0.9819
5f35050d72e95343c64aef66,2,Novel,q,0,0.6146
5f35050d72e95343c64aef66,2,Novel,p,1,0.7824
5f35050d72e95343c64aef66,2,Novel,p,1,0.9498
5f35050d72e95343c64aef66,2,Famous,p,0,0.6684
5f35050d72e95343c64aef66,2,Novel,p,1,0.9435
5f35050d72e95343c64aef66,2,Famous,q,1,0.8155
5f35050d72e95343c64aef66,2,Novel,p,1,0.7578
5f35050d72e95343c64aef66,2,Famous,q,1,0.6195
5f35050d72e95343c64aef66,2,Famous,q,1,0.6358
5f35050d72e95343c64aef66,2,Famous,q,1,0.9727
5f35050d72e95343c64aef66,2,Famous,q,1,0.6969
5f35050d72e95343c64aef66,2,Novel,p,1,0.7345
5f35050d72e95343c64aef66,2,Novel,p,1,0.794
5f35050d72e95343c64aef66,2,Famous,q,1,0.7193
5f35050d72e95343c64aef66,2,Famous,p,0,0.8349
5f35050d72e95343c64aef66,2,Novel,q,0,0.5331
5f35050d72e95343c64aef66,2,Novel,p,1,0.7178
5f35050d72e95343c64aef66,2,Novel,q,0,0.7758
5f35050d72e95343c64aef66,2,Novel,p,1,0.7956
5f35050d72e95343c64aef66,2,Novel,p,1,0.6607
5f35050d72e95343c64aef66,2,Famous,q,1,0.8706
5f35050d72e95343c64aef66,2,Famous,p,0,0.9351
5f35050d72e95343c64aef66,2,Famous,p,0,0.8303
5f35050d72e95343c64aef66,2,Famous,q,1,0.6784
5f35050d72e95343c64aef66,2,Famous,q,1,0.73
5f35050d72e95343c64aef66,2,Famous,p,0,0.8819
5f35050d72e95343c64aef66,2,Famous,q,1,0.6314
5f35050d72e95343c64aef66,2,Novel,p,1,0.8298
5f35050d72e95343c64aef66,2,Novel,q,0,0.8147
5f35050d72e95343c64aef66,2,Novel,p,1,0.8326
5f35050d72e95343c64aef66,2,Novel,p,1,0.9577
5f35050d72e95343c64aef66,2,Famous,q,1,0.9144
5f35050d72e95343c64aef66,2,Novel,p,1,0.9847
5f35050d72e95343c64aef66,2,Famous,p,0,0.8939
5f35050d72e95343c64aef66,2,Novel,p,1,0.9881
5f35050d72e95343c64aef66,2,Novel,p,1,0.752
5f35050d72e95343c64aef66,2,Novel,p,1,0.7574
5f35050d72e95343c64aef66,2,Novel,q,0,0.7454
5f35050d72e95343c64aef66,2,Novel,p,1,0.6892
5f35050d72e95343c64aef66,2,Famous,q,1,0.7981
5f35050d72e95343c64aef66,2,Novel,p,1,0.738
5f35050d72e95343c64aef66,2,Novel,p,1,0.7545
5f35050d72e95343c64aef66,2,Famous,p,0,0.9934
5f35050d72e95343c64aef66,2,Famous,p,0,0.9267
5f35050d72e95343c64aef66,2,Famous,q,1,0.8345
5f35050d72e95343c64aef66,2,Novel,p,1,0.8593
5f35050d72e95343c64aef66,2,Novel,p,1,0.875
5f35050d72e95343c64aef66,2,Famous,q,1,0.8551
5f35050d72e95343c64aef66,2,Famous,q,1,0.9053
5f35050d72e95343c64aef66,2,Famous,q,1,0.7956
5f35050d72e95343c64aef66,2,Famous,q,1,0.8558
5f35050d72e95343c64aef66,2,Novel,q,0,0.8491
5f35050d72e95343c64aef66,3,Novel,q,0,0.6932
5f35050d72e95343c64aef66,3,Famous,q,1,0.6365
5f35050d72e95343c64aef66,3,Novel,p,1,0.8542
5f35050d72e95343c64aef66,3,Famous,p,0,0.9505
5f35050d72e95343c64aef66,3,Famous,q,1,0.7632
5f35050d72e95343c64aef66,3,Famous,q,1,0.7285
5f35050d72e95343c64aef66,3,Famous,q,1,0.9698
5f35050d72e95343c64aef66,3,Novel,p,1,0.912
5f35050d72e95343c64aef66,3,Novel,q,0,0.7119
5f35050d72e95343c64aef66,3,Novel,q,0,0.7936
5f35050d72e95343c64aef66,3,Novel,p,1,0.8938
5f35050d72e95343c64aef66,3,Famous,q,1,0.69
5f35050d72e95343c64aef66,3,Famous,q,1,0.6555
5f35050d72e95343c64aef66,3,Famous,q,1,0.7786
5f35050d72e95343c64aef66,3,Novel,p,1,0.8209
5f35050d72e95343c64aef66,3,Novel,p,1,0.7273
5f35050d72e95343c64aef66,3,Novel,q,0,0.7892
5f35050d72e95343c64aef66,3,Famous,q,1,0.8476
5f35050d72e95343c64aef66,3,Famous,q,1,0.6863
5f35050d72e95343c64aef66,3,Famous,q,1,0.6714
5f35050d72e95343c64aef66,3,Famous,q,1,0.8171
5f35050d72e95343c64aef66,3,Novel,q,0,0.8711
5f35050d72e95343c64aef66,3,Famous,q,1,0.6927
5f35050d72e95343c64aef66,3,Novel,p,1,0.7576
5f35050d72e95343c64aef66,3,Famous,q,1,0.752
5f35050d72e95343c64aef66,3,Novel,p,1,0.955
5f35050d72e95343c64aef66,3,Novel,p,1,0.7511
5f35050d72e95343c64aef66,3,Famous,q,1,0.67490000000000006
5f35050d72e95343c64aef66,3,Novel,p,1,0.7515
5f35050d72e95343c64aef66,3,Famous,q,1,0.7584
5f35050d72e95343c64aef66,3,Novel,p,1,0.7961
5f35050d72e95343c64aef66,3,Novel,q,0,0.7885
5f35050d72e95343c64aef66,3,Famous,q,1,0.6313
5f35050d72e95343c64aef66,3,Novel,p,1,0.7605
5f35050d72e95343c64aef66,3,Famous,q,1,0.7169
5f35050d72e95343c64aef66,3,Novel,q,0,0.9878
5f35050d72e95343c64aef66,3,Novel,p,1,0.7301
5f35050d72e95343c64aef66,3,Famous,q,1,0.7949
5f35050d72e95343c64aef66,3,Novel,p,1,0.7717
5f35050d72e95343c64aef66,3,Famous,q,1,0.8805
5f35050d72e95343c64aef66,3,Novel,p,1,0.8795
5f35050d72e95343c64aef66,3,Famous,q,1,0.9588
5f35050d72e95343c64aef66,3,Famous,q,1,0.7492
5f35050d72e95343c64aef66,3,Famous,q,1,0.6145
5f35050d72e95343c64aef66,3,Famous,q,1,0.7908
5f35050d72e95343c64aef66,3,Novel,p,1,0.8159
5f35050d72e95343c64aef66,3,Novel,q,0,0.8976
5f35050d72e95343c64aef66,3,Novel,p,1,0.654
5f35050d72e95343c64aef66,3,Novel,p,1,0.7331
5f35050d72e95343c64aef66,3,Famous,q,1,0.636
5f35050d72e95343c64aef66,3,Novel,p,1,0.8692
5f35050d72e95343c64aef66,3,Novel,p,1,0.8341
5f35050d72e95343c64aef66,3,Famous,q,1,0.7346
5f35050d72e95343c64aef66,3,Novel,p,1,0.9583
5f4fef64fd3fc113300fbb44,1,Famous,p,0,0.8501
5f4fef64fd3fc113300fbb44,1,Famous,q,1,0.893
5f4fef64fd3fc113300fbb44,1,Famous,q,1,0.9001
5f4fef64fd3fc113300fbb44,1,Famous,p,0,0.894
5f4fef64fd3fc113300fbb44,1,Novel,p,1,0.9405
5f4fef64fd3fc113300fbb44,1,Famous,q,1,0.8472
5f4fef64fd3fc113300fbb44,1,Novel,p,1,0.805099999
5f4fef64fd3fc113300fbb44,1,Novel,q,0,0.8074
5f4fef64fd3fc113300fbb44,1,Famous,p,0,0.7653
5f4fef64fd3fc113300fbb44,1,Novel,p,1,0.8515
5f4fef64fd3fc113300fbb44,1,Novel,p,1,1.0289
5f4fef64fd3fc113300fbb44,1,Novel,p,1,1.025400001
5f4fef64fd3fc113300fbb44,1,Famous,q,1,0.8927
5f4fef64fd3fc113300fbb44,1,Famous,p,0,0.8057
5f4fef64fd3fc113300fbb44,1,Novel,p,1,0.8952
5f4fef64fd3fc113300fbb44,1,Novel,p,1,0.8073
5f4fef64fd3fc113300fbb44,1,Novel,p,1,0.7623
5f4fef64fd3fc113300fbb44,1,Famous,p,0,0.9405
5f4fef64fd3fc113300fbb44,1,Famous,q,1,0.804200001
5f4fef64fd3fc113300fbb44,1,Novel,p,1,0.8066
5f4fef64fd3fc113300fbb44,1,Famous,p,0,0.891299999
5f4fef64fd3fc113300fbb44,1,Novel,p,1,0.8952
5f4fef64fd3fc113300fbb44,1,Famous,q,1,0.9839
5f4fef64fd3fc113300fbb44,1,Famous,p,0,0.8519
5f4fef64fd3fc113300fbb44,1,Famous,p,0,0.8492
5f4fef64fd3fc113300fbb44,1,Novel,p,1,0.8491
5f4fef64fd3fc113300fbb44,1,Famous,p,0,0.983099999
5f4fef64fd3fc113300fbb44,1,Famous,p,0,0.7605
5f4fef64fd3fc113300fbb44,1,Famous,p,0,0.9369
5f4fef64fd3fc113300fbb44,1,Novel,p,1,0.715
5f4fef64fd3fc113300fbb44,1,Famous,p,0,0.938
5f4fef64fd3fc113300fbb44,1,Novel,p,1,0.9825
5f4fef64fd3fc113300fbb44,1,Novel,p,1,0.8937
5f4fef64fd3fc113300fbb44,1,Novel,q,0,0.8928
5f4fef64fd3fc113300fbb44,1,Famous,q,1,1.0292
5f4fef64fd3fc113300fbb44,1,Famous,q,1,0.850299999
5f4fef64fd3fc113300fbb44,1,Famous,q,1,0.8041
5f4fef64fd3fc113300fbb44,1,Novel,p,1,0.938
5f4fef64fd3fc113300fbb44,1,Novel,p,1,0.762
5f4fef64fd3fc113300fbb44,1,Famous,p,0,0.8474
5f4fef64fd3fc113300fbb44,1,Novel,p,1,0.8037
5f4fef64fd3fc113300fbb44,1,Famous,q,1,0.9386
5f4fef64fd3fc113300fbb44,1,Famous,p,0,0.7606
5f4fef64fd3fc113300fbb44,1,Famous,p,0,0.8047
5f4fef64fd3fc113300fbb44,1,Famous,q,1,0.7618
5f4fef64fd3fc113300fbb44,1,Novel,p,1,1.036599999
5f4fef64fd3fc113300fbb44,1,Famous,p,0,0.894299999
5f4fef64fd3fc113300fbb44,1,Novel,p,1,0.8092
5f4fef64fd3fc113300fbb44,1,Novel,p,1,0.8547
5f4fef64fd3fc113300fbb44,1,Novel,p,1,0.8935
5f4fef64fd3fc113300fbb44,1,Novel,p,1,0.8487
5f4fef64fd3fc113300fbb44,1,Novel,p,1,0.8036
5f4fef64fd3fc113300fbb44,1,Novel,p,1,0.8077
5f4fef64fd3fc113300fbb44,1,Famous,p,0,0.8513
5f4fef64fd3fc113300fbb44,1,Novel,p,1,0.7587
5f4fef64fd3fc113300fbb44,2,Novel,p,1,0.8966
5f4fef64fd3fc113300fbb44,2,Famous,p,0,0.9838
5f4fef64fd3fc113300fbb44,2,Famous,q,1,0.7135
5f4fef64fd3fc113300fbb44,2,Famous,p,0,1.0293
5f4fef64fd3fc113300fbb44,2,Novel,p,1,0.717700001
5f4fef64fd3fc113300fbb44,2,Novel,p,1,0.8053
5f4fef64fd3fc113300fbb44,2,Famous,q,1,0.6742
5f4fef64fd3fc113300fbb44,2,Famous,q,1,0.9805
5f4fef64fd3fc113300fbb44,2,Famous,q,1,0.8497
5f4fef64fd3fc113300fbb44,2,Famous,p,0,0.8066
5f4fef64fd3fc113300fbb44,2,Novel,p,1,0.8492
5f4fef64fd3fc113300fbb44,2,Novel,p,1,0.850599999
5f4fef64fd3fc113300fbb44,2,Famous,q,1,0.8067
5f4fef64fd3fc113300fbb44,2,Famous,q,1,0.7615
5f4fef64fd3fc113300fbb44,2,Novel,p,1,0.7153
5f4fef64fd3fc113300fbb44,2,Novel,p,1,0.895
5f4fef64fd3fc113300fbb44,2,Novel,p,1,0.8057
5f4fef64fd3fc113300fbb44,2,Famous,p,0,0.760599999
5f4fef64fd3fc113300fbb44,2,Novel,p,1,0.8497
5f4fef64fd3fc113300fbb44,2,Novel,p,1,0.8916
5f4fef64fd3fc113300fbb44,2,Novel,p,1,0.8497
5f4fef64fd3fc113300fbb44,2,Famous,q,1,0.939099999
5f4fef64fd3fc113300fbb44,2,Novel,p,1,0.896
5f4fef64fd3fc113300fbb44,2,Novel,q,0,0.9391
5f4fef64fd3fc113300fbb44,2,Novel,p,1,0.9377
5f4fef64fd3fc113300fbb44,2,Novel,p,1,0.6308
5f4fef64fd3fc113300fbb44,2,Famous,q,1,0.6709
5f4fef64fd3fc113300fbb44,2,Famous,p,0,0.8945
5f4fef64fd3fc113300fbb44,2,Famous,p,0,0.9819
5f4fef64fd3fc113300fbb44,2,Novel,p,1,0.8032
5f4fef64fd3fc113300fbb44,2,Novel,p,1,0.8911
5f4fef64fd3fc113300fbb44,2,Famous,q,1,0.7643
5f4fef64fd3fc113300fbb44,2,Famous,p,0,0.8114
5f4fef64fd3fc113300fbb44,2,Novel,p,1,0.6707
5f4fef64fd3fc113300fbb44,2,Novel,p,1,0.717099999
5f4fef64fd3fc113300fbb44,2,Famous,q,1,0.851299999
5f4fef64fd3fc113300fbb44,2,Novel,p,1,0.895
5f4fef64fd3fc113300fbb44,2,Famous,p,0,1.026900001
5f4fef64fd3fc113300fbb44,2,Novel,p,1,0.8932
5f4fef64fd3fc113300fbb44,2,Famous,q,1,0.8472
5f4fef64fd3fc113300fbb44,2,Famous,p,0,0.9401
5f4fef64fd3fc113300fbb44,2,Novel,p,1,0.7158
5f4fef64fd3fc113300fbb44,2,Famous,q,1,0.9394
5f4fef64fd3fc113300fbb44,2,Novel,p,1,0.7247
5f4fef64fd3fc113300fbb44,2,Famous,q,1,0.8491
5f4fef64fd3fc113300fbb44,2,Novel,p,1,0.8105
5f4fef64fd3fc113300fbb44,2,Novel,p,1,0.8499
5f4fef64fd3fc113300fbb44,2,Famous,q,1,0.8503
5f4fef64fd3fc113300fbb44,2,Novel,p,1,0.8951
5f4fef64fd3fc113300fbb44,2,Famous,q,1,0.7133
5f4fef64fd3fc113300fbb44,2,Famous,q,1,0.8537
5f4fef64fd3fc113300fbb44,2,Famous,p,0,1.0305
5f4fef64fd3fc113300fbb44,2,Famous,p,0,1.0313
5f4fef64fd3fc113300fbb44,2,Famous,p,0,0.7184
5f4fef64fd3fc113300fbb44,2,Famous,p,0,0.892099999
5f4fef64fd3fc113300fbb44,2,Novel,p,1,0.758900001
5f4fef64fd3fc113300fbb44,2,Novel,p,1,0.7339
5f4fef64fd3fc113300fbb44,3,Novel,p,1,0.892700001
5f4fef64fd3fc113300fbb44,3,Novel,p,1,0.8051
5f4fef64fd3fc113300fbb44,3,Novel,p,1,0.896
5f4fef64fd3fc113300fbb44,3,Famous,q,1,0.7172
5f4fef64fd3fc113300fbb44,3,Famous,p,0,0.8038
5f4fef64fd3fc113300fbb44,3,Famous,q,1,0.670700001
5f4fef64fd3fc113300fbb44,3,Famous,q,1,0.894
5f4fef64fd3fc113300fbb44,3,Novel,p,1,0.9358
5f4fef64fd3fc113300fbb44,3,Novel,p,1,0.803
5f4fef64fd3fc113300fbb44,3,Novel,p,1,0.7589
5f4fef64fd3fc113300fbb44,3,Novel,p,1,0.8029
5f4fef64fd3fc113300fbb44,3,Novel,p,1,0.8467
5f4fef64fd3fc113300fbb44,3,Novel,p,1,0.7595
5f4fef64fd3fc113300fbb44,3,Novel,p,1,1.0256
5f4fef64fd3fc113300fbb44,3,Famous,p,0,0.8078
5f4fef64fd3fc113300fbb44,3,Novel,p,1,0.802599999
5f4fef64fd3fc113300fbb44,3,Famous,q,1,0.762
5f4fef64fd3fc113300fbb44,3,Famous,q,1,0.805
5f4fef64fd3fc113300fbb44,3,Famous,q,1,0.763
5f4fef64fd3fc113300fbb44,3,Novel,p,1,0.7591
5f4fef64fd3fc113300fbb44,3,Famous,p,0,0.764099999
5f4fef64fd3fc113300fbb44,3,Novel,p,1,0.9362
5f4fef64fd3fc113300fbb44,3,Famous,p,0,1.030099999
5f4fef64fd3fc113300fbb44,3,Novel,q,0,1.028400001
5f4fef64fd3fc113300fbb44,3,Famous,q,1,0.8913
5f4fef64fd3fc113300fbb44,3,Novel,p,1,0.8944
5f4fef64fd3fc113300fbb44,3,Famous,q,1,0.8515
5f4fef64fd3fc113300fbb44,3,Novel,p,1,0.761799999
5f4fef64fd3fc113300fbb44,3,Novel,p,1,0.7612
5f4fef64fd3fc113300fbb44,3,Novel,p,1,0.7615
5f4fef64fd3fc113300fbb44,3,Novel,p,1,0.761200001
5f4fef64fd3fc113300fbb44,3,Famous,p,0,0.9402
5f4fef64fd3fc113300fbb44,3,Famous,p,0,0.9391
5f4fef64fd3fc113300fbb44,3,Novel,p,1,0.8937
5f4fef64fd3fc113300fbb44,3,Novel,p,1,0.7565
5f4fef64fd3fc113300fbb44,3,Famous,q,1,0.765
5f4fef64fd3fc113300fbb44,3,Novel,p,1,0.804
5f4fef64fd3fc113300fbb44,3,Famous,q,1,0.852400001
5f4fef64fd3fc113300fbb44,3,Famous,q,1,0.8116
5f4fef64fd3fc113300fbb44,3,Novel,p,1,0.717099999
5f4fef64fd3fc113300fbb44,3,Famous,p,0,0.8026
5f4fef64fd3fc113300fbb44,3,Novel,p,1,0.761099999
5f4fef64fd3fc113300fbb44,3,Famous,p,0,0.7633
5f4fef64fd3fc113300fbb44,3,Novel,p,1,0.8497
5f4fef64fd3fc113300fbb44,3,Famous,q,1,0.7587
5f4fef64fd3fc113300fbb44,3,Famous,p,0,0.8938
5f4fef64fd3fc113300fbb44,3,Famous,q,1,0.7629
5f4fef64fd3fc113300fbb44,3,Novel,p,1,0.760400001
5f4fef64fd3fc113300fbb44,3,Famous,q,1,0.761
5f4fef64fd3fc113300fbb44,3,Famous,p,0,1.0273
5f4fef64fd3fc113300fbb44,3,Novel,p,1,0.8505
5f4fef64fd3fc113300fbb44,3,Famous,p,0,0.8491
5f4fef64fd3fc113300fbb44,3,Novel,p,1,0.8926
5f4fef64fd3fc113300fbb44,3,Famous,q,1,0.9841
5f4fef64fd3fc113300fbb44,3,Famous,p,0,0.9808
5f4fef64fd3fc113300fbb44,3,Novel,p,1,0.762599999
5f4fef64fd3fc113300fbb44,3,Novel,p,1,0.7612
5f75d01a857e4e27a575f7ca,1,Famous,p,0,0.8486
5f75d01a857e4e27a575f7ca,1,Famous,p,0,0.9162
5f75d01a857e4e27a575f7ca,1,Famous,q,1,0.8503
5f75d01a857e4e27a575f7ca,1,Novel,p,1,0.7735
5f75d01a857e4e27a575f7ca,1,Famous,q,1,1.0486
5f75d01a857e4e27a575f7ca,1,Famous,p,0,0.9161
5f75d01a857e4e27a575f7ca,1,Famous,q,1,0.7905
5f75d01a857e4e27a575f7ca,1,Famous,p,0,0.9964
5f75d01a857e4e27a575f7ca,1,Famous,q,1,1.0199
5f75d01a857e4e27a575f7ca,1,Novel,p,1,0.868
5f75d01a857e4e27a575f7ca,1,Famous,q,1,0.706
5f75d01a857e4e27a575f7ca,1,Famous,p,0,0.9923
5f75d01a857e4e27a575f7ca,1,Novel,p,1,0.7933
5f75d01a857e4e27a575f7ca,1,Famous,q,1,0.6846
5f75d01a857e4e27a575f7ca,1,Famous,p,0,0.8263
5f75d01a857e4e27a575f7ca,1,Novel,p,1,0.9057
5f75d01a857e4e27a575f7ca,1,Novel,p,1,0.803
5f75d01a857e4e27a575f7ca,1,Novel,p,1,0.8737
5f75d01a857e4e27a575f7ca,1,Novel,p,1,1.0437
5f75d01a857e4e27a575f7ca,1,Novel,p,1,0.9012
5f75d01a857e4e27a575f7ca,1,Novel,p,1,0.7849
5f75d01a857e4e27a575f7ca,1,Famous,p,0,0.8268
5f75d01a857e4e27a575f7ca,1,Novel,p,1,0.7582
5f75d01a857e4e27a575f7ca,1,Novel,p,1,0.9161
5f75d01a857e4e27a575f7ca,1,Novel,p,1,0.7948
5f75d01a857e4e27a575f7ca,1,Novel,p,1,0.8003
5f75d01a857e4e27a575f7ca,1,Novel,p,1,0.8494
5f75d01a857e4e27a575f7ca,1,Famous,q,1,0.8394
5f75d01a857e4e27a575f7ca,1,Famous,q,1,1.0331
5f75d01a857e4e27a575f7ca,1,Novel,p,1,0.8373
5f75d01a857e4e27a575f7ca,1,Famous,q,1,0.7673
5f75d01a857e4e27a575f7ca,1,Famous,q,1,0.6448
5f75d01a857e4e27a575f7ca,1,Novel,p,1,0.8053
5f75d01a857e4e27a575f7ca,1,Novel,p,1,0.7421
5f75d01a857e4e27a575f7ca,1,Famous,p,0,0.8162
5f75d01a857e4e27a575f7ca,1,Famous,q,1,0.8112
5f75d01a857e4e27a575f7ca,1,Famous,p,0,0.7527
5f75d01a857e4e27a575f7ca,1,Famous,q,1,0.9499
5f75d01a857e4e27a575f7ca,1,Novel,p,1,0.7075
5f75d01a857e4e27a575f7ca,1,Novel,p,1,0.7158
5f75d01a857e4e27a575f7ca,1,Novel,p,1,0.7944
5f75d01a857e4e27a575f7ca,1,Novel,p,1,0.7585
5f75d01a857e4e27a575f7ca,1,Novel,p,1,0.7013
5f75d01a857e4e27a575f7ca,1,Novel,p,1,0.8126
5f75d01a857e4e27a575f7ca,1,Novel,p,1,0.7863
5f75d01a857e4e27a575f7ca,1,Famous,q,1,0.962
5f75d01a857e4e27a575f7ca,1,Famous,p,0,0.8742
5f75d01a857e4e27a575f7ca,1,Famous,q,1,0.857
5f75d01a857e4e27a575f7ca,1,Novel,p,1,0.7416
5f75d01a857e4e27a575f7ca,1,Famous,p,0,0.7431
5f75d01a857e4e27a575f7ca,1,Novel,p,1,1.0035
5f75d01a857e4e27a575f7ca,1,Novel,p,1,1.0444
5f75d01a857e4e27a575f7ca,2,Famous,q,1,0.8721
5f75d01a857e4e27a575f7ca,2,Famous,q,1,0.7428
5f75d01a857e4e27a575f7ca,2,Novel,p,1,0.859
5f75d01a857e4e27a575f7ca,2,Novel,p,1,0.7759
5f75d01a857e4e27a575f7ca,2,Famous,q,1,0.7171
5f75d01a857e4e27a575f7ca,2,Novel,p,1,0.7772
5f75d01a857e4e27a575f7ca,2,Famous,q,1,0.6673
5f75d01a857e4e27a575f7ca,2,Novel,p,1,0.9615
5f75d01a857e4e27a575f7ca,2,Famous,q,1,0.6497
5f75d01a857e4e27a575f7ca,2,Famous,q,1,0.8208
5f75d01a857e4e27a575f7ca,2,Famous,q,1,0.9172
5f75d01a857e4e27a575f7ca,2,Novel,p,1,0.9359
5f75d01a857e4e27a575f7ca,2,Novel,q,0,0.7502
5f75d01a857e4e27a575f7ca,2,Novel,p,1,0.6688
5f75d01a857e4e27a575f7ca,2,Famous,q,1,0.9895
5f75d01a857e4e27a575f7ca,2,Novel,p,1,0.769
5f75d01a857e4e27a575f7ca,2,Famous,p,0,0.8452
5f75d01a857e4e27a575f7ca,2,Famous,q,1,0.9361
5f75d01a857e4e27a575f7ca,2,Novel,q,0,0.8428
5f75d01a857e4e27a575f7ca,2,Famous,q,1,0.9933
5f75d01a857e4e27a575f7ca,2,Novel,q,0,0.9557
5f75d01a857e4e27a575f7ca,2,Novel,p,1,0.8842
5f75d01a857e4e27a575f7ca,2,Famous,q,1,0.8344
5f75d01a857e4e27a575f7ca,2,Famous,p,0,0.9565
5f75d01a857e4e27a575f7ca,2,Novel,p,1,0.8844
5f75d01a857e4e27a575f7ca,2,Famous,q,1,0.6362
5f75d01a857e4e27a575f7ca,2,Famous,q,1,0.6858
5f75d01a857e4e27a575f7ca,2,Famous,q,1,0.8396
5f75d01a857e4e27a575f7ca,2,Novel,p,1,0.9511
5f75d01a857e4e27a575f7ca,2,Novel,p,1,0.9668
5f75d01a857e4e27a575f7ca,2,Novel,p,1,0.996
5f75d01a857e4e27a575f7ca,2,Famous,q,1,0.7375
5f75d01a857e4e27a575f7ca,2,Famous,q,1,0.8547
5f75d01a857e4e27a575f7ca,2,Novel,p,1,0.8716
5f75d01a857e4e27a575f7ca,2,Novel,p,1,0.8692
5f75d01a857e4e27a575f7ca,2,Famous,q,1,0.8113
5f75d01a857e4e27a575f7ca,2,Novel,q,0,0.9354
5f75d01a857e4e27a575f7ca,2,Famous,p,0,0.9447
5f75d01a857e4e27a575f7ca,2,Novel,p,1,0.9165
5f75d01a857e4e27a575f7ca,2,Famous,q,1,0.7746
5f75d01a857e4e27a575f7ca,2,Famous,q,1,0.7663
5f75d01a857e4e27a575f7ca,2,Famous,q,1,0.7216
5f75d01a857e4e27a575f7ca,2,Novel,q,0,1.0238
5f75d01a857e4e27a575f7ca,2,Novel,p,1,0.9256
5f75d01a857e4e27a575f7ca,2,Famous,q,1,0.8104
5f75d01a857e4e27a575f7ca,2,Novel,p,1,0.9393
5f75d01a857e4e27a575f7ca,2,Novel,q,0,0.8993
5f75d01a857e4e27a575f7ca,2,Famous,q,1,0.7183
5f75d01a857e4e27a575f7ca,2,Famous,q,1,0.6254
5f75d01a857e4e27a575f7ca,2,Famous,q,1,0.8212
5f75d01a857e4e27a575f7ca,2,Famous,p,0,1.0284
5f75d01a857e4e27a575f7ca,2,Novel,p,1,0.811
5f75d01a857e4e27a575f7ca,2,Famous,q,1,1.0178
5f75d01a857e4e27a575f7ca,2,Novel,p,1,1.0028
5f75d01a857e4e27a575f7ca,2,Novel,p,1,1.0392
5f75d01a857e4e27a575f7ca,3,Novel,p,1,0.8818
5f75d01a857e4e27a575f7ca,3,Famous,q,1,0.8201
5f75d01a857e4e27a575f7ca,3,Famous,q,1,0.5847
5f75d01a857e4e27a575f7ca,3,Novel,p,1,0.7492
5f75d01a857e4e27a575f7ca,3,Famous,q,1,0.7686
5f75d01a857e4e27a575f7ca,3,Famous,q,1,0.6931
5f75d01a857e4e27a575f7ca,3,Novel,p,1,0.7852
5f75d01a857e4e27a575f7ca,3,Famous,q,1,0.6858
5f75d01a857e4e27a575f7ca,3,Novel,q,0,0.7385
5f75d01a857e4e27a575f7ca,3,Famous,q,1,0.6798
5f75d01a857e4e27a575f7ca,3,Famous,q,1,0.8894
5f75d01a857e4e27a575f7ca,3,Novel,p,1,0.7865
5f75d01a857e4e27a575f7ca,3,Famous,q,1,0.7193
5f75d01a857e4e27a575f7ca,3,Novel,p,1,0.7726
5f75d01a857e4e27a575f7ca,3,Famous,p,0,0.9
5f75d01a857e4e27a575f7ca,3,Novel,p,1,0.7954
5f75d01a857e4e27a575f7ca,3,Novel,p,1,0.9767
5f75d01a857e4e27a575f7ca,3,Famous,q,1,0.8292
5f75d01a857e4e27a575f7ca,3,Novel,p,1,0.8786
5f75d01a857e4e27a575f7ca,3,Famous,q,1,0.7838
5f75d01a857e4e27a575f7ca,3,Famous,q,1,0.7385
5f75d01a857e4e27a575f7ca,3,Novel,p,1,0.8713
5f75d01a857e4e27a575f7ca,3,Novel,p,1,0.81
5f75d01a857e4e27a575f7ca,3,Famous,q,1,0.7233
5f75d01a857e4e27a575f7ca,3,Famous,q,1,0.9334
5f75d01a857e4e27a575f7ca,3,Famous,q,1,0.6174
5f75d01a857e4e27a575f7ca,3,Novel,p,1,0.8519
5f75d01a857e4e27a575f7ca,3,Famous,q,1,0.7579
5f75d01a857e4e27a575f7ca,3,Novel,p,1,0.8851
5f75d01a857e4e27a575f7ca,3,Famous,q,1,0.8234
5f75d01a857e4e27a575f7ca,3,Famous,q,1,0.6545
5f75d01a857e4e27a575f7ca,3,Famous,q,1,0.7587
5f75d01a857e4e27a575f7ca,3,Novel,p,1,0.7429
5f75d01a857e4e27a575f7ca,3,Famous,q,1,0.7065
5f75d01a857e4e27a575f7ca,3,Novel,q,0,0.9068
5f75d01a857e4e27a575f7ca,3,Famous,q,1,0.5757
5f75d01a857e4e27a575f7ca,3,Famous,q,1,0.638
5f75d01a857e4e27a575f7ca,3,Novel,p,1,0.9093
5f75d01a857e4e27a575f7ca,3,Novel,q,0,0.6522
5f75d01a857e4e27a575f7ca,3,Novel,p,1,0.9272
5f75d01a857e4e27a575f7ca,3,Novel,p,1,0.8832
5f75d01a857e4e27a575f7ca,3,Famous,q,1,0.5972
5f75d01a857e4e27a575f7ca,3,Famous,q,1,0.7862
5f75d01a857e4e27a575f7ca,3,Novel,p,1,0.9295
5f75d01a857e4e27a575f7ca,3,Novel,p,1,0.7369
5f75d01a857e4e27a575f7ca,3,Famous,q,1,0.8034
5f75d01a857e4e27a575f7ca,3,Famous,q,1,0.8287
5f75d01a857e4e27a575f7ca,3,Novel,p,1,0.8001
5f75d01a857e4e27a575f7ca,3,Novel,p,1,0.9284
5f75d01a857e4e27a575f7ca,3,Novel,p,1,0.7944
5f75d01a857e4e27a575f7ca,3,Famous,q,1,0.7346
5f75d01a857e4e27a575f7ca,3,Famous,q,1,0.5848
5f75d01a857e4e27a575f7ca,3,Famous,p,0,0.8372
5f75d01a857e4e27a575f7ca,3,Novel,p,1,0.9005
5f75d01a857e4e27a575f7ca,3,Novel,p,1,0.774
60154af277ec314fd8fe1449,1,Novel,p,1,0.8186
60154af277ec314fd8fe1449,1,Famous,q,1,0.6858
60154af277ec314fd8fe1449,1,Novel,q,0,0.8228
60154af277ec314fd8fe1449,1,Famous,q,1,0.7132
60154af277ec314fd8fe1449,1,Novel,p,1,0.7265
60154af277ec314fd8fe1449,1,Famous,q,1,0.7323
60154af277ec314fd8fe1449,1,Famous,q,1,0.7564
60154af277ec314fd8fe1449,1,Novel,p,1,0.609
60154af277ec314fd8fe1449,1,Famous,p,0,0.6778
60154af277ec314fd8fe1449,1,Novel,q,0,0.8372
60154af277ec314fd8fe1449,1,Novel,p,1,0.9065
60154af277ec314fd8fe1449,1,Novel,q,0,0.7431
60154af277ec314fd8fe1449,1,Famous,q,1,0.656
60154af277ec314fd8fe1449,1,Famous,q,1,0.8362
60154af277ec314fd8fe1449,1,Novel,p,1,0.5903
60154af277ec314fd8fe1449,1,Novel,p,1,0.5416
60154af277ec314fd8fe1449,1,Novel,p,1,0.7519
60154af277ec314fd8fe1449,1,Novel,p,1,0.5931
60154af277ec314fd8fe1449,1,Novel,p,1,0.5933
60154af277ec314fd8fe1449,1,Famous,p,0,0.7695
60154af277ec314fd8fe1449,1,Famous,q,1,0.6092
60154af277ec314fd8fe1449,1,Famous,p,0,0.6122
60154af277ec314fd8fe1449,1,Famous,p,0,0.6488
60154af277ec314fd8fe1449,1,Novel,p,1,0.496
60154af277ec314fd8fe1449,1,Famous,q,1,0.7547
60154af277ec314fd8fe1449,1,Famous,p,0,0.5271
60154af277ec314fd8fe1449,1,Famous,p,0,0.678
60154af277ec314fd8fe1449,1,Famous,p,0,0.7767
60154af277ec314fd8fe1449,1,Famous,p,0,0.6504
60154af277ec314fd8fe1449,1,Novel,q,0,0.651
60154af277ec314fd8fe1449,1,Famous,q,1,0.6243
60154af277ec314fd8fe1449,1,Famous,q,1,0.7576
60154af277ec314fd8fe1449,1,Novel,p,1,0.6662
60154af277ec314fd8fe1449,1,Novel,p,1,0.6212
60154af277ec314fd8fe1449,1,Novel,p,1,0.5322
60154af277ec314fd8fe1449,1,Famous,p,0,0.4923
60154af277ec314fd8fe1449,1,Famous,p,0,0.7324
60154af277ec314fd8fe1449,1,Novel,p,1,0.8084
60154af277ec314fd8fe1449,1,Famous,q,1,0.7167
60154af277ec314fd8fe1449,1,Famous,p,0,0.765
60154af277ec314fd8fe1449,1,Novel,p,1,0.9486
60154af277ec314fd8fe1449,1,Famous,q,1,0.8215
60154af277ec314fd8fe1449,1,Novel,p,1,0.5405
60154af277ec314fd8fe1449,1,Novel,p,1,0.727
60154af277ec314fd8fe1449,1,Famous,p,0,0.4999
60154af277ec314fd8fe1449,1,Novel,p,1,0.5367
60154af277ec314fd8fe1449,1,Novel,p,1,0.5727
60154af277ec314fd8fe1449,1,Novel,q,0,0.6108
60154af277ec314fd8fe1449,1,Novel,p,1,0.5042
60154af277ec314fd8fe1449,1,Novel,p,1,0.9248
60154af277ec314fd8fe1449,1,Novel,p,1,0.6032
60154af277ec314fd8fe1449,1,Famous,p,0,0.62
60154af277ec314fd8fe1449,1,Famous,p,0,0.6322
60154af277ec314fd8fe1449,1,Famous,p,0,0.6773
60154af277ec314fd8fe1449,1,Novel,p,1,0.7083
60154af277ec314fd8fe1449,1,Novel,p,1,0.5962
60154af277ec314fd8fe1449,2,Novel,p,1,0.789
60154af277ec314fd8fe1449,2,Novel,p,1,0.6117
60154af277ec314fd8fe1449,2,Novel,q,0,0.7722
60154af277ec314fd8fe1449,2,Famous,q,1,0.5866
60154af277ec314fd8fe1449,2,Novel,q,0,0.5731
60154af277ec314fd8fe1449,2,Famous,q,1,0.8048
60154af277ec314fd8fe1449,2,Novel,p,1,0.5959
60154af277ec314fd8fe1449,2,Famous,p,0,0.4891
60154af277ec314fd8fe1449,2,Novel,p,1,0.5291
60154af277ec314fd8fe1449,2,Famous,p,0,0.6576
60154af277ec314fd8fe1449,2,Novel,p,1,0.6626
60154af277ec314fd8fe1449,2,Novel,q,0,0.7383
60154af277ec314fd8fe1449,2,Novel,p,1,0.8555
60154af277ec314fd8fe1449,2,Famous,q,1,0.6075
60154af277ec314fd8fe1449,2,Novel,p,1,0.5768
60154af277ec314fd8fe1449,2,Novel,p,1,0.9156
60154af277ec314fd8fe1449,2,Novel,p,1,0.6635
60154af277ec314fd8fe1449,2,Novel,p,1,0.778
60154af277ec314fd8fe1449,2,Famous,q,1,0.8766
60154af277ec314fd8fe1449,2,Novel,p,1,0.8609
60154af277ec314fd8fe1449,2,Novel,q,0,0.7671
60154af277ec314fd8fe1449,2,Novel,p,1,0.497
60154af277ec314fd8fe1449,2,Famous,p,0,0.4841
60154af277ec314fd8fe1449,2,Famous,p,0,0.5888
60154af277ec314fd8fe1449,2,Novel,p,1,0.543
60154af277ec314fd8fe1449,2,Famous,p,0,0.423
60154af277ec314fd8fe1449,2,Famous,q,1,0.6578
60154af277ec314fd8fe1449,2,Novel,p,1,0.573
60154af277ec314fd8fe1449,2,Famous,q,1,0.7551
60154af277ec314fd8fe1449,2,Novel,p,1,0.8262
60154af277ec314fd8fe1449,2,Famous,q,1,0.6476
60154af277ec314fd8fe1449,2,Novel,p,1,0.7888
60154af277ec314fd8fe1449,2,Novel,p,1,0.4422
60154af277ec314fd8fe1449,2,Famous,p,0,0.4469
60154af277ec314fd8fe1449,2,Famous,p,0,0.4884
60154af277ec314fd8fe1449,2,Famous,q,1,0.7402
60154af277ec314fd8fe1449,2,Famous,q,1,0.4252
60154af277ec314fd8fe1449,2,Novel,p,1,0.5479
60154af277ec314fd8fe1449,2,Famous,p,0,0.5605
60154af277ec314fd8fe1449,2,Novel,p,1,0.5369
60154af277ec314fd8fe1449,2,Famous,p,0,0.7247
60154af277ec314fd8fe1449,2,Novel,p,1,0.6564
60154af277ec314fd8fe1449,2,Novel,p,1,0.5718
60154af277ec314fd8fe1449,2,Famous,q,1,0.9702
60154af277ec314fd8fe1449,2,Novel,p,1,0.9585
60154af277ec314fd8fe1449,2,Famous,q,1,0.8234
60154af277ec314fd8fe1449,2,Famous,p,0,0.8645
60154af277ec314fd8fe1449,2,Novel,p,1,0.704
60154af277ec314fd8fe1449,2,Famous,q,1,0.6242
60154af277ec314fd8fe1449,2,Famous,q,1,0.7893
60154af277ec314fd8fe1449,2,Novel,p,1,0.4873
60154af277ec314fd8fe1449,2,Novel,p,1,0.7722
60154af277ec314fd8fe1449,2,Famous,p,0,0.6852
60154af277ec314fd8fe1449,2,Famous,q,1,0.743
60154af277ec314fd8fe1449,2,Famous,q,1,0.6454
60154af277ec314fd8fe1449,2,Famous,p,0,0.6864
60154af277ec314fd8fe1449,2,Famous,q,1,0.7628
60154af277ec314fd8fe1449,2,Famous,q,1,0.7138
60154af277ec314fd8fe1449,2,Famous,p,0,0.6711
60154af277ec314fd8fe1449,2,Novel,p,1,0.649
60154af277ec314fd8fe1449,3,Famous,q,1,0.6662
60154af277ec314fd8fe1449,3,Famous,p,0,0.6333
60154af277ec314fd8fe1449,3,Famous,q,1,0.7496
60154af277ec314fd8fe1449,3,Famous,p,0,0.7955
60154af277ec314fd8fe1449,3,Novel,p,1,0.7064
60154af277ec314fd8fe1449,3,Novel,q,0,0.6465
60154af277ec314fd8fe1449,3,Novel,p,1,0.5433
60154af277ec314fd8fe1449,3,Novel,p,1,0.3902
60154af277ec314fd8fe1449,3,Famous,q,1,0.6903
60154af277ec314fd8fe1449,3,Novel,p,1,0.512
60154af277ec314fd8fe1449,3,Novel,p,1,0.6586
60154af277ec314fd8fe1449,3,Novel,p,1,0.5498
60154af277ec314fd8fe1449,3,Famous,p,0,0.689
60154af277ec314fd8fe1449,3,Novel,p,1,0.5485
60154af277ec314fd8fe1449,3,Famous,q,1,0.6234
60154af277ec314fd8fe1449,3,Famous,q,1,0.6639
60154af277ec314fd8fe1449,3,Famous,q,1,0.7263
60154af277ec314fd8fe1449,3,Famous,p,0,0.5301
60154af277ec314fd8fe1449,3,Novel,p,1,0.7661
60154af277ec314fd8fe1449,3,Famous,p,0,0.5319
60154af277ec314fd8fe1449,3,Famous,p,0,0.4709
60154af277ec314fd8fe1449,3,Novel,p,1,0.6281
60154af277ec314fd8fe1449,3,Famous,p,0,0.7393
60154af277ec314fd8fe1449,3,Famous,q,1,0.7037
60154af277ec314fd8fe1449,3,Novel,p,1,0.5394
60154af277ec314fd8fe1449,3,Novel,p,1,0.5861
60154af277ec314fd8fe1449,3,Novel,p,1,0.7825
60154af277ec314fd8fe1449,3,Novel,p,1,0.868
60154af277ec314fd8fe1449,3,Famous,p,0,0.5096
60154af277ec314fd8fe1449,3,Novel,p,1,0.5262
60154af277ec314fd8fe1449,3,Famous,p,0,0.5798
60154af277ec314fd8fe1449,3,Novel,p,1,0.6608
60154af277ec314fd8fe1449,3,Novel,p,1,0.555
60154af277ec314fd8fe1449,3,Famous,q,1,0.6323
60154af277ec314fd8fe1449,3,Novel,p,1,0.5672
60154af277ec314fd8fe1449,3,Famous,p,0,0.5471
60154af277ec314fd8fe1449,3,Famous,q,1,0.5975
60154af277ec314fd8fe1449,3,Novel,p,1,0.6613
60154af277ec314fd8fe1449,3,Famous,q,1,0.5266
60154af277ec314fd8fe1449,3,Famous,p,0,0.5517
60154af277ec314fd8fe1449,3,Famous,p,0,0.606
60154af277ec314fd8fe1449,3,Famous,p,0,0.5978
60154af277ec314fd8fe1449,3,Novel,p,1,0.6644
60154af277ec314fd8fe1449,3,Novel,p,1,0.4013
60154af277ec314fd8fe1449,3,Novel,p,1,0.47
60154af277ec314fd8fe1449,3,Novel,p,1,0.5337
60154af277ec314fd8fe1449,3,Novel,p,1,0.6585
60154af277ec314fd8fe1449,3,Famous,p,0,0.5496
60154af277ec314fd8fe1449,3,Novel,p,1,1.0546
60154af277ec314fd8fe1449,3,Famous,p,0,0.5445
60154af277ec314fd8fe1449,3,Novel,p,1,0.5397
60154af277ec314fd8fe1449,3,Novel,p,1,0.5771
60154af277ec314fd8fe1449,3,Famous,p,0,0.5719
60154af277ec314fd8fe1449,3,Novel,p,1,0.7103
60154af277ec314fd8fe1449,3,Famous,p,0,0.7057
60154af277ec314fd8fe1449,3,Novel,p,1,0.6553
60154af277ec314fd8fe1449,3,Novel,q,0,0.6247
60154af277ec314fd8fe1449,3,Famous,p,0,0.6716
60154af277ec314fd8fe1449,3,Famous,p,0,0.5894
62aa591a476ebabe28612a92,1,Novel,p,1,0.6582
62aa591a476ebabe28612a92,1,Famous,q,1,0.6868
62aa591a476ebabe28612a92,1,Novel,p,1,0.5985
62aa591a476ebabe28612a92,1,Novel,p,1,0.5562
62aa591a476ebabe28612a92,1,Novel,p,1,0.56
62aa591a476ebabe28612a92,1,Famous,q,1,0.6114
62aa591a476ebabe28612a92,1,Famous,p,0,0.5972
62aa591a476ebabe28612a92,1,Novel,p,1,0.6158
62aa591a476ebabe28612a92,1,Famous,q,1,0.5081
62aa591a476ebabe28612a92,1,Novel,p,1,0.5873
62aa591a476ebabe28612a92,1,Novel,p,1,0.6294
62aa591a476ebabe28612a92,1,Famous,q,1,0.6186
62aa591a476ebabe28612a92,1,Novel,p,1,0.7316
62aa591a476ebabe28612a92,1,Novel,p,1,0.9482
62aa591a476ebabe28612a92,1,Novel,p,1,0.7773
62aa591a476ebabe28612a92,1,Famous,q,1,0.9368
62aa591a476ebabe28612a92,1,Novel,p,1,0.6488
62aa591a476ebabe28612a92,1,Novel,p,1,0.724
62aa591a476ebabe28612a92,1,Famous,q,1,0.7418
62aa591a476ebabe28612a92,1,Novel,p,1,0.6807
62aa591a476ebabe28612a92,1,Famous,q,1,0.8065
62aa591a476ebabe28612a92,1,Novel,p,1,0.8174
62aa591a476ebabe28612a92,1,Famous,q,1,0.7527
62aa591a476ebabe28612a92,1,Famous,q,1,1.021
62aa591a476ebabe28612a92,1,Novel,p,1,0.703
62aa591a476ebabe28612a92,1,Novel,p,1,0.6241
62aa591a476ebabe28612a92,1,Novel,p,1,0.9634
62aa591a476ebabe28612a92,1,Novel,p,1,0.6859
62aa591a476ebabe28612a92,1,Famous,p,0,0.8687
62aa591a476ebabe28612a92,1,Famous,q,1,0.6711
62aa591a476ebabe28612a92,1,Novel,p,1,0.5959
62aa591a476ebabe28612a92,1,Famous,q,1,0.7152
62aa591a476ebabe28612a92,1,Novel,p,1,0.9888
62aa591a476ebabe28612a92,1,Famous,p,0,0.687
62aa591a476ebabe28612a92,1,Famous,q,1,0.6349
62aa591a476ebabe28612a92,1,Famous,q,1,0.6374
62aa591a476ebabe28612a92,1,Famous,q,1,0.5312
62aa591a476ebabe28612a92,1,Famous,q,1,0.5194
62aa591a476ebabe28612a92,1,Famous,p,0,0.7442
62aa591a476ebabe28612a92,1,Famous,p,0,0.6642
62aa591a476ebabe28612a92,1,Novel,q,0,0.9052
62aa591a476ebabe28612a92,1,Famous,q,1,0.4908
62aa591a476ebabe28612a92,1,Novel,p,1,0.9951
62aa591a476ebabe28612a92,1,Novel,p,1,0.7522
62aa591a476ebabe28612a92,1,Famous,q,1,0.7996
62aa591a476ebabe28612a92,1,Novel,p,1,0.72
62aa591a476ebabe28612a92,1,Novel,p,1,0.5445
62aa591a476ebabe28612a92,1,Famous,q,1,0.7539
62aa591a476ebabe28612a92,1,Famous,q,1,0.586
62aa591a476ebabe28612a92,1,Famous,q,1,0.9036
62aa591a476ebabe28612a92,1,Famous,q,1,0.5711
62aa591a476ebabe28612a92,1,Novel,p,1,0.8917
62aa591a476ebabe28612a92,1,Novel,p,1,0.8922
62aa591a476ebabe28612a92,2,Novel,p,1,0.6402
62aa591a476ebabe28612a92,2,Famous,p,0,0.5366
62aa591a476ebabe28612a92,2,Famous,q,1,0.5792
62aa591a476ebabe28612a92,2,Famous,q,1,0.6582
62aa591a476ebabe28612a92,2,Famous,p,0,0.5891
62aa591a476ebabe28612a92,2,Famous,q,1,0.8778
62aa591a476ebabe28612a92,2,Famous,q,1,0.4727
62aa591a476ebabe28612a92,2,Novel,p,1,0.7976
62aa591a476ebabe28612a92,2,Novel,p,1,0.8174
62aa591a476ebabe28612a92,2,Novel,p,1,0.9663
62aa591a476ebabe28612a92,2,Famous,q,1,0.5319
62aa591a476ebabe28612a92,2,Novel,p,1,0.6004
62aa591a476ebabe28612a92,2,Novel,p,1,0.7343
62aa591a476ebabe28612a92,2,Novel,p,1,1.0273
62aa591a476ebabe28612a92,2,Famous,q,1,0.582
62aa591a476ebabe28612a92,2,Famous,p,0,0.5715
62aa591a476ebabe28612a92,2,Novel,p,1,0.5665
62aa591a476ebabe28612a92,2,Famous,q,1,0.7421
62aa591a476ebabe28612a92,2,Famous,q,1,0.9124
62aa591a476ebabe28612a92,2,Famous,q,1,0.5216
62aa591a476ebabe28612a92,2,Famous,q,1,0.8528
62aa591a476ebabe28612a92,2,Novel,p,1,0.5734
62aa591a476ebabe28612a92,2,Novel,p,1,0.5608
62aa591a476ebabe28612a92,2,Novel,p,1,0.6051
62aa591a476ebabe28612a92,2,Famous,q,1,0.4905
62aa591a476ebabe28612a92,2,Famous,p,0,0.6772
62aa591a476ebabe28612a92,2,Novel,q,0,0.6489
62aa591a476ebabe28612a92,2,Novel,p,1,0.6591
62aa591a476ebabe28612a92,2,Famous,q,1,0.8051
62aa591a476ebabe28612a92,2,Novel,p,1,0.5763
62aa591a476ebabe28612a92,2,Novel,p,1,0.6375
62aa591a476ebabe28612a92,2,Novel,p,1,0.6732
62aa591a476ebabe28612a92,2,Novel,p,1,0.5941
62aa591a476ebabe28612a92,2,Novel,p,1,0.5255
62aa591a476ebabe28612a92,2,Famous,q,1,0.8194
62aa591a476ebabe28612a92,2,Novel,q,0,0.5265
62aa591a476ebabe28612a92,2,Novel,p,1,0.7683
62aa591a476ebabe28612a92,2,Famous,q,1,0.6281
62aa591a476ebabe28612a92,2,Novel,p,1,0.775
62aa591a476ebabe28612a92,2,Novel,p,1,0.9795
62aa591a476ebabe28612a92,2,Famous,p,0,0.8696
62aa591a476ebabe28612a92,2,Famous,q,1,0.5612
62aa591a476ebabe28612a92,2,Famous,q,1,0.8927
62aa591a476ebabe28612a92,2,Novel,p,1,0.717
62aa591a476ebabe28612a92,2,Novel,p,1,0.6782
62aa591a476ebabe28612a92,2,Famous,q,1,0.9112
62aa591a476ebabe28612a92,2,Famous,q,1,0.6391
62aa591a476ebabe28612a92,2,Famous,q,1,0.5445
62aa591a476ebabe28612a92,2,Famous,q,1,0.5637
62aa591a476ebabe28612a92,2,Famous,q,1,0.5711
62aa591a476ebabe28612a92,2,Novel,p,1,0.5678
62aa591a476ebabe28612a92,2,Novel,q,0,0.5648
62aa591a476ebabe28612a92,2,Novel,p,1,0.851
62aa591a476ebabe28612a92,2,Novel,p,1,0.7832
62aa591a476ebabe28612a92,2,Famous,q,1,0.8137
62aa591a476ebabe28612a92,2,Famous,q,1,1.0368
62aa591a476ebabe28612a92,2,Famous,q,1,0.5396
62aa591a476ebabe28612a92,2,Famous,p,0,0.6232
62aa591a476ebabe28612a92,3,Novel,p,1,0.5619
62aa591a476ebabe28612a92,3,Novel,p,1,0.6292
62aa591a476ebabe28612a92,3,Famous,p,0,0.6699
62aa591a476ebabe28612a92,3,Famous,q,1,0.5802
62aa591a476ebabe28612a92,3,Famous,q,1,0.493
62aa591a476ebabe28612a92,3,Famous,p,0,0.6219
62aa591a476ebabe28612a92,3,Novel,p,1,0.7361
62aa591a476ebabe28612a92,3,Famous,q,1,0.5134
62aa591a476ebabe28612a92,3,Novel,p,1,0.5231
62aa591a476ebabe28612a92,3,Famous,q,1,0.549
62aa591a476ebabe28612a92,3,Famous,q,1,0.7879
62aa591a476ebabe28612a92,3,Famous,q,1,0.501
62aa591a476ebabe28612a92,3,Famous,p,0,0.6523
62aa591a476ebabe28612a92,3,Famous,q,1,0.8726
62aa591a476ebabe28612a92,3,Famous,q,1,0.5795
62aa591a476ebabe28612a92,3,Novel,p,1,0.9061
62aa591a476ebabe28612a92,3,Novel,p,1,0.7368
62aa591a476ebabe28612a92,3,Novel,p,1,0.7754
62aa591a476ebabe28612a92,3,Famous,q,1,0.8021
62aa591a476ebabe28612a92,3,Novel,p,1,0.5159
62aa591a476ebabe28612a92,3,Novel,p,1,0.756
62aa591a476ebabe28612a92,3,Novel,p,1,0.5854
62aa591a476ebabe28612a92,3,Famous,p,0,0.5698
62aa591a476ebabe28612a92,3,Novel,p,1,0.7082
62aa591a476ebabe28612a92,3,Novel,p,1,0.7924
62aa591a476ebabe28612a92,3,Novel,p,1,0.6304
62aa591a476ebabe28612a92,3,Famous,q,1,0.9534
62aa591a476ebabe28612a92,3,Novel,p,1,0.6142
62aa591a476ebabe28612a92,3,Famous,p,0,0.6636
62aa591a476ebabe28612a92,3,Famous,q,1,0.821
62aa591a476ebabe28612a92,3,Novel,p,1,0.7574
62aa591a476ebabe28612a92,3,Famous,q,1,0.5127
62aa591a476ebabe28612a92,3,Famous,q,1,0.5836
62aa591a476ebabe28612a92,3,Novel,p,1,0.6969
62aa591a476ebabe28612a92,3,Famous,q,1,0.6645
62aa591a476ebabe28612a92,3,Famous,q,1,0.5522
62aa591a476ebabe28612a92,3,Novel,p,1,0.6708
62aa591a476ebabe28612a92,3,Novel,p,1,0.9291
62aa591a476ebabe28612a92,3,Novel,p,1,0.6811
62aa591a476ebabe28612a92,3,Novel,p,1,0.9331
62aa591a476ebabe28612a92,3,Novel,p,1,0.6478
62aa591a476ebabe28612a92,3,Novel,p,1,0.9022
62aa591a476ebabe28612a92,3,Famous,q,1,0.6014
62aa591a476ebabe28612a92,3,Novel,p,1,0.6184
62aa591a476ebabe28612a92,3,Novel,p,1,0.5541
62aa591a476ebabe28612a92,3,Novel,p,1,0.5696
62aa591a476ebabe28612a92,3,Novel,p,1,0.4668
62aa591a476ebabe28612a92,3,Famous,q,1,0.8558
62aa591a476ebabe28612a92,3,Famous,p,0,0.7938
62aa591a476ebabe28612a92,3,Novel,p,1,0.9106
62aa591a476ebabe28612a92,3,Famous,p,0,0.3392
62aa591a476ebabe28612a92,3,Famous,q,1,0.6949
62aa591a476ebabe28612a92,3,Famous,q,1,0.8078
62aa591a476ebabe28612a92,3,Novel,q,0,0.737
62aa591a476ebabe28612a92,3,Famous,p,0,0.8798
63d13edbfc31f4ecf0122017,1,Famous,q,1,0.596
63d13edbfc31f4ecf0122017,1,Novel,p,1,0.6997
63d13edbfc31f4ecf0122017,1,Famous,q,1,0.6391
63d13edbfc31f4ecf0122017,1,Famous,p,0,0.5502
63d13edbfc31f4ecf0122017,1,Famous,q,1,0.6727
63d13edbfc31f4ecf0122017,1,Novel,p,1,0.6391
63d13edbfc31f4ecf0122017,1,Famous,q,1,0.7118
63d13edbfc31f4ecf0122017,1,Novel,p,1,0.6392
63d13edbfc31f4ecf0122017,1,Novel,p,1,0.5953
63d13edbfc31f4ecf0122017,1,Novel,p,1,0.596
63d13edbfc31f4ecf0122017,1,Famous,q,1,0.5128
63d13edbfc31f4ecf0122017,1,Famous,q,1,0.5975
63d13edbfc31f4ecf0122017,1,Famous,q,1,0.7418
63d13edbfc31f4ecf0122017,1,Novel,p,1,0.6823
63d13edbfc31f4ecf0122017,1,Novel,p,1,0.6945
63d13edbfc31f4ecf0122017,1,Novel,p,1,0.5821
63d13edbfc31f4ecf0122017,1,Novel,p,1,0.6487
63d13edbfc31f4ecf0122017,1,Famous,p,0,0.8218
63d13edbfc31f4ecf0122017,1,Novel,p,1,0.7775
63d13edbfc31f4ecf0122017,1,Novel,p,1,0.8184
63d13edbfc31f4ecf0122017,1,Famous,q,1,0.6429
63d13edbfc31f4ecf0122017,1,Famous,q,1,0.8087
63d13edbfc31f4ecf0122017,1,Famous,q,1,0.8665
63d13edbfc31f4ecf0122017,1,Novel,p,1,0.5837
63d13edbfc31f4ecf0122017,1,Novel,p,1,0.6644
63d13edbfc31f4ecf0122017,1,Novel,p,1,0.6103
63d13edbfc31f4ecf0122017,1,Famous,q,1,0.6222
63d13edbfc31f4ecf0122017,1,Novel,p,1,0.5705
63d13edbfc31f4ecf0122017,1,Famous,q,1,0.6764
63d13edbfc31f4ecf0122017,1,Novel,p,1,0.5693
63d13edbfc31f4ecf0122017,1,Famous,q,1,0.6322
63d13edbfc31f4ecf0122017,1,Famous,q,1,0.5775
63d13edbfc31f4ecf0122017,1,Famous,q,1,0.6767
63d13edbfc31f4ecf0122017,1,Famous,p,0,0.6802
63d13edbfc31f4ecf0122017,1,Famous,q,1,0.6893
63d13edbfc31f4ecf0122017,1,Famous,q,1,0.7085
63d13edbfc31f4ecf0122017,1,Famous,q,1,0.791
63d13edbfc31f4ecf0122017,1,Famous,q,1,0.8499
63d13edbfc31f4ecf0122017,1,Novel,p,1,0.6424
63d13edbfc31f4ecf0122017,1,Famous,q,1,0.7028
63d13edbfc31f4ecf0122017,1,Novel,p,1,0.7394
63d13edbfc31f4ecf0122017,1,Novel,p,1,0.6337
63d13edbfc31f4ecf0122017,1,Famous,q,1,0.6077
63d13edbfc31f4ecf0122017,1,Novel,p,1,0.6204
63d13edbfc31f4ecf0122017,1,Famous,q,1,0.6448
63d13edbfc31f4ecf0122017,1,Famous,p,0,0.816
63d13edbfc31f4ecf0122017,1,Novel,p,1,0.7625
63d13edbfc31f4ecf0122017,1,Novel,p,1,0.845
63d13edbfc31f4ecf0122017,1,Novel,p,1,0.6424
63d13edbfc31f4ecf0122017,1,Famous,q,1,0.768
63d13edbfc31f4ecf0122017,1,Famous,q,1,0.7877
63d13edbfc31f4ecf0122017,1,Novel,p,1,0.6216
63d13edbfc31f4ecf0122017,1,Novel,p,1,0.7297
63d13edbfc31f4ecf0122017,1,Novel,p,1,0.9733
63d13edbfc31f4ecf0122017,1,Famous,q,1,0.7095
63d13edbfc31f4ecf0122017,1,Novel,p,1,0.763
63d13edbfc31f4ecf0122017,1,Novel,p,1,0.8173
63d13edbfc31f4ecf0122017,1,Novel,p,1,0.6543
63d13edbfc31f4ecf0122017,1,Novel,p,1,0.5573
63d13edbfc31f4ecf0122017,2,Famous,p,0,0.697
63d13edbfc31f4ecf0122017,2,Famous,q,1,0.4964
63d13edbfc31f4ecf0122017,2,Famous,q,1,0.605
63d13edbfc31f4ecf0122017,2,Novel,p,1,0.562
63d13edbfc31f4ecf0122017,2,Novel,q,0,0.4892
63d13edbfc31f4ecf0122017,2,Novel,p,1,0.7165
63d13edbfc31f4ecf0122017,2,Novel,p,1,0.5654
63d13edbfc31f4ecf0122017,2,Novel,p,1,0.7278
63d13edbfc31f4ecf0122017,2,Novel,p,1,0.7224
63d13edbfc31f4ecf0122017,2,Famous,q,1,0.551
63d13edbfc31f4ecf0122017,2,Famous,q,1,0.7592
63d13edbfc31f4ecf0122017,2,Novel,p,1,0.7943
63d13edbfc31f4ecf0122017,2,Novel,p,1,0.6173
63d13edbfc31f4ecf0122017,2,Famous,q,1,0.6776
63d13edbfc31f4ecf0122017,2,Famous,q,1,0.5036
63d13edbfc31f4ecf0122017,2,Novel,p,1,0.6425
63d13edbfc31f4ecf0122017,2,Famous,q,1,0.5992
63d13edbfc31f4ecf0122017,2,Novel,p,1,0.5893
63d13edbfc31f4ecf0122017,2,Famous,p,0,0.835
63d13edbfc31f4ecf0122017,2,Famous,q,1,0.5466
63d13edbfc31f4ecf0122017,2,Famous,q,1,0.5646
63d13edbfc31f4ecf0122017,2,Novel,p,1,0.6883
63d13edbfc31f4ecf0122017,2,Novel,p,1,0.8273
63d13edbfc31f4ecf0122017,2,Famous,q,1,0.6148
63d13edbfc31f4ecf0122017,2,Novel,p,1,0.7458
63d13edbfc31f4ecf0122017,2,Famous,q,1,0.9483
63d13edbfc31f4ecf0122017,2,Novel,p,1,0.7826
63d13edbfc31f4ecf0122017,2,Famous,q,1,0.6712
63d13edbfc31f4ecf0122017,2,Famous,q,1,0.5906
63d13edbfc31f4ecf0122017,2,Famous,q,1,0.5722
63d13edbfc31f4ecf0122017,2,Novel,p,1,0.6385
63d13edbfc31f4ecf0122017,2,Novel,p,1,0.6279
63d13edbfc31f4ecf0122017,2,Famous,q,1,0.6907
63d13edbfc31f4ecf0122017,2,Novel,p,1,0.6305
63d13edbfc31f4ecf0122017,2,Novel,p,1,0.7179
63d13edbfc31f4ecf0122017,2,Novel,p,1,0.6894
63d13edbfc31f4ecf0122017,2,Famous,q,1,0.6102
63d13edbfc31f4ecf0122017,2,Famous,q,1,0.532
63d13edbfc31f4ecf0122017,2,Famous,q,1,0.6896
63d13edbfc31f4ecf0122017,2,Famous,q,1,0.7968
63d13edbfc31f4ecf0122017,2,Novel,p,1,0.6845
63d13edbfc31f4ecf0122017,2,Novel,p,1,0.7725
63d13edbfc31f4ecf0122017,2,Novel,p,1,0.6621
63d13edbfc31f4ecf0122017,2,Novel,p,1,0.699
63d13edbfc31f4ecf0122017,2,Famous,q,1,0.576
63d13edbfc31f4ecf0122017,2,Novel,p,1,0.6676
63d13edbfc31f4ecf0122017,2,Famous,q,1,0.6223
63d13edbfc31f4ecf0122017,2,Novel,p,1,0.687
63d13edbfc31f4ecf0122017,2,Novel,p,1,0.6226
63d13edbfc31f4ecf0122017,2,Famous,q,1,0.5086
63d13edbfc31f4ecf0122017,2,Novel,p,1,0.57
63d13edbfc31f4ecf0122017,2,Famous,q,1,0.7078
63d13edbfc31f4ecf0122017,2,Famous,q,1,0.5852
63d13edbfc31f4ecf0122017,2,Famous,q,1,0.57
63d13edbfc31f4ecf0122017,2,Novel,p,1,0.6117
63d13edbfc31f4ecf0122017,2,Novel,p,1,0.7417
63d13edbfc31f4ecf0122017,2,Famous,p,0,0.7294
63d13edbfc31f4ecf0122017,2,Novel,p,1,0.6143
63d13edbfc31f4ecf0122017,2,Famous,q,1,0.5334
63d13edbfc31f4ecf0122017,3,Famous,q,1,0.4673
63d13edbfc31f4ecf0122017,3,Novel,p,1,0.5761
63d13edbfc31f4ecf0122017,3,Famous,q,1,0.4758
63d13edbfc31f4ecf0122017,3,Novel,p,1,0.5336
63d13edbfc31f4ecf0122017,3,Novel,q,0,0.4793
63d13edbfc31f4ecf0122017,3,Famous,q,1,0.579
63d13edbfc31f4ecf0122017,3,Famous,q,1,0.7099
63d13edbfc31f4ecf0122017,3,Novel,p,1,0.6005
63d13edbfc31f4ecf0122017,3,Novel,p,1,0.5855
63d13edbfc31f4ecf0122017,3,Novel,p,1,0.6755
63d13edbfc31f4ecf0122017,3,Famous,p,0,0.5709
63d13edbfc31f4ecf0122017,3,Famous,q,1,0.5729
63d13edbfc31f4ecf0122017,3,Novel,p,1,0.6457
63d13edbfc31f4ecf0122017,3,Novel,p,1,0.507
63d13edbfc31f4ecf0122017,3,Novel,p,1,0.5863
63d13edbfc31f4ecf0122017,3,Novel,p,1,0.6133
63d13edbfc31f4ecf0122017,3,Famous,q,1,0.5111
63d13edbfc31f4ecf0122017,3,Famous,q,1,0.5166
63d13edbfc31f4ecf0122017,3,Famous,q,1,0.9611
63d13edbfc31f4ecf0122017,3,Novel,p,1,0.5628
63d13edbfc31f4ecf0122017,3,Famous,q,1,0.5975
63d13edbfc31f4ecf0122017,3,Famous,q,1,0.5616
63d13edbfc31f4ecf0122017,3,Famous,q,1,0.5948
63d13edbfc31f4ecf0122017,3,Novel,p,1,0.6063
63d13edbfc31f4ecf0122017,3,Famous,q,1,0.4535
63d13edbfc31f4ecf0122017,3,Novel,p,1,0.6413
63d13edbfc31f4ecf0122017,3,Novel,p,1,0.574
63d13edbfc31f4ecf0122017,3,Novel,p,1,0.6791
63d13edbfc31f4ecf0122017,3,Novel,p,1,0.5858
63d13edbfc31f4ecf0122017,3,Famous,q,1,0.53
63d13edbfc31f4ecf0122017,3,Novel,p,1,0.5757
63d13edbfc31f4ecf0122017,3,Famous,q,1,0.4567
63d13edbfc31f4ecf0122017,3,Novel,p,1,0.4713
63d13edbfc31f4ecf0122017,3,Novel,p,1,0.6129
63d13edbfc31f4ecf0122017,3,Novel,p,1,0.621
63d13edbfc31f4ecf0122017,3,Famous,q,1,0.586
63d13edbfc31f4ecf0122017,3,Famous,p,0,0.7208
63d13edbfc31f4ecf0122017,3,Novel,p,1,0.65
63d13edbfc31f4ecf0122017,3,Famous,q,1,0.5166
63d13edbfc31f4ecf0122017,3,Famous,q,1,0.6719
63d13edbfc31f4ecf0122017,3,Famous,q,1,0.5746
63d13edbfc31f4ecf0122017,3,Novel,p,1,0.8034
63d13edbfc31f4ecf0122017,3,Novel,p,1,0.6612
63d13edbfc31f4ecf0122017,3,Famous,p,0,0.6147
63d13edbfc31f4ecf0122017,3,Famous,q,1,0.7785
63d13edbfc31f4ecf0122017,3,Famous,p,0,0.8162
63d13edbfc31f4ecf0122017,3,Novel,p,1,0.6578
63d13edbfc31f4ecf0122017,3,Famous,q,1,0.6476
63d13edbfc31f4ecf0122017,3,Novel,p,1,0.8668
63d13edbfc31f4ecf0122017,3,Famous,q,1,0.8633
63d13edbfc31f4ecf0122017,3,Famous,q,1,0.6134
63d13edbfc31f4ecf0122017,3,Famous,q,1,0.7818
63d13edbfc31f4ecf0122017,3,Famous,p,0,0.8195
63d13edbfc31f4ecf0122017,3,Novel,p,1,0.771
63d13edbfc31f4ecf0122017,3,Famous,q,1,0.7985
63d13edbfc31f4ecf0122017,3,Famous,p,0,0.675
63d13edbfc31f4ecf0122017,3,Novel,q,0,0.7625
63d13edbfc31f4ecf0122017,3,Novel,p,1,0.5768
63d13edbfc31f4ecf0122017,3,Novel,p,1,0.5975
641384b3dffcf39ec42d3c23,1,Novel,p,1,0.8694
641384b3dffcf39ec42d3c23,1,Famous,q,1,0.8923
641384b3dffcf39ec42d3c23,1,Famous,p,0,0.9162
641384b3dffcf39ec42d3c23,1,Famous,q,1,0.6218
641384b3dffcf39ec42d3c23,1,Famous,p,0,0.8896
641384b3dffcf39ec42d3c23,1,Novel,p,1,0.9776
641384b3dffcf39ec42d3c23,1,Novel,q,0,0.7063
641384b3dffcf39ec42d3c23,1,Novel,p,1,0.9706
641384b3dffcf39ec42d3c23,1,Famous,q,1,0.8913
641384b3dffcf39ec42d3c23,1,Famous,p,0,0.9637
641384b3dffcf39ec42d3c23,1,Famous,q,1,0.867
641384b3dffcf39ec42d3c23,1,Famous,q,1,0.8772
641384b3dffcf39ec42d3c23,1,Famous,q,1,0.8205
641384b3dffcf39ec42d3c23,1,Novel,p,1,0.8226
641384b3dffcf39ec42d3c23,1,Novel,p,1,0.814
641384b3dffcf39ec42d3c23,1,Novel,p,1,1.0164
641384b3dffcf39ec42d3c23,1,Famous,q,1,0.7174
641384b3dffcf39ec42d3c23,1,Famous,p,0,0.93
641384b3dffcf39ec42d3c23,1,Famous,q,1,0.9378
641384b3dffcf39ec42d3c23,1,Novel,p,1,0.954
641384b3dffcf39ec42d3c23,1,Novel,p,1,0.958
641384b3dffcf39ec42d3c23,1,Famous,q,1,0.6729
641384b3dffcf39ec42d3c23,1,Famous,p,0,0.8963
641384b3dffcf39ec42d3c23,1,Novel,q,0,0.8155
641384b3dffcf39ec42d3c23,1,Famous,p,0,0.9959
641384b3dffcf39ec42d3c23,1,Novel,p,1,0.9781
641384b3dffcf39ec42d3c23,1,Novel,p,1,0.8813
641384b3dffcf39ec42d3c23,1,Famous,q,1,0.7569
641384b3dffcf39ec42d3c23,1,Famous,q,1,0.9181
641384b3dffcf39ec42d3c23,1,Famous,q,1,0.8501
641384b3dffcf39ec42d3c23,1,Novel,p,1,0.9118
641384b3dffcf39ec42d3c23,1,Famous,q,1,0.8472
641384b3dffcf39ec42d3c23,1,Famous,q,1,0.7845
641384b3dffcf39ec42d3c23,1,Novel,p,1,0.7963
641384b3dffcf39ec42d3c23,1,Novel,q,0,0.8385
641384b3dffcf39ec42d3c23,1,Novel,p,1,0.9879
641384b3dffcf39ec42d3c23,1,Famous,q,1,1.0476
641384b3dffcf39ec42d3c23,1,Novel,q,0,0.6795
641384b3dffcf39ec42d3c23,1,Novel,p,1,0.741
641384b3dffcf39ec42d3c23,1,Famous,p,0,1.0229
641384b3dffcf39ec42d3c23,1,Novel,p,1,0.9335
641384b3dffcf39ec42d3c23,1,Novel,q,0,0.8073
641384b3dffcf39ec42d3c23,1,Novel,p,1,0.8805
641384b3dffcf39ec42d3c23,1,Novel,p,1,0.8299
641384b3dffcf39ec42d3c23,1,Novel,p,1,0.5535
641384b3dffcf39ec42d3c23,1,Famous,q,1,0.8601
641384b3dffcf39ec42d3c23,1,Novel,q,0,0.938
641384b3dffcf39ec42d3c23,1,Novel,p,1,0.9404
641384b3dffcf39ec42d3c23,1,Famous,q,1,0.7505
641384b3dffcf39ec42d3c23,1,Novel,q,0,0.861
641384b3dffcf39ec42d3c23,1,Famous,q,1,0.7811
641384b3dffcf39ec42d3c23,1,Famous,q,1,0.8473
641384b3dffcf39ec42d3c23,1,Famous,p,0,0.8375
641384b3dffcf39ec42d3c23,2,Novel,q,0,0.8924
641384b3dffcf39ec42d3c23,2,Famous,p,0,0.7025
641384b3dffcf39ec42d3c23,2,Novel,p,1,0.8847
641384b3dffcf39ec42d3c23,2,Novel,q,0,0.7353
641384b3dffcf39ec42d3c23,2,Novel,q,0,0.6458
641384b3dffcf39ec42d3c23,2,Famous,q,1,0.8392
641384b3dffcf39ec42d3c23,2,Famous,p,0,0.8286
641384b3dffcf39ec42d3c23,2,Famous,q,1,0.8752
641384b3dffcf39ec42d3c23,2,Novel,q,0,0.7464
641384b3dffcf39ec42d3c23,2,Novel,q,0,0.8592
641384b3dffcf39ec42d3c23,2,Novel,p,1,0.9524
641384b3dffcf39ec42d3c23,2,Famous,q,1,0.8884
641384b3dffcf39ec42d3c23,2,Famous,q,1,0.9799
641384b3dffcf39ec42d3c23,2,Novel,p,1,0.9499
641384b3dffcf39ec42d3c23,2,Famous,q,1,0.8734
641384b3dffcf39ec42d3c23,2,Famous,q,1,0.8485
641384b3dffcf39ec42d3c23,2,Novel,p,1,0.9046
641384b3dffcf39ec42d3c23,2,Famous,p,0,0.8212
641384b3dffcf39ec42d3c23,2,Novel,p,1,0.8025
641384b3dffcf39ec42d3c23,2,Famous,q,1,0.6612
641384b3dffcf39ec42d3c23,2,Famous,q,1,0.645
641384b3dffcf39ec42d3c23,2,Famous,p,0,0.9319
641384b3dffcf39ec42d3c23,2,Novel,q,0,0.7194
641384b3dffcf39ec42d3c23,2,Novel,q,0,0.7678
641384b3dffcf39ec42d3c23,2,Novel,p,1,0.7681
641384b3dffcf39ec42d3c23,2,Famous,q,1,0.7571
641384b3dffcf39ec42d3c23,2,Novel,p,1,0.899
641384b3dffcf39ec42d3c23,2,Famous,p,0,0.9149
641384b3dffcf39ec42d3c23,2,Novel,p,1,0.8038
641384b3dffcf39ec42d3c23,2,Novel,q,0,0.6406
641384b3dffcf39ec42d3c23,2,Famous,q,1,0.9855
641384b3dffcf39ec42d3c23,2,Famous,p,0,0.9278
641384b3dffcf39ec42d3c23,2,Famous,q,1,0.8197
641384b3dffcf39ec42d3c23,2,Famous,q,1,0.6548
641384b3dffcf39ec42d3c23,2,Famous,q,1,0.976
641384b3dffcf39ec42d3c23,2,Famous,q,1,0.9265
641384b3dffcf39ec42d3c23,2,Novel,p,1,0.9927
641384b3dffcf39ec42d3c23,2,Novel,p,1,0.9649
641384b3dffcf39ec42d3c23,2,Novel,q,0,0.7546
641384b3dffcf39ec42d3c23,2,Novel,q,0,0.7654
641384b3dffcf39ec42d3c23,2,Novel,p,1,0.822
641384b3dffcf39ec42d3c23,2,Famous,q,1,0.7049
641384b3dffcf39ec42d3c23,2,Famous,q,1,0.7068
641384b3dffcf39ec42d3c23,2,Famous,q,1,0.9043
641384b3dffcf39ec42d3c23,2,Famous,q,1,0.8032
641384b3dffcf39ec42d3c23,2,Novel,p,1,0.7822
641384b3dffcf39ec42d3c23,2,Famous,p,0,0.769
641384b3dffcf39ec42d3c23,2,Famous,q,1,0.6286
641384b3dffcf39ec42d3c23,2,Famous,q,1,0.8233
641384b3dffcf39ec42d3c23,2,Famous,p,0,0.849
641384b3dffcf39ec42d3c23,2,Famous,q,1,0.7178
641384b3dffcf39ec42d3c23,2,Novel,q,0,0.9242
641384b3dffcf39ec42d3c23,2,Famous,p,0,0.9416
641384b3dffcf39ec42d3c23,2,Novel,q,0,0.7677
641384b3dffcf39ec42d3c23,2,Novel,p,1,0.8092
641384b3dffcf39ec42d3c23,2,Novel,p,1,0.8729
641384b3dffcf39ec42d3c23,2,Novel,q,0,0.5808
641384b3dffcf39ec42d3c23,2,Novel,p,1,0.7688
641384b3dffcf39ec42d3c23,3,Novel,p,1,0.8891
641384b3dffcf39ec42d3c23,3,Famous,q,1,0.7915
641384b3dffcf39ec42d3c23,3,Famous,q,1,0.6938
641384b3dffcf39ec42d3c23,3,Novel,p,1,0.8463
641384b3dffcf39ec42d3c23,3,Famous,q,1,0.6617
641384b3dffcf39ec42d3c23,3,Famous,q,1,0.748
641384b3dffcf39ec42d3c23,3,Novel,p,1,0.7643
641384b3dffcf39ec42d3c23,3,Novel,q,0,0.7725
641384b3dffcf39ec42d3c23,3,Famous,q,1,0.7558
641384b3dffcf39ec42d3c23,3,Novel,p,1,0.8686
641384b3dffcf39ec42d3c23,3,Novel,p,1,0.7684
641384b3dffcf39ec42d3c23,3,Famous,q,1,0.5929
641384b3dffcf39ec42d3c23,3,Famous,q,1,0.6719
641384b3dffcf39ec42d3c23,3,Famous,q,1,0.6404
641384b3dffcf39ec42d3c23,3,Famous,p,0,0.7493
641384b3dffcf39ec42d3c23,3,Novel,p,1,0.9034
641384b3dffcf39ec42d3c23,3,Novel,p,1,0.8977
641384b3dffcf39ec42d3c23,3,Novel,q,0,0.6116
641384b3dffcf39ec42d3c23,3,Novel,q,0,0.6962
641384b3dffcf39ec42d3c23,3,Famous,q,1,0.9143
641384b3dffcf39ec42d3c23,3,Famous,q,1,0.7349
641384b3dffcf39ec42d3c23,3,Famous,p,0,0.98740000000000006
641384b3dffcf39ec42d3c23,3,Novel,p,1,0.9215
641384b3dffcf39ec42d3c23,3,Novel,q,0,0.6588
641384b3dffcf39ec42d3c23,3,Famous,q,1,0.6129
641384b3dffcf39ec42d3c23,3,Famous,q,1,0.7288
641384b3dffcf39ec42d3c23,3,Novel,p,1,0.7802
641384b3dffcf39ec42d3c23,3,Famous,q,1,1.0186
641384b3dffcf39ec42d3c23,3,Famous,p,0,0.9272
641384b3dffcf39ec42d3c23,3,Novel,p,1,0.9017
641384b3dffcf39ec42d3c23,3,Novel,q,0,0.8144
641384b3dffcf39ec42d3c23,3,Famous,p,0,0.8118
641384b3dffcf39ec42d3c23,3,Novel,q,0,0.7906
641384b3dffcf39ec42d3c23,3,Famous,q,1,0.852
641384b3dffcf39ec42d3c23,3,Novel,q,0,0.816
641384b3dffcf39ec42d3c23,3,Novel,q,0,0.7271
641384b3dffcf39ec42d3c23,3,Novel,p,1,0.8212
641384b3dffcf39ec42d3c23,3,Novel,p,1,0.7936
641384b3dffcf39ec42d3c23,3,Novel,q,0,0.9721
641384b3dffcf39ec42d3c23,3,Famous,q,1,0.6485
641384b3dffcf39ec42d3c23,3,Famous,p,0,1.0011
641384b3dffcf39ec42d3c23,3,Novel,p,1,0.8203
641384b3dffcf39ec42d3c23,3,Novel,q,0,1.0236
641384b3dffcf39ec42d3c23,3,Famous,q,1,0.7746
641384b3dffcf39ec42d3c23,3,Novel,p,1,0.8798
641384b3dffcf39ec42d3c23,3,Famous,q,1,0.9015
641384b3dffcf39ec42d3c23,3,Famous,q,1,0.7293
641384b3dffcf39ec42d3c23,3,Novel,p,1,0.7439
641384b3dffcf39ec42d3c23,3,Famous,q,1,0.7539
641384b3dffcf39ec42d3c23,3,Famous,q,1,0.7883
641384b3dffcf39ec42d3c23,3,Famous,p,0,0.9143
641384b3dffcf39ec42d3c23,3,Famous,q,1,0.7583
641384b3dffcf39ec42d3c23,3,Famous,q,1,0.7741
641384b3dffcf39ec42d3c23,3,Novel,q,0,0.7547
641384b3dffcf39ec42d3c23,3,Novel,p,1,0.7175
641384b3dffcf39ec42d3c23,3,Novel,p,1,0.7086
641384b3dffcf39ec42d3c23,3,Novel,p,1,0.8653
641384b3dffcf39ec42d3c23,3,Famous,q,1,0.7091
6595653c5c92016f134c8b25,1,Famous,q,1,0.8325
6595653c5c92016f134c8b25,1,Novel,p,1,0.9094
6595653c5c92016f134c8b25,1,Famous,q,1,0.9029
6595653c5c92016f134c8b25,1,Novel,p,1,0.8215
6595653c5c92016f134c8b25,1,Novel,q,0,0.9586
6595653c5c92016f134c8b25,1,Novel,p,1,0.6495
6595653c5c92016f134c8b25,1,Novel,p,1,0.7198
6595653c5c92016f134c8b25,1,Novel,p,1,0.9456
6595653c5c92016f134c8b25,1,Famous,q,1,0.706
6595653c5c92016f134c8b25,1,Famous,q,1,0.8362
6595653c5c92016f134c8b25,1,Novel,p,1,0.7211
6595653c5c92016f134c8b25,1,Famous,q,1,0.831
6595653c5c92016f134c8b25,1,Famous,p,0,0.7382
6595653c5c92016f134c8b25,1,Novel,p,1,0.8195
6595653c5c92016f134c8b25,1,Famous,q,1,0.8896
6595653c5c92016f134c8b25,1,Famous,q,1,0.8011
6595653c5c92016f134c8b25,1,Famous,q,1,0.6234
6595653c5c92016f134c8b25,1,Famous,p,0,0.7329
6595653c5c92016f134c8b25,1,Novel,p,1,0.7529
6595653c5c92016f134c8b25,1,Novel,p,1,0.7241
6595653c5c92016f134c8b25,1,Novel,q,0,0.8341
6595653c5c92016f134c8b25,1,Novel,p,1,0.907
6595653c5c92016f134c8b25,1,Famous,p,0,0.8319
6595653c5c92016f134c8b25,1,Novel,p,1,0.8284
6595653c5c92016f134c8b25,1,Famous,q,1,0.6931
6595653c5c92016f134c8b25,1,Novel,p,1,0.8323
6595653c5c92016f134c8b25,1,Novel,q,0,0.9039
6595653c5c92016f134c8b25,1,Novel,p,1,0.6485
6595653c5c92016f134c8b25,1,Famous,q,1,0.688
6595653c5c92016f134c8b25,1,Novel,p,1,0.7318
6595653c5c92016f134c8b25,1,Famous,p,0,0.7646
6595653c5c92016f134c8b25,1,Famous,p,0,0.6339
6595653c5c92016f134c8b25,1,Novel,p,1,0.6934
6595653c5c92016f134c8b25,1,Famous,p,0,0.5695
6595653c5c92016f134c8b25,1,Novel,p,1,0.7103
6595653c5c92016f134c8b25,1,Famous,p,0,0.8816
6595653c5c92016f134c8b25,1,Novel,p,1,0.6162
6595653c5c92016f134c8b25,1,Novel,q,0,0.7536
6595653c5c92016f134c8b25,1,Famous,p,0,0.5893
6595653c5c92016f134c8b25,1,Novel,p,1,0.6945
6595653c5c92016f134c8b25,1,Novel,p,1,0.957
6595653c5c92016f134c8b25,1,Novel,p,1,0.8874
6595653c5c92016f134c8b25,1,Novel,p,1,0.7265
6595653c5c92016f134c8b25,1,Famous,q,1,0.85
6595653c5c92016f134c8b25,1,Famous,p,0,0.8191
6595653c5c92016f134c8b25,1,Novel,q,0,0.6391
6595653c5c92016f134c8b25,1,Novel,p,1,0.68
6595653c5c92016f134c8b25,1,Novel,p,1,0.6317
6595653c5c92016f134c8b25,1,Famous,p,0,0.6728
6595653c5c92016f134c8b25,1,Famous,q,1,0.7469
6595653c5c92016f134c8b25,2,Novel,p,1,0.8242
6595653c5c92016f134c8b25,2,Novel,p,1,0.8009
6595653c5c92016f134c8b25,2,Novel,q,0,0.6757
6595653c5c92016f134c8b25,2,Famous,q,1,0.8173
6595653c5c92016f134c8b25,2,Famous,q,1,0.7925
6595653c5c92016f134c8b25,2,Famous,p,0,0.8186
6595653c5c92016f134c8b25,2,Novel,p,1,0.8748
6595653c5c92016f134c8b25,2,Famous,q,1,0.7763
6595653c5c92016f134c8b25,2,Novel,p,1,0.7224
6595653c5c92016f134c8b25,2,Novel,q,0,0.6231
6595653c5c92016f134c8b25,2,Novel,p,1,0.7333
6595653c5c92016f134c8b25,2,Famous,q,1,0.6679
6595653c5c92016f134c8b25,2,Novel,q,0,0.7333
6595653c5c92016f134c8b25,2,Famous,q,1,0.7018
6595653c5c92016f134c8b25,2,Novel,p,1,0.7249
6595653c5c92016f134c8b25,2,Novel,q,0,0.714
6595653c5c92016f134c8b25,2,Novel,p,1,0.7328
6595653c5c92016f134c8b25,2,Famous,q,1,0.7667
6595653c5c92016f134c8b25,2,Novel,p,1,0.822
6595653c5c92016f134c8b25,2,Novel,p,1,0.6479
6595653c5c92016f134c8b25,2,Novel,p,1,0.675
6595653c5c92016f134c8b25,2,Famous,p,0,0.728
6595653c5c92016f134c8b25,2,Famous,q,1,0.6828
6595653c5c92016f134c8b25,2,Novel,p,1,0.6842
6595653c5c92016f134c8b25,2,Novel,p,1,0.8034
6595653c5c92016f134c8b25,2,Famous,q,1,0.9089
6595653c5c92016f134c8b25,2,Famous,p,0,0.7705
6595653c5c92016f134c8b25,2,Novel,p,1,0.8757
6595653c5c92016f134c8b25,2,Famous,q,1,0.7303
6595653c5c92016f134c8b25,2,Novel,p,1,0.6875
6595653c5c92016f134c8b25,2,Famous,q,1,0.6671
6595653c5c92016f134c8b25,2,Novel,p,1,0.8061
6595653c5c92016f134c8b25,2,Novel,p,1,0.6827
6595653c5c92016f134c8b25,2,Famous,q,1,0.8709
6595653c5c92016f134c8b25,2,Famous,p,0,0.938
6595653c5c92016f134c8b25,2,Novel,p,1,0.6056
6595653c5c92016f134c8b25,2,Novel,p,1,0.8182
6595653c5c92016f134c8b25,2,Famous,p,0,0.9194
6595653c5c92016f134c8b25,2,Famous,q,1,0.6919
6595653c5c92016f134c8b25,2,Novel,p,1,0.6262
6595653c5c92016f134c8b25,2,Famous,q,1,0.8801
6595653c5c92016f134c8b25,2,Novel,p,1,0.7224
6595653c5c92016f134c8b25,2,Famous,p,0,0.8618
6595653c5c92016f134c8b25,2,Novel,p,1,0.7127
6595653c5c92016f134c8b25,2,Famous,q,1,0.667
6595653c5c92016f134c8b25,2,Famous,q,1,0.6355
6595653c5c92016f134c8b25,2,Famous,q,1,0.6885
6595653c5c92016f134c8b25,2,Novel,p,1,0.6935
6595653c5c92016f134c8b25,2,Novel,p,1,0.6842
6595653c5c92016f134c8b25,2,Novel,p,1,0.5739
6595653c5c92016f134c8b25,2,Famous,p,0,0.6344
6595653c5c92016f134c8b25,2,Famous,p,0,0.8996
6595653c5c92016f134c8b25,2,Famous,q,1,0.8343
6595653c5c92016f134c8b25,2,Famous,p,0,0.7947
6595653c5c92016f134c8b25,2,Novel,p,1,0.9522
6595653c5c92016f134c8b25,2,Famous,q,1,0.8103
6595653c5c92016f134c8b25,3,Famous,q,1,0.736
6595653c5c92016f134c8b25,3,Famous,q,1,0.793
6595653c5c92016f134c8b25,3,Famous,p,0,0.7852
6595653c5c92016f134c8b25,3,Novel,q,0,0.6059
6595653c5c92016f134c8b25,3,Novel,p,1,0.7161
6595653c5c92016f134c8b25,3,Famous,q,1,0.842
6595653c5c92016f134c8b25,3,Novel,p,1,0.8619
6595653c5c92016f134c8b25,3,Famous,p,0,0.8809
6595653c5c92016f134c8b25,3,Famous,q,1,0.6197
6595653c5c92016f134c8b25,3,Novel,p,1,0.6244
6595653c5c92016f134c8b25,3,Famous,q,1,0.7607
6595653c5c92016f134c8b25,3,Novel,p,1,0.7068
6595653c5c92016f134c8b25,3,Famous,q,1,0.7137
6595653c5c92016f134c8b25,3,Novel,p,1,0.6944
6595653c5c92016f134c8b25,3,Novel,p,1,0.8145
6595653c5c92016f134c8b25,3,Novel,p,1,0.6907
6595653c5c92016f134c8b25,3,Famous,q,1,0.6581
6595653c5c92016f134c8b25,3,Famous,p,0,0.6985
6595653c5c92016f134c8b25,3,Famous,q,1,0.9091
6595653c5c92016f134c8b25,3,Famous,q,1,0.8248
6595653c5c92016f134c8b25,3,Novel,p,1,0.8439
6595653c5c92016f134c8b25,3,Famous,q,1,0.6801
6595653c5c92016f134c8b25,3,Novel,p,1,0.8536
6595653c5c92016f134c8b25,3,Famous,q,1,0.833
6595653c5c92016f134c8b25,3,Famous,q,1,0.7372
6595653c5c92016f134c8b25,3,Famous,p,0,0.7286
6595653c5c92016f134c8b25,3,Famous,q,1,0.7992
6595653c5c92016f134c8b25,3,Famous,q,1,0.6261
6595653c5c92016f134c8b25,3,Novel,p,1,0.7671
6595653c5c92016f134c8b25,3,Famous,p,0,0.6635
6595653c5c92016f134c8b25,3,Novel,p,1,1.0013
6595653c5c92016f134c8b25,3,Novel,p,1,0.7412
6595653c5c92016f134c8b25,3,Famous,q,1,0.8506
6595653c5c92016f134c8b25,3,Novel,p,1,0.646
6595653c5c92016f134c8b25,3,Novel,p,1,0.7329
6595653c5c92016f134c8b25,3,Novel,q,0,0.7091
6595653c5c92016f134c8b25,3,Famous,p,0,0.7389
6595653c5c92016f134c8b25,3,Novel,p,1,0.6211
6595653c5c92016f134c8b25,3,Novel,p,1,0.7558
6595653c5c92016f134c8b25,3,Novel,p,1,0.6864
6595653c5c92016f134c8b25,3,Novel,p,1,0.7448
6595653c5c92016f134c8b25,3,Novel,p,1,0.8618
6595653c5c92016f134c8b25,3,Famous,p,0,0.6766
6595653c5c92016f134c8b25,3,Novel,p,1,0.644
6595653c5c92016f134c8b25,3,Famous,q,1,0.6008
6595653c5c92016f134c8b25,3,Novel,p,1,0.7029
6595653c5c92016f134c8b25,3,Novel,p,1,0.7681
6595653c5c92016f134c8b25,3,Novel,p,1,0.9196
6595653c5c92016f134c8b25,3,Famous,q,1,0.839
6595653c5c92016f134c8b25,3,Novel,p,1,0.6897
6595653c5c92016f134c8b25,3,Novel,p,1,0.7574
6595653c5c92016f134c8b25,3,Novel,p,1,0.8459
6595653c5c92016f134c8b25,3,Famous,q,1,0.885
6595653c5c92016f134c8b25,3,Novel,p,1,0.6901
6595653c5c92016f134c8b25,3,Famous,q,1,0.9202
6595653c5c92016f134c8b25,3,Novel,p,1,0.8086
6595653c5c92016f134c8b25,3,Famous,q,1,0.766
6595653c5c92016f134c8b25,3,Famous,q,1,0.9012
65de74dd26e4558c2fe828f9,1,Famous,p,0,0.556
65de74dd26e4558c2fe828f9,1,Novel,q,0,0.8842
65de74dd26e4558c2fe828f9,1,Famous,q,1,0.8542
65de74dd26e4558c2fe828f9,1,Famous,q,1,0.851
65de74dd26e4558c2fe828f9,1,Novel,q,0,0.6224
65de74dd26e4558c2fe828f9,1,Novel,p,1,0.929
65de74dd26e4558c2fe828f9,1,Famous,q,1,1.0323
65de74dd26e4558c2fe828f9,1,Famous,q,1,0.6493
65de74dd26e4558c2fe828f9,1,Novel,q,0,0.5081
65de74dd26e4558c2fe828f9,1,Famous,q,1,0.9168
65de74dd26e4558c2fe828f9,1,Famous,q,1,0.6549
65de74dd26e4558c2fe828f9,1,Famous,q,1,0.7183
65de74dd26e4558c2fe828f9,1,Famous,q,1,0.7462
65de74dd26e4558c2fe828f9,1,Famous,p,0,0.7671
65de74dd26e4558c2fe828f9,1,Famous,q,1,0.7525
65de74dd26e4558c2fe828f9,1,Famous,p,0,0.6993
65de74dd26e4558c2fe828f9,1,Famous,q,1,0.9753
65de74dd26e4558c2fe828f9,1,Famous,p,0,0.7032
65de74dd26e4558c2fe828f9,1,Novel,q,0,0.7996
65de74dd26e4558c2fe828f9,1,Novel,p,1,0.8927
65de74dd26e4558c2fe828f9,1,Novel,q,0,0.8382
65de74dd26e4558c2fe828f9,1,Famous,q,1,0.8906
65de74dd26e4558c2fe828f9,1,Novel,q,0,0.7543
65de74dd26e4558c2fe828f9,1,Famous,q,1,0.6727
65de74dd26e4558c2fe828f9,1,Novel,p,1,0.7269
65de74dd26e4558c2fe828f9,1,Famous,q,1,0.8578
65de74dd26e4558c2fe828f9,1,Novel,p,1,0.7431
65de74dd26e4558c2fe828f9,1,Famous,q,1,1.0256
65de74dd26e4558c2fe828f9,1,Novel,p,1,0.8457
65de74dd26e4558c2fe828f9,1,Famous,q,1,0.7855
65de74dd26e4558c2fe828f9,1,Famous,q,1,1.0029
65de74dd26e4558c2fe828f9,1,Novel,p,1,0.8557
65de74dd26e4558c2fe828f9,1,Famous,p,0,0.8373
65de74dd26e4558c2fe828f9,1,Novel,q,0,0.685
65de74dd26e4558c2fe828f9,1,Famous,q,1,0.6967
65de74dd26e4558c2fe828f9,1,Novel,p,1,0.753
65de74dd26e4558c2fe828f9,1,Famous,q,1,0.5495
65de74dd26e4558c2fe828f9,1,Novel,p,1,0.8228
65de74dd26e4558c2fe828f9,1,Novel,q,0,0.7137
65de74dd26e4558c2fe828f9,1,Novel,p,1,0.7099
65de74dd26e4558c2fe828f9,1,Famous,q,1,0.7767
65de74dd26e4558c2fe828f9,1,Novel,q,0,0.9524
65de74dd26e4558c2fe828f9,1,Novel,q,0,0.7155
65de74dd26e4558c2fe828f9,1,Novel,p,1,0.7383
65de74dd26e4558c2fe828f9,1,Famous,q,1,1.0085
65de74dd26e4558c2fe828f9,1,Novel,q,0,0.8707
65de74dd26e4558c2fe828f9,1,Novel,p,1,0.7811
65de74dd26e4558c2fe828f9,1,Famous,q,1,1.0164
65de74dd26e4558c2fe828f9,1,Famous,q,1,0.6701
65de74dd26e4558c2fe828f9,1,Novel,p,1,0.4335
65de74dd26e4558c2fe828f9,1,Novel,q,0,0.7209
65de74dd26e4558c2fe828f9,1,Famous,p,0,0.546
65de74dd26e4558c2fe828f9,2,Famous,q,1,0.8422
65de74dd26e4558c2fe828f9,2,Famous,q,1,0.7007
65de74dd26e4558c2fe828f9,2,Novel,q,0,0.8156
65de74dd26e4558c2fe828f9,2,Famous,q,1,0.6347
65de74dd26e4558c2fe828f9,2,Famous,p,0,0.7249
65de74dd26e4558c2fe828f9,2,Novel,q,0,0.9356
65de74dd26e4558c2fe828f9,2,Novel,p,1,0.6651
65de74dd26e4558c2fe828f9,2,Famous,q,1,0.6584
65de74dd26e4558c2fe828f9,2,Novel,p,1,1.0359
65de74dd26e4558c2fe828f9,2,Novel,p,1,0.9238
65de74dd26e4558c2fe828f9,2,Famous,q,1,0.5415
65de74dd26e4558c2fe828f9,2,Famous,p,0,0.7036
65de74dd26e4558c2fe828f9,2,Famous,q,1,0.6603
65de74dd26e4558c2fe828f9,2,Novel,p,1,0.6252
65de74dd26e4558c2fe828f9,2,Famous,q,1,0.6041
65de74dd26e4558c2fe828f9,2,Famous,q,1,0.7516
65de74dd26e4558c2fe828f9,2,Novel,p,1,0.7337
65de74dd26e4558c2fe828f9,2,Famous,q,1,0.7992
65de74dd26e4558c2fe828f9,2,Novel,p,1,0.6545
65de74dd26e4558c2fe828f9,2,Famous,p,0,0.8433
65de74dd26e4558c2fe828f9,2,Novel,q,0,0.8637
65de74dd26e4558c2fe828f9,2,Novel,q,0,0.7722
65de74dd26e4558c2fe828f9,2,Novel,p,1,0.6533
65de74dd26e4558c2fe828f9,2,Novel,q,0,0.4351
65de74dd26e4558c2fe828f9,2,Novel,p,1,0.8418
65de74dd26e4558c2fe828f9,2,Novel,q,0,0.6898
65de74dd26e4558c2fe828f9,2,Famous,p,0,0.7502
65de74dd26e4558c2fe828f9,2,Novel,p,1,0.7372
65de74dd26e4558c2fe828f9,2,Novel,p,1,0.7971
65de74dd26e4558c2fe828f9,2,Novel,q,0,0.6952
65de74dd26e4558c2fe828f9,2,Novel,p,1,0.7878
65de74dd26e4558c2fe828f9,2,Novel,q,0,0.5977
65de74dd26e4558c2fe828f9,2,Novel,p,1,0.8163
65de74dd26e4558c2fe828f9,2,Famous,q,1,0.7869
65de74dd26e4558c2fe828f9,2,Novel,p,1,0.8357
65de74dd26e4558c2fe828f9,2,Famous,q,1,0.8211
65de74dd26e4558c2fe828f9,2,Novel,p,1,0.9102
65de74dd26e4558c2fe828f9,2,Famous,p,0,0.8556
65de74dd26e4558c2fe828f9,2,Novel,p,1,0.9187
65de74dd26e4558c2fe828f9,2,Famous,q,1,0.7412
65de74dd26e4558c2fe828f9,2,Famous,q,1,0.6003
65de74dd26e4558c2fe828f9,2,Famous,q,1,0.6829
65de74dd26e4558c2fe828f9,2,Famous,q,1,0.6952
65de74dd26e4558c2fe828f9,2,Famous,q,1,0.9977
65de74dd26e4558c2fe828f9,2,Novel,q,0,0.6524
65de74dd26e4558c2fe828f9,2,Novel,q,0,0.5298
65de74dd26e4558c2fe828f9,2,Novel,q,0,0.6972
65de74dd26e4558c2fe828f9,2,Famous,q,1,0.682
65de74dd26e4558c2fe828f9,2,Famous,q,1,0.7095
65de74dd26e4558c2fe828f9,2,Famous,p,0,1.0093
65de74dd26e4558c2fe828f9,2,Novel,p,1,0.6615
65de74dd26e4558c2fe828f9,2,Novel,p,1,0.7086
65de74dd26e4558c2fe828f9,2,Famous,q,1,0.7416
65de74dd26e4558c2fe828f9,2,Famous,q,1,0.7102
65de74dd26e4558c2fe828f9,2,Novel,p,1,0.8769
65de74dd26e4558c2fe828f9,2,Famous,p,0,0.5648
65de74dd26e4558c2fe828f9,2,Novel,p,1,0.7698
65de74dd26e4558c2fe828f9,2,Famous,q,1,0.6721
65de74dd26e4558c2fe828f9,3,Novel,q,0,0.6535
65de74dd26e4558c2fe828f9,3,Famous,p,0,0.7638
65de74dd26e4558c2fe828f9,3,Famous,p,0,0.7219
65de74dd26e4558c2fe828f9,3,Famous,q,1,0.6357
65de74dd26e4558c2fe828f9,3,Novel,p,1,0.7364
65de74dd26e4558c2fe828f9,3,Novel,p,1,0.5776
65de74dd26e4558c2fe828f9,3,Novel,p,1,0.5993
65de74dd26e4558c2fe828f9,3,Novel,p,1,0.6534
65de74dd26e4558c2fe828f9,3,Novel,p,1,0.7113
65de74dd26e4558c2fe828f9,3,Novel,p,1,0.5957
65de74dd26e4558c2fe828f9,3,Novel,p,1,0.6247
65de74dd26e4558c2fe828f9,3,Famous,p,0,0.9599
65de74dd26e4558c2fe828f9,3,Famous,q,1,0.5394
65de74dd26e4558c2fe828f9,3,Novel,p,1,0.9502
65de74dd26e4558c2fe828f9,3,Novel,p,1,0.9434
65de74dd26e4558c2fe828f9,3,Novel,p,1,1.0393
65de74dd26e4558c2fe828f9,3,Novel,p,1,0.6035
65de74dd26e4558c2fe828f9,3,Novel,p,1,0.5509
65de74dd26e4558c2fe828f9,3,Novel,p,1,0.6559
65de74dd26e4558c2fe828f9,3,Novel,q,0,0.6313
65de74dd26e4558c2fe828f9,3,Novel,p,1,0.6553
65de74dd26e4558c2fe828f9,3,Famous,q,1,0.8678
65de74dd26e4558c2fe828f9,3,Famous,q,1,0.7009
65de74dd26e4558c2fe828f9,3,Famous,q,1,0.7396
65de74dd26e4558c2fe828f9,3,Famous,q,1,0.721
65de74dd26e4558c2fe828f9,3,Famous,q,1,0.6854
65de74dd26e4558c2fe828f9,3,Famous,q,1,0.9558
65de74dd26e4558c2fe828f9,3,Novel,p,1,0.8023
65de74dd26e4558c2fe828f9,3,Famous,q,1,0.643
65de74dd26e4558c2fe828f9,3,Famous,q,1,0.8793
65de74dd26e4558c2fe828f9,3,Famous,q,1,0.9118
65de74dd26e4558c2fe828f9,3,Famous,p,0,1.0142
65de74dd26e4558c2fe828f9,3,Famous,q,1,0.8736
65de74dd26e4558c2fe828f9,3,Novel,q,0,0.7262
65de74dd26e4558c2fe828f9,3,Famous,q,1,0.8585
65de74dd26e4558c2fe828f9,3,Novel,q,0,0.612
65de74dd26e4558c2fe828f9,3,Novel,p,1,0.8111
65de74dd26e4558c2fe828f9,3,Famous,q,1,0.6269
65de74dd26e4558c2fe828f9,3,Novel,p,1,0.7328
65de74dd26e4558c2fe828f9,3,Famous,q,1,0.6777
65de74dd26e4558c2fe828f9,3,Famous,q,1,0.6766
65de74dd26e4558c2fe828f9,3,Famous,q,1,0.7704
65de74dd26e4558c2fe828f9,3,Novel,p,1,0.7371
65de74dd26e4558c2fe828f9,3,Novel,q,0,0.7402
65de74dd26e4558c2fe828f9,3,Famous,q,1,0.8688
65de74dd26e4558c2fe828f9,3,Famous,q,1,0.4749
65de74dd26e4558c2fe828f9,3,Novel,p,1,0.9164
65de74dd26e4558c2fe828f9,3,Famous,q,1,0.8835
65de74dd26e4558c2fe828f9,3,Famous,p,0,1.0337
65de74dd26e4558c2fe828f9,3,Novel,p,1,0.5571
65de74dd26e4558c2fe828f9,3,Famous,q,1,0.8325
65de74dd26e4558c2fe828f9,3,Famous,q,1,0.8411
65de74dd26e4558c2fe828f9,3,Famous,q,1,0.6522
668e73c2e50e90b871df3ac7,1,Novel,p,1,0.7923
668e73c2e50e90b871df3ac7,1,Novel,p,1,0.694
668e73c2e50e90b871df3ac7,1,Famous,p,0,0.7143
668e73c2e50e90b871df3ac7,1,Novel,q,0,0.7303
668e73c2e50e90b871df3ac7,1,Novel,p,1,0.7409
668e73c2e50e90b871df3ac7,1,Novel,p,1,0.8442
668e73c2e50e90b871df3ac7,1,Novel,p,1,0.6681
668e73c2e50e90b871df3ac7,1,Novel,q,0,0.8023
668e73c2e50e90b871df3ac7,1,Novel,p,1,0.9785
668e73c2e50e90b871df3ac7,1,Novel,p,1,0.9842
668e73c2e50e90b871df3ac7,1,Famous,q,1,0.8631
668e73c2e50e90b871df3ac7,1,Famous,q,1,0.7766
668e73c2e50e90b871df3ac7,1,Famous,q,1,0.6886
668e73c2e50e90b871df3ac7,1,Novel,q,0,0.9789
668e73c2e50e90b871df3ac7,1,Famous,q,1,0.7239
668e73c2e50e90b871df3ac7,1,Novel,q,0,0.967
668e73c2e50e90b871df3ac7,1,Novel,p,1,0.7783
668e73c2e50e90b871df3ac7,1,Famous,q,1,0.6171
668e73c2e50e90b871df3ac7,1,Famous,q,1,0.612
668e73c2e50e90b871df3ac7,1,Famous,q,1,0.8157
668e73c2e50e90b871df3ac7,1,Novel,q,0,0.7529
668e73c2e50e90b871df3ac7,1,Novel,q,0,0.7332
668e73c2e50e90b871df3ac7,1,Famous,q,1,0.8724
668e73c2e50e90b871df3ac7,1,Novel,p,1,0.958
668e73c2e50e90b871df3ac7,1,Famous,q,1,0.8497
668e73c2e50e90b871df3ac7,1,Famous,q,1,0.7488
668e73c2e50e90b871df3ac7,1,Novel,q,0,0.6644
668e73c2e50e90b871df3ac7,1,Novel,p,1,0.7797
668e73c2e50e90b871df3ac7,1,Famous,p,0,0.8261
668e73c2e50e90b871df3ac7,1,Famous,q,1,0.8278
668e73c2e50e90b871df3ac7,1,Novel,p,1,0.7616
668e73c2e50e90b871df3ac7,1,Novel,p,1,0.5432
668e73c2e50e90b871df3ac7,1,Novel,p,1,0.8211
668e73c2e50e90b871df3ac7,1,Novel,p,1,0.6172
668e73c2e50e90b871df3ac7,1,Famous,q,1,0.6071
668e73c2e50e90b871df3ac7,1,Famous,q,1,0.8674
668e73c2e50e90b871df3ac7,1,Famous,q,1,0.6496
668e73c2e50e90b871df3ac7,1,Novel,q,0,0.5842
668e73c2e50e90b871df3ac7,1,Famous,p,0,0.7358
668e73c2e50e90b871df3ac7,1,Famous,q,1,0.7048
668e73c2e50e90b871df3ac7,1,Novel,p,1,0.7449
668e73c2e50e90b871df3ac7,1,Novel,p,1,0.7578
668e73c2e50e90b871df3ac7,1,Famous,q,1,0.6469
668e73c2e50e90b871df3ac7,1,Famous,q,1,0.683
668e73c2e50e90b871df3ac7,1,Famous,q,1,0.7057
668e73c2e50e90b871df3ac7,1,Famous,q,1,0.9182
668e73c2e50e90b871df3ac7,1,Famous,q,1,0.7058
668e73c2e50e90b871df3ac7,1,Novel,p,1,0.9405
668e73c2e50e90b871df3ac7,1,Famous,q,1,0.7232
668e73c2e50e90b871df3ac7,1,Novel,p,1,0.6775
668e73c2e50e90b871df3ac7,1,Famous,q,1,0.7443
668e73c2e50e90b871df3ac7,1,Famous,q,1,0.8854
668e73c2e50e90b871df3ac7,2,Famous,q,1,0.6545
668e73c2e50e90b871df3ac7,2,Novel,q,0,0.629
668e73c2e50e90b871df3ac7,2,Famous,q,1,0.6457
668e73c2e50e90b871df3ac7,2,Famous,q,1,0.5361
668e73c2e50e90b871df3ac7,2,Famous,q,1,0.7024
668e73c2e50e90b871df3ac7,2,Novel,p,1,0.7005
668e73c2e50e90b871df3ac7,2,Famous,q,1,0.633
668e73c2e50e90b871df3ac7,2,Novel,p,1,0.6518
668e73c2e50e90b871df3ac7,2,Novel,p,1,0.873
668e73c2e50e90b871df3ac7,2,Novel,p,1,0.69
668e73c2e50e90b871df3ac7,2,Novel,p,1,0.6747
668e73c2e50e90b871df3ac7,2,Novel,p,1,0.6138
668e73c2e50e90b871df3ac7,2,Famous,p,0,0.6634
668e73c2e50e90b871df3ac7,2,Novel,p,1,0.6973
668e73c2e50e90b871df3ac7,2,Novel,p,1,0.6031
668e73c2e50e90b871df3ac7,2,Famous,q,1,0.9758
668e73c2e50e90b871df3ac7,2,Novel,p,1,0.7276
668e73c2e50e90b871df3ac7,2,Famous,q,1,0.763
668e73c2e50e90b871df3ac7,2,Novel,p,1,0.6783
668e73c2e50e90b871df3ac7,2,Famous,q,1,0.7974
668e73c2e50e90b871df3ac7,2,Famous,q,1,0.7347
668e73c2e50e90b871df3ac7,2,Famous,q,1,0.7447
668e73c2e50e90b871df3ac7,2,Famous,q,1,0.6885
668e73c2e50e90b871df3ac7,2,Famous,q,1,0.7609
668e73c2e50e90b871df3ac7,2,Novel,p,1,0.7747
668e73c2e50e90b871df3ac7,2,Novel,p,1,0.7808
668e73c2e50e90b871df3ac7,2,Novel,p,1,0.8026
668e73c2e50e90b871df3ac7,2,Famous,q,1,0.9941
668e73c2e50e90b871df3ac7,2,Famous,p,0,0.709
668e73c2e50e90b871df3ac7,2,Novel,p,1,0.6273
668e73c2e50e90b871df3ac7,2,Famous,q,1,0.7175
668e73c2e50e90b871df3ac7,2,Novel,p,1,0.6188
668e73c2e50e90b871df3ac7,2,Famous,q,1,0.7042
668e73c2e50e90b871df3ac7,2,Novel,p,1,0.7966
668e73c2e50e90b871df3ac7,2,Famous,q,1,0.8274
668e73c2e50e90b871df3ac7,2,Famous,p,0,0.7802
668e73c2e50e90b871df3ac7,2,Famous,q,1,0.8765
668e73c2e50e90b871df3ac7,2,Famous,q,1,0.8776
668e73c2e50e90b871df3ac7,2,Novel,p,1,0.7239
668e73c2e50e90b871df3ac7,2,Novel,p,1,0.9512
668e73c2e50e90b871df3ac7,2,Novel,p,1,0.7035
668e73c2e50e90b871df3ac7,2,Famous,q,1,0.6794
668e73c2e50e90b871df3ac7,2,Famous,q,1,0.6517
668e73c2e50e90b871df3ac7,2,Novel,p,1,0.8911
668e73c2e50e90b871df3ac7,2,Famous,q,1,0.8637
668e73c2e50e90b871df3ac7,2,Novel,p,1,0.7164
668e73c2e50e90b871df3ac7,2,Famous,q,1,0.6636
668e73c2e50e90b871df3ac7,2,Famous,q,1,0.606
668e73c2e50e90b871df3ac7,2,Famous,q,1,0.6656
668e73c2e50e90b871df3ac7,2,Novel,p,1,0.6738
668e73c2e50e90b871df3ac7,2,Novel,q,0,0.7388
668e73c2e50e90b871df3ac7,2,Famous,p,0,0.8174
668e73c2e50e90b871df3ac7,2,Famous,p,0,0.8939
668e73c2e50e90b871df3ac7,2,Famous,q,1,0.812
668e73c2e50e90b871df3ac7,2,Novel,p,1,0.7987
668e73c2e50e90b871df3ac7,2,Novel,p,1,0.8478
668e73c2e50e90b871df3ac7,2,Novel,p,1,0.769
668e73c2e50e90b871df3ac7,2,Novel,p,1,0.7492
668e73c2e50e90b871df3ac7,3,Famous,p,0,0.7076
668e73c2e50e90b871df3ac7,3,Novel,p,1,0.7039
668e73c2e50e90b871df3ac7,3,Novel,p,1,0.6823
668e73c2e50e90b871df3ac7,3,Novel,p,1,0.8678
668e73c2e50e90b871df3ac7,3,Novel,p,1,0.6586
668e73c2e50e90b871df3ac7,3,Famous,q,1,0.6988
668e73c2e50e90b871df3ac7,3,Famous,q,1,0.828
668e73c2e50e90b871df3ac7,3,Novel,p,1,0.6696
668e73c2e50e90b871df3ac7,3,Famous,q,1,0.7387
668e73c2e50e90b871df3ac7,3,Novel,p,1,0.7245
668e73c2e50e90b871df3ac7,3,Famous,q,1,0.6271
668e73c2e50e90b871df3ac7,3,Famous,q,1,0.7895
668e73c2e50e90b871df3ac7,3,Novel,p,1,0.6515
668e73c2e50e90b871df3ac7,3,Novel,p,1,0.6874
668e73c2e50e90b871df3ac7,3,Famous,q,1,0.6409
668e73c2e50e90b871df3ac7,3,Famous,q,1,0.7011
668e73c2e50e90b871df3ac7,3,Famous,p,0,0.8697
668e73c2e50e90b871df3ac7,3,Novel,p,1,0.8015
668e73c2e50e90b871df3ac7,3,Famous,q,1,0.6445
668e73c2e50e90b871df3ac7,3,Famous,q,1,0.7191
668e73c2e50e90b871df3ac7,3,Novel,p,1,0.6752
668e73c2e50e90b871df3ac7,3,Famous,q,1,0.6782
668e73c2e50e90b871df3ac7,3,Famous,q,1,0.6734
668e73c2e50e90b871df3ac7,3,Novel,p,1,0.709
668e73c2e50e90b871df3ac7,3,Novel,p,1,0.6035
668e73c2e50e90b871df3ac7,3,Famous,q,1,0.7725
668e73c2e50e90b871df3ac7,3,Novel,p,1,0.6756
668e73c2e50e90b871df3ac7,3,Famous,q,1,0.7726
668e73c2e50e90b871df3ac7,3,Novel,p,1,0.685
668e73c2e50e90b871df3ac7,3,Famous,p,0,0.8966
668e73c2e50e90b871df3ac7,3,Famous,q,1,0.692
668e73c2e50e90b871df3ac7,3,Famous,p,0,0.9427
668e73c2e50e90b871df3ac7,3,Novel,p,1,0.8597
668e73c2e50e90b871df3ac7,3,Famous,p,0,0.7528
668e73c2e50e90b871df3ac7,3,Novel,p,1,0.7751
668e73c2e50e90b871df3ac7,3,Famous,q,1,0.7078
668e73c2e50e90b871df3ac7,3,Novel,p,1,0.9376
668e73c2e50e90b871df3ac7,3,Famous,q,1,0.5744
668e73c2e50e90b871df3ac7,3,Novel,p,1,0.62
668e73c2e50e90b871df3ac7,3,Famous,q,1,0.7096
668e73c2e50e90b871df3ac7,3,Novel,p,1,1.0215
668e73c2e50e90b871df3ac7,3,Novel,p,1,0.7833
668e73c2e50e90b871df3ac7,3,Famous,q,1,0.6617
668e73c2e50e90b871df3ac7,3,Novel,p,1,0.7648
668e73c2e50e90b871df3ac7,3,Famous,q,1,0.6926
668e73c2e50e90b871df3ac7,3,Novel,p,1,0.7295
668e73c2e50e90b871df3ac7,3,Novel,p,1,0.6973
668e73c2e50e90b871df3ac7,3,Novel,p,1,0.6668
668e73c2e50e90b871df3ac7,3,Famous,q,1,0.5498
668e73c2e50e90b871df3ac7,3,Novel,p,1,0.6569
668e73c2e50e90b871df3ac7,3,Famous,q,1,0.7559
668e73c2e50e90b871df3ac7,3,Novel,p,1,0.8644
668e73c2e50e90b871df3ac7,3,Novel,p,1,0.7175
668e73c2e50e90b871df3ac7,3,Famous,q,1,0.8487
668e73c2e50e90b871df3ac7,3,Novel,p,1,0.778
668e73c2e50e90b871df3ac7,3,Famous,q,1,0.9483
668e73c2e50e90b871df3ac7,3,Novel,p,1,0.7757
668e73c2e50e90b871df3ac7,3,Famous,q,1,1.0246
669177c66d14fd83c2a18125,1,Famous,p,0,0.7175
669177c66d14fd83c2a18125,1,Novel,p,1,0.944
669177c66d14fd83c2a18125,1,Novel,p,1,0.8682
669177c66d14fd83c2a18125,1,Famous,p,0,0.7227
669177c66d14fd83c2a18125,1,Famous,q,1,0.8457
669177c66d14fd83c2a18125,1,Novel,p,1,0.7822
669177c66d14fd83c2a18125,1,Novel,p,1,0.8559
669177c66d14fd83c2a18125,1,Famous,p,0,0.9039
669177c66d14fd83c2a18125,1,Novel,p,1,0.813
669177c66d14fd83c2a18125,1,Novel,p,1,0.8166
669177c66d14fd83c2a18125,1,Famous,q,1,0.8325
669177c66d14fd83c2a18125,1,Famous,q,1,0.7663
669177c66d14fd83c2a18125,1,Novel,p,1,0.6279
669177c66d14fd83c2a18125,1,Novel,p,1,0.5782
669177c66d14fd83c2a18125,1,Famous,p,0,0.551
669177c66d14fd83c2a18125,1,Novel,p,1,0.7476
669177c66d14fd83c2a18125,1,Famous,p,0,0.746
669177c66d14fd83c2a18125,1,Famous,p,0,0.8212
669177c66d14fd83c2a18125,1,Famous,q,1,0.8908
669177c66d14fd83c2a18125,1,Novel,p,1,0.7186
669177c66d14fd83c2a18125,1,Famous,q,1,0.8712
669177c66d14fd83c2a18125,1,Novel,p,1,0.896
669177c66d14fd83c2a18125,1,Famous,q,1,1.015
669177c66d14fd83c2a18125,1,Famous,p,0,0.7909
669177c66d14fd83c2a18125,1,Novel,p,1,0.725
669177c66d14fd83c2a18125,1,Novel,p,1,0.7938
669177c66d14fd83c2a18125,1,Novel,p,1,0.7324
669177c66d14fd83c2a18125,1,Famous,p,0,0.7261
669177c66d14fd83c2a18125,1,Novel,p,1,0.6953
669177c66d14fd83c2a18125,1,Famous,p,0,0.7087
669177c66d14fd83c2a18125,1,Famous,p,0,0.799
669177c66d14fd83c2a18125,1,Famous,p,0,1.003
669177c66d14fd83c2a18125,1,Famous,q,1,0.9167
669177c66d14fd83c2a18125,1,Novel,p,1,0.9543
669177c66d14fd83c2a18125,1,Novel,p,1,0.9646
669177c66d14fd83c2a18125,1,Novel,p,1,0.7734
669177c66d14fd83c2a18125,1,Novel,p,1,0.7266
669177c66d14fd83c2a18125,1,Novel,p,1,0.8681
669177c66d14fd83c2a18125,1,Famous,p,0,0.8185
669177c66d14fd83c2a18125,1,Famous,p,0,1.0083
669177c66d14fd83c2a18125,1,Novel,p,1,0.907
669177c66d14fd83c2a18125,1,Novel,p,1,0.695
669177c66d14fd83c2a18125,1,Novel,p,1,0.9083
669177c66d14fd83c2a18125,1,Novel,p,1,0.9534
669177c66d14fd83c2a18125,1,Famous,p,0,0.8546
669177c66d14fd83c2a18125,1,Novel,p,1,1.0236
669177c66d14fd83c2a18125,1,Famous,q,1,0.6621
669177c66d14fd83c2a18125,1,Famous,p,0,0.7577
669177c66d14fd83c2a18125,1,Famous,p,0,0.6824
669177c66d14fd83c2a18125,1,Famous,q,1,0.7858
669177c66d14fd83c2a18125,1,Famous,p,0,0.7333
669177c66d14fd83c2a18125,1,Famous,p,0,0.7609
669177c66d14fd83c2a18125,1,Novel,p,1,0.7008
669177c66d14fd83c2a18125,1,Famous,p,0,0.7246
669177c66d14fd83c2a18125,1,Famous,q,1,0.7973
669177c66d14fd83c2a18125,1,Novel,p,1,0.6295
669177c66d14fd83c2a18125,1,Novel,p,1,0.9956
669177c66d14fd83c2a18125,2,Famous,p,0,0.7757
669177c66d14fd83c2a18125,2,Novel,p,1,0.7923
669177c66d14fd83c2a18125,2,Famous,q,1,0.9497
669177c66d14fd83c2a18125,2,Famous,p,0,0.9334
669177c66d14fd83c2a18125,2,Novel,p,1,0.6937
669177c66d14fd83c2a18125,2,Famous,p,0,0.7718
669177c66d14fd83c2a18125,2,Novel,p,1,0.8937
669177c66d14fd83c2a18125,2,Novel,p,1,0.7678
669177c66d14fd83c2a18125,2,Novel,p,1,0.6599
669177c66d14fd83c2a18125,2,Novel,p,1,0.7085
669177c66d14fd83c2a18125,2,Novel,p,1,0.6071
669177c66d14fd83c2a18125,2,Famous,p,0,0.7628
669177c66d14fd83c2a18125,2,Novel,p,1,0.8088
669177c66d14fd83c2a18125,2,Novel,p,1,0.6297
669177c66d14fd83c2a18125,2,Novel,p,1,0.6776
669177c66d14fd83c2a18125,2,Famous,p,0,0.687
669177c66d14fd83c2a18125,2,Novel,p,1,0.8629
669177c66d14fd83c2a18125,2,Novel,p,1,0.9282
669177c66d14fd83c2a18125,2,Famous,p,0,1.0123
669177c66d14fd83c2a18125,2,Novel,p,1,0.7278
669177c66d14fd83c2a18125,2,Novel,p,1,0.6052
669177c66d14fd83c2a18125,2,Novel,p,1,0.8995
669177c66d14fd83c2a18125,2,Famous,q,1,0.703
669177c66d14fd83c2a18125,2,Famous,q,1,0.8605
669177c66d14fd83c2a18125,2,Novel,p,1,0.624
669177c66d14fd83c2a18125,2,Famous,p,0,0.7186
669177c66d14fd83c2a18125,2,Famous,q,1,0.9825
669177c66d14fd83c2a18125,2,Famous,p,0,0.8721
669177c66d14fd83c2a18125,2,Novel,p,1,0.71
669177c66d14fd83c2a18125,2,Famous,p,0,0.7387
669177c66d14fd83c2a18125,2,Famous,q,1,0.6912
669177c66d14fd83c2a18125,2,Famous,q,1,0.6645
669177c66d14fd83c2a18125,2,Novel,p,1,0.9693
669177c66d14fd83c2a18125,2,Novel,p,1,0.6877
669177c66d14fd83c2a18125,2,Novel,p,1,0.7356
669177c66d14fd83c2a18125,2,Famous,p,0,0.7556
669177c66d14fd83c2a18125,2,Famous,p,0,0.9825
669177c66d14fd83c2a18125,2,Famous,p,0,0.9087
669177c66d14fd83c2a18125,2,Novel,p,1,0.9941
669177c66d14fd83c2a18125,2,Famous,p,0,0.8731
669177c66d14fd83c2a18125,2,Famous,q,1,0.9378
669177c66d14fd83c2a18125,2,Novel,p,1,0.857
669177c66d14fd83c2a18125,2,Famous,p,0,0.9876
669177c66d14fd83c2a18125,2,Famous,p,0,0.8665
669177c66d14fd83c2a18125,2,Famous,p,0,0.9064
669177c66d14fd83c2a18125,2,Novel,p,1,0.6845
669177c66d14fd83c2a18125,2,Novel,p,1,0.8009
669177c66d14fd83c2a18125,2,Novel,p,1,0.7449
669177c66d14fd83c2a18125,2,Novel,p,1,0.6902
669177c66d14fd83c2a18125,2,Famous,p,0,0.6394
669177c66d14fd83c2a18125,2,Novel,p,1,0.8439
669177c66d14fd83c2a18125,2,Novel,p,1,0.7395
669177c66d14fd83c2a18125,2,Famous,p,0,0.7818
669177c66d14fd83c2a18125,2,Famous,p,0,0.6513
669177c66d14fd83c2a18125,2,Famous,p,0,0.7657
669177c66d14fd83c2a18125,2,Novel,p,1,0.7903
669177c66d14fd83c2a18125,2,Novel,p,1,0.8196
669177c66d14fd83c2a18125,3,Novel,p,1,0.6389
669177c66d14fd83c2a18125,3,Famous,p,0,0.8049
669177c66d14fd83c2a18125,3,Novel,p,1,0.6643
669177c66d14fd83c2a18125,3,Famous,p,0,0.7061
669177c66d14fd83c2a18125,3,Famous,q,1,0.6351
669177c66d14fd83c2a18125,3,Famous,p,0,0.8336
669177c66d14fd83c2a18125,3,Famous,q,1,0.8409
669177c66d14fd83c2a18125,3,Novel,p,1,0.7198
669177c66d14fd83c2a18125,3,Novel,p,1,0.7045
669177c66d14fd83c2a18125,3,Famous,p,0,0.834
669177c66d14fd83c2a18125,3,Famous,p,0,0.7713
669177c66d14fd83c2a18125,3,Novel,p,1,0.7133
669177c66d14fd83c2a18125,3,Famous,p,0,0.6215
669177c66d14fd83c2a18125,3,Famous,q,1,0.6702
669177c66d14fd83c2a18125,3,Novel,p,1,0.8073
669177c66d14fd83c2a18125,3,Famous,q,1,0.8905
669177c66d14fd83c2a18125,3,Novel,p,1,0.6513
669177c66d14fd83c2a18125,3,Famous,p,0,0.9371
669177c66d14fd83c2a18125,3,Novel,p,1,0.716
669177c66d14fd83c2a18125,3,Famous,q,1,0.7224
669177c66d14fd83c2a18125,3,Famous,p,0,0.8266
669177c66d14fd83c2a18125,3,Famous,q,1,0.7366
669177c66d14fd83c2a18125,3,Famous,p,0,0.9188
669177c66d14fd83c2a18125,3,Famous,p,0,0.7475
669177c66d14fd83c2a18125,3,Novel,p,1,0.6359
669177c66d14fd83c2a18125,3,Novel,p,1,0.6977
669177c66d14fd83c2a18125,3,Famous,p,0,0.6553
669177c66d14fd83c2a18125,3,Novel,p,1,0.7328
669177c66d14fd83c2a18125,3,Novel,p,1,0.6599
669177c66d14fd83c2a18125,3,Novel,p,1,0.5935
669177c66d14fd83c2a18125,3,Novel,p,1,0.7705
669177c66d14fd83c2a18125,3,Novel,p,1,0.5507
669177c66d14fd83c2a18125,3,Novel,p,1,0.7494
669177c66d14fd83c2a18125,3,Novel,p,1,0.679
669177c66d14fd83c2a18125,3,Famous,p,0,0.9779
669177c66d14fd83c2a18125,3,Novel,p,1,0.7984
669177c66d14fd83c2a18125,3,Novel,p,1,0.715
669177c66d14fd83c2a18125,3,Famous,p,0,0.8823
669177c66d14fd83c2a18125,3,Novel,p,1,0.8218
669177c66d14fd83c2a18125,3,Novel,p,1,0.6842
669177c66d14fd83c2a18125,3,Famous,q,1,0.9022
669177c66d14fd83c2a18125,3,Novel,p,1,0.7135
669177c66d14fd83c2a18125,3,Novel,p,1,0.8168
669177c66d14fd83c2a18125,3,Novel,p,1,0.6534
669177c66d14fd83c2a18125,3,Famous,p,0,0.63
669177c66d14fd83c2a18125,3,Famous,p,0,0.6994
669177c66d14fd83c2a18125,3,Novel,p,1,0.7927
669177c66d14fd83c2a18125,3,Famous,p,0,0.748
669177c66d14fd83c2a18125,3,Famous,q,1,0.7344
669177c66d14fd83c2a18125,3,Novel,p,1,0.7924
669177c66d14fd83c2a18125,3,Novel,p,1,0.7461
669177c66d14fd83c2a18125,3,Famous,p,0,0.86
669177c66d14fd83c2a18125,3,Famous,q,1,1.0009
669177c66d14fd83c2a18125,3,Famous,q,1,0.9915
669177c66d14fd83c2a18125,3,Famous,q,1,0.8141
669177c66d14fd83c2a18125,3,Novel,p,1,0.8956
669177c66d14fd83c2a18125,3,Novel,p,1,0.7662
669a4f388b2de8df723faf1e,1,Novel,q,0,0.7691
669a4f388b2de8df723faf1e,1,Novel,p,1,0.4775
669a4f388b2de8df723faf1e,1,Famous,p,0,0.6113
669a4f388b2de8df723faf1e,1,Novel,q,0,0.6551
669a4f388b2de8df723faf1e,1,Novel,p,1,0.7561
669a4f388b2de8df723faf1e,1,Novel,p,1,0.7913
669a4f388b2de8df723faf1e,1,Famous,p,0,0.6267
669a4f388b2de8df723faf1e,1,Famous,q,1,0.6755
669a4f388b2de8df723faf1e,1,Novel,p,1,0.8395
669a4f388b2de8df723faf1e,1,Novel,q,0,0.8192
669a4f388b2de8df723faf1e,1,Famous,q,1,0.7136
669a4f388b2de8df723faf1e,1,Famous,p,0,0.8936
669a4f388b2de8df723faf1e,1,Novel,p,1,0.7385
669a4f388b2de8df723faf1e,1,Famous,q,1,0.6503
669a4f388b2de8df723faf1e,1,Novel,p,1,0.7236
669a4f388b2de8df723faf1e,1,Famous,q,1,0.6876
669a4f388b2de8df723faf1e,1,Famous,q,1,0.8694
669a4f388b2de8df723faf1e,1,Novel,p,1,0.7176
669a4f388b2de8df723faf1e,1,Famous,p,0,0.8232
669a4f388b2de8df723faf1e,1,Novel,p,1,0.9083
669a4f388b2de8df723faf1e,1,Famous,q,1,0.8442
669a4f388b2de8df723faf1e,1,Novel,p,1,0.779
669a4f388b2de8df723faf1e,1,Famous,p,0,0.8503
669a4f388b2de8df723faf1e,1,Famous,q,1,0.7744
669a4f388b2de8df723faf1e,1,Famous,q,1,0.8869
669a4f388b2de8df723faf1e,1,Novel,p,1,0.8572
669a4f388b2de8df723faf1e,1,Novel,p,1,0.7546
669a4f388b2de8df723faf1e,1,Novel,p,1,0.7586
669a4f388b2de8df723faf1e,1,Novel,p,1,0.8509
669a4f388b2de8df723faf1e,1,Famous,q,1,0.79
669a4f388b2de8df723faf1e,1,Famous,q,1,0.7189
669a4f388b2de8df723faf1e,1,Novel,p,1,0.7002
669a4f388b2de8df723faf1e,1,Novel,p,1,0.7678
669a4f388b2de8df723faf1e,1,Novel,p,1,0.6163
669a4f388b2de8df723faf1e,1,Famous,q,1,0.6173
669a4f388b2de8df723faf1e,1,Novel,p,1,0.6971
669a4f388b2de8df723faf1e,1,Famous,q,1,0.7463
669a4f388b2de8df723faf1e,1,Famous,p,0,0.8652
669a4f388b2de8df723faf1e,1,Famous,p,0,0.841
669a4f388b2de8df723faf1e,1,Famous,q,1,0.6792
669a4f388b2de8df723faf1e,1,Famous,q,1,0.6909
669a4f388b2de8df723faf1e,1,Famous,q,1,0.8781
669a4f388b2de8df723faf1e,1,Novel,p,1,0.7599
669a4f388b2de8df723faf1e,1,Novel,p,1,0.6707
669a4f388b2de8df723faf1e,1,Famous,q,1,0.8577
669a4f388b2de8df723faf1e,1,Novel,p,1,0.6543
669a4f388b2de8df723faf1e,1,Famous,p,0,0.7898
669a4f388b2de8df723faf1e,1,Famous,p,0,0.7148
669a4f388b2de8df723faf1e,1,Famous,p,0,0.8912
669a4f388b2de8df723faf1e,1,Famous,p,0,0.7392
669a4f388b2de8df723faf1e,1,Novel,p,1,0.718
669a4f388b2de8df723faf1e,1,Novel,p,1,0.7494
669a4f388b2de8df723faf1e,1,Novel,p,1,0.7103
669a4f388b2de8df723faf1e,2,Famous,q,1,0.6174
669a4f388b2de8df723faf1e,2,Famous,q,1,0.5452
669a4f388b2de8df723faf1e,2,Famous,p,0,0.6962
669a4f388b2de8df723faf1e,2,Novel,p,1,0.7882
669a4f388b2de8df723faf1e,2,Novel,p,1,0.882
669a4f388b2de8df723faf1e,2,Novel,p,1,0.8591
669a4f388b2de8df723faf1e,2,Famous,q,1,0.8171
669a4f388b2de8df723faf1e,2,Novel,p,1,0.8287
669a4f388b2de8df723faf1e,2,Famous,q,1,0.6956
669a4f388b2de8df723faf1e,2,Novel,p,1,0.735
669a4f388b2de8df723faf1e,2,Famous,q,1,0.8102
669a4f388b2de8df723faf1e,2,Novel,p,1,0.6954
669a4f388b2de8df723faf1e,2,Novel,p,1,0.7145
669a4f388b2de8df723faf1e,2,Famous,p,0,0.8264
669a4f388b2de8df723faf1e,2,Famous,p,0,0.9102
669a4f388b2de8df723faf1e,2,Famous,q,1,0.5776
669a4f388b2de8df723faf1e,2,Novel,p,1,0.6581
669a4f388b2de8df723faf1e,2,Famous,p,0,0.9152
669a4f388b2de8df723faf1e,2,Famous,p,0,0.6619
669a4f388b2de8df723faf1e,2,Famous,p,0,0.6769
669a4f388b2de8df723faf1e,2,Famous,q,1,0.7146
669a4f388b2de8df723faf1e,2,Novel,p,1,0.8932
669a4f388b2de8df723faf1e,2,Novel,p,1,0.7661
669a4f388b2de8df723faf1e,2,Novel,p,1,0.6953
669a4f388b2de8df723faf1e,2,Novel,p,1,0.7902
669a4f388b2de8df723faf1e,2,Novel,p,1,0.6038
669a4f388b2de8df723faf1e,2,Novel,p,1,0.6219
669a4f388b2de8df723faf1e,2,Novel,p,1,0.7686
669a4f388b2de8df723faf1e,2,Famous,q,1,0.8139
669a4f388b2de8df723faf1e,2,Novel,p,1,0.7154
669a4f388b2de8df723faf1e,2,Novel,p,1,0.685
669a4f388b2de8df723faf1e,2,Novel,p,1,0.6946
669a4f388b2de8df723faf1e,2,Famous,p,0,0.6374
669a4f388b2de8df723faf1e,2,Famous,p,0,0.7297
669a4f388b2de8df723faf1e,2,Novel,p,1,0.7831
669a4f388b2de8df723faf1e,2,Famous,q,1,0.8602
669a4f388b2de8df723faf1e,2,Novel,p,1,0.7434
669a4f388b2de8df723faf1e,2,Novel,p,1,0.7007
669a4f388b2de8df723faf1e,2,Famous,q,1,0.9412
669a4f388b2de8df723faf1e,2,Famous,q,1,0.6005
669a4f388b2de8df723faf1e,2,Famous,p,0,0.8657
669a4f388b2de8df723faf1e,2,Famous,q,1,0.5954
669a4f388b2de8df723faf1e,2,Novel,p,1,0.6998
669a4f388b2de8df723faf1e,2,Famous,p,0,0.8623
669a4f388b2de8df723faf1e,2,Famous,q,1,0.6523
669a4f388b2de8df723faf1e,2,Famous,q,1,0.866
669a4f388b2de8df723faf1e,2,Novel,p,1,0.718
669a4f388b2de8df723faf1e,2,Novel,p,1,0.7866
669a4f388b2de8df723faf1e,2,Famous,q,1,0.9102
669a4f388b2de8df723faf1e,2,Novel,p,1,0.6666
669a4f388b2de8df723faf1e,2,Novel,p,1,0.6598
669a4f388b2de8df723faf1e,2,Famous,p,0,0.6706
669a4f388b2de8df723faf1e,2,Famous,q,1,0.7411
669a4f388b2de8df723faf1e,3,Novel,p,1,0.7105
669a4f388b2de8df723faf1e,3,Novel,p,1,0.7683
669a4f388b2de8df723faf1e,3,Famous,q,1,0.5944
669a4f388b2de8df723faf1e,3,Famous,p,0,0.771
669a4f388b2de8df723faf1e,3,Famous,p,0,0.7799
669a4f388b2de8df723faf1e,3,Famous,q,1,0.621
669a4f388b2de8df723faf1e,3,Novel,p,1,0.6731
669a4f388b2de8df723faf1e,3,Famous,p,0,0.7847
669a4f388b2de8df723faf1e,3,Famous,q,1,0.6753
669a4f388b2de8df723faf1e,3,Famous,q,1,0.7323
669a4f388b2de8df723faf1e,3,Novel,p,1,0.7664
669a4f388b2de8df723faf1e,3,Famous,q,1,0.5923
669a4f388b2de8df723faf1e,3,Novel,p,1,0.8195
669a4f388b2de8df723faf1e,3,Novel,p,1,0.776
669a4f388b2de8df723faf1e,3,Famous,q,1,0.7177
669a4f388b2de8df723faf1e,3,Novel,p,1,0.6908
669a4f388b2de8df723faf1e,3,Novel,p,1,0.7659
669a4f388b2de8df723faf1e,3,Novel,p,1,0.7446
669a4f388b2de8df723faf1e,3,Famous,q,1,0.6276
669a4f388b2de8df723faf1e,3,Famous,q,1,0.9484
669a4f388b2de8df723faf1e,3,Famous,p,0,0.7829
669a4f388b2de8df723faf1e,3,Famous,p,0,0.7489
669a4f388b2de8df723faf1e,3,Novel,p,1,0.9203
669a4f388b2de8df723faf1e,3,Novel,p,1,0.738
669a4f388b2de8df723faf1e,3,Novel,p,1,0.7578
669a4f388b2de8df723faf1e,3,Novel,p,1,0.7739
669a4f388b2de8df723faf1e,3,Famous,q,1,0.7739
669a4f388b2de8df723faf1e,3,Famous,q,1,0.9225
669a4f388b2de8df723faf1e,3,Novel,p,1,0.8161
669a4f388b2de8df723faf1e,3,Famous,p,0,0.8852
669a4f388b2de8df723faf1e,3,Famous,q,1,0.6971
669a4f388b2de8df723faf1e,3,Novel,p,1,0.9003
669a4f388b2de8df723faf1e,3,Famous,q,1,0.6763
669a4f388b2de8df723faf1e,3,Famous,q,1,0.7913
669a4f388b2de8df723faf1e,3,Novel,p,1,0.7268
669a4f388b2de8df723faf1e,3,Famous,q,1,0.8013
669a4f388b2de8df723faf1e,3,Famous,q,1,0.7186
669a4f388b2de8df723faf1e,3,Novel,p,1,0.7526
669a4f388b2de8df723faf1e,3,Famous,p,0,0.8419
669a4f388b2de8df723faf1e,3,Famous,q,1,0.6365
669a4f388b2de8df723faf1e,3,Novel,p,1,0.7285
669a4f388b2de8df723faf1e,3,Novel,p,1,0.7203
669a4f388b2de8df723faf1e,3,Novel,p,1,0.8156
669a4f388b2de8df723faf1e,3,Famous,p,0,0.8658
669a4f388b2de8df723faf1e,3,Novel,p,1,0.6891
669a4f388b2de8df723faf1e,3,Famous,p,0,0.8721
669a4f388b2de8df723faf1e,3,Novel,p,1,0.884
669a4f388b2de8df723faf1e,3,Novel,p,1,0.9282
669a4f388b2de8df723faf1e,3,Famous,q,1,0.7791
669a4f388b2de8df723faf1e,3,Novel,p,1,0.6966
669a4f388b2de8df723faf1e,3,Novel,p,1,0.8579
669a4f388b2de8df723faf1e,3,Famous,q,1,0.6641
669a4f388b2de8df723faf1e,3,Novel,p,1,0.7341
669a4f388b2de8df723faf1e,3,Novel,p,1,0.8858
669a4f388b2de8df723faf1e,3,Novel,p,1,0.6176
66a8e5cfc411f4b77b49dff3,1,Novel,p,1,0.663
66a8e5cfc411f4b77b49dff3,1,Novel,p,1,0.7927
66a8e5cfc411f4b77b49dff3,1,Novel,p,1,0.8946
66a8e5cfc411f4b77b49dff3,1,Famous,q,1,0.6535
66a8e5cfc411f4b77b49dff3,1,Novel,p,1,0.6905
66a8e5cfc411f4b77b49dff3,1,Famous,p,0,0.6533
66a8e5cfc411f4b77b49dff3,1,Famous,p,0,0.7405
66a8e5cfc411f4b77b49dff3,1,Novel,p,1,0.6774
66a8e5cfc411f4b77b49dff3,1,Famous,p,0,0.7658
66a8e5cfc411f4b77b49dff3,1,Famous,q,1,0.5389
66a8e5cfc411f4b77b49dff3,1,Famous,q,1,0.6726
66a8e5cfc411f4b77b49dff3,1,Novel,p,1,0.5992
66a8e5cfc411f4b77b49dff3,1,Novel,q,0,0.8976
66a8e5cfc411f4b77b49dff3,1,Novel,p,1,0.9068
66a8e5cfc411f4b77b49dff3,1,Famous,p,0,0.7202
66a8e5cfc411f4b77b49dff3,1,Novel,p,1,0.8864
66a8e5cfc411f4b77b49dff3,1,Novel,p,1,0.7961
66a8e5cfc411f4b77b49dff3,1,Novel,p,1,0.9138
66a8e5cfc411f4b77b49dff3,1,Famous,q,1,0.7051
66a8e5cfc411f4b77b49dff3,1,Novel,p,1,0.8206
66a8e5cfc411f4b77b49dff3,1,Novel,q,0,0.7563
66a8e5cfc411f4b77b49dff3,1,Famous,q,1,0.8468
66a8e5cfc411f4b77b49dff3,1,Novel,p,1,0.8084
66a8e5cfc411f4b77b49dff3,1,Novel,p,1,0.7994
66a8e5cfc411f4b77b49dff3,1,Famous,q,1,0.4915
66a8e5cfc411f4b77b49dff3,1,Famous,q,1,0.703
66a8e5cfc411f4b77b49dff3,1,Novel,p,1,0.6223
66a8e5cfc411f4b77b49dff3,1,Famous,q,1,0.453
66a8e5cfc411f4b77b49dff3,1,Novel,q,0,0.5972
66a8e5cfc411f4b77b49dff3,1,Famous,q,1,0.8297
66a8e5cfc411f4b77b49dff3,1,Famous,q,1,0.6499
66a8e5cfc411f4b77b49dff3,1,Famous,p,0,0.6833
66a8e5cfc411f4b77b49dff3,1,Famous,q,1,0.8755
66a8e5cfc411f4b77b49dff3,1,Famous,p,0,0.6603
66a8e5cfc411f4b77b49dff3,1,Famous,q,1,0.5483
66a8e5cfc411f4b77b49dff3,1,Novel,p,1,0.8442
66a8e5cfc411f4b77b49dff3,1,Novel,p,1,0.7355
66a8e5cfc411f4b77b49dff3,1,Novel,p,1,0.7041
66a8e5cfc411f4b77b49dff3,1,Novel,p,1,0.7706
66a8e5cfc411f4b77b49dff3,1,Famous,q,1,0.8601
66a8e5cfc411f4b77b49dff3,1,Novel,q,0,0.611
66a8e5cfc411f4b77b49dff3,1,Famous,q,1,0.5462
66a8e5cfc411f4b77b49dff3,1,Novel,p,1,0.8244
66a8e5cfc411f4b77b49dff3,1,Famous,q,1,0.6147
66a8e5cfc411f4b77b49dff3,1,Famous,q,1,0.4703
66a8e5cfc411f4b77b49dff3,1,Famous,q,1,0.8164
66a8e5cfc411f4b77b49dff3,1,Novel,q,0,0.5683
66a8e5cfc411f4b77b49dff3,1,Novel,q,0,0.7509
66a8e5cfc411f4b77b49dff3,1,Famous,q,1,0.5402
66a8e5cfc411f4b77b49dff3,1,Famous,q,1,0.598
66a8e5cfc411f4b77b49dff3,1,Novel,p,1,0.7477
66a8e5cfc411f4b77b49dff3,1,Novel,p,1,0.8593
66a8e5cfc411f4b77b49dff3,1,Famous,q,1,0.6926
66a8e5cfc411f4b77b49dff3,1,Famous,p,0,0.8686
66a8e5cfc411f4b77b49dff3,1,Famous,p,0,0.7483
66a8e5cfc411f4b77b49dff3,1,Novel,q,0,0.5872
66a8e5cfc411f4b77b49dff3,1,Novel,p,1,0.7087
66a8e5cfc411f4b77b49dff3,2,Novel,q,0,0.4851
66a8e5cfc411f4b77b49dff3,2,Famous,q,1,0.6612
66a8e5cfc411f4b77b49dff3,2,Famous,q,1,0.5902
66a8e5cfc411f4b77b49dff3,2,Famous,q,1,0.7039
66a8e5cfc411f4b77b49dff3,2,Novel,p,1,0.7487
66a8e5cfc411f4b77b49dff3,2,Novel,p,1,0.6996
66a8e5cfc411f4b77b49dff3,2,Famous,q,1,0.5958
66a8e5cfc411f4b77b49dff3,2,Famous,q,1,0.5601
66a8e5cfc411f4b77b49dff3,2,Novel,p,1,0.8521
66a8e5cfc411f4b77b49dff3,2,Novel,p,1,0.7637
66a8e5cfc411f4b77b49dff3,2,Novel,p,1,0.8191
66a8e5cfc411f4b77b49dff3,2,Famous,q,1,0.7283
66a8e5cfc411f4b77b49dff3,2,Novel,p,1,0.6862
66a8e5cfc411f4b77b49dff3,2,Novel,p,1,0.6543
66a8e5cfc411f4b77b49dff3,2,Novel,p,1,0.6551
66a8e5cfc411f4b77b49dff3,2,Novel,p,1,0.8629
66a8e5cfc411f4b77b49dff3,2,Famous,q,1,0.7459
66a8e5cfc411f4b77b49dff3,2,Novel,p,1,0.7168
66a8e5cfc411f4b77b49dff3,2,Novel,p,1,0.5903
66a8e5cfc411f4b77b49dff3,2,Famous,p,0,0.6299
66a8e5cfc411f4b77b49dff3,2,Novel,p,1,0.7707
66a8e5cfc411f4b77b49dff3,2,Famous,q,1,0.6954
66a8e5cfc411f4b77b49dff3,2,Famous,p,0,0.7634
66a8e5cfc411f4b77b49dff3,2,Famous,q,1,0.7169
66a8e5cfc411f4b77b49dff3,2,Novel,p,1,0.8662
66a8e5cfc411f4b77b49dff3,2,Novel,p,1,0.8599
66a8e5cfc411f4b77b49dff3,2,Famous,q,1,0.8382
66a8e5cfc411f4b77b49dff3,2,Famous,q,1,0.6776
66a8e5cfc411f4b77b49dff3,2,Famous,q,1,0.8725
66a8e5cfc411f4b77b49dff3,2,Novel,p,1,0.8047
66a8e5cfc411f4b77b49dff3,2,Novel,p,1,0.8469
66a8e5cfc411f4b77b49dff3,2,Famous,q,1,0.8919
66a8e5cfc411f4b77b49dff3,2,Famous,q,1,0.6826
66a8e5cfc411f4b77b49dff3,2,Famous,q,1,0.7829
66a8e5cfc411f4b77b49dff3,2,Novel,p,1,0.7584
66a8e5cfc411f4b77b49dff3,2,Novel,p,1,0.7041
66a8e5cfc411f4b77b49dff3,2,Novel,p,1,0.9226
66a8e5cfc411f4b77b49dff3,2,Famous,q,1,0.5906
66a8e5cfc411f4b77b49dff3,2,Novel,p,1,0.7112
66a8e5cfc411f4b77b49dff3,2,Novel,p,1,0.8229
66a8e5cfc411f4b77b49dff3,2,Novel,p,1,0.9142
66a8e5cfc411f4b77b49dff3,2,Famous,q,1,0.64
66a8e5cfc411f4b77b49dff3,2,Famous,q,1,0.7677
66a8e5cfc411f4b77b49dff3,2,Novel,p,1,0.7209
66a8e5cfc411f4b77b49dff3,2,Famous,q,1,1.0231
66a8e5cfc411f4b77b49dff3,2,Novel,p,1,0.6896
66a8e5cfc411f4b77b49dff3,2,Famous,q,1,0.7251
66a8e5cfc411f4b77b49dff3,2,Famous,q,1,0.5732
66a8e5cfc411f4b77b49dff3,2,Novel,p,1,0.9732
66a8e5cfc411f4b77b49dff3,2,Novel,p,1,0.7557
66a8e5cfc411f4b77b49dff3,2,Famous,p,0,0.7312
66a8e5cfc411f4b77b49dff3,2,Famous,q,1,0.8343
66a8e5cfc411f4b77b49dff3,2,Famous,p,0,0.9325
66a8e5cfc411f4b77b49dff3,2,Famous,q,1,0.7907
66a8e5cfc411f4b77b49dff3,2,Famous,q,1,0.5874
66a8e5cfc411f4b77b49dff3,2,Novel,p,1,0.9631
66a8e5cfc411f4b77b49dff3,2,Famous,q,1,0.8092
66a8e5cfc411f4b77b49dff3,2,Famous,q,1,0.8577
66a8e5cfc411f4b77b49dff3,2,Novel,p,1,0.8426
66a8e5cfc411f4b77b49dff3,2,Novel,p,1,0.7894
66a8e5cfc411f4b77b49dff3,3,Famous,q,1,0.7372
66a8e5cfc411f4b77b49dff3,3,Novel,p,1,0.7992
66a8e5cfc411f4b77b49dff3,3,Novel,p,1,1.0108
66a8e5cfc411f4b77b49dff3,3,Famous,q,1,0.7195
66a8e5cfc411f4b77b49dff3,3,Famous,q,1,0.6188
66a8e5cfc411f4b77b49dff3,3,Novel,p,1,0.9296
66a8e5cfc411f4b77b49dff3,3,Famous,q,1,0.7728
66a8e5cfc411f4b77b49dff3,3,Novel,p,1,0.7039
66a8e5cfc411f4b77b49dff3,3,Novel,p,1,0.9924
66a8e5cfc411f4b77b49dff3,3,Famous,q,1,0.8033
66a8e5cfc411f4b77b49dff3,3,Novel,p,1,0.6708
66a8e5cfc411f4b77b49dff3,3,Novel,p,1,0.7358
66a8e5cfc411f4b77b49dff3,3,Famous,q,1,0.63
66a8e5cfc411f4b77b49dff3,3,Novel,p,1,0.5608
66a8e5cfc411f4b77b49dff3,3,Famous,q,1,0.6273
66a8e5cfc411f4b77b49dff3,3,Novel,p,1,0.733
66a8e5cfc411f4b77b49dff3,3,Novel,p,1,0.6767
66a8e5cfc411f4b77b49dff3,3,Famous,q,1,0.6083
66a8e5cfc411f4b77b49dff3,3,Famous,q,1,0.6296
66a8e5cfc411f4b77b49dff3,3,Novel,q,0,0.5256
66a8e5cfc411f4b77b49dff3,3,Famous,q,1,0.5958
66a8e5cfc411f4b77b49dff3,3,Famous,q,1,0.4588
66a8e5cfc411f4b77b49dff3,3,Novel,q,0,0.437
66a8e5cfc411f4b77b49dff3,3,Novel,p,1,0.7044
66a8e5cfc411f4b77b49dff3,3,Famous,q,1,0.5937
66a8e5cfc411f4b77b49dff3,3,Famous,q,1,0.662
66a8e5cfc411f4b77b49dff3,3,Novel,q,0,0.5194
66a8e5cfc411f4b77b49dff3,3,Famous,q,1,0.6034
66a8e5cfc411f4b77b49dff3,3,Novel,p,1,0.8412
66a8e5cfc411f4b77b49dff3,3,Famous,q,1,0.8542
66a8e5cfc411f4b77b49dff3,3,Famous,q,1,0.5077
66a8e5cfc411f4b77b49dff3,3,Novel,p,1,0.8337
66a8e5cfc411f4b77b49dff3,3,Novel,q,0,0.6394
66a8e5cfc411f4b77b49dff3,3,Famous,p,0,0.8812
66a8e5cfc411f4b77b49dff3,3,Famous,q,1,0.6915
66a8e5cfc411f4b77b49dff3,3,Famous,q,1,0.6679
66a8e5cfc411f4b77b49dff3,3,Novel,p,1,0.6763
66a8e5cfc411f4b77b49dff3,3,Famous,q,1,0.5527
66a8e5cfc411f4b77b49dff3,3,Famous,q,1,0.5737
66a8e5cfc411f4b77b49dff3,3,Famous,q,1,0.4611
66a8e5cfc411f4b77b49dff3,3,Novel,q,0,0.5641
66a8e5cfc411f4b77b49dff3,3,Famous,q,1,0.6157
66a8e5cfc411f4b77b49dff3,3,Famous,q,1,0.5503
66a8e5cfc411f4b77b49dff3,3,Novel,p,1,0.7636
66a8e5cfc411f4b77b49dff3,3,Famous,q,1,0.5276
66a8e5cfc411f4b77b49dff3,3,Novel,q,0,0.4998
66a8e5cfc411f4b77b49dff3,3,Novel,p,1,0.8129
66a8e5cfc411f4b77b49dff3,3,Famous,p,0,0.6672
66a8e5cfc411f4b77b49dff3,3,Novel,p,1,0.6307
66a8e5cfc411f4b77b49dff3,3,Novel,p,1,0.8123
66a8e5cfc411f4b77b49dff3,3,Novel,p,1,0.7009
66a8e5cfc411f4b77b49dff3,3,Famous,q,1,0.6177
66a8e5cfc411f4b77b49dff3,3,Novel,p,1,0.8231
66a8e5cfc411f4b77b49dff3,3,Novel,p,1,0.9824
66a8e5cfc411f4b77b49dff3,3,Novel,p,1,0.9024
66a8e5cfc411f4b77b49dff3,3,Famous,q,1,1.001
66a8e5cfc411f4b77b49dff3,3,Famous,q,1,0.7444
66a8e5cfc411f4b77b49dff3,3,Famous,p,0,0.9419
66a951b14b7efb731d95dcbd,1,Famous,q,1,0.6399
66a951b14b7efb731d95dcbd,1,Famous,q,1,0.628
66a951b14b7efb731d95dcbd,1,Famous,q,1,0.7834
66a951b14b7efb731d95dcbd,1,Famous,q,1,0.6745
66a951b14b7efb731d95dcbd,1,Novel,q,0,0.6799
66a951b14b7efb731d95dcbd,1,Novel,p,1,0.9669
66a951b14b7efb731d95dcbd,1,Famous,q,1,0.8448
66a951b14b7efb731d95dcbd,1,Novel,q,0,0.9079
66a951b14b7efb731d95dcbd,1,Novel,q,0,0.6999
66a951b14b7efb731d95dcbd,1,Famous,q,1,0.7089
66a951b14b7efb731d95dcbd,1,Novel,q,0,0.7143
66a951b14b7efb731d95dcbd,1,Novel,q,0,0.6153
66a951b14b7efb731d95dcbd,1,Novel,p,1,0.9008
66a951b14b7efb731d95dcbd,1,Novel,p,1,0.8102
66a951b14b7efb731d95dcbd,1,Famous,p,0,0.9324
66a951b14b7efb731d95dcbd,1,Novel,p,1,0.7964
66a951b14b7efb731d95dcbd,1,Famous,p,0,0.9129
66a951b14b7efb731d95dcbd,1,Novel,q,0,0.7541
66a951b14b7efb731d95dcbd,1,Novel,p,1,0.9019
66a951b14b7efb731d95dcbd,1,Famous,q,1,0.8598
66a951b14b7efb731d95dcbd,1,Famous,q,1,0.6698
66a951b14b7efb731d95dcbd,1,Novel,q,0,0.6503
66a951b14b7efb731d95dcbd,1,Novel,p,1,0.9643
66a951b14b7efb731d95dcbd,1,Famous,q,1,0.6893
66a951b14b7efb731d95dcbd,1,Famous,q,1,0.6077
66a951b14b7efb731d95dcbd,1,Famous,q,1,0.5655
66a951b14b7efb731d95dcbd,1,Novel,q,0,0.6846
66a951b14b7efb731d95dcbd,1,Famous,q,1,0.8683
66a951b14b7efb731d95dcbd,1,Novel,q,0,0.6841
66a951b14b7efb731d95dcbd,1,Famous,q,1,0.6196
66a951b14b7efb731d95dcbd,1,Famous,q,1,0.5435
66a951b14b7efb731d95dcbd,1,Famous,q,1,0.5148
66a951b14b7efb731d95dcbd,1,Novel,p,1,0.8368
66a951b14b7efb731d95dcbd,1,Famous,q,1,0.5651
66a951b14b7efb731d95dcbd,1,Novel,q,0,0.7052
66a951b14b7efb731d95dcbd,1,Famous,q,1,0.7899
66a951b14b7efb731d95dcbd,1,Famous,q,1,0.6367
66a951b14b7efb731d95dcbd,1,Novel,q,0,0.686
66a951b14b7efb731d95dcbd,1,Novel,q,0,0.8774
66a951b14b7efb731d95dcbd,1,Novel,q,0,0.9961
66a951b14b7efb731d95dcbd,1,Famous,q,1,0.5222
66a951b14b7efb731d95dcbd,1,Novel,q,0,0.4868
66a951b14b7efb731d95dcbd,1,Famous,q,1,0.4698
66a951b14b7efb731d95dcbd,1,Famous,q,1,0.6971
66a951b14b7efb731d95dcbd,1,Novel,q,0,0.3892
66a951b14b7efb731d95dcbd,1,Famous,q,1,0.7208
66a951b14b7efb731d95dcbd,1,Novel,q,0,0.536
66a951b14b7efb731d95dcbd,1,Novel,q,0,0.5622
66a951b14b7efb731d95dcbd,1,Famous,q,1,0.4541
66a951b14b7efb731d95dcbd,1,Famous,q,1,0.79
66a951b14b7efb731d95dcbd,1,Novel,q,0,0.606
66a951b14b7efb731d95dcbd,1,Famous,q,1,0.6728
66a951b14b7efb731d95dcbd,1,Novel,q,0,0.6203
66a951b14b7efb731d95dcbd,1,Novel,q,0,0.4676
66a951b14b7efb731d95dcbd,1,Famous,q,1,0.4584
66a951b14b7efb731d95dcbd,2,Novel,q,0,0.4898
66a951b14b7efb731d95dcbd,2,Famous,q,1,0.4232
66a951b14b7efb731d95dcbd,2,Novel,q,0,0.3813
66a951b14b7efb731d95dcbd,2,Famous,q,1,0.4807
66a951b14b7efb731d95dcbd,2,Famous,q,1,0.4447
66a951b14b7efb731d95dcbd,2,Famous,q,1,0.6565
66a951b14b7efb731d95dcbd,2,Famous,q,1,0.5284
66a951b14b7efb731d95dcbd,2,Novel,q,0,0.6463
66a951b14b7efb731d95dcbd,2,Famous,q,1,0.7114
66a951b14b7efb731d95dcbd,2,Famous,q,1,0.6597
66a951b14b7efb731d95dcbd,2,Novel,q,0,0.6127
66a951b14b7efb731d95dcbd,2,Novel,q,0,0.8737
66a951b14b7efb731d95dcbd,2,Famous,q,1,0.7214
66a951b14b7efb731d95dcbd,2,Novel,q,0,0.802
66a951b14b7efb731d95dcbd,2,Famous,q,1,0.6375
66a951b14b7efb731d95dcbd,2,Famous,q,1,0.5948
66a951b14b7efb731d95dcbd,2,Novel,q,0,0.4886
66a951b14b7efb731d95dcbd,2,Novel,q,0,0.5398
66a951b14b7efb731d95dcbd,2,Famous,q,1,0.3747
66a951b14b7efb731d95dcbd,2,Famous,q,1,0.5026
66a951b14b7efb731d95dcbd,2,Novel,q,0,0.6312
66a951b14b7efb731d95dcbd,2,Novel,q,0,0.5584
66a951b14b7efb731d95dcbd,2,Novel,q,0,0.5458
66a951b14b7efb731d95dcbd,2,Novel,p,1,0.9015
66a951b14b7efb731d95dcbd,2,Novel,q,0,0.5964
66a951b14b7efb731d95dcbd,2,Famous,q,1,0.665
66a951b14b7efb731d95dcbd,2,Famous,q,1,0.4762
66a951b14b7efb731d95dcbd,2,Famous,q,1,0.5549
66a951b14b7efb731d95dcbd,2,Famous,q,1,0.6995
66a951b14b7efb731d95dcbd,2,Famous,q,1,0.4112
66a951b14b7efb731d95dcbd,2,Famous,q,1,0.3306
66a951b14b7efb731d95dcbd,2,Novel,q,0,0.6309
66a951b14b7efb731d95dcbd,2,Novel,q,0,0.4602
66a951b14b7efb731d95dcbd,2,Famous,q,1,0.4127
66a951b14b7efb731d95dcbd,2,Novel,q,0,0.4672
66a951b14b7efb731d95dcbd,2,Novel,q,0,0.4844
66a951b14b7efb731d95dcbd,2,Novel,q,0,0.3847
66a951b14b7efb731d95dcbd,2,Novel,q,0,0.54
66a951b14b7efb731d95dcbd,2,Novel,q,0,0.5064
66a951b14b7efb731d95dcbd,2,Novel,q,0,0.6909
66a951b14b7efb731d95dcbd,2,Novel,q,0,0.4232
66a951b14b7efb731d95dcbd,2,Famous,q,1,0.6811
66a951b14b7efb731d95dcbd,2,Novel,q,0,0.5027
66a951b14b7efb731d95dcbd,2,Novel,q,0,0.4191
66a951b14b7efb731d95dcbd,2,Famous,q,1,0.3919
66a951b14b7efb731d95dcbd,2,Novel,q,0,0.4459
66a951b14b7efb731d95dcbd,2,Famous,q,1,0.3642
66a951b14b7efb731d95dcbd,2,Famous,q,1,0.4793
66a951b14b7efb731d95dcbd,2,Famous,q,1,0.3989
66a951b14b7efb731d95dcbd,2,Novel,q,0,0.9374
66a951b14b7efb731d95dcbd,2,Famous,q,1,0.5922
66a951b14b7efb731d95dcbd,2,Famous,q,1,0.5301
66a951b14b7efb731d95dcbd,2,Novel,q,0,0.8506
66a951b14b7efb731d95dcbd,2,Novel,q,0,0.4935
66a951b14b7efb731d95dcbd,2,Famous,q,1,0.5139
66a951b14b7efb731d95dcbd,2,Novel,q,0,0.6058
66a951b14b7efb731d95dcbd,2,Famous,q,1,0.4838
66a951b14b7efb731d95dcbd,2,Famous,q,1,0.5012
66a951b14b7efb731d95dcbd,3,Novel,q,0,0.463
66a951b14b7efb731d95dcbd,3,Novel,q,0,0.4026
66a951b14b7efb731d95dcbd,3,Novel,q,0,0.4012
66a951b14b7efb731d95dcbd,3,Novel,q,0,0.5224
66a951b14b7efb731d95dcbd,3,Famous,q,1,0.4131
66a951b14b7efb731d95dcbd,3,Famous,q,1,0.4078
66a951b14b7efb731d95dcbd,3,Novel,q,0,0.4099
66a951b14b7efb731d95dcbd,3,Novel,q,0,0.4402
66a951b14b7efb731d95dcbd,3,Famous,q,1,0.5745
66a951b14b7efb731d95dcbd,3,Novel,q,0,0.5118
66a951b14b7efb731d95dcbd,3,Famous,q,1,0.5048
66a951b14b7efb731d95dcbd,3,Famous,q,1,0.5614
66a951b14b7efb731d95dcbd,3,Novel,q,0,0.5261
66a951b14b7efb731d95dcbd,3,Famous,q,1,0.5782
66a951b14b7efb731d95dcbd,3,Famous,q,1,0.5091
66a951b14b7efb731d95dcbd,3,Famous,q,1,0.4412
66a951b14b7efb731d95dcbd,3,Novel,q,0,0.6105
66a951b14b7efb731d95dcbd,3,Novel,p,1,0.7733
66a951b14b7efb731d95dcbd,3,Famous,q,1,0.6053
66a951b14b7efb731d95dcbd,3,Novel,p,1,0.8052
66a951b14b7efb731d95dcbd,3,Famous,q,1,0.6711
66a951b14b7efb731d95dcbd,3,Famous,p,0,0.9121
66a951b14b7efb731d95dcbd,3,Novel,p,1,0.8523
66a951b14b7efb731d95dcbd,3,Novel,q,0,0.7659
66a951b14b7efb731d95dcbd,3,Famous,q,1,0.6461
66a951b14b7efb731d95dcbd,3,Famous,q,1,0.5907
66a951b14b7efb731d95dcbd,3,Novel,p,1,0.8669
66a951b14b7efb731d95dcbd,3,Novel,q,0,0.6633
66a951b14b7efb731d95dcbd,3,Famous,q,1,0.6675
66a951b14b7efb731d95dcbd,3,Novel,q,0,0.5302
66a951b14b7efb731d95dcbd,3,Famous,q,1,0.7314
66a951b14b7efb731d95dcbd,3,Novel,q,0,0.5778
66a951b14b7efb731d95dcbd,3,Novel,q,0,0.6965
66a951b14b7efb731d95dcbd,3,Novel,p,1,0.8921
66a951b14b7efb731d95dcbd,3,Novel,p,1,0.9199
66a951b14b7efb731d95dcbd,3,Novel,q,0,0.9431
66a951b14b7efb731d95dcbd,3,Famous,q,1,0.6903
66a951b14b7efb731d95dcbd,3,Novel,p,1,1.0024
66a951b14b7efb731d95dcbd,3,Novel,p,1,0.8613
66a951b14b7efb731d95dcbd,3,Novel,q,0,0.627
66a951b14b7efb731d95dcbd,3,Novel,q,0,0.5655
66a951b14b7efb731d95dcbd,3,Novel,q,0,0.5092
66a951b14b7efb731d95dcbd,3,Famous,q,1,0.7984
66a951b14b7efb731d95dcbd,3,Famous,q,1,0.5891
66a951b14b7efb731d95dcbd,3,Novel,q,0,0.4919
66a951b14b7efb731d95dcbd,3,Famous,q,1,0.5865
66a951b14b7efb731d95dcbd,3,Novel,q,0,0.6453
66a951b14b7efb731d95dcbd,3,Famous,q,1,0.5785
66a951b14b7efb731d95dcbd,3,Novel,q,0,0.7902
66a951b14b7efb731d95dcbd,3,Famous,q,1,0.7521
66a951b14b7efb731d95dcbd,3,Famous,q,1,0.5656
66a951b14b7efb731d95dcbd,3,Famous,q,1,0.5095
66a951b14b7efb731d95dcbd,3,Famous,q,1,0.6455
66a951b14b7efb731d95dcbd,3,Famous,q,1,0.5416
66a951b14b7efb731d95dcbd,3,Famous,q,1,0.5817
66a951b14b7efb731d95dcbd,3,Famous,q,1,0.5248
66a951b14b7efb731d95dcbd,3,Famous,q,1,0.5642
66a951b14b7efb731d95dcbd,3,Famous,q,1,0.5542
66a951b14b7efb731d95dcbd,3,Novel,q,0,0.5802
66a951b14b7efb731d95dcbd,3,Famous,q,1,0.5518
66d035e529e80315f590ecce,1,Novel,p,1,0.9432
66d035e529e80315f590ecce,1,Famous,q,1,0.8829
66d035e529e80315f590ecce,1,Novel,q,0,0.6588
66d035e529e80315f590ecce,1,Novel,q,0,0.6954
66d035e529e80315f590ecce,1,Novel,p,1,0.7473
66d035e529e80315f590ecce,1,Famous,q,1,0.6487
66d035e529e80315f590ecce,1,Famous,q,1,0.6972
66d035e529e80315f590ecce,1,Novel,q,0,0.5734
66d035e529e80315f590ecce,1,Famous,q,1,0.7554
66d035e529e80315f590ecce,1,Famous,q,1,0.5411
66d035e529e80315f590ecce,1,Novel,p,1,0.6654
66d035e529e80315f590ecce,1,Novel,q,0,0.6332
66d035e529e80315f590ecce,1,Famous,q,1,0.5962
66d035e529e80315f590ecce,1,Famous,q,1,0.603
66d035e529e80315f590ecce,1,Novel,p,1,0.8406
66d035e529e80315f590ecce,1,Famous,q,1,0.707
66d035e529e80315f590ecce,1,Novel,p,1,0.8244
66d035e529e80315f590ecce,1,Novel,p,1,0.8218
66d035e529e80315f590ecce,1,Novel,q,0,0.6551
66d035e529e80315f590ecce,1,Novel,q,0,0.7742
66d035e529e80315f590ecce,1,Famous,q,1,0.8298
66d035e529e80315f590ecce,1,Famous,p,0,0.7471
66d035e529e80315f590ecce,1,Famous,q,1,0.5885
66d035e529e80315f590ecce,1,Novel,q,0,0.7334
66d035e529e80315f590ecce,1,Famous,p,0,0.7356
66d035e529e80315f590ecce,1,Famous,q,1,0.7652
66d035e529e80315f590ecce,1,Famous,q,1,0.8548
66d035e529e80315f590ecce,1,Novel,p,1,0.8008
66d035e529e80315f590ecce,1,Novel,p,1,1.0014
66d035e529e80315f590ecce,1,Famous,q,1,0.7043
66d035e529e80315f590ecce,1,Famous,q,1,0.7011
66d035e529e80315f590ecce,1,Famous,q,1,0.8189
66d035e529e80315f590ecce,1,Novel,p,1,0.8713
66d035e529e80315f590ecce,1,Famous,q,1,0.566
66d035e529e80315f590ecce,1,Novel,p,1,0.5681
66d035e529e80315f590ecce,1,Famous,q,1,0.5778
66d035e529e80315f590ecce,1,Famous,q,1,0.7438
66d035e529e80315f590ecce,1,Novel,p,1,0.7302
66d035e529e80315f590ecce,1,Famous,q,1,0.6072
66d035e529e80315f590ecce,1,Famous,q,1,0.6982
66d035e529e80315f590ecce,1,Novel,q,0,0.6294
66d035e529e80315f590ecce,1,Novel,p,1,0.6191
66d035e529e80315f590ecce,1,Famous,q,1,0.5875
66d035e529e80315f590ecce,1,Famous,q,1,0.5488
66d035e529e80315f590ecce,1,Famous,q,1,0.6172
66d035e529e80315f590ecce,1,Novel,q,0,0.5988
66d035e529e80315f590ecce,1,Famous,p,0,0.7387
66d035e529e80315f590ecce,1,Famous,q,1,0.6061
66d035e529e80315f590ecce,1,Novel,p,1,0.8881
66d035e529e80315f590ecce,1,Novel,p,1,0.7295
66d035e529e80315f590ecce,1,Novel,q,0,0.678
66d035e529e80315f590ecce,1,Novel,p,1,0.5465
66d035e529e80315f590ecce,1,Novel,p,1,0.7968
66d035e529e80315f590ecce,1,Novel,p,1,0.6501
66d035e529e80315f590ecce,1,Famous,q,1,0.5369
66d035e529e80315f590ecce,1,Novel,p,1,0.5817
66d035e529e80315f590ecce,1,Famous,p,0,0.7401
66d035e529e80315f590ecce,1,Novel,p,1,0.6161
66d035e529e80315f590ecce,1,Novel,q,0,0.8411
66d035e529e80315f590ecce,2,Novel,q,0,0.6242
66d035e529e80315f590ecce,2,Novel,q,0,0.5303
66d035e529e80315f590ecce,2,Novel,q,0,0.6291
66d035e529e80315f590ecce,2,Famous,q,1,0.6053
66d035e529e80315f590ecce,2,Novel,p,1,0.4765
66d035e529e80315f590ecce,2,Famous,q,1,0.4971
66d035e529e80315f590ecce,2,Novel,q,0,0.5771
66d035e529e80315f590ecce,2,Novel,p,1,0.6705
66d035e529e80315f590ecce,2,Novel,p,1,0.5618
66d035e529e80315f590ecce,2,Novel,p,1,0.5907
66d035e529e80315f590ecce,2,Famous,q,1,0.7253
66d035e529e80315f590ecce,2,Famous,q,1,0.5719
66d035e529e80315f590ecce,2,Famous,p,0,0.5595
66d035e529e80315f590ecce,2,Novel,q,0,0.7222
66d035e529e80315f590ecce,2,Famous,q,1,0.8601
66d035e529e80315f590ecce,2,Famous,p,0,0.6096
66d035e529e80315f590ecce,2,Novel,q,0,0.6178
66d035e529e80315f590ecce,2,Novel,p,1,0.675
66d035e529e80315f590ecce,2,Novel,q,0,0.7758
66d035e529e80315f590ecce,2,Novel,p,1,0.7071
66d035e529e80315f590ecce,2,Novel,p,1,0.7239
66d035e529e80315f590ecce,2,Famous,q,1,0.6155
66d035e529e80315f590ecce,2,Famous,q,1,0.6906
66d035e529e80315f590ecce,2,Novel,q,0,0.6234
66d035e529e80315f590ecce,2,Novel,p,1,0.5982
66d035e529e80315f590ecce,2,Novel,p,1,0.7259
66d035e529e80315f590ecce,2,Famous,q,1,0.5788
66d035e529e80315f590ecce,2,Famous,q,1,0.6619
66d035e529e80315f590ecce,2,Famous,q,1,0.5923
66d035e529e80315f590ecce,2,Famous,q,1,0.5297
66d035e529e80315f590ecce,2,Famous,p,0,0.5401
66d035e529e80315f590ecce,2,Novel,p,1,0.7607
66d035e529e80315f590ecce,2,Famous,q,1,0.6076
66d035e529e80315f590ecce,2,Famous,q,1,0.7312
66d035e529e80315f590ecce,2,Novel,p,1,0.9153
66d035e529e80315f590ecce,2,Novel,p,1,0.6052
66d035e529e80315f590ecce,2,Famous,q,1,0.5777
66d035e529e80315f590ecce,2,Novel,p,1,0.5967
66d035e529e80315f590ecce,2,Famous,q,1,0.577
66d035e529e80315f590ecce,2,Novel,q,0,0.6556
66d035e529e80315f590ecce,2,Famous,q,1,0.6893
66d035e529e80315f590ecce,2,Famous,p,0,0.7738
66d035e529e80315f590ecce,2,Novel,q,0,0.7252
66d035e529e80315f590ecce,2,Famous,q,1,0.8093
66d035e529e80315f590ecce,2,Novel,p,1,0.6615
66d035e529e80315f590ecce,2,Novel,q,0,0.625
66d035e529e80315f590ecce,2,Famous,p,0,0.6005
66d035e529e80315f590ecce,2,Famous,p,0,0.6744
66d035e529e80315f590ecce,2,Famous,q,1,0.8559
66d035e529e80315f590ecce,2,Famous,q,1,0.6253
66d035e529e80315f590ecce,2,Novel,p,1,0.6862
66d035e529e80315f590ecce,2,Novel,p,1,0.5885
66d035e529e80315f590ecce,2,Famous,p,0,0.7513
66d035e529e80315f590ecce,2,Famous,q,1,0.6669
66d035e529e80315f590ecce,2,Famous,q,1,0.5784
66d035e529e80315f590ecce,2,Novel,p,1,0.8033
66d035e529e80315f590ecce,2,Famous,q,1,0.7923
66d035e529e80315f590ecce,2,Novel,p,1,0.8053
66d035e529e80315f590ecce,2,Novel,q,0,0.8072
66d035e529e80315f590ecce,2,Famous,q,1,0.896
66d035e529e80315f590ecce,3,Famous,q,1,0.8086
66d035e529e80315f590ecce,3,Novel,p,1,0.8368
66d035e529e80315f590ecce,3,Famous,q,1,0.5738
66d035e529e80315f590ecce,3,Novel,p,1,0.7135
66d035e529e80315f590ecce,3,Famous,q,1,0.5442
66d035e529e80315f590ecce,3,Famous,q,1,0.584
66d035e529e80315f590ecce,3,Novel,q,0,0.7407
66d035e529e80315f590ecce,3,Famous,q,1,0.6078
66d035e529e80315f590ecce,3,Famous,q,1,0.7777
66d035e529e80315f590ecce,3,Famous,q,1,0.5747
66d035e529e80315f590ecce,3,Novel,q,0,0.6761
66d035e529e80315f590ecce,3,Famous,q,1,0.7141
66d035e529e80315f590ecce,3,Novel,p,1,0.5603
66d035e529e80315f590ecce,3,Famous,p,0,0.7238
66d035e529e80315f590ecce,3,Novel,q,0,0.6533
66d035e529e80315f590ecce,3,Novel,p,1,0.6572
66d035e529e80315f590ecce,3,Novel,p,1,0.6582
66d035e529e80315f590ecce,3,Famous,q,1,0.7163
66d035e529e80315f590ecce,3,Famous,q,1,0.5737
66d035e529e80315f590ecce,3,Novel,p,1,0.7592
66d035e529e80315f590ecce,3,Novel,p,1,0.6256
66d035e529e80315f590ecce,3,Novel,p,1,0.7034
66d035e529e80315f590ecce,3,Novel,q,0,0.8543
66d035e529e80315f590ecce,3,Famous,q,1,0.7113
66d035e529e80315f590ecce,3,Famous,q,1,0.6009
66d035e529e80315f590ecce,3,Novel,p,1,0.578
66d035e529e80315f590ecce,3,Famous,p,0,0.6426
66d035e529e80315f590ecce,3,Novel,q,0,0.7816
66d035e529e80315f590ecce,3,Famous,q,1,0.6058
66d035e529e80315f590ecce,3,Famous,q,1,0.7297
66d035e529e80315f590ecce,3,Famous,q,1,0.8181
66d035e529e80315f590ecce,3,Novel,p,1,0.7976
66d035e529e80315f590ecce,3,Famous,p,0,0.8051
66d035e529e80315f590ecce,3,Novel,p,1,0.7132
66d035e529e80315f590ecce,3,Famous,q,1,0.6221
66d035e529e80315f590ecce,3,Famous,q,1,0.7138
66d035e529e80315f590ecce,3,Novel,p,1,0.7008
66d035e529e80315f590ecce,3,Novel,p,1,0.7247
66d035e529e80315f590ecce,3,Novel,p,1,0.78
66d035e529e80315f590ecce,3,Famous,q,1,0.7895
66d035e529e80315f590ecce,3,Famous,q,1,0.7003
66d035e529e80315f590ecce,3,Novel,p,1,0.6304
66d035e529e80315f590ecce,3,Novel,q,0,0.5264
66d035e529e80315f590ecce,3,Famous,q,1,0.5735
66d035e529e80315f590ecce,3,Famous,q,1,0.6564
66d035e529e80315f590ecce,3,Novel,p,1,0.6073
66d035e529e80315f590ecce,3,Novel,q,0,0.6376
66d035e529e80315f590ecce,3,Novel,p,1,0.5739
66d035e529e80315f590ecce,3,Novel,q,0,0.7126
66d035e529e80315f590ecce,3,Famous,q,1,0.6134
66d035e529e80315f590ecce,3,Novel,q,0,0.5927
66d035e529e80315f590ecce,3,Novel,p,1,0.5803
66d035e529e80315f590ecce,3,Famous,q,1,0.6731
66d035e529e80315f590ecce,3,Famous,q,1,0.6569
66d035e529e80315f590ecce,3,Famous,q,1,0.4951
66d035e529e80315f590ecce,3,Novel,p,1,0.4736
66d035e529e80315f590ecce,3,Famous,p,0,0.593
66d035e529e80315f590ecce,3,Novel,p,1,0.8065
66d035e529e80315f590ecce,3,Novel,p,1,0.656
66d31a1b0515fe747830bab9,1,Famous,q,1,0.6587
66d31a1b0515fe747830bab9,1,Novel,q,0,0.8539
66d31a1b0515fe747830bab9,1,Novel,p,1,0.6952
66d31a1b0515fe747830bab9,1,Novel,q,0,0.9133
66d31a1b0515fe747830bab9,1,Novel,p,1,0.6931
66d31a1b0515fe747830bab9,1,Famous,q,1,0.7233
66d31a1b0515fe747830bab9,1,Famous,q,1,0.8289
66d31a1b0515fe747830bab9,1,Novel,p,1,0.6899
66d31a1b0515fe747830bab9,1,Famous,q,1,0.8847
66d31a1b0515fe747830bab9,1,Famous,p,0,0.8429
66d31a1b0515fe747830bab9,1,Famous,q,1,0.9615
66d31a1b0515fe747830bab9,1,Famous,p,0,0.9261
66d31a1b0515fe747830bab9,1,Novel,q,0,0.9509
66d31a1b0515fe747830bab9,1,Famous,q,1,0.9742
66d31a1b0515fe747830bab9,1,Novel,p,1,0.8279
66d31a1b0515fe747830bab9,1,Novel,p,1,0.9467
66d31a1b0515fe747830bab9,1,Famous,q,1,1.0095
66d31a1b0515fe747830bab9,1,Novel,q,0,0.8263
66d31a1b0515fe747830bab9,1,Famous,q,1,0.6706
66d31a1b0515fe747830bab9,1,Famous,p,0,0.5746
66d31a1b0515fe747830bab9,1,Novel,p,1,0.8378
66d31a1b0515fe747830bab9,1,Famous,q,1,0.6857
66d31a1b0515fe747830bab9,1,Famous,q,1,0.7135
66d31a1b0515fe747830bab9,1,Novel,q,0,0.9385
66d31a1b0515fe747830bab9,1,Novel,p,1,0.56
66d31a1b0515fe747830bab9,1,Novel,p,1,0.6774
66d31a1b0515fe747830bab9,1,Famous,q,1,0.8428
66d31a1b0515fe747830bab9,1,Famous,q,1,0.7094
66d31a1b0515fe747830bab9,1,Famous,q,1,0.7242
66d31a1b0515fe747830bab9,1,Novel,p,1,0.9145
66d31a1b0515fe747830bab9,1,Novel,p,1,0.7628
66d31a1b0515fe747830bab9,1,Novel,q,0,0.8123
66d31a1b0515fe747830bab9,1,Novel,q,0,0.8261
66d31a1b0515fe747830bab9,1,Famous,p,0,0.7096
66d31a1b0515fe747830bab9,1,Novel,p,1,0.7757
66d31a1b0515fe747830bab9,1,Novel,q,0,0.9774
66d31a1b0515fe747830bab9,1,Novel,q,0,0.7234
66d31a1b0515fe747830bab9,1,Novel,p,1,0.6658
66d31a1b0515fe747830bab9,1,Novel,q,0,0.7294
66d31a1b0515fe747830bab9,1,Novel,p,1,0.7211
66d31a1b0515fe747830bab9,1,Famous,q,1,0.8732
66d31a1b0515fe747830bab9,1,Novel,p,1,0.8836
66d31a1b0515fe747830bab9,1,Famous,q,1,0.7824
66d31a1b0515fe747830bab9,1,Novel,p,1,0.8935
66d31a1b0515fe747830bab9,1,Famous,p,0,0.7599
66d31a1b0515fe747830bab9,1,Famous,q,1,0.9338
66d31a1b0515fe747830bab9,1,Famous,p,0,0.745
66d31a1b0515fe747830bab9,1,Famous,q,1,0.799
66d31a1b0515fe747830bab9,1,Famous,p,0,0.8833
66d31a1b0515fe747830bab9,1,Famous,q,1,0.6926
66d31a1b0515fe747830bab9,1,Famous,p,0,0.7472
66d31a1b0515fe747830bab9,1,Novel,q,0,0.8181
66d31a1b0515fe747830bab9,1,Famous,p,0,0.5241
66d31a1b0515fe747830bab9,1,Novel,q,0,0.6638
66d31a1b0515fe747830bab9,1,Famous,q,1,0.6589
66d31a1b0515fe747830bab9,1,Famous,p,0,0.5607
66d31a1b0515fe747830bab9,1,Novel,q,0,0.7121
66d31a1b0515fe747830bab9,2,Novel,q,0,0.7634
66d31a1b0515fe747830bab9,2,Famous,q,1,0.7672
66d31a1b0515fe747830bab9,2,Novel,p,1,0.5762
66d31a1b0515fe747830bab9,2,Novel,q,0,0.7324
66d31a1b0515fe747830bab9,2,Famous,q,1,0.6711
66d31a1b0515fe747830bab9,2,Famous,p,0,0.7299
66d31a1b0515fe747830bab9,2,Famous,q,1,0.6533
66d31a1b0515fe747830bab9,2,Novel,p,1,0.5937
66d31a1b0515fe747830bab9,2,Famous,p,0,0.7287
66d31a1b0515fe747830bab9,2,Famous,q,1,0.542
66d31a1b0515fe747830bab9,2,Novel,q,0,0.629
66d31a1b0515fe747830bab9,2,Novel,q,0,0.6171
66d31a1b0515fe747830bab9,2,Novel,p,1,0.7079
66d31a1b0515fe747830bab9,2,Novel,q,0,0.8951
66d31a1b0515fe747830bab9,2,Novel,q,0,0.7092
66d31a1b0515fe747830bab9,2,Novel,q,0,0.779
66d31a1b0515fe747830bab9,2,Novel,p,1,0.5807
66d31a1b0515fe747830bab9,2,Novel,p,1,0.662
66d31a1b0515fe747830bab9,2,Novel,p,1,0.7048
66d31a1b0515fe747830bab9,2,Novel,q,0,0.659
66d31a1b0515fe747830bab9,2,Famous,p,0,0.743
66d31a1b0515fe747830bab9,2,Famous,q,1,0.6648
66d31a1b0515fe747830bab9,2,Novel,q,0,0.6424
66d31a1b0515fe747830bab9,2,Novel,p,1,0.5047
66d31a1b0515fe747830bab9,2,Novel,p,1,0.8076
66d31a1b0515fe747830bab9,2,Famous,q,1,0.6109
66d31a1b0515fe747830bab9,2,Novel,q,0,0.7625
66d31a1b0515fe747830bab9,2,Famous,p,0,0.6075
66d31a1b0515fe747830bab9,2,Famous,q,1,0.7063
66d31a1b0515fe747830bab9,2,Famous,q,1,0.6526
66d31a1b0515fe747830bab9,2,Famous,q,1,0.8946
66d31a1b0515fe747830bab9,2,Novel,p,1,0.8016
66d31a1b0515fe747830bab9,2,Novel,q,0,0.6664
66d31a1b0515fe747830bab9,2,Famous,p,0,0.7617
66d31a1b0515fe747830bab9,2,Novel,p,1,0.6934
66d31a1b0515fe747830bab9,2,Famous,q,1,0.7066
66d31a1b0515fe747830bab9,2,Novel,p,1,0.7639
66d31a1b0515fe747830bab9,2,Novel,q,0,0.7257
66d31a1b0515fe747830bab9,2,Famous,q,1,0.6499
66d31a1b0515fe747830bab9,2,Novel,p,1,0.7286
66d31a1b0515fe747830bab9,2,Famous,q,1,0.6982
66d31a1b0515fe747830bab9,2,Famous,q,1,0.9286
66d31a1b0515fe747830bab9,2,Novel,p,1,0.5752
66d31a1b0515fe747830bab9,2,Famous,p,0,0.8952
66d31a1b0515fe747830bab9,2,Famous,q,1,0.6917
66d31a1b0515fe747830bab9,2,Novel,q,0,1.0099
66d31a1b0515fe747830bab9,2,Novel,p,1,0.7451
66d31a1b0515fe747830bab9,2,Famous,q,1,0.649
66d31a1b0515fe747830bab9,2,Famous,q,1,0.8263
66d31a1b0515fe747830bab9,2,Famous,q,1,0.9383
66d31a1b0515fe747830bab9,2,Famous,p,0,0.6448
66d31a1b0515fe747830bab9,2,Famous,q,1,0.9245
66d31a1b0515fe747830bab9,2,Novel,p,1,0.6542
66d31a1b0515fe747830bab9,2,Famous,q,1,0.9416
66d31a1b0515fe747830bab9,2,Famous,q,1,0.7552
66d31a1b0515fe747830bab9,2,Novel,p,1,0.5626
66d31a1b0515fe747830bab9,2,Novel,p,1,0.688
66d31a1b0515fe747830bab9,2,Famous,q,1,0.8234
66d31a1b0515fe747830bab9,2,Famous,p,0,0.5923
66d31a1b0515fe747830bab9,2,Famous,q,1,0.6867
66d31a1b0515fe747830bab9,3,Famous,q,1,1.0302
66d31a1b0515fe747830bab9,3,Famous,q,1,0.8708
66d31a1b0515fe747830bab9,3,Novel,p,1,0.7403
66d31a1b0515fe747830bab9,3,Novel,q,0,0.9234
66d31a1b0515fe747830bab9,3,Novel,q,0,0.8293
66d31a1b0515fe747830bab9,3,Novel,q,0,0.825
66d31a1b0515fe747830bab9,3,Novel,p,1,0.7885
66d31a1b0515fe747830bab9,3,Famous,q,1,0.6748
66d31a1b0515fe747830bab9,3,Famous,q,1,0.6444
66d31a1b0515fe747830bab9,3,Famous,q,1,0.7193
66d31a1b0515fe747830bab9,3,Novel,p,1,0.6599
66d31a1b0515fe747830bab9,3,Famous,q,1,0.5523
66d31a1b0515fe747830bab9,3,Famous,q,1,0.8139
66d31a1b0515fe747830bab9,3,Novel,p,1,0.5495
66d31a1b0515fe747830bab9,3,Famous,q,1,0.8376
66d31a1b0515fe747830bab9,3,Novel,q,0,0.7432
66d31a1b0515fe747830bab9,3,Novel,p,1,0.6311
66d31a1b0515fe747830bab9,3,Famous,q,1,0.6447
66d31a1b0515fe747830bab9,3,Novel,p,1,0.6127
66d31a1b0515fe747830bab9,3,Novel,p,1,0.6907
66d31a1b0515fe747830bab9,3,Novel,p,1,0.828
66d31a1b0515fe747830bab9,3,Novel,q,0,0.6081
66d31a1b0515fe747830bab9,3,Famous,q,1,0.7832
66d31a1b0515fe747830bab9,3,Famous,p,0,0.6425
66d31a1b0515fe747830bab9,3,Novel,q,0,0.6746
66d31a1b0515fe747830bab9,3,Famous,q,1,0.7013
66d31a1b0515fe747830bab9,3,Novel,p,1,0.7452
66d31a1b0515fe747830bab9,3,Famous,q,1,0.7708
66d31a1b0515fe747830bab9,3,Famous,p,0,0.6957
66d31a1b0515fe747830bab9,3,Novel,p,1,0.8713
66d31a1b0515fe747830bab9,3,Famous,q,1,0.6393
66d31a1b0515fe747830bab9,3,Famous,p,0,0.7473
66d31a1b0515fe747830bab9,3,Famous,q,1,0.7039
66d31a1b0515fe747830bab9,3,Novel,q,0,0.6933
66d31a1b0515fe747830bab9,3,Novel,q,0,0.6825
66d31a1b0515fe747830bab9,3,Novel,p,1,0.8442
66d31a1b0515fe747830bab9,3,Famous,q,1,0.6998
66d31a1b0515fe747830bab9,3,Famous,q,1,0.6265
66d31a1b0515fe747830bab9,3,Famous,q,1,0.7375
66d31a1b0515fe747830bab9,3,Novel,p,1,0.6763
66d31a1b0515fe747830bab9,3,Novel,p,1,0.6711
66d31a1b0515fe747830bab9,3,Famous,p,0,0.8123
66d31a1b0515fe747830bab9,3,Novel,q,0,0.7661
66d31a1b0515fe747830bab9,3,Famous,q,1,1.0052
66d31a1b0515fe747830bab9,3,Famous,q,1,0.8188
66d31a1b0515fe747830bab9,3,Novel,q,0,0.7756
66d31a1b0515fe747830bab9,3,Famous,q,1,0.8358
66d31a1b0515fe747830bab9,3,Famous,p,0,0.7797
66d31a1b0515fe747830bab9,3,Famous,p,0,0.9368
66d31a1b0515fe747830bab9,3,Famous,q,1,0.7714
66d31a1b0515fe747830bab9,3,Novel,q,0,0.9449
66d31a1b0515fe747830bab9,3,Novel,p,1,0.7004
66d31a1b0515fe747830bab9,3,Novel,p,1,0.8479
66d31a1b0515fe747830bab9,3,Novel,q,0,0.6016
66d31a1b0515fe747830bab9,3,Famous,q,1,0.7441
66d31a1b0515fe747830bab9,3,Novel,p,1,0.7402
66d31a1b0515fe747830bab9,3,Famous,q,1,0.674
66db5eed3a156e88aaf4ad43,1,Famous,q,1,0.8187
66db5eed3a156e88aaf4ad43,1,Novel,p,1,0.7653
66db5eed3a156e88aaf4ad43,1,Novel,p,1,0.7788
66db5eed3a156e88aaf4ad43,1,Novel,p,1,0.9996
66db5eed3a156e88aaf4ad43,1,Famous,q,1,1.0179
66db5eed3a156e88aaf4ad43,1,Novel,p,1,0.7776
66db5eed3a156e88aaf4ad43,1,Famous,q,1,0.6272
66db5eed3a156e88aaf4ad43,1,Famous,p,0,0.8078
66db5eed3a156e88aaf4ad43,1,Famous,q,1,0.8484
66db5eed3a156e88aaf4ad43,1,Novel,q,0,0.7851
66db5eed3a156e88aaf4ad43,1,Novel,p,1,0.863
66db5eed3a156e88aaf4ad43,1,Novel,p,1,0.828
66db5eed3a156e88aaf4ad43,1,Novel,p,1,0.8922
66db5eed3a156e88aaf4ad43,1,Famous,q,1,0.6846
66db5eed3a156e88aaf4ad43,1,Novel,p,1,0.6732
66db5eed3a156e88aaf4ad43,1,Famous,q,1,0.5693
66db5eed3a156e88aaf4ad43,1,Novel,p,1,1.0357
66db5eed3a156e88aaf4ad43,1,Novel,p,1,0.8558
66db5eed3a156e88aaf4ad43,1,Famous,q,1,0.6861
66db5eed3a156e88aaf4ad43,1,Famous,q,1,0.8352
66db5eed3a156e88aaf4ad43,1,Famous,q,1,0.6556
66db5eed3a156e88aaf4ad43,1,Famous,q,1,0.7186
66db5eed3a156e88aaf4ad43,1,Novel,p,1,0.8232
66db5eed3a156e88aaf4ad43,1,Famous,q,1,0.5398
66db5eed3a156e88aaf4ad43,1,Famous,q,1,0.9006
66db5eed3a156e88aaf4ad43,1,Famous,q,1,0.7713
66db5eed3a156e88aaf4ad43,1,Novel,p,1,0.7947
66db5eed3a156e88aaf4ad43,1,Famous,q,1,0.6916
66db5eed3a156e88aaf4ad43,1,Novel,p,1,0.7861
66db5eed3a156e88aaf4ad43,1,Novel,p,1,0.8529
66db5eed3a156e88aaf4ad43,1,Famous,q,1,0.6193
66db5eed3a156e88aaf4ad43,1,Famous,q,1,0.7506
66db5eed3a156e88aaf4ad43,1,Novel,p,1,0.7166
66db5eed3a156e88aaf4ad43,1,Novel,p,1,0.7736
66db5eed3a156e88aaf4ad43,1,Novel,p,1,0.9439
66db5eed3a156e88aaf4ad43,1,Novel,p,1,0.7964
66db5eed3a156e88aaf4ad43,1,Novel,p,1,0.626
66db5eed3a156e88aaf4ad43,1,Novel,p,1,0.8841
66db5eed3a156e88aaf4ad43,1,Famous,p,0,0.8111
66db5eed3a156e88aaf4ad43,1,Novel,p,1,0.8698
66db5eed3a156e88aaf4ad43,1,Novel,p,1,0.8357
66db5eed3a156e88aaf4ad43,1,Famous,q,1,0.6677
66db5eed3a156e88aaf4ad43,1,Famous,q,1,0.7591
66db5eed3a156e88aaf4ad43,1,Famous,q,1,0.7197
66db5eed3a156e88aaf4ad43,1,Novel,p,1,0.7671
66db5eed3a156e88aaf4ad43,1,Famous,q,1,0.6713
66db5eed3a156e88aaf4ad43,1,Famous,q,1,0.6213
66db5eed3a156e88aaf4ad43,1,Famous,q,1,0.5372
66db5eed3a156e88aaf4ad43,1,Famous,q,1,0.5454
66db5eed3a156e88aaf4ad43,1,Novel,q,0,0.4834
66db5eed3a156e88aaf4ad43,1,Novel,p,1,0.802
66db5eed3a156e88aaf4ad43,1,Famous,p,0,0.5587
66db5eed3a156e88aaf4ad43,1,Famous,q,1,0.6387
66db5eed3a156e88aaf4ad43,1,Novel,p,1,0.787
66db5eed3a156e88aaf4ad43,1,Famous,q,1,0.5834
66db5eed3a156e88aaf4ad43,1,Novel,p,1,0.9521
66db5eed3a156e88aaf4ad43,1,Novel,q,0,0.9413
66db5eed3a156e88aaf4ad43,1,Novel,q,0,1.0002
66db5eed3a156e88aaf4ad43,2,Famous,q,1,0.4884
66db5eed3a156e88aaf4ad43,2,Novel,p,1,0.8035
66db5eed3a156e88aaf4ad43,2,Famous,q,1,0.6934
66db5eed3a156e88aaf4ad43,2,Novel,p,1,0.917
66db5eed3a156e88aaf4ad43,2,Famous,q,1,0.451
66db5eed3a156e88aaf4ad43,2,Famous,q,1,0.4779
66db5eed3a156e88aaf4ad43,2,Famous,q,1,0.4956
66db5eed3a156e88aaf4ad43,2,Novel,p,1,0.7688
66db5eed3a156e88aaf4ad43,2,Famous,q,1,0.5045
66db5eed3a156e88aaf4ad43,2,Famous,q,1,0.6024
66db5eed3a156e88aaf4ad43,2,Famous,q,1,0.5225
66db5eed3a156e88aaf4ad43,2,Novel,q,0,0.8849
66db5eed3a156e88aaf4ad43,2,Novel,p,1,0.8477
66db5eed3a156e88aaf4ad43,2,Famous,p,0,0.7964
66db5eed3a156e88aaf4ad43,2,Novel,p,1,0.8327
66db5eed3a156e88aaf4ad43,2,Novel,p,1,0.8033
66db5eed3a156e88aaf4ad43,2,Novel,p,1,0.5926
66db5eed3a156e88aaf4ad43,2,Novel,p,1,0.8687
66db5eed3a156e88aaf4ad43,2,Novel,p,1,0.619
66db5eed3a156e88aaf4ad43,2,Novel,p,1,0.6898
66db5eed3a156e88aaf4ad43,2,Famous,q,1,0.7556
66db5eed3a156e88aaf4ad43,2,Novel,p,1,0.6887
66db5eed3a156e88aaf4ad43,2,Novel,p,1,0.5842
66db5eed3a156e88aaf4ad43,2,Novel,p,1,0.6651
66db5eed3a156e88aaf4ad43,2,Novel,p,1,0.7054
66db5eed3a156e88aaf4ad43,2,Famous,p,0,0.785
66db5eed3a156e88aaf4ad43,2,Famous,q,1,0.6843
66db5eed3a156e88aaf4ad43,2,Novel,q,0,0.905
66db5eed3a156e88aaf4ad43,2,Novel,p,1,0.6831
66db5eed3a156e88aaf4ad43,2,Novel,p,1,0.7276
66db5eed3a156e88aaf4ad43,2,Famous,q,1,0.7027
66db5eed3a156e88aaf4ad43,2,Novel,p,1,0.7606
66db5eed3a156e88aaf4ad43,2,Novel,p,1,0.6505
66db5eed3a156e88aaf4ad43,2,Famous,q,1,0.7858
66db5eed3a156e88aaf4ad43,2,Famous,q,1,0.6328
66db5eed3a156e88aaf4ad43,2,Famous,p,0,0.7132
66db5eed3a156e88aaf4ad43,2,Famous,q,1,0.7512
66db5eed3a156e88aaf4ad43,2,Novel,p,1,0.6832
66db5eed3a156e88aaf4ad43,2,Novel,p,1,0.7168
66db5eed3a156e88aaf4ad43,2,Famous,q,1,0.6426
66db5eed3a156e88aaf4ad43,2,Novel,q,0,0.4645
66db5eed3a156e88aaf4ad43,2,Famous,q,1,0.5318
66db5eed3a156e88aaf4ad43,2,Famous,q,1,0.5727
66db5eed3a156e88aaf4ad43,2,Famous,q,1,0.486
66db5eed3a156e88aaf4ad43,2,Famous,q,1,0.8195
66db5eed3a156e88aaf4ad43,2,Novel,p,1,0.7887
66db5eed3a156e88aaf4ad43,2,Novel,p,1,0.767
66db5eed3a156e88aaf4ad43,2,Famous,q,1,0.552
66db5eed3a156e88aaf4ad43,2,Novel,p,1,0.7322
66db5eed3a156e88aaf4ad43,2,Famous,q,1,0.6511
66db5eed3a156e88aaf4ad43,2,Novel,p,1,0.8689
66db5eed3a156e88aaf4ad43,2,Famous,q,1,0.5528
66db5eed3a156e88aaf4ad43,2,Famous,q,1,0.644
66db5eed3a156e88aaf4ad43,2,Famous,q,1,0.6545
66db5eed3a156e88aaf4ad43,2,Novel,p,1,0.6507
66db5eed3a156e88aaf4ad43,2,Famous,p,0,0.8209
66db5eed3a156e88aaf4ad43,2,Famous,q,1,1.0027
66db5eed3a156e88aaf4ad43,3,Famous,q,1,0.5206
66db5eed3a156e88aaf4ad43,3,Novel,p,1,0.7146
66db5eed3a156e88aaf4ad43,3,Novel,p,1,0.6797
66db5eed3a156e88aaf4ad43,3,Novel,p,1,0.6301
66db5eed3a156e88aaf4ad43,3,Novel,p,1,0.7354
66db5eed3a156e88aaf4ad43,3,Novel,q,0,0.8266
66db5eed3a156e88aaf4ad43,3,Famous,q,1,0.7277
66db5eed3a156e88aaf4ad43,3,Famous,q,1,0.5863
66db5eed3a156e88aaf4ad43,3,Novel,p,1,0.7008
66db5eed3a156e88aaf4ad43,3,Novel,p,1,0.6011
66db5eed3a156e88aaf4ad43,3,Famous,q,1,0.542
66db5eed3a156e88aaf4ad43,3,Novel,p,1,0.605
66db5eed3a156e88aaf4ad43,3,Novel,p,1,0.6078
66db5eed3a156e88aaf4ad43,3,Famous,q,1,0.5732
66db5eed3a156e88aaf4ad43,3,Famous,q,1,0.5597
66db5eed3a156e88aaf4ad43,3,Famous,q,1,0.6222
66db5eed3a156e88aaf4ad43,3,Novel,q,0,0.5332
66db5eed3a156e88aaf4ad43,3,Famous,q,1,0.652
66db5eed3a156e88aaf4ad43,3,Famous,q,1,0.5377
66db5eed3a156e88aaf4ad43,3,Famous,q,1,0.6259
66db5eed3a156e88aaf4ad43,3,Famous,q,1,0.7012
66db5eed3a156e88aaf4ad43,3,Novel,p,1,0.7377
66db5eed3a156e88aaf4ad43,3,Novel,p,1,0.802
66db5eed3a156e88aaf4ad43,3,Novel,p,1,0.9034
66db5eed3a156e88aaf4ad43,3,Novel,q,0,0.7695
66db5eed3a156e88aaf4ad43,3,Famous,q,1,0.7046
66db5eed3a156e88aaf4ad43,3,Famous,q,1,0.8249
66db5eed3a156e88aaf4ad43,3,Famous,q,1,0.8161
66db5eed3a156e88aaf4ad43,3,Novel,p,1,0.9164
66db5eed3a156e88aaf4ad43,3,Novel,p,1,0.7333
66db5eed3a156e88aaf4ad43,3,Famous,q,1,0.4976
66db5eed3a156e88aaf4ad43,3,Famous,p,0,0.9002
66db5eed3a156e88aaf4ad43,3,Famous,q,1,0.6032
66db5eed3a156e88aaf4ad43,3,Novel,p,1,0.7227
66db5eed3a156e88aaf4ad43,3,Novel,p,1,0.6602
66db5eed3a156e88aaf4ad43,3,Novel,p,1,0.6324
66db5eed3a156e88aaf4ad43,3,Novel,p,1,0.8799
66db5eed3a156e88aaf4ad43,3,Famous,p,0,0.7651
66db5eed3a156e88aaf4ad43,3,Famous,q,1,0.5924
66db5eed3a156e88aaf4ad43,3,Famous,q,1,0.6711
66db5eed3a156e88aaf4ad43,3,Novel,p,1,0.6036
66db5eed3a156e88aaf4ad43,3,Famous,q,1,0.6684
66db5eed3a156e88aaf4ad43,3,Novel,p,1,0.778
66db5eed3a156e88aaf4ad43,3,Famous,p,0,0.7576
66db5eed3a156e88aaf4ad43,3,Famous,q,1,0.6046
66db5eed3a156e88aaf4ad43,3,Novel,p,1,0.6528
66db5eed3a156e88aaf4ad43,3,Famous,q,1,0.6684
66db5eed3a156e88aaf4ad43,3,Novel,p,1,0.7484
66db5eed3a156e88aaf4ad43,3,Novel,p,1,0.5707
66db5eed3a156e88aaf4ad43,3,Novel,p,1,0.0188
66db5eed3a156e88aaf4ad43,3,Novel,p,1,0.6895
66db5eed3a156e88aaf4ad43,3,Novel,p,1,0.5881
66db5eed3a156e88aaf4ad43,3,Famous,q,1,0.6298
66db5eed3a156e88aaf4ad43,3,Famous,q,1,0.9894
66db5eed3a156e88aaf4ad43,3,Famous,q,1,0.6397
66db5eed3a156e88aaf4ad43,3,Famous,q,1,0.6894
66db5eed3a156e88aaf4ad43,3,Famous,q,1,0.6665
677c0ace1bbf48bb7c96aeaa,1,Famous,p,0,0.9077
677c0ace1bbf48bb7c96aeaa,1,Famous,q,1,0.8213
677c0ace1bbf48bb7c96aeaa,1,Famous,p,0,0.8147
677c0ace1bbf48bb7c96aeaa,1,Novel,p,1,0.9109
677c0ace1bbf48bb7c96aeaa,1,Novel,p,1,0.9254
677c0ace1bbf48bb7c96aeaa,1,Famous,q,1,0.9178
677c0ace1bbf48bb7c96aeaa,1,Novel,p,1,0.8067
677c0ace1bbf48bb7c96aeaa,1,Novel,p,1,0.8419
677c0ace1bbf48bb7c96aeaa,1,Famous,q,1,0.7198
677c0ace1bbf48bb7c96aeaa,1,Famous,q,1,0.8273
677c0ace1bbf48bb7c96aeaa,1,Novel,p,1,0.8394
677c0ace1bbf48bb7c96aeaa,1,Famous,p,0,0.8276
677c0ace1bbf48bb7c96aeaa,1,Novel,p,1,0.8052
677c0ace1bbf48bb7c96aeaa,1,Novel,p,1,0.8695
677c0ace1bbf48bb7c96aeaa,1,Novel,p,1,0.8875
677c0ace1bbf48bb7c96aeaa,1,Famous,q,1,0.8245
677c0ace1bbf48bb7c96aeaa,1,Novel,p,1,0.9802
677c0ace1bbf48bb7c96aeaa,1,Famous,q,1,0.9024
677c0ace1bbf48bb7c96aeaa,1,Famous,q,1,0.7404
677c0ace1bbf48bb7c96aeaa,1,Novel,q,0,1.016
677c0ace1bbf48bb7c96aeaa,1,Famous,q,1,0.8971
677c0ace1bbf48bb7c96aeaa,1,Novel,p,1,0.8697
677c0ace1bbf48bb7c96aeaa,1,Novel,p,1,0.9878
677c0ace1bbf48bb7c96aeaa,1,Famous,q,1,0.9293
677c0ace1bbf48bb7c96aeaa,1,Novel,p,1,0.8064
677c0ace1bbf48bb7c96aeaa,1,Famous,q,1,0.9206
677c0ace1bbf48bb7c96aeaa,1,Novel,q,0,0.7946
677c0ace1bbf48bb7c96aeaa,1,Famous,q,1,0.7288
677c0ace1bbf48bb7c96aeaa,1,Famous,p,0,0.9117
677c0ace1bbf48bb7c96aeaa,1,Famous,q,1,0.7546
677c0ace1bbf48bb7c96aeaa,1,Famous,q,1,0.8701
677c0ace1bbf48bb7c96aeaa,1,Novel,p,1,0.8871
677c0ace1bbf48bb7c96aeaa,1,Novel,p,1,0.8944
677c0ace1bbf48bb7c96aeaa,1,Novel,p,1,0.8752
677c0ace1bbf48bb7c96aeaa,1,Novel,p,1,0.9565
677c0ace1bbf48bb7c96aeaa,1,Famous,p,0,0.9935
677c0ace1bbf48bb7c96aeaa,1,Novel,p,1,1.052
677c0ace1bbf48bb7c96aeaa,1,Novel,p,1,0.8849
677c0ace1bbf48bb7c96aeaa,1,Famous,p,0,0.8946
677c0ace1bbf48bb7c96aeaa,1,Famous,q,1,0.8282
677c0ace1bbf48bb7c96aeaa,1,Novel,p,1,0.9567
677c0ace1bbf48bb7c96aeaa,1,Novel,p,1,0.7903
677c0ace1bbf48bb7c96aeaa,1,Novel,p,1,0.9606
677c0ace1bbf48bb7c96aeaa,1,Famous,q,1,0.8076
677c0ace1bbf48bb7c96aeaa,1,Famous,p,0,0.8763
677c0ace1bbf48bb7c96aeaa,1,Novel,p,1,0.7456
677c0ace1bbf48bb7c96aeaa,1,Novel,p,1,0.8377
677c0ace1bbf48bb7c96aeaa,1,Novel,p,1,0.8292
677c0ace1bbf48bb7c96aeaa,1,Famous,p,0,0.796
677c0ace1bbf48bb7c96aeaa,1,Novel,p,1,0.9536
677c0ace1bbf48bb7c96aeaa,1,Famous,q,1,1.0368
677c0ace1bbf48bb7c96aeaa,1,Famous,q,1,0.7208
677c0ace1bbf48bb7c96aeaa,1,Famous,q,1,0.7877
677c0ace1bbf48bb7c96aeaa,1,Novel,q,0,0.8059
677c0ace1bbf48bb7c96aeaa,1,Famous,q,1,0.8202
677c0ace1bbf48bb7c96aeaa,2,Famous,q,1,0.9924
677c0ace1bbf48bb7c96aeaa,2,Novel,q,0,0.8066
677c0ace1bbf48bb7c96aeaa,2,Novel,p,1,1.0024
677c0ace1bbf48bb7c96aeaa,2,Novel,p,1,0.9769
677c0ace1bbf48bb7c96aeaa,2,Novel,p,1,0.9986
677c0ace1bbf48bb7c96aeaa,2,Famous,q,1,1.0053
677c0ace1bbf48bb7c96aeaa,2,Famous,q,1,0.7376
677c0ace1bbf48bb7c96aeaa,2,Novel,q,0,0.7533
677c0ace1bbf48bb7c96aeaa,2,Novel,p,1,0.8864
677c0ace1bbf48bb7c96aeaa,2,Novel,p,1,0.8408
677c0ace1bbf48bb7c96aeaa,2,Novel,p,1,0.758
677c0ace1bbf48bb7c96aeaa,2,Novel,p,1,0.7868
677c0ace1bbf48bb7c96aeaa,2,Novel,p,1,0.8689
677c0ace1bbf48bb7c96aeaa,2,Novel,p,1,0.9105
677c0ace1bbf48bb7c96aeaa,2,Famous,q,1,0.7308
677c0ace1bbf48bb7c96aeaa,2,Novel,p,1,0.8109
677c0ace1bbf48bb7c96aeaa,2,Famous,q,1,0.7384
677c0ace1bbf48bb7c96aeaa,2,Famous,q,1,0.6727
677c0ace1bbf48bb7c96aeaa,2,Novel,p,1,0.8843
677c0ace1bbf48bb7c96aeaa,2,Famous,p,0,0.9538
677c0ace1bbf48bb7c96aeaa,2,Famous,q,1,0.713
677c0ace1bbf48bb7c96aeaa,2,Famous,q,1,0.7883
677c0ace1bbf48bb7c96aeaa,2,Famous,p,0,0.9695
677c0ace1bbf48bb7c96aeaa,2,Famous,q,1,0.9184
677c0ace1bbf48bb7c96aeaa,2,Novel,p,1,0.8528
677c0ace1bbf48bb7c96aeaa,2,Famous,q,1,0.6693
677c0ace1bbf48bb7c96aeaa,2,Novel,p,1,0.8128
677c0ace1bbf48bb7c96aeaa,2,Famous,p,0,0.8909
677c0ace1bbf48bb7c96aeaa,2,Famous,q,1,0.7806
677c0ace1bbf48bb7c96aeaa,2,Famous,q,1,0.9397
677c0ace1bbf48bb7c96aeaa,2,Famous,q,1,0.8193
677c0ace1bbf48bb7c96aeaa,2,Famous,q,1,0.9386
677c0ace1bbf48bb7c96aeaa,2,Famous,q,1,0.9703
677c0ace1bbf48bb7c96aeaa,2,Novel,p,1,0.9914
677c0ace1bbf48bb7c96aeaa,2,Novel,p,1,0.9052
677c0ace1bbf48bb7c96aeaa,2,Famous,q,1,0.7064
677c0ace1bbf48bb7c96aeaa,2,Famous,q,1,0.6576
677c0ace1bbf48bb7c96aeaa,2,Famous,p,0,1.0051
677c0ace1bbf48bb7c96aeaa,2,Novel,p,1,0.8671
677c0ace1bbf48bb7c96aeaa,2,Novel,p,1,0.888
677c0ace1bbf48bb7c96aeaa,2,Novel,p,1,0.7927
677c0ace1bbf48bb7c96aeaa,2,Famous,q,1,0.7552
677c0ace1bbf48bb7c96aeaa,2,Novel,p,1,0.8758
677c0ace1bbf48bb7c96aeaa,2,Famous,q,1,0.8933
677c0ace1bbf48bb7c96aeaa,2,Novel,p,1,1.0006
677c0ace1bbf48bb7c96aeaa,2,Famous,q,1,0.7667
677c0ace1bbf48bb7c96aeaa,2,Novel,p,1,0.9364
677c0ace1bbf48bb7c96aeaa,2,Famous,q,1,0.6854
677c0ace1bbf48bb7c96aeaa,2,Famous,q,1,0.8186
677c0ace1bbf48bb7c96aeaa,2,Novel,p,1,0.9368
677c0ace1bbf48bb7c96aeaa,2,Novel,p,1,0.9091
677c0ace1bbf48bb7c96aeaa,2,Novel,p,1,0.7437
677c0ace1bbf48bb7c96aeaa,2,Famous,q,1,0.7078
677c0ace1bbf48bb7c96aeaa,2,Novel,p,1,1.0292
677c0ace1bbf48bb7c96aeaa,2,Famous,q,1,0.7179
677c0ace1bbf48bb7c96aeaa,3,Novel,p,1,1.0009
677c0ace1bbf48bb7c96aeaa,3,Novel,p,1,0.8535
677c0ace1bbf48bb7c96aeaa,3,Famous,q,1,0.726
677c0ace1bbf48bb7c96aeaa,3,Famous,p,0,1.0578
677c0ace1bbf48bb7c96aeaa,3,Novel,p,1,0.9052
677c0ace1bbf48bb7c96aeaa,3,Famous,p,0,0.8076
677c0ace1bbf48bb7c96aeaa,3,Famous,q,1,0.6342
677c0ace1bbf48bb7c96aeaa,3,Novel,p,1,0.9572
677c0ace1bbf48bb7c96aeaa,3,Novel,p,1,0.7338
677c0ace1bbf48bb7c96aeaa,3,Famous,p,0,0.8586
677c0ace1bbf48bb7c96aeaa,3,Novel,p,1,0.7197
677c0ace1bbf48bb7c96aeaa,3,Famous,p,0,0.8718
677c0ace1bbf48bb7c96aeaa,3,Famous,q,1,0.7117
677c0ace1bbf48bb7c96aeaa,3,Novel,p,1,0.8025
677c0ace1bbf48bb7c96aeaa,3,Novel,p,1,0.8906
677c0ace1bbf48bb7c96aeaa,3,Famous,q,1,0.6585
677c0ace1bbf48bb7c96aeaa,3,Famous,q,1,0.667
677c0ace1bbf48bb7c96aeaa,3,Famous,q,1,0.8321
677c0ace1bbf48bb7c96aeaa,3,Famous,p,0,0.7868
677c0ace1bbf48bb7c96aeaa,3,Novel,q,0,0.9715
677c0ace1bbf48bb7c96aeaa,3,Novel,p,1,0.8759
677c0ace1bbf48bb7c96aeaa,3,Novel,p,1,0.7993
677c0ace1bbf48bb7c96aeaa,3,Famous,q,1,0.7194
677c0ace1bbf48bb7c96aeaa,3,Famous,p,0,1.0025
677c0ace1bbf48bb7c96aeaa,3,Novel,p,1,0.8821
677c0ace1bbf48bb7c96aeaa,3,Novel,p,1,0.9369
677c0ace1bbf48bb7c96aeaa,3,Famous,q,1,0.9398
677c0ace1bbf48bb7c96aeaa,3,Novel,p,1,0.7872
677c0ace1bbf48bb7c96aeaa,3,Famous,q,1,0.7207
677c0ace1bbf48bb7c96aeaa,3,Famous,q,1,0.9997
677c0ace1bbf48bb7c96aeaa,3,Famous,q,1,0.8412
677c0ace1bbf48bb7c96aeaa,3,Novel,p,1,0.7983
677c0ace1bbf48bb7c96aeaa,3,Novel,p,1,0.9637
677c0ace1bbf48bb7c96aeaa,3,Famous,q,1,0.7182
677c0ace1bbf48bb7c96aeaa,3,Famous,q,1,0.7396
677c0ace1bbf48bb7c96aeaa,3,Novel,p,1,0.7664
677c0ace1bbf48bb7c96aeaa,3,Novel,p,1,0.8378
677c0ace1bbf48bb7c96aeaa,3,Novel,p,1,0.8849
677c0ace1bbf48bb7c96aeaa,3,Novel,p,1,0.8342
677c0ace1bbf48bb7c96aeaa,3,Novel,p,1,0.9162
677c0ace1bbf48bb7c96aeaa,3,Famous,q,1,0.7324
677c0ace1bbf48bb7c96aeaa,3,Novel,p,1,0.9026
677c0ace1bbf48bb7c96aeaa,3,Famous,q,1,0.8052
677c0ace1bbf48bb7c96aeaa,3,Famous,q,1,0.953
677c0ace1bbf48bb7c96aeaa,3,Novel,p,1,0.7623
677c0ace1bbf48bb7c96aeaa,3,Famous,p,0,0.8493
677c0ace1bbf48bb7c96aeaa,3,Famous,q,1,0.7353
677c0ace1bbf48bb7c96aeaa,3,Novel,p,1,0.8001
677c0ace1bbf48bb7c96aeaa,3,Famous,q,1,0.8359
677c0ace1bbf48bb7c96aeaa,3,Famous,p,0,0.9498
677c0ace1bbf48bb7c96aeaa,3,Novel,p,1,0.8271
677c0ace1bbf48bb7c96aeaa,3,Famous,q,1,0.7735
677c0ace1bbf48bb7c96aeaa,3,Famous,q,1,0.7138
677c0ace1bbf48bb7c96aeaa,3,Famous,q,1,0.9599
677c0ace1bbf48bb7c96aeaa,3,Novel,q,0,1.0499
677c0ace1bbf48bb7c96aeaa,3,Novel,p,1,0.8647
677c0ace1bbf48bb7c96aeaa,3,Novel,p,1,0.8733
677c0ace1bbf48bb7c96aeaa,3,Famous,q,1,0.6902
67d00ceb0de1512e5669d4c5,1,Novel,p,1,0.9113
67d00ceb0de1512e5669d4c5,1,Novel,p,1,0.8625
67d00ceb0de1512e5669d4c5,1,Famous,p,0,0.7984
67d00ceb0de1512e5669d4c5,1,Famous,q,1,0.569
67d00ceb0de1512e5669d4c5,1,Novel,p,1,0.7761
67d00ceb0de1512e5669d4c5,1,Famous,q,1,0.8017
67d00ceb0de1512e5669d4c5,1,Famous,q,1,0.7744
67d00ceb0de1512e5669d4c5,1,Famous,q,1,0.8011
67d00ceb0de1512e5669d4c5,1,Novel,p,1,0.6323
67d00ceb0de1512e5669d4c5,1,Famous,p,0,0.9028
67d00ceb0de1512e5669d4c5,1,Novel,p,1,0.6863
67d00ceb0de1512e5669d4c5,1,Famous,p,0,0.7333
67d00ceb0de1512e5669d4c5,1,Novel,p,1,0.6081
67d00ceb0de1512e5669d4c5,1,Novel,p,1,0.775
67d00ceb0de1512e5669d4c5,1,Novel,p,1,0.8149
67d00ceb0de1512e5669d4c5,1,Famous,q,1,0.8231
67d00ceb0de1512e5669d4c5,1,Famous,p,0,0.6718
67d00ceb0de1512e5669d4c5,1,Famous,p,0,0.6038
67d00ceb0de1512e5669d4c5,1,Novel,p,1,0.9673
67d00ceb0de1512e5669d4c5,1,Novel,p,1,0.653
67d00ceb0de1512e5669d4c5,1,Novel,p,1,0.6756
67d00ceb0de1512e5669d4c5,1,Novel,p,1,0.6293
67d00ceb0de1512e5669d4c5,1,Famous,p,0,0.7662
67d00ceb0de1512e5669d4c5,1,Novel,p,1,0.6181
67d00ceb0de1512e5669d4c5,1,Famous,p,0,0.706
67d00ceb0de1512e5669d4c5,1,Novel,p,1,0.8352
67d00ceb0de1512e5669d4c5,1,Famous,p,0,0.7754
67d00ceb0de1512e5669d4c5,1,Famous,p,0,0.6735
67d00ceb0de1512e5669d4c5,1,Novel,p,1,0.6719
67d00ceb0de1512e5669d4c5,1,Famous,p,0,0.6428
67d00ceb0de1512e5669d4c5,1,Famous,p,0,0.7384
67d00ceb0de1512e5669d4c5,1,Novel,p,1,0.5543
67d00ceb0de1512e5669d4c5,1,Famous,p,0,0.5354
67d00ceb0de1512e5669d4c5,1,Novel,p,1,0.6389
67d00ceb0de1512e5669d4c5,1,Famous,q,1,0.7508
67d00ceb0de1512e5669d4c5,1,Novel,p,1,0.6691
67d00ceb0de1512e5669d4c5,1,Famous,p,0,0.9316
67d00ceb0de1512e5669d4c5,1,Famous,p,0,0.6537
67d00ceb0de1512e5669d4c5,1,Novel,p,1,0.5726
67d00ceb0de1512e5669d4c5,1,Famous,p,0,0.6464
67d00ceb0de1512e5669d4c5,1,Famous,p,0,0.5703
67d00ceb0de1512e5669d4c5,1,Famous,p,0,0.6142
67d00ceb0de1512e5669d4c5,1,Novel,p,1,0.5483
67d00ceb0de1512e5669d4c5,1,Novel,p,1,0.6093
67d00ceb0de1512e5669d4c5,1,Famous,p,0,0.5144
67d00ceb0de1512e5669d4c5,1,Famous,p,0,0.5542
67d00ceb0de1512e5669d4c5,1,Novel,p,1,0.6509
67d00ceb0de1512e5669d4c5,1,Novel,p,1,0.6554
67d00ceb0de1512e5669d4c5,1,Novel,p,1,0.5552
67d00ceb0de1512e5669d4c5,1,Novel,p,1,0.6831
67d00ceb0de1512e5669d4c5,1,Famous,q,1,0.836
67d00ceb0de1512e5669d4c5,1,Novel,p,1,0.471
67d00ceb0de1512e5669d4c5,1,Famous,p,0,0.7582
67d00ceb0de1512e5669d4c5,2,Novel,p,1,0.7087
67d00ceb0de1512e5669d4c5,2,Famous,p,0,0.6122
67d00ceb0de1512e5669d4c5,2,Novel,p,1,0.6296
67d00ceb0de1512e5669d4c5,2,Novel,p,1,0.6154
67d00ceb0de1512e5669d4c5,2,Novel,p,1,0.695
67d00ceb0de1512e5669d4c5,2,Famous,q,1,0.7656
67d00ceb0de1512e5669d4c5,2,Novel,p,1,0.5648
67d00ceb0de1512e5669d4c5,2,Famous,q,1,0.8214
67d00ceb0de1512e5669d4c5,2,Famous,p,0,0.5822
67d00ceb0de1512e5669d4c5,2,Novel,p,1,0.4703
67d00ceb0de1512e5669d4c5,2,Famous,p,0,0.6171
67d00ceb0de1512e5669d4c5,2,Famous,q,1,0.9263
67d00ceb0de1512e5669d4c5,2,Novel,p,1,0.5375
67d00ceb0de1512e5669d4c5,2,Novel,p,1,0.7219
67d00ceb0de1512e5669d4c5,2,Famous,p,0,0.9012
67d00ceb0de1512e5669d4c5,2,Famous,p,0,0.806
67d00ceb0de1512e5669d4c5,2,Famous,p,0,0.7505
67d00ceb0de1512e5669d4c5,2,Famous,p,0,0.7312
67d00ceb0de1512e5669d4c5,2,Famous,p,0,0.6419
67d00ceb0de1512e5669d4c5,2,Famous,p,0,0.9385
67d00ceb0de1512e5669d4c5,2,Novel,p,1,0.8261
67d00ceb0de1512e5669d4c5,2,Novel,p,1,0.6413
67d00ceb0de1512e5669d4c5,2,Famous,p,0,0.5878
67d00ceb0de1512e5669d4c5,2,Famous,p,0,0.6338
67d00ceb0de1512e5669d4c5,2,Famous,p,0,0.68
67d00ceb0de1512e5669d4c5,2,Famous,p,0,0.6671
67d00ceb0de1512e5669d4c5,2,Famous,p,0,0.8679
67d00ceb0de1512e5669d4c5,2,Novel,p,1,0.6236
67d00ceb0de1512e5669d4c5,2,Famous,p,0,0.7485
67d00ceb0de1512e5669d4c5,2,Famous,q,1,0.8674
67d00ceb0de1512e5669d4c5,2,Novel,p,1,0.6782
67d00ceb0de1512e5669d4c5,2,Novel,p,1,0.6128
67d00ceb0de1512e5669d4c5,2,Famous,p,0,0.7079
67d00ceb0de1512e5669d4c5,2,Novel,p,1,0.826
67d00ceb0de1512e5669d4c5,2,Novel,p,1,0.5898
67d00ceb0de1512e5669d4c5,2,Novel,p,1,0.6606
67d00ceb0de1512e5669d4c5,2,Novel,p,1,0.5835
67d00ceb0de1512e5669d4c5,2,Novel,p,1,0.5741
67d00ceb0de1512e5669d4c5,2,Novel,p,1,0.6313
67d00ceb0de1512e5669d4c5,2,Novel,p,1,0.5418
67d00ceb0de1512e5669d4c5,2,Famous,p,0,0.6436
67d00ceb0de1512e5669d4c5,2,Novel,p,1,0.615
67d00ceb0de1512e5669d4c5,2,Novel,p,1,0.6641
67d00ceb0de1512e5669d4c5,2,Novel,p,1,0.5496
67d00ceb0de1512e5669d4c5,2,Famous,p,0,0.5663
67d00ceb0de1512e5669d4c5,2,Famous,p,0,0.5985
67d00ceb0de1512e5669d4c5,2,Novel,p,1,0.5787
67d00ceb0de1512e5669d4c5,2,Famous,p,0,0.8388
67d00ceb0de1512e5669d4c5,2,Novel,p,1,0.6356
67d00ceb0de1512e5669d4c5,2,Famous,p,0,0.5944
67d00ceb0de1512e5669d4c5,2,Novel,p,1,0.5704
67d00ceb0de1512e5669d4c5,2,Novel,p,1,0.6153
67d00ceb0de1512e5669d4c5,2,Famous,p,0,0.5569
67d00ceb0de1512e5669d4c5,2,Famous,p,0,0.6111
67d00ceb0de1512e5669d4c5,2,Famous,p,0,0.7929
67d00ceb0de1512e5669d4c5,2,Novel,p,1,0.5999
67d00ceb0de1512e5669d4c5,2,Novel,p,1,0.5467
67d00ceb0de1512e5669d4c5,2,Famous,p,0,0.8167
67d00ceb0de1512e5669d4c5,2,Famous,p,0,0.7441
67d00ceb0de1512e5669d4c5,2,Novel,p,1,0.6232
67d00ceb0de1512e5669d4c5,3,Famous,p,0,0.5776
67d00ceb0de1512e5669d4c5,3,Famous,p,0,0.7347
67d00ceb0de1512e5669d4c5,3,Famous,p,0,0.5345
67d00ceb0de1512e5669d4c5,3,Novel,p,1,0.6007
67d00ceb0de1512e5669d4c5,3,Famous,p,0,0.4394
67d00ceb0de1512e5669d4c5,3,Novel,p,1,0.4677
67d00ceb0de1512e5669d4c5,3,Famous,p,0,0.5987
67d00ceb0de1512e5669d4c5,3,Novel,p,1,0.5941
67d00ceb0de1512e5669d4c5,3,Famous,p,0,0.4341
67d00ceb0de1512e5669d4c5,3,Novel,p,1,0.4887
67d00ceb0de1512e5669d4c5,3,Novel,p,1,0.6076
67d00ceb0de1512e5669d4c5,3,Famous,p,0,0.689
67d00ceb0de1512e5669d4c5,3,Famous,p,0,0.6295
67d00ceb0de1512e5669d4c5,3,Novel,p,1,0.5273
67d00ceb0de1512e5669d4c5,3,Famous,p,0,0.5816
67d00ceb0de1512e5669d4c5,3,Novel,p,1,0.4853
67d00ceb0de1512e5669d4c5,3,Famous,p,0,0.4207
67d00ceb0de1512e5669d4c5,3,Novel,p,1,0.4609
67d00ceb0de1512e5669d4c5,3,Famous,p,0,0.7512
67d00ceb0de1512e5669d4c5,3,Novel,p,1,0.768
67d00ceb0de1512e5669d4c5,3,Novel,p,1,0.6702
67d00ceb0de1512e5669d4c5,3,Famous,q,1,0.7312
67d00ceb0de1512e5669d4c5,3,Famous,p,0,0.5956
67d00ceb0de1512e5669d4c5,3,Famous,p,0,0.8523
67d00ceb0de1512e5669d4c5,3,Novel,p,1,0.6351
67d00ceb0de1512e5669d4c5,3,Novel,p,1,0.7295
67d00ceb0de1512e5669d4c5,3,Novel,p,1,0.5359
67d00ceb0de1512e5669d4c5,3,Famous,p,0,0.6087
67d00ceb0de1512e5669d4c5,3,Famous,p,0,0.6474
67d00ceb0de1512e5669d4c5,3,Famous,p,0,0.6846
67d00ceb0de1512e5669d4c5,3,Novel,p,1,0.615
67d00ceb0de1512e5669d4c5,3,Novel,p,1,0.6786
67d00ceb0de1512e5669d4c5,3,Famous,p,0,0.4761
67d00ceb0de1512e5669d4c5,3,Novel,p,1,0.5794
67d00ceb0de1512e5669d4c5,3,Novel,p,1,0.6929
67d00ceb0de1512e5669d4c5,3,Famous,q,1,0.9034
67d00ceb0de1512e5669d4c5,3,Novel,p,1,0.7348
67d00ceb0de1512e5669d4c5,3,Novel,p,1,0.6168
67d00ceb0de1512e5669d4c5,3,Famous,p,0,0.6255
67d00ceb0de1512e5669d4c5,3,Famous,p,0,0.7706
67d00ceb0de1512e5669d4c5,3,Novel,p,1,0.5031
67d00ceb0de1512e5669d4c5,3,Novel,p,1,0.5806
67d00ceb0de1512e5669d4c5,3,Famous,p,0,0.5054
67d00ceb0de1512e5669d4c5,3,Novel,p,1,0.6461
67d00ceb0de1512e5669d4c5,3,Novel,p,1,0.7629
67d00ceb0de1512e5669d4c5,3,Famous,p,0,0.9582
67d00ceb0de1512e5669d4c5,3,Famous,p,0,0.5382
67d00ceb0de1512e5669d4c5,3,Novel,p,1,0.51
67d00ceb0de1512e5669d4c5,3,Famous,p,0,0.716
67d00ceb0de1512e5669d4c5,3,Novel,p,1,0.4477
67d00ceb0de1512e5669d4c5,3,Famous,p,0,0.5174
67d00ceb0de1512e5669d4c5,3,Famous,p,0,0.4636
67d00ceb0de1512e5669d4c5,3,Famous,p,0,0.6872
67d00ceb0de1512e5669d4c5,3,Novel,p,1,0.658
67d00ceb0de1512e5669d4c5,3,Novel,p,1,0.6232
67d00ceb0de1512e5669d4c5,3,Novel,p,1,0.6487
67d00ceb0de1512e5669d4c5,3,Famous,p,0,0.546
67d00ceb0de1512e5669d4c5,3,Novel,p,1,0.8737
67d00ceb0de1512e5669d4c5,3,Novel,p,1,0.5889
