Study_information_1.started,Study_information_1.stopped,key_resp.keys,key_resp.rt,key_resp.duration,session,date,expName,psychopyVersion,OS,frameRate,participant,study_id,Study_information_2.started,Study_information_2.stopped,key_resp_2.keys,key_resp_2.rt,key_resp_2.duration,Study_information_3.started,Study_information_3.stopped,key_resp_3.keys,key_resp_3.rt,key_resp_3.duration,Consent.started,Consent.stopped,key_resp_5.keys,key_resp_5.rt,key_resp_5.duration,Instruction_1.started,Instruction_1.stopped,space_cont.keys,space_cont.rt,space_cont.duration,Instruction_2.started,Instruction_2.stopped,space_cont_2.keys,space_cont_2.rt,space_cont_2.duration,Instruction_3.started,Instruction_3.stopped,space_cont_3.keys,space_cont_3.rt,space_cont_3.duration,Instruction_4.started,Instruction_4.stopped,space_cont_4.keys,space_cont_4.rt,space_cont_4.duration,Instruction_5.started,Instruction_5.stopped,space_cont_5.keys,space_cont_5.rt,space_cont_5.duration,Familiarity_Rating.started,Familiarity_Rating.stopped,familiarity_scale.response,familiarity_scale.rt,key_resp_familiarity.keys,familiarity_rating,Valence_Rating.started,Valence_Rating.stopped,valence_scale.response,valence_scale.rt,key_resp_valence.keys,key_resp_valence.rt,key_resp_valence.duration,valence_rating,Name_Selection.started,Name_Selection.stopped,key_resp_naming.keys,key_resp_naming.rt,key_resp_naming.duration,identity_no,image_file,correct_name,selected_name_option,selected_name,correct_name_option,name_correct,qualifies_for_part2,qualified_count_so_far,trials_rating.thisRepN,trials_rating.thisTrialN,trials_rating.thisN,trials_rating.thisIndex,trials_rating.ran,Identity_no,Image,Option1,Option2,Option3,Option4,CorrectName,selection_method,num_selected_identities,qualified_identity_nos,break_1.started,break_1.stopped,Load_Recognition_Trials.started,Load_Recognition_Trials.stopped,Instruction_recog_1.started,Instruction_recog_1.stopped,space_cont_6.keys,space_cont_6.rt,space_cont_6.duration,Instruction_recog_2.started,Instruction_recog_2.stopped,space_cont_7.keys,space_cont_7.rt,space_cont_7.duration,fixation_duration,fix_cross.started,fix_cross.stopped,Practice_Recognition_Trial.started,Practice_Recognition_Trial.stopped,key_resp_practice.keys,key_resp_practice.rt,key_resp_practice.duration,is_practice,practice_trial_number,is_familiar,participant_response,too_slow,response_time,practice_trials.thisRepN,practice_trials.thisTrialN,practice_trials.thisN,practice_trials.thisIndex,practice_trials.ran,Instruction_recog.started,Instruction_recog.stopped,space_cont_8.keys,space_cont_8.rt,space_cont_8.duration,Recognition_trials.started,Recognition_trials.stopped,key_resp_recognition.keys,key_resp_recognition.rt,key_resp_recognition.duration,recognition_trial_number,original_trial_number,block,trial_in_block,orientation,identity_type,response_familiar,correct,valid_response,Too_slow.started,Too_slow.stopped,break_recog.started,break_recog.stopped,key_resp_6.keys,trials.thisRepN,trials.thisTrialN,trials.thisN,trials.thisIndex,trials.ran,key_resp_6.rt,key_resp_6.duration
0.0004,24.5812,space,24.5497,,696df947894efc8bc40998ab,2026-01-19_09h29.17.054,WP1_3,2025.2.3,Linux x86_64,60.24096386,58b7d3b5f6546e0001ed7233,68dce618a723bff3d9c89c16,,,,,,,,,,,,,,,,,,,,,,,,,,,,,,,,,,,,,,,,,,,,,,,,,,,,,,,,,,,,,,,,,,,,,,,,,,,,,,,,,,,,,,,,,,,,,,,,,,,,,,,,,,,,,,,,,,,,,,,,,,,,,,,,,,,,,,,,,,,,,,,,,,,
,,,,,696df947894efc8bc40998ab,2026-01-19_09h29.17.054,WP1_3,2025.2.3,Linux x86_64,60.24096386,58b7d3b5f6546e0001ed7233,68dce618a723bff3d9c89c16,24.5817,33.7261,space,9.1101,,,,,,,,,,,,,,,,,,,,,,,,,,,,,,,,,,,,,,,,,,,,,,,,,,,,,,,,,,,,,,,,,,,,,,,,,,,,,,,,,,,,,,,,,,,,,,,,,,,,,,,,,,,,,,,,,,,,,,,,,,,,,,,,,,,,,,,,,,,,,,,
,,,,,696df947894efc8bc40998ab,2026-01-19_09h29.17.054,WP1_3,2025.2.3,Linux x86_64,60.24096386,58b7d3b5f6546e0001ed7233,68dce618a723bff3d9c89c16,,,,,,33.7265,66.2761,space,32.5028,,,,,,,,,,,,,,,,,,,,,,,,,,,,,,,,,,,,,,,,,,,,,,,,,,,,,,,,,,,,,,,,,,,,,,,,,,,,,,,,,,,,,,,,,,,,,,,,,,,,,,,,,,,,,,,,,,,,,,,,,,,,,,,,,,,,,,,,,,
,,,,,696df947894efc8bc40998ab,2026-01-19_09h29.17.054,WP1_3,2025.2.3,Linux x86_64,60.24096386,58b7d3b5f6546e0001ed7233,68dce618a723bff3d9c89c16,,,,,,,,,,,66.2765,73.611,space,7.2906,,,,,,,,,,,,,,,,,,,,,,,,,,,,,,,,,,,,,,,,,,,,,,,,,,,,,,,,,,,,,,,,,,,,,,,,,,,,,,,,,,,,,,,,,,,,,,,,,,,,,,,,,,,,,,,,,,,,,,,,,,,,,,,,,,,,,
,,,,,696df947894efc8bc40998ab,2026-01-19_09h29.17.054,WP1_3,2025.2.3,Linux x86_64,60.24096386,58b7d3b5f6546e0001ed7233,68dce618a723bff3d9c89c16,,,,,,,,,,,,,,,,73.6116,81.4643,space,7.8102,,,,,,,,,,,,,,,,,,,,,,,,,,,,,,,,,,,,,,,,,,,,,,,,,,,,,,,,,,,,,,,,,,,,,,,,,,,,,,,,,,,,,,,,,,,,,,,,,,,,,,,,,,,,,,,,,,,,,,,,,,,,,,,,
,,,,,696df947894efc8bc40998ab,2026-01-19_09h29.17.054,WP1_3,2025.2.3,Linux x86_64,60.24096386,58b7d3b5f6546e0001ed7233,68dce618a723bff3d9c89c16,,,,,,,,,,,,,,,,,,,,,81.4653,89.6694,space,8.1627,,,,,,,,,,,,,,,,,,,,,,,,,,,,,,,,,,,,,,,,,,,,,,,,,,,,,,,,,,,,,,,,,,,,,,,,,,,,,,,,,,,,,,,,,,,,,,,,,,,,,,,,,,,,,,,,,,,,,,,,,,,
,,,,,696df947894efc8bc40998ab,2026-01-19_09h29.17.054,WP1_3,2025.2.3,Linux x86_64,60.24096386,58b7d3b5f6546e0001ed7233,68dce618a723bff3d9c89c16,,,,,,,,,,,,,,,,,,,,,,,,,,89.6699,93.2362,space,3.5401,,,,,,,,,,,,,,,,,,,,,,,,,,,,,,,,,,,,,,,,,,,,,,,,,,,,,,,,,,,,,,,,,,,,,,,,,,,,,,,,,,,,,,,,,,,,,,,,,,,,,,,,,,,,,,,,,,,,,,
,,,,,696df947894efc8bc40998ab,2026-01-19_09h29.17.054,WP1_3,2025.2.3,Linux x86_64,60.24096386,58b7d3b5f6546e0001ed7233,68dce618a723bff3d9c89c16,,,,,,,,,,,,,,,,,,,,,,,,,,,,,,,93.2367,100.5069,space,7.2359,,,,,,,,,,,,,,,,,,,,,,,,,,,,,,,,,,,,,,,,,,,,,,,,,,,,,,,,,,,,,,,,,,,,,,,,,,,,,,,,,,,,,,,,,,,,,,,,,,,,,,,,,,,,,,,,,
,,,,,696df947894efc8bc40998ab,2026-01-19_09h29.17.054,WP1_3,2025.2.3,Linux x86_64,60.24096386,58b7d3b5f6546e0001ed7233,68dce618a723bff3d9c89c16,,,,,,,,,,,,,,,,,,,,,,,,,,,,,,,,,,,,100.5075,105.6585,space,5.1159,,,,,,,,,,,,,,,,,,,,,,,,,,,,,,,,,,,,,,,,,,,,,,,,,,,,,,,,,,,,,,,,,,,,,,,,,,,,,,,,,,,,,,,,,,,,,,,,,,,,,,,,,,,,
,,,,,696df947894efc8bc40998ab,2026-01-19_09h29.17.054,WP1_3,2025.2.3,Linux x86_64,60.24096386,58b7d3b5f6546e0001ed7233,68dce618a723bff3d9c89c16,,,,,,,,,,,,,,,,,,,,,,,,,,,,,,,,,,,,,,,,,105.6915,109.344,,,,10,109.3465,111.2622,,,"[""right"",""right"",""space""]","[1.0774000000022284,1.3438000000007548,1.8292000000029702]","[null,null,null]",7,111.2646,113.1616,space,1.8038,,6,Celebrities_Faces/006_rating.jpg,Arnold Schwarzeneger,0,Arnold Schwarzeneger,0,TRUE,TRUE,1,0,0,0,5,1,6,Celebrities_Faces/006_rating.jpg,Arnold Schwarzeneger,Dwayne Johnson,Tom Cruise,Ryan Reynolds,Arnold Schwarzeneger,,,,,,,,,,,,,,,,,,,,,,,,,,,,,,,,,,,,,,,,,,,,,,,,,,,,,,,,,,,,,,,,,,,
,,,,,696df947894efc8bc40998ab,2026-01-19_09h29.17.054,WP1_3,2025.2.3,Linux x86_64,60.24096386,58b7d3b5f6546e0001ed7233,68dce618a723bff3d9c89c16,,,,,,,,,,,,,,,,,,,,,,,,,,,,,,,,,,,,,,,,,113.1643,116.1306,,,,10,116.1332,118.115,,,"[""right"",""right"",""right"",""space""]","[0.8190999999977464,0.9980999999977485,1.1976999999992586,1.7303999999984967]","[null,null,null,null]",8,118.1216,119.3977,space,1.0178,,37,Celebrities_Faces/037_rating.jpg,Natalie Portman,1,Natalie Portman,1,TRUE,TRUE,2,0,1,1,36,1,37,Celebrities_Faces/037_rating.jpg,Lady Gaga,Natalie Portman,Hillary Clinton,Michelle Obama,Natalie Portman,,,,,,,,,,,,,,,,,,,,,,,,,,,,,,,,,,,,,,,,,,,,,,,,,,,,,,,,,,,,,,,,,,,
,,,,,696df947894efc8bc40998ab,2026-01-19_09h29.17.054,WP1_3,2025.2.3,Linux x86_64,60.24096386,58b7d3b5f6546e0001ed7233,68dce618a723bff3d9c89c16,,,,,,,,,,,,,,,,,,,,,,,,,,,,,,,,,,,,,,,,,119.4008,121.6651,,,,10,121.667,123.1491,,,"[""right"",""space""]","[0.8559000000022365,1.4216999999992481]","[null,null]",6,123.1573,124.7193,space,1.5046,,19,Celebrities_Faces/019_rating.jpg,Nicolas Cage,0,Nicolas Cage,0,TRUE,TRUE,3,0,2,2,18,1,19,Celebrities_Faces/019_rating.jpg,Nicolas Cage,George W.Bush,Cristiano Ronaldo,Bradley Cooper,Nicolas Cage,,,,,,,,,,,,,,,,,,,,,,,,,,,,,,,,,,,,,,,,,,,,,,,,,,,,,,,,,,,,,,,,,,,
,,,,,696df947894efc8bc40998ab,2026-01-19_09h29.17.054,WP1_3,2025.2.3,Linux x86_64,60.24096386,58b7d3b5f6546e0001ed7233,68dce618a723bff3d9c89c16,,,,,,,,,,,,,,,,,,,,,,,,,,,,,,,,,,,,,,,,,124.7255,126.7175,,,,10,126.7198,127.8683,,,"[""right"",""right"",""right"",""space""]","[0.32260000000147215,0.5203999999985172,0.6871999999992511,1.0561999999992508]","[null,null,null,null]",8,127.8746,129.4857,space,1.5142,,12,Celebrities_Faces/012_rating.jpg,Daniel Radcliffe,3,Daniel Radcliffe,3,TRUE,TRUE,4,0,3,3,11,1,12,Celebrities_Faces/012_rating.jpg,Bruce Willis,Ryan Reynolds,Ewan McGregor,Daniel Radcliffe,Daniel Radcliffe,,,,,,,,,,,,,,,,,,,,,,,,,,,,,,,,,,,,,,,,,,,,,,,,,,,,,,,,,,,,,,,,,,,
,,,,,696df947894efc8bc40998ab,2026-01-19_09h29.17.054,WP1_3,2025.2.3,Linux x86_64,60.24096386,58b7d3b5f6546e0001ed7233,68dce618a723bff3d9c89c16,,,,,,,,,,,,,,,,,,,,,,,,,,,,,,,,,,,,,,,,,129.4883,131.6368,,,,10,131.639,133.1878,,,"[""right"",""right"",""space""]","[0.6153000000007296,0.8008000000007485,1.448300000000728]","[null,null,null]",7,133.1945,135.322,space,2.0187,,11,Celebrities_Faces/011_rating.jpg,Chris Evans,0,Chris Evans,0,TRUE,TRUE,5,0,4,4,10,1,11,Celebrities_Faces/011_rating.jpg,Chris Evans,Daniel Craig,Ryan Reynolds,Arnold Schwarzeneger,Chris Evans,,,,,,,,,,,,,,,,,,,,,,,,,,,,,,,,,,,,,,,,,,,,,,,,,,,,,,,,,,,,,,,,,,,
,,,,,696df947894efc8bc40998ab,2026-01-19_09h29.17.054,WP1_3,2025.2.3,Linux x86_64,60.24096386,58b7d3b5f6546e0001ed7233,68dce618a723bff3d9c89c16,,,,,,,,,,,,,,,,,,,,,,,,,,,,,,,,,,,,,,,,,135.3252,139.2233,,,,2,139.2255,140.9752,,,"[""space""]",[1.5564000000022418],[null],5,140.9826,144.2425,space,3.0729,,22,Celebrities_Faces/022_rating.jpg,Lebron James,3,Lebron James,3,TRUE,FALSE,5,0,5,5,21,1,22,Celebrities_Faces/022_rating.jpg,George W.Bush,Lionel Messi,Leonardo Di Caprio,Lebron James,Lebron James,,,,,,,,,,,,,,,,,,,,,,,,,,,,,,,,,,,,,,,,,,,,,,,,,,,,,,,,,,,,,,,,,,,
,,,,,696df947894efc8bc40998ab,2026-01-19_09h29.17.054,WP1_3,2025.2.3,Linux x86_64,60.24096386,58b7d3b5f6546e0001ed7233,68dce618a723bff3d9c89c16,,,,,,,,,,,,,,,,,,,,,,,,,,,,,,,,,,,,,,,,,144.2451,146.443,,,,10,146.4447,148.0773,,,"[""right"",""right"",""space""]","[0.6990000000000123,0.8824000000022352,1.4516000000014913]","[null,null,null]",7,148.0835,149.1795,space,0.9192,,10,Celebrities_Faces/010_rating.jpg,Bruce Willis,0,Bruce Willis,0,TRUE,TRUE,6,0,6,6,9,1,10,Celebrities_Faces/010_rating.jpg,Bruce Willis,Arnold Schwarzeneger,George Clooney,Robert De Niro,Bruce Willis,,,,,,,,,,,,,,,,,,,,,,,,,,,,,,,,,,,,,,,,,,,,,,,,,,,,,,,,,,,,,,,,,,,
,,,,,696df947894efc8bc40998ab,2026-01-19_09h29.17.054,WP1_3,2025.2.3,Linux x86_64,60.24096386,58b7d3b5f6546e0001ed7233,68dce618a723bff3d9c89c16,,,,,,,,,,,,,,,,,,,,,,,,,,,,,,,,,,,,,,,,,149.183,151.2283,,,,10,151.23,152.5301,,,"[""right"",""right"",""right"",""right"",""right"",""space""]","[0.029400000002226534,0.24930000000074415,0.41610000000147807,0.5532000000029598,0.7009999999999934,1.0506000000014808]","[null,null,null,null,null,null]",10,152.5364,153.8128,space,1.0194,,18,Celebrities_Faces/018_rating.jpg,Chris Hemsworth,0,Chris Hemsworth,0,TRUE,TRUE,7,0,7,7,17,1,18,Celebrities_Faces/018_rating.jpg,Chris Hemsworth,Leonardo Di Caprio,Nicolas Cage,Tom Cruise,Chris Hemsworth,,,,,,,,,,,,,,,,,,,,,,,,,,,,,,,,,,,,,,,,,,,,,,,,,,,,,,,,,,,,,,,,,,,
,,,,,696df947894efc8bc40998ab,2026-01-19_09h29.17.054,WP1_3,2025.2.3,Linux x86_64,60.24096386,58b7d3b5f6546e0001ed7233,68dce618a723bff3d9c89c16,,,,,,,,,,,,,,,,,,,,,,,,,,,,,,,,,,,,,,,,,153.8148,155.7977,,,,10,155.8,156.8145,,,"[""right"",""right"",""right"",""space""]","[0.24600000000000932,0.4314999999999998,0.5793999999985147,0.8995999999977471]","[null,null,null,null]",8,156.8218,158.5486,space,1.6159,,38,Celebrities_Faces/038_rating.jpg,Taylor Swift,3,Taylor Swift,3,TRUE,TRUE,8,0,8,8,37,1,38,Celebrities_Faces/038_rating.jpg,Keira Knightley,Scarlett Johansson,Margot Robbie,Taylor Swift,Taylor Swift,,,,,,,,,,,,,,,,,,,,,,,,,,,,,,,,,,,,,,,,,,,,,,,,,,,,,,,,,,,,,,,,,,,
,,,,,696df947894efc8bc40998ab,2026-01-19_09h29.17.054,WP1_3,2025.2.3,Linux x86_64,60.24096386,58b7d3b5f6546e0001ed7233,68dce618a723bff3d9c89c16,,,,,,,,,,,,,,,,,,,,,,,,,,,,,,,,,,,,,,,,,158.5516,160.8496,,,,10,160.8516,161.8167,,,"[""right"",""right"",""space""]","[0.27350000000001273,0.47290000000222676,0.8204000000022518]","[null,null,null]",7,161.8229,163.3677,space,1.4106,,59,Celebrities_Faces/059_rating.jpg,Michelle Obama,0,Michelle Obama,0,TRUE,TRUE,9,0,9,9,58,1,59,Celebrities_Faces/059_rating.jpg,Michelle Obama,Emma Watson,Millie Bobby Brown,Margot Robbie,Michelle Obama,,,,,,,,,,,,,,,,,,,,,,,,,,,,,,,,,,,,,,,,,,,,,,,,,,,,,,,,,,,,,,,,,,,
,,,,,696df947894efc8bc40998ab,2026-01-19_09h29.17.054,WP1_3,2025.2.3,Linux x86_64,60.24096386,58b7d3b5f6546e0001ed7233,68dce618a723bff3d9c89c16,,,,,,,,,,,,,,,,,,,,,,,,,,,,,,,,,,,,,,,,,163.3702,166.7521,,,,0,166.7544,168.1528,,,"[""space""]",[1.341600000001506],[null],5,168.1589,171.5881,space,3.3719,,49,Celebrities_Faces/049_rating.jpg,Olivia Rodrigo,0,Olivia Rodrigo,0,TRUE,FALSE,9,0,10,10,48,1,49,Celebrities_Faces/049_rating.jpg,Olivia Rodrigo,Lindsay Lohan,Gal Gadot,Angelina Jolie,Olivia Rodrigo,,,,,,,,,,,,,,,,,,,,,,,,,,,,,,,,,,,,,,,,,,,,,,,,,,,,,,,,,,,,,,,,,,,
,,,,,696df947894efc8bc40998ab,2026-01-19_09h29.17.054,WP1_3,2025.2.3,Linux x86_64,60.24096386,58b7d3b5f6546e0001ed7233,68dce618a723bff3d9c89c16,,,,,,,,,,,,,,,,,,,,,,,,,,,,,,,,,,,,,,,,,171.5904,173.4052,,,,10,173.4072,174.3897,,,"[""right"",""right"",""space""]","[0.28690000000224813,0.4701000000014801,0.9371999999992511]","[null,null,null]",7,174.3959,176.3749,space,1.9369,,56,Celebrities_Faces/056_rating.jpg,Reese Witherspoon,0,Reese Witherspoon,0,TRUE,TRUE,10,0,11,11,55,1,56,Celebrities_Faces/056_rating.jpg,Reese Witherspoon,Sandra Bullock,Nicole Kidman,Halle Berry,Reese Witherspoon,,,,,,,,,,,,,,,,,,,,,,,,,,,,,,,,,,,,,,,,,,,,,,,,,,,,,,,,,,,,,,,,,,,
,,,,,696df947894efc8bc40998ab,2026-01-19_09h29.17.054,WP1_3,2025.2.3,Linux x86_64,60.24096386,58b7d3b5f6546e0001ed7233,68dce618a723bff3d9c89c16,,,,,,,,,,,,,,,,,,,,,,,,,,,,,,,,,,,,,,,,,176.3773,179.0588,,,,10,179.0613,181.2917,,,"[""right"",""right"",""space""]","[0.6563999999984844,1.1754999999999995,1.4888999999984946]","[null,null,null]",7,181.2962,183.3767,space,1.4242,,41,Celebrities_Faces/041_rating.jpg,Halle Berry,2,Halle Berry,2,TRUE,TRUE,11,0,12,12,40,1,41,Celebrities_Faces/041_rating.jpg,Lady Gaga,Greta Thunberg,Halle Berry,Serena Williams,Halle Berry,,,,,,,,,,,,,,,,,,,,,,,,,,,,,,,,,,,,,,,,,,,,,,,,,,,,,,,,,,,,,,,,,,,
,,,,,696df947894efc8bc40998ab,2026-01-19_09h29.17.054,WP1_3,2025.2.3,Linux x86_64,60.24096386,58b7d3b5f6546e0001ed7233,68dce618a723bff3d9c89c16,,,,,,,,,,,,,,,,,,,,,,,,,,,,,,,,,,,,,,,,,183.3786,185.6107,,,,10,185.6122,186.5454,,,"[""right"",""right"",""space""]","[0.30370000000297637,0.49820000000298137,0.8033000000007462]","[null,null,null]",7,186.5525,187.545,space,0.8583,,26,Celebrities_Faces/026_rating.jpg,George Clooney,2,George Clooney,2,TRUE,TRUE,12,0,13,13,25,1,26,Celebrities_Faces/026_rating.jpg,Robert De Niro,Ewan McGregor,George Clooney,Daniel Radcliffe,George Clooney,,,,,,,,,,,,,,,,,,,,,,,,,,,,,,,,,,,,,,,,,,,,,,,,,,,,,,,,,,,,,,,,,,,
,,,,,696df947894efc8bc40998ab,2026-01-19_09h29.17.054,WP1_3,2025.2.3,Linux x86_64,60.24096386,58b7d3b5f6546e0001ed7233,68dce618a723bff3d9c89c16,,,,,,,,,,,,,,,,,,,,,,,,,,,,,,,,,,,,,,,,,187.5478,189.7296,,,,10,189.7321,190.9131,,,"[""right"",""right"",""right"",""space""]","[0.20059999999776323,0.3830999999977678,0.5492999999970039,1.0681999999992513]","[null,null,null,null]",8,190.9196,191.997,space,0.9722,,34,Celebrities_Faces/034_rating.jpg,Angelina Jolie,2,Angelina Jolie,2,TRUE,TRUE,13,0,14,14,33,1,34,Celebrities_Faces/034_rating.jpg,Anya Taylor-Joy,Maria Sharapova,Angelina Jolie,Nicole Kidman,Angelina Jolie,,,,,,,,,,,,,,,,,,,,,,,,,,,,,,,,,,,,,,,,,,,,,,,,,,,,,,,,,,,,,,,,,,,
,,,,,696df947894efc8bc40998ab,2026-01-19_09h29.17.054,WP1_3,2025.2.3,Linux x86_64,60.24096386,58b7d3b5f6546e0001ed7233,68dce618a723bff3d9c89c16,,,,,,,,,,,,,,,,,,,,,,,,,,,,,,,,,,,,,,,,,191.9995,193.8642,,,,10,193.8651,195.1322,,,"[""right"",""right"",""space""]","[0.18440000000222767,0.3824000000022352,1.0674000000022374]","[null,null,null]",7,195.1374,197.2001,space,1.8567,,45,Celebrities_Faces/045_rating.jpg,Cameron Diaz,3,Cameron Diaz,3,TRUE,TRUE,14,0,15,15,44,1,45,Celebrities_Faces/045_rating.jpg,Taylor Swift,Natalie Portman,Maria Sharapova,Cameron Diaz,Cameron Diaz,,,,,,,,,,,,,,,,,,,,,,,,,,,,,,,,,,,,,,,,,,,,,,,,,,,,,,,,,,,,,,,,,,,
,,,,,696df947894efc8bc40998ab,2026-01-19_09h29.17.054,WP1_3,2025.2.3,Linux x86_64,60.24096386,58b7d3b5f6546e0001ed7233,68dce618a723bff3d9c89c16,,,,,,,,,,,,,,,,,,,,,,,,,,,,,,,,,,,,,,,,,197.2026,199.3176,,,,10,199.3207,202.3685,,,"[""right"",""right"",""right"",""left"",""right"",""space""]","[0.41939999999851807,0.5865999999977589,0.7553000000007444,1.6563000000007548,2.671999999999997,2.9695999999977687]","[null,null,null,null,null,null]",8,202.3747,203.5856,space,1.1281,,42,Celebrities_Faces/042_rating.jpg,Greta Thunberg,3,Greta Thunberg,3,TRUE,TRUE,15,0,16,16,41,1,42,Celebrities_Faces/042_rating.jpg,Simone Biles,Michelle Obama,Anne Hathaway,Greta Thunberg,Greta Thunberg,,,,,,,,,,,,,,,,,,,,,,,,,,,,,,,,,,,,,,,,,,,,,,,,,,,,,,,,,,,,,,,,,,,
,,,,,696df947894efc8bc40998ab,2026-01-19_09h29.17.054,WP1_3,2025.2.3,Linux x86_64,60.24096386,58b7d3b5f6546e0001ed7233,68dce618a723bff3d9c89c16,,,,,,,,,,,,,,,,,,,,,,,,,,,,,,,,,,,,,,,,,203.588,205.7867,,,,10,205.7886,206.8373,,,"[""right"",""right"",""space""]","[0.33199999999999363,0.5024999999999977,0.8331999999992377]","[null,null,null]",7,206.8422,208.7214,space,1.6834,,51,Celebrities_Faces/051_rating.jpg,Margot Robbie,0,Margot Robbie,0,TRUE,TRUE,16,0,17,17,50,1,51,Celebrities_Faces/051_rating.jpg,Margot Robbie,Halle Berry,Emma Watson,Julia Roberts,Margot Robbie,,,,,,,,,,,,,,,,,,,,,,,,,,,,,,,,,,,,,,,,,,,,,,,,,,,,,,,,,,,,,,,,,,,
,,,,,696df947894efc8bc40998ab,2026-01-19_09h29.17.054,WP1_3,2025.2.3,Linux x86_64,60.24096386,58b7d3b5f6546e0001ed7233,68dce618a723bff3d9c89c16,,,,,,,,,,,,,,,,,,,,,,,,,,,,,,,,,,,,,,,,,208.7239,210.6387,,,,10,210.6402,212.023,,,"[""right"",""right"",""right"",""space""]","[0.28680000000073846,0.47049999999998704,0.6339999999999861,1.3039000000022156]","[null,null,null,null]",8,212.0287,213.0232,space,0.9234,,17,Celebrities_Faces/017_rating.jpg,Hugh Jackman,1,Hugh Jackman,1,TRUE,TRUE,17,0,18,18,16,1,17,Celebrities_Faces/017_rating.jpg,Keanu Reeves,Hugh Jackman,Ewan McGregor,Tom Cruise,Hugh Jackman,,,,,,,,,,,,,,,,,,,,,,,,,,,,,,,,,,,,,,,,,,,,,,,,,,,,,,,,,,,,,,,,,,,
,,,,,696df947894efc8bc40998ab,2026-01-19_09h29.17.054,WP1_3,2025.2.3,Linux x86_64,60.24096386,58b7d3b5f6546e0001ed7233,68dce618a723bff3d9c89c16,,,,,,,,,,,,,,,,,,,,,,,,,,,,,,,,,,,,,,,,,213.0255,215.7078,,,,7,215.7095,218.0092,,,"[""right"",""right"",""space""]","[1.2948000000007482,1.6923000000007562,2.0278000000007523]","[null,null,null]",7,218.016,220.1598,space,1.8889,,33,Celebrities_Faces/033_rating.jpg,Simone Biles,1,Simone Biles,1,TRUE,TRUE,18,0,19,19,32,1,33,Celebrities_Faces/033_rating.jpg,Greta Thunberg,Simone Biles,Lindsay Lohan,Anya Taylor-Joy,Simone Biles,,,,,,,,,,,,,,,,,,,,,,,,,,,,,,,,,,,,,,,,,,,,,,,,,,,,,,,,,,,,,,,,,,,
,,,,,696df947894efc8bc40998ab,2026-01-19_09h29.17.054,WP1_3,2025.2.3,Linux x86_64,60.24096386,58b7d3b5f6546e0001ed7233,68dce618a723bff3d9c89c16,,,,,,,,,,,,,,,,,,,,,,,,,,,,,,,,,,,,,,,,,220.1623,222.3799,,,,10,222.3813,223.7947,,,"[""left"",""left"",""space""]","[0.8089999999999691,1.0085999999977275,1.2735999999977707]","[null,null,null]",3,223.801,225.2635,space,1.3208,,2,Celebrities_Faces/002_rating.jpg,George W.Bush,3,George W.Bush,3,TRUE,TRUE,19,0,20,20,1,1,2,Celebrities_Faces/002_rating.jpg,Henri Canvill,Chris Evans,Tom Holland,George W.Bush,George W.Bush,,,,,,,,,,,,,,,,,,,,,,,,,,,,,,,,,,,,,,,,,,,,,,,,,,,,,,,,,,,,,,,,,,,
,,,,,696df947894efc8bc40998ab,2026-01-19_09h29.17.054,WP1_3,2025.2.3,Linux x86_64,60.24096386,58b7d3b5f6546e0001ed7233,68dce618a723bff3d9c89c16,,,,,,,,,,,,,,,,,,,,,,,,,,,,,,,,,,,,,,,,,225.2673,227.6141,,,,10,227.6167,229.1471,,,"[""right"",""space""]","[0.7154000000022052,1.4658000000007405]","[null,null]",6,229.1536,230.5645,space,1.3525,,53,Celebrities_Faces/053_rating.jpg,Keira Knightley,3,Keira Knightley,3,TRUE,TRUE,20,0,21,21,52,1,53,Celebrities_Faces/053_rating.jpg,Anne Hathaway,Emma Stone,Olivia Rodrigo,Keira Knightley,Keira Knightley,,,,,,,,,,,,,,,,,,,,,,,,,,,,,,,,,,,,,,,,,,,,,,,,,,,,,,,,,,,,,,,,,,,
,,,,,696df947894efc8bc40998ab,2026-01-19_09h29.17.054,WP1_3,2025.2.3,Linux x86_64,60.24096386,58b7d3b5f6546e0001ed7233,68dce618a723bff3d9c89c16,,,,,,,,,,,,,,,,,,,,,,,,,,,,,,,,,,,,,,,,,230.5673,233.2156,,,,4,233.2175,234.8831,,,"[""space""]",[1.4239999999999782],[null],5,234.8889,237.1518,space,2.0326,,3,Celebrities_Faces/003_rating.jpg,Roger Federer,2,Roger Federer,2,TRUE,FALSE,20,0,22,22,2,1,3,Celebrities_Faces/003_rating.jpg,Dwayne Johnson,Keanu Reeves,Roger Federer,Ben Affleck,Roger Federer,,,,,,,,,,,,,,,,,,,,,,,,,,,,,,,,,,,,,,,,,,,,,,,,,,,,,,,,,,,,,,,,,,,
,,,,,696df947894efc8bc40998ab,2026-01-19_09h29.17.054,WP1_3,2025.2.3,Linux x86_64,60.24096386,58b7d3b5f6546e0001ed7233,68dce618a723bff3d9c89c16,,,,,,,,,,,,,,,,,,,,,,,,,,,,,,,,,,,,,,,,,237.1541,242.6704,,,,10,242.6723,245.2377,,,"[""right"",""right"",""right"",""right"",""right"",""space""]","[0.6521999999992545,0.8201999999992609,0.9873999999985017,1.1533000000007405,1.3050000000000068,2.369199999999239]","[null,null,null,null,null,null]",10,245.2433,247.0386,space,1.5986,,29,Celebrities_Faces/029_rating.jpg,Tom Holland,0,Tom Holland,0,TRUE,TRUE,21,0,23,23,28,1,29,Celebrities_Faces/029_rating.jpg,Tom Holland,Bradley Cooper,Dwayne Johnson,George W.Bush,Tom Holland,,,,,,,,,,,,,,,,,,,,,,,,,,,,,,,,,,,,,,,,,,,,,,,,,,,,,,,,,,,,,,,,,,,
,,,,,696df947894efc8bc40998ab,2026-01-19_09h29.17.054,WP1_3,2025.2.3,Linux x86_64,60.24096386,58b7d3b5f6546e0001ed7233,68dce618a723bff3d9c89c16,,,,,,,,,,,,,,,,,,,,,,,,,,,,,,,,,,,,,,,,,247.0411,254.7422,,,,10,254.7446,255.9427,,,"[""right"",""right"",""right"",""space""]","[0.41939999999851807,0.6360999999977821,0.8021999999992317,1.101099999997757]","[null,null,null,null]",8,255.948,257.3772,space,1.3414,,21,Celebrities_Faces/021_rating.jpg,Henri Canvill,0,Henri Canvill,0,TRUE,TRUE,22,0,24,24,20,1,21,Celebrities_Faces/021_rating.jpg,Henri Canvill,George Clooney,Bradley Cooper,Tom Holland,Henri Canvill,,,,,,,,,,,,,,,,,,,,,,,,,,,,,,,,,,,,,,,,,,,,,,,,,,,,,,,,,,,,,,,,,,,
,,,,,696df947894efc8bc40998ab,2026-01-19_09h29.17.054,WP1_3,2025.2.3,Linux x86_64,60.24096386,58b7d3b5f6546e0001ed7233,68dce618a723bff3d9c89c16,,,,,,,,,,,,,,,,,,,,,,,,,,,,,,,,,,,,,,,,,257.3805,259.4112,,,,10,259.4134,260.5282,,,"[""right"",""space""]","[0.28249999999997044,0.9346999999992249]","[null,null]",6,260.5333,262.429,space,1.7043,,44,Celebrities_Faces/044_rating.jpg,Cate Blanchett,1,Cate Blanchett,1,TRUE,TRUE,23,0,25,25,43,1,44,Celebrities_Faces/044_rating.jpg,Angelina Jolie,Cate Blanchett,Natalie Portman,Taylor Swift,Cate Blanchett,,,,,,,,,,,,,,,,,,,,,,,,,,,,,,,,,,,,,,,,,,,,,,,,,,,,,,,,,,,,,,,,,,,
,,,,,696df947894efc8bc40998ab,2026-01-19_09h29.17.054,WP1_3,2025.2.3,Linux x86_64,60.24096386,58b7d3b5f6546e0001ed7233,68dce618a723bff3d9c89c16,,,,,,,,,,,,,,,,,,,,,,,,,,,,,,,,,,,,,,,,,262.4315,266.8978,,,,4,266.8998,268.1656,,,"[""space""]",[1.0060000000000286],[null],5,268.1716,270.2005,space,1.778,,5,Celebrities_Faces/005_rating.jpg,Lionel Messi,0,Lionel Messi,0,TRUE,FALSE,23,0,26,26,4,1,5,Celebrities_Faces/005_rating.jpg,Lionel Messi,Matt Damon,Cristiano Ronaldo,Lebron James,Lionel Messi,,,,,,,,,,,,,,,,,,,,,,,,,,,,,,,,,,,,,,,,,,,,,,,,,,,,,,,,,,,,,,,,,,,
,,,,,696df947894efc8bc40998ab,2026-01-19_09h29.17.054,WP1_3,2025.2.3,Linux x86_64,60.24096386,58b7d3b5f6546e0001ed7233,68dce618a723bff3d9c89c16,,,,,,,,,,,,,,,,,,,,,,,,,,,,,,,,,,,,,,,,,270.2028,273.1335,,,,3,273.1352,274.5703,,,"[""space""]",[1.3263000000007423],[null],5,274.5767,275.902,space,1.217,,47,Celebrities_Faces/047_rating.jpg,Hillary Clinton,0,Hillary Clinton,0,TRUE,FALSE,23,0,27,27,46,1,47,Celebrities_Faces/047_rating.jpg,Hillary Clinton,Sandra Bullock,Michelle Obama,Anne Hathaway,Hillary Clinton,,,,,,,,,,,,,,,,,,,,,,,,,,,,,,,,,,,,,,,,,,,,,,,,,,,,,,,,,,,,,,,,,,,
,,,,,696df947894efc8bc40998ab,2026-01-19_09h29.17.054,WP1_3,2025.2.3,Linux x86_64,60.24096386,58b7d3b5f6546e0001ed7233,68dce618a723bff3d9c89c16,,,,,,,,,,,,,,,,,,,,,,,,,,,,,,,,,,,,,,,,,275.9056,277.7713,,,,10,277.7729,279.3202,,,"[""right"",""right"",""space""]","[0.33060000000148193,0.5436000000015042,1.429200000002993]","[null,null,null]",7,279.3264,281.7042,space,2.2577,,54,Celebrities_Faces/054_rating.jpg,Julia Roberts,0,Julia Roberts,0,TRUE,TRUE,24,0,28,28,53,1,54,Celebrities_Faces/054_rating.jpg,Julia Roberts,Anne Hathaway,Olivia Rodrigo,Simone Biles,Julia Roberts,,,,,,,,,,,,,,,,,,,,,,,,,,,,,,,,,,,,,,,,,,,,,,,,,,,,,,,,,,,,,,,,,,,
,,,,,696df947894efc8bc40998ab,2026-01-19_09h29.17.054,WP1_3,2025.2.3,Linux x86_64,60.24096386,58b7d3b5f6546e0001ed7233,68dce618a723bff3d9c89c16,,,,,,,,,,,,,,,,,,,,,,,,,,,,,,,,,,,,,,,,,281.7065,283.3408,,,,10,283.3437,284.3058,,,"[""left"",""left"",""space""]","[0.3911999999992304,0.623899999998514,0.8763999999985117]","[null,null,null]",3,284.3123,285.556,space,1.17,,7,Celebrities_Faces/007_rating.jpg,Ben Affleck,0,Ben Affleck,0,TRUE,TRUE,25,0,29,29,6,1,7,Celebrities_Faces/007_rating.jpg,Ben Affleck,Nicolas Cage,Henri Canvill,Leonardo Di Caprio,Ben Affleck,,,,,,,,,,,,,,,,,,,,,,,,,,,,,,,,,,,,,,,,,,,,,,,,,,,,,,,,,,,,,,,,,,,
,,,,,696df947894efc8bc40998ab,2026-01-19_09h29.17.054,WP1_3,2025.2.3,Linux x86_64,60.24096386,58b7d3b5f6546e0001ed7233,68dce618a723bff3d9c89c16,,,,,,,,,,,,,,,,,,,,,,,,,,,,,,,,,,,,,,,,,285.5587,287.2902,,,,10,287.2922,290.2095,,,"[""right"",""right"",""right"",""right"",""right"",""left"",""left"",""left"",""space""]","[0.49239999999849715,0.7946000000014806,0.977800000000741,1.1321000000014578,1.5628999999984785,2.12919999999923,2.2934999999999945,2.464300000000719,2.8326000000014915]","[null,null,null,null,null,null,null,null,null]",7,290.2156,292.4594,space,2.1781,,15,Celebrities_Faces/015_rating.jpg,Harrison Ford,2,Harrison Ford,2,TRUE,TRUE,26,0,30,30,14,1,15,Celebrities_Faces/015_rating.jpg,Lionel Messi,Daniel Radcliffe,Harrison Ford,Brad Pitt,Harrison Ford,,,,,,,,,,,,,,,,,,,,,,,,,,,,,,,,,,,,,,,,,,,,,,,,,,,,,,,,,,,,,,,,,,,
,,,,,696df947894efc8bc40998ab,2026-01-19_09h29.17.054,WP1_3,2025.2.3,Linux x86_64,60.24096386,58b7d3b5f6546e0001ed7233,68dce618a723bff3d9c89c16,,,,,,,,,,,,,,,,,,,,,,,,,,,,,,,,,,,,,,,,,292.4622,294.9101,,,,10,294.9118,299.6622,,,"[""right"",""right"",""space""]","[3.208099999997785,3.4600999999977944,4.6942999999970425]","[null,null,null]",7,299.6677,301.2318,space,1.5157,,16,Celebrities_Faces/016_rating.jpg,Ewan McGregor,0,Ewan McGregor,0,TRUE,TRUE,27,0,31,31,15,1,16,Celebrities_Faces/016_rating.jpg,Ewan McGregor,Robert De Niro,Lionel Messi,Leonardo Di Caprio,Ewan McGregor,,,,,,,,,,,,,,,,,,,,,,,,,,,,,,,,,,,,,,,,,,,,,,,,,,,,,,,,,,,,,,,,,,,
,,,,,696df947894efc8bc40998ab,2026-01-19_09h29.17.054,WP1_3,2025.2.3,Linux x86_64,60.24096386,58b7d3b5f6546e0001ed7233,68dce618a723bff3d9c89c16,,,,,,,,,,,,,,,,,,,,,,,,,,,,,,,,,,,,,,,,,301.2341,304.2646,,,,1,304.2663,305.5652,,,"[""space""]",[1.1995000000000005],[null],5,305.571,308.4835,space,2.8261,,43,Celebrities_Faces/043_rating.jpg,Maria Sharapova,3,Maria Sharapova,3,TRUE,FALSE,27,0,32,32,42,1,43,Celebrities_Faces/043_rating.jpg,Michelle Obama,Taylor Swift,Greta Thunberg,Maria Sharapova,Maria Sharapova,,,,,,,,,,,,,,,,,,,,,,,,,,,,,,,,,,,,,,,,,,,,,,,,,,,,,,,,,,,,,,,,,,,
,,,,,696df947894efc8bc40998ab,2026-01-19_09h29.17.054,WP1_3,2025.2.3,Linux x86_64,60.24096386,58b7d3b5f6546e0001ed7233,68dce618a723bff3d9c89c16,,,,,,,,,,,,,,,,,,,,,,,,,,,,,,,,,,,,,,,,,308.4857,311.601,,,,9,311.6027,313.252,,,"[""right"",""space""]","[0.8671999999992295,1.5019999999999527]","[null,null]",6,313.2587,314.6867,space,1.2705,,40,Celebrities_Faces/040_rating.jpg,Gal Gadot,0,Gal Gadot,0,TRUE,TRUE,28,0,33,33,39,1,40,Celebrities_Faces/040_rating.jpg,Gal Gadot,Maria Sharapova,Taylor Swift,Nicole Kidman,Gal Gadot,,,,,,,,,,,,,,,,,,,,,,,,,,,,,,,,,,,,,,,,,,,,,,,,,,,,,,,,,,,,,,,,,,,
,,,,,696df947894efc8bc40998ab,2026-01-19_09h29.17.054,WP1_3,2025.2.3,Linux x86_64,60.24096386,58b7d3b5f6546e0001ed7233,68dce618a723bff3d9c89c16,,,,,,,,,,,,,,,,,,,,,,,,,,,,,,,,,,,,,,,,,314.6903,316.9203,,,,10,316.9242,318.2543,,,"[""left"",""left"",""left"",""left"",""space""]","[0.41369999999926677,0.6186000000014928,0.7803000000007501,0.9318000000007487,1.2661000000015292]","[null,null,null,null,null]",1,318.2599,320.2217,space,1.8947,,4,Celebrities_Faces/004_rating.jpg,Cristiano Ronaldo,3,Cristiano Ronaldo,3,TRUE,TRUE,29,0,34,34,3,1,4,Celebrities_Faces/004_rating.jpg,Matt Damon,Robert De Niro,Denzel Washighton,Cristiano Ronaldo,Cristiano Ronaldo,,,,,,,,,,,,,,,,,,,,,,,,,,,,,,,,,,,,,,,,,,,,,,,,,,,,,,,,,,,,,,,,,,,
,,,,,696df947894efc8bc40998ab,2026-01-19_09h29.17.054,WP1_3,2025.2.3,Linux x86_64,60.24096386,58b7d3b5f6546e0001ed7233,68dce618a723bff3d9c89c16,,,,,,,,,,,,,,,,,,,,,,,,,,,,,,,,,,,,,,,,,320.2242,323.8568,,,,10,323.8585,325.442,,,"[""right"",""space""]","[1.0625,1.4844999999999686]","[null,null]",6,325.4482,327.225,space,1.689,,55,Celebrities_Faces/055_rating.jpg,Charlize Theron,3,Charlize Theron,3,TRUE,TRUE,30,0,35,35,54,1,55,Celebrities_Faces/055_rating.jpg,Natalie Portman,Margot Robbie,Angelina Jolie,Charlize Theron,Charlize Theron,,,,,,,,,,,,,,,,,,,,,,,,,,,,,,,,,,,,,,,,,,,,,,,,,,,,,,,,,,,,,,,,,,,
,,,,,696df947894efc8bc40998ab,2026-01-19_09h29.17.054,WP1_3,2025.2.3,Linux x86_64,60.24096386,58b7d3b5f6546e0001ed7233,68dce618a723bff3d9c89c16,,,,,,,,,,,,,,,,,,,,,,,,,,,,,,,,,,,,,,,,,327.2275,329.1925,,,,10,329.1941,329.9761,,,"[""right"",""space""]","[0.23589999999853717,0.5710999999977844]","[null,null]",6,329.9813,331.3102,space,1.1085,,24,Celebrities_Faces/024_rating.jpg,Ryan Reynolds,3,Ryan Reynolds,3,TRUE,TRUE,31,0,36,36,23,1,24,Celebrities_Faces/024_rating.jpg,Roger Federer,Denzel Washighton,Tom Holland,Ryan Reynolds,Ryan Reynolds,,,,,,,,,,,,,,,,,,,,,,,,,,,,,,,,,,,,,,,,,,,,,,,,,,,,,,,,,,,,,,,,,,,
,,,,,696df947894efc8bc40998ab,2026-01-19_09h29.17.054,WP1_3,2025.2.3,Linux x86_64,60.24096386,58b7d3b5f6546e0001ed7233,68dce618a723bff3d9c89c16,,,,,,,,,,,,,,,,,,,,,,,,,,,,,,,,,,,,,,,,,331.313,334.5623,,,,8,334.564,336.1788,,,"[""right"",""space""]","[0.884300000000735,1.552099999997779]","[null,null]",6,336.1851,338.0636,space,1.8309,,36,Celebrities_Faces/036_rating.jpg,Lady Gaga,3,Lady Gaga,3,TRUE,TRUE,32,0,37,37,35,1,36,Celebrities_Faces/036_rating.jpg,Serena Williams,Emma Stone,Julia Roberts,Lady Gaga,Lady Gaga,,,,,,,,,,,,,,,,,,,,,,,,,,,,,,,,,,,,,,,,,,,,,,,,,,,,,,,,,,,,,,,,,,,
,,,,,696df947894efc8bc40998ab,2026-01-19_09h29.17.054,WP1_3,2025.2.3,Linux x86_64,60.24096386,58b7d3b5f6546e0001ed7233,68dce618a723bff3d9c89c16,,,,,,,,,,,,,,,,,,,,,,,,,,,,,,,,,,,,,,,,,338.0668,340.2473,,,,10,340.249,341.7147,,,"[""right"",""space""]","[0.4948000000007369,1.3916000000015174]","[null,null]",6,341.7211,342.8153,space,1.0118,,23,Celebrities_Faces/023_rating.jpg,Ryan Gosling,2,Ryan Gosling,2,TRUE,TRUE,33,0,38,38,22,1,23,Celebrities_Faces/023_rating.jpg,Brad Pitt,Cristiano Ronaldo,Ryan Gosling,Tom Holland,Ryan Gosling,,,,,,,,,,,,,,,,,,,,,,,,,,,,,,,,,,,,,,,,,,,,,,,,,,,,,,,,,,,,,,,,,,,
,,,,,696df947894efc8bc40998ab,2026-01-19_09h29.17.054,WP1_3,2025.2.3,Linux x86_64,60.24096386,58b7d3b5f6546e0001ed7233,68dce618a723bff3d9c89c16,,,,,,,,,,,,,,,,,,,,,,,,,,,,,,,,,,,,,,,,,342.8177,344.7661,,,,10,344.7676,348.4183,,,"[""right"",""space""]","[2.7078999999984603,3.5423999999985085]","[null,null]",6,348.4242,350.1186,space,1.5888,,25,Celebrities_Faces/025_rating.jpg,Robert De Niro,2,Robert De Niro,2,TRUE,TRUE,34,0,39,39,24,1,25,Celebrities_Faces/025_rating.jpg,Bruce Willis,Arnold Schwarzeneger,Robert De Niro,Leonardo Di Caprio,Robert De Niro,,,,,,,,,,,,,,,,,,,,,,,,,,,,,,,,,,,,,,,,,,,,,,,,,,,,,,,,,,,,,,,,,,,
,,,,,696df947894efc8bc40998ab,2026-01-19_09h29.17.054,WP1_3,2025.2.3,Linux x86_64,60.24096386,58b7d3b5f6546e0001ed7233,68dce618a723bff3d9c89c16,,,,,,,,,,,,,,,,,,,,,,,,,,,,,,,,,,,,,,,,,350.1197,351.837,,,,10,351.8401,353.0717,,,"[""space""]",[1.0903000000007523],[null],5,353.0791,354.404,space,1.1964,,1,Celebrities_Faces/001_rating.jpg,Leonardo Di Caprio,2,Leonardo Di Caprio,2,TRUE,TRUE,35,0,40,40,0,1,1,Celebrities_Faces/001_rating.jpg,Ben Affleck,Daniel Craig,Leonardo Di Caprio,Roger Federer,Leonardo Di Caprio,,,,,,,,,,,,,,,,,,,,,,,,,,,,,,,,,,,,,,,,,,,,,,,,,,,,,,,,,,,,,,,,,,,
,,,,,696df947894efc8bc40998ab,2026-01-19_09h29.17.054,WP1_3,2025.2.3,Linux x86_64,60.24096386,58b7d3b5f6546e0001ed7233,68dce618a723bff3d9c89c16,,,,,,,,,,,,,,,,,,,,,,,,,,,,,,,,,,,,,,,,,354.4065,356.2047,,,,10,356.2073,357.0219,,,"[""right"",""space""]","[0.23540000000224381,0.6665000000000418]","[null,null]",6,357.0263,358.4727,space,1.3037,,8,Celebrities_Faces/008_rating.jpg,Brad Pitt,3,Brad Pitt,3,TRUE,TRUE,36,0,41,41,7,1,8,Celebrities_Faces/008_rating.jpg,Cristiano Ronaldo,Daniel Craig,Lionel Messi,Brad Pitt,Brad Pitt,,,,,,,,,,,,,,,,,,,,,,,,,,,,,,,,,,,,,,,,,,,,,,,,,,,,,,,,,,,,,,,,,,,
,,,,,696df947894efc8bc40998ab,2026-01-19_09h29.17.054,WP1_3,2025.2.3,Linux x86_64,60.24096386,58b7d3b5f6546e0001ed7233,68dce618a723bff3d9c89c16,,,,,,,,,,,,,,,,,,,,,,,,,,,,,,,,,,,,,,,,,358.4751,360.2905,,,,10,360.2946,361.4765,,,"[""right"",""right"",""right"",""space""]","[0.32049999999998136,0.5034999999999741,0.7044999999999959,1.0266999999992663]","[null,null,null,null]",8,361.4827,363.2747,space,1.6375,,50,Celebrities_Faces/050_rating.jpg,Millie Bobby Brown,2,Millie Bobby Brown,2,TRUE,TRUE,37,0,42,42,49,1,50,Celebrities_Faces/050_rating.jpg,Taylor Swift,Cameron Diaz,Millie Bobby Brown,Michelle Obama,Millie Bobby Brown,,,,,,,,,,,,,,,,,,,,,,,,,,,,,,,,,,,,,,,,,,,,,,,,,,,,,,,,,,,,,,,,,,,
,,,,,696df947894efc8bc40998ab,2026-01-19_09h29.17.054,WP1_3,2025.2.3,Linux x86_64,60.24096386,58b7d3b5f6546e0001ed7233,68dce618a723bff3d9c89c16,,,,,,,,,,,,,,,,,,,,,,,,,,,,,,,,,,,,,,,,,363.2776,365.3097,,,,10,365.3114,366.0938,,,"[""right"",""space""]","[0.22710000000148511,0.5979000000022552]","[null,null]",6,366.0995,367.4774,space,1.1962,,35,Celebrities_Faces/035_rating.jpg,Lindsay Lohan,3,Lindsay Lohan,3,TRUE,TRUE,38,0,43,43,34,1,35,Celebrities_Faces/035_rating.jpg,Anya Taylor-Joy,Millie Bobby Brown,Keira Knightley,Lindsay Lohan,Lindsay Lohan,,,,,,,,,,,,,,,,,,,,,,,,,,,,,,,,,,,,,,,,,,,,,,,,,,,,,,,,,,,,,,,,,,,
,,,,,696df947894efc8bc40998ab,2026-01-19_09h29.17.054,WP1_3,2025.2.3,Linux x86_64,60.24096386,58b7d3b5f6546e0001ed7233,68dce618a723bff3d9c89c16,,,,,,,,,,,,,,,,,,,,,,,,,,,,,,,,,,,,,,,,,367.4826,369.1938,,,,10,369.1961,370.3612,,,"[""left"",""left"",""space""]","[0.5456999999992718,0.7170999999977425,0.9982999999970161]","[null,null,null]",3,370.3664,372.0451,space,1.4983,,30,Celebrities_Faces/030_rating.jpg,Tom Cruise,0,Tom Cruise,0,TRUE,TRUE,39,0,44,44,29,1,30,Celebrities_Faces/030_rating.jpg,Tom Cruise,Lionel Messi,Chris Evans,Bruce Willis,Tom Cruise,,,,,,,,,,,,,,,,,,,,,,,,,,,,,,,,,,,,,,,,,,,,,,,,,,,,,,,,,,,,,,,,,,,
,,,,,696df947894efc8bc40998ab,2026-01-19_09h29.17.054,WP1_3,2025.2.3,Linux x86_64,60.24096386,58b7d3b5f6546e0001ed7233,68dce618a723bff3d9c89c16,,,,,,,,,,,,,,,,,,,,,,,,,,,,,,,,,,,,,,,,,372.0475,374.2961,,,,10,374.2981,375.7137,,,"[""right"",""right"",""space""]","[0.7543000000007396,0.9604000000022097,1.3407000000029825]","[null,null,null]",7,375.7195,377.2643,space,1.4647,,31,Celebrities_Faces/031_rating.jpg,Sandra Bullock,3,Sandra Bullock,3,TRUE,TRUE,40,0,45,45,30,1,31,Celebrities_Faces/031_rating.jpg,Michelle Obama,Emma Watson,Halle Berry,Sandra Bullock,Sandra Bullock,,,,,,,,,,,,,,,,,,,,,,,,,,,,,,,,,,,,,,,,,,,,,,,,,,,,,,,,,,,,,,,,,,,
,,,,,696df947894efc8bc40998ab,2026-01-19_09h29.17.054,WP1_3,2025.2.3,Linux x86_64,60.24096386,58b7d3b5f6546e0001ed7233,68dce618a723bff3d9c89c16,,,,,,,,,,,,,,,,,,,,,,,,,,,,,,,,,,,,,,,,,377.2686,381.1825,,,,8,381.1844,383.2372,,,"[""right"",""right"",""left"",""left"",""space""]","[0.5468999999985158,0.8321000000015033,1.2848000000007573,1.4658000000007405,1.9218000000007578]","[null,null,null,null,null]",5,383.2427,384.8844,space,1.4969,,60,Celebrities_Faces/060_rating.jpg,Anya Taylor-Joy,1,Anya Taylor-Joy,1,TRUE,TRUE,41,0,46,46,59,1,60,Celebrities_Faces/060_rating.jpg,Emma Stone,Anya Taylor-Joy,Michelle Obama,Halle Berry,Anya Taylor-Joy,,,,,,,,,,,,,,,,,,,,,,,,,,,,,,,,,,,,,,,,,,,,,,,,,,,,,,,,,,,,,,,,,,,
,,,,,696df947894efc8bc40998ab,2026-01-19_09h29.17.054,WP1_3,2025.2.3,Linux x86_64,60.24096386,58b7d3b5f6546e0001ed7233,68dce618a723bff3d9c89c16,,,,,,,,,,,,,,,,,,,,,,,,,,,,,,,,,,,,,,,,,384.887,386.6522,,,,10,386.6542,387.5695,,,"[""right"",""right"",""space""]","[0.2426000000015165,0.46100000000001273,0.8243000000007328]","[null,null,null]",7,387.5753,389.3698,space,1.7224,,39,Celebrities_Faces/039_rating.jpg,Scarlett Johansson,1,Scarlett Johansson,1,TRUE,TRUE,42,0,47,47,38,1,39,Celebrities_Faces/039_rating.jpg,Simone Biles,Scarlett Johansson,Gal Gadot,Hillary Clinton,Scarlett Johansson,,,,,,,,,,,,,,,,,,,,,,,,,,,,,,,,,,,,,,,,,,,,,,,,,,,,,,,,,,,,,,,,,,,
,,,,,696df947894efc8bc40998ab,2026-01-19_09h29.17.054,WP1_3,2025.2.3,Linux x86_64,60.24096386,58b7d3b5f6546e0001ed7233,68dce618a723bff3d9c89c16,,,,,,,,,,,,,,,,,,,,,,,,,,,,,,,,,,,,,,,,,389.3722,391.44,,,,10,391.4422,395.8728,,,"[""right"",""space""]","[3.229600000001483,4.3133999999985235]","[null,null]",6,395.8781,397.2918,space,1.3008,,28,Celebrities_Faces/028_rating.jpg,Dwayne Johnson,0,Dwayne Johnson,0,TRUE,TRUE,43,0,48,48,27,1,28,Celebrities_Faces/028_rating.jpg,Dwayne Johnson,Ryan Reynolds,Bradley Cooper,Lionel Messi,Dwayne Johnson,,,,,,,,,,,,,,,,,,,,,,,,,,,,,,,,,,,,,,,,,,,,,,,,,,,,,,,,,,,,,,,,,,,
,,,,,696df947894efc8bc40998ab,2026-01-19_09h29.17.054,WP1_3,2025.2.3,Linux x86_64,60.24096386,58b7d3b5f6546e0001ed7233,68dce618a723bff3d9c89c16,,,,,,,,,,,,,,,,,,,,,,,,,,,,,,,,,,,,,,,,,397.297,398.958,,,,10,398.9603,400.2912,,,"[""right"",""left"",""left"",""space""]","[0.35300000000000864,0.8003000000007319,0.9724000000022102,1.266999999999996]","[null,null,null,null]",4,400.2975,402.259,space,1.8931,,58,Celebrities_Faces/058_rating.jpg,Nicole Kidman,2,Nicole Kidman,2,TRUE,TRUE,44,0,49,49,57,1,58,Celebrities_Faces/058_rating.jpg,Millie Bobby Brown,Greta Thunberg,Nicole Kidman,Julia Roberts,Nicole Kidman,,,,,,,,,,,,,,,,,,,,,,,,,,,,,,,,,,,,,,,,,,,,,,,,,,,,,,,,,,,,,,,,,,,
,,,,,696df947894efc8bc40998ab,2026-01-19_09h29.17.054,WP1_3,2025.2.3,Linux x86_64,60.24096386,58b7d3b5f6546e0001ed7233,68dce618a723bff3d9c89c16,,,,,,,,,,,,,,,,,,,,,,,,,,,,,,,,,,,,,,,,,402.2614,405.5269,,,,4,405.5288,408.6128,,,"[""space""]",[2.9470000000000027],[null],5,408.6182,410.4961,space,1.7465,,57,Celebrities_Faces/057_rating.jpg,Serena Williams,2,Serena Williams,2,TRUE,FALSE,44,0,50,50,56,1,57,Celebrities_Faces/057_rating.jpg,Olivia Rodrigo,Charlize Theron,Serena Williams,Greta Thunberg,Serena Williams,,,,,,,,,,,,,,,,,,,,,,,,,,,,,,,,,,,,,,,,,,,,,,,,,,,,,,,,,,,,,,,,,,,
,,,,,696df947894efc8bc40998ab,2026-01-19_09h29.17.054,WP1_3,2025.2.3,Linux x86_64,60.24096386,58b7d3b5f6546e0001ed7233,68dce618a723bff3d9c89c16,,,,,,,,,,,,,,,,,,,,,,,,,,,,,,,,,,,,,,,,,410.4989,413.1162,,,,3,413.1185,414.6313,,,"[""left"",""right"",""space""]","[0.6845999999977721,1.1181999999992627,1.4195000000000277]","[null,null,null]",5,414.6367,417.7,space,2.9858,,13,Celebrities_Faces/013_rating.jpg,Denzel Washighton,0,Denzel Washighton,0,TRUE,FALSE,44,0,51,51,12,1,13,Celebrities_Faces/013_rating.jpg,Denzel Washighton,Chris Hemsworth,Matt Damon,George W.Bush,Denzel Washighton,,,,,,,,,,,,,,,,,,,,,,,,,,,,,,,,,,,,,,,,,,,,,,,,,,,,,,,,,,,,,,,,,,,
,,,,,696df947894efc8bc40998ab,2026-01-19_09h29.17.054,WP1_3,2025.2.3,Linux x86_64,60.24096386,58b7d3b5f6546e0001ed7233,68dce618a723bff3d9c89c16,,,,,,,,,,,,,,,,,,,,,,,,,,,,,,,,,,,,,,,,,417.7033,419.95,,,,10,419.952,420.985,,,"[""right"",""right"",""space""]","[0.25,0.48760000000152104,0.8340000000000032]","[null,null,null]",7,420.9911,422.6515,space,1.4634,,48,Celebrities_Faces/048_rating.jpg,Jennifer Lawrence,0,Jennifer Lawrence,0,TRUE,TRUE,45,0,52,52,47,1,48,Celebrities_Faces/048_rating.jpg,Jennifer Lawrence,Lady Gaga,Anne Hathaway,Emma Stone,Jennifer Lawrence,,,,,,,,,,,,,,,,,,,,,,,,,,,,,,,,,,,,,,,,,,,,,,,,,,,,,,,,,,,,,,,,,,,
,,,,,696df947894efc8bc40998ab,2026-01-19_09h29.17.054,WP1_3,2025.2.3,Linux x86_64,60.24096386,58b7d3b5f6546e0001ed7233,68dce618a723bff3d9c89c16,,,,,,,,,,,,,,,,,,,,,,,,,,,,,,,,,,,,,,,,,422.6538,424.6189,,,,10,424.6207,425.4526,,,"[""right"",""space""]","[0.26619999999928723,0.6125999999977694]","[null,null]",6,425.4585,427.137,space,1.4723,,32,Celebrities_Faces/032_rating.jpg,Anne Hathaway,1,Anne Hathaway,1,TRUE,TRUE,46,0,53,53,31,1,32,Celebrities_Faces/032_rating.jpg,Charlize Theron,Anne Hathaway,Gal Gadot,Millie Bobby Brown,Anne Hathaway,,,,,,,,,,,,,,,,,,,,,,,,,,,,,,,,,,,,,,,,,,,,,,,,,,,,,,,,,,,,,,,,,,,
,,,,,696df947894efc8bc40998ab,2026-01-19_09h29.17.054,WP1_3,2025.2.3,Linux x86_64,60.24096386,58b7d3b5f6546e0001ed7233,68dce618a723bff3d9c89c16,,,,,,,,,,,,,,,,,,,,,,,,,,,,,,,,,,,,,,,,,427.1394,429.1042,,,,10,429.1061,436.5078,,,"[""right"",""left"",""left"",""space""]","[5.419600000001481,6.636400000002254,6.852900000002251,7.218999999999994]","[null,null,null,null]",4,436.5128,437.7918,space,1.0872,,9,Celebrities_Faces/009_rating.jpg,Bradley Cooper,2,Bradley Cooper,2,TRUE,TRUE,47,0,54,54,8,1,9,Celebrities_Faces/009_rating.jpg,Chris Hemsworth,Tom Cruise,Bradley Cooper,Lebron James,Bradley Cooper,,,,,,,,,,,,,,,,,,,,,,,,,,,,,,,,,,,,,,,,,,,,,,,,,,,,,,,,,,,,,,,,,,,
,,,,,696df947894efc8bc40998ab,2026-01-19_09h29.17.054,WP1_3,2025.2.3,Linux x86_64,60.24096386,58b7d3b5f6546e0001ed7233,68dce618a723bff3d9c89c16,,,,,,,,,,,,,,,,,,,,,,,,,,,,,,,,,,,,,,,,,437.7942,439.3255,,,,10,439.3273,440.7098,,,"[""right"",""space""]","[0.3173999999985426,1.3330999999977848]","[null,null]",6,440.7155,441.827,space,1.0623,,20,Celebrities_Faces/020_rating.jpg,Matt Damon,1,Matt Damon,1,TRUE,TRUE,48,0,55,55,19,1,20,Celebrities_Faces/020_rating.jpg,Tom Cruise,Matt Damon,Chris Evans,Brad Pitt,Matt Damon,,,,,,,,,,,,,,,,,,,,,,,,,,,,,,,,,,,,,,,,,,,,,,,,,,,,,,,,,,,,,,,,,,,
,,,,,696df947894efc8bc40998ab,2026-01-19_09h29.17.054,WP1_3,2025.2.3,Linux x86_64,60.24096386,58b7d3b5f6546e0001ed7233,68dce618a723bff3d9c89c16,,,,,,,,,,,,,,,,,,,,,,,,,,,,,,,,,,,,,,,,,441.8296,444.428,,,,10,444.4297,445.6622,,,"[""right"",""right"",""space""]","[0.6429000000022143,0.825300000000766,1.1266000000014742]","[null,null,null]",7,445.6681,446.9463,space,1.1748,,46,Celebrities_Faces/046_rating.jpg,Emma Stone,1,Emma Stone,1,TRUE,TRUE,49,0,56,56,45,1,46,Celebrities_Faces/046_rating.jpg,Halle Berry,Emma Stone,Emma Watson,Taylor Swift,Emma Stone,,,,,,,,,,,,,,,,,,,,,,,,,,,,,,,,,,,,,,,,,,,,,,,,,,,,,,,,,,,,,,,,,,,
,,,,,696df947894efc8bc40998ab,2026-01-19_09h29.17.054,WP1_3,2025.2.3,Linux x86_64,60.24096386,58b7d3b5f6546e0001ed7233,68dce618a723bff3d9c89c16,,,,,,,,,,,,,,,,,,,,,,,,,,,,,,,,,,,,,,,,,446.9503,448.8635,,,,10,448.8655,450.0806,,,"[""right"",""right"",""space""]","[0.5183000000007496,0.7224000000022102,1.1206999999992604]","[null,null,null]",7,450.0857,451.5984,space,1.4116,,27,Celebrities_Faces/027_rating.jpg,Keanu Reeves,0,Keanu Reeves,0,TRUE,TRUE,50,0,57,57,26,1,27,Celebrities_Faces/027_rating.jpg,Keanu Reeves,Dwayne Johnson,Bradley Cooper,Daniel Radcliffe,Keanu Reeves,,,,,,,,,,,,,,,,,,,,,,,,,,,,,,,,,,,,,,,,,,,,,,,,,,,,,,,,,,,,,,,,,,,
,,,,,696df947894efc8bc40998ab,2026-01-19_09h29.17.054,WP1_3,2025.2.3,Linux x86_64,60.24096386,58b7d3b5f6546e0001ed7233,68dce618a723bff3d9c89c16,,,,,,,,,,,,,,,,,,,,,,,,,,,,,,,,,,,,,,,,,451.6009,453.4152,,,,10,453.417,455.8664,,,"[""right"",""right"",""right"",""left"",""space""]","[0.3815000000000168,0.5836999999992827,0.7660000000000196,2.121500000000026,2.401300000000731]","[null,null,null,null,null]",7,455.8721,457.5678,space,1.64,,52,Celebrities_Faces/052_rating.jpg,Emma Watson,3,Emma Watson,3,TRUE,TRUE,51,0,58,58,51,1,52,Celebrities_Faces/052_rating.jpg,Anne Hathaway,Natalie Portman,Hillary Clinton,Emma Watson,Emma Watson,,,,,,,,,,,,,,,,,,,,,,,,,,,,,,,,,,,,,,,,,,,,,,,,,,,,,,,,,,,,,,,,,,,
,,,,,696df947894efc8bc40998ab,2026-01-19_09h29.17.054,WP1_3,2025.2.3,Linux x86_64,60.24096386,58b7d3b5f6546e0001ed7233,68dce618a723bff3d9c89c16,,,,,,,,,,,,,,,,,,,,,,,,,,,,,,,,,,,,,,,,,457.5711,459.1511,,,,10,459.1529,459.8848,,,"[""space""]",[0.6834000000022229],[null],5,459.8903,460.9366,space,0.9934,,14,Celebrities_Faces/014_rating.jpg,Daniel Craig,2,Daniel Craig,2,TRUE,TRUE,52,0,59,59,13,1,14,Celebrities_Faces/014_rating.jpg,Robert De Niro,Ryan Reynolds,Daniel Craig,Chris Hemsworth,Daniel Craig,,,,,,,,,,,,,,,,,,,,,,,,,,,,,,,,,,,,,,,,,,,,,,,,,,,,,,,,,,,,,,,,,,,
,,,,,696df947894efc8bc40998ab,2026-01-19_09h29.17.054,WP1_3,2025.2.3,Linux x86_64,60.24096386,58b7d3b5f6546e0001ed7233,68dce618a723bff3d9c89c16,,,,,,,,,,,,,,,,,,,,,,,,,,,,,,,,,,,,,,,,,,,,,,,,,,,,,,,,,,,,,,,,,,,,,,,,,,,,,,,,,top_30_qualified_by_familiarity,30,"6,37,19,12,11,10,18,38,59,56,41,26,34,45,42,51,17,2,53,29,21,44,54,7,15,16,4,55,24,23",460.9423,480.9286,,,,,,,,,,,,,,,,,,,,,,,,,,,,,,,,,,,,,,,,,,,,,,,,,,,,,,,,,,,,,,
,,,,,696df947894efc8bc40998ab,2026-01-19_09h29.17.054,WP1_3,2025.2.3,Linux x86_64,60.24096386,58b7d3b5f6546e0001ed7233,68dce618a723bff3d9c89c16,,,,,,,,,,,,,,,,,,,,,,,,,,,,,,,,,,,,,,,,,,,,,,,,,,,,,,,,,,,,,,,,,,,,,,,,,,,,,,,,,,,,,,480.9339,480.9346,,,,,,,,,,,,,,,,,,,,,,,,,,,,,,,,,,,,,,,,,,,,,,,,,,,,,,,,,,,,
,,,,,696df947894efc8bc40998ab,2026-01-19_09h29.17.054,WP1_3,2025.2.3,Linux x86_64,60.24096386,58b7d3b5f6546e0001ed7233,68dce618a723bff3d9c89c16,,,,,,,,,,,,,,,,,,,,,,,,,,,,,,,,,,,,,,,,,,,,,,,,,,,,,,,,,,,,,,,,,,,,,,,,,,,,,,,,,,,,,,,,480.935,501.4381,space,20.4595,,,,,,,,,,,,,,,,,,,,,,,,,,,,,,,,,,,,,,,,,,,,,,,,,,,,,,,,
,,,,,696df947894efc8bc40998ab,2026-01-19_09h29.17.054,WP1_3,2025.2.3,Linux x86_64,60.24096386,58b7d3b5f6546e0001ed7233,68dce618a723bff3d9c89c16,,,,,,,,,,,,,,,,,,,,,,,,,,,,,,,,,,,,,,,,,,,,,,,,,,,,,,,,,,,,,,,,,,,,,,,,,,,,,,,,,,,,,,,,,,,,,501.4385,507.5907,space,6.1146,,,,,,,,,,,,,,,,,,,,,,,,,,,,,,,,,,,,,,,,,,,,,,,,,,,
,,,,,696df947894efc8bc40998ab,2026-01-19_09h29.17.054,WP1_3,2025.2.3,Linux x86_64,60.24096386,58b7d3b5f6546e0001ed7233,68dce618a723bff3d9c89c16,,,,,,,,,,,,,,,,,,,,,,,,,,,,,,,,,,,,,,,,,,,,,,,,,,,,,,,,,,,,60,,,,,,,,,,,,,,,,,,,,,,,,,,,,,,,,,,,,,,2.061204412,507.5973,509.6605,509.6634,511.7758,[],[],,TRUE,1,FALSE,,TRUE,,0,0,0,0,1,,,,,,,,,,,,,,,,,,,,,,,,,,,,,,,
,,,,,696df947894efc8bc40998ab,2026-01-19_09h29.17.054,WP1_3,2025.2.3,Linux x86_64,60.24096386,58b7d3b5f6546e0001ed7233,68dce618a723bff3d9c89c16,,,,,,,,,,,,,,,,,,,,,,,,,,,,,,,,,,,,,,,,,,,,,,,,,,,,,,,,,,,,94,,,,,,,,,,,,,,,,,,,,,,,,,,,,,,,,,,,,,,1.94405811,511.7773,513.7092,513.7107,514.6598,p,0.8111,,TRUE,2,FALSE,,FALSE,,1,0,1,0,1,,,,,,,,,,,,,,,,,,,,,,,,,,,,,,,
,,,,,696df947894efc8bc40998ab,2026-01-19_09h29.17.054,WP1_3,2025.2.3,Linux x86_64,60.24096386,58b7d3b5f6546e0001ed7233,68dce618a723bff3d9c89c16,,,,,,,,,,,,,,,,,,,,,,,,,,,,,,,,,,,,,,,,,,,,,,,,,,,,,,,,,,,,16,,,,,,,,,,,,,,,,,,,,,,,,,,,,,,,,,,,,,,1.958620852,514.6609,516.6104,516.6125,518.7284,[],[],,TRUE,3,FALSE,,TRUE,,2,0,2,0,1,,,,,,,,,,,,,,,,,,,,,,,,,,,,,,,
,,,,,696df947894efc8bc40998ab,2026-01-19_09h29.17.054,WP1_3,2025.2.3,Linux x86_64,60.24096386,58b7d3b5f6546e0001ed7233,68dce618a723bff3d9c89c16,,,,,,,,,,,,,,,,,,,,,,,,,,,,,,,,,,,,,,,,,,,,,,,,,,,,,,,,,,,,73,,,,,,,,,,,,,,,,,,,,,,,,,,,,,,,,,,,,,,1.958257609,518.7292,520.6791,520.6807,521.5298,p,0.7095,,TRUE,4,FALSE,,FALSE,,3,0,3,0,1,,,,,,,,,,,,,,,,,,,,,,,,,,,,,,,
,,,,,696df947894efc8bc40998ab,2026-01-19_09h29.17.054,WP1_3,2025.2.3,Linux x86_64,60.24096386,58b7d3b5f6546e0001ed7233,68dce618a723bff3d9c89c16,,,,,,,,,,,,,,,,,,,,,,,,,,,,,,,,,,,,,,,,,,,,,,,,,,,,,,,,,,,,25,,,,,,,,,,,,,,,,,,,,,,,,,,,,,,,,,,,,,,2.090319704,521.5306,523.6142,523.6171,524.3989,q,0.6504,,TRUE,5,TRUE,,FALSE,,4,0,4,0,1,,,,,,,,,,,,,,,,,,,,,,,,,,,,,,,
,,,,,696df947894efc8bc40998ab,2026-01-19_09h29.17.054,WP1_3,2025.2.3,Linux x86_64,60.24096386,58b7d3b5f6546e0001ed7233,68dce618a723bff3d9c89c16,,,,,,,,,,,,,,,,,,,,,,,,,,,,,,,,,,,,,,,,,,,,,,,,,,,,,,,,,,,,,,,,,,,,,,,,,,,,,,,,,,,,,,,,,,,,,,,,,,,,,,,,,,,,,,,,,,,,,524.4004,564.1334,space,39.7009,,,,,,,,,,,,,,,,,,,,,,,,,,,
,,,,,696df947894efc8bc40998ab,2026-01-19_09h29.17.054,WP1_3,2025.2.3,Linux x86_64,60.24096386,58b7d3b5f6546e0001ed7233,68dce618a723bff3d9c89c16,,,,,,,,,,,,,,,,,,,,,,,,,,,,,,,,,,,,,,,,,,,,,,,,,,,,,,,,,,,,25,stim_fam/025_rgray_250.png,,,,,,,,,,,,,,,,,,,,,,,,,,,,,,,,,,,,,2.200957455,564.1424,566.3331,,,,,,,,FALSE,,FALSE,,,,,,,,,,,,566.3364,566.9844,p,0.5152,,1,55,1,1,250,novel,,,FALSE,566.9858,566.9883,566.9887,566.9917,,0,0,0,0,1,,
,,,,,696df947894efc8bc40998ab,2026-01-19_09h29.17.054,WP1_3,2025.2.3,Linux x86_64,60.24096386,58b7d3b5f6546e0001ed7233,68dce618a723bff3d9c89c16,,,,,,,,,,,,,,,,,,,,,,,,,,,,,,,,,,,,,,,,,,,,,,,,,,,,,,,,,,,,42,Celebrities_Faces/042_02_greyscale_250.png,,,,,,,,,,,,,,,,,,,,,,,,,,,,,,,,,,,,,1.932455336,566.9926,568.9179,,,,,,,,TRUE,,FALSE,,,,,,,,,,,,568.9194,569.5514,p,0.5018,,2,15,1,1,2,familiar,,,FALSE,569.5519,569.552,569.5521,569.5523,,1,0,1,0,1,,
,,,,,696df947894efc8bc40998ab,2026-01-19_09h29.17.054,WP1_3,2025.2.3,Linux x86_64,60.24096386,58b7d3b5f6546e0001ed7233,68dce618a723bff3d9c89c16,,,,,,,,,,,,,,,,,,,,,,,,,,,,,,,,,,,,,,,,,,,,,,,,,,,,,,,,,,,,89,stim_fam/089_rgray_250.png,,,,,,,,,,,,,,,,,,,,,,,,,,,,,,,,,,,,,2.028625411,569.5529,571.5854,,,,,,,,FALSE,,FALSE,,,,,,,,,,,,571.5871,572.3026,p,0.5864,,3,44,1,1,250,novel,,,FALSE,572.303,572.3032,572.3033,572.3036,,2,0,2,0,1,,
,,,,,696df947894efc8bc40998ab,2026-01-19_09h29.17.054,WP1_3,2025.2.3,Linux x86_64,60.24096386,58b7d3b5f6546e0001ed7233,68dce618a723bff3d9c89c16,,,,,,,,,,,,,,,,,,,,,,,,,,,,,,,,,,,,,,,,,,,,,,,,,,,,,,,,,,,,10,Celebrities_Faces/010_01_greyscale_250.png,,,,,,,,,,,,,,,,,,,,,,,,,,,,,,,,,,,,,2.001829077,572.3042,574.3039,,,,,,,,TRUE,,FALSE,,,,,,,,,,,,574.3073,574.9715,p,0.5284,,4,6,1,1,1,familiar,,,FALSE,574.9719,574.9721,574.9731,574.9734,,3,0,3,0,1,,
,,,,,696df947894efc8bc40998ab,2026-01-19_09h29.17.054,WP1_3,2025.2.3,Linux x86_64,60.24096386,58b7d3b5f6546e0001ed7233,68dce618a723bff3d9c89c16,,,,,,,,,,,,,,,,,,,,,,,,,,,,,,,,,,,,,,,,,,,,,,,,,,,,,,,,,,,,2,stim_fam/002_rgray_250.png,,,,,,,,,,,,,,,,,,,,,,,,,,,,,,,,,,,,,2.176004131,574.9742,577.1383,,,,,,,,FALSE,,FALSE,,,,,,,,,,,,577.1397,577.855,p,0.5786,,5,49,1,1,250,novel,,,FALSE,577.8556,577.8556,577.8558,577.8559,,4,0,4,0,1,,
,,,,,696df947894efc8bc40998ab,2026-01-19_09h29.17.054,WP1_3,2025.2.3,Linux x86_64,60.24096386,58b7d3b5f6546e0001ed7233,68dce618a723bff3d9c89c16,,,,,,,,,,,,,,,,,,,,,,,,,,,,,,,,,,,,,,,,,,,,,,,,,,,,,,,,,,,,19,stim_fam/019_rgray_250.png,,,,,,,,,,,,,,,,,,,,,,,,,,,,,,,,,,,,,1.825981914,577.8566,579.6723,,,,,,,,FALSE,,FALSE,,,,,,,,,,,,579.6739,580.4592,p,0.6466,,6,32,1,1,250,novel,,,FALSE,580.4595,580.4597,580.4598,580.4599,,5,0,5,0,1,,
,,,,,696df947894efc8bc40998ab,2026-01-19_09h29.17.054,WP1_3,2025.2.3,Linux x86_64,60.24096386,58b7d3b5f6546e0001ed7233,68dce618a723bff3d9c89c16,,,,,,,,,,,,,,,,,,,,,,,,,,,,,,,,,,,,,,,,,,,,,,,,,,,,,,,,,,,,53,Celebrities_Faces/053_01_greyscale_250.png,,,,,,,,,,,,,,,,,,,,,,,,,,,,,,,,,,,,,2.014821946,580.4607,582.4735,,,,,,,,TRUE,,FALSE,,,,,,,,,,,,582.4754,583.2742,q,0.6571,,7,19,1,1,1,familiar,,,FALSE,583.2747,583.2749,583.2749,583.2751,,6,0,6,0,1,,
,,,,,696df947894efc8bc40998ab,2026-01-19_09h29.17.054,WP1_3,2025.2.3,Linux x86_64,60.24096386,58b7d3b5f6546e0001ed7233,68dce618a723bff3d9c89c16,,,,,,,,,,,,,,,,,,,,,,,,,,,,,,,,,,,,,,,,,,,,,,,,,,,,,,,,,,,,11,Celebrities_Faces/011_03_greyscale_250.png,,,,,,,,,,,,,,,,,,,,,,,,,,,,,,,,,,,,,2.198305533,583.276,585.4751,,,,,,,,TRUE,,FALSE,,,,,,,,,,,,585.4768,586.4596,p,0.8411,,8,5,1,1,3,familiar,,,FALSE,586.4601,586.4608,586.4609,586.4611,,7,0,7,0,1,,
,,,,,696df947894efc8bc40998ab,2026-01-19_09h29.17.054,WP1_3,2025.2.3,Linux x86_64,60.24096386,58b7d3b5f6546e0001ed7233,68dce618a723bff3d9c89c16,,,,,,,,,,,,,,,,,,,,,,,,,,,,,,,,,,,,,,,,,,,,,,,,,,,,,,,,,,,,38,stim_fam/038_rgray_250.png,,,,,,,,,,,,,,,,,,,,,,,,,,,,,,,,,,,,,2.401331644,586.4619,588.8598,,,,,,,,FALSE,,FALSE,,,,,,,,,,,,588.8613,589.7117,p,0.7147,,9,52,1,1,250,novel,,,FALSE,589.7123,589.7125,589.7126,589.7127,,8,0,8,0,1,,
,,,,,696df947894efc8bc40998ab,2026-01-19_09h29.17.054,WP1_3,2025.2.3,Linux x86_64,60.24096386,58b7d3b5f6546e0001ed7233,68dce618a723bff3d9c89c16,,,,,,,,,,,,,,,,,,,,,,,,,,,,,,,,,,,,,,,,,,,,,,,,,,,,,,,,,,,,95,stim_fam/095_rgray_250.png,,,,,,,,,,,,,,,,,,,,,,,,,,,,,,,,,,,,,1.77976788,589.7137,591.4949,,,,,,,,FALSE,,FALSE,,,,,,,,,,,,591.4969,592.3284,p,0.6922,,10,60,1,1,250,novel,,,FALSE,592.3288,592.329,592.329,592.3293,,9,0,9,0,1,,
,,,,,696df947894efc8bc40998ab,2026-01-19_09h29.17.054,WP1_3,2025.2.3,Linux x86_64,60.24096386,58b7d3b5f6546e0001ed7233,68dce618a723bff3d9c89c16,,,,,,,,,,,,,,,,,,,,,,,,,,,,,,,,,,,,,,,,,,,,,,,,,,,,,,,,,,,,51,stim_fam/051_rgray_250.png,,,,,,,,,,,,,,,,,,,,,,,,,,,,,,,,,,,,,2.396813305,592.33,594.7292,,,,,,,,FALSE,,FALSE,,,,,,,,,,,,594.731,595.4806,p,0.6169,,11,43,1,1,250,novel,,,FALSE,595.4811,595.4812,595.4813,595.4814,,10,0,10,0,1,,
,,,,,696df947894efc8bc40998ab,2026-01-19_09h29.17.054,WP1_3,2025.2.3,Linux x86_64,60.24096386,58b7d3b5f6546e0001ed7233,68dce618a723bff3d9c89c16,,,,,,,,,,,,,,,,,,,,,,,,,,,,,,,,,,,,,,,,,,,,,,,,,,,,,,,,,,,,26,Celebrities_Faces/026_01_greyscale_250.png,,,,,,,,,,,,,,,,,,,,,,,,,,,,,,,,,,,,,2.184353239,595.4825,597.6648,,,,,,,,TRUE,,FALSE,,,,,,,,,,,,597.6677,598.2816,q,0.4726,,12,12,1,1,1,familiar,,,FALSE,598.2819,598.2822,598.2822,598.2825,,11,0,11,0,1,,
,,,,,696df947894efc8bc40998ab,2026-01-19_09h29.17.054,WP1_3,2025.2.3,Linux x86_64,60.24096386,58b7d3b5f6546e0001ed7233,68dce618a723bff3d9c89c16,,,,,,,,,,,,,,,,,,,,,,,,,,,,,,,,,,,,,,,,,,,,,,,,,,,,,,,,,,,,12,Celebrities_Faces/012_01_greyscale_250.png,,,,,,,,,,,,,,,,,,,,,,,,,,,,,,,,,,,,,2.027248597,598.2833,600.2984,,,,,,,,TRUE,,FALSE,,,,,,,,,,,,600.3,601.1322,q,0.6931,,13,4,1,1,1,familiar,,,FALSE,601.1325,601.1327,601.1328,601.1331,,12,0,12,0,1,,
,,,,,696df947894efc8bc40998ab,2026-01-19_09h29.17.054,WP1_3,2025.2.3,Linux x86_64,60.24096386,58b7d3b5f6546e0001ed7233,68dce618a723bff3d9c89c16,,,,,,,,,,,,,,,,,,,,,,,,,,,,,,,,,,,,,,,,,,,,,,,,,,,,,,,,,,,,51,Celebrities_Faces/051_01_greyscale_250.png,,,,,,,,,,,,,,,,,,,,,,,,,,,,,,,,,,,,,2.132000986,601.1337,603.2664,,,,,,,,TRUE,,FALSE,,,,,,,,,,,,603.2683,604.1338,p,0.7139,,14,16,1,1,1,familiar,,,FALSE,604.1343,604.1345,604.1346,604.1347,,13,0,13,0,1,,
,,,,,696df947894efc8bc40998ab,2026-01-19_09h29.17.054,WP1_3,2025.2.3,Linux x86_64,60.24096386,58b7d3b5f6546e0001ed7233,68dce618a723bff3d9c89c16,,,,,,,,,,,,,,,,,,,,,,,,,,,,,,,,,,,,,,,,,,,,,,,,,,,,,,,,,,,,34,Celebrities_Faces/034_03_greyscale_250.png,,,,,,,,,,,,,,,,,,,,,,,,,,,,,,,,,,,,,2.068755831,604.1355,606.201,,,,,,,,TRUE,,FALSE,,,,,,,,,,,,606.2027,607.0683,q,0.7205,,15,13,1,1,3,familiar,,,FALSE,607.0686,607.0688,607.0689,607.0691,,14,0,14,0,1,,
,,,,,696df947894efc8bc40998ab,2026-01-19_09h29.17.054,WP1_3,2025.2.3,Linux x86_64,60.24096386,58b7d3b5f6546e0001ed7233,68dce618a723bff3d9c89c16,,,,,,,,,,,,,,,,,,,,,,,,,,,,,,,,,,,,,,,,,,,,,,,,,,,,,,,,,,,,93,stim_fam/093_rgray_250.png,,,,,,,,,,,,,,,,,,,,,,,,,,,,,,,,,,,,,2.166105939,607.0697,609.2358,,,,,,,,FALSE,,FALSE,,,,,,,,,,,,609.2373,610.3199,q,0.9388,,16,39,1,1,250,novel,,,FALSE,610.3206,610.3207,610.3207,610.3209,,15,0,15,0,1,,
,,,,,696df947894efc8bc40998ab,2026-01-19_09h29.17.054,WP1_3,2025.2.3,Linux x86_64,60.24096386,58b7d3b5f6546e0001ed7233,68dce618a723bff3d9c89c16,,,,,,,,,,,,,,,,,,,,,,,,,,,,,,,,,,,,,,,,,,,,,,,,,,,,,,,,,,,,23,Celebrities_Faces/023_02_greyscale_250.png,,,,,,,,,,,,,,,,,,,,,,,,,,,,,,,,,,,,,1.957468784,610.3217,612.2706,,,,,,,,TRUE,,FALSE,,,,,,,,,,,,612.2723,613.2389,q,0.817,,17,30,1,1,2,familiar,,,FALSE,613.2396,613.2398,613.2398,613.24,,16,0,16,0,1,,
,,,,,696df947894efc8bc40998ab,2026-01-19_09h29.17.054,WP1_3,2025.2.3,Linux x86_64,60.24096386,58b7d3b5f6546e0001ed7233,68dce618a723bff3d9c89c16,,,,,,,,,,,,,,,,,,,,,,,,,,,,,,,,,,,,,,,,,,,,,,,,,,,,,,,,,,,,30,stim_fam/030_rgray_250.png,,,,,,,,,,,,,,,,,,,,,,,,,,,,,,,,,,,,,1.715638865,613.2409,614.9556,,,,,,,,FALSE,,FALSE,,,,,,,,,,,,614.9579,616.007,q,0.9109,,18,35,1,1,250,novel,,,FALSE,616.0074,616.0077,616.0078,616.0079,,17,0,17,0,1,,
,,,,,696df947894efc8bc40998ab,2026-01-19_09h29.17.054,WP1_3,2025.2.3,Linux x86_64,60.24096386,58b7d3b5f6546e0001ed7233,68dce618a723bff3d9c89c16,,,,,,,,,,,,,,,,,,,,,,,,,,,,,,,,,,,,,,,,,,,,,,,,,,,,,,,,,,,,47,stim_fam/047_rgray_250.png,,,,,,,,,,,,,,,,,,,,,,,,,,,,,,,,,,,,,1.665269066,616.0086,617.6728,,,,,,,,FALSE,,FALSE,,,,,,,,,,,,617.6747,618.4743,p,0.6627,,19,51,1,1,250,novel,,,FALSE,618.4747,618.4748,618.4748,618.475,,18,0,18,0,1,,
,,,,,696df947894efc8bc40998ab,2026-01-19_09h29.17.054,WP1_3,2025.2.3,Linux x86_64,60.24096386,58b7d3b5f6546e0001ed7233,68dce618a723bff3d9c89c16,,,,,,,,,,,,,,,,,,,,,,,,,,,,,,,,,,,,,,,,,,,,,,,,,,,,,,,,,,,,4,Celebrities_Faces/004_03_greyscale_250.png,,,,,,,,,,,,,,,,,,,,,,,,,,,,,,,,,,,,,2.175792657,618.4756,620.6409,,,,,,,,TRUE,,FALSE,,,,,,,,,,,,620.6427,621.5913,q,0.8006,,20,27,1,1,3,familiar,,,FALSE,621.5917,621.5917,621.5917,621.5918,,19,0,19,0,1,,
,,,,,696df947894efc8bc40998ab,2026-01-19_09h29.17.054,WP1_3,2025.2.3,Linux x86_64,60.24096386,58b7d3b5f6546e0001ed7233,68dce618a723bff3d9c89c16,,,,,,,,,,,,,,,,,,,,,,,,,,,,,,,,,,,,,,,,,,,,,,,,,,,,,,,,,,,,59,Celebrities_Faces/059_01_greyscale_250.png,,,,,,,,,,,,,,,,,,,,,,,,,,,,,,,,,,,,,2.343231835,621.5923,623.9258,,,,,,,,TRUE,,FALSE,,,,,,,,,,,,623.9273,624.7282,q,0.6658,,21,9,1,1,1,familiar,,,FALSE,624.7288,624.729,624.7291,624.7292,,20,0,20,0,1,,
,,,,,696df947894efc8bc40998ab,2026-01-19_09h29.17.054,WP1_3,2025.2.3,Linux x86_64,60.24096386,58b7d3b5f6546e0001ed7233,68dce618a723bff3d9c89c16,,,,,,,,,,,,,,,,,,,,,,,,,,,,,,,,,,,,,,,,,,,,,,,,,,,,,,,,,,,,15,Celebrities_Faces/015_03_greyscale_250.png,,,,,,,,,,,,,,,,,,,,,,,,,,,,,,,,,,,,,2.330058298,624.7302,627.0608,,,,,,,,TRUE,,FALSE,,,,,,,,,,,,627.0631,628.1296,q,0.9314,,22,25,1,1,3,familiar,,,FALSE,628.1314,628.1315,628.1316,628.1319,,21,0,21,0,1,,
,,,,,696df947894efc8bc40998ab,2026-01-19_09h29.17.054,WP1_3,2025.2.3,Linux x86_64,60.24096386,58b7d3b5f6546e0001ed7233,68dce618a723bff3d9c89c16,,,,,,,,,,,,,,,,,,,,,,,,,,,,,,,,,,,,,,,,,,,,,,,,,,,,,,,,,,,,88,stim_fam/088_rgray_250.png,,,,,,,,,,,,,,,,,,,,,,,,,,,,,,,,,,,,,2.199748479,628.1328,630.3287,,,,,,,,FALSE,,FALSE,,,,,,,,,,,,630.3302,631.1293,p,0.655,,23,58,1,1,250,novel,,,FALSE,631.1297,631.1298,631.1299,631.13,,22,0,22,0,1,,
,,,,,696df947894efc8bc40998ab,2026-01-19_09h29.17.054,WP1_3,2025.2.3,Linux x86_64,60.24096386,58b7d3b5f6546e0001ed7233,68dce618a723bff3d9c89c16,,,,,,,,,,,,,,,,,,,,,,,,,,,,,,,,,,,,,,,,,,,,,,,,,,,,,,,,,,,,37,Celebrities_Faces/037_03_greyscale_250.png,,,,,,,,,,,,,,,,,,,,,,,,,,,,,,,,,,,,,1.765216487,631.1307,632.8965,,,,,,,,TRUE,,FALSE,,,,,,,,,,,,632.8984,633.9327,q,0.8893,,24,2,1,1,3,familiar,,,FALSE,633.9332,633.9334,633.9335,633.9336,,23,0,23,0,1,,
,,,,,696df947894efc8bc40998ab,2026-01-19_09h29.17.054,WP1_3,2025.2.3,Linux x86_64,60.24096386,58b7d3b5f6546e0001ed7233,68dce618a723bff3d9c89c16,,,,,,,,,,,,,,,,,,,,,,,,,,,,,,,,,,,,,,,,,,,,,,,,,,,,,,,,,,,,64,stim_fam/064_rgray_250.png,,,,,,,,,,,,,,,,,,,,,,,,,,,,,,,,,,,,,2.315281287,633.9345,636.248,,,,,,,,FALSE,,FALSE,,,,,,,,,,,,636.2496,637.2661,p,0.8759,,25,45,1,1,250,novel,,,FALSE,637.2668,637.2668,637.2669,637.2672,,24,0,24,0,1,,
,,,,,696df947894efc8bc40998ab,2026-01-19_09h29.17.054,WP1_3,2025.2.3,Linux x86_64,60.24096386,58b7d3b5f6546e0001ed7233,68dce618a723bff3d9c89c16,,,,,,,,,,,,,,,,,,,,,,,,,,,,,,,,,,,,,,,,,,,,,,,,,,,,,,,,,,,,16,Celebrities_Faces/016_02_greyscale_250.png,,,,,,,,,,,,,,,,,,,,,,,,,,,,,,,,,,,,,2.311327381,637.2681,639.5837,,,,,,,,TRUE,,FALSE,,,,,,,,,,,,639.5852,640.3337,p,0.6094,,26,26,1,1,2,familiar,,,FALSE,640.3341,640.3342,640.3342,640.3345,,25,0,25,0,1,,
,,,,,696df947894efc8bc40998ab,2026-01-19_09h29.17.054,WP1_3,2025.2.3,Linux x86_64,60.24096386,58b7d3b5f6546e0001ed7233,68dce618a723bff3d9c89c16,,,,,,,,,,,,,,,,,,,,,,,,,,,,,,,,,,,,,,,,,,,,,,,,,,,,,,,,,,,,44,stim_fam/044_rgray_250.png,,,,,,,,,,,,,,,,,,,,,,,,,,,,,,,,,,,,,2.267955405,640.3352,642.6009,,,,,,,,FALSE,,FALSE,,,,,,,,,,,,642.6025,643.4847,p,0.7442,,27,50,1,1,250,novel,,,FALSE,643.4851,643.4852,643.4852,643.4854,,26,0,26,0,1,,
,,,,,696df947894efc8bc40998ab,2026-01-19_09h29.17.054,WP1_3,2025.2.3,Linux x86_64,60.24096386,58b7d3b5f6546e0001ed7233,68dce618a723bff3d9c89c16,,,,,,,,,,,,,,,,,,,,,,,,,,,,,,,,,,,,,,,,,,,,,,,,,,,,,,,,,,,,29,Celebrities_Faces/029_03_greyscale_250.png,,,,,,,,,,,,,,,,,,,,,,,,,,,,,,,,,,,,,1.930124449,643.4861,645.4196,,,,,,,,TRUE,,FALSE,,,,,,,,,,,,645.4211,646.1875,p,0.6254,,28,20,1,1,3,familiar,,,FALSE,646.1884,646.1886,646.1886,646.1888,,27,0,27,0,1,,
,,,,,696df947894efc8bc40998ab,2026-01-19_09h29.17.054,WP1_3,2025.2.3,Linux x86_64,60.24096386,58b7d3b5f6546e0001ed7233,68dce618a723bff3d9c89c16,,,,,,,,,,,,,,,,,,,,,,,,,,,,,,,,,,,,,,,,,,,,,,,,,,,,,,,,,,,,7,Celebrities_Faces/007_01_greyscale_250.png,,,,,,,,,,,,,,,,,,,,,,,,,,,,,,,,,,,,,1.77139651,646.1898,647.9534,,,,,,,,TRUE,,FALSE,,,,,,,,,,,,647.9549,648.7219,p,0.6276,,29,24,1,1,1,familiar,,,FALSE,648.7224,648.7225,648.7225,648.7227,,28,0,28,0,1,,
,,,,,696df947894efc8bc40998ab,2026-01-19_09h29.17.054,WP1_3,2025.2.3,Linux x86_64,60.24096386,58b7d3b5f6546e0001ed7233,68dce618a723bff3d9c89c16,,,,,,,,,,,,,,,,,,,,,,,,,,,,,,,,,,,,,,,,,,,,,,,,,,,,,,,,,,,,18,stim_fam/018_rgray_250.png,,,,,,,,,,,,,,,,,,,,,,,,,,,,,,,,,,,,,2.069555966,648.7238,650.788,,,,,,,,FALSE,,FALSE,,,,,,,,,,,,650.791,651.6386,p,0.7061,,30,38,1,1,250,novel,,,FALSE,651.6392,651.6393,651.6393,651.6395,,29,0,29,0,1,,
,,,,,696df947894efc8bc40998ab,2026-01-19_09h29.17.054,WP1_3,2025.2.3,Linux x86_64,60.24096386,58b7d3b5f6546e0001ed7233,68dce618a723bff3d9c89c16,,,,,,,,,,,,,,,,,,,,,,,,,,,,,,,,,,,,,,,,,,,,,,,,,,,,,,,,,,,,53,stim_fam/053_rgray_250.png,,,,,,,,,,,,,,,,,,,,,,,,,,,,,,,,,,,,,2.052537364,651.6403,653.6893,,,,,,,,FALSE,,FALSE,,,,,,,,,,,,653.6908,654.4786,p,0.6513,,31,48,1,1,250,novel,,,FALSE,654.479,654.4791,654.4791,654.4792,,30,0,30,0,1,,
,,,,,696df947894efc8bc40998ab,2026-01-19_09h29.17.054,WP1_3,2025.2.3,Linux x86_64,60.24096386,58b7d3b5f6546e0001ed7233,68dce618a723bff3d9c89c16,,,,,,,,,,,,,,,,,,,,,,,,,,,,,,,,,,,,,,,,,,,,,,,,,,,,,,,,,,,,10,stim_fam/010_rgray_250.png,,,,,,,,,,,,,,,,,,,,,,,,,,,,,,,,,,,,,1.623080494,654.4798,656.1071,,,,,,,,FALSE,,FALSE,,,,,,,,,,,,656.1086,656.924,p,0.6866,,32,34,1,1,250,novel,,,FALSE,656.9247,656.9249,656.925,656.9251,,31,0,31,0,1,,
,,,,,696df947894efc8bc40998ab,2026-01-19_09h29.17.054,WP1_3,2025.2.3,Linux x86_64,60.24096386,58b7d3b5f6546e0001ed7233,68dce618a723bff3d9c89c16,,,,,,,,,,,,,,,,,,,,,,,,,,,,,,,,,,,,,,,,,,,,,,,,,,,,,,,,,,,,46,stim_fam/046_rgray_250.png,,,,,,,,,,,,,,,,,,,,,,,,,,,,,,,,,,,,,2.056510104,656.9258,658.9751,,,,,,,,FALSE,,FALSE,,,,,,,,,,,,658.9766,659.7759,p,0.6571,,33,40,1,1,250,novel,,,FALSE,659.7765,659.7767,659.7767,659.7768,,32,0,32,0,1,,
,,,,,696df947894efc8bc40998ab,2026-01-19_09h29.17.054,WP1_3,2025.2.3,Linux x86_64,60.24096386,58b7d3b5f6546e0001ed7233,68dce618a723bff3d9c89c16,,,,,,,,,,,,,,,,,,,,,,,,,,,,,,,,,,,,,,,,,,,,,,,,,,,,,,,,,,,,79,stim_fam/079_rgray_250.png,,,,,,,,,,,,,,,,,,,,,,,,,,,,,,,,,,,,,1.571499309,659.7779,661.3428,,,,,,,,FALSE,,FALSE,,,,,,,,,,,,661.3446,662.2766,p,0.7909,,34,59,1,1,250,novel,,,FALSE,662.2771,662.2772,662.2772,662.2774,,33,0,33,0,1,,
,,,,,696df947894efc8bc40998ab,2026-01-19_09h29.17.054,WP1_3,2025.2.3,Linux x86_64,60.24096386,58b7d3b5f6546e0001ed7233,68dce618a723bff3d9c89c16,,,,,,,,,,,,,,,,,,,,,,,,,,,,,,,,,,,,,,,,,,,,,,,,,,,,,,,,,,,,17,Celebrities_Faces/017_01_greyscale_250.png,,,,,,,,,,,,,,,,,,,,,,,,,,,,,,,,,,,,,2.106673565,662.2783,664.3779,,,,,,,,TRUE,,FALSE,,,,,,,,,,,,664.3798,665.3636,q,0.8458,,35,17,1,1,1,familiar,,,FALSE,665.3645,665.3647,665.3648,665.3652,,34,0,34,0,1,,
,,,,,696df947894efc8bc40998ab,2026-01-19_09h29.17.054,WP1_3,2025.2.3,Linux x86_64,60.24096386,58b7d3b5f6546e0001ed7233,68dce618a723bff3d9c89c16,,,,,,,,,,,,,,,,,,,,,,,,,,,,,,,,,,,,,,,,,,,,,,,,,,,,,,,,,,,,38,Celebrities_Faces/038_03_greyscale_250.png,,,,,,,,,,,,,,,,,,,,,,,,,,,,,,,,,,,,,2.036706686,665.3665,667.3954,,,,,,,,TRUE,,FALSE,,,,,,,,,,,,667.3969,668.4962,q,0.9696,,36,8,1,1,3,familiar,,,FALSE,668.4969,668.497,668.497,668.4971,,35,0,35,0,1,,
,,,,,696df947894efc8bc40998ab,2026-01-19_09h29.17.054,WP1_3,2025.2.3,Linux x86_64,60.24096386,58b7d3b5f6546e0001ed7233,68dce618a723bff3d9c89c16,,,,,,,,,,,,,,,,,,,,,,,,,,,,,,,,,,,,,,,,,,,,,,,,,,,,,,,,,,,,19,Celebrities_Faces/019_01_greyscale_250.png,,,,,,,,,,,,,,,,,,,,,,,,,,,,,,,,,,,,,2.156078662,668.4979,670.6469,,,,,,,,TRUE,,FALSE,,,,,,,,,,,,670.6487,671.6976,q,0.9002,,37,3,1,1,1,familiar,,,FALSE,671.6981,671.6983,671.6983,671.6985,,36,0,36,0,1,,
,,,,,696df947894efc8bc40998ab,2026-01-19_09h29.17.054,WP1_3,2025.2.3,Linux x86_64,60.24096386,58b7d3b5f6546e0001ed7233,68dce618a723bff3d9c89c16,,,,,,,,,,,,,,,,,,,,,,,,,,,,,,,,,,,,,,,,,,,,,,,,,,,,,,,,,,,,17,stim_fam/017_rgray_250.png,,,,,,,,,,,,,,,,,,,,,,,,,,,,,,,,,,,,,2.409776422,671.6991,674.0991,,,,,,,,FALSE,,FALSE,,,,,,,,,,,,674.1018,674.9506,p,0.7125,,38,42,1,1,250,novel,,,FALSE,674.9511,674.9512,674.9512,674.9513,,37,0,37,0,1,,
,,,,,696df947894efc8bc40998ab,2026-01-19_09h29.17.054,WP1_3,2025.2.3,Linux x86_64,60.24096386,58b7d3b5f6546e0001ed7233,68dce618a723bff3d9c89c16,,,,,,,,,,,,,,,,,,,,,,,,,,,,,,,,,,,,,,,,,,,,,,,,,,,,,,,,,,,,24,Celebrities_Faces/024_02_greyscale_250.png,,,,,,,,,,,,,,,,,,,,,,,,,,,,,,,,,,,,,2.085441572,674.952,677.0332,,,,,,,,TRUE,,FALSE,,,,,,,,,,,,677.0347,677.9184,q,0.7493,,39,29,1,1,2,familiar,,,FALSE,677.9195,677.9197,677.9197,677.9199,,38,0,38,0,1,,
,,,,,696df947894efc8bc40998ab,2026-01-19_09h29.17.054,WP1_3,2025.2.3,Linux x86_64,60.24096386,58b7d3b5f6546e0001ed7233,68dce618a723bff3d9c89c16,,,,,,,,,,,,,,,,,,,,,,,,,,,,,,,,,,,,,,,,,,,,,,,,,,,,,,,,,,,,2,Celebrities_Faces/002_02_greyscale_250.png,,,,,,,,,,,,,,,,,,,,,,,,,,,,,,,,,,,,,1.939278013,677.9209,679.8513,,,,,,,,TRUE,,FALSE,,,,,,,,,,,,679.8537,680.9017,q,0.9132,,40,18,1,1,2,familiar,,,FALSE,680.9021,680.9022,680.9022,680.9024,,39,0,39,0,1,,
,,,,,696df947894efc8bc40998ab,2026-01-19_09h29.17.054,WP1_3,2025.2.3,Linux x86_64,60.24096386,58b7d3b5f6546e0001ed7233,68dce618a723bff3d9c89c16,,,,,,,,,,,,,,,,,,,,,,,,,,,,,,,,,,,,,,,,,,,,,,,,,,,,,,,,,,,,45,Celebrities_Faces/045_02_greyscale_250.png,,,,,,,,,,,,,,,,,,,,,,,,,,,,,,,,,,,,,2.319188619,680.903,683.2195,,,,,,,,TRUE,,FALSE,,,,,,,,,,,,683.221,683.9374,q,0.576,,41,14,1,1,2,familiar,,,FALSE,683.9378,683.938,683.938,683.9382,,40,0,40,0,1,,
,,,,,696df947894efc8bc40998ab,2026-01-19_09h29.17.054,WP1_3,2025.2.3,Linux x86_64,60.24096386,58b7d3b5f6546e0001ed7233,68dce618a723bff3d9c89c16,,,,,,,,,,,,,,,,,,,,,,,,,,,,,,,,,,,,,,,,,,,,,,,,,,,,,,,,,,,,42,stim_fam/042_rgray_250.png,,,,,,,,,,,,,,,,,,,,,,,,,,,,,,,,,,,,,1.811350099,683.939,685.7538,,,,,,,,FALSE,,FALSE,,,,,,,,,,,,685.7552,686.7216,p,0.824,,42,46,1,1,250,novel,,,FALSE,686.7221,686.7222,686.7223,686.7224,,41,0,41,0,1,,
,,,,,696df947894efc8bc40998ab,2026-01-19_09h29.17.054,WP1_3,2025.2.3,Linux x86_64,60.24096386,58b7d3b5f6546e0001ed7233,68dce618a723bff3d9c89c16,,,,,,,,,,,,,,,,,,,,,,,,,,,,,,,,,,,,,,,,,,,,,,,,,,,,,,,,,,,,56,Celebrities_Faces/056_02_greyscale_250.png,,,,,,,,,,,,,,,,,,,,,,,,,,,,,,,,,,,,,1.524161767,686.7233,688.2383,,,,,,,,TRUE,,FALSE,,,,,,,,,,,,688.2399,688.9885,q,0.6038,,43,10,1,1,2,familiar,,,FALSE,688.9889,688.989,688.9891,688.9893,,42,0,42,0,1,,
,,,,,696df947894efc8bc40998ab,2026-01-19_09h29.17.054,WP1_3,2025.2.3,Linux x86_64,60.24096386,58b7d3b5f6546e0001ed7233,68dce618a723bff3d9c89c16,,,,,,,,,,,,,,,,,,,,,,,,,,,,,,,,,,,,,,,,,,,,,,,,,,,,,,,,,,,,78,stim_fam/078_rgray_250.png,,,,,,,,,,,,,,,,,,,,,,,,,,,,,,,,,,,,,1.76882506,688.9901,690.7562,,,,,,,,FALSE,,FALSE,,,,,,,,,,,,690.7576,691.7899,p,0.8931,,44,37,1,1,250,novel,,,FALSE,691.7903,691.7904,691.7904,691.7906,,43,0,43,0,1,,
,,,,,696df947894efc8bc40998ab,2026-01-19_09h29.17.054,WP1_3,2025.2.3,Linux x86_64,60.24096386,58b7d3b5f6546e0001ed7233,68dce618a723bff3d9c89c16,,,,,,,,,,,,,,,,,,,,,,,,,,,,,,,,,,,,,,,,,,,,,,,,,,,,,,,,,,,,54,Celebrities_Faces/054_03_greyscale_250.png,,,,,,,,,,,,,,,,,,,,,,,,,,,,,,,,,,,,,2.151108014,691.7911,693.9419,,,,,,,,TRUE,,FALSE,,,,,,,,,,,,693.944,694.7083,q,0.6158,,45,23,1,1,3,familiar,,,FALSE,694.7086,694.7089,694.7089,694.709,,44,0,44,0,1,,
,,,,,696df947894efc8bc40998ab,2026-01-19_09h29.17.054,WP1_3,2025.2.3,Linux x86_64,60.24096386,58b7d3b5f6546e0001ed7233,68dce618a723bff3d9c89c16,,,,,,,,,,,,,,,,,,,,,,,,,,,,,,,,,,,,,,,,,,,,,,,,,,,,,,,,,,,,32,stim_fam/032_rgray_250.png,,,,,,,,,,,,,,,,,,,,,,,,,,,,,,,,,,,,,2.47086705,694.7096,697.1756,,,,,,,,FALSE,,FALSE,,,,,,,,,,,,697.1771,697.9596,p,0.6437,,46,56,1,1,250,novel,,,FALSE,697.96,697.9601,697.9601,697.9604,,45,0,45,0,1,,
,,,,,696df947894efc8bc40998ab,2026-01-19_09h29.17.054,WP1_3,2025.2.3,Linux x86_64,60.24096386,58b7d3b5f6546e0001ed7233,68dce618a723bff3d9c89c16,,,,,,,,,,,,,,,,,,,,,,,,,,,,,,,,,,,,,,,,,,,,,,,,,,,,,,,,,,,,55,Celebrities_Faces/055_03_greyscale_250.png,,,,,,,,,,,,,,,,,,,,,,,,,,,,,,,,,,,,,1.871744633,697.9613,699.8269,,,,,,,,TRUE,,FALSE,,,,,,,,,,,,699.8284,700.6107,q,0.635,,47,28,1,1,3,familiar,,,FALSE,700.611,700.6112,700.6112,700.6113,,46,0,46,0,1,,
,,,,,696df947894efc8bc40998ab,2026-01-19_09h29.17.054,WP1_3,2025.2.3,Linux x86_64,60.24096386,58b7d3b5f6546e0001ed7233,68dce618a723bff3d9c89c16,,,,,,,,,,,,,,,,,,,,,,,,,,,,,,,,,,,,,,,,,,,,,,,,,,,,,,,,,,,,20,stim_fam/020_rgray_250.png,,,,,,,,,,,,,,,,,,,,,,,,,,,,,,,,,,,,,2.30079477,700.612,702.9118,,,,,,,,FALSE,,FALSE,,,,,,,,,,,,702.9135,703.6975,p,0.6505,,48,53,1,1,250,novel,,,FALSE,703.6978,703.6979,703.698,703.6981,,47,0,47,0,1,,
,,,,,696df947894efc8bc40998ab,2026-01-19_09h29.17.054,WP1_3,2025.2.3,Linux x86_64,60.24096386,58b7d3b5f6546e0001ed7233,68dce618a723bff3d9c89c16,,,,,,,,,,,,,,,,,,,,,,,,,,,,,,,,,,,,,,,,,,,,,,,,,,,,,,,,,,,,3,stim_fam/003_rgray_250.png,,,,,,,,,,,,,,,,,,,,,,,,,,,,,,,,,,,,,2.122539407,703.6988,705.8132,,,,,,,,FALSE,,FALSE,,,,,,,,,,,,705.8166,706.6302,p,0.6629,,49,57,1,1,250,novel,,,FALSE,706.6312,706.6314,706.6315,706.6316,,48,0,48,0,1,,
,,,,,696df947894efc8bc40998ab,2026-01-19_09h29.17.054,WP1_3,2025.2.3,Linux x86_64,60.24096386,58b7d3b5f6546e0001ed7233,68dce618a723bff3d9c89c16,,,,,,,,,,,,,,,,,,,,,,,,,,,,,,,,,,,,,,,,,,,,,,,,,,,,,,,,,,,,18,Celebrities_Faces/018_03_greyscale_250.png,,,,,,,,,,,,,,,,,,,,,,,,,,,,,,,,,,,,,2.373676843,706.6329,708.9976,,,,,,,,TRUE,,FALSE,,,,,,,,,,,,708.9993,709.6979,q,0.5612,,50,7,1,1,3,familiar,,,FALSE,709.6983,709.6984,709.6984,709.6987,,49,0,49,0,1,,
,,,,,696df947894efc8bc40998ab,2026-01-19_09h29.17.054,WP1_3,2025.2.3,Linux x86_64,60.24096386,58b7d3b5f6546e0001ed7233,68dce618a723bff3d9c89c16,,,,,,,,,,,,,,,,,,,,,,,,,,,,,,,,,,,,,,,,,,,,,,,,,,,,,,,,,,,,5,stim_fam/005_rgray_250.png,,,,,,,,,,,,,,,,,,,,,,,,,,,,,,,,,,,,,1.799727207,709.6997,711.4988,,,,,,,,FALSE,,FALSE,,,,,,,,,,,,711.5003,712.583,p,0.9436,,51,33,1,1,250,novel,,,FALSE,712.5835,712.5837,712.5839,712.584,,50,0,50,0,1,,
,,,,,696df947894efc8bc40998ab,2026-01-19_09h29.17.054,WP1_3,2025.2.3,Linux x86_64,60.24096386,58b7d3b5f6546e0001ed7233,68dce618a723bff3d9c89c16,,,,,,,,,,,,,,,,,,,,,,,,,,,,,,,,,,,,,,,,,,,,,,,,,,,,,,,,,,,,21,Celebrities_Faces/021_02_greyscale_250.png,,,,,,,,,,,,,,,,,,,,,,,,,,,,,,,,,,,,,2.434704838,712.5847,715.0171,,,,,,,,TRUE,,FALSE,,,,,,,,,,,,715.0198,715.8509,p,0.6881,,52,21,1,1,2,familiar,,,FALSE,715.8512,715.8514,715.8515,715.8516,,51,0,51,0,1,,
,,,,,696df947894efc8bc40998ab,2026-01-19_09h29.17.054,WP1_3,2025.2.3,Linux x86_64,60.24096386,58b7d3b5f6546e0001ed7233,68dce618a723bff3d9c89c16,,,,,,,,,,,,,,,,,,,,,,,,,,,,,,,,,,,,,,,,,,,,,,,,,,,,,,,,,,,,12,stim_fam/012_rgray_250.png,,,,,,,,,,,,,,,,,,,,,,,,,,,,,,,,,,,,,2.493335291,715.8522,718.3351,,,,,,,,FALSE,,FALSE,,,,,,,,,,,,718.3367,719.3194,p,0.838,,53,31,1,1,250,novel,,,FALSE,719.3199,719.32,719.32,719.3202,,52,0,52,0,1,,
,,,,,696df947894efc8bc40998ab,2026-01-19_09h29.17.054,WP1_3,2025.2.3,Linux x86_64,60.24096386,58b7d3b5f6546e0001ed7233,68dce618a723bff3d9c89c16,,,,,,,,,,,,,,,,,,,,,,,,,,,,,,,,,,,,,,,,,,,,,,,,,,,,,,,,,,,,69,stim_fam/069_rgray_250.png,,,,,,,,,,,,,,,,,,,,,,,,,,,,,,,,,,,,,2.175717442,719.321,721.4867,,,,,,,,FALSE,,FALSE,,,,,,,,,,,,721.4882,722.3053,p,0.6792,,54,54,1,1,250,novel,,,FALSE,722.3059,722.3061,722.3061,722.3063,,53,0,53,0,1,,
,,,,,696df947894efc8bc40998ab,2026-01-19_09h29.17.054,WP1_3,2025.2.3,Linux x86_64,60.24096386,58b7d3b5f6546e0001ed7233,68dce618a723bff3d9c89c16,,,,,,,,,,,,,,,,,,,,,,,,,,,,,,,,,,,,,,,,,,,,,,,,,,,,,,,,,,,,33,stim_fam/033_rgray_250.png,,,,,,,,,,,,,,,,,,,,,,,,,,,,,,,,,,,,,1.908621934,722.307,724.2046,,,,,,,,FALSE,,FALSE,,,,,,,,,,,,724.2058,725.0553,p,0.7153,,55,36,1,1,250,novel,,,FALSE,725.0557,725.0558,725.0559,725.056,,54,0,54,0,1,,
,,,,,696df947894efc8bc40998ab,2026-01-19_09h29.17.054,WP1_3,2025.2.3,Linux x86_64,60.24096386,58b7d3b5f6546e0001ed7233,68dce618a723bff3d9c89c16,,,,,,,,,,,,,,,,,,,,,,,,,,,,,,,,,,,,,,,,,,,,,,,,,,,,,,,,,,,,4,stim_fam/004_rgray_250.png,,,,,,,,,,,,,,,,,,,,,,,,,,,,,,,,,,,,,1.926065762,725.0568,726.9728,,,,,,,,FALSE,,FALSE,,,,,,,,,,,,726.9741,727.8748,p,0.7586,,56,47,1,1,250,novel,,,FALSE,727.8752,727.8753,727.8753,727.8756,,55,0,55,0,1,,
,,,,,696df947894efc8bc40998ab,2026-01-19_09h29.17.054,WP1_3,2025.2.3,Linux x86_64,60.24096386,58b7d3b5f6546e0001ed7233,68dce618a723bff3d9c89c16,,,,,,,,,,,,,,,,,,,,,,,,,,,,,,,,,,,,,,,,,,,,,,,,,,,,,,,,,,,,6,Celebrities_Faces/006_01_greyscale_250.png,,,,,,,,,,,,,,,,,,,,,,,,,,,,,,,,,,,,,2.343035319,727.8765,730.2075,,,,,,,,TRUE,,FALSE,,,,,,,,,,,,730.2091,731.1909,q,0.8371,,57,1,1,1,1,familiar,,,FALSE,731.1913,731.1913,731.1915,731.1917,,56,0,56,0,1,,
,,,,,696df947894efc8bc40998ab,2026-01-19_09h29.17.054,WP1_3,2025.2.3,Linux x86_64,60.24096386,58b7d3b5f6546e0001ed7233,68dce618a723bff3d9c89c16,,,,,,,,,,,,,,,,,,,,,,,,,,,,,,,,,,,,,,,,,,,,,,,,,,,,,,,,,,,,101,stim_fam/101_rgray_250.png,,,,,,,,,,,,,,,,,,,,,,,,,,,,,,,,,,,,,2.17891718,731.1922,733.3592,,,,,,,,FALSE,,FALSE,,,,,,,,,,,,733.3606,734.2258,p,0.7227,,58,41,1,1,250,novel,,,FALSE,734.2261,734.2261,734.2263,734.2266,,57,0,57,0,1,,
,,,,,696df947894efc8bc40998ab,2026-01-19_09h29.17.054,WP1_3,2025.2.3,Linux x86_64,60.24096386,58b7d3b5f6546e0001ed7233,68dce618a723bff3d9c89c16,,,,,,,,,,,,,,,,,,,,,,,,,,,,,,,,,,,,,,,,,,,,,,,,,,,,,,,,,,,,41,Celebrities_Faces/041_02_greyscale_250.png,,,,,,,,,,,,,,,,,,,,,,,,,,,,,,,,,,,,,1.957128651,734.2273,736.1786,,,,,,,,TRUE,,FALSE,,,,,,,,,,,,736.1804,737.1449,p,0.8251,,59,11,1,1,2,familiar,,,FALSE,737.1454,737.1455,737.1455,737.1458,,58,0,58,0,1,,
,,,,,696df947894efc8bc40998ab,2026-01-19_09h29.17.054,WP1_3,2025.2.3,Linux x86_64,60.24096386,58b7d3b5f6546e0001ed7233,68dce618a723bff3d9c89c16,,,,,,,,,,,,,,,,,,,,,,,,,,,,,,,,,,,,,,,,,,,,,,,,,,,,,,,,,,,,44,Celebrities_Faces/044_01_greyscale_250.png,,,,,,,,,,,,,,,,,,,,,,,,,,,,,,,,,,,,,1.836840815,737.147,738.9781,,,,,,,,TRUE,,FALSE,,,,,,,,,,,,738.9796,740.0617,q,0.9296,,60,22,1,1,1,familiar,,,FALSE,740.0621,740.0622,740.0623,787.6675,space,59,0,59,0,1,47.5781,
,,,,,696df947894efc8bc40998ab,2026-01-19_09h29.17.054,WP1_3,2025.2.3,Linux x86_64,60.24096386,58b7d3b5f6546e0001ed7233,68dce618a723bff3d9c89c16,,,,,,,,,,,,,,,,,,,,,,,,,,,,,,,,,,,,,,,,,,,,,,,,,,,,,,,,,,,,100,stim_fam/100_rgray_250.png,,,,,,,,,,,,,,,,,,,,,,,,,,,,,,,,,,,,,2.23306365,787.6688,789.9011,,,,,,,,FALSE,,FALSE,,,,,,,,,,,,789.9029,790.6183,p,0.5766,,61,114,2,1,250,novel,,,FALSE,790.6187,790.6188,790.6189,790.619,,60,0,60,0,1,,
,,,,,696df947894efc8bc40998ab,2026-01-19_09h29.17.054,WP1_3,2025.2.3,Linux x86_64,60.24096386,58b7d3b5f6546e0001ed7233,68dce618a723bff3d9c89c16,,,,,,,,,,,,,,,,,,,,,,,,,,,,,,,,,,,,,,,,,,,,,,,,,,,,,,,,,,,,15,Celebrities_Faces/015_02_greyscale_250.png,,,,,,,,,,,,,,,,,,,,,,,,,,,,,,,,,,,,,1.865460359,790.6196,792.4857,,,,,,,,TRUE,,FALSE,,,,,,,,,,,,792.4874,793.136,q,0.513,,62,85,2,1,2,familiar,,,FALSE,793.1367,793.1369,793.1369,793.1371,,61,0,61,0,1,,
,,,,,696df947894efc8bc40998ab,2026-01-19_09h29.17.054,WP1_3,2025.2.3,Linux x86_64,60.24096386,58b7d3b5f6546e0001ed7233,68dce618a723bff3d9c89c16,,,,,,,,,,,,,,,,,,,,,,,,,,,,,,,,,,,,,,,,,,,,,,,,,,,,,,,,,,,,21,Celebrities_Faces/021_03_greyscale_250.png,,,,,,,,,,,,,,,,,,,,,,,,,,,,,,,,,,,,,1.714705803,793.1379,794.8534,,,,,,,,TRUE,,FALSE,,,,,,,,,,,,794.855,795.6892,p,0.6852,,63,81,2,1,3,familiar,,,FALSE,795.6898,795.6953,795.6954,795.6955,,62,0,62,0,1,,
,,,,,696df947894efc8bc40998ab,2026-01-19_09h29.17.054,WP1_3,2025.2.3,Linux x86_64,60.24096386,58b7d3b5f6546e0001ed7233,68dce618a723bff3d9c89c16,,,,,,,,,,,,,,,,,,,,,,,,,,,,,,,,,,,,,,,,,,,,,,,,,,,,,,,,,,,,37,Celebrities_Faces/037_02_greyscale_250.png,,,,,,,,,,,,,,,,,,,,,,,,,,,,,,,,,,,,,1.636151229,795.6963,797.321,,,,,,,,TRUE,,FALSE,,,,,,,,,,,,797.3228,798.4213,p,0.951,,64,62,2,1,2,familiar,,,FALSE,798.4214,798.4214,798.4215,798.4215,,63,0,63,0,1,,
,,,,,696df947894efc8bc40998ab,2026-01-19_09h29.17.054,WP1_3,2025.2.3,Linux x86_64,60.24096386,58b7d3b5f6546e0001ed7233,68dce618a723bff3d9c89c16,,,,,,,,,,,,,,,,,,,,,,,,,,,,,,,,,,,,,,,,,,,,,,,,,,,,,,,,,,,,55,Celebrities_Faces/055_01_greyscale_250.png,,,,,,,,,,,,,,,,,,,,,,,,,,,,,,,,,,,,,1.912828742,798.4217,800.3223,,,,,,,,TRUE,,FALSE,,,,,,,,,,,,800.3243,801.0895,q,0.6406,,65,88,2,1,1,familiar,,,FALSE,801.0901,801.0902,801.0902,801.0912,,64,0,64,0,1,,
,,,,,696df947894efc8bc40998ab,2026-01-19_09h29.17.054,WP1_3,2025.2.3,Linux x86_64,60.24096386,58b7d3b5f6546e0001ed7233,68dce618a723bff3d9c89c16,,,,,,,,,,,,,,,,,,,,,,,,,,,,,,,,,,,,,,,,,,,,,,,,,,,,,,,,,,,,29,Celebrities_Faces/029_02_greyscale_250.png,,,,,,,,,,,,,,,,,,,,,,,,,,,,,,,,,,,,,2.387760956,801.0922,803.4739,,,,,,,,TRUE,,FALSE,,,,,,,,,,,,803.4788,804.2409,q,0.6184,,66,80,2,1,2,familiar,,,FALSE,804.2413,804.2414,804.2414,804.2417,,65,0,65,0,1,,
,,,,,696df947894efc8bc40998ab,2026-01-19_09h29.17.054,WP1_3,2025.2.3,Linux x86_64,60.24096386,58b7d3b5f6546e0001ed7233,68dce618a723bff3d9c89c16,,,,,,,,,,,,,,,,,,,,,,,,,,,,,,,,,,,,,,,,,,,,,,,,,,,,,,,,,,,,41,Celebrities_Faces/041_01_greyscale_250.png,,,,,,,,,,,,,,,,,,,,,,,,,,,,,,,,,,,,,1.809677812,804.2423,806.0414,,,,,,,,TRUE,,FALSE,,,,,,,,,,,,806.0434,806.7752,q,0.5939,,67,71,2,1,1,familiar,,,FALSE,806.7767,806.777,806.7771,806.7772,,66,0,66,0,1,,
,,,,,696df947894efc8bc40998ab,2026-01-19_09h29.17.054,WP1_3,2025.2.3,Linux x86_64,60.24096386,58b7d3b5f6546e0001ed7233,68dce618a723bff3d9c89c16,,,,,,,,,,,,,,,,,,,,,,,,,,,,,,,,,,,,,,,,,,,,,,,,,,,,,,,,,,,,7,Celebrities_Faces/007_03_greyscale_250.png,,,,,,,,,,,,,,,,,,,,,,,,,,,,,,,,,,,,,2.151140576,806.7781,808.9262,,,,,,,,TRUE,,FALSE,,,,,,,,,,,,808.9278,809.6597,q,0.594,,68,84,2,1,3,familiar,,,FALSE,809.6601,809.6602,809.6602,809.6604,,67,0,67,0,1,,
,,,,,696df947894efc8bc40998ab,2026-01-19_09h29.17.054,WP1_3,2025.2.3,Linux x86_64,60.24096386,58b7d3b5f6546e0001ed7233,68dce618a723bff3d9c89c16,,,,,,,,,,,,,,,,,,,,,,,,,,,,,,,,,,,,,,,,,,,,,,,,,,,,,,,,,,,,16,Celebrities_Faces/016_03_greyscale_250.png,,,,,,,,,,,,,,,,,,,,,,,,,,,,,,,,,,,,,1.882228796,809.6621,811.5439,,,,,,,,TRUE,,FALSE,,,,,,,,,,,,811.5455,812.3946,q,0.712,,69,86,2,1,3,familiar,,,FALSE,812.3956,812.3957,812.3957,812.3959,,68,0,68,0,1,,
,,,,,696df947894efc8bc40998ab,2026-01-19_09h29.17.054,WP1_3,2025.2.3,Linux x86_64,60.24096386,58b7d3b5f6546e0001ed7233,68dce618a723bff3d9c89c16,,,,,,,,,,,,,,,,,,,,,,,,,,,,,,,,,,,,,,,,,,,,,,,,,,,,,,,,,,,,86,stim_fam/086_rgray_250.png,,,,,,,,,,,,,,,,,,,,,,,,,,,,,,,,,,,,,1.517898055,812.3971,813.9117,,,,,,,,FALSE,,FALSE,,,,,,,,,,,,813.9132,814.6643,p,0.6136,,70,95,2,1,250,novel,,,FALSE,814.6649,814.6651,814.6651,814.6652,,69,0,69,0,1,,
,,,,,696df947894efc8bc40998ab,2026-01-19_09h29.17.054,WP1_3,2025.2.3,Linux x86_64,60.24096386,58b7d3b5f6546e0001ed7233,68dce618a723bff3d9c89c16,,,,,,,,,,,,,,,,,,,,,,,,,,,,,,,,,,,,,,,,,,,,,,,,,,,,,,,,,,,,4,Celebrities_Faces/004_01_greyscale_250.png,,,,,,,,,,,,,,,,,,,,,,,,,,,,,,,,,,,,,2.233497842,814.667,816.8968,,,,,,,,TRUE,,FALSE,,,,,,,,,,,,816.8989,817.6985,p,0.6594,,71,87,2,1,1,familiar,,,FALSE,817.6998,817.6999,817.6999,817.7001,,70,0,70,0,1,,
,,,,,696df947894efc8bc40998ab,2026-01-19_09h29.17.054,WP1_3,2025.2.3,Linux x86_64,60.24096386,58b7d3b5f6546e0001ed7233,68dce618a723bff3d9c89c16,,,,,,,,,,,,,,,,,,,,,,,,,,,,,,,,,,,,,,,,,,,,,,,,,,,,,,,,,,,,13,stim_fam/013_rgray_250.png,,,,,,,,,,,,,,,,,,,,,,,,,,,,,,,,,,,,,2.166078578,817.7011,819.8646,,,,,,,,FALSE,,FALSE,,,,,,,,,,,,819.866,820.6833,p,0.6739,,72,115,2,1,250,novel,,,FALSE,820.6836,820.6839,820.6839,820.684,,71,0,71,0,1,,
,,,,,696df947894efc8bc40998ab,2026-01-19_09h29.17.054,WP1_3,2025.2.3,Linux x86_64,60.24096386,58b7d3b5f6546e0001ed7233,68dce618a723bff3d9c89c16,,,,,,,,,,,,,,,,,,,,,,,,,,,,,,,,,,,,,,,,,,,,,,,,,,,,,,,,,,,,74,stim_fam/074_rgray_250.png,,,,,,,,,,,,,,,,,,,,,,,,,,,,,,,,,,,,,1.724431653,820.6847,822.3989,,,,,,,,FALSE,,FALSE,,,,,,,,,,,,822.4007,823.1659,p,0.6269,,73,105,2,1,250,novel,,,FALSE,823.1662,823.1665,823.1665,823.1667,,72,0,72,0,1,,
,,,,,696df947894efc8bc40998ab,2026-01-19_09h29.17.054,WP1_3,2025.2.3,Linux x86_64,60.24096386,58b7d3b5f6546e0001ed7233,68dce618a723bff3d9c89c16,,,,,,,,,,,,,,,,,,,,,,,,,,,,,,,,,,,,,,,,,,,,,,,,,,,,,,,,,,,,45,Celebrities_Faces/045_03_greyscale_250.png,,,,,,,,,,,,,,,,,,,,,,,,,,,,,,,,,,,,,1.677038282,823.1674,824.833,,,,,,,,TRUE,,FALSE,,,,,,,,,,,,824.8336,825.8343,p,0.8847,,74,74,2,1,3,familiar,,,FALSE,825.8349,825.835,825.835,825.8352,,73,0,73,0,1,,
,,,,,696df947894efc8bc40998ab,2026-01-19_09h29.17.054,WP1_3,2025.2.3,Linux x86_64,60.24096386,58b7d3b5f6546e0001ed7233,68dce618a723bff3d9c89c16,,,,,,,,,,,,,,,,,,,,,,,,,,,,,,,,,,,,,,,,,,,,,,,,,,,,,,,,,,,,36,stim_fam/036_rgray_250.png,,,,,,,,,,,,,,,,,,,,,,,,,,,,,,,,,,,,,2.418362856,825.8358,828.2515,,,,,,,,FALSE,,FALSE,,,,,,,,,,,,828.253,829.1049,p,0.7099,,75,100,2,1,250,novel,,,FALSE,829.1055,829.1057,829.1057,829.1058,,74,0,74,0,1,,
,,,,,696df947894efc8bc40998ab,2026-01-19_09h29.17.054,WP1_3,2025.2.3,Linux x86_64,60.24096386,58b7d3b5f6546e0001ed7233,68dce618a723bff3d9c89c16,,,,,,,,,,,,,,,,,,,,,,,,,,,,,,,,,,,,,,,,,,,,,,,,,,,,,,,,,,,,56,stim_fam/056_rgray_250.png,,,,,,,,,,,,,,,,,,,,,,,,,,,,,,,,,,,,,2.159915737,829.109,831.2696,,,,,,,,FALSE,,FALSE,,,,,,,,,,,,831.2713,832.2725,p,0.861,,76,101,2,1,250,novel,,,FALSE,832.2728,832.273,832.273,832.2732,,75,0,75,0,1,,
,,,,,696df947894efc8bc40998ab,2026-01-19_09h29.17.054,WP1_3,2025.2.3,Linux x86_64,60.24096386,58b7d3b5f6546e0001ed7233,68dce618a723bff3d9c89c16,,,,,,,,,,,,,,,,,,,,,,,,,,,,,,,,,,,,,,,,,,,,,,,,,,,,,,,,,,,,12,Celebrities_Faces/012_03_greyscale_250.png,,,,,,,,,,,,,,,,,,,,,,,,,,,,,,,,,,,,,2.06064949,832.274,834.3376,,,,,,,,TRUE,,FALSE,,,,,,,,,,,,834.3393,835.1561,q,0.6769,,77,64,2,1,3,familiar,,,FALSE,835.1567,835.1568,835.1569,835.157,,76,0,76,0,1,,
,,,,,696df947894efc8bc40998ab,2026-01-19_09h29.17.054,WP1_3,2025.2.3,Linux x86_64,60.24096386,58b7d3b5f6546e0001ed7233,68dce618a723bff3d9c89c16,,,,,,,,,,,,,,,,,,,,,,,,,,,,,,,,,,,,,,,,,,,,,,,,,,,,,,,,,,,,35,stim_fam/035_rgray_250.png,,,,,,,,,,,,,,,,,,,,,,,,,,,,,,,,,,,,,1.883604797,835.1577,837.0388,,,,,,,,FALSE,,FALSE,,,,,,,,,,,,837.0403,837.7559,p,0.5758,,78,93,2,1,250,novel,,,FALSE,837.7562,837.7565,837.7566,837.7567,,77,0,77,0,1,,
,,,,,696df947894efc8bc40998ab,2026-01-19_09h29.17.054,WP1_3,2025.2.3,Linux x86_64,60.24096386,58b7d3b5f6546e0001ed7233,68dce618a723bff3d9c89c16,,,,,,,,,,,,,,,,,,,,,,,,,,,,,,,,,,,,,,,,,,,,,,,,,,,,,,,,,,,,11,Celebrities_Faces/011_01_greyscale_250.png,,,,,,,,,,,,,,,,,,,,,,,,,,,,,,,,,,,,,1.864660703,837.7574,839.6233,,,,,,,,TRUE,,TRUE,,,,,,,,,,,,839.6247,840.7405,p,0.9891,,79,65,2,1,1,familiar,,,FALSE,840.7415,841.7414,841.7418,841.7419,,78,0,78,0,1,,
,,,,,696df947894efc8bc40998ab,2026-01-19_09h29.17.054,WP1_3,2025.2.3,Linux x86_64,60.24096386,58b7d3b5f6546e0001ed7233,68dce618a723bff3d9c89c16,,,,,,,,,,,,,,,,,,,,,,,,,,,,,,,,,,,,,,,,,,,,,,,,,,,,,,,,,,,,24,Celebrities_Faces/024_03_greyscale_250.png,,,,,,,,,,,,,,,,,,,,,,,,,,,,,,,,,,,,,1.527457502,841.7429,843.2582,,,,,,,,TRUE,,FALSE,,,,,,,,,,,,843.2599,844.042,q,0.635,,80,89,2,1,3,familiar,,,FALSE,844.0424,844.0425,844.0425,844.0428,,79,0,79,0,1,,
,,,,,696df947894efc8bc40998ab,2026-01-19_09h29.17.054,WP1_3,2025.2.3,Linux x86_64,60.24096386,58b7d3b5f6546e0001ed7233,68dce618a723bff3d9c89c16,,,,,,,,,,,,,,,,,,,,,,,,,,,,,,,,,,,,,,,,,,,,,,,,,,,,,,,,,,,,18,Celebrities_Faces/018_02_greyscale_250.png,,,,,,,,,,,,,,,,,,,,,,,,,,,,,,,,,,,,,2.05099843,844.0435,846.0928,,,,,,,,TRUE,,FALSE,,,,,,,,,,,,846.0945,846.8103,q,0.5804,,81,67,2,1,2,familiar,,,FALSE,846.8109,846.8111,846.8111,846.8113,,80,0,80,0,1,,
,,,,,696df947894efc8bc40998ab,2026-01-19_09h29.17.054,WP1_3,2025.2.3,Linux x86_64,60.24096386,58b7d3b5f6546e0001ed7233,68dce618a723bff3d9c89c16,,,,,,,,,,,,,,,,,,,,,,,,,,,,,,,,,,,,,,,,,,,,,,,,,,,,,,,,,,,,2,Celebrities_Faces/002_01_greyscale_250.png,,,,,,,,,,,,,,,,,,,,,,,,,,,,,,,,,,,,,2.187219041,846.8123,848.9944,,,,,,,,TRUE,,FALSE,,,,,,,,,,,,848.997,849.9787,p,0.8398,,82,78,2,1,1,familiar,,,FALSE,849.9798,849.9799,849.98,849.98,,81,0,81,0,1,,
,,,,,696df947894efc8bc40998ab,2026-01-19_09h29.17.054,WP1_3,2025.2.3,Linux x86_64,60.24096386,58b7d3b5f6546e0001ed7233,68dce618a723bff3d9c89c16,,,,,,,,,,,,,,,,,,,,,,,,,,,,,,,,,,,,,,,,,,,,,,,,,,,,,,,,,,,,59,Celebrities_Faces/059_02_greyscale_250.png,,,,,,,,,,,,,,,,,,,,,,,,,,,,,,,,,,,,,1.882766278,849.9807,851.8623,,,,,,,,TRUE,,FALSE,,,,,,,,,,,,851.8637,852.7626,q,0.7608,,83,69,2,1,2,familiar,,,FALSE,852.763,852.7631,852.7632,852.7633,,82,0,82,0,1,,
,,,,,696df947894efc8bc40998ab,2026-01-19_09h29.17.054,WP1_3,2025.2.3,Linux x86_64,60.24096386,58b7d3b5f6546e0001ed7233,68dce618a723bff3d9c89c16,,,,,,,,,,,,,,,,,,,,,,,,,,,,,,,,,,,,,,,,,,,,,,,,,,,,,,,,,,,,91,stim_fam/091_rgray_250.png,,,,,,,,,,,,,,,,,,,,,,,,,,,,,,,,,,,,,1.800670208,852.764,854.5633,,,,,,,,FALSE,,FALSE,,,,,,,,,,,,854.5649,855.3018,p,0.5962,,84,120,2,1,250,novel,,,FALSE,855.3025,855.3028,855.3028,855.303,,83,0,83,0,1,,
,,,,,696df947894efc8bc40998ab,2026-01-19_09h29.17.054,WP1_3,2025.2.3,Linux x86_64,60.24096386,58b7d3b5f6546e0001ed7233,68dce618a723bff3d9c89c16,,,,,,,,,,,,,,,,,,,,,,,,,,,,,,,,,,,,,,,,,,,,,,,,,,,,,,,,,,,,83,stim_fam/083_rgray_250.png,,,,,,,,,,,,,,,,,,,,,,,,,,,,,,,,,,,,,1.60927489,855.3044,856.9145,,,,,,,,FALSE,,FALSE,,,,,,,,,,,,856.9159,857.7319,p,0.6747,,85,107,2,1,250,novel,,,FALSE,857.7323,857.7325,857.7326,857.7327,,84,0,84,0,1,,
,,,,,696df947894efc8bc40998ab,2026-01-19_09h29.17.054,WP1_3,2025.2.3,Linux x86_64,60.24096386,58b7d3b5f6546e0001ed7233,68dce618a723bff3d9c89c16,,,,,,,,,,,,,,,,,,,,,,,,,,,,,,,,,,,,,,,,,,,,,,,,,,,,,,,,,,,,56,Celebrities_Faces/056_01_greyscale_250.png,,,,,,,,,,,,,,,,,,,,,,,,,,,,,,,,,,,,,1.694875765,857.7335,859.4164,,,,,,,,TRUE,,FALSE,,,,,,,,,,,,859.4182,860.4497,q,0.8772,,86,70,2,1,1,familiar,,,FALSE,860.4501,860.4503,860.4503,860.4505,,85,0,85,0,1,,
,,,,,696df947894efc8bc40998ab,2026-01-19_09h29.17.054,WP1_3,2025.2.3,Linux x86_64,60.24096386,58b7d3b5f6546e0001ed7233,68dce618a723bff3d9c89c16,,,,,,,,,,,,,,,,,,,,,,,,,,,,,,,,,,,,,,,,,,,,,,,,,,,,,,,,,,,,99,stim_fam/099_rgray_250.png,,,,,,,,,,,,,,,,,,,,,,,,,,,,,,,,,,,,,1.94037084,860.4511,862.384,,,,,,,,FALSE,,FALSE,,,,,,,,,,,,862.3855,863.0341,p,0.5061,,87,112,2,1,250,novel,,,FALSE,863.0353,863.0354,863.0355,863.0357,,86,0,86,0,1,,
,,,,,696df947894efc8bc40998ab,2026-01-19_09h29.17.054,WP1_3,2025.2.3,Linux x86_64,60.24096386,58b7d3b5f6546e0001ed7233,68dce618a723bff3d9c89c16,,,,,,,,,,,,,,,,,,,,,,,,,,,,,,,,,,,,,,,,,,,,,,,,,,,,,,,,,,,,57,stim_fam/057_rgray_250.png,,,,,,,,,,,,,,,,,,,,,,,,,,,,,,,,,,,,,2.089629274,863.038,865.1182,,,,,,,,FALSE,,FALSE,,,,,,,,,,,,865.1208,865.8023,p,0.5409,,88,118,2,1,250,novel,,,FALSE,865.8028,865.803,865.803,865.8032,,87,0,87,0,1,,
,,,,,696df947894efc8bc40998ab,2026-01-19_09h29.17.054,WP1_3,2025.2.3,Linux x86_64,60.24096386,58b7d3b5f6546e0001ed7233,68dce618a723bff3d9c89c16,,,,,,,,,,,,,,,,,,,,,,,,,,,,,,,,,,,,,,,,,,,,,,,,,,,,,,,,,,,,17,Celebrities_Faces/017_03_greyscale_250.png,,,,,,,,,,,,,,,,,,,,,,,,,,,,,,,,,,,,,2.405829073,865.8041,868.2035,,,,,,,,TRUE,,FALSE,,,,,,,,,,,,868.2052,868.9049,p,0.567,,89,77,2,1,3,familiar,,,FALSE,868.9052,868.9053,868.9054,868.9055,,88,0,88,0,1,,
,,,,,696df947894efc8bc40998ab,2026-01-19_09h29.17.054,WP1_3,2025.2.3,Linux x86_64,60.24096386,58b7d3b5f6546e0001ed7233,68dce618a723bff3d9c89c16,,,,,,,,,,,,,,,,,,,,,,,,,,,,,,,,,,,,,,,,,,,,,,,,,,,,,,,,,,,,75,stim_fam/075_rgray_250.png,,,,,,,,,,,,,,,,,,,,,,,,,,,,,,,,,,,,,1.520587022,868.9062,870.4207,,,,,,,,FALSE,,FALSE,,,,,,,,,,,,870.4223,871.0898,p,0.5301,,90,119,2,1,250,novel,,,FALSE,871.0904,871.0905,871.0906,871.0907,,89,0,89,0,1,,
,,,,,696df947894efc8bc40998ab,2026-01-19_09h29.17.054,WP1_3,2025.2.3,Linux x86_64,60.24096386,58b7d3b5f6546e0001ed7233,68dce618a723bff3d9c89c16,,,,,,,,,,,,,,,,,,,,,,,,,,,,,,,,,,,,,,,,,,,,,,,,,,,,,,,,,,,,45,stim_fam/045_rgray_250.png,,,,,,,,,,,,,,,,,,,,,,,,,,,,,,,,,,,,,2.004405783,871.092,873.0885,,,,,,,,FALSE,,FALSE,,,,,,,,,,,,873.0903,873.9557,p,0.7241,,91,98,2,1,250,novel,,,FALSE,873.956,873.9562,873.9562,873.9563,,90,0,90,0,1,,
,,,,,696df947894efc8bc40998ab,2026-01-19_09h29.17.054,WP1_3,2025.2.3,Linux x86_64,60.24096386,58b7d3b5f6546e0001ed7233,68dce618a723bff3d9c89c16,,,,,,,,,,,,,,,,,,,,,,,,,,,,,,,,,,,,,,,,,,,,,,,,,,,,,,,,,,,,10,Celebrities_Faces/010_03_greyscale_250.png,,,,,,,,,,,,,,,,,,,,,,,,,,,,,,,,,,,,,2.196980621,873.9569,876.157,,,,,,,,TRUE,,FALSE,,,,,,,,,,,,876.1585,877.0573,q,0.761,,92,66,2,1,3,familiar,,,FALSE,877.0577,877.0577,877.0578,877.058,,91,0,91,0,1,,
,,,,,696df947894efc8bc40998ab,2026-01-19_09h29.17.054,WP1_3,2025.2.3,Linux x86_64,60.24096386,58b7d3b5f6546e0001ed7233,68dce618a723bff3d9c89c16,,,,,,,,,,,,,,,,,,,,,,,,,,,,,,,,,,,,,,,,,,,,,,,,,,,,,,,,,,,,59,stim_fam/059_rgray_250.png,,,,,,,,,,,,,,,,,,,,,,,,,,,,,,,,,,,,,1.740163691,877.0586,878.7914,,,,,,,,FALSE,,FALSE,,,,,,,,,,,,878.794,879.5584,p,0.6296,,93,116,2,1,250,novel,,,FALSE,879.5587,879.5589,879.5589,879.559,,92,0,92,0,1,,
,,,,,696df947894efc8bc40998ab,2026-01-19_09h29.17.054,WP1_3,2025.2.3,Linux x86_64,60.24096386,58b7d3b5f6546e0001ed7233,68dce618a723bff3d9c89c16,,,,,,,,,,,,,,,,,,,,,,,,,,,,,,,,,,,,,,,,,,,,,,,,,,,,,,,,,,,,34,Celebrities_Faces/034_02_greyscale_250.png,,,,,,,,,,,,,,,,,,,,,,,,,,,,,,,,,,,,,2.133699915,879.56,881.6924,,,,,,,,TRUE,,FALSE,,,,,,,,,,,,881.694,882.4429,q,0.6068,,94,73,2,1,2,familiar,,,FALSE,882.4432,882.4436,882.4436,882.4438,,93,0,93,0,1,,
,,,,,696df947894efc8bc40998ab,2026-01-19_09h29.17.054,WP1_3,2025.2.3,Linux x86_64,60.24096386,58b7d3b5f6546e0001ed7233,68dce618a723bff3d9c89c16,,,,,,,,,,,,,,,,,,,,,,,,,,,,,,,,,,,,,,,,,,,,,,,,,,,,,,,,,,,,19,Celebrities_Faces/019_03_greyscale_250.png,,,,,,,,,,,,,,,,,,,,,,,,,,,,,,,,,,,,,1.940067641,882.4445,884.3768,,,,,,,,TRUE,,FALSE,,,,,,,,,,,,884.3783,885.2111,q,0.6934,,95,63,2,1,3,familiar,,,FALSE,885.2121,885.2122,885.2122,885.2124,,94,0,94,0,1,,
,,,,,696df947894efc8bc40998ab,2026-01-19_09h29.17.054,WP1_3,2025.2.3,Linux x86_64,60.24096386,58b7d3b5f6546e0001ed7233,68dce618a723bff3d9c89c16,,,,,,,,,,,,,,,,,,,,,,,,,,,,,,,,,,,,,,,,,,,,,,,,,,,,,,,,,,,,51,Celebrities_Faces/051_03_greyscale_250.png,,,,,,,,,,,,,,,,,,,,,,,,,,,,,,,,,,,,,1.674372195,885.213,886.878,,,,,,,,TRUE,,TRUE,,,,,,,,,,,,886.8796,887.9953,,,,96,76,2,1,3,familiar,,,FALSE,887.9959,888.9958,888.9959,888.9961,,95,0,95,0,1,,
,,,,,696df947894efc8bc40998ab,2026-01-19_09h29.17.054,WP1_3,2025.2.3,Linux x86_64,60.24096386,58b7d3b5f6546e0001ed7233,68dce618a723bff3d9c89c16,,,,,,,,,,,,,,,,,,,,,,,,,,,,,,,,,,,,,,,,,,,,,,,,,,,,,,,,,,,,34,stim_fam/034_rgray_250.png,,,,,,,,,,,,,,,,,,,,,,,,,,,,,,,,,,,,,1.515631478,888.9968,890.5136,,,,,,,,FALSE,,FALSE,,,,,,,,,,,,890.5163,891.1969,p,0.5441,,97,103,2,1,250,novel,,,FALSE,891.1973,891.1974,891.1975,891.1977,,96,0,96,0,1,,
,,,,,696df947894efc8bc40998ab,2026-01-19_09h29.17.054,WP1_3,2025.2.3,Linux x86_64,60.24096386,58b7d3b5f6546e0001ed7233,68dce618a723bff3d9c89c16,,,,,,,,,,,,,,,,,,,,,,,,,,,,,,,,,,,,,,,,,,,,,,,,,,,,,,,,,,,,87,stim_fam/087_rgray_250.png,,,,,,,,,,,,,,,,,,,,,,,,,,,,,,,,,,,,,2.205992137,891.1983,893.3977,,,,,,,,FALSE,,FALSE,,,,,,,,,,,,893.4,894.1167,q,0.5836,,98,99,2,1,250,novel,,,FALSE,894.1172,894.1174,894.1175,894.1176,,97,0,97,0,1,,
,,,,,696df947894efc8bc40998ab,2026-01-19_09h29.17.054,WP1_3,2025.2.3,Linux x86_64,60.24096386,58b7d3b5f6546e0001ed7233,68dce618a723bff3d9c89c16,,,,,,,,,,,,,,,,,,,,,,,,,,,,,,,,,,,,,,,,,,,,,,,,,,,,,,,,,,,,28,stim_fam/028_rgray_250.png,,,,,,,,,,,,,,,,,,,,,,,,,,,,,,,,,,,,,2.07905558,894.1184,896.1994,,,,,,,,FALSE,,FALSE,,,,,,,,,,,,896.2011,897.0996,p,0.766,,99,91,2,1,250,novel,,,FALSE,897.1002,897.1003,897.1004,897.1006,,98,0,98,0,1,,
,,,,,696df947894efc8bc40998ab,2026-01-19_09h29.17.054,WP1_3,2025.2.3,Linux x86_64,60.24096386,58b7d3b5f6546e0001ed7233,68dce618a723bff3d9c89c16,,,,,,,,,,,,,,,,,,,,,,,,,,,,,,,,,,,,,,,,,,,,,,,,,,,,,,,,,,,,31,stim_fam/031_rgray_250.png,,,,,,,,,,,,,,,,,,,,,,,,,,,,,,,,,,,,,1.846440848,897.1014,898.9508,,,,,,,,FALSE,,FALSE,,,,,,,,,,,,898.9534,899.6838,p,0.595,,100,117,2,1,250,novel,,,FALSE,899.6842,899.6843,899.6844,899.6846,,99,0,99,0,1,,
,,,,,696df947894efc8bc40998ab,2026-01-19_09h29.17.054,WP1_3,2025.2.3,Linux x86_64,60.24096386,58b7d3b5f6546e0001ed7233,68dce618a723bff3d9c89c16,,,,,,,,,,,,,,,,,,,,,,,,,,,,,,,,,,,,,,,,,,,,,,,,,,,,,,,,,,,,23,Celebrities_Faces/023_03_greyscale_250.png,,,,,,,,,,,,,,,,,,,,,,,,,,,,,,,,,,,,,1.679656968,899.6852,901.3687,,,,,,,,TRUE,,FALSE,,,,,,,,,,,,901.3713,902.0856,q,0.5739,,101,90,2,1,3,familiar,,,FALSE,902.086,902.0861,902.0861,902.0863,,100,0,100,0,1,,
,,,,,696df947894efc8bc40998ab,2026-01-19_09h29.17.054,WP1_3,2025.2.3,Linux x86_64,60.24096386,58b7d3b5f6546e0001ed7233,68dce618a723bff3d9c89c16,,,,,,,,,,,,,,,,,,,,,,,,,,,,,,,,,,,,,,,,,,,,,,,,,,,,,,,,,,,,42,Celebrities_Faces/042_03_greyscale_250.png,,,,,,,,,,,,,,,,,,,,,,,,,,,,,,,,,,,,,1.571406055,902.087,903.6531,,,,,,,,TRUE,,FALSE,,,,,,,,,,,,903.6548,904.4357,p,0.6405,,102,75,2,1,3,familiar,,,FALSE,904.4359,904.4359,904.436,904.436,,101,0,101,0,1,,
,,,,,696df947894efc8bc40998ab,2026-01-19_09h29.17.054,WP1_3,2025.2.3,Linux x86_64,60.24096386,58b7d3b5f6546e0001ed7233,68dce618a723bff3d9c89c16,,,,,,,,,,,,,,,,,,,,,,,,,,,,,,,,,,,,,,,,,,,,,,,,,,,,,,,,,,,,21,stim_fam/021_rgray_250.png,,,,,,,,,,,,,,,,,,,,,,,,,,,,,,,,,,,,,1.554695153,904.4363,905.9867,,,,,,,,FALSE,,FALSE,,,,,,,,,,,,905.9883,906.8234,p,0.7056,,103,94,2,1,250,novel,,,FALSE,906.824,906.8241,906.8242,906.8243,,102,0,102,0,1,,
,,,,,696df947894efc8bc40998ab,2026-01-19_09h29.17.054,WP1_3,2025.2.3,Linux x86_64,60.24096386,58b7d3b5f6546e0001ed7233,68dce618a723bff3d9c89c16,,,,,,,,,,,,,,,,,,,,,,,,,,,,,,,,,,,,,,,,,,,,,,,,,,,,,,,,,,,,103,stim_fam/103_rgray_250.png,,,,,,,,,,,,,,,,,,,,,,,,,,,,,,,,,,,,,1.504717483,906.8252,908.3213,,,,,,,,FALSE,,FALSE,,,,,,,,,,,,908.323,909.0724,p,0.6127,,104,108,2,1,250,novel,,,FALSE,909.0733,909.0735,909.0735,909.0737,,103,0,103,0,1,,
,,,,,696df947894efc8bc40998ab,2026-01-19_09h29.17.054,WP1_3,2025.2.3,Linux x86_64,60.24096386,58b7d3b5f6546e0001ed7233,68dce618a723bff3d9c89c16,,,,,,,,,,,,,,,,,,,,,,,,,,,,,,,,,,,,,,,,,,,,,,,,,,,,,,,,,,,,53,Celebrities_Faces/053_02_greyscale_250.png,,,,,,,,,,,,,,,,,,,,,,,,,,,,,,,,,,,,,1.67399575,909.0746,910.7391,,,,,,,,TRUE,,FALSE,,,,,,,,,,,,910.7427,911.4564,p,0.5862,,105,79,2,1,2,familiar,,,FALSE,911.4569,911.457,911.4571,911.4572,,104,0,104,0,1,,
,,,,,696df947894efc8bc40998ab,2026-01-19_09h29.17.054,WP1_3,2025.2.3,Linux x86_64,60.24096386,58b7d3b5f6546e0001ed7233,68dce618a723bff3d9c89c16,,,,,,,,,,,,,,,,,,,,,,,,,,,,,,,,,,,,,,,,,,,,,,,,,,,,,,,,,,,,70,stim_fam/070_rgray_250.png,,,,,,,,,,,,,,,,,,,,,,,,,,,,,,,,,,,,,1.561022417,911.4585,913.0074,,,,,,,,FALSE,,FALSE,,,,,,,,,,,,913.0097,913.7911,p,0.6502,,106,92,2,1,250,novel,,,FALSE,913.7917,913.7919,913.792,913.7921,,105,0,105,0,1,,
,,,,,696df947894efc8bc40998ab,2026-01-19_09h29.17.054,WP1_3,2025.2.3,Linux x86_64,60.24096386,58b7d3b5f6546e0001ed7233,68dce618a723bff3d9c89c16,,,,,,,,,,,,,,,,,,,,,,,,,,,,,,,,,,,,,,,,,,,,,,,,,,,,,,,,,,,,39,stim_fam/039_rgray_250.png,,,,,,,,,,,,,,,,,,,,,,,,,,,,,,,,,,,,,2.193694779,913.793,915.9749,,,,,,,,FALSE,,FALSE,,,,,,,,,,,,915.9763,916.6086,p,0.488,,107,97,2,1,250,novel,,,FALSE,916.6091,916.6093,916.6093,916.6094,,106,0,106,0,1,,
,,,,,696df947894efc8bc40998ab,2026-01-19_09h29.17.054,WP1_3,2025.2.3,Linux x86_64,60.24096386,58b7d3b5f6546e0001ed7233,68dce618a723bff3d9c89c16,,,,,,,,,,,,,,,,,,,,,,,,,,,,,,,,,,,,,,,,,,,,,,,,,,,,,,,,,,,,62,stim_fam/062_rgray_250.png,,,,,,,,,,,,,,,,,,,,,,,,,,,,,,,,,,,,,1.519606916,916.61,918.1257,,,,,,,,FALSE,,FALSE,,,,,,,,,,,,918.1275,918.9766,p,0.7032,,108,102,2,1,250,novel,,,FALSE,918.977,918.9771,918.9772,918.9772,,107,0,107,0,1,,
,,,,,696df947894efc8bc40998ab,2026-01-19_09h29.17.054,WP1_3,2025.2.3,Linux x86_64,60.24096386,58b7d3b5f6546e0001ed7233,68dce618a723bff3d9c89c16,,,,,,,,,,,,,,,,,,,,,,,,,,,,,,,,,,,,,,,,,,,,,,,,,,,,,,,,,,,,24,stim_fam/024_rgray_250.png,,,,,,,,,,,,,,,,,,,,,,,,,,,,,,,,,,,,,1.972145772,918.9778,920.9437,,,,,,,,FALSE,,FALSE,,,,,,,,,,,,920.9451,921.6276,p,0.5415,,109,96,2,1,250,novel,,,FALSE,921.6278,921.628,921.6281,921.6282,,108,0,108,0,1,,
,,,,,696df947894efc8bc40998ab,2026-01-19_09h29.17.054,WP1_3,2025.2.3,Linux x86_64,60.24096386,58b7d3b5f6546e0001ed7233,68dce618a723bff3d9c89c16,,,,,,,,,,,,,,,,,,,,,,,,,,,,,,,,,,,,,,,,,,,,,,,,,,,,,,,,,,,,54,Celebrities_Faces/054_02_greyscale_250.png,,,,,,,,,,,,,,,,,,,,,,,,,,,,,,,,,,,,,1.64866559,921.6289,923.278,,,,,,,,TRUE,,FALSE,,,,,,,,,,,,923.2797,923.9951,q,0.5761,,110,83,2,1,2,familiar,,,FALSE,923.9955,923.9957,923.9957,923.9958,,109,0,109,0,1,,
,,,,,696df947894efc8bc40998ab,2026-01-19_09h29.17.054,WP1_3,2025.2.3,Linux x86_64,60.24096386,58b7d3b5f6546e0001ed7233,68dce618a723bff3d9c89c16,,,,,,,,,,,,,,,,,,,,,,,,,,,,,,,,,,,,,,,,,,,,,,,,,,,,,,,,,,,,6,Celebrities_Faces/006_02_greyscale_250.png,,,,,,,,,,,,,,,,,,,,,,,,,,,,,,,,,,,,,1.582141315,923.9964,925.5791,,,,,,,,TRUE,,FALSE,,,,,,,,,,,,925.5806,926.2961,q,0.5728,,111,61,2,1,2,familiar,,,FALSE,926.2967,926.2967,926.2968,926.297,,110,0,110,0,1,,
,,,,,696df947894efc8bc40998ab,2026-01-19_09h29.17.054,WP1_3,2025.2.3,Linux x86_64,60.24096386,58b7d3b5f6546e0001ed7233,68dce618a723bff3d9c89c16,,,,,,,,,,,,,,,,,,,,,,,,,,,,,,,,,,,,,,,,,,,,,,,,,,,,,,,,,,,,26,Celebrities_Faces/026_02_greyscale_250.png,,,,,,,,,,,,,,,,,,,,,,,,,,,,,,,,,,,,,2.024273003,926.2975,928.3133,,,,,,,,TRUE,,FALSE,,,,,,,,,,,,928.3146,928.947,q,0.4894,,112,72,2,1,2,familiar,,,FALSE,928.9472,928.9472,928.9473,928.9473,,111,0,111,0,1,,
,,,,,696df947894efc8bc40998ab,2026-01-19_09h29.17.054,WP1_3,2025.2.3,Linux x86_64,60.24096386,58b7d3b5f6546e0001ed7233,68dce618a723bff3d9c89c16,,,,,,,,,,,,,,,,,,,,,,,,,,,,,,,,,,,,,,,,,,,,,,,,,,,,,,,,,,,,38,Celebrities_Faces/038_01_greyscale_250.png,,,,,,,,,,,,,,,,,,,,,,,,,,,,,,,,,,,,,1.745743475,928.9477,930.6976,,,,,,,,TRUE,,FALSE,,,,,,,,,,,,930.6981,931.4144,p,0.57,,113,68,2,1,1,familiar,,,FALSE,931.4146,931.4147,931.4147,931.4148,,112,0,112,0,1,,
,,,,,696df947894efc8bc40998ab,2026-01-19_09h29.17.054,WP1_3,2025.2.3,Linux x86_64,60.24096386,58b7d3b5f6546e0001ed7233,68dce618a723bff3d9c89c16,,,,,,,,,,,,,,,,,,,,,,,,,,,,,,,,,,,,,,,,,,,,,,,,,,,,,,,,,,,,81,stim_fam/081_rgray_250.png,,,,,,,,,,,,,,,,,,,,,,,,,,,,,,,,,,,,,2.468968064,931.4151,933.8822,,,,,,,,FALSE,,FALSE,,,,,,,,,,,,933.8829,934.5495,p,0.5353,,114,106,2,1,250,novel,,,FALSE,934.5496,934.5496,934.5497,934.5498,,113,0,113,0,1,,
,,,,,696df947894efc8bc40998ab,2026-01-19_09h29.17.054,WP1_3,2025.2.3,Linux x86_64,60.24096386,58b7d3b5f6546e0001ed7233,68dce618a723bff3d9c89c16,,,,,,,,,,,,,,,,,,,,,,,,,,,,,,,,,,,,,,,,,,,,,,,,,,,,,,,,,,,,9,stim_fam/009_rgray_250.png,,,,,,,,,,,,,,,,,,,,,,,,,,,,,,,,,,,,,1.697924132,934.55,936.2504,,,,,,,,FALSE,,FALSE,,,,,,,,,,,,936.2519,936.9017,p,0.498,,115,111,2,1,250,novel,,,FALSE,936.9021,936.9022,936.9022,936.9024,,114,0,114,0,1,,
,,,,,696df947894efc8bc40998ab,2026-01-19_09h29.17.054,WP1_3,2025.2.3,Linux x86_64,60.24096386,58b7d3b5f6546e0001ed7233,68dce618a723bff3d9c89c16,,,,,,,,,,,,,,,,,,,,,,,,,,,,,,,,,,,,,,,,,,,,,,,,,,,,,,,,,,,,65,stim_fam/065_rgray_250.png,,,,,,,,,,,,,,,,,,,,,,,,,,,,,,,,,,,,,2.103652515,936.903,939.0025,,,,,,,,FALSE,,FALSE,,,,,,,,,,,,939.0039,939.686,p,0.548,,116,104,2,1,250,novel,,,FALSE,939.6866,939.6869,939.6871,939.6872,,115,0,115,0,1,,
,,,,,696df947894efc8bc40998ab,2026-01-19_09h29.17.054,WP1_3,2025.2.3,Linux x86_64,60.24096386,58b7d3b5f6546e0001ed7233,68dce618a723bff3d9c89c16,,,,,,,,,,,,,,,,,,,,,,,,,,,,,,,,,,,,,,,,,,,,,,,,,,,,,,,,,,,,77,stim_fam/077_rgray_250.png,,,,,,,,,,,,,,,,,,,,,,,,,,,,,,,,,,,,,2.114536191,939.688,941.8028,,,,,,,,FALSE,,FALSE,,,,,,,,,,,,941.8043,942.5529,q,0.608,,117,113,2,1,250,novel,,,FALSE,942.5531,942.5531,942.5531,942.5532,,116,0,116,0,1,,
,,,,,696df947894efc8bc40998ab,2026-01-19_09h29.17.054,WP1_3,2025.2.3,Linux x86_64,60.24096386,58b7d3b5f6546e0001ed7233,68dce618a723bff3d9c89c16,,,,,,,,,,,,,,,,,,,,,,,,,,,,,,,,,,,,,,,,,,,,,,,,,,,,,,,,,,,,37,stim_fam/037_rgray_250.png,,,,,,,,,,,,,,,,,,,,,,,,,,,,,,,,,,,,,2.194942917,942.5534,944.7378,,,,,,,,FALSE,,FALSE,,,,,,,,,,,,944.7392,945.4384,p,0.5684,,118,110,2,1,250,novel,,,FALSE,945.4394,945.4396,945.4397,945.4398,,117,0,117,0,1,,
,,,,,696df947894efc8bc40998ab,2026-01-19_09h29.17.054,WP1_3,2025.2.3,Linux x86_64,60.24096386,58b7d3b5f6546e0001ed7233,68dce618a723bff3d9c89c16,,,,,,,,,,,,,,,,,,,,,,,,,,,,,,,,,,,,,,,,,,,,,,,,,,,,,,,,,,,,44,Celebrities_Faces/044_02_greyscale_250.png,,,,,,,,,,,,,,,,,,,,,,,,,,,,,,,,,,,,,1.860427671,945.4408,947.3061,,,,,,,,TRUE,,FALSE,,,,,,,,,,,,947.3092,947.9225,p,0.4704,,119,82,2,1,2,familiar,,,FALSE,947.923,947.9231,947.9237,947.9243,,118,0,118,0,1,,
,,,,,696df947894efc8bc40998ab,2026-01-19_09h29.17.054,WP1_3,2025.2.3,Linux x86_64,60.24096386,58b7d3b5f6546e0001ed7233,68dce618a723bff3d9c89c16,,,,,,,,,,,,,,,,,,,,,,,,,,,,,,,,,,,,,,,,,,,,,,,,,,,,,,,,,,,,26,stim_fam/026_rgray_250.png,,,,,,,,,,,,,,,,,,,,,,,,,,,,,,,,,,,,,1.614705198,947.9253,949.54,,,,,,,,FALSE,,FALSE,,,,,,,,,,,,949.5415,950.3235,p,0.6435,,120,109,2,1,250,novel,,,FALSE,950.3238,950.324,950.3242,960.0945,space,119,0,119,0,1,9.7552,
,,,,,696df947894efc8bc40998ab,2026-01-19_09h29.17.054,WP1_3,2025.2.3,Linux x86_64,60.24096386,58b7d3b5f6546e0001ed7233,68dce618a723bff3d9c89c16,,,,,,,,,,,,,,,,,,,,,,,,,,,,,,,,,,,,,,,,,,,,,,,,,,,,,,,,,,,,80,stim_fam/080_rgray_250.png,,,,,,,,,,,,,,,,,,,,,,,,,,,,,,,,,,,,,1.963425305,960.0955,962.0621,,,,,,,,FALSE,,FALSE,,,,,,,,,,,,962.0636,962.7628,p,0.5573,,121,165,3,1,250,novel,,,FALSE,962.7631,962.7633,962.7633,962.7635,,120,0,120,0,1,,
,,,,,696df947894efc8bc40998ab,2026-01-19_09h29.17.054,WP1_3,2025.2.3,Linux x86_64,60.24096386,58b7d3b5f6546e0001ed7233,68dce618a723bff3d9c89c16,,,,,,,,,,,,,,,,,,,,,,,,,,,,,,,,,,,,,,,,,,,,,,,,,,,,,,,,,,,,15,stim_fam/015_rgray_250.png,,,,,,,,,,,,,,,,,,,,,,,,,,,,,,,,,,,,,2.370339359,962.7641,965.1306,,,,,,,,FALSE,,FALSE,,,,,,,,,,,,965.132,965.7982,p,0.5287,,122,178,3,1,250,novel,,,FALSE,965.7987,965.7989,965.799,965.7991,,121,0,121,0,1,,
,,,,,696df947894efc8bc40998ab,2026-01-19_09h29.17.054,WP1_3,2025.2.3,Linux x86_64,60.24096386,58b7d3b5f6546e0001ed7233,68dce618a723bff3d9c89c16,,,,,,,,,,,,,,,,,,,,,,,,,,,,,,,,,,,,,,,,,,,,,,,,,,,,,,,,,,,,55,Celebrities_Faces/055_02_greyscale_250.png,,,,,,,,,,,,,,,,,,,,,,,,,,,,,,,,,,,,,1.64195866,965.7998,967.4317,,,,,,,,TRUE,,FALSE,,,,,,,,,,,,967.4335,968.2987,q,0.7153,,123,148,3,1,2,familiar,,,FALSE,968.299,968.2992,968.2993,968.2994,,122,0,122,0,1,,
,,,,,696df947894efc8bc40998ab,2026-01-19_09h29.17.054,WP1_3,2025.2.3,Linux x86_64,60.24096386,58b7d3b5f6546e0001ed7233,68dce618a723bff3d9c89c16,,,,,,,,,,,,,,,,,,,,,,,,,,,,,,,,,,,,,,,,,,,,,,,,,,,,,,,,,,,,37,Celebrities_Faces/037_01_greyscale_250.png,,,,,,,,,,,,,,,,,,,,,,,,,,,,,,,,,,,,,1.893072321,968.3003,970.183,,,,,,,,TRUE,,FALSE,,,,,,,,,,,,970.1863,970.9001,p,0.579,,124,122,3,1,1,familiar,,,FALSE,970.9005,970.9006,970.9006,970.9008,,123,0,123,0,1,,
,,,,,696df947894efc8bc40998ab,2026-01-19_09h29.17.054,WP1_3,2025.2.3,Linux x86_64,60.24096386,58b7d3b5f6546e0001ed7233,68dce618a723bff3d9c89c16,,,,,,,,,,,,,,,,,,,,,,,,,,,,,,,,,,,,,,,,,,,,,,,,,,,,,,,,,,,,41,Celebrities_Faces/041_03_greyscale_250.png,,,,,,,,,,,,,,,,,,,,,,,,,,,,,,,,,,,,,2.04773674,970.9014,972.9502,,,,,,,,TRUE,,FALSE,,,,,,,,,,,,972.9517,973.8177,p,0.732,,125,131,3,1,3,familiar,,,FALSE,973.818,973.8182,973.8182,973.8184,,124,0,124,0,1,,
,,,,,696df947894efc8bc40998ab,2026-01-19_09h29.17.054,WP1_3,2025.2.3,Linux x86_64,60.24096386,58b7d3b5f6546e0001ed7233,68dce618a723bff3d9c89c16,,,,,,,,,,,,,,,,,,,,,,,,,,,,,,,,,,,,,,,,,,,,,,,,,,,,,,,,,,,,19,Celebrities_Faces/019_02_greyscale_250.png,,,,,,,,,,,,,,,,,,,,,,,,,,,,,,,,,,,,,2.143115556,973.8191,975.9517,,,,,,,,TRUE,,FALSE,,,,,,,,,,,,975.9533,976.8194,q,0.7298,,126,123,3,1,2,familiar,,,FALSE,976.8199,976.82,976.82,976.8202,,125,0,125,0,1,,
,,,,,696df947894efc8bc40998ab,2026-01-19_09h29.17.054,WP1_3,2025.2.3,Linux x86_64,60.24096386,58b7d3b5f6546e0001ed7233,68dce618a723bff3d9c89c16,,,,,,,,,,,,,,,,,,,,,,,,,,,,,,,,,,,,,,,,,,,,,,,,,,,,,,,,,,,,23,Celebrities_Faces/023_01_greyscale_250.png,,,,,,,,,,,,,,,,,,,,,,,,,,,,,,,,,,,,,1.969301261,976.821,978.7866,,,,,,,,TRUE,,FALSE,,,,,,,,,,,,978.7889,979.4887,q,0.5658,,127,150,3,1,1,familiar,,,FALSE,979.4892,979.4893,979.4894,979.4895,,126,0,126,0,1,,
,,,,,696df947894efc8bc40998ab,2026-01-19_09h29.17.054,WP1_3,2025.2.3,Linux x86_64,60.24096386,58b7d3b5f6546e0001ed7233,68dce618a723bff3d9c89c16,,,,,,,,,,,,,,,,,,,,,,,,,,,,,,,,,,,,,,,,,,,,,,,,,,,,,,,,,,,,1,stim_fam/001_rgray_250.png,,,,,,,,,,,,,,,,,,,,,,,,,,,,,,,,,,,,,2.222061681,979.4905,981.7046,,,,,,,,FALSE,,FALSE,,,,,,,,,,,,981.706,982.4381,p,0.5911,,128,162,3,1,250,novel,,,FALSE,982.4385,982.4388,982.4388,982.4399,,127,0,127,0,1,,
,,,,,696df947894efc8bc40998ab,2026-01-19_09h29.17.054,WP1_3,2025.2.3,Linux x86_64,60.24096386,58b7d3b5f6546e0001ed7233,68dce618a723bff3d9c89c16,,,,,,,,,,,,,,,,,,,,,,,,,,,,,,,,,,,,,,,,,,,,,,,,,,,,,,,,,,,,90,stim_fam/090_rgray_250.png,,,,,,,,,,,,,,,,,,,,,,,,,,,,,,,,,,,,,2.30808521,982.4406,984.7393,,,,,,,,FALSE,,FALSE,,,,,,,,,,,,984.7408,985.5062,p,0.628,,129,169,3,1,250,novel,,,FALSE,985.5067,985.5068,985.5069,985.507,,128,0,128,0,1,,
,,,,,696df947894efc8bc40998ab,2026-01-19_09h29.17.054,WP1_3,2025.2.3,Linux x86_64,60.24096386,58b7d3b5f6546e0001ed7233,68dce618a723bff3d9c89c16,,,,,,,,,,,,,,,,,,,,,,,,,,,,,,,,,,,,,,,,,,,,,,,,,,,,,,,,,,,,15,Celebrities_Faces/015_01_greyscale_250.png,,,,,,,,,,,,,,,,,,,,,,,,,,,,,,,,,,,,,2.067984212,985.5079,987.5742,,,,,,,,TRUE,,FALSE,,,,,,,,,,,,987.5762,988.4248,q,0.7101,,130,145,3,1,1,familiar,,,FALSE,988.4252,988.4254,988.4254,988.4256,,129,0,129,0,1,,
,,,,,696df947894efc8bc40998ab,2026-01-19_09h29.17.054,WP1_3,2025.2.3,Linux x86_64,60.24096386,58b7d3b5f6546e0001ed7233,68dce618a723bff3d9c89c16,,,,,,,,,,,,,,,,,,,,,,,,,,,,,,,,,,,,,,,,,,,,,,,,,,,,,,,,,,,,12,Celebrities_Faces/012_02_greyscale_250.png,,,,,,,,,,,,,,,,,,,,,,,,,,,,,,,,,,,,,2.080923056,988.4262,990.5086,,,,,,,,TRUE,,FALSE,,,,,,,,,,,,990.51,991.1603,q,0.5153,,131,124,3,1,2,familiar,,,FALSE,991.1609,991.1611,991.1611,991.1613,,130,0,130,0,1,,
,,,,,696df947894efc8bc40998ab,2026-01-19_09h29.17.054,WP1_3,2025.2.3,Linux x86_64,60.24096386,58b7d3b5f6546e0001ed7233,68dce618a723bff3d9c89c16,,,,,,,,,,,,,,,,,,,,,,,,,,,,,,,,,,,,,,,,,,,,,,,,,,,,,,,,,,,,6,stim_fam/006_rgray_250.png,,,,,,,,,,,,,,,,,,,,,,,,,,,,,,,,,,,,,2.250453564,991.1622,993.4102,,,,,,,,FALSE,,FALSE,,,,,,,,,,,,993.4116,994.2934,p,0.7399,,132,157,3,1,250,novel,,,FALSE,994.2937,994.294,994.294,994.2941,,131,0,131,0,1,,
,,,,,696df947894efc8bc40998ab,2026-01-19_09h29.17.054,WP1_3,2025.2.3,Linux x86_64,60.24096386,58b7d3b5f6546e0001ed7233,68dce618a723bff3d9c89c16,,,,,,,,,,,,,,,,,,,,,,,,,,,,,,,,,,,,,,,,,,,,,,,,,,,,,,,,,,,,22,stim_fam/022_rgray_250.png,,,,,,,,,,,,,,,,,,,,,,,,,,,,,,,,,,,,,2.24083506,994.2949,996.5278,,,,,,,,FALSE,,FALSE,,,,,,,,,,,,996.5292,997.1448,p,0.4757,,133,161,3,1,250,novel,,,FALSE,997.1453,997.1453,997.1454,997.1456,,132,0,132,0,1,,
,,,,,696df947894efc8bc40998ab,2026-01-19_09h29.17.054,WP1_3,2025.2.3,Linux x86_64,60.24096386,58b7d3b5f6546e0001ed7233,68dce618a723bff3d9c89c16,,,,,,,,,,,,,,,,,,,,,,,,,,,,,,,,,,,,,,,,,,,,,,,,,,,,,,,,,,,,8,stim_fam/008_rgray_250.png,,,,,,,,,,,,,,,,,,,,,,,,,,,,,,,,,,,,,2.373173193,997.1467,999.5126,,,,,,,,FALSE,,FALSE,,,,,,,,,,,,999.5141,1000.1296,p,0.4775,,134,175,3,1,250,novel,,,FALSE,1000.1301,1000.1302,1000.1303,1000.1307,,133,0,133,0,1,,
,,,,,696df947894efc8bc40998ab,2026-01-19_09h29.17.054,WP1_3,2025.2.3,Linux x86_64,60.24096386,58b7d3b5f6546e0001ed7233,68dce618a723bff3d9c89c16,,,,,,,,,,,,,,,,,,,,,,,,,,,,,,,,,,,,,,,,,,,,,,,,,,,,,,,,,,,,7,stim_fam/007_rgray_250.png,,,,,,,,,,,,,,,,,,,,,,,,,,,,,,,,,,,,,1.682998812,1000.1317,1001.8137,,,,,,,,FALSE,,FALSE,,,,,,,,,,,,1001.8152,1002.564,p,0.6132,,135,173,3,1,250,novel,,,FALSE,1002.5643,1002.5645,1002.5645,1002.5647,,134,0,134,0,1,,
,,,,,696df947894efc8bc40998ab,2026-01-19_09h29.17.054,WP1_3,2025.2.3,Linux x86_64,60.24096386,58b7d3b5f6546e0001ed7233,68dce618a723bff3d9c89c16,,,,,,,,,,,,,,,,,,,,,,,,,,,,,,,,,,,,,,,,,,,,,,,,,,,,,,,,,,,,17,Celebrities_Faces/017_02_greyscale_250.png,,,,,,,,,,,,,,,,,,,,,,,,,,,,,,,,,,,,,2.326903717,1002.5653,1004.8817,,,,,,,,TRUE,,FALSE,,,,,,,,,,,,1004.8831,1005.7156,p,0.6985,,136,137,3,1,2,familiar,,,FALSE,1005.7161,1005.7162,1005.7162,1005.7164,,135,0,135,0,1,,
,,,,,696df947894efc8bc40998ab,2026-01-19_09h29.17.054,WP1_3,2025.2.3,Linux x86_64,60.24096386,58b7d3b5f6546e0001ed7233,68dce618a723bff3d9c89c16,,,,,,,,,,,,,,,,,,,,,,,,,,,,,,,,,,,,,,,,,,,,,,,,,,,,,,,,,,,,6,Celebrities_Faces/006_03_greyscale_250.png,,,,,,,,,,,,,,,,,,,,,,,,,,,,,,,,,,,,,2.301880024,1005.7171,1008.0163,,,,,,,,TRUE,,FALSE,,,,,,,,,,,,1008.018,1008.6338,q,0.4582,,137,121,3,1,3,familiar,,,FALSE,1008.6341,1008.6341,1008.6342,1008.6344,,136,0,136,0,1,,
,,,,,696df947894efc8bc40998ab,2026-01-19_09h29.17.054,WP1_3,2025.2.3,Linux x86_64,60.24096386,58b7d3b5f6546e0001ed7233,68dce618a723bff3d9c89c16,,,,,,,,,,,,,,,,,,,,,,,,,,,,,,,,,,,,,,,,,,,,,,,,,,,,,,,,,,,,7,Celebrities_Faces/007_02_greyscale_250.png,,,,,,,,,,,,,,,,,,,,,,,,,,,,,,,,,,,,,2.171358193,1008.635,1010.8009,,,,,,,,TRUE,,FALSE,,,,,,,,,,,,1010.8024,1011.7359,q,0.7913,,138,144,3,1,2,familiar,,,FALSE,1011.7362,1011.7364,1011.7364,1011.7366,,137,0,137,0,1,,
,,,,,696df947894efc8bc40998ab,2026-01-19_09h29.17.054,WP1_3,2025.2.3,Linux x86_64,60.24096386,58b7d3b5f6546e0001ed7233,68dce618a723bff3d9c89c16,,,,,,,,,,,,,,,,,,,,,,,,,,,,,,,,,,,,,,,,,,,,,,,,,,,,,,,,,,,,84,stim_fam/084_rgray_250.png,,,,,,,,,,,,,,,,,,,,,,,,,,,,,,,,,,,,,1.647062095,1011.7372,1013.3856,,,,,,,,FALSE,,FALSE,,,,,,,,,,,,1013.3871,1014.0691,p,0.5465,,139,163,3,1,250,novel,,,FALSE,1014.0696,1014.07,1014.07,1014.0702,,138,0,138,0,1,,
,,,,,696df947894efc8bc40998ab,2026-01-19_09h29.17.054,WP1_3,2025.2.3,Linux x86_64,60.24096386,58b7d3b5f6546e0001ed7233,68dce618a723bff3d9c89c16,,,,,,,,,,,,,,,,,,,,,,,,,,,,,,,,,,,,,,,,,,,,,,,,,,,,,,,,,,,,67,stim_fam/067_rgray_250.png,,,,,,,,,,,,,,,,,,,,,,,,,,,,,,,,,,,,,1.809297652,1014.0709,1015.8702,,,,,,,,FALSE,,FALSE,,,,,,,,,,,,1015.8716,1016.556,p,0.5469,,140,180,3,1,250,novel,,,FALSE,1016.5565,1016.5566,1016.5567,1016.5569,,139,0,139,0,1,,
,,,,,696df947894efc8bc40998ab,2026-01-19_09h29.17.054,WP1_3,2025.2.3,Linux x86_64,60.24096386,58b7d3b5f6546e0001ed7233,68dce618a723bff3d9c89c16,,,,,,,,,,,,,,,,,,,,,,,,,,,,,,,,,,,,,,,,,,,,,,,,,,,,,,,,,,,,27,stim_fam/027_rgray_250.png,,,,,,,,,,,,,,,,,,,,,,,,,,,,,,,,,,,,,2.36132523,1016.5592,1018.9212,,,,,,,,FALSE,,FALSE,,,,,,,,,,,,1018.9237,1019.524,p,0.466,,141,164,3,1,250,novel,,,FALSE,1019.5244,1019.5246,1019.5247,1019.5248,,140,0,140,0,1,,
,,,,,696df947894efc8bc40998ab,2026-01-19_09h29.17.054,WP1_3,2025.2.3,Linux x86_64,60.24096386,58b7d3b5f6546e0001ed7233,68dce618a723bff3d9c89c16,,,,,,,,,,,,,,,,,,,,,,,,,,,,,,,,,,,,,,,,,,,,,,,,,,,,,,,,,,,,72,stim_fam/072_rgray_250.png,,,,,,,,,,,,,,,,,,,,,,,,,,,,,,,,,,,,,2.494733742,1019.5257,1022.0226,,,,,,,,FALSE,,FALSE,,,,,,,,,,,,1022.0242,1022.7898,p,0.6369,,142,174,3,1,250,novel,,,FALSE,1022.79,1022.7902,1022.7902,1022.7905,,141,0,141,0,1,,
,,,,,696df947894efc8bc40998ab,2026-01-19_09h29.17.054,WP1_3,2025.2.3,Linux x86_64,60.24096386,58b7d3b5f6546e0001ed7233,68dce618a723bff3d9c89c16,,,,,,,,,,,,,,,,,,,,,,,,,,,,,,,,,,,,,,,,,,,,,,,,,,,,,,,,,,,,38,Celebrities_Faces/038_02_greyscale_250.png,,,,,,,,,,,,,,,,,,,,,,,,,,,,,,,,,,,,,1.82083302,1022.7912,1024.6069,,,,,,,,TRUE,,FALSE,,,,,,,,,,,,1024.6081,1025.3752,q,0.653,,143,128,3,1,2,familiar,,,FALSE,1025.3756,1025.3758,1025.3758,1025.376,,142,0,142,0,1,,
,,,,,696df947894efc8bc40998ab,2026-01-19_09h29.17.054,WP1_3,2025.2.3,Linux x86_64,60.24096386,58b7d3b5f6546e0001ed7233,68dce618a723bff3d9c89c16,,,,,,,,,,,,,,,,,,,,,,,,,,,,,,,,,,,,,,,,,,,,,,,,,,,,,,,,,,,,85,stim_fam/085_rgray_250.png,,,,,,,,,,,,,,,,,,,,,,,,,,,,,,,,,,,,,1.59530505,1025.377,1026.9751,,,,,,,,FALSE,,FALSE,,,,,,,,,,,,1026.9765,1027.6419,p,0.522,,144,154,3,1,250,novel,,,FALSE,1027.6422,1027.6424,1027.6424,1027.6426,,143,0,143,0,1,,
,,,,,696df947894efc8bc40998ab,2026-01-19_09h29.17.054,WP1_3,2025.2.3,Linux x86_64,60.24096386,58b7d3b5f6546e0001ed7233,68dce618a723bff3d9c89c16,,,,,,,,,,,,,,,,,,,,,,,,,,,,,,,,,,,,,,,,,,,,,,,,,,,,,,,,,,,,49,stim_fam/049_rgray_250.png,,,,,,,,,,,,,,,,,,,,,,,,,,,,,,,,,,,,,2.196840759,1027.6432,1029.843,,,,,,,,FALSE,,FALSE,,,,,,,,,,,,1029.8443,1030.595,p,0.6168,,145,176,3,1,250,novel,,,FALSE,1030.5955,1030.5956,1030.5956,1030.5957,,144,0,144,0,1,,
,,,,,696df947894efc8bc40998ab,2026-01-19_09h29.17.054,WP1_3,2025.2.3,Linux x86_64,60.24096386,58b7d3b5f6546e0001ed7233,68dce618a723bff3d9c89c16,,,,,,,,,,,,,,,,,,,,,,,,,,,,,,,,,,,,,,,,,,,,,,,,,,,,,,,,,,,,56,Celebrities_Faces/056_03_greyscale_250.png,,,,,,,,,,,,,,,,,,,,,,,,,,,,,,,,,,,,,2.099986577,1030.5962,1032.6944,,,,,,,,TRUE,,FALSE,,,,,,,,,,,,1032.6959,1033.4614,q,0.6249,,146,130,3,1,3,familiar,,,FALSE,1033.462,1033.4628,1033.4629,1033.463,,145,0,145,0,1,,
,,,,,696df947894efc8bc40998ab,2026-01-19_09h29.17.054,WP1_3,2025.2.3,Linux x86_64,60.24096386,58b7d3b5f6546e0001ed7233,68dce618a723bff3d9c89c16,,,,,,,,,,,,,,,,,,,,,,,,,,,,,,,,,,,,,,,,,,,,,,,,,,,,,,,,,,,,97,stim_fam/097_rgray_250.png,,,,,,,,,,,,,,,,,,,,,,,,,,,,,,,,,,,,,1.653321868,1033.4637,1035.1118,,,,,,,,FALSE,,FALSE,,,,,,,,,,,,1035.1132,1035.9627,p,0.7107,,147,167,3,1,250,novel,,,FALSE,1035.9632,1035.9633,1035.9633,1035.9635,,146,0,146,0,1,,
,,,,,696df947894efc8bc40998ab,2026-01-19_09h29.17.054,WP1_3,2025.2.3,Linux x86_64,60.24096386,58b7d3b5f6546e0001ed7233,68dce618a723bff3d9c89c16,,,,,,,,,,,,,,,,,,,,,,,,,,,,,,,,,,,,,,,,,,,,,,,,,,,,,,,,,,,,43,stim_fam/043_rgray_250.png,,,,,,,,,,,,,,,,,,,,,,,,,,,,,,,,,,,,,1.673432061,1035.9641,1037.63,,,,,,,,FALSE,,FALSE,,,,,,,,,,,,1037.6313,1038.2156,p,0.4538,,148,160,3,1,250,novel,,,FALSE,1038.2159,1038.2161,1038.2161,1038.2163,,147,0,147,0,1,,
,,,,,696df947894efc8bc40998ab,2026-01-19_09h29.17.054,WP1_3,2025.2.3,Linux x86_64,60.24096386,58b7d3b5f6546e0001ed7233,68dce618a723bff3d9c89c16,,,,,,,,,,,,,,,,,,,,,,,,,,,,,,,,,,,,,,,,,,,,,,,,,,,,,,,,,,,,26,Celebrities_Faces/026_03_greyscale_250.png,,,,,,,,,,,,,,,,,,,,,,,,,,,,,,,,,,,,,1.866243045,1038.217,1040.081,,,,,,,,TRUE,,FALSE,,,,,,,,,,,,1040.0827,1040.8812,q,0.6739,,149,132,3,1,3,familiar,,,FALSE,1040.8816,1040.8817,1040.8818,1040.882,,148,0,148,0,1,,
,,,,,696df947894efc8bc40998ab,2026-01-19_09h29.17.054,WP1_3,2025.2.3,Linux x86_64,60.24096386,58b7d3b5f6546e0001ed7233,68dce618a723bff3d9c89c16,,,,,,,,,,,,,,,,,,,,,,,,,,,,,,,,,,,,,,,,,,,,,,,,,,,,,,,,,,,,48,stim_fam/048_rgray_250.png,,,,,,,,,,,,,,,,,,,,,,,,,,,,,,,,,,,,,2.359523854,1040.883,1043.2325,,,,,,,,FALSE,,FALSE,,,,,,,,,,,,1043.234,1044.0163,p,0.6426,,150,177,3,1,250,novel,,,FALSE,1044.0167,1044.0168,1044.0168,1044.0171,,149,0,149,0,1,,
,,,,,696df947894efc8bc40998ab,2026-01-19_09h29.17.054,WP1_3,2025.2.3,Linux x86_64,60.24096386,58b7d3b5f6546e0001ed7233,68dce618a723bff3d9c89c16,,,,,,,,,,,,,,,,,,,,,,,,,,,,,,,,,,,,,,,,,,,,,,,,,,,,,,,,,,,,42,Celebrities_Faces/042_01_greyscale_250.png,,,,,,,,,,,,,,,,,,,,,,,,,,,,,,,,,,,,,2.009754898,1044.018,1046.017,,,,,,,,TRUE,,FALSE,,,,,,,,,,,,1046.0186,1046.7007,p,0.5401,,151,135,3,1,1,familiar,,,FALSE,1046.7011,1046.7012,1046.7012,1046.7013,,150,0,150,0,1,,
,,,,,696df947894efc8bc40998ab,2026-01-19_09h29.17.054,WP1_3,2025.2.3,Linux x86_64,60.24096386,58b7d3b5f6546e0001ed7233,68dce618a723bff3d9c89c16,,,,,,,,,,,,,,,,,,,,,,,,,,,,,,,,,,,,,,,,,,,,,,,,,,,,,,,,,,,,24,Celebrities_Faces/024_01_greyscale_250.png,,,,,,,,,,,,,,,,,,,,,,,,,,,,,,,,,,,,,2.34644157,1046.702,1049.0514,,,,,,,,TRUE,,FALSE,,,,,,,,,,,,1049.053,1050.0691,p,0.8798,,152,149,3,1,1,familiar,,,FALSE,1050.0694,1050.0696,1050.0696,1050.0697,,151,0,151,0,1,,
,,,,,696df947894efc8bc40998ab,2026-01-19_09h29.17.054,WP1_3,2025.2.3,Linux x86_64,60.24096386,58b7d3b5f6546e0001ed7233,68dce618a723bff3d9c89c16,,,,,,,,,,,,,,,,,,,,,,,,,,,,,,,,,,,,,,,,,,,,,,,,,,,,,,,,,,,,14,stim_fam/014_rgray_250.png,,,,,,,,,,,,,,,,,,,,,,,,,,,,,,,,,,,,,1.97781457,1050.0706,1052.0365,,,,,,,,FALSE,,FALSE,,,,,,,,,,,,1052.0374,1052.72,p,0.5602,,153,155,3,1,250,novel,,,FALSE,1052.7203,1052.7204,1052.7205,1052.7207,,152,0,152,0,1,,
,,,,,696df947894efc8bc40998ab,2026-01-19_09h29.17.054,WP1_3,2025.2.3,Linux x86_64,60.24096386,58b7d3b5f6546e0001ed7233,68dce618a723bff3d9c89c16,,,,,,,,,,,,,,,,,,,,,,,,,,,,,,,,,,,,,,,,,,,,,,,,,,,,,,,,,,,,34,Celebrities_Faces/034_01_greyscale_250.png,,,,,,,,,,,,,,,,,,,,,,,,,,,,,,,,,,,,,2.096424011,1052.7212,1054.8209,,,,,,,,TRUE,,FALSE,,,,,,,,,,,,1054.8223,1055.6381,q,0.6747,,154,133,3,1,1,familiar,,,FALSE,1055.6384,1055.6386,1055.6386,1055.6388,,153,0,153,0,1,,
,,,,,696df947894efc8bc40998ab,2026-01-19_09h29.17.054,WP1_3,2025.2.3,Linux x86_64,60.24096386,58b7d3b5f6546e0001ed7233,68dce618a723bff3d9c89c16,,,,,,,,,,,,,,,,,,,,,,,,,,,,,,,,,,,,,,,,,,,,,,,,,,,,,,,,,,,,18,Celebrities_Faces/018_01_greyscale_250.png,,,,,,,,,,,,,,,,,,,,,,,,,,,,,,,,,,,,,1.69006274,1055.6393,1057.3219,,,,,,,,TRUE,,FALSE,,,,,,,,,,,,1057.3243,1058.039,q,0.5729,,155,127,3,1,1,familiar,,,FALSE,1058.0394,1058.0396,1058.0397,1058.0399,,154,0,154,0,1,,
,,,,,696df947894efc8bc40998ab,2026-01-19_09h29.17.054,WP1_3,2025.2.3,Linux x86_64,60.24096386,58b7d3b5f6546e0001ed7233,68dce618a723bff3d9c89c16,,,,,,,,,,,,,,,,,,,,,,,,,,,,,,,,,,,,,,,,,,,,,,,,,,,,,,,,,,,,68,stim_fam/068_rgray_250.png,,,,,,,,,,,,,,,,,,,,,,,,,,,,,,,,,,,,,1.719549604,1058.0406,1059.7563,,,,,,,,FALSE,,FALSE,,,,,,,,,,,,1059.7578,1060.5738,p,0.6793,,156,170,3,1,250,novel,,,FALSE,1060.5746,1060.5748,1060.5748,1060.575,,155,0,155,0,1,,
,,,,,696df947894efc8bc40998ab,2026-01-19_09h29.17.054,WP1_3,2025.2.3,Linux x86_64,60.24096386,58b7d3b5f6546e0001ed7233,68dce618a723bff3d9c89c16,,,,,,,,,,,,,,,,,,,,,,,,,,,,,,,,,,,,,,,,,,,,,,,,,,,,,,,,,,,,11,stim_fam/011_rgray_250.png,,,,,,,,,,,,,,,,,,,,,,,,,,,,,,,,,,,,,1.886629154,1060.5761,1062.458,,,,,,,,FALSE,,FALSE,,,,,,,,,,,,1062.4601,1063.1746,p,0.5796,,157,179,3,1,250,novel,,,FALSE,1063.175,1063.1751,1063.1752,1063.1753,,156,0,156,0,1,,
,,,,,696df947894efc8bc40998ab,2026-01-19_09h29.17.054,WP1_3,2025.2.3,Linux x86_64,60.24096386,58b7d3b5f6546e0001ed7233,68dce618a723bff3d9c89c16,,,,,,,,,,,,,,,,,,,,,,,,,,,,,,,,,,,,,,,,,,,,,,,,,,,,,,,,,,,,76,stim_fam/076_rgray_250.png,,,,,,,,,,,,,,,,,,,,,,,,,,,,,,,,,,,,,1.507038278,1063.1764,1064.6757,,,,,,,,FALSE,,FALSE,,,,,,,,,,,,1064.677,1065.5121,p,0.6995,,158,166,3,1,250,novel,,,FALSE,1065.5125,1065.5126,1065.5126,1065.5128,,157,0,157,0,1,,
,,,,,696df947894efc8bc40998ab,2026-01-19_09h29.17.054,WP1_3,2025.2.3,Linux x86_64,60.24096386,58b7d3b5f6546e0001ed7233,68dce618a723bff3d9c89c16,,,,,,,,,,,,,,,,,,,,,,,,,,,,,,,,,,,,,,,,,,,,,,,,,,,,,,,,,,,,16,Celebrities_Faces/016_01_greyscale_250.png,,,,,,,,,,,,,,,,,,,,,,,,,,,,,,,,,,,,,2.001428472,1065.5135,1067.5104,,,,,,,,TRUE,,FALSE,,,,,,,,,,,,1067.5118,1068.2789,q,0.6327,,159,146,3,1,1,familiar,,,FALSE,1068.2792,1068.2794,1068.2797,1068.2799,,158,0,158,0,1,,
,,,,,696df947894efc8bc40998ab,2026-01-19_09h29.17.054,WP1_3,2025.2.3,Linux x86_64,60.24096386,58b7d3b5f6546e0001ed7233,68dce618a723bff3d9c89c16,,,,,,,,,,,,,,,,,,,,,,,,,,,,,,,,,,,,,,,,,,,,,,,,,,,,,,,,,,,,40,stim_fam/040_rgray_250.png,,,,,,,,,,,,,,,,,,,,,,,,,,,,,,,,,,,,,2.006502867,1068.2805,1070.2778,,,,,,,,FALSE,,FALSE,,,,,,,,,,,,1070.2791,1070.9951,p,0.5857,,160,158,3,1,250,novel,,,FALSE,1070.9955,1070.9957,1070.9957,1070.9959,,159,0,159,0,1,,
,,,,,696df947894efc8bc40998ab,2026-01-19_09h29.17.054,WP1_3,2025.2.3,Linux x86_64,60.24096386,58b7d3b5f6546e0001ed7233,68dce618a723bff3d9c89c16,,,,,,,,,,,,,,,,,,,,,,,,,,,,,,,,,,,,,,,,,,,,,,,,,,,,,,,,,,,,41,stim_fam/041_rgray_250.png,,,,,,,,,,,,,,,,,,,,,,,,,,,,,,,,,,,,,1.744938761,1070.9966,1072.7458,,,,,,,,FALSE,,FALSE,,,,,,,,,,,,1072.7471,1073.4473,p,0.5746,,161,172,3,1,250,novel,,,FALSE,1073.4477,1073.4479,1073.4479,1073.4481,,160,0,160,0,1,,
,,,,,696df947894efc8bc40998ab,2026-01-19_09h29.17.054,WP1_3,2025.2.3,Linux x86_64,60.24096386,58b7d3b5f6546e0001ed7233,68dce618a723bff3d9c89c16,,,,,,,,,,,,,,,,,,,,,,,,,,,,,,,,,,,,,,,,,,,,,,,,,,,,,,,,,,,,53,Celebrities_Faces/053_03_greyscale_250.png,,,,,,,,,,,,,,,,,,,,,,,,,,,,,,,,,,,,,1.946809849,1073.4487,1075.3972,,,,,,,,TRUE,,FALSE,,,,,,,,,,,,1075.3987,1076.2306,q,0.6906,,162,139,3,1,3,familiar,,,FALSE,1076.231,1076.2311,1076.2312,1076.2313,,161,0,161,0,1,,
,,,,,696df947894efc8bc40998ab,2026-01-19_09h29.17.054,WP1_3,2025.2.3,Linux x86_64,60.24096386,58b7d3b5f6546e0001ed7233,68dce618a723bff3d9c89c16,,,,,,,,,,,,,,,,,,,,,,,,,,,,,,,,,,,,,,,,,,,,,,,,,,,,,,,,,,,,29,stim_fam/029_rgray_250.png,,,,,,,,,,,,,,,,,,,,,,,,,,,,,,,,,,,,,1.728842578,1076.232,1077.9645,,,,,,,,FALSE,,FALSE,,,,,,,,,,,,1077.9659,1078.7487,p,0.6443,,163,153,3,1,250,novel,,,FALSE,1078.7491,1078.7492,1078.7493,1078.7494,,162,0,162,0,1,,
,,,,,696df947894efc8bc40998ab,2026-01-19_09h29.17.054,WP1_3,2025.2.3,Linux x86_64,60.24096386,58b7d3b5f6546e0001ed7233,68dce618a723bff3d9c89c16,,,,,,,,,,,,,,,,,,,,,,,,,,,,,,,,,,,,,,,,,,,,,,,,,,,,,,,,,,,,54,Celebrities_Faces/054_01_greyscale_250.png,,,,,,,,,,,,,,,,,,,,,,,,,,,,,,,,,,,,,1.535045296,1078.75,1080.2823,,,,,,,,TRUE,,FALSE,,,,,,,,,,,,1080.2838,1080.9496,q,0.5112,,164,143,3,1,1,familiar,,,FALSE,1080.95,1080.9502,1080.9502,1080.9504,,163,0,163,0,1,,
,,,,,696df947894efc8bc40998ab,2026-01-19_09h29.17.054,WP1_3,2025.2.3,Linux x86_64,60.24096386,58b7d3b5f6546e0001ed7233,68dce618a723bff3d9c89c16,,,,,,,,,,,,,,,,,,,,,,,,,,,,,,,,,,,,,,,,,,,,,,,,,,,,,,,,,,,,59,Celebrities_Faces/059_03_greyscale_250.png,,,,,,,,,,,,,,,,,,,,,,,,,,,,,,,,,,,,,2.17705293,1080.951,1083.1168,,,,,,,,TRUE,,FALSE,,,,,,,,,,,,1083.1187,1083.8673,q,0.6059,,165,129,3,1,3,familiar,,,FALSE,1083.8678,1083.8679,1083.8679,1083.868,,164,0,164,0,1,,
,,,,,696df947894efc8bc40998ab,2026-01-19_09h29.17.054,WP1_3,2025.2.3,Linux x86_64,60.24096386,58b7d3b5f6546e0001ed7233,68dce618a723bff3d9c89c16,,,,,,,,,,,,,,,,,,,,,,,,,,,,,,,,,,,,,,,,,,,,,,,,,,,,,,,,,,,,10,Celebrities_Faces/010_02_greyscale_250.png,,,,,,,,,,,,,,,,,,,,,,,,,,,,,,,,,,,,,2.473969384,1083.8687,1086.335,,,,,,,,TRUE,,FALSE,,,,,,,,,,,,1086.3366,1086.9857,q,0.5154,,166,126,3,1,2,familiar,,,FALSE,1086.9861,1086.9862,1086.9862,1086.9864,,165,0,165,0,1,,
,,,,,696df947894efc8bc40998ab,2026-01-19_09h29.17.054,WP1_3,2025.2.3,Linux x86_64,60.24096386,58b7d3b5f6546e0001ed7233,68dce618a723bff3d9c89c16,,,,,,,,,,,,,,,,,,,,,,,,,,,,,,,,,,,,,,,,,,,,,,,,,,,,,,,,,,,,11,Celebrities_Faces/011_02_greyscale_250.png,,,,,,,,,,,,,,,,,,,,,,,,,,,,,,,,,,,,,1.606711663,1086.987,1088.5866,,,,,,,,TRUE,,FALSE,,,,,,,,,,,,1088.5881,1089.4077,p,0.6807,,167,125,3,1,2,familiar,,,FALSE,1089.4081,1089.4082,1089.4082,1089.4084,,166,0,166,0,1,,
,,,,,696df947894efc8bc40998ab,2026-01-19_09h29.17.054,WP1_3,2025.2.3,Linux x86_64,60.24096386,58b7d3b5f6546e0001ed7233,68dce618a723bff3d9c89c16,,,,,,,,,,,,,,,,,,,,,,,,,,,,,,,,,,,,,,,,,,,,,,,,,,,,,,,,,,,,50,stim_fam/050_rgray_250.png,,,,,,,,,,,,,,,,,,,,,,,,,,,,,,,,,,,,,1.581308122,1089.4091,1090.9872,,,,,,,,FALSE,,FALSE,,,,,,,,,,,,1090.9884,1091.7043,p,0.5903,,168,152,3,1,250,novel,,,FALSE,1091.7047,1091.7048,1091.7048,1091.705,,167,0,167,0,1,,
,,,,,696df947894efc8bc40998ab,2026-01-19_09h29.17.054,WP1_3,2025.2.3,Linux x86_64,60.24096386,58b7d3b5f6546e0001ed7233,68dce618a723bff3d9c89c16,,,,,,,,,,,,,,,,,,,,,,,,,,,,,,,,,,,,,,,,,,,,,,,,,,,,,,,,,,,,52,stim_fam/052_rgray_250.png,,,,,,,,,,,,,,,,,,,,,,,,,,,,,,,,,,,,,2.280838106,1091.7058,1093.9884,,,,,,,,FALSE,,FALSE,,,,,,,,,,,,1093.9898,1094.7058,p,0.5691,,169,168,3,1,250,novel,,,FALSE,1094.706,1094.7063,1094.7064,1094.7066,,168,0,168,0,1,,
,,,,,696df947894efc8bc40998ab,2026-01-19_09h29.17.054,WP1_3,2025.2.3,Linux x86_64,60.24096386,58b7d3b5f6546e0001ed7233,68dce618a723bff3d9c89c16,,,,,,,,,,,,,,,,,,,,,,,,,,,,,,,,,,,,,,,,,,,,,,,,,,,,,,,,,,,,2,Celebrities_Faces/002_03_greyscale_250.png,,,,,,,,,,,,,,,,,,,,,,,,,,,,,,,,,,,,,1.597913717,1094.7073,1096.3062,,,,,,,,TRUE,,FALSE,,,,,,,,,,,,1096.3076,1096.9403,p,0.5006,,170,138,3,1,3,familiar,,,FALSE,1096.9406,1096.9407,1096.9408,1096.9409,,169,0,169,0,1,,
,,,,,696df947894efc8bc40998ab,2026-01-19_09h29.17.054,WP1_3,2025.2.3,Linux x86_64,60.24096386,58b7d3b5f6546e0001ed7233,68dce618a723bff3d9c89c16,,,,,,,,,,,,,,,,,,,,,,,,,,,,,,,,,,,,,,,,,,,,,,,,,,,,,,,,,,,,45,Celebrities_Faces/045_01_greyscale_250.png,,,,,,,,,,,,,,,,,,,,,,,,,,,,,,,,,,,,,1.665282363,1096.9415,1098.6074,,,,,,,,TRUE,,FALSE,,,,,,,,,,,,1098.609,1099.5253,q,0.7825,,171,134,3,1,1,familiar,,,FALSE,1099.5265,1099.5268,1099.5268,1099.527,,170,0,170,0,1,,
,,,,,696df947894efc8bc40998ab,2026-01-19_09h29.17.054,WP1_3,2025.2.3,Linux x86_64,60.24096386,58b7d3b5f6546e0001ed7233,68dce618a723bff3d9c89c16,,,,,,,,,,,,,,,,,,,,,,,,,,,,,,,,,,,,,,,,,,,,,,,,,,,,,,,,,,,,29,Celebrities_Faces/029_01_greyscale_250.png,,,,,,,,,,,,,,,,,,,,,,,,,,,,,,,,,,,,,2.182278826,1099.5276,1101.7087,,,,,,,,TRUE,,FALSE,,,,,,,,,,,,1101.7102,1102.4926,p,0.6487,,172,140,3,1,1,familiar,,,FALSE,1102.4932,1102.4935,1102.4935,1102.4939,,171,0,171,0,1,,
,,,,,696df947894efc8bc40998ab,2026-01-19_09h29.17.054,WP1_3,2025.2.3,Linux x86_64,60.24096386,58b7d3b5f6546e0001ed7233,68dce618a723bff3d9c89c16,,,,,,,,,,,,,,,,,,,,,,,,,,,,,,,,,,,,,,,,,,,,,,,,,,,,,,,,,,,,4,Celebrities_Faces/004_02_greyscale_250.png,,,,,,,,,,,,,,,,,,,,,,,,,,,,,,,,,,,,,2.044652708,1102.4948,1104.5436,,,,,,,,TRUE,,FALSE,,,,,,,,,,,,1104.5451,1105.5965,q,0.9142,,173,147,3,1,2,familiar,,,FALSE,1105.5969,1105.597,1105.5971,1105.5972,,172,0,172,0,1,,
,,,,,696df947894efc8bc40998ab,2026-01-19_09h29.17.054,WP1_3,2025.2.3,Linux x86_64,60.24096386,58b7d3b5f6546e0001ed7233,68dce618a723bff3d9c89c16,,,,,,,,,,,,,,,,,,,,,,,,,,,,,,,,,,,,,,,,,,,,,,,,,,,,,,,,,,,,51,Celebrities_Faces/051_02_greyscale_250.png,,,,,,,,,,,,,,,,,,,,,,,,,,,,,,,,,,,,,2.06537577,1105.5979,1107.6613,,,,,,,,TRUE,,FALSE,,,,,,,,,,,,1107.6629,1108.4302,q,0.6249,,174,136,3,1,2,familiar,,,FALSE,1108.4305,1108.4307,1108.4307,1108.4309,,173,0,173,0,1,,
,,,,,696df947894efc8bc40998ab,2026-01-19_09h29.17.054,WP1_3,2025.2.3,Linux x86_64,60.24096386,58b7d3b5f6546e0001ed7233,68dce618a723bff3d9c89c16,,,,,,,,,,,,,,,,,,,,,,,,,,,,,,,,,,,,,,,,,,,,,,,,,,,,,,,,,,,,21,Celebrities_Faces/021_01_greyscale_250.png,,,,,,,,,,,,,,,,,,,,,,,,,,,,,,,,,,,,,1.653977422,1108.4318,1110.0792,,,,,,,,TRUE,,FALSE,,,,,,,,,,,,1110.0807,1110.8797,p,0.6576,,175,141,3,1,1,familiar,,,FALSE,1110.88,1110.8802,1110.8802,1110.8804,,174,0,174,0,1,,
,,,,,696df947894efc8bc40998ab,2026-01-19_09h29.17.054,WP1_3,2025.2.3,Linux x86_64,60.24096386,58b7d3b5f6546e0001ed7233,68dce618a723bff3d9c89c16,,,,,,,,,,,,,,,,,,,,,,,,,,,,,,,,,,,,,,,,,,,,,,,,,,,,,,,,,,,,96,stim_fam/096_rgray_250.png,,,,,,,,,,,,,,,,,,,,,,,,,,,,,,,,,,,,,2.34319298,1110.881,1113.2141,,,,,,,,FALSE,,FALSE,,,,,,,,,,,,1113.2155,1114.0481,p,0.6937,,176,159,3,1,250,novel,,,FALSE,1114.0485,1114.0486,1114.0487,1114.0488,,175,0,175,0,1,,
,,,,,696df947894efc8bc40998ab,2026-01-19_09h29.17.054,WP1_3,2025.2.3,Linux x86_64,60.24096386,58b7d3b5f6546e0001ed7233,68dce618a723bff3d9c89c16,,,,,,,,,,,,,,,,,,,,,,,,,,,,,,,,,,,,,,,,,,,,,,,,,,,,,,,,,,,,63,stim_fam/063_rgray_250.png,,,,,,,,,,,,,,,,,,,,,,,,,,,,,,,,,,,,,2.110011628,1114.0494,1116.1486,,,,,,,,FALSE,,FALSE,,,,,,,,,,,,1116.1502,1116.999,p,0.7108,,177,151,3,1,250,novel,,,FALSE,1116.9996,1116.9997,1116.9997,1116.9999,,176,0,176,0,1,,
,,,,,696df947894efc8bc40998ab,2026-01-19_09h29.17.054,WP1_3,2025.2.3,Linux x86_64,60.24096386,58b7d3b5f6546e0001ed7233,68dce618a723bff3d9c89c16,,,,,,,,,,,,,,,,,,,,,,,,,,,,,,,,,,,,,,,,,,,,,,,,,,,,,,,,,,,,71,stim_fam/071_rgray_250.png,,,,,,,,,,,,,,,,,,,,,,,,,,,,,,,,,,,,,2.320274902,1117.0005,1119.317,,,,,,,,FALSE,,FALSE,,,,,,,,,,,,1119.3191,1120.0338,p,0.5868,,178,171,3,1,250,novel,,,FALSE,1120.0343,1120.0345,1120.0345,1120.0347,,177,0,177,0,1,,
,,,,,696df947894efc8bc40998ab,2026-01-19_09h29.17.054,WP1_3,2025.2.3,Linux x86_64,60.24096386,58b7d3b5f6546e0001ed7233,68dce618a723bff3d9c89c16,,,,,,,,,,,,,,,,,,,,,,,,,,,,,,,,,,,,,,,,,,,,,,,,,,,,,,,,,,,,44,Celebrities_Faces/044_03_greyscale_250.png,,,,,,,,,,,,,,,,,,,,,,,,,,,,,,,,,,,,,1.825720682,1120.0355,1121.8516,,,,,,,,TRUE,,FALSE,,,,,,,,,,,,1121.853,1122.9028,q,0.9149,,179,142,3,1,3,familiar,,,FALSE,1122.9031,1122.9033,1122.9033,1122.904,,178,0,178,0,1,,
,,,,,696df947894efc8bc40998ab,2026-01-19_09h29.17.054,WP1_3,2025.2.3,Linux x86_64,60.24096386,58b7d3b5f6546e0001ed7233,68dce618a723bff3d9c89c16,,,,,,,,,,,,,,,,,,,,,,,,,,,,,,,,,,,,,,,,,,,,,,,,,,,,,,,,,,,,55,stim_fam/055_rgray_250.png,,,,,,,,,,,,,,,,,,,,,,,,,,,,,,,,,,,,,2.476481257,1122.9047,1125.3693,,,,,,,,FALSE,,FALSE,,,,,,,,,,,,1125.3708,1126.171,p,0.6504,,180,156,3,1,250,novel,,,FALSE,1126.1714,1126.1716,1126.1717,1126.1718,,179,0,179,0,1,,
