Study_information_1.started,Study_information_1.stopped,key_resp.keys,key_resp.rt,key_resp.duration,session,date,expName,psychopyVersion,OS,frameRate,participant,study_id,Study_information_2.started,Study_information_2.stopped,key_resp_2.keys,key_resp_2.rt,key_resp_2.duration,Study_information_3.started,Study_information_3.stopped,key_resp_3.keys,key_resp_3.rt,key_resp_3.duration,Consent.started,Consent.stopped,key_resp_5.keys,key_resp_5.rt,key_resp_5.duration,Instruction_1.started,Instruction_1.stopped,space_cont.keys,space_cont.rt,space_cont.duration,Instruction_2.started,Instruction_2.stopped,space_cont_2.keys,space_cont_2.rt,space_cont_2.duration,Instruction_3.started,Instruction_3.stopped,space_cont_3.keys,space_cont_3.rt,space_cont_3.duration,Instruction_4.started,Instruction_4.stopped,space_cont_4.keys,space_cont_4.rt,space_cont_4.duration,Instruction_5.started,Instruction_5.stopped,space_cont_5.keys,space_cont_5.rt,space_cont_5.duration,Familiarity_Rating.started,Familiarity_Rating.stopped,familiarity_scale.response,familiarity_scale.rt,key_resp_familiarity.keys,familiarity_rating,Valence_Rating.started,Valence_Rating.stopped,valence_scale.response,valence_scale.rt,key_resp_valence.keys,key_resp_valence.rt,key_resp_valence.duration,valence_rating,Name_Selection.started,Name_Selection.stopped,key_resp_naming.keys,key_resp_naming.rt,key_resp_naming.duration,identity_no,image_file,correct_name,selected_name_option,selected_name,correct_name_option,name_correct,qualifies_for_part2,qualified_count_so_far,trials_rating.thisRepN,trials_rating.thisTrialN,trials_rating.thisN,trials_rating.thisIndex,trials_rating.ran,Identity_no,Image,Option1,Option2,Option3,Option4,CorrectName,selection_method,num_selected_identities,qualified_identity_nos,break_1.started,break_1.stopped,Load_Recognition_Trials.started,Load_Recognition_Trials.stopped,Instruction_recog_1.started,Instruction_recog_1.stopped,space_cont_6.keys,space_cont_6.rt,space_cont_6.duration,Instruction_recog_2.started,Instruction_recog_2.stopped,space_cont_7.keys,space_cont_7.rt,space_cont_7.duration,fixation_duration,fix_cross.started,fix_cross.stopped,Practice_Recognition_Trial.started,Practice_Recognition_Trial.stopped,key_resp_practice.keys,key_resp_practice.rt,key_resp_practice.duration,is_practice,practice_trial_number,is_familiar,participant_response,too_slow,response_time,practice_trials.thisRepN,practice_trials.thisTrialN,practice_trials.thisN,practice_trials.thisIndex,practice_trials.ran,Instruction_recog.started,Instruction_recog.stopped,space_cont_8.keys,space_cont_8.rt,space_cont_8.duration,Recognition_trials.started,Recognition_trials.stopped,key_resp_recognition.keys,key_resp_recognition.rt,key_resp_recognition.duration,recognition_trial_number,original_trial_number,block,trial_in_block,orientation,identity_type,response_familiar,correct,valid_response,Too_slow.started,Too_slow.stopped,break_recog.started,break_recog.stopped,key_resp_6.keys,trials.thisRepN,trials.thisTrialN,trials.thisN,trials.thisIndex,trials.ran,key_resp_6.rt,key_resp_6.duration,End_experiment.started,End_experiment.stopped
0.000200001,23.7555,space,23.7052,,696dfb3cfe039751c30eba20,2026-01-19_09h38.15.724,WP1_3,2025.2.3,Win32,30.03003003,681b781064a5701a5ceee3bc,68dce618a723bff3d9c89c16,,,,,,,,,,,,,,,,,,,,,,,,,,,,,,,,,,,,,,,,,,,,,,,,,,,,,,,,,,,,,,,,,,,,,,,,,,,,,,,,,,,,,,,,,,,,,,,,,,,,,,,,,,,,,,,,,,,,,,,,,,,,,,,,,,,,,,,,,,,,,,,,,,,,,
,,,,,696dfb3cfe039751c30eba20,2026-01-19_09h38.15.724,WP1_3,2025.2.3,Win32,30.03003003,681b781064a5701a5ceee3bc,68dce618a723bff3d9c89c16,23.7556,30.9759,space,7.188299999,,,,,,,,,,,,,,,,,,,,,,,,,,,,,,,,,,,,,,,,,,,,,,,,,,,,,,,,,,,,,,,,,,,,,,,,,,,,,,,,,,,,,,,,,,,,,,,,,,,,,,,,,,,,,,,,,,,,,,,,,,,,,,,,,,,,,,,,,,,,,,,,,
,,,,,696dfb3cfe039751c30eba20,2026-01-19_09h38.15.724,WP1_3,2025.2.3,Win32,30.03003003,681b781064a5701a5ceee3bc,68dce618a723bff3d9c89c16,,,,,,30.9759,39.287,space,8.277,,,,,,,,,,,,,,,,,,,,,,,,,,,,,,,,,,,,,,,,,,,,,,,,,,,,,,,,,,,,,,,,,,,,,,,,,,,,,,,,,,,,,,,,,,,,,,,,,,,,,,,,,,,,,,,,,,,,,,,,,,,,,,,,,,,,,,,,,,,,
,,,,,696dfb3cfe039751c30eba20,2026-01-19_09h38.15.724,WP1_3,2025.2.3,Win32,30.03003003,681b781064a5701a5ceee3bc,68dce618a723bff3d9c89c16,,,,,,,,,,,39.2872,48.1002,space,8.770400002,,,,,,,,,,,,,,,,,,,,,,,,,,,,,,,,,,,,,,,,,,,,,,,,,,,,,,,,,,,,,,,,,,,,,,,,,,,,,,,,,,,,,,,,,,,,,,,,,,,,,,,,,,,,,,,,,,,,,,,,,,,,,,,,,,,,,,,
,,,,,696dfb3cfe039751c30eba20,2026-01-19_09h38.15.724,WP1_3,2025.2.3,Win32,30.03003003,681b781064a5701a5ceee3bc,68dce618a723bff3d9c89c16,,,,,,,,,,,,,,,,48.1002,61.3365,space,13.194,,,,,,,,,,,,,,,,,,,,,,,,,,,,,,,,,,,,,,,,,,,,,,,,,,,,,,,,,,,,,,,,,,,,,,,,,,,,,,,,,,,,,,,,,,,,,,,,,,,,,,,,,,,,,,,,,,,,,,,,,,,,,,,,,,
,,,,,696dfb3cfe039751c30eba20,2026-01-19_09h38.15.724,WP1_3,2025.2.3,Win32,30.03003003,681b781064a5701a5ceee3bc,68dce618a723bff3d9c89c16,,,,,,,,,,,,,,,,,,,,,61.3366,81.5544,space,20.1808,,,,,,,,,,,,,,,,,,,,,,,,,,,,,,,,,,,,,,,,,,,,,,,,,,,,,,,,,,,,,,,,,,,,,,,,,,,,,,,,,,,,,,,,,,,,,,,,,,,,,,,,,,,,,,,,,,,,,,,,,,,,,
,,,,,696dfb3cfe039751c30eba20,2026-01-19_09h38.15.724,WP1_3,2025.2.3,Win32,30.03003003,681b781064a5701a5ceee3bc,68dce618a723bff3d9c89c16,,,,,,,,,,,,,,,,,,,,,,,,,,81.5546,87.7165,space,6.1314,,,,,,,,,,,,,,,,,,,,,,,,,,,,,,,,,,,,,,,,,,,,,,,,,,,,,,,,,,,,,,,,,,,,,,,,,,,,,,,,,,,,,,,,,,,,,,,,,,,,,,,,,,,,,,,,,,,,,,,,
,,,,,696dfb3cfe039751c30eba20,2026-01-19_09h38.15.724,WP1_3,2025.2.3,Win32,30.03003003,681b781064a5701a5ceee3bc,68dce618a723bff3d9c89c16,,,,,,,,,,,,,,,,,,,,,,,,,,,,,,,87.7166,100.761,space,13.0077,,,,,,,,,,,,,,,,,,,,,,,,,,,,,,,,,,,,,,,,,,,,,,,,,,,,,,,,,,,,,,,,,,,,,,,,,,,,,,,,,,,,,,,,,,,,,,,,,,,,,,,,,,,,,,,,,,,
,,,,,696dfb3cfe039751c30eba20,2026-01-19_09h38.15.724,WP1_3,2025.2.3,Win32,30.03003003,681b781064a5701a5ceee3bc,68dce618a723bff3d9c89c16,,,,,,,,,,,,,,,,,,,,,,,,,,,,,,,,,,,,100.7611,114.1624,space,13.3705,,,,,,,,,,,,,,,,,,,,,,,,,,,,,,,,,,,,,,,,,,,,,,,,,,,,,,,,,,,,,,,,,,,,,,,,,,,,,,,,,,,,,,,,,,,,,,,,,,,,,,,,,,,,,,
,,,,,696dfb3cfe039751c30eba20,2026-01-19_09h38.15.724,WP1_3,2025.2.3,Win32,30.03003003,681b781064a5701a5ceee3bc,68dce618a723bff3d9c89c16,,,,,,,,,,,,,,,,,,,,,,,,,,,,,,,,,,,,,,,,,114.1715,123.5315,,,,1,123.5327,127.5053,,,"[""space""]",[3.8308000011444108],[null],5,127.5062,134.7945,space,7.1454,,29,Celebrities_Faces/029_rating.jpg,Tom Holland,1,Bradley Cooper,0,FALSE,FALSE,0,0,0,0,28,1,29,Celebrities_Faces/029_rating.jpg,Tom Holland,Bradley Cooper,Dwayne Johnson,George W.Bush,Tom Holland,,,,,,,,,,,,,,,,,,,,,,,,,,,,,,,,,,,,,,,,,,,,,,,,,,,,,,,,,,,,,,,,,,,,,
,,,,,696dfb3cfe039751c30eba20,2026-01-19_09h38.15.724,WP1_3,2025.2.3,Win32,30.03003003,681b781064a5701a5ceee3bc,68dce618a723bff3d9c89c16,,,,,,,,,,,,,,,,,,,,,,,,,,,,,,,,,,,,,,,,,134.7958,144.1741,,,,9,144.1745,146.8646,,,"[""right"",""right"",""space""]","[0.7321999988556058,1.078199998855581,2.624299999237053]","[null,null,null]",7,146.868,150.0836,space,3.142,,34,Celebrities_Faces/034_rating.jpg,Angelina Jolie,2,Angelina Jolie,2,TRUE,TRUE,1,0,1,1,33,1,34,Celebrities_Faces/034_rating.jpg,Anya Taylor-Joy,Maria Sharapova,Angelina Jolie,Nicole Kidman,Angelina Jolie,,,,,,,,,,,,,,,,,,,,,,,,,,,,,,,,,,,,,,,,,,,,,,,,,,,,,,,,,,,,,,,,,,,,,
,,,,,696dfb3cfe039751c30eba20,2026-01-19_09h38.15.724,WP1_3,2025.2.3,Win32,30.03003003,681b781064a5701a5ceee3bc,68dce618a723bff3d9c89c16,,,,,,,,,,,,,,,,,,,,,,,,,,,,,,,,,,,,,,,,,150.085,155.6087,,,,7,155.6091,159.6331,,,"[""space""]",[3.9819999999999993],[null],5,159.6357,163.3541,space,3.6764,,4,Celebrities_Faces/004_rating.jpg,Cristiano Ronaldo,3,Cristiano Ronaldo,3,TRUE,TRUE,2,0,2,2,3,1,4,Celebrities_Faces/004_rating.jpg,Matt Damon,Robert De Niro,Denzel Washighton,Cristiano Ronaldo,Cristiano Ronaldo,,,,,,,,,,,,,,,,,,,,,,,,,,,,,,,,,,,,,,,,,,,,,,,,,,,,,,,,,,,,,,,,,,,,,
,,,,,696dfb3cfe039751c30eba20,2026-01-19_09h38.15.724,WP1_3,2025.2.3,Win32,30.03003003,681b781064a5701a5ceee3bc,68dce618a723bff3d9c89c16,,,,,,,,,,,,,,,,,,,,,,,,,,,,,,,,,,,,,,,,,163.355,166.9511,,,,6,166.9516,169.1183,,,"[""right"",""space""]","[1.0440999984741097,2.1345000000000027]","[null,null]",6,169.1202,171.2766,space,2.125700001,,56,Celebrities_Faces/056_rating.jpg,Reese Witherspoon,0,Reese Witherspoon,0,TRUE,FALSE,2,0,3,3,55,1,56,Celebrities_Faces/056_rating.jpg,Reese Witherspoon,Sandra Bullock,Nicole Kidman,Halle Berry,Reese Witherspoon,,,,,,,,,,,,,,,,,,,,,,,,,,,,,,,,,,,,,,,,,,,,,,,,,,,,,,,,,,,,,,,,,,,,,
,,,,,696dfb3cfe039751c30eba20,2026-01-19_09h38.15.724,WP1_3,2025.2.3,Win32,30.03003003,681b781064a5701a5ceee3bc,68dce618a723bff3d9c89c16,,,,,,,,,,,,,,,,,,,,,,,,,,,,,,,,,,,,,,,,,171.2778,176.2677,,,,2,176.2693,177.9815,,,"[""space""]",[1.6403999996185235],[null],5,177.983,182.2031,space,4.159,,13,Celebrities_Faces/013_rating.jpg,Denzel Washighton,0,Denzel Washighton,0,TRUE,FALSE,2,0,4,4,12,1,13,Celebrities_Faces/013_rating.jpg,Denzel Washighton,Chris Hemsworth,Matt Damon,George W.Bush,Denzel Washighton,,,,,,,,,,,,,,,,,,,,,,,,,,,,,,,,,,,,,,,,,,,,,,,,,,,,,,,,,,,,,,,,,,,,,
,,,,,696dfb3cfe039751c30eba20,2026-01-19_09h38.15.724,WP1_3,2025.2.3,Win32,30.03003003,681b781064a5701a5ceee3bc,68dce618a723bff3d9c89c16,,,,,,,,,,,,,,,,,,,,,,,,,,,,,,,,,,,,,,,,,182.2037,187.1959,,,,6,187.1967,189.098,,,"[""space""]",[1.8481000003814927],[null],5,189.0999,193.4617,space,4.3095,,39,Celebrities_Faces/039_rating.jpg,Scarlett Johansson,1,Scarlett Johansson,1,TRUE,FALSE,2,0,5,5,38,1,39,Celebrities_Faces/039_rating.jpg,Simone Biles,Scarlett Johansson,Gal Gadot,Hillary Clinton,Scarlett Johansson,,,,,,,,,,,,,,,,,,,,,,,,,,,,,,,,,,,,,,,,,,,,,,,,,,,,,,,,,,,,,,,,,,,,,
,,,,,696dfb3cfe039751c30eba20,2026-01-19_09h38.15.724,WP1_3,2025.2.3,Win32,30.03003003,681b781064a5701a5ceee3bc,68dce618a723bff3d9c89c16,,,,,,,,,,,,,,,,,,,,,,,,,,,,,,,,,,,,,,,,,193.4629,197.8488,,,,4,197.8502,200.9804,,,"[""space""]",[3.003899999618511],[null],5,200.9825,206.2209,space,5.115299999,,35,Celebrities_Faces/035_rating.jpg,Lindsay Lohan,3,Lindsay Lohan,3,TRUE,FALSE,2,0,6,6,34,1,35,Celebrities_Faces/035_rating.jpg,Anya Taylor-Joy,Millie Bobby Brown,Keira Knightley,Lindsay Lohan,Lindsay Lohan,,,,,,,,,,,,,,,,,,,,,,,,,,,,,,,,,,,,,,,,,,,,,,,,,,,,,,,,,,,,,,,,,,,,,
,,,,,696dfb3cfe039751c30eba20,2026-01-19_09h38.15.724,WP1_3,2025.2.3,Win32,30.03003003,681b781064a5701a5ceee3bc,68dce618a723bff3d9c89c16,,,,,,,,,,,,,,,,,,,,,,,,,,,,,,,,,,,,,,,,,206.2219,211.8582,,,,3,211.8587,213.6174,,,"[""space""]",[1.6970000000000027],[null],5,213.6187,219.3257,space,5.6471,,11,Celebrities_Faces/011_rating.jpg,Chris Evans,2,Ryan Reynolds,0,FALSE,FALSE,2,0,7,7,10,1,11,Celebrities_Faces/011_rating.jpg,Chris Evans,Daniel Craig,Ryan Reynolds,Arnold Schwarzeneger,Chris Evans,,,,,,,,,,,,,,,,,,,,,,,,,,,,,,,,,,,,,,,,,,,,,,,,,,,,,,,,,,,,,,,,,,,,,
,,,,,696dfb3cfe039751c30eba20,2026-01-19_09h38.15.724,WP1_3,2025.2.3,Win32,30.03003003,681b781064a5701a5ceee3bc,68dce618a723bff3d9c89c16,,,,,,,,,,,,,,,,,,,,,,,,,,,,,,,,,,,,,,,,,219.3262,222.1583,,,,3,222.1588,224.2812,,,"[""left"",""space""]","[1.3967000007629053,1.986600000381486]","[null,null]",4,224.2834,226.7056,space,2.271800001,,51,Celebrities_Faces/051_rating.jpg,Margot Robbie,0,Margot Robbie,0,TRUE,FALSE,2,0,8,8,50,1,51,Celebrities_Faces/051_rating.jpg,Margot Robbie,Halle Berry,Emma Watson,Julia Roberts,Margot Robbie,,,,,,,,,,,,,,,,,,,,,,,,,,,,,,,,,,,,,,,,,,,,,,,,,,,,,,,,,,,,,,,,,,,,,
,,,,,696dfb3cfe039751c30eba20,2026-01-19_09h38.15.724,WP1_3,2025.2.3,Win32,30.03003003,681b781064a5701a5ceee3bc,68dce618a723bff3d9c89c16,,,,,,,,,,,,,,,,,,,,,,,,,,,,,,,,,,,,,,,,,226.7062,230.545,,,,6,230.5454,232.0943,,,"[""right"",""space""]","[0.7376000003814625,1.3968000011444133]","[null,null]",6,232.097,233.9909,space,1.7546,,32,Celebrities_Faces/032_rating.jpg,Anne Hathaway,1,Anne Hathaway,1,TRUE,FALSE,2,0,9,9,31,1,32,Celebrities_Faces/032_rating.jpg,Charlize Theron,Anne Hathaway,Gal Gadot,Millie Bobby Brown,Anne Hathaway,,,,,,,,,,,,,,,,,,,,,,,,,,,,,,,,,,,,,,,,,,,,,,,,,,,,,,,,,,,,,,,,,,,,,
,,,,,696dfb3cfe039751c30eba20,2026-01-19_09h38.15.724,WP1_3,2025.2.3,Win32,30.03003003,681b781064a5701a5ceee3bc,68dce618a723bff3d9c89c16,,,,,,,,,,,,,,,,,,,,,,,,,,,,,,,,,,,,,,,,,233.9917,237.3632,,,,6,237.3639,238.646,,,"[""space""]",[1.2171000003814925],[null],5,238.6479,241.83,space,3.1334,,23,Celebrities_Faces/023_rating.jpg,Ryan Gosling,2,Ryan Gosling,2,TRUE,FALSE,2,0,10,10,22,1,23,Celebrities_Faces/023_rating.jpg,Brad Pitt,Cristiano Ronaldo,Ryan Gosling,Tom Holland,Ryan Gosling,,,,,,,,,,,,,,,,,,,,,,,,,,,,,,,,,,,,,,,,,,,,,,,,,,,,,,,,,,,,,,,,,,,,,
,,,,,696dfb3cfe039751c30eba20,2026-01-19_09h38.15.724,WP1_3,2025.2.3,Win32,30.03003003,681b781064a5701a5ceee3bc,68dce618a723bff3d9c89c16,,,,,,,,,,,,,,,,,,,,,,,,,,,,,,,,,,,,,,,,,241.8306,250.71,,,,5,250.7107,252.7341,,,"[""right"",""space""]","[1.1176000003815147,1.6742999992370642]","[null,null]",6,252.7367,256.0046,space,2.878799999,,41,Celebrities_Faces/041_rating.jpg,Halle Berry,2,Halle Berry,2,TRUE,FALSE,2,0,11,11,40,1,41,Celebrities_Faces/041_rating.jpg,Lady Gaga,Greta Thunberg,Halle Berry,Serena Williams,Halle Berry,,,,,,,,,,,,,,,,,,,,,,,,,,,,,,,,,,,,,,,,,,,,,,,,,,,,,,,,,,,,,,,,,,,,,
,,,,,696dfb3cfe039751c30eba20,2026-01-19_09h38.15.724,WP1_3,2025.2.3,Win32,30.03003003,681b781064a5701a5ceee3bc,68dce618a723bff3d9c89c16,,,,,,,,,,,,,,,,,,,,,,,,,,,,,,,,,,,,,,,,,256.0052,259.8609,,,,9,259.8617,262.6008,,,"[""right"",""right"",""right"",""right"",""space""]","[0.7821999988555604,1.1516000003814497,1.4972999992370433,1.81899999999996,2.5912999992370374]","[null,null,null,null,null]",9,262.6021,264.0984,space,1.341200001,,33,Celebrities_Faces/033_rating.jpg,Simone Biles,1,Simone Biles,1,TRUE,TRUE,3,0,12,12,32,1,33,Celebrities_Faces/033_rating.jpg,Greta Thunberg,Simone Biles,Lindsay Lohan,Anya Taylor-Joy,Simone Biles,,,,,,,,,,,,,,,,,,,,,,,,,,,,,,,,,,,,,,,,,,,,,,,,,,,,,,,,,,,,,,,,,,,,,
,,,,,696dfb3cfe039751c30eba20,2026-01-19_09h38.15.724,WP1_3,2025.2.3,Win32,30.03003003,681b781064a5701a5ceee3bc,68dce618a723bff3d9c89c16,,,,,,,,,,,,,,,,,,,,,,,,,,,,,,,,,,,,,,,,,264.0991,267.8498,,,,4,267.8501,269.0654,,,"[""space""]",[1.0673000011444174],[null],5,269.0666,274.2169,space,5.009,,24,Celebrities_Faces/024_rating.jpg,Ryan Reynolds,3,Ryan Reynolds,3,TRUE,FALSE,3,0,13,13,23,1,24,Celebrities_Faces/024_rating.jpg,Roger Federer,Denzel Washighton,Tom Holland,Ryan Reynolds,Ryan Reynolds,,,,,,,,,,,,,,,,,,,,,,,,,,,,,,,,,,,,,,,,,,,,,,,,,,,,,,,,,,,,,,,,,,,,,
,,,,,696dfb3cfe039751c30eba20,2026-01-19_09h38.15.724,WP1_3,2025.2.3,Win32,30.03003003,681b781064a5701a5ceee3bc,68dce618a723bff3d9c89c16,,,,,,,,,,,,,,,,,,,,,,,,,,,,,,,,,,,,,,,,,274.2222,277.1058,,,,8,277.1062,280.0638,,,"[""right"",""space""]","[0.7345999984741525,2.882399999618542]","[null,null]",6,280.0647,282.8583,space,2.720400002,,38,Celebrities_Faces/038_rating.jpg,Taylor Swift,3,Taylor Swift,3,TRUE,TRUE,4,0,14,14,37,1,38,Celebrities_Faces/038_rating.jpg,Keira Knightley,Scarlett Johansson,Margot Robbie,Taylor Swift,Taylor Swift,,,,,,,,,,,,,,,,,,,,,,,,,,,,,,,,,,,,,,,,,,,,,,,,,,,,,,,,,,,,,,,,,,,,,
,,,,,696dfb3cfe039751c30eba20,2026-01-19_09h38.15.724,WP1_3,2025.2.3,Win32,30.03003003,681b781064a5701a5ceee3bc,68dce618a723bff3d9c89c16,,,,,,,,,,,,,,,,,,,,,,,,,,,,,,,,,,,,,,,,,282.859,287.4772,,,,0,287.4777,289.0329,,,"[""space""]",[1.42729999923705],[null],5,289.035,292.9569,space,3.7985,,22,Celebrities_Faces/022_rating.jpg,Lebron James,3,Lebron James,3,TRUE,FALSE,4,0,15,15,21,1,22,Celebrities_Faces/022_rating.jpg,George W.Bush,Lionel Messi,Leonardo Di Caprio,Lebron James,Lebron James,,,,,,,,,,,,,,,,,,,,,,,,,,,,,,,,,,,,,,,,,,,,,,,,,,,,,,,,,,,,,,,,,,,,,
,,,,,696dfb3cfe039751c30eba20,2026-01-19_09h38.15.724,WP1_3,2025.2.3,Win32,30.03003003,681b781064a5701a5ceee3bc,68dce618a723bff3d9c89c16,,,,,,,,,,,,,,,,,,,,,,,,,,,,,,,,,,,,,,,,,292.9578,296.2518,,,,7,296.2521,298.5157,,,"[""right"",""space""]","[1.658899999618484,2.225600000381462]","[null,null]",6,298.5176,300.9641,space,2.4096,,14,Celebrities_Faces/014_rating.jpg,Daniel Craig,2,Daniel Craig,2,TRUE,TRUE,5,0,16,16,13,1,14,Celebrities_Faces/014_rating.jpg,Robert De Niro,Ryan Reynolds,Daniel Craig,Chris Hemsworth,Daniel Craig,,,,,,,,,,,,,,,,,,,,,,,,,,,,,,,,,,,,,,,,,,,,,,,,,,,,,,,,,,,,,,,,,,,,,
,,,,,696dfb3cfe039751c30eba20,2026-01-19_09h38.15.724,WP1_3,2025.2.3,Win32,30.03003003,681b781064a5701a5ceee3bc,68dce618a723bff3d9c89c16,,,,,,,,,,,,,,,,,,,,,,,,,,,,,,,,,,,,,,,,,300.9646,305.286,,,,7,305.287,310.6189,,,"[""space""]",[5.244100000381479],[null],5,310.6209,313.4851,space,2.7734,,8,Celebrities_Faces/008_rating.jpg,Brad Pitt,3,Brad Pitt,3,TRUE,TRUE,6,0,17,17,7,1,8,Celebrities_Faces/008_rating.jpg,Cristiano Ronaldo,Daniel Craig,Lionel Messi,Brad Pitt,Brad Pitt,,,,,,,,,,,,,,,,,,,,,,,,,,,,,,,,,,,,,,,,,,,,,,,,,,,,,,,,,,,,,,,,,,,,,
,,,,,696dfb3cfe039751c30eba20,2026-01-19_09h38.15.724,WP1_3,2025.2.3,Win32,30.03003003,681b781064a5701a5ceee3bc,68dce618a723bff3d9c89c16,,,,,,,,,,,,,,,,,,,,,,,,,,,,,,,,,,,,,,,,,313.4859,318.5393,,,,0,318.5397,319.2727,,,"[""space""]",[0.6277000007629567],[null],5,319.2868,322.786,space,3.397200001,,50,Celebrities_Faces/050_rating.jpg,Millie Bobby Brown,2,Millie Bobby Brown,2,TRUE,FALSE,6,0,18,18,49,1,50,Celebrities_Faces/050_rating.jpg,Taylor Swift,Cameron Diaz,Millie Bobby Brown,Michelle Obama,Millie Bobby Brown,,,,,,,,,,,,,,,,,,,,,,,,,,,,,,,,,,,,,,,,,,,,,,,,,,,,,,,,,,,,,,,,,,,,,
,,,,,696dfb3cfe039751c30eba20,2026-01-19_09h38.15.724,WP1_3,2025.2.3,Win32,30.03003003,681b781064a5701a5ceee3bc,68dce618a723bff3d9c89c16,,,,,,,,,,,,,,,,,,,,,,,,,,,,,,,,,,,,,,,,,322.7873,327.4585,,,,0,327.4589,329.4406,,,"[""left"",""space""]","[1.378300001144396,1.8908000011443846]","[null,null]",4,329.4425,334.4609,space,4.929799999,,60,Celebrities_Faces/060_rating.jpg,Anya Taylor-Joy,1,Anya Taylor-Joy,1,TRUE,FALSE,6,0,19,19,59,1,60,Celebrities_Faces/060_rating.jpg,Emma Stone,Anya Taylor-Joy,Michelle Obama,Halle Berry,Anya Taylor-Joy,,,,,,,,,,,,,,,,,,,,,,,,,,,,,,,,,,,,,,,,,,,,,,,,,,,,,,,,,,,,,,,,,,,,,
,,,,,696dfb3cfe039751c30eba20,2026-01-19_09h38.15.724,WP1_3,2025.2.3,Win32,30.03003003,681b781064a5701a5ceee3bc,68dce618a723bff3d9c89c16,,,,,,,,,,,,,,,,,,,,,,,,,,,,,,,,,,,,,,,,,334.4615,337.8064,,,,9,337.8069,340.8803,,,"[""right"",""right"",""right"",""space""]","[1.5783000011444415,1.9232000007629608,2.333000000000027,2.990000000000009]","[null,null,null,null]",8,340.8859,343.0337,space,2.062700001,,26,Celebrities_Faces/026_rating.jpg,George Clooney,2,George Clooney,2,TRUE,TRUE,7,0,20,20,25,1,26,Celebrities_Faces/026_rating.jpg,Robert De Niro,Ewan McGregor,George Clooney,Daniel Radcliffe,George Clooney,,,,,,,,,,,,,,,,,,,,,,,,,,,,,,,,,,,,,,,,,,,,,,,,,,,,,,,,,,,,,,,,,,,,,
,,,,,696dfb3cfe039751c30eba20,2026-01-19_09h38.15.724,WP1_3,2025.2.3,Win32,30.03003003,681b781064a5701a5ceee3bc,68dce618a723bff3d9c89c16,,,,,,,,,,,,,,,,,,,,,,,,,,,,,,,,,,,,,,,,,343.0349,347.3493,,,,8,347.3498,349.4132,,,"[""left"",""left"",""space""]","[0.8792999992370483,1.2102999992370655,1.9727999992370542]","[null,null,null]",3,349.4185,352.3696,space,2.861800001,,2,Celebrities_Faces/002_rating.jpg,George W.Bush,3,George W.Bush,3,TRUE,TRUE,8,0,21,21,1,1,2,Celebrities_Faces/002_rating.jpg,Henri Canvill,Chris Evans,Tom Holland,George W.Bush,George W.Bush,,,,,,,,,,,,,,,,,,,,,,,,,,,,,,,,,,,,,,,,,,,,,,,,,,,,,,,,,,,,,,,,,,,,,
,,,,,696dfb3cfe039751c30eba20,2026-01-19_09h38.15.724,WP1_3,2025.2.3,Win32,30.03003003,681b781064a5701a5ceee3bc,68dce618a723bff3d9c89c16,,,,,,,,,,,,,,,,,,,,,,,,,,,,,,,,,,,,,,,,,352.3704,356.2565,,,,10,356.257,358.5449,,,"[""right"",""right"",""right"",""right"",""space""]","[0.5631000003814393,0.8497999992370637,1.12469999885559,1.5046000003814584,2.1674999999999613]","[null,null,null,null,null]",9,358.5463,360.2342,space,1.5699,,44,Celebrities_Faces/044_rating.jpg,Cate Blanchett,1,Cate Blanchett,1,TRUE,TRUE,9,0,22,22,43,1,44,Celebrities_Faces/044_rating.jpg,Angelina Jolie,Cate Blanchett,Natalie Portman,Taylor Swift,Cate Blanchett,,,,,,,,,,,,,,,,,,,,,,,,,,,,,,,,,,,,,,,,,,,,,,,,,,,,,,,,,,,,,,,,,,,,,
,,,,,696dfb3cfe039751c30eba20,2026-01-19_09h38.15.724,WP1_3,2025.2.3,Win32,30.03003003,681b781064a5701a5ceee3bc,68dce618a723bff3d9c89c16,,,,,,,,,,,,,,,,,,,,,,,,,,,,,,,,,,,,,,,,,360.2352,363.466,,,,6,363.4667,365.0616,,,"[""space""]",[1.5466000003814315],[null],5,365.0631,367.8453,space,2.733199999,,31,Celebrities_Faces/031_rating.jpg,Sandra Bullock,3,Sandra Bullock,3,TRUE,FALSE,9,0,23,23,30,1,31,Celebrities_Faces/031_rating.jpg,Michelle Obama,Emma Watson,Halle Berry,Sandra Bullock,Sandra Bullock,,,,,,,,,,,,,,,,,,,,,,,,,,,,,,,,,,,,,,,,,,,,,,,,,,,,,,,,,,,,,,,,,,,,,
,,,,,696dfb3cfe039751c30eba20,2026-01-19_09h38.15.724,WP1_3,2025.2.3,Win32,30.03003003,681b781064a5701a5ceee3bc,68dce618a723bff3d9c89c16,,,,,,,,,,,,,,,,,,,,,,,,,,,,,,,,,,,,,,,,,367.8458,373.9213,,,,4,373.9218,375.2002,,,"[""space""]",[1.1614999999999895],[null],5,375.2014,380.0355,space,4.710699999,,9,Celebrities_Faces/009_rating.jpg,Bradley Cooper,2,Bradley Cooper,2,TRUE,FALSE,9,0,24,24,8,1,9,Celebrities_Faces/009_rating.jpg,Chris Hemsworth,Tom Cruise,Bradley Cooper,Lebron James,Bradley Cooper,,,,,,,,,,,,,,,,,,,,,,,,,,,,,,,,,,,,,,,,,,,,,,,,,,,,,,,,,,,,,,,,,,,,,
,,,,,696dfb3cfe039751c30eba20,2026-01-19_09h38.15.724,WP1_3,2025.2.3,Win32,30.03003003,681b781064a5701a5ceee3bc,68dce618a723bff3d9c89c16,,,,,,,,,,,,,,,,,,,,,,,,,,,,,,,,,,,,,,,,,380.0364,384.2612,,,,10,384.2617,387.5414,,,"[""right"",""left"",""space""]","[0.892399999618533,2.6030000000000086,3.194299999237046]","[null,null,null]",5,387.5429,389.847,space,2.217,,1,Celebrities_Faces/001_rating.jpg,Leonardo Di Caprio,2,Leonardo Di Caprio,2,TRUE,TRUE,10,0,25,25,0,1,1,Celebrities_Faces/001_rating.jpg,Ben Affleck,Daniel Craig,Leonardo Di Caprio,Roger Federer,Leonardo Di Caprio,,,,,,,,,,,,,,,,,,,,,,,,,,,,,,,,,,,,,,,,,,,,,,,,,,,,,,,,,,,,,,,,,,,,,
,,,,,696dfb3cfe039751c30eba20,2026-01-19_09h38.15.724,WP1_3,2025.2.3,Win32,30.03003003,681b781064a5701a5ceee3bc,68dce618a723bff3d9c89c16,,,,,,,,,,,,,,,,,,,,,,,,,,,,,,,,,,,,,,,,,389.8481,393.0533,,,,9,393.0539,395.3508,,,"[""right"",""right"",""space""]","[1.0615999984741507,1.4711999988555817,2.219399999618531]","[null,null,null]",7,395.3537,396.5432,space,1.111300001,,54,Celebrities_Faces/054_rating.jpg,Julia Roberts,0,Julia Roberts,0,TRUE,TRUE,11,0,26,26,53,1,54,Celebrities_Faces/054_rating.jpg,Julia Roberts,Anne Hathaway,Olivia Rodrigo,Simone Biles,Julia Roberts,,,,,,,,,,,,,,,,,,,,,,,,,,,,,,,,,,,,,,,,,,,,,,,,,,,,,,,,,,,,,,,,,,,,,
,,,,,696dfb3cfe039751c30eba20,2026-01-19_09h38.15.724,WP1_3,2025.2.3,Win32,30.03003003,681b781064a5701a5ceee3bc,68dce618a723bff3d9c89c16,,,,,,,,,,,,,,,,,,,,,,,,,,,,,,,,,,,,,,,,,396.5446,400.5568,,,,5,400.5574,401.9898,,,"[""space""]",[1.3690999984741552],[null],5,401.9915,406.6052,space,4.552799999,,21,Celebrities_Faces/021_rating.jpg,Henri Canvill,0,Henri Canvill,0,TRUE,FALSE,11,0,27,27,20,1,21,Celebrities_Faces/021_rating.jpg,Henri Canvill,George Clooney,Bradley Cooper,Tom Holland,Henri Canvill,,,,,,,,,,,,,,,,,,,,,,,,,,,,,,,,,,,,,,,,,,,,,,,,,,,,,,,,,,,,,,,,,,,,,
,,,,,696dfb3cfe039751c30eba20,2026-01-19_09h38.15.724,WP1_3,2025.2.3,Win32,30.03003003,681b781064a5701a5ceee3bc,68dce618a723bff3d9c89c16,,,,,,,,,,,,,,,,,,,,,,,,,,,,,,,,,,,,,,,,,406.6057,410.2525,,,,0,410.2532,412.6677,,,"[""space""]",[2.3777000007629],[null],5,412.6689,419.7747,space,7.069299999,,49,Celebrities_Faces/049_rating.jpg,Olivia Rodrigo,0,Olivia Rodrigo,0,TRUE,FALSE,11,0,28,28,48,1,49,Celebrities_Faces/049_rating.jpg,Olivia Rodrigo,Lindsay Lohan,Gal Gadot,Angelina Jolie,Olivia Rodrigo,,,,,,,,,,,,,,,,,,,,,,,,,,,,,,,,,,,,,,,,,,,,,,,,,,,,,,,,,,,,,,,,,,,,,
,,,,,696dfb3cfe039751c30eba20,2026-01-19_09h38.15.724,WP1_3,2025.2.3,Win32,30.03003003,681b781064a5701a5ceee3bc,68dce618a723bff3d9c89c16,,,,,,,,,,,,,,,,,,,,,,,,,,,,,,,,,,,,,,,,,419.776,425.1802,,,,0,425.1806,427.1316,,,"[""space""]",[1.8183000011443937],[null],5,427.1328,429.126,space,1.855200001,,48,Celebrities_Faces/048_rating.jpg,Jennifer Lawrence,0,Jennifer Lawrence,0,TRUE,FALSE,11,0,29,29,47,1,48,Celebrities_Faces/048_rating.jpg,Jennifer Lawrence,Lady Gaga,Anne Hathaway,Emma Stone,Jennifer Lawrence,,,,,,,,,,,,,,,,,,,,,,,,,,,,,,,,,,,,,,,,,,,,,,,,,,,,,,,,,,,,,,,,,,,,,
,,,,,696dfb3cfe039751c30eba20,2026-01-19_09h38.15.724,WP1_3,2025.2.3,Win32,30.03003003,681b781064a5701a5ceee3bc,68dce618a723bff3d9c89c16,,,,,,,,,,,,,,,,,,,,,,,,,,,,,,,,,,,,,,,,,429.1268,433.7322,,,,10,433.7326,439.2497,,,"[""left"",""space""]","[4.087700000762936,5.4461000003814775]","[null,null]",4,439.2508,440.5427,space,1.220599998,,47,Celebrities_Faces/047_rating.jpg,Hillary Clinton,0,Hillary Clinton,0,TRUE,TRUE,12,0,30,30,46,1,47,Celebrities_Faces/047_rating.jpg,Hillary Clinton,Sandra Bullock,Michelle Obama,Anne Hathaway,Hillary Clinton,,,,,,,,,,,,,,,,,,,,,,,,,,,,,,,,,,,,,,,,,,,,,,,,,,,,,,,,,,,,,,,,,,,,,
,,,,,696dfb3cfe039751c30eba20,2026-01-19_09h38.15.724,WP1_3,2025.2.3,Win32,30.03003003,681b781064a5701a5ceee3bc,68dce618a723bff3d9c89c16,,,,,,,,,,,,,,,,,,,,,,,,,,,,,,,,,,,,,,,,,440.5437,444.3649,,,,10,444.3656,445.9904,,,"[""space""]",[1.5682999992370696],[null],5,445.9922,447.2087,space,1.1654,,6,Celebrities_Faces/006_rating.jpg,Arnold Schwarzeneger,0,Arnold Schwarzeneger,0,TRUE,TRUE,13,0,31,31,5,1,6,Celebrities_Faces/006_rating.jpg,Arnold Schwarzeneger,Dwayne Johnson,Tom Cruise,Ryan Reynolds,Arnold Schwarzeneger,,,,,,,,,,,,,,,,,,,,,,,,,,,,,,,,,,,,,,,,,,,,,,,,,,,,,,,,,,,,,,,,,,,,,
,,,,,696dfb3cfe039751c30eba20,2026-01-19_09h38.15.724,WP1_3,2025.2.3,Win32,30.03003003,681b781064a5701a5ceee3bc,68dce618a723bff3d9c89c16,,,,,,,,,,,,,,,,,,,,,,,,,,,,,,,,,,,,,,,,,447.21,450.6875,,,,10,450.6882,452.0005,,,"[""right"",""space""]","[0.5843999996185403,1.2664999999999509]","[null,null]",6,452.0022,453.8584,space,1.8105,,15,Celebrities_Faces/015_rating.jpg,Harrison Ford,2,Harrison Ford,2,TRUE,TRUE,14,0,32,32,14,1,15,Celebrities_Faces/015_rating.jpg,Lionel Messi,Daniel Radcliffe,Harrison Ford,Brad Pitt,Harrison Ford,,,,,,,,,,,,,,,,,,,,,,,,,,,,,,,,,,,,,,,,,,,,,,,,,,,,,,,,,,,,,,,,,,,,,
,,,,,696dfb3cfe039751c30eba20,2026-01-19_09h38.15.724,WP1_3,2025.2.3,Win32,30.03003003,681b781064a5701a5ceee3bc,68dce618a723bff3d9c89c16,,,,,,,,,,,,,,,,,,,,,,,,,,,,,,,,,,,,,,,,,453.859,457.2463,,,,8,457.2467,459.564,,,"[""right"",""right"",""space""]","[0.7897999992370615,1.1820000000000164,2.240700000763013]","[null,null,null]",7,459.5651,460.7676,space,1.1211,,59,Celebrities_Faces/059_rating.jpg,Michelle Obama,0,Michelle Obama,0,TRUE,TRUE,15,0,33,33,58,1,59,Celebrities_Faces/059_rating.jpg,Michelle Obama,Emma Watson,Millie Bobby Brown,Margot Robbie,Michelle Obama,,,,,,,,,,,,,,,,,,,,,,,,,,,,,,,,,,,,,,,,,,,,,,,,,,,,,,,,,,,,,,,,,,,,,
,,,,,696dfb3cfe039751c30eba20,2026-01-19_09h38.15.724,WP1_3,2025.2.3,Win32,30.03003003,681b781064a5701a5ceee3bc,68dce618a723bff3d9c89c16,,,,,,,,,,,,,,,,,,,,,,,,,,,,,,,,,,,,,,,,,460.7682,464.3476,,,,10,464.3488,467.5803,,,"[""right"",""right"",""right"",""right"",""right"",""space""]","[0.7853000011443783,1.0963000011444137,1.4424999999999955,1.7493000011444337,2.090700000762922,3.1893999996185585]","[null,null,null,null,null,null]",10,467.5833,468.6976,space,1.067700001,,16,Celebrities_Faces/016_rating.jpg,Ewan McGregor,0,Ewan McGregor,0,TRUE,TRUE,16,0,34,34,15,1,16,Celebrities_Faces/016_rating.jpg,Ewan McGregor,Robert De Niro,Lionel Messi,Leonardo Di Caprio,Ewan McGregor,,,,,,,,,,,,,,,,,,,,,,,,,,,,,,,,,,,,,,,,,,,,,,,,,,,,,,,,,,,,,,,,,,,,,
,,,,,696dfb3cfe039751c30eba20,2026-01-19_09h38.15.724,WP1_3,2025.2.3,Win32,30.03003003,681b781064a5701a5ceee3bc,68dce618a723bff3d9c89c16,,,,,,,,,,,,,,,,,,,,,,,,,,,,,,,,,,,,,,,,,468.6987,472.6332,,,,9,472.6337,475.3951,,,"[""right"",""right"",""right"",""space""]","[0.5673999996184875,0.912499999999909,1.2443999996185084,2.7128000011443874]","[null,null,null,null]",8,475.3968,479.1132,space,3.668799999,,42,Celebrities_Faces/042_rating.jpg,Greta Thunberg,3,Greta Thunberg,3,TRUE,TRUE,17,0,35,35,41,1,42,Celebrities_Faces/042_rating.jpg,Simone Biles,Michelle Obama,Anne Hathaway,Greta Thunberg,Greta Thunberg,,,,,,,,,,,,,,,,,,,,,,,,,,,,,,,,,,,,,,,,,,,,,,,,,,,,,,,,,,,,,,,,,,,,,
,,,,,696dfb3cfe039751c30eba20,2026-01-19_09h38.15.724,WP1_3,2025.2.3,Win32,30.03003003,681b781064a5701a5ceee3bc,68dce618a723bff3d9c89c16,,,,,,,,,,,,,,,,,,,,,,,,,,,,,,,,,,,,,,,,,479.1138,482.8677,,,,9,482.8687,484.7888,,,"[""right"",""right"",""right"",""space""]","[0.47310000038146427,0.857600000381467,1.1784999999999854,1.8772999992370387]","[null,null,null,null]",8,484.7906,487.5878,space,2.760299999,,53,Celebrities_Faces/053_rating.jpg,Keira Knightley,3,Keira Knightley,3,TRUE,TRUE,18,0,36,36,52,1,53,Celebrities_Faces/053_rating.jpg,Anne Hathaway,Emma Stone,Olivia Rodrigo,Keira Knightley,Keira Knightley,,,,,,,,,,,,,,,,,,,,,,,,,,,,,,,,,,,,,,,,,,,,,,,,,,,,,,,,,,,,,,,,,,,,,
,,,,,696dfb3cfe039751c30eba20,2026-01-19_09h38.15.724,WP1_3,2025.2.3,Win32,30.03003003,681b781064a5701a5ceee3bc,68dce618a723bff3d9c89c16,,,,,,,,,,,,,,,,,,,,,,,,,,,,,,,,,,,,,,,,,487.5935,491.3206,,,,7,491.3212,492.8208,,,"[""left"",""left"",""space""]","[0.5061000003814797,0.9039999999999964,1.461100000381407]","[null,null,null]",3,492.8221,494.4081,space,1.5469,,19,Celebrities_Faces/019_rating.jpg,Nicolas Cage,0,Nicolas Cage,0,TRUE,TRUE,19,0,37,37,18,1,19,Celebrities_Faces/019_rating.jpg,Nicolas Cage,George W.Bush,Cristiano Ronaldo,Bradley Cooper,Nicolas Cage,,,,,,,,,,,,,,,,,,,,,,,,,,,,,,,,,,,,,,,,,,,,,,,,,,,,,,,,,,,,,,,,,,,,,
,,,,,696dfb3cfe039751c30eba20,2026-01-19_09h38.15.724,WP1_3,2025.2.3,Win32,30.03003003,681b781064a5701a5ceee3bc,68dce618a723bff3d9c89c16,,,,,,,,,,,,,,,,,,,,,,,,,,,,,,,,,,,,,,,,,494.4093,497.7298,,,,8,497.731,500.4574,,,"[""right"",""right"",""space""]","[0.6102000007629158,1.41700000000003,2.6869000015259417]","[null,null,null]",7,500.4584,503.1746,space,2.679300001,,52,Celebrities_Faces/052_rating.jpg,Emma Watson,3,Emma Watson,3,TRUE,TRUE,20,0,38,38,51,1,52,Celebrities_Faces/052_rating.jpg,Anne Hathaway,Natalie Portman,Hillary Clinton,Emma Watson,Emma Watson,,,,,,,,,,,,,,,,,,,,,,,,,,,,,,,,,,,,,,,,,,,,,,,,,,,,,,,,,,,,,,,,,,,,,
,,,,,696dfb3cfe039751c30eba20,2026-01-19_09h38.15.724,WP1_3,2025.2.3,Win32,30.03003003,681b781064a5701a5ceee3bc,68dce618a723bff3d9c89c16,,,,,,,,,,,,,,,,,,,,,,,,,,,,,,,,,,,,,,,,,503.1768,507.6012,,,,10,507.6018,508.8563,,,"[""space""]",[1.14549999999997],[null],5,508.858,510.0473,space,1.0785,,30,Celebrities_Faces/030_rating.jpg,Tom Cruise,0,Tom Cruise,0,TRUE,TRUE,21,0,39,39,29,1,30,Celebrities_Faces/030_rating.jpg,Tom Cruise,Lionel Messi,Chris Evans,Bruce Willis,Tom Cruise,,,,,,,,,,,,,,,,,,,,,,,,,,,,,,,,,,,,,,,,,,,,,,,,,,,,,,,,,,,,,,,,,,,,,
,,,,,696dfb3cfe039751c30eba20,2026-01-19_09h38.15.724,WP1_3,2025.2.3,Win32,30.03003003,681b781064a5701a5ceee3bc,68dce618a723bff3d9c89c16,,,,,,,,,,,,,,,,,,,,,,,,,,,,,,,,,,,,,,,,,510.0481,513.8847,,,,5,513.8853,515.4983,,,"[""space""]",[1.5588999996185748],[null],5,515.4991,517.1997,space,1.646799999,,7,Celebrities_Faces/007_rating.jpg,Ben Affleck,0,Ben Affleck,0,TRUE,FALSE,21,0,40,40,6,1,7,Celebrities_Faces/007_rating.jpg,Ben Affleck,Nicolas Cage,Henri Canvill,Leonardo Di Caprio,Ben Affleck,,,,,,,,,,,,,,,,,,,,,,,,,,,,,,,,,,,,,,,,,,,,,,,,,,,,,,,,,,,,,,,,,,,,,
,,,,,696dfb3cfe039751c30eba20,2026-01-19_09h38.15.724,WP1_3,2025.2.3,Win32,30.03003003,681b781064a5701a5ceee3bc,68dce618a723bff3d9c89c16,,,,,,,,,,,,,,,,,,,,,,,,,,,,,,,,,,,,,,,,,517.2002,520.3468,,,,8,520.3476,522.6516,,,"[""right"",""right"",""space""]","[1.0324999999999136,1.753099998474113,2.2719999999999345]","[null,null,null]",7,522.6533,523.9586,space,1.2709,,20,Celebrities_Faces/020_rating.jpg,Matt Damon,1,Matt Damon,1,TRUE,TRUE,22,0,41,41,19,1,20,Celebrities_Faces/020_rating.jpg,Tom Cruise,Matt Damon,Chris Evans,Brad Pitt,Matt Damon,,,,,,,,,,,,,,,,,,,,,,,,,,,,,,,,,,,,,,,,,,,,,,,,,,,,,,,,,,,,,,,,,,,,,
,,,,,696dfb3cfe039751c30eba20,2026-01-19_09h38.15.724,WP1_3,2025.2.3,Win32,30.03003003,681b781064a5701a5ceee3bc,68dce618a723bff3d9c89c16,,,,,,,,,,,,,,,,,,,,,,,,,,,,,,,,,,,,,,,,,523.9594,527.9517,,,,10,527.9522,530.0241,,,"[""right"",""right"",""right"",""right"",""space""]","[0.5001000003815079,0.8092999992370551,1.0830000000000837,1.4455000000000382,2.0242000007630168]","[null,null,null,null,null]",9,530.026,532.2041,space,2.1331,,58,Celebrities_Faces/058_rating.jpg,Nicole Kidman,2,Nicole Kidman,2,TRUE,TRUE,23,0,42,42,57,1,58,Celebrities_Faces/058_rating.jpg,Millie Bobby Brown,Greta Thunberg,Nicole Kidman,Julia Roberts,Nicole Kidman,,,,,,,,,,,,,,,,,,,,,,,,,,,,,,,,,,,,,,,,,,,,,,,,,,,,,,,,,,,,,,,,,,,,,
,,,,,696dfb3cfe039751c30eba20,2026-01-19_09h38.15.724,WP1_3,2025.2.3,Win32,30.03003003,681b781064a5701a5ceee3bc,68dce618a723bff3d9c89c16,,,,,,,,,,,,,,,,,,,,,,,,,,,,,,,,,,,,,,,,,532.2047,535.9745,,,,1,535.975,536.9147,,,"[""space""]",[0.7783999996185003],[null],5,536.9158,546.1622,space,9.082200001,,37,Celebrities_Faces/037_rating.jpg,Natalie Portman,1,Natalie Portman,1,TRUE,FALSE,23,0,43,43,36,1,37,Celebrities_Faces/037_rating.jpg,Lady Gaga,Natalie Portman,Hillary Clinton,Michelle Obama,Natalie Portman,,,,,,,,,,,,,,,,,,,,,,,,,,,,,,,,,,,,,,,,,,,,,,,,,,,,,,,,,,,,,,,,,,,,,
,,,,,696dfb3cfe039751c30eba20,2026-01-19_09h38.15.724,WP1_3,2025.2.3,Win32,30.03003003,681b781064a5701a5ceee3bc,68dce618a723bff3d9c89c16,,,,,,,,,,,,,,,,,,,,,,,,,,,,,,,,,,,,,,,,,546.1642,549.9614,,,,9,549.9618,551.7871,,,"[""right"",""space""]","[0.8395000000000437,1.7578000011444601]","[null,null]",6,551.7897,553.9352,space,2.075800001,,25,Celebrities_Faces/025_rating.jpg,Robert De Niro,2,Robert De Niro,2,TRUE,TRUE,24,0,44,44,24,1,25,Celebrities_Faces/025_rating.jpg,Bruce Willis,Arnold Schwarzeneger,Robert De Niro,Leonardo Di Caprio,Robert De Niro,,,,,,,,,,,,,,,,,,,,,,,,,,,,,,,,,,,,,,,,,,,,,,,,,,,,,,,,,,,,,,,,,,,,,
,,,,,696dfb3cfe039751c30eba20,2026-01-19_09h38.15.724,WP1_3,2025.2.3,Win32,30.03003003,681b781064a5701a5ceee3bc,68dce618a723bff3d9c89c16,,,,,,,,,,,,,,,,,,,,,,,,,,,,,,,,,,,,,,,,,553.9358,557.1146,,,,9,557.1155,559.2428,,,"[""right"",""right"",""right"",""right"",""space""]","[0.527299999237016,0.8588999996185294,1.1747999992370524,1.4873999996184466,2.0695999984740183]","[null,null,null,null,null]",9,559.2445,560.5727,space,1.270799999,,27,Celebrities_Faces/027_rating.jpg,Keanu Reeves,0,Keanu Reeves,0,TRUE,TRUE,25,0,45,45,26,1,27,Celebrities_Faces/027_rating.jpg,Keanu Reeves,Dwayne Johnson,Bradley Cooper,Daniel Radcliffe,Keanu Reeves,,,,,,,,,,,,,,,,,,,,,,,,,,,,,,,,,,,,,,,,,,,,,,,,,,,,,,,,,,,,,,,,,,,,,
,,,,,696dfb3cfe039751c30eba20,2026-01-19_09h38.15.724,WP1_3,2025.2.3,Win32,30.03003003,681b781064a5701a5ceee3bc,68dce618a723bff3d9c89c16,,,,,,,,,,,,,,,,,,,,,,,,,,,,,,,,,,,,,,,,,560.5733,563.9675,,,,6,563.968,565.2345,,,"[""space""]",[1.2130000000000791],[null],5,565.2356,568.7263,space,3.438400002,,17,Celebrities_Faces/017_rating.jpg,Hugh Jackman,1,Hugh Jackman,1,TRUE,FALSE,25,0,46,46,16,1,17,Celebrities_Faces/017_rating.jpg,Keanu Reeves,Hugh Jackman,Ewan McGregor,Tom Cruise,Hugh Jackman,,,,,,,,,,,,,,,,,,,,,,,,,,,,,,,,,,,,,,,,,,,,,,,,,,,,,,,,,,,,,,,,,,,,,
,,,,,696dfb3cfe039751c30eba20,2026-01-19_09h38.15.724,WP1_3,2025.2.3,Win32,30.03003003,681b781064a5701a5ceee3bc,68dce618a723bff3d9c89c16,,,,,,,,,,,,,,,,,,,,,,,,,,,,,,,,,,,,,,,,,568.7268,573.5025,,,,2,573.5031,574.8079,,,"[""space""]",[1.2031000003814825],[null],5,574.8097,579.6746,space,4.7651,,40,Celebrities_Faces/040_rating.jpg,Gal Gadot,0,Gal Gadot,0,TRUE,FALSE,25,0,47,47,39,1,40,Celebrities_Faces/040_rating.jpg,Gal Gadot,Maria Sharapova,Taylor Swift,Nicole Kidman,Gal Gadot,,,,,,,,,,,,,,,,,,,,,,,,,,,,,,,,,,,,,,,,,,,,,,,,,,,,,,,,,,,,,,,,,,,,,
,,,,,696dfb3cfe039751c30eba20,2026-01-19_09h38.15.724,WP1_3,2025.2.3,Win32,30.03003003,681b781064a5701a5ceee3bc,68dce618a723bff3d9c89c16,,,,,,,,,,,,,,,,,,,,,,,,,,,,,,,,,,,,,,,,,579.6753,583.1062,,,,5,583.107,584.7965,,,"[""space""]",[1.6173999996185557],[null],5,584.7991,588.5026,space,3.616300001,,46,Celebrities_Faces/046_rating.jpg,Emma Stone,1,Emma Stone,1,TRUE,FALSE,25,0,48,48,45,1,46,Celebrities_Faces/046_rating.jpg,Halle Berry,Emma Stone,Emma Watson,Taylor Swift,Emma Stone,,,,,,,,,,,,,,,,,,,,,,,,,,,,,,,,,,,,,,,,,,,,,,,,,,,,,,,,,,,,,,,,,,,,,
,,,,,696dfb3cfe039751c30eba20,2026-01-19_09h38.15.724,WP1_3,2025.2.3,Win32,30.03003003,681b781064a5701a5ceee3bc,68dce618a723bff3d9c89c16,,,,,,,,,,,,,,,,,,,,,,,,,,,,,,,,,,,,,,,,,588.5034,591.5203,,,,10,591.5221,594.2974,,,"[""right"",""right"",""right"",""right"",""right"",""space""]","[0.4910999984741693,0.785099998474152,1.0955999984741993,1.3591999988556154,1.7210000000000036,2.5961999988555817]","[null,null,null,null,null,null]",10,594.2989,596.6714,space,2.208400002,,3,Celebrities_Faces/003_rating.jpg,Roger Federer,2,Roger Federer,2,TRUE,TRUE,26,0,49,49,2,1,3,Celebrities_Faces/003_rating.jpg,Dwayne Johnson,Keanu Reeves,Roger Federer,Ben Affleck,Roger Federer,,,,,,,,,,,,,,,,,,,,,,,,,,,,,,,,,,,,,,,,,,,,,,,,,,,,,,,,,,,,,,,,,,,,,
,,,,,696dfb3cfe039751c30eba20,2026-01-19_09h38.15.724,WP1_3,2025.2.3,Win32,30.03003003,681b781064a5701a5ceee3bc,68dce618a723bff3d9c89c16,,,,,,,,,,,,,,,,,,,,,,,,,,,,,,,,,,,,,,,,,596.6723,599.5404,,,,8,599.541,602.0468,,,"[""right"",""right"",""right"",""right"",""space""]","[0.6118999996185721,0.9308999996185321,1.2423999996185557,1.5841000003814543,2.471800001144402]","[null,null,null,null,null]",9,602.0479,604.418,space,2.336799999,,36,Celebrities_Faces/036_rating.jpg,Lady Gaga,3,Lady Gaga,3,TRUE,TRUE,27,0,50,50,35,1,36,Celebrities_Faces/036_rating.jpg,Serena Williams,Emma Stone,Julia Roberts,Lady Gaga,Lady Gaga,,,,,,,,,,,,,,,,,,,,,,,,,,,,,,,,,,,,,,,,,,,,,,,,,,,,,,,,,,,,,,,,,,,,,
,,,,,696dfb3cfe039751c30eba20,2026-01-19_09h38.15.724,WP1_3,2025.2.3,Win32,30.03003003,681b781064a5701a5ceee3bc,68dce618a723bff3d9c89c16,,,,,,,,,,,,,,,,,,,,,,,,,,,,,,,,,,,,,,,,,604.4189,607.183,,,,10,607.1833,609.2231,,,"[""right"",""right"",""right"",""right"",""space""]","[0.44419999885565176,0.7520000000000664,1.0971999988556718,1.4123999996186285,1.951600000381518]","[null,null,null,null,null]",9,609.2245,611.1456,space,1.827699999,,57,Celebrities_Faces/057_rating.jpg,Serena Williams,2,Serena Williams,2,TRUE,TRUE,28,0,51,51,56,1,57,Celebrities_Faces/057_rating.jpg,Olivia Rodrigo,Charlize Theron,Serena Williams,Greta Thunberg,Serena Williams,,,,,,,,,,,,,,,,,,,,,,,,,,,,,,,,,,,,,,,,,,,,,,,,,,,,,,,,,,,,,,,,,,,,,
,,,,,696dfb3cfe039751c30eba20,2026-01-19_09h38.15.724,WP1_3,2025.2.3,Win32,30.03003003,681b781064a5701a5ceee3bc,68dce618a723bff3d9c89c16,,,,,,,,,,,,,,,,,,,,,,,,,,,,,,,,,,,,,,,,,611.1465,616.0256,,,,10,616.0262,618.2969,,,"[""right"",""right"",""right"",""space""]","[0.7587999992369987,1.1844999999999573,1.561899999618504,2.2095999984741184]","[null,null,null,null]",8,618.2982,621.6294,space,3.2679,,43,Celebrities_Faces/043_rating.jpg,Maria Sharapova,3,Maria Sharapova,3,TRUE,TRUE,29,0,52,52,42,1,43,Celebrities_Faces/043_rating.jpg,Michelle Obama,Taylor Swift,Greta Thunberg,Maria Sharapova,Maria Sharapova,,,,,,,,,,,,,,,,,,,,,,,,,,,,,,,,,,,,,,,,,,,,,,,,,,,,,,,,,,,,,,,,,,,,,
,,,,,696dfb3cfe039751c30eba20,2026-01-19_09h38.15.724,WP1_3,2025.2.3,Win32,30.03003003,681b781064a5701a5ceee3bc,68dce618a723bff3d9c89c16,,,,,,,,,,,,,,,,,,,,,,,,,,,,,,,,,,,,,,,,,621.6301,625.051,,,,10,625.0514,626.8256,,,"[""right"",""right"",""space""]","[0.5281000003814142,0.8914000015258807,1.6444000015258098]","[null,null,null]",7,626.828,628.1533,space,1.193199999,,10,Celebrities_Faces/010_rating.jpg,Bruce Willis,0,Bruce Willis,0,TRUE,TRUE,30,0,53,53,9,1,10,Celebrities_Faces/010_rating.jpg,Bruce Willis,Arnold Schwarzeneger,George Clooney,Robert De Niro,Bruce Willis,,,,,,,,,,,,,,,,,,,,,,,,,,,,,,,,,,,,,,,,,,,,,,,,,,,,,,,,,,,,,,,,,,,,,
,,,,,696dfb3cfe039751c30eba20,2026-01-19_09h38.15.724,WP1_3,2025.2.3,Win32,30.03003003,681b781064a5701a5ceee3bc,68dce618a723bff3d9c89c16,,,,,,,,,,,,,,,,,,,,,,,,,,,,,,,,,,,,,,,,,628.1539,632.0403,,,,1,632.0408,633.5073,,,"[""space""]",[1.3999999999999773],[null],5,633.5087,637.8429,space,4.263200001,,55,Celebrities_Faces/055_rating.jpg,Charlize Theron,3,Charlize Theron,3,TRUE,FALSE,30,0,54,54,54,1,55,Celebrities_Faces/055_rating.jpg,Natalie Portman,Margot Robbie,Angelina Jolie,Charlize Theron,Charlize Theron,,,,,,,,,,,,,,,,,,,,,,,,,,,,,,,,,,,,,,,,,,,,,,,,,,,,,,,,,,,,,,,,,,,,,
,,,,,696dfb3cfe039751c30eba20,2026-01-19_09h38.15.724,WP1_3,2025.2.3,Win32,30.03003003,681b781064a5701a5ceee3bc,68dce618a723bff3d9c89c16,,,,,,,,,,,,,,,,,,,,,,,,,,,,,,,,,,,,,,,,,637.8441,641.1217,,,,9,641.1222,643.1832,,,"[""right"",""space""]","[1.4020000000000437,1.9833999996185412]","[null,null]",6,643.1844,644.317,space,1.054699999,,28,Celebrities_Faces/028_rating.jpg,Dwayne Johnson,0,Dwayne Johnson,0,TRUE,TRUE,31,0,55,55,27,1,28,Celebrities_Faces/028_rating.jpg,Dwayne Johnson,Ryan Reynolds,Bradley Cooper,Lionel Messi,Dwayne Johnson,,,,,,,,,,,,,,,,,,,,,,,,,,,,,,,,,,,,,,,,,,,,,,,,,,,,,,,,,,,,,,,,,,,,,
,,,,,696dfb3cfe039751c30eba20,2026-01-19_09h38.15.724,WP1_3,2025.2.3,Win32,30.03003003,681b781064a5701a5ceee3bc,68dce618a723bff3d9c89c16,,,,,,,,,,,,,,,,,,,,,,,,,,,,,,,,,,,,,,,,,644.318,648.0806,,,,8,648.0812,650.3909,,,"[""right"",""right"",""right"",""space""]","[0.7816000003814452,1.089899999618524,1.6037000007629558,2.1518999996185357]","[null,null,null,null]",8,650.3926,651.7948,space,1.243800001,,18,Celebrities_Faces/018_rating.jpg,Chris Hemsworth,0,Chris Hemsworth,0,TRUE,TRUE,32,0,56,56,17,1,18,Celebrities_Faces/018_rating.jpg,Chris Hemsworth,Leonardo Di Caprio,Nicolas Cage,Tom Cruise,Chris Hemsworth,,,,,,,,,,,,,,,,,,,,,,,,,,,,,,,,,,,,,,,,,,,,,,,,,,,,,,,,,,,,,,,,,,,,,
,,,,,696dfb3cfe039751c30eba20,2026-01-19_09h38.15.724,WP1_3,2025.2.3,Win32,30.03003003,681b781064a5701a5ceee3bc,68dce618a723bff3d9c89c16,,,,,,,,,,,,,,,,,,,,,,,,,,,,,,,,,,,,,,,,,651.7971,655.3758,,,,9,655.3763,657.2603,,,"[""right"",""right"",""space""]","[0.7493999996185039,1.1288999996185112,1.7511999988555544]","[null,null,null]",7,657.2624,660.0981,space,2.696200001,,45,Celebrities_Faces/045_rating.jpg,Cameron Diaz,3,Cameron Diaz,3,TRUE,TRUE,33,0,57,57,44,1,45,Celebrities_Faces/045_rating.jpg,Taylor Swift,Natalie Portman,Maria Sharapova,Cameron Diaz,Cameron Diaz,,,,,,,,,,,,,,,,,,,,,,,,,,,,,,,,,,,,,,,,,,,,,,,,,,,,,,,,,,,,,,,,,,,,,
,,,,,696dfb3cfe039751c30eba20,2026-01-19_09h38.15.724,WP1_3,2025.2.3,Win32,30.03003003,681b781064a5701a5ceee3bc,68dce618a723bff3d9c89c16,,,,,,,,,,,,,,,,,,,,,,,,,,,,,,,,,,,,,,,,,660.0989,663.7955,,,,7,663.7959,665.0204,,,"[""space""]",[1.0748999996185375],[null],5,665.0219,666.2607,space,1.089799999,,5,Celebrities_Faces/005_rating.jpg,Lionel Messi,0,Lionel Messi,0,TRUE,TRUE,34,0,58,58,4,1,5,Celebrities_Faces/005_rating.jpg,Lionel Messi,Matt Damon,Cristiano Ronaldo,Lebron James,Lionel Messi,,,,,,,,,,,,,,,,,,,,,,,,,,,,,,,,,,,,,,,,,,,,,,,,,,,,,,,,,,,,,,,,,,,,,
,,,,,696dfb3cfe039751c30eba20,2026-01-19_09h38.15.724,WP1_3,2025.2.3,Win32,30.03003003,681b781064a5701a5ceee3bc,68dce618a723bff3d9c89c16,,,,,,,,,,,,,,,,,,,,,,,,,,,,,,,,,,,,,,,,,666.2619,669.7071,,,,10,669.7076,671.4466,,,"[""right"",""right"",""right"",""space""]","[0.5153000011443964,0.7868000011444565,1.132200000762964,1.6786000003814934]","[null,null,null,null]",8,671.4473,674.8564,space,3.351200001,,12,Celebrities_Faces/012_rating.jpg,Daniel Radcliffe,3,Daniel Radcliffe,3,TRUE,TRUE,35,0,59,59,11,1,12,Celebrities_Faces/012_rating.jpg,Bruce Willis,Ryan Reynolds,Ewan McGregor,Daniel Radcliffe,Daniel Radcliffe,,,,,,,,,,,,,,,,,,,,,,,,,,,,,,,,,,,,,,,,,,,,,,,,,,,,,,,,,,,,,,,,,,,,,
,,,,,696dfb3cfe039751c30eba20,2026-01-19_09h38.15.724,WP1_3,2025.2.3,Win32,30.03003003,681b781064a5701a5ceee3bc,68dce618a723bff3d9c89c16,,,,,,,,,,,,,,,,,,,,,,,,,,,,,,,,,,,,,,,,,,,,,,,,,,,,,,,,,,,,,,,,,,,,,,,,,,,,,,,,,top_30_qualified_by_familiarity,30,"44,1,47,6,15,16,30,58,3,57,43,10,12,34,33,26,54,42,53,25,27,28,45,38,2,59,52,20,36,18",674.8604,694.8386,,,,,,,,,,,,,,,,,,,,,,,,,,,,,,,,,,,,,,,,,,,,,,,,,,,,,,,,,,,,,,,,
,,,,,696dfb3cfe039751c30eba20,2026-01-19_09h38.15.724,WP1_3,2025.2.3,Win32,30.03003003,681b781064a5701a5ceee3bc,68dce618a723bff3d9c89c16,,,,,,,,,,,,,,,,,,,,,,,,,,,,,,,,,,,,,,,,,,,,,,,,,,,,,,,,,,,,,,,,,,,,,,,,,,,,,,,,,,,,,,694.845,694.8451,,,,,,,,,,,,,,,,,,,,,,,,,,,,,,,,,,,,,,,,,,,,,,,,,,,,,,,,,,,,,,
,,,,,696dfb3cfe039751c30eba20,2026-01-19_09h38.15.724,WP1_3,2025.2.3,Win32,30.03003003,681b781064a5701a5ceee3bc,68dce618a723bff3d9c89c16,,,,,,,,,,,,,,,,,,,,,,,,,,,,,,,,,,,,,,,,,,,,,,,,,,,,,,,,,,,,,,,,,,,,,,,,,,,,,,,,,,,,,,,,694.8452,718.0627,space,23.1852,,,,,,,,,,,,,,,,,,,,,,,,,,,,,,,,,,,,,,,,,,,,,,,,,,,,,,,,,,
,,,,,696dfb3cfe039751c30eba20,2026-01-19_09h38.15.724,WP1_3,2025.2.3,Win32,30.03003003,681b781064a5701a5ceee3bc,68dce618a723bff3d9c89c16,,,,,,,,,,,,,,,,,,,,,,,,,,,,,,,,,,,,,,,,,,,,,,,,,,,,,,,,,,,,,,,,,,,,,,,,,,,,,,,,,,,,,,,,,,,,,718.0628,727.8894,space,9.7931,,,,,,,,,,,,,,,,,,,,,,,,,,,,,,,,,,,,,,,,,,,,,,,,,,,,,
,,,,,696dfb3cfe039751c30eba20,2026-01-19_09h38.15.724,WP1_3,2025.2.3,Win32,30.03003003,681b781064a5701a5ceee3bc,68dce618a723bff3d9c89c16,,,,,,,,,,,,,,,,,,,,,,,,,,,,,,,,,,,,,,,,,,,,,,,,,,,,,,,,,,,,48,,,,,,,,,,,,,,,,,,,,,,,,,,,,,,,,,,,,,,1.735119404,727.8961,729.6372,729.643,731.7553,[],[],,TRUE,1,FALSE,,TRUE,,0,0,0,0,1,,,,,,,,,,,,,,,,,,,,,,,,,,,,,,,,,
,,,,,696dfb3cfe039751c30eba20,2026-01-19_09h38.15.724,WP1_3,2025.2.3,Win32,30.03003003,681b781064a5701a5ceee3bc,68dce618a723bff3d9c89c16,,,,,,,,,,,,,,,,,,,,,,,,,,,,,,,,,,,,,,,,,,,,,,,,,,,,,,,,,,,,84,,,,,,,,,,,,,,,,,,,,,,,,,,,,,,,,,,,,,,2.432538088,731.7565,734.1893,734.1897,735.1581,p,0.879599998,,TRUE,2,FALSE,,FALSE,,1,0,1,0,1,,,,,,,,,,,,,,,,,,,,,,,,,,,,,,,,,
,,,,,696dfb3cfe039751c30eba20,2026-01-19_09h38.15.724,WP1_3,2025.2.3,Win32,30.03003003,681b781064a5701a5ceee3bc,68dce618a723bff3d9c89c16,,,,,,,,,,,,,,,,,,,,,,,,,,,,,,,,,,,,,,,,,,,,,,,,,,,,,,,,,,,,30,,,,,,,,,,,,,,,,,,,,,,,,,,,,,,,,,,,,,,2.080171737,735.1584,737.2249,737.2253,739.3476,[],[],,TRUE,3,FALSE,,TRUE,,2,0,2,0,1,,,,,,,,,,,,,,,,,,,,,,,,,,,,,,,,,
,,,,,696dfb3cfe039751c30eba20,2026-01-19_09h38.15.724,WP1_3,2025.2.3,Win32,30.03003003,681b781064a5701a5ceee3bc,68dce618a723bff3d9c89c16,,,,,,,,,,,,,,,,,,,,,,,,,,,,,,,,,,,,,,,,,,,,,,,,,,,,,,,,,,,,4,,,,,,,,,,,,,,,,,,,,,,,,,,,,,,,,,,,,,,2.470171155,739.3479,741.7948,741.7968,743.9217,[],[],,TRUE,4,TRUE,,TRUE,,3,0,3,0,1,,,,,,,,,,,,,,,,,,,,,,,,,,,,,,,,,
,,,,,696dfb3cfe039751c30eba20,2026-01-19_09h38.15.724,WP1_3,2025.2.3,Win32,30.03003003,681b781064a5701a5ceee3bc,68dce618a723bff3d9c89c16,,,,,,,,,,,,,,,,,,,,,,,,,,,,,,,,,,,,,,,,,,,,,,,,,,,,,,,,,,,,63,,,,,,,,,,,,,,,,,,,,,,,,,,,,,,,,,,,,,,2.471795747,743.9219,746.3867,746.3872,747.3489,p,0.874299999,,TRUE,5,FALSE,,FALSE,,4,0,4,0,1,,,,,,,,,,,,,,,,,,,,,,,,,,,,,,,,,
,,,,,696dfb3cfe039751c30eba20,2026-01-19_09h38.15.724,WP1_3,2025.2.3,Win32,30.03003003,681b781064a5701a5ceee3bc,68dce618a723bff3d9c89c16,,,,,,,,,,,,,,,,,,,,,,,,,,,,,,,,,,,,,,,,,,,,,,,,,,,,,,,,,,,,,,,,,,,,,,,,,,,,,,,,,,,,,,,,,,,,,,,,,,,,,,,,,,,,,,,,,,,,,747.3496,752.0155,space,4.6355,,,,,,,,,,,,,,,,,,,,,,,,,,,,,
,,,,,696dfb3cfe039751c30eba20,2026-01-19_09h38.15.724,WP1_3,2025.2.3,Win32,30.03003003,681b781064a5701a5ceee3bc,68dce618a723bff3d9c89c16,,,,,,,,,,,,,,,,,,,,,,,,,,,,,,,,,,,,,,,,,,,,,,,,,,,,,,,,,,,,18,Celebrities_Faces/018_03_greyscale_250.png,,,,,,,,,,,,,,,,,,,,,,,,,,,,,,,,,,,,,1.720365312,752.0177,753.7288,,,,,,,,TRUE,,FALSE,,,,,,,,,,,,753.7298,754.6966,p,0.8746,,1,30,1,1,3,familiar,,,FALSE,754.6972,754.6979,754.6979,754.7034,,0,0,0,0,1,,,,
,,,,,696dfb3cfe039751c30eba20,2026-01-19_09h38.15.724,WP1_3,2025.2.3,Win32,30.03003003,681b781064a5701a5ceee3bc,68dce618a723bff3d9c89c16,,,,,,,,,,,,,,,,,,,,,,,,,,,,,,,,,,,,,,,,,,,,,,,,,,,,,,,,,,,,15,Celebrities_Faces/015_03_greyscale_250.png,,,,,,,,,,,,,,,,,,,,,,,,,,,,,,,,,,,,,2.451539302,754.7037,757.1313,,,,,,,,TRUE,,FALSE,,,,,,,,,,,,757.1326,758.1229,q,0.902199999,,2,5,1,1,3,familiar,,,FALSE,758.123,758.123,758.1231,758.1231,,1,0,1,0,1,,,,
,,,,,696dfb3cfe039751c30eba20,2026-01-19_09h38.15.724,WP1_3,2025.2.3,Win32,30.03003003,681b781064a5701a5ceee3bc,68dce618a723bff3d9c89c16,,,,,,,,,,,,,,,,,,,,,,,,,,,,,,,,,,,,,,,,,,,,,,,,,,,,,,,,,,,,10,Celebrities_Faces/010_03_greyscale_250.png,,,,,,,,,,,,,,,,,,,,,,,,,,,,,,,,,,,,,2.216427623,758.1234,760.3311,,,,,,,,TRUE,,TRUE,,,,,,,,,,,,760.3316,761.4334,,,,3,12,1,1,3,familiar,,,FALSE,761.4338,762.4174,762.4175,762.4175,,2,0,2,0,1,,,,
,,,,,696dfb3cfe039751c30eba20,2026-01-19_09h38.15.724,WP1_3,2025.2.3,Win32,30.03003003,681b781064a5701a5ceee3bc,68dce618a723bff3d9c89c16,,,,,,,,,,,,,,,,,,,,,,,,,,,,,,,,,,,,,,,,,,,,,,,,,,,,,,,,,,,,95,stim_fam/095_rgray_250.png,,,,,,,,,,,,,,,,,,,,,,,,,,,,,,,,,,,,,1.903555052,762.4177,764.3204,,,,,,,,FALSE,,FALSE,,,,,,,,,,,,764.3213,765.1763,p,0.75,,4,33,1,1,250,novel,,,FALSE,765.1765,765.1765,765.1765,765.1766,,3,0,3,0,1,,,,
,,,,,696dfb3cfe039751c30eba20,2026-01-19_09h38.15.724,WP1_3,2025.2.3,Win32,30.03003003,681b781064a5701a5ceee3bc,68dce618a723bff3d9c89c16,,,,,,,,,,,,,,,,,,,,,,,,,,,,,,,,,,,,,,,,,,,,,,,,,,,,,,,,,,,,12,Celebrities_Faces/012_03_greyscale_250.png,,,,,,,,,,,,,,,,,,,,,,,,,,,,,,,,,,,,,1.508911112,765.1768,766.6788,,,,,,,,TRUE,,FALSE,,,,,,,,,,,,766.6793,767.5921,q,0.819700001,,5,13,1,1,3,familiar,,,FALSE,767.5924,767.5926,767.5927,767.5928,,4,0,4,0,1,,,,
,,,,,696dfb3cfe039751c30eba20,2026-01-19_09h38.15.724,WP1_3,2025.2.3,Win32,30.03003003,681b781064a5701a5ceee3bc,68dce618a723bff3d9c89c16,,,,,,,,,,,,,,,,,,,,,,,,,,,,,,,,,,,,,,,,,,,,,,,,,,,,,,,,,,,,24,stim_fam/024_rgray_250.png,,,,,,,,,,,,,,,,,,,,,,,,,,,,,,,,,,,,,1.551928092,767.5931,769.1236,,,,,,,,FALSE,,TRUE,,,,,,,,,,,,769.1239,770.2605,q,1.0459,,6,54,1,1,250,novel,,,FALSE,770.2607,771.2574,771.2574,771.2575,,5,0,5,0,1,,,,
,,,,,696dfb3cfe039751c30eba20,2026-01-19_09h38.15.724,WP1_3,2025.2.3,Win32,30.03003003,681b781064a5701a5ceee3bc,68dce618a723bff3d9c89c16,,,,,,,,,,,,,,,,,,,,,,,,,,,,,,,,,,,,,,,,,,,,,,,,,,,,,,,,,,,,58,stim_fam/058_rgray_250.png,,,,,,,,,,,,,,,,,,,,,,,,,,,,,,,,,,,,,2.025912707,771.2578,773.2803,,,,,,,,FALSE,,FALSE,,,,,,,,,,,,773.2809,774.2383,p,0.8631,,7,40,1,1,250,novel,,,FALSE,774.2388,774.239,774.2392,774.2394,,6,0,6,0,1,,,,
,,,,,696dfb3cfe039751c30eba20,2026-01-19_09h38.15.724,WP1_3,2025.2.3,Win32,30.03003003,681b781064a5701a5ceee3bc,68dce618a723bff3d9c89c16,,,,,,,,,,,,,,,,,,,,,,,,,,,,,,,,,,,,,,,,,,,,,,,,,,,,,,,,,,,,2,Celebrities_Faces/002_01_greyscale_250.png,,,,,,,,,,,,,,,,,,,,,,,,,,,,,,,,,,,,,1.50286824,774.2402,775.7242,,,,,,,,TRUE,,FALSE,,,,,,,,,,,,775.7255,776.6761,q,0.842,,8,25,1,1,1,familiar,,,FALSE,776.6766,776.6771,776.6772,776.6775,,7,0,7,0,1,,,,
,,,,,696dfb3cfe039751c30eba20,2026-01-19_09h38.15.724,WP1_3,2025.2.3,Win32,30.03003003,681b781064a5701a5ceee3bc,68dce618a723bff3d9c89c16,,,,,,,,,,,,,,,,,,,,,,,,,,,,,,,,,,,,,,,,,,,,,,,,,,,,,,,,,,,,28,Celebrities_Faces/028_01_greyscale_250.png,,,,,,,,,,,,,,,,,,,,,,,,,,,,,,,,,,,,,2.253051076,776.6781,778.9126,,,,,,,,TRUE,,TRUE,,,,,,,,,,,,778.9142,780.0517,,,,9,22,1,1,1,familiar,,,FALSE,780.0522,781.0523,781.0525,781.0529,,8,0,8,0,1,,,,
,,,,,696dfb3cfe039751c30eba20,2026-01-19_09h38.15.724,WP1_3,2025.2.3,Win32,30.03003003,681b781064a5701a5ceee3bc,68dce618a723bff3d9c89c16,,,,,,,,,,,,,,,,,,,,,,,,,,,,,,,,,,,,,,,,,,,,,,,,,,,,,,,,,,,,27,stim_fam/027_rgray_250.png,,,,,,,,,,,,,,,,,,,,,,,,,,,,,,,,,,,,,2.138972091,781.0533,783.1766,,,,,,,,FALSE,,TRUE,,,,,,,,,,,,783.1788,784.3163,,,,10,53,1,1,250,novel,,,FALSE,784.3168,785.3178,785.3179,785.318,,9,0,9,0,1,,,,
,,,,,696dfb3cfe039751c30eba20,2026-01-19_09h38.15.724,WP1_3,2025.2.3,Win32,30.03003003,681b781064a5701a5ceee3bc,68dce618a723bff3d9c89c16,,,,,,,,,,,,,,,,,,,,,,,,,,,,,,,,,,,,,,,,,,,,,,,,,,,,,,,,,,,,30,Celebrities_Faces/030_03_greyscale_250.png,,,,,,,,,,,,,,,,,,,,,,,,,,,,,,,,,,,,,1.711568276,785.3183,787.0264,,,,,,,,TRUE,,FALSE,,,,,,,,,,,,787.0286,787.9204,q,0.795199999,,11,7,1,1,3,familiar,,,FALSE,787.9205,787.9205,787.9205,787.9205,,10,0,10,0,1,,,,
,,,,,696dfb3cfe039751c30eba20,2026-01-19_09h38.15.724,WP1_3,2025.2.3,Win32,30.03003003,681b781064a5701a5ceee3bc,68dce618a723bff3d9c89c16,,,,,,,,,,,,,,,,,,,,,,,,,,,,,,,,,,,,,,,,,,,,,,,,,,,,,,,,,,,,3,Celebrities_Faces/003_01_greyscale_250.png,,,,,,,,,,,,,,,,,,,,,,,,,,,,,,,,,,,,,1.528626153,787.9208,789.4275,,,,,,,,TRUE,,TRUE,,,,,,,,,,,,789.428,790.5534,,,,12,9,1,1,1,familiar,,,FALSE,790.5535,791.5374,791.5376,791.5377,,11,0,11,0,1,,,,
,,,,,696dfb3cfe039751c30eba20,2026-01-19_09h38.15.724,WP1_3,2025.2.3,Win32,30.03003003,681b781064a5701a5ceee3bc,68dce618a723bff3d9c89c16,,,,,,,,,,,,,,,,,,,,,,,,,,,,,,,,,,,,,,,,,,,,,,,,,,,,,,,,,,,,23,stim_fam/023_rgray_250.png,,,,,,,,,,,,,,,,,,,,,,,,,,,,,,,,,,,,,1.922535701,791.5384,793.437,,,,,,,,FALSE,,FALSE,,,,,,,,,,,,793.4378,794.351,p,0.8101,,13,47,1,1,250,novel,,,FALSE,794.3511,794.3512,794.3512,794.3513,,12,0,12,0,1,,,,
,,,,,696dfb3cfe039751c30eba20,2026-01-19_09h38.15.724,WP1_3,2025.2.3,Win32,30.03003003,681b781064a5701a5ceee3bc,68dce618a723bff3d9c89c16,,,,,,,,,,,,,,,,,,,,,,,,,,,,,,,,,,,,,,,,,,,,,,,,,,,,,,,,,,,,33,Celebrities_Faces/033_01_greyscale_250.png,,,,,,,,,,,,,,,,,,,,,,,,,,,,,,,,,,,,,2.29703756,794.3515,796.6306,,,,,,,,TRUE,,FALSE,,,,,,,,,,,,796.632,797.7088,p,0.9864,,14,15,1,1,1,familiar,,,FALSE,797.7092,797.7093,797.7094,797.7095,,13,0,13,0,1,,,,
,,,,,696dfb3cfe039751c30eba20,2026-01-19_09h38.15.724,WP1_3,2025.2.3,Win32,30.03003003,681b781064a5701a5ceee3bc,68dce618a723bff3d9c89c16,,,,,,,,,,,,,,,,,,,,,,,,,,,,,,,,,,,,,,,,,,,,,,,,,,,,,,,,,,,,103,stim_fam/103_rgray_250.png,,,,,,,,,,,,,,,,,,,,,,,,,,,,,,,,,,,,,2.202984223,797.7098,799.8977,,,,,,,,FALSE,,FALSE,,,,,,,,,,,,799.9037,800.8515,p,0.856400002,,15,43,1,1,250,novel,,,FALSE,800.8516,800.8516,800.8517,800.8518,,14,0,14,0,1,,,,
,,,,,696dfb3cfe039751c30eba20,2026-01-19_09h38.15.724,WP1_3,2025.2.3,Win32,30.03003003,681b781064a5701a5ceee3bc,68dce618a723bff3d9c89c16,,,,,,,,,,,,,,,,,,,,,,,,,,,,,,,,,,,,,,,,,,,,,,,,,,,,,,,,,,,,27,Celebrities_Faces/027_01_greyscale_250.png,,,,,,,,,,,,,,,,,,,,,,,,,,,,,,,,,,,,,1.938312538,800.8523,802.7863,,,,,,,,TRUE,,FALSE,,,,,,,,,,,,802.7868,803.6473,q,0.7656,,16,21,1,1,1,familiar,,,FALSE,803.6479,803.6481,803.6482,803.6483,,15,0,15,0,1,,,,
,,,,,696dfb3cfe039751c30eba20,2026-01-19_09h38.15.724,WP1_3,2025.2.3,Win32,30.03003003,681b781064a5701a5ceee3bc,68dce618a723bff3d9c89c16,,,,,,,,,,,,,,,,,,,,,,,,,,,,,,,,,,,,,,,,,,,,,,,,,,,,,,,,,,,,47,Celebrities_Faces/047_01_greyscale_250.png,,,,,,,,,,,,,,,,,,,,,,,,,,,,,,,,,,,,,1.697458141,803.6487,805.3339,,,,,,,,TRUE,,FALSE,,,,,,,,,,,,805.3347,806.1634,q,0.735699999,,17,3,1,1,1,familiar,,,FALSE,806.1635,806.1635,806.1636,806.1636,,16,0,16,0,1,,,,
,,,,,696dfb3cfe039751c30eba20,2026-01-19_09h38.15.724,WP1_3,2025.2.3,Win32,30.03003003,681b781064a5701a5ceee3bc,68dce618a723bff3d9c89c16,,,,,,,,,,,,,,,,,,,,,,,,,,,,,,,,,,,,,,,,,,,,,,,,,,,,,,,,,,,,91,stim_fam/091_rgray_250.png,,,,,,,,,,,,,,,,,,,,,,,,,,,,,,,,,,,,,1.631399201,806.1638,807.7896,,,,,,,,FALSE,,FALSE,,,,,,,,,,,,807.7901,808.7243,p,0.842299999,,18,39,1,1,250,novel,,,FALSE,808.7247,808.7247,808.7247,808.7247,,17,0,17,0,1,,,,
,,,,,696dfb3cfe039751c30eba20,2026-01-19_09h38.15.724,WP1_3,2025.2.3,Win32,30.03003003,681b781064a5701a5ceee3bc,68dce618a723bff3d9c89c16,,,,,,,,,,,,,,,,,,,,,,,,,,,,,,,,,,,,,,,,,,,,,,,,,,,,,,,,,,,,42,Celebrities_Faces/042_02_greyscale_250.png,,,,,,,,,,,,,,,,,,,,,,,,,,,,,,,,,,,,,1.515213974,808.725,810.2443,,,,,,,,TRUE,,TRUE,,,,,,,,,,,,810.2449,811.353,q,1.0136,,19,18,1,1,2,familiar,,,FALSE,811.3532,812.3367,812.3368,812.3369,,18,0,18,0,1,,,,
,,,,,696dfb3cfe039751c30eba20,2026-01-19_09h38.15.724,WP1_3,2025.2.3,Win32,30.03003003,681b781064a5701a5ceee3bc,68dce618a723bff3d9c89c16,,,,,,,,,,,,,,,,,,,,,,,,,,,,,,,,,,,,,,,,,,,,,,,,,,,,,,,,,,,,20,Celebrities_Faces/020_03_greyscale_250.png,,,,,,,,,,,,,,,,,,,,,,,,,,,,,,,,,,,,,1.717365871,812.3371,814.043,,,,,,,,TRUE,,FALSE,,,,,,,,,,,,814.044,814.945,q,0.8081,,20,28,1,1,3,familiar,,,FALSE,814.9456,814.9457,814.9457,814.9457,,19,0,19,0,1,,,,
,,,,,696dfb3cfe039751c30eba20,2026-01-19_09h38.15.724,WP1_3,2025.2.3,Win32,30.03003003,681b781064a5701a5ceee3bc,68dce618a723bff3d9c89c16,,,,,,,,,,,,,,,,,,,,,,,,,,,,,,,,,,,,,,,,,,,,,,,,,,,,,,,,,,,,67,stim_fam/067_rgray_250.png,,,,,,,,,,,,,,,,,,,,,,,,,,,,,,,,,,,,,2.300467488,814.946,817.2366,,,,,,,,FALSE,,FALSE,,,,,,,,,,,,817.238,818.1304,p,0.798200001,,21,52,1,1,250,novel,,,FALSE,818.1305,818.1305,818.1305,818.1305,,20,0,20,0,1,,,,
,,,,,696dfb3cfe039751c30eba20,2026-01-19_09h38.15.724,WP1_3,2025.2.3,Win32,30.03003003,681b781064a5701a5ceee3bc,68dce618a723bff3d9c89c16,,,,,,,,,,,,,,,,,,,,,,,,,,,,,,,,,,,,,,,,,,,,,,,,,,,,,,,,,,,,32,stim_fam/032_rgray_250.png,,,,,,,,,,,,,,,,,,,,,,,,,,,,,,,,,,,,,2.435411582,818.1308,820.5666,,,,,,,,FALSE,,FALSE,,,,,,,,,,,,820.567,821.4847,p,0.818800001,,22,38,1,1,250,novel,,,FALSE,821.4848,821.4848,821.4848,821.4848,,21,0,21,0,1,,,,
,,,,,696dfb3cfe039751c30eba20,2026-01-19_09h38.15.724,WP1_3,2025.2.3,Win32,30.03003003,681b781064a5701a5ceee3bc,68dce618a723bff3d9c89c16,,,,,,,,,,,,,,,,,,,,,,,,,,,,,,,,,,,,,,,,,,,,,,,,,,,,,,,,,,,,45,Celebrities_Faces/045_01_greyscale_250.png,,,,,,,,,,,,,,,,,,,,,,,,,,,,,,,,,,,,,1.834017213,821.4851,823.3009,,,,,,,,TRUE,,FALSE,,,,,,,,,,,,823.3016,824.023,q,0.6325,,23,23,1,1,1,familiar,,,FALSE,824.0231,824.0232,824.0232,824.0232,,22,0,22,0,1,,,,
,,,,,696dfb3cfe039751c30eba20,2026-01-19_09h38.15.724,WP1_3,2025.2.3,Win32,30.03003003,681b781064a5701a5ceee3bc,68dce618a723bff3d9c89c16,,,,,,,,,,,,,,,,,,,,,,,,,,,,,,,,,,,,,,,,,,,,,,,,,,,,,,,,,,,,99,stim_fam/099_rgray_250.png,,,,,,,,,,,,,,,,,,,,,,,,,,,,,,,,,,,,,1.635558557,824.0234,825.6486,,,,,,,,FALSE,,FALSE,,,,,,,,,,,,825.6493,826.5952,p,0.835700001,,24,58,1,1,250,novel,,,FALSE,826.5954,826.5954,826.5954,826.5955,,23,0,23,0,1,,,,
,,,,,696dfb3cfe039751c30eba20,2026-01-19_09h38.15.724,WP1_3,2025.2.3,Win32,30.03003003,681b781064a5701a5ceee3bc,68dce618a723bff3d9c89c16,,,,,,,,,,,,,,,,,,,,,,,,,,,,,,,,,,,,,,,,,,,,,,,,,,,,,,,,,,,,59,Celebrities_Faces/059_03_greyscale_250.png,,,,,,,,,,,,,,,,,,,,,,,,,,,,,,,,,,,,,2.073014485,826.5957,828.6678,,,,,,,,TRUE,,FALSE,,,,,,,,,,,,828.6684,829.4818,q,0.709299999,,25,26,1,1,3,familiar,,,FALSE,829.4819,829.482,829.482,829.4822,,24,0,24,0,1,,,,
,,,,,696dfb3cfe039751c30eba20,2026-01-19_09h38.15.724,WP1_3,2025.2.3,Win32,30.03003003,681b781064a5701a5ceee3bc,68dce618a723bff3d9c89c16,,,,,,,,,,,,,,,,,,,,,,,,,,,,,,,,,,,,,,,,,,,,,,,,,,,,,,,,,,,,44,Celebrities_Faces/044_02_greyscale_250.png,,,,,,,,,,,,,,,,,,,,,,,,,,,,,,,,,,,,,2.133518108,829.4828,831.5922,,,,,,,,TRUE,,FALSE,,,,,,,,,,,,831.5933,832.6824,q,0.988200001,,26,1,1,1,2,familiar,,,FALSE,832.6832,832.6833,832.6833,832.6833,,25,0,25,0,1,,,,
,,,,,696dfb3cfe039751c30eba20,2026-01-19_09h38.15.724,WP1_3,2025.2.3,Win32,30.03003003,681b781064a5701a5ceee3bc,68dce618a723bff3d9c89c16,,,,,,,,,,,,,,,,,,,,,,,,,,,,,,,,,,,,,,,,,,,,,,,,,,,,,,,,,,,,80,stim_fam/080_rgray_250.png,,,,,,,,,,,,,,,,,,,,,,,,,,,,,,,,,,,,,2.12962217,832.6835,834.8093,,,,,,,,FALSE,,FALSE,,,,,,,,,,,,834.8109,835.7621,q,0.853799999,,27,36,1,1,250,novel,,,FALSE,835.7622,835.7622,835.7622,835.7622,,26,0,26,0,1,,,,
,,,,,696dfb3cfe039751c30eba20,2026-01-19_09h38.15.724,WP1_3,2025.2.3,Win32,30.03003003,681b781064a5701a5ceee3bc,68dce618a723bff3d9c89c16,,,,,,,,,,,,,,,,,,,,,,,,,,,,,,,,,,,,,,,,,,,,,,,,,,,,,,,,,,,,43,Celebrities_Faces/043_02_greyscale_250.png,,,,,,,,,,,,,,,,,,,,,,,,,,,,,,,,,,,,,1.677112482,835.7625,837.4174,,,,,,,,TRUE,,FALSE,,,,,,,,,,,,837.4178,838.2623,q,0.757200001,,28,11,1,1,2,familiar,,,FALSE,838.2624,838.2624,838.2624,838.2624,,27,0,27,0,1,,,,
,,,,,696dfb3cfe039751c30eba20,2026-01-19_09h38.15.724,WP1_3,2025.2.3,Win32,30.03003003,681b781064a5701a5ceee3bc,68dce618a723bff3d9c89c16,,,,,,,,,,,,,,,,,,,,,,,,,,,,,,,,,,,,,,,,,,,,,,,,,,,,,,,,,,,,49,stim_fam/049_rgray_250.png,,,,,,,,,,,,,,,,,,,,,,,,,,,,,,,,,,,,,2.421208549,838.2627,840.6605,,,,,,,,FALSE,,FALSE,,,,,,,,,,,,840.6611,841.4278,q,0.6796,,29,55,1,1,250,novel,,,FALSE,841.4282,841.4284,841.4284,841.4285,,28,0,28,0,1,,,,
,,,,,696dfb3cfe039751c30eba20,2026-01-19_09h38.15.724,WP1_3,2025.2.3,Win32,30.03003003,681b781064a5701a5ceee3bc,68dce618a723bff3d9c89c16,,,,,,,,,,,,,,,,,,,,,,,,,,,,,,,,,,,,,,,,,,,,,,,,,,,,,,,,,,,,10,stim_fam/010_rgray_250.png,,,,,,,,,,,,,,,,,,,,,,,,,,,,,,,,,,,,,2.206002527,841.4287,843.6118,,,,,,,,FALSE,,FALSE,,,,,,,,,,,,843.6123,844.5811,p,0.879200001,,30,59,1,1,250,novel,,,FALSE,844.5814,844.5814,844.5814,844.5814,,29,0,29,0,1,,,,
,,,,,696dfb3cfe039751c30eba20,2026-01-19_09h38.15.724,WP1_3,2025.2.3,Win32,30.03003003,681b781064a5701a5ceee3bc,68dce618a723bff3d9c89c16,,,,,,,,,,,,,,,,,,,,,,,,,,,,,,,,,,,,,,,,,,,,,,,,,,,,,,,,,,,,76,stim_fam/076_rgray_250.png,,,,,,,,,,,,,,,,,,,,,,,,,,,,,,,,,,,,,2.257820918,844.5817,846.8264,,,,,,,,FALSE,,FALSE,,,,,,,,,,,,846.827,847.7731,p,0.8575,,31,46,1,1,250,novel,,,FALSE,847.7732,847.7732,847.7732,847.7732,,30,0,30,0,1,,,,
,,,,,696dfb3cfe039751c30eba20,2026-01-19_09h38.15.724,WP1_3,2025.2.3,Win32,30.03003003,681b781064a5701a5ceee3bc,68dce618a723bff3d9c89c16,,,,,,,,,,,,,,,,,,,,,,,,,,,,,,,,,,,,,,,,,,,,,,,,,,,,,,,,,,,,68,stim_fam/068_rgray_250.png,,,,,,,,,,,,,,,,,,,,,,,,,,,,,,,,,,,,,1.722501791,847.7733,849.4768,,,,,,,,FALSE,,FALSE,,,,,,,,,,,,849.4773,850.3007,p,0.735300001,,32,48,1,1,250,novel,,,FALSE,850.3008,850.3009,850.3009,850.301,,31,0,31,0,1,,,,
,,,,,696dfb3cfe039751c30eba20,2026-01-19_09h38.15.724,WP1_3,2025.2.3,Win32,30.03003003,681b781064a5701a5ceee3bc,68dce618a723bff3d9c89c16,,,,,,,,,,,,,,,,,,,,,,,,,,,,,,,,,,,,,,,,,,,,,,,,,,,,,,,,,,,,16,Celebrities_Faces/016_01_greyscale_250.png,,,,,,,,,,,,,,,,,,,,,,,,,,,,,,,,,,,,,2.088104179,850.3012,852.3933,,,,,,,,TRUE,,FALSE,,,,,,,,,,,,852.3938,853.4003,q,0.9154,,33,6,1,1,1,familiar,,,FALSE,853.4004,853.4004,853.4004,853.4004,,32,0,32,0,1,,,,
,,,,,696dfb3cfe039751c30eba20,2026-01-19_09h38.15.724,WP1_3,2025.2.3,Win32,30.03003003,681b781064a5701a5ceee3bc,68dce618a723bff3d9c89c16,,,,,,,,,,,,,,,,,,,,,,,,,,,,,,,,,,,,,,,,,,,,,,,,,,,,,,,,,,,,44,stim_fam/044_rgray_250.png,,,,,,,,,,,,,,,,,,,,,,,,,,,,,,,,,,,,,2.231493334,853.4006,855.6261,,,,,,,,FALSE,,TRUE,,,,,,,,,,,,855.6267,856.7619,q,1.0394,,34,35,1,1,250,novel,,,FALSE,856.762,857.7321,857.7323,857.7325,,33,0,33,0,1,,,,
,,,,,696dfb3cfe039751c30eba20,2026-01-19_09h38.15.724,WP1_3,2025.2.3,Win32,30.03003003,681b781064a5701a5ceee3bc,68dce618a723bff3d9c89c16,,,,,,,,,,,,,,,,,,,,,,,,,,,,,,,,,,,,,,,,,,,,,,,,,,,,,,,,,,,,7,stim_fam/007_rgray_250.png,,,,,,,,,,,,,,,,,,,,,,,,,,,,,,,,,,,,,2.070512512,857.7328,859.7892,,,,,,,,FALSE,,TRUE,,,,,,,,,,,,859.7904,860.8915,p,1.015799999,,35,50,1,1,250,novel,,,FALSE,860.8917,861.8947,861.8949,861.895,,34,0,34,0,1,,,,
,,,,,696dfb3cfe039751c30eba20,2026-01-19_09h38.15.724,WP1_3,2025.2.3,Win32,30.03003003,681b781064a5701a5ceee3bc,68dce618a723bff3d9c89c16,,,,,,,,,,,,,,,,,,,,,,,,,,,,,,,,,,,,,,,,,,,,,,,,,,,,,,,,,,,,54,Celebrities_Faces/054_02_greyscale_250.png,,,,,,,,,,,,,,,,,,,,,,,,,,,,,,,,,,,,,1.818928656,861.8955,863.7151,,,,,,,,TRUE,,FALSE,,,,,,,,,,,,863.7167,864.5688,q,0.751800001,,36,17,1,1,2,familiar,,,FALSE,864.5688,864.5688,864.5688,864.5688,,35,0,35,0,1,,,,
,,,,,696dfb3cfe039751c30eba20,2026-01-19_09h38.15.724,WP1_3,2025.2.3,Win32,30.03003003,681b781064a5701a5ceee3bc,68dce618a723bff3d9c89c16,,,,,,,,,,,,,,,,,,,,,,,,,,,,,,,,,,,,,,,,,,,,,,,,,,,,,,,,,,,,53,Celebrities_Faces/053_02_greyscale_250.png,,,,,,,,,,,,,,,,,,,,,,,,,,,,,,,,,,,,,1.627017961,864.569,866.1742,,,,,,,,TRUE,,FALSE,,,,,,,,,,,,866.1755,866.9625,q,0.6954,,37,19,1,1,2,familiar,,,FALSE,866.9627,866.963,866.963,866.9632,,36,0,36,0,1,,,,
,,,,,696dfb3cfe039751c30eba20,2026-01-19_09h38.15.724,WP1_3,2025.2.3,Win32,30.03003003,681b781064a5701a5ceee3bc,68dce618a723bff3d9c89c16,,,,,,,,,,,,,,,,,,,,,,,,,,,,,,,,,,,,,,,,,,,,,,,,,,,,,,,,,,,,8,stim_fam/008_rgray_250.png,,,,,,,,,,,,,,,,,,,,,,,,,,,,,,,,,,,,,1.679184599,866.9639,868.6381,,,,,,,,FALSE,,FALSE,,,,,,,,,,,,868.6391,869.3952,p,0.668,,38,57,1,1,250,novel,,,FALSE,869.3954,869.3954,869.3954,869.3955,,37,0,37,0,1,,,,
,,,,,696dfb3cfe039751c30eba20,2026-01-19_09h38.15.724,WP1_3,2025.2.3,Win32,30.03003003,681b781064a5701a5ceee3bc,68dce618a723bff3d9c89c16,,,,,,,,,,,,,,,,,,,,,,,,,,,,,,,,,,,,,,,,,,,,,,,,,,,,,,,,,,,,38,Celebrities_Faces/038_02_greyscale_250.png,,,,,,,,,,,,,,,,,,,,,,,,,,,,,,,,,,,,,1.753332889,869.3957,871.135,,,,,,,,TRUE,,FALSE,,,,,,,,,,,,871.1358,872.0505,p,0.8295,,39,24,1,1,2,familiar,,,FALSE,872.0506,872.0507,872.0507,872.0507,,38,0,38,0,1,,,,
,,,,,696dfb3cfe039751c30eba20,2026-01-19_09h38.15.724,WP1_3,2025.2.3,Win32,30.03003003,681b781064a5701a5ceee3bc,68dce618a723bff3d9c89c16,,,,,,,,,,,,,,,,,,,,,,,,,,,,,,,,,,,,,,,,,,,,,,,,,,,,,,,,,,,,39,stim_fam/039_rgray_250.png,,,,,,,,,,,,,,,,,,,,,,,,,,,,,,,,,,,,,2.354578819,872.0509,874.4063,,,,,,,,FALSE,,FALSE,,,,,,,,,,,,874.4077,875.4256,p,0.930200001,,40,49,1,1,250,novel,,,FALSE,875.4256,875.4256,875.4256,875.4257,,39,0,39,0,1,,,,
,,,,,696dfb3cfe039751c30eba20,2026-01-19_09h38.15.724,WP1_3,2025.2.3,Win32,30.03003003,681b781064a5701a5ceee3bc,68dce618a723bff3d9c89c16,,,,,,,,,,,,,,,,,,,,,,,,,,,,,,,,,,,,,,,,,,,,,,,,,,,,,,,,,,,,36,Celebrities_Faces/036_03_greyscale_250.png,,,,,,,,,,,,,,,,,,,,,,,,,,,,,,,,,,,,,2.352541477,875.4261,877.7961,,,,,,,,TRUE,,FALSE,,,,,,,,,,,,877.7968,878.7573,p,0.865199999,,41,29,1,1,3,familiar,,,FALSE,878.7575,878.7575,878.7575,878.7575,,40,0,40,0,1,,,,
,,,,,696dfb3cfe039751c30eba20,2026-01-19_09h38.15.724,WP1_3,2025.2.3,Win32,30.03003003,681b781064a5701a5ceee3bc,68dce618a723bff3d9c89c16,,,,,,,,,,,,,,,,,,,,,,,,,,,,,,,,,,,,,,,,,,,,,,,,,,,,,,,,,,,,61,stim_fam/061_rgray_250.png,,,,,,,,,,,,,,,,,,,,,,,,,,,,,,,,,,,,,2.38238524,878.7577,881.1394,,,,,,,,FALSE,,TRUE,,,,,,,,,,,,881.1399,882.2539,,,,42,42,1,1,250,novel,,,FALSE,882.254,883.2443,883.2443,883.2443,,41,0,41,0,1,,,,
,,,,,696dfb3cfe039751c30eba20,2026-01-19_09h38.15.724,WP1_3,2025.2.3,Win32,30.03003003,681b781064a5701a5ceee3bc,68dce618a723bff3d9c89c16,,,,,,,,,,,,,,,,,,,,,,,,,,,,,,,,,,,,,,,,,,,,,,,,,,,,,,,,,,,,46,stim_fam/046_rgray_250.png,,,,,,,,,,,,,,,,,,,,,,,,,,,,,,,,,,,,,2.397689923,883.2446,885.6335,,,,,,,,FALSE,,TRUE,,,,,,,,,,,,885.634,886.7614,,,,43,34,1,1,250,novel,,,FALSE,886.7615,887.7431,887.7432,887.7435,,42,0,42,0,1,,,,
,,,,,696dfb3cfe039751c30eba20,2026-01-19_09h38.15.724,WP1_3,2025.2.3,Win32,30.03003003,681b781064a5701a5ceee3bc,68dce618a723bff3d9c89c16,,,,,,,,,,,,,,,,,,,,,,,,,,,,,,,,,,,,,,,,,,,,,,,,,,,,,,,,,,,,60,stim_fam/060_rgray_250.png,,,,,,,,,,,,,,,,,,,,,,,,,,,,,,,,,,,,,2.200072851,887.7445,889.9213,,,,,,,,FALSE,,FALSE,,,,,,,,,,,,889.923,890.8297,p,0.8115,,44,32,1,1,250,novel,,,FALSE,890.8302,890.8302,890.8302,890.8302,,43,0,43,0,1,,,,
,,,,,696dfb3cfe039751c30eba20,2026-01-19_09h38.15.724,WP1_3,2025.2.3,Win32,30.03003003,681b781064a5701a5ceee3bc,68dce618a723bff3d9c89c16,,,,,,,,,,,,,,,,,,,,,,,,,,,,,,,,,,,,,,,,,,,,,,,,,,,,,,,,,,,,52,Celebrities_Faces/052_01_greyscale_250.png,,,,,,,,,,,,,,,,,,,,,,,,,,,,,,,,,,,,,1.860450869,890.8304,892.6929,,,,,,,,TRUE,,FALSE,,,,,,,,,,,,892.6936,893.4532,q,0.6689,,45,27,1,1,1,familiar,,,FALSE,893.4533,893.4534,893.4534,893.4534,,44,0,44,0,1,,,,
,,,,,696dfb3cfe039751c30eba20,2026-01-19_09h38.15.724,WP1_3,2025.2.3,Win32,30.03003003,681b781064a5701a5ceee3bc,68dce618a723bff3d9c89c16,,,,,,,,,,,,,,,,,,,,,,,,,,,,,,,,,,,,,,,,,,,,,,,,,,,,,,,,,,,,83,stim_fam/083_rgray_250.png,,,,,,,,,,,,,,,,,,,,,,,,,,,,,,,,,,,,,1.921523871,893.4536,895.3807,,,,,,,,FALSE,,FALSE,,,,,,,,,,,,895.3811,896.3855,p,0.917699999,,46,31,1,1,250,novel,,,FALSE,896.3859,896.386,896.386,896.386,,45,0,45,0,1,,,,
,,,,,696dfb3cfe039751c30eba20,2026-01-19_09h38.15.724,WP1_3,2025.2.3,Win32,30.03003003,681b781064a5701a5ceee3bc,68dce618a723bff3d9c89c16,,,,,,,,,,,,,,,,,,,,,,,,,,,,,,,,,,,,,,,,,,,,,,,,,,,,,,,,,,,,64,stim_fam/064_rgray_250.png,,,,,,,,,,,,,,,,,,,,,,,,,,,,,,,,,,,,,2.103285751,896.3861,898.4868,,,,,,,,FALSE,,FALSE,,,,,,,,,,,,898.4876,899.4723,p,0.894599998,,47,45,1,1,250,novel,,,FALSE,899.4724,899.4725,899.4725,899.4725,,46,0,46,0,1,,,,
,,,,,696dfb3cfe039751c30eba20,2026-01-19_09h38.15.724,WP1_3,2025.2.3,Win32,30.03003003,681b781064a5701a5ceee3bc,68dce618a723bff3d9c89c16,,,,,,,,,,,,,,,,,,,,,,,,,,,,,,,,,,,,,,,,,,,,,,,,,,,,,,,,,,,,55,stim_fam/055_rgray_250.png,,,,,,,,,,,,,,,,,,,,,,,,,,,,,,,,,,,,,1.965460006,899.4726,901.4276,,,,,,,,FALSE,,FALSE,,,,,,,,,,,,901.4279,902.3884,p,0.871099998,,48,41,1,1,250,novel,,,FALSE,902.389,902.389,902.389,902.389,,47,0,47,0,1,,,,
,,,,,696dfb3cfe039751c30eba20,2026-01-19_09h38.15.724,WP1_3,2025.2.3,Win32,30.03003003,681b781064a5701a5ceee3bc,68dce618a723bff3d9c89c16,,,,,,,,,,,,,,,,,,,,,,,,,,,,,,,,,,,,,,,,,,,,,,,,,,,,,,,,,,,,34,Celebrities_Faces/034_03_greyscale_250.png,,,,,,,,,,,,,,,,,,,,,,,,,,,,,,,,,,,,,1.862439,902.3892,904.2341,,,,,,,,TRUE,,FALSE,,,,,,,,,,,,904.2352,905.0968,q,0.770800001,,49,14,1,1,3,familiar,,,FALSE,905.0969,905.0969,905.097,905.097,,48,0,48,0,1,,,,
,,,,,696dfb3cfe039751c30eba20,2026-01-19_09h38.15.724,WP1_3,2025.2.3,Win32,30.03003003,681b781064a5701a5ceee3bc,68dce618a723bff3d9c89c16,,,,,,,,,,,,,,,,,,,,,,,,,,,,,,,,,,,,,,,,,,,,,,,,,,,,,,,,,,,,36,stim_fam/036_rgray_250.png,,,,,,,,,,,,,,,,,,,,,,,,,,,,,,,,,,,,,1.516403101,905.0972,906.6089,,,,,,,,FALSE,,FALSE,,,,,,,,,,,,906.6103,907.6283,p,0.9296,,50,44,1,1,250,novel,,,FALSE,907.6285,907.6286,907.6286,907.6286,,49,0,49,0,1,,,,
,,,,,696dfb3cfe039751c30eba20,2026-01-19_09h38.15.724,WP1_3,2025.2.3,Win32,30.03003003,681b781064a5701a5ceee3bc,68dce618a723bff3d9c89c16,,,,,,,,,,,,,,,,,,,,,,,,,,,,,,,,,,,,,,,,,,,,,,,,,,,,,,,,,,,,75,stim_fam/075_rgray_250.png,,,,,,,,,,,,,,,,,,,,,,,,,,,,,,,,,,,,,1.643987833,907.6288,909.2768,,,,,,,,FALSE,,FALSE,,,,,,,,,,,,909.2776,910.1296,p,0.761200001,,51,56,1,1,250,novel,,,FALSE,910.1297,910.1297,910.1297,910.1297,,50,0,50,0,1,,,,
,,,,,696dfb3cfe039751c30eba20,2026-01-19_09h38.15.724,WP1_3,2025.2.3,Win32,30.03003003,681b781064a5701a5ceee3bc,68dce618a723bff3d9c89c16,,,,,,,,,,,,,,,,,,,,,,,,,,,,,,,,,,,,,,,,,,,,,,,,,,,,,,,,,,,,15,stim_fam/015_rgray_250.png,,,,,,,,,,,,,,,,,,,,,,,,,,,,,,,,,,,,,1.904881391,910.1299,912.0202,,,,,,,,FALSE,,FALSE,,,,,,,,,,,,912.0207,912.7944,p,0.678799999,,52,37,1,1,250,novel,,,FALSE,912.7946,912.7946,912.7946,912.7946,,51,0,51,0,1,,,,
,,,,,696dfb3cfe039751c30eba20,2026-01-19_09h38.15.724,WP1_3,2025.2.3,Win32,30.03003003,681b781064a5701a5ceee3bc,68dce618a723bff3d9c89c16,,,,,,,,,,,,,,,,,,,,,,,,,,,,,,,,,,,,,,,,,,,,,,,,,,,,,,,,,,,,62,stim_fam/062_rgray_250.png,,,,,,,,,,,,,,,,,,,,,,,,,,,,,,,,,,,,,2.449879609,912.7949,915.2365,,,,,,,,FALSE,,FALSE,,,,,,,,,,,,915.2369,916.089,p,0.7645,,53,60,1,1,250,novel,,,FALSE,916.0891,916.0891,916.0891,916.0891,,52,0,52,0,1,,,,
,,,,,696dfb3cfe039751c30eba20,2026-01-19_09h38.15.724,WP1_3,2025.2.3,Win32,30.03003003,681b781064a5701a5ceee3bc,68dce618a723bff3d9c89c16,,,,,,,,,,,,,,,,,,,,,,,,,,,,,,,,,,,,,,,,,,,,,,,,,,,,,,,,,,,,25,Celebrities_Faces/025_02_greyscale_250.png,,,,,,,,,,,,,,,,,,,,,,,,,,,,,,,,,,,,,1.819920036,916.0893,917.895,,,,,,,,TRUE,,FALSE,,,,,,,,,,,,917.8962,918.7393,p,0.750299999,,54,20,1,1,2,familiar,,,FALSE,918.7395,918.7395,918.7395,918.7395,,53,0,53,0,1,,,,
,,,,,696dfb3cfe039751c30eba20,2026-01-19_09h38.15.724,WP1_3,2025.2.3,Win32,30.03003003,681b781064a5701a5ceee3bc,68dce618a723bff3d9c89c16,,,,,,,,,,,,,,,,,,,,,,,,,,,,,,,,,,,,,,,,,,,,,,,,,,,,,,,,,,,,6,Celebrities_Faces/006_02_greyscale_250.png,,,,,,,,,,,,,,,,,,,,,,,,,,,,,,,,,,,,,1.828212376,918.7397,920.5585,,,,,,,,TRUE,,TRUE,,,,,,,,,,,,920.5591,921.6768,q,1.020199999,,55,4,1,1,2,familiar,,,FALSE,921.6769,922.6612,922.6613,922.6613,,54,0,54,0,1,,,,
,,,,,696dfb3cfe039751c30eba20,2026-01-19_09h38.15.724,WP1_3,2025.2.3,Win32,30.03003003,681b781064a5701a5ceee3bc,68dce618a723bff3d9c89c16,,,,,,,,,,,,,,,,,,,,,,,,,,,,,,,,,,,,,,,,,,,,,,,,,,,,,,,,,,,,26,Celebrities_Faces/026_01_greyscale_250.png,,,,,,,,,,,,,,,,,,,,,,,,,,,,,,,,,,,,,2.094318821,922.6616,924.7351,,,,,,,,TRUE,,FALSE,,,,,,,,,,,,924.7356,925.7143,q,0.886400002,,56,16,1,1,1,familiar,,,FALSE,925.7145,925.7145,925.7145,925.7145,,55,0,55,0,1,,,,
,,,,,696dfb3cfe039751c30eba20,2026-01-19_09h38.15.724,WP1_3,2025.2.3,Win32,30.03003003,681b781064a5701a5ceee3bc,68dce618a723bff3d9c89c16,,,,,,,,,,,,,,,,,,,,,,,,,,,,,,,,,,,,,,,,,,,,,,,,,,,,,,,,,,,,57,Celebrities_Faces/057_03_greyscale_250.png,,,,,,,,,,,,,,,,,,,,,,,,,,,,,,,,,,,,,1.632882348,925.7151,927.3389,,,,,,,,TRUE,,FALSE,,,,,,,,,,,,927.341,928.1824,q,0.718300001,,57,10,1,1,3,familiar,,,FALSE,928.1827,928.183,928.183,928.1832,,56,0,56,0,1,,,,
,,,,,696dfb3cfe039751c30eba20,2026-01-19_09h38.15.724,WP1_3,2025.2.3,Win32,30.03003003,681b781064a5701a5ceee3bc,68dce618a723bff3d9c89c16,,,,,,,,,,,,,,,,,,,,,,,,,,,,,,,,,,,,,,,,,,,,,,,,,,,,,,,,,,,,1,Celebrities_Faces/001_02_greyscale_250.png,,,,,,,,,,,,,,,,,,,,,,,,,,,,,,,,,,,,,2.289552025,928.184,930.4623,,,,,,,,TRUE,,FALSE,,,,,,,,,,,,930.463,931.3998,q,0.8371,,58,2,1,1,2,familiar,,,FALSE,931.4,931.4,931.4,931.4001,,57,0,57,0,1,,,,
,,,,,696dfb3cfe039751c30eba20,2026-01-19_09h38.15.724,WP1_3,2025.2.3,Win32,30.03003003,681b781064a5701a5ceee3bc,68dce618a723bff3d9c89c16,,,,,,,,,,,,,,,,,,,,,,,,,,,,,,,,,,,,,,,,,,,,,,,,,,,,,,,,,,,,58,Celebrities_Faces/058_03_greyscale_250.png,,,,,,,,,,,,,,,,,,,,,,,,,,,,,,,,,,,,,2.183172259,931.4004,933.5857,,,,,,,,TRUE,,FALSE,,,,,,,,,,,,933.5863,934.5917,q,0.909700001,,59,8,1,1,3,familiar,,,FALSE,934.5918,934.5918,934.5919,934.5919,,58,0,58,0,1,,,,
,,,,,696dfb3cfe039751c30eba20,2026-01-19_09h38.15.724,WP1_3,2025.2.3,Win32,30.03003003,681b781064a5701a5ceee3bc,68dce618a723bff3d9c89c16,,,,,,,,,,,,,,,,,,,,,,,,,,,,,,,,,,,,,,,,,,,,,,,,,,,,,,,,,,,,6,stim_fam/006_rgray_250.png,,,,,,,,,,,,,,,,,,,,,,,,,,,,,,,,,,,,,2.227761134,934.5921,936.808,,,,,,,,FALSE,,FALSE,,,,,,,,,,,,936.8089,937.7805,p,0.881700001,,60,51,1,1,250,novel,,,FALSE,937.7806,937.7807,937.7807,941.1124,space,59,0,59,0,1,3.3035,,,
,,,,,696dfb3cfe039751c30eba20,2026-01-19_09h38.15.724,WP1_3,2025.2.3,Win32,30.03003003,681b781064a5701a5ceee3bc,68dce618a723bff3d9c89c16,,,,,,,,,,,,,,,,,,,,,,,,,,,,,,,,,,,,,,,,,,,,,,,,,,,,,,,,,,,,34,stim_fam/034_rgray_250.png,,,,,,,,,,,,,,,,,,,,,,,,,,,,,,,,,,,,,1.501163254,941.1127,942.609,,,,,,,,FALSE,,FALSE,,,,,,,,,,,,942.6094,943.6787,p,0.981299999,,61,97,2,1,250,novel,,,FALSE,943.6789,943.679,943.679,943.679,,60,0,60,0,1,,,,
,,,,,696dfb3cfe039751c30eba20,2026-01-19_09h38.15.724,WP1_3,2025.2.3,Win32,30.03003003,681b781064a5701a5ceee3bc,68dce618a723bff3d9c89c16,,,,,,,,,,,,,,,,,,,,,,,,,,,,,,,,,,,,,,,,,,,,,,,,,,,,,,,,,,,,86,stim_fam/086_rgray_250.png,,,,,,,,,,,,,,,,,,,,,,,,,,,,,,,,,,,,,2.469579608,943.6794,946.1317,,,,,,,,FALSE,,FALSE,,,,,,,,,,,,946.1326,947.0225,p,0.793299999,,62,109,2,1,250,novel,,,FALSE,947.0228,947.023,947.023,947.023,,61,0,61,0,1,,,,
,,,,,696dfb3cfe039751c30eba20,2026-01-19_09h38.15.724,WP1_3,2025.2.3,Win32,30.03003003,681b781064a5701a5ceee3bc,68dce618a723bff3d9c89c16,,,,,,,,,,,,,,,,,,,,,,,,,,,,,,,,,,,,,,,,,,,,,,,,,,,,,,,,,,,,44,Celebrities_Faces/044_03_greyscale_250.png,,,,,,,,,,,,,,,,,,,,,,,,,,,,,,,,,,,,,1.664479711,947.0232,948.692,,,,,,,,TRUE,,FALSE,,,,,,,,,,,,948.6927,949.7018,q,0.913199999,,63,61,2,1,3,familiar,,,FALSE,949.7019,949.7019,949.702,949.702,,62,0,62,0,1,,,,
,,,,,696dfb3cfe039751c30eba20,2026-01-19_09h38.15.724,WP1_3,2025.2.3,Win32,30.03003003,681b781064a5701a5ceee3bc,68dce618a723bff3d9c89c16,,,,,,,,,,,,,,,,,,,,,,,,,,,,,,,,,,,,,,,,,,,,,,,,,,,,,,,,,,,,89,stim_fam/089_rgray_250.png,,,,,,,,,,,,,,,,,,,,,,,,,,,,,,,,,,,,,2.157474456,949.7022,951.8573,,,,,,,,FALSE,,FALSE,,,,,,,,,,,,951.858,952.7531,p,0.8085,,64,120,2,1,250,novel,,,FALSE,952.7533,952.7533,952.7533,952.7534,,63,0,63,0,1,,,,
,,,,,696dfb3cfe039751c30eba20,2026-01-19_09h38.15.724,WP1_3,2025.2.3,Win32,30.03003003,681b781064a5701a5ceee3bc,68dce618a723bff3d9c89c16,,,,,,,,,,,,,,,,,,,,,,,,,,,,,,,,,,,,,,,,,,,,,,,,,,,,,,,,,,,,52,Celebrities_Faces/052_03_greyscale_250.png,,,,,,,,,,,,,,,,,,,,,,,,,,,,,,,,,,,,,1.831435184,952.7538,954.5857,,,,,,,,TRUE,,FALSE,,,,,,,,,,,,954.5865,955.4417,q,0.757400002,,65,87,2,1,3,familiar,,,FALSE,955.4418,955.4418,955.4418,955.4418,,64,0,64,0,1,,,,
,,,,,696dfb3cfe039751c30eba20,2026-01-19_09h38.15.724,WP1_3,2025.2.3,Win32,30.03003003,681b781064a5701a5ceee3bc,68dce618a723bff3d9c89c16,,,,,,,,,,,,,,,,,,,,,,,,,,,,,,,,,,,,,,,,,,,,,,,,,,,,,,,,,,,,42,Celebrities_Faces/042_01_greyscale_250.png,,,,,,,,,,,,,,,,,,,,,,,,,,,,,,,,,,,,,1.534807796,955.4421,956.9821,,,,,,,,TRUE,,FALSE,,,,,,,,,,,,956.9839,958.0043,q,0.9215,,66,78,2,1,1,familiar,,,FALSE,958.0045,958.0048,958.0048,958.005,,65,0,65,0,1,,,,
,,,,,696dfb3cfe039751c30eba20,2026-01-19_09h38.15.724,WP1_3,2025.2.3,Win32,30.03003003,681b781064a5701a5ceee3bc,68dce618a723bff3d9c89c16,,,,,,,,,,,,,,,,,,,,,,,,,,,,,,,,,,,,,,,,,,,,,,,,,,,,,,,,,,,,28,Celebrities_Faces/028_02_greyscale_250.png,,,,,,,,,,,,,,,,,,,,,,,,,,,,,,,,,,,,,2.003972753,958.0058,960.0095,,,,,,,,TRUE,,FALSE,,,,,,,,,,,,960.0102,960.9687,q,0.862,,67,82,2,1,2,familiar,,,FALSE,960.9688,960.9689,960.9689,960.969,,66,0,66,0,1,,,,
,,,,,696dfb3cfe039751c30eba20,2026-01-19_09h38.15.724,WP1_3,2025.2.3,Win32,30.03003003,681b781064a5701a5ceee3bc,68dce618a723bff3d9c89c16,,,,,,,,,,,,,,,,,,,,,,,,,,,,,,,,,,,,,,,,,,,,,,,,,,,,,,,,,,,,27,Celebrities_Faces/027_02_greyscale_250.png,,,,,,,,,,,,,,,,,,,,,,,,,,,,,,,,,,,,,1.986975307,960.9692,962.949,,,,,,,,TRUE,,FALSE,,,,,,,,,,,,962.9495,963.7473,q,0.709200001,,68,81,2,1,2,familiar,,,FALSE,963.7474,963.7475,963.7475,963.7475,,67,0,67,0,1,,,,
,,,,,696dfb3cfe039751c30eba20,2026-01-19_09h38.15.724,WP1_3,2025.2.3,Win32,30.03003003,681b781064a5701a5ceee3bc,68dce618a723bff3d9c89c16,,,,,,,,,,,,,,,,,,,,,,,,,,,,,,,,,,,,,,,,,,,,,,,,,,,,,,,,,,,,29,stim_fam/029_rgray_250.png,,,,,,,,,,,,,,,,,,,,,,,,,,,,,,,,,,,,,1.966999714,963.7477,965.6933,,,,,,,,FALSE,,FALSE,,,,,,,,,,,,965.6937,966.5665,p,0.7694,,69,106,2,1,250,novel,,,FALSE,966.5669,966.567,966.567,966.5671,,68,0,68,0,1,,,,
,,,,,696dfb3cfe039751c30eba20,2026-01-19_09h38.15.724,WP1_3,2025.2.3,Win32,30.03003003,681b781064a5701a5ceee3bc,68dce618a723bff3d9c89c16,,,,,,,,,,,,,,,,,,,,,,,,,,,,,,,,,,,,,,,,,,,,,,,,,,,,,,,,,,,,15,Celebrities_Faces/015_01_greyscale_250.png,,,,,,,,,,,,,,,,,,,,,,,,,,,,,,,,,,,,,1.891079597,966.5677,968.4603,,,,,,,,TRUE,,TRUE,,,,,,,,,,,,968.4608,969.6035,q,1.055700001,,70,65,2,1,1,familiar,,,FALSE,969.6037,970.5913,970.5915,970.5915,,69,0,69,0,1,,,,
,,,,,696dfb3cfe039751c30eba20,2026-01-19_09h38.15.724,WP1_3,2025.2.3,Win32,30.03003003,681b781064a5701a5ceee3bc,68dce618a723bff3d9c89c16,,,,,,,,,,,,,,,,,,,,,,,,,,,,,,,,,,,,,,,,,,,,,,,,,,,,,,,,,,,,14,stim_fam/014_rgray_250.png,,,,,,,,,,,,,,,,,,,,,,,,,,,,,,,,,,,,,2.300470218,970.5919,972.887,,,,,,,,FALSE,,FALSE,,,,,,,,,,,,972.8875,973.8508,p,0.874799999,,71,118,2,1,250,novel,,,FALSE,973.8508,973.8508,973.8509,973.8509,,70,0,70,0,1,,,,
,,,,,696dfb3cfe039751c30eba20,2026-01-19_09h38.15.724,WP1_3,2025.2.3,Win32,30.03003003,681b781064a5701a5ceee3bc,68dce618a723bff3d9c89c16,,,,,,,,,,,,,,,,,,,,,,,,,,,,,,,,,,,,,,,,,,,,,,,,,,,,,,,,,,,,88,stim_fam/088_rgray_250.png,,,,,,,,,,,,,,,,,,,,,,,,,,,,,,,,,,,,,2.460704966,973.8511,976.319,,,,,,,,FALSE,,FALSE,,,,,,,,,,,,976.3194,977.3234,p,0.919299999,,72,113,2,1,250,novel,,,FALSE,977.3235,977.3235,977.3235,977.3235,,71,0,71,0,1,,,,
,,,,,696dfb3cfe039751c30eba20,2026-01-19_09h38.15.724,WP1_3,2025.2.3,Win32,30.03003003,681b781064a5701a5ceee3bc,68dce618a723bff3d9c89c16,,,,,,,,,,,,,,,,,,,,,,,,,,,,,,,,,,,,,,,,,,,,,,,,,,,,,,,,,,,,34,Celebrities_Faces/034_01_greyscale_250.png,,,,,,,,,,,,,,,,,,,,,,,,,,,,,,,,,,,,,1.843645267,977.3239,979.1543,,,,,,,,TRUE,,FALSE,,,,,,,,,,,,979.1547,980.1807,p,0.9385,,73,74,2,1,1,familiar,,,FALSE,980.1808,980.1809,980.1809,980.1809,,72,0,72,0,1,,,,
,,,,,696dfb3cfe039751c30eba20,2026-01-19_09h38.15.724,WP1_3,2025.2.3,Win32,30.03003003,681b781064a5701a5ceee3bc,68dce618a723bff3d9c89c16,,,,,,,,,,,,,,,,,,,,,,,,,,,,,,,,,,,,,,,,,,,,,,,,,,,,,,,,,,,,78,stim_fam/078_rgray_250.png,,,,,,,,,,,,,,,,,,,,,,,,,,,,,,,,,,,,,2.08202603,980.1811,982.2414,,,,,,,,FALSE,,FALSE,,,,,,,,,,,,982.2424,983.3283,p,0.999199999,,74,112,2,1,250,novel,,,FALSE,983.3284,983.3284,983.3284,983.3284,,73,0,73,0,1,,,,
,,,,,696dfb3cfe039751c30eba20,2026-01-19_09h38.15.724,WP1_3,2025.2.3,Win32,30.03003003,681b781064a5701a5ceee3bc,68dce618a723bff3d9c89c16,,,,,,,,,,,,,,,,,,,,,,,,,,,,,,,,,,,,,,,,,,,,,,,,,,,,,,,,,,,,38,Celebrities_Faces/038_01_greyscale_250.png,,,,,,,,,,,,,,,,,,,,,,,,,,,,,,,,,,,,,1.733579871,983.3286,985.0421,,,,,,,,TRUE,,FALSE,,,,,,,,,,,,985.0428,985.9262,q,0.794299999,,75,84,2,1,1,familiar,,,FALSE,985.9264,985.9264,985.9264,985.9264,,74,0,74,0,1,,,,
,,,,,696dfb3cfe039751c30eba20,2026-01-19_09h38.15.724,WP1_3,2025.2.3,Win32,30.03003003,681b781064a5701a5ceee3bc,68dce618a723bff3d9c89c16,,,,,,,,,,,,,,,,,,,,,,,,,,,,,,,,,,,,,,,,,,,,,,,,,,,,,,,,,,,,11,stim_fam/011_rgray_250.png,,,,,,,,,,,,,,,,,,,,,,,,,,,,,,,,,,,,,1.981669644,985.9266,987.8903,,,,,,,,FALSE,,FALSE,,,,,,,,,,,,987.8906,988.948,p,0.9704,,76,103,2,1,250,novel,,,FALSE,988.9482,988.9482,988.9483,988.9483,,75,0,75,0,1,,,,
,,,,,696dfb3cfe039751c30eba20,2026-01-19_09h38.15.724,WP1_3,2025.2.3,Win32,30.03003003,681b781064a5701a5ceee3bc,68dce618a723bff3d9c89c16,,,,,,,,,,,,,,,,,,,,,,,,,,,,,,,,,,,,,,,,,,,,,,,,,,,,,,,,,,,,33,Celebrities_Faces/033_03_greyscale_250.png,,,,,,,,,,,,,,,,,,,,,,,,,,,,,,,,,,,,,1.983760861,988.9484,990.9112,,,,,,,,TRUE,,FALSE,,,,,,,,,,,,990.9116,991.8418,q,0.8439,,77,75,2,1,3,familiar,,,FALSE,991.8419,991.8419,991.8419,991.842,,76,0,76,0,1,,,,
,,,,,696dfb3cfe039751c30eba20,2026-01-19_09h38.15.724,WP1_3,2025.2.3,Win32,30.03003003,681b781064a5701a5ceee3bc,68dce618a723bff3d9c89c16,,,,,,,,,,,,,,,,,,,,,,,,,,,,,,,,,,,,,,,,,,,,,,,,,,,,,,,,,,,,82,stim_fam/082_rgray_250.png,,,,,,,,,,,,,,,,,,,,,,,,,,,,,,,,,,,,,2.17021509,991.8423,994.0059,,,,,,,,FALSE,,FALSE,,,,,,,,,,,,994.0068,994.8981,p,0.8036,,78,94,2,1,250,novel,,,FALSE,994.8984,994.8987,994.8987,994.8988,,77,0,77,0,1,,,,
,,,,,696dfb3cfe039751c30eba20,2026-01-19_09h38.15.724,WP1_3,2025.2.3,Win32,30.03003003,681b781064a5701a5ceee3bc,68dce618a723bff3d9c89c16,,,,,,,,,,,,,,,,,,,,,,,,,,,,,,,,,,,,,,,,,,,,,,,,,,,,,,,,,,,,26,stim_fam/026_rgray_250.png,,,,,,,,,,,,,,,,,,,,,,,,,,,,,,,,,,,,,1.901031937,994.8994,996.7986,,,,,,,,FALSE,,FALSE,,,,,,,,,,,,996.799,997.6396,q,0.752800001,,79,91,2,1,250,novel,,,FALSE,997.6397,997.6397,997.6397,997.6397,,78,0,78,0,1,,,,
,,,,,696dfb3cfe039751c30eba20,2026-01-19_09h38.15.724,WP1_3,2025.2.3,Win32,30.03003003,681b781064a5701a5ceee3bc,68dce618a723bff3d9c89c16,,,,,,,,,,,,,,,,,,,,,,,,,,,,,,,,,,,,,,,,,,,,,,,,,,,,,,,,,,,,47,Celebrities_Faces/047_03_greyscale_250.png,,,,,,,,,,,,,,,,,,,,,,,,,,,,,,,,,,,,,1.946958869,997.6399,999.589,,,,,,,,TRUE,,FALSE,,,,,,,,,,,,999.5894,1000.4036,q,0.727900002,,80,63,2,1,3,familiar,,,FALSE,1000.4038,1000.4039,1000.4039,1000.4039,,79,0,79,0,1,,,,
,,,,,696dfb3cfe039751c30eba20,2026-01-19_09h38.15.724,WP1_3,2025.2.3,Win32,30.03003003,681b781064a5701a5ceee3bc,68dce618a723bff3d9c89c16,,,,,,,,,,,,,,,,,,,,,,,,,,,,,,,,,,,,,,,,,,,,,,,,,,,,,,,,,,,,1,Celebrities_Faces/001_01_greyscale_250.png,,,,,,,,,,,,,,,,,,,,,,,,,,,,,,,,,,,,,1.830667764,1000.4041,1002.2286,,,,,,,,TRUE,,FALSE,,,,,,,,,,,,1002.229,1003.032,q,0.710200001,,81,62,2,1,1,familiar,,,FALSE,1003.0322,1003.0322,1003.0322,1003.0322,,80,0,80,0,1,,,,
,,,,,696dfb3cfe039751c30eba20,2026-01-19_09h38.15.724,WP1_3,2025.2.3,Win32,30.03003003,681b781064a5701a5ceee3bc,68dce618a723bff3d9c89c16,,,,,,,,,,,,,,,,,,,,,,,,,,,,,,,,,,,,,,,,,,,,,,,,,,,,,,,,,,,,59,Celebrities_Faces/059_01_greyscale_250.png,,,,,,,,,,,,,,,,,,,,,,,,,,,,,,,,,,,,,1.509957926,1003.0326,1004.547,,,,,,,,TRUE,,FALSE,,,,,,,,,,,,1004.5476,1005.4673,q,0.815900002,,82,86,2,1,1,familiar,,,FALSE,1005.4676,1005.4677,1005.4677,1005.4677,,81,0,81,0,1,,,,
,,,,,696dfb3cfe039751c30eba20,2026-01-19_09h38.15.724,WP1_3,2025.2.3,Win32,30.03003003,681b781064a5701a5ceee3bc,68dce618a723bff3d9c89c16,,,,,,,,,,,,,,,,,,,,,,,,,,,,,,,,,,,,,,,,,,,,,,,,,,,,,,,,,,,,42,stim_fam/042_rgray_250.png,,,,,,,,,,,,,,,,,,,,,,,,,,,,,,,,,,,,,2.209231721,1005.4678,1007.6804,,,,,,,,FALSE,,FALSE,,,,,,,,,,,,1007.6811,1008.627,p,0.848199999,,83,95,2,1,250,novel,,,FALSE,1008.627,1008.6271,1008.6271,1008.6272,,82,0,82,0,1,,,,
,,,,,696dfb3cfe039751c30eba20,2026-01-19_09h38.15.724,WP1_3,2025.2.3,Win32,30.03003003,681b781064a5701a5ceee3bc,68dce618a723bff3d9c89c16,,,,,,,,,,,,,,,,,,,,,,,,,,,,,,,,,,,,,,,,,,,,,,,,,,,,,,,,,,,,5,stim_fam/005_rgray_250.png,,,,,,,,,,,,,,,,,,,,,,,,,,,,,,,,,,,,,1.561921206,1008.6273,1010.1719,,,,,,,,FALSE,,FALSE,,,,,,,,,,,,1010.1722,1011.0973,p,0.835400002,,84,98,2,1,250,novel,,,FALSE,1011.0977,1011.0978,1011.0978,1011.098,,83,0,83,0,1,,,,
,,,,,696dfb3cfe039751c30eba20,2026-01-19_09h38.15.724,WP1_3,2025.2.3,Win32,30.03003003,681b781064a5701a5ceee3bc,68dce618a723bff3d9c89c16,,,,,,,,,,,,,,,,,,,,,,,,,,,,,,,,,,,,,,,,,,,,,,,,,,,,,,,,,,,,12,Celebrities_Faces/012_02_greyscale_250.png,,,,,,,,,,,,,,,,,,,,,,,,,,,,,,,,,,,,,2.253080067,1011.0983,1013.3366,,,,,,,,TRUE,,FALSE,,,,,,,,,,,,1013.3371,1014.2295,q,0.8025,,85,73,2,1,2,familiar,,,FALSE,1014.2296,1014.2296,1014.2296,1014.2296,,84,0,84,0,1,,,,
,,,,,696dfb3cfe039751c30eba20,2026-01-19_09h38.15.724,WP1_3,2025.2.3,Win32,30.03003003,681b781064a5701a5ceee3bc,68dce618a723bff3d9c89c16,,,,,,,,,,,,,,,,,,,,,,,,,,,,,,,,,,,,,,,,,,,,,,,,,,,,,,,,,,,,73,stim_fam/073_rgray_250.png,,,,,,,,,,,,,,,,,,,,,,,,,,,,,,,,,,,,,2.308599353,1014.2298,1016.5202,,,,,,,,FALSE,,FALSE,,,,,,,,,,,,1016.5209,1017.4457,p,0.838299999,,86,100,2,1,250,novel,,,FALSE,1017.4458,1017.4459,1017.4459,1017.4459,,85,0,85,0,1,,,,
,,,,,696dfb3cfe039751c30eba20,2026-01-19_09h38.15.724,WP1_3,2025.2.3,Win32,30.03003003,681b781064a5701a5ceee3bc,68dce618a723bff3d9c89c16,,,,,,,,,,,,,,,,,,,,,,,,,,,,,,,,,,,,,,,,,,,,,,,,,,,,,,,,,,,,16,Celebrities_Faces/016_03_greyscale_250.png,,,,,,,,,,,,,,,,,,,,,,,,,,,,,,,,,,,,,2.088883471,1017.4464,1019.5382,,,,,,,,TRUE,,TRUE,,,,,,,,,,,,1019.5386,1020.6747,,,,87,66,2,1,3,familiar,,,FALSE,1020.6751,1021.677,1021.6771,1021.6771,,86,0,86,0,1,,,,
,,,,,696dfb3cfe039751c30eba20,2026-01-19_09h38.15.724,WP1_3,2025.2.3,Win32,30.03003003,681b781064a5701a5ceee3bc,68dce618a723bff3d9c89c16,,,,,,,,,,,,,,,,,,,,,,,,,,,,,,,,,,,,,,,,,,,,,,,,,,,,,,,,,,,,18,Celebrities_Faces/018_02_greyscale_250.png,,,,,,,,,,,,,,,,,,,,,,,,,,,,,,,,,,,,,1.754525911,1021.6773,1023.4071,,,,,,,,TRUE,,FALSE,,,,,,,,,,,,1023.4075,1024.419,q,0.9245,,88,90,2,1,2,familiar,,,FALSE,1024.4192,1024.4192,1024.4193,1024.4193,,87,0,87,0,1,,,,
,,,,,696dfb3cfe039751c30eba20,2026-01-19_09h38.15.724,WP1_3,2025.2.3,Win32,30.03003003,681b781064a5701a5ceee3bc,68dce618a723bff3d9c89c16,,,,,,,,,,,,,,,,,,,,,,,,,,,,,,,,,,,,,,,,,,,,,,,,,,,,,,,,,,,,21,stim_fam/021_rgray_250.png,,,,,,,,,,,,,,,,,,,,,,,,,,,,,,,,,,,,,1.887979592,1024.4196,1026.2892,,,,,,,,FALSE,,FALSE,,,,,,,,,,,,1026.2897,1027.2642,p,0.8856,,89,115,2,1,250,novel,,,FALSE,1027.2643,1027.2644,1027.2644,1027.2644,,88,0,88,0,1,,,,
,,,,,696dfb3cfe039751c30eba20,2026-01-19_09h38.15.724,WP1_3,2025.2.3,Win32,30.03003003,681b781064a5701a5ceee3bc,68dce618a723bff3d9c89c16,,,,,,,,,,,,,,,,,,,,,,,,,,,,,,,,,,,,,,,,,,,,,,,,,,,,,,,,,,,,77,stim_fam/077_rgray_250.png,,,,,,,,,,,,,,,,,,,,,,,,,,,,,,,,,,,,,2.011087373,1027.2645,1029.2599,,,,,,,,FALSE,,FALSE,,,,,,,,,,,,1029.2604,1030.3528,p,1.0045,,90,99,2,1,250,novel,,,FALSE,1030.3528,1030.3529,1030.3529,1030.3529,,89,0,89,0,1,,,,
,,,,,696dfb3cfe039751c30eba20,2026-01-19_09h38.15.724,WP1_3,2025.2.3,Win32,30.03003003,681b781064a5701a5ceee3bc,68dce618a723bff3d9c89c16,,,,,,,,,,,,,,,,,,,,,,,,,,,,,,,,,,,,,,,,,,,,,,,,,,,,,,,,,,,,30,Celebrities_Faces/030_01_greyscale_250.png,,,,,,,,,,,,,,,,,,,,,,,,,,,,,,,,,,,,,1.993955329,1030.353,1032.3429,,,,,,,,TRUE,,FALSE,,,,,,,,,,,,1032.3433,1033.3139,q,0.8851,,91,67,2,1,1,familiar,,,FALSE,1033.3143,1033.3144,1033.3145,1033.3146,,90,0,90,0,1,,,,
,,,,,696dfb3cfe039751c30eba20,2026-01-19_09h38.15.724,WP1_3,2025.2.3,Win32,30.03003003,681b781064a5701a5ceee3bc,68dce618a723bff3d9c89c16,,,,,,,,,,,,,,,,,,,,,,,,,,,,,,,,,,,,,,,,,,,,,,,,,,,,,,,,,,,,3,Celebrities_Faces/003_02_greyscale_250.png,,,,,,,,,,,,,,,,,,,,,,,,,,,,,,,,,,,,,1.768587794,1033.3154,1035.0875,,,,,,,,TRUE,,FALSE,,,,,,,,,,,,1035.088,1035.9788,q,0.7989,,92,69,2,1,2,familiar,,,FALSE,1035.979,1035.979,1035.979,1035.979,,91,0,91,0,1,,,,
,,,,,696dfb3cfe039751c30eba20,2026-01-19_09h38.15.724,WP1_3,2025.2.3,Win32,30.03003003,681b781064a5701a5ceee3bc,68dce618a723bff3d9c89c16,,,,,,,,,,,,,,,,,,,,,,,,,,,,,,,,,,,,,,,,,,,,,,,,,,,,,,,,,,,,57,Celebrities_Faces/057_01_greyscale_250.png,,,,,,,,,,,,,,,,,,,,,,,,,,,,,,,,,,,,,2.036063039,1035.9793,1037.9798,,,,,,,,TRUE,,FALSE,,,,,,,,,,,,1037.9802,1038.8454,q,0.769699999,,93,70,2,1,1,familiar,,,FALSE,1038.8455,1038.8455,1038.8456,1038.8456,,92,0,92,0,1,,,,
,,,,,696dfb3cfe039751c30eba20,2026-01-19_09h38.15.724,WP1_3,2025.2.3,Win32,30.03003003,681b781064a5701a5ceee3bc,68dce618a723bff3d9c89c16,,,,,,,,,,,,,,,,,,,,,,,,,,,,,,,,,,,,,,,,,,,,,,,,,,,,,,,,,,,,96,stim_fam/096_rgray_250.png,,,,,,,,,,,,,,,,,,,,,,,,,,,,,,,,,,,,,2.308546902,1038.8458,1041.1615,,,,,,,,FALSE,,FALSE,,,,,,,,,,,,1041.1618,1042.1321,p,0.887300001,,94,117,2,1,250,novel,,,FALSE,1042.1322,1042.1323,1042.1323,1042.1323,,93,0,93,0,1,,,,
,,,,,696dfb3cfe039751c30eba20,2026-01-19_09h38.15.724,WP1_3,2025.2.3,Win32,30.03003003,681b781064a5701a5ceee3bc,68dce618a723bff3d9c89c16,,,,,,,,,,,,,,,,,,,,,,,,,,,,,,,,,,,,,,,,,,,,,,,,,,,,,,,,,,,,9,stim_fam/009_rgray_250.png,,,,,,,,,,,,,,,,,,,,,,,,,,,,,,,,,,,,,2.024873704,1042.1325,1044.1522,,,,,,,,FALSE,,TRUE,,,,,,,,,,,,1044.1527,1045.2799,,,,95,116,2,1,250,novel,,,FALSE,1045.2803,1046.2731,1046.2731,1046.2732,,94,0,94,0,1,,,,
,,,,,696dfb3cfe039751c30eba20,2026-01-19_09h38.15.724,WP1_3,2025.2.3,Win32,30.03003003,681b781064a5701a5ceee3bc,68dce618a723bff3d9c89c16,,,,,,,,,,,,,,,,,,,,,,,,,,,,,,,,,,,,,,,,,,,,,,,,,,,,,,,,,,,,87,stim_fam/087_rgray_250.png,,,,,,,,,,,,,,,,,,,,,,,,,,,,,,,,,,,,,1.548440608,1046.2735,1047.7975,,,,,,,,FALSE,,TRUE,,,,,,,,,,,,1047.7985,1048.9318,,,,96,119,2,1,250,novel,,,FALSE,1048.932,1049.9223,1049.9223,1049.9224,,95,0,95,0,1,,,,
,,,,,696dfb3cfe039751c30eba20,2026-01-19_09h38.15.724,WP1_3,2025.2.3,Win32,30.03003003,681b781064a5701a5ceee3bc,68dce618a723bff3d9c89c16,,,,,,,,,,,,,,,,,,,,,,,,,,,,,,,,,,,,,,,,,,,,,,,,,,,,,,,,,,,,53,Celebrities_Faces/053_01_greyscale_250.png,,,,,,,,,,,,,,,,,,,,,,,,,,,,,,,,,,,,,2.215074925,1049.9226,1052.1236,,,,,,,,TRUE,,TRUE,,,,,,,,,,,,1052.1241,1053.2553,,,,97,79,2,1,1,familiar,,,FALSE,1053.2554,1054.2592,1054.2593,1054.2593,,96,0,96,0,1,,,,
,,,,,696dfb3cfe039751c30eba20,2026-01-19_09h38.15.724,WP1_3,2025.2.3,Win32,30.03003003,681b781064a5701a5ceee3bc,68dce618a723bff3d9c89c16,,,,,,,,,,,,,,,,,,,,,,,,,,,,,,,,,,,,,,,,,,,,,,,,,,,,,,,,,,,,72,stim_fam/072_rgray_250.png,,,,,,,,,,,,,,,,,,,,,,,,,,,,,,,,,,,,,2.416320777,1054.2596,1056.6786,,,,,,,,FALSE,,TRUE,,,,,,,,,,,,1056.679,1057.8097,p,1.044599998,,98,105,2,1,250,novel,,,FALSE,1057.8099,1058.8207,1058.8208,1058.8208,,97,0,97,0,1,,,,
,,,,,696dfb3cfe039751c30eba20,2026-01-19_09h38.15.724,WP1_3,2025.2.3,Win32,30.03003003,681b781064a5701a5ceee3bc,68dce618a723bff3d9c89c16,,,,,,,,,,,,,,,,,,,,,,,,,,,,,,,,,,,,,,,,,,,,,,,,,,,,,,,,,,,,50,stim_fam/050_rgray_250.png,,,,,,,,,,,,,,,,,,,,,,,,,,,,,,,,,,,,,2.104703461,1058.8211,1060.9086,,,,,,,,FALSE,,FALSE,,,,,,,,,,,,1060.9097,1061.8566,p,0.860799999,,99,96,2,1,250,novel,,,FALSE,1061.8567,1061.8568,1061.8568,1061.8568,,98,0,98,0,1,,,,
,,,,,696dfb3cfe039751c30eba20,2026-01-19_09h38.15.724,WP1_3,2025.2.3,Win32,30.03003003,681b781064a5701a5ceee3bc,68dce618a723bff3d9c89c16,,,,,,,,,,,,,,,,,,,,,,,,,,,,,,,,,,,,,,,,,,,,,,,,,,,,,,,,,,,,10,Celebrities_Faces/010_02_greyscale_250.png,,,,,,,,,,,,,,,,,,,,,,,,,,,,,,,,,,,,,2.16406892,1061.8572,1064.0036,,,,,,,,TRUE,,FALSE,,,,,,,,,,,,1064.0044,1064.9124,q,0.8176,,100,72,2,1,2,familiar,,,FALSE,1064.9126,1064.9126,1064.9127,1064.9127,,99,0,99,0,1,,,,
,,,,,696dfb3cfe039751c30eba20,2026-01-19_09h38.15.724,WP1_3,2025.2.3,Win32,30.03003003,681b781064a5701a5ceee3bc,68dce618a723bff3d9c89c16,,,,,,,,,,,,,,,,,,,,,,,,,,,,,,,,,,,,,,,,,,,,,,,,,,,,,,,,,,,,92,stim_fam/092_rgray_250.png,,,,,,,,,,,,,,,,,,,,,,,,,,,,,,,,,,,,,1.526818777,1064.9128,1066.432,,,,,,,,FALSE,,FALSE,,,,,,,,,,,,1066.4324,1067.5037,p,0.985700001,,101,104,2,1,250,novel,,,FALSE,1067.5038,1067.5038,1067.5038,1067.5038,,100,0,100,0,1,,,,
,,,,,696dfb3cfe039751c30eba20,2026-01-19_09h38.15.724,WP1_3,2025.2.3,Win32,30.03003003,681b781064a5701a5ceee3bc,68dce618a723bff3d9c89c16,,,,,,,,,,,,,,,,,,,,,,,,,,,,,,,,,,,,,,,,,,,,,,,,,,,,,,,,,,,,81,stim_fam/081_rgray_250.png,,,,,,,,,,,,,,,,,,,,,,,,,,,,,,,,,,,,,2.337333498,1067.504,1069.8503,,,,,,,,FALSE,,FALSE,,,,,,,,,,,,1069.8507,1070.7794,p,0.8376,,102,110,2,1,250,novel,,,FALSE,1070.7795,1070.7796,1070.7796,1070.7797,,101,0,101,0,1,,,,
,,,,,696dfb3cfe039751c30eba20,2026-01-19_09h38.15.724,WP1_3,2025.2.3,Win32,30.03003003,681b781064a5701a5ceee3bc,68dce618a723bff3d9c89c16,,,,,,,,,,,,,,,,,,,,,,,,,,,,,,,,,,,,,,,,,,,,,,,,,,,,,,,,,,,,71,stim_fam/071_rgray_250.png,,,,,,,,,,,,,,,,,,,,,,,,,,,,,,,,,,,,,2.213515448,1070.7798,1072.9861,,,,,,,,FALSE,,FALSE,,,,,,,,,,,,1072.987,1073.9943,p,0.921299999,,103,102,2,1,250,novel,,,FALSE,1073.9944,1073.9945,1073.9945,1073.9945,,102,0,102,0,1,,,,
,,,,,696dfb3cfe039751c30eba20,2026-01-19_09h38.15.724,WP1_3,2025.2.3,Win32,30.03003003,681b781064a5701a5ceee3bc,68dce618a723bff3d9c89c16,,,,,,,,,,,,,,,,,,,,,,,,,,,,,,,,,,,,,,,,,,,,,,,,,,,,,,,,,,,,58,Celebrities_Faces/058_02_greyscale_250.png,,,,,,,,,,,,,,,,,,,,,,,,,,,,,,,,,,,,,1.931737668,1073.9948,1075.9193,,,,,,,,TRUE,,FALSE,,,,,,,,,,,,1075.9205,1076.7669,q,0.7554,,104,68,2,1,2,familiar,,,FALSE,1076.7675,1076.7676,1076.7676,1076.7676,,103,0,103,0,1,,,,
,,,,,696dfb3cfe039751c30eba20,2026-01-19_09h38.15.724,WP1_3,2025.2.3,Win32,30.03003003,681b781064a5701a5ceee3bc,68dce618a723bff3d9c89c16,,,,,,,,,,,,,,,,,,,,,,,,,,,,,,,,,,,,,,,,,,,,,,,,,,,,,,,,,,,,26,Celebrities_Faces/026_02_greyscale_250.png,,,,,,,,,,,,,,,,,,,,,,,,,,,,,,,,,,,,,2.312814836,1076.7679,1079.0816,,,,,,,,TRUE,,FALSE,,,,,,,,,,,,1079.083,1080.0773,q,0.9075,,105,76,2,1,2,familiar,,,FALSE,1080.0774,1080.0775,1080.0775,1080.0775,,104,0,104,0,1,,,,
,,,,,696dfb3cfe039751c30eba20,2026-01-19_09h38.15.724,WP1_3,2025.2.3,Win32,30.03003003,681b781064a5701a5ceee3bc,68dce618a723bff3d9c89c16,,,,,,,,,,,,,,,,,,,,,,,,,,,,,,,,,,,,,,,,,,,,,,,,,,,,,,,,,,,,54,Celebrities_Faces/054_01_greyscale_250.png,,,,,,,,,,,,,,,,,,,,,,,,,,,,,,,,,,,,,1.752997159,1080.0777,1081.8306,,,,,,,,TRUE,,FALSE,,,,,,,,,,,,1081.831,1082.698,q,0.783700001,,106,77,2,1,1,familiar,,,FALSE,1082.6981,1082.6981,1082.6982,1082.6982,,105,0,105,0,1,,,,
,,,,,696dfb3cfe039751c30eba20,2026-01-19_09h38.15.724,WP1_3,2025.2.3,Win32,30.03003003,681b781064a5701a5ceee3bc,68dce618a723bff3d9c89c16,,,,,,,,,,,,,,,,,,,,,,,,,,,,,,,,,,,,,,,,,,,,,,,,,,,,,,,,,,,,79,stim_fam/079_rgray_250.png,,,,,,,,,,,,,,,,,,,,,,,,,,,,,,,,,,,,,1.816108912,1082.6984,1084.5132,,,,,,,,FALSE,,FALSE,,,,,,,,,,,,1084.5137,1085.5828,p,0.977800001,,107,93,2,1,250,novel,,,FALSE,1085.5831,1085.5832,1085.5832,1085.5832,,106,0,106,0,1,,,,
,,,,,696dfb3cfe039751c30eba20,2026-01-19_09h38.15.724,WP1_3,2025.2.3,Win32,30.03003003,681b781064a5701a5ceee3bc,68dce618a723bff3d9c89c16,,,,,,,,,,,,,,,,,,,,,,,,,,,,,,,,,,,,,,,,,,,,,,,,,,,,,,,,,,,,6,Celebrities_Faces/006_01_greyscale_250.png,,,,,,,,,,,,,,,,,,,,,,,,,,,,,,,,,,,,,2.286776048,1085.5836,1087.8534,,,,,,,,TRUE,,FALSE,,,,,,,,,,,,1087.854,1088.6758,q,0.738,,108,64,2,1,1,familiar,,,FALSE,1088.6761,1088.6761,1088.6761,1088.6762,,107,0,107,0,1,,,,
,,,,,696dfb3cfe039751c30eba20,2026-01-19_09h38.15.724,WP1_3,2025.2.3,Win32,30.03003003,681b781064a5701a5ceee3bc,68dce618a723bff3d9c89c16,,,,,,,,,,,,,,,,,,,,,,,,,,,,,,,,,,,,,,,,,,,,,,,,,,,,,,,,,,,,90,stim_fam/090_rgray_250.png,,,,,,,,,,,,,,,,,,,,,,,,,,,,,,,,,,,,,1.579324311,1088.6767,1090.2523,,,,,,,,FALSE,,FALSE,,,,,,,,,,,,1090.2527,1091.1744,p,0.837200001,,109,92,2,1,250,novel,,,FALSE,1091.1748,1091.1748,1091.1748,1091.1749,,108,0,108,0,1,,,,
,,,,,696dfb3cfe039751c30eba20,2026-01-19_09h38.15.724,WP1_3,2025.2.3,Win32,30.03003003,681b781064a5701a5ceee3bc,68dce618a723bff3d9c89c16,,,,,,,,,,,,,,,,,,,,,,,,,,,,,,,,,,,,,,,,,,,,,,,,,,,,,,,,,,,,40,stim_fam/040_rgray_250.png,,,,,,,,,,,,,,,,,,,,,,,,,,,,,,,,,,,,,2.083442364,1091.1751,1093.2526,,,,,,,,FALSE,,FALSE,,,,,,,,,,,,1093.2533,1094.1319,p,0.7911,,110,111,2,1,250,novel,,,FALSE,1094.1321,1094.1321,1094.1321,1094.1321,,109,0,109,0,1,,,,
,,,,,696dfb3cfe039751c30eba20,2026-01-19_09h38.15.724,WP1_3,2025.2.3,Win32,30.03003003,681b781064a5701a5ceee3bc,68dce618a723bff3d9c89c16,,,,,,,,,,,,,,,,,,,,,,,,,,,,,,,,,,,,,,,,,,,,,,,,,,,,,,,,,,,,25,Celebrities_Faces/025_03_greyscale_250.png,,,,,,,,,,,,,,,,,,,,,,,,,,,,,,,,,,,,,2.422477654,1094.1325,1096.54,,,,,,,,TRUE,,FALSE,,,,,,,,,,,,1096.5404,1097.3766,q,0.7486,,111,80,2,1,3,familiar,,,FALSE,1097.3767,1097.3767,1097.3767,1097.3768,,110,0,110,0,1,,,,
,,,,,696dfb3cfe039751c30eba20,2026-01-19_09h38.15.724,WP1_3,2025.2.3,Win32,30.03003003,681b781064a5701a5ceee3bc,68dce618a723bff3d9c89c16,,,,,,,,,,,,,,,,,,,,,,,,,,,,,,,,,,,,,,,,,,,,,,,,,,,,,,,,,,,,45,Celebrities_Faces/045_02_greyscale_250.png,,,,,,,,,,,,,,,,,,,,,,,,,,,,,,,,,,,,,2.355366902,1097.3769,1099.7256,,,,,,,,TRUE,,FALSE,,,,,,,,,,,,1099.7262,1100.4814,q,0.664200001,,112,83,2,1,2,familiar,,,FALSE,1100.4817,1100.4818,1100.4818,1100.482,,111,0,111,0,1,,,,
,,,,,696dfb3cfe039751c30eba20,2026-01-19_09h38.15.724,WP1_3,2025.2.3,Win32,30.03003003,681b781064a5701a5ceee3bc,68dce618a723bff3d9c89c16,,,,,,,,,,,,,,,,,,,,,,,,,,,,,,,,,,,,,,,,,,,,,,,,,,,,,,,,,,,,47,stim_fam/047_rgray_250.png,,,,,,,,,,,,,,,,,,,,,,,,,,,,,,,,,,,,,2.259820694,1100.4826,1102.7251,,,,,,,,FALSE,,FALSE,,,,,,,,,,,,1102.7259,1103.7038,p,0.8891,,113,101,2,1,250,novel,,,FALSE,1103.7048,1103.7051,1103.7051,1103.7053,,112,0,112,0,1,,,,
,,,,,696dfb3cfe039751c30eba20,2026-01-19_09h38.15.724,WP1_3,2025.2.3,Win32,30.03003003,681b781064a5701a5ceee3bc,68dce618a723bff3d9c89c16,,,,,,,,,,,,,,,,,,,,,,,,,,,,,,,,,,,,,,,,,,,,,,,,,,,,,,,,,,,,59,stim_fam/059_rgray_250.png,,,,,,,,,,,,,,,,,,,,,,,,,,,,,,,,,,,,,2.42123186,1103.7055,1106.1234,,,,,,,,FALSE,,TRUE,,,,,,,,,,,,1106.1237,1107.2464,,,,114,108,2,1,250,novel,,,FALSE,1107.2465,1108.2425,1108.2426,1108.2433,,113,0,113,0,1,,,,
,,,,,696dfb3cfe039751c30eba20,2026-01-19_09h38.15.724,WP1_3,2025.2.3,Win32,30.03003003,681b781064a5701a5ceee3bc,68dce618a723bff3d9c89c16,,,,,,,,,,,,,,,,,,,,,,,,,,,,,,,,,,,,,,,,,,,,,,,,,,,,,,,,,,,,2,Celebrities_Faces/002_02_greyscale_250.png,,,,,,,,,,,,,,,,,,,,,,,,,,,,,,,,,,,,,1.546817438,1108.2435,1109.7888,,,,,,,,TRUE,,TRUE,,,,,,,,,,,,1109.7907,1110.9203,,,,115,85,2,1,2,familiar,,,FALSE,1110.9204,1111.9219,1111.922,1111.9221,,114,0,114,0,1,,,,
,,,,,696dfb3cfe039751c30eba20,2026-01-19_09h38.15.724,WP1_3,2025.2.3,Win32,30.03003003,681b781064a5701a5ceee3bc,68dce618a723bff3d9c89c16,,,,,,,,,,,,,,,,,,,,,,,,,,,,,,,,,,,,,,,,,,,,,,,,,,,,,,,,,,,,43,Celebrities_Faces/043_03_greyscale_250.png,,,,,,,,,,,,,,,,,,,,,,,,,,,,,,,,,,,,,2.338902022,1111.9223,1114.2426,,,,,,,,TRUE,,FALSE,,,,,,,,,,,,1114.2429,1115.0528,q,0.7235,,116,71,2,1,3,familiar,,,FALSE,1115.0528,1115.0529,1115.0529,1115.053,,115,0,115,0,1,,,,
,,,,,696dfb3cfe039751c30eba20,2026-01-19_09h38.15.724,WP1_3,2025.2.3,Win32,30.03003003,681b781064a5701a5ceee3bc,68dce618a723bff3d9c89c16,,,,,,,,,,,,,,,,,,,,,,,,,,,,,,,,,,,,,,,,,,,,,,,,,,,,,,,,,,,,38,stim_fam/038_rgray_250.png,,,,,,,,,,,,,,,,,,,,,,,,,,,,,,,,,,,,,2.35949719,1115.0531,1117.4019,,,,,,,,FALSE,,FALSE,,,,,,,,,,,,1117.4022,1118.4193,p,0.931800001,,117,114,2,1,250,novel,,,FALSE,1118.4194,1118.4195,1118.4195,1118.4195,,116,0,116,0,1,,,,
,,,,,696dfb3cfe039751c30eba20,2026-01-19_09h38.15.724,WP1_3,2025.2.3,Win32,30.03003003,681b781064a5701a5ceee3bc,68dce618a723bff3d9c89c16,,,,,,,,,,,,,,,,,,,,,,,,,,,,,,,,,,,,,,,,,,,,,,,,,,,,,,,,,,,,20,Celebrities_Faces/020_01_greyscale_250.png,,,,,,,,,,,,,,,,,,,,,,,,,,,,,,,,,,,,,2.168884591,1118.4198,1120.5674,,,,,,,,TRUE,,FALSE,,,,,,,,,,,,1120.5678,1121.3755,q,0.7171,,118,88,2,1,1,familiar,,,FALSE,1121.3757,1121.3757,1121.3757,1121.3758,,117,0,117,0,1,,,,
,,,,,696dfb3cfe039751c30eba20,2026-01-19_09h38.15.724,WP1_3,2025.2.3,Win32,30.03003003,681b781064a5701a5ceee3bc,68dce618a723bff3d9c89c16,,,,,,,,,,,,,,,,,,,,,,,,,,,,,,,,,,,,,,,,,,,,,,,,,,,,,,,,,,,,36,Celebrities_Faces/036_01_greyscale_250.png,,,,,,,,,,,,,,,,,,,,,,,,,,,,,,,,,,,,,1.556786832,1121.376,1122.9324,,,,,,,,TRUE,,FALSE,,,,,,,,,,,,1122.934,1123.6504,q,0.6206,,119,89,2,1,1,familiar,,,FALSE,1123.6506,1123.6506,1123.6506,1123.6506,,118,0,118,0,1,,,,
,,,,,696dfb3cfe039751c30eba20,2026-01-19_09h38.15.724,WP1_3,2025.2.3,Win32,30.03003003,681b781064a5701a5ceee3bc,68dce618a723bff3d9c89c16,,,,,,,,,,,,,,,,,,,,,,,,,,,,,,,,,,,,,,,,,,,,,,,,,,,,,,,,,,,,53,stim_fam/053_rgray_250.png,,,,,,,,,,,,,,,,,,,,,,,,,,,,,,,,,,,,,1.85459578,1123.6508,1125.4813,,,,,,,,FALSE,,FALSE,,,,,,,,,,,,1125.4818,1126.3641,p,0.7916,,120,107,2,1,250,novel,,,FALSE,1126.3644,1126.3644,1126.3644,1134.5384,space,119,0,119,0,1,8.146799999,,,
,,,,,696dfb3cfe039751c30eba20,2026-01-19_09h38.15.724,WP1_3,2025.2.3,Win32,30.03003003,681b781064a5701a5ceee3bc,68dce618a723bff3d9c89c16,,,,,,,,,,,,,,,,,,,,,,,,,,,,,,,,,,,,,,,,,,,,,,,,,,,,,,,,,,,,31,stim_fam/031_rgray_250.png,,,,,,,,,,,,,,,,,,,,,,,,,,,,,,,,,,,,,2.052913886,1134.5387,1136.5831,,,,,,,,FALSE,,FALSE,,,,,,,,,,,,1136.5834,1137.615,p,0.9376,,121,171,3,1,250,novel,,,FALSE,1137.6154,1137.6154,1137.6154,1137.6155,,120,0,120,0,1,,,,
,,,,,696dfb3cfe039751c30eba20,2026-01-19_09h38.15.724,WP1_3,2025.2.3,Win32,30.03003003,681b781064a5701a5ceee3bc,68dce618a723bff3d9c89c16,,,,,,,,,,,,,,,,,,,,,,,,,,,,,,,,,,,,,,,,,,,,,,,,,,,,,,,,,,,,2,stim_fam/002_rgray_250.png,,,,,,,,,,,,,,,,,,,,,,,,,,,,,,,,,,,,,1.576421114,1137.6156,1139.1643,,,,,,,,FALSE,,FALSE,,,,,,,,,,,,1139.1648,1140.0976,p,0.843800001,,122,162,3,1,250,novel,,,FALSE,1140.0977,1140.0979,1140.0979,1140.0979,,121,0,121,0,1,,,,
,,,,,696dfb3cfe039751c30eba20,2026-01-19_09h38.15.724,WP1_3,2025.2.3,Win32,30.03003003,681b781064a5701a5ceee3bc,68dce618a723bff3d9c89c16,,,,,,,,,,,,,,,,,,,,,,,,,,,,,,,,,,,,,,,,,,,,,,,,,,,,,,,,,,,,18,stim_fam/018_rgray_250.png,,,,,,,,,,,,,,,,,,,,,,,,,,,,,,,,,,,,,1.872568101,1140.0981,1141.9555,,,,,,,,FALSE,,FALSE,,,,,,,,,,,,1141.9559,1142.951,p,0.906699999,,123,174,3,1,250,novel,,,FALSE,1142.9512,1142.9513,1142.9513,1142.9513,,122,0,122,0,1,,,,
,,,,,696dfb3cfe039751c30eba20,2026-01-19_09h38.15.724,WP1_3,2025.2.3,Win32,30.03003003,681b781064a5701a5ceee3bc,68dce618a723bff3d9c89c16,,,,,,,,,,,,,,,,,,,,,,,,,,,,,,,,,,,,,,,,,,,,,,,,,,,,,,,,,,,,3,Celebrities_Faces/003_03_greyscale_250.png,,,,,,,,,,,,,,,,,,,,,,,,,,,,,,,,,,,,,1.885098717,1142.9516,1144.8207,,,,,,,,TRUE,,FALSE,,,,,,,,,,,,1144.8219,1145.8774,q,0.9649,,124,129,3,1,3,familiar,,,FALSE,1145.8779,1145.8781,1145.8782,1145.8783,,123,0,123,0,1,,,,
,,,,,696dfb3cfe039751c30eba20,2026-01-19_09h38.15.724,WP1_3,2025.2.3,Win32,30.03003003,681b781064a5701a5ceee3bc,68dce618a723bff3d9c89c16,,,,,,,,,,,,,,,,,,,,,,,,,,,,,,,,,,,,,,,,,,,,,,,,,,,,,,,,,,,,2,Celebrities_Faces/002_03_greyscale_250.png,,,,,,,,,,,,,,,,,,,,,,,,,,,,,,,,,,,,,1.643316161,1145.8789,1147.508,,,,,,,,TRUE,,FALSE,,,,,,,,,,,,1147.5089,1148.2655,q,0.665,,125,145,3,1,3,familiar,,,FALSE,1148.266,1148.266,1148.2661,1148.2662,,124,0,124,0,1,,,,
,,,,,696dfb3cfe039751c30eba20,2026-01-19_09h38.15.724,WP1_3,2025.2.3,Win32,30.03003003,681b781064a5701a5ceee3bc,68dce618a723bff3d9c89c16,,,,,,,,,,,,,,,,,,,,,,,,,,,,,,,,,,,,,,,,,,,,,,,,,,,,,,,,,,,,17,stim_fam/017_rgray_250.png,,,,,,,,,,,,,,,,,,,,,,,,,,,,,,,,,,,,,1.701184089,1148.2666,1149.964,,,,,,,,FALSE,,FALSE,,,,,,,,,,,,1149.9645,1150.9841,p,0.924300001,,126,155,3,1,250,novel,,,FALSE,1150.9842,1150.9842,1150.9843,1150.9843,,125,0,125,0,1,,,,
,,,,,696dfb3cfe039751c30eba20,2026-01-19_09h38.15.724,WP1_3,2025.2.3,Win32,30.03003003,681b781064a5701a5ceee3bc,68dce618a723bff3d9c89c16,,,,,,,,,,,,,,,,,,,,,,,,,,,,,,,,,,,,,,,,,,,,,,,,,,,,,,,,,,,,44,Celebrities_Faces/044_01_greyscale_250.png,,,,,,,,,,,,,,,,,,,,,,,,,,,,,,,,,,,,,2.10398466,1150.9845,1153.0899,,,,,,,,TRUE,,FALSE,,,,,,,,,,,,1153.0911,1154.098,p,0.918800001,,127,121,3,1,1,familiar,,,FALSE,1154.0982,1154.0982,1154.0982,1154.0982,,126,0,126,0,1,,,,
,,,,,696dfb3cfe039751c30eba20,2026-01-19_09h38.15.724,WP1_3,2025.2.3,Win32,30.03003003,681b781064a5701a5ceee3bc,68dce618a723bff3d9c89c16,,,,,,,,,,,,,,,,,,,,,,,,,,,,,,,,,,,,,,,,,,,,,,,,,,,,,,,,,,,,20,Celebrities_Faces/020_02_greyscale_250.png,,,,,,,,,,,,,,,,,,,,,,,,,,,,,,,,,,,,,1.517259917,1154.0984,1155.6086,,,,,,,,TRUE,,FALSE,,,,,,,,,,,,1155.609,1156.5539,q,0.856199999,,128,148,3,1,2,familiar,,,FALSE,1156.5542,1156.5543,1156.5543,1156.5544,,127,0,127,0,1,,,,
,,,,,696dfb3cfe039751c30eba20,2026-01-19_09h38.15.724,WP1_3,2025.2.3,Win32,30.03003003,681b781064a5701a5ceee3bc,68dce618a723bff3d9c89c16,,,,,,,,,,,,,,,,,,,,,,,,,,,,,,,,,,,,,,,,,,,,,,,,,,,,,,,,,,,,27,Celebrities_Faces/027_03_greyscale_250.png,,,,,,,,,,,,,,,,,,,,,,,,,,,,,,,,,,,,,1.703729232,1156.5548,1158.2642,,,,,,,,TRUE,,FALSE,,,,,,,,,,,,1158.2649,1159.1015,q,0.7469,,129,141,3,1,3,familiar,,,FALSE,1159.1018,1159.1019,1159.1019,1159.1019,,128,0,128,0,1,,,,
,,,,,696dfb3cfe039751c30eba20,2026-01-19_09h38.15.724,WP1_3,2025.2.3,Win32,30.03003003,681b781064a5701a5ceee3bc,68dce618a723bff3d9c89c16,,,,,,,,,,,,,,,,,,,,,,,,,,,,,,,,,,,,,,,,,,,,,,,,,,,,,,,,,,,,47,Celebrities_Faces/047_02_greyscale_250.png,,,,,,,,,,,,,,,,,,,,,,,,,,,,,,,,,,,,,1.515202546,1159.1021,1160.6306,,,,,,,,TRUE,,FALSE,,,,,,,,,,,,1160.6316,1161.454,q,0.7051,,130,123,3,1,2,familiar,,,FALSE,1161.4541,1161.4541,1161.4542,1161.4542,,129,0,129,0,1,,,,
,,,,,696dfb3cfe039751c30eba20,2026-01-19_09h38.15.724,WP1_3,2025.2.3,Win32,30.03003003,681b781064a5701a5ceee3bc,68dce618a723bff3d9c89c16,,,,,,,,,,,,,,,,,,,,,,,,,,,,,,,,,,,,,,,,,,,,,,,,,,,,,,,,,,,,34,Celebrities_Faces/034_02_greyscale_250.png,,,,,,,,,,,,,,,,,,,,,,,,,,,,,,,,,,,,,1.698102358,1161.4544,1163.1455,,,,,,,,TRUE,,FALSE,,,,,,,,,,,,1163.1459,1164.068,p,0.8214,,131,134,3,1,2,familiar,,,FALSE,1164.0681,1164.0681,1164.0681,1164.0682,,130,0,130,0,1,,,,
,,,,,696dfb3cfe039751c30eba20,2026-01-19_09h38.15.724,WP1_3,2025.2.3,Win32,30.03003003,681b781064a5701a5ceee3bc,68dce618a723bff3d9c89c16,,,,,,,,,,,,,,,,,,,,,,,,,,,,,,,,,,,,,,,,,,,,,,,,,,,,,,,,,,,,6,Celebrities_Faces/006_03_greyscale_250.png,,,,,,,,,,,,,,,,,,,,,,,,,,,,,,,,,,,,,1.952442558,1164.0685,1166.0261,,,,,,,,TRUE,,FALSE,,,,,,,,,,,,1166.0266,1166.8887,q,0.773200001,,132,124,3,1,3,familiar,,,FALSE,1166.8889,1166.8889,1166.8889,1166.889,,131,0,131,0,1,,,,
,,,,,696dfb3cfe039751c30eba20,2026-01-19_09h38.15.724,WP1_3,2025.2.3,Win32,30.03003003,681b781064a5701a5ceee3bc,68dce618a723bff3d9c89c16,,,,,,,,,,,,,,,,,,,,,,,,,,,,,,,,,,,,,,,,,,,,,,,,,,,,,,,,,,,,18,Celebrities_Faces/018_01_greyscale_250.png,,,,,,,,,,,,,,,,,,,,,,,,,,,,,,,,,,,,,1.794232135,1166.8893,1168.6674,,,,,,,,TRUE,,FALSE,,,,,,,,,,,,1168.6678,1169.3825,q,0.6249,,133,150,3,1,1,familiar,,,FALSE,1169.3827,1169.3828,1169.3828,1169.3829,,132,0,132,0,1,,,,
,,,,,696dfb3cfe039751c30eba20,2026-01-19_09h38.15.724,WP1_3,2025.2.3,Win32,30.03003003,681b781064a5701a5ceee3bc,68dce618a723bff3d9c89c16,,,,,,,,,,,,,,,,,,,,,,,,,,,,,,,,,,,,,,,,,,,,,,,,,,,,,,,,,,,,54,Celebrities_Faces/054_03_greyscale_250.png,,,,,,,,,,,,,,,,,,,,,,,,,,,,,,,,,,,,,2.290372604,1169.3834,1171.6838,,,,,,,,TRUE,,FALSE,,,,,,,,,,,,1171.6845,1172.5146,q,0.732599998,,134,137,3,1,3,familiar,,,FALSE,1172.5146,1172.5147,1172.5147,1172.5148,,133,0,133,0,1,,,,
,,,,,696dfb3cfe039751c30eba20,2026-01-19_09h38.15.724,WP1_3,2025.2.3,Win32,30.03003003,681b781064a5701a5ceee3bc,68dce618a723bff3d9c89c16,,,,,,,,,,,,,,,,,,,,,,,,,,,,,,,,,,,,,,,,,,,,,,,,,,,,,,,,,,,,94,stim_fam/094_rgray_250.png,,,,,,,,,,,,,,,,,,,,,,,,,,,,,,,,,,,,,1.53735048,1172.5149,1174.0525,,,,,,,,FALSE,,FALSE,,,,,,,,,,,,1174.0541,1175.0886,p,0.945299999,,135,175,3,1,250,novel,,,FALSE,1175.0887,1175.0887,1175.0888,1175.0888,,134,0,134,0,1,,,,
,,,,,696dfb3cfe039751c30eba20,2026-01-19_09h38.15.724,WP1_3,2025.2.3,Win32,30.03003003,681b781064a5701a5ceee3bc,68dce618a723bff3d9c89c16,,,,,,,,,,,,,,,,,,,,,,,,,,,,,,,,,,,,,,,,,,,,,,,,,,,,,,,,,,,,28,stim_fam/028_rgray_250.png,,,,,,,,,,,,,,,,,,,,,,,,,,,,,,,,,,,,,1.846075011,1175.089,1176.9149,,,,,,,,FALSE,,FALSE,,,,,,,,,,,,1176.9154,1177.8657,q,0.8489,,136,169,3,1,250,novel,,,FALSE,1177.8662,1177.8663,1177.8663,1177.8663,,135,0,135,0,1,,,,
,,,,,696dfb3cfe039751c30eba20,2026-01-19_09h38.15.724,WP1_3,2025.2.3,Win32,30.03003003,681b781064a5701a5ceee3bc,68dce618a723bff3d9c89c16,,,,,,,,,,,,,,,,,,,,,,,,,,,,,,,,,,,,,,,,,,,,,,,,,,,,,,,,,,,,1,stim_fam/001_rgray_250.png,,,,,,,,,,,,,,,,,,,,,,,,,,,,,,,,,,,,,2.04997526,1177.8665,1179.9071,,,,,,,,FALSE,,FALSE,,,,,,,,,,,,1179.9074,1180.8363,p,0.839700001,,137,161,3,1,250,novel,,,FALSE,1180.8365,1180.8365,1180.8365,1180.8365,,136,0,136,0,1,,,,
,,,,,696dfb3cfe039751c30eba20,2026-01-19_09h38.15.724,WP1_3,2025.2.3,Win32,30.03003003,681b781064a5701a5ceee3bc,68dce618a723bff3d9c89c16,,,,,,,,,,,,,,,,,,,,,,,,,,,,,,,,,,,,,,,,,,,,,,,,,,,,,,,,,,,,33,Celebrities_Faces/033_02_greyscale_250.png,,,,,,,,,,,,,,,,,,,,,,,,,,,,,,,,,,,,,1.664289712,1180.8367,1182.4894,,,,,,,,TRUE,,FALSE,,,,,,,,,,,,1182.4898,1183.3647,q,0.785400002,,138,135,3,1,2,familiar,,,FALSE,1183.3648,1183.3649,1183.3649,1183.3649,,137,0,137,0,1,,,,
,,,,,696dfb3cfe039751c30eba20,2026-01-19_09h38.15.724,WP1_3,2025.2.3,Win32,30.03003003,681b781064a5701a5ceee3bc,68dce618a723bff3d9c89c16,,,,,,,,,,,,,,,,,,,,,,,,,,,,,,,,,,,,,,,,,,,,,,,,,,,,,,,,,,,,20,stim_fam/020_rgray_250.png,,,,,,,,,,,,,,,,,,,,,,,,,,,,,,,,,,,,,2.352060734,1183.3652,1185.6979,,,,,,,,FALSE,,TRUE,,,,,,,,,,,,1185.6991,1186.8079,,,,139,163,3,1,250,novel,,,FALSE,1186.8081,1187.8092,1187.8093,1187.8093,,138,0,138,0,1,,,,
,,,,,696dfb3cfe039751c30eba20,2026-01-19_09h38.15.724,WP1_3,2025.2.3,Win32,30.03003003,681b781064a5701a5ceee3bc,68dce618a723bff3d9c89c16,,,,,,,,,,,,,,,,,,,,,,,,,,,,,,,,,,,,,,,,,,,,,,,,,,,,,,,,,,,,38,Celebrities_Faces/038_03_greyscale_250.png,,,,,,,,,,,,,,,,,,,,,,,,,,,,,,,,,,,,,2.281137492,1187.8099,1190.0733,,,,,,,,TRUE,,FALSE,,,,,,,,,,,,1190.0749,1190.8786,q,0.716,,140,144,3,1,3,familiar,,,FALSE,1190.8788,1190.8788,1190.8789,1190.8789,,139,0,139,0,1,,,,
,,,,,696dfb3cfe039751c30eba20,2026-01-19_09h38.15.724,WP1_3,2025.2.3,Win32,30.03003003,681b781064a5701a5ceee3bc,68dce618a723bff3d9c89c16,,,,,,,,,,,,,,,,,,,,,,,,,,,,,,,,,,,,,,,,,,,,,,,,,,,,,,,,,,,,65,stim_fam/065_rgray_250.png,,,,,,,,,,,,,,,,,,,,,,,,,,,,,,,,,,,,,1.51421596,1190.8792,1192.3895,,,,,,,,FALSE,,FALSE,,,,,,,,,,,,1192.39,1193.3094,p,0.831299999,,141,156,3,1,250,novel,,,FALSE,1193.3095,1193.3095,1193.3095,1193.3096,,140,0,140,0,1,,,,
,,,,,696dfb3cfe039751c30eba20,2026-01-19_09h38.15.724,WP1_3,2025.2.3,Win32,30.03003003,681b781064a5701a5ceee3bc,68dce618a723bff3d9c89c16,,,,,,,,,,,,,,,,,,,,,,,,,,,,,,,,,,,,,,,,,,,,,,,,,,,,,,,,,,,,59,Celebrities_Faces/059_02_greyscale_250.png,,,,,,,,,,,,,,,,,,,,,,,,,,,,,,,,,,,,,1.650180684,1193.3099,1194.9623,,,,,,,,TRUE,,FALSE,,,,,,,,,,,,1194.9629,1195.8995,q,0.8434,,142,146,3,1,2,familiar,,,FALSE,1195.8997,1195.8999,1195.8999,1195.9,,141,0,141,0,1,,,,
,,,,,696dfb3cfe039751c30eba20,2026-01-19_09h38.15.724,WP1_3,2025.2.3,Win32,30.03003003,681b781064a5701a5ceee3bc,68dce618a723bff3d9c89c16,,,,,,,,,,,,,,,,,,,,,,,,,,,,,,,,,,,,,,,,,,,,,,,,,,,,,,,,,,,,30,Celebrities_Faces/030_02_greyscale_250.png,,,,,,,,,,,,,,,,,,,,,,,,,,,,,,,,,,,,,2.174498622,1195.9003,1198.0604,,,,,,,,TRUE,,FALSE,,,,,,,,,,,,1198.0608,1198.8103,q,0.664800001,,143,127,3,1,2,familiar,,,FALSE,1198.8104,1198.8105,1198.8105,1198.8106,,142,0,142,0,1,,,,
,,,,,696dfb3cfe039751c30eba20,2026-01-19_09h38.15.724,WP1_3,2025.2.3,Win32,30.03003003,681b781064a5701a5ceee3bc,68dce618a723bff3d9c89c16,,,,,,,,,,,,,,,,,,,,,,,,,,,,,,,,,,,,,,,,,,,,,,,,,,,,,,,,,,,,12,Celebrities_Faces/012_01_greyscale_250.png,,,,,,,,,,,,,,,,,,,,,,,,,,,,,,,,,,,,,2.136500496,1198.812,1200.9442,,,,,,,,TRUE,,FALSE,,,,,,,,,,,,1200.9446,1201.6817,q,0.642700001,,144,133,3,1,1,familiar,,,FALSE,1201.6818,1201.6818,1201.6818,1201.6819,,143,0,143,0,1,,,,
,,,,,696dfb3cfe039751c30eba20,2026-01-19_09h38.15.724,WP1_3,2025.2.3,Win32,30.03003003,681b781064a5701a5ceee3bc,68dce618a723bff3d9c89c16,,,,,,,,,,,,,,,,,,,,,,,,,,,,,,,,,,,,,,,,,,,,,,,,,,,,,,,,,,,,37,stim_fam/037_rgray_250.png,,,,,,,,,,,,,,,,,,,,,,,,,,,,,,,,,,,,,1.541315915,1201.6822,1203.2202,,,,,,,,FALSE,,FALSE,,,,,,,,,,,,1203.2205,1203.9867,q,0.6775,,145,153,3,1,250,novel,,,FALSE,1203.9868,1203.9868,1203.9868,1203.9869,,144,0,144,0,1,,,,
,,,,,696dfb3cfe039751c30eba20,2026-01-19_09h38.15.724,WP1_3,2025.2.3,Win32,30.03003003,681b781064a5701a5ceee3bc,68dce618a723bff3d9c89c16,,,,,,,,,,,,,,,,,,,,,,,,,,,,,,,,,,,,,,,,,,,,,,,,,,,,,,,,,,,,13,stim_fam/013_rgray_250.png,,,,,,,,,,,,,,,,,,,,,,,,,,,,,,,,,,,,,2.446990413,1203.987,1206.4244,,,,,,,,FALSE,,FALSE,,,,,,,,,,,,1206.4253,1207.306,p,0.7935,,146,152,3,1,250,novel,,,FALSE,1207.3064,1207.3065,1207.3065,1207.3066,,145,0,145,0,1,,,,
,,,,,696dfb3cfe039751c30eba20,2026-01-19_09h38.15.724,WP1_3,2025.2.3,Win32,30.03003003,681b781064a5701a5ceee3bc,68dce618a723bff3d9c89c16,,,,,,,,,,,,,,,,,,,,,,,,,,,,,,,,,,,,,,,,,,,,,,,,,,,,,,,,,,,,25,Celebrities_Faces/025_01_greyscale_250.png,,,,,,,,,,,,,,,,,,,,,,,,,,,,,,,,,,,,,1.89237888,1207.307,1209.1981,,,,,,,,TRUE,,TRUE,,,,,,,,,,,,1209.1984,1210.3366,,,,147,140,3,1,1,familiar,,,FALSE,1210.3367,1211.3235,1211.3236,1211.3237,,146,0,146,0,1,,,,
,,,,,696dfb3cfe039751c30eba20,2026-01-19_09h38.15.724,WP1_3,2025.2.3,Win32,30.03003003,681b781064a5701a5ceee3bc,68dce618a723bff3d9c89c16,,,,,,,,,,,,,,,,,,,,,,,,,,,,,,,,,,,,,,,,,,,,,,,,,,,,,,,,,,,,93,stim_fam/093_rgray_250.png,,,,,,,,,,,,,,,,,,,,,,,,,,,,,,,,,,,,,1.700990635,1211.3239,1213.0158,,,,,,,,FALSE,,FALSE,,,,,,,,,,,,1213.0163,1213.9939,p,0.8825,,148,166,3,1,250,novel,,,FALSE,1213.9941,1213.9941,1213.9941,1213.9942,,147,0,147,0,1,,,,
,,,,,696dfb3cfe039751c30eba20,2026-01-19_09h38.15.724,WP1_3,2025.2.3,Win32,30.03003003,681b781064a5701a5ceee3bc,68dce618a723bff3d9c89c16,,,,,,,,,,,,,,,,,,,,,,,,,,,,,,,,,,,,,,,,,,,,,,,,,,,,,,,,,,,,53,Celebrities_Faces/053_03_greyscale_250.png,,,,,,,,,,,,,,,,,,,,,,,,,,,,,,,,,,,,,2.346530862,1213.9945,1216.3463,,,,,,,,TRUE,,FALSE,,,,,,,,,,,,1216.3467,1217.2485,q,0.8134,,149,139,3,1,3,familiar,,,FALSE,1217.2485,1217.2486,1217.2486,1217.2487,,148,0,148,0,1,,,,
,,,,,696dfb3cfe039751c30eba20,2026-01-19_09h38.15.724,WP1_3,2025.2.3,Win32,30.03003003,681b781064a5701a5ceee3bc,68dce618a723bff3d9c89c16,,,,,,,,,,,,,,,,,,,,,,,,,,,,,,,,,,,,,,,,,,,,,,,,,,,,,,,,,,,,26,Celebrities_Faces/026_03_greyscale_250.png,,,,,,,,,,,,,,,,,,,,,,,,,,,,,,,,,,,,,1.579377889,1217.2488,1218.8291,,,,,,,,TRUE,,FALSE,,,,,,,,,,,,1218.8306,1219.6719,q,0.7424,,150,136,3,1,3,familiar,,,FALSE,1219.6719,1219.672,1219.672,1219.672,,149,0,149,0,1,,,,
,,,,,696dfb3cfe039751c30eba20,2026-01-19_09h38.15.724,WP1_3,2025.2.3,Win32,30.03003003,681b781064a5701a5ceee3bc,68dce618a723bff3d9c89c16,,,,,,,,,,,,,,,,,,,,,,,,,,,,,,,,,,,,,,,,,,,,,,,,,,,,,,,,,,,,33,stim_fam/033_rgray_250.png,,,,,,,,,,,,,,,,,,,,,,,,,,,,,,,,,,,,,2.099492113,1219.6723,1221.7736,,,,,,,,FALSE,,FALSE,,,,,,,,,,,,1221.7741,1222.6973,p,0.830800001,,151,172,3,1,250,novel,,,FALSE,1222.6975,1222.6975,1222.6975,1222.6975,,150,0,150,0,1,,,,
,,,,,696dfb3cfe039751c30eba20,2026-01-19_09h38.15.724,WP1_3,2025.2.3,Win32,30.03003003,681b781064a5701a5ceee3bc,68dce618a723bff3d9c89c16,,,,,,,,,,,,,,,,,,,,,,,,,,,,,,,,,,,,,,,,,,,,,,,,,,,,,,,,,,,,52,Celebrities_Faces/052_02_greyscale_250.png,,,,,,,,,,,,,,,,,,,,,,,,,,,,,,,,,,,,,2.237737798,1222.6977,1224.9195,,,,,,,,TRUE,,FALSE,,,,,,,,,,,,1224.9204,1225.9924,q,0.9791,,152,147,3,1,2,familiar,,,FALSE,1225.9925,1225.9925,1225.9925,1225.9926,,151,0,151,0,1,,,,
,,,,,696dfb3cfe039751c30eba20,2026-01-19_09h38.15.724,WP1_3,2025.2.3,Win32,30.03003003,681b781064a5701a5ceee3bc,68dce618a723bff3d9c89c16,,,,,,,,,,,,,,,,,,,,,,,,,,,,,,,,,,,,,,,,,,,,,,,,,,,,,,,,,,,,52,stim_fam/052_rgray_250.png,,,,,,,,,,,,,,,,,,,,,,,,,,,,,,,,,,,,,1.982118412,1225.9928,1227.9815,,,,,,,,FALSE,,FALSE,,,,,,,,,,,,1227.9824,1229.0123,p,0.941299999,,153,170,3,1,250,novel,,,FALSE,1229.0126,1229.0128,1229.0128,1229.0129,,152,0,152,0,1,,,,
,,,,,696dfb3cfe039751c30eba20,2026-01-19_09h38.15.724,WP1_3,2025.2.3,Win32,30.03003003,681b781064a5701a5ceee3bc,68dce618a723bff3d9c89c16,,,,,,,,,,,,,,,,,,,,,,,,,,,,,,,,,,,,,,,,,,,,,,,,,,,,,,,,,,,,45,Celebrities_Faces/045_03_greyscale_250.png,,,,,,,,,,,,,,,,,,,,,,,,,,,,,,,,,,,,,1.576164941,1229.0136,1230.5862,,,,,,,,TRUE,,FALSE,,,,,,,,,,,,1230.5872,1231.3112,q,0.620300001,,154,143,3,1,3,familiar,,,FALSE,1231.3113,1231.3113,1231.3113,1231.3114,,153,0,153,0,1,,,,
,,,,,696dfb3cfe039751c30eba20,2026-01-19_09h38.15.724,WP1_3,2025.2.3,Win32,30.03003003,681b781064a5701a5ceee3bc,68dce618a723bff3d9c89c16,,,,,,,,,,,,,,,,,,,,,,,,,,,,,,,,,,,,,,,,,,,,,,,,,,,,,,,,,,,,101,stim_fam/101_rgray_250.png,,,,,,,,,,,,,,,,,,,,,,,,,,,,,,,,,,,,,1.884879952,1231.3117,1233.1756,,,,,,,,FALSE,,FALSE,,,,,,,,,,,,1233.1759,1234.1015,p,0.835,,155,164,3,1,250,novel,,,FALSE,1234.1016,1234.1016,1234.1017,1234.1017,,154,0,154,0,1,,,,
,,,,,696dfb3cfe039751c30eba20,2026-01-19_09h38.15.724,WP1_3,2025.2.3,Win32,30.03003003,681b781064a5701a5ceee3bc,68dce618a723bff3d9c89c16,,,,,,,,,,,,,,,,,,,,,,,,,,,,,,,,,,,,,,,,,,,,,,,,,,,,,,,,,,,,16,Celebrities_Faces/016_02_greyscale_250.png,,,,,,,,,,,,,,,,,,,,,,,,,,,,,,,,,,,,,2.422386124,1234.1019,1236.5221,,,,,,,,TRUE,,FALSE,,,,,,,,,,,,1236.5232,1237.5302,q,0.919300001,,156,126,3,1,2,familiar,,,FALSE,1237.5303,1237.5303,1237.5303,1237.5303,,155,0,155,0,1,,,,
,,,,,696dfb3cfe039751c30eba20,2026-01-19_09h38.15.724,WP1_3,2025.2.3,Win32,30.03003003,681b781064a5701a5ceee3bc,68dce618a723bff3d9c89c16,,,,,,,,,,,,,,,,,,,,,,,,,,,,,,,,,,,,,,,,,,,,,,,,,,,,,,,,,,,,42,Celebrities_Faces/042_03_greyscale_250.png,,,,,,,,,,,,,,,,,,,,,,,,,,,,,,,,,,,,,1.748120748,1237.5305,1239.2832,,,,,,,,TRUE,,FALSE,,,,,,,,,,,,1239.2845,1240.0932,q,0.715900002,,157,138,3,1,3,familiar,,,FALSE,1240.0934,1240.0934,1240.0935,1240.0935,,156,0,156,0,1,,,,
,,,,,696dfb3cfe039751c30eba20,2026-01-19_09h38.15.724,WP1_3,2025.2.3,Win32,30.03003003,681b781064a5701a5ceee3bc,68dce618a723bff3d9c89c16,,,,,,,,,,,,,,,,,,,,,,,,,,,,,,,,,,,,,,,,,,,,,,,,,,,,,,,,,,,,4,stim_fam/004_rgray_250.png,,,,,,,,,,,,,,,,,,,,,,,,,,,,,,,,,,,,,1.853871886,1240.0938,1241.934,,,,,,,,FALSE,,FALSE,,,,,,,,,,,,1241.936,1242.9489,p,0.9124,,158,158,3,1,250,novel,,,FALSE,1242.9492,1242.9492,1242.9492,1242.9492,,157,0,157,0,1,,,,
,,,,,696dfb3cfe039751c30eba20,2026-01-19_09h38.15.724,WP1_3,2025.2.3,Win32,30.03003003,681b781064a5701a5ceee3bc,68dce618a723bff3d9c89c16,,,,,,,,,,,,,,,,,,,,,,,,,,,,,,,,,,,,,,,,,,,,,,,,,,,,,,,,,,,,41,stim_fam/041_rgray_250.png,,,,,,,,,,,,,,,,,,,,,,,,,,,,,,,,,,,,,2.194784502,1242.9494,1245.1443,,,,,,,,FALSE,,FALSE,,,,,,,,,,,,1245.1458,1246.0798,p,0.8451,,159,177,3,1,250,novel,,,FALSE,1246.0799,1246.08,1246.08,1246.08,,158,0,158,0,1,,,,
,,,,,696dfb3cfe039751c30eba20,2026-01-19_09h38.15.724,WP1_3,2025.2.3,Win32,30.03003003,681b781064a5701a5ceee3bc,68dce618a723bff3d9c89c16,,,,,,,,,,,,,,,,,,,,,,,,,,,,,,,,,,,,,,,,,,,,,,,,,,,,,,,,,,,,102,stim_fam/102_rgray_250.png,,,,,,,,,,,,,,,,,,,,,,,,,,,,,,,,,,,,,2.085024416,1246.0802,1248.1477,,,,,,,,FALSE,,FALSE,,,,,,,,,,,,1248.148,1249.1078,p,0.870699999,,160,179,3,1,250,novel,,,FALSE,1249.1082,1249.1083,1249.1083,1249.1083,,159,0,159,0,1,,,,
,,,,,696dfb3cfe039751c30eba20,2026-01-19_09h38.15.724,WP1_3,2025.2.3,Win32,30.03003003,681b781064a5701a5ceee3bc,68dce618a723bff3d9c89c16,,,,,,,,,,,,,,,,,,,,,,,,,,,,,,,,,,,,,,,,,,,,,,,,,,,,,,,,,,,,54,stim_fam/054_rgray_250.png,,,,,,,,,,,,,,,,,,,,,,,,,,,,,,,,,,,,,2.477161273,1249.1086,1251.5781,,,,,,,,FALSE,,FALSE,,,,,,,,,,,,1251.5787,1252.6215,p,0.9531,,161,159,3,1,250,novel,,,FALSE,1252.6217,1252.6217,1252.6217,1252.6217,,160,0,160,0,1,,,,
,,,,,696dfb3cfe039751c30eba20,2026-01-19_09h38.15.724,WP1_3,2025.2.3,Win32,30.03003003,681b781064a5701a5ceee3bc,68dce618a723bff3d9c89c16,,,,,,,,,,,,,,,,,,,,,,,,,,,,,,,,,,,,,,,,,,,,,,,,,,,,,,,,,,,,1,Celebrities_Faces/001_03_greyscale_250.png,,,,,,,,,,,,,,,,,,,,,,,,,,,,,,,,,,,,,2.474636186,1252.622,1255.0823,,,,,,,,TRUE,,FALSE,,,,,,,,,,,,1255.0834,1255.9219,q,0.750699999,,162,122,3,1,3,familiar,,,FALSE,1255.9221,1255.9222,1255.9222,1255.9222,,161,0,161,0,1,,,,
,,,,,696dfb3cfe039751c30eba20,2026-01-19_09h38.15.724,WP1_3,2025.2.3,Win32,30.03003003,681b781064a5701a5ceee3bc,68dce618a723bff3d9c89c16,,,,,,,,,,,,,,,,,,,,,,,,,,,,,,,,,,,,,,,,,,,,,,,,,,,,,,,,,,,,85,stim_fam/085_rgray_250.png,,,,,,,,,,,,,,,,,,,,,,,,,,,,,,,,,,,,,1.790182049,1255.9224,1257.6893,,,,,,,,FALSE,,FALSE,,,,,,,,,,,,1257.6898,1258.6583,p,0.874,,163,154,3,1,250,novel,,,FALSE,1258.6584,1258.6584,1258.6584,1258.6584,,162,0,162,0,1,,,,
,,,,,696dfb3cfe039751c30eba20,2026-01-19_09h38.15.724,WP1_3,2025.2.3,Win32,30.03003003,681b781064a5701a5ceee3bc,68dce618a723bff3d9c89c16,,,,,,,,,,,,,,,,,,,,,,,,,,,,,,,,,,,,,,,,,,,,,,,,,,,,,,,,,,,,69,stim_fam/069_rgray_250.png,,,,,,,,,,,,,,,,,,,,,,,,,,,,,,,,,,,,,2.201485872,1258.6587,1260.8451,,,,,,,,FALSE,,TRUE,,,,,,,,,,,,1260.8458,1261.9512,,,,164,178,3,1,250,novel,,,FALSE,1261.9521,1262.9437,1262.9438,1262.9438,,163,0,163,0,1,,,,
,,,,,696dfb3cfe039751c30eba20,2026-01-19_09h38.15.724,WP1_3,2025.2.3,Win32,30.03003003,681b781064a5701a5ceee3bc,68dce618a723bff3d9c89c16,,,,,,,,,,,,,,,,,,,,,,,,,,,,,,,,,,,,,,,,,,,,,,,,,,,,,,,,,,,,57,Celebrities_Faces/057_02_greyscale_250.png,,,,,,,,,,,,,,,,,,,,,,,,,,,,,,,,,,,,,2.39923729,1262.944,1265.3434,,,,,,,,TRUE,,TRUE,,,,,,,,,,,,1265.3439,1266.487,,,,165,130,3,1,2,familiar,,,FALSE,1266.4871,1267.4787,1267.4787,1267.4788,,164,0,164,0,1,,,,
,,,,,696dfb3cfe039751c30eba20,2026-01-19_09h38.15.724,WP1_3,2025.2.3,Win32,30.03003003,681b781064a5701a5ceee3bc,68dce618a723bff3d9c89c16,,,,,,,,,,,,,,,,,,,,,,,,,,,,,,,,,,,,,,,,,,,,,,,,,,,,,,,,,,,,15,Celebrities_Faces/015_02_greyscale_250.png,,,,,,,,,,,,,,,,,,,,,,,,,,,,,,,,,,,,,1.63275736,1267.479,1269.0972,,,,,,,,TRUE,,FALSE,,,,,,,,,,,,1269.098,1269.8769,q,0.688599998,,166,125,3,1,2,familiar,,,FALSE,1269.8771,1269.8772,1269.8772,1269.8772,,165,0,165,0,1,,,,
,,,,,696dfb3cfe039751c30eba20,2026-01-19_09h38.15.724,WP1_3,2025.2.3,Win32,30.03003003,681b781064a5701a5ceee3bc,68dce618a723bff3d9c89c16,,,,,,,,,,,,,,,,,,,,,,,,,,,,,,,,,,,,,,,,,,,,,,,,,,,,,,,,,,,,36,Celebrities_Faces/036_02_greyscale_250.png,,,,,,,,,,,,,,,,,,,,,,,,,,,,,,,,,,,,,1.51689169,1269.8774,1271.3926,,,,,,,,TRUE,,FALSE,,,,,,,,,,,,1271.3931,1272.4659,q,0.98,,167,149,3,1,2,familiar,,,FALSE,1272.4661,1272.4661,1272.4661,1272.4661,,166,0,166,0,1,,,,
,,,,,696dfb3cfe039751c30eba20,2026-01-19_09h38.15.724,WP1_3,2025.2.3,Win32,30.03003003,681b781064a5701a5ceee3bc,68dce618a723bff3d9c89c16,,,,,,,,,,,,,,,,,,,,,,,,,,,,,,,,,,,,,,,,,,,,,,,,,,,,,,,,,,,,22,stim_fam/022_rgray_250.png,,,,,,,,,,,,,,,,,,,,,,,,,,,,,,,,,,,,,2.140756787,1272.4664,1274.5897,,,,,,,,FALSE,,FALSE,,,,,,,,,,,,1274.5911,1275.6636,p,0.9805,,168,151,3,1,250,novel,,,FALSE,1275.6638,1275.6638,1275.6638,1275.6639,,167,0,167,0,1,,,,
,,,,,696dfb3cfe039751c30eba20,2026-01-19_09h38.15.724,WP1_3,2025.2.3,Win32,30.03003003,681b781064a5701a5ceee3bc,68dce618a723bff3d9c89c16,,,,,,,,,,,,,,,,,,,,,,,,,,,,,,,,,,,,,,,,,,,,,,,,,,,,,,,,,,,,19,stim_fam/019_rgray_250.png,,,,,,,,,,,,,,,,,,,,,,,,,,,,,,,,,,,,,2.263435172,1275.6641,1277.9032,,,,,,,,FALSE,,FALSE,,,,,,,,,,,,1277.904,1278.7596,p,0.764200001,,169,157,3,1,250,novel,,,FALSE,1278.7599,1278.76,1278.76,1278.76,,168,0,168,0,1,,,,
,,,,,696dfb3cfe039751c30eba20,2026-01-19_09h38.15.724,WP1_3,2025.2.3,Win32,30.03003003,681b781064a5701a5ceee3bc,68dce618a723bff3d9c89c16,,,,,,,,,,,,,,,,,,,,,,,,,,,,,,,,,,,,,,,,,,,,,,,,,,,,,,,,,,,,3,stim_fam/003_rgray_250.png,,,,,,,,,,,,,,,,,,,,,,,,,,,,,,,,,,,,,2.280398205,1278.7602,1281.0357,,,,,,,,FALSE,,FALSE,,,,,,,,,,,,1281.0361,1281.9836,p,0.860099998,,170,173,3,1,250,novel,,,FALSE,1281.9838,1281.9838,1281.9838,1281.9838,,169,0,169,0,1,,,,
,,,,,696dfb3cfe039751c30eba20,2026-01-19_09h38.15.724,WP1_3,2025.2.3,Win32,30.03003003,681b781064a5701a5ceee3bc,68dce618a723bff3d9c89c16,,,,,,,,,,,,,,,,,,,,,,,,,,,,,,,,,,,,,,,,,,,,,,,,,,,,,,,,,,,,43,Celebrities_Faces/043_01_greyscale_250.png,,,,,,,,,,,,,,,,,,,,,,,,,,,,,,,,,,,,,2.372923,1281.9842,1284.3328,,,,,,,,TRUE,,FALSE,,,,,,,,,,,,1284.3333,1285.3377,q,0.920300001,,171,131,3,1,1,familiar,,,FALSE,1285.3378,1285.3379,1285.3379,1285.3379,,170,0,170,0,1,,,,
,,,,,696dfb3cfe039751c30eba20,2026-01-19_09h38.15.724,WP1_3,2025.2.3,Win32,30.03003003,681b781064a5701a5ceee3bc,68dce618a723bff3d9c89c16,,,,,,,,,,,,,,,,,,,,,,,,,,,,,,,,,,,,,,,,,,,,,,,,,,,,,,,,,,,,10,Celebrities_Faces/010_01_greyscale_250.png,,,,,,,,,,,,,,,,,,,,,,,,,,,,,,,,,,,,,1.742632407,1285.3381,1287.0762,,,,,,,,TRUE,,FALSE,,,,,,,,,,,,1287.0771,1288.1554,q,0.987799999,,172,132,3,1,1,familiar,,,FALSE,1288.1556,1288.1557,1288.1557,1288.1557,,171,0,171,0,1,,,,
,,,,,696dfb3cfe039751c30eba20,2026-01-19_09h38.15.724,WP1_3,2025.2.3,Win32,30.03003003,681b781064a5701a5ceee3bc,68dce618a723bff3d9c89c16,,,,,,,,,,,,,,,,,,,,,,,,,,,,,,,,,,,,,,,,,,,,,,,,,,,,,,,,,,,,35,stim_fam/035_rgray_250.png,,,,,,,,,,,,,,,,,,,,,,,,,,,,,,,,,,,,,2.011472152,1288.1558,1290.1679,,,,,,,,FALSE,,FALSE,,,,,,,,,,,,1290.1684,1291.1534,p,0.899300001,,173,176,3,1,250,novel,,,FALSE,1291.1538,1291.1539,1291.1539,1291.154,,172,0,172,0,1,,,,
,,,,,696dfb3cfe039751c30eba20,2026-01-19_09h38.15.724,WP1_3,2025.2.3,Win32,30.03003003,681b781064a5701a5ceee3bc,68dce618a723bff3d9c89c16,,,,,,,,,,,,,,,,,,,,,,,,,,,,,,,,,,,,,,,,,,,,,,,,,,,,,,,,,,,,28,Celebrities_Faces/028_03_greyscale_250.png,,,,,,,,,,,,,,,,,,,,,,,,,,,,,,,,,,,,,1.904368026,1291.1542,1293.0448,,,,,,,,TRUE,,FALSE,,,,,,,,,,,,1293.0456,1293.9192,q,0.7735,,174,142,3,1,3,familiar,,,FALSE,1293.9195,1293.9195,1293.9195,1293.9195,,173,0,173,0,1,,,,
,,,,,696dfb3cfe039751c30eba20,2026-01-19_09h38.15.724,WP1_3,2025.2.3,Win32,30.03003003,681b781064a5701a5ceee3bc,68dce618a723bff3d9c89c16,,,,,,,,,,,,,,,,,,,,,,,,,,,,,,,,,,,,,,,,,,,,,,,,,,,,,,,,,,,,16,stim_fam/016_rgray_250.png,,,,,,,,,,,,,,,,,,,,,,,,,,,,,,,,,,,,,1.819424237,1293.9197,1295.7363,,,,,,,,FALSE,,FALSE,,,,,,,,,,,,1295.7367,1296.6792,p,0.842,,175,168,3,1,250,novel,,,FALSE,1296.6794,1296.6794,1296.6794,1296.6794,,174,0,174,0,1,,,,
,,,,,696dfb3cfe039751c30eba20,2026-01-19_09h38.15.724,WP1_3,2025.2.3,Win32,30.03003003,681b781064a5701a5ceee3bc,68dce618a723bff3d9c89c16,,,,,,,,,,,,,,,,,,,,,,,,,,,,,,,,,,,,,,,,,,,,,,,,,,,,,,,,,,,,51,stim_fam/051_rgray_250.png,,,,,,,,,,,,,,,,,,,,,,,,,,,,,,,,,,,,,2.320369111,1296.6797,1298.9943,,,,,,,,FALSE,,FALSE,,,,,,,,,,,,1298.9947,1299.898,p,0.806799999,,176,160,3,1,250,novel,,,FALSE,1299.8981,1299.8981,1299.8981,1299.8982,,175,0,175,0,1,,,,
,,,,,696dfb3cfe039751c30eba20,2026-01-19_09h38.15.724,WP1_3,2025.2.3,Win32,30.03003003,681b781064a5701a5ceee3bc,68dce618a723bff3d9c89c16,,,,,,,,,,,,,,,,,,,,,,,,,,,,,,,,,,,,,,,,,,,,,,,,,,,,,,,,,,,,12,stim_fam/012_rgray_250.png,,,,,,,,,,,,,,,,,,,,,,,,,,,,,,,,,,,,,2.403184699,1299.8983,1302.3081,,,,,,,,FALSE,,FALSE,,,,,,,,,,,,1302.3084,1303.1866,p,0.792400002,,177,165,3,1,250,novel,,,FALSE,1303.1868,1303.1869,1303.1869,1303.1869,,176,0,176,0,1,,,,
,,,,,696dfb3cfe039751c30eba20,2026-01-19_09h38.15.724,WP1_3,2025.2.3,Win32,30.03003003,681b781064a5701a5ceee3bc,68dce618a723bff3d9c89c16,,,,,,,,,,,,,,,,,,,,,,,,,,,,,,,,,,,,,,,,,,,,,,,,,,,,,,,,,,,,58,Celebrities_Faces/058_01_greyscale_250.png,,,,,,,,,,,,,,,,,,,,,,,,,,,,,,,,,,,,,2.220765537,1303.1871,1305.4063,,,,,,,,TRUE,,FALSE,,,,,,,,,,,,1305.4067,1306.4097,p,0.912200001,,178,128,3,1,1,familiar,,,FALSE,1306.41,1306.41,1306.4101,1306.4101,,177,0,177,0,1,,,,
,,,,,696dfb3cfe039751c30eba20,2026-01-19_09h38.15.724,WP1_3,2025.2.3,Win32,30.03003003,681b781064a5701a5ceee3bc,68dce618a723bff3d9c89c16,,,,,,,,,,,,,,,,,,,,,,,,,,,,,,,,,,,,,,,,,,,,,,,,,,,,,,,,,,,,97,stim_fam/097_rgray_250.png,,,,,,,,,,,,,,,,,,,,,,,,,,,,,,,,,,,,,1.599699649,1306.4104,1308.0122,,,,,,,,FALSE,,FALSE,,,,,,,,,,,,1308.0135,1308.8991,p,0.779299999,,179,167,3,1,250,novel,,,FALSE,1308.8993,1308.8994,1308.8995,1308.8996,,178,0,178,0,1,,,,
,,,,,696dfb3cfe039751c30eba20,2026-01-19_09h38.15.724,WP1_3,2025.2.3,Win32,30.03003003,681b781064a5701a5ceee3bc,68dce618a723bff3d9c89c16,,,,,,,,,,,,,,,,,,,,,,,,,,,,,,,,,,,,,,,,,,,,,,,,,,,,,,,,,,,,74,stim_fam/074_rgray_250.png,,,,,,,,,,,,,,,,,,,,,,,,,,,,,,,,,,,,,2.242580309,1308.9001,1311.1185,,,,,,,,FALSE,,FALSE,,,,,,,,,,,,1311.1195,1312.1196,p,0.909299999,,180,180,3,1,250,novel,,,FALSE,1312.1199,1312.1199,1312.1199,1312.1199,,179,0,179,0,1,,,,
,,,,,696dfb3cfe039751c30eba20,2026-01-19_09h38.15.724,WP1_3,2025.2.3,Win32,30.03003003,681b781064a5701a5ceee3bc,68dce618a723bff3d9c89c16,,,,,,,,,,,,,,,,,,,,,,,,,,,,,,,,,,,,,,,,,,,,,,,,,,,,,,,,,,,,,,,,,,,,,,,,,,,,,,,,,,,,,,,,,,,,,,,,,,,,,,,,,,,,,,,,,,,,,,,,,,,,,,,,,,,,,,,,,,,,,,,,,,,,1312.1204,1317.1166
