Study_information_1.started,Study_information_1.stopped,key_resp.keys,key_resp.rt,key_resp.duration,session,date,expName,psychopyVersion,OS,frameRate,participant,study_id,Study_information_2.started,Study_information_2.stopped,key_resp_2.keys,key_resp_2.rt,key_resp_2.duration,Study_information_3.started,Study_information_3.stopped,key_resp_3.keys,key_resp_3.rt,key_resp_3.duration,Consent.started,Consent.stopped,key_resp_5.keys,key_resp_5.rt,key_resp_5.duration,Instruction_1.started,Instruction_1.stopped,space_cont.keys,space_cont.rt,space_cont.duration,Instruction_2.started,Instruction_2.stopped,space_cont_2.keys,space_cont_2.rt,space_cont_2.duration,Instruction_3.started,Instruction_3.stopped,space_cont_3.keys,space_cont_3.rt,space_cont_3.duration,Instruction_4.started,Instruction_4.stopped,space_cont_4.keys,space_cont_4.rt,space_cont_4.duration,Instruction_5.started,Instruction_5.stopped,space_cont_5.keys,space_cont_5.rt,space_cont_5.duration,Familiarity_Rating.started,Familiarity_Rating.stopped,familiarity_scale.response,familiarity_scale.rt,key_resp_familiarity.keys,familiarity_rating,Valence_Rating.started,Valence_Rating.stopped,valence_scale.response,valence_scale.rt,key_resp_valence.keys,key_resp_valence.rt,key_resp_valence.duration,valence_rating,Name_Selection.started,Name_Selection.stopped,key_resp_naming.keys,key_resp_naming.rt,key_resp_naming.duration,identity_no,image_file,correct_name,selected_name_option,selected_name,correct_name_option,name_correct,qualifies_for_part2,qualified_count_so_far,trials_rating.thisRepN,trials_rating.thisTrialN,trials_rating.thisN,trials_rating.thisIndex,trials_rating.ran,Identity_no,Image,Option1,Option2,Option3,Option4,CorrectName,selection_method,num_selected_identities,qualified_identity_nos,break_1.started,break_1.stopped,Load_Recognition_Trials.started,Load_Recognition_Trials.stopped,Instruction_recog_1.started,Instruction_recog_1.stopped,space_cont_6.keys,space_cont_6.rt,space_cont_6.duration,Instruction_recog_2.started,Instruction_recog_2.stopped,space_cont_7.keys,space_cont_7.rt,space_cont_7.duration,fixation_duration,fix_cross.started,fix_cross.stopped,Practice_Recognition_Trial.started,Practice_Recognition_Trial.stopped,key_resp_practice.keys,key_resp_practice.rt,key_resp_practice.duration,is_practice,practice_trial_number,is_familiar,participant_response,too_slow,response_time,practice_trials.thisRepN,practice_trials.thisTrialN,practice_trials.thisN,practice_trials.thisIndex,practice_trials.ran,Instruction_recog.started,Instruction_recog.stopped,space_cont_8.keys,space_cont_8.rt,space_cont_8.duration,Recognition_trials.started,Recognition_trials.stopped,key_resp_recognition.keys,key_resp_recognition.rt,key_resp_recognition.duration,recognition_trial_number,original_trial_number,block,trial_in_block,orientation,identity_type,response_familiar,correct,valid_response,Too_slow.started,Too_slow.stopped,break_recog.started,break_recog.stopped,key_resp_6.keys,trials.thisRepN,trials.thisTrialN,trials.thisN,trials.thisIndex,trials.ran,key_resp_6.rt,key_resp_6.duration
0.0002,99.328,space,99.3021,,6971ff2ad75a932af8723d7b,2026-01-22_10h43.31.568,WP1_3,2025.2.3,MacIntel,57.80346821,5cae3e6a47494e0018328cbb,695fcc08e6593b9a696132f7,,,,,,,,,,,,,,,,,,,,,,,,,,,,,,,,,,,,,,,,,,,,,,,,,,,,,,,,,,,,,,,,,,,,,,,,,,,,,,,,,,,,,,,,,,,,,,,,,,,,,,,,,,,,,,,,,,,,,,,,,,,,,,,,,,,,,,,,,,,,,,,,,,,
,,,,,6971ff2ad75a932af8723d7b,2026-01-22_10h43.31.568,WP1_3,2025.2.3,MacIntel,57.80346821,5cae3e6a47494e0018328cbb,695fcc08e6593b9a696132f7,99.3282,105.0772,space,5.7226,,,,,,,,,,,,,,,,,,,,,,,,,,,,,,,,,,,,,,,,,,,,,,,,,,,,,,,,,,,,,,,,,,,,,,,,,,,,,,,,,,,,,,,,,,,,,,,,,,,,,,,,,,,,,,,,,,,,,,,,,,,,,,,,,,,,,,,,,,,,,,,
,,,,,6971ff2ad75a932af8723d7b,2026-01-22_10h43.31.568,WP1_3,2025.2.3,MacIntel,57.80346821,5cae3e6a47494e0018328cbb,695fcc08e6593b9a696132f7,,,,,,105.0774,121.0112,space,15.9045,,,,,,,,,,,,,,,,,,,,,,,,,,,,,,,,,,,,,,,,,,,,,,,,,,,,,,,,,,,,,,,,,,,,,,,,,,,,,,,,,,,,,,,,,,,,,,,,,,,,,,,,,,,,,,,,,,,,,,,,,,,,,,,,,,,,,,,,,,
,,,,,6971ff2ad75a932af8723d7b,2026-01-22_10h43.31.568,WP1_3,2025.2.3,MacIntel,57.80346821,5cae3e6a47494e0018328cbb,695fcc08e6593b9a696132f7,,,,,,,,,,,121.0113,129.9783,space,8.9344,,,,,,,,,,,,,,,,,,,,,,,,,,,,,,,,,,,,,,,,,,,,,,,,,,,,,,,,,,,,,,,,,,,,,,,,,,,,,,,,,,,,,,,,,,,,,,,,,,,,,,,,,,,,,,,,,,,,,,,,,,,,,,,,,,,,,
,,,,,6971ff2ad75a932af8723d7b,2026-01-22_10h43.31.568,WP1_3,2025.2.3,MacIntel,57.80346821,5cae3e6a47494e0018328cbb,695fcc08e6593b9a696132f7,,,,,,,,,,,,,,,,129.9785,143.312,space,13.3036,,,,,,,,,,,,,,,,,,,,,,,,,,,,,,,,,,,,,,,,,,,,,,,,,,,,,,,,,,,,,,,,,,,,,,,,,,,,,,,,,,,,,,,,,,,,,,,,,,,,,,,,,,,,,,,,,,,,,,,,,,,,,,,,
,,,,,6971ff2ad75a932af8723d7b,2026-01-22_10h43.31.568,WP1_3,2025.2.3,MacIntel,57.80346821,5cae3e6a47494e0018328cbb,695fcc08e6593b9a696132f7,,,,,,,,,,,,,,,,,,,,,143.3122,155.9448,space,12.6006,,,,,,,,,,,,,,,,,,,,,,,,,,,,,,,,,,,,,,,,,,,,,,,,,,,,,,,,,,,,,,,,,,,,,,,,,,,,,,,,,,,,,,,,,,,,,,,,,,,,,,,,,,,,,,,,,,,,,,,,,,,
,,,,,6971ff2ad75a932af8723d7b,2026-01-22_10h43.31.568,WP1_3,2025.2.3,MacIntel,57.80346821,5cae3e6a47494e0018328cbb,695fcc08e6593b9a696132f7,,,,,,,,,,,,,,,,,,,,,,,,,,155.9449,163.0624,space,7.0883,,,,,,,,,,,,,,,,,,,,,,,,,,,,,,,,,,,,,,,,,,,,,,,,,,,,,,,,,,,,,,,,,,,,,,,,,,,,,,,,,,,,,,,,,,,,,,,,,,,,,,,,,,,,,,,,,,,,,,
,,,,,6971ff2ad75a932af8723d7b,2026-01-22_10h43.31.568,WP1_3,2025.2.3,MacIntel,57.80346821,5cae3e6a47494e0018328cbb,695fcc08e6593b9a696132f7,,,,,,,,,,,,,,,,,,,,,,,,,,,,,,,163.0625,172.2128,space,9.1198,,,,,,,,,,,,,,,,,,,,,,,,,,,,,,,,,,,,,,,,,,,,,,,,,,,,,,,,,,,,,,,,,,,,,,,,,,,,,,,,,,,,,,,,,,,,,,,,,,,,,,,,,,,,,,,,,
,,,,,6971ff2ad75a932af8723d7b,2026-01-22_10h43.31.568,WP1_3,2025.2.3,MacIntel,57.80346821,5cae3e6a47494e0018328cbb,695fcc08e6593b9a696132f7,,,,,,,,,,,,,,,,,,,,,,,,,,,,,,,,,,,,172.2129,191.5632,space,19.327,,,,,,,,,,,,,,,,,,,,,,,,,,,,,,,,,,,,,,,,,,,,,,,,,,,,,,,,,,,,,,,,,,,,,,,,,,,,,,,,,,,,,,,,,,,,,,,,,,,,,,,,,,,,
,,,,,6971ff2ad75a932af8723d7b,2026-01-22_10h43.31.568,WP1_3,2025.2.3,MacIntel,57.80346821,5cae3e6a47494e0018328cbb,695fcc08e6593b9a696132f7,,,,,,,,,,,,,,,,,,,,,,,,,,,,,,,,,,,,,,,,,191.5731,204.9636,,,,9,204.9646,208.647,,,"[""space""]",[3.5683000000119023],[null],5,208.6478,212.0143,space,3.2508,,30,Celebrities_Faces/030_rating.jpg,Tom Cruise,0,Tom Cruise,0,TRUE,TRUE,1,0,0,0,29,1,30,Celebrities_Faces/030_rating.jpg,Tom Cruise,Lionel Messi,Chris Evans,Bruce Willis,Tom Cruise,,,,,,,,,,,,,,,,,,,,,,,,,,,,,,,,,,,,,,,,,,,,,,,,,,,,,,,,,,,,,,,,,,,
,,,,,6971ff2ad75a932af8723d7b,2026-01-22_10h43.31.568,WP1_3,2025.2.3,MacIntel,57.80346821,5cae3e6a47494e0018328cbb,695fcc08e6593b9a696132f7,,,,,,,,,,,,,,,,,,,,,,,,,,,,,,,,,,,,,,,,,212.016,215.08,,,,10,215.0808,217.6134,,,"[""right"",""right"",""right"",""right"",""right"",""space""]","[1.1156999999880668,1.3653999999761481,1.5760999999642422,1.8308000000119193,2.0534999999999854,2.5058000000119307]","[null,null,null,null,null,null]",10,217.6147,219.9138,space,2.269,,36,Celebrities_Faces/036_rating.jpg,Lady Gaga,3,Lady Gaga,3,TRUE,TRUE,2,0,1,1,35,1,36,Celebrities_Faces/036_rating.jpg,Serena Williams,Emma Stone,Julia Roberts,Lady Gaga,Lady Gaga,,,,,,,,,,,,,,,,,,,,,,,,,,,,,,,,,,,,,,,,,,,,,,,,,,,,,,,,,,,,,,,,,,,
,,,,,6971ff2ad75a932af8723d7b,2026-01-22_10h43.31.568,WP1_3,2025.2.3,MacIntel,57.80346821,5cae3e6a47494e0018328cbb,695fcc08e6593b9a696132f7,,,,,,,,,,,,,,,,,,,,,,,,,,,,,,,,,,,,,,,,,219.9146,223.3136,,,,10,223.3141,225.8475,,,"[""right"",""space""]","[2.0749000000357682,2.4414000000357703]","[null,null]",6,225.8494,227.1144,space,1.166,,57,Celebrities_Faces/057_rating.jpg,Serena Williams,2,Serena Williams,2,TRUE,TRUE,3,0,2,2,56,1,57,Celebrities_Faces/057_rating.jpg,Olivia Rodrigo,Charlize Theron,Serena Williams,Greta Thunberg,Serena Williams,,,,,,,,,,,,,,,,,,,,,,,,,,,,,,,,,,,,,,,,,,,,,,,,,,,,,,,,,,,,,,,,,,,
,,,,,6971ff2ad75a932af8723d7b,2026-01-22_10h43.31.568,WP1_3,2025.2.3,MacIntel,57.80346821,5cae3e6a47494e0018328cbb,695fcc08e6593b9a696132f7,,,,,,,,,,,,,,,,,,,,,,,,,,,,,,,,,,,,,,,,,227.1157,233.2141,,,,6,233.2146,235.4473,,,"[""space""]",[2.1039000000357646],[null],5,235.4491,238.7142,space,3.1304,,24,Celebrities_Faces/024_rating.jpg,Ryan Reynolds,3,Ryan Reynolds,3,TRUE,FALSE,3,0,3,3,23,1,24,Celebrities_Faces/024_rating.jpg,Roger Federer,Denzel Washighton,Tom Holland,Ryan Reynolds,Ryan Reynolds,,,,,,,,,,,,,,,,,,,,,,,,,,,,,,,,,,,,,,,,,,,,,,,,,,,,,,,,,,,,,,,,,,,
,,,,,6971ff2ad75a932af8723d7b,2026-01-22_10h43.31.568,WP1_3,2025.2.3,MacIntel,57.80346821,5cae3e6a47494e0018328cbb,695fcc08e6593b9a696132f7,,,,,,,,,,,,,,,,,,,,,,,,,,,,,,,,,,,,,,,,,238.715,242.9475,,,,10,242.948,245.9304,,,"[""right"",""space""]","[2.0469999999999686,2.947999999999979]","[null,null]",6,245.9321,247.798,space,1.8262,,14,Celebrities_Faces/014_rating.jpg,Daniel Craig,2,Daniel Craig,2,TRUE,TRUE,4,0,4,4,13,1,14,Celebrities_Faces/014_rating.jpg,Robert De Niro,Ryan Reynolds,Daniel Craig,Chris Hemsworth,Daniel Craig,,,,,,,,,,,,,,,,,,,,,,,,,,,,,,,,,,,,,,,,,,,,,,,,,,,,,,,,,,,,,,,,,,,
,,,,,6971ff2ad75a932af8723d7b,2026-01-22_10h43.31.568,WP1_3,2025.2.3,MacIntel,57.80346821,5cae3e6a47494e0018328cbb,695fcc08e6593b9a696132f7,,,,,,,,,,,,,,,,,,,,,,,,,,,,,,,,,,,,,,,,,247.7988,252.681,,,,0,252.6815,254.3144,,,"[""space""]",[1.5771000000238473],[null],5,254.3156,258.5816,space,4.2094,,13,Celebrities_Faces/013_rating.jpg,Denzel Washighton,0,Denzel Washighton,0,TRUE,FALSE,4,0,5,5,12,1,13,Celebrities_Faces/013_rating.jpg,Denzel Washighton,Chris Hemsworth,Matt Damon,George W.Bush,Denzel Washighton,,,,,,,,,,,,,,,,,,,,,,,,,,,,,,,,,,,,,,,,,,,,,,,,,,,,,,,,,,,,,,,,,,,
,,,,,6971ff2ad75a932af8723d7b,2026-01-22_10h43.31.568,WP1_3,2025.2.3,MacIntel,57.80346821,5cae3e6a47494e0018328cbb,695fcc08e6593b9a696132f7,,,,,,,,,,,,,,,,,,,,,,,,,,,,,,,,,,,,,,,,,258.5825,261.548,,,,10,261.5485,264.815,,,"[""right"",""right"",""right"",""space""]","[2.210600000023817,2.427500000000009,2.7334999999999923,3.2336000000238414]","[null,null,null,null]",8,264.8169,266.5151,space,1.6691,,49,Celebrities_Faces/049_rating.jpg,Olivia Rodrigo,0,Olivia Rodrigo,0,TRUE,TRUE,5,0,6,6,48,1,49,Celebrities_Faces/049_rating.jpg,Olivia Rodrigo,Lindsay Lohan,Gal Gadot,Angelina Jolie,Olivia Rodrigo,,,,,,,,,,,,,,,,,,,,,,,,,,,,,,,,,,,,,,,,,,,,,,,,,,,,,,,,,,,,,,,,,,,
,,,,,6971ff2ad75a932af8723d7b,2026-01-22_10h43.31.568,WP1_3,2025.2.3,MacIntel,57.80346821,5cae3e6a47494e0018328cbb,695fcc08e6593b9a696132f7,,,,,,,,,,,,,,,,,,,,,,,,,,,,,,,,,,,,,,,,,266.5159,271.581,,,,1,271.5815,273.1653,,,"[""space""]",[1.5245999999642663],[null],5,273.1669,277.3654,space,4.1328,,11,Celebrities_Faces/011_rating.jpg,Chris Evans,0,Chris Evans,0,TRUE,FALSE,5,0,7,7,10,1,11,Celebrities_Faces/011_rating.jpg,Chris Evans,Daniel Craig,Ryan Reynolds,Arnold Schwarzeneger,Chris Evans,,,,,,,,,,,,,,,,,,,,,,,,,,,,,,,,,,,,,,,,,,,,,,,,,,,,,,,,,,,,,,,,,,,
,,,,,6971ff2ad75a932af8723d7b,2026-01-22_10h43.31.568,WP1_3,2025.2.3,MacIntel,57.80346821,5cae3e6a47494e0018328cbb,695fcc08e6593b9a696132f7,,,,,,,,,,,,,,,,,,,,,,,,,,,,,,,,,,,,,,,,,277.3664,284.5154,,,,7,284.516,287.0658,,,"[""space""]",[2.4354999999999905],[null],5,287.0684,289.3822,space,2.2102,,35,Celebrities_Faces/035_rating.jpg,Lindsay Lohan,3,Lindsay Lohan,3,TRUE,TRUE,6,0,8,8,34,1,35,Celebrities_Faces/035_rating.jpg,Anya Taylor-Joy,Millie Bobby Brown,Keira Knightley,Lindsay Lohan,Lindsay Lohan,,,,,,,,,,,,,,,,,,,,,,,,,,,,,,,,,,,,,,,,,,,,,,,,,,,,,,,,,,,,,,,,,,,
,,,,,6971ff2ad75a932af8723d7b,2026-01-22_10h43.31.568,WP1_3,2025.2.3,MacIntel,57.80346821,5cae3e6a47494e0018328cbb,695fcc08e6593b9a696132f7,,,,,,,,,,,,,,,,,,,,,,,,,,,,,,,,,,,,,,,,,289.383,294.4658,,,,6,294.4664,296.249,,,"[""space""]",[1.6968000000119332],[null],5,296.2506,298.4993,space,2.16,,2,Celebrities_Faces/002_rating.jpg,George W.Bush,3,George W.Bush,3,TRUE,FALSE,6,0,9,9,1,1,2,Celebrities_Faces/002_rating.jpg,Henri Canvill,Chris Evans,Tom Holland,George W.Bush,George W.Bush,,,,,,,,,,,,,,,,,,,,,,,,,,,,,,,,,,,,,,,,,,,,,,,,,,,,,,,,,,,,,,,,,,,
,,,,,6971ff2ad75a932af8723d7b,2026-01-22_10h43.31.568,WP1_3,2025.2.3,MacIntel,57.80346821,5cae3e6a47494e0018328cbb,695fcc08e6593b9a696132f7,,,,,,,,,,,,,,,,,,,,,,,,,,,,,,,,,,,,,,,,,298.5,301.616,,,,10,301.6165,303.9326,,,"[""left"",""left"",""left"",""space""]","[0.7250999999642431,0.9556999999880986,1.809000000000026,2.2470999999642345]","[null,null,null,null]",2,303.9339,305.4329,space,1.4253,,47,Celebrities_Faces/047_rating.jpg,Hillary Clinton,0,Hillary Clinton,0,TRUE,TRUE,7,0,10,10,46,1,47,Celebrities_Faces/047_rating.jpg,Hillary Clinton,Sandra Bullock,Michelle Obama,Anne Hathaway,Hillary Clinton,,,,,,,,,,,,,,,,,,,,,,,,,,,,,,,,,,,,,,,,,,,,,,,,,,,,,,,,,,,,,,,,,,,
,,,,,6971ff2ad75a932af8723d7b,2026-01-22_10h43.31.568,WP1_3,2025.2.3,MacIntel,57.80346821,5cae3e6a47494e0018328cbb,695fcc08e6593b9a696132f7,,,,,,,,,,,,,,,,,,,,,,,,,,,,,,,,,,,,,,,,,305.4337,309.9328,,,,8,309.9333,312.8495,,,"[""right"",""space""]","[2.3896999999880677,2.8564999999999827]","[null,null]",6,312.851,315.1332,space,2.2331,,39,Celebrities_Faces/039_rating.jpg,Scarlett Johansson,1,Scarlett Johansson,1,TRUE,TRUE,8,0,11,11,38,1,39,Celebrities_Faces/039_rating.jpg,Simone Biles,Scarlett Johansson,Gal Gadot,Hillary Clinton,Scarlett Johansson,,,,,,,,,,,,,,,,,,,,,,,,,,,,,,,,,,,,,,,,,,,,,,,,,,,,,,,,,,,,,,,,,,,
,,,,,6971ff2ad75a932af8723d7b,2026-01-22_10h43.31.568,WP1_3,2025.2.3,MacIntel,57.80346821,5cae3e6a47494e0018328cbb,695fcc08e6593b9a696132f7,,,,,,,,,,,,,,,,,,,,,,,,,,,,,,,,,,,,,,,,,315.1341,317.9163,,,,10,317.9169,320.9331,,,"[""right"",""space""]","[2.64520000004768,2.965100000023824]","[null,null]",6,320.9344,322.8326,space,1.8443,,42,Celebrities_Faces/042_rating.jpg,Greta Thunberg,3,Greta Thunberg,3,TRUE,TRUE,9,0,12,12,41,1,42,Celebrities_Faces/042_rating.jpg,Simone Biles,Michelle Obama,Anne Hathaway,Greta Thunberg,Greta Thunberg,,,,,,,,,,,,,,,,,,,,,,,,,,,,,,,,,,,,,,,,,,,,,,,,,,,,,,,,,,,,,,,,,,,
,,,,,6971ff2ad75a932af8723d7b,2026-01-22_10h43.31.568,WP1_3,2025.2.3,MacIntel,57.80346821,5cae3e6a47494e0018328cbb,695fcc08e6593b9a696132f7,,,,,,,,,,,,,,,,,,,,,,,,,,,,,,,,,,,,,,,,,322.8333,326.6665,,,,10,326.6668,329.15,,,"[""right"",""right"",""space""]","[1.8102000000477005,2.0418000000119605,2.419700000047726]","[null,null,null]",7,329.1514,330.5001,space,1.2686,,46,Celebrities_Faces/046_rating.jpg,Emma Stone,1,Emma Stone,1,TRUE,TRUE,10,0,13,13,45,1,46,Celebrities_Faces/046_rating.jpg,Halle Berry,Emma Stone,Emma Watson,Taylor Swift,Emma Stone,,,,,,,,,,,,,,,,,,,,,,,,,,,,,,,,,,,,,,,,,,,,,,,,,,,,,,,,,,,,,,,,,,,
,,,,,6971ff2ad75a932af8723d7b,2026-01-22_10h43.31.568,WP1_3,2025.2.3,MacIntel,57.80346821,5cae3e6a47494e0018328cbb,695fcc08e6593b9a696132f7,,,,,,,,,,,,,,,,,,,,,,,,,,,,,,,,,,,,,,,,,330.5013,335.1,,,,2,335.1006,336.8335,,,"[""space""]",[1.6139000000357555],[null],5,336.835,341.3338,space,4.3778,,44,Celebrities_Faces/044_rating.jpg,Cate Blanchett,1,Cate Blanchett,1,TRUE,FALSE,10,0,14,14,43,1,44,Celebrities_Faces/044_rating.jpg,Angelina Jolie,Cate Blanchett,Natalie Portman,Taylor Swift,Cate Blanchett,,,,,,,,,,,,,,,,,,,,,,,,,,,,,,,,,,,,,,,,,,,,,,,,,,,,,,,,,,,,,,,,,,,
,,,,,6971ff2ad75a932af8723d7b,2026-01-22_10h43.31.568,WP1_3,2025.2.3,MacIntel,57.80346821,5cae3e6a47494e0018328cbb,695fcc08e6593b9a696132f7,,,,,,,,,,,,,,,,,,,,,,,,,,,,,,,,,,,,,,,,,341.3345,343.667,,,,10,343.6676,346.2006,,,"[""right"",""right"",""right"",""space""]","[1.1914000000357987,1.4470000000000027,1.6461000000238641,2.416100000023846]","[null,null,null,null]",8,346.2022,348.3336,space,2.0185,,9,Celebrities_Faces/009_rating.jpg,Bradley Cooper,2,Bradley Cooper,2,TRUE,TRUE,11,0,15,15,8,1,9,Celebrities_Faces/009_rating.jpg,Chris Hemsworth,Tom Cruise,Bradley Cooper,Lebron James,Bradley Cooper,,,,,,,,,,,,,,,,,,,,,,,,,,,,,,,,,,,,,,,,,,,,,,,,,,,,,,,,,,,,,,,,,,,
,,,,,6971ff2ad75a932af8723d7b,2026-01-22_10h43.31.568,WP1_3,2025.2.3,MacIntel,57.80346821,5cae3e6a47494e0018328cbb,695fcc08e6593b9a696132f7,,,,,,,,,,,,,,,,,,,,,,,,,,,,,,,,,,,,,,,,,348.3343,354.3343,,,,9,354.3347,357.9174,,,"[""left"",""left"",""left"",""left"",""left"",""space""]","[1.335199999988049,2.0674999999999955,2.2898999999761145,2.513499999999965,3.2728999999761186,3.5052999999522854]","[null,null,null,null,null,null]",0,357.9189,360.8009,space,2.8184,,55,Celebrities_Faces/055_rating.jpg,Charlize Theron,3,Charlize Theron,3,TRUE,TRUE,12,0,16,16,54,1,55,Celebrities_Faces/055_rating.jpg,Natalie Portman,Margot Robbie,Angelina Jolie,Charlize Theron,Charlize Theron,,,,,,,,,,,,,,,,,,,,,,,,,,,,,,,,,,,,,,,,,,,,,,,,,,,,,,,,,,,,,,,,,,,
,,,,,6971ff2ad75a932af8723d7b,2026-01-22_10h43.31.568,WP1_3,2025.2.3,MacIntel,57.80346821,5cae3e6a47494e0018328cbb,695fcc08e6593b9a696132f7,,,,,,,,,,,,,,,,,,,,,,,,,,,,,,,,,,,,,,,,,360.8016,365.2847,,,,3,365.2856,367.017,,,"[""space""]",[1.5963000000119223],[null],5,367.0189,371.5174,space,4.3652,,5,Celebrities_Faces/005_rating.jpg,Lionel Messi,3,Lebron James,0,FALSE,FALSE,12,0,17,17,4,1,5,Celebrities_Faces/005_rating.jpg,Lionel Messi,Matt Damon,Cristiano Ronaldo,Lebron James,Lionel Messi,,,,,,,,,,,,,,,,,,,,,,,,,,,,,,,,,,,,,,,,,,,,,,,,,,,,,,,,,,,,,,,,,,,
,,,,,6971ff2ad75a932af8723d7b,2026-01-22_10h43.31.568,WP1_3,2025.2.3,MacIntel,57.80346821,5cae3e6a47494e0018328cbb,695fcc08e6593b9a696132f7,,,,,,,,,,,,,,,,,,,,,,,,,,,,,,,,,,,,,,,,,371.5181,375.9847,,,,1,375.9855,377.5847,,,"[""space""]",[1.5689000000357396],[null],5,377.5865,381.368,space,3.7473,,20,Celebrities_Faces/020_rating.jpg,Matt Damon,1,Matt Damon,1,TRUE,FALSE,12,0,18,18,19,1,20,Celebrities_Faces/020_rating.jpg,Tom Cruise,Matt Damon,Chris Evans,Brad Pitt,Matt Damon,,,,,,,,,,,,,,,,,,,,,,,,,,,,,,,,,,,,,,,,,,,,,,,,,,,,,,,,,,,,,,,,,,,
,,,,,6971ff2ad75a932af8723d7b,2026-01-22_10h43.31.568,WP1_3,2025.2.3,MacIntel,57.80346821,5cae3e6a47494e0018328cbb,695fcc08e6593b9a696132f7,,,,,,,,,,,,,,,,,,,,,,,,,,,,,,,,,,,,,,,,,381.3687,386.035,,,,6,386.0358,388.1853,,,"[""space""]",[2.111399999976186],[null],5,388.1873,390.8009,space,2.5713,,19,Celebrities_Faces/019_rating.jpg,Nicolas Cage,0,Nicolas Cage,0,TRUE,FALSE,12,0,19,19,18,1,19,Celebrities_Faces/019_rating.jpg,Nicolas Cage,George W.Bush,Cristiano Ronaldo,Bradley Cooper,Nicolas Cage,,,,,,,,,,,,,,,,,,,,,,,,,,,,,,,,,,,,,,,,,,,,,,,,,,,,,,,,,,,,,,,,,,,
,,,,,6971ff2ad75a932af8723d7b,2026-01-22_10h43.31.568,WP1_3,2025.2.3,MacIntel,57.80346821,5cae3e6a47494e0018328cbb,695fcc08e6593b9a696132f7,,,,,,,,,,,,,,,,,,,,,,,,,,,,,,,,,,,,,,,,,390.8017,393.4182,,,,6,393.4187,395.0017,,,"[""space""]",[1.530200000047671],[null],5,395.0032,397.651,space,2.589,,17,Celebrities_Faces/017_rating.jpg,Hugh Jackman,1,Hugh Jackman,1,TRUE,FALSE,12,0,20,20,16,1,17,Celebrities_Faces/017_rating.jpg,Keanu Reeves,Hugh Jackman,Ewan McGregor,Tom Cruise,Hugh Jackman,,,,,,,,,,,,,,,,,,,,,,,,,,,,,,,,,,,,,,,,,,,,,,,,,,,,,,,,,,,,,,,,,,,
,,,,,6971ff2ad75a932af8723d7b,2026-01-22_10h43.31.568,WP1_3,2025.2.3,MacIntel,57.80346821,5cae3e6a47494e0018328cbb,695fcc08e6593b9a696132f7,,,,,,,,,,,,,,,,,,,,,,,,,,,,,,,,,,,,,,,,,397.6516,400.0007,,,,7,400.0012,402.551,,,"[""space""]",[2.4129000000357905],[null],5,402.553,405.0178,space,2.3188,,37,Celebrities_Faces/037_rating.jpg,Natalie Portman,1,Natalie Portman,1,TRUE,TRUE,13,0,21,21,36,1,37,Celebrities_Faces/037_rating.jpg,Lady Gaga,Natalie Portman,Hillary Clinton,Michelle Obama,Natalie Portman,,,,,,,,,,,,,,,,,,,,,,,,,,,,,,,,,,,,,,,,,,,,,,,,,,,,,,,,,,,,,,,,,,,
,,,,,6971ff2ad75a932af8723d7b,2026-01-22_10h43.31.568,WP1_3,2025.2.3,MacIntel,57.80346821,5cae3e6a47494e0018328cbb,695fcc08e6593b9a696132f7,,,,,,,,,,,,,,,,,,,,,,,,,,,,,,,,,,,,,,,,,405.0185,408.7022,,,,8,408.7028,411.069,,,"[""right"",""space""]","[1.6995000000000005,2.3222999999522926]","[null,null]",6,411.0708,413.0523,space,1.9265,,23,Celebrities_Faces/023_rating.jpg,Ryan Gosling,2,Ryan Gosling,2,TRUE,TRUE,14,0,22,22,22,1,23,Celebrities_Faces/023_rating.jpg,Brad Pitt,Cristiano Ronaldo,Ryan Gosling,Tom Holland,Ryan Gosling,,,,,,,,,,,,,,,,,,,,,,,,,,,,,,,,,,,,,,,,,,,,,,,,,,,,,,,,,,,,,,,,,,,
,,,,,6971ff2ad75a932af8723d7b,2026-01-22_10h43.31.568,WP1_3,2025.2.3,MacIntel,57.80346821,5cae3e6a47494e0018328cbb,695fcc08e6593b9a696132f7,,,,,,,,,,,,,,,,,,,,,,,,,,,,,,,,,,,,,,,,,413.0531,416.3356,,,,10,416.3361,418.9849,,,"[""right"",""right"",""right"",""space""]","[0.8939000000357282,1.1601000000238173,1.3722000000476555,2.589100000023791]","[null,null,null,null]",8,418.9863,421.0515,space,1.9953,,12,Celebrities_Faces/012_rating.jpg,Daniel Radcliffe,3,Daniel Radcliffe,3,TRUE,TRUE,15,0,23,23,11,1,12,Celebrities_Faces/012_rating.jpg,Bruce Willis,Ryan Reynolds,Ewan McGregor,Daniel Radcliffe,Daniel Radcliffe,,,,,,,,,,,,,,,,,,,,,,,,,,,,,,,,,,,,,,,,,,,,,,,,,,,,,,,,,,,,,,,,,,,
,,,,,6971ff2ad75a932af8723d7b,2026-01-22_10h43.31.568,WP1_3,2025.2.3,MacIntel,57.80346821,5cae3e6a47494e0018328cbb,695fcc08e6593b9a696132f7,,,,,,,,,,,,,,,,,,,,,,,,,,,,,,,,,,,,,,,,,421.0522,426.3024,,,,10,426.3031,428.3684,,,"[""right"",""right"",""right"",""space""]","[1.1016999999881136,1.3296999999881223,1.6066000000238319,1.9408000000119614]","[null,null,null,null]",8,428.3697,429.8529,space,1.363,,29,Celebrities_Faces/029_rating.jpg,Tom Holland,0,Tom Holland,0,TRUE,TRUE,16,0,24,24,28,1,29,Celebrities_Faces/029_rating.jpg,Tom Holland,Bradley Cooper,Dwayne Johnson,George W.Bush,Tom Holland,,,,,,,,,,,,,,,,,,,,,,,,,,,,,,,,,,,,,,,,,,,,,,,,,,,,,,,,,,,,,,,,,,,
,,,,,6971ff2ad75a932af8723d7b,2026-01-22_10h43.31.568,WP1_3,2025.2.3,MacIntel,57.80346821,5cae3e6a47494e0018328cbb,695fcc08e6593b9a696132f7,,,,,,,,,,,,,,,,,,,,,,,,,,,,,,,,,,,,,,,,,429.8539,433.4528,,,,10,433.4535,436.1353,,,"[""right"",""space""]","[1.5351000000238741,2.6186999999881095]","[null,null]",6,436.1366,437.4363,space,1.2353,,27,Celebrities_Faces/027_rating.jpg,Keanu Reeves,0,Keanu Reeves,0,TRUE,TRUE,17,0,25,25,26,1,27,Celebrities_Faces/027_rating.jpg,Keanu Reeves,Dwayne Johnson,Bradley Cooper,Daniel Radcliffe,Keanu Reeves,,,,,,,,,,,,,,,,,,,,,,,,,,,,,,,,,,,,,,,,,,,,,,,,,,,,,,,,,,,,,,,,,,,
,,,,,6971ff2ad75a932af8723d7b,2026-01-22_10h43.31.568,WP1_3,2025.2.3,MacIntel,57.80346821,5cae3e6a47494e0018328cbb,695fcc08e6593b9a696132f7,,,,,,,,,,,,,,,,,,,,,,,,,,,,,,,,,,,,,,,,,437.4371,441.8528,,,,9,441.8534,444.9195,,,"[""right"",""space""]","[1.8545999999642504,3.0163999999761586]","[null,null]",6,444.921,447.0866,space,2.1167,,31,Celebrities_Faces/031_rating.jpg,Sandra Bullock,3,Sandra Bullock,3,TRUE,TRUE,18,0,26,26,30,1,31,Celebrities_Faces/031_rating.jpg,Michelle Obama,Emma Watson,Halle Berry,Sandra Bullock,Sandra Bullock,,,,,,,,,,,,,,,,,,,,,,,,,,,,,,,,,,,,,,,,,,,,,,,,,,,,,,,,,,,,,,,,,,,
,,,,,6971ff2ad75a932af8723d7b,2026-01-22_10h43.31.568,WP1_3,2025.2.3,MacIntel,57.80346821,5cae3e6a47494e0018328cbb,695fcc08e6593b9a696132f7,,,,,,,,,,,,,,,,,,,,,,,,,,,,,,,,,,,,,,,,,447.0874,451.6699,,,,8,451.6704,453.9362,,,"[""right"",""space""]","[1.8290000000000077,2.0178000000119027]","[null,null]",6,453.9376,455.8534,space,1.6671,,41,Celebrities_Faces/041_rating.jpg,Halle Berry,2,Halle Berry,2,TRUE,TRUE,19,0,27,27,40,1,41,Celebrities_Faces/041_rating.jpg,Lady Gaga,Greta Thunberg,Halle Berry,Serena Williams,Halle Berry,,,,,,,,,,,,,,,,,,,,,,,,,,,,,,,,,,,,,,,,,,,,,,,,,,,,,,,,,,,,,,,,,,,
,,,,,6971ff2ad75a932af8723d7b,2026-01-22_10h43.31.568,WP1_3,2025.2.3,MacIntel,57.80346821,5cae3e6a47494e0018328cbb,695fcc08e6593b9a696132f7,,,,,,,,,,,,,,,,,,,,,,,,,,,,,,,,,,,,,,,,,455.8544,458.9525,,,,10,458.953,461.5701,,,"[""right"",""right"",""right"",""right"",""space""]","[0.7186999999880754,0.9685000000000059,1.1893999999761604,1.4025999999641954,2.486399999976129]","[null,null,null,null,null]",9,461.5715,462.9203,space,1.2161,,33,Celebrities_Faces/033_rating.jpg,Simone Biles,1,Simone Biles,1,TRUE,TRUE,20,0,28,28,32,1,33,Celebrities_Faces/033_rating.jpg,Greta Thunberg,Simone Biles,Lindsay Lohan,Anya Taylor-Joy,Simone Biles,,,,,,,,,,,,,,,,,,,,,,,,,,,,,,,,,,,,,,,,,,,,,,,,,,,,,,,,,,,,,,,,,,,
,,,,,6971ff2ad75a932af8723d7b,2026-01-22_10h43.31.568,WP1_3,2025.2.3,MacIntel,57.80346821,5cae3e6a47494e0018328cbb,695fcc08e6593b9a696132f7,,,,,,,,,,,,,,,,,,,,,,,,,,,,,,,,,,,,,,,,,462.921,468.2368,,,,9,468.2374,470.437,,,"[""right"",""right"",""space""]","[1.1210999999642581,1.4900999999642863,2.082599999964259]","[null,null,null]",7,470.4383,472.204,space,1.6336,,51,Celebrities_Faces/051_rating.jpg,Margot Robbie,0,Margot Robbie,0,TRUE,TRUE,21,0,29,29,50,1,51,Celebrities_Faces/051_rating.jpg,Margot Robbie,Halle Berry,Emma Watson,Julia Roberts,Margot Robbie,,,,,,,,,,,,,,,,,,,,,,,,,,,,,,,,,,,,,,,,,,,,,,,,,,,,,,,,,,,,,,,,,,,
,,,,,6971ff2ad75a932af8723d7b,2026-01-22_10h43.31.568,WP1_3,2025.2.3,MacIntel,57.80346821,5cae3e6a47494e0018328cbb,695fcc08e6593b9a696132f7,,,,,,,,,,,,,,,,,,,,,,,,,,,,,,,,,,,,,,,,,472.2048,475.5539,,,,0,475.5544,477.2704,,,"[""left"",""right"",""space""]","[0.7302000000477165,1.3644000000357437,1.664400000035755]","[null,null,null]",5,477.2719,479.7872,space,2.476,,15,Celebrities_Faces/015_rating.jpg,Harrison Ford,2,Harrison Ford,2,TRUE,FALSE,21,0,30,30,14,1,15,Celebrities_Faces/015_rating.jpg,Lionel Messi,Daniel Radcliffe,Harrison Ford,Brad Pitt,Harrison Ford,,,,,,,,,,,,,,,,,,,,,,,,,,,,,,,,,,,,,,,,,,,,,,,,,,,,,,,,,,,,,,,,,,,
,,,,,6971ff2ad75a932af8723d7b,2026-01-22_10h43.31.568,WP1_3,2025.2.3,MacIntel,57.80346821,5cae3e6a47494e0018328cbb,695fcc08e6593b9a696132f7,,,,,,,,,,,,,,,,,,,,,,,,,,,,,,,,,,,,,,,,,479.7879,483.9042,,,,7,483.9047,485.5876,,,"[""space""]",[1.6403000000118482],[null],5,485.589,488.1206,space,2.4918,,53,Celebrities_Faces/053_rating.jpg,Keira Knightley,3,Keira Knightley,3,TRUE,TRUE,22,0,31,31,52,1,53,Celebrities_Faces/053_rating.jpg,Anne Hathaway,Emma Stone,Olivia Rodrigo,Keira Knightley,Keira Knightley,,,,,,,,,,,,,,,,,,,,,,,,,,,,,,,,,,,,,,,,,,,,,,,,,,,,,,,,,,,,,,,,,,,
,,,,,6971ff2ad75a932af8723d7b,2026-01-22_10h43.31.568,WP1_3,2025.2.3,MacIntel,57.80346821,5cae3e6a47494e0018328cbb,695fcc08e6593b9a696132f7,,,,,,,,,,,,,,,,,,,,,,,,,,,,,,,,,,,,,,,,,488.1212,490.2869,,,,10,490.2876,492.5042,,,"[""right"",""right"",""right"",""space""]","[0.5393000000118491,1.0569000000357391,1.808499999999981,2.1282000000476273]","[null,null,null,null]",8,492.5055,493.7376,space,1.1468,,1,Celebrities_Faces/001_rating.jpg,Leonardo Di Caprio,2,Leonardo Di Caprio,2,TRUE,TRUE,23,0,32,32,0,1,1,Celebrities_Faces/001_rating.jpg,Ben Affleck,Daniel Craig,Leonardo Di Caprio,Roger Federer,Leonardo Di Caprio,,,,,,,,,,,,,,,,,,,,,,,,,,,,,,,,,,,,,,,,,,,,,,,,,,,,,,,,,,,,,,,,,,,
,,,,,6971ff2ad75a932af8723d7b,2026-01-22_10h43.31.568,WP1_3,2025.2.3,MacIntel,57.80346821,5cae3e6a47494e0018328cbb,695fcc08e6593b9a696132f7,,,,,,,,,,,,,,,,,,,,,,,,,,,,,,,,,,,,,,,,,493.7383,498.1371,,,,5,498.1377,499.7211,,,"[""space""]",[1.54849999999999],[null],5,499.7226,505.704,space,5.9436,,16,Celebrities_Faces/016_rating.jpg,Ewan McGregor,1,Robert De Niro,0,FALSE,FALSE,23,0,33,33,15,1,16,Celebrities_Faces/016_rating.jpg,Ewan McGregor,Robert De Niro,Lionel Messi,Leonardo Di Caprio,Ewan McGregor,,,,,,,,,,,,,,,,,,,,,,,,,,,,,,,,,,,,,,,,,,,,,,,,,,,,,,,,,,,,,,,,,,,
,,,,,6971ff2ad75a932af8723d7b,2026-01-22_10h43.31.568,WP1_3,2025.2.3,MacIntel,57.80346821,5cae3e6a47494e0018328cbb,695fcc08e6593b9a696132f7,,,,,,,,,,,,,,,,,,,,,,,,,,,,,,,,,,,,,,,,,505.7047,509.254,,,,2,509.2545,510.8546,,,"[""space""]",[1.4963000000119564],[null],5,510.856,514.2039,space,3.2527,,40,Celebrities_Faces/040_rating.jpg,Gal Gadot,1,Maria Sharapova,0,FALSE,FALSE,23,0,34,34,39,1,40,Celebrities_Faces/040_rating.jpg,Gal Gadot,Maria Sharapova,Taylor Swift,Nicole Kidman,Gal Gadot,,,,,,,,,,,,,,,,,,,,,,,,,,,,,,,,,,,,,,,,,,,,,,,,,,,,,,,,,,,,,,,,,,,
,,,,,6971ff2ad75a932af8723d7b,2026-01-22_10h43.31.568,WP1_3,2025.2.3,MacIntel,57.80346821,5cae3e6a47494e0018328cbb,695fcc08e6593b9a696132f7,,,,,,,,,,,,,,,,,,,,,,,,,,,,,,,,,,,,,,,,,514.2045,516.4714,,,,10,516.4719,520.3217,,,"[""right"",""right"",""right"",""space""]","[1.6197999999523063,1.8413999999761472,2.040699999988078,3.80809999996427]","[null,null,null,null]",8,520.3231,522.222,space,1.8631,,4,Celebrities_Faces/004_rating.jpg,Cristiano Ronaldo,3,Cristiano Ronaldo,3,TRUE,TRUE,24,0,35,35,3,1,4,Celebrities_Faces/004_rating.jpg,Matt Damon,Robert De Niro,Denzel Washighton,Cristiano Ronaldo,Cristiano Ronaldo,,,,,,,,,,,,,,,,,,,,,,,,,,,,,,,,,,,,,,,,,,,,,,,,,,,,,,,,,,,,,,,,,,,
,,,,,6971ff2ad75a932af8723d7b,2026-01-22_10h43.31.568,WP1_3,2025.2.3,MacIntel,57.80346821,5cae3e6a47494e0018328cbb,695fcc08e6593b9a696132f7,,,,,,,,,,,,,,,,,,,,,,,,,,,,,,,,,,,,,,,,,522.2227,524.6219,,,,10,524.6226,526.822,,,"[""right"",""right"",""right"",""right"",""space""]","[0.5023000000119282,0.7204999999999018,0.9976000000237946,1.8354000000357473,2.1222000000476555]","[null,null,null,null,null]",9,526.8233,528.0553,space,1.1514,,59,Celebrities_Faces/059_rating.jpg,Michelle Obama,0,Michelle Obama,0,TRUE,TRUE,25,0,36,36,58,1,59,Celebrities_Faces/059_rating.jpg,Michelle Obama,Emma Watson,Millie Bobby Brown,Margot Robbie,Michelle Obama,,,,,,,,,,,,,,,,,,,,,,,,,,,,,,,,,,,,,,,,,,,,,,,,,,,,,,,,,,,,,,,,,,,
,,,,,6971ff2ad75a932af8723d7b,2026-01-22_10h43.31.568,WP1_3,2025.2.3,MacIntel,57.80346821,5cae3e6a47494e0018328cbb,695fcc08e6593b9a696132f7,,,,,,,,,,,,,,,,,,,,,,,,,,,,,,,,,,,,,,,,,528.056,531.5378,,,,0,531.5384,532.9215,,,"[""space""]",[1.322199999988129],[null],5,532.9233,535.7384,space,2.7526,,25,Celebrities_Faces/025_rating.jpg,Robert De Niro,0,Bruce Willis,2,FALSE,FALSE,25,0,37,37,24,1,25,Celebrities_Faces/025_rating.jpg,Bruce Willis,Arnold Schwarzeneger,Robert De Niro,Leonardo Di Caprio,Robert De Niro,,,,,,,,,,,,,,,,,,,,,,,,,,,,,,,,,,,,,,,,,,,,,,,,,,,,,,,,,,,,,,,,,,,
,,,,,6971ff2ad75a932af8723d7b,2026-01-22_10h43.31.568,WP1_3,2025.2.3,MacIntel,57.80346821,5cae3e6a47494e0018328cbb,695fcc08e6593b9a696132f7,,,,,,,,,,,,,,,,,,,,,,,,,,,,,,,,,,,,,,,,,535.7392,538.6889,,,,3,538.6894,540.6054,,,"[""space""]",[1.8538000000119155],[null],5,540.6066,542.9558,space,2.3047,,21,Celebrities_Faces/021_rating.jpg,Henri Canvill,0,Henri Canvill,0,TRUE,FALSE,25,0,38,38,20,1,21,Celebrities_Faces/021_rating.jpg,Henri Canvill,George Clooney,Bradley Cooper,Tom Holland,Henri Canvill,,,,,,,,,,,,,,,,,,,,,,,,,,,,,,,,,,,,,,,,,,,,,,,,,,,,,,,,,,,,,,,,,,,
,,,,,6971ff2ad75a932af8723d7b,2026-01-22_10h43.31.568,WP1_3,2025.2.3,MacIntel,57.80346821,5cae3e6a47494e0018328cbb,695fcc08e6593b9a696132f7,,,,,,,,,,,,,,,,,,,,,,,,,,,,,,,,,,,,,,,,,542.9567,545.8893,,,,6,545.89,547.3223,,,"[""space""]",[1.371499999999969],[null],5,547.3235,550.4226,space,3.04,,7,Celebrities_Faces/007_rating.jpg,Ben Affleck,0,Ben Affleck,0,TRUE,FALSE,25,0,39,39,6,1,7,Celebrities_Faces/007_rating.jpg,Ben Affleck,Nicolas Cage,Henri Canvill,Leonardo Di Caprio,Ben Affleck,,,,,,,,,,,,,,,,,,,,,,,,,,,,,,,,,,,,,,,,,,,,,,,,,,,,,,,,,,,,,,,,,,,
,,,,,6971ff2ad75a932af8723d7b,2026-01-22_10h43.31.568,WP1_3,2025.2.3,MacIntel,57.80346821,5cae3e6a47494e0018328cbb,695fcc08e6593b9a696132f7,,,,,,,,,,,,,,,,,,,,,,,,,,,,,,,,,,,,,,,,,550.4232,553.8895,,,,10,553.8901,556.1224,,,"[""right"",""right"",""right"",""space""]","[0.9256000000237918,1.2097000000476328,1.5091000000238637,2.1913000000118927]","[null,null,null,null]",8,556.1236,558.0056,space,1.8596,,52,Celebrities_Faces/052_rating.jpg,Emma Watson,3,Emma Watson,3,TRUE,TRUE,26,0,40,40,51,1,52,Celebrities_Faces/052_rating.jpg,Anne Hathaway,Natalie Portman,Hillary Clinton,Emma Watson,Emma Watson,,,,,,,,,,,,,,,,,,,,,,,,,,,,,,,,,,,,,,,,,,,,,,,,,,,,,,,,,,,,,,,,,,,
,,,,,6971ff2ad75a932af8723d7b,2026-01-22_10h43.31.568,WP1_3,2025.2.3,MacIntel,57.80346821,5cae3e6a47494e0018328cbb,695fcc08e6593b9a696132f7,,,,,,,,,,,,,,,,,,,,,,,,,,,,,,,,,,,,,,,,,558.0065,560.6895,,,,10,560.69,563.2555,,,"[""right"",""right"",""space""]","[0.42430000001195367,1.6649999999999636,2.414699999988102]","[null,null,null]",7,563.2568,564.8391,space,1.4332,,18,Celebrities_Faces/018_rating.jpg,Chris Hemsworth,0,Chris Hemsworth,0,TRUE,TRUE,27,0,41,41,17,1,18,Celebrities_Faces/018_rating.jpg,Chris Hemsworth,Leonardo Di Caprio,Nicolas Cage,Tom Cruise,Chris Hemsworth,,,,,,,,,,,,,,,,,,,,,,,,,,,,,,,,,,,,,,,,,,,,,,,,,,,,,,,,,,,,,,,,,,,
,,,,,6971ff2ad75a932af8723d7b,2026-01-22_10h43.31.568,WP1_3,2025.2.3,MacIntel,57.80346821,5cae3e6a47494e0018328cbb,695fcc08e6593b9a696132f7,,,,,,,,,,,,,,,,,,,,,,,,,,,,,,,,,,,,,,,,,564.8399,568.2398,,,,0,568.2403,569.7565,,,"[""space""]",[1.3953000000119573],[null],5,569.758,574.1895,space,4.3217,,22,Celebrities_Faces/022_rating.jpg,Lebron James,3,Lebron James,3,TRUE,FALSE,27,0,42,42,21,1,22,Celebrities_Faces/022_rating.jpg,George W.Bush,Lionel Messi,Leonardo Di Caprio,Lebron James,Lebron James,,,,,,,,,,,,,,,,,,,,,,,,,,,,,,,,,,,,,,,,,,,,,,,,,,,,,,,,,,,,,,,,,,,
,,,,,6971ff2ad75a932af8723d7b,2026-01-22_10h43.31.568,WP1_3,2025.2.3,MacIntel,57.80346821,5cae3e6a47494e0018328cbb,695fcc08e6593b9a696132f7,,,,,,,,,,,,,,,,,,,,,,,,,,,,,,,,,,,,,,,,,574.1897,577.9225,,,,10,577.9231,579.8398,,,"[""right"",""right"",""space""]","[1.3128000000118618,1.5164999999999509,1.8310999999641808]","[null,null,null]",7,579.8408,581.5733,space,1.6526,,26,Celebrities_Faces/026_rating.jpg,George Clooney,2,George Clooney,2,TRUE,TRUE,28,0,43,43,25,1,26,Celebrities_Faces/026_rating.jpg,Robert De Niro,Ewan McGregor,George Clooney,Daniel Radcliffe,George Clooney,,,,,,,,,,,,,,,,,,,,,,,,,,,,,,,,,,,,,,,,,,,,,,,,,,,,,,,,,,,,,,,,,,,
,,,,,6971ff2ad75a932af8723d7b,2026-01-22_10h43.31.568,WP1_3,2025.2.3,MacIntel,57.80346821,5cae3e6a47494e0018328cbb,695fcc08e6593b9a696132f7,,,,,,,,,,,,,,,,,,,,,,,,,,,,,,,,,,,,,,,,,581.5741,583.9734,,,,7,583.9739,586.8235,,,"[""right"",""space""]","[2.493800000011902,2.785600000023919]","[null,null]",6,586.8249,588.6906,space,1.7809,,54,Celebrities_Faces/054_rating.jpg,Julia Roberts,0,Julia Roberts,0,TRUE,TRUE,29,0,44,44,53,1,54,Celebrities_Faces/054_rating.jpg,Julia Roberts,Anne Hathaway,Olivia Rodrigo,Simone Biles,Julia Roberts,,,,,,,,,,,,,,,,,,,,,,,,,,,,,,,,,,,,,,,,,,,,,,,,,,,,,,,,,,,,,,,,,,,
,,,,,6971ff2ad75a932af8723d7b,2026-01-22_10h43.31.568,WP1_3,2025.2.3,MacIntel,57.80346821,5cae3e6a47494e0018328cbb,695fcc08e6593b9a696132f7,,,,,,,,,,,,,,,,,,,,,,,,,,,,,,,,,,,,,,,,,588.6916,591.0069,,,,9,591.0075,593.2902,,,"[""right"",""space""]","[1.2805999999642381,2.1518999999761945]","[null,null]",6,593.2913,595.5731,space,2.1652,,32,Celebrities_Faces/032_rating.jpg,Anne Hathaway,1,Anne Hathaway,1,TRUE,TRUE,30,0,45,45,31,1,32,Celebrities_Faces/032_rating.jpg,Charlize Theron,Anne Hathaway,Gal Gadot,Millie Bobby Brown,Anne Hathaway,,,,,,,,,,,,,,,,,,,,,,,,,,,,,,,,,,,,,,,,,,,,,,,,,,,,,,,,,,,,,,,,,,,
,,,,,6971ff2ad75a932af8723d7b,2026-01-22_10h43.31.568,WP1_3,2025.2.3,MacIntel,57.80346821,5cae3e6a47494e0018328cbb,695fcc08e6593b9a696132f7,,,,,,,,,,,,,,,,,,,,,,,,,,,,,,,,,,,,,,,,,595.5738,598.4404,,,,9,598.4408,600.424,,,"[""right"",""right"",""space""]","[1.1939000000357964,1.5479000000357246,1.89340000003574]","[null,null,null]",7,600.4254,601.4906,space,0.9695,,60,Celebrities_Faces/060_rating.jpg,Anya Taylor-Joy,1,Anya Taylor-Joy,1,TRUE,TRUE,31,0,46,46,59,1,60,Celebrities_Faces/060_rating.jpg,Emma Stone,Anya Taylor-Joy,Michelle Obama,Halle Berry,Anya Taylor-Joy,,,,,,,,,,,,,,,,,,,,,,,,,,,,,,,,,,,,,,,,,,,,,,,,,,,,,,,,,,,,,,,,,,,
,,,,,6971ff2ad75a932af8723d7b,2026-01-22_10h43.31.568,WP1_3,2025.2.3,MacIntel,57.80346821,5cae3e6a47494e0018328cbb,695fcc08e6593b9a696132f7,,,,,,,,,,,,,,,,,,,,,,,,,,,,,,,,,,,,,,,,,601.4915,603.5074,,,,10,603.5079,605.4906,,,"[""right"",""right"",""right"",""space""]","[0.5478999999761527,0.9611999999880254,1.20980000001191,1.8868999999760945]","[null,null,null,null]",8,605.492,607.0406,space,1.4522,,50,Celebrities_Faces/050_rating.jpg,Millie Bobby Brown,2,Millie Bobby Brown,2,TRUE,TRUE,32,0,47,47,49,1,50,Celebrities_Faces/050_rating.jpg,Taylor Swift,Cameron Diaz,Millie Bobby Brown,Michelle Obama,Millie Bobby Brown,,,,,,,,,,,,,,,,,,,,,,,,,,,,,,,,,,,,,,,,,,,,,,,,,,,,,,,,,,,,,,,,,,,
,,,,,6971ff2ad75a932af8723d7b,2026-01-22_10h43.31.568,WP1_3,2025.2.3,MacIntel,57.80346821,5cae3e6a47494e0018328cbb,695fcc08e6593b9a696132f7,,,,,,,,,,,,,,,,,,,,,,,,,,,,,,,,,,,,,,,,,607.0413,611.2741,,,,1,611.2746,612.9242,,,"[""space""]",[1.5230000000000246],[null],5,612.9256,617.4244,space,4.372,,10,Celebrities_Faces/010_rating.jpg,Bruce Willis,0,Bruce Willis,0,TRUE,FALSE,32,0,48,48,9,1,10,Celebrities_Faces/010_rating.jpg,Bruce Willis,Arnold Schwarzeneger,George Clooney,Robert De Niro,Bruce Willis,,,,,,,,,,,,,,,,,,,,,,,,,,,,,,,,,,,,,,,,,,,,,,,,,,,,,,,,,,,,,,,,,,,
,,,,,6971ff2ad75a932af8723d7b,2026-01-22_10h43.31.568,WP1_3,2025.2.3,MacIntel,57.80346821,5cae3e6a47494e0018328cbb,695fcc08e6593b9a696132f7,,,,,,,,,,,,,,,,,,,,,,,,,,,,,,,,,,,,,,,,,617.4252,619.8902,,,,10,619.8907,622.2245,,,"[""right"",""right"",""right"",""space""]","[0.9186000000238437,1.1539999999999964,1.7355000000000018,2.2023999999761372]","[null,null,null,null]",8,622.2264,623.4078,space,1.0604,,48,Celebrities_Faces/048_rating.jpg,Jennifer Lawrence,0,Jennifer Lawrence,0,TRUE,TRUE,33,0,49,49,47,1,48,Celebrities_Faces/048_rating.jpg,Jennifer Lawrence,Lady Gaga,Anne Hathaway,Emma Stone,Jennifer Lawrence,,,,,,,,,,,,,,,,,,,,,,,,,,,,,,,,,,,,,,,,,,,,,,,,,,,,,,,,,,,,,,,,,,,
,,,,,6971ff2ad75a932af8723d7b,2026-01-22_10h43.31.568,WP1_3,2025.2.3,MacIntel,57.80346821,5cae3e6a47494e0018328cbb,695fcc08e6593b9a696132f7,,,,,,,,,,,,,,,,,,,,,,,,,,,,,,,,,,,,,,,,,623.4086,625.7909,,,,10,625.7914,627.3578,,,"[""right"",""space""]","[0.3431000000239237,1.4510000000000218]","[null,null]",10,627.3589,629.1081,space,1.6237,,45,Celebrities_Faces/045_rating.jpg,Cameron Diaz,3,Cameron Diaz,3,TRUE,TRUE,34,0,50,50,44,1,45,Celebrities_Faces/045_rating.jpg,Taylor Swift,Natalie Portman,Maria Sharapova,Cameron Diaz,Cameron Diaz,,,,,,,,,,,,,,,,,,,,,,,,,,,,,,,,,,,,,,,,,,,,,,,,,,,,,,,,,,,,,,,,,,,
,,,,,6971ff2ad75a932af8723d7b,2026-01-22_10h43.31.568,WP1_3,2025.2.3,MacIntel,57.80346821,5cae3e6a47494e0018328cbb,695fcc08e6593b9a696132f7,,,,,,,,,,,,,,,,,,,,,,,,,,,,,,,,,,,,,,,,,629.1089,631.3744,,,,10,631.375,633.108,,,"[""right"",""right"",""space""]","[1.1210000000000946,1.3278000000119619,1.6612000000477565]","[null,null,null]",7,633.1095,634.6414,space,1.4459,,28,Celebrities_Faces/028_rating.jpg,Dwayne Johnson,0,Dwayne Johnson,0,TRUE,TRUE,35,0,51,51,27,1,28,Celebrities_Faces/028_rating.jpg,Dwayne Johnson,Ryan Reynolds,Bradley Cooper,Lionel Messi,Dwayne Johnson,,,,,,,,,,,,,,,,,,,,,,,,,,,,,,,,,,,,,,,,,,,,,,,,,,,,,,,,,,,,,,,,,,,
,,,,,6971ff2ad75a932af8723d7b,2026-01-22_10h43.31.568,WP1_3,2025.2.3,MacIntel,57.80346821,5cae3e6a47494e0018328cbb,695fcc08e6593b9a696132f7,,,,,,,,,,,,,,,,,,,,,,,,,,,,,,,,,,,,,,,,,634.642,637.2248,,,,8,637.2253,640.0248,,,"[""right"",""space""]","[1.5888000000119291,2.7726999999881627]","[null,null]",6,640.0257,641.5414,space,1.4969,,56,Celebrities_Faces/056_rating.jpg,Reese Witherspoon,0,Reese Witherspoon,0,TRUE,TRUE,36,0,52,52,55,1,56,Celebrities_Faces/056_rating.jpg,Reese Witherspoon,Sandra Bullock,Nicole Kidman,Halle Berry,Reese Witherspoon,,,,,,,,,,,,,,,,,,,,,,,,,,,,,,,,,,,,,,,,,,,,,,,,,,,,,,,,,,,,,,,,,,,
,,,,,6971ff2ad75a932af8723d7b,2026-01-22_10h43.31.568,WP1_3,2025.2.3,MacIntel,57.80346821,5cae3e6a47494e0018328cbb,695fcc08e6593b9a696132f7,,,,,,,,,,,,,,,,,,,,,,,,,,,,,,,,,,,,,,,,,641.5423,645.0244,,,,0,645.025,646.3249,,,"[""space""]",[1.2352999999523036],[null],5,646.326,649.3254,space,2.9291,,43,Celebrities_Faces/043_rating.jpg,Maria Sharapova,3,Maria Sharapova,3,TRUE,FALSE,36,0,53,53,42,1,43,Celebrities_Faces/043_rating.jpg,Michelle Obama,Taylor Swift,Greta Thunberg,Maria Sharapova,Maria Sharapova,,,,,,,,,,,,,,,,,,,,,,,,,,,,,,,,,,,,,,,,,,,,,,,,,,,,,,,,,,,,,,,,,,,
,,,,,6971ff2ad75a932af8723d7b,2026-01-22_10h43.31.568,WP1_3,2025.2.3,MacIntel,57.80346821,5cae3e6a47494e0018328cbb,695fcc08e6593b9a696132f7,,,,,,,,,,,,,,,,,,,,,,,,,,,,,,,,,,,,,,,,,649.326,652.6585,,,,1,652.659,654.0755,,,"[""space""]",[1.3724000000356682],[null],5,654.077,658.7414,space,4.6102,,6,Celebrities_Faces/006_rating.jpg,Arnold Schwarzeneger,0,Arnold Schwarzeneger,0,TRUE,FALSE,36,0,54,54,5,1,6,Celebrities_Faces/006_rating.jpg,Arnold Schwarzeneger,Dwayne Johnson,Tom Cruise,Ryan Reynolds,Arnold Schwarzeneger,,,,,,,,,,,,,,,,,,,,,,,,,,,,,,,,,,,,,,,,,,,,,,,,,,,,,,,,,,,,,,,,,,,
,,,,,6971ff2ad75a932af8723d7b,2026-01-22_10h43.31.568,WP1_3,2025.2.3,MacIntel,57.80346821,5cae3e6a47494e0018328cbb,695fcc08e6593b9a696132f7,,,,,,,,,,,,,,,,,,,,,,,,,,,,,,,,,,,,,,,,,658.7422,662.0596,,,,3,662.0602,664.042,,,"[""left"",""right"",""space""]","[0.0037000000477291906,1.4993000000119991,1.8522000000477874]","[null,null,null]",5,664.0433,666.3091,space,2.1312,,3,Celebrities_Faces/003_rating.jpg,Roger Federer,2,Roger Federer,2,TRUE,FALSE,36,0,55,55,2,1,3,Celebrities_Faces/003_rating.jpg,Dwayne Johnson,Keanu Reeves,Roger Federer,Ben Affleck,Roger Federer,,,,,,,,,,,,,,,,,,,,,,,,,,,,,,,,,,,,,,,,,,,,,,,,,,,,,,,,,,,,,,,,,,,
,,,,,6971ff2ad75a932af8723d7b,2026-01-22_10h43.31.568,WP1_3,2025.2.3,MacIntel,57.80346821,5cae3e6a47494e0018328cbb,695fcc08e6593b9a696132f7,,,,,,,,,,,,,,,,,,,,,,,,,,,,,,,,,,,,,,,,,666.3097,668.4423,,,,10,668.4429,670.2421,,,"[""right"",""right"",""right"",""right"",""right"",""space""]","[0.6268999999761036,0.8621000000238155,1.0426999999880309,1.2638999999761609,1.4773000000118373,1.7263999999761381]","[null,null,null,null,null,null]",10,670.2435,671.9259,space,1.6113,,34,Celebrities_Faces/034_rating.jpg,Angelina Jolie,2,Angelina Jolie,2,TRUE,TRUE,37,0,56,56,33,1,34,Celebrities_Faces/034_rating.jpg,Anya Taylor-Joy,Maria Sharapova,Angelina Jolie,Nicole Kidman,Angelina Jolie,,,,,,,,,,,,,,,,,,,,,,,,,,,,,,,,,,,,,,,,,,,,,,,,,,,,,,,,,,,,,,,,,,,
,,,,,6971ff2ad75a932af8723d7b,2026-01-22_10h43.31.568,WP1_3,2025.2.3,MacIntel,57.80346821,5cae3e6a47494e0018328cbb,695fcc08e6593b9a696132f7,,,,,,,,,,,,,,,,,,,,,,,,,,,,,,,,,,,,,,,,,671.9267,673.8924,,,,10,673.8929,675.7259,,,"[""right"",""right"",""space""]","[0.899799999952279,1.3318999999761445,1.7483999999760726]","[null,null,null]",7,675.7272,677.4424,space,1.6333,,38,Celebrities_Faces/038_rating.jpg,Taylor Swift,3,Taylor Swift,3,TRUE,TRUE,38,0,57,57,37,1,38,Celebrities_Faces/038_rating.jpg,Keira Knightley,Scarlett Johansson,Margot Robbie,Taylor Swift,Taylor Swift,,,,,,,,,,,,,,,,,,,,,,,,,,,,,,,,,,,,,,,,,,,,,,,,,,,,,,,,,,,,,,,,,,,
,,,,,6971ff2ad75a932af8723d7b,2026-01-22_10h43.31.568,WP1_3,2025.2.3,MacIntel,57.80346821,5cae3e6a47494e0018328cbb,695fcc08e6593b9a696132f7,,,,,,,,,,,,,,,,,,,,,,,,,,,,,,,,,,,,,,,,,677.4431,681.1091,,,,10,681.1096,683.5424,,,"[""right"",""right"",""space""]","[1.3940000000000055,1.9168000000119036,2.33480000001191]","[null,null,null]",7,683.5439,685.2596,space,1.6174,,8,Celebrities_Faces/008_rating.jpg,Brad Pitt,3,Brad Pitt,3,TRUE,TRUE,39,0,58,58,7,1,8,Celebrities_Faces/008_rating.jpg,Cristiano Ronaldo,Daniel Craig,Lionel Messi,Brad Pitt,Brad Pitt,,,,,,,,,,,,,,,,,,,,,,,,,,,,,,,,,,,,,,,,,,,,,,,,,,,,,,,,,,,,,,,,,,,
,,,,,6971ff2ad75a932af8723d7b,2026-01-22_10h43.31.568,WP1_3,2025.2.3,MacIntel,57.80346821,5cae3e6a47494e0018328cbb,695fcc08e6593b9a696132f7,,,,,,,,,,,,,,,,,,,,,,,,,,,,,,,,,,,,,,,,,685.2607,687.5763,,,,10,687.577,690.2094,,,"[""right"",""right"",""space""]","[1.0496999999880927,2.397800000011898,2.5864000000357237]","[null,null,null]",7,690.2107,691.8422,space,1.5782,,58,Celebrities_Faces/058_rating.jpg,Nicole Kidman,2,Nicole Kidman,2,TRUE,TRUE,40,0,59,59,57,1,58,Celebrities_Faces/058_rating.jpg,Millie Bobby Brown,Greta Thunberg,Nicole Kidman,Julia Roberts,Nicole Kidman,,,,,,,,,,,,,,,,,,,,,,,,,,,,,,,,,,,,,,,,,,,,,,,,,,,,,,,,,,,,,,,,,,,
,,,,,6971ff2ad75a932af8723d7b,2026-01-22_10h43.31.568,WP1_3,2025.2.3,MacIntel,57.80346821,5cae3e6a47494e0018328cbb,695fcc08e6593b9a696132f7,,,,,,,,,,,,,,,,,,,,,,,,,,,,,,,,,,,,,,,,,,,,,,,,,,,,,,,,,,,,,,,,,,,,,,,,,,,,,,,,,top_30_qualified_by_familiarity,30,"36,57,14,49,47,42,46,9,12,29,27,33,1,4,59,52,18,26,50,48,45,28,34,38,8,58,30,55,31,51",691.8435,711.8435,,,,,,,,,,,,,,,,,,,,,,,,,,,,,,,,,,,,,,,,,,,,,,,,,,,,,,,,,,,,,,
,,,,,6971ff2ad75a932af8723d7b,2026-01-22_10h43.31.568,WP1_3,2025.2.3,MacIntel,57.80346821,5cae3e6a47494e0018328cbb,695fcc08e6593b9a696132f7,,,,,,,,,,,,,,,,,,,,,,,,,,,,,,,,,,,,,,,,,,,,,,,,,,,,,,,,,,,,,,,,,,,,,,,,,,,,,,,,,,,,,,711.845,711.8453,,,,,,,,,,,,,,,,,,,,,,,,,,,,,,,,,,,,,,,,,,,,,,,,,,,,,,,,,,,,
,,,,,6971ff2ad75a932af8723d7b,2026-01-22_10h43.31.568,WP1_3,2025.2.3,MacIntel,57.80346821,5cae3e6a47494e0018328cbb,695fcc08e6593b9a696132f7,,,,,,,,,,,,,,,,,,,,,,,,,,,,,,,,,,,,,,,,,,,,,,,,,,,,,,,,,,,,,,,,,,,,,,,,,,,,,,,,,,,,,,,,711.8454,722.76,space,10.8859,,,,,,,,,,,,,,,,,,,,,,,,,,,,,,,,,,,,,,,,,,,,,,,,,,,,,,,,
,,,,,6971ff2ad75a932af8723d7b,2026-01-22_10h43.31.568,WP1_3,2025.2.3,MacIntel,57.80346821,5cae3e6a47494e0018328cbb,695fcc08e6593b9a696132f7,,,,,,,,,,,,,,,,,,,,,,,,,,,,,,,,,,,,,,,,,,,,,,,,,,,,,,,,,,,,,,,,,,,,,,,,,,,,,,,,,,,,,,,,,,,,,722.7601,730.0942,space,7.3161,,,,,,,,,,,,,,,,,,,,,,,,,,,,,,,,,,,,,,,,,,,,,,,,,,,
,,,,,6971ff2ad75a932af8723d7b,2026-01-22_10h43.31.568,WP1_3,2025.2.3,MacIntel,57.80346821,5cae3e6a47494e0018328cbb,695fcc08e6593b9a696132f7,,,,,,,,,,,,,,,,,,,,,,,,,,,,,,,,,,,,,,,,,,,,,,,,,,,,,,,,,,,,33,,,,,,,,,,,,,,,,,,,,,,,,,,,,,,,,,,,,,,2.260911603,730.0968,732.3608,732.3616,733.2943,p,0.8726,,TRUE,1,FALSE,,FALSE,,0,0,0,0,1,,,,,,,,,,,,,,,,,,,,,,,,,,,,,,,
,,,,,6971ff2ad75a932af8723d7b,2026-01-22_10h43.31.568,WP1_3,2025.2.3,MacIntel,57.80346821,5cae3e6a47494e0018328cbb,695fcc08e6593b9a696132f7,,,,,,,,,,,,,,,,,,,,,,,,,,,,,,,,,,,,,,,,,,,,,,,,,,,,,,,,,,,,32,,,,,,,,,,,,,,,,,,,,,,,,,,,,,,,,,,,,,,1.764943626,733.2948,735.0605,735.0611,735.7606,q,0.6448,,TRUE,2,TRUE,,FALSE,,1,0,1,0,1,,,,,,,,,,,,,,,,,,,,,,,,,,,,,,,
,,,,,6971ff2ad75a932af8723d7b,2026-01-22_10h43.31.568,WP1_3,2025.2.3,MacIntel,57.80346821,5cae3e6a47494e0018328cbb,695fcc08e6593b9a696132f7,,,,,,,,,,,,,,,,,,,,,,,,,,,,,,,,,,,,,,,,,,,,,,,,,,,,,,,,,,,,23,,,,,,,,,,,,,,,,,,,,,,,,,,,,,,,,,,,,,,2.120028034,735.7611,737.8773,737.8778,739.9942,[],[],,TRUE,3,FALSE,,TRUE,,2,0,2,0,1,,,,,,,,,,,,,,,,,,,,,,,,,,,,,,,
,,,,,6971ff2ad75a932af8723d7b,2026-01-22_10h43.31.568,WP1_3,2025.2.3,MacIntel,57.80346821,5cae3e6a47494e0018328cbb,695fcc08e6593b9a696132f7,,,,,,,,,,,,,,,,,,,,,,,,,,,,,,,,,,,,,,,,,,,,,,,,,,,,,,,,,,,,19,,,,,,,,,,,,,,,,,,,,,,,,,,,,,,,,,,,,,,1.691109291,739.9947,741.6775,741.6781,742.4439,p,0.7023,,TRUE,4,FALSE,,FALSE,,3,0,3,0,1,,,,,,,,,,,,,,,,,,,,,,,,,,,,,,,
,,,,,6971ff2ad75a932af8723d7b,2026-01-22_10h43.31.568,WP1_3,2025.2.3,MacIntel,57.80346821,5cae3e6a47494e0018328cbb,695fcc08e6593b9a696132f7,,,,,,,,,,,,,,,,,,,,,,,,,,,,,,,,,,,,,,,,,,,,,,,,,,,,,,,,,,,,75,,,,,,,,,,,,,,,,,,,,,,,,,,,,,,,,,,,,,,2.492483772,742.4443,744.9276,744.9281,745.6441,p,0.6582,,TRUE,5,FALSE,,FALSE,,4,0,4,0,1,,,,,,,,,,,,,,,,,,,,,,,,,,,,,,,
,,,,,6971ff2ad75a932af8723d7b,2026-01-22_10h43.31.568,WP1_3,2025.2.3,MacIntel,57.80346821,5cae3e6a47494e0018328cbb,695fcc08e6593b9a696132f7,,,,,,,,,,,,,,,,,,,,,,,,,,,,,,,,,,,,,,,,,,,,,,,,,,,,,,,,,,,,,,,,,,,,,,,,,,,,,,,,,,,,,,,,,,,,,,,,,,,,,,,,,,,,,,,,,,,,,745.6444,748.161,space,2.5074,,,,,,,,,,,,,,,,,,,,,,,,,,,
,,,,,6971ff2ad75a932af8723d7b,2026-01-22_10h43.31.568,WP1_3,2025.2.3,MacIntel,57.80346821,5cae3e6a47494e0018328cbb,695fcc08e6593b9a696132f7,,,,,,,,,,,,,,,,,,,,,,,,,,,,,,,,,,,,,,,,,,,,,,,,,,,,,,,,,,,,13,stim_fam/013_rgray_250.png,,,,,,,,,,,,,,,,,,,,,,,,,,,,,,,,,,,,,2.200388729,748.1632,750.3603,,,,,,,,FALSE,,FALSE,,,,,,,,,,,,750.3615,751.0446,p,0.6307,,1,37,1,1,250,novel,,,FALSE,751.0451,751.0458,751.0459,751.0466,,0,0,0,0,1,,
,,,,,6971ff2ad75a932af8723d7b,2026-01-22_10h43.31.568,WP1_3,2025.2.3,MacIntel,57.80346821,5cae3e6a47494e0018328cbb,695fcc08e6593b9a696132f7,,,,,,,,,,,,,,,,,,,,,,,,,,,,,,,,,,,,,,,,,,,,,,,,,,,,,,,,,,,,48,Celebrities_Faces/048_03_greyscale_250.png,,,,,,,,,,,,,,,,,,,,,,,,,,,,,,,,,,,,,2.151751986,751.0469,753.1937,,,,,,,,TRUE,,FALSE,,,,,,,,,,,,753.1944,753.9444,q,0.6853,,2,20,1,1,3,familiar,,,FALSE,753.9446,753.9446,753.9446,753.9447,,1,0,1,0,1,,
,,,,,6971ff2ad75a932af8723d7b,2026-01-22_10h43.31.568,WP1_3,2025.2.3,MacIntel,57.80346821,5cae3e6a47494e0018328cbb,695fcc08e6593b9a696132f7,,,,,,,,,,,,,,,,,,,,,,,,,,,,,,,,,,,,,,,,,,,,,,,,,,,,,,,,,,,,5,stim_fam/005_rgray_250.png,,,,,,,,,,,,,,,,,,,,,,,,,,,,,,,,,,,,,2.040847495,753.945,755.9772,,,,,,,,FALSE,,FALSE,,,,,,,,,,,,755.9776,756.8604,p,0.833,,3,56,1,1,250,novel,,,FALSE,756.8605,756.8605,756.8605,756.8606,,2,0,2,0,1,,
,,,,,6971ff2ad75a932af8723d7b,2026-01-22_10h43.31.568,WP1_3,2025.2.3,MacIntel,57.80346821,5cae3e6a47494e0018328cbb,695fcc08e6593b9a696132f7,,,,,,,,,,,,,,,,,,,,,,,,,,,,,,,,,,,,,,,,,,,,,,,,,,,,,,,,,,,,79,stim_fam/079_rgray_250.png,,,,,,,,,,,,,,,,,,,,,,,,,,,,,,,,,,,,,2.224199246,756.8608,759.0779,,,,,,,,FALSE,,FALSE,,,,,,,,,,,,759.0785,759.7781,p,0.6429,,4,33,1,1,250,novel,,,FALSE,759.7782,759.7783,759.7783,759.7783,,3,0,3,0,1,,
,,,,,6971ff2ad75a932af8723d7b,2026-01-22_10h43.31.568,WP1_3,2025.2.3,MacIntel,57.80346821,5cae3e6a47494e0018328cbb,695fcc08e6593b9a696132f7,,,,,,,,,,,,,,,,,,,,,,,,,,,,,,,,,,,,,,,,,,,,,,,,,,,,,,,,,,,,28,stim_fam/028_rgray_250.png,,,,,,,,,,,,,,,,,,,,,,,,,,,,,,,,,,,,,2.397310118,759.7786,762.1781,,,,,,,,FALSE,,FALSE,,,,,,,,,,,,762.1788,763.1441,q,0.9066,,5,45,1,1,250,novel,,,FALSE,763.1443,763.1444,763.1444,763.1445,,4,0,4,0,1,,
,,,,,6971ff2ad75a932af8723d7b,2026-01-22_10h43.31.568,WP1_3,2025.2.3,MacIntel,57.80346821,5cae3e6a47494e0018328cbb,695fcc08e6593b9a696132f7,,,,,,,,,,,,,,,,,,,,,,,,,,,,,,,,,,,,,,,,,,,,,,,,,,,,,,,,,,,,21,stim_fam/021_rgray_250.png,,,,,,,,,,,,,,,,,,,,,,,,,,,,,,,,,,,,,2.491870836,763.1448,765.6281,,,,,,,,FALSE,,TRUE,,,,,,,,,,,,765.6286,766.7442,,,,6,58,1,1,250,novel,,,FALSE,766.7449,767.7438,767.7439,767.7441,,5,0,5,0,1,,
,,,,,6971ff2ad75a932af8723d7b,2026-01-22_10h43.31.568,WP1_3,2025.2.3,MacIntel,57.80346821,5cae3e6a47494e0018328cbb,695fcc08e6593b9a696132f7,,,,,,,,,,,,,,,,,,,,,,,,,,,,,,,,,,,,,,,,,,,,,,,,,,,,,,,,,,,,65,stim_fam/065_rgray_250.png,,,,,,,,,,,,,,,,,,,,,,,,,,,,,,,,,,,,,2.049537966,767.7443,769.7939,,,,,,,,FALSE,,FALSE,,,,,,,,,,,,769.7946,770.6108,p,0.7535,,7,54,1,1,250,novel,,,FALSE,770.611,770.6111,770.6111,770.6112,,6,0,6,0,1,,
,,,,,6971ff2ad75a932af8723d7b,2026-01-22_10h43.31.568,WP1_3,2025.2.3,MacIntel,57.80346821,5cae3e6a47494e0018328cbb,695fcc08e6593b9a696132f7,,,,,,,,,,,,,,,,,,,,,,,,,,,,,,,,,,,,,,,,,,,,,,,,,,,,,,,,,,,,22,stim_fam/022_rgray_250.png,,,,,,,,,,,,,,,,,,,,,,,,,,,,,,,,,,,,,1.72219566,770.6114,772.3273,,,,,,,,FALSE,,FALSE,,,,,,,,,,,,772.328,773.2282,p,0.8437,,8,35,1,1,250,novel,,,FALSE,773.2285,773.2285,773.2285,773.2286,,7,0,7,0,1,,
,,,,,6971ff2ad75a932af8723d7b,2026-01-22_10h43.31.568,WP1_3,2025.2.3,MacIntel,57.80346821,5cae3e6a47494e0018328cbb,695fcc08e6593b9a696132f7,,,,,,,,,,,,,,,,,,,,,,,,,,,,,,,,,,,,,,,,,,,,,,,,,,,,,,,,,,,,29,Celebrities_Faces/029_01_greyscale_250.png,,,,,,,,,,,,,,,,,,,,,,,,,,,,,,,,,,,,,2.257727201,773.2289,775.4776,,,,,,,,TRUE,,FALSE,,,,,,,,,,,,775.4782,776.3443,q,0.8039,,9,10,1,1,1,familiar,,,FALSE,776.3445,776.3446,776.3446,776.3447,,8,0,8,0,1,,
,,,,,6971ff2ad75a932af8723d7b,2026-01-22_10h43.31.568,WP1_3,2025.2.3,MacIntel,57.80346821,5cae3e6a47494e0018328cbb,695fcc08e6593b9a696132f7,,,,,,,,,,,,,,,,,,,,,,,,,,,,,,,,,,,,,,,,,,,,,,,,,,,,,,,,,,,,36,stim_fam/036_rgray_250.png,,,,,,,,,,,,,,,,,,,,,,,,,,,,,,,,,,,,,1.632927758,776.3449,777.9776,,,,,,,,FALSE,,FALSE,,,,,,,,,,,,777.9781,778.8619,p,0.8181,,10,39,1,1,250,novel,,,FALSE,778.862,778.862,778.8621,778.8622,,9,0,9,0,1,,
,,,,,6971ff2ad75a932af8723d7b,2026-01-22_10h43.31.568,WP1_3,2025.2.3,MacIntel,57.80346821,5cae3e6a47494e0018328cbb,695fcc08e6593b9a696132f7,,,,,,,,,,,,,,,,,,,,,,,,,,,,,,,,,,,,,,,,,,,,,,,,,,,,,,,,,,,,92,stim_fam/092_rgray_250.png,,,,,,,,,,,,,,,,,,,,,,,,,,,,,,,,,,,,,1.546171296,778.8624,780.412,,,,,,,,FALSE,,FALSE,,,,,,,,,,,,780.4126,781.1285,p,0.6584,,11,55,1,1,250,novel,,,FALSE,781.1288,781.1288,781.1288,781.1288,,10,0,10,0,1,,
,,,,,6971ff2ad75a932af8723d7b,2026-01-22_10h43.31.568,WP1_3,2025.2.3,MacIntel,57.80346821,5cae3e6a47494e0018328cbb,695fcc08e6593b9a696132f7,,,,,,,,,,,,,,,,,,,,,,,,,,,,,,,,,,,,,,,,,,,,,,,,,,,,,,,,,,,,60,stim_fam/060_rgray_250.png,,,,,,,,,,,,,,,,,,,,,,,,,,,,,,,,,,,,,2.009469708,781.1291,783.1285,,,,,,,,FALSE,,FALSE,,,,,,,,,,,,783.1291,783.7452,p,0.5579,,12,57,1,1,250,novel,,,FALSE,783.7455,783.7455,783.7456,783.7456,,11,0,11,0,1,,
,,,,,6971ff2ad75a932af8723d7b,2026-01-22_10h43.31.568,WP1_3,2025.2.3,MacIntel,57.80346821,5cae3e6a47494e0018328cbb,695fcc08e6593b9a696132f7,,,,,,,,,,,,,,,,,,,,,,,,,,,,,,,,,,,,,,,,,,,,,,,,,,,,,,,,,,,,43,stim_fam/043_rgray_250.png,,,,,,,,,,,,,,,,,,,,,,,,,,,,,,,,,,,,,1.955908178,783.7459,785.6953,,,,,,,,FALSE,,FALSE,,,,,,,,,,,,785.6958,786.4951,p,0.7359,,13,52,1,1,250,novel,,,FALSE,786.4953,786.4953,786.4953,786.4955,,12,0,12,0,1,,
,,,,,6971ff2ad75a932af8723d7b,2026-01-22_10h43.31.568,WP1_3,2025.2.3,MacIntel,57.80346821,5cae3e6a47494e0018328cbb,695fcc08e6593b9a696132f7,,,,,,,,,,,,,,,,,,,,,,,,,,,,,,,,,,,,,,,,,,,,,,,,,,,,,,,,,,,,36,Celebrities_Faces/036_03_greyscale_250.png,,,,,,,,,,,,,,,,,,,,,,,,,,,,,,,,,,,,,2.295105367,786.4956,788.7787,,,,,,,,TRUE,,FALSE,,,,,,,,,,,,788.7793,789.5121,q,0.6748,,14,1,1,1,3,familiar,,,FALSE,789.5122,789.5122,789.5123,789.5123,,13,0,13,0,1,,
,,,,,6971ff2ad75a932af8723d7b,2026-01-22_10h43.31.568,WP1_3,2025.2.3,MacIntel,57.80346821,5cae3e6a47494e0018328cbb,695fcc08e6593b9a696132f7,,,,,,,,,,,,,,,,,,,,,,,,,,,,,,,,,,,,,,,,,,,,,,,,,,,,,,,,,,,,59,Celebrities_Faces/059_01_greyscale_250.png,,,,,,,,,,,,,,,,,,,,,,,,,,,,,,,,,,,,,1.709597533,789.5125,791.2111,,,,,,,,TRUE,,FALSE,,,,,,,,,,,,791.2117,792.0618,q,0.7868,,15,15,1,1,1,familiar,,,FALSE,792.062,792.062,792.062,792.062,,14,0,14,0,1,,
,,,,,6971ff2ad75a932af8723d7b,2026-01-22_10h43.31.568,WP1_3,2025.2.3,MacIntel,57.80346821,5cae3e6a47494e0018328cbb,695fcc08e6593b9a696132f7,,,,,,,,,,,,,,,,,,,,,,,,,,,,,,,,,,,,,,,,,,,,,,,,,,,,,,,,,,,,9,Celebrities_Faces/009_01_greyscale_250.png,,,,,,,,,,,,,,,,,,,,,,,,,,,,,,,,,,,,,1.87868686,792.0623,793.9455,,,,,,,,TRUE,,FALSE,,,,,,,,,,,,793.9461,794.8122,q,0.8019,,16,8,1,1,1,familiar,,,FALSE,794.8124,794.8124,794.8124,794.8125,,15,0,15,0,1,,
,,,,,6971ff2ad75a932af8723d7b,2026-01-22_10h43.31.568,WP1_3,2025.2.3,MacIntel,57.80346821,5cae3e6a47494e0018328cbb,695fcc08e6593b9a696132f7,,,,,,,,,,,,,,,,,,,,,,,,,,,,,,,,,,,,,,,,,,,,,,,,,,,,,,,,,,,,2,stim_fam/002_rgray_250.png,,,,,,,,,,,,,,,,,,,,,,,,,,,,,,,,,,,,,1.863026862,794.8127,796.6779,,,,,,,,FALSE,,FALSE,,,,,,,,,,,,796.6783,797.3788,p,0.6498,,17,47,1,1,250,novel,,,FALSE,797.3789,797.3789,797.3789,797.3789,,16,0,16,0,1,,
,,,,,6971ff2ad75a932af8723d7b,2026-01-22_10h43.31.568,WP1_3,2025.2.3,MacIntel,57.80346821,5cae3e6a47494e0018328cbb,695fcc08e6593b9a696132f7,,,,,,,,,,,,,,,,,,,,,,,,,,,,,,,,,,,,,,,,,,,,,,,,,,,,,,,,,,,,24,stim_fam/024_rgray_250.png,,,,,,,,,,,,,,,,,,,,,,,,,,,,,,,,,,,,,2.334777226,797.3793,799.7122,,,,,,,,FALSE,,FALSE,,,,,,,,,,,,799.7127,800.3457,p,0.5701,,18,53,1,1,250,novel,,,FALSE,800.3458,800.3458,800.3458,800.3459,,17,0,17,0,1,,
,,,,,6971ff2ad75a932af8723d7b,2026-01-22_10h43.31.568,WP1_3,2025.2.3,MacIntel,57.80346821,5cae3e6a47494e0018328cbb,695fcc08e6593b9a696132f7,,,,,,,,,,,,,,,,,,,,,,,,,,,,,,,,,,,,,,,,,,,,,,,,,,,,,,,,,,,,59,stim_fam/059_rgray_250.png,,,,,,,,,,,,,,,,,,,,,,,,,,,,,,,,,,,,,1.662645534,800.3462,802.0121,,,,,,,,FALSE,,FALSE,,,,,,,,,,,,802.0127,802.6782,p,0.6068,,19,50,1,1,250,novel,,,FALSE,802.6783,802.6783,802.6784,802.6784,,18,0,18,0,1,,
,,,,,6971ff2ad75a932af8723d7b,2026-01-22_10h43.31.568,WP1_3,2025.2.3,MacIntel,57.80346821,5cae3e6a47494e0018328cbb,695fcc08e6593b9a696132f7,,,,,,,,,,,,,,,,,,,,,,,,,,,,,,,,,,,,,,,,,,,,,,,,,,,,,,,,,,,,45,stim_fam/045_rgray_250.png,,,,,,,,,,,,,,,,,,,,,,,,,,,,,,,,,,,,,2.425412067,802.6787,805.0958,,,,,,,,FALSE,,FALSE,,,,,,,,,,,,805.0963,806.0792,q,0.9183,,20,41,1,1,250,novel,,,FALSE,806.0794,806.0794,806.0794,806.0795,,19,0,19,0,1,,
,,,,,6971ff2ad75a932af8723d7b,2026-01-22_10h43.31.568,WP1_3,2025.2.3,MacIntel,57.80346821,5cae3e6a47494e0018328cbb,695fcc08e6593b9a696132f7,,,,,,,,,,,,,,,,,,,,,,,,,,,,,,,,,,,,,,,,,,,,,,,,,,,,,,,,,,,,4,Celebrities_Faces/004_03_greyscale_250.png,,,,,,,,,,,,,,,,,,,,,,,,,,,,,,,,,,,,,2.139967489,806.0797,808.2116,,,,,,,,TRUE,,FALSE,,,,,,,,,,,,808.212,809.2958,q,1.0244,,21,14,1,1,3,familiar,,,FALSE,809.2959,809.296,809.296,809.296,,20,0,20,0,1,,
,,,,,6971ff2ad75a932af8723d7b,2026-01-22_10h43.31.568,WP1_3,2025.2.3,MacIntel,57.80346821,5cae3e6a47494e0018328cbb,695fcc08e6593b9a696132f7,,,,,,,,,,,,,,,,,,,,,,,,,,,,,,,,,,,,,,,,,,,,,,,,,,,,,,,,,,,,33,Celebrities_Faces/033_02_greyscale_250.png,,,,,,,,,,,,,,,,,,,,,,,,,,,,,,,,,,,,,1.596954983,809.2963,810.8949,,,,,,,,TRUE,,FALSE,,,,,,,,,,,,810.8955,811.8458,q,0.8935,,22,12,1,1,2,familiar,,,FALSE,811.8459,811.846,811.846,811.846,,21,0,21,0,1,,
,,,,,6971ff2ad75a932af8723d7b,2026-01-22_10h43.31.568,WP1_3,2025.2.3,MacIntel,57.80346821,5cae3e6a47494e0018328cbb,695fcc08e6593b9a696132f7,,,,,,,,,,,,,,,,,,,,,,,,,,,,,,,,,,,,,,,,,,,,,,,,,,,,,,,,,,,,47,Celebrities_Faces/047_02_greyscale_250.png,,,,,,,,,,,,,,,,,,,,,,,,,,,,,,,,,,,,,1.937750553,811.8463,813.7794,,,,,,,,TRUE,,FALSE,,,,,,,,,,,,813.7799,814.5794,p,0.7358,,23,5,1,1,2,familiar,,,FALSE,814.5795,814.5795,814.5795,814.5796,,22,0,22,0,1,,
,,,,,6971ff2ad75a932af8723d7b,2026-01-22_10h43.31.568,WP1_3,2025.2.3,MacIntel,57.80346821,5cae3e6a47494e0018328cbb,695fcc08e6593b9a696132f7,,,,,,,,,,,,,,,,,,,,,,,,,,,,,,,,,,,,,,,,,,,,,,,,,,,,,,,,,,,,27,Celebrities_Faces/027_01_greyscale_250.png,,,,,,,,,,,,,,,,,,,,,,,,,,,,,,,,,,,,,1.664277465,814.5799,816.2461,,,,,,,,TRUE,,FALSE,,,,,,,,,,,,816.2467,817.2629,q,0.9519,,24,11,1,1,1,familiar,,,FALSE,817.2631,817.2632,817.2632,817.2632,,23,0,23,0,1,,
,,,,,6971ff2ad75a932af8723d7b,2026-01-22_10h43.31.568,WP1_3,2025.2.3,MacIntel,57.80346821,5cae3e6a47494e0018328cbb,695fcc08e6593b9a696132f7,,,,,,,,,,,,,,,,,,,,,,,,,,,,,,,,,,,,,,,,,,,,,,,,,,,,,,,,,,,,51,Celebrities_Faces/051_03_greyscale_250.png,,,,,,,,,,,,,,,,,,,,,,,,,,,,,,,,,,,,,1.636264857,817.2635,818.8952,,,,,,,,TRUE,,TRUE,,,,,,,,,,,,818.8958,819.9962,,,,25,30,1,1,3,familiar,,,FALSE,819.9963,820.9961,820.9962,820.9962,,24,0,24,0,1,,
,,,,,6971ff2ad75a932af8723d7b,2026-01-22_10h43.31.568,WP1_3,2025.2.3,MacIntel,57.80346821,5cae3e6a47494e0018328cbb,695fcc08e6593b9a696132f7,,,,,,,,,,,,,,,,,,,,,,,,,,,,,,,,,,,,,,,,,,,,,,,,,,,,,,,,,,,,63,stim_fam/063_rgray_250.png,,,,,,,,,,,,,,,,,,,,,,,,,,,,,,,,,,,,,2.312294695,820.9965,823.2963,,,,,,,,FALSE,,FALSE,,,,,,,,,,,,823.2968,823.963,p,0.6024,,26,59,1,1,250,novel,,,FALSE,823.9632,823.9633,823.9633,823.9633,,25,0,25,0,1,,
,,,,,6971ff2ad75a932af8723d7b,2026-01-22_10h43.31.568,WP1_3,2025.2.3,MacIntel,57.80346821,5cae3e6a47494e0018328cbb,695fcc08e6593b9a696132f7,,,,,,,,,,,,,,,,,,,,,,,,,,,,,,,,,,,,,,,,,,,,,,,,,,,,,,,,,,,,93,stim_fam/093_rgray_250.png,,,,,,,,,,,,,,,,,,,,,,,,,,,,,,,,,,,,,2.041745473,823.9636,825.9954,,,,,,,,FALSE,,FALSE,,,,,,,,,,,,825.9959,826.7957,p,0.7369,,27,32,1,1,250,novel,,,FALSE,826.7958,826.7959,826.7959,826.796,,26,0,26,0,1,,
,,,,,6971ff2ad75a932af8723d7b,2026-01-22_10h43.31.568,WP1_3,2025.2.3,MacIntel,57.80346821,5cae3e6a47494e0018328cbb,695fcc08e6593b9a696132f7,,,,,,,,,,,,,,,,,,,,,,,,,,,,,,,,,,,,,,,,,,,,,,,,,,,,,,,,,,,,8,Celebrities_Faces/008_01_greyscale_250.png,,,,,,,,,,,,,,,,,,,,,,,,,,,,,,,,,,,,,1.508377347,826.7962,828.2963,,,,,,,,TRUE,,FALSE,,,,,,,,,,,,828.2968,829.013,q,0.6585,,28,25,1,1,1,familiar,,,FALSE,829.0131,829.0131,829.0131,829.0132,,27,0,27,0,1,,
,,,,,6971ff2ad75a932af8723d7b,2026-01-22_10h43.31.568,WP1_3,2025.2.3,MacIntel,57.80346821,5cae3e6a47494e0018328cbb,695fcc08e6593b9a696132f7,,,,,,,,,,,,,,,,,,,,,,,,,,,,,,,,,,,,,,,,,,,,,,,,,,,,,,,,,,,,69,stim_fam/069_rgray_250.png,,,,,,,,,,,,,,,,,,,,,,,,,,,,,,,,,,,,,1.93628918,829.0133,830.9455,,,,,,,,FALSE,,FALSE,,,,,,,,,,,,830.946,831.5955,p,0.5942,,29,40,1,1,250,novel,,,FALSE,831.5957,831.5957,831.5957,831.5957,,28,0,28,0,1,,
,,,,,6971ff2ad75a932af8723d7b,2026-01-22_10h43.31.568,WP1_3,2025.2.3,MacIntel,57.80346821,5cae3e6a47494e0018328cbb,695fcc08e6593b9a696132f7,,,,,,,,,,,,,,,,,,,,,,,,,,,,,,,,,,,,,,,,,,,,,,,,,,,,,,,,,,,,31,Celebrities_Faces/031_01_greyscale_250.png,,,,,,,,,,,,,,,,,,,,,,,,,,,,,,,,,,,,,2.035197245,831.596,833.6296,,,,,,,,TRUE,,FALSE,,,,,,,,,,,,833.6302,834.4299,p,0.7375,,30,29,1,1,1,familiar,,,FALSE,834.4301,834.4302,834.4302,834.4302,,29,0,29,0,1,,
,,,,,6971ff2ad75a932af8723d7b,2026-01-22_10h43.31.568,WP1_3,2025.2.3,MacIntel,57.80346821,5cae3e6a47494e0018328cbb,695fcc08e6593b9a696132f7,,,,,,,,,,,,,,,,,,,,,,,,,,,,,,,,,,,,,,,,,,,,,,,,,,,,,,,,,,,,52,stim_fam/052_rgray_250.png,,,,,,,,,,,,,,,,,,,,,,,,,,,,,,,,,,,,,2.412742264,834.4304,836.8465,,,,,,,,FALSE,,FALSE,,,,,,,,,,,,836.8471,837.48,p,0.5708,,31,34,1,1,250,novel,,,FALSE,837.4801,837.4802,837.4802,837.4803,,30,0,30,0,1,,
,,,,,6971ff2ad75a932af8723d7b,2026-01-22_10h43.31.568,WP1_3,2025.2.3,MacIntel,57.80346821,5cae3e6a47494e0018328cbb,695fcc08e6593b9a696132f7,,,,,,,,,,,,,,,,,,,,,,,,,,,,,,,,,,,,,,,,,,,,,,,,,,,,,,,,,,,,18,Celebrities_Faces/018_01_greyscale_250.png,,,,,,,,,,,,,,,,,,,,,,,,,,,,,,,,,,,,,2.063856118,837.4805,839.5467,,,,,,,,TRUE,,FALSE,,,,,,,,,,,,839.5473,840.6131,p,1.0008,,32,17,1,1,1,familiar,,,FALSE,840.6132,840.6133,840.6133,840.6133,,31,0,31,0,1,,
,,,,,6971ff2ad75a932af8723d7b,2026-01-22_10h43.31.568,WP1_3,2025.2.3,MacIntel,57.80346821,5cae3e6a47494e0018328cbb,695fcc08e6593b9a696132f7,,,,,,,,,,,,,,,,,,,,,,,,,,,,,,,,,,,,,,,,,,,,,,,,,,,,,,,,,,,,62,stim_fam/062_rgray_250.png,,,,,,,,,,,,,,,,,,,,,,,,,,,,,,,,,,,,,2.416190335,840.6136,843.0302,,,,,,,,FALSE,,FALSE,,,,,,,,,,,,843.0307,843.8463,p,0.7559,,33,36,1,1,250,novel,,,FALSE,843.8464,843.8464,843.8464,843.8464,,32,0,32,0,1,,
,,,,,6971ff2ad75a932af8723d7b,2026-01-22_10h43.31.568,WP1_3,2025.2.3,MacIntel,57.80346821,5cae3e6a47494e0018328cbb,695fcc08e6593b9a696132f7,,,,,,,,,,,,,,,,,,,,,,,,,,,,,,,,,,,,,,,,,,,,,,,,,,,,,,,,,,,,6,stim_fam/006_rgray_250.png,,,,,,,,,,,,,,,,,,,,,,,,,,,,,,,,,,,,,1.95518334,843.8466,845.7958,,,,,,,,FALSE,,FALSE,,,,,,,,,,,,845.7964,846.6135,p,0.7529,,34,49,1,1,250,novel,,,FALSE,846.6136,846.6137,846.6137,846.6138,,33,0,33,0,1,,
,,,,,6971ff2ad75a932af8723d7b,2026-01-22_10h43.31.568,WP1_3,2025.2.3,MacIntel,57.80346821,5cae3e6a47494e0018328cbb,695fcc08e6593b9a696132f7,,,,,,,,,,,,,,,,,,,,,,,,,,,,,,,,,,,,,,,,,,,,,,,,,,,,,,,,,,,,38,Celebrities_Faces/038_01_greyscale_250.png,,,,,,,,,,,,,,,,,,,,,,,,,,,,,,,,,,,,,2.125799733,846.614,848.7294,,,,,,,,TRUE,,FALSE,,,,,,,,,,,,848.73,849.3306,q,0.5423,,35,24,1,1,1,familiar,,,FALSE,849.3308,849.3308,849.3309,849.3309,,34,0,34,0,1,,
,,,,,6971ff2ad75a932af8723d7b,2026-01-22_10h43.31.568,WP1_3,2025.2.3,MacIntel,57.80346821,5cae3e6a47494e0018328cbb,695fcc08e6593b9a696132f7,,,,,,,,,,,,,,,,,,,,,,,,,,,,,,,,,,,,,,,,,,,,,,,,,,,,,,,,,,,,58,Celebrities_Faces/058_02_greyscale_250.png,,,,,,,,,,,,,,,,,,,,,,,,,,,,,,,,,,,,,1.622627353,849.3313,850.9465,,,,,,,,TRUE,,FALSE,,,,,,,,,,,,850.9471,851.6301,q,0.6314,,36,26,1,1,2,familiar,,,FALSE,851.6302,851.6303,851.6303,851.6303,,35,0,35,0,1,,
,,,,,6971ff2ad75a932af8723d7b,2026-01-22_10h43.31.568,WP1_3,2025.2.3,MacIntel,57.80346821,5cae3e6a47494e0018328cbb,695fcc08e6593b9a696132f7,,,,,,,,,,,,,,,,,,,,,,,,,,,,,,,,,,,,,,,,,,,,,,,,,,,,,,,,,,,,1,stim_fam/001_rgray_250.png,,,,,,,,,,,,,,,,,,,,,,,,,,,,,,,,,,,,,2.10240795,851.6306,853.7306,,,,,,,,FALSE,,FALSE,,,,,,,,,,,,853.7314,854.3465,p,0.5594,,37,44,1,1,250,novel,,,FALSE,854.3466,854.3467,854.3467,854.3467,,36,0,36,0,1,,
,,,,,6971ff2ad75a932af8723d7b,2026-01-22_10h43.31.568,WP1_3,2025.2.3,MacIntel,57.80346821,5cae3e6a47494e0018328cbb,695fcc08e6593b9a696132f7,,,,,,,,,,,,,,,,,,,,,,,,,,,,,,,,,,,,,,,,,,,,,,,,,,,,,,,,,,,,1,Celebrities_Faces/001_02_greyscale_250.png,,,,,,,,,,,,,,,,,,,,,,,,,,,,,,,,,,,,,2.224722533,854.3469,856.5638,,,,,,,,TRUE,,FALSE,,,,,,,,,,,,856.5645,857.23,q,0.6167,,38,13,1,1,2,familiar,,,FALSE,857.2301,857.2302,857.2302,857.2303,,37,0,37,0,1,,
,,,,,6971ff2ad75a932af8723d7b,2026-01-22_10h43.31.568,WP1_3,2025.2.3,MacIntel,57.80346821,5cae3e6a47494e0018328cbb,695fcc08e6593b9a696132f7,,,,,,,,,,,,,,,,,,,,,,,,,,,,,,,,,,,,,,,,,,,,,,,,,,,,,,,,,,,,88,stim_fam/088_rgray_250.png,,,,,,,,,,,,,,,,,,,,,,,,,,,,,,,,,,,,,2.309552303,857.2305,859.5303,,,,,,,,FALSE,,FALSE,,,,,,,,,,,,859.5309,860.2132,p,0.623,,39,31,1,1,250,novel,,,FALSE,860.2133,860.2134,860.2134,860.2135,,38,0,38,0,1,,
,,,,,6971ff2ad75a932af8723d7b,2026-01-22_10h43.31.568,WP1_3,2025.2.3,MacIntel,57.80346821,5cae3e6a47494e0018328cbb,695fcc08e6593b9a696132f7,,,,,,,,,,,,,,,,,,,,,,,,,,,,,,,,,,,,,,,,,,,,,,,,,,,,,,,,,,,,42,Celebrities_Faces/042_03_greyscale_250.png,,,,,,,,,,,,,,,,,,,,,,,,,,,,,,,,,,,,,1.876215588,860.2136,862.0806,,,,,,,,TRUE,,FALSE,,,,,,,,,,,,862.0811,862.7309,p,0.6048,,40,6,1,1,3,familiar,,,FALSE,862.7311,862.7311,862.7312,862.7312,,39,0,39,0,1,,
,,,,,6971ff2ad75a932af8723d7b,2026-01-22_10h43.31.568,WP1_3,2025.2.3,MacIntel,57.80346821,5cae3e6a47494e0018328cbb,695fcc08e6593b9a696132f7,,,,,,,,,,,,,,,,,,,,,,,,,,,,,,,,,,,,,,,,,,,,,,,,,,,,,,,,,,,,49,Celebrities_Faces/049_03_greyscale_250.png,,,,,,,,,,,,,,,,,,,,,,,,,,,,,,,,,,,,,2.336759862,862.7315,865.0638,,,,,,,,TRUE,,FALSE,,,,,,,,,,,,865.0642,865.7307,p,0.617,,41,4,1,1,3,familiar,,,FALSE,865.7308,865.7309,865.7309,865.7309,,40,0,40,0,1,,
,,,,,6971ff2ad75a932af8723d7b,2026-01-22_10h43.31.568,WP1_3,2025.2.3,MacIntel,57.80346821,5cae3e6a47494e0018328cbb,695fcc08e6593b9a696132f7,,,,,,,,,,,,,,,,,,,,,,,,,,,,,,,,,,,,,,,,,,,,,,,,,,,,,,,,,,,,12,Celebrities_Faces/012_03_greyscale_250.png,,,,,,,,,,,,,,,,,,,,,,,,,,,,,,,,,,,,,2.29975122,865.7313,868.0307,,,,,,,,TRUE,,FALSE,,,,,,,,,,,,868.0314,868.814,q,0.7319,,42,9,1,1,3,familiar,,,FALSE,868.8142,868.8142,868.8142,868.8143,,41,0,41,0,1,,
,,,,,6971ff2ad75a932af8723d7b,2026-01-22_10h43.31.568,WP1_3,2025.2.3,MacIntel,57.80346821,5cae3e6a47494e0018328cbb,695fcc08e6593b9a696132f7,,,,,,,,,,,,,,,,,,,,,,,,,,,,,,,,,,,,,,,,,,,,,,,,,,,,,,,,,,,,52,Celebrities_Faces/052_02_greyscale_250.png,,,,,,,,,,,,,,,,,,,,,,,,,,,,,,,,,,,,,2.077455942,868.8145,870.88,,,,,,,,TRUE,,FALSE,,,,,,,,,,,,870.8806,871.6977,p,0.765,,43,16,1,1,2,familiar,,,FALSE,871.6978,871.6978,871.6978,871.6979,,42,0,42,0,1,,
,,,,,6971ff2ad75a932af8723d7b,2026-01-22_10h43.31.568,WP1_3,2025.2.3,MacIntel,57.80346821,5cae3e6a47494e0018328cbb,695fcc08e6593b9a696132f7,,,,,,,,,,,,,,,,,,,,,,,,,,,,,,,,,,,,,,,,,,,,,,,,,,,,,,,,,,,,50,Celebrities_Faces/050_02_greyscale_250.png,,,,,,,,,,,,,,,,,,,,,,,,,,,,,,,,,,,,,1.791346799,871.6981,873.481,,,,,,,,TRUE,,FALSE,,,,,,,,,,,,873.4816,874.2473,p,0.716,,44,19,1,1,2,familiar,,,FALSE,874.2473,874.2474,874.2474,874.2474,,43,0,43,0,1,,
,,,,,6971ff2ad75a932af8723d7b,2026-01-22_10h43.31.568,WP1_3,2025.2.3,MacIntel,57.80346821,5cae3e6a47494e0018328cbb,695fcc08e6593b9a696132f7,,,,,,,,,,,,,,,,,,,,,,,,,,,,,,,,,,,,,,,,,,,,,,,,,,,,,,,,,,,,46,Celebrities_Faces/046_02_greyscale_250.png,,,,,,,,,,,,,,,,,,,,,,,,,,,,,,,,,,,,,1.63315737,874.2475,875.8811,,,,,,,,TRUE,,TRUE,,,,,,,,,,,,875.8816,876.9978,,,,45,7,1,1,2,familiar,,,FALSE,876.9981,877.9979,877.9981,877.9981,,44,0,44,0,1,,
,,,,,6971ff2ad75a932af8723d7b,2026-01-22_10h43.31.568,WP1_3,2025.2.3,MacIntel,57.80346821,5cae3e6a47494e0018328cbb,695fcc08e6593b9a696132f7,,,,,,,,,,,,,,,,,,,,,,,,,,,,,,,,,,,,,,,,,,,,,,,,,,,,,,,,,,,,34,Celebrities_Faces/034_02_greyscale_250.png,,,,,,,,,,,,,,,,,,,,,,,,,,,,,,,,,,,,,2.150757528,877.9986,880.1477,,,,,,,,TRUE,,FALSE,,,,,,,,,,,,880.1483,880.8139,q,0.6035,,46,23,1,1,2,familiar,,,FALSE,880.814,880.814,880.814,880.814,,45,0,45,0,1,,
,,,,,6971ff2ad75a932af8723d7b,2026-01-22_10h43.31.568,WP1_3,2025.2.3,MacIntel,57.80346821,5cae3e6a47494e0018328cbb,695fcc08e6593b9a696132f7,,,,,,,,,,,,,,,,,,,,,,,,,,,,,,,,,,,,,,,,,,,,,,,,,,,,,,,,,,,,57,Celebrities_Faces/057_03_greyscale_250.png,,,,,,,,,,,,,,,,,,,,,,,,,,,,,,,,,,,,,2.059885269,880.8143,882.8641,,,,,,,,TRUE,,FALSE,,,,,,,,,,,,882.8647,883.6147,p,0.6905,,47,2,1,1,3,familiar,,,FALSE,883.6149,883.615,883.6151,883.6151,,46,0,46,0,1,,
,,,,,6971ff2ad75a932af8723d7b,2026-01-22_10h43.31.568,WP1_3,2025.2.3,MacIntel,57.80346821,5cae3e6a47494e0018328cbb,695fcc08e6593b9a696132f7,,,,,,,,,,,,,,,,,,,,,,,,,,,,,,,,,,,,,,,,,,,,,,,,,,,,,,,,,,,,16,stim_fam/016_rgray_250.png,,,,,,,,,,,,,,,,,,,,,,,,,,,,,,,,,,,,,1.512673994,883.6154,885.1311,,,,,,,,FALSE,,FALSE,,,,,,,,,,,,885.1316,885.8316,p,0.6476,,48,60,1,1,250,novel,,,FALSE,885.8317,885.8318,885.8319,885.8319,,47,0,47,0,1,,
,,,,,6971ff2ad75a932af8723d7b,2026-01-22_10h43.31.568,WP1_3,2025.2.3,MacIntel,57.80346821,5cae3e6a47494e0018328cbb,695fcc08e6593b9a696132f7,,,,,,,,,,,,,,,,,,,,,,,,,,,,,,,,,,,,,,,,,,,,,,,,,,,,,,,,,,,,72,stim_fam/072_rgray_250.png,,,,,,,,,,,,,,,,,,,,,,,,,,,,,,,,,,,,,1.884847871,885.8322,887.7143,,,,,,,,FALSE,,FALSE,,,,,,,,,,,,887.715,888.448,p,0.6708,,49,42,1,1,250,novel,,,FALSE,888.4482,888.4483,888.4483,888.4483,,48,0,48,0,1,,
,,,,,6971ff2ad75a932af8723d7b,2026-01-22_10h43.31.568,WP1_3,2025.2.3,MacIntel,57.80346821,5cae3e6a47494e0018328cbb,695fcc08e6593b9a696132f7,,,,,,,,,,,,,,,,,,,,,,,,,,,,,,,,,,,,,,,,,,,,,,,,,,,,,,,,,,,,28,Celebrities_Faces/028_03_greyscale_250.png,,,,,,,,,,,,,,,,,,,,,,,,,,,,,,,,,,,,,1.554215243,888.4486,889.998,,,,,,,,TRUE,,FALSE,,,,,,,,,,,,889.9985,890.598,p,0.5347,,50,22,1,1,3,familiar,,,FALSE,890.5982,890.5983,890.5983,890.5984,,49,0,49,0,1,,
,,,,,6971ff2ad75a932af8723d7b,2026-01-22_10h43.31.568,WP1_3,2025.2.3,MacIntel,57.80346821,5cae3e6a47494e0018328cbb,695fcc08e6593b9a696132f7,,,,,,,,,,,,,,,,,,,,,,,,,,,,,,,,,,,,,,,,,,,,,,,,,,,,,,,,,,,,14,Celebrities_Faces/014_03_greyscale_250.png,,,,,,,,,,,,,,,,,,,,,,,,,,,,,,,,,,,,,1.878414757,890.5986,892.4647,,,,,,,,TRUE,,FALSE,,,,,,,,,,,,892.4652,893.0312,p,0.5098,,51,3,1,1,3,familiar,,,FALSE,893.0313,893.0313,893.0313,893.0314,,50,0,50,0,1,,
,,,,,6971ff2ad75a932af8723d7b,2026-01-22_10h43.31.568,WP1_3,2025.2.3,MacIntel,57.80346821,5cae3e6a47494e0018328cbb,695fcc08e6593b9a696132f7,,,,,,,,,,,,,,,,,,,,,,,,,,,,,,,,,,,,,,,,,,,,,,,,,,,,,,,,,,,,97,stim_fam/097_rgray_250.png,,,,,,,,,,,,,,,,,,,,,,,,,,,,,,,,,,,,,1.884304888,893.0315,894.9148,,,,,,,,FALSE,,FALSE,,,,,,,,,,,,894.9154,895.4809,p,0.5042,,52,43,1,1,250,novel,,,FALSE,895.481,895.4811,895.4811,895.4812,,51,0,51,0,1,,
,,,,,6971ff2ad75a932af8723d7b,2026-01-22_10h43.31.568,WP1_3,2025.2.3,MacIntel,57.80346821,5cae3e6a47494e0018328cbb,695fcc08e6593b9a696132f7,,,,,,,,,,,,,,,,,,,,,,,,,,,,,,,,,,,,,,,,,,,,,,,,,,,,,,,,,,,,4,stim_fam/004_rgray_250.png,,,,,,,,,,,,,,,,,,,,,,,,,,,,,,,,,,,,,2.440197104,895.4814,897.9148,,,,,,,,FALSE,,FALSE,,,,,,,,,,,,897.9153,898.4649,p,0.4953,,53,48,1,1,250,novel,,,FALSE,898.465,898.4651,898.4651,898.4651,,52,0,52,0,1,,
,,,,,6971ff2ad75a932af8723d7b,2026-01-22_10h43.31.568,WP1_3,2025.2.3,MacIntel,57.80346821,5cae3e6a47494e0018328cbb,695fcc08e6593b9a696132f7,,,,,,,,,,,,,,,,,,,,,,,,,,,,,,,,,,,,,,,,,,,,,,,,,,,,,,,,,,,,30,Celebrities_Faces/030_02_greyscale_250.png,,,,,,,,,,,,,,,,,,,,,,,,,,,,,,,,,,,,,1.875641817,898.4653,900.3312,,,,,,,,TRUE,,FALSE,,,,,,,,,,,,900.3317,900.9314,p,0.5373,,54,27,1,1,2,familiar,,,FALSE,900.9317,900.9317,900.9317,900.9318,,53,0,53,0,1,,
,,,,,6971ff2ad75a932af8723d7b,2026-01-22_10h43.31.568,WP1_3,2025.2.3,MacIntel,57.80346821,5cae3e6a47494e0018328cbb,695fcc08e6593b9a696132f7,,,,,,,,,,,,,,,,,,,,,,,,,,,,,,,,,,,,,,,,,,,,,,,,,,,,,,,,,,,,55,Celebrities_Faces/055_02_greyscale_250.png,,,,,,,,,,,,,,,,,,,,,,,,,,,,,,,,,,,,,1.640760387,900.9321,902.5652,,,,,,,,TRUE,,FALSE,,,,,,,,,,,,902.5658,903.6476,p,1.018,,55,28,1,1,2,familiar,,,FALSE,903.6477,903.6478,903.6478,903.6478,,54,0,54,0,1,,
,,,,,6971ff2ad75a932af8723d7b,2026-01-22_10h43.31.568,WP1_3,2025.2.3,MacIntel,57.80346821,5cae3e6a47494e0018328cbb,695fcc08e6593b9a696132f7,,,,,,,,,,,,,,,,,,,,,,,,,,,,,,,,,,,,,,,,,,,,,,,,,,,,,,,,,,,,78,stim_fam/078_rgray_250.png,,,,,,,,,,,,,,,,,,,,,,,,,,,,,,,,,,,,,1.839380035,903.6481,905.4809,,,,,,,,FALSE,,FALSE,,,,,,,,,,,,905.4814,906.1148,p,0.5704,,56,38,1,1,250,novel,,,FALSE,906.1149,906.115,906.1151,906.1151,,55,0,55,0,1,,
,,,,,6971ff2ad75a932af8723d7b,2026-01-22_10h43.31.568,WP1_3,2025.2.3,MacIntel,57.80346821,5cae3e6a47494e0018328cbb,695fcc08e6593b9a696132f7,,,,,,,,,,,,,,,,,,,,,,,,,,,,,,,,,,,,,,,,,,,,,,,,,,,,,,,,,,,,26,Celebrities_Faces/026_02_greyscale_250.png,,,,,,,,,,,,,,,,,,,,,,,,,,,,,,,,,,,,,2.331385928,906.1153,908.4484,,,,,,,,TRUE,,FALSE,,,,,,,,,,,,908.4489,908.9985,p,0.5022,,57,18,1,1,2,familiar,,,FALSE,908.9986,908.9987,908.9987,908.9987,,56,0,56,0,1,,
,,,,,6971ff2ad75a932af8723d7b,2026-01-22_10h43.31.568,WP1_3,2025.2.3,MacIntel,57.80346821,5cae3e6a47494e0018328cbb,695fcc08e6593b9a696132f7,,,,,,,,,,,,,,,,,,,,,,,,,,,,,,,,,,,,,,,,,,,,,,,,,,,,,,,,,,,,15,stim_fam/015_rgray_250.png,,,,,,,,,,,,,,,,,,,,,,,,,,,,,,,,,,,,,2.258635432,908.9989,911.2487,,,,,,,,FALSE,,FALSE,,,,,,,,,,,,911.2493,911.815,p,0.5108,,58,46,1,1,250,novel,,,FALSE,911.8152,911.8153,911.8153,911.8154,,57,0,57,0,1,,
,,,,,6971ff2ad75a932af8723d7b,2026-01-22_10h43.31.568,WP1_3,2025.2.3,MacIntel,57.80346821,5cae3e6a47494e0018328cbb,695fcc08e6593b9a696132f7,,,,,,,,,,,,,,,,,,,,,,,,,,,,,,,,,,,,,,,,,,,,,,,,,,,,,,,,,,,,45,Celebrities_Faces/045_01_greyscale_250.png,,,,,,,,,,,,,,,,,,,,,,,,,,,,,,,,,,,,,2.44109391,911.8156,914.2485,,,,,,,,TRUE,,FALSE,,,,,,,,,,,,914.2491,914.7985,p,0.4907,,59,21,1,1,1,familiar,,,FALSE,914.7986,914.7986,914.7986,914.7987,,58,0,58,0,1,,
,,,,,6971ff2ad75a932af8723d7b,2026-01-22_10h43.31.568,WP1_3,2025.2.3,MacIntel,57.80346821,5cae3e6a47494e0018328cbb,695fcc08e6593b9a696132f7,,,,,,,,,,,,,,,,,,,,,,,,,,,,,,,,,,,,,,,,,,,,,,,,,,,,,,,,,,,,51,stim_fam/051_rgray_250.png,,,,,,,,,,,,,,,,,,,,,,,,,,,,,,,,,,,,,1.876084724,914.7989,916.6653,,,,,,,,FALSE,,FALSE,,,,,,,,,,,,916.6659,917.2818,p,0.5626,,60,51,1,1,250,novel,,,FALSE,917.282,917.282,917.2821,971.133,space,59,0,59,0,1,53.8301,
,,,,,6971ff2ad75a932af8723d7b,2026-01-22_10h43.31.568,WP1_3,2025.2.3,MacIntel,57.80346821,5cae3e6a47494e0018328cbb,695fcc08e6593b9a696132f7,,,,,,,,,,,,,,,,,,,,,,,,,,,,,,,,,,,,,,,,,,,,,,,,,,,,,,,,,,,,49,stim_fam/049_rgray_250.png,,,,,,,,,,,,,,,,,,,,,,,,,,,,,,,,,,,,,1.996628038,971.1334,973.1333,,,,,,,,FALSE,,FALSE,,,,,,,,,,,,973.1343,973.7834,p,0.597,,61,108,2,1,250,novel,,,FALSE,973.7836,973.7836,973.7836,973.7836,,60,0,60,0,1,,
,,,,,6971ff2ad75a932af8723d7b,2026-01-22_10h43.31.568,WP1_3,2025.2.3,MacIntel,57.80346821,5cae3e6a47494e0018328cbb,695fcc08e6593b9a696132f7,,,,,,,,,,,,,,,,,,,,,,,,,,,,,,,,,,,,,,,,,,,,,,,,,,,,,,,,,,,,20,stim_fam/020_rgray_250.png,,,,,,,,,,,,,,,,,,,,,,,,,,,,,,,,,,,,,2.08316726,973.7839,975.867,,,,,,,,FALSE,,FALSE,,,,,,,,,,,,975.8679,976.6996,p,0.7783,,62,105,2,1,250,novel,,,FALSE,976.6998,976.6998,976.6998,976.6999,,61,0,61,0,1,,
,,,,,6971ff2ad75a932af8723d7b,2026-01-22_10h43.31.568,WP1_3,2025.2.3,MacIntel,57.80346821,5cae3e6a47494e0018328cbb,695fcc08e6593b9a696132f7,,,,,,,,,,,,,,,,,,,,,,,,,,,,,,,,,,,,,,,,,,,,,,,,,,,,,,,,,,,,71,stim_fam/071_rgray_250.png,,,,,,,,,,,,,,,,,,,,,,,,,,,,,,,,,,,,,2.476536641,976.7001,979.167,,,,,,,,FALSE,,FALSE,,,,,,,,,,,,979.1675,979.8502,p,0.6234,,63,118,2,1,250,novel,,,FALSE,979.8504,979.8504,979.8504,979.8504,,62,0,62,0,1,,
,,,,,6971ff2ad75a932af8723d7b,2026-01-22_10h43.31.568,WP1_3,2025.2.3,MacIntel,57.80346821,5cae3e6a47494e0018328cbb,695fcc08e6593b9a696132f7,,,,,,,,,,,,,,,,,,,,,,,,,,,,,,,,,,,,,,,,,,,,,,,,,,,,,,,,,,,,77,stim_fam/077_rgray_250.png,,,,,,,,,,,,,,,,,,,,,,,,,,,,,,,,,,,,,2.356593456,979.8507,982.2004,,,,,,,,FALSE,,FALSE,,,,,,,,,,,,982.2011,982.7507,p,0.4945,,64,98,2,1,250,novel,,,FALSE,982.7509,982.751,982.751,982.7511,,63,0,63,0,1,,
,,,,,6971ff2ad75a932af8723d7b,2026-01-22_10h43.31.568,WP1_3,2025.2.3,MacIntel,57.80346821,5cae3e6a47494e0018328cbb,695fcc08e6593b9a696132f7,,,,,,,,,,,,,,,,,,,,,,,,,,,,,,,,,,,,,,,,,,,,,,,,,,,,,,,,,,,,55,stim_fam/055_rgray_250.png,,,,,,,,,,,,,,,,,,,,,,,,,,,,,,,,,,,,,1.727613461,982.7515,984.4671,,,,,,,,FALSE,,FALSE,,,,,,,,,,,,984.4677,985.0674,p,0.5361,,65,116,2,1,250,novel,,,FALSE,985.0677,985.0678,985.0678,985.0679,,64,0,64,0,1,,
,,,,,6971ff2ad75a932af8723d7b,2026-01-22_10h43.31.568,WP1_3,2025.2.3,MacIntel,57.80346821,5cae3e6a47494e0018328cbb,695fcc08e6593b9a696132f7,,,,,,,,,,,,,,,,,,,,,,,,,,,,,,,,,,,,,,,,,,,,,,,,,,,,,,,,,,,,64,stim_fam/064_rgray_250.png,,,,,,,,,,,,,,,,,,,,,,,,,,,,,,,,,,,,,2.362193613,985.0681,987.4339,,,,,,,,FALSE,,FALSE,,,,,,,,,,,,987.4344,988.1839,p,0.6965,,66,106,2,1,250,novel,,,FALSE,988.1839,988.184,988.184,988.184,,65,0,65,0,1,,
,,,,,6971ff2ad75a932af8723d7b,2026-01-22_10h43.31.568,WP1_3,2025.2.3,MacIntel,57.80346821,5cae3e6a47494e0018328cbb,695fcc08e6593b9a696132f7,,,,,,,,,,,,,,,,,,,,,,,,,,,,,,,,,,,,,,,,,,,,,,,,,,,,,,,,,,,,49,Celebrities_Faces/049_02_greyscale_250.png,,,,,,,,,,,,,,,,,,,,,,,,,,,,,,,,,,,,,1.792746266,988.1843,989.9674,,,,,,,,TRUE,,FALSE,,,,,,,,,,,,989.968,990.5672,q,0.5409,,67,64,2,1,2,familiar,,,FALSE,990.5674,990.5676,990.5676,990.5676,,66,0,66,0,1,,
,,,,,6971ff2ad75a932af8723d7b,2026-01-22_10h43.31.568,WP1_3,2025.2.3,MacIntel,57.80346821,5cae3e6a47494e0018328cbb,695fcc08e6593b9a696132f7,,,,,,,,,,,,,,,,,,,,,,,,,,,,,,,,,,,,,,,,,,,,,,,,,,,,,,,,,,,,4,Celebrities_Faces/004_01_greyscale_250.png,,,,,,,,,,,,,,,,,,,,,,,,,,,,,,,,,,,,,1.945700513,990.5679,992.5174,,,,,,,,TRUE,,FALSE,,,,,,,,,,,,992.5181,993.434,q,0.8535,,68,74,2,1,1,familiar,,,FALSE,993.4341,993.4342,993.4342,993.4343,,67,0,67,0,1,,
,,,,,6971ff2ad75a932af8723d7b,2026-01-22_10h43.31.568,WP1_3,2025.2.3,MacIntel,57.80346821,5cae3e6a47494e0018328cbb,695fcc08e6593b9a696132f7,,,,,,,,,,,,,,,,,,,,,,,,,,,,,,,,,,,,,,,,,,,,,,,,,,,,,,,,,,,,66,stim_fam/066_rgray_250.png,,,,,,,,,,,,,,,,,,,,,,,,,,,,,,,,,,,,,1.865077781,993.4345,995.3007,,,,,,,,FALSE,,FALSE,,,,,,,,,,,,995.3012,995.9506,p,0.5907,,69,109,2,1,250,novel,,,FALSE,995.9508,995.9509,995.9509,995.9509,,68,0,68,0,1,,
,,,,,6971ff2ad75a932af8723d7b,2026-01-22_10h43.31.568,WP1_3,2025.2.3,MacIntel,57.80346821,5cae3e6a47494e0018328cbb,695fcc08e6593b9a696132f7,,,,,,,,,,,,,,,,,,,,,,,,,,,,,,,,,,,,,,,,,,,,,,,,,,,,,,,,,,,,36,Celebrities_Faces/036_01_greyscale_250.png,,,,,,,,,,,,,,,,,,,,,,,,,,,,,,,,,,,,,1.567558914,995.9512,997.517,,,,,,,,TRUE,,FALSE,,,,,,,,,,,,997.5176,998.1842,q,0.6026,,70,61,2,1,1,familiar,,,FALSE,998.1844,998.1844,998.1844,998.1844,,69,0,69,0,1,,
,,,,,6971ff2ad75a932af8723d7b,2026-01-22_10h43.31.568,WP1_3,2025.2.3,MacIntel,57.80346821,5cae3e6a47494e0018328cbb,695fcc08e6593b9a696132f7,,,,,,,,,,,,,,,,,,,,,,,,,,,,,,,,,,,,,,,,,,,,,,,,,,,,,,,,,,,,58,stim_fam/058_rgray_250.png,,,,,,,,,,,,,,,,,,,,,,,,,,,,,,,,,,,,,1.808378221,998.1846,999.9842,,,,,,,,FALSE,,FALSE,,,,,,,,,,,,999.9848,1000.5676,p,0.5196,,71,93,2,1,250,novel,,,FALSE,1000.5677,1000.5677,1000.5677,1000.5678,,70,0,70,0,1,,
,,,,,6971ff2ad75a932af8723d7b,2026-01-22_10h43.31.568,WP1_3,2025.2.3,MacIntel,57.80346821,5cae3e6a47494e0018328cbb,695fcc08e6593b9a696132f7,,,,,,,,,,,,,,,,,,,,,,,,,,,,,,,,,,,,,,,,,,,,,,,,,,,,,,,,,,,,26,Celebrities_Faces/026_03_greyscale_250.png,,,,,,,,,,,,,,,,,,,,,,,,,,,,,,,,,,,,,1.836218362,1000.568,1002.4008,,,,,,,,TRUE,,FALSE,,,,,,,,,,,,1002.4013,1003.001,p,0.5385,,72,78,2,1,3,familiar,,,FALSE,1003.0012,1003.0012,1003.0012,1003.0012,,71,0,71,0,1,,
,,,,,6971ff2ad75a932af8723d7b,2026-01-22_10h43.31.568,WP1_3,2025.2.3,MacIntel,57.80346821,5cae3e6a47494e0018328cbb,695fcc08e6593b9a696132f7,,,,,,,,,,,,,,,,,,,,,,,,,,,,,,,,,,,,,,,,,,,,,,,,,,,,,,,,,,,,48,Celebrities_Faces/048_02_greyscale_250.png,,,,,,,,,,,,,,,,,,,,,,,,,,,,,,,,,,,,,1.966408305,1003.0016,1004.9676,,,,,,,,TRUE,,FALSE,,,,,,,,,,,,1004.968,1005.6676,q,0.6354,,73,80,2,1,2,familiar,,,FALSE,1005.6677,1005.6678,1005.6679,1005.6679,,72,0,72,0,1,,
,,,,,6971ff2ad75a932af8723d7b,2026-01-22_10h43.31.568,WP1_3,2025.2.3,MacIntel,57.80346821,5cae3e6a47494e0018328cbb,695fcc08e6593b9a696132f7,,,,,,,,,,,,,,,,,,,,,,,,,,,,,,,,,,,,,,,,,,,,,,,,,,,,,,,,,,,,14,Celebrities_Faces/014_01_greyscale_250.png,,,,,,,,,,,,,,,,,,,,,,,,,,,,,,,,,,,,,1.885945948,1005.6682,1007.551,,,,,,,,TRUE,,FALSE,,,,,,,,,,,,1007.5516,1008.2675,p,0.6535,,74,63,2,1,1,familiar,,,FALSE,1008.2676,1008.2676,1008.2676,1008.2678,,73,0,73,0,1,,
,,,,,6971ff2ad75a932af8723d7b,2026-01-22_10h43.31.568,WP1_3,2025.2.3,MacIntel,57.80346821,5cae3e6a47494e0018328cbb,695fcc08e6593b9a696132f7,,,,,,,,,,,,,,,,,,,,,,,,,,,,,,,,,,,,,,,,,,,,,,,,,,,,,,,,,,,,26,stim_fam/026_rgray_250.png,,,,,,,,,,,,,,,,,,,,,,,,,,,,,,,,,,,,,1.949221659,1008.2679,1010.2178,,,,,,,,FALSE,,FALSE,,,,,,,,,,,,1010.2182,1010.9678,p,0.6836,,75,102,2,1,250,novel,,,FALSE,1010.968,1010.9682,1010.9682,1010.9682,,74,0,74,0,1,,
,,,,,6971ff2ad75a932af8723d7b,2026-01-22_10h43.31.568,WP1_3,2025.2.3,MacIntel,57.80346821,5cae3e6a47494e0018328cbb,695fcc08e6593b9a696132f7,,,,,,,,,,,,,,,,,,,,,,,,,,,,,,,,,,,,,,,,,,,,,,,,,,,,,,,,,,,,81,stim_fam/081_rgray_250.png,,,,,,,,,,,,,,,,,,,,,,,,,,,,,,,,,,,,,1.585758807,1010.9685,1012.5503,,,,,,,,FALSE,,FALSE,,,,,,,,,,,,1012.5509,1013.1177,p,0.5085,,76,100,2,1,250,novel,,,FALSE,1013.1179,1013.1179,1013.1179,1013.1179,,75,0,75,0,1,,
,,,,,6971ff2ad75a932af8723d7b,2026-01-22_10h43.31.568,WP1_3,2025.2.3,MacIntel,57.80346821,5cae3e6a47494e0018328cbb,695fcc08e6593b9a696132f7,,,,,,,,,,,,,,,,,,,,,,,,,,,,,,,,,,,,,,,,,,,,,,,,,,,,,,,,,,,,52,Celebrities_Faces/052_01_greyscale_250.png,,,,,,,,,,,,,,,,,,,,,,,,,,,,,,,,,,,,,1.644282253,1013.1182,1014.7512,,,,,,,,TRUE,,FALSE,,,,,,,,,,,,1014.7517,1015.5344,q,0.726,,77,76,2,1,1,familiar,,,FALSE,1015.5346,1015.5346,1015.5346,1015.5346,,76,0,76,0,1,,
,,,,,6971ff2ad75a932af8723d7b,2026-01-22_10h43.31.568,WP1_3,2025.2.3,MacIntel,57.80346821,5cae3e6a47494e0018328cbb,695fcc08e6593b9a696132f7,,,,,,,,,,,,,,,,,,,,,,,,,,,,,,,,,,,,,,,,,,,,,,,,,,,,,,,,,,,,8,Celebrities_Faces/008_03_greyscale_250.png,,,,,,,,,,,,,,,,,,,,,,,,,,,,,,,,,,,,,1.555183679,1015.5349,1017.0845,,,,,,,,TRUE,,FALSE,,,,,,,,,,,,1017.0851,1017.7513,q,0.6046,,78,85,2,1,3,familiar,,,FALSE,1017.7514,1017.7515,1017.7515,1017.7516,,77,0,77,0,1,,
,,,,,6971ff2ad75a932af8723d7b,2026-01-22_10h43.31.568,WP1_3,2025.2.3,MacIntel,57.80346821,5cae3e6a47494e0018328cbb,695fcc08e6593b9a696132f7,,,,,,,,,,,,,,,,,,,,,,,,,,,,,,,,,,,,,,,,,,,,,,,,,,,,,,,,,,,,94,stim_fam/094_rgray_250.png,,,,,,,,,,,,,,,,,,,,,,,,,,,,,,,,,,,,,2.298943984,1017.7518,1020.0514,,,,,,,,FALSE,,FALSE,,,,,,,,,,,,1020.052,1020.6009,p,0.4934,,79,94,2,1,250,novel,,,FALSE,1020.601,1020.601,1020.6011,1020.6011,,78,0,78,0,1,,
,,,,,6971ff2ad75a932af8723d7b,2026-01-22_10h43.31.568,WP1_3,2025.2.3,MacIntel,57.80346821,5cae3e6a47494e0018328cbb,695fcc08e6593b9a696132f7,,,,,,,,,,,,,,,,,,,,,,,,,,,,,,,,,,,,,,,,,,,,,,,,,,,,,,,,,,,,98,stim_fam/098_rgray_250.png,,,,,,,,,,,,,,,,,,,,,,,,,,,,,,,,,,,,,2.041700635,1020.6012,1022.6346,,,,,,,,FALSE,,FALSE,,,,,,,,,,,,1022.6352,1023.1678,p,0.4676,,80,117,2,1,250,novel,,,FALSE,1023.168,1023.168,1023.168,1023.1682,,79,0,79,0,1,,
,,,,,6971ff2ad75a932af8723d7b,2026-01-22_10h43.31.568,WP1_3,2025.2.3,MacIntel,57.80346821,5cae3e6a47494e0018328cbb,695fcc08e6593b9a696132f7,,,,,,,,,,,,,,,,,,,,,,,,,,,,,,,,,,,,,,,,,,,,,,,,,,,,,,,,,,,,28,Celebrities_Faces/028_02_greyscale_250.png,,,,,,,,,,,,,,,,,,,,,,,,,,,,,,,,,,,,,1.7580781,1023.1684,1024.9173,,,,,,,,TRUE,,FALSE,,,,,,,,,,,,1024.9179,1025.4516,p,0.4738,,81,82,2,1,2,familiar,,,FALSE,1025.4517,1025.4517,1025.4517,1025.4518,,80,0,80,0,1,,
,,,,,6971ff2ad75a932af8723d7b,2026-01-22_10h43.31.568,WP1_3,2025.2.3,MacIntel,57.80346821,5cae3e6a47494e0018328cbb,695fcc08e6593b9a696132f7,,,,,,,,,,,,,,,,,,,,,,,,,,,,,,,,,,,,,,,,,,,,,,,,,,,,,,,,,,,,18,stim_fam/018_rgray_250.png,,,,,,,,,,,,,,,,,,,,,,,,,,,,,,,,,,,,,2.443635848,1025.452,1027.885,,,,,,,,FALSE,,FALSE,,,,,,,,,,,,1027.8857,1028.4673,p,0.5227,,82,107,2,1,250,novel,,,FALSE,1028.4675,1028.4675,1028.4675,1028.4675,,81,0,81,0,1,,
,,,,,6971ff2ad75a932af8723d7b,2026-01-22_10h43.31.568,WP1_3,2025.2.3,MacIntel,57.80346821,5cae3e6a47494e0018328cbb,695fcc08e6593b9a696132f7,,,,,,,,,,,,,,,,,,,,,,,,,,,,,,,,,,,,,,,,,,,,,,,,,,,,,,,,,,,,54,stim_fam/054_rgray_250.png,,,,,,,,,,,,,,,,,,,,,,,,,,,,,,,,,,,,,1.560779778,1028.4678,1030.0173,,,,,,,,FALSE,,FALSE,,,,,,,,,,,,1030.0179,1030.7349,p,0.6566,,83,104,2,1,250,novel,,,FALSE,1030.7351,1030.7351,1030.7351,1030.7352,,82,0,82,0,1,,
,,,,,6971ff2ad75a932af8723d7b,2026-01-22_10h43.31.568,WP1_3,2025.2.3,MacIntel,57.80346821,5cae3e6a47494e0018328cbb,695fcc08e6593b9a696132f7,,,,,,,,,,,,,,,,,,,,,,,,,,,,,,,,,,,,,,,,,,,,,,,,,,,,,,,,,,,,86,stim_fam/086_rgray_250.png,,,,,,,,,,,,,,,,,,,,,,,,,,,,,,,,,,,,,1.505810857,1030.7354,1032.235,,,,,,,,FALSE,,FALSE,,,,,,,,,,,,1032.2355,1032.8509,p,0.5545,,84,97,2,1,250,novel,,,FALSE,1032.8511,1032.8512,1032.8512,1032.8512,,83,0,83,0,1,,
,,,,,6971ff2ad75a932af8723d7b,2026-01-22_10h43.31.568,WP1_3,2025.2.3,MacIntel,57.80346821,5cae3e6a47494e0018328cbb,695fcc08e6593b9a696132f7,,,,,,,,,,,,,,,,,,,,,,,,,,,,,,,,,,,,,,,,,,,,,,,,,,,,,,,,,,,,56,stim_fam/056_rgray_250.png,,,,,,,,,,,,,,,,,,,,,,,,,,,,,,,,,,,,,2.01753897,1032.8514,1034.8685,,,,,,,,FALSE,,FALSE,,,,,,,,,,,,1034.869,1035.4016,p,0.4831,,85,95,2,1,250,novel,,,FALSE,1035.4018,1035.4019,1035.4019,1035.402,,84,0,84,0,1,,
,,,,,6971ff2ad75a932af8723d7b,2026-01-22_10h43.31.568,WP1_3,2025.2.3,MacIntel,57.80346821,5cae3e6a47494e0018328cbb,695fcc08e6593b9a696132f7,,,,,,,,,,,,,,,,,,,,,,,,,,,,,,,,,,,,,,,,,,,,,,,,,,,,,,,,,,,,32,stim_fam/032_rgray_250.png,,,,,,,,,,,,,,,,,,,,,,,,,,,,,,,,,,,,,2.122810972,1035.4022,1037.5175,,,,,,,,FALSE,,FALSE,,,,,,,,,,,,1037.5181,1038.1008,p,0.5214,,86,110,2,1,250,novel,,,FALSE,1038.1009,1038.101,1038.101,1038.1011,,85,0,85,0,1,,
,,,,,6971ff2ad75a932af8723d7b,2026-01-22_10h43.31.568,WP1_3,2025.2.3,MacIntel,57.80346821,5cae3e6a47494e0018328cbb,695fcc08e6593b9a696132f7,,,,,,,,,,,,,,,,,,,,,,,,,,,,,,,,,,,,,,,,,,,,,,,,,,,,,,,,,,,,30,Celebrities_Faces/030_01_greyscale_250.png,,,,,,,,,,,,,,,,,,,,,,,,,,,,,,,,,,,,,2.158208215,1038.1014,1040.2517,,,,,,,,TRUE,,FALSE,,,,,,,,,,,,1040.2521,1040.8511,p,0.5388,,87,87,2,1,1,familiar,,,FALSE,1040.8513,1040.8514,1040.8515,1040.8516,,86,0,86,0,1,,
,,,,,6971ff2ad75a932af8723d7b,2026-01-22_10h43.31.568,WP1_3,2025.2.3,MacIntel,57.80346821,5cae3e6a47494e0018328cbb,695fcc08e6593b9a696132f7,,,,,,,,,,,,,,,,,,,,,,,,,,,,,,,,,,,,,,,,,,,,,,,,,,,,,,,,,,,,58,Celebrities_Faces/058_03_greyscale_250.png,,,,,,,,,,,,,,,,,,,,,,,,,,,,,,,,,,,,,2.354189268,1040.852,1043.2019,,,,,,,,TRUE,,FALSE,,,,,,,,,,,,1043.2025,1044.1685,q,0.908,,88,86,2,1,3,familiar,,,FALSE,1044.1688,1044.1689,1044.1689,1044.1689,,87,0,87,0,1,,
,,,,,6971ff2ad75a932af8723d7b,2026-01-22_10h43.31.568,WP1_3,2025.2.3,MacIntel,57.80346821,5cae3e6a47494e0018328cbb,695fcc08e6593b9a696132f7,,,,,,,,,,,,,,,,,,,,,,,,,,,,,,,,,,,,,,,,,,,,,,,,,,,,,,,,,,,,59,Celebrities_Faces/059_02_greyscale_250.png,,,,,,,,,,,,,,,,,,,,,,,,,,,,,,,,,,,,,1.604884554,1044.1692,1045.7688,,,,,,,,TRUE,,FALSE,,,,,,,,,,,,1045.7696,1046.4177,q,0.5908,,89,75,2,1,2,familiar,,,FALSE,1046.4178,1046.4179,1046.4179,1046.4179,,88,0,88,0,1,,
,,,,,6971ff2ad75a932af8723d7b,2026-01-22_10h43.31.568,WP1_3,2025.2.3,MacIntel,57.80346821,5cae3e6a47494e0018328cbb,695fcc08e6593b9a696132f7,,,,,,,,,,,,,,,,,,,,,,,,,,,,,,,,,,,,,,,,,,,,,,,,,,,,,,,,,,,,103,stim_fam/103_rgray_250.png,,,,,,,,,,,,,,,,,,,,,,,,,,,,,,,,,,,,,2.370095625,1046.4182,1048.7845,,,,,,,,FALSE,,FALSE,,,,,,,,,,,,1048.7851,1049.4187,p,0.5804,,90,112,2,1,250,novel,,,FALSE,1049.4188,1049.4188,1049.4188,1049.4189,,89,0,89,0,1,,
,,,,,6971ff2ad75a932af8723d7b,2026-01-22_10h43.31.568,WP1_3,2025.2.3,MacIntel,57.80346821,5cae3e6a47494e0018328cbb,695fcc08e6593b9a696132f7,,,,,,,,,,,,,,,,,,,,,,,,,,,,,,,,,,,,,,,,,,,,,,,,,,,,,,,,,,,,17,stim_fam/017_rgray_250.png,,,,,,,,,,,,,,,,,,,,,,,,,,,,,,,,,,,,,2.49557021,1049.4191,1051.919,,,,,,,,FALSE,,FALSE,,,,,,,,,,,,1051.9198,1052.7688,p,0.7858,,91,91,2,1,250,novel,,,FALSE,1052.7689,1052.7689,1052.769,1052.769,,90,0,90,0,1,,
,,,,,6971ff2ad75a932af8723d7b,2026-01-22_10h43.31.568,WP1_3,2025.2.3,MacIntel,57.80346821,5cae3e6a47494e0018328cbb,695fcc08e6593b9a696132f7,,,,,,,,,,,,,,,,,,,,,,,,,,,,,,,,,,,,,,,,,,,,,,,,,,,,,,,,,,,,90,stim_fam/090_rgray_250.png,,,,,,,,,,,,,,,,,,,,,,,,,,,,,,,,,,,,,1.587788011,1052.7693,1054.3519,,,,,,,,FALSE,,FALSE,,,,,,,,,,,,1054.3522,1054.9522,p,0.5543,,92,99,2,1,250,novel,,,FALSE,1054.9523,1054.9524,1054.9524,1054.9524,,91,0,91,0,1,,
,,,,,6971ff2ad75a932af8723d7b,2026-01-22_10h43.31.568,WP1_3,2025.2.3,MacIntel,57.80346821,5cae3e6a47494e0018328cbb,695fcc08e6593b9a696132f7,,,,,,,,,,,,,,,,,,,,,,,,,,,,,,,,,,,,,,,,,,,,,,,,,,,,,,,,,,,,1,Celebrities_Faces/001_03_greyscale_250.png,,,,,,,,,,,,,,,,,,,,,,,,,,,,,,,,,,,,,1.629279827,1054.9527,1056.5855,,,,,,,,TRUE,,FALSE,,,,,,,,,,,,1056.5863,1057.2023,q,0.5697,,93,73,2,1,3,familiar,,,FALSE,1057.2026,1057.2026,1057.2026,1057.2026,,92,0,92,0,1,,
,,,,,6971ff2ad75a932af8723d7b,2026-01-22_10h43.31.568,WP1_3,2025.2.3,MacIntel,57.80346821,5cae3e6a47494e0018328cbb,695fcc08e6593b9a696132f7,,,,,,,,,,,,,,,,,,,,,,,,,,,,,,,,,,,,,,,,,,,,,,,,,,,,,,,,,,,,46,Celebrities_Faces/046_03_greyscale_250.png,,,,,,,,,,,,,,,,,,,,,,,,,,,,,,,,,,,,,2.144797393,1057.2029,1059.3521,,,,,,,,TRUE,,FALSE,,,,,,,,,,,,1059.3527,1060.0184,q,0.607,,94,67,2,1,3,familiar,,,FALSE,1060.0186,1060.0186,1060.0186,1060.0187,,93,0,93,0,1,,
,,,,,6971ff2ad75a932af8723d7b,2026-01-22_10h43.31.568,WP1_3,2025.2.3,MacIntel,57.80346821,5cae3e6a47494e0018328cbb,695fcc08e6593b9a696132f7,,,,,,,,,,,,,,,,,,,,,,,,,,,,,,,,,,,,,,,,,,,,,,,,,,,,,,,,,,,,42,Celebrities_Faces/042_01_greyscale_250.png,,,,,,,,,,,,,,,,,,,,,,,,,,,,,,,,,,,,,2.293425478,1060.019,1062.3024,,,,,,,,TRUE,,FALSE,,,,,,,,,,,,1062.303,1062.8516,p,0.4997,,95,66,2,1,1,familiar,,,FALSE,1062.8517,1062.8517,1062.8517,1062.8518,,94,0,94,0,1,,
,,,,,6971ff2ad75a932af8723d7b,2026-01-22_10h43.31.568,WP1_3,2025.2.3,MacIntel,57.80346821,5cae3e6a47494e0018328cbb,695fcc08e6593b9a696132f7,,,,,,,,,,,,,,,,,,,,,,,,,,,,,,,,,,,,,,,,,,,,,,,,,,,,,,,,,,,,34,Celebrities_Faces/034_03_greyscale_250.png,,,,,,,,,,,,,,,,,,,,,,,,,,,,,,,,,,,,,2.218945007,1062.852,1065.0691,,,,,,,,TRUE,,FALSE,,,,,,,,,,,,1065.0697,1065.9859,q,0.8523,,96,83,2,1,3,familiar,,,FALSE,1065.9859,1065.986,1065.986,1065.9861,,95,0,95,0,1,,
,,,,,6971ff2ad75a932af8723d7b,2026-01-22_10h43.31.568,WP1_3,2025.2.3,MacIntel,57.80346821,5cae3e6a47494e0018328cbb,695fcc08e6593b9a696132f7,,,,,,,,,,,,,,,,,,,,,,,,,,,,,,,,,,,,,,,,,,,,,,,,,,,,,,,,,,,,50,stim_fam/050_rgray_250.png,,,,,,,,,,,,,,,,,,,,,,,,,,,,,,,,,,,,,1.768926885,1065.9863,1067.7526,,,,,,,,FALSE,,FALSE,,,,,,,,,,,,1067.7531,1068.3691,p,0.5545,,97,92,2,1,250,novel,,,FALSE,1068.3693,1068.3694,1068.3694,1068.3694,,96,0,96,0,1,,
,,,,,6971ff2ad75a932af8723d7b,2026-01-22_10h43.31.568,WP1_3,2025.2.3,MacIntel,57.80346821,5cae3e6a47494e0018328cbb,695fcc08e6593b9a696132f7,,,,,,,,,,,,,,,,,,,,,,,,,,,,,,,,,,,,,,,,,,,,,,,,,,,,,,,,,,,,12,Celebrities_Faces/012_01_greyscale_250.png,,,,,,,,,,,,,,,,,,,,,,,,,,,,,,,,,,,,,1.738800324,1068.3696,1070.1027,,,,,,,,TRUE,,FALSE,,,,,,,,,,,,1070.1032,1070.7685,q,0.6036,,98,69,2,1,1,familiar,,,FALSE,1070.7687,1070.7688,1070.7688,1070.7688,,97,0,97,0,1,,
,,,,,6971ff2ad75a932af8723d7b,2026-01-22_10h43.31.568,WP1_3,2025.2.3,MacIntel,57.80346821,5cae3e6a47494e0018328cbb,695fcc08e6593b9a696132f7,,,,,,,,,,,,,,,,,,,,,,,,,,,,,,,,,,,,,,,,,,,,,,,,,,,,,,,,,,,,47,Celebrities_Faces/047_01_greyscale_250.png,,,,,,,,,,,,,,,,,,,,,,,,,,,,,,,,,,,,,1.760025058,1070.7693,1072.5193,,,,,,,,TRUE,,FALSE,,,,,,,,,,,,1072.5199,1073.2184,p,0.6346,,99,65,2,1,1,familiar,,,FALSE,1073.2186,1073.2186,1073.2186,1073.2187,,98,0,98,0,1,,
,,,,,6971ff2ad75a932af8723d7b,2026-01-22_10h43.31.568,WP1_3,2025.2.3,MacIntel,57.80346821,5cae3e6a47494e0018328cbb,695fcc08e6593b9a696132f7,,,,,,,,,,,,,,,,,,,,,,,,,,,,,,,,,,,,,,,,,,,,,,,,,,,,,,,,,,,,35,stim_fam/035_rgray_250.png,,,,,,,,,,,,,,,,,,,,,,,,,,,,,,,,,,,,,2.274849978,1073.2189,1075.4861,,,,,,,,FALSE,,FALSE,,,,,,,,,,,,1075.4867,1076.203,p,0.6546,,100,114,2,1,250,novel,,,FALSE,1076.2031,1076.2032,1076.2032,1076.2032,,99,0,99,0,1,,
,,,,,6971ff2ad75a932af8723d7b,2026-01-22_10h43.31.568,WP1_3,2025.2.3,MacIntel,57.80346821,5cae3e6a47494e0018328cbb,695fcc08e6593b9a696132f7,,,,,,,,,,,,,,,,,,,,,,,,,,,,,,,,,,,,,,,,,,,,,,,,,,,,,,,,,,,,27,Celebrities_Faces/027_02_greyscale_250.png,,,,,,,,,,,,,,,,,,,,,,,,,,,,,,,,,,,,,1.655331092,1076.2036,1077.8525,,,,,,,,TRUE,,FALSE,,,,,,,,,,,,1077.8531,1078.6187,q,0.705,,101,71,2,1,2,familiar,,,FALSE,1078.6188,1078.6189,1078.6189,1078.619,,100,0,100,0,1,,
,,,,,6971ff2ad75a932af8723d7b,2026-01-22_10h43.31.568,WP1_3,2025.2.3,MacIntel,57.80346821,5cae3e6a47494e0018328cbb,695fcc08e6593b9a696132f7,,,,,,,,,,,,,,,,,,,,,,,,,,,,,,,,,,,,,,,,,,,,,,,,,,,,,,,,,,,,50,Celebrities_Faces/050_01_greyscale_250.png,,,,,,,,,,,,,,,,,,,,,,,,,,,,,,,,,,,,,2.229650302,1078.6193,1080.8521,,,,,,,,TRUE,,FALSE,,,,,,,,,,,,1080.8527,1081.6028,p,0.6974,,102,79,2,1,1,familiar,,,FALSE,1081.6029,1081.6029,1081.6029,1081.603,,101,0,101,0,1,,
,,,,,6971ff2ad75a932af8723d7b,2026-01-22_10h43.31.568,WP1_3,2025.2.3,MacIntel,57.80346821,5cae3e6a47494e0018328cbb,695fcc08e6593b9a696132f7,,,,,,,,,,,,,,,,,,,,,,,,,,,,,,,,,,,,,,,,,,,,,,,,,,,,,,,,,,,,80,stim_fam/080_rgray_250.png,,,,,,,,,,,,,,,,,,,,,,,,,,,,,,,,,,,,,2.448477201,1081.6032,1084.0529,,,,,,,,FALSE,,FALSE,,,,,,,,,,,,1084.0533,1084.7855,p,0.6802,,103,96,2,1,250,novel,,,FALSE,1084.7856,1084.7858,1084.7858,1084.7858,,102,0,102,0,1,,
,,,,,6971ff2ad75a932af8723d7b,2026-01-22_10h43.31.568,WP1_3,2025.2.3,MacIntel,57.80346821,5cae3e6a47494e0018328cbb,695fcc08e6593b9a696132f7,,,,,,,,,,,,,,,,,,,,,,,,,,,,,,,,,,,,,,,,,,,,,,,,,,,,,,,,,,,,38,Celebrities_Faces/038_03_greyscale_250.png,,,,,,,,,,,,,,,,,,,,,,,,,,,,,,,,,,,,,1.551402005,1084.7861,1086.3364,,,,,,,,TRUE,,FALSE,,,,,,,,,,,,1086.3371,1087.0198,q,0.6214,,104,84,2,1,3,familiar,,,FALSE,1087.0201,1087.0201,1087.0202,1087.0202,,103,0,103,0,1,,
,,,,,6971ff2ad75a932af8723d7b,2026-01-22_10h43.31.568,WP1_3,2025.2.3,MacIntel,57.80346821,5cae3e6a47494e0018328cbb,695fcc08e6593b9a696132f7,,,,,,,,,,,,,,,,,,,,,,,,,,,,,,,,,,,,,,,,,,,,,,,,,,,,,,,,,,,,45,Celebrities_Faces/045_03_greyscale_250.png,,,,,,,,,,,,,,,,,,,,,,,,,,,,,,,,,,,,,2.254147082,1087.0205,1089.2696,,,,,,,,TRUE,,FALSE,,,,,,,,,,,,1089.27,1090.0031,q,0.6735,,105,81,2,1,3,familiar,,,FALSE,1090.0032,1090.0034,1090.0034,1090.0034,,104,0,104,0,1,,
,,,,,6971ff2ad75a932af8723d7b,2026-01-22_10h43.31.568,WP1_3,2025.2.3,MacIntel,57.80346821,5cae3e6a47494e0018328cbb,695fcc08e6593b9a696132f7,,,,,,,,,,,,,,,,,,,,,,,,,,,,,,,,,,,,,,,,,,,,,,,,,,,,,,,,,,,,47,stim_fam/047_rgray_250.png,,,,,,,,,,,,,,,,,,,,,,,,,,,,,,,,,,,,,1.664875257,1090.0036,1091.6699,,,,,,,,FALSE,,FALSE,,,,,,,,,,,,1091.6704,1092.453,p,0.7174,,106,119,2,1,250,novel,,,FALSE,1092.4531,1092.4532,1092.4532,1092.4532,,105,0,105,0,1,,
,,,,,6971ff2ad75a932af8723d7b,2026-01-22_10h43.31.568,WP1_3,2025.2.3,MacIntel,57.80346821,5cae3e6a47494e0018328cbb,695fcc08e6593b9a696132f7,,,,,,,,,,,,,,,,,,,,,,,,,,,,,,,,,,,,,,,,,,,,,,,,,,,,,,,,,,,,40,stim_fam/040_rgray_250.png,,,,,,,,,,,,,,,,,,,,,,,,,,,,,,,,,,,,,1.891618915,1092.4536,1094.3367,,,,,,,,FALSE,,FALSE,,,,,,,,,,,,1094.3373,1095.0701,p,0.6713,,107,103,2,1,250,novel,,,FALSE,1095.0702,1095.0702,1095.0703,1095.0704,,106,0,106,0,1,,
,,,,,6971ff2ad75a932af8723d7b,2026-01-22_10h43.31.568,WP1_3,2025.2.3,MacIntel,57.80346821,5cae3e6a47494e0018328cbb,695fcc08e6593b9a696132f7,,,,,,,,,,,,,,,,,,,,,,,,,,,,,,,,,,,,,,,,,,,,,,,,,,,,,,,,,,,,8,stim_fam/008_rgray_250.png,,,,,,,,,,,,,,,,,,,,,,,,,,,,,,,,,,,,,2.168766128,1095.0706,1097.2366,,,,,,,,FALSE,,FALSE,,,,,,,,,,,,1097.2371,1097.97,p,0.6758,,108,101,2,1,250,novel,,,FALSE,1097.9701,1097.9702,1097.9702,1097.9702,,107,0,107,0,1,,
,,,,,6971ff2ad75a932af8723d7b,2026-01-22_10h43.31.568,WP1_3,2025.2.3,MacIntel,57.80346821,5cae3e6a47494e0018328cbb,695fcc08e6593b9a696132f7,,,,,,,,,,,,,,,,,,,,,,,,,,,,,,,,,,,,,,,,,,,,,,,,,,,,,,,,,,,,33,Celebrities_Faces/033_03_greyscale_250.png,,,,,,,,,,,,,,,,,,,,,,,,,,,,,,,,,,,,,1.964981523,1097.9706,1099.9367,,,,,,,,TRUE,,FALSE,,,,,,,,,,,,1099.9373,1100.5867,q,0.5956,,109,72,2,1,3,familiar,,,FALSE,1100.5867,1100.5868,1100.5868,1100.5868,,108,0,108,0,1,,
,,,,,6971ff2ad75a932af8723d7b,2026-01-22_10h43.31.568,WP1_3,2025.2.3,MacIntel,57.80346821,5cae3e6a47494e0018328cbb,695fcc08e6593b9a696132f7,,,,,,,,,,,,,,,,,,,,,,,,,,,,,,,,,,,,,,,,,,,,,,,,,,,,,,,,,,,,11,stim_fam/011_rgray_250.png,,,,,,,,,,,,,,,,,,,,,,,,,,,,,,,,,,,,,2.334829454,1100.5871,1102.9202,,,,,,,,FALSE,,FALSE,,,,,,,,,,,,1102.9207,1103.5701,p,0.5926,,110,113,2,1,250,novel,,,FALSE,1103.5702,1103.5703,1103.5703,1103.5703,,109,0,109,0,1,,
,,,,,6971ff2ad75a932af8723d7b,2026-01-22_10h43.31.568,WP1_3,2025.2.3,MacIntel,57.80346821,5cae3e6a47494e0018328cbb,695fcc08e6593b9a696132f7,,,,,,,,,,,,,,,,,,,,,,,,,,,,,,,,,,,,,,,,,,,,,,,,,,,,,,,,,,,,96,stim_fam/096_rgray_250.png,,,,,,,,,,,,,,,,,,,,,,,,,,,,,,,,,,,,,2.481782121,1103.5705,1106.0534,,,,,,,,FALSE,,FALSE,,,,,,,,,,,,1106.054,1106.7535,p,0.6476,,111,120,2,1,250,novel,,,FALSE,1106.7537,1106.7537,1106.7538,1106.7538,,110,0,110,0,1,,
,,,,,6971ff2ad75a932af8723d7b,2026-01-22_10h43.31.568,WP1_3,2025.2.3,MacIntel,57.80346821,5cae3e6a47494e0018328cbb,695fcc08e6593b9a696132f7,,,,,,,,,,,,,,,,,,,,,,,,,,,,,,,,,,,,,,,,,,,,,,,,,,,,,,,,,,,,73,stim_fam/073_rgray_250.png,,,,,,,,,,,,,,,,,,,,,,,,,,,,,,,,,,,,,1.683116078,1106.754,1108.4367,,,,,,,,FALSE,,FALSE,,,,,,,,,,,,1108.4372,1109.2035,p,0.7189,,112,115,2,1,250,novel,,,FALSE,1109.2036,1109.2037,1109.2037,1109.2037,,111,0,111,0,1,,
,,,,,6971ff2ad75a932af8723d7b,2026-01-22_10h43.31.568,WP1_3,2025.2.3,MacIntel,57.80346821,5cae3e6a47494e0018328cbb,695fcc08e6593b9a696132f7,,,,,,,,,,,,,,,,,,,,,,,,,,,,,,,,,,,,,,,,,,,,,,,,,,,,,,,,,,,,55,Celebrities_Faces/055_03_greyscale_250.png,,,,,,,,,,,,,,,,,,,,,,,,,,,,,,,,,,,,,1.560973627,1109.2041,1110.7537,,,,,,,,TRUE,,FALSE,,,,,,,,,,,,1110.7543,1111.8036,p,1.0006,,113,88,2,1,3,familiar,,,FALSE,1111.8038,1111.8038,1111.8038,1111.8039,,112,0,112,0,1,,
,,,,,6971ff2ad75a932af8723d7b,2026-01-22_10h43.31.568,WP1_3,2025.2.3,MacIntel,57.80346821,5cae3e6a47494e0018328cbb,695fcc08e6593b9a696132f7,,,,,,,,,,,,,,,,,,,,,,,,,,,,,,,,,,,,,,,,,,,,,,,,,,,,,,,,,,,,9,Celebrities_Faces/009_02_greyscale_250.png,,,,,,,,,,,,,,,,,,,,,,,,,,,,,,,,,,,,,2.0057946,1111.8041,1113.8038,,,,,,,,TRUE,,FALSE,,,,,,,,,,,,1113.8043,1114.6703,q,0.807,,114,68,2,1,2,familiar,,,FALSE,1114.6705,1114.6705,1114.6705,1114.6705,,113,0,113,0,1,,
,,,,,6971ff2ad75a932af8723d7b,2026-01-22_10h43.31.568,WP1_3,2025.2.3,MacIntel,57.80346821,5cae3e6a47494e0018328cbb,695fcc08e6593b9a696132f7,,,,,,,,,,,,,,,,,,,,,,,,,,,,,,,,,,,,,,,,,,,,,,,,,,,,,,,,,,,,31,Celebrities_Faces/031_03_greyscale_250.png,,,,,,,,,,,,,,,,,,,,,,,,,,,,,,,,,,,,,1.507580347,1114.6708,1116.1705,,,,,,,,TRUE,,TRUE,,,,,,,,,,,,1116.1711,1117.2872,,,,115,89,2,1,3,familiar,,,FALSE,1117.2873,1118.2872,1118.2873,1118.2873,,114,0,114,0,1,,
,,,,,6971ff2ad75a932af8723d7b,2026-01-22_10h43.31.568,WP1_3,2025.2.3,MacIntel,57.80346821,5cae3e6a47494e0018328cbb,695fcc08e6593b9a696132f7,,,,,,,,,,,,,,,,,,,,,,,,,,,,,,,,,,,,,,,,,,,,,,,,,,,,,,,,,,,,18,Celebrities_Faces/018_03_greyscale_250.png,,,,,,,,,,,,,,,,,,,,,,,,,,,,,,,,,,,,,1.607879353,1118.2877,1119.8871,,,,,,,,TRUE,,FALSE,,,,,,,,,,,,1119.8877,1120.8369,p,0.8852,,116,77,2,1,3,familiar,,,FALSE,1120.837,1120.8371,1120.8371,1120.8371,,115,0,115,0,1,,
,,,,,6971ff2ad75a932af8723d7b,2026-01-22_10h43.31.568,WP1_3,2025.2.3,MacIntel,57.80346821,5cae3e6a47494e0018328cbb,695fcc08e6593b9a696132f7,,,,,,,,,,,,,,,,,,,,,,,,,,,,,,,,,,,,,,,,,,,,,,,,,,,,,,,,,,,,7,stim_fam/007_rgray_250.png,,,,,,,,,,,,,,,,,,,,,,,,,,,,,,,,,,,,,2.376183388,1120.8371,1123.2039,,,,,,,,FALSE,,FALSE,,,,,,,,,,,,1123.2044,1123.9039,p,0.6326,,117,111,2,1,250,novel,,,FALSE,1123.9041,1123.9041,1123.9041,1123.9041,,116,0,116,0,1,,
,,,,,6971ff2ad75a932af8723d7b,2026-01-22_10h43.31.568,WP1_3,2025.2.3,MacIntel,57.80346821,5cae3e6a47494e0018328cbb,695fcc08e6593b9a696132f7,,,,,,,,,,,,,,,,,,,,,,,,,,,,,,,,,,,,,,,,,,,,,,,,,,,,,,,,,,,,51,Celebrities_Faces/051_01_greyscale_250.png,,,,,,,,,,,,,,,,,,,,,,,,,,,,,,,,,,,,,1.507877347,1123.9043,1125.4039,,,,,,,,TRUE,,FALSE,,,,,,,,,,,,1125.4045,1126.5039,q,1.0352,,118,90,2,1,1,familiar,,,FALSE,1126.5041,1126.5041,1126.5041,1126.5042,,117,0,117,0,1,,
,,,,,6971ff2ad75a932af8723d7b,2026-01-22_10h43.31.568,WP1_3,2025.2.3,MacIntel,57.80346821,5cae3e6a47494e0018328cbb,695fcc08e6593b9a696132f7,,,,,,,,,,,,,,,,,,,,,,,,,,,,,,,,,,,,,,,,,,,,,,,,,,,,,,,,,,,,29,Celebrities_Faces/029_03_greyscale_250.png,,,,,,,,,,,,,,,,,,,,,,,,,,,,,,,,,,,,,2.48227371,1126.5043,1128.9866,,,,,,,,TRUE,,FALSE,,,,,,,,,,,,1128.9872,1129.6539,p,0.6039,,119,70,2,1,3,familiar,,,FALSE,1129.6541,1129.6541,1129.6541,1129.6542,,118,0,118,0,1,,
,,,,,6971ff2ad75a932af8723d7b,2026-01-22_10h43.31.568,WP1_3,2025.2.3,MacIntel,57.80346821,5cae3e6a47494e0018328cbb,695fcc08e6593b9a696132f7,,,,,,,,,,,,,,,,,,,,,,,,,,,,,,,,,,,,,,,,,,,,,,,,,,,,,,,,,,,,57,Celebrities_Faces/057_01_greyscale_250.png,,,,,,,,,,,,,,,,,,,,,,,,,,,,,,,,,,,,,2.252100733,1129.6544,1131.904,,,,,,,,TRUE,,FALSE,,,,,,,,,,,,1131.9045,1132.8039,p,0.8372,,120,62,2,1,1,familiar,,,FALSE,1132.804,1132.8042,1132.8042,1134.5039,space,119,0,119,0,1,1.6872,
,,,,,6971ff2ad75a932af8723d7b,2026-01-22_10h43.31.568,WP1_3,2025.2.3,MacIntel,57.80346821,5cae3e6a47494e0018328cbb,695fcc08e6593b9a696132f7,,,,,,,,,,,,,,,,,,,,,,,,,,,,,,,,,,,,,,,,,,,,,,,,,,,,,,,,,,,,83,stim_fam/083_rgray_250.png,,,,,,,,,,,,,,,,,,,,,,,,,,,,,,,,,,,,,2.386993509,1134.5042,1136.8876,,,,,,,,FALSE,,FALSE,,,,,,,,,,,,1136.8881,1137.6877,p,0.7326,,121,160,3,1,250,novel,,,FALSE,1137.6879,1137.6879,1137.6879,1137.6879,,120,0,120,0,1,,
,,,,,6971ff2ad75a932af8723d7b,2026-01-22_10h43.31.568,WP1_3,2025.2.3,MacIntel,57.80346821,5cae3e6a47494e0018328cbb,695fcc08e6593b9a696132f7,,,,,,,,,,,,,,,,,,,,,,,,,,,,,,,,,,,,,,,,,,,,,,,,,,,,,,,,,,,,25,stim_fam/025_rgray_250.png,,,,,,,,,,,,,,,,,,,,,,,,,,,,,,,,,,,,,1.753466533,1137.6882,1139.437,,,,,,,,FALSE,,FALSE,,,,,,,,,,,,1139.4375,1140.2714,p,0.7739,,122,177,3,1,250,novel,,,FALSE,1140.2716,1140.2716,1140.2717,1140.2717,,121,0,121,0,1,,
,,,,,6971ff2ad75a932af8723d7b,2026-01-22_10h43.31.568,WP1_3,2025.2.3,MacIntel,57.80346821,5cae3e6a47494e0018328cbb,695fcc08e6593b9a696132f7,,,,,,,,,,,,,,,,,,,,,,,,,,,,,,,,,,,,,,,,,,,,,,,,,,,,,,,,,,,,18,Celebrities_Faces/018_02_greyscale_250.png,,,,,,,,,,,,,,,,,,,,,,,,,,,,,,,,,,,,,2.073361658,1140.272,1142.3378,,,,,,,,TRUE,,FALSE,,,,,,,,,,,,1142.3386,1142.9881,q,0.5857,,123,137,3,1,2,familiar,,,FALSE,1142.9884,1142.9885,1142.9885,1142.9886,,122,0,122,0,1,,
,,,,,6971ff2ad75a932af8723d7b,2026-01-22_10h43.31.568,WP1_3,2025.2.3,MacIntel,57.80346821,5cae3e6a47494e0018328cbb,695fcc08e6593b9a696132f7,,,,,,,,,,,,,,,,,,,,,,,,,,,,,,,,,,,,,,,,,,,,,,,,,,,,,,,,,,,,27,stim_fam/027_rgray_250.png,,,,,,,,,,,,,,,,,,,,,,,,,,,,,,,,,,,,,1.592688891,1142.9889,1144.5712,,,,,,,,FALSE,,FALSE,,,,,,,,,,,,1144.5717,1145.2212,p,0.5831,,124,159,3,1,250,novel,,,FALSE,1145.2214,1145.2215,1145.2215,1145.2216,,123,0,123,0,1,,
,,,,,6971ff2ad75a932af8723d7b,2026-01-22_10h43.31.568,WP1_3,2025.2.3,MacIntel,57.80346821,5cae3e6a47494e0018328cbb,695fcc08e6593b9a696132f7,,,,,,,,,,,,,,,,,,,,,,,,,,,,,,,,,,,,,,,,,,,,,,,,,,,,,,,,,,,,89,stim_fam/089_rgray_250.png,,,,,,,,,,,,,,,,,,,,,,,,,,,,,,,,,,,,,1.809825276,1145.2218,1147.0212,,,,,,,,FALSE,,FALSE,,,,,,,,,,,,1147.0217,1147.6545,p,0.5669,,125,163,3,1,250,novel,,,FALSE,1147.6547,1147.6548,1147.6548,1147.6548,,124,0,124,0,1,,
,,,,,6971ff2ad75a932af8723d7b,2026-01-22_10h43.31.568,WP1_3,2025.2.3,MacIntel,57.80346821,5cae3e6a47494e0018328cbb,695fcc08e6593b9a696132f7,,,,,,,,,,,,,,,,,,,,,,,,,,,,,,,,,,,,,,,,,,,,,,,,,,,,,,,,,,,,27,Celebrities_Faces/027_03_greyscale_250.png,,,,,,,,,,,,,,,,,,,,,,,,,,,,,,,,,,,,,1.915124202,1147.655,1149.5714,,,,,,,,TRUE,,FALSE,,,,,,,,,,,,1149.5719,1150.2712,q,0.6502,,126,131,3,1,3,familiar,,,FALSE,1150.2713,1150.2714,1150.2714,1150.2714,,125,0,125,0,1,,
,,,,,6971ff2ad75a932af8723d7b,2026-01-22_10h43.31.568,WP1_3,2025.2.3,MacIntel,57.80346821,5cae3e6a47494e0018328cbb,695fcc08e6593b9a696132f7,,,,,,,,,,,,,,,,,,,,,,,,,,,,,,,,,,,,,,,,,,,,,,,,,,,,,,,,,,,,44,stim_fam/044_rgray_250.png,,,,,,,,,,,,,,,,,,,,,,,,,,,,,,,,,,,,,2.12135264,1150.2717,1152.3882,,,,,,,,FALSE,,FALSE,,,,,,,,,,,,1152.3888,1152.9371,p,0.4907,,127,171,3,1,250,novel,,,FALSE,1152.9373,1152.9374,1152.9374,1152.9375,,126,0,126,0,1,,
,,,,,6971ff2ad75a932af8723d7b,2026-01-22_10h43.31.568,WP1_3,2025.2.3,MacIntel,57.80346821,5cae3e6a47494e0018328cbb,695fcc08e6593b9a696132f7,,,,,,,,,,,,,,,,,,,,,,,,,,,,,,,,,,,,,,,,,,,,,,,,,,,,,,,,,,,,36,Celebrities_Faces/036_02_greyscale_250.png,,,,,,,,,,,,,,,,,,,,,,,,,,,,,,,,,,,,,2.294500141,1152.9377,1155.2215,,,,,,,,TRUE,,FALSE,,,,,,,,,,,,1155.222,1155.7717,q,0.493,,128,121,3,1,2,familiar,,,FALSE,1155.7718,1155.772,1155.772,1155.7721,,127,0,127,0,1,,
,,,,,6971ff2ad75a932af8723d7b,2026-01-22_10h43.31.568,WP1_3,2025.2.3,MacIntel,57.80346821,5cae3e6a47494e0018328cbb,695fcc08e6593b9a696132f7,,,,,,,,,,,,,,,,,,,,,,,,,,,,,,,,,,,,,,,,,,,,,,,,,,,,,,,,,,,,58,Celebrities_Faces/058_01_greyscale_250.png,,,,,,,,,,,,,,,,,,,,,,,,,,,,,,,,,,,,,2.466374116,1155.7724,1158.2375,,,,,,,,TRUE,,FALSE,,,,,,,,,,,,1158.2381,1158.8883,p,0.5877,,129,146,3,1,1,familiar,,,FALSE,1158.8885,1158.8885,1158.8885,1158.8885,,128,0,128,0,1,,
,,,,,6971ff2ad75a932af8723d7b,2026-01-22_10h43.31.568,WP1_3,2025.2.3,MacIntel,57.80346821,5cae3e6a47494e0018328cbb,695fcc08e6593b9a696132f7,,,,,,,,,,,,,,,,,,,,,,,,,,,,,,,,,,,,,,,,,,,,,,,,,,,,,,,,,,,,33,Celebrities_Faces/033_01_greyscale_250.png,,,,,,,,,,,,,,,,,,,,,,,,,,,,,,,,,,,,,1.668633353,1158.8888,1160.5546,,,,,,,,TRUE,,FALSE,,,,,,,,,,,,1160.5555,1161.3375,q,0.7177,,130,132,3,1,1,familiar,,,FALSE,1161.3376,1161.3377,1161.3377,1161.3377,,129,0,129,0,1,,
,,,,,6971ff2ad75a932af8723d7b,2026-01-22_10h43.31.568,WP1_3,2025.2.3,MacIntel,57.80346821,5cae3e6a47494e0018328cbb,695fcc08e6593b9a696132f7,,,,,,,,,,,,,,,,,,,,,,,,,,,,,,,,,,,,,,,,,,,,,,,,,,,,,,,,,,,,12,stim_fam/012_rgray_250.png,,,,,,,,,,,,,,,,,,,,,,,,,,,,,,,,,,,,,2.026016635,1161.338,1163.3551,,,,,,,,FALSE,,FALSE,,,,,,,,,,,,1163.3557,1164.0042,p,0.5845,,131,173,3,1,250,novel,,,FALSE,1164.0045,1164.0046,1164.0046,1164.0046,,130,0,130,0,1,,
,,,,,6971ff2ad75a932af8723d7b,2026-01-22_10h43.31.568,WP1_3,2025.2.3,MacIntel,57.80346821,5cae3e6a47494e0018328cbb,695fcc08e6593b9a696132f7,,,,,,,,,,,,,,,,,,,,,,,,,,,,,,,,,,,,,,,,,,,,,,,,,,,,,,,,,,,,29,Celebrities_Faces/029_02_greyscale_250.png,,,,,,,,,,,,,,,,,,,,,,,,,,,,,,,,,,,,,2.484894433,1164.0048,1166.4877,,,,,,,,TRUE,,FALSE,,,,,,,,,,,,1166.4884,1167.1043,q,0.5693,,132,130,3,1,2,familiar,,,FALSE,1167.1044,1167.1045,1167.1045,1167.1046,,131,0,131,0,1,,
,,,,,6971ff2ad75a932af8723d7b,2026-01-22_10h43.31.568,WP1_3,2025.2.3,MacIntel,57.80346821,5cae3e6a47494e0018328cbb,695fcc08e6593b9a696132f7,,,,,,,,,,,,,,,,,,,,,,,,,,,,,,,,,,,,,,,,,,,,,,,,,,,,,,,,,,,,49,Celebrities_Faces/049_01_greyscale_250.png,,,,,,,,,,,,,,,,,,,,,,,,,,,,,,,,,,,,,1.943184977,1167.1048,1169.0384,,,,,,,,TRUE,,FALSE,,,,,,,,,,,,1169.039,1169.721,q,0.6198,,133,124,3,1,1,familiar,,,FALSE,1169.7211,1169.7212,1169.7213,1169.7213,,132,0,132,0,1,,
,,,,,6971ff2ad75a932af8723d7b,2026-01-22_10h43.31.568,WP1_3,2025.2.3,MacIntel,57.80346821,5cae3e6a47494e0018328cbb,695fcc08e6593b9a696132f7,,,,,,,,,,,,,,,,,,,,,,,,,,,,,,,,,,,,,,,,,,,,,,,,,,,,,,,,,,,,48,Celebrities_Faces/048_01_greyscale_250.png,,,,,,,,,,,,,,,,,,,,,,,,,,,,,,,,,,,,,1.552867592,1169.7216,1171.271,,,,,,,,TRUE,,FALSE,,,,,,,,,,,,1171.2716,1171.9718,q,0.6387,,134,140,3,1,1,familiar,,,FALSE,1171.9719,1171.972,1171.972,1171.972,,133,0,133,0,1,,
,,,,,6971ff2ad75a932af8723d7b,2026-01-22_10h43.31.568,WP1_3,2025.2.3,MacIntel,57.80346821,5cae3e6a47494e0018328cbb,695fcc08e6593b9a696132f7,,,,,,,,,,,,,,,,,,,,,,,,,,,,,,,,,,,,,,,,,,,,,,,,,,,,,,,,,,,,39,stim_fam/039_rgray_250.png,,,,,,,,,,,,,,,,,,,,,,,,,,,,,,,,,,,,,1.628324313,1171.9723,1173.5886,,,,,,,,FALSE,,FALSE,,,,,,,,,,,,1173.5891,1174.2717,p,0.6209,,135,164,3,1,250,novel,,,FALSE,1174.2718,1174.2718,1174.2718,1174.2718,,134,0,134,0,1,,
,,,,,6971ff2ad75a932af8723d7b,2026-01-22_10h43.31.568,WP1_3,2025.2.3,MacIntel,57.80346821,5cae3e6a47494e0018328cbb,695fcc08e6593b9a696132f7,,,,,,,,,,,,,,,,,,,,,,,,,,,,,,,,,,,,,,,,,,,,,,,,,,,,,,,,,,,,1,Celebrities_Faces/001_01_greyscale_250.png,,,,,,,,,,,,,,,,,,,,,,,,,,,,,,,,,,,,,1.67952168,1174.2719,1175.9554,,,,,,,,TRUE,,FALSE,,,,,,,,,,,,1175.9563,1176.5384,q,0.5305,,136,133,3,1,1,familiar,,,FALSE,1176.5385,1176.5385,1176.5386,1176.5386,,135,0,135,0,1,,
,,,,,6971ff2ad75a932af8723d7b,2026-01-22_10h43.31.568,WP1_3,2025.2.3,MacIntel,57.80346821,5cae3e6a47494e0018328cbb,695fcc08e6593b9a696132f7,,,,,,,,,,,,,,,,,,,,,,,,,,,,,,,,,,,,,,,,,,,,,,,,,,,,,,,,,,,,37,stim_fam/037_rgray_250.png,,,,,,,,,,,,,,,,,,,,,,,,,,,,,,,,,,,,,2.354924064,1176.5387,1178.8887,,,,,,,,FALSE,,FALSE,,,,,,,,,,,,1178.8894,1179.472,p,0.5371,,137,157,3,1,250,novel,,,FALSE,1179.4721,1179.4722,1179.4722,1179.4722,,136,0,136,0,1,,
,,,,,6971ff2ad75a932af8723d7b,2026-01-22_10h43.31.568,WP1_3,2025.2.3,MacIntel,57.80346821,5cae3e6a47494e0018328cbb,695fcc08e6593b9a696132f7,,,,,,,,,,,,,,,,,,,,,,,,,,,,,,,,,,,,,,,,,,,,,,,,,,,,,,,,,,,,3,stim_fam/003_rgray_250.png,,,,,,,,,,,,,,,,,,,,,,,,,,,,,,,,,,,,,2.441154007,1179.4724,1181.9049,,,,,,,,FALSE,,FALSE,,,,,,,,,,,,1181.9056,1182.5724,p,0.6035,,138,172,3,1,250,novel,,,FALSE,1182.5726,1182.5727,1182.5727,1182.5727,,137,0,137,0,1,,
,,,,,6971ff2ad75a932af8723d7b,2026-01-22_10h43.31.568,WP1_3,2025.2.3,MacIntel,57.80346821,5cae3e6a47494e0018328cbb,695fcc08e6593b9a696132f7,,,,,,,,,,,,,,,,,,,,,,,,,,,,,,,,,,,,,,,,,,,,,,,,,,,,,,,,,,,,59,Celebrities_Faces/059_03_greyscale_250.png,,,,,,,,,,,,,,,,,,,,,,,,,,,,,,,,,,,,,2.080333202,1182.573,1184.6556,,,,,,,,TRUE,,FALSE,,,,,,,,,,,,1184.6563,1185.189,p,0.4708,,139,135,3,1,3,familiar,,,FALSE,1185.1891,1185.1891,1185.1891,1185.1892,,138,0,138,0,1,,
,,,,,6971ff2ad75a932af8723d7b,2026-01-22_10h43.31.568,WP1_3,2025.2.3,MacIntel,57.80346821,5cae3e6a47494e0018328cbb,695fcc08e6593b9a696132f7,,,,,,,,,,,,,,,,,,,,,,,,,,,,,,,,,,,,,,,,,,,,,,,,,,,,,,,,,,,,67,stim_fam/067_rgray_250.png,,,,,,,,,,,,,,,,,,,,,,,,,,,,,,,,,,,,,1.844761519,1185.1895,1187.0225,,,,,,,,FALSE,,FALSE,,,,,,,,,,,,1187.0232,1187.6723,p,0.5826,,140,179,3,1,250,novel,,,FALSE,1187.6724,1187.6726,1187.6726,1187.6726,,139,0,139,0,1,,
,,,,,6971ff2ad75a932af8723d7b,2026-01-22_10h43.31.568,WP1_3,2025.2.3,MacIntel,57.80346821,5cae3e6a47494e0018328cbb,695fcc08e6593b9a696132f7,,,,,,,,,,,,,,,,,,,,,,,,,,,,,,,,,,,,,,,,,,,,,,,,,,,,,,,,,,,,87,stim_fam/087_rgray_250.png,,,,,,,,,,,,,,,,,,,,,,,,,,,,,,,,,,,,,2.430632369,1187.6728,1190.1057,,,,,,,,FALSE,,FALSE,,,,,,,,,,,,1190.1063,1190.8725,p,0.7123,,141,168,3,1,250,novel,,,FALSE,1190.8726,1190.8726,1190.8726,1190.8728,,140,0,140,0,1,,
,,,,,6971ff2ad75a932af8723d7b,2026-01-22_10h43.31.568,WP1_3,2025.2.3,MacIntel,57.80346821,5cae3e6a47494e0018328cbb,695fcc08e6593b9a696132f7,,,,,,,,,,,,,,,,,,,,,,,,,,,,,,,,,,,,,,,,,,,,,,,,,,,,,,,,,,,,76,stim_fam/076_rgray_250.png,,,,,,,,,,,,,,,,,,,,,,,,,,,,,,,,,,,,,2.264374669,1190.873,1193.1388,,,,,,,,FALSE,,FALSE,,,,,,,,,,,,1193.1392,1193.689,p,0.4908,,142,151,3,1,250,novel,,,FALSE,1193.6891,1193.6891,1193.6891,1193.6891,,141,0,141,0,1,,
,,,,,6971ff2ad75a932af8723d7b,2026-01-22_10h43.31.568,WP1_3,2025.2.3,MacIntel,57.80346821,5cae3e6a47494e0018328cbb,695fcc08e6593b9a696132f7,,,,,,,,,,,,,,,,,,,,,,,,,,,,,,,,,,,,,,,,,,,,,,,,,,,,,,,,,,,,99,stim_fam/099_rgray_250.png,,,,,,,,,,,,,,,,,,,,,,,,,,,,,,,,,,,,,1.95287542,1193.6894,1195.6382,,,,,,,,FALSE,,FALSE,,,,,,,,,,,,1195.6388,1196.1726,p,0.4742,,143,178,3,1,250,novel,,,FALSE,1196.1726,1196.1727,1196.1728,1196.1728,,142,0,142,0,1,,
,,,,,6971ff2ad75a932af8723d7b,2026-01-22_10h43.31.568,WP1_3,2025.2.3,MacIntel,57.80346821,5cae3e6a47494e0018328cbb,695fcc08e6593b9a696132f7,,,,,,,,,,,,,,,,,,,,,,,,,,,,,,,,,,,,,,,,,,,,,,,,,,,,,,,,,,,,68,stim_fam/068_rgray_250.png,,,,,,,,,,,,,,,,,,,,,,,,,,,,,,,,,,,,,1.726077978,1196.1731,1197.8891,,,,,,,,FALSE,,FALSE,,,,,,,,,,,,1197.8897,1198.3892,p,0.447,,144,155,3,1,250,novel,,,FALSE,1198.3893,1198.3893,1198.3894,1198.3894,,143,0,143,0,1,,
,,,,,6971ff2ad75a932af8723d7b,2026-01-22_10h43.31.568,WP1_3,2025.2.3,MacIntel,57.80346821,5cae3e6a47494e0018328cbb,695fcc08e6593b9a696132f7,,,,,,,,,,,,,,,,,,,,,,,,,,,,,,,,,,,,,,,,,,,,,,,,,,,,,,,,,,,,91,stim_fam/091_rgray_250.png,,,,,,,,,,,,,,,,,,,,,,,,,,,,,,,,,,,,,2.384739716,1198.3896,1200.7726,,,,,,,,FALSE,,FALSE,,,,,,,,,,,,1200.7731,1201.3228,p,0.4869,,145,166,3,1,250,novel,,,FALSE,1201.3229,1201.3229,1201.323,1201.323,,144,0,144,0,1,,
,,,,,6971ff2ad75a932af8723d7b,2026-01-22_10h43.31.568,WP1_3,2025.2.3,MacIntel,57.80346821,5cae3e6a47494e0018328cbb,695fcc08e6593b9a696132f7,,,,,,,,,,,,,,,,,,,,,,,,,,,,,,,,,,,,,,,,,,,,,,,,,,,,,,,,,,,,101,stim_fam/101_rgray_250.png,,,,,,,,,,,,,,,,,,,,,,,,,,,,,,,,,,,,,1.585880614,1201.3233,1202.906,,,,,,,,FALSE,,FALSE,,,,,,,,,,,,1202.9067,1203.5058,p,0.5343,,146,180,3,1,250,novel,,,FALSE,1203.5059,1203.506,1203.506,1203.506,,145,0,145,0,1,,
,,,,,6971ff2ad75a932af8723d7b,2026-01-22_10h43.31.568,WP1_3,2025.2.3,MacIntel,57.80346821,5cae3e6a47494e0018328cbb,695fcc08e6593b9a696132f7,,,,,,,,,,,,,,,,,,,,,,,,,,,,,,,,,,,,,,,,,,,,,,,,,,,,,,,,,,,,52,Celebrities_Faces/052_03_greyscale_250.png,,,,,,,,,,,,,,,,,,,,,,,,,,,,,,,,,,,,,2.286187201,1203.5063,1205.7884,,,,,,,,TRUE,,FALSE,,,,,,,,,,,,1205.789,1206.456,q,0.602,,147,136,3,1,3,familiar,,,FALSE,1206.4562,1206.4563,1206.4563,1206.4563,,146,0,146,0,1,,
,,,,,6971ff2ad75a932af8723d7b,2026-01-22_10h43.31.568,WP1_3,2025.2.3,MacIntel,57.80346821,5cae3e6a47494e0018328cbb,695fcc08e6593b9a696132f7,,,,,,,,,,,,,,,,,,,,,,,,,,,,,,,,,,,,,,,,,,,,,,,,,,,,,,,,,,,,4,Celebrities_Faces/004_02_greyscale_250.png,,,,,,,,,,,,,,,,,,,,,,,,,,,,,,,,,,,,,1.667050596,1206.4566,1208.1225,,,,,,,,TRUE,,FALSE,,,,,,,,,,,,1208.1229,1209.0061,q,0.8268,,148,134,3,1,2,familiar,,,FALSE,1209.0061,1209.0062,1209.0062,1209.0062,,147,0,147,0,1,,
,,,,,6971ff2ad75a932af8723d7b,2026-01-22_10h43.31.568,WP1_3,2025.2.3,MacIntel,57.80346821,5cae3e6a47494e0018328cbb,695fcc08e6593b9a696132f7,,,,,,,,,,,,,,,,,,,,,,,,,,,,,,,,,,,,,,,,,,,,,,,,,,,,,,,,,,,,9,stim_fam/009_rgray_250.png,,,,,,,,,,,,,,,,,,,,,,,,,,,,,,,,,,,,,1.500356065,1209.0064,1210.5063,,,,,,,,FALSE,,FALSE,,,,,,,,,,,,1210.5067,1211.2055,p,0.6337,,149,165,3,1,250,novel,,,FALSE,1211.2057,1211.2057,1211.2057,1211.2058,,148,0,148,0,1,,
,,,,,6971ff2ad75a932af8723d7b,2026-01-22_10h43.31.568,WP1_3,2025.2.3,MacIntel,57.80346821,5cae3e6a47494e0018328cbb,695fcc08e6593b9a696132f7,,,,,,,,,,,,,,,,,,,,,,,,,,,,,,,,,,,,,,,,,,,,,,,,,,,,,,,,,,,,38,stim_fam/038_rgray_250.png,,,,,,,,,,,,,,,,,,,,,,,,,,,,,,,,,,,,,1.606466674,1211.2061,1212.8062,,,,,,,,FALSE,,FALSE,,,,,,,,,,,,1212.8068,1213.4223,p,0.5636,,150,167,3,1,250,novel,,,FALSE,1213.4225,1213.4225,1213.4225,1213.4226,,149,0,149,0,1,,
,,,,,6971ff2ad75a932af8723d7b,2026-01-22_10h43.31.568,WP1_3,2025.2.3,MacIntel,57.80346821,5cae3e6a47494e0018328cbb,695fcc08e6593b9a696132f7,,,,,,,,,,,,,,,,,,,,,,,,,,,,,,,,,,,,,,,,,,,,,,,,,,,,,,,,,,,,84,stim_fam/084_rgray_250.png,,,,,,,,,,,,,,,,,,,,,,,,,,,,,,,,,,,,,1.624637725,1213.4228,1215.0391,,,,,,,,FALSE,,FALSE,,,,,,,,,,,,1215.0398,1216.0226,p,0.9304,,151,176,3,1,250,novel,,,FALSE,1216.0227,1216.0227,1216.0228,1216.0228,,150,0,150,0,1,,
,,,,,6971ff2ad75a932af8723d7b,2026-01-22_10h43.31.568,WP1_3,2025.2.3,MacIntel,57.80346821,5cae3e6a47494e0018328cbb,695fcc08e6593b9a696132f7,,,,,,,,,,,,,,,,,,,,,,,,,,,,,,,,,,,,,,,,,,,,,,,,,,,,,,,,,,,,12,Celebrities_Faces/012_02_greyscale_250.png,,,,,,,,,,,,,,,,,,,,,,,,,,,,,,,,,,,,,2.056177681,1216.023,1218.073,,,,,,,,TRUE,,FALSE,,,,,,,,,,,,1218.0736,1218.8067,q,0.6787,,152,129,3,1,2,familiar,,,FALSE,1218.8068,1218.8069,1218.8069,1218.8069,,151,0,151,0,1,,
,,,,,6971ff2ad75a932af8723d7b,2026-01-22_10h43.31.568,WP1_3,2025.2.3,MacIntel,57.80346821,5cae3e6a47494e0018328cbb,695fcc08e6593b9a696132f7,,,,,,,,,,,,,,,,,,,,,,,,,,,,,,,,,,,,,,,,,,,,,,,,,,,,,,,,,,,,9,Celebrities_Faces/009_03_greyscale_250.png,,,,,,,,,,,,,,,,,,,,,,,,,,,,,,,,,,,,,1.623052306,1218.8072,1220.423,,,,,,,,TRUE,,FALSE,,,,,,,,,,,,1220.4236,1221.2058,p,0.7189,,153,128,3,1,3,familiar,,,FALSE,1221.206,1221.2061,1221.2061,1221.2061,,152,0,152,0,1,,
,,,,,6971ff2ad75a932af8723d7b,2026-01-22_10h43.31.568,WP1_3,2025.2.3,MacIntel,57.80346821,5cae3e6a47494e0018328cbb,695fcc08e6593b9a696132f7,,,,,,,,,,,,,,,,,,,,,,,,,,,,,,,,,,,,,,,,,,,,,,,,,,,,,,,,,,,,14,Celebrities_Faces/014_02_greyscale_250.png,,,,,,,,,,,,,,,,,,,,,,,,,,,,,,,,,,,,,1.925841926,1221.2063,1223.123,,,,,,,,TRUE,,FALSE,,,,,,,,,,,,1223.1235,1223.7234,p,0.5375,,154,123,3,1,2,familiar,,,FALSE,1223.7235,1223.7235,1223.7235,1223.7236,,153,0,153,0,1,,
,,,,,6971ff2ad75a932af8723d7b,2026-01-22_10h43.31.568,WP1_3,2025.2.3,MacIntel,57.80346821,5cae3e6a47494e0018328cbb,695fcc08e6593b9a696132f7,,,,,,,,,,,,,,,,,,,,,,,,,,,,,,,,,,,,,,,,,,,,,,,,,,,,,,,,,,,,14,stim_fam/014_rgray_250.png,,,,,,,,,,,,,,,,,,,,,,,,,,,,,,,,,,,,,1.662573857,1223.7239,1225.3903,,,,,,,,FALSE,,FALSE,,,,,,,,,,,,1225.3912,1225.9899,p,0.5352,,155,153,3,1,250,novel,,,FALSE,1225.9901,1225.9901,1225.9901,1225.9902,,154,0,154,0,1,,
,,,,,6971ff2ad75a932af8723d7b,2026-01-22_10h43.31.568,WP1_3,2025.2.3,MacIntel,57.80346821,5cae3e6a47494e0018328cbb,695fcc08e6593b9a696132f7,,,,,,,,,,,,,,,,,,,,,,,,,,,,,,,,,,,,,,,,,,,,,,,,,,,,,,,,,,,,8,Celebrities_Faces/008_02_greyscale_250.png,,,,,,,,,,,,,,,,,,,,,,,,,,,,,,,,,,,,,2.144482598,1225.9905,1228.139,,,,,,,,TRUE,,FALSE,,,,,,,,,,,,1228.1397,1228.8392,q,0.6415,,156,145,3,1,2,familiar,,,FALSE,1228.8395,1228.8395,1228.8395,1228.8396,,155,0,155,0,1,,
,,,,,6971ff2ad75a932af8723d7b,2026-01-22_10h43.31.568,WP1_3,2025.2.3,MacIntel,57.80346821,5cae3e6a47494e0018328cbb,695fcc08e6593b9a696132f7,,,,,,,,,,,,,,,,,,,,,,,,,,,,,,,,,,,,,,,,,,,,,,,,,,,,,,,,,,,,57,Celebrities_Faces/057_02_greyscale_250.png,,,,,,,,,,,,,,,,,,,,,,,,,,,,,,,,,,,,,2.187985687,1228.8398,1231.0235,,,,,,,,TRUE,,FALSE,,,,,,,,,,,,1231.024,1231.7724,p,0.6872,,157,122,3,1,2,familiar,,,FALSE,1231.7726,1231.7726,1231.7726,1231.7727,,156,0,156,0,1,,
,,,,,6971ff2ad75a932af8723d7b,2026-01-22_10h43.31.568,WP1_3,2025.2.3,MacIntel,57.80346821,5cae3e6a47494e0018328cbb,695fcc08e6593b9a696132f7,,,,,,,,,,,,,,,,,,,,,,,,,,,,,,,,,,,,,,,,,,,,,,,,,,,,,,,,,,,,47,Celebrities_Faces/047_03_greyscale_250.png,,,,,,,,,,,,,,,,,,,,,,,,,,,,,,,,,,,,,2.474645368,1231.773,1234.2401,,,,,,,,TRUE,,FALSE,,,,,,,,,,,,1234.2406,1235.1403,q,0.8418,,158,125,3,1,3,familiar,,,FALSE,1235.1405,1235.1405,1235.1405,1235.1405,,157,0,157,0,1,,
,,,,,6971ff2ad75a932af8723d7b,2026-01-22_10h43.31.568,WP1_3,2025.2.3,MacIntel,57.80346821,5cae3e6a47494e0018328cbb,695fcc08e6593b9a696132f7,,,,,,,,,,,,,,,,,,,,,,,,,,,,,,,,,,,,,,,,,,,,,,,,,,,,,,,,,,,,53,stim_fam/053_rgray_250.png,,,,,,,,,,,,,,,,,,,,,,,,,,,,,,,,,,,,,2.098931529,1235.1408,1237.2399,,,,,,,,FALSE,,FALSE,,,,,,,,,,,,1237.2405,1237.8904,p,0.5858,,159,162,3,1,250,novel,,,FALSE,1237.8906,1237.8907,1237.8907,1237.8908,,158,0,158,0,1,,
,,,,,6971ff2ad75a932af8723d7b,2026-01-22_10h43.31.568,WP1_3,2025.2.3,MacIntel,57.80346821,5cae3e6a47494e0018328cbb,695fcc08e6593b9a696132f7,,,,,,,,,,,,,,,,,,,,,,,,,,,,,,,,,,,,,,,,,,,,,,,,,,,,,,,,,,,,30,stim_fam/030_rgray_250.png,,,,,,,,,,,,,,,,,,,,,,,,,,,,,,,,,,,,,2.09671342,1237.8909,1239.9905,,,,,,,,FALSE,,FALSE,,,,,,,,,,,,1239.9912,1240.7903,p,0.7439,,160,174,3,1,250,novel,,,FALSE,1240.7905,1240.7906,1240.7906,1240.7906,,159,0,159,0,1,,
,,,,,6971ff2ad75a932af8723d7b,2026-01-22_10h43.31.568,WP1_3,2025.2.3,MacIntel,57.80346821,5cae3e6a47494e0018328cbb,695fcc08e6593b9a696132f7,,,,,,,,,,,,,,,,,,,,,,,,,,,,,,,,,,,,,,,,,,,,,,,,,,,,,,,,,,,,57,stim_fam/057_rgray_250.png,,,,,,,,,,,,,,,,,,,,,,,,,,,,,,,,,,,,,1.938857728,1240.7908,1242.7237,,,,,,,,FALSE,,FALSE,,,,,,,,,,,,1242.7242,1243.4067,p,0.6212,,161,175,3,1,250,novel,,,FALSE,1243.4068,1243.4069,1243.407,1243.407,,160,0,160,0,1,,
,,,,,6971ff2ad75a932af8723d7b,2026-01-22_10h43.31.568,WP1_3,2025.2.3,MacIntel,57.80346821,5cae3e6a47494e0018328cbb,695fcc08e6593b9a696132f7,,,,,,,,,,,,,,,,,,,,,,,,,,,,,,,,,,,,,,,,,,,,,,,,,,,,,,,,,,,,61,stim_fam/061_rgray_250.png,,,,,,,,,,,,,,,,,,,,,,,,,,,,,,,,,,,,,1.976590499,1243.4072,1245.3739,,,,,,,,FALSE,,FALSE,,,,,,,,,,,,1245.3746,1246.1402,p,0.7046,,162,170,3,1,250,novel,,,FALSE,1246.1403,1246.1403,1246.1404,1246.1404,,161,0,161,0,1,,
,,,,,6971ff2ad75a932af8723d7b,2026-01-22_10h43.31.568,WP1_3,2025.2.3,MacIntel,57.80346821,5cae3e6a47494e0018328cbb,695fcc08e6593b9a696132f7,,,,,,,,,,,,,,,,,,,,,,,,,,,,,,,,,,,,,,,,,,,,,,,,,,,,,,,,,,,,31,Celebrities_Faces/031_02_greyscale_250.png,,,,,,,,,,,,,,,,,,,,,,,,,,,,,,,,,,,,,2.058908564,1246.1405,1248.1906,,,,,,,,TRUE,,FALSE,,,,,,,,,,,,1248.1914,1249.0574,p,0.8027,,163,149,3,1,2,familiar,,,FALSE,1249.0576,1249.0576,1249.0577,1249.0578,,162,0,162,0,1,,
,,,,,6971ff2ad75a932af8723d7b,2026-01-22_10h43.31.568,WP1_3,2025.2.3,MacIntel,57.80346821,5cae3e6a47494e0018328cbb,695fcc08e6593b9a696132f7,,,,,,,,,,,,,,,,,,,,,,,,,,,,,,,,,,,,,,,,,,,,,,,,,,,,,,,,,,,,38,Celebrities_Faces/038_02_greyscale_250.png,,,,,,,,,,,,,,,,,,,,,,,,,,,,,,,,,,,,,2.434852135,1249.0582,1251.4906,,,,,,,,TRUE,,FALSE,,,,,,,,,,,,1251.4911,1252.1397,q,0.5865,,164,144,3,1,2,familiar,,,FALSE,1252.1399,1252.14,1252.14,1252.1401,,163,0,163,0,1,,
,,,,,6971ff2ad75a932af8723d7b,2026-01-22_10h43.31.568,WP1_3,2025.2.3,MacIntel,57.80346821,5cae3e6a47494e0018328cbb,695fcc08e6593b9a696132f7,,,,,,,,,,,,,,,,,,,,,,,,,,,,,,,,,,,,,,,,,,,,,,,,,,,,,,,,,,,,55,Celebrities_Faces/055_01_greyscale_250.png,,,,,,,,,,,,,,,,,,,,,,,,,,,,,,,,,,,,,1.9696442,1252.1403,1254.1071,,,,,,,,TRUE,,FALSE,,,,,,,,,,,,1254.1076,1254.9574,q,0.797,,165,148,3,1,1,familiar,,,FALSE,1254.9576,1254.9576,1254.9576,1254.9576,,164,0,164,0,1,,
,,,,,6971ff2ad75a932af8723d7b,2026-01-22_10h43.31.568,WP1_3,2025.2.3,MacIntel,57.80346821,5cae3e6a47494e0018328cbb,695fcc08e6593b9a696132f7,,,,,,,,,,,,,,,,,,,,,,,,,,,,,,,,,,,,,,,,,,,,,,,,,,,,,,,,,,,,26,Celebrities_Faces/026_01_greyscale_250.png,,,,,,,,,,,,,,,,,,,,,,,,,,,,,,,,,,,,,2.024400004,1254.9579,1256.9742,,,,,,,,TRUE,,FALSE,,,,,,,,,,,,1256.9752,1257.5575,p,0.5182,,166,138,3,1,1,familiar,,,FALSE,1257.5576,1257.5577,1257.5577,1257.5577,,165,0,165,0,1,,
,,,,,6971ff2ad75a932af8723d7b,2026-01-22_10h43.31.568,WP1_3,2025.2.3,MacIntel,57.80346821,5cae3e6a47494e0018328cbb,695fcc08e6593b9a696132f7,,,,,,,,,,,,,,,,,,,,,,,,,,,,,,,,,,,,,,,,,,,,,,,,,,,,,,,,,,,,42,Celebrities_Faces/042_02_greyscale_250.png,,,,,,,,,,,,,,,,,,,,,,,,,,,,,,,,,,,,,1.570473781,1257.5579,1259.1243,,,,,,,,TRUE,,FALSE,,,,,,,,,,,,1259.1249,1259.7244,p,0.5369,,167,126,3,1,2,familiar,,,FALSE,1259.7246,1259.7247,1259.7247,1259.7247,,166,0,166,0,1,,
,,,,,6971ff2ad75a932af8723d7b,2026-01-22_10h43.31.568,WP1_3,2025.2.3,MacIntel,57.80346821,5cae3e6a47494e0018328cbb,695fcc08e6593b9a696132f7,,,,,,,,,,,,,,,,,,,,,,,,,,,,,,,,,,,,,,,,,,,,,,,,,,,,,,,,,,,,41,stim_fam/041_rgray_250.png,,,,,,,,,,,,,,,,,,,,,,,,,,,,,,,,,,,,,1.826621625,1259.7251,1261.5408,,,,,,,,FALSE,,FALSE,,,,,,,,,,,,1261.5415,1262.3907,p,0.7976,,168,156,3,1,250,novel,,,FALSE,1262.3908,1262.3909,1262.3909,1262.3909,,167,0,167,0,1,,
,,,,,6971ff2ad75a932af8723d7b,2026-01-22_10h43.31.568,WP1_3,2025.2.3,MacIntel,57.80346821,5cae3e6a47494e0018328cbb,695fcc08e6593b9a696132f7,,,,,,,,,,,,,,,,,,,,,,,,,,,,,,,,,,,,,,,,,,,,,,,,,,,,,,,,,,,,28,Celebrities_Faces/028_01_greyscale_250.png,,,,,,,,,,,,,,,,,,,,,,,,,,,,,,,,,,,,,2.334222028,1262.3912,1264.7242,,,,,,,,TRUE,,FALSE,,,,,,,,,,,,1264.7247,1265.7744,q,0.9989,,169,142,3,1,1,familiar,,,FALSE,1265.7746,1265.7747,1265.7747,1265.7747,,168,0,168,0,1,,
,,,,,6971ff2ad75a932af8723d7b,2026-01-22_10h43.31.568,WP1_3,2025.2.3,MacIntel,57.80346821,5cae3e6a47494e0018328cbb,695fcc08e6593b9a696132f7,,,,,,,,,,,,,,,,,,,,,,,,,,,,,,,,,,,,,,,,,,,,,,,,,,,,,,,,,,,,95,stim_fam/095_rgray_250.png,,,,,,,,,,,,,,,,,,,,,,,,,,,,,,,,,,,,,2.461308531,1265.7749,1268.2242,,,,,,,,FALSE,,FALSE,,,,,,,,,,,,1268.2247,1268.8578,p,0.5678,,170,158,3,1,250,novel,,,FALSE,1268.8578,1268.8579,1268.8579,1268.858,,169,0,169,0,1,,
,,,,,6971ff2ad75a932af8723d7b,2026-01-22_10h43.31.568,WP1_3,2025.2.3,MacIntel,57.80346821,5cae3e6a47494e0018328cbb,695fcc08e6593b9a696132f7,,,,,,,,,,,,,,,,,,,,,,,,,,,,,,,,,,,,,,,,,,,,,,,,,,,,,,,,,,,,46,Celebrities_Faces/046_01_greyscale_250.png,,,,,,,,,,,,,,,,,,,,,,,,,,,,,,,,,,,,,2.087493266,1268.8582,1270.9411,,,,,,,,TRUE,,FALSE,,,,,,,,,,,,1270.9416,1271.824,p,0.82,,171,127,3,1,1,familiar,,,FALSE,1271.8242,1271.8243,1271.8243,1271.8244,,170,0,170,0,1,,
,,,,,6971ff2ad75a932af8723d7b,2026-01-22_10h43.31.568,WP1_3,2025.2.3,MacIntel,57.80346821,5cae3e6a47494e0018328cbb,695fcc08e6593b9a696132f7,,,,,,,,,,,,,,,,,,,,,,,,,,,,,,,,,,,,,,,,,,,,,,,,,,,,,,,,,,,,102,stim_fam/102_rgray_250.png,,,,,,,,,,,,,,,,,,,,,,,,,,,,,,,,,,,,,2.490803792,1271.8246,1274.3078,,,,,,,,FALSE,,FALSE,,,,,,,,,,,,1274.3085,1274.8568,p,0.4839,,172,152,3,1,250,novel,,,FALSE,1274.857,1274.857,1274.857,1274.8571,,171,0,171,0,1,,
,,,,,6971ff2ad75a932af8723d7b,2026-01-22_10h43.31.568,WP1_3,2025.2.3,MacIntel,57.80346821,5cae3e6a47494e0018328cbb,695fcc08e6593b9a696132f7,,,,,,,,,,,,,,,,,,,,,,,,,,,,,,,,,,,,,,,,,,,,,,,,,,,,,,,,,,,,30,Celebrities_Faces/030_03_greyscale_250.png,,,,,,,,,,,,,,,,,,,,,,,,,,,,,,,,,,,,,2.180022928,1274.8573,1277.0415,,,,,,,,TRUE,,FALSE,,,,,,,,,,,,1277.0425,1278.0579,q,0.9529,,173,147,3,1,3,familiar,,,FALSE,1278.058,1278.0581,1278.0582,1278.0582,,172,0,172,0,1,,
,,,,,6971ff2ad75a932af8723d7b,2026-01-22_10h43.31.568,WP1_3,2025.2.3,MacIntel,57.80346821,5cae3e6a47494e0018328cbb,695fcc08e6593b9a696132f7,,,,,,,,,,,,,,,,,,,,,,,,,,,,,,,,,,,,,,,,,,,,,,,,,,,,,,,,,,,,50,Celebrities_Faces/050_03_greyscale_250.png,,,,,,,,,,,,,,,,,,,,,,,,,,,,,,,,,,,,,1.90214553,1278.0584,1279.9577,,,,,,,,TRUE,,FALSE,,,,,,,,,,,,1279.9582,1280.6415,p,0.6318,,174,139,3,1,3,familiar,,,FALSE,1280.6416,1280.6416,1280.6417,1280.6417,,173,0,173,0,1,,
,,,,,6971ff2ad75a932af8723d7b,2026-01-22_10h43.31.568,WP1_3,2025.2.3,MacIntel,57.80346821,5cae3e6a47494e0018328cbb,695fcc08e6593b9a696132f7,,,,,,,,,,,,,,,,,,,,,,,,,,,,,,,,,,,,,,,,,,,,,,,,,,,,,,,,,,,,74,stim_fam/074_rgray_250.png,,,,,,,,,,,,,,,,,,,,,,,,,,,,,,,,,,,,,2.275763757,1280.6421,1282.9081,,,,,,,,FALSE,,FALSE,,,,,,,,,,,,1282.9087,1283.6248,p,0.6502,,175,169,3,1,250,novel,,,FALSE,1283.625,1283.6251,1283.6251,1283.6251,,174,0,174,0,1,,
,,,,,6971ff2ad75a932af8723d7b,2026-01-22_10h43.31.568,WP1_3,2025.2.3,MacIntel,57.80346821,5cae3e6a47494e0018328cbb,695fcc08e6593b9a696132f7,,,,,,,,,,,,,,,,,,,,,,,,,,,,,,,,,,,,,,,,,,,,,,,,,,,,,,,,,,,,82,stim_fam/082_rgray_250.png,,,,,,,,,,,,,,,,,,,,,,,,,,,,,,,,,,,,,2.305677227,1283.6253,1285.9246,,,,,,,,FALSE,,FALSE,,,,,,,,,,,,1285.9253,1286.7244,p,0.7361,,176,154,3,1,250,novel,,,FALSE,1286.7246,1286.7246,1286.7246,1286.7246,,175,0,175,0,1,,
,,,,,6971ff2ad75a932af8723d7b,2026-01-22_10h43.31.568,WP1_3,2025.2.3,MacIntel,57.80346821,5cae3e6a47494e0018328cbb,695fcc08e6593b9a696132f7,,,,,,,,,,,,,,,,,,,,,,,,,,,,,,,,,,,,,,,,,,,,,,,,,,,,,,,,,,,,34,Celebrities_Faces/034_01_greyscale_250.png,,,,,,,,,,,,,,,,,,,,,,,,,,,,,,,,,,,,,2.483352894,1286.7249,1289.2081,,,,,,,,TRUE,,FALSE,,,,,,,,,,,,1289.2087,1289.9751,q,0.7028,,177,143,3,1,1,familiar,,,FALSE,1289.9752,1289.9753,1289.9753,1289.9753,,176,0,176,0,1,,
,,,,,6971ff2ad75a932af8723d7b,2026-01-22_10h43.31.568,WP1_3,2025.2.3,MacIntel,57.80346821,5cae3e6a47494e0018328cbb,695fcc08e6593b9a696132f7,,,,,,,,,,,,,,,,,,,,,,,,,,,,,,,,,,,,,,,,,,,,,,,,,,,,,,,,,,,,10,stim_fam/010_rgray_250.png,,,,,,,,,,,,,,,,,,,,,,,,,,,,,,,,,,,,,1.809151587,1289.9756,1291.7751,,,,,,,,FALSE,,FALSE,,,,,,,,,,,,1291.7757,1292.5081,p,0.6664,,178,161,3,1,250,novel,,,FALSE,1292.5083,1292.5083,1292.5083,1292.5085,,177,0,177,0,1,,
,,,,,6971ff2ad75a932af8723d7b,2026-01-22_10h43.31.568,WP1_3,2025.2.3,MacIntel,57.80346821,5cae3e6a47494e0018328cbb,695fcc08e6593b9a696132f7,,,,,,,,,,,,,,,,,,,,,,,,,,,,,,,,,,,,,,,,,,,,,,,,,,,,,,,,,,,,51,Celebrities_Faces/051_02_greyscale_250.png,,,,,,,,,,,,,,,,,,,,,,,,,,,,,,,,,,,,,1.803782579,1292.5087,1294.3083,,,,,,,,TRUE,,FALSE,,,,,,,,,,,,1294.3089,1295.0748,q,0.7098,,179,150,3,1,2,familiar,,,FALSE,1295.075,1295.075,1295.075,1295.0751,,178,0,178,0,1,,
,,,,,6971ff2ad75a932af8723d7b,2026-01-22_10h43.31.568,WP1_3,2025.2.3,MacIntel,57.80346821,5cae3e6a47494e0018328cbb,695fcc08e6593b9a696132f7,,,,,,,,,,,,,,,,,,,,,,,,,,,,,,,,,,,,,,,,,,,,,,,,,,,,,,,,,,,,45,Celebrities_Faces/045_02_greyscale_250.png,,,,,,,,,,,,,,,,,,,,,,,,,,,,,,,,,,,,,1.983659562,1295.0752,1297.0586,,,,,,,,TRUE,,FALSE,,,,,,,,,,,,1297.0594,1297.7244,q,0.6107,,180,141,3,1,2,familiar,,,FALSE,1297.7245,1297.7246,1297.7246,1297.7246,,179,0,179,0,1,,
