Study_information_1.started,Study_information_1.stopped,key_resp.keys,key_resp.rt,key_resp.duration,session,date,expName,psychopyVersion,OS,frameRate,participant,study_id,Study_information_2.started,Study_information_2.stopped,key_resp_2.keys,key_resp_2.rt,key_resp_2.duration,Study_information_3.started,Study_information_3.stopped,key_resp_3.keys,key_resp_3.rt,key_resp_3.duration,Consent.started,Consent.stopped,key_resp_5.keys,key_resp_5.rt,key_resp_5.duration,Instruction_1.started,Instruction_1.stopped,space_cont.keys,space_cont.rt,space_cont.duration,Instruction_2.started,Instruction_2.stopped,space_cont_2.keys,space_cont_2.rt,space_cont_2.duration,Instruction_3.started,Instruction_3.stopped,space_cont_3.keys,space_cont_3.rt,space_cont_3.duration,Instruction_4.started,Instruction_4.stopped,space_cont_4.keys,space_cont_4.rt,space_cont_4.duration,Instruction_5.started,Instruction_5.stopped,space_cont_5.keys,space_cont_5.rt,space_cont_5.duration,Familiarity_Rating.started,Familiarity_Rating.stopped,familiarity_scale.response,familiarity_scale.rt,key_resp_familiarity.keys,familiarity_rating,Valence_Rating.started,Valence_Rating.stopped,valence_scale.response,valence_scale.rt,key_resp_valence.keys,key_resp_valence.rt,key_resp_valence.duration,valence_rating,Name_Selection.started,Name_Selection.stopped,key_resp_naming.keys,key_resp_naming.rt,key_resp_naming.duration,identity_no,image_file,correct_name,selected_name_option,selected_name,correct_name_option,name_correct,qualifies_for_part2,qualified_count_so_far,trials_rating.thisRepN,trials_rating.thisTrialN,trials_rating.thisN,trials_rating.thisIndex,trials_rating.ran,Identity_no,Image,Option1,Option2,Option3,Option4,CorrectName,selection_method,num_selected_identities,qualified_identity_nos,break_1.started,break_1.stopped,Load_Recognition_Trials.started,Load_Recognition_Trials.stopped,Instruction_recog_1.started,Instruction_recog_1.stopped,space_cont_6.keys,space_cont_6.rt,space_cont_6.duration,Instruction_recog_2.started,Instruction_recog_2.stopped,space_cont_7.keys,space_cont_7.rt,space_cont_7.duration,fixation_duration,fix_cross.started,fix_cross.stopped,Practice_Recognition_Trial.started,Practice_Recognition_Trial.stopped,key_resp_practice.keys,key_resp_practice.rt,key_resp_practice.duration,is_practice,practice_trial_number,is_familiar,participant_response,too_slow,response_time,practice_trials.thisRepN,practice_trials.thisTrialN,practice_trials.thisN,practice_trials.thisIndex,practice_trials.ran,Instruction_recog.started,Instruction_recog.stopped,space_cont_8.keys,space_cont_8.rt,space_cont_8.duration,Recognition_trials.started,Recognition_trials.stopped,key_resp_recognition.keys,key_resp_recognition.rt,key_resp_recognition.duration,recognition_trial_number,original_trial_number,block,trial_in_block,orientation,identity_type,response_familiar,correct,valid_response,Too_slow.started,Too_slow.stopped,break_recog.started,break_recog.stopped,key_resp_6.keys,trials.thisRepN,trials.thisTrialN,trials.thisN,trials.thisIndex,trials.ran,key_resp_6.rt,key_resp_6.duration
0.0004,5.7552,space,5.7139,,69720089895520325b6ad66d,2026-01-22_11h09.26.854,WP1_3,2025.2.3,Win32,142.8571429,62aa591a476ebabe28612a92,695fcc08e6593b9a696132f7,,,,,,,,,,,,,,,,,,,,,,,,,,,,,,,,,,,,,,,,,,,,,,,,,,,,,,,,,,,,,,,,,,,,,,,,,,,,,,,,,,,,,,,,,,,,,,,,,,,,,,,,,,,,,,,,,,,,,,,,,,,,,,,,,,,,,,,,,,,,,,,,,,,
,,,,,69720089895520325b6ad66d,2026-01-22_11h09.26.854,WP1_3,2025.2.3,Win32,142.8571429,62aa591a476ebabe28612a92,695fcc08e6593b9a696132f7,5.7554,8.6718,space,2.9012,,,,,,,,,,,,,,,,,,,,,,,,,,,,,,,,,,,,,,,,,,,,,,,,,,,,,,,,,,,,,,,,,,,,,,,,,,,,,,,,,,,,,,,,,,,,,,,,,,,,,,,,,,,,,,,,,,,,,,,,,,,,,,,,,,,,,,,,,,,,,,,
,,,,,69720089895520325b6ad66d,2026-01-22_11h09.26.854,WP1_3,2025.2.3,Win32,142.8571429,62aa591a476ebabe28612a92,695fcc08e6593b9a696132f7,,,,,,8.6719,20.2547,space,11.5507,,,,,,,,,,,,,,,,,,,,,,,,,,,,,,,,,,,,,,,,,,,,,,,,,,,,,,,,,,,,,,,,,,,,,,,,,,,,,,,,,,,,,,,,,,,,,,,,,,,,,,,,,,,,,,,,,,,,,,,,,,,,,,,,,,,,,,,,,,
,,,,,69720089895520325b6ad66d,2026-01-22_11h09.26.854,WP1_3,2025.2.3,Win32,142.8571429,62aa591a476ebabe28612a92,695fcc08e6593b9a696132f7,,,,,,,,,,,20.2547,31.7746,space,11.4763,,,,,,,,,,,,,,,,,,,,,,,,,,,,,,,,,,,,,,,,,,,,,,,,,,,,,,,,,,,,,,,,,,,,,,,,,,,,,,,,,,,,,,,,,,,,,,,,,,,,,,,,,,,,,,,,,,,,,,,,,,,,,,,,,,,,,
,,,,,69720089895520325b6ad66d,2026-01-22_11h09.26.854,WP1_3,2025.2.3,Win32,142.8571429,62aa591a476ebabe28612a92,695fcc08e6593b9a696132f7,,,,,,,,,,,,,,,,31.7748,1975.0675,space,1943.2734,,,,,,,,,,,,,,,,,,,,,,,,,,,,,,,,,,,,,,,,,,,,,,,,,,,,,,,,,,,,,,,,,,,,,,,,,,,,,,,,,,,,,,,,,,,,,,,,,,,,,,,,,,,,,,,,,,,,,,,,,,,,,,,,
,,,,,69720089895520325b6ad66d,2026-01-22_11h09.26.854,WP1_3,2025.2.3,Win32,142.8571429,62aa591a476ebabe28612a92,695fcc08e6593b9a696132f7,,,,,,,,,,,,,,,,,,,,,1975.0677,2242.8257,space,267.7386,,,,,,,,,,,,,,,,,,,,,,,,,,,,,,,,,,,,,,,,,,,,,,,,,,,,,,,,,,,,,,,,,,,,,,,,,,,,,,,,,,,,,,,,,,,,,,,,,,,,,,,,,,,,,,,,,,,,,,,,,,,
,,,,,69720089895520325b6ad66d,2026-01-22_11h09.26.854,WP1_3,2025.2.3,Win32,142.8571429,62aa591a476ebabe28612a92,695fcc08e6593b9a696132f7,,,,,,,,,,,,,,,,,,,,,,,,,,2242.8259,2247.5628,space,4.7315,,,,,,,,,,,,,,,,,,,,,,,,,,,,,,,,,,,,,,,,,,,,,,,,,,,,,,,,,,,,,,,,,,,,,,,,,,,,,,,,,,,,,,,,,,,,,,,,,,,,,,,,,,,,,,,,,,,,,,
,,,,,69720089895520325b6ad66d,2026-01-22_11h09.26.854,WP1_3,2025.2.3,Win32,142.8571429,62aa591a476ebabe28612a92,695fcc08e6593b9a696132f7,,,,,,,,,,,,,,,,,,,,,,,,,,,,,,,2247.5629,2248.4922,space,0.9211,,,,,,,,,,,,,,,,,,,,,,,,,,,,,,,,,,,,,,,,,,,,,,,,,,,,,,,,,,,,,,,,,,,,,,,,,,,,,,,,,,,,,,,,,,,,,,,,,,,,,,,,,,,,,,,,,
,,,,,69720089895520325b6ad66d,2026-01-22_11h09.26.854,WP1_3,2025.2.3,Win32,142.8571429,62aa591a476ebabe28612a92,695fcc08e6593b9a696132f7,,,,,,,,,,,,,,,,,,,,,,,,,,,,,,,,,,,,2248.4924,2249.3743,space,0.875,,,,,,,,,,,,,,,,,,,,,,,,,,,,,,,,,,,,,,,,,,,,,,,,,,,,,,,,,,,,,,,,,,,,,,,,,,,,,,,,,,,,,,,,,,,,,,,,,,,,,,,,,,,,
,,,,,69720089895520325b6ad66d,2026-01-22_11h09.26.854,WP1_3,2025.2.3,Win32,142.8571429,62aa591a476ebabe28612a92,695fcc08e6593b9a696132f7,,,,,,,,,,,,,,,,,,,,,,,,,,,,,,,,,,,,,,,,,2249.3802,2253.1244,,,,10,2253.1249,2255.3049,,,"[""right"",""right"",""space""]","[1.5929000000060114,1.7731000000089807,2.0527000000029147]","[null,null,null]",7,2255.3055,2257.7702,space,2.3354,,10,Celebrities_Faces/010_rating.jpg,Bruce Willis,0,Bruce Willis,0,TRUE,TRUE,1,0,0,0,9,1,10,Celebrities_Faces/010_rating.jpg,Bruce Willis,Arnold Schwarzeneger,George Clooney,Robert De Niro,Bruce Willis,,,,,,,,,,,,,,,,,,,,,,,,,,,,,,,,,,,,,,,,,,,,,,,,,,,,,,,,,,,,,,,,,,,
,,,,,69720089895520325b6ad66d,2026-01-22_11h09.26.854,WP1_3,2025.2.3,Win32,142.8571429,62aa591a476ebabe28612a92,695fcc08e6593b9a696132f7,,,,,,,,,,,,,,,,,,,,,,,,,,,,,,,,,,,,,,,,,2257.7708,2260.7076,,,,8,2260.7079,2262.6589,,,"[""right"",""left"",""left"",""right"",""right"",""space""]","[0.7984000000060405,1.0884000000060041,1.282400000005964,1.4674000000059095,1.721400000005815,1.8564000000060332]","[null,null,null,null,null,null]",6,2262.66,2264.3395,space,1.5802,,35,Celebrities_Faces/035_rating.jpg,Lindsay Lohan,3,Lindsay Lohan,3,TRUE,TRUE,2,0,1,1,34,1,35,Celebrities_Faces/035_rating.jpg,Anya Taylor-Joy,Millie Bobby Brown,Keira Knightley,Lindsay Lohan,Lindsay Lohan,,,,,,,,,,,,,,,,,,,,,,,,,,,,,,,,,,,,,,,,,,,,,,,,,,,,,,,,,,,,,,,,,,,
,,,,,69720089895520325b6ad66d,2026-01-22_11h09.26.854,WP1_3,2025.2.3,Win32,142.8571429,62aa591a476ebabe28612a92,695fcc08e6593b9a696132f7,,,,,,,,,,,,,,,,,,,,,,,,,,,,,,,,,,,,,,,,,2264.34,2265.8742,,,,10,2265.8747,2267.0547,,,"[""right"",""right"",""right"",""right"",""space""]","[0.3510999999939486,0.5188999999909356,0.6708999999909793,0.8477999999968233,1.149599999993825]","[null,null,null,null,null]",9,2267.0555,2267.9992,space,0.9156,,58,Celebrities_Faces/058_rating.jpg,Nicole Kidman,2,Nicole Kidman,2,TRUE,TRUE,3,0,2,2,57,1,58,Celebrities_Faces/058_rating.jpg,Millie Bobby Brown,Greta Thunberg,Nicole Kidman,Julia Roberts,Nicole Kidman,,,,,,,,,,,,,,,,,,,,,,,,,,,,,,,,,,,,,,,,,,,,,,,,,,,,,,,,,,,,,,,,,,,
,,,,,69720089895520325b6ad66d,2026-01-22_11h09.26.854,WP1_3,2025.2.3,Win32,142.8571429,62aa591a476ebabe28612a92,695fcc08e6593b9a696132f7,,,,,,,,,,,,,,,,,,,,,,,,,,,,,,,,,,,,,,,,,2267.9997,2269.4228,,,,10,2269.4231,2271.3673,,,"[""right"",""right"",""right"",""left"",""left"",""left"",""left"",""left"",""left"",""space""]","[0.388200000003053,0.5654000000058659,0.7264000000059241,0.938499999999749,1.1075000000000728,1.2592999999969834,1.4181000000089625,1.5695000000000618,1.7304000000058295,1.8534000000058768]","[null,null,null,null,null,null,null,null,null,null]",2,2271.3682,2272.8187,space,1.358,,30,Celebrities_Faces/030_rating.jpg,Tom Cruise,0,Tom Cruise,0,TRUE,TRUE,4,0,3,3,29,1,30,Celebrities_Faces/030_rating.jpg,Tom Cruise,Lionel Messi,Chris Evans,Bruce Willis,Tom Cruise,,,,,,,,,,,,,,,,,,,,,,,,,,,,,,,,,,,,,,,,,,,,,,,,,,,,,,,,,,,,,,,,,,,
,,,,,69720089895520325b6ad66d,2026-01-22_11h09.26.854,WP1_3,2025.2.3,Win32,142.8571429,62aa591a476ebabe28612a92,695fcc08e6593b9a696132f7,,,,,,,,,,,,,,,,,,,,,,,,,,,,,,,,,,,,,,,,,2272.8192,2274.8256,,,,10,2274.8259,2275.9714,,,"[""right"",""right"",""right"",""right"",""space""]","[0.4234999999998763,0.597399999991012,0.7425999999941268,0.9432999999971798,1.0425000000000182]","[null,null,null,null,null]",9,2275.9723,2278.034,space,1.957,,9,Celebrities_Faces/009_rating.jpg,Bradley Cooper,2,Bradley Cooper,2,TRUE,TRUE,5,0,4,4,8,1,9,Celebrities_Faces/009_rating.jpg,Chris Hemsworth,Tom Cruise,Bradley Cooper,Lebron James,Bradley Cooper,,,,,,,,,,,,,,,,,,,,,,,,,,,,,,,,,,,,,,,,,,,,,,,,,,,,,,,,,,,,,,,,,,,
,,,,,69720089895520325b6ad66d,2026-01-22_11h09.26.854,WP1_3,2025.2.3,Win32,142.8571429,62aa591a476ebabe28612a92,695fcc08e6593b9a696132f7,,,,,,,,,,,,,,,,,,,,,,,,,,,,,,,,,,,,,,,,,2278.0345,2279.5341,,,,10,2279.5344,2280.6313,,,"[""right"",""right"",""right"",""right"",""space""]","[0.35029999999733263,0.5125999999941087,0.6629000000061751,0.8087000000032276,1.0657999999971253]","[null,null,null,null,null]",9,2280.6322,2281.7633,space,1.0985,,17,Celebrities_Faces/017_rating.jpg,Hugh Jackman,1,Hugh Jackman,1,TRUE,TRUE,6,0,5,5,16,1,17,Celebrities_Faces/017_rating.jpg,Keanu Reeves,Hugh Jackman,Ewan McGregor,Tom Cruise,Hugh Jackman,,,,,,,,,,,,,,,,,,,,,,,,,,,,,,,,,,,,,,,,,,,,,,,,,,,,,,,,,,,,,,,,,,,
,,,,,69720089895520325b6ad66d,2026-01-22_11h09.26.854,WP1_3,2025.2.3,Win32,142.8571429,62aa591a476ebabe28612a92,695fcc08e6593b9a696132f7,,,,,,,,,,,,,,,,,,,,,,,,,,,,,,,,,,,,,,,,,2281.7638,2284.0339,,,,7,2284.0343,2285.4715,,,"[""right"",""left"",""space""]","[0.8934000000058404,1.1965000000000146,1.3937000000028092]","[null,null,null]",5,2285.4724,2287.0271,space,1.4981,,55,Celebrities_Faces/055_rating.jpg,Charlize Theron,1,Margot Robbie,3,FALSE,FALSE,6,0,6,6,54,1,55,Celebrities_Faces/055_rating.jpg,Natalie Portman,Margot Robbie,Angelina Jolie,Charlize Theron,Charlize Theron,,,,,,,,,,,,,,,,,,,,,,,,,,,,,,,,,,,,,,,,,,,,,,,,,,,,,,,,,,,,,,,,,,,
,,,,,69720089895520325b6ad66d,2026-01-22_11h09.26.854,WP1_3,2025.2.3,Win32,142.8571429,62aa591a476ebabe28612a92,695fcc08e6593b9a696132f7,,,,,,,,,,,,,,,,,,,,,,,,,,,,,,,,,,,,,,,,,2287.0275,2288.5827,,,,10,2288.5832,2291.5201,,,"[""left"",""left"",""left"",""left"",""left"",""left"",""right"",""right"",""right"",""right"",""right"",""right"",""right"",""right"",""right"",""right"",""space""]","[0.25129999999717256,0.39329999999699794,0.5502999999971507,0.70699999999988,0.858199999988301,1.002199999988079,1.1252999999969688,1.3430999999941378,1.4923999999909938,1.6376999999879445,1.7941999999879954,1.9371999999880245,2.0851999999881627,2.2301999999881446,2.384099999994305,2.5340999999939413,2.791399999990972]","[null,null,null,null,null,null,null,null,null,null,null,null,null,null,null,null,null]",10,2291.5209,2292.6174,space,0.9566,,5,Celebrities_Faces/005_rating.jpg,Lionel Messi,0,Lionel Messi,0,TRUE,TRUE,7,0,7,7,4,1,5,Celebrities_Faces/005_rating.jpg,Lionel Messi,Matt Damon,Cristiano Ronaldo,Lebron James,Lionel Messi,,,,,,,,,,,,,,,,,,,,,,,,,,,,,,,,,,,,,,,,,,,,,,,,,,,,,,,,,,,,,,,,,,,
,,,,,69720089895520325b6ad66d,2026-01-22_11h09.26.854,WP1_3,2025.2.3,Win32,142.8571429,62aa591a476ebabe28612a92,695fcc08e6593b9a696132f7,,,,,,,,,,,,,,,,,,,,,,,,,,,,,,,,,,,,,,,,,2292.6178,2294.1382,,,,10,2294.1385,2295.166,,,"[""right"",""right"",""right"",""right"",""right"",""space""]","[0.18729999999732172,0.34719999998833373,0.49450000000024374,0.6343999999912739,0.7772999999970125,0.9527999999972963]","[null,null,null,null,null,null]",10,2295.1669,2296.4368,space,1.1962,,8,Celebrities_Faces/008_rating.jpg,Brad Pitt,3,Brad Pitt,3,TRUE,TRUE,8,0,8,8,7,1,8,Celebrities_Faces/008_rating.jpg,Cristiano Ronaldo,Daniel Craig,Lionel Messi,Brad Pitt,Brad Pitt,,,,,,,,,,,,,,,,,,,,,,,,,,,,,,,,,,,,,,,,,,,,,,,,,,,,,,,,,,,,,,,,,,,
,,,,,69720089895520325b6ad66d,2026-01-22_11h09.26.854,WP1_3,2025.2.3,Win32,142.8571429,62aa591a476ebabe28612a92,695fcc08e6593b9a696132f7,,,,,,,,,,,,,,,,,,,,,,,,,,,,,,,,,,,,,,,,,2296.4373,2298.5202,,,,8,2298.5205,2300.2773,,,"[""left"",""left"",""space""]","[1.3485000000000582,1.5097000000027947,1.6196000000090862]","[null,null,null]",3,2300.278,2301.2355,space,0.8198,,33,Celebrities_Faces/033_rating.jpg,Simone Biles,1,Simone Biles,1,TRUE,TRUE,9,0,9,9,32,1,33,Celebrities_Faces/033_rating.jpg,Greta Thunberg,Simone Biles,Lindsay Lohan,Anya Taylor-Joy,Simone Biles,,,,,,,,,,,,,,,,,,,,,,,,,,,,,,,,,,,,,,,,,,,,,,,,,,,,,,,,,,,,,,,,,,,
,,,,,69720089895520325b6ad66d,2026-01-22_11h09.26.854,WP1_3,2025.2.3,Win32,142.8571429,62aa591a476ebabe28612a92,695fcc08e6593b9a696132f7,,,,,,,,,,,,,,,,,,,,,,,,,,,,,,,,,,,,,,,,,2301.236,2302.6868,,,,10,2302.6872,2303.9994,,,"[""right"",""right"",""right"",""right"",""right"",""space""]","[0.4992999999967651,0.6817000000028202,0.8549000000057276,1.0049000000058186,1.1612000000027365,1.2919000000056258]","[null,null,null,null,null,null]",10,2304.0003,2305.298,space,1.2795,,53,Celebrities_Faces/053_rating.jpg,Keira Knightley,3,Keira Knightley,3,TRUE,TRUE,10,0,10,10,52,1,53,Celebrities_Faces/053_rating.jpg,Anne Hathaway,Emma Stone,Olivia Rodrigo,Keira Knightley,Keira Knightley,,,,,,,,,,,,,,,,,,,,,,,,,,,,,,,,,,,,,,,,,,,,,,,,,,,,,,,,,,,,,,,,,,,
,,,,,69720089895520325b6ad66d,2026-01-22_11h09.26.854,WP1_3,2025.2.3,Win32,142.8571429,62aa591a476ebabe28612a92,695fcc08e6593b9a696132f7,,,,,,,,,,,,,,,,,,,,,,,,,,,,,,,,,,,,,,,,,2305.2984,2306.8396,,,,10,2306.8399,2307.9995,,,"[""right"",""right"",""right"",""right"",""right"",""space""]","[0.23099999999976717,0.395900000005895,0.5657999999966705,0.7207999999968706,1.0119000000058804,1.1249000000057094]","[null,null,null,null,null,null]",10,2308.0004,2309.1382,space,1.101,,13,Celebrities_Faces/013_rating.jpg,Denzel Washighton,0,Denzel Washighton,0,TRUE,TRUE,11,0,11,11,12,1,13,Celebrities_Faces/013_rating.jpg,Denzel Washighton,Chris Hemsworth,Matt Damon,George W.Bush,Denzel Washighton,,,,,,,,,,,,,,,,,,,,,,,,,,,,,,,,,,,,,,,,,,,,,,,,,,,,,,,,,,,,,,,,,,,
,,,,,69720089895520325b6ad66d,2026-01-22_11h09.26.854,WP1_3,2025.2.3,Win32,142.8571429,62aa591a476ebabe28612a92,695fcc08e6593b9a696132f7,,,,,,,,,,,,,,,,,,,,,,,,,,,,,,,,,,,,,,,,,2309.1386,2311.4715,,,,9,2311.4718,2312.4091,,,"[""right"",""right"",""space""]","[0.5507999999972526,0.7185999999942396,0.8885000000000218]","[null,null,null]",7,2312.4101,2313.3259,space,0.8616,,46,Celebrities_Faces/046_rating.jpg,Emma Stone,1,Emma Stone,1,TRUE,TRUE,12,0,12,12,45,1,46,Celebrities_Faces/046_rating.jpg,Halle Berry,Emma Stone,Emma Watson,Taylor Swift,Emma Stone,,,,,,,,,,,,,,,,,,,,,,,,,,,,,,,,,,,,,,,,,,,,,,,,,,,,,,,,,,,,,,,,,,,
,,,,,69720089895520325b6ad66d,2026-01-22_11h09.26.854,WP1_3,2025.2.3,Win32,142.8571429,62aa591a476ebabe28612a92,695fcc08e6593b9a696132f7,,,,,,,,,,,,,,,,,,,,,,,,,,,,,,,,,,,,,,,,,2313.3262,2314.923,,,,10,2314.9234,2315.5967,,,"[""right"",""right"",""space""]","[0.20409999999401407,0.3662000000031185,0.6305999999940468]","[null,null,null]",7,2315.5978,2317.5481,space,1.9083,,12,Celebrities_Faces/012_rating.jpg,Daniel Radcliffe,3,Daniel Radcliffe,3,TRUE,TRUE,13,0,13,13,11,1,12,Celebrities_Faces/012_rating.jpg,Bruce Willis,Ryan Reynolds,Ewan McGregor,Daniel Radcliffe,Daniel Radcliffe,,,,,,,,,,,,,,,,,,,,,,,,,,,,,,,,,,,,,,,,,,,,,,,,,,,,,,,,,,,,,,,,,,,
,,,,,69720089895520325b6ad66d,2026-01-22_11h09.26.854,WP1_3,2025.2.3,Win32,142.8571429,62aa591a476ebabe28612a92,695fcc08e6593b9a696132f7,,,,,,,,,,,,,,,,,,,,,,,,,,,,,,,,,,,,,,,,,2317.5485,2318.9855,,,,10,2318.9859,2320.173,,,"[""right"",""right"",""right"",""right"",""right"",""space""]","[0.364200000002711,0.5184999999996762,0.6763999999907355,0.8253999999910775,0.973399999990761,1.1714999999999236]","[null,null,null,null,null,null]",10,2320.1738,2320.7841,space,0.5943,,20,Celebrities_Faces/020_rating.jpg,Matt Damon,1,Matt Damon,1,TRUE,TRUE,14,0,14,14,19,1,20,Celebrities_Faces/020_rating.jpg,Tom Cruise,Matt Damon,Chris Evans,Brad Pitt,Matt Damon,,,,,,,,,,,,,,,,,,,,,,,,,,,,,,,,,,,,,,,,,,,,,,,,,,,,,,,,,,,,,,,,,,,
,,,,,69720089895520325b6ad66d,2026-01-22_11h09.26.854,WP1_3,2025.2.3,Win32,142.8571429,62aa591a476ebabe28612a92,695fcc08e6593b9a696132f7,,,,,,,,,,,,,,,,,,,,,,,,,,,,,,,,,,,,,,,,,2320.7847,2322.8535,,,,6,2322.8539,2324.298,,,"[""right"",""left"",""left"",""right"",""space""]","[0.3617000000031112,0.5765000000001237,0.7655999999942651,1.1604999999999563,1.3402999999971144]","[null,null,null,null,null]",5,2324.2988,2328.194,space,3.7957,,44,Celebrities_Faces/044_rating.jpg,Cate Blanchett,1,Cate Blanchett,1,TRUE,FALSE,14,0,15,15,43,1,44,Celebrities_Faces/044_rating.jpg,Angelina Jolie,Cate Blanchett,Natalie Portman,Taylor Swift,Cate Blanchett,,,,,,,,,,,,,,,,,,,,,,,,,,,,,,,,,,,,,,,,,,,,,,,,,,,,,,,,,,,,,,,,,,,
,,,,,69720089895520325b6ad66d,2026-01-22_11h09.26.854,WP1_3,2025.2.3,Win32,142.8571429,62aa591a476ebabe28612a92,695fcc08e6593b9a696132f7,,,,,,,,,,,,,,,,,,,,,,,,,,,,,,,,,,,,,,,,,2328.1944,2329.9509,,,,10,2329.9513,2330.7773,,,"[""right"",""right"",""right"",""space""]","[0.2659000000062406,0.4022000000031767,0.5527999999972053,0.6832000000031258]","[null,null,null,null]",8,2330.7782,2331.8467,space,0.9226,,18,Celebrities_Faces/018_rating.jpg,Chris Hemsworth,0,Chris Hemsworth,0,TRUE,TRUE,15,0,16,16,17,1,18,Celebrities_Faces/018_rating.jpg,Chris Hemsworth,Leonardo Di Caprio,Nicolas Cage,Tom Cruise,Chris Hemsworth,,,,,,,,,,,,,,,,,,,,,,,,,,,,,,,,,,,,,,,,,,,,,,,,,,,,,,,,,,,,,,,,,,,
,,,,,69720089895520325b6ad66d,2026-01-22_11h09.26.854,WP1_3,2025.2.3,Win32,142.8571429,62aa591a476ebabe28612a92,695fcc08e6593b9a696132f7,,,,,,,,,,,,,,,,,,,,,,,,,,,,,,,,,,,,,,,,,2331.8472,2333.222,,,,10,2333.223,2334.2913,,,"[""right"",""right"",""right"",""right"",""space""]","[0.33969999998817,0.5045999999942978,0.6438999999913904,0.843000000000302,1.0480000000002292]","[null,null,null,null,null]",9,2334.2926,2335.6246,space,1.3103,,14,Celebrities_Faces/014_rating.jpg,Daniel Craig,2,Daniel Craig,2,TRUE,TRUE,16,0,17,17,13,1,14,Celebrities_Faces/014_rating.jpg,Robert De Niro,Ryan Reynolds,Daniel Craig,Chris Hemsworth,Daniel Craig,,,,,,,,,,,,,,,,,,,,,,,,,,,,,,,,,,,,,,,,,,,,,,,,,,,,,,,,,,,,,,,,,,,
,,,,,69720089895520325b6ad66d,2026-01-22_11h09.26.854,WP1_3,2025.2.3,Win32,142.8571429,62aa591a476ebabe28612a92,695fcc08e6593b9a696132f7,,,,,,,,,,,,,,,,,,,,,,,,,,,,,,,,,,,,,,,,,2335.6254,2336.944,,,,10,2336.9445,2338.0481,,,"[""right"",""right"",""right"",""right"",""right"",""space""]","[0.327100000009068,0.47290000000612054,0.5981000000087988,0.7820000000001528,0.9159000000058768,1.064900000005764]","[null,null,null,null,null,null]",10,2338.049,2338.8189,space,0.7288,,27,Celebrities_Faces/027_rating.jpg,Keanu Reeves,0,Keanu Reeves,0,TRUE,TRUE,17,0,18,18,26,1,27,Celebrities_Faces/027_rating.jpg,Keanu Reeves,Dwayne Johnson,Bradley Cooper,Daniel Radcliffe,Keanu Reeves,,,,,,,,,,,,,,,,,,,,,,,,,,,,,,,,,,,,,,,,,,,,,,,,,,,,,,,,,,,,,,,,,,,
,,,,,69720089895520325b6ad66d,2026-01-22_11h09.26.854,WP1_3,2025.2.3,Win32,142.8571429,62aa591a476ebabe28612a92,695fcc08e6593b9a696132f7,,,,,,,,,,,,,,,,,,,,,,,,,,,,,,,,,,,,,,,,,2338.8194,2340.2981,,,,10,2340.2984,2341.1454,,,"[""right"",""right"",""right"",""space""]","[0.29429999999683787,0.45029999999678694,0.5902000000028238,0.7192000000027292]","[null,null,null,null]",8,2341.1462,2342.8884,space,1.6254,,32,Celebrities_Faces/032_rating.jpg,Anne Hathaway,1,Anne Hathaway,1,TRUE,TRUE,18,0,19,19,31,1,32,Celebrities_Faces/032_rating.jpg,Charlize Theron,Anne Hathaway,Gal Gadot,Millie Bobby Brown,Anne Hathaway,,,,,,,,,,,,,,,,,,,,,,,,,,,,,,,,,,,,,,,,,,,,,,,,,,,,,,,,,,,,,,,,,,,
,,,,,69720089895520325b6ad66d,2026-01-22_11h09.26.854,WP1_3,2025.2.3,Win32,142.8571429,62aa591a476ebabe28612a92,695fcc08e6593b9a696132f7,,,,,,,,,,,,,,,,,,,,,,,,,,,,,,,,,,,,,,,,,2342.889,2344.4023,,,,10,2344.4026,2345.4996,,,"[""right"",""right"",""right"",""space""]","[0.18049999999993815,0.6554999999998472,0.8789000000060696,1.0324999999998]","[null,null,null,null]",8,2345.5004,2346.6662,space,1.1095,,59,Celebrities_Faces/059_rating.jpg,Michelle Obama,0,Michelle Obama,0,TRUE,TRUE,19,0,20,20,58,1,59,Celebrities_Faces/059_rating.jpg,Michelle Obama,Emma Watson,Millie Bobby Brown,Margot Robbie,Michelle Obama,,,,,,,,,,,,,,,,,,,,,,,,,,,,,,,,,,,,,,,,,,,,,,,,,,,,,,,,,,,,,,,,,,,
,,,,,69720089895520325b6ad66d,2026-01-22_11h09.26.854,WP1_3,2025.2.3,Win32,142.8571429,62aa591a476ebabe28612a92,695fcc08e6593b9a696132f7,,,,,,,,,,,,,,,,,,,,,,,,,,,,,,,,,,,,,,,,,2346.6666,2347.9441,,,,10,2347.9444,2348.9163,,,"[""right"",""right"",""right"",""right"",""right"",""space""]","[0.1457999999970525,0.3045000000001892,0.45699999999987995,0.617500000000291,0.7904000000062297,0.9515000000001237]","[null,null,null,null,null,null]",10,2348.9173,2349.7912,space,0.851,,19,Celebrities_Faces/019_rating.jpg,Nicolas Cage,0,Nicolas Cage,0,TRUE,TRUE,20,0,21,21,18,1,19,Celebrities_Faces/019_rating.jpg,Nicolas Cage,George W.Bush,Cristiano Ronaldo,Bradley Cooper,Nicolas Cage,,,,,,,,,,,,,,,,,,,,,,,,,,,,,,,,,,,,,,,,,,,,,,,,,,,,,,,,,,,,,,,,,,,
,,,,,69720089895520325b6ad66d,2026-01-22_11h09.26.854,WP1_3,2025.2.3,Win32,142.8571429,62aa591a476ebabe28612a92,695fcc08e6593b9a696132f7,,,,,,,,,,,,,,,,,,,,,,,,,,,,,,,,,,,,,,,,,2349.7917,2351.1801,,,,10,2351.1805,2352.0968,,,"[""right"",""right"",""right"",""right"",""right"",""space""]","[0.004799999996976112,0.15690000000586224,0.31670000000303844,0.4756000000088534,0.6087000000029548,0.7837000000026819]","[null,null,null,null,null,null]",10,2352.0978,2353.2426,space,1.0105,,3,Celebrities_Faces/003_rating.jpg,Roger Federer,2,Roger Federer,2,TRUE,TRUE,21,0,22,22,2,1,3,Celebrities_Faces/003_rating.jpg,Dwayne Johnson,Keanu Reeves,Roger Federer,Ben Affleck,Roger Federer,,,,,,,,,,,,,,,,,,,,,,,,,,,,,,,,,,,,,,,,,,,,,,,,,,,,,,,,,,,,,,,,,,,
,,,,,69720089895520325b6ad66d,2026-01-22_11h09.26.854,WP1_3,2025.2.3,Win32,142.8571429,62aa591a476ebabe28612a92,695fcc08e6593b9a696132f7,,,,,,,,,,,,,,,,,,,,,,,,,,,,,,,,,,,,,,,,,2353.243,2354.5413,,,,10,2354.5417,2355.5552,,,"[""right"",""right"",""right"",""right"",""right"",""space""]","[0.10560000000896252,0.2837999999969725,0.4385000000002037,0.584600000008777,0.7377000000028602,0.9646000000088861]","[null,null,null,null,null,null]",10,2355.5564,2356.6315,space,1.027,,25,Celebrities_Faces/025_rating.jpg,Robert De Niro,2,Robert De Niro,2,TRUE,TRUE,22,0,23,23,24,1,25,Celebrities_Faces/025_rating.jpg,Bruce Willis,Arnold Schwarzeneger,Robert De Niro,Leonardo Di Caprio,Robert De Niro,,,,,,,,,,,,,,,,,,,,,,,,,,,,,,,,,,,,,,,,,,,,,,,,,,,,,,,,,,,,,,,,,,,
,,,,,69720089895520325b6ad66d,2026-01-22_11h09.26.854,WP1_3,2025.2.3,Win32,142.8571429,62aa591a476ebabe28612a92,695fcc08e6593b9a696132f7,,,,,,,,,,,,,,,,,,,,,,,,,,,,,,,,,,,,,,,,,2356.632,2358.0067,,,,10,2358.0071,2359.4579,,,"[""right"",""right"",""right"",""right"",""left"",""right"",""space""]","[0.18709999999373395,0.3388999999910993,0.5083999999910702,0.6742000000031112,0.9852999999970962,1.2732000000028165,1.4153999999907683]","[null,null,null,null,null,null,null]",9,2359.4588,2360.4243,space,0.9339,,7,Celebrities_Faces/007_rating.jpg,Ben Affleck,0,Ben Affleck,0,TRUE,TRUE,23,0,24,24,6,1,7,Celebrities_Faces/007_rating.jpg,Ben Affleck,Nicolas Cage,Henri Canvill,Leonardo Di Caprio,Ben Affleck,,,,,,,,,,,,,,,,,,,,,,,,,,,,,,,,,,,,,,,,,,,,,,,,,,,,,,,,,,,,,,,,,,,
,,,,,69720089895520325b6ad66d,2026-01-22_11h09.26.854,WP1_3,2025.2.3,Win32,142.8571429,62aa591a476ebabe28612a92,695fcc08e6593b9a696132f7,,,,,,,,,,,,,,,,,,,,,,,,,,,,,,,,,,,,,,,,,2360.4247,2362.9301,,,,6,2362.9305,2364.0483,,,"[""right"",""left"",""space""]","[0.4475999999940541,0.9285999999938213,1.0765999999939595]","[null,null,null]",5,2364.0492,2366.5344,space,2.4403,,43,Celebrities_Faces/043_rating.jpg,Maria Sharapova,3,Maria Sharapova,3,TRUE,FALSE,23,0,25,25,42,1,43,Celebrities_Faces/043_rating.jpg,Michelle Obama,Taylor Swift,Greta Thunberg,Maria Sharapova,Maria Sharapova,,,,,,,,,,,,,,,,,,,,,,,,,,,,,,,,,,,,,,,,,,,,,,,,,,,,,,,,,,,,,,,,,,,
,,,,,69720089895520325b6ad66d,2026-01-22_11h09.26.854,WP1_3,2025.2.3,Win32,142.8571429,62aa591a476ebabe28612a92,695fcc08e6593b9a696132f7,,,,,,,,,,,,,,,,,,,,,,,,,,,,,,,,,,,,,,,,,2366.5349,2367.965,,,,10,2367.9654,2368.7223,,,"[""right"",""right"",""right"",""space""]","[0.25050000000010186,0.41969999998809726,0.5761999999881482,0.7271999999879881]","[null,null,null,null]",8,2368.7231,2369.7928,space,1.0401,,6,Celebrities_Faces/006_rating.jpg,Arnold Schwarzeneger,0,Arnold Schwarzeneger,0,TRUE,TRUE,24,0,26,26,5,1,6,Celebrities_Faces/006_rating.jpg,Arnold Schwarzeneger,Dwayne Johnson,Tom Cruise,Ryan Reynolds,Arnold Schwarzeneger,,,,,,,,,,,,,,,,,,,,,,,,,,,,,,,,,,,,,,,,,,,,,,,,,,,,,,,,,,,,,,,,,,,
,,,,,69720089895520325b6ad66d,2026-01-22_11h09.26.854,WP1_3,2025.2.3,Win32,142.8571429,62aa591a476ebabe28612a92,695fcc08e6593b9a696132f7,,,,,,,,,,,,,,,,,,,,,,,,,,,,,,,,,,,,,,,,,2369.7934,2371.2914,,,,10,2371.2918,2371.9441,,,"[""left"",""left"",""left"",""space""]","[0.23720000000275832,0.3902000000030057,0.534100000008948,0.6332000000029439]","[null,null,null,null]",2,2371.9448,2373.1595,space,1.1974,,4,Celebrities_Faces/004_rating.jpg,Cristiano Ronaldo,3,Cristiano Ronaldo,3,TRUE,TRUE,25,0,27,27,3,1,4,Celebrities_Faces/004_rating.jpg,Matt Damon,Robert De Niro,Denzel Washighton,Cristiano Ronaldo,Cristiano Ronaldo,,,,,,,,,,,,,,,,,,,,,,,,,,,,,,,,,,,,,,,,,,,,,,,,,,,,,,,,,,,,,,,,,,,
,,,,,69720089895520325b6ad66d,2026-01-22_11h09.26.854,WP1_3,2025.2.3,Win32,142.8571429,62aa591a476ebabe28612a92,695fcc08e6593b9a696132f7,,,,,,,,,,,,,,,,,,,,,,,,,,,,,,,,,,,,,,,,,2373.1601,2374.6386,,,,10,2374.639,2375.8608,,,"[""right"",""left"",""right"",""right"",""space""]","[0.3295000000002801,0.4093999999913649,0.75649999999996,1.031500000000051,1.161799999997129]","[null,null,null,null,null]",7,2375.8617,2377.0622,space,1.1406,,28,Celebrities_Faces/028_rating.jpg,Dwayne Johnson,0,Dwayne Johnson,0,TRUE,TRUE,26,0,28,28,27,1,28,Celebrities_Faces/028_rating.jpg,Dwayne Johnson,Ryan Reynolds,Bradley Cooper,Lionel Messi,Dwayne Johnson,,,,,,,,,,,,,,,,,,,,,,,,,,,,,,,,,,,,,,,,,,,,,,,,,,,,,,,,,,,,,,,,,,,
,,,,,69720089895520325b6ad66d,2026-01-22_11h09.26.854,WP1_3,2025.2.3,Win32,142.8571429,62aa591a476ebabe28612a92,695fcc08e6593b9a696132f7,,,,,,,,,,,,,,,,,,,,,,,,,,,,,,,,,,,,,,,,,2377.0625,2380.9927,,,,10,2380.993,2382.4372,,,"[""right"",""right"",""right"",""right"",""right"",""right"",""space""]","[0.0004000000062660547,0.02340000000594955,0.35860000000911896,0.5287999999973181,0.6697000000031039,0.9526000000091699,1.1144000000062988]","[0,null,null,null,null,null,null]",10,2382.438,2384.6386,space,1.866,,41,Celebrities_Faces/041_rating.jpg,Halle Berry,2,Halle Berry,2,TRUE,TRUE,27,0,29,29,40,1,41,Celebrities_Faces/041_rating.jpg,Lady Gaga,Greta Thunberg,Halle Berry,Serena Williams,Halle Berry,,,,,,,,,,,,,,,,,,,,,,,,,,,,,,,,,,,,,,,,,,,,,,,,,,,,,,,,,,,,,,,,,,,
,,,,,69720089895520325b6ad66d,2026-01-22_11h09.26.854,WP1_3,2025.2.3,Win32,142.8571429,62aa591a476ebabe28612a92,695fcc08e6593b9a696132f7,,,,,,,,,,,,,,,,,,,,,,,,,,,,,,,,,,,,,,,,,2384.639,2387.6594,,,,10,2387.6597,2388.7637,,,"[""right"",""right"",""right"",""right"",""right"",""space""]","[0.2698999999906846,0.44099999999980355,0.6069999999999709,0.7618999999908738,0.918799999996736,1.0670000000000073]","[null,null,null,null,null,null]",10,2388.7645,2390.6943,space,1.891,,21,Celebrities_Faces/021_rating.jpg,Henri Canvill,0,Henri Canvill,0,TRUE,TRUE,28,0,30,30,20,1,21,Celebrities_Faces/021_rating.jpg,Henri Canvill,George Clooney,Bradley Cooper,Tom Holland,Henri Canvill,,,,,,,,,,,,,,,,,,,,,,,,,,,,,,,,,,,,,,,,,,,,,,,,,,,,,,,,,,,,,,,,,,,
,,,,,69720089895520325b6ad66d,2026-01-22_11h09.26.854,WP1_3,2025.2.3,Win32,142.8571429,62aa591a476ebabe28612a92,695fcc08e6593b9a696132f7,,,,,,,,,,,,,,,,,,,,,,,,,,,,,,,,,,,,,,,,,2390.6948,2392.104,,,,10,2392.1044,2393.0762,,,"[""right"",""right"",""right"",""right"",""right"",""right"",""space""]","[0.11070000000290747,0.2751000000089334,0.4274999999997817,0.5657000000028347,0.6967999999969834,0.8337000000028638,0.9457000000029439]","[null,null,null,null,null,null,null]",10,2393.0767,2394.6943,space,1.5905,,23,Celebrities_Faces/023_rating.jpg,Ryan Gosling,2,Ryan Gosling,2,TRUE,TRUE,29,0,31,31,22,1,23,Celebrities_Faces/023_rating.jpg,Brad Pitt,Cristiano Ronaldo,Ryan Gosling,Tom Holland,Ryan Gosling,,,,,,,,,,,,,,,,,,,,,,,,,,,,,,,,,,,,,,,,,,,,,,,,,,,,,,,,,,,,,,,,,,,
,,,,,69720089895520325b6ad66d,2026-01-22_11h09.26.854,WP1_3,2025.2.3,Win32,142.8571429,62aa591a476ebabe28612a92,695fcc08e6593b9a696132f7,,,,,,,,,,,,,,,,,,,,,,,,,,,,,,,,,,,,,,,,,2394.6948,2396.4581,,,,9,2396.4584,2397.8401,,,"[""right"",""left"",""right"",""right"",""space""]","[0.5007000000032349,0.6308999999910156,0.8437000000030821,1.0083999999910702,1.2367000000031112]","[null,null,null,null,null]",7,2397.8409,2400.722,space,2.7307,,37,Celebrities_Faces/037_rating.jpg,Natalie Portman,1,Natalie Portman,1,TRUE,TRUE,30,0,32,32,36,1,37,Celebrities_Faces/037_rating.jpg,Lady Gaga,Natalie Portman,Hillary Clinton,Michelle Obama,Natalie Portman,,,,,,,,,,,,,,,,,,,,,,,,,,,,,,,,,,,,,,,,,,,,,,,,,,,,,,,,,,,,,,,,,,,
,,,,,69720089895520325b6ad66d,2026-01-22_11h09.26.854,WP1_3,2025.2.3,Win32,142.8571429,62aa591a476ebabe28612a92,695fcc08e6593b9a696132f7,,,,,,,,,,,,,,,,,,,,,,,,,,,,,,,,,,,,,,,,,2400.7224,2402.5,,,,10,2402.5003,2403.0831,,,"[""space""]",[0.554399999990892],[null],5,2403.0842,2404.3678,space,1.2536,,42,Celebrities_Faces/042_rating.jpg,Greta Thunberg,3,Greta Thunberg,3,TRUE,TRUE,31,0,33,33,41,1,42,Celebrities_Faces/042_rating.jpg,Simone Biles,Michelle Obama,Anne Hathaway,Greta Thunberg,Greta Thunberg,,,,,,,,,,,,,,,,,,,,,,,,,,,,,,,,,,,,,,,,,,,,,,,,,,,,,,,,,,,,,,,,,,,
,,,,,69720089895520325b6ad66d,2026-01-22_11h09.26.854,WP1_3,2025.2.3,Win32,142.8571429,62aa591a476ebabe28612a92,695fcc08e6593b9a696132f7,,,,,,,,,,,,,,,,,,,,,,,,,,,,,,,,,,,,,,,,,2404.3682,2405.9304,,,,10,2405.9307,2406.8054,,,"[""right"",""right"",""right"",""right"",""space""]","[0.1382999999968888,0.31040000000575674,0.4732999999969252,0.63149999999996,0.8494000000059714]","[null,null,null,null,null]",9,2406.8066,2408.2568,space,1.4198,,15,Celebrities_Faces/015_rating.jpg,Harrison Ford,2,Harrison Ford,2,TRUE,TRUE,32,0,34,34,14,1,15,Celebrities_Faces/015_rating.jpg,Lionel Messi,Daniel Radcliffe,Harrison Ford,Brad Pitt,Harrison Ford,,,,,,,,,,,,,,,,,,,,,,,,,,,,,,,,,,,,,,,,,,,,,,,,,,,,,,,,,,,,,,,,,,,
,,,,,69720089895520325b6ad66d,2026-01-22_11h09.26.854,WP1_3,2025.2.3,Win32,142.8571429,62aa591a476ebabe28612a92,695fcc08e6593b9a696132f7,,,,,,,,,,,,,,,,,,,,,,,,,,,,,,,,,,,,,,,,,2408.2572,2409.7289,,,,10,2409.7293,2410.7429,,,"[""right"",""right"",""right"",""right"",""right"",""space""]","[0.18429999999671054,0.33199999999987995,0.48099999999976717,0.6369999999997162,0.7899999999999636,0.9478999999910229]","[null,null,null,null,null,null]",10,2410.7436,2411.8471,space,1.039,,26,Celebrities_Faces/026_rating.jpg,George Clooney,2,George Clooney,2,TRUE,TRUE,33,0,35,35,25,1,26,Celebrities_Faces/026_rating.jpg,Robert De Niro,Ewan McGregor,George Clooney,Daniel Radcliffe,George Clooney,,,,,,,,,,,,,,,,,,,,,,,,,,,,,,,,,,,,,,,,,,,,,,,,,,,,,,,,,,,,,,,,,,,
,,,,,69720089895520325b6ad66d,2026-01-22_11h09.26.854,WP1_3,2025.2.3,Win32,142.8571429,62aa591a476ebabe28612a92,695fcc08e6593b9a696132f7,,,,,,,,,,,,,,,,,,,,,,,,,,,,,,,,,,,,,,,,,2411.8477,2413.1595,,,,10,2413.1598,2414.1804,,,"[""right"",""right"",""right"",""right"",""right"",""space""]","[0.2110000000002401,0.3670000000001892,0.5212999999971544,0.671100000009119,0.8139999999998508,0.9875000000001819]","[null,null,null,null,null,null]",10,2414.1812,2415.7568,space,1.5432,,31,Celebrities_Faces/031_rating.jpg,Sandra Bullock,3,Sandra Bullock,3,TRUE,TRUE,34,0,36,36,30,1,31,Celebrities_Faces/031_rating.jpg,Michelle Obama,Emma Watson,Halle Berry,Sandra Bullock,Sandra Bullock,,,,,,,,,,,,,,,,,,,,,,,,,,,,,,,,,,,,,,,,,,,,,,,,,,,,,,,,,,,,,,,,,,,
,,,,,69720089895520325b6ad66d,2026-01-22_11h09.26.854,WP1_3,2025.2.3,Win32,142.8571429,62aa591a476ebabe28612a92,695fcc08e6593b9a696132f7,,,,,,,,,,,,,,,,,,,,,,,,,,,,,,,,,,,,,,,,,2415.7572,2417.1595,,,,10,2417.1599,2418.0345,,,"[""left"",""left"",""left"",""left"",""left"",""space""]","[0.09939999999096472,0.2611999999880936,0.40539999999100473,0.5433999999909247,0.6820999999940796,0.8202999999971325]","[null,null,null,null,null,null]",0,2418.0352,2419.1457,space,1.0575,,38,Celebrities_Faces/038_rating.jpg,Taylor Swift,3,Taylor Swift,3,TRUE,TRUE,35,0,37,37,37,1,38,Celebrities_Faces/038_rating.jpg,Keira Knightley,Scarlett Johansson,Margot Robbie,Taylor Swift,Taylor Swift,,,,,,,,,,,,,,,,,,,,,,,,,,,,,,,,,,,,,,,,,,,,,,,,,,,,,,,,,,,,,,,,,,,
,,,,,69720089895520325b6ad66d,2026-01-22_11h09.26.854,WP1_3,2025.2.3,Win32,142.8571429,62aa591a476ebabe28612a92,695fcc08e6593b9a696132f7,,,,,,,,,,,,,,,,,,,,,,,,,,,,,,,,,,,,,,,,,2419.1462,2420.5484,,,,10,2420.5488,2421.2707,,,"[""right"",""right"",""right"",""right"",""space""]","[0.027700000003278547,0.1823999999910484,0.3537000000033004,0.5045999999942978,0.6015999999940504]","[null,null,null,null,null]",9,2421.2715,2422.6319,space,1.2386,,24,Celebrities_Faces/024_rating.jpg,Ryan Reynolds,3,Ryan Reynolds,3,TRUE,TRUE,36,0,38,38,23,1,24,Celebrities_Faces/024_rating.jpg,Roger Federer,Denzel Washighton,Tom Holland,Ryan Reynolds,Ryan Reynolds,,,,,,,,,,,,,,,,,,,,,,,,,,,,,,,,,,,,,,,,,,,,,,,,,,,,,,,,,,,,,,,,,,,
,,,,,69720089895520325b6ad66d,2026-01-22_11h09.26.854,WP1_3,2025.2.3,Win32,142.8571429,62aa591a476ebabe28612a92,695fcc08e6593b9a696132f7,,,,,,,,,,,,,,,,,,,,,,,,,,,,,,,,,,,,,,,,,2422.6325,2424.0832,,,,10,2424.0836,2425.4721,,,"[""right"",""right"",""right"",""right"",""right"",""space""]","[0.29620000000295477,0.46220000000266737,0.6322000000027401,0.799099999993814,1.233200000002853,1.3790999999937412]","[null,null,null,null,null,null]",10,2425.4732,2426.632,space,1.1439,,56,Celebrities_Faces/056_rating.jpg,Reese Witherspoon,0,Reese Witherspoon,0,TRUE,TRUE,37,0,39,39,55,1,56,Celebrities_Faces/056_rating.jpg,Reese Witherspoon,Sandra Bullock,Nicole Kidman,Halle Berry,Reese Witherspoon,,,,,,,,,,,,,,,,,,,,,,,,,,,,,,,,,,,,,,,,,,,,,,,,,,,,,,,,,,,,,,,,,,,
,,,,,69720089895520325b6ad66d,2026-01-22_11h09.26.854,WP1_3,2025.2.3,Win32,142.8571429,62aa591a476ebabe28612a92,695fcc08e6593b9a696132f7,,,,,,,,,,,,,,,,,,,,,,,,,,,,,,,,,,,,,,,,,2426.6326,2428.2226,,,,10,2428.2232,2428.854,,,"[""right"",""right"",""right"",""space""]","[0.12459999999418869,0.28359999999383945,0.43100000000004,0.5023999999912121]","[null,null,null,null]",8,2428.855,2431.4653,space,2.5013,,29,Celebrities_Faces/029_rating.jpg,Tom Holland,0,Tom Holland,0,TRUE,TRUE,38,0,40,40,28,1,29,Celebrities_Faces/029_rating.jpg,Tom Holland,Bradley Cooper,Dwayne Johnson,George W.Bush,Tom Holland,,,,,,,,,,,,,,,,,,,,,,,,,,,,,,,,,,,,,,,,,,,,,,,,,,,,,,,,,,,,,,,,,,,
,,,,,69720089895520325b6ad66d,2026-01-22_11h09.26.854,WP1_3,2025.2.3,Win32,142.8571429,62aa591a476ebabe28612a92,695fcc08e6593b9a696132f7,,,,,,,,,,,,,,,,,,,,,,,,,,,,,,,,,,,,,,,,,2431.4657,2432.8263,,,,10,2432.8266,2433.4097,,,"[""right"",""right"",""right"",""space""]","[0.052099999993970414,0.22009999999363572,0.376200000002882,0.5167999999966923]","[null,null,null,null]",8,2433.4104,2434.4027,space,0.9294,,1,Celebrities_Faces/001_rating.jpg,Leonardo Di Caprio,2,Leonardo Di Caprio,2,TRUE,TRUE,39,0,41,41,0,1,1,Celebrities_Faces/001_rating.jpg,Ben Affleck,Daniel Craig,Leonardo Di Caprio,Roger Federer,Leonardo Di Caprio,,,,,,,,,,,,,,,,,,,,,,,,,,,,,,,,,,,,,,,,,,,,,,,,,,,,,,,,,,,,,,,,,,,
,,,,,69720089895520325b6ad66d,2026-01-22_11h09.26.854,WP1_3,2025.2.3,Win32,142.8571429,62aa591a476ebabe28612a92,695fcc08e6593b9a696132f7,,,,,,,,,,,,,,,,,,,,,,,,,,,,,,,,,,,,,,,,,2434.4032,2435.9999,,,,10,2436.0003,2436.6389,,,"[""right"",""right"",""right"",""space""]","[0.13960000000906803,0.30579999999736174,0.45850000000018554,0.6215000000001965]","[null,null,null,null]",8,2436.6401,2438.1528,space,1.4939,,16,Celebrities_Faces/016_rating.jpg,Ewan McGregor,0,Ewan McGregor,0,TRUE,TRUE,40,0,42,42,15,1,16,Celebrities_Faces/016_rating.jpg,Ewan McGregor,Robert De Niro,Lionel Messi,Leonardo Di Caprio,Ewan McGregor,,,,,,,,,,,,,,,,,,,,,,,,,,,,,,,,,,,,,,,,,,,,,,,,,,,,,,,,,,,,,,,,,,,
,,,,,69720089895520325b6ad66d,2026-01-22_11h09.26.854,WP1_3,2025.2.3,Win32,142.8571429,62aa591a476ebabe28612a92,695fcc08e6593b9a696132f7,,,,,,,,,,,,,,,,,,,,,,,,,,,,,,,,,,,,,,,,,2438.1534,2458.5694,,,,10,2458.5697,2459.8056,,,"[""right"",""right"",""right"",""right"",""right"",""space""]","[0.41560000000890795,0.5884999999998399,0.7464000000059059,0.8844999999996617,1.0304000000055566,1.1784999999999854]","[null,null,null,null,null,null]",10,2459.8063,2461.7639,space,1.9051,,54,Celebrities_Faces/054_rating.jpg,Julia Roberts,0,Julia Roberts,0,TRUE,TRUE,41,0,43,43,53,1,54,Celebrities_Faces/054_rating.jpg,Julia Roberts,Anne Hathaway,Olivia Rodrigo,Simone Biles,Julia Roberts,,,,,,,,,,,,,,,,,,,,,,,,,,,,,,,,,,,,,,,,,,,,,,,,,,,,,,,,,,,,,,,,,,,
,,,,,69720089895520325b6ad66d,2026-01-22_11h09.26.854,WP1_3,2025.2.3,Win32,142.8571429,62aa591a476ebabe28612a92,695fcc08e6593b9a696132f7,,,,,,,,,,,,,,,,,,,,,,,,,,,,,,,,,,,,,,,,,2461.7643,2463.0417,,,,10,2463.042,2463.7986,,,"[""right"",""right"",""right"",""right"",""space""]","[0.03690000000597138,0.1894000000061169,0.345600000009199,0.5036000000091008,0.6829000000061569]","[null,null,null,null,null]",9,2463.7994,2465.4445,space,1.5775,,57,Celebrities_Faces/057_rating.jpg,Serena Williams,2,Serena Williams,2,TRUE,TRUE,42,0,44,44,56,1,57,Celebrities_Faces/057_rating.jpg,Olivia Rodrigo,Charlize Theron,Serena Williams,Greta Thunberg,Serena Williams,,,,,,,,,,,,,,,,,,,,,,,,,,,,,,,,,,,,,,,,,,,,,,,,,,,,,,,,,,,,,,,,,,,
,,,,,69720089895520325b6ad66d,2026-01-22_11h09.26.854,WP1_3,2025.2.3,Win32,142.8571429,62aa591a476ebabe28612a92,695fcc08e6593b9a696132f7,,,,,,,,,,,,,,,,,,,,,,,,,,,,,,,,,,,,,,,,,2465.445,2467.0208,,,,10,2467.0212,2467.6112,,,"[""right"",""right"",""right"",""space""]","[0.14160000000902073,0.29670000000305663,0.4357000000031803,0.5506000000091262]","[null,null,null,null]",8,2467.6119,2470.3403,space,2.6843,,11,Celebrities_Faces/011_rating.jpg,Chris Evans,0,Chris Evans,0,TRUE,TRUE,43,0,45,45,10,1,11,Celebrities_Faces/011_rating.jpg,Chris Evans,Daniel Craig,Ryan Reynolds,Arnold Schwarzeneger,Chris Evans,,,,,,,,,,,,,,,,,,,,,,,,,,,,,,,,,,,,,,,,,,,,,,,,,,,,,,,,,,,,,,,,,,,
,,,,,69720089895520325b6ad66d,2026-01-22_11h09.26.854,WP1_3,2025.2.3,Win32,142.8571429,62aa591a476ebabe28612a92,695fcc08e6593b9a696132f7,,,,,,,,,,,,,,,,,,,,,,,,,,,,,,,,,,,,,,,,,2470.3408,2472.1251,,,,10,2472.1253,2473.2292,,,"[""right"",""left"",""right"",""right"",""space""]","[0.26220000000284927,0.49540000000570217,0.7112000000029184,0.8692999999971107,0.9842999999968924]","[null,null,null,null,null]",7,2473.2299,2476.9166,space,3.5704,,51,Celebrities_Faces/051_rating.jpg,Margot Robbie,0,Margot Robbie,0,TRUE,TRUE,44,0,46,46,50,1,51,Celebrities_Faces/051_rating.jpg,Margot Robbie,Halle Berry,Emma Watson,Julia Roberts,Margot Robbie,,,,,,,,,,,,,,,,,,,,,,,,,,,,,,,,,,,,,,,,,,,,,,,,,,,,,,,,,,,,,,,,,,,
,,,,,69720089895520325b6ad66d,2026-01-22_11h09.26.854,WP1_3,2025.2.3,Win32,142.8571429,62aa591a476ebabe28612a92,695fcc08e6593b9a696132f7,,,,,,,,,,,,,,,,,,,,,,,,,,,,,,,,,,,,,,,,,2476.9172,2478.4515,,,,10,2478.4519,2479.0071,,,"[""space""]",[0.46529999999711436],[null],5,2479.0079,2480.3612,space,1.2707,,50,Celebrities_Faces/050_rating.jpg,Millie Bobby Brown,2,Millie Bobby Brown,2,TRUE,TRUE,45,0,47,47,49,1,50,Celebrities_Faces/050_rating.jpg,Taylor Swift,Cameron Diaz,Millie Bobby Brown,Michelle Obama,Millie Bobby Brown,,,,,,,,,,,,,,,,,,,,,,,,,,,,,,,,,,,,,,,,,,,,,,,,,,,,,,,,,,,,,,,,,,,
,,,,,69720089895520325b6ad66d,2026-01-22_11h09.26.854,WP1_3,2025.2.3,Win32,142.8571429,62aa591a476ebabe28612a92,695fcc08e6593b9a696132f7,,,,,,,,,,,,,,,,,,,,,,,,,,,,,,,,,,,,,,,,,2480.3616,2481.8681,,,,10,2481.8684,2482.4099,,,"[""space""]",[0.4960999999939304],[null],5,2482.4107,2484.0695,space,1.6141,,34,Celebrities_Faces/034_rating.jpg,Angelina Jolie,2,Angelina Jolie,2,TRUE,TRUE,46,0,48,48,33,1,34,Celebrities_Faces/034_rating.jpg,Anya Taylor-Joy,Maria Sharapova,Angelina Jolie,Nicole Kidman,Angelina Jolie,,,,,,,,,,,,,,,,,,,,,,,,,,,,,,,,,,,,,,,,,,,,,,,,,,,,,,,,,,,,,,,,,,,
,,,,,69720089895520325b6ad66d,2026-01-22_11h09.26.854,WP1_3,2025.2.3,Win32,142.8571429,62aa591a476ebabe28612a92,695fcc08e6593b9a696132f7,,,,,,,,,,,,,,,,,,,,,,,,,,,,,,,,,,,,,,,,,2484.0699,2486.6946,,,,2,2486.695,2487.4031,,,"[""space""]",[0.6365000000000691],[null],5,2487.4042,2490.5626,space,3.0891,,60,Celebrities_Faces/060_rating.jpg,Anya Taylor-Joy,1,Anya Taylor-Joy,1,TRUE,FALSE,46,0,49,49,59,1,60,Celebrities_Faces/060_rating.jpg,Emma Stone,Anya Taylor-Joy,Michelle Obama,Halle Berry,Anya Taylor-Joy,,,,,,,,,,,,,,,,,,,,,,,,,,,,,,,,,,,,,,,,,,,,,,,,,,,,,,,,,,,,,,,,,,,
,,,,,69720089895520325b6ad66d,2026-01-22_11h09.26.854,WP1_3,2025.2.3,Win32,142.8571429,62aa591a476ebabe28612a92,695fcc08e6593b9a696132f7,,,,,,,,,,,,,,,,,,,,,,,,,,,,,,,,,,,,,,,,,2490.5631,2492.2154,,,,10,2492.2157,2493.1739,,,"[""right"",""right"",""right"",""right"",""right"",""space""]","[0.010099999994054087,0.1754000000059932,0.35820000000330765,0.5127999999972417,0.6550999999940359,0.841099999994185]","[null,null,null,null,null,null]",10,2493.1746,2494.3544,space,1.052,,45,Celebrities_Faces/045_rating.jpg,Cameron Diaz,3,Cameron Diaz,3,TRUE,TRUE,47,0,50,50,44,1,45,Celebrities_Faces/045_rating.jpg,Taylor Swift,Natalie Portman,Maria Sharapova,Cameron Diaz,Cameron Diaz,,,,,,,,,,,,,,,,,,,,,,,,,,,,,,,,,,,,,,,,,,,,,,,,,,,,,,,,,,,,,,,,,,,
,,,,,69720089895520325b6ad66d,2026-01-22_11h09.26.854,WP1_3,2025.2.3,Win32,142.8571429,62aa591a476ebabe28612a92,695fcc08e6593b9a696132f7,,,,,,,,,,,,,,,,,,,,,,,,,,,,,,,,,,,,,,,,,2494.3551,2496.0765,,,,10,2496.0769,2496.6877,,,"[""right"",""right"",""right"",""space""]","[0.14400000000023283,0.2957000000028529,0.43859999999403954,0.5967000000032385]","[null,null,null,null]",8,2496.6883,2498.0211,space,1.3181,,52,Celebrities_Faces/052_rating.jpg,Emma Watson,3,Emma Watson,3,TRUE,TRUE,48,0,51,51,51,1,52,Celebrities_Faces/052_rating.jpg,Anne Hathaway,Natalie Portman,Hillary Clinton,Emma Watson,Emma Watson,,,,,,,,,,,,,,,,,,,,,,,,,,,,,,,,,,,,,,,,,,,,,,,,,,,,,,,,,,,,,,,,,,,
,,,,,69720089895520325b6ad66d,2026-01-22_11h09.26.854,WP1_3,2025.2.3,Win32,142.8571429,62aa591a476ebabe28612a92,695fcc08e6593b9a696132f7,,,,,,,,,,,,,,,,,,,,,,,,,,,,,,,,,,,,,,,,,2498.0215,2499.3404,,,,10,2499.3409,2500.278,,,"[""left"",""left"",""left"",""left"",""left"",""space""]","[0.10090000000582222,0.24320000000261643,0.38029999999662323,0.5250999999939268,0.670200000002751,0.8612000000030093]","[null,null,null,null,null,null]",0,2500.2788,2501.8267,space,1.4725,,2,Celebrities_Faces/002_rating.jpg,George W.Bush,3,George W.Bush,3,TRUE,TRUE,49,0,52,52,1,1,2,Celebrities_Faces/002_rating.jpg,Henri Canvill,Chris Evans,Tom Holland,George W.Bush,George W.Bush,,,,,,,,,,,,,,,,,,,,,,,,,,,,,,,,,,,,,,,,,,,,,,,,,,,,,,,,,,,,,,,,,,,
,,,,,69720089895520325b6ad66d,2026-01-22_11h09.26.854,WP1_3,2025.2.3,Win32,142.8571429,62aa591a476ebabe28612a92,695fcc08e6593b9a696132f7,,,,,,,,,,,,,,,,,,,,,,,,,,,,,,,,,,,,,,,,,2501.8273,2504.5348,,,,7,2504.5352,2505.2016,,,"[""space""]",[0.5847999999973581],[null],5,2505.2024,2507.3821,space,2.098,,40,Celebrities_Faces/040_rating.jpg,Gal Gadot,0,Gal Gadot,0,TRUE,TRUE,50,0,53,53,39,1,40,Celebrities_Faces/040_rating.jpg,Gal Gadot,Maria Sharapova,Taylor Swift,Nicole Kidman,Gal Gadot,,,,,,,,,,,,,,,,,,,,,,,,,,,,,,,,,,,,,,,,,,,,,,,,,,,,,,,,,,,,,,,,,,,
,,,,,69720089895520325b6ad66d,2026-01-22_11h09.26.854,WP1_3,2025.2.3,Win32,142.8571429,62aa591a476ebabe28612a92,695fcc08e6593b9a696132f7,,,,,,,,,,,,,,,,,,,,,,,,,,,,,,,,,,,,,,,,,2507.3826,2508.9447,,,,10,2508.945,2509.7433,,,"[""right"",""right"",""right"",""space""]","[0.3285999999939122,0.4827999999970416,0.6532999999967615,0.7686999999878026]","[null,null,null,null]",8,2509.7443,2510.6252,space,0.846,,39,Celebrities_Faces/039_rating.jpg,Scarlett Johansson,1,Scarlett Johansson,1,TRUE,TRUE,51,0,54,54,38,1,39,Celebrities_Faces/039_rating.jpg,Simone Biles,Scarlett Johansson,Gal Gadot,Hillary Clinton,Scarlett Johansson,,,,,,,,,,,,,,,,,,,,,,,,,,,,,,,,,,,,,,,,,,,,,,,,,,,,,,,,,,,,,,,,,,,
,,,,,69720089895520325b6ad66d,2026-01-22_11h09.26.854,WP1_3,2025.2.3,Win32,142.8571429,62aa591a476ebabe28612a92,695fcc08e6593b9a696132f7,,,,,,,,,,,,,,,,,,,,,,,,,,,,,,,,,,,,,,,,,2510.6257,2512.9238,,,,10,2512.9241,2514.1118,,,"[""right"",""left"",""right"",""space""]","[0.2503999999912594,0.45850000000018554,0.7273999999911211,1.0695000000000618]","[null,null,null,null]",6,2514.1132,2515.6115,space,1.3711,,48,Celebrities_Faces/048_rating.jpg,Jennifer Lawrence,0,Jennifer Lawrence,0,TRUE,TRUE,52,0,55,55,47,1,48,Celebrities_Faces/048_rating.jpg,Jennifer Lawrence,Lady Gaga,Anne Hathaway,Emma Stone,Jennifer Lawrence,,,,,,,,,,,,,,,,,,,,,,,,,,,,,,,,,,,,,,,,,,,,,,,,,,,,,,,,,,,,,,,,,,,
,,,,,69720089895520325b6ad66d,2026-01-22_11h09.26.854,WP1_3,2025.2.3,Win32,142.8571429,62aa591a476ebabe28612a92,695fcc08e6593b9a696132f7,,,,,,,,,,,,,,,,,,,,,,,,,,,,,,,,,,,,,,,,,2515.612,2517.3197,,,,10,2517.3201,2518.2437,,,"[""left"",""left"",""left"",""left"",""left"",""space""]","[0.11190000000624423,0.2812000000030821,0.43000000000029104,0.5841000000091299,0.7534000000059677,0.8729000000062115]","[null,null,null,null,null,null]",0,2518.2454,2519.4933,space,1.1923,,47,Celebrities_Faces/047_rating.jpg,Hillary Clinton,0,Hillary Clinton,0,TRUE,TRUE,53,0,56,56,46,1,47,Celebrities_Faces/047_rating.jpg,Hillary Clinton,Sandra Bullock,Michelle Obama,Anne Hathaway,Hillary Clinton,,,,,,,,,,,,,,,,,,,,,,,,,,,,,,,,,,,,,,,,,,,,,,,,,,,,,,,,,,,,,,,,,,,
,,,,,69720089895520325b6ad66d,2026-01-22_11h09.26.854,WP1_3,2025.2.3,Win32,142.8571429,62aa591a476ebabe28612a92,695fcc08e6593b9a696132f7,,,,,,,,,,,,,,,,,,,,,,,,,,,,,,,,,,,,,,,,,2519.4936,2521.3544,,,,2,2521.3547,2523.7711,,,"[""space""]",[2.393999999999778],[null],5,2523.7719,2525.5212,space,1.7344,,49,Celebrities_Faces/049_rating.jpg,Olivia Rodrigo,0,Olivia Rodrigo,0,TRUE,FALSE,53,0,57,57,48,1,49,Celebrities_Faces/049_rating.jpg,Olivia Rodrigo,Lindsay Lohan,Gal Gadot,Angelina Jolie,Olivia Rodrigo,,,,,,,,,,,,,,,,,,,,,,,,,,,,,,,,,,,,,,,,,,,,,,,,,,,,,,,,,,,,,,,,,,,
,,,,,69720089895520325b6ad66d,2026-01-22_11h09.26.854,WP1_3,2025.2.3,Win32,142.8571429,62aa591a476ebabe28612a92,695fcc08e6593b9a696132f7,,,,,,,,,,,,,,,,,,,,,,,,,,,,,,,,,,,,,,,,,2525.5215,2526.9448,,,,10,2526.9452,2527.8198,,,"[""right"",""right"",""right"",""right"",""right"",""space""]","[0.030899999991106597,0.17709999999397041,0.3318999999910375,0.4810999999940577,0.6108999999910338,0.7742000000030203]","[null,null,null,null,null,null]",10,2527.8205,2529.5906,space,1.6685,,22,Celebrities_Faces/022_rating.jpg,Lebron James,3,Lebron James,3,TRUE,TRUE,54,0,58,58,21,1,22,Celebrities_Faces/022_rating.jpg,George W.Bush,Lionel Messi,Leonardo Di Caprio,Lebron James,Lebron James,,,,,,,,,,,,,,,,,,,,,,,,,,,,,,,,,,,,,,,,,,,,,,,,,,,,,,,,,,,,,,,,,,,
,,,,,69720089895520325b6ad66d,2026-01-22_11h09.26.854,WP1_3,2025.2.3,Win32,142.8571429,62aa591a476ebabe28612a92,695fcc08e6593b9a696132f7,,,,,,,,,,,,,,,,,,,,,,,,,,,,,,,,,,,,,,,,,2529.591,2533.8268,,,,10,2533.8273,2534.8129,,,"[""right"",""right"",""right"",""space""]","[0.5178000000119027,0.6768000000115535,0.8174999999996544,0.9687000000026273]","[null,null,null,null]",8,2534.8137,2536.6184,space,1.7886,,36,Celebrities_Faces/036_rating.jpg,Lady Gaga,3,Lady Gaga,3,TRUE,TRUE,55,0,59,59,35,1,36,Celebrities_Faces/036_rating.jpg,Serena Williams,Emma Stone,Julia Roberts,Lady Gaga,Lady Gaga,,,,,,,,,,,,,,,,,,,,,,,,,,,,,,,,,,,,,,,,,,,,,,,,,,,,,,,,,,,,,,,,,,,
,,,,,69720089895520325b6ad66d,2026-01-22_11h09.26.854,WP1_3,2025.2.3,Win32,142.8571429,62aa591a476ebabe28612a92,695fcc08e6593b9a696132f7,,,,,,,,,,,,,,,,,,,,,,,,,,,,,,,,,,,,,,,,,,,,,,,,,,,,,,,,,,,,,,,,,,,,,,,,,,,,,,,,,top_30_qualified_by_familiarity,30,"10,58,30,9,17,5,8,53,13,12,20,18,14,27,32,59,19,3,25,7,6,4,28,41,21,23,42,15,26,31",2536.6191,2556.6186,,,,,,,,,,,,,,,,,,,,,,,,,,,,,,,,,,,,,,,,,,,,,,,,,,,,,,,,,,,,,,
,,,,,69720089895520325b6ad66d,2026-01-22_11h09.26.854,WP1_3,2025.2.3,Win32,142.8571429,62aa591a476ebabe28612a92,695fcc08e6593b9a696132f7,,,,,,,,,,,,,,,,,,,,,,,,,,,,,,,,,,,,,,,,,,,,,,,,,,,,,,,,,,,,,,,,,,,,,,,,,,,,,,,,,,,,,,2556.6195,2556.6196,,,,,,,,,,,,,,,,,,,,,,,,,,,,,,,,,,,,,,,,,,,,,,,,,,,,,,,,,,,,
,,,,,69720089895520325b6ad66d,2026-01-22_11h09.26.854,WP1_3,2025.2.3,Win32,142.8571429,62aa591a476ebabe28612a92,695fcc08e6593b9a696132f7,,,,,,,,,,,,,,,,,,,,,,,,,,,,,,,,,,,,,,,,,,,,,,,,,,,,,,,,,,,,,,,,,,,,,,,,,,,,,,,,,,,,,,,,2556.6196,2582.0285,space,25.4012,,,,,,,,,,,,,,,,,,,,,,,,,,,,,,,,,,,,,,,,,,,,,,,,,,,,,,,,
,,,,,69720089895520325b6ad66d,2026-01-22_11h09.26.854,WP1_3,2025.2.3,Win32,142.8571429,62aa591a476ebabe28612a92,695fcc08e6593b9a696132f7,,,,,,,,,,,,,,,,,,,,,,,,,,,,,,,,,,,,,,,,,,,,,,,,,,,,,,,,,,,,,,,,,,,,,,,,,,,,,,,,,,,,,,,,,,,,,2582.0286,2583.6257,space,1.5883,,,,,,,,,,,,,,,,,,,,,,,,,,,,,,,,,,,,,,,,,,,,,,,,,,,
,,,,,69720089895520325b6ad66d,2026-01-22_11h09.26.854,WP1_3,2025.2.3,Win32,142.8571429,62aa591a476ebabe28612a92,695fcc08e6593b9a696132f7,,,,,,,,,,,,,,,,,,,,,,,,,,,,,,,,,,,,,,,,,,,,,,,,,,,,,,,,,,,,72,,,,,,,,,,,,,,,,,,,,,,,,,,,,,,,,,,,,,,2.060556884,2583.6266,2585.688,2585.6889,2587.7924,[],[],,TRUE,1,FALSE,,TRUE,,0,0,0,0,1,,,,,,,,,,,,,,,,,,,,,,,,,,,,,,,
,,,,,69720089895520325b6ad66d,2026-01-22_11h09.26.854,WP1_3,2025.2.3,Win32,142.8571429,62aa591a476ebabe28612a92,695fcc08e6593b9a696132f7,,,,,,,,,,,,,,,,,,,,,,,,,,,,,,,,,,,,,,,,,,,,,,,,,,,,,,,,,,,,44,,,,,,,,,,,,,,,,,,,,,,,,,,,,,,,,,,,,,,2.340228053,2587.7927,2590.1325,2590.1328,2590.9311,p,0.7352,,TRUE,2,FALSE,,FALSE,,1,0,1,0,1,,,,,,,,,,,,,,,,,,,,,,,,,,,,,,,
,,,,,69720089895520325b6ad66d,2026-01-22_11h09.26.854,WP1_3,2025.2.3,Win32,142.8571429,62aa591a476ebabe28612a92,695fcc08e6593b9a696132f7,,,,,,,,,,,,,,,,,,,,,,,,,,,,,,,,,,,,,,,,,,,,,,,,,,,,,,,,,,,,73,,,,,,,,,,,,,,,,,,,,,,,,,,,,,,,,,,,,,,2.255058924,2590.9313,2593.1881,2593.1885,2594.0214,p,0.7753,,TRUE,3,FALSE,,FALSE,,2,0,2,0,1,,,,,,,,,,,,,,,,,,,,,,,,,,,,,,,
,,,,,69720089895520325b6ad66d,2026-01-22_11h09.26.854,WP1_3,2025.2.3,Win32,142.8571429,62aa591a476ebabe28612a92,695fcc08e6593b9a696132f7,,,,,,,,,,,,,,,,,,,,,,,,,,,,,,,,,,,,,,,,,,,,,,,,,,,,,,,,,,,,38,,,,,,,,,,,,,,,,,,,,,,,,,,,,,,,,,,,,,,1.891654671,2594.0216,2595.9106,2595.9112,2596.5353,q,0.5483,,TRUE,4,TRUE,,FALSE,,3,0,3,0,1,,,,,,,,,,,,,,,,,,,,,,,,,,,,,,,
,,,,,69720089895520325b6ad66d,2026-01-22_11h09.26.854,WP1_3,2025.2.3,Win32,142.8571429,62aa591a476ebabe28612a92,695fcc08e6593b9a696132f7,,,,,,,,,,,,,,,,,,,,,,,,,,,,,,,,,,,,,,,,,,,,,,,,,,,,,,,,,,,,11,,,,,,,,,,,,,,,,,,,,,,,,,,,,,,,,,,,,,,1.527446734,2596.5355,2598.0632,2598.0636,2598.855,q,0.7305,,TRUE,5,FALSE,,FALSE,,4,0,4,0,1,,,,,,,,,,,,,,,,,,,,,,,,,,,,,,,
,,,,,69720089895520325b6ad66d,2026-01-22_11h09.26.854,WP1_3,2025.2.3,Win32,142.8571429,62aa591a476ebabe28612a92,695fcc08e6593b9a696132f7,,,,,,,,,,,,,,,,,,,,,,,,,,,,,,,,,,,,,,,,,,,,,,,,,,,,,,,,,,,,,,,,,,,,,,,,,,,,,,,,,,,,,,,,,,,,,,,,,,,,,,,,,,,,,,,,,,,,,2598.8551,2600.973,space,2.1116,,,,,,,,,,,,,,,,,,,,,,,,,,,
,,,,,69720089895520325b6ad66d,2026-01-22_11h09.26.854,WP1_3,2025.2.3,Win32,142.8571429,62aa591a476ebabe28612a92,695fcc08e6593b9a696132f7,,,,,,,,,,,,,,,,,,,,,,,,,,,,,,,,,,,,,,,,,,,,,,,,,,,,,,,,,,,,94,stim_fam/094_rgray_250.png,,,,,,,,,,,,,,,,,,,,,,,,,,,,,,,,,,,,,2.275088062,2600.9746,2603.2506,,,,,,,,FALSE,,FALSE,,,,,,,,,,,,2603.2513,2603.9731,p,0.6582,,1,59,1,1,250,novel,,,FALSE,2603.9735,2603.974,2603.974,2603.975,,0,0,0,0,1,,
,,,,,69720089895520325b6ad66d,2026-01-22_11h09.26.854,WP1_3,2025.2.3,Win32,142.8571429,62aa591a476ebabe28612a92,695fcc08e6593b9a696132f7,,,,,,,,,,,,,,,,,,,,,,,,,,,,,,,,,,,,,,,,,,,,,,,,,,,,,,,,,,,,3,Celebrities_Faces/003_01_greyscale_250.png,,,,,,,,,,,,,,,,,,,,,,,,,,,,,,,,,,,,,1.567945209,2603.9752,2605.5423,,,,,,,,TRUE,,FALSE,,,,,,,,,,,,2605.5428,2606.2993,q,0.6868,,2,18,1,1,1,familiar,,,FALSE,2606.2995,2606.2995,2606.2995,2606.2995,,1,0,1,0,1,,
,,,,,69720089895520325b6ad66d,2026-01-22_11h09.26.854,WP1_3,2025.2.3,Win32,142.8571429,62aa591a476ebabe28612a92,695fcc08e6593b9a696132f7,,,,,,,,,,,,,,,,,,,,,,,,,,,,,,,,,,,,,,,,,,,,,,,,,,,,,,,,,,,,54,stim_fam/054_rgray_250.png,,,,,,,,,,,,,,,,,,,,,,,,,,,,,,,,,,,,,1.71269392,2606.2997,2608.0076,,,,,,,,FALSE,,FALSE,,,,,,,,,,,,2608.0081,2608.6812,p,0.5985,,3,46,1,1,250,novel,,,FALSE,2608.6812,2608.6812,2608.6812,2608.6813,,2,0,2,0,1,,
,,,,,69720089895520325b6ad66d,2026-01-22_11h09.26.854,WP1_3,2025.2.3,Win32,142.8571429,62aa591a476ebabe28612a92,695fcc08e6593b9a696132f7,,,,,,,,,,,,,,,,,,,,,,,,,,,,,,,,,,,,,,,,,,,,,,,,,,,,,,,,,,,,58,stim_fam/058_rgray_250.png,,,,,,,,,,,,,,,,,,,,,,,,,,,,,,,,,,,,,2.132852494,2608.6814,2610.8131,,,,,,,,FALSE,,FALSE,,,,,,,,,,,,2610.8134,2611.4313,p,0.5562,,4,53,1,1,250,novel,,,FALSE,2611.4315,2611.4315,2611.4315,2611.4315,,3,0,3,0,1,,
,,,,,69720089895520325b6ad66d,2026-01-22_11h09.26.854,WP1_3,2025.2.3,Win32,142.8571429,62aa591a476ebabe28612a92,695fcc08e6593b9a696132f7,,,,,,,,,,,,,,,,,,,,,,,,,,,,,,,,,,,,,,,,,,,,,,,,,,,,,,,,,,,,68,stim_fam/068_rgray_250.png,,,,,,,,,,,,,,,,,,,,,,,,,,,,,,,,,,,,,1.574038278,2611.4317,2613.0075,,,,,,,,FALSE,,FALSE,,,,,,,,,,,,2613.0078,2613.6258,p,0.56,,5,50,1,1,250,novel,,,FALSE,2613.6258,2613.6258,2613.6258,2613.6259,,4,0,4,0,1,,
,,,,,69720089895520325b6ad66d,2026-01-22_11h09.26.854,WP1_3,2025.2.3,Win32,142.8571429,62aa591a476ebabe28612a92,695fcc08e6593b9a696132f7,,,,,,,,,,,,,,,,,,,,,,,,,,,,,,,,,,,,,,,,,,,,,,,,,,,,,,,,,,,,8,Celebrities_Faces/008_03_greyscale_250.png,,,,,,,,,,,,,,,,,,,,,,,,,,,,,,,,,,,,,1.923150293,2613.6259,2615.5492,,,,,,,,TRUE,,FALSE,,,,,,,,,,,,2615.5497,2616.2229,q,0.6114,,6,7,1,1,3,familiar,,,FALSE,2616.2231,2616.2232,2616.2232,2616.2232,,5,0,5,0,1,,
,,,,,69720089895520325b6ad66d,2026-01-22_11h09.26.854,WP1_3,2025.2.3,Win32,142.8571429,62aa591a476ebabe28612a92,695fcc08e6593b9a696132f7,,,,,,,,,,,,,,,,,,,,,,,,,,,,,,,,,,,,,,,,,,,,,,,,,,,,,,,,,,,,42,Celebrities_Faces/042_02_greyscale_250.png,,,,,,,,,,,,,,,,,,,,,,,,,,,,,,,,,,,,,2.079945295,2616.2233,2618.2992,,,,,,,,TRUE,,FALSE,,,,,,,,,,,,2618.2996,2618.959,p,0.5972,,7,27,1,1,2,familiar,,,FALSE,2618.9591,2618.9591,2618.9591,2618.9593,,6,0,6,0,1,,
,,,,,69720089895520325b6ad66d,2026-01-22_11h09.26.854,WP1_3,2025.2.3,Win32,142.8571429,62aa591a476ebabe28612a92,695fcc08e6593b9a696132f7,,,,,,,,,,,,,,,,,,,,,,,,,,,,,,,,,,,,,,,,,,,,,,,,,,,,,,,,,,,,53,stim_fam/053_rgray_250.png,,,,,,,,,,,,,,,,,,,,,,,,,,,,,,,,,,,,,1.7792262,2618.9593,2620.7367,,,,,,,,FALSE,,FALSE,,,,,,,,,,,,2620.737,2621.4174,p,0.6158,,8,43,1,1,250,novel,,,FALSE,2621.4175,2621.4175,2621.4175,2621.4176,,7,0,7,0,1,,
,,,,,69720089895520325b6ad66d,2026-01-22_11h09.26.854,WP1_3,2025.2.3,Win32,142.8571429,62aa591a476ebabe28612a92,695fcc08e6593b9a696132f7,,,,,,,,,,,,,,,,,,,,,,,,,,,,,,,,,,,,,,,,,,,,,,,,,,,,,,,,,,,,20,Celebrities_Faces/020_03_greyscale_250.png,,,,,,,,,,,,,,,,,,,,,,,,,,,,,,,,,,,,,2.360507448,2621.4177,2623.7785,,,,,,,,TRUE,,FALSE,,,,,,,,,,,,2623.7788,2624.3479,q,0.5081,,9,11,1,1,3,familiar,,,FALSE,2624.3479,2624.348,2624.348,2624.3481,,8,0,8,0,1,,
,,,,,69720089895520325b6ad66d,2026-01-22_11h09.26.854,WP1_3,2025.2.3,Win32,142.8571429,62aa591a476ebabe28612a92,695fcc08e6593b9a696132f7,,,,,,,,,,,,,,,,,,,,,,,,,,,,,,,,,,,,,,,,,,,,,,,,,,,,,,,,,,,,33,stim_fam/033_rgray_250.png,,,,,,,,,,,,,,,,,,,,,,,,,,,,,,,,,,,,,2.450845649,2624.3482,2626.7993,,,,,,,,FALSE,,FALSE,,,,,,,,,,,,2626.7997,2627.4453,p,0.5873,,10,31,1,1,250,novel,,,FALSE,2627.4453,2627.4453,2627.4453,2627.4454,,9,0,9,0,1,,
,,,,,69720089895520325b6ad66d,2026-01-22_11h09.26.854,WP1_3,2025.2.3,Win32,142.8571429,62aa591a476ebabe28612a92,695fcc08e6593b9a696132f7,,,,,,,,,,,,,,,,,,,,,,,,,,,,,,,,,,,,,,,,,,,,,,,,,,,,,,,,,,,,24,stim_fam/024_rgray_250.png,,,,,,,,,,,,,,,,,,,,,,,,,,,,,,,,,,,,,2.273470424,2627.4455,2629.7159,,,,,,,,FALSE,,FALSE,,,,,,,,,,,,2629.7162,2630.4035,p,0.6294,,11,45,1,1,250,novel,,,FALSE,2630.4036,2630.4036,2630.4036,2630.4037,,10,0,10,0,1,,
,,,,,69720089895520325b6ad66d,2026-01-22_11h09.26.854,WP1_3,2025.2.3,Win32,142.8571429,62aa591a476ebabe28612a92,695fcc08e6593b9a696132f7,,,,,,,,,,,,,,,,,,,,,,,,,,,,,,,,,,,,,,,,,,,,,,,,,,,,,,,,,,,,5,Celebrities_Faces/005_02_greyscale_250.png,,,,,,,,,,,,,,,,,,,,,,,,,,,,,,,,,,,,,1.869380644,2630.4039,2632.2715,,,,,,,,TRUE,,FALSE,,,,,,,,,,,,2632.2719,2632.9521,q,0.6186,,12,6,1,1,2,familiar,,,FALSE,2632.9522,2632.9522,2632.9522,2632.9523,,11,0,11,0,1,,
,,,,,69720089895520325b6ad66d,2026-01-22_11h09.26.854,WP1_3,2025.2.3,Win32,142.8571429,62aa591a476ebabe28612a92,695fcc08e6593b9a696132f7,,,,,,,,,,,,,,,,,,,,,,,,,,,,,,,,,,,,,,,,,,,,,,,,,,,,,,,,,,,,39,stim_fam/039_rgray_250.png,,,,,,,,,,,,,,,,,,,,,,,,,,,,,,,,,,,,,2.138275142,2632.9525,2635.0911,,,,,,,,FALSE,,FALSE,,,,,,,,,,,,2635.0916,2635.8897,p,0.7316,,13,32,1,1,250,novel,,,FALSE,2635.8898,2635.8898,2635.8899,2635.89,,12,0,12,0,1,,
,,,,,69720089895520325b6ad66d,2026-01-22_11h09.26.854,WP1_3,2025.2.3,Win32,142.8571429,62aa591a476ebabe28612a92,695fcc08e6593b9a696132f7,,,,,,,,,,,,,,,,,,,,,,,,,,,,,,,,,,,,,,,,,,,,,,,,,,,,,,,,,,,,34,stim_fam/034_rgray_250.png,,,,,,,,,,,,,,,,,,,,,,,,,,,,,,,,,,,,,1.960312686,2635.8901,2637.8482,,,,,,,,FALSE,,FALSE,,,,,,,,,,,,2637.8488,2638.8688,p,0.9482,,14,39,1,1,250,novel,,,FALSE,2638.8689,2638.869,2638.869,2638.8691,,13,0,13,0,1,,
,,,,,69720089895520325b6ad66d,2026-01-22_11h09.26.854,WP1_3,2025.2.3,Win32,142.8571429,62aa591a476ebabe28612a92,695fcc08e6593b9a696132f7,,,,,,,,,,,,,,,,,,,,,,,,,,,,,,,,,,,,,,,,,,,,,,,,,,,,,,,,,,,,61,stim_fam/061_rgray_250.png,,,,,,,,,,,,,,,,,,,,,,,,,,,,,,,,,,,,,1.776465472,2638.8692,2640.6465,,,,,,,,FALSE,,FALSE,,,,,,,,,,,,2640.6468,2641.4805,p,0.7773,,15,35,1,1,250,novel,,,FALSE,2641.4805,2641.4806,2641.4806,2641.4806,,14,0,14,0,1,,
,,,,,69720089895520325b6ad66d,2026-01-22_11h09.26.854,WP1_3,2025.2.3,Win32,142.8571429,62aa591a476ebabe28612a92,695fcc08e6593b9a696132f7,,,,,,,,,,,,,,,,,,,,,,,,,,,,,,,,,,,,,,,,,,,,,,,,,,,,,,,,,,,,13,Celebrities_Faces/013_02_greyscale_250.png,,,,,,,,,,,,,,,,,,,,,,,,,,,,,,,,,,,,,2.308550359,2641.4807,2643.7855,,,,,,,,TRUE,,FALSE,,,,,,,,,,,,2643.7859,2644.7855,q,0.9368,,16,9,1,1,2,familiar,,,FALSE,2644.7855,2644.7856,2644.7856,2644.7856,,15,0,15,0,1,,
,,,,,69720089895520325b6ad66d,2026-01-22_11h09.26.854,WP1_3,2025.2.3,Win32,142.8571429,62aa591a476ebabe28612a92,695fcc08e6593b9a696132f7,,,,,,,,,,,,,,,,,,,,,,,,,,,,,,,,,,,,,,,,,,,,,,,,,,,,,,,,,,,,3,stim_fam/003_rgray_250.png,,,,,,,,,,,,,,,,,,,,,,,,,,,,,,,,,,,,,1.500079814,2644.7857,2646.2855,,,,,,,,FALSE,,FALSE,,,,,,,,,,,,2646.2857,2646.9938,p,0.6488,,17,36,1,1,250,novel,,,FALSE,2646.994,2646.994,2646.994,2646.994,,16,0,16,0,1,,
,,,,,69720089895520325b6ad66d,2026-01-22_11h09.26.854,WP1_3,2025.2.3,Win32,142.8571429,62aa591a476ebabe28612a92,695fcc08e6593b9a696132f7,,,,,,,,,,,,,,,,,,,,,,,,,,,,,,,,,,,,,,,,,,,,,,,,,,,,,,,,,,,,14,stim_fam/014_rgray_250.png,,,,,,,,,,,,,,,,,,,,,,,,,,,,,,,,,,,,,1.637459523,2646.9941,2648.6328,,,,,,,,FALSE,,FALSE,,,,,,,,,,,,2648.633,2649.4175,p,0.724,,18,34,1,1,250,novel,,,FALSE,2649.4176,2649.4176,2649.4176,2649.4177,,17,0,17,0,1,,
,,,,,69720089895520325b6ad66d,2026-01-22_11h09.26.854,WP1_3,2025.2.3,Win32,142.8571429,62aa591a476ebabe28612a92,695fcc08e6593b9a696132f7,,,,,,,,,,,,,,,,,,,,,,,,,,,,,,,,,,,,,,,,,,,,,,,,,,,,,,,,,,,,25,Celebrities_Faces/025_03_greyscale_250.png,,,,,,,,,,,,,,,,,,,,,,,,,,,,,,,,,,,,,1.825125434,2649.4178,2651.2438,,,,,,,,TRUE,,FALSE,,,,,,,,,,,,2651.2442,2652.0425,q,0.7418,,19,19,1,1,3,familiar,,,FALSE,2652.0426,2652.0426,2652.0426,2652.0427,,18,0,18,0,1,,
,,,,,69720089895520325b6ad66d,2026-01-22_11h09.26.854,WP1_3,2025.2.3,Win32,142.8571429,62aa591a476ebabe28612a92,695fcc08e6593b9a696132f7,,,,,,,,,,,,,,,,,,,,,,,,,,,,,,,,,,,,,,,,,,,,,,,,,,,,,,,,,,,,37,stim_fam/037_rgray_250.png,,,,,,,,,,,,,,,,,,,,,,,,,,,,,,,,,,,,,2.112882433,2652.0428,2654.1535,,,,,,,,FALSE,,FALSE,,,,,,,,,,,,2654.1539,2654.8966,p,0.6807,,20,54,1,1,250,novel,,,FALSE,2654.8967,2654.8967,2654.8968,2654.8968,,19,0,19,0,1,,
,,,,,69720089895520325b6ad66d,2026-01-22_11h09.26.854,WP1_3,2025.2.3,Win32,142.8571429,62aa591a476ebabe28612a92,695fcc08e6593b9a696132f7,,,,,,,,,,,,,,,,,,,,,,,,,,,,,,,,,,,,,,,,,,,,,,,,,,,,,,,,,,,,10,Celebrities_Faces/010_01_greyscale_250.png,,,,,,,,,,,,,,,,,,,,,,,,,,,,,,,,,,,,,1.633900935,2654.8969,2656.5286,,,,,,,,TRUE,,FALSE,,,,,,,,,,,,2656.5289,2657.3967,q,0.8065,,21,1,1,1,1,familiar,,,FALSE,2657.3968,2657.3969,2657.3969,2657.3969,,20,0,20,0,1,,
,,,,,69720089895520325b6ad66d,2026-01-22_11h09.26.854,WP1_3,2025.2.3,Win32,142.8571429,62aa591a476ebabe28612a92,695fcc08e6593b9a696132f7,,,,,,,,,,,,,,,,,,,,,,,,,,,,,,,,,,,,,,,,,,,,,,,,,,,,,,,,,,,,80,stim_fam/080_rgray_250.png,,,,,,,,,,,,,,,,,,,,,,,,,,,,,,,,,,,,,2.330686919,2657.3971,2659.7231,,,,,,,,FALSE,,FALSE,,,,,,,,,,,,2659.7233,2660.5982,p,0.8174,,22,51,1,1,250,novel,,,FALSE,2660.5983,2660.5983,2660.5983,2660.5983,,21,0,21,0,1,,
,,,,,69720089895520325b6ad66d,2026-01-22_11h09.26.854,WP1_3,2025.2.3,Win32,142.8571429,62aa591a476ebabe28612a92,695fcc08e6593b9a696132f7,,,,,,,,,,,,,,,,,,,,,,,,,,,,,,,,,,,,,,,,,,,,,,,,,,,,,,,,,,,,59,Celebrities_Faces/059_01_greyscale_250.png,,,,,,,,,,,,,,,,,,,,,,,,,,,,,,,,,,,,,1.924097029,2660.5985,2662.5216,,,,,,,,TRUE,,FALSE,,,,,,,,,,,,2662.522,2663.3341,q,0.7527,,23,16,1,1,1,familiar,,,FALSE,2663.3342,2663.3343,2663.3343,2663.3343,,22,0,22,0,1,,
,,,,,69720089895520325b6ad66d,2026-01-22_11h09.26.854,WP1_3,2025.2.3,Win32,142.8571429,62aa591a476ebabe28612a92,695fcc08e6593b9a696132f7,,,,,,,,,,,,,,,,,,,,,,,,,,,,,,,,,,,,,,,,,,,,,,,,,,,,,,,,,,,,15,Celebrities_Faces/015_02_greyscale_250.png,,,,,,,,,,,,,,,,,,,,,,,,,,,,,,,,,,,,,1.661620655,2663.3343,2664.9939,,,,,,,,TRUE,,FALSE,,,,,,,,,,,,2664.9943,2666.0774,q,1.021,,24,28,1,1,2,familiar,,,FALSE,2666.0774,2666.0775,2666.0775,2666.0775,,23,0,23,0,1,,
,,,,,69720089895520325b6ad66d,2026-01-22_11h09.26.854,WP1_3,2025.2.3,Win32,142.8571429,62aa591a476ebabe28612a92,695fcc08e6593b9a696132f7,,,,,,,,,,,,,,,,,,,,,,,,,,,,,,,,,,,,,,,,,,,,,,,,,,,,,,,,,,,,8,stim_fam/008_rgray_250.png,,,,,,,,,,,,,,,,,,,,,,,,,,,,,,,,,,,,,2.229922894,2666.0777,2668.3064,,,,,,,,FALSE,,FALSE,,,,,,,,,,,,2668.3067,2669.0703,p,0.703,,25,33,1,1,250,novel,,,FALSE,2669.0703,2669.0704,2669.0704,2669.0705,,24,0,24,0,1,,
,,,,,69720089895520325b6ad66d,2026-01-22_11h09.26.854,WP1_3,2025.2.3,Win32,142.8571429,62aa591a476ebabe28612a92,695fcc08e6593b9a696132f7,,,,,,,,,,,,,,,,,,,,,,,,,,,,,,,,,,,,,,,,,,,,,,,,,,,,,,,,,,,,30,Celebrities_Faces/030_03_greyscale_250.png,,,,,,,,,,,,,,,,,,,,,,,,,,,,,,,,,,,,,2.24007372,2669.0705,2671.3064,,,,,,,,TRUE,,TRUE,,,,,,,,,,,,2671.3067,2672.4107,,,,26,3,1,1,3,familiar,,,FALSE,2672.4109,2673.4106,2673.4107,2673.4107,,25,0,25,0,1,,
,,,,,69720089895520325b6ad66d,2026-01-22_11h09.26.854,WP1_3,2025.2.3,Win32,142.8571429,62aa591a476ebabe28612a92,695fcc08e6593b9a696132f7,,,,,,,,,,,,,,,,,,,,,,,,,,,,,,,,,,,,,,,,,,,,,,,,,,,,,,,,,,,,29,stim_fam/029_rgray_250.png,,,,,,,,,,,,,,,,,,,,,,,,,,,,,,,,,,,,,2.366000732,2673.4109,2675.7787,,,,,,,,FALSE,,FALSE,,,,,,,,,,,,2675.779,2676.4662,p,0.6241,,27,38,1,1,250,novel,,,FALSE,2676.4663,2676.4663,2676.4663,2676.4664,,26,0,26,0,1,,
,,,,,69720089895520325b6ad66d,2026-01-22_11h09.26.854,WP1_3,2025.2.3,Win32,142.8571429,62aa591a476ebabe28612a92,695fcc08e6593b9a696132f7,,,,,,,,,,,,,,,,,,,,,,,,,,,,,,,,,,,,,,,,,,,,,,,,,,,,,,,,,,,,92,stim_fam/092_rgray_250.png,,,,,,,,,,,,,,,,,,,,,,,,,,,,,,,,,,,,,2.252341464,2676.4665,2678.7162,,,,,,,,FALSE,,FALSE,,,,,,,,,,,,2678.7165,2679.7371,p,0.9634,,28,47,1,1,250,novel,,,FALSE,2679.7372,2679.7372,2679.7372,2679.7372,,27,0,27,0,1,,
,,,,,69720089895520325b6ad66d,2026-01-22_11h09.26.854,WP1_3,2025.2.3,Win32,142.8571429,62aa591a476ebabe28612a92,695fcc08e6593b9a696132f7,,,,,,,,,,,,,,,,,,,,,,,,,,,,,,,,,,,,,,,,,,,,,,,,,,,,,,,,,,,,57,stim_fam/057_rgray_250.png,,,,,,,,,,,,,,,,,,,,,,,,,,,,,,,,,,,,,1.755673304,2679.7373,2681.494,,,,,,,,FALSE,,FALSE,,,,,,,,,,,,2681.4944,2682.237,p,0.6859,,29,60,1,1,250,novel,,,FALSE,2682.2371,2682.2371,2682.2372,2682.2372,,28,0,28,0,1,,
,,,,,69720089895520325b6ad66d,2026-01-22_11h09.26.854,WP1_3,2025.2.3,Win32,142.8571429,62aa591a476ebabe28612a92,695fcc08e6593b9a696132f7,,,,,,,,,,,,,,,,,,,,,,,,,,,,,,,,,,,,,,,,,,,,,,,,,,,,,,,,,,,,53,Celebrities_Faces/053_02_greyscale_250.png,,,,,,,,,,,,,,,,,,,,,,,,,,,,,,,,,,,,,1.852495034,2682.2373,2684.0911,,,,,,,,TRUE,,FALSE,,,,,,,,,,,,2684.0915,2685.0217,p,0.8687,,30,8,1,1,2,familiar,,,FALSE,2685.0219,2685.0219,2685.0219,2685.0219,,29,0,29,0,1,,
,,,,,69720089895520325b6ad66d,2026-01-22_11h09.26.854,WP1_3,2025.2.3,Win32,142.8571429,62aa591a476ebabe28612a92,695fcc08e6593b9a696132f7,,,,,,,,,,,,,,,,,,,,,,,,,,,,,,,,,,,,,,,,,,,,,,,,,,,,,,,,,,,,19,Celebrities_Faces/019_02_greyscale_250.png,,,,,,,,,,,,,,,,,,,,,,,,,,,,,,,,,,,,,1.892726218,2685.022,2686.9107,,,,,,,,TRUE,,FALSE,,,,,,,,,,,,2686.911,2687.6399,q,0.6711,,31,17,1,1,2,familiar,,,FALSE,2687.6401,2687.6401,2687.6401,2687.6401,,30,0,30,0,1,,
,,,,,69720089895520325b6ad66d,2026-01-22_11h09.26.854,WP1_3,2025.2.3,Win32,142.8571429,62aa591a476ebabe28612a92,695fcc08e6593b9a696132f7,,,,,,,,,,,,,,,,,,,,,,,,,,,,,,,,,,,,,,,,,,,,,,,,,,,,,,,,,,,,90,stim_fam/090_rgray_250.png,,,,,,,,,,,,,,,,,,,,,,,,,,,,,,,,,,,,,2.188827229,2687.6403,2689.8273,,,,,,,,FALSE,,FALSE,,,,,,,,,,,,2689.8277,2690.487,p,0.5959,,32,48,1,1,250,novel,,,FALSE,2690.4872,2690.4872,2690.4872,2690.4872,,31,0,31,0,1,,
,,,,,69720089895520325b6ad66d,2026-01-22_11h09.26.854,WP1_3,2025.2.3,Win32,142.8571429,62aa591a476ebabe28612a92,695fcc08e6593b9a696132f7,,,,,,,,,,,,,,,,,,,,,,,,,,,,,,,,,,,,,,,,,,,,,,,,,,,,,,,,,,,,31,Celebrities_Faces/031_01_greyscale_250.png,,,,,,,,,,,,,,,,,,,,,,,,,,,,,,,,,,,,,2.105596639,2690.4874,2692.5912,,,,,,,,TRUE,,FALSE,,,,,,,,,,,,2692.5916,2693.3624,q,0.7152,,33,30,1,1,1,familiar,,,FALSE,2693.3625,2693.3625,2693.3625,2693.3626,,32,0,32,0,1,,
,,,,,69720089895520325b6ad66d,2026-01-22_11h09.26.854,WP1_3,2025.2.3,Win32,142.8571429,62aa591a476ebabe28612a92,695fcc08e6593b9a696132f7,,,,,,,,,,,,,,,,,,,,,,,,,,,,,,,,,,,,,,,,,,,,,,,,,,,,,,,,,,,,93,stim_fam/093_rgray_250.png,,,,,,,,,,,,,,,,,,,,,,,,,,,,,,,,,,,,,2.430944383,2693.3628,2695.7926,,,,,,,,FALSE,,FALSE,,,,,,,,,,,,2695.793,2696.8413,p,0.9888,,34,40,1,1,250,novel,,,FALSE,2696.8414,2696.8414,2696.8414,2696.8414,,33,0,33,0,1,,
,,,,,69720089895520325b6ad66d,2026-01-22_11h09.26.854,WP1_3,2025.2.3,Win32,142.8571429,62aa591a476ebabe28612a92,695fcc08e6593b9a696132f7,,,,,,,,,,,,,,,,,,,,,,,,,,,,,,,,,,,,,,,,,,,,,,,,,,,,,,,,,,,,18,Celebrities_Faces/018_02_greyscale_250.png,,,,,,,,,,,,,,,,,,,,,,,,,,,,,,,,,,,,,2.170032346,2696.8415,2699.0079,,,,,,,,TRUE,,TRUE,,,,,,,,,,,,2699.0082,2700.112,,,,35,12,1,1,2,familiar,,,FALSE,2700.1122,2701.112,2701.1121,2701.1121,,34,0,34,0,1,,
,,,,,69720089895520325b6ad66d,2026-01-22_11h09.26.854,WP1_3,2025.2.3,Win32,142.8571429,62aa591a476ebabe28612a92,695fcc08e6593b9a696132f7,,,,,,,,,,,,,,,,,,,,,,,,,,,,,,,,,,,,,,,,,,,,,,,,,,,,,,,,,,,,9,Celebrities_Faces/009_01_greyscale_250.png,,,,,,,,,,,,,,,,,,,,,,,,,,,,,,,,,,,,,1.646945525,2701.1122,2702.7579,,,,,,,,TRUE,,FALSE,,,,,,,,,,,,2702.7582,2703.508,p,0.687,,36,4,1,1,1,familiar,,,FALSE,2703.508,2703.508,2703.508,2703.5081,,35,0,35,0,1,,
,,,,,69720089895520325b6ad66d,2026-01-22_11h09.26.854,WP1_3,2025.2.3,Win32,142.8571429,62aa591a476ebabe28612a92,695fcc08e6593b9a696132f7,,,,,,,,,,,,,,,,,,,,,,,,,,,,,,,,,,,,,,,,,,,,,,,,,,,,,,,,,,,,32,Celebrities_Faces/032_01_greyscale_250.png,,,,,,,,,,,,,,,,,,,,,,,,,,,,,,,,,,,,,2.034077742,2703.5082,2705.5427,,,,,,,,TRUE,,FALSE,,,,,,,,,,,,2705.543,2706.2373,q,0.6349,,37,15,1,1,1,familiar,,,FALSE,2706.2374,2706.2374,2706.2374,2706.2374,,36,0,36,0,1,,
,,,,,69720089895520325b6ad66d,2026-01-22_11h09.26.854,WP1_3,2025.2.3,Win32,142.8571429,62aa591a476ebabe28612a92,695fcc08e6593b9a696132f7,,,,,,,,,,,,,,,,,,,,,,,,,,,,,,,,,,,,,,,,,,,,,,,,,,,,,,,,,,,,19,stim_fam/019_rgray_250.png,,,,,,,,,,,,,,,,,,,,,,,,,,,,,,,,,,,,,1.547821072,2706.2376,2707.7858,,,,,,,,FALSE,,TRUE,,,,,,,,,,,,2707.7861,2708.8898,,,,38,42,1,1,250,novel,,,FALSE,2708.89,2709.89,2709.89,2709.89,,37,0,37,0,1,,
,,,,,69720089895520325b6ad66d,2026-01-22_11h09.26.854,WP1_3,2025.2.3,Win32,142.8571429,62aa591a476ebabe28612a92,695fcc08e6593b9a696132f7,,,,,,,,,,,,,,,,,,,,,,,,,,,,,,,,,,,,,,,,,,,,,,,,,,,,,,,,,,,,28,Celebrities_Faces/028_03_greyscale_250.png,,,,,,,,,,,,,,,,,,,,,,,,,,,,,,,,,,,,,2.127068414,2709.8902,2712.0148,,,,,,,,TRUE,,FALSE,,,,,,,,,,,,2712.0152,2712.7164,q,0.6374,,39,23,1,1,3,familiar,,,FALSE,2712.7164,2712.7165,2712.7165,2712.7165,,38,0,38,0,1,,
,,,,,69720089895520325b6ad66d,2026-01-22_11h09.26.854,WP1_3,2025.2.3,Win32,142.8571429,62aa591a476ebabe28612a92,695fcc08e6593b9a696132f7,,,,,,,,,,,,,,,,,,,,,,,,,,,,,,,,,,,,,,,,,,,,,,,,,,,,,,,,,,,,6,Celebrities_Faces/006_03_greyscale_250.png,,,,,,,,,,,,,,,,,,,,,,,,,,,,,,,,,,,,,2.246172046,2712.7166,2714.9594,,,,,,,,TRUE,,FALSE,,,,,,,,,,,,2714.9598,2715.5566,q,0.5312,,40,21,1,1,3,familiar,,,FALSE,2715.5567,2715.5567,2715.5567,2715.5568,,39,0,39,0,1,,
,,,,,69720089895520325b6ad66d,2026-01-22_11h09.26.854,WP1_3,2025.2.3,Win32,142.8571429,62aa591a476ebabe28612a92,695fcc08e6593b9a696132f7,,,,,,,,,,,,,,,,,,,,,,,,,,,,,,,,,,,,,,,,,,,,,,,,,,,,,,,,,,,,36,stim_fam/036_rgray_250.png,,,,,,,,,,,,,,,,,,,,,,,,,,,,,,,,,,,,,1.617974162,2715.5569,2717.1746,,,,,,,,FALSE,,TRUE,,,,,,,,,,,,2717.175,2718.2789,,,,41,37,1,1,250,novel,,,FALSE,2718.279,2719.2788,2719.2788,2719.2788,,40,0,40,0,1,,
,,,,,69720089895520325b6ad66d,2026-01-22_11h09.26.854,WP1_3,2025.2.3,Win32,142.8571429,62aa591a476ebabe28612a92,695fcc08e6593b9a696132f7,,,,,,,,,,,,,,,,,,,,,,,,,,,,,,,,,,,,,,,,,,,,,,,,,,,,,,,,,,,,7,Celebrities_Faces/007_02_greyscale_250.png,,,,,,,,,,,,,,,,,,,,,,,,,,,,,,,,,,,,,2.427903942,2719.279,2721.7024,,,,,,,,TRUE,,FALSE,,,,,,,,,,,,2721.7028,2722.2858,q,0.5194,,42,20,1,1,2,familiar,,,FALSE,2722.2859,2722.2859,2722.2859,2722.2859,,41,0,41,0,1,,
,,,,,69720089895520325b6ad66d,2026-01-22_11h09.26.854,WP1_3,2025.2.3,Win32,142.8571429,62aa591a476ebabe28612a92,695fcc08e6593b9a696132f7,,,,,,,,,,,,,,,,,,,,,,,,,,,,,,,,,,,,,,,,,,,,,,,,,,,,,,,,,,,,21,Celebrities_Faces/021_03_greyscale_250.png,,,,,,,,,,,,,,,,,,,,,,,,,,,,,,,,,,,,,1.788487259,2722.2861,2724.0706,,,,,,,,TRUE,,FALSE,,,,,,,,,,,,2724.0709,2724.8763,p,0.7442,,43,25,1,1,3,familiar,,,FALSE,2724.8764,2724.8764,2724.8764,2724.8765,,42,0,42,0,1,,
,,,,,69720089895520325b6ad66d,2026-01-22_11h09.26.854,WP1_3,2025.2.3,Win32,142.8571429,62aa591a476ebabe28612a92,695fcc08e6593b9a696132f7,,,,,,,,,,,,,,,,,,,,,,,,,,,,,,,,,,,,,,,,,,,,,,,,,,,,,,,,,,,,58,Celebrities_Faces/058_01_greyscale_250.png,,,,,,,,,,,,,,,,,,,,,,,,,,,,,,,,,,,,,2.463953327,2724.8766,2727.3415,,,,,,,,TRUE,,FALSE,,,,,,,,,,,,2727.3419,2728.071,p,0.6642,,44,2,1,1,1,familiar,,,FALSE,2728.0711,2728.0712,2728.0712,2728.0712,,43,0,43,0,1,,
,,,,,69720089895520325b6ad66d,2026-01-22_11h09.26.854,WP1_3,2025.2.3,Win32,142.8571429,62aa591a476ebabe28612a92,695fcc08e6593b9a696132f7,,,,,,,,,,,,,,,,,,,,,,,,,,,,,,,,,,,,,,,,,,,,,,,,,,,,,,,,,,,,30,stim_fam/030_rgray_250.png,,,,,,,,,,,,,,,,,,,,,,,,,,,,,,,,,,,,,1.750813202,2728.0713,2729.8205,,,,,,,,FALSE,,FALSE,,,,,,,,,,,,2729.8208,2730.7928,q,0.9052,,45,44,1,1,250,novel,,,FALSE,2730.7928,2730.7929,2730.7929,2730.7929,,44,0,44,0,1,,
,,,,,69720089895520325b6ad66d,2026-01-22_11h09.26.854,WP1_3,2025.2.3,Win32,142.8571429,62aa591a476ebabe28612a92,695fcc08e6593b9a696132f7,,,,,,,,,,,,,,,,,,,,,,,,,,,,,,,,,,,,,,,,,,,,,,,,,,,,,,,,,,,,23,Celebrities_Faces/023_03_greyscale_250.png,,,,,,,,,,,,,,,,,,,,,,,,,,,,,,,,,,,,,2.42746727,2730.7931,2733.2163,,,,,,,,TRUE,,FALSE,,,,,,,,,,,,2733.2167,2733.772,q,0.4908,,46,26,1,1,3,familiar,,,FALSE,2733.7721,2733.7721,2733.7721,2733.7721,,45,0,45,0,1,,
,,,,,69720089895520325b6ad66d,2026-01-22_11h09.26.854,WP1_3,2025.2.3,Win32,142.8571429,62aa591a476ebabe28612a92,695fcc08e6593b9a696132f7,,,,,,,,,,,,,,,,,,,,,,,,,,,,,,,,,,,,,,,,,,,,,,,,,,,,,,,,,,,,74,stim_fam/074_rgray_250.png,,,,,,,,,,,,,,,,,,,,,,,,,,,,,,,,,,,,,2.268175368,2733.7724,2736.0359,,,,,,,,FALSE,,FALSE,,,,,,,,,,,,2736.0362,2737.1053,p,0.9951,,47,56,1,1,250,novel,,,FALSE,2737.1054,2737.1054,2737.1054,2737.1054,,46,0,46,0,1,,
,,,,,69720089895520325b6ad66d,2026-01-22_11h09.26.854,WP1_3,2025.2.3,Win32,142.8571429,62aa591a476ebabe28612a92,695fcc08e6593b9a696132f7,,,,,,,,,,,,,,,,,,,,,,,,,,,,,,,,,,,,,,,,,,,,,,,,,,,,,,,,,,,,65,stim_fam/065_rgray_250.png,,,,,,,,,,,,,,,,,,,,,,,,,,,,,,,,,,,,,2.015905003,2737.1055,2739.1192,,,,,,,,FALSE,,FALSE,,,,,,,,,,,,2739.1196,2739.9317,p,0.7522,,48,52,1,1,250,novel,,,FALSE,2739.9318,2739.9319,2739.9319,2739.9319,,47,0,47,0,1,,
,,,,,69720089895520325b6ad66d,2026-01-22_11h09.26.854,WP1_3,2025.2.3,Win32,142.8571429,62aa591a476ebabe28612a92,695fcc08e6593b9a696132f7,,,,,,,,,,,,,,,,,,,,,,,,,,,,,,,,,,,,,,,,,,,,,,,,,,,,,,,,,,,,41,Celebrities_Faces/041_02_greyscale_250.png,,,,,,,,,,,,,,,,,,,,,,,,,,,,,,,,,,,,,1.867023752,2739.932,2741.7997,,,,,,,,TRUE,,TRUE,,,,,,,,,,,,2741.8001,2742.9039,,,,49,24,1,1,2,familiar,,,FALSE,2742.904,2743.9039,2743.9039,2743.904,,48,0,48,0,1,,
,,,,,69720089895520325b6ad66d,2026-01-22_11h09.26.854,WP1_3,2025.2.3,Win32,142.8571429,62aa591a476ebabe28612a92,695fcc08e6593b9a696132f7,,,,,,,,,,,,,,,,,,,,,,,,,,,,,,,,,,,,,,,,,,,,,,,,,,,,,,,,,,,,14,Celebrities_Faces/014_03_greyscale_250.png,,,,,,,,,,,,,,,,,,,,,,,,,,,,,,,,,,,,,2.12383684,2743.9041,2746.0288,,,,,,,,TRUE,,FALSE,,,,,,,,,,,,2746.0291,2746.89,q,0.7996,,50,13,1,1,3,familiar,,,FALSE,2746.8902,2746.8902,2746.8902,2746.8902,,49,0,49,0,1,,
,,,,,69720089895520325b6ad66d,2026-01-22_11h09.26.854,WP1_3,2025.2.3,Win32,142.8571429,62aa591a476ebabe28612a92,695fcc08e6593b9a696132f7,,,,,,,,,,,,,,,,,,,,,,,,,,,,,,,,,,,,,,,,,,,,,,,,,,,,,,,,,,,,13,stim_fam/013_rgray_250.png,,,,,,,,,,,,,,,,,,,,,,,,,,,,,,,,,,,,,2.063449256,2746.8903,2748.9527,,,,,,,,FALSE,,FALSE,,,,,,,,,,,,2748.9529,2749.7303,p,0.72,,51,49,1,1,250,novel,,,FALSE,2749.7304,2749.7304,2749.7304,2749.7304,,50,0,50,0,1,,
,,,,,69720089895520325b6ad66d,2026-01-22_11h09.26.854,WP1_3,2025.2.3,Win32,142.8571429,62aa591a476ebabe28612a92,695fcc08e6593b9a696132f7,,,,,,,,,,,,,,,,,,,,,,,,,,,,,,,,,,,,,,,,,,,,,,,,,,,,,,,,,,,,47,stim_fam/047_rgray_250.png,,,,,,,,,,,,,,,,,,,,,,,,,,,,,,,,,,,,,2.284128833,2749.7306,2752.015,,,,,,,,FALSE,,FALSE,,,,,,,,,,,,2752.0153,2752.6262,p,0.5445,,52,57,1,1,250,novel,,,FALSE,2752.6262,2752.6263,2752.6263,2752.6263,,51,0,51,0,1,,
,,,,,69720089895520325b6ad66d,2026-01-22_11h09.26.854,WP1_3,2025.2.3,Win32,142.8571429,62aa591a476ebabe28612a92,695fcc08e6593b9a696132f7,,,,,,,,,,,,,,,,,,,,,,,,,,,,,,,,,,,,,,,,,,,,,,,,,,,,,,,,,,,,4,Celebrities_Faces/004_01_greyscale_250.png,,,,,,,,,,,,,,,,,,,,,,,,,,,,,,,,,,,,,1.710068585,2752.6264,2754.3347,,,,,,,,TRUE,,FALSE,,,,,,,,,,,,2754.335,2755.1544,q,0.7539,,53,22,1,1,1,familiar,,,FALSE,2755.1546,2755.1546,2755.1546,2755.1547,,52,0,52,0,1,,
,,,,,69720089895520325b6ad66d,2026-01-22_11h09.26.854,WP1_3,2025.2.3,Win32,142.8571429,62aa591a476ebabe28612a92,695fcc08e6593b9a696132f7,,,,,,,,,,,,,,,,,,,,,,,,,,,,,,,,,,,,,,,,,,,,,,,,,,,,,,,,,,,,12,Celebrities_Faces/012_03_greyscale_250.png,,,,,,,,,,,,,,,,,,,,,,,,,,,,,,,,,,,,,2.074759639,2755.1548,2757.2308,,,,,,,,TRUE,,FALSE,,,,,,,,,,,,2757.2313,2757.8974,q,0.586,,54,10,1,1,3,familiar,,,FALSE,2757.8976,2757.8977,2757.8977,2757.8977,,53,0,53,0,1,,
,,,,,69720089895520325b6ad66d,2026-01-22_11h09.26.854,WP1_3,2025.2.3,Win32,142.8571429,62aa591a476ebabe28612a92,695fcc08e6593b9a696132f7,,,,,,,,,,,,,,,,,,,,,,,,,,,,,,,,,,,,,,,,,,,,,,,,,,,,,,,,,,,,27,Celebrities_Faces/027_03_greyscale_250.png,,,,,,,,,,,,,,,,,,,,,,,,,,,,,,,,,,,,,2.025146517,2757.8978,2759.9179,,,,,,,,TRUE,,TRUE,,,,,,,,,,,,2759.9182,2761.0221,,,,55,14,1,1,3,familiar,,,FALSE,2761.0222,2762.022,2762.0221,2762.0222,,54,0,54,0,1,,
,,,,,69720089895520325b6ad66d,2026-01-22_11h09.26.854,WP1_3,2025.2.3,Win32,142.8571429,62aa591a476ebabe28612a92,695fcc08e6593b9a696132f7,,,,,,,,,,,,,,,,,,,,,,,,,,,,,,,,,,,,,,,,,,,,,,,,,,,,,,,,,,,,26,Celebrities_Faces/026_02_greyscale_250.png,,,,,,,,,,,,,,,,,,,,,,,,,,,,,,,,,,,,,1.623678347,2762.0224,2763.6471,,,,,,,,TRUE,,FALSE,,,,,,,,,,,,2763.6474,2764.6193,q,0.9036,,56,29,1,1,2,familiar,,,FALSE,2764.6195,2764.6195,2764.6195,2764.6195,,55,0,55,0,1,,
,,,,,69720089895520325b6ad66d,2026-01-22_11h09.26.854,WP1_3,2025.2.3,Win32,142.8571429,62aa591a476ebabe28612a92,695fcc08e6593b9a696132f7,,,,,,,,,,,,,,,,,,,,,,,,,,,,,,,,,,,,,,,,,,,,,,,,,,,,,,,,,,,,98,stim_fam/098_rgray_250.png,,,,,,,,,,,,,,,,,,,,,,,,,,,,,,,,,,,,,1.666335902,2764.6196,2766.286,,,,,,,,FALSE,,TRUE,,,,,,,,,,,,2766.2863,2767.3901,,,,57,58,1,1,250,novel,,,FALSE,2767.3903,2768.3902,2768.3902,2768.3903,,56,0,56,0,1,,
,,,,,69720089895520325b6ad66d,2026-01-22_11h09.26.854,WP1_3,2025.2.3,Win32,142.8571429,62aa591a476ebabe28612a92,695fcc08e6593b9a696132f7,,,,,,,,,,,,,,,,,,,,,,,,,,,,,,,,,,,,,,,,,,,,,,,,,,,,,,,,,,,,17,Celebrities_Faces/017_01_greyscale_250.png,,,,,,,,,,,,,,,,,,,,,,,,,,,,,,,,,,,,,1.950511281,2768.3905,2770.3415,,,,,,,,TRUE,,FALSE,,,,,,,,,,,,2770.3418,2770.9737,q,0.5711,,58,5,1,1,1,familiar,,,FALSE,2770.9738,2770.9739,2770.9739,2770.9739,,57,0,57,0,1,,
,,,,,69720089895520325b6ad66d,2026-01-22_11h09.26.854,WP1_3,2025.2.3,Win32,142.8571429,62aa591a476ebabe28612a92,695fcc08e6593b9a696132f7,,,,,,,,,,,,,,,,,,,,,,,,,,,,,,,,,,,,,,,,,,,,,,,,,,,,,,,,,,,,49,stim_fam/049_rgray_250.png,,,,,,,,,,,,,,,,,,,,,,,,,,,,,,,,,,,,,2.480254467,2770.9741,2773.4526,,,,,,,,FALSE,,FALSE,,,,,,,,,,,,2773.4529,2774.4041,p,0.8917,,59,55,1,1,250,novel,,,FALSE,2774.4042,2774.4042,2774.4042,2774.4042,,58,0,58,0,1,,
,,,,,69720089895520325b6ad66d,2026-01-22_11h09.26.854,WP1_3,2025.2.3,Win32,142.8571429,62aa591a476ebabe28612a92,695fcc08e6593b9a696132f7,,,,,,,,,,,,,,,,,,,,,,,,,,,,,,,,,,,,,,,,,,,,,,,,,,,,,,,,,,,,50,stim_fam/050_rgray_250.png,,,,,,,,,,,,,,,,,,,,,,,,,,,,,,,,,,,,,2.256666285,2774.4044,2776.6609,,,,,,,,FALSE,,FALSE,,,,,,,,,,,,2776.6613,2777.6132,p,0.8922,,60,41,1,1,250,novel,,,FALSE,2777.6133,2777.6133,2777.6133,2779.7861,space,59,0,59,0,1,2.1686,
,,,,,69720089895520325b6ad66d,2026-01-22_11h09.26.854,WP1_3,2025.2.3,Win32,142.8571429,62aa591a476ebabe28612a92,695fcc08e6593b9a696132f7,,,,,,,,,,,,,,,,,,,,,,,,,,,,,,,,,,,,,,,,,,,,,,,,,,,,,,,,,,,,76,stim_fam/076_rgray_250.png,,,,,,,,,,,,,,,,,,,,,,,,,,,,,,,,,,,,,2.308925506,2779.7863,2782.0915,,,,,,,,FALSE,,FALSE,,,,,,,,,,,,2782.0919,2782.793,p,0.6402,,61,97,2,1,250,novel,,,FALSE,2782.7931,2782.7931,2782.7931,2782.7931,,60,0,60,0,1,,
,,,,,69720089895520325b6ad66d,2026-01-22_11h09.26.854,WP1_3,2025.2.3,Win32,142.8571429,62aa591a476ebabe28612a92,695fcc08e6593b9a696132f7,,,,,,,,,,,,,,,,,,,,,,,,,,,,,,,,,,,,,,,,,,,,,,,,,,,,,,,,,,,,17,Celebrities_Faces/017_02_greyscale_250.png,,,,,,,,,,,,,,,,,,,,,,,,,,,,,,,,,,,,,2.143154222,2782.7933,2784.9319,,,,,,,,TRUE,,FALSE,,,,,,,,,,,,2784.9322,2785.5291,p,0.5366,,62,65,2,1,2,familiar,,,FALSE,2785.5292,2785.5292,2785.5292,2785.5293,,61,0,61,0,1,,
,,,,,69720089895520325b6ad66d,2026-01-22_11h09.26.854,WP1_3,2025.2.3,Win32,142.8571429,62aa591a476ebabe28612a92,695fcc08e6593b9a696132f7,,,,,,,,,,,,,,,,,,,,,,,,,,,,,,,,,,,,,,,,,,,,,,,,,,,,,,,,,,,,4,Celebrities_Faces/004_03_greyscale_250.png,,,,,,,,,,,,,,,,,,,,,,,,,,,,,,,,,,,,,2.209421471,2785.5294,2787.7375,,,,,,,,TRUE,,FALSE,,,,,,,,,,,,2787.7378,2788.3764,q,0.5792,,63,82,2,1,3,familiar,,,FALSE,2788.3764,2788.3764,2788.3764,2788.3765,,62,0,62,0,1,,
,,,,,69720089895520325b6ad66d,2026-01-22_11h09.26.854,WP1_3,2025.2.3,Win32,142.8571429,62aa591a476ebabe28612a92,695fcc08e6593b9a696132f7,,,,,,,,,,,,,,,,,,,,,,,,,,,,,,,,,,,,,,,,,,,,,,,,,,,,,,,,,,,,59,Celebrities_Faces/059_02_greyscale_250.png,,,,,,,,,,,,,,,,,,,,,,,,,,,,,,,,,,,,,1.791745213,2788.3766,2790.1681,,,,,,,,TRUE,,FALSE,,,,,,,,,,,,2790.1684,2790.8833,q,0.6582,,64,76,2,1,2,familiar,,,FALSE,2790.8833,2790.8833,2790.8833,2790.8834,,63,0,63,0,1,,
,,,,,69720089895520325b6ad66d,2026-01-22_11h09.26.854,WP1_3,2025.2.3,Win32,142.8571429,62aa591a476ebabe28612a92,695fcc08e6593b9a696132f7,,,,,,,,,,,,,,,,,,,,,,,,,,,,,,,,,,,,,,,,,,,,,,,,,,,,,,,,,,,,53,Celebrities_Faces/053_03_greyscale_250.png,,,,,,,,,,,,,,,,,,,,,,,,,,,,,,,,,,,,,2.061793923,2790.8835,2792.9458,,,,,,,,TRUE,,FALSE,,,,,,,,,,,,2792.9462,2793.592,p,0.5891,,65,68,2,1,3,familiar,,,FALSE,2793.5921,2793.5922,2793.5922,2793.5922,,64,0,64,0,1,,
,,,,,69720089895520325b6ad66d,2026-01-22_11h09.26.854,WP1_3,2025.2.3,Win32,142.8571429,62aa591a476ebabe28612a92,695fcc08e6593b9a696132f7,,,,,,,,,,,,,,,,,,,,,,,,,,,,,,,,,,,,,,,,,,,,,,,,,,,,,,,,,,,,3,Celebrities_Faces/003_03_greyscale_250.png,,,,,,,,,,,,,,,,,,,,,,,,,,,,,,,,,,,,,1.52101162,2793.5923,2795.1124,,,,,,,,TRUE,,FALSE,,,,,,,,,,,,2795.1128,2796.05,q,0.8778,,66,78,2,1,3,familiar,,,FALSE,2796.0501,2796.0502,2796.0502,2796.0502,,65,0,65,0,1,,
,,,,,69720089895520325b6ad66d,2026-01-22_11h09.26.854,WP1_3,2025.2.3,Win32,142.8571429,62aa591a476ebabe28612a92,695fcc08e6593b9a696132f7,,,,,,,,,,,,,,,,,,,,,,,,,,,,,,,,,,,,,,,,,,,,,,,,,,,,,,,,,,,,26,Celebrities_Faces/026_03_greyscale_250.png,,,,,,,,,,,,,,,,,,,,,,,,,,,,,,,,,,,,,2.486332584,2796.0503,2798.5362,,,,,,,,TRUE,,FALSE,,,,,,,,,,,,2798.5367,2799.0709,q,0.4727,,67,89,2,1,3,familiar,,,FALSE,2799.071,2799.071,2799.071,2799.0711,,66,0,66,0,1,,
,,,,,69720089895520325b6ad66d,2026-01-22_11h09.26.854,WP1_3,2025.2.3,Win32,142.8571429,62aa591a476ebabe28612a92,695fcc08e6593b9a696132f7,,,,,,,,,,,,,,,,,,,,,,,,,,,,,,,,,,,,,,,,,,,,,,,,,,,,,,,,,,,,26,stim_fam/026_rgray_250.png,,,,,,,,,,,,,,,,,,,,,,,,,,,,,,,,,,,,,2.159866367,2799.0712,2801.2305,,,,,,,,FALSE,,FALSE,,,,,,,,,,,,2801.231,2802.0918,p,0.7976,,68,91,2,1,250,novel,,,FALSE,2802.0919,2802.0919,2802.0919,2802.092,,67,0,67,0,1,,
,,,,,69720089895520325b6ad66d,2026-01-22_11h09.26.854,WP1_3,2025.2.3,Win32,142.8571429,62aa591a476ebabe28612a92,695fcc08e6593b9a696132f7,,,,,,,,,,,,,,,,,,,,,,,,,,,,,,,,,,,,,,,,,,,,,,,,,,,,,,,,,,,,4,stim_fam/004_rgray_250.png,,,,,,,,,,,,,,,,,,,,,,,,,,,,,,,,,,,,,1.565057913,2802.0921,2803.6542,,,,,,,,FALSE,,FALSE,,,,,,,,,,,,2803.6547,2804.5303,p,0.8174,,69,116,2,1,250,novel,,,FALSE,2804.5305,2804.5305,2804.5305,2804.5305,,68,0,68,0,1,,
,,,,,69720089895520325b6ad66d,2026-01-22_11h09.26.854,WP1_3,2025.2.3,Win32,142.8571429,62aa591a476ebabe28612a92,695fcc08e6593b9a696132f7,,,,,,,,,,,,,,,,,,,,,,,,,,,,,,,,,,,,,,,,,,,,,,,,,,,,,,,,,,,,82,stim_fam/082_rgray_250.png,,,,,,,,,,,,,,,,,,,,,,,,,,,,,,,,,,,,,1.598405026,2804.5306,2806.1264,,,,,,,,FALSE,,FALSE,,,,,,,,,,,,2806.1268,2807.1543,p,0.9663,,70,119,2,1,250,novel,,,FALSE,2807.1544,2807.1545,2807.1545,2807.1545,,69,0,69,0,1,,
,,,,,69720089895520325b6ad66d,2026-01-22_11h09.26.854,WP1_3,2025.2.3,Win32,142.8571429,62aa591a476ebabe28612a92,695fcc08e6593b9a696132f7,,,,,,,,,,,,,,,,,,,,,,,,,,,,,,,,,,,,,,,,,,,,,,,,,,,,,,,,,,,,15,Celebrities_Faces/015_01_greyscale_250.png,,,,,,,,,,,,,,,,,,,,,,,,,,,,,,,,,,,,,2.031152546,2807.1546,2809.182,,,,,,,,TRUE,,FALSE,,,,,,,,,,,,2809.1825,2809.7793,q,0.5319,,71,88,2,1,1,familiar,,,FALSE,2809.7794,2809.7794,2809.7794,2809.7795,,70,0,70,0,1,,
,,,,,69720089895520325b6ad66d,2026-01-22_11h09.26.854,WP1_3,2025.2.3,Win32,142.8571429,62aa591a476ebabe28612a92,695fcc08e6593b9a696132f7,,,,,,,,,,,,,,,,,,,,,,,,,,,,,,,,,,,,,,,,,,,,,,,,,,,,,,,,,,,,97,stim_fam/097_rgray_250.png,,,,,,,,,,,,,,,,,,,,,,,,,,,,,,,,,,,,,2.421774448,2809.7797,2812.2029,,,,,,,,FALSE,,FALSE,,,,,,,,,,,,2812.2035,2812.8696,p,0.6004,,72,92,2,1,250,novel,,,FALSE,2812.8697,2812.8698,2812.8698,2812.8698,,71,0,71,0,1,,
,,,,,69720089895520325b6ad66d,2026-01-22_11h09.26.854,WP1_3,2025.2.3,Win32,142.8571429,62aa591a476ebabe28612a92,695fcc08e6593b9a696132f7,,,,,,,,,,,,,,,,,,,,,,,,,,,,,,,,,,,,,,,,,,,,,,,,,,,,,,,,,,,,6,stim_fam/006_rgray_250.png,,,,,,,,,,,,,,,,,,,,,,,,,,,,,,,,,,,,,2.365426122,2812.8699,2815.2308,,,,,,,,FALSE,,FALSE,,,,,,,,,,,,2815.2312,2816.0368,p,0.7343,,73,103,2,1,250,novel,,,FALSE,2816.0369,2816.0369,2816.0369,2816.0369,,72,0,72,0,1,,
,,,,,69720089895520325b6ad66d,2026-01-22_11h09.26.854,WP1_3,2025.2.3,Win32,142.8571429,62aa591a476ebabe28612a92,695fcc08e6593b9a696132f7,,,,,,,,,,,,,,,,,,,,,,,,,,,,,,,,,,,,,,,,,,,,,,,,,,,,,,,,,,,,17,stim_fam/017_rgray_250.png,,,,,,,,,,,,,,,,,,,,,,,,,,,,,,,,,,,,,1.567130103,2816.0371,2817.6057,,,,,,,,FALSE,,TRUE,,,,,,,,,,,,2817.6063,2818.7099,p,1.0273,,74,99,2,1,250,novel,,,FALSE,2818.7101,2819.7099,2819.7099,2819.71,,73,0,73,0,1,,
,,,,,69720089895520325b6ad66d,2026-01-22_11h09.26.854,WP1_3,2025.2.3,Win32,142.8571429,62aa591a476ebabe28612a92,695fcc08e6593b9a696132f7,,,,,,,,,,,,,,,,,,,,,,,,,,,,,,,,,,,,,,,,,,,,,,,,,,,,,,,,,,,,6,Celebrities_Faces/006_02_greyscale_250.png,,,,,,,,,,,,,,,,,,,,,,,,,,,,,,,,,,,,,1.532337675,2819.7103,2821.238,,,,,,,,TRUE,,FALSE,,,,,,,,,,,,2821.2385,2821.8974,q,0.582,,75,81,2,1,2,familiar,,,FALSE,2821.8975,2821.8975,2821.8975,2821.8975,,74,0,74,0,1,,
,,,,,69720089895520325b6ad66d,2026-01-22_11h09.26.854,WP1_3,2025.2.3,Win32,142.8571429,62aa591a476ebabe28612a92,695fcc08e6593b9a696132f7,,,,,,,,,,,,,,,,,,,,,,,,,,,,,,,,,,,,,,,,,,,,,,,,,,,,,,,,,,,,30,Celebrities_Faces/030_02_greyscale_250.png,,,,,,,,,,,,,,,,,,,,,,,,,,,,,,,,,,,,,2.192573103,2821.8977,2824.0918,,,,,,,,TRUE,,FALSE,,,,,,,,,,,,2824.0924,2824.7238,p,0.5715,,76,63,2,1,2,familiar,,,FALSE,2824.7239,2824.724,2824.724,2824.724,,75,0,75,0,1,,
,,,,,69720089895520325b6ad66d,2026-01-22_11h09.26.854,WP1_3,2025.2.3,Win32,142.8571429,62aa591a476ebabe28612a92,695fcc08e6593b9a696132f7,,,,,,,,,,,,,,,,,,,,,,,,,,,,,,,,,,,,,,,,,,,,,,,,,,,,,,,,,,,,2,stim_fam/002_rgray_250.png,,,,,,,,,,,,,,,,,,,,,,,,,,,,,,,,,,,,,1.835257762,2824.7241,2826.5572,,,,,,,,FALSE,,FALSE,,,,,,,,,,,,2826.5575,2827.1836,p,0.5665,,77,96,2,1,250,novel,,,FALSE,2827.1836,2827.1836,2827.1836,2827.1836,,76,0,76,0,1,,
,,,,,69720089895520325b6ad66d,2026-01-22_11h09.26.854,WP1_3,2025.2.3,Win32,142.8571429,62aa591a476ebabe28612a92,695fcc08e6593b9a696132f7,,,,,,,,,,,,,,,,,,,,,,,,,,,,,,,,,,,,,,,,,,,,,,,,,,,,,,,,,,,,5,Celebrities_Faces/005_03_greyscale_250.png,,,,,,,,,,,,,,,,,,,,,,,,,,,,,,,,,,,,,2.025516317,2827.1838,2829.2099,,,,,,,,TRUE,,FALSE,,,,,,,,,,,,2829.2103,2830.0156,q,0.7421,,78,66,2,1,3,familiar,,,FALSE,2830.0157,2830.0157,2830.0157,2830.0158,,77,0,77,0,1,,
,,,,,69720089895520325b6ad66d,2026-01-22_11h09.26.854,WP1_3,2025.2.3,Win32,142.8571429,62aa591a476ebabe28612a92,695fcc08e6593b9a696132f7,,,,,,,,,,,,,,,,,,,,,,,,,,,,,,,,,,,,,,,,,,,,,,,,,,,,,,,,,,,,58,Celebrities_Faces/058_02_greyscale_250.png,,,,,,,,,,,,,,,,,,,,,,,,,,,,,,,,,,,,,1.541558999,2830.016,2831.5571,,,,,,,,TRUE,,FALSE,,,,,,,,,,,,2831.5576,2832.5364,q,0.9124,,79,62,2,1,2,familiar,,,FALSE,2832.5365,2832.5365,2832.5365,2832.5366,,78,0,78,0,1,,
,,,,,69720089895520325b6ad66d,2026-01-22_11h09.26.854,WP1_3,2025.2.3,Win32,142.8571429,62aa591a476ebabe28612a92,695fcc08e6593b9a696132f7,,,,,,,,,,,,,,,,,,,,,,,,,,,,,,,,,,,,,,,,,,,,,,,,,,,,,,,,,,,,5,stim_fam/005_rgray_250.png,,,,,,,,,,,,,,,,,,,,,,,,,,,,,,,,,,,,,2.073053248,2832.5368,2834.6057,,,,,,,,FALSE,,TRUE,,,,,,,,,,,,2834.6063,2835.7099,,,,80,120,2,1,250,novel,,,FALSE,2835.71,2836.7099,2836.71,2836.71,,79,0,79,0,1,,
,,,,,69720089895520325b6ad66d,2026-01-22_11h09.26.854,WP1_3,2025.2.3,Win32,142.8571429,62aa591a476ebabe28612a92,695fcc08e6593b9a696132f7,,,,,,,,,,,,,,,,,,,,,,,,,,,,,,,,,,,,,,,,,,,,,,,,,,,,,,,,,,,,12,Celebrities_Faces/012_02_greyscale_250.png,,,,,,,,,,,,,,,,,,,,,,,,,,,,,,,,,,,,,2.430412368,2836.7102,2839.1406,,,,,,,,TRUE,,FALSE,,,,,,,,,,,,2839.1411,2839.7308,q,0.5216,,81,70,2,1,2,familiar,,,FALSE,2839.7309,2839.7309,2839.7309,2839.7309,,80,0,80,0,1,,
,,,,,69720089895520325b6ad66d,2026-01-22_11h09.26.854,WP1_3,2025.2.3,Win32,142.8571429,62aa591a476ebabe28612a92,695fcc08e6593b9a696132f7,,,,,,,,,,,,,,,,,,,,,,,,,,,,,,,,,,,,,,,,,,,,,,,,,,,,,,,,,,,,7,Celebrities_Faces/007_01_greyscale_250.png,,,,,,,,,,,,,,,,,,,,,,,,,,,,,,,,,,,,,1.837015866,2839.7311,2841.5641,,,,,,,,TRUE,,FALSE,,,,,,,,,,,,2841.5646,2842.4808,q,0.8528,,82,80,2,1,1,familiar,,,FALSE,2842.481,2842.481,2842.481,2842.481,,81,0,81,0,1,,
,,,,,69720089895520325b6ad66d,2026-01-22_11h09.26.854,WP1_3,2025.2.3,Win32,142.8571429,62aa591a476ebabe28612a92,695fcc08e6593b9a696132f7,,,,,,,,,,,,,,,,,,,,,,,,,,,,,,,,,,,,,,,,,,,,,,,,,,,,,,,,,,,,7,stim_fam/007_rgray_250.png,,,,,,,,,,,,,,,,,,,,,,,,,,,,,,,,,,,,,2.407085836,2842.4812,2844.8836,,,,,,,,FALSE,,FALSE,,,,,,,,,,,,2844.8841,2845.5162,p,0.5734,,83,98,2,1,250,novel,,,FALSE,2845.5163,2845.5163,2845.5164,2845.5164,,82,0,82,0,1,,
,,,,,69720089895520325b6ad66d,2026-01-22_11h09.26.854,WP1_3,2025.2.3,Win32,142.8571429,62aa591a476ebabe28612a92,695fcc08e6593b9a696132f7,,,,,,,,,,,,,,,,,,,,,,,,,,,,,,,,,,,,,,,,,,,,,,,,,,,,,,,,,,,,77,stim_fam/077_rgray_250.png,,,,,,,,,,,,,,,,,,,,,,,,,,,,,,,,,,,,,2.389508701,2845.5165,2847.9044,,,,,,,,FALSE,,FALSE,,,,,,,,,,,,2847.9049,2848.5364,p,0.5608,,84,100,2,1,250,novel,,,FALSE,2848.5365,2848.5365,2848.5366,2848.5366,,83,0,83,0,1,,
,,,,,69720089895520325b6ad66d,2026-01-22_11h09.26.854,WP1_3,2025.2.3,Win32,142.8571429,62aa591a476ebabe28612a92,695fcc08e6593b9a696132f7,,,,,,,,,,,,,,,,,,,,,,,,,,,,,,,,,,,,,,,,,,,,,,,,,,,,,,,,,,,,103,stim_fam/103_rgray_250.png,,,,,,,,,,,,,,,,,,,,,,,,,,,,,,,,,,,,,2.228649288,2848.5368,2850.7656,,,,,,,,FALSE,,FALSE,,,,,,,,,,,,2850.7661,2851.4394,p,0.6051,,85,118,2,1,250,novel,,,FALSE,2851.4395,2851.4396,2851.4396,2851.4397,,84,0,84,0,1,,
,,,,,69720089895520325b6ad66d,2026-01-22_11h09.26.854,WP1_3,2025.2.3,Win32,142.8571429,62aa591a476ebabe28612a92,695fcc08e6593b9a696132f7,,,,,,,,,,,,,,,,,,,,,,,,,,,,,,,,,,,,,,,,,,,,,,,,,,,,,,,,,,,,28,Celebrities_Faces/028_01_greyscale_250.png,,,,,,,,,,,,,,,,,,,,,,,,,,,,,,,,,,,,,2.342380285,2851.44,2853.7796,,,,,,,,TRUE,,FALSE,,,,,,,,,,,,2853.7801,2854.3351,q,0.4905,,86,83,2,1,1,familiar,,,FALSE,2854.3351,2854.3353,2854.3353,2854.3353,,85,0,85,0,1,,
,,,,,69720089895520325b6ad66d,2026-01-22_11h09.26.854,WP1_3,2025.2.3,Win32,142.8571429,62aa591a476ebabe28612a92,695fcc08e6593b9a696132f7,,,,,,,,,,,,,,,,,,,,,,,,,,,,,,,,,,,,,,,,,,,,,,,,,,,,,,,,,,,,9,Celebrities_Faces/009_02_greyscale_250.png,,,,,,,,,,,,,,,,,,,,,,,,,,,,,,,,,,,,,1.706146133,2854.3355,2856.0366,,,,,,,,TRUE,,FALSE,,,,,,,,,,,,2856.037,2856.7796,p,0.6772,,87,64,2,1,2,familiar,,,FALSE,2856.7798,2856.7798,2856.7799,2856.7799,,86,0,86,0,1,,
,,,,,69720089895520325b6ad66d,2026-01-22_11h09.26.854,WP1_3,2025.2.3,Win32,142.8571429,62aa591a476ebabe28612a92,695fcc08e6593b9a696132f7,,,,,,,,,,,,,,,,,,,,,,,,,,,,,,,,,,,,,,,,,,,,,,,,,,,,,,,,,,,,62,stim_fam/062_rgray_250.png,,,,,,,,,,,,,,,,,,,,,,,,,,,,,,,,,,,,,2.062894189,2856.7801,2858.8421,,,,,,,,FALSE,,FALSE,,,,,,,,,,,,2858.8426,2859.5573,q,0.6489,,88,105,2,1,250,novel,,,FALSE,2859.5575,2859.5575,2859.5575,2859.5576,,87,0,87,0,1,,
,,,,,69720089895520325b6ad66d,2026-01-22_11h09.26.854,WP1_3,2025.2.3,Win32,142.8571429,62aa591a476ebabe28612a92,695fcc08e6593b9a696132f7,,,,,,,,,,,,,,,,,,,,,,,,,,,,,,,,,,,,,,,,,,,,,,,,,,,,,,,,,,,,52,stim_fam/052_rgray_250.png,,,,,,,,,,,,,,,,,,,,,,,,,,,,,,,,,,,,,1.679812467,2859.5579,2861.2379,,,,,,,,FALSE,,FALSE,,,,,,,,,,,,2861.2383,2861.9601,p,0.6591,,89,102,2,1,250,novel,,,FALSE,2861.9601,2861.9602,2861.9602,2861.9602,,88,0,88,0,1,,
,,,,,69720089895520325b6ad66d,2026-01-22_11h09.26.854,WP1_3,2025.2.3,Win32,142.8571429,62aa591a476ebabe28612a92,695fcc08e6593b9a696132f7,,,,,,,,,,,,,,,,,,,,,,,,,,,,,,,,,,,,,,,,,,,,,,,,,,,,,,,,,,,,31,Celebrities_Faces/031_03_greyscale_250.png,,,,,,,,,,,,,,,,,,,,,,,,,,,,,,,,,,,,,2.150952223,2861.9604,2864.1128,,,,,,,,TRUE,,FALSE,,,,,,,,,,,,2864.1133,2864.9809,q,0.8051,,90,90,2,1,3,familiar,,,FALSE,2864.981,2864.981,2864.9811,2864.9811,,89,0,89,0,1,,
,,,,,69720089895520325b6ad66d,2026-01-22_11h09.26.854,WP1_3,2025.2.3,Win32,142.8571429,62aa591a476ebabe28612a92,695fcc08e6593b9a696132f7,,,,,,,,,,,,,,,,,,,,,,,,,,,,,,,,,,,,,,,,,,,,,,,,,,,,,,,,,,,,84,stim_fam/084_rgray_250.png,,,,,,,,,,,,,,,,,,,,,,,,,,,,,,,,,,,,,1.843119964,2864.9813,2866.8212,,,,,,,,FALSE,,FALSE,,,,,,,,,,,,2866.8216,2867.4683,p,0.5763,,91,95,2,1,250,novel,,,FALSE,2867.4684,2867.4684,2867.4684,2867.4684,,90,0,90,0,1,,
,,,,,69720089895520325b6ad66d,2026-01-22_11h09.26.854,WP1_3,2025.2.3,Win32,142.8571429,62aa591a476ebabe28612a92,695fcc08e6593b9a696132f7,,,,,,,,,,,,,,,,,,,,,,,,,,,,,,,,,,,,,,,,,,,,,,,,,,,,,,,,,,,,16,stim_fam/016_rgray_250.png,,,,,,,,,,,,,,,,,,,,,,,,,,,,,,,,,,,,,2.477859828,2867.4685,2869.9462,,,,,,,,FALSE,,FALSE,,,,,,,,,,,,2869.9465,2870.6476,p,0.6375,,92,112,2,1,250,novel,,,FALSE,2870.6477,2870.6477,2870.6477,2870.6477,,91,0,91,0,1,,
,,,,,69720089895520325b6ad66d,2026-01-22_11h09.26.854,WP1_3,2025.2.3,Win32,142.8571429,62aa591a476ebabe28612a92,695fcc08e6593b9a696132f7,,,,,,,,,,,,,,,,,,,,,,,,,,,,,,,,,,,,,,,,,,,,,,,,,,,,,,,,,,,,28,stim_fam/028_rgray_250.png,,,,,,,,,,,,,,,,,,,,,,,,,,,,,,,,,,,,,2.154335977,2870.6479,2872.8003,,,,,,,,FALSE,,FALSE,,,,,,,,,,,,2872.8006,2873.5367,p,0.6732,,93,93,2,1,250,novel,,,FALSE,2873.5369,2873.5369,2873.5369,2873.5369,,92,0,92,0,1,,
,,,,,69720089895520325b6ad66d,2026-01-22_11h09.26.854,WP1_3,2025.2.3,Win32,142.8571429,62aa591a476ebabe28612a92,695fcc08e6593b9a696132f7,,,,,,,,,,,,,,,,,,,,,,,,,,,,,,,,,,,,,,,,,,,,,,,,,,,,,,,,,,,,99,stim_fam/099_rgray_250.png,,,,,,,,,,,,,,,,,,,,,,,,,,,,,,,,,,,,,2.170635103,2873.5371,2875.7032,,,,,,,,FALSE,,FALSE,,,,,,,,,,,,2875.7037,2876.3629,p,0.5941,,94,104,2,1,250,novel,,,FALSE,2876.363,2876.3631,2876.3631,2876.3631,,93,0,93,0,1,,
,,,,,69720089895520325b6ad66d,2026-01-22_11h09.26.854,WP1_3,2025.2.3,Win32,142.8571429,62aa591a476ebabe28612a92,695fcc08e6593b9a696132f7,,,,,,,,,,,,,,,,,,,,,,,,,,,,,,,,,,,,,,,,,,,,,,,,,,,,,,,,,,,,86,stim_fam/086_rgray_250.png,,,,,,,,,,,,,,,,,,,,,,,,,,,,,,,,,,,,,1.553789382,2876.3632,2877.9185,,,,,,,,FALSE,,FALSE,,,,,,,,,,,,2877.9188,2878.5019,p,0.5255,,95,115,2,1,250,novel,,,FALSE,2878.502,2878.5021,2878.5021,2878.5021,,94,0,94,0,1,,
,,,,,69720089895520325b6ad66d,2026-01-22_11h09.26.854,WP1_3,2025.2.3,Win32,142.8571429,62aa591a476ebabe28612a92,695fcc08e6593b9a696132f7,,,,,,,,,,,,,,,,,,,,,,,,,,,,,,,,,,,,,,,,,,,,,,,,,,,,,,,,,,,,13,Celebrities_Faces/013_01_greyscale_250.png,,,,,,,,,,,,,,,,,,,,,,,,,,,,,,,,,,,,,2.14324626,2878.5023,2880.6406,,,,,,,,TRUE,,FALSE,,,,,,,,,,,,2880.6411,2881.5227,q,0.8194,,96,69,2,1,1,familiar,,,FALSE,2881.5228,2881.5229,2881.5229,2881.5229,,95,0,95,0,1,,
,,,,,69720089895520325b6ad66d,2026-01-22_11h09.26.854,WP1_3,2025.2.3,Win32,142.8571429,62aa591a476ebabe28612a92,695fcc08e6593b9a696132f7,,,,,,,,,,,,,,,,,,,,,,,,,,,,,,,,,,,,,,,,,,,,,,,,,,,,,,,,,,,,67,stim_fam/067_rgray_250.png,,,,,,,,,,,,,,,,,,,,,,,,,,,,,,,,,,,,,2.421039125,2881.5232,2883.9393,,,,,,,,FALSE,,FALSE,,,,,,,,,,,,2883.9398,2884.5296,q,0.5265,,97,117,2,1,250,novel,,,FALSE,2884.5297,2884.5297,2884.5298,2884.5298,,96,0,96,0,1,,
,,,,,69720089895520325b6ad66d,2026-01-22_11h09.26.854,WP1_3,2025.2.3,Win32,142.8571429,62aa591a476ebabe28612a92,695fcc08e6593b9a696132f7,,,,,,,,,,,,,,,,,,,,,,,,,,,,,,,,,,,,,,,,,,,,,,,,,,,,,,,,,,,,78,stim_fam/078_rgray_250.png,,,,,,,,,,,,,,,,,,,,,,,,,,,,,,,,,,,,,1.752124523,2884.5299,2886.2796,,,,,,,,FALSE,,FALSE,,,,,,,,,,,,2886.28,2887.1129,p,0.7683,,98,101,2,1,250,novel,,,FALSE,2887.113,2887.113,2887.113,2887.1131,,97,0,97,0,1,,
,,,,,69720089895520325b6ad66d,2026-01-22_11h09.26.854,WP1_3,2025.2.3,Win32,142.8571429,62aa591a476ebabe28612a92,695fcc08e6593b9a696132f7,,,,,,,,,,,,,,,,,,,,,,,,,,,,,,,,,,,,,,,,,,,,,,,,,,,,,,,,,,,,20,Celebrities_Faces/020_02_greyscale_250.png,,,,,,,,,,,,,,,,,,,,,,,,,,,,,,,,,,,,,2.364212193,2887.1132,2889.474,,,,,,,,TRUE,,FALSE,,,,,,,,,,,,2889.4743,2890.1615,q,0.6281,,99,71,2,1,2,familiar,,,FALSE,2890.1617,2890.1617,2890.1617,2890.1617,,98,0,98,0,1,,
,,,,,69720089895520325b6ad66d,2026-01-22_11h09.26.854,WP1_3,2025.2.3,Win32,142.8571429,62aa591a476ebabe28612a92,695fcc08e6593b9a696132f7,,,,,,,,,,,,,,,,,,,,,,,,,,,,,,,,,,,,,,,,,,,,,,,,,,,,,,,,,,,,64,stim_fam/064_rgray_250.png,,,,,,,,,,,,,,,,,,,,,,,,,,,,,,,,,,,,,2.367569655,2890.1618,2892.5296,,,,,,,,FALSE,,FALSE,,,,,,,,,,,,2892.5299,2893.3699,p,0.775,,100,114,2,1,250,novel,,,FALSE,2893.37,2893.37,2893.37,2893.37,,99,0,99,0,1,,
,,,,,69720089895520325b6ad66d,2026-01-22_11h09.26.854,WP1_3,2025.2.3,Win32,142.8571429,62aa591a476ebabe28612a92,695fcc08e6593b9a696132f7,,,,,,,,,,,,,,,,,,,,,,,,,,,,,,,,,,,,,,,,,,,,,,,,,,,,,,,,,,,,48,stim_fam/048_rgray_250.png,,,,,,,,,,,,,,,,,,,,,,,,,,,,,,,,,,,,,1.847741049,2893.3701,2895.217,,,,,,,,FALSE,,FALSE,,,,,,,,,,,,2895.2174,2896.2587,p,0.9795,,101,108,2,1,250,novel,,,FALSE,2896.2589,2896.2589,2896.2589,2896.2589,,100,0,100,0,1,,
,,,,,69720089895520325b6ad66d,2026-01-22_11h09.26.854,WP1_3,2025.2.3,Win32,142.8571429,62aa591a476ebabe28612a92,695fcc08e6593b9a696132f7,,,,,,,,,,,,,,,,,,,,,,,,,,,,,,,,,,,,,,,,,,,,,,,,,,,,,,,,,,,,42,Celebrities_Faces/042_01_greyscale_250.png,,,,,,,,,,,,,,,,,,,,,,,,,,,,,,,,,,,,,1.722743058,2896.2591,2897.9809,,,,,,,,TRUE,,FALSE,,,,,,,,,,,,2897.9813,2898.9116,p,0.8696,,102,87,2,1,1,familiar,,,FALSE,2898.9117,2898.9117,2898.9117,2898.9117,,101,0,101,0,1,,
,,,,,69720089895520325b6ad66d,2026-01-22_11h09.26.854,WP1_3,2025.2.3,Win32,142.8571429,62aa591a476ebabe28612a92,695fcc08e6593b9a696132f7,,,,,,,,,,,,,,,,,,,,,,,,,,,,,,,,,,,,,,,,,,,,,,,,,,,,,,,,,,,,14,Celebrities_Faces/014_02_greyscale_250.png,,,,,,,,,,,,,,,,,,,,,,,,,,,,,,,,,,,,,2.188904248,2898.9118,2901.0991,,,,,,,,TRUE,,FALSE,,,,,,,,,,,,2901.0995,2901.7175,q,0.5612,,103,73,2,1,2,familiar,,,FALSE,2901.7176,2901.7176,2901.7176,2901.7177,,102,0,102,0,1,,
,,,,,69720089895520325b6ad66d,2026-01-22_11h09.26.854,WP1_3,2025.2.3,Win32,142.8571429,62aa591a476ebabe28612a92,695fcc08e6593b9a696132f7,,,,,,,,,,,,,,,,,,,,,,,,,,,,,,,,,,,,,,,,,,,,,,,,,,,,,,,,,,,,10,Celebrities_Faces/010_02_greyscale_250.png,,,,,,,,,,,,,,,,,,,,,,,,,,,,,,,,,,,,,1.544699451,2901.7178,2903.2588,,,,,,,,TRUE,,FALSE,,,,,,,,,,,,2903.2592,2904.2102,q,0.8927,,104,61,2,1,2,familiar,,,FALSE,2904.2103,2904.2103,2904.2103,2904.2103,,103,0,103,0,1,,
,,,,,69720089895520325b6ad66d,2026-01-22_11h09.26.854,WP1_3,2025.2.3,Win32,142.8571429,62aa591a476ebabe28612a92,695fcc08e6593b9a696132f7,,,,,,,,,,,,,,,,,,,,,,,,,,,,,,,,,,,,,,,,,,,,,,,,,,,,,,,,,,,,96,stim_fam/096_rgray_250.png,,,,,,,,,,,,,,,,,,,,,,,,,,,,,,,,,,,,,1.635995071,2904.2105,2905.842,,,,,,,,FALSE,,TRUE,,,,,,,,,,,,2905.8424,2906.9462,,,,105,111,2,1,250,novel,,,FALSE,2906.9464,2907.9463,2907.9463,2907.9463,,104,0,104,0,1,,
,,,,,69720089895520325b6ad66d,2026-01-22_11h09.26.854,WP1_3,2025.2.3,Win32,142.8571429,62aa591a476ebabe28612a92,695fcc08e6593b9a696132f7,,,,,,,,,,,,,,,,,,,,,,,,,,,,,,,,,,,,,,,,,,,,,,,,,,,,,,,,,,,,89,stim_fam/089_rgray_250.png,,,,,,,,,,,,,,,,,,,,,,,,,,,,,,,,,,,,,2.024887971,2907.9465,2909.9671,,,,,,,,FALSE,,FALSE,,,,,,,,,,,,2909.9675,2910.7449,p,0.717,,106,109,2,1,250,novel,,,FALSE,2910.745,2910.7451,2910.7451,2910.7451,,105,0,105,0,1,,
,,,,,69720089895520325b6ad66d,2026-01-22_11h09.26.854,WP1_3,2025.2.3,Win32,142.8571429,62aa591a476ebabe28612a92,695fcc08e6593b9a696132f7,,,,,,,,,,,,,,,,,,,,,,,,,,,,,,,,,,,,,,,,,,,,,,,,,,,,,,,,,,,,41,stim_fam/041_rgray_250.png,,,,,,,,,,,,,,,,,,,,,,,,,,,,,,,,,,,,,2.226575208,2910.7452,2912.9672,,,,,,,,FALSE,,FALSE,,,,,,,,,,,,2912.9675,2913.7102,p,0.6782,,107,94,2,1,250,novel,,,FALSE,2913.7103,2913.7103,2913.7103,2913.7103,,106,0,106,0,1,,
,,,,,69720089895520325b6ad66d,2026-01-22_11h09.26.854,WP1_3,2025.2.3,Win32,142.8571429,62aa591a476ebabe28612a92,695fcc08e6593b9a696132f7,,,,,,,,,,,,,,,,,,,,,,,,,,,,,,,,,,,,,,,,,,,,,,,,,,,,,,,,,,,,18,Celebrities_Faces/018_03_greyscale_250.png,,,,,,,,,,,,,,,,,,,,,,,,,,,,,,,,,,,,,1.56852962,2913.7105,2915.2797,,,,,,,,TRUE,,FALSE,,,,,,,,,,,,2915.2799,2916.2458,q,0.9112,,108,72,2,1,3,familiar,,,FALSE,2916.2458,2916.2458,2916.2458,2916.2458,,107,0,107,0,1,,
,,,,,69720089895520325b6ad66d,2026-01-22_11h09.26.854,WP1_3,2025.2.3,Win32,142.8571429,62aa591a476ebabe28612a92,695fcc08e6593b9a696132f7,,,,,,,,,,,,,,,,,,,,,,,,,,,,,,,,,,,,,,,,,,,,,,,,,,,,,,,,,,,,23,Celebrities_Faces/023_02_greyscale_250.png,,,,,,,,,,,,,,,,,,,,,,,,,,,,,,,,,,,,,1.756854529,2916.246,2918.0019,,,,,,,,TRUE,,FALSE,,,,,,,,,,,,2918.0022,2918.7033,q,0.6391,,109,86,2,1,2,familiar,,,FALSE,2918.7034,2918.7034,2918.7034,2918.7035,,108,0,108,0,1,,
,,,,,69720089895520325b6ad66d,2026-01-22_11h09.26.854,WP1_3,2025.2.3,Win32,142.8571429,62aa591a476ebabe28612a92,695fcc08e6593b9a696132f7,,,,,,,,,,,,,,,,,,,,,,,,,,,,,,,,,,,,,,,,,,,,,,,,,,,,,,,,,,,,8,Celebrities_Faces/008_01_greyscale_250.png,,,,,,,,,,,,,,,,,,,,,,,,,,,,,,,,,,,,,2.218019364,2918.7036,2920.9186,,,,,,,,TRUE,,FALSE,,,,,,,,,,,,2920.9189,2921.5228,q,0.5445,,110,67,2,1,1,familiar,,,FALSE,2921.5228,2921.5228,2921.5229,2921.5229,,109,0,109,0,1,,
,,,,,69720089895520325b6ad66d,2026-01-22_11h09.26.854,WP1_3,2025.2.3,Win32,142.8571429,62aa591a476ebabe28612a92,695fcc08e6593b9a696132f7,,,,,,,,,,,,,,,,,,,,,,,,,,,,,,,,,,,,,,,,,,,,,,,,,,,,,,,,,,,,41,Celebrities_Faces/041_01_greyscale_250.png,,,,,,,,,,,,,,,,,,,,,,,,,,,,,,,,,,,,,2.431264948,2921.523,2923.9532,,,,,,,,TRUE,,FALSE,,,,,,,,,,,,2923.9536,2924.5784,q,0.5637,,111,84,2,1,1,familiar,,,FALSE,2924.5785,2924.5785,2924.5785,2924.5785,,110,0,110,0,1,,
,,,,,69720089895520325b6ad66d,2026-01-22_11h09.26.854,WP1_3,2025.2.3,Win32,142.8571429,62aa591a476ebabe28612a92,695fcc08e6593b9a696132f7,,,,,,,,,,,,,,,,,,,,,,,,,,,,,,,,,,,,,,,,,,,,,,,,,,,,,,,,,,,,25,Celebrities_Faces/025_02_greyscale_250.png,,,,,,,,,,,,,,,,,,,,,,,,,,,,,,,,,,,,,1.7850113,2924.5786,2926.3631,,,,,,,,TRUE,,FALSE,,,,,,,,,,,,2926.3634,2926.9951,q,0.5711,,112,79,2,1,2,familiar,,,FALSE,2926.9952,2926.9953,2926.9953,2926.9953,,111,0,111,0,1,,
,,,,,69720089895520325b6ad66d,2026-01-22_11h09.26.854,WP1_3,2025.2.3,Win32,142.8571429,62aa591a476ebabe28612a92,695fcc08e6593b9a696132f7,,,,,,,,,,,,,,,,,,,,,,,,,,,,,,,,,,,,,,,,,,,,,,,,,,,,,,,,,,,,18,stim_fam/018_rgray_250.png,,,,,,,,,,,,,,,,,,,,,,,,,,,,,,,,,,,,,2.207809758,2926.9954,2929.2033,,,,,,,,FALSE,,FALSE,,,,,,,,,,,,2929.2036,2929.8283,p,0.5678,,113,106,2,1,250,novel,,,FALSE,2929.8284,2929.8285,2929.8285,2929.8285,,112,0,112,0,1,,
,,,,,69720089895520325b6ad66d,2026-01-22_11h09.26.854,WP1_3,2025.2.3,Win32,142.8571429,62aa591a476ebabe28612a92,695fcc08e6593b9a696132f7,,,,,,,,,,,,,,,,,,,,,,,,,,,,,,,,,,,,,,,,,,,,,,,,,,,,,,,,,,,,42,stim_fam/042_rgray_250.png,,,,,,,,,,,,,,,,,,,,,,,,,,,,,,,,,,,,,2.460384068,2929.8285,2932.2867,,,,,,,,FALSE,,FALSE,,,,,,,,,,,,2932.287,2932.9116,q,0.5648,,114,113,2,1,250,novel,,,FALSE,2932.9117,2932.9118,2932.9118,2932.9119,,113,0,113,0,1,,
,,,,,69720089895520325b6ad66d,2026-01-22_11h09.26.854,WP1_3,2025.2.3,Win32,142.8571429,62aa591a476ebabe28612a92,695fcc08e6593b9a696132f7,,,,,,,,,,,,,,,,,,,,,,,,,,,,,,,,,,,,,,,,,,,,,,,,,,,,,,,,,,,,10,stim_fam/010_rgray_250.png,,,,,,,,,,,,,,,,,,,,,,,,,,,,,,,,,,,,,2.074748735,2932.9119,2934.9881,,,,,,,,FALSE,,FALSE,,,,,,,,,,,,2934.9884,2935.9049,p,0.851,,115,107,2,1,250,novel,,,FALSE,2935.9049,2935.9049,2935.9049,2935.905,,114,0,114,0,1,,
,,,,,69720089895520325b6ad66d,2026-01-22_11h09.26.854,WP1_3,2025.2.3,Win32,142.8571429,62aa591a476ebabe28612a92,695fcc08e6593b9a696132f7,,,,,,,,,,,,,,,,,,,,,,,,,,,,,,,,,,,,,,,,,,,,,,,,,,,,,,,,,,,,55,stim_fam/055_rgray_250.png,,,,,,,,,,,,,,,,,,,,,,,,,,,,,,,,,,,,,2.090493324,2935.9052,2937.995,,,,,,,,FALSE,,FALSE,,,,,,,,,,,,2937.9952,2938.8354,p,0.7832,,116,110,2,1,250,novel,,,FALSE,2938.8355,2938.8355,2938.8355,2938.8356,,115,0,115,0,1,,
,,,,,69720089895520325b6ad66d,2026-01-22_11h09.26.854,WP1_3,2025.2.3,Win32,142.8571429,62aa591a476ebabe28612a92,695fcc08e6593b9a696132f7,,,,,,,,,,,,,,,,,,,,,,,,,,,,,,,,,,,,,,,,,,,,,,,,,,,,,,,,,,,,32,Celebrities_Faces/032_03_greyscale_250.png,,,,,,,,,,,,,,,,,,,,,,,,,,,,,,,,,,,,,1.724640314,2938.8357,2940.5576,,,,,,,,TRUE,,FALSE,,,,,,,,,,,,2940.5578,2941.4326,q,0.8137,,117,75,2,1,3,familiar,,,FALSE,2941.4327,2941.4327,2941.4327,2941.4327,,116,0,116,0,1,,
,,,,,69720089895520325b6ad66d,2026-01-22_11h09.26.854,WP1_3,2025.2.3,Win32,142.8571429,62aa591a476ebabe28612a92,695fcc08e6593b9a696132f7,,,,,,,,,,,,,,,,,,,,,,,,,,,,,,,,,,,,,,,,,,,,,,,,,,,,,,,,,,,,27,Celebrities_Faces/027_01_greyscale_250.png,,,,,,,,,,,,,,,,,,,,,,,,,,,,,,,,,,,,,2.088089581,2941.4328,2943.5159,,,,,,,,TRUE,,TRUE,,,,,,,,,,,,2943.5162,2944.6201,q,1.0368,,118,74,2,1,1,familiar,,,FALSE,2944.6202,2945.6201,2945.6201,2945.6201,,117,0,117,0,1,,
,,,,,69720089895520325b6ad66d,2026-01-22_11h09.26.854,WP1_3,2025.2.3,Win32,142.8571429,62aa591a476ebabe28612a92,695fcc08e6593b9a696132f7,,,,,,,,,,,,,,,,,,,,,,,,,,,,,,,,,,,,,,,,,,,,,,,,,,,,,,,,,,,,19,Celebrities_Faces/019_03_greyscale_250.png,,,,,,,,,,,,,,,,,,,,,,,,,,,,,,,,,,,,,1.531804416,2945.6203,2947.1479,,,,,,,,TRUE,,FALSE,,,,,,,,,,,,2947.1481,2947.7521,q,0.5396,,119,77,2,1,3,familiar,,,FALSE,2947.7522,2947.7522,2947.7522,2947.7522,,118,0,118,0,1,,
,,,,,69720089895520325b6ad66d,2026-01-22_11h09.26.854,WP1_3,2025.2.3,Win32,142.8571429,62aa591a476ebabe28612a92,695fcc08e6593b9a696132f7,,,,,,,,,,,,,,,,,,,,,,,,,,,,,,,,,,,,,,,,,,,,,,,,,,,,,,,,,,,,21,Celebrities_Faces/021_02_greyscale_250.png,,,,,,,,,,,,,,,,,,,,,,,,,,,,,,,,,,,,,2.130524658,2947.7524,2949.884,,,,,,,,TRUE,,FALSE,,,,,,,,,,,,2949.8843,2950.5646,p,0.6232,,120,85,2,1,2,familiar,,,FALSE,2950.5647,2950.5647,2950.5647,2951.7104,space,119,0,119,0,1,1.1405,
,,,,,69720089895520325b6ad66d,2026-01-22_11h09.26.854,WP1_3,2025.2.3,Win32,142.8571429,62aa591a476ebabe28612a92,695fcc08e6593b9a696132f7,,,,,,,,,,,,,,,,,,,,,,,,,,,,,,,,,,,,,,,,,,,,,,,,,,,,,,,,,,,,71,stim_fam/071_rgray_250.png,,,,,,,,,,,,,,,,,,,,,,,,,,,,,,,,,,,,,1.697785693,2951.7105,2953.4048,,,,,,,,FALSE,,FALSE,,,,,,,,,,,,2953.4051,2954.0299,p,0.5619,,121,164,3,1,250,novel,,,FALSE,2954.0299,2954.0299,2954.0299,2954.0299,,120,0,120,0,1,,
,,,,,69720089895520325b6ad66d,2026-01-22_11h09.26.854,WP1_3,2025.2.3,Win32,142.8571429,62aa591a476ebabe28612a92,695fcc08e6593b9a696132f7,,,,,,,,,,,,,,,,,,,,,,,,,,,,,,,,,,,,,,,,,,,,,,,,,,,,,,,,,,,,38,stim_fam/038_rgray_250.png,,,,,,,,,,,,,,,,,,,,,,,,,,,,,,,,,,,,,2.330010326,2954.0301,2956.3562,,,,,,,,FALSE,,FALSE,,,,,,,,,,,,2956.3565,2957.0437,p,0.6292,,122,169,3,1,250,novel,,,FALSE,2957.0438,2957.0439,2957.0439,2957.0439,,121,0,121,0,1,,
,,,,,69720089895520325b6ad66d,2026-01-22_11h09.26.854,WP1_3,2025.2.3,Win32,142.8571429,62aa591a476ebabe28612a92,695fcc08e6593b9a696132f7,,,,,,,,,,,,,,,,,,,,,,,,,,,,,,,,,,,,,,,,,,,,,,,,,,,,,,,,,,,,42,Celebrities_Faces/042_03_greyscale_250.png,,,,,,,,,,,,,,,,,,,,,,,,,,,,,,,,,,,,,1.519082982,2957.044,2958.5646,,,,,,,,TRUE,,FALSE,,,,,,,,,,,,2958.565,2959.3009,p,0.6699,,123,147,3,1,3,familiar,,,FALSE,2959.301,2959.301,2959.301,2959.301,,122,0,122,0,1,,
,,,,,69720089895520325b6ad66d,2026-01-22_11h09.26.854,WP1_3,2025.2.3,Win32,142.8571429,62aa591a476ebabe28612a92,695fcc08e6593b9a696132f7,,,,,,,,,,,,,,,,,,,,,,,,,,,,,,,,,,,,,,,,,,,,,,,,,,,,,,,,,,,,3,Celebrities_Faces/003_02_greyscale_250.png,,,,,,,,,,,,,,,,,,,,,,,,,,,,,,,,,,,,,1.747797722,2959.3012,2961.0506,,,,,,,,TRUE,,FALSE,,,,,,,,,,,,2961.0509,2961.6896,q,0.5802,,124,138,3,1,2,familiar,,,FALSE,2961.6897,2961.6897,2961.6898,2961.6898,,123,0,123,0,1,,
,,,,,69720089895520325b6ad66d,2026-01-22_11h09.26.854,WP1_3,2025.2.3,Win32,142.8571429,62aa591a476ebabe28612a92,695fcc08e6593b9a696132f7,,,,,,,,,,,,,,,,,,,,,,,,,,,,,,,,,,,,,,,,,,,,,,,,,,,,,,,,,,,,18,Celebrities_Faces/018_01_greyscale_250.png,,,,,,,,,,,,,,,,,,,,,,,,,,,,,,,,,,,,,2.357768104,2961.6899,2964.0437,,,,,,,,TRUE,,FALSE,,,,,,,,,,,,2964.044,2964.5996,q,0.493,,125,132,3,1,1,familiar,,,FALSE,2964.5997,2964.5998,2964.5998,2964.5998,,124,0,124,0,1,,
,,,,,69720089895520325b6ad66d,2026-01-22_11h09.26.854,WP1_3,2025.2.3,Win32,142.8571429,62aa591a476ebabe28612a92,695fcc08e6593b9a696132f7,,,,,,,,,,,,,,,,,,,,,,,,,,,,,,,,,,,,,,,,,,,,,,,,,,,,,,,,,,,,17,Celebrities_Faces/017_03_greyscale_250.png,,,,,,,,,,,,,,,,,,,,,,,,,,,,,,,,,,,,,2.070470701,2964.6,2966.6687,,,,,,,,TRUE,,FALSE,,,,,,,,,,,,2966.6691,2967.3562,p,0.6219,,126,125,3,1,3,familiar,,,FALSE,2967.3563,2967.3563,2967.3563,2967.3563,,125,0,125,0,1,,
,,,,,69720089895520325b6ad66d,2026-01-22_11h09.26.854,WP1_3,2025.2.3,Win32,142.8571429,62aa591a476ebabe28612a92,695fcc08e6593b9a696132f7,,,,,,,,,,,,,,,,,,,,,,,,,,,,,,,,,,,,,,,,,,,,,,,,,,,,,,,,,,,,40,stim_fam/040_rgray_250.png,,,,,,,,,,,,,,,,,,,,,,,,,,,,,,,,,,,,,1.667166942,2967.3564,2969.023,,,,,,,,FALSE,,FALSE,,,,,,,,,,,,2969.0233,2969.8216,p,0.7361,,127,168,3,1,250,novel,,,FALSE,2969.8217,2969.8217,2969.8217,2969.8218,,126,0,126,0,1,,
,,,,,69720089895520325b6ad66d,2026-01-22_11h09.26.854,WP1_3,2025.2.3,Win32,142.8571429,62aa591a476ebabe28612a92,695fcc08e6593b9a696132f7,,,,,,,,,,,,,,,,,,,,,,,,,,,,,,,,,,,,,,,,,,,,,,,,,,,,,,,,,,,,7,Celebrities_Faces/007_03_greyscale_250.png,,,,,,,,,,,,,,,,,,,,,,,,,,,,,,,,,,,,,2.306503872,2969.8219,2972.1271,,,,,,,,TRUE,,FALSE,,,,,,,,,,,,2972.1274,2972.7035,q,0.5134,,128,140,3,1,3,familiar,,,FALSE,2972.7036,2972.7036,2972.7036,2972.7037,,127,0,127,0,1,,
,,,,,69720089895520325b6ad66d,2026-01-22_11h09.26.854,WP1_3,2025.2.3,Win32,142.8571429,62aa591a476ebabe28612a92,695fcc08e6593b9a696132f7,,,,,,,,,,,,,,,,,,,,,,,,,,,,,,,,,,,,,,,,,,,,,,,,,,,,,,,,,,,,100,stim_fam/100_rgray_250.png,,,,,,,,,,,,,,,,,,,,,,,,,,,,,,,,,,,,,2.10365082,2972.7037,2974.8077,,,,,,,,FALSE,,FALSE,,,,,,,,,,,,2974.808,2975.3981,p,0.5231,,129,153,3,1,250,novel,,,FALSE,2975.3982,2975.3982,2975.3982,2975.3983,,128,0,128,0,1,,
,,,,,69720089895520325b6ad66d,2026-01-22_11h09.26.854,WP1_3,2025.2.3,Win32,142.8571429,62aa591a476ebabe28612a92,695fcc08e6593b9a696132f7,,,,,,,,,,,,,,,,,,,,,,,,,,,,,,,,,,,,,,,,,,,,,,,,,,,,,,,,,,,,14,Celebrities_Faces/014_01_greyscale_250.png,,,,,,,,,,,,,,,,,,,,,,,,,,,,,,,,,,,,,2.434586658,2975.3983,2977.8286,,,,,,,,TRUE,,FALSE,,,,,,,,,,,,2977.829,2978.4396,q,0.549,,130,133,3,1,1,familiar,,,FALSE,2978.4397,2978.4397,2978.4397,2978.4397,,129,0,129,0,1,,
,,,,,69720089895520325b6ad66d,2026-01-22_11h09.26.854,WP1_3,2025.2.3,Win32,142.8571429,62aa591a476ebabe28612a92,695fcc08e6593b9a696132f7,,,,,,,,,,,,,,,,,,,,,,,,,,,,,,,,,,,,,,,,,,,,,,,,,,,,,,,,,,,,8,Celebrities_Faces/008_02_greyscale_250.png,,,,,,,,,,,,,,,,,,,,,,,,,,,,,,,,,,,,,1.690879108,2978.4399,2980.1272,,,,,,,,TRUE,,FALSE,,,,,,,,,,,,2980.1276,2980.9883,q,0.7879,,131,127,3,1,2,familiar,,,FALSE,2980.9884,2980.9885,2980.9885,2980.9885,,130,0,130,0,1,,
,,,,,69720089895520325b6ad66d,2026-01-22_11h09.26.854,WP1_3,2025.2.3,Win32,142.8571429,62aa591a476ebabe28612a92,695fcc08e6593b9a696132f7,,,,,,,,,,,,,,,,,,,,,,,,,,,,,,,,,,,,,,,,,,,,,,,,,,,,,,,,,,,,30,Celebrities_Faces/030_01_greyscale_250.png,,,,,,,,,,,,,,,,,,,,,,,,,,,,,,,,,,,,,1.70237612,2980.9886,2982.6896,,,,,,,,TRUE,,TRUE,,,,,,,,,,,,2982.6899,2983.7939,,,,132,123,3,1,1,familiar,,,FALSE,2983.794,2984.7938,2984.7938,2984.7939,,131,0,131,0,1,,
,,,,,69720089895520325b6ad66d,2026-01-22_11h09.26.854,WP1_3,2025.2.3,Win32,142.8571429,62aa591a476ebabe28612a92,695fcc08e6593b9a696132f7,,,,,,,,,,,,,,,,,,,,,,,,,,,,,,,,,,,,,,,,,,,,,,,,,,,,,,,,,,,,23,Celebrities_Faces/023_01_greyscale_250.png,,,,,,,,,,,,,,,,,,,,,,,,,,,,,,,,,,,,,1.683326392,2984.794,2986.4744,,,,,,,,TRUE,,FALSE,,,,,,,,,,,,2986.4747,2987.044,q,0.501,,133,146,3,1,1,familiar,,,FALSE,2987.0441,2987.0441,2987.0441,2987.0441,,132,0,132,0,1,,
,,,,,69720089895520325b6ad66d,2026-01-22_11h09.26.854,WP1_3,2025.2.3,Win32,142.8571429,62aa591a476ebabe28612a92,695fcc08e6593b9a696132f7,,,,,,,,,,,,,,,,,,,,,,,,,,,,,,,,,,,,,,,,,,,,,,,,,,,,,,,,,,,,19,Celebrities_Faces/019_01_greyscale_250.png,,,,,,,,,,,,,,,,,,,,,,,,,,,,,,,,,,,,,1.801284143,2987.0443,2988.8425,,,,,,,,TRUE,,TRUE,,,,,,,,,,,,2988.8429,2989.9466,,,,134,137,3,1,1,familiar,,,FALSE,2989.9467,2990.9466,2990.9466,2990.9467,,133,0,133,0,1,,
,,,,,69720089895520325b6ad66d,2026-01-22_11h09.26.854,WP1_3,2025.2.3,Win32,142.8571429,62aa591a476ebabe28612a92,695fcc08e6593b9a696132f7,,,,,,,,,,,,,,,,,,,,,,,,,,,,,,,,,,,,,,,,,,,,,,,,,,,,,,,,,,,,21,Celebrities_Faces/021_01_greyscale_250.png,,,,,,,,,,,,,,,,,,,,,,,,,,,,,,,,,,,,,1.696556935,2990.9467,2992.641,,,,,,,,TRUE,,FALSE,,,,,,,,,,,,2992.6413,2993.3563,p,0.6523,,135,145,3,1,1,familiar,,,FALSE,2993.3564,2993.3564,2993.3564,2993.3565,,134,0,134,0,1,,
,,,,,69720089895520325b6ad66d,2026-01-22_11h09.26.854,WP1_3,2025.2.3,Win32,142.8571429,62aa591a476ebabe28612a92,695fcc08e6593b9a696132f7,,,,,,,,,,,,,,,,,,,,,,,,,,,,,,,,,,,,,,,,,,,,,,,,,,,,,,,,,,,,53,Celebrities_Faces/053_01_greyscale_250.png,,,,,,,,,,,,,,,,,,,,,,,,,,,,,,,,,,,,,2.236577529,2993.3566,2995.5937,,,,,,,,TRUE,,FALSE,,,,,,,,,,,,2995.5941,2996.5587,q,0.8726,,136,128,3,1,1,familiar,,,FALSE,2996.5588,2996.5588,2996.5588,2996.5588,,135,0,135,0,1,,
,,,,,69720089895520325b6ad66d,2026-01-22_11h09.26.854,WP1_3,2025.2.3,Win32,142.8571429,62aa591a476ebabe28612a92,695fcc08e6593b9a696132f7,,,,,,,,,,,,,,,,,,,,,,,,,,,,,,,,,,,,,,,,,,,,,,,,,,,,,,,,,,,,58,Celebrities_Faces/058_03_greyscale_250.png,,,,,,,,,,,,,,,,,,,,,,,,,,,,,,,,,,,,,1.822634127,2996.5589,2998.3773,,,,,,,,TRUE,,FALSE,,,,,,,,,,,,2998.3777,2999.0238,q,0.5795,,137,122,3,1,3,familiar,,,FALSE,2999.0239,2999.0239,2999.0239,2999.0239,,136,0,136,0,1,,
,,,,,69720089895520325b6ad66d,2026-01-22_11h09.26.854,WP1_3,2025.2.3,Win32,142.8571429,62aa591a476ebabe28612a92,695fcc08e6593b9a696132f7,,,,,,,,,,,,,,,,,,,,,,,,,,,,,,,,,,,,,,,,,,,,,,,,,,,,,,,,,,,,88,stim_fam/088_rgray_250.png,,,,,,,,,,,,,,,,,,,,,,,,,,,,,,,,,,,,,2.143965743,2999.024,3001.169,,,,,,,,FALSE,,FALSE,,,,,,,,,,,,3001.1695,3002.1411,p,0.9061,,138,167,3,1,250,novel,,,FALSE,3002.1411,3002.1412,3002.1412,3002.1412,,137,0,137,0,1,,
,,,,,69720089895520325b6ad66d,2026-01-22_11h09.26.854,WP1_3,2025.2.3,Win32,142.8571429,62aa591a476ebabe28612a92,695fcc08e6593b9a696132f7,,,,,,,,,,,,,,,,,,,,,,,,,,,,,,,,,,,,,,,,,,,,,,,,,,,,,,,,,,,,70,stim_fam/070_rgray_250.png,,,,,,,,,,,,,,,,,,,,,,,,,,,,,,,,,,,,,2.062696724,3002.1413,3004.2036,,,,,,,,FALSE,,FALSE,,,,,,,,,,,,3004.204,3005.0023,p,0.7368,,139,176,3,1,250,novel,,,FALSE,3005.0025,3005.0025,3005.0025,3005.0025,,138,0,138,0,1,,
,,,,,69720089895520325b6ad66d,2026-01-22_11h09.26.854,WP1_3,2025.2.3,Win32,142.8571429,62aa591a476ebabe28612a92,695fcc08e6593b9a696132f7,,,,,,,,,,,,,,,,,,,,,,,,,,,,,,,,,,,,,,,,,,,,,,,,,,,,,,,,,,,,25,stim_fam/025_rgray_250.png,,,,,,,,,,,,,,,,,,,,,,,,,,,,,,,,,,,,,1.932245983,3005.0027,3006.9329,,,,,,,,FALSE,,FALSE,,,,,,,,,,,,3006.9331,3007.7732,p,0.7754,,140,166,3,1,250,novel,,,FALSE,3007.7733,3007.7734,3007.7734,3007.7734,,139,0,139,0,1,,
,,,,,69720089895520325b6ad66d,2026-01-22_11h09.26.854,WP1_3,2025.2.3,Win32,142.8571429,62aa591a476ebabe28612a92,695fcc08e6593b9a696132f7,,,,,,,,,,,,,,,,,,,,,,,,,,,,,,,,,,,,,,,,,,,,,,,,,,,,,,,,,,,,59,Celebrities_Faces/059_03_greyscale_250.png,,,,,,,,,,,,,,,,,,,,,,,,,,,,,,,,,,,,,1.560385787,3007.7735,3009.3356,,,,,,,,TRUE,,FALSE,,,,,,,,,,,,3009.336,3010.1967,q,0.8021,,141,136,3,1,3,familiar,,,FALSE,3010.1969,3010.1969,3010.1969,3010.1969,,140,0,140,0,1,,
,,,,,69720089895520325b6ad66d,2026-01-22_11h09.26.854,WP1_3,2025.2.3,Win32,142.8571429,62aa591a476ebabe28612a92,695fcc08e6593b9a696132f7,,,,,,,,,,,,,,,,,,,,,,,,,,,,,,,,,,,,,,,,,,,,,,,,,,,,,,,,,,,,12,stim_fam/012_rgray_250.png,,,,,,,,,,,,,,,,,,,,,,,,,,,,,,,,,,,,,2.343073269,3010.1971,3012.537,,,,,,,,FALSE,,FALSE,,,,,,,,,,,,3012.5373,3013.1134,p,0.5159,,142,174,3,1,250,novel,,,FALSE,3013.1135,3013.1135,3013.1135,3013.1135,,141,0,141,0,1,,
,,,,,69720089895520325b6ad66d,2026-01-22_11h09.26.854,WP1_3,2025.2.3,Win32,142.8571429,62aa591a476ebabe28612a92,695fcc08e6593b9a696132f7,,,,,,,,,,,,,,,,,,,,,,,,,,,,,,,,,,,,,,,,,,,,,,,,,,,,,,,,,,,,1,stim_fam/001_rgray_250.png,,,,,,,,,,,,,,,,,,,,,,,,,,,,,,,,,,,,,1.788584716,3013.1137,3014.8982,,,,,,,,FALSE,,FALSE,,,,,,,,,,,,3014.8984,3015.7187,p,0.756,,143,180,3,1,250,novel,,,FALSE,3015.7188,3015.7188,3015.7188,3015.7188,,142,0,142,0,1,,
,,,,,69720089895520325b6ad66d,2026-01-22_11h09.26.854,WP1_3,2025.2.3,Win32,142.8571429,62aa591a476ebabe28612a92,695fcc08e6593b9a696132f7,,,,,,,,,,,,,,,,,,,,,,,,,,,,,,,,,,,,,,,,,,,,,,,,,,,,,,,,,,,,27,stim_fam/027_rgray_250.png,,,,,,,,,,,,,,,,,,,,,,,,,,,,,,,,,,,,,2.431695273,3015.7189,3018.1482,,,,,,,,FALSE,,FALSE,,,,,,,,,,,,3018.1485,3018.7941,p,0.5854,,144,155,3,1,250,novel,,,FALSE,3018.7941,3018.7941,3018.7941,3018.7942,,143,0,143,0,1,,
,,,,,69720089895520325b6ad66d,2026-01-22_11h09.26.854,WP1_3,2025.2.3,Win32,142.8571429,62aa591a476ebabe28612a92,695fcc08e6593b9a696132f7,,,,,,,,,,,,,,,,,,,,,,,,,,,,,,,,,,,,,,,,,,,,,,,,,,,,,,,,,,,,32,Celebrities_Faces/032_02_greyscale_250.png,,,,,,,,,,,,,,,,,,,,,,,,,,,,,,,,,,,,,1.905198005,3018.7943,3020.6968,,,,,,,,TRUE,,FALSE,,,,,,,,,,,,3020.697,3021.3287,p,0.5698,,145,135,3,1,2,familiar,,,FALSE,3021.3289,3021.3289,3021.3289,3021.3289,,144,0,144,0,1,,
,,,,,69720089895520325b6ad66d,2026-01-22_11h09.26.854,WP1_3,2025.2.3,Win32,142.8571429,62aa591a476ebabe28612a92,695fcc08e6593b9a696132f7,,,,,,,,,,,,,,,,,,,,,,,,,,,,,,,,,,,,,,,,,,,,,,,,,,,,,,,,,,,,63,stim_fam/063_rgray_250.png,,,,,,,,,,,,,,,,,,,,,,,,,,,,,,,,,,,,,1.950297714,3021.3291,3023.2802,,,,,,,,FALSE,,FALSE,,,,,,,,,,,,3023.2805,3024.0719,p,0.7082,,146,171,3,1,250,novel,,,FALSE,3024.072,3024.072,3024.072,3024.0721,,145,0,145,0,1,,
,,,,,69720089895520325b6ad66d,2026-01-22_11h09.26.854,WP1_3,2025.2.3,Win32,142.8571429,62aa591a476ebabe28612a92,695fcc08e6593b9a696132f7,,,,,,,,,,,,,,,,,,,,,,,,,,,,,,,,,,,,,,,,,,,,,,,,,,,,,,,,,,,,21,stim_fam/021_rgray_250.png,,,,,,,,,,,,,,,,,,,,,,,,,,,,,,,,,,,,,1.550861597,3024.0722,3025.6205,,,,,,,,FALSE,,FALSE,,,,,,,,,,,,3025.6209,3026.4747,p,0.7924,,147,156,3,1,250,novel,,,FALSE,3026.4748,3026.4748,3026.4748,3026.4749,,146,0,146,0,1,,
,,,,,69720089895520325b6ad66d,2026-01-22_11h09.26.854,WP1_3,2025.2.3,Win32,142.8571429,62aa591a476ebabe28612a92,695fcc08e6593b9a696132f7,,,,,,,,,,,,,,,,,,,,,,,,,,,,,,,,,,,,,,,,,,,,,,,,,,,,,,,,,,,,43,stim_fam/043_rgray_250.png,,,,,,,,,,,,,,,,,,,,,,,,,,,,,,,,,,,,,2.242409805,3026.4751,3028.7176,,,,,,,,FALSE,,FALSE,,,,,,,,,,,,3028.7179,3029.4052,p,0.6304,,148,178,3,1,250,novel,,,FALSE,3029.4052,3029.4053,3029.4053,3029.4053,,147,0,147,0,1,,
,,,,,69720089895520325b6ad66d,2026-01-22_11h09.26.854,WP1_3,2025.2.3,Win32,142.8571429,62aa591a476ebabe28612a92,695fcc08e6593b9a696132f7,,,,,,,,,,,,,,,,,,,,,,,,,,,,,,,,,,,,,,,,,,,,,,,,,,,,,,,,,,,,4,Celebrities_Faces/004_02_greyscale_250.png,,,,,,,,,,,,,,,,,,,,,,,,,,,,,,,,,,,,,1.550236119,3029.4054,3030.9538,,,,,,,,TRUE,,FALSE,,,,,,,,,,,,3030.9541,3031.9678,q,0.9534,,149,142,3,1,2,familiar,,,FALSE,3031.9678,3031.9678,3031.9679,3031.9679,,148,0,148,0,1,,
,,,,,69720089895520325b6ad66d,2026-01-22_11h09.26.854,WP1_3,2025.2.3,Win32,142.8571429,62aa591a476ebabe28612a92,695fcc08e6593b9a696132f7,,,,,,,,,,,,,,,,,,,,,,,,,,,,,,,,,,,,,,,,,,,,,,,,,,,,,,,,,,,,51,stim_fam/051_rgray_250.png,,,,,,,,,,,,,,,,,,,,,,,,,,,,,,,,,,,,,2.154674579,3031.9681,3034.1205,,,,,,,,FALSE,,FALSE,,,,,,,,,,,,3034.1207,3034.794,p,0.6142,,150,170,3,1,250,novel,,,FALSE,3034.7941,3034.7942,3034.7942,3034.7942,,149,0,149,0,1,,
,,,,,69720089895520325b6ad66d,2026-01-22_11h09.26.854,WP1_3,2025.2.3,Win32,142.8571429,62aa591a476ebabe28612a92,695fcc08e6593b9a696132f7,,,,,,,,,,,,,,,,,,,,,,,,,,,,,,,,,,,,,,,,,,,,,,,,,,,,,,,,,,,,41,Celebrities_Faces/041_03_greyscale_250.png,,,,,,,,,,,,,,,,,,,,,,,,,,,,,,,,,,,,,2.083469512,3034.7943,3036.8773,,,,,,,,TRUE,,FALSE,,,,,,,,,,,,3036.8778,3037.5996,p,0.6636,,151,144,3,1,3,familiar,,,FALSE,3037.5997,3037.5997,3037.5997,3037.5998,,150,0,150,0,1,,
,,,,,69720089895520325b6ad66d,2026-01-22_11h09.26.854,WP1_3,2025.2.3,Win32,142.8571429,62aa591a476ebabe28612a92,695fcc08e6593b9a696132f7,,,,,,,,,,,,,,,,,,,,,,,,,,,,,,,,,,,,,,,,,,,,,,,,,,,,,,,,,,,,13,Celebrities_Faces/013_03_greyscale_250.png,,,,,,,,,,,,,,,,,,,,,,,,,,,,,,,,,,,,,1.96500965,3037.5999,3039.5649,,,,,,,,TRUE,,FALSE,,,,,,,,,,,,3039.5652,3040.4469,q,0.821,,152,129,3,1,3,familiar,,,FALSE,3040.447,3040.447,3040.447,3040.4471,,151,0,151,0,1,,
,,,,,69720089895520325b6ad66d,2026-01-22_11h09.26.854,WP1_3,2025.2.3,Win32,142.8571429,62aa591a476ebabe28612a92,695fcc08e6593b9a696132f7,,,,,,,,,,,,,,,,,,,,,,,,,,,,,,,,,,,,,,,,,,,,,,,,,,,,,,,,,,,,45,stim_fam/045_rgray_250.png,,,,,,,,,,,,,,,,,,,,,,,,,,,,,,,,,,,,,2.16710474,3040.4473,3042.6135,,,,,,,,FALSE,,FALSE,,,,,,,,,,,,3042.6139,3043.4268,p,0.7574,,153,177,3,1,250,novel,,,FALSE,3043.4269,3043.4269,3043.4269,3043.427,,152,0,152,0,1,,
,,,,,69720089895520325b6ad66d,2026-01-22_11h09.26.854,WP1_3,2025.2.3,Win32,142.8571429,62aa591a476ebabe28612a92,695fcc08e6593b9a696132f7,,,,,,,,,,,,,,,,,,,,,,,,,,,,,,,,,,,,,,,,,,,,,,,,,,,,,,,,,,,,5,Celebrities_Faces/005_01_greyscale_250.png,,,,,,,,,,,,,,,,,,,,,,,,,,,,,,,,,,,,,1.769345802,3043.4272,3045.197,,,,,,,,TRUE,,FALSE,,,,,,,,,,,,3045.1974,3045.7733,q,0.5127,,154,126,3,1,1,familiar,,,FALSE,3045.7733,3045.7733,3045.7733,3045.7734,,153,0,153,0,1,,
,,,,,69720089895520325b6ad66d,2026-01-22_11h09.26.854,WP1_3,2025.2.3,Win32,142.8571429,62aa591a476ebabe28612a92,695fcc08e6593b9a696132f7,,,,,,,,,,,,,,,,,,,,,,,,,,,,,,,,,,,,,,,,,,,,,,,,,,,,,,,,,,,,25,Celebrities_Faces/025_01_greyscale_250.png,,,,,,,,,,,,,,,,,,,,,,,,,,,,,,,,,,,,,2.470512611,3045.7735,3048.2455,,,,,,,,TRUE,,FALSE,,,,,,,,,,,,3048.2459,3048.8914,q,0.5836,,155,139,3,1,1,familiar,,,FALSE,3048.8915,3048.8915,3048.8915,3048.8916,,154,0,154,0,1,,
,,,,,69720089895520325b6ad66d,2026-01-22_11h09.26.854,WP1_3,2025.2.3,Win32,142.8571429,62aa591a476ebabe28612a92,695fcc08e6593b9a696132f7,,,,,,,,,,,,,,,,,,,,,,,,,,,,,,,,,,,,,,,,,,,,,,,,,,,,,,,,,,,,95,stim_fam/095_rgray_250.png,,,,,,,,,,,,,,,,,,,,,,,,,,,,,,,,,,,,,2.008762145,3048.8917,3050.8982,,,,,,,,FALSE,,FALSE,,,,,,,,,,,,3050.8986,3051.6552,p,0.6969,,156,154,3,1,250,novel,,,FALSE,3051.6553,3051.6553,3051.6553,3051.6553,,155,0,155,0,1,,
,,,,,69720089895520325b6ad66d,2026-01-22_11h09.26.854,WP1_3,2025.2.3,Win32,142.8571429,62aa591a476ebabe28612a92,695fcc08e6593b9a696132f7,,,,,,,,,,,,,,,,,,,,,,,,,,,,,,,,,,,,,,,,,,,,,,,,,,,,,,,,,,,,9,Celebrities_Faces/009_03_greyscale_250.png,,,,,,,,,,,,,,,,,,,,,,,,,,,,,,,,,,,,,2.489425963,3051.6554,3054.1413,,,,,,,,TRUE,,FALSE,,,,,,,,,,,,3054.1417,3054.8637,q,0.6645,,157,124,3,1,3,familiar,,,FALSE,3054.8638,3054.8638,3054.8638,3054.8638,,156,0,156,0,1,,
,,,,,69720089895520325b6ad66d,2026-01-22_11h09.26.854,WP1_3,2025.2.3,Win32,142.8571429,62aa591a476ebabe28612a92,695fcc08e6593b9a696132f7,,,,,,,,,,,,,,,,,,,,,,,,,,,,,,,,,,,,,,,,,,,,,,,,,,,,,,,,,,,,10,Celebrities_Faces/010_03_greyscale_250.png,,,,,,,,,,,,,,,,,,,,,,,,,,,,,,,,,,,,,1.555257612,3054.8639,3056.4192,,,,,,,,TRUE,,FALSE,,,,,,,,,,,,3056.4195,3057.0303,q,0.5522,,158,121,3,1,3,familiar,,,FALSE,3057.0304,3057.0305,3057.0305,3057.0305,,157,0,157,0,1,,
,,,,,69720089895520325b6ad66d,2026-01-22_11h09.26.854,WP1_3,2025.2.3,Win32,142.8571429,62aa591a476ebabe28612a92,695fcc08e6593b9a696132f7,,,,,,,,,,,,,,,,,,,,,,,,,,,,,,,,,,,,,,,,,,,,,,,,,,,,,,,,,,,,101,stim_fam/101_rgray_250.png,,,,,,,,,,,,,,,,,,,,,,,,,,,,,,,,,,,,,2.454183111,3057.0306,3059.4817,,,,,,,,FALSE,,FALSE,,,,,,,,,,,,3059.4822,3060.2178,p,0.6708,,159,161,3,1,250,novel,,,FALSE,3060.2179,3060.218,3060.218,3060.218,,158,0,158,0,1,,
,,,,,69720089895520325b6ad66d,2026-01-22_11h09.26.854,WP1_3,2025.2.3,Win32,142.8571429,62aa591a476ebabe28612a92,695fcc08e6593b9a696132f7,,,,,,,,,,,,,,,,,,,,,,,,,,,,,,,,,,,,,,,,,,,,,,,,,,,,,,,,,,,,81,stim_fam/081_rgray_250.png,,,,,,,,,,,,,,,,,,,,,,,,,,,,,,,,,,,,,1.53179337,3060.2181,3061.7456,,,,,,,,FALSE,,FALSE,,,,,,,,,,,,3061.7458,3062.7387,p,0.9291,,160,165,3,1,250,novel,,,FALSE,3062.7388,3062.7389,3062.7389,3062.7389,,159,0,159,0,1,,
,,,,,69720089895520325b6ad66d,2026-01-22_11h09.26.854,WP1_3,2025.2.3,Win32,142.8571429,62aa591a476ebabe28612a92,695fcc08e6593b9a696132f7,,,,,,,,,,,,,,,,,,,,,,,,,,,,,,,,,,,,,,,,,,,,,,,,,,,,,,,,,,,,15,stim_fam/015_rgray_250.png,,,,,,,,,,,,,,,,,,,,,,,,,,,,,,,,,,,,,1.966553165,3062.7391,3064.7039,,,,,,,,FALSE,,FALSE,,,,,,,,,,,,3064.7043,3065.454,p,0.6811,,161,163,3,1,250,novel,,,FALSE,3065.454,3065.4541,3065.4541,3065.4541,,160,0,160,0,1,,
,,,,,69720089895520325b6ad66d,2026-01-22_11h09.26.854,WP1_3,2025.2.3,Win32,142.8571429,62aa591a476ebabe28612a92,695fcc08e6593b9a696132f7,,,,,,,,,,,,,,,,,,,,,,,,,,,,,,,,,,,,,,,,,,,,,,,,,,,,,,,,,,,,22,stim_fam/022_rgray_250.png,,,,,,,,,,,,,,,,,,,,,,,,,,,,,,,,,,,,,1.68297781,3065.4543,3067.1345,,,,,,,,FALSE,,FALSE,,,,,,,,,,,,3067.1348,3068.1275,p,0.9331,,162,151,3,1,250,novel,,,FALSE,3068.1277,3068.1277,3068.1277,3068.1277,,161,0,161,0,1,,
,,,,,69720089895520325b6ad66d,2026-01-22_11h09.26.854,WP1_3,2025.2.3,Win32,142.8571429,62aa591a476ebabe28612a92,695fcc08e6593b9a696132f7,,,,,,,,,,,,,,,,,,,,,,,,,,,,,,,,,,,,,,,,,,,,,,,,,,,,,,,,,,,,102,stim_fam/102_rgray_250.png,,,,,,,,,,,,,,,,,,,,,,,,,,,,,,,,,,,,,1.718992338,3068.1278,3069.8428,,,,,,,,FALSE,,FALSE,,,,,,,,,,,,3069.8432,3070.5453,p,0.6478,,163,158,3,1,250,novel,,,FALSE,3070.5454,3070.5454,3070.5454,3070.5454,,162,0,162,0,1,,
,,,,,69720089895520325b6ad66d,2026-01-22_11h09.26.854,WP1_3,2025.2.3,Win32,142.8571429,62aa591a476ebabe28612a92,695fcc08e6593b9a696132f7,,,,,,,,,,,,,,,,,,,,,,,,,,,,,,,,,,,,,,,,,,,,,,,,,,,,,,,,,,,,79,stim_fam/079_rgray_250.png,,,,,,,,,,,,,,,,,,,,,,,,,,,,,,,,,,,,,2.358815401,3070.5455,3072.9053,,,,,,,,FALSE,,FALSE,,,,,,,,,,,,3072.9056,3073.8706,p,0.9022,,164,152,3,1,250,novel,,,FALSE,3073.8707,3073.8707,3073.8708,3073.8708,,163,0,163,0,1,,
,,,,,69720089895520325b6ad66d,2026-01-22_11h09.26.854,WP1_3,2025.2.3,Win32,142.8571429,62aa591a476ebabe28612a92,695fcc08e6593b9a696132f7,,,,,,,,,,,,,,,,,,,,,,,,,,,,,,,,,,,,,,,,,,,,,,,,,,,,,,,,,,,,12,Celebrities_Faces/012_01_greyscale_250.png,,,,,,,,,,,,,,,,,,,,,,,,,,,,,,,,,,,,,2.387486071,3073.8709,3076.2595,,,,,,,,TRUE,,FALSE,,,,,,,,,,,,3076.2597,3076.9193,q,0.6014,,165,130,3,1,1,familiar,,,FALSE,3076.9193,3076.9193,3076.9194,3076.9194,,164,0,164,0,1,,
,,,,,69720089895520325b6ad66d,2026-01-22_11h09.26.854,WP1_3,2025.2.3,Win32,142.8571429,62aa591a476ebabe28612a92,695fcc08e6593b9a696132f7,,,,,,,,,,,,,,,,,,,,,,,,,,,,,,,,,,,,,,,,,,,,,,,,,,,,,,,,,,,,9,stim_fam/009_rgray_250.png,,,,,,,,,,,,,,,,,,,,,,,,,,,,,,,,,,,,,1.784298629,3076.9195,3078.7039,,,,,,,,FALSE,,FALSE,,,,,,,,,,,,3078.7042,3079.3788,p,0.6184,,166,175,3,1,250,novel,,,FALSE,3079.3788,3079.3788,3079.3788,3079.3788,,165,0,165,0,1,,
,,,,,69720089895520325b6ad66d,2026-01-22_11h09.26.854,WP1_3,2025.2.3,Win32,142.8571429,62aa591a476ebabe28612a92,695fcc08e6593b9a696132f7,,,,,,,,,,,,,,,,,,,,,,,,,,,,,,,,,,,,,,,,,,,,,,,,,,,,,,,,,,,,60,stim_fam/060_rgray_250.png,,,,,,,,,,,,,,,,,,,,,,,,,,,,,,,,,,,,,2.468168675,3079.379,3081.8428,,,,,,,,FALSE,,FALSE,,,,,,,,,,,,3081.8431,3082.461,p,0.5541,,167,179,3,1,250,novel,,,FALSE,3082.4611,3082.4611,3082.4611,3082.4611,,166,0,166,0,1,,
,,,,,69720089895520325b6ad66d,2026-01-22_11h09.26.854,WP1_3,2025.2.3,Win32,142.8571429,62aa591a476ebabe28612a92,695fcc08e6593b9a696132f7,,,,,,,,,,,,,,,,,,,,,,,,,,,,,,,,,,,,,,,,,,,,,,,,,,,,,,,,,,,,23,stim_fam/023_rgray_250.png,,,,,,,,,,,,,,,,,,,,,,,,,,,,,,,,,,,,,2.294726866,3082.4613,3084.7528,,,,,,,,FALSE,,FALSE,,,,,,,,,,,,3084.7533,3085.4126,p,0.5696,,168,172,3,1,250,novel,,,FALSE,3085.4127,3085.4127,3085.4127,3085.4127,,167,0,167,0,1,,
,,,,,69720089895520325b6ad66d,2026-01-22_11h09.26.854,WP1_3,2025.2.3,Win32,142.8571429,62aa591a476ebabe28612a92,695fcc08e6593b9a696132f7,,,,,,,,,,,,,,,,,,,,,,,,,,,,,,,,,,,,,,,,,,,,,,,,,,,,,,,,,,,,31,stim_fam/031_rgray_250.png,,,,,,,,,,,,,,,,,,,,,,,,,,,,,,,,,,,,,2.494784696,3085.4129,3087.9054,,,,,,,,FALSE,,FALSE,,,,,,,,,,,,3087.9059,3088.4335,p,0.4668,,169,162,3,1,250,novel,,,FALSE,3088.4336,3088.4337,3088.4337,3088.4337,,168,0,168,0,1,,
,,,,,69720089895520325b6ad66d,2026-01-22_11h09.26.854,WP1_3,2025.2.3,Win32,142.8571429,62aa591a476ebabe28612a92,695fcc08e6593b9a696132f7,,,,,,,,,,,,,,,,,,,,,,,,,,,,,,,,,,,,,,,,,,,,,,,,,,,,,,,,,,,,28,Celebrities_Faces/028_02_greyscale_250.png,,,,,,,,,,,,,,,,,,,,,,,,,,,,,,,,,,,,,2.342085643,3088.4339,3090.7734,,,,,,,,TRUE,,FALSE,,,,,,,,,,,,3090.7738,3091.6901,q,0.8558,,170,143,3,1,2,familiar,,,FALSE,3091.6902,3091.6902,3091.6902,3091.6902,,169,0,169,0,1,,
,,,,,69720089895520325b6ad66d,2026-01-22_11h09.26.854,WP1_3,2025.2.3,Win32,142.8571429,62aa591a476ebabe28612a92,695fcc08e6593b9a696132f7,,,,,,,,,,,,,,,,,,,,,,,,,,,,,,,,,,,,,,,,,,,,,,,,,,,,,,,,,,,,20,Celebrities_Faces/020_01_greyscale_250.png,,,,,,,,,,,,,,,,,,,,,,,,,,,,,,,,,,,,,1.985630474,3091.6903,3093.6762,,,,,,,,TRUE,,FALSE,,,,,,,,,,,,3093.6765,3094.5374,p,0.7938,,171,131,3,1,1,familiar,,,FALSE,3094.5374,3094.5375,3094.5375,3094.5375,,170,0,170,0,1,,
,,,,,69720089895520325b6ad66d,2026-01-22_11h09.26.854,WP1_3,2025.2.3,Win32,142.8571429,62aa591a476ebabe28612a92,695fcc08e6593b9a696132f7,,,,,,,,,,,,,,,,,,,,,,,,,,,,,,,,,,,,,,,,,,,,,,,,,,,,,,,,,,,,85,stim_fam/085_rgray_250.png,,,,,,,,,,,,,,,,,,,,,,,,,,,,,,,,,,,,,1.502083262,3094.5376,3096.0373,,,,,,,,FALSE,,FALSE,,,,,,,,,,,,3096.0376,3097.0096,p,0.9106,,172,159,3,1,250,novel,,,FALSE,3097.0096,3097.0096,3097.0097,3097.0097,,171,0,171,0,1,,
,,,,,69720089895520325b6ad66d,2026-01-22_11h09.26.854,WP1_3,2025.2.3,Win32,142.8571429,62aa591a476ebabe28612a92,695fcc08e6593b9a696132f7,,,,,,,,,,,,,,,,,,,,,,,,,,,,,,,,,,,,,,,,,,,,,,,,,,,,,,,,,,,,15,Celebrities_Faces/015_03_greyscale_250.png,,,,,,,,,,,,,,,,,,,,,,,,,,,,,,,,,,,,,1.531160412,3097.0099,3098.5374,,,,,,,,TRUE,,TRUE,,,,,,,,,,,,3098.5378,3099.6416,,,,173,148,3,1,3,familiar,,,FALSE,3099.6418,3100.6417,3100.6417,3100.6417,,172,0,172,0,1,,
,,,,,69720089895520325b6ad66d,2026-01-22_11h09.26.854,WP1_3,2025.2.3,Win32,142.8571429,62aa591a476ebabe28612a92,695fcc08e6593b9a696132f7,,,,,,,,,,,,,,,,,,,,,,,,,,,,,,,,,,,,,,,,,,,,,,,,,,,,,,,,,,,,6,Celebrities_Faces/006_01_greyscale_250.png,,,,,,,,,,,,,,,,,,,,,,,,,,,,,,,,,,,,,2.442599188,3100.6419,3103.0861,,,,,,,,TRUE,,FALSE,,,,,,,,,,,,3103.0864,3103.4887,p,0.3392,,174,141,3,1,1,familiar,,,FALSE,3103.4888,3103.4889,3103.4889,3103.489,,173,0,173,0,1,,
,,,,,69720089895520325b6ad66d,2026-01-22_11h09.26.854,WP1_3,2025.2.3,Win32,142.8571429,62aa591a476ebabe28612a92,695fcc08e6593b9a696132f7,,,,,,,,,,,,,,,,,,,,,,,,,,,,,,,,,,,,,,,,,,,,,,,,,,,,,,,,,,,,26,Celebrities_Faces/026_01_greyscale_250.png,,,,,,,,,,,,,,,,,,,,,,,,,,,,,,,,,,,,,2.186607155,3103.4891,3105.6764,,,,,,,,TRUE,,FALSE,,,,,,,,,,,,3105.6767,3106.4278,q,0.6949,,175,149,3,1,1,familiar,,,FALSE,3106.4278,3106.4278,3106.4278,3106.4279,,174,0,174,0,1,,
,,,,,69720089895520325b6ad66d,2026-01-22_11h09.26.854,WP1_3,2025.2.3,Win32,142.8571429,62aa591a476ebabe28612a92,695fcc08e6593b9a696132f7,,,,,,,,,,,,,,,,,,,,,,,,,,,,,,,,,,,,,,,,,,,,,,,,,,,,,,,,,,,,27,Celebrities_Faces/027_02_greyscale_250.png,,,,,,,,,,,,,,,,,,,,,,,,,,,,,,,,,,,,,1.953652461,3106.4281,3108.3777,,,,,,,,TRUE,,FALSE,,,,,,,,,,,,3108.378,3109.2458,q,0.8078,,176,134,3,1,2,familiar,,,FALSE,3109.2459,3109.2459,3109.2459,3109.2459,,175,0,175,0,1,,
,,,,,69720089895520325b6ad66d,2026-01-22_11h09.26.854,WP1_3,2025.2.3,Win32,142.8571429,62aa591a476ebabe28612a92,695fcc08e6593b9a696132f7,,,,,,,,,,,,,,,,,,,,,,,,,,,,,,,,,,,,,,,,,,,,,,,,,,,,,,,,,,,,75,stim_fam/075_rgray_250.png,,,,,,,,,,,,,,,,,,,,,,,,,,,,,,,,,,,,,1.85735232,3109.246,3111.0999,,,,,,,,FALSE,,FALSE,,,,,,,,,,,,3111.1003,3111.8985,q,0.737,,177,160,3,1,250,novel,,,FALSE,3111.8986,3111.8986,3111.8986,3111.8987,,176,0,176,0,1,,
,,,,,69720089895520325b6ad66d,2026-01-22_11h09.26.854,WP1_3,2025.2.3,Win32,142.8571429,62aa591a476ebabe28612a92,695fcc08e6593b9a696132f7,,,,,,,,,,,,,,,,,,,,,,,,,,,,,,,,,,,,,,,,,,,,,,,,,,,,,,,,,,,,56,stim_fam/056_rgray_250.png,,,,,,,,,,,,,,,,,,,,,,,,,,,,,,,,,,,,,1.810035545,3111.8988,3113.7042,,,,,,,,FALSE,,TRUE,,,,,,,,,,,,3113.7045,3114.8084,,,,178,173,3,1,250,novel,,,FALSE,3114.8086,3115.8084,3115.8085,3115.8085,,177,0,177,0,1,,
,,,,,69720089895520325b6ad66d,2026-01-22_11h09.26.854,WP1_3,2025.2.3,Win32,142.8571429,62aa591a476ebabe28612a92,695fcc08e6593b9a696132f7,,,,,,,,,,,,,,,,,,,,,,,,,,,,,,,,,,,,,,,,,,,,,,,,,,,,,,,,,,,,31,Celebrities_Faces/031_02_greyscale_250.png,,,,,,,,,,,,,,,,,,,,,,,,,,,,,,,,,,,,,1.602270407,3115.8087,3117.4125,,,,,,,,TRUE,,FALSE,,,,,,,,,,,,3117.4129,3118.364,p,0.8798,,179,150,3,1,2,familiar,,,FALSE,3118.3641,3118.3642,3118.3642,3118.3642,,178,0,178,0,1,,
,,,,,69720089895520325b6ad66d,2026-01-22_11h09.26.854,WP1_3,2025.2.3,Win32,142.8571429,62aa591a476ebabe28612a92,695fcc08e6593b9a696132f7,,,,,,,,,,,,,,,,,,,,,,,,,,,,,,,,,,,,,,,,,,,,,,,,,,,,,,,,,,,,69,stim_fam/069_rgray_250.png,,,,,,,,,,,,,,,,,,,,,,,,,,,,,,,,,,,,,2.006800721,3118.3643,3120.3709,,,,,,,,FALSE,,TRUE,,,,,,,,,,,,3120.3712,3121.4749,,,,180,157,3,1,250,novel,,,FALSE,3121.4751,3122.4751,3122.4751,3122.4751,,179,0,179,0,1,,
