Study_information_1.started,Study_information_1.stopped,key_resp.keys,key_resp.rt,key_resp.duration,session,date,expName,psychopyVersion,OS,frameRate,participant,study_id,Study_information_2.started,Study_information_2.stopped,key_resp_2.keys,key_resp_2.rt,key_resp_2.duration,Study_information_3.started,Study_information_3.stopped,key_resp_3.keys,key_resp_3.rt,key_resp_3.duration,Consent.started,Consent.stopped,key_resp_5.keys,key_resp_5.rt,key_resp_5.duration,Instruction_1.started,Instruction_1.stopped,space_cont.keys,space_cont.rt,space_cont.duration,Instruction_2.started,Instruction_2.stopped,space_cont_2.keys,space_cont_2.rt,space_cont_2.duration,Instruction_3.started,Instruction_3.stopped,space_cont_3.keys,space_cont_3.rt,space_cont_3.duration,Instruction_4.started,Instruction_4.stopped,space_cont_4.keys,space_cont_4.rt,space_cont_4.duration,Instruction_5.started,Instruction_5.stopped,space_cont_5.keys,space_cont_5.rt,space_cont_5.duration,Familiarity_Rating.started,Familiarity_Rating.stopped,familiarity_scale.response,familiarity_scale.rt,key_resp_familiarity.keys,familiarity_rating,Valence_Rating.started,Valence_Rating.stopped,valence_scale.response,valence_scale.rt,key_resp_valence.keys,key_resp_valence.rt,key_resp_valence.duration,valence_rating,Name_Selection.started,Name_Selection.stopped,key_resp_naming.keys,key_resp_naming.rt,key_resp_naming.duration,identity_no,image_file,correct_name,selected_name_option,selected_name,correct_name_option,name_correct,qualifies_for_part2,qualified_count_so_far,trials_rating.thisRepN,trials_rating.thisTrialN,trials_rating.thisN,trials_rating.thisIndex,trials_rating.ran,Identity_no,Image,Option1,Option2,Option3,Option4,CorrectName,selection_method,num_selected_identities,qualified_identity_nos,break_1.started,break_1.stopped,Load_Recognition_Trials.started,Load_Recognition_Trials.stopped,Instruction_recog_1.started,Instruction_recog_1.stopped,space_cont_6.keys,space_cont_6.rt,space_cont_6.duration,Instruction_recog_2.started,Instruction_recog_2.stopped,space_cont_7.keys,space_cont_7.rt,space_cont_7.duration,fixation_duration,fix_cross.started,fix_cross.stopped,Practice_Recognition_Trial.started,Practice_Recognition_Trial.stopped,key_resp_practice.keys,key_resp_practice.rt,key_resp_practice.duration,is_practice,practice_trial_number,is_familiar,participant_response,too_slow,response_time,practice_trials.thisRepN,practice_trials.thisTrialN,practice_trials.thisN,practice_trials.thisIndex,practice_trials.ran,Instruction_recog.started,Instruction_recog.stopped,space_cont_8.keys,space_cont_8.rt,space_cont_8.duration,Recognition_trials.started,Recognition_trials.stopped,key_resp_recognition.keys,key_resp_recognition.rt,key_resp_recognition.duration,recognition_trial_number,original_trial_number,block,trial_in_block,orientation,identity_type,response_familiar,correct,valid_response,Too_slow.started,Too_slow.stopped,break_recog.started,break_recog.stopped,key_resp_6.keys,trials.thisRepN,trials.thisTrialN,trials.thisN,trials.thisIndex,trials.ran,key_resp_6.rt,key_resp_6.duration
0.0004,7.4464,space,7.418,,6971fc9a64f35b0ea162d3d6,2026-01-22_05h39.45.585,WP1_3,2025.2.3,Win32,30.03003003,6706af217ea3142dd07d1e83,695fcc08e6593b9a696132f7,,,,,,,,,,,,,,,,,,,,,,,,,,,,,,,,,,,,,,,,,,,,,,,,,,,,,,,,,,,,,,,,,,,,,,,,,,,,,,,,,,,,,,,,,,,,,,,,,,,,,,,,,,,,,,,,,,,,,,,,,,,,,,,,,,,,,,,,,,,,,,,,,,,
,,,,,6971fc9a64f35b0ea162d3d6,2026-01-22_05h39.45.585,WP1_3,2025.2.3,Win32,30.03003003,6706af217ea3142dd07d1e83,695fcc08e6593b9a696132f7,7.4468,20.1454,space,12.6728,,,,,,,,,,,,,,,,,,,,,,,,,,,,,,,,,,,,,,,,,,,,,,,,,,,,,,,,,,,,,,,,,,,,,,,,,,,,,,,,,,,,,,,,,,,,,,,,,,,,,,,,,,,,,,,,,,,,,,,,,,,,,,,,,,,,,,,,,,,,,,,
,,,,,6971fc9a64f35b0ea162d3d6,2026-01-22_05h39.45.585,WP1_3,2025.2.3,Win32,30.03003003,6706af217ea3142dd07d1e83,695fcc08e6593b9a696132f7,,,,,,20.1458,84.511,space,64.3019,,,,,,,,,,,,,,,,,,,,,,,,,,,,,,,,,,,,,,,,,,,,,,,,,,,,,,,,,,,,,,,,,,,,,,,,,,,,,,,,,,,,,,,,,,,,,,,,,,,,,,,,,,,,,,,,,,,,,,,,,,,,,,,,,,,,,,,,,,
,,,,,6971fc9a64f35b0ea162d3d6,2026-01-22_05h39.45.585,WP1_3,2025.2.3,Win32,30.03003003,6706af217ea3142dd07d1e83,695fcc08e6593b9a696132f7,,,,,,,,,,,84.5114,88.8112,space,4.2474,,,,,,,,,,,,,,,,,,,,,,,,,,,,,,,,,,,,,,,,,,,,,,,,,,,,,,,,,,,,,,,,,,,,,,,,,,,,,,,,,,,,,,,,,,,,,,,,,,,,,,,,,,,,,,,,,,,,,,,,,,,,,,,,,,,,,
,,,,,6971fc9a64f35b0ea162d3d6,2026-01-22_05h39.45.585,WP1_3,2025.2.3,Win32,30.03003003,6706af217ea3142dd07d1e83,695fcc08e6593b9a696132f7,,,,,,,,,,,,,,,,88.8117,96.4776,space,7.6251,,,,,,,,,,,,,,,,,,,,,,,,,,,,,,,,,,,,,,,,,,,,,,,,,,,,,,,,,,,,,,,,,,,,,,,,,,,,,,,,,,,,,,,,,,,,,,,,,,,,,,,,,,,,,,,,,,,,,,,,,,,,,,,,
,,,,,6971fc9a64f35b0ea162d3d6,2026-01-22_05h39.45.585,WP1_3,2025.2.3,Win32,30.03003003,6706af217ea3142dd07d1e83,695fcc08e6593b9a696132f7,,,,,,,,,,,,,,,,,,,,,96.4781,109.9103,space,13.3974,,,,,,,,,,,,,,,,,,,,,,,,,,,,,,,,,,,,,,,,,,,,,,,,,,,,,,,,,,,,,,,,,,,,,,,,,,,,,,,,,,,,,,,,,,,,,,,,,,,,,,,,,,,,,,,,,,,,,,,,,,,
,,,,,6971fc9a64f35b0ea162d3d6,2026-01-22_05h39.45.585,WP1_3,2025.2.3,Win32,30.03003003,6706af217ea3142dd07d1e83,695fcc08e6593b9a696132f7,,,,,,,,,,,,,,,,,,,,,,,,,,109.9109,114.4105,space,4.4755,,,,,,,,,,,,,,,,,,,,,,,,,,,,,,,,,,,,,,,,,,,,,,,,,,,,,,,,,,,,,,,,,,,,,,,,,,,,,,,,,,,,,,,,,,,,,,,,,,,,,,,,,,,,,,,,,,,,,,
,,,,,6971fc9a64f35b0ea162d3d6,2026-01-22_05h39.45.585,WP1_3,2025.2.3,Win32,30.03003003,6706af217ea3142dd07d1e83,695fcc08e6593b9a696132f7,,,,,,,,,,,,,,,,,,,,,,,,,,,,,,,114.4109,115.5772,space,1.123,,,,,,,,,,,,,,,,,,,,,,,,,,,,,,,,,,,,,,,,,,,,,,,,,,,,,,,,,,,,,,,,,,,,,,,,,,,,,,,,,,,,,,,,,,,,,,,,,,,,,,,,,,,,,,,,,
,,,,,6971fc9a64f35b0ea162d3d6,2026-01-22_05h39.45.585,WP1_3,2025.2.3,Win32,30.03003003,6706af217ea3142dd07d1e83,695fcc08e6593b9a696132f7,,,,,,,,,,,,,,,,,,,,,,,,,,,,,,,,,,,,115.5776,118.7104,space,3.0938,,,,,,,,,,,,,,,,,,,,,,,,,,,,,,,,,,,,,,,,,,,,,,,,,,,,,,,,,,,,,,,,,,,,,,,,,,,,,,,,,,,,,,,,,,,,,,,,,,,,,,,,,,,,
,,,,,6971fc9a64f35b0ea162d3d6,2026-01-22_05h39.45.585,WP1_3,2025.2.3,Win32,30.03003003,6706af217ea3142dd07d1e83,695fcc08e6593b9a696132f7,,,,,,,,,,,,,,,,,,,,,,,,,,,,,,,,,,,,,,,,,118.728,132.0768,5.810959071,12.162,,5.810959071,132.0785,137.5108,6.939726529,4.3759,"[""space""]",[5.35469999980927],[null],6.939726529,137.5125,226.3918,space,88.8,,42,Celebrities_Faces/042_rating.jpg,Greta Thunberg,0,Simone Biles,3,FALSE,FALSE,0,0,0,0,41,1,42,Celebrities_Faces/042_rating.jpg,Simone Biles,Michelle Obama,Anne Hathaway,Greta Thunberg,Greta Thunberg,,,,,,,,,,,,,,,,,,,,,,,,,,,,,,,,,,,,,,,,,,,,,,,,,,,,,,,,,,,,,,,,,,,
,,,,,6971fc9a64f35b0ea162d3d6,2026-01-22_05h39.45.585,WP1_3,2025.2.3,Win32,30.03003003,6706af217ea3142dd07d1e83,695fcc08e6593b9a696132f7,,,,,,,,,,,,,,,,,,,,,,,,,,,,,,,,,,,,,,,,,226.393,236.9764,0.200000084,6.5418,,0.200000084,236.9779,240.2588,6.852054962,2.7642,"[""space""]",[3.119900000095299],[null],6.852054962,240.2633,255.9576,space,15.5477,,29,Celebrities_Faces/029_rating.jpg,Tom Holland,0,Tom Holland,0,TRUE,FALSE,0,0,1,1,28,1,29,Celebrities_Faces/029_rating.jpg,Tom Holland,Bradley Cooper,Dwayne Johnson,George W.Bush,Tom Holland,,,,,,,,,,,,,,,,,,,,,,,,,,,,,,,,,,,,,,,,,,,,,,,,,,,,,,,,,,,,,,,,,,,
,,,,,6971fc9a64f35b0ea162d3d6,2026-01-22_05h39.45.585,WP1_3,2025.2.3,Win32,30.03003003,6706af217ea3142dd07d1e83,695fcc08e6593b9a696132f7,,,,,,,,,,,,,,,,,,,,,,,,,,,,,,,,,,,,,,,,,255.9601,268.6907,7.739726027,11.4847,,7.739726027,268.6919,324.557,7.301369863,54.2458,"[""space""]",[55.831700000047704],[null],7.301369863,324.562,342.8237,space,18.21,,19,Celebrities_Faces/019_rating.jpg,Nicolas Cage,0,Nicolas Cage,0,TRUE,TRUE,1,0,2,2,18,1,19,Celebrities_Faces/019_rating.jpg,Nicolas Cage,George W.Bush,Cristiano Ronaldo,Bradley Cooper,Nicolas Cage,,,,,,,,,,,,,,,,,,,,,,,,,,,,,,,,,,,,,,,,,,,,,,,,,,,,,,,,,,,,,,,,,,,
,,,,,6971fc9a64f35b0ea162d3d6,2026-01-22_05h39.45.585,WP1_3,2025.2.3,Win32,30.03003003,6706af217ea3142dd07d1e83,695fcc08e6593b9a696132f7,,,,,,,,,,,,,,,,,,,,,,,,,,,,,,,,,,,,,,,,,342.8266,775.2786,6.950685266,430.5435,,6.950685266,775.2796,777.5783,7.169863348,1.6259,"[""space""]",[2.2272999999524927],[null],7.169863348,777.5816,891.5437,space,113.8953,,46,Celebrities_Faces/046_rating.jpg,Emma Stone,0,Halle Berry,1,FALSE,FALSE,1,0,3,3,45,1,46,Celebrities_Faces/046_rating.jpg,Halle Berry,Emma Stone,Emma Watson,Taylor Swift,Emma Stone,,,,,,,,,,,,,,,,,,,,,,,,,,,,,,,,,,,,,,,,,,,,,,,,,,,,,,,,,,,,,,,,,,,
,,,,,6971fc9a64f35b0ea162d3d6,2026-01-22_05h39.45.585,WP1_3,2025.2.3,Win32,30.03003003,6706af217ea3142dd07d1e83,695fcc08e6593b9a696132f7,,,,,,,,,,,,,,,,,,,,,,,,,,,,,,,,,,,,,,,,,891.5464,896.2099,7.104110091,3.3947,,7.104110091,896.2111,898.3098,7.016438523,1.5134,"[""space""]",[2.0205000000000837],[null],7.016438523,898.3112,912.9262,space,14.5301,,8,Celebrities_Faces/008_rating.jpg,Brad Pitt,1,Daniel Craig,3,FALSE,FALSE,1,0,4,4,7,1,8,Celebrities_Faces/008_rating.jpg,Cristiano Ronaldo,Daniel Craig,Lionel Messi,Brad Pitt,Brad Pitt,,,,,,,,,,,,,,,,,,,,,,,,,,,,,,,,,,,,,,,,,,,,,,,,,,,,,,,,,,,,,,,,,,,
,,,,,6971fc9a64f35b0ea162d3d6,2026-01-22_05h39.45.585,WP1_3,2025.2.3,Win32,30.03003003,6706af217ea3142dd07d1e83,695fcc08e6593b9a696132f7,,,,,,,,,,,,,,,,,,,,,,,,,,,,,,,,,,,,,,,,,912.9271,917.2763,7.071232874,2.8963,,7.071232874,917.2774,923.4095,2.97260257,4.76,"[""space""]",[6.102599999904442],[null],2.97260257,923.4112,933.11,space,9.68,,14,Celebrities_Faces/014_rating.jpg,Daniel Craig,3,Chris Hemsworth,2,FALSE,FALSE,1,0,5,5,13,1,14,Celebrities_Faces/014_rating.jpg,Robert De Niro,Ryan Reynolds,Daniel Craig,Chris Hemsworth,Daniel Craig,,,,,,,,,,,,,,,,,,,,,,,,,,,,,,,,,,,,,,,,,,,,,,,,,,,,,,,,,,,,,,,,,,,
,,,,,6971fc9a64f35b0ea162d3d6,2026-01-22_05h39.45.585,WP1_3,2025.2.3,Win32,30.03003003,6706af217ea3142dd07d1e83,695fcc08e6593b9a696132f7,,,,,,,,,,,,,,,,,,,,,,,,,,,,,,,,,,,,,,,,,933.1115,936.576,2.939726359,1.8795,,2.939726359,936.5767,942.1259,,,"[""left"",""right"",""right"",""right"",""right"",""space""]","[1.9557999999524327,4.072099999904594,4.34889999985694,4.581599999904711,4.8206999998092215,5.425500000000056]","[null,null,null,null,null,null]",8,942.1284,955.4592,space,13.199,,51,Celebrities_Faces/051_rating.jpg,Margot Robbie,3,Julia Roberts,0,FALSE,FALSE,1,0,6,6,50,1,51,Celebrities_Faces/051_rating.jpg,Margot Robbie,Halle Berry,Emma Watson,Julia Roberts,Margot Robbie,,,,,,,,,,,,,,,,,,,,,,,,,,,,,,,,,,,,,,,,,,,,,,,,,,,,,,,,,,,,,,,,,,,
,,,,,6971fc9a64f35b0ea162d3d6,2026-01-22_05h39.45.585,WP1_3,2025.2.3,Win32,30.03003003,6706af217ea3142dd07d1e83,695fcc08e6593b9a696132f7,,,,,,,,,,,,,,,,,,,,,,,,,,,,,,,,,,,,,,,,,955.46,960.9925,,,,7,960.9935,965.009,,,"[""right"",""space""]","[1.0632999999525055,3.969700000047851]","[null,null]",6,965.0108,970.4918,space,5.454,,58,Celebrities_Faces/058_rating.jpg,Nicole Kidman,0,Millie Bobby Brown,2,FALSE,FALSE,1,0,7,7,57,1,58,Celebrities_Faces/058_rating.jpg,Millie Bobby Brown,Greta Thunberg,Nicole Kidman,Julia Roberts,Nicole Kidman,,,,,,,,,,,,,,,,,,,,,,,,,,,,,,,,,,,,,,,,,,,,,,,,,,,,,,,,,,,,,,,,,,,
,,,,,6971fc9a64f35b0ea162d3d6,2026-01-22_05h39.45.585,WP1_3,2025.2.3,Win32,30.03003003,6706af217ea3142dd07d1e83,695fcc08e6593b9a696132f7,,,,,,,,,,,,,,,,,,,,,,,,,,,,,,,,,,,,,,,,,970.4924,974.2762,,,,3,974.2786,976.9925,,,"[""right"",""right"",""space""]","[1.0720999999045944,2.111499999999978,2.6367999999522453]","[null,null,null]",7,976.9956,985.4426,space,8.3893,,11,Celebrities_Faces/011_rating.jpg,Chris Evans,3,Arnold Schwarzeneger,0,FALSE,FALSE,1,0,8,8,10,1,11,Celebrities_Faces/011_rating.jpg,Chris Evans,Daniel Craig,Ryan Reynolds,Arnold Schwarzeneger,Chris Evans,,,,,,,,,,,,,,,,,,,,,,,,,,,,,,,,,,,,,,,,,,,,,,,,,,,,,,,,,,,,,,,,,,,
,,,,,6971fc9a64f35b0ea162d3d6,2026-01-22_05h39.45.585,WP1_3,2025.2.3,Win32,30.03003003,6706af217ea3142dd07d1e83,695fcc08e6593b9a696132f7,,,,,,,,,,,,,,,,,,,,,,,,,,,,,,,,,,,,,,,,,985.4438,999.3422,,,,7,999.343,1001.4248,,,"[""right"",""right"",""space""]","[0.7587999999523163,1.2207000000478274,1.9598999998570434]","[null,null,null]",7,1001.4263,1003.7584,space,2.1936,,48,Celebrities_Faces/048_rating.jpg,Jennifer Lawrence,0,Jennifer Lawrence,0,TRUE,TRUE,2,0,9,9,47,1,48,Celebrities_Faces/048_rating.jpg,Jennifer Lawrence,Lady Gaga,Anne Hathaway,Emma Stone,Jennifer Lawrence,,,,,,,,,,,,,,,,,,,,,,,,,,,,,,,,,,,,,,,,,,,,,,,,,,,,,,,,,,,,,,,,,,,
,,,,,6971fc9a64f35b0ea162d3d6,2026-01-22_05h39.45.585,WP1_3,2025.2.3,Win32,30.03003003,6706af217ea3142dd07d1e83,695fcc08e6593b9a696132f7,,,,,,,,,,,,,,,,,,,,,,,,,,,,,,,,,,,,,,,,,1003.7594,1007.4292,,,,7,1007.4296,1010.4919,,,"[""right"",""right"",""right"",""right"",""space""]","[1.1800000000000637,1.5771999998091815,1.8605000000000018,2.2495999999046035,3.027699999809329]","[null,null,null,null,null]",9,1010.4946,1013.5417,space,3.0083,,4,Celebrities_Faces/004_rating.jpg,Cristiano Ronaldo,3,Cristiano Ronaldo,3,TRUE,TRUE,3,0,10,10,3,1,4,Celebrities_Faces/004_rating.jpg,Matt Damon,Robert De Niro,Denzel Washighton,Cristiano Ronaldo,Cristiano Ronaldo,,,,,,,,,,,,,,,,,,,,,,,,,,,,,,,,,,,,,,,,,,,,,,,,,,,,,,,,,,,,,,,,,,,
,,,,,6971fc9a64f35b0ea162d3d6,2026-01-22_05h39.45.585,WP1_3,2025.2.3,Win32,30.03003003,6706af217ea3142dd07d1e83,695fcc08e6593b9a696132f7,,,,,,,,,,,,,,,,,,,,,,,,,,,,,,,,,,,,,,,,,1013.5431,1021.9749,,,,7,1021.9758,1024.1749,,,"[""right"",""right"",""right"",""space""]","[0.7387000000476291,1.0301000001429657,1.3399000000952128,2.1393000001905875]","[null,null,null,null]",8,1024.1765,1028.2582,space,4.0287,,34,Celebrities_Faces/034_rating.jpg,Angelina Jolie,2,Angelina Jolie,2,TRUE,TRUE,4,0,11,11,33,1,34,Celebrities_Faces/034_rating.jpg,Anya Taylor-Joy,Maria Sharapova,Angelina Jolie,Nicole Kidman,Angelina Jolie,,,,,,,,,,,,,,,,,,,,,,,,,,,,,,,,,,,,,,,,,,,,,,,,,,,,,,,,,,,,,,,,,,,
,,,,,6971fc9a64f35b0ea162d3d6,2026-01-22_05h39.45.585,WP1_3,2025.2.3,Win32,30.03003003,6706af217ea3142dd07d1e83,695fcc08e6593b9a696132f7,,,,,,,,,,,,,,,,,,,,,,,,,,,,,,,,,,,,,,,,,1028.2588,1036.6916,,,,8,1036.6924,1040.8909,,,"[""right"",""right"",""right"",""right"",""space""]","[1.4422999999524109,2.25779999995234,2.5962999999524072,3.1518999998570507,4.057099999904722]","[null,null,null,null,null]",9,1040.8926,1044.8082,space,3.771,,24,Celebrities_Faces/024_rating.jpg,Ryan Reynolds,3,Ryan Reynolds,3,TRUE,TRUE,5,0,12,12,23,1,24,Celebrities_Faces/024_rating.jpg,Roger Federer,Denzel Washighton,Tom Holland,Ryan Reynolds,Ryan Reynolds,,,,,,,,,,,,,,,,,,,,,,,,,,,,,,,,,,,,,,,,,,,,,,,,,,,,,,,,,,,,,,,,,,,
,,,,,6971fc9a64f35b0ea162d3d6,2026-01-22_05h39.45.585,WP1_3,2025.2.3,Win32,30.03003003,6706af217ea3142dd07d1e83,695fcc08e6593b9a696132f7,,,,,,,,,,,,,,,,,,,,,,,,,,,,,,,,,,,,,,,,,1044.8096,1055.208,,,,7,1055.2088,1061.2075,,,"[""right"",""right"",""right"",""space""]","[0.6292000000476037,0.9768999998568688,1.8528999998568452,5.893700000047602]","[null,null,null,null]",8,1061.2091,1067.9613,space,6.656,,35,Celebrities_Faces/035_rating.jpg,Lindsay Lohan,3,Lindsay Lohan,3,TRUE,TRUE,6,0,13,13,34,1,35,Celebrities_Faces/035_rating.jpg,Anya Taylor-Joy,Millie Bobby Brown,Keira Knightley,Lindsay Lohan,Lindsay Lohan,,,,,,,,,,,,,,,,,,,,,,,,,,,,,,,,,,,,,,,,,,,,,,,,,,,,,,,,,,,,,,,,,,,
,,,,,6971fc9a64f35b0ea162d3d6,2026-01-22_05h39.45.585,WP1_3,2025.2.3,Win32,30.03003003,6706af217ea3142dd07d1e83,695fcc08e6593b9a696132f7,,,,,,,,,,,,,,,,,,,,,,,,,,,,,,,,,,,,,,,,,1067.9619,1075.9124,,,,8,1075.9132,1079.0577,,,"[""right"",""right"",""right"",""space""]","[0.7809999999999491,1.109899999856907,1.4443999998568415,3.061099999904627]","[null,null,null,null]",8,1079.0598,1082.2244,space,3.0764,,60,Celebrities_Faces/060_rating.jpg,Anya Taylor-Joy,1,Anya Taylor-Joy,1,TRUE,TRUE,7,0,14,14,59,1,60,Celebrities_Faces/060_rating.jpg,Emma Stone,Anya Taylor-Joy,Michelle Obama,Halle Berry,Anya Taylor-Joy,,,,,,,,,,,,,,,,,,,,,,,,,,,,,,,,,,,,,,,,,,,,,,,,,,,,,,,,,,,,,,,,,,,
,,,,,6971fc9a64f35b0ea162d3d6,2026-01-22_05h39.45.585,WP1_3,2025.2.3,Win32,30.03003003,6706af217ea3142dd07d1e83,695fcc08e6593b9a696132f7,,,,,,,,,,,,,,,,,,,,,,,,,,,,,,,,,,,,,,,,,1082.2259,1095.2402,,,,8,1095.2407,1100.9236,,,"[""right"",""right"",""right"",""space""]","[0.9336999998092779,1.233199999809358,1.5899999999999181,5.598599999904536]","[null,null,null,null]",8,1100.9251,1133.7235,space,32.7133,,2,Celebrities_Faces/002_rating.jpg,George W.Bush,3,George W.Bush,3,TRUE,TRUE,8,0,15,15,1,1,2,Celebrities_Faces/002_rating.jpg,Henri Canvill,Chris Evans,Tom Holland,George W.Bush,George W.Bush,,,,,,,,,,,,,,,,,,,,,,,,,,,,,,,,,,,,,,,,,,,,,,,,,,,,,,,,,,,,,,,,,,,
,,,,,6971fc9a64f35b0ea162d3d6,2026-01-22_05h39.45.585,WP1_3,2025.2.3,Win32,30.03003003,6706af217ea3142dd07d1e83,695fcc08e6593b9a696132f7,,,,,,,,,,,,,,,,,,,,,,,,,,,,,,,,,,,,,,,,,1133.7253,1144.0065,,,,8,1144.0075,1160.5397,,,"[""right"",""right"",""right"",""space""]","[0.7447000000477146,1.0196000001431003,1.3444000000954475,16.471200000047702]","[null,null,null,null]",8,1160.5416,1163.7233,space,3.112,,38,Celebrities_Faces/038_rating.jpg,Taylor Swift,3,Taylor Swift,3,TRUE,TRUE,9,0,16,16,37,1,38,Celebrities_Faces/038_rating.jpg,Keira Knightley,Scarlett Johansson,Margot Robbie,Taylor Swift,Taylor Swift,,,,,,,,,,,,,,,,,,,,,,,,,,,,,,,,,,,,,,,,,,,,,,,,,,,,,,,,,,,,,,,,,,,
,,,,,6971fc9a64f35b0ea162d3d6,2026-01-22_05h39.45.585,WP1_3,2025.2.3,Win32,30.03003003,6706af217ea3142dd07d1e83,695fcc08e6593b9a696132f7,,,,,,,,,,,,,,,,,,,,,,,,,,,,,,,,,,,,,,,,,1163.725,1172.8949,,,,8,1172.8964,1175.0897,,,"[""right"",""right"",""right"",""space""]","[0.7709999999999582,1.109100000143144,1.510900000095262,2.13799999999992]","[null,null,null,null]",8,1175.0928,1177.0391,space,1.9094,,7,Celebrities_Faces/007_rating.jpg,Ben Affleck,0,Ben Affleck,0,TRUE,TRUE,10,0,17,17,6,1,7,Celebrities_Faces/007_rating.jpg,Ben Affleck,Nicolas Cage,Henri Canvill,Leonardo Di Caprio,Ben Affleck,,,,,,,,,,,,,,,,,,,,,,,,,,,,,,,,,,,,,,,,,,,,,,,,,,,,,,,,,,,,,,,,,,,
,,,,,6971fc9a64f35b0ea162d3d6,2026-01-22_05h39.45.585,WP1_3,2025.2.3,Win32,30.03003003,6706af217ea3142dd07d1e83,695fcc08e6593b9a696132f7,,,,,,,,,,,,,,,,,,,,,,,,,,,,,,,,,,,,,,,,,1177.0398,1177.1726,,,,5,1177.1733,1180.325,,,"[""right"",""right"",""space""]","[1.0685999999045634,2.142199999809236,3.1173999998568434]","[null,null,null]",7,1180.3286,1192.4223,space,12.0576,,53,Celebrities_Faces/053_rating.jpg,Keira Knightley,3,Keira Knightley,3,TRUE,FALSE,10,0,18,18,52,1,53,Celebrities_Faces/053_rating.jpg,Anne Hathaway,Emma Stone,Olivia Rodrigo,Keira Knightley,Keira Knightley,,,,,,,,,,,,,,,,,,,,,,,,,,,,,,,,,,,,,,,,,,,,,,,,,,,,,,,,,,,,,,,,,,,
,,,,,6971fc9a64f35b0ea162d3d6,2026-01-22_05h39.45.585,WP1_3,2025.2.3,Win32,30.03003003,6706af217ea3142dd07d1e83,695fcc08e6593b9a696132f7,,,,,,,,,,,,,,,,,,,,,,,,,,,,,,,,,,,,,,,,,1192.423,1199.3227,,,,8,1199.3237,1204.0728,,,"[""right"",""right"",""right"",""space""]","[0.7182999999522508,1.052599999904487,1.4198999998568524,4.7017999999523]","[null,null,null,null]",8,1204.0759,1222.2224,space,18.1035,,15,Celebrities_Faces/015_rating.jpg,Harrison Ford,2,Harrison Ford,2,TRUE,TRUE,11,0,19,19,14,1,15,Celebrities_Faces/015_rating.jpg,Lionel Messi,Daniel Radcliffe,Harrison Ford,Brad Pitt,Harrison Ford,,,,,,,,,,,,,,,,,,,,,,,,,,,,,,,,,,,,,,,,,,,,,,,,,,,,,,,,,,,,,,,,,,,
,,,,,6971fc9a64f35b0ea162d3d6,2026-01-22_05h39.45.585,WP1_3,2025.2.3,Win32,30.03003003,6706af217ea3142dd07d1e83,695fcc08e6593b9a696132f7,,,,,,,,,,,,,,,,,,,,,,,,,,,,,,,,,,,,,,,,,1222.224,1233.1053,,,,8,1233.1061,1234.7551,,,"[""right"",""right"",""right"",""space""]","[0.7072999999522835,0.9525000000001,1.1266000001430712,1.6299000000954038]","[null,null,null,null]",8,1234.7561,1236.7224,space,1.939,,20,Celebrities_Faces/020_rating.jpg,Matt Damon,1,Matt Damon,1,TRUE,TRUE,12,0,20,20,19,1,20,Celebrities_Faces/020_rating.jpg,Tom Cruise,Matt Damon,Chris Evans,Brad Pitt,Matt Damon,,,,,,,,,,,,,,,,,,,,,,,,,,,,,,,,,,,,,,,,,,,,,,,,,,,,,,,,,,,,,,,,,,,
,,,,,6971fc9a64f35b0ea162d3d6,2026-01-22_05h39.45.585,WP1_3,2025.2.3,Win32,30.03003003,6706af217ea3142dd07d1e83,695fcc08e6593b9a696132f7,,,,,,,,,,,,,,,,,,,,,,,,,,,,,,,,,,,,,,,,,1236.723,1245.5889,,,,8,1245.5899,1249.5221,,,"[""right"",""right"",""right"",""space""]","[0.9124000000954311,1.1954000000953329,1.5789999999999509,3.845600000143122]","[null,null,null,null]",8,1249.5255,1252.0548,space,2.433,,1,Celebrities_Faces/001_rating.jpg,Leonardo Di Caprio,2,Leonardo Di Caprio,2,TRUE,TRUE,13,0,21,21,0,1,1,Celebrities_Faces/001_rating.jpg,Ben Affleck,Daniel Craig,Leonardo Di Caprio,Roger Federer,Leonardo Di Caprio,,,,,,,,,,,,,,,,,,,,,,,,,,,,,,,,,,,,,,,,,,,,,,,,,,,,,,,,,,,,,,,,,,,
,,,,,6971fc9a64f35b0ea162d3d6,2026-01-22_05h39.45.585,WP1_3,2025.2.3,Win32,30.03003003,6706af217ea3142dd07d1e83,695fcc08e6593b9a696132f7,,,,,,,,,,,,,,,,,,,,,,,,,,,,,,,,,,,,,,,,,1252.0555,1260.1386,,,,7,1260.14,1262.3885,,,"[""right"",""right"",""space""]","[0.9992999999521999,1.3659999999999854,2.1791000001430803]","[null,null,null]",7,1262.3914,1269.9879,space,7.5436,,13,Celebrities_Faces/013_rating.jpg,Denzel Washighton,0,Denzel Washighton,0,TRUE,TRUE,14,0,22,22,12,1,13,Celebrities_Faces/013_rating.jpg,Denzel Washighton,Chris Hemsworth,Matt Damon,George W.Bush,Denzel Washighton,,,,,,,,,,,,,,,,,,,,,,,,,,,,,,,,,,,,,,,,,,,,,,,,,,,,,,,,,,,,,,,,,,,
,,,,,6971fc9a64f35b0ea162d3d6,2026-01-22_05h39.45.585,WP1_3,2025.2.3,Win32,30.03003003,6706af217ea3142dd07d1e83,695fcc08e6593b9a696132f7,,,,,,,,,,,,,,,,,,,,,,,,,,,,,,,,,,,,,,,,,1269.9887,1277.3715,,,,8,1277.3723,1280.721,,,"[""right"",""right"",""right"",""space""]","[1.439200000047549,1.7662999999522526,2.106999999999971,3.2179000000953693]","[null,null,null,null]",8,1280.7223,1284.6876,space,3.8234,,45,Celebrities_Faces/045_rating.jpg,Cameron Diaz,3,Cameron Diaz,3,TRUE,TRUE,15,0,23,23,44,1,45,Celebrities_Faces/045_rating.jpg,Taylor Swift,Natalie Portman,Maria Sharapova,Cameron Diaz,Cameron Diaz,,,,,,,,,,,,,,,,,,,,,,,,,,,,,,,,,,,,,,,,,,,,,,,,,,,,,,,,,,,,,,,,,,,
,,,,,6971fc9a64f35b0ea162d3d6,2026-01-22_05h39.45.585,WP1_3,2025.2.3,Win32,30.03003003,6706af217ea3142dd07d1e83,695fcc08e6593b9a696132f7,,,,,,,,,,,,,,,,,,,,,,,,,,,,,,,,,,,,,,,,,1284.6886,1290.9547,,,,8,1290.9557,1294.5378,,,"[""right"",""right"",""right"",""space""]","[0.8229000000953874,1.1071000001431912,2.9140000000002146,3.4382999999525055]","[null,null,null,null]",8,1294.5402,1297.9542,space,3.2709,,3,Celebrities_Faces/003_rating.jpg,Roger Federer,2,Roger Federer,2,TRUE,TRUE,16,0,24,24,2,1,3,Celebrities_Faces/003_rating.jpg,Dwayne Johnson,Keanu Reeves,Roger Federer,Ben Affleck,Roger Federer,,,,,,,,,,,,,,,,,,,,,,,,,,,,,,,,,,,,,,,,,,,,,,,,,,,,,,,,,,,,,,,,,,,
,,,,,6971fc9a64f35b0ea162d3d6,2026-01-22_05h39.45.585,WP1_3,2025.2.3,Win32,30.03003003,6706af217ea3142dd07d1e83,695fcc08e6593b9a696132f7,,,,,,,,,,,,,,,,,,,,,,,,,,,,,,,,,,,,,,,,,1297.9555,1306.5543,,,,8,1306.5554,1321.3209,,,"[""right"",""right"",""right"",""left"",""left"",""space""]","[0.8399000000952128,1.342799999952149,3.7569000000953565,10.293700000047693,10.559400000095366,14.689999999999827]","[null,null,null,null,null,null]",6,1321.3237,1331.8209,space,10.4252,,54,Celebrities_Faces/054_rating.jpg,Julia Roberts,1,Anne Hathaway,0,FALSE,FALSE,16,0,25,25,53,1,54,Celebrities_Faces/054_rating.jpg,Julia Roberts,Anne Hathaway,Olivia Rodrigo,Simone Biles,Julia Roberts,,,,,,,,,,,,,,,,,,,,,,,,,,,,,,,,,,,,,,,,,,,,,,,,,,,,,,,,,,,,,,,,,,,
,,,,,6971fc9a64f35b0ea162d3d6,2026-01-22_05h39.45.585,WP1_3,2025.2.3,Win32,30.03003003,6706af217ea3142dd07d1e83,695fcc08e6593b9a696132f7,,,,,,,,,,,,,,,,,,,,,,,,,,,,,,,,,,,,,,,,,1331.8221,1344.0868,,,,8,1344.0874,1346.587,,,"[""right"",""right"",""right"",""space""]","[0.616399999856867,1.1641999998091705,1.75,2.4710000000000036]","[null,null,null,null]",8,1346.5897,1355.0541,space,8.432,,49,Celebrities_Faces/049_rating.jpg,Olivia Rodrigo,0,Olivia Rodrigo,0,TRUE,TRUE,17,0,26,26,48,1,49,Celebrities_Faces/049_rating.jpg,Olivia Rodrigo,Lindsay Lohan,Gal Gadot,Angelina Jolie,Olivia Rodrigo,,,,,,,,,,,,,,,,,,,,,,,,,,,,,,,,,,,,,,,,,,,,,,,,,,,,,,,,,,,,,,,,,,,
,,,,,6971fc9a64f35b0ea162d3d6,2026-01-22_05h39.45.585,WP1_3,2025.2.3,Win32,30.03003003,6706af217ea3142dd07d1e83,695fcc08e6593b9a696132f7,,,,,,,,,,,,,,,,,,,,,,,,,,,,,,,,,,,,,,,,,1355.0558,1365.5867,,,,7,1365.5874,1367.6371,,,"[""right"",""right"",""right"",""space""]","[0.8209000000954347,1.0815000000000055,1.2806000001430675,1.9387000000476746]","[null,null,null,null]",8,1367.6395,1370.1534,space,2.3876,,10,Celebrities_Faces/010_rating.jpg,Bruce Willis,0,Bruce Willis,0,TRUE,TRUE,18,0,27,27,9,1,10,Celebrities_Faces/010_rating.jpg,Bruce Willis,Arnold Schwarzeneger,George Clooney,Robert De Niro,Bruce Willis,,,,,,,,,,,,,,,,,,,,,,,,,,,,,,,,,,,,,,,,,,,,,,,,,,,,,,,,,,,,,,,,,,,
,,,,,6971fc9a64f35b0ea162d3d6,2026-01-22_05h39.45.585,WP1_3,2025.2.3,Win32,30.03003003,6706af217ea3142dd07d1e83,695fcc08e6593b9a696132f7,,,,,,,,,,,,,,,,,,,,,,,,,,,,,,,,,,,,,,,,,1370.1546,1385.3197,,,,8,1385.3207,1387.1201,,,"[""right"",""right"",""right"",""space""]","[0.5010999999046817,0.7760999999045453,0.9588999998568397,1.4703999998569088]","[null,null,null,null]",8,1387.1228,1390.07,space,2.5839,,41,Celebrities_Faces/041_rating.jpg,Halle Berry,2,Halle Berry,2,TRUE,TRUE,19,0,28,28,40,1,41,Celebrities_Faces/041_rating.jpg,Lady Gaga,Greta Thunberg,Halle Berry,Serena Williams,Halle Berry,,,,,,,,,,,,,,,,,,,,,,,,,,,,,,,,,,,,,,,,,,,,,,,,,,,,,,,,,,,,,,,,,,,
,,,,,6971fc9a64f35b0ea162d3d6,2026-01-22_05h39.45.585,WP1_3,2025.2.3,Win32,30.03003003,6706af217ea3142dd07d1e83,695fcc08e6593b9a696132f7,,,,,,,,,,,,,,,,,,,,,,,,,,,,,,,,,,,,,,,,,1390.0715,1397.7367,,,,7,1397.7379,1399.5032,,,"[""right"",""right"",""right"",""space""]","[0.6534999999998945,0.9499000000953401,1.1179999999999382,1.6804999999999382]","[null,null,null,null]",8,1399.5064,1401.391,space,1.8081,,26,Celebrities_Faces/026_rating.jpg,George Clooney,2,George Clooney,2,TRUE,TRUE,20,0,29,29,25,1,26,Celebrities_Faces/026_rating.jpg,Robert De Niro,Ewan McGregor,George Clooney,Daniel Radcliffe,George Clooney,,,,,,,,,,,,,,,,,,,,,,,,,,,,,,,,,,,,,,,,,,,,,,,,,,,,,,,,,,,,,,,,,,,
,,,,,6971fc9a64f35b0ea162d3d6,2026-01-22_05h39.45.585,WP1_3,2025.2.3,Win32,30.03003003,6706af217ea3142dd07d1e83,695fcc08e6593b9a696132f7,,,,,,,,,,,,,,,,,,,,,,,,,,,,,,,,,,,,,,,,,1401.392,1406.3695,,,,7,1406.3702,1409.074,,,"[""right"",""right"",""right"",""space""]","[0.8905999999046799,1.1865000000000236,1.5685999999047908,2.6805000000001655]","[null,null,null,null]",8,1409.0765,1414.7358,space,5.6361,,36,Celebrities_Faces/036_rating.jpg,Lady Gaga,3,Lady Gaga,3,TRUE,TRUE,21,0,30,30,35,1,36,Celebrities_Faces/036_rating.jpg,Serena Williams,Emma Stone,Julia Roberts,Lady Gaga,Lady Gaga,,,,,,,,,,,,,,,,,,,,,,,,,,,,,,,,,,,,,,,,,,,,,,,,,,,,,,,,,,,,,,,,,,,
,,,,,6971fc9a64f35b0ea162d3d6,2026-01-22_05h39.45.585,WP1_3,2025.2.3,Win32,30.03003003,6706af217ea3142dd07d1e83,695fcc08e6593b9a696132f7,,,,,,,,,,,,,,,,,,,,,,,,,,,,,,,,,,,,,,,,,1414.7365,1426.2361,,,,8,1426.237,1427.7571,,,"[""right"",""right"",""right"",""space""]","[0.584100000143053,0.8621000001428456,1.1456000001428492,1.4949999999998909]","[null,null,null,null]",8,1427.7584,1430.4858,space,2.7076,,56,Celebrities_Faces/056_rating.jpg,Reese Witherspoon,0,Reese Witherspoon,0,TRUE,TRUE,22,0,31,31,55,1,56,Celebrities_Faces/056_rating.jpg,Reese Witherspoon,Sandra Bullock,Nicole Kidman,Halle Berry,Reese Witherspoon,,,,,,,,,,,,,,,,,,,,,,,,,,,,,,,,,,,,,,,,,,,,,,,,,,,,,,,,,,,,,,,,,,,
,,,,,6971fc9a64f35b0ea162d3d6,2026-01-22_05h39.45.585,WP1_3,2025.2.3,Win32,30.03003003,6706af217ea3142dd07d1e83,695fcc08e6593b9a696132f7,,,,,,,,,,,,,,,,,,,,,,,,,,,,,,,,,,,,,,,,,1430.4876,1439.3359,,,,8,1439.337,1460.052,,,"[""right"",""right"",""space""]","[2.1489000000954093,2.786099999904536,20.66359999990459]","[null,null,null]",7,1460.0542,1462.1688,space,2.0651,,17,Celebrities_Faces/017_rating.jpg,Hugh Jackman,1,Hugh Jackman,1,TRUE,TRUE,23,0,32,32,16,1,17,Celebrities_Faces/017_rating.jpg,Keanu Reeves,Hugh Jackman,Ewan McGregor,Tom Cruise,Hugh Jackman,,,,,,,,,,,,,,,,,,,,,,,,,,,,,,,,,,,,,,,,,,,,,,,,,,,,,,,,,,,,,,,,,,,
,,,,,6971fc9a64f35b0ea162d3d6,2026-01-22_05h39.45.585,WP1_3,2025.2.3,Win32,30.03003003,6706af217ea3142dd07d1e83,695fcc08e6593b9a696132f7,,,,,,,,,,,,,,,,,,,,,,,,,,,,,,,,,,,,,,,,,1462.1696,1474.8516,,,,8,1474.8526,1476.8518,,,"[""right"",""right"",""right"",""space""]","[0.739299999952209,1.0606000001430402,1.3504000000953056,1.944100000142953]","[null,null,null,null]",8,1476.853,1660.7992,space,183.8842,,47,Celebrities_Faces/047_rating.jpg,Hillary Clinton,1,Sandra Bullock,0,FALSE,FALSE,23,0,33,33,46,1,47,Celebrities_Faces/047_rating.jpg,Hillary Clinton,Sandra Bullock,Michelle Obama,Anne Hathaway,Hillary Clinton,,,,,,,,,,,,,,,,,,,,,,,,,,,,,,,,,,,,,,,,,,,,,,,,,,,,,,,,,,,,,,,,,,,
,,,,,6971fc9a64f35b0ea162d3d6,2026-01-22_05h39.45.585,WP1_3,2025.2.3,Win32,30.03003003,6706af217ea3142dd07d1e83,695fcc08e6593b9a696132f7,,,,,,,,,,,,,,,,,,,,,,,,,,,,,,,,,,,,,,,,,1660.8003,1672.5994,,,,9,1672.6004,1675.5662,,,"[""right"",""right"",""right"",""space""]","[1.7682000000477274,1.9984999999999218,2.2415000000000873,2.8662000000476837]","[null,null,null,null]",8,1675.5694,1682.1162,space,6.4575,,40,Celebrities_Faces/040_rating.jpg,Gal Gadot,0,Gal Gadot,0,TRUE,TRUE,24,0,34,34,39,1,40,Celebrities_Faces/040_rating.jpg,Gal Gadot,Maria Sharapova,Taylor Swift,Nicole Kidman,Gal Gadot,,,,,,,,,,,,,,,,,,,,,,,,,,,,,,,,,,,,,,,,,,,,,,,,,,,,,,,,,,,,,,,,,,,
,,,,,6971fc9a64f35b0ea162d3d6,2026-01-22_05h39.45.585,WP1_3,2025.2.3,Win32,30.03003003,6706af217ea3142dd07d1e83,695fcc08e6593b9a696132f7,,,,,,,,,,,,,,,,,,,,,,,,,,,,,,,,,,,,,,,,,1682.1175,1692.749,,,,9,1692.7499,1695.3324,,,"[""right"",""right"",""right"",""space""]","[1.4447000000475327,1.661200000047529,1.8225999999044689,2.4995999999046035]","[null,null,null,null]",8,1695.3348,1714.9986,space,19.5739,,57,Celebrities_Faces/057_rating.jpg,Serena Williams,2,Serena Williams,2,TRUE,TRUE,25,0,35,35,56,1,57,Celebrities_Faces/057_rating.jpg,Olivia Rodrigo,Charlize Theron,Serena Williams,Greta Thunberg,Serena Williams,,,,,,,,,,,,,,,,,,,,,,,,,,,,,,,,,,,,,,,,,,,,,,,,,,,,,,,,,,,,,,,,,,,
,,,,,6971fc9a64f35b0ea162d3d6,2026-01-22_05h39.45.585,WP1_3,2025.2.3,Win32,30.03003003,6706af217ea3142dd07d1e83,695fcc08e6593b9a696132f7,,,,,,,,,,,,,,,,,,,,,,,,,,,,,,,,,,,,,,,,,1715.0003,1727.615,,,,9,1727.616,1729.9983,,,"[""right"",""right"",""space""]","[0.9247999999522563,1.6384000000953165,2.2682999999522053]","[null,null,null]",8,1730.0005,1732.2986,space,2.1889,,44,Celebrities_Faces/044_rating.jpg,Cate Blanchett,1,Cate Blanchett,1,TRUE,TRUE,26,0,36,36,43,1,44,Celebrities_Faces/044_rating.jpg,Angelina Jolie,Cate Blanchett,Natalie Portman,Taylor Swift,Cate Blanchett,,,,,,,,,,,,,,,,,,,,,,,,,,,,,,,,,,,,,,,,,,,,,,,,,,,,,,,,,,,,,,,,,,,
,,,,,6971fc9a64f35b0ea162d3d6,2026-01-22_05h39.45.585,WP1_3,2025.2.3,Win32,30.03003003,6706af217ea3142dd07d1e83,695fcc08e6593b9a696132f7,,,,,,,,,,,,,,,,,,,,,,,,,,,,,,,,,,,,,,,,,1732.2998,1755.3812,,,,9,1755.3821,1757.1979,,,"[""right"",""right"",""right"",""space""]","[0.8757999999522781,1.1387999999524254,1.3457000000478274,1.7972000000477237]","[null,null,null,null]",8,1757.2006,1765.1482,space,7.9141,,16,Celebrities_Faces/016_rating.jpg,Ewan McGregor,0,Ewan McGregor,0,TRUE,TRUE,27,0,37,37,15,1,16,Celebrities_Faces/016_rating.jpg,Ewan McGregor,Robert De Niro,Lionel Messi,Leonardo Di Caprio,Ewan McGregor,,,,,,,,,,,,,,,,,,,,,,,,,,,,,,,,,,,,,,,,,,,,,,,,,,,,,,,,,,,,,,,,,,,
,,,,,6971fc9a64f35b0ea162d3d6,2026-01-22_05h39.45.585,WP1_3,2025.2.3,Win32,30.03003003,6706af217ea3142dd07d1e83,695fcc08e6593b9a696132f7,,,,,,,,,,,,,,,,,,,,,,,,,,,,,,,,,,,,,,,,,1765.1499,1785.7474,,,,8,1785.7477,1788.1146,,,"[""right"",""right"",""right"",""space""]","[1.137899999856927,1.3858999998569743,1.6614999999997053,2.235299999952076]","[null,null,null,null]",8,1788.1164,1789.6814,space,1.439,,32,Celebrities_Faces/032_rating.jpg,Anne Hathaway,1,Anne Hathaway,1,TRUE,TRUE,28,0,38,38,31,1,32,Celebrities_Faces/032_rating.jpg,Charlize Theron,Anne Hathaway,Gal Gadot,Millie Bobby Brown,Anne Hathaway,,,,,,,,,,,,,,,,,,,,,,,,,,,,,,,,,,,,,,,,,,,,,,,,,,,,,,,,,,,,,,,,,,,
,,,,,6971fc9a64f35b0ea162d3d6,2026-01-22_05h39.45.585,WP1_3,2025.2.3,Win32,30.03003003,6706af217ea3142dd07d1e83,695fcc08e6593b9a696132f7,,,,,,,,,,,,,,,,,,,,,,,,,,,,,,,,,,,,,,,,,1789.6828,1805.1813,,,,8,1805.1824,1806.681,,,"[""right"",""right"",""right"",""space""]","[0.5599000000956948,0.8699000000956403,1.0362999999524618,1.435799999952451]","[null,null,null,null]",8,1806.6835,1810.6974,space,3.9545,,25,Celebrities_Faces/025_rating.jpg,Robert De Niro,2,Robert De Niro,2,TRUE,TRUE,29,0,39,39,24,1,25,Celebrities_Faces/025_rating.jpg,Bruce Willis,Arnold Schwarzeneger,Robert De Niro,Leonardo Di Caprio,Robert De Niro,,,,,,,,,,,,,,,,,,,,,,,,,,,,,,,,,,,,,,,,,,,,,,,,,,,,,,,,,,,,,,,,,,,
,,,,,6971fc9a64f35b0ea162d3d6,2026-01-22_05h39.45.585,WP1_3,2025.2.3,Win32,30.03003003,6706af217ea3142dd07d1e83,695fcc08e6593b9a696132f7,,,,,,,,,,,,,,,,,,,,,,,,,,,,,,,,,,,,,,,,,1810.6983,1830.9133,,,,8,1830.9139,1833.1978,,,"[""right"",""right"",""space""]","[1.2721000001429275,1.5127999999522217,2.224299999952109]","[null,null,null]",7,1833.2003,1838.18,space,4.918,,12,Celebrities_Faces/012_rating.jpg,Daniel Radcliffe,3,Daniel Radcliffe,3,TRUE,TRUE,30,0,40,40,11,1,12,Celebrities_Faces/012_rating.jpg,Bruce Willis,Ryan Reynolds,Ewan McGregor,Daniel Radcliffe,Daniel Radcliffe,,,,,,,,,,,,,,,,,,,,,,,,,,,,,,,,,,,,,,,,,,,,,,,,,,,,,,,,,,,,,,,,,,,
,,,,,6971fc9a64f35b0ea162d3d6,2026-01-22_05h39.45.585,WP1_3,2025.2.3,Win32,30.03003003,6706af217ea3142dd07d1e83,695fcc08e6593b9a696132f7,,,,,,,,,,,,,,,,,,,,,,,,,,,,,,,,,,,,,,,,,1838.1806,1853.4634,,,,8,1853.4646,1856.5632,,,"[""right"",""right"",""right"",""right"",""space""]","[0.7002999999526764,1.3792000000480584,1.6557000000480002,1.9887999999523345,2.988200000047982]","[null,null,null,null,null]",9,1856.5658,1860.7636,space,4.0958,,50,Celebrities_Faces/050_rating.jpg,Millie Bobby Brown,2,Millie Bobby Brown,2,TRUE,TRUE,31,0,41,41,49,1,50,Celebrities_Faces/050_rating.jpg,Taylor Swift,Cameron Diaz,Millie Bobby Brown,Michelle Obama,Millie Bobby Brown,,,,,,,,,,,,,,,,,,,,,,,,,,,,,,,,,,,,,,,,,,,,,,,,,,,,,,,,,,,,,,,,,,,
,,,,,6971fc9a64f35b0ea162d3d6,2026-01-22_05h39.45.585,WP1_3,2025.2.3,Win32,30.03003003,6706af217ea3142dd07d1e83,695fcc08e6593b9a696132f7,,,,,,,,,,,,,,,,,,,,,,,,,,,,,,,,,,,,,,,,,1860.7654,1866.43,,,,10,1866.4308,1868.2967,,,"[""right"",""right"",""right"",""right"",""space""]","[0.8958000001907749,1.0635000000002037,1.2294000000956657,1.38799999999992,1.7583000001909568]","[null,null,null,null,null]",9,1868.2991,1884.0294,space,15.6266,,30,Celebrities_Faces/030_rating.jpg,Tom Cruise,0,Tom Cruise,0,TRUE,TRUE,32,0,42,42,29,1,30,Celebrities_Faces/030_rating.jpg,Tom Cruise,Lionel Messi,Chris Evans,Bruce Willis,Tom Cruise,,,,,,,,,,,,,,,,,,,,,,,,,,,,,,,,,,,,,,,,,,,,,,,,,,,,,,,,,,,,,,,,,,,
,,,,,6971fc9a64f35b0ea162d3d6,2026-01-22_05h39.45.585,WP1_3,2025.2.3,Win32,30.03003003,6706af217ea3142dd07d1e83,695fcc08e6593b9a696132f7,,,,,,,,,,,,,,,,,,,,,,,,,,,,,,,,,,,,,,,,,1884.03,1901.7292,,,,4,1901.7296,1904.4127,,,"[""right"",""space""]","[1.60809999990488,2.5280000000002474]","[null,null]",6,1904.4149,1911.1631,space,6.5955,,37,Celebrities_Faces/037_rating.jpg,Natalie Portman,1,Natalie Portman,1,TRUE,FALSE,32,0,43,43,36,1,37,Celebrities_Faces/037_rating.jpg,Lady Gaga,Natalie Portman,Hillary Clinton,Michelle Obama,Natalie Portman,,,,,,,,,,,,,,,,,,,,,,,,,,,,,,,,,,,,,,,,,,,,,,,,,,,,,,,,,,,,,,,,,,,
,,,,,6971fc9a64f35b0ea162d3d6,2026-01-22_05h39.45.585,WP1_3,2025.2.3,Win32,30.03003003,6706af217ea3142dd07d1e83,695fcc08e6593b9a696132f7,,,,,,,,,,,,,,,,,,,,,,,,,,,,,,,,,,,,,,,,,1911.1649,1927.3457,,,,0,1927.3465,1930.8787,,,"[""left"",""left"",""space""]","[2.5221000001429275,2.8483000001906476,3.3867000000477674]","[null,null,null]",3,1930.8799,1967.6288,space,36.6041,,33,Celebrities_Faces/033_rating.jpg,Simone Biles,1,Simone Biles,1,TRUE,FALSE,32,0,44,44,32,1,33,Celebrities_Faces/033_rating.jpg,Greta Thunberg,Simone Biles,Lindsay Lohan,Anya Taylor-Joy,Simone Biles,,,,,,,,,,,,,,,,,,,,,,,,,,,,,,,,,,,,,,,,,,,,,,,,,,,,,,,,,,,,,,,,,,,
,,,,,6971fc9a64f35b0ea162d3d6,2026-01-22_05h39.45.585,WP1_3,2025.2.3,Win32,30.03003003,6706af217ea3142dd07d1e83,695fcc08e6593b9a696132f7,,,,,,,,,,,,,,,,,,,,,,,,,,,,,,,,,,,,,,,,,1967.6303,1983.8115,,,,8,1983.8123,1985.878,,,"[""right"",""right"",""right"",""space""]","[0.9167999999522181,1.2354999999997744,1.5142999999520725,2.010299999952167]","[null,null,null,null]",8,1985.8797,1992.0949,space,6.1664,,43,Celebrities_Faces/043_rating.jpg,Maria Sharapova,3,Maria Sharapova,3,TRUE,TRUE,33,0,45,45,42,1,43,Celebrities_Faces/043_rating.jpg,Michelle Obama,Taylor Swift,Greta Thunberg,Maria Sharapova,Maria Sharapova,,,,,,,,,,,,,,,,,,,,,,,,,,,,,,,,,,,,,,,,,,,,,,,,,,,,,,,,,,,,,,,,,,,
,,,,,6971fc9a64f35b0ea162d3d6,2026-01-22_05h39.45.585,WP1_3,2025.2.3,Win32,30.03003003,6706af217ea3142dd07d1e83,695fcc08e6593b9a696132f7,,,,,,,,,,,,,,,,,,,,,,,,,,,,,,,,,,,,,,,,,1992.0961,1995.7617,,,,8,1995.7626,1998.6116,,,"[""right"",""right"",""right"",""space""]","[1.2812999999523527,2.045700000047418,2.288200000047709,2.810299999952349]","[null,null,null,null]",8,1998.6133,2022.9777,space,24.3242,,31,Celebrities_Faces/031_rating.jpg,Sandra Bullock,3,Sandra Bullock,3,TRUE,TRUE,34,0,46,46,30,1,31,Celebrities_Faces/031_rating.jpg,Michelle Obama,Emma Watson,Halle Berry,Sandra Bullock,Sandra Bullock,,,,,,,,,,,,,,,,,,,,,,,,,,,,,,,,,,,,,,,,,,,,,,,,,,,,,,,,,,,,,,,,,,,
,,,,,6971fc9a64f35b0ea162d3d6,2026-01-22_05h39.45.585,WP1_3,2025.2.3,Win32,30.03003003,6706af217ea3142dd07d1e83,695fcc08e6593b9a696132f7,,,,,,,,,,,,,,,,,,,,,,,,,,,,,,,,,,,,,,,,,2022.9791,2029.7439,,,,10,2029.7444,2031.8438,,,"[""right"",""space""]","[0.7850999999045598,2.0687999999522617]","[null,null]",10,2031.8452,2034.4441,space,2.5522,,6,Celebrities_Faces/006_rating.jpg,Arnold Schwarzeneger,0,Arnold Schwarzeneger,0,TRUE,TRUE,35,0,47,47,5,1,6,Celebrities_Faces/006_rating.jpg,Arnold Schwarzeneger,Dwayne Johnson,Tom Cruise,Ryan Reynolds,Arnold Schwarzeneger,,,,,,,,,,,,,,,,,,,,,,,,,,,,,,,,,,,,,,,,,,,,,,,,,,,,,,,,,,,,,,,,,,,
,,,,,6971fc9a64f35b0ea162d3d6,2026-01-22_05h39.45.585,WP1_3,2025.2.3,Win32,30.03003003,6706af217ea3142dd07d1e83,695fcc08e6593b9a696132f7,,,,,,,,,,,,,,,,,,,,,,,,,,,,,,,,,,,,,,,,,2034.4451,2050.9439,,,,10,2050.9447,2053.8108,,,"[""right"",""right"",""right"",""right"",""right"",""space""]","[0.47990000009531286,0.8795000000000073,1.1697999999523745,1.4532999999523781,1.9964000000954911,2.8127999999524036]","[null,null,null,null,null,null]",10,2053.8132,2083.2267,space,29.3648,,27,Celebrities_Faces/027_rating.jpg,Keanu Reeves,0,Keanu Reeves,0,TRUE,TRUE,36,0,48,48,26,1,27,Celebrities_Faces/027_rating.jpg,Keanu Reeves,Dwayne Johnson,Bradley Cooper,Daniel Radcliffe,Keanu Reeves,,,,,,,,,,,,,,,,,,,,,,,,,,,,,,,,,,,,,,,,,,,,,,,,,,,,,,,,,,,,,,,,,,,
,,,,,6971fc9a64f35b0ea162d3d6,2026-01-22_05h39.45.585,WP1_3,2025.2.3,Win32,30.03003003,6706af217ea3142dd07d1e83,695fcc08e6593b9a696132f7,,,,,,,,,,,,,,,,,,,,,,,,,,,,,,,,,,,,,,,,,2083.2276,2089.91,,,,7,2089.9113,2096.7806,,,"[""right"",""right"",""space""]","[4.777800000190382,5.127800000190746,6.809400000095138]","[null,null,null]",7,2096.7818,2104.8433,space,7.9998,,59,Celebrities_Faces/059_rating.jpg,Michelle Obama,0,Michelle Obama,0,TRUE,TRUE,37,0,49,49,58,1,59,Celebrities_Faces/059_rating.jpg,Michelle Obama,Emma Watson,Millie Bobby Brown,Margot Robbie,Michelle Obama,,,,,,,,,,,,,,,,,,,,,,,,,,,,,,,,,,,,,,,,,,,,,,,,,,,,,,,,,,,,,,,,,,,
,,,,,6971fc9a64f35b0ea162d3d6,2026-01-22_05h39.45.585,WP1_3,2025.2.3,Win32,30.03003003,6706af217ea3142dd07d1e83,695fcc08e6593b9a696132f7,,,,,,,,,,,,,,,,,,,,,,,,,,,,,,,,,,,,,,,,,2104.8451,2119.41,,,,8,2119.4109,2124.1596,,,"[""right"",""right"",""right"",""space""]","[3.2445000000002437,3.4622999999523927,3.6583999998570107,4.695799999952669]","[null,null,null,null]",8,2124.1622,2130.1762,space,5.9481,,55,Celebrities_Faces/055_rating.jpg,Charlize Theron,3,Charlize Theron,3,TRUE,TRUE,38,0,50,50,54,1,55,Celebrities_Faces/055_rating.jpg,Natalie Portman,Margot Robbie,Angelina Jolie,Charlize Theron,Charlize Theron,,,,,,,,,,,,,,,,,,,,,,,,,,,,,,,,,,,,,,,,,,,,,,,,,,,,,,,,,,,,,,,,,,,
,,,,,6971fc9a64f35b0ea162d3d6,2026-01-22_05h39.45.585,WP1_3,2025.2.3,Win32,30.03003003,6706af217ea3142dd07d1e83,695fcc08e6593b9a696132f7,,,,,,,,,,,,,,,,,,,,,,,,,,,,,,,,,,,,,,,,,2130.1775,2135.4262,,,,8,2135.4272,2137.8928,,,"[""right"",""right"",""right"",""right"",""right"",""space""]","[0.6304000000955057,1.0932000000475455,1.347799999952258,1.572400000095513,1.8060999999047453,2.391900000095575]","[null,null,null,null,null,null]",10,2137.894,2144.7928,space,6.8248,,28,Celebrities_Faces/028_rating.jpg,Dwayne Johnson,0,Dwayne Johnson,0,TRUE,TRUE,39,0,51,51,27,1,28,Celebrities_Faces/028_rating.jpg,Dwayne Johnson,Ryan Reynolds,Bradley Cooper,Lionel Messi,Dwayne Johnson,,,,,,,,,,,,,,,,,,,,,,,,,,,,,,,,,,,,,,,,,,,,,,,,,,,,,,,,,,,,,,,,,,,
,,,,,6971fc9a64f35b0ea162d3d6,2026-01-22_05h39.45.585,WP1_3,2025.2.3,Win32,30.03003003,6706af217ea3142dd07d1e83,695fcc08e6593b9a696132f7,,,,,,,,,,,,,,,,,,,,,,,,,,,,,,,,,,,,,,,,,2144.7944,2162.8924,,,,9,2162.8928,2165.3258,,,"[""right"",""right"",""right"",""space""]","[1.0888000001909859,1.338200000047891,1.5862000000479384,2.39260000014292]","[null,null,null,null]",8,2165.3277,2175.6252,space,10.253,,21,Celebrities_Faces/021_rating.jpg,Henri Canvill,0,Henri Canvill,0,TRUE,TRUE,40,0,52,52,20,1,21,Celebrities_Faces/021_rating.jpg,Henri Canvill,George Clooney,Bradley Cooper,Tom Holland,Henri Canvill,,,,,,,,,,,,,,,,,,,,,,,,,,,,,,,,,,,,,,,,,,,,,,,,,,,,,,,,,,,,,,,,,,,
,,,,,6971fc9a64f35b0ea162d3d6,2026-01-22_05h39.45.585,WP1_3,2025.2.3,Win32,30.03003003,6706af217ea3142dd07d1e83,695fcc08e6593b9a696132f7,,,,,,,,,,,,,,,,,,,,,,,,,,,,,,,,,,,,,,,,,2175.626,2207.792,,,,9,2207.7932,2260.108,,,"[""right"",""right"",""right"",""space""]","[1.7435999999047453,51.38239999985717,51.57069999980922,52.201699999809534]","[null,null,null,null]",8,2260.1109,2266.9245,space,6.6804,,9,Celebrities_Faces/009_rating.jpg,Bradley Cooper,2,Bradley Cooper,2,TRUE,TRUE,41,0,53,53,8,1,9,Celebrities_Faces/009_rating.jpg,Chris Hemsworth,Tom Cruise,Bradley Cooper,Lebron James,Bradley Cooper,,,,,,,,,,,,,,,,,,,,,,,,,,,,,,,,,,,,,,,,,,,,,,,,,,,,,,,,,,,,,,,,,,,
,,,,,6971fc9a64f35b0ea162d3d6,2026-01-22_05h39.45.585,WP1_3,2025.2.3,Win32,30.03003003,6706af217ea3142dd07d1e83,695fcc08e6593b9a696132f7,,,,,,,,,,,,,,,,,,,,,,,,,,,,,,,,,,,,,,,,,2266.9259,2282.7574,,,,9,2282.7585,2284.9442,,,"[""right"",""right"",""right"",""space""]","[1.0984000000953529,1.594700000047851,1.7663000001907676,2.1398000001909168]","[null,null,null,null]",8,2284.9468,2290.1744,space,5.1883,,39,Celebrities_Faces/039_rating.jpg,Scarlett Johansson,1,Scarlett Johansson,1,TRUE,TRUE,42,0,54,54,38,1,39,Celebrities_Faces/039_rating.jpg,Simone Biles,Scarlett Johansson,Gal Gadot,Hillary Clinton,Scarlett Johansson,,,,,,,,,,,,,,,,,,,,,,,,,,,,,,,,,,,,,,,,,,,,,,,,,,,,,,,,,,,,,,,,,,,
,,,,,6971fc9a64f35b0ea162d3d6,2026-01-22_05h39.45.585,WP1_3,2025.2.3,Win32,30.03003003,6706af217ea3142dd07d1e83,695fcc08e6593b9a696132f7,,,,,,,,,,,,,,,,,,,,,,,,,,,,,,,,,,,,,,,,,2290.1757,2308.0239,,,,8,2308.025,2310.7239,,,"[""right"",""right"",""right"",""space""]","[1.2808999998569561,1.9297000000478874,2.280799999952251,2.663700000047811]","[null,null,null,null]",8,2310.7258,2313.8405,space,3.0816,,52,Celebrities_Faces/052_rating.jpg,Emma Watson,3,Emma Watson,3,TRUE,TRUE,43,0,55,55,51,1,52,Celebrities_Faces/052_rating.jpg,Anne Hathaway,Natalie Portman,Hillary Clinton,Emma Watson,Emma Watson,,,,,,,,,,,,,,,,,,,,,,,,,,,,,,,,,,,,,,,,,,,,,,,,,,,,,,,,,,,,,,,,,,,
,,,,,6971fc9a64f35b0ea162d3d6,2026-01-22_05h39.45.585,WP1_3,2025.2.3,Win32,30.03003003,6706af217ea3142dd07d1e83,695fcc08e6593b9a696132f7,,,,,,,,,,,,,,,,,,,,,,,,,,,,,,,,,,,,,,,,,2313.8421,2345.8901,,,,9,2345.8908,2347.8564,,,"[""right"",""right"",""right"",""space""]","[0.9003999998567451,1.2420999999044398,1.4385999999044543,1.8552000000477165]","[null,null,null,null]",8,2347.8588,2358.0732,space,10.1075,,22,Celebrities_Faces/022_rating.jpg,Lebron James,3,Lebron James,3,TRUE,TRUE,44,0,56,56,21,1,22,Celebrities_Faces/022_rating.jpg,George W.Bush,Lionel Messi,Leonardo Di Caprio,Lebron James,Lebron James,,,,,,,,,,,,,,,,,,,,,,,,,,,,,,,,,,,,,,,,,,,,,,,,,,,,,,,,,,,,,,,,,,,
,,,,,6971fc9a64f35b0ea162d3d6,2026-01-22_05h39.45.585,WP1_3,2025.2.3,Win32,30.03003003,6706af217ea3142dd07d1e83,695fcc08e6593b9a696132f7,,,,,,,,,,,,,,,,,,,,,,,,,,,,,,,,,,,,,,,,,2358.0747,2389.6057,,,,8,2389.6064,2398.3059,,,"[""right"",""right"",""right"",""space""]","[7.70770000004768,7.976799999952618,8.195100000143157,8.665200000048117]","[null,null,null,null]",8,2398.3091,2404.2556,space,5.9126,,23,Celebrities_Faces/023_rating.jpg,Ryan Gosling,2,Ryan Gosling,2,TRUE,TRUE,45,0,57,57,22,1,23,Celebrities_Faces/023_rating.jpg,Brad Pitt,Cristiano Ronaldo,Ryan Gosling,Tom Holland,Ryan Gosling,,,,,,,,,,,,,,,,,,,,,,,,,,,,,,,,,,,,,,,,,,,,,,,,,,,,,,,,,,,,,,,,,,,
,,,,,6971fc9a64f35b0ea162d3d6,2026-01-22_05h39.45.585,WP1_3,2025.2.3,Win32,30.03003003,6706af217ea3142dd07d1e83,695fcc08e6593b9a696132f7,,,,,,,,,,,,,,,,,,,,,,,,,,,,,,,,,,,,,,,,,2404.257,2411.1555,,,,10,2411.156,2413.8555,,,"[""right"",""space""]","[0.9415999999046107,2.5507999999522326]","[null,null]",10,2413.8572,2417.5724,space,3.571,,5,Celebrities_Faces/005_rating.jpg,Lionel Messi,0,Lionel Messi,0,TRUE,TRUE,46,0,58,58,4,1,5,Celebrities_Faces/005_rating.jpg,Lionel Messi,Matt Damon,Cristiano Ronaldo,Lebron James,Lionel Messi,,,,,,,,,,,,,,,,,,,,,,,,,,,,,,,,,,,,,,,,,,,,,,,,,,,,,,,,,,,,,,,,,,,
,,,,,6971fc9a64f35b0ea162d3d6,2026-01-22_05h39.45.585,WP1_3,2025.2.3,Win32,30.03003003,6706af217ea3142dd07d1e83,695fcc08e6593b9a696132f7,,,,,,,,,,,,,,,,,,,,,,,,,,,,,,,,,,,,,,,,,2417.5737,2433.605,,,,7,2433.6054,2436.3549,,,"[""right"",""right"",""right"",""space""]","[0.9507000000476182,1.2158999998569016,1.4327999999522945,2.581899999856887]","[null,null,null,null]",8,2436.3563,2438.5215,space,2.0095,,18,Celebrities_Faces/018_rating.jpg,Chris Hemsworth,0,Chris Hemsworth,0,TRUE,TRUE,47,0,59,59,17,1,18,Celebrities_Faces/018_rating.jpg,Chris Hemsworth,Leonardo Di Caprio,Nicolas Cage,Tom Cruise,Chris Hemsworth,,,,,,,,,,,,,,,,,,,,,,,,,,,,,,,,,,,,,,,,,,,,,,,,,,,,,,,,,,,,,,,,,,,
,,,,,6971fc9a64f35b0ea162d3d6,2026-01-22_05h39.45.585,WP1_3,2025.2.3,Win32,30.03003003,6706af217ea3142dd07d1e83,695fcc08e6593b9a696132f7,,,,,,,,,,,,,,,,,,,,,,,,,,,,,,,,,,,,,,,,,,,,,,,,,,,,,,,,,,,,,,,,,,,,,,,,,,,,,,,,,top_30_qualified_by_familiarity,30,"30,6,27,5,40,57,44,16,21,9,39,22,24,60,2,38,7,15,20,1,45,3,49,41,56,17,32,25,12,50",2438.5228,2458.5222,,,,,,,,,,,,,,,,,,,,,,,,,,,,,,,,,,,,,,,,,,,,,,,,,,,,,,,,,,,,,,
,,,,,6971fc9a64f35b0ea162d3d6,2026-01-22_05h39.45.585,WP1_3,2025.2.3,Win32,30.03003003,6706af217ea3142dd07d1e83,695fcc08e6593b9a696132f7,,,,,,,,,,,,,,,,,,,,,,,,,,,,,,,,,,,,,,,,,,,,,,,,,,,,,,,,,,,,,,,,,,,,,,,,,,,,,,,,,,,,,,2458.5252,2458.5256,,,,,,,,,,,,,,,,,,,,,,,,,,,,,,,,,,,,,,,,,,,,,,,,,,,,,,,,,,,,
,,,,,6971fc9a64f35b0ea162d3d6,2026-01-22_05h39.45.585,WP1_3,2025.2.3,Win32,30.03003003,6706af217ea3142dd07d1e83,695fcc08e6593b9a696132f7,,,,,,,,,,,,,,,,,,,,,,,,,,,,,,,,,,,,,,,,,,,,,,,,,,,,,,,,,,,,,,,,,,,,,,,,,,,,,,,,,,,,,,,,2458.5258,2488.0221,space,29.4818,,,,,,,,,,,,,,,,,,,,,,,,,,,,,,,,,,,,,,,,,,,,,,,,,,,,,,,,
,,,,,6971fc9a64f35b0ea162d3d6,2026-01-22_05h39.45.585,WP1_3,2025.2.3,Win32,30.03003003,6706af217ea3142dd07d1e83,695fcc08e6593b9a696132f7,,,,,,,,,,,,,,,,,,,,,,,,,,,,,,,,,,,,,,,,,,,,,,,,,,,,,,,,,,,,,,,,,,,,,,,,,,,,,,,,,,,,,,,,,,,,,2488.0223,2499.5047,space,11.4595,,,,,,,,,,,,,,,,,,,,,,,,,,,,,,,,,,,,,,,,,,,,,,,,,,,
,,,,,6971fc9a64f35b0ea162d3d6,2026-01-22_05h39.45.585,WP1_3,2025.2.3,Win32,30.03003003,6706af217ea3142dd07d1e83,695fcc08e6593b9a696132f7,,,,,,,,,,,,,,,,,,,,,,,,,,,,,,,,,,,,,,,,,,,,,,,,,,,,,,,,,,,,22,,,,,,,,,,,,,,,,,,,,,,,,,,,,,,,,,,,,,,2.36519992,2499.5085,2501.8715,2501.8733,2502.8879,p,0.9532,,TRUE,1,FALSE,,FALSE,,0,0,0,0,1,,,,,,,,,,,,,,,,,,,,,,,,,,,,,,,
,,,,,6971fc9a64f35b0ea162d3d6,2026-01-22_05h39.45.585,WP1_3,2025.2.3,Win32,30.03003003,6706af217ea3142dd07d1e83,695fcc08e6593b9a696132f7,,,,,,,,,,,,,,,,,,,,,,,,,,,,,,,,,,,,,,,,,,,,,,,,,,,,,,,,,,,,78,,,,,,,,,,,,,,,,,,,,,,,,,,,,,,,,,,,,,,2.125333234,2502.8885,2505.004,2505.0046,2505.9045,p,0.8478,,TRUE,2,FALSE,,FALSE,,1,0,1,0,1,,,,,,,,,,,,,,,,,,,,,,,,,,,,,,,
,,,,,6971fc9a64f35b0ea162d3d6,2026-01-22_05h39.45.585,WP1_3,2025.2.3,Win32,30.03003003,6706af217ea3142dd07d1e83,695fcc08e6593b9a696132f7,,,,,,,,,,,,,,,,,,,,,,,,,,,,,,,,,,,,,,,,,,,,,,,,,,,,,,,,,,,,43,,,,,,,,,,,,,,,,,,,,,,,,,,,,,,,,,,,,,,1.712125336,2505.9049,2507.6209,2507.6218,2508.4373,q,0.7544,,TRUE,3,TRUE,,FALSE,,2,0,2,0,1,,,,,,,,,,,,,,,,,,,,,,,,,,,,,,,
,,,,,6971fc9a64f35b0ea162d3d6,2026-01-22_05h39.45.585,WP1_3,2025.2.3,Win32,30.03003003,6706af217ea3142dd07d1e83,695fcc08e6593b9a696132f7,,,,,,,,,,,,,,,,,,,,,,,,,,,,,,,,,,,,,,,,,,,,,,,,,,,,,,,,,,,,89,,,,,,,,,,,,,,,,,,,,,,,,,,,,,,,,,,,,,,1.829490871,2508.4376,2510.2711,2510.272,2511.0709,p,0.7505,,TRUE,4,FALSE,,FALSE,,3,0,3,0,1,,,,,,,,,,,,,,,,,,,,,,,,,,,,,,,
,,,,,6971fc9a64f35b0ea162d3d6,2026-01-22_05h39.45.585,WP1_3,2025.2.3,Win32,30.03003003,6706af217ea3142dd07d1e83,695fcc08e6593b9a696132f7,,,,,,,,,,,,,,,,,,,,,,,,,,,,,,,,,,,,,,,,,,,,,,,,,,,,,,,,,,,,17,,,,,,,,,,,,,,,,,,,,,,,,,,,,,,,,,,,,,,1.583619293,2511.0713,2512.6541,2512.6551,2513.6875,p,0.9742,,TRUE,5,FALSE,,FALSE,,4,0,4,0,1,,,,,,,,,,,,,,,,,,,,,,,,,,,,,,,
,,,,,6971fc9a64f35b0ea162d3d6,2026-01-22_05h39.45.585,WP1_3,2025.2.3,Win32,30.03003003,6706af217ea3142dd07d1e83,695fcc08e6593b9a696132f7,,,,,,,,,,,,,,,,,,,,,,,,,,,,,,,,,,,,,,,,,,,,,,,,,,,,,,,,,,,,,,,,,,,,,,,,,,,,,,,,,,,,,,,,,,,,,,,,,,,,,,,,,,,,,,,,,,,,,2513.6879,2525.9206,space,12.2184,,,,,,,,,,,,,,,,,,,,,,,,,,,
,,,,,6971fc9a64f35b0ea162d3d6,2026-01-22_05h39.45.585,WP1_3,2025.2.3,Win32,30.03003003,6706af217ea3142dd07d1e83,695fcc08e6593b9a696132f7,,,,,,,,,,,,,,,,,,,,,,,,,,,,,,,,,,,,,,,,,,,,,,,,,,,,,,,,,,,,60,Celebrities_Faces/060_03_greyscale_250.png,,,,,,,,,,,,,,,,,,,,,,,,,,,,,,,,,,,,,1.801672941,2525.923,2527.7209,,,,,,,,TRUE,,FALSE,,,,,,,,,,,,2527.7225,2528.7546,p,0.9693,,1,14,1,1,3,familiar,,,FALSE,2528.7552,2528.7566,2528.7568,2528.7583,,0,0,0,0,1,,
,,,,,6971fc9a64f35b0ea162d3d6,2026-01-22_05h39.45.585,WP1_3,2025.2.3,Win32,30.03003003,6706af217ea3142dd07d1e83,695fcc08e6593b9a696132f7,,,,,,,,,,,,,,,,,,,,,,,,,,,,,,,,,,,,,,,,,,,,,,,,,,,,,,,,,,,,29,stim_fam/029_rgray_250.png,,,,,,,,,,,,,,,,,,,,,,,,,,,,,,,,,,,,,1.661129647,2528.7587,2530.4208,,,,,,,,FALSE,,FALSE,,,,,,,,,,,,2530.4218,2531.2873,q,0.8029,,2,51,1,1,250,novel,,,FALSE,2531.2876,2531.2876,2531.2876,2531.2878,,1,0,1,0,1,,
,,,,,6971fc9a64f35b0ea162d3d6,2026-01-22_05h39.45.585,WP1_3,2025.2.3,Win32,30.03003003,6706af217ea3142dd07d1e83,695fcc08e6593b9a696132f7,,,,,,,,,,,,,,,,,,,,,,,,,,,,,,,,,,,,,,,,,,,,,,,,,,,,,,,,,,,,45,Celebrities_Faces/045_01_greyscale_250.png,,,,,,,,,,,,,,,,,,,,,,,,,,,,,,,,,,,,,1.607212603,2531.2881,2532.8871,,,,,,,,TRUE,,FALSE,,,,,,,,,,,,2532.8876,2533.5208,q,0.581,,3,21,1,1,1,familiar,,,FALSE,2533.521,2533.521,2533.5211,2533.5212,,2,0,2,0,1,,
,,,,,6971fc9a64f35b0ea162d3d6,2026-01-22_05h39.45.585,WP1_3,2025.2.3,Win32,30.03003003,6706af217ea3142dd07d1e83,695fcc08e6593b9a696132f7,,,,,,,,,,,,,,,,,,,,,,,,,,,,,,,,,,,,,,,,,,,,,,,,,,,,,,,,,,,,92,stim_fam/092_rgray_250.png,,,,,,,,,,,,,,,,,,,,,,,,,,,,,,,,,,,,,2.212823453,2533.5216,2535.7371,,,,,,,,FALSE,,TRUE,,,,,,,,,,,,2535.7378,2536.8542,,,,4,33,1,1,250,novel,,,FALSE,2536.8547,2537.8538,2537.8538,2537.854,,3,0,3,0,1,,
,,,,,6971fc9a64f35b0ea162d3d6,2026-01-22_05h39.45.585,WP1_3,2025.2.3,Win32,30.03003003,6706af217ea3142dd07d1e83,695fcc08e6593b9a696132f7,,,,,,,,,,,,,,,,,,,,,,,,,,,,,,,,,,,,,,,,,,,,,,,,,,,,,,,,,,,,53,stim_fam/053_rgray_250.png,,,,,,,,,,,,,,,,,,,,,,,,,,,,,,,,,,,,,1.960100275,2537.8543,2539.8035,,,,,,,,FALSE,,TRUE,,,,,,,,,,,,2539.8041,2540.9204,p,1.0594,,5,37,1,1,250,novel,,,FALSE,2540.9208,2541.9206,2541.9207,2541.921,,4,0,4,0,1,,
,,,,,6971fc9a64f35b0ea162d3d6,2026-01-22_05h39.45.585,WP1_3,2025.2.3,Win32,30.03003003,6706af217ea3142dd07d1e83,695fcc08e6593b9a696132f7,,,,,,,,,,,,,,,,,,,,,,,,,,,,,,,,,,,,,,,,,,,,,,,,,,,,,,,,,,,,60,stim_fam/060_rgray_250.png,,,,,,,,,,,,,,,,,,,,,,,,,,,,,,,,,,,,,2.20776027,2541.9215,2544.1206,,,,,,,,FALSE,,FALSE,,,,,,,,,,,,2544.1214,2544.6202,p,0.4359,,6,35,1,1,250,novel,,,FALSE,2544.6203,2544.6203,2544.6203,2544.6205,,5,0,5,0,1,,
,,,,,6971fc9a64f35b0ea162d3d6,2026-01-22_05h39.45.585,WP1_3,2025.2.3,Win32,30.03003003,6706af217ea3142dd07d1e83,695fcc08e6593b9a696132f7,,,,,,,,,,,,,,,,,,,,,,,,,,,,,,,,,,,,,,,,,,,,,,,,,,,,,,,,,,,,101,stim_fam/101_rgray_250.png,,,,,,,,,,,,,,,,,,,,,,,,,,,,,,,,,,,,,2.274532679,2544.6206,2546.8871,,,,,,,,FALSE,,FALSE,,,,,,,,,,,,2546.8883,2547.454,q,0.5063,,7,45,1,1,250,novel,,,FALSE,2547.4543,2547.4544,2547.4545,2547.4546,,6,0,6,0,1,,
,,,,,6971fc9a64f35b0ea162d3d6,2026-01-22_05h39.45.585,WP1_3,2025.2.3,Win32,30.03003003,6706af217ea3142dd07d1e83,695fcc08e6593b9a696132f7,,,,,,,,,,,,,,,,,,,,,,,,,,,,,,,,,,,,,,,,,,,,,,,,,,,,,,,,,,,,38,Celebrities_Faces/038_03_greyscale_250.png,,,,,,,,,,,,,,,,,,,,,,,,,,,,,,,,,,,,,1.814041512,2547.455,2549.2576,,,,,,,,TRUE,,FALSE,,,,,,,,,,,,2549.2582,2549.7705,q,0.4589,,8,16,1,1,3,familiar,,,FALSE,2549.7708,2549.7709,2549.771,2549.7711,,7,0,7,0,1,,
,,,,,6971fc9a64f35b0ea162d3d6,2026-01-22_05h39.45.585,WP1_3,2025.2.3,Win32,30.03003003,6706af217ea3142dd07d1e83,695fcc08e6593b9a696132f7,,,,,,,,,,,,,,,,,,,,,,,,,,,,,,,,,,,,,,,,,,,,,,,,,,,,,,,,,,,,5,Celebrities_Faces/005_03_greyscale_250.png,,,,,,,,,,,,,,,,,,,,,,,,,,,,,,,,,,,,,2.014850984,2549.7715,2551.7869,,,,,,,,TRUE,,FALSE,,,,,,,,,,,,2551.7878,2552.4872,q,0.648,,9,4,1,1,3,familiar,,,FALSE,2552.4875,2552.4876,2552.4876,2552.4877,,8,0,8,0,1,,
,,,,,6971fc9a64f35b0ea162d3d6,2026-01-22_05h39.45.585,WP1_3,2025.2.3,Win32,30.03003003,6706af217ea3142dd07d1e83,695fcc08e6593b9a696132f7,,,,,,,,,,,,,,,,,,,,,,,,,,,,,,,,,,,,,,,,,,,,,,,,,,,,,,,,,,,,40,Celebrities_Faces/040_02_greyscale_250.png,,,,,,,,,,,,,,,,,,,,,,,,,,,,,,,,,,,,,1.979764302,2552.488,2554.4574,,,,,,,,TRUE,,FALSE,,,,,,,,,,,,2554.458,2555.1534,q,0.6475,,10,5,1,1,2,familiar,,,FALSE,2555.1536,2555.1537,2555.1537,2555.1538,,9,0,9,0,1,,
,,,,,6971fc9a64f35b0ea162d3d6,2026-01-22_05h39.45.585,WP1_3,2025.2.3,Win32,30.03003003,6706af217ea3142dd07d1e83,695fcc08e6593b9a696132f7,,,,,,,,,,,,,,,,,,,,,,,,,,,,,,,,,,,,,,,,,,,,,,,,,,,,,,,,,,,,34,stim_fam/034_rgray_250.png,,,,,,,,,,,,,,,,,,,,,,,,,,,,,,,,,,,,,2.196248924,2555.154,2557.3535,,,,,,,,FALSE,,FALSE,,,,,,,,,,,,2557.3541,2558.087,q,0.6792,,11,38,1,1,250,novel,,,FALSE,2558.0873,2558.0874,2558.0874,2558.0875,,10,0,10,0,1,,
,,,,,6971fc9a64f35b0ea162d3d6,2026-01-22_05h39.45.585,WP1_3,2025.2.3,Win32,30.03003003,6706af217ea3142dd07d1e83,695fcc08e6593b9a696132f7,,,,,,,,,,,,,,,,,,,,,,,,,,,,,,,,,,,,,,,,,,,,,,,,,,,,,,,,,,,,64,stim_fam/064_rgray_250.png,,,,,,,,,,,,,,,,,,,,,,,,,,,,,,,,,,,,,2.4905118,2558.0879,2560.5703,,,,,,,,FALSE,,FALSE,,,,,,,,,,,,2560.5715,2561.27,p,0.6245,,12,39,1,1,250,novel,,,FALSE,2561.2702,2561.2703,2561.2703,2561.2705,,11,0,11,0,1,,
,,,,,6971fc9a64f35b0ea162d3d6,2026-01-22_05h39.45.585,WP1_3,2025.2.3,Win32,30.03003003,6706af217ea3142dd07d1e83,695fcc08e6593b9a696132f7,,,,,,,,,,,,,,,,,,,,,,,,,,,,,,,,,,,,,,,,,,,,,,,,,,,,,,,,,,,,25,Celebrities_Faces/025_02_greyscale_250.png,,,,,,,,,,,,,,,,,,,,,,,,,,,,,,,,,,,,,2.408338982,2561.2708,2563.6703,,,,,,,,TRUE,,FALSE,,,,,,,,,,,,2563.6711,2564.6036,p,0.8855,,13,28,1,1,2,familiar,,,FALSE,2564.6037,2564.6038,2564.6039,2564.604,,12,0,12,0,1,,
,,,,,6971fc9a64f35b0ea162d3d6,2026-01-22_05h39.45.585,WP1_3,2025.2.3,Win32,30.03003003,6706af217ea3142dd07d1e83,695fcc08e6593b9a696132f7,,,,,,,,,,,,,,,,,,,,,,,,,,,,,,,,,,,,,,,,,,,,,,,,,,,,,,,,,,,,5,stim_fam/005_rgray_250.png,,,,,,,,,,,,,,,,,,,,,,,,,,,,,,,,,,,,,1.505390773,2564.6043,2566.1035,,,,,,,,FALSE,,FALSE,,,,,,,,,,,,2566.1046,2566.7701,q,0.613,,14,46,1,1,250,novel,,,FALSE,2566.7703,2566.7704,2566.7704,2566.7705,,13,0,13,0,1,,
,,,,,6971fc9a64f35b0ea162d3d6,2026-01-22_05h39.45.585,WP1_3,2025.2.3,Win32,30.03003003,6706af217ea3142dd07d1e83,695fcc08e6593b9a696132f7,,,,,,,,,,,,,,,,,,,,,,,,,,,,,,,,,,,,,,,,,,,,,,,,,,,,,,,,,,,,73,stim_fam/073_rgray_250.png,,,,,,,,,,,,,,,,,,,,,,,,,,,,,,,,,,,,,1.700709206,2566.7709,2568.4701,,,,,,,,FALSE,,FALSE,,,,,,,,,,,,2568.471,2569.2536,q,0.7262,,15,50,1,1,250,novel,,,FALSE,2569.2539,2569.254,2569.254,2569.2541,,14,0,14,0,1,,
,,,,,6971fc9a64f35b0ea162d3d6,2026-01-22_05h39.45.585,WP1_3,2025.2.3,Win32,30.03003003,6706af217ea3142dd07d1e83,695fcc08e6593b9a696132f7,,,,,,,,,,,,,,,,,,,,,,,,,,,,,,,,,,,,,,,,,,,,,,,,,,,,,,,,,,,,81,stim_fam/081_rgray_250.png,,,,,,,,,,,,,,,,,,,,,,,,,,,,,,,,,,,,,1.780877287,2569.2545,2571.0369,,,,,,,,FALSE,,FALSE,,,,,,,,,,,,2571.0373,2571.8531,q,0.7565,,16,55,1,1,250,novel,,,FALSE,2571.8533,2571.8533,2571.8533,2571.8533,,15,0,15,0,1,,
,,,,,6971fc9a64f35b0ea162d3d6,2026-01-22_05h39.45.585,WP1_3,2025.2.3,Win32,30.03003003,6706af217ea3142dd07d1e83,695fcc08e6593b9a696132f7,,,,,,,,,,,,,,,,,,,,,,,,,,,,,,,,,,,,,,,,,,,,,,,,,,,,,,,,,,,,9,Celebrities_Faces/009_03_greyscale_250.png,,,,,,,,,,,,,,,,,,,,,,,,,,,,,,,,,,,,,1.962084533,2571.8536,2573.8035,,,,,,,,TRUE,,FALSE,,,,,,,,,,,,2573.8045,2574.8532,p,0.9934,,17,10,1,1,3,familiar,,,FALSE,2574.8534,2574.8534,2574.8535,2574.8535,,16,0,16,0,1,,
,,,,,6971fc9a64f35b0ea162d3d6,2026-01-22_05h39.45.585,WP1_3,2025.2.3,Win32,30.03003003,6706af217ea3142dd07d1e83,695fcc08e6593b9a696132f7,,,,,,,,,,,,,,,,,,,,,,,,,,,,,,,,,,,,,,,,,,,,,,,,,,,,,,,,,,,,49,Celebrities_Faces/049_01_greyscale_250.png,,,,,,,,,,,,,,,,,,,,,,,,,,,,,,,,,,,,,2.406453115,2574.8537,2577.2532,,,,,,,,TRUE,,FALSE,,,,,,,,,,,,2577.2537,2578.153,q,0.8514,,18,23,1,1,1,familiar,,,FALSE,2578.1532,2578.1533,2578.1533,2578.1533,,17,0,17,0,1,,
,,,,,6971fc9a64f35b0ea162d3d6,2026-01-22_05h39.45.585,WP1_3,2025.2.3,Win32,30.03003003,6706af217ea3142dd07d1e83,695fcc08e6593b9a696132f7,,,,,,,,,,,,,,,,,,,,,,,,,,,,,,,,,,,,,,,,,,,,,,,,,,,,,,,,,,,,16,Celebrities_Faces/016_03_greyscale_250.png,,,,,,,,,,,,,,,,,,,,,,,,,,,,,,,,,,,,,2.018313301,2578.1534,2580.1701,,,,,,,,TRUE,,FALSE,,,,,,,,,,,,2580.1713,2581.0537,p,0.813,,19,8,1,1,3,familiar,,,FALSE,2581.054,2581.054,2581.054,2581.0541,,18,0,18,0,1,,
,,,,,6971fc9a64f35b0ea162d3d6,2026-01-22_05h39.45.585,WP1_3,2025.2.3,Win32,30.03003003,6706af217ea3142dd07d1e83,695fcc08e6593b9a696132f7,,,,,,,,,,,,,,,,,,,,,,,,,,,,,,,,,,,,,,,,,,,,,,,,,,,,,,,,,,,,44,stim_fam/044_rgray_250.png,,,,,,,,,,,,,,,,,,,,,,,,,,,,,,,,,,,,,2.312630145,2581.0545,2583.37,,,,,,,,FALSE,,FALSE,,,,,,,,,,,,2583.371,2584.1366,q,0.7155,,20,56,1,1,250,novel,,,FALSE,2584.1368,2584.1369,2584.1369,2584.137,,19,0,19,0,1,,
,,,,,6971fc9a64f35b0ea162d3d6,2026-01-22_05h39.45.585,WP1_3,2025.2.3,Win32,30.03003003,6706af217ea3142dd07d1e83,695fcc08e6593b9a696132f7,,,,,,,,,,,,,,,,,,,,,,,,,,,,,,,,,,,,,,,,,,,,,,,,,,,,,,,,,,,,3,Celebrities_Faces/003_02_greyscale_250.png,,,,,,,,,,,,,,,,,,,,,,,,,,,,,,,,,,,,,1.644520335,2584.1373,2585.7699,,,,,,,,TRUE,,FALSE,,,,,,,,,,,,2585.7708,2586.5198,q,0.686,,21,22,1,1,2,familiar,,,FALSE,2586.5202,2586.5204,2586.5205,2586.5205,,20,0,20,0,1,,
,,,,,6971fc9a64f35b0ea162d3d6,2026-01-22_05h39.45.585,WP1_3,2025.2.3,Win32,30.03003003,6706af217ea3142dd07d1e83,695fcc08e6593b9a696132f7,,,,,,,,,,,,,,,,,,,,,,,,,,,,,,,,,,,,,,,,,,,,,,,,,,,,,,,,,,,,32,Celebrities_Faces/032_01_greyscale_250.png,,,,,,,,,,,,,,,,,,,,,,,,,,,,,,,,,,,,,1.802154389,2586.521,2588.3199,,,,,,,,TRUE,,FALSE,,,,,,,,,,,,2588.3211,2588.9701,q,0.5924,,22,27,1,1,1,familiar,,,FALSE,2588.9703,2588.9704,2588.9704,2588.9705,,21,0,21,0,1,,
,,,,,6971fc9a64f35b0ea162d3d6,2026-01-22_05h39.45.585,WP1_3,2025.2.3,Win32,30.03003003,6706af217ea3142dd07d1e83,695fcc08e6593b9a696132f7,,,,,,,,,,,,,,,,,,,,,,,,,,,,,,,,,,,,,,,,,,,,,,,,,,,,,,,,,,,,2,stim_fam/002_rgray_250.png,,,,,,,,,,,,,,,,,,,,,,,,,,,,,,,,,,,,,2.256846029,2588.9708,2591.2197,,,,,,,,FALSE,,FALSE,,,,,,,,,,,,2591.2209,2592.0527,q,0.7725,,23,34,1,1,250,novel,,,FALSE,2592.0528,2592.0528,2592.0528,2592.0528,,22,0,22,0,1,,
,,,,,6971fc9a64f35b0ea162d3d6,2026-01-22_05h39.45.585,WP1_3,2025.2.3,Win32,30.03003003,6706af217ea3142dd07d1e83,695fcc08e6593b9a696132f7,,,,,,,,,,,,,,,,,,,,,,,,,,,,,,,,,,,,,,,,,,,,,,,,,,,,,,,,,,,,6,Celebrities_Faces/006_02_greyscale_250.png,,,,,,,,,,,,,,,,,,,,,,,,,,,,,,,,,,,,,2.088679326,2592.0531,2594.1365,,,,,,,,TRUE,,FALSE,,,,,,,,,,,,2594.1375,2595.1034,q,0.9165,,24,2,1,1,2,familiar,,,FALSE,2595.1036,2595.1037,2595.1038,2595.1038,,23,0,23,0,1,,
,,,,,6971fc9a64f35b0ea162d3d6,2026-01-22_05h39.45.585,WP1_3,2025.2.3,Win32,30.03003003,6706af217ea3142dd07d1e83,695fcc08e6593b9a696132f7,,,,,,,,,,,,,,,,,,,,,,,,,,,,,,,,,,,,,,,,,,,,,,,,,,,,,,,,,,,,44,Celebrities_Faces/044_01_greyscale_250.png,,,,,,,,,,,,,,,,,,,,,,,,,,,,,,,,,,,,,1.538729712,2595.1043,2596.6364,,,,,,,,TRUE,,FALSE,,,,,,,,,,,,2596.6373,2597.3864,q,0.7015,,25,7,1,1,1,familiar,,,FALSE,2597.3867,2597.3867,2597.3868,2597.3869,,24,0,24,0,1,,
,,,,,6971fc9a64f35b0ea162d3d6,2026-01-22_05h39.45.585,WP1_3,2025.2.3,Win32,30.03003003,6706af217ea3142dd07d1e83,695fcc08e6593b9a696132f7,,,,,,,,,,,,,,,,,,,,,,,,,,,,,,,,,,,,,,,,,,,,,,,,,,,,,,,,,,,,67,stim_fam/067_rgray_250.png,,,,,,,,,,,,,,,,,,,,,,,,,,,,,,,,,,,,,2.435258918,2597.3873,2599.8196,,,,,,,,FALSE,,FALSE,,,,,,,,,,,,2599.8208,2600.62,p,0.7405,,26,53,1,1,250,novel,,,FALSE,2600.6203,2600.6203,2600.6203,2600.6205,,25,0,25,0,1,,
,,,,,6971fc9a64f35b0ea162d3d6,2026-01-22_05h39.45.585,WP1_3,2025.2.3,Win32,30.03003003,6706af217ea3142dd07d1e83,695fcc08e6593b9a696132f7,,,,,,,,,,,,,,,,,,,,,,,,,,,,,,,,,,,,,,,,,,,,,,,,,,,,,,,,,,,,41,Celebrities_Faces/041_03_greyscale_250.png,,,,,,,,,,,,,,,,,,,,,,,,,,,,,,,,,,,,,1.614256142,2600.6208,2602.2364,,,,,,,,TRUE,,FALSE,,,,,,,,,,,,2602.2369,2603.1529,q,0.8682,,27,24,1,1,3,familiar,,,FALSE,2603.1532,2603.1532,2603.1532,2603.1533,,26,0,26,0,1,,
,,,,,6971fc9a64f35b0ea162d3d6,2026-01-22_05h39.45.585,WP1_3,2025.2.3,Win32,30.03003003,6706af217ea3142dd07d1e83,695fcc08e6593b9a696132f7,,,,,,,,,,,,,,,,,,,,,,,,,,,,,,,,,,,,,,,,,,,,,,,,,,,,,,,,,,,,17,Celebrities_Faces/017_02_greyscale_250.png,,,,,,,,,,,,,,,,,,,,,,,,,,,,,,,,,,,,,1.976778452,2603.1537,2605.1195,,,,,,,,TRUE,,FALSE,,,,,,,,,,,,2605.1202,2606.0529,p,0.8791,,28,26,1,1,2,familiar,,,FALSE,2606.053,2606.053,2606.053,2606.0531,,27,0,27,0,1,,
,,,,,6971fc9a64f35b0ea162d3d6,2026-01-22_05h39.45.585,WP1_3,2025.2.3,Win32,30.03003003,6706af217ea3142dd07d1e83,695fcc08e6593b9a696132f7,,,,,,,,,,,,,,,,,,,,,,,,,,,,,,,,,,,,,,,,,,,,,,,,,,,,,,,,,,,,2,Celebrities_Faces/002_01_greyscale_250.png,,,,,,,,,,,,,,,,,,,,,,,,,,,,,,,,,,,,,1.92620409,2606.0534,2607.9696,,,,,,,,TRUE,,TRUE,,,,,,,,,,,,2607.9708,2609.0863,,,,29,15,1,1,1,familiar,,,FALSE,2609.0867,2610.0861,2610.0862,2610.0862,,28,0,28,0,1,,
,,,,,6971fc9a64f35b0ea162d3d6,2026-01-22_05h39.45.585,WP1_3,2025.2.3,Win32,30.03003003,6706af217ea3142dd07d1e83,695fcc08e6593b9a696132f7,,,,,,,,,,,,,,,,,,,,,,,,,,,,,,,,,,,,,,,,,,,,,,,,,,,,,,,,,,,,50,Celebrities_Faces/050_03_greyscale_250.png,,,,,,,,,,,,,,,,,,,,,,,,,,,,,,,,,,,,,2.242368062,2610.0868,2612.3195,,,,,,,,TRUE,,FALSE,,,,,,,,,,,,2612.3205,2613.1028,q,0.7238,,30,30,1,1,3,familiar,,,FALSE,2613.103,2613.103,2613.103,2613.1032,,29,0,29,0,1,,
,,,,,6971fc9a64f35b0ea162d3d6,2026-01-22_05h39.45.585,WP1_3,2025.2.3,Win32,30.03003003,6706af217ea3142dd07d1e83,695fcc08e6593b9a696132f7,,,,,,,,,,,,,,,,,,,,,,,,,,,,,,,,,,,,,,,,,,,,,,,,,,,,,,,,,,,,99,stim_fam/099_rgray_250.png,,,,,,,,,,,,,,,,,,,,,,,,,,,,,,,,,,,,,2.071899802,2613.1035,2615.169,,,,,,,,FALSE,,FALSE,,,,,,,,,,,,2615.1695,2616.0696,p,0.8397,,31,43,1,1,250,novel,,,FALSE,2616.0699,2616.07,2616.07,2616.0701,,30,0,30,0,1,,
,,,,,6971fc9a64f35b0ea162d3d6,2026-01-22_05h39.45.585,WP1_3,2025.2.3,Win32,30.03003003,6706af217ea3142dd07d1e83,695fcc08e6593b9a696132f7,,,,,,,,,,,,,,,,,,,,,,,,,,,,,,,,,,,,,,,,,,,,,,,,,,,,,,,,,,,,39,stim_fam/039_rgray_250.png,,,,,,,,,,,,,,,,,,,,,,,,,,,,,,,,,,,,,2.258681766,2616.0705,2618.3194,,,,,,,,FALSE,,FALSE,,,,,,,,,,,,2618.3205,2619.1194,q,0.7428,,32,54,1,1,250,novel,,,FALSE,2619.1195,2619.1196,2619.1196,2619.1197,,31,0,31,0,1,,
,,,,,6971fc9a64f35b0ea162d3d6,2026-01-22_05h39.45.585,WP1_3,2025.2.3,Win32,30.03003003,6706af217ea3142dd07d1e83,695fcc08e6593b9a696132f7,,,,,,,,,,,,,,,,,,,,,,,,,,,,,,,,,,,,,,,,,,,,,,,,,,,,,,,,,,,,56,Celebrities_Faces/056_03_greyscale_250.png,,,,,,,,,,,,,,,,,,,,,,,,,,,,,,,,,,,,,1.903738524,2619.1199,2621.0193,,,,,,,,TRUE,,TRUE,,,,,,,,,,,,2621.0201,2622.1358,,,,33,25,1,1,3,familiar,,,FALSE,2622.136,2623.136,2623.136,2623.1361,,32,0,32,0,1,,
,,,,,6971fc9a64f35b0ea162d3d6,2026-01-22_05h39.45.585,WP1_3,2025.2.3,Win32,30.03003003,6706af217ea3142dd07d1e83,695fcc08e6593b9a696132f7,,,,,,,,,,,,,,,,,,,,,,,,,,,,,,,,,,,,,,,,,,,,,,,,,,,,,,,,,,,,12,Celebrities_Faces/012_02_greyscale_250.png,,,,,,,,,,,,,,,,,,,,,,,,,,,,,,,,,,,,,1.76628749,2623.1365,2624.9024,,,,,,,,TRUE,,FALSE,,,,,,,,,,,,2624.9032,2625.5857,q,0.6315,,34,29,1,1,2,familiar,,,FALSE,2625.5858,2625.5858,2625.5858,2625.5858,,33,0,33,0,1,,
,,,,,6971fc9a64f35b0ea162d3d6,2026-01-22_05h39.45.585,WP1_3,2025.2.3,Win32,30.03003003,6706af217ea3142dd07d1e83,695fcc08e6593b9a696132f7,,,,,,,,,,,,,,,,,,,,,,,,,,,,,,,,,,,,,,,,,,,,,,,,,,,,,,,,,,,,15,Celebrities_Faces/015_01_greyscale_250.png,,,,,,,,,,,,,,,,,,,,,,,,,,,,,,,,,,,,,2.145472959,2625.5861,2627.7192,,,,,,,,TRUE,,FALSE,,,,,,,,,,,,2627.7197,2628.3527,p,0.576,,35,18,1,1,1,familiar,,,FALSE,2628.3529,2628.353,2628.353,2628.3531,,34,0,34,0,1,,
,,,,,6971fc9a64f35b0ea162d3d6,2026-01-22_05h39.45.585,WP1_3,2025.2.3,Win32,30.03003003,6706af217ea3142dd07d1e83,695fcc08e6593b9a696132f7,,,,,,,,,,,,,,,,,,,,,,,,,,,,,,,,,,,,,,,,,,,,,,,,,,,,,,,,,,,,6,stim_fam/006_rgray_250.png,,,,,,,,,,,,,,,,,,,,,,,,,,,,,,,,,,,,,1.985184266,2628.3535,2630.3357,,,,,,,,FALSE,,FALSE,,,,,,,,,,,,2630.3361,2631.0026,p,0.61,,36,48,1,1,250,novel,,,FALSE,2631.0029,2631.0029,2631.003,2631.003,,35,0,35,0,1,,
,,,,,6971fc9a64f35b0ea162d3d6,2026-01-22_05h39.45.585,WP1_3,2025.2.3,Win32,30.03003003,6706af217ea3142dd07d1e83,695fcc08e6593b9a696132f7,,,,,,,,,,,,,,,,,,,,,,,,,,,,,,,,,,,,,,,,,,,,,,,,,,,,,,,,,,,,84,stim_fam/084_rgray_250.png,,,,,,,,,,,,,,,,,,,,,,,,,,,,,,,,,,,,,2.332715159,2631.0034,2633.3362,,,,,,,,FALSE,,FALSE,,,,,,,,,,,,2633.3374,2634.0024,q,0.6126,,37,36,1,1,250,novel,,,FALSE,2634.0027,2634.0028,2634.0028,2634.0029,,36,0,36,0,1,,
,,,,,6971fc9a64f35b0ea162d3d6,2026-01-22_05h39.45.585,WP1_3,2025.2.3,Win32,30.03003003,6706af217ea3142dd07d1e83,695fcc08e6593b9a696132f7,,,,,,,,,,,,,,,,,,,,,,,,,,,,,,,,,,,,,,,,,,,,,,,,,,,,,,,,,,,,94,stim_fam/094_rgray_250.png,,,,,,,,,,,,,,,,,,,,,,,,,,,,,,,,,,,,,1.980866888,2634.0033,2635.9859,,,,,,,,FALSE,,FALSE,,,,,,,,,,,,2635.9865,2636.5694,q,0.525,,38,59,1,1,250,novel,,,FALSE,2636.5697,2636.5698,2636.5698,2636.5699,,37,0,37,0,1,,
,,,,,6971fc9a64f35b0ea162d3d6,2026-01-22_05h39.45.585,WP1_3,2025.2.3,Win32,30.03003003,6706af217ea3142dd07d1e83,695fcc08e6593b9a696132f7,,,,,,,,,,,,,,,,,,,,,,,,,,,,,,,,,,,,,,,,,,,,,,,,,,,,,,,,,,,,1,Celebrities_Faces/001_01_greyscale_250.png,,,,,,,,,,,,,,,,,,,,,,,,,,,,,,,,,,,,,2.322290836,2636.5703,2638.8856,,,,,,,,TRUE,,FALSE,,,,,,,,,,,,2638.8865,2639.4856,q,0.5499,,39,20,1,1,1,familiar,,,FALSE,2639.4857,2639.4858,2639.4858,2639.4859,,38,0,38,0,1,,
,,,,,6971fc9a64f35b0ea162d3d6,2026-01-22_05h39.45.585,WP1_3,2025.2.3,Win32,30.03003003,6706af217ea3142dd07d1e83,695fcc08e6593b9a696132f7,,,,,,,,,,,,,,,,,,,,,,,,,,,,,,,,,,,,,,,,,,,,,,,,,,,,,,,,,,,,30,Celebrities_Faces/030_02_greyscale_250.png,,,,,,,,,,,,,,,,,,,,,,,,,,,,,,,,,,,,,2.175683262,2639.4862,2641.6525,,,,,,,,TRUE,,FALSE,,,,,,,,,,,,2641.6532,2642.4693,q,0.7632,,40,1,1,1,2,familiar,,,FALSE,2642.4695,2642.4696,2642.4697,2642.4697,,39,0,39,0,1,,
,,,,,6971fc9a64f35b0ea162d3d6,2026-01-22_05h39.45.585,WP1_3,2025.2.3,Win32,30.03003003,6706af217ea3142dd07d1e83,695fcc08e6593b9a696132f7,,,,,,,,,,,,,,,,,,,,,,,,,,,,,,,,,,,,,,,,,,,,,,,,,,,,,,,,,,,,13,stim_fam/013_rgray_250.png,,,,,,,,,,,,,,,,,,,,,,,,,,,,,,,,,,,,,2.163910132,2642.4702,2644.6357,,,,,,,,FALSE,,FALSE,,,,,,,,,,,,2644.6365,2645.3521,q,0.6572,,41,40,1,1,250,novel,,,FALSE,2645.3523,2645.3523,2645.3523,2645.3523,,40,0,40,0,1,,
,,,,,6971fc9a64f35b0ea162d3d6,2026-01-22_05h39.45.585,WP1_3,2025.2.3,Win32,30.03003003,6706af217ea3142dd07d1e83,695fcc08e6593b9a696132f7,,,,,,,,,,,,,,,,,,,,,,,,,,,,,,,,,,,,,,,,,,,,,,,,,,,,,,,,,,,,7,Celebrities_Faces/007_01_greyscale_250.png,,,,,,,,,,,,,,,,,,,,,,,,,,,,,,,,,,,,,1.767797977,2645.3526,2647.1191,,,,,,,,TRUE,,FALSE,,,,,,,,,,,,2647.12,2648.0189,q,0.8424,,42,17,1,1,1,familiar,,,FALSE,2648.0191,2648.0192,2648.0192,2648.0192,,41,0,41,0,1,,
,,,,,6971fc9a64f35b0ea162d3d6,2026-01-22_05h39.45.585,WP1_3,2025.2.3,Win32,30.03003003,6706af217ea3142dd07d1e83,695fcc08e6593b9a696132f7,,,,,,,,,,,,,,,,,,,,,,,,,,,,,,,,,,,,,,,,,,,,,,,,,,,,,,,,,,,,90,stim_fam/090_rgray_250.png,,,,,,,,,,,,,,,,,,,,,,,,,,,,,,,,,,,,,1.890499301,2648.0196,2649.9024,,,,,,,,FALSE,,FALSE,,,,,,,,,,,,2649.9031,2650.719,q,0.7567,,43,31,1,1,250,novel,,,FALSE,2650.7192,2650.7193,2650.7194,2650.7195,,42,0,42,0,1,,
,,,,,6971fc9a64f35b0ea162d3d6,2026-01-22_05h39.45.585,WP1_3,2025.2.3,Win32,30.03003003,6706af217ea3142dd07d1e83,695fcc08e6593b9a696132f7,,,,,,,,,,,,,,,,,,,,,,,,,,,,,,,,,,,,,,,,,,,,,,,,,,,,,,,,,,,,57,Celebrities_Faces/057_02_greyscale_250.png,,,,,,,,,,,,,,,,,,,,,,,,,,,,,,,,,,,,,2.279837475,2650.7199,2653.0024,,,,,,,,TRUE,,FALSE,,,,,,,,,,,,2653.0034,2653.9524,p,0.8807,,44,6,1,1,2,familiar,,,FALSE,2653.9526,2653.9527,2653.9527,2653.9528,,43,0,43,0,1,,
,,,,,6971fc9a64f35b0ea162d3d6,2026-01-22_05h39.45.585,WP1_3,2025.2.3,Win32,30.03003003,6706af217ea3142dd07d1e83,695fcc08e6593b9a696132f7,,,,,,,,,,,,,,,,,,,,,,,,,,,,,,,,,,,,,,,,,,,,,,,,,,,,,,,,,,,,39,Celebrities_Faces/039_02_greyscale_250.png,,,,,,,,,,,,,,,,,,,,,,,,,,,,,,,,,,,,,1.810892811,2653.9531,2655.7519,,,,,,,,TRUE,,FALSE,,,,,,,,,,,,2655.7527,2656.7684,q,0.9454,,45,11,1,1,2,familiar,,,FALSE,2656.7686,2656.7686,2656.7686,2656.7686,,44,0,44,0,1,,
,,,,,6971fc9a64f35b0ea162d3d6,2026-01-22_05h39.45.585,WP1_3,2025.2.3,Win32,30.03003003,6706af217ea3142dd07d1e83,695fcc08e6593b9a696132f7,,,,,,,,,,,,,,,,,,,,,,,,,,,,,,,,,,,,,,,,,,,,,,,,,,,,,,,,,,,,56,stim_fam/056_rgray_250.png,,,,,,,,,,,,,,,,,,,,,,,,,,,,,,,,,,,,,2.179368156,2656.7688,2658.9521,,,,,,,,FALSE,,FALSE,,,,,,,,,,,,2658.9526,2659.8692,q,0.8638,,46,60,1,1,250,novel,,,FALSE,2659.8694,2659.8695,2659.8695,2659.8696,,45,0,45,0,1,,
,,,,,6971fc9a64f35b0ea162d3d6,2026-01-22_05h39.45.585,WP1_3,2025.2.3,Win32,30.03003003,6706af217ea3142dd07d1e83,695fcc08e6593b9a696132f7,,,,,,,,,,,,,,,,,,,,,,,,,,,,,,,,,,,,,,,,,,,,,,,,,,,,,,,,,,,,8,stim_fam/008_rgray_250.png,,,,,,,,,,,,,,,,,,,,,,,,,,,,,,,,,,,,,1.581971164,2659.87,2661.4519,,,,,,,,FALSE,,FALSE,,,,,,,,,,,,2661.4524,2662.2359,q,0.7371,,47,42,1,1,250,novel,,,FALSE,2662.2361,2662.2362,2662.2362,2662.2364,,46,0,46,0,1,,
,,,,,6971fc9a64f35b0ea162d3d6,2026-01-22_05h39.45.585,WP1_3,2025.2.3,Win32,30.03003003,6706af217ea3142dd07d1e83,695fcc08e6593b9a696132f7,,,,,,,,,,,,,,,,,,,,,,,,,,,,,,,,,,,,,,,,,,,,,,,,,,,,,,,,,,,,1,stim_fam/001_rgray_250.png,,,,,,,,,,,,,,,,,,,,,,,,,,,,,,,,,,,,,1.81236064,2662.2368,2664.0523,,,,,,,,FALSE,,FALSE,,,,,,,,,,,,2664.0532,2665.0849,q,0.983,,48,44,1,1,250,novel,,,FALSE,2665.085,2665.085,2665.085,2665.0851,,47,0,47,0,1,,
,,,,,6971fc9a64f35b0ea162d3d6,2026-01-22_05h39.45.585,WP1_3,2025.2.3,Win32,30.03003003,6706af217ea3142dd07d1e83,695fcc08e6593b9a696132f7,,,,,,,,,,,,,,,,,,,,,,,,,,,,,,,,,,,,,,,,,,,,,,,,,,,,,,,,,,,,21,Celebrities_Faces/021_01_greyscale_250.png,,,,,,,,,,,,,,,,,,,,,,,,,,,,,,,,,,,,,1.836145049,2665.0853,2666.9192,,,,,,,,TRUE,,FALSE,,,,,,,,,,,,2666.9202,2667.7689,p,0.7968,,49,9,1,1,1,familiar,,,FALSE,2667.769,2667.7691,2667.7691,2667.7692,,48,0,48,0,1,,
,,,,,6971fc9a64f35b0ea162d3d6,2026-01-22_05h39.45.585,WP1_3,2025.2.3,Win32,30.03003003,6706af217ea3142dd07d1e83,695fcc08e6593b9a696132f7,,,,,,,,,,,,,,,,,,,,,,,,,,,,,,,,,,,,,,,,,,,,,,,,,,,,,,,,,,,,27,Celebrities_Faces/027_01_greyscale_250.png,,,,,,,,,,,,,,,,,,,,,,,,,,,,,,,,,,,,,1.930088457,2667.7695,2669.7017,,,,,,,,TRUE,,FALSE,,,,,,,,,,,,2669.7023,2670.5024,q,0.744,,50,3,1,1,1,familiar,,,FALSE,2670.5026,2670.5026,2670.5026,2670.5028,,49,0,49,0,1,,
,,,,,6971fc9a64f35b0ea162d3d6,2026-01-22_05h39.45.585,WP1_3,2025.2.3,Win32,30.03003003,6706af217ea3142dd07d1e83,695fcc08e6593b9a696132f7,,,,,,,,,,,,,,,,,,,,,,,,,,,,,,,,,,,,,,,,,,,,,,,,,,,,,,,,,,,,32,stim_fam/032_rgray_250.png,,,,,,,,,,,,,,,,,,,,,,,,,,,,,,,,,,,,,2.184724401,2670.5032,2672.6855,,,,,,,,FALSE,,FALSE,,,,,,,,,,,,2672.6867,2673.4187,q,0.6704,,51,32,1,1,250,novel,,,FALSE,2673.4189,2673.419,2673.419,2673.4192,,50,0,50,0,1,,
,,,,,6971fc9a64f35b0ea162d3d6,2026-01-22_05h39.45.585,WP1_3,2025.2.3,Win32,30.03003003,6706af217ea3142dd07d1e83,695fcc08e6593b9a696132f7,,,,,,,,,,,,,,,,,,,,,,,,,,,,,,,,,,,,,,,,,,,,,,,,,,,,,,,,,,,,11,stim_fam/011_rgray_250.png,,,,,,,,,,,,,,,,,,,,,,,,,,,,,,,,,,,,,2.226264533,2673.4195,2675.6353,,,,,,,,FALSE,,FALSE,,,,,,,,,,,,2675.6362,2676.4017,p,0.7061,,52,52,1,1,250,novel,,,FALSE,2676.4017,2676.4018,2676.4018,2676.4018,,51,0,51,0,1,,
,,,,,6971fc9a64f35b0ea162d3d6,2026-01-22_05h39.45.585,WP1_3,2025.2.3,Win32,30.03003003,6706af217ea3142dd07d1e83,695fcc08e6593b9a696132f7,,,,,,,,,,,,,,,,,,,,,,,,,,,,,,,,,,,,,,,,,,,,,,,,,,,,,,,,,,,,22,Celebrities_Faces/022_02_greyscale_250.png,,,,,,,,,,,,,,,,,,,,,,,,,,,,,,,,,,,,,2.145383084,2676.402,2678.5353,,,,,,,,TRUE,,FALSE,,,,,,,,,,,,2678.5363,2679.4018,q,0.8083,,53,12,1,1,2,familiar,,,FALSE,2679.4021,2679.4022,2679.4022,2679.4022,,52,0,52,0,1,,
,,,,,6971fc9a64f35b0ea162d3d6,2026-01-22_05h39.45.585,WP1_3,2025.2.3,Win32,30.03003003,6706af217ea3142dd07d1e83,695fcc08e6593b9a696132f7,,,,,,,,,,,,,,,,,,,,,,,,,,,,,,,,,,,,,,,,,,,,,,,,,,,,,,,,,,,,27,stim_fam/027_rgray_250.png,,,,,,,,,,,,,,,,,,,,,,,,,,,,,,,,,,,,,2.126569121,2679.4026,2681.5187,,,,,,,,FALSE,,FALSE,,,,,,,,,,,,2681.5198,2682.2184,q,0.6494,,54,49,1,1,250,novel,,,FALSE,2682.2185,2682.2185,2682.2185,2682.2186,,53,0,53,0,1,,
,,,,,6971fc9a64f35b0ea162d3d6,2026-01-22_05h39.45.585,WP1_3,2025.2.3,Win32,30.03003003,6706af217ea3142dd07d1e83,695fcc08e6593b9a696132f7,,,,,,,,,,,,,,,,,,,,,,,,,,,,,,,,,,,,,,,,,,,,,,,,,,,,,,,,,,,,20,Celebrities_Faces/020_01_greyscale_250.png,,,,,,,,,,,,,,,,,,,,,,,,,,,,,,,,,,,,,1.948771532,2682.2188,2684.1684,,,,,,,,TRUE,,FALSE,,,,,,,,,,,,2684.1693,2685.1516,p,0.9219,,55,19,1,1,1,familiar,,,FALSE,2685.1519,2685.1519,2685.1519,2685.152,,54,0,54,0,1,,
,,,,,6971fc9a64f35b0ea162d3d6,2026-01-22_05h39.45.585,WP1_3,2025.2.3,Win32,30.03003003,6706af217ea3142dd07d1e83,695fcc08e6593b9a696132f7,,,,,,,,,,,,,,,,,,,,,,,,,,,,,,,,,,,,,,,,,,,,,,,,,,,,,,,,,,,,9,stim_fam/009_rgray_250.png,,,,,,,,,,,,,,,,,,,,,,,,,,,,,,,,,,,,,2.254980812,2685.1524,2687.4019,,,,,,,,FALSE,,FALSE,,,,,,,,,,,,2687.4027,2688.0519,q,0.5872,,56,57,1,1,250,novel,,,FALSE,2688.0521,2688.0522,2688.0522,2688.0523,,55,0,55,0,1,,
,,,,,6971fc9a64f35b0ea162d3d6,2026-01-22_05h39.45.585,WP1_3,2025.2.3,Win32,30.03003003,6706af217ea3142dd07d1e83,695fcc08e6593b9a696132f7,,,,,,,,,,,,,,,,,,,,,,,,,,,,,,,,,,,,,,,,,,,,,,,,,,,,,,,,,,,,87,stim_fam/087_rgray_250.png,,,,,,,,,,,,,,,,,,,,,,,,,,,,,,,,,,,,,2.460709962,2688.0527,2690.5016,,,,,,,,FALSE,,FALSE,,,,,,,,,,,,2690.502,2690.7019,q,0.1434,,57,58,1,1,250,novel,,,FALSE,2690.702,2690.7021,2690.7021,2690.7022,,56,0,56,0,1,,
,,,,,6971fc9a64f35b0ea162d3d6,2026-01-22_05h39.45.585,WP1_3,2025.2.3,Win32,30.03003003,6706af217ea3142dd07d1e83,695fcc08e6593b9a696132f7,,,,,,,,,,,,,,,,,,,,,,,,,,,,,,,,,,,,,,,,,,,,,,,,,,,,,,,,,,,,24,Celebrities_Faces/024_01_greyscale_250.png,,,,,,,,,,,,,,,,,,,,,,,,,,,,,,,,,,,,,1.63394941,2690.7025,2692.3349,,,,,,,,TRUE,,TRUE,,,,,,,,,,,,2692.3374,2693.4519,,,,58,13,1,1,1,familiar,,,FALSE,2693.4524,2694.4514,2694.4515,2694.4516,,57,0,57,0,1,,
,,,,,6971fc9a64f35b0ea162d3d6,2026-01-22_05h39.45.585,WP1_3,2025.2.3,Win32,30.03003003,6706af217ea3142dd07d1e83,695fcc08e6593b9a696132f7,,,,,,,,,,,,,,,,,,,,,,,,,,,,,,,,,,,,,,,,,,,,,,,,,,,,,,,,,,,,37,stim_fam/037_rgray_250.png,,,,,,,,,,,,,,,,,,,,,,,,,,,,,,,,,,,,,1.921451776,2694.4519,2696.3682,,,,,,,,FALSE,,FALSE,,,,,,,,,,,,2696.3689,2697.1857,q,0.758,,59,47,1,1,250,novel,,,FALSE,2697.186,2697.1862,2697.1862,2697.1863,,58,0,58,0,1,,
,,,,,6971fc9a64f35b0ea162d3d6,2026-01-22_05h39.45.585,WP1_3,2025.2.3,Win32,30.03003003,6706af217ea3142dd07d1e83,695fcc08e6593b9a696132f7,,,,,,,,,,,,,,,,,,,,,,,,,,,,,,,,,,,,,,,,,,,,,,,,,,,,,,,,,,,,62,stim_fam/062_rgray_250.png,,,,,,,,,,,,,,,,,,,,,,,,,,,,,,,,,,,,,2.3667577,2697.1867,2699.5514,,,,,,,,FALSE,,FALSE,,,,,,,,,,,,2699.5522,2700.3849,q,0.7779,,60,41,1,1,250,novel,,,FALSE,2700.3851,2700.3852,2700.3852,2712.2187,space,59,0,59,0,1,11.8125,
,,,,,6971fc9a64f35b0ea162d3d6,2026-01-22_05h39.45.585,WP1_3,2025.2.3,Win32,30.03003003,6706af217ea3142dd07d1e83,695fcc08e6593b9a696132f7,,,,,,,,,,,,,,,,,,,,,,,,,,,,,,,,,,,,,,,,,,,,,,,,,,,,,,,,,,,,96,stim_fam/096_rgray_250.png,,,,,,,,,,,,,,,,,,,,,,,,,,,,,,,,,,,,,2.124326845,2712.2192,2714.3345,,,,,,,,FALSE,,FALSE,,,,,,,,,,,,2714.3351,2715.251,q,0.8613,,61,104,2,1,250,novel,,,FALSE,2715.2511,2715.2512,2715.2512,2715.2512,,60,0,60,0,1,,
,,,,,6971fc9a64f35b0ea162d3d6,2026-01-22_05h39.45.585,WP1_3,2025.2.3,Win32,30.03003003,6706af217ea3142dd07d1e83,695fcc08e6593b9a696132f7,,,,,,,,,,,,,,,,,,,,,,,,,,,,,,,,,,,,,,,,,,,,,,,,,,,,,,,,,,,,40,stim_fam/040_rgray_250.png,,,,,,,,,,,,,,,,,,,,,,,,,,,,,,,,,,,,,1.622862144,2715.2514,2716.868,,,,,,,,FALSE,,FALSE,,,,,,,,,,,,2716.8687,2717.6681,q,0.7377,,62,118,2,1,250,novel,,,FALSE,2717.6684,2717.6684,2717.6685,2717.6685,,61,0,61,0,1,,
,,,,,6971fc9a64f35b0ea162d3d6,2026-01-22_05h39.45.585,WP1_3,2025.2.3,Win32,30.03003003,6706af217ea3142dd07d1e83,695fcc08e6593b9a696132f7,,,,,,,,,,,,,,,,,,,,,,,,,,,,,,,,,,,,,,,,,,,,,,,,,,,,,,,,,,,,50,Celebrities_Faces/050_02_greyscale_250.png,,,,,,,,,,,,,,,,,,,,,,,,,,,,,,,,,,,,,2.167221566,2717.6689,2719.8346,,,,,,,,TRUE,,FALSE,,,,,,,,,,,,2719.8355,2720.6678,p,0.7774,,63,90,2,1,2,familiar,,,FALSE,2720.668,2720.668,2720.668,2720.668,,62,0,62,0,1,,
,,,,,6971fc9a64f35b0ea162d3d6,2026-01-22_05h39.45.585,WP1_3,2025.2.3,Win32,30.03003003,6706af217ea3142dd07d1e83,695fcc08e6593b9a696132f7,,,,,,,,,,,,,,,,,,,,,,,,,,,,,,,,,,,,,,,,,,,,,,,,,,,,,,,,,,,,15,Celebrities_Faces/015_02_greyscale_250.png,,,,,,,,,,,,,,,,,,,,,,,,,,,,,,,,,,,,,1.881792882,2720.6682,2722.5515,,,,,,,,TRUE,,FALSE,,,,,,,,,,,,2722.5525,2723.2679,p,0.6524,,64,78,2,1,2,familiar,,,FALSE,2723.2681,2723.2681,2723.2681,2723.2682,,63,0,63,0,1,,
,,,,,6971fc9a64f35b0ea162d3d6,2026-01-22_05h39.45.585,WP1_3,2025.2.3,Win32,30.03003003,6706af217ea3142dd07d1e83,695fcc08e6593b9a696132f7,,,,,,,,,,,,,,,,,,,,,,,,,,,,,,,,,,,,,,,,,,,,,,,,,,,,,,,,,,,,21,Celebrities_Faces/021_03_greyscale_250.png,,,,,,,,,,,,,,,,,,,,,,,,,,,,,,,,,,,,,1.629835596,2723.2685,2724.9016,,,,,,,,TRUE,,FALSE,,,,,,,,,,,,2724.9024,2725.5513,q,0.5971,,65,69,2,1,3,familiar,,,FALSE,2725.5514,2725.5515,2725.5515,2725.5515,,64,0,64,0,1,,
,,,,,6971fc9a64f35b0ea162d3d6,2026-01-22_05h39.45.585,WP1_3,2025.2.3,Win32,30.03003003,6706af217ea3142dd07d1e83,695fcc08e6593b9a696132f7,,,,,,,,,,,,,,,,,,,,,,,,,,,,,,,,,,,,,,,,,,,,,,,,,,,,,,,,,,,,40,Celebrities_Faces/040_03_greyscale_250.png,,,,,,,,,,,,,,,,,,,,,,,,,,,,,,,,,,,,,2.244381427,2725.5519,2727.7846,,,,,,,,TRUE,,FALSE,,,,,,,,,,,,2727.7858,2728.5017,q,0.6557,,66,65,2,1,3,familiar,,,FALSE,2728.5019,2728.502,2728.502,2728.5022,,65,0,65,0,1,,
,,,,,6971fc9a64f35b0ea162d3d6,2026-01-22_05h39.45.585,WP1_3,2025.2.3,Win32,30.03003003,6706af217ea3142dd07d1e83,695fcc08e6593b9a696132f7,,,,,,,,,,,,,,,,,,,,,,,,,,,,,,,,,,,,,,,,,,,,,,,,,,,,,,,,,,,,60,Celebrities_Faces/060_02_greyscale_250.png,,,,,,,,,,,,,,,,,,,,,,,,,,,,,,,,,,,,,2.488321946,2728.5025,2730.9843,,,,,,,,TRUE,,FALSE,,,,,,,,,,,,2730.9849,2731.8845,p,0.8457,,67,74,2,1,2,familiar,,,FALSE,2731.8849,2731.885,2731.885,2731.8851,,66,0,66,0,1,,
,,,,,6971fc9a64f35b0ea162d3d6,2026-01-22_05h39.45.585,WP1_3,2025.2.3,Win32,30.03003003,6706af217ea3142dd07d1e83,695fcc08e6593b9a696132f7,,,,,,,,,,,,,,,,,,,,,,,,,,,,,,,,,,,,,,,,,,,,,,,,,,,,,,,,,,,,57,stim_fam/057_rgray_250.png,,,,,,,,,,,,,,,,,,,,,,,,,,,,,,,,,,,,,2.458309259,2731.8855,2734.3346,,,,,,,,FALSE,,FALSE,,,,,,,,,,,,2734.3358,2735.2681,p,0.8671,,68,116,2,1,250,novel,,,FALSE,2735.2684,2735.2684,2735.2685,2735.2686,,67,0,67,0,1,,
,,,,,6971fc9a64f35b0ea162d3d6,2026-01-22_05h39.45.585,WP1_3,2025.2.3,Win32,30.03003003,6706af217ea3142dd07d1e83,695fcc08e6593b9a696132f7,,,,,,,,,,,,,,,,,,,,,,,,,,,,,,,,,,,,,,,,,,,,,,,,,,,,,,,,,,,,9,Celebrities_Faces/009_02_greyscale_250.png,,,,,,,,,,,,,,,,,,,,,,,,,,,,,,,,,,,,,1.737471605,2735.269,2737.0008,,,,,,,,TRUE,,FALSE,,,,,,,,,,,,2737.0016,2737.6512,q,0.5915,,69,70,2,1,2,familiar,,,FALSE,2737.6516,2737.6516,2737.6517,2737.6517,,68,0,68,0,1,,
,,,,,6971fc9a64f35b0ea162d3d6,2026-01-22_05h39.45.585,WP1_3,2025.2.3,Win32,30.03003003,6706af217ea3142dd07d1e83,695fcc08e6593b9a696132f7,,,,,,,,,,,,,,,,,,,,,,,,,,,,,,,,,,,,,,,,,,,,,,,,,,,,,,,,,,,,38,Celebrities_Faces/038_02_greyscale_250.png,,,,,,,,,,,,,,,,,,,,,,,,,,,,,,,,,,,,,2.446703462,2737.6523,2740.1011,,,,,,,,TRUE,,FALSE,,,,,,,,,,,,2740.102,2740.9846,p,0.823,,70,76,2,1,2,familiar,,,FALSE,2740.9849,2740.985,2740.985,2740.985,,69,0,69,0,1,,
,,,,,6971fc9a64f35b0ea162d3d6,2026-01-22_05h39.45.585,WP1_3,2025.2.3,Win32,30.03003003,6706af217ea3142dd07d1e83,695fcc08e6593b9a696132f7,,,,,,,,,,,,,,,,,,,,,,,,,,,,,,,,,,,,,,,,,,,,,,,,,,,,,,,,,,,,39,Celebrities_Faces/039_01_greyscale_250.png,,,,,,,,,,,,,,,,,,,,,,,,,,,,,,,,,,,,,2.068571254,2740.9854,2743.0512,,,,,,,,TRUE,,FALSE,,,,,,,,,,,,2743.0521,2743.8673,q,0.7624,,71,71,2,1,1,familiar,,,FALSE,2743.8674,2743.8675,2743.8675,2743.8675,,70,0,70,0,1,,
,,,,,6971fc9a64f35b0ea162d3d6,2026-01-22_05h39.45.585,WP1_3,2025.2.3,Win32,30.03003003,6706af217ea3142dd07d1e83,695fcc08e6593b9a696132f7,,,,,,,,,,,,,,,,,,,,,,,,,,,,,,,,,,,,,,,,,,,,,,,,,,,,,,,,,,,,100,stim_fam/100_rgray_250.png,,,,,,,,,,,,,,,,,,,,,,,,,,,,,,,,,,,,,1.676165021,2743.8676,2745.5341,,,,,,,,FALSE,,FALSE,,,,,,,,,,,,2745.5349,2746.2174,p,0.618,,72,99,2,1,250,novel,,,FALSE,2746.2175,2746.2176,2746.2176,2746.2177,,71,0,71,0,1,,
,,,,,6971fc9a64f35b0ea162d3d6,2026-01-22_05h39.45.585,WP1_3,2025.2.3,Win32,30.03003003,6706af217ea3142dd07d1e83,695fcc08e6593b9a696132f7,,,,,,,,,,,,,,,,,,,,,,,,,,,,,,,,,,,,,,,,,,,,,,,,,,,,,,,,,,,,12,stim_fam/012_rgray_250.png,,,,,,,,,,,,,,,,,,,,,,,,,,,,,,,,,,,,,2.08758392,2746.2179,2748.3007,,,,,,,,FALSE,,FALSE,,,,,,,,,,,,2748.301,2748.8677,q,0.5165,,73,94,2,1,250,novel,,,FALSE,2748.8679,2748.868,2748.868,2748.8681,,72,0,72,0,1,,
,,,,,6971fc9a64f35b0ea162d3d6,2026-01-22_05h39.45.585,WP1_3,2025.2.3,Win32,30.03003003,6706af217ea3142dd07d1e83,695fcc08e6593b9a696132f7,,,,,,,,,,,,,,,,,,,,,,,,,,,,,,,,,,,,,,,,,,,,,,,,,,,,,,,,,,,,61,stim_fam/061_rgray_250.png,,,,,,,,,,,,,,,,,,,,,,,,,,,,,,,,,,,,,1.706574745,2748.8685,2750.5678,,,,,,,,FALSE,,FALSE,,,,,,,,,,,,2750.5689,2751.2672,q,0.6336,,74,102,2,1,250,novel,,,FALSE,2751.2674,2751.2674,2751.2674,2751.2674,,73,0,73,0,1,,
,,,,,6971fc9a64f35b0ea162d3d6,2026-01-22_05h39.45.585,WP1_3,2025.2.3,Win32,30.03003003,6706af217ea3142dd07d1e83,695fcc08e6593b9a696132f7,,,,,,,,,,,,,,,,,,,,,,,,,,,,,,,,,,,,,,,,,,,,,,,,,,,,,,,,,,,,7,Celebrities_Faces/007_02_greyscale_250.png,,,,,,,,,,,,,,,,,,,,,,,,,,,,,,,,,,,,,2.165257696,2751.2677,2753.422,,,,,,,,TRUE,,FALSE,,,,,,,,,,,,2753.4232,2754.184,q,0.7028,,75,77,2,1,2,familiar,,,FALSE,2754.1841,2754.1842,2754.1843,2754.1843,,74,0,74,0,1,,
,,,,,6971fc9a64f35b0ea162d3d6,2026-01-22_05h39.45.585,WP1_3,2025.2.3,Win32,30.03003003,6706af217ea3142dd07d1e83,695fcc08e6593b9a696132f7,,,,,,,,,,,,,,,,,,,,,,,,,,,,,,,,,,,,,,,,,,,,,,,,,,,,,,,,,,,,16,Celebrities_Faces/016_01_greyscale_250.png,,,,,,,,,,,,,,,,,,,,,,,,,,,,,,,,,,,,,2.052568803,2754.1845,2756.2345,,,,,,,,TRUE,,FALSE,,,,,,,,,,,,2756.2353,2756.9678,q,0.6811,,76,68,2,1,1,familiar,,,FALSE,2756.968,2756.9681,2756.9681,2756.9682,,75,0,75,0,1,,
,,,,,6971fc9a64f35b0ea162d3d6,2026-01-22_05h39.45.585,WP1_3,2025.2.3,Win32,30.03003003,6706af217ea3142dd07d1e83,695fcc08e6593b9a696132f7,,,,,,,,,,,,,,,,,,,,,,,,,,,,,,,,,,,,,,,,,,,,,,,,,,,,,,,,,,,,6,Celebrities_Faces/006_01_greyscale_250.png,,,,,,,,,,,,,,,,,,,,,,,,,,,,,,,,,,,,,2.221538141,2756.9686,2759.1837,,,,,,,,TRUE,,FALSE,,,,,,,,,,,,2759.1843,2759.9503,q,0.7128,,77,62,2,1,1,familiar,,,FALSE,2759.9505,2759.9505,2759.9505,2759.9505,,76,0,76,0,1,,
,,,,,6971fc9a64f35b0ea162d3d6,2026-01-22_05h39.45.585,WP1_3,2025.2.3,Win32,30.03003003,6706af217ea3142dd07d1e83,695fcc08e6593b9a696132f7,,,,,,,,,,,,,,,,,,,,,,,,,,,,,,,,,,,,,,,,,,,,,,,,,,,,,,,,,,,,16,stim_fam/016_rgray_250.png,,,,,,,,,,,,,,,,,,,,,,,,,,,,,,,,,,,,,2.329652295,2759.9508,2762.2709,,,,,,,,FALSE,,FALSE,,,,,,,,,,,,2762.2714,2763.3176,q,0.9914,,78,92,2,1,250,novel,,,FALSE,2763.3178,2763.3178,2763.3178,2763.3178,,77,0,77,0,1,,
,,,,,6971fc9a64f35b0ea162d3d6,2026-01-22_05h39.45.585,WP1_3,2025.2.3,Win32,30.03003003,6706af217ea3142dd07d1e83,695fcc08e6593b9a696132f7,,,,,,,,,,,,,,,,,,,,,,,,,,,,,,,,,,,,,,,,,,,,,,,,,,,,,,,,,,,,45,stim_fam/045_rgray_250.png,,,,,,,,,,,,,,,,,,,,,,,,,,,,,,,,,,,,,1.56737858,2763.3181,2764.8839,,,,,,,,FALSE,,FALSE,,,,,,,,,,,,2764.8847,2765.6336,q,0.7001,,79,103,2,1,250,novel,,,FALSE,2765.6337,2765.6338,2765.6338,2765.6338,,78,0,78,0,1,,
,,,,,6971fc9a64f35b0ea162d3d6,2026-01-22_05h39.45.585,WP1_3,2025.2.3,Win32,30.03003003,6706af217ea3142dd07d1e83,695fcc08e6593b9a696132f7,,,,,,,,,,,,,,,,,,,,,,,,,,,,,,,,,,,,,,,,,,,,,,,,,,,,,,,,,,,,66,stim_fam/066_rgray_250.png,,,,,,,,,,,,,,,,,,,,,,,,,,,,,,,,,,,,,2.008196626,2765.634,2767.634,,,,,,,,FALSE,,FALSE,,,,,,,,,,,,2767.635,2768.4004,q,0.7044,,80,108,2,1,250,novel,,,FALSE,2768.4006,2768.4006,2768.4006,2768.4007,,79,0,79,0,1,,
,,,,,6971fc9a64f35b0ea162d3d6,2026-01-22_05h39.45.585,WP1_3,2025.2.3,Win32,30.03003003,6706af217ea3142dd07d1e83,695fcc08e6593b9a696132f7,,,,,,,,,,,,,,,,,,,,,,,,,,,,,,,,,,,,,,,,,,,,,,,,,,,,,,,,,,,,50,stim_fam/050_rgray_250.png,,,,,,,,,,,,,,,,,,,,,,,,,,,,,,,,,,,,,2.297871157,2768.4009,2770.7004,,,,,,,,FALSE,,FALSE,,,,,,,,,,,,2770.7011,2771.4503,p,0.6895,,81,105,2,1,250,novel,,,FALSE,2771.4506,2771.4506,2771.4506,2771.4506,,80,0,80,0,1,,
,,,,,6971fc9a64f35b0ea162d3d6,2026-01-22_05h39.45.585,WP1_3,2025.2.3,Win32,30.03003003,6706af217ea3142dd07d1e83,695fcc08e6593b9a696132f7,,,,,,,,,,,,,,,,,,,,,,,,,,,,,,,,,,,,,,,,,,,,,,,,,,,,,,,,,,,,70,stim_fam/070_rgray_250.png,,,,,,,,,,,,,,,,,,,,,,,,,,,,,,,,,,,,,2.056828827,2771.451,2773.5003,,,,,,,,FALSE,,FALSE,,,,,,,,,,,,2773.5009,2774.3835,p,0.8308,,82,120,2,1,250,novel,,,FALSE,2774.3837,2774.3837,2774.3837,2774.3837,,81,0,81,0,1,,
,,,,,6971fc9a64f35b0ea162d3d6,2026-01-22_05h39.45.585,WP1_3,2025.2.3,Win32,30.03003003,6706af217ea3142dd07d1e83,695fcc08e6593b9a696132f7,,,,,,,,,,,,,,,,,,,,,,,,,,,,,,,,,,,,,,,,,,,,,,,,,,,,,,,,,,,,17,Celebrities_Faces/017_03_greyscale_250.png,,,,,,,,,,,,,,,,,,,,,,,,,,,,,,,,,,,,,2.030928346,2774.384,2776.4175,,,,,,,,TRUE,,FALSE,,,,,,,,,,,,2776.4187,2777.3504,q,0.8826,,83,86,2,1,3,familiar,,,FALSE,2777.3505,2777.3506,2777.3506,2777.3507,,82,0,82,0,1,,
,,,,,6971fc9a64f35b0ea162d3d6,2026-01-22_05h39.45.585,WP1_3,2025.2.3,Win32,30.03003003,6706af217ea3142dd07d1e83,695fcc08e6593b9a696132f7,,,,,,,,,,,,,,,,,,,,,,,,,,,,,,,,,,,,,,,,,,,,,,,,,,,,,,,,,,,,30,Celebrities_Faces/030_03_greyscale_250.png,,,,,,,,,,,,,,,,,,,,,,,,,,,,,,,,,,,,,1.976799065,2777.3509,2779.3171,,,,,,,,TRUE,,FALSE,,,,,,,,,,,,2779.3178,2780.284,q,0.9138,,84,61,2,1,3,familiar,,,FALSE,2780.2841,2780.2843,2780.2843,2780.2843,,83,0,83,0,1,,
,,,,,6971fc9a64f35b0ea162d3d6,2026-01-22_05h39.45.585,WP1_3,2025.2.3,Win32,30.03003003,6706af217ea3142dd07d1e83,695fcc08e6593b9a696132f7,,,,,,,,,,,,,,,,,,,,,,,,,,,,,,,,,,,,,,,,,,,,,,,,,,,,,,,,,,,,3,Celebrities_Faces/003_01_greyscale_250.png,,,,,,,,,,,,,,,,,,,,,,,,,,,,,,,,,,,,,2.40086223,2780.2846,2782.6841,,,,,,,,TRUE,,FALSE,,,,,,,,,,,,2782.6852,2783.1338,p,0.3971,,85,82,2,1,1,familiar,,,FALSE,2783.134,2783.134,2783.134,2783.1342,,84,0,84,0,1,,
,,,,,6971fc9a64f35b0ea162d3d6,2026-01-22_05h39.45.585,WP1_3,2025.2.3,Win32,30.03003003,6706af217ea3142dd07d1e83,695fcc08e6593b9a696132f7,,,,,,,,,,,,,,,,,,,,,,,,,,,,,,,,,,,,,,,,,,,,,,,,,,,,,,,,,,,,85,stim_fam/085_rgray_250.png,,,,,,,,,,,,,,,,,,,,,,,,,,,,,,,,,,,,,2.03764082,2783.1345,2785.167,,,,,,,,FALSE,,FALSE,,,,,,,,,,,,2785.1675,2785.9839,p,0.7581,,86,112,2,1,250,novel,,,FALSE,2785.9841,2785.9842,2785.9843,2785.9843,,85,0,85,0,1,,
,,,,,6971fc9a64f35b0ea162d3d6,2026-01-22_05h39.45.585,WP1_3,2025.2.3,Win32,30.03003003,6706af217ea3142dd07d1e83,695fcc08e6593b9a696132f7,,,,,,,,,,,,,,,,,,,,,,,,,,,,,,,,,,,,,,,,,,,,,,,,,,,,,,,,,,,,56,Celebrities_Faces/056_01_greyscale_250.png,,,,,,,,,,,,,,,,,,,,,,,,,,,,,,,,,,,,,1.987326989,2785.9847,2787.9668,,,,,,,,TRUE,,FALSE,,,,,,,,,,,,2787.9679,2788.7502,q,0.7326,,87,85,2,1,1,familiar,,,FALSE,2788.7503,2788.7503,2788.7503,2788.7504,,86,0,86,0,1,,
,,,,,6971fc9a64f35b0ea162d3d6,2026-01-22_05h39.45.585,WP1_3,2025.2.3,Win32,30.03003003,6706af217ea3142dd07d1e83,695fcc08e6593b9a696132f7,,,,,,,,,,,,,,,,,,,,,,,,,,,,,,,,,,,,,,,,,,,,,,,,,,,,,,,,,,,,86,stim_fam/086_rgray_250.png,,,,,,,,,,,,,,,,,,,,,,,,,,,,,,,,,,,,,1.658784016,2788.7506,2790.4002,,,,,,,,FALSE,,FALSE,,,,,,,,,,,,2790.4008,2791.1999,q,0.7507,,88,91,2,1,250,novel,,,FALSE,2791.2,2791.2001,2791.2001,2791.2001,,87,0,87,0,1,,
,,,,,6971fc9a64f35b0ea162d3d6,2026-01-22_05h39.45.585,WP1_3,2025.2.3,Win32,30.03003003,6706af217ea3142dd07d1e83,695fcc08e6593b9a696132f7,,,,,,,,,,,,,,,,,,,,,,,,,,,,,,,,,,,,,,,,,,,,,,,,,,,,,,,,,,,,98,stim_fam/098_rgray_250.png,,,,,,,,,,,,,,,,,,,,,,,,,,,,,,,,,,,,,1.925805238,2791.2003,2793.1172,,,,,,,,FALSE,,FALSE,,,,,,,,,,,,2793.1182,2793.8834,p,0.7115,,89,117,2,1,250,novel,,,FALSE,2793.8836,2793.8836,2793.8836,2793.8837,,88,0,88,0,1,,
,,,,,6971fc9a64f35b0ea162d3d6,2026-01-22_05h39.45.585,WP1_3,2025.2.3,Win32,30.03003003,6706af217ea3142dd07d1e83,695fcc08e6593b9a696132f7,,,,,,,,,,,,,,,,,,,,,,,,,,,,,,,,,,,,,,,,,,,,,,,,,,,,,,,,,,,,14,stim_fam/014_rgray_250.png,,,,,,,,,,,,,,,,,,,,,,,,,,,,,,,,,,,,,2.247154591,2793.8841,2796.1336,,,,,,,,FALSE,,FALSE,,,,,,,,,,,,2796.1342,2796.7169,q,0.5285,,90,109,2,1,250,novel,,,FALSE,2796.717,2796.717,2796.717,2796.717,,89,0,89,0,1,,
,,,,,6971fc9a64f35b0ea162d3d6,2026-01-22_05h39.45.585,WP1_3,2025.2.3,Win32,30.03003003,6706af217ea3142dd07d1e83,695fcc08e6593b9a696132f7,,,,,,,,,,,,,,,,,,,,,,,,,,,,,,,,,,,,,,,,,,,,,,,,,,,,,,,,,,,,42,stim_fam/042_rgray_250.png,,,,,,,,,,,,,,,,,,,,,,,,,,,,,,,,,,,,,1.51954792,2796.7173,2798.2333,,,,,,,,FALSE,,FALSE,,,,,,,,,,,,2798.2339,2798.9056,q,0.623,,91,114,2,1,250,novel,,,FALSE,2798.906,2798.9061,2798.9061,2798.9062,,90,0,90,0,1,,
,,,,,6971fc9a64f35b0ea162d3d6,2026-01-22_05h39.45.585,WP1_3,2025.2.3,Win32,30.03003003,6706af217ea3142dd07d1e83,695fcc08e6593b9a696132f7,,,,,,,,,,,,,,,,,,,,,,,,,,,,,,,,,,,,,,,,,,,,,,,,,,,,,,,,,,,,18,stim_fam/018_rgray_250.png,,,,,,,,,,,,,,,,,,,,,,,,,,,,,,,,,,,,,2.099784749,2798.9066,2801.0003,,,,,,,,FALSE,,TRUE,,,,,,,,,,,,2801.001,2802.117,,,,92,107,2,1,250,novel,,,FALSE,2802.1173,2803.1168,2803.1168,2803.1169,,91,0,91,0,1,,
,,,,,6971fc9a64f35b0ea162d3d6,2026-01-22_05h39.45.585,WP1_3,2025.2.3,Win32,30.03003003,6706af217ea3142dd07d1e83,695fcc08e6593b9a696132f7,,,,,,,,,,,,,,,,,,,,,,,,,,,,,,,,,,,,,,,,,,,,,,,,,,,,,,,,,,,,22,Celebrities_Faces/022_03_greyscale_250.png,,,,,,,,,,,,,,,,,,,,,,,,,,,,,,,,,,,,,2.486716434,2803.1172,2805.6003,,,,,,,,TRUE,,FALSE,,,,,,,,,,,,2805.6013,2806.2832,p,0.6208,,93,72,2,1,3,familiar,,,FALSE,2806.2833,2806.2833,2806.2834,2806.2834,,92,0,92,0,1,,
,,,,,6971fc9a64f35b0ea162d3d6,2026-01-22_05h39.45.585,WP1_3,2025.2.3,Win32,30.03003003,6706af217ea3142dd07d1e83,695fcc08e6593b9a696132f7,,,,,,,,,,,,,,,,,,,,,,,,,,,,,,,,,,,,,,,,,,,,,,,,,,,,,,,,,,,,1,Celebrities_Faces/001_03_greyscale_250.png,,,,,,,,,,,,,,,,,,,,,,,,,,,,,,,,,,,,,1.855891733,2806.2837,2808.1337,,,,,,,,TRUE,,FALSE,,,,,,,,,,,,2808.1346,2808.8336,q,0.6463,,94,80,2,1,3,familiar,,,FALSE,2808.8339,2808.8339,2808.834,2808.834,,93,0,93,0,1,,
,,,,,6971fc9a64f35b0ea162d3d6,2026-01-22_05h39.45.585,WP1_3,2025.2.3,Win32,30.03003003,6706af217ea3142dd07d1e83,695fcc08e6593b9a696132f7,,,,,,,,,,,,,,,,,,,,,,,,,,,,,,,,,,,,,,,,,,,,,,,,,,,,,,,,,,,,28,stim_fam/028_rgray_250.png,,,,,,,,,,,,,,,,,,,,,,,,,,,,,,,,,,,,,1.881029579,2808.8345,2810.7167,,,,,,,,FALSE,,FALSE,,,,,,,,,,,,2810.7177,2811.3999,q,0.6156,,95,113,2,1,250,novel,,,FALSE,2811.4001,2811.4001,2811.4002,2811.4002,,94,0,94,0,1,,
,,,,,6971fc9a64f35b0ea162d3d6,2026-01-22_05h39.45.585,WP1_3,2025.2.3,Win32,30.03003003,6706af217ea3142dd07d1e83,695fcc08e6593b9a696132f7,,,,,,,,,,,,,,,,,,,,,,,,,,,,,,,,,,,,,,,,,,,,,,,,,,,,,,,,,,,,27,Celebrities_Faces/027_02_greyscale_250.png,,,,,,,,,,,,,,,,,,,,,,,,,,,,,,,,,,,,,1.762252268,2811.4004,2813.1665,,,,,,,,TRUE,,FALSE,,,,,,,,,,,,2813.1672,2813.8832,q,0.6665,,96,63,2,1,2,familiar,,,FALSE,2813.8834,2813.8835,2813.8835,2813.8835,,95,0,95,0,1,,
,,,,,6971fc9a64f35b0ea162d3d6,2026-01-22_05h39.45.585,WP1_3,2025.2.3,Win32,30.03003003,6706af217ea3142dd07d1e83,695fcc08e6593b9a696132f7,,,,,,,,,,,,,,,,,,,,,,,,,,,,,,,,,,,,,,,,,,,,,,,,,,,,,,,,,,,,47,stim_fam/047_rgray_250.png,,,,,,,,,,,,,,,,,,,,,,,,,,,,,,,,,,,,,1.881398828,2813.8837,2815.7666,,,,,,,,FALSE,,FALSE,,,,,,,,,,,,2815.7674,2816.6165,p,0.7905,,97,101,2,1,250,novel,,,FALSE,2816.6166,2816.6166,2816.6166,2816.6167,,96,0,96,0,1,,
,,,,,6971fc9a64f35b0ea162d3d6,2026-01-22_05h39.45.585,WP1_3,2025.2.3,Win32,30.03003003,6706af217ea3142dd07d1e83,695fcc08e6593b9a696132f7,,,,,,,,,,,,,,,,,,,,,,,,,,,,,,,,,,,,,,,,,,,,,,,,,,,,,,,,,,,,25,Celebrities_Faces/025_01_greyscale_250.png,,,,,,,,,,,,,,,,,,,,,,,,,,,,,,,,,,,,,2.2922691,2816.6169,2818.9001,,,,,,,,TRUE,,FALSE,,,,,,,,,,,,2818.9008,2819.7333,q,0.7785,,98,88,2,1,1,familiar,,,FALSE,2819.7334,2819.7335,2819.7335,2819.7336,,97,0,97,0,1,,
,,,,,6971fc9a64f35b0ea162d3d6,2026-01-22_05h39.45.585,WP1_3,2025.2.3,Win32,30.03003003,6706af217ea3142dd07d1e83,695fcc08e6593b9a696132f7,,,,,,,,,,,,,,,,,,,,,,,,,,,,,,,,,,,,,,,,,,,,,,,,,,,,,,,,,,,,52,stim_fam/052_rgray_250.png,,,,,,,,,,,,,,,,,,,,,,,,,,,,,,,,,,,,,1.670794327,2819.7338,2821.3995,,,,,,,,FALSE,,FALSE,,,,,,,,,,,,2821.4,2822.2176,p,0.7574,,99,93,2,1,250,novel,,,FALSE,2822.2182,2822.2183,2822.2184,2822.2185,,98,0,98,0,1,,
,,,,,6971fc9a64f35b0ea162d3d6,2026-01-22_05h39.45.585,WP1_3,2025.2.3,Win32,30.03003003,6706af217ea3142dd07d1e83,695fcc08e6593b9a696132f7,,,,,,,,,,,,,,,,,,,,,,,,,,,,,,,,,,,,,,,,,,,,,,,,,,,,,,,,,,,,21,stim_fam/021_rgray_250.png,,,,,,,,,,,,,,,,,,,,,,,,,,,,,,,,,,,,,2.450773605,2822.2191,2824.6668,,,,,,,,FALSE,,FALSE,,,,,,,,,,,,2824.6675,2825.3835,q,0.6518,,100,95,2,1,250,novel,,,FALSE,2825.3837,2825.3838,2825.3838,2825.3839,,99,0,99,0,1,,
,,,,,6971fc9a64f35b0ea162d3d6,2026-01-22_05h39.45.585,WP1_3,2025.2.3,Win32,30.03003003,6706af217ea3142dd07d1e83,695fcc08e6593b9a696132f7,,,,,,,,,,,,,,,,,,,,,,,,,,,,,,,,,,,,,,,,,,,,,,,,,,,,,,,,,,,,49,stim_fam/049_rgray_250.png,,,,,,,,,,,,,,,,,,,,,,,,,,,,,,,,,,,,,2.494923729,2825.3843,2827.8835,,,,,,,,FALSE,,FALSE,,,,,,,,,,,,2827.8845,2828.6663,q,0.7229,,101,115,2,1,250,novel,,,FALSE,2828.6666,2828.6666,2828.6666,2828.6667,,100,0,100,0,1,,
,,,,,6971fc9a64f35b0ea162d3d6,2026-01-22_05h39.45.585,WP1_3,2025.2.3,Win32,30.03003003,6706af217ea3142dd07d1e83,695fcc08e6593b9a696132f7,,,,,,,,,,,,,,,,,,,,,,,,,,,,,,,,,,,,,,,,,,,,,,,,,,,,,,,,,,,,5,Celebrities_Faces/005_02_greyscale_250.png,,,,,,,,,,,,,,,,,,,,,,,,,,,,,,,,,,,,,1.78265551,2828.6668,2830.45,,,,,,,,TRUE,,FALSE,,,,,,,,,,,,2830.4509,2831.2502,q,0.7347,,102,64,2,1,2,familiar,,,FALSE,2831.2511,2831.2513,2831.2513,2831.2513,,101,0,101,0,1,,
,,,,,6971fc9a64f35b0ea162d3d6,2026-01-22_05h39.45.585,WP1_3,2025.2.3,Win32,30.03003003,6706af217ea3142dd07d1e83,695fcc08e6593b9a696132f7,,,,,,,,,,,,,,,,,,,,,,,,,,,,,,,,,,,,,,,,,,,,,,,,,,,,,,,,,,,,88,stim_fam/088_rgray_250.png,,,,,,,,,,,,,,,,,,,,,,,,,,,,,,,,,,,,,1.768343323,2831.2517,2833.0162,,,,,,,,FALSE,,FALSE,,,,,,,,,,,,2833.0168,2833.8833,p,0.8169,,103,100,2,1,250,novel,,,FALSE,2833.8837,2833.8839,2833.8839,2833.884,,102,0,102,0,1,,
,,,,,6971fc9a64f35b0ea162d3d6,2026-01-22_05h39.45.585,WP1_3,2025.2.3,Win32,30.03003003,6706af217ea3142dd07d1e83,695fcc08e6593b9a696132f7,,,,,,,,,,,,,,,,,,,,,,,,,,,,,,,,,,,,,,,,,,,,,,,,,,,,,,,,,,,,74,stim_fam/074_rgray_250.png,,,,,,,,,,,,,,,,,,,,,,,,,,,,,,,,,,,,,2.363436201,2833.8845,2836.2496,,,,,,,,FALSE,,FALSE,,,,,,,,,,,,2836.2504,2837.1165,q,0.8084,,104,119,2,1,250,novel,,,FALSE,2837.1167,2837.1168,2837.1168,2837.1169,,103,0,103,0,1,,
,,,,,6971fc9a64f35b0ea162d3d6,2026-01-22_05h39.45.585,WP1_3,2025.2.3,Win32,30.03003003,6706af217ea3142dd07d1e83,695fcc08e6593b9a696132f7,,,,,,,,,,,,,,,,,,,,,,,,,,,,,,,,,,,,,,,,,,,,,,,,,,,,,,,,,,,,45,Celebrities_Faces/045_03_greyscale_250.png,,,,,,,,,,,,,,,,,,,,,,,,,,,,,,,,,,,,,1.754429441,2837.1174,2838.8663,,,,,,,,TRUE,,FALSE,,,,,,,,,,,,2838.8672,2839.7493,q,0.8213,,105,81,2,1,3,familiar,,,FALSE,2839.7494,2839.7495,2839.7495,2839.7495,,104,0,104,0,1,,
,,,,,6971fc9a64f35b0ea162d3d6,2026-01-22_05h39.45.585,WP1_3,2025.2.3,Win32,30.03003003,6706af217ea3142dd07d1e83,695fcc08e6593b9a696132f7,,,,,,,,,,,,,,,,,,,,,,,,,,,,,,,,,,,,,,,,,,,,,,,,,,,,,,,,,,,,41,stim_fam/041_rgray_250.png,,,,,,,,,,,,,,,,,,,,,,,,,,,,,,,,,,,,,1.51278992,2839.7497,2841.2667,,,,,,,,FALSE,,FALSE,,,,,,,,,,,,2841.2672,2842.1162,q,0.7889,,106,96,2,1,250,novel,,,FALSE,2842.1165,2842.1165,2842.1165,2842.1166,,105,0,105,0,1,,
,,,,,6971fc9a64f35b0ea162d3d6,2026-01-22_05h39.45.585,WP1_3,2025.2.3,Win32,30.03003003,6706af217ea3142dd07d1e83,695fcc08e6593b9a696132f7,,,,,,,,,,,,,,,,,,,,,,,,,,,,,,,,,,,,,,,,,,,,,,,,,,,,,,,,,,,,24,Celebrities_Faces/024_03_greyscale_250.png,,,,,,,,,,,,,,,,,,,,,,,,,,,,,,,,,,,,,1.590353409,2842.117,2843.6998,,,,,,,,TRUE,,TRUE,,,,,,,,,,,,2843.7008,2844.8163,,,,107,73,2,1,3,familiar,,,FALSE,2844.8168,2845.8161,2845.8161,2845.8162,,106,0,106,0,1,,
,,,,,6971fc9a64f35b0ea162d3d6,2026-01-22_05h39.45.585,WP1_3,2025.2.3,Win32,30.03003003,6706af217ea3142dd07d1e83,695fcc08e6593b9a696132f7,,,,,,,,,,,,,,,,,,,,,,,,,,,,,,,,,,,,,,,,,,,,,,,,,,,,,,,,,,,,10,stim_fam/010_rgray_250.png,,,,,,,,,,,,,,,,,,,,,,,,,,,,,,,,,,,,,2.461409913,2845.8166,2848.2661,,,,,,,,FALSE,,FALSE,,,,,,,,,,,,2848.2667,2848.9665,q,0.6455,,108,106,2,1,250,novel,,,FALSE,2848.9669,2848.9669,2848.967,2848.9671,,107,0,107,0,1,,
,,,,,6971fc9a64f35b0ea162d3d6,2026-01-22_05h39.45.585,WP1_3,2025.2.3,Win32,30.03003003,6706af217ea3142dd07d1e83,695fcc08e6593b9a696132f7,,,,,,,,,,,,,,,,,,,,,,,,,,,,,,,,,,,,,,,,,,,,,,,,,,,,,,,,,,,,55,stim_fam/055_rgray_250.png,,,,,,,,,,,,,,,,,,,,,,,,,,,,,,,,,,,,,1.883660854,2848.9674,2850.8493,,,,,,,,FALSE,,FALSE,,,,,,,,,,,,2850.8504,2851.516,q,0.6034,,109,110,2,1,250,novel,,,FALSE,2851.5162,2851.5162,2851.5162,2851.5163,,108,0,108,0,1,,
,,,,,6971fc9a64f35b0ea162d3d6,2026-01-22_05h39.45.585,WP1_3,2025.2.3,Win32,30.03003003,6706af217ea3142dd07d1e83,695fcc08e6593b9a696132f7,,,,,,,,,,,,,,,,,,,,,,,,,,,,,,,,,,,,,,,,,,,,,,,,,,,,,,,,,,,,23,stim_fam/023_rgray_250.png,,,,,,,,,,,,,,,,,,,,,,,,,,,,,,,,,,,,,2.417910993,2851.5165,2853.9327,,,,,,,,FALSE,,FALSE,,,,,,,,,,,,2853.9335,2854.8496,p,0.8601,,110,97,2,1,250,novel,,,FALSE,2854.8498,2854.85,2854.85,2854.8501,,109,0,109,0,1,,
,,,,,6971fc9a64f35b0ea162d3d6,2026-01-22_05h39.45.585,WP1_3,2025.2.3,Win32,30.03003003,6706af217ea3142dd07d1e83,695fcc08e6593b9a696132f7,,,,,,,,,,,,,,,,,,,,,,,,,,,,,,,,,,,,,,,,,,,,,,,,,,,,,,,,,,,,51,stim_fam/051_rgray_250.png,,,,,,,,,,,,,,,,,,,,,,,,,,,,,,,,,,,,,2.342963144,2854.8503,2857.1826,,,,,,,,FALSE,,FALSE,,,,,,,,,,,,2857.1831,2858.0663,p,0.8256,,111,111,2,1,250,novel,,,FALSE,2858.0666,2858.0666,2858.0667,2858.0667,,110,0,110,0,1,,
,,,,,6971fc9a64f35b0ea162d3d6,2026-01-22_05h39.45.585,WP1_3,2025.2.3,Win32,30.03003003,6706af217ea3142dd07d1e83,695fcc08e6593b9a696132f7,,,,,,,,,,,,,,,,,,,,,,,,,,,,,,,,,,,,,,,,,,,,,,,,,,,,,,,,,,,,12,Celebrities_Faces/012_03_greyscale_250.png,,,,,,,,,,,,,,,,,,,,,,,,,,,,,,,,,,,,,2.482771251,2858.0671,2860.5496,,,,,,,,TRUE,,FALSE,,,,,,,,,,,,2860.5505,2861.2659,q,0.6577,,112,89,2,1,3,familiar,,,FALSE,2861.266,2861.266,2861.266,2861.2661,,111,0,111,0,1,,
,,,,,6971fc9a64f35b0ea162d3d6,2026-01-22_05h39.45.585,WP1_3,2025.2.3,Win32,30.03003003,6706af217ea3142dd07d1e83,695fcc08e6593b9a696132f7,,,,,,,,,,,,,,,,,,,,,,,,,,,,,,,,,,,,,,,,,,,,,,,,,,,,,,,,,,,,20,Celebrities_Faces/020_03_greyscale_250.png,,,,,,,,,,,,,,,,,,,,,,,,,,,,,,,,,,,,,2.27035426,2861.2663,2863.5326,,,,,,,,TRUE,,FALSE,,,,,,,,,,,,2863.5336,2864.3198,q,0.7391,,113,79,2,1,3,familiar,,,FALSE,2864.3205,2864.3205,2864.3206,2864.3206,,112,0,112,0,1,,
,,,,,6971fc9a64f35b0ea162d3d6,2026-01-22_05h39.45.585,WP1_3,2025.2.3,Win32,30.03003003,6706af217ea3142dd07d1e83,695fcc08e6593b9a696132f7,,,,,,,,,,,,,,,,,,,,,,,,,,,,,,,,,,,,,,,,,,,,,,,,,,,,,,,,,,,,57,Celebrities_Faces/057_03_greyscale_250.png,,,,,,,,,,,,,,,,,,,,,,,,,,,,,,,,,,,,,1.992858321,2864.3208,2866.3167,,,,,,,,TRUE,,FALSE,,,,,,,,,,,,2866.3177,2867.1826,p,0.8006,,114,66,2,1,3,familiar,,,FALSE,2867.1829,2867.183,2867.183,2867.1831,,113,0,113,0,1,,
,,,,,6971fc9a64f35b0ea162d3d6,2026-01-22_05h39.45.585,WP1_3,2025.2.3,Win32,30.03003003,6706af217ea3142dd07d1e83,695fcc08e6593b9a696132f7,,,,,,,,,,,,,,,,,,,,,,,,,,,,,,,,,,,,,,,,,,,,,,,,,,,,,,,,,,,,44,Celebrities_Faces/044_02_greyscale_250.png,,,,,,,,,,,,,,,,,,,,,,,,,,,,,,,,,,,,,1.970494957,2867.1834,2869.1492,,,,,,,,TRUE,,FALSE,,,,,,,,,,,,2869.15,2870.099,q,0.8917,,115,67,2,1,2,familiar,,,FALSE,2870.0991,2870.0991,2870.0991,2870.0992,,114,0,114,0,1,,
,,,,,6971fc9a64f35b0ea162d3d6,2026-01-22_05h39.45.585,WP1_3,2025.2.3,Win32,30.03003003,6706af217ea3142dd07d1e83,695fcc08e6593b9a696132f7,,,,,,,,,,,,,,,,,,,,,,,,,,,,,,,,,,,,,,,,,,,,,,,,,,,,,,,,,,,,2,Celebrities_Faces/002_03_greyscale_250.png,,,,,,,,,,,,,,,,,,,,,,,,,,,,,,,,,,,,,1.972756684,2870.0994,2872.0659,,,,,,,,TRUE,,TRUE,,,,,,,,,,,,2872.0671,2873.1827,,,,116,75,2,1,3,familiar,,,FALSE,2873.183,2874.1825,2874.1826,2874.1827,,115,0,115,0,1,,
,,,,,6971fc9a64f35b0ea162d3d6,2026-01-22_05h39.45.585,WP1_3,2025.2.3,Win32,30.03003003,6706af217ea3142dd07d1e83,695fcc08e6593b9a696132f7,,,,,,,,,,,,,,,,,,,,,,,,,,,,,,,,,,,,,,,,,,,,,,,,,,,,,,,,,,,,32,Celebrities_Faces/032_03_greyscale_250.png,,,,,,,,,,,,,,,,,,,,,,,,,,,,,,,,,,,,,2.43650531,2874.1833,2876.616,,,,,,,,TRUE,,FALSE,,,,,,,,,,,,2876.617,2877.4822,q,0.8045,,117,87,2,1,3,familiar,,,FALSE,2877.4825,2877.4826,2877.4826,2877.4826,,116,0,116,0,1,,
,,,,,6971fc9a64f35b0ea162d3d6,2026-01-22_05h39.45.585,WP1_3,2025.2.3,Win32,30.03003003,6706af217ea3142dd07d1e83,695fcc08e6593b9a696132f7,,,,,,,,,,,,,,,,,,,,,,,,,,,,,,,,,,,,,,,,,,,,,,,,,,,,,,,,,,,,41,Celebrities_Faces/041_01_greyscale_250.png,,,,,,,,,,,,,,,,,,,,,,,,,,,,,,,,,,,,,2.2092153,2877.483,2879.6823,,,,,,,,TRUE,,FALSE,,,,,,,,,,,,2879.6833,2880.5656,q,0.8258,,118,84,2,1,1,familiar,,,FALSE,2880.5658,2880.5659,2880.5659,2880.5659,,117,0,117,0,1,,
,,,,,6971fc9a64f35b0ea162d3d6,2026-01-22_05h39.45.585,WP1_3,2025.2.3,Win32,30.03003003,6706af217ea3142dd07d1e83,695fcc08e6593b9a696132f7,,,,,,,,,,,,,,,,,,,,,,,,,,,,,,,,,,,,,,,,,,,,,,,,,,,,,,,,,,,,4,stim_fam/004_rgray_250.png,,,,,,,,,,,,,,,,,,,,,,,,,,,,,,,,,,,,,2.40599808,2880.5662,2882.9656,,,,,,,,FALSE,,FALSE,,,,,,,,,,,,2882.9662,2883.7659,q,0.7415,,119,98,2,1,250,novel,,,FALSE,2883.7663,2883.7664,2883.7664,2883.7665,,118,0,118,0,1,,
,,,,,6971fc9a64f35b0ea162d3d6,2026-01-22_05h39.45.585,WP1_3,2025.2.3,Win32,30.03003003,6706af217ea3142dd07d1e83,695fcc08e6593b9a696132f7,,,,,,,,,,,,,,,,,,,,,,,,,,,,,,,,,,,,,,,,,,,,,,,,,,,,,,,,,,,,49,Celebrities_Faces/049_03_greyscale_250.png,,,,,,,,,,,,,,,,,,,,,,,,,,,,,,,,,,,,,2.461343484,2883.767,2886.2322,,,,,,,,TRUE,,FALSE,,,,,,,,,,,,2886.2328,2887.0323,p,0.7178,,120,83,2,1,3,familiar,,,FALSE,2887.0325,2887.0326,2887.0326,3035.0304,space,119,0,119,0,1,147.981,
,,,,,6971fc9a64f35b0ea162d3d6,2026-01-22_05h39.45.585,WP1_3,2025.2.3,Win32,30.03003003,6706af217ea3142dd07d1e83,695fcc08e6593b9a696132f7,,,,,,,,,,,,,,,,,,,,,,,,,,,,,,,,,,,,,,,,,,,,,,,,,,,,,,,,,,,,79,stim_fam/079_rgray_250.png,,,,,,,,,,,,,,,,,,,,,,,,,,,,,,,,,,,,,1.55018331,3035.0309,3036.5805,,,,,,,,FALSE,,TRUE,,,,,,,,,,,,3036.5816,3037.697,q,1.0419,,121,178,3,1,250,novel,,,FALSE,3037.6974,3038.6971,3038.6971,3038.6973,,120,0,120,0,1,,
,,,,,6971fc9a64f35b0ea162d3d6,2026-01-22_05h39.45.585,WP1_3,2025.2.3,Win32,30.03003003,6706af217ea3142dd07d1e83,695fcc08e6593b9a696132f7,,,,,,,,,,,,,,,,,,,,,,,,,,,,,,,,,,,,,,,,,,,,,,,,,,,,,,,,,,,,39,Celebrities_Faces/039_03_greyscale_250.png,,,,,,,,,,,,,,,,,,,,,,,,,,,,,,,,,,,,,1.719592781,3038.6977,3040.4134,,,,,,,,TRUE,,FALSE,,,,,,,,,,,,3040.4139,3041.1972,q,0.7265,,122,131,3,1,3,familiar,,,FALSE,3041.1975,3041.1977,3041.1977,3041.1978,,121,0,121,0,1,,
,,,,,6971fc9a64f35b0ea162d3d6,2026-01-22_05h39.45.585,WP1_3,2025.2.3,Win32,30.03003003,6706af217ea3142dd07d1e83,695fcc08e6593b9a696132f7,,,,,,,,,,,,,,,,,,,,,,,,,,,,,,,,,,,,,,,,,,,,,,,,,,,,,,,,,,,,57,Celebrities_Faces/057_01_greyscale_250.png,,,,,,,,,,,,,,,,,,,,,,,,,,,,,,,,,,,,,1.541981965,3041.1983,3042.7303,,,,,,,,TRUE,,FALSE,,,,,,,,,,,,3042.7314,3043.3467,q,0.5665,,123,126,3,1,1,familiar,,,FALSE,3043.3469,3043.347,3043.347,3043.3471,,122,0,122,0,1,,
,,,,,6971fc9a64f35b0ea162d3d6,2026-01-22_05h39.45.585,WP1_3,2025.2.3,Win32,30.03003003,6706af217ea3142dd07d1e83,695fcc08e6593b9a696132f7,,,,,,,,,,,,,,,,,,,,,,,,,,,,,,,,,,,,,,,,,,,,,,,,,,,,,,,,,,,,76,stim_fam/076_rgray_250.png,,,,,,,,,,,,,,,,,,,,,,,,,,,,,,,,,,,,,2.275644058,3043.3476,3045.6131,,,,,,,,FALSE,,FALSE,,,,,,,,,,,,3045.6136,3046.4469,p,0.7783,,124,177,3,1,250,novel,,,FALSE,3046.4471,3046.4472,3046.4472,3046.4473,,123,0,123,0,1,,
,,,,,6971fc9a64f35b0ea162d3d6,2026-01-22_05h39.45.585,WP1_3,2025.2.3,Win32,30.03003003,6706af217ea3142dd07d1e83,695fcc08e6593b9a696132f7,,,,,,,,,,,,,,,,,,,,,,,,,,,,,,,,,,,,,,,,,,,,,,,,,,,,,,,,,,,,7,Celebrities_Faces/007_03_greyscale_250.png,,,,,,,,,,,,,,,,,,,,,,,,,,,,,,,,,,,,,2.005193627,3046.4477,3048.4471,,,,,,,,TRUE,,TRUE,,,,,,,,,,,,3048.4481,3049.5636,,,,125,137,3,1,3,familiar,,,FALSE,3049.5639,3050.5633,3050.5634,3050.5635,,124,0,124,0,1,,
,,,,,6971fc9a64f35b0ea162d3d6,2026-01-22_05h39.45.585,WP1_3,2025.2.3,Win32,30.03003003,6706af217ea3142dd07d1e83,695fcc08e6593b9a696132f7,,,,,,,,,,,,,,,,,,,,,,,,,,,,,,,,,,,,,,,,,,,,,,,,,,,,,,,,,,,,54,stim_fam/054_rgray_250.png,,,,,,,,,,,,,,,,,,,,,,,,,,,,,,,,,,,,,2.335572907,3050.564,3052.8967,,,,,,,,FALSE,,FALSE,,,,,,,,,,,,3052.898,3053.5637,q,0.6058,,126,172,3,1,250,novel,,,FALSE,3053.564,3053.564,3053.564,3053.5641,,125,0,125,0,1,,
,,,,,6971fc9a64f35b0ea162d3d6,2026-01-22_05h39.45.585,WP1_3,2025.2.3,Win32,30.03003003,6706af217ea3142dd07d1e83,695fcc08e6593b9a696132f7,,,,,,,,,,,,,,,,,,,,,,,,,,,,,,,,,,,,,,,,,,,,,,,,,,,,,,,,,,,,71,stim_fam/071_rgray_250.png,,,,,,,,,,,,,,,,,,,,,,,,,,,,,,,,,,,,,2.430176941,3053.5644,3055.9968,,,,,,,,FALSE,,FALSE,,,,,,,,,,,,3055.9976,3056.7803,q,0.7166,,127,160,3,1,250,novel,,,FALSE,3056.7805,3056.7806,3056.7806,3056.7806,,126,0,126,0,1,,
,,,,,6971fc9a64f35b0ea162d3d6,2026-01-22_05h39.45.585,WP1_3,2025.2.3,Win32,30.03003003,6706af217ea3142dd07d1e83,695fcc08e6593b9a696132f7,,,,,,,,,,,,,,,,,,,,,,,,,,,,,,,,,,,,,,,,,,,,,,,,,,,,,,,,,,,,45,Celebrities_Faces/045_02_greyscale_250.png,,,,,,,,,,,,,,,,,,,,,,,,,,,,,,,,,,,,,2.053271617,3056.7812,3058.8299,,,,,,,,TRUE,,FALSE,,,,,,,,,,,,3058.8307,3059.5969,q,0.7034,,128,141,3,1,2,familiar,,,FALSE,3059.5972,3059.5972,3059.5972,3059.5974,,127,0,127,0,1,,
,,,,,6971fc9a64f35b0ea162d3d6,2026-01-22_05h39.45.585,WP1_3,2025.2.3,Win32,30.03003003,6706af217ea3142dd07d1e83,695fcc08e6593b9a696132f7,,,,,,,,,,,,,,,,,,,,,,,,,,,,,,,,,,,,,,,,,,,,,,,,,,,,,,,,,,,,30,Celebrities_Faces/030_01_greyscale_250.png,,,,,,,,,,,,,,,,,,,,,,,,,,,,,,,,,,,,,2.03147625,3059.5979,3061.6302,,,,,,,,TRUE,,FALSE,,,,,,,,,,,,3061.6311,3062.3297,q,0.6348,,129,121,3,1,1,familiar,,,FALSE,3062.3299,3062.33,3062.33,3062.33,,128,0,128,0,1,,
,,,,,6971fc9a64f35b0ea162d3d6,2026-01-22_05h39.45.585,WP1_3,2025.2.3,Win32,30.03003003,6706af217ea3142dd07d1e83,695fcc08e6593b9a696132f7,,,,,,,,,,,,,,,,,,,,,,,,,,,,,,,,,,,,,,,,,,,,,,,,,,,,,,,,,,,,20,stim_fam/020_rgray_250.png,,,,,,,,,,,,,,,,,,,,,,,,,,,,,,,,,,,,,2.124401641,3062.3303,3064.4463,,,,,,,,FALSE,,FALSE,,,,,,,,,,,,3064.4468,3065.2968,p,0.7921,,130,165,3,1,250,novel,,,FALSE,3065.2971,3065.2973,3065.2973,3065.2974,,129,0,129,0,1,,
,,,,,6971fc9a64f35b0ea162d3d6,2026-01-22_05h39.45.585,WP1_3,2025.2.3,Win32,30.03003003,6706af217ea3142dd07d1e83,695fcc08e6593b9a696132f7,,,,,,,,,,,,,,,,,,,,,,,,,,,,,,,,,,,,,,,,,,,,,,,,,,,,,,,,,,,,41,Celebrities_Faces/041_02_greyscale_250.png,,,,,,,,,,,,,,,,,,,,,,,,,,,,,,,,,,,,,1.847929634,3065.2979,3067.1465,,,,,,,,TRUE,,FALSE,,,,,,,,,,,,3067.1472,3067.8801,p,0.6746,,131,144,3,1,2,familiar,,,FALSE,3067.8803,3067.8804,3067.8804,3067.8805,,130,0,130,0,1,,
,,,,,6971fc9a64f35b0ea162d3d6,2026-01-22_05h39.45.585,WP1_3,2025.2.3,Win32,30.03003003,6706af217ea3142dd07d1e83,695fcc08e6593b9a696132f7,,,,,,,,,,,,,,,,,,,,,,,,,,,,,,,,,,,,,,,,,,,,,,,,,,,,,,,,,,,,31,stim_fam/031_rgray_250.png,,,,,,,,,,,,,,,,,,,,,,,,,,,,,,,,,,,,,1.587118007,3067.8809,3069.4634,,,,,,,,FALSE,,FALSE,,,,,,,,,,,,3069.4642,3070.3798,q,0.8519,,132,169,3,1,250,novel,,,FALSE,3070.3799,3070.3799,3070.3799,3070.38,,131,0,131,0,1,,
,,,,,6971fc9a64f35b0ea162d3d6,2026-01-22_05h39.45.585,WP1_3,2025.2.3,Win32,30.03003003,6706af217ea3142dd07d1e83,695fcc08e6593b9a696132f7,,,,,,,,,,,,,,,,,,,,,,,,,,,,,,,,,,,,,,,,,,,,,,,,,,,,,,,,,,,,1,Celebrities_Faces/001_02_greyscale_250.png,,,,,,,,,,,,,,,,,,,,,,,,,,,,,,,,,,,,,1.818313136,3070.3801,3072.1964,,,,,,,,TRUE,,FALSE,,,,,,,,,,,,3072.1973,3073.0134,q,0.7559,,133,140,3,1,2,familiar,,,FALSE,3073.0136,3073.0138,3073.0138,3073.0138,,132,0,132,0,1,,
,,,,,6971fc9a64f35b0ea162d3d6,2026-01-22_05h39.45.585,WP1_3,2025.2.3,Win32,30.03003003,6706af217ea3142dd07d1e83,695fcc08e6593b9a696132f7,,,,,,,,,,,,,,,,,,,,,,,,,,,,,,,,,,,,,,,,,,,,,,,,,,,,,,,,,,,,59,stim_fam/059_rgray_250.png,,,,,,,,,,,,,,,,,,,,,,,,,,,,,,,,,,,,,1.618387741,3073.0143,3074.6298,,,,,,,,FALSE,,FALSE,,,,,,,,,,,,3074.631,3075.5964,q,0.9164,,134,162,3,1,250,novel,,,FALSE,3075.5967,3075.5968,3075.5968,3075.597,,133,0,133,0,1,,
,,,,,6971fc9a64f35b0ea162d3d6,2026-01-22_05h39.45.585,WP1_3,2025.2.3,Win32,30.03003003,6706af217ea3142dd07d1e83,695fcc08e6593b9a696132f7,,,,,,,,,,,,,,,,,,,,,,,,,,,,,,,,,,,,,,,,,,,,,,,,,,,,,,,,,,,,97,stim_fam/097_rgray_250.png,,,,,,,,,,,,,,,,,,,,,,,,,,,,,,,,,,,,,1.792364123,3075.5974,3077.3799,,,,,,,,FALSE,,FALSE,,,,,,,,,,,,3077.3807,3078.2301,p,0.7984,,135,153,3,1,250,novel,,,FALSE,3078.2302,3078.2303,3078.2303,3078.2305,,134,0,134,0,1,,
,,,,,6971fc9a64f35b0ea162d3d6,2026-01-22_05h39.45.585,WP1_3,2025.2.3,Win32,30.03003003,6706af217ea3142dd07d1e83,695fcc08e6593b9a696132f7,,,,,,,,,,,,,,,,,,,,,,,,,,,,,,,,,,,,,,,,,,,,,,,,,,,,,,,,,,,,19,stim_fam/019_rgray_250.png,,,,,,,,,,,,,,,,,,,,,,,,,,,,,,,,,,,,,2.396643602,3078.231,3080.6299,,,,,,,,FALSE,,FALSE,,,,,,,,,,,,3080.6307,3081.3796,q,0.6829,,136,154,3,1,250,novel,,,FALSE,3081.3799,3081.38,3081.38,3081.38,,135,0,135,0,1,,
,,,,,6971fc9a64f35b0ea162d3d6,2026-01-22_05h39.45.585,WP1_3,2025.2.3,Win32,30.03003003,6706af217ea3142dd07d1e83,695fcc08e6593b9a696132f7,,,,,,,,,,,,,,,,,,,,,,,,,,,,,,,,,,,,,,,,,,,,,,,,,,,,,,,,,,,,24,Celebrities_Faces/024_02_greyscale_250.png,,,,,,,,,,,,,,,,,,,,,,,,,,,,,,,,,,,,,1.864520186,3081.3804,3083.2462,,,,,,,,TRUE,,FALSE,,,,,,,,,,,,3083.2472,3084.0964,q,0.788,,137,133,3,1,2,familiar,,,FALSE,3084.0968,3084.0968,3084.0969,3084.0969,,136,0,136,0,1,,
,,,,,6971fc9a64f35b0ea162d3d6,2026-01-22_05h39.45.585,WP1_3,2025.2.3,Win32,30.03003003,6706af217ea3142dd07d1e83,695fcc08e6593b9a696132f7,,,,,,,,,,,,,,,,,,,,,,,,,,,,,,,,,,,,,,,,,,,,,,,,,,,,,,,,,,,,2,Celebrities_Faces/002_02_greyscale_250.png,,,,,,,,,,,,,,,,,,,,,,,,,,,,,,,,,,,,,1.539215052,3084.0974,3085.6297,,,,,,,,TRUE,,FALSE,,,,,,,,,,,,3085.6309,3086.6133,p,0.9173,,138,135,3,1,2,familiar,,,FALSE,3086.6136,3086.6136,3086.6137,3086.6138,,137,0,137,0,1,,
,,,,,6971fc9a64f35b0ea162d3d6,2026-01-22_05h39.45.585,WP1_3,2025.2.3,Win32,30.03003003,6706af217ea3142dd07d1e83,695fcc08e6593b9a696132f7,,,,,,,,,,,,,,,,,,,,,,,,,,,,,,,,,,,,,,,,,,,,,,,,,,,,,,,,,,,,103,stim_fam/103_rgray_250.png,,,,,,,,,,,,,,,,,,,,,,,,,,,,,,,,,,,,,2.119724606,3086.6142,3088.7297,,,,,,,,FALSE,,FALSE,,,,,,,,,,,,3088.7306,3089.6634,q,0.881,,139,152,3,1,250,novel,,,FALSE,3089.6636,3089.6636,3089.6637,3089.6637,,138,0,138,0,1,,
,,,,,6971fc9a64f35b0ea162d3d6,2026-01-22_05h39.45.585,WP1_3,2025.2.3,Win32,30.03003003,6706af217ea3142dd07d1e83,695fcc08e6593b9a696132f7,,,,,,,,,,,,,,,,,,,,,,,,,,,,,,,,,,,,,,,,,,,,,,,,,,,,,,,,,,,,3,stim_fam/003_rgray_250.png,,,,,,,,,,,,,,,,,,,,,,,,,,,,,,,,,,,,,2.364399229,3089.6642,3092.0296,,,,,,,,FALSE,,FALSE,,,,,,,,,,,,3092.0304,3092.7632,q,0.6707,,140,161,3,1,250,novel,,,FALSE,3092.7635,3092.7635,3092.7635,3092.7636,,139,0,139,0,1,,
,,,,,6971fc9a64f35b0ea162d3d6,2026-01-22_05h39.45.585,WP1_3,2025.2.3,Win32,30.03003003,6706af217ea3142dd07d1e83,695fcc08e6593b9a696132f7,,,,,,,,,,,,,,,,,,,,,,,,,,,,,,,,,,,,,,,,,,,,,,,,,,,,,,,,,,,,17,Celebrities_Faces/017_01_greyscale_250.png,,,,,,,,,,,,,,,,,,,,,,,,,,,,,,,,,,,,,1.626414107,3092.7641,3094.3796,,,,,,,,TRUE,,FALSE,,,,,,,,,,,,3094.3805,3095.2296,q,0.7983,,141,146,3,1,1,familiar,,,FALSE,3095.2299,3095.23,3095.23,3095.2301,,140,0,140,0,1,,
,,,,,6971fc9a64f35b0ea162d3d6,2026-01-22_05h39.45.585,WP1_3,2025.2.3,Win32,30.03003003,6706af217ea3142dd07d1e83,695fcc08e6593b9a696132f7,,,,,,,,,,,,,,,,,,,,,,,,,,,,,,,,,,,,,,,,,,,,,,,,,,,,,,,,,,,,5,Celebrities_Faces/005_01_greyscale_250.png,,,,,,,,,,,,,,,,,,,,,,,,,,,,,,,,,,,,,2.116063044,3095.2308,3097.3463,,,,,,,,TRUE,,FALSE,,,,,,,,,,,,3097.3475,3098.1126,q,0.7034,,142,124,3,1,1,familiar,,,FALSE,3098.1128,3098.1128,3098.1128,3098.1129,,141,0,141,0,1,,
,,,,,6971fc9a64f35b0ea162d3d6,2026-01-22_05h39.45.585,WP1_3,2025.2.3,Win32,30.03003003,6706af217ea3142dd07d1e83,695fcc08e6593b9a696132f7,,,,,,,,,,,,,,,,,,,,,,,,,,,,,,,,,,,,,,,,,,,,,,,,,,,,,,,,,,,,50,Celebrities_Faces/050_01_greyscale_250.png,,,,,,,,,,,,,,,,,,,,,,,,,,,,,,,,,,,,,2.194566017,3098.1132,3100.2958,,,,,,,,TRUE,,FALSE,,,,,,,,,,,,3100.2964,3101.2958,q,0.9368,,143,150,3,1,1,familiar,,,FALSE,3101.296,3101.2961,3101.2961,3101.2961,,142,0,142,0,1,,
,,,,,6971fc9a64f35b0ea162d3d6,2026-01-22_05h39.45.585,WP1_3,2025.2.3,Win32,30.03003003,6706af217ea3142dd07d1e83,695fcc08e6593b9a696132f7,,,,,,,,,,,,,,,,,,,,,,,,,,,,,,,,,,,,,,,,,,,,,,,,,,,,,,,,,,,,30,stim_fam/030_rgray_250.png,,,,,,,,,,,,,,,,,,,,,,,,,,,,,,,,,,,,,1.873255545,3101.2964,3103.1627,,,,,,,,FALSE,,FALSE,,,,,,,,,,,,3103.1638,3103.9964,q,0.7784,,144,171,3,1,250,novel,,,FALSE,3103.9966,3103.9966,3103.9967,3103.9968,,143,0,143,0,1,,
,,,,,6971fc9a64f35b0ea162d3d6,2026-01-22_05h39.45.585,WP1_3,2025.2.3,Win32,30.03003003,6706af217ea3142dd07d1e83,695fcc08e6593b9a696132f7,,,,,,,,,,,,,,,,,,,,,,,,,,,,,,,,,,,,,,,,,,,,,,,,,,,,,,,,,,,,38,Celebrities_Faces/038_01_greyscale_250.png,,,,,,,,,,,,,,,,,,,,,,,,,,,,,,,,,,,,,2.067760527,3103.9972,3106.0627,,,,,,,,TRUE,,FALSE,,,,,,,,,,,,3106.0635,3106.8459,p,0.7207,,145,136,3,1,1,familiar,,,FALSE,3106.8461,3106.8462,3106.8462,3106.8463,,144,0,144,0,1,,
,,,,,6971fc9a64f35b0ea162d3d6,2026-01-22_05h39.45.585,WP1_3,2025.2.3,Win32,30.03003003,6706af217ea3142dd07d1e83,695fcc08e6593b9a696132f7,,,,,,,,,,,,,,,,,,,,,,,,,,,,,,,,,,,,,,,,,,,,,,,,,,,,,,,,,,,,32,Celebrities_Faces/032_02_greyscale_250.png,,,,,,,,,,,,,,,,,,,,,,,,,,,,,,,,,,,,,1.530893896,3106.8467,3108.3794,,,,,,,,TRUE,,FALSE,,,,,,,,,,,,3108.3805,3109.146,p,0.7076,,146,147,3,1,2,familiar,,,FALSE,3109.1463,3109.1463,3109.1464,3109.1466,,145,0,145,0,1,,
,,,,,6971fc9a64f35b0ea162d3d6,2026-01-22_05h39.45.585,WP1_3,2025.2.3,Win32,30.03003003,6706af217ea3142dd07d1e83,695fcc08e6593b9a696132f7,,,,,,,,,,,,,,,,,,,,,,,,,,,,,,,,,,,,,,,,,,,,,,,,,,,,,,,,,,,,49,Celebrities_Faces/049_02_greyscale_250.png,,,,,,,,,,,,,,,,,,,,,,,,,,,,,,,,,,,,,1.847585178,3109.1472,3110.9956,,,,,,,,TRUE,,FALSE,,,,,,,,,,,,3110.996,3111.746,q,0.6931,,147,143,3,1,2,familiar,,,FALSE,3111.7462,3111.7463,3111.7463,3111.7464,,146,0,146,0,1,,
,,,,,6971fc9a64f35b0ea162d3d6,2026-01-22_05h39.45.585,WP1_3,2025.2.3,Win32,30.03003003,6706af217ea3142dd07d1e83,695fcc08e6593b9a696132f7,,,,,,,,,,,,,,,,,,,,,,,,,,,,,,,,,,,,,,,,,,,,,,,,,,,,,,,,,,,,20,Celebrities_Faces/020_02_greyscale_250.png,,,,,,,,,,,,,,,,,,,,,,,,,,,,,,,,,,,,,1.996380344,3111.7468,3113.7461,,,,,,,,TRUE,,FALSE,,,,,,,,,,,,3113.7471,3114.6793,p,0.869,,148,139,3,1,2,familiar,,,FALSE,3114.6795,3114.6795,3114.6796,3114.6797,,147,0,147,0,1,,
,,,,,6971fc9a64f35b0ea162d3d6,2026-01-22_05h39.45.585,WP1_3,2025.2.3,Win32,30.03003003,6706af217ea3142dd07d1e83,695fcc08e6593b9a696132f7,,,,,,,,,,,,,,,,,,,,,,,,,,,,,,,,,,,,,,,,,,,,,,,,,,,,,,,,,,,,102,stim_fam/102_rgray_250.png,,,,,,,,,,,,,,,,,,,,,,,,,,,,,,,,,,,,,1.964495935,3114.6801,3116.6459,,,,,,,,FALSE,,FALSE,,,,,,,,,,,,3116.647,3117.4128,q,0.7028,,149,164,3,1,250,novel,,,FALSE,3117.4131,3117.4132,3117.4132,3117.4133,,148,0,148,0,1,,
,,,,,6971fc9a64f35b0ea162d3d6,2026-01-22_05h39.45.585,WP1_3,2025.2.3,Win32,30.03003003,6706af217ea3142dd07d1e83,695fcc08e6593b9a696132f7,,,,,,,,,,,,,,,,,,,,,,,,,,,,,,,,,,,,,,,,,,,,,,,,,,,,,,,,,,,,22,Celebrities_Faces/022_01_greyscale_250.png,,,,,,,,,,,,,,,,,,,,,,,,,,,,,,,,,,,,,2.156494097,3117.4136,3119.5625,,,,,,,,TRUE,,TRUE,,,,,,,,,,,,3119.5635,3120.6791,,,,150,132,3,1,1,familiar,,,FALSE,3120.6795,3121.6791,3121.6791,3121.6792,,149,0,149,0,1,,
,,,,,6971fc9a64f35b0ea162d3d6,2026-01-22_05h39.45.585,WP1_3,2025.2.3,Win32,30.03003003,6706af217ea3142dd07d1e83,695fcc08e6593b9a696132f7,,,,,,,,,,,,,,,,,,,,,,,,,,,,,,,,,,,,,,,,,,,,,,,,,,,,,,,,,,,,65,stim_fam/065_rgray_250.png,,,,,,,,,,,,,,,,,,,,,,,,,,,,,,,,,,,,,2.044964472,3121.6797,3123.7126,,,,,,,,FALSE,,FALSE,,,,,,,,,,,,3123.7135,3124.8125,p,1.0366,,151,174,3,1,250,novel,,,FALSE,3124.8128,3124.813,3124.813,3124.8131,,150,0,150,0,1,,
,,,,,6971fc9a64f35b0ea162d3d6,2026-01-22_05h39.45.585,WP1_3,2025.2.3,Win32,30.03003003,6706af217ea3142dd07d1e83,695fcc08e6593b9a696132f7,,,,,,,,,,,,,,,,,,,,,,,,,,,,,,,,,,,,,,,,,,,,,,,,,,,,,,,,,,,,36,stim_fam/036_rgray_250.png,,,,,,,,,,,,,,,,,,,,,,,,,,,,,,,,,,,,,2.047528706,3124.8135,3126.8624,,,,,,,,FALSE,,FALSE,,,,,,,,,,,,3126.8633,3127.596,q,0.6716,,152,168,3,1,250,novel,,,FALSE,3127.5962,3127.5962,3127.5963,3127.5963,,151,0,151,0,1,,
,,,,,6971fc9a64f35b0ea162d3d6,2026-01-22_05h39.45.585,WP1_3,2025.2.3,Win32,30.03003003,6706af217ea3142dd07d1e83,695fcc08e6593b9a696132f7,,,,,,,,,,,,,,,,,,,,,,,,,,,,,,,,,,,,,,,,,,,,,,,,,,,,,,,,,,,,27,Celebrities_Faces/027_03_greyscale_250.png,,,,,,,,,,,,,,,,,,,,,,,,,,,,,,,,,,,,,2.013589444,3127.5968,3129.6126,,,,,,,,TRUE,,FALSE,,,,,,,,,,,,3129.6135,3130.5462,q,0.8734,,153,123,3,1,3,familiar,,,FALSE,3130.5464,3130.5466,3130.5466,3130.5467,,152,0,152,0,1,,
,,,,,6971fc9a64f35b0ea162d3d6,2026-01-22_05h39.45.585,WP1_3,2025.2.3,Win32,30.03003003,6706af217ea3142dd07d1e83,695fcc08e6593b9a696132f7,,,,,,,,,,,,,,,,,,,,,,,,,,,,,,,,,,,,,,,,,,,,,,,,,,,,,,,,,,,,26,stim_fam/026_rgray_250.png,,,,,,,,,,,,,,,,,,,,,,,,,,,,,,,,,,,,,2.118337222,3130.5471,3132.662,,,,,,,,FALSE,,FALSE,,,,,,,,,,,,3132.6625,3133.4458,p,0.7249,,154,167,3,1,250,novel,,,FALSE,3133.446,3133.4461,3133.4461,3133.4462,,153,0,153,0,1,,
,,,,,6971fc9a64f35b0ea162d3d6,2026-01-22_05h39.45.585,WP1_3,2025.2.3,Win32,30.03003003,6706af217ea3142dd07d1e83,695fcc08e6593b9a696132f7,,,,,,,,,,,,,,,,,,,,,,,,,,,,,,,,,,,,,,,,,,,,,,,,,,,,,,,,,,,,80,stim_fam/080_rgray_250.png,,,,,,,,,,,,,,,,,,,,,,,,,,,,,,,,,,,,,2.133653134,3133.4465,3135.5789,,,,,,,,FALSE,,FALSE,,,,,,,,,,,,3135.5795,3136.5122,q,0.8751,,155,159,3,1,250,novel,,,FALSE,3136.5124,3136.5125,3136.5125,3136.5126,,154,0,154,0,1,,
,,,,,6971fc9a64f35b0ea162d3d6,2026-01-22_05h39.45.585,WP1_3,2025.2.3,Win32,30.03003003,6706af217ea3142dd07d1e83,695fcc08e6593b9a696132f7,,,,,,,,,,,,,,,,,,,,,,,,,,,,,,,,,,,,,,,,,,,,,,,,,,,,,,,,,,,,7,stim_fam/007_rgray_250.png,,,,,,,,,,,,,,,,,,,,,,,,,,,,,,,,,,,,,2.21281678,3136.5129,3138.729,,,,,,,,FALSE,,FALSE,,,,,,,,,,,,3138.7298,3139.5625,q,0.7734,,156,158,3,1,250,novel,,,FALSE,3139.5628,3139.563,3139.563,3139.563,,155,0,155,0,1,,
,,,,,6971fc9a64f35b0ea162d3d6,2026-01-22_05h39.45.585,WP1_3,2025.2.3,Win32,30.03003003,6706af217ea3142dd07d1e83,695fcc08e6593b9a696132f7,,,,,,,,,,,,,,,,,,,,,,,,,,,,,,,,,,,,,,,,,,,,,,,,,,,,,,,,,,,,24,stim_fam/024_rgray_250.png,,,,,,,,,,,,,,,,,,,,,,,,,,,,,,,,,,,,,2.371180152,3139.5635,3141.9289,,,,,,,,FALSE,,FALSE,,,,,,,,,,,,3141.9298,3142.8122,p,0.8101,,157,156,3,1,250,novel,,,FALSE,3142.8125,3142.8125,3142.8125,3142.8126,,156,0,156,0,1,,
,,,,,6971fc9a64f35b0ea162d3d6,2026-01-22_05h39.45.585,WP1_3,2025.2.3,Win32,30.03003003,6706af217ea3142dd07d1e83,695fcc08e6593b9a696132f7,,,,,,,,,,,,,,,,,,,,,,,,,,,,,,,,,,,,,,,,,,,,,,,,,,,,,,,,,,,,75,stim_fam/075_rgray_250.png,,,,,,,,,,,,,,,,,,,,,,,,,,,,,,,,,,,,,2.378939096,3142.8131,3145.1954,,,,,,,,FALSE,,FALSE,,,,,,,,,,,,3145.1963,3145.929,q,0.6659,,158,179,3,1,250,novel,,,FALSE,3145.9293,3145.9293,3145.9294,3145.9295,,157,0,157,0,1,,
,,,,,6971fc9a64f35b0ea162d3d6,2026-01-22_05h39.45.585,WP1_3,2025.2.3,Win32,30.03003003,6706af217ea3142dd07d1e83,695fcc08e6593b9a696132f7,,,,,,,,,,,,,,,,,,,,,,,,,,,,,,,,,,,,,,,,,,,,,,,,,,,,,,,,,,,,3,Celebrities_Faces/003_03_greyscale_250.png,,,,,,,,,,,,,,,,,,,,,,,,,,,,,,,,,,,,,1.856536197,3145.93,3147.7788,,,,,,,,TRUE,,FALSE,,,,,,,,,,,,3147.7799,3148.6288,p,0.7896,,159,142,3,1,3,familiar,,,FALSE,3148.6291,3148.6291,3148.6292,3148.6293,,158,0,158,0,1,,
,,,,,6971fc9a64f35b0ea162d3d6,2026-01-22_05h39.45.585,WP1_3,2025.2.3,Win32,30.03003003,6706af217ea3142dd07d1e83,695fcc08e6593b9a696132f7,,,,,,,,,,,,,,,,,,,,,,,,,,,,,,,,,,,,,,,,,,,,,,,,,,,,,,,,,,,,82,stim_fam/082_rgray_250.png,,,,,,,,,,,,,,,,,,,,,,,,,,,,,,,,,,,,,1.855140552,3148.6296,3150.4788,,,,,,,,FALSE,,FALSE,,,,,,,,,,,,3150.4792,3151.2784,p,0.7364,,160,176,3,1,250,novel,,,FALSE,3151.2785,3151.2785,3151.2785,3151.2786,,159,0,159,0,1,,
,,,,,6971fc9a64f35b0ea162d3d6,2026-01-22_05h39.45.585,WP1_3,2025.2.3,Win32,30.03003003,6706af217ea3142dd07d1e83,695fcc08e6593b9a696132f7,,,,,,,,,,,,,,,,,,,,,,,,,,,,,,,,,,,,,,,,,,,,,,,,,,,,,,,,,,,,16,Celebrities_Faces/016_02_greyscale_250.png,,,,,,,,,,,,,,,,,,,,,,,,,,,,,,,,,,,,,1.751634748,3151.2789,3153.029,,,,,,,,TRUE,,FALSE,,,,,,,,,,,,3153.0301,3153.8622,q,0.7734,,161,128,3,1,2,familiar,,,FALSE,3153.8624,3153.8625,3153.8625,3153.8625,,160,0,160,0,1,,
,,,,,6971fc9a64f35b0ea162d3d6,2026-01-22_05h39.45.585,WP1_3,2025.2.3,Win32,30.03003003,6706af217ea3142dd07d1e83,695fcc08e6593b9a696132f7,,,,,,,,,,,,,,,,,,,,,,,,,,,,,,,,,,,,,,,,,,,,,,,,,,,,,,,,,,,,40,Celebrities_Faces/040_01_greyscale_250.png,,,,,,,,,,,,,,,,,,,,,,,,,,,,,,,,,,,,,1.870395563,3153.8627,3155.7287,,,,,,,,TRUE,,FALSE,,,,,,,,,,,,3155.7295,3156.6453,q,0.8594,,162,125,3,1,1,familiar,,,FALSE,3156.6455,3156.6456,3156.6456,3156.6456,,161,0,161,0,1,,
,,,,,6971fc9a64f35b0ea162d3d6,2026-01-22_05h39.45.585,WP1_3,2025.2.3,Win32,30.03003003,6706af217ea3142dd07d1e83,695fcc08e6593b9a696132f7,,,,,,,,,,,,,,,,,,,,,,,,,,,,,,,,,,,,,,,,,,,,,,,,,,,,,,,,,,,,93,stim_fam/093_rgray_250.png,,,,,,,,,,,,,,,,,,,,,,,,,,,,,,,,,,,,,1.89756136,3156.6459,3158.5455,,,,,,,,FALSE,,FALSE,,,,,,,,,,,,3158.5464,3159.2622,p,0.653,,163,175,3,1,250,novel,,,FALSE,3159.2624,3159.2625,3159.2625,3159.2625,,162,0,162,0,1,,
,,,,,6971fc9a64f35b0ea162d3d6,2026-01-22_05h39.45.585,WP1_3,2025.2.3,Win32,30.03003003,6706af217ea3142dd07d1e83,695fcc08e6593b9a696132f7,,,,,,,,,,,,,,,,,,,,,,,,,,,,,,,,,,,,,,,,,,,,,,,,,,,,,,,,,,,,6,Celebrities_Faces/006_03_greyscale_250.png,,,,,,,,,,,,,,,,,,,,,,,,,,,,,,,,,,,,,1.615500706,3159.2629,3160.8787,,,,,,,,TRUE,,TRUE,,,,,,,,,,,,3160.8798,3161.9953,,,,164,122,3,1,3,familiar,,,FALSE,3161.9956,3162.9954,3162.9955,3162.9956,,163,0,163,0,1,,
,,,,,6971fc9a64f35b0ea162d3d6,2026-01-22_05h39.45.585,WP1_3,2025.2.3,Win32,30.03003003,6706af217ea3142dd07d1e83,695fcc08e6593b9a696132f7,,,,,,,,,,,,,,,,,,,,,,,,,,,,,,,,,,,,,,,,,,,,,,,,,,,,,,,,,,,,21,Celebrities_Faces/021_02_greyscale_250.png,,,,,,,,,,,,,,,,,,,,,,,,,,,,,,,,,,,,,1.663120189,3162.9959,3164.6619,,,,,,,,TRUE,,FALSE,,,,,,,,,,,,3164.6626,3165.4953,p,0.7752,,165,129,3,1,2,familiar,,,FALSE,3165.4956,3165.4956,3165.4957,3165.4958,,164,0,164,0,1,,
,,,,,6971fc9a64f35b0ea162d3d6,2026-01-22_05h39.45.585,WP1_3,2025.2.3,Win32,30.03003003,6706af217ea3142dd07d1e83,695fcc08e6593b9a696132f7,,,,,,,,,,,,,,,,,,,,,,,,,,,,,,,,,,,,,,,,,,,,,,,,,,,,,,,,,,,,69,stim_fam/069_rgray_250.png,,,,,,,,,,,,,,,,,,,,,,,,,,,,,,,,,,,,,2.151539156,3165.4962,3167.6454,,,,,,,,FALSE,,FALSE,,,,,,,,,,,,3167.6463,3168.4117,p,0.6994,,166,157,3,1,250,novel,,,FALSE,3168.4119,3168.412,3168.412,3168.4121,,165,0,165,0,1,,
,,,,,6971fc9a64f35b0ea162d3d6,2026-01-22_05h39.45.585,WP1_3,2025.2.3,Win32,30.03003003,6706af217ea3142dd07d1e83,695fcc08e6593b9a696132f7,,,,,,,,,,,,,,,,,,,,,,,,,,,,,,,,,,,,,,,,,,,,,,,,,,,,,,,,,,,,60,Celebrities_Faces/060_01_greyscale_250.png,,,,,,,,,,,,,,,,,,,,,,,,,,,,,,,,,,,,,1.85947285,3168.4123,3170.2618,,,,,,,,TRUE,,FALSE,,,,,,,,,,,,3170.2628,3171.0952,q,0.7754,,167,134,3,1,1,familiar,,,FALSE,3171.0955,3171.0957,3171.0957,3171.0958,,166,0,166,0,1,,
,,,,,6971fc9a64f35b0ea162d3d6,2026-01-22_05h39.45.585,WP1_3,2025.2.3,Win32,30.03003003,6706af217ea3142dd07d1e83,695fcc08e6593b9a696132f7,,,,,,,,,,,,,,,,,,,,,,,,,,,,,,,,,,,,,,,,,,,,,,,,,,,,,,,,,,,,15,Celebrities_Faces/015_03_greyscale_250.png,,,,,,,,,,,,,,,,,,,,,,,,,,,,,,,,,,,,,2.483942032,3171.0962,3173.5786,,,,,,,,TRUE,,FALSE,,,,,,,,,,,,3173.5796,3174.4786,p,0.8319,,168,138,3,1,3,familiar,,,FALSE,3174.4789,3174.479,3174.479,3174.4791,,167,0,167,0,1,,
,,,,,6971fc9a64f35b0ea162d3d6,2026-01-22_05h39.45.585,WP1_3,2025.2.3,Win32,30.03003003,6706af217ea3142dd07d1e83,695fcc08e6593b9a696132f7,,,,,,,,,,,,,,,,,,,,,,,,,,,,,,,,,,,,,,,,,,,,,,,,,,,,,,,,,,,,44,Celebrities_Faces/044_03_greyscale_250.png,,,,,,,,,,,,,,,,,,,,,,,,,,,,,,,,,,,,,2.139897348,3174.4796,3176.6116,,,,,,,,TRUE,,FALSE,,,,,,,,,,,,3176.6124,3177.3613,q,0.6844,,169,127,3,1,3,familiar,,,FALSE,3177.3614,3177.3615,3177.3615,3177.3615,,168,0,168,0,1,,
,,,,,6971fc9a64f35b0ea162d3d6,2026-01-22_05h39.45.585,WP1_3,2025.2.3,Win32,30.03003003,6706af217ea3142dd07d1e83,695fcc08e6593b9a696132f7,,,,,,,,,,,,,,,,,,,,,,,,,,,,,,,,,,,,,,,,,,,,,,,,,,,,,,,,,,,,9,Celebrities_Faces/009_01_greyscale_250.png,,,,,,,,,,,,,,,,,,,,,,,,,,,,,,,,,,,,,2.409410678,3177.3618,3179.7615,,,,,,,,TRUE,,FALSE,,,,,,,,,,,,3179.7621,3180.4619,q,0.6346,,170,130,3,1,1,familiar,,,FALSE,3180.4621,3180.4622,3180.4622,3180.4623,,169,0,169,0,1,,
,,,,,6971fc9a64f35b0ea162d3d6,2026-01-22_05h39.45.585,WP1_3,2025.2.3,Win32,30.03003003,6706af217ea3142dd07d1e83,695fcc08e6593b9a696132f7,,,,,,,,,,,,,,,,,,,,,,,,,,,,,,,,,,,,,,,,,,,,,,,,,,,,,,,,,,,,25,Celebrities_Faces/025_03_greyscale_250.png,,,,,,,,,,,,,,,,,,,,,,,,,,,,,,,,,,,,,1.55945495,3180.4626,3182.0116,,,,,,,,TRUE,,FALSE,,,,,,,,,,,,3182.0125,3182.8617,p,0.7861,,171,148,3,1,3,familiar,,,FALSE,3182.862,3182.862,3182.862,3182.8621,,170,0,170,0,1,,
,,,,,6971fc9a64f35b0ea162d3d6,2026-01-22_05h39.45.585,WP1_3,2025.2.3,Win32,30.03003003,6706af217ea3142dd07d1e83,695fcc08e6593b9a696132f7,,,,,,,,,,,,,,,,,,,,,,,,,,,,,,,,,,,,,,,,,,,,,,,,,,,,,,,,,,,,83,stim_fam/083_rgray_250.png,,,,,,,,,,,,,,,,,,,,,,,,,,,,,,,,,,,,,1.867118088,3182.8626,3184.7279,,,,,,,,FALSE,,FALSE,,,,,,,,,,,,3184.7284,3185.395,q,0.6087,,172,155,3,1,250,novel,,,FALSE,3185.3953,3185.3954,3185.3954,3185.3955,,171,0,171,0,1,,
,,,,,6971fc9a64f35b0ea162d3d6,2026-01-22_05h39.45.585,WP1_3,2025.2.3,Win32,30.03003003,6706af217ea3142dd07d1e83,695fcc08e6593b9a696132f7,,,,,,,,,,,,,,,,,,,,,,,,,,,,,,,,,,,,,,,,,,,,,,,,,,,,,,,,,,,,58,stim_fam/058_rgray_250.png,,,,,,,,,,,,,,,,,,,,,,,,,,,,,,,,,,,,,2.436166017,3185.3959,3187.8279,,,,,,,,FALSE,,FALSE,,,,,,,,,,,,3187.8284,3188.5785,q,0.6835,,173,173,3,1,250,novel,,,FALSE,3188.5788,3188.5788,3188.5788,3188.5789,,172,0,172,0,1,,
,,,,,6971fc9a64f35b0ea162d3d6,2026-01-22_05h39.45.585,WP1_3,2025.2.3,Win32,30.03003003,6706af217ea3142dd07d1e83,695fcc08e6593b9a696132f7,,,,,,,,,,,,,,,,,,,,,,,,,,,,,,,,,,,,,,,,,,,,,,,,,,,,,,,,,,,,12,Celebrities_Faces/012_01_greyscale_250.png,,,,,,,,,,,,,,,,,,,,,,,,,,,,,,,,,,,,,2.368652752,3188.5794,3190.9447,,,,,,,,TRUE,,TRUE,,,,,,,,,,,,3190.9459,3192.0611,p,1.0556,,174,149,3,1,1,familiar,,,FALSE,3192.0615,3193.0613,3193.0613,3193.0614,,173,0,173,0,1,,
,,,,,6971fc9a64f35b0ea162d3d6,2026-01-22_05h39.45.585,WP1_3,2025.2.3,Win32,30.03003003,6706af217ea3142dd07d1e83,695fcc08e6593b9a696132f7,,,,,,,,,,,,,,,,,,,,,,,,,,,,,,,,,,,,,,,,,,,,,,,,,,,,,,,,,,,,25,stim_fam/025_rgray_250.png,,,,,,,,,,,,,,,,,,,,,,,,,,,,,,,,,,,,,2.325517164,3193.0616,3195.3779,,,,,,,,FALSE,,FALSE,,,,,,,,,,,,3195.3785,3196.1949,p,0.7579,,175,151,3,1,250,novel,,,FALSE,3196.1952,3196.1953,3196.1953,3196.1954,,174,0,174,0,1,,
,,,,,6971fc9a64f35b0ea162d3d6,2026-01-22_05h39.45.585,WP1_3,2025.2.3,Win32,30.03003003,6706af217ea3142dd07d1e83,695fcc08e6593b9a696132f7,,,,,,,,,,,,,,,,,,,,,,,,,,,,,,,,,,,,,,,,,,,,,,,,,,,,,,,,,,,,33,stim_fam/033_rgray_250.png,,,,,,,,,,,,,,,,,,,,,,,,,,,,,,,,,,,,,1.940810977,3196.1959,3198.128,,,,,,,,FALSE,,FALSE,,,,,,,,,,,,3198.1289,3198.9115,q,0.7234,,176,163,3,1,250,novel,,,FALSE,3198.9118,3198.9119,3198.9119,3198.912,,175,0,175,0,1,,
,,,,,6971fc9a64f35b0ea162d3d6,2026-01-22_05h39.45.585,WP1_3,2025.2.3,Win32,30.03003003,6706af217ea3142dd07d1e83,695fcc08e6593b9a696132f7,,,,,,,,,,,,,,,,,,,,,,,,,,,,,,,,,,,,,,,,,,,,,,,,,,,,,,,,,,,,48,stim_fam/048_rgray_250.png,,,,,,,,,,,,,,,,,,,,,,,,,,,,,,,,,,,,,1.879004331,3198.9124,3200.7949,,,,,,,,FALSE,,FALSE,,,,,,,,,,,,3200.7959,3201.4618,q,0.6076,,177,170,3,1,250,novel,,,FALSE,3201.4621,3201.4622,3201.4622,3201.4623,,176,0,176,0,1,,
,,,,,6971fc9a64f35b0ea162d3d6,2026-01-22_05h39.45.585,WP1_3,2025.2.3,Win32,30.03003003,6706af217ea3142dd07d1e83,695fcc08e6593b9a696132f7,,,,,,,,,,,,,,,,,,,,,,,,,,,,,,,,,,,,,,,,,,,,,,,,,,,,,,,,,,,,15,stim_fam/015_rgray_250.png,,,,,,,,,,,,,,,,,,,,,,,,,,,,,,,,,,,,,1.631485604,3201.4627,3203.095,,,,,,,,FALSE,,FALSE,,,,,,,,,,,,3203.0962,3203.7781,p,0.624,,178,166,3,1,250,novel,,,FALSE,3203.7784,3203.7785,3203.7785,3203.7786,,177,0,177,0,1,,
,,,,,6971fc9a64f35b0ea162d3d6,2026-01-22_05h39.45.585,WP1_3,2025.2.3,Win32,30.03003003,6706af217ea3142dd07d1e83,695fcc08e6593b9a696132f7,,,,,,,,,,,,,,,,,,,,,,,,,,,,,,,,,,,,,,,,,,,,,,,,,,,,,,,,,,,,56,Celebrities_Faces/056_02_greyscale_250.png,,,,,,,,,,,,,,,,,,,,,,,,,,,,,,,,,,,,,1.724652108,3203.779,3205.4945,,,,,,,,TRUE,,FALSE,,,,,,,,,,,,3205.4957,3206.0944,q,0.5402,,179,145,3,1,2,familiar,,,FALSE,3206.0946,3206.0946,3206.0946,3206.0946,,178,0,178,0,1,,
,,,,,6971fc9a64f35b0ea162d3d6,2026-01-22_05h39.45.585,WP1_3,2025.2.3,Win32,30.03003003,6706af217ea3142dd07d1e83,695fcc08e6593b9a696132f7,,,,,,,,,,,,,,,,,,,,,,,,,,,,,,,,,,,,,,,,,,,,,,,,,,,,,,,,,,,,68,stim_fam/068_rgray_250.png,,,,,,,,,,,,,,,,,,,,,,,,,,,,,,,,,,,,,2.394720672,3206.095,3208.4779,,,,,,,,FALSE,,FALSE,,,,,,,,,,,,3208.4789,3209.0946,q,0.5557,,180,180,3,1,250,novel,,,FALSE,3209.0949,3209.0949,3209.0949,3209.0951,,179,0,179,0,1,,
