Study_information_1.started,Study_information_1.stopped,key_resp.keys,key_resp.rt,key_resp.duration,session,date,expName,psychopyVersion,OS,frameRate,participant,study_id,Study_information_2.started,Study_information_2.stopped,key_resp_2.keys,key_resp_2.rt,key_resp_2.duration,Study_information_3.started,Study_information_3.stopped,key_resp_3.keys,key_resp_3.rt,key_resp_3.duration,Consent.started,Consent.stopped,key_resp_5.keys,key_resp_5.rt,key_resp_5.duration,Instruction_1.started,Instruction_1.stopped,space_cont.keys,space_cont.rt,space_cont.duration,Instruction_2.started,Instruction_2.stopped,space_cont_2.keys,space_cont_2.rt,space_cont_2.duration,Instruction_3.started,Instruction_3.stopped,space_cont_3.keys,space_cont_3.rt,space_cont_3.duration,Instruction_4.started,Instruction_4.stopped,space_cont_4.keys,space_cont_4.rt,space_cont_4.duration,Instruction_5.started,Instruction_5.stopped,space_cont_5.keys,space_cont_5.rt,space_cont_5.duration,Familiarity_Rating.started,Familiarity_Rating.stopped,familiarity_scale.response,familiarity_scale.rt,key_resp_familiarity.keys,familiarity_rating,Valence_Rating.started,Valence_Rating.stopped,valence_scale.response,valence_scale.rt,key_resp_valence.keys,key_resp_valence.rt,key_resp_valence.duration,valence_rating,Name_Selection.started,Name_Selection.stopped,key_resp_naming.keys,key_resp_naming.rt,key_resp_naming.duration,identity_no,image_file,correct_name,selected_name_option,selected_name,correct_name_option,name_correct,qualifies_for_part2,qualified_count_so_far,trials_rating.thisRepN,trials_rating.thisTrialN,trials_rating.thisN,trials_rating.thisIndex,trials_rating.ran,Identity_no,Image,Option1,Option2,Option3,Option4,CorrectName,selection_method,num_selected_identities,qualified_identity_nos,break_1.started,break_1.stopped,Load_Recognition_Trials.started,Load_Recognition_Trials.stopped,Instruction_recog_1.started,Instruction_recog_1.stopped,space_cont_6.keys,space_cont_6.rt,space_cont_6.duration,Instruction_recog_2.started,Instruction_recog_2.stopped,space_cont_7.keys,space_cont_7.rt,space_cont_7.duration,fixation_duration,fix_cross.started,fix_cross.stopped,Practice_Recognition_Trial.started,Practice_Recognition_Trial.stopped,key_resp_practice.keys,key_resp_practice.rt,key_resp_practice.duration,is_practice,practice_trial_number,is_familiar,participant_response,too_slow,response_time,practice_trials.thisRepN,practice_trials.thisTrialN,practice_trials.thisN,practice_trials.thisIndex,practice_trials.ran,Instruction_recog.started,Instruction_recog.stopped,space_cont_8.keys,space_cont_8.rt,space_cont_8.duration,Recognition_trials.started,Recognition_trials.stopped,key_resp_recognition.keys,recognition_trial_number,original_trial_number,block,trial_in_block,orientation,identity_type,response_familiar,correct,valid_response,Too_slow.started,Too_slow.stopped,break_recog.started,break_recog.stopped,key_resp_6.keys,trials.thisRepN,trials.thisTrialN,trials.thisN,trials.thisIndex,trials.ran,key_resp_recognition.rt,key_resp_recognition.duration,key_resp_6.rt,key_resp_6.duration,End_experiment.started,End_experiment.stopped
0.0002,36.7843,space,36.7643,,6971fce75aebcf1e7f79cd1b,2026-01-22_10h34.18.310,WP1_3,2025.2.3,Win32,59.52380952,67d04e57ae59b71e07329bf5,695fcc08e6593b9a696132f7,,,,,,,,,,,,,,,,,,,,,,,,,,,,,,,,,,,,,,,,,,,,,,,,,,,,,,,,,,,,,,,,,,,,,,,,,,,,,,,,,,,,,,,,,,,,,,,,,,,,,,,,,,,,,,,,,,,,,,,,,,,,,,,,,,,,,,,,,,,,,,,,,,,,,
,,,,,6971fce75aebcf1e7f79cd1b,2026-01-22_10h34.18.310,WP1_3,2025.2.3,Win32,59.52380952,67d04e57ae59b71e07329bf5,695fcc08e6593b9a696132f7,36.7845,48.5666,space,11.766,,,,,,,,,,,,,,,,,,,,,,,,,,,,,,,,,,,,,,,,,,,,,,,,,,,,,,,,,,,,,,,,,,,,,,,,,,,,,,,,,,,,,,,,,,,,,,,,,,,,,,,,,,,,,,,,,,,,,,,,,,,,,,,,,,,,,,,,,,,,,,,,,
,,,,,6971fce75aebcf1e7f79cd1b,2026-01-22_10h34.18.310,WP1_3,2025.2.3,Win32,59.52380952,67d04e57ae59b71e07329bf5,695fcc08e6593b9a696132f7,,,,,,48.5667,69.5844,space,20.999,,,,,,,,,,,,,,,,,,,,,,,,,,,,,,,,,,,,,,,,,,,,,,,,,,,,,,,,,,,,,,,,,,,,,,,,,,,,,,,,,,,,,,,,,,,,,,,,,,,,,,,,,,,,,,,,,,,,,,,,,,,,,,,,,,,,,,,,,,,,
,,,,,6971fce75aebcf1e7f79cd1b,2026-01-22_10h34.18.310,WP1_3,2025.2.3,Win32,59.52380952,67d04e57ae59b71e07329bf5,695fcc08e6593b9a696132f7,,,,,,,,,,,69.5846,98.3629,space,28.7516,,,,,,,,,,,,,,,,,,,,,,,,,,,,,,,,,,,,,,,,,,,,,,,,,,,,,,,,,,,,,,,,,,,,,,,,,,,,,,,,,,,,,,,,,,,,,,,,,,,,,,,,,,,,,,,,,,,,,,,,,,,,,,,,,,,,,,,
,,,,,6971fce75aebcf1e7f79cd1b,2026-01-22_10h34.18.310,WP1_3,2025.2.3,Win32,59.52380952,67d04e57ae59b71e07329bf5,695fcc08e6593b9a696132f7,,,,,,,,,,,,,,,,98.3631,108.4356,space,10.0448,,,,,,,,,,,,,,,,,,,,,,,,,,,,,,,,,,,,,,,,,,,,,,,,,,,,,,,,,,,,,,,,,,,,,,,,,,,,,,,,,,,,,,,,,,,,,,,,,,,,,,,,,,,,,,,,,,,,,,,,,,,,,,,,,,
,,,,,6971fce75aebcf1e7f79cd1b,2026-01-22_10h34.18.310,WP1_3,2025.2.3,Win32,59.52380952,67d04e57ae59b71e07329bf5,695fcc08e6593b9a696132f7,,,,,,,,,,,,,,,,,,,,,108.4357,128.2364,space,19.781,,,,,,,,,,,,,,,,,,,,,,,,,,,,,,,,,,,,,,,,,,,,,,,,,,,,,,,,,,,,,,,,,,,,,,,,,,,,,,,,,,,,,,,,,,,,,,,,,,,,,,,,,,,,,,,,,,,,,,,,,,,,,
,,,,,6971fce75aebcf1e7f79cd1b,2026-01-22_10h34.18.310,WP1_3,2025.2.3,Win32,59.52380952,67d04e57ae59b71e07329bf5,695fcc08e6593b9a696132f7,,,,,,,,,,,,,,,,,,,,,,,,,,128.2365,136.5687,space,8.316,,,,,,,,,,,,,,,,,,,,,,,,,,,,,,,,,,,,,,,,,,,,,,,,,,,,,,,,,,,,,,,,,,,,,,,,,,,,,,,,,,,,,,,,,,,,,,,,,,,,,,,,,,,,,,,,,,,,,,,,
,,,,,6971fce75aebcf1e7f79cd1b,2026-01-22_10h34.18.310,WP1_3,2025.2.3,Win32,59.52380952,67d04e57ae59b71e07329bf5,695fcc08e6593b9a696132f7,,,,,,,,,,,,,,,,,,,,,,,,,,,,,,,136.5689,145.8198,space,9.2334,,,,,,,,,,,,,,,,,,,,,,,,,,,,,,,,,,,,,,,,,,,,,,,,,,,,,,,,,,,,,,,,,,,,,,,,,,,,,,,,,,,,,,,,,,,,,,,,,,,,,,,,,,,,,,,,,,,
,,,,,6971fce75aebcf1e7f79cd1b,2026-01-22_10h34.18.310,WP1_3,2025.2.3,Win32,59.52380952,67d04e57ae59b71e07329bf5,695fcc08e6593b9a696132f7,,,,,,,,,,,,,,,,,,,,,,,,,,,,,,,,,,,,145.8198,157.5201,space,11.683,,,,,,,,,,,,,,,,,,,,,,,,,,,,,,,,,,,,,,,,,,,,,,,,,,,,,,,,,,,,,,,,,,,,,,,,,,,,,,,,,,,,,,,,,,,,,,,,,,,,,,,,,,,,,,
,,,,,6971fce75aebcf1e7f79cd1b,2026-01-22_10h34.18.310,WP1_3,2025.2.3,Win32,59.52380952,67d04e57ae59b71e07329bf5,695fcc08e6593b9a696132f7,,,,,,,,,,,,,,,,,,,,,,,,,,,,,,,,,,,,,,,,,157.5301,165.7808,,,,0,165.7816,169.0634,,,"[""space""]",[3.117500000000007],[null],5,169.0643,177.8876,space,8.6617,,44,Celebrities_Faces/044_rating.jpg,Cate Blanchett,1,Cate Blanchett,1,TRUE,FALSE,0,0,0,0,43,1,44,Celebrities_Faces/044_rating.jpg,Angelina Jolie,Cate Blanchett,Natalie Portman,Taylor Swift,Cate Blanchett,,,,,,,,,,,,,,,,,,,,,,,,,,,,,,,,,,,,,,,,,,,,,,,,,,,,,,,,,,,,,,,,,,,,,
,,,,,6971fce75aebcf1e7f79cd1b,2026-01-22_10h34.18.310,WP1_3,2025.2.3,Win32,59.52380952,67d04e57ae59b71e07329bf5,695fcc08e6593b9a696132f7,,,,,,,,,,,,,,,,,,,,,,,,,,,,,,,,,,,,,,,,,177.8885,184.7801,,,,5,184.7813,188.0872,,,"[""left"",""left"",""left"",""space""]","[1.9132999999970366,2.2363999999985253,2.796100000001502,3.2797999999970386]","[null,null,null,null]",2,188.0894,193.7471,space,5.6249,,52,Celebrities_Faces/052_rating.jpg,Emma Watson,3,Emma Watson,3,TRUE,FALSE,0,0,1,1,51,1,52,Celebrities_Faces/052_rating.jpg,Anne Hathaway,Natalie Portman,Hillary Clinton,Emma Watson,Emma Watson,,,,,,,,,,,,,,,,,,,,,,,,,,,,,,,,,,,,,,,,,,,,,,,,,,,,,,,,,,,,,,,,,,,,,
,,,,,6971fce75aebcf1e7f79cd1b,2026-01-22_10h34.18.310,WP1_3,2025.2.3,Win32,59.52380952,67d04e57ae59b71e07329bf5,695fcc08e6593b9a696132f7,,,,,,,,,,,,,,,,,,,,,,,,,,,,,,,,,,,,,,,,,193.7486,198.0043,,,,10,198.0051,201.1308,,,"[""left"",""left"",""left"",""space""]","[1.2237999999969702,1.707099999994,2.4326999999955206,2.9736999999955174]","[null,null,null,null]",2,201.1332,203.3472,space,2.0663,,30,Celebrities_Faces/030_rating.jpg,Tom Cruise,0,Tom Cruise,0,TRUE,TRUE,1,0,2,2,29,1,30,Celebrities_Faces/030_rating.jpg,Tom Cruise,Lionel Messi,Chris Evans,Bruce Willis,Tom Cruise,,,,,,,,,,,,,,,,,,,,,,,,,,,,,,,,,,,,,,,,,,,,,,,,,,,,,,,,,,,,,,,,,,,,,
,,,,,6971fce75aebcf1e7f79cd1b,2026-01-22_10h34.18.310,WP1_3,2025.2.3,Win32,59.52380952,67d04e57ae59b71e07329bf5,695fcc08e6593b9a696132f7,,,,,,,,,,,,,,,,,,,,,,,,,,,,,,,,,,,,,,,,,203.3487,209.1142,,,,7,209.1153,211.8143,,,"[""space""]",[2.6295000000000073],[null],5,211.8173,217.1047,space,5.2166,,34,Celebrities_Faces/034_rating.jpg,Angelina Jolie,2,Angelina Jolie,2,TRUE,TRUE,2,0,3,3,33,1,34,Celebrities_Faces/034_rating.jpg,Anya Taylor-Joy,Maria Sharapova,Angelina Jolie,Nicole Kidman,Angelina Jolie,,,,,,,,,,,,,,,,,,,,,,,,,,,,,,,,,,,,,,,,,,,,,,,,,,,,,,,,,,,,,,,,,,,,,
,,,,,6971fce75aebcf1e7f79cd1b,2026-01-22_10h34.18.310,WP1_3,2025.2.3,Win32,59.52380952,67d04e57ae59b71e07329bf5,695fcc08e6593b9a696132f7,,,,,,,,,,,,,,,,,,,,,,,,,,,,,,,,,,,,,,,,,217.1056,220.5307,,,,0,220.5316,226.9051,,,"[""left"",""left"",""left"",""left"",""left"",""right"",""right"",""right"",""right"",""right"",""right"",""left"",""space""]","[1.9618999999985363,2.328899999998555,2.612000000000023,2.862000000000023,3.1621000000015442,4.6953999999985285,4.895399999998517,5.078700000002982,5.2788999999985435,5.44500000000005,5.829000000000008,6.078800000004492,6.328899999998555]","[null,null,null,null,null,null,null,null,null,null,null,null,null]",5,226.9069,230.4153,space,3.4567,,39,Celebrities_Faces/039_rating.jpg,Scarlett Johansson,1,Scarlett Johansson,1,TRUE,FALSE,2,0,4,4,38,1,39,Celebrities_Faces/039_rating.jpg,Simone Biles,Scarlett Johansson,Gal Gadot,Hillary Clinton,Scarlett Johansson,,,,,,,,,,,,,,,,,,,,,,,,,,,,,,,,,,,,,,,,,,,,,,,,,,,,,,,,,,,,,,,,,,,,,
,,,,,6971fce75aebcf1e7f79cd1b,2026-01-22_10h34.18.310,WP1_3,2025.2.3,Win32,59.52380952,67d04e57ae59b71e07329bf5,695fcc08e6593b9a696132f7,,,,,,,,,,,,,,,,,,,,,,,,,,,,,,,,,,,,,,,,,230.4163,235.3987,,,,10,235.3993,238.7314,,,"[""right"",""space""]","[2.2047999999970216,3.283099999994022]","[null,null]",6,238.7341,242.4889,space,3.7119,,15,Celebrities_Faces/015_rating.jpg,Harrison Ford,2,Harrison Ford,2,TRUE,TRUE,3,0,5,5,14,1,15,Celebrities_Faces/015_rating.jpg,Lionel Messi,Daniel Radcliffe,Harrison Ford,Brad Pitt,Harrison Ford,,,,,,,,,,,,,,,,,,,,,,,,,,,,,,,,,,,,,,,,,,,,,,,,,,,,,,,,,,,,,,,,,,,,,
,,,,,6971fce75aebcf1e7f79cd1b,2026-01-22_10h34.18.310,WP1_3,2025.2.3,Win32,59.52380952,67d04e57ae59b71e07329bf5,695fcc08e6593b9a696132f7,,,,,,,,,,,,,,,,,,,,,,,,,,,,,,,,,,,,,,,,,242.4898,248.4222,,,,10,248.423,251.7318,,,"[""right"",""right"",""right"",""space""]","[1.4986000000014883,1.7648999999984767,2.2321000000014806,3.2166999999955124]","[null,null,null,null]",8,251.7344,253.649,space,1.8264,,54,Celebrities_Faces/054_rating.jpg,Julia Roberts,0,Julia Roberts,0,TRUE,TRUE,4,0,6,6,53,1,54,Celebrities_Faces/054_rating.jpg,Julia Roberts,Anne Hathaway,Olivia Rodrigo,Simone Biles,Julia Roberts,,,,,,,,,,,,,,,,,,,,,,,,,,,,,,,,,,,,,,,,,,,,,,,,,,,,,,,,,,,,,,,,,,,,,
,,,,,6971fce75aebcf1e7f79cd1b,2026-01-22_10h34.18.310,WP1_3,2025.2.3,Win32,59.52380952,67d04e57ae59b71e07329bf5,695fcc08e6593b9a696132f7,,,,,,,,,,,,,,,,,,,,,,,,,,,,,,,,,,,,,,,,,253.6498,257.9894,,,,0,257.9901,259.7834,,,"[""space""]",[1.7666999999955237],[null],5,259.7851,267.433,space,7.6209,,49,Celebrities_Faces/049_rating.jpg,Olivia Rodrigo,0,Olivia Rodrigo,0,TRUE,FALSE,4,0,7,7,48,1,49,Celebrities_Faces/049_rating.jpg,Olivia Rodrigo,Lindsay Lohan,Gal Gadot,Angelina Jolie,Olivia Rodrigo,,,,,,,,,,,,,,,,,,,,,,,,,,,,,,,,,,,,,,,,,,,,,,,,,,,,,,,,,,,,,,,,,,,,,
,,,,,6971fce75aebcf1e7f79cd1b,2026-01-22_10h34.18.310,WP1_3,2025.2.3,Win32,59.52380952,67d04e57ae59b71e07329bf5,695fcc08e6593b9a696132f7,,,,,,,,,,,,,,,,,,,,,,,,,,,,,,,,,,,,,,,,,267.4339,270.4163,,,,0,270.4171,274.1063,,,"[""left"",""space""]","[2.9832999999970298,3.6666000000014947]","[null,null]",4,274.1081,282.24,space,8.1095,,36,Celebrities_Faces/036_rating.jpg,Lady Gaga,3,Lady Gaga,3,TRUE,FALSE,4,0,8,8,35,1,36,Celebrities_Faces/036_rating.jpg,Serena Williams,Emma Stone,Julia Roberts,Lady Gaga,Lady Gaga,,,,,,,,,,,,,,,,,,,,,,,,,,,,,,,,,,,,,,,,,,,,,,,,,,,,,,,,,,,,,,,,,,,,,
,,,,,6971fce75aebcf1e7f79cd1b,2026-01-22_10h34.18.310,WP1_3,2025.2.3,Win32,59.52380952,67d04e57ae59b71e07329bf5,695fcc08e6593b9a696132f7,,,,,,,,,,,,,,,,,,,,,,,,,,,,,,,,,,,,,,,,,282.2408,288.1999,,,,3,288.201,295.2833,,,"[""left"",""right"",""space""]","[4.494899999998495,6.208299999996996,6.5412999999970225]","[null,null,null]",5,295.286,301.9833,space,6.1577,,41,Celebrities_Faces/041_rating.jpg,Halle Berry,2,Halle Berry,2,TRUE,FALSE,4,0,9,9,40,1,41,Celebrities_Faces/041_rating.jpg,Lady Gaga,Greta Thunberg,Halle Berry,Serena Williams,Halle Berry,,,,,,,,,,,,,,,,,,,,,,,,,,,,,,,,,,,,,,,,,,,,,,,,,,,,,,,,,,,,,,,,,,,,,
,,,,,6971fce75aebcf1e7f79cd1b,2026-01-22_10h34.18.310,WP1_3,2025.2.3,Win32,59.52380952,67d04e57ae59b71e07329bf5,695fcc08e6593b9a696132f7,,,,,,,,,,,,,,,,,,,,,,,,,,,,,,,,,,,,,,,,,301.9844,305.8835,,,,10,305.8845,310.2906,,,"[""right"",""space""]","[3.125499999999988,4.375499999999988]","[null,null]",6,310.2922,311.8175,space,1.4922,,19,Celebrities_Faces/019_rating.jpg,Nicolas Cage,0,Nicolas Cage,0,TRUE,TRUE,5,0,10,10,18,1,19,Celebrities_Faces/019_rating.jpg,Nicolas Cage,George W.Bush,Cristiano Ronaldo,Bradley Cooper,Nicolas Cage,,,,,,,,,,,,,,,,,,,,,,,,,,,,,,,,,,,,,,,,,,,,,,,,,,,,,,,,,,,,,,,,,,,,,
,,,,,6971fce75aebcf1e7f79cd1b,2026-01-22_10h34.18.310,WP1_3,2025.2.3,Win32,59.52380952,67d04e57ae59b71e07329bf5,695fcc08e6593b9a696132f7,,,,,,,,,,,,,,,,,,,,,,,,,,,,,,,,,,,,,,,,,311.8192,315.5002,,,,10,315.501,318.6409,,,"[""left"",""left"",""left"",""left"",""left"",""space""]","[1.0591000000014787,1.3763000000044485,1.6429999999999723,1.9763000000044713,2.25930000000443,3.0762000000029843]","[null,null,null,null,null,null]",0,318.6425,321.5009,space,2.7922,,12,Celebrities_Faces/012_rating.jpg,Daniel Radcliffe,3,Daniel Radcliffe,3,TRUE,TRUE,6,0,11,11,11,1,12,Celebrities_Faces/012_rating.jpg,Bruce Willis,Ryan Reynolds,Ewan McGregor,Daniel Radcliffe,Daniel Radcliffe,,,,,,,,,,,,,,,,,,,,,,,,,,,,,,,,,,,,,,,,,,,,,,,,,,,,,,,,,,,,,,,,,,,,,
,,,,,6971fce75aebcf1e7f79cd1b,2026-01-22_10h34.18.310,WP1_3,2025.2.3,Win32,59.52380952,67d04e57ae59b71e07329bf5,695fcc08e6593b9a696132f7,,,,,,,,,,,,,,,,,,,,,,,,,,,,,,,,,,,,,,,,,321.5022,325.0674,,,,10,325.0681,327.4344,,,"[""left"",""left"",""left"",""left"",""left"",""space""]","[0.4927999999970325,0.7891999999955033,1.0552999999970325,1.356999999999971,1.6448999999984721,2.2609999999999673]","[null,null,null,null,null,null]",0,327.4361,330.2345,space,2.6845,,2,Celebrities_Faces/002_rating.jpg,George W.Bush,3,George W.Bush,3,TRUE,TRUE,7,0,12,12,1,1,2,Celebrities_Faces/002_rating.jpg,Henri Canvill,Chris Evans,Tom Holland,George W.Bush,George W.Bush,,,,,,,,,,,,,,,,,,,,,,,,,,,,,,,,,,,,,,,,,,,,,,,,,,,,,,,,,,,,,,,,,,,,,
,,,,,6971fce75aebcf1e7f79cd1b,2026-01-22_10h34.18.310,WP1_3,2025.2.3,Win32,59.52380952,67d04e57ae59b71e07329bf5,695fcc08e6593b9a696132f7,,,,,,,,,,,,,,,,,,,,,,,,,,,,,,,,,,,,,,,,,330.2356,334.6179,,,,0,334.6185,336.0514,,,"[""space""]",[1.2531000000014956],[null],5,336.0536,342.7754,space,6.5468,,32,Celebrities_Faces/032_rating.jpg,Anne Hathaway,1,Anne Hathaway,1,TRUE,FALSE,7,0,13,13,31,1,32,Celebrities_Faces/032_rating.jpg,Charlize Theron,Anne Hathaway,Gal Gadot,Millie Bobby Brown,Anne Hathaway,,,,,,,,,,,,,,,,,,,,,,,,,,,,,,,,,,,,,,,,,,,,,,,,,,,,,,,,,,,,,,,,,,,,,
,,,,,6971fce75aebcf1e7f79cd1b,2026-01-22_10h34.18.310,WP1_3,2025.2.3,Win32,59.52380952,67d04e57ae59b71e07329bf5,695fcc08e6593b9a696132f7,,,,,,,,,,,,,,,,,,,,,,,,,,,,,,,,,,,,,,,,,342.7762,347.8023,,,,3,347.803,349.2418,,,"[""space""]",[1.3941000000015151],[null],5,349.2436,353.2027,space,3.9128,,17,Celebrities_Faces/017_rating.jpg,Hugh Jackman,1,Hugh Jackman,1,TRUE,FALSE,7,0,14,14,16,1,17,Celebrities_Faces/017_rating.jpg,Keanu Reeves,Hugh Jackman,Ewan McGregor,Tom Cruise,Hugh Jackman,,,,,,,,,,,,,,,,,,,,,,,,,,,,,,,,,,,,,,,,,,,,,,,,,,,,,,,,,,,,,,,,,,,,,
,,,,,6971fce75aebcf1e7f79cd1b,2026-01-22_10h34.18.310,WP1_3,2025.2.3,Win32,59.52380952,67d04e57ae59b71e07329bf5,695fcc08e6593b9a696132f7,,,,,,,,,,,,,,,,,,,,,,,,,,,,,,,,,,,,,,,,,353.2036,356.9183,,,,0,356.9188,360.4094,,,"[""space""]",[3.3622000000029857],[null],5,360.4113,366.3524,space,5.8049,,50,Celebrities_Faces/050_rating.jpg,Millie Bobby Brown,2,Millie Bobby Brown,2,TRUE,FALSE,7,0,15,15,49,1,50,Celebrities_Faces/050_rating.jpg,Taylor Swift,Cameron Diaz,Millie Bobby Brown,Michelle Obama,Millie Bobby Brown,,,,,,,,,,,,,,,,,,,,,,,,,,,,,,,,,,,,,,,,,,,,,,,,,,,,,,,,,,,,,,,,,,,,,
,,,,,6971fce75aebcf1e7f79cd1b,2026-01-22_10h34.18.310,WP1_3,2025.2.3,Win32,59.52380952,67d04e57ae59b71e07329bf5,695fcc08e6593b9a696132f7,,,,,,,,,,,,,,,,,,,,,,,,,,,,,,,,,,,,,,,,,366.3535,370.2186,,,,6,370.2197,372.7523,,,"[""space""]",[2.4837000000029548],[null],5,372.7544,375.8921,space,3.0965,,23,Celebrities_Faces/023_rating.jpg,Ryan Gosling,2,Ryan Gosling,2,TRUE,FALSE,7,0,16,16,22,1,23,Celebrities_Faces/023_rating.jpg,Brad Pitt,Cristiano Ronaldo,Ryan Gosling,Tom Holland,Ryan Gosling,,,,,,,,,,,,,,,,,,,,,,,,,,,,,,,,,,,,,,,,,,,,,,,,,,,,,,,,,,,,,,,,,,,,,
,,,,,6971fce75aebcf1e7f79cd1b,2026-01-22_10h34.18.310,WP1_3,2025.2.3,Win32,59.52380952,67d04e57ae59b71e07329bf5,695fcc08e6593b9a696132f7,,,,,,,,,,,,,,,,,,,,,,,,,,,,,,,,,,,,,,,,,375.893,380.4056,,,,0,380.4063,381.9023,,,"[""space""]",[1.3285999999940827],[null],5,381.9043,389.0862,space,7.0067,,29,Celebrities_Faces/029_rating.jpg,Tom Holland,0,Tom Holland,0,TRUE,FALSE,7,0,17,17,28,1,29,Celebrities_Faces/029_rating.jpg,Tom Holland,Bradley Cooper,Dwayne Johnson,George W.Bush,Tom Holland,,,,,,,,,,,,,,,,,,,,,,,,,,,,,,,,,,,,,,,,,,,,,,,,,,,,,,,,,,,,,,,,,,,,,
,,,,,6971fce75aebcf1e7f79cd1b,2026-01-22_10h34.18.310,WP1_3,2025.2.3,Win32,59.52380952,67d04e57ae59b71e07329bf5,695fcc08e6593b9a696132f7,,,,,,,,,,,,,,,,,,,,,,,,,,,,,,,,,,,,,,,,,389.087,392.9872,,,,0,392.9878,396.3364,,,"[""left"",""space""]","[2.7875000000000227,3.1542000000030157]","[null,null]",4,396.3385,401.2529,space,4.7057,,3,Celebrities_Faces/003_rating.jpg,Roger Federer,2,Roger Federer,2,TRUE,FALSE,7,0,18,18,2,1,3,Celebrities_Faces/003_rating.jpg,Dwayne Johnson,Keanu Reeves,Roger Federer,Ben Affleck,Roger Federer,,,,,,,,,,,,,,,,,,,,,,,,,,,,,,,,,,,,,,,,,,,,,,,,,,,,,,,,,,,,,,,,,,,,,
,,,,,6971fce75aebcf1e7f79cd1b,2026-01-22_10h34.18.310,WP1_3,2025.2.3,Win32,59.52380952,67d04e57ae59b71e07329bf5,695fcc08e6593b9a696132f7,,,,,,,,,,,,,,,,,,,,,,,,,,,,,,,,,,,,,,,,,401.2539,404.7532,,,,10,404.7545,406.6534,,,"[""left"",""left"",""left"",""left"",""space""]","[0.5455000000000041,0.8002000000029739,1.0521000000014737,1.3340000000000032,1.8522000000029948]","[null,null,null,null,null]",1,406.6561,408.8198,space,2.1151,,42,Celebrities_Faces/042_rating.jpg,Greta Thunberg,3,Greta Thunberg,3,TRUE,TRUE,8,0,19,19,41,1,42,Celebrities_Faces/042_rating.jpg,Simone Biles,Michelle Obama,Anne Hathaway,Greta Thunberg,Greta Thunberg,,,,,,,,,,,,,,,,,,,,,,,,,,,,,,,,,,,,,,,,,,,,,,,,,,,,,,,,,,,,,,,,,,,,,
,,,,,6971fce75aebcf1e7f79cd1b,2026-01-22_10h34.18.310,WP1_3,2025.2.3,Win32,59.52380952,67d04e57ae59b71e07329bf5,695fcc08e6593b9a696132f7,,,,,,,,,,,,,,,,,,,,,,,,,,,,,,,,,,,,,,,,,408.8213,412.4042,,,,8,412.4046,415.444,,,"[""right"",""right"",""right"",""right"",""left"",""space""]","[1.342599999994036,1.5665999999940823,1.7825999999940336,2.025899999998501,2.5925000000000296,2.9760999999940623]","[null,null,null,null,null,null]",8,415.4455,417.4273,space,1.9168,,25,Celebrities_Faces/025_rating.jpg,Robert De Niro,2,Robert De Niro,2,TRUE,TRUE,9,0,20,20,24,1,25,Celebrities_Faces/025_rating.jpg,Bruce Willis,Arnold Schwarzeneger,Robert De Niro,Leonardo Di Caprio,Robert De Niro,,,,,,,,,,,,,,,,,,,,,,,,,,,,,,,,,,,,,,,,,,,,,,,,,,,,,,,,,,,,,,,,,,,,,
,,,,,6971fce75aebcf1e7f79cd1b,2026-01-22_10h34.18.310,WP1_3,2025.2.3,Win32,59.52380952,67d04e57ae59b71e07329bf5,695fcc08e6593b9a696132f7,,,,,,,,,,,,,,,,,,,,,,,,,,,,,,,,,,,,,,,,,417.4283,421.0271,,,,10,421.028,423.1941,,,"[""left"",""left"",""space""]","[1.2460000000000377,1.5032999999970116,2.0627999999970257]","[null,null,null]",3,423.1961,425.437,space,2.1361,,1,Celebrities_Faces/001_rating.jpg,Leonardo Di Caprio,2,Leonardo Di Caprio,2,TRUE,TRUE,10,0,21,21,0,1,1,Celebrities_Faces/001_rating.jpg,Ben Affleck,Daniel Craig,Leonardo Di Caprio,Roger Federer,Leonardo Di Caprio,,,,,,,,,,,,,,,,,,,,,,,,,,,,,,,,,,,,,,,,,,,,,,,,,,,,,,,,,,,,,,,,,,,,,
,,,,,6971fce75aebcf1e7f79cd1b,2026-01-22_10h34.18.310,WP1_3,2025.2.3,Win32,59.52380952,67d04e57ae59b71e07329bf5,695fcc08e6593b9a696132f7,,,,,,,,,,,,,,,,,,,,,,,,,,,,,,,,,,,,,,,,,425.4389,429.1939,,,,4,429.1946,430.8374,,,"[""space""]",[1.482699999995532],[null],5,430.8393,435.5874,space,4.5814,,9,Celebrities_Faces/009_rating.jpg,Bradley Cooper,0,Chris Hemsworth,2,FALSE,FALSE,10,0,22,22,8,1,9,Celebrities_Faces/009_rating.jpg,Chris Hemsworth,Tom Cruise,Bradley Cooper,Lebron James,Bradley Cooper,,,,,,,,,,,,,,,,,,,,,,,,,,,,,,,,,,,,,,,,,,,,,,,,,,,,,,,,,,,,,,,,,,,,,
,,,,,6971fce75aebcf1e7f79cd1b,2026-01-22_10h34.18.310,WP1_3,2025.2.3,Win32,59.52380952,67d04e57ae59b71e07329bf5,695fcc08e6593b9a696132f7,,,,,,,,,,,,,,,,,,,,,,,,,,,,,,,,,,,,,,,,,435.5885,438.2873,,,,10,438.2883,441.0944,,,"[""right"",""right"",""right"",""right"",""space""]","[1.3268999999984885,1.5933999999984962,1.8324999999999818,2.2432000000030143,2.6432000000029916]","[null,null,null,null,null]",9,441.096,442.6042,space,1.3376,,10,Celebrities_Faces/010_rating.jpg,Bruce Willis,0,Bruce Willis,0,TRUE,TRUE,11,0,23,23,9,1,10,Celebrities_Faces/010_rating.jpg,Bruce Willis,Arnold Schwarzeneger,George Clooney,Robert De Niro,Bruce Willis,,,,,,,,,,,,,,,,,,,,,,,,,,,,,,,,,,,,,,,,,,,,,,,,,,,,,,,,,,,,,,,,,,,,,
,,,,,6971fce75aebcf1e7f79cd1b,2026-01-22_10h34.18.310,WP1_3,2025.2.3,Win32,59.52380952,67d04e57ae59b71e07329bf5,695fcc08e6593b9a696132f7,,,,,,,,,,,,,,,,,,,,,,,,,,,,,,,,,,,,,,,,,442.6054,445.4545,,,,0,445.4552,447.0375,,,"[""space""]",[1.51490000000598],[null],5,447.0397,451.0711,space,3.9651,,43,Celebrities_Faces/043_rating.jpg,Maria Sharapova,3,Maria Sharapova,3,TRUE,FALSE,11,0,24,24,42,1,43,Celebrities_Faces/043_rating.jpg,Michelle Obama,Taylor Swift,Greta Thunberg,Maria Sharapova,Maria Sharapova,,,,,,,,,,,,,,,,,,,,,,,,,,,,,,,,,,,,,,,,,,,,,,,,,,,,,,,,,,,,,,,,,,,,,
,,,,,6971fce75aebcf1e7f79cd1b,2026-01-22_10h34.18.310,WP1_3,2025.2.3,Win32,59.52380952,67d04e57ae59b71e07329bf5,695fcc08e6593b9a696132f7,,,,,,,,,,,,,,,,,,,,,,,,,,,,,,,,,,,,,,,,,451.072,453.9048,,,,10,453.9055,455.6381,,,"[""right"",""right"",""space""]","[0.4962999999970634,0.8148999999986017,1.7030000000000882]","[null,null,null]",7,455.6398,457.855,space,2.182,,14,Celebrities_Faces/014_rating.jpg,Daniel Craig,2,Daniel Craig,2,TRUE,TRUE,12,0,25,25,13,1,14,Celebrities_Faces/014_rating.jpg,Robert De Niro,Ryan Reynolds,Daniel Craig,Chris Hemsworth,Daniel Craig,,,,,,,,,,,,,,,,,,,,,,,,,,,,,,,,,,,,,,,,,,,,,,,,,,,,,,,,,,,,,,,,,,,,,
,,,,,6971fce75aebcf1e7f79cd1b,2026-01-22_10h34.18.310,WP1_3,2025.2.3,Win32,59.52380952,67d04e57ae59b71e07329bf5,695fcc08e6593b9a696132f7,,,,,,,,,,,,,,,,,,,,,,,,,,,,,,,,,,,,,,,,,457.8558,463.6219,,,,0,463.6228,465.1126,,,"[""space""]",[1.3456999999954178],[null],5,465.1144,469.4064,space,4.1513,,35,Celebrities_Faces/035_rating.jpg,Lindsay Lohan,0,Anya Taylor-Joy,3,FALSE,FALSE,12,0,26,26,34,1,35,Celebrities_Faces/035_rating.jpg,Anya Taylor-Joy,Millie Bobby Brown,Keira Knightley,Lindsay Lohan,Lindsay Lohan,,,,,,,,,,,,,,,,,,,,,,,,,,,,,,,,,,,,,,,,,,,,,,,,,,,,,,,,,,,,,,,,,,,,,
,,,,,6971fce75aebcf1e7f79cd1b,2026-01-22_10h34.18.310,WP1_3,2025.2.3,Win32,59.52380952,67d04e57ae59b71e07329bf5,695fcc08e6593b9a696132f7,,,,,,,,,,,,,,,,,,,,,,,,,,,,,,,,,,,,,,,,,469.4072,473.2389,,,,10,473.2395,475.4616,,,"[""left"",""space""]","[1.629000000000019,2.145200000003001]","[null,null]",4,475.4631,477.8723,space,2.3173,,38,Celebrities_Faces/038_rating.jpg,Taylor Swift,3,Taylor Swift,3,TRUE,TRUE,13,0,27,27,37,1,38,Celebrities_Faces/038_rating.jpg,Keira Knightley,Scarlett Johansson,Margot Robbie,Taylor Swift,Taylor Swift,,,,,,,,,,,,,,,,,,,,,,,,,,,,,,,,,,,,,,,,,,,,,,,,,,,,,,,,,,,,,,,,,,,,,
,,,,,6971fce75aebcf1e7f79cd1b,2026-01-22_10h34.18.310,WP1_3,2025.2.3,Win32,59.52380952,67d04e57ae59b71e07329bf5,695fcc08e6593b9a696132f7,,,,,,,,,,,,,,,,,,,,,,,,,,,,,,,,,,,,,,,,,477.8735,481.0122,,,,0,481.0129,483.1386,,,"[""space""]",[2.094199999995567],[null],5,483.1406,489.2792,space,6.1121,,53,Celebrities_Faces/053_rating.jpg,Keira Knightley,3,Keira Knightley,3,TRUE,FALSE,13,0,28,28,52,1,53,Celebrities_Faces/053_rating.jpg,Anne Hathaway,Emma Stone,Olivia Rodrigo,Keira Knightley,Keira Knightley,,,,,,,,,,,,,,,,,,,,,,,,,,,,,,,,,,,,,,,,,,,,,,,,,,,,,,,,,,,,,,,,,,,,,
,,,,,6971fce75aebcf1e7f79cd1b,2026-01-22_10h34.18.310,WP1_3,2025.2.3,Win32,59.52380952,67d04e57ae59b71e07329bf5,695fcc08e6593b9a696132f7,,,,,,,,,,,,,,,,,,,,,,,,,,,,,,,,,,,,,,,,,489.2801,493.0556,,,,10,493.0566,495.1464,,,"[""left"",""left"",""left"",""space""]","[0.8130999999940514,1.096399999998539,1.529799999997067,1.9800000000000182]","[null,null,null,null]",2,495.148,497.5894,space,2.3222,,8,Celebrities_Faces/008_rating.jpg,Brad Pitt,3,Brad Pitt,3,TRUE,TRUE,14,0,29,29,7,1,8,Celebrities_Faces/008_rating.jpg,Cristiano Ronaldo,Daniel Craig,Lionel Messi,Brad Pitt,Brad Pitt,,,,,,,,,,,,,,,,,,,,,,,,,,,,,,,,,,,,,,,,,,,,,,,,,,,,,,,,,,,,,,,,,,,,,
,,,,,6971fce75aebcf1e7f79cd1b,2026-01-22_10h34.18.310,WP1_3,2025.2.3,Win32,59.52380952,67d04e57ae59b71e07329bf5,695fcc08e6593b9a696132f7,,,,,,,,,,,,,,,,,,,,,,,,,,,,,,,,,,,,,,,,,497.5904,500.7962,,,,10,500.7969,502.8128,,,"[""right"",""right"",""space""]","[0.3836000000014792,0.77800000000002,1.9946000000014692]","[null,null,null]",7,502.8143,504.7132,space,1.8768,,20,Celebrities_Faces/020_rating.jpg,Matt Damon,1,Matt Damon,1,TRUE,TRUE,15,0,30,30,19,1,20,Celebrities_Faces/020_rating.jpg,Tom Cruise,Matt Damon,Chris Evans,Brad Pitt,Matt Damon,,,,,,,,,,,,,,,,,,,,,,,,,,,,,,,,,,,,,,,,,,,,,,,,,,,,,,,,,,,,,,,,,,,,,
,,,,,6971fce75aebcf1e7f79cd1b,2026-01-22_10h34.18.310,WP1_3,2025.2.3,Win32,59.52380952,67d04e57ae59b71e07329bf5,695fcc08e6593b9a696132f7,,,,,,,,,,,,,,,,,,,,,,,,,,,,,,,,,,,,,,,,,504.714,508.5729,,,,1,508.5738,509.8727,,,"[""space""]",[1.1755000000000564],[null],5,509.8748,515.2731,space,5.2679,,40,Celebrities_Faces/040_rating.jpg,Gal Gadot,1,Maria Sharapova,0,FALSE,FALSE,15,0,31,31,39,1,40,Celebrities_Faces/040_rating.jpg,Gal Gadot,Maria Sharapova,Taylor Swift,Nicole Kidman,Gal Gadot,,,,,,,,,,,,,,,,,,,,,,,,,,,,,,,,,,,,,,,,,,,,,,,,,,,,,,,,,,,,,,,,,,,,,
,,,,,6971fce75aebcf1e7f79cd1b,2026-01-22_10h34.18.310,WP1_3,2025.2.3,Win32,59.52380952,67d04e57ae59b71e07329bf5,695fcc08e6593b9a696132f7,,,,,,,,,,,,,,,,,,,,,,,,,,,,,,,,,,,,,,,,,515.2744,518.873,,,,6,518.874,520.9563,,,"[""right"",""space""]","[1.326300000004494,1.8922000000029584]","[null,null]",6,520.9585,527.1474,space,6.0113,,45,Celebrities_Faces/045_rating.jpg,Cameron Diaz,1,Natalie Portman,3,FALSE,FALSE,15,0,32,32,44,1,45,Celebrities_Faces/045_rating.jpg,Taylor Swift,Natalie Portman,Maria Sharapova,Cameron Diaz,Cameron Diaz,,,,,,,,,,,,,,,,,,,,,,,,,,,,,,,,,,,,,,,,,,,,,,,,,,,,,,,,,,,,,,,,,,,,,
,,,,,6971fce75aebcf1e7f79cd1b,2026-01-22_10h34.18.310,WP1_3,2025.2.3,Win32,59.52380952,67d04e57ae59b71e07329bf5,695fcc08e6593b9a696132f7,,,,,,,,,,,,,,,,,,,,,,,,,,,,,,,,,,,,,,,,,527.1484,530.2735,,,,10,530.2747,532.9304,,,"[""right"",""right"",""right"",""right"",""right"",""space""]","[1.1143000000043912,1.3477000000029875,1.6478000000043949,1.914399999998409,2.169800000004443,2.5978000000044403]","[null,null,null,null,null,null]",10,532.932,535.1067,space,2.1112,,13,Celebrities_Faces/013_rating.jpg,Denzel Washighton,0,Denzel Washighton,0,TRUE,TRUE,16,0,33,33,12,1,13,Celebrities_Faces/013_rating.jpg,Denzel Washighton,Chris Hemsworth,Matt Damon,George W.Bush,Denzel Washighton,,,,,,,,,,,,,,,,,,,,,,,,,,,,,,,,,,,,,,,,,,,,,,,,,,,,,,,,,,,,,,,,,,,,,
,,,,,6971fce75aebcf1e7f79cd1b,2026-01-22_10h34.18.310,WP1_3,2025.2.3,Win32,59.52380952,67d04e57ae59b71e07329bf5,695fcc08e6593b9a696132f7,,,,,,,,,,,,,,,,,,,,,,,,,,,,,,,,,,,,,,,,,535.108,539.8733,,,,0,539.8748,541.4405,,,"[""space""]",[1.3351999999955524],[null],5,541.4423,548.8573,space,7.1975,,33,Celebrities_Faces/033_rating.jpg,Simone Biles,1,Simone Biles,1,TRUE,FALSE,16,0,34,34,32,1,33,Celebrities_Faces/033_rating.jpg,Greta Thunberg,Simone Biles,Lindsay Lohan,Anya Taylor-Joy,Simone Biles,,,,,,,,,,,,,,,,,,,,,,,,,,,,,,,,,,,,,,,,,,,,,,,,,,,,,,,,,,,,,,,,,,,,,
,,,,,6971fce75aebcf1e7f79cd1b,2026-01-22_10h34.18.310,WP1_3,2025.2.3,Win32,59.52380952,67d04e57ae59b71e07329bf5,695fcc08e6593b9a696132f7,,,,,,,,,,,,,,,,,,,,,,,,,,,,,,,,,,,,,,,,,548.8585,551.8078,,,,4,551.8083,553.2972,,,"[""space""]",[1.4440000000000737],[null],5,553.2988,557.8079,space,4.4553,,31,Celebrities_Faces/031_rating.jpg,Sandra Bullock,3,Sandra Bullock,3,TRUE,FALSE,16,0,35,35,30,1,31,Celebrities_Faces/031_rating.jpg,Michelle Obama,Emma Watson,Halle Berry,Sandra Bullock,Sandra Bullock,,,,,,,,,,,,,,,,,,,,,,,,,,,,,,,,,,,,,,,,,,,,,,,,,,,,,,,,,,,,,,,,,,,,,
,,,,,6971fce75aebcf1e7f79cd1b,2026-01-22_10h34.18.310,WP1_3,2025.2.3,Win32,59.52380952,67d04e57ae59b71e07329bf5,695fcc08e6593b9a696132f7,,,,,,,,,,,,,,,,,,,,,,,,,,,,,,,,,,,,,,,,,557.8087,562.0743,,,,0,562.0753,565.0247,,,"[""left"",""right"",""space""]","[2.0837999999970407,2.3633999999985917,2.725399999998558]","[null,null,null]",5,565.0265,569.5323,space,4.2953,,37,Celebrities_Faces/037_rating.jpg,Natalie Portman,1,Natalie Portman,1,TRUE,FALSE,16,0,36,36,36,1,37,Celebrities_Faces/037_rating.jpg,Lady Gaga,Natalie Portman,Hillary Clinton,Michelle Obama,Natalie Portman,,,,,,,,,,,,,,,,,,,,,,,,,,,,,,,,,,,,,,,,,,,,,,,,,,,,,,,,,,,,,,,,,,,,,
,,,,,6971fce75aebcf1e7f79cd1b,2026-01-22_10h34.18.310,WP1_3,2025.2.3,Win32,59.52380952,67d04e57ae59b71e07329bf5,695fcc08e6593b9a696132f7,,,,,,,,,,,,,,,,,,,,,,,,,,,,,,,,,,,,,,,,,569.5331,572.8913,,,,0,572.8921,577.0414,,,"[""left"",""space""]","[3.706600000001572,4.096299999997086]","[null,null]",4,577.0434,580.9585,space,3.8605,,7,Celebrities_Faces/007_rating.jpg,Ben Affleck,0,Ben Affleck,0,TRUE,FALSE,16,0,37,37,6,1,7,Celebrities_Faces/007_rating.jpg,Ben Affleck,Nicolas Cage,Henri Canvill,Leonardo Di Caprio,Ben Affleck,,,,,,,,,,,,,,,,,,,,,,,,,,,,,,,,,,,,,,,,,,,,,,,,,,,,,,,,,,,,,,,,,,,,,
,,,,,6971fce75aebcf1e7f79cd1b,2026-01-22_10h34.18.310,WP1_3,2025.2.3,Win32,59.52380952,67d04e57ae59b71e07329bf5,695fcc08e6593b9a696132f7,,,,,,,,,,,,,,,,,,,,,,,,,,,,,,,,,,,,,,,,,580.9597,583.9079,,,,10,583.9091,585.9414,,,"[""right"",""space""]","[0.7549000000059323,1.9388000000044485]","[null,null]",6,585.9437,587.6419,space,1.6086,,28,Celebrities_Faces/028_rating.jpg,Dwayne Johnson,0,Dwayne Johnson,0,TRUE,TRUE,17,0,38,38,27,1,28,Celebrities_Faces/028_rating.jpg,Dwayne Johnson,Ryan Reynolds,Bradley Cooper,Lionel Messi,Dwayne Johnson,,,,,,,,,,,,,,,,,,,,,,,,,,,,,,,,,,,,,,,,,,,,,,,,,,,,,,,,,,,,,,,,,,,,,
,,,,,6971fce75aebcf1e7f79cd1b,2026-01-22_10h34.18.310,WP1_3,2025.2.3,Win32,59.52380952,67d04e57ae59b71e07329bf5,695fcc08e6593b9a696132f7,,,,,,,,,,,,,,,,,,,,,,,,,,,,,,,,,,,,,,,,,587.6429,591.392,,,,8,591.3929,593.7587,,,"[""right"",""right"",""space""]","[1.5273999999984653,1.8078999999984262,2.171299999997018]","[null,null,null]",7,593.7608,596.8259,space,2.8797,,24,Celebrities_Faces/024_rating.jpg,Ryan Reynolds,3,Ryan Reynolds,3,TRUE,TRUE,18,0,39,39,23,1,24,Celebrities_Faces/024_rating.jpg,Roger Federer,Denzel Washighton,Tom Holland,Ryan Reynolds,Ryan Reynolds,,,,,,,,,,,,,,,,,,,,,,,,,,,,,,,,,,,,,,,,,,,,,,,,,,,,,,,,,,,,,,,,,,,,,
,,,,,6971fce75aebcf1e7f79cd1b,2026-01-22_10h34.18.310,WP1_3,2025.2.3,Win32,59.52380952,67d04e57ae59b71e07329bf5,695fcc08e6593b9a696132f7,,,,,,,,,,,,,,,,,,,,,,,,,,,,,,,,,,,,,,,,,596.8271,600.5158,,,,8,600.5166,602.6752,,,"[""right"",""right"",""space""]","[1.243100000001391,1.676499999999919,2.115100000001462]","[null,null,null]",7,602.677,605.3755,space,2.654,,58,Celebrities_Faces/058_rating.jpg,Nicole Kidman,2,Nicole Kidman,2,TRUE,TRUE,19,0,40,40,57,1,58,Celebrities_Faces/058_rating.jpg,Millie Bobby Brown,Greta Thunberg,Nicole Kidman,Julia Roberts,Nicole Kidman,,,,,,,,,,,,,,,,,,,,,,,,,,,,,,,,,,,,,,,,,,,,,,,,,,,,,,,,,,,,,,,,,,,,,
,,,,,6971fce75aebcf1e7f79cd1b,2026-01-22_10h34.18.310,WP1_3,2025.2.3,Win32,59.52380952,67d04e57ae59b71e07329bf5,695fcc08e6593b9a696132f7,,,,,,,,,,,,,,,,,,,,,,,,,,,,,,,,,,,,,,,,,605.3766,609.8261,,,,0,609.8268,611.4425,,,"[""space""]",[1.594799999997008],[null],5,611.4443,621.8427,space,10.3802,,56,Celebrities_Faces/056_rating.jpg,Reese Witherspoon,0,Reese Witherspoon,0,TRUE,FALSE,19,0,41,41,55,1,56,Celebrities_Faces/056_rating.jpg,Reese Witherspoon,Sandra Bullock,Nicole Kidman,Halle Berry,Reese Witherspoon,,,,,,,,,,,,,,,,,,,,,,,,,,,,,,,,,,,,,,,,,,,,,,,,,,,,,,,,,,,,,,,,,,,,,
,,,,,6971fce75aebcf1e7f79cd1b,2026-01-22_10h34.18.310,WP1_3,2025.2.3,Win32,59.52380952,67d04e57ae59b71e07329bf5,695fcc08e6593b9a696132f7,,,,,,,,,,,,,,,,,,,,,,,,,,,,,,,,,,,,,,,,,621.8438,625.8427,,,,10,625.8436,629.1429,,,"[""right"",""right"",""right"",""space""]","[2.15760000000148,2.4069999999999254,2.693399999998519,3.125600000001441]","[null,null,null,null]",8,629.1453,630.9333,space,1.6123,,51,Celebrities_Faces/051_rating.jpg,Margot Robbie,0,Margot Robbie,0,TRUE,TRUE,20,0,42,42,50,1,51,Celebrities_Faces/051_rating.jpg,Margot Robbie,Halle Berry,Emma Watson,Julia Roberts,Margot Robbie,,,,,,,,,,,,,,,,,,,,,,,,,,,,,,,,,,,,,,,,,,,,,,,,,,,,,,,,,,,,,,,,,,,,,
,,,,,6971fce75aebcf1e7f79cd1b,2026-01-22_10h34.18.310,WP1_3,2025.2.3,Win32,59.52380952,67d04e57ae59b71e07329bf5,695fcc08e6593b9a696132f7,,,,,,,,,,,,,,,,,,,,,,,,,,,,,,,,,,,,,,,,,630.9341,637.7761,,,,6,637.7777,640.1433,,,"[""space""]",[2.144399999998541],[null],5,640.1456,644.0434,space,3.6813,,18,Celebrities_Faces/018_rating.jpg,Chris Hemsworth,0,Chris Hemsworth,0,TRUE,FALSE,20,0,43,43,17,1,18,Celebrities_Faces/018_rating.jpg,Chris Hemsworth,Leonardo Di Caprio,Nicolas Cage,Tom Cruise,Chris Hemsworth,,,,,,,,,,,,,,,,,,,,,,,,,,,,,,,,,,,,,,,,,,,,,,,,,,,,,,,,,,,,,,,,,,,,,
,,,,,6971fce75aebcf1e7f79cd1b,2026-01-22_10h34.18.310,WP1_3,2025.2.3,Win32,59.52380952,67d04e57ae59b71e07329bf5,695fcc08e6593b9a696132f7,,,,,,,,,,,,,,,,,,,,,,,,,,,,,,,,,,,,,,,,,644.0448,649.4111,,,,10,649.4117,651.977,,,"[""left"",""left"",""left"",""space""]","[1.4707000000030348,1.753900000005956,2.053900000006024,2.454800000004525]","[null,null,null,null]",2,651.979,654.0939,space,2.0118,,26,Celebrities_Faces/026_rating.jpg,George Clooney,2,George Clooney,2,TRUE,TRUE,21,0,44,44,25,1,26,Celebrities_Faces/026_rating.jpg,Robert De Niro,Ewan McGregor,George Clooney,Daniel Radcliffe,George Clooney,,,,,,,,,,,,,,,,,,,,,,,,,,,,,,,,,,,,,,,,,,,,,,,,,,,,,,,,,,,,,,,,,,,,,
,,,,,6971fce75aebcf1e7f79cd1b,2026-01-22_10h34.18.310,WP1_3,2025.2.3,Win32,59.52380952,67d04e57ae59b71e07329bf5,695fcc08e6593b9a696132f7,,,,,,,,,,,,,,,,,,,,,,,,,,,,,,,,,,,,,,,,,654.0948,657.6673,,,,6,657.668,659.2602,,,"[""space""]",[1.5620000000000118],[null],5,659.2622,661.5006,space,2.2126,,16,Celebrities_Faces/016_rating.jpg,Ewan McGregor,0,Ewan McGregor,0,TRUE,FALSE,21,0,45,45,15,1,16,Celebrities_Faces/016_rating.jpg,Ewan McGregor,Robert De Niro,Lionel Messi,Leonardo Di Caprio,Ewan McGregor,,,,,,,,,,,,,,,,,,,,,,,,,,,,,,,,,,,,,,,,,,,,,,,,,,,,,,,,,,,,,,,,,,,,,
,,,,,6971fce75aebcf1e7f79cd1b,2026-01-22_10h34.18.310,WP1_3,2025.2.3,Win32,59.52380952,67d04e57ae59b71e07329bf5,695fcc08e6593b9a696132f7,,,,,,,,,,,,,,,,,,,,,,,,,,,,,,,,,,,,,,,,,661.5015,664.5341,,,,6,664.5348,667.3274,,,"[""left"",""left"",""space""]","[1.6953000000045222,2.3272000000030175,2.755999999999972]","[null,null,null]",3,667.3291,670.844,space,3.4753,,4,Celebrities_Faces/004_rating.jpg,Cristiano Ronaldo,3,Cristiano Ronaldo,3,TRUE,FALSE,21,0,46,46,3,1,4,Celebrities_Faces/004_rating.jpg,Matt Damon,Robert De Niro,Denzel Washighton,Cristiano Ronaldo,Cristiano Ronaldo,,,,,,,,,,,,,,,,,,,,,,,,,,,,,,,,,,,,,,,,,,,,,,,,,,,,,,,,,,,,,,,,,,,,,
,,,,,6971fce75aebcf1e7f79cd1b,2026-01-22_10h34.18.310,WP1_3,2025.2.3,Win32,59.52380952,67d04e57ae59b71e07329bf5,695fcc08e6593b9a696132f7,,,,,,,,,,,,,,,,,,,,,,,,,,,,,,,,,,,,,,,,,670.8453,673.7107,,,,10,673.7116,681.9779,,,"[""right"",""right"",""left"",""left"",""left"",""right"",""left"",""space""]","[5.163899999998534,5.699999999999932,6.2772999999970125,6.483899999998471,6.760699999995495,7.410699999995472,7.910499999999956,8.210799999996993]","[null,null,null,null,null,null,null,null]",4,681.9799,683.445,space,1.415,,6,Celebrities_Faces/006_rating.jpg,Arnold Schwarzeneger,0,Arnold Schwarzeneger,0,TRUE,TRUE,22,0,47,47,5,1,6,Celebrities_Faces/006_rating.jpg,Arnold Schwarzeneger,Dwayne Johnson,Tom Cruise,Ryan Reynolds,Arnold Schwarzeneger,,,,,,,,,,,,,,,,,,,,,,,,,,,,,,,,,,,,,,,,,,,,,,,,,,,,,,,,,,,,,,,,,,,,,
,,,,,6971fce75aebcf1e7f79cd1b,2026-01-22_10h34.18.310,WP1_3,2025.2.3,Win32,59.52380952,67d04e57ae59b71e07329bf5,695fcc08e6593b9a696132f7,,,,,,,,,,,,,,,,,,,,,,,,,,,,,,,,,,,,,,,,,683.4459,687.8351,,,,0,687.8357,689.1447,,,"[""space""]",[1.1907999999970116],[null],5,689.1465,696.7356,space,7.4847,,60,Celebrities_Faces/060_rating.jpg,Anya Taylor-Joy,1,Anya Taylor-Joy,1,TRUE,FALSE,22,0,48,48,59,1,60,Celebrities_Faces/060_rating.jpg,Emma Stone,Anya Taylor-Joy,Michelle Obama,Halle Berry,Anya Taylor-Joy,,,,,,,,,,,,,,,,,,,,,,,,,,,,,,,,,,,,,,,,,,,,,,,,,,,,,,,,,,,,,,,,,,,,,
,,,,,6971fce75aebcf1e7f79cd1b,2026-01-22_10h34.18.310,WP1_3,2025.2.3,Win32,59.52380952,67d04e57ae59b71e07329bf5,695fcc08e6593b9a696132f7,,,,,,,,,,,,,,,,,,,,,,,,,,,,,,,,,,,,,,,,,696.7364,700.1114,,,,10,700.1128,702.6339,,,"[""right"",""right"",""right"",""right"",""right"",""space""]","[1.1608999999984917,1.377699999995457,1.5775999999940495,1.7775999999939813,1.9941999999954305,2.4594999999999345]","[null,null,null,null,null,null]",10,702.6353,704.0285,space,1.3244,,27,Celebrities_Faces/027_rating.jpg,Keanu Reeves,0,Keanu Reeves,0,TRUE,TRUE,23,0,49,49,26,1,27,Celebrities_Faces/027_rating.jpg,Keanu Reeves,Dwayne Johnson,Bradley Cooper,Daniel Radcliffe,Keanu Reeves,,,,,,,,,,,,,,,,,,,,,,,,,,,,,,,,,,,,,,,,,,,,,,,,,,,,,,,,,,,,,,,,,,,,,
,,,,,6971fce75aebcf1e7f79cd1b,2026-01-22_10h34.18.310,WP1_3,2025.2.3,Win32,59.52380952,67d04e57ae59b71e07329bf5,695fcc08e6593b9a696132f7,,,,,,,,,,,,,,,,,,,,,,,,,,,,,,,,,,,,,,,,,704.0296,708.2118,,,,4,708.2125,709.9966,,,"[""space""]",[1.570400000005975],[null],5,709.9984,713.7537,space,3.5438,,5,Celebrities_Faces/005_rating.jpg,Lionel Messi,0,Lionel Messi,0,TRUE,FALSE,23,0,50,50,4,1,5,Celebrities_Faces/005_rating.jpg,Lionel Messi,Matt Damon,Cristiano Ronaldo,Lebron James,Lionel Messi,,,,,,,,,,,,,,,,,,,,,,,,,,,,,,,,,,,,,,,,,,,,,,,,,,,,,,,,,,,,,,,,,,,,,
,,,,,6971fce75aebcf1e7f79cd1b,2026-01-22_10h34.18.310,WP1_3,2025.2.3,Win32,59.52380952,67d04e57ae59b71e07329bf5,695fcc08e6593b9a696132f7,,,,,,,,,,,,,,,,,,,,,,,,,,,,,,,,,,,,,,,,,713.7544,717.0123,,,,0,717.0135,718.6953,,,"[""space""]",[1.6053999999984399],[null],5,718.6972,725.0955,space,6.3226,,55,Celebrities_Faces/055_rating.jpg,Charlize Theron,0,Natalie Portman,3,FALSE,FALSE,23,0,51,51,54,1,55,Celebrities_Faces/055_rating.jpg,Natalie Portman,Margot Robbie,Angelina Jolie,Charlize Theron,Charlize Theron,,,,,,,,,,,,,,,,,,,,,,,,,,,,,,,,,,,,,,,,,,,,,,,,,,,,,,,,,,,,,,,,,,,,,
,,,,,6971fce75aebcf1e7f79cd1b,2026-01-22_10h34.18.310,WP1_3,2025.2.3,Win32,59.52380952,67d04e57ae59b71e07329bf5,695fcc08e6593b9a696132f7,,,,,,,,,,,,,,,,,,,,,,,,,,,,,,,,,,,,,,,,,725.0968,729.47,,,,3,729.4706,734.0294,,,"[""left"",""space""]","[3.877100000001519,4.443799999997054]","[null,null]",4,734.0311,737.2299,space,3.09,,57,Celebrities_Faces/057_rating.jpg,Serena Williams,2,Serena Williams,2,TRUE,FALSE,23,0,52,52,56,1,57,Celebrities_Faces/057_rating.jpg,Olivia Rodrigo,Charlize Theron,Serena Williams,Greta Thunberg,Serena Williams,,,,,,,,,,,,,,,,,,,,,,,,,,,,,,,,,,,,,,,,,,,,,,,,,,,,,,,,,,,,,,,,,,,,,
,,,,,6971fce75aebcf1e7f79cd1b,2026-01-22_10h34.18.310,WP1_3,2025.2.3,Win32,59.52380952,67d04e57ae59b71e07329bf5,695fcc08e6593b9a696132f7,,,,,,,,,,,,,,,,,,,,,,,,,,,,,,,,,,,,,,,,,737.2315,740.6692,,,,0,740.6698,742.1797,,,"[""space""]",[1.4452999999970189],[null],5,742.1818,750.6307,space,8.3921,,21,Celebrities_Faces/021_rating.jpg,Henri Canvill,2,Bradley Cooper,0,FALSE,FALSE,23,0,53,53,20,1,21,Celebrities_Faces/021_rating.jpg,Henri Canvill,George Clooney,Bradley Cooper,Tom Holland,Henri Canvill,,,,,,,,,,,,,,,,,,,,,,,,,,,,,,,,,,,,,,,,,,,,,,,,,,,,,,,,,,,,,,,,,,,,,
,,,,,6971fce75aebcf1e7f79cd1b,2026-01-22_10h34.18.310,WP1_3,2025.2.3,Win32,59.52380952,67d04e57ae59b71e07329bf5,695fcc08e6593b9a696132f7,,,,,,,,,,,,,,,,,,,,,,,,,,,,,,,,,,,,,,,,,750.6319,753.7297,,,,10,753.7306,756.6541,,,"[""left"",""left"",""space""]","[1.681600000001481,2.3192000000029793,2.8297999999970216]","[null,null,null]",3,756.6558,758.1801,space,1.4222,,59,Celebrities_Faces/059_rating.jpg,Michelle Obama,0,Michelle Obama,0,TRUE,TRUE,24,0,54,54,58,1,59,Celebrities_Faces/059_rating.jpg,Michelle Obama,Emma Watson,Millie Bobby Brown,Margot Robbie,Michelle Obama,,,,,,,,,,,,,,,,,,,,,,,,,,,,,,,,,,,,,,,,,,,,,,,,,,,,,,,,,,,,,,,,,,,,,
,,,,,6971fce75aebcf1e7f79cd1b,2026-01-22_10h34.18.310,WP1_3,2025.2.3,Win32,59.52380952,67d04e57ae59b71e07329bf5,695fcc08e6593b9a696132f7,,,,,,,,,,,,,,,,,,,,,,,,,,,,,,,,,,,,,,,,,758.1814,761.804,,,,0,761.8047,763.1799,,,"[""space""]",[1.1922999999970898],[null],5,763.182,768.1804,space,4.8193,,48,Celebrities_Faces/048_rating.jpg,Jennifer Lawrence,2,Anne Hathaway,0,FALSE,FALSE,24,0,55,55,47,1,48,Celebrities_Faces/048_rating.jpg,Jennifer Lawrence,Lady Gaga,Anne Hathaway,Emma Stone,Jennifer Lawrence,,,,,,,,,,,,,,,,,,,,,,,,,,,,,,,,,,,,,,,,,,,,,,,,,,,,,,,,,,,,,,,,,,,,,
,,,,,6971fce75aebcf1e7f79cd1b,2026-01-22_10h34.18.310,WP1_3,2025.2.3,Win32,59.52380952,67d04e57ae59b71e07329bf5,695fcc08e6593b9a696132f7,,,,,,,,,,,,,,,,,,,,,,,,,,,,,,,,,,,,,,,,,768.1815,773.6136,,,,1,773.6149,774.8708,,,"[""space""]",[1.1783999999985326],[null],5,774.8724,782.7814,space,7.823,,46,Celebrities_Faces/046_rating.jpg,Emma Stone,1,Emma Stone,1,TRUE,FALSE,24,0,56,56,45,1,46,Celebrities_Faces/046_rating.jpg,Halle Berry,Emma Stone,Emma Watson,Taylor Swift,Emma Stone,,,,,,,,,,,,,,,,,,,,,,,,,,,,,,,,,,,,,,,,,,,,,,,,,,,,,,,,,,,,,,,,,,,,,
,,,,,6971fce75aebcf1e7f79cd1b,2026-01-22_10h34.18.310,WP1_3,2025.2.3,Win32,59.52380952,67d04e57ae59b71e07329bf5,695fcc08e6593b9a696132f7,,,,,,,,,,,,,,,,,,,,,,,,,,,,,,,,,,,,,,,,,782.7821,785.7537,,,,10,785.7544,788.1144,,,"[""left"",""left"",""left"",""left"",""left"",""left"",""space""]","[0.5289999999999964,0.8170999999939568,1.1130999999940059,1.3935999999939668,1.6651999999954796,1.9770999999940386,2.2810999999940123]","[null,null,null,null,null,null,null]",0,788.116,789.6479,space,1.4562,,47,Celebrities_Faces/047_rating.jpg,Hillary Clinton,0,Hillary Clinton,0,TRUE,TRUE,25,0,57,57,46,1,47,Celebrities_Faces/047_rating.jpg,Hillary Clinton,Sandra Bullock,Michelle Obama,Anne Hathaway,Hillary Clinton,,,,,,,,,,,,,,,,,,,,,,,,,,,,,,,,,,,,,,,,,,,,,,,,,,,,,,,,,,,,,,,,,,,,,
,,,,,6971fce75aebcf1e7f79cd1b,2026-01-22_10h34.18.310,WP1_3,2025.2.3,Win32,59.52380952,67d04e57ae59b71e07329bf5,695fcc08e6593b9a696132f7,,,,,,,,,,,,,,,,,,,,,,,,,,,,,,,,,,,,,,,,,789.6494,792.9309,,,,0,792.9318,794.2879,,,"[""space""]",[1.2930000000000064],[null],5,794.2897,800.0382,space,5.6843,,11,Celebrities_Faces/011_rating.jpg,Chris Evans,0,Chris Evans,0,TRUE,FALSE,25,0,58,58,10,1,11,Celebrities_Faces/011_rating.jpg,Chris Evans,Daniel Craig,Ryan Reynolds,Arnold Schwarzeneger,Chris Evans,,,,,,,,,,,,,,,,,,,,,,,,,,,,,,,,,,,,,,,,,,,,,,,,,,,,,,,,,,,,,,,,,,,,,
,,,,,6971fce75aebcf1e7f79cd1b,2026-01-22_10h34.18.310,WP1_3,2025.2.3,Win32,59.52380952,67d04e57ae59b71e07329bf5,695fcc08e6593b9a696132f7,,,,,,,,,,,,,,,,,,,,,,,,,,,,,,,,,,,,,,,,,800.039,803.5815,,,,0,803.5823,805.0311,,,"[""space""]",[1.2882000000030303],[null],5,805.0334,810.0979,space,4.9111,,22,Celebrities_Faces/022_rating.jpg,Lebron James,3,Lebron James,3,TRUE,FALSE,25,0,59,59,21,1,22,Celebrities_Faces/022_rating.jpg,George W.Bush,Lionel Messi,Leonardo Di Caprio,Lebron James,Lebron James,,,,,,,,,,,,,,,,,,,,,,,,,,,,,,,,,,,,,,,,,,,,,,,,,,,,,,,,,,,,,,,,,,,,,
,,,,,6971fce75aebcf1e7f79cd1b,2026-01-22_10h34.18.310,WP1_3,2025.2.3,Win32,59.52380952,67d04e57ae59b71e07329bf5,695fcc08e6593b9a696132f7,,,,,,,,,,,,,,,,,,,,,,,,,,,,,,,,,,,,,,,,,,,,,,,,,,,,,,,,,,,,,,,,,,,,,,,,,,,,,,,,,all_25_qualified_plus_5_best_remaining,30,"30,34,15,54,19,12,2,42,25,1,10,14,38,8,20,13,28,24,58,51,26,6,27,59,47,23,45,18,16,4",810.0992,830.0993,,,,,,,,,,,,,,,,,,,,,,,,,,,,,,,,,,,,,,,,,,,,,,,,,,,,,,,,,,,,,,,,
,,,,,6971fce75aebcf1e7f79cd1b,2026-01-22_10h34.18.310,WP1_3,2025.2.3,Win32,59.52380952,67d04e57ae59b71e07329bf5,695fcc08e6593b9a696132f7,,,,,,,,,,,,,,,,,,,,,,,,,,,,,,,,,,,,,,,,,,,,,,,,,,,,,,,,,,,,,,,,,,,,,,,,,,,,,,,,,,,,,,830.1008,830.101,,,,,,,,,,,,,,,,,,,,,,,,,,,,,,,,,,,,,,,,,,,,,,,,,,,,,,,,,,,,,,
,,,,,6971fce75aebcf1e7f79cd1b,2026-01-22_10h34.18.310,WP1_3,2025.2.3,Win32,59.52380952,67d04e57ae59b71e07329bf5,695fcc08e6593b9a696132f7,,,,,,,,,,,,,,,,,,,,,,,,,,,,,,,,,,,,,,,,,,,,,,,,,,,,,,,,,,,,,,,,,,,,,,,,,,,,,,,,,,,,,,,,830.1011,846.3164,space,16.1949,,,,,,,,,,,,,,,,,,,,,,,,,,,,,,,,,,,,,,,,,,,,,,,,,,,,,,,,,,
,,,,,6971fce75aebcf1e7f79cd1b,2026-01-22_10h34.18.310,WP1_3,2025.2.3,Win32,59.52380952,67d04e57ae59b71e07329bf5,695fcc08e6593b9a696132f7,,,,,,,,,,,,,,,,,,,,,,,,,,,,,,,,,,,,,,,,,,,,,,,,,,,,,,,,,,,,,,,,,,,,,,,,,,,,,,,,,,,,,,,,,,,,,846.3166,855.7331,space,9.3985,,,,,,,,,,,,,,,,,,,,,,,,,,,,,,,,,,,,,,,,,,,,,,,,,,,,,
,,,,,6971fce75aebcf1e7f79cd1b,2026-01-22_10h34.18.310,WP1_3,2025.2.3,Win32,59.52380952,67d04e57ae59b71e07329bf5,695fcc08e6593b9a696132f7,,,,,,,,,,,,,,,,,,,,,,,,,,,,,,,,,,,,,,,,,,,,,,,,,,,,,,,,,,,,52,,,,,,,,,,,,,,,,,,,,,,,,,,,,,,,,,,,,,,1.50995274,855.7354,857.2494,857.2508,859.3668,[],[],,TRUE,1,TRUE,,TRUE,,0,0,0,0,1,,,,,,,,,,,,,,,,,,,,,,,,,,,,,,,,,
,,,,,6971fce75aebcf1e7f79cd1b,2026-01-22_10h34.18.310,WP1_3,2025.2.3,Win32,59.52380952,67d04e57ae59b71e07329bf5,695fcc08e6593b9a696132f7,,,,,,,,,,,,,,,,,,,,,,,,,,,,,,,,,,,,,,,,,,,,,,,,,,,,,,,,,,,,34,,,,,,,,,,,,,,,,,,,,,,,,,,,,,,,,,,,,,,1.715531451,859.3674,861.0826,861.0835,861.942,q,0.7661,,TRUE,2,FALSE,,FALSE,,1,0,1,0,1,,,,,,,,,,,,,,,,,,,,,,,,,,,,,,,,,
,,,,,6971fce75aebcf1e7f79cd1b,2026-01-22_10h34.18.310,WP1_3,2025.2.3,Win32,59.52380952,67d04e57ae59b71e07329bf5,695fcc08e6593b9a696132f7,,,,,,,,,,,,,,,,,,,,,,,,,,,,,,,,,,,,,,,,,,,,,,,,,,,,,,,,,,,,41,,,,,,,,,,,,,,,,,,,,,,,,,,,,,,,,,,,,,,2.475580311,861.9424,864.4225,864.4231,865.3497,q,0.8294,,TRUE,3,FALSE,,FALSE,,2,0,2,0,1,,,,,,,,,,,,,,,,,,,,,,,,,,,,,,,,,
,,,,,6971fce75aebcf1e7f79cd1b,2026-01-22_10h34.18.310,WP1_3,2025.2.3,Win32,59.52380952,67d04e57ae59b71e07329bf5,695fcc08e6593b9a696132f7,,,,,,,,,,,,,,,,,,,,,,,,,,,,,,,,,,,,,,,,,,,,,,,,,,,,,,,,,,,,28,,,,,,,,,,,,,,,,,,,,,,,,,,,,,,,,,,,,,,1.545058819,865.3501,866.8831,866.8839,867.9504,p,0.9709,,TRUE,4,FALSE,,FALSE,,3,0,3,0,1,,,,,,,,,,,,,,,,,,,,,,,,,,,,,,,,,
,,,,,6971fce75aebcf1e7f79cd1b,2026-01-22_10h34.18.310,WP1_3,2025.2.3,Win32,59.52380952,67d04e57ae59b71e07329bf5,695fcc08e6593b9a696132f7,,,,,,,,,,,,,,,,,,,,,,,,,,,,,,,,,,,,,,,,,,,,,,,,,,,,,,,,,,,,95,,,,,,,,,,,,,,,,,,,,,,,,,,,,,,,,,,,,,,1.699489326,867.9508,869.6556,869.6563,870.6832,q,0.9382,,TRUE,5,FALSE,,FALSE,,4,0,4,0,1,,,,,,,,,,,,,,,,,,,,,,,,,,,,,,,,,
,,,,,6971fce75aebcf1e7f79cd1b,2026-01-22_10h34.18.310,WP1_3,2025.2.3,Win32,59.52380952,67d04e57ae59b71e07329bf5,695fcc08e6593b9a696132f7,,,,,,,,,,,,,,,,,,,,,,,,,,,,,,,,,,,,,,,,,,,,,,,,,,,,,,,,,,,,,,,,,,,,,,,,,,,,,,,,,,,,,,,,,,,,,,,,,,,,,,,,,,,,,,,,,,,,,870.6835,874.6904,space,3.9827,,,,,,,,,,,,,,,,,,,,,,,,,,,,,
,,,,,6971fce75aebcf1e7f79cd1b,2026-01-22_10h34.18.310,WP1_3,2025.2.3,Win32,59.52380952,67d04e57ae59b71e07329bf5,695fcc08e6593b9a696132f7,,,,,,,,,,,,,,,,,,,,,,,,,,,,,,,,,,,,,,,,,,,,,,,,,,,,,,,,,,,,93,stim_fam/093_rgray_250.png,,,,,,,,,,,,,,,,,,,,,,,,,,,,,,,,,,,,,2.035279237,874.6921,876.723,,,,,,,,FALSE,,TRUE,,,,,,,,,,,,876.7245,877.8339,,1,58,1,1,250,novel,,,FALSE,877.8345,878.8336,878.8341,878.8358,,0,0,0,0,1,,,,,,
,,,,,6971fce75aebcf1e7f79cd1b,2026-01-22_10h34.18.310,WP1_3,2025.2.3,Win32,59.52380952,67d04e57ae59b71e07329bf5,695fcc08e6593b9a696132f7,,,,,,,,,,,,,,,,,,,,,,,,,,,,,,,,,,,,,,,,,,,,,,,,,,,,,,,,,,,,58,stim_fam/058_rgray_250.png,,,,,,,,,,,,,,,,,,,,,,,,,,,,,,,,,,,,,2.007481603,878.8361,880.8334,,,,,,,,FALSE,,FALSE,,,,,,,,,,,,880.8344,881.8005,q,2,43,1,1,250,novel,,,FALSE,881.801,881.8012,881.8012,881.8012,,1,0,1,0,1,0.8687,,,,,
,,,,,6971fce75aebcf1e7f79cd1b,2026-01-22_10h34.18.310,WP1_3,2025.2.3,Win32,59.52380952,67d04e57ae59b71e07329bf5,695fcc08e6593b9a696132f7,,,,,,,,,,,,,,,,,,,,,,,,,,,,,,,,,,,,,,,,,,,,,,,,,,,,,,,,,,,,88,stim_fam/088_rgray_250.png,,,,,,,,,,,,,,,,,,,,,,,,,,,,,,,,,,,,,1.83811812,881.8015,883.6398,,,,,,,,FALSE,,FALSE,,,,,,,,,,,,883.6404,884.7171,p,3,31,1,1,250,novel,,,FALSE,884.7172,884.7172,884.7173,884.7175,,2,0,2,0,1,0.9878,,,,,
,,,,,6971fce75aebcf1e7f79cd1b,2026-01-22_10h34.18.310,WP1_3,2025.2.3,Win32,59.52380952,67d04e57ae59b71e07329bf5,695fcc08e6593b9a696132f7,,,,,,,,,,,,,,,,,,,,,,,,,,,,,,,,,,,,,,,,,,,,,,,,,,,,,,,,,,,,56,stim_fam/056_rgray_250.png,,,,,,,,,,,,,,,,,,,,,,,,,,,,,,,,,,,,,1.831705035,884.7178,886.5398,,,,,,,,FALSE,,FALSE,,,,,,,,,,,,886.5405,887.435,p,4,44,1,1,250,novel,,,FALSE,887.4353,887.4353,887.4353,887.4354,,3,0,3,0,1,0.8039,,,,,
,,,,,6971fce75aebcf1e7f79cd1b,2026-01-22_10h34.18.310,WP1_3,2025.2.3,Win32,59.52380952,67d04e57ae59b71e07329bf5,695fcc08e6593b9a696132f7,,,,,,,,,,,,,,,,,,,,,,,,,,,,,,,,,,,,,,,,,,,,,,,,,,,,,,,,,,,,30,Celebrities_Faces/030_01_greyscale_250.png,,,,,,,,,,,,,,,,,,,,,,,,,,,,,,,,,,,,,2.428298823,887.4357,889.8734,,,,,,,,TRUE,,FALSE,,,,,,,,,,,,889.8741,890.7761,q,5,1,1,1,1,familiar,,,FALSE,890.7763,890.7763,890.7763,890.7764,,4,0,4,0,1,0.8114,,,,,
,,,,,6971fce75aebcf1e7f79cd1b,2026-01-22_10h34.18.310,WP1_3,2025.2.3,Win32,59.52380952,67d04e57ae59b71e07329bf5,695fcc08e6593b9a696132f7,,,,,,,,,,,,,,,,,,,,,,,,,,,,,,,,,,,,,,,,,,,,,,,,,,,,,,,,,,,,17,stim_fam/017_rgray_250.png,,,,,,,,,,,,,,,,,,,,,,,,,,,,,,,,,,,,,1.812125678,890.7767,892.5899,,,,,,,,FALSE,,TRUE,,,,,,,,,,,,892.5905,893.701,,6,45,1,1,250,novel,,,FALSE,893.7012,894.7062,894.7063,894.7063,,5,0,5,0,1,,,,,,
,,,,,6971fce75aebcf1e7f79cd1b,2026-01-22_10h34.18.310,WP1_3,2025.2.3,Win32,59.52380952,67d04e57ae59b71e07329bf5,695fcc08e6593b9a696132f7,,,,,,,,,,,,,,,,,,,,,,,,,,,,,,,,,,,,,,,,,,,,,,,,,,,,,,,,,,,,42,Celebrities_Faces/042_03_greyscale_250.png,,,,,,,,,,,,,,,,,,,,,,,,,,,,,,,,,,,,,1.693118522,894.7066,896.4069,,,,,,,,TRUE,,TRUE,,,,,,,,,,,,896.4076,897.5175,,7,8,1,1,3,familiar,,,FALSE,897.518,898.5068,898.5068,898.507,,6,0,6,0,1,,,,,,
,,,,,6971fce75aebcf1e7f79cd1b,2026-01-22_10h34.18.310,WP1_3,2025.2.3,Win32,59.52380952,67d04e57ae59b71e07329bf5,695fcc08e6593b9a696132f7,,,,,,,,,,,,,,,,,,,,,,,,,,,,,,,,,,,,,,,,,,,,,,,,,,,,,,,,,,,,26,Celebrities_Faces/026_02_greyscale_250.png,,,,,,,,,,,,,,,,,,,,,,,,,,,,,,,,,,,,,2.092880238,898.5073,900.6069,,,,,,,,TRUE,,TRUE,,,,,,,,,,,,900.6077,901.7175,,8,21,1,1,2,familiar,,,FALSE,901.7178,902.7175,902.7175,902.7176,,7,0,7,0,1,,,,,,
,,,,,6971fce75aebcf1e7f79cd1b,2026-01-22_10h34.18.310,WP1_3,2025.2.3,Win32,59.52380952,67d04e57ae59b71e07329bf5,695fcc08e6593b9a696132f7,,,,,,,,,,,,,,,,,,,,,,,,,,,,,,,,,,,,,,,,,,,,,,,,,,,,,,,,,,,,47,stim_fam/047_rgray_250.png,,,,,,,,,,,,,,,,,,,,,,,,,,,,,,,,,,,,,2.429173147,902.7181,905.1509,,,,,,,,FALSE,,FALSE,,,,,,,,,,,,905.1516,906.1351,p,9,37,1,1,250,novel,,,FALSE,906.1352,906.1353,906.1353,906.1354,,8,0,8,0,1,0.8886,,,,,
,,,,,6971fce75aebcf1e7f79cd1b,2026-01-22_10h34.18.310,WP1_3,2025.2.3,Win32,59.52380952,67d04e57ae59b71e07329bf5,695fcc08e6593b9a696132f7,,,,,,,,,,,,,,,,,,,,,,,,,,,,,,,,,,,,,,,,,,,,,,,,,,,,,,,,,,,,57,stim_fam/057_rgray_250.png,,,,,,,,,,,,,,,,,,,,,,,,,,,,,,,,,,,,,1.639073175,906.1357,907.7679,,,,,,,,FALSE,,FALSE,,,,,,,,,,,,907.7686,908.6343,p,10,46,1,1,250,novel,,,FALSE,908.6349,908.6349,908.6349,908.6351,,9,0,9,0,1,0.7693,,,,,
,,,,,6971fce75aebcf1e7f79cd1b,2026-01-22_10h34.18.310,WP1_3,2025.2.3,Win32,59.52380952,67d04e57ae59b71e07329bf5,695fcc08e6593b9a696132f7,,,,,,,,,,,,,,,,,,,,,,,,,,,,,,,,,,,,,,,,,,,,,,,,,,,,,,,,,,,,23,Celebrities_Faces/023_02_greyscale_250.png,,,,,,,,,,,,,,,,,,,,,,,,,,,,,,,,,,,,,2.049869449,908.6354,910.6739,,,,,,,,TRUE,,FALSE,,,,,,,,,,,,910.6746,911.7268,p,11,26,1,1,2,familiar,,,FALSE,911.727,911.727,911.727,911.7271,,10,0,10,0,1,0.9612,,,,,
,,,,,6971fce75aebcf1e7f79cd1b,2026-01-22_10h34.18.310,WP1_3,2025.2.3,Win32,59.52380952,67d04e57ae59b71e07329bf5,695fcc08e6593b9a696132f7,,,,,,,,,,,,,,,,,,,,,,,,,,,,,,,,,,,,,,,,,,,,,,,,,,,,,,,,,,,,45,Celebrities_Faces/045_03_greyscale_250.png,,,,,,,,,,,,,,,,,,,,,,,,,,,,,,,,,,,,,1.983930091,911.7273,913.7011,,,,,,,,TRUE,,FALSE,,,,,,,,,,,,913.7019,914.7174,p,12,27,1,1,3,familiar,,,FALSE,914.7176,914.7177,914.7177,914.7178,,11,0,11,0,1,0.9275,,,,,
,,,,,6971fce75aebcf1e7f79cd1b,2026-01-22_10h34.18.310,WP1_3,2025.2.3,Win32,59.52380952,67d04e57ae59b71e07329bf5,695fcc08e6593b9a696132f7,,,,,,,,,,,,,,,,,,,,,,,,,,,,,,,,,,,,,,,,,,,,,,,,,,,,,,,,,,,,4,Celebrities_Faces/004_03_greyscale_250.png,,,,,,,,,,,,,,,,,,,,,,,,,,,,,,,,,,,,,1.659855708,914.7184,916.3676,,,,,,,,TRUE,,FALSE,,,,,,,,,,,,916.3685,917.4271,q,13,30,1,1,3,familiar,,,FALSE,917.4272,917.4273,917.4273,917.4274,,12,0,12,0,1,0.963,,,,,
,,,,,6971fce75aebcf1e7f79cd1b,2026-01-22_10h34.18.310,WP1_3,2025.2.3,Win32,59.52380952,67d04e57ae59b71e07329bf5,695fcc08e6593b9a696132f7,,,,,,,,,,,,,,,,,,,,,,,,,,,,,,,,,,,,,,,,,,,,,,,,,,,,,,,,,,,,34,Celebrities_Faces/034_01_greyscale_250.png,,,,,,,,,,,,,,,,,,,,,,,,,,,,,,,,,,,,,2.196795569,917.4276,919.618,,,,,,,,TRUE,,FALSE,,,,,,,,,,,,919.6188,920.6682,q,14,2,1,1,1,familiar,,,FALSE,920.6684,920.6685,920.6685,920.6685,,13,0,13,0,1,0.9534,,,,,
,,,,,6971fce75aebcf1e7f79cd1b,2026-01-22_10h34.18.310,WP1_3,2025.2.3,Win32,59.52380952,67d04e57ae59b71e07329bf5,695fcc08e6593b9a696132f7,,,,,,,,,,,,,,,,,,,,,,,,,,,,,,,,,,,,,,,,,,,,,,,,,,,,,,,,,,,,94,stim_fam/094_rgray_250.png,,,,,,,,,,,,,,,,,,,,,,,,,,,,,,,,,,,,,1.78045748,920.6688,922.4571,,,,,,,,FALSE,,FALSE,,,,,,,,,,,,922.4577,923.3515,p,15,38,1,1,250,novel,,,FALSE,923.3519,923.352,923.352,923.352,,14,0,14,0,1,0.7982,,,,,
,,,,,6971fce75aebcf1e7f79cd1b,2026-01-22_10h34.18.310,WP1_3,2025.2.3,Win32,59.52380952,67d04e57ae59b71e07329bf5,695fcc08e6593b9a696132f7,,,,,,,,,,,,,,,,,,,,,,,,,,,,,,,,,,,,,,,,,,,,,,,,,,,,,,,,,,,,54,Celebrities_Faces/054_01_greyscale_250.png,,,,,,,,,,,,,,,,,,,,,,,,,,,,,,,,,,,,,2.29020825,923.3523,925.6408,,,,,,,,TRUE,,FALSE,,,,,,,,,,,,925.6415,926.6107,q,16,4,1,1,1,familiar,,,FALSE,926.6109,926.6109,926.611,926.611,,15,0,15,0,1,0.8797,,,,,
,,,,,6971fce75aebcf1e7f79cd1b,2026-01-22_10h34.18.310,WP1_3,2025.2.3,Win32,59.52380952,67d04e57ae59b71e07329bf5,695fcc08e6593b9a696132f7,,,,,,,,,,,,,,,,,,,,,,,,,,,,,,,,,,,,,,,,,,,,,,,,,,,,,,,,,,,,74,stim_fam/074_rgray_250.png,,,,,,,,,,,,,,,,,,,,,,,,,,,,,,,,,,,,,2.284040245,926.6113,928.8909,,,,,,,,FALSE,,FALSE,,,,,,,,,,,,928.8916,929.9183,q,17,51,1,1,250,novel,,,FALSE,929.9185,929.9188,929.9189,929.919,,16,0,16,0,1,0.9325,,,,,
,,,,,6971fce75aebcf1e7f79cd1b,2026-01-22_10h34.18.310,WP1_3,2025.2.3,Win32,59.52380952,67d04e57ae59b71e07329bf5,695fcc08e6593b9a696132f7,,,,,,,,,,,,,,,,,,,,,,,,,,,,,,,,,,,,,,,,,,,,,,,,,,,,,,,,,,,,45,stim_fam/045_rgray_250.png,,,,,,,,,,,,,,,,,,,,,,,,,,,,,,,,,,,,,2.021380368,929.9194,931.9349,,,,,,,,FALSE,,FALSE,,,,,,,,,,,,931.9357,932.9274,q,18,47,1,1,250,novel,,,FALSE,932.9276,932.9278,932.9278,932.9278,,17,0,17,0,1,0.903,,,,,
,,,,,6971fce75aebcf1e7f79cd1b,2026-01-22_10h34.18.310,WP1_3,2025.2.3,Win32,59.52380952,67d04e57ae59b71e07329bf5,695fcc08e6593b9a696132f7,,,,,,,,,,,,,,,,,,,,,,,,,,,,,,,,,,,,,,,,,,,,,,,,,,,,,,,,,,,,19,Celebrities_Faces/019_02_greyscale_250.png,,,,,,,,,,,,,,,,,,,,,,,,,,,,,,,,,,,,,2.387382946,932.9281,935.3079,,,,,,,,TRUE,,FALSE,,,,,,,,,,,,935.3085,936.227,q,19,5,1,1,2,familiar,,,FALSE,936.2272,936.2272,936.2272,936.2272,,18,0,18,0,1,0.8293,,,,,
,,,,,6971fce75aebcf1e7f79cd1b,2026-01-22_10h34.18.310,WP1_3,2025.2.3,Win32,59.52380952,67d04e57ae59b71e07329bf5,695fcc08e6593b9a696132f7,,,,,,,,,,,,,,,,,,,,,,,,,,,,,,,,,,,,,,,,,,,,,,,,,,,,,,,,,,,,14,Celebrities_Faces/014_02_greyscale_250.png,,,,,,,,,,,,,,,,,,,,,,,,,,,,,,,,,,,,,2.057934631,936.2274,938.2747,,,,,,,,TRUE,,FALSE,,,,,,,,,,,,938.2753,939.1018,q,20,12,1,1,2,familiar,,,FALSE,939.102,939.102,939.102,939.102,,19,0,19,0,1,0.7319,,,,,
,,,,,6971fce75aebcf1e7f79cd1b,2026-01-22_10h34.18.310,WP1_3,2025.2.3,Win32,59.52380952,67d04e57ae59b71e07329bf5,695fcc08e6593b9a696132f7,,,,,,,,,,,,,,,,,,,,,,,,,,,,,,,,,,,,,,,,,,,,,,,,,,,,,,,,,,,,38,stim_fam/038_rgray_250.png,,,,,,,,,,,,,,,,,,,,,,,,,,,,,,,,,,,,,2.278388341,939.1024,941.3686,,,,,,,,FALSE,,FALSE,,,,,,,,,,,,941.3693,942.4108,p,21,49,1,1,250,novel,,,FALSE,942.411,942.411,942.411,942.4111,,20,0,20,0,1,0.9526,,,,,
,,,,,6971fce75aebcf1e7f79cd1b,2026-01-22_10h34.18.310,WP1_3,2025.2.3,Win32,59.52380952,67d04e57ae59b71e07329bf5,695fcc08e6593b9a696132f7,,,,,,,,,,,,,,,,,,,,,,,,,,,,,,,,,,,,,,,,,,,,,,,,,,,,,,,,,,,,58,Celebrities_Faces/058_01_greyscale_250.png,,,,,,,,,,,,,,,,,,,,,,,,,,,,,,,,,,,,,1.833974017,942.4113,944.241,,,,,,,,TRUE,,FALSE,,,,,,,,,,,,944.2417,945.2944,q,22,19,1,1,1,familiar,,,FALSE,945.2946,945.2947,945.2947,945.2947,,21,0,21,0,1,0.9614,,,,,
,,,,,6971fce75aebcf1e7f79cd1b,2026-01-22_10h34.18.310,WP1_3,2025.2.3,Win32,59.52380952,67d04e57ae59b71e07329bf5,695fcc08e6593b9a696132f7,,,,,,,,,,,,,,,,,,,,,,,,,,,,,,,,,,,,,,,,,,,,,,,,,,,,,,,,,,,,47,Celebrities_Faces/047_03_greyscale_250.png,,,,,,,,,,,,,,,,,,,,,,,,,,,,,,,,,,,,,2.169595387,945.2949,947.4522,,,,,,,,TRUE,,FALSE,,,,,,,,,,,,947.453,948.3446,q,23,25,1,1,3,familiar,,,FALSE,948.3447,948.3448,948.3448,948.3449,,22,0,22,0,1,0.8022,,,,,
,,,,,6971fce75aebcf1e7f79cd1b,2026-01-22_10h34.18.310,WP1_3,2025.2.3,Win32,59.52380952,67d04e57ae59b71e07329bf5,695fcc08e6593b9a696132f7,,,,,,,,,,,,,,,,,,,,,,,,,,,,,,,,,,,,,,,,,,,,,,,,,,,,,,,,,,,,51,Celebrities_Faces/051_02_greyscale_250.png,,,,,,,,,,,,,,,,,,,,,,,,,,,,,,,,,,,,,2.165062228,948.345,950.5023,,,,,,,,TRUE,,FALSE,,,,,,,,,,,,950.5031,951.4939,p,24,20,1,1,2,familiar,,,FALSE,951.4941,951.4942,951.4942,951.4942,,23,0,23,0,1,0.9007,,,,,
,,,,,6971fce75aebcf1e7f79cd1b,2026-01-22_10h34.18.310,WP1_3,2025.2.3,Win32,59.52380952,67d04e57ae59b71e07329bf5,695fcc08e6593b9a696132f7,,,,,,,,,,,,,,,,,,,,,,,,,,,,,,,,,,,,,,,,,,,,,,,,,,,,,,,,,,,,18,Celebrities_Faces/018_02_greyscale_250.png,,,,,,,,,,,,,,,,,,,,,,,,,,,,,,,,,,,,,1.692072891,951.4945,953.175,,,,,,,,TRUE,,FALSE,,,,,,,,,,,,953.1756,954.1196,q,25,28,1,1,2,familiar,,,FALSE,954.1198,954.1198,954.1198,954.1199,,24,0,24,0,1,0.8475,,,,,
,,,,,6971fce75aebcf1e7f79cd1b,2026-01-22_10h34.18.310,WP1_3,2025.2.3,Win32,59.52380952,67d04e57ae59b71e07329bf5,695fcc08e6593b9a696132f7,,,,,,,,,,,,,,,,,,,,,,,,,,,,,,,,,,,,,,,,,,,,,,,,,,,,,,,,,,,,89,stim_fam/089_rgray_250.png,,,,,,,,,,,,,,,,,,,,,,,,,,,,,,,,,,,,,2.488408017,954.1203,956.6019,,,,,,,,FALSE,,FALSE,,,,,,,,,,,,956.6029,957.5113,p,26,55,1,1,250,novel,,,FALSE,957.5115,957.5115,957.5116,957.5116,,25,0,25,0,1,0.8169,,,,,
,,,,,6971fce75aebcf1e7f79cd1b,2026-01-22_10h34.18.310,WP1_3,2025.2.3,Win32,59.52380952,67d04e57ae59b71e07329bf5,695fcc08e6593b9a696132f7,,,,,,,,,,,,,,,,,,,,,,,,,,,,,,,,,,,,,,,,,,,,,,,,,,,,,,,,,,,,33,stim_fam/033_rgray_250.png,,,,,,,,,,,,,,,,,,,,,,,,,,,,,,,,,,,,,2.455584076,957.5118,959.9752,,,,,,,,FALSE,,FALSE,,,,,,,,,,,,959.976,960.8854,p,27,40,1,1,250,novel,,,FALSE,960.8858,960.8859,960.8859,960.886,,26,0,26,0,1,0.8216,,,,,
,,,,,6971fce75aebcf1e7f79cd1b,2026-01-22_10h34.18.310,WP1_3,2025.2.3,Win32,59.52380952,67d04e57ae59b71e07329bf5,695fcc08e6593b9a696132f7,,,,,,,,,,,,,,,,,,,,,,,,,,,,,,,,,,,,,,,,,,,,,,,,,,,,,,,,,,,,6,Celebrities_Faces/006_03_greyscale_250.png,,,,,,,,,,,,,,,,,,,,,,,,,,,,,,,,,,,,,2.033971131,960.8863,962.9087,,,,,,,,TRUE,,FALSE,,,,,,,,,,,,962.9094,963.7692,q,28,22,1,1,3,familiar,,,FALSE,963.7694,963.7695,963.7695,963.7695,,27,0,27,0,1,0.7639,,,,,
,,,,,6971fce75aebcf1e7f79cd1b,2026-01-22_10h34.18.310,WP1_3,2025.2.3,Win32,59.52380952,67d04e57ae59b71e07329bf5,695fcc08e6593b9a696132f7,,,,,,,,,,,,,,,,,,,,,,,,,,,,,,,,,,,,,,,,,,,,,,,,,,,,,,,,,,,,75,stim_fam/075_rgray_250.png,,,,,,,,,,,,,,,,,,,,,,,,,,,,,,,,,,,,,1.770413902,963.7699,965.5356,,,,,,,,FALSE,,FALSE,,,,,,,,,,,,965.5366,966.6283,p,29,57,1,1,250,novel,,,FALSE,966.6285,966.6285,966.6285,966.6286,,28,0,28,0,1,1.0014,,,,,
,,,,,6971fce75aebcf1e7f79cd1b,2026-01-22_10h34.18.310,WP1_3,2025.2.3,Win32,59.52380952,67d04e57ae59b71e07329bf5,695fcc08e6593b9a696132f7,,,,,,,,,,,,,,,,,,,,,,,,,,,,,,,,,,,,,,,,,,,,,,,,,,,,,,,,,,,,15,Celebrities_Faces/015_03_greyscale_250.png,,,,,,,,,,,,,,,,,,,,,,,,,,,,,,,,,,,,,1.740720145,966.6289,968.3587,,,,,,,,TRUE,,FALSE,,,,,,,,,,,,968.3594,969.2119,q,30,3,1,1,3,familiar,,,FALSE,969.212,969.212,969.2121,969.2121,,29,0,29,0,1,0.7616,,,,,
,,,,,6971fce75aebcf1e7f79cd1b,2026-01-22_10h34.18.310,WP1_3,2025.2.3,Win32,59.52380952,67d04e57ae59b71e07329bf5,695fcc08e6593b9a696132f7,,,,,,,,,,,,,,,,,,,,,,,,,,,,,,,,,,,,,,,,,,,,,,,,,,,,,,,,,,,,32,stim_fam/032_rgray_250.png,,,,,,,,,,,,,,,,,,,,,,,,,,,,,,,,,,,,,2.214406825,969.2123,971.4189,,,,,,,,FALSE,,FALSE,,,,,,,,,,,,971.4199,972.4191,p,31,42,1,1,250,novel,,,FALSE,972.4194,972.4197,972.4197,972.4197,,30,0,30,0,1,0.9074,,,,,
,,,,,6971fce75aebcf1e7f79cd1b,2026-01-22_10h34.18.310,WP1_3,2025.2.3,Win32,59.52380952,67d04e57ae59b71e07329bf5,695fcc08e6593b9a696132f7,,,,,,,,,,,,,,,,,,,,,,,,,,,,,,,,,,,,,,,,,,,,,,,,,,,,,,,,,,,,20,Celebrities_Faces/020_01_greyscale_250.png,,,,,,,,,,,,,,,,,,,,,,,,,,,,,,,,,,,,,1.756447767,972.4202,974.1694,,,,,,,,TRUE,,FALSE,,,,,,,,,,,,974.1705,975.2195,q,32,15,1,1,1,familiar,,,FALSE,975.2197,975.2198,975.2198,975.2201,,31,0,31,0,1,0.9532,,,,,
,,,,,6971fce75aebcf1e7f79cd1b,2026-01-22_10h34.18.310,WP1_3,2025.2.3,Win32,59.52380952,67d04e57ae59b71e07329bf5,695fcc08e6593b9a696132f7,,,,,,,,,,,,,,,,,,,,,,,,,,,,,,,,,,,,,,,,,,,,,,,,,,,,,,,,,,,,78,stim_fam/078_rgray_250.png,,,,,,,,,,,,,,,,,,,,,,,,,,,,,,,,,,,,,2.217216045,975.2204,977.4363,,,,,,,,FALSE,,FALSE,,,,,,,,,,,,977.4371,978.4533,p,33,32,1,1,250,novel,,,FALSE,978.4535,978.4536,978.4536,978.4536,,32,0,32,0,1,0.9183,,,,,
,,,,,6971fce75aebcf1e7f79cd1b,2026-01-22_10h34.18.310,WP1_3,2025.2.3,Win32,59.52380952,67d04e57ae59b71e07329bf5,695fcc08e6593b9a696132f7,,,,,,,,,,,,,,,,,,,,,,,,,,,,,,,,,,,,,,,,,,,,,,,,,,,,,,,,,,,,8,Celebrities_Faces/008_01_greyscale_250.png,,,,,,,,,,,,,,,,,,,,,,,,,,,,,,,,,,,,,1.956128882,978.454,980.4091,,,,,,,,TRUE,,FALSE,,,,,,,,,,,,980.4097,981.1699,q,34,14,1,1,1,familiar,,,FALSE,981.17,981.1703,981.1703,981.1703,,33,0,33,0,1,0.6647,,,,,
,,,,,6971fce75aebcf1e7f79cd1b,2026-01-22_10h34.18.310,WP1_3,2025.2.3,Win32,59.52380952,67d04e57ae59b71e07329bf5,695fcc08e6593b9a696132f7,,,,,,,,,,,,,,,,,,,,,,,,,,,,,,,,,,,,,,,,,,,,,,,,,,,,,,,,,,,,10,Celebrities_Faces/010_03_greyscale_250.png,,,,,,,,,,,,,,,,,,,,,,,,,,,,,,,,,,,,,2.314701919,981.1705,983.4759,,,,,,,,TRUE,,FALSE,,,,,,,,,,,,983.4767,984.2703,q,35,11,1,1,3,familiar,,,FALSE,984.2704,984.2705,984.2705,984.2706,,34,0,34,0,1,0.702,,,,,
,,,,,6971fce75aebcf1e7f79cd1b,2026-01-22_10h34.18.310,WP1_3,2025.2.3,Win32,59.52380952,67d04e57ae59b71e07329bf5,695fcc08e6593b9a696132f7,,,,,,,,,,,,,,,,,,,,,,,,,,,,,,,,,,,,,,,,,,,,,,,,,,,,,,,,,,,,48,stim_fam/048_rgray_250.png,,,,,,,,,,,,,,,,,,,,,,,,,,,,,,,,,,,,,2.327380236,984.2708,986.5863,,,,,,,,FALSE,,FALSE,,,,,,,,,,,,986.5874,987.6287,p,36,36,1,1,250,novel,,,FALSE,987.6289,987.6289,987.6289,987.6291,,35,0,35,0,1,0.9355,,,,,
,,,,,6971fce75aebcf1e7f79cd1b,2026-01-22_10h34.18.310,WP1_3,2025.2.3,Win32,59.52380952,67d04e57ae59b71e07329bf5,695fcc08e6593b9a696132f7,,,,,,,,,,,,,,,,,,,,,,,,,,,,,,,,,,,,,,,,,,,,,,,,,,,,,,,,,,,,25,stim_fam/025_rgray_250.png,,,,,,,,,,,,,,,,,,,,,,,,,,,,,,,,,,,,,1.648995179,987.6293,989.2701,,,,,,,,FALSE,,FALSE,,,,,,,,,,,,989.2709,990.3125,q,37,34,1,1,250,novel,,,FALSE,990.3127,990.3127,990.3127,990.3127,,36,0,36,0,1,0.9463,,,,,
,,,,,6971fce75aebcf1e7f79cd1b,2026-01-22_10h34.18.310,WP1_3,2025.2.3,Win32,59.52380952,67d04e57ae59b71e07329bf5,695fcc08e6593b9a696132f7,,,,,,,,,,,,,,,,,,,,,,,,,,,,,,,,,,,,,,,,,,,,,,,,,,,,,,,,,,,,62,stim_fam/062_rgray_250.png,,,,,,,,,,,,,,,,,,,,,,,,,,,,,,,,,,,,,2.169426128,990.313,992.4761,,,,,,,,FALSE,,TRUE,,,,,,,,,,,,992.4769,993.5864,,38,39,1,1,250,novel,,,FALSE,993.5869,994.5873,994.5873,994.5874,,37,0,37,0,1,,,,,,
,,,,,6971fce75aebcf1e7f79cd1b,2026-01-22_10h34.18.310,WP1_3,2025.2.3,Win32,59.52380952,67d04e57ae59b71e07329bf5,695fcc08e6593b9a696132f7,,,,,,,,,,,,,,,,,,,,,,,,,,,,,,,,,,,,,,,,,,,,,,,,,,,,,,,,,,,,13,Celebrities_Faces/013_03_greyscale_250.png,,,,,,,,,,,,,,,,,,,,,,,,,,,,,,,,,,,,,1.936620222,994.5877,996.5202,,,,,,,,TRUE,,FALSE,,,,,,,,,,,,996.5212,997.5368,q,39,16,1,1,3,familiar,,,FALSE,997.537,997.537,997.5371,997.5372,,38,0,38,0,1,0.9169,,,,,
,,,,,6971fce75aebcf1e7f79cd1b,2026-01-22_10h34.18.310,WP1_3,2025.2.3,Win32,59.52380952,67d04e57ae59b71e07329bf5,695fcc08e6593b9a696132f7,,,,,,,,,,,,,,,,,,,,,,,,,,,,,,,,,,,,,,,,,,,,,,,,,,,,,,,,,,,,1,stim_fam/001_rgray_250.png,,,,,,,,,,,,,,,,,,,,,,,,,,,,,,,,,,,,,1.909895739,997.5375,999.4432,,,,,,,,FALSE,,FALSE,,,,,,,,,,,,999.4439,1000.2871,p,40,54,1,1,250,novel,,,FALSE,1000.2873,1000.2874,1000.2874,1000.2874,,39,0,39,0,1,0.7452,,,,,
,,,,,6971fce75aebcf1e7f79cd1b,2026-01-22_10h34.18.310,WP1_3,2025.2.3,Win32,59.52380952,67d04e57ae59b71e07329bf5,695fcc08e6593b9a696132f7,,,,,,,,,,,,,,,,,,,,,,,,,,,,,,,,,,,,,,,,,,,,,,,,,,,,,,,,,,,,38,Celebrities_Faces/038_03_greyscale_250.png,,,,,,,,,,,,,,,,,,,,,,,,,,,,,,,,,,,,,2.297010755,1000.2877,1002.5869,,,,,,,,TRUE,,FALSE,,,,,,,,,,,,1002.5879,1003.4039,p,41,13,1,1,3,familiar,,,FALSE,1003.404,1003.4044,1003.4045,1003.4045,,40,0,40,0,1,0.7189,,,,,
,,,,,6971fce75aebcf1e7f79cd1b,2026-01-22_10h34.18.310,WP1_3,2025.2.3,Win32,59.52380952,67d04e57ae59b71e07329bf5,695fcc08e6593b9a696132f7,,,,,,,,,,,,,,,,,,,,,,,,,,,,,,,,,,,,,,,,,,,,,,,,,,,,,,,,,,,,64,stim_fam/064_rgray_250.png,,,,,,,,,,,,,,,,,,,,,,,,,,,,,,,,,,,,,1.577608313,1003.4048,1004.9703,,,,,,,,FALSE,,FALSE,,,,,,,,,,,,1004.9714,1005.8628,q,42,59,1,1,250,novel,,,FALSE,1005.863,1005.863,1005.863,1005.8631,,41,0,41,0,1,0.8002,,,,,
,,,,,6971fce75aebcf1e7f79cd1b,2026-01-22_10h34.18.310,WP1_3,2025.2.3,Win32,59.52380952,67d04e57ae59b71e07329bf5,695fcc08e6593b9a696132f7,,,,,,,,,,,,,,,,,,,,,,,,,,,,,,,,,,,,,,,,,,,,,,,,,,,,,,,,,,,,44,stim_fam/044_rgray_250.png,,,,,,,,,,,,,,,,,,,,,,,,,,,,,,,,,,,,,1.63354957,1005.8634,1007.4933,,,,,,,,FALSE,,TRUE,,,,,,,,,,,,1007.494,1008.6042,,43,35,1,1,250,novel,,,FALSE,1008.6045,1009.6101,1009.6102,1009.6102,,42,0,42,0,1,,,,,,
,,,,,6971fce75aebcf1e7f79cd1b,2026-01-22_10h34.18.310,WP1_3,2025.2.3,Win32,59.52380952,67d04e57ae59b71e07329bf5,695fcc08e6593b9a696132f7,,,,,,,,,,,,,,,,,,,,,,,,,,,,,,,,,,,,,,,,,,,,,,,,,,,,,,,,,,,,1,Celebrities_Faces/001_03_greyscale_250.png,,,,,,,,,,,,,,,,,,,,,,,,,,,,,,,,,,,,,1.610408327,1009.6105,1011.2266,,,,,,,,TRUE,,FALSE,,,,,,,,,,,,1011.2274,1012.2205,q,44,10,1,1,3,familiar,,,FALSE,1012.2207,1012.2212,1012.2212,1012.2212,,43,0,43,0,1,0.8954,,,,,
,,,,,6971fce75aebcf1e7f79cd1b,2026-01-22_10h34.18.310,WP1_3,2025.2.3,Win32,59.52380952,67d04e57ae59b71e07329bf5,695fcc08e6593b9a696132f7,,,,,,,,,,,,,,,,,,,,,,,,,,,,,,,,,,,,,,,,,,,,,,,,,,,,,,,,,,,,72,stim_fam/072_rgray_250.png,,,,,,,,,,,,,,,,,,,,,,,,,,,,,,,,,,,,,1.828225185,1012.2215,1014.0538,,,,,,,,FALSE,,FALSE,,,,,,,,,,,,1014.0547,1015.138,p,45,53,1,1,250,novel,,,FALSE,1015.1382,1015.1382,1015.1382,1015.1383,,44,0,44,0,1,0.9921,,,,,
,,,,,6971fce75aebcf1e7f79cd1b,2026-01-22_10h34.18.310,WP1_3,2025.2.3,Win32,59.52380952,67d04e57ae59b71e07329bf5,695fcc08e6593b9a696132f7,,,,,,,,,,,,,,,,,,,,,,,,,,,,,,,,,,,,,,,,,,,,,,,,,,,,,,,,,,,,12,Celebrities_Faces/012_03_greyscale_250.png,,,,,,,,,,,,,,,,,,,,,,,,,,,,,,,,,,,,,1.633400251,1015.1385,1016.7601,,,,,,,,TRUE,,FALSE,,,,,,,,,,,,1016.7608,1017.7465,q,46,6,1,1,3,familiar,,,FALSE,1017.7467,1017.7468,1017.7468,1017.7468,,45,0,45,0,1,0.8954,,,,,
,,,,,6971fce75aebcf1e7f79cd1b,2026-01-22_10h34.18.310,WP1_3,2025.2.3,Win32,59.52380952,67d04e57ae59b71e07329bf5,695fcc08e6593b9a696132f7,,,,,,,,,,,,,,,,,,,,,,,,,,,,,,,,,,,,,,,,,,,,,,,,,,,,,,,,,,,,26,stim_fam/026_rgray_250.png,,,,,,,,,,,,,,,,,,,,,,,,,,,,,,,,,,,,,2.197155686,1017.7473,1019.9378,,,,,,,,FALSE,,TRUE,,,,,,,,,,,,1019.9387,1021.0462,,47,33,1,1,250,novel,,,FALSE,1021.0465,1022.0437,1022.0437,1022.0438,,46,0,46,0,1,,,,,,
,,,,,6971fce75aebcf1e7f79cd1b,2026-01-22_10h34.18.310,WP1_3,2025.2.3,Win32,59.52380952,67d04e57ae59b71e07329bf5,695fcc08e6593b9a696132f7,,,,,,,,,,,,,,,,,,,,,,,,,,,,,,,,,,,,,,,,,,,,,,,,,,,,,,,,,,,,59,Celebrities_Faces/059_01_greyscale_250.png,,,,,,,,,,,,,,,,,,,,,,,,,,,,,,,,,,,,,1.51638634,1022.0441,1023.5604,,,,,,,,TRUE,,FALSE,,,,,,,,,,,,1023.561,1024.5377,q,48,24,1,1,1,familiar,,,FALSE,1024.5378,1024.5379,1024.5379,1024.538,,47,0,47,0,1,0.879,,,,,
,,,,,6971fce75aebcf1e7f79cd1b,2026-01-22_10h34.18.310,WP1_3,2025.2.3,Win32,59.52380952,67d04e57ae59b71e07329bf5,695fcc08e6593b9a696132f7,,,,,,,,,,,,,,,,,,,,,,,,,,,,,,,,,,,,,,,,,,,,,,,,,,,,,,,,,,,,25,Celebrities_Faces/025_02_greyscale_250.png,,,,,,,,,,,,,,,,,,,,,,,,,,,,,,,,,,,,,2.432211798,1024.5382,1026.9712,,,,,,,,TRUE,,FALSE,,,,,,,,,,,,1026.9721,1027.9708,q,49,9,1,1,2,familiar,,,FALSE,1027.9714,1027.9715,1027.9715,1027.9716,,48,0,48,0,1,0.9001,,,,,
,,,,,6971fce75aebcf1e7f79cd1b,2026-01-22_10h34.18.310,WP1_3,2025.2.3,Win32,59.52380952,67d04e57ae59b71e07329bf5,695fcc08e6593b9a696132f7,,,,,,,,,,,,,,,,,,,,,,,,,,,,,,,,,,,,,,,,,,,,,,,,,,,,,,,,,,,,67,stim_fam/067_rgray_250.png,,,,,,,,,,,,,,,,,,,,,,,,,,,,,,,,,,,,,2.305665033,1027.9718,1030.2709,,,,,,,,FALSE,,FALSE,,,,,,,,,,,,1030.2717,1031.1217,p,50,41,1,1,250,novel,,,FALSE,1031.1219,1031.122,1031.122,1031.1221,,49,0,49,0,1,0.7546,,,,,
,,,,,6971fce75aebcf1e7f79cd1b,2026-01-22_10h34.18.310,WP1_3,2025.2.3,Win32,59.52380952,67d04e57ae59b71e07329bf5,695fcc08e6593b9a696132f7,,,,,,,,,,,,,,,,,,,,,,,,,,,,,,,,,,,,,,,,,,,,,,,,,,,,,,,,,,,,27,Celebrities_Faces/027_02_greyscale_250.png,,,,,,,,,,,,,,,,,,,,,,,,,,,,,,,,,,,,,2.096660104,1031.1223,1033.2106,,,,,,,,TRUE,,FALSE,,,,,,,,,,,,1033.2114,1034.2046,q,51,23,1,1,2,familiar,,,FALSE,1034.2048,1034.205,1034.205,1034.2051,,50,0,50,0,1,0.8937,,,,,
,,,,,6971fce75aebcf1e7f79cd1b,2026-01-22_10h34.18.310,WP1_3,2025.2.3,Win32,59.52380952,67d04e57ae59b71e07329bf5,695fcc08e6593b9a696132f7,,,,,,,,,,,,,,,,,,,,,,,,,,,,,,,,,,,,,,,,,,,,,,,,,,,,,,,,,,,,61,stim_fam/061_rgray_250.png,,,,,,,,,,,,,,,,,,,,,,,,,,,,,,,,,,,,,2.169875501,1034.2055,1036.3712,,,,,,,,FALSE,,FALSE,,,,,,,,,,,,1036.3724,1037.3805,q,52,60,1,1,250,novel,,,FALSE,1037.3806,1037.3807,1037.3807,1037.3808,,51,0,51,0,1,0.9191,,,,,
,,,,,6971fce75aebcf1e7f79cd1b,2026-01-22_10h34.18.310,WP1_3,2025.2.3,Win32,59.52380952,67d04e57ae59b71e07329bf5,695fcc08e6593b9a696132f7,,,,,,,,,,,,,,,,,,,,,,,,,,,,,,,,,,,,,,,,,,,,,,,,,,,,,,,,,,,,40,stim_fam/040_rgray_250.png,,,,,,,,,,,,,,,,,,,,,,,,,,,,,,,,,,,,,2.426276549,1037.381,1039.8111,,,,,,,,FALSE,,FALSE,,,,,,,,,,,,1039.8119,1040.6634,p,53,50,1,1,250,novel,,,FALSE,1040.6636,1040.6636,1040.6636,1040.6637,,52,0,52,0,1,0.761,,,,,
,,,,,6971fce75aebcf1e7f79cd1b,2026-01-22_10h34.18.310,WP1_3,2025.2.3,Win32,59.52380952,67d04e57ae59b71e07329bf5,695fcc08e6593b9a696132f7,,,,,,,,,,,,,,,,,,,,,,,,,,,,,,,,,,,,,,,,,,,,,,,,,,,,,,,,,,,,2,Celebrities_Faces/002_03_greyscale_250.png,,,,,,,,,,,,,,,,,,,,,,,,,,,,,,,,,,,,,1.985175041,1040.664,1042.6379,,,,,,,,TRUE,,FALSE,,,,,,,,,,,,1042.639,1043.4266,q,54,7,1,1,3,familiar,,,FALSE,1043.4268,1043.4268,1043.4269,1043.4269,,53,0,53,0,1,0.6975,,,,,
,,,,,6971fce75aebcf1e7f79cd1b,2026-01-22_10h34.18.310,WP1_3,2025.2.3,Win32,59.52380952,67d04e57ae59b71e07329bf5,695fcc08e6593b9a696132f7,,,,,,,,,,,,,,,,,,,,,,,,,,,,,,,,,,,,,,,,,,,,,,,,,,,,,,,,,,,,24,Celebrities_Faces/024_02_greyscale_250.png,,,,,,,,,,,,,,,,,,,,,,,,,,,,,,,,,,,,,2.19984688,1043.4271,1045.6213,,,,,,,,TRUE,,FALSE,,,,,,,,,,,,1045.6226,1046.4468,q,55,18,1,1,2,familiar,,,FALSE,1046.447,1046.447,1046.447,1046.4471,,54,0,54,0,1,0.7341,,,,,
,,,,,6971fce75aebcf1e7f79cd1b,2026-01-22_10h34.18.310,WP1_3,2025.2.3,Win32,59.52380952,67d04e57ae59b71e07329bf5,695fcc08e6593b9a696132f7,,,,,,,,,,,,,,,,,,,,,,,,,,,,,,,,,,,,,,,,,,,,,,,,,,,,,,,,,,,,16,Celebrities_Faces/016_02_greyscale_250.png,,,,,,,,,,,,,,,,,,,,,,,,,,,,,,,,,,,,,2.389130971,1046.4474,1048.8445,,,,,,,,TRUE,,FALSE,,,,,,,,,,,,1048.8452,1049.7718,p,56,29,1,1,2,familiar,,,FALSE,1049.772,1049.772,1049.772,1049.7722,,55,0,55,0,1,0.8297,,,,,
,,,,,6971fce75aebcf1e7f79cd1b,2026-01-22_10h34.18.310,WP1_3,2025.2.3,Win32,59.52380952,67d04e57ae59b71e07329bf5,695fcc08e6593b9a696132f7,,,,,,,,,,,,,,,,,,,,,,,,,,,,,,,,,,,,,,,,,,,,,,,,,,,,,,,,,,,,66,stim_fam/066_rgray_250.png,,,,,,,,,,,,,,,,,,,,,,,,,,,,,,,,,,,,,2.132156723,1049.7726,1051.9054,,,,,,,,FALSE,,FALSE,,,,,,,,,,,,1051.9063,1052.9055,q,57,52,1,1,250,novel,,,FALSE,1052.9056,1052.9057,1052.9057,1052.9058,,56,0,56,0,1,0.9079,,,,,
,,,,,6971fce75aebcf1e7f79cd1b,2026-01-22_10h34.18.310,WP1_3,2025.2.3,Win32,59.52380952,67d04e57ae59b71e07329bf5,695fcc08e6593b9a696132f7,,,,,,,,,,,,,,,,,,,,,,,,,,,,,,,,,,,,,,,,,,,,,,,,,,,,,,,,,,,,28,Celebrities_Faces/028_02_greyscale_250.png,,,,,,,,,,,,,,,,,,,,,,,,,,,,,,,,,,,,,2.160825481,1052.9062,1055.0578,,,,,,,,TRUE,,FALSE,,,,,,,,,,,,1055.0584,1056.1477,p,58,17,1,1,2,familiar,,,FALSE,1056.1478,1056.1479,1056.1479,1056.1479,,57,0,57,0,1,0.9998,,,,,
,,,,,6971fce75aebcf1e7f79cd1b,2026-01-22_10h34.18.310,WP1_3,2025.2.3,Win32,59.52380952,67d04e57ae59b71e07329bf5,695fcc08e6593b9a696132f7,,,,,,,,,,,,,,,,,,,,,,,,,,,,,,,,,,,,,,,,,,,,,,,,,,,,,,,,,,,,82,stim_fam/082_rgray_250.png,,,,,,,,,,,,,,,,,,,,,,,,,,,,,,,,,,,,,2.372440439,1056.1481,1058.5114,,,,,,,,FALSE,,TRUE,,,,,,,,,,,,1058.512,1059.6222,p,59,48,1,1,250,novel,,,FALSE,1059.6225,1060.6219,1060.6219,1060.6221,,58,0,58,0,1,1.0105,,,,,
,,,,,6971fce75aebcf1e7f79cd1b,2026-01-22_10h34.18.310,WP1_3,2025.2.3,Win32,59.52380952,67d04e57ae59b71e07329bf5,695fcc08e6593b9a696132f7,,,,,,,,,,,,,,,,,,,,,,,,,,,,,,,,,,,,,,,,,,,,,,,,,,,,,,,,,,,,99,stim_fam/099_rgray_250.png,,,,,,,,,,,,,,,,,,,,,,,,,,,,,,,,,,,,,1.942562464,1060.6228,1062.5554,,,,,,,,FALSE,,FALSE,,,,,,,,,,,,1062.5565,1063.6312,p,60,56,1,1,250,novel,,,FALSE,1063.6314,1063.6314,1063.6314,1066.7623,space,59,0,59,0,1,0.9843,,3.1169,,,
,,,,,6971fce75aebcf1e7f79cd1b,2026-01-22_10h34.18.310,WP1_3,2025.2.3,Win32,59.52380952,67d04e57ae59b71e07329bf5,695fcc08e6593b9a696132f7,,,,,,,,,,,,,,,,,,,,,,,,,,,,,,,,,,,,,,,,,,,,,,,,,,,,,,,,,,,,16,Celebrities_Faces/016_03_greyscale_250.png,,,,,,,,,,,,,,,,,,,,,,,,,,,,,,,,,,,,,1.873412722,1066.7626,1068.6451,,,,,,,,TRUE,,FALSE,,,,,,,,,,,,1068.646,1069.6476,p,61,89,2,1,3,familiar,,,FALSE,1069.6477,1069.6477,1069.6478,1069.6478,,60,0,60,0,1,0.9133,,,,,
,,,,,6971fce75aebcf1e7f79cd1b,2026-01-22_10h34.18.310,WP1_3,2025.2.3,Win32,59.52380952,67d04e57ae59b71e07329bf5,695fcc08e6593b9a696132f7,,,,,,,,,,,,,,,,,,,,,,,,,,,,,,,,,,,,,,,,,,,,,,,,,,,,,,,,,,,,14,stim_fam/014_rgray_250.png,,,,,,,,,,,,,,,,,,,,,,,,,,,,,,,,,,,,,1.987182417,1069.6481,1071.6284,,,,,,,,FALSE,,FALSE,,,,,,,,,,,,1071.6292,1072.5394,p,62,97,2,1,250,novel,,,FALSE,1072.5396,1072.5397,1072.5397,1072.5398,,61,0,61,0,1,0.8158,,,,,
,,,,,6971fce75aebcf1e7f79cd1b,2026-01-22_10h34.18.310,WP1_3,2025.2.3,Win32,59.52380952,67d04e57ae59b71e07329bf5,695fcc08e6593b9a696132f7,,,,,,,,,,,,,,,,,,,,,,,,,,,,,,,,,,,,,,,,,,,,,,,,,,,,,,,,,,,,103,stim_fam/103_rgray_250.png,,,,,,,,,,,,,,,,,,,,,,,,,,,,,,,,,,,,,1.63265443,1072.5401,1074.162,,,,,,,,FALSE,,FALSE,,,,,,,,,,,,1074.1627,1075.1148,p,63,94,2,1,250,novel,,,FALSE,1075.115,1075.115,1075.115,1075.1151,,62,0,62,0,1,0.8617,,,,,
,,,,,6971fce75aebcf1e7f79cd1b,2026-01-22_10h34.18.310,WP1_3,2025.2.3,Win32,59.52380952,67d04e57ae59b71e07329bf5,695fcc08e6593b9a696132f7,,,,,,,,,,,,,,,,,,,,,,,,,,,,,,,,,,,,,,,,,,,,,,,,,,,,,,,,,,,,15,Celebrities_Faces/015_02_greyscale_250.png,,,,,,,,,,,,,,,,,,,,,,,,,,,,,,,,,,,,,1.878294258,1075.1154,1076.9892,,,,,,,,TRUE,,FALSE,,,,,,,,,,,,1076.9902,1077.6899,q,64,63,2,1,2,familiar,,,FALSE,1077.6901,1077.6902,1077.6902,1077.6902,,63,0,63,0,1,0.6048,,,,,
,,,,,6971fce75aebcf1e7f79cd1b,2026-01-22_10h34.18.310,WP1_3,2025.2.3,Win32,59.52380952,67d04e57ae59b71e07329bf5,695fcc08e6593b9a696132f7,,,,,,,,,,,,,,,,,,,,,,,,,,,,,,,,,,,,,,,,,,,,,,,,,,,,,,,,,,,,59,Celebrities_Faces/059_02_greyscale_250.png,,,,,,,,,,,,,,,,,,,,,,,,,,,,,,,,,,,,,2.323417852,1077.6907,1080.0059,,,,,,,,TRUE,,FALSE,,,,,,,,,,,,1080.0071,1080.7394,q,65,84,2,1,2,familiar,,,FALSE,1080.7395,1080.7397,1080.7397,1080.7397,,64,0,64,0,1,0.6381,,,,,
,,,,,6971fce75aebcf1e7f79cd1b,2026-01-22_10h34.18.310,WP1_3,2025.2.3,Win32,59.52380952,67d04e57ae59b71e07329bf5,695fcc08e6593b9a696132f7,,,,,,,,,,,,,,,,,,,,,,,,,,,,,,,,,,,,,,,,,,,,,,,,,,,,,,,,,,,,68,stim_fam/068_rgray_250.png,,,,,,,,,,,,,,,,,,,,,,,,,,,,,,,,,,,,,2.157446277,1080.7401,1082.8955,,,,,,,,FALSE,,FALSE,,,,,,,,,,,,1082.8962,1083.8318,p,66,116,2,1,250,novel,,,FALSE,1083.832,1083.832,1083.832,1083.8321,,65,0,65,0,1,0.846,,,,,
,,,,,6971fce75aebcf1e7f79cd1b,2026-01-22_10h34.18.310,WP1_3,2025.2.3,Win32,59.52380952,67d04e57ae59b71e07329bf5,695fcc08e6593b9a696132f7,,,,,,,,,,,,,,,,,,,,,,,,,,,,,,,,,,,,,,,,,,,,,,,,,,,,,,,,,,,,28,Celebrities_Faces/028_03_greyscale_250.png,,,,,,,,,,,,,,,,,,,,,,,,,,,,,,,,,,,,,2.079138867,1083.8323,1085.9122,,,,,,,,TRUE,,FALSE,,,,,,,,,,,,1085.9131,1086.6653,q,67,77,2,1,3,familiar,,,FALSE,1086.6655,1086.6655,1086.6655,1086.6655,,66,0,66,0,1,0.6616,,,,,
,,,,,6971fce75aebcf1e7f79cd1b,2026-01-22_10h34.18.310,WP1_3,2025.2.3,Win32,59.52380952,67d04e57ae59b71e07329bf5,695fcc08e6593b9a696132f7,,,,,,,,,,,,,,,,,,,,,,,,,,,,,,,,,,,,,,,,,,,,,,,,,,,,,,,,,,,,53,stim_fam/053_rgray_250.png,,,,,,,,,,,,,,,,,,,,,,,,,,,,,,,,,,,,,1.973682674,1086.6658,1088.6288,,,,,,,,FALSE,,FALSE,,,,,,,,,,,,1088.6296,1089.4732,p,68,95,2,1,250,novel,,,FALSE,1089.4735,1089.4735,1089.4735,1089.4735,,67,0,67,0,1,0.7525,,,,,
,,,,,6971fce75aebcf1e7f79cd1b,2026-01-22_10h34.18.310,WP1_3,2025.2.3,Win32,59.52380952,67d04e57ae59b71e07329bf5,695fcc08e6593b9a696132f7,,,,,,,,,,,,,,,,,,,,,,,,,,,,,,,,,,,,,,,,,,,,,,,,,,,,,,,,,,,,19,Celebrities_Faces/019_03_greyscale_250.png,,,,,,,,,,,,,,,,,,,,,,,,,,,,,,,,,,,,,1.554996358,1089.4739,1091.0289,,,,,,,,TRUE,,FALSE,,,,,,,,,,,,1091.0295,1091.857,q,69,65,2,1,3,familiar,,,FALSE,1091.857,1091.8571,1091.8571,1091.8571,,68,0,68,0,1,0.7384,,,,,
,,,,,6971fce75aebcf1e7f79cd1b,2026-01-22_10h34.18.310,WP1_3,2025.2.3,Win32,59.52380952,67d04e57ae59b71e07329bf5,695fcc08e6593b9a696132f7,,,,,,,,,,,,,,,,,,,,,,,,,,,,,,,,,,,,,,,,,,,,,,,,,,,,,,,,,,,,2,stim_fam/002_rgray_250.png,,,,,,,,,,,,,,,,,,,,,,,,,,,,,,,,,,,,,2.424973441,1091.8575,1094.2786,,,,,,,,FALSE,,FALSE,,,,,,,,,,,,1094.2794,1095.0988,p,70,93,2,1,250,novel,,,FALSE,1095.0989,1095.0989,1095.099,1095.099,,69,0,69,0,1,0.7297,,,,,
,,,,,6971fce75aebcf1e7f79cd1b,2026-01-22_10h34.18.310,WP1_3,2025.2.3,Win32,59.52380952,67d04e57ae59b71e07329bf5,695fcc08e6593b9a696132f7,,,,,,,,,,,,,,,,,,,,,,,,,,,,,,,,,,,,,,,,,,,,,,,,,,,,,,,,,,,,4,Celebrities_Faces/004_01_greyscale_250.png,,,,,,,,,,,,,,,,,,,,,,,,,,,,,,,,,,,,,2.115050852,1095.0993,1097.2125,,,,,,,,TRUE,,FALSE,,,,,,,,,,,,1097.213,1098.2909,q,71,90,2,1,1,familiar,,,FALSE,1098.2911,1098.2911,1098.2911,1098.2911,,70,0,70,0,1,0.9865,,,,,
,,,,,6971fce75aebcf1e7f79cd1b,2026-01-22_10h34.18.310,WP1_3,2025.2.3,Win32,59.52380952,67d04e57ae59b71e07329bf5,695fcc08e6593b9a696132f7,,,,,,,,,,,,,,,,,,,,,,,,,,,,,,,,,,,,,,,,,,,,,,,,,,,,,,,,,,,,18,stim_fam/018_rgray_250.png,,,,,,,,,,,,,,,,,,,,,,,,,,,,,,,,,,,,,1.781387952,1098.2914,1100.0625,,,,,,,,FALSE,,FALSE,,,,,,,,,,,,1100.0632,1100.8322,p,72,107,2,1,250,novel,,,FALSE,1100.8323,1100.8324,1100.8324,1100.8324,,71,0,71,0,1,0.6795,,,,,
,,,,,6971fce75aebcf1e7f79cd1b,2026-01-22_10h34.18.310,WP1_3,2025.2.3,Win32,59.52380952,67d04e57ae59b71e07329bf5,695fcc08e6593b9a696132f7,,,,,,,,,,,,,,,,,,,,,,,,,,,,,,,,,,,,,,,,,,,,,,,,,,,,,,,,,,,,9,stim_fam/009_rgray_250.png,,,,,,,,,,,,,,,,,,,,,,,,,,,,,,,,,,,,,1.50029848,1100.8327,1102.3292,,,,,,,,FALSE,,FALSE,,,,,,,,,,,,1102.3298,1103.4157,p,73,102,2,1,250,novel,,,FALSE,1103.4158,1103.4159,1103.4159,1103.416,,72,0,72,0,1,0.9947,,,,,
,,,,,6971fce75aebcf1e7f79cd1b,2026-01-22_10h34.18.310,WP1_3,2025.2.3,Win32,59.52380952,67d04e57ae59b71e07329bf5,695fcc08e6593b9a696132f7,,,,,,,,,,,,,,,,,,,,,,,,,,,,,,,,,,,,,,,,,,,,,,,,,,,,,,,,,,,,5,stim_fam/005_rgray_250.png,,,,,,,,,,,,,,,,,,,,,,,,,,,,,,,,,,,,,2.127917756,1103.4163,1105.5401,,,,,,,,FALSE,,FALSE,,,,,,,,,,,,1105.5409,1106.4491,p,74,106,2,1,250,novel,,,FALSE,1106.4493,1106.4493,1106.4493,1106.4494,,73,0,73,0,1,0.8177,,,,,
,,,,,6971fce75aebcf1e7f79cd1b,2026-01-22_10h34.18.310,WP1_3,2025.2.3,Win32,59.52380952,67d04e57ae59b71e07329bf5,695fcc08e6593b9a696132f7,,,,,,,,,,,,,,,,,,,,,,,,,,,,,,,,,,,,,,,,,,,,,,,,,,,,,,,,,,,,18,Celebrities_Faces/018_01_greyscale_250.png,,,,,,,,,,,,,,,,,,,,,,,,,,,,,,,,,,,,,2.12897575,1106.4497,1108.5737,,,,,,,,TRUE,,FALSE,,,,,,,,,,,,1108.5743,1109.5246,q,75,88,2,1,1,familiar,,,FALSE,1109.5248,1109.5248,1109.5248,1109.5249,,74,0,74,0,1,0.8607,,,,,
,,,,,6971fce75aebcf1e7f79cd1b,2026-01-22_10h34.18.310,WP1_3,2025.2.3,Win32,59.52380952,67d04e57ae59b71e07329bf5,695fcc08e6593b9a696132f7,,,,,,,,,,,,,,,,,,,,,,,,,,,,,,,,,,,,,,,,,,,,,,,,,,,,,,,,,,,,20,stim_fam/020_rgray_250.png,,,,,,,,,,,,,,,,,,,,,,,,,,,,,,,,,,,,,2.012112678,1109.5251,1111.5462,,,,,,,,FALSE,,FALSE,,,,,,,,,,,,1111.5469,1112.3078,p,76,120,2,1,250,novel,,,FALSE,1112.308,1112.308,1112.3081,1112.3082,,75,0,75,0,1,0.6711,,,,,
,,,,,6971fce75aebcf1e7f79cd1b,2026-01-22_10h34.18.310,WP1_3,2025.2.3,Win32,59.52380952,67d04e57ae59b71e07329bf5,695fcc08e6593b9a696132f7,,,,,,,,,,,,,,,,,,,,,,,,,,,,,,,,,,,,,,,,,,,,,,,,,,,,,,,,,,,,47,Celebrities_Faces/047_02_greyscale_250.png,,,,,,,,,,,,,,,,,,,,,,,,,,,,,,,,,,,,,1.730292332,1112.3085,1114.0292,,,,,,,,TRUE,,FALSE,,,,,,,,,,,,1114.0298,1114.816,q,77,85,2,1,2,familiar,,,FALSE,1114.8163,1114.8163,1114.8163,1114.8164,,76,0,76,0,1,0.6948,,,,,
,,,,,6971fce75aebcf1e7f79cd1b,2026-01-22_10h34.18.310,WP1_3,2025.2.3,Win32,59.52380952,67d04e57ae59b71e07329bf5,695fcc08e6593b9a696132f7,,,,,,,,,,,,,,,,,,,,,,,,,,,,,,,,,,,,,,,,,,,,,,,,,,,,,,,,,,,,54,stim_fam/054_rgray_250.png,,,,,,,,,,,,,,,,,,,,,,,,,,,,,,,,,,,,,2.357457564,1114.8167,1117.1798,,,,,,,,FALSE,,FALSE,,,,,,,,,,,,1117.1805,1118.116,p,78,110,2,1,250,novel,,,FALSE,1118.1162,1118.1162,1118.1162,1118.1163,,77,0,77,0,1,0.8457,,,,,
,,,,,6971fce75aebcf1e7f79cd1b,2026-01-22_10h34.18.310,WP1_3,2025.2.3,Win32,59.52380952,67d04e57ae59b71e07329bf5,695fcc08e6593b9a696132f7,,,,,,,,,,,,,,,,,,,,,,,,,,,,,,,,,,,,,,,,,,,,,,,,,,,,,,,,,,,,26,Celebrities_Faces/026_03_greyscale_250.png,,,,,,,,,,,,,,,,,,,,,,,,,,,,,,,,,,,,,1.630341977,1118.1165,1119.7405,,,,,,,,TRUE,,FALSE,,,,,,,,,,,,1119.7413,1120.7082,q,79,81,2,1,3,familiar,,,FALSE,1120.7084,1120.7084,1120.7084,1120.7085,,78,0,78,0,1,0.8766,,,,,
,,,,,6971fce75aebcf1e7f79cd1b,2026-01-22_10h34.18.310,WP1_3,2025.2.3,Win32,59.52380952,67d04e57ae59b71e07329bf5,695fcc08e6593b9a696132f7,,,,,,,,,,,,,,,,,,,,,,,,,,,,,,,,,,,,,,,,,,,,,,,,,,,,,,,,,,,,39,stim_fam/039_rgray_250.png,,,,,,,,,,,,,,,,,,,,,,,,,,,,,,,,,,,,,2.200135981,1120.7089,1122.9072,,,,,,,,FALSE,,FALSE,,,,,,,,,,,,1122.9082,1123.7162,p,80,105,2,1,250,novel,,,FALSE,1123.7163,1123.7163,1123.7164,1123.7164,,79,0,79,0,1,0.7187,,,,,
,,,,,6971fce75aebcf1e7f79cd1b,2026-01-22_10h34.18.310,WP1_3,2025.2.3,Win32,59.52380952,67d04e57ae59b71e07329bf5,695fcc08e6593b9a696132f7,,,,,,,,,,,,,,,,,,,,,,,,,,,,,,,,,,,,,,,,,,,,,,,,,,,,,,,,,,,,50,stim_fam/050_rgray_250.png,,,,,,,,,,,,,,,,,,,,,,,,,,,,,,,,,,,,,1.716573911,1123.7166,1125.4238,,,,,,,,FALSE,,FALSE,,,,,,,,,,,,1125.4248,1126.3751,p,81,91,2,1,250,novel,,,FALSE,1126.3754,1126.3754,1126.3754,1126.3755,,80,0,80,0,1,0.8606,,,,,
,,,,,6971fce75aebcf1e7f79cd1b,2026-01-22_10h34.18.310,WP1_3,2025.2.3,Win32,59.52380952,67d04e57ae59b71e07329bf5,695fcc08e6593b9a696132f7,,,,,,,,,,,,,,,,,,,,,,,,,,,,,,,,,,,,,,,,,,,,,,,,,,,,,,,,,,,,54,Celebrities_Faces/054_02_greyscale_250.png,,,,,,,,,,,,,,,,,,,,,,,,,,,,,,,,,,,,,2.404391097,1126.3758,1128.78,,,,,,,,TRUE,,FALSE,,,,,,,,,,,,1128.7808,1129.6666,q,82,64,2,1,2,familiar,,,FALSE,1129.6668,1129.6668,1129.6668,1129.6668,,81,0,81,0,1,0.7972,,,,,
,,,,,6971fce75aebcf1e7f79cd1b,2026-01-22_10h34.18.310,WP1_3,2025.2.3,Win32,59.52380952,67d04e57ae59b71e07329bf5,695fcc08e6593b9a696132f7,,,,,,,,,,,,,,,,,,,,,,,,,,,,,,,,,,,,,,,,,,,,,,,,,,,,,,,,,,,,13,Celebrities_Faces/013_02_greyscale_250.png,,,,,,,,,,,,,,,,,,,,,,,,,,,,,,,,,,,,,1.732847323,1129.6672,1131.3907,,,,,,,,TRUE,,FALSE,,,,,,,,,,,,1131.3915,1132.2165,q,83,76,2,1,2,familiar,,,FALSE,1132.2167,1132.2167,1132.2167,1132.2168,,82,0,82,0,1,0.7345,,,,,
,,,,,6971fce75aebcf1e7f79cd1b,2026-01-22_10h34.18.310,WP1_3,2025.2.3,Win32,59.52380952,67d04e57ae59b71e07329bf5,695fcc08e6593b9a696132f7,,,,,,,,,,,,,,,,,,,,,,,,,,,,,,,,,,,,,,,,,,,,,,,,,,,,,,,,,,,,98,stim_fam/098_rgray_250.png,,,,,,,,,,,,,,,,,,,,,,,,,,,,,,,,,,,,,2.4404762,1132.217,1134.6632,,,,,,,,FALSE,,FALSE,,,,,,,,,,,,1134.6639,1135.6167,p,84,113,2,1,250,novel,,,FALSE,1135.6168,1135.6169,1135.6169,1135.617,,83,0,83,0,1,0.8628,,,,,
,,,,,6971fce75aebcf1e7f79cd1b,2026-01-22_10h34.18.310,WP1_3,2025.2.3,Win32,59.52380952,67d04e57ae59b71e07329bf5,695fcc08e6593b9a696132f7,,,,,,,,,,,,,,,,,,,,,,,,,,,,,,,,,,,,,,,,,,,,,,,,,,,,,,,,,,,,31,stim_fam/031_rgray_250.png,,,,,,,,,,,,,,,,,,,,,,,,,,,,,,,,,,,,,1.795525015,1135.6173,1137.4138,,,,,,,,FALSE,,FALSE,,,,,,,,,,,,1137.4145,1138.4906,q,85,115,2,1,250,novel,,,FALSE,1138.491,1138.4911,1138.4911,1138.4911,,84,0,84,0,1,0.9828,,,,,
,,,,,6971fce75aebcf1e7f79cd1b,2026-01-22_10h34.18.310,WP1_3,2025.2.3,Win32,59.52380952,67d04e57ae59b71e07329bf5,695fcc08e6593b9a696132f7,,,,,,,,,,,,,,,,,,,,,,,,,,,,,,,,,,,,,,,,,,,,,,,,,,,,,,,,,,,,101,stim_fam/101_rgray_250.png,,,,,,,,,,,,,,,,,,,,,,,,,,,,,,,,,,,,,2.016444713,1138.4916,1140.5138,,,,,,,,FALSE,,FALSE,,,,,,,,,,,,1140.5145,1141.3242,p,86,101,2,1,250,novel,,,FALSE,1141.3247,1141.3249,1141.3249,1141.325,,85,0,85,0,1,0.7179,,,,,
,,,,,6971fce75aebcf1e7f79cd1b,2026-01-22_10h34.18.310,WP1_3,2025.2.3,Win32,59.52380952,67d04e57ae59b71e07329bf5,695fcc08e6593b9a696132f7,,,,,,,,,,,,,,,,,,,,,,,,,,,,,,,,,,,,,,,,,,,,,,,,,,,,,,,,,,,,30,Celebrities_Faces/030_02_greyscale_250.png,,,,,,,,,,,,,,,,,,,,,,,,,,,,,,,,,,,,,1.625929586,1141.3253,1142.9411,,,,,,,,TRUE,,FALSE,,,,,,,,,,,,1142.9418,1143.7166,q,87,61,2,1,2,familiar,,,FALSE,1143.7168,1143.7169,1143.717,1143.717,,86,0,86,0,1,0.6848,,,,,
,,,,,6971fce75aebcf1e7f79cd1b,2026-01-22_10h34.18.310,WP1_3,2025.2.3,Win32,59.52380952,67d04e57ae59b71e07329bf5,695fcc08e6593b9a696132f7,,,,,,,,,,,,,,,,,,,,,,,,,,,,,,,,,,,,,,,,,,,,,,,,,,,,,,,,,,,,34,Celebrities_Faces/034_02_greyscale_250.png,,,,,,,,,,,,,,,,,,,,,,,,,,,,,,,,,,,,,2.025145189,1143.7172,1145.7306,,,,,,,,TRUE,,TRUE,,,,,,,,,,,,1145.7313,1146.8413,q,88,62,2,1,2,familiar,,,FALSE,1146.8415,1147.8475,1147.8476,1147.8478,,87,0,87,0,1,1.0149,,,,,
,,,,,6971fce75aebcf1e7f79cd1b,2026-01-22_10h34.18.310,WP1_3,2025.2.3,Win32,59.52380952,67d04e57ae59b71e07329bf5,695fcc08e6593b9a696132f7,,,,,,,,,,,,,,,,,,,,,,,,,,,,,,,,,,,,,,,,,,,,,,,,,,,,,,,,,,,,6,Celebrities_Faces/006_01_greyscale_250.png,,,,,,,,,,,,,,,,,,,,,,,,,,,,,,,,,,,,,1.934575294,1147.8479,1149.7805,,,,,,,,TRUE,,FALSE,,,,,,,,,,,,1149.7814,1150.6337,q,89,82,2,1,1,familiar,,,FALSE,1150.6339,1150.6339,1150.6339,1150.6339,,88,0,88,0,1,0.7628,,,,,
,,,,,6971fce75aebcf1e7f79cd1b,2026-01-22_10h34.18.310,WP1_3,2025.2.3,Win32,59.52380952,67d04e57ae59b71e07329bf5,695fcc08e6593b9a696132f7,,,,,,,,,,,,,,,,,,,,,,,,,,,,,,,,,,,,,,,,,,,,,,,,,,,,,,,,,,,,69,stim_fam/069_rgray_250.png,,,,,,,,,,,,,,,,,,,,,,,,,,,,,,,,,,,,,1.823524205,1150.6342,1152.4475,,,,,,,,FALSE,,FALSE,,,,,,,,,,,,1152.4481,1153.267,q,90,112,2,1,250,novel,,,FALSE,1153.2671,1153.2673,1153.2673,1153.2673,,89,0,89,0,1,0.7296,,,,,
,,,,,6971fce75aebcf1e7f79cd1b,2026-01-22_10h34.18.310,WP1_3,2025.2.3,Win32,59.52380952,67d04e57ae59b71e07329bf5,695fcc08e6593b9a696132f7,,,,,,,,,,,,,,,,,,,,,,,,,,,,,,,,,,,,,,,,,,,,,,,,,,,,,,,,,,,,12,stim_fam/012_rgray_250.png,,,,,,,,,,,,,,,,,,,,,,,,,,,,,,,,,,,,,1.557987237,1153.2676,1154.8308,,,,,,,,FALSE,,FALSE,,,,,,,,,,,,1154.8315,1155.6582,p,91,92,2,1,250,novel,,,FALSE,1155.6584,1155.6584,1155.6585,1155.6585,,90,0,90,0,1,0.7297,,,,,
,,,,,6971fce75aebcf1e7f79cd1b,2026-01-22_10h34.18.310,WP1_3,2025.2.3,Win32,59.52380952,67d04e57ae59b71e07329bf5,695fcc08e6593b9a696132f7,,,,,,,,,,,,,,,,,,,,,,,,,,,,,,,,,,,,,,,,,,,,,,,,,,,,,,,,,,,,12,Celebrities_Faces/012_01_greyscale_250.png,,,,,,,,,,,,,,,,,,,,,,,,,,,,,,,,,,,,,1.570458925,1155.6588,1157.2309,,,,,,,,TRUE,,FALSE,,,,,,,,,,,,1157.2316,1158.1747,q,92,66,2,1,1,familiar,,,FALSE,1158.1749,1158.175,1158.1751,1158.1751,,91,0,91,0,1,0.8476,,,,,
,,,,,6971fce75aebcf1e7f79cd1b,2026-01-22_10h34.18.310,WP1_3,2025.2.3,Win32,59.52380952,67d04e57ae59b71e07329bf5,695fcc08e6593b9a696132f7,,,,,,,,,,,,,,,,,,,,,,,,,,,,,,,,,,,,,,,,,,,,,,,,,,,,,,,,,,,,19,stim_fam/019_rgray_250.png,,,,,,,,,,,,,,,,,,,,,,,,,,,,,,,,,,,,,2.420634981,1158.1756,1160.5977,,,,,,,,FALSE,,FALSE,,,,,,,,,,,,1160.5984,1161.5507,p,93,114,2,1,250,novel,,,FALSE,1161.5509,1161.5509,1161.5509,1161.551,,92,0,92,0,1,0.8623,,,,,
,,,,,6971fce75aebcf1e7f79cd1b,2026-01-22_10h34.18.310,WP1_3,2025.2.3,Win32,59.52380952,67d04e57ae59b71e07329bf5,695fcc08e6593b9a696132f7,,,,,,,,,,,,,,,,,,,,,,,,,,,,,,,,,,,,,,,,,,,,,,,,,,,,,,,,,,,,51,Celebrities_Faces/051_01_greyscale_250.png,,,,,,,,,,,,,,,,,,,,,,,,,,,,,,,,,,,,,2.018708168,1161.5513,1163.5639,,,,,,,,TRUE,,FALSE,,,,,,,,,,,,1163.5646,1164.2928,p,94,80,2,1,1,familiar,,,FALSE,1164.293,1164.293,1164.293,1164.293,,93,0,93,0,1,0.6379,,,,,
,,,,,6971fce75aebcf1e7f79cd1b,2026-01-22_10h34.18.310,WP1_3,2025.2.3,Win32,59.52380952,67d04e57ae59b71e07329bf5,695fcc08e6593b9a696132f7,,,,,,,,,,,,,,,,,,,,,,,,,,,,,,,,,,,,,,,,,,,,,,,,,,,,,,,,,,,,85,stim_fam/085_rgray_250.png,,,,,,,,,,,,,,,,,,,,,,,,,,,,,,,,,,,,,1.645086204,1164.2934,1165.9479,,,,,,,,FALSE,,FALSE,,,,,,,,,,,,1165.9485,1166.8841,p,95,111,2,1,250,novel,,,FALSE,1166.8843,1166.8844,1166.8844,1166.8844,,94,0,94,0,1,0.846,,,,,
,,,,,6971fce75aebcf1e7f79cd1b,2026-01-22_10h34.18.310,WP1_3,2025.2.3,Win32,59.52380952,67d04e57ae59b71e07329bf5,695fcc08e6593b9a696132f7,,,,,,,,,,,,,,,,,,,,,,,,,,,,,,,,,,,,,,,,,,,,,,,,,,,,,,,,,,,,1,Celebrities_Faces/001_02_greyscale_250.png,,,,,,,,,,,,,,,,,,,,,,,,,,,,,,,,,,,,,2.233385218,1166.8847,1169.1141,,,,,,,,TRUE,,FALSE,,,,,,,,,,,,1169.1148,1169.9674,q,96,70,2,1,2,familiar,,,FALSE,1169.9677,1169.9677,1169.9678,1169.9678,,95,0,95,0,1,0.7639,,,,,
,,,,,6971fce75aebcf1e7f79cd1b,2026-01-22_10h34.18.310,WP1_3,2025.2.3,Win32,59.52380952,67d04e57ae59b71e07329bf5,695fcc08e6593b9a696132f7,,,,,,,,,,,,,,,,,,,,,,,,,,,,,,,,,,,,,,,,,,,,,,,,,,,,,,,,,,,,25,Celebrities_Faces/025_03_greyscale_250.png,,,,,,,,,,,,,,,,,,,,,,,,,,,,,,,,,,,,,1.927526111,1169.968,1171.8981,,,,,,,,TRUE,,FALSE,,,,,,,,,,,,1171.8989,1172.7177,q,97,69,2,1,3,familiar,,,FALSE,1172.7179,1172.7179,1172.7179,1172.718,,96,0,96,0,1,0.7302,,,,,
,,,,,6971fce75aebcf1e7f79cd1b,2026-01-22_10h34.18.310,WP1_3,2025.2.3,Win32,59.52380952,67d04e57ae59b71e07329bf5,695fcc08e6593b9a696132f7,,,,,,,,,,,,,,,,,,,,,,,,,,,,,,,,,,,,,,,,,,,,,,,,,,,,,,,,,,,,27,Celebrities_Faces/027_01_greyscale_250.png,,,,,,,,,,,,,,,,,,,,,,,,,,,,,,,,,,,,,2.067019058,1172.7183,1174.7752,,,,,,,,TRUE,,FALSE,,,,,,,,,,,,1174.7761,1175.5755,q,98,83,2,1,1,familiar,,,FALSE,1175.5758,1175.5758,1175.5758,1175.5759,,97,0,97,0,1,0.7046,,,,,
,,,,,6971fce75aebcf1e7f79cd1b,2026-01-22_10h34.18.310,WP1_3,2025.2.3,Win32,59.52380952,67d04e57ae59b71e07329bf5,695fcc08e6593b9a696132f7,,,,,,,,,,,,,,,,,,,,,,,,,,,,,,,,,,,,,,,,,,,,,,,,,,,,,,,,,,,,60,stim_fam/060_rgray_250.png,,,,,,,,,,,,,,,,,,,,,,,,,,,,,,,,,,,,,2.251434016,1175.5762,1177.8253,,,,,,,,FALSE,,TRUE,,,,,,,,,,,,1177.8263,1178.9421,,99,100,2,1,250,novel,,,FALSE,1178.9426,1179.9311,1179.9311,1179.9312,,98,0,98,0,1,,,,,,
,,,,,6971fce75aebcf1e7f79cd1b,2026-01-22_10h34.18.310,WP1_3,2025.2.3,Win32,59.52380952,67d04e57ae59b71e07329bf5,695fcc08e6593b9a696132f7,,,,,,,,,,,,,,,,,,,,,,,,,,,,,,,,,,,,,,,,,,,,,,,,,,,,,,,,,,,,2,Celebrities_Faces/002_02_greyscale_250.png,,,,,,,,,,,,,,,,,,,,,,,,,,,,,,,,,,,,,1.769542346,1179.9314,1181.6979,,,,,,,,TRUE,,FALSE,,,,,,,,,,,,1181.6986,1182.5599,q,100,67,2,1,2,familiar,,,FALSE,1182.5601,1182.5603,1182.5603,1182.5603,,99,0,99,0,1,0.7736,,,,,
,,,,,6971fce75aebcf1e7f79cd1b,2026-01-22_10h34.18.310,WP1_3,2025.2.3,Win32,59.52380952,67d04e57ae59b71e07329bf5,695fcc08e6593b9a696132f7,,,,,,,,,,,,,,,,,,,,,,,,,,,,,,,,,,,,,,,,,,,,,,,,,,,,,,,,,,,,45,Celebrities_Faces/045_01_greyscale_250.png,,,,,,,,,,,,,,,,,,,,,,,,,,,,,,,,,,,,,2.072634231,1182.5606,1184.6282,,,,,,,,TRUE,,FALSE,,,,,,,,,,,,1184.6289,1185.5348,q,101,87,2,1,1,familiar,,,FALSE,1185.5349,1185.5349,1185.5349,1185.5349,,100,0,100,0,1,0.8126,,,,,
,,,,,6971fce75aebcf1e7f79cd1b,2026-01-22_10h34.18.310,WP1_3,2025.2.3,Win32,59.52380952,67d04e57ae59b71e07329bf5,695fcc08e6593b9a696132f7,,,,,,,,,,,,,,,,,,,,,,,,,,,,,,,,,,,,,,,,,,,,,,,,,,,,,,,,,,,,20,Celebrities_Faces/020_03_greyscale_250.png,,,,,,,,,,,,,,,,,,,,,,,,,,,,,,,,,,,,,2.258486519,1185.5353,1187.7985,,,,,,,,TRUE,,FALSE,,,,,,,,,,,,1187.7991,1188.5595,q,102,75,2,1,3,familiar,,,FALSE,1188.5597,1188.5597,1188.5597,1188.5597,,101,0,101,0,1,0.6647,,,,,
,,,,,6971fce75aebcf1e7f79cd1b,2026-01-22_10h34.18.310,WP1_3,2025.2.3,Win32,59.52380952,67d04e57ae59b71e07329bf5,695fcc08e6593b9a696132f7,,,,,,,,,,,,,,,,,,,,,,,,,,,,,,,,,,,,,,,,,,,,,,,,,,,,,,,,,,,,84,stim_fam/084_rgray_250.png,,,,,,,,,,,,,,,,,,,,,,,,,,,,,,,,,,,,,2.192540036,1188.56,1190.7425,,,,,,,,FALSE,,FALSE,,,,,,,,,,,,1190.7433,1191.835,q,103,104,2,1,250,novel,,,FALSE,1191.8352,1191.8353,1191.8354,1191.8355,,102,0,102,0,1,0.999,,,,,
,,,,,6971fce75aebcf1e7f79cd1b,2026-01-22_10h34.18.310,WP1_3,2025.2.3,Win32,59.52380952,67d04e57ae59b71e07329bf5,695fcc08e6593b9a696132f7,,,,,,,,,,,,,,,,,,,,,,,,,,,,,,,,,,,,,,,,,,,,,,,,,,,,,,,,,,,,22,stim_fam/022_rgray_250.png,,,,,,,,,,,,,,,,,,,,,,,,,,,,,,,,,,,,,1.865184329,1191.8358,1193.6951,,,,,,,,FALSE,,FALSE,,,,,,,,,,,,1193.6959,1194.4681,q,104,103,2,1,250,novel,,,FALSE,1194.4684,1194.4684,1194.4684,1194.4684,,103,0,103,0,1,0.6826,,,,,
,,,,,6971fce75aebcf1e7f79cd1b,2026-01-22_10h34.18.310,WP1_3,2025.2.3,Win32,59.52380952,67d04e57ae59b71e07329bf5,695fcc08e6593b9a696132f7,,,,,,,,,,,,,,,,,,,,,,,,,,,,,,,,,,,,,,,,,,,,,,,,,,,,,,,,,,,,29,stim_fam/029_rgray_250.png,,,,,,,,,,,,,,,,,,,,,,,,,,,,,,,,,,,,,1.600779648,1194.4687,1196.0654,,,,,,,,FALSE,,FALSE,,,,,,,,,,,,1196.0663,1197.0518,q,105,108,2,1,250,novel,,,FALSE,1197.0519,1197.0519,1197.052,1197.0521,,104,0,104,0,1,0.8945,,,,,
,,,,,6971fce75aebcf1e7f79cd1b,2026-01-22_10h34.18.310,WP1_3,2025.2.3,Win32,59.52380952,67d04e57ae59b71e07329bf5,695fcc08e6593b9a696132f7,,,,,,,,,,,,,,,,,,,,,,,,,,,,,,,,,,,,,,,,,,,,,,,,,,,,,,,,,,,,42,Celebrities_Faces/042_01_greyscale_250.png,,,,,,,,,,,,,,,,,,,,,,,,,,,,,,,,,,,,,2.202355738,1197.0524,1199.2483,,,,,,,,TRUE,,FALSE,,,,,,,,,,,,1199.249,1200.2685,q,106,68,2,1,1,familiar,,,FALSE,1200.2686,1200.2687,1200.2687,1200.2687,,105,0,105,0,1,0.9288,,,,,
,,,,,6971fce75aebcf1e7f79cd1b,2026-01-22_10h34.18.310,WP1_3,2025.2.3,Win32,59.52380952,67d04e57ae59b71e07329bf5,695fcc08e6593b9a696132f7,,,,,,,,,,,,,,,,,,,,,,,,,,,,,,,,,,,,,,,,,,,,,,,,,,,,,,,,,,,,37,stim_fam/037_rgray_250.png,,,,,,,,,,,,,,,,,,,,,,,,,,,,,,,,,,,,,1.966526373,1200.269,1202.2322,,,,,,,,FALSE,,FALSE,,,,,,,,,,,,1202.2328,1203.1096,p,107,98,2,1,250,novel,,,FALSE,1203.1097,1203.1098,1203.1098,1203.1098,,106,0,106,0,1,0.783,,,,,
,,,,,6971fce75aebcf1e7f79cd1b,2026-01-22_10h34.18.310,WP1_3,2025.2.3,Win32,59.52380952,67d04e57ae59b71e07329bf5,695fcc08e6593b9a696132f7,,,,,,,,,,,,,,,,,,,,,,,,,,,,,,,,,,,,,,,,,,,,,,,,,,,,,,,,,,,,8,Celebrities_Faces/008_02_greyscale_250.png,,,,,,,,,,,,,,,,,,,,,,,,,,,,,,,,,,,,,2.365477931,1203.1102,1205.4761,,,,,,,,TRUE,,FALSE,,,,,,,,,,,,1205.4771,1206.3182,q,108,74,2,1,2,familiar,,,FALSE,1206.3183,1206.3184,1206.3184,1206.3184,,107,0,107,0,1,0.7522,,,,,
,,,,,6971fce75aebcf1e7f79cd1b,2026-01-22_10h34.18.310,WP1_3,2025.2.3,Win32,59.52380952,67d04e57ae59b71e07329bf5,695fcc08e6593b9a696132f7,,,,,,,,,,,,,,,,,,,,,,,,,,,,,,,,,,,,,,,,,,,,,,,,,,,,,,,,,,,,36,stim_fam/036_rgray_250.png,,,,,,,,,,,,,,,,,,,,,,,,,,,,,,,,,,,,,1.564252583,1206.3187,1207.8826,,,,,,,,FALSE,,FALSE,,,,,,,,,,,,1207.8831,1208.944,p,109,96,2,1,250,novel,,,FALSE,1208.9441,1208.9442,1208.9442,1208.9443,,108,0,108,0,1,0.97,,,,,
,,,,,6971fce75aebcf1e7f79cd1b,2026-01-22_10h34.18.310,WP1_3,2025.2.3,Win32,59.52380952,67d04e57ae59b71e07329bf5,695fcc08e6593b9a696132f7,,,,,,,,,,,,,,,,,,,,,,,,,,,,,,,,,,,,,,,,,,,,,,,,,,,,,,,,,,,,38,Celebrities_Faces/038_02_greyscale_250.png,,,,,,,,,,,,,,,,,,,,,,,,,,,,,,,,,,,,,2.330444705,1208.9446,1211.2826,,,,,,,,TRUE,,TRUE,,,,,,,,,,,,1211.2834,1212.4017,,110,73,2,1,2,familiar,,,FALSE,1212.4019,1213.3993,1213.3993,1213.3993,,109,0,109,0,1,,,,,,
,,,,,6971fce75aebcf1e7f79cd1b,2026-01-22_10h34.18.310,WP1_3,2025.2.3,Win32,59.52380952,67d04e57ae59b71e07329bf5,695fcc08e6593b9a696132f7,,,,,,,,,,,,,,,,,,,,,,,,,,,,,,,,,,,,,,,,,,,,,,,,,,,,,,,,,,,,14,Celebrities_Faces/014_03_greyscale_250.png,,,,,,,,,,,,,,,,,,,,,,,,,,,,,,,,,,,,,2.297825698,1213.3996,1215.6992,,,,,,,,TRUE,,FALSE,,,,,,,,,,,,1215.6999,1216.4779,q,111,72,2,1,3,familiar,,,FALSE,1216.4781,1216.4782,1216.4782,1216.4782,,110,0,110,0,1,0.6869,,,,,
,,,,,6971fce75aebcf1e7f79cd1b,2026-01-22_10h34.18.310,WP1_3,2025.2.3,Win32,59.52380952,67d04e57ae59b71e07329bf5,695fcc08e6593b9a696132f7,,,,,,,,,,,,,,,,,,,,,,,,,,,,,,,,,,,,,,,,,,,,,,,,,,,,,,,,,,,,3,stim_fam/003_rgray_250.png,,,,,,,,,,,,,,,,,,,,,,,,,,,,,,,,,,,,,2.489656555,1216.4785,1218.966,,,,,,,,FALSE,,FALSE,,,,,,,,,,,,1218.9667,1219.969,p,112,118,2,1,250,novel,,,FALSE,1219.9692,1219.9693,1219.9693,1219.9693,,111,0,111,0,1,0.9129,,,,,
,,,,,6971fce75aebcf1e7f79cd1b,2026-01-22_10h34.18.310,WP1_3,2025.2.3,Win32,59.52380952,67d04e57ae59b71e07329bf5,695fcc08e6593b9a696132f7,,,,,,,,,,,,,,,,,,,,,,,,,,,,,,,,,,,,,,,,,,,,,,,,,,,,,,,,,,,,51,stim_fam/051_rgray_250.png,,,,,,,,,,,,,,,,,,,,,,,,,,,,,,,,,,,,,1.681670323,1219.9696,1221.6496,,,,,,,,FALSE,,TRUE,,,,,,,,,,,,1221.6501,1222.7519,,113,119,2,1,250,novel,,,FALSE,1222.752,1223.7434,1223.7434,1223.7435,,112,0,112,0,1,,,,,,
,,,,,6971fce75aebcf1e7f79cd1b,2026-01-22_10h34.18.310,WP1_3,2025.2.3,Win32,59.52380952,67d04e57ae59b71e07329bf5,695fcc08e6593b9a696132f7,,,,,,,,,,,,,,,,,,,,,,,,,,,,,,,,,,,,,,,,,,,,,,,,,,,,,,,,,,,,35,stim_fam/035_rgray_250.png,,,,,,,,,,,,,,,,,,,,,,,,,,,,,,,,,,,,,2.253759393,1223.7439,1225.9935,,,,,,,,FALSE,,FALSE,,,,,,,,,,,,1225.9943,1227.0359,p,114,117,2,1,250,novel,,,FALSE,1227.036,1227.036,1227.0361,1227.0361,,113,0,113,0,1,0.9511,,,,,
,,,,,6971fce75aebcf1e7f79cd1b,2026-01-22_10h34.18.310,WP1_3,2025.2.3,Win32,59.52380952,67d04e57ae59b71e07329bf5,695fcc08e6593b9a696132f7,,,,,,,,,,,,,,,,,,,,,,,,,,,,,,,,,,,,,,,,,,,,,,,,,,,,,,,,,,,,23,Celebrities_Faces/023_01_greyscale_250.png,,,,,,,,,,,,,,,,,,,,,,,,,,,,,,,,,,,,,2.002829723,1227.0364,1229.033,,,,,,,,TRUE,,FALSE,,,,,,,,,,,,1229.0337,1229.9768,p,115,86,2,1,1,familiar,,,FALSE,1229.977,1229.9773,1229.9773,1229.9774,,114,0,114,0,1,0.8466,,,,,
,,,,,6971fce75aebcf1e7f79cd1b,2026-01-22_10h34.18.310,WP1_3,2025.2.3,Win32,59.52380952,67d04e57ae59b71e07329bf5,695fcc08e6593b9a696132f7,,,,,,,,,,,,,,,,,,,,,,,,,,,,,,,,,,,,,,,,,,,,,,,,,,,,,,,,,,,,10,Celebrities_Faces/010_02_greyscale_250.png,,,,,,,,,,,,,,,,,,,,,,,,,,,,,,,,,,,,,1.876753703,1229.9776,1231.8439,,,,,,,,TRUE,,FALSE,,,,,,,,,,,,1231.8446,1232.7025,q,116,71,2,1,2,familiar,,,FALSE,1232.7028,1232.7028,1232.7029,1232.703,,115,0,115,0,1,0.7671,,,,,
,,,,,6971fce75aebcf1e7f79cd1b,2026-01-22_10h34.18.310,WP1_3,2025.2.3,Win32,59.52380952,67d04e57ae59b71e07329bf5,695fcc08e6593b9a696132f7,,,,,,,,,,,,,,,,,,,,,,,,,,,,,,,,,,,,,,,,,,,,,,,,,,,,,,,,,,,,58,Celebrities_Faces/058_03_greyscale_250.png,,,,,,,,,,,,,,,,,,,,,,,,,,,,,,,,,,,,,2.299400469,1232.7032,1234.9938,,,,,,,,TRUE,,FALSE,,,,,,,,,,,,1234.9946,1235.9195,p,117,79,2,1,3,familiar,,,FALSE,1235.9198,1235.9198,1235.9198,1235.9199,,116,0,116,0,1,0.8353,,,,,
,,,,,6971fce75aebcf1e7f79cd1b,2026-01-22_10h34.18.310,WP1_3,2025.2.3,Win32,59.52380952,67d04e57ae59b71e07329bf5,695fcc08e6593b9a696132f7,,,,,,,,,,,,,,,,,,,,,,,,,,,,,,,,,,,,,,,,,,,,,,,,,,,,,,,,,,,,21,stim_fam/021_rgray_250.png,,,,,,,,,,,,,,,,,,,,,,,,,,,,,,,,,,,,,2.161539557,1235.9201,1238.0775,,,,,,,,FALSE,,FALSE,,,,,,,,,,,,1238.0783,1239.1104,p,118,109,2,1,250,novel,,,FALSE,1239.111,1239.1111,1239.1112,1239.1112,,117,0,117,0,1,0.9405,,,,,
,,,,,6971fce75aebcf1e7f79cd1b,2026-01-22_10h34.18.310,WP1_3,2025.2.3,Win32,59.52380952,67d04e57ae59b71e07329bf5,695fcc08e6593b9a696132f7,,,,,,,,,,,,,,,,,,,,,,,,,,,,,,,,,,,,,,,,,,,,,,,,,,,,,,,,,,,,77,stim_fam/077_rgray_250.png,,,,,,,,,,,,,,,,,,,,,,,,,,,,,,,,,,,,,1.609593448,1239.1115,1240.7104,,,,,,,,FALSE,,FALSE,,,,,,,,,,,,1240.7111,1241.7606,p,119,99,2,1,250,novel,,,FALSE,1241.7612,1241.7612,1241.7612,1241.7612,,118,0,118,0,1,0.9585,,,,,
,,,,,6971fce75aebcf1e7f79cd1b,2026-01-22_10h34.18.310,WP1_3,2025.2.3,Win32,59.52380952,67d04e57ae59b71e07329bf5,695fcc08e6593b9a696132f7,,,,,,,,,,,,,,,,,,,,,,,,,,,,,,,,,,,,,,,,,,,,,,,,,,,,,,,,,,,,24,Celebrities_Faces/024_03_greyscale_250.png,,,,,,,,,,,,,,,,,,,,,,,,,,,,,,,,,,,,,1.729090162,1241.7616,1243.4939,,,,,,,,TRUE,,FALSE,,,,,,,,,,,,1243.4949,1244.3197,q,120,78,2,1,3,familiar,,,FALSE,1244.3199,1244.32,1244.32,1253.3011,space,119,0,119,0,1,0.7337,,8.967,,,
,,,,,6971fce75aebcf1e7f79cd1b,2026-01-22_10h34.18.310,WP1_3,2025.2.3,Win32,59.52380952,67d04e57ae59b71e07329bf5,695fcc08e6593b9a696132f7,,,,,,,,,,,,,,,,,,,,,,,,,,,,,,,,,,,,,,,,,,,,,,,,,,,,,,,,,,,,15,Celebrities_Faces/015_01_greyscale_250.png,,,,,,,,,,,,,,,,,,,,,,,,,,,,,,,,,,,,,1.970068976,1253.3014,1255.2671,,,,,,,,TRUE,,FALSE,,,,,,,,,,,,1255.2677,1255.9867,q,121,123,3,1,1,familiar,,,FALSE,1255.9868,1255.9869,1255.9869,1255.9869,,120,0,120,0,1,0.6293,,,,,
,,,,,6971fce75aebcf1e7f79cd1b,2026-01-22_10h34.18.310,WP1_3,2025.2.3,Win32,59.52380952,67d04e57ae59b71e07329bf5,695fcc08e6593b9a696132f7,,,,,,,,,,,,,,,,,,,,,,,,,,,,,,,,,,,,,,,,,,,,,,,,,,,,,,,,,,,,43,stim_fam/043_rgray_250.png,,,,,,,,,,,,,,,,,,,,,,,,,,,,,,,,,,,,,1.708386954,1255.9872,1257.6834,,,,,,,,FALSE,,FALSE,,,,,,,,,,,,1257.6842,1258.6202,p,122,163,3,1,250,novel,,,FALSE,1258.6205,1258.6205,1258.6205,1258.6205,,121,0,121,0,1,0.847,,,,,
,,,,,6971fce75aebcf1e7f79cd1b,2026-01-22_10h34.18.310,WP1_3,2025.2.3,Win32,59.52380952,67d04e57ae59b71e07329bf5,695fcc08e6593b9a696132f7,,,,,,,,,,,,,,,,,,,,,,,,,,,,,,,,,,,,,,,,,,,,,,,,,,,,,,,,,,,,27,stim_fam/027_rgray_250.png,,,,,,,,,,,,,,,,,,,,,,,,,,,,,,,,,,,,,2.156747448,1258.6208,1260.7782,,,,,,,,FALSE,,FALSE,,,,,,,,,,,,1260.7788,1261.687,p,123,175,3,1,250,novel,,,FALSE,1261.6871,1261.6873,1261.6873,1261.6873,,122,0,122,0,1,0.8178,,,,,
,,,,,6971fce75aebcf1e7f79cd1b,2026-01-22_10h34.18.310,WP1_3,2025.2.3,Win32,59.52380952,67d04e57ae59b71e07329bf5,695fcc08e6593b9a696132f7,,,,,,,,,,,,,,,,,,,,,,,,,,,,,,,,,,,,,,,,,,,,,,,,,,,,,,,,,,,,23,stim_fam/023_rgray_250.png,,,,,,,,,,,,,,,,,,,,,,,,,,,,,,,,,,,,,1.643772689,1261.6876,1263.3278,,,,,,,,FALSE,,FALSE,,,,,,,,,,,,1263.3286,1264.1615,p,124,156,3,1,250,novel,,,FALSE,1264.1617,1264.1617,1264.1617,1264.1618,,123,0,123,0,1,0.7382,,,,,
,,,,,6971fce75aebcf1e7f79cd1b,2026-01-22_10h34.18.310,WP1_3,2025.2.3,Win32,59.52380952,67d04e57ae59b71e07329bf5,695fcc08e6593b9a696132f7,,,,,,,,,,,,,,,,,,,,,,,,,,,,,,,,,,,,,,,,,,,,,,,,,,,,,,,,,,,,80,stim_fam/080_rgray_250.png,,,,,,,,,,,,,,,,,,,,,,,,,,,,,,,,,,,,,1.969524378,1264.1621,1266.1282,,,,,,,,FALSE,,FALSE,,,,,,,,,,,,1266.1291,1266.887,q,125,158,3,1,250,novel,,,FALSE,1266.8872,1266.8873,1266.8873,1266.8874,,124,0,124,0,1,0.6687,,,,,
,,,,,6971fce75aebcf1e7f79cd1b,2026-01-22_10h34.18.310,WP1_3,2025.2.3,Win32,59.52380952,67d04e57ae59b71e07329bf5,695fcc08e6593b9a696132f7,,,,,,,,,,,,,,,,,,,,,,,,,,,,,,,,,,,,,,,,,,,,,,,,,,,,,,,,,,,,16,stim_fam/016_rgray_250.png,,,,,,,,,,,,,,,,,,,,,,,,,,,,,,,,,,,,,1.995855228,1266.8878,1268.8782,,,,,,,,FALSE,,FALSE,,,,,,,,,,,,1268.879,1269.7204,p,126,161,3,1,250,novel,,,FALSE,1269.7206,1269.7206,1269.7206,1269.7207,,125,0,125,0,1,0.7522,,,,,
,,,,,6971fce75aebcf1e7f79cd1b,2026-01-22_10h34.18.310,WP1_3,2025.2.3,Win32,59.52380952,67d04e57ae59b71e07329bf5,695fcc08e6593b9a696132f7,,,,,,,,,,,,,,,,,,,,,,,,,,,,,,,,,,,,,,,,,,,,,,,,,,,,,,,,,,,,73,stim_fam/073_rgray_250.png,,,,,,,,,,,,,,,,,,,,,,,,,,,,,,,,,,,,,1.682128091,1269.7209,1271.4009,,,,,,,,FALSE,,FALSE,,,,,,,,,,,,1271.4016,1272.2793,q,127,177,3,1,250,novel,,,FALSE,1272.2794,1272.2795,1272.2795,1272.2796,,126,0,126,0,1,0.7862,,,,,
,,,,,6971fce75aebcf1e7f79cd1b,2026-01-22_10h34.18.310,WP1_3,2025.2.3,Win32,59.52380952,67d04e57ae59b71e07329bf5,695fcc08e6593b9a696132f7,,,,,,,,,,,,,,,,,,,,,,,,,,,,,,,,,,,,,,,,,,,,,,,,,,,,,,,,,,,,16,Celebrities_Faces/016_01_greyscale_250.png,,,,,,,,,,,,,,,,,,,,,,,,,,,,,,,,,,,,,1.903845217,1272.2798,1274.1778,,,,,,,,TRUE,,TRUE,,,,,,,,,,,,1274.1792,1275.2951,,128,149,3,1,1,familiar,,,FALSE,1275.2955,1276.301,1276.301,1276.3012,,127,0,127,0,1,,,,,,
,,,,,6971fce75aebcf1e7f79cd1b,2026-01-22_10h34.18.310,WP1_3,2025.2.3,Win32,59.52380952,67d04e57ae59b71e07329bf5,695fcc08e6593b9a696132f7,,,,,,,,,,,,,,,,,,,,,,,,,,,,,,,,,,,,,,,,,,,,,,,,,,,,,,,,,,,,27,Celebrities_Faces/027_03_greyscale_250.png,,,,,,,,,,,,,,,,,,,,,,,,,,,,,,,,,,,,,1.583667321,1276.3014,1277.8783,,,,,,,,TRUE,,FALSE,,,,,,,,,,,,1277.8791,1278.7707,q,129,143,3,1,3,familiar,,,FALSE,1278.7708,1278.7708,1278.7708,1278.7708,,128,0,128,0,1,0.8017,,,,,
,,,,,6971fce75aebcf1e7f79cd1b,2026-01-22_10h34.18.310,WP1_3,2025.2.3,Win32,59.52380952,67d04e57ae59b71e07329bf5,695fcc08e6593b9a696132f7,,,,,,,,,,,,,,,,,,,,,,,,,,,,,,,,,,,,,,,,,,,,,,,,,,,,,,,,,,,,54,Celebrities_Faces/054_03_greyscale_250.png,,,,,,,,,,,,,,,,,,,,,,,,,,,,,,,,,,,,,2.352094609,1278.7711,1281.1114,,,,,,,,TRUE,,FALSE,,,,,,,,,,,,1281.1125,1281.8707,q,130,124,3,1,3,familiar,,,FALSE,1281.8708,1281.8709,1281.871,1281.871,,129,0,129,0,1,0.668,,,,,
,,,,,6971fce75aebcf1e7f79cd1b,2026-01-22_10h34.18.310,WP1_3,2025.2.3,Win32,59.52380952,67d04e57ae59b71e07329bf5,695fcc08e6593b9a696132f7,,,,,,,,,,,,,,,,,,,,,,,,,,,,,,,,,,,,,,,,,,,,,,,,,,,,,,,,,,,,65,stim_fam/065_rgray_250.png,,,,,,,,,,,,,,,,,,,,,,,,,,,,,,,,,,,,,1.572429045,1281.8713,1283.4346,,,,,,,,FALSE,,FALSE,,,,,,,,,,,,1283.4353,1284.4375,p,131,152,3,1,250,novel,,,FALSE,1284.4377,1284.4377,1284.4377,1284.4377,,130,0,130,0,1,0.9118,,,,,
,,,,,6971fce75aebcf1e7f79cd1b,2026-01-22_10h34.18.310,WP1_3,2025.2.3,Win32,59.52380952,67d04e57ae59b71e07329bf5,695fcc08e6593b9a696132f7,,,,,,,,,,,,,,,,,,,,,,,,,,,,,,,,,,,,,,,,,,,,,,,,,,,,,,,,,,,,4,Celebrities_Faces/004_02_greyscale_250.png,,,,,,,,,,,,,,,,,,,,,,,,,,,,,,,,,,,,,1.512351727,1284.4379,1285.9449,,,,,,,,TRUE,,TRUE,,,,,,,,,,,,1285.9459,1287.0538,q,132,150,3,1,2,familiar,,,FALSE,1287.054,1288.0515,1288.0517,1288.0518,,131,0,131,0,1,1.0182,,,,,
,,,,,6971fce75aebcf1e7f79cd1b,2026-01-22_10h34.18.310,WP1_3,2025.2.3,Win32,59.52380952,67d04e57ae59b71e07329bf5,695fcc08e6593b9a696132f7,,,,,,,,,,,,,,,,,,,,,,,,,,,,,,,,,,,,,,,,,,,,,,,,,,,,,,,,,,,,47,Celebrities_Faces/047_01_greyscale_250.png,,,,,,,,,,,,,,,,,,,,,,,,,,,,,,,,,,,,,1.585210206,1288.0521,1289.6348,,,,,,,,TRUE,,FALSE,,,,,,,,,,,,1289.6355,1290.5123,q,133,145,3,1,1,familiar,,,FALSE,1290.5125,1290.5125,1290.5125,1290.5125,,132,0,132,0,1,0.7788,,,,,
,,,,,6971fce75aebcf1e7f79cd1b,2026-01-22_10h34.18.310,WP1_3,2025.2.3,Win32,59.52380952,67d04e57ae59b71e07329bf5,695fcc08e6593b9a696132f7,,,,,,,,,,,,,,,,,,,,,,,,,,,,,,,,,,,,,,,,,,,,,,,,,,,,,,,,,,,,79,stim_fam/079_rgray_250.png,,,,,,,,,,,,,,,,,,,,,,,,,,,,,,,,,,,,,1.663054496,1290.5129,1292.1786,,,,,,,,FALSE,,FALSE,,,,,,,,,,,,1292.1794,1293.1619,p,134,157,3,1,250,novel,,,FALSE,1293.1624,1293.1624,1293.1625,1293.1626,,133,0,133,0,1,0.8856,,,,,
,,,,,6971fce75aebcf1e7f79cd1b,2026-01-22_10h34.18.310,WP1_3,2025.2.3,Win32,59.52380952,67d04e57ae59b71e07329bf5,695fcc08e6593b9a696132f7,,,,,,,,,,,,,,,,,,,,,,,,,,,,,,,,,,,,,,,,,,,,,,,,,,,,,,,,,,,,34,Celebrities_Faces/034_03_greyscale_250.png,,,,,,,,,,,,,,,,,,,,,,,,,,,,,,,,,,,,,1.951928295,1293.1629,1295.1121,,,,,,,,TRUE,,FALSE,,,,,,,,,,,,1295.113,1296.188,q,135,122,3,1,3,familiar,,,FALSE,1296.1882,1296.1882,1296.1882,1296.1883,,134,0,134,0,1,0.9841,,,,,
,,,,,6971fce75aebcf1e7f79cd1b,2026-01-22_10h34.18.310,WP1_3,2025.2.3,Win32,59.52380952,67d04e57ae59b71e07329bf5,695fcc08e6593b9a696132f7,,,,,,,,,,,,,,,,,,,,,,,,,,,,,,,,,,,,,,,,,,,,,,,,,,,,,,,,,,,,1,Celebrities_Faces/001_01_greyscale_250.png,,,,,,,,,,,,,,,,,,,,,,,,,,,,,,,,,,,,,2.342555947,1296.1885,1298.5287,,,,,,,,TRUE,,FALSE,,,,,,,,,,,,1298.5296,1299.2635,q,136,130,3,1,1,familiar,,,FALSE,1299.2637,1299.2637,1299.2637,1299.2638,,135,0,135,0,1,0.6483,,,,,
,,,,,6971fce75aebcf1e7f79cd1b,2026-01-22_10h34.18.310,WP1_3,2025.2.3,Win32,59.52380952,67d04e57ae59b71e07329bf5,695fcc08e6593b9a696132f7,,,,,,,,,,,,,,,,,,,,,,,,,,,,,,,,,,,,,,,,,,,,,,,,,,,,,,,,,,,,2,Celebrities_Faces/002_01_greyscale_250.png,,,,,,,,,,,,,,,,,,,,,,,,,,,,,,,,,,,,,2.210170635,1299.264,1301.4622,,,,,,,,TRUE,,FALSE,,,,,,,,,,,,1301.4632,1302.271,q,137,127,3,1,1,familiar,,,FALSE,1302.2712,1302.2712,1302.2712,1302.2712,,136,0,136,0,1,0.7133,,,,,
,,,,,6971fce75aebcf1e7f79cd1b,2026-01-22_10h34.18.310,WP1_3,2025.2.3,Win32,59.52380952,67d04e57ae59b71e07329bf5,695fcc08e6593b9a696132f7,,,,,,,,,,,,,,,,,,,,,,,,,,,,,,,,,,,,,,,,,,,,,,,,,,,,,,,,,,,,6,stim_fam/006_rgray_250.png,,,,,,,,,,,,,,,,,,,,,,,,,,,,,,,,,,,,,1.866794377,1302.2714,1304.1352,,,,,,,,FALSE,,FALSE,,,,,,,,,,,,1304.1358,1305.0881,q,138,168,3,1,250,novel,,,FALSE,1305.0883,1305.0884,1305.0884,1305.0884,,137,0,137,0,1,0.8619,,,,,
,,,,,6971fce75aebcf1e7f79cd1b,2026-01-22_10h34.18.310,WP1_3,2025.2.3,Win32,59.52380952,67d04e57ae59b71e07329bf5,695fcc08e6593b9a696132f7,,,,,,,,,,,,,,,,,,,,,,,,,,,,,,,,,,,,,,,,,,,,,,,,,,,,,,,,,,,,86,stim_fam/086_rgray_250.png,,,,,,,,,,,,,,,,,,,,,,,,,,,,,,,,,,,,,1.65019486,1305.0886,1306.7353,,,,,,,,FALSE,,FALSE,,,,,,,,,,,,1306.736,1307.6549,p,139,160,3,1,250,novel,,,FALSE,1307.6551,1307.6551,1307.6551,1307.6551,,138,0,138,0,1,0.8287,,,,,
,,,,,6971fce75aebcf1e7f79cd1b,2026-01-22_10h34.18.310,WP1_3,2025.2.3,Win32,59.52380952,67d04e57ae59b71e07329bf5,695fcc08e6593b9a696132f7,,,,,,,,,,,,,,,,,,,,,,,,,,,,,,,,,,,,,,,,,,,,,,,,,,,,,,,,,,,,12,Celebrities_Faces/012_02_greyscale_250.png,,,,,,,,,,,,,,,,,,,,,,,,,,,,,,,,,,,,,1.533307487,1307.6554,1309.1791,,,,,,,,TRUE,,FALSE,,,,,,,,,,,,1309.1801,1310.0964,q,140,126,3,1,2,familiar,,,FALSE,1310.0965,1310.0966,1310.0966,1310.0966,,139,0,139,0,1,0.8282,,,,,
,,,,,6971fce75aebcf1e7f79cd1b,2026-01-22_10h34.18.310,WP1_3,2025.2.3,Win32,59.52380952,67d04e57ae59b71e07329bf5,695fcc08e6593b9a696132f7,,,,,,,,,,,,,,,,,,,,,,,,,,,,,,,,,,,,,,,,,,,,,,,,,,,,,,,,,,,,19,Celebrities_Faces/019_01_greyscale_250.png,,,,,,,,,,,,,,,,,,,,,,,,,,,,,,,,,,,,,2.046685296,1310.0969,1312.1457,,,,,,,,TRUE,,TRUE,,,,,,,,,,,,1312.1469,1313.2545,,141,125,3,1,1,familiar,,,FALSE,1313.2548,1314.246,1314.2461,1314.2462,,140,0,140,0,1,,,,,,
,,,,,6971fce75aebcf1e7f79cd1b,2026-01-22_10h34.18.310,WP1_3,2025.2.3,Win32,59.52380952,67d04e57ae59b71e07329bf5,695fcc08e6593b9a696132f7,,,,,,,,,,,,,,,,,,,,,,,,,,,,,,,,,,,,,,,,,,,,,,,,,,,,,,,,,,,,8,Celebrities_Faces/008_03_greyscale_250.png,,,,,,,,,,,,,,,,,,,,,,,,,,,,,,,,,,,,,2.250297459,1314.2467,1316.4855,,,,,,,,TRUE,,FALSE,,,,,,,,,,,,1316.4862,1317.2639,q,142,134,3,1,3,familiar,,,FALSE,1317.2641,1317.2641,1317.2641,1317.2642,,141,0,141,0,1,0.6879,,,,,
,,,,,6971fce75aebcf1e7f79cd1b,2026-01-22_10h34.18.310,WP1_3,2025.2.3,Win32,59.52380952,67d04e57ae59b71e07329bf5,695fcc08e6593b9a696132f7,,,,,,,,,,,,,,,,,,,,,,,,,,,,,,,,,,,,,,,,,,,,,,,,,,,,,,,,,,,,87,stim_fam/087_rgray_250.png,,,,,,,,,,,,,,,,,,,,,,,,,,,,,,,,,,,,,2.299013439,1317.2644,1319.5518,,,,,,,,FALSE,,FALSE,,,,,,,,,,,,1319.5524,1320.4552,q,143,173,3,1,250,novel,,,FALSE,1320.4555,1320.4556,1320.4556,1320.4556,,142,0,142,0,1,0.8161,,,,,
,,,,,6971fce75aebcf1e7f79cd1b,2026-01-22_10h34.18.310,WP1_3,2025.2.3,Win32,59.52380952,67d04e57ae59b71e07329bf5,695fcc08e6593b9a696132f7,,,,,,,,,,,,,,,,,,,,,,,,,,,,,,,,,,,,,,,,,,,,,,,,,,,,,,,,,,,,102,stim_fam/102_rgray_250.png,,,,,,,,,,,,,,,,,,,,,,,,,,,,,,,,,,,,,2.427081332,1320.4558,1322.8794,,,,,,,,FALSE,,FALSE,,,,,,,,,,,,1322.8805,1323.8554,p,144,167,3,1,250,novel,,,FALSE,1323.8556,1323.8556,1323.8556,1323.8556,,143,0,143,0,1,0.8833,,,,,
,,,,,6971fce75aebcf1e7f79cd1b,2026-01-22_10h34.18.310,WP1_3,2025.2.3,Win32,59.52380952,67d04e57ae59b71e07329bf5,695fcc08e6593b9a696132f7,,,,,,,,,,,,,,,,,,,,,,,,,,,,,,,,,,,,,,,,,,,,,,,,,,,,,,,,,,,,59,Celebrities_Faces/059_03_greyscale_250.png,,,,,,,,,,,,,,,,,,,,,,,,,,,,,,,,,,,,,2.349604126,1323.8558,1326.2024,,,,,,,,TRUE,,FALSE,,,,,,,,,,,,1326.2032,1327.1887,p,145,144,3,1,3,familiar,,,FALSE,1327.1889,1327.1889,1327.1889,1327.189,,144,0,144,0,1,0.8961,,,,,
,,,,,6971fce75aebcf1e7f79cd1b,2026-01-22_10h34.18.310,WP1_3,2025.2.3,Win32,59.52380952,67d04e57ae59b71e07329bf5,695fcc08e6593b9a696132f7,,,,,,,,,,,,,,,,,,,,,,,,,,,,,,,,,,,,,,,,,,,,,,,,,,,,,,,,,,,,13,Celebrities_Faces/013_01_greyscale_250.png,,,,,,,,,,,,,,,,,,,,,,,,,,,,,,,,,,,,,2.084414557,1327.1892,1329.2693,,,,,,,,TRUE,,FALSE,,,,,,,,,,,,1329.27,1330.0128,q,146,136,3,1,1,familiar,,,FALSE,1330.0129,1330.0132,1330.0132,1330.0135,,145,0,145,0,1,0.6443,,,,,
,,,,,6971fce75aebcf1e7f79cd1b,2026-01-22_10h34.18.310,WP1_3,2025.2.3,Win32,59.52380952,67d04e57ae59b71e07329bf5,695fcc08e6593b9a696132f7,,,,,,,,,,,,,,,,,,,,,,,,,,,,,,,,,,,,,,,,,,,,,,,,,,,,,,,,,,,,18,Celebrities_Faces/018_03_greyscale_250.png,,,,,,,,,,,,,,,,,,,,,,,,,,,,,,,,,,,,,2.143792261,1330.014,1332.1464,,,,,,,,TRUE,,FALSE,,,,,,,,,,,,1332.1475,1333.0326,q,147,148,3,1,3,familiar,,,FALSE,1333.0327,1333.0328,1333.0328,1333.0329,,146,0,146,0,1,0.7957,,,,,
,,,,,6971fce75aebcf1e7f79cd1b,2026-01-22_10h34.18.310,WP1_3,2025.2.3,Win32,59.52380952,67d04e57ae59b71e07329bf5,695fcc08e6593b9a696132f7,,,,,,,,,,,,,,,,,,,,,,,,,,,,,,,,,,,,,,,,,,,,,,,,,,,,,,,,,,,,20,Celebrities_Faces/020_02_greyscale_250.png,,,,,,,,,,,,,,,,,,,,,,,,,,,,,,,,,,,,,1.925122305,1333.033,1334.9467,,,,,,,,TRUE,,FALSE,,,,,,,,,,,,1334.9476,1335.9556,p,148,135,3,1,2,familiar,,,FALSE,1335.9558,1335.9558,1335.9558,1335.9558,,147,0,147,0,1,0.916,,,,,
,,,,,6971fce75aebcf1e7f79cd1b,2026-01-22_10h34.18.310,WP1_3,2025.2.3,Win32,59.52380952,67d04e57ae59b71e07329bf5,695fcc08e6593b9a696132f7,,,,,,,,,,,,,,,,,,,,,,,,,,,,,,,,,,,,,,,,,,,,,,,,,,,,,,,,,,,,28,Celebrities_Faces/028_01_greyscale_250.png,,,,,,,,,,,,,,,,,,,,,,,,,,,,,,,,,,,,,1.548735233,1335.9561,1337.497,,,,,,,,TRUE,,FALSE,,,,,,,,,,,,1337.4976,1338.3053,q,149,137,3,1,1,familiar,,,FALSE,1338.3054,1338.3054,1338.3054,1338.3056,,148,0,148,0,1,0.7186,,,,,
,,,,,6971fce75aebcf1e7f79cd1b,2026-01-22_10h34.18.310,WP1_3,2025.2.3,Win32,59.52380952,67d04e57ae59b71e07329bf5,695fcc08e6593b9a696132f7,,,,,,,,,,,,,,,,,,,,,,,,,,,,,,,,,,,,,,,,,,,,,,,,,,,,,,,,,,,,97,stim_fam/097_rgray_250.png,,,,,,,,,,,,,,,,,,,,,,,,,,,,,,,,,,,,,2.186672784,1338.3057,1340.4802,,,,,,,,FALSE,,FALSE,,,,,,,,,,,,1340.4812,1341.2891,p,150,176,3,1,250,novel,,,FALSE,1341.2893,1341.2893,1341.2894,1341.2895,,149,0,149,0,1,0.7155,,,,,
,,,,,6971fce75aebcf1e7f79cd1b,2026-01-22_10h34.18.310,WP1_3,2025.2.3,Win32,59.52380952,67d04e57ae59b71e07329bf5,695fcc08e6593b9a696132f7,,,,,,,,,,,,,,,,,,,,,,,,,,,,,,,,,,,,,,,,,,,,,,,,,,,,,,,,,,,,49,stim_fam/049_rgray_250.png,,,,,,,,,,,,,,,,,,,,,,,,,,,,,,,,,,,,,1.963790754,1341.2899,1343.2468,,,,,,,,FALSE,,FALSE,,,,,,,,,,,,1343.2476,1344.2136,p,151,180,3,1,250,novel,,,FALSE,1344.2139,1344.214,1344.214,1344.214,,150,0,150,0,1,0.873,,,,,
,,,,,6971fce75aebcf1e7f79cd1b,2026-01-22_10h34.18.310,WP1_3,2025.2.3,Win32,59.52380952,67d04e57ae59b71e07329bf5,695fcc08e6593b9a696132f7,,,,,,,,,,,,,,,,,,,,,,,,,,,,,,,,,,,,,,,,,,,,,,,,,,,,,,,,,,,,45,Celebrities_Faces/045_02_greyscale_250.png,,,,,,,,,,,,,,,,,,,,,,,,,,,,,,,,,,,,,1.546221712,1344.2143,1345.7701,,,,,,,,TRUE,,FALSE,,,,,,,,,,,,1345.7708,1346.7059,q,152,147,3,1,2,familiar,,,FALSE,1346.7061,1346.7062,1346.7062,1346.7062,,151,0,151,0,1,0.8463,,,,,
,,,,,6971fce75aebcf1e7f79cd1b,2026-01-22_10h34.18.310,WP1_3,2025.2.3,Win32,59.52380952,67d04e57ae59b71e07329bf5,695fcc08e6593b9a696132f7,,,,,,,,,,,,,,,,,,,,,,,,,,,,,,,,,,,,,,,,,,,,,,,,,,,,,,,,,,,,51,Celebrities_Faces/051_03_greyscale_250.png,,,,,,,,,,,,,,,,,,,,,,,,,,,,,,,,,,,,,1.673505582,1346.7065,1348.3698,,,,,,,,TRUE,,FALSE,,,,,,,,,,,,1348.3704,1349.2727,p,153,140,3,1,3,familiar,,,FALSE,1349.2728,1349.2729,1349.2729,1349.273,,152,0,152,0,1,0.8128,,,,,
,,,,,6971fce75aebcf1e7f79cd1b,2026-01-22_10h34.18.310,WP1_3,2025.2.3,Win32,59.52380952,67d04e57ae59b71e07329bf5,695fcc08e6593b9a696132f7,,,,,,,,,,,,,,,,,,,,,,,,,,,,,,,,,,,,,,,,,,,,,,,,,,,,,,,,,,,,25,Celebrities_Faces/025_01_greyscale_250.png,,,,,,,,,,,,,,,,,,,,,,,,,,,,,,,,,,,,,1.90286687,1349.2732,1351.1698,,,,,,,,TRUE,,FALSE,,,,,,,,,,,,1351.1705,1352.0564,q,154,129,3,1,1,familiar,,,FALSE,1352.0565,1352.0566,1352.0566,1352.0566,,153,0,153,0,1,0.7964,,,,,
,,,,,6971fce75aebcf1e7f79cd1b,2026-01-22_10h34.18.310,WP1_3,2025.2.3,Win32,59.52380952,67d04e57ae59b71e07329bf5,695fcc08e6593b9a696132f7,,,,,,,,,,,,,,,,,,,,,,,,,,,,,,,,,,,,,,,,,,,,,,,,,,,,,,,,,,,,83,stim_fam/083_rgray_250.png,,,,,,,,,,,,,,,,,,,,,,,,,,,,,,,,,,,,,2.489345993,1352.0569,1354.5533,,,,,,,,FALSE,,TRUE,,,,,,,,,,,,1354.554,1355.6725,,155,166,3,1,250,novel,,,FALSE,1355.6727,1356.664,1356.6641,1356.6643,,154,0,154,0,1,,,,,,
,,,,,6971fce75aebcf1e7f79cd1b,2026-01-22_10h34.18.310,WP1_3,2025.2.3,Win32,59.52380952,67d04e57ae59b71e07329bf5,695fcc08e6593b9a696132f7,,,,,,,,,,,,,,,,,,,,,,,,,,,,,,,,,,,,,,,,,,,,,,,,,,,,,,,,,,,,11,stim_fam/011_rgray_250.png,,,,,,,,,,,,,,,,,,,,,,,,,,,,,,,,,,,,,2.493398475,1356.6645,1359.1536,,,,,,,,FALSE,,FALSE,,,,,,,,,,,,1359.1543,1359.9898,p,156,178,3,1,250,novel,,,FALSE,1359.9899,1359.99,1359.99,1359.99,,155,0,155,0,1,0.7463,,,,,
,,,,,6971fce75aebcf1e7f79cd1b,2026-01-22_10h34.18.310,WP1_3,2025.2.3,Win32,59.52380952,67d04e57ae59b71e07329bf5,695fcc08e6593b9a696132f7,,,,,,,,,,,,,,,,,,,,,,,,,,,,,,,,,,,,,,,,,,,,,,,,,,,,,,,,,,,,58,Celebrities_Faces/058_02_greyscale_250.png,,,,,,,,,,,,,,,,,,,,,,,,,,,,,,,,,,,,,1.999414383,1359.9903,1361.9869,,,,,,,,TRUE,,FALSE,,,,,,,,,,,,1361.9875,1362.882,p,157,139,3,1,2,familiar,,,FALSE,1362.8822,1362.8823,1362.8823,1362.8823,,156,0,156,0,1,0.8047,,,,,
,,,,,6971fce75aebcf1e7f79cd1b,2026-01-22_10h34.18.310,WP1_3,2025.2.3,Win32,59.52380952,67d04e57ae59b71e07329bf5,695fcc08e6593b9a696132f7,,,,,,,,,,,,,,,,,,,,,,,,,,,,,,,,,,,,,,,,,,,,,,,,,,,,,,,,,,,,91,stim_fam/091_rgray_250.png,,,,,,,,,,,,,,,,,,,,,,,,,,,,,,,,,,,,,2.327408948,1362.8827,1365.2036,,,,,,,,FALSE,,FALSE,,,,,,,,,,,,1365.2045,1366.1154,p,158,154,3,1,250,novel,,,FALSE,1366.1156,1366.1156,1366.1156,1366.1157,,157,0,157,0,1,0.8224,,,,,
,,,,,6971fce75aebcf1e7f79cd1b,2026-01-22_10h34.18.310,WP1_3,2025.2.3,Win32,59.52380952,67d04e57ae59b71e07329bf5,695fcc08e6593b9a696132f7,,,,,,,,,,,,,,,,,,,,,,,,,,,,,,,,,,,,,,,,,,,,,,,,,,,,,,,,,,,,71,stim_fam/071_rgray_250.png,,,,,,,,,,,,,,,,,,,,,,,,,,,,,,,,,,,,,1.835654733,1366.116,1367.9476,,,,,,,,FALSE,,FALSE,,,,,,,,,,,,1367.9487,1368.6987,q,159,169,3,1,250,novel,,,FALSE,1368.6989,1368.699,1368.6991,1368.6991,,158,0,158,0,1,0.6586,,,,,
,,,,,6971fce75aebcf1e7f79cd1b,2026-01-22_10h34.18.310,WP1_3,2025.2.3,Win32,59.52380952,67d04e57ae59b71e07329bf5,695fcc08e6593b9a696132f7,,,,,,,,,,,,,,,,,,,,,,,,,,,,,,,,,,,,,,,,,,,,,,,,,,,,,,,,,,,,26,Celebrities_Faces/026_01_greyscale_250.png,,,,,,,,,,,,,,,,,,,,,,,,,,,,,,,,,,,,,2.23946586,1368.6993,1370.9367,,,,,,,,TRUE,,FALSE,,,,,,,,,,,,1370.9373,1371.7233,q,160,141,3,1,1,familiar,,,FALSE,1371.7235,1371.7235,1371.7236,1371.7236,,159,0,159,0,1,0.7017,,,,,
,,,,,6971fce75aebcf1e7f79cd1b,2026-01-22_10h34.18.310,WP1_3,2025.2.3,Win32,59.52380952,67d04e57ae59b71e07329bf5,695fcc08e6593b9a696132f7,,,,,,,,,,,,,,,,,,,,,,,,,,,,,,,,,,,,,,,,,,,,,,,,,,,,,,,,,,,,100,stim_fam/100_rgray_250.png,,,,,,,,,,,,,,,,,,,,,,,,,,,,,,,,,,,,,2.179588469,1371.7239,1373.904,,,,,,,,FALSE,,FALSE,,,,,,,,,,,,1373.9047,1374.9645,p,161,151,3,1,250,novel,,,FALSE,1374.9646,1374.9648,1374.9648,1374.9649,,160,0,160,0,1,0.9643,,,,,
,,,,,6971fce75aebcf1e7f79cd1b,2026-01-22_10h34.18.310,WP1_3,2025.2.3,Win32,59.52380952,67d04e57ae59b71e07329bf5,695fcc08e6593b9a696132f7,,,,,,,,,,,,,,,,,,,,,,,,,,,,,,,,,,,,,,,,,,,,,,,,,,,,,,,,,,,,81,stim_fam/081_rgray_250.png,,,,,,,,,,,,,,,,,,,,,,,,,,,,,,,,,,,,,2.375183442,1374.9651,1377.331,,,,,,,,FALSE,,FALSE,,,,,,,,,,,,1377.3316,1378.207,p,162,172,3,1,250,novel,,,FALSE,1378.2071,1378.2072,1378.2072,1378.2072,,161,0,161,0,1,0.7824,,,,,
,,,,,6971fce75aebcf1e7f79cd1b,2026-01-22_10h34.18.310,WP1_3,2025.2.3,Win32,59.52380952,67d04e57ae59b71e07329bf5,695fcc08e6593b9a696132f7,,,,,,,,,,,,,,,,,,,,,,,,,,,,,,,,,,,,,,,,,,,,,,,,,,,,,,,,,,,,96,stim_fam/096_rgray_250.png,,,,,,,,,,,,,,,,,,,,,,,,,,,,,,,,,,,,,1.869722393,1378.2074,1380.0874,,,,,,,,FALSE,,FALSE,,,,,,,,,,,,1380.0883,1380.882,p,163,159,3,1,250,novel,,,FALSE,1380.8822,1380.8822,1380.8822,1380.8823,,162,0,162,0,1,0.7041,,,,,
,,,,,6971fce75aebcf1e7f79cd1b,2026-01-22_10h34.18.310,WP1_3,2025.2.3,Win32,59.52380952,67d04e57ae59b71e07329bf5,695fcc08e6593b9a696132f7,,,,,,,,,,,,,,,,,,,,,,,,,,,,,,,,,,,,,,,,,,,,,,,,,,,,,,,,,,,,24,Celebrities_Faces/024_01_greyscale_250.png,,,,,,,,,,,,,,,,,,,,,,,,,,,,,,,,,,,,,2.205143099,1380.8826,1383.0815,,,,,,,,TRUE,,FALSE,,,,,,,,,,,,1383.0822,1384.157,p,164,138,3,1,1,familiar,,,FALSE,1384.1572,1384.1572,1384.1572,1384.1572,,163,0,163,0,1,0.985,,,,,
,,,,,6971fce75aebcf1e7f79cd1b,2026-01-22_10h34.18.310,WP1_3,2025.2.3,Win32,59.52380952,67d04e57ae59b71e07329bf5,695fcc08e6593b9a696132f7,,,,,,,,,,,,,,,,,,,,,,,,,,,,,,,,,,,,,,,,,,,,,,,,,,,,,,,,,,,,24,stim_fam/024_rgray_250.png,,,,,,,,,,,,,,,,,,,,,,,,,,,,,,,,,,,,,1.703951581,1384.1575,1385.871,,,,,,,,FALSE,,FALSE,,,,,,,,,,,,1385.8716,1386.7071,p,165,179,3,1,250,novel,,,FALSE,1386.7073,1386.7073,1386.7074,1386.7074,,164,0,164,0,1,0.7455,,,,,
,,,,,6971fce75aebcf1e7f79cd1b,2026-01-22_10h34.18.310,WP1_3,2025.2.3,Win32,59.52380952,67d04e57ae59b71e07329bf5,695fcc08e6593b9a696132f7,,,,,,,,,,,,,,,,,,,,,,,,,,,,,,,,,,,,,,,,,,,,,,,,,,,,,,,,,,,,6,Celebrities_Faces/006_02_greyscale_250.png,,,,,,,,,,,,,,,,,,,,,,,,,,,,,,,,,,,,,1.977406976,1386.7077,1388.6814,,,,,,,,TRUE,,FALSE,,,,,,,,,,,,1388.6823,1389.5482,q,166,142,3,1,2,familiar,,,FALSE,1389.5487,1389.5487,1389.5487,1389.5488,,165,0,165,0,1,0.7786,,,,,
,,,,,6971fce75aebcf1e7f79cd1b,2026-01-22_10h34.18.310,WP1_3,2025.2.3,Win32,59.52380952,67d04e57ae59b71e07329bf5,695fcc08e6593b9a696132f7,,,,,,,,,,,,,,,,,,,,,,,,,,,,,,,,,,,,,,,,,,,,,,,,,,,,,,,,,,,,14,Celebrities_Faces/014_01_greyscale_250.png,,,,,,,,,,,,,,,,,,,,,,,,,,,,,,,,,,,,,1.551020057,1389.549,1391.0983,,,,,,,,TRUE,,FALSE,,,,,,,,,,,,1391.0993,1392.0659,q,167,132,3,1,1,familiar,,,FALSE,1392.0661,1392.0661,1392.0661,1392.0662,,166,0,166,0,1,0.8811,,,,,
,,,,,6971fce75aebcf1e7f79cd1b,2026-01-22_10h34.18.310,WP1_3,2025.2.3,Win32,59.52380952,67d04e57ae59b71e07329bf5,695fcc08e6593b9a696132f7,,,,,,,,,,,,,,,,,,,,,,,,,,,,,,,,,,,,,,,,,,,,,,,,,,,,,,,,,,,,46,stim_fam/046_rgray_250.png,,,,,,,,,,,,,,,,,,,,,,,,,,,,,,,,,,,,,1.512916977,1392.0665,1393.5814,,,,,,,,FALSE,,FALSE,,,,,,,,,,,,1393.5827,1394.5494,p,168,164,3,1,250,novel,,,FALSE,1394.5495,1394.5496,1394.5496,1394.5497,,167,0,167,0,1,0.8793,,,,,
,,,,,6971fce75aebcf1e7f79cd1b,2026-01-22_10h34.18.310,WP1_3,2025.2.3,Win32,59.52380952,67d04e57ae59b71e07329bf5,695fcc08e6593b9a696132f7,,,,,,,,,,,,,,,,,,,,,,,,,,,,,,,,,,,,,,,,,,,,,,,,,,,,,,,,,,,,42,stim_fam/042_rgray_250.png,,,,,,,,,,,,,,,,,,,,,,,,,,,,,,,,,,,,,2.481854791,1394.55,1397.0379,,,,,,,,FALSE,,FALSE,,,,,,,,,,,,1397.0385,1397.9483,p,169,170,3,1,250,novel,,,FALSE,1397.9485,1397.9489,1397.9489,1397.949,,168,0,168,0,1,0.8148,,,,,
,,,,,6971fce75aebcf1e7f79cd1b,2026-01-22_10h34.18.310,WP1_3,2025.2.3,Win32,59.52380952,67d04e57ae59b71e07329bf5,695fcc08e6593b9a696132f7,,,,,,,,,,,,,,,,,,,,,,,,,,,,,,,,,,,,,,,,,,,,,,,,,,,,,,,,,,,,10,stim_fam/010_rgray_250.png,,,,,,,,,,,,,,,,,,,,,,,,,,,,,,,,,,,,,2.183071535,1397.9493,1400.1208,,,,,,,,FALSE,,TRUE,,,,,,,,,,,,1400.1221,1401.224,,170,162,3,1,250,novel,,,FALSE,1401.2243,1402.2152,1402.2152,1402.2152,,169,0,169,0,1,,,,,,
,,,,,6971fce75aebcf1e7f79cd1b,2026-01-22_10h34.18.310,WP1_3,2025.2.3,Win32,59.52380952,67d04e57ae59b71e07329bf5,695fcc08e6593b9a696132f7,,,,,,,,,,,,,,,,,,,,,,,,,,,,,,,,,,,,,,,,,,,,,,,,,,,,,,,,,,,,92,stim_fam/092_rgray_250.png,,,,,,,,,,,,,,,,,,,,,,,,,,,,,,,,,,,,,2.027045348,1402.2156,1404.2318,,,,,,,,FALSE,,FALSE,,,,,,,,,,,,1404.2326,1405.2912,p,171,153,3,1,250,novel,,,FALSE,1405.2913,1405.2914,1405.2914,1405.2914,,170,0,170,0,1,0.9672,,,,,
,,,,,6971fce75aebcf1e7f79cd1b,2026-01-22_10h34.18.310,WP1_3,2025.2.3,Win32,59.52380952,67d04e57ae59b71e07329bf5,695fcc08e6593b9a696132f7,,,,,,,,,,,,,,,,,,,,,,,,,,,,,,,,,,,,,,,,,,,,,,,,,,,,,,,,,,,,23,Celebrities_Faces/023_03_greyscale_250.png,,,,,,,,,,,,,,,,,,,,,,,,,,,,,,,,,,,,,1.655693062,1405.2916,1406.9551,,,,,,,,TRUE,,TRUE,,,,,,,,,,,,1406.9556,1408.0654,,172,146,3,1,3,familiar,,,FALSE,1408.0657,1409.0715,1409.0715,1409.0716,,171,0,171,0,1,,,,,,
,,,,,6971fce75aebcf1e7f79cd1b,2026-01-22_10h34.18.310,WP1_3,2025.2.3,Win32,59.52380952,67d04e57ae59b71e07329bf5,695fcc08e6593b9a696132f7,,,,,,,,,,,,,,,,,,,,,,,,,,,,,,,,,,,,,,,,,,,,,,,,,,,,,,,,,,,,52,stim_fam/052_rgray_250.png,,,,,,,,,,,,,,,,,,,,,,,,,,,,,,,,,,,,,2.264124916,1409.0719,1411.3323,,,,,,,,FALSE,,FALSE,,,,,,,,,,,,1411.3332,1412.4324,q,173,155,3,1,250,novel,,,FALSE,1412.4329,1412.433,1412.433,1412.4331,,172,0,172,0,1,1.0073,,,,,
,,,,,6971fce75aebcf1e7f79cd1b,2026-01-22_10h34.18.310,WP1_3,2025.2.3,Win32,59.52380952,67d04e57ae59b71e07329bf5,695fcc08e6593b9a696132f7,,,,,,,,,,,,,,,,,,,,,,,,,,,,,,,,,,,,,,,,,,,,,,,,,,,,,,,,,,,,13,stim_fam/013_rgray_250.png,,,,,,,,,,,,,,,,,,,,,,,,,,,,,,,,,,,,,2.272341982,1412.4333,1414.6987,,,,,,,,FALSE,,FALSE,,,,,,,,,,,,1414.6996,1415.5332,p,174,165,3,1,250,novel,,,FALSE,1415.5334,1415.5335,1415.5335,1415.5336,,173,0,173,0,1,0.7432,,,,,
,,,,,6971fce75aebcf1e7f79cd1b,2026-01-22_10h34.18.310,WP1_3,2025.2.3,Win32,59.52380952,67d04e57ae59b71e07329bf5,695fcc08e6593b9a696132f7,,,,,,,,,,,,,,,,,,,,,,,,,,,,,,,,,,,,,,,,,,,,,,,,,,,,,,,,,,,,7,stim_fam/007_rgray_250.png,,,,,,,,,,,,,,,,,,,,,,,,,,,,,,,,,,,,,2.009274425,1415.5339,1417.5383,,,,,,,,FALSE,,FALSE,,,,,,,,,,,,1417.539,1418.3168,p,175,174,3,1,250,novel,,,FALSE,1418.317,1418.317,1418.317,1418.3171,,174,0,174,0,1,0.6873,,,,,
,,,,,6971fce75aebcf1e7f79cd1b,2026-01-22_10h34.18.310,WP1_3,2025.2.3,Win32,59.52380952,67d04e57ae59b71e07329bf5,695fcc08e6593b9a696132f7,,,,,,,,,,,,,,,,,,,,,,,,,,,,,,,,,,,,,,,,,,,,,,,,,,,,,,,,,,,,42,Celebrities_Faces/042_02_greyscale_250.png,,,,,,,,,,,,,,,,,,,,,,,,,,,,,,,,,,,,,2.400584773,1418.3173,1420.7158,,,,,,,,TRUE,,FALSE,,,,,,,,,,,,1420.7167,1421.5915,q,176,128,3,1,2,familiar,,,FALSE,1421.5917,1421.5917,1421.5917,1421.5917,,175,0,175,0,1,0.7827,,,,,
,,,,,6971fce75aebcf1e7f79cd1b,2026-01-22_10h34.18.310,WP1_3,2025.2.3,Win32,59.52380952,67d04e57ae59b71e07329bf5,695fcc08e6593b9a696132f7,,,,,,,,,,,,,,,,,,,,,,,,,,,,,,,,,,,,,,,,,,,,,,,,,,,,,,,,,,,,30,Celebrities_Faces/030_03_greyscale_250.png,,,,,,,,,,,,,,,,,,,,,,,,,,,,,,,,,,,,,1.508483696,1421.5922,1423.1053,,,,,,,,TRUE,,FALSE,,,,,,,,,,,,1423.106,1423.9081,q,177,121,3,1,3,familiar,,,FALSE,1423.9084,1423.9085,1423.9085,1423.9085,,176,0,176,0,1,0.7132,,,,,
,,,,,6971fce75aebcf1e7f79cd1b,2026-01-22_10h34.18.310,WP1_3,2025.2.3,Win32,59.52380952,67d04e57ae59b71e07329bf5,695fcc08e6593b9a696132f7,,,,,,,,,,,,,,,,,,,,,,,,,,,,,,,,,,,,,,,,,,,,,,,,,,,,,,,,,,,,10,Celebrities_Faces/010_01_greyscale_250.png,,,,,,,,,,,,,,,,,,,,,,,,,,,,,,,,,,,,,2.273630516,1423.9088,1426.1723,,,,,,,,TRUE,,FALSE,,,,,,,,,,,,1426.1729,1426.9497,q,178,131,3,1,1,familiar,,,FALSE,1426.95,1426.9501,1426.9501,1426.9502,,177,0,177,0,1,0.6798,,,,,
,,,,,6971fce75aebcf1e7f79cd1b,2026-01-22_10h34.18.310,WP1_3,2025.2.3,Win32,59.52380952,67d04e57ae59b71e07329bf5,695fcc08e6593b9a696132f7,,,,,,,,,,,,,,,,,,,,,,,,,,,,,,,,,,,,,,,,,,,,,,,,,,,,,,,,,,,,8,stim_fam/008_rgray_250.png,,,,,,,,,,,,,,,,,,,,,,,,,,,,,,,,,,,,,1.520796747,1426.9505,1428.4721,,,,,,,,FALSE,,TRUE,,,,,,,,,,,,1428.4728,1429.5826,,179,171,3,1,250,novel,,,FALSE,1429.5829,1430.5826,1430.5826,1430.5827,,178,0,178,0,1,,,,,,
,,,,,6971fce75aebcf1e7f79cd1b,2026-01-22_10h34.18.310,WP1_3,2025.2.3,Win32,59.52380952,67d04e57ae59b71e07329bf5,695fcc08e6593b9a696132f7,,,,,,,,,,,,,,,,,,,,,,,,,,,,,,,,,,,,,,,,,,,,,,,,,,,,,,,,,,,,38,Celebrities_Faces/038_01_greyscale_250.png,,,,,,,,,,,,,,,,,,,,,,,,,,,,,,,,,,,,,1.908560356,1430.5833,1432.4827,,,,,,,,TRUE,,TRUE,,,,,,,,,,,,1432.4836,1433.6081,,180,133,3,1,1,familiar,,,FALSE,1433.6084,1434.5996,1434.5996,1434.5997,,179,0,179,0,1,,,,,,
,,,,,6971fce75aebcf1e7f79cd1b,2026-01-22_10h34.18.310,WP1_3,2025.2.3,Win32,59.52380952,67d04e57ae59b71e07329bf5,695fcc08e6593b9a696132f7,,,,,,,,,,,,,,,,,,,,,,,,,,,,,,,,,,,,,,,,,,,,,,,,,,,,,,,,,,,,,,,,,,,,,,,,,,,,,,,,,,,,,,,,,,,,,,,,,,,,,,,,,,,,,,,,,,,,,,,,,,,,,,,,,,,,,,,,,,,,,,,,,,,,1434.6001,1439.5894
