Study_information_1.started,Study_information_1.stopped,key_resp.keys,key_resp.rt,key_resp.duration,session,date,expName,psychopyVersion,OS,frameRate,participant,study_id,Study_information_2.started,Study_information_2.stopped,key_resp_2.keys,key_resp_2.rt,key_resp_2.duration,Study_information_3.started,Study_information_3.stopped,key_resp_3.keys,key_resp_3.rt,key_resp_3.duration,Consent.started,Consent.stopped,key_resp_5.keys,key_resp_5.rt,key_resp_5.duration,Instruction_1.started,Instruction_1.stopped,space_cont.keys,space_cont.rt,space_cont.duration,Instruction_2.started,Instruction_2.stopped,space_cont_2.keys,space_cont_2.rt,space_cont_2.duration,Instruction_3.started,Instruction_3.stopped,space_cont_3.keys,space_cont_3.rt,space_cont_3.duration,Instruction_4.started,Instruction_4.stopped,space_cont_4.keys,space_cont_4.rt,space_cont_4.duration,Instruction_5.started,Instruction_5.stopped,space_cont_5.keys,space_cont_5.rt,space_cont_5.duration,Familiarity_Rating.started,Familiarity_Rating.stopped,familiarity_scale.response,familiarity_scale.rt,key_resp_familiarity.keys,familiarity_rating,Valence_Rating.started,Valence_Rating.stopped,valence_scale.response,valence_scale.rt,key_resp_valence.keys,key_resp_valence.rt,key_resp_valence.duration,valence_rating,Name_Selection.started,Name_Selection.stopped,key_resp_naming.keys,key_resp_naming.rt,key_resp_naming.duration,identity_no,image_file,correct_name,selected_name_option,selected_name,correct_name_option,name_correct,qualifies_for_part2,qualified_count_so_far,trials_rating.thisRepN,trials_rating.thisTrialN,trials_rating.thisN,trials_rating.thisIndex,trials_rating.ran,Identity_no,Image,Option1,Option2,Option3,Option4,CorrectName,selection_method,num_selected_identities,qualified_identity_nos,break_1.started,break_1.stopped,Load_Recognition_Trials.started,Load_Recognition_Trials.stopped,Instruction_recog_1.started,Instruction_recog_1.stopped,space_cont_6.keys,space_cont_6.rt,space_cont_6.duration,Instruction_recog_2.started,Instruction_recog_2.stopped,space_cont_7.keys,space_cont_7.rt,space_cont_7.duration,fixation_duration,fix_cross.started,fix_cross.stopped,Practice_Recognition_Trial.started,Practice_Recognition_Trial.stopped,key_resp_practice.keys,key_resp_practice.rt,key_resp_practice.duration,is_practice,practice_trial_number,is_familiar,participant_response,too_slow,response_time,practice_trials.thisRepN,practice_trials.thisTrialN,practice_trials.thisN,practice_trials.thisIndex,practice_trials.ran,Instruction_recog.started,Instruction_recog.stopped,space_cont_8.keys,space_cont_8.rt,space_cont_8.duration,Recognition_trials.started,Recognition_trials.stopped,key_resp_recognition.keys,key_resp_recognition.rt,key_resp_recognition.duration,recognition_trial_number,original_trial_number,block,trial_in_block,orientation,identity_type,response_familiar,correct,valid_response,Too_slow.started,Too_slow.stopped,break_recog.started,break_recog.stopped,key_resp_6.keys,trials.thisRepN,trials.thisTrialN,trials.thisN,trials.thisIndex,trials.ran,key_resp_6.rt,key_resp_6.duration,End_experiment.started,End_experiment.stopped
0.0002,10.3726,space,10.3434,,6a315870746014618def9b04,2026-06-16_10h07.55.180,WP1_3,2025.2.3,Win32,59.88023952,5db4ef4a2986a3000be1f886,6a030b8ba3607712b5d4bf26,,,,,,,,,,,,,,,,,,,,,,,,,,,,,,,,,,,,,,,,,,,,,,,,,,,,,,,,,,,,,,,,,,,,,,,,,,,,,,,,,,,,,,,,,,,,,,,,,,,,,,,,,,,,,,,,,,,,,,,,,,,,,,,,,,,,,,,,,,,,,,,,,,,,,
,,,,,6a315870746014618def9b04,2026-06-16_10h07.55.180,WP1_3,2025.2.3,Win32,59.88023952,5db4ef4a2986a3000be1f886,6a030b8ba3607712b5d4bf26,10.3728,14.9386,space,4.5325,,,,,,,,,,,,,,,,,,,,,,,,,,,,,,,,,,,,,,,,,,,,,,,,,,,,,,,,,,,,,,,,,,,,,,,,,,,,,,,,,,,,,,,,,,,,,,,,,,,,,,,,,,,,,,,,,,,,,,,,,,,,,,,,,,,,,,,,,,,,,,,,,
,,,,,6a315870746014618def9b04,2026-06-16_10h07.55.180,WP1_3,2025.2.3,Win32,59.88023952,5db4ef4a2986a3000be1f886,6a030b8ba3607712b5d4bf26,,,,,,14.9388,30.1534,space,15.184,,,,,,,,,,,,,,,,,,,,,,,,,,,,,,,,,,,,,,,,,,,,,,,,,,,,,,,,,,,,,,,,,,,,,,,,,,,,,,,,,,,,,,,,,,,,,,,,,,,,,,,,,,,,,,,,,,,,,,,,,,,,,,,,,,,,,,,,,,,,
,,,,,6a315870746014618def9b04,2026-06-16_10h07.55.180,WP1_3,2025.2.3,Win32,59.88023952,5db4ef4a2986a3000be1f886,6a030b8ba3607712b5d4bf26,,,,,,,,,,,30.1538,36.7692,space,6.5732,,,,,,,,,,,,,,,,,,,,,,,,,,,,,,,,,,,,,,,,,,,,,,,,,,,,,,,,,,,,,,,,,,,,,,,,,,,,,,,,,,,,,,,,,,,,,,,,,,,,,,,,,,,,,,,,,,,,,,,,,,,,,,,,,,,,,,,
,,,,,6a315870746014618def9b04,2026-06-16_10h07.55.180,WP1_3,2025.2.3,Win32,59.88023952,5db4ef4a2986a3000be1f886,6a030b8ba3607712b5d4bf26,,,,,,,,,,,,,,,,36.7695,57.6998,space,20.9068,,,,,,,,,,,,,,,,,,,,,,,,,,,,,,,,,,,,,,,,,,,,,,,,,,,,,,,,,,,,,,,,,,,,,,,,,,,,,,,,,,,,,,,,,,,,,,,,,,,,,,,,,,,,,,,,,,,,,,,,,,,,,,,,,,
,,,,,6a315870746014618def9b04,2026-06-16_10h07.55.180,WP1_3,2025.2.3,Win32,59.88023952,5db4ef4a2986a3000be1f886,6a030b8ba3607712b5d4bf26,,,,,,,,,,,,,,,,,,,,,57.7,72.7982,space,15.0813,,,,,,,,,,,,,,,,,,,,,,,,,,,,,,,,,,,,,,,,,,,,,,,,,,,,,,,,,,,,,,,,,,,,,,,,,,,,,,,,,,,,,,,,,,,,,,,,,,,,,,,,,,,,,,,,,,,,,,,,,,,,,
,,,,,6a315870746014618def9b04,2026-06-16_10h07.55.180,WP1_3,2025.2.3,Win32,59.88023952,5db4ef4a2986a3000be1f886,6a030b8ba3607712b5d4bf26,,,,,,,,,,,,,,,,,,,,,,,,,,72.7985,78.2973,space,5.4818,,,,,,,,,,,,,,,,,,,,,,,,,,,,,,,,,,,,,,,,,,,,,,,,,,,,,,,,,,,,,,,,,,,,,,,,,,,,,,,,,,,,,,,,,,,,,,,,,,,,,,,,,,,,,,,,,,,,,,,,
,,,,,6a315870746014618def9b04,2026-06-16_10h07.55.180,WP1_3,2025.2.3,Win32,59.88023952,5db4ef4a2986a3000be1f886,6a030b8ba3607712b5d4bf26,,,,,,,,,,,,,,,,,,,,,,,,,,,,,,,78.2976,92.7625,space,14.4454,,,,,,,,,,,,,,,,,,,,,,,,,,,,,,,,,,,,,,,,,,,,,,,,,,,,,,,,,,,,,,,,,,,,,,,,,,,,,,,,,,,,,,,,,,,,,,,,,,,,,,,,,,,,,,,,,,,
,,,,,6a315870746014618def9b04,2026-06-16_10h07.55.180,WP1_3,2025.2.3,Win32,59.88023952,5db4ef4a2986a3000be1f886,6a030b8ba3607712b5d4bf26,,,,,,,,,,,,,,,,,,,,,,,,,,,,,,,,,,,,92.7628,108.9602,space,16.1735,,,,,,,,,,,,,,,,,,,,,,,,,,,,,,,,,,,,,,,,,,,,,,,,,,,,,,,,,,,,,,,,,,,,,,,,,,,,,,,,,,,,,,,,,,,,,,,,,,,,,,,,,,,,,,
,,,,,6a315870746014618def9b04,2026-06-16_10h07.55.180,WP1_3,2025.2.3,Win32,59.88023952,5db4ef4a2986a3000be1f886,6a030b8ba3607712b5d4bf26,,,,,,,,,,,,,,,,,,,,,,,,,,,,,,,,,,,,,,,,,108.9659,114.326,,,,3,114.3274,116.9092,,,"[""right"",""right"",""space""]","[1.913000000000011,2.1899999999999977,2.429699999928488]","[null,null,null]",7,116.9104,132.0571,space,15.0028,,51,Celebrities_Faces/051_rating.jpg,Margot Robbie,0,Margot Robbie,0,TRUE,FALSE,0,0,0,0,50,1,51,Celebrities_Faces/051_rating.jpg,Margot Robbie,Halle Berry,Emma Watson,Julia Roberts,Margot Robbie,,,,,,,,,,,,,,,,,,,,,,,,,,,,,,,,,,,,,,,,,,,,,,,,,,,,,,,,,,,,,,,,,,,,,
,,,,,6a315870746014618def9b04,2026-06-16_10h07.55.180,WP1_3,2025.2.3,Win32,59.88023952,5db4ef4a2986a3000be1f886,6a030b8ba3607712b5d4bf26,,,,,,,,,,,,,,,,,,,,,,,,,,,,,,,,,,,,,,,,,132.0579,137.0896,,,,8,137.0906,138.9394,,,"[""right"",""right"",""space""]","[1.0017999999523113,1.2605000000000075,1.8199999999999932]","[null,null,null]",7,138.941,141.9892,space,3.0197,,52,Celebrities_Faces/052_rating.jpg,Emma Watson,3,Emma Watson,3,TRUE,TRUE,1,0,1,1,51,1,52,Celebrities_Faces/052_rating.jpg,Anne Hathaway,Natalie Portman,Hillary Clinton,Emma Watson,Emma Watson,,,,,,,,,,,,,,,,,,,,,,,,,,,,,,,,,,,,,,,,,,,,,,,,,,,,,,,,,,,,,,,,,,,,,
,,,,,6a315870746014618def9b04,2026-06-16_10h07.55.180,WP1_3,2025.2.3,Win32,59.88023952,5db4ef4a2986a3000be1f886,6a030b8ba3607712b5d4bf26,,,,,,,,,,,,,,,,,,,,,,,,,,,,,,,,,,,,,,,,,141.9908,144.7052,,,,10,144.706,148.1049,,,"[""right"",""right"",""space""]","[2.6368999999761513,2.9863999999761575,3.3406000000238407]","[null,null,null]",7,148.1064,149.4215,space,1.2518,,47,Celebrities_Faces/047_rating.jpg,Hillary Clinton,0,Hillary Clinton,0,TRUE,TRUE,2,0,2,2,46,1,47,Celebrities_Faces/047_rating.jpg,Hillary Clinton,Sandra Bullock,Michelle Obama,Anne Hathaway,Hillary Clinton,,,,,,,,,,,,,,,,,,,,,,,,,,,,,,,,,,,,,,,,,,,,,,,,,,,,,,,,,,,,,,,,,,,,,
,,,,,6a315870746014618def9b04,2026-06-16_10h07.55.180,WP1_3,2025.2.3,Win32,59.88023952,5db4ef4a2986a3000be1f886,6a030b8ba3607712b5d4bf26,,,,,,,,,,,,,,,,,,,,,,,,,,,,,,,,,,,,,,,,,149.4224,152.7376,,,,10,152.738,155.8207,,,"[""right"",""right"",""right"",""right"",""space""]","[1.998800000071526,2.2578999999761606,2.5060000000000002,2.8501000000238434,3.0498999999761622]","[null,null,null,null,null]",9,155.823,157.9536,space,2.1021,,14,Celebrities_Faces/014_rating.jpg,Daniel Craig,2,Daniel Craig,2,TRUE,TRUE,3,0,3,3,13,1,14,Celebrities_Faces/014_rating.jpg,Robert De Niro,Ryan Reynolds,Daniel Craig,Chris Hemsworth,Daniel Craig,,,,,,,,,,,,,,,,,,,,,,,,,,,,,,,,,,,,,,,,,,,,,,,,,,,,,,,,,,,,,,,,,,,,,
,,,,,6a315870746014618def9b04,2026-06-16_10h07.55.180,WP1_3,2025.2.3,Win32,59.88023952,5db4ef4a2986a3000be1f886,6a030b8ba3607712b5d4bf26,,,,,,,,,,,,,,,,,,,,,,,,,,,,,,,,,,,,,,,,,157.9545,160.4199,,,,6,160.4205,162.2698,,,"[""right"",""right"",""space""]","[1.311000000000007,1.5693999999761559,1.7933999999761738]","[null,null,null]",7,162.2724,165.5694,space,3.2447,,11,Celebrities_Faces/011_rating.jpg,Chris Evans,0,Chris Evans,0,TRUE,FALSE,3,0,4,4,10,1,11,Celebrities_Faces/011_rating.jpg,Chris Evans,Daniel Craig,Ryan Reynolds,Arnold Schwarzeneger,Chris Evans,,,,,,,,,,,,,,,,,,,,,,,,,,,,,,,,,,,,,,,,,,,,,,,,,,,,,,,,,,,,,,,,,,,,,
,,,,,6a315870746014618def9b04,2026-06-16_10h07.55.180,WP1_3,2025.2.3,Win32,59.88023952,5db4ef4a2986a3000be1f886,6a030b8ba3607712b5d4bf26,,,,,,,,,,,,,,,,,,,,,,,,,,,,,,,,,,,,,,,,,165.5703,168.8357,,,,10,168.8364,170.7855,,,"[""right"",""right"",""right"",""right"",""space""]","[0.9383999999761556,1.2207000000476853,1.453399999976142,1.6712999999523106,1.9086000000238244]","[null,null,null,null,null]",9,170.7868,173.9518,space,3.1281,,31,Celebrities_Faces/031_rating.jpg,Sandra Bullock,3,Sandra Bullock,3,TRUE,TRUE,4,0,5,5,30,1,31,Celebrities_Faces/031_rating.jpg,Michelle Obama,Emma Watson,Halle Berry,Sandra Bullock,Sandra Bullock,,,,,,,,,,,,,,,,,,,,,,,,,,,,,,,,,,,,,,,,,,,,,,,,,,,,,,,,,,,,,,,,,,,,,
,,,,,6a315870746014618def9b04,2026-06-16_10h07.55.180,WP1_3,2025.2.3,Win32,59.88023952,5db4ef4a2986a3000be1f886,6a030b8ba3607712b5d4bf26,,,,,,,,,,,,,,,,,,,,,,,,,,,,,,,,,,,,,,,,,173.9529,179.0007,,,,1,179.0012,182.4506,,,"[""left"",""left"",""right"",""right"",""right"",""right"",""right"",""space""]","[0.9687000000476758,1.2407999999523156,2.04849999999999,2.3313999999761563,2.5467999999522988,2.731399999976162,3.0167999999522976,3.400499999999994]","[null,null,null,null,null,null,null,null]",8,182.4532,187.7332,space,5.2291,,13,Celebrities_Faces/013_rating.jpg,Denzel Washighton,0,Denzel Washighton,0,TRUE,FALSE,4,0,6,6,12,1,13,Celebrities_Faces/013_rating.jpg,Denzel Washighton,Chris Hemsworth,Matt Damon,George W.Bush,Denzel Washighton,,,,,,,,,,,,,,,,,,,,,,,,,,,,,,,,,,,,,,,,,,,,,,,,,,,,,,,,,,,,,,,,,,,,,
,,,,,6a315870746014618def9b04,2026-06-16_10h07.55.180,WP1_3,2025.2.3,Win32,59.88023952,5db4ef4a2986a3000be1f886,6a030b8ba3607712b5d4bf26,,,,,,,,,,,,,,,,,,,,,,,,,,,,,,,,,,,,,,,,,187.7342,190.4991,,,,10,190.4996,192.7658,,,"[""right"",""right"",""right"",""right"",""space""]","[0.8327000000476801,1.0927999999523195,1.3727000000477005,1.684399999976165,2.13279999995234]","[null,null,null,null,null]",9,192.7672,194.949,space,2.0489,,45,Celebrities_Faces/045_rating.jpg,Cameron Diaz,3,Cameron Diaz,3,TRUE,TRUE,5,0,7,7,44,1,45,Celebrities_Faces/045_rating.jpg,Taylor Swift,Natalie Portman,Maria Sharapova,Cameron Diaz,Cameron Diaz,,,,,,,,,,,,,,,,,,,,,,,,,,,,,,,,,,,,,,,,,,,,,,,,,,,,,,,,,,,,,,,,,,,,,
,,,,,6a315870746014618def9b04,2026-06-16_10h07.55.180,WP1_3,2025.2.3,Win32,59.88023952,5db4ef4a2986a3000be1f886,6a030b8ba3607712b5d4bf26,,,,,,,,,,,,,,,,,,,,,,,,,,,,,,,,,,,,,,,,,194.9502,198.8318,,,,7,198.8325,200.3483,,,"[""right"",""space""]","[0.9556000000238782,1.4565000000000055]","[null,null]",6,200.3504,203.3642,space,2.9642,,55,Celebrities_Faces/055_rating.jpg,Charlize Theron,3,Charlize Theron,3,TRUE,TRUE,6,0,8,8,54,1,55,Celebrities_Faces/055_rating.jpg,Natalie Portman,Margot Robbie,Angelina Jolie,Charlize Theron,Charlize Theron,,,,,,,,,,,,,,,,,,,,,,,,,,,,,,,,,,,,,,,,,,,,,,,,,,,,,,,,,,,,,,,,,,,,,
,,,,,6a315870746014618def9b04,2026-06-16_10h07.55.180,WP1_3,2025.2.3,Win32,59.88023952,5db4ef4a2986a3000be1f886,6a030b8ba3607712b5d4bf26,,,,,,,,,,,,,,,,,,,,,,,,,,,,,,,,,,,,,,,,,203.3652,205.5638,,,,8,205.5645,207.5473,,,"[""right"",""right"",""right"",""space""]","[1.0818999999762013,1.361799999952325,1.6656999999285063,1.9297999999523086]","[null,null,null,null]",8,207.5487,210.0469,space,2.4469,,12,Celebrities_Faces/012_rating.jpg,Daniel Radcliffe,3,Daniel Radcliffe,3,TRUE,TRUE,7,0,9,9,11,1,12,Celebrities_Faces/012_rating.jpg,Bruce Willis,Ryan Reynolds,Ewan McGregor,Daniel Radcliffe,Daniel Radcliffe,,,,,,,,,,,,,,,,,,,,,,,,,,,,,,,,,,,,,,,,,,,,,,,,,,,,,,,,,,,,,,,,,,,,,
,,,,,6a315870746014618def9b04,2026-06-16_10h07.55.180,WP1_3,2025.2.3,Win32,59.88023952,5db4ef4a2986a3000be1f886,6a030b8ba3607712b5d4bf26,,,,,,,,,,,,,,,,,,,,,,,,,,,,,,,,,,,,,,,,,210.0476,212.6633,,,,8,212.664,214.4634,,,"[""right"",""right"",""right"",""right"",""space""]","[0.36340000009533924,0.6309000000953802,0.8643000000715233,1.1472000000476896,1.6197000000476578]","[null,null,null,null,null]",9,214.4662,216.7461,space,2.1235,,33,Celebrities_Faces/033_rating.jpg,Simone Biles,1,Simone Biles,1,TRUE,TRUE,8,0,10,10,32,1,33,Celebrities_Faces/033_rating.jpg,Greta Thunberg,Simone Biles,Lindsay Lohan,Anya Taylor-Joy,Simone Biles,,,,,,,,,,,,,,,,,,,,,,,,,,,,,,,,,,,,,,,,,,,,,,,,,,,,,,,,,,,,,,,,,,,,,
,,,,,6a315870746014618def9b04,2026-06-16_10h07.55.180,WP1_3,2025.2.3,Win32,59.88023952,5db4ef4a2986a3000be1f886,6a030b8ba3607712b5d4bf26,,,,,,,,,,,,,,,,,,,,,,,,,,,,,,,,,,,,,,,,,216.7471,220.2291,,,,1,220.23,222.1955,,,"[""right"",""right"",""right"",""left"",""space""]","[0.41080000007150375,0.6349000000953424,0.9469000000953542,1.4829000000953556,1.842999999999961]","[null,null,null,null,null]",7,222.1973,225.1115,space,2.805,,22,Celebrities_Faces/022_rating.jpg,Lebron James,3,Lebron James,3,TRUE,FALSE,8,0,11,11,21,1,22,Celebrities_Faces/022_rating.jpg,George W.Bush,Lionel Messi,Leonardo Di Caprio,Lebron James,Lebron James,,,,,,,,,,,,,,,,,,,,,,,,,,,,,,,,,,,,,,,,,,,,,,,,,,,,,,,,,,,,,,,,,,,,,
,,,,,6a315870746014618def9b04,2026-06-16_10h07.55.180,WP1_3,2025.2.3,Win32,59.88023952,5db4ef4a2986a3000be1f886,6a030b8ba3607712b5d4bf26,,,,,,,,,,,,,,,,,,,,,,,,,,,,,,,,,,,,,,,,,225.1126,227.6615,,,,10,227.662,229.6612,,,"[""right"",""right"",""right"",""right"",""space""]","[0.7980999999046503,1.0592999999523158,1.3437999999522958,1.646299999952305,1.9184999999999945]","[null,null,null,null,null]",9,229.6624,231.3612,space,1.6152,,60,Celebrities_Faces/060_rating.jpg,Anya Taylor-Joy,1,Anya Taylor-Joy,1,TRUE,TRUE,9,0,12,12,59,1,60,Celebrities_Faces/060_rating.jpg,Emma Stone,Anya Taylor-Joy,Michelle Obama,Halle Berry,Anya Taylor-Joy,,,,,,,,,,,,,,,,,,,,,,,,,,,,,,,,,,,,,,,,,,,,,,,,,,,,,,,,,,,,,,,,,,,,,
,,,,,6a315870746014618def9b04,2026-06-16_10h07.55.180,WP1_3,2025.2.3,Win32,59.88023952,5db4ef4a2986a3000be1f886,6a030b8ba3607712b5d4bf26,,,,,,,,,,,,,,,,,,,,,,,,,,,,,,,,,,,,,,,,,231.3621,235.4104,,,,6,235.411,237.5268,,,"[""right"",""right"",""space""]","[1.3836000000238755,1.7284999999999968,1.9676000000238787]","[null,null,null]",7,237.5285,244.2923,space,6.6124,,5,Celebrities_Faces/005_rating.jpg,Lionel Messi,2,Cristiano Ronaldo,0,FALSE,FALSE,9,0,13,13,4,1,5,Celebrities_Faces/005_rating.jpg,Lionel Messi,Matt Damon,Cristiano Ronaldo,Lebron James,Lionel Messi,,,,,,,,,,,,,,,,,,,,,,,,,,,,,,,,,,,,,,,,,,,,,,,,,,,,,,,,,,,,,,,,,,,,,
,,,,,6a315870746014618def9b04,2026-06-16_10h07.55.180,WP1_3,2025.2.3,Win32,59.88023952,5db4ef4a2986a3000be1f886,6a030b8ba3607712b5d4bf26,,,,,,,,,,,,,,,,,,,,,,,,,,,,,,,,,,,,,,,,,244.2933,246.859,,,,10,246.8597,248.7587,,,"[""right"",""right"",""right"",""right"",""space""]","[0.6570999999046307,0.8935000000000173,1.1491999999284985,1.477099999904624,1.7811999999285035]","[null,null,null,null,null]",9,248.7608,249.6916,space,0.817,,10,Celebrities_Faces/010_rating.jpg,Bruce Willis,0,Bruce Willis,0,TRUE,TRUE,10,0,14,14,9,1,10,Celebrities_Faces/010_rating.jpg,Bruce Willis,Arnold Schwarzeneger,George Clooney,Robert De Niro,Bruce Willis,,,,,,,,,,,,,,,,,,,,,,,,,,,,,,,,,,,,,,,,,,,,,,,,,,,,,,,,,,,,,,,,,,,,,
,,,,,6a315870746014618def9b04,2026-06-16_10h07.55.180,WP1_3,2025.2.3,Win32,59.88023952,5db4ef4a2986a3000be1f886,6a030b8ba3607712b5d4bf26,,,,,,,,,,,,,,,,,,,,,,,,,,,,,,,,,,,,,,,,,249.6923,251.6752,,,,6,251.676,253.2415,,,"[""right"",""right"",""space""]","[0.7836999999284444,1.223599999904593,1.5195999999045853]","[null,null,null]",7,253.2429,258.2405,space,4.9483,,21,Celebrities_Faces/021_rating.jpg,Henri Canvill,3,Tom Holland,0,FALSE,FALSE,10,0,15,15,20,1,21,Celebrities_Faces/021_rating.jpg,Henri Canvill,George Clooney,Bradley Cooper,Tom Holland,Henri Canvill,,,,,,,,,,,,,,,,,,,,,,,,,,,,,,,,,,,,,,,,,,,,,,,,,,,,,,,,,,,,,,,,,,,,,
,,,,,6a315870746014618def9b04,2026-06-16_10h07.55.180,WP1_3,2025.2.3,Win32,59.88023952,5db4ef4a2986a3000be1f886,6a030b8ba3607712b5d4bf26,,,,,,,,,,,,,,,,,,,,,,,,,,,,,,,,,,,,,,,,,258.2412,260.2073,,,,10,260.2082,261.6239,,,"[""right"",""right"",""right"",""right"",""space""]","[0.2418999999761695,0.6418999999761468,0.8818999999761559,1.1700999999046644,1.354899999976169]","[null,null,null,null,null]",9,261.6286,263.1569,space,1.4665,,34,Celebrities_Faces/034_rating.jpg,Angelina Jolie,2,Angelina Jolie,2,TRUE,TRUE,11,0,16,16,33,1,34,Celebrities_Faces/034_rating.jpg,Anya Taylor-Joy,Maria Sharapova,Angelina Jolie,Nicole Kidman,Angelina Jolie,,,,,,,,,,,,,,,,,,,,,,,,,,,,,,,,,,,,,,,,,,,,,,,,,,,,,,,,,,,,,,,,,,,,,
,,,,,6a315870746014618def9b04,2026-06-16_10h07.55.180,WP1_3,2025.2.3,Win32,59.88023952,5db4ef4a2986a3000be1f886,6a030b8ba3607712b5d4bf26,,,,,,,,,,,,,,,,,,,,,,,,,,,,,,,,,,,,,,,,,263.1577,264.9733,,,,10,264.974,266.973,,,"[""right"",""right"",""right"",""right"",""right"",""space""]","[0.5492999999523249,0.8367999999523477,1.0771999999284958,1.3250999999046371,1.7091999999285008,1.9251999999284521]","[null,null,null,null,null,null]",10,266.9745,268.723,space,1.6675,,26,Celebrities_Faces/026_rating.jpg,George Clooney,2,George Clooney,2,TRUE,TRUE,12,0,17,17,25,1,26,Celebrities_Faces/026_rating.jpg,Robert De Niro,Ewan McGregor,George Clooney,Daniel Radcliffe,George Clooney,,,,,,,,,,,,,,,,,,,,,,,,,,,,,,,,,,,,,,,,,,,,,,,,,,,,,,,,,,,,,,,,,,,,,
,,,,,6a315870746014618def9b04,2026-06-16_10h07.55.180,WP1_3,2025.2.3,Win32,59.88023952,5db4ef4a2986a3000be1f886,6a030b8ba3607712b5d4bf26,,,,,,,,,,,,,,,,,,,,,,,,,,,,,,,,,,,,,,,,,268.7239,270.6227,,,,10,270.6234,271.3055,,,"[""space""]",[0.6206000000238419],[null],5,271.307,273.2555,space,1.8953,,25,Celebrities_Faces/025_rating.jpg,Robert De Niro,2,Robert De Niro,2,TRUE,TRUE,13,0,18,18,24,1,25,Celebrities_Faces/025_rating.jpg,Bruce Willis,Arnold Schwarzeneger,Robert De Niro,Leonardo Di Caprio,Robert De Niro,,,,,,,,,,,,,,,,,,,,,,,,,,,,,,,,,,,,,,,,,,,,,,,,,,,,,,,,,,,,,,,,,,,,,
,,,,,6a315870746014618def9b04,2026-06-16_10h07.55.180,WP1_3,2025.2.3,Win32,59.88023952,5db4ef4a2986a3000be1f886,6a030b8ba3607712b5d4bf26,,,,,,,,,,,,,,,,,,,,,,,,,,,,,,,,,,,,,,,,,273.2567,275.1387,,,,9,275.1396,277.2717,,,"[""right"",""right"",""right"",""right"",""space""]","[0.7686000000238664,1.0328000000715178,1.288899999976195,1.5925000000000296,2.072899999976187]","[null,null,null,null,null]",9,277.273,278.9551,space,1.6165,,46,Celebrities_Faces/046_rating.jpg,Emma Stone,1,Emma Stone,1,TRUE,TRUE,14,0,19,19,45,1,46,Celebrities_Faces/046_rating.jpg,Halle Berry,Emma Stone,Emma Watson,Taylor Swift,Emma Stone,,,,,,,,,,,,,,,,,,,,,,,,,,,,,,,,,,,,,,,,,,,,,,,,,,,,,,,,,,,,,,,,,,,,,
,,,,,6a315870746014618def9b04,2026-06-16_10h07.55.180,WP1_3,2025.2.3,Win32,59.88023952,5db4ef4a2986a3000be1f886,6a030b8ba3607712b5d4bf26,,,,,,,,,,,,,,,,,,,,,,,,,,,,,,,,,,,,,,,,,278.956,280.8385,,,,10,280.8401,282.621,,,"[""right"",""right"",""right"",""right"",""space""]","[0.7487999999523254,1.0211000000238641,1.2486000000238846,1.4531999999284722,1.733000000000004]","[null,null,null,null,null]",9,282.6232,284.8371,space,2.1779,,39,Celebrities_Faces/039_rating.jpg,Scarlett Johansson,1,Scarlett Johansson,1,TRUE,TRUE,15,0,20,20,38,1,39,Celebrities_Faces/039_rating.jpg,Simone Biles,Scarlett Johansson,Gal Gadot,Hillary Clinton,Scarlett Johansson,,,,,,,,,,,,,,,,,,,,,,,,,,,,,,,,,,,,,,,,,,,,,,,,,,,,,,,,,,,,,,,,,,,,,
,,,,,6a315870746014618def9b04,2026-06-16_10h07.55.180,WP1_3,2025.2.3,Win32,59.88023952,5db4ef4a2986a3000be1f886,6a030b8ba3607712b5d4bf26,,,,,,,,,,,,,,,,,,,,,,,,,,,,,,,,,,,,,,,,,284.8379,287.4537,,,,9,287.4544,289.3869,,,"[""right"",""right"",""right"",""right"",""right"",""space""]","[0.31929999995230673,0.5783999999761136,0.7992999999522681,1.0713999999761086,1.4312000000476814,1.8452999999522604]","[null,null,null,null,null,null]",10,289.3892,291.6201,space,2.1456,,57,Celebrities_Faces/057_rating.jpg,Serena Williams,2,Serena Williams,2,TRUE,TRUE,16,0,21,21,56,1,57,Celebrities_Faces/057_rating.jpg,Olivia Rodrigo,Charlize Theron,Serena Williams,Greta Thunberg,Serena Williams,,,,,,,,,,,,,,,,,,,,,,,,,,,,,,,,,,,,,,,,,,,,,,,,,,,,,,,,,,,,,,,,,,,,,
,,,,,6a315870746014618def9b04,2026-06-16_10h07.55.180,WP1_3,2025.2.3,Win32,59.88023952,5db4ef4a2986a3000be1f886,6a030b8ba3607712b5d4bf26,,,,,,,,,,,,,,,,,,,,,,,,,,,,,,,,,,,,,,,,,291.6212,293.5861,,,,10,293.5865,295.0695,,,"[""right"",""right"",""right"",""right"",""space""]","[0.1875,0.7236000000238505,0.9637999999523004,1.2361000000238391,1.4113999999761404]","[null,null,null,null,null]",9,295.0709,296.7525,space,1.6012,,1,Celebrities_Faces/001_rating.jpg,Leonardo Di Caprio,2,Leonardo Di Caprio,2,TRUE,TRUE,17,0,22,22,0,1,1,Celebrities_Faces/001_rating.jpg,Ben Affleck,Daniel Craig,Leonardo Di Caprio,Roger Federer,Leonardo Di Caprio,,,,,,,,,,,,,,,,,,,,,,,,,,,,,,,,,,,,,,,,,,,,,,,,,,,,,,,,,,,,,,,,,,,,,
,,,,,6a315870746014618def9b04,2026-06-16_10h07.55.180,WP1_3,2025.2.3,Win32,59.88023952,5db4ef4a2986a3000be1f886,6a030b8ba3607712b5d4bf26,,,,,,,,,,,,,,,,,,,,,,,,,,,,,,,,,,,,,,,,,296.7535,299.6351,,,,2,299.6356,300.985,,,"[""right"",""space""]","[0.9422000000477055,1.2978999999761527]","[null,null]",6,300.9868,303.6849,space,2.6517,,43,Celebrities_Faces/043_rating.jpg,Maria Sharapova,3,Maria Sharapova,3,TRUE,FALSE,17,0,23,23,42,1,43,Celebrities_Faces/043_rating.jpg,Michelle Obama,Taylor Swift,Greta Thunberg,Maria Sharapova,Maria Sharapova,,,,,,,,,,,,,,,,,,,,,,,,,,,,,,,,,,,,,,,,,,,,,,,,,,,,,,,,,,,,,,,,,,,,,
,,,,,6a315870746014618def9b04,2026-06-16_10h07.55.180,WP1_3,2025.2.3,Win32,59.88023952,5db4ef4a2986a3000be1f886,6a030b8ba3607712b5d4bf26,,,,,,,,,,,,,,,,,,,,,,,,,,,,,,,,,,,,,,,,,303.6859,306.1679,,,,10,306.1688,308.9511,,,"[""left"",""left"",""left"",""left"",""space""]","[1.4174999999999613,1.7373000000715138,2.057300000071507,2.4014999999999986,2.7311000000238437]","[null,null,null,null,null]",1,308.953,310.7843,space,1.7782,,6,Celebrities_Faces/006_rating.jpg,Arnold Schwarzeneger,0,Arnold Schwarzeneger,0,TRUE,TRUE,18,0,24,24,5,1,6,Celebrities_Faces/006_rating.jpg,Arnold Schwarzeneger,Dwayne Johnson,Tom Cruise,Ryan Reynolds,Arnold Schwarzeneger,,,,,,,,,,,,,,,,,,,,,,,,,,,,,,,,,,,,,,,,,,,,,,,,,,,,,,,,,,,,,,,,,,,,,
,,,,,6a315870746014618def9b04,2026-06-16_10h07.55.180,WP1_3,2025.2.3,Win32,59.88023952,5db4ef4a2986a3000be1f886,6a030b8ba3607712b5d4bf26,,,,,,,,,,,,,,,,,,,,,,,,,,,,,,,,,,,,,,,,,310.7852,313.0006,,,,7,313.0014,314.4003,,,"[""right"",""right"",""space""]","[0.819100000023866,1.1017000000476855,1.367600000023856]","[null,null,null]",7,314.4023,316.6832,space,2.2623,,53,Celebrities_Faces/053_rating.jpg,Keira Knightley,3,Keira Knightley,3,TRUE,TRUE,19,0,25,25,52,1,53,Celebrities_Faces/053_rating.jpg,Anne Hathaway,Emma Stone,Olivia Rodrigo,Keira Knightley,Keira Knightley,,,,,,,,,,,,,,,,,,,,,,,,,,,,,,,,,,,,,,,,,,,,,,,,,,,,,,,,,,,,,,,,,,,,,
,,,,,6a315870746014618def9b04,2026-06-16_10h07.55.180,WP1_3,2025.2.3,Win32,59.88023952,5db4ef4a2986a3000be1f886,6a030b8ba3607712b5d4bf26,,,,,,,,,,,,,,,,,,,,,,,,,,,,,,,,,,,,,,,,,316.6843,318.6497,,,,10,318.6506,320.3829,,,"[""right"",""right"",""right"",""space""]","[0.6163999999761813,0.857899999976155,1.1757999999523463,1.6416000000238569]","[null,null,null,null]",8,320.3851,322.0328,space,1.5581,,8,Celebrities_Faces/008_rating.jpg,Brad Pitt,3,Brad Pitt,3,TRUE,TRUE,20,0,26,26,7,1,8,Celebrities_Faces/008_rating.jpg,Cristiano Ronaldo,Daniel Craig,Lionel Messi,Brad Pitt,Brad Pitt,,,,,,,,,,,,,,,,,,,,,,,,,,,,,,,,,,,,,,,,,,,,,,,,,,,,,,,,,,,,,,,,,,,,,
,,,,,6a315870746014618def9b04,2026-06-16_10h07.55.180,WP1_3,2025.2.3,Win32,59.88023952,5db4ef4a2986a3000be1f886,6a030b8ba3607712b5d4bf26,,,,,,,,,,,,,,,,,,,,,,,,,,,,,,,,,,,,,,,,,322.034,324.5321,,,,8,324.5325,326.1156,,,"[""right"",""right"",""space""]","[0.6846000000238632,1.200200000047687,1.4683999999761568]","[null,null,null]",7,326.1169,329.4482,space,3.2221,,35,Celebrities_Faces/035_rating.jpg,Lindsay Lohan,3,Lindsay Lohan,3,TRUE,TRUE,21,0,27,27,34,1,35,Celebrities_Faces/035_rating.jpg,Anya Taylor-Joy,Millie Bobby Brown,Keira Knightley,Lindsay Lohan,Lindsay Lohan,,,,,,,,,,,,,,,,,,,,,,,,,,,,,,,,,,,,,,,,,,,,,,,,,,,,,,,,,,,,,,,,,,,,,
,,,,,6a315870746014618def9b04,2026-06-16_10h07.55.180,WP1_3,2025.2.3,Win32,59.88023952,5db4ef4a2986a3000be1f886,6a030b8ba3607712b5d4bf26,,,,,,,,,,,,,,,,,,,,,,,,,,,,,,,,,,,,,,,,,329.4491,332.1148,,,,3,332.1157,333.1315,,,"[""right"",""space""]","[0.5216999999285008,0.982600000023865]","[null,null]",6,333.1345,336.5639,space,3.3997,,4,Celebrities_Faces/004_rating.jpg,Cristiano Ronaldo,3,Cristiano Ronaldo,3,TRUE,FALSE,21,0,28,28,3,1,4,Celebrities_Faces/004_rating.jpg,Matt Damon,Robert De Niro,Denzel Washighton,Cristiano Ronaldo,Cristiano Ronaldo,,,,,,,,,,,,,,,,,,,,,,,,,,,,,,,,,,,,,,,,,,,,,,,,,,,,,,,,,,,,,,,,,,,,,
,,,,,6a315870746014618def9b04,2026-06-16_10h07.55.180,WP1_3,2025.2.3,Win32,59.88023952,5db4ef4a2986a3000be1f886,6a030b8ba3607712b5d4bf26,,,,,,,,,,,,,,,,,,,,,,,,,,,,,,,,,,,,,,,,,336.5644,338.7807,,,,10,338.7811,340.7136,,,"[""right"",""right"",""right"",""right"",""space""]","[0.5801000000238332,0.8967999999522931,1.3727999999522922,1.6527999999523217,1.8967000000477015]","[null,null,null,null,null]",9,340.7159,341.8966,space,1.1532,,19,Celebrities_Faces/019_rating.jpg,Nicolas Cage,0,Nicolas Cage,0,TRUE,TRUE,22,0,29,29,18,1,19,Celebrities_Faces/019_rating.jpg,Nicolas Cage,George W.Bush,Cristiano Ronaldo,Bradley Cooper,Nicolas Cage,,,,,,,,,,,,,,,,,,,,,,,,,,,,,,,,,,,,,,,,,,,,,,,,,,,,,,,,,,,,,,,,,,,,,
,,,,,6a315870746014618def9b04,2026-06-16_10h07.55.180,WP1_3,2025.2.3,Win32,59.88023952,5db4ef4a2986a3000be1f886,6a030b8ba3607712b5d4bf26,,,,,,,,,,,,,,,,,,,,,,,,,,,,,,,,,,,,,,,,,341.8973,344.6465,,,,10,344.6474,346.5793,,,"[""right"",""right"",""right"",""right"",""space""]","[0.5905999999046685,0.8464999999999918,1.0946999999284799,1.3986999999285104,1.7827999999523172]","[null,null,null,null,null]",9,346.581,348.0128,space,1.2654,,37,Celebrities_Faces/037_rating.jpg,Natalie Portman,1,Natalie Portman,1,TRUE,TRUE,23,0,30,30,36,1,37,Celebrities_Faces/037_rating.jpg,Lady Gaga,Natalie Portman,Hillary Clinton,Michelle Obama,Natalie Portman,,,,,,,,,,,,,,,,,,,,,,,,,,,,,,,,,,,,,,,,,,,,,,,,,,,,,,,,,,,,,,,,,,,,,
,,,,,6a315870746014618def9b04,2026-06-16_10h07.55.180,WP1_3,2025.2.3,Win32,59.88023952,5db4ef4a2986a3000be1f886,6a030b8ba3607712b5d4bf26,,,,,,,,,,,,,,,,,,,,,,,,,,,,,,,,,,,,,,,,,348.014,350.3791,,,,10,350.3799,352.7953,,,"[""left"",""left"",""left"",""left"",""left"",""space""]","[0.893900000095357,1.143900000095357,1.4266000000238819,1.7200000000000273,2.0160000000000196,2.3119000000953633]","[null,null,null,null,null,null]",0,352.7972,353.8125,space,0.9209,,30,Celebrities_Faces/030_rating.jpg,Tom Cruise,0,Tom Cruise,0,TRUE,TRUE,24,0,31,31,29,1,30,Celebrities_Faces/030_rating.jpg,Tom Cruise,Lionel Messi,Chris Evans,Bruce Willis,Tom Cruise,,,,,,,,,,,,,,,,,,,,,,,,,,,,,,,,,,,,,,,,,,,,,,,,,,,,,,,,,,,,,,,,,,,,,
,,,,,6a315870746014618def9b04,2026-06-16_10h07.55.180,WP1_3,2025.2.3,Win32,59.88023952,5db4ef4a2986a3000be1f886,6a030b8ba3607712b5d4bf26,,,,,,,,,,,,,,,,,,,,,,,,,,,,,,,,,,,,,,,,,353.8145,356.3784,,,,10,356.3794,358.2115,,,"[""right"",""space""]","[1.05600000000004,1.7909999999999968]","[null,null]",6,358.2131,359.9612,space,1.7128,,42,Celebrities_Faces/042_rating.jpg,Greta Thunberg,3,Greta Thunberg,3,TRUE,TRUE,25,0,32,32,41,1,42,Celebrities_Faces/042_rating.jpg,Simone Biles,Michelle Obama,Anne Hathaway,Greta Thunberg,Greta Thunberg,,,,,,,,,,,,,,,,,,,,,,,,,,,,,,,,,,,,,,,,,,,,,,,,,,,,,,,,,,,,,,,,,,,,,
,,,,,6a315870746014618def9b04,2026-06-16_10h07.55.180,WP1_3,2025.2.3,Win32,59.88023952,5db4ef4a2986a3000be1f886,6a030b8ba3607712b5d4bf26,,,,,,,,,,,,,,,,,,,,,,,,,,,,,,,,,,,,,,,,,359.9618,362.5109,,,,10,362.5118,364.6605,,,"[""right"",""right"",""right"",""right"",""right"",""space""]","[0.6886000000238255,0.9387999999523231,1.2041000000238569,1.4562999999523072,1.8082999999523395,2.080299999952331]","[null,null,null,null,null,null]",10,364.6622,365.8106,space,1.0698,,54,Celebrities_Faces/054_rating.jpg,Julia Roberts,0,Julia Roberts,0,TRUE,TRUE,26,0,33,33,53,1,54,Celebrities_Faces/054_rating.jpg,Julia Roberts,Anne Hathaway,Olivia Rodrigo,Simone Biles,Julia Roberts,,,,,,,,,,,,,,,,,,,,,,,,,,,,,,,,,,,,,,,,,,,,,,,,,,,,,,,,,,,,,,,,,,,,,
,,,,,6a315870746014618def9b04,2026-06-16_10h07.55.180,WP1_3,2025.2.3,Win32,59.88023952,5db4ef4a2986a3000be1f886,6a030b8ba3607712b5d4bf26,,,,,,,,,,,,,,,,,,,,,,,,,,,,,,,,,,,,,,,,,365.8117,367.5769,,,,10,367.578,369.3434,,,"[""right"",""right"",""right"",""right"",""space""]","[0.7400000000000091,1.0001000000238491,1.2191999999284349,1.459299999952293,1.739399999976115]","[null,null,null,null,null]",9,369.3457,370.5598,space,1.1913,,20,Celebrities_Faces/020_rating.jpg,Matt Damon,1,Matt Damon,1,TRUE,TRUE,27,0,34,34,19,1,20,Celebrities_Faces/020_rating.jpg,Tom Cruise,Matt Damon,Chris Evans,Brad Pitt,Matt Damon,,,,,,,,,,,,,,,,,,,,,,,,,,,,,,,,,,,,,,,,,,,,,,,,,,,,,,,,,,,,,,,,,,,,,
,,,,,6a315870746014618def9b04,2026-06-16_10h07.55.180,WP1_3,2025.2.3,Win32,59.88023952,5db4ef4a2986a3000be1f886,6a030b8ba3607712b5d4bf26,,,,,,,,,,,,,,,,,,,,,,,,,,,,,,,,,,,,,,,,,370.5608,372.3262,,,,10,372.327,375.9092,,,"[""left"",""left"",""left"",""left"",""left"",""space""]","[1.9656000000238691,2.234800000071516,2.5321000000238314,2.850100000023872,3.147900000095376,3.4985000000000355]","[null,null,null,null,null,null]",0,375.9106,377.9089,space,1.9124,,2,Celebrities_Faces/002_rating.jpg,George W.Bush,3,George W.Bush,3,TRUE,TRUE,28,0,35,35,1,1,2,Celebrities_Faces/002_rating.jpg,Henri Canvill,Chris Evans,Tom Holland,George W.Bush,George W.Bush,,,,,,,,,,,,,,,,,,,,,,,,,,,,,,,,,,,,,,,,,,,,,,,,,,,,,,,,,,,,,,,,,,,,,
,,,,,6a315870746014618def9b04,2026-06-16_10h07.55.180,WP1_3,2025.2.3,Win32,59.88023952,5db4ef4a2986a3000be1f886,6a030b8ba3607712b5d4bf26,,,,,,,,,,,,,,,,,,,,,,,,,,,,,,,,,,,,,,,,,377.9099,380.0254,,,,10,380.0264,381.7752,,,"[""right"",""right"",""right"",""right"",""space""]","[0.39970000004768735,0.8160000000000309,1.1310000000000286,1.4155000000000086,1.6973999999761986]","[null,null,null,null,null]",9,381.7765,383.0417,space,1.2243,,17,Celebrities_Faces/017_rating.jpg,Hugh Jackman,1,Hugh Jackman,1,TRUE,TRUE,29,0,36,36,16,1,17,Celebrities_Faces/017_rating.jpg,Keanu Reeves,Hugh Jackman,Ewan McGregor,Tom Cruise,Hugh Jackman,,,,,,,,,,,,,,,,,,,,,,,,,,,,,,,,,,,,,,,,,,,,,,,,,,,,,,,,,,,,,,,,,,,,,
,,,,,6a315870746014618def9b04,2026-06-16_10h07.55.180,WP1_3,2025.2.3,Win32,59.88023952,5db4ef4a2986a3000be1f886,6a030b8ba3607712b5d4bf26,,,,,,,,,,,,,,,,,,,,,,,,,,,,,,,,,,,,,,,,,383.0428,384.9749,,,,9,384.9758,386.6575,,,"[""right"",""right"",""right"",""right"",""space""]","[0.5203999999761777,0.7797999999523313,1.011799999952359,1.2918999999761809,1.535399999976164]","[null,null,null,null,null]",9,386.6592,394.9404,space,8.1318,,3,Celebrities_Faces/003_rating.jpg,Roger Federer,2,Roger Federer,2,TRUE,TRUE,30,0,37,37,2,1,3,Celebrities_Faces/003_rating.jpg,Dwayne Johnson,Keanu Reeves,Roger Federer,Ben Affleck,Roger Federer,,,,,,,,,,,,,,,,,,,,,,,,,,,,,,,,,,,,,,,,,,,,,,,,,,,,,,,,,,,,,,,,,,,,,
,,,,,6a315870746014618def9b04,2026-06-16_10h07.55.180,WP1_3,2025.2.3,Win32,59.88023952,5db4ef4a2986a3000be1f886,6a030b8ba3607712b5d4bf26,,,,,,,,,,,,,,,,,,,,,,,,,,,,,,,,,,,,,,,,,394.9411,396.8564,,,,10,396.8571,398.356,,,"[""right"",""right"",""right"",""right"",""space""]","[0.49019999992844987,0.7658999999761704,0.98599999999999,1.2420000000000186,1.4341999999284667]","[null,null,null,null,null]",9,398.3574,400.1228,space,1.7016,,38,Celebrities_Faces/038_rating.jpg,Taylor Swift,3,Taylor Swift,3,TRUE,TRUE,31,0,38,38,37,1,38,Celebrities_Faces/038_rating.jpg,Keira Knightley,Scarlett Johansson,Margot Robbie,Taylor Swift,Taylor Swift,,,,,,,,,,,,,,,,,,,,,,,,,,,,,,,,,,,,,,,,,,,,,,,,,,,,,,,,,,,,,,,,,,,,,
,,,,,6a315870746014618def9b04,2026-06-16_10h07.55.180,WP1_3,2025.2.3,Win32,59.88023952,5db4ef4a2986a3000be1f886,6a030b8ba3607712b5d4bf26,,,,,,,,,,,,,,,,,,,,,,,,,,,,,,,,,,,,,,,,,400.124,402.0392,,,,10,402.04,403.6555,,,"[""right"",""right"",""right"",""right"",""space""]","[0.3592000000476787,0.7668999999761468,1.0096000000238519,1.2945000000000277,1.5918999999761354]","[null,null,null,null,null]",9,403.6576,404.5552,space,0.8811,,56,Celebrities_Faces/056_rating.jpg,Reese Witherspoon,0,Reese Witherspoon,0,TRUE,TRUE,32,0,39,39,55,1,56,Celebrities_Faces/056_rating.jpg,Reese Witherspoon,Sandra Bullock,Nicole Kidman,Halle Berry,Reese Witherspoon,,,,,,,,,,,,,,,,,,,,,,,,,,,,,,,,,,,,,,,,,,,,,,,,,,,,,,,,,,,,,,,,,,,,,
,,,,,6a315870746014618def9b04,2026-06-16_10h07.55.180,WP1_3,2025.2.3,Win32,59.88023952,5db4ef4a2986a3000be1f886,6a030b8ba3607712b5d4bf26,,,,,,,,,,,,,,,,,,,,,,,,,,,,,,,,,,,,,,,,,404.556,406.3552,,,,7,406.3555,408.2217,,,"[""space""]",[1.8398999999761259],[null],5,408.2235,410.6214,space,2.3806,,36,Celebrities_Faces/036_rating.jpg,Lady Gaga,3,Lady Gaga,3,TRUE,TRUE,33,0,40,40,35,1,36,Celebrities_Faces/036_rating.jpg,Serena Williams,Emma Stone,Julia Roberts,Lady Gaga,Lady Gaga,,,,,,,,,,,,,,,,,,,,,,,,,,,,,,,,,,,,,,,,,,,,,,,,,,,,,,,,,,,,,,,,,,,,,
,,,,,6a315870746014618def9b04,2026-06-16_10h07.55.180,WP1_3,2025.2.3,Win32,59.88023952,5db4ef4a2986a3000be1f886,6a030b8ba3607712b5d4bf26,,,,,,,,,,,,,,,,,,,,,,,,,,,,,,,,,,,,,,,,,410.6225,415.5871,,,,5,415.5879,417.387,,,"[""right"",""right"",""space""]","[1.063399999976184,1.351799999952334,1.7033999999761704]","[null,null,null]",7,417.3883,424.2363,space,6.7599,,50,Celebrities_Faces/050_rating.jpg,Millie Bobby Brown,2,Millie Bobby Brown,2,TRUE,FALSE,33,0,41,41,49,1,50,Celebrities_Faces/050_rating.jpg,Taylor Swift,Cameron Diaz,Millie Bobby Brown,Michelle Obama,Millie Bobby Brown,,,,,,,,,,,,,,,,,,,,,,,,,,,,,,,,,,,,,,,,,,,,,,,,,,,,,,,,,,,,,,,,,,,,,
,,,,,6a315870746014618def9b04,2026-06-16_10h07.55.180,WP1_3,2025.2.3,Win32,59.88023952,5db4ef4a2986a3000be1f886,6a030b8ba3607712b5d4bf26,,,,,,,,,,,,,,,,,,,,,,,,,,,,,,,,,,,,,,,,,424.2371,426.6028,,,,10,426.6036,427.9356,,,"[""right"",""right"",""right"",""right"",""right"",""space""]","[0.1671999999284708,0.42500000000001137,0.6312999999523186,0.8245000000000005,1.0792999999522976,1.2581000000238305]","[null,null,null,null,null,null]",10,427.9374,430.1354,space,2.1335,,59,Celebrities_Faces/059_rating.jpg,Michelle Obama,0,Michelle Obama,0,TRUE,TRUE,34,0,42,42,58,1,59,Celebrities_Faces/059_rating.jpg,Michelle Obama,Emma Watson,Millie Bobby Brown,Margot Robbie,Michelle Obama,,,,,,,,,,,,,,,,,,,,,,,,,,,,,,,,,,,,,,,,,,,,,,,,,,,,,,,,,,,,,,,,,,,,,
,,,,,6a315870746014618def9b04,2026-06-16_10h07.55.180,WP1_3,2025.2.3,Win32,59.88023952,5db4ef4a2986a3000be1f886,6a030b8ba3607712b5d4bf26,,,,,,,,,,,,,,,,,,,,,,,,,,,,,,,,,,,,,,,,,430.1366,432.0186,,,,10,432.0194,435.6183,,,"[""right"",""right"",""left"",""left"",""left"",""left"",""left"",""space""]","[0.7647999999522881,0.9911999999284831,1.6151999999284499,1.8808999999761795,2.1648999999761713,2.513899999976161,2.90329999995231,3.546799999952327]","[null,null,null,null,null,null,null,null]",2,435.6206,437.4015,space,1.7295,,27,Celebrities_Faces/027_rating.jpg,Keanu Reeves,0,Keanu Reeves,0,TRUE,TRUE,35,0,43,43,26,1,27,Celebrities_Faces/027_rating.jpg,Keanu Reeves,Dwayne Johnson,Bradley Cooper,Daniel Radcliffe,Keanu Reeves,,,,,,,,,,,,,,,,,,,,,,,,,,,,,,,,,,,,,,,,,,,,,,,,,,,,,,,,,,,,,,,,,,,,,
,,,,,6a315870746014618def9b04,2026-06-16_10h07.55.180,WP1_3,2025.2.3,Win32,59.88023952,5db4ef4a2986a3000be1f886,6a030b8ba3607712b5d4bf26,,,,,,,,,,,,,,,,,,,,,,,,,,,,,,,,,,,,,,,,,437.4028,439.6011,,,,10,439.6019,440.8008,,,"[""right"",""right"",""right"",""right"",""space""]","[0.14489999997613268,0.40539999997611176,0.6053999999761572,0.9289999999999736,1.1291000000238114]","[null,null,null,null,null]",9,440.8024,441.8177,space,0.945,,28,Celebrities_Faces/028_rating.jpg,Dwayne Johnson,0,Dwayne Johnson,0,TRUE,TRUE,36,0,44,44,27,1,28,Celebrities_Faces/028_rating.jpg,Dwayne Johnson,Ryan Reynolds,Bradley Cooper,Lionel Messi,Dwayne Johnson,,,,,,,,,,,,,,,,,,,,,,,,,,,,,,,,,,,,,,,,,,,,,,,,,,,,,,,,,,,,,,,,,,,,,
,,,,,6a315870746014618def9b04,2026-06-16_10h07.55.180,WP1_3,2025.2.3,Win32,59.88023952,5db4ef4a2986a3000be1f886,6a030b8ba3607712b5d4bf26,,,,,,,,,,,,,,,,,,,,,,,,,,,,,,,,,,,,,,,,,441.8192,444.6838,,,,10,444.6846,447.0668,,,"[""left"",""left"",""left"",""left"",""left"",""space""]","[0.26960000002384277,0.717700000047671,0.9929000000953465,1.30210000002387,1.933499999999981,2.243900000095323]","[null,null,null,null,null,null]",0,447.0687,449.6332,space,2.4311,,24,Celebrities_Faces/024_rating.jpg,Ryan Reynolds,3,Ryan Reynolds,3,TRUE,TRUE,37,0,45,45,23,1,24,Celebrities_Faces/024_rating.jpg,Roger Federer,Denzel Washighton,Tom Holland,Ryan Reynolds,Ryan Reynolds,,,,,,,,,,,,,,,,,,,,,,,,,,,,,,,,,,,,,,,,,,,,,,,,,,,,,,,,,,,,,,,,,,,,,
,,,,,6a315870746014618def9b04,2026-06-16_10h07.55.180,WP1_3,2025.2.3,Win32,59.88023952,5db4ef4a2986a3000be1f886,6a030b8ba3607712b5d4bf26,,,,,,,,,,,,,,,,,,,,,,,,,,,,,,,,,,,,,,,,,449.6343,452.1494,,,,10,452.1502,453.6993,,,"[""right"",""right"",""right"",""space""]","[0.5234000000954211,0.8153000000714883,1.0753000000714792,1.4352000000476437]","[null,null,null,null]",8,453.7012,455.6491,space,1.8297,,9,Celebrities_Faces/009_rating.jpg,Bradley Cooper,2,Bradley Cooper,2,TRUE,TRUE,38,0,46,46,8,1,9,Celebrities_Faces/009_rating.jpg,Chris Hemsworth,Tom Cruise,Bradley Cooper,Lebron James,Bradley Cooper,,,,,,,,,,,,,,,,,,,,,,,,,,,,,,,,,,,,,,,,,,,,,,,,,,,,,,,,,,,,,,,,,,,,,
,,,,,6a315870746014618def9b04,2026-06-16_10h07.55.180,WP1_3,2025.2.3,Win32,59.88023952,5db4ef4a2986a3000be1f886,6a030b8ba3607712b5d4bf26,,,,,,,,,,,,,,,,,,,,,,,,,,,,,,,,,,,,,,,,,455.6502,458.6321,,,,1,458.6328,459.632,,,"[""space""]",[0.8759999999999764],[null],5,459.6338,463.648,space,3.8973,,29,Celebrities_Faces/029_rating.jpg,Tom Holland,0,Tom Holland,0,TRUE,FALSE,38,0,47,47,28,1,29,Celebrities_Faces/029_rating.jpg,Tom Holland,Bradley Cooper,Dwayne Johnson,George W.Bush,Tom Holland,,,,,,,,,,,,,,,,,,,,,,,,,,,,,,,,,,,,,,,,,,,,,,,,,,,,,,,,,,,,,,,,,,,,,
,,,,,6a315870746014618def9b04,2026-06-16_10h07.55.180,WP1_3,2025.2.3,Win32,59.88023952,5db4ef4a2986a3000be1f886,6a030b8ba3607712b5d4bf26,,,,,,,,,,,,,,,,,,,,,,,,,,,,,,,,,,,,,,,,,463.6488,466.781,,,,9,466.7814,468.9973,,,"[""right"",""right"",""right"",""space""]","[1.2237999999523481,1.4933999999761909,1.8410000000000082,2.1741000000238273]","[null,null,null,null]",8,468.9988,471.2468,space,2.2125,,15,Celebrities_Faces/015_rating.jpg,Harrison Ford,2,Harrison Ford,2,TRUE,TRUE,39,0,48,48,14,1,15,Celebrities_Faces/015_rating.jpg,Lionel Messi,Daniel Radcliffe,Harrison Ford,Brad Pitt,Harrison Ford,,,,,,,,,,,,,,,,,,,,,,,,,,,,,,,,,,,,,,,,,,,,,,,,,,,,,,,,,,,,,,,,,,,,,
,,,,,6a315870746014618def9b04,2026-06-16_10h07.55.180,WP1_3,2025.2.3,Win32,59.88023952,5db4ef4a2986a3000be1f886,6a030b8ba3607712b5d4bf26,,,,,,,,,,,,,,,,,,,,,,,,,,,,,,,,,,,,,,,,,471.2479,473.5829,,,,10,473.5834,475.3796,,,"[""left"",""left"",""left"",""left"",""space""]","[0.38410000002375,0.67220000004761,0.9041000000238455,1.4337000000476792,1.7603000000714246]","[null,null,null,null,null]",1,475.3813,476.4798,space,1.0555,,7,Celebrities_Faces/007_rating.jpg,Ben Affleck,0,Ben Affleck,0,TRUE,TRUE,40,0,49,49,6,1,7,Celebrities_Faces/007_rating.jpg,Ben Affleck,Nicolas Cage,Henri Canvill,Leonardo Di Caprio,Ben Affleck,,,,,,,,,,,,,,,,,,,,,,,,,,,,,,,,,,,,,,,,,,,,,,,,,,,,,,,,,,,,,,,,,,,,,
,,,,,6a315870746014618def9b04,2026-06-16_10h07.55.180,WP1_3,2025.2.3,Win32,59.88023952,5db4ef4a2986a3000be1f886,6a030b8ba3607712b5d4bf26,,,,,,,,,,,,,,,,,,,,,,,,,,,,,,,,,,,,,,,,,476.4807,479.6626,,,,6,479.6634,482.5454,,,"[""left"",""space""]","[2.2773000000714774,2.7208999999761545]","[null,null]",4,482.5466,487.3446,space,4.6147,,18,Celebrities_Faces/018_rating.jpg,Chris Hemsworth,0,Chris Hemsworth,0,TRUE,FALSE,40,0,50,50,17,1,18,Celebrities_Faces/018_rating.jpg,Chris Hemsworth,Leonardo Di Caprio,Nicolas Cage,Tom Cruise,Chris Hemsworth,,,,,,,,,,,,,,,,,,,,,,,,,,,,,,,,,,,,,,,,,,,,,,,,,,,,,,,,,,,,,,,,,,,,,
,,,,,6a315870746014618def9b04,2026-06-16_10h07.55.180,WP1_3,2025.2.3,Win32,59.88023952,5db4ef4a2986a3000be1f886,6a030b8ba3607712b5d4bf26,,,,,,,,,,,,,,,,,,,,,,,,,,,,,,,,,,,,,,,,,487.3454,489.9944,,,,9,489.9949,492.5277,,,"[""left"",""left"",""space""]","[1.6733999999761409,2.0477999999523036,2.4958999999761318]","[null,null,null]",3,492.5291,494.7942,space,2.2245,,23,Celebrities_Faces/023_rating.jpg,Ryan Gosling,2,Ryan Gosling,2,TRUE,TRUE,41,0,51,51,22,1,23,Celebrities_Faces/023_rating.jpg,Brad Pitt,Cristiano Ronaldo,Ryan Gosling,Tom Holland,Ryan Gosling,,,,,,,,,,,,,,,,,,,,,,,,,,,,,,,,,,,,,,,,,,,,,,,,,,,,,,,,,,,,,,,,,,,,,
,,,,,6a315870746014618def9b04,2026-06-16_10h07.55.180,WP1_3,2025.2.3,Win32,59.88023952,5db4ef4a2986a3000be1f886,6a030b8ba3607712b5d4bf26,,,,,,,,,,,,,,,,,,,,,,,,,,,,,,,,,,,,,,,,,494.795,498.3603,,,,10,498.361,500.5433,,,"[""right"",""right"",""right"",""right"",""space""]","[0.8161999999284717,1.0561999999284808,1.300199999928509,1.6241999999284644,2.056199999928481]","[null,null,null,null,null]",9,500.5448,501.81,space,1.1352,,32,Celebrities_Faces/032_rating.jpg,Anne Hathaway,1,Anne Hathaway,1,TRUE,TRUE,42,0,52,52,31,1,32,Celebrities_Faces/032_rating.jpg,Charlize Theron,Anne Hathaway,Gal Gadot,Millie Bobby Brown,Anne Hathaway,,,,,,,,,,,,,,,,,,,,,,,,,,,,,,,,,,,,,,,,,,,,,,,,,,,,,,,,,,,,,,,,,,,,,
,,,,,6a315870746014618def9b04,2026-06-16_10h07.55.180,WP1_3,2025.2.3,Win32,59.88023952,5db4ef4a2986a3000be1f886,6a030b8ba3607712b5d4bf26,,,,,,,,,,,,,,,,,,,,,,,,,,,,,,,,,,,,,,,,,501.8114,503.7261,,,,9,503.7266,505.4262,,,"[""left"",""space""]","[1.0567000000476128,1.568300000071531]","[null,null]",4,505.4277,506.859,space,1.3077,,48,Celebrities_Faces/048_rating.jpg,Jennifer Lawrence,0,Jennifer Lawrence,0,TRUE,TRUE,43,0,53,53,47,1,48,Celebrities_Faces/048_rating.jpg,Jennifer Lawrence,Lady Gaga,Anne Hathaway,Emma Stone,Jennifer Lawrence,,,,,,,,,,,,,,,,,,,,,,,,,,,,,,,,,,,,,,,,,,,,,,,,,,,,,,,,,,,,,,,,,,,,,
,,,,,6a315870746014618def9b04,2026-06-16_10h07.55.180,WP1_3,2025.2.3,Win32,59.88023952,5db4ef4a2986a3000be1f886,6a030b8ba3607712b5d4bf26,,,,,,,,,,,,,,,,,,,,,,,,,,,,,,,,,,,,,,,,,506.8597,509.0422,,,,5,509.0428,510.5087,,,"[""left"",""right"",""space""]","[0.5892000000476401,1.0614000000953183,1.4373000000714455]","[null,null,null]",5,510.5112,513.8583,space,3.3214,,49,Celebrities_Faces/049_rating.jpg,Olivia Rodrigo,0,Olivia Rodrigo,0,TRUE,FALSE,43,0,54,54,48,1,49,Celebrities_Faces/049_rating.jpg,Olivia Rodrigo,Lindsay Lohan,Gal Gadot,Angelina Jolie,Olivia Rodrigo,,,,,,,,,,,,,,,,,,,,,,,,,,,,,,,,,,,,,,,,,,,,,,,,,,,,,,,,,,,,,,,,,,,,,
,,,,,6a315870746014618def9b04,2026-06-16_10h07.55.180,WP1_3,2025.2.3,Win32,59.88023952,5db4ef4a2986a3000be1f886,6a030b8ba3607712b5d4bf26,,,,,,,,,,,,,,,,,,,,,,,,,,,,,,,,,,,,,,,,,513.8592,520.2409,,,,10,520.2419,523.0904,,,"[""right"",""space""]","[0.8273999999761372,2.7297000000477283]","[null,null]",10,523.0917,524.7069,space,1.4959,,44,Celebrities_Faces/044_rating.jpg,Cate Blanchett,1,Cate Blanchett,1,TRUE,TRUE,44,0,55,55,43,1,44,Celebrities_Faces/044_rating.jpg,Angelina Jolie,Cate Blanchett,Natalie Portman,Taylor Swift,Cate Blanchett,,,,,,,,,,,,,,,,,,,,,,,,,,,,,,,,,,,,,,,,,,,,,,,,,,,,,,,,,,,,,,,,,,,,,
,,,,,6a315870746014618def9b04,2026-06-16_10h07.55.180,WP1_3,2025.2.3,Win32,59.88023952,5db4ef4a2986a3000be1f886,6a030b8ba3607712b5d4bf26,,,,,,,,,,,,,,,,,,,,,,,,,,,,,,,,,,,,,,,,,524.708,527.7233,,,,10,527.7238,530.073,,,"[""right"",""space""]","[0.0005999999045798177,1.9796999999284708]","[null,null]",10,530.0747,531.8723,space,1.4255,,41,Celebrities_Faces/041_rating.jpg,Halle Berry,2,Halle Berry,2,TRUE,TRUE,45,0,56,56,40,1,41,Celebrities_Faces/041_rating.jpg,Lady Gaga,Greta Thunberg,Halle Berry,Serena Williams,Halle Berry,,,,,,,,,,,,,,,,,,,,,,,,,,,,,,,,,,,,,,,,,,,,,,,,,,,,,,,,,,,,,,,,,,,,,
,,,,,6a315870746014618def9b04,2026-06-16_10h07.55.180,WP1_3,2025.2.3,Win32,59.88023952,5db4ef4a2986a3000be1f886,6a030b8ba3607712b5d4bf26,,,,,,,,,,,,,,,,,,,,,,,,,,,,,,,,,,,,,,,,,531.8731,535.0223,,,,5,535.023,536.2885,,,"[""space""]",[1.1678999999761572],[null],5,536.2907,543.088,space,6.7017,,40,Celebrities_Faces/040_rating.jpg,Gal Gadot,0,Gal Gadot,0,TRUE,FALSE,45,0,57,57,39,1,40,Celebrities_Faces/040_rating.jpg,Gal Gadot,Maria Sharapova,Taylor Swift,Nicole Kidman,Gal Gadot,,,,,,,,,,,,,,,,,,,,,,,,,,,,,,,,,,,,,,,,,,,,,,,,,,,,,,,,,,,,,,,,,,,,,
,,,,,6a315870746014618def9b04,2026-06-16_10h07.55.180,WP1_3,2025.2.3,Win32,59.88023952,5db4ef4a2986a3000be1f886,6a030b8ba3607712b5d4bf26,,,,,,,,,,,,,,,,,,,,,,,,,,,,,,,,,,,,,,,,,543.089,547.4872,,,,6,547.4879,548.8874,,,"[""space""]",[1.3737000000477337],[null],5,548.8902,552.9534,space,4.0308,,16,Celebrities_Faces/016_rating.jpg,Ewan McGregor,2,Lionel Messi,0,FALSE,FALSE,45,0,58,58,15,1,16,Celebrities_Faces/016_rating.jpg,Ewan McGregor,Robert De Niro,Lionel Messi,Leonardo Di Caprio,Ewan McGregor,,,,,,,,,,,,,,,,,,,,,,,,,,,,,,,,,,,,,,,,,,,,,,,,,,,,,,,,,,,,,,,,,,,,,
,,,,,6a315870746014618def9b04,2026-06-16_10h07.55.180,WP1_3,2025.2.3,Win32,59.88023952,5db4ef4a2986a3000be1f886,6a030b8ba3607712b5d4bf26,,,,,,,,,,,,,,,,,,,,,,,,,,,,,,,,,,,,,,,,,552.9544,556.0697,,,,10,556.0704,558.7694,,,"[""right"",""space""]","[0.6965000000000146,2.664899999976228]","[null,null]",10,558.7719,560.4854,space,1.6737,,58,Celebrities_Faces/058_rating.jpg,Nicole Kidman,2,Nicole Kidman,2,TRUE,TRUE,46,0,59,59,57,1,58,Celebrities_Faces/058_rating.jpg,Millie Bobby Brown,Greta Thunberg,Nicole Kidman,Julia Roberts,Nicole Kidman,,,,,,,,,,,,,,,,,,,,,,,,,,,,,,,,,,,,,,,,,,,,,,,,,,,,,,,,,,,,,,,,,,,,,
,,,,,6a315870746014618def9b04,2026-06-16_10h07.55.180,WP1_3,2025.2.3,Win32,59.88023952,5db4ef4a2986a3000be1f886,6a030b8ba3607712b5d4bf26,,,,,,,,,,,,,,,,,,,,,,,,,,,,,,,,,,,,,,,,,,,,,,,,,,,,,,,,,,,,,,,,,,,,,,,,,,,,,,,,,top_30_qualified_by_familiarity,30,"47,14,31,45,60,10,34,26,25,39,1,6,8,19,37,30,42,54,20,2,17,38,56,59,27,28,24,9,7,32",560.4866,580.4834,,,,,,,,,,,,,,,,,,,,,,,,,,,,,,,,,,,,,,,,,,,,,,,,,,,,,,,,,,,,,,,,
,,,,,6a315870746014618def9b04,2026-06-16_10h07.55.180,WP1_3,2025.2.3,Win32,59.88023952,5db4ef4a2986a3000be1f886,6a030b8ba3607712b5d4bf26,,,,,,,,,,,,,,,,,,,,,,,,,,,,,,,,,,,,,,,,,,,,,,,,,,,,,,,,,,,,,,,,,,,,,,,,,,,,,,,,,,,,,,580.4852,580.4854,,,,,,,,,,,,,,,,,,,,,,,,,,,,,,,,,,,,,,,,,,,,,,,,,,,,,,,,,,,,,,
,,,,,6a315870746014618def9b04,2026-06-16_10h07.55.180,WP1_3,2025.2.3,Win32,59.88023952,5db4ef4a2986a3000be1f886,6a030b8ba3607712b5d4bf26,,,,,,,,,,,,,,,,,,,,,,,,,,,,,,,,,,,,,,,,,,,,,,,,,,,,,,,,,,,,,,,,,,,,,,,,,,,,,,,,,,,,,,,,580.4855,605.9635,space,25.4482,,,,,,,,,,,,,,,,,,,,,,,,,,,,,,,,,,,,,,,,,,,,,,,,,,,,,,,,,,
,,,,,6a315870746014618def9b04,2026-06-16_10h07.55.180,WP1_3,2025.2.3,Win32,59.88023952,5db4ef4a2986a3000be1f886,6a030b8ba3607712b5d4bf26,,,,,,,,,,,,,,,,,,,,,,,,,,,,,,,,,,,,,,,,,,,,,,,,,,,,,,,,,,,,,,,,,,,,,,,,,,,,,,,,,,,,,,,,,,,,,605.9636,613.6625,space,7.665,,,,,,,,,,,,,,,,,,,,,,,,,,,,,,,,,,,,,,,,,,,,,,,,,,,,,
,,,,,6a315870746014618def9b04,2026-06-16_10h07.55.180,WP1_3,2025.2.3,Win32,59.88023952,5db4ef4a2986a3000be1f886,6a030b8ba3607712b5d4bf26,,,,,,,,,,,,,,,,,,,,,,,,,,,,,,,,,,,,,,,,,,,,,,,,,,,,,,,,,,,,66,,,,,,,,,,,,,,,,,,,,,,,,,,,,,,,,,,,,,,1.936926263,613.6654,615.5957,615.5968,617.7125,[],[],,TRUE,1,FALSE,,TRUE,,0,0,0,0,1,,,,,,,,,,,,,,,,,,,,,,,,,,,,,,,,,
,,,,,6a315870746014618def9b04,2026-06-16_10h07.55.180,WP1_3,2025.2.3,Win32,59.88023952,5db4ef4a2986a3000be1f886,6a030b8ba3607712b5d4bf26,,,,,,,,,,,,,,,,,,,,,,,,,,,,,,,,,,,,,,,,,,,,,,,,,,,,,,,,,,,,89,,,,,,,,,,,,,,,,,,,,,,,,,,,,,,,,,,,,,,2.126888717,617.7132,619.8282,619.8291,620.6782,p,0.7732,,TRUE,2,FALSE,,FALSE,,1,0,1,0,1,,,,,,,,,,,,,,,,,,,,,,,,,,,,,,,,,
,,,,,6a315870746014618def9b04,2026-06-16_10h07.55.180,WP1_3,2025.2.3,Win32,59.88023952,5db4ef4a2986a3000be1f886,6a030b8ba3607712b5d4bf26,,,,,,,,,,,,,,,,,,,,,,,,,,,,,,,,,,,,,,,,,,,,,,,,,,,,,,,,,,,,44,,,,,,,,,,,,,,,,,,,,,,,,,,,,,,,,,,,,,,1.893590814,620.6787,622.5612,622.5622,623.4607,q,0.8342,,TRUE,3,TRUE,,FALSE,,2,0,2,0,1,,,,,,,,,,,,,,,,,,,,,,,,,,,,,,,,,
,,,,,6a315870746014618def9b04,2026-06-16_10h07.55.180,WP1_3,2025.2.3,Win32,59.88023952,5db4ef4a2986a3000be1f886,6a030b8ba3607712b5d4bf26,,,,,,,,,,,,,,,,,,,,,,,,,,,,,,,,,,,,,,,,,,,,,,,,,,,,,,,,,,,,91,,,,,,,,,,,,,,,,,,,,,,,,,,,,,,,,,,,,,,2.346242058,623.4611,625.8107,625.8112,626.5942,p,0.7083,,TRUE,4,FALSE,,FALSE,,3,0,3,0,1,,,,,,,,,,,,,,,,,,,,,,,,,,,,,,,,,
,,,,,6a315870746014618def9b04,2026-06-16_10h07.55.180,WP1_3,2025.2.3,Win32,59.88023952,5db4ef4a2986a3000be1f886,6a030b8ba3607712b5d4bf26,,,,,,,,,,,,,,,,,,,,,,,,,,,,,,,,,,,,,,,,,,,,,,,,,,,,,,,,,,,,92,,,,,,,,,,,,,,,,,,,,,,,,,,,,,,,,,,,,,,2.175923732,626.5946,628.7603,628.761,629.4437,p,0.6102,,TRUE,5,FALSE,,FALSE,,4,0,4,0,1,,,,,,,,,,,,,,,,,,,,,,,,,,,,,,,,,
,,,,,6a315870746014618def9b04,2026-06-16_10h07.55.180,WP1_3,2025.2.3,Win32,59.88023952,5db4ef4a2986a3000be1f886,6a030b8ba3607712b5d4bf26,,,,,,,,,,,,,,,,,,,,,,,,,,,,,,,,,,,,,,,,,,,,,,,,,,,,,,,,,,,,,,,,,,,,,,,,,,,,,,,,,,,,,,,,,,,,,,,,,,,,,,,,,,,,,,,,,,,,,629.444,636.3759,space,6.9038,,,,,,,,,,,,,,,,,,,,,,,,,,,,,
,,,,,6a315870746014618def9b04,2026-06-16_10h07.55.180,WP1_3,2025.2.3,Win32,59.88023952,5db4ef4a2986a3000be1f886,6a030b8ba3607712b5d4bf26,,,,,,,,,,,,,,,,,,,,,,,,,,,,,,,,,,,,,,,,,,,,,,,,,,,,,,,,,,,,4,stim_fam/004_rgray_250.png,,,,,,,,,,,,,,,,,,,,,,,,,,,,,,,,,,,,,1.804271866,636.3781,638.1756,,,,,,,,FALSE,,FALSE,,,,,,,,,,,,638.177,639.1096,p,0.8617,,1,55,1,1,250,novel,,,FALSE,639.1102,639.111,639.1111,639.1126,,0,0,0,0,1,,,,
,,,,,6a315870746014618def9b04,2026-06-16_10h07.55.180,WP1_3,2025.2.3,Win32,59.88023952,5db4ef4a2986a3000be1f886,6a030b8ba3607712b5d4bf26,,,,,,,,,,,,,,,,,,,,,,,,,,,,,,,,,,,,,,,,,,,,,,,,,,,,,,,,,,,,48,stim_fam/048_rgray_250.png,,,,,,,,,,,,,,,,,,,,,,,,,,,,,,,,,,,,,2.018340478,639.1129,641.1254,,,,,,,,FALSE,,FALSE,,,,,,,,,,,,641.1262,641.7086,p,0.5185,,2,38,1,1,250,novel,,,FALSE,641.7088,641.7089,641.709,641.7091,,1,0,1,0,1,,,,
,,,,,6a315870746014618def9b04,2026-06-16_10h07.55.180,WP1_3,2025.2.3,Win32,59.88023952,5db4ef4a2986a3000be1f886,6a030b8ba3607712b5d4bf26,,,,,,,,,,,,,,,,,,,,,,,,,,,,,,,,,,,,,,,,,,,,,,,,,,,,,,,,,,,,41,stim_fam/041_rgray_250.png,,,,,,,,,,,,,,,,,,,,,,,,,,,,,,,,,,,,,2.487218396,641.7093,644.1918,,,,,,,,FALSE,,FALSE,,,,,,,,,,,,644.1926,644.875,p,0.6117,,3,56,1,1,250,novel,,,FALSE,644.8752,644.8753,644.8753,644.8754,,2,0,2,0,1,,,,
,,,,,6a315870746014618def9b04,2026-06-16_10h07.55.180,WP1_3,2025.2.3,Win32,59.88023952,5db4ef4a2986a3000be1f886,6a030b8ba3607712b5d4bf26,,,,,,,,,,,,,,,,,,,,,,,,,,,,,,,,,,,,,,,,,,,,,,,,,,,,,,,,,,,,47,Celebrities_Faces/047_02_greyscale_250.png,,,,,,,,,,,,,,,,,,,,,,,,,,,,,,,,,,,,,2.100969775,644.8756,646.9748,,,,,,,,TRUE,,FALSE,,,,,,,,,,,,646.9754,647.6913,q,0.6432,,4,1,1,1,2,familiar,,,FALSE,647.6915,647.6916,647.6916,647.6917,,3,0,3,0,1,,,,
,,,,,6a315870746014618def9b04,2026-06-16_10h07.55.180,WP1_3,2025.2.3,Win32,59.88023952,5db4ef4a2986a3000be1f886,6a030b8ba3607712b5d4bf26,,,,,,,,,,,,,,,,,,,,,,,,,,,,,,,,,,,,,,,,,,,,,,,,,,,,,,,,,,,,93,stim_fam/093_rgray_250.png,,,,,,,,,,,,,,,,,,,,,,,,,,,,,,,,,,,,,1.631778305,647.6921,649.3243,,,,,,,,FALSE,,FALSE,,,,,,,,,,,,649.3249,650.1409,q,0.7517,,5,35,1,1,250,novel,,,FALSE,650.1411,650.1413,650.1413,650.1414,,4,0,4,0,1,,,,
,,,,,6a315870746014618def9b04,2026-06-16_10h07.55.180,WP1_3,2025.2.3,Win32,59.88023952,5db4ef4a2986a3000be1f886,6a030b8ba3607712b5d4bf26,,,,,,,,,,,,,,,,,,,,,,,,,,,,,,,,,,,,,,,,,,,,,,,,,,,,,,,,,,,,49,stim_fam/049_rgray_250.png,,,,,,,,,,,,,,,,,,,,,,,,,,,,,,,,,,,,,1.512100281,650.1416,651.6574,,,,,,,,FALSE,,FALSE,,,,,,,,,,,,651.6587,652.4407,p,0.7043,,6,51,1,1,250,novel,,,FALSE,652.4409,652.441,652.4411,652.4411,,5,0,5,0,1,,,,
,,,,,6a315870746014618def9b04,2026-06-16_10h07.55.180,WP1_3,2025.2.3,Win32,59.88023952,5db4ef4a2986a3000be1f886,6a030b8ba3607712b5d4bf26,,,,,,,,,,,,,,,,,,,,,,,,,,,,,,,,,,,,,,,,,,,,,,,,,,,,,,,,,,,,75,stim_fam/075_rgray_250.png,,,,,,,,,,,,,,,,,,,,,,,,,,,,,,,,,,,,,1.862778721,652.4414,654.307,,,,,,,,FALSE,,FALSE,,,,,,,,,,,,654.308,655.074,p,0.6881,,7,42,1,1,250,novel,,,FALSE,655.0743,655.0744,655.0745,655.0747,,6,0,6,0,1,,,,
,,,,,6a315870746014618def9b04,2026-06-16_10h07.55.180,WP1_3,2025.2.3,Win32,59.88023952,5db4ef4a2986a3000be1f886,6a030b8ba3607712b5d4bf26,,,,,,,,,,,,,,,,,,,,,,,,,,,,,,,,,,,,,,,,,,,,,,,,,,,,,,,,,,,,28,Celebrities_Faces/028_01_greyscale_250.png,,,,,,,,,,,,,,,,,,,,,,,,,,,,,,,,,,,,,2.079063301,655.075,657.1567,,,,,,,,TRUE,,FALSE,,,,,,,,,,,,657.1577,658.0066,p,0.7861,,8,26,1,1,1,familiar,,,FALSE,658.0067,658.0068,658.0069,658.007,,7,0,7,0,1,,,,
,,,,,6a315870746014618def9b04,2026-06-16_10h07.55.180,WP1_3,2025.2.3,Win32,59.88023952,5db4ef4a2986a3000be1f886,6a030b8ba3607712b5d4bf26,,,,,,,,,,,,,,,,,,,,,,,,,,,,,,,,,,,,,,,,,,,,,,,,,,,,,,,,,,,,20,Celebrities_Faces/020_02_greyscale_250.png,,,,,,,,,,,,,,,,,,,,,,,,,,,,,,,,,,,,,1.977134074,658.0072,659.9731,,,,,,,,TRUE,,FALSE,,,,,,,,,,,,659.9739,660.8727,q,0.8203,,9,19,1,1,2,familiar,,,FALSE,660.8728,660.8729,660.8729,660.873,,8,0,8,0,1,,,,
,,,,,6a315870746014618def9b04,2026-06-16_10h07.55.180,WP1_3,2025.2.3,Win32,59.88023952,5db4ef4a2986a3000be1f886,6a030b8ba3607712b5d4bf26,,,,,,,,,,,,,,,,,,,,,,,,,,,,,,,,,,,,,,,,,,,,,,,,,,,,,,,,,,,,54,Celebrities_Faces/054_02_greyscale_250.png,,,,,,,,,,,,,,,,,,,,,,,,,,,,,,,,,,,,,1.751606264,660.8732,662.6227,,,,,,,,TRUE,,FALSE,,,,,,,,,,,,662.6236,663.2557,q,0.566,,10,18,1,1,2,familiar,,,FALSE,663.2559,663.256,663.256,663.256,,9,0,9,0,1,,,,
,,,,,6a315870746014618def9b04,2026-06-16_10h07.55.180,WP1_3,2025.2.3,Win32,59.88023952,5db4ef4a2986a3000be1f886,6a030b8ba3607712b5d4bf26,,,,,,,,,,,,,,,,,,,,,,,,,,,,,,,,,,,,,,,,,,,,,,,,,,,,,,,,,,,,95,stim_fam/095_rgray_250.png,,,,,,,,,,,,,,,,,,,,,,,,,,,,,,,,,,,,,2.443987588,663.2563,665.6886,,,,,,,,FALSE,,FALSE,,,,,,,,,,,,665.689,666.5057,p,0.7481,,11,60,1,1,250,novel,,,FALSE,666.506,666.506,666.506,666.506,,10,0,10,0,1,,,,
,,,,,6a315870746014618def9b04,2026-06-16_10h07.55.180,WP1_3,2025.2.3,Win32,59.88023952,5db4ef4a2986a3000be1f886,6a030b8ba3607712b5d4bf26,,,,,,,,,,,,,,,,,,,,,,,,,,,,,,,,,,,,,,,,,,,,,,,,,,,,,,,,,,,,9,Celebrities_Faces/009_03_greyscale_250.png,,,,,,,,,,,,,,,,,,,,,,,,,,,,,,,,,,,,,1.916062164,666.5064,668.422,,,,,,,,TRUE,,FALSE,,,,,,,,,,,,668.4229,669.3053,q,0.7993,,12,28,1,1,3,familiar,,,FALSE,669.3054,669.3055,669.3055,669.3056,,11,0,11,0,1,,,,
,,,,,6a315870746014618def9b04,2026-06-16_10h07.55.180,WP1_3,2025.2.3,Win32,59.88023952,5db4ef4a2986a3000be1f886,6a030b8ba3607712b5d4bf26,,,,,,,,,,,,,,,,,,,,,,,,,,,,,,,,,,,,,,,,,,,,,,,,,,,,,,,,,,,,60,Celebrities_Faces/060_03_greyscale_250.png,,,,,,,,,,,,,,,,,,,,,,,,,,,,,,,,,,,,,2.172064457,669.3058,671.4712,,,,,,,,TRUE,,FALSE,,,,,,,,,,,,671.4716,672.1548,q,0.6137,,13,5,1,1,3,familiar,,,FALSE,672.1549,672.1549,672.1549,672.155,,12,0,12,0,1,,,,
,,,,,6a315870746014618def9b04,2026-06-16_10h07.55.180,WP1_3,2025.2.3,Win32,59.88023952,5db4ef4a2986a3000be1f886,6a030b8ba3607712b5d4bf26,,,,,,,,,,,,,,,,,,,,,,,,,,,,,,,,,,,,,,,,,,,,,,,,,,,,,,,,,,,,79,stim_fam/079_rgray_250.png,,,,,,,,,,,,,,,,,,,,,,,,,,,,,,,,,,,,,1.724736821,672.1552,673.8712,,,,,,,,FALSE,,FALSE,,,,,,,,,,,,673.8719,674.7879,q,0.8432,,14,37,1,1,250,novel,,,FALSE,674.788,674.788,674.7881,674.7881,,13,0,13,0,1,,,,
,,,,,6a315870746014618def9b04,2026-06-16_10h07.55.180,WP1_3,2025.2.3,Win32,59.88023952,5db4ef4a2986a3000be1f886,6a030b8ba3607712b5d4bf26,,,,,,,,,,,,,,,,,,,,,,,,,,,,,,,,,,,,,,,,,,,,,,,,,,,,,,,,,,,,82,stim_fam/082_rgray_250.png,,,,,,,,,,,,,,,,,,,,,,,,,,,,,,,,,,,,,1.83239529,674.7884,676.6208,,,,,,,,FALSE,,FALSE,,,,,,,,,,,,676.6214,677.3541,q,0.6615,,15,32,1,1,250,novel,,,FALSE,677.3542,677.3542,677.3543,677.3543,,14,0,14,0,1,,,,
,,,,,6a315870746014618def9b04,2026-06-16_10h07.55.180,WP1_3,2025.2.3,Win32,59.88023952,5db4ef4a2986a3000be1f886,6a030b8ba3607712b5d4bf26,,,,,,,,,,,,,,,,,,,,,,,,,,,,,,,,,,,,,,,,,,,,,,,,,,,,,,,,,,,,102,stim_fam/102_rgray_250.png,,,,,,,,,,,,,,,,,,,,,,,,,,,,,,,,,,,,,1.874929755,677.3545,679.2207,,,,,,,,FALSE,,FALSE,,,,,,,,,,,,679.2213,680.3038,p,0.9996,,16,48,1,1,250,novel,,,FALSE,680.3041,680.3041,680.3041,680.3042,,15,0,15,0,1,,,,
,,,,,6a315870746014618def9b04,2026-06-16_10h07.55.180,WP1_3,2025.2.3,Win32,59.88023952,5db4ef4a2986a3000be1f886,6a030b8ba3607712b5d4bf26,,,,,,,,,,,,,,,,,,,,,,,,,,,,,,,,,,,,,,,,,,,,,,,,,,,,,,,,,,,,83,stim_fam/083_rgray_250.png,,,,,,,,,,,,,,,,,,,,,,,,,,,,,,,,,,,,,1.798605769,680.3046,682.1037,,,,,,,,FALSE,,FALSE,,,,,,,,,,,,682.1044,682.7702,p,0.5879,,17,40,1,1,250,novel,,,FALSE,682.7703,682.7703,682.7704,682.7705,,16,0,16,0,1,,,,
,,,,,6a315870746014618def9b04,2026-06-16_10h07.55.180,WP1_3,2025.2.3,Win32,59.88023952,5db4ef4a2986a3000be1f886,6a030b8ba3607712b5d4bf26,,,,,,,,,,,,,,,,,,,,,,,,,,,,,,,,,,,,,,,,,,,,,,,,,,,,,,,,,,,,65,stim_fam/065_rgray_250.png,,,,,,,,,,,,,,,,,,,,,,,,,,,,,,,,,,,,,1.589375279,682.7707,684.3533,,,,,,,,FALSE,,FALSE,,,,,,,,,,,,684.354,685.253,q,0.8361,,18,52,1,1,250,novel,,,FALSE,685.2531,685.2531,685.2531,685.2531,,17,0,17,0,1,,,,
,,,,,6a315870746014618def9b04,2026-06-16_10h07.55.180,WP1_3,2025.2.3,Win32,59.88023952,5db4ef4a2986a3000be1f886,6a030b8ba3607712b5d4bf26,,,,,,,,,,,,,,,,,,,,,,,,,,,,,,,,,,,,,,,,,,,,,,,,,,,,,,,,,,,,57,stim_fam/057_rgray_250.png,,,,,,,,,,,,,,,,,,,,,,,,,,,,,,,,,,,,,2.480342336,685.2534,687.736,,,,,,,,FALSE,,FALSE,,,,,,,,,,,,687.7366,688.6194,p,0.8109,,19,57,1,1,250,novel,,,FALSE,688.6196,688.6197,688.6197,688.6198,,18,0,18,0,1,,,,
,,,,,6a315870746014618def9b04,2026-06-16_10h07.55.180,WP1_3,2025.2.3,Win32,59.88023952,5db4ef4a2986a3000be1f886,6a030b8ba3607712b5d4bf26,,,,,,,,,,,,,,,,,,,,,,,,,,,,,,,,,,,,,,,,,,,,,,,,,,,,,,,,,,,,1,stim_fam/001_rgray_250.png,,,,,,,,,,,,,,,,,,,,,,,,,,,,,,,,,,,,,1.8360352,688.6204,690.4525,,,,,,,,FALSE,,FALSE,,,,,,,,,,,,690.453,691.2358,p,0.7156,,20,50,1,1,250,novel,,,FALSE,691.2359,691.2359,691.236,691.236,,19,0,19,0,1,,,,
,,,,,6a315870746014618def9b04,2026-06-16_10h07.55.180,WP1_3,2025.2.3,Win32,59.88023952,5db4ef4a2986a3000be1f886,6a030b8ba3607712b5d4bf26,,,,,,,,,,,,,,,,,,,,,,,,,,,,,,,,,,,,,,,,,,,,,,,,,,,,,,,,,,,,25,Celebrities_Faces/025_03_greyscale_250.png,,,,,,,,,,,,,,,,,,,,,,,,,,,,,,,,,,,,,2.385035668,691.2364,693.6185,,,,,,,,TRUE,,FALSE,,,,,,,,,,,,693.6193,694.4188,p,0.7176,,21,9,1,1,3,familiar,,,FALSE,694.4189,694.419,694.4191,694.4193,,20,0,20,0,1,,,,
,,,,,6a315870746014618def9b04,2026-06-16_10h07.55.180,WP1_3,2025.2.3,Win32,59.88023952,5db4ef4a2986a3000be1f886,6a030b8ba3607712b5d4bf26,,,,,,,,,,,,,,,,,,,,,,,,,,,,,,,,,,,,,,,,,,,,,,,,,,,,,,,,,,,,72,stim_fam/072_rgray_250.png,,,,,,,,,,,,,,,,,,,,,,,,,,,,,,,,,,,,,2.394724865,694.4195,696.8183,,,,,,,,FALSE,,FALSE,,,,,,,,,,,,696.819,697.6014,p,0.7138,,22,47,1,1,250,novel,,,FALSE,697.6015,697.6015,697.6016,697.6016,,21,0,21,0,1,,,,
,,,,,6a315870746014618def9b04,2026-06-16_10h07.55.180,WP1_3,2025.2.3,Win32,59.88023952,5db4ef4a2986a3000be1f886,6a030b8ba3607712b5d4bf26,,,,,,,,,,,,,,,,,,,,,,,,,,,,,,,,,,,,,,,,,,,,,,,,,,,,,,,,,,,,1,Celebrities_Faces/001_02_greyscale_250.png,,,,,,,,,,,,,,,,,,,,,,,,,,,,,,,,,,,,,2.299092975,697.6017,699.9014,,,,,,,,TRUE,,FALSE,,,,,,,,,,,,699.902,700.6679,q,0.6947,,23,11,1,1,2,familiar,,,FALSE,700.668,700.6681,700.6681,700.6681,,22,0,22,0,1,,,,
,,,,,6a315870746014618def9b04,2026-06-16_10h07.55.180,WP1_3,2025.2.3,Win32,59.88023952,5db4ef4a2986a3000be1f886,6a030b8ba3607712b5d4bf26,,,,,,,,,,,,,,,,,,,,,,,,,,,,,,,,,,,,,,,,,,,,,,,,,,,,,,,,,,,,7,stim_fam/007_rgray_250.png,,,,,,,,,,,,,,,,,,,,,,,,,,,,,,,,,,,,,1.974308065,700.6684,702.6343,,,,,,,,FALSE,,FALSE,,,,,,,,,,,,702.635,703.3675,q,0.6586,,24,36,1,1,250,novel,,,FALSE,703.3676,703.3677,703.3677,703.3677,,23,0,23,0,1,,,,
,,,,,6a315870746014618def9b04,2026-06-16_10h07.55.180,WP1_3,2025.2.3,Win32,59.88023952,5db4ef4a2986a3000be1f886,6a030b8ba3607712b5d4bf26,,,,,,,,,,,,,,,,,,,,,,,,,,,,,,,,,,,,,,,,,,,,,,,,,,,,,,,,,,,,17,Celebrities_Faces/017_01_greyscale_250.png,,,,,,,,,,,,,,,,,,,,,,,,,,,,,,,,,,,,,2.229504348,703.3679,705.6005,,,,,,,,TRUE,,FALSE,,,,,,,,,,,,705.6013,706.4835,p,0.8121,,25,21,1,1,1,familiar,,,FALSE,706.4836,706.4836,706.4836,706.4837,,24,0,24,0,1,,,,
,,,,,6a315870746014618def9b04,2026-06-16_10h07.55.180,WP1_3,2025.2.3,Win32,59.88023952,5db4ef4a2986a3000be1f886,6a030b8ba3607712b5d4bf26,,,,,,,,,,,,,,,,,,,,,,,,,,,,,,,,,,,,,,,,,,,,,,,,,,,,,,,,,,,,59,Celebrities_Faces/059_02_greyscale_250.png,,,,,,,,,,,,,,,,,,,,,,,,,,,,,,,,,,,,,1.93850722,706.4839,708.4169,,,,,,,,TRUE,,FALSE,,,,,,,,,,,,708.4176,709.3333,q,0.8547,,26,24,1,1,2,familiar,,,FALSE,709.3334,709.3334,709.3334,709.3335,,25,0,25,0,1,,,,
,,,,,6a315870746014618def9b04,2026-06-16_10h07.55.180,WP1_3,2025.2.3,Win32,59.88023952,5db4ef4a2986a3000be1f886,6a030b8ba3607712b5d4bf26,,,,,,,,,,,,,,,,,,,,,,,,,,,,,,,,,,,,,,,,,,,,,,,,,,,,,,,,,,,,5,stim_fam/005_rgray_250.png,,,,,,,,,,,,,,,,,,,,,,,,,,,,,,,,,,,,,2.021364219,709.3338,711.3498,,,,,,,,FALSE,,FALSE,,,,,,,,,,,,711.3503,712.3498,p,0.9294,,27,46,1,1,250,novel,,,FALSE,712.35,712.35,712.35,712.3501,,26,0,26,0,1,,,,
,,,,,6a315870746014618def9b04,2026-06-16_10h07.55.180,WP1_3,2025.2.3,Win32,59.88023952,5db4ef4a2986a3000be1f886,6a030b8ba3607712b5d4bf26,,,,,,,,,,,,,,,,,,,,,,,,,,,,,,,,,,,,,,,,,,,,,,,,,,,,,,,,,,,,26,Celebrities_Faces/026_01_greyscale_250.png,,,,,,,,,,,,,,,,,,,,,,,,,,,,,,,,,,,,,1.918613351,712.3504,714.2662,,,,,,,,TRUE,,FALSE,,,,,,,,,,,,714.2667,715.2827,q,0.9433,,28,8,1,1,1,familiar,,,FALSE,715.2828,715.2828,715.2828,715.2829,,27,0,27,0,1,,,,
,,,,,6a315870746014618def9b04,2026-06-16_10h07.55.180,WP1_3,2025.2.3,Win32,59.88023952,5db4ef4a2986a3000be1f886,6a030b8ba3607712b5d4bf26,,,,,,,,,,,,,,,,,,,,,,,,,,,,,,,,,,,,,,,,,,,,,,,,,,,,,,,,,,,,32,Celebrities_Faces/032_01_greyscale_250.png,,,,,,,,,,,,,,,,,,,,,,,,,,,,,,,,,,,,,1.685503191,715.2832,716.966,,,,,,,,TRUE,,FALSE,,,,,,,,,,,,716.9666,717.9319,q,0.9031,,29,30,1,1,1,familiar,,,FALSE,717.932,717.932,717.932,717.932,,28,0,28,0,1,,,,
,,,,,6a315870746014618def9b04,2026-06-16_10h07.55.180,WP1_3,2025.2.3,Win32,59.88023952,5db4ef4a2986a3000be1f886,6a030b8ba3607712b5d4bf26,,,,,,,,,,,,,,,,,,,,,,,,,,,,,,,,,,,,,,,,,,,,,,,,,,,,,,,,,,,,45,Celebrities_Faces/045_02_greyscale_250.png,,,,,,,,,,,,,,,,,,,,,,,,,,,,,,,,,,,,,2.215644351,717.9322,720.1487,,,,,,,,TRUE,,FALSE,,,,,,,,,,,,720.1493,720.832,q,0.6138,,30,4,1,1,2,familiar,,,FALSE,720.8321,720.8321,720.8321,720.8322,,29,0,29,0,1,,,,
,,,,,6a315870746014618def9b04,2026-06-16_10h07.55.180,WP1_3,2025.2.3,Win32,59.88023952,5db4ef4a2986a3000be1f886,6a030b8ba3607712b5d4bf26,,,,,,,,,,,,,,,,,,,,,,,,,,,,,,,,,,,,,,,,,,,,,,,,,,,,,,,,,,,,10,Celebrities_Faces/010_03_greyscale_250.png,,,,,,,,,,,,,,,,,,,,,,,,,,,,,,,,,,,,,1.95366894,720.8324,722.7817,,,,,,,,TRUE,,FALSE,,,,,,,,,,,,722.7822,723.5984,p,0.7397,,31,6,1,1,3,familiar,,,FALSE,723.5985,723.5986,723.5986,723.5987,,30,0,30,0,1,,,,
,,,,,6a315870746014618def9b04,2026-06-16_10h07.55.180,WP1_3,2025.2.3,Win32,59.88023952,5db4ef4a2986a3000be1f886,6a030b8ba3607712b5d4bf26,,,,,,,,,,,,,,,,,,,,,,,,,,,,,,,,,,,,,,,,,,,,,,,,,,,,,,,,,,,,18,stim_fam/018_rgray_250.png,,,,,,,,,,,,,,,,,,,,,,,,,,,,,,,,,,,,,1.522970266,723.599,725.1149,,,,,,,,FALSE,,FALSE,,,,,,,,,,,,725.1159,725.9647,p,0.7681,,32,49,1,1,250,novel,,,FALSE,725.9648,725.9649,725.965,725.965,,31,0,31,0,1,,,,
,,,,,6a315870746014618def9b04,2026-06-16_10h07.55.180,WP1_3,2025.2.3,Win32,59.88023952,5db4ef4a2986a3000be1f886,6a030b8ba3607712b5d4bf26,,,,,,,,,,,,,,,,,,,,,,,,,,,,,,,,,,,,,,,,,,,,,,,,,,,,,,,,,,,,27,Celebrities_Faces/027_03_greyscale_250.png,,,,,,,,,,,,,,,,,,,,,,,,,,,,,,,,,,,,,1.794356016,725.9652,727.7478,,,,,,,,TRUE,,FALSE,,,,,,,,,,,,727.7485,728.7639,p,0.9561,,33,25,1,1,3,familiar,,,FALSE,728.764,728.7641,728.7641,728.7641,,32,0,32,0,1,,,,
,,,,,6a315870746014618def9b04,2026-06-16_10h07.55.180,WP1_3,2025.2.3,Win32,59.88023952,5db4ef4a2986a3000be1f886,6a030b8ba3607712b5d4bf26,,,,,,,,,,,,,,,,,,,,,,,,,,,,,,,,,,,,,,,,,,,,,,,,,,,,,,,,,,,,54,stim_fam/054_rgray_250.png,,,,,,,,,,,,,,,,,,,,,,,,,,,,,,,,,,,,,2.319289669,728.7643,731.0806,,,,,,,,FALSE,,FALSE,,,,,,,,,,,,731.0813,731.7974,p,0.643,,34,33,1,1,250,novel,,,FALSE,731.7975,731.7975,731.7976,731.7976,,33,0,33,0,1,,,,
,,,,,6a315870746014618def9b04,2026-06-16_10h07.55.180,WP1_3,2025.2.3,Win32,59.88023952,5db4ef4a2986a3000be1f886,6a030b8ba3607712b5d4bf26,,,,,,,,,,,,,,,,,,,,,,,,,,,,,,,,,,,,,,,,,,,,,,,,,,,,,,,,,,,,64,stim_fam/064_rgray_250.png,,,,,,,,,,,,,,,,,,,,,,,,,,,,,,,,,,,,,1.510550478,731.7977,733.2971,,,,,,,,FALSE,,FALSE,,,,,,,,,,,,733.2977,734.1636,p,0.7961,,35,59,1,1,250,novel,,,FALSE,734.1638,734.1639,734.1639,734.1639,,34,0,34,0,1,,,,
,,,,,6a315870746014618def9b04,2026-06-16_10h07.55.180,WP1_3,2025.2.3,Win32,59.88023952,5db4ef4a2986a3000be1f886,6a030b8ba3607712b5d4bf26,,,,,,,,,,,,,,,,,,,,,,,,,,,,,,,,,,,,,,,,,,,,,,,,,,,,,,,,,,,,37,Celebrities_Faces/037_01_greyscale_250.png,,,,,,,,,,,,,,,,,,,,,,,,,,,,,,,,,,,,,1.90121507,734.1642,736.0634,,,,,,,,TRUE,,FALSE,,,,,,,,,,,,736.0641,736.9635,p,0.8248,,36,15,1,1,1,familiar,,,FALSE,736.9636,736.9637,736.9637,736.9639,,35,0,35,0,1,,,,
,,,,,6a315870746014618def9b04,2026-06-16_10h07.55.180,WP1_3,2025.2.3,Win32,59.88023952,5db4ef4a2986a3000be1f886,6a030b8ba3607712b5d4bf26,,,,,,,,,,,,,,,,,,,,,,,,,,,,,,,,,,,,,,,,,,,,,,,,,,,,,,,,,,,,31,Celebrities_Faces/031_01_greyscale_250.png,,,,,,,,,,,,,,,,,,,,,,,,,,,,,,,,,,,,,2.080504558,736.9641,739.0461,,,,,,,,TRUE,,FALSE,,,,,,,,,,,,739.0471,739.8963,p,0.7704,,37,3,1,1,1,familiar,,,FALSE,739.8964,739.8966,739.8967,739.8968,,36,0,36,0,1,,,,
,,,,,6a315870746014618def9b04,2026-06-16_10h07.55.180,WP1_3,2025.2.3,Win32,59.88023952,5db4ef4a2986a3000be1f886,6a030b8ba3607712b5d4bf26,,,,,,,,,,,,,,,,,,,,,,,,,,,,,,,,,,,,,,,,,,,,,,,,,,,,,,,,,,,,38,Celebrities_Faces/038_02_greyscale_250.png,,,,,,,,,,,,,,,,,,,,,,,,,,,,,,,,,,,,,1.634693147,739.8969,741.5294,,,,,,,,TRUE,,FALSE,,,,,,,,,,,,741.5304,742.2457,p,0.6366,,38,22,1,1,2,familiar,,,FALSE,742.2459,742.246,742.2462,742.2463,,37,0,37,0,1,,,,
,,,,,6a315870746014618def9b04,2026-06-16_10h07.55.180,WP1_3,2025.2.3,Win32,59.88023952,5db4ef4a2986a3000be1f886,6a030b8ba3607712b5d4bf26,,,,,,,,,,,,,,,,,,,,,,,,,,,,,,,,,,,,,,,,,,,,,,,,,,,,,,,,,,,,24,Celebrities_Faces/024_02_greyscale_250.png,,,,,,,,,,,,,,,,,,,,,,,,,,,,,,,,,,,,,2.055228592,742.2465,744.2958,,,,,,,,TRUE,,FALSE,,,,,,,,,,,,744.2965,745.1288,p,0.7642,,39,27,1,1,2,familiar,,,FALSE,745.1289,745.129,745.129,745.129,,38,0,38,0,1,,,,
,,,,,6a315870746014618def9b04,2026-06-16_10h07.55.180,WP1_3,2025.2.3,Win32,59.88023952,5db4ef4a2986a3000be1f886,6a030b8ba3607712b5d4bf26,,,,,,,,,,,,,,,,,,,,,,,,,,,,,,,,,,,,,,,,,,,,,,,,,,,,,,,,,,,,34,Celebrities_Faces/034_03_greyscale_250.png,,,,,,,,,,,,,,,,,,,,,,,,,,,,,,,,,,,,,2.471572458,745.1292,747.5953,,,,,,,,TRUE,,FALSE,,,,,,,,,,,,747.596,748.3285,q,0.6543,,40,7,1,1,3,familiar,,,FALSE,748.3288,748.3289,748.3289,748.329,,39,0,39,0,1,,,,
,,,,,6a315870746014618def9b04,2026-06-16_10h07.55.180,WP1_3,2025.2.3,Win32,59.88023952,5db4ef4a2986a3000be1f886,6a030b8ba3607712b5d4bf26,,,,,,,,,,,,,,,,,,,,,,,,,,,,,,,,,,,,,,,,,,,,,,,,,,,,,,,,,,,,42,Celebrities_Faces/042_02_greyscale_250.png,,,,,,,,,,,,,,,,,,,,,,,,,,,,,,,,,,,,,2.118202889,748.3294,750.445,,,,,,,,TRUE,,FALSE,,,,,,,,,,,,750.4458,751.2449,p,0.7267,,41,17,1,1,2,familiar,,,FALSE,751.245,751.245,751.245,751.2451,,40,0,40,0,1,,,,
,,,,,6a315870746014618def9b04,2026-06-16_10h07.55.180,WP1_3,2025.2.3,Win32,59.88023952,5db4ef4a2986a3000be1f886,6a030b8ba3607712b5d4bf26,,,,,,,,,,,,,,,,,,,,,,,,,,,,,,,,,,,,,,,,,,,,,,,,,,,,,,,,,,,,28,stim_fam/028_rgray_250.png,,,,,,,,,,,,,,,,,,,,,,,,,,,,,,,,,,,,,1.562140516,751.2453,752.8114,,,,,,,,FALSE,,FALSE,,,,,,,,,,,,752.8121,753.7279,p,0.8429,,42,45,1,1,250,novel,,,FALSE,753.7279,753.728,753.728,753.728,,41,0,41,0,1,,,,
,,,,,6a315870746014618def9b04,2026-06-16_10h07.55.180,WP1_3,2025.2.3,Win32,59.88023952,5db4ef4a2986a3000be1f886,6a030b8ba3607712b5d4bf26,,,,,,,,,,,,,,,,,,,,,,,,,,,,,,,,,,,,,,,,,,,,,,,,,,,,,,,,,,,,8,Celebrities_Faces/008_03_greyscale_250.png,,,,,,,,,,,,,,,,,,,,,,,,,,,,,,,,,,,,,1.896661392,753.7283,755.6275,,,,,,,,TRUE,,FALSE,,,,,,,,,,,,755.6282,756.4941,q,0.8,,43,13,1,1,3,familiar,,,FALSE,756.4942,756.4943,756.4943,756.4944,,42,0,42,0,1,,,,
,,,,,6a315870746014618def9b04,2026-06-16_10h07.55.180,WP1_3,2025.2.3,Win32,59.88023952,5db4ef4a2986a3000be1f886,6a030b8ba3607712b5d4bf26,,,,,,,,,,,,,,,,,,,,,,,,,,,,,,,,,,,,,,,,,,,,,,,,,,,,,,,,,,,,47,stim_fam/047_rgray_250.png,,,,,,,,,,,,,,,,,,,,,,,,,,,,,,,,,,,,,2.202167104,756.4946,758.6938,,,,,,,,FALSE,,FALSE,,,,,,,,,,,,758.6943,759.4937,p,0.7283,,44,41,1,1,250,novel,,,FALSE,759.4939,759.494,759.494,759.494,,43,0,43,0,1,,,,
,,,,,6a315870746014618def9b04,2026-06-16_10h07.55.180,WP1_3,2025.2.3,Win32,59.88023952,5db4ef4a2986a3000be1f886,6a030b8ba3607712b5d4bf26,,,,,,,,,,,,,,,,,,,,,,,,,,,,,,,,,,,,,,,,,,,,,,,,,,,,,,,,,,,,78,stim_fam/078_rgray_250.png,,,,,,,,,,,,,,,,,,,,,,,,,,,,,,,,,,,,,2.285220204,759.4942,761.7764,,,,,,,,FALSE,,FALSE,,,,,,,,,,,,761.7769,762.61,p,0.7606,,45,39,1,1,250,novel,,,FALSE,762.6102,762.6102,762.6102,762.6102,,44,0,44,0,1,,,,
,,,,,6a315870746014618def9b04,2026-06-16_10h07.55.180,WP1_3,2025.2.3,Win32,59.88023952,5db4ef4a2986a3000be1f886,6a030b8ba3607712b5d4bf26,,,,,,,,,,,,,,,,,,,,,,,,,,,,,,,,,,,,,,,,,,,,,,,,,,,,,,,,,,,,39,Celebrities_Faces/039_02_greyscale_250.png,,,,,,,,,,,,,,,,,,,,,,,,,,,,,,,,,,,,,1.701097234,762.6106,764.3095,,,,,,,,TRUE,,FALSE,,,,,,,,,,,,764.3104,765.3261,p,0.9436,,46,10,1,1,2,familiar,,,FALSE,765.3263,765.3263,765.3263,765.3265,,45,0,45,0,1,,,,
,,,,,6a315870746014618def9b04,2026-06-16_10h07.55.180,WP1_3,2025.2.3,Win32,59.88023952,5db4ef4a2986a3000be1f886,6a030b8ba3607712b5d4bf26,,,,,,,,,,,,,,,,,,,,,,,,,,,,,,,,,,,,,,,,,,,,,,,,,,,,,,,,,,,,2,Celebrities_Faces/002_02_greyscale_250.png,,,,,,,,,,,,,,,,,,,,,,,,,,,,,,,,,,,,,1.679592164,765.3267,767.0094,,,,,,,,TRUE,,FALSE,,,,,,,,,,,,767.0103,767.7594,p,0.6809,,47,20,1,1,2,familiar,,,FALSE,767.7595,767.7595,767.7595,767.7596,,46,0,46,0,1,,,,
,,,,,6a315870746014618def9b04,2026-06-16_10h07.55.180,WP1_3,2025.2.3,Win32,59.88023952,5db4ef4a2986a3000be1f886,6a030b8ba3607712b5d4bf26,,,,,,,,,,,,,,,,,,,,,,,,,,,,,,,,,,,,,,,,,,,,,,,,,,,,,,,,,,,,68,stim_fam/068_rgray_250.png,,,,,,,,,,,,,,,,,,,,,,,,,,,,,,,,,,,,,1.543774375,767.7599,769.2923,,,,,,,,FALSE,,FALSE,,,,,,,,,,,,769.2931,770.2758,p,0.905,,48,58,1,1,250,novel,,,FALSE,770.2759,770.276,770.2761,770.2761,,47,0,47,0,1,,,,
,,,,,6a315870746014618def9b04,2026-06-16_10h07.55.180,WP1_3,2025.2.3,Win32,59.88023952,5db4ef4a2986a3000be1f886,6a030b8ba3607712b5d4bf26,,,,,,,,,,,,,,,,,,,,,,,,,,,,,,,,,,,,,,,,,,,,,,,,,,,,,,,,,,,,76,stim_fam/076_rgray_250.png,,,,,,,,,,,,,,,,,,,,,,,,,,,,,,,,,,,,,1.774989687,770.2763,772.0423,,,,,,,,FALSE,,FALSE,,,,,,,,,,,,772.043,772.8916,p,0.7882,,49,31,1,1,250,novel,,,FALSE,772.8918,772.8918,772.8919,772.8919,,48,0,48,0,1,,,,
,,,,,6a315870746014618def9b04,2026-06-16_10h07.55.180,WP1_3,2025.2.3,Win32,59.88023952,5db4ef4a2986a3000be1f886,6a030b8ba3607712b5d4bf26,,,,,,,,,,,,,,,,,,,,,,,,,,,,,,,,,,,,,,,,,,,,,,,,,,,,,,,,,,,,7,Celebrities_Faces/007_01_greyscale_250.png,,,,,,,,,,,,,,,,,,,,,,,,,,,,,,,,,,,,,1.969636227,772.8921,774.8585,,,,,,,,TRUE,,FALSE,,,,,,,,,,,,774.8594,775.775,q,0.8476,,50,29,1,1,1,familiar,,,FALSE,775.7751,775.7752,775.7752,775.7753,,49,0,49,0,1,,,,
,,,,,6a315870746014618def9b04,2026-06-16_10h07.55.180,WP1_3,2025.2.3,Win32,59.88023952,5db4ef4a2986a3000be1f886,6a030b8ba3607712b5d4bf26,,,,,,,,,,,,,,,,,,,,,,,,,,,,,,,,,,,,,,,,,,,,,,,,,,,,,,,,,,,,56,Celebrities_Faces/056_01_greyscale_250.png,,,,,,,,,,,,,,,,,,,,,,,,,,,,,,,,,,,,,1.71985649,775.7756,777.4915,,,,,,,,TRUE,,FALSE,,,,,,,,,,,,777.4923,778.208,q,0.6429,,51,23,1,1,1,familiar,,,FALSE,778.2082,778.2082,778.2083,778.2084,,50,0,50,0,1,,,,
,,,,,6a315870746014618def9b04,2026-06-16_10h07.55.180,WP1_3,2025.2.3,Win32,59.88023952,5db4ef4a2986a3000be1f886,6a030b8ba3607712b5d4bf26,,,,,,,,,,,,,,,,,,,,,,,,,,,,,,,,,,,,,,,,,,,,,,,,,,,,,,,,,,,,20,stim_fam/020_rgray_250.png,,,,,,,,,,,,,,,,,,,,,,,,,,,,,,,,,,,,,2.050647342,778.2087,780.2578,,,,,,,,FALSE,,FALSE,,,,,,,,,,,,780.2587,780.9744,q,0.6358,,52,54,1,1,250,novel,,,FALSE,780.9745,780.9746,780.9746,780.9747,,51,0,51,0,1,,,,
,,,,,6a315870746014618def9b04,2026-06-16_10h07.55.180,WP1_3,2025.2.3,Win32,59.88023952,5db4ef4a2986a3000be1f886,6a030b8ba3607712b5d4bf26,,,,,,,,,,,,,,,,,,,,,,,,,,,,,,,,,,,,,,,,,,,,,,,,,,,,,,,,,,,,6,Celebrities_Faces/006_01_greyscale_250.png,,,,,,,,,,,,,,,,,,,,,,,,,,,,,,,,,,,,,1.724741472,780.975,782.6904,,,,,,,,TRUE,,TRUE,,,,,,,,,,,,782.6912,783.8074,,,,53,12,1,1,1,familiar,,,FALSE,783.8078,784.807,784.807,784.8071,,52,0,52,0,1,,,,
,,,,,6a315870746014618def9b04,2026-06-16_10h07.55.180,WP1_3,2025.2.3,Win32,59.88023952,5db4ef4a2986a3000be1f886,6a030b8ba3607712b5d4bf26,,,,,,,,,,,,,,,,,,,,,,,,,,,,,,,,,,,,,,,,,,,,,,,,,,,,,,,,,,,,19,Celebrities_Faces/019_03_greyscale_250.png,,,,,,,,,,,,,,,,,,,,,,,,,,,,,,,,,,,,,1.529240294,784.8075,786.3403,,,,,,,,TRUE,,FALSE,,,,,,,,,,,,786.3407,787.0736,q,0.6646,,54,14,1,1,3,familiar,,,FALSE,787.0738,787.0738,787.0739,787.074,,53,0,53,0,1,,,,
,,,,,6a315870746014618def9b04,2026-06-16_10h07.55.180,WP1_3,2025.2.3,Win32,59.88023952,5db4ef4a2986a3000be1f886,6a030b8ba3607712b5d4bf26,,,,,,,,,,,,,,,,,,,,,,,,,,,,,,,,,,,,,,,,,,,,,,,,,,,,,,,,,,,,99,stim_fam/099_rgray_250.png,,,,,,,,,,,,,,,,,,,,,,,,,,,,,,,,,,,,,2.252285248,787.0743,789.3233,,,,,,,,FALSE,,FALSE,,,,,,,,,,,,789.3237,789.9399,p,0.5409,,55,44,1,1,250,novel,,,FALSE,789.94,789.9401,789.9401,789.9402,,54,0,54,0,1,,,,
,,,,,6a315870746014618def9b04,2026-06-16_10h07.55.180,WP1_3,2025.2.3,Win32,59.88023952,5db4ef4a2986a3000be1f886,6a030b8ba3607712b5d4bf26,,,,,,,,,,,,,,,,,,,,,,,,,,,,,,,,,,,,,,,,,,,,,,,,,,,,,,,,,,,,30,Celebrities_Faces/030_02_greyscale_250.png,,,,,,,,,,,,,,,,,,,,,,,,,,,,,,,,,,,,,2.298189869,789.9405,792.2397,,,,,,,,TRUE,,FALSE,,,,,,,,,,,,792.2404,792.9558,q,0.6523,,56,16,1,1,2,familiar,,,FALSE,792.9559,792.956,792.9561,792.9561,,55,0,55,0,1,,,,
,,,,,6a315870746014618def9b04,2026-06-16_10h07.55.180,WP1_3,2025.2.3,Win32,59.88023952,5db4ef4a2986a3000be1f886,6a030b8ba3607712b5d4bf26,,,,,,,,,,,,,,,,,,,,,,,,,,,,,,,,,,,,,,,,,,,,,,,,,,,,,,,,,,,,29,stim_fam/029_rgray_250.png,,,,,,,,,,,,,,,,,,,,,,,,,,,,,,,,,,,,,2.276220885,792.9563,795.2225,,,,,,,,FALSE,,FALSE,,,,,,,,,,,,795.223,795.8557,q,0.5613,,57,34,1,1,250,novel,,,FALSE,795.8558,795.8558,795.8558,795.8559,,56,0,56,0,1,,,,
,,,,,6a315870746014618def9b04,2026-06-16_10h07.55.180,WP1_3,2025.2.3,Win32,59.88023952,5db4ef4a2986a3000be1f886,6a030b8ba3607712b5d4bf26,,,,,,,,,,,,,,,,,,,,,,,,,,,,,,,,,,,,,,,,,,,,,,,,,,,,,,,,,,,,84,stim_fam/084_rgray_250.png,,,,,,,,,,,,,,,,,,,,,,,,,,,,,,,,,,,,,2.257543299,795.8561,798.1054,,,,,,,,FALSE,,FALSE,,,,,,,,,,,,798.1061,798.7721,p,0.5952,,58,53,1,1,250,novel,,,FALSE,798.7722,798.7723,798.7723,798.7723,,57,0,57,0,1,,,,
,,,,,6a315870746014618def9b04,2026-06-16_10h07.55.180,WP1_3,2025.2.3,Win32,59.88023952,5db4ef4a2986a3000be1f886,6a030b8ba3607712b5d4bf26,,,,,,,,,,,,,,,,,,,,,,,,,,,,,,,,,,,,,,,,,,,,,,,,,,,,,,,,,,,,8,stim_fam/008_rgray_250.png,,,,,,,,,,,,,,,,,,,,,,,,,,,,,,,,,,,,,2.25512335,798.7725,801.0217,,,,,,,,FALSE,,FALSE,,,,,,,,,,,,801.0222,801.7884,p,0.694,,59,43,1,1,250,novel,,,FALSE,801.7886,801.7886,801.7888,801.7888,,58,0,58,0,1,,,,
,,,,,6a315870746014618def9b04,2026-06-16_10h07.55.180,WP1_3,2025.2.3,Win32,59.88023952,5db4ef4a2986a3000be1f886,6a030b8ba3607712b5d4bf26,,,,,,,,,,,,,,,,,,,,,,,,,,,,,,,,,,,,,,,,,,,,,,,,,,,,,,,,,,,,14,Celebrities_Faces/014_01_greyscale_250.png,,,,,,,,,,,,,,,,,,,,,,,,,,,,,,,,,,,,,2.339895744,801.7891,804.1213,,,,,,,,TRUE,,FALSE,,,,,,,,,,,,804.1219,804.7876,p,0.5981,,60,2,1,1,1,familiar,,,FALSE,804.7878,804.7879,804.7879,809.8038,space,59,0,59,0,1,5.0073,,,
,,,,,6a315870746014618def9b04,2026-06-16_10h07.55.180,WP1_3,2025.2.3,Win32,59.88023952,5db4ef4a2986a3000be1f886,6a030b8ba3607712b5d4bf26,,,,,,,,,,,,,,,,,,,,,,,,,,,,,,,,,,,,,,,,,,,,,,,,,,,,,,,,,,,,56,Celebrities_Faces/056_02_greyscale_250.png,,,,,,,,,,,,,,,,,,,,,,,,,,,,,,,,,,,,,1.622148519,809.8041,811.4205,,,,,,,,TRUE,,FALSE,,,,,,,,,,,,811.4214,812.337,q,0.8382,,61,83,2,1,2,familiar,,,FALSE,812.3372,812.3372,812.3373,812.3374,,60,0,60,0,1,,,,
,,,,,6a315870746014618def9b04,2026-06-16_10h07.55.180,WP1_3,2025.2.3,Win32,59.88023952,5db4ef4a2986a3000be1f886,6a030b8ba3607712b5d4bf26,,,,,,,,,,,,,,,,,,,,,,,,,,,,,,,,,,,,,,,,,,,,,,,,,,,,,,,,,,,,51,stim_fam/051_rgray_250.png,,,,,,,,,,,,,,,,,,,,,,,,,,,,,,,,,,,,,1.955063233,812.3377,814.2868,,,,,,,,FALSE,,FALSE,,,,,,,,,,,,814.2875,815.1696,p,0.8169,,62,108,2,1,250,novel,,,FALSE,815.1697,815.1699,815.1699,815.1699,,61,0,61,0,1,,,,
,,,,,6a315870746014618def9b04,2026-06-16_10h07.55.180,WP1_3,2025.2.3,Win32,59.88023952,5db4ef4a2986a3000be1f886,6a030b8ba3607712b5d4bf26,,,,,,,,,,,,,,,,,,,,,,,,,,,,,,,,,,,,,,,,,,,,,,,,,,,,,,,,,,,,90,stim_fam/090_rgray_250.png,,,,,,,,,,,,,,,,,,,,,,,,,,,,,,,,,,,,,2.194607893,815.1701,817.3531,,,,,,,,FALSE,,FALSE,,,,,,,,,,,,817.3535,818.153,p,0.7265,,63,107,2,1,250,novel,,,FALSE,818.1531,818.1532,818.1532,818.1533,,62,0,62,0,1,,,,
,,,,,6a315870746014618def9b04,2026-06-16_10h07.55.180,WP1_3,2025.2.3,Win32,59.88023952,5db4ef4a2986a3000be1f886,6a030b8ba3607712b5d4bf26,,,,,,,,,,,,,,,,,,,,,,,,,,,,,,,,,,,,,,,,,,,,,,,,,,,,,,,,,,,,19,Celebrities_Faces/019_01_greyscale_250.png,,,,,,,,,,,,,,,,,,,,,,,,,,,,,,,,,,,,,1.856210842,818.1535,820.0027,,,,,,,,TRUE,,FALSE,,,,,,,,,,,,820.0036,820.7192,q,0.6407,,64,74,2,1,1,familiar,,,FALSE,820.7195,820.7196,820.7197,820.7198,,63,0,63,0,1,,,,
,,,,,6a315870746014618def9b04,2026-06-16_10h07.55.180,WP1_3,2025.2.3,Win32,59.88023952,5db4ef4a2986a3000be1f886,6a030b8ba3607712b5d4bf26,,,,,,,,,,,,,,,,,,,,,,,,,,,,,,,,,,,,,,,,,,,,,,,,,,,,,,,,,,,,19,stim_fam/019_rgray_250.png,,,,,,,,,,,,,,,,,,,,,,,,,,,,,,,,,,,,,1.959890163,820.7201,822.6691,,,,,,,,FALSE,,FALSE,,,,,,,,,,,,822.67,823.3358,p,0.5884,,65,118,2,1,250,novel,,,FALSE,823.336,823.3361,823.3362,823.3363,,64,0,64,0,1,,,,
,,,,,6a315870746014618def9b04,2026-06-16_10h07.55.180,WP1_3,2025.2.3,Win32,59.88023952,5db4ef4a2986a3000be1f886,6a030b8ba3607712b5d4bf26,,,,,,,,,,,,,,,,,,,,,,,,,,,,,,,,,,,,,,,,,,,,,,,,,,,,,,,,,,,,47,Celebrities_Faces/047_03_greyscale_250.png,,,,,,,,,,,,,,,,,,,,,,,,,,,,,,,,,,,,,2.252509651,823.3366,825.5855,,,,,,,,TRUE,,FALSE,,,,,,,,,,,,825.5864,826.3353,q,0.6807,,66,61,2,1,3,familiar,,,FALSE,826.3355,826.3355,826.3356,826.3357,,65,0,65,0,1,,,,
,,,,,6a315870746014618def9b04,2026-06-16_10h07.55.180,WP1_3,2025.2.3,Win32,59.88023952,5db4ef4a2986a3000be1f886,6a030b8ba3607712b5d4bf26,,,,,,,,,,,,,,,,,,,,,,,,,,,,,,,,,,,,,,,,,,,,,,,,,,,,,,,,,,,,24,stim_fam/024_rgray_250.png,,,,,,,,,,,,,,,,,,,,,,,,,,,,,,,,,,,,,2.119364342,826.336,828.4517,,,,,,,,FALSE,,FALSE,,,,,,,,,,,,828.4525,829.2017,p,0.6781,,67,100,2,1,250,novel,,,FALSE,829.2018,829.2018,829.2019,829.202,,66,0,66,0,1,,,,
,,,,,6a315870746014618def9b04,2026-06-16_10h07.55.180,WP1_3,2025.2.3,Win32,59.88023952,5db4ef4a2986a3000be1f886,6a030b8ba3607712b5d4bf26,,,,,,,,,,,,,,,,,,,,,,,,,,,,,,,,,,,,,,,,,,,,,,,,,,,,,,,,,,,,26,stim_fam/026_rgray_250.png,,,,,,,,,,,,,,,,,,,,,,,,,,,,,,,,,,,,,1.997990563,829.2022,831.2014,,,,,,,,FALSE,,FALSE,,,,,,,,,,,,831.2024,831.9179,p,0.6341,,68,97,2,1,250,novel,,,FALSE,831.9181,831.9183,831.9183,831.9184,,67,0,67,0,1,,,,
,,,,,6a315870746014618def9b04,2026-06-16_10h07.55.180,WP1_3,2025.2.3,Win32,59.88023952,5db4ef4a2986a3000be1f886,6a030b8ba3607712b5d4bf26,,,,,,,,,,,,,,,,,,,,,,,,,,,,,,,,,,,,,,,,,,,,,,,,,,,,,,,,,,,,31,Celebrities_Faces/031_03_greyscale_250.png,,,,,,,,,,,,,,,,,,,,,,,,,,,,,,,,,,,,,2.499070033,831.9187,834.4176,,,,,,,,TRUE,,FALSE,,,,,,,,,,,,834.4181,835.3008,q,0.8124,,69,63,2,1,3,familiar,,,FALSE,835.3009,835.301,835.301,835.301,,68,0,68,0,1,,,,
,,,,,6a315870746014618def9b04,2026-06-16_10h07.55.180,WP1_3,2025.2.3,Win32,59.88023952,5db4ef4a2986a3000be1f886,6a030b8ba3607712b5d4bf26,,,,,,,,,,,,,,,,,,,,,,,,,,,,,,,,,,,,,,,,,,,,,,,,,,,,,,,,,,,,21,stim_fam/021_rgray_250.png,,,,,,,,,,,,,,,,,,,,,,,,,,,,,,,,,,,,,2.131957396,835.3012,837.4338,,,,,,,,FALSE,,FALSE,,,,,,,,,,,,837.4345,838.2504,p,0.7425,,70,96,2,1,250,novel,,,FALSE,838.2507,838.2508,838.2508,838.2509,,69,0,69,0,1,,,,
,,,,,6a315870746014618def9b04,2026-06-16_10h07.55.180,WP1_3,2025.2.3,Win32,59.88023952,5db4ef4a2986a3000be1f886,6a030b8ba3607712b5d4bf26,,,,,,,,,,,,,,,,,,,,,,,,,,,,,,,,,,,,,,,,,,,,,,,,,,,,,,,,,,,,37,Celebrities_Faces/037_02_greyscale_250.png,,,,,,,,,,,,,,,,,,,,,,,,,,,,,,,,,,,,,2.322738058,838.2513,840.5666,,,,,,,,TRUE,,FALSE,,,,,,,,,,,,840.5674,841.2997,p,0.6691,,71,75,2,1,2,familiar,,,FALSE,841.2998,841.2998,841.2999,841.2999,,70,0,70,0,1,,,,
,,,,,6a315870746014618def9b04,2026-06-16_10h07.55.180,WP1_3,2025.2.3,Win32,59.88023952,5db4ef4a2986a3000be1f886,6a030b8ba3607712b5d4bf26,,,,,,,,,,,,,,,,,,,,,,,,,,,,,,,,,,,,,,,,,,,,,,,,,,,,,,,,,,,,25,stim_fam/025_rgray_250.png,,,,,,,,,,,,,,,,,,,,,,,,,,,,,,,,,,,,,2.227762399,841.3002,843.5162,,,,,,,,FALSE,,FALSE,,,,,,,,,,,,843.5168,844.2831,p,0.6923,,72,109,2,1,250,novel,,,FALSE,844.2833,844.2834,844.2835,844.2836,,71,0,71,0,1,,,,
,,,,,6a315870746014618def9b04,2026-06-16_10h07.55.180,WP1_3,2025.2.3,Win32,59.88023952,5db4ef4a2986a3000be1f886,6a030b8ba3607712b5d4bf26,,,,,,,,,,,,,,,,,,,,,,,,,,,,,,,,,,,,,,,,,,,,,,,,,,,,,,,,,,,,59,stim_fam/059_rgray_250.png,,,,,,,,,,,,,,,,,,,,,,,,,,,,,,,,,,,,,1.895278874,844.2839,846.1825,,,,,,,,FALSE,,FALSE,,,,,,,,,,,,846.1832,846.916,p,0.6614,,73,92,2,1,250,novel,,,FALSE,846.9161,846.9162,846.9162,846.9163,,72,0,72,0,1,,,,
,,,,,6a315870746014618def9b04,2026-06-16_10h07.55.180,WP1_3,2025.2.3,Win32,59.88023952,5db4ef4a2986a3000be1f886,6a030b8ba3607712b5d4bf26,,,,,,,,,,,,,,,,,,,,,,,,,,,,,,,,,,,,,,,,,,,,,,,,,,,,,,,,,,,,46,stim_fam/046_rgray_250.png,,,,,,,,,,,,,,,,,,,,,,,,,,,,,,,,,,,,,2.324397583,846.9166,849.2322,,,,,,,,FALSE,,FALSE,,,,,,,,,,,,849.2328,849.8489,p,0.5495,,74,105,2,1,250,novel,,,FALSE,849.849,849.849,849.8491,849.8491,,73,0,73,0,1,,,,
,,,,,6a315870746014618def9b04,2026-06-16_10h07.55.180,WP1_3,2025.2.3,Win32,59.88023952,5db4ef4a2986a3000be1f886,6a030b8ba3607712b5d4bf26,,,,,,,,,,,,,,,,,,,,,,,,,,,,,,,,,,,,,,,,,,,,,,,,,,,,,,,,,,,,23,stim_fam/023_rgray_250.png,,,,,,,,,,,,,,,,,,,,,,,,,,,,,,,,,,,,,2.416711508,849.8493,852.2649,,,,,,,,FALSE,,FALSE,,,,,,,,,,,,852.2655,852.9819,p,0.6443,,75,104,2,1,250,novel,,,FALSE,852.982,852.982,852.9821,852.9821,,74,0,74,0,1,,,,
,,,,,6a315870746014618def9b04,2026-06-16_10h07.55.180,WP1_3,2025.2.3,Win32,59.88023952,5db4ef4a2986a3000be1f886,6a030b8ba3607712b5d4bf26,,,,,,,,,,,,,,,,,,,,,,,,,,,,,,,,,,,,,,,,,,,,,,,,,,,,,,,,,,,,67,stim_fam/067_rgray_250.png,,,,,,,,,,,,,,,,,,,,,,,,,,,,,,,,,,,,,2.045966076,852.9823,855.0316,,,,,,,,FALSE,,FALSE,,,,,,,,,,,,855.0324,855.7645,p,0.6606,,76,94,2,1,250,novel,,,FALSE,855.7647,855.7647,855.7647,855.7648,,75,0,75,0,1,,,,
,,,,,6a315870746014618def9b04,2026-06-16_10h07.55.180,WP1_3,2025.2.3,Win32,59.88023952,5db4ef4a2986a3000be1f886,6a030b8ba3607712b5d4bf26,,,,,,,,,,,,,,,,,,,,,,,,,,,,,,,,,,,,,,,,,,,,,,,,,,,,,,,,,,,,7,Celebrities_Faces/007_02_greyscale_250.png,,,,,,,,,,,,,,,,,,,,,,,,,,,,,,,,,,,,,2.415141381,855.7651,858.1813,,,,,,,,TRUE,,FALSE,,,,,,,,,,,,858.1824,858.9476,p,0.696,,77,89,2,1,2,familiar,,,FALSE,858.9477,858.9478,858.9478,858.9479,,76,0,76,0,1,,,,
,,,,,6a315870746014618def9b04,2026-06-16_10h07.55.180,WP1_3,2025.2.3,Win32,59.88023952,5db4ef4a2986a3000be1f886,6a030b8ba3607712b5d4bf26,,,,,,,,,,,,,,,,,,,,,,,,,,,,,,,,,,,,,,,,,,,,,,,,,,,,,,,,,,,,36,stim_fam/036_rgray_250.png,,,,,,,,,,,,,,,,,,,,,,,,,,,,,,,,,,,,,1.901208621,858.9481,860.8472,,,,,,,,FALSE,,FALSE,,,,,,,,,,,,860.8478,861.5472,p,0.6288,,78,101,2,1,250,novel,,,FALSE,861.5473,861.5474,861.5474,861.5475,,77,0,77,0,1,,,,
,,,,,6a315870746014618def9b04,2026-06-16_10h07.55.180,WP1_3,2025.2.3,Win32,59.88023952,5db4ef4a2986a3000be1f886,6a030b8ba3607712b5d4bf26,,,,,,,,,,,,,,,,,,,,,,,,,,,,,,,,,,,,,,,,,,,,,,,,,,,,,,,,,,,,62,stim_fam/062_rgray_250.png,,,,,,,,,,,,,,,,,,,,,,,,,,,,,,,,,,,,,1.519209924,861.5478,863.0638,,,,,,,,FALSE,,FALSE,,,,,,,,,,,,863.0643,863.9304,p,0.7959,,79,114,2,1,250,novel,,,FALSE,863.9307,863.9308,863.9308,863.9309,,78,0,78,0,1,,,,
,,,,,6a315870746014618def9b04,2026-06-16_10h07.55.180,WP1_3,2025.2.3,Win32,59.88023952,5db4ef4a2986a3000be1f886,6a030b8ba3607712b5d4bf26,,,,,,,,,,,,,,,,,,,,,,,,,,,,,,,,,,,,,,,,,,,,,,,,,,,,,,,,,,,,8,Celebrities_Faces/008_01_greyscale_250.png,,,,,,,,,,,,,,,,,,,,,,,,,,,,,,,,,,,,,1.799098886,863.9313,865.7303,,,,,,,,TRUE,,FALSE,,,,,,,,,,,,865.7308,866.58,p,0.7797,,80,73,2,1,1,familiar,,,FALSE,866.5801,866.5802,866.5802,866.5802,,79,0,79,0,1,,,,
,,,,,6a315870746014618def9b04,2026-06-16_10h07.55.180,WP1_3,2025.2.3,Win32,59.88023952,5db4ef4a2986a3000be1f886,6a030b8ba3607712b5d4bf26,,,,,,,,,,,,,,,,,,,,,,,,,,,,,,,,,,,,,,,,,,,,,,,,,,,,,,,,,,,,34,Celebrities_Faces/034_02_greyscale_250.png,,,,,,,,,,,,,,,,,,,,,,,,,,,,,,,,,,,,,1.820820023,866.5805,868.3963,,,,,,,,TRUE,,FALSE,,,,,,,,,,,,868.3969,869.1133,q,0.6444,,81,67,2,1,2,familiar,,,FALSE,869.1135,869.1136,869.1136,869.1137,,80,0,80,0,1,,,,
,,,,,6a315870746014618def9b04,2026-06-16_10h07.55.180,WP1_3,2025.2.3,Win32,59.88023952,5db4ef4a2986a3000be1f886,6a030b8ba3607712b5d4bf26,,,,,,,,,,,,,,,,,,,,,,,,,,,,,,,,,,,,,,,,,,,,,,,,,,,,,,,,,,,,42,Celebrities_Faces/042_01_greyscale_250.png,,,,,,,,,,,,,,,,,,,,,,,,,,,,,,,,,,,,,2.265321285,869.1141,871.3795,,,,,,,,TRUE,,FALSE,,,,,,,,,,,,871.3802,872.1794,p,0.7267,,82,77,2,1,1,familiar,,,FALSE,872.1796,872.1796,872.1797,872.1797,,81,0,81,0,1,,,,
,,,,,6a315870746014618def9b04,2026-06-16_10h07.55.180,WP1_3,2025.2.3,Win32,59.88023952,5db4ef4a2986a3000be1f886,6a030b8ba3607712b5d4bf26,,,,,,,,,,,,,,,,,,,,,,,,,,,,,,,,,,,,,,,,,,,,,,,,,,,,,,,,,,,,14,Celebrities_Faces/014_03_greyscale_250.png,,,,,,,,,,,,,,,,,,,,,,,,,,,,,,,,,,,,,2.341934488,872.18,874.5125,,,,,,,,TRUE,,FALSE,,,,,,,,,,,,874.513,875.4623,p,0.8755,,83,62,2,1,3,familiar,,,FALSE,875.4624,875.4625,875.4625,875.4625,,82,0,82,0,1,,,,
,,,,,6a315870746014618def9b04,2026-06-16_10h07.55.180,WP1_3,2025.2.3,Win32,59.88023952,5db4ef4a2986a3000be1f886,6a030b8ba3607712b5d4bf26,,,,,,,,,,,,,,,,,,,,,,,,,,,,,,,,,,,,,,,,,,,,,,,,,,,,,,,,,,,,45,Celebrities_Faces/045_01_greyscale_250.png,,,,,,,,,,,,,,,,,,,,,,,,,,,,,,,,,,,,,1.714657976,875.4627,877.1787,,,,,,,,TRUE,,FALSE,,,,,,,,,,,,877.1794,878.112,q,0.8595,,84,64,2,1,1,familiar,,,FALSE,878.1122,878.1123,878.1123,878.1125,,83,0,83,0,1,,,,
,,,,,6a315870746014618def9b04,2026-06-16_10h07.55.180,WP1_3,2025.2.3,Win32,59.88023952,5db4ef4a2986a3000be1f886,6a030b8ba3607712b5d4bf26,,,,,,,,,,,,,,,,,,,,,,,,,,,,,,,,,,,,,,,,,,,,,,,,,,,,,,,,,,,,24,Celebrities_Faces/024_03_greyscale_250.png,,,,,,,,,,,,,,,,,,,,,,,,,,,,,,,,,,,,,2.175283945,878.1127,880.2784,,,,,,,,TRUE,,FALSE,,,,,,,,,,,,880.2791,881.0616,q,0.7114,,85,87,2,1,3,familiar,,,FALSE,881.0618,881.0618,881.0619,881.0619,,84,0,84,0,1,,,,
,,,,,6a315870746014618def9b04,2026-06-16_10h07.55.180,WP1_3,2025.2.3,Win32,59.88023952,5db4ef4a2986a3000be1f886,6a030b8ba3607712b5d4bf26,,,,,,,,,,,,,,,,,,,,,,,,,,,,,,,,,,,,,,,,,,,,,,,,,,,,,,,,,,,,20,Celebrities_Faces/020_01_greyscale_250.png,,,,,,,,,,,,,,,,,,,,,,,,,,,,,,,,,,,,,1.58695431,881.0621,882.6448,,,,,,,,TRUE,,FALSE,,,,,,,,,,,,882.6453,883.4447,q,0.7268,,86,79,2,1,1,familiar,,,FALSE,883.4448,883.4449,883.4449,883.445,,85,0,85,0,1,,,,
,,,,,6a315870746014618def9b04,2026-06-16_10h07.55.180,WP1_3,2025.2.3,Win32,59.88023952,5db4ef4a2986a3000be1f886,6a030b8ba3607712b5d4bf26,,,,,,,,,,,,,,,,,,,,,,,,,,,,,,,,,,,,,,,,,,,,,,,,,,,,,,,,,,,,30,Celebrities_Faces/030_01_greyscale_250.png,,,,,,,,,,,,,,,,,,,,,,,,,,,,,,,,,,,,,2.499361462,883.4452,885.9445,,,,,,,,TRUE,,FALSE,,,,,,,,,,,,885.9457,886.7446,q,0.7138,,87,76,2,1,1,familiar,,,FALSE,886.745,886.745,886.7451,886.7453,,86,0,86,0,1,,,,
,,,,,6a315870746014618def9b04,2026-06-16_10h07.55.180,WP1_3,2025.2.3,Win32,59.88023952,5db4ef4a2986a3000be1f886,6a030b8ba3607712b5d4bf26,,,,,,,,,,,,,,,,,,,,,,,,,,,,,,,,,,,,,,,,,,,,,,,,,,,,,,,,,,,,17,stim_fam/017_rgray_250.png,,,,,,,,,,,,,,,,,,,,,,,,,,,,,,,,,,,,,2.234635017,886.7459,888.9772,,,,,,,,FALSE,,FALSE,,,,,,,,,,,,888.9777,889.8603,p,0.8178,,88,117,2,1,250,novel,,,FALSE,889.8605,889.8605,889.8605,889.8606,,87,0,87,0,1,,,,
,,,,,6a315870746014618def9b04,2026-06-16_10h07.55.180,WP1_3,2025.2.3,Win32,59.88023952,5db4ef4a2986a3000be1f886,6a030b8ba3607712b5d4bf26,,,,,,,,,,,,,,,,,,,,,,,,,,,,,,,,,,,,,,,,,,,,,,,,,,,,,,,,,,,,6,stim_fam/006_rgray_250.png,,,,,,,,,,,,,,,,,,,,,,,,,,,,,,,,,,,,,1.795556061,889.861,891.6602,,,,,,,,FALSE,,FALSE,,,,,,,,,,,,891.6609,892.4598,p,0.7338,,89,95,2,1,250,novel,,,FALSE,892.4599,892.46,892.46,892.46,,88,0,88,0,1,,,,
,,,,,6a315870746014618def9b04,2026-06-16_10h07.55.180,WP1_3,2025.2.3,Win32,59.88023952,5db4ef4a2986a3000be1f886,6a030b8ba3607712b5d4bf26,,,,,,,,,,,,,,,,,,,,,,,,,,,,,,,,,,,,,,,,,,,,,,,,,,,,,,,,,,,,44,stim_fam/044_rgray_250.png,,,,,,,,,,,,,,,,,,,,,,,,,,,,,,,,,,,,,1.909483593,892.4603,894.3599,,,,,,,,FALSE,,FALSE,,,,,,,,,,,,894.3607,895.1099,p,0.676,,90,106,2,1,250,novel,,,FALSE,895.1101,895.1101,895.1101,895.1102,,89,0,89,0,1,,,,
,,,,,6a315870746014618def9b04,2026-06-16_10h07.55.180,WP1_3,2025.2.3,Win32,59.88023952,5db4ef4a2986a3000be1f886,6a030b8ba3607712b5d4bf26,,,,,,,,,,,,,,,,,,,,,,,,,,,,,,,,,,,,,,,,,,,,,,,,,,,,,,,,,,,,38,Celebrities_Faces/038_03_greyscale_250.png,,,,,,,,,,,,,,,,,,,,,,,,,,,,,,,,,,,,,2.068539909,895.1104,897.1759,,,,,,,,TRUE,,FALSE,,,,,,,,,,,,897.1766,897.926,p,0.6823,,91,82,2,1,3,familiar,,,FALSE,897.9262,897.9262,897.9263,897.9264,,90,0,90,0,1,,,,
,,,,,6a315870746014618def9b04,2026-06-16_10h07.55.180,WP1_3,2025.2.3,Win32,59.88023952,5db4ef4a2986a3000be1f886,6a030b8ba3607712b5d4bf26,,,,,,,,,,,,,,,,,,,,,,,,,,,,,,,,,,,,,,,,,,,,,,,,,,,,,,,,,,,,10,Celebrities_Faces/010_01_greyscale_250.png,,,,,,,,,,,,,,,,,,,,,,,,,,,,,,,,,,,,,2.272866029,897.9266,900.1925,,,,,,,,TRUE,,FALSE,,,,,,,,,,,,900.1934,900.9925,q,0.7241,,92,66,2,1,1,familiar,,,FALSE,900.9928,900.9929,900.9929,900.9931,,91,0,91,0,1,,,,
,,,,,6a315870746014618def9b04,2026-06-16_10h07.55.180,WP1_3,2025.2.3,Win32,59.88023952,5db4ef4a2986a3000be1f886,6a030b8ba3607712b5d4bf26,,,,,,,,,,,,,,,,,,,,,,,,,,,,,,,,,,,,,,,,,,,,,,,,,,,,,,,,,,,,101,stim_fam/101_rgray_250.png,,,,,,,,,,,,,,,,,,,,,,,,,,,,,,,,,,,,,1.544798334,900.9934,902.5424,,,,,,,,FALSE,,FALSE,,,,,,,,,,,,902.5433,903.5254,q,0.9114,,93,91,2,1,250,novel,,,FALSE,903.5256,903.5257,903.5258,903.5258,,92,0,92,0,1,,,,
,,,,,6a315870746014618def9b04,2026-06-16_10h07.55.180,WP1_3,2025.2.3,Win32,59.88023952,5db4ef4a2986a3000be1f886,6a030b8ba3607712b5d4bf26,,,,,,,,,,,,,,,,,,,,,,,,,,,,,,,,,,,,,,,,,,,,,,,,,,,,,,,,,,,,39,stim_fam/039_rgray_250.png,,,,,,,,,,,,,,,,,,,,,,,,,,,,,,,,,,,,,2.474140072,903.5261,905.9919,,,,,,,,FALSE,,FALSE,,,,,,,,,,,,905.9928,906.5918,p,0.5203,,94,119,2,1,250,novel,,,FALSE,906.5921,906.5922,906.5923,906.5924,,93,0,93,0,1,,,,
,,,,,6a315870746014618def9b04,2026-06-16_10h07.55.180,WP1_3,2025.2.3,Win32,59.88023952,5db4ef4a2986a3000be1f886,6a030b8ba3607712b5d4bf26,,,,,,,,,,,,,,,,,,,,,,,,,,,,,,,,,,,,,,,,,,,,,,,,,,,,,,,,,,,,9,stim_fam/009_rgray_250.png,,,,,,,,,,,,,,,,,,,,,,,,,,,,,,,,,,,,,2.106803692,906.5928,908.6914,,,,,,,,FALSE,,FALSE,,,,,,,,,,,,908.6923,909.3244,q,0.5627,,95,120,2,1,250,novel,,,FALSE,909.3245,909.3246,909.3246,909.3247,,94,0,94,0,1,,,,
,,,,,6a315870746014618def9b04,2026-06-16_10h07.55.180,WP1_3,2025.2.3,Win32,59.88023952,5db4ef4a2986a3000be1f886,6a030b8ba3607712b5d4bf26,,,,,,,,,,,,,,,,,,,,,,,,,,,,,,,,,,,,,,,,,,,,,,,,,,,,,,,,,,,,34,stim_fam/034_rgray_250.png,,,,,,,,,,,,,,,,,,,,,,,,,,,,,,,,,,,,,1.583403388,909.325,910.9073,,,,,,,,FALSE,,FALSE,,,,,,,,,,,,910.9078,911.7245,p,0.7463,,96,115,2,1,250,novel,,,FALSE,911.7246,911.7247,911.7247,911.7248,,95,0,95,0,1,,,,
,,,,,6a315870746014618def9b04,2026-06-16_10h07.55.180,WP1_3,2025.2.3,Win32,59.88023952,5db4ef4a2986a3000be1f886,6a030b8ba3607712b5d4bf26,,,,,,,,,,,,,,,,,,,,,,,,,,,,,,,,,,,,,,,,,,,,,,,,,,,,,,,,,,,,27,stim_fam/027_rgray_250.png,,,,,,,,,,,,,,,,,,,,,,,,,,,,,,,,,,,,,2.043668606,911.7251,913.7571,,,,,,,,FALSE,,FALSE,,,,,,,,,,,,913.7576,914.3907,p,0.559,,97,116,2,1,250,novel,,,FALSE,914.3908,914.3909,914.3909,914.3911,,96,0,96,0,1,,,,
,,,,,6a315870746014618def9b04,2026-06-16_10h07.55.180,WP1_3,2025.2.3,Win32,59.88023952,5db4ef4a2986a3000be1f886,6a030b8ba3607712b5d4bf26,,,,,,,,,,,,,,,,,,,,,,,,,,,,,,,,,,,,,,,,,,,,,,,,,,,,,,,,,,,,2,stim_fam/002_rgray_250.png,,,,,,,,,,,,,,,,,,,,,,,,,,,,,,,,,,,,,2.431670964,914.3914,916.8238,,,,,,,,FALSE,,FALSE,,,,,,,,,,,,916.8244,917.4736,p,0.579,,98,102,2,1,250,novel,,,FALSE,917.4736,917.4736,917.4736,917.4738,,97,0,97,0,1,,,,
,,,,,6a315870746014618def9b04,2026-06-16_10h07.55.180,WP1_3,2025.2.3,Win32,59.88023952,5db4ef4a2986a3000be1f886,6a030b8ba3607712b5d4bf26,,,,,,,,,,,,,,,,,,,,,,,,,,,,,,,,,,,,,,,,,,,,,,,,,,,,,,,,,,,,42,stim_fam/042_rgray_250.png,,,,,,,,,,,,,,,,,,,,,,,,,,,,,,,,,,,,,2.337711531,917.4739,919.8066,,,,,,,,FALSE,,FALSE,,,,,,,,,,,,919.8071,920.4898,p,0.6078,,99,113,2,1,250,novel,,,FALSE,920.4899,920.4899,920.4899,920.49,,98,0,98,0,1,,,,
,,,,,6a315870746014618def9b04,2026-06-16_10h07.55.180,WP1_3,2025.2.3,Win32,59.88023952,5db4ef4a2986a3000be1f886,6a030b8ba3607712b5d4bf26,,,,,,,,,,,,,,,,,,,,,,,,,,,,,,,,,,,,,,,,,,,,,,,,,,,,,,,,,,,,9,Celebrities_Faces/009_02_greyscale_250.png,,,,,,,,,,,,,,,,,,,,,,,,,,,,,,,,,,,,,1.851017377,920.4902,922.3396,,,,,,,,TRUE,,FALSE,,,,,,,,,,,,922.3401,922.9396,p,0.5272,,100,88,2,1,2,familiar,,,FALSE,922.9397,922.9397,922.9397,922.9398,,99,0,99,0,1,,,,
,,,,,6a315870746014618def9b04,2026-06-16_10h07.55.180,WP1_3,2025.2.3,Win32,59.88023952,5db4ef4a2986a3000be1f886,6a030b8ba3607712b5d4bf26,,,,,,,,,,,,,,,,,,,,,,,,,,,,,,,,,,,,,,,,,,,,,,,,,,,,,,,,,,,,70,stim_fam/070_rgray_250.png,,,,,,,,,,,,,,,,,,,,,,,,,,,,,,,,,,,,,2.295083797,922.94,925.2393,,,,,,,,FALSE,,FALSE,,,,,,,,,,,,925.2398,925.8894,p,0.5772,,101,111,2,1,250,novel,,,FALSE,925.8895,925.8895,925.8896,925.8896,,100,0,100,0,1,,,,
,,,,,6a315870746014618def9b04,2026-06-16_10h07.55.180,WP1_3,2025.2.3,Win32,59.88023952,5db4ef4a2986a3000be1f886,6a030b8ba3607712b5d4bf26,,,,,,,,,,,,,,,,,,,,,,,,,,,,,,,,,,,,,,,,,,,,,,,,,,,,,,,,,,,,2,Celebrities_Faces/002_01_greyscale_250.png,,,,,,,,,,,,,,,,,,,,,,,,,,,,,,,,,,,,,2.230982698,925.89,928.1224,,,,,,,,TRUE,,FALSE,,,,,,,,,,,,928.1232,928.8723,q,0.6794,,102,80,2,1,1,familiar,,,FALSE,928.8725,928.8725,928.8725,928.8726,,101,0,101,0,1,,,,
,,,,,6a315870746014618def9b04,2026-06-16_10h07.55.180,WP1_3,2025.2.3,Win32,59.88023952,5db4ef4a2986a3000be1f886,6a030b8ba3607712b5d4bf26,,,,,,,,,,,,,,,,,,,,,,,,,,,,,,,,,,,,,,,,,,,,,,,,,,,,,,,,,,,,25,Celebrities_Faces/025_01_greyscale_250.png,,,,,,,,,,,,,,,,,,,,,,,,,,,,,,,,,,,,,2.450537087,928.8729,931.3217,,,,,,,,TRUE,,FALSE,,,,,,,,,,,,931.3233,932.0551,p,0.6656,,103,69,2,1,1,familiar,,,FALSE,932.0552,932.0553,932.0554,932.0554,,102,0,102,0,1,,,,
,,,,,6a315870746014618def9b04,2026-06-16_10h07.55.180,WP1_3,2025.2.3,Win32,59.88023952,5db4ef4a2986a3000be1f886,6a030b8ba3607712b5d4bf26,,,,,,,,,,,,,,,,,,,,,,,,,,,,,,,,,,,,,,,,,,,,,,,,,,,,,,,,,,,,50,stim_fam/050_rgray_250.png,,,,,,,,,,,,,,,,,,,,,,,,,,,,,,,,,,,,,1.906018577,932.0556,933.9548,,,,,,,,FALSE,,FALSE,,,,,,,,,,,,933.9556,934.6714,p,0.6524,,104,99,2,1,250,novel,,,FALSE,934.6716,934.6717,934.6717,934.6718,,103,0,103,0,1,,,,
,,,,,6a315870746014618def9b04,2026-06-16_10h07.55.180,WP1_3,2025.2.3,Win32,59.88023952,5db4ef4a2986a3000be1f886,6a030b8ba3607712b5d4bf26,,,,,,,,,,,,,,,,,,,,,,,,,,,,,,,,,,,,,,,,,,,,,,,,,,,,,,,,,,,,80,stim_fam/080_rgray_250.png,,,,,,,,,,,,,,,,,,,,,,,,,,,,,,,,,,,,,2.458125769,934.6721,937.1211,,,,,,,,FALSE,,FALSE,,,,,,,,,,,,937.1217,937.7707,q,0.5812,,105,93,2,1,250,novel,,,FALSE,937.7708,937.7709,937.7709,937.7709,,104,0,104,0,1,,,,
,,,,,6a315870746014618def9b04,2026-06-16_10h07.55.180,WP1_3,2025.2.3,Win32,59.88023952,5db4ef4a2986a3000be1f886,6a030b8ba3607712b5d4bf26,,,,,,,,,,,,,,,,,,,,,,,,,,,,,,,,,,,,,,,,,,,,,,,,,,,,,,,,,,,,54,Celebrities_Faces/054_03_greyscale_250.png,,,,,,,,,,,,,,,,,,,,,,,,,,,,,,,,,,,,,2.070140124,937.7712,939.8371,,,,,,,,TRUE,,FALSE,,,,,,,,,,,,939.8376,940.5041,q,0.6011,,106,78,2,1,3,familiar,,,FALSE,940.5041,940.5042,940.5043,940.5043,,105,0,105,0,1,,,,
,,,,,6a315870746014618def9b04,2026-06-16_10h07.55.180,WP1_3,2025.2.3,Win32,59.88023952,5db4ef4a2986a3000be1f886,6a030b8ba3607712b5d4bf26,,,,,,,,,,,,,,,,,,,,,,,,,,,,,,,,,,,,,,,,,,,,,,,,,,,,,,,,,,,,96,stim_fam/096_rgray_250.png,,,,,,,,,,,,,,,,,,,,,,,,,,,,,,,,,,,,,2.118457078,940.5046,942.6205,,,,,,,,FALSE,,FALSE,,,,,,,,,,,,942.621,943.4367,p,0.7535,,107,110,2,1,250,novel,,,FALSE,943.4368,943.4369,943.4369,943.4369,,106,0,106,0,1,,,,
,,,,,6a315870746014618def9b04,2026-06-16_10h07.55.180,WP1_3,2025.2.3,Win32,59.88023952,5db4ef4a2986a3000be1f886,6a030b8ba3607712b5d4bf26,,,,,,,,,,,,,,,,,,,,,,,,,,,,,,,,,,,,,,,,,,,,,,,,,,,,,,,,,,,,39,Celebrities_Faces/039_01_greyscale_250.png,,,,,,,,,,,,,,,,,,,,,,,,,,,,,,,,,,,,,1.562569501,943.4372,945.0036,,,,,,,,TRUE,,FALSE,,,,,,,,,,,,945.004,945.7866,p,0.7109,,108,70,2,1,1,familiar,,,FALSE,945.7866,945.7868,945.7868,945.7868,,107,0,107,0,1,,,,
,,,,,6a315870746014618def9b04,2026-06-16_10h07.55.180,WP1_3,2025.2.3,Win32,59.88023952,5db4ef4a2986a3000be1f886,6a030b8ba3607712b5d4bf26,,,,,,,,,,,,,,,,,,,,,,,,,,,,,,,,,,,,,,,,,,,,,,,,,,,,,,,,,,,,6,Celebrities_Faces/006_02_greyscale_250.png,,,,,,,,,,,,,,,,,,,,,,,,,,,,,,,,,,,,,2.346389246,945.7869,948.1365,,,,,,,,TRUE,,FALSE,,,,,,,,,,,,948.1372,949.0031,q,0.7866,,109,72,2,1,2,familiar,,,FALSE,949.0033,949.0034,949.0034,949.0036,,108,0,108,0,1,,,,
,,,,,6a315870746014618def9b04,2026-06-16_10h07.55.180,WP1_3,2025.2.3,Win32,59.88023952,5db4ef4a2986a3000be1f886,6a030b8ba3607712b5d4bf26,,,,,,,,,,,,,,,,,,,,,,,,,,,,,,,,,,,,,,,,,,,,,,,,,,,,,,,,,,,,1,Celebrities_Faces/001_03_greyscale_250.png,,,,,,,,,,,,,,,,,,,,,,,,,,,,,,,,,,,,,2.085888712,949.0038,951.086,,,,,,,,TRUE,,FALSE,,,,,,,,,,,,951.0869,951.7194,q,0.5517,,110,71,2,1,3,familiar,,,FALSE,951.7195,951.7196,951.7196,951.7197,,109,0,109,0,1,,,,
,,,,,6a315870746014618def9b04,2026-06-16_10h07.55.180,WP1_3,2025.2.3,Win32,59.88023952,5db4ef4a2986a3000be1f886,6a030b8ba3607712b5d4bf26,,,,,,,,,,,,,,,,,,,,,,,,,,,,,,,,,,,,,,,,,,,,,,,,,,,,,,,,,,,,60,Celebrities_Faces/060_01_greyscale_250.png,,,,,,,,,,,,,,,,,,,,,,,,,,,,,,,,,,,,,1.878103933,951.7201,953.5858,,,,,,,,TRUE,,FALSE,,,,,,,,,,,,953.5865,954.3189,p,0.6592,,111,65,2,1,1,familiar,,,FALSE,954.319,954.3191,954.3191,954.3192,,110,0,110,0,1,,,,
,,,,,6a315870746014618def9b04,2026-06-16_10h07.55.180,WP1_3,2025.2.3,Win32,59.88023952,5db4ef4a2986a3000be1f886,6a030b8ba3607712b5d4bf26,,,,,,,,,,,,,,,,,,,,,,,,,,,,,,,,,,,,,,,,,,,,,,,,,,,,,,,,,,,,17,Celebrities_Faces/017_03_greyscale_250.png,,,,,,,,,,,,,,,,,,,,,,,,,,,,,,,,,,,,,2.017865869,954.3195,956.3354,,,,,,,,TRUE,,FALSE,,,,,,,,,,,,956.3361,956.9853,q,0.5792,,112,81,2,1,3,familiar,,,FALSE,956.9855,956.9856,956.9856,956.9856,,111,0,111,0,1,,,,
,,,,,6a315870746014618def9b04,2026-06-16_10h07.55.180,WP1_3,2025.2.3,Win32,59.88023952,5db4ef4a2986a3000be1f886,6a030b8ba3607712b5d4bf26,,,,,,,,,,,,,,,,,,,,,,,,,,,,,,,,,,,,,,,,,,,,,,,,,,,,,,,,,,,,59,Celebrities_Faces/059_03_greyscale_250.png,,,,,,,,,,,,,,,,,,,,,,,,,,,,,,,,,,,,,2.272455025,956.9859,959.2517,,,,,,,,TRUE,,FALSE,,,,,,,,,,,,959.2523,959.8851,p,0.559,,113,84,2,1,3,familiar,,,FALSE,959.8852,959.8852,959.8852,959.8854,,112,0,112,0,1,,,,
,,,,,6a315870746014618def9b04,2026-06-16_10h07.55.180,WP1_3,2025.2.3,Win32,59.88023952,5db4ef4a2986a3000be1f886,6a030b8ba3607712b5d4bf26,,,,,,,,,,,,,,,,,,,,,,,,,,,,,,,,,,,,,,,,,,,,,,,,,,,,,,,,,,,,32,Celebrities_Faces/032_02_greyscale_250.png,,,,,,,,,,,,,,,,,,,,,,,,,,,,,,,,,,,,,1.734711167,959.8856,961.618,,,,,,,,TRUE,,FALSE,,,,,,,,,,,,961.6186,962.3512,q,0.6601,,114,90,2,1,2,familiar,,,FALSE,962.3513,962.3513,962.3513,962.3513,,113,0,113,0,1,,,,
,,,,,6a315870746014618def9b04,2026-06-16_10h07.55.180,WP1_3,2025.2.3,Win32,59.88023952,5db4ef4a2986a3000be1f886,6a030b8ba3607712b5d4bf26,,,,,,,,,,,,,,,,,,,,,,,,,,,,,,,,,,,,,,,,,,,,,,,,,,,,,,,,,,,,27,Celebrities_Faces/027_01_greyscale_250.png,,,,,,,,,,,,,,,,,,,,,,,,,,,,,,,,,,,,,1.598068448,962.3517,963.9509,,,,,,,,TRUE,,FALSE,,,,,,,,,,,,963.9516,964.684,q,0.661,,115,85,2,1,1,familiar,,,FALSE,964.6842,964.6842,964.6842,964.6844,,114,0,114,0,1,,,,
,,,,,6a315870746014618def9b04,2026-06-16_10h07.55.180,WP1_3,2025.2.3,Win32,59.88023952,5db4ef4a2986a3000be1f886,6a030b8ba3607712b5d4bf26,,,,,,,,,,,,,,,,,,,,,,,,,,,,,,,,,,,,,,,,,,,,,,,,,,,,,,,,,,,,94,stim_fam/094_rgray_250.png,,,,,,,,,,,,,,,,,,,,,,,,,,,,,,,,,,,,,2.289579012,964.6847,966.9673,,,,,,,,FALSE,,FALSE,,,,,,,,,,,,966.9682,967.8007,p,0.7547,,116,98,2,1,250,novel,,,FALSE,967.8009,967.8011,967.8011,967.8012,,115,0,115,0,1,,,,
,,,,,6a315870746014618def9b04,2026-06-16_10h07.55.180,WP1_3,2025.2.3,Win32,59.88023952,5db4ef4a2986a3000be1f886,6a030b8ba3607712b5d4bf26,,,,,,,,,,,,,,,,,,,,,,,,,,,,,,,,,,,,,,,,,,,,,,,,,,,,,,,,,,,,10,stim_fam/010_rgray_250.png,,,,,,,,,,,,,,,,,,,,,,,,,,,,,,,,,,,,,2.226348441,967.8015,970.017,,,,,,,,FALSE,,FALSE,,,,,,,,,,,,970.018,970.7002,q,0.6135,,117,112,2,1,250,novel,,,FALSE,970.7004,970.7005,970.7005,970.7005,,116,0,116,0,1,,,,
,,,,,6a315870746014618def9b04,2026-06-16_10h07.55.180,WP1_3,2025.2.3,Win32,59.88023952,5db4ef4a2986a3000be1f886,6a030b8ba3607712b5d4bf26,,,,,,,,,,,,,,,,,,,,,,,,,,,,,,,,,,,,,,,,,,,,,,,,,,,,,,,,,,,,28,Celebrities_Faces/028_03_greyscale_250.png,,,,,,,,,,,,,,,,,,,,,,,,,,,,,,,,,,,,,2.148192259,970.7007,972.8499,,,,,,,,TRUE,,FALSE,,,,,,,,,,,,972.8503,973.6334,q,0.7128,,118,86,2,1,3,familiar,,,FALSE,973.6335,973.6335,973.6335,973.6336,,117,0,117,0,1,,,,
,,,,,6a315870746014618def9b04,2026-06-16_10h07.55.180,WP1_3,2025.2.3,Win32,59.88023952,5db4ef4a2986a3000be1f886,6a030b8ba3607712b5d4bf26,,,,,,,,,,,,,,,,,,,,,,,,,,,,,,,,,,,,,,,,,,,,,,,,,,,,,,,,,,,,56,stim_fam/056_rgray_250.png,,,,,,,,,,,,,,,,,,,,,,,,,,,,,,,,,,,,,2.105716877,973.6339,975.733,,,,,,,,FALSE,,FALSE,,,,,,,,,,,,975.7334,976.4665,q,0.6644,,119,103,2,1,250,novel,,,FALSE,976.4668,976.4669,976.4669,976.4671,,118,0,118,0,1,,,,
,,,,,6a315870746014618def9b04,2026-06-16_10h07.55.180,WP1_3,2025.2.3,Win32,59.88023952,5db4ef4a2986a3000be1f886,6a030b8ba3607712b5d4bf26,,,,,,,,,,,,,,,,,,,,,,,,,,,,,,,,,,,,,,,,,,,,,,,,,,,,,,,,,,,,26,Celebrities_Faces/026_02_greyscale_250.png,,,,,,,,,,,,,,,,,,,,,,,,,,,,,,,,,,,,,2.105435644,976.4677,978.5658,,,,,,,,TRUE,,FALSE,,,,,,,,,,,,978.5664,979.4821,p,0.8415,,120,68,2,1,2,familiar,,,FALSE,979.4823,979.4823,979.4823,1004.0625,space,119,0,119,0,1,24.5479,,,
,,,,,6a315870746014618def9b04,2026-06-16_10h07.55.180,WP1_3,2025.2.3,Win32,59.88023952,5db4ef4a2986a3000be1f886,6a030b8ba3607712b5d4bf26,,,,,,,,,,,,,,,,,,,,,,,,,,,,,,,,,,,,,,,,,,,,,,,,,,,,,,,,,,,,24,Celebrities_Faces/024_01_greyscale_250.png,,,,,,,,,,,,,,,,,,,,,,,,,,,,,,,,,,,,,2.347827239,1004.0628,1006.4124,,,,,,,,TRUE,,FALSE,,,,,,,,,,,,1006.4128,1007.3121,p,0.8247,,121,147,3,1,1,familiar,,,FALSE,1007.3123,1007.3123,1007.3123,1007.3123,,120,0,120,0,1,,,,
,,,,,6a315870746014618def9b04,2026-06-16_10h07.55.180,WP1_3,2025.2.3,Win32,59.88023952,5db4ef4a2986a3000be1f886,6a030b8ba3607712b5d4bf26,,,,,,,,,,,,,,,,,,,,,,,,,,,,,,,,,,,,,,,,,,,,,,,,,,,,,,,,,,,,47,Celebrities_Faces/047_01_greyscale_250.png,,,,,,,,,,,,,,,,,,,,,,,,,,,,,,,,,,,,,2.150106583,1007.3125,1009.4619,,,,,,,,TRUE,,FALSE,,,,,,,,,,,,1009.4626,1010.2284,q,0.6999,,122,121,3,1,1,familiar,,,FALSE,1010.2286,1010.2286,1010.2286,1010.2286,,121,0,121,0,1,,,,
,,,,,6a315870746014618def9b04,2026-06-16_10h07.55.180,WP1_3,2025.2.3,Win32,59.88023952,5db4ef4a2986a3000be1f886,6a030b8ba3607712b5d4bf26,,,,,,,,,,,,,,,,,,,,,,,,,,,,,,,,,,,,,,,,,,,,,,,,,,,,,,,,,,,,31,Celebrities_Faces/031_02_greyscale_250.png,,,,,,,,,,,,,,,,,,,,,,,,,,,,,,,,,,,,,2.154178777,1010.2289,1012.3783,,,,,,,,TRUE,,FALSE,,,,,,,,,,,,1012.3791,1013.2281,q,0.7726,,123,123,3,1,2,familiar,,,FALSE,1013.2283,1013.2285,1013.2285,1013.2285,,122,0,122,0,1,,,,
,,,,,6a315870746014618def9b04,2026-06-16_10h07.55.180,WP1_3,2025.2.3,Win32,59.88023952,5db4ef4a2986a3000be1f886,6a030b8ba3607712b5d4bf26,,,,,,,,,,,,,,,,,,,,,,,,,,,,,,,,,,,,,,,,,,,,,,,,,,,,,,,,,,,,77,stim_fam/077_rgray_250.png,,,,,,,,,,,,,,,,,,,,,,,,,,,,,,,,,,,,,2.236268187,1013.2289,1015.4612,,,,,,,,FALSE,,FALSE,,,,,,,,,,,,1015.4621,1016.3442,p,0.8107,,124,159,3,1,250,novel,,,FALSE,1016.3444,1016.3444,1016.3444,1016.3446,,123,0,123,0,1,,,,
,,,,,6a315870746014618def9b04,2026-06-16_10h07.55.180,WP1_3,2025.2.3,Win32,59.88023952,5db4ef4a2986a3000be1f886,6a030b8ba3607712b5d4bf26,,,,,,,,,,,,,,,,,,,,,,,,,,,,,,,,,,,,,,,,,,,,,,,,,,,,,,,,,,,,45,stim_fam/045_rgray_250.png,,,,,,,,,,,,,,,,,,,,,,,,,,,,,,,,,,,,,2.211857721,1016.3448,1018.5443,,,,,,,,FALSE,,FALSE,,,,,,,,,,,,1018.5448,1019.4273,p,0.8134,,125,160,3,1,250,novel,,,FALSE,1019.4274,1019.4275,1019.4275,1019.4276,,124,0,124,0,1,,,,
,,,,,6a315870746014618def9b04,2026-06-16_10h07.55.180,WP1_3,2025.2.3,Win32,59.88023952,5db4ef4a2986a3000be1f886,6a030b8ba3607712b5d4bf26,,,,,,,,,,,,,,,,,,,,,,,,,,,,,,,,,,,,,,,,,,,,,,,,,,,,,,,,,,,,87,stim_fam/087_rgray_250.png,,,,,,,,,,,,,,,,,,,,,,,,,,,,,,,,,,,,,1.503308544,1019.4277,1020.9268,,,,,,,,FALSE,,FALSE,,,,,,,,,,,,1020.9272,1021.6601,p,0.6722,,126,164,3,1,250,novel,,,FALSE,1021.6602,1021.6602,1021.6602,1021.6603,,125,0,125,0,1,,,,
,,,,,6a315870746014618def9b04,2026-06-16_10h07.55.180,WP1_3,2025.2.3,Win32,59.88023952,5db4ef4a2986a3000be1f886,6a030b8ba3607712b5d4bf26,,,,,,,,,,,,,,,,,,,,,,,,,,,,,,,,,,,,,,,,,,,,,,,,,,,,,,,,,,,,35,stim_fam/035_rgray_250.png,,,,,,,,,,,,,,,,,,,,,,,,,,,,,,,,,,,,,2.140169459,1021.6606,1023.7933,,,,,,,,FALSE,,FALSE,,,,,,,,,,,,1023.7939,1024.5932,p,0.7196,,127,172,3,1,250,novel,,,FALSE,1024.5935,1024.5936,1024.5937,1024.5937,,126,0,126,0,1,,,,
,,,,,6a315870746014618def9b04,2026-06-16_10h07.55.180,WP1_3,2025.2.3,Win32,59.88023952,5db4ef4a2986a3000be1f886,6a030b8ba3607712b5d4bf26,,,,,,,,,,,,,,,,,,,,,,,,,,,,,,,,,,,,,,,,,,,,,,,,,,,,,,,,,,,,11,stim_fam/011_rgray_250.png,,,,,,,,,,,,,,,,,,,,,,,,,,,,,,,,,,,,,1.649606763,1024.594,1026.2431,,,,,,,,FALSE,,FALSE,,,,,,,,,,,,1026.2438,1026.9931,p,0.6807,,128,155,3,1,250,novel,,,FALSE,1026.9933,1026.9933,1026.9933,1026.9934,,127,0,127,0,1,,,,
,,,,,6a315870746014618def9b04,2026-06-16_10h07.55.180,WP1_3,2025.2.3,Win32,59.88023952,5db4ef4a2986a3000be1f886,6a030b8ba3607712b5d4bf26,,,,,,,,,,,,,,,,,,,,,,,,,,,,,,,,,,,,,,,,,,,,,,,,,,,,,,,,,,,,31,stim_fam/031_rgray_250.png,,,,,,,,,,,,,,,,,,,,,,,,,,,,,,,,,,,,,2.371369285,1026.9937,1029.3593,,,,,,,,FALSE,,FALSE,,,,,,,,,,,,1029.36,1030.1926,p,0.766,,129,176,3,1,250,novel,,,FALSE,1030.1928,1030.1928,1030.1928,1030.1929,,128,0,128,0,1,,,,
,,,,,6a315870746014618def9b04,2026-06-16_10h07.55.180,WP1_3,2025.2.3,Win32,59.88023952,5db4ef4a2986a3000be1f886,6a030b8ba3607712b5d4bf26,,,,,,,,,,,,,,,,,,,,,,,,,,,,,,,,,,,,,,,,,,,,,,,,,,,,,,,,,,,,37,stim_fam/037_rgray_250.png,,,,,,,,,,,,,,,,,,,,,,,,,,,,,,,,,,,,,1.761208233,1030.1932,1031.9425,,,,,,,,FALSE,,FALSE,,,,,,,,,,,,1031.9428,1032.7756,p,0.7677,,130,170,3,1,250,novel,,,FALSE,1032.7757,1032.7757,1032.7757,1032.7757,,129,0,129,0,1,,,,
,,,,,6a315870746014618def9b04,2026-06-16_10h07.55.180,WP1_3,2025.2.3,Win32,59.88023952,5db4ef4a2986a3000be1f886,6a030b8ba3607712b5d4bf26,,,,,,,,,,,,,,,,,,,,,,,,,,,,,,,,,,,,,,,,,,,,,,,,,,,,,,,,,,,,14,stim_fam/014_rgray_250.png,,,,,,,,,,,,,,,,,,,,,,,,,,,,,,,,,,,,,2.178607968,1032.776,1034.9586,,,,,,,,FALSE,,FALSE,,,,,,,,,,,,1034.9592,1035.7086,p,0.6785,,131,168,3,1,250,novel,,,FALSE,1035.7087,1035.7088,1035.7088,1035.7089,,130,0,130,0,1,,,,
,,,,,6a315870746014618def9b04,2026-06-16_10h07.55.180,WP1_3,2025.2.3,Win32,59.88023952,5db4ef4a2986a3000be1f886,6a030b8ba3607712b5d4bf26,,,,,,,,,,,,,,,,,,,,,,,,,,,,,,,,,,,,,,,,,,,,,,,,,,,,,,,,,,,,100,stim_fam/100_rgray_250.png,,,,,,,,,,,,,,,,,,,,,,,,,,,,,,,,,,,,,1.991986104,1035.7091,1037.6918,,,,,,,,FALSE,,FALSE,,,,,,,,,,,,1037.6924,1038.4078,p,0.6459,,132,174,3,1,250,novel,,,FALSE,1038.4079,1038.408,1038.408,1038.4081,,131,0,131,0,1,,,,
,,,,,6a315870746014618def9b04,2026-06-16_10h07.55.180,WP1_3,2025.2.3,Win32,59.88023952,5db4ef4a2986a3000be1f886,6a030b8ba3607712b5d4bf26,,,,,,,,,,,,,,,,,,,,,,,,,,,,,,,,,,,,,,,,,,,,,,,,,,,,,,,,,,,,103,stim_fam/103_rgray_250.png,,,,,,,,,,,,,,,,,,,,,,,,,,,,,,,,,,,,,1.71734591,1038.4084,1040.1248,,,,,,,,FALSE,,FALSE,,,,,,,,,,,,1040.1254,1040.9246,p,0.7254,,133,180,3,1,250,novel,,,FALSE,1040.9247,1040.9249,1040.9249,1040.925,,132,0,132,0,1,,,,
,,,,,6a315870746014618def9b04,2026-06-16_10h07.55.180,WP1_3,2025.2.3,Win32,59.88023952,5db4ef4a2986a3000be1f886,6a030b8ba3607712b5d4bf26,,,,,,,,,,,,,,,,,,,,,,,,,,,,,,,,,,,,,,,,,,,,,,,,,,,,,,,,,,,,22,stim_fam/022_rgray_250.png,,,,,,,,,,,,,,,,,,,,,,,,,,,,,,,,,,,,,2.444911275,1040.9252,1043.3745,,,,,,,,FALSE,,FALSE,,,,,,,,,,,,1043.3752,1044.0409,p,0.5889,,134,157,3,1,250,novel,,,FALSE,1044.0411,1044.0412,1044.0412,1044.0413,,133,0,133,0,1,,,,
,,,,,6a315870746014618def9b04,2026-06-16_10h07.55.180,WP1_3,2025.2.3,Win32,59.88023952,5db4ef4a2986a3000be1f886,6a030b8ba3607712b5d4bf26,,,,,,,,,,,,,,,,,,,,,,,,,,,,,,,,,,,,,,,,,,,,,,,,,,,,,,,,,,,,56,Celebrities_Faces/056_03_greyscale_250.png,,,,,,,,,,,,,,,,,,,,,,,,,,,,,,,,,,,,,2.092141645,1044.0416,1046.1239,,,,,,,,TRUE,,FALSE,,,,,,,,,,,,1046.1248,1046.9404,p,0.7435,,135,143,3,1,3,familiar,,,FALSE,1046.9407,1046.9407,1046.9407,1046.9409,,134,0,134,0,1,,,,
,,,,,6a315870746014618def9b04,2026-06-16_10h07.55.180,WP1_3,2025.2.3,Win32,59.88023952,5db4ef4a2986a3000be1f886,6a030b8ba3607712b5d4bf26,,,,,,,,,,,,,,,,,,,,,,,,,,,,,,,,,,,,,,,,,,,,,,,,,,,,,,,,,,,,39,Celebrities_Faces/039_03_greyscale_250.png,,,,,,,,,,,,,,,,,,,,,,,,,,,,,,,,,,,,,1.679715697,1046.9412,1048.6236,,,,,,,,TRUE,,FALSE,,,,,,,,,,,,1048.624,1049.4067,p,0.7102,,136,130,3,1,3,familiar,,,FALSE,1049.4069,1049.407,1049.407,1049.4071,,135,0,135,0,1,,,,
,,,,,6a315870746014618def9b04,2026-06-16_10h07.55.180,WP1_3,2025.2.3,Win32,59.88023952,5db4ef4a2986a3000be1f886,6a030b8ba3607712b5d4bf26,,,,,,,,,,,,,,,,,,,,,,,,,,,,,,,,,,,,,,,,,,,,,,,,,,,,,,,,,,,,85,stim_fam/085_rgray_250.png,,,,,,,,,,,,,,,,,,,,,,,,,,,,,,,,,,,,,2.064836745,1049.4074,1051.4733,,,,,,,,FALSE,,FALSE,,,,,,,,,,,,1051.4739,1052.2898,p,0.7428,,137,161,3,1,250,novel,,,FALSE,1052.29,1052.29,1052.2901,1052.2901,,136,0,136,0,1,,,,
,,,,,6a315870746014618def9b04,2026-06-16_10h07.55.180,WP1_3,2025.2.3,Win32,59.88023952,5db4ef4a2986a3000be1f886,6a030b8ba3607712b5d4bf26,,,,,,,,,,,,,,,,,,,,,,,,,,,,,,,,,,,,,,,,,,,,,,,,,,,,,,,,,,,,45,Celebrities_Faces/045_03_greyscale_250.png,,,,,,,,,,,,,,,,,,,,,,,,,,,,,,,,,,,,,2.093681922,1052.2904,1054.3728,,,,,,,,TRUE,,FALSE,,,,,,,,,,,,1054.3734,1055.1228,q,0.6783,,138,124,3,1,3,familiar,,,FALSE,1055.1229,1055.123,1055.123,1055.1231,,137,0,137,0,1,,,,
,,,,,6a315870746014618def9b04,2026-06-16_10h07.55.180,WP1_3,2025.2.3,Win32,59.88023952,5db4ef4a2986a3000be1f886,6a030b8ba3607712b5d4bf26,,,,,,,,,,,,,,,,,,,,,,,,,,,,,,,,,,,,,,,,,,,,,,,,,,,,,,,,,,,,9,Celebrities_Faces/009_01_greyscale_250.png,,,,,,,,,,,,,,,,,,,,,,,,,,,,,,,,,,,,,1.937568385,1055.1232,1057.0555,,,,,,,,TRUE,,FALSE,,,,,,,,,,,,1057.0559,1058.0391,q,0.9119,,139,148,3,1,1,familiar,,,FALSE,1058.0392,1058.0392,1058.0392,1058.0393,,138,0,138,0,1,,,,
,,,,,6a315870746014618def9b04,2026-06-16_10h07.55.180,WP1_3,2025.2.3,Win32,59.88023952,5db4ef4a2986a3000be1f886,6a030b8ba3607712b5d4bf26,,,,,,,,,,,,,,,,,,,,,,,,,,,,,,,,,,,,,,,,,,,,,,,,,,,,,,,,,,,,33,stim_fam/033_rgray_250.png,,,,,,,,,,,,,,,,,,,,,,,,,,,,,,,,,,,,,2.083381803,1058.0396,1060.1218,,,,,,,,FALSE,,FALSE,,,,,,,,,,,,1060.1223,1060.8553,p,0.6663,,140,163,3,1,250,novel,,,FALSE,1060.8554,1060.8555,1060.8555,1060.8555,,139,0,139,0,1,,,,
,,,,,6a315870746014618def9b04,2026-06-16_10h07.55.180,WP1_3,2025.2.3,Win32,59.88023952,5db4ef4a2986a3000be1f886,6a030b8ba3607712b5d4bf26,,,,,,,,,,,,,,,,,,,,,,,,,,,,,,,,,,,,,,,,,,,,,,,,,,,,,,,,,,,,58,stim_fam/058_rgray_250.png,,,,,,,,,,,,,,,,,,,,,,,,,,,,,,,,,,,,,1.5772879,1060.8557,1062.422,,,,,,,,FALSE,,FALSE,,,,,,,,,,,,1062.4228,1063.188,p,0.7006,,141,178,3,1,250,novel,,,FALSE,1063.1882,1063.1883,1063.1883,1063.1883,,140,0,140,0,1,,,,
,,,,,6a315870746014618def9b04,2026-06-16_10h07.55.180,WP1_3,2025.2.3,Win32,59.88023952,5db4ef4a2986a3000be1f886,6a030b8ba3607712b5d4bf26,,,,,,,,,,,,,,,,,,,,,,,,,,,,,,,,,,,,,,,,,,,,,,,,,,,,,,,,,,,,2,Celebrities_Faces/002_03_greyscale_250.png,,,,,,,,,,,,,,,,,,,,,,,,,,,,,,,,,,,,,1.742932647,1063.1885,1064.9213,,,,,,,,TRUE,,FALSE,,,,,,,,,,,,1064.9231,1065.6713,q,0.6812,,142,140,3,1,3,familiar,,,FALSE,1065.6715,1065.6715,1065.6716,1065.6716,,141,0,141,0,1,,,,
,,,,,6a315870746014618def9b04,2026-06-16_10h07.55.180,WP1_3,2025.2.3,Win32,59.88023952,5db4ef4a2986a3000be1f886,6a030b8ba3607712b5d4bf26,,,,,,,,,,,,,,,,,,,,,,,,,,,,,,,,,,,,,,,,,,,,,,,,,,,,,,,,,,,,81,stim_fam/081_rgray_250.png,,,,,,,,,,,,,,,,,,,,,,,,,,,,,,,,,,,,,1.804432439,1065.6718,1067.4713,,,,,,,,FALSE,,FALSE,,,,,,,,,,,,1067.4717,1068.1879,p,0.6418,,143,151,3,1,250,novel,,,FALSE,1068.1879,1068.188,1068.1881,1068.1881,,142,0,142,0,1,,,,
,,,,,6a315870746014618def9b04,2026-06-16_10h07.55.180,WP1_3,2025.2.3,Win32,59.88023952,5db4ef4a2986a3000be1f886,6a030b8ba3607712b5d4bf26,,,,,,,,,,,,,,,,,,,,,,,,,,,,,,,,,,,,,,,,,,,,,,,,,,,,,,,,,,,,25,Celebrities_Faces/025_02_greyscale_250.png,,,,,,,,,,,,,,,,,,,,,,,,,,,,,,,,,,,,,1.637196476,1068.1884,1069.8206,,,,,,,,TRUE,,FALSE,,,,,,,,,,,,1069.8211,1070.6374,p,0.7414,,144,129,3,1,2,familiar,,,FALSE,1070.6376,1070.6377,1070.6377,1070.6379,,143,0,143,0,1,,,,
,,,,,6a315870746014618def9b04,2026-06-16_10h07.55.180,WP1_3,2025.2.3,Win32,59.88023952,5db4ef4a2986a3000be1f886,6a030b8ba3607712b5d4bf26,,,,,,,,,,,,,,,,,,,,,,,,,,,,,,,,,,,,,,,,,,,,,,,,,,,,,,,,,,,,86,stim_fam/086_rgray_250.png,,,,,,,,,,,,,,,,,,,,,,,,,,,,,,,,,,,,,2.469648137,1070.6384,1073.1039,,,,,,,,FALSE,,FALSE,,,,,,,,,,,,1073.1044,1073.9372,p,0.7657,,145,171,3,1,250,novel,,,FALSE,1073.9373,1073.9374,1073.9374,1073.9376,,144,0,144,0,1,,,,
,,,,,6a315870746014618def9b04,2026-06-16_10h07.55.180,WP1_3,2025.2.3,Win32,59.88023952,5db4ef4a2986a3000be1f886,6a030b8ba3607712b5d4bf26,,,,,,,,,,,,,,,,,,,,,,,,,,,,,,,,,,,,,,,,,,,,,,,,,,,,,,,,,,,,59,Celebrities_Faces/059_01_greyscale_250.png,,,,,,,,,,,,,,,,,,,,,,,,,,,,,,,,,,,,,2.430062409,1073.938,1076.3701,,,,,,,,TRUE,,FALSE,,,,,,,,,,,,1076.3707,1077.0534,q,0.6094,,146,144,3,1,1,familiar,,,FALSE,1077.0535,1077.0536,1077.0536,1077.0537,,145,0,145,0,1,,,,
,,,,,6a315870746014618def9b04,2026-06-16_10h07.55.180,WP1_3,2025.2.3,Win32,59.88023952,5db4ef4a2986a3000be1f886,6a030b8ba3607712b5d4bf26,,,,,,,,,,,,,,,,,,,,,,,,,,,,,,,,,,,,,,,,,,,,,,,,,,,,,,,,,,,,28,Celebrities_Faces/028_02_greyscale_250.png,,,,,,,,,,,,,,,,,,,,,,,,,,,,,,,,,,,,,2.15658077,1077.0539,1079.2026,,,,,,,,TRUE,,FALSE,,,,,,,,,,,,1079.2031,1080.0527,q,0.789,,147,146,3,1,2,familiar,,,FALSE,1080.0528,1080.0529,1080.0529,1080.053,,146,0,146,0,1,,,,
,,,,,6a315870746014618def9b04,2026-06-16_10h07.55.180,WP1_3,2025.2.3,Win32,59.88023952,5db4ef4a2986a3000be1f886,6a030b8ba3607712b5d4bf26,,,,,,,,,,,,,,,,,,,,,,,,,,,,,,,,,,,,,,,,,,,,,,,,,,,,,,,,,,,,26,Celebrities_Faces/026_03_greyscale_250.png,,,,,,,,,,,,,,,,,,,,,,,,,,,,,,,,,,,,,1.666436888,1080.0533,1081.7195,,,,,,,,TRUE,,FALSE,,,,,,,,,,,,1081.72,1082.6193,q,0.8295,,148,128,3,1,3,familiar,,,FALSE,1082.6194,1082.6194,1082.6194,1082.6195,,147,0,147,0,1,,,,
,,,,,6a315870746014618def9b04,2026-06-16_10h07.55.180,WP1_3,2025.2.3,Win32,59.88023952,5db4ef4a2986a3000be1f886,6a030b8ba3607712b5d4bf26,,,,,,,,,,,,,,,,,,,,,,,,,,,,,,,,,,,,,,,,,,,,,,,,,,,,,,,,,,,,7,Celebrities_Faces/007_03_greyscale_250.png,,,,,,,,,,,,,,,,,,,,,,,,,,,,,,,,,,,,,1.523078384,1082.6197,1084.1357,,,,,,,,TRUE,,FALSE,,,,,,,,,,,,1084.1365,1084.969,q,0.7537,,149,149,3,1,3,familiar,,,FALSE,1084.9692,1084.9693,1084.9694,1084.9695,,148,0,148,0,1,,,,
,,,,,6a315870746014618def9b04,2026-06-16_10h07.55.180,WP1_3,2025.2.3,Win32,59.88023952,5db4ef4a2986a3000be1f886,6a030b8ba3607712b5d4bf26,,,,,,,,,,,,,,,,,,,,,,,,,,,,,,,,,,,,,,,,,,,,,,,,,,,,,,,,,,,,98,stim_fam/098_rgray_250.png,,,,,,,,,,,,,,,,,,,,,,,,,,,,,,,,,,,,,2.121351628,1084.9698,1087.0855,,,,,,,,FALSE,,FALSE,,,,,,,,,,,,1087.0864,1087.9186,p,0.7598,,150,175,3,1,250,novel,,,FALSE,1087.9187,1087.9187,1087.9187,1087.9187,,149,0,149,0,1,,,,
,,,,,6a315870746014618def9b04,2026-06-16_10h07.55.180,WP1_3,2025.2.3,Win32,59.88023952,5db4ef4a2986a3000be1f886,6a030b8ba3607712b5d4bf26,,,,,,,,,,,,,,,,,,,,,,,,,,,,,,,,,,,,,,,,,,,,,,,,,,,,,,,,,,,,19,Celebrities_Faces/019_02_greyscale_250.png,,,,,,,,,,,,,,,,,,,,,,,,,,,,,,,,,,,,,2.196012963,1087.9189,1090.1183,,,,,,,,TRUE,,FALSE,,,,,,,,,,,,1090.1191,1091.0019,q,0.8126,,151,134,3,1,2,familiar,,,FALSE,1091.002,1091.002,1091.002,1091.0021,,150,0,150,0,1,,,,
,,,,,6a315870746014618def9b04,2026-06-16_10h07.55.180,WP1_3,2025.2.3,Win32,59.88023952,5db4ef4a2986a3000be1f886,6a030b8ba3607712b5d4bf26,,,,,,,,,,,,,,,,,,,,,,,,,,,,,,,,,,,,,,,,,,,,,,,,,,,,,,,,,,,,30,Celebrities_Faces/030_03_greyscale_250.png,,,,,,,,,,,,,,,,,,,,,,,,,,,,,,,,,,,,,1.996553952,1091.0024,1093.0009,,,,,,,,TRUE,,FALSE,,,,,,,,,,,,1093.0014,1093.6678,q,0.6028,,152,136,3,1,3,familiar,,,FALSE,1093.6679,1093.668,1093.668,1093.6681,,151,0,151,0,1,,,,
,,,,,6a315870746014618def9b04,2026-06-16_10h07.55.180,WP1_3,2025.2.3,Win32,59.88023952,5db4ef4a2986a3000be1f886,6a030b8ba3607712b5d4bf26,,,,,,,,,,,,,,,,,,,,,,,,,,,,,,,,,,,,,,,,,,,,,,,,,,,,,,,,,,,,1,Celebrities_Faces/001_01_greyscale_250.png,,,,,,,,,,,,,,,,,,,,,,,,,,,,,,,,,,,,,1.542809344,1093.6685,1095.2009,,,,,,,,TRUE,,FALSE,,,,,,,,,,,,1095.2016,1095.8676,q,0.5934,,153,131,3,1,1,familiar,,,FALSE,1095.8676,1095.8677,1095.8677,1095.8678,,152,0,152,0,1,,,,
,,,,,6a315870746014618def9b04,2026-06-16_10h07.55.180,WP1_3,2025.2.3,Win32,59.88023952,5db4ef4a2986a3000be1f886,6a030b8ba3607712b5d4bf26,,,,,,,,,,,,,,,,,,,,,,,,,,,,,,,,,,,,,,,,,,,,,,,,,,,,,,,,,,,,17,Celebrities_Faces/017_02_greyscale_250.png,,,,,,,,,,,,,,,,,,,,,,,,,,,,,,,,,,,,,2.480298336,1095.868,1098.3507,,,,,,,,TRUE,,FALSE,,,,,,,,,,,,1098.3514,1099.1169,p,0.6961,,154,141,3,1,2,familiar,,,FALSE,1099.117,1099.1171,1099.1171,1099.1171,,153,0,153,0,1,,,,
,,,,,6a315870746014618def9b04,2026-06-16_10h07.55.180,WP1_3,2025.2.3,Win32,59.88023952,5db4ef4a2986a3000be1f886,6a030b8ba3607712b5d4bf26,,,,,,,,,,,,,,,,,,,,,,,,,,,,,,,,,,,,,,,,,,,,,,,,,,,,,,,,,,,,60,Celebrities_Faces/060_02_greyscale_250.png,,,,,,,,,,,,,,,,,,,,,,,,,,,,,,,,,,,,,1.571247802,1099.1173,1100.6837,,,,,,,,TRUE,,FALSE,,,,,,,,,,,,1100.6845,1101.4005,p,0.6468,,155,125,3,1,2,familiar,,,FALSE,1101.4007,1101.4008,1101.4008,1101.4008,,154,0,154,0,1,,,,
,,,,,6a315870746014618def9b04,2026-06-16_10h07.55.180,WP1_3,2025.2.3,Win32,59.88023952,5db4ef4a2986a3000be1f886,6a030b8ba3607712b5d4bf26,,,,,,,,,,,,,,,,,,,,,,,,,,,,,,,,,,,,,,,,,,,,,,,,,,,,,,,,,,,,43,stim_fam/043_rgray_250.png,,,,,,,,,,,,,,,,,,,,,,,,,,,,,,,,,,,,,1.581509712,1101.4011,1102.983,,,,,,,,FALSE,,FALSE,,,,,,,,,,,,1102.9834,1103.7163,p,0.6634,,156,154,3,1,250,novel,,,FALSE,1103.7164,1103.7164,1103.7164,1103.7165,,155,0,155,0,1,,,,
,,,,,6a315870746014618def9b04,2026-06-16_10h07.55.180,WP1_3,2025.2.3,Win32,59.88023952,5db4ef4a2986a3000be1f886,6a030b8ba3607712b5d4bf26,,,,,,,,,,,,,,,,,,,,,,,,,,,,,,,,,,,,,,,,,,,,,,,,,,,,,,,,,,,,38,stim_fam/038_rgray_250.png,,,,,,,,,,,,,,,,,,,,,,,,,,,,,,,,,,,,,2.02395303,1103.7167,1105.7331,,,,,,,,FALSE,,FALSE,,,,,,,,,,,,1105.7337,1106.5662,p,0.763,,157,179,3,1,250,novel,,,FALSE,1106.5663,1106.5663,1106.5663,1106.5664,,156,0,156,0,1,,,,
,,,,,6a315870746014618def9b04,2026-06-16_10h07.55.180,WP1_3,2025.2.3,Win32,59.88023952,5db4ef4a2986a3000be1f886,6a030b8ba3607712b5d4bf26,,,,,,,,,,,,,,,,,,,,,,,,,,,,,,,,,,,,,,,,,,,,,,,,,,,,,,,,,,,,15,stim_fam/015_rgray_250.png,,,,,,,,,,,,,,,,,,,,,,,,,,,,,,,,,,,,,1.764258302,1106.5668,1108.3327,,,,,,,,FALSE,,FALSE,,,,,,,,,,,,1108.3335,1109.2489,p,0.8429,,158,153,3,1,250,novel,,,FALSE,1109.249,1109.249,1109.2491,1109.2491,,157,0,157,0,1,,,,
,,,,,6a315870746014618def9b04,2026-06-16_10h07.55.180,WP1_3,2025.2.3,Win32,59.88023952,5db4ef4a2986a3000be1f886,6a030b8ba3607712b5d4bf26,,,,,,,,,,,,,,,,,,,,,,,,,,,,,,,,,,,,,,,,,,,,,,,,,,,,,,,,,,,,14,Celebrities_Faces/014_02_greyscale_250.png,,,,,,,,,,,,,,,,,,,,,,,,,,,,,,,,,,,,,1.502057584,1109.2494,1110.749,,,,,,,,TRUE,,FALSE,,,,,,,,,,,,1110.7495,1111.6489,p,0.8277,,159,122,3,1,2,familiar,,,FALSE,1111.649,1111.6492,1111.6492,1111.6492,,158,0,158,0,1,,,,
,,,,,6a315870746014618def9b04,2026-06-16_10h07.55.180,WP1_3,2025.2.3,Win32,59.88023952,5db4ef4a2986a3000be1f886,6a030b8ba3607712b5d4bf26,,,,,,,,,,,,,,,,,,,,,,,,,,,,,,,,,,,,,,,,,,,,,,,,,,,,,,,,,,,,20,Celebrities_Faces/020_03_greyscale_250.png,,,,,,,,,,,,,,,,,,,,,,,,,,,,,,,,,,,,,2.406732062,1111.6494,1114.0485,,,,,,,,TRUE,,FALSE,,,,,,,,,,,,1114.049,1114.7319,q,0.6142,,160,139,3,1,3,familiar,,,FALSE,1114.7321,1114.7321,1114.7321,1114.7322,,159,0,159,0,1,,,,
,,,,,6a315870746014618def9b04,2026-06-16_10h07.55.180,WP1_3,2025.2.3,Win32,59.88023952,5db4ef4a2986a3000be1f886,6a030b8ba3607712b5d4bf26,,,,,,,,,,,,,,,,,,,,,,,,,,,,,,,,,,,,,,,,,,,,,,,,,,,,,,,,,,,,32,Celebrities_Faces/032_03_greyscale_250.png,,,,,,,,,,,,,,,,,,,,,,,,,,,,,,,,,,,,,2.104955262,1114.7324,1116.8313,,,,,,,,TRUE,,FALSE,,,,,,,,,,,,1116.8317,1117.5149,p,0.6154,,161,150,3,1,3,familiar,,,FALSE,1117.515,1117.5151,1117.5151,1117.5152,,160,0,160,0,1,,,,
,,,,,6a315870746014618def9b04,2026-06-16_10h07.55.180,WP1_3,2025.2.3,Win32,59.88023952,5db4ef4a2986a3000be1f886,6a030b8ba3607712b5d4bf26,,,,,,,,,,,,,,,,,,,,,,,,,,,,,,,,,,,,,,,,,,,,,,,,,,,,,,,,,,,,30,stim_fam/030_rgray_250.png,,,,,,,,,,,,,,,,,,,,,,,,,,,,,,,,,,,,,2.313413661,1117.5155,1119.8313,,,,,,,,FALSE,,FALSE,,,,,,,,,,,,1119.832,1120.8313,p,0.9235,,162,167,3,1,250,novel,,,FALSE,1120.8314,1120.8317,1120.8317,1120.8318,,161,0,161,0,1,,,,
,,,,,6a315870746014618def9b04,2026-06-16_10h07.55.180,WP1_3,2025.2.3,Win32,59.88023952,5db4ef4a2986a3000be1f886,6a030b8ba3607712b5d4bf26,,,,,,,,,,,,,,,,,,,,,,,,,,,,,,,,,,,,,,,,,,,,,,,,,,,,,,,,,,,,38,Celebrities_Faces/038_01_greyscale_250.png,,,,,,,,,,,,,,,,,,,,,,,,,,,,,,,,,,,,,2.272031987,1120.8322,1123.0972,,,,,,,,TRUE,,FALSE,,,,,,,,,,,,1123.098,1123.6641,p,0.4918,,163,142,3,1,1,familiar,,,FALSE,1123.6642,1123.6643,1123.6643,1123.6644,,162,0,162,0,1,,,,
,,,,,6a315870746014618def9b04,2026-06-16_10h07.55.180,WP1_3,2025.2.3,Win32,59.88023952,5db4ef4a2986a3000be1f886,6a030b8ba3607712b5d4bf26,,,,,,,,,,,,,,,,,,,,,,,,,,,,,,,,,,,,,,,,,,,,,,,,,,,,,,,,,,,,34,Celebrities_Faces/034_01_greyscale_250.png,,,,,,,,,,,,,,,,,,,,,,,,,,,,,,,,,,,,,1.580704944,1123.6647,1125.2472,,,,,,,,TRUE,,FALSE,,,,,,,,,,,,1125.2478,1126.0304,p,0.7164,,164,127,3,1,1,familiar,,,FALSE,1126.0305,1126.0306,1126.0306,1126.0307,,163,0,163,0,1,,,,
,,,,,6a315870746014618def9b04,2026-06-16_10h07.55.180,WP1_3,2025.2.3,Win32,59.88023952,5db4ef4a2986a3000be1f886,6a030b8ba3607712b5d4bf26,,,,,,,,,,,,,,,,,,,,,,,,,,,,,,,,,,,,,,,,,,,,,,,,,,,,,,,,,,,,16,stim_fam/016_rgray_250.png,,,,,,,,,,,,,,,,,,,,,,,,,,,,,,,,,,,,,2.167386277,1126.031,1128.1968,,,,,,,,FALSE,,FALSE,,,,,,,,,,,,1128.1975,1128.9963,p,0.7339,,165,173,3,1,250,novel,,,FALSE,1128.9965,1128.9967,1128.9967,1128.9967,,164,0,164,0,1,,,,
,,,,,6a315870746014618def9b04,2026-06-16_10h07.55.180,WP1_3,2025.2.3,Win32,59.88023952,5db4ef4a2986a3000be1f886,6a030b8ba3607712b5d4bf26,,,,,,,,,,,,,,,,,,,,,,,,,,,,,,,,,,,,,,,,,,,,,,,,,,,,,,,,,,,,63,stim_fam/063_rgray_250.png,,,,,,,,,,,,,,,,,,,,,,,,,,,,,,,,,,,,,1.778616694,1128.997,1130.7634,,,,,,,,FALSE,,FALSE,,,,,,,,,,,,1130.7638,1131.6297,q,0.7952,,166,177,3,1,250,novel,,,FALSE,1131.6298,1131.6298,1131.6298,1131.6299,,165,0,165,0,1,,,,
,,,,,6a315870746014618def9b04,2026-06-16_10h07.55.180,WP1_3,2025.2.3,Win32,59.88023952,5db4ef4a2986a3000be1f886,6a030b8ba3607712b5d4bf26,,,,,,,,,,,,,,,,,,,,,,,,,,,,,,,,,,,,,,,,,,,,,,,,,,,,,,,,,,,,10,Celebrities_Faces/010_02_greyscale_250.png,,,,,,,,,,,,,,,,,,,,,,,,,,,,,,,,,,,,,1.543072843,1131.6302,1133.163,,,,,,,,TRUE,,TRUE,,,,,,,,,,,,1133.1636,1134.2792,,,,167,126,3,1,2,familiar,,,FALSE,1134.2793,1135.2793,1135.2793,1135.2794,,166,0,166,0,1,,,,
,,,,,6a315870746014618def9b04,2026-06-16_10h07.55.180,WP1_3,2025.2.3,Win32,59.88023952,5db4ef4a2986a3000be1f886,6a030b8ba3607712b5d4bf26,,,,,,,,,,,,,,,,,,,,,,,,,,,,,,,,,,,,,,,,,,,,,,,,,,,,,,,,,,,,88,stim_fam/088_rgray_250.png,,,,,,,,,,,,,,,,,,,,,,,,,,,,,,,,,,,,,1.598716833,1135.2797,1136.8788,,,,,,,,FALSE,,FALSE,,,,,,,,,,,,1136.8794,1137.4624,p,0.5106,,168,162,3,1,250,novel,,,FALSE,1137.4626,1137.4626,1137.4626,1137.4627,,167,0,167,0,1,,,,
,,,,,6a315870746014618def9b04,2026-06-16_10h07.55.180,WP1_3,2025.2.3,Win32,59.88023952,5db4ef4a2986a3000be1f886,6a030b8ba3607712b5d4bf26,,,,,,,,,,,,,,,,,,,,,,,,,,,,,,,,,,,,,,,,,,,,,,,,,,,,,,,,,,,,6,Celebrities_Faces/006_03_greyscale_250.png,,,,,,,,,,,,,,,,,,,,,,,,,,,,,,,,,,,,,2.048529089,1137.4631,1139.5121,,,,,,,,TRUE,,FALSE,,,,,,,,,,,,1139.5125,1140.2619,q,0.6853,,169,132,3,1,3,familiar,,,FALSE,1140.262,1140.262,1140.262,1140.2621,,168,0,168,0,1,,,,
,,,,,6a315870746014618def9b04,2026-06-16_10h07.55.180,WP1_3,2025.2.3,Win32,59.88023952,5db4ef4a2986a3000be1f886,6a030b8ba3607712b5d4bf26,,,,,,,,,,,,,,,,,,,,,,,,,,,,,,,,,,,,,,,,,,,,,,,,,,,,,,,,,,,,27,Celebrities_Faces/027_02_greyscale_250.png,,,,,,,,,,,,,,,,,,,,,,,,,,,,,,,,,,,,,1.770521188,1140.2623,1142.0286,,,,,,,,TRUE,,FALSE,,,,,,,,,,,,1142.0289,1142.865,q,0.7749,,170,145,3,1,2,familiar,,,FALSE,1142.8651,1142.8651,1142.8651,1142.8652,,169,0,169,0,1,,,,
,,,,,6a315870746014618def9b04,2026-06-16_10h07.55.180,WP1_3,2025.2.3,Win32,59.88023952,5db4ef4a2986a3000be1f886,6a030b8ba3607712b5d4bf26,,,,,,,,,,,,,,,,,,,,,,,,,,,,,,,,,,,,,,,,,,,,,,,,,,,,,,,,,,,,52,stim_fam/052_rgray_250.png,,,,,,,,,,,,,,,,,,,,,,,,,,,,,,,,,,,,,2.460907258,1142.8653,1145.3279,,,,,,,,FALSE,,FALSE,,,,,,,,,,,,1145.3283,1146.0609,q,0.6661,,171,165,3,1,250,novel,,,FALSE,1146.061,1146.0611,1146.0611,1146.0612,,170,0,170,0,1,,,,
,,,,,6a315870746014618def9b04,2026-06-16_10h07.55.180,WP1_3,2025.2.3,Win32,59.88023952,5db4ef4a2986a3000be1f886,6a030b8ba3607712b5d4bf26,,,,,,,,,,,,,,,,,,,,,,,,,,,,,,,,,,,,,,,,,,,,,,,,,,,,,,,,,,,,61,stim_fam/061_rgray_250.png,,,,,,,,,,,,,,,,,,,,,,,,,,,,,,,,,,,,,1.83001216,1146.0614,1147.8945,,,,,,,,FALSE,,FALSE,,,,,,,,,,,,1147.8956,1148.6605,p,0.6887,,172,156,3,1,250,novel,,,FALSE,1148.6606,1148.6607,1148.6607,1148.6607,,171,0,171,0,1,,,,
,,,,,6a315870746014618def9b04,2026-06-16_10h07.55.180,WP1_3,2025.2.3,Win32,59.88023952,5db4ef4a2986a3000be1f886,6a030b8ba3607712b5d4bf26,,,,,,,,,,,,,,,,,,,,,,,,,,,,,,,,,,,,,,,,,,,,,,,,,,,,,,,,,,,,69,stim_fam/069_rgray_250.png,,,,,,,,,,,,,,,,,,,,,,,,,,,,,,,,,,,,,2.391114415,1148.661,1151.0439,,,,,,,,FALSE,,FALSE,,,,,,,,,,,,1151.0445,1151.8273,p,0.7084,,173,158,3,1,250,novel,,,FALSE,1151.8276,1151.8277,1151.8277,1151.8279,,172,0,172,0,1,,,,
,,,,,6a315870746014618def9b04,2026-06-16_10h07.55.180,WP1_3,2025.2.3,Win32,59.88023952,5db4ef4a2986a3000be1f886,6a030b8ba3607712b5d4bf26,,,,,,,,,,,,,,,,,,,,,,,,,,,,,,,,,,,,,,,,,,,,,,,,,,,,,,,,,,,,37,Celebrities_Faces/037_03_greyscale_250.png,,,,,,,,,,,,,,,,,,,,,,,,,,,,,,,,,,,,,1.862446872,1151.8281,1153.6936,,,,,,,,TRUE,,FALSE,,,,,,,,,,,,1153.6942,1154.3935,p,0.6249,,174,135,3,1,3,familiar,,,FALSE,1154.3937,1154.3937,1154.3937,1154.3938,,173,0,173,0,1,,,,
,,,,,6a315870746014618def9b04,2026-06-16_10h07.55.180,WP1_3,2025.2.3,Win32,59.88023952,5db4ef4a2986a3000be1f886,6a030b8ba3607712b5d4bf26,,,,,,,,,,,,,,,,,,,,,,,,,,,,,,,,,,,,,,,,,,,,,,,,,,,,,,,,,,,,8,Celebrities_Faces/008_02_greyscale_250.png,,,,,,,,,,,,,,,,,,,,,,,,,,,,,,,,,,,,,2.064382922,1154.3941,1156.4598,,,,,,,,TRUE,,FALSE,,,,,,,,,,,,1156.4604,1157.0763,p,0.5449,,175,133,3,1,2,familiar,,,FALSE,1157.0765,1157.0766,1157.0767,1157.0767,,174,0,174,0,1,,,,
,,,,,6a315870746014618def9b04,2026-06-16_10h07.55.180,WP1_3,2025.2.3,Win32,59.88023952,5db4ef4a2986a3000be1f886,6a030b8ba3607712b5d4bf26,,,,,,,,,,,,,,,,,,,,,,,,,,,,,,,,,,,,,,,,,,,,,,,,,,,,,,,,,,,,32,stim_fam/032_rgray_250.png,,,,,,,,,,,,,,,,,,,,,,,,,,,,,,,,,,,,,2.410653732,1157.077,1159.4763,,,,,,,,FALSE,,FALSE,,,,,,,,,,,,1159.477,1160.0929,p,0.5455,,176,166,3,1,250,novel,,,FALSE,1160.093,1160.0931,1160.0931,1160.0932,,175,0,175,0,1,,,,
,,,,,6a315870746014618def9b04,2026-06-16_10h07.55.180,WP1_3,2025.2.3,Win32,59.88023952,5db4ef4a2986a3000be1f886,6a030b8ba3607712b5d4bf26,,,,,,,,,,,,,,,,,,,,,,,,,,,,,,,,,,,,,,,,,,,,,,,,,,,,,,,,,,,,97,stim_fam/097_rgray_250.png,,,,,,,,,,,,,,,,,,,,,,,,,,,,,,,,,,,,,1.740120067,1160.0933,1161.8258,,,,,,,,FALSE,,FALSE,,,,,,,,,,,,1161.8263,1162.4922,p,0.6015,,177,152,3,1,250,novel,,,FALSE,1162.4922,1162.4923,1162.4923,1162.4923,,176,0,176,0,1,,,,
,,,,,6a315870746014618def9b04,2026-06-16_10h07.55.180,WP1_3,2025.2.3,Win32,59.88023952,5db4ef4a2986a3000be1f886,6a030b8ba3607712b5d4bf26,,,,,,,,,,,,,,,,,,,,,,,,,,,,,,,,,,,,,,,,,,,,,,,,,,,,,,,,,,,,53,stim_fam/053_rgray_250.png,,,,,,,,,,,,,,,,,,,,,,,,,,,,,,,,,,,,,1.953313216,1162.4926,1164.4421,,,,,,,,FALSE,,FALSE,,,,,,,,,,,,1164.4427,1165.0091,p,0.496,,178,169,3,1,250,novel,,,FALSE,1165.0094,1165.0095,1165.0095,1165.0096,,177,0,177,0,1,,,,
,,,,,6a315870746014618def9b04,2026-06-16_10h07.55.180,WP1_3,2025.2.3,Win32,59.88023952,5db4ef4a2986a3000be1f886,6a030b8ba3607712b5d4bf26,,,,,,,,,,,,,,,,,,,,,,,,,,,,,,,,,,,,,,,,,,,,,,,,,,,,,,,,,,,,54,Celebrities_Faces/054_01_greyscale_250.png,,,,,,,,,,,,,,,,,,,,,,,,,,,,,,,,,,,,,1.56376909,1165.01,1166.5753,,,,,,,,TRUE,,FALSE,,,,,,,,,,,,1166.576,1167.292,p,0.6435,,179,138,3,1,1,familiar,,,FALSE,1167.2921,1167.2922,1167.2922,1167.2922,,178,0,178,0,1,,,,
,,,,,6a315870746014618def9b04,2026-06-16_10h07.55.180,WP1_3,2025.2.3,Win32,59.88023952,5db4ef4a2986a3000be1f886,6a030b8ba3607712b5d4bf26,,,,,,,,,,,,,,,,,,,,,,,,,,,,,,,,,,,,,,,,,,,,,,,,,,,,,,,,,,,,42,Celebrities_Faces/042_03_greyscale_250.png,,,,,,,,,,,,,,,,,,,,,,,,,,,,,,,,,,,,,1.531266058,1167.2925,1168.825,,,,,,,,TRUE,,FALSE,,,,,,,,,,,,1168.8258,1169.5579,p,0.6587,,180,137,3,1,3,familiar,,,FALSE,1169.558,1169.5581,1169.5581,1169.5582,,179,0,179,0,1,,,,
,,,,,6a315870746014618def9b04,2026-06-16_10h07.55.180,WP1_3,2025.2.3,Win32,59.88023952,5db4ef4a2986a3000be1f886,6a030b8ba3607712b5d4bf26,,,,,,,,,,,,,,,,,,,,,,,,,,,,,,,,,,,,,,,,,,,,,,,,,,,,,,,,,,,,,,,,,,,,,,,,,,,,,,,,,,,,,,,,,,,,,,,,,,,,,,,,,,,,,,,,,,,,,,,,,,,,,,,,,,,,,,,,,,,,,,,,,,,,1169.5585,1174.5577
