Study_information_1.started,Study_information_1.stopped,key_resp.keys,key_resp.rt,key_resp.duration,session,date,expName,psychopyVersion,OS,frameRate,participant,study_id,Study_information_2.started,Study_information_2.stopped,key_resp_2.keys,key_resp_2.rt,key_resp_2.duration,Study_information_3.started,Study_information_3.stopped,key_resp_3.keys,key_resp_3.rt,key_resp_3.duration,Consent.started,Consent.stopped,key_resp_5.keys,key_resp_5.rt,key_resp_5.duration,Instruction_1.started,Instruction_1.stopped,space_cont.keys,space_cont.rt,space_cont.duration,Instruction_2.started,Instruction_2.stopped,space_cont_2.keys,space_cont_2.rt,space_cont_2.duration,Instruction_3.started,Instruction_3.stopped,space_cont_3.keys,space_cont_3.rt,space_cont_3.duration,Instruction_4.started,Instruction_4.stopped,space_cont_4.keys,space_cont_4.rt,space_cont_4.duration,Instruction_5.started,Instruction_5.stopped,space_cont_5.keys,space_cont_5.rt,space_cont_5.duration,Familiarity_Rating.started,Familiarity_Rating.stopped,familiarity_scale.response,familiarity_scale.rt,key_resp_familiarity.keys,familiarity_rating,Valence_Rating.started,Valence_Rating.stopped,valence_scale.response,valence_scale.rt,key_resp_valence.keys,key_resp_valence.rt,key_resp_valence.duration,valence_rating,Name_Selection.started,Name_Selection.stopped,key_resp_naming.keys,key_resp_naming.rt,key_resp_naming.duration,identity_no,image_file,correct_name,selected_name_option,selected_name,correct_name_option,name_correct,qualifies_for_part2,qualified_count_so_far,trials_rating.thisRepN,trials_rating.thisTrialN,trials_rating.thisN,trials_rating.thisIndex,trials_rating.ran,Identity_no,Image,Option1,Option2,Option3,Option4,CorrectName,selection_method,num_selected_identities,qualified_identity_nos,break_1.started,break_1.stopped,Load_Recognition_Trials.started,Load_Recognition_Trials.stopped,Instruction_recog_1.started,Instruction_recog_1.stopped,space_cont_6.keys,space_cont_6.rt,space_cont_6.duration,Instruction_recog_2.started,Instruction_recog_2.stopped,space_cont_7.keys,space_cont_7.rt,space_cont_7.duration,fixation_duration,fix_cross.started,fix_cross.stopped,Practice_Recognition_Trial.started,Practice_Recognition_Trial.stopped,key_resp_practice.keys,key_resp_practice.rt,key_resp_practice.duration,is_practice,practice_trial_number,is_familiar,participant_response,too_slow,response_time,practice_trials.thisRepN,practice_trials.thisTrialN,practice_trials.thisN,practice_trials.thisIndex,practice_trials.ran,Instruction_recog.started,Instruction_recog.stopped,space_cont_8.keys,space_cont_8.rt,space_cont_8.duration,Recognition_trials.started,Recognition_trials.stopped,key_resp_recognition.keys,key_resp_recognition.rt,key_resp_recognition.duration,recognition_trial_number,original_trial_number,block,trial_in_block,orientation,identity_type,response_familiar,correct,valid_response,Too_slow.started,Too_slow.stopped,break_recog.started,break_recog.stopped,key_resp_6.keys,trials.thisRepN,trials.thisTrialN,trials.thisN,trials.thisIndex,trials.ran,key_resp_6.rt,key_resp_6.duration,End_experiment.started,End_experiment.stopped
0.0004,21.0396,space,20.9956,,6a180ae7c88be4ba957f1682,2026-05-28_10h30.22.383,WP1_3,2025.2.3,Win32,60.24096386,5e5521580ee1b951df544c3c,6a030b8ba3607712b5d4bf26,,,,,,,,,,,,,,,,,,,,,,,,,,,,,,,,,,,,,,,,,,,,,,,,,,,,,,,,,,,,,,,,,,,,,,,,,,,,,,,,,,,,,,,,,,,,,,,,,,,,,,,,,,,,,,,,,,,,,,,,,,,,,,,,,,,,,,,,,,,,,,,,,,,,,
,,,,,6a180ae7c88be4ba957f1682,2026-05-28_10h30.22.383,WP1_3,2025.2.3,Win32,60.24096386,5e5521580ee1b951df544c3c,6a030b8ba3607712b5d4bf26,21.0403,27.8384,space,6.766,,,,,,,,,,,,,,,,,,,,,,,,,,,,,,,,,,,,,,,,,,,,,,,,,,,,,,,,,,,,,,,,,,,,,,,,,,,,,,,,,,,,,,,,,,,,,,,,,,,,,,,,,,,,,,,,,,,,,,,,,,,,,,,,,,,,,,,,,,,,,,,,,
,,,,,6a180ae7c88be4ba957f1682,2026-05-28_10h30.22.383,WP1_3,2025.2.3,Win32,60.24096386,5e5521580ee1b951df544c3c,6a030b8ba3607712b5d4bf26,,,,,,27.839,39.7463,space,11.8606,,,,,,,,,,,,,,,,,,,,,,,,,,,,,,,,,,,,,,,,,,,,,,,,,,,,,,,,,,,,,,,,,,,,,,,,,,,,,,,,,,,,,,,,,,,,,,,,,,,,,,,,,,,,,,,,,,,,,,,,,,,,,,,,,,,,,,,,,,,,
,,,,,6a180ae7c88be4ba957f1682,2026-05-28_10h30.22.383,WP1_3,2025.2.3,Win32,60.24096386,5e5521580ee1b951df544c3c,6a030b8ba3607712b5d4bf26,,,,,,,,,,,39.7468,45.7862,space,5.9582,,,,,,,,,,,,,,,,,,,,,,,,,,,,,,,,,,,,,,,,,,,,,,,,,,,,,,,,,,,,,,,,,,,,,,,,,,,,,,,,,,,,,,,,,,,,,,,,,,,,,,,,,,,,,,,,,,,,,,,,,,,,,,,,,,,,,,,
,,,,,6a180ae7c88be4ba957f1682,2026-05-28_10h30.22.383,WP1_3,2025.2.3,Win32,60.24096386,5e5521580ee1b951df544c3c,6a030b8ba3607712b5d4bf26,,,,,,,,,,,,,,,,45.7868,55.3844,space,9.4886,,,,,,,,,,,,,,,,,,,,,,,,,,,,,,,,,,,,,,,,,,,,,,,,,,,,,,,,,,,,,,,,,,,,,,,,,,,,,,,,,,,,,,,,,,,,,,,,,,,,,,,,,,,,,,,,,,,,,,,,,,,,,,,,,,
,,,,,6a180ae7c88be4ba957f1682,2026-05-28_10h30.22.383,WP1_3,2025.2.3,Win32,60.24096386,5e5521580ee1b951df544c3c,6a030b8ba3607712b5d4bf26,,,,,,,,,,,,,,,,,,,,,55.3852,72.133,space,16.6948,,,,,,,,,,,,,,,,,,,,,,,,,,,,,,,,,,,,,,,,,,,,,,,,,,,,,,,,,,,,,,,,,,,,,,,,,,,,,,,,,,,,,,,,,,,,,,,,,,,,,,,,,,,,,,,,,,,,,,,,,,,,,
,,,,,6a180ae7c88be4ba957f1682,2026-05-28_10h30.22.383,WP1_3,2025.2.3,Win32,60.24096386,5e5521580ee1b951df544c3c,6a030b8ba3607712b5d4bf26,,,,,,,,,,,,,,,,,,,,,,,,,,72.1337,79.748,space,7.585,,,,,,,,,,,,,,,,,,,,,,,,,,,,,,,,,,,,,,,,,,,,,,,,,,,,,,,,,,,,,,,,,,,,,,,,,,,,,,,,,,,,,,,,,,,,,,,,,,,,,,,,,,,,,,,,,,,,,,,,
,,,,,6a180ae7c88be4ba957f1682,2026-05-28_10h30.22.383,WP1_3,2025.2.3,Win32,60.24096386,5e5521580ee1b951df544c3c,6a030b8ba3607712b5d4bf26,,,,,,,,,,,,,,,,,,,,,,,,,,,,,,,79.7485,85.0806,space,5.295,,,,,,,,,,,,,,,,,,,,,,,,,,,,,,,,,,,,,,,,,,,,,,,,,,,,,,,,,,,,,,,,,,,,,,,,,,,,,,,,,,,,,,,,,,,,,,,,,,,,,,,,,,,,,,,,,,,
,,,,,6a180ae7c88be4ba957f1682,2026-05-28_10h30.22.383,WP1_3,2025.2.3,Win32,60.24096386,5e5521580ee1b951df544c3c,6a030b8ba3607712b5d4bf26,,,,,,,,,,,,,,,,,,,,,,,,,,,,,,,,,,,,85.0811,93.5133,space,8.3943,,,,,,,,,,,,,,,,,,,,,,,,,,,,,,,,,,,,,,,,,,,,,,,,,,,,,,,,,,,,,,,,,,,,,,,,,,,,,,,,,,,,,,,,,,,,,,,,,,,,,,,,,,,,,,
,,,,,6a180ae7c88be4ba957f1682,2026-05-28_10h30.22.383,WP1_3,2025.2.3,Win32,60.24096386,5e5521580ee1b951df544c3c,6a030b8ba3607712b5d4bf26,,,,,,,,,,,,,,,,,,,,,,,,,,,,,,,,,,,,,,,,,93.5487,100.1786,,,,10,100.1814,106.0612,,,"[""right"",""space""]","[1.839299999952317,5.700900000095373]","[null,null]",6,106.064,109.2776,space,3.0405,,28,Celebrities_Faces/028_rating.jpg,Dwayne Johnson,0,Dwayne Johnson,0,TRUE,TRUE,1,0,0,0,27,1,28,Celebrities_Faces/028_rating.jpg,Dwayne Johnson,Ryan Reynolds,Bradley Cooper,Lionel Messi,Dwayne Johnson,,,,,,,,,,,,,,,,,,,,,,,,,,,,,,,,,,,,,,,,,,,,,,,,,,,,,,,,,,,,,,,,,,,,,
,,,,,6a180ae7c88be4ba957f1682,2026-05-28_10h30.22.383,WP1_3,2025.2.3,Win32,60.24096386,5e5521580ee1b951df544c3c,6a030b8ba3607712b5d4bf26,,,,,,,,,,,,,,,,,,,,,,,,,,,,,,,,,,,,,,,,,109.2822,119.359,,,,9,119.3614,122.2417,,,"[""right"",""right"",""right"",""right"",""space""]","[1.17340000009537,1.3894999999999982,1.6224000000953538,1.8224000000953708,2.4724999999999966]","[null,null,null,null,null]",9,122.2489,124.2355,space,1.5928,,33,Celebrities_Faces/033_rating.jpg,Simone Biles,1,Simone Biles,1,TRUE,TRUE,2,0,1,1,32,1,33,Celebrities_Faces/033_rating.jpg,Greta Thunberg,Simone Biles,Lindsay Lohan,Anya Taylor-Joy,Simone Biles,,,,,,,,,,,,,,,,,,,,,,,,,,,,,,,,,,,,,,,,,,,,,,,,,,,,,,,,,,,,,,,,,,,,,
,,,,,6a180ae7c88be4ba957f1682,2026-05-28_10h30.22.383,WP1_3,2025.2.3,Win32,60.24096386,5e5521580ee1b951df544c3c,6a030b8ba3607712b5d4bf26,,,,,,,,,,,,,,,,,,,,,,,,,,,,,,,,,,,,,,,,,124.2382,128.7411,,,,8,128.7433,132.0747,,,"[""right"",""left"",""space""]","[0.9187000000476644,2.5126000001430384,3.2620000000000005]","[null,null,null]",5,132.0827,133.8576,space,1.7095,,56,Celebrities_Faces/056_rating.jpg,Reese Witherspoon,0,Reese Witherspoon,0,TRUE,TRUE,3,0,2,2,55,1,56,Celebrities_Faces/056_rating.jpg,Reese Witherspoon,Sandra Bullock,Nicole Kidman,Halle Berry,Reese Witherspoon,,,,,,,,,,,,,,,,,,,,,,,,,,,,,,,,,,,,,,,,,,,,,,,,,,,,,,,,,,,,,,,,,,,,,
,,,,,6a180ae7c88be4ba957f1682,2026-05-28_10h30.22.383,WP1_3,2025.2.3,Win32,60.24096386,5e5521580ee1b951df544c3c,6a030b8ba3607712b5d4bf26,,,,,,,,,,,,,,,,,,,,,,,,,,,,,,,,,,,,,,,,,133.8611,137.1399,,,,10,137.142,140.3228,,,"[""right"",""right"",""right"",""right"",""space""]","[1.5882999999523122,1.8207000000476796,2.029100000143046,2.2272999999522938,3.054299999952292]","[null,null,null,null,null]",9,140.3297,142.6567,space,2.1683,,25,Celebrities_Faces/025_rating.jpg,Robert De Niro,2,Robert De Niro,2,TRUE,TRUE,4,0,3,3,24,1,25,Celebrities_Faces/025_rating.jpg,Bruce Willis,Arnold Schwarzeneger,Robert De Niro,Leonardo Di Caprio,Robert De Niro,,,,,,,,,,,,,,,,,,,,,,,,,,,,,,,,,,,,,,,,,,,,,,,,,,,,,,,,,,,,,,,,,,,,,
,,,,,6a180ae7c88be4ba957f1682,2026-05-28_10h30.22.383,WP1_3,2025.2.3,Win32,60.24096386,5e5521580ee1b951df544c3c,6a030b8ba3607712b5d4bf26,,,,,,,,,,,,,,,,,,,,,,,,,,,,,,,,,,,,,,,,,142.6603,162.2038,,,,1,162.2069,164.3198,,,"[""space""]",[1.9790999999046335],[null],5,164.3264,177.4112,space,12.9434,,43,Celebrities_Faces/043_rating.jpg,Maria Sharapova,3,Maria Sharapova,3,TRUE,FALSE,4,0,4,4,42,1,43,Celebrities_Faces/043_rating.jpg,Michelle Obama,Taylor Swift,Greta Thunberg,Maria Sharapova,Maria Sharapova,,,,,,,,,,,,,,,,,,,,,,,,,,,,,,,,,,,,,,,,,,,,,,,,,,,,,,,,,,,,,,,,,,,,,
,,,,,6a180ae7c88be4ba957f1682,2026-05-28_10h30.22.383,WP1_3,2025.2.3,Win32,60.24096386,5e5521580ee1b951df544c3c,6a030b8ba3607712b5d4bf26,,,,,,,,,,,,,,,,,,,,,,,,,,,,,,,,,,,,,,,,,177.4143,181.6346,,,,0,181.6368,182.8333,,,"[""space""]",[0.9420000000000073],[null],5,182.8371,186.6603,space,3.5994,,22,Celebrities_Faces/022_rating.jpg,Lebron James,3,Lebron James,3,TRUE,FALSE,4,0,5,5,21,1,22,Celebrities_Faces/022_rating.jpg,George W.Bush,Lionel Messi,Leonardo Di Caprio,Lebron James,Lebron James,,,,,,,,,,,,,,,,,,,,,,,,,,,,,,,,,,,,,,,,,,,,,,,,,,,,,,,,,,,,,,,,,,,,,
,,,,,6a180ae7c88be4ba957f1682,2026-05-28_10h30.22.383,WP1_3,2025.2.3,Win32,60.24096386,5e5521580ee1b951df544c3c,6a030b8ba3607712b5d4bf26,,,,,,,,,,,,,,,,,,,,,,,,,,,,,,,,,,,,,,,,,186.6631,189.6497,,,,0,189.6516,191.8845,,,"[""space""]",[2.170400000095384],[null],5,191.8901,196.3157,space,4.3558,,36,Celebrities_Faces/036_rating.jpg,Lady Gaga,3,Lady Gaga,3,TRUE,FALSE,4,0,6,6,35,1,36,Celebrities_Faces/036_rating.jpg,Serena Williams,Emma Stone,Julia Roberts,Lady Gaga,Lady Gaga,,,,,,,,,,,,,,,,,,,,,,,,,,,,,,,,,,,,,,,,,,,,,,,,,,,,,,,,,,,,,,,,,,,,,
,,,,,6a180ae7c88be4ba957f1682,2026-05-28_10h30.22.383,WP1_3,2025.2.3,Win32,60.24096386,5e5521580ee1b951df544c3c,6a030b8ba3607712b5d4bf26,,,,,,,,,,,,,,,,,,,,,,,,,,,,,,,,,,,,,,,,,196.3185,199.5488,,,,9,199.5509,201.8323,,,"[""right"",""space""]","[0.8739000000953467,2.078499999999991]","[null,null]",10,201.8385,203.1816,space,1.1138,,59,Celebrities_Faces/059_rating.jpg,Michelle Obama,0,Michelle Obama,0,TRUE,TRUE,5,0,7,7,58,1,59,Celebrities_Faces/059_rating.jpg,Michelle Obama,Emma Watson,Millie Bobby Brown,Margot Robbie,Michelle Obama,,,,,,,,,,,,,,,,,,,,,,,,,,,,,,,,,,,,,,,,,,,,,,,,,,,,,,,,,,,,,,,,,,,,,
,,,,,6a180ae7c88be4ba957f1682,2026-05-28_10h30.22.383,WP1_3,2025.2.3,Win32,60.24096386,5e5521580ee1b951df544c3c,6a030b8ba3607712b5d4bf26,,,,,,,,,,,,,,,,,,,,,,,,,,,,,,,,,,,,,,,,,203.1847,205.9309,,,,10,205.9326,211.9144,,,"[""right"",""right"",""right"",""left"",""space""]","[0.5534000000953654,0.788400000095379,0.9832999999523224,2.2662999999523095,5.904700000047683]","[null,null,null,null,null]",7,211.9205,213.4134,space,1.422,,19,Celebrities_Faces/019_rating.jpg,Nicolas Cage,0,Nicolas Cage,0,TRUE,TRUE,6,0,8,8,18,1,19,Celebrities_Faces/019_rating.jpg,Nicolas Cage,George W.Bush,Cristiano Ronaldo,Bradley Cooper,Nicolas Cage,,,,,,,,,,,,,,,,,,,,,,,,,,,,,,,,,,,,,,,,,,,,,,,,,,,,,,,,,,,,,,,,,,,,,
,,,,,6a180ae7c88be4ba957f1682,2026-05-28_10h30.22.383,WP1_3,2025.2.3,Win32,60.24096386,5e5521580ee1b951df544c3c,6a030b8ba3607712b5d4bf26,,,,,,,,,,,,,,,,,,,,,,,,,,,,,,,,,,,,,,,,,213.4163,223.4617,,,,5,223.4636,226.0282,,,"[""right"",""left"",""space""]","[1.3774999999999977,1.726799999952334,2.357500000000016]","[null,null,null]",5,226.0338,228.6947,space,2.4796,,60,Celebrities_Faces/060_rating.jpg,Anya Taylor-Joy,1,Anya Taylor-Joy,1,TRUE,FALSE,6,0,9,9,59,1,60,Celebrities_Faces/060_rating.jpg,Emma Stone,Anya Taylor-Joy,Michelle Obama,Halle Berry,Anya Taylor-Joy,,,,,,,,,,,,,,,,,,,,,,,,,,,,,,,,,,,,,,,,,,,,,,,,,,,,,,,,,,,,,,,,,,,,,
,,,,,6a180ae7c88be4ba957f1682,2026-05-28_10h30.22.383,WP1_3,2025.2.3,Win32,60.24096386,5e5521580ee1b951df544c3c,6a030b8ba3607712b5d4bf26,,,,,,,,,,,,,,,,,,,,,,,,,,,,,,,,,,,,,,,,,228.6975,237.8437,,,,3,237.8461,238.6599,,,"[""space""]",[0.7089000000953547],[null],5,238.6662,244.2925,space,5.5244,,23,Celebrities_Faces/023_rating.jpg,Ryan Gosling,2,Ryan Gosling,2,TRUE,FALSE,6,0,10,10,22,1,23,Celebrities_Faces/023_rating.jpg,Brad Pitt,Cristiano Ronaldo,Ryan Gosling,Tom Holland,Ryan Gosling,,,,,,,,,,,,,,,,,,,,,,,,,,,,,,,,,,,,,,,,,,,,,,,,,,,,,,,,,,,,,,,,,,,,,
,,,,,6a180ae7c88be4ba957f1682,2026-05-28_10h30.22.383,WP1_3,2025.2.3,Win32,60.24096386,5e5521580ee1b951df544c3c,6a030b8ba3607712b5d4bf26,,,,,,,,,,,,,,,,,,,,,,,,,,,,,,,,,,,,,,,,,244.2953,246.6592,,,,10,246.6614,249.0014,,,"[""right"",""space""]","[1.0109999999999673,2.2544999999999504]","[null,null]",6,249.0068,250.2586,space,1.1548,,14,Celebrities_Faces/014_rating.jpg,Daniel Craig,2,Daniel Craig,2,TRUE,TRUE,7,0,11,11,13,1,14,Celebrities_Faces/014_rating.jpg,Robert De Niro,Ryan Reynolds,Daniel Craig,Chris Hemsworth,Daniel Craig,,,,,,,,,,,,,,,,,,,,,,,,,,,,,,,,,,,,,,,,,,,,,,,,,,,,,,,,,,,,,,,,,,,,,
,,,,,6a180ae7c88be4ba957f1682,2026-05-28_10h30.22.383,WP1_3,2025.2.3,Win32,60.24096386,5e5521580ee1b951df544c3c,6a030b8ba3607712b5d4bf26,,,,,,,,,,,,,,,,,,,,,,,,,,,,,,,,,,,,,,,,,250.2616,257.8861,,,,8,257.8881,261.0022,,,"[""right"",""space""]","[0.8335999999046635,2.165999999999997]","[null,null]",6,261.0081,263.3408,space,1.3665,,41,Celebrities_Faces/041_rating.jpg,Halle Berry,2,Halle Berry,2,TRUE,TRUE,8,0,12,12,40,1,41,Celebrities_Faces/041_rating.jpg,Lady Gaga,Greta Thunberg,Halle Berry,Serena Williams,Halle Berry,,,,,,,,,,,,,,,,,,,,,,,,,,,,,,,,,,,,,,,,,,,,,,,,,,,,,,,,,,,,,,,,,,,,,
,,,,,6a180ae7c88be4ba957f1682,2026-05-28_10h30.22.383,WP1_3,2025.2.3,Win32,60.24096386,5e5521580ee1b951df544c3c,6a030b8ba3607712b5d4bf26,,,,,,,,,,,,,,,,,,,,,,,,,,,,,,,,,,,,,,,,,263.3441,266.7988,,,,7,266.8007,269.9218,,,"[""left"",""left"",""left"",""space""]","[1.445100000143043,1.7997000000476646,2.1652999999523104,3.0161000001430693]","[null,null,null,null]",2,269.9254,272.3231,space,2.3289,,42,Celebrities_Faces/042_rating.jpg,Greta Thunberg,3,Greta Thunberg,3,TRUE,TRUE,9,0,13,13,41,1,42,Celebrities_Faces/042_rating.jpg,Simone Biles,Michelle Obama,Anne Hathaway,Greta Thunberg,Greta Thunberg,,,,,,,,,,,,,,,,,,,,,,,,,,,,,,,,,,,,,,,,,,,,,,,,,,,,,,,,,,,,,,,,,,,,,
,,,,,6a180ae7c88be4ba957f1682,2026-05-28_10h30.22.383,WP1_3,2025.2.3,Win32,60.24096386,5e5521580ee1b951df544c3c,6a030b8ba3607712b5d4bf26,,,,,,,,,,,,,,,,,,,,,,,,,,,,,,,,,,,,,,,,,272.3265,275.2557,,,,8,275.2578,279.9888,,,"[""left"",""left"",""left"",""left"",""left"",""space""]","[0.976600000143037,1.2274999999999636,1.4667999999522863,1.6596000001430298,4.049499999999966,4.592499999999973]","[null,null,null,null,null,null]",0,279.9947,282.8536,space,2.6764,,47,Celebrities_Faces/047_rating.jpg,Hillary Clinton,0,Hillary Clinton,0,TRUE,TRUE,10,0,14,14,46,1,47,Celebrities_Faces/047_rating.jpg,Hillary Clinton,Sandra Bullock,Michelle Obama,Anne Hathaway,Hillary Clinton,,,,,,,,,,,,,,,,,,,,,,,,,,,,,,,,,,,,,,,,,,,,,,,,,,,,,,,,,,,,,,,,,,,,,
,,,,,6a180ae7c88be4ba957f1682,2026-05-28_10h30.22.383,WP1_3,2025.2.3,Win32,60.24096386,5e5521580ee1b951df544c3c,6a030b8ba3607712b5d4bf26,,,,,,,,,,,,,,,,,,,,,,,,,,,,,,,,,,,,,,,,,282.8551,286.3205,,,,7,286.3224,288.0368,,,"[""right"",""right"",""space""]","[0.531300000190754,0.990600000143047,1.6263000001907244]","[null,null,null]",7,288.0432,289.6204,space,1.4294,,11,Celebrities_Faces/011_rating.jpg,Chris Evans,0,Chris Evans,0,TRUE,TRUE,11,0,15,15,10,1,11,Celebrities_Faces/011_rating.jpg,Chris Evans,Daniel Craig,Ryan Reynolds,Arnold Schwarzeneger,Chris Evans,,,,,,,,,,,,,,,,,,,,,,,,,,,,,,,,,,,,,,,,,,,,,,,,,,,,,,,,,,,,,,,,,,,,,
,,,,,6a180ae7c88be4ba957f1682,2026-05-28_10h30.22.383,WP1_3,2025.2.3,Win32,60.24096386,5e5521580ee1b951df544c3c,6a030b8ba3607712b5d4bf26,,,,,,,,,,,,,,,,,,,,,,,,,,,,,,,,,,,,,,,,,289.624,294.436,,,,9,294.4378,298.0362,,,"[""right"",""space""]","[2.414599999904624,3.2692999999522954]","[null,null]",6,298.043,300.4027,space,2.0474,,3,Celebrities_Faces/003_rating.jpg,Roger Federer,2,Roger Federer,2,TRUE,TRUE,12,0,16,16,2,1,3,Celebrities_Faces/003_rating.jpg,Dwayne Johnson,Keanu Reeves,Roger Federer,Ben Affleck,Roger Federer,,,,,,,,,,,,,,,,,,,,,,,,,,,,,,,,,,,,,,,,,,,,,,,,,,,,,,,,,,,,,,,,,,,,,
,,,,,6a180ae7c88be4ba957f1682,2026-05-28_10h30.22.383,WP1_3,2025.2.3,Win32,60.24096386,5e5521580ee1b951df544c3c,6a030b8ba3607712b5d4bf26,,,,,,,,,,,,,,,,,,,,,,,,,,,,,,,,,,,,,,,,,300.4059,304.1012,,,,7,304.1032,306.2011,,,"[""left"",""space""]","[0.7340999999046289,1.9831999998092442]","[null,null]",0,306.2069,308.5682,space,2.2484,,12,Celebrities_Faces/012_rating.jpg,Daniel Radcliffe,3,Daniel Radcliffe,3,TRUE,TRUE,13,0,17,17,11,1,12,Celebrities_Faces/012_rating.jpg,Bruce Willis,Ryan Reynolds,Ewan McGregor,Daniel Radcliffe,Daniel Radcliffe,,,,,,,,,,,,,,,,,,,,,,,,,,,,,,,,,,,,,,,,,,,,,,,,,,,,,,,,,,,,,,,,,,,,,
,,,,,6a180ae7c88be4ba957f1682,2026-05-28_10h30.22.383,WP1_3,2025.2.3,Win32,60.24096386,5e5521580ee1b951df544c3c,6a030b8ba3607712b5d4bf26,,,,,,,,,,,,,,,,,,,,,,,,,,,,,,,,,,,,,,,,,308.5716,311.3004,,,,8,311.3024,313.6843,,,"[""right"",""space""]","[1.699400000095352,2.248700000047677]","[null,null]",6,313.6905,316.0918,space,2.3014,,21,Celebrities_Faces/021_rating.jpg,Henri Canvill,0,Henri Canvill,0,TRUE,TRUE,14,0,18,18,20,1,21,Celebrities_Faces/021_rating.jpg,Henri Canvill,George Clooney,Bradley Cooper,Tom Holland,Henri Canvill,,,,,,,,,,,,,,,,,,,,,,,,,,,,,,,,,,,,,,,,,,,,,,,,,,,,,,,,,,,,,,,,,,,,,
,,,,,6a180ae7c88be4ba957f1682,2026-05-28_10h30.22.383,WP1_3,2025.2.3,Win32,60.24096386,5e5521580ee1b951df544c3c,6a030b8ba3607712b5d4bf26,,,,,,,,,,,,,,,,,,,,,,,,,,,,,,,,,,,,,,,,,316.093,319.05,,,,10,319.0521,320.683,,,"[""space""]",[1.4645999999046353],[null],5,320.6886,321.9825,space,1.1222,,54,Celebrities_Faces/054_rating.jpg,Julia Roberts,0,Julia Roberts,0,TRUE,TRUE,15,0,19,19,53,1,54,Celebrities_Faces/054_rating.jpg,Julia Roberts,Anne Hathaway,Olivia Rodrigo,Simone Biles,Julia Roberts,,,,,,,,,,,,,,,,,,,,,,,,,,,,,,,,,,,,,,,,,,,,,,,,,,,,,,,,,,,,,,,,,,,,,
,,,,,6a180ae7c88be4ba957f1682,2026-05-28_10h30.22.383,WP1_3,2025.2.3,Win32,60.24096386,5e5521580ee1b951df544c3c,6a030b8ba3607712b5d4bf26,,,,,,,,,,,,,,,,,,,,,,,,,,,,,,,,,,,,,,,,,321.9855,325.9661,,,,9,325.9684,329.0487,,,"[""right"",""space""]","[1.5002000000476983,2.7631000001430834]","[null,null]",6,329.0546,331.865,space,2.5378,,24,Celebrities_Faces/024_rating.jpg,Ryan Reynolds,3,Ryan Reynolds,3,TRUE,TRUE,16,0,20,20,23,1,24,Celebrities_Faces/024_rating.jpg,Roger Federer,Denzel Washighton,Tom Holland,Ryan Reynolds,Ryan Reynolds,,,,,,,,,,,,,,,,,,,,,,,,,,,,,,,,,,,,,,,,,,,,,,,,,,,,,,,,,,,,,,,,,,,,,
,,,,,6a180ae7c88be4ba957f1682,2026-05-28_10h30.22.383,WP1_3,2025.2.3,Win32,60.24096386,5e5521580ee1b951df544c3c,6a030b8ba3607712b5d4bf26,,,,,,,,,,,,,,,,,,,,,,,,,,,,,,,,,,,,,,,,,331.8681,338.2142,,,,8,338.2165,340.2468,,,"[""right"",""right"",""space""]","[0.860399999856952,1.1950999999046417,1.9147000000476737]","[null,null,null]",7,340.2527,342.556,space,2.1827,,55,Celebrities_Faces/055_rating.jpg,Charlize Theron,3,Charlize Theron,3,TRUE,TRUE,17,0,21,21,54,1,55,Celebrities_Faces/055_rating.jpg,Natalie Portman,Margot Robbie,Angelina Jolie,Charlize Theron,Charlize Theron,,,,,,,,,,,,,,,,,,,,,,,,,,,,,,,,,,,,,,,,,,,,,,,,,,,,,,,,,,,,,,,,,,,,,
,,,,,6a180ae7c88be4ba957f1682,2026-05-28_10h30.22.383,WP1_3,2025.2.3,Win32,60.24096386,5e5521580ee1b951df544c3c,6a030b8ba3607712b5d4bf26,,,,,,,,,,,,,,,,,,,,,,,,,,,,,,,,,,,,,,,,,342.5585,346.2793,,,,8,346.2815,351.6126,,,"[""right"",""right"",""right"",""right"",""right"",""space""]","[3.2127000000476755,3.449700000047642,3.6631000001430607,3.8464000000953433,4.057100000143009,5.045500000000004]","[null,null,null,null,null,null]",10,351.6182,353.0785,space,1.1804,,48,Celebrities_Faces/048_rating.jpg,Jennifer Lawrence,0,Jennifer Lawrence,0,TRUE,TRUE,18,0,22,22,47,1,48,Celebrities_Faces/048_rating.jpg,Jennifer Lawrence,Lady Gaga,Anne Hathaway,Emma Stone,Jennifer Lawrence,,,,,,,,,,,,,,,,,,,,,,,,,,,,,,,,,,,,,,,,,,,,,,,,,,,,,,,,,,,,,,,,,,,,,
,,,,,6a180ae7c88be4ba957f1682,2026-05-28_10h30.22.383,WP1_3,2025.2.3,Win32,60.24096386,5e5521580ee1b951df544c3c,6a030b8ba3607712b5d4bf26,,,,,,,,,,,,,,,,,,,,,,,,,,,,,,,,,,,,,,,,,353.0817,356.5376,,,,9,356.5396,358.5944,,,"[""right"",""right"",""right"",""right"",""space""]","[0.6077000000477142,0.8237000000477224,1.0387999999523458,1.2574999999999932,1.8055999999046435]","[null,null,null,null,null]",9,358.5999,359.9111,space,1.0712,,29,Celebrities_Faces/029_rating.jpg,Tom Holland,0,Tom Holland,0,TRUE,TRUE,19,0,23,23,28,1,29,Celebrities_Faces/029_rating.jpg,Tom Holland,Bradley Cooper,Dwayne Johnson,George W.Bush,Tom Holland,,,,,,,,,,,,,,,,,,,,,,,,,,,,,,,,,,,,,,,,,,,,,,,,,,,,,,,,,,,,,,,,,,,,,
,,,,,6a180ae7c88be4ba957f1682,2026-05-28_10h30.22.383,WP1_3,2025.2.3,Win32,60.24096386,5e5521580ee1b951df544c3c,6a030b8ba3607712b5d4bf26,,,,,,,,,,,,,,,,,,,,,,,,,,,,,,,,,,,,,,,,,359.9152,362.5776,,,,10,362.5801,365.1433,,,"[""right"",""space""]","[1.2858999998569516,2.3543999998569802]","[null,null]",6,365.1488,366.5434,space,1.1878,,30,Celebrities_Faces/030_rating.jpg,Tom Cruise,0,Tom Cruise,0,TRUE,TRUE,20,0,24,24,29,1,30,Celebrities_Faces/030_rating.jpg,Tom Cruise,Lionel Messi,Chris Evans,Bruce Willis,Tom Cruise,,,,,,,,,,,,,,,,,,,,,,,,,,,,,,,,,,,,,,,,,,,,,,,,,,,,,,,,,,,,,,,,,,,,,
,,,,,6a180ae7c88be4ba957f1682,2026-05-28_10h30.22.383,WP1_3,2025.2.3,Win32,60.24096386,5e5521580ee1b951df544c3c,6a030b8ba3607712b5d4bf26,,,,,,,,,,,,,,,,,,,,,,,,,,,,,,,,,,,,,,,,,366.5465,369.7433,,,,10,369.7454,371.7426,,,"[""right"",""space""]","[0.705799999952319,1.8683999998569334]","[null,null]",10,371.748,372.8426,space,0.9606,,13,Celebrities_Faces/013_rating.jpg,Denzel Washighton,0,Denzel Washighton,0,TRUE,TRUE,21,0,25,25,12,1,13,Celebrities_Faces/013_rating.jpg,Denzel Washighton,Chris Hemsworth,Matt Damon,George W.Bush,Denzel Washighton,,,,,,,,,,,,,,,,,,,,,,,,,,,,,,,,,,,,,,,,,,,,,,,,,,,,,,,,,,,,,,,,,,,,,
,,,,,6a180ae7c88be4ba957f1682,2026-05-28_10h30.22.383,WP1_3,2025.2.3,Win32,60.24096386,5e5521580ee1b951df544c3c,6a030b8ba3607712b5d4bf26,,,,,,,,,,,,,,,,,,,,,,,,,,,,,,,,,,,,,,,,,372.8455,376.4087,,,,8,376.4108,380.1417,,,"[""right"",""space""]","[2.5252000000476755,3.3719000000953656]","[null,null]",6,380.1472,381.9415,space,1.453,,37,Celebrities_Faces/037_rating.jpg,Natalie Portman,1,Natalie Portman,1,TRUE,TRUE,22,0,26,26,36,1,37,Celebrities_Faces/037_rating.jpg,Lady Gaga,Natalie Portman,Hillary Clinton,Michelle Obama,Natalie Portman,,,,,,,,,,,,,,,,,,,,,,,,,,,,,,,,,,,,,,,,,,,,,,,,,,,,,,,,,,,,,,,,,,,,,
,,,,,6a180ae7c88be4ba957f1682,2026-05-28_10h30.22.383,WP1_3,2025.2.3,Win32,60.24096386,5e5521580ee1b951df544c3c,6a030b8ba3607712b5d4bf26,,,,,,,,,,,,,,,,,,,,,,,,,,,,,,,,,,,,,,,,,381.9446,384.0576,,,,10,384.0596,385.8406,,,"[""right"",""space""]","[0.5086999998092665,1.6440000000000055]","[null,null]",10,385.846,386.9741,space,0.9871,,27,Celebrities_Faces/027_rating.jpg,Keanu Reeves,0,Keanu Reeves,0,TRUE,TRUE,23,0,27,27,26,1,27,Celebrities_Faces/027_rating.jpg,Keanu Reeves,Dwayne Johnson,Bradley Cooper,Daniel Radcliffe,Keanu Reeves,,,,,,,,,,,,,,,,,,,,,,,,,,,,,,,,,,,,,,,,,,,,,,,,,,,,,,,,,,,,,,,,,,,,,
,,,,,6a180ae7c88be4ba957f1682,2026-05-28_10h30.22.383,WP1_3,2025.2.3,Win32,60.24096386,5e5521580ee1b951df544c3c,6a030b8ba3607712b5d4bf26,,,,,,,,,,,,,,,,,,,,,,,,,,,,,,,,,,,,,,,,,386.9769,389.8898,,,,9,389.8916,391.3403,,,"[""space""]",[1.212600000143027],[null],5,391.3457,392.9567,space,1.3444,,10,Celebrities_Faces/010_rating.jpg,Bruce Willis,0,Bruce Willis,0,TRUE,TRUE,24,0,28,28,9,1,10,Celebrities_Faces/010_rating.jpg,Bruce Willis,Arnold Schwarzeneger,George Clooney,Robert De Niro,Bruce Willis,,,,,,,,,,,,,,,,,,,,,,,,,,,,,,,,,,,,,,,,,,,,,,,,,,,,,,,,,,,,,,,,,,,,,
,,,,,6a180ae7c88be4ba957f1682,2026-05-28_10h30.22.383,WP1_3,2025.2.3,Win32,60.24096386,5e5521580ee1b951df544c3c,6a030b8ba3607712b5d4bf26,,,,,,,,,,,,,,,,,,,,,,,,,,,,,,,,,,,,,,,,,392.9594,398.1227,,,,3,398.1248,400.3725,,,"[""space""]",[2.027500000000032],[null],5,400.3777,402.9387,space,2.354,,50,Celebrities_Faces/050_rating.jpg,Millie Bobby Brown,2,Millie Bobby Brown,2,TRUE,FALSE,24,0,29,29,49,1,50,Celebrities_Faces/050_rating.jpg,Taylor Swift,Cameron Diaz,Millie Bobby Brown,Michelle Obama,Millie Bobby Brown,,,,,,,,,,,,,,,,,,,,,,,,,,,,,,,,,,,,,,,,,,,,,,,,,,,,,,,,,,,,,,,,,,,,,
,,,,,6a180ae7c88be4ba957f1682,2026-05-28_10h30.22.383,WP1_3,2025.2.3,Win32,60.24096386,5e5521580ee1b951df544c3c,6a030b8ba3607712b5d4bf26,,,,,,,,,,,,,,,,,,,,,,,,,,,,,,,,,,,,,,,,,402.9414,408.0635,,,,8,408.0653,411.2045,,,"[""left"",""left"",""space""]","[1.7101999998092197,2.2540999999046107,3.024299999952291]","[null,null,null]",3,411.2102,412.2889,space,0.956,,7,Celebrities_Faces/007_rating.jpg,Ben Affleck,0,Ben Affleck,0,TRUE,TRUE,25,0,30,30,6,1,7,Celebrities_Faces/007_rating.jpg,Ben Affleck,Nicolas Cage,Henri Canvill,Leonardo Di Caprio,Ben Affleck,,,,,,,,,,,,,,,,,,,,,,,,,,,,,,,,,,,,,,,,,,,,,,,,,,,,,,,,,,,,,,,,,,,,,
,,,,,6a180ae7c88be4ba957f1682,2026-05-28_10h30.22.383,WP1_3,2025.2.3,Win32,60.24096386,5e5521580ee1b951df544c3c,6a030b8ba3607712b5d4bf26,,,,,,,,,,,,,,,,,,,,,,,,,,,,,,,,,,,,,,,,,412.2918,416.3366,,,,8,416.3385,419.8032,,,"[""space""]",[3.2129999999999654],[null],5,419.8085,421.3862,space,1.3081,,44,Celebrities_Faces/044_rating.jpg,Cate Blanchett,1,Cate Blanchett,1,TRUE,TRUE,26,0,31,31,43,1,44,Celebrities_Faces/044_rating.jpg,Angelina Jolie,Cate Blanchett,Natalie Portman,Taylor Swift,Cate Blanchett,,,,,,,,,,,,,,,,,,,,,,,,,,,,,,,,,,,,,,,,,,,,,,,,,,,,,,,,,,,,,,,,,,,,,
,,,,,6a180ae7c88be4ba957f1682,2026-05-28_10h30.22.383,WP1_3,2025.2.3,Win32,60.24096386,5e5521580ee1b951df544c3c,6a030b8ba3607712b5d4bf26,,,,,,,,,,,,,,,,,,,,,,,,,,,,,,,,,,,,,,,,,421.3891,424.4692,,,,8,424.4711,426.9189,,,"[""right"",""right"",""space""]","[1.3057000000476933,1.6217999999523158,2.174599999904615]","[null,null,null]",7,426.9245,428.786,space,1.6332,,9,Celebrities_Faces/009_rating.jpg,Bradley Cooper,2,Bradley Cooper,2,TRUE,TRUE,27,0,32,32,8,1,9,Celebrities_Faces/009_rating.jpg,Chris Hemsworth,Tom Cruise,Bradley Cooper,Lebron James,Bradley Cooper,,,,,,,,,,,,,,,,,,,,,,,,,,,,,,,,,,,,,,,,,,,,,,,,,,,,,,,,,,,,,,,,,,,,,
,,,,,6a180ae7c88be4ba957f1682,2026-05-28_10h30.22.383,WP1_3,2025.2.3,Win32,60.24096386,5e5521580ee1b951df544c3c,6a030b8ba3607712b5d4bf26,,,,,,,,,,,,,,,,,,,,,,,,,,,,,,,,,,,,,,,,,428.7893,432.1443,,,,9,432.1462,434.4178,,,"[""right"",""right"",""right"",""right"",""right"",""space""]","[0.8564999999999827,1.075700000047675,1.264600000143048,1.4596000001430411,1.6259000000953847,2.209900000095331]","[null,null,null,null,null,null]",10,434.4236,436.1851,space,1.6832,,20,Celebrities_Faces/020_rating.jpg,Matt Damon,1,Matt Damon,1,TRUE,TRUE,28,0,33,33,19,1,20,Celebrities_Faces/020_rating.jpg,Tom Cruise,Matt Damon,Chris Evans,Brad Pitt,Matt Damon,,,,,,,,,,,,,,,,,,,,,,,,,,,,,,,,,,,,,,,,,,,,,,,,,,,,,,,,,,,,,,,,,,,,,
,,,,,6a180ae7c88be4ba957f1682,2026-05-28_10h30.22.383,WP1_3,2025.2.3,Win32,60.24096386,5e5521580ee1b951df544c3c,6a030b8ba3607712b5d4bf26,,,,,,,,,,,,,,,,,,,,,,,,,,,,,,,,,,,,,,,,,436.1883,439.1336,,,,7,439.1356,442.1005,,,"[""left"",""left"",""left"",""space""]","[1.3624000000953629,1.6625000000000227,1.9455000000000382,2.862900000095351]","[null,null,null,null]",2,442.1061,445.2167,space,2.9978,,58,Celebrities_Faces/058_rating.jpg,Nicole Kidman,2,Nicole Kidman,2,TRUE,TRUE,29,0,34,34,57,1,58,Celebrities_Faces/058_rating.jpg,Millie Bobby Brown,Greta Thunberg,Nicole Kidman,Julia Roberts,Nicole Kidman,,,,,,,,,,,,,,,,,,,,,,,,,,,,,,,,,,,,,,,,,,,,,,,,,,,,,,,,,,,,,,,,,,,,,
,,,,,6a180ae7c88be4ba957f1682,2026-05-28_10h30.22.383,WP1_3,2025.2.3,Win32,60.24096386,5e5521580ee1b951df544c3c,6a030b8ba3607712b5d4bf26,,,,,,,,,,,,,,,,,,,,,,,,,,,,,,,,,,,,,,,,,445.2199,448.0993,,,,10,448.1011,459.2249,,,"[""left"",""left"",""left"",""right"",""right"",""right"",""left"",""space""]","[1.1490999999045926,1.533700000047645,2.0165000000000077,3.9653999998569134,4.801099999904636,5.149200000047642,10.11879999995233,10.914700000047674]","[null,null,null,null,null,null,null,null]",4,459.2301,461.6477,space,2.1928,,2,Celebrities_Faces/002_rating.jpg,George W.Bush,3,George W.Bush,3,TRUE,TRUE,30,0,35,35,1,1,2,Celebrities_Faces/002_rating.jpg,Henri Canvill,Chris Evans,Tom Holland,George W.Bush,George W.Bush,,,,,,,,,,,,,,,,,,,,,,,,,,,,,,,,,,,,,,,,,,,,,,,,,,,,,,,,,,,,,,,,,,,,,
,,,,,6a180ae7c88be4ba957f1682,2026-05-28_10h30.22.383,WP1_3,2025.2.3,Win32,60.24096386,5e5521580ee1b951df544c3c,6a030b8ba3607712b5d4bf26,,,,,,,,,,,,,,,,,,,,,,,,,,,,,,,,,,,,,,,,,461.651,463.7639,,,,10,463.7658,465.4637,,,"[""right"",""space""]","[0.48770000004770964,1.5877000000476755]","[null,null]",10,465.4691,467.2968,space,1.7094,,15,Celebrities_Faces/015_rating.jpg,Harrison Ford,2,Harrison Ford,2,TRUE,TRUE,31,0,36,36,14,1,15,Celebrities_Faces/015_rating.jpg,Lionel Messi,Daniel Radcliffe,Harrison Ford,Brad Pitt,Harrison Ford,,,,,,,,,,,,,,,,,,,,,,,,,,,,,,,,,,,,,,,,,,,,,,,,,,,,,,,,,,,,,,,,,,,,,
,,,,,6a180ae7c88be4ba957f1682,2026-05-28_10h30.22.383,WP1_3,2025.2.3,Win32,60.24096386,5e5521580ee1b951df544c3c,6a030b8ba3607712b5d4bf26,,,,,,,,,,,,,,,,,,,,,,,,,,,,,,,,,,,,,,,,,467.2997,470.0636,,,,9,470.0659,472.3801,,,"[""right"",""right"",""right"",""space""]","[0.9476000001430975,1.1805000000000518,1.3981000001430743,2.117500000000007]","[null,null,null,null]",8,472.3856,474.5792,space,1.9992,,57,Celebrities_Faces/057_rating.jpg,Serena Williams,2,Serena Williams,2,TRUE,TRUE,32,0,37,37,56,1,57,Celebrities_Faces/057_rating.jpg,Olivia Rodrigo,Charlize Theron,Serena Williams,Greta Thunberg,Serena Williams,,,,,,,,,,,,,,,,,,,,,,,,,,,,,,,,,,,,,,,,,,,,,,,,,,,,,,,,,,,,,,,,,,,,,
,,,,,6a180ae7c88be4ba957f1682,2026-05-28_10h30.22.383,WP1_3,2025.2.3,Win32,60.24096386,5e5521580ee1b951df544c3c,6a030b8ba3607712b5d4bf26,,,,,,,,,,,,,,,,,,,,,,,,,,,,,,,,,,,,,,,,,474.5821,478.5453,,,,9,478.5473,481.3948,,,"[""right"",""right"",""right"",""right"",""space""]","[0.5744999999999436,1.5242999999522908,1.757600000143043,2.1427000000476255,2.7429000000953465]","[null,null,null,null,null]",9,481.4001,482.6879,space,1.1628,,39,Celebrities_Faces/039_rating.jpg,Scarlett Johansson,1,Scarlett Johansson,1,TRUE,TRUE,33,0,38,38,38,1,39,Celebrities_Faces/039_rating.jpg,Simone Biles,Scarlett Johansson,Gal Gadot,Hillary Clinton,Scarlett Johansson,,,,,,,,,,,,,,,,,,,,,,,,,,,,,,,,,,,,,,,,,,,,,,,,,,,,,,,,,,,,,,,,,,,,,
,,,,,6a180ae7c88be4ba957f1682,2026-05-28_10h30.22.383,WP1_3,2025.2.3,Win32,60.24096386,5e5521580ee1b951df544c3c,6a030b8ba3607712b5d4bf26,,,,,,,,,,,,,,,,,,,,,,,,,,,,,,,,,,,,,,,,,482.6904,494.3767,,,,3,494.3788,495.2765,,,"[""space""]",[0.8339999999999463],[null],5,495.282,500.7265,space,5.366,,53,Celebrities_Faces/053_rating.jpg,Keira Knightley,3,Keira Knightley,3,TRUE,FALSE,33,0,39,39,52,1,53,Celebrities_Faces/053_rating.jpg,Anne Hathaway,Emma Stone,Olivia Rodrigo,Keira Knightley,Keira Knightley,,,,,,,,,,,,,,,,,,,,,,,,,,,,,,,,,,,,,,,,,,,,,,,,,,,,,,,,,,,,,,,,,,,,,
,,,,,6a180ae7c88be4ba957f1682,2026-05-28_10h30.22.383,WP1_3,2025.2.3,Win32,60.24096386,5e5521580ee1b951df544c3c,6a030b8ba3607712b5d4bf26,,,,,,,,,,,,,,,,,,,,,,,,,,,,,,,,,,,,,,,,,500.7298,503.3421,,,,10,503.3439,507.7582,,,"[""right"",""right"",""right"",""left"",""right"",""space""]","[0.4694000000953338,0.7590000000000146,1.2362000000476883,2.140099999904578,3.4199000000953674,4.121700000047667]","[null,null,null,null,null,null]",8,507.7647,510.342,space,2.2956,,45,Celebrities_Faces/045_rating.jpg,Cameron Diaz,3,Cameron Diaz,3,TRUE,TRUE,34,0,40,40,44,1,45,Celebrities_Faces/045_rating.jpg,Taylor Swift,Natalie Portman,Maria Sharapova,Cameron Diaz,Cameron Diaz,,,,,,,,,,,,,,,,,,,,,,,,,,,,,,,,,,,,,,,,,,,,,,,,,,,,,,,,,,,,,,,,,,,,,
,,,,,6a180ae7c88be4ba957f1682,2026-05-28_10h30.22.383,WP1_3,2025.2.3,Win32,60.24096386,5e5521580ee1b951df544c3c,6a030b8ba3607712b5d4bf26,,,,,,,,,,,,,,,,,,,,,,,,,,,,,,,,,,,,,,,,,510.3454,512.858,,,,10,512.8603,514.6246,,,"[""right"",""right"",""right"",""right"",""space""]","[0.36509999990460074,0.5660999999046226,0.7529999999999291,0.9302000000476482,1.6147000000476055]","[null,null,null,null,null]",9,514.63,516.6744,space,1.8988,,38,Celebrities_Faces/038_rating.jpg,Taylor Swift,3,Taylor Swift,3,TRUE,TRUE,35,0,41,41,37,1,38,Celebrities_Faces/038_rating.jpg,Keira Knightley,Scarlett Johansson,Margot Robbie,Taylor Swift,Taylor Swift,,,,,,,,,,,,,,,,,,,,,,,,,,,,,,,,,,,,,,,,,,,,,,,,,,,,,,,,,,,,,,,,,,,,,
,,,,,6a180ae7c88be4ba957f1682,2026-05-28_10h30.22.383,WP1_3,2025.2.3,Win32,60.24096386,5e5521580ee1b951df544c3c,6a030b8ba3607712b5d4bf26,,,,,,,,,,,,,,,,,,,,,,,,,,,,,,,,,,,,,,,,,516.6774,518.7903,,,,10,518.7924,529.1888,,,"[""right"",""right"",""left"",""left"",""left"",""left"",""right"",""left"",""space""]","[1.0879999999999654,1.7533999998569243,2.98629999995228,4.269399999856887,4.552700000047707,4.836399999856894,5.719299999952341,6.402700000047616,10.303700000047684]","[null,null,null,null,null,null,null,null,null]",3,529.1942,531.3888,space,2.096,,4,Celebrities_Faces/004_rating.jpg,Cristiano Ronaldo,3,Cristiano Ronaldo,3,TRUE,TRUE,36,0,42,42,3,1,4,Celebrities_Faces/004_rating.jpg,Matt Damon,Robert De Niro,Denzel Washighton,Cristiano Ronaldo,Cristiano Ronaldo,,,,,,,,,,,,,,,,,,,,,,,,,,,,,,,,,,,,,,,,,,,,,,,,,,,,,,,,,,,,,,,,,,,,,
,,,,,6a180ae7c88be4ba957f1682,2026-05-28_10h30.22.383,WP1_3,2025.2.3,Win32,60.24096386,5e5521580ee1b951df544c3c,6a030b8ba3607712b5d4bf26,,,,,,,,,,,,,,,,,,,,,,,,,,,,,,,,,,,,,,,,,531.3915,534.4213,,,,9,534.4233,537.7707,,,"[""left"",""left"",""left"",""left"",""right"",""space""]","[1.2596000001431094,1.5439999999999827,1.7968000001907285,2.010800000190784,2.591900000095393,3.164900000095372]","[null,null,null,null,null,null]",2,537.776,539.5875,space,1.6463,,26,Celebrities_Faces/026_rating.jpg,George Clooney,2,George Clooney,2,TRUE,TRUE,37,0,43,43,25,1,26,Celebrities_Faces/026_rating.jpg,Robert De Niro,Ewan McGregor,George Clooney,Daniel Radcliffe,George Clooney,,,,,,,,,,,,,,,,,,,,,,,,,,,,,,,,,,,,,,,,,,,,,,,,,,,,,,,,,,,,,,,,,,,,,
,,,,,6a180ae7c88be4ba957f1682,2026-05-28_10h30.22.383,WP1_3,2025.2.3,Win32,60.24096386,5e5521580ee1b951df544c3c,6a030b8ba3607712b5d4bf26,,,,,,,,,,,,,,,,,,,,,,,,,,,,,,,,,,,,,,,,,539.5907,542.0871,,,,9,542.089,544.1374,,,"[""left"",""space""]","[0.6845000000000709,1.9153999998569589]","[null,null]",0,544.1435,545.904,space,1.5624,,34,Celebrities_Faces/034_rating.jpg,Angelina Jolie,2,Angelina Jolie,2,TRUE,TRUE,38,0,44,44,33,1,34,Celebrities_Faces/034_rating.jpg,Anya Taylor-Joy,Maria Sharapova,Angelina Jolie,Nicole Kidman,Angelina Jolie,,,,,,,,,,,,,,,,,,,,,,,,,,,,,,,,,,,,,,,,,,,,,,,,,,,,,,,,,,,,,,,,,,,,,
,,,,,6a180ae7c88be4ba957f1682,2026-05-28_10h30.22.383,WP1_3,2025.2.3,Win32,60.24096386,5e5521580ee1b951df544c3c,6a030b8ba3607712b5d4bf26,,,,,,,,,,,,,,,,,,,,,,,,,,,,,,,,,,,,,,,,,545.9078,548.3536,,,,9,548.3558,550.2197,,,"[""right"",""space""]","[0.46560000014312664,1.7677999999523308]","[null,null]",10,550.2252,552.3691,space,2.0527,,31,Celebrities_Faces/031_rating.jpg,Sandra Bullock,3,Sandra Bullock,3,TRUE,TRUE,39,0,45,45,30,1,31,Celebrities_Faces/031_rating.jpg,Michelle Obama,Emma Watson,Halle Berry,Sandra Bullock,Sandra Bullock,,,,,,,,,,,,,,,,,,,,,,,,,,,,,,,,,,,,,,,,,,,,,,,,,,,,,,,,,,,,,,,,,,,,,
,,,,,6a180ae7c88be4ba957f1682,2026-05-28_10h30.22.383,WP1_3,2025.2.3,Win32,60.24096386,5e5521580ee1b951df544c3c,6a030b8ba3607712b5d4bf26,,,,,,,,,,,,,,,,,,,,,,,,,,,,,,,,,,,,,,,,,552.3721,556.1684,,,,7,556.1703,558.3019,,,"[""left"",""space""]","[0.641399999856958,2.0582999999523963]","[null,null]",0,558.3074,560.8188,space,2.4364,,52,Celebrities_Faces/052_rating.jpg,Emma Watson,3,Emma Watson,3,TRUE,TRUE,40,0,46,46,51,1,52,Celebrities_Faces/052_rating.jpg,Anne Hathaway,Natalie Portman,Hillary Clinton,Emma Watson,Emma Watson,,,,,,,,,,,,,,,,,,,,,,,,,,,,,,,,,,,,,,,,,,,,,,,,,,,,,,,,,,,,,,,,,,,,,
,,,,,6a180ae7c88be4ba957f1682,2026-05-28_10h30.22.383,WP1_3,2025.2.3,Win32,60.24096386,5e5521580ee1b951df544c3c,6a030b8ba3607712b5d4bf26,,,,,,,,,,,,,,,,,,,,,,,,,,,,,,,,,,,,,,,,,560.8222,565.9338,,,,7,565.9356,569.4931,,,"[""space""]",[3.3392000000477537],[null],5,569.4979,572.1341,space,2.4237,,40,Celebrities_Faces/040_rating.jpg,Gal Gadot,0,Gal Gadot,0,TRUE,TRUE,41,0,47,47,39,1,40,Celebrities_Faces/040_rating.jpg,Gal Gadot,Maria Sharapova,Taylor Swift,Nicole Kidman,Gal Gadot,,,,,,,,,,,,,,,,,,,,,,,,,,,,,,,,,,,,,,,,,,,,,,,,,,,,,,,,,,,,,,,,,,,,,
,,,,,6a180ae7c88be4ba957f1682,2026-05-28_10h30.22.383,WP1_3,2025.2.3,Win32,60.24096386,5e5521580ee1b951df544c3c,6a030b8ba3607712b5d4bf26,,,,,,,,,,,,,,,,,,,,,,,,,,,,,,,,,,,,,,,,,572.1375,574.8836,,,,9,574.8864,578.692,,,"[""right"",""right"",""right"",""right"",""space""]","[0.61200000000008,0.8287000000477747,1.0111000001430739,1.418400000095403,3.6769000000954293]","[null,null,null,null,null]",9,578.6967,580.1328,space,1.2809,,46,Celebrities_Faces/046_rating.jpg,Emma Stone,1,Emma Stone,1,TRUE,TRUE,42,0,48,48,45,1,46,Celebrities_Faces/046_rating.jpg,Halle Berry,Emma Stone,Emma Watson,Taylor Swift,Emma Stone,,,,,,,,,,,,,,,,,,,,,,,,,,,,,,,,,,,,,,,,,,,,,,,,,,,,,,,,,,,,,,,,,,,,,
,,,,,6a180ae7c88be4ba957f1682,2026-05-28_10h30.22.383,WP1_3,2025.2.3,Win32,60.24096386,5e5521580ee1b951df544c3c,6a030b8ba3607712b5d4bf26,,,,,,,,,,,,,,,,,,,,,,,,,,,,,,,,,,,,,,,,,580.1358,584.4986,,,,8,584.5007,586.8312,,,"[""right"",""right"",""right"",""right"",""space""]","[0.7033999998569698,1.0038999998569125,1.2047999999523427,1.3890999999046016,2.0533999998569925]","[null,null,null,null,null]",9,586.8359,588.7978,space,1.6604,,51,Celebrities_Faces/051_rating.jpg,Margot Robbie,0,Margot Robbie,0,TRUE,TRUE,43,0,49,49,50,1,51,Celebrities_Faces/051_rating.jpg,Margot Robbie,Halle Berry,Emma Watson,Julia Roberts,Margot Robbie,,,,,,,,,,,,,,,,,,,,,,,,,,,,,,,,,,,,,,,,,,,,,,,,,,,,,,,,,,,,,,,,,,,,,
,,,,,6a180ae7c88be4ba957f1682,2026-05-28_10h30.22.383,WP1_3,2025.2.3,Win32,60.24096386,5e5521580ee1b951df544c3c,6a030b8ba3607712b5d4bf26,,,,,,,,,,,,,,,,,,,,,,,,,,,,,,,,,,,,,,,,,588.8011,592.3306,,,,7,592.3324,596.1974,,,"[""left"",""left"",""left"",""space""]","[0.8487999999523481,1.2822000000476237,3.1333999998569197,3.7825000000000273]","[null,null,null,null]",2,596.2032,597.3966,space,1.1043,,16,Celebrities_Faces/016_rating.jpg,Ewan McGregor,0,Ewan McGregor,0,TRUE,TRUE,44,0,50,50,15,1,16,Celebrities_Faces/016_rating.jpg,Ewan McGregor,Robert De Niro,Lionel Messi,Leonardo Di Caprio,Ewan McGregor,,,,,,,,,,,,,,,,,,,,,,,,,,,,,,,,,,,,,,,,,,,,,,,,,,,,,,,,,,,,,,,,,,,,,
,,,,,6a180ae7c88be4ba957f1682,2026-05-28_10h30.22.383,WP1_3,2025.2.3,Win32,60.24096386,5e5521580ee1b951df544c3c,6a030b8ba3607712b5d4bf26,,,,,,,,,,,,,,,,,,,,,,,,,,,,,,,,,,,,,,,,,597.3997,599.7963,,,,10,599.7987,601.6456,,,"[""right"",""right"",""right"",""space""]","[0.554899999856957,0.80499999999995,1.004599999904599,1.6779999999999973]","[null,null,null,null]",8,601.6511,603.7464,space,1.9147,,1,Celebrities_Faces/001_rating.jpg,Leonardo Di Caprio,2,Leonardo Di Caprio,2,TRUE,TRUE,45,0,51,51,0,1,1,Celebrities_Faces/001_rating.jpg,Ben Affleck,Daniel Craig,Leonardo Di Caprio,Roger Federer,Leonardo Di Caprio,,,,,,,,,,,,,,,,,,,,,,,,,,,,,,,,,,,,,,,,,,,,,,,,,,,,,,,,,,,,,,,,,,,,,
,,,,,6a180ae7c88be4ba957f1682,2026-05-28_10h30.22.383,WP1_3,2025.2.3,Win32,60.24096386,5e5521580ee1b951df544c3c,6a030b8ba3607712b5d4bf26,,,,,,,,,,,,,,,,,,,,,,,,,,,,,,,,,,,,,,,,,603.7495,609.7283,,,,8,609.7303,614.3278,,,"[""right"",""left"",""left"",""space""]","[0.6953999998569316,1.314899999856948,3.628299999952219,4.328899999856958]","[null,null,null,null]",4,614.3335,615.8444,space,1.2236,,32,Celebrities_Faces/032_rating.jpg,Anne Hathaway,1,Anne Hathaway,1,TRUE,TRUE,46,0,52,52,31,1,32,Celebrities_Faces/032_rating.jpg,Charlize Theron,Anne Hathaway,Gal Gadot,Millie Bobby Brown,Anne Hathaway,,,,,,,,,,,,,,,,,,,,,,,,,,,,,,,,,,,,,,,,,,,,,,,,,,,,,,,,,,,,,,,,,,,,,
,,,,,6a180ae7c88be4ba957f1682,2026-05-28_10h30.22.383,WP1_3,2025.2.3,Win32,60.24096386,5e5521580ee1b951df544c3c,6a030b8ba3607712b5d4bf26,,,,,,,,,,,,,,,,,,,,,,,,,,,,,,,,,,,,,,,,,615.8473,617.9605,,,,10,617.9623,620.4194,,,"[""right"",""space""]","[0.4016000001430484,2.346200000047702]","[null,null]",10,620.4244,621.9269,space,1.36,,6,Celebrities_Faces/006_rating.jpg,Arnold Schwarzeneger,0,Arnold Schwarzeneger,0,TRUE,TRUE,47,0,53,53,5,1,6,Celebrities_Faces/006_rating.jpg,Arnold Schwarzeneger,Dwayne Johnson,Tom Cruise,Ryan Reynolds,Arnold Schwarzeneger,,,,,,,,,,,,,,,,,,,,,,,,,,,,,,,,,,,,,,,,,,,,,,,,,,,,,,,,,,,,,,,,,,,,,
,,,,,6a180ae7c88be4ba957f1682,2026-05-28_10h30.22.383,WP1_3,2025.2.3,Win32,60.24096386,5e5521580ee1b951df544c3c,6a030b8ba3607712b5d4bf26,,,,,,,,,,,,,,,,,,,,,,,,,,,,,,,,,,,,,,,,,621.9302,628.6757,,,,2,628.6781,629.3852,,,"[""space""]",[0.4785999999046453],[null],5,629.389,633.609,space,3.9865,,35,Celebrities_Faces/035_rating.jpg,Lindsay Lohan,3,Lindsay Lohan,3,TRUE,FALSE,47,0,54,54,34,1,35,Celebrities_Faces/035_rating.jpg,Anya Taylor-Joy,Millie Bobby Brown,Keira Knightley,Lindsay Lohan,Lindsay Lohan,,,,,,,,,,,,,,,,,,,,,,,,,,,,,,,,,,,,,,,,,,,,,,,,,,,,,,,,,,,,,,,,,,,,,
,,,,,6a180ae7c88be4ba957f1682,2026-05-28_10h30.22.383,WP1_3,2025.2.3,Win32,60.24096386,5e5521580ee1b951df544c3c,6a030b8ba3607712b5d4bf26,,,,,,,,,,,,,,,,,,,,,,,,,,,,,,,,,,,,,,,,,633.6117,636.9747,,,,9,636.9765,639.0077,,,"[""right"",""space""]","[0.60450000000003,1.9349000000953538]","[null,null]",10,639.0132,640.2411,space,1.128,,17,Celebrities_Faces/017_rating.jpg,Hugh Jackman,1,Hugh Jackman,1,TRUE,TRUE,48,0,55,55,16,1,17,Celebrities_Faces/017_rating.jpg,Keanu Reeves,Hugh Jackman,Ewan McGregor,Tom Cruise,Hugh Jackman,,,,,,,,,,,,,,,,,,,,,,,,,,,,,,,,,,,,,,,,,,,,,,,,,,,,,,,,,,,,,,,,,,,,,
,,,,,6a180ae7c88be4ba957f1682,2026-05-28_10h30.22.383,WP1_3,2025.2.3,Win32,60.24096386,5e5521580ee1b951df544c3c,6a030b8ba3607712b5d4bf26,,,,,,,,,,,,,,,,,,,,,,,,,,,,,,,,,,,,,,,,,640.244,642.774,,,,10,642.7759,647.9899,,,"[""right"",""right"",""right"",""right"",""space""]","[0.49470000004771464,0.9307000000477501,2.7984000000953984,3.211500000000001,4.8464000000954]","[null,null,null,null,null]",9,647.9953,649.2394,space,0.8945,,5,Celebrities_Faces/005_rating.jpg,Lionel Messi,0,Lionel Messi,0,TRUE,TRUE,49,0,56,56,4,1,5,Celebrities_Faces/005_rating.jpg,Lionel Messi,Matt Damon,Cristiano Ronaldo,Lebron James,Lionel Messi,,,,,,,,,,,,,,,,,,,,,,,,,,,,,,,,,,,,,,,,,,,,,,,,,,,,,,,,,,,,,,,,,,,,,
,,,,,6a180ae7c88be4ba957f1682,2026-05-28_10h30.22.383,WP1_3,2025.2.3,Win32,60.24096386,5e5521580ee1b951df544c3c,6a030b8ba3607712b5d4bf26,,,,,,,,,,,,,,,,,,,,,,,,,,,,,,,,,,,,,,,,,649.2418,651.8727,,,,10,651.8746,653.6055,,,"[""right"",""space""]","[0.2558999998568652,1.5392000000476855]","[null,null]",10,653.6109,656.4723,space,2.676,,8,Celebrities_Faces/008_rating.jpg,Brad Pitt,3,Brad Pitt,3,TRUE,TRUE,50,0,57,57,7,1,8,Celebrities_Faces/008_rating.jpg,Cristiano Ronaldo,Daniel Craig,Lionel Messi,Brad Pitt,Brad Pitt,,,,,,,,,,,,,,,,,,,,,,,,,,,,,,,,,,,,,,,,,,,,,,,,,,,,,,,,,,,,,,,,,,,,,
,,,,,6a180ae7c88be4ba957f1682,2026-05-28_10h30.22.383,WP1_3,2025.2.3,Win32,60.24096386,5e5521580ee1b951df544c3c,6a030b8ba3607712b5d4bf26,,,,,,,,,,,,,,,,,,,,,,,,,,,,,,,,,,,,,,,,,656.4754,661.7474,,,,8,661.7492,664.6378,,,"[""right"",""right"",""right"",""right"",""right"",""space""]","[0.8879000000953283,1.1277999999523445,1.3457999999523054,1.5622999999523017,1.822200000047701,2.8039999999999736]","[null,null,null,null,null,null]",10,664.6433,671.5542,space,6.8288,,49,Celebrities_Faces/049_rating.jpg,Olivia Rodrigo,0,Olivia Rodrigo,0,TRUE,TRUE,51,0,58,58,48,1,49,Celebrities_Faces/049_rating.jpg,Olivia Rodrigo,Lindsay Lohan,Gal Gadot,Angelina Jolie,Olivia Rodrigo,,,,,,,,,,,,,,,,,,,,,,,,,,,,,,,,,,,,,,,,,,,,,,,,,,,,,,,,,,,,,,,,,,,,,
,,,,,6a180ae7c88be4ba957f1682,2026-05-28_10h30.22.383,WP1_3,2025.2.3,Win32,60.24096386,5e5521580ee1b951df544c3c,6a030b8ba3607712b5d4bf26,,,,,,,,,,,,,,,,,,,,,,,,,,,,,,,,,,,,,,,,,671.5579,675.0197,,,,8,675.0217,676.9861,,,"[""right"",""right"",""right"",""right"",""space""]","[0.44480000019075305,0.6639000000953956,0.8780000000000427,1.0569000000954247,1.606700000047681]","[null,null,null,null,null]",9,676.9914,678.1856,space,0.8884,,18,Celebrities_Faces/018_rating.jpg,Chris Hemsworth,0,Chris Hemsworth,0,TRUE,TRUE,52,0,59,59,17,1,18,Celebrities_Faces/018_rating.jpg,Chris Hemsworth,Leonardo Di Caprio,Nicolas Cage,Tom Cruise,Chris Hemsworth,,,,,,,,,,,,,,,,,,,,,,,,,,,,,,,,,,,,,,,,,,,,,,,,,,,,,,,,,,,,,,,,,,,,,
,,,,,6a180ae7c88be4ba957f1682,2026-05-28_10h30.22.383,WP1_3,2025.2.3,Win32,60.24096386,5e5521580ee1b951df544c3c,6a030b8ba3607712b5d4bf26,,,,,,,,,,,,,,,,,,,,,,,,,,,,,,,,,,,,,,,,,,,,,,,,,,,,,,,,,,,,,,,,,,,,,,,,,,,,,,,,,top_30_qualified_by_familiarity,30,"28,25,19,14,54,30,13,27,2,15,45,38,4,1,6,5,8,33,59,3,24,29,10,20,57,39,26,34,31,46",678.1944,698.1838,,,,,,,,,,,,,,,,,,,,,,,,,,,,,,,,,,,,,,,,,,,,,,,,,,,,,,,,,,,,,,,,
,,,,,6a180ae7c88be4ba957f1682,2026-05-28_10h30.22.383,WP1_3,2025.2.3,Win32,60.24096386,5e5521580ee1b951df544c3c,6a030b8ba3607712b5d4bf26,,,,,,,,,,,,,,,,,,,,,,,,,,,,,,,,,,,,,,,,,,,,,,,,,,,,,,,,,,,,,,,,,,,,,,,,,,,,,,,,,,,,,,698.19,698.1907,,,,,,,,,,,,,,,,,,,,,,,,,,,,,,,,,,,,,,,,,,,,,,,,,,,,,,,,,,,,,,
,,,,,6a180ae7c88be4ba957f1682,2026-05-28_10h30.22.383,WP1_3,2025.2.3,Win32,60.24096386,5e5521580ee1b951df544c3c,6a030b8ba3607712b5d4bf26,,,,,,,,,,,,,,,,,,,,,,,,,,,,,,,,,,,,,,,,,,,,,,,,,,,,,,,,,,,,,,,,,,,,,,,,,,,,,,,,,,,,,,,,698.1912,718.6316,space,20.3977,,,,,,,,,,,,,,,,,,,,,,,,,,,,,,,,,,,,,,,,,,,,,,,,,,,,,,,,,,
,,,,,6a180ae7c88be4ba957f1682,2026-05-28_10h30.22.383,WP1_3,2025.2.3,Win32,60.24096386,5e5521580ee1b951df544c3c,6a030b8ba3607712b5d4bf26,,,,,,,,,,,,,,,,,,,,,,,,,,,,,,,,,,,,,,,,,,,,,,,,,,,,,,,,,,,,,,,,,,,,,,,,,,,,,,,,,,,,,,,,,,,,,718.6322,742.7208,space,24.0611,,,,,,,,,,,,,,,,,,,,,,,,,,,,,,,,,,,,,,,,,,,,,,,,,,,,,
,,,,,6a180ae7c88be4ba957f1682,2026-05-28_10h30.22.383,WP1_3,2025.2.3,Win32,60.24096386,5e5521580ee1b951df544c3c,6a030b8ba3607712b5d4bf26,,,,,,,,,,,,,,,,,,,,,,,,,,,,,,,,,,,,,,,,,,,,,,,,,,,,,,,,,,,,17,,,,,,,,,,,,,,,,,,,,,,,,,,,,,,,,,,,,,,1.538462798,742.7285,744.261,744.2646,746.3793,[],[],,TRUE,1,TRUE,,TRUE,,0,0,0,0,1,,,,,,,,,,,,,,,,,,,,,,,,,,,,,,,,,
,,,,,6a180ae7c88be4ba957f1682,2026-05-28_10h30.22.383,WP1_3,2025.2.3,Win32,60.24096386,5e5521580ee1b951df544c3c,6a030b8ba3607712b5d4bf26,,,,,,,,,,,,,,,,,,,,,,,,,,,,,,,,,,,,,,,,,,,,,,,,,,,,,,,,,,,,98,,,,,,,,,,,,,,,,,,,,,,,,,,,,,,,,,,,,,,1.5902243,746.3811,747.9608,747.9629,750.0768,[],[],,TRUE,2,FALSE,,TRUE,,1,0,1,0,1,,,,,,,,,,,,,,,,,,,,,,,,,,,,,,,,,
,,,,,6a180ae7c88be4ba957f1682,2026-05-28_10h30.22.383,WP1_3,2025.2.3,Win32,60.24096386,5e5521580ee1b951df544c3c,6a030b8ba3607712b5d4bf26,,,,,,,,,,,,,,,,,,,,,,,,,,,,,,,,,,,,,,,,,,,,,,,,,,,,,,,,,,,,28,,,,,,,,,,,,,,,,,,,,,,,,,,,,,,,,,,,,,,1.957251596,750.0777,752.027,752.0291,754.1425,[],[],,TRUE,3,FALSE,,TRUE,,2,0,2,0,1,,,,,,,,,,,,,,,,,,,,,,,,,,,,,,,,,
,,,,,6a180ae7c88be4ba957f1682,2026-05-28_10h30.22.383,WP1_3,2025.2.3,Win32,60.24096386,5e5521580ee1b951df544c3c,6a030b8ba3607712b5d4bf26,,,,,,,,,,,,,,,,,,,,,,,,,,,,,,,,,,,,,,,,,,,,,,,,,,,,,,,,,,,,9,,,,,,,,,,,,,,,,,,,,,,,,,,,,,,,,,,,,,,1.760093948,754.1429,755.8924,755.8942,758.0092,[],[],,TRUE,4,FALSE,,TRUE,,3,0,3,0,1,,,,,,,,,,,,,,,,,,,,,,,,,,,,,,,,,
,,,,,6a180ae7c88be4ba957f1682,2026-05-28_10h30.22.383,WP1_3,2025.2.3,Win32,60.24096386,5e5521580ee1b951df544c3c,6a030b8ba3607712b5d4bf26,,,,,,,,,,,,,,,,,,,,,,,,,,,,,,,,,,,,,,,,,,,,,,,,,,,,,,,,,,,,31,,,,,,,,,,,,,,,,,,,,,,,,,,,,,,,,,,,,,,1.775426937,758.0103,759.7758,759.7777,761.8917,[],[],,TRUE,5,FALSE,,TRUE,,4,0,4,0,1,,,,,,,,,,,,,,,,,,,,,,,,,,,,,,,,,
,,,,,6a180ae7c88be4ba957f1682,2026-05-28_10h30.22.383,WP1_3,2025.2.3,Win32,60.24096386,5e5521580ee1b951df544c3c,6a030b8ba3607712b5d4bf26,,,,,,,,,,,,,,,,,,,,,,,,,,,,,,,,,,,,,,,,,,,,,,,,,,,,,,,,,,,,,,,,,,,,,,,,,,,,,,,,,,,,,,,,,,,,,,,,,,,,,,,,,,,,,,,,,,,,,761.8924,798.155,space,36.2335,,,,,,,,,,,,,,,,,,,,,,,,,,,,,
,,,,,6a180ae7c88be4ba957f1682,2026-05-28_10h30.22.383,WP1_3,2025.2.3,Win32,60.24096386,5e5521580ee1b951df544c3c,6a030b8ba3607712b5d4bf26,,,,,,,,,,,,,,,,,,,,,,,,,,,,,,,,,,,,,,,,,,,,,,,,,,,,,,,,,,,,97,stim_fam/097_rgray_250.png,,,,,,,,,,,,,,,,,,,,,,,,,,,,,,,,,,,,,2.121892976,798.162,800.2873,,,,,,,,FALSE,,FALSE,,,,,,,,,,,,800.2913,801.3213,p,0.8668,,1,58,1,1,250,novel,,,FALSE,801.3226,801.3248,801.3252,801.3286,,0,0,0,0,1,,,,
,,,,,6a180ae7c88be4ba957f1682,2026-05-28_10h30.22.383,WP1_3,2025.2.3,Win32,60.24096386,5e5521580ee1b951df544c3c,6a030b8ba3607712b5d4bf26,,,,,,,,,,,,,,,,,,,,,,,,,,,,,,,,,,,,,,,,,,,,,,,,,,,,,,,,,,,,26,Celebrities_Faces/026_01_greyscale_250.png,,,,,,,,,,,,,,,,,,,,,,,,,,,,,,,,,,,,,1.813525056,801.3294,803.1367,,,,,,,,TRUE,,FALSE,,,,,,,,,,,,803.1394,804.0039,q,0.6898,,2,27,1,1,1,familiar,,,FALSE,804.0044,804.0046,804.0047,804.0049,,1,0,1,0,1,,,,
,,,,,6a180ae7c88be4ba957f1682,2026-05-28_10h30.22.383,WP1_3,2025.2.3,Win32,60.24096386,5e5521580ee1b951df544c3c,6a030b8ba3607712b5d4bf26,,,,,,,,,,,,,,,,,,,,,,,,,,,,,,,,,,,,,,,,,,,,,,,,,,,,,,,,,,,,5,Celebrities_Faces/005_02_greyscale_250.png,,,,,,,,,,,,,,,,,,,,,,,,,,,,,,,,,,,,,2.327795132,804.0057,806.3402,,,,,,,,TRUE,,TRUE,,,,,,,,,,,,806.3409,807.4529,,,,3,16,1,1,2,familiar,,,FALSE,807.4544,808.4526,808.4528,808.4531,,2,0,2,0,1,,,,
,,,,,6a180ae7c88be4ba957f1682,2026-05-28_10h30.22.383,WP1_3,2025.2.3,Win32,60.24096386,5e5521580ee1b951df544c3c,6a030b8ba3607712b5d4bf26,,,,,,,,,,,,,,,,,,,,,,,,,,,,,,,,,,,,,,,,,,,,,,,,,,,,,,,,,,,,59,Celebrities_Faces/059_01_greyscale_250.png,,,,,,,,,,,,,,,,,,,,,,,,,,,,,,,,,,,,,1.934588155,808.4539,810.3859,,,,,,,,TRUE,,FALSE,,,,,,,,,,,,810.3883,811.3862,q,0.8002,,4,19,1,1,1,familiar,,,FALSE,811.3867,811.387,811.3872,811.3877,,3,0,3,0,1,,,,
,,,,,6a180ae7c88be4ba957f1682,2026-05-28_10h30.22.383,WP1_3,2025.2.3,Win32,60.24096386,5e5521580ee1b951df544c3c,6a030b8ba3607712b5d4bf26,,,,,,,,,,,,,,,,,,,,,,,,,,,,,,,,,,,,,,,,,,,,,,,,,,,,,,,,,,,,70,stim_fam/070_rgray_250.png,,,,,,,,,,,,,,,,,,,,,,,,,,,,,,,,,,,,,2.418587245,811.3887,813.8023,,,,,,,,FALSE,,FALSE,,,,,,,,,,,,813.8046,814.8018,p,0.8222,,5,54,1,1,250,novel,,,FALSE,814.8023,814.8024,814.8026,814.8028,,4,0,4,0,1,,,,
,,,,,6a180ae7c88be4ba957f1682,2026-05-28_10h30.22.383,WP1_3,2025.2.3,Win32,60.24096386,5e5521580ee1b951df544c3c,6a030b8ba3607712b5d4bf26,,,,,,,,,,,,,,,,,,,,,,,,,,,,,,,,,,,,,,,,,,,,,,,,,,,,,,,,,,,,6,Celebrities_Faces/006_03_greyscale_250.png,,,,,,,,,,,,,,,,,,,,,,,,,,,,,,,,,,,,,2.439015442,814.8036,817.2344,,,,,,,,TRUE,,FALSE,,,,,,,,,,,,817.2362,818.1009,q,0.6974,,6,15,1,1,3,familiar,,,FALSE,818.1016,818.1016,818.1018,818.102,,5,0,5,0,1,,,,
,,,,,6a180ae7c88be4ba957f1682,2026-05-28_10h30.22.383,WP1_3,2025.2.3,Win32,60.24096386,5e5521580ee1b951df544c3c,6a030b8ba3607712b5d4bf26,,,,,,,,,,,,,,,,,,,,,,,,,,,,,,,,,,,,,,,,,,,,,,,,,,,,,,,,,,,,78,stim_fam/078_rgray_250.png,,,,,,,,,,,,,,,,,,,,,,,,,,,,,,,,,,,,,1.726158044,818.1026,819.8175,,,,,,,,FALSE,,FALSE,,,,,,,,,,,,819.8193,820.8007,p,0.8095,,7,41,1,1,250,novel,,,FALSE,820.8013,820.8014,820.8016,820.8019,,6,0,6,0,1,,,,
,,,,,6a180ae7c88be4ba957f1682,2026-05-28_10h30.22.383,WP1_3,2025.2.3,Win32,60.24096386,5e5521580ee1b951df544c3c,6a030b8ba3607712b5d4bf26,,,,,,,,,,,,,,,,,,,,,,,,,,,,,,,,,,,,,,,,,,,,,,,,,,,,,,,,,,,,26,stim_fam/026_rgray_250.png,,,,,,,,,,,,,,,,,,,,,,,,,,,,,,,,,,,,,2.48128339,820.8025,823.2834,,,,,,,,FALSE,,FALSE,,,,,,,,,,,,823.2843,824.3004,p,0.8637,,8,55,1,1,250,novel,,,FALSE,824.301,824.3013,824.3015,824.3018,,7,0,7,0,1,,,,
,,,,,6a180ae7c88be4ba957f1682,2026-05-28_10h30.22.383,WP1_3,2025.2.3,Win32,60.24096386,5e5521580ee1b951df544c3c,6a030b8ba3607712b5d4bf26,,,,,,,,,,,,,,,,,,,,,,,,,,,,,,,,,,,,,,,,,,,,,,,,,,,,,,,,,,,,19,Celebrities_Faces/019_01_greyscale_250.png,,,,,,,,,,,,,,,,,,,,,,,,,,,,,,,,,,,,,1.978616682,824.3026,826.2833,,,,,,,,TRUE,,TRUE,,,,,,,,,,,,826.2858,827.4001,,,,9,3,1,1,1,familiar,,,FALSE,827.401,828.4002,828.4004,828.4006,,8,0,8,0,1,,,,
,,,,,6a180ae7c88be4ba957f1682,2026-05-28_10h30.22.383,WP1_3,2025.2.3,Win32,60.24096386,5e5521580ee1b951df544c3c,6a030b8ba3607712b5d4bf26,,,,,,,,,,,,,,,,,,,,,,,,,,,,,,,,,,,,,,,,,,,,,,,,,,,,,,,,,,,,1,Celebrities_Faces/001_02_greyscale_250.png,,,,,,,,,,,,,,,,,,,,,,,,,,,,,,,,,,,,,2.218581345,828.4015,830.6165,,,,,,,,TRUE,,FALSE,,,,,,,,,,,,830.6188,831.449,q,0.6661,,10,14,1,1,2,familiar,,,FALSE,831.4493,831.4494,831.4494,831.4494,,9,0,9,0,1,,,,
,,,,,6a180ae7c88be4ba957f1682,2026-05-28_10h30.22.383,WP1_3,2025.2.3,Win32,60.24096386,5e5521580ee1b951df544c3c,6a030b8ba3607712b5d4bf26,,,,,,,,,,,,,,,,,,,,,,,,,,,,,,,,,,,,,,,,,,,,,,,,,,,,,,,,,,,,64,stim_fam/064_rgray_250.png,,,,,,,,,,,,,,,,,,,,,,,,,,,,,,,,,,,,,2.156199085,831.4499,833.5987,,,,,,,,FALSE,,FALSE,,,,,,,,,,,,833.5995,834.526,p,0.755,,11,36,1,1,250,novel,,,FALSE,834.5261,834.5262,834.5262,834.5264,,10,0,10,0,1,,,,
,,,,,6a180ae7c88be4ba957f1682,2026-05-28_10h30.22.383,WP1_3,2025.2.3,Win32,60.24096386,5e5521580ee1b951df544c3c,6a030b8ba3607712b5d4bf26,,,,,,,,,,,,,,,,,,,,,,,,,,,,,,,,,,,,,,,,,,,,,,,,,,,,,,,,,,,,63,stim_fam/063_rgray_250.png,,,,,,,,,,,,,,,,,,,,,,,,,,,,,,,,,,,,,2.116955468,834.5268,836.6325,,,,,,,,FALSE,,FALSE,,,,,,,,,,,,836.6347,837.6993,p,0.8644,,12,37,1,1,250,novel,,,FALSE,837.7,837.7002,837.7003,837.7008,,11,0,11,0,1,,,,
,,,,,6a180ae7c88be4ba957f1682,2026-05-28_10h30.22.383,WP1_3,2025.2.3,Win32,60.24096386,5e5521580ee1b951df544c3c,6a030b8ba3607712b5d4bf26,,,,,,,,,,,,,,,,,,,,,,,,,,,,,,,,,,,,,,,,,,,,,,,,,,,,,,,,,,,,30,Celebrities_Faces/030_03_greyscale_250.png,,,,,,,,,,,,,,,,,,,,,,,,,,,,,,,,,,,,,1.578156962,837.7019,839.2819,,,,,,,,TRUE,,FALSE,,,,,,,,,,,,839.2843,840.1482,p,0.6992,,13,6,1,1,3,familiar,,,FALSE,840.1486,840.1488,840.1488,840.1492,,12,0,12,0,1,,,,
,,,,,6a180ae7c88be4ba957f1682,2026-05-28_10h30.22.383,WP1_3,2025.2.3,Win32,60.24096386,5e5521580ee1b951df544c3c,6a030b8ba3607712b5d4bf26,,,,,,,,,,,,,,,,,,,,,,,,,,,,,,,,,,,,,,,,,,,,,,,,,,,,,,,,,,,,45,Celebrities_Faces/045_03_greyscale_250.png,,,,,,,,,,,,,,,,,,,,,,,,,,,,,,,,,,,,,1.830870908,840.1497,841.9813,,,,,,,,TRUE,,FALSE,,,,,,,,,,,,841.9832,842.9983,q,0.8491,,14,11,1,1,3,familiar,,,FALSE,842.9987,842.9989,842.9989,842.999,,13,0,13,0,1,,,,
,,,,,6a180ae7c88be4ba957f1682,2026-05-28_10h30.22.383,WP1_3,2025.2.3,Win32,60.24096386,5e5521580ee1b951df544c3c,6a030b8ba3607712b5d4bf26,,,,,,,,,,,,,,,,,,,,,,,,,,,,,,,,,,,,,,,,,,,,,,,,,,,,,,,,,,,,39,Celebrities_Faces/039_01_greyscale_250.png,,,,,,,,,,,,,,,,,,,,,,,,,,,,,,,,,,,,,2.222162302,842.9997,845.2147,,,,,,,,TRUE,,TRUE,,,,,,,,,,,,845.2183,846.3308,,,,15,26,1,1,1,familiar,,,FALSE,846.3315,847.331,847.3312,847.3314,,14,0,14,0,1,,,,
,,,,,6a180ae7c88be4ba957f1682,2026-05-28_10h30.22.383,WP1_3,2025.2.3,Win32,60.24096386,5e5521580ee1b951df544c3c,6a030b8ba3607712b5d4bf26,,,,,,,,,,,,,,,,,,,,,,,,,,,,,,,,,,,,,,,,,,,,,,,,,,,,,,,,,,,,46,Celebrities_Faces/046_03_greyscale_250.png,,,,,,,,,,,,,,,,,,,,,,,,,,,,,,,,,,,,,2.389850079,847.3322,849.714,,,,,,,,TRUE,,TRUE,,,,,,,,,,,,849.7157,850.8299,,,,16,30,1,1,3,familiar,,,FALSE,850.8301,851.8298,851.8298,851.8299,,15,0,15,0,1,,,,
,,,,,6a180ae7c88be4ba957f1682,2026-05-28_10h30.22.383,WP1_3,2025.2.3,Win32,60.24096386,5e5521580ee1b951df544c3c,6a030b8ba3607712b5d4bf26,,,,,,,,,,,,,,,,,,,,,,,,,,,,,,,,,,,,,,,,,,,,,,,,,,,,,,,,,,,,62,stim_fam/062_rgray_250.png,,,,,,,,,,,,,,,,,,,,,,,,,,,,,,,,,,,,,2.419605165,851.8302,854.2457,,,,,,,,FALSE,,FALSE,,,,,,,,,,,,854.2465,855.2802,p,0.8873,,17,33,1,1,250,novel,,,FALSE,855.2806,855.2807,855.2808,855.281,,16,0,16,0,1,,,,
,,,,,6a180ae7c88be4ba957f1682,2026-05-28_10h30.22.383,WP1_3,2025.2.3,Win32,60.24096386,5e5521580ee1b951df544c3c,6a030b8ba3607712b5d4bf26,,,,,,,,,,,,,,,,,,,,,,,,,,,,,,,,,,,,,,,,,,,,,,,,,,,,,,,,,,,,3,stim_fam/003_rgray_250.png,,,,,,,,,,,,,,,,,,,,,,,,,,,,,,,,,,,,,2.497148868,855.2816,857.7698,,,,,,,,FALSE,,FALSE,,,,,,,,,,,,857.7707,858.7129,p,0.7999,,18,53,1,1,250,novel,,,FALSE,858.7134,858.7135,858.7136,858.7137,,17,0,17,0,1,,,,
,,,,,6a180ae7c88be4ba957f1682,2026-05-28_10h30.22.383,WP1_3,2025.2.3,Win32,60.24096386,5e5521580ee1b951df544c3c,6a030b8ba3607712b5d4bf26,,,,,,,,,,,,,,,,,,,,,,,,,,,,,,,,,,,,,,,,,,,,,,,,,,,,,,,,,,,,32,stim_fam/032_rgray_250.png,,,,,,,,,,,,,,,,,,,,,,,,,,,,,,,,,,,,,1.703590855,858.7144,860.4127,,,,,,,,FALSE,,FALSE,,,,,,,,,,,,860.415,861.4292,p,0.8338,,19,43,1,1,250,novel,,,FALSE,861.4297,861.4298,861.4298,861.43,,18,0,18,0,1,,,,
,,,,,6a180ae7c88be4ba957f1682,2026-05-28_10h30.22.383,WP1_3,2025.2.3,Win32,60.24096386,5e5521580ee1b951df544c3c,6a030b8ba3607712b5d4bf26,,,,,,,,,,,,,,,,,,,,,,,,,,,,,,,,,,,,,,,,,,,,,,,,,,,,,,,,,,,,33,Celebrities_Faces/033_03_greyscale_250.png,,,,,,,,,,,,,,,,,,,,,,,,,,,,,,,,,,,,,2.201047004,861.4306,863.636,,,,,,,,TRUE,,TRUE,,,,,,,,,,,,863.6376,864.7454,p,0.9227,,20,18,1,1,3,familiar,,,FALSE,864.7459,865.7452,865.7454,865.7456,,19,0,19,0,1,,,,
,,,,,6a180ae7c88be4ba957f1682,2026-05-28_10h30.22.383,WP1_3,2025.2.3,Win32,60.24096386,5e5521580ee1b951df544c3c,6a030b8ba3607712b5d4bf26,,,,,,,,,,,,,,,,,,,,,,,,,,,,,,,,,,,,,,,,,,,,,,,,,,,,,,,,,,,,29,Celebrities_Faces/029_02_greyscale_250.png,,,,,,,,,,,,,,,,,,,,,,,,,,,,,,,,,,,,,2.126603709,865.7466,867.8615,,,,,,,,TRUE,,FALSE,,,,,,,,,,,,867.8642,868.895,p,0.8552,,21,22,1,1,2,familiar,,,FALSE,868.8954,868.8955,868.8956,868.8957,,20,0,20,0,1,,,,
,,,,,6a180ae7c88be4ba957f1682,2026-05-28_10h30.22.383,WP1_3,2025.2.3,Win32,60.24096386,5e5521580ee1b951df544c3c,6a030b8ba3607712b5d4bf26,,,,,,,,,,,,,,,,,,,,,,,,,,,,,,,,,,,,,,,,,,,,,,,,,,,,,,,,,,,,27,Celebrities_Faces/027_02_greyscale_250.png,,,,,,,,,,,,,,,,,,,,,,,,,,,,,,,,,,,,,1.849502752,868.8963,870.7444,,,,,,,,TRUE,,FALSE,,,,,,,,,,,,870.7462,871.4553,q,0.5663,,22,8,1,1,2,familiar,,,FALSE,871.4555,871.4556,871.4556,871.4556,,21,0,21,0,1,,,,
,,,,,6a180ae7c88be4ba957f1682,2026-05-28_10h30.22.383,WP1_3,2025.2.3,Win32,60.24096386,5e5521580ee1b951df544c3c,6a030b8ba3607712b5d4bf26,,,,,,,,,,,,,,,,,,,,,,,,,,,,,,,,,,,,,,,,,,,,,,,,,,,,,,,,,,,,14,Celebrities_Faces/014_02_greyscale_250.png,,,,,,,,,,,,,,,,,,,,,,,,,,,,,,,,,,,,,1.890692317,871.456,873.3443,,,,,,,,TRUE,,FALSE,,,,,,,,,,,,873.3466,874.3435,q,0.8402,,23,4,1,1,2,familiar,,,FALSE,874.344,874.3441,874.3442,874.3443,,22,0,22,0,1,,,,
,,,,,6a180ae7c88be4ba957f1682,2026-05-28_10h30.22.383,WP1_3,2025.2.3,Win32,60.24096386,5e5521580ee1b951df544c3c,6a030b8ba3607712b5d4bf26,,,,,,,,,,,,,,,,,,,,,,,,,,,,,,,,,,,,,,,,,,,,,,,,,,,,,,,,,,,,24,stim_fam/024_rgray_250.png,,,,,,,,,,,,,,,,,,,,,,,,,,,,,,,,,,,,,2.415050492,874.345,876.7603,,,,,,,,FALSE,,FALSE,,,,,,,,,,,,876.7624,877.8008,p,0.8795,,24,31,1,1,250,novel,,,FALSE,877.8013,877.8014,877.8014,877.8015,,23,0,23,0,1,,,,
,,,,,6a180ae7c88be4ba957f1682,2026-05-28_10h30.22.383,WP1_3,2025.2.3,Win32,60.24096386,5e5521580ee1b951df544c3c,6a030b8ba3607712b5d4bf26,,,,,,,,,,,,,,,,,,,,,,,,,,,,,,,,,,,,,,,,,,,,,,,,,,,,,,,,,,,,54,Celebrities_Faces/054_03_greyscale_250.png,,,,,,,,,,,,,,,,,,,,,,,,,,,,,,,,,,,,,1.510763346,877.802,879.3099,,,,,,,,TRUE,,FALSE,,,,,,,,,,,,879.3116,880.0938,q,0.6331,,25,5,1,1,3,familiar,,,FALSE,880.0942,880.0943,880.0944,880.0946,,24,0,24,0,1,,,,
,,,,,6a180ae7c88be4ba957f1682,2026-05-28_10h30.22.383,WP1_3,2025.2.3,Win32,60.24096386,5e5521580ee1b951df544c3c,6a030b8ba3607712b5d4bf26,,,,,,,,,,,,,,,,,,,,,,,,,,,,,,,,,,,,,,,,,,,,,,,,,,,,,,,,,,,,15,Celebrities_Faces/015_01_greyscale_250.png,,,,,,,,,,,,,,,,,,,,,,,,,,,,,,,,,,,,,1.792158955,880.0954,881.8763,,,,,,,,TRUE,,FALSE,,,,,,,,,,,,881.8779,882.6433,q,0.6146,,26,10,1,1,1,familiar,,,FALSE,882.6437,882.6438,882.6439,882.644,,25,0,25,0,1,,,,
,,,,,6a180ae7c88be4ba957f1682,2026-05-28_10h30.22.383,WP1_3,2025.2.3,Win32,60.24096386,5e5521580ee1b951df544c3c,6a030b8ba3607712b5d4bf26,,,,,,,,,,,,,,,,,,,,,,,,,,,,,,,,,,,,,,,,,,,,,,,,,,,,,,,,,,,,47,stim_fam/047_rgray_250.png,,,,,,,,,,,,,,,,,,,,,,,,,,,,,,,,,,,,,2.136831773,882.6448,884.776,,,,,,,,FALSE,,FALSE,,,,,,,,,,,,884.7783,885.7765,q,0.8069,,27,32,1,1,250,novel,,,FALSE,885.7769,885.777,885.777,885.7771,,26,0,26,0,1,,,,
,,,,,6a180ae7c88be4ba957f1682,2026-05-28_10h30.22.383,WP1_3,2025.2.3,Win32,60.24096386,5e5521580ee1b951df544c3c,6a030b8ba3607712b5d4bf26,,,,,,,,,,,,,,,,,,,,,,,,,,,,,,,,,,,,,,,,,,,,,,,,,,,,,,,,,,,,28,Celebrities_Faces/028_02_greyscale_250.png,,,,,,,,,,,,,,,,,,,,,,,,,,,,,,,,,,,,,2.233854802,885.7777,888.0091,,,,,,,,TRUE,,TRUE,,,,,,,,,,,,888.0107,889.1254,p,0.9646,,28,1,1,1,2,familiar,,,FALSE,889.126,890.1252,890.1254,890.1256,,27,0,27,0,1,,,,
,,,,,6a180ae7c88be4ba957f1682,2026-05-28_10h30.22.383,WP1_3,2025.2.3,Win32,60.24096386,5e5521580ee1b951df544c3c,6a030b8ba3607712b5d4bf26,,,,,,,,,,,,,,,,,,,,,,,,,,,,,,,,,,,,,,,,,,,,,,,,,,,,,,,,,,,,37,stim_fam/037_rgray_250.png,,,,,,,,,,,,,,,,,,,,,,,,,,,,,,,,,,,,,2.253712814,890.1264,892.3754,,,,,,,,FALSE,,FALSE,,,,,,,,,,,,892.3772,893.308,p,0.7612,,29,42,1,1,250,novel,,,FALSE,893.3083,893.3085,893.3086,893.3087,,28,0,28,0,1,,,,
,,,,,6a180ae7c88be4ba957f1682,2026-05-28_10h30.22.383,WP1_3,2025.2.3,Win32,60.24096386,5e5521580ee1b951df544c3c,6a030b8ba3607712b5d4bf26,,,,,,,,,,,,,,,,,,,,,,,,,,,,,,,,,,,,,,,,,,,,,,,,,,,,,,,,,,,,66,stim_fam/066_rgray_250.png,,,,,,,,,,,,,,,,,,,,,,,,,,,,,,,,,,,,,2.392527773,893.3094,895.6909,,,,,,,,FALSE,,TRUE,,,,,,,,,,,,895.6927,896.8079,q,0.9537,,30,46,1,1,250,novel,,,FALSE,896.8086,897.8076,897.8078,897.808,,29,0,29,0,1,,,,
,,,,,6a180ae7c88be4ba957f1682,2026-05-28_10h30.22.383,WP1_3,2025.2.3,Win32,60.24096386,5e5521580ee1b951df544c3c,6a030b8ba3607712b5d4bf26,,,,,,,,,,,,,,,,,,,,,,,,,,,,,,,,,,,,,,,,,,,,,,,,,,,,,,,,,,,,10,Celebrities_Faces/010_02_greyscale_250.png,,,,,,,,,,,,,,,,,,,,,,,,,,,,,,,,,,,,,2.491359933,897.8088,900.291,,,,,,,,TRUE,,FALSE,,,,,,,,,,,,900.2931,901.274,q,0.8054,,31,23,1,1,2,familiar,,,FALSE,901.2746,901.2747,901.2748,901.2749,,30,0,30,0,1,,,,
,,,,,6a180ae7c88be4ba957f1682,2026-05-28_10h30.22.383,WP1_3,2025.2.3,Win32,60.24096386,5e5521580ee1b951df544c3c,6a030b8ba3607712b5d4bf26,,,,,,,,,,,,,,,,,,,,,,,,,,,,,,,,,,,,,,,,,,,,,,,,,,,,,,,,,,,,60,stim_fam/060_rgray_250.png,,,,,,,,,,,,,,,,,,,,,,,,,,,,,,,,,,,,,1.823614096,901.2757,903.0902,,,,,,,,FALSE,,FALSE,,,,,,,,,,,,903.0922,904.0236,p,0.7653,,32,38,1,1,250,novel,,,FALSE,904.0242,904.0243,904.0243,904.0247,,31,0,31,0,1,,,,
,,,,,6a180ae7c88be4ba957f1682,2026-05-28_10h30.22.383,WP1_3,2025.2.3,Win32,60.24096386,5e5521580ee1b951df544c3c,6a030b8ba3607712b5d4bf26,,,,,,,,,,,,,,,,,,,,,,,,,,,,,,,,,,,,,,,,,,,,,,,,,,,,,,,,,,,,101,stim_fam/101_rgray_250.png,,,,,,,,,,,,,,,,,,,,,,,,,,,,,,,,,,,,,1.691505475,904.0253,905.7063,,,,,,,,FALSE,,FALSE,,,,,,,,,,,,905.7081,906.717,p,0.8698,,33,49,1,1,250,novel,,,FALSE,906.7172,906.7172,906.7173,906.7173,,32,0,32,0,1,,,,
,,,,,6a180ae7c88be4ba957f1682,2026-05-28_10h30.22.383,WP1_3,2025.2.3,Win32,60.24096386,5e5521580ee1b951df544c3c,6a030b8ba3607712b5d4bf26,,,,,,,,,,,,,,,,,,,,,,,,,,,,,,,,,,,,,,,,,,,,,,,,,,,,,,,,,,,,87,stim_fam/087_rgray_250.png,,,,,,,,,,,,,,,,,,,,,,,,,,,,,,,,,,,,,1.868445633,906.7176,908.5891,,,,,,,,FALSE,,FALSE,,,,,,,,,,,,908.5908,909.6062,p,0.8712,,34,59,1,1,250,novel,,,FALSE,909.6067,909.6068,909.6069,909.6072,,33,0,33,0,1,,,,
,,,,,6a180ae7c88be4ba957f1682,2026-05-28_10h30.22.383,WP1_3,2025.2.3,Win32,60.24096386,5e5521580ee1b951df544c3c,6a030b8ba3607712b5d4bf26,,,,,,,,,,,,,,,,,,,,,,,,,,,,,,,,,,,,,,,,,,,,,,,,,,,,,,,,,,,,2,Celebrities_Faces/002_01_greyscale_250.png,,,,,,,,,,,,,,,,,,,,,,,,,,,,,,,,,,,,,1.939679429,909.6078,911.5397,,,,,,,,TRUE,,FALSE,,,,,,,,,,,,911.542,912.6227,p,0.9276,,35,9,1,1,1,familiar,,,FALSE,912.6232,912.6233,912.6233,912.6234,,34,0,34,0,1,,,,
,,,,,6a180ae7c88be4ba957f1682,2026-05-28_10h30.22.383,WP1_3,2025.2.3,Win32,60.24096386,5e5521580ee1b951df544c3c,6a030b8ba3607712b5d4bf26,,,,,,,,,,,,,,,,,,,,,,,,,,,,,,,,,,,,,,,,,,,,,,,,,,,,,,,,,,,,8,Celebrities_Faces/008_03_greyscale_250.png,,,,,,,,,,,,,,,,,,,,,,,,,,,,,,,,,,,,,2.243516246,912.6242,914.8764,,,,,,,,TRUE,,FALSE,,,,,,,,,,,,914.878,915.8214,q,0.7752,,36,17,1,1,3,familiar,,,FALSE,915.8219,915.8222,915.8222,915.8224,,35,0,35,0,1,,,,
,,,,,6a180ae7c88be4ba957f1682,2026-05-28_10h30.22.383,WP1_3,2025.2.3,Win32,60.24096386,5e5521580ee1b951df544c3c,6a030b8ba3607712b5d4bf26,,,,,,,,,,,,,,,,,,,,,,,,,,,,,,,,,,,,,,,,,,,,,,,,,,,,,,,,,,,,81,stim_fam/081_rgray_250.png,,,,,,,,,,,,,,,,,,,,,,,,,,,,,,,,,,,,,2.357894099,915.8231,918.1716,,,,,,,,FALSE,,FALSE,,,,,,,,,,,,918.1734,919.1551,p,0.8102,,37,51,1,1,250,novel,,,FALSE,919.1556,919.1558,919.1558,919.1559,,36,0,36,0,1,,,,
,,,,,6a180ae7c88be4ba957f1682,2026-05-28_10h30.22.383,WP1_3,2025.2.3,Win32,60.24096386,5e5521580ee1b951df544c3c,6a030b8ba3607712b5d4bf26,,,,,,,,,,,,,,,,,,,,,,,,,,,,,,,,,,,,,,,,,,,,,,,,,,,,,,,,,,,,11,stim_fam/011_rgray_250.png,,,,,,,,,,,,,,,,,,,,,,,,,,,,,,,,,,,,,1.678185113,919.1565,920.8383,,,,,,,,FALSE,,FALSE,,,,,,,,,,,,920.8409,921.8539,p,0.7916,,38,56,1,1,250,novel,,,FALSE,921.8547,921.855,921.855,921.8552,,37,0,37,0,1,,,,
,,,,,6a180ae7c88be4ba957f1682,2026-05-28_10h30.22.383,WP1_3,2025.2.3,Win32,60.24096386,5e5521580ee1b951df544c3c,6a030b8ba3607712b5d4bf26,,,,,,,,,,,,,,,,,,,,,,,,,,,,,,,,,,,,,,,,,,,,,,,,,,,,,,,,,,,,93,stim_fam/093_rgray_250.png,,,,,,,,,,,,,,,,,,,,,,,,,,,,,,,,,,,,,2.113214877,921.8559,923.9616,,,,,,,,FALSE,,FALSE,,,,,,,,,,,,923.9631,925.0546,p,0.9171,,39,44,1,1,250,novel,,,FALSE,925.055,925.0551,925.0552,925.0554,,38,0,38,0,1,,,,
,,,,,6a180ae7c88be4ba957f1682,2026-05-28_10h30.22.383,WP1_3,2025.2.3,Win32,60.24096386,5e5521580ee1b951df544c3c,6a030b8ba3607712b5d4bf26,,,,,,,,,,,,,,,,,,,,,,,,,,,,,,,,,,,,,,,,,,,,,,,,,,,,,,,,,,,,82,stim_fam/082_rgray_250.png,,,,,,,,,,,,,,,,,,,,,,,,,,,,,,,,,,,,,1.736365311,925.0561,926.7873,,,,,,,,FALSE,,FALSE,,,,,,,,,,,,926.7892,927.8754,p,0.9232,,40,47,1,1,250,novel,,,FALSE,927.8757,927.8758,927.8759,927.876,,39,0,39,0,1,,,,
,,,,,6a180ae7c88be4ba957f1682,2026-05-28_10h30.22.383,WP1_3,2025.2.3,Win32,60.24096386,5e5521580ee1b951df544c3c,6a030b8ba3607712b5d4bf26,,,,,,,,,,,,,,,,,,,,,,,,,,,,,,,,,,,,,,,,,,,,,,,,,,,,,,,,,,,,15,stim_fam/015_rgray_250.png,,,,,,,,,,,,,,,,,,,,,,,,,,,,,,,,,,,,,1.948892252,927.8766,929.82,,,,,,,,FALSE,,FALSE,,,,,,,,,,,,929.822,930.7308,p,0.7361,,41,35,1,1,250,novel,,,FALSE,930.7312,930.7314,930.7314,930.7316,,40,0,40,0,1,,,,
,,,,,6a180ae7c88be4ba957f1682,2026-05-28_10h30.22.383,WP1_3,2025.2.3,Win32,60.24096386,5e5521580ee1b951df544c3c,6a030b8ba3607712b5d4bf26,,,,,,,,,,,,,,,,,,,,,,,,,,,,,,,,,,,,,,,,,,,,,,,,,,,,,,,,,,,,58,stim_fam/058_rgray_250.png,,,,,,,,,,,,,,,,,,,,,,,,,,,,,,,,,,,,,2.268873621,930.7324,933.0033,,,,,,,,FALSE,,FALSE,,,,,,,,,,,,933.0062,933.9024,p,0.7294,,42,57,1,1,250,novel,,,FALSE,933.9025,933.9026,933.9026,933.9027,,41,0,41,0,1,,,,
,,,,,6a180ae7c88be4ba957f1682,2026-05-28_10h30.22.383,WP1_3,2025.2.3,Win32,60.24096386,5e5521580ee1b951df544c3c,6a030b8ba3607712b5d4bf26,,,,,,,,,,,,,,,,,,,,,,,,,,,,,,,,,,,,,,,,,,,,,,,,,,,,,,,,,,,,20,Celebrities_Faces/020_01_greyscale_250.png,,,,,,,,,,,,,,,,,,,,,,,,,,,,,,,,,,,,,1.724571693,933.9031,935.619,,,,,,,,TRUE,,FALSE,,,,,,,,,,,,935.6205,936.403,q,0.6052,,43,24,1,1,1,familiar,,,FALSE,936.4036,936.4039,936.404,936.4042,,42,0,42,0,1,,,,
,,,,,6a180ae7c88be4ba957f1682,2026-05-28_10h30.22.383,WP1_3,2025.2.3,Win32,60.24096386,5e5521580ee1b951df544c3c,6a030b8ba3607712b5d4bf26,,,,,,,,,,,,,,,,,,,,,,,,,,,,,,,,,,,,,,,,,,,,,,,,,,,,,,,,,,,,17,stim_fam/017_rgray_250.png,,,,,,,,,,,,,,,,,,,,,,,,,,,,,,,,,,,,,2.255374694,936.4048,938.6525,,,,,,,,FALSE,,TRUE,,,,,,,,,,,,938.6549,939.7684,,,,44,60,1,1,250,novel,,,FALSE,939.7689,940.7686,940.7688,940.7691,,43,0,43,0,1,,,,
,,,,,6a180ae7c88be4ba957f1682,2026-05-28_10h30.22.383,WP1_3,2025.2.3,Win32,60.24096386,5e5521580ee1b951df544c3c,6a030b8ba3607712b5d4bf26,,,,,,,,,,,,,,,,,,,,,,,,,,,,,,,,,,,,,,,,,,,,,,,,,,,,,,,,,,,,38,Celebrities_Faces/038_02_greyscale_250.png,,,,,,,,,,,,,,,,,,,,,,,,,,,,,,,,,,,,,1.676686688,940.7698,942.4352,,,,,,,,TRUE,,FALSE,,,,,,,,,,,,942.4375,943.4618,p,0.8689,,45,12,1,1,2,familiar,,,FALSE,943.4619,943.462,943.462,943.462,,44,0,44,0,1,,,,
,,,,,6a180ae7c88be4ba957f1682,2026-05-28_10h30.22.383,WP1_3,2025.2.3,Win32,60.24096386,5e5521580ee1b951df544c3c,6a030b8ba3607712b5d4bf26,,,,,,,,,,,,,,,,,,,,,,,,,,,,,,,,,,,,,,,,,,,,,,,,,,,,,,,,,,,,3,Celebrities_Faces/003_01_greyscale_250.png,,,,,,,,,,,,,,,,,,,,,,,,,,,,,,,,,,,,,2.270442773,943.4624,945.7348,,,,,,,,TRUE,,TRUE,,,,,,,,,,,,945.737,946.844,,,,46,20,1,1,1,familiar,,,FALSE,946.8443,947.8348,947.8349,947.8352,,45,0,45,0,1,,,,
,,,,,6a180ae7c88be4ba957f1682,2026-05-28_10h30.22.383,WP1_3,2025.2.3,Win32,60.24096386,5e5521580ee1b951df544c3c,6a030b8ba3607712b5d4bf26,,,,,,,,,,,,,,,,,,,,,,,,,,,,,,,,,,,,,,,,,,,,,,,,,,,,,,,,,,,,39,stim_fam/039_rgray_250.png,,,,,,,,,,,,,,,,,,,,,,,,,,,,,,,,,,,,,1.685395073,947.8361,949.5179,,,,,,,,FALSE,,TRUE,,,,,,,,,,,,949.5202,950.6343,,,,47,50,1,1,250,novel,,,FALSE,950.6348,951.6341,951.6344,951.6347,,46,0,46,0,1,,,,
,,,,,6a180ae7c88be4ba957f1682,2026-05-28_10h30.22.383,WP1_3,2025.2.3,Win32,60.24096386,5e5521580ee1b951df544c3c,6a030b8ba3607712b5d4bf26,,,,,,,,,,,,,,,,,,,,,,,,,,,,,,,,,,,,,,,,,,,,,,,,,,,,,,,,,,,,57,stim_fam/057_rgray_250.png,,,,,,,,,,,,,,,,,,,,,,,,,,,,,,,,,,,,,2.29174392,951.6355,953.9175,,,,,,,,FALSE,,FALSE,,,,,,,,,,,,953.9196,954.8999,p,0.8192,,48,34,1,1,250,novel,,,FALSE,954.9005,954.9007,954.9007,954.9009,,47,0,47,0,1,,,,
,,,,,6a180ae7c88be4ba957f1682,2026-05-28_10h30.22.383,WP1_3,2025.2.3,Win32,60.24096386,5e5521580ee1b951df544c3c,6a030b8ba3607712b5d4bf26,,,,,,,,,,,,,,,,,,,,,,,,,,,,,,,,,,,,,,,,,,,,,,,,,,,,,,,,,,,,4,Celebrities_Faces/004_01_greyscale_250.png,,,,,,,,,,,,,,,,,,,,,,,,,,,,,,,,,,,,,1.624424863,954.9015,956.5168,,,,,,,,TRUE,,FALSE,,,,,,,,,,,,956.5196,957.5164,p,0.8297,,49,13,1,1,1,familiar,,,FALSE,957.5167,957.5169,957.5169,957.5172,,48,0,48,0,1,,,,
,,,,,6a180ae7c88be4ba957f1682,2026-05-28_10h30.22.383,WP1_3,2025.2.3,Win32,60.24096386,5e5521580ee1b951df544c3c,6a030b8ba3607712b5d4bf26,,,,,,,,,,,,,,,,,,,,,,,,,,,,,,,,,,,,,,,,,,,,,,,,,,,,,,,,,,,,25,Celebrities_Faces/025_02_greyscale_250.png,,,,,,,,,,,,,,,,,,,,,,,,,,,,,,,,,,,,,1.580855638,957.5178,959.0993,,,,,,,,TRUE,,FALSE,,,,,,,,,,,,959.1011,959.9667,q,0.6967,,50,2,1,1,2,familiar,,,FALSE,959.9671,959.9672,959.9672,959.9677,,49,0,49,0,1,,,,
,,,,,6a180ae7c88be4ba957f1682,2026-05-28_10h30.22.383,WP1_3,2025.2.3,Win32,60.24096386,5e5521580ee1b951df544c3c,6a030b8ba3607712b5d4bf26,,,,,,,,,,,,,,,,,,,,,,,,,,,,,,,,,,,,,,,,,,,,,,,,,,,,,,,,,,,,49,stim_fam/049_rgray_250.png,,,,,,,,,,,,,,,,,,,,,,,,,,,,,,,,,,,,,1.842665897,959.9685,961.7995,,,,,,,,FALSE,,FALSE,,,,,,,,,,,,961.8021,962.7827,p,0.8101,,51,52,1,1,250,novel,,,FALSE,962.7831,962.7832,962.7832,962.7835,,50,0,50,0,1,,,,
,,,,,6a180ae7c88be4ba957f1682,2026-05-28_10h30.22.383,WP1_3,2025.2.3,Win32,60.24096386,5e5521580ee1b951df544c3c,6a030b8ba3607712b5d4bf26,,,,,,,,,,,,,,,,,,,,,,,,,,,,,,,,,,,,,,,,,,,,,,,,,,,,,,,,,,,,92,stim_fam/092_rgray_250.png,,,,,,,,,,,,,,,,,,,,,,,,,,,,,,,,,,,,,1.506425709,962.784,964.29,,,,,,,,FALSE,,FALSE,,,,,,,,,,,,964.291,965.148,p,0.7136,,52,45,1,1,250,novel,,,FALSE,965.1482,965.1482,965.1482,965.1483,,51,0,51,0,1,,,,
,,,,,6a180ae7c88be4ba957f1682,2026-05-28_10h30.22.383,WP1_3,2025.2.3,Win32,60.24096386,5e5521580ee1b951df544c3c,6a030b8ba3607712b5d4bf26,,,,,,,,,,,,,,,,,,,,,,,,,,,,,,,,,,,,,,,,,,,,,,,,,,,,,,,,,,,,57,Celebrities_Faces/057_02_greyscale_250.png,,,,,,,,,,,,,,,,,,,,,,,,,,,,,,,,,,,,,2.261183252,965.1486,967.3977,,,,,,,,TRUE,,FALSE,,,,,,,,,,,,967.3984,968.2486,q,0.7003,,53,25,1,1,2,familiar,,,FALSE,968.2491,968.2493,968.2495,968.2496,,52,0,52,0,1,,,,
,,,,,6a180ae7c88be4ba957f1682,2026-05-28_10h30.22.383,WP1_3,2025.2.3,Win32,60.24096386,5e5521580ee1b951df544c3c,6a030b8ba3607712b5d4bf26,,,,,,,,,,,,,,,,,,,,,,,,,,,,,,,,,,,,,,,,,,,,,,,,,,,,,,,,,,,,34,Celebrities_Faces/034_02_greyscale_250.png,,,,,,,,,,,,,,,,,,,,,,,,,,,,,,,,,,,,,2.024889442,968.2503,970.2641,,,,,,,,TRUE,,FALSE,,,,,,,,,,,,970.2661,971.1983,p,0.7657,,54,28,1,1,2,familiar,,,FALSE,971.1987,971.199,971.199,971.1992,,53,0,53,0,1,,,,
,,,,,6a180ae7c88be4ba957f1682,2026-05-28_10h30.22.383,WP1_3,2025.2.3,Win32,60.24096386,5e5521580ee1b951df544c3c,6a030b8ba3607712b5d4bf26,,,,,,,,,,,,,,,,,,,,,,,,,,,,,,,,,,,,,,,,,,,,,,,,,,,,,,,,,,,,94,stim_fam/094_rgray_250.png,,,,,,,,,,,,,,,,,,,,,,,,,,,,,,,,,,,,,1.821360164,971.1998,973.0146,,,,,,,,FALSE,,FALSE,,,,,,,,,,,,973.0171,973.9812,p,0.7854,,55,48,1,1,250,novel,,,FALSE,973.9816,973.9818,973.9818,973.982,,54,0,54,0,1,,,,
,,,,,6a180ae7c88be4ba957f1682,2026-05-28_10h30.22.383,WP1_3,2025.2.3,Win32,60.24096386,5e5521580ee1b951df544c3c,6a030b8ba3607712b5d4bf26,,,,,,,,,,,,,,,,,,,,,,,,,,,,,,,,,,,,,,,,,,,,,,,,,,,,,,,,,,,,27,stim_fam/027_rgray_250.png,,,,,,,,,,,,,,,,,,,,,,,,,,,,,,,,,,,,,2.411254901,973.9825,976.3976,,,,,,,,FALSE,,FALSE,,,,,,,,,,,,976.3995,977.3305,p,0.7437,,56,40,1,1,250,novel,,,FALSE,977.3309,977.3311,977.3311,977.3314,,55,0,55,0,1,,,,
,,,,,6a180ae7c88be4ba957f1682,2026-05-28_10h30.22.383,WP1_3,2025.2.3,Win32,60.24096386,5e5521580ee1b951df544c3c,6a030b8ba3607712b5d4bf26,,,,,,,,,,,,,,,,,,,,,,,,,,,,,,,,,,,,,,,,,,,,,,,,,,,,,,,,,,,,67,stim_fam/067_rgray_250.png,,,,,,,,,,,,,,,,,,,,,,,,,,,,,,,,,,,,,2.025754589,977.3319,979.3461,,,,,,,,FALSE,,FALSE,,,,,,,,,,,,979.347,980.3142,p,0.805,,57,39,1,1,250,novel,,,FALSE,980.3146,980.3148,980.3149,980.3153,,56,0,56,0,1,,,,
,,,,,6a180ae7c88be4ba957f1682,2026-05-28_10h30.22.383,WP1_3,2025.2.3,Win32,60.24096386,5e5521580ee1b951df544c3c,6a030b8ba3607712b5d4bf26,,,,,,,,,,,,,,,,,,,,,,,,,,,,,,,,,,,,,,,,,,,,,,,,,,,,,,,,,,,,31,Celebrities_Faces/031_02_greyscale_250.png,,,,,,,,,,,,,,,,,,,,,,,,,,,,,,,,,,,,,2.265515547,980.316,982.5801,,,,,,,,TRUE,,FALSE,,,,,,,,,,,,982.5823,983.5131,p,0.7315,,58,29,1,1,2,familiar,,,FALSE,983.5135,983.5137,983.5138,983.514,,57,0,57,0,1,,,,
,,,,,6a180ae7c88be4ba957f1682,2026-05-28_10h30.22.383,WP1_3,2025.2.3,Win32,60.24096386,5e5521580ee1b951df544c3c,6a030b8ba3607712b5d4bf26,,,,,,,,,,,,,,,,,,,,,,,,,,,,,,,,,,,,,,,,,,,,,,,,,,,,,,,,,,,,13,Celebrities_Faces/013_01_greyscale_250.png,,,,,,,,,,,,,,,,,,,,,,,,,,,,,,,,,,,,,2.43111477,983.5148,985.946,,,,,,,,TRUE,,FALSE,,,,,,,,,,,,985.9482,987.0134,q,0.9017,,59,7,1,1,1,familiar,,,FALSE,987.0137,987.0138,987.0139,987.014,,58,0,58,0,1,,,,
,,,,,6a180ae7c88be4ba957f1682,2026-05-28_10h30.22.383,WP1_3,2025.2.3,Win32,60.24096386,5e5521580ee1b951df544c3c,6a030b8ba3607712b5d4bf26,,,,,,,,,,,,,,,,,,,,,,,,,,,,,,,,,,,,,,,,,,,,,,,,,,,,,,,,,,,,24,Celebrities_Faces/024_03_greyscale_250.png,,,,,,,,,,,,,,,,,,,,,,,,,,,,,,,,,,,,,1.698016402,987.0146,988.7125,,,,,,,,TRUE,,FALSE,,,,,,,,,,,,988.7156,989.8124,p,0.9225,,60,21,1,1,3,familiar,,,FALSE,989.8129,989.813,989.8131,996.8115,space,59,0,59,0,1,6.9654,,,
,,,,,6a180ae7c88be4ba957f1682,2026-05-28_10h30.22.383,WP1_3,2025.2.3,Win32,60.24096386,5e5521580ee1b951df544c3c,6a030b8ba3607712b5d4bf26,,,,,,,,,,,,,,,,,,,,,,,,,,,,,,,,,,,,,,,,,,,,,,,,,,,,,,,,,,,,54,Celebrities_Faces/054_01_greyscale_250.png,,,,,,,,,,,,,,,,,,,,,,,,,,,,,,,,,,,,,1.594840595,996.8124,998.4113,,,,,,,,TRUE,,FALSE,,,,,,,,,,,,998.4133,999.2992,q,0.7161,,61,65,2,1,1,familiar,,,FALSE,999.2998,999.2999,999.3,999.3001,,60,0,60,0,1,,,,
,,,,,6a180ae7c88be4ba957f1682,2026-05-28_10h30.22.383,WP1_3,2025.2.3,Win32,60.24096386,5e5521580ee1b951df544c3c,6a030b8ba3607712b5d4bf26,,,,,,,,,,,,,,,,,,,,,,,,,,,,,,,,,,,,,,,,,,,,,,,,,,,,,,,,,,,,57,Celebrities_Faces/057_03_greyscale_250.png,,,,,,,,,,,,,,,,,,,,,,,,,,,,,,,,,,,,,2.436424086,999.3007,1001.7275,,,,,,,,TRUE,,TRUE,,,,,,,,,,,,1001.7293,1002.8444,,,,62,85,2,1,3,familiar,,,FALSE,1002.8449,1003.8521,1003.8524,1003.8526,,61,0,61,0,1,,,,
,,,,,6a180ae7c88be4ba957f1682,2026-05-28_10h30.22.383,WP1_3,2025.2.3,Win32,60.24096386,5e5521580ee1b951df544c3c,6a030b8ba3607712b5d4bf26,,,,,,,,,,,,,,,,,,,,,,,,,,,,,,,,,,,,,,,,,,,,,,,,,,,,,,,,,,,,16,stim_fam/016_rgray_250.png,,,,,,,,,,,,,,,,,,,,,,,,,,,,,,,,,,,,,1.576940508,1003.8533,1005.4272,,,,,,,,FALSE,,FALSE,,,,,,,,,,,,1005.4297,1006.4437,p,0.8324,,63,111,2,1,250,novel,,,FALSE,1006.4441,1006.4442,1006.4442,1006.4444,,62,0,62,0,1,,,,
,,,,,6a180ae7c88be4ba957f1682,2026-05-28_10h30.22.383,WP1_3,2025.2.3,Win32,60.24096386,5e5521580ee1b951df544c3c,6a030b8ba3607712b5d4bf26,,,,,,,,,,,,,,,,,,,,,,,,,,,,,,,,,,,,,,,,,,,,,,,,,,,,,,,,,,,,90,stim_fam/090_rgray_250.png,,,,,,,,,,,,,,,,,,,,,,,,,,,,,,,,,,,,,1.569675554,1006.445,1008.0095,,,,,,,,FALSE,,TRUE,,,,,,,,,,,,1008.0112,1009.1268,,,,64,105,2,1,250,novel,,,FALSE,1009.1279,1010.1266,1010.1268,1010.1269,,63,0,63,0,1,,,,
,,,,,6a180ae7c88be4ba957f1682,2026-05-28_10h30.22.383,WP1_3,2025.2.3,Win32,60.24096386,5e5521580ee1b951df544c3c,6a030b8ba3607712b5d4bf26,,,,,,,,,,,,,,,,,,,,,,,,,,,,,,,,,,,,,,,,,,,,,,,,,,,,,,,,,,,,25,Celebrities_Faces/025_01_greyscale_250.png,,,,,,,,,,,,,,,,,,,,,,,,,,,,,,,,,,,,,1.842850999,1010.1278,1011.9597,,,,,,,,TRUE,,FALSE,,,,,,,,,,,,1011.9628,1012.709,q,0.5772,,65,62,2,1,1,familiar,,,FALSE,1012.7093,1012.7093,1012.7093,1012.7095,,64,0,64,0,1,,,,
,,,,,6a180ae7c88be4ba957f1682,2026-05-28_10h30.22.383,WP1_3,2025.2.3,Win32,60.24096386,5e5521580ee1b951df544c3c,6a030b8ba3607712b5d4bf26,,,,,,,,,,,,,,,,,,,,,,,,,,,,,,,,,,,,,,,,,,,,,,,,,,,,,,,,,,,,100,stim_fam/100_rgray_250.png,,,,,,,,,,,,,,,,,,,,,,,,,,,,,,,,,,,,,2.491292085,1012.7098,1015.1919,,,,,,,,FALSE,,FALSE,,,,,,,,,,,,1015.1937,1016.0756,p,0.7104,,66,98,2,1,250,novel,,,FALSE,1016.0762,1016.0764,1016.0765,1016.0766,,65,0,65,0,1,,,,
,,,,,6a180ae7c88be4ba957f1682,2026-05-28_10h30.22.383,WP1_3,2025.2.3,Win32,60.24096386,5e5521580ee1b951df544c3c,6a030b8ba3607712b5d4bf26,,,,,,,,,,,,,,,,,,,,,,,,,,,,,,,,,,,,,,,,,,,,,,,,,,,,,,,,,,,,34,stim_fam/034_rgray_250.png,,,,,,,,,,,,,,,,,,,,,,,,,,,,,,,,,,,,,1.856592572,1016.0773,1017.9256,,,,,,,,FALSE,,FALSE,,,,,,,,,,,,1017.928,1018.892,p,0.7973,,67,113,2,1,250,novel,,,FALSE,1018.8924,1018.8926,1018.8927,1018.8929,,66,0,66,0,1,,,,
,,,,,6a180ae7c88be4ba957f1682,2026-05-28_10h30.22.383,WP1_3,2025.2.3,Win32,60.24096386,5e5521580ee1b951df544c3c,6a030b8ba3607712b5d4bf26,,,,,,,,,,,,,,,,,,,,,,,,,,,,,,,,,,,,,,,,,,,,,,,,,,,,,,,,,,,,28,Celebrities_Faces/028_03_greyscale_250.png,,,,,,,,,,,,,,,,,,,,,,,,,,,,,,,,,,,,,2.356023134,1018.8936,1021.2414,,,,,,,,TRUE,,FALSE,,,,,,,,,,,,1021.2435,1022.1361,p,0.7337,,68,61,2,1,3,familiar,,,FALSE,1022.1365,1022.1367,1022.1367,1022.1369,,67,0,67,0,1,,,,
,,,,,6a180ae7c88be4ba957f1682,2026-05-28_10h30.22.383,WP1_3,2025.2.3,Win32,60.24096386,5e5521580ee1b951df544c3c,6a030b8ba3607712b5d4bf26,,,,,,,,,,,,,,,,,,,,,,,,,,,,,,,,,,,,,,,,,,,,,,,,,,,,,,,,,,,,61,stim_fam/061_rgray_250.png,,,,,,,,,,,,,,,,,,,,,,,,,,,,,,,,,,,,,1.591553997,1022.1376,1023.7247,,,,,,,,FALSE,,FALSE,,,,,,,,,,,,1023.727,1024.735,p,0.8478,,69,97,2,1,250,novel,,,FALSE,1024.7353,1024.7355,1024.7355,1024.7357,,68,0,68,0,1,,,,
,,,,,6a180ae7c88be4ba957f1682,2026-05-28_10h30.22.383,WP1_3,2025.2.3,Win32,60.24096386,5e5521580ee1b951df544c3c,6a030b8ba3607712b5d4bf26,,,,,,,,,,,,,,,,,,,,,,,,,,,,,,,,,,,,,,,,,,,,,,,,,,,,,,,,,,,,79,stim_fam/079_rgray_250.png,,,,,,,,,,,,,,,,,,,,,,,,,,,,,,,,,,,,,2.076853256,1024.7362,1026.8075,,,,,,,,FALSE,,FALSE,,,,,,,,,,,,1026.8095,1027.7905,p,0.8063,,70,108,2,1,250,novel,,,FALSE,1027.7909,1027.7913,1027.7913,1027.7915,,69,0,69,0,1,,,,
,,,,,6a180ae7c88be4ba957f1682,2026-05-28_10h30.22.383,WP1_3,2025.2.3,Win32,60.24096386,5e5521580ee1b951df544c3c,6a030b8ba3607712b5d4bf26,,,,,,,,,,,,,,,,,,,,,,,,,,,,,,,,,,,,,,,,,,,,,,,,,,,,,,,,,,,,80,stim_fam/080_rgray_250.png,,,,,,,,,,,,,,,,,,,,,,,,,,,,,,,,,,,,,1.939211962,1027.7922,1029.7234,,,,,,,,FALSE,,FALSE,,,,,,,,,,,,1029.7249,1030.6734,p,0.7882,,71,109,2,1,250,novel,,,FALSE,1030.6738,1030.6739,1030.674,1030.6743,,70,0,70,0,1,,,,
,,,,,6a180ae7c88be4ba957f1682,2026-05-28_10h30.22.383,WP1_3,2025.2.3,Win32,60.24096386,5e5521580ee1b951df544c3c,6a030b8ba3607712b5d4bf26,,,,,,,,,,,,,,,,,,,,,,,,,,,,,,,,,,,,,,,,,,,,,,,,,,,,,,,,,,,,5,stim_fam/005_rgray_250.png,,,,,,,,,,,,,,,,,,,,,,,,,,,,,,,,,,,,,1.875635432,1030.6751,1032.5396,,,,,,,,FALSE,,FALSE,,,,,,,,,,,,1032.5418,1033.4392,p,0.7417,,72,95,2,1,250,novel,,,FALSE,1033.4394,1033.4394,1033.4395,1033.4396,,71,0,71,0,1,,,,
,,,,,6a180ae7c88be4ba957f1682,2026-05-28_10h30.22.383,WP1_3,2025.2.3,Win32,60.24096386,5e5521580ee1b951df544c3c,6a030b8ba3607712b5d4bf26,,,,,,,,,,,,,,,,,,,,,,,,,,,,,,,,,,,,,,,,,,,,,,,,,,,,,,,,,,,,89,stim_fam/089_rgray_250.png,,,,,,,,,,,,,,,,,,,,,,,,,,,,,,,,,,,,,2.14379635,1033.4399,1035.5725,,,,,,,,FALSE,,FALSE,,,,,,,,,,,,1035.5742,1036.4337,p,0.6968,,73,99,2,1,250,novel,,,FALSE,1036.434,1036.4342,1036.4342,1036.4344,,72,0,72,0,1,,,,
,,,,,6a180ae7c88be4ba957f1682,2026-05-28_10h30.22.383,WP1_3,2025.2.3,Win32,60.24096386,5e5521580ee1b951df544c3c,6a030b8ba3607712b5d4bf26,,,,,,,,,,,,,,,,,,,,,,,,,,,,,,,,,,,,,,,,,,,,,,,,,,,,,,,,,,,,85,stim_fam/085_rgray_250.png,,,,,,,,,,,,,,,,,,,,,,,,,,,,,,,,,,,,,2.219017444,1036.4349,1038.6558,,,,,,,,FALSE,,FALSE,,,,,,,,,,,,1038.6577,1039.5891,p,0.7596,,74,104,2,1,250,novel,,,FALSE,1039.5896,1039.5898,1039.5899,1039.59,,73,0,73,0,1,,,,
,,,,,6a180ae7c88be4ba957f1682,2026-05-28_10h30.22.383,WP1_3,2025.2.3,Win32,60.24096386,5e5521580ee1b951df544c3c,6a030b8ba3607712b5d4bf26,,,,,,,,,,,,,,,,,,,,,,,,,,,,,,,,,,,,,,,,,,,,,,,,,,,,,,,,,,,,45,Celebrities_Faces/045_02_greyscale_250.png,,,,,,,,,,,,,,,,,,,,,,,,,,,,,,,,,,,,,1.67054503,1039.5907,1041.2562,,,,,,,,TRUE,,FALSE,,,,,,,,,,,,1041.2577,1041.9882,q,0.5724,,75,71,2,1,2,familiar,,,FALSE,1041.9888,1041.9891,1041.9891,1041.9893,,74,0,74,0,1,,,,
,,,,,6a180ae7c88be4ba957f1682,2026-05-28_10h30.22.383,WP1_3,2025.2.3,Win32,60.24096386,5e5521580ee1b951df544c3c,6a030b8ba3607712b5d4bf26,,,,,,,,,,,,,,,,,,,,,,,,,,,,,,,,,,,,,,,,,,,,,,,,,,,,,,,,,,,,86,stim_fam/086_rgray_250.png,,,,,,,,,,,,,,,,,,,,,,,,,,,,,,,,,,,,,2.181234872,1041.9901,1044.1597,,,,,,,,FALSE,,FALSE,,,,,,,,,,,,1044.1614,1045.0223,p,0.6902,,76,107,2,1,250,novel,,,FALSE,1045.0227,1045.023,1045.023,1045.0233,,75,0,75,0,1,,,,
,,,,,6a180ae7c88be4ba957f1682,2026-05-28_10h30.22.383,WP1_3,2025.2.3,Win32,60.24096386,5e5521580ee1b951df544c3c,6a030b8ba3607712b5d4bf26,,,,,,,,,,,,,,,,,,,,,,,,,,,,,,,,,,,,,,,,,,,,,,,,,,,,,,,,,,,,55,stim_fam/055_rgray_250.png,,,,,,,,,,,,,,,,,,,,,,,,,,,,,,,,,,,,,1.986073496,1045.024,1047.0052,,,,,,,,FALSE,,FALSE,,,,,,,,,,,,1047.0077,1047.8984,q,0.7218,,77,114,2,1,250,novel,,,FALSE,1047.8986,1047.8987,1047.8987,1047.8988,,76,0,76,0,1,,,,
,,,,,6a180ae7c88be4ba957f1682,2026-05-28_10h30.22.383,WP1_3,2025.2.3,Win32,60.24096386,5e5521580ee1b951df544c3c,6a030b8ba3607712b5d4bf26,,,,,,,,,,,,,,,,,,,,,,,,,,,,,,,,,,,,,,,,,,,,,,,,,,,,,,,,,,,,38,Celebrities_Faces/038_03_greyscale_250.png,,,,,,,,,,,,,,,,,,,,,,,,,,,,,,,,,,,,,2.145678426,1047.8992,1050.0381,,,,,,,,TRUE,,FALSE,,,,,,,,,,,,1050.0402,1051.0375,q,0.8275,,78,72,2,1,3,familiar,,,FALSE,1051.0379,1051.0381,1051.0382,1051.0385,,77,0,77,0,1,,,,
,,,,,6a180ae7c88be4ba957f1682,2026-05-28_10h30.22.383,WP1_3,2025.2.3,Win32,60.24096386,5e5521580ee1b951df544c3c,6a030b8ba3607712b5d4bf26,,,,,,,,,,,,,,,,,,,,,,,,,,,,,,,,,,,,,,,,,,,,,,,,,,,,,,,,,,,,27,Celebrities_Faces/027_03_greyscale_250.png,,,,,,,,,,,,,,,,,,,,,,,,,,,,,,,,,,,,,1.590852745,1051.0392,1052.6205,,,,,,,,TRUE,,FALSE,,,,,,,,,,,,1052.6222,1053.6868,q,0.8758,,79,68,2,1,3,familiar,,,FALSE,1053.687,1053.6871,1053.6871,1053.6871,,78,0,78,0,1,,,,
,,,,,6a180ae7c88be4ba957f1682,2026-05-28_10h30.22.383,WP1_3,2025.2.3,Win32,60.24096386,5e5521580ee1b951df544c3c,6a030b8ba3607712b5d4bf26,,,,,,,,,,,,,,,,,,,,,,,,,,,,,,,,,,,,,,,,,,,,,,,,,,,,,,,,,,,,59,Celebrities_Faces/059_03_greyscale_250.png,,,,,,,,,,,,,,,,,,,,,,,,,,,,,,,,,,,,,2.172708417,1053.6874,1055.8532,,,,,,,,TRUE,,FALSE,,,,,,,,,,,,1055.854,1056.721,q,0.7077,,80,79,2,1,3,familiar,,,FALSE,1056.7214,1056.7216,1056.7216,1056.7221,,79,0,79,0,1,,,,
,,,,,6a180ae7c88be4ba957f1682,2026-05-28_10h30.22.383,WP1_3,2025.2.3,Win32,60.24096386,5e5521580ee1b951df544c3c,6a030b8ba3607712b5d4bf26,,,,,,,,,,,,,,,,,,,,,,,,,,,,,,,,,,,,,,,,,,,,,,,,,,,,,,,,,,,,19,Celebrities_Faces/019_03_greyscale_250.png,,,,,,,,,,,,,,,,,,,,,,,,,,,,,,,,,,,,,1.598706903,1056.7231,1058.3203,,,,,,,,TRUE,,FALSE,,,,,,,,,,,,1058.3221,1059.336,q,0.8613,,81,63,2,1,3,familiar,,,FALSE,1059.3364,1059.3366,1059.3367,1059.3368,,80,0,80,0,1,,,,
,,,,,6a180ae7c88be4ba957f1682,2026-05-28_10h30.22.383,WP1_3,2025.2.3,Win32,60.24096386,5e5521580ee1b951df544c3c,6a030b8ba3607712b5d4bf26,,,,,,,,,,,,,,,,,,,,,,,,,,,,,,,,,,,,,,,,,,,,,,,,,,,,,,,,,,,,39,Celebrities_Faces/039_03_greyscale_250.png,,,,,,,,,,,,,,,,,,,,,,,,,,,,,,,,,,,,,2.124031527,1059.3375,1061.4526,,,,,,,,TRUE,,FALSE,,,,,,,,,,,,1061.4546,1062.5461,p,0.9146,,82,86,2,1,3,familiar,,,FALSE,1062.5462,1062.5463,1062.5463,1062.5464,,81,0,81,0,1,,,,
,,,,,6a180ae7c88be4ba957f1682,2026-05-28_10h30.22.383,WP1_3,2025.2.3,Win32,60.24096386,5e5521580ee1b951df544c3c,6a030b8ba3607712b5d4bf26,,,,,,,,,,,,,,,,,,,,,,,,,,,,,,,,,,,,,,,,,,,,,,,,,,,,,,,,,,,,53,stim_fam/053_rgray_250.png,,,,,,,,,,,,,,,,,,,,,,,,,,,,,,,,,,,,,2.004184249,1062.5467,1064.5526,,,,,,,,FALSE,,FALSE,,,,,,,,,,,,1064.5548,1065.5029,p,0.7746,,83,96,2,1,250,novel,,,FALSE,1065.5035,1065.5036,1065.5037,1065.5038,,82,0,82,0,1,,,,
,,,,,6a180ae7c88be4ba957f1682,2026-05-28_10h30.22.383,WP1_3,2025.2.3,Win32,60.24096386,5e5521580ee1b951df544c3c,6a030b8ba3607712b5d4bf26,,,,,,,,,,,,,,,,,,,,,,,,,,,,,,,,,,,,,,,,,,,,,,,,,,,,,,,,,,,,5,Celebrities_Faces/005_03_greyscale_250.png,,,,,,,,,,,,,,,,,,,,,,,,,,,,,,,,,,,,,2.380858421,1065.5046,1067.8932,,,,,,,,TRUE,,FALSE,,,,,,,,,,,,1067.894,1068.8189,p,0.7668,,84,76,2,1,3,familiar,,,FALSE,1068.8194,1068.8195,1068.8196,1068.8197,,83,0,83,0,1,,,,
,,,,,6a180ae7c88be4ba957f1682,2026-05-28_10h30.22.383,WP1_3,2025.2.3,Win32,60.24096386,5e5521580ee1b951df544c3c,6a030b8ba3607712b5d4bf26,,,,,,,,,,,,,,,,,,,,,,,,,,,,,,,,,,,,,,,,,,,,,,,,,,,,,,,,,,,,12,stim_fam/012_rgray_250.png,,,,,,,,,,,,,,,,,,,,,,,,,,,,,,,,,,,,,1.817713626,1068.8203,1070.6354,,,,,,,,FALSE,,FALSE,,,,,,,,,,,,1070.6378,1071.5854,p,0.7804,,85,116,2,1,250,novel,,,FALSE,1071.5858,1071.586,1071.586,1071.5863,,84,0,84,0,1,,,,
,,,,,6a180ae7c88be4ba957f1682,2026-05-28_10h30.22.383,WP1_3,2025.2.3,Win32,60.24096386,5e5521580ee1b951df544c3c,6a030b8ba3607712b5d4bf26,,,,,,,,,,,,,,,,,,,,,,,,,,,,,,,,,,,,,,,,,,,,,,,,,,,,,,,,,,,,59,stim_fam/059_rgray_250.png,,,,,,,,,,,,,,,,,,,,,,,,,,,,,,,,,,,,,2.318190859,1071.5871,1073.9018,,,,,,,,FALSE,,FALSE,,,,,,,,,,,,1073.9038,1074.8389,p,0.7563,,86,94,2,1,250,novel,,,FALSE,1074.8393,1074.8394,1074.8395,1074.8397,,85,0,85,0,1,,,,
,,,,,6a180ae7c88be4ba957f1682,2026-05-28_10h30.22.383,WP1_3,2025.2.3,Win32,60.24096386,5e5521580ee1b951df544c3c,6a030b8ba3607712b5d4bf26,,,,,,,,,,,,,,,,,,,,,,,,,,,,,,,,,,,,,,,,,,,,,,,,,,,,,,,,,,,,30,Celebrities_Faces/030_02_greyscale_250.png,,,,,,,,,,,,,,,,,,,,,,,,,,,,,,,,,,,,,2.299654285,1074.8403,1077.1346,,,,,,,,TRUE,,FALSE,,,,,,,,,,,,1077.1373,1077.9507,q,0.6375,,87,66,2,1,2,familiar,,,FALSE,1077.9512,1077.9515,1077.9515,1077.9515,,86,0,86,0,1,,,,
,,,,,6a180ae7c88be4ba957f1682,2026-05-28_10h30.22.383,WP1_3,2025.2.3,Win32,60.24096386,5e5521580ee1b951df544c3c,6a030b8ba3607712b5d4bf26,,,,,,,,,,,,,,,,,,,,,,,,,,,,,,,,,,,,,,,,,,,,,,,,,,,,,,,,,,,,10,Celebrities_Faces/010_03_greyscale_250.png,,,,,,,,,,,,,,,,,,,,,,,,,,,,,,,,,,,,,2.298181273,1077.9522,1080.2543,,,,,,,,TRUE,,FALSE,,,,,,,,,,,,1080.2551,1081.0673,q,0.6638,,88,83,2,1,3,familiar,,,FALSE,1081.0677,1081.0679,1081.068,1081.0682,,87,0,87,0,1,,,,
,,,,,6a180ae7c88be4ba957f1682,2026-05-28_10h30.22.383,WP1_3,2025.2.3,Win32,60.24096386,5e5521580ee1b951df544c3c,6a030b8ba3607712b5d4bf26,,,,,,,,,,,,,,,,,,,,,,,,,,,,,,,,,,,,,,,,,,,,,,,,,,,,,,,,,,,,74,stim_fam/074_rgray_250.png,,,,,,,,,,,,,,,,,,,,,,,,,,,,,,,,,,,,,1.888397256,1081.0693,1082.9504,,,,,,,,FALSE,,FALSE,,,,,,,,,,,,1082.9525,1083.9335,p,0.8073,,89,93,2,1,250,novel,,,FALSE,1083.9339,1083.9341,1083.9341,1083.9343,,88,0,88,0,1,,,,
,,,,,6a180ae7c88be4ba957f1682,2026-05-28_10h30.22.383,WP1_3,2025.2.3,Win32,60.24096386,5e5521580ee1b951df544c3c,6a030b8ba3607712b5d4bf26,,,,,,,,,,,,,,,,,,,,,,,,,,,,,,,,,,,,,,,,,,,,,,,,,,,,,,,,,,,,8,Celebrities_Faces/008_02_greyscale_250.png,,,,,,,,,,,,,,,,,,,,,,,,,,,,,,,,,,,,,1.628740928,1083.9351,1085.5739,,,,,,,,TRUE,,FALSE,,,,,,,,,,,,1085.5746,1086.6332,p,0.9047,,90,77,2,1,2,familiar,,,FALSE,1086.6337,1086.6339,1086.6339,1086.6341,,89,0,89,0,1,,,,
,,,,,6a180ae7c88be4ba957f1682,2026-05-28_10h30.22.383,WP1_3,2025.2.3,Win32,60.24096386,5e5521580ee1b951df544c3c,6a030b8ba3607712b5d4bf26,,,,,,,,,,,,,,,,,,,,,,,,,,,,,,,,,,,,,,,,,,,,,,,,,,,,,,,,,,,,15,Celebrities_Faces/015_02_greyscale_250.png,,,,,,,,,,,,,,,,,,,,,,,,,,,,,,,,,,,,,2.422478355,1086.6347,1089.0495,,,,,,,,TRUE,,FALSE,,,,,,,,,,,,1089.0515,1089.9433,q,0.7345,,91,70,2,1,2,familiar,,,FALSE,1089.9434,1089.9435,1089.9435,1089.9436,,90,0,90,0,1,,,,
,,,,,6a180ae7c88be4ba957f1682,2026-05-28_10h30.22.383,WP1_3,2025.2.3,Win32,60.24096386,5e5521580ee1b951df544c3c,6a030b8ba3607712b5d4bf26,,,,,,,,,,,,,,,,,,,,,,,,,,,,,,,,,,,,,,,,,,,,,,,,,,,,,,,,,,,,102,stim_fam/102_rgray_250.png,,,,,,,,,,,,,,,,,,,,,,,,,,,,,,,,,,,,,2.285946845,1089.9438,1092.2324,,,,,,,,FALSE,,FALSE,,,,,,,,,,,,1092.2343,1093.1821,p,0.7711,,92,112,2,1,250,novel,,,FALSE,1093.1826,1093.1828,1093.1828,1093.183,,91,0,91,0,1,,,,
,,,,,6a180ae7c88be4ba957f1682,2026-05-28_10h30.22.383,WP1_3,2025.2.3,Win32,60.24096386,5e5521580ee1b951df544c3c,6a030b8ba3607712b5d4bf26,,,,,,,,,,,,,,,,,,,,,,,,,,,,,,,,,,,,,,,,,,,,,,,,,,,,,,,,,,,,44,stim_fam/044_rgray_250.png,,,,,,,,,,,,,,,,,,,,,,,,,,,,,,,,,,,,,2.231527671,1093.1838,1095.4152,,,,,,,,FALSE,,FALSE,,,,,,,,,,,,1095.4172,1096.4154,p,0.8444,,93,119,2,1,250,novel,,,FALSE,1096.4158,1096.416,1096.416,1096.4163,,92,0,92,0,1,,,,
,,,,,6a180ae7c88be4ba957f1682,2026-05-28_10h30.22.383,WP1_3,2025.2.3,Win32,60.24096386,5e5521580ee1b951df544c3c,6a030b8ba3607712b5d4bf26,,,,,,,,,,,,,,,,,,,,,,,,,,,,,,,,,,,,,,,,,,,,,,,,,,,,,,,,,,,,95,stim_fam/095_rgray_250.png,,,,,,,,,,,,,,,,,,,,,,,,,,,,,,,,,,,,,1.903694686,1096.4171,1098.315,,,,,,,,FALSE,,FALSE,,,,,,,,,,,,1098.3169,1099.2364,p,0.7621,,94,100,2,1,250,novel,,,FALSE,1099.2367,1099.2368,1099.2369,1099.237,,93,0,93,0,1,,,,
,,,,,6a180ae7c88be4ba957f1682,2026-05-28_10h30.22.383,WP1_3,2025.2.3,Win32,60.24096386,5e5521580ee1b951df544c3c,6a030b8ba3607712b5d4bf26,,,,,,,,,,,,,,,,,,,,,,,,,,,,,,,,,,,,,,,,,,,,,,,,,,,,,,,,,,,,50,stim_fam/050_rgray_250.png,,,,,,,,,,,,,,,,,,,,,,,,,,,,,,,,,,,,,2.292125836,1099.2376,1101.5313,,,,,,,,FALSE,,FALSE,,,,,,,,,,,,1101.5334,1102.4809,p,0.7468,,95,106,2,1,250,novel,,,FALSE,1102.4812,1102.4815,1102.4815,1102.4817,,94,0,94,0,1,,,,
,,,,,6a180ae7c88be4ba957f1682,2026-05-28_10h30.22.383,WP1_3,2025.2.3,Win32,60.24096386,5e5521580ee1b951df544c3c,6a030b8ba3607712b5d4bf26,,,,,,,,,,,,,,,,,,,,,,,,,,,,,,,,,,,,,,,,,,,,,,,,,,,,,,,,,,,,21,stim_fam/021_rgray_250.png,,,,,,,,,,,,,,,,,,,,,,,,,,,,,,,,,,,,,1.568970434,1102.4824,1104.0473,,,,,,,,FALSE,,FALSE,,,,,,,,,,,,1104.0491,1105.0139,p,0.801,,96,110,2,1,250,novel,,,FALSE,1105.0142,1105.0144,1105.0145,1105.0148,,95,0,95,0,1,,,,
,,,,,6a180ae7c88be4ba957f1682,2026-05-28_10h30.22.383,WP1_3,2025.2.3,Win32,60.24096386,5e5521580ee1b951df544c3c,6a030b8ba3607712b5d4bf26,,,,,,,,,,,,,,,,,,,,,,,,,,,,,,,,,,,,,,,,,,,,,,,,,,,,,,,,,,,,33,Celebrities_Faces/033_01_greyscale_250.png,,,,,,,,,,,,,,,,,,,,,,,,,,,,,,,,,,,,,2.157631354,1105.0155,1107.1636,,,,,,,,TRUE,,FALSE,,,,,,,,,,,,1107.1659,1108.0968,p,0.7641,,97,78,2,1,1,familiar,,,FALSE,1108.0972,1108.0974,1108.0975,1108.0976,,96,0,96,0,1,,,,
,,,,,6a180ae7c88be4ba957f1682,2026-05-28_10h30.22.383,WP1_3,2025.2.3,Win32,60.24096386,5e5521580ee1b951df544c3c,6a030b8ba3607712b5d4bf26,,,,,,,,,,,,,,,,,,,,,,,,,,,,,,,,,,,,,,,,,,,,,,,,,,,,,,,,,,,,31,Celebrities_Faces/031_03_greyscale_250.png,,,,,,,,,,,,,,,,,,,,,,,,,,,,,,,,,,,,,2.081025229,1108.0984,1110.18,,,,,,,,TRUE,,FALSE,,,,,,,,,,,,1110.1828,1111.1631,q,0.7738,,98,89,2,1,3,familiar,,,FALSE,1111.1635,1111.1638,1111.1638,1111.1639,,97,0,97,0,1,,,,
,,,,,6a180ae7c88be4ba957f1682,2026-05-28_10h30.22.383,WP1_3,2025.2.3,Win32,60.24096386,5e5521580ee1b951df544c3c,6a030b8ba3607712b5d4bf26,,,,,,,,,,,,,,,,,,,,,,,,,,,,,,,,,,,,,,,,,,,,,,,,,,,,,,,,,,,,3,Celebrities_Faces/003_02_greyscale_250.png,,,,,,,,,,,,,,,,,,,,,,,,,,,,,,,,,,,,,1.66328392,1111.1646,1112.8172,,,,,,,,TRUE,,FALSE,,,,,,,,,,,,1112.8193,1113.796,p,0.7933,,99,80,2,1,2,familiar,,,FALSE,1113.7963,1113.7965,1113.7965,1113.7968,,98,0,98,0,1,,,,
,,,,,6a180ae7c88be4ba957f1682,2026-05-28_10h30.22.383,WP1_3,2025.2.3,Win32,60.24096386,5e5521580ee1b951df544c3c,6a030b8ba3607712b5d4bf26,,,,,,,,,,,,,,,,,,,,,,,,,,,,,,,,,,,,,,,,,,,,,,,,,,,,,,,,,,,,69,stim_fam/069_rgray_250.png,,,,,,,,,,,,,,,,,,,,,,,,,,,,,,,,,,,,,2.458150431,1113.7974,1116.2455,,,,,,,,FALSE,,FALSE,,,,,,,,,,,,1116.2474,1117.2617,p,0.8243,,100,91,2,1,250,novel,,,FALSE,1117.2622,1117.2623,1117.2624,1117.2625,,99,0,99,0,1,,,,
,,,,,6a180ae7c88be4ba957f1682,2026-05-28_10h30.22.383,WP1_3,2025.2.3,Win32,60.24096386,5e5521580ee1b951df544c3c,6a030b8ba3607712b5d4bf26,,,,,,,,,,,,,,,,,,,,,,,,,,,,,,,,,,,,,,,,,,,,,,,,,,,,,,,,,,,,4,Celebrities_Faces/004_03_greyscale_250.png,,,,,,,,,,,,,,,,,,,,,,,,,,,,,,,,,,,,,2.309189441,1117.2632,1119.5617,,,,,,,,TRUE,,TRUE,,,,,,,,,,,,1119.5633,1120.6787,,,,101,73,2,1,3,familiar,,,FALSE,1120.6792,1121.6788,1121.6789,1121.6792,,100,0,100,0,1,,,,
,,,,,6a180ae7c88be4ba957f1682,2026-05-28_10h30.22.383,WP1_3,2025.2.3,Win32,60.24096386,5e5521580ee1b951df544c3c,6a030b8ba3607712b5d4bf26,,,,,,,,,,,,,,,,,,,,,,,,,,,,,,,,,,,,,,,,,,,,,,,,,,,,,,,,,,,,26,Celebrities_Faces/026_02_greyscale_250.png,,,,,,,,,,,,,,,,,,,,,,,,,,,,,,,,,,,,,2.381752249,1121.68,1124.0615,,,,,,,,TRUE,,TRUE,,,,,,,,,,,,1124.0636,1125.1885,q,0.9402,,102,87,2,1,2,familiar,,,FALSE,1125.1889,1126.1823,1126.1823,1126.1825,,101,0,101,0,1,,,,
,,,,,6a180ae7c88be4ba957f1682,2026-05-28_10h30.22.383,WP1_3,2025.2.3,Win32,60.24096386,5e5521580ee1b951df544c3c,6a030b8ba3607712b5d4bf26,,,,,,,,,,,,,,,,,,,,,,,,,,,,,,,,,,,,,,,,,,,,,,,,,,,,,,,,,,,,29,Celebrities_Faces/029_03_greyscale_250.png,,,,,,,,,,,,,,,,,,,,,,,,,,,,,,,,,,,,,1.660196977,1126.1834,1127.8519,,,,,,,,TRUE,,FALSE,,,,,,,,,,,,1127.8527,1128.8449,p,0.8226,,103,82,2,1,3,familiar,,,FALSE,1128.8454,1128.8456,1128.8456,1128.8462,,102,0,102,0,1,,,,
,,,,,6a180ae7c88be4ba957f1682,2026-05-28_10h30.22.383,WP1_3,2025.2.3,Win32,60.24096386,5e5521580ee1b951df544c3c,6a030b8ba3607712b5d4bf26,,,,,,,,,,,,,,,,,,,,,,,,,,,,,,,,,,,,,,,,,,,,,,,,,,,,,,,,,,,,20,Celebrities_Faces/020_03_greyscale_250.png,,,,,,,,,,,,,,,,,,,,,,,,,,,,,,,,,,,,,1.85516789,1128.8472,1130.6939,,,,,,,,TRUE,,FALSE,,,,,,,,,,,,1130.6956,1131.4646,q,0.6175,,104,84,2,1,3,familiar,,,FALSE,1131.465,1131.4651,1131.4652,1131.4654,,103,0,103,0,1,,,,
,,,,,6a180ae7c88be4ba957f1682,2026-05-28_10h30.22.383,WP1_3,2025.2.3,Win32,60.24096386,5e5521580ee1b951df544c3c,6a030b8ba3607712b5d4bf26,,,,,,,,,,,,,,,,,,,,,,,,,,,,,,,,,,,,,,,,,,,,,,,,,,,,,,,,,,,,43,stim_fam/043_rgray_250.png,,,,,,,,,,,,,,,,,,,,,,,,,,,,,,,,,,,,,2.155737099,1131.4659,1133.6105,,,,,,,,FALSE,,TRUE,,,,,,,,,,,,1133.614,1134.7266,,,,105,92,2,1,250,novel,,,FALSE,1134.727,1135.7263,1135.7265,1135.7267,,104,0,104,0,1,,,,
,,,,,6a180ae7c88be4ba957f1682,2026-05-28_10h30.22.383,WP1_3,2025.2.3,Win32,60.24096386,5e5521580ee1b951df544c3c,6a030b8ba3607712b5d4bf26,,,,,,,,,,,,,,,,,,,,,,,,,,,,,,,,,,,,,,,,,,,,,,,,,,,,,,,,,,,,1,Celebrities_Faces/001_01_greyscale_250.png,,,,,,,,,,,,,,,,,,,,,,,,,,,,,,,,,,,,,1.891783741,1135.7274,1137.6095,,,,,,,,TRUE,,FALSE,,,,,,,,,,,,1137.6113,1138.5093,q,0.7296,,106,74,2,1,1,familiar,,,FALSE,1138.5096,1138.5098,1138.5099,1138.5101,,105,0,105,0,1,,,,
,,,,,6a180ae7c88be4ba957f1682,2026-05-28_10h30.22.383,WP1_3,2025.2.3,Win32,60.24096386,5e5521580ee1b951df544c3c,6a030b8ba3607712b5d4bf26,,,,,,,,,,,,,,,,,,,,,,,,,,,,,,,,,,,,,,,,,,,,,,,,,,,,,,,,,,,,6,Celebrities_Faces/006_02_greyscale_250.png,,,,,,,,,,,,,,,,,,,,,,,,,,,,,,,,,,,,,1.714101746,1138.5107,1140.226,,,,,,,,TRUE,,FALSE,,,,,,,,,,,,1140.2278,1141.3094,q,0.9211,,107,75,2,1,2,familiar,,,FALSE,1141.3098,1141.3099,1141.3099,1141.3101,,106,0,106,0,1,,,,
,,,,,6a180ae7c88be4ba957f1682,2026-05-28_10h30.22.383,WP1_3,2025.2.3,Win32,60.24096386,5e5521580ee1b951df544c3c,6a030b8ba3607712b5d4bf26,,,,,,,,,,,,,,,,,,,,,,,,,,,,,,,,,,,,,,,,,,,,,,,,,,,,,,,,,,,,24,Celebrities_Faces/024_02_greyscale_250.png,,,,,,,,,,,,,,,,,,,,,,,,,,,,,,,,,,,,,2.342072851,1141.3109,1143.6427,,,,,,,,TRUE,,FALSE,,,,,,,,,,,,1143.6445,1144.6594,p,0.8308,,108,81,2,1,2,familiar,,,FALSE,1144.6598,1144.66,1144.6602,1144.6604,,107,0,107,0,1,,,,
,,,,,6a180ae7c88be4ba957f1682,2026-05-28_10h30.22.383,WP1_3,2025.2.3,Win32,60.24096386,5e5521580ee1b951df544c3c,6a030b8ba3607712b5d4bf26,,,,,,,,,,,,,,,,,,,,,,,,,,,,,,,,,,,,,,,,,,,,,,,,,,,,,,,,,,,,84,stim_fam/084_rgray_250.png,,,,,,,,,,,,,,,,,,,,,,,,,,,,,,,,,,,,,1.937860467,1144.6611,1146.5923,,,,,,,,FALSE,,FALSE,,,,,,,,,,,,1146.5949,1147.4411,p,0.678,,109,103,2,1,250,novel,,,FALSE,1147.4413,1147.4414,1147.4414,1147.4415,,108,0,108,0,1,,,,
,,,,,6a180ae7c88be4ba957f1682,2026-05-28_10h30.22.383,WP1_3,2025.2.3,Win32,60.24096386,5e5521580ee1b951df544c3c,6a030b8ba3607712b5d4bf26,,,,,,,,,,,,,,,,,,,,,,,,,,,,,,,,,,,,,,,,,,,,,,,,,,,,,,,,,,,,65,stim_fam/065_rgray_250.png,,,,,,,,,,,,,,,,,,,,,,,,,,,,,,,,,,,,,1.516584108,1147.4418,1148.958,,,,,,,,FALSE,,TRUE,,,,,,,,,,,,1148.9598,1150.0754,,,,110,118,2,1,250,novel,,,FALSE,1150.076,1151.0746,1151.0748,1151.0751,,109,0,109,0,1,,,,
,,,,,6a180ae7c88be4ba957f1682,2026-05-28_10h30.22.383,WP1_3,2025.2.3,Win32,60.24096386,5e5521580ee1b951df544c3c,6a030b8ba3607712b5d4bf26,,,,,,,,,,,,,,,,,,,,,,,,,,,,,,,,,,,,,,,,,,,,,,,,,,,,,,,,,,,,68,stim_fam/068_rgray_250.png,,,,,,,,,,,,,,,,,,,,,,,,,,,,,,,,,,,,,1.792006523,1151.0758,1152.858,,,,,,,,FALSE,,FALSE,,,,,,,,,,,,1152.8611,1153.7517,p,0.7156,,111,115,2,1,250,novel,,,FALSE,1153.7519,1153.752,1153.7521,1153.7522,,110,0,110,0,1,,,,
,,,,,6a180ae7c88be4ba957f1682,2026-05-28_10h30.22.383,WP1_3,2025.2.3,Win32,60.24096386,5e5521580ee1b951df544c3c,6a030b8ba3607712b5d4bf26,,,,,,,,,,,,,,,,,,,,,,,,,,,,,,,,,,,,,,,,,,,,,,,,,,,,,,,,,,,,14,Celebrities_Faces/014_01_greyscale_250.png,,,,,,,,,,,,,,,,,,,,,,,,,,,,,,,,,,,,,1.763492225,1153.7526,1155.5072,,,,,,,,TRUE,,FALSE,,,,,,,,,,,,1155.5091,1156.5742,p,0.9181,,112,64,2,1,1,familiar,,,FALSE,1156.5747,1156.5749,1156.575,1156.5753,,111,0,111,0,1,,,,
,,,,,6a180ae7c88be4ba957f1682,2026-05-28_10h30.22.383,WP1_3,2025.2.3,Win32,60.24096386,5e5521580ee1b951df544c3c,6a030b8ba3607712b5d4bf26,,,,,,,,,,,,,,,,,,,,,,,,,,,,,,,,,,,,,,,,,,,,,,,,,,,,,,,,,,,,99,stim_fam/099_rgray_250.png,,,,,,,,,,,,,,,,,,,,,,,,,,,,,,,,,,,,,2.494169117,1156.5761,1159.0737,,,,,,,,FALSE,,FALSE,,,,,,,,,,,,1159.0756,1160.0402,p,0.7909,,113,102,2,1,250,novel,,,FALSE,1160.0407,1160.0408,1160.041,1160.0412,,112,0,112,0,1,,,,
,,,,,6a180ae7c88be4ba957f1682,2026-05-28_10h30.22.383,WP1_3,2025.2.3,Win32,60.24096386,5e5521580ee1b951df544c3c,6a030b8ba3607712b5d4bf26,,,,,,,,,,,,,,,,,,,,,,,,,,,,,,,,,,,,,,,,,,,,,,,,,,,,,,,,,,,,13,Celebrities_Faces/013_02_greyscale_250.png,,,,,,,,,,,,,,,,,,,,,,,,,,,,,,,,,,,,,1.710272851,1160.0418,1161.7404,,,,,,,,TRUE,,FALSE,,,,,,,,,,,,1161.7431,1162.623,q,0.729,,114,67,2,1,2,familiar,,,FALSE,1162.6235,1162.6238,1162.6238,1162.624,,113,0,113,0,1,,,,
,,,,,6a180ae7c88be4ba957f1682,2026-05-28_10h30.22.383,WP1_3,2025.2.3,Win32,60.24096386,5e5521580ee1b951df544c3c,6a030b8ba3607712b5d4bf26,,,,,,,,,,,,,,,,,,,,,,,,,,,,,,,,,,,,,,,,,,,,,,,,,,,,,,,,,,,,22,stim_fam/022_rgray_250.png,,,,,,,,,,,,,,,,,,,,,,,,,,,,,,,,,,,,,2.435924617,1162.625,1165.0564,,,,,,,,FALSE,,FALSE,,,,,,,,,,,,1165.0584,1166.089,p,0.8633,,115,117,2,1,250,novel,,,FALSE,1166.0895,1166.0897,1166.0898,1166.0899,,114,0,114,0,1,,,,
,,,,,6a180ae7c88be4ba957f1682,2026-05-28_10h30.22.383,WP1_3,2025.2.3,Win32,60.24096386,5e5521580ee1b951df544c3c,6a030b8ba3607712b5d4bf26,,,,,,,,,,,,,,,,,,,,,,,,,,,,,,,,,,,,,,,,,,,,,,,,,,,,,,,,,,,,41,stim_fam/041_rgray_250.png,,,,,,,,,,,,,,,,,,,,,,,,,,,,,,,,,,,,,2.155022019,1166.0905,1168.2386,,,,,,,,FALSE,,FALSE,,,,,,,,,,,,1168.2401,1169.306,p,0.9,,116,101,2,1,250,novel,,,FALSE,1169.3065,1169.3068,1169.3068,1169.3071,,115,0,115,0,1,,,,
,,,,,6a180ae7c88be4ba957f1682,2026-05-28_10h30.22.383,WP1_3,2025.2.3,Win32,60.24096386,5e5521580ee1b951df544c3c,6a030b8ba3607712b5d4bf26,,,,,,,,,,,,,,,,,,,,,,,,,,,,,,,,,,,,,,,,,,,,,,,,,,,,,,,,,,,,38,stim_fam/038_rgray_250.png,,,,,,,,,,,,,,,,,,,,,,,,,,,,,,,,,,,,,2.158935658,1169.3082,1171.4717,,,,,,,,FALSE,,TRUE,,,,,,,,,,,,1171.4737,1172.5889,,,,117,120,2,1,250,novel,,,FALSE,1172.5893,1173.5792,1173.5793,1173.5794,,116,0,116,0,1,,,,
,,,,,6a180ae7c88be4ba957f1682,2026-05-28_10h30.22.383,WP1_3,2025.2.3,Win32,60.24096386,5e5521580ee1b951df544c3c,6a030b8ba3607712b5d4bf26,,,,,,,,,,,,,,,,,,,,,,,,,,,,,,,,,,,,,,,,,,,,,,,,,,,,,,,,,,,,46,Celebrities_Faces/046_02_greyscale_250.png,,,,,,,,,,,,,,,,,,,,,,,,,,,,,,,,,,,,,1.913916404,1173.5797,1175.4902,,,,,,,,TRUE,,TRUE,,,,,,,,,,,,1175.4921,1176.6051,,,,118,90,2,1,2,familiar,,,FALSE,1176.6056,1177.6047,1177.6049,1177.6051,,117,0,117,0,1,,,,
,,,,,6a180ae7c88be4ba957f1682,2026-05-28_10h30.22.383,WP1_3,2025.2.3,Win32,60.24096386,5e5521580ee1b951df544c3c,6a030b8ba3607712b5d4bf26,,,,,,,,,,,,,,,,,,,,,,,,,,,,,,,,,,,,,,,,,,,,,,,,,,,,,,,,,,,,2,Celebrities_Faces/002_03_greyscale_250.png,,,,,,,,,,,,,,,,,,,,,,,,,,,,,,,,,,,,,2.268194199,1177.6059,1179.8712,,,,,,,,TRUE,,FALSE,,,,,,,,,,,,1179.8741,1180.8207,q,0.7752,,119,69,2,1,3,familiar,,,FALSE,1180.8212,1180.8217,1180.8218,1180.8219,,118,0,118,0,1,,,,
,,,,,6a180ae7c88be4ba957f1682,2026-05-28_10h30.22.383,WP1_3,2025.2.3,Win32,60.24096386,5e5521580ee1b951df544c3c,6a030b8ba3607712b5d4bf26,,,,,,,,,,,,,,,,,,,,,,,,,,,,,,,,,,,,,,,,,,,,,,,,,,,,,,,,,,,,34,Celebrities_Faces/034_03_greyscale_250.png,,,,,,,,,,,,,,,,,,,,,,,,,,,,,,,,,,,,,1.949319403,1180.8226,1182.7618,,,,,,,,TRUE,,FALSE,,,,,,,,,,,,1182.764,1183.7211,q,0.7979,,120,88,2,1,3,familiar,,,FALSE,1183.7217,1183.7219,1183.722,1202.7681,space,119,0,119,0,1,19.0168,,,
,,,,,6a180ae7c88be4ba957f1682,2026-05-28_10h30.22.383,WP1_3,2025.2.3,Win32,60.24096386,5e5521580ee1b951df544c3c,6a030b8ba3607712b5d4bf26,,,,,,,,,,,,,,,,,,,,,,,,,,,,,,,,,,,,,,,,,,,,,,,,,,,,,,,,,,,,51,stim_fam/051_rgray_250.png,,,,,,,,,,,,,,,,,,,,,,,,,,,,,,,,,,,,,2.364331565,1202.7691,1205.1346,,,,,,,,FALSE,,FALSE,,,,,,,,,,,,1205.1367,1206.0045,p,0.6982,,121,165,3,1,250,novel,,,FALSE,1206.0048,1206.0049,1206.0049,1206.005,,120,0,120,0,1,,,,
,,,,,6a180ae7c88be4ba957f1682,2026-05-28_10h30.22.383,WP1_3,2025.2.3,Win32,60.24096386,5e5521580ee1b951df544c3c,6a030b8ba3607712b5d4bf26,,,,,,,,,,,,,,,,,,,,,,,,,,,,,,,,,,,,,,,,,,,,,,,,,,,,,,,,,,,,76,stim_fam/076_rgray_250.png,,,,,,,,,,,,,,,,,,,,,,,,,,,,,,,,,,,,,2.040008381,1206.0056,1208.0342,,,,,,,,FALSE,,FALSE,,,,,,,,,,,,1208.0361,1208.9499,p,0.7402,,122,177,3,1,250,novel,,,FALSE,1208.9501,1208.9502,1208.9502,1208.9503,,121,0,121,0,1,,,,
,,,,,6a180ae7c88be4ba957f1682,2026-05-28_10h30.22.383,WP1_3,2025.2.3,Win32,60.24096386,5e5521580ee1b951df544c3c,6a030b8ba3607712b5d4bf26,,,,,,,,,,,,,,,,,,,,,,,,,,,,,,,,,,,,,,,,,,,,,,,,,,,,,,,,,,,,8,Celebrities_Faces/008_01_greyscale_250.png,,,,,,,,,,,,,,,,,,,,,,,,,,,,,,,,,,,,,2.142980452,1208.9506,1211.0832,,,,,,,,TRUE,,FALSE,,,,,,,,,,,,1211.0853,1211.9721,p,0.7287,,123,137,3,1,1,familiar,,,FALSE,1211.9724,1211.9726,1211.9726,1211.9728,,122,0,122,0,1,,,,
,,,,,6a180ae7c88be4ba957f1682,2026-05-28_10h30.22.383,WP1_3,2025.2.3,Win32,60.24096386,5e5521580ee1b951df544c3c,6a030b8ba3607712b5d4bf26,,,,,,,,,,,,,,,,,,,,,,,,,,,,,,,,,,,,,,,,,,,,,,,,,,,,,,,,,,,,40,stim_fam/040_rgray_250.png,,,,,,,,,,,,,,,,,,,,,,,,,,,,,,,,,,,,,1.713201801,1211.9734,1213.6833,,,,,,,,FALSE,,FALSE,,,,,,,,,,,,1213.6854,1214.5998,p,0.7493,,124,172,3,1,250,novel,,,FALSE,1214.6002,1214.6005,1214.6005,1214.6007,,123,0,123,0,1,,,,
,,,,,6a180ae7c88be4ba957f1682,2026-05-28_10h30.22.383,WP1_3,2025.2.3,Win32,60.24096386,5e5521580ee1b951df544c3c,6a030b8ba3607712b5d4bf26,,,,,,,,,,,,,,,,,,,,,,,,,,,,,,,,,,,,,,,,,,,,,,,,,,,,,,,,,,,,2,Celebrities_Faces/002_02_greyscale_250.png,,,,,,,,,,,,,,,,,,,,,,,,,,,,,,,,,,,,,1.749435523,1214.6013,1216.3496,,,,,,,,TRUE,,FALSE,,,,,,,,,,,,1216.3515,1217.1489,q,0.593,,125,129,3,1,2,familiar,,,FALSE,1217.149,1217.1491,1217.1492,1217.1492,,124,0,124,0,1,,,,
,,,,,6a180ae7c88be4ba957f1682,2026-05-28_10h30.22.383,WP1_3,2025.2.3,Win32,60.24096386,5e5521580ee1b951df544c3c,6a030b8ba3607712b5d4bf26,,,,,,,,,,,,,,,,,,,,,,,,,,,,,,,,,,,,,,,,,,,,,,,,,,,,,,,,,,,,33,stim_fam/033_rgray_250.png,,,,,,,,,,,,,,,,,,,,,,,,,,,,,,,,,,,,,2.385459501,1217.1495,1219.5319,,,,,,,,FALSE,,FALSE,,,,,,,,,,,,1219.5328,1220.299,p,0.6183,,126,151,3,1,250,novel,,,FALSE,1220.2994,1220.2997,1220.2997,1220.2999,,125,0,125,0,1,,,,
,,,,,6a180ae7c88be4ba957f1682,2026-05-28_10h30.22.383,WP1_3,2025.2.3,Win32,60.24096386,5e5521580ee1b951df544c3c,6a030b8ba3607712b5d4bf26,,,,,,,,,,,,,,,,,,,,,,,,,,,,,,,,,,,,,,,,,,,,,,,,,,,,,,,,,,,,7,stim_fam/007_rgray_250.png,,,,,,,,,,,,,,,,,,,,,,,,,,,,,,,,,,,,,1.631404102,1220.3007,1221.9323,,,,,,,,FALSE,,FALSE,,,,,,,,,,,,1221.9342,1222.7821,p,0.6644,,127,175,3,1,250,novel,,,FALSE,1222.7825,1222.7828,1222.7828,1222.783,,126,0,126,0,1,,,,
,,,,,6a180ae7c88be4ba957f1682,2026-05-28_10h30.22.383,WP1_3,2025.2.3,Win32,60.24096386,5e5521580ee1b951df544c3c,6a030b8ba3607712b5d4bf26,,,,,,,,,,,,,,,,,,,,,,,,,,,,,,,,,,,,,,,,,,,,,,,,,,,,,,,,,,,,14,Celebrities_Faces/014_03_greyscale_250.png,,,,,,,,,,,,,,,,,,,,,,,,,,,,,,,,,,,,,2.433918513,1222.7837,1225.2148,,,,,,,,TRUE,,FALSE,,,,,,,,,,,,1225.2165,1226.1644,q,0.7412,,128,124,3,1,3,familiar,,,FALSE,1226.1646,1226.1646,1226.1646,1226.1647,,127,0,127,0,1,,,,
,,,,,6a180ae7c88be4ba957f1682,2026-05-28_10h30.22.383,WP1_3,2025.2.3,Win32,60.24096386,5e5521580ee1b951df544c3c,6a030b8ba3607712b5d4bf26,,,,,,,,,,,,,,,,,,,,,,,,,,,,,,,,,,,,,,,,,,,,,,,,,,,,,,,,,,,,103,stim_fam/103_rgray_250.png,,,,,,,,,,,,,,,,,,,,,,,,,,,,,,,,,,,,,1.618493415,1226.165,1227.7811,,,,,,,,FALSE,,FALSE,,,,,,,,,,,,1227.783,1228.7315,p,0.7756,,129,173,3,1,250,novel,,,FALSE,1228.7321,1228.7325,1228.7326,1228.7327,,128,0,128,0,1,,,,
,,,,,6a180ae7c88be4ba957f1682,2026-05-28_10h30.22.383,WP1_3,2025.2.3,Win32,60.24096386,5e5521580ee1b951df544c3c,6a030b8ba3607712b5d4bf26,,,,,,,,,,,,,,,,,,,,,,,,,,,,,,,,,,,,,,,,,,,,,,,,,,,,,,,,,,,,10,stim_fam/010_rgray_250.png,,,,,,,,,,,,,,,,,,,,,,,,,,,,,,,,,,,,,2.387581805,1228.7336,1231.1146,,,,,,,,FALSE,,FALSE,,,,,,,,,,,,1231.1166,1232.0317,p,0.7548,,130,169,3,1,250,novel,,,FALSE,1232.0321,1232.0322,1232.0323,1232.0325,,129,0,129,0,1,,,,
,,,,,6a180ae7c88be4ba957f1682,2026-05-28_10h30.22.383,WP1_3,2025.2.3,Win32,60.24096386,5e5521580ee1b951df544c3c,6a030b8ba3607712b5d4bf26,,,,,,,,,,,,,,,,,,,,,,,,,,,,,,,,,,,,,,,,,,,,,,,,,,,,,,,,,,,,75,stim_fam/075_rgray_250.png,,,,,,,,,,,,,,,,,,,,,,,,,,,,,,,,,,,,,1.686377117,1232.0333,1233.7141,,,,,,,,FALSE,,FALSE,,,,,,,,,,,,1233.7159,1234.5308,q,0.6238,,131,160,3,1,250,novel,,,FALSE,1234.5313,1234.5314,1234.5314,1234.5317,,130,0,130,0,1,,,,
,,,,,6a180ae7c88be4ba957f1682,2026-05-28_10h30.22.383,WP1_3,2025.2.3,Win32,60.24096386,5e5521580ee1b951df544c3c,6a030b8ba3607712b5d4bf26,,,,,,,,,,,,,,,,,,,,,,,,,,,,,,,,,,,,,,,,,,,,,,,,,,,,,,,,,,,,1,stim_fam/001_rgray_250.png,,,,,,,,,,,,,,,,,,,,,,,,,,,,,,,,,,,,,1.90665524,1234.5324,1236.4306,,,,,,,,FALSE,,TRUE,,,,,,,,,,,,1236.4326,1237.5471,,,,132,164,3,1,250,novel,,,FALSE,1237.5475,1238.5462,1238.5463,1238.5466,,131,0,131,0,1,,,,
,,,,,6a180ae7c88be4ba957f1682,2026-05-28_10h30.22.383,WP1_3,2025.2.3,Win32,60.24096386,5e5521580ee1b951df544c3c,6a030b8ba3607712b5d4bf26,,,,,,,,,,,,,,,,,,,,,,,,,,,,,,,,,,,,,,,,,,,,,,,,,,,,,,,,,,,,6,stim_fam/006_rgray_250.png,,,,,,,,,,,,,,,,,,,,,,,,,,,,,,,,,,,,,1.580176608,1238.5475,1240.1166,,,,,,,,FALSE,,FALSE,,,,,,,,,,,,1240.1177,1241.1792,q,0.8964,,133,170,3,1,250,novel,,,FALSE,1241.1793,1241.1794,1241.1794,1241.1795,,132,0,132,0,1,,,,
,,,,,6a180ae7c88be4ba957f1682,2026-05-28_10h30.22.383,WP1_3,2025.2.3,Win32,60.24096386,5e5521580ee1b951df544c3c,6a030b8ba3607712b5d4bf26,,,,,,,,,,,,,,,,,,,,,,,,,,,,,,,,,,,,,,,,,,,,,,,,,,,,,,,,,,,,30,stim_fam/030_rgray_250.png,,,,,,,,,,,,,,,,,,,,,,,,,,,,,,,,,,,,,2.276584758,1241.1798,1243.4456,,,,,,,,FALSE,,FALSE,,,,,,,,,,,,1243.4471,1244.4951,p,0.8579,,134,153,3,1,250,novel,,,FALSE,1244.4953,1244.4954,1244.4954,1244.4955,,133,0,133,0,1,,,,
,,,,,6a180ae7c88be4ba957f1682,2026-05-28_10h30.22.383,WP1_3,2025.2.3,Win32,60.24096386,5e5521580ee1b951df544c3c,6a030b8ba3607712b5d4bf26,,,,,,,,,,,,,,,,,,,,,,,,,,,,,,,,,,,,,,,,,,,,,,,,,,,,,,,,,,,,54,Celebrities_Faces/054_02_greyscale_250.png,,,,,,,,,,,,,,,,,,,,,,,,,,,,,,,,,,,,,1.816696631,1244.4958,1246.312,,,,,,,,TRUE,,FALSE,,,,,,,,,,,,1246.3139,1247.1458,q,0.6307,,135,125,3,1,2,familiar,,,FALSE,1247.1462,1247.1464,1247.1464,1247.1467,,134,0,134,0,1,,,,
,,,,,6a180ae7c88be4ba957f1682,2026-05-28_10h30.22.383,WP1_3,2025.2.3,Win32,60.24096386,5e5521580ee1b951df544c3c,6a030b8ba3607712b5d4bf26,,,,,,,,,,,,,,,,,,,,,,,,,,,,,,,,,,,,,,,,,,,,,,,,,,,,,,,,,,,,96,stim_fam/096_rgray_250.png,,,,,,,,,,,,,,,,,,,,,,,,,,,,,,,,,,,,,2.183420835,1247.1473,1249.3289,,,,,,,,FALSE,,FALSE,,,,,,,,,,,,1249.3308,1250.3387,p,0.8135,,136,171,3,1,250,novel,,,FALSE,1250.3389,1250.339,1250.339,1250.339,,135,0,135,0,1,,,,
,,,,,6a180ae7c88be4ba957f1682,2026-05-28_10h30.22.383,WP1_3,2025.2.3,Win32,60.24096386,5e5521580ee1b951df544c3c,6a030b8ba3607712b5d4bf26,,,,,,,,,,,,,,,,,,,,,,,,,,,,,,,,,,,,,,,,,,,,,,,,,,,,,,,,,,,,19,Celebrities_Faces/019_02_greyscale_250.png,,,,,,,,,,,,,,,,,,,,,,,,,,,,,,,,,,,,,1.633930536,1250.3393,1251.9618,,,,,,,,TRUE,,TRUE,,,,,,,,,,,,1251.9642,1253.0786,,,,137,123,3,1,2,familiar,,,FALSE,1253.0791,1254.0784,1254.0785,1254.0787,,136,0,136,0,1,,,,
,,,,,6a180ae7c88be4ba957f1682,2026-05-28_10h30.22.383,WP1_3,2025.2.3,Win32,60.24096386,5e5521580ee1b951df544c3c,6a030b8ba3607712b5d4bf26,,,,,,,,,,,,,,,,,,,,,,,,,,,,,,,,,,,,,,,,,,,,,,,,,,,,,,,,,,,,72,stim_fam/072_rgray_250.png,,,,,,,,,,,,,,,,,,,,,,,,,,,,,,,,,,,,,2.176076655,1254.0795,1256.2445,,,,,,,,FALSE,,FALSE,,,,,,,,,,,,1256.2466,1257.2278,p,0.8069,,138,154,3,1,250,novel,,,FALSE,1257.2284,1257.2286,1257.2286,1257.2288,,137,0,137,0,1,,,,
,,,,,6a180ae7c88be4ba957f1682,2026-05-28_10h30.22.383,WP1_3,2025.2.3,Win32,60.24096386,5e5521580ee1b951df544c3c,6a030b8ba3607712b5d4bf26,,,,,,,,,,,,,,,,,,,,,,,,,,,,,,,,,,,,,,,,,,,,,,,,,,,,,,,,,,,,54,stim_fam/054_rgray_250.png,,,,,,,,,,,,,,,,,,,,,,,,,,,,,,,,,,,,,2.17117931,1257.2296,1259.3942,,,,,,,,FALSE,,FALSE,,,,,,,,,,,,1259.3963,1260.4942,p,0.8856,,139,158,3,1,250,novel,,,FALSE,1260.4946,1260.4949,1260.4949,1260.4952,,138,0,138,0,1,,,,
,,,,,6a180ae7c88be4ba957f1682,2026-05-28_10h30.22.383,WP1_3,2025.2.3,Win32,60.24096386,5e5521580ee1b951df544c3c,6a030b8ba3607712b5d4bf26,,,,,,,,,,,,,,,,,,,,,,,,,,,,,,,,,,,,,,,,,,,,,,,,,,,,,,,,,,,,25,Celebrities_Faces/025_03_greyscale_250.png,,,,,,,,,,,,,,,,,,,,,,,,,,,,,,,,,,,,,1.696034471,1260.4959,1262.1938,,,,,,,,TRUE,,FALSE,,,,,,,,,,,,1262.1962,1263.1095,q,0.7448,,140,122,3,1,3,familiar,,,FALSE,1263.1096,1263.1097,1263.1098,1263.1098,,139,0,139,0,1,,,,
,,,,,6a180ae7c88be4ba957f1682,2026-05-28_10h30.22.383,WP1_3,2025.2.3,Win32,60.24096386,5e5521580ee1b951df544c3c,6a030b8ba3607712b5d4bf26,,,,,,,,,,,,,,,,,,,,,,,,,,,,,,,,,,,,,,,,,,,,,,,,,,,,,,,,,,,,20,stim_fam/020_rgray_250.png,,,,,,,,,,,,,,,,,,,,,,,,,,,,,,,,,,,,,2.139230258,1263.1101,1265.2428,,,,,,,,FALSE,,FALSE,,,,,,,,,,,,1265.2444,1266.2266,p,0.7829,,141,180,3,1,250,novel,,,FALSE,1266.227,1266.2271,1266.2273,1266.2274,,140,0,140,0,1,,,,
,,,,,6a180ae7c88be4ba957f1682,2026-05-28_10h30.22.383,WP1_3,2025.2.3,Win32,60.24096386,5e5521580ee1b951df544c3c,6a030b8ba3607712b5d4bf26,,,,,,,,,,,,,,,,,,,,,,,,,,,,,,,,,,,,,,,,,,,,,,,,,,,,,,,,,,,,91,stim_fam/091_rgray_250.png,,,,,,,,,,,,,,,,,,,,,,,,,,,,,,,,,,,,,2.182103729,1266.2281,1268.4097,,,,,,,,FALSE,,FALSE,,,,,,,,,,,,1268.4114,1269.4763,p,0.9177,,142,155,3,1,250,novel,,,FALSE,1269.4766,1269.4769,1269.4769,1269.4771,,141,0,141,0,1,,,,
,,,,,6a180ae7c88be4ba957f1682,2026-05-28_10h30.22.383,WP1_3,2025.2.3,Win32,60.24096386,5e5521580ee1b951df544c3c,6a030b8ba3607712b5d4bf26,,,,,,,,,,,,,,,,,,,,,,,,,,,,,,,,,,,,,,,,,,,,,,,,,,,,,,,,,,,,30,Celebrities_Faces/030_01_greyscale_250.png,,,,,,,,,,,,,,,,,,,,,,,,,,,,,,,,,,,,,2.017583666,1269.4777,1271.4925,,,,,,,,TRUE,,FALSE,,,,,,,,,,,,1271.4946,1272.5926,p,0.932,,143,126,3,1,1,familiar,,,FALSE,1272.5931,1272.5932,1272.5933,1272.5935,,142,0,142,0,1,,,,
,,,,,6a180ae7c88be4ba957f1682,2026-05-28_10h30.22.383,WP1_3,2025.2.3,Win32,60.24096386,5e5521580ee1b951df544c3c,6a030b8ba3607712b5d4bf26,,,,,,,,,,,,,,,,,,,,,,,,,,,,,,,,,,,,,,,,,,,,,,,,,,,,,,,,,,,,13,Celebrities_Faces/013_03_greyscale_250.png,,,,,,,,,,,,,,,,,,,,,,,,,,,,,,,,,,,,,1.502224787,1272.5943,1274.0923,,,,,,,,TRUE,,FALSE,,,,,,,,,,,,1274.0942,1274.9588,q,0.6729,,144,127,3,1,3,familiar,,,FALSE,1274.9592,1274.9593,1274.9594,1274.9595,,143,0,143,0,1,,,,
,,,,,6a180ae7c88be4ba957f1682,2026-05-28_10h30.22.383,WP1_3,2025.2.3,Win32,60.24096386,5e5521580ee1b951df544c3c,6a030b8ba3607712b5d4bf26,,,,,,,,,,,,,,,,,,,,,,,,,,,,,,,,,,,,,,,,,,,,,,,,,,,,,,,,,,,,24,Celebrities_Faces/024_01_greyscale_250.png,,,,,,,,,,,,,,,,,,,,,,,,,,,,,,,,,,,,,1.762415085,1274.9604,1276.7249,,,,,,,,TRUE,,TRUE,,,,,,,,,,,,1276.7265,1277.8415,,,,145,141,3,1,1,familiar,,,FALSE,1277.8422,1278.8414,1278.8415,1278.8417,,144,0,144,0,1,,,,
,,,,,6a180ae7c88be4ba957f1682,2026-05-28_10h30.22.383,WP1_3,2025.2.3,Win32,60.24096386,5e5521580ee1b951df544c3c,6a030b8ba3607712b5d4bf26,,,,,,,,,,,,,,,,,,,,,,,,,,,,,,,,,,,,,,,,,,,,,,,,,,,,,,,,,,,,3,Celebrities_Faces/003_03_greyscale_250.png,,,,,,,,,,,,,,,,,,,,,,,,,,,,,,,,,,,,,2.299069821,1278.8425,1281.1412,,,,,,,,TRUE,,FALSE,,,,,,,,,,,,1281.1434,1282.108,p,0.8085,,146,140,3,1,3,familiar,,,FALSE,1282.1083,1282.1086,1282.1087,1282.109,,145,0,145,0,1,,,,
,,,,,6a180ae7c88be4ba957f1682,2026-05-28_10h30.22.383,WP1_3,2025.2.3,Win32,60.24096386,5e5521580ee1b951df544c3c,6a030b8ba3607712b5d4bf26,,,,,,,,,,,,,,,,,,,,,,,,,,,,,,,,,,,,,,,,,,,,,,,,,,,,,,,,,,,,73,stim_fam/073_rgray_250.png,,,,,,,,,,,,,,,,,,,,,,,,,,,,,,,,,,,,,2.049772741,1282.1098,1284.1577,,,,,,,,FALSE,,TRUE,,,,,,,,,,,,1284.1602,1285.2733,,,,147,174,3,1,250,novel,,,FALSE,1285.2736,1286.2731,1286.2732,1286.2734,,146,0,146,0,1,,,,
,,,,,6a180ae7c88be4ba957f1682,2026-05-28_10h30.22.383,WP1_3,2025.2.3,Win32,60.24096386,5e5521580ee1b951df544c3c,6a030b8ba3607712b5d4bf26,,,,,,,,,,,,,,,,,,,,,,,,,,,,,,,,,,,,,,,,,,,,,,,,,,,,,,,,,,,,4,Celebrities_Faces/004_02_greyscale_250.png,,,,,,,,,,,,,,,,,,,,,,,,,,,,,,,,,,,,,2.328137526,1286.2736,1288.5899,,,,,,,,TRUE,,TRUE,,,,,,,,,,,,1288.5916,1289.7069,,,,148,133,3,1,2,familiar,,,FALSE,1289.7075,1290.7065,1290.7066,1290.7068,,147,0,147,0,1,,,,
,,,,,6a180ae7c88be4ba957f1682,2026-05-28_10h30.22.383,WP1_3,2025.2.3,Win32,60.24096386,5e5521580ee1b951df544c3c,6a030b8ba3607712b5d4bf26,,,,,,,,,,,,,,,,,,,,,,,,,,,,,,,,,,,,,,,,,,,,,,,,,,,,,,,,,,,,2,stim_fam/002_rgray_250.png,,,,,,,,,,,,,,,,,,,,,,,,,,,,,,,,,,,,,2.211652421,1290.7077,1292.923,,,,,,,,FALSE,,FALSE,,,,,,,,,,,,1292.9248,1293.8501,p,0.7503,,149,176,3,1,250,novel,,,FALSE,1293.8505,1293.8507,1293.8508,1293.8509,,148,0,148,0,1,,,,
,,,,,6a180ae7c88be4ba957f1682,2026-05-28_10h30.22.383,WP1_3,2025.2.3,Win32,60.24096386,5e5521580ee1b951df544c3c,6a030b8ba3607712b5d4bf26,,,,,,,,,,,,,,,,,,,,,,,,,,,,,,,,,,,,,,,,,,,,,,,,,,,,,,,,,,,,45,stim_fam/045_rgray_250.png,,,,,,,,,,,,,,,,,,,,,,,,,,,,,,,,,,,,,2.067018526,1293.8516,1295.9228,,,,,,,,FALSE,,FALSE,,,,,,,,,,,,1295.9248,1296.9164,p,0.8348,,150,167,3,1,250,novel,,,FALSE,1296.9168,1296.9169,1296.917,1296.9172,,149,0,149,0,1,,,,
,,,,,6a180ae7c88be4ba957f1682,2026-05-28_10h30.22.383,WP1_3,2025.2.3,Win32,60.24096386,5e5521580ee1b951df544c3c,6a030b8ba3607712b5d4bf26,,,,,,,,,,,,,,,,,,,,,,,,,,,,,,,,,,,,,,,,,,,,,,,,,,,,,,,,,,,,8,stim_fam/008_rgray_250.png,,,,,,,,,,,,,,,,,,,,,,,,,,,,,,,,,,,,,2.369007585,1296.9178,1299.289,,,,,,,,FALSE,,FALSE,,,,,,,,,,,,1299.2909,1300.3389,p,0.7838,,151,159,3,1,250,novel,,,FALSE,1300.3394,1300.3395,1300.3396,1300.3397,,150,0,150,0,1,,,,
,,,,,6a180ae7c88be4ba957f1682,2026-05-28_10h30.22.383,WP1_3,2025.2.3,Win32,60.24096386,5e5521580ee1b951df544c3c,6a030b8ba3607712b5d4bf26,,,,,,,,,,,,,,,,,,,,,,,,,,,,,,,,,,,,,,,,,,,,,,,,,,,,,,,,,,,,6,Celebrities_Faces/006_01_greyscale_250.png,,,,,,,,,,,,,,,,,,,,,,,,,,,,,,,,,,,,,2.085990283,1300.3403,1302.4218,,,,,,,,TRUE,,FALSE,,,,,,,,,,,,1302.4236,1303.3208,q,0.7095,,152,135,3,1,1,familiar,,,FALSE,1303.3209,1303.321,1303.321,1303.321,,151,0,151,0,1,,,,
,,,,,6a180ae7c88be4ba957f1682,2026-05-28_10h30.22.383,WP1_3,2025.2.3,Win32,60.24096386,5e5521580ee1b951df544c3c,6a030b8ba3607712b5d4bf26,,,,,,,,,,,,,,,,,,,,,,,,,,,,,,,,,,,,,,,,,,,,,,,,,,,,,,,,,,,,46,Celebrities_Faces/046_01_greyscale_250.png,,,,,,,,,,,,,,,,,,,,,,,,,,,,,,,,,,,,,1.720561564,1303.3214,1305.0373,,,,,,,,TRUE,,FALSE,,,,,,,,,,,,1305.0382,1306.1049,q,0.9162,,153,150,3,1,1,familiar,,,FALSE,1306.1052,1306.1054,1306.1055,1306.1057,,152,0,152,0,1,,,,
,,,,,6a180ae7c88be4ba957f1682,2026-05-28_10h30.22.383,WP1_3,2025.2.3,Win32,60.24096386,5e5521580ee1b951df544c3c,6a030b8ba3607712b5d4bf26,,,,,,,,,,,,,,,,,,,,,,,,,,,,,,,,,,,,,,,,,,,,,,,,,,,,,,,,,,,,28,Celebrities_Faces/028_01_greyscale_250.png,,,,,,,,,,,,,,,,,,,,,,,,,,,,,,,,,,,,,1.733761172,1306.1064,1307.8377,,,,,,,,TRUE,,FALSE,,,,,,,,,,,,1307.8394,1308.8972,q,0.87,,154,121,3,1,1,familiar,,,FALSE,1308.8974,1308.8974,1308.8974,1308.8976,,153,0,153,0,1,,,,
,,,,,6a180ae7c88be4ba957f1682,2026-05-28_10h30.22.383,WP1_3,2025.2.3,Win32,60.24096386,5e5521580ee1b951df544c3c,6a030b8ba3607712b5d4bf26,,,,,,,,,,,,,,,,,,,,,,,,,,,,,,,,,,,,,,,,,,,,,,,,,,,,,,,,,,,,1,Celebrities_Faces/001_03_greyscale_250.png,,,,,,,,,,,,,,,,,,,,,,,,,,,,,,,,,,,,,2.46988655,1308.898,1311.3709,,,,,,,,TRUE,,FALSE,,,,,,,,,,,,1311.3732,1312.2206,q,0.664,,155,134,3,1,3,familiar,,,FALSE,1312.2209,1312.2211,1312.2211,1312.2213,,154,0,154,0,1,,,,
,,,,,6a180ae7c88be4ba957f1682,2026-05-28_10h30.22.383,WP1_3,2025.2.3,Win32,60.24096386,5e5521580ee1b951df544c3c,6a030b8ba3607712b5d4bf26,,,,,,,,,,,,,,,,,,,,,,,,,,,,,,,,,,,,,,,,,,,,,,,,,,,,,,,,,,,,88,stim_fam/088_rgray_250.png,,,,,,,,,,,,,,,,,,,,,,,,,,,,,,,,,,,,,1.529255236,1312.2222,1313.7533,,,,,,,,FALSE,,TRUE,,,,,,,,,,,,1313.7552,1314.8695,p,0.9617,,156,178,3,1,250,novel,,,FALSE,1314.8698,1315.8693,1315.8694,1315.8694,,155,0,155,0,1,,,,
,,,,,6a180ae7c88be4ba957f1682,2026-05-28_10h30.22.383,WP1_3,2025.2.3,Win32,60.24096386,5e5521580ee1b951df544c3c,6a030b8ba3607712b5d4bf26,,,,,,,,,,,,,,,,,,,,,,,,,,,,,,,,,,,,,,,,,,,,,,,,,,,,,,,,,,,,5,Celebrities_Faces/005_01_greyscale_250.png,,,,,,,,,,,,,,,,,,,,,,,,,,,,,,,,,,,,,1.701244673,1315.8697,1317.5691,,,,,,,,TRUE,,FALSE,,,,,,,,,,,,1317.5699,1318.4861,q,0.7624,,157,136,3,1,1,familiar,,,FALSE,1318.4864,1318.4866,1318.4867,1318.4869,,156,0,156,0,1,,,,
,,,,,6a180ae7c88be4ba957f1682,2026-05-28_10h30.22.383,WP1_3,2025.2.3,Win32,60.24096386,5e5521580ee1b951df544c3c,6a030b8ba3607712b5d4bf26,,,,,,,,,,,,,,,,,,,,,,,,,,,,,,,,,,,,,,,,,,,,,,,,,,,,,,,,,,,,38,Celebrities_Faces/038_01_greyscale_250.png,,,,,,,,,,,,,,,,,,,,,,,,,,,,,,,,,,,,,1.783262713,1318.4877,1320.2687,,,,,,,,TRUE,,TRUE,,,,,,,,,,,,1320.2695,1321.3855,,,,158,132,3,1,1,familiar,,,FALSE,1321.3859,1322.3847,1322.3848,1322.3848,,157,0,157,0,1,,,,
,,,,,6a180ae7c88be4ba957f1682,2026-05-28_10h30.22.383,WP1_3,2025.2.3,Win32,60.24096386,5e5521580ee1b951df544c3c,6a030b8ba3607712b5d4bf26,,,,,,,,,,,,,,,,,,,,,,,,,,,,,,,,,,,,,,,,,,,,,,,,,,,,,,,,,,,,29,Celebrities_Faces/029_01_greyscale_250.png,,,,,,,,,,,,,,,,,,,,,,,,,,,,,,,,,,,,,2.223750552,1322.3851,1324.6018,,,,,,,,TRUE,,FALSE,,,,,,,,,,,,1324.6036,1325.5691,p,0.745,,159,142,3,1,1,familiar,,,FALSE,1325.5696,1325.5698,1325.5698,1325.5702,,158,0,158,0,1,,,,
,,,,,6a180ae7c88be4ba957f1682,2026-05-28_10h30.22.383,WP1_3,2025.2.3,Win32,60.24096386,5e5521580ee1b951df544c3c,6a030b8ba3607712b5d4bf26,,,,,,,,,,,,,,,,,,,,,,,,,,,,,,,,,,,,,,,,,,,,,,,,,,,,,,,,,,,,15,Celebrities_Faces/015_03_greyscale_250.png,,,,,,,,,,,,,,,,,,,,,,,,,,,,,,,,,,,,,2.328349178,1325.5708,1327.901,,,,,,,,TRUE,,FALSE,,,,,,,,,,,,1327.9017,1328.7016,q,0.6485,,160,130,3,1,3,familiar,,,FALSE,1328.702,1328.7023,1328.7023,1328.7025,,159,0,159,0,1,,,,
,,,,,6a180ae7c88be4ba957f1682,2026-05-28_10h30.22.383,WP1_3,2025.2.3,Win32,60.24096386,5e5521580ee1b951df544c3c,6a030b8ba3607712b5d4bf26,,,,,,,,,,,,,,,,,,,,,,,,,,,,,,,,,,,,,,,,,,,,,,,,,,,,,,,,,,,,23,stim_fam/023_rgray_250.png,,,,,,,,,,,,,,,,,,,,,,,,,,,,,,,,,,,,,1.806903848,1328.7031,1330.5009,,,,,,,,FALSE,,FALSE,,,,,,,,,,,,1330.5025,1331.4182,p,0.7653,,161,179,3,1,250,novel,,,FALSE,1331.4186,1331.4188,1331.4188,1331.419,,160,0,160,0,1,,,,
,,,,,6a180ae7c88be4ba957f1682,2026-05-28_10h30.22.383,WP1_3,2025.2.3,Win32,60.24096386,5e5521580ee1b951df544c3c,6a030b8ba3607712b5d4bf26,,,,,,,,,,,,,,,,,,,,,,,,,,,,,,,,,,,,,,,,,,,,,,,,,,,,,,,,,,,,35,stim_fam/035_rgray_250.png,,,,,,,,,,,,,,,,,,,,,,,,,,,,,,,,,,,,,1.877703777,1331.4199,1333.3012,,,,,,,,FALSE,,FALSE,,,,,,,,,,,,1333.303,1334.2785,p,0.8016,,162,161,3,1,250,novel,,,FALSE,1334.2789,1334.2791,1334.2792,1334.2794,,161,0,161,0,1,,,,
,,,,,6a180ae7c88be4ba957f1682,2026-05-28_10h30.22.383,WP1_3,2025.2.3,Win32,60.24096386,5e5521580ee1b951df544c3c,6a030b8ba3607712b5d4bf26,,,,,,,,,,,,,,,,,,,,,,,,,,,,,,,,,,,,,,,,,,,,,,,,,,,,,,,,,,,,39,Celebrities_Faces/039_02_greyscale_250.png,,,,,,,,,,,,,,,,,,,,,,,,,,,,,,,,,,,,,2.416706326,1334.2801,1336.6883,,,,,,,,TRUE,,FALSE,,,,,,,,,,,,1336.69,1337.567,p,0.7133,,163,146,3,1,2,familiar,,,FALSE,1337.5673,1337.5675,1337.5676,1337.5678,,162,0,162,0,1,,,,
,,,,,6a180ae7c88be4ba957f1682,2026-05-28_10h30.22.383,WP1_3,2025.2.3,Win32,60.24096386,5e5521580ee1b951df544c3c,6a030b8ba3607712b5d4bf26,,,,,,,,,,,,,,,,,,,,,,,,,,,,,,,,,,,,,,,,,,,,,,,,,,,,,,,,,,,,83,stim_fam/083_rgray_250.png,,,,,,,,,,,,,,,,,,,,,,,,,,,,,,,,,,,,,2.238663221,1337.5686,1339.7999,,,,,,,,FALSE,,FALSE,,,,,,,,,,,,1339.8018,1340.7832,p,0.8129,,164,157,3,1,250,novel,,,FALSE,1340.7836,1340.7839,1340.7839,1340.7842,,163,0,163,0,1,,,,
,,,,,6a180ae7c88be4ba957f1682,2026-05-28_10h30.22.383,WP1_3,2025.2.3,Win32,60.24096386,5e5521580ee1b951df544c3c,6a030b8ba3607712b5d4bf26,,,,,,,,,,,,,,,,,,,,,,,,,,,,,,,,,,,,,,,,,,,,,,,,,,,,,,,,,,,,71,stim_fam/071_rgray_250.png,,,,,,,,,,,,,,,,,,,,,,,,,,,,,,,,,,,,,1.595203667,1340.7848,1342.3825,,,,,,,,FALSE,,FALSE,,,,,,,,,,,,1342.3832,1343.3825,p,0.8192,,165,156,3,1,250,novel,,,FALSE,1343.383,1343.3832,1343.3833,1343.3834,,164,0,164,0,1,,,,
,,,,,6a180ae7c88be4ba957f1682,2026-05-28_10h30.22.383,WP1_3,2025.2.3,Win32,60.24096386,5e5521580ee1b951df544c3c,6a030b8ba3607712b5d4bf26,,,,,,,,,,,,,,,,,,,,,,,,,,,,,,,,,,,,,,,,,,,,,,,,,,,,,,,,,,,,34,Celebrities_Faces/034_01_greyscale_250.png,,,,,,,,,,,,,,,,,,,,,,,,,,,,,,,,,,,,,1.996158024,1343.3842,1345.383,,,,,,,,TRUE,,TRUE,,,,,,,,,,,,1345.3849,1346.4994,,,,166,148,3,1,1,familiar,,,FALSE,1346.4999,1347.499,1347.4991,1347.4994,,165,0,165,0,1,,,,
,,,,,6a180ae7c88be4ba957f1682,2026-05-28_10h30.22.383,WP1_3,2025.2.3,Win32,60.24096386,5e5521580ee1b951df544c3c,6a030b8ba3607712b5d4bf26,,,,,,,,,,,,,,,,,,,,,,,,,,,,,,,,,,,,,,,,,,,,,,,,,,,,,,,,,,,,26,Celebrities_Faces/026_03_greyscale_250.png,,,,,,,,,,,,,,,,,,,,,,,,,,,,,,,,,,,,,1.762060425,1347.5005,1349.2655,,,,,,,,TRUE,,FALSE,,,,,,,,,,,,1349.2681,1350.2093,q,0.7862,,167,147,3,1,3,familiar,,,FALSE,1350.2095,1350.2097,1350.2097,1350.21,,166,0,166,0,1,,,,
,,,,,6a180ae7c88be4ba957f1682,2026-05-28_10h30.22.383,WP1_3,2025.2.3,Win32,60.24096386,5e5521580ee1b951df544c3c,6a030b8ba3607712b5d4bf26,,,,,,,,,,,,,,,,,,,,,,,,,,,,,,,,,,,,,,,,,,,,,,,,,,,,,,,,,,,,20,Celebrities_Faces/020_02_greyscale_250.png,,,,,,,,,,,,,,,,,,,,,,,,,,,,,,,,,,,,,2.107325096,1350.2106,1352.3153,,,,,,,,TRUE,,FALSE,,,,,,,,,,,,1352.3172,1353.3641,p,0.8827,,168,144,3,1,2,familiar,,,FALSE,1353.3642,1353.3644,1353.3645,1353.3645,,167,0,167,0,1,,,,
,,,,,6a180ae7c88be4ba957f1682,2026-05-28_10h30.22.383,WP1_3,2025.2.3,Win32,60.24096386,5e5521580ee1b951df544c3c,6a030b8ba3607712b5d4bf26,,,,,,,,,,,,,,,,,,,,,,,,,,,,,,,,,,,,,,,,,,,,,,,,,,,,,,,,,,,,46,stim_fam/046_rgray_250.png,,,,,,,,,,,,,,,,,,,,,,,,,,,,,,,,,,,,,2.436723434,1353.3649,1355.7975,,,,,,,,FALSE,,FALSE,,,,,,,,,,,,1355.7983,1356.7482,p,0.7829,,169,162,3,1,250,novel,,,FALSE,1356.7487,1356.7488,1356.7489,1356.7491,,168,0,168,0,1,,,,
,,,,,6a180ae7c88be4ba957f1682,2026-05-28_10h30.22.383,WP1_3,2025.2.3,Win32,60.24096386,5e5521580ee1b951df544c3c,6a030b8ba3607712b5d4bf26,,,,,,,,,,,,,,,,,,,,,,,,,,,,,,,,,,,,,,,,,,,,,,,,,,,,,,,,,,,,57,Celebrities_Faces/057_01_greyscale_250.png,,,,,,,,,,,,,,,,,,,,,,,,,,,,,,,,,,,,,1.552842412,1356.75,1358.298,,,,,,,,TRUE,,TRUE,,,,,,,,,,,,1358.2996,1359.4143,,,,170,145,3,1,1,familiar,,,FALSE,1359.4148,1360.4145,1360.4146,1360.4149,,169,0,169,0,1,,,,
,,,,,6a180ae7c88be4ba957f1682,2026-05-28_10h30.22.383,WP1_3,2025.2.3,Win32,60.24096386,5e5521580ee1b951df544c3c,6a030b8ba3607712b5d4bf26,,,,,,,,,,,,,,,,,,,,,,,,,,,,,,,,,,,,,,,,,,,,,,,,,,,,,,,,,,,,33,Celebrities_Faces/033_02_greyscale_250.png,,,,,,,,,,,,,,,,,,,,,,,,,,,,,,,,,,,,,1.901281042,1360.4158,1362.3142,,,,,,,,TRUE,,TRUE,,,,,,,,,,,,1362.3164,1363.4297,q,0.9495,,171,138,3,1,2,familiar,,,FALSE,1363.4303,1364.4306,1364.4308,1364.4309,,170,0,170,0,1,,,,
,,,,,6a180ae7c88be4ba957f1682,2026-05-28_10h30.22.383,WP1_3,2025.2.3,Win32,60.24096386,5e5521580ee1b951df544c3c,6a030b8ba3607712b5d4bf26,,,,,,,,,,,,,,,,,,,,,,,,,,,,,,,,,,,,,,,,,,,,,,,,,,,,,,,,,,,,10,Celebrities_Faces/010_01_greyscale_250.png,,,,,,,,,,,,,,,,,,,,,,,,,,,,,,,,,,,,,1.96831392,1364.4319,1366.397,,,,,,,,TRUE,,FALSE,,,,,,,,,,,,1366.3993,1367.2242,q,0.6656,,172,143,3,1,1,familiar,,,FALSE,1367.2245,1367.2247,1367.2247,1367.225,,171,0,171,0,1,,,,
,,,,,6a180ae7c88be4ba957f1682,2026-05-28_10h30.22.383,WP1_3,2025.2.3,Win32,60.24096386,5e5521580ee1b951df544c3c,6a030b8ba3607712b5d4bf26,,,,,,,,,,,,,,,,,,,,,,,,,,,,,,,,,,,,,,,,,,,,,,,,,,,,,,,,,,,,56,stim_fam/056_rgray_250.png,,,,,,,,,,,,,,,,,,,,,,,,,,,,,,,,,,,,,2.332340857,1367.2256,1369.5463,,,,,,,,FALSE,,FALSE,,,,,,,,,,,,1369.5481,1370.5402,p,0.8144,,173,166,3,1,250,novel,,,FALSE,1370.5405,1370.5407,1370.5408,1370.541,,172,0,172,0,1,,,,
,,,,,6a180ae7c88be4ba957f1682,2026-05-28_10h30.22.383,WP1_3,2025.2.3,Win32,60.24096386,5e5521580ee1b951df544c3c,6a030b8ba3607712b5d4bf26,,,,,,,,,,,,,,,,,,,,,,,,,,,,,,,,,,,,,,,,,,,,,,,,,,,,,,,,,,,,59,Celebrities_Faces/059_02_greyscale_250.png,,,,,,,,,,,,,,,,,,,,,,,,,,,,,,,,,,,,,2.232035561,1370.5417,1372.7628,,,,,,,,TRUE,,FALSE,,,,,,,,,,,,1372.7652,1373.596,q,0.652,,174,139,3,1,2,familiar,,,FALSE,1373.5964,1373.5966,1373.5966,1373.5968,,173,0,173,0,1,,,,
,,,,,6a180ae7c88be4ba957f1682,2026-05-28_10h30.22.383,WP1_3,2025.2.3,Win32,60.24096386,5e5521580ee1b951df544c3c,6a030b8ba3607712b5d4bf26,,,,,,,,,,,,,,,,,,,,,,,,,,,,,,,,,,,,,,,,,,,,,,,,,,,,,,,,,,,,27,Celebrities_Faces/027_01_greyscale_250.png,,,,,,,,,,,,,,,,,,,,,,,,,,,,,,,,,,,,,1.725643533,1373.5973,1375.3125,,,,,,,,TRUE,,FALSE,,,,,,,,,,,,1375.3146,1376.1318,q,0.624,,175,128,3,1,1,familiar,,,FALSE,1376.1322,1376.1323,1376.1323,1376.1325,,174,0,174,0,1,,,,
,,,,,6a180ae7c88be4ba957f1682,2026-05-28_10h30.22.383,WP1_3,2025.2.3,Win32,60.24096386,5e5521580ee1b951df544c3c,6a030b8ba3607712b5d4bf26,,,,,,,,,,,,,,,,,,,,,,,,,,,,,,,,,,,,,,,,,,,,,,,,,,,,,,,,,,,,13,stim_fam/013_rgray_250.png,,,,,,,,,,,,,,,,,,,,,,,,,,,,,,,,,,,,,2.479450166,1376.1331,1378.6119,,,,,,,,FALSE,,FALSE,,,,,,,,,,,,1378.6134,1379.6709,q,0.9139,,176,168,3,1,250,novel,,,FALSE,1379.6712,1379.6713,1379.6713,1379.6715,,175,0,175,0,1,,,,
,,,,,6a180ae7c88be4ba957f1682,2026-05-28_10h30.22.383,WP1_3,2025.2.3,Win32,60.24096386,5e5521580ee1b951df544c3c,6a030b8ba3607712b5d4bf26,,,,,,,,,,,,,,,,,,,,,,,,,,,,,,,,,,,,,,,,,,,,,,,,,,,,,,,,,,,,48,stim_fam/048_rgray_250.png,,,,,,,,,,,,,,,,,,,,,,,,,,,,,,,,,,,,,2.053275964,1379.6719,1381.7283,,,,,,,,FALSE,,TRUE,,,,,,,,,,,,1381.7307,1382.8447,,,,177,163,3,1,250,novel,,,FALSE,1382.8453,1383.8444,1383.8446,1383.8448,,176,0,176,0,1,,,,
,,,,,6a180ae7c88be4ba957f1682,2026-05-28_10h30.22.383,WP1_3,2025.2.3,Win32,60.24096386,5e5521580ee1b951df544c3c,6a030b8ba3607712b5d4bf26,,,,,,,,,,,,,,,,,,,,,,,,,,,,,,,,,,,,,,,,,,,,,,,,,,,,,,,,,,,,29,stim_fam/029_rgray_250.png,,,,,,,,,,,,,,,,,,,,,,,,,,,,,,,,,,,,,1.878347403,1383.8455,1385.7274,,,,,,,,FALSE,,FALSE,,,,,,,,,,,,1385.7291,1386.7444,p,0.8185,,178,152,3,1,250,novel,,,FALSE,1386.7447,1386.745,1386.7451,1386.7453,,177,0,177,0,1,,,,
,,,,,6a180ae7c88be4ba957f1682,2026-05-28_10h30.22.383,WP1_3,2025.2.3,Win32,60.24096386,5e5521580ee1b951df544c3c,6a030b8ba3607712b5d4bf26,,,,,,,,,,,,,,,,,,,,,,,,,,,,,,,,,,,,,,,,,,,,,,,,,,,,,,,,,,,,31,Celebrities_Faces/031_01_greyscale_250.png,,,,,,,,,,,,,,,,,,,,,,,,,,,,,,,,,,,,,1.60595968,1386.7461,1388.3441,,,,,,,,TRUE,,TRUE,,,,,,,,,,,,1388.3463,1389.4608,,,,179,149,3,1,1,familiar,,,FALSE,1389.4613,1390.4603,1390.4604,1390.4606,,178,0,178,0,1,,,,
,,,,,6a180ae7c88be4ba957f1682,2026-05-28_10h30.22.383,WP1_3,2025.2.3,Win32,60.24096386,5e5521580ee1b951df544c3c,6a030b8ba3607712b5d4bf26,,,,,,,,,,,,,,,,,,,,,,,,,,,,,,,,,,,,,,,,,,,,,,,,,,,,,,,,,,,,45,Celebrities_Faces/045_01_greyscale_250.png,,,,,,,,,,,,,,,,,,,,,,,,,,,,,,,,,,,,,1.645745506,1390.4616,1392.1098,,,,,,,,TRUE,,FALSE,,,,,,,,,,,,1392.1121,1393.026,q,0.7417,,180,131,3,1,1,familiar,,,FALSE,1393.0261,1393.0262,1393.0262,1393.0263,,179,0,179,0,1,,,,
,,,,,6a180ae7c88be4ba957f1682,2026-05-28_10h30.22.383,WP1_3,2025.2.3,Win32,60.24096386,5e5521580ee1b951df544c3c,6a030b8ba3607712b5d4bf26,,,,,,,,,,,,,,,,,,,,,,,,,,,,,,,,,,,,,,,,,,,,,,,,,,,,,,,,,,,,,,,,,,,,,,,,,,,,,,,,,,,,,,,,,,,,,,,,,,,,,,,,,,,,,,,,,,,,,,,,,,,,,,,,,,,,,,,,,,,,,,,,,,,,1393.0267,1398.0255
