Study_information_1.started,Study_information_1.stopped,key_resp.keys,key_resp.rt,key_resp.duration,session,date,expName,psychopyVersion,OS,frameRate,participant,study_id,Study_information_2.started,Study_information_2.stopped,key_resp_2.keys,key_resp_2.rt,key_resp_2.duration,Study_information_3.started,Study_information_3.stopped,key_resp_3.keys,key_resp_3.rt,key_resp_3.duration,Consent.started,Consent.stopped,key_resp_5.keys,key_resp_5.rt,key_resp_5.duration,Instruction_1.started,Instruction_1.stopped,space_cont.keys,space_cont.rt,space_cont.duration,Instruction_2.started,Instruction_2.stopped,space_cont_2.keys,space_cont_2.rt,space_cont_2.duration,Instruction_3.started,Instruction_3.stopped,space_cont_3.keys,space_cont_3.rt,space_cont_3.duration,Instruction_4.started,Instruction_4.stopped,space_cont_4.keys,space_cont_4.rt,space_cont_4.duration,Instruction_5.started,Instruction_5.stopped,space_cont_5.keys,space_cont_5.rt,space_cont_5.duration,Familiarity_Rating.started,Familiarity_Rating.stopped,familiarity_scale.response,familiarity_scale.rt,key_resp_familiarity.keys,familiarity_rating,Valence_Rating.started,Valence_Rating.stopped,valence_scale.response,valence_scale.rt,key_resp_valence.keys,key_resp_valence.rt,key_resp_valence.duration,valence_rating,Name_Selection.started,Name_Selection.stopped,key_resp_naming.keys,key_resp_naming.rt,key_resp_naming.duration,identity_no,image_file,correct_name,selected_name_option,selected_name,correct_name_option,name_correct,qualifies_for_part2,qualified_count_so_far,trials_rating.thisRepN,trials_rating.thisTrialN,trials_rating.thisN,trials_rating.thisIndex,trials_rating.ran,Identity_no,Image,Option1,Option2,Option3,Option4,CorrectName,selection_method,num_selected_identities,qualified_identity_nos,break_1.started,break_1.stopped,Load_Recognition_Trials.started,Load_Recognition_Trials.stopped,Instruction_recog_1.started,Instruction_recog_1.stopped,space_cont_6.keys,space_cont_6.rt,space_cont_6.duration,Instruction_recog_2.started,Instruction_recog_2.stopped,space_cont_7.keys,space_cont_7.rt,space_cont_7.duration,fixation_duration,fix_cross.started,fix_cross.stopped,Practice_Recognition_Trial.started,Practice_Recognition_Trial.stopped,key_resp_practice.keys,key_resp_practice.rt,key_resp_practice.duration,is_practice,practice_trial_number,is_familiar,participant_response,too_slow,response_time,practice_trials.thisRepN,practice_trials.thisTrialN,practice_trials.thisN,practice_trials.thisIndex,practice_trials.ran,Instruction_recog.started,Instruction_recog.stopped,space_cont_8.keys,space_cont_8.rt,space_cont_8.duration,Recognition_trials.started,Recognition_trials.stopped,key_resp_recognition.keys,key_resp_recognition.rt,key_resp_recognition.duration,recognition_trial_number,original_trial_number,block,trial_in_block,orientation,identity_type,response_familiar,correct,valid_response,Too_slow.started,Too_slow.stopped,break_recog.started,break_recog.stopped,key_resp_6.keys,trials.thisRepN,trials.thisTrialN,trials.thisN,trials.thisIndex,trials.ran,key_resp_6.rt,key_resp_6.duration,End_experiment.started,End_experiment.stopped
0.0002,18.5918,space,18.5762,,6a180ae96bcc768c0babf598,2026-05-28_10h31.47.621,WP1_3,2025.2.3,Win32,147.0588235,661403131cecbe255b64ca6f,6a030b8ba3607712b5d4bf26,,,,,,,,,,,,,,,,,,,,,,,,,,,,,,,,,,,,,,,,,,,,,,,,,,,,,,,,,,,,,,,,,,,,,,,,,,,,,,,,,,,,,,,,,,,,,,,,,,,,,,,,,,,,,,,,,,,,,,,,,,,,,,,,,,,,,,,,,,,,,,,,,,,,,
,,,,,6a180ae96bcc768c0babf598,2026-05-28_10h31.47.621,WP1_3,2025.2.3,Win32,147.0588235,661403131cecbe255b64ca6f,6a030b8ba3607712b5d4bf26,18.5922,25.1997,space,6.5798,,,,,,,,,,,,,,,,,,,,,,,,,,,,,,,,,,,,,,,,,,,,,,,,,,,,,,,,,,,,,,,,,,,,,,,,,,,,,,,,,,,,,,,,,,,,,,,,,,,,,,,,,,,,,,,,,,,,,,,,,,,,,,,,,,,,,,,,,,,,,,,,,
,,,,,6a180ae96bcc768c0babf598,2026-05-28_10h31.47.621,WP1_3,2025.2.3,Win32,147.0588235,661403131cecbe255b64ca6f,6a030b8ba3607712b5d4bf26,,,,,,25.2,36.1644,space,10.9279,,,,,,,,,,,,,,,,,,,,,,,,,,,,,,,,,,,,,,,,,,,,,,,,,,,,,,,,,,,,,,,,,,,,,,,,,,,,,,,,,,,,,,,,,,,,,,,,,,,,,,,,,,,,,,,,,,,,,,,,,,,,,,,,,,,,,,,,,,,,
,,,,,6a180ae96bcc768c0babf598,2026-05-28_10h31.47.621,WP1_3,2025.2.3,Win32,147.0588235,661403131cecbe255b64ca6f,6a030b8ba3607712b5d4bf26,,,,,,,,,,,36.1646,41.1436,space,4.9392,,,,,,,,,,,,,,,,,,,,,,,,,,,,,,,,,,,,,,,,,,,,,,,,,,,,,,,,,,,,,,,,,,,,,,,,,,,,,,,,,,,,,,,,,,,,,,,,,,,,,,,,,,,,,,,,,,,,,,,,,,,,,,,,,,,,,,,
,,,,,6a180ae96bcc768c0babf598,2026-05-28_10h31.47.621,WP1_3,2025.2.3,Win32,147.0588235,661403131cecbe255b64ca6f,6a030b8ba3607712b5d4bf26,,,,,,,,,,,,,,,,41.144,50.3933,space,9.2034,,,,,,,,,,,,,,,,,,,,,,,,,,,,,,,,,,,,,,,,,,,,,,,,,,,,,,,,,,,,,,,,,,,,,,,,,,,,,,,,,,,,,,,,,,,,,,,,,,,,,,,,,,,,,,,,,,,,,,,,,,,,,,,,,,
,,,,,6a180ae96bcc768c0babf598,2026-05-28_10h31.47.621,WP1_3,2025.2.3,Win32,147.0588235,661403131cecbe255b64ca6f,6a030b8ba3607712b5d4bf26,,,,,,,,,,,,,,,,,,,,,50.3936,61.2751,space,10.8512,,,,,,,,,,,,,,,,,,,,,,,,,,,,,,,,,,,,,,,,,,,,,,,,,,,,,,,,,,,,,,,,,,,,,,,,,,,,,,,,,,,,,,,,,,,,,,,,,,,,,,,,,,,,,,,,,,,,,,,,,,,,,
,,,,,6a180ae96bcc768c0babf598,2026-05-28_10h31.47.621,WP1_3,2025.2.3,Win32,147.0588235,661403131cecbe255b64ca6f,6a030b8ba3607712b5d4bf26,,,,,,,,,,,,,,,,,,,,,,,,,,61.2755,67.3515,space,6.0558,,,,,,,,,,,,,,,,,,,,,,,,,,,,,,,,,,,,,,,,,,,,,,,,,,,,,,,,,,,,,,,,,,,,,,,,,,,,,,,,,,,,,,,,,,,,,,,,,,,,,,,,,,,,,,,,,,,,,,,,
,,,,,6a180ae96bcc768c0babf598,2026-05-28_10h31.47.621,WP1_3,2025.2.3,Win32,147.0588235,661403131cecbe255b64ca6f,6a030b8ba3607712b5d4bf26,,,,,,,,,,,,,,,,,,,,,,,,,,,,,,,67.3521,73.0709,space,5.7027,,,,,,,,,,,,,,,,,,,,,,,,,,,,,,,,,,,,,,,,,,,,,,,,,,,,,,,,,,,,,,,,,,,,,,,,,,,,,,,,,,,,,,,,,,,,,,,,,,,,,,,,,,,,,,,,,,,
,,,,,6a180ae96bcc768c0babf598,2026-05-28_10h31.47.621,WP1_3,2025.2.3,Win32,147.0588235,661403131cecbe255b64ca6f,6a030b8ba3607712b5d4bf26,,,,,,,,,,,,,,,,,,,,,,,,,,,,,,,,,,,,73.0715,82.9274,space,9.8417,,,,,,,,,,,,,,,,,,,,,,,,,,,,,,,,,,,,,,,,,,,,,,,,,,,,,,,,,,,,,,,,,,,,,,,,,,,,,,,,,,,,,,,,,,,,,,,,,,,,,,,,,,,,,,
,,,,,6a180ae96bcc768c0babf598,2026-05-28_10h31.47.621,WP1_3,2025.2.3,Win32,147.0588235,661403131cecbe255b64ca6f,6a030b8ba3607712b5d4bf26,,,,,,,,,,,,,,,,,,,,,,,,,,,,,,,,,,,,,,,,,82.9393,88.4698,,,,10,88.4712,91.6647,,,"[""right"",""space""]","[1.715300000011922,2.9223999999761645]","[null,null]",6,91.6663,94.497,space,2.6217,,10,Celebrities_Faces/010_rating.jpg,Bruce Willis,0,Bruce Willis,0,TRUE,TRUE,1,0,0,0,9,1,10,Celebrities_Faces/010_rating.jpg,Bruce Willis,Arnold Schwarzeneger,George Clooney,Robert De Niro,Bruce Willis,,,,,,,,,,,,,,,,,,,,,,,,,,,,,,,,,,,,,,,,,,,,,,,,,,,,,,,,,,,,,,,,,,,,,
,,,,,6a180ae96bcc768c0babf598,2026-05-28_10h31.47.621,WP1_3,2025.2.3,Win32,147.0588235,661403131cecbe255b64ca6f,6a030b8ba3607712b5d4bf26,,,,,,,,,,,,,,,,,,,,,,,,,,,,,,,,,,,,,,,,,94.4998,101.4384,,,,8,101.4397,104.4243,,,"[""right"",""left"",""space""]","[1.8763999999761722,2.1841000000238466,2.8213000000119166]","[null,null,null]",5,104.4303,107.4013,space,2.4859,,3,Celebrities_Faces/003_rating.jpg,Roger Federer,2,Roger Federer,2,TRUE,TRUE,2,0,1,1,2,1,3,Celebrities_Faces/003_rating.jpg,Dwayne Johnson,Keanu Reeves,Roger Federer,Ben Affleck,Roger Federer,,,,,,,,,,,,,,,,,,,,,,,,,,,,,,,,,,,,,,,,,,,,,,,,,,,,,,,,,,,,,,,,,,,,,
,,,,,6a180ae96bcc768c0babf598,2026-05-28_10h31.47.621,WP1_3,2025.2.3,Win32,147.0588235,661403131cecbe255b64ca6f,6a030b8ba3607712b5d4bf26,,,,,,,,,,,,,,,,,,,,,,,,,,,,,,,,,,,,,,,,,107.4033,112.4607,,,,7,112.4618,117.1485,,,"[""right"",""right"",""right"",""right"",""space""]","[1.1910999999642513,1.4908999999761647,1.8080999999642415,3.312399999976151,4.521599999964252]","[null,null,null,null,null]",9,117.1522,119.311,space,1.9964,,33,Celebrities_Faces/033_rating.jpg,Simone Biles,1,Simone Biles,1,TRUE,TRUE,3,0,2,2,32,1,33,Celebrities_Faces/033_rating.jpg,Greta Thunberg,Simone Biles,Lindsay Lohan,Anya Taylor-Joy,Simone Biles,,,,,,,,,,,,,,,,,,,,,,,,,,,,,,,,,,,,,,,,,,,,,,,,,,,,,,,,,,,,,,,,,,,,,
,,,,,6a180ae96bcc768c0babf598,2026-05-28_10h31.47.621,WP1_3,2025.2.3,Win32,147.0588235,661403131cecbe255b64ca6f,6a030b8ba3607712b5d4bf26,,,,,,,,,,,,,,,,,,,,,,,,,,,,,,,,,,,,,,,,,119.3138,124.8892,,,,7,124.8905,127.8978,,,"[""right"",""space""]","[2.33660000002385,2.9763999999761666]","[null,null]",6,127.9004,130.9085,space,2.9815,,36,Celebrities_Faces/036_rating.jpg,Lady Gaga,3,Lady Gaga,3,TRUE,TRUE,4,0,3,3,35,1,36,Celebrities_Faces/036_rating.jpg,Serena Williams,Emma Stone,Julia Roberts,Lady Gaga,Lady Gaga,,,,,,,,,,,,,,,,,,,,,,,,,,,,,,,,,,,,,,,,,,,,,,,,,,,,,,,,,,,,,,,,,,,,,
,,,,,6a180ae96bcc768c0babf598,2026-05-28_10h31.47.621,WP1_3,2025.2.3,Win32,147.0588235,661403131cecbe255b64ca6f,6a030b8ba3607712b5d4bf26,,,,,,,,,,,,,,,,,,,,,,,,,,,,,,,,,,,,,,,,,130.9109,137.0714,,,,5,137.0737,139.9043,,,"[""right"",""left"",""space""]","[1.7663999999761586,2.096499999999992,2.7775000000000034]","[null,null,null]",5,139.9072,142.6013,space,2.6462,,16,Celebrities_Faces/016_rating.jpg,Ewan McGregor,0,Ewan McGregor,0,TRUE,FALSE,4,0,4,4,15,1,16,Celebrities_Faces/016_rating.jpg,Ewan McGregor,Robert De Niro,Lionel Messi,Leonardo Di Caprio,Ewan McGregor,,,,,,,,,,,,,,,,,,,,,,,,,,,,,,,,,,,,,,,,,,,,,,,,,,,,,,,,,,,,,,,,,,,,,
,,,,,6a180ae96bcc768c0babf598,2026-05-28_10h31.47.621,WP1_3,2025.2.3,Win32,147.0588235,661403131cecbe255b64ca6f,6a030b8ba3607712b5d4bf26,,,,,,,,,,,,,,,,,,,,,,,,,,,,,,,,,,,,,,,,,142.6022,145.2915,,,,10,145.2929,147.3471,,,"[""right"",""right"",""right"",""right"",""space""]","[0.49269999998807634,0.7493000000119423,1.0163000000119382,1.2985000000000184,2.0270999999642356]","[null,null,null,null,null]",9,147.3512,149.101,space,1.7102,,56,Celebrities_Faces/056_rating.jpg,Reese Witherspoon,0,Reese Witherspoon,0,TRUE,TRUE,5,0,5,5,55,1,56,Celebrities_Faces/056_rating.jpg,Reese Witherspoon,Sandra Bullock,Nicole Kidman,Halle Berry,Reese Witherspoon,,,,,,,,,,,,,,,,,,,,,,,,,,,,,,,,,,,,,,,,,,,,,,,,,,,,,,,,,,,,,,,,,,,,,
,,,,,6a180ae96bcc768c0babf598,2026-05-28_10h31.47.621,WP1_3,2025.2.3,Win32,147.0588235,661403131cecbe255b64ca6f,6a030b8ba3607712b5d4bf26,,,,,,,,,,,,,,,,,,,,,,,,,,,,,,,,,,,,,,,,,149.1019,151.9494,,,,8,151.951,153.488,,,"[""right"",""space""]","[0.8985000000000127,1.4889000000357555]","[null,null]",6,153.491,156.8316,space,3.2857,,15,Celebrities_Faces/015_rating.jpg,Harrison Ford,2,Harrison Ford,2,TRUE,TRUE,6,0,6,6,14,1,15,Celebrities_Faces/015_rating.jpg,Lionel Messi,Daniel Radcliffe,Harrison Ford,Brad Pitt,Harrison Ford,,,,,,,,,,,,,,,,,,,,,,,,,,,,,,,,,,,,,,,,,,,,,,,,,,,,,,,,,,,,,,,,,,,,,
,,,,,6a180ae96bcc768c0babf598,2026-05-28_10h31.47.621,WP1_3,2025.2.3,Win32,147.0588235,661403131cecbe255b64ca6f,6a030b8ba3607712b5d4bf26,,,,,,,,,,,,,,,,,,,,,,,,,,,,,,,,,,,,,,,,,156.8336,159.1609,,,,10,159.1624,161.4107,,,"[""left"",""left"",""space""]","[0.9214999999999804,1.220399999976138,2.1529999999999916]","[null,null,null]",3,161.4127,163.2537,space,1.7485,,1,Celebrities_Faces/001_rating.jpg,Leonardo Di Caprio,2,Leonardo Di Caprio,2,TRUE,TRUE,7,0,7,7,0,1,1,Celebrities_Faces/001_rating.jpg,Ben Affleck,Daniel Craig,Leonardo Di Caprio,Roger Federer,Leonardo Di Caprio,,,,,,,,,,,,,,,,,,,,,,,,,,,,,,,,,,,,,,,,,,,,,,,,,,,,,,,,,,,,,,,,,,,,,
,,,,,6a180ae96bcc768c0babf598,2026-05-28_10h31.47.621,WP1_3,2025.2.3,Win32,147.0588235,661403131cecbe255b64ca6f,6a030b8ba3607712b5d4bf26,,,,,,,,,,,,,,,,,,,,,,,,,,,,,,,,,,,,,,,,,163.2569,165.6415,,,,10,165.6423,168.0165,,,"[""right"",""right"",""right"",""right"",""space""]","[0.8764000000357441,1.119100000023849,1.3492000000476878,1.6123000000119134,2.2849999999999966]","[null,null,null,null,null]",9,168.0188,170.6626,space,2.5337,,12,Celebrities_Faces/012_rating.jpg,Daniel Radcliffe,3,Daniel Radcliffe,3,TRUE,TRUE,8,0,8,8,11,1,12,Celebrities_Faces/012_rating.jpg,Bruce Willis,Ryan Reynolds,Ewan McGregor,Daniel Radcliffe,Daniel Radcliffe,,,,,,,,,,,,,,,,,,,,,,,,,,,,,,,,,,,,,,,,,,,,,,,,,,,,,,,,,,,,,,,,,,,,,
,,,,,6a180ae96bcc768c0babf598,2026-05-28_10h31.47.621,WP1_3,2025.2.3,Win32,147.0588235,661403131cecbe255b64ca6f,6a030b8ba3607712b5d4bf26,,,,,,,,,,,,,,,,,,,,,,,,,,,,,,,,,,,,,,,,,170.6642,174.0522,,,,9,174.0534,176.4811,,,"[""right"",""right"",""space""]","[1.0093000000119048,1.6741000000238273,2.3073999999761554]","[null,null,null]",7,176.4833,178.7126,space,2.1103,,26,Celebrities_Faces/026_rating.jpg,George Clooney,2,George Clooney,2,TRUE,TRUE,9,0,9,9,25,1,26,Celebrities_Faces/026_rating.jpg,Robert De Niro,Ewan McGregor,George Clooney,Daniel Radcliffe,George Clooney,,,,,,,,,,,,,,,,,,,,,,,,,,,,,,,,,,,,,,,,,,,,,,,,,,,,,,,,,,,,,,,,,,,,,
,,,,,6a180ae96bcc768c0babf598,2026-05-28_10h31.47.621,WP1_3,2025.2.3,Win32,147.0588235,661403131cecbe255b64ca6f,6a030b8ba3607712b5d4bf26,,,,,,,,,,,,,,,,,,,,,,,,,,,,,,,,,,,,,,,,,178.7142,183.4282,,,,3,183.4301,186.8624,,,"[""right"",""left"",""space""]","[1.9180000000000064,2.253199999988084,3.315100000023847]","[null,null,null]",5,186.8654,190.4312,space,3.4717,,40,Celebrities_Faces/040_rating.jpg,Gal Gadot,0,Gal Gadot,0,TRUE,FALSE,9,0,10,10,39,1,40,Celebrities_Faces/040_rating.jpg,Gal Gadot,Maria Sharapova,Taylor Swift,Nicole Kidman,Gal Gadot,,,,,,,,,,,,,,,,,,,,,,,,,,,,,,,,,,,,,,,,,,,,,,,,,,,,,,,,,,,,,,,,,,,,,
,,,,,6a180ae96bcc768c0babf598,2026-05-28_10h31.47.621,WP1_3,2025.2.3,Win32,147.0588235,661403131cecbe255b64ca6f,6a030b8ba3607712b5d4bf26,,,,,,,,,,,,,,,,,,,,,,,,,,,,,,,,,,,,,,,,,190.4333,195.7611,,,,6,195.7632,202.854,,,"[""right"",""left"",""left"",""space""]","[0.8808999999761511,1.1680000000000064,5.039699999988073,7.032499999999999]","[null,null,null,null]",4,202.8579,206.6605,space,3.7297,,55,Celebrities_Faces/055_rating.jpg,Charlize Theron,3,Charlize Theron,3,TRUE,FALSE,9,0,11,11,54,1,55,Celebrities_Faces/055_rating.jpg,Natalie Portman,Margot Robbie,Angelina Jolie,Charlize Theron,Charlize Theron,,,,,,,,,,,,,,,,,,,,,,,,,,,,,,,,,,,,,,,,,,,,,,,,,,,,,,,,,,,,,,,,,,,,,
,,,,,6a180ae96bcc768c0babf598,2026-05-28_10h31.47.621,WP1_3,2025.2.3,Win32,147.0588235,661403131cecbe255b64ca6f,6a030b8ba3607712b5d4bf26,,,,,,,,,,,,,,,,,,,,,,,,,,,,,,,,,,,,,,,,,206.6622,209.5038,,,,9,209.5061,212.0885,,,"[""right"",""right"",""right"",""space""]","[1.0216999999880727,1.374600000023861,1.9085000000000036,2.472400000035748]","[null,null,null,null]",8,212.0908,214.9348,space,2.6583,,57,Celebrities_Faces/057_rating.jpg,Serena Williams,2,Serena Williams,2,TRUE,TRUE,10,0,12,12,56,1,57,Celebrities_Faces/057_rating.jpg,Olivia Rodrigo,Charlize Theron,Serena Williams,Greta Thunberg,Serena Williams,,,,,,,,,,,,,,,,,,,,,,,,,,,,,,,,,,,,,,,,,,,,,,,,,,,,,,,,,,,,,,,,,,,,,
,,,,,6a180ae96bcc768c0babf598,2026-05-28_10h31.47.621,WP1_3,2025.2.3,Win32,147.0588235,661403131cecbe255b64ca6f,6a030b8ba3607712b5d4bf26,,,,,,,,,,,,,,,,,,,,,,,,,,,,,,,,,,,,,,,,,214.9371,218.2983,,,,9,218.2997,220.1199,,,"[""right"",""space""]","[1.0073000000119237,1.7699000000357614]","[null,null]",6,220.122,221.7807,space,1.6314,,19,Celebrities_Faces/019_rating.jpg,Nicolas Cage,0,Nicolas Cage,0,TRUE,TRUE,11,0,13,13,18,1,19,Celebrities_Faces/019_rating.jpg,Nicolas Cage,George W.Bush,Cristiano Ronaldo,Bradley Cooper,Nicolas Cage,,,,,,,,,,,,,,,,,,,,,,,,,,,,,,,,,,,,,,,,,,,,,,,,,,,,,,,,,,,,,,,,,,,,,
,,,,,6a180ae96bcc768c0babf598,2026-05-28_10h31.47.621,WP1_3,2025.2.3,Win32,147.0588235,661403131cecbe255b64ca6f,6a030b8ba3607712b5d4bf26,,,,,,,,,,,,,,,,,,,,,,,,,,,,,,,,,,,,,,,,,221.7822,224.7809,,,,8,224.7833,227.2445,,,"[""right"",""right"",""space""]","[1.0338000000119223,1.4753000000119414,2.403800000011927]","[null,null,null]",7,227.2494,229.6068,space,2.3172,,39,Celebrities_Faces/039_rating.jpg,Scarlett Johansson,1,Scarlett Johansson,1,TRUE,TRUE,12,0,14,14,38,1,39,Celebrities_Faces/039_rating.jpg,Simone Biles,Scarlett Johansson,Gal Gadot,Hillary Clinton,Scarlett Johansson,,,,,,,,,,,,,,,,,,,,,,,,,,,,,,,,,,,,,,,,,,,,,,,,,,,,,,,,,,,,,,,,,,,,,
,,,,,6a180ae96bcc768c0babf598,2026-05-28_10h31.47.621,WP1_3,2025.2.3,Win32,147.0588235,661403131cecbe255b64ca6f,6a030b8ba3607712b5d4bf26,,,,,,,,,,,,,,,,,,,,,,,,,,,,,,,,,,,,,,,,,229.6091,232.2921,,,,9,232.2942,234.4424,,,"[""right"",""right"",""right"",""right"",""space""]","[0.5746000000238496,0.8501000000238719,1.2254000000357905,1.5242000000476992,2.0968000000119105]","[null,null,null,null,null]",9,234.4462,237.6042,space,3.1093,,23,Celebrities_Faces/023_rating.jpg,Ryan Gosling,2,Ryan Gosling,2,TRUE,TRUE,13,0,15,15,22,1,23,Celebrities_Faces/023_rating.jpg,Brad Pitt,Cristiano Ronaldo,Ryan Gosling,Tom Holland,Ryan Gosling,,,,,,,,,,,,,,,,,,,,,,,,,,,,,,,,,,,,,,,,,,,,,,,,,,,,,,,,,,,,,,,,,,,,,
,,,,,6a180ae96bcc768c0babf598,2026-05-28_10h31.47.621,WP1_3,2025.2.3,Win32,147.0588235,661403131cecbe255b64ca6f,6a030b8ba3607712b5d4bf26,,,,,,,,,,,,,,,,,,,,,,,,,,,,,,,,,,,,,,,,,237.6059,240.9307,,,,6,240.9313,242.9562,,,"[""right"",""left"",""space""]","[0.8079999999999927,1.0855000000000246,1.6018999999761832]","[null,null,null]",5,242.9602,245.9312,space,2.4873,,41,Celebrities_Faces/041_rating.jpg,Halle Berry,2,Halle Berry,2,TRUE,FALSE,13,0,16,16,40,1,41,Celebrities_Faces/041_rating.jpg,Lady Gaga,Greta Thunberg,Halle Berry,Serena Williams,Halle Berry,,,,,,,,,,,,,,,,,,,,,,,,,,,,,,,,,,,,,,,,,,,,,,,,,,,,,,,,,,,,,,,,,,,,,
,,,,,6a180ae96bcc768c0babf598,2026-05-28_10h31.47.621,WP1_3,2025.2.3,Win32,147.0588235,661403131cecbe255b64ca6f,6a030b8ba3607712b5d4bf26,,,,,,,,,,,,,,,,,,,,,,,,,,,,,,,,,,,,,,,,,245.9336,248.916,,,,3,248.9178,251.1306,,,"[""right"",""left"",""space""]","[0.6636000000238482,1.1746000000238155,2.0338000000119223]","[null,null,null]",5,251.1327,254.2684,space,2.9886,,9,Celebrities_Faces/009_rating.jpg,Bradley Cooper,2,Bradley Cooper,2,TRUE,FALSE,13,0,17,17,8,1,9,Celebrities_Faces/009_rating.jpg,Chris Hemsworth,Tom Cruise,Bradley Cooper,Lebron James,Bradley Cooper,,,,,,,,,,,,,,,,,,,,,,,,,,,,,,,,,,,,,,,,,,,,,,,,,,,,,,,,,,,,,,,,,,,,,
,,,,,6a180ae96bcc768c0babf598,2026-05-28_10h31.47.621,WP1_3,2025.2.3,Win32,147.0588235,661403131cecbe255b64ca6f,6a030b8ba3607712b5d4bf26,,,,,,,,,,,,,,,,,,,,,,,,,,,,,,,,,,,,,,,,,254.2703,256.6006,,,,8,256.6019,259.2391,,,"[""right"",""right"",""space""]","[0.6398000000119168,2.1658999999762045,2.5656999999881123]","[null,null,null]",7,259.2408,260.6371,space,1.2883,,46,Celebrities_Faces/046_rating.jpg,Emma Stone,1,Emma Stone,1,TRUE,TRUE,14,0,18,18,45,1,46,Celebrities_Faces/046_rating.jpg,Halle Berry,Emma Stone,Emma Watson,Taylor Swift,Emma Stone,,,,,,,,,,,,,,,,,,,,,,,,,,,,,,,,,,,,,,,,,,,,,,,,,,,,,,,,,,,,,,,,,,,,,
,,,,,6a180ae96bcc768c0babf598,2026-05-28_10h31.47.621,WP1_3,2025.2.3,Win32,147.0588235,661403131cecbe255b64ca6f,6a030b8ba3607712b5d4bf26,,,,,,,,,,,,,,,,,,,,,,,,,,,,,,,,,,,,,,,,,260.6402,265.5671,,,,5,265.568,267.3676,,,"[""right"",""left"",""space""]","[0.8025000000000091,1.1405000000000314,1.6948999999762009]","[null,null,null]",5,267.3703,273.4137,space,5.9201,,35,Celebrities_Faces/035_rating.jpg,Lindsay Lohan,3,Lindsay Lohan,3,TRUE,FALSE,14,0,19,19,34,1,35,Celebrities_Faces/035_rating.jpg,Anya Taylor-Joy,Millie Bobby Brown,Keira Knightley,Lindsay Lohan,Lindsay Lohan,,,,,,,,,,,,,,,,,,,,,,,,,,,,,,,,,,,,,,,,,,,,,,,,,,,,,,,,,,,,,,,,,,,,,
,,,,,6a180ae96bcc768c0babf598,2026-05-28_10h31.47.621,WP1_3,2025.2.3,Win32,147.0588235,661403131cecbe255b64ca6f,6a030b8ba3607712b5d4bf26,,,,,,,,,,,,,,,,,,,,,,,,,,,,,,,,,,,,,,,,,273.415,276.0121,,,,8,276.0136,277.9263,,,"[""right"",""left"",""space""]","[0.5996999999880472,1.4311999999880527,1.8719000000357369]","[null,null,null]",5,277.9306,280.3317,space,2.294,,31,Celebrities_Faces/031_rating.jpg,Sandra Bullock,3,Sandra Bullock,3,TRUE,TRUE,15,0,20,20,30,1,31,Celebrities_Faces/031_rating.jpg,Michelle Obama,Emma Watson,Halle Berry,Sandra Bullock,Sandra Bullock,,,,,,,,,,,,,,,,,,,,,,,,,,,,,,,,,,,,,,,,,,,,,,,,,,,,,,,,,,,,,,,,,,,,,
,,,,,6a180ae96bcc768c0babf598,2026-05-28_10h31.47.621,WP1_3,2025.2.3,Win32,147.0588235,661403131cecbe255b64ca6f,6a030b8ba3607712b5d4bf26,,,,,,,,,,,,,,,,,,,,,,,,,,,,,,,,,,,,,,,,,280.3333,283.3521,,,,9,283.3531,284.8469,,,"[""right"",""right"",""space""]","[0.6546000000238905,0.9489000000357919,1.470300000011946]","[null,null,null]",7,284.8516,286.4635,space,1.5783,,20,Celebrities_Faces/020_rating.jpg,Matt Damon,1,Matt Damon,1,TRUE,TRUE,16,0,21,21,19,1,20,Celebrities_Faces/020_rating.jpg,Tom Cruise,Matt Damon,Chris Evans,Brad Pitt,Matt Damon,,,,,,,,,,,,,,,,,,,,,,,,,,,,,,,,,,,,,,,,,,,,,,,,,,,,,,,,,,,,,,,,,,,,,
,,,,,6a180ae96bcc768c0babf598,2026-05-28_10h31.47.621,WP1_3,2025.2.3,Win32,147.0588235,661403131cecbe255b64ca6f,6a030b8ba3607712b5d4bf26,,,,,,,,,,,,,,,,,,,,,,,,,,,,,,,,,,,,,,,,,286.4655,289.5052,,,,10,289.5076,291.2173,,,"[""right"",""right"",""right"",""right"",""space""]","[0.4018999999761377,0.6368999999761513,0.8493000000119082,1.0779999999999745,1.6614999999999895]","[null,null,null,null,null]",9,291.2218,293.3887,space,2.1152,,42,Celebrities_Faces/042_rating.jpg,Greta Thunberg,3,Greta Thunberg,3,TRUE,TRUE,17,0,22,22,41,1,42,Celebrities_Faces/042_rating.jpg,Simone Biles,Michelle Obama,Anne Hathaway,Greta Thunberg,Greta Thunberg,,,,,,,,,,,,,,,,,,,,,,,,,,,,,,,,,,,,,,,,,,,,,,,,,,,,,,,,,,,,,,,,,,,,,
,,,,,6a180ae96bcc768c0babf598,2026-05-28_10h31.47.621,WP1_3,2025.2.3,Win32,147.0588235,661403131cecbe255b64ca6f,6a030b8ba3607712b5d4bf26,,,,,,,,,,,,,,,,,,,,,,,,,,,,,,,,,,,,,,,,,293.3908,296.4339,,,,7,296.4347,297.9914,,,"[""right"",""space""]","[0.8966999999880727,1.4532999999523213]","[null,null]",6,297.9942,300.7171,space,2.6216,,60,Celebrities_Faces/060_rating.jpg,Anya Taylor-Joy,1,Anya Taylor-Joy,1,TRUE,TRUE,18,0,23,23,59,1,60,Celebrities_Faces/060_rating.jpg,Emma Stone,Anya Taylor-Joy,Michelle Obama,Halle Berry,Anya Taylor-Joy,,,,,,,,,,,,,,,,,,,,,,,,,,,,,,,,,,,,,,,,,,,,,,,,,,,,,,,,,,,,,,,,,,,,,
,,,,,6a180ae96bcc768c0babf598,2026-05-28_10h31.47.621,WP1_3,2025.2.3,Win32,147.0588235,661403131cecbe255b64ca6f,6a030b8ba3607712b5d4bf26,,,,,,,,,,,,,,,,,,,,,,,,,,,,,,,,,,,,,,,,,300.7207,303.9615,,,,10,303.9631,306.3559,,,"[""left"",""left"",""left"",""space""]","[0.38649999999995543,0.6478000000118982,0.9339999999999691,2.1959999999999695]","[null,null,null,null]",2,306.3574,309.2436,space,2.7966,,8,Celebrities_Faces/008_rating.jpg,Brad Pitt,3,Brad Pitt,3,TRUE,TRUE,19,0,24,24,7,1,8,Celebrities_Faces/008_rating.jpg,Cristiano Ronaldo,Daniel Craig,Lionel Messi,Brad Pitt,Brad Pitt,,,,,,,,,,,,,,,,,,,,,,,,,,,,,,,,,,,,,,,,,,,,,,,,,,,,,,,,,,,,,,,,,,,,,
,,,,,6a180ae96bcc768c0babf598,2026-05-28_10h31.47.621,WP1_3,2025.2.3,Win32,147.0588235,661403131cecbe255b64ca6f,6a030b8ba3607712b5d4bf26,,,,,,,,,,,,,,,,,,,,,,,,,,,,,,,,,,,,,,,,,309.2449,312.4917,,,,8,312.4932,314.0396,,,"[""right"",""space""]","[0.8033999999761932,1.38459999996428]","[null,null]",6,314.0427,316.2044,space,2.0027,,45,Celebrities_Faces/045_rating.jpg,Cameron Diaz,3,Cameron Diaz,3,TRUE,TRUE,20,0,25,25,44,1,45,Celebrities_Faces/045_rating.jpg,Taylor Swift,Natalie Portman,Maria Sharapova,Cameron Diaz,Cameron Diaz,,,,,,,,,,,,,,,,,,,,,,,,,,,,,,,,,,,,,,,,,,,,,,,,,,,,,,,,,,,,,,,,,,,,,
,,,,,6a180ae96bcc768c0babf598,2026-05-28_10h31.47.621,WP1_3,2025.2.3,Win32,147.0588235,661403131cecbe255b64ca6f,6a030b8ba3607712b5d4bf26,,,,,,,,,,,,,,,,,,,,,,,,,,,,,,,,,,,,,,,,,316.2064,320.1834,,,,9,320.1847,321.6997,,,"[""right"",""right"",""space""]","[0.4797999999523199,0.7599999999999909,1.429599999964239]","[null,null,null]",7,321.7033,323.4212,space,1.6452,,47,Celebrities_Faces/047_rating.jpg,Hillary Clinton,0,Hillary Clinton,0,TRUE,TRUE,21,0,26,26,46,1,47,Celebrities_Faces/047_rating.jpg,Hillary Clinton,Sandra Bullock,Michelle Obama,Anne Hathaway,Hillary Clinton,,,,,,,,,,,,,,,,,,,,,,,,,,,,,,,,,,,,,,,,,,,,,,,,,,,,,,,,,,,,,,,,,,,,,
,,,,,6a180ae96bcc768c0babf598,2026-05-28_10h31.47.621,WP1_3,2025.2.3,Win32,147.0588235,661403131cecbe255b64ca6f,6a030b8ba3607712b5d4bf26,,,,,,,,,,,,,,,,,,,,,,,,,,,,,,,,,,,,,,,,,323.4232,326.2474,,,,9,326.2485,328.8061,,,"[""right"",""right"",""right"",""space""]","[0.5035000000000309,0.8126000000238491,1.8525000000000205,2.520100000023831]","[null,null,null,null]",8,328.8097,331.1672,space,2.3237,,53,Celebrities_Faces/053_rating.jpg,Keira Knightley,3,Keira Knightley,3,TRUE,TRUE,22,0,27,27,52,1,53,Celebrities_Faces/053_rating.jpg,Anne Hathaway,Emma Stone,Olivia Rodrigo,Keira Knightley,Keira Knightley,,,,,,,,,,,,,,,,,,,,,,,,,,,,,,,,,,,,,,,,,,,,,,,,,,,,,,,,,,,,,,,,,,,,,
,,,,,6a180ae96bcc768c0babf598,2026-05-28_10h31.47.621,WP1_3,2025.2.3,Win32,147.0588235,661403131cecbe255b64ca6f,6a030b8ba3607712b5d4bf26,,,,,,,,,,,,,,,,,,,,,,,,,,,,,,,,,,,,,,,,,331.1698,334.3137,,,,7,334.3163,335.955,,,"[""right"",""space""]","[0.5703999999761322,1.3113000000118973]","[null,null]",6,335.9569,338.1938,space,2.092,,44,Celebrities_Faces/044_rating.jpg,Cate Blanchett,1,Cate Blanchett,1,TRUE,TRUE,23,0,28,28,43,1,44,Celebrities_Faces/044_rating.jpg,Angelina Jolie,Cate Blanchett,Natalie Portman,Taylor Swift,Cate Blanchett,,,,,,,,,,,,,,,,,,,,,,,,,,,,,,,,,,,,,,,,,,,,,,,,,,,,,,,,,,,,,,,,,,,,,
,,,,,6a180ae96bcc768c0babf598,2026-05-28_10h31.47.621,WP1_3,2025.2.3,Win32,147.0588235,661403131cecbe255b64ca6f,6a030b8ba3607712b5d4bf26,,,,,,,,,,,,,,,,,,,,,,,,,,,,,,,,,,,,,,,,,338.1954,341.9487,,,,2,341.9504,343.796,,,"[""space""]",[1.6984000000357469],[null],5,343.7986,347.2429,space,3.3925,,11,Celebrities_Faces/011_rating.jpg,Chris Evans,0,Chris Evans,0,TRUE,FALSE,23,0,29,29,10,1,11,Celebrities_Faces/011_rating.jpg,Chris Evans,Daniel Craig,Ryan Reynolds,Arnold Schwarzeneger,Chris Evans,,,,,,,,,,,,,,,,,,,,,,,,,,,,,,,,,,,,,,,,,,,,,,,,,,,,,,,,,,,,,,,,,,,,,
,,,,,6a180ae96bcc768c0babf598,2026-05-28_10h31.47.621,WP1_3,2025.2.3,Win32,147.0588235,661403131cecbe255b64ca6f,6a030b8ba3607712b5d4bf26,,,,,,,,,,,,,,,,,,,,,,,,,,,,,,,,,,,,,,,,,347.2438,350.0941,,,,9,350.095,351.8873,,,"[""right"",""right"",""right"",""space""]","[0.5976999999880945,0.8828000000119118,1.1814999999999714,1.7194000000357619]","[null,null,null,null]",8,351.8911,354.2289,space,2.2865,,21,Celebrities_Faces/021_rating.jpg,Henri Canvill,0,Henri Canvill,0,TRUE,TRUE,24,0,30,30,20,1,21,Celebrities_Faces/021_rating.jpg,Henri Canvill,George Clooney,Bradley Cooper,Tom Holland,Henri Canvill,,,,,,,,,,,,,,,,,,,,,,,,,,,,,,,,,,,,,,,,,,,,,,,,,,,,,,,,,,,,,,,,,,,,,
,,,,,6a180ae96bcc768c0babf598,2026-05-28_10h31.47.621,WP1_3,2025.2.3,Win32,147.0588235,661403131cecbe255b64ca6f,6a030b8ba3607712b5d4bf26,,,,,,,,,,,,,,,,,,,,,,,,,,,,,,,,,,,,,,,,,354.2322,356.8926,,,,7,356.8936,359.3029,,,"[""left"",""right"",""space""]","[1.3629999999999995,1.6523999999761259,2.3413999999761472]","[null,null,null]",5,359.3057,361.9056,space,2.4481,,54,Celebrities_Faces/054_rating.jpg,Julia Roberts,0,Julia Roberts,0,TRUE,TRUE,25,0,31,31,53,1,54,Celebrities_Faces/054_rating.jpg,Julia Roberts,Anne Hathaway,Olivia Rodrigo,Simone Biles,Julia Roberts,,,,,,,,,,,,,,,,,,,,,,,,,,,,,,,,,,,,,,,,,,,,,,,,,,,,,,,,,,,,,,,,,,,,,
,,,,,6a180ae96bcc768c0babf598,2026-05-28_10h31.47.621,WP1_3,2025.2.3,Win32,147.0588235,661403131cecbe255b64ca6f,6a030b8ba3607712b5d4bf26,,,,,,,,,,,,,,,,,,,,,,,,,,,,,,,,,,,,,,,,,361.9078,364.6788,,,,9,364.6804,366.643,,,"[""right"",""right"",""right"",""right"",""space""]","[0.3937999999523072,0.6710999999642127,0.9441999999880863,1.2410999999642058,1.8834999999999695]","[null,null,null,null,null]",9,366.6468,367.9276,space,1.1926,,59,Celebrities_Faces/059_rating.jpg,Michelle Obama,0,Michelle Obama,0,TRUE,TRUE,26,0,32,32,58,1,59,Celebrities_Faces/059_rating.jpg,Michelle Obama,Emma Watson,Millie Bobby Brown,Margot Robbie,Michelle Obama,,,,,,,,,,,,,,,,,,,,,,,,,,,,,,,,,,,,,,,,,,,,,,,,,,,,,,,,,,,,,,,,,,,,,
,,,,,6a180ae96bcc768c0babf598,2026-05-28_10h31.47.621,WP1_3,2025.2.3,Win32,147.0588235,661403131cecbe255b64ca6f,6a030b8ba3607712b5d4bf26,,,,,,,,,,,,,,,,,,,,,,,,,,,,,,,,,,,,,,,,,367.9284,371.4361,,,,4,371.4368,373.4767,,,"[""space""]",[1.9962000000476792],[null],5,373.4795,376.4585,space,2.9238,,13,Celebrities_Faces/013_rating.jpg,Denzel Washighton,0,Denzel Washighton,0,TRUE,FALSE,26,0,33,33,12,1,13,Celebrities_Faces/013_rating.jpg,Denzel Washighton,Chris Hemsworth,Matt Damon,George W.Bush,Denzel Washighton,,,,,,,,,,,,,,,,,,,,,,,,,,,,,,,,,,,,,,,,,,,,,,,,,,,,,,,,,,,,,,,,,,,,,
,,,,,6a180ae96bcc768c0babf598,2026-05-28_10h31.47.621,WP1_3,2025.2.3,Win32,147.0588235,661403131cecbe255b64ca6f,6a030b8ba3607712b5d4bf26,,,,,,,,,,,,,,,,,,,,,,,,,,,,,,,,,,,,,,,,,376.46,379.8784,,,,2,379.8793,382.6548,,,"[""right"",""left"",""space""]","[1.6701999999880854,1.9790999999642054,2.600099999964243]","[null,null,null]",5,382.6592,388.761,space,5.9711,,22,Celebrities_Faces/022_rating.jpg,Lebron James,3,Lebron James,3,TRUE,FALSE,26,0,34,34,21,1,22,Celebrities_Faces/022_rating.jpg,George W.Bush,Lionel Messi,Leonardo Di Caprio,Lebron James,Lebron James,,,,,,,,,,,,,,,,,,,,,,,,,,,,,,,,,,,,,,,,,,,,,,,,,,,,,,,,,,,,,,,,,,,,,
,,,,,6a180ae96bcc768c0babf598,2026-05-28_10h31.47.621,WP1_3,2025.2.3,Win32,147.0588235,661403131cecbe255b64ca6f,6a030b8ba3607712b5d4bf26,,,,,,,,,,,,,,,,,,,,,,,,,,,,,,,,,,,,,,,,,388.7622,393.6661,,,,2,393.6682,396.1449,,,"[""right"",""space""]","[1.31819999998811,2.067699999988065]","[null,null]",6,396.1485,399.7878,space,3.4319,,48,Celebrities_Faces/048_rating.jpg,Jennifer Lawrence,0,Jennifer Lawrence,0,TRUE,FALSE,26,0,35,35,47,1,48,Celebrities_Faces/048_rating.jpg,Jennifer Lawrence,Lady Gaga,Anne Hathaway,Emma Stone,Jennifer Lawrence,,,,,,,,,,,,,,,,,,,,,,,,,,,,,,,,,,,,,,,,,,,,,,,,,,,,,,,,,,,,,,,,,,,,,
,,,,,6a180ae96bcc768c0babf598,2026-05-28_10h31.47.621,WP1_3,2025.2.3,Win32,147.0588235,661403131cecbe255b64ca6f,6a030b8ba3607712b5d4bf26,,,,,,,,,,,,,,,,,,,,,,,,,,,,,,,,,,,,,,,,,399.7904,402.2038,,,,10,402.2048,404.1156,,,"[""right"",""right"",""right"",""space""]","[0.760899999976175,1.049799999952313,1.313799999952323,1.8703999999761436]","[null,null,null,null]",8,404.1186,406.5819,space,2.4315,,52,Celebrities_Faces/052_rating.jpg,Emma Watson,3,Emma Watson,3,TRUE,TRUE,27,0,36,36,51,1,52,Celebrities_Faces/052_rating.jpg,Anne Hathaway,Natalie Portman,Hillary Clinton,Emma Watson,Emma Watson,,,,,,,,,,,,,,,,,,,,,,,,,,,,,,,,,,,,,,,,,,,,,,,,,,,,,,,,,,,,,,,,,,,,,
,,,,,6a180ae96bcc768c0babf598,2026-05-28_10h31.47.621,WP1_3,2025.2.3,Win32,147.0588235,661403131cecbe255b64ca6f,6a030b8ba3607712b5d4bf26,,,,,,,,,,,,,,,,,,,,,,,,,,,,,,,,,,,,,,,,,406.5858,408.8993,,,,9,408.9016,411.0815,,,"[""left"",""space""]","[1.4488999999761631,2.018699999988087]","[null,null]",4,411.0843,412.847,space,1.5444,,32,Celebrities_Faces/032_rating.jpg,Anne Hathaway,1,Anne Hathaway,1,TRUE,TRUE,28,0,37,37,31,1,32,Celebrities_Faces/032_rating.jpg,Charlize Theron,Anne Hathaway,Gal Gadot,Millie Bobby Brown,Anne Hathaway,,,,,,,,,,,,,,,,,,,,,,,,,,,,,,,,,,,,,,,,,,,,,,,,,,,,,,,,,,,,,,,,,,,,,
,,,,,6a180ae96bcc768c0babf598,2026-05-28_10h31.47.621,WP1_3,2025.2.3,Win32,147.0588235,661403131cecbe255b64ca6f,6a030b8ba3607712b5d4bf26,,,,,,,,,,,,,,,,,,,,,,,,,,,,,,,,,,,,,,,,,412.8493,415.6222,,,,6,415.6237,417.5701,,,"[""left"",""left"",""space""]","[1.0401000000238128,1.3126999999880695,1.8961999999880845]","[null,null,null]",3,417.5721,419.3287,space,1.6792,,7,Celebrities_Faces/007_rating.jpg,Ben Affleck,0,Ben Affleck,0,TRUE,FALSE,28,0,38,38,6,1,7,Celebrities_Faces/007_rating.jpg,Ben Affleck,Nicolas Cage,Henri Canvill,Leonardo Di Caprio,Ben Affleck,,,,,,,,,,,,,,,,,,,,,,,,,,,,,,,,,,,,,,,,,,,,,,,,,,,,,,,,,,,,,,,,,,,,,
,,,,,6a180ae96bcc768c0babf598,2026-05-28_10h31.47.621,WP1_3,2025.2.3,Win32,147.0588235,661403131cecbe255b64ca6f,6a030b8ba3607712b5d4bf26,,,,,,,,,,,,,,,,,,,,,,,,,,,,,,,,,,,,,,,,,419.3312,422.2302,,,,6,422.2315,424.7631,,,"[""space""]",[2.3381000000238146],[null],5,424.7665,426.3695,space,1.4154,,18,Celebrities_Faces/018_rating.jpg,Chris Hemsworth,0,Chris Hemsworth,0,TRUE,FALSE,28,0,39,39,17,1,18,Celebrities_Faces/018_rating.jpg,Chris Hemsworth,Leonardo Di Caprio,Nicolas Cage,Tom Cruise,Chris Hemsworth,,,,,,,,,,,,,,,,,,,,,,,,,,,,,,,,,,,,,,,,,,,,,,,,,,,,,,,,,,,,,,,,,,,,,
,,,,,6a180ae96bcc768c0babf598,2026-05-28_10h31.47.621,WP1_3,2025.2.3,Win32,147.0588235,661403131cecbe255b64ca6f,6a030b8ba3607712b5d4bf26,,,,,,,,,,,,,,,,,,,,,,,,,,,,,,,,,,,,,,,,,426.3709,428.66,,,,9,428.6611,430.2772,,,"[""right"",""right"",""space""]","[0.43899999999996453,0.7103000000118982,1.5345999999642004]","[null,null,null]",7,430.2807,432.1062,space,1.7422,,34,Celebrities_Faces/034_rating.jpg,Angelina Jolie,2,Angelina Jolie,2,TRUE,TRUE,29,0,40,40,33,1,34,Celebrities_Faces/034_rating.jpg,Anya Taylor-Joy,Maria Sharapova,Angelina Jolie,Nicole Kidman,Angelina Jolie,,,,,,,,,,,,,,,,,,,,,,,,,,,,,,,,,,,,,,,,,,,,,,,,,,,,,,,,,,,,,,,,,,,,,
,,,,,6a180ae96bcc768c0babf598,2026-05-28_10h31.47.621,WP1_3,2025.2.3,Win32,147.0588235,661403131cecbe255b64ca6f,6a030b8ba3607712b5d4bf26,,,,,,,,,,,,,,,,,,,,,,,,,,,,,,,,,,,,,,,,,432.1074,435.1271,,,,9,435.1283,437.8684,,,"[""right"",""right"",""right"",""right"",""space""]","[0.4508000000119523,0.7301999999880877,1.0151999999881127,2.3138999999761722,2.679599999964239]","[null,null,null,null,null]",9,437.8724,439.0007,space,1.0731,,6,Celebrities_Faces/006_rating.jpg,Arnold Schwarzeneger,0,Arnold Schwarzeneger,0,TRUE,TRUE,30,0,41,41,5,1,6,Celebrities_Faces/006_rating.jpg,Arnold Schwarzeneger,Dwayne Johnson,Tom Cruise,Ryan Reynolds,Arnold Schwarzeneger,,,,,,,,,,,,,,,,,,,,,,,,,,,,,,,,,,,,,,,,,,,,,,,,,,,,,,,,,,,,,,,,,,,,,
,,,,,6a180ae96bcc768c0babf598,2026-05-28_10h31.47.621,WP1_3,2025.2.3,Win32,147.0588235,661403131cecbe255b64ca6f,6a030b8ba3607712b5d4bf26,,,,,,,,,,,,,,,,,,,,,,,,,,,,,,,,,,,,,,,,,439.0025,441.7356,,,,10,441.7369,443.553,,,"[""right"",""right"",""right"",""space""]","[0.5106999999881054,0.8518000000119059,1.2819000000357619,1.7838000000119223]","[null,null,null,null]",8,443.5571,445.2917,space,1.7046,,14,Celebrities_Faces/014_rating.jpg,Daniel Craig,2,Daniel Craig,2,TRUE,TRUE,31,0,42,42,13,1,14,Celebrities_Faces/014_rating.jpg,Robert De Niro,Ryan Reynolds,Daniel Craig,Chris Hemsworth,Daniel Craig,,,,,,,,,,,,,,,,,,,,,,,,,,,,,,,,,,,,,,,,,,,,,,,,,,,,,,,,,,,,,,,,,,,,,
,,,,,6a180ae96bcc768c0babf598,2026-05-28_10h31.47.621,WP1_3,2025.2.3,Win32,147.0588235,661403131cecbe255b64ca6f,6a030b8ba3607712b5d4bf26,,,,,,,,,,,,,,,,,,,,,,,,,,,,,,,,,,,,,,,,,445.2933,448.0687,,,,8,448.0704,449.5592,,,"[""right"",""space""]","[0.3905999999641949,1.2760999999642308]","[null,null]",6,449.5636,450.972,space,1.2195,,37,Celebrities_Faces/037_rating.jpg,Natalie Portman,1,Natalie Portman,1,TRUE,TRUE,32,0,43,43,36,1,37,Celebrities_Faces/037_rating.jpg,Lady Gaga,Natalie Portman,Hillary Clinton,Michelle Obama,Natalie Portman,,,,,,,,,,,,,,,,,,,,,,,,,,,,,,,,,,,,,,,,,,,,,,,,,,,,,,,,,,,,,,,,,,,,,
,,,,,6a180ae96bcc768c0babf598,2026-05-28_10h31.47.621,WP1_3,2025.2.3,Win32,147.0588235,661403131cecbe255b64ca6f,6a030b8ba3607712b5d4bf26,,,,,,,,,,,,,,,,,,,,,,,,,,,,,,,,,,,,,,,,,450.9758,454.3813,,,,10,454.3838,456.483,,,"[""left"",""left"",""left"",""space""]","[0.8980000000000246,1.136799999952359,1.3961999999880845,1.986899999976174]","[null,null,null,null]",2,456.4845,459.0085,space,2.4434,,2,Celebrities_Faces/002_rating.jpg,George W.Bush,3,George W.Bush,3,TRUE,TRUE,33,0,44,44,1,1,2,Celebrities_Faces/002_rating.jpg,Henri Canvill,Chris Evans,Tom Holland,George W.Bush,George W.Bush,,,,,,,,,,,,,,,,,,,,,,,,,,,,,,,,,,,,,,,,,,,,,,,,,,,,,,,,,,,,,,,,,,,,,
,,,,,6a180ae96bcc768c0babf598,2026-05-28_10h31.47.621,WP1_3,2025.2.3,Win32,147.0588235,661403131cecbe255b64ca6f,6a030b8ba3607712b5d4bf26,,,,,,,,,,,,,,,,,,,,,,,,,,,,,,,,,,,,,,,,,459.0099,461.5781,,,,8,461.5788,463.2681,,,"[""space""]",[1.6329999999999814],[null],5,463.2713,465.3772,space,1.9968,,25,Celebrities_Faces/025_rating.jpg,Robert De Niro,2,Robert De Niro,2,TRUE,TRUE,34,0,45,45,24,1,25,Celebrities_Faces/025_rating.jpg,Bruce Willis,Arnold Schwarzeneger,Robert De Niro,Leonardo Di Caprio,Robert De Niro,,,,,,,,,,,,,,,,,,,,,,,,,,,,,,,,,,,,,,,,,,,,,,,,,,,,,,,,,,,,,,,,,,,,,
,,,,,6a180ae96bcc768c0babf598,2026-05-28_10h31.47.621,WP1_3,2025.2.3,Win32,147.0588235,661403131cecbe255b64ca6f,6a030b8ba3607712b5d4bf26,,,,,,,,,,,,,,,,,,,,,,,,,,,,,,,,,,,,,,,,,465.3794,468.0724,,,,6,468.0729,469.1637,,,"[""right"",""space""]","[0.4906000000238464,1.01010000002384]","[null,null]",6,469.1668,470.8327,space,1.5073,,28,Celebrities_Faces/028_rating.jpg,Dwayne Johnson,0,Dwayne Johnson,0,TRUE,FALSE,34,0,46,46,27,1,28,Celebrities_Faces/028_rating.jpg,Dwayne Johnson,Ryan Reynolds,Bradley Cooper,Lionel Messi,Dwayne Johnson,,,,,,,,,,,,,,,,,,,,,,,,,,,,,,,,,,,,,,,,,,,,,,,,,,,,,,,,,,,,,,,,,,,,,
,,,,,6a180ae96bcc768c0babf598,2026-05-28_10h31.47.621,WP1_3,2025.2.3,Win32,147.0588235,661403131cecbe255b64ca6f,6a030b8ba3607712b5d4bf26,,,,,,,,,,,,,,,,,,,,,,,,,,,,,,,,,,,,,,,,,470.8353,473.9382,,,,9,473.9392,476.299,,,"[""right"",""right"",""right"",""space""]","[0.8446999999880518,1.1264999999999645,1.4198000000118327,1.9931999999880645]","[null,null,null,null]",8,476.302,478.0537,space,1.5974,,51,Celebrities_Faces/051_rating.jpg,Margot Robbie,0,Margot Robbie,0,TRUE,TRUE,35,0,47,47,50,1,51,Celebrities_Faces/051_rating.jpg,Margot Robbie,Halle Berry,Emma Watson,Julia Roberts,Margot Robbie,,,,,,,,,,,,,,,,,,,,,,,,,,,,,,,,,,,,,,,,,,,,,,,,,,,,,,,,,,,,,,,,,,,,,
,,,,,6a180ae96bcc768c0babf598,2026-05-28_10h31.47.621,WP1_3,2025.2.3,Win32,147.0588235,661403131cecbe255b64ca6f,6a030b8ba3607712b5d4bf26,,,,,,,,,,,,,,,,,,,,,,,,,,,,,,,,,,,,,,,,,478.0558,481.412,,,,7,481.4128,483.6536,,,"[""right"",""left"",""space""]","[0.9077999999523172,1.4266999999880454,2.0557999999523418]","[null,null,null]",5,483.6558,485.9641,space,2.1127,,24,Celebrities_Faces/024_rating.jpg,Ryan Reynolds,3,Ryan Reynolds,3,TRUE,TRUE,36,0,48,48,23,1,24,Celebrities_Faces/024_rating.jpg,Roger Federer,Denzel Washighton,Tom Holland,Ryan Reynolds,Ryan Reynolds,,,,,,,,,,,,,,,,,,,,,,,,,,,,,,,,,,,,,,,,,,,,,,,,,,,,,,,,,,,,,,,,,,,,,
,,,,,6a180ae96bcc768c0babf598,2026-05-28_10h31.47.621,WP1_3,2025.2.3,Win32,147.0588235,661403131cecbe255b64ca6f,6a030b8ba3607712b5d4bf26,,,,,,,,,,,,,,,,,,,,,,,,,,,,,,,,,,,,,,,,,485.9665,488.3835,,,,8,488.3851,490.0207,,,"[""right"",""right"",""right"",""space""]","[0.4501000000238946,0.7616000000238046,1.0755000000000337,1.5594000000357937]","[null,null,null,null]",8,490.0221,491.225,space,1.0665,,27,Celebrities_Faces/027_rating.jpg,Keanu Reeves,0,Keanu Reeves,0,TRUE,TRUE,37,0,49,49,26,1,27,Celebrities_Faces/027_rating.jpg,Keanu Reeves,Dwayne Johnson,Bradley Cooper,Daniel Radcliffe,Keanu Reeves,,,,,,,,,,,,,,,,,,,,,,,,,,,,,,,,,,,,,,,,,,,,,,,,,,,,,,,,,,,,,,,,,,,,,
,,,,,6a180ae96bcc768c0babf598,2026-05-28_10h31.47.621,WP1_3,2025.2.3,Win32,147.0588235,661403131cecbe255b64ca6f,6a030b8ba3607712b5d4bf26,,,,,,,,,,,,,,,,,,,,,,,,,,,,,,,,,,,,,,,,,491.227,494.4788,,,,8,494.4801,495.6655,,,"[""left"",""space""]","[0.5631000000238373,1.1539999999999964]","[null,null]",4,495.6688,497.626,space,1.8898,,58,Celebrities_Faces/058_rating.jpg,Nicole Kidman,2,Nicole Kidman,2,TRUE,TRUE,38,0,50,50,57,1,58,Celebrities_Faces/058_rating.jpg,Millie Bobby Brown,Greta Thunberg,Nicole Kidman,Julia Roberts,Nicole Kidman,,,,,,,,,,,,,,,,,,,,,,,,,,,,,,,,,,,,,,,,,,,,,,,,,,,,,,,,,,,,,,,,,,,,,
,,,,,6a180ae96bcc768c0babf598,2026-05-28_10h31.47.621,WP1_3,2025.2.3,Win32,147.0588235,661403131cecbe255b64ca6f,6a030b8ba3607712b5d4bf26,,,,,,,,,,,,,,,,,,,,,,,,,,,,,,,,,,,,,,,,,497.628,500.4906,,,,4,500.4931,503.0416,,,"[""right"",""left"",""space""]","[1.4360000000000355,1.76480000001186,2.352800000011939]","[null,null,null]",5,503.0437,505.1481,space,1.926,,5,Celebrities_Faces/005_rating.jpg,Lionel Messi,0,Lionel Messi,0,TRUE,FALSE,38,0,51,51,4,1,5,Celebrities_Faces/005_rating.jpg,Lionel Messi,Matt Damon,Cristiano Ronaldo,Lebron James,Lionel Messi,,,,,,,,,,,,,,,,,,,,,,,,,,,,,,,,,,,,,,,,,,,,,,,,,,,,,,,,,,,,,,,,,,,,,
,,,,,6a180ae96bcc768c0babf598,2026-05-28_10h31.47.621,WP1_3,2025.2.3,Win32,147.0588235,661403131cecbe255b64ca6f,6a030b8ba3607712b5d4bf26,,,,,,,,,,,,,,,,,,,,,,,,,,,,,,,,,,,,,,,,,505.1499,507.87,,,,8,507.8708,509.6979,,,"[""left"",""left"",""left"",""space""]","[0.6775000000000091,0.9476999999881173,1.2318999999761218,1.7953999999762118]","[null,null,null,null]",2,509.6991,511.9637,space,2.2327,,4,Celebrities_Faces/004_rating.jpg,Cristiano Ronaldo,3,Cristiano Ronaldo,3,TRUE,TRUE,39,0,52,52,3,1,4,Celebrities_Faces/004_rating.jpg,Matt Damon,Robert De Niro,Denzel Washighton,Cristiano Ronaldo,Cristiano Ronaldo,,,,,,,,,,,,,,,,,,,,,,,,,,,,,,,,,,,,,,,,,,,,,,,,,,,,,,,,,,,,,,,,,,,,,
,,,,,6a180ae96bcc768c0babf598,2026-05-28_10h31.47.621,WP1_3,2025.2.3,Win32,147.0588235,661403131cecbe255b64ca6f,6a030b8ba3607712b5d4bf26,,,,,,,,,,,,,,,,,,,,,,,,,,,,,,,,,,,,,,,,,511.9649,514.8401,,,,10,514.8421,516.6547,,,"[""left"",""left"",""left"",""space""]","[0.43569999998805997,0.7793999999761354,1.0750000000000455,1.683499999999981]","[null,null,null,null]",2,516.658,518.0529,space,1.2705,,30,Celebrities_Faces/030_rating.jpg,Tom Cruise,0,Tom Cruise,0,TRUE,TRUE,40,0,53,53,29,1,30,Celebrities_Faces/030_rating.jpg,Tom Cruise,Lionel Messi,Chris Evans,Bruce Willis,Tom Cruise,,,,,,,,,,,,,,,,,,,,,,,,,,,,,,,,,,,,,,,,,,,,,,,,,,,,,,,,,,,,,,,,,,,,,
,,,,,6a180ae96bcc768c0babf598,2026-05-28_10h31.47.621,WP1_3,2025.2.3,Win32,147.0588235,661403131cecbe255b64ca6f,6a030b8ba3607712b5d4bf26,,,,,,,,,,,,,,,,,,,,,,,,,,,,,,,,,,,,,,,,,518.0558,521.4467,,,,2,521.4476,523.8755,,,"[""right"",""left"",""space""]","[1.1021999999881018,1.8197999999523518,2.3695000000000164]","[null,null,null]",5,523.8789,526.8457,space,2.893,,43,Celebrities_Faces/043_rating.jpg,Maria Sharapova,3,Maria Sharapova,3,TRUE,FALSE,40,0,54,54,42,1,43,Celebrities_Faces/043_rating.jpg,Michelle Obama,Taylor Swift,Greta Thunberg,Maria Sharapova,Maria Sharapova,,,,,,,,,,,,,,,,,,,,,,,,,,,,,,,,,,,,,,,,,,,,,,,,,,,,,,,,,,,,,,,,,,,,,
,,,,,6a180ae96bcc768c0babf598,2026-05-28_10h31.47.621,WP1_3,2025.2.3,Win32,147.0588235,661403131cecbe255b64ca6f,6a030b8ba3607712b5d4bf26,,,,,,,,,,,,,,,,,,,,,,,,,,,,,,,,,,,,,,,,,526.848,529.6952,,,,10,529.6964,530.9289,,,"[""left"",""space""]","[0.5295999999642618,1.1486999999880254]","[null,null]",4,530.9321,533.7931,space,2.7772,,38,Celebrities_Faces/038_rating.jpg,Taylor Swift,3,Taylor Swift,3,TRUE,TRUE,41,0,55,55,37,1,38,Celebrities_Faces/038_rating.jpg,Keira Knightley,Scarlett Johansson,Margot Robbie,Taylor Swift,Taylor Swift,,,,,,,,,,,,,,,,,,,,,,,,,,,,,,,,,,,,,,,,,,,,,,,,,,,,,,,,,,,,,,,,,,,,,
,,,,,6a180ae96bcc768c0babf598,2026-05-28_10h31.47.621,WP1_3,2025.2.3,Win32,147.0588235,661403131cecbe255b64ca6f,6a030b8ba3607712b5d4bf26,,,,,,,,,,,,,,,,,,,,,,,,,,,,,,,,,,,,,,,,,533.795,536.4965,,,,9,536.4985,538.765,,,"[""left"",""left"",""left"",""left"",""space""]","[0.6168999999761127,0.9121999999880472,1.192800000011971,1.475500000000011,2.1561999999880754]","[null,null,null,null,null]",1,538.7682,540.7391,space,1.8206,,50,Celebrities_Faces/050_rating.jpg,Millie Bobby Brown,2,Millie Bobby Brown,2,TRUE,TRUE,42,0,56,56,49,1,50,Celebrities_Faces/050_rating.jpg,Taylor Swift,Cameron Diaz,Millie Bobby Brown,Michelle Obama,Millie Bobby Brown,,,,,,,,,,,,,,,,,,,,,,,,,,,,,,,,,,,,,,,,,,,,,,,,,,,,,,,,,,,,,,,,,,,,,
,,,,,6a180ae96bcc768c0babf598,2026-05-28_10h31.47.621,WP1_3,2025.2.3,Win32,147.0588235,661403131cecbe255b64ca6f,6a030b8ba3607712b5d4bf26,,,,,,,,,,,,,,,,,,,,,,,,,,,,,,,,,,,,,,,,,540.7418,545.4782,,,,9,545.4792,547.2086,,,"[""left"",""space""]","[1.0192000000477037,1.5590000000000828]","[null,null]",4,547.2116,548.9722,space,1.6328,,29,Celebrities_Faces/029_rating.jpg,Tom Holland,0,Tom Holland,0,TRUE,TRUE,43,0,57,57,28,1,29,Celebrities_Faces/029_rating.jpg,Tom Holland,Bradley Cooper,Dwayne Johnson,George W.Bush,Tom Holland,,,,,,,,,,,,,,,,,,,,,,,,,,,,,,,,,,,,,,,,,,,,,,,,,,,,,,,,,,,,,,,,,,,,,
,,,,,6a180ae96bcc768c0babf598,2026-05-28_10h31.47.621,WP1_3,2025.2.3,Win32,147.0588235,661403131cecbe255b64ca6f,6a030b8ba3607712b5d4bf26,,,,,,,,,,,,,,,,,,,,,,,,,,,,,,,,,,,,,,,,,548.9745,551.4783,,,,9,551.479,554.3212,,,"[""right"",""right"",""right"",""right"",""space""]","[1.0578999999761436,1.3567999999523863,1.8733999999761863,2.2387999999523345,2.7950999999642363]","[null,null,null,null,null]",9,554.3264,556.3284,space,1.9376,,17,Celebrities_Faces/017_rating.jpg,Hugh Jackman,1,Hugh Jackman,1,TRUE,TRUE,44,0,58,58,16,1,17,Celebrities_Faces/017_rating.jpg,Keanu Reeves,Hugh Jackman,Ewan McGregor,Tom Cruise,Hugh Jackman,,,,,,,,,,,,,,,,,,,,,,,,,,,,,,,,,,,,,,,,,,,,,,,,,,,,,,,,,,,,,,,,,,,,,
,,,,,6a180ae96bcc768c0babf598,2026-05-28_10h31.47.621,WP1_3,2025.2.3,Win32,147.0588235,661403131cecbe255b64ca6f,6a030b8ba3607712b5d4bf26,,,,,,,,,,,,,,,,,,,,,,,,,,,,,,,,,,,,,,,,,556.3315,558.8326,,,,3,558.834,560.0933,,,"[""space""]",[1.2268999999761263],[null],5,560.0974,562.7022,space,2.5527,,49,Celebrities_Faces/049_rating.jpg,Olivia Rodrigo,0,Olivia Rodrigo,0,TRUE,FALSE,44,0,59,59,48,1,49,Celebrities_Faces/049_rating.jpg,Olivia Rodrigo,Lindsay Lohan,Gal Gadot,Angelina Jolie,Olivia Rodrigo,,,,,,,,,,,,,,,,,,,,,,,,,,,,,,,,,,,,,,,,,,,,,,,,,,,,,,,,,,,,,,,,,,,,,
,,,,,6a180ae96bcc768c0babf598,2026-05-28_10h31.47.621,WP1_3,2025.2.3,Win32,147.0588235,661403131cecbe255b64ca6f,6a030b8ba3607712b5d4bf26,,,,,,,,,,,,,,,,,,,,,,,,,,,,,,,,,,,,,,,,,,,,,,,,,,,,,,,,,,,,,,,,,,,,,,,,,,,,,,,,,top_30_qualified_by_familiarity,30,"10,56,1,12,42,8,52,14,2,30,38,26,57,19,23,20,47,53,21,59,32,34,6,51,50,29,17,3,15,39",562.7059,582.6996,,,,,,,,,,,,,,,,,,,,,,,,,,,,,,,,,,,,,,,,,,,,,,,,,,,,,,,,,,,,,,,,
,,,,,6a180ae96bcc768c0babf598,2026-05-28_10h31.47.621,WP1_3,2025.2.3,Win32,147.0588235,661403131cecbe255b64ca6f,6a030b8ba3607712b5d4bf26,,,,,,,,,,,,,,,,,,,,,,,,,,,,,,,,,,,,,,,,,,,,,,,,,,,,,,,,,,,,,,,,,,,,,,,,,,,,,,,,,,,,,,582.7039,582.7045,,,,,,,,,,,,,,,,,,,,,,,,,,,,,,,,,,,,,,,,,,,,,,,,,,,,,,,,,,,,,,
,,,,,6a180ae96bcc768c0babf598,2026-05-28_10h31.47.621,WP1_3,2025.2.3,Win32,147.0588235,661403131cecbe255b64ca6f,6a030b8ba3607712b5d4bf26,,,,,,,,,,,,,,,,,,,,,,,,,,,,,,,,,,,,,,,,,,,,,,,,,,,,,,,,,,,,,,,,,,,,,,,,,,,,,,,,,,,,,,,,582.705,601.6469,space,18.9105,,,,,,,,,,,,,,,,,,,,,,,,,,,,,,,,,,,,,,,,,,,,,,,,,,,,,,,,,,
,,,,,6a180ae96bcc768c0babf598,2026-05-28_10h31.47.621,WP1_3,2025.2.3,Win32,147.0588235,661403131cecbe255b64ca6f,6a030b8ba3607712b5d4bf26,,,,,,,,,,,,,,,,,,,,,,,,,,,,,,,,,,,,,,,,,,,,,,,,,,,,,,,,,,,,,,,,,,,,,,,,,,,,,,,,,,,,,,,,,,,,,601.6473,607.9555,space,6.2864,,,,,,,,,,,,,,,,,,,,,,,,,,,,,,,,,,,,,,,,,,,,,,,,,,,,,
,,,,,6a180ae96bcc768c0babf598,2026-05-28_10h31.47.621,WP1_3,2025.2.3,Win32,147.0588235,661403131cecbe255b64ca6f,6a030b8ba3607712b5d4bf26,,,,,,,,,,,,,,,,,,,,,,,,,,,,,,,,,,,,,,,,,,,,,,,,,,,,,,,,,,,,2,,,,,,,,,,,,,,,,,,,,,,,,,,,,,,,,,,,,,,1.885423197,607.96,609.846,609.8489,610.5713,p,0.522,,TRUE,1,FALSE,,FALSE,,0,0,0,0,1,,,,,,,,,,,,,,,,,,,,,,,,,,,,,,,,,
,,,,,6a180ae96bcc768c0babf598,2026-05-28_10h31.47.621,WP1_3,2025.2.3,Win32,147.0588235,661403131cecbe255b64ca6f,6a030b8ba3607712b5d4bf26,,,,,,,,,,,,,,,,,,,,,,,,,,,,,,,,,,,,,,,,,,,,,,,,,,,,,,,,,,,,3,,,,,,,,,,,,,,,,,,,,,,,,,,,,,,,,,,,,,,2.391618443,610.5723,612.9601,612.9618,613.763,p,0.7341,,TRUE,2,FALSE,,FALSE,,1,0,1,0,1,,,,,,,,,,,,,,,,,,,,,,,,,,,,,,,,,
,,,,,6a180ae96bcc768c0babf598,2026-05-28_10h31.47.621,WP1_3,2025.2.3,Win32,147.0588235,661403131cecbe255b64ca6f,6a030b8ba3607712b5d4bf26,,,,,,,,,,,,,,,,,,,,,,,,,,,,,,,,,,,,,,,,,,,,,,,,,,,,,,,,,,,,46,,,,,,,,,,,,,,,,,,,,,,,,,,,,,,,,,,,,,,2.033091907,613.764,615.7878,615.7886,616.5505,p,0.6909,,TRUE,3,TRUE,,FALSE,,2,0,2,0,1,,,,,,,,,,,,,,,,,,,,,,,,,,,,,,,,,
,,,,,6a180ae96bcc768c0babf598,2026-05-28_10h31.47.621,WP1_3,2025.2.3,Win32,147.0588235,661403131cecbe255b64ca6f,6a030b8ba3607712b5d4bf26,,,,,,,,,,,,,,,,,,,,,,,,,,,,,,,,,,,,,,,,,,,,,,,,,,,,,,,,,,,,34,,,,,,,,,,,,,,,,,,,,,,,,,,,,,,,,,,,,,,2.090207589,616.5515,618.6423,618.6433,619.2411,q,0.5136,,TRUE,4,FALSE,,FALSE,,3,0,3,0,1,,,,,,,,,,,,,,,,,,,,,,,,,,,,,,,,,
,,,,,6a180ae96bcc768c0babf598,2026-05-28_10h31.47.621,WP1_3,2025.2.3,Win32,147.0588235,661403131cecbe255b64ca6f,6a030b8ba3607712b5d4bf26,,,,,,,,,,,,,,,,,,,,,,,,,,,,,,,,,,,,,,,,,,,,,,,,,,,,,,,,,,,,18,,,,,,,,,,,,,,,,,,,,,,,,,,,,,,,,,,,,,,2.271469083,619.2421,621.5113,621.5127,622.3594,q,0.7753,,TRUE,5,FALSE,,FALSE,,4,0,4,0,1,,,,,,,,,,,,,,,,,,,,,,,,,,,,,,,,,
,,,,,6a180ae96bcc768c0babf598,2026-05-28_10h31.47.621,WP1_3,2025.2.3,Win32,147.0588235,661403131cecbe255b64ca6f,6a030b8ba3607712b5d4bf26,,,,,,,,,,,,,,,,,,,,,,,,,,,,,,,,,,,,,,,,,,,,,,,,,,,,,,,,,,,,,,,,,,,,,,,,,,,,,,,,,,,,,,,,,,,,,,,,,,,,,,,,,,,,,,,,,,,,,622.3605,628.9912,space,6.6122,,,,,,,,,,,,,,,,,,,,,,,,,,,,,
,,,,,6a180ae96bcc768c0babf598,2026-05-28_10h31.47.621,WP1_3,2025.2.3,Win32,147.0588235,661403131cecbe255b64ca6f,6a030b8ba3607712b5d4bf26,,,,,,,,,,,,,,,,,,,,,,,,,,,,,,,,,,,,,,,,,,,,,,,,,,,,,,,,,,,,96,stim_fam/096_rgray_250.png,,,,,,,,,,,,,,,,,,,,,,,,,,,,,,,,,,,,,2.05406864,628.9954,631.0453,,,,,,,,FALSE,,FALSE,,,,,,,,,,,,631.0472,631.6518,p,0.5014,,1,46,1,1,250,novel,,,FALSE,631.6526,631.654,631.6543,631.6568,,0,0,0,0,1,,,,
,,,,,6a180ae96bcc768c0babf598,2026-05-28_10h31.47.621,WP1_3,2025.2.3,Win32,147.0588235,661403131cecbe255b64ca6f,6a030b8ba3607712b5d4bf26,,,,,,,,,,,,,,,,,,,,,,,,,,,,,,,,,,,,,,,,,,,,,,,,,,,,,,,,,,,,12,Celebrities_Faces/012_02_greyscale_250.png,,,,,,,,,,,,,,,,,,,,,,,,,,,,,,,,,,,,,2.373674605,631.6572,634.0305,,,,,,,,TRUE,,FALSE,,,,,,,,,,,,634.0317,634.6835,q,0.5763,,2,4,1,1,2,familiar,,,FALSE,634.684,634.6842,634.6842,634.6842,,1,0,1,0,1,,,,
,,,,,6a180ae96bcc768c0babf598,2026-05-28_10h31.47.621,WP1_3,2025.2.3,Win32,147.0588235,661403131cecbe255b64ca6f,6a030b8ba3607712b5d4bf26,,,,,,,,,,,,,,,,,,,,,,,,,,,,,,,,,,,,,,,,,,,,,,,,,,,,,,,,,,,,71,stim_fam/071_rgray_250.png,,,,,,,,,,,,,,,,,,,,,,,,,,,,,,,,,,,,,1.936990277,634.6847,636.6207,,,,,,,,FALSE,,FALSE,,,,,,,,,,,,636.6225,637.284,p,0.5969,,3,52,1,1,250,novel,,,FALSE,637.2842,637.2842,637.2844,637.2844,,2,0,2,0,1,,,,
,,,,,6a180ae96bcc768c0babf598,2026-05-28_10h31.47.621,WP1_3,2025.2.3,Win32,147.0588235,661403131cecbe255b64ca6f,6a030b8ba3607712b5d4bf26,,,,,,,,,,,,,,,,,,,,,,,,,,,,,,,,,,,,,,,,,,,,,,,,,,,,,,,,,,,,95,stim_fam/095_rgray_250.png,,,,,,,,,,,,,,,,,,,,,,,,,,,,,,,,,,,,,2.21658456,637.2848,639.5009,,,,,,,,FALSE,,FALSE,,,,,,,,,,,,639.5016,640.1008,q,0.5432,,4,37,1,1,250,novel,,,FALSE,640.1013,640.1015,640.1015,640.1017,,3,0,3,0,1,,,,
,,,,,6a180ae96bcc768c0babf598,2026-05-28_10h31.47.621,WP1_3,2025.2.3,Win32,147.0588235,661403131cecbe255b64ca6f,6a030b8ba3607712b5d4bf26,,,,,,,,,,,,,,,,,,,,,,,,,,,,,,,,,,,,,,,,,,,,,,,,,,,,,,,,,,,,82,stim_fam/082_rgray_250.png,,,,,,,,,,,,,,,,,,,,,,,,,,,,,,,,,,,,,2.293624459,640.1023,642.3917,,,,,,,,FALSE,,FALSE,,,,,,,,,,,,642.3931,643.0812,q,0.6208,,5,57,1,1,250,novel,,,FALSE,643.0814,643.0815,643.0816,643.0816,,4,0,4,0,1,,,,
,,,,,6a180ae96bcc768c0babf598,2026-05-28_10h31.47.621,WP1_3,2025.2.3,Win32,147.0588235,661403131cecbe255b64ca6f,6a030b8ba3607712b5d4bf26,,,,,,,,,,,,,,,,,,,,,,,,,,,,,,,,,,,,,,,,,,,,,,,,,,,,,,,,,,,,17,stim_fam/017_rgray_250.png,,,,,,,,,,,,,,,,,,,,,,,,,,,,,,,,,,,,,1.733155031,643.082,644.8152,,,,,,,,FALSE,,FALSE,,,,,,,,,,,,644.8171,645.6153,q,0.6548,,6,51,1,1,250,novel,,,FALSE,645.6156,645.6157,645.6158,645.6159,,5,0,5,0,1,,,,
,,,,,6a180ae96bcc768c0babf598,2026-05-28_10h31.47.621,WP1_3,2025.2.3,Win32,147.0588235,661403131cecbe255b64ca6f,6a030b8ba3607712b5d4bf26,,,,,,,,,,,,,,,,,,,,,,,,,,,,,,,,,,,,,,,,,,,,,,,,,,,,,,,,,,,,8,stim_fam/008_rgray_250.png,,,,,,,,,,,,,,,,,,,,,,,,,,,,,,,,,,,,,2.012186761,645.6163,647.6276,,,,,,,,FALSE,,FALSE,,,,,,,,,,,,647.6292,648.3044,p,0.6115,,7,40,1,1,250,novel,,,FALSE,648.3048,648.3051,648.3051,648.3054,,6,0,6,0,1,,,,
,,,,,6a180ae96bcc768c0babf598,2026-05-28_10h31.47.621,WP1_3,2025.2.3,Win32,147.0588235,661403131cecbe255b64ca6f,6a030b8ba3607712b5d4bf26,,,,,,,,,,,,,,,,,,,,,,,,,,,,,,,,,,,,,,,,,,,,,,,,,,,,,,,,,,,,81,stim_fam/081_rgray_250.png,,,,,,,,,,,,,,,,,,,,,,,,,,,,,,,,,,,,,1.536802919,648.3062,649.8432,,,,,,,,FALSE,,FALSE,,,,,,,,,,,,649.8448,650.5594,p,0.6501,,8,41,1,1,250,novel,,,FALSE,650.5598,650.56,650.56,650.5601,,7,0,7,0,1,,,,
,,,,,6a180ae96bcc768c0babf598,2026-05-28_10h31.47.621,WP1_3,2025.2.3,Win32,147.0588235,661403131cecbe255b64ca6f,6a030b8ba3607712b5d4bf26,,,,,,,,,,,,,,,,,,,,,,,,,,,,,,,,,,,,,,,,,,,,,,,,,,,,,,,,,,,,83,stim_fam/083_rgray_250.png,,,,,,,,,,,,,,,,,,,,,,,,,,,,,,,,,,,,,2.155285104,650.5607,652.7178,,,,,,,,FALSE,,FALSE,,,,,,,,,,,,652.7203,653.5669,p,0.7655,,9,47,1,1,250,novel,,,FALSE,653.5672,653.5675,653.5676,653.5677,,8,0,8,0,1,,,,
,,,,,6a180ae96bcc768c0babf598,2026-05-28_10h31.47.621,WP1_3,2025.2.3,Win32,147.0588235,661403131cecbe255b64ca6f,6a030b8ba3607712b5d4bf26,,,,,,,,,,,,,,,,,,,,,,,,,,,,,,,,,,,,,,,,,,,,,,,,,,,,,,,,,,,,47,Celebrities_Faces/047_01_greyscale_250.png,,,,,,,,,,,,,,,,,,,,,,,,,,,,,,,,,,,,,1.912479135,653.5684,655.4809,,,,,,,,TRUE,,FALSE,,,,,,,,,,,,655.482,656.1261,p,0.5537,,10,17,1,1,1,familiar,,,FALSE,656.1266,656.1268,656.1269,656.1271,,9,0,9,0,1,,,,
,,,,,6a180ae96bcc768c0babf598,2026-05-28_10h31.47.621,WP1_3,2025.2.3,Win32,147.0588235,661403131cecbe255b64ca6f,6a030b8ba3607712b5d4bf26,,,,,,,,,,,,,,,,,,,,,,,,,,,,,,,,,,,,,,,,,,,,,,,,,,,,,,,,,,,,59,Celebrities_Faces/059_03_greyscale_250.png,,,,,,,,,,,,,,,,,,,,,,,,,,,,,,,,,,,,,2.43058393,656.1278,658.5576,,,,,,,,TRUE,,FALSE,,,,,,,,,,,,658.5585,659.1727,q,0.5427,,11,20,1,1,3,familiar,,,FALSE,659.1731,659.1732,659.1732,659.1733,,10,0,10,0,1,,,,
,,,,,6a180ae96bcc768c0babf598,2026-05-28_10h31.47.621,WP1_3,2025.2.3,Win32,147.0588235,661403131cecbe255b64ca6f,6a030b8ba3607712b5d4bf26,,,,,,,,,,,,,,,,,,,,,,,,,,,,,,,,,,,,,,,,,,,,,,,,,,,,,,,,,,,,78,stim_fam/078_rgray_250.png,,,,,,,,,,,,,,,,,,,,,,,,,,,,,,,,,,,,,2.342709994,659.1739,661.5172,,,,,,,,FALSE,,FALSE,,,,,,,,,,,,661.519,662.3947,p,0.7536,,12,43,1,1,250,novel,,,FALSE,662.3949,662.395,662.3951,662.3955,,11,0,11,0,1,,,,
,,,,,6a180ae96bcc768c0babf598,2026-05-28_10h31.47.621,WP1_3,2025.2.3,Win32,147.0588235,661403131cecbe255b64ca6f,6a030b8ba3607712b5d4bf26,,,,,,,,,,,,,,,,,,,,,,,,,,,,,,,,,,,,,,,,,,,,,,,,,,,,,,,,,,,,89,stim_fam/089_rgray_250.png,,,,,,,,,,,,,,,,,,,,,,,,,,,,,,,,,,,,,1.980013334,662.3958,664.3772,,,,,,,,FALSE,,FALSE,,,,,,,,,,,,664.3796,665.2083,p,0.6525,,13,38,1,1,250,novel,,,FALSE,665.2088,665.209,665.209,665.2092,,12,0,12,0,1,,,,
,,,,,6a180ae96bcc768c0babf598,2026-05-28_10h31.47.621,WP1_3,2025.2.3,Win32,147.0588235,661403131cecbe255b64ca6f,6a030b8ba3607712b5d4bf26,,,,,,,,,,,,,,,,,,,,,,,,,,,,,,,,,,,,,,,,,,,,,,,,,,,,,,,,,,,,52,stim_fam/052_rgray_250.png,,,,,,,,,,,,,,,,,,,,,,,,,,,,,,,,,,,,,1.547122428,665.2101,666.7521,,,,,,,,FALSE,,FALSE,,,,,,,,,,,,666.7538,667.6475,p,0.7838,,14,44,1,1,250,novel,,,FALSE,667.6479,667.6481,667.6482,667.6483,,13,0,13,0,1,,,,
,,,,,6a180ae96bcc768c0babf598,2026-05-28_10h31.47.621,WP1_3,2025.2.3,Win32,147.0588235,661403131cecbe255b64ca6f,6a030b8ba3607712b5d4bf26,,,,,,,,,,,,,,,,,,,,,,,,,,,,,,,,,,,,,,,,,,,,,,,,,,,,,,,,,,,,57,stim_fam/057_rgray_250.png,,,,,,,,,,,,,,,,,,,,,,,,,,,,,,,,,,,,,2.06925857,667.6491,669.7169,,,,,,,,FALSE,,FALSE,,,,,,,,,,,,669.719,670.4667,p,0.6464,,15,49,1,1,250,novel,,,FALSE,670.467,670.4672,670.4673,670.4673,,14,0,14,0,1,,,,
,,,,,6a180ae96bcc768c0babf598,2026-05-28_10h31.47.621,WP1_3,2025.2.3,Win32,147.0588235,661403131cecbe255b64ca6f,6a030b8ba3607712b5d4bf26,,,,,,,,,,,,,,,,,,,,,,,,,,,,,,,,,,,,,,,,,,,,,,,,,,,,,,,,,,,,39,Celebrities_Faces/039_01_greyscale_250.png,,,,,,,,,,,,,,,,,,,,,,,,,,,,,,,,,,,,,1.683937389,670.4679,672.1527,,,,,,,,TRUE,,FALSE,,,,,,,,,,,,672.1533,672.768,p,0.5558,,16,30,1,1,1,familiar,,,FALSE,672.7685,672.7686,672.7687,672.7688,,15,0,15,0,1,,,,
,,,,,6a180ae96bcc768c0babf598,2026-05-28_10h31.47.621,WP1_3,2025.2.3,Win32,147.0588235,661403131cecbe255b64ca6f,6a030b8ba3607712b5d4bf26,,,,,,,,,,,,,,,,,,,,,,,,,,,,,,,,,,,,,,,,,,,,,,,,,,,,,,,,,,,,51,Celebrities_Faces/051_02_greyscale_250.png,,,,,,,,,,,,,,,,,,,,,,,,,,,,,,,,,,,,,2.044376126,672.7694,674.8142,,,,,,,,TRUE,,FALSE,,,,,,,,,,,,674.8158,675.6017,q,0.6191,,17,24,1,1,2,familiar,,,FALSE,675.6022,675.6024,675.6024,675.6026,,16,0,16,0,1,,,,
,,,,,6a180ae96bcc768c0babf598,2026-05-28_10h31.47.621,WP1_3,2025.2.3,Win32,147.0588235,661403131cecbe255b64ca6f,6a030b8ba3607712b5d4bf26,,,,,,,,,,,,,,,,,,,,,,,,,,,,,,,,,,,,,,,,,,,,,,,,,,,,,,,,,,,,19,Celebrities_Faces/019_03_greyscale_250.png,,,,,,,,,,,,,,,,,,,,,,,,,,,,,,,,,,,,,2.171832003,675.6033,677.7724,,,,,,,,TRUE,,FALSE,,,,,,,,,,,,677.7737,678.8446,q,0.9982,,18,14,1,1,3,familiar,,,FALSE,678.8451,678.8452,678.8453,678.8455,,17,0,17,0,1,,,,
,,,,,6a180ae96bcc768c0babf598,2026-05-28_10h31.47.621,WP1_3,2025.2.3,Win32,147.0588235,661403131cecbe255b64ca6f,6a030b8ba3607712b5d4bf26,,,,,,,,,,,,,,,,,,,,,,,,,,,,,,,,,,,,,,,,,,,,,,,,,,,,,,,,,,,,32,Celebrities_Faces/032_03_greyscale_250.png,,,,,,,,,,,,,,,,,,,,,,,,,,,,,,,,,,,,,1.643370749,678.8461,680.4886,,,,,,,,TRUE,,FALSE,,,,,,,,,,,,680.4902,681.3052,q,0.7429,,19,21,1,1,3,familiar,,,FALSE,681.3054,681.3054,681.3054,681.3054,,18,0,18,0,1,,,,
,,,,,6a180ae96bcc768c0babf598,2026-05-28_10h31.47.621,WP1_3,2025.2.3,Win32,147.0588235,661403131cecbe255b64ca6f,6a030b8ba3607712b5d4bf26,,,,,,,,,,,,,,,,,,,,,,,,,,,,,,,,,,,,,,,,,,,,,,,,,,,,,,,,,,,,39,stim_fam/039_rgray_250.png,,,,,,,,,,,,,,,,,,,,,,,,,,,,,,,,,,,,,1.933453444,681.3058,683.2424,,,,,,,,FALSE,,FALSE,,,,,,,,,,,,683.245,684.033,p,0.6987,,20,39,1,1,250,novel,,,FALSE,684.0335,684.0337,684.0337,684.0338,,19,0,19,0,1,,,,
,,,,,6a180ae96bcc768c0babf598,2026-05-28_10h31.47.621,WP1_3,2025.2.3,Win32,147.0588235,661403131cecbe255b64ca6f,6a030b8ba3607712b5d4bf26,,,,,,,,,,,,,,,,,,,,,,,,,,,,,,,,,,,,,,,,,,,,,,,,,,,,,,,,,,,,26,Celebrities_Faces/026_02_greyscale_250.png,,,,,,,,,,,,,,,,,,,,,,,,,,,,,,,,,,,,,1.530885012,684.0344,685.5642,,,,,,,,TRUE,,FALSE,,,,,,,,,,,,685.5656,686.6153,p,0.9314,,21,12,1,1,2,familiar,,,FALSE,686.6156,686.6158,686.6158,686.6159,,20,0,20,0,1,,,,
,,,,,6a180ae96bcc768c0babf598,2026-05-28_10h31.47.621,WP1_3,2025.2.3,Win32,147.0588235,661403131cecbe255b64ca6f,6a030b8ba3607712b5d4bf26,,,,,,,,,,,,,,,,,,,,,,,,,,,,,,,,,,,,,,,,,,,,,,,,,,,,,,,,,,,,42,Celebrities_Faces/042_01_greyscale_250.png,,,,,,,,,,,,,,,,,,,,,,,,,,,,,,,,,,,,,1.850882321,686.6166,688.4763,,,,,,,,TRUE,,FALSE,,,,,,,,,,,,688.4766,689.4991,q,0.9385,,22,5,1,1,1,familiar,,,FALSE,689.4993,689.4993,689.4994,689.4994,,21,0,21,0,1,,,,
,,,,,6a180ae96bcc768c0babf598,2026-05-28_10h31.47.621,WP1_3,2025.2.3,Win32,147.0588235,661403131cecbe255b64ca6f,6a030b8ba3607712b5d4bf26,,,,,,,,,,,,,,,,,,,,,,,,,,,,,,,,,,,,,,,,,,,,,,,,,,,,,,,,,,,,73,stim_fam/073_rgray_250.png,,,,,,,,,,,,,,,,,,,,,,,,,,,,,,,,,,,,,1.529982175,689.4997,691.029,,,,,,,,FALSE,,FALSE,,,,,,,,,,,,691.031,691.8487,p,0.7504,,23,50,1,1,250,novel,,,FALSE,691.8491,691.8495,691.8496,691.8498,,22,0,22,0,1,,,,
,,,,,6a180ae96bcc768c0babf598,2026-05-28_10h31.47.621,WP1_3,2025.2.3,Win32,147.0588235,661403131cecbe255b64ca6f,6a030b8ba3607712b5d4bf26,,,,,,,,,,,,,,,,,,,,,,,,,,,,,,,,,,,,,,,,,,,,,,,,,,,,,,,,,,,,14,stim_fam/014_rgray_250.png,,,,,,,,,,,,,,,,,,,,,,,,,,,,,,,,,,,,,2.055449888,691.8503,693.9054,,,,,,,,FALSE,,FALSE,,,,,,,,,,,,693.9067,694.7881,p,0.8073,,24,59,1,1,250,novel,,,FALSE,694.7885,694.7886,694.7887,694.7888,,23,0,23,0,1,,,,
,,,,,6a180ae96bcc768c0babf598,2026-05-28_10h31.47.621,WP1_3,2025.2.3,Win32,147.0588235,661403131cecbe255b64ca6f,6a030b8ba3607712b5d4bf26,,,,,,,,,,,,,,,,,,,,,,,,,,,,,,,,,,,,,,,,,,,,,,,,,,,,,,,,,,,,72,stim_fam/072_rgray_250.png,,,,,,,,,,,,,,,,,,,,,,,,,,,,,,,,,,,,,2.402451621,694.7896,697.1876,,,,,,,,FALSE,,FALSE,,,,,,,,,,,,697.1891,697.8604,q,0.4954,,25,31,1,1,250,novel,,,FALSE,697.8606,697.8607,697.8607,697.8608,,24,0,24,0,1,,,,
,,,,,6a180ae96bcc768c0babf598,2026-05-28_10h31.47.621,WP1_3,2025.2.3,Win32,147.0588235,661403131cecbe255b64ca6f,6a030b8ba3607712b5d4bf26,,,,,,,,,,,,,,,,,,,,,,,,,,,,,,,,,,,,,,,,,,,,,,,,,,,,,,,,,,,,41,stim_fam/041_rgray_250.png,,,,,,,,,,,,,,,,,,,,,,,,,,,,,,,,,,,,,1.888580341,697.8612,699.7508,,,,,,,,FALSE,,FALSE,,,,,,,,,,,,699.7517,700.4198,p,0.5979,,26,32,1,1,250,novel,,,FALSE,700.4201,700.4203,700.4203,700.4205,,25,0,25,0,1,,,,
,,,,,6a180ae96bcc768c0babf598,2026-05-28_10h31.47.621,WP1_3,2025.2.3,Win32,147.0588235,661403131cecbe255b64ca6f,6a030b8ba3607712b5d4bf26,,,,,,,,,,,,,,,,,,,,,,,,,,,,,,,,,,,,,,,,,,,,,,,,,,,,,,,,,,,,56,Celebrities_Faces/056_02_greyscale_250.png,,,,,,,,,,,,,,,,,,,,,,,,,,,,,,,,,,,,,1.946984773,700.4211,702.3701,,,,,,,,TRUE,,FALSE,,,,,,,,,,,,702.372,703.0842,q,0.6479,,27,2,1,1,2,familiar,,,FALSE,703.0847,703.0847,703.085,703.0852,,26,0,26,0,1,,,,
,,,,,6a180ae96bcc768c0babf598,2026-05-28_10h31.47.621,WP1_3,2025.2.3,Win32,147.0588235,661403131cecbe255b64ca6f,6a030b8ba3607712b5d4bf26,,,,,,,,,,,,,,,,,,,,,,,,,,,,,,,,,,,,,,,,,,,,,,,,,,,,,,,,,,,,10,Celebrities_Faces/010_03_greyscale_250.png,,,,,,,,,,,,,,,,,,,,,,,,,,,,,,,,,,,,,2.27088933,703.086,705.3536,,,,,,,,TRUE,,FALSE,,,,,,,,,,,,705.3553,706.2219,q,0.8035,,28,1,1,1,3,familiar,,,FALSE,706.2222,706.2228,706.2229,706.223,,27,0,27,0,1,,,,
,,,,,6a180ae96bcc768c0babf598,2026-05-28_10h31.47.621,WP1_3,2025.2.3,Win32,147.0588235,661403131cecbe255b64ca6f,6a030b8ba3607712b5d4bf26,,,,,,,,,,,,,,,,,,,,,,,,,,,,,,,,,,,,,,,,,,,,,,,,,,,,,,,,,,,,53,stim_fam/053_rgray_250.png,,,,,,,,,,,,,,,,,,,,,,,,,,,,,,,,,,,,,2.341120062,706.2235,708.5634,,,,,,,,FALSE,,FALSE,,,,,,,,,,,,708.5645,709.2866,p,0.6519,,29,60,1,1,250,novel,,,FALSE,709.2869,709.287,709.2872,709.2873,,28,0,28,0,1,,,,
,,,,,6a180ae96bcc768c0babf598,2026-05-28_10h31.47.621,WP1_3,2025.2.3,Win32,147.0588235,661403131cecbe255b64ca6f,6a030b8ba3607712b5d4bf26,,,,,,,,,,,,,,,,,,,,,,,,,,,,,,,,,,,,,,,,,,,,,,,,,,,,,,,,,,,,13,stim_fam/013_rgray_250.png,,,,,,,,,,,,,,,,,,,,,,,,,,,,,,,,,,,,,2.421243201,709.2879,711.7092,,,,,,,,FALSE,,FALSE,,,,,,,,,,,,711.7117,712.4686,p,0.6075,,30,56,1,1,250,novel,,,FALSE,712.4688,712.4689,712.4689,712.469,,29,0,29,0,1,,,,
,,,,,6a180ae96bcc768c0babf598,2026-05-28_10h31.47.621,WP1_3,2025.2.3,Win32,147.0588235,661403131cecbe255b64ca6f,6a030b8ba3607712b5d4bf26,,,,,,,,,,,,,,,,,,,,,,,,,,,,,,,,,,,,,,,,,,,,,,,,,,,,,,,,,,,,5,stim_fam/005_rgray_250.png,,,,,,,,,,,,,,,,,,,,,,,,,,,,,,,,,,,,,1.841836067,712.4694,714.3075,,,,,,,,FALSE,,FALSE,,,,,,,,,,,,714.3089,715.2767,p,0.8922,,31,45,1,1,250,novel,,,FALSE,715.2771,715.2771,715.2772,715.2772,,30,0,30,0,1,,,,
,,,,,6a180ae96bcc768c0babf598,2026-05-28_10h31.47.621,WP1_3,2025.2.3,Win32,147.0588235,661403131cecbe255b64ca6f,6a030b8ba3607712b5d4bf26,,,,,,,,,,,,,,,,,,,,,,,,,,,,,,,,,,,,,,,,,,,,,,,,,,,,,,,,,,,,29,Celebrities_Faces/029_01_greyscale_250.png,,,,,,,,,,,,,,,,,,,,,,,,,,,,,,,,,,,,,1.725758822,715.2783,717.001,,,,,,,,TRUE,,FALSE,,,,,,,,,,,,717.0025,717.866,q,0.7941,,32,26,1,1,1,familiar,,,FALSE,717.8664,717.8664,717.8665,717.8666,,31,0,31,0,1,,,,
,,,,,6a180ae96bcc768c0babf598,2026-05-28_10h31.47.621,WP1_3,2025.2.3,Win32,147.0588235,661403131cecbe255b64ca6f,6a030b8ba3607712b5d4bf26,,,,,,,,,,,,,,,,,,,,,,,,,,,,,,,,,,,,,,,,,,,,,,,,,,,,,,,,,,,,2,Celebrities_Faces/002_02_greyscale_250.png,,,,,,,,,,,,,,,,,,,,,,,,,,,,,,,,,,,,,2.188348777,717.8672,720.0514,,,,,,,,TRUE,,FALSE,,,,,,,,,,,,720.0526,720.6528,p,0.5386,,33,9,1,1,2,familiar,,,FALSE,720.6532,720.6535,720.6536,720.6538,,32,0,32,0,1,,,,
,,,,,6a180ae96bcc768c0babf598,2026-05-28_10h31.47.621,WP1_3,2025.2.3,Win32,147.0588235,661403131cecbe255b64ca6f,6a030b8ba3607712b5d4bf26,,,,,,,,,,,,,,,,,,,,,,,,,,,,,,,,,,,,,,,,,,,,,,,,,,,,,,,,,,,,52,Celebrities_Faces/052_02_greyscale_250.png,,,,,,,,,,,,,,,,,,,,,,,,,,,,,,,,,,,,,1.798554505,720.6543,722.4518,,,,,,,,TRUE,,FALSE,,,,,,,,,,,,722.4529,723.2175,q,0.6814,,34,7,1,1,2,familiar,,,FALSE,723.2179,723.218,723.218,723.2181,,33,0,33,0,1,,,,
,,,,,6a180ae96bcc768c0babf598,2026-05-28_10h31.47.621,WP1_3,2025.2.3,Win32,147.0588235,661403131cecbe255b64ca6f,6a030b8ba3607712b5d4bf26,,,,,,,,,,,,,,,,,,,,,,,,,,,,,,,,,,,,,,,,,,,,,,,,,,,,,,,,,,,,55,stim_fam/055_rgray_250.png,,,,,,,,,,,,,,,,,,,,,,,,,,,,,,,,,,,,,2.32544582,723.2186,725.5419,,,,,,,,FALSE,,FALSE,,,,,,,,,,,,725.543,726.5609,p,0.8802,,35,42,1,1,250,novel,,,FALSE,726.5611,726.5612,726.5612,726.5614,,34,0,34,0,1,,,,
,,,,,6a180ae96bcc768c0babf598,2026-05-28_10h31.47.621,WP1_3,2025.2.3,Win32,147.0588235,661403131cecbe255b64ca6f,6a030b8ba3607712b5d4bf26,,,,,,,,,,,,,,,,,,,,,,,,,,,,,,,,,,,,,,,,,,,,,,,,,,,,,,,,,,,,1,Celebrities_Faces/001_01_greyscale_250.png,,,,,,,,,,,,,,,,,,,,,,,,,,,,,,,,,,,,,2.271211296,726.5618,728.8346,,,,,,,,TRUE,,FALSE,,,,,,,,,,,,728.8359,729.6095,q,0.6919,,36,3,1,1,1,familiar,,,FALSE,729.6098,729.6099,729.6099,729.61,,35,0,35,0,1,,,,
,,,,,6a180ae96bcc768c0babf598,2026-05-28_10h31.47.621,WP1_3,2025.2.3,Win32,147.0588235,661403131cecbe255b64ca6f,6a030b8ba3607712b5d4bf26,,,,,,,,,,,,,,,,,,,,,,,,,,,,,,,,,,,,,,,,,,,,,,,,,,,,,,,,,,,,8,Celebrities_Faces/008_02_greyscale_250.png,,,,,,,,,,,,,,,,,,,,,,,,,,,,,,,,,,,,,1.942203462,729.6105,731.5498,,,,,,,,TRUE,,FALSE,,,,,,,,,,,,731.5516,732.2599,q,0.6151,,37,6,1,1,2,familiar,,,FALSE,732.2602,732.2603,732.2604,732.2605,,36,0,36,0,1,,,,
,,,,,6a180ae96bcc768c0babf598,2026-05-28_10h31.47.621,WP1_3,2025.2.3,Win32,147.0588235,661403131cecbe255b64ca6f,6a030b8ba3607712b5d4bf26,,,,,,,,,,,,,,,,,,,,,,,,,,,,,,,,,,,,,,,,,,,,,,,,,,,,,,,,,,,,45,stim_fam/045_rgray_250.png,,,,,,,,,,,,,,,,,,,,,,,,,,,,,,,,,,,,,1.582214218,732.2613,733.8416,,,,,,,,FALSE,,FALSE,,,,,,,,,,,,733.8434,734.8252,q,0.913,,38,36,1,1,250,novel,,,FALSE,734.8254,734.8254,734.8254,734.8254,,37,0,37,0,1,,,,
,,,,,6a180ae96bcc768c0babf598,2026-05-28_10h31.47.621,WP1_3,2025.2.3,Win32,147.0588235,661403131cecbe255b64ca6f,6a030b8ba3607712b5d4bf26,,,,,,,,,,,,,,,,,,,,,,,,,,,,,,,,,,,,,,,,,,,,,,,,,,,,,,,,,,,,38,Celebrities_Faces/038_01_greyscale_250.png,,,,,,,,,,,,,,,,,,,,,,,,,,,,,,,,,,,,,1.811397603,734.8262,736.6379,,,,,,,,TRUE,,FALSE,,,,,,,,,,,,736.6396,737.3493,q,0.628,,39,11,1,1,1,familiar,,,FALSE,737.3496,737.3498,737.3499,737.3499,,38,0,38,0,1,,,,
,,,,,6a180ae96bcc768c0babf598,2026-05-28_10h31.47.621,WP1_3,2025.2.3,Win32,147.0588235,661403131cecbe255b64ca6f,6a030b8ba3607712b5d4bf26,,,,,,,,,,,,,,,,,,,,,,,,,,,,,,,,,,,,,,,,,,,,,,,,,,,,,,,,,,,,50,Celebrities_Faces/050_01_greyscale_250.png,,,,,,,,,,,,,,,,,,,,,,,,,,,,,,,,,,,,,1.756060239,737.3505,739.1028,,,,,,,,TRUE,,FALSE,,,,,,,,,,,,739.1041,739.9263,q,0.7619,,40,25,1,1,1,familiar,,,FALSE,739.9267,739.9268,739.9269,739.927,,39,0,39,0,1,,,,
,,,,,6a180ae96bcc768c0babf598,2026-05-28_10h31.47.621,WP1_3,2025.2.3,Win32,147.0588235,661403131cecbe255b64ca6f,6a030b8ba3607712b5d4bf26,,,,,,,,,,,,,,,,,,,,,,,,,,,,,,,,,,,,,,,,,,,,,,,,,,,,,,,,,,,,34,Celebrities_Faces/034_03_greyscale_250.png,,,,,,,,,,,,,,,,,,,,,,,,,,,,,,,,,,,,,2.067869231,739.9274,741.992,,,,,,,,TRUE,,FALSE,,,,,,,,,,,,741.9939,742.7178,q,0.6504,,41,22,1,1,3,familiar,,,FALSE,742.7183,742.7183,742.7184,742.7184,,40,0,40,0,1,,,,
,,,,,6a180ae96bcc768c0babf598,2026-05-28_10h31.47.621,WP1_3,2025.2.3,Win32,147.0588235,661403131cecbe255b64ca6f,6a030b8ba3607712b5d4bf26,,,,,,,,,,,,,,,,,,,,,,,,,,,,,,,,,,,,,,,,,,,,,,,,,,,,,,,,,,,,21,stim_fam/021_rgray_250.png,,,,,,,,,,,,,,,,,,,,,,,,,,,,,,,,,,,,,1.915446598,742.7186,744.6318,,,,,,,,FALSE,,FALSE,,,,,,,,,,,,744.6332,745.6626,p,0.9464,,42,34,1,1,250,novel,,,FALSE,745.663,745.6632,745.6633,745.6638,,41,0,41,0,1,,,,
,,,,,6a180ae96bcc768c0babf598,2026-05-28_10h31.47.621,WP1_3,2025.2.3,Win32,147.0588235,661403131cecbe255b64ca6f,6a030b8ba3607712b5d4bf26,,,,,,,,,,,,,,,,,,,,,,,,,,,,,,,,,,,,,,,,,,,,,,,,,,,,,,,,,,,,21,Celebrities_Faces/021_02_greyscale_250.png,,,,,,,,,,,,,,,,,,,,,,,,,,,,,,,,,,,,,2.045542741,745.6644,747.7067,,,,,,,,TRUE,,FALSE,,,,,,,,,,,,747.7077,748.7531,q,0.9615,,43,19,1,1,2,familiar,,,FALSE,748.7535,748.7536,748.7537,748.7538,,42,0,42,0,1,,,,
,,,,,6a180ae96bcc768c0babf598,2026-05-28_10h31.47.621,WP1_3,2025.2.3,Win32,147.0588235,661403131cecbe255b64ca6f,6a030b8ba3607712b5d4bf26,,,,,,,,,,,,,,,,,,,,,,,,,,,,,,,,,,,,,,,,,,,,,,,,,,,,,,,,,,,,14,Celebrities_Faces/014_03_greyscale_250.png,,,,,,,,,,,,,,,,,,,,,,,,,,,,,,,,,,,,,2.121511281,748.7544,750.8752,,,,,,,,TRUE,,FALSE,,,,,,,,,,,,750.8766,751.7481,q,0.7929,,44,8,1,1,3,familiar,,,FALSE,751.7484,751.7484,751.7484,751.7485,,43,0,43,0,1,,,,
,,,,,6a180ae96bcc768c0babf598,2026-05-28_10h31.47.621,WP1_3,2025.2.3,Win32,147.0588235,661403131cecbe255b64ca6f,6a030b8ba3607712b5d4bf26,,,,,,,,,,,,,,,,,,,,,,,,,,,,,,,,,,,,,,,,,,,,,,,,,,,,,,,,,,,,75,stim_fam/075_rgray_250.png,,,,,,,,,,,,,,,,,,,,,,,,,,,,,,,,,,,,,2.025001354,751.7488,753.7724,,,,,,,,FALSE,,FALSE,,,,,,,,,,,,753.7737,754.5713,p,0.7315,,45,53,1,1,250,novel,,,FALSE,754.5715,754.5716,754.5716,754.5716,,44,0,44,0,1,,,,
,,,,,6a180ae96bcc768c0babf598,2026-05-28_10h31.47.621,WP1_3,2025.2.3,Win32,147.0588235,661403131cecbe255b64ca6f,6a030b8ba3607712b5d4bf26,,,,,,,,,,,,,,,,,,,,,,,,,,,,,,,,,,,,,,,,,,,,,,,,,,,,,,,,,,,,57,Celebrities_Faces/057_01_greyscale_250.png,,,,,,,,,,,,,,,,,,,,,,,,,,,,,,,,,,,,,2.151185305,754.5718,756.7248,,,,,,,,TRUE,,TRUE,,,,,,,,,,,,756.7265,757.8301,p,1.0066,,46,13,1,1,1,familiar,,,FALSE,757.8313,758.8282,758.8283,758.8286,,45,0,45,0,1,,,,
,,,,,6a180ae96bcc768c0babf598,2026-05-28_10h31.47.621,WP1_3,2025.2.3,Win32,147.0588235,661403131cecbe255b64ca6f,6a030b8ba3607712b5d4bf26,,,,,,,,,,,,,,,,,,,,,,,,,,,,,,,,,,,,,,,,,,,,,,,,,,,,,,,,,,,,53,Celebrities_Faces/053_02_greyscale_250.png,,,,,,,,,,,,,,,,,,,,,,,,,,,,,,,,,,,,,2.429780743,758.8292,761.2558,,,,,,,,TRUE,,FALSE,,,,,,,,,,,,761.2573,761.8913,q,0.5163,,47,18,1,1,2,familiar,,,FALSE,761.8916,761.8917,761.8918,761.8918,,46,0,46,0,1,,,,
,,,,,6a180ae96bcc768c0babf598,2026-05-28_10h31.47.621,WP1_3,2025.2.3,Win32,147.0588235,661403131cecbe255b64ca6f,6a030b8ba3607712b5d4bf26,,,,,,,,,,,,,,,,,,,,,,,,,,,,,,,,,,,,,,,,,,,,,,,,,,,,,,,,,,,,28,stim_fam/028_rgray_250.png,,,,,,,,,,,,,,,,,,,,,,,,,,,,,,,,,,,,,2.488056143,761.8924,764.3802,,,,,,,,FALSE,,FALSE,,,,,,,,,,,,764.3823,765.2886,q,0.7993,,48,55,1,1,250,novel,,,FALSE,765.2891,765.2893,765.2893,765.2895,,47,0,47,0,1,,,,
,,,,,6a180ae96bcc768c0babf598,2026-05-28_10h31.47.621,WP1_3,2025.2.3,Win32,147.0588235,661403131cecbe255b64ca6f,6a030b8ba3607712b5d4bf26,,,,,,,,,,,,,,,,,,,,,,,,,,,,,,,,,,,,,,,,,,,,,,,,,,,,,,,,,,,,48,stim_fam/048_rgray_250.png,,,,,,,,,,,,,,,,,,,,,,,,,,,,,,,,,,,,,1.762475112,765.2901,767.0498,,,,,,,,FALSE,,FALSE,,,,,,,,,,,,767.051,767.6597,p,0.5352,,49,33,1,1,250,novel,,,FALSE,767.6602,767.6603,767.6603,767.6603,,48,0,48,0,1,,,,
,,,,,6a180ae96bcc768c0babf598,2026-05-28_10h31.47.621,WP1_3,2025.2.3,Win32,147.0588235,661403131cecbe255b64ca6f,6a030b8ba3607712b5d4bf26,,,,,,,,,,,,,,,,,,,,,,,,,,,,,,,,,,,,,,,,,,,,,,,,,,,,,,,,,,,,15,Celebrities_Faces/015_02_greyscale_250.png,,,,,,,,,,,,,,,,,,,,,,,,,,,,,,,,,,,,,1.73609877,767.6607,769.3955,,,,,,,,TRUE,,FALSE,,,,,,,,,,,,769.3966,770.0508,p,0.5784,,50,29,1,1,2,familiar,,,FALSE,770.0512,770.0512,770.0513,770.0514,,49,0,49,0,1,,,,
,,,,,6a180ae96bcc768c0babf598,2026-05-28_10h31.47.621,WP1_3,2025.2.3,Win32,147.0588235,661403131cecbe255b64ca6f,6a030b8ba3607712b5d4bf26,,,,,,,,,,,,,,,,,,,,,,,,,,,,,,,,,,,,,,,,,,,,,,,,,,,,,,,,,,,,20,Celebrities_Faces/020_03_greyscale_250.png,,,,,,,,,,,,,,,,,,,,,,,,,,,,,,,,,,,,,2.318288941,770.0518,772.3714,,,,,,,,TRUE,,FALSE,,,,,,,,,,,,772.3726,772.9246,q,0.4866,,51,16,1,1,3,familiar,,,FALSE,772.9249,772.925,772.925,772.9252,,50,0,50,0,1,,,,
,,,,,6a180ae96bcc768c0babf598,2026-05-28_10h31.47.621,WP1_3,2025.2.3,Win32,147.0588235,661403131cecbe255b64ca6f,6a030b8ba3607712b5d4bf26,,,,,,,,,,,,,,,,,,,,,,,,,,,,,,,,,,,,,,,,,,,,,,,,,,,,,,,,,,,,26,stim_fam/026_rgray_250.png,,,,,,,,,,,,,,,,,,,,,,,,,,,,,,,,,,,,,2.2770902,772.9255,775.2046,,,,,,,,FALSE,,FALSE,,,,,,,,,,,,775.2059,775.989,p,0.7167,,52,35,1,1,250,novel,,,FALSE,775.9894,775.9896,775.9897,775.9898,,51,0,51,0,1,,,,
,,,,,6a180ae96bcc768c0babf598,2026-05-28_10h31.47.621,WP1_3,2025.2.3,Win32,147.0588235,661403131cecbe255b64ca6f,6a030b8ba3607712b5d4bf26,,,,,,,,,,,,,,,,,,,,,,,,,,,,,,,,,,,,,,,,,,,,,,,,,,,,,,,,,,,,17,Celebrities_Faces/017_01_greyscale_250.png,,,,,,,,,,,,,,,,,,,,,,,,,,,,,,,,,,,,,1.614301462,775.9903,777.6052,,,,,,,,TRUE,,FALSE,,,,,,,,,,,,777.6063,778.4203,q,0.687,,53,27,1,1,1,familiar,,,FALSE,778.4205,778.4206,778.4206,778.4206,,52,0,52,0,1,,,,
,,,,,6a180ae96bcc768c0babf598,2026-05-28_10h31.47.621,WP1_3,2025.2.3,Win32,147.0588235,661403131cecbe255b64ca6f,6a030b8ba3607712b5d4bf26,,,,,,,,,,,,,,,,,,,,,,,,,,,,,,,,,,,,,,,,,,,,,,,,,,,,,,,,,,,,42,stim_fam/042_rgray_250.png,,,,,,,,,,,,,,,,,,,,,,,,,,,,,,,,,,,,,2.367851068,778.4211,780.7888,,,,,,,,FALSE,,FALSE,,,,,,,,,,,,780.7898,781.4622,q,0.5186,,54,54,1,1,250,novel,,,FALSE,781.4624,781.4624,781.4625,781.4626,,53,0,53,0,1,,,,
,,,,,6a180ae96bcc768c0babf598,2026-05-28_10h31.47.621,WP1_3,2025.2.3,Win32,147.0588235,661403131cecbe255b64ca6f,6a030b8ba3607712b5d4bf26,,,,,,,,,,,,,,,,,,,,,,,,,,,,,,,,,,,,,,,,,,,,,,,,,,,,,,,,,,,,15,stim_fam/015_rgray_250.png,,,,,,,,,,,,,,,,,,,,,,,,,,,,,,,,,,,,,2.366793766,781.4628,783.8267,,,,,,,,FALSE,,FALSE,,,,,,,,,,,,783.828,784.4873,p,0.5167,,55,48,1,1,250,novel,,,FALSE,784.4875,784.4876,784.4876,784.4876,,54,0,54,0,1,,,,
,,,,,6a180ae96bcc768c0babf598,2026-05-28_10h31.47.621,WP1_3,2025.2.3,Win32,147.0588235,661403131cecbe255b64ca6f,6a030b8ba3607712b5d4bf26,,,,,,,,,,,,,,,,,,,,,,,,,,,,,,,,,,,,,,,,,,,,,,,,,,,,,,,,,,,,3,Celebrities_Faces/003_03_greyscale_250.png,,,,,,,,,,,,,,,,,,,,,,,,,,,,,,,,,,,,,1.741051941,784.4879,786.2292,,,,,,,,TRUE,,FALSE,,,,,,,,,,,,786.2309,787.1448,q,0.853,,56,28,1,1,3,familiar,,,FALSE,787.145,787.1451,787.1451,787.1451,,55,0,55,0,1,,,,
,,,,,6a180ae96bcc768c0babf598,2026-05-28_10h31.47.621,WP1_3,2025.2.3,Win32,147.0588235,661403131cecbe255b64ca6f,6a030b8ba3607712b5d4bf26,,,,,,,,,,,,,,,,,,,,,,,,,,,,,,,,,,,,,,,,,,,,,,,,,,,,,,,,,,,,30,Celebrities_Faces/030_01_greyscale_250.png,,,,,,,,,,,,,,,,,,,,,,,,,,,,,,,,,,,,,2.474225802,787.1455,789.6116,,,,,,,,TRUE,,FALSE,,,,,,,,,,,,789.6126,790.3629,p,0.6593,,57,10,1,1,1,familiar,,,FALSE,790.3632,790.3634,790.3634,790.3635,,56,0,56,0,1,,,,
,,,,,6a180ae96bcc768c0babf598,2026-05-28_10h31.47.621,WP1_3,2025.2.3,Win32,147.0588235,661403131cecbe255b64ca6f,6a030b8ba3607712b5d4bf26,,,,,,,,,,,,,,,,,,,,,,,,,,,,,,,,,,,,,,,,,,,,,,,,,,,,,,,,,,,,47,stim_fam/047_rgray_250.png,,,,,,,,,,,,,,,,,,,,,,,,,,,,,,,,,,,,,1.81478589,790.3642,792.1811,,,,,,,,FALSE,,FALSE,,,,,,,,,,,,792.1821,793.085,p,0.8425,,58,58,1,1,250,novel,,,FALSE,793.0854,793.0855,793.0855,793.0857,,57,0,57,0,1,,,,
,,,,,6a180ae96bcc768c0babf598,2026-05-28_10h31.47.621,WP1_3,2025.2.3,Win32,147.0588235,661403131cecbe255b64ca6f,6a030b8ba3607712b5d4bf26,,,,,,,,,,,,,,,,,,,,,,,,,,,,,,,,,,,,,,,,,,,,,,,,,,,,,,,,,,,,23,Celebrities_Faces/023_03_greyscale_250.png,,,,,,,,,,,,,,,,,,,,,,,,,,,,,,,,,,,,,2.03000214,793.0864,795.1118,,,,,,,,TRUE,,FALSE,,,,,,,,,,,,795.1132,795.7985,q,0.5785,,59,15,1,1,3,familiar,,,FALSE,795.7988,795.7989,795.7989,795.799,,58,0,58,0,1,,,,
,,,,,6a180ae96bcc768c0babf598,2026-05-28_10h31.47.621,WP1_3,2025.2.3,Win32,147.0588235,661403131cecbe255b64ca6f,6a030b8ba3607712b5d4bf26,,,,,,,,,,,,,,,,,,,,,,,,,,,,,,,,,,,,,,,,,,,,,,,,,,,,,,,,,,,,6,Celebrities_Faces/006_02_greyscale_250.png,,,,,,,,,,,,,,,,,,,,,,,,,,,,,,,,,,,,,1.598564758,795.7993,797.3948,,,,,,,,TRUE,,FALSE,,,,,,,,,,,,797.396,798.0186,p,0.5667,,60,23,1,1,2,familiar,,,FALSE,798.0188,798.0188,798.019,813.0283,space,59,0,59,0,1,14.9983,,,
,,,,,6a180ae96bcc768c0babf598,2026-05-28_10h31.47.621,WP1_3,2025.2.3,Win32,147.0588235,661403131cecbe255b64ca6f,6a030b8ba3607712b5d4bf26,,,,,,,,,,,,,,,,,,,,,,,,,,,,,,,,,,,,,,,,,,,,,,,,,,,,,,,,,,,,58,stim_fam/058_rgray_250.png,,,,,,,,,,,,,,,,,,,,,,,,,,,,,,,,,,,,,1.68284718,813.0292,814.7076,,,,,,,,FALSE,,FALSE,,,,,,,,,,,,814.7087,815.6003,p,0.7764,,61,111,2,1,250,novel,,,FALSE,815.6006,815.6006,815.6006,815.6006,,60,0,60,0,1,,,,
,,,,,6a180ae96bcc768c0babf598,2026-05-28_10h31.47.621,WP1_3,2025.2.3,Win32,147.0588235,661403131cecbe255b64ca6f,6a030b8ba3607712b5d4bf26,,,,,,,,,,,,,,,,,,,,,,,,,,,,,,,,,,,,,,,,,,,,,,,,,,,,,,,,,,,,79,stim_fam/079_rgray_250.png,,,,,,,,,,,,,,,,,,,,,,,,,,,,,,,,,,,,,2.410105848,815.601,818.0097,,,,,,,,FALSE,,FALSE,,,,,,,,,,,,818.0109,818.7472,p,0.5833,,62,112,2,1,250,novel,,,FALSE,818.7474,818.7481,818.7482,818.7483,,61,0,61,0,1,,,,
,,,,,6a180ae96bcc768c0babf598,2026-05-28_10h31.47.621,WP1_3,2025.2.3,Win32,147.0588235,661403131cecbe255b64ca6f,6a030b8ba3607712b5d4bf26,,,,,,,,,,,,,,,,,,,,,,,,,,,,,,,,,,,,,,,,,,,,,,,,,,,,,,,,,,,,10,Celebrities_Faces/010_01_greyscale_250.png,,,,,,,,,,,,,,,,,,,,,,,,,,,,,,,,,,,,,2.14309596,818.749,820.8845,,,,,,,,TRUE,,FALSE,,,,,,,,,,,,820.8857,821.6096,q,0.6539,,63,61,2,1,1,familiar,,,FALSE,821.6098,821.6099,821.6099,821.6099,,62,0,62,0,1,,,,
,,,,,6a180ae96bcc768c0babf598,2026-05-28_10h31.47.621,WP1_3,2025.2.3,Win32,147.0588235,661403131cecbe255b64ca6f,6a030b8ba3607712b5d4bf26,,,,,,,,,,,,,,,,,,,,,,,,,,,,,,,,,,,,,,,,,,,,,,,,,,,,,,,,,,,,7,stim_fam/007_rgray_250.png,,,,,,,,,,,,,,,,,,,,,,,,,,,,,,,,,,,,,1.93689994,821.6105,823.5475,,,,,,,,FALSE,,FALSE,,,,,,,,,,,,823.5492,824.2049,p,0.5894,,64,103,2,1,250,novel,,,FALSE,824.2052,824.2052,824.2052,824.2052,,63,0,63,0,1,,,,
,,,,,6a180ae96bcc768c0babf598,2026-05-28_10h31.47.621,WP1_3,2025.2.3,Win32,147.0588235,661403131cecbe255b64ca6f,6a030b8ba3607712b5d4bf26,,,,,,,,,,,,,,,,,,,,,,,,,,,,,,,,,,,,,,,,,,,,,,,,,,,,,,,,,,,,2,Celebrities_Faces/002_03_greyscale_250.png,,,,,,,,,,,,,,,,,,,,,,,,,,,,,,,,,,,,,2.169073358,824.2056,826.3735,,,,,,,,TRUE,,FALSE,,,,,,,,,,,,826.3754,827.1469,q,0.6015,,65,69,2,1,3,familiar,,,FALSE,827.1472,827.1473,827.1473,827.1473,,64,0,64,0,1,,,,
,,,,,6a180ae96bcc768c0babf598,2026-05-28_10h31.47.621,WP1_3,2025.2.3,Win32,147.0588235,661403131cecbe255b64ca6f,6a030b8ba3607712b5d4bf26,,,,,,,,,,,,,,,,,,,,,,,,,,,,,,,,,,,,,,,,,,,,,,,,,,,,,,,,,,,,26,Celebrities_Faces/026_01_greyscale_250.png,,,,,,,,,,,,,,,,,,,,,,,,,,,,,,,,,,,,,1.527916854,827.1478,828.6757,,,,,,,,TRUE,,FALSE,,,,,,,,,,,,828.677,829.5191,q,0.7156,,66,72,2,1,1,familiar,,,FALSE,829.5193,829.5194,829.5194,829.5194,,65,0,65,0,1,,,,
,,,,,6a180ae96bcc768c0babf598,2026-05-28_10h31.47.621,WP1_3,2025.2.3,Win32,147.0588235,661403131cecbe255b64ca6f,6a030b8ba3607712b5d4bf26,,,,,,,,,,,,,,,,,,,,,,,,,,,,,,,,,,,,,,,,,,,,,,,,,,,,,,,,,,,,66,stim_fam/066_rgray_250.png,,,,,,,,,,,,,,,,,,,,,,,,,,,,,,,,,,,,,1.602445394,829.5198,831.1219,,,,,,,,FALSE,,FALSE,,,,,,,,,,,,831.1239,832.036,p,0.7656,,67,98,2,1,250,novel,,,FALSE,832.0366,832.0368,832.0368,832.0369,,66,0,66,0,1,,,,
,,,,,6a180ae96bcc768c0babf598,2026-05-28_10h31.47.621,WP1_3,2025.2.3,Win32,147.0588235,661403131cecbe255b64ca6f,6a030b8ba3607712b5d4bf26,,,,,,,,,,,,,,,,,,,,,,,,,,,,,,,,,,,,,,,,,,,,,,,,,,,,,,,,,,,,3,Celebrities_Faces/003_02_greyscale_250.png,,,,,,,,,,,,,,,,,,,,,,,,,,,,,,,,,,,,,1.970651137,832.0375,834.0038,,,,,,,,TRUE,,FALSE,,,,,,,,,,,,834.0057,834.5493,p,0.4674,,68,88,2,1,2,familiar,,,FALSE,834.5499,834.55,834.5501,834.5502,,67,0,67,0,1,,,,
,,,,,6a180ae96bcc768c0babf598,2026-05-28_10h31.47.621,WP1_3,2025.2.3,Win32,147.0588235,661403131cecbe255b64ca6f,6a030b8ba3607712b5d4bf26,,,,,,,,,,,,,,,,,,,,,,,,,,,,,,,,,,,,,,,,,,,,,,,,,,,,,,,,,,,,30,Celebrities_Faces/030_03_greyscale_250.png,,,,,,,,,,,,,,,,,,,,,,,,,,,,,,,,,,,,,2.153035675,834.5508,836.6993,,,,,,,,TRUE,,FALSE,,,,,,,,,,,,836.701,837.2755,q,0.511,,69,70,2,1,3,familiar,,,FALSE,837.2758,837.2759,837.2759,837.2759,,68,0,68,0,1,,,,
,,,,,6a180ae96bcc768c0babf598,2026-05-28_10h31.47.621,WP1_3,2025.2.3,Win32,147.0588235,661403131cecbe255b64ca6f,6a030b8ba3607712b5d4bf26,,,,,,,,,,,,,,,,,,,,,,,,,,,,,,,,,,,,,,,,,,,,,,,,,,,,,,,,,,,,42,Celebrities_Faces/042_03_greyscale_250.png,,,,,,,,,,,,,,,,,,,,,,,,,,,,,,,,,,,,,1.79672493,837.2764,839.0685,,,,,,,,TRUE,,FALSE,,,,,,,,,,,,839.0695,839.6807,p,0.5454,,70,65,2,1,3,familiar,,,FALSE,839.6809,839.6811,839.6811,839.6811,,69,0,69,0,1,,,,
,,,,,6a180ae96bcc768c0babf598,2026-05-28_10h31.47.621,WP1_3,2025.2.3,Win32,147.0588235,661403131cecbe255b64ca6f,6a030b8ba3607712b5d4bf26,,,,,,,,,,,,,,,,,,,,,,,,,,,,,,,,,,,,,,,,,,,,,,,,,,,,,,,,,,,,69,stim_fam/069_rgray_250.png,,,,,,,,,,,,,,,,,,,,,,,,,,,,,,,,,,,,,1.533021378,839.6815,841.2132,,,,,,,,FALSE,,FALSE,,,,,,,,,,,,841.2143,842.1591,p,0.8156,,71,113,2,1,250,novel,,,FALSE,842.1595,842.1595,842.1596,842.1597,,70,0,70,0,1,,,,
,,,,,6a180ae96bcc768c0babf598,2026-05-28_10h31.47.621,WP1_3,2025.2.3,Win32,147.0588235,661403131cecbe255b64ca6f,6a030b8ba3607712b5d4bf26,,,,,,,,,,,,,,,,,,,,,,,,,,,,,,,,,,,,,,,,,,,,,,,,,,,,,,,,,,,,56,Celebrities_Faces/056_01_greyscale_250.png,,,,,,,,,,,,,,,,,,,,,,,,,,,,,,,,,,,,,2.395480235,842.1603,844.5527,,,,,,,,TRUE,,FALSE,,,,,,,,,,,,844.5535,845.1658,q,0.5573,,72,62,2,1,1,familiar,,,FALSE,845.1661,845.1662,845.1662,845.1662,,71,0,71,0,1,,,,
,,,,,6a180ae96bcc768c0babf598,2026-05-28_10h31.47.621,WP1_3,2025.2.3,Win32,147.0588235,661403131cecbe255b64ca6f,6a030b8ba3607712b5d4bf26,,,,,,,,,,,,,,,,,,,,,,,,,,,,,,,,,,,,,,,,,,,,,,,,,,,,,,,,,,,,14,Celebrities_Faces/014_02_greyscale_250.png,,,,,,,,,,,,,,,,,,,,,,,,,,,,,,,,,,,,,1.501530392,845.1665,846.6645,,,,,,,,TRUE,,FALSE,,,,,,,,,,,,846.6655,847.5036,q,0.7408,,73,68,2,1,2,familiar,,,FALSE,847.504,847.5047,847.5047,847.5053,,72,0,72,0,1,,,,
,,,,,6a180ae96bcc768c0babf598,2026-05-28_10h31.47.621,WP1_3,2025.2.3,Win32,147.0588235,661403131cecbe255b64ca6f,6a030b8ba3607712b5d4bf26,,,,,,,,,,,,,,,,,,,,,,,,,,,,,,,,,,,,,,,,,,,,,,,,,,,,,,,,,,,,30,stim_fam/030_rgray_250.png,,,,,,,,,,,,,,,,,,,,,,,,,,,,,,,,,,,,,2.168577366,847.5064,849.671,,,,,,,,FALSE,,FALSE,,,,,,,,,,,,849.6716,850.6243,p,0.7976,,74,104,2,1,250,novel,,,FALSE,850.6246,850.6247,850.6247,850.6247,,73,0,73,0,1,,,,
,,,,,6a180ae96bcc768c0babf598,2026-05-28_10h31.47.621,WP1_3,2025.2.3,Win32,147.0588235,661403131cecbe255b64ca6f,6a030b8ba3607712b5d4bf26,,,,,,,,,,,,,,,,,,,,,,,,,,,,,,,,,,,,,,,,,,,,,,,,,,,,,,,,,,,,23,Celebrities_Faces/023_01_greyscale_250.png,,,,,,,,,,,,,,,,,,,,,,,,,,,,,,,,,,,,,1.57738156,850.6251,852.199,,,,,,,,TRUE,,FALSE,,,,,,,,,,,,852.1997,852.9492,q,0.641,,75,75,2,1,1,familiar,,,FALSE,852.9493,852.9494,852.9494,852.9494,,74,0,74,0,1,,,,
,,,,,6a180ae96bcc768c0babf598,2026-05-28_10h31.47.621,WP1_3,2025.2.3,Win32,147.0588235,661403131cecbe255b64ca6f,6a030b8ba3607712b5d4bf26,,,,,,,,,,,,,,,,,,,,,,,,,,,,,,,,,,,,,,,,,,,,,,,,,,,,,,,,,,,,94,stim_fam/094_rgray_250.png,,,,,,,,,,,,,,,,,,,,,,,,,,,,,,,,,,,,,2.416957199,852.9497,855.3658,,,,,,,,FALSE,,FALSE,,,,,,,,,,,,855.367,856.0773,p,0.5377,,76,106,2,1,250,novel,,,FALSE,856.0777,856.0779,856.0781,856.0782,,75,0,75,0,1,,,,
,,,,,6a180ae96bcc768c0babf598,2026-05-28_10h31.47.621,WP1_3,2025.2.3,Win32,147.0588235,661403131cecbe255b64ca6f,6a030b8ba3607712b5d4bf26,,,,,,,,,,,,,,,,,,,,,,,,,,,,,,,,,,,,,,,,,,,,,,,,,,,,,,,,,,,,6,Celebrities_Faces/006_03_greyscale_250.png,,,,,,,,,,,,,,,,,,,,,,,,,,,,,,,,,,,,,1.527025782,856.0785,857.6013,,,,,,,,TRUE,,FALSE,,,,,,,,,,,,857.6018,858.4137,q,0.6008,,77,83,2,1,3,familiar,,,FALSE,858.414,858.4141,858.4141,858.4141,,76,0,76,0,1,,,,
,,,,,6a180ae96bcc768c0babf598,2026-05-28_10h31.47.621,WP1_3,2025.2.3,Win32,147.0588235,661403131cecbe255b64ca6f,6a030b8ba3607712b5d4bf26,,,,,,,,,,,,,,,,,,,,,,,,,,,,,,,,,,,,,,,,,,,,,,,,,,,,,,,,,,,,38,stim_fam/038_rgray_250.png,,,,,,,,,,,,,,,,,,,,,,,,,,,,,,,,,,,,,2.210895258,858.4145,860.6216,,,,,,,,FALSE,,FALSE,,,,,,,,,,,,860.6233,861.3517,p,0.6073,,78,117,2,1,250,novel,,,FALSE,861.3519,861.3519,861.3519,861.3519,,77,0,77,0,1,,,,
,,,,,6a180ae96bcc768c0babf598,2026-05-28_10h31.47.621,WP1_3,2025.2.3,Win32,147.0588235,661403131cecbe255b64ca6f,6a030b8ba3607712b5d4bf26,,,,,,,,,,,,,,,,,,,,,,,,,,,,,,,,,,,,,,,,,,,,,,,,,,,,,,,,,,,,21,Celebrities_Faces/021_01_greyscale_250.png,,,,,,,,,,,,,,,,,,,,,,,,,,,,,,,,,,,,,2.003090047,861.3523,863.351,,,,,,,,TRUE,,FALSE,,,,,,,,,,,,863.3523,864.1152,q,0.5623,,79,79,2,1,1,familiar,,,FALSE,864.1157,864.1159,864.1159,864.1161,,78,0,78,0,1,,,,
,,,,,6a180ae96bcc768c0babf598,2026-05-28_10h31.47.621,WP1_3,2025.2.3,Win32,147.0588235,661403131cecbe255b64ca6f,6a030b8ba3607712b5d4bf26,,,,,,,,,,,,,,,,,,,,,,,,,,,,,,,,,,,,,,,,,,,,,,,,,,,,,,,,,,,,101,stim_fam/101_rgray_250.png,,,,,,,,,,,,,,,,,,,,,,,,,,,,,,,,,,,,,2.078188325,864.1162,866.1907,,,,,,,,FALSE,,FALSE,,,,,,,,,,,,866.1916,866.8445,p,0.5697,,80,118,2,1,250,novel,,,FALSE,866.8448,866.8449,866.8449,866.845,,79,0,79,0,1,,,,
,,,,,6a180ae96bcc768c0babf598,2026-05-28_10h31.47.621,WP1_3,2025.2.3,Win32,147.0588235,661403131cecbe255b64ca6f,6a030b8ba3607712b5d4bf26,,,,,,,,,,,,,,,,,,,,,,,,,,,,,,,,,,,,,,,,,,,,,,,,,,,,,,,,,,,,8,Celebrities_Faces/008_03_greyscale_250.png,,,,,,,,,,,,,,,,,,,,,,,,,,,,,,,,,,,,,1.914882232,866.8454,868.7605,,,,,,,,TRUE,,FALSE,,,,,,,,,,,,868.7612,869.3588,q,0.506,,81,66,2,1,3,familiar,,,FALSE,869.359,869.3591,869.3591,869.3592,,80,0,80,0,1,,,,
,,,,,6a180ae96bcc768c0babf598,2026-05-28_10h31.47.621,WP1_3,2025.2.3,Win32,147.0588235,661403131cecbe255b64ca6f,6a030b8ba3607712b5d4bf26,,,,,,,,,,,,,,,,,,,,,,,,,,,,,,,,,,,,,,,,,,,,,,,,,,,,,,,,,,,,4,stim_fam/004_rgray_250.png,,,,,,,,,,,,,,,,,,,,,,,,,,,,,,,,,,,,,2.217173473,869.3596,871.5734,,,,,,,,FALSE,,FALSE,,,,,,,,,,,,871.5738,872.5877,p,0.9511,,82,92,2,1,250,novel,,,FALSE,872.5879,872.5879,872.5879,872.5879,,81,0,81,0,1,,,,
,,,,,6a180ae96bcc768c0babf598,2026-05-28_10h31.47.621,WP1_3,2025.2.3,Win32,147.0588235,661403131cecbe255b64ca6f,6a030b8ba3607712b5d4bf26,,,,,,,,,,,,,,,,,,,,,,,,,,,,,,,,,,,,,,,,,,,,,,,,,,,,,,,,,,,,35,stim_fam/035_rgray_250.png,,,,,,,,,,,,,,,,,,,,,,,,,,,,,,,,,,,,,2.13864584,872.5883,874.7267,,,,,,,,FALSE,,FALSE,,,,,,,,,,,,874.7278,875.5872,p,0.7372,,83,99,2,1,250,novel,,,FALSE,875.5875,875.5877,875.5877,875.5884,,82,0,82,0,1,,,,
,,,,,6a180ae96bcc768c0babf598,2026-05-28_10h31.47.621,WP1_3,2025.2.3,Win32,147.0588235,661403131cecbe255b64ca6f,6a030b8ba3607712b5d4bf26,,,,,,,,,,,,,,,,,,,,,,,,,,,,,,,,,,,,,,,,,,,,,,,,,,,,,,,,,,,,6,stim_fam/006_rgray_250.png,,,,,,,,,,,,,,,,,,,,,,,,,,,,,,,,,,,,,1.709929026,875.5893,877.2959,,,,,,,,FALSE,,FALSE,,,,,,,,,,,,877.2973,878.1531,p,0.7686,,84,95,2,1,250,novel,,,FALSE,878.1534,878.1535,878.1535,878.1537,,83,0,83,0,1,,,,
,,,,,6a180ae96bcc768c0babf598,2026-05-28_10h31.47.621,WP1_3,2025.2.3,Win32,147.0588235,661403131cecbe255b64ca6f,6a030b8ba3607712b5d4bf26,,,,,,,,,,,,,,,,,,,,,,,,,,,,,,,,,,,,,,,,,,,,,,,,,,,,,,,,,,,,38,Celebrities_Faces/038_03_greyscale_250.png,,,,,,,,,,,,,,,,,,,,,,,,,,,,,,,,,,,,,1.786965456,878.1547,879.942,,,,,,,,TRUE,,FALSE,,,,,,,,,,,,879.9436,880.5897,q,0.5726,,85,71,2,1,3,familiar,,,FALSE,880.59,880.5902,880.5903,880.5904,,84,0,84,0,1,,,,
,,,,,6a180ae96bcc768c0babf598,2026-05-28_10h31.47.621,WP1_3,2025.2.3,Win32,147.0588235,661403131cecbe255b64ca6f,6a030b8ba3607712b5d4bf26,,,,,,,,,,,,,,,,,,,,,,,,,,,,,,,,,,,,,,,,,,,,,,,,,,,,,,,,,,,,53,Celebrities_Faces/053_03_greyscale_250.png,,,,,,,,,,,,,,,,,,,,,,,,,,,,,,,,,,,,,2.153530428,880.591,882.7459,,,,,,,,TRUE,,FALSE,,,,,,,,,,,,882.7485,883.3357,p,0.5181,,86,78,2,1,3,familiar,,,FALSE,883.3358,883.3359,883.3359,883.3359,,85,0,85,0,1,,,,
,,,,,6a180ae96bcc768c0babf598,2026-05-28_10h31.47.621,WP1_3,2025.2.3,Win32,147.0588235,661403131cecbe255b64ca6f,6a030b8ba3607712b5d4bf26,,,,,,,,,,,,,,,,,,,,,,,,,,,,,,,,,,,,,,,,,,,,,,,,,,,,,,,,,,,,23,stim_fam/023_rgray_250.png,,,,,,,,,,,,,,,,,,,,,,,,,,,,,,,,,,,,,2.492024347,883.3367,885.8256,,,,,,,,FALSE,,FALSE,,,,,,,,,,,,885.827,886.5677,p,0.6149,,87,120,2,1,250,novel,,,FALSE,886.568,886.5681,886.5682,886.5683,,86,0,86,0,1,,,,
,,,,,6a180ae96bcc768c0babf598,2026-05-28_10h31.47.621,WP1_3,2025.2.3,Win32,147.0588235,661403131cecbe255b64ca6f,6a030b8ba3607712b5d4bf26,,,,,,,,,,,,,,,,,,,,,,,,,,,,,,,,,,,,,,,,,,,,,,,,,,,,,,,,,,,,64,stim_fam/064_rgray_250.png,,,,,,,,,,,,,,,,,,,,,,,,,,,,,,,,,,,,,2.060533022,886.5687,888.6303,,,,,,,,FALSE,,FALSE,,,,,,,,,,,,888.6322,889.301,q,0.5886,,88,108,2,1,250,novel,,,FALSE,889.3017,889.3022,889.3024,889.3025,,87,0,87,0,1,,,,
,,,,,6a180ae96bcc768c0babf598,2026-05-28_10h31.47.621,WP1_3,2025.2.3,Win32,147.0588235,661403131cecbe255b64ca6f,6a030b8ba3607712b5d4bf26,,,,,,,,,,,,,,,,,,,,,,,,,,,,,,,,,,,,,,,,,,,,,,,,,,,,,,,,,,,,68,stim_fam/068_rgray_250.png,,,,,,,,,,,,,,,,,,,,,,,,,,,,,,,,,,,,,2.48770302,889.3032,891.7881,,,,,,,,FALSE,,FALSE,,,,,,,,,,,,891.7884,892.5541,p,0.7044,,89,97,2,1,250,novel,,,FALSE,892.5549,892.555,892.555,892.5551,,88,0,88,0,1,,,,
,,,,,6a180ae96bcc768c0babf598,2026-05-28_10h31.47.621,WP1_3,2025.2.3,Win32,147.0588235,661403131cecbe255b64ca6f,6a030b8ba3607712b5d4bf26,,,,,,,,,,,,,,,,,,,,,,,,,,,,,,,,,,,,,,,,,,,,,,,,,,,,,,,,,,,,61,stim_fam/061_rgray_250.png,,,,,,,,,,,,,,,,,,,,,,,,,,,,,,,,,,,,,2.203604668,892.5555,894.7543,,,,,,,,FALSE,,FALSE,,,,,,,,,,,,894.7559,895.5952,q,0.7453,,90,116,2,1,250,novel,,,FALSE,895.5955,895.5957,895.5957,895.5958,,89,0,89,0,1,,,,
,,,,,6a180ae96bcc768c0babf598,2026-05-28_10h31.47.621,WP1_3,2025.2.3,Win32,147.0588235,661403131cecbe255b64ca6f,6a030b8ba3607712b5d4bf26,,,,,,,,,,,,,,,,,,,,,,,,,,,,,,,,,,,,,,,,,,,,,,,,,,,,,,,,,,,,17,Celebrities_Faces/017_02_greyscale_250.png,,,,,,,,,,,,,,,,,,,,,,,,,,,,,,,,,,,,,2.005907512,895.5965,897.6076,,,,,,,,TRUE,,FALSE,,,,,,,,,,,,897.6097,898.5138,q,0.781,,91,87,2,1,2,familiar,,,FALSE,898.5141,898.5143,898.5143,898.5145,,90,0,90,0,1,,,,
,,,,,6a180ae96bcc768c0babf598,2026-05-28_10h31.47.621,WP1_3,2025.2.3,Win32,147.0588235,661403131cecbe255b64ca6f,6a030b8ba3607712b5d4bf26,,,,,,,,,,,,,,,,,,,,,,,,,,,,,,,,,,,,,,,,,,,,,,,,,,,,,,,,,,,,32,Celebrities_Faces/032_01_greyscale_250.png,,,,,,,,,,,,,,,,,,,,,,,,,,,,,,,,,,,,,1.854702048,898.5154,900.3659,,,,,,,,TRUE,,FALSE,,,,,,,,,,,,900.3676,901.1438,q,0.684,,92,81,2,1,1,familiar,,,FALSE,901.1441,901.1441,901.1441,901.1442,,91,0,91,0,1,,,,
,,,,,6a180ae96bcc768c0babf598,2026-05-28_10h31.47.621,WP1_3,2025.2.3,Win32,147.0588235,661403131cecbe255b64ca6f,6a030b8ba3607712b5d4bf26,,,,,,,,,,,,,,,,,,,,,,,,,,,,,,,,,,,,,,,,,,,,,,,,,,,,,,,,,,,,50,Celebrities_Faces/050_02_greyscale_250.png,,,,,,,,,,,,,,,,,,,,,,,,,,,,,,,,,,,,,2.141779992,901.1447,903.2888,,,,,,,,TRUE,,FALSE,,,,,,,,,,,,903.2905,904.1942,p,0.8001,,93,85,2,1,2,familiar,,,FALSE,904.1944,904.1945,904.1946,904.1946,,92,0,92,0,1,,,,
,,,,,6a180ae96bcc768c0babf598,2026-05-28_10h31.47.621,WP1_3,2025.2.3,Win32,147.0588235,661403131cecbe255b64ca6f,6a030b8ba3607712b5d4bf26,,,,,,,,,,,,,,,,,,,,,,,,,,,,,,,,,,,,,,,,,,,,,,,,,,,,,,,,,,,,29,Celebrities_Faces/029_02_greyscale_250.png,,,,,,,,,,,,,,,,,,,,,,,,,,,,,,,,,,,,,2.30469817,904.1952,906.4964,,,,,,,,TRUE,,FALSE,,,,,,,,,,,,906.4972,907.3558,p,0.7693,,94,86,2,1,2,familiar,,,FALSE,907.3563,907.3563,907.3563,907.3564,,93,0,93,0,1,,,,
,,,,,6a180ae96bcc768c0babf598,2026-05-28_10h31.47.621,WP1_3,2025.2.3,Win32,147.0588235,661403131cecbe255b64ca6f,6a030b8ba3607712b5d4bf26,,,,,,,,,,,,,,,,,,,,,,,,,,,,,,,,,,,,,,,,,,,,,,,,,,,,,,,,,,,,27,stim_fam/027_rgray_250.png,,,,,,,,,,,,,,,,,,,,,,,,,,,,,,,,,,,,,2.238786156,907.3571,909.5948,,,,,,,,FALSE,,FALSE,,,,,,,,,,,,909.5961,910.4077,p,0.7052,,95,119,2,1,250,novel,,,FALSE,910.4081,910.4083,910.4083,910.4085,,94,0,94,0,1,,,,
,,,,,6a180ae96bcc768c0babf598,2026-05-28_10h31.47.621,WP1_3,2025.2.3,Win32,147.0588235,661403131cecbe255b64ca6f,6a030b8ba3607712b5d4bf26,,,,,,,,,,,,,,,,,,,,,,,,,,,,,,,,,,,,,,,,,,,,,,,,,,,,,,,,,,,,84,stim_fam/084_rgray_250.png,,,,,,,,,,,,,,,,,,,,,,,,,,,,,,,,,,,,,2.017528126,910.409,912.43,,,,,,,,FALSE,,FALSE,,,,,,,,,,,,912.4318,913.2319,p,0.7311,,96,110,2,1,250,novel,,,FALSE,913.2322,913.2323,913.2323,913.2323,,95,0,95,0,1,,,,
,,,,,6a180ae96bcc768c0babf598,2026-05-28_10h31.47.621,WP1_3,2025.2.3,Win32,147.0588235,661403131cecbe255b64ca6f,6a030b8ba3607712b5d4bf26,,,,,,,,,,,,,,,,,,,,,,,,,,,,,,,,,,,,,,,,,,,,,,,,,,,,,,,,,,,,50,stim_fam/050_rgray_250.png,,,,,,,,,,,,,,,,,,,,,,,,,,,,,,,,,,,,,2.238836178,913.2329,915.4681,,,,,,,,FALSE,,FALSE,,,,,,,,,,,,915.4692,916.1122,p,0.5653,,97,101,2,1,250,novel,,,FALSE,916.1124,916.1125,916.1125,916.1126,,96,0,96,0,1,,,,
,,,,,6a180ae96bcc768c0babf598,2026-05-28_10h31.47.621,WP1_3,2025.2.3,Win32,147.0588235,661403131cecbe255b64ca6f,6a030b8ba3607712b5d4bf26,,,,,,,,,,,,,,,,,,,,,,,,,,,,,,,,,,,,,,,,,,,,,,,,,,,,,,,,,,,,91,stim_fam/091_rgray_250.png,,,,,,,,,,,,,,,,,,,,,,,,,,,,,,,,,,,,,2.338446262,916.113,918.4489,,,,,,,,FALSE,,FALSE,,,,,,,,,,,,918.45,919.2277,p,0.6069,,98,93,2,1,250,novel,,,FALSE,919.2281,919.2282,919.2282,919.2284,,97,0,97,0,1,,,,
,,,,,6a180ae96bcc768c0babf598,2026-05-28_10h31.47.621,WP1_3,2025.2.3,Win32,147.0588235,661403131cecbe255b64ca6f,6a030b8ba3607712b5d4bf26,,,,,,,,,,,,,,,,,,,,,,,,,,,,,,,,,,,,,,,,,,,,,,,,,,,,,,,,,,,,1,Celebrities_Faces/001_02_greyscale_250.png,,,,,,,,,,,,,,,,,,,,,,,,,,,,,,,,,,,,,2.151805306,919.2289,921.3866,,,,,,,,TRUE,,FALSE,,,,,,,,,,,,921.3872,922.0271,q,0.5844,,99,63,2,1,2,familiar,,,FALSE,922.0275,922.0276,922.0277,922.0278,,98,0,98,0,1,,,,
,,,,,6a180ae96bcc768c0babf598,2026-05-28_10h31.47.621,WP1_3,2025.2.3,Win32,147.0588235,661403131cecbe255b64ca6f,6a030b8ba3607712b5d4bf26,,,,,,,,,,,,,,,,,,,,,,,,,,,,,,,,,,,,,,,,,,,,,,,,,,,,,,,,,,,,49,stim_fam/049_rgray_250.png,,,,,,,,,,,,,,,,,,,,,,,,,,,,,,,,,,,,,1.788921658,922.0285,923.8181,,,,,,,,FALSE,,FALSE,,,,,,,,,,,,923.8192,924.5386,p,0.542,,100,91,2,1,250,novel,,,FALSE,924.5389,924.5389,924.5389,924.539,,99,0,99,0,1,,,,
,,,,,6a180ae96bcc768c0babf598,2026-05-28_10h31.47.621,WP1_3,2025.2.3,Win32,147.0588235,661403131cecbe255b64ca6f,6a030b8ba3607712b5d4bf26,,,,,,,,,,,,,,,,,,,,,,,,,,,,,,,,,,,,,,,,,,,,,,,,,,,,,,,,,,,,20,stim_fam/020_rgray_250.png,,,,,,,,,,,,,,,,,,,,,,,,,,,,,,,,,,,,,1.642203509,924.5393,926.1806,,,,,,,,FALSE,,FALSE,,,,,,,,,,,,926.1817,926.9053,p,0.6041,,101,109,2,1,250,novel,,,FALSE,926.9056,926.9058,926.9058,926.906,,100,0,100,0,1,,,,
,,,,,6a180ae96bcc768c0babf598,2026-05-28_10h31.47.621,WP1_3,2025.2.3,Win32,147.0588235,661403131cecbe255b64ca6f,6a030b8ba3607712b5d4bf26,,,,,,,,,,,,,,,,,,,,,,,,,,,,,,,,,,,,,,,,,,,,,,,,,,,,,,,,,,,,1,stim_fam/001_rgray_250.png,,,,,,,,,,,,,,,,,,,,,,,,,,,,,,,,,,,,,2.485827758,926.9063,929.3921,,,,,,,,FALSE,,FALSE,,,,,,,,,,,,929.3929,930.1646,p,0.6434,,102,102,2,1,250,novel,,,FALSE,930.1648,930.1649,930.1649,930.1651,,101,0,101,0,1,,,,
,,,,,6a180ae96bcc768c0babf598,2026-05-28_10h31.47.621,WP1_3,2025.2.3,Win32,147.0588235,661403131cecbe255b64ca6f,6a030b8ba3607712b5d4bf26,,,,,,,,,,,,,,,,,,,,,,,,,,,,,,,,,,,,,,,,,,,,,,,,,,,,,,,,,,,,15,Celebrities_Faces/015_03_greyscale_250.png,,,,,,,,,,,,,,,,,,,,,,,,,,,,,,,,,,,,,2.366655582,930.1658,932.5284,,,,,,,,TRUE,,FALSE,,,,,,,,,,,,932.5295,933.2009,q,0.6071,,103,89,2,1,3,familiar,,,FALSE,933.2012,933.2013,933.2013,933.2014,,102,0,102,0,1,,,,
,,,,,6a180ae96bcc768c0babf598,2026-05-28_10h31.47.621,WP1_3,2025.2.3,Win32,147.0588235,661403131cecbe255b64ca6f,6a030b8ba3607712b5d4bf26,,,,,,,,,,,,,,,,,,,,,,,,,,,,,,,,,,,,,,,,,,,,,,,,,,,,,,,,,,,,47,Celebrities_Faces/047_03_greyscale_250.png,,,,,,,,,,,,,,,,,,,,,,,,,,,,,,,,,,,,,2.142512106,933.2017,935.343,,,,,,,,TRUE,,FALSE,,,,,,,,,,,,935.3452,936.0213,p,0.5674,,104,77,2,1,3,familiar,,,FALSE,936.0214,936.0214,936.0215,936.0216,,103,0,103,0,1,,,,
,,,,,6a180ae96bcc768c0babf598,2026-05-28_10h31.47.621,WP1_3,2025.2.3,Win32,147.0588235,661403131cecbe255b64ca6f,6a030b8ba3607712b5d4bf26,,,,,,,,,,,,,,,,,,,,,,,,,,,,,,,,,,,,,,,,,,,,,,,,,,,,,,,,,,,,57,Celebrities_Faces/057_03_greyscale_250.png,,,,,,,,,,,,,,,,,,,,,,,,,,,,,,,,,,,,,1.538109349,936.0222,937.5589,,,,,,,,TRUE,,FALSE,,,,,,,,,,,,937.5604,938.2019,p,0.5621,,105,73,2,1,3,familiar,,,FALSE,938.202,938.202,938.202,938.2021,,104,0,104,0,1,,,,
,,,,,6a180ae96bcc768c0babf598,2026-05-28_10h31.47.621,WP1_3,2025.2.3,Win32,147.0588235,661403131cecbe255b64ca6f,6a030b8ba3607712b5d4bf26,,,,,,,,,,,,,,,,,,,,,,,,,,,,,,,,,,,,,,,,,,,,,,,,,,,,,,,,,,,,51,Celebrities_Faces/051_01_greyscale_250.png,,,,,,,,,,,,,,,,,,,,,,,,,,,,,,,,,,,,,2.475111903,938.2024,940.6828,,,,,,,,TRUE,,FALSE,,,,,,,,,,,,940.6848,941.4913,q,0.6642,,106,84,2,1,1,familiar,,,FALSE,941.4918,941.4918,941.4919,941.492,,105,0,105,0,1,,,,
,,,,,6a180ae96bcc768c0babf598,2026-05-28_10h31.47.621,WP1_3,2025.2.3,Win32,147.0588235,661403131cecbe255b64ca6f,6a030b8ba3607712b5d4bf26,,,,,,,,,,,,,,,,,,,,,,,,,,,,,,,,,,,,,,,,,,,,,,,,,,,,,,,,,,,,52,Celebrities_Faces/052_03_greyscale_250.png,,,,,,,,,,,,,,,,,,,,,,,,,,,,,,,,,,,,,2.38290763,941.4928,943.8706,,,,,,,,TRUE,,FALSE,,,,,,,,,,,,943.8721,944.5406,q,0.5969,,107,67,2,1,3,familiar,,,FALSE,944.541,944.5412,944.5412,944.5413,,106,0,106,0,1,,,,
,,,,,6a180ae96bcc768c0babf598,2026-05-28_10h31.47.621,WP1_3,2025.2.3,Win32,147.0588235,661403131cecbe255b64ca6f,6a030b8ba3607712b5d4bf26,,,,,,,,,,,,,,,,,,,,,,,,,,,,,,,,,,,,,,,,,,,,,,,,,,,,,,,,,,,,19,Celebrities_Faces/019_02_greyscale_250.png,,,,,,,,,,,,,,,,,,,,,,,,,,,,,,,,,,,,,1.579282558,944.5419,946.1178,,,,,,,,TRUE,,FALSE,,,,,,,,,,,,946.1185,946.7904,q,0.6032,,108,74,2,1,2,familiar,,,FALSE,946.7907,946.7909,946.791,946.7912,,107,0,107,0,1,,,,
,,,,,6a180ae96bcc768c0babf598,2026-05-28_10h31.47.621,WP1_3,2025.2.3,Win32,147.0588235,661403131cecbe255b64ca6f,6a030b8ba3607712b5d4bf26,,,,,,,,,,,,,,,,,,,,,,,,,,,,,,,,,,,,,,,,,,,,,,,,,,,,,,,,,,,,56,stim_fam/056_rgray_250.png,,,,,,,,,,,,,,,,,,,,,,,,,,,,,,,,,,,,,2.450582772,946.7917,949.2385,,,,,,,,FALSE,,FALSE,,,,,,,,,,,,949.24,949.944,q,0.6317,,109,114,2,1,250,novel,,,FALSE,949.9444,949.9445,949.9445,949.9447,,108,0,108,0,1,,,,
,,,,,6a180ae96bcc768c0babf598,2026-05-28_10h31.47.621,WP1_3,2025.2.3,Win32,147.0588235,661403131cecbe255b64ca6f,6a030b8ba3607712b5d4bf26,,,,,,,,,,,,,,,,,,,,,,,,,,,,,,,,,,,,,,,,,,,,,,,,,,,,,,,,,,,,59,Celebrities_Faces/059_01_greyscale_250.png,,,,,,,,,,,,,,,,,,,,,,,,,,,,,,,,,,,,,2.127992657,949.9455,952.0723,,,,,,,,TRUE,,FALSE,,,,,,,,,,,,952.0733,952.7332,q,0.5918,,110,80,2,1,1,familiar,,,FALSE,952.7335,952.7336,952.7336,952.7338,,109,0,109,0,1,,,,
,,,,,6a180ae96bcc768c0babf598,2026-05-28_10h31.47.621,WP1_3,2025.2.3,Win32,147.0588235,661403131cecbe255b64ca6f,6a030b8ba3607712b5d4bf26,,,,,,,,,,,,,,,,,,,,,,,,,,,,,,,,,,,,,,,,,,,,,,,,,,,,,,,,,,,,76,stim_fam/076_rgray_250.png,,,,,,,,,,,,,,,,,,,,,,,,,,,,,,,,,,,,,2.201424,952.7343,954.9309,,,,,,,,FALSE,,FALSE,,,,,,,,,,,,954.9317,955.7753,p,0.7318,,111,100,2,1,250,novel,,,FALSE,955.7757,955.776,955.776,955.7761,,110,0,110,0,1,,,,
,,,,,6a180ae96bcc768c0babf598,2026-05-28_10h31.47.621,WP1_3,2025.2.3,Win32,147.0588235,661403131cecbe255b64ca6f,6a030b8ba3607712b5d4bf26,,,,,,,,,,,,,,,,,,,,,,,,,,,,,,,,,,,,,,,,,,,,,,,,,,,,,,,,,,,,39,Celebrities_Faces/039_03_greyscale_250.png,,,,,,,,,,,,,,,,,,,,,,,,,,,,,,,,,,,,,1.960501833,955.7767,957.7383,,,,,,,,TRUE,,FALSE,,,,,,,,,,,,957.7394,958.5123,q,0.7117,,112,90,2,1,3,familiar,,,FALSE,958.5125,958.5127,958.5127,958.5128,,111,0,111,0,1,,,,
,,,,,6a180ae96bcc768c0babf598,2026-05-28_10h31.47.621,WP1_3,2025.2.3,Win32,147.0588235,661403131cecbe255b64ca6f,6a030b8ba3607712b5d4bf26,,,,,,,,,,,,,,,,,,,,,,,,,,,,,,,,,,,,,,,,,,,,,,,,,,,,,,,,,,,,85,stim_fam/085_rgray_250.png,,,,,,,,,,,,,,,,,,,,,,,,,,,,,,,,,,,,,2.041866455,958.5134,960.5519,,,,,,,,FALSE,,FALSE,,,,,,,,,,,,960.5531,961.5032,p,0.8447,,113,94,2,1,250,novel,,,FALSE,961.5034,961.5035,961.5035,961.5035,,112,0,112,0,1,,,,
,,,,,6a180ae96bcc768c0babf598,2026-05-28_10h31.47.621,WP1_3,2025.2.3,Win32,147.0588235,661403131cecbe255b64ca6f,6a030b8ba3607712b5d4bf26,,,,,,,,,,,,,,,,,,,,,,,,,,,,,,,,,,,,,,,,,,,,,,,,,,,,,,,,,,,,93,stim_fam/093_rgray_250.png,,,,,,,,,,,,,,,,,,,,,,,,,,,,,,,,,,,,,1.788650735,961.5038,963.2906,,,,,,,,FALSE,,FALSE,,,,,,,,,,,,963.2922,964.2492,p,0.856,,114,107,2,1,250,novel,,,FALSE,964.2495,964.2496,964.2496,964.2498,,113,0,113,0,1,,,,
,,,,,6a180ae96bcc768c0babf598,2026-05-28_10h31.47.621,WP1_3,2025.2.3,Win32,147.0588235,661403131cecbe255b64ca6f,6a030b8ba3607712b5d4bf26,,,,,,,,,,,,,,,,,,,,,,,,,,,,,,,,,,,,,,,,,,,,,,,,,,,,,,,,,,,,12,stim_fam/012_rgray_250.png,,,,,,,,,,,,,,,,,,,,,,,,,,,,,,,,,,,,,1.998683542,964.2502,966.2451,,,,,,,,FALSE,,FALSE,,,,,,,,,,,,966.246,966.9795,p,0.5934,,115,105,2,1,250,novel,,,FALSE,966.9798,966.9799,966.9799,966.98,,114,0,114,0,1,,,,
,,,,,6a180ae96bcc768c0babf598,2026-05-28_10h31.47.621,WP1_3,2025.2.3,Win32,147.0588235,661403131cecbe255b64ca6f,6a030b8ba3607712b5d4bf26,,,,,,,,,,,,,,,,,,,,,,,,,,,,,,,,,,,,,,,,,,,,,,,,,,,,,,,,,,,,34,Celebrities_Faces/034_02_greyscale_250.png,,,,,,,,,,,,,,,,,,,,,,,,,,,,,,,,,,,,,2.463188082,966.9805,969.4391,,,,,,,,TRUE,,FALSE,,,,,,,,,,,,969.4405,970.2872,q,0.749,,116,82,2,1,2,familiar,,,FALSE,970.2875,970.2877,970.2878,970.2878,,115,0,115,0,1,,,,
,,,,,6a180ae96bcc768c0babf598,2026-05-28_10h31.47.621,WP1_3,2025.2.3,Win32,147.0588235,661403131cecbe255b64ca6f,6a030b8ba3607712b5d4bf26,,,,,,,,,,,,,,,,,,,,,,,,,,,,,,,,,,,,,,,,,,,,,,,,,,,,,,,,,,,,20,Celebrities_Faces/020_01_greyscale_250.png,,,,,,,,,,,,,,,,,,,,,,,,,,,,,,,,,,,,,2.386305043,970.2882,972.6742,,,,,,,,TRUE,,FALSE,,,,,,,,,,,,972.6763,973.5267,q,0.7599,,117,76,2,1,1,familiar,,,FALSE,973.527,973.5272,973.5272,973.5273,,116,0,116,0,1,,,,
,,,,,6a180ae96bcc768c0babf598,2026-05-28_10h31.47.621,WP1_3,2025.2.3,Win32,147.0588235,661403131cecbe255b64ca6f,6a030b8ba3607712b5d4bf26,,,,,,,,,,,,,,,,,,,,,,,,,,,,,,,,,,,,,,,,,,,,,,,,,,,,,,,,,,,,25,stim_fam/025_rgray_250.png,,,,,,,,,,,,,,,,,,,,,,,,,,,,,,,,,,,,,1.716325258,973.5281,975.2449,,,,,,,,FALSE,,FALSE,,,,,,,,,,,,975.2467,976.2322,p,0.9052,,118,96,2,1,250,novel,,,FALSE,976.2325,976.2327,976.2328,976.2329,,117,0,117,0,1,,,,
,,,,,6a180ae96bcc768c0babf598,2026-05-28_10h31.47.621,WP1_3,2025.2.3,Win32,147.0588235,661403131cecbe255b64ca6f,6a030b8ba3607712b5d4bf26,,,,,,,,,,,,,,,,,,,,,,,,,,,,,,,,,,,,,,,,,,,,,,,,,,,,,,,,,,,,44,stim_fam/044_rgray_250.png,,,,,,,,,,,,,,,,,,,,,,,,,,,,,,,,,,,,,1.800165769,976.2334,978.0302,,,,,,,,FALSE,,FALSE,,,,,,,,,,,,978.0314,978.867,p,0.7549,,119,115,2,1,250,novel,,,FALSE,978.8673,978.8676,978.8676,978.8677,,118,0,118,0,1,,,,
,,,,,6a180ae96bcc768c0babf598,2026-05-28_10h31.47.621,WP1_3,2025.2.3,Win32,147.0588235,661403131cecbe255b64ca6f,6a030b8ba3607712b5d4bf26,,,,,,,,,,,,,,,,,,,,,,,,,,,,,,,,,,,,,,,,,,,,,,,,,,,,,,,,,,,,12,Celebrities_Faces/012_03_greyscale_250.png,,,,,,,,,,,,,,,,,,,,,,,,,,,,,,,,,,,,,1.562655805,978.8683,980.4271,,,,,,,,TRUE,,FALSE,,,,,,,,,,,,980.4284,981.0889,q,0.5912,,120,64,2,1,3,familiar,,,FALSE,981.0891,981.0892,981.0892,1001.6971,space,119,0,119,0,1,20.6003,,,
,,,,,6a180ae96bcc768c0babf598,2026-05-28_10h31.47.621,WP1_3,2025.2.3,Win32,147.0588235,661403131cecbe255b64ca6f,6a030b8ba3607712b5d4bf26,,,,,,,,,,,,,,,,,,,,,,,,,,,,,,,,,,,,,,,,,,,,,,,,,,,,,,,,,,,,103,stim_fam/103_rgray_250.png,,,,,,,,,,,,,,,,,,,,,,,,,,,,,,,,,,,,,2.21185135,1001.698,1003.9064,,,,,,,,FALSE,,FALSE,,,,,,,,,,,,1003.9076,1004.6619,p,0.6737,,121,158,3,1,250,novel,,,FALSE,1004.6622,1004.6622,1004.6622,1004.6623,,120,0,120,0,1,,,,
,,,,,6a180ae96bcc768c0babf598,2026-05-28_10h31.47.621,WP1_3,2025.2.3,Win32,147.0588235,661403131cecbe255b64ca6f,6a030b8ba3607712b5d4bf26,,,,,,,,,,,,,,,,,,,,,,,,,,,,,,,,,,,,,,,,,,,,,,,,,,,,,,,,,,,,98,stim_fam/098_rgray_250.png,,,,,,,,,,,,,,,,,,,,,,,,,,,,,,,,,,,,,1.575184988,1004.6627,1006.2378,,,,,,,,FALSE,,FALSE,,,,,,,,,,,,1006.2391,1006.8995,p,0.5787,,122,166,3,1,250,novel,,,FALSE,1006.8998,1006.8999,1006.8999,1006.8999,,121,0,121,0,1,,,,
,,,,,6a180ae96bcc768c0babf598,2026-05-28_10h31.47.621,WP1_3,2025.2.3,Win32,147.0588235,661403131cecbe255b64ca6f,6a030b8ba3607712b5d4bf26,,,,,,,,,,,,,,,,,,,,,,,,,,,,,,,,,,,,,,,,,,,,,,,,,,,,,,,,,,,,67,stim_fam/067_rgray_250.png,,,,,,,,,,,,,,,,,,,,,,,,,,,,,,,,,,,,,2.032067796,1006.9004,1008.9334,,,,,,,,FALSE,,FALSE,,,,,,,,,,,,1008.9348,1009.703,p,0.6521,,123,162,3,1,250,novel,,,FALSE,1009.7034,1009.7035,1009.7036,1009.7037,,122,0,122,0,1,,,,
,,,,,6a180ae96bcc768c0babf598,2026-05-28_10h31.47.621,WP1_3,2025.2.3,Win32,147.0588235,661403131cecbe255b64ca6f,6a030b8ba3607712b5d4bf26,,,,,,,,,,,,,,,,,,,,,,,,,,,,,,,,,,,,,,,,,,,,,,,,,,,,,,,,,,,,88,stim_fam/088_rgray_250.png,,,,,,,,,,,,,,,,,,,,,,,,,,,,,,,,,,,,,2.437023932,1009.7043,1012.132,,,,,,,,FALSE,,FALSE,,,,,,,,,,,,1012.1343,1012.8069,p,0.5513,,124,180,3,1,250,novel,,,FALSE,1012.8072,1012.8074,1012.8076,1012.8079,,123,0,123,0,1,,,,
,,,,,6a180ae96bcc768c0babf598,2026-05-28_10h31.47.621,WP1_3,2025.2.3,Win32,147.0588235,661403131cecbe255b64ca6f,6a030b8ba3607712b5d4bf26,,,,,,,,,,,,,,,,,,,,,,,,,,,,,,,,,,,,,,,,,,,,,,,,,,,,,,,,,,,,90,stim_fam/090_rgray_250.png,,,,,,,,,,,,,,,,,,,,,,,,,,,,,,,,,,,,,1.831588262,1012.8085,1014.6354,,,,,,,,FALSE,,FALSE,,,,,,,,,,,,1014.6365,1015.2667,p,0.559,,125,161,3,1,250,novel,,,FALSE,1015.2671,1015.2673,1015.2673,1015.2674,,124,0,124,0,1,,,,
,,,,,6a180ae96bcc768c0babf598,2026-05-28_10h31.47.621,WP1_3,2025.2.3,Win32,147.0588235,661403131cecbe255b64ca6f,6a030b8ba3607712b5d4bf26,,,,,,,,,,,,,,,,,,,,,,,,,,,,,,,,,,,,,,,,,,,,,,,,,,,,,,,,,,,,16,stim_fam/016_rgray_250.png,,,,,,,,,,,,,,,,,,,,,,,,,,,,,,,,,,,,,1.726742134,1015.2678,1016.9927,,,,,,,,FALSE,,FALSE,,,,,,,,,,,,1016.9947,1017.8449,p,0.7806,,126,174,3,1,250,novel,,,FALSE,1017.8452,1017.8453,1017.8454,1017.8455,,125,0,125,0,1,,,,
,,,,,6a180ae96bcc768c0babf598,2026-05-28_10h31.47.621,WP1_3,2025.2.3,Win32,147.0588235,661403131cecbe255b64ca6f,6a030b8ba3607712b5d4bf26,,,,,,,,,,,,,,,,,,,,,,,,,,,,,,,,,,,,,,,,,,,,,,,,,,,,,,,,,,,,56,Celebrities_Faces/056_03_greyscale_250.png,,,,,,,,,,,,,,,,,,,,,,,,,,,,,,,,,,,,,1.660983113,1017.8458,1019.5022,,,,,,,,TRUE,,FALSE,,,,,,,,,,,,1019.5034,1020.1874,q,0.5951,,127,122,3,1,3,familiar,,,FALSE,1020.1876,1020.1876,1020.1877,1020.1878,,126,0,126,0,1,,,,
,,,,,6a180ae96bcc768c0babf598,2026-05-28_10h31.47.621,WP1_3,2025.2.3,Win32,147.0588235,661403131cecbe255b64ca6f,6a030b8ba3607712b5d4bf26,,,,,,,,,,,,,,,,,,,,,,,,,,,,,,,,,,,,,,,,,,,,,,,,,,,,,,,,,,,,38,Celebrities_Faces/038_02_greyscale_250.png,,,,,,,,,,,,,,,,,,,,,,,,,,,,,,,,,,,,,1.561672464,1020.1882,1021.7505,,,,,,,,TRUE,,FALSE,,,,,,,,,,,,1021.7517,1022.5367,q,0.6025,,128,131,3,1,2,familiar,,,FALSE,1022.5369,1022.5372,1022.5373,1022.5373,,127,0,127,0,1,,,,
,,,,,6a180ae96bcc768c0babf598,2026-05-28_10h31.47.621,WP1_3,2025.2.3,Win32,147.0588235,661403131cecbe255b64ca6f,6a030b8ba3607712b5d4bf26,,,,,,,,,,,,,,,,,,,,,,,,,,,,,,,,,,,,,,,,,,,,,,,,,,,,,,,,,,,,51,stim_fam/051_rgray_250.png,,,,,,,,,,,,,,,,,,,,,,,,,,,,,,,,,,,,,1.774585679,1022.5381,1024.3172,,,,,,,,FALSE,,FALSE,,,,,,,,,,,,1024.318,1025.0964,p,0.6451,,129,175,3,1,250,novel,,,FALSE,1025.0968,1025.0973,1025.0974,1025.0975,,128,0,128,0,1,,,,
,,,,,6a180ae96bcc768c0babf598,2026-05-28_10h31.47.621,WP1_3,2025.2.3,Win32,147.0588235,661403131cecbe255b64ca6f,6a030b8ba3607712b5d4bf26,,,,,,,,,,,,,,,,,,,,,,,,,,,,,,,,,,,,,,,,,,,,,,,,,,,,,,,,,,,,97,stim_fam/097_rgray_250.png,,,,,,,,,,,,,,,,,,,,,,,,,,,,,,,,,,,,,1.535026273,1025.0981,1026.6256,,,,,,,,FALSE,,FALSE,,,,,,,,,,,,1026.6277,1027.3622,p,0.6676,,130,171,3,1,250,novel,,,FALSE,1027.3628,1027.363,1027.363,1027.3631,,129,0,129,0,1,,,,
,,,,,6a180ae96bcc768c0babf598,2026-05-28_10h31.47.621,WP1_3,2025.2.3,Win32,147.0588235,661403131cecbe255b64ca6f,6a030b8ba3607712b5d4bf26,,,,,,,,,,,,,,,,,,,,,,,,,,,,,,,,,,,,,,,,,,,,,,,,,,,,,,,,,,,,29,Celebrities_Faces/029_03_greyscale_250.png,,,,,,,,,,,,,,,,,,,,,,,,,,,,,,,,,,,,,1.615927172,1027.3636,1028.9793,,,,,,,,TRUE,,FALSE,,,,,,,,,,,,1028.9807,1029.7541,p,0.6632,,131,146,3,1,3,familiar,,,FALSE,1029.7543,1029.7544,1029.7545,1029.7545,,130,0,130,0,1,,,,
,,,,,6a180ae96bcc768c0babf598,2026-05-28_10h31.47.621,WP1_3,2025.2.3,Win32,147.0588235,661403131cecbe255b64ca6f,6a030b8ba3607712b5d4bf26,,,,,,,,,,,,,,,,,,,,,,,,,,,,,,,,,,,,,,,,,,,,,,,,,,,,,,,,,,,,9,stim_fam/009_rgray_250.png,,,,,,,,,,,,,,,,,,,,,,,,,,,,,,,,,,,,,2.210088504,1029.7548,1031.9626,,,,,,,,FALSE,,FALSE,,,,,,,,,,,,1031.9633,1032.6303,p,0.5654,,132,165,3,1,250,novel,,,FALSE,1032.6306,1032.6307,1032.6308,1032.6308,,131,0,131,0,1,,,,
,,,,,6a180ae96bcc768c0babf598,2026-05-28_10h31.47.621,WP1_3,2025.2.3,Win32,147.0588235,661403131cecbe255b64ca6f,6a030b8ba3607712b5d4bf26,,,,,,,,,,,,,,,,,,,,,,,,,,,,,,,,,,,,,,,,,,,,,,,,,,,,,,,,,,,,21,Celebrities_Faces/021_03_greyscale_250.png,,,,,,,,,,,,,,,,,,,,,,,,,,,,,,,,,,,,,2.461219802,1032.6312,1035.0901,,,,,,,,TRUE,,FALSE,,,,,,,,,,,,1035.0924,1035.7514,q,0.5811,,133,139,3,1,3,familiar,,,FALSE,1035.7518,1035.7519,1035.7519,1035.7521,,132,0,132,0,1,,,,
,,,,,6a180ae96bcc768c0babf598,2026-05-28_10h31.47.621,WP1_3,2025.2.3,Win32,147.0588235,661403131cecbe255b64ca6f,6a030b8ba3607712b5d4bf26,,,,,,,,,,,,,,,,,,,,,,,,,,,,,,,,,,,,,,,,,,,,,,,,,,,,,,,,,,,,43,stim_fam/043_rgray_250.png,,,,,,,,,,,,,,,,,,,,,,,,,,,,,,,,,,,,,2.114761309,1035.7527,1037.8634,,,,,,,,FALSE,,FALSE,,,,,,,,,,,,1037.8641,1038.4792,p,0.5556,,134,179,3,1,250,novel,,,FALSE,1038.4796,1038.4798,1038.4798,1038.4799,,133,0,133,0,1,,,,
,,,,,6a180ae96bcc768c0babf598,2026-05-28_10h31.47.621,WP1_3,2025.2.3,Win32,147.0588235,661403131cecbe255b64ca6f,6a030b8ba3607712b5d4bf26,,,,,,,,,,,,,,,,,,,,,,,,,,,,,,,,,,,,,,,,,,,,,,,,,,,,,,,,,,,,32,Celebrities_Faces/032_02_greyscale_250.png,,,,,,,,,,,,,,,,,,,,,,,,,,,,,,,,,,,,,1.79134144,1038.4804,1040.2726,,,,,,,,TRUE,,FALSE,,,,,,,,,,,,1040.2737,1040.9344,q,0.5989,,135,141,3,1,2,familiar,,,FALSE,1040.9347,1040.9347,1040.9348,1040.9352,,134,0,134,0,1,,,,
,,,,,6a180ae96bcc768c0babf598,2026-05-28_10h31.47.621,WP1_3,2025.2.3,Win32,147.0588235,661403131cecbe255b64ca6f,6a030b8ba3607712b5d4bf26,,,,,,,,,,,,,,,,,,,,,,,,,,,,,,,,,,,,,,,,,,,,,,,,,,,,,,,,,,,,31,stim_fam/031_rgray_250.png,,,,,,,,,,,,,,,,,,,,,,,,,,,,,,,,,,,,,1.580160442,1040.9357,1042.5139,,,,,,,,FALSE,,FALSE,,,,,,,,,,,,1042.5145,1043.2015,p,0.5925,,136,178,3,1,250,novel,,,FALSE,1043.2018,1043.2019,1043.2019,1043.2023,,135,0,135,0,1,,,,
,,,,,6a180ae96bcc768c0babf598,2026-05-28_10h31.47.621,WP1_3,2025.2.3,Win32,147.0588235,661403131cecbe255b64ca6f,6a030b8ba3607712b5d4bf26,,,,,,,,,,,,,,,,,,,,,,,,,,,,,,,,,,,,,,,,,,,,,,,,,,,,,,,,,,,,80,stim_fam/080_rgray_250.png,,,,,,,,,,,,,,,,,,,,,,,,,,,,,,,,,,,,,1.799839674,1043.2032,1044.9999,,,,,,,,FALSE,,FALSE,,,,,,,,,,,,1045.001,1045.9298,p,0.8275,,137,157,3,1,250,novel,,,FALSE,1045.9302,1045.9306,1045.9306,1045.9308,,136,0,136,0,1,,,,
,,,,,6a180ae96bcc768c0babf598,2026-05-28_10h31.47.621,WP1_3,2025.2.3,Win32,147.0588235,661403131cecbe255b64ca6f,6a030b8ba3607712b5d4bf26,,,,,,,,,,,,,,,,,,,,,,,,,,,,,,,,,,,,,,,,,,,,,,,,,,,,,,,,,,,,19,Celebrities_Faces/019_01_greyscale_250.png,,,,,,,,,,,,,,,,,,,,,,,,,,,,,,,,,,,,,1.738041522,1045.9323,1047.6682,,,,,,,,TRUE,,FALSE,,,,,,,,,,,,1047.6692,1048.311,p,0.5718,,138,134,3,1,1,familiar,,,FALSE,1048.3112,1048.3113,1048.3114,1048.3114,,137,0,137,0,1,,,,
,,,,,6a180ae96bcc768c0babf598,2026-05-28_10h31.47.621,WP1_3,2025.2.3,Win32,147.0588235,661403131cecbe255b64ca6f,6a030b8ba3607712b5d4bf26,,,,,,,,,,,,,,,,,,,,,,,,,,,,,,,,,,,,,,,,,,,,,,,,,,,,,,,,,,,,33,stim_fam/033_rgray_250.png,,,,,,,,,,,,,,,,,,,,,,,,,,,,,,,,,,,,,1.773961616,1048.3122,1050.0832,,,,,,,,FALSE,,FALSE,,,,,,,,,,,,1050.0842,1050.6748,p,0.5228,,139,167,3,1,250,novel,,,FALSE,1050.6751,1050.6752,1050.6753,1050.6755,,138,0,138,0,1,,,,
,,,,,6a180ae96bcc768c0babf598,2026-05-28_10h31.47.621,WP1_3,2025.2.3,Win32,147.0588235,661403131cecbe255b64ca6f,6a030b8ba3607712b5d4bf26,,,,,,,,,,,,,,,,,,,,,,,,,,,,,,,,,,,,,,,,,,,,,,,,,,,,,,,,,,,,47,Celebrities_Faces/047_02_greyscale_250.png,,,,,,,,,,,,,,,,,,,,,,,,,,,,,,,,,,,,,2.397955546,1050.676,1053.0704,,,,,,,,TRUE,,FALSE,,,,,,,,,,,,1053.0719,1053.6482,p,0.5114,,140,137,3,1,2,familiar,,,FALSE,1053.6486,1053.6488,1053.6488,1053.6489,,139,0,139,0,1,,,,
,,,,,6a180ae96bcc768c0babf598,2026-05-28_10h31.47.621,WP1_3,2025.2.3,Win32,147.0588235,661403131cecbe255b64ca6f,6a030b8ba3607712b5d4bf26,,,,,,,,,,,,,,,,,,,,,,,,,,,,,,,,,,,,,,,,,,,,,,,,,,,,,,,,,,,,52,Celebrities_Faces/052_01_greyscale_250.png,,,,,,,,,,,,,,,,,,,,,,,,,,,,,,,,,,,,,1.646771374,1053.6495,1055.2927,,,,,,,,TRUE,,FALSE,,,,,,,,,,,,1055.2938,1055.9946,q,0.6336,,141,127,3,1,1,familiar,,,FALSE,1055.995,1055.9951,1055.9951,1055.9955,,140,0,140,0,1,,,,
,,,,,6a180ae96bcc768c0babf598,2026-05-28_10h31.47.621,WP1_3,2025.2.3,Win32,147.0588235,661403131cecbe255b64ca6f,6a030b8ba3607712b5d4bf26,,,,,,,,,,,,,,,,,,,,,,,,,,,,,,,,,,,,,,,,,,,,,,,,,,,,,,,,,,,,2,Celebrities_Faces/002_01_greyscale_250.png,,,,,,,,,,,,,,,,,,,,,,,,,,,,,,,,,,,,,2.120329425,1055.9965,1058.1131,,,,,,,,TRUE,,FALSE,,,,,,,,,,,,1058.1142,1058.7805,q,0.5775,,142,129,3,1,1,familiar,,,FALSE,1058.7811,1058.7813,1058.7814,1058.7815,,141,0,141,0,1,,,,
,,,,,6a180ae96bcc768c0babf598,2026-05-28_10h31.47.621,WP1_3,2025.2.3,Win32,147.0588235,661403131cecbe255b64ca6f,6a030b8ba3607712b5d4bf26,,,,,,,,,,,,,,,,,,,,,,,,,,,,,,,,,,,,,,,,,,,,,,,,,,,,,,,,,,,,12,Celebrities_Faces/012_01_greyscale_250.png,,,,,,,,,,,,,,,,,,,,,,,,,,,,,,,,,,,,,2.078272361,1058.7821,1060.8555,,,,,,,,TRUE,,FALSE,,,,,,,,,,,,1060.8566,1061.606,q,0.5397,,143,124,3,1,1,familiar,,,FALSE,1061.6063,1061.6064,1061.6065,1061.6066,,142,0,142,0,1,,,,
,,,,,6a180ae96bcc768c0babf598,2026-05-28_10h31.47.621,WP1_3,2025.2.3,Win32,147.0588235,661403131cecbe255b64ca6f,6a030b8ba3607712b5d4bf26,,,,,,,,,,,,,,,,,,,,,,,,,,,,,,,,,,,,,,,,,,,,,,,,,,,,,,,,,,,,34,Celebrities_Faces/034_01_greyscale_250.png,,,,,,,,,,,,,,,,,,,,,,,,,,,,,,,,,,,,,1.892191343,1061.6074,1063.4941,,,,,,,,TRUE,,FALSE,,,,,,,,,,,,1063.4955,1064.3274,q,0.7491,,144,142,3,1,1,familiar,,,FALSE,1064.3276,1064.3277,1064.3277,1064.3278,,143,0,143,0,1,,,,
,,,,,6a180ae96bcc768c0babf598,2026-05-28_10h31.47.621,WP1_3,2025.2.3,Win32,147.0588235,661403131cecbe255b64ca6f,6a030b8ba3607712b5d4bf26,,,,,,,,,,,,,,,,,,,,,,,,,,,,,,,,,,,,,,,,,,,,,,,,,,,,,,,,,,,,3,Celebrities_Faces/003_01_greyscale_250.png,,,,,,,,,,,,,,,,,,,,,,,,,,,,,,,,,,,,,1.996035707,1064.3282,1066.3209,,,,,,,,TRUE,,TRUE,,,,,,,,,,,,1066.3223,1067.4281,,,,145,148,3,1,1,familiar,,,FALSE,1067.4285,1068.424,1068.4241,1068.4243,,144,0,144,0,1,,,,
,,,,,6a180ae96bcc768c0babf598,2026-05-28_10h31.47.621,WP1_3,2025.2.3,Win32,147.0588235,661403131cecbe255b64ca6f,6a030b8ba3607712b5d4bf26,,,,,,,,,,,,,,,,,,,,,,,,,,,,,,,,,,,,,,,,,,,,,,,,,,,,,,,,,,,,15,Celebrities_Faces/015_01_greyscale_250.png,,,,,,,,,,,,,,,,,,,,,,,,,,,,,,,,,,,,,1.852638811,1068.4248,1070.2775,,,,,,,,TRUE,,FALSE,,,,,,,,,,,,1070.2798,1070.9677,q,0.5886,,146,149,3,1,1,familiar,,,FALSE,1070.9679,1070.968,1070.968,1070.9681,,145,0,145,0,1,,,,
,,,,,6a180ae96bcc768c0babf598,2026-05-28_10h31.47.621,WP1_3,2025.2.3,Win32,147.0588235,661403131cecbe255b64ca6f,6a030b8ba3607712b5d4bf26,,,,,,,,,,,,,,,,,,,,,,,,,,,,,,,,,,,,,,,,,,,,,,,,,,,,,,,,,,,,30,Celebrities_Faces/030_02_greyscale_250.png,,,,,,,,,,,,,,,,,,,,,,,,,,,,,,,,,,,,,1.783950883,1070.9686,1072.7493,,,,,,,,TRUE,,FALSE,,,,,,,,,,,,1072.7509,1073.537,q,0.7201,,147,130,3,1,2,familiar,,,FALSE,1073.5371,1073.5373,1073.5373,1073.5373,,146,0,146,0,1,,,,
,,,,,6a180ae96bcc768c0babf598,2026-05-28_10h31.47.621,WP1_3,2025.2.3,Win32,147.0588235,661403131cecbe255b64ca6f,6a030b8ba3607712b5d4bf26,,,,,,,,,,,,,,,,,,,,,,,,,,,,,,,,,,,,,,,,,,,,,,,,,,,,,,,,,,,,37,stim_fam/037_rgray_250.png,,,,,,,,,,,,,,,,,,,,,,,,,,,,,,,,,,,,,2.456789016,1073.5376,1075.9927,,,,,,,,FALSE,,FALSE,,,,,,,,,,,,1075.9944,1076.7864,p,0.705,,148,168,3,1,250,novel,,,FALSE,1076.7868,1076.7872,1076.7873,1076.7875,,147,0,147,0,1,,,,
,,,,,6a180ae96bcc768c0babf598,2026-05-28_10h31.47.621,WP1_3,2025.2.3,Win32,147.0588235,661403131cecbe255b64ca6f,6a030b8ba3607712b5d4bf26,,,,,,,,,,,,,,,,,,,,,,,,,,,,,,,,,,,,,,,,,,,,,,,,,,,,,,,,,,,,32,stim_fam/032_rgray_250.png,,,,,,,,,,,,,,,,,,,,,,,,,,,,,,,,,,,,,1.701348718,1076.7883,1078.488,,,,,,,,FALSE,,FALSE,,,,,,,,,,,,1078.4889,1079.0391,p,0.4883,,149,176,3,1,250,novel,,,FALSE,1079.0394,1079.0397,1079.0397,1079.0398,,148,0,148,0,1,,,,
,,,,,6a180ae96bcc768c0babf598,2026-05-28_10h31.47.621,WP1_3,2025.2.3,Win32,147.0588235,661403131cecbe255b64ca6f,6a030b8ba3607712b5d4bf26,,,,,,,,,,,,,,,,,,,,,,,,,,,,,,,,,,,,,,,,,,,,,,,,,,,,,,,,,,,,46,stim_fam/046_rgray_250.png,,,,,,,,,,,,,,,,,,,,,,,,,,,,,,,,,,,,,2.370327458,1079.0405,1081.406,,,,,,,,FALSE,,FALSE,,,,,,,,,,,,1081.4078,1081.8684,p,0.3946,,150,173,3,1,250,novel,,,FALSE,1081.8686,1081.8687,1081.8687,1081.8687,,149,0,149,0,1,,,,
,,,,,6a180ae96bcc768c0babf598,2026-05-28_10h31.47.621,WP1_3,2025.2.3,Win32,147.0588235,661403131cecbe255b64ca6f,6a030b8ba3607712b5d4bf26,,,,,,,,,,,,,,,,,,,,,,,,,,,,,,,,,,,,,,,,,,,,,,,,,,,,,,,,,,,,54,stim_fam/054_rgray_250.png,,,,,,,,,,,,,,,,,,,,,,,,,,,,,,,,,,,,,2.220435764,1081.869,1084.0895,,,,,,,,FALSE,,FALSE,,,,,,,,,,,,1084.091,1084.6479,p,0.473,,151,177,3,1,250,novel,,,FALSE,1084.6479,1084.648,1084.648,1084.648,,150,0,150,0,1,,,,
,,,,,6a180ae96bcc768c0babf598,2026-05-28_10h31.47.621,WP1_3,2025.2.3,Win32,147.0588235,661403131cecbe255b64ca6f,6a030b8ba3607712b5d4bf26,,,,,,,,,,,,,,,,,,,,,,,,,,,,,,,,,,,,,,,,,,,,,,,,,,,,,,,,,,,,17,Celebrities_Faces/017_03_greyscale_250.png,,,,,,,,,,,,,,,,,,,,,,,,,,,,,,,,,,,,,2.494747093,1084.6482,1087.139,,,,,,,,TRUE,,FALSE,,,,,,,,,,,,1087.1403,1087.8014,p,0.5881,,152,147,3,1,3,familiar,,,FALSE,1087.8016,1087.8017,1087.8017,1087.8018,,151,0,151,0,1,,,,
,,,,,6a180ae96bcc768c0babf598,2026-05-28_10h31.47.621,WP1_3,2025.2.3,Win32,147.0588235,661403131cecbe255b64ca6f,6a030b8ba3607712b5d4bf26,,,,,,,,,,,,,,,,,,,,,,,,,,,,,,,,,,,,,,,,,,,,,,,,,,,,,,,,,,,,10,stim_fam/010_rgray_250.png,,,,,,,,,,,,,,,,,,,,,,,,,,,,,,,,,,,,,1.614873787,1087.8021,1089.4165,,,,,,,,FALSE,,FALSE,,,,,,,,,,,,1089.418,1090.0895,p,0.4785,,153,159,3,1,250,novel,,,FALSE,1090.0897,1090.0898,1090.0898,1090.0898,,152,0,152,0,1,,,,
,,,,,6a180ae96bcc768c0babf598,2026-05-28_10h31.47.621,WP1_3,2025.2.3,Win32,147.0588235,661403131cecbe255b64ca6f,6a030b8ba3607712b5d4bf26,,,,,,,,,,,,,,,,,,,,,,,,,,,,,,,,,,,,,,,,,,,,,,,,,,,,,,,,,,,,50,Celebrities_Faces/050_03_greyscale_250.png,,,,,,,,,,,,,,,,,,,,,,,,,,,,,,,,,,,,,1.719502588,1090.0901,1091.8097,,,,,,,,TRUE,,FALSE,,,,,,,,,,,,1091.8112,1092.5835,p,0.5817,,154,145,3,1,3,familiar,,,FALSE,1092.5839,1092.584,1092.584,1092.5841,,153,0,153,0,1,,,,
,,,,,6a180ae96bcc768c0babf598,2026-05-28_10h31.47.621,WP1_3,2025.2.3,Win32,147.0588235,661403131cecbe255b64ca6f,6a030b8ba3607712b5d4bf26,,,,,,,,,,,,,,,,,,,,,,,,,,,,,,,,,,,,,,,,,,,,,,,,,,,,,,,,,,,,20,Celebrities_Faces/020_02_greyscale_250.png,,,,,,,,,,,,,,,,,,,,,,,,,,,,,,,,,,,,,2.473625437,1092.5844,1095.0544,,,,,,,,TRUE,,FALSE,,,,,,,,,,,,1095.0553,1095.707,q,0.5902,,155,136,3,1,2,familiar,,,FALSE,1095.7074,1095.7075,1095.7076,1095.7077,,154,0,154,0,1,,,,
,,,,,6a180ae96bcc768c0babf598,2026-05-28_10h31.47.621,WP1_3,2025.2.3,Win32,147.0588235,661403131cecbe255b64ca6f,6a030b8ba3607712b5d4bf26,,,,,,,,,,,,,,,,,,,,,,,,,,,,,,,,,,,,,,,,,,,,,,,,,,,,,,,,,,,,92,stim_fam/092_rgray_250.png,,,,,,,,,,,,,,,,,,,,,,,,,,,,,,,,,,,,,2.181068184,1095.7084,1097.8874,,,,,,,,FALSE,,FALSE,,,,,,,,,,,,1097.8882,1098.5278,p,0.5631,,156,170,3,1,250,novel,,,FALSE,1098.5284,1098.5286,1098.5286,1098.5288,,155,0,155,0,1,,,,
,,,,,6a180ae96bcc768c0babf598,2026-05-28_10h31.47.621,WP1_3,2025.2.3,Win32,147.0588235,661403131cecbe255b64ca6f,6a030b8ba3607712b5d4bf26,,,,,,,,,,,,,,,,,,,,,,,,,,,,,,,,,,,,,,,,,,,,,,,,,,,,,,,,,,,,51,Celebrities_Faces/051_03_greyscale_250.png,,,,,,,,,,,,,,,,,,,,,,,,,,,,,,,,,,,,,2.307655555,1098.5294,1100.8327,,,,,,,,TRUE,,FALSE,,,,,,,,,,,,1100.834,1101.4393,q,0.5386,,157,144,3,1,3,familiar,,,FALSE,1101.4396,1101.4398,1101.4398,1101.4399,,156,0,156,0,1,,,,
,,,,,6a180ae96bcc768c0babf598,2026-05-28_10h31.47.621,WP1_3,2025.2.3,Win32,147.0588235,661403131cecbe255b64ca6f,6a030b8ba3607712b5d4bf26,,,,,,,,,,,,,,,,,,,,,,,,,,,,,,,,,,,,,,,,,,,,,,,,,,,,,,,,,,,,59,stim_fam/059_rgray_250.png,,,,,,,,,,,,,,,,,,,,,,,,,,,,,,,,,,,,,2.251266912,1101.4408,1103.688,,,,,,,,FALSE,,FALSE,,,,,,,,,,,,1103.6895,1104.3931,p,0.6402,,158,172,3,1,250,novel,,,FALSE,1104.3935,1104.3935,1104.3935,1104.3937,,157,0,157,0,1,,,,
,,,,,6a180ae96bcc768c0babf598,2026-05-28_10h31.47.621,WP1_3,2025.2.3,Win32,147.0588235,661403131cecbe255b64ca6f,6a030b8ba3607712b5d4bf26,,,,,,,,,,,,,,,,,,,,,,,,,,,,,,,,,,,,,,,,,,,,,,,,,,,,,,,,,,,,39,Celebrities_Faces/039_02_greyscale_250.png,,,,,,,,,,,,,,,,,,,,,,,,,,,,,,,,,,,,,2.155219411,1104.3944,1106.5484,,,,,,,,TRUE,,FALSE,,,,,,,,,,,,1106.55,1107.2259,p,0.5869,,159,150,3,1,2,familiar,,,FALSE,1107.2262,1107.2262,1107.2262,1107.2263,,158,0,158,0,1,,,,
,,,,,6a180ae96bcc768c0babf598,2026-05-28_10h31.47.621,WP1_3,2025.2.3,Win32,147.0588235,661403131cecbe255b64ca6f,6a030b8ba3607712b5d4bf26,,,,,,,,,,,,,,,,,,,,,,,,,,,,,,,,,,,,,,,,,,,,,,,,,,,,,,,,,,,,53,Celebrities_Faces/053_01_greyscale_250.png,,,,,,,,,,,,,,,,,,,,,,,,,,,,,,,,,,,,,2.344260462,1107.2268,1109.5666,,,,,,,,TRUE,,FALSE,,,,,,,,,,,,1109.5674,1110.073,q,0.4349,,160,138,3,1,1,familiar,,,FALSE,1110.0732,1110.0733,1110.0733,1110.0734,,159,0,159,0,1,,,,
,,,,,6a180ae96bcc768c0babf598,2026-05-28_10h31.47.621,WP1_3,2025.2.3,Win32,147.0588235,661403131cecbe255b64ca6f,6a030b8ba3607712b5d4bf26,,,,,,,,,,,,,,,,,,,,,,,,,,,,,,,,,,,,,,,,,,,,,,,,,,,,,,,,,,,,10,Celebrities_Faces/010_02_greyscale_250.png,,,,,,,,,,,,,,,,,,,,,,,,,,,,,,,,,,,,,2.445506371,1110.0738,1112.5145,,,,,,,,TRUE,,FALSE,,,,,,,,,,,,1112.5163,1113.1665,q,0.5796,,161,121,3,1,2,familiar,,,FALSE,1113.1669,1113.167,1113.167,1113.1672,,160,0,160,0,1,,,,
,,,,,6a180ae96bcc768c0babf598,2026-05-28_10h31.47.621,WP1_3,2025.2.3,Win32,147.0588235,661403131cecbe255b64ca6f,6a030b8ba3607712b5d4bf26,,,,,,,,,,,,,,,,,,,,,,,,,,,,,,,,,,,,,,,,,,,,,,,,,,,,,,,,,,,,6,Celebrities_Faces/006_01_greyscale_250.png,,,,,,,,,,,,,,,,,,,,,,,,,,,,,,,,,,,,,2.473179168,1113.1678,1115.6377,,,,,,,,TRUE,,FALSE,,,,,,,,,,,,1115.639,1116.367,q,0.6517,,162,143,3,1,1,familiar,,,FALSE,1116.3678,1116.3681,1116.3681,1116.3689,,161,0,161,0,1,,,,
,,,,,6a180ae96bcc768c0babf598,2026-05-28_10h31.47.621,WP1_3,2025.2.3,Win32,147.0588235,661403131cecbe255b64ca6f,6a030b8ba3607712b5d4bf26,,,,,,,,,,,,,,,,,,,,,,,,,,,,,,,,,,,,,,,,,,,,,,,,,,,,,,,,,,,,63,stim_fam/063_rgray_250.png,,,,,,,,,,,,,,,,,,,,,,,,,,,,,,,,,,,,,1.510607346,1116.3694,1117.8786,,,,,,,,FALSE,,FALSE,,,,,,,,,,,,1117.8794,1118.5924,p,0.5903,,163,154,3,1,250,novel,,,FALSE,1118.5927,1118.5929,1118.5929,1118.593,,162,0,162,0,1,,,,
,,,,,6a180ae96bcc768c0babf598,2026-05-28_10h31.47.621,WP1_3,2025.2.3,Win32,147.0588235,661403131cecbe255b64ca6f,6a030b8ba3607712b5d4bf26,,,,,,,,,,,,,,,,,,,,,,,,,,,,,,,,,,,,,,,,,,,,,,,,,,,,,,,,,,,,70,stim_fam/070_rgray_250.png,,,,,,,,,,,,,,,,,,,,,,,,,,,,,,,,,,,,,2.338231231,1118.5935,1120.9293,,,,,,,,FALSE,,FALSE,,,,,,,,,,,,1120.9305,1121.6266,p,0.618,,164,156,3,1,250,novel,,,FALSE,1121.6276,1121.6279,1121.628,1121.6281,,163,0,163,0,1,,,,
,,,,,6a180ae96bcc768c0babf598,2026-05-28_10h31.47.621,WP1_3,2025.2.3,Win32,147.0588235,661403131cecbe255b64ca6f,6a030b8ba3607712b5d4bf26,,,,,,,,,,,,,,,,,,,,,,,,,,,,,,,,,,,,,,,,,,,,,,,,,,,,,,,,,,,,65,stim_fam/065_rgray_250.png,,,,,,,,,,,,,,,,,,,,,,,,,,,,,,,,,,,,,1.735724386,1121.6289,1123.3646,,,,,,,,FALSE,,FALSE,,,,,,,,,,,,1123.3655,1124.202,p,0.7647,,165,163,3,1,250,novel,,,FALSE,1124.2023,1124.2023,1124.2024,1124.2024,,164,0,164,0,1,,,,
,,,,,6a180ae96bcc768c0babf598,2026-05-28_10h31.47.621,WP1_3,2025.2.3,Win32,147.0588235,661403131cecbe255b64ca6f,6a030b8ba3607712b5d4bf26,,,,,,,,,,,,,,,,,,,,,,,,,,,,,,,,,,,,,,,,,,,,,,,,,,,,,,,,,,,,102,stim_fam/102_rgray_250.png,,,,,,,,,,,,,,,,,,,,,,,,,,,,,,,,,,,,,1.82215329,1124.2027,1126.021,,,,,,,,FALSE,,FALSE,,,,,,,,,,,,1126.0224,1126.7809,p,0.6935,,166,151,3,1,250,novel,,,FALSE,1126.7812,1126.7813,1126.7814,1126.7816,,165,0,165,0,1,,,,
,,,,,6a180ae96bcc768c0babf598,2026-05-28_10h31.47.621,WP1_3,2025.2.3,Win32,147.0588235,661403131cecbe255b64ca6f,6a030b8ba3607712b5d4bf26,,,,,,,,,,,,,,,,,,,,,,,,,,,,,,,,,,,,,,,,,,,,,,,,,,,,,,,,,,,,8,Celebrities_Faces/008_01_greyscale_250.png,,,,,,,,,,,,,,,,,,,,,,,,,,,,,,,,,,,,,1.949256708,1126.7826,1128.7274,,,,,,,,TRUE,,FALSE,,,,,,,,,,,,1128.7286,1129.2986,q,0.5015,,167,126,3,1,1,familiar,,,FALSE,1129.2989,1129.2991,1129.2992,1129.2993,,166,0,166,0,1,,,,
,,,,,6a180ae96bcc768c0babf598,2026-05-28_10h31.47.621,WP1_3,2025.2.3,Win32,147.0588235,661403131cecbe255b64ca6f,6a030b8ba3607712b5d4bf26,,,,,,,,,,,,,,,,,,,,,,,,,,,,,,,,,,,,,,,,,,,,,,,,,,,,,,,,,,,,14,Celebrities_Faces/014_01_greyscale_250.png,,,,,,,,,,,,,,,,,,,,,,,,,,,,,,,,,,,,,1.969970423,1129.2999,1131.2683,,,,,,,,TRUE,,FALSE,,,,,,,,,,,,1131.2694,1131.7558,p,0.4336,,168,128,3,1,1,familiar,,,FALSE,1131.7561,1131.7563,1131.7563,1131.7564,,167,0,167,0,1,,,,
,,,,,6a180ae96bcc768c0babf598,2026-05-28_10h31.47.621,WP1_3,2025.2.3,Win32,147.0588235,661403131cecbe255b64ca6f,6a030b8ba3607712b5d4bf26,,,,,,,,,,,,,,,,,,,,,,,,,,,,,,,,,,,,,,,,,,,,,,,,,,,,,,,,,,,,24,stim_fam/024_rgray_250.png,,,,,,,,,,,,,,,,,,,,,,,,,,,,,,,,,,,,,1.563155057,1131.7568,1133.3208,,,,,,,,FALSE,,FALSE,,,,,,,,,,,,1133.3217,1133.9931,p,0.5803,,169,160,3,1,250,novel,,,FALSE,1133.9934,1133.9935,1133.9935,1133.9937,,168,0,168,0,1,,,,
,,,,,6a180ae96bcc768c0babf598,2026-05-28_10h31.47.621,WP1_3,2025.2.3,Win32,147.0588235,661403131cecbe255b64ca6f,6a030b8ba3607712b5d4bf26,,,,,,,,,,,,,,,,,,,,,,,,,,,,,,,,,,,,,,,,,,,,,,,,,,,,,,,,,,,,1,Celebrities_Faces/001_03_greyscale_250.png,,,,,,,,,,,,,,,,,,,,,,,,,,,,,,,,,,,,,1.647586742,1133.9942,1135.638,,,,,,,,TRUE,,FALSE,,,,,,,,,,,,1135.6396,1136.2353,q,0.5309,,170,123,3,1,3,familiar,,,FALSE,1136.2355,1136.2356,1136.2356,1136.2357,,169,0,169,0,1,,,,
,,,,,6a180ae96bcc768c0babf598,2026-05-28_10h31.47.621,WP1_3,2025.2.3,Win32,147.0588235,661403131cecbe255b64ca6f,6a030b8ba3607712b5d4bf26,,,,,,,,,,,,,,,,,,,,,,,,,,,,,,,,,,,,,,,,,,,,,,,,,,,,,,,,,,,,26,Celebrities_Faces/026_03_greyscale_250.png,,,,,,,,,,,,,,,,,,,,,,,,,,,,,,,,,,,,,1.609095565,1136.2361,1137.8454,,,,,,,,TRUE,,FALSE,,,,,,,,,,,,1137.8465,1138.7016,q,0.7902,,171,132,3,1,3,familiar,,,FALSE,1138.702,1138.7021,1138.7021,1138.7022,,170,0,170,0,1,,,,
,,,,,6a180ae96bcc768c0babf598,2026-05-28_10h31.47.621,WP1_3,2025.2.3,Win32,147.0588235,661403131cecbe255b64ca6f,6a030b8ba3607712b5d4bf26,,,,,,,,,,,,,,,,,,,,,,,,,,,,,,,,,,,,,,,,,,,,,,,,,,,,,,,,,,,,23,Celebrities_Faces/023_02_greyscale_250.png,,,,,,,,,,,,,,,,,,,,,,,,,,,,,,,,,,,,,2.096538382,1138.7026,1140.7964,,,,,,,,TRUE,,FALSE,,,,,,,,,,,,1140.7969,1141.5008,p,0.6299,,172,135,3,1,2,familiar,,,FALSE,1141.5012,1141.5013,1141.5013,1141.5015,,171,0,171,0,1,,,,
,,,,,6a180ae96bcc768c0babf598,2026-05-28_10h31.47.621,WP1_3,2025.2.3,Win32,147.0588235,661403131cecbe255b64ca6f,6a030b8ba3607712b5d4bf26,,,,,,,,,,,,,,,,,,,,,,,,,,,,,,,,,,,,,,,,,,,,,,,,,,,,,,,,,,,,11,stim_fam/011_rgray_250.png,,,,,,,,,,,,,,,,,,,,,,,,,,,,,,,,,,,,,1.644441325,1141.5021,1143.1416,,,,,,,,FALSE,,FALSE,,,,,,,,,,,,1143.1424,1143.8284,p,0.6071,,173,164,3,1,250,novel,,,FALSE,1143.8287,1143.8288,1143.8288,1143.829,,172,0,172,0,1,,,,
,,,,,6a180ae96bcc768c0babf598,2026-05-28_10h31.47.621,WP1_3,2025.2.3,Win32,147.0588235,661403131cecbe255b64ca6f,6a030b8ba3607712b5d4bf26,,,,,,,,,,,,,,,,,,,,,,,,,,,,,,,,,,,,,,,,,,,,,,,,,,,,,,,,,,,,22,stim_fam/022_rgray_250.png,,,,,,,,,,,,,,,,,,,,,,,,,,,,,,,,,,,,,2.38776152,1143.8294,1146.2192,,,,,,,,FALSE,,FALSE,,,,,,,,,,,,1146.2211,1147.0028,p,0.6945,,174,152,3,1,250,novel,,,FALSE,1147.003,1147.0031,1147.0031,1147.0031,,173,0,173,0,1,,,,
,,,,,6a180ae96bcc768c0babf598,2026-05-28_10h31.47.621,WP1_3,2025.2.3,Win32,147.0588235,661403131cecbe255b64ca6f,6a030b8ba3607712b5d4bf26,,,,,,,,,,,,,,,,,,,,,,,,,,,,,,,,,,,,,,,,,,,,,,,,,,,,,,,,,,,,77,stim_fam/077_rgray_250.png,,,,,,,,,,,,,,,,,,,,,,,,,,,,,,,,,,,,,2.338261206,1147.0034,1149.3389,,,,,,,,FALSE,,FALSE,,,,,,,,,,,,1149.3405,1149.883,q,0.4598,,175,155,3,1,250,novel,,,FALSE,1149.8833,1149.8835,1149.8835,1149.8837,,174,0,174,0,1,,,,
,,,,,6a180ae96bcc768c0babf598,2026-05-28_10h31.47.621,WP1_3,2025.2.3,Win32,147.0588235,661403131cecbe255b64ca6f,6a030b8ba3607712b5d4bf26,,,,,,,,,,,,,,,,,,,,,,,,,,,,,,,,,,,,,,,,,,,,,,,,,,,,,,,,,,,,57,Celebrities_Faces/057_02_greyscale_250.png,,,,,,,,,,,,,,,,,,,,,,,,,,,,,,,,,,,,,2.395446994,1149.8845,1152.2765,,,,,,,,TRUE,,FALSE,,,,,,,,,,,,1152.2786,1152.7703,q,0.3843,,176,133,3,1,2,familiar,,,FALSE,1152.7707,1152.7709,1152.7709,1152.771,,175,0,175,0,1,,,,
,,,,,6a180ae96bcc768c0babf598,2026-05-28_10h31.47.621,WP1_3,2025.2.3,Win32,147.0588235,661403131cecbe255b64ca6f,6a030b8ba3607712b5d4bf26,,,,,,,,,,,,,,,,,,,,,,,,,,,,,,,,,,,,,,,,,,,,,,,,,,,,,,,,,,,,42,Celebrities_Faces/042_02_greyscale_250.png,,,,,,,,,,,,,,,,,,,,,,,,,,,,,,,,,,,,,2.005181127,1152.7714,1154.7765,,,,,,,,TRUE,,FALSE,,,,,,,,,,,,1154.7778,1155.4037,p,0.5416,,177,125,3,1,2,familiar,,,FALSE,1155.4041,1155.4044,1155.4044,1155.4045,,176,0,176,0,1,,,,
,,,,,6a180ae96bcc768c0babf598,2026-05-28_10h31.47.621,WP1_3,2025.2.3,Win32,147.0588235,661403131cecbe255b64ca6f,6a030b8ba3607712b5d4bf26,,,,,,,,,,,,,,,,,,,,,,,,,,,,,,,,,,,,,,,,,,,,,,,,,,,,,,,,,,,,59,Celebrities_Faces/059_02_greyscale_250.png,,,,,,,,,,,,,,,,,,,,,,,,,,,,,,,,,,,,,2.475341636,1155.4051,1157.8781,,,,,,,,TRUE,,FALSE,,,,,,,,,,,,1157.8804,1158.5341,q,0.5349,,178,140,3,1,2,familiar,,,FALSE,1158.5344,1158.5345,1158.5346,1158.5347,,177,0,177,0,1,,,,
,,,,,6a180ae96bcc768c0babf598,2026-05-28_10h31.47.621,WP1_3,2025.2.3,Win32,147.0588235,661403131cecbe255b64ca6f,6a030b8ba3607712b5d4bf26,,,,,,,,,,,,,,,,,,,,,,,,,,,,,,,,,,,,,,,,,,,,,,,,,,,,,,,,,,,,29,stim_fam/029_rgray_250.png,,,,,,,,,,,,,,,,,,,,,,,,,,,,,,,,,,,,,1.699332866,1158.5354,1160.2343,,,,,,,,FALSE,,FALSE,,,,,,,,,,,,1160.2357,1161.0103,p,0.5955,,179,153,3,1,250,novel,,,FALSE,1161.0105,1161.0109,1161.011,1161.0112,,178,0,178,0,1,,,,
,,,,,6a180ae96bcc768c0babf598,2026-05-28_10h31.47.621,WP1_3,2025.2.3,Win32,147.0588235,661403131cecbe255b64ca6f,6a030b8ba3607712b5d4bf26,,,,,,,,,,,,,,,,,,,,,,,,,,,,,,,,,,,,,,,,,,,,,,,,,,,,,,,,,,,,99,stim_fam/099_rgray_250.png,,,,,,,,,,,,,,,,,,,,,,,,,,,,,,,,,,,,,1.621208624,1161.0118,1162.6308,,,,,,,,FALSE,,FALSE,,,,,,,,,,,,1162.6319,1163.3819,p,0.6698,,180,169,3,1,250,novel,,,FALSE,1163.3823,1163.3825,1163.3825,1163.3828,,179,0,179,0,1,,,,
,,,,,6a180ae96bcc768c0babf598,2026-05-28_10h31.47.621,WP1_3,2025.2.3,Win32,147.0588235,661403131cecbe255b64ca6f,6a030b8ba3607712b5d4bf26,,,,,,,,,,,,,,,,,,,,,,,,,,,,,,,,,,,,,,,,,,,,,,,,,,,,,,,,,,,,,,,,,,,,,,,,,,,,,,,,,,,,,,,,,,,,,,,,,,,,,,,,,,,,,,,,,,,,,,,,,,,,,,,,,,,,,,,,,,,,,,,,,,,,1163.3838,1168.3829
