Study_information_1.started,Study_information_1.stopped,key_resp.keys,key_resp.rt,key_resp.duration,session,date,expName,psychopyVersion,OS,frameRate,participant,study_id,Study_information_2.started,Study_information_2.stopped,key_resp_2.keys,key_resp_2.rt,key_resp_2.duration,Study_information_3.started,Study_information_3.stopped,key_resp_3.keys,key_resp_3.rt,key_resp_3.duration,Consent.started,Consent.stopped,key_resp_5.keys,key_resp_5.rt,key_resp_5.duration,Instruction_1.started,Instruction_1.stopped,space_cont.keys,space_cont.rt,space_cont.duration,Instruction_2.started,Instruction_2.stopped,space_cont_2.keys,space_cont_2.rt,space_cont_2.duration,Instruction_3.started,Instruction_3.stopped,space_cont_3.keys,space_cont_3.rt,space_cont_3.duration,Instruction_4.started,Instruction_4.stopped,space_cont_4.keys,space_cont_4.rt,space_cont_4.duration,Instruction_5.started,Instruction_5.stopped,space_cont_5.keys,space_cont_5.rt,space_cont_5.duration,Familiarity_Rating.started,Familiarity_Rating.stopped,familiarity_scale.response,familiarity_scale.rt,key_resp_familiarity.keys,familiarity_rating,Valence_Rating.started,Valence_Rating.stopped,valence_scale.response,valence_scale.rt,key_resp_valence.keys,key_resp_valence.rt,key_resp_valence.duration,valence_rating,Name_Selection.started,Name_Selection.stopped,key_resp_naming.keys,key_resp_naming.rt,key_resp_naming.duration,identity_no,image_file,correct_name,selected_name_option,selected_name,correct_name_option,name_correct,qualifies_for_part2,qualified_count_so_far,trials_rating.thisRepN,trials_rating.thisTrialN,trials_rating.thisN,trials_rating.thisIndex,trials_rating.ran,Identity_no,Image,Option1,Option2,Option3,Option4,CorrectName,selection_method,num_selected_identities,qualified_identity_nos,break_1.started,break_1.stopped,Load_Recognition_Trials.started,Load_Recognition_Trials.stopped,Instruction_recog_1.started,Instruction_recog_1.stopped,space_cont_6.keys,space_cont_6.rt,space_cont_6.duration,Instruction_recog_2.started,Instruction_recog_2.stopped,space_cont_7.keys,space_cont_7.rt,space_cont_7.duration,fixation_duration,fix_cross.started,fix_cross.stopped,Practice_Recognition_Trial.started,Practice_Recognition_Trial.stopped,key_resp_practice.keys,key_resp_practice.rt,key_resp_practice.duration,is_practice,practice_trial_number,is_familiar,participant_response,too_slow,response_time,practice_trials.thisRepN,practice_trials.thisTrialN,practice_trials.thisN,practice_trials.thisIndex,practice_trials.ran,Instruction_recog.started,Instruction_recog.stopped,space_cont_8.keys,space_cont_8.rt,space_cont_8.duration,Recognition_trials.started,Recognition_trials.stopped,key_resp_recognition.keys,key_resp_recognition.rt,key_resp_recognition.duration,recognition_trial_number,original_trial_number,block,trial_in_block,orientation,identity_type,response_familiar,correct,valid_response,Too_slow.started,Too_slow.stopped,break_recog.started,break_recog.stopped,key_resp_6.keys,trials.thisRepN,trials.thisTrialN,trials.thisN,trials.thisIndex,trials.ran,key_resp_6.rt,key_resp_6.duration
0.0002,38.7879,space,38.7722,,6a180af52203ae855b4dd11b,2026-05-28_10h34.18.813,WP1_3,03.02.2025,Win32,60.97560976,66e9b926c782e4f47a05ec7c,6a030b8ba3607712b5d4bf26,,,,,,,,,,,,,,,,,,,,,,,,,,,,,,,,,,,,,,,,,,,,,,,,,,,,,,,,,,,,,,,,,,,,,,,,,,,,,,,,,,,,,,,,,,,,,,,,,,,,,,,,,,,,,,,,,,,,,,,,,,,,,,,,,,,,,,,,,,,,,,,,,,,
,,,,,6a180af52203ae855b4dd11b,2026-05-28_10h34.18.813,WP1_3,03.02.2025,Win32,60.97560976,66e9b926c782e4f47a05ec7c,6a030b8ba3607712b5d4bf26,38.7882,57.7224,space,18.9019,,,,,,,,,,,,,,,,,,,,,,,,,,,,,,,,,,,,,,,,,,,,,,,,,,,,,,,,,,,,,,,,,,,,,,,,,,,,,,,,,,,,,,,,,,,,,,,,,,,,,,,,,,,,,,,,,,,,,,,,,,,,,,,,,,,,,,,,,,,,,,,
,,,,,6a180af52203ae855b4dd11b,2026-05-28_10h34.18.813,WP1_3,03.02.2025,Win32,60.97560976,66e9b926c782e4f47a05ec7c,6a030b8ba3607712b5d4bf26,,,,,,57.7226,81.7214,space,23.9684,,,,,,,,,,,,,,,,,,,,,,,,,,,,,,,,,,,,,,,,,,,,,,,,,,,,,,,,,,,,,,,,,,,,,,,,,,,,,,,,,,,,,,,,,,,,,,,,,,,,,,,,,,,,,,,,,,,,,,,,,,,,,,,,,,,,,,,,,,
,,,,,6a180af52203ae855b4dd11b,2026-05-28_10h34.18.813,WP1_3,03.02.2025,Win32,60.97560976,66e9b926c782e4f47a05ec7c,6a030b8ba3607712b5d4bf26,,,,,,,,,,,81.7215,93.0551,space,11.3078,,,,,,,,,,,,,,,,,,,,,,,,,,,,,,,,,,,,,,,,,,,,,,,,,,,,,,,,,,,,,,,,,,,,,,,,,,,,,,,,,,,,,,,,,,,,,,,,,,,,,,,,,,,,,,,,,,,,,,,,,,,,,,,,,,,,,
,,,,,6a180af52203ae855b4dd11b,2026-05-28_10h34.18.813,WP1_3,03.02.2025,Win32,60.97560976,66e9b926c782e4f47a05ec7c,6a030b8ba3607712b5d4bf26,,,,,,,,,,,,,,,,93.0551,109.5385,space,16.444,,,,,,,,,,,,,,,,,,,,,,,,,,,,,,,,,,,,,,,,,,,,,,,,,,,,,,,,,,,,,,,,,,,,,,,,,,,,,,,,,,,,,,,,,,,,,,,,,,,,,,,,,,,,,,,,,,,,,,,,,,,,,,,,
,,,,,6a180af52203ae855b4dd11b,2026-05-28_10h34.18.813,WP1_3,03.02.2025,Win32,60.97560976,66e9b926c782e4f47a05ec7c,6a030b8ba3607712b5d4bf26,,,,,,,,,,,,,,,,,,,,,109.5387,131.3052,space,21.7445,,,,,,,,,,,,,,,,,,,,,,,,,,,,,,,,,,,,,,,,,,,,,,,,,,,,,,,,,,,,,,,,,,,,,,,,,,,,,,,,,,,,,,,,,,,,,,,,,,,,,,,,,,,,,,,,,,,,,,,,,,,
,,,,,6a180af52203ae855b4dd11b,2026-05-28_10h34.18.813,WP1_3,03.02.2025,Win32,60.97560976,66e9b926c782e4f47a05ec7c,6a030b8ba3607712b5d4bf26,,,,,,,,,,,,,,,,,,,,,,,,,,131.3053,137.9046,space,6.5693,,,,,,,,,,,,,,,,,,,,,,,,,,,,,,,,,,,,,,,,,,,,,,,,,,,,,,,,,,,,,,,,,,,,,,,,,,,,,,,,,,,,,,,,,,,,,,,,,,,,,,,,,,,,,,,,,,,,,,
,,,,,6a180af52203ae855b4dd11b,2026-05-28_10h34.18.813,WP1_3,03.02.2025,Win32,60.97560976,66e9b926c782e4f47a05ec7c,6a030b8ba3607712b5d4bf26,,,,,,,,,,,,,,,,,,,,,,,,,,,,,,,137.9046,146.6211,space,8.6891,,,,,,,,,,,,,,,,,,,,,,,,,,,,,,,,,,,,,,,,,,,,,,,,,,,,,,,,,,,,,,,,,,,,,,,,,,,,,,,,,,,,,,,,,,,,,,,,,,,,,,,,,,,,,,,,,
,,,,,6a180af52203ae855b4dd11b,2026-05-28_10h34.18.813,WP1_3,03.02.2025,Win32,60.97560976,66e9b926c782e4f47a05ec7c,6a030b8ba3607712b5d4bf26,,,,,,,,,,,,,,,,,,,,,,,,,,,,,,,,,,,,146.6212,155.4878,space,8.8454,,,,,,,,,,,,,,,,,,,,,,,,,,,,,,,,,,,,,,,,,,,,,,,,,,,,,,,,,,,,,,,,,,,,,,,,,,,,,,,,,,,,,,,,,,,,,,,,,,,,,,,,,,,,
,,,,,6a180af52203ae855b4dd11b,2026-05-28_10h34.18.813,WP1_3,03.02.2025,Win32,60.97560976,66e9b926c782e4f47a05ec7c,6a030b8ba3607712b5d4bf26,,,,,,,,,,,,,,,,,,,,,,,,,,,,,,,,,,,,,,,,,155.4921,168.0377,,,,0,168.0381,172.271,,,"[""space""]",[4.103399999976176],[null],5,172.2716,184.8217,space,12.4164,,5,Celebrities_Faces/005_rating.jpg,Lionel Messi,0,Lionel Messi,0,TRUE,FALSE,0,0,0,0,4,1,5,Celebrities_Faces/005_rating.jpg,Lionel Messi,Matt Damon,Cristiano Ronaldo,Lebron James,Lionel Messi,,,,,,,,,,,,,,,,,,,,,,,,,,,,,,,,,,,,,,,,,,,,,,,,,,,,,,,,,,,,,,,,,,,
,,,,,6a180af52203ae855b4dd11b,2026-05-28_10h34.18.813,WP1_3,03.02.2025,Win32,60.97560976,66e9b926c782e4f47a05ec7c,6a030b8ba3607712b5d4bf26,,,,,,,,,,,,,,,,,,,,,,,,,,,,,,,,,,,,,,,,,184.8224,195.5542,,,,10,195.5547,203.8544,,,"[""right"",""right"",""right"",""right"",""right"",""left"",""space""]","[2.262899999976156,2.462899999976173,2.6554999999999893,2.8471000000238575,4.471299999952322,5.911699999928487,8.263299999952324]","[null,null,null,null,null,null,null]",9,203.8559,209.071,space,5.1874,,31,Celebrities_Faces/031_rating.jpg,Sandra Bullock,3,Sandra Bullock,3,TRUE,TRUE,1,0,1,1,30,1,31,Celebrities_Faces/031_rating.jpg,Michelle Obama,Emma Watson,Halle Berry,Sandra Bullock,Sandra Bullock,,,,,,,,,,,,,,,,,,,,,,,,,,,,,,,,,,,,,,,,,,,,,,,,,,,,,,,,,,,,,,,,,,,
,,,,,6a180af52203ae855b4dd11b,2026-05-28_10h34.18.813,WP1_3,03.02.2025,Win32,60.97560976,66e9b926c782e4f47a05ec7c,6a030b8ba3607712b5d4bf26,,,,,,,,,,,,,,,,,,,,,,,,,,,,,,,,,,,,,,,,,209.0716,222.9041,,,,1,222.9046,226.1541,,,"[""space""]",[3.209600000023869],[null],5,226.1555,250.0378,space,23.8339,,11,Celebrities_Faces/011_rating.jpg,Chris Evans,0,Chris Evans,0,TRUE,FALSE,1,0,2,2,10,1,11,Celebrities_Faces/011_rating.jpg,Chris Evans,Daniel Craig,Ryan Reynolds,Arnold Schwarzeneger,Chris Evans,,,,,,,,,,,,,,,,,,,,,,,,,,,,,,,,,,,,,,,,,,,,,,,,,,,,,,,,,,,,,,,,,,,
,,,,,6a180af52203ae855b4dd11b,2026-05-28_10h34.18.813,WP1_3,03.02.2025,Win32,60.97560976,66e9b926c782e4f47a05ec7c,6a030b8ba3607712b5d4bf26,,,,,,,,,,,,,,,,,,,,,,,,,,,,,,,,,,,,,,,,,250.0385,259.9542,,,,10,259.9547,263.7874,,,"[""right"",""right"",""right"",""space""]","[1.6861000000238278,1.9423000000714978,2.1415000000000077,3.8136000000238255]","[null,null,null,null]",8,263.7884,270.5041,space,6.7012,,20,Celebrities_Faces/020_rating.jpg,Matt Damon,1,Matt Damon,1,TRUE,TRUE,2,0,3,3,19,1,20,Celebrities_Faces/020_rating.jpg,Tom Cruise,Matt Damon,Chris Evans,Brad Pitt,Matt Damon,,,,,,,,,,,,,,,,,,,,,,,,,,,,,,,,,,,,,,,,,,,,,,,,,,,,,,,,,,,,,,,,,,,
,,,,,6a180af52203ae855b4dd11b,2026-05-28_10h34.18.813,WP1_3,03.02.2025,Win32,60.97560976,66e9b926c782e4f47a05ec7c,6a030b8ba3607712b5d4bf26,,,,,,,,,,,,,,,,,,,,,,,,,,,,,,,,,,,,,,,,,270.5048,277.4208,,,,10,277.4212,281.7708,,,"[""right"",""right"",""right"",""right"",""right"",""space""]","[1.3754999999999882,1.639399999976149,1.9276000000238582,2.343500000000006,3.775299999952324,4.327699999928484]","[null,null,null,null,null,null]",10,281.7719,288.0044,space,6.2099,,16,Celebrities_Faces/016_rating.jpg,Ewan McGregor,0,Ewan McGregor,0,TRUE,TRUE,3,0,4,4,15,1,16,Celebrities_Faces/016_rating.jpg,Ewan McGregor,Robert De Niro,Lionel Messi,Leonardo Di Caprio,Ewan McGregor,,,,,,,,,,,,,,,,,,,,,,,,,,,,,,,,,,,,,,,,,,,,,,,,,,,,,,,,,,,,,,,,,,,
,,,,,6a180af52203ae855b4dd11b,2026-05-28_10h34.18.813,WP1_3,03.02.2025,Win32,60.97560976,66e9b926c782e4f47a05ec7c,6a030b8ba3607712b5d4bf26,,,,,,,,,,,,,,,,,,,,,,,,,,,,,,,,,,,,,,,,,288.0051,295.171,,,,10,295.1713,299.1042,,,"[""right"",""right"",""right"",""right"",""right"",""space""]","[1.4798000000715206,1.66339999997615,1.8642000000476742,2.031200000047704,2.2306000000238555,3.8146000000238587]","[null,null,null,null,null,null]",10,299.1053,303.0709,space,3.8505,,24,Celebrities_Faces/024_rating.jpg,Ryan Reynolds,3,Ryan Reynolds,3,TRUE,TRUE,4,0,5,5,23,1,24,Celebrities_Faces/024_rating.jpg,Roger Federer,Denzel Washighton,Tom Holland,Ryan Reynolds,Ryan Reynolds,,,,,,,,,,,,,,,,,,,,,,,,,,,,,,,,,,,,,,,,,,,,,,,,,,,,,,,,,,,,,,,,,,,
,,,,,6a180af52203ae855b4dd11b,2026-05-28_10h34.18.813,WP1_3,03.02.2025,Win32,60.97560976,66e9b926c782e4f47a05ec7c,6a030b8ba3607712b5d4bf26,,,,,,,,,,,,,,,,,,,,,,,,,,,,,,,,,,,,,,,,,303.0714,313.9714,,,,4,313.9717,319.7041,,,"[""left"",""left"",""space""]","[3.2952000000476573,4.702100000023847,5.670000000000016]","[null,null,null]",3,319.7051,324.3541,space,4.586,,57,Celebrities_Faces/057_rating.jpg,Serena Williams,2,Serena Williams,2,TRUE,FALSE,4,0,6,6,56,1,57,Celebrities_Faces/057_rating.jpg,Olivia Rodrigo,Charlize Theron,Serena Williams,Greta Thunberg,Serena Williams,,,,,,,,,,,,,,,,,,,,,,,,,,,,,,,,,,,,,,,,,,,,,,,,,,,,,,,,,,,,,,,,,,,
,,,,,6a180af52203ae855b4dd11b,2026-05-28_10h34.18.813,WP1_3,03.02.2025,Win32,60.97560976,66e9b926c782e4f47a05ec7c,6a030b8ba3607712b5d4bf26,,,,,,,,,,,,,,,,,,,,,,,,,,,,,,,,,,,,,,,,,324.3548,328.3374,,,,10,328.3377,334.0709,,,"[""left"",""left"",""left"",""space""]","[1.5077000000476914,1.8518999999761263,4.156100000023855,5.667899999976157]","[null,null,null,null]",2,334.072,337.8378,space,3.7096,,1,Celebrities_Faces/001_rating.jpg,Leonardo Di Caprio,2,Leonardo Di Caprio,2,TRUE,TRUE,5,0,7,7,0,1,1,Celebrities_Faces/001_rating.jpg,Ben Affleck,Daniel Craig,Leonardo Di Caprio,Roger Federer,Leonardo Di Caprio,,,,,,,,,,,,,,,,,,,,,,,,,,,,,,,,,,,,,,,,,,,,,,,,,,,,,,,,,,,,,,,,,,,
,,,,,6a180af52203ae855b4dd11b,2026-05-28_10h34.18.813,WP1_3,03.02.2025,Win32,60.97560976,66e9b926c782e4f47a05ec7c,6a030b8ba3607712b5d4bf26,,,,,,,,,,,,,,,,,,,,,,,,,,,,,,,,,,,,,,,,,337.8384,345.1041,,,,10,345.1046,348.1713,,,"[""right"",""right"",""right"",""right"",""right"",""space""]","[0.9724999999999682,1.1962000000476678,1.4053999999761686,1.6392000000476514,1.9896000000238132,3.0058999999761227]","[null,null,null,null,null,null]",10,348.1725,353.204,space,4.978,,28,Celebrities_Faces/028_rating.jpg,Dwayne Johnson,0,Dwayne Johnson,0,TRUE,TRUE,6,0,8,8,27,1,28,Celebrities_Faces/028_rating.jpg,Dwayne Johnson,Ryan Reynolds,Bradley Cooper,Lionel Messi,Dwayne Johnson,,,,,,,,,,,,,,,,,,,,,,,,,,,,,,,,,,,,,,,,,,,,,,,,,,,,,,,,,,,,,,,,,,,
,,,,,6a180af52203ae855b4dd11b,2026-05-28_10h34.18.813,WP1_3,03.02.2025,Win32,60.97560976,66e9b926c782e4f47a05ec7c,6a030b8ba3607712b5d4bf26,,,,,,,,,,,,,,,,,,,,,,,,,,,,,,,,,,,,,,,,,353.2045,357.6373,,,,10,357.6376,363.3881,,,"[""right"",""right"",""right"",""right"",""right"",""left"",""space""]","[1.569799999952295,1.8026999999284499,2.02829999995231,3.1067999999523295,3.298100000023851,4.5955000000000155,5.645299999952329]","[null,null,null,null,null,null,null]",9,363.3892,364.9207,space,1.4355,,10,Celebrities_Faces/010_rating.jpg,Bruce Willis,0,Bruce Willis,0,TRUE,TRUE,7,0,9,9,9,1,10,Celebrities_Faces/010_rating.jpg,Bruce Willis,Arnold Schwarzeneger,George Clooney,Robert De Niro,Bruce Willis,,,,,,,,,,,,,,,,,,,,,,,,,,,,,,,,,,,,,,,,,,,,,,,,,,,,,,,,,,,,,,,,,,,
,,,,,6a180af52203ae855b4dd11b,2026-05-28_10h34.18.813,WP1_3,03.02.2025,Win32,60.97560976,66e9b926c782e4f47a05ec7c,6a030b8ba3607712b5d4bf26,,,,,,,,,,,,,,,,,,,,,,,,,,,,,,,,,,,,,,,,,364.9214,369.8207,,,,10,369.8211,373.038,,,"[""right"",""right"",""right"",""right"",""right"",""space""]","[1.6788000000715328,1.8461000000238528,2.0388000000715465,2.1984000000953756,2.3984000000953642,3.1986000000238164]","[null,null,null,null,null,null]",10,373.0394,376.5714,space,3.509,,56,Celebrities_Faces/056_rating.jpg,Reese Witherspoon,0,Reese Witherspoon,0,TRUE,TRUE,8,0,10,10,55,1,56,Celebrities_Faces/056_rating.jpg,Reese Witherspoon,Sandra Bullock,Nicole Kidman,Halle Berry,Reese Witherspoon,,,,,,,,,,,,,,,,,,,,,,,,,,,,,,,,,,,,,,,,,,,,,,,,,,,,,,,,,,,,,,,,,,,
,,,,,6a180af52203ae855b4dd11b,2026-05-28_10h34.18.813,WP1_3,03.02.2025,Win32,60.97560976,66e9b926c782e4f47a05ec7c,6a030b8ba3607712b5d4bf26,,,,,,,,,,,,,,,,,,,,,,,,,,,,,,,,,,,,,,,,,376.5718,383.0214,,,,10,383.0219,389.704,,,"[""right"",""right"",""space""]","[4.656799999952284,5.090100000023824,6.624399999976106]","[null,null,null]",7,389.7054,399.1382,space,9.377,,46,Celebrities_Faces/046_rating.jpg,Emma Stone,1,Emma Stone,1,TRUE,TRUE,9,0,11,11,45,1,46,Celebrities_Faces/046_rating.jpg,Halle Berry,Emma Stone,Emma Watson,Taylor Swift,Emma Stone,,,,,,,,,,,,,,,,,,,,,,,,,,,,,,,,,,,,,,,,,,,,,,,,,,,,,,,,,,,,,,,,,,,
,,,,,6a180af52203ae855b4dd11b,2026-05-28_10h34.18.813,WP1_3,03.02.2025,Win32,60.97560976,66e9b926c782e4f47a05ec7c,6a030b8ba3607712b5d4bf26,,,,,,,,,,,,,,,,,,,,,,,,,,,,,,,,,,,,,,,,,399.1386,409.3041,,,,10,409.3046,412.2379,,,"[""left"",""left"",""left"",""left"",""left"",""space""]","[0.9547999999523427,1.1391000000238591,1.3065000000000282,1.4902999999523558,1.6827000000477028,2.8668999999761695]","[null,null,null,null,null,null]",0,412.2391,415.5715,space,3.2534,,2,Celebrities_Faces/002_rating.jpg,George W.Bush,3,George W.Bush,3,TRUE,TRUE,10,0,12,12,1,1,2,Celebrities_Faces/002_rating.jpg,Henri Canvill,Chris Evans,Tom Holland,George W.Bush,George W.Bush,,,,,,,,,,,,,,,,,,,,,,,,,,,,,,,,,,,,,,,,,,,,,,,,,,,,,,,,,,,,,,,,,,,
,,,,,6a180af52203ae855b4dd11b,2026-05-28_10h34.18.813,WP1_3,03.02.2025,Win32,60.97560976,66e9b926c782e4f47a05ec7c,6a030b8ba3607712b5d4bf26,,,,,,,,,,,,,,,,,,,,,,,,,,,,,,,,,,,,,,,,,415.5721,418.804,,,,10,418.8045,421.6375,,,"[""right"",""right"",""right"",""right"",""right"",""space""]","[1.2004999999999768,1.359599999904617,1.5211999999284558,1.6885999999046248,1.8555999999046549,2.7998999999761622]","[null,null,null,null,null,null]",10,421.6384,422.9714,space,1.2876,,27,Celebrities_Faces/027_rating.jpg,Keanu Reeves,0,Keanu Reeves,0,TRUE,TRUE,11,0,13,13,26,1,27,Celebrities_Faces/027_rating.jpg,Keanu Reeves,Dwayne Johnson,Bradley Cooper,Daniel Radcliffe,Keanu Reeves,,,,,,,,,,,,,,,,,,,,,,,,,,,,,,,,,,,,,,,,,,,,,,,,,,,,,,,,,,,,,,,,,,,
,,,,,6a180af52203ae855b4dd11b,2026-05-28_10h34.18.813,WP1_3,03.02.2025,Win32,60.97560976,66e9b926c782e4f47a05ec7c,6a030b8ba3607712b5d4bf26,,,,,,,,,,,,,,,,,,,,,,,,,,,,,,,,,,,,,,,,,422.9722,432.9879,,,,1,432.9883,436.8374,,,"[""right"",""left"",""space""]","[2.9346000000238632,3.109300000071528,3.8138999999761722]","[null,null,null]",5,436.8384,443.304,space,6.4279,,43,Celebrities_Faces/043_rating.jpg,Maria Sharapova,3,Maria Sharapova,3,TRUE,FALSE,11,0,14,14,42,1,43,Celebrities_Faces/043_rating.jpg,Michelle Obama,Taylor Swift,Greta Thunberg,Maria Sharapova,Maria Sharapova,,,,,,,,,,,,,,,,,,,,,,,,,,,,,,,,,,,,,,,,,,,,,,,,,,,,,,,,,,,,,,,,,,,
,,,,,6a180af52203ae855b4dd11b,2026-05-28_10h34.18.813,WP1_3,03.02.2025,Win32,60.97560976,66e9b926c782e4f47a05ec7c,6a030b8ba3607712b5d4bf26,,,,,,,,,,,,,,,,,,,,,,,,,,,,,,,,,,,,,,,,,443.3045,450.9374,,,,0,450.9378,451.788,,,"[""space""]",[0.8038000000715328],[null],5,451.789,476.3213,space,24.4829,,55,Celebrities_Faces/055_rating.jpg,Charlize Theron,3,Charlize Theron,3,TRUE,FALSE,11,0,15,15,54,1,55,Celebrities_Faces/055_rating.jpg,Natalie Portman,Margot Robbie,Angelina Jolie,Charlize Theron,Charlize Theron,,,,,,,,,,,,,,,,,,,,,,,,,,,,,,,,,,,,,,,,,,,,,,,,,,,,,,,,,,,,,,,,,,,
,,,,,6a180af52203ae855b4dd11b,2026-05-28_10h34.18.813,WP1_3,03.02.2025,Win32,60.97560976,66e9b926c782e4f47a05ec7c,6a030b8ba3607712b5d4bf26,,,,,,,,,,,,,,,,,,,,,,,,,,,,,,,,,,,,,,,,,476.322,481.0706,,,,10,481.071,484.0712,,,"[""right"",""right"",""right"",""right"",""right"",""space""]","[1.0773000000715456,1.2611000000238732,1.4373999999762077,1.6173999999761577,1.7825000000000273,2.8848999999761986]","[null,null,null,null,null,null]",10,484.0722,487.7206,space,3.5406,,45,Celebrities_Faces/045_rating.jpg,Cameron Diaz,3,Cameron Diaz,3,TRUE,TRUE,12,0,16,16,44,1,45,Celebrities_Faces/045_rating.jpg,Taylor Swift,Natalie Portman,Maria Sharapova,Cameron Diaz,Cameron Diaz,,,,,,,,,,,,,,,,,,,,,,,,,,,,,,,,,,,,,,,,,,,,,,,,,,,,,,,,,,,,,,,,,,,
,,,,,6a180af52203ae855b4dd11b,2026-05-28_10h34.18.813,WP1_3,03.02.2025,Win32,60.97560976,66e9b926c782e4f47a05ec7c,6a030b8ba3607712b5d4bf26,,,,,,,,,,,,,,,,,,,,,,,,,,,,,,,,,,,,,,,,,487.7212,492.2707,,,,10,492.2712,495.854,,,"[""left"",""left"",""left"",""left"",""left"",""space""]","[1.0361999999283853,1.2444999999999027,1.4288999999761245,1.6197999999523063,1.8199999999999363,3.531599999904529]","[null,null,null,null,null,null]",0,495.8549,497.4373,space,1.5331,,47,Celebrities_Faces/047_rating.jpg,Hillary Clinton,0,Hillary Clinton,0,TRUE,TRUE,13,0,17,17,46,1,47,Celebrities_Faces/047_rating.jpg,Hillary Clinton,Sandra Bullock,Michelle Obama,Anne Hathaway,Hillary Clinton,,,,,,,,,,,,,,,,,,,,,,,,,,,,,,,,,,,,,,,,,,,,,,,,,,,,,,,,,,,,,,,,,,,
,,,,,6a180af52203ae855b4dd11b,2026-05-28_10h34.18.813,WP1_3,03.02.2025,Win32,60.97560976,66e9b926c782e4f47a05ec7c,6a030b8ba3607712b5d4bf26,,,,,,,,,,,,,,,,,,,,,,,,,,,,,,,,,,,,,,,,,497.4378,505.4707,,,,10,505.4711,509.2374,,,"[""left"",""left"",""left"",""left"",""left"",""space""]","[1.5092999999523045,1.7252999999523126,1.9329999999999927,2.1807999999523418,2.500899999976127,3.725700000047709]","[null,null,null,null,null,null]",0,509.2383,513.104,space,3.8146,,25,Celebrities_Faces/025_rating.jpg,Robert De Niro,2,Robert De Niro,2,TRUE,TRUE,14,0,18,18,24,1,25,Celebrities_Faces/025_rating.jpg,Bruce Willis,Arnold Schwarzeneger,Robert De Niro,Leonardo Di Caprio,Robert De Niro,,,,,,,,,,,,,,,,,,,,,,,,,,,,,,,,,,,,,,,,,,,,,,,,,,,,,,,,,,,,,,,,,,,
,,,,,6a180af52203ae855b4dd11b,2026-05-28_10h34.18.813,WP1_3,03.02.2025,Win32,60.97560976,66e9b926c782e4f47a05ec7c,6a030b8ba3607712b5d4bf26,,,,,,,,,,,,,,,,,,,,,,,,,,,,,,,,,,,,,,,,,513.1046,519.0211,,,,0,519.0215,520.7207,,,"[""space""]",[1.6815000000000282],[null],5,520.7218,539.4039,space,18.6625,,49,Celebrities_Faces/049_rating.jpg,Olivia Rodrigo,0,Olivia Rodrigo,0,TRUE,FALSE,14,0,19,19,48,1,49,Celebrities_Faces/049_rating.jpg,Olivia Rodrigo,Lindsay Lohan,Gal Gadot,Angelina Jolie,Olivia Rodrigo,,,,,,,,,,,,,,,,,,,,,,,,,,,,,,,,,,,,,,,,,,,,,,,,,,,,,,,,,,,,,,,,,,,
,,,,,6a180af52203ae855b4dd11b,2026-05-28_10h34.18.813,WP1_3,03.02.2025,Win32,60.97560976,66e9b926c782e4f47a05ec7c,6a030b8ba3607712b5d4bf26,,,,,,,,,,,,,,,,,,,,,,,,,,,,,,,,,,,,,,,,,539.4045,544.1206,,,,10,544.1208,547.4373,,,"[""right"",""right"",""right"",""right"",""right"",""space""]","[1.1698999999762236,1.369899999976269,1.5817000000477037,1.7702000000477938,2.0830000000000837,3.2181000000239237]","[null,null,null,null,null,null]",10,547.4385,551.7039,space,4.1648,,9,Celebrities_Faces/009_rating.jpg,Bradley Cooper,2,Bradley Cooper,2,TRUE,TRUE,15,0,20,20,8,1,9,Celebrities_Faces/009_rating.jpg,Chris Hemsworth,Tom Cruise,Bradley Cooper,Lebron James,Bradley Cooper,,,,,,,,,,,,,,,,,,,,,,,,,,,,,,,,,,,,,,,,,,,,,,,,,,,,,,,,,,,,,,,,,,,
,,,,,6a180af52203ae855b4dd11b,2026-05-28_10h34.18.813,WP1_3,03.02.2025,Win32,60.97560976,66e9b926c782e4f47a05ec7c,6a030b8ba3607712b5d4bf26,,,,,,,,,,,,,,,,,,,,,,,,,,,,,,,,,,,,,,,,,551.7045,557.8538,,,,0,557.8542,559.3872,,,"[""space""]",[1.425700000047641],[null],5,559.3882,568.8207,space,9.3415,,29,Celebrities_Faces/029_rating.jpg,Tom Holland,0,Tom Holland,0,TRUE,FALSE,15,0,21,21,28,1,29,Celebrities_Faces/029_rating.jpg,Tom Holland,Bradley Cooper,Dwayne Johnson,George W.Bush,Tom Holland,,,,,,,,,,,,,,,,,,,,,,,,,,,,,,,,,,,,,,,,,,,,,,,,,,,,,,,,,,,,,,,,,,,
,,,,,6a180af52203ae855b4dd11b,2026-05-28_10h34.18.813,WP1_3,03.02.2025,Win32,60.97560976,66e9b926c782e4f47a05ec7c,6a030b8ba3607712b5d4bf26,,,,,,,,,,,,,,,,,,,,,,,,,,,,,,,,,,,,,,,,,568.8212,579.0039,,,,10,579.0043,582.2538,,,"[""right"",""right"",""right"",""space""]","[1.1541000000238455,1.4589999999999463,1.8110000000000355,3.2266000000238364]","[null,null,null,null]",8,582.2548,586.3706,space,4.0887,,58,Celebrities_Faces/058_rating.jpg,Nicole Kidman,2,Nicole Kidman,2,TRUE,TRUE,16,0,22,22,57,1,58,Celebrities_Faces/058_rating.jpg,Millie Bobby Brown,Greta Thunberg,Nicole Kidman,Julia Roberts,Nicole Kidman,,,,,,,,,,,,,,,,,,,,,,,,,,,,,,,,,,,,,,,,,,,,,,,,,,,,,,,,,,,,,,,,,,,
,,,,,6a180af52203ae855b4dd11b,2026-05-28_10h34.18.813,WP1_3,03.02.2025,Win32,60.97560976,66e9b926c782e4f47a05ec7c,6a030b8ba3607712b5d4bf26,,,,,,,,,,,,,,,,,,,,,,,,,,,,,,,,,,,,,,,,,586.3711,590.9872,,,,10,590.9876,595.3038,,,"[""right"",""right"",""right"",""right"",""right"",""space""]","[2.226699999928428,2.459199999928387,2.6829999999999927,2.923899999976129,3.3239999999999554,4.259199999928455]","[null,null,null,null,null,null]",10,595.305,600.0544,space,4.7033,,54,Celebrities_Faces/054_rating.jpg,Julia Roberts,0,Julia Roberts,0,TRUE,TRUE,17,0,23,23,53,1,54,Celebrities_Faces/054_rating.jpg,Julia Roberts,Anne Hathaway,Olivia Rodrigo,Simone Biles,Julia Roberts,,,,,,,,,,,,,,,,,,,,,,,,,,,,,,,,,,,,,,,,,,,,,,,,,,,,,,,,,,,,,,,,,,,
,,,,,6a180af52203ae855b4dd11b,2026-05-28_10h34.18.813,WP1_3,03.02.2025,Win32,60.97560976,66e9b926c782e4f47a05ec7c,6a030b8ba3607712b5d4bf26,,,,,,,,,,,,,,,,,,,,,,,,,,,,,,,,,,,,,,,,,600.0549,603.7374,,,,10,603.7377,606.9877,,,"[""right"",""right"",""right"",""space""]","[1.1036000000239028,1.39260000002389,1.759300000071562,3.2145000000000437]","[null,null,null,null]",8,606.9886,608.2706,space,1.255,,6,Celebrities_Faces/006_rating.jpg,Arnold Schwarzeneger,0,Arnold Schwarzeneger,0,TRUE,TRUE,18,0,24,24,5,1,6,Celebrities_Faces/006_rating.jpg,Arnold Schwarzeneger,Dwayne Johnson,Tom Cruise,Ryan Reynolds,Arnold Schwarzeneger,,,,,,,,,,,,,,,,,,,,,,,,,,,,,,,,,,,,,,,,,,,,,,,,,,,,,,,,,,,,,,,,,,,
,,,,,6a180af52203ae855b4dd11b,2026-05-28_10h34.18.813,WP1_3,03.02.2025,Win32,60.97560976,66e9b926c782e4f47a05ec7c,6a030b8ba3607712b5d4bf26,,,,,,,,,,,,,,,,,,,,,,,,,,,,,,,,,,,,,,,,,608.2711,615.4042,,,,0,615.4047,616.6873,,,"[""space""]",[1.1920000000000073],[null],5,616.6884,622.5872,space,5.7983,,22,Celebrities_Faces/022_rating.jpg,Lebron James,3,Lebron James,3,TRUE,FALSE,18,0,25,25,21,1,22,Celebrities_Faces/022_rating.jpg,George W.Bush,Lionel Messi,Leonardo Di Caprio,Lebron James,Lebron James,,,,,,,,,,,,,,,,,,,,,,,,,,,,,,,,,,,,,,,,,,,,,,,,,,,,,,,,,,,,,,,,,,,
,,,,,6a180af52203ae855b4dd11b,2026-05-28_10h34.18.813,WP1_3,03.02.2025,Win32,60.97560976,66e9b926c782e4f47a05ec7c,6a030b8ba3607712b5d4bf26,,,,,,,,,,,,,,,,,,,,,,,,,,,,,,,,,,,,,,,,,622.5877,626.2706,,,,10,626.271,629.5877,,,"[""right"",""right"",""right"",""right"",""right"",""space""]","[1.2412000000476837,1.4787000000476382,1.6867999999523136,1.9510000000000218,2.2147999999523336,3.2416000000238228]","[null,null,null,null,null,null]",10,629.5887,633.2373,space,3.5854,,8,Celebrities_Faces/008_rating.jpg,Brad Pitt,3,Brad Pitt,3,TRUE,TRUE,19,0,26,26,7,1,8,Celebrities_Faces/008_rating.jpg,Cristiano Ronaldo,Daniel Craig,Lionel Messi,Brad Pitt,Brad Pitt,,,,,,,,,,,,,,,,,,,,,,,,,,,,,,,,,,,,,,,,,,,,,,,,,,,,,,,,,,,,,,,,,,,
,,,,,6a180af52203ae855b4dd11b,2026-05-28_10h34.18.813,WP1_3,03.02.2025,Win32,60.97560976,66e9b926c782e4f47a05ec7c,6a030b8ba3607712b5d4bf26,,,,,,,,,,,,,,,,,,,,,,,,,,,,,,,,,,,,,,,,,633.2379,636.4877,,,,10,636.488,639.3705,,,"[""left"",""left"",""left"",""left"",""left"",""space""]","[1.012900000095442,1.2285000000000537,1.412400000095431,1.6125000000000682,1.8625000000000682,2.8460000000000036]","[null,null,null,null,null,null]",0,639.3715,642.9039,space,3.506,,42,Celebrities_Faces/042_rating.jpg,Greta Thunberg,3,Greta Thunberg,3,TRUE,TRUE,20,0,27,27,41,1,42,Celebrities_Faces/042_rating.jpg,Simone Biles,Michelle Obama,Anne Hathaway,Greta Thunberg,Greta Thunberg,,,,,,,,,,,,,,,,,,,,,,,,,,,,,,,,,,,,,,,,,,,,,,,,,,,,,,,,,,,,,,,,,,,
,,,,,6a180af52203ae855b4dd11b,2026-05-28_10h34.18.813,WP1_3,03.02.2025,Win32,60.97560976,66e9b926c782e4f47a05ec7c,6a030b8ba3607712b5d4bf26,,,,,,,,,,,,,,,,,,,,,,,,,,,,,,,,,,,,,,,,,642.9045,649.1705,,,,0,649.171,652.1714,,,"[""space""]",[2.955299999952331],[null],5,652.1729,674.8874,space,22.6818,,13,Celebrities_Faces/013_rating.jpg,Denzel Washighton,0,Denzel Washighton,0,TRUE,FALSE,20,0,28,28,12,1,13,Celebrities_Faces/013_rating.jpg,Denzel Washighton,Chris Hemsworth,Matt Damon,George W.Bush,Denzel Washighton,,,,,,,,,,,,,,,,,,,,,,,,,,,,,,,,,,,,,,,,,,,,,,,,,,,,,,,,,,,,,,,,,,,
,,,,,6a180af52203ae855b4dd11b,2026-05-28_10h34.18.813,WP1_3,03.02.2025,Win32,60.97560976,66e9b926c782e4f47a05ec7c,6a030b8ba3607712b5d4bf26,,,,,,,,,,,,,,,,,,,,,,,,,,,,,,,,,,,,,,,,,674.8879,684.0379,,,,5,684.0383,684.988,,,"[""space""]",[0.9077999999523172],[null],5,684.9896,689.5038,space,4.4768,,39,Celebrities_Faces/039_rating.jpg,Scarlett Johansson,1,Scarlett Johansson,1,TRUE,FALSE,20,0,29,29,38,1,39,Celebrities_Faces/039_rating.jpg,Simone Biles,Scarlett Johansson,Gal Gadot,Hillary Clinton,Scarlett Johansson,,,,,,,,,,,,,,,,,,,,,,,,,,,,,,,,,,,,,,,,,,,,,,,,,,,,,,,,,,,,,,,,,,,
,,,,,6a180af52203ae855b4dd11b,2026-05-28_10h34.18.813,WP1_3,03.02.2025,Win32,60.97560976,66e9b926c782e4f47a05ec7c,6a030b8ba3607712b5d4bf26,,,,,,,,,,,,,,,,,,,,,,,,,,,,,,,,,,,,,,,,,689.5044,696.0206,,,,10,696.0211,698.7538,,,"[""left"",""left"",""left"",""left"",""left"",""space""]","[1.0493999999761172,1.2398000000715683,1.4326000000238537,1.6077000000476573,1.816500000000019,2.649600000023838]","[null,null,null,null,null,null]",0,698.7548,700.4537,space,1.6418,,59,Celebrities_Faces/059_rating.jpg,Michelle Obama,0,Michelle Obama,0,TRUE,TRUE,21,0,30,30,58,1,59,Celebrities_Faces/059_rating.jpg,Michelle Obama,Emma Watson,Millie Bobby Brown,Margot Robbie,Michelle Obama,,,,,,,,,,,,,,,,,,,,,,,,,,,,,,,,,,,,,,,,,,,,,,,,,,,,,,,,,,,,,,,,,,,
,,,,,6a180af52203ae855b4dd11b,2026-05-28_10h34.18.813,WP1_3,03.02.2025,Win32,60.97560976,66e9b926c782e4f47a05ec7c,6a030b8ba3607712b5d4bf26,,,,,,,,,,,,,,,,,,,,,,,,,,,,,,,,,,,,,,,,,700.4543,704.1038,,,,10,704.1042,706.0871,,,"[""space""]",[1.9382000000476864],[null],5,706.088,709.6043,space,3.4697,,12,Celebrities_Faces/012_rating.jpg,Daniel Radcliffe,3,Daniel Radcliffe,3,TRUE,TRUE,22,0,31,31,11,1,12,Celebrities_Faces/012_rating.jpg,Bruce Willis,Ryan Reynolds,Ewan McGregor,Daniel Radcliffe,Daniel Radcliffe,,,,,,,,,,,,,,,,,,,,,,,,,,,,,,,,,,,,,,,,,,,,,,,,,,,,,,,,,,,,,,,,,,,
,,,,,6a180af52203ae855b4dd11b,2026-05-28_10h34.18.813,WP1_3,03.02.2025,Win32,60.97560976,66e9b926c782e4f47a05ec7c,6a030b8ba3607712b5d4bf26,,,,,,,,,,,,,,,,,,,,,,,,,,,,,,,,,,,,,,,,,709.6049,718.1204,,,,5,718.1207,719.3038,,,"[""space""]",[1.1564000000953456],[null],5,719.3047,723.8039,space,4.4774,,53,Celebrities_Faces/053_rating.jpg,Keira Knightley,3,Keira Knightley,3,TRUE,FALSE,22,0,32,32,52,1,53,Celebrities_Faces/053_rating.jpg,Anne Hathaway,Emma Stone,Olivia Rodrigo,Keira Knightley,Keira Knightley,,,,,,,,,,,,,,,,,,,,,,,,,,,,,,,,,,,,,,,,,,,,,,,,,,,,,,,,,,,,,,,,,,,
,,,,,6a180af52203ae855b4dd11b,2026-05-28_10h34.18.813,WP1_3,03.02.2025,Win32,60.97560976,66e9b926c782e4f47a05ec7c,6a030b8ba3607712b5d4bf26,,,,,,,,,,,,,,,,,,,,,,,,,,,,,,,,,,,,,,,,,723.8046,728.4538,,,,10,728.4541,731.1871,,,"[""right"",""right"",""right"",""right"",""space""]","[0.9618000000715483,1.1752000000476528,1.4184999999999945,1.818300000071531,2.3583999999762]","[null,null,null,null,null]",9,731.1885,733.0707,space,1.5244,,41,Celebrities_Faces/041_rating.jpg,Halle Berry,2,Halle Berry,2,TRUE,TRUE,23,0,33,33,40,1,41,Celebrities_Faces/041_rating.jpg,Lady Gaga,Greta Thunberg,Halle Berry,Serena Williams,Halle Berry,,,,,,,,,,,,,,,,,,,,,,,,,,,,,,,,,,,,,,,,,,,,,,,,,,,,,,,,,,,,,,,,,,,
,,,,,6a180af52203ae855b4dd11b,2026-05-28_10h34.18.813,WP1_3,03.02.2025,Win32,60.97560976,66e9b926c782e4f47a05ec7c,6a030b8ba3607712b5d4bf26,,,,,,,,,,,,,,,,,,,,,,,,,,,,,,,,,,,,,,,,,733.0715,740.9538,,,,5,740.9543,742.9704,,,"[""space""]",[1.9687999999523527],[null],5,742.9714,748.6372,space,5.6304,,21,Celebrities_Faces/021_rating.jpg,Henri Canvill,0,Henri Canvill,0,TRUE,FALSE,23,0,34,34,20,1,21,Celebrities_Faces/021_rating.jpg,Henri Canvill,George Clooney,Bradley Cooper,Tom Holland,Henri Canvill,,,,,,,,,,,,,,,,,,,,,,,,,,,,,,,,,,,,,,,,,,,,,,,,,,,,,,,,,,,,,,,,,,,
,,,,,6a180af52203ae855b4dd11b,2026-05-28_10h34.18.813,WP1_3,03.02.2025,Win32,60.97560976,66e9b926c782e4f47a05ec7c,6a030b8ba3607712b5d4bf26,,,,,,,,,,,,,,,,,,,,,,,,,,,,,,,,,,,,,,,,,748.6376,754.5205,,,,5,754.5209,755.6707,,,"[""space""]",[1.0811000000238664],[null],5,755.6717,763.2873,space,7.5475,,40,Celebrities_Faces/040_rating.jpg,Gal Gadot,0,Gal Gadot,0,TRUE,FALSE,23,0,35,35,39,1,40,Celebrities_Faces/040_rating.jpg,Gal Gadot,Maria Sharapova,Taylor Swift,Nicole Kidman,Gal Gadot,,,,,,,,,,,,,,,,,,,,,,,,,,,,,,,,,,,,,,,,,,,,,,,,,,,,,,,,,,,,,,,,,,,
,,,,,6a180af52203ae855b4dd11b,2026-05-28_10h34.18.813,WP1_3,03.02.2025,Win32,60.97560976,66e9b926c782e4f47a05ec7c,6a030b8ba3607712b5d4bf26,,,,,,,,,,,,,,,,,,,,,,,,,,,,,,,,,,,,,,,,,763.2878,771.8537,,,,10,771.8542,774.5045,,,"[""right"",""right"",""right"",""right"",""right"",""left"",""space""]","[0.5952999999523172,0.8109999999999218,1.021299999952248,1.1950999999046417,1.3950999999045735,2.147299999952338,2.539299999952277]","[null,null,null,null,null,null,null]",9,774.5061,775.8377,space,1.2256,,32,Celebrities_Faces/032_rating.jpg,Anne Hathaway,1,Anne Hathaway,1,TRUE,TRUE,24,0,36,36,31,1,32,Celebrities_Faces/032_rating.jpg,Charlize Theron,Anne Hathaway,Gal Gadot,Millie Bobby Brown,Anne Hathaway,,,,,,,,,,,,,,,,,,,,,,,,,,,,,,,,,,,,,,,,,,,,,,,,,,,,,,,,,,,,,,,,,,,
,,,,,6a180af52203ae855b4dd11b,2026-05-28_10h34.18.813,WP1_3,03.02.2025,Win32,60.97560976,66e9b926c782e4f47a05ec7c,6a030b8ba3607712b5d4bf26,,,,,,,,,,,,,,,,,,,,,,,,,,,,,,,,,,,,,,,,,775.8382,778.6206,,,,10,778.6209,782.171,,,"[""right"",""right"",""right"",""right"",""right"",""space""]","[1.04070000004765,1.241400000095382,1.4483000000715265,2.9767000000476855,3.1844000000953656,3.514400000095293]","[null,null,null,null,null,null]",10,782.172,783.7042,space,1.5054,,15,Celebrities_Faces/015_rating.jpg,Harrison Ford,2,Harrison Ford,2,TRUE,TRUE,25,0,37,37,14,1,15,Celebrities_Faces/015_rating.jpg,Lionel Messi,Daniel Radcliffe,Harrison Ford,Brad Pitt,Harrison Ford,,,,,,,,,,,,,,,,,,,,,,,,,,,,,,,,,,,,,,,,,,,,,,,,,,,,,,,,,,,,,,,,,,,
,,,,,6a180af52203ae855b4dd11b,2026-05-28_10h34.18.813,WP1_3,03.02.2025,Win32,60.97560976,66e9b926c782e4f47a05ec7c,6a030b8ba3607712b5d4bf26,,,,,,,,,,,,,,,,,,,,,,,,,,,,,,,,,,,,,,,,,783.7049,787.4038,,,,10,787.4043,789.3204,,,"[""right"",""right"",""right"",""right"",""right"",""space""]","[0.6551999999284135,0.8871999999284981,1.087699999928418,1.2709999999999582,1.4789999999999281,1.8791999999284599]","[null,null,null,null,null,null]",10,789.3218,792.4877,space,3.1304,,17,Celebrities_Faces/017_rating.jpg,Hugh Jackman,1,Hugh Jackman,1,TRUE,TRUE,26,0,38,38,16,1,17,Celebrities_Faces/017_rating.jpg,Keanu Reeves,Hugh Jackman,Ewan McGregor,Tom Cruise,Hugh Jackman,,,,,,,,,,,,,,,,,,,,,,,,,,,,,,,,,,,,,,,,,,,,,,,,,,,,,,,,,,,,,,,,,,,
,,,,,6a180af52203ae855b4dd11b,2026-05-28_10h34.18.813,WP1_3,03.02.2025,Win32,60.97560976,66e9b926c782e4f47a05ec7c,6a030b8ba3607712b5d4bf26,,,,,,,,,,,,,,,,,,,,,,,,,,,,,,,,,,,,,,,,,792.4882,794.7371,,,,10,794.7375,796.9875,,,"[""space""]",[2.16180000007148],[null],5,796.9885,798.8879,space,1.8119,,30,Celebrities_Faces/030_rating.jpg,Tom Cruise,0,Tom Cruise,0,TRUE,TRUE,27,0,39,39,29,1,30,Celebrities_Faces/030_rating.jpg,Tom Cruise,Lionel Messi,Chris Evans,Bruce Willis,Tom Cruise,,,,,,,,,,,,,,,,,,,,,,,,,,,,,,,,,,,,,,,,,,,,,,,,,,,,,,,,,,,,,,,,,,,
,,,,,6a180af52203ae855b4dd11b,2026-05-28_10h34.18.813,WP1_3,03.02.2025,Win32,60.97560976,66e9b926c782e4f47a05ec7c,6a030b8ba3607712b5d4bf26,,,,,,,,,,,,,,,,,,,,,,,,,,,,,,,,,,,,,,,,,798.8885,811.6377,,,,5,811.6382,812.7205,,,"[""space""]",[0.9540000000000646],[null],5,812.7217,822.7537,space,9.8934,,18,Celebrities_Faces/018_rating.jpg,Chris Hemsworth,0,Chris Hemsworth,0,TRUE,FALSE,27,0,40,40,17,1,18,Celebrities_Faces/018_rating.jpg,Chris Hemsworth,Leonardo Di Caprio,Nicolas Cage,Tom Cruise,Chris Hemsworth,,,,,,,,,,,,,,,,,,,,,,,,,,,,,,,,,,,,,,,,,,,,,,,,,,,,,,,,,,,,,,,,,,,
,,,,,6a180af52203ae855b4dd11b,2026-05-28_10h34.18.813,WP1_3,03.02.2025,Win32,60.97560976,66e9b926c782e4f47a05ec7c,6a030b8ba3607712b5d4bf26,,,,,,,,,,,,,,,,,,,,,,,,,,,,,,,,,,,,,,,,,822.7544,827.0706,,,,10,827.071,829.2037,,,"[""left"",""left"",""left"",""left"",""left"",""space""]","[0.8806000000238328,1.0964999999999918,1.2807999999523645,1.4572999999522835,1.6576000000238764,2.1126000000238037]","[null,null,null,null,null,null]",0,829.2045,831.9205,space,2.6917,,52,Celebrities_Faces/052_rating.jpg,Emma Watson,3,Emma Watson,3,TRUE,TRUE,28,0,41,41,51,1,52,Celebrities_Faces/052_rating.jpg,Anne Hathaway,Natalie Portman,Hillary Clinton,Emma Watson,Emma Watson,,,,,,,,,,,,,,,,,,,,,,,,,,,,,,,,,,,,,,,,,,,,,,,,,,,,,,,,,,,,,,,,,,,
,,,,,6a180af52203ae855b4dd11b,2026-05-28_10h34.18.813,WP1_3,03.02.2025,Win32,60.97560976,66e9b926c782e4f47a05ec7c,6a030b8ba3607712b5d4bf26,,,,,,,,,,,,,,,,,,,,,,,,,,,,,,,,,,,,,,,,,831.921,840.8037,,,,7,840.8042,842.7537,,,"[""space""]",[1.8522999999522654],[null],5,842.7547,844.2037,space,1.3534,,44,Celebrities_Faces/044_rating.jpg,Cate Blanchett,1,Cate Blanchett,1,TRUE,TRUE,29,0,42,42,43,1,44,Celebrities_Faces/044_rating.jpg,Angelina Jolie,Cate Blanchett,Natalie Portman,Taylor Swift,Cate Blanchett,,,,,,,,,,,,,,,,,,,,,,,,,,,,,,,,,,,,,,,,,,,,,,,,,,,,,,,,,,,,,,,,,,,
,,,,,6a180af52203ae855b4dd11b,2026-05-28_10h34.18.813,WP1_3,03.02.2025,Win32,60.97560976,66e9b926c782e4f47a05ec7c,6a030b8ba3607712b5d4bf26,,,,,,,,,,,,,,,,,,,,,,,,,,,,,,,,,,,,,,,,,844.2043,851.6876,,,,7,851.688,853.8705,,,"[""space""]",[2.156299999952239],[null],5,853.8715,857.6037,space,3.6966,,23,Celebrities_Faces/023_rating.jpg,Ryan Gosling,2,Ryan Gosling,2,TRUE,TRUE,30,0,43,43,22,1,23,Celebrities_Faces/023_rating.jpg,Brad Pitt,Cristiano Ronaldo,Ryan Gosling,Tom Holland,Ryan Gosling,,,,,,,,,,,,,,,,,,,,,,,,,,,,,,,,,,,,,,,,,,,,,,,,,,,,,,,,,,,,,,,,,,,
,,,,,6a180af52203ae855b4dd11b,2026-05-28_10h34.18.813,WP1_3,03.02.2025,Win32,60.97560976,66e9b926c782e4f47a05ec7c,6a030b8ba3607712b5d4bf26,,,,,,,,,,,,,,,,,,,,,,,,,,,,,,,,,,,,,,,,,857.6043,861.8203,,,,5,861.8207,862.8376,,,"[""space""]",[0.92349999999999],[null],5,862.8389,868.2206,space,5.3013,,35,Celebrities_Faces/035_rating.jpg,Lindsay Lohan,3,Lindsay Lohan,3,TRUE,FALSE,30,0,44,44,34,1,35,Celebrities_Faces/035_rating.jpg,Anya Taylor-Joy,Millie Bobby Brown,Keira Knightley,Lindsay Lohan,Lindsay Lohan,,,,,,,,,,,,,,,,,,,,,,,,,,,,,,,,,,,,,,,,,,,,,,,,,,,,,,,,,,,,,,,,,,,
,,,,,6a180af52203ae855b4dd11b,2026-05-28_10h34.18.813,WP1_3,03.02.2025,Win32,60.97560976,66e9b926c782e4f47a05ec7c,6a030b8ba3607712b5d4bf26,,,,,,,,,,,,,,,,,,,,,,,,,,,,,,,,,,,,,,,,,868.2211,873.5703,,,,10,873.5707,877.2871,,,"[""right"",""right"",""right"",""space""]","[1.1819000000954247,1.4617000000476992,2.1097000000477237,3.6778000000715565]","[null,null,null,null]",8,877.2883,879.7876,space,2.4592,,7,Celebrities_Faces/007_rating.jpg,Ben Affleck,0,Ben Affleck,0,TRUE,TRUE,31,0,45,45,6,1,7,Celebrities_Faces/007_rating.jpg,Ben Affleck,Nicolas Cage,Henri Canvill,Leonardo Di Caprio,Ben Affleck,,,,,,,,,,,,,,,,,,,,,,,,,,,,,,,,,,,,,,,,,,,,,,,,,,,,,,,,,,,,,,,,,,,
,,,,,6a180af52203ae855b4dd11b,2026-05-28_10h34.18.813,WP1_3,03.02.2025,Win32,60.97560976,66e9b926c782e4f47a05ec7c,6a030b8ba3607712b5d4bf26,,,,,,,,,,,,,,,,,,,,,,,,,,,,,,,,,,,,,,,,,879.7883,884.6371,,,,10,884.6374,887.0204,,,"[""left"",""left"",""space""]","[0.8595999999046171,1.1240999999046153,2.355699999928447]","[null,null,null]",3,887.0215,890.4706,space,3.4203,,36,Celebrities_Faces/036_rating.jpg,Lady Gaga,3,Lady Gaga,3,TRUE,TRUE,32,0,46,46,35,1,36,Celebrities_Faces/036_rating.jpg,Serena Williams,Emma Stone,Julia Roberts,Lady Gaga,Lady Gaga,,,,,,,,,,,,,,,,,,,,,,,,,,,,,,,,,,,,,,,,,,,,,,,,,,,,,,,,,,,,,,,,,,,
,,,,,6a180af52203ae855b4dd11b,2026-05-28_10h34.18.813,WP1_3,03.02.2025,Win32,60.97560976,66e9b926c782e4f47a05ec7c,6a030b8ba3607712b5d4bf26,,,,,,,,,,,,,,,,,,,,,,,,,,,,,,,,,,,,,,,,,890.4713,892.9537,,,,10,892.9542,894.237,,,"[""left"",""space""]","[0.6509999999999536,1.2267000000476855]","[null,null]",4,894.2377,895.9871,space,1.6885,,26,Celebrities_Faces/026_rating.jpg,George Clooney,2,George Clooney,2,TRUE,TRUE,33,0,47,47,25,1,26,Celebrities_Faces/026_rating.jpg,Robert De Niro,Ewan McGregor,George Clooney,Daniel Radcliffe,George Clooney,,,,,,,,,,,,,,,,,,,,,,,,,,,,,,,,,,,,,,,,,,,,,,,,,,,,,,,,,,,,,,,,,,,
,,,,,6a180af52203ae855b4dd11b,2026-05-28_10h34.18.813,WP1_3,03.02.2025,Win32,60.97560976,66e9b926c782e4f47a05ec7c,6a030b8ba3607712b5d4bf26,,,,,,,,,,,,,,,,,,,,,,,,,,,,,,,,,,,,,,,,,895.9878,900.0705,,,,10,900.071,902.4371,,,"[""right"",""right"",""right"",""right"",""space""]","[0.6242999999523136,0.8084999999999809,1.0083999999761772,1.3923999999761918,2.3287999999523663]","[null,null,null,null,null]",9,902.438,904.9877,space,2.4984,,34,Celebrities_Faces/034_rating.jpg,Angelina Jolie,2,Angelina Jolie,2,TRUE,TRUE,34,0,48,48,33,1,34,Celebrities_Faces/034_rating.jpg,Anya Taylor-Joy,Maria Sharapova,Angelina Jolie,Nicole Kidman,Angelina Jolie,,,,,,,,,,,,,,,,,,,,,,,,,,,,,,,,,,,,,,,,,,,,,,,,,,,,,,,,,,,,,,,,,,,
,,,,,6a180af52203ae855b4dd11b,2026-05-28_10h34.18.813,WP1_3,03.02.2025,Win32,60.97560976,66e9b926c782e4f47a05ec7c,6a030b8ba3607712b5d4bf26,,,,,,,,,,,,,,,,,,,,,,,,,,,,,,,,,,,,,,,,,904.9885,907.971,,,,10,907.9716,909.537,,,"[""left"",""left"",""space""]","[0.5602000000477574,0.7604999999999791,1.544200000047681]","[null,null,null]",3,909.5382,912.1712,space,2.6052,,4,Celebrities_Faces/004_rating.jpg,Cristiano Ronaldo,3,Cristiano Ronaldo,3,TRUE,TRUE,35,0,49,49,3,1,4,Celebrities_Faces/004_rating.jpg,Matt Damon,Robert De Niro,Denzel Washighton,Cristiano Ronaldo,Cristiano Ronaldo,,,,,,,,,,,,,,,,,,,,,,,,,,,,,,,,,,,,,,,,,,,,,,,,,,,,,,,,,,,,,,,,,,,
,,,,,6a180af52203ae855b4dd11b,2026-05-28_10h34.18.813,WP1_3,03.02.2025,Win32,60.97560976,66e9b926c782e4f47a05ec7c,6a030b8ba3607712b5d4bf26,,,,,,,,,,,,,,,,,,,,,,,,,,,,,,,,,,,,,,,,,912.1717,914.2205,,,,10,914.2207,916.2542,,,"[""right"",""right"",""right"",""right"",""space""]","[0.5200999999045735,0.8155999999046344,1.031399999976088,1.6153999999761481,2.0163999999761018]","[null,null,null,null,null]",9,916.2551,917.9039,space,1.6297,,19,Celebrities_Faces/019_rating.jpg,Nicolas Cage,2,Cristiano Ronaldo,0,FALSE,FALSE,35,0,50,50,18,1,19,Celebrities_Faces/019_rating.jpg,Nicolas Cage,George W.Bush,Cristiano Ronaldo,Bradley Cooper,Nicolas Cage,,,,,,,,,,,,,,,,,,,,,,,,,,,,,,,,,,,,,,,,,,,,,,,,,,,,,,,,,,,,,,,,,,,
,,,,,6a180af52203ae855b4dd11b,2026-05-28_10h34.18.813,WP1_3,03.02.2025,Win32,60.97560976,66e9b926c782e4f47a05ec7c,6a030b8ba3607712b5d4bf26,,,,,,,,,,,,,,,,,,,,,,,,,,,,,,,,,,,,,,,,,917.9045,922.7204,,,,5,922.7209,924.6205,,,"[""space""]",[1.7657999999523781],[null],5,924.6214,927.8203,space,3.0708,,3,Celebrities_Faces/003_rating.jpg,Roger Federer,2,Roger Federer,2,TRUE,FALSE,35,0,51,51,2,1,3,Celebrities_Faces/003_rating.jpg,Dwayne Johnson,Keanu Reeves,Roger Federer,Ben Affleck,Roger Federer,,,,,,,,,,,,,,,,,,,,,,,,,,,,,,,,,,,,,,,,,,,,,,,,,,,,,,,,,,,,,,,,,,,
,,,,,6a180af52203ae855b4dd11b,2026-05-28_10h34.18.813,WP1_3,03.02.2025,Win32,60.97560976,66e9b926c782e4f47a05ec7c,6a030b8ba3607712b5d4bf26,,,,,,,,,,,,,,,,,,,,,,,,,,,,,,,,,,,,,,,,,927.8207,930.6203,,,,10,930.6208,932.337,,,"[""right"",""right"",""right"",""right"",""right"",""space""]","[0.37880000007146464,0.5942000000476355,0.8184999999999718,1.0430000000000064,1.3142000000476628,1.690499999999929]","[null,null,null,null,null,null]",10,932.3383,933.6205,space,1.2689,,14,Celebrities_Faces/014_rating.jpg,Daniel Craig,2,Daniel Craig,2,TRUE,TRUE,36,0,52,52,13,1,14,Celebrities_Faces/014_rating.jpg,Robert De Niro,Ryan Reynolds,Daniel Craig,Chris Hemsworth,Daniel Craig,,,,,,,,,,,,,,,,,,,,,,,,,,,,,,,,,,,,,,,,,,,,,,,,,,,,,,,,,,,,,,,,,,,
,,,,,6a180af52203ae855b4dd11b,2026-05-28_10h34.18.813,WP1_3,03.02.2025,Win32,60.97560976,66e9b926c782e4f47a05ec7c,6a030b8ba3607712b5d4bf26,,,,,,,,,,,,,,,,,,,,,,,,,,,,,,,,,,,,,,,,,933.6209,940.3037,,,,0,940.3041,941.2703,,,"[""space""]",[0.8937000000476019],[null],5,941.2712,955.3204,space,13.9687,,50,Celebrities_Faces/050_rating.jpg,Millie Bobby Brown,2,Millie Bobby Brown,2,TRUE,FALSE,36,0,53,53,49,1,50,Celebrities_Faces/050_rating.jpg,Taylor Swift,Cameron Diaz,Millie Bobby Brown,Michelle Obama,Millie Bobby Brown,,,,,,,,,,,,,,,,,,,,,,,,,,,,,,,,,,,,,,,,,,,,,,,,,,,,,,,,,,,,,,,,,,,
,,,,,6a180af52203ae855b4dd11b,2026-05-28_10h34.18.813,WP1_3,03.02.2025,Win32,60.97560976,66e9b926c782e4f47a05ec7c,6a030b8ba3607712b5d4bf26,,,,,,,,,,,,,,,,,,,,,,,,,,,,,,,,,,,,,,,,,955.321,958.7372,,,,10,958.7378,960.2209,,,"[""right"",""right"",""right"",""right"",""right"",""space""]","[0.30900000000008276,0.4927999999523536,0.6693999999762354,0.8295999999046444,1.00519999992855,1.400000000000091]","[null,null,null,null,null,null]",10,960.2219,961.3375,space,1.0533,,60,Celebrities_Faces/060_rating.jpg,Anya Taylor-Joy,1,Anya Taylor-Joy,1,TRUE,TRUE,37,0,54,54,59,1,60,Celebrities_Faces/060_rating.jpg,Emma Stone,Anya Taylor-Joy,Michelle Obama,Halle Berry,Anya Taylor-Joy,,,,,,,,,,,,,,,,,,,,,,,,,,,,,,,,,,,,,,,,,,,,,,,,,,,,,,,,,,,,,,,,,,,
,,,,,6a180af52203ae855b4dd11b,2026-05-28_10h34.18.813,WP1_3,03.02.2025,Win32,60.97560976,66e9b926c782e4f47a05ec7c,6a030b8ba3607712b5d4bf26,,,,,,,,,,,,,,,,,,,,,,,,,,,,,,,,,,,,,,,,,961.3382,963.8871,,,,10,963.8876,966.5211,,,"[""left"",""left"",""left"",""left"",""right"",""space""]","[0.4756999999284517,0.6802999999523536,0.89650000000006,1.1443999999761445,2.209199999928501,2.5775999999046917]","[null,null,null,null,null,null]",2,966.5223,968.4204,space,1.8553,,38,Celebrities_Faces/038_rating.jpg,Taylor Swift,3,Taylor Swift,3,TRUE,TRUE,38,0,55,55,37,1,38,Celebrities_Faces/038_rating.jpg,Keira Knightley,Scarlett Johansson,Margot Robbie,Taylor Swift,Taylor Swift,,,,,,,,,,,,,,,,,,,,,,,,,,,,,,,,,,,,,,,,,,,,,,,,,,,,,,,,,,,,,,,,,,,
,,,,,6a180af52203ae855b4dd11b,2026-05-28_10h34.18.813,WP1_3,03.02.2025,Win32,60.97560976,66e9b926c782e4f47a05ec7c,6a030b8ba3607712b5d4bf26,,,,,,,,,,,,,,,,,,,,,,,,,,,,,,,,,,,,,,,,,968.4209,974.8703,,,,0,974.8707,975.9536,,,"[""space""]",[0.9502000000476301],[null],5,975.9546,982.2369,space,6.1624,,37,Celebrities_Faces/037_rating.jpg,Natalie Portman,1,Natalie Portman,1,TRUE,FALSE,38,0,56,56,36,1,37,Celebrities_Faces/037_rating.jpg,Lady Gaga,Natalie Portman,Hillary Clinton,Michelle Obama,Natalie Portman,,,,,,,,,,,,,,,,,,,,,,,,,,,,,,,,,,,,,,,,,,,,,,,,,,,,,,,,,,,,,,,,,,,
,,,,,6a180af52203ae855b4dd11b,2026-05-28_10h34.18.813,WP1_3,03.02.2025,Win32,60.97560976,66e9b926c782e4f47a05ec7c,6a030b8ba3607712b5d4bf26,,,,,,,,,,,,,,,,,,,,,,,,,,,,,,,,,,,,,,,,,982.2373,986.3369,,,,0,986.3374,987.2869,,,"[""space""]",[0.7864999999999327],[null],5,987.2879,998.2541,space,10.8189,,33,Celebrities_Faces/033_rating.jpg,Simone Biles,1,Simone Biles,1,TRUE,FALSE,38,0,57,57,32,1,33,Celebrities_Faces/033_rating.jpg,Greta Thunberg,Simone Biles,Lindsay Lohan,Anya Taylor-Joy,Simone Biles,,,,,,,,,,,,,,,,,,,,,,,,,,,,,,,,,,,,,,,,,,,,,,,,,,,,,,,,,,,,,,,,,,,
,,,,,6a180af52203ae855b4dd11b,2026-05-28_10h34.18.813,WP1_3,03.02.2025,Win32,60.97560976,66e9b926c782e4f47a05ec7c,6a030b8ba3607712b5d4bf26,,,,,,,,,,,,,,,,,,,,,,,,,,,,,,,,,,,,,,,,,998.2546,1007.2204,,,,0,1007.2207,1007.8377,,,"[""space""]",[0.5053999999763619],[null],5,1007.839,1018.2536,space,10.3171,,51,Celebrities_Faces/051_rating.jpg,Margot Robbie,0,Margot Robbie,0,TRUE,FALSE,38,0,58,58,50,1,51,Celebrities_Faces/051_rating.jpg,Margot Robbie,Halle Berry,Emma Watson,Julia Roberts,Margot Robbie,,,,,,,,,,,,,,,,,,,,,,,,,,,,,,,,,,,,,,,,,,,,,,,,,,,,,,,,,,,,,,,,,,,
,,,,,6a180af52203ae855b4dd11b,2026-05-28_10h34.18.813,WP1_3,03.02.2025,Win32,60.97560976,66e9b926c782e4f47a05ec7c,6a030b8ba3607712b5d4bf26,,,,,,,,,,,,,,,,,,,,,,,,,,,,,,,,,,,,,,,,,1018.2541,1023.0704,,,,0,1023.0708,1024.3204,,,"[""space""]",[1.1481999999284653],[null],5,1024.3212,1036.7036,space,12.2828,,48,Celebrities_Faces/048_rating.jpg,Jennifer Lawrence,0,Jennifer Lawrence,0,TRUE,FALSE,38,0,59,59,47,1,48,Celebrities_Faces/048_rating.jpg,Jennifer Lawrence,Lady Gaga,Anne Hathaway,Emma Stone,Jennifer Lawrence,,,,,,,,,,,,,,,,,,,,,,,,,,,,,,,,,,,,,,,,,,,,,,,,,,,,,,,,,,,,,,,,,,,
,,,,,6a180af52203ae855b4dd11b,2026-05-28_10h34.18.813,WP1_3,03.02.2025,Win32,60.97560976,66e9b926c782e4f47a05ec7c,6a030b8ba3607712b5d4bf26,,,,,,,,,,,,,,,,,,,,,,,,,,,,,,,,,,,,,,,,,,,,,,,,,,,,,,,,,,,,,,,,,,,,,,,,,,,,,,,,,top_30_qualified_by_familiarity,30,"31,20,16,24,1,28,10,56,46,2,27,45,47,25,9,58,54,6,8,42,59,12,41,32,15,17,30,52,7,36",1036.7046,1056.7043,,,,,,,,,,,,,,,,,,,,,,,,,,,,,,,,,,,,,,,,,,,,,,,,,,,,,,,,,,,,,,
,,,,,6a180af52203ae855b4dd11b,2026-05-28_10h34.18.813,WP1_3,03.02.2025,Win32,60.97560976,66e9b926c782e4f47a05ec7c,6a030b8ba3607712b5d4bf26,,,,,,,,,,,,,,,,,,,,,,,,,,,,,,,,,,,,,,,,,,,,,,,,,,,,,,,,,,,,,,,,,,,,,,,,,,,,,,,,,,,,,,1056.7053,1056.7055,,,,,,,,,,,,,,,,,,,,,,,,,,,,,,,,,,,,,,,,,,,,,,,,,,,,,,,,,,,,
,,,,,6a180af52203ae855b4dd11b,2026-05-28_10h34.18.813,WP1_3,03.02.2025,Win32,60.97560976,66e9b926c782e4f47a05ec7c,6a030b8ba3607712b5d4bf26,,,,,,,,,,,,,,,,,,,,,,,,,,,,,,,,,,,,,,,,,,,,,,,,,,,,,,,,,,,,,,,,,,,,,,,,,,,,,,,,,,,,,,,,1056.7056,1081.5374,space,24.8006,,,,,,,,,,,,,,,,,,,,,,,,,,,,,,,,,,,,,,,,,,,,,,,,,,,,,,,,
,,,,,6a180af52203ae855b4dd11b,2026-05-28_10h34.18.813,WP1_3,03.02.2025,Win32,60.97560976,66e9b926c782e4f47a05ec7c,6a030b8ba3607712b5d4bf26,,,,,,,,,,,,,,,,,,,,,,,,,,,,,,,,,,,,,,,,,,,,,,,,,,,,,,,,,,,,,,,,,,,,,,,,,,,,,,,,,,,,,,,,,,,,,1081.5374,1097.9872,space,16.4232,,,,,,,,,,,,,,,,,,,,,,,,,,,,,,,,,,,,,,,,,,,,,,,,,,,
,,,,,6a180af52203ae855b4dd11b,2026-05-28_10h34.18.813,WP1_3,03.02.2025,Win32,60.97560976,66e9b926c782e4f47a05ec7c,6a030b8ba3607712b5d4bf26,,,,,,,,,,,,,,,,,,,,,,,,,,,,,,,,,,,,,,,,,,,,,,,,,,,,,,,,,,,,64,,,,,,,,,,,,,,,,,,,,,,,,,,,,,,,,,,,,,,1.767315168,1097.9884,1099.7545,1099.7553,1101.8707,[],[],,TRUE,1,FALSE,,TRUE,,0,0,0,0,1,,,,,,,,,,,,,,,,,,,,,,,,,,,,,,,
,,,,,6a180af52203ae855b4dd11b,2026-05-28_10h34.18.813,WP1_3,03.02.2025,Win32,60.97560976,66e9b926c782e4f47a05ec7c,6a030b8ba3607712b5d4bf26,,,,,,,,,,,,,,,,,,,,,,,,,,,,,,,,,,,,,,,,,,,,,,,,,,,,,,,,,,,,40,,,,,,,,,,,,,,,,,,,,,,,,,,,,,,,,,,,,,,1.57270302,1101.871,1103.4368,1103.4372,1105.5537,[],[],,TRUE,2,FALSE,,TRUE,,1,0,1,0,1,,,,,,,,,,,,,,,,,,,,,,,,,,,,,,,
,,,,,6a180af52203ae855b4dd11b,2026-05-28_10h34.18.813,WP1_3,03.02.2025,Win32,60.97560976,66e9b926c782e4f47a05ec7c,6a030b8ba3607712b5d4bf26,,,,,,,,,,,,,,,,,,,,,,,,,,,,,,,,,,,,,,,,,,,,,,,,,,,,,,,,,,,,90,,,,,,,,,,,,,,,,,,,,,,,,,,,,,,,,,,,,,,2.353235839,1105.5542,1107.9035,1107.904,1108.921,p,0.9379,,TRUE,3,FALSE,,FALSE,,2,0,2,0,1,,,,,,,,,,,,,,,,,,,,,,,,,,,,,,,
,,,,,6a180af52203ae855b4dd11b,2026-05-28_10h34.18.813,WP1_3,03.02.2025,Win32,60.97560976,66e9b926c782e4f47a05ec7c,6a030b8ba3607712b5d4bf26,,,,,,,,,,,,,,,,,,,,,,,,,,,,,,,,,,,,,,,,,,,,,,,,,,,,,,,,,,,,94,,,,,,,,,,,,,,,,,,,,,,,,,,,,,,,,,,,,,,1.573312913,1108.9213,1110.4876,1110.4882,1112.604,[],[],,TRUE,4,FALSE,,TRUE,,3,0,3,0,1,,,,,,,,,,,,,,,,,,,,,,,,,,,,,,,
,,,,,6a180af52203ae855b4dd11b,2026-05-28_10h34.18.813,WP1_3,03.02.2025,Win32,60.97560976,66e9b926c782e4f47a05ec7c,6a030b8ba3607712b5d4bf26,,,,,,,,,,,,,,,,,,,,,,,,,,,,,,,,,,,,,,,,,,,,,,,,,,,,,,,,,,,,26,,,,,,,,,,,,,,,,,,,,,,,,,,,,,,,,,,,,,,1.766016839,1112.6042,1114.3713,1114.3718,1115.2203,q,0.783,,TRUE,5,TRUE,,FALSE,,4,0,4,0,1,,,,,,,,,,,,,,,,,,,,,,,,,,,,,,,
,,,,,6a180af52203ae855b4dd11b,2026-05-28_10h34.18.813,WP1_3,03.02.2025,Win32,60.97560976,66e9b926c782e4f47a05ec7c,6a030b8ba3607712b5d4bf26,,,,,,,,,,,,,,,,,,,,,,,,,,,,,,,,,,,,,,,,,,,,,,,,,,,,,,,,,,,,,,,,,,,,,,,,,,,,,,,,,,,,,,,,,,,,,,,,,,,,,,,,,,,,,,,,,,,,,1115.2206,1131.1876,space,15.9482,,,,,,,,,,,,,,,,,,,,,,,,,,,
,,,,,6a180af52203ae855b4dd11b,2026-05-28_10h34.18.813,WP1_3,03.02.2025,Win32,60.97560976,66e9b926c782e4f47a05ec7c,6a030b8ba3607712b5d4bf26,,,,,,,,,,,,,,,,,,,,,,,,,,,,,,,,,,,,,,,,,,,,,,,,,,,,,,,,,,,,1,Celebrities_Faces/001_02_greyscale_250.png,,,,,,,,,,,,,,,,,,,,,,,,,,,,,,,,,,,,,2.488536326,1131.1887,1133.6702,,,,,,,,TRUE,,FALSE,,,,,,,,,,,,1133.6708,1134.454,q,0.7191,,1,5,1,1,2,familiar,,,FALSE,1134.4542,1134.4548,1134.4548,1134.4557,,0,0,0,0,1,,
,,,,,6a180af52203ae855b4dd11b,2026-05-28_10h34.18.813,WP1_3,03.02.2025,Win32,60.97560976,66e9b926c782e4f47a05ec7c,6a030b8ba3607712b5d4bf26,,,,,,,,,,,,,,,,,,,,,,,,,,,,,,,,,,,,,,,,,,,,,,,,,,,,,,,,,,,,8,Celebrities_Faces/008_03_greyscale_250.png,,,,,,,,,,,,,,,,,,,,,,,,,,,,,,,,,,,,,1.567464065,1134.4558,1136.021,,,,,,,,TRUE,,FALSE,,,,,,,,,,,,1136.0215,1136.7701,q,0.6755,,2,19,1,1,3,familiar,,,FALSE,1136.7703,1136.7703,1136.7703,1136.7703,,1,0,1,0,1,,
,,,,,6a180af52203ae855b4dd11b,2026-05-28_10h34.18.813,WP1_3,03.02.2025,Win32,60.97560976,66e9b926c782e4f47a05ec7c,6a030b8ba3607712b5d4bf26,,,,,,,,,,,,,,,,,,,,,,,,,,,,,,,,,,,,,,,,,,,,,,,,,,,,,,,,,,,,17,Celebrities_Faces/017_01_greyscale_250.png,,,,,,,,,,,,,,,,,,,,,,,,,,,,,,,,,,,,,2.221675052,1136.7705,1138.987,,,,,,,,TRUE,,FALSE,,,,,,,,,,,,1138.9873,1140.0535,p,0.9949,,3,26,1,1,1,familiar,,,FALSE,1140.0536,1140.0537,1140.0537,1140.0537,,2,0,2,0,1,,
,,,,,6a180af52203ae855b4dd11b,2026-05-28_10h34.18.813,WP1_3,03.02.2025,Win32,60.97560976,66e9b926c782e4f47a05ec7c,6a030b8ba3607712b5d4bf26,,,,,,,,,,,,,,,,,,,,,,,,,,,,,,,,,,,,,,,,,,,,,,,,,,,,,,,,,,,,49,stim_fam/049_rgray_250.png,,,,,,,,,,,,,,,,,,,,,,,,,,,,,,,,,,,,,2.096608766,1140.0539,1142.1544,,,,,,,,FALSE,,FALSE,,,,,,,,,,,,1142.1549,1143.1702,p,0.9509,,4,57,1,1,250,novel,,,FALSE,1143.1703,1143.1704,1143.1704,1143.1704,,3,0,3,0,1,,
,,,,,6a180af52203ae855b4dd11b,2026-05-28_10h34.18.813,WP1_3,03.02.2025,Win32,60.97560976,66e9b926c782e4f47a05ec7c,6a030b8ba3607712b5d4bf26,,,,,,,,,,,,,,,,,,,,,,,,,,,,,,,,,,,,,,,,,,,,,,,,,,,,,,,,,,,,31,stim_fam/031_rgray_250.png,,,,,,,,,,,,,,,,,,,,,,,,,,,,,,,,,,,,,1.675046856,1143.1707,1144.8376,,,,,,,,FALSE,,FALSE,,,,,,,,,,,,1144.8381,1145.8368,p,0.9389,,5,44,1,1,250,novel,,,FALSE,1145.837,1145.837,1145.837,1145.837,,4,0,4,0,1,,
,,,,,6a180af52203ae855b4dd11b,2026-05-28_10h34.18.813,WP1_3,03.02.2025,Win32,60.97560976,66e9b926c782e4f47a05ec7c,6a030b8ba3607712b5d4bf26,,,,,,,,,,,,,,,,,,,,,,,,,,,,,,,,,,,,,,,,,,,,,,,,,,,,,,,,,,,,23,stim_fam/023_rgray_250.png,,,,,,,,,,,,,,,,,,,,,,,,,,,,,,,,,,,,,2.003123193,1145.8371,1147.8373,,,,,,,,FALSE,,FALSE,,,,,,,,,,,,1147.8377,1148.737,p,0.8313,,6,40,1,1,250,novel,,,FALSE,1148.737,1148.7371,1148.7371,1148.7371,,5,0,5,0,1,,
,,,,,6a180af52203ae855b4dd11b,2026-05-28_10h34.18.813,WP1_3,03.02.2025,Win32,60.97560976,66e9b926c782e4f47a05ec7c,6a030b8ba3607712b5d4bf26,,,,,,,,,,,,,,,,,,,,,,,,,,,,,,,,,,,,,,,,,,,,,,,,,,,,,,,,,,,,25,Celebrities_Faces/025_03_greyscale_250.png,,,,,,,,,,,,,,,,,,,,,,,,,,,,,,,,,,,,,2.391967706,1148.7374,1151.1209,,,,,,,,TRUE,,TRUE,,,,,,,,,,,,1151.1214,1152.2376,,,,7,14,1,1,3,familiar,,,FALSE,1152.2379,1153.2374,1153.2375,1153.2375,,6,0,6,0,1,,
,,,,,6a180af52203ae855b4dd11b,2026-05-28_10h34.18.813,WP1_3,03.02.2025,Win32,60.97560976,66e9b926c782e4f47a05ec7c,6a030b8ba3607712b5d4bf26,,,,,,,,,,,,,,,,,,,,,,,,,,,,,,,,,,,,,,,,,,,,,,,,,,,,,,,,,,,,70,stim_fam/070_rgray_250.png,,,,,,,,,,,,,,,,,,,,,,,,,,,,,,,,,,,,,1.822323211,1153.2377,1155.0535,,,,,,,,FALSE,,FALSE,,,,,,,,,,,,1155.0539,1156.021,p,0.8846,,8,35,1,1,250,novel,,,FALSE,1156.0211,1156.0213,1156.0213,1156.0213,,7,0,7,0,1,,
,,,,,6a180af52203ae855b4dd11b,2026-05-28_10h34.18.813,WP1_3,03.02.2025,Win32,60.97560976,66e9b926c782e4f47a05ec7c,6a030b8ba3607712b5d4bf26,,,,,,,,,,,,,,,,,,,,,,,,,,,,,,,,,,,,,,,,,,,,,,,,,,,,,,,,,,,,6,stim_fam/006_rgray_250.png,,,,,,,,,,,,,,,,,,,,,,,,,,,,,,,,,,,,,2.373544866,1156.0215,1158.3875,,,,,,,,FALSE,,FALSE,,,,,,,,,,,,1158.388,1159.4202,q,0.9666,,9,48,1,1,250,novel,,,FALSE,1159.4202,1159.4203,1159.4203,1159.4203,,8,0,8,0,1,,
,,,,,6a180af52203ae855b4dd11b,2026-05-28_10h34.18.813,WP1_3,03.02.2025,Win32,60.97560976,66e9b926c782e4f47a05ec7c,6a030b8ba3607712b5d4bf26,,,,,,,,,,,,,,,,,,,,,,,,,,,,,,,,,,,,,,,,,,,,,,,,,,,,,,,,,,,,32,Celebrities_Faces/032_02_greyscale_250.png,,,,,,,,,,,,,,,,,,,,,,,,,,,,,,,,,,,,,1.773597274,1159.4204,1161.1875,,,,,,,,TRUE,,FALSE,,,,,,,,,,,,1161.1878,1162.1704,q,0.9029,,10,24,1,1,2,familiar,,,FALSE,1162.1705,1162.1706,1162.1706,1162.1706,,9,0,9,0,1,,
,,,,,6a180af52203ae855b4dd11b,2026-05-28_10h34.18.813,WP1_3,03.02.2025,Win32,60.97560976,66e9b926c782e4f47a05ec7c,6a030b8ba3607712b5d4bf26,,,,,,,,,,,,,,,,,,,,,,,,,,,,,,,,,,,,,,,,,,,,,,,,,,,,,,,,,,,,34,stim_fam/034_rgray_250.png,,,,,,,,,,,,,,,,,,,,,,,,,,,,,,,,,,,,,1.704503677,1162.1708,1163.8706,,,,,,,,FALSE,,FALSE,,,,,,,,,,,,1163.871,1164.8704,p,0.9328,,11,42,1,1,250,novel,,,FALSE,1164.8704,1164.8704,1164.8704,1164.8706,,10,0,10,0,1,,
,,,,,6a180af52203ae855b4dd11b,2026-05-28_10h34.18.813,WP1_3,03.02.2025,Win32,60.97560976,66e9b926c782e4f47a05ec7c,6a030b8ba3607712b5d4bf26,,,,,,,,,,,,,,,,,,,,,,,,,,,,,,,,,,,,,,,,,,,,,,,,,,,,,,,,,,,,67,stim_fam/067_rgray_250.png,,,,,,,,,,,,,,,,,,,,,,,,,,,,,,,,,,,,,1.546561879,1164.8707,1166.4207,,,,,,,,FALSE,,FALSE,,,,,,,,,,,,1166.4211,1167.4036,p,0.9116,,12,53,1,1,250,novel,,,FALSE,1167.4037,1167.4037,1167.4037,1167.4038,,11,0,11,0,1,,
,,,,,6a180af52203ae855b4dd11b,2026-05-28_10h34.18.813,WP1_3,03.02.2025,Win32,60.97560976,66e9b926c782e4f47a05ec7c,6a030b8ba3607712b5d4bf26,,,,,,,,,,,,,,,,,,,,,,,,,,,,,,,,,,,,,,,,,,,,,,,,,,,,,,,,,,,,30,Celebrities_Faces/030_03_greyscale_250.png,,,,,,,,,,,,,,,,,,,,,,,,,,,,,,,,,,,,,1.66126839,1167.4041,1169.0543,,,,,,,,TRUE,,FALSE,,,,,,,,,,,,1169.0547,1170.0035,q,0.8766,,13,27,1,1,3,familiar,,,FALSE,1170.0036,1170.0036,1170.0036,1170.0037,,12,0,12,0,1,,
,,,,,6a180af52203ae855b4dd11b,2026-05-28_10h34.18.813,WP1_3,03.02.2025,Win32,60.97560976,66e9b926c782e4f47a05ec7c,6a030b8ba3607712b5d4bf26,,,,,,,,,,,,,,,,,,,,,,,,,,,,,,,,,,,,,,,,,,,,,,,,,,,,,,,,,,,,3,stim_fam/003_rgray_250.png,,,,,,,,,,,,,,,,,,,,,,,,,,,,,,,,,,,,,1.688398284,1170.0039,1171.6873,,,,,,,,FALSE,,FALSE,,,,,,,,,,,,1171.6879,1172.6207,p,0.8551,,14,55,1,1,250,novel,,,FALSE,1172.6208,1172.6209,1172.6209,1172.6209,,13,0,13,0,1,,
,,,,,6a180af52203ae855b4dd11b,2026-05-28_10h34.18.813,WP1_3,03.02.2025,Win32,60.97560976,66e9b926c782e4f47a05ec7c,6a030b8ba3607712b5d4bf26,,,,,,,,,,,,,,,,,,,,,,,,,,,,,,,,,,,,,,,,,,,,,,,,,,,,,,,,,,,,6,Celebrities_Faces/006_02_greyscale_250.png,,,,,,,,,,,,,,,,,,,,,,,,,,,,,,,,,,,,,2.137074458,1172.6211,1174.754,,,,,,,,TRUE,,FALSE,,,,,,,,,,,,1174.7544,1175.6702,q,0.8418,,15,18,1,1,2,familiar,,,FALSE,1175.6703,1175.6704,1175.6704,1175.6704,,14,0,14,0,1,,
,,,,,6a180af52203ae855b4dd11b,2026-05-28_10h34.18.813,WP1_3,03.02.2025,Win32,60.97560976,66e9b926c782e4f47a05ec7c,6a030b8ba3607712b5d4bf26,,,,,,,,,,,,,,,,,,,,,,,,,,,,,,,,,,,,,,,,,,,,,,,,,,,,,,,,,,,,54,Celebrities_Faces/054_03_greyscale_250.png,,,,,,,,,,,,,,,,,,,,,,,,,,,,,,,,,,,,,2.122494733,1175.6706,1177.7874,,,,,,,,TRUE,,FALSE,,,,,,,,,,,,1177.7878,1178.8877,q,1.024,,16,17,1,1,3,familiar,,,FALSE,1178.8878,1178.8879,1178.8879,1178.8879,,15,0,15,0,1,,
,,,,,6a180af52203ae855b4dd11b,2026-05-28_10h34.18.813,WP1_3,03.02.2025,Win32,60.97560976,66e9b926c782e4f47a05ec7c,6a030b8ba3607712b5d4bf26,,,,,,,,,,,,,,,,,,,,,,,,,,,,,,,,,,,,,,,,,,,,,,,,,,,,,,,,,,,,2,Celebrities_Faces/002_02_greyscale_250.png,,,,,,,,,,,,,,,,,,,,,,,,,,,,,,,,,,,,,2.340344773,1178.8882,1181.2209,,,,,,,,TRUE,,FALSE,,,,,,,,,,,,1181.2214,1182.2041,q,0.9049,,17,10,1,1,2,familiar,,,FALSE,1182.2043,1182.2043,1182.2044,1182.2044,,16,0,16,0,1,,
,,,,,6a180af52203ae855b4dd11b,2026-05-28_10h34.18.813,WP1_3,03.02.2025,Win32,60.97560976,66e9b926c782e4f47a05ec7c,6a030b8ba3607712b5d4bf26,,,,,,,,,,,,,,,,,,,,,,,,,,,,,,,,,,,,,,,,,,,,,,,,,,,,,,,,,,,,56,Celebrities_Faces/056_03_greyscale_250.png,,,,,,,,,,,,,,,,,,,,,,,,,,,,,,,,,,,,,2.356051942,1182.2046,1184.5542,,,,,,,,TRUE,,FALSE,,,,,,,,,,,,1184.5548,1185.5369,p,0.9115,,18,8,1,1,3,familiar,,,FALSE,1185.5371,1185.5371,1185.5371,1185.5372,,17,0,17,0,1,,
,,,,,6a180af52203ae855b4dd11b,2026-05-28_10h34.18.813,WP1_3,03.02.2025,Win32,60.97560976,66e9b926c782e4f47a05ec7c,6a030b8ba3607712b5d4bf26,,,,,,,,,,,,,,,,,,,,,,,,,,,,,,,,,,,,,,,,,,,,,,,,,,,,,,,,,,,,9,Celebrities_Faces/009_03_greyscale_250.png,,,,,,,,,,,,,,,,,,,,,,,,,,,,,,,,,,,,,2.326418749,1185.5374,1187.8542,,,,,,,,TRUE,,TRUE,,,,,,,,,,,,1187.8549,1188.9706,,,,19,15,1,1,3,familiar,,,FALSE,1188.9708,1189.9707,1189.9707,1189.9707,,18,0,18,0,1,,
,,,,,6a180af52203ae855b4dd11b,2026-05-28_10h34.18.813,WP1_3,03.02.2025,Win32,60.97560976,66e9b926c782e4f47a05ec7c,6a030b8ba3607712b5d4bf26,,,,,,,,,,,,,,,,,,,,,,,,,,,,,,,,,,,,,,,,,,,,,,,,,,,,,,,,,,,,93,stim_fam/093_rgray_250.png,,,,,,,,,,,,,,,,,,,,,,,,,,,,,,,,,,,,,2.044932493,1189.9709,1192.0042,,,,,,,,FALSE,,FALSE,,,,,,,,,,,,1192.0048,1193.004,p,0.9193,,20,36,1,1,250,novel,,,FALSE,1193.0041,1193.0041,1193.0042,1193.0042,,19,0,19,0,1,,
,,,,,6a180af52203ae855b4dd11b,2026-05-28_10h34.18.813,WP1_3,03.02.2025,Win32,60.97560976,66e9b926c782e4f47a05ec7c,6a030b8ba3607712b5d4bf26,,,,,,,,,,,,,,,,,,,,,,,,,,,,,,,,,,,,,,,,,,,,,,,,,,,,,,,,,,,,58,Celebrities_Faces/058_01_greyscale_250.png,,,,,,,,,,,,,,,,,,,,,,,,,,,,,,,,,,,,,2.338217273,1193.0044,1195.3373,,,,,,,,TRUE,,FALSE,,,,,,,,,,,,1195.3377,1196.3705,p,0.9632,,21,16,1,1,1,familiar,,,FALSE,1196.3705,1196.3705,1196.3706,1196.3706,,20,0,20,0,1,,
,,,,,6a180af52203ae855b4dd11b,2026-05-28_10h34.18.813,WP1_3,03.02.2025,Win32,60.97560976,66e9b926c782e4f47a05ec7c,6a030b8ba3607712b5d4bf26,,,,,,,,,,,,,,,,,,,,,,,,,,,,,,,,,,,,,,,,,,,,,,,,,,,,,,,,,,,,15,stim_fam/015_rgray_250.png,,,,,,,,,,,,,,,,,,,,,,,,,,,,,,,,,,,,,1.880675878,1196.3708,1198.254,,,,,,,,FALSE,,FALSE,,,,,,,,,,,,1198.2544,1199.1874,p,0.865,,22,45,1,1,250,novel,,,FALSE,1199.1875,1199.1875,1199.1875,1199.1875,,21,0,21,0,1,,
,,,,,6a180af52203ae855b4dd11b,2026-05-28_10h34.18.813,WP1_3,03.02.2025,Win32,60.97560976,66e9b926c782e4f47a05ec7c,6a030b8ba3607712b5d4bf26,,,,,,,,,,,,,,,,,,,,,,,,,,,,,,,,,,,,,,,,,,,,,,,,,,,,,,,,,,,,32,stim_fam/032_rgray_250.png,,,,,,,,,,,,,,,,,,,,,,,,,,,,,,,,,,,,,2.10108336,1199.1877,1201.2875,,,,,,,,FALSE,,FALSE,,,,,,,,,,,,1201.2879,1202.1374,p,0.7794,,23,52,1,1,250,novel,,,FALSE,1202.1375,1202.1376,1202.1376,1202.1376,,22,0,22,0,1,,
,,,,,6a180af52203ae855b4dd11b,2026-05-28_10h34.18.813,WP1_3,03.02.2025,Win32,60.97560976,66e9b926c782e4f47a05ec7c,6a030b8ba3607712b5d4bf26,,,,,,,,,,,,,,,,,,,,,,,,,,,,,,,,,,,,,,,,,,,,,,,,,,,,,,,,,,,,69,stim_fam/069_rgray_250.png,,,,,,,,,,,,,,,,,,,,,,,,,,,,,,,,,,,,,1.540298321,1202.1377,1203.671,,,,,,,,FALSE,,FALSE,,,,,,,,,,,,1203.6715,1204.7202,p,0.9874,,24,47,1,1,250,novel,,,FALSE,1204.7203,1204.7204,1204.7204,1204.7204,,23,0,23,0,1,,
,,,,,6a180af52203ae855b4dd11b,2026-05-28_10h34.18.813,WP1_3,03.02.2025,Win32,60.97560976,66e9b926c782e4f47a05ec7c,6a030b8ba3607712b5d4bf26,,,,,,,,,,,,,,,,,,,,,,,,,,,,,,,,,,,,,,,,,,,,,,,,,,,,,,,,,,,,20,stim_fam/020_rgray_250.png,,,,,,,,,,,,,,,,,,,,,,,,,,,,,,,,,,,,,1.83487119,1204.7206,1206.5537,,,,,,,,FALSE,,TRUE,,,,,,,,,,,,1206.5542,1207.6543,,,,25,59,1,1,250,novel,,,FALSE,1207.6544,1208.6542,1208.6542,1208.6543,,24,0,24,0,1,,
,,,,,6a180af52203ae855b4dd11b,2026-05-28_10h34.18.813,WP1_3,03.02.2025,Win32,60.97560976,66e9b926c782e4f47a05ec7c,6a030b8ba3607712b5d4bf26,,,,,,,,,,,,,,,,,,,,,,,,,,,,,,,,,,,,,,,,,,,,,,,,,,,,,,,,,,,,10,Celebrities_Faces/010_01_greyscale_250.png,,,,,,,,,,,,,,,,,,,,,,,,,,,,,,,,,,,,,2.207802133,1208.6545,1210.8535,,,,,,,,TRUE,,FALSE,,,,,,,,,,,,1210.854,1211.5704,q,0.6398,,26,7,1,1,1,familiar,,,FALSE,1211.5704,1211.5705,1211.5705,1211.5705,,25,0,25,0,1,,
,,,,,6a180af52203ae855b4dd11b,2026-05-28_10h34.18.813,WP1_3,03.02.2025,Win32,60.97560976,66e9b926c782e4f47a05ec7c,6a030b8ba3607712b5d4bf26,,,,,,,,,,,,,,,,,,,,,,,,,,,,,,,,,,,,,,,,,,,,,,,,,,,,,,,,,,,,42,Celebrities_Faces/042_02_greyscale_250.png,,,,,,,,,,,,,,,,,,,,,,,,,,,,,,,,,,,,,1.523385841,1211.5707,1213.087,,,,,,,,TRUE,,FALSE,,,,,,,,,,,,1213.0875,1214.0702,q,0.9095,,27,20,1,1,2,familiar,,,FALSE,1214.0703,1214.0703,1214.0703,1214.0704,,26,0,26,0,1,,
,,,,,6a180af52203ae855b4dd11b,2026-05-28_10h34.18.813,WP1_3,03.02.2025,Win32,60.97560976,66e9b926c782e4f47a05ec7c,6a030b8ba3607712b5d4bf26,,,,,,,,,,,,,,,,,,,,,,,,,,,,,,,,,,,,,,,,,,,,,,,,,,,,,,,,,,,,26,stim_fam/026_rgray_250.png,,,,,,,,,,,,,,,,,,,,,,,,,,,,,,,,,,,,,1.695668479,1214.0705,1215.7539,,,,,,,,FALSE,,FALSE,,,,,,,,,,,,1215.7543,1216.6042,p,0.7803,,28,51,1,1,250,novel,,,FALSE,1216.6043,1216.6043,1216.6043,1216.6043,,27,0,27,0,1,,
,,,,,6a180af52203ae855b4dd11b,2026-05-28_10h34.18.813,WP1_3,03.02.2025,Win32,60.97560976,66e9b926c782e4f47a05ec7c,6a030b8ba3607712b5d4bf26,,,,,,,,,,,,,,,,,,,,,,,,,,,,,,,,,,,,,,,,,,,,,,,,,,,,,,,,,,,,36,Celebrities_Faces/036_01_greyscale_250.png,,,,,,,,,,,,,,,,,,,,,,,,,,,,,,,,,,,,,2.294494257,1216.6046,1218.8873,,,,,,,,TRUE,,TRUE,,,,,,,,,,,,1218.8878,1220.0034,,,,29,30,1,1,1,familiar,,,FALSE,1220.0036,1221.004,1221.004,1221.0041,,28,0,28,0,1,,
,,,,,6a180af52203ae855b4dd11b,2026-05-28_10h34.18.813,WP1_3,03.02.2025,Win32,60.97560976,66e9b926c782e4f47a05ec7c,6a030b8ba3607712b5d4bf26,,,,,,,,,,,,,,,,,,,,,,,,,,,,,,,,,,,,,,,,,,,,,,,,,,,,,,,,,,,,74,stim_fam/074_rgray_250.png,,,,,,,,,,,,,,,,,,,,,,,,,,,,,,,,,,,,,1.765019677,1221.0042,1222.7701,,,,,,,,FALSE,,FALSE,,,,,,,,,,,,1222.7706,1223.4868,q,0.6489,,30,33,1,1,250,novel,,,FALSE,1223.4869,1223.487,1223.487,1223.487,,29,0,29,0,1,,
,,,,,6a180af52203ae855b4dd11b,2026-05-28_10h34.18.813,WP1_3,03.02.2025,Win32,60.97560976,66e9b926c782e4f47a05ec7c,6a030b8ba3607712b5d4bf26,,,,,,,,,,,,,,,,,,,,,,,,,,,,,,,,,,,,,,,,,,,,,,,,,,,,,,,,,,,,27,Celebrities_Faces/027_02_greyscale_250.png,,,,,,,,,,,,,,,,,,,,,,,,,,,,,,,,,,,,,2.240598654,1223.4873,1225.7204,,,,,,,,TRUE,,FALSE,,,,,,,,,,,,1225.7209,1226.6869,p,0.9009,,31,11,1,1,2,familiar,,,FALSE,1226.687,1226.687,1226.687,1226.6871,,30,0,30,0,1,,
,,,,,6a180af52203ae855b4dd11b,2026-05-28_10h34.18.813,WP1_3,03.02.2025,Win32,60.97560976,66e9b926c782e4f47a05ec7c,6a030b8ba3607712b5d4bf26,,,,,,,,,,,,,,,,,,,,,,,,,,,,,,,,,,,,,,,,,,,,,,,,,,,,,,,,,,,,37,stim_fam/037_rgray_250.png,,,,,,,,,,,,,,,,,,,,,,,,,,,,,,,,,,,,,1.659394958,1226.6873,1228.3376,,,,,,,,FALSE,,FALSE,,,,,,,,,,,,1228.3381,1229.2037,p,0.7946,,32,46,1,1,250,novel,,,FALSE,1229.2038,1229.2038,1229.2039,1229.2039,,31,0,31,0,1,,
,,,,,6a180af52203ae855b4dd11b,2026-05-28_10h34.18.813,WP1_3,03.02.2025,Win32,60.97560976,66e9b926c782e4f47a05ec7c,6a030b8ba3607712b5d4bf26,,,,,,,,,,,,,,,,,,,,,,,,,,,,,,,,,,,,,,,,,,,,,,,,,,,,,,,,,,,,16,Celebrities_Faces/016_02_greyscale_250.png,,,,,,,,,,,,,,,,,,,,,,,,,,,,,,,,,,,,,1.629156615,1229.2041,1230.8376,,,,,,,,TRUE,,FALSE,,,,,,,,,,,,1230.8382,1231.8202,p,0.9176,,33,3,1,1,2,familiar,,,FALSE,1231.8202,1231.8202,1231.8202,1231.8203,,32,0,32,0,1,,
,,,,,6a180af52203ae855b4dd11b,2026-05-28_10h34.18.813,WP1_3,03.02.2025,Win32,60.97560976,66e9b926c782e4f47a05ec7c,6a030b8ba3607712b5d4bf26,,,,,,,,,,,,,,,,,,,,,,,,,,,,,,,,,,,,,,,,,,,,,,,,,,,,,,,,,,,,47,Celebrities_Faces/047_01_greyscale_250.png,,,,,,,,,,,,,,,,,,,,,,,,,,,,,,,,,,,,,1.772605816,1231.8204,1233.5873,,,,,,,,TRUE,,FALSE,,,,,,,,,,,,1233.5877,1234.4035,q,0.7435,,34,13,1,1,1,familiar,,,FALSE,1234.4036,1234.4036,1234.4036,1234.4036,,33,0,33,0,1,,
,,,,,6a180af52203ae855b4dd11b,2026-05-28_10h34.18.813,WP1_3,03.02.2025,Win32,60.97560976,66e9b926c782e4f47a05ec7c,6a030b8ba3607712b5d4bf26,,,,,,,,,,,,,,,,,,,,,,,,,,,,,,,,,,,,,,,,,,,,,,,,,,,,,,,,,,,,18,stim_fam/018_rgray_250.png,,,,,,,,,,,,,,,,,,,,,,,,,,,,,,,,,,,,,1.672688663,1234.4038,1236.0702,,,,,,,,FALSE,,FALSE,,,,,,,,,,,,1236.0706,1237.0034,q,0.8617,,35,31,1,1,250,novel,,,FALSE,1237.0035,1237.0035,1237.0035,1237.0035,,34,0,34,0,1,,
,,,,,6a180af52203ae855b4dd11b,2026-05-28_10h34.18.813,WP1_3,03.02.2025,Win32,60.97560976,66e9b926c782e4f47a05ec7c,6a030b8ba3607712b5d4bf26,,,,,,,,,,,,,,,,,,,,,,,,,,,,,,,,,,,,,,,,,,,,,,,,,,,,,,,,,,,,31,Celebrities_Faces/031_03_greyscale_250.png,,,,,,,,,,,,,,,,,,,,,,,,,,,,,,,,,,,,,1.812368791,1237.0037,1238.8038,,,,,,,,TRUE,,FALSE,,,,,,,,,,,,1238.8042,1239.8207,p,0.9289,,36,1,1,1,3,familiar,,,FALSE,1239.8208,1239.8208,1239.8208,1239.8208,,35,0,35,0,1,,
,,,,,6a180af52203ae855b4dd11b,2026-05-28_10h34.18.813,WP1_3,03.02.2025,Win32,60.97560976,66e9b926c782e4f47a05ec7c,6a030b8ba3607712b5d4bf26,,,,,,,,,,,,,,,,,,,,,,,,,,,,,,,,,,,,,,,,,,,,,,,,,,,,,,,,,,,,36,stim_fam/036_rgray_250.png,,,,,,,,,,,,,,,,,,,,,,,,,,,,,,,,,,,,,1.906205444,1239.821,1241.7206,,,,,,,,FALSE,,FALSE,,,,,,,,,,,,1241.721,1242.5202,p,0.7316,,37,58,1,1,250,novel,,,FALSE,1242.5203,1242.5203,1242.5203,1242.5204,,36,0,36,0,1,,
,,,,,6a180af52203ae855b4dd11b,2026-05-28_10h34.18.813,WP1_3,03.02.2025,Win32,60.97560976,66e9b926c782e4f47a05ec7c,6a030b8ba3607712b5d4bf26,,,,,,,,,,,,,,,,,,,,,,,,,,,,,,,,,,,,,,,,,,,,,,,,,,,,,,,,,,,,12,Celebrities_Faces/012_02_greyscale_250.png,,,,,,,,,,,,,,,,,,,,,,,,,,,,,,,,,,,,,2.256288122,1242.5206,1244.7706,,,,,,,,TRUE,,FALSE,,,,,,,,,,,,1244.771,1245.8369,p,0.9992,,38,22,1,1,2,familiar,,,FALSE,1245.837,1245.837,1245.837,1245.8371,,37,0,37,0,1,,
,,,,,6a180af52203ae855b4dd11b,2026-05-28_10h34.18.813,WP1_3,03.02.2025,Win32,60.97560976,66e9b926c782e4f47a05ec7c,6a030b8ba3607712b5d4bf26,,,,,,,,,,,,,,,,,,,,,,,,,,,,,,,,,,,,,,,,,,,,,,,,,,,,,,,,,,,,7,stim_fam/007_rgray_250.png,,,,,,,,,,,,,,,,,,,,,,,,,,,,,,,,,,,,,2.011829903,1245.8372,1247.8375,,,,,,,,FALSE,,FALSE,,,,,,,,,,,,1247.838,1248.6206,p,0.7168,,39,50,1,1,250,novel,,,FALSE,1248.6207,1248.6208,1248.6208,1248.6208,,38,0,38,0,1,,
,,,,,6a180af52203ae855b4dd11b,2026-05-28_10h34.18.813,WP1_3,03.02.2025,Win32,60.97560976,66e9b926c782e4f47a05ec7c,6a030b8ba3607712b5d4bf26,,,,,,,,,,,,,,,,,,,,,,,,,,,,,,,,,,,,,,,,,,,,,,,,,,,,,,,,,,,,91,stim_fam/091_rgray_250.png,,,,,,,,,,,,,,,,,,,,,,,,,,,,,,,,,,,,,1.880046293,1248.621,1250.5042,,,,,,,,FALSE,,FALSE,,,,,,,,,,,,1250.5047,1251.3706,p,0.7966,,40,37,1,1,250,novel,,,FALSE,1251.3708,1251.3708,1251.3708,1251.3708,,39,0,39,0,1,,
,,,,,6a180af52203ae855b4dd11b,2026-05-28_10h34.18.813,WP1_3,03.02.2025,Win32,60.97560976,66e9b926c782e4f47a05ec7c,6a030b8ba3607712b5d4bf26,,,,,,,,,,,,,,,,,,,,,,,,,,,,,,,,,,,,,,,,,,,,,,,,,,,,,,,,,,,,79,stim_fam/079_rgray_250.png,,,,,,,,,,,,,,,,,,,,,,,,,,,,,,,,,,,,,1.902351551,1251.3711,1253.2711,,,,,,,,FALSE,,FALSE,,,,,,,,,,,,1253.2714,1254.0868,p,0.7549,,41,41,1,1,250,novel,,,FALSE,1254.0869,1254.0869,1254.0869,1254.0869,,40,0,40,0,1,,
,,,,,6a180af52203ae855b4dd11b,2026-05-28_10h34.18.813,WP1_3,03.02.2025,Win32,60.97560976,66e9b926c782e4f47a05ec7c,6a030b8ba3607712b5d4bf26,,,,,,,,,,,,,,,,,,,,,,,,,,,,,,,,,,,,,,,,,,,,,,,,,,,,,,,,,,,,43,stim_fam/043_rgray_250.png,,,,,,,,,,,,,,,,,,,,,,,,,,,,,,,,,,,,,2.240018155,1254.0872,1256.3201,,,,,,,,FALSE,,FALSE,,,,,,,,,,,,1256.3205,1257.2534,p,0.8743,,42,49,1,1,250,novel,,,FALSE,1257.2535,1257.2535,1257.2535,1257.2535,,41,0,41,0,1,,
,,,,,6a180af52203ae855b4dd11b,2026-05-28_10h34.18.813,WP1_3,03.02.2025,Win32,60.97560976,66e9b926c782e4f47a05ec7c,6a030b8ba3607712b5d4bf26,,,,,,,,,,,,,,,,,,,,,,,,,,,,,,,,,,,,,,,,,,,,,,,,,,,,,,,,,,,,38,stim_fam/038_rgray_250.png,,,,,,,,,,,,,,,,,,,,,,,,,,,,,,,,,,,,,2.117632892,1257.2537,1259.3702,,,,,,,,FALSE,,FALSE,,,,,,,,,,,,1259.3706,1260.2036,p,0.7656,,43,38,1,1,250,novel,,,FALSE,1260.2039,1260.2039,1260.2039,1260.204,,42,0,42,0,1,,
,,,,,6a180af52203ae855b4dd11b,2026-05-28_10h34.18.813,WP1_3,03.02.2025,Win32,60.97560976,66e9b926c782e4f47a05ec7c,6a030b8ba3607712b5d4bf26,,,,,,,,,,,,,,,,,,,,,,,,,,,,,,,,,,,,,,,,,,,,,,,,,,,,,,,,,,,,75,stim_fam/075_rgray_250.png,,,,,,,,,,,,,,,,,,,,,,,,,,,,,,,,,,,,,1.797313372,1260.2044,1262.004,,,,,,,,FALSE,,FALSE,,,,,,,,,,,,1262.0043,1262.9034,p,0.8355,,44,43,1,1,250,novel,,,FALSE,1262.9036,1262.9036,1262.9036,1262.9036,,43,0,43,0,1,,
,,,,,6a180af52203ae855b4dd11b,2026-05-28_10h34.18.813,WP1_3,03.02.2025,Win32,60.97560976,66e9b926c782e4f47a05ec7c,6a030b8ba3607712b5d4bf26,,,,,,,,,,,,,,,,,,,,,,,,,,,,,,,,,,,,,,,,,,,,,,,,,,,,,,,,,,,,92,stim_fam/092_rgray_250.png,,,,,,,,,,,,,,,,,,,,,,,,,,,,,,,,,,,,,1.933107942,1262.9039,1264.8376,,,,,,,,FALSE,,FALSE,,,,,,,,,,,,1264.838,1265.8201,p,0.9169,,45,39,1,1,250,novel,,,FALSE,1265.8202,1265.8202,1265.8202,1265.8202,,44,0,44,0,1,,
,,,,,6a180af52203ae855b4dd11b,2026-05-28_10h34.18.813,WP1_3,03.02.2025,Win32,60.97560976,66e9b926c782e4f47a05ec7c,6a030b8ba3607712b5d4bf26,,,,,,,,,,,,,,,,,,,,,,,,,,,,,,,,,,,,,,,,,,,,,,,,,,,,,,,,,,,,47,stim_fam/047_rgray_250.png,,,,,,,,,,,,,,,,,,,,,,,,,,,,,,,,,,,,,2.100003662,1265.8204,1267.9206,,,,,,,,FALSE,,FALSE,,,,,,,,,,,,1267.921,1268.8201,p,0.8311,,46,56,1,1,250,novel,,,FALSE,1268.8201,1268.8202,1268.8202,1268.8203,,45,0,45,0,1,,
,,,,,6a180af52203ae855b4dd11b,2026-05-28_10h34.18.813,WP1_3,03.02.2025,Win32,60.97560976,66e9b926c782e4f47a05ec7c,6a030b8ba3607712b5d4bf26,,,,,,,,,,,,,,,,,,,,,,,,,,,,,,,,,,,,,,,,,,,,,,,,,,,,,,,,,,,,7,Celebrities_Faces/007_02_greyscale_250.png,,,,,,,,,,,,,,,,,,,,,,,,,,,,,,,,,,,,,1.817910095,1268.8204,1270.6367,,,,,,,,TRUE,,FALSE,,,,,,,,,,,,1270.6372,1271.5035,q,0.8063,,47,29,1,1,2,familiar,,,FALSE,1271.5035,1271.5036,1271.5036,1271.5036,,46,0,46,0,1,,
,,,,,6a180af52203ae855b4dd11b,2026-05-28_10h34.18.813,WP1_3,03.02.2025,Win32,60.97560976,66e9b926c782e4f47a05ec7c,6a030b8ba3607712b5d4bf26,,,,,,,,,,,,,,,,,,,,,,,,,,,,,,,,,,,,,,,,,,,,,,,,,,,,,,,,,,,,96,stim_fam/096_rgray_250.png,,,,,,,,,,,,,,,,,,,,,,,,,,,,,,,,,,,,,2.347893551,1271.5038,1273.8541,,,,,,,,FALSE,,TRUE,,,,,,,,,,,,1273.8545,1274.9704,,,,48,34,1,1,250,novel,,,FALSE,1274.9705,1275.9706,1275.9707,1275.9708,,47,0,47,0,1,,
,,,,,6a180af52203ae855b4dd11b,2026-05-28_10h34.18.813,WP1_3,03.02.2025,Win32,60.97560976,66e9b926c782e4f47a05ec7c,6a030b8ba3607712b5d4bf26,,,,,,,,,,,,,,,,,,,,,,,,,,,,,,,,,,,,,,,,,,,,,,,,,,,,,,,,,,,,24,Celebrities_Faces/024_01_greyscale_250.png,,,,,,,,,,,,,,,,,,,,,,,,,,,,,,,,,,,,,2.097863503,1275.9709,1278.0703,,,,,,,,TRUE,,FALSE,,,,,,,,,,,,1278.0707,1278.8533,q,0.7232,,49,4,1,1,1,familiar,,,FALSE,1278.8534,1278.8534,1278.8535,1278.8535,,48,0,48,0,1,,
,,,,,6a180af52203ae855b4dd11b,2026-05-28_10h34.18.813,WP1_3,03.02.2025,Win32,60.97560976,66e9b926c782e4f47a05ec7c,6a030b8ba3607712b5d4bf26,,,,,,,,,,,,,,,,,,,,,,,,,,,,,,,,,,,,,,,,,,,,,,,,,,,,,,,,,,,,59,Celebrities_Faces/059_01_greyscale_250.png,,,,,,,,,,,,,,,,,,,,,,,,,,,,,,,,,,,,,2.256718993,1278.8537,1281.1037,,,,,,,,TRUE,,FALSE,,,,,,,,,,,,1281.1041,1282.0868,p,0.9183,,50,21,1,1,1,familiar,,,FALSE,1282.0868,1282.0869,1282.0869,1282.0869,,49,0,49,0,1,,
,,,,,6a180af52203ae855b4dd11b,2026-05-28_10h34.18.813,WP1_3,03.02.2025,Win32,60.97560976,66e9b926c782e4f47a05ec7c,6a030b8ba3607712b5d4bf26,,,,,,,,,,,,,,,,,,,,,,,,,,,,,,,,,,,,,,,,,,,,,,,,,,,,,,,,,,,,100,stim_fam/100_rgray_250.png,,,,,,,,,,,,,,,,,,,,,,,,,,,,,,,,,,,,,2.17009598,1282.087,1284.2542,,,,,,,,FALSE,,TRUE,,,,,,,,,,,,1284.2547,1285.3703,,,,51,60,1,1,250,novel,,,FALSE,1285.3704,1286.37,1286.37,1286.3702,,50,0,50,0,1,,
,,,,,6a180af52203ae855b4dd11b,2026-05-28_10h34.18.813,WP1_3,03.02.2025,Win32,60.97560976,66e9b926c782e4f47a05ec7c,6a030b8ba3607712b5d4bf26,,,,,,,,,,,,,,,,,,,,,,,,,,,,,,,,,,,,,,,,,,,,,,,,,,,,,,,,,,,,28,Celebrities_Faces/028_01_greyscale_250.png,,,,,,,,,,,,,,,,,,,,,,,,,,,,,,,,,,,,,1.805947947,1286.3704,1288.1703,,,,,,,,TRUE,,FALSE,,,,,,,,,,,,1288.1708,1288.9542,q,0.7102,,52,6,1,1,1,familiar,,,FALSE,1288.9543,1288.9543,1288.9543,1288.9544,,51,0,51,0,1,,
,,,,,6a180af52203ae855b4dd11b,2026-05-28_10h34.18.813,WP1_3,03.02.2025,Win32,60.97560976,66e9b926c782e4f47a05ec7c,6a030b8ba3607712b5d4bf26,,,,,,,,,,,,,,,,,,,,,,,,,,,,,,,,,,,,,,,,,,,,,,,,,,,,,,,,,,,,22,stim_fam/022_rgray_250.png,,,,,,,,,,,,,,,,,,,,,,,,,,,,,,,,,,,,,2.44824151,1288.9546,1291.4035,,,,,,,,FALSE,,FALSE,,,,,,,,,,,,1291.404,1292.2034,p,0.7318,,53,54,1,1,250,novel,,,FALSE,1292.2034,1292.2035,1292.2035,1292.2035,,52,0,52,0,1,,
,,,,,6a180af52203ae855b4dd11b,2026-05-28_10h34.18.813,WP1_3,03.02.2025,Win32,60.97560976,66e9b926c782e4f47a05ec7c,6a030b8ba3607712b5d4bf26,,,,,,,,,,,,,,,,,,,,,,,,,,,,,,,,,,,,,,,,,,,,,,,,,,,,,,,,,,,,52,Celebrities_Faces/052_01_greyscale_250.png,,,,,,,,,,,,,,,,,,,,,,,,,,,,,,,,,,,,,2.352687922,1292.2037,1294.554,,,,,,,,TRUE,,FALSE,,,,,,,,,,,,1294.5545,1295.3869,p,0.7604,,54,28,1,1,1,familiar,,,FALSE,1295.387,1295.3871,1295.3871,1295.3871,,53,0,53,0,1,,
,,,,,6a180af52203ae855b4dd11b,2026-05-28_10h34.18.813,WP1_3,03.02.2025,Win32,60.97560976,66e9b926c782e4f47a05ec7c,6a030b8ba3607712b5d4bf26,,,,,,,,,,,,,,,,,,,,,,,,,,,,,,,,,,,,,,,,,,,,,,,,,,,,,,,,,,,,46,Celebrities_Faces/046_01_greyscale_250.png,,,,,,,,,,,,,,,,,,,,,,,,,,,,,,,,,,,,,2.478183256,1295.3873,1297.8542,,,,,,,,TRUE,,FALSE,,,,,,,,,,,,1297.8547,1298.7372,q,0.817,,55,9,1,1,1,familiar,,,FALSE,1298.7374,1298.7374,1298.7374,1298.7374,,54,0,54,0,1,,
,,,,,6a180af52203ae855b4dd11b,2026-05-28_10h34.18.813,WP1_3,03.02.2025,Win32,60.97560976,66e9b926c782e4f47a05ec7c,6a030b8ba3607712b5d4bf26,,,,,,,,,,,,,,,,,,,,,,,,,,,,,,,,,,,,,,,,,,,,,,,,,,,,,,,,,,,,15,Celebrities_Faces/015_01_greyscale_250.png,,,,,,,,,,,,,,,,,,,,,,,,,,,,,,,,,,,,,2.000481084,1298.7376,1300.7375,,,,,,,,TRUE,,FALSE,,,,,,,,,,,,1300.738,1301.4702,q,0.6661,,56,25,1,1,1,familiar,,,FALSE,1301.4704,1301.4704,1301.4704,1301.4704,,55,0,55,0,1,,
,,,,,6a180af52203ae855b4dd11b,2026-05-28_10h34.18.813,WP1_3,03.02.2025,Win32,60.97560976,66e9b926c782e4f47a05ec7c,6a030b8ba3607712b5d4bf26,,,,,,,,,,,,,,,,,,,,,,,,,,,,,,,,,,,,,,,,,,,,,,,,,,,,,,,,,,,,20,Celebrities_Faces/020_01_greyscale_250.png,,,,,,,,,,,,,,,,,,,,,,,,,,,,,,,,,,,,,1.785488395,1301.4705,1303.2542,,,,,,,,TRUE,,FALSE,,,,,,,,,,,,1303.2547,1303.9701,q,0.6461,,57,2,1,1,1,familiar,,,FALSE,1303.9701,1303.9702,1303.9702,1303.9702,,56,0,56,0,1,,
,,,,,6a180af52203ae855b4dd11b,2026-05-28_10h34.18.813,WP1_3,03.02.2025,Win32,60.97560976,66e9b926c782e4f47a05ec7c,6a030b8ba3607712b5d4bf26,,,,,,,,,,,,,,,,,,,,,,,,,,,,,,,,,,,,,,,,,,,,,,,,,,,,,,,,,,,,101,stim_fam/101_rgray_250.png,,,,,,,,,,,,,,,,,,,,,,,,,,,,,,,,,,,,,1.647699222,1303.9704,1305.6206,,,,,,,,FALSE,,FALSE,,,,,,,,,,,,1305.621,1306.3702,p,0.6792,,58,32,1,1,250,novel,,,FALSE,1306.3703,1306.3703,1306.3703,1306.3704,,57,0,57,0,1,,
,,,,,6a180af52203ae855b4dd11b,2026-05-28_10h34.18.813,WP1_3,03.02.2025,Win32,60.97560976,66e9b926c782e4f47a05ec7c,6a030b8ba3607712b5d4bf26,,,,,,,,,,,,,,,,,,,,,,,,,,,,,,,,,,,,,,,,,,,,,,,,,,,,,,,,,,,,45,Celebrities_Faces/045_02_greyscale_250.png,,,,,,,,,,,,,,,,,,,,,,,,,,,,,,,,,,,,,2.416934407,1306.3706,1308.7875,,,,,,,,TRUE,,FALSE,,,,,,,,,,,,1308.7881,1309.5701,q,0.7053,,59,12,1,1,2,familiar,,,FALSE,1309.5701,1309.5701,1309.5701,1309.5702,,58,0,58,0,1,,
,,,,,6a180af52203ae855b4dd11b,2026-05-28_10h34.18.813,WP1_3,03.02.2025,Win32,60.97560976,66e9b926c782e4f47a05ec7c,6a030b8ba3607712b5d4bf26,,,,,,,,,,,,,,,,,,,,,,,,,,,,,,,,,,,,,,,,,,,,,,,,,,,,,,,,,,,,41,Celebrities_Faces/041_02_greyscale_250.png,,,,,,,,,,,,,,,,,,,,,,,,,,,,,,,,,,,,,2.330097176,1309.5704,1311.9034,,,,,,,,TRUE,,FALSE,,,,,,,,,,,,1311.9038,1312.7874,q,0.8091,,60,23,1,1,2,familiar,,,FALSE,1312.7875,1312.7876,1312.7876,1326.1035,space,59,0,59,0,1,13.3012,
,,,,,6a180af52203ae855b4dd11b,2026-05-28_10h34.18.813,WP1_3,03.02.2025,Win32,60.97560976,66e9b926c782e4f47a05ec7c,6a030b8ba3607712b5d4bf26,,,,,,,,,,,,,,,,,,,,,,,,,,,,,,,,,,,,,,,,,,,,,,,,,,,,,,,,,,,,17,stim_fam/017_rgray_250.png,,,,,,,,,,,,,,,,,,,,,,,,,,,,,,,,,,,,,2.420118214,1326.1036,1328.5206,,,,,,,,FALSE,,FALSE,,,,,,,,,,,,1328.5212,1329.2875,p,0.6951,,61,107,2,1,250,novel,,,FALSE,1329.2876,1329.2877,1329.2877,1329.2878,,60,0,60,0,1,,
,,,,,6a180af52203ae855b4dd11b,2026-05-28_10h34.18.813,WP1_3,03.02.2025,Win32,60.97560976,66e9b926c782e4f47a05ec7c,6a030b8ba3607712b5d4bf26,,,,,,,,,,,,,,,,,,,,,,,,,,,,,,,,,,,,,,,,,,,,,,,,,,,,,,,,,,,,7,Celebrities_Faces/007_03_greyscale_250.png,,,,,,,,,,,,,,,,,,,,,,,,,,,,,,,,,,,,,1.632082424,1329.2879,1330.9206,,,,,,,,TRUE,,FALSE,,,,,,,,,,,,1330.9209,1331.8539,p,0.8682,,62,89,2,1,3,familiar,,,FALSE,1331.8541,1331.8541,1331.8541,1331.8541,,61,0,61,0,1,,
,,,,,6a180af52203ae855b4dd11b,2026-05-28_10h34.18.813,WP1_3,03.02.2025,Win32,60.97560976,66e9b926c782e4f47a05ec7c,6a030b8ba3607712b5d4bf26,,,,,,,,,,,,,,,,,,,,,,,,,,,,,,,,,,,,,,,,,,,,,,,,,,,,,,,,,,,,87,stim_fam/087_rgray_250.png,,,,,,,,,,,,,,,,,,,,,,,,,,,,,,,,,,,,,1.997449541,1331.8543,1333.8534,,,,,,,,FALSE,,FALSE,,,,,,,,,,,,1333.8536,1334.8201,p,0.8954,,63,97,2,1,250,novel,,,FALSE,1334.8201,1334.8202,1334.8202,1334.8202,,62,0,62,0,1,,
,,,,,6a180af52203ae855b4dd11b,2026-05-28_10h34.18.813,WP1_3,03.02.2025,Win32,60.97560976,66e9b926c782e4f47a05ec7c,6a030b8ba3607712b5d4bf26,,,,,,,,,,,,,,,,,,,,,,,,,,,,,,,,,,,,,,,,,,,,,,,,,,,,,,,,,,,,46,Celebrities_Faces/046_02_greyscale_250.png,,,,,,,,,,,,,,,,,,,,,,,,,,,,,,,,,,,,,2.127886979,1334.8204,1336.937,,,,,,,,TRUE,,FALSE,,,,,,,,,,,,1336.9376,1337.6869,p,0.6755,,64,69,2,1,2,familiar,,,FALSE,1337.687,1337.687,1337.687,1337.6871,,63,0,63,0,1,,
,,,,,6a180af52203ae855b4dd11b,2026-05-28_10h34.18.813,WP1_3,03.02.2025,Win32,60.97560976,66e9b926c782e4f47a05ec7c,6a030b8ba3607712b5d4bf26,,,,,,,,,,,,,,,,,,,,,,,,,,,,,,,,,,,,,,,,,,,,,,,,,,,,,,,,,,,,30,Celebrities_Faces/030_02_greyscale_250.png,,,,,,,,,,,,,,,,,,,,,,,,,,,,,,,,,,,,,1.570045598,1337.6872,1339.2542,,,,,,,,TRUE,,FALSE,,,,,,,,,,,,1339.2548,1339.8868,q,0.5666,,65,87,2,1,2,familiar,,,FALSE,1339.8869,1339.8869,1339.887,1339.887,,64,0,64,0,1,,
,,,,,6a180af52203ae855b4dd11b,2026-05-28_10h34.18.813,WP1_3,03.02.2025,Win32,60.97560976,66e9b926c782e4f47a05ec7c,6a030b8ba3607712b5d4bf26,,,,,,,,,,,,,,,,,,,,,,,,,,,,,,,,,,,,,,,,,,,,,,,,,,,,,,,,,,,,61,stim_fam/061_rgray_250.png,,,,,,,,,,,,,,,,,,,,,,,,,,,,,,,,,,,,,2.357273561,1339.8872,1342.2373,,,,,,,,FALSE,,FALSE,,,,,,,,,,,,1342.2378,1343.1875,p,0.864,,66,109,2,1,250,novel,,,FALSE,1343.1877,1343.1877,1343.1877,1343.1878,,65,0,65,0,1,,
,,,,,6a180af52203ae855b4dd11b,2026-05-28_10h34.18.813,WP1_3,03.02.2025,Win32,60.97560976,66e9b926c782e4f47a05ec7c,6a030b8ba3607712b5d4bf26,,,,,,,,,,,,,,,,,,,,,,,,,,,,,,,,,,,,,,,,,,,,,,,,,,,,,,,,,,,,98,stim_fam/098_rgray_250.png,,,,,,,,,,,,,,,,,,,,,,,,,,,,,,,,,,,,,2.17253624,1343.1879,1345.3533,,,,,,,,FALSE,,FALSE,,,,,,,,,,,,1345.3537,1346.1534,p,0.7245,,67,101,2,1,250,novel,,,FALSE,1346.1535,1346.1535,1346.1535,1346.1535,,66,0,66,0,1,,
,,,,,6a180af52203ae855b4dd11b,2026-05-28_10h34.18.813,WP1_3,03.02.2025,Win32,60.97560976,66e9b926c782e4f47a05ec7c,6a030b8ba3607712b5d4bf26,,,,,,,,,,,,,,,,,,,,,,,,,,,,,,,,,,,,,,,,,,,,,,,,,,,,,,,,,,,,14,stim_fam/014_rgray_250.png,,,,,,,,,,,,,,,,,,,,,,,,,,,,,,,,,,,,,1.801354361,1346.1538,1347.9535,,,,,,,,FALSE,,FALSE,,,,,,,,,,,,1347.9539,1348.7537,p,0.7317,,68,120,2,1,250,novel,,,FALSE,1348.7538,1348.7539,1348.7539,1348.7539,,67,0,67,0,1,,
,,,,,6a180af52203ae855b4dd11b,2026-05-28_10h34.18.813,WP1_3,03.02.2025,Win32,60.97560976,66e9b926c782e4f47a05ec7c,6a030b8ba3607712b5d4bf26,,,,,,,,,,,,,,,,,,,,,,,,,,,,,,,,,,,,,,,,,,,,,,,,,,,,,,,,,,,,88,stim_fam/088_rgray_250.png,,,,,,,,,,,,,,,,,,,,,,,,,,,,,,,,,,,,,1.797914674,1348.7541,1350.554,,,,,,,,FALSE,,FALSE,,,,,,,,,,,,1350.5545,1351.4204,q,0.8027,,69,114,2,1,250,novel,,,FALSE,1351.4205,1351.4205,1351.4205,1351.4205,,68,0,68,0,1,,
,,,,,6a180af52203ae855b4dd11b,2026-05-28_10h34.18.813,WP1_3,03.02.2025,Win32,60.97560976,66e9b926c782e4f47a05ec7c,6a030b8ba3607712b5d4bf26,,,,,,,,,,,,,,,,,,,,,,,,,,,,,,,,,,,,,,,,,,,,,,,,,,,,,,,,,,,,32,Celebrities_Faces/032_01_greyscale_250.png,,,,,,,,,,,,,,,,,,,,,,,,,,,,,,,,,,,,,2.485545111,1351.4208,1353.9036,,,,,,,,TRUE,,FALSE,,,,,,,,,,,,1353.9039,1354.7535,q,0.7796,,70,84,2,1,1,familiar,,,FALSE,1354.7536,1354.7536,1354.7536,1354.7536,,69,0,69,0,1,,
,,,,,6a180af52203ae855b4dd11b,2026-05-28_10h34.18.813,WP1_3,03.02.2025,Win32,60.97560976,66e9b926c782e4f47a05ec7c,6a030b8ba3607712b5d4bf26,,,,,,,,,,,,,,,,,,,,,,,,,,,,,,,,,,,,,,,,,,,,,,,,,,,,,,,,,,,,1,Celebrities_Faces/001_01_greyscale_250.png,,,,,,,,,,,,,,,,,,,,,,,,,,,,,,,,,,,,,2.057547197,1354.7538,1356.8042,,,,,,,,TRUE,,FALSE,,,,,,,,,,,,1356.8047,1357.7216,q,0.8391,,71,65,2,1,1,familiar,,,FALSE,1357.7218,1357.7218,1357.7218,1357.7218,,70,0,70,0,1,,
,,,,,6a180af52203ae855b4dd11b,2026-05-28_10h34.18.813,WP1_3,03.02.2025,Win32,60.97560976,66e9b926c782e4f47a05ec7c,6a030b8ba3607712b5d4bf26,,,,,,,,,,,,,,,,,,,,,,,,,,,,,,,,,,,,,,,,,,,,,,,,,,,,,,,,,,,,102,stim_fam/102_rgray_250.png,,,,,,,,,,,,,,,,,,,,,,,,,,,,,,,,,,,,,1.891725457,1357.7222,1359.6039,,,,,,,,FALSE,,FALSE,,,,,,,,,,,,1359.6042,1360.4206,p,0.7426,,72,91,2,1,250,novel,,,FALSE,1360.4207,1360.4207,1360.4208,1360.4208,,71,0,71,0,1,,
,,,,,6a180af52203ae855b4dd11b,2026-05-28_10h34.18.813,WP1_3,03.02.2025,Win32,60.97560976,66e9b926c782e4f47a05ec7c,6a030b8ba3607712b5d4bf26,,,,,,,,,,,,,,,,,,,,,,,,,,,,,,,,,,,,,,,,,,,,,,,,,,,,,,,,,,,,59,Celebrities_Faces/059_03_greyscale_250.png,,,,,,,,,,,,,,,,,,,,,,,,,,,,,,,,,,,,,1.846180258,1360.4209,1362.2706,,,,,,,,TRUE,,FALSE,,,,,,,,,,,,1362.271,1363.0034,q,0.6601,,73,81,2,1,3,familiar,,,FALSE,1363.0035,1363.0036,1363.0036,1363.0036,,72,0,72,0,1,,
,,,,,6a180af52203ae855b4dd11b,2026-05-28_10h34.18.813,WP1_3,03.02.2025,Win32,60.97560976,66e9b926c782e4f47a05ec7c,6a030b8ba3607712b5d4bf26,,,,,,,,,,,,,,,,,,,,,,,,,,,,,,,,,,,,,,,,,,,,,,,,,,,,,,,,,,,,9,stim_fam/009_rgray_250.png,,,,,,,,,,,,,,,,,,,,,,,,,,,,,,,,,,,,,1.90972727,1363.0038,1364.9041,,,,,,,,FALSE,,FALSE,,,,,,,,,,,,1364.9045,1365.7534,p,0.7706,,74,99,2,1,250,novel,,,FALSE,1365.7535,1365.7535,1365.7536,1365.7536,,73,0,73,0,1,,
,,,,,6a180af52203ae855b4dd11b,2026-05-28_10h34.18.813,WP1_3,03.02.2025,Win32,60.97560976,66e9b926c782e4f47a05ec7c,6a030b8ba3607712b5d4bf26,,,,,,,,,,,,,,,,,,,,,,,,,,,,,,,,,,,,,,,,,,,,,,,,,,,,,,,,,,,,25,Celebrities_Faces/025_01_greyscale_250.png,,,,,,,,,,,,,,,,,,,,,,,,,,,,,,,,,,,,,1.926290347,1365.7538,1367.6706,,,,,,,,TRUE,,FALSE,,,,,,,,,,,,1367.6709,1368.6867,p,0.9521,,75,74,2,1,1,familiar,,,FALSE,1368.6868,1368.6868,1368.6868,1368.6868,,74,0,74,0,1,,
,,,,,6a180af52203ae855b4dd11b,2026-05-28_10h34.18.813,WP1_3,03.02.2025,Win32,60.97560976,66e9b926c782e4f47a05ec7c,6a030b8ba3607712b5d4bf26,,,,,,,,,,,,,,,,,,,,,,,,,,,,,,,,,,,,,,,,,,,,,,,,,,,,,,,,,,,,41,stim_fam/041_rgray_250.png,,,,,,,,,,,,,,,,,,,,,,,,,,,,,,,,,,,,,2.102072644,1368.687,1370.7872,,,,,,,,FALSE,,TRUE,,,,,,,,,,,,1370.7876,1371.904,,,,76,96,2,1,250,novel,,,FALSE,1371.9041,1372.9039,1372.9039,1372.9039,,75,0,75,0,1,,
,,,,,6a180af52203ae855b4dd11b,2026-05-28_10h34.18.813,WP1_3,03.02.2025,Win32,60.97560976,66e9b926c782e4f47a05ec7c,6a030b8ba3607712b5d4bf26,,,,,,,,,,,,,,,,,,,,,,,,,,,,,,,,,,,,,,,,,,,,,,,,,,,,,,,,,,,,10,Celebrities_Faces/010_03_greyscale_250.png,,,,,,,,,,,,,,,,,,,,,,,,,,,,,,,,,,,,,2.128780315,1372.9042,1375.0207,,,,,,,,TRUE,,FALSE,,,,,,,,,,,,1375.0211,1375.9867,q,0.8961,,77,67,2,1,3,familiar,,,FALSE,1375.9867,1375.9869,1375.9869,1375.9869,,76,0,76,0,1,,
,,,,,6a180af52203ae855b4dd11b,2026-05-28_10h34.18.813,WP1_3,03.02.2025,Win32,60.97560976,66e9b926c782e4f47a05ec7c,6a030b8ba3607712b5d4bf26,,,,,,,,,,,,,,,,,,,,,,,,,,,,,,,,,,,,,,,,,,,,,,,,,,,,,,,,,,,,41,Celebrities_Faces/041_01_greyscale_250.png,,,,,,,,,,,,,,,,,,,,,,,,,,,,,,,,,,,,,1.542148588,1375.987,1377.5205,,,,,,,,TRUE,,FALSE,,,,,,,,,,,,1377.521,1378.6039,p,1.0115,,78,83,2,1,1,familiar,,,FALSE,1378.604,1378.604,1378.604,1378.6041,,77,0,77,0,1,,
,,,,,6a180af52203ae855b4dd11b,2026-05-28_10h34.18.813,WP1_3,03.02.2025,Win32,60.97560976,66e9b926c782e4f47a05ec7c,6a030b8ba3607712b5d4bf26,,,,,,,,,,,,,,,,,,,,,,,,,,,,,,,,,,,,,,,,,,,,,,,,,,,,,,,,,,,,44,stim_fam/044_rgray_250.png,,,,,,,,,,,,,,,,,,,,,,,,,,,,,,,,,,,,,2.282231047,1378.6042,1380.8869,,,,,,,,FALSE,,FALSE,,,,,,,,,,,,1380.8874,1381.8372,p,0.8805,,79,118,2,1,250,novel,,,FALSE,1381.8374,1381.8374,1381.8374,1381.8374,,78,0,78,0,1,,
,,,,,6a180af52203ae855b4dd11b,2026-05-28_10h34.18.813,WP1_3,03.02.2025,Win32,60.97560976,66e9b926c782e4f47a05ec7c,6a030b8ba3607712b5d4bf26,,,,,,,,,,,,,,,,,,,,,,,,,,,,,,,,,,,,,,,,,,,,,,,,,,,,,,,,,,,,78,stim_fam/078_rgray_250.png,,,,,,,,,,,,,,,,,,,,,,,,,,,,,,,,,,,,,1.618043378,1381.8376,1383.4542,,,,,,,,FALSE,,FALSE,,,,,,,,,,,,1383.4546,1384.4201,q,0.9003,,80,105,2,1,250,novel,,,FALSE,1384.4202,1384.4202,1384.4202,1384.4203,,79,0,79,0,1,,
,,,,,6a180af52203ae855b4dd11b,2026-05-28_10h34.18.813,WP1_3,03.02.2025,Win32,60.97560976,66e9b926c782e4f47a05ec7c,6a030b8ba3607712b5d4bf26,,,,,,,,,,,,,,,,,,,,,,,,,,,,,,,,,,,,,,,,,,,,,,,,,,,,,,,,,,,,8,Celebrities_Faces/008_01_greyscale_250.png,,,,,,,,,,,,,,,,,,,,,,,,,,,,,,,,,,,,,1.571238252,1384.4205,1385.9873,,,,,,,,TRUE,,FALSE,,,,,,,,,,,,1385.9877,1386.6868,q,0.6399,,81,79,2,1,1,familiar,,,FALSE,1386.6869,1386.6869,1386.6869,1386.6869,,80,0,80,0,1,,
,,,,,6a180af52203ae855b4dd11b,2026-05-28_10h34.18.813,WP1_3,03.02.2025,Win32,60.97560976,66e9b926c782e4f47a05ec7c,6a030b8ba3607712b5d4bf26,,,,,,,,,,,,,,,,,,,,,,,,,,,,,,,,,,,,,,,,,,,,,,,,,,,,,,,,,,,,27,stim_fam/027_rgray_250.png,,,,,,,,,,,,,,,,,,,,,,,,,,,,,,,,,,,,,1.774550134,1386.6871,1388.4538,,,,,,,,FALSE,,FALSE,,,,,,,,,,,,1388.4543,1389.2042,p,0.6796,,82,100,2,1,250,novel,,,FALSE,1389.2044,1389.2044,1389.2044,1389.2045,,81,0,81,0,1,,
,,,,,6a180af52203ae855b4dd11b,2026-05-28_10h34.18.813,WP1_3,03.02.2025,Win32,60.97560976,66e9b926c782e4f47a05ec7c,6a030b8ba3607712b5d4bf26,,,,,,,,,,,,,,,,,,,,,,,,,,,,,,,,,,,,,,,,,,,,,,,,,,,,,,,,,,,,16,Celebrities_Faces/016_03_greyscale_250.png,,,,,,,,,,,,,,,,,,,,,,,,,,,,,,,,,,,,,2.489758411,1389.2046,1391.6872,,,,,,,,TRUE,,FALSE,,,,,,,,,,,,1391.6877,1392.6034,p,0.8457,,83,63,2,1,3,familiar,,,FALSE,1392.6035,1392.6036,1392.6036,1392.6036,,82,0,82,0,1,,
,,,,,6a180af52203ae855b4dd11b,2026-05-28_10h34.18.813,WP1_3,03.02.2025,Win32,60.97560976,66e9b926c782e4f47a05ec7c,6a030b8ba3607712b5d4bf26,,,,,,,,,,,,,,,,,,,,,,,,,,,,,,,,,,,,,,,,,,,,,,,,,,,,,,,,,,,,97,stim_fam/097_rgray_250.png,,,,,,,,,,,,,,,,,,,,,,,,,,,,,,,,,,,,,2.320706713,1392.6038,1394.9208,,,,,,,,FALSE,,FALSE,,,,,,,,,,,,1394.9212,1395.6874,p,0.7063,,84,115,2,1,250,novel,,,FALSE,1395.6875,1395.6876,1395.6876,1395.6876,,83,0,83,0,1,,
,,,,,6a180af52203ae855b4dd11b,2026-05-28_10h34.18.813,WP1_3,03.02.2025,Win32,60.97560976,66e9b926c782e4f47a05ec7c,6a030b8ba3607712b5d4bf26,,,,,,,,,,,,,,,,,,,,,,,,,,,,,,,,,,,,,,,,,,,,,,,,,,,,,,,,,,,,17,Celebrities_Faces/017_03_greyscale_250.png,,,,,,,,,,,,,,,,,,,,,,,,,,,,,,,,,,,,,2.296672104,1395.6877,1397.9872,,,,,,,,TRUE,,FALSE,,,,,,,,,,,,1397.9875,1398.8368,p,0.7913,,85,86,2,1,3,familiar,,,FALSE,1398.8369,1398.8369,1398.8369,1398.8369,,84,0,84,0,1,,
,,,,,6a180af52203ae855b4dd11b,2026-05-28_10h34.18.813,WP1_3,03.02.2025,Win32,60.97560976,66e9b926c782e4f47a05ec7c,6a030b8ba3607712b5d4bf26,,,,,,,,,,,,,,,,,,,,,,,,,,,,,,,,,,,,,,,,,,,,,,,,,,,,,,,,,,,,56,Celebrities_Faces/056_02_greyscale_250.png,,,,,,,,,,,,,,,,,,,,,,,,,,,,,,,,,,,,,1.705505757,1398.837,1400.5366,,,,,,,,TRUE,,FALSE,,,,,,,,,,,,1400.537,1401.2372,p,0.6332,,86,68,2,1,2,familiar,,,FALSE,1401.2373,1401.2374,1401.2374,1401.2374,,85,0,85,0,1,,
,,,,,6a180af52203ae855b4dd11b,2026-05-28_10h34.18.813,WP1_3,03.02.2025,Win32,60.97560976,66e9b926c782e4f47a05ec7c,6a030b8ba3607712b5d4bf26,,,,,,,,,,,,,,,,,,,,,,,,,,,,,,,,,,,,,,,,,,,,,,,,,,,,,,,,,,,,2,Celebrities_Faces/002_03_greyscale_250.png,,,,,,,,,,,,,,,,,,,,,,,,,,,,,,,,,,,,,2.206078907,1401.2376,1403.4367,,,,,,,,TRUE,,FALSE,,,,,,,,,,,,1403.4371,1404.2369,q,0.7422,,87,70,2,1,3,familiar,,,FALSE,1404.2371,1404.2371,1404.2371,1404.2372,,86,0,86,0,1,,
,,,,,6a180af52203ae855b4dd11b,2026-05-28_10h34.18.813,WP1_3,03.02.2025,Win32,60.97560976,66e9b926c782e4f47a05ec7c,6a030b8ba3607712b5d4bf26,,,,,,,,,,,,,,,,,,,,,,,,,,,,,,,,,,,,,,,,,,,,,,,,,,,,,,,,,,,,4,stim_fam/004_rgray_250.png,,,,,,,,,,,,,,,,,,,,,,,,,,,,,,,,,,,,,2.442842253,1404.2374,1406.6708,,,,,,,,FALSE,,FALSE,,,,,,,,,,,,1406.6712,1407.5703,p,0.8344,,88,117,2,1,250,novel,,,FALSE,1407.5704,1407.5705,1407.5705,1407.5705,,87,0,87,0,1,,
,,,,,6a180af52203ae855b4dd11b,2026-05-28_10h34.18.813,WP1_3,03.02.2025,Win32,60.97560976,66e9b926c782e4f47a05ec7c,6a030b8ba3607712b5d4bf26,,,,,,,,,,,,,,,,,,,,,,,,,,,,,,,,,,,,,,,,,,,,,,,,,,,,,,,,,,,,52,Celebrities_Faces/052_02_greyscale_250.png,,,,,,,,,,,,,,,,,,,,,,,,,,,,,,,,,,,,,1.611119971,1407.5706,1409.1705,,,,,,,,TRUE,,FALSE,,,,,,,,,,,,1409.1709,1409.8706,p,0.6312,,89,88,2,1,2,familiar,,,FALSE,1409.8706,1409.8706,1409.8707,1409.8707,,88,0,88,0,1,,
,,,,,6a180af52203ae855b4dd11b,2026-05-28_10h34.18.813,WP1_3,03.02.2025,Win32,60.97560976,66e9b926c782e4f47a05ec7c,6a030b8ba3607712b5d4bf26,,,,,,,,,,,,,,,,,,,,,,,,,,,,,,,,,,,,,,,,,,,,,,,,,,,,,,,,,,,,42,Celebrities_Faces/042_01_greyscale_250.png,,,,,,,,,,,,,,,,,,,,,,,,,,,,,,,,,,,,,1.859860173,1409.8709,1411.7205,,,,,,,,TRUE,,FALSE,,,,,,,,,,,,1411.721,1412.5706,q,0.7765,,90,80,2,1,1,familiar,,,FALSE,1412.5707,1412.5708,1412.5708,1412.5709,,89,0,89,0,1,,
,,,,,6a180af52203ae855b4dd11b,2026-05-28_10h34.18.813,WP1_3,03.02.2025,Win32,60.97560976,66e9b926c782e4f47a05ec7c,6a030b8ba3607712b5d4bf26,,,,,,,,,,,,,,,,,,,,,,,,,,,,,,,,,,,,,,,,,,,,,,,,,,,,,,,,,,,,28,Celebrities_Faces/028_02_greyscale_250.png,,,,,,,,,,,,,,,,,,,,,,,,,,,,,,,,,,,,,2.312645383,1412.571,1414.8875,,,,,,,,TRUE,,FALSE,,,,,,,,,,,,1414.8881,1415.8369,q,0.8873,,91,66,2,1,2,familiar,,,FALSE,1415.8371,1415.8371,1415.8371,1415.8372,,90,0,90,0,1,,
,,,,,6a180af52203ae855b4dd11b,2026-05-28_10h34.18.813,WP1_3,03.02.2025,Win32,60.97560976,66e9b926c782e4f47a05ec7c,6a030b8ba3607712b5d4bf26,,,,,,,,,,,,,,,,,,,,,,,,,,,,,,,,,,,,,,,,,,,,,,,,,,,,,,,,,,,,19,stim_fam/019_rgray_250.png,,,,,,,,,,,,,,,,,,,,,,,,,,,,,,,,,,,,,2.341443611,1415.8373,1418.1703,,,,,,,,FALSE,,FALSE,,,,,,,,,,,,1418.1708,1418.9035,p,0.6576,,92,106,2,1,250,novel,,,FALSE,1418.9036,1418.9037,1418.9037,1418.9038,,91,0,91,0,1,,
,,,,,6a180af52203ae855b4dd11b,2026-05-28_10h34.18.813,WP1_3,03.02.2025,Win32,60.97560976,66e9b926c782e4f47a05ec7c,6a030b8ba3607712b5d4bf26,,,,,,,,,,,,,,,,,,,,,,,,,,,,,,,,,,,,,,,,,,,,,,,,,,,,,,,,,,,,24,stim_fam/024_rgray_250.png,,,,,,,,,,,,,,,,,,,,,,,,,,,,,,,,,,,,,1.950269924,1418.904,1420.8539,,,,,,,,FALSE,,FALSE,,,,,,,,,,,,1420.8543,1421.887,p,0.9585,,93,93,2,1,250,novel,,,FALSE,1421.887,1421.8871,1421.8872,1421.8872,,92,0,92,0,1,,
,,,,,6a180af52203ae855b4dd11b,2026-05-28_10h34.18.813,WP1_3,03.02.2025,Win32,60.97560976,66e9b926c782e4f47a05ec7c,6a030b8ba3607712b5d4bf26,,,,,,,,,,,,,,,,,,,,,,,,,,,,,,,,,,,,,,,,,,,,,,,,,,,,,,,,,,,,54,Celebrities_Faces/054_01_greyscale_250.png,,,,,,,,,,,,,,,,,,,,,,,,,,,,,,,,,,,,,1.768946227,1421.8874,1423.6539,,,,,,,,TRUE,,FALSE,,,,,,,,,,,,1423.6544,1424.4368,q,0.7194,,94,77,2,1,1,familiar,,,FALSE,1424.4369,1424.4369,1424.4369,1424.437,,93,0,93,0,1,,
,,,,,6a180af52203ae855b4dd11b,2026-05-28_10h34.18.813,WP1_3,03.02.2025,Win32,60.97560976,66e9b926c782e4f47a05ec7c,6a030b8ba3607712b5d4bf26,,,,,,,,,,,,,,,,,,,,,,,,,,,,,,,,,,,,,,,,,,,,,,,,,,,,,,,,,,,,24,Celebrities_Faces/024_03_greyscale_250.png,,,,,,,,,,,,,,,,,,,,,,,,,,,,,,,,,,,,,1.83548099,1424.4371,1426.2701,,,,,,,,TRUE,,FALSE,,,,,,,,,,,,1426.2705,1427.3206,q,0.984,,95,64,2,1,3,familiar,,,FALSE,1427.3207,1427.3207,1427.3207,1427.3207,,94,0,94,0,1,,
,,,,,6a180af52203ae855b4dd11b,2026-05-28_10h34.18.813,WP1_3,03.02.2025,Win32,60.97560976,66e9b926c782e4f47a05ec7c,6a030b8ba3607712b5d4bf26,,,,,,,,,,,,,,,,,,,,,,,,,,,,,,,,,,,,,,,,,,,,,,,,,,,,,,,,,,,,39,stim_fam/039_rgray_250.png,,,,,,,,,,,,,,,,,,,,,,,,,,,,,,,,,,,,,2.427859253,1427.3209,1429.7366,,,,,,,,FALSE,,FALSE,,,,,,,,,,,,1429.7369,1430.6866,p,0.8872,,96,102,2,1,250,novel,,,FALSE,1430.6867,1430.6867,1430.6867,1430.6867,,95,0,95,0,1,,
,,,,,6a180af52203ae855b4dd11b,2026-05-28_10h34.18.813,WP1_3,03.02.2025,Win32,60.97560976,66e9b926c782e4f47a05ec7c,6a030b8ba3607712b5d4bf26,,,,,,,,,,,,,,,,,,,,,,,,,,,,,,,,,,,,,,,,,,,,,,,,,,,,,,,,,,,,51,stim_fam/051_rgray_250.png,,,,,,,,,,,,,,,,,,,,,,,,,,,,,,,,,,,,,1.605939328,1430.6869,1432.2869,,,,,,,,FALSE,,TRUE,,,,,,,,,,,,1432.2874,1433.4041,,,,97,104,2,1,250,novel,,,FALSE,1433.4043,1434.4041,1434.4041,1434.4041,,96,0,96,0,1,,
,,,,,6a180af52203ae855b4dd11b,2026-05-28_10h34.18.813,WP1_3,03.02.2025,Win32,60.97560976,66e9b926c782e4f47a05ec7c,6a030b8ba3607712b5d4bf26,,,,,,,,,,,,,,,,,,,,,,,,,,,,,,,,,,,,,,,,,,,,,,,,,,,,,,,,,,,,36,Celebrities_Faces/036_02_greyscale_250.png,,,,,,,,,,,,,,,,,,,,,,,,,,,,,,,,,,,,,2.35981107,1434.4045,1436.754,,,,,,,,TRUE,,FALSE,,,,,,,,,,,,1436.7545,1437.4533,p,0.6368,,98,90,2,1,2,familiar,,,FALSE,1437.4533,1437.4534,1437.4534,1437.4534,,97,0,97,0,1,,
,,,,,6a180af52203ae855b4dd11b,2026-05-28_10h34.18.813,WP1_3,03.02.2025,Win32,60.97560976,66e9b926c782e4f47a05ec7c,6a030b8ba3607712b5d4bf26,,,,,,,,,,,,,,,,,,,,,,,,,,,,,,,,,,,,,,,,,,,,,,,,,,,,,,,,,,,,13,stim_fam/013_rgray_250.png,,,,,,,,,,,,,,,,,,,,,,,,,,,,,,,,,,,,,2.260889069,1437.4536,1439.7033,,,,,,,,FALSE,,FALSE,,,,,,,,,,,,1439.7037,1440.3701,p,0.5983,,99,92,2,1,250,novel,,,FALSE,1440.3701,1440.3702,1440.3703,1440.3703,,98,0,98,0,1,,
,,,,,6a180af52203ae855b4dd11b,2026-05-28_10h34.18.813,WP1_3,03.02.2025,Win32,60.97560976,66e9b926c782e4f47a05ec7c,6a030b8ba3607712b5d4bf26,,,,,,,,,,,,,,,,,,,,,,,,,,,,,,,,,,,,,,,,,,,,,,,,,,,,,,,,,,,,103,stim_fam/103_rgray_250.png,,,,,,,,,,,,,,,,,,,,,,,,,,,,,,,,,,,,,1.520750513,1440.3704,1441.8874,,,,,,,,FALSE,,FALSE,,,,,,,,,,,,1441.8879,1442.7035,p,0.7518,,100,112,2,1,250,novel,,,FALSE,1442.7035,1442.7035,1442.7036,1442.7036,,99,0,99,0,1,,
,,,,,6a180af52203ae855b4dd11b,2026-05-28_10h34.18.813,WP1_3,03.02.2025,Win32,60.97560976,66e9b926c782e4f47a05ec7c,6a030b8ba3607712b5d4bf26,,,,,,,,,,,,,,,,,,,,,,,,,,,,,,,,,,,,,,,,,,,,,,,,,,,,,,,,,,,,45,Celebrities_Faces/045_01_greyscale_250.png,,,,,,,,,,,,,,,,,,,,,,,,,,,,,,,,,,,,,1.988895272,1442.7038,1444.6875,,,,,,,,TRUE,,FALSE,,,,,,,,,,,,1444.6879,1445.4701,p,0.7097,,101,72,2,1,1,familiar,,,FALSE,1445.4702,1445.4703,1445.4703,1445.4703,,100,0,100,0,1,,
,,,,,6a180af52203ae855b4dd11b,2026-05-28_10h34.18.813,WP1_3,03.02.2025,Win32,60.97560976,66e9b926c782e4f47a05ec7c,6a030b8ba3607712b5d4bf26,,,,,,,,,,,,,,,,,,,,,,,,,,,,,,,,,,,,,,,,,,,,,,,,,,,,,,,,,,,,83,stim_fam/083_rgray_250.png,,,,,,,,,,,,,,,,,,,,,,,,,,,,,,,,,,,,,2.315935815,1445.4704,1447.7867,,,,,,,,FALSE,,FALSE,,,,,,,,,,,,1447.7871,1448.47,q,0.62,,102,94,2,1,250,novel,,,FALSE,1448.47,1448.4701,1448.4701,1448.4701,,101,0,101,0,1,,
,,,,,6a180af52203ae855b4dd11b,2026-05-28_10h34.18.813,WP1_3,03.02.2025,Win32,60.97560976,66e9b926c782e4f47a05ec7c,6a030b8ba3607712b5d4bf26,,,,,,,,,,,,,,,,,,,,,,,,,,,,,,,,,,,,,,,,,,,,,,,,,,,,,,,,,,,,63,stim_fam/063_rgray_250.png,,,,,,,,,,,,,,,,,,,,,,,,,,,,,,,,,,,,,2.383703418,1448.4703,1450.8533,,,,,,,,FALSE,,TRUE,,,,,,,,,,,,1450.8538,1451.9702,,,,103,110,2,1,250,novel,,,FALSE,1451.9704,1452.9708,1452.9708,1452.9708,,102,0,102,0,1,,
,,,,,6a180af52203ae855b4dd11b,2026-05-28_10h34.18.813,WP1_3,03.02.2025,Win32,60.97560976,66e9b926c782e4f47a05ec7c,6a030b8ba3607712b5d4bf26,,,,,,,,,,,,,,,,,,,,,,,,,,,,,,,,,,,,,,,,,,,,,,,,,,,,,,,,,,,,27,Celebrities_Faces/027_01_greyscale_250.png,,,,,,,,,,,,,,,,,,,,,,,,,,,,,,,,,,,,,1.532024505,1452.9711,1454.5039,,,,,,,,TRUE,,FALSE,,,,,,,,,,,,1454.5043,1455.3872,p,0.8111,,104,71,2,1,1,familiar,,,FALSE,1455.3873,1455.3873,1455.3873,1455.3875,,103,0,103,0,1,,
,,,,,6a180af52203ae855b4dd11b,2026-05-28_10h34.18.813,WP1_3,03.02.2025,Win32,60.97560976,66e9b926c782e4f47a05ec7c,6a030b8ba3607712b5d4bf26,,,,,,,,,,,,,,,,,,,,,,,,,,,,,,,,,,,,,,,,,,,,,,,,,,,,,,,,,,,,95,stim_fam/095_rgray_250.png,,,,,,,,,,,,,,,,,,,,,,,,,,,,,,,,,,,,,2.349616913,1455.3876,1457.7374,,,,,,,,FALSE,,FALSE,,,,,,,,,,,,1457.7378,1458.7541,q,0.9428,,105,108,2,1,250,novel,,,FALSE,1458.7542,1458.7542,1458.7543,1458.7543,,104,0,104,0,1,,
,,,,,6a180af52203ae855b4dd11b,2026-05-28_10h34.18.813,WP1_3,03.02.2025,Win32,60.97560976,66e9b926c782e4f47a05ec7c,6a030b8ba3607712b5d4bf26,,,,,,,,,,,,,,,,,,,,,,,,,,,,,,,,,,,,,,,,,,,,,,,,,,,,,,,,,,,,9,Celebrities_Faces/009_01_greyscale_250.png,,,,,,,,,,,,,,,,,,,,,,,,,,,,,,,,,,,,,1.781192701,1458.7544,1460.5372,,,,,,,,TRUE,,FALSE,,,,,,,,,,,,1460.5375,1461.5205,q,0.9123,,106,75,2,1,1,familiar,,,FALSE,1461.5207,1461.5207,1461.5207,1461.5208,,105,0,105,0,1,,
,,,,,6a180af52203ae855b4dd11b,2026-05-28_10h34.18.813,WP1_3,03.02.2025,Win32,60.97560976,66e9b926c782e4f47a05ec7c,6a030b8ba3607712b5d4bf26,,,,,,,,,,,,,,,,,,,,,,,,,,,,,,,,,,,,,,,,,,,,,,,,,,,,,,,,,,,,58,Celebrities_Faces/058_02_greyscale_250.png,,,,,,,,,,,,,,,,,,,,,,,,,,,,,,,,,,,,,1.63845369,1461.521,1463.1538,,,,,,,,TRUE,,FALSE,,,,,,,,,,,,1463.1542,1464.087,p,0.859,,107,76,2,1,2,familiar,,,FALSE,1464.0871,1464.0872,1464.0872,1464.0872,,106,0,106,0,1,,
,,,,,6a180af52203ae855b4dd11b,2026-05-28_10h34.18.813,WP1_3,03.02.2025,Win32,60.97560976,66e9b926c782e4f47a05ec7c,6a030b8ba3607712b5d4bf26,,,,,,,,,,,,,,,,,,,,,,,,,,,,,,,,,,,,,,,,,,,,,,,,,,,,,,,,,,,,99,stim_fam/099_rgray_250.png,,,,,,,,,,,,,,,,,,,,,,,,,,,,,,,,,,,,,1.919946991,1464.0873,1466.0033,,,,,,,,FALSE,,FALSE,,,,,,,,,,,,1466.0038,1466.9701,q,0.8976,,108,111,2,1,250,novel,,,FALSE,1466.9702,1466.9702,1466.9702,1466.9702,,107,0,107,0,1,,
,,,,,6a180af52203ae855b4dd11b,2026-05-28_10h34.18.813,WP1_3,03.02.2025,Win32,60.97560976,66e9b926c782e4f47a05ec7c,6a030b8ba3607712b5d4bf26,,,,,,,,,,,,,,,,,,,,,,,,,,,,,,,,,,,,,,,,,,,,,,,,,,,,,,,,,,,,62,stim_fam/062_rgray_250.png,,,,,,,,,,,,,,,,,,,,,,,,,,,,,,,,,,,,,1.612070956,1466.9703,1468.5707,,,,,,,,FALSE,,FALSE,,,,,,,,,,,,1468.571,1469.4201,p,0.7857,,109,116,2,1,250,novel,,,FALSE,1469.4203,1469.4203,1469.4203,1469.4203,,108,0,108,0,1,,
,,,,,6a180af52203ae855b4dd11b,2026-05-28_10h34.18.813,WP1_3,03.02.2025,Win32,60.97560976,66e9b926c782e4f47a05ec7c,6a030b8ba3607712b5d4bf26,,,,,,,,,,,,,,,,,,,,,,,,,,,,,,,,,,,,,,,,,,,,,,,,,,,,,,,,,,,,12,Celebrities_Faces/012_01_greyscale_250.png,,,,,,,,,,,,,,,,,,,,,,,,,,,,,,,,,,,,,1.60159201,1469.4204,1471.0203,,,,,,,,TRUE,,FALSE,,,,,,,,,,,,1471.0206,1471.9202,q,0.8225,,110,82,2,1,1,familiar,,,FALSE,1471.9203,1471.9203,1471.9203,1471.9203,,109,0,109,0,1,,
,,,,,6a180af52203ae855b4dd11b,2026-05-28_10h34.18.813,WP1_3,03.02.2025,Win32,60.97560976,66e9b926c782e4f47a05ec7c,6a030b8ba3607712b5d4bf26,,,,,,,,,,,,,,,,,,,,,,,,,,,,,,,,,,,,,,,,,,,,,,,,,,,,,,,,,,,,20,Celebrities_Faces/020_02_greyscale_250.png,,,,,,,,,,,,,,,,,,,,,,,,,,,,,,,,,,,,,2.183975735,1471.9206,1474.1034,,,,,,,,TRUE,,FALSE,,,,,,,,,,,,1474.1036,1475.1705,p,0.9888,,111,62,2,1,2,familiar,,,FALSE,1475.1706,1475.1706,1475.1706,1475.1706,,110,0,110,0,1,,
,,,,,6a180af52203ae855b4dd11b,2026-05-28_10h34.18.813,WP1_3,03.02.2025,Win32,60.97560976,66e9b926c782e4f47a05ec7c,6a030b8ba3607712b5d4bf26,,,,,,,,,,,,,,,,,,,,,,,,,,,,,,,,,,,,,,,,,,,,,,,,,,,,,,,,,,,,86,stim_fam/086_rgray_250.png,,,,,,,,,,,,,,,,,,,,,,,,,,,,,,,,,,,,,2.413608468,1475.1708,1477.5867,,,,,,,,FALSE,,FALSE,,,,,,,,,,,,1477.587,1478.4701,p,0.818,,112,103,2,1,250,novel,,,FALSE,1478.4702,1478.4702,1478.4702,1478.4703,,111,0,111,0,1,,
,,,,,6a180af52203ae855b4dd11b,2026-05-28_10h34.18.813,WP1_3,03.02.2025,Win32,60.97560976,66e9b926c782e4f47a05ec7c,6a030b8ba3607712b5d4bf26,,,,,,,,,,,,,,,,,,,,,,,,,,,,,,,,,,,,,,,,,,,,,,,,,,,,,,,,,,,,15,Celebrities_Faces/015_03_greyscale_250.png,,,,,,,,,,,,,,,,,,,,,,,,,,,,,,,,,,,,,2.471134453,1478.4705,1480.9374,,,,,,,,TRUE,,FALSE,,,,,,,,,,,,1480.9379,1481.9206,q,0.9135,,113,85,2,1,3,familiar,,,FALSE,1481.9207,1481.9207,1481.9207,1481.9207,,112,0,112,0,1,,
,,,,,6a180af52203ae855b4dd11b,2026-05-28_10h34.18.813,WP1_3,03.02.2025,Win32,60.97560976,66e9b926c782e4f47a05ec7c,6a030b8ba3607712b5d4bf26,,,,,,,,,,,,,,,,,,,,,,,,,,,,,,,,,,,,,,,,,,,,,,,,,,,,,,,,,,,,6,Celebrities_Faces/006_03_greyscale_250.png,,,,,,,,,,,,,,,,,,,,,,,,,,,,,,,,,,,,,1.554341197,1481.921,1483.4705,,,,,,,,TRUE,,FALSE,,,,,,,,,,,,1483.4709,1484.17,q,0.6285,,114,78,2,1,3,familiar,,,FALSE,1484.1701,1484.1702,1484.1702,1484.1702,,113,0,113,0,1,,
,,,,,6a180af52203ae855b4dd11b,2026-05-28_10h34.18.813,WP1_3,03.02.2025,Win32,60.97560976,66e9b926c782e4f47a05ec7c,6a030b8ba3607712b5d4bf26,,,,,,,,,,,,,,,,,,,,,,,,,,,,,,,,,,,,,,,,,,,,,,,,,,,,,,,,,,,,35,stim_fam/035_rgray_250.png,,,,,,,,,,,,,,,,,,,,,,,,,,,,,,,,,,,,,2.034233891,1484.1705,1486.204,,,,,,,,FALSE,,FALSE,,,,,,,,,,,,1486.2045,1486.9534,p,0.6788,,115,95,2,1,250,novel,,,FALSE,1486.9535,1486.9535,1486.9535,1486.9536,,114,0,114,0,1,,
,,,,,6a180af52203ae855b4dd11b,2026-05-28_10h34.18.813,WP1_3,03.02.2025,Win32,60.97560976,66e9b926c782e4f47a05ec7c,6a030b8ba3607712b5d4bf26,,,,,,,,,,,,,,,,,,,,,,,,,,,,,,,,,,,,,,,,,,,,,,,,,,,,,,,,,,,,16,stim_fam/016_rgray_250.png,,,,,,,,,,,,,,,,,,,,,,,,,,,,,,,,,,,,,2.315249545,1486.9538,1489.2707,,,,,,,,FALSE,,FALSE,,,,,,,,,,,,1489.271,1489.9533,p,0.6056,,116,113,2,1,250,novel,,,FALSE,1489.9534,1489.9534,1489.9534,1489.9535,,115,0,115,0,1,,
,,,,,6a180af52203ae855b4dd11b,2026-05-28_10h34.18.813,WP1_3,03.02.2025,Win32,60.97560976,66e9b926c782e4f47a05ec7c,6a030b8ba3607712b5d4bf26,,,,,,,,,,,,,,,,,,,,,,,,,,,,,,,,,,,,,,,,,,,,,,,,,,,,,,,,,,,,33,stim_fam/033_rgray_250.png,,,,,,,,,,,,,,,,,,,,,,,,,,,,,,,,,,,,,2.285001695,1489.9537,1492.2366,,,,,,,,FALSE,,FALSE,,,,,,,,,,,,1492.237,1492.9033,p,0.5897,,117,98,2,1,250,novel,,,FALSE,1492.9035,1492.9035,1492.9035,1492.9036,,116,0,116,0,1,,
,,,,,6a180af52203ae855b4dd11b,2026-05-28_10h34.18.813,WP1_3,03.02.2025,Win32,60.97560976,66e9b926c782e4f47a05ec7c,6a030b8ba3607712b5d4bf26,,,,,,,,,,,,,,,,,,,,,,,,,,,,,,,,,,,,,,,,,,,,,,,,,,,,,,,,,,,,31,Celebrities_Faces/031_01_greyscale_250.png,,,,,,,,,,,,,,,,,,,,,,,,,,,,,,,,,,,,,2.173283303,1492.9037,1495.0705,,,,,,,,TRUE,,FALSE,,,,,,,,,,,,1495.0709,1495.8202,p,0.6857,,118,61,2,1,1,familiar,,,FALSE,1495.8203,1495.8203,1495.8204,1495.8204,,117,0,117,0,1,,
,,,,,6a180af52203ae855b4dd11b,2026-05-28_10h34.18.813,WP1_3,03.02.2025,Win32,60.97560976,66e9b926c782e4f47a05ec7c,6a030b8ba3607712b5d4bf26,,,,,,,,,,,,,,,,,,,,,,,,,,,,,,,,,,,,,,,,,,,,,,,,,,,,,,,,,,,,89,stim_fam/089_rgray_250.png,,,,,,,,,,,,,,,,,,,,,,,,,,,,,,,,,,,,,2.060405174,1495.8205,1497.8708,,,,,,,,FALSE,,FALSE,,,,,,,,,,,,1497.8712,1498.62,q,0.6772,,119,119,2,1,250,novel,,,FALSE,1498.6201,1498.6201,1498.6201,1498.6203,,118,0,118,0,1,,
,,,,,6a180af52203ae855b4dd11b,2026-05-28_10h34.18.813,WP1_3,03.02.2025,Win32,60.97560976,66e9b926c782e4f47a05ec7c,6a030b8ba3607712b5d4bf26,,,,,,,,,,,,,,,,,,,,,,,,,,,,,,,,,,,,,,,,,,,,,,,,,,,,,,,,,,,,47,Celebrities_Faces/047_03_greyscale_250.png,,,,,,,,,,,,,,,,,,,,,,,,,,,,,,,,,,,,,2.369168507,1498.6205,1500.9874,,,,,,,,TRUE,,FALSE,,,,,,,,,,,,1500.9879,1502.0534,p,0.9926,,120,73,2,1,3,familiar,,,FALSE,1502.0535,1502.0535,1502.0535,1515.6366,space,119,0,119,0,1,13.5554,
,,,,,6a180af52203ae855b4dd11b,2026-05-28_10h34.18.813,WP1_3,03.02.2025,Win32,60.97560976,66e9b926c782e4f47a05ec7c,6a030b8ba3607712b5d4bf26,,,,,,,,,,,,,,,,,,,,,,,,,,,,,,,,,,,,,,,,,,,,,,,,,,,,,,,,,,,,24,Celebrities_Faces/024_02_greyscale_250.png,,,,,,,,,,,,,,,,,,,,,,,,,,,,,,,,,,,,,1.836570862,1515.6367,1517.47,,,,,,,,TRUE,,FALSE,,,,,,,,,,,,1517.4704,1518.254,q,0.7098,,121,124,3,1,2,familiar,,,FALSE,1518.2542,1518.2542,1518.2542,1518.2543,,120,0,120,0,1,,
,,,,,6a180af52203ae855b4dd11b,2026-05-28_10h34.18.813,WP1_3,03.02.2025,Win32,60.97560976,66e9b926c782e4f47a05ec7c,6a030b8ba3607712b5d4bf26,,,,,,,,,,,,,,,,,,,,,,,,,,,,,,,,,,,,,,,,,,,,,,,,,,,,,,,,,,,,5,stim_fam/005_rgray_250.png,,,,,,,,,,,,,,,,,,,,,,,,,,,,,,,,,,,,,1.642337037,1518.2546,1519.8871,,,,,,,,FALSE,,FALSE,,,,,,,,,,,,1519.8874,1520.6202,p,0.666,,122,168,3,1,250,novel,,,FALSE,1520.6202,1520.6203,1520.6203,1520.6204,,121,0,121,0,1,,
,,,,,6a180af52203ae855b4dd11b,2026-05-28_10h34.18.813,WP1_3,03.02.2025,Win32,60.97560976,66e9b926c782e4f47a05ec7c,6a030b8ba3607712b5d4bf26,,,,,,,,,,,,,,,,,,,,,,,,,,,,,,,,,,,,,,,,,,,,,,,,,,,,,,,,,,,,12,Celebrities_Faces/012_03_greyscale_250.png,,,,,,,,,,,,,,,,,,,,,,,,,,,,,,,,,,,,,2.174006034,1520.6205,1522.7873,,,,,,,,TRUE,,FALSE,,,,,,,,,,,,1522.7877,1523.57,p,0.7091,,123,142,3,1,3,familiar,,,FALSE,1523.57,1523.5702,1523.5702,1523.5702,,122,0,122,0,1,,
,,,,,6a180af52203ae855b4dd11b,2026-05-28_10h34.18.813,WP1_3,03.02.2025,Win32,60.97560976,66e9b926c782e4f47a05ec7c,6a030b8ba3607712b5d4bf26,,,,,,,,,,,,,,,,,,,,,,,,,,,,,,,,,,,,,,,,,,,,,,,,,,,,,,,,,,,,31,Celebrities_Faces/031_02_greyscale_250.png,,,,,,,,,,,,,,,,,,,,,,,,,,,,,,,,,,,,,1.928227708,1523.5704,1525.487,,,,,,,,TRUE,,FALSE,,,,,,,,,,,,1525.4874,1526.4366,q,0.8767,,124,121,3,1,2,familiar,,,FALSE,1526.4368,1526.4368,1526.4368,1526.437,,123,0,123,0,1,,
,,,,,6a180af52203ae855b4dd11b,2026-05-28_10h34.18.813,WP1_3,03.02.2025,Win32,60.97560976,66e9b926c782e4f47a05ec7c,6a030b8ba3607712b5d4bf26,,,,,,,,,,,,,,,,,,,,,,,,,,,,,,,,,,,,,,,,,,,,,,,,,,,,,,,,,,,,72,stim_fam/072_rgray_250.png,,,,,,,,,,,,,,,,,,,,,,,,,,,,,,,,,,,,,2.038109753,1526.4371,1528.4702,,,,,,,,FALSE,,TRUE,,,,,,,,,,,,1528.4707,1529.5874,,,,125,165,3,1,250,novel,,,FALSE,1529.5876,1530.5872,1530.5872,1530.5872,,124,0,124,0,1,,
,,,,,6a180af52203ae855b4dd11b,2026-05-28_10h34.18.813,WP1_3,03.02.2025,Win32,60.97560976,66e9b926c782e4f47a05ec7c,6a030b8ba3607712b5d4bf26,,,,,,,,,,,,,,,,,,,,,,,,,,,,,,,,,,,,,,,,,,,,,,,,,,,,,,,,,,,,11,stim_fam/011_rgray_250.png,,,,,,,,,,,,,,,,,,,,,,,,,,,,,,,,,,,,,2.058969684,1530.5874,1532.6365,,,,,,,,FALSE,,FALSE,,,,,,,,,,,,1532.6371,1533.4034,p,0.7011,,126,169,3,1,250,novel,,,FALSE,1533.4035,1533.4035,1533.4035,1533.4036,,125,0,125,0,1,,
,,,,,6a180af52203ae855b4dd11b,2026-05-28_10h34.18.813,WP1_3,03.02.2025,Win32,60.97560976,66e9b926c782e4f47a05ec7c,6a030b8ba3607712b5d4bf26,,,,,,,,,,,,,,,,,,,,,,,,,,,,,,,,,,,,,,,,,,,,,,,,,,,,,,,,,,,,45,Celebrities_Faces/045_03_greyscale_250.png,,,,,,,,,,,,,,,,,,,,,,,,,,,,,,,,,,,,,1.734233278,1533.4037,1535.1366,,,,,,,,TRUE,,FALSE,,,,,,,,,,,,1535.137,1536.1038,q,0.8865,,127,132,3,1,3,familiar,,,FALSE,1536.1039,1536.1039,1536.1039,1536.104,,126,0,126,0,1,,
,,,,,6a180af52203ae855b4dd11b,2026-05-28_10h34.18.813,WP1_3,03.02.2025,Win32,60.97560976,66e9b926c782e4f47a05ec7c,6a030b8ba3607712b5d4bf26,,,,,,,,,,,,,,,,,,,,,,,,,,,,,,,,,,,,,,,,,,,,,,,,,,,,,,,,,,,,80,stim_fam/080_rgray_250.png,,,,,,,,,,,,,,,,,,,,,,,,,,,,,,,,,,,,,2.48822733,1536.1042,1538.5869,,,,,,,,FALSE,,FALSE,,,,,,,,,,,,1538.5874,1539.4366,p,0.7576,,128,173,3,1,250,novel,,,FALSE,1539.4368,1539.4368,1539.4368,1539.4369,,127,0,127,0,1,,
,,,,,6a180af52203ae855b4dd11b,2026-05-28_10h34.18.813,WP1_3,03.02.2025,Win32,60.97560976,66e9b926c782e4f47a05ec7c,6a030b8ba3607712b5d4bf26,,,,,,,,,,,,,,,,,,,,,,,,,,,,,,,,,,,,,,,,,,,,,,,,,,,,,,,,,,,,47,Celebrities_Faces/047_02_greyscale_250.png,,,,,,,,,,,,,,,,,,,,,,,,,,,,,,,,,,,,,1.588999232,1539.437,1541.0206,,,,,,,,TRUE,,FALSE,,,,,,,,,,,,1541.021,1541.8034,q,0.7116,,129,133,3,1,2,familiar,,,FALSE,1541.8035,1541.8035,1541.8035,1541.8036,,128,0,128,0,1,,
,,,,,6a180af52203ae855b4dd11b,2026-05-28_10h34.18.813,WP1_3,03.02.2025,Win32,60.97560976,66e9b926c782e4f47a05ec7c,6a030b8ba3607712b5d4bf26,,,,,,,,,,,,,,,,,,,,,,,,,,,,,,,,,,,,,,,,,,,,,,,,,,,,,,,,,,,,59,Celebrities_Faces/059_02_greyscale_250.png,,,,,,,,,,,,,,,,,,,,,,,,,,,,,,,,,,,,,1.901060007,1541.8038,1543.7034,,,,,,,,TRUE,,FALSE,,,,,,,,,,,,1543.7039,1544.4535,q,0.674,,130,141,3,1,2,familiar,,,FALSE,1544.4536,1544.4536,1544.4536,1544.4537,,129,0,129,0,1,,
,,,,,6a180af52203ae855b4dd11b,2026-05-28_10h34.18.813,WP1_3,03.02.2025,Win32,60.97560976,66e9b926c782e4f47a05ec7c,6a030b8ba3607712b5d4bf26,,,,,,,,,,,,,,,,,,,,,,,,,,,,,,,,,,,,,,,,,,,,,,,,,,,,,,,,,,,,7,Celebrities_Faces/007_01_greyscale_250.png,,,,,,,,,,,,,,,,,,,,,,,,,,,,,,,,,,,,,2.385557895,1544.4539,1546.8372,,,,,,,,TRUE,,FALSE,,,,,,,,,,,,1546.8376,1547.9369,q,1.0225,,131,149,3,1,1,familiar,,,FALSE,1547.9371,1547.9371,1547.9371,1547.9371,,130,0,130,0,1,,
,,,,,6a180af52203ae855b4dd11b,2026-05-28_10h34.18.813,WP1_3,03.02.2025,Win32,60.97560976,66e9b926c782e4f47a05ec7c,6a030b8ba3607712b5d4bf26,,,,,,,,,,,,,,,,,,,,,,,,,,,,,,,,,,,,,,,,,,,,,,,,,,,,,,,,,,,,12,stim_fam/012_rgray_250.png,,,,,,,,,,,,,,,,,,,,,,,,,,,,,,,,,,,,,2.051149837,1547.9373,1549.9873,,,,,,,,FALSE,,FALSE,,,,,,,,,,,,1549.9878,1550.8033,p,0.7508,,132,174,3,1,250,novel,,,FALSE,1550.8034,1550.8035,1550.8035,1550.8035,,131,0,131,0,1,,
,,,,,6a180af52203ae855b4dd11b,2026-05-28_10h34.18.813,WP1_3,03.02.2025,Win32,60.97560976,66e9b926c782e4f47a05ec7c,6a030b8ba3607712b5d4bf26,,,,,,,,,,,,,,,,,,,,,,,,,,,,,,,,,,,,,,,,,,,,,,,,,,,,,,,,,,,,76,stim_fam/076_rgray_250.png,,,,,,,,,,,,,,,,,,,,,,,,,,,,,,,,,,,,,1.694416571,1550.8037,1552.4873,,,,,,,,FALSE,,FALSE,,,,,,,,,,,,1552.4877,1553.2701,p,0.7225,,133,171,3,1,250,novel,,,FALSE,1553.2701,1553.2702,1553.2702,1553.2702,,132,0,132,0,1,,
,,,,,6a180af52203ae855b4dd11b,2026-05-28_10h34.18.813,WP1_3,03.02.2025,Win32,60.97560976,66e9b926c782e4f47a05ec7c,6a030b8ba3607712b5d4bf26,,,,,,,,,,,,,,,,,,,,,,,,,,,,,,,,,,,,,,,,,,,,,,,,,,,,,,,,,,,,10,Celebrities_Faces/010_02_greyscale_250.png,,,,,,,,,,,,,,,,,,,,,,,,,,,,,,,,,,,,,2.1752665,1553.2704,1555.4365,,,,,,,,TRUE,,FALSE,,,,,,,,,,,,1555.4369,1556.2865,q,0.7899,,134,127,3,1,2,familiar,,,FALSE,1556.2866,1556.2866,1556.2866,1556.2867,,133,0,133,0,1,,
,,,,,6a180af52203ae855b4dd11b,2026-05-28_10h34.18.813,WP1_3,03.02.2025,Win32,60.97560976,66e9b926c782e4f47a05ec7c,6a030b8ba3607712b5d4bf26,,,,,,,,,,,,,,,,,,,,,,,,,,,,,,,,,,,,,,,,,,,,,,,,,,,,,,,,,,,,46,Celebrities_Faces/046_03_greyscale_250.png,,,,,,,,,,,,,,,,,,,,,,,,,,,,,,,,,,,,,2.365451084,1556.2869,1558.654,,,,,,,,TRUE,,FALSE,,,,,,,,,,,,1558.6544,1559.5033,p,0.7794,,135,129,3,1,3,familiar,,,FALSE,1559.5034,1559.5034,1559.5034,1559.5035,,134,0,134,0,1,,
,,,,,6a180af52203ae855b4dd11b,2026-05-28_10h34.18.813,WP1_3,03.02.2025,Win32,60.97560976,66e9b926c782e4f47a05ec7c,6a030b8ba3607712b5d4bf26,,,,,,,,,,,,,,,,,,,,,,,,,,,,,,,,,,,,,,,,,,,,,,,,,,,,,,,,,,,,25,Celebrities_Faces/025_02_greyscale_250.png,,,,,,,,,,,,,,,,,,,,,,,,,,,,,,,,,,,,,2.166391795,1559.5037,1561.6699,,,,,,,,TRUE,,FALSE,,,,,,,,,,,,1561.6703,1562.42,q,0.6694,,136,134,3,1,2,familiar,,,FALSE,1562.4201,1562.4201,1562.4202,1562.4203,,135,0,135,0,1,,
,,,,,6a180af52203ae855b4dd11b,2026-05-28_10h34.18.813,WP1_3,03.02.2025,Win32,60.97560976,66e9b926c782e4f47a05ec7c,6a030b8ba3607712b5d4bf26,,,,,,,,,,,,,,,,,,,,,,,,,,,,,,,,,,,,,,,,,,,,,,,,,,,,,,,,,,,,29,stim_fam/029_rgray_250.png,,,,,,,,,,,,,,,,,,,,,,,,,,,,,,,,,,,,,2.387538566,1562.4205,1564.8038,,,,,,,,FALSE,,FALSE,,,,,,,,,,,,1564.8041,1565.5533,p,0.6741,,137,155,3,1,250,novel,,,FALSE,1565.5534,1565.5535,1565.5535,1565.5535,,136,0,136,0,1,,
,,,,,6a180af52203ae855b4dd11b,2026-05-28_10h34.18.813,WP1_3,03.02.2025,Win32,60.97560976,66e9b926c782e4f47a05ec7c,6a030b8ba3607712b5d4bf26,,,,,,,,,,,,,,,,,,,,,,,,,,,,,,,,,,,,,,,,,,,,,,,,,,,,,,,,,,,,1,stim_fam/001_rgray_250.png,,,,,,,,,,,,,,,,,,,,,,,,,,,,,,,,,,,,,2.194828336,1565.5537,1567.7372,,,,,,,,FALSE,,FALSE,,,,,,,,,,,,1567.7375,1568.5201,p,0.7137,,138,158,3,1,250,novel,,,FALSE,1568.5201,1568.5202,1568.5202,1568.5203,,137,0,137,0,1,,
,,,,,6a180af52203ae855b4dd11b,2026-05-28_10h34.18.813,WP1_3,03.02.2025,Win32,60.97560976,66e9b926c782e4f47a05ec7c,6a030b8ba3607712b5d4bf26,,,,,,,,,,,,,,,,,,,,,,,,,,,,,,,,,,,,,,,,,,,,,,,,,,,,,,,,,,,,28,stim_fam/028_rgray_250.png,,,,,,,,,,,,,,,,,,,,,,,,,,,,,,,,,,,,,1.937757806,1568.5205,1570.4542,,,,,,,,FALSE,,FALSE,,,,,,,,,,,,1570.4547,1571.2037,p,0.6857,,139,162,3,1,250,novel,,,FALSE,1571.2038,1571.2038,1571.2039,1571.2039,,138,0,138,0,1,,
,,,,,6a180af52203ae855b4dd11b,2026-05-28_10h34.18.813,WP1_3,03.02.2025,Win32,60.97560976,66e9b926c782e4f47a05ec7c,6a030b8ba3607712b5d4bf26,,,,,,,,,,,,,,,,,,,,,,,,,,,,,,,,,,,,,,,,,,,,,,,,,,,,,,,,,,,,2,Celebrities_Faces/002_01_greyscale_250.png,,,,,,,,,,,,,,,,,,,,,,,,,,,,,,,,,,,,,1.865592975,1571.2041,1573.0701,,,,,,,,TRUE,,FALSE,,,,,,,,,,,,1573.0705,1573.8371,q,0.7009,,140,130,3,1,1,familiar,,,FALSE,1573.8372,1573.8372,1573.8372,1573.8374,,139,0,139,0,1,,
,,,,,6a180af52203ae855b4dd11b,2026-05-28_10h34.18.813,WP1_3,03.02.2025,Win32,60.97560976,66e9b926c782e4f47a05ec7c,6a030b8ba3607712b5d4bf26,,,,,,,,,,,,,,,,,,,,,,,,,,,,,,,,,,,,,,,,,,,,,,,,,,,,,,,,,,,,10,stim_fam/010_rgray_250.png,,,,,,,,,,,,,,,,,,,,,,,,,,,,,,,,,,,,,2.110263355,1573.8376,1575.9368,,,,,,,,FALSE,,FALSE,,,,,,,,,,,,1575.9372,1576.6538,p,0.642,,141,172,3,1,250,novel,,,FALSE,1576.6538,1576.6538,1576.6538,1576.6538,,140,0,140,0,1,,
,,,,,6a180af52203ae855b4dd11b,2026-05-28_10h34.18.813,WP1_3,03.02.2025,Win32,60.97560976,66e9b926c782e4f47a05ec7c,6a030b8ba3607712b5d4bf26,,,,,,,,,,,,,,,,,,,,,,,,,,,,,,,,,,,,,,,,,,,,,,,,,,,,,,,,,,,,56,Celebrities_Faces/056_01_greyscale_250.png,,,,,,,,,,,,,,,,,,,,,,,,,,,,,,,,,,,,,2.097958131,1576.654,1578.7541,,,,,,,,TRUE,,FALSE,,,,,,,,,,,,1578.7546,1579.6868,p,0.8559,,142,128,3,1,1,familiar,,,FALSE,1579.6869,1579.6869,1579.6869,1579.6869,,141,0,141,0,1,,
,,,,,6a180af52203ae855b4dd11b,2026-05-28_10h34.18.813,WP1_3,03.02.2025,Win32,60.97560976,66e9b926c782e4f47a05ec7c,6a030b8ba3607712b5d4bf26,,,,,,,,,,,,,,,,,,,,,,,,,,,,,,,,,,,,,,,,,,,,,,,,,,,,,,,,,,,,53,stim_fam/053_rgray_250.png,,,,,,,,,,,,,,,,,,,,,,,,,,,,,,,,,,,,,1.935732314,1579.6872,1581.6201,,,,,,,,FALSE,,FALSE,,,,,,,,,,,,1581.6205,1582.4874,p,0.7965,,143,175,3,1,250,novel,,,FALSE,1582.4874,1582.4875,1582.4876,1582.4876,,142,0,142,0,1,,
,,,,,6a180af52203ae855b4dd11b,2026-05-28_10h34.18.813,WP1_3,03.02.2025,Win32,60.97560976,66e9b926c782e4f47a05ec7c,6a030b8ba3607712b5d4bf26,,,,,,,,,,,,,,,,,,,,,,,,,,,,,,,,,,,,,,,,,,,,,,,,,,,,,,,,,,,,45,stim_fam/045_rgray_250.png,,,,,,,,,,,,,,,,,,,,,,,,,,,,,,,,,,,,,2.282736084,1582.4877,1584.7701,,,,,,,,FALSE,,FALSE,,,,,,,,,,,,1584.7705,1585.4199,p,0.5842,,144,160,3,1,250,novel,,,FALSE,1585.42,1585.42,1585.42,1585.42,,143,0,143,0,1,,
,,,,,6a180af52203ae855b4dd11b,2026-05-28_10h34.18.813,WP1_3,03.02.2025,Win32,60.97560976,66e9b926c782e4f47a05ec7c,6a030b8ba3607712b5d4bf26,,,,,,,,,,,,,,,,,,,,,,,,,,,,,,,,,,,,,,,,,,,,,,,,,,,,,,,,,,,,54,stim_fam/054_rgray_250.png,,,,,,,,,,,,,,,,,,,,,,,,,,,,,,,,,,,,,1.702260272,1585.4202,1587.12,,,,,,,,FALSE,,FALSE,,,,,,,,,,,,1587.1204,1588.1866,p,0.9964,,145,152,3,1,250,novel,,,FALSE,1588.1867,1588.1867,1588.1868,1588.1868,,144,0,144,0,1,,
,,,,,6a180af52203ae855b4dd11b,2026-05-28_10h34.18.813,WP1_3,03.02.2025,Win32,60.97560976,66e9b926c782e4f47a05ec7c,6a030b8ba3607712b5d4bf26,,,,,,,,,,,,,,,,,,,,,,,,,,,,,,,,,,,,,,,,,,,,,,,,,,,,,,,,,,,,81,stim_fam/081_rgray_250.png,,,,,,,,,,,,,,,,,,,,,,,,,,,,,,,,,,,,,2.010079991,1588.1869,1590.1865,,,,,,,,FALSE,,FALSE,,,,,,,,,,,,1590.1869,1591.1371,p,0.8815,,146,164,3,1,250,novel,,,FALSE,1591.1372,1591.1372,1591.1372,1591.1373,,145,0,145,0,1,,
,,,,,6a180af52203ae855b4dd11b,2026-05-28_10h34.18.813,WP1_3,03.02.2025,Win32,60.97560976,66e9b926c782e4f47a05ec7c,6a030b8ba3607712b5d4bf26,,,,,,,,,,,,,,,,,,,,,,,,,,,,,,,,,,,,,,,,,,,,,,,,,,,,,,,,,,,,28,Celebrities_Faces/028_03_greyscale_250.png,,,,,,,,,,,,,,,,,,,,,,,,,,,,,,,,,,,,,2.081629013,1591.1375,1593.2201,,,,,,,,TRUE,,FALSE,,,,,,,,,,,,1593.2204,1594.0039,q,0.7134,,147,126,3,1,3,familiar,,,FALSE,1594.0039,1594.004,1594.004,1594.004,,146,0,146,0,1,,
,,,,,6a180af52203ae855b4dd11b,2026-05-28_10h34.18.813,WP1_3,03.02.2025,Win32,60.97560976,66e9b926c782e4f47a05ec7c,6a030b8ba3607712b5d4bf26,,,,,,,,,,,,,,,,,,,,,,,,,,,,,,,,,,,,,,,,,,,,,,,,,,,,,,,,,,,,59,stim_fam/059_rgray_250.png,,,,,,,,,,,,,,,,,,,,,,,,,,,,,,,,,,,,,2.223642129,1594.0043,1596.2199,,,,,,,,FALSE,,FALSE,,,,,,,,,,,,1596.2201,1596.9874,p,0.6994,,148,167,3,1,250,novel,,,FALSE,1596.9875,1596.9875,1596.9875,1596.9876,,147,0,147,0,1,,
,,,,,6a180af52203ae855b4dd11b,2026-05-28_10h34.18.813,WP1_3,03.02.2025,Win32,60.97560976,66e9b926c782e4f47a05ec7c,6a030b8ba3607712b5d4bf26,,,,,,,,,,,,,,,,,,,,,,,,,,,,,,,,,,,,,,,,,,,,,,,,,,,,,,,,,,,,21,stim_fam/021_rgray_250.png,,,,,,,,,,,,,,,,,,,,,,,,,,,,,,,,,,,,,1.507114007,1596.9877,1598.4876,,,,,,,,FALSE,,FALSE,,,,,,,,,,,,1598.4879,1599.22,p,0.6748,,149,177,3,1,250,novel,,,FALSE,1599.22,1599.22,1599.22,1599.22,,148,0,148,0,1,,
,,,,,6a180af52203ae855b4dd11b,2026-05-28_10h34.18.813,WP1_3,03.02.2025,Win32,60.97560976,66e9b926c782e4f47a05ec7c,6a030b8ba3607712b5d4bf26,,,,,,,,,,,,,,,,,,,,,,,,,,,,,,,,,,,,,,,,,,,,,,,,,,,,,,,,,,,,30,Celebrities_Faces/030_01_greyscale_250.png,,,,,,,,,,,,,,,,,,,,,,,,,,,,,,,,,,,,,1.636547228,1599.2202,1600.8532,,,,,,,,TRUE,,FALSE,,,,,,,,,,,,1600.8534,1601.6033,q,0.6849,,150,147,3,1,1,familiar,,,FALSE,1601.6034,1601.6034,1601.6034,1601.6034,,149,0,149,0,1,,
,,,,,6a180af52203ae855b4dd11b,2026-05-28_10h34.18.813,WP1_3,03.02.2025,Win32,60.97560976,66e9b926c782e4f47a05ec7c,6a030b8ba3607712b5d4bf26,,,,,,,,,,,,,,,,,,,,,,,,,,,,,,,,,,,,,,,,,,,,,,,,,,,,,,,,,,,,15,Celebrities_Faces/015_02_greyscale_250.png,,,,,,,,,,,,,,,,,,,,,,,,,,,,,,,,,,,,,1.968166638,1601.6036,1603.5704,,,,,,,,TRUE,,FALSE,,,,,,,,,,,,1603.5708,1604.3035,p,0.6593,,151,145,3,1,2,familiar,,,FALSE,1604.3036,1604.3036,1604.3036,1604.3037,,150,0,150,0,1,,
,,,,,6a180af52203ae855b4dd11b,2026-05-28_10h34.18.813,WP1_3,03.02.2025,Win32,60.97560976,66e9b926c782e4f47a05ec7c,6a030b8ba3607712b5d4bf26,,,,,,,,,,,,,,,,,,,,,,,,,,,,,,,,,,,,,,,,,,,,,,,,,,,,,,,,,,,,16,Celebrities_Faces/016_01_greyscale_250.png,,,,,,,,,,,,,,,,,,,,,,,,,,,,,,,,,,,,,2.325947822,1604.3039,1606.62,,,,,,,,TRUE,,TRUE,,,,,,,,,,,,1606.6204,1607.7368,,,,152,123,3,1,1,familiar,,,FALSE,1607.7369,1608.7375,1608.7375,1608.7376,,151,0,151,0,1,,
,,,,,6a180af52203ae855b4dd11b,2026-05-28_10h34.18.813,WP1_3,03.02.2025,Win32,60.97560976,66e9b926c782e4f47a05ec7c,6a030b8ba3607712b5d4bf26,,,,,,,,,,,,,,,,,,,,,,,,,,,,,,,,,,,,,,,,,,,,,,,,,,,,,,,,,,,,46,stim_fam/046_rgray_250.png,,,,,,,,,,,,,,,,,,,,,,,,,,,,,,,,,,,,,2.050591789,1608.7378,1610.7874,,,,,,,,FALSE,,FALSE,,,,,,,,,,,,1610.7879,1611.504,q,0.6456,,153,178,3,1,250,novel,,,FALSE,1611.5042,1611.5042,1611.5042,1611.5042,,152,0,152,0,1,,
,,,,,6a180af52203ae855b4dd11b,2026-05-28_10h34.18.813,WP1_3,03.02.2025,Win32,60.97560976,66e9b926c782e4f47a05ec7c,6a030b8ba3607712b5d4bf26,,,,,,,,,,,,,,,,,,,,,,,,,,,,,,,,,,,,,,,,,,,,,,,,,,,,,,,,,,,,42,stim_fam/042_rgray_250.png,,,,,,,,,,,,,,,,,,,,,,,,,,,,,,,,,,,,,2.259063239,1611.5045,1613.7538,,,,,,,,FALSE,,FALSE,,,,,,,,,,,,1613.7542,1614.4033,p,0.5795,,154,151,3,1,250,novel,,,FALSE,1614.4034,1614.4034,1614.4034,1614.4035,,153,0,153,0,1,,
,,,,,6a180af52203ae855b4dd11b,2026-05-28_10h34.18.813,WP1_3,03.02.2025,Win32,60.97560976,66e9b926c782e4f47a05ec7c,6a030b8ba3607712b5d4bf26,,,,,,,,,,,,,,,,,,,,,,,,,,,,,,,,,,,,,,,,,,,,,,,,,,,,,,,,,,,,52,Celebrities_Faces/052_03_greyscale_250.png,,,,,,,,,,,,,,,,,,,,,,,,,,,,,,,,,,,,,2.497848772,1614.4037,1616.9041,,,,,,,,TRUE,,FALSE,,,,,,,,,,,,1616.9046,1617.5533,p,0.5782,,155,148,3,1,3,familiar,,,FALSE,1617.5534,1617.5535,1617.5535,1617.5536,,154,0,154,0,1,,
,,,,,6a180af52203ae855b4dd11b,2026-05-28_10h34.18.813,WP1_3,03.02.2025,Win32,60.97560976,66e9b926c782e4f47a05ec7c,6a030b8ba3607712b5d4bf26,,,,,,,,,,,,,,,,,,,,,,,,,,,,,,,,,,,,,,,,,,,,,,,,,,,,,,,,,,,,8,Celebrities_Faces/008_02_greyscale_250.png,,,,,,,,,,,,,,,,,,,,,,,,,,,,,,,,,,,,,1.674566397,1617.5537,1619.2204,,,,,,,,TRUE,,FALSE,,,,,,,,,,,,1619.2208,1619.8372,q,0.55,,156,139,3,1,2,familiar,,,FALSE,1619.8373,1619.8373,1619.8373,1619.8374,,155,0,155,0,1,,
,,,,,6a180af52203ae855b4dd11b,2026-05-28_10h34.18.813,WP1_3,03.02.2025,Win32,60.97560976,66e9b926c782e4f47a05ec7c,6a030b8ba3607712b5d4bf26,,,,,,,,,,,,,,,,,,,,,,,,,,,,,,,,,,,,,,,,,,,,,,,,,,,,,,,,,,,,85,stim_fam/085_rgray_250.png,,,,,,,,,,,,,,,,,,,,,,,,,,,,,,,,,,,,,2.095399632,1619.8375,1621.9366,,,,,,,,FALSE,,FALSE,,,,,,,,,,,,1621.937,1622.8201,p,0.7973,,157,153,3,1,250,novel,,,FALSE,1622.8201,1622.8202,1622.8202,1622.8202,,156,0,156,0,1,,
,,,,,6a180af52203ae855b4dd11b,2026-05-28_10h34.18.813,WP1_3,03.02.2025,Win32,60.97560976,66e9b926c782e4f47a05ec7c,6a030b8ba3607712b5d4bf26,,,,,,,,,,,,,,,,,,,,,,,,,,,,,,,,,,,,,,,,,,,,,,,,,,,,,,,,,,,,6,Celebrities_Faces/006_01_greyscale_250.png,,,,,,,,,,,,,,,,,,,,,,,,,,,,,,,,,,,,,1.785071479,1622.8206,1624.604,,,,,,,,TRUE,,FALSE,,,,,,,,,,,,1624.6044,1625.3032,q,0.6384,,158,138,3,1,1,familiar,,,FALSE,1625.3033,1625.3034,1625.3034,1625.3035,,157,0,157,0,1,,
,,,,,6a180af52203ae855b4dd11b,2026-05-28_10h34.18.813,WP1_3,03.02.2025,Win32,60.97560976,66e9b926c782e4f47a05ec7c,6a030b8ba3607712b5d4bf26,,,,,,,,,,,,,,,,,,,,,,,,,,,,,,,,,,,,,,,,,,,,,,,,,,,,,,,,,,,,42,Celebrities_Faces/042_03_greyscale_250.png,,,,,,,,,,,,,,,,,,,,,,,,,,,,,,,,,,,,,2.427015095,1625.3037,1627.7208,,,,,,,,TRUE,,FALSE,,,,,,,,,,,,1627.7212,1628.3876,p,0.6017,,159,140,3,1,3,familiar,,,FALSE,1628.3876,1628.3877,1628.3877,1628.3877,,158,0,158,0,1,,
,,,,,6a180af52203ae855b4dd11b,2026-05-28_10h34.18.813,WP1_3,03.02.2025,Win32,60.97560976,66e9b926c782e4f47a05ec7c,6a030b8ba3607712b5d4bf26,,,,,,,,,,,,,,,,,,,,,,,,,,,,,,,,,,,,,,,,,,,,,,,,,,,,,,,,,,,,58,Celebrities_Faces/058_03_greyscale_250.png,,,,,,,,,,,,,,,,,,,,,,,,,,,,,,,,,,,,,2.127030241,1628.3878,1630.5034,,,,,,,,TRUE,,FALSE,,,,,,,,,,,,1630.5039,1631.2199,p,0.6417,,160,136,3,1,3,familiar,,,FALSE,1631.22,1631.22,1631.22,1631.22,,159,0,159,0,1,,
,,,,,6a180af52203ae855b4dd11b,2026-05-28_10h34.18.813,WP1_3,03.02.2025,Win32,60.97560976,66e9b926c782e4f47a05ec7c,6a030b8ba3607712b5d4bf26,,,,,,,,,,,,,,,,,,,,,,,,,,,,,,,,,,,,,,,,,,,,,,,,,,,,,,,,,,,,25,stim_fam/025_rgray_250.png,,,,,,,,,,,,,,,,,,,,,,,,,,,,,,,,,,,,,2.103460174,1631.2202,1633.3201,,,,,,,,FALSE,,FALSE,,,,,,,,,,,,1633.3205,1634.2876,p,0.8965,,161,170,3,1,250,novel,,,FALSE,1634.2877,1634.2877,1634.2878,1634.2878,,160,0,160,0,1,,
,,,,,6a180af52203ae855b4dd11b,2026-05-28_10h34.18.813,WP1_3,03.02.2025,Win32,60.97560976,66e9b926c782e4f47a05ec7c,6a030b8ba3607712b5d4bf26,,,,,,,,,,,,,,,,,,,,,,,,,,,,,,,,,,,,,,,,,,,,,,,,,,,,,,,,,,,,68,stim_fam/068_rgray_250.png,,,,,,,,,,,,,,,,,,,,,,,,,,,,,,,,,,,,,1.688937049,1634.2879,1635.9706,,,,,,,,FALSE,,FALSE,,,,,,,,,,,,1635.9711,1636.9532,q,0.9125,,162,154,3,1,250,novel,,,FALSE,1636.9532,1636.9533,1636.9533,1636.9533,,161,0,161,0,1,,
,,,,,6a180af52203ae855b4dd11b,2026-05-28_10h34.18.813,WP1_3,03.02.2025,Win32,60.97560976,66e9b926c782e4f47a05ec7c,6a030b8ba3607712b5d4bf26,,,,,,,,,,,,,,,,,,,,,,,,,,,,,,,,,,,,,,,,,,,,,,,,,,,,,,,,,,,,48,stim_fam/048_rgray_250.png,,,,,,,,,,,,,,,,,,,,,,,,,,,,,,,,,,,,,1.724777315,1636.9535,1638.6699,,,,,,,,FALSE,,FALSE,,,,,,,,,,,,1638.6702,1639.6199,p,0.8786,,163,176,3,1,250,novel,,,FALSE,1639.62,1639.62,1639.62,1639.62,,162,0,162,0,1,,
,,,,,6a180af52203ae855b4dd11b,2026-05-28_10h34.18.813,WP1_3,03.02.2025,Win32,60.97560976,66e9b926c782e4f47a05ec7c,6a030b8ba3607712b5d4bf26,,,,,,,,,,,,,,,,,,,,,,,,,,,,,,,,,,,,,,,,,,,,,,,,,,,,,,,,,,,,36,Celebrities_Faces/036_03_greyscale_250.png,,,,,,,,,,,,,,,,,,,,,,,,,,,,,,,,,,,,,2.480244406,1639.6203,1642.1038,,,,,,,,TRUE,,FALSE,,,,,,,,,,,,1642.1041,1643.0199,q,0.8589,,164,150,3,1,3,familiar,,,FALSE,1643.02,1643.02,1643.02,1643.02,,163,0,163,0,1,,
,,,,,6a180af52203ae855b4dd11b,2026-05-28_10h34.18.813,WP1_3,03.02.2025,Win32,60.97560976,66e9b926c782e4f47a05ec7c,6a030b8ba3607712b5d4bf26,,,,,,,,,,,,,,,,,,,,,,,,,,,,,,,,,,,,,,,,,,,,,,,,,,,,,,,,,,,,56,stim_fam/056_rgray_250.png,,,,,,,,,,,,,,,,,,,,,,,,,,,,,,,,,,,,,2.150111687,1643.0202,1645.1704,,,,,,,,FALSE,,FALSE,,,,,,,,,,,,1645.1707,1646.1698,p,0.9364,,165,157,3,1,250,novel,,,FALSE,1646.1699,1646.1699,1646.1699,1646.1699,,164,0,164,0,1,,
,,,,,6a180af52203ae855b4dd11b,2026-05-28_10h34.18.813,WP1_3,03.02.2025,Win32,60.97560976,66e9b926c782e4f47a05ec7c,6a030b8ba3607712b5d4bf26,,,,,,,,,,,,,,,,,,,,,,,,,,,,,,,,,,,,,,,,,,,,,,,,,,,,,,,,,,,,8,stim_fam/008_rgray_250.png,,,,,,,,,,,,,,,,,,,,,,,,,,,,,,,,,,,,,2.301861293,1646.1701,1648.4704,,,,,,,,FALSE,,FALSE,,,,,,,,,,,,1648.4707,1649.1705,p,0.6294,,166,180,3,1,250,novel,,,FALSE,1649.1706,1649.1706,1649.1706,1649.1706,,165,0,165,0,1,,
,,,,,6a180af52203ae855b4dd11b,2026-05-28_10h34.18.813,WP1_3,03.02.2025,Win32,60.97560976,66e9b926c782e4f47a05ec7c,6a030b8ba3607712b5d4bf26,,,,,,,,,,,,,,,,,,,,,,,,,,,,,,,,,,,,,,,,,,,,,,,,,,,,,,,,,,,,1,Celebrities_Faces/001_03_greyscale_250.png,,,,,,,,,,,,,,,,,,,,,,,,,,,,,,,,,,,,,2.264309156,1649.1708,1651.4365,,,,,,,,TRUE,,FALSE,,,,,,,,,,,,1651.437,1652.1872,q,0.682,,167,125,3,1,3,familiar,,,FALSE,1652.1872,1652.1873,1652.1873,1652.1873,,166,0,166,0,1,,
,,,,,6a180af52203ae855b4dd11b,2026-05-28_10h34.18.813,WP1_3,03.02.2025,Win32,60.97560976,66e9b926c782e4f47a05ec7c,6a030b8ba3607712b5d4bf26,,,,,,,,,,,,,,,,,,,,,,,,,,,,,,,,,,,,,,,,,,,,,,,,,,,,,,,,,,,,60,stim_fam/060_rgray_250.png,,,,,,,,,,,,,,,,,,,,,,,,,,,,,,,,,,,,,2.05437703,1652.1875,1654.2373,,,,,,,,FALSE,,FALSE,,,,,,,,,,,,1654.2376,1655.0371,p,0.7355,,168,179,3,1,250,novel,,,FALSE,1655.0372,1655.0373,1655.0373,1655.0373,,167,0,167,0,1,,
,,,,,6a180af52203ae855b4dd11b,2026-05-28_10h34.18.813,WP1_3,03.02.2025,Win32,60.97560976,66e9b926c782e4f47a05ec7c,6a030b8ba3607712b5d4bf26,,,,,,,,,,,,,,,,,,,,,,,,,,,,,,,,,,,,,,,,,,,,,,,,,,,,,,,,,,,,2,stim_fam/002_rgray_250.png,,,,,,,,,,,,,,,,,,,,,,,,,,,,,,,,,,,,,1.798877902,1655.0374,1656.8368,,,,,,,,FALSE,,FALSE,,,,,,,,,,,,1656.8372,1657.7865,p,0.8791,,169,156,3,1,250,novel,,,FALSE,1657.7867,1657.7867,1657.7867,1657.7868,,168,0,168,0,1,,
,,,,,6a180af52203ae855b4dd11b,2026-05-28_10h34.18.813,WP1_3,03.02.2025,Win32,60.97560976,66e9b926c782e4f47a05ec7c,6a030b8ba3607712b5d4bf26,,,,,,,,,,,,,,,,,,,,,,,,,,,,,,,,,,,,,,,,,,,,,,,,,,,,,,,,,,,,55,stim_fam/055_rgray_250.png,,,,,,,,,,,,,,,,,,,,,,,,,,,,,,,,,,,,,1.800611798,1657.7869,1659.5866,,,,,,,,FALSE,,FALSE,,,,,,,,,,,,1659.587,1660.5201,p,0.8639,,170,161,3,1,250,novel,,,FALSE,1660.5202,1660.5203,1660.5203,1660.5203,,169,0,169,0,1,,
,,,,,6a180af52203ae855b4dd11b,2026-05-28_10h34.18.813,WP1_3,03.02.2025,Win32,60.97560976,66e9b926c782e4f47a05ec7c,6a030b8ba3607712b5d4bf26,,,,,,,,,,,,,,,,,,,,,,,,,,,,,,,,,,,,,,,,,,,,,,,,,,,,,,,,,,,,54,Celebrities_Faces/054_02_greyscale_250.png,,,,,,,,,,,,,,,,,,,,,,,,,,,,,,,,,,,,,1.605044725,1660.5205,1662.1204,,,,,,,,TRUE,,FALSE,,,,,,,,,,,,1662.1208,1662.9034,q,0.722,,171,137,3,1,2,familiar,,,FALSE,1662.9035,1662.9035,1662.9036,1662.9036,,170,0,170,0,1,,
,,,,,6a180af52203ae855b4dd11b,2026-05-28_10h34.18.813,WP1_3,03.02.2025,Win32,60.97560976,66e9b926c782e4f47a05ec7c,6a030b8ba3607712b5d4bf26,,,,,,,,,,,,,,,,,,,,,,,,,,,,,,,,,,,,,,,,,,,,,,,,,,,,,,,,,,,,82,stim_fam/082_rgray_250.png,,,,,,,,,,,,,,,,,,,,,,,,,,,,,,,,,,,,,2.122862947,1662.9038,1665.0204,,,,,,,,FALSE,,FALSE,,,,,,,,,,,,1665.0208,1665.8032,p,0.7166,,172,166,3,1,250,novel,,,FALSE,1665.8033,1665.8033,1665.8034,1665.8034,,171,0,171,0,1,,
,,,,,6a180af52203ae855b4dd11b,2026-05-28_10h34.18.813,WP1_3,03.02.2025,Win32,60.97560976,66e9b926c782e4f47a05ec7c,6a030b8ba3607712b5d4bf26,,,,,,,,,,,,,,,,,,,,,,,,,,,,,,,,,,,,,,,,,,,,,,,,,,,,,,,,,,,,77,stim_fam/077_rgray_250.png,,,,,,,,,,,,,,,,,,,,,,,,,,,,,,,,,,,,,2.209754237,1665.8036,1668.0032,,,,,,,,FALSE,,FALSE,,,,,,,,,,,,1668.0037,1668.9037,p,0.8319,,173,159,3,1,250,novel,,,FALSE,1668.9038,1668.9039,1668.9039,1668.904,,172,0,172,0,1,,
,,,,,6a180af52203ae855b4dd11b,2026-05-28_10h34.18.813,WP1_3,03.02.2025,Win32,60.97560976,66e9b926c782e4f47a05ec7c,6a030b8ba3607712b5d4bf26,,,,,,,,,,,,,,,,,,,,,,,,,,,,,,,,,,,,,,,,,,,,,,,,,,,,,,,,,,,,27,Celebrities_Faces/027_03_greyscale_250.png,,,,,,,,,,,,,,,,,,,,,,,,,,,,,,,,,,,,,2.416356882,1668.904,1671.3204,,,,,,,,TRUE,,FALSE,,,,,,,,,,,,1671.3207,1672.1699,q,0.7863,,174,131,3,1,3,familiar,,,FALSE,1672.17,1672.17,1672.17,1672.17,,173,0,173,0,1,,
,,,,,6a180af52203ae855b4dd11b,2026-05-28_10h34.18.813,WP1_3,03.02.2025,Win32,60.97560976,66e9b926c782e4f47a05ec7c,6a030b8ba3607712b5d4bf26,,,,,,,,,,,,,,,,,,,,,,,,,,,,,,,,,,,,,,,,,,,,,,,,,,,,,,,,,,,,9,Celebrities_Faces/009_02_greyscale_250.png,,,,,,,,,,,,,,,,,,,,,,,,,,,,,,,,,,,,,2.36720403,1672.1702,1674.5368,,,,,,,,TRUE,,FALSE,,,,,,,,,,,,1674.5374,1675.4032,p,0.7959,,175,135,3,1,2,familiar,,,FALSE,1675.4032,1675.4032,1675.4032,1675.4032,,174,0,174,0,1,,
,,,,,6a180af52203ae855b4dd11b,2026-05-28_10h34.18.813,WP1_3,03.02.2025,Win32,60.97560976,66e9b926c782e4f47a05ec7c,6a030b8ba3607712b5d4bf26,,,,,,,,,,,,,,,,,,,,,,,,,,,,,,,,,,,,,,,,,,,,,,,,,,,,,,,,,,,,32,Celebrities_Faces/032_03_greyscale_250.png,,,,,,,,,,,,,,,,,,,,,,,,,,,,,,,,,,,,,2.238643252,1675.4035,1677.6373,,,,,,,,TRUE,,FALSE,,,,,,,,,,,,1677.6379,1678.7199,p,1.0224,,176,144,3,1,3,familiar,,,FALSE,1678.72,1678.72,1678.72,1678.7201,,175,0,175,0,1,,
,,,,,6a180af52203ae855b4dd11b,2026-05-28_10h34.18.813,WP1_3,03.02.2025,Win32,60.97560976,66e9b926c782e4f47a05ec7c,6a030b8ba3607712b5d4bf26,,,,,,,,,,,,,,,,,,,,,,,,,,,,,,,,,,,,,,,,,,,,,,,,,,,,,,,,,,,,20,Celebrities_Faces/020_03_greyscale_250.png,,,,,,,,,,,,,,,,,,,,,,,,,,,,,,,,,,,,,1.713184733,1678.7203,1680.4373,,,,,,,,TRUE,,FALSE,,,,,,,,,,,,1680.4376,1681.1873,q,0.6788,,177,122,3,1,3,familiar,,,FALSE,1681.1874,1681.1875,1681.1875,1681.1875,,176,0,176,0,1,,
,,,,,6a180af52203ae855b4dd11b,2026-05-28_10h34.18.813,WP1_3,03.02.2025,Win32,60.97560976,66e9b926c782e4f47a05ec7c,6a030b8ba3607712b5d4bf26,,,,,,,,,,,,,,,,,,,,,,,,,,,,,,,,,,,,,,,,,,,,,,,,,,,,,,,,,,,,17,Celebrities_Faces/017_02_greyscale_250.png,,,,,,,,,,,,,,,,,,,,,,,,,,,,,,,,,,,,,2.176597161,1681.1877,1683.3532,,,,,,,,TRUE,,FALSE,,,,,,,,,,,,1683.3536,1684.2533,p,0.8309,,178,146,3,1,2,familiar,,,FALSE,1684.2533,1684.2533,1684.2534,1684.2534,,177,0,177,0,1,,
,,,,,6a180af52203ae855b4dd11b,2026-05-28_10h34.18.813,WP1_3,03.02.2025,Win32,60.97560976,66e9b926c782e4f47a05ec7c,6a030b8ba3607712b5d4bf26,,,,,,,,,,,,,,,,,,,,,,,,,,,,,,,,,,,,,,,,,,,,,,,,,,,,,,,,,,,,65,stim_fam/065_rgray_250.png,,,,,,,,,,,,,,,,,,,,,,,,,,,,,,,,,,,,,2.440326993,1684.2537,1686.6871,,,,,,,,FALSE,,FALSE,,,,,,,,,,,,1686.6874,1687.62,p,0.8673,,179,163,3,1,250,novel,,,FALSE,1687.6201,1687.6201,1687.6201,1687.6201,,178,0,178,0,1,,
,,,,,6a180af52203ae855b4dd11b,2026-05-28_10h34.18.813,WP1_3,03.02.2025,Win32,60.97560976,66e9b926c782e4f47a05ec7c,6a030b8ba3607712b5d4bf26,,,,,,,,,,,,,,,,,,,,,,,,,,,,,,,,,,,,,,,,,,,,,,,,,,,,,,,,,,,,41,Celebrities_Faces/041_03_greyscale_250.png,,,,,,,,,,,,,,,,,,,,,,,,,,,,,,,,,,,,,1.600006123,1687.6203,1689.2203,,,,,,,,TRUE,,FALSE,,,,,,,,,,,,1689.2208,1690.2204,p,0.9293,,180,143,3,1,3,familiar,,,FALSE,1690.2205,1690.2206,1690.2206,1690.2206,,179,0,179,0,1,,