Study_information_1.started,Study_information_1.stopped,key_resp.keys,key_resp.rt,key_resp.duration,session,date,expName,psychopyVersion,OS,frameRate,participant,study_id,Study_information_2.started,Study_information_2.stopped,key_resp_2.keys,key_resp_2.rt,key_resp_2.duration,Study_information_3.started,Study_information_3.stopped,key_resp_3.keys,key_resp_3.rt,key_resp_3.duration,Consent.started,Consent.stopped,key_resp_5.keys,key_resp_5.rt,key_resp_5.duration,Instruction_1.started,Instruction_1.stopped,space_cont.keys,space_cont.rt,space_cont.duration,Instruction_2.started,Instruction_2.stopped,space_cont_2.keys,space_cont_2.rt,space_cont_2.duration,Instruction_3.started,Instruction_3.stopped,space_cont_3.keys,space_cont_3.rt,space_cont_3.duration,Instruction_4.started,Instruction_4.stopped,space_cont_4.keys,space_cont_4.rt,space_cont_4.duration,Instruction_5.started,Instruction_5.stopped,space_cont_5.keys,space_cont_5.rt,space_cont_5.duration,Familiarity_Rating.started,Familiarity_Rating.stopped,familiarity_scale.response,familiarity_scale.rt,key_resp_familiarity.keys,familiarity_rating,Valence_Rating.started,Valence_Rating.stopped,valence_scale.response,valence_scale.rt,key_resp_valence.keys,key_resp_valence.rt,key_resp_valence.duration,valence_rating,Name_Selection.started,Name_Selection.stopped,key_resp_naming.keys,key_resp_naming.rt,key_resp_naming.duration,identity_no,image_file,correct_name,selected_name_option,selected_name,correct_name_option,name_correct,qualifies_for_part2,qualified_count_so_far,trials_rating.thisRepN,trials_rating.thisTrialN,trials_rating.thisN,trials_rating.thisIndex,trials_rating.ran,Identity_no,Image,Option1,Option2,Option3,Option4,CorrectName,selection_method,num_selected_identities,qualified_identity_nos,break_1.started,break_1.stopped,Load_Recognition_Trials.started,Load_Recognition_Trials.stopped,Instruction_recog_1.started,Instruction_recog_1.stopped,space_cont_6.keys,space_cont_6.rt,space_cont_6.duration,Instruction_recog_2.started,Instruction_recog_2.stopped,space_cont_7.keys,space_cont_7.rt,space_cont_7.duration,fixation_duration,fix_cross.started,fix_cross.stopped,Practice_Recognition_Trial.started,Practice_Recognition_Trial.stopped,key_resp_practice.keys,key_resp_practice.rt,key_resp_practice.duration,is_practice,practice_trial_number,is_familiar,participant_response,too_slow,response_time,practice_trials.thisRepN,practice_trials.thisTrialN,practice_trials.thisN,practice_trials.thisIndex,practice_trials.ran,Instruction_recog.started,Instruction_recog.stopped,space_cont_8.keys,space_cont_8.rt,space_cont_8.duration,Recognition_trials.started,Recognition_trials.stopped,key_resp_recognition.keys,recognition_trial_number,original_trial_number,block,trial_in_block,orientation,identity_type,response_familiar,correct,valid_response,Too_slow.started,Too_slow.stopped,break_recog.started,break_recog.stopped,key_resp_6.keys,trials.thisRepN,trials.thisTrialN,trials.thisN,trials.thisIndex,trials.ran,key_resp_recognition.rt,key_resp_recognition.duration,key_resp_6.rt,key_resp_6.duration
0.0014,22.5915,space,22.5612,,6a180d4d0ef25bbf2bde78f5,2026-05-28_05h42.13.335,WP1_3,2025.2.3,Win32,60.24096386,66c13cc0c9ba487034df285c,6a030b8ba3607712b5d4bf26,,,,,,,,,,,,,,,,,,,,,,,,,,,,,,,,,,,,,,,,,,,,,,,,,,,,,,,,,,,,,,,,,,,,,,,,,,,,,,,,,,,,,,,,,,,,,,,,,,,,,,,,,,,,,,,,,,,,,,,,,,,,,,,,,,,,,,,,,,,,,,,,,,,
,,,,,6a180d4d0ef25bbf2bde78f5,2026-05-28_05h42.13.335,WP1_3,2025.2.3,Win32,60.24096386,66c13cc0c9ba487034df285c,6a030b8ba3607712b5d4bf26,22.5918,25.4913,space,2.882,,,,,,,,,,,,,,,,,,,,,,,,,,,,,,,,,,,,,,,,,,,,,,,,,,,,,,,,,,,,,,,,,,,,,,,,,,,,,,,,,,,,,,,,,,,,,,,,,,,,,,,,,,,,,,,,,,,,,,,,,,,,,,,,,,,,,,,,,,,,,,,
,,,,,6a180d4d0ef25bbf2bde78f5,2026-05-28_05h42.13.335,WP1_3,2025.2.3,Win32,60.24096386,66c13cc0c9ba487034df285c,6a030b8ba3607712b5d4bf26,,,,,,25.4916,26.5265,space,1.0175,,,,,,,,,,,,,,,,,,,,,,,,,,,,,,,,,,,,,,,,,,,,,,,,,,,,,,,,,,,,,,,,,,,,,,,,,,,,,,,,,,,,,,,,,,,,,,,,,,,,,,,,,,,,,,,,,,,,,,,,,,,,,,,,,,,,,,,,,,
,,,,,6a180d4d0ef25bbf2bde78f5,2026-05-28_05h42.13.335,WP1_3,2025.2.3,Win32,60.24096386,66c13cc0c9ba487034df285c,6a030b8ba3607712b5d4bf26,,,,,,,,,,,26.5268,29.4745,space,2.918,,,,,,,,,,,,,,,,,,,,,,,,,,,,,,,,,,,,,,,,,,,,,,,,,,,,,,,,,,,,,,,,,,,,,,,,,,,,,,,,,,,,,,,,,,,,,,,,,,,,,,,,,,,,,,,,,,,,,,,,,,,,,,,,,,,,,
,,,,,6a180d4d0ef25bbf2bde78f5,2026-05-28_05h42.13.335,WP1_3,2025.2.3,Win32,60.24096386,66c13cc0c9ba487034df285c,6a030b8ba3607712b5d4bf26,,,,,,,,,,,,,,,,29.4747,70.4241,space,40.9148,,,,,,,,,,,,,,,,,,,,,,,,,,,,,,,,,,,,,,,,,,,,,,,,,,,,,,,,,,,,,,,,,,,,,,,,,,,,,,,,,,,,,,,,,,,,,,,,,,,,,,,,,,,,,,,,,,,,,,,,,,,,,,,,
,,,,,6a180d4d0ef25bbf2bde78f5,2026-05-28_05h42.13.335,WP1_3,2025.2.3,Win32,60.24096386,66c13cc0c9ba487034df285c,6a030b8ba3607712b5d4bf26,,,,,,,,,,,,,,,,,,,,,70.4243,172.2558,space,101.8048,,,,,,,,,,,,,,,,,,,,,,,,,,,,,,,,,,,,,,,,,,,,,,,,,,,,,,,,,,,,,,,,,,,,,,,,,,,,,,,,,,,,,,,,,,,,,,,,,,,,,,,,,,,,,,,,,,,,,,,,,,,
,,,,,6a180d4d0ef25bbf2bde78f5,2026-05-28_05h42.13.335,WP1_3,2025.2.3,Win32,60.24096386,66c13cc0c9ba487034df285c,6a030b8ba3607712b5d4bf26,,,,,,,,,,,,,,,,,,,,,,,,,,172.256,176.5556,space,4.2807,,,,,,,,,,,,,,,,,,,,,,,,,,,,,,,,,,,,,,,,,,,,,,,,,,,,,,,,,,,,,,,,,,,,,,,,,,,,,,,,,,,,,,,,,,,,,,,,,,,,,,,,,,,,,,,,,,,,,,
,,,,,6a180d4d0ef25bbf2bde78f5,2026-05-28_05h42.13.335,WP1_3,2025.2.3,Win32,60.24096386,66c13cc0c9ba487034df285c,6a030b8ba3607712b5d4bf26,,,,,,,,,,,,,,,,,,,,,,,,,,,,,,,176.5558,195.272,space,18.6877,,,,,,,,,,,,,,,,,,,,,,,,,,,,,,,,,,,,,,,,,,,,,,,,,,,,,,,,,,,,,,,,,,,,,,,,,,,,,,,,,,,,,,,,,,,,,,,,,,,,,,,,,,,,,,,,,
,,,,,6a180d4d0ef25bbf2bde78f5,2026-05-28_05h42.13.335,WP1_3,2025.2.3,Win32,60.24096386,66c13cc0c9ba487034df285c,6a030b8ba3607712b5d4bf26,,,,,,,,,,,,,,,,,,,,,,,,,,,,,,,,,,,,195.2721,218.5551,space,23.2676,,,,,,,,,,,,,,,,,,,,,,,,,,,,,,,,,,,,,,,,,,,,,,,,,,,,,,,,,,,,,,,,,,,,,,,,,,,,,,,,,,,,,,,,,,,,,,,,,,,,,,,,,,,,
,,,,,6a180d4d0ef25bbf2bde78f5,2026-05-28_05h42.13.335,WP1_3,2025.2.3,Win32,60.24096386,66c13cc0c9ba487034df285c,6a030b8ba3607712b5d4bf26,,,,,,,,,,,,,,,,,,,,,,,,,,,,,,,,,,,,,,,,,218.5652,225.3385,,,,10,225.3393,228.155,,,"[""right"",""right"",""space""]","[1.510499999999979,2.3584999999999923,2.710600000023817]","[null,null,null]",10,228.1557,231.4718,space,3.2007,,57,Celebrities_Faces/057_rating.jpg,Serena Williams,2,Serena Williams,2,TRUE,TRUE,1,0,0,0,56,1,57,Celebrities_Faces/057_rating.jpg,Olivia Rodrigo,Charlize Theron,Serena Williams,Greta Thunberg,Serena Williams,,,,,,,,,,,,,,,,,,,,,,,,,,,,,,,,,,,,,,,,,,,,,,,,,,,,,,,,,,,,,,,,,,,
,,,,,6a180d4d0ef25bbf2bde78f5,2026-05-28_05h42.13.335,WP1_3,2025.2.3,Win32,60.24096386,66c13cc0c9ba487034df285c,6a030b8ba3607712b5d4bf26,,,,,,,,,,,,,,,,,,,,,,,,,,,,,,,,,,,,,,,,,231.4736,234.5222,,,,10,234.523,236.0714,,,"[""right"",""space""]","[0.485599999994065,1.4840999999940436]","[null,null]",10,236.0748,237.1881,space,1.0525,,27,Celebrities_Faces/027_rating.jpg,Keanu Reeves,0,Keanu Reeves,0,TRUE,TRUE,2,0,1,1,26,1,27,Celebrities_Faces/027_rating.jpg,Keanu Reeves,Dwayne Johnson,Bradley Cooper,Daniel Radcliffe,Keanu Reeves,,,,,,,,,,,,,,,,,,,,,,,,,,,,,,,,,,,,,,,,,,,,,,,,,,,,,,,,,,,,,,,,,,,
,,,,,6a180d4d0ef25bbf2bde78f5,2026-05-28_05h42.13.335,WP1_3,2025.2.3,Win32,60.24096386,66c13cc0c9ba487034df285c,6a030b8ba3607712b5d4bf26,,,,,,,,,,,,,,,,,,,,,,,,,,,,,,,,,,,,,,,,,237.1891,242.6713,,,,1,242.6721,244.5213,,,"[""space""]",[1.6859000000059723],[null],5,244.5244,247.9222,space,3.2415,,29,Celebrities_Faces/029_rating.jpg,Tom Holland,0,Tom Holland,0,TRUE,FALSE,2,0,2,2,28,1,29,Celebrities_Faces/029_rating.jpg,Tom Holland,Bradley Cooper,Dwayne Johnson,George W.Bush,Tom Holland,,,,,,,,,,,,,,,,,,,,,,,,,,,,,,,,,,,,,,,,,,,,,,,,,,,,,,,,,,,,,,,,,,,
,,,,,6a180d4d0ef25bbf2bde78f5,2026-05-28_05h42.13.335,WP1_3,2025.2.3,Win32,60.24096386,66c13cc0c9ba487034df285c,6a030b8ba3607712b5d4bf26,,,,,,,,,,,,,,,,,,,,,,,,,,,,,,,,,,,,,,,,,247.9229,250.7066,,,,10,250.7075,252.1544,,,"[""right"",""right"",""right"",""space""]","[0.3728999999761413,0.6347999999821354,0.9013999999761495,1.4045999999940477]","[null,null,null,null]",8,252.1563,254.688,space,2.4837,,15,Celebrities_Faces/015_rating.jpg,Harrison Ford,2,Harrison Ford,2,TRUE,TRUE,3,0,3,3,14,1,15,Celebrities_Faces/015_rating.jpg,Lionel Messi,Daniel Radcliffe,Harrison Ford,Brad Pitt,Harrison Ford,,,,,,,,,,,,,,,,,,,,,,,,,,,,,,,,,,,,,,,,,,,,,,,,,,,,,,,,,,,,,,,,,,,
,,,,,6a180d4d0ef25bbf2bde78f5,2026-05-28_05h42.13.335,WP1_3,2025.2.3,Win32,60.24096386,66c13cc0c9ba487034df285c,6a030b8ba3607712b5d4bf26,,,,,,,,,,,,,,,,,,,,,,,,,,,,,,,,,,,,,,,,,254.6888,257.2214,,,,10,257.2221,258.8045,,,"[""right"",""space""]","[0.41330000001192957,1.4294000000059555]","[null,null]",10,258.807,259.971,space,1.0159,,10,Celebrities_Faces/010_rating.jpg,Bruce Willis,0,Bruce Willis,0,TRUE,TRUE,4,0,4,4,9,1,10,Celebrities_Faces/010_rating.jpg,Bruce Willis,Arnold Schwarzeneger,George Clooney,Robert De Niro,Bruce Willis,,,,,,,,,,,,,,,,,,,,,,,,,,,,,,,,,,,,,,,,,,,,,,,,,,,,,,,,,,,,,,,,,,,
,,,,,6a180d4d0ef25bbf2bde78f5,2026-05-28_05h42.13.335,WP1_3,2025.2.3,Win32,60.24096386,66c13cc0c9ba487034df285c,6a030b8ba3607712b5d4bf26,,,,,,,,,,,,,,,,,,,,,,,,,,,,,,,,,,,,,,,,,259.9719,271.821,,,,6,271.8218,275.1376,,,"[""right"",""right"",""right"",""space""]","[1.391999999999996,1.6899000000059914,1.9584000000059518,2.7605999999940423]","[null,null,null,null]",8,275.1394,278.7376,space,3.0298,,41,Celebrities_Faces/041_rating.jpg,Halle Berry,2,Halle Berry,2,TRUE,FALSE,4,0,5,5,40,1,41,Celebrities_Faces/041_rating.jpg,Lady Gaga,Greta Thunberg,Halle Berry,Serena Williams,Halle Berry,,,,,,,,,,,,,,,,,,,,,,,,,,,,,,,,,,,,,,,,,,,,,,,,,,,,,,,,,,,,,,,,,,,
,,,,,6a180d4d0ef25bbf2bde78f5,2026-05-28_05h42.13.335,WP1_3,2025.2.3,Win32,60.24096386,66c13cc0c9ba487034df285c,6a030b8ba3607712b5d4bf26,,,,,,,,,,,,,,,,,,,,,,,,,,,,,,,,,,,,,,,,,278.7383,283.1375,,,,10,283.1382,284.6542,,,"[""right"",""space""]","[0.3454000000060091,1.29109999999406]","[null,null]",10,284.6567,286.5542,space,1.6685,,33,Celebrities_Faces/033_rating.jpg,Simone Biles,1,Simone Biles,1,TRUE,TRUE,5,0,6,6,32,1,33,Celebrities_Faces/033_rating.jpg,Greta Thunberg,Simone Biles,Lindsay Lohan,Anya Taylor-Joy,Simone Biles,,,,,,,,,,,,,,,,,,,,,,,,,,,,,,,,,,,,,,,,,,,,,,,,,,,,,,,,,,,,,,,,,,,
,,,,,6a180d4d0ef25bbf2bde78f5,2026-05-28_05h42.13.335,WP1_3,2025.2.3,Win32,60.24096386,66c13cc0c9ba487034df285c,6a030b8ba3607712b5d4bf26,,,,,,,,,,,,,,,,,,,,,,,,,,,,,,,,,,,,,,,,,286.5553,290.5374,,,,7,290.538,292.4373,,,"[""right"",""right"",""space""]","[0.9181999999880759,1.3179999999999836,1.734699999988095]","[null,null,null]",7,292.44,296.904,space,4.3022,,48,Celebrities_Faces/048_rating.jpg,Jennifer Lawrence,3,Emma Stone,0,FALSE,FALSE,5,0,7,7,47,1,48,Celebrities_Faces/048_rating.jpg,Jennifer Lawrence,Lady Gaga,Anne Hathaway,Emma Stone,Jennifer Lawrence,,,,,,,,,,,,,,,,,,,,,,,,,,,,,,,,,,,,,,,,,,,,,,,,,,,,,,,,,,,,,,,,,,,
,,,,,6a180d4d0ef25bbf2bde78f5,2026-05-28_05h42.13.335,WP1_3,2025.2.3,Win32,60.24096386,66c13cc0c9ba487034df285c,6a030b8ba3607712b5d4bf26,,,,,,,,,,,,,,,,,,,,,,,,,,,,,,,,,,,,,,,,,296.9047,299.3374,,,,10,299.338,300.8205,,,"[""right"",""space""]","[0.3337000000178705,1.3350999999940427]","[null,null]",10,300.8223,302.8204,space,1.8484,,9,Celebrities_Faces/009_rating.jpg,Bradley Cooper,2,Bradley Cooper,2,TRUE,TRUE,6,0,8,8,8,1,9,Celebrities_Faces/009_rating.jpg,Chris Hemsworth,Tom Cruise,Bradley Cooper,Lebron James,Bradley Cooper,,,,,,,,,,,,,,,,,,,,,,,,,,,,,,,,,,,,,,,,,,,,,,,,,,,,,,,,,,,,,,,,,,,
,,,,,6a180d4d0ef25bbf2bde78f5,2026-05-28_05h42.13.335,WP1_3,2025.2.3,Win32,60.24096386,66c13cc0c9ba487034df285c,6a030b8ba3607712b5d4bf26,,,,,,,,,,,,,,,,,,,,,,,,,,,,,,,,,,,,,,,,,302.8212,307.0872,,,,10,307.088,309.6205,,,"[""left"",""left"",""left"",""left"",""space""]","[1.1323000000119237,1.4180000000000064,1.6515999999940618,1.9184999999999945,2.3858000000119546]","[null,null,null,null,null]",1,309.622,312.4038,space,2.6362,,22,Celebrities_Faces/022_rating.jpg,Lebron James,3,Lebron James,3,TRUE,TRUE,7,0,9,9,21,1,22,Celebrities_Faces/022_rating.jpg,George W.Bush,Lionel Messi,Leonardo Di Caprio,Lebron James,Lebron James,,,,,,,,,,,,,,,,,,,,,,,,,,,,,,,,,,,,,,,,,,,,,,,,,,,,,,,,,,,,,,,,,,,
,,,,,6a180d4d0ef25bbf2bde78f5,2026-05-28_05h42.13.335,WP1_3,2025.2.3,Win32,60.24096386,66c13cc0c9ba487034df285c,6a030b8ba3607712b5d4bf26,,,,,,,,,,,,,,,,,,,,,,,,,,,,,,,,,,,,,,,,,312.4047,334.5201,,,,5,334.5208,335.5201,,,"[""space""]",[0.9709000000059973],[null],5,335.5218,339.8037,space,4.246,,36,Celebrities_Faces/036_rating.jpg,Lady Gaga,3,Lady Gaga,3,TRUE,FALSE,7,0,10,10,35,1,36,Celebrities_Faces/036_rating.jpg,Serena Williams,Emma Stone,Julia Roberts,Lady Gaga,Lady Gaga,,,,,,,,,,,,,,,,,,,,,,,,,,,,,,,,,,,,,,,,,,,,,,,,,,,,,,,,,,,,,,,,,,,
,,,,,6a180d4d0ef25bbf2bde78f5,2026-05-28_05h42.13.335,WP1_3,2025.2.3,Win32,60.24096386,66c13cc0c9ba487034df285c,6a030b8ba3607712b5d4bf26,,,,,,,,,,,,,,,,,,,,,,,,,,,,,,,,,,,,,,,,,339.8046,345.7368,,,,2,345.7373,346.5699,,,"[""space""]",[0.7196999999880518],[null],5,346.5718,350.37,space,3.6919,,60,Celebrities_Faces/060_rating.jpg,Anya Taylor-Joy,1,Anya Taylor-Joy,1,TRUE,FALSE,7,0,11,11,59,1,60,Celebrities_Faces/060_rating.jpg,Emma Stone,Anya Taylor-Joy,Michelle Obama,Halle Berry,Anya Taylor-Joy,,,,,,,,,,,,,,,,,,,,,,,,,,,,,,,,,,,,,,,,,,,,,,,,,,,,,,,,,,,,,,,,,,,
,,,,,6a180d4d0ef25bbf2bde78f5,2026-05-28_05h42.13.335,WP1_3,2025.2.3,Win32,60.24096386,66c13cc0c9ba487034df285c,6a030b8ba3607712b5d4bf26,,,,,,,,,,,,,,,,,,,,,,,,,,,,,,,,,,,,,,,,,350.3708,354.1697,,,,6,354.1704,356.153,,,"[""right"",""space""]","[1.4137000000178546,1.8314000000059423]","[null,null]",6,356.1548,361.6031,space,5.2979,,44,Celebrities_Faces/044_rating.jpg,Cate Blanchett,1,Cate Blanchett,1,TRUE,FALSE,7,0,12,12,43,1,44,Celebrities_Faces/044_rating.jpg,Angelina Jolie,Cate Blanchett,Natalie Portman,Taylor Swift,Cate Blanchett,,,,,,,,,,,,,,,,,,,,,,,,,,,,,,,,,,,,,,,,,,,,,,,,,,,,,,,,,,,,,,,,,,,
,,,,,6a180d4d0ef25bbf2bde78f5,2026-05-28_05h42.13.335,WP1_3,2025.2.3,Win32,60.24096386,66c13cc0c9ba487034df285c,6a030b8ba3607712b5d4bf26,,,,,,,,,,,,,,,,,,,,,,,,,,,,,,,,,,,,,,,,,361.6039,363.5864,,,,5,363.587,364.1697,,,"[""space""]",[0.4539999999999509],[null],5,364.1717,367.2531,space,2.959,,50,Celebrities_Faces/050_rating.jpg,Millie Bobby Brown,2,Millie Bobby Brown,2,TRUE,FALSE,7,0,13,13,49,1,50,Celebrities_Faces/050_rating.jpg,Taylor Swift,Cameron Diaz,Millie Bobby Brown,Michelle Obama,Millie Bobby Brown,,,,,,,,,,,,,,,,,,,,,,,,,,,,,,,,,,,,,,,,,,,,,,,,,,,,,,,,,,,,,,,,,,,
,,,,,6a180d4d0ef25bbf2bde78f5,2026-05-28_05h42.13.335,WP1_3,2025.2.3,Win32,60.24096386,66c13cc0c9ba487034df285c,6a030b8ba3607712b5d4bf26,,,,,,,,,,,,,,,,,,,,,,,,,,,,,,,,,,,,,,,,,367.2539,373.3029,,,,8,373.3035,374.9196,,,"[""right"",""right"",""space""]","[0.9401999999880672,1.2560000000000855,1.5400000000000773]","[null,null,null]",7,374.9212,382.8028,space,7.8013,,46,Celebrities_Faces/046_rating.jpg,Emma Stone,2,Emma Watson,1,FALSE,FALSE,7,0,14,14,45,1,46,Celebrities_Faces/046_rating.jpg,Halle Berry,Emma Stone,Emma Watson,Taylor Swift,Emma Stone,,,,,,,,,,,,,,,,,,,,,,,,,,,,,,,,,,,,,,,,,,,,,,,,,,,,,,,,,,,,,,,,,,,
,,,,,6a180d4d0ef25bbf2bde78f5,2026-05-28_05h42.13.335,WP1_3,2025.2.3,Win32,60.24096386,66c13cc0c9ba487034df285c,6a030b8ba3607712b5d4bf26,,,,,,,,,,,,,,,,,,,,,,,,,,,,,,,,,,,,,,,,,382.8036,385.2031,,,,10,385.2039,386.6527,,,"[""right"",""space""]","[0.28940000000591226,1.2726000000237718]","[null,null]",10,386.6549,388.6364,space,1.81,,24,Celebrities_Faces/024_rating.jpg,Ryan Reynolds,3,Ryan Reynolds,3,TRUE,TRUE,8,0,15,15,23,1,24,Celebrities_Faces/024_rating.jpg,Roger Federer,Denzel Washighton,Tom Holland,Ryan Reynolds,Ryan Reynolds,,,,,,,,,,,,,,,,,,,,,,,,,,,,,,,,,,,,,,,,,,,,,,,,,,,,,,,,,,,,,,,,,,,
,,,,,6a180d4d0ef25bbf2bde78f5,2026-05-28_05h42.13.335,WP1_3,2025.2.3,Win32,60.24096386,66c13cc0c9ba487034df285c,6a030b8ba3607712b5d4bf26,,,,,,,,,,,,,,,,,,,,,,,,,,,,,,,,,,,,,,,,,388.6374,390.4527,,,,10,390.4533,391.8362,,,"[""right"",""space""]","[0.30359999999404863,1.2843000000119673]","[null,null]",10,391.8381,392.8361,space,0.9036,,59,Celebrities_Faces/059_rating.jpg,Michelle Obama,0,Michelle Obama,0,TRUE,TRUE,9,0,16,16,58,1,59,Celebrities_Faces/059_rating.jpg,Michelle Obama,Emma Watson,Millie Bobby Brown,Margot Robbie,Michelle Obama,,,,,,,,,,,,,,,,,,,,,,,,,,,,,,,,,,,,,,,,,,,,,,,,,,,,,,,,,,,,,,,,,,,
,,,,,6a180d4d0ef25bbf2bde78f5,2026-05-28_05h42.13.335,WP1_3,2025.2.3,Win32,60.24096386,66c13cc0c9ba487034df285c,6a030b8ba3607712b5d4bf26,,,,,,,,,,,,,,,,,,,,,,,,,,,,,,,,,,,,,,,,,392.8369,398.2692,,,,10,398.2699,399.536,,,"[""right"",""right"",""right"",""space""]","[0.37609999999403954,0.6565999999940004,0.9096999999879927,1.1570999999939886]","[null,null,null,null]",8,399.5379,400.9693,space,1.3289,,8,Celebrities_Faces/008_rating.jpg,Brad Pitt,3,Brad Pitt,3,TRUE,TRUE,10,0,17,17,7,1,8,Celebrities_Faces/008_rating.jpg,Cristiano Ronaldo,Daniel Craig,Lionel Messi,Brad Pitt,Brad Pitt,,,,,,,,,,,,,,,,,,,,,,,,,,,,,,,,,,,,,,,,,,,,,,,,,,,,,,,,,,,,,,,,,,,
,,,,,6a180d4d0ef25bbf2bde78f5,2026-05-28_05h42.13.335,WP1_3,2025.2.3,Win32,60.24096386,66c13cc0c9ba487034df285c,6a030b8ba3607712b5d4bf26,,,,,,,,,,,,,,,,,,,,,,,,,,,,,,,,,,,,,,,,,400.9703,403.2192,,,,10,403.2198,404.7859,,,"[""right"",""space""]","[0.4992999999820995,1.5341999999881182]","[null,null]",10,404.7878,405.6859,space,0.8658,,19,Celebrities_Faces/019_rating.jpg,Nicolas Cage,0,Nicolas Cage,0,TRUE,TRUE,11,0,18,18,18,1,19,Celebrities_Faces/019_rating.jpg,Nicolas Cage,George W.Bush,Cristiano Ronaldo,Bradley Cooper,Nicolas Cage,,,,,,,,,,,,,,,,,,,,,,,,,,,,,,,,,,,,,,,,,,,,,,,,,,,,,,,,,,,,,,,,,,,
,,,,,6a180d4d0ef25bbf2bde78f5,2026-05-28_05h42.13.335,WP1_3,2025.2.3,Win32,60.24096386,66c13cc0c9ba487034df285c,6a030b8ba3607712b5d4bf26,,,,,,,,,,,,,,,,,,,,,,,,,,,,,,,,,,,,,,,,,405.6867,408.3524,,,,10,408.353,409.8025,,,"[""right"",""space""]","[0.27259999999409956,1.372400000005996]","[null,null]",10,409.8041,411.7693,space,1.8855,,25,Celebrities_Faces/025_rating.jpg,Robert De Niro,2,Robert De Niro,2,TRUE,TRUE,12,0,19,19,24,1,25,Celebrities_Faces/025_rating.jpg,Bruce Willis,Arnold Schwarzeneger,Robert De Niro,Leonardo Di Caprio,Robert De Niro,,,,,,,,,,,,,,,,,,,,,,,,,,,,,,,,,,,,,,,,,,,,,,,,,,,,,,,,,,,,,,,,,,,
,,,,,6a180d4d0ef25bbf2bde78f5,2026-05-28_05h42.13.335,WP1_3,2025.2.3,Win32,60.24096386,66c13cc0c9ba487034df285c,6a030b8ba3607712b5d4bf26,,,,,,,,,,,,,,,,,,,,,,,,,,,,,,,,,,,,,,,,,411.7702,416.5858,,,,5,416.5865,417.3689,,,"[""space""]",[0.7176999999880991],[null],5,417.3704,421.4857,space,4.0519,,12,Celebrities_Faces/012_rating.jpg,Daniel Radcliffe,3,Daniel Radcliffe,3,TRUE,FALSE,12,0,20,20,11,1,12,Celebrities_Faces/012_rating.jpg,Bruce Willis,Ryan Reynolds,Ewan McGregor,Daniel Radcliffe,Daniel Radcliffe,,,,,,,,,,,,,,,,,,,,,,,,,,,,,,,,,,,,,,,,,,,,,,,,,,,,,,,,,,,,,,,,,,,
,,,,,6a180d4d0ef25bbf2bde78f5,2026-05-28_05h42.13.335,WP1_3,2025.2.3,Win32,60.24096386,66c13cc0c9ba487034df285c,6a030b8ba3607712b5d4bf26,,,,,,,,,,,,,,,,,,,,,,,,,,,,,,,,,,,,,,,,,421.4869,423.5022,,,,10,423.5028,424.7522,,,"[""right"",""space""]","[0.30309999999406045,1.2222999999821695]","[null,null]",10,424.754,425.8857,space,1.11,,56,Celebrities_Faces/056_rating.jpg,Reese Witherspoon,0,Reese Witherspoon,0,TRUE,TRUE,13,0,21,21,55,1,56,Celebrities_Faces/056_rating.jpg,Reese Witherspoon,Sandra Bullock,Nicole Kidman,Halle Berry,Reese Witherspoon,,,,,,,,,,,,,,,,,,,,,,,,,,,,,,,,,,,,,,,,,,,,,,,,,,,,,,,,,,,,,,,,,,,
,,,,,6a180d4d0ef25bbf2bde78f5,2026-05-28_05h42.13.335,WP1_3,2025.2.3,Win32,60.24096386,66c13cc0c9ba487034df285c,6a030b8ba3607712b5d4bf26,,,,,,,,,,,,,,,,,,,,,,,,,,,,,,,,,,,,,,,,,425.8864,430.9021,,,,6,430.9027,432.32,,,"[""right"",""right"",""space""]","[0.5175999999941041,1.0135000000000218,1.302000000000021]","[null,null,null]",7,432.3224,437.3021,space,4.8536,,40,Celebrities_Faces/040_rating.jpg,Gal Gadot,0,Gal Gadot,0,TRUE,FALSE,13,0,22,22,39,1,40,Celebrities_Faces/040_rating.jpg,Gal Gadot,Maria Sharapova,Taylor Swift,Nicole Kidman,Gal Gadot,,,,,,,,,,,,,,,,,,,,,,,,,,,,,,,,,,,,,,,,,,,,,,,,,,,,,,,,,,,,,,,,,,,
,,,,,6a180d4d0ef25bbf2bde78f5,2026-05-28_05h42.13.335,WP1_3,2025.2.3,Win32,60.24096386,66c13cc0c9ba487034df285c,6a030b8ba3607712b5d4bf26,,,,,,,,,,,,,,,,,,,,,,,,,,,,,,,,,,,,,,,,,437.3028,440.702,,,,6,440.7027,442.0522,,,"[""right"",""space""]","[0.4230000000000018,1.142399999976078]","[null,null]",6,442.0541,445.752,space,3.4904,,37,Celebrities_Faces/037_rating.jpg,Natalie Portman,1,Natalie Portman,1,TRUE,FALSE,13,0,23,23,36,1,37,Celebrities_Faces/037_rating.jpg,Lady Gaga,Natalie Portman,Hillary Clinton,Michelle Obama,Natalie Portman,,,,,,,,,,,,,,,,,,,,,,,,,,,,,,,,,,,,,,,,,,,,,,,,,,,,,,,,,,,,,,,,,,,
,,,,,6a180d4d0ef25bbf2bde78f5,2026-05-28_05h42.13.335,WP1_3,2025.2.3,Win32,60.24096386,66c13cc0c9ba487034df285c,6a030b8ba3607712b5d4bf26,,,,,,,,,,,,,,,,,,,,,,,,,,,,,,,,,,,,,,,,,445.7529,447.8021,,,,5,447.8028,448.3854,,,"[""space""]",[0.5519999999999072],[null],5,448.387,453.2354,space,4.8143,,14,Celebrities_Faces/014_rating.jpg,Daniel Craig,2,Daniel Craig,2,TRUE,FALSE,13,0,24,24,13,1,14,Celebrities_Faces/014_rating.jpg,Robert De Niro,Ryan Reynolds,Daniel Craig,Chris Hemsworth,Daniel Craig,,,,,,,,,,,,,,,,,,,,,,,,,,,,,,,,,,,,,,,,,,,,,,,,,,,,,,,,,,,,,,,,,,,
,,,,,6a180d4d0ef25bbf2bde78f5,2026-05-28_05h42.13.335,WP1_3,2025.2.3,Win32,60.24096386,66c13cc0c9ba487034df285c,6a030b8ba3607712b5d4bf26,,,,,,,,,,,,,,,,,,,,,,,,,,,,,,,,,,,,,,,,,453.2362,455.8185,,,,5,455.8191,456.4185,,,"[""space""]",[0.5534000000059223],[null],5,456.4201,461.8185,space,5.3508,,17,Celebrities_Faces/017_rating.jpg,Hugh Jackman,2,Ewan McGregor,1,FALSE,FALSE,13,0,25,25,16,1,17,Celebrities_Faces/017_rating.jpg,Keanu Reeves,Hugh Jackman,Ewan McGregor,Tom Cruise,Hugh Jackman,,,,,,,,,,,,,,,,,,,,,,,,,,,,,,,,,,,,,,,,,,,,,,,,,,,,,,,,,,,,,,,,,,,
,,,,,6a180d4d0ef25bbf2bde78f5,2026-05-28_05h42.13.335,WP1_3,2025.2.3,Win32,60.24096386,66c13cc0c9ba487034df285c,6a030b8ba3607712b5d4bf26,,,,,,,,,,,,,,,,,,,,,,,,,,,,,,,,,,,,,,,,,461.8193,463.4516,,,,5,463.4524,464.1354,,,"[""space""]",[0.500799999982064],[null],5,464.1378,467.0017,space,2.6655,,3,Celebrities_Faces/003_rating.jpg,Roger Federer,2,Roger Federer,2,TRUE,FALSE,13,0,26,26,2,1,3,Celebrities_Faces/003_rating.jpg,Dwayne Johnson,Keanu Reeves,Roger Federer,Ben Affleck,Roger Federer,,,,,,,,,,,,,,,,,,,,,,,,,,,,,,,,,,,,,,,,,,,,,,,,,,,,,,,,,,,,,,,,,,,
,,,,,6a180d4d0ef25bbf2bde78f5,2026-05-28_05h42.13.335,WP1_3,2025.2.3,Win32,60.24096386,66c13cc0c9ba487034df285c,6a030b8ba3607712b5d4bf26,,,,,,,,,,,,,,,,,,,,,,,,,,,,,,,,,,,,,,,,,467.0025,469.0684,,,,10,469.069,470.5017,,,"[""right"",""space""]","[0.2993999999761172,1.3479999999999563]","[null,null]",10,470.5032,471.5686,space,0.9749,,28,Celebrities_Faces/028_rating.jpg,Dwayne Johnson,0,Dwayne Johnson,0,TRUE,TRUE,14,0,27,27,27,1,28,Celebrities_Faces/028_rating.jpg,Dwayne Johnson,Ryan Reynolds,Bradley Cooper,Lionel Messi,Dwayne Johnson,,,,,,,,,,,,,,,,,,,,,,,,,,,,,,,,,,,,,,,,,,,,,,,,,,,,,,,,,,,,,,,,,,,
,,,,,6a180d4d0ef25bbf2bde78f5,2026-05-28_05h42.13.335,WP1_3,2025.2.3,Win32,60.24096386,66c13cc0c9ba487034df285c,6a030b8ba3607712b5d4bf26,,,,,,,,,,,,,,,,,,,,,,,,,,,,,,,,,,,,,,,,,471.5695,483.8349,,,,5,483.8355,486.0181,,,"[""space""]",[2.116299999982175],[null],5,486.0201,489.9855,space,3.898,,55,Celebrities_Faces/055_rating.jpg,Charlize Theron,3,Charlize Theron,3,TRUE,FALSE,14,0,28,28,54,1,55,Celebrities_Faces/055_rating.jpg,Natalie Portman,Margot Robbie,Angelina Jolie,Charlize Theron,Charlize Theron,,,,,,,,,,,,,,,,,,,,,,,,,,,,,,,,,,,,,,,,,,,,,,,,,,,,,,,,,,,,,,,,,,,
,,,,,6a180d4d0ef25bbf2bde78f5,2026-05-28_05h42.13.335,WP1_3,2025.2.3,Win32,60.24096386,66c13cc0c9ba487034df285c,6a030b8ba3607712b5d4bf26,,,,,,,,,,,,,,,,,,,,,,,,,,,,,,,,,,,,,,,,,489.9864,492.4349,,,,5,492.4355,493.1851,,,"[""space""]",[0.7157000000178186],[null],5,493.1874,498.2513,space,5.0332,,53,Celebrities_Faces/053_rating.jpg,Keira Knightley,2,Olivia Rodrigo,3,FALSE,FALSE,14,0,29,29,52,1,53,Celebrities_Faces/053_rating.jpg,Anne Hathaway,Emma Stone,Olivia Rodrigo,Keira Knightley,Keira Knightley,,,,,,,,,,,,,,,,,,,,,,,,,,,,,,,,,,,,,,,,,,,,,,,,,,,,,,,,,,,,,,,,,,,
,,,,,6a180d4d0ef25bbf2bde78f5,2026-05-28_05h42.13.335,WP1_3,2025.2.3,Win32,60.24096386,66c13cc0c9ba487034df285c,6a030b8ba3607712b5d4bf26,,,,,,,,,,,,,,,,,,,,,,,,,,,,,,,,,,,,,,,,,498.2522,502.1348,,,,10,502.1355,503.7347,,,"[""right"",""right"",""space""]","[0.3441999999881773,1.2610999999940304,1.531500000000051]","[null,null,null]",7,503.7363,505.5188,space,1.7124,,34,Celebrities_Faces/034_rating.jpg,Angelina Jolie,2,Angelina Jolie,2,TRUE,TRUE,15,0,30,30,33,1,34,Celebrities_Faces/034_rating.jpg,Anya Taylor-Joy,Maria Sharapova,Angelina Jolie,Nicole Kidman,Angelina Jolie,,,,,,,,,,,,,,,,,,,,,,,,,,,,,,,,,,,,,,,,,,,,,,,,,,,,,,,,,,,,,,,,,,,
,,,,,6a180d4d0ef25bbf2bde78f5,2026-05-28_05h42.13.335,WP1_3,2025.2.3,Win32,60.24096386,66c13cc0c9ba487034df285c,6a030b8ba3607712b5d4bf26,,,,,,,,,,,,,,,,,,,,,,,,,,,,,,,,,,,,,,,,,505.5197,512.0678,,,,5,512.0683,512.651,,,"[""space""]",[0.37759999999411775],[null],5,512.653,518.3346,space,5.4787,,5,Celebrities_Faces/005_rating.jpg,Lionel Messi,2,Cristiano Ronaldo,0,FALSE,FALSE,15,0,31,31,4,1,5,Celebrities_Faces/005_rating.jpg,Lionel Messi,Matt Damon,Cristiano Ronaldo,Lebron James,Lionel Messi,,,,,,,,,,,,,,,,,,,,,,,,,,,,,,,,,,,,,,,,,,,,,,,,,,,,,,,,,,,,,,,,,,,
,,,,,6a180d4d0ef25bbf2bde78f5,2026-05-28_05h42.13.335,WP1_3,2025.2.3,Win32,60.24096386,66c13cc0c9ba487034df285c,6a030b8ba3607712b5d4bf26,,,,,,,,,,,,,,,,,,,,,,,,,,,,,,,,,,,,,,,,,518.3354,521.0846,,,,10,521.0852,522.4344,,,"[""right"",""space""]","[0.38880000001188364,1.3084000000059177]","[null,null]",10,522.4362,525.0177,space,2.5361,,58,Celebrities_Faces/058_rating.jpg,Nicole Kidman,2,Nicole Kidman,2,TRUE,TRUE,16,0,32,32,57,1,58,Celebrities_Faces/058_rating.jpg,Millie Bobby Brown,Greta Thunberg,Nicole Kidman,Julia Roberts,Nicole Kidman,,,,,,,,,,,,,,,,,,,,,,,,,,,,,,,,,,,,,,,,,,,,,,,,,,,,,,,,,,,,,,,,,,,
,,,,,6a180d4d0ef25bbf2bde78f5,2026-05-28_05h42.13.335,WP1_3,2025.2.3,Win32,60.24096386,66c13cc0c9ba487034df285c,6a030b8ba3607712b5d4bf26,,,,,,,,,,,,,,,,,,,,,,,,,,,,,,,,,,,,,,,,,525.0185,526.4844,,,,5,526.4849,527.0009,,,"[""space""]",[0.45209999999406136],[null],5,527.0026,530.8175,space,3.75,,43,Celebrities_Faces/043_rating.jpg,Maria Sharapova,3,Maria Sharapova,3,TRUE,FALSE,16,0,33,33,42,1,43,Celebrities_Faces/043_rating.jpg,Michelle Obama,Taylor Swift,Greta Thunberg,Maria Sharapova,Maria Sharapova,,,,,,,,,,,,,,,,,,,,,,,,,,,,,,,,,,,,,,,,,,,,,,,,,,,,,,,,,,,,,,,,,,,
,,,,,6a180d4d0ef25bbf2bde78f5,2026-05-28_05h42.13.335,WP1_3,2025.2.3,Win32,60.24096386,66c13cc0c9ba487034df285c,6a030b8ba3607712b5d4bf26,,,,,,,,,,,,,,,,,,,,,,,,,,,,,,,,,,,,,,,,,530.8183,534.8175,,,,8,534.8181,535.7008,,,"[""space""]",[0.7386999999881709],[null],5,535.7024,538.3508,space,2.5022,,35,Celebrities_Faces/035_rating.jpg,Lindsay Lohan,3,Lindsay Lohan,3,TRUE,TRUE,17,0,34,34,34,1,35,Celebrities_Faces/035_rating.jpg,Anya Taylor-Joy,Millie Bobby Brown,Keira Knightley,Lindsay Lohan,Lindsay Lohan,,,,,,,,,,,,,,,,,,,,,,,,,,,,,,,,,,,,,,,,,,,,,,,,,,,,,,,,,,,,,,,,,,,
,,,,,6a180d4d0ef25bbf2bde78f5,2026-05-28_05h42.13.335,WP1_3,2025.2.3,Win32,60.24096386,66c13cc0c9ba487034df285c,6a030b8ba3607712b5d4bf26,,,,,,,,,,,,,,,,,,,,,,,,,,,,,,,,,,,,,,,,,538.3517,545.9173,,,,10,545.9179,547.2173,,,"[""right"",""space""]","[0.31319999998811454,1.2470999999940204]","[null,null]",10,547.219,548.7181,space,1.4535,,39,Celebrities_Faces/039_rating.jpg,Scarlett Johansson,1,Scarlett Johansson,1,TRUE,TRUE,18,0,35,35,38,1,39,Celebrities_Faces/039_rating.jpg,Simone Biles,Scarlett Johansson,Gal Gadot,Hillary Clinton,Scarlett Johansson,,,,,,,,,,,,,,,,,,,,,,,,,,,,,,,,,,,,,,,,,,,,,,,,,,,,,,,,,,,,,,,,,,,
,,,,,6a180d4d0ef25bbf2bde78f5,2026-05-28_05h42.13.335,WP1_3,2025.2.3,Win32,60.24096386,66c13cc0c9ba487034df285c,6a030b8ba3607712b5d4bf26,,,,,,,,,,,,,,,,,,,,,,,,,,,,,,,,,,,,,,,,,548.7188,551.834,,,,10,551.8346,553.4506,,,"[""space""]",[1.5360000000000582],[null],5,553.4525,555.3005,space,1.7671,,38,Celebrities_Faces/038_rating.jpg,Taylor Swift,3,Taylor Swift,3,TRUE,TRUE,19,0,36,36,37,1,38,Celebrities_Faces/038_rating.jpg,Keira Knightley,Scarlett Johansson,Margot Robbie,Taylor Swift,Taylor Swift,,,,,,,,,,,,,,,,,,,,,,,,,,,,,,,,,,,,,,,,,,,,,,,,,,,,,,,,,,,,,,,,,,,
,,,,,6a180d4d0ef25bbf2bde78f5,2026-05-28_05h42.13.335,WP1_3,2025.2.3,Win32,60.24096386,66c13cc0c9ba487034df285c,6a030b8ba3607712b5d4bf26,,,,,,,,,,,,,,,,,,,,,,,,,,,,,,,,,,,,,,,,,555.3015,557.1671,,,,5,557.1678,557.6005,,,"[""space""]",[0.38819999998804633],[null],5,557.6023,561.134,space,3.4792,,23,Celebrities_Faces/023_rating.jpg,Ryan Gosling,2,Ryan Gosling,2,TRUE,FALSE,19,0,37,37,22,1,23,Celebrities_Faces/023_rating.jpg,Brad Pitt,Cristiano Ronaldo,Ryan Gosling,Tom Holland,Ryan Gosling,,,,,,,,,,,,,,,,,,,,,,,,,,,,,,,,,,,,,,,,,,,,,,,,,,,,,,,,,,,,,,,,,,,
,,,,,6a180d4d0ef25bbf2bde78f5,2026-05-28_05h42.13.335,WP1_3,2025.2.3,Win32,60.24096386,66c13cc0c9ba487034df285c,6a030b8ba3607712b5d4bf26,,,,,,,,,,,,,,,,,,,,,,,,,,,,,,,,,,,,,,,,,561.1349,562.8003,,,,5,562.801,563.2504,,,"[""space""]",[0.3849000000060414],[null],5,563.2524,566.6341,space,3.3153,,11,Celebrities_Faces/011_rating.jpg,Chris Evans,0,Chris Evans,0,TRUE,FALSE,19,0,38,38,10,1,11,Celebrities_Faces/011_rating.jpg,Chris Evans,Daniel Craig,Ryan Reynolds,Arnold Schwarzeneger,Chris Evans,,,,,,,,,,,,,,,,,,,,,,,,,,,,,,,,,,,,,,,,,,,,,,,,,,,,,,,,,,,,,,,,,,,
,,,,,6a180d4d0ef25bbf2bde78f5,2026-05-28_05h42.13.335,WP1_3,2025.2.3,Win32,60.24096386,66c13cc0c9ba487034df285c,6a030b8ba3607712b5d4bf26,,,,,,,,,,,,,,,,,,,,,,,,,,,,,,,,,,,,,,,,,566.635,569.434,,,,8,569.4347,571.2339,,,"[""right"",""right"",""right"",""space""]","[0.7869000000059714,1.1543000000119719,1.453699999988089,1.77049999999997]","[null,null,null,null]",8,571.2359,574.7182,space,3.4578,,52,Celebrities_Faces/052_rating.jpg,Emma Watson,3,Emma Watson,3,TRUE,TRUE,20,0,39,39,51,1,52,Celebrities_Faces/052_rating.jpg,Anne Hathaway,Natalie Portman,Hillary Clinton,Emma Watson,Emma Watson,,,,,,,,,,,,,,,,,,,,,,,,,,,,,,,,,,,,,,,,,,,,,,,,,,,,,,,,,,,,,,,,,,,
,,,,,6a180d4d0ef25bbf2bde78f5,2026-05-28_05h42.13.335,WP1_3,2025.2.3,Win32,60.24096386,66c13cc0c9ba487034df285c,6a030b8ba3607712b5d4bf26,,,,,,,,,,,,,,,,,,,,,,,,,,,,,,,,,,,,,,,,,574.7195,576.867,,,,10,576.8677,578.7837,,,"[""right"",""right"",""space""]","[1.0812999999822068,1.4172999999822196,1.8635000000000446]","[null,null,null]",7,578.7853,579.7837,space,0.9461,,7,Celebrities_Faces/007_rating.jpg,Ben Affleck,0,Ben Affleck,0,TRUE,TRUE,21,0,40,40,6,1,7,Celebrities_Faces/007_rating.jpg,Ben Affleck,Nicolas Cage,Henri Canvill,Leonardo Di Caprio,Ben Affleck,,,,,,,,,,,,,,,,,,,,,,,,,,,,,,,,,,,,,,,,,,,,,,,,,,,,,,,,,,,,,,,,,,,
,,,,,6a180d4d0ef25bbf2bde78f5,2026-05-28_05h42.13.335,WP1_3,2025.2.3,Win32,60.24096386,66c13cc0c9ba487034df285c,6a030b8ba3607712b5d4bf26,,,,,,,,,,,,,,,,,,,,,,,,,,,,,,,,,,,,,,,,,579.7846,582.8501,,,,6,582.8507,583.518,,,"[""right"",""space""]","[0.3378999999761163,0.6098999999761645]","[null,null]",6,583.5196,587.4002,space,3.8203,,21,Celebrities_Faces/021_rating.jpg,Henri Canvill,3,Tom Holland,0,FALSE,FALSE,21,0,41,41,20,1,21,Celebrities_Faces/021_rating.jpg,Henri Canvill,George Clooney,Bradley Cooper,Tom Holland,Henri Canvill,,,,,,,,,,,,,,,,,,,,,,,,,,,,,,,,,,,,,,,,,,,,,,,,,,,,,,,,,,,,,,,,,,,
,,,,,6a180d4d0ef25bbf2bde78f5,2026-05-28_05h42.13.335,WP1_3,2025.2.3,Win32,60.24096386,66c13cc0c9ba487034df285c,6a030b8ba3607712b5d4bf26,,,,,,,,,,,,,,,,,,,,,,,,,,,,,,,,,,,,,,,,,587.401,597.1835,,,,10,597.1841,598.5667,,,"[""right"",""space""]","[0.22409999999399588,1.2046999999880654]","[null,null]",10,598.5691,601.0003,space,2.2568,,45,Celebrities_Faces/045_rating.jpg,Cameron Diaz,3,Cameron Diaz,3,TRUE,TRUE,22,0,42,42,44,1,45,Celebrities_Faces/045_rating.jpg,Taylor Swift,Natalie Portman,Maria Sharapova,Cameron Diaz,Cameron Diaz,,,,,,,,,,,,,,,,,,,,,,,,,,,,,,,,,,,,,,,,,,,,,,,,,,,,,,,,,,,,,,,,,,,
,,,,,6a180d4d0ef25bbf2bde78f5,2026-05-28_05h42.13.335,WP1_3,2025.2.3,Win32,60.24096386,66c13cc0c9ba487034df285c,6a030b8ba3607712b5d4bf26,,,,,,,,,,,,,,,,,,,,,,,,,,,,,,,,,,,,,,,,,601.0013,606.6336,,,,10,606.6343,607.9498,,,"[""right"",""space""]","[0.2805999999940241,1.268000000000029]","[null,null]",10,607.9515,608.8834,space,0.8821,,6,Celebrities_Faces/006_rating.jpg,Arnold Schwarzeneger,0,Arnold Schwarzeneger,0,TRUE,TRUE,23,0,43,43,5,1,6,Celebrities_Faces/006_rating.jpg,Arnold Schwarzeneger,Dwayne Johnson,Tom Cruise,Ryan Reynolds,Arnold Schwarzeneger,,,,,,,,,,,,,,,,,,,,,,,,,,,,,,,,,,,,,,,,,,,,,,,,,,,,,,,,,,,,,,,,,,,
,,,,,6a180d4d0ef25bbf2bde78f5,2026-05-28_05h42.13.335,WP1_3,2025.2.3,Win32,60.24096386,66c13cc0c9ba487034df285c,6a030b8ba3607712b5d4bf26,,,,,,,,,,,,,,,,,,,,,,,,,,,,,,,,,,,,,,,,,608.8843,613.6832,,,,10,613.6838,614.9664,,,"[""right"",""space""]","[0.1995000000000573,1.1169000000060123]","[null,null]",10,614.968,616.1498,space,1.0098,,32,Celebrities_Faces/032_rating.jpg,Anne Hathaway,1,Anne Hathaway,1,TRUE,TRUE,24,0,44,44,31,1,32,Celebrities_Faces/032_rating.jpg,Charlize Theron,Anne Hathaway,Gal Gadot,Millie Bobby Brown,Anne Hathaway,,,,,,,,,,,,,,,,,,,,,,,,,,,,,,,,,,,,,,,,,,,,,,,,,,,,,,,,,,,,,,,,,,,
,,,,,6a180d4d0ef25bbf2bde78f5,2026-05-28_05h42.13.335,WP1_3,2025.2.3,Win32,60.24096386,66c13cc0c9ba487034df285c,6a030b8ba3607712b5d4bf26,,,,,,,,,,,,,,,,,,,,,,,,,,,,,,,,,,,,,,,,,616.1508,692.1655,,,,5,692.1663,698.0323,,,"[""space""]",[5.6614000000058695],[null],5,698.0347,701.2822,space,3.0387,,18,Celebrities_Faces/018_rating.jpg,Chris Hemsworth,0,Chris Hemsworth,0,TRUE,FALSE,24,0,45,45,17,1,18,Celebrities_Faces/018_rating.jpg,Chris Hemsworth,Leonardo Di Caprio,Nicolas Cage,Tom Cruise,Chris Hemsworth,,,,,,,,,,,,,,,,,,,,,,,,,,,,,,,,,,,,,,,,,,,,,,,,,,,,,,,,,,,,,,,,,,,
,,,,,6a180d4d0ef25bbf2bde78f5,2026-05-28_05h42.13.335,WP1_3,2025.2.3,Win32,60.24096386,66c13cc0c9ba487034df285c,6a030b8ba3607712b5d4bf26,,,,,,,,,,,,,,,,,,,,,,,,,,,,,,,,,,,,,,,,,701.283,703.8153,,,,5,703.8159,704.3653,,,"[""space""]",[0.5165999999940141],[null],5,704.3672,706.782,space,2.3846,,49,Celebrities_Faces/049_rating.jpg,Olivia Rodrigo,0,Olivia Rodrigo,0,TRUE,FALSE,24,0,46,46,48,1,49,Celebrities_Faces/049_rating.jpg,Olivia Rodrigo,Lindsay Lohan,Gal Gadot,Angelina Jolie,Olivia Rodrigo,,,,,,,,,,,,,,,,,,,,,,,,,,,,,,,,,,,,,,,,,,,,,,,,,,,,,,,,,,,,,,,,,,,
,,,,,6a180d4d0ef25bbf2bde78f5,2026-05-28_05h42.13.335,WP1_3,2025.2.3,Win32,60.24096386,66c13cc0c9ba487034df285c,6a030b8ba3607712b5d4bf26,,,,,,,,,,,,,,,,,,,,,,,,,,,,,,,,,,,,,,,,,706.7828,708.5987,,,,5,708.5993,709.1153,,,"[""space""]",[0.47009999999409047],[null],5,709.117,712.4152,space,3.2517,,42,Celebrities_Faces/042_rating.jpg,Greta Thunberg,3,Greta Thunberg,3,TRUE,FALSE,24,0,47,47,41,1,42,Celebrities_Faces/042_rating.jpg,Simone Biles,Michelle Obama,Anne Hathaway,Greta Thunberg,Greta Thunberg,,,,,,,,,,,,,,,,,,,,,,,,,,,,,,,,,,,,,,,,,,,,,,,,,,,,,,,,,,,,,,,,,,,
,,,,,6a180d4d0ef25bbf2bde78f5,2026-05-28_05h42.13.335,WP1_3,2025.2.3,Win32,60.24096386,66c13cc0c9ba487034df285c,6a030b8ba3607712b5d4bf26,,,,,,,,,,,,,,,,,,,,,,,,,,,,,,,,,,,,,,,,,712.416,714.7986,,,,10,714.7992,716.1319,,,"[""right"",""space""]","[0.36240000000600503,1.2354000000059386]","[null,null]",10,716.1339,718.5984,space,2.3666,,26,Celebrities_Faces/026_rating.jpg,George Clooney,2,George Clooney,2,TRUE,TRUE,25,0,48,48,25,1,26,Celebrities_Faces/026_rating.jpg,Robert De Niro,Ewan McGregor,George Clooney,Daniel Radcliffe,George Clooney,,,,,,,,,,,,,,,,,,,,,,,,,,,,,,,,,,,,,,,,,,,,,,,,,,,,,,,,,,,,,,,,,,,
,,,,,6a180d4d0ef25bbf2bde78f5,2026-05-28_05h42.13.335,WP1_3,2025.2.3,Win32,60.24096386,66c13cc0c9ba487034df285c,6a030b8ba3607712b5d4bf26,,,,,,,,,,,,,,,,,,,,,,,,,,,,,,,,,,,,,,,,,718.5994,720.6819,,,,10,720.6826,721.8984,,,"[""right"",""space""]","[0.20259999999404954,1.1305000000000973]","[null,null]",10,721.9004,723.5985,space,1.6134,,54,Celebrities_Faces/054_rating.jpg,Julia Roberts,0,Julia Roberts,0,TRUE,TRUE,26,0,49,49,53,1,54,Celebrities_Faces/054_rating.jpg,Julia Roberts,Anne Hathaway,Olivia Rodrigo,Simone Biles,Julia Roberts,,,,,,,,,,,,,,,,,,,,,,,,,,,,,,,,,,,,,,,,,,,,,,,,,,,,,,,,,,,,,,,,,,,
,,,,,6a180d4d0ef25bbf2bde78f5,2026-05-28_05h42.13.335,WP1_3,2025.2.3,Win32,60.24096386,66c13cc0c9ba487034df285c,6a030b8ba3607712b5d4bf26,,,,,,,,,,,,,,,,,,,,,,,,,,,,,,,,,,,,,,,,,723.5993,725.6651,,,,5,725.6657,726.1983,,,"[""space""]",[0.36119999998811636],[null],5,726.2002,728.1817,space,1.8139,,51,Celebrities_Faces/051_rating.jpg,Margot Robbie,0,Margot Robbie,0,TRUE,FALSE,26,0,50,50,50,1,51,Celebrities_Faces/051_rating.jpg,Margot Robbie,Halle Berry,Emma Watson,Julia Roberts,Margot Robbie,,,,,,,,,,,,,,,,,,,,,,,,,,,,,,,,,,,,,,,,,,,,,,,,,,,,,,,,,,,,,,,,,,,
,,,,,6a180d4d0ef25bbf2bde78f5,2026-05-28_05h42.13.335,WP1_3,2025.2.3,Win32,60.24096386,66c13cc0c9ba487034df285c,6a030b8ba3607712b5d4bf26,,,,,,,,,,,,,,,,,,,,,,,,,,,,,,,,,,,,,,,,,728.1826,730.1817,,,,10,730.1823,731.4318,,,"[""right"",""space""]","[0.2699999999999818,1.150800000011941]","[null,null]",10,731.4338,732.5483,space,1.0181,,1,Celebrities_Faces/001_rating.jpg,Leonardo Di Caprio,2,Leonardo Di Caprio,2,TRUE,TRUE,27,0,51,51,0,1,1,Celebrities_Faces/001_rating.jpg,Ben Affleck,Daniel Craig,Leonardo Di Caprio,Roger Federer,Leonardo Di Caprio,,,,,,,,,,,,,,,,,,,,,,,,,,,,,,,,,,,,,,,,,,,,,,,,,,,,,,,,,,,,,,,,,,,
,,,,,6a180d4d0ef25bbf2bde78f5,2026-05-28_05h42.13.335,WP1_3,2025.2.3,Win32,60.24096386,66c13cc0c9ba487034df285c,6a030b8ba3607712b5d4bf26,,,,,,,,,,,,,,,,,,,,,,,,,,,,,,,,,,,,,,,,,732.5491,735.3482,,,,10,735.3488,736.5982,,,"[""right"",""space""]","[0.34999999999990905,1.2164000000059332]","[null,null]",10,736.6001,737.7161,space,1.0928,,20,Celebrities_Faces/020_rating.jpg,Matt Damon,1,Matt Damon,1,TRUE,TRUE,28,0,52,52,19,1,20,Celebrities_Faces/020_rating.jpg,Tom Cruise,Matt Damon,Chris Evans,Brad Pitt,Matt Damon,,,,,,,,,,,,,,,,,,,,,,,,,,,,,,,,,,,,,,,,,,,,,,,,,,,,,,,,,,,,,,,,,,,
,,,,,6a180d4d0ef25bbf2bde78f5,2026-05-28_05h42.13.335,WP1_3,2025.2.3,Win32,60.24096386,66c13cc0c9ba487034df285c,6a030b8ba3607712b5d4bf26,,,,,,,,,,,,,,,,,,,,,,,,,,,,,,,,,,,,,,,,,737.7172,739.8982,,,,10,739.8989,741.2316,,,"[""right"",""right"",""space""]","[0.6003000000118845,0.89730000001191,1.2140000000000555]","[null,null,null]",7,741.2336,742.9817,space,1.632,,2,Celebrities_Faces/002_rating.jpg,George W.Bush,3,George W.Bush,3,TRUE,TRUE,29,0,53,53,1,1,2,Celebrities_Faces/002_rating.jpg,Henri Canvill,Chris Evans,Tom Holland,George W.Bush,George W.Bush,,,,,,,,,,,,,,,,,,,,,,,,,,,,,,,,,,,,,,,,,,,,,,,,,,,,,,,,,,,,,,,,,,,
,,,,,6a180d4d0ef25bbf2bde78f5,2026-05-28_05h42.13.335,WP1_3,2025.2.3,Win32,60.24096386,66c13cc0c9ba487034df285c,6a030b8ba3607712b5d4bf26,,,,,,,,,,,,,,,,,,,,,,,,,,,,,,,,,,,,,,,,,742.9829,745.4648,,,,10,745.4654,746.8647,,,"[""right"",""space""]","[0.401599999994005,1.33689999997614]","[null,null]",10,746.8663,747.9149,space,0.9885,,13,Celebrities_Faces/013_rating.jpg,Denzel Washighton,0,Denzel Washighton,0,TRUE,TRUE,30,0,54,54,12,1,13,Celebrities_Faces/013_rating.jpg,Denzel Washighton,Chris Hemsworth,Matt Damon,George W.Bush,Denzel Washighton,,,,,,,,,,,,,,,,,,,,,,,,,,,,,,,,,,,,,,,,,,,,,,,,,,,,,,,,,,,,,,,,,,,
,,,,,6a180d4d0ef25bbf2bde78f5,2026-05-28_05h42.13.335,WP1_3,2025.2.3,Win32,60.24096386,66c13cc0c9ba487034df285c,6a030b8ba3607712b5d4bf26,,,,,,,,,,,,,,,,,,,,,,,,,,,,,,,,,,,,,,,,,747.916,750.5317,,,,10,750.5324,751.998,,,"[""right"",""right"",""space""]","[0.35640000000591954,1.0364000000059832,1.4160999999940032]","[null,null,null]",8,751.9999,753.9981,space,1.948,,31,Celebrities_Faces/031_rating.jpg,Sandra Bullock,3,Sandra Bullock,3,TRUE,TRUE,31,0,55,55,30,1,31,Celebrities_Faces/031_rating.jpg,Michelle Obama,Emma Watson,Halle Berry,Sandra Bullock,Sandra Bullock,,,,,,,,,,,,,,,,,,,,,,,,,,,,,,,,,,,,,,,,,,,,,,,,,,,,,,,,,,,,,,,,,,,
,,,,,6a180d4d0ef25bbf2bde78f5,2026-05-28_05h42.13.335,WP1_3,2025.2.3,Win32,60.24096386,66c13cc0c9ba487034df285c,6a030b8ba3607712b5d4bf26,,,,,,,,,,,,,,,,,,,,,,,,,,,,,,,,,,,,,,,,,753.9989,757.6314,,,,10,757.632,760.2817,,,"[""left"",""left"",""left"",""left"",""space""]","[1.5129000000059705,1.7790999999940595,2.012699999988058,2.2328000000119346,2.578599999994026]","[null,null,null,null,null]",1,760.2831,761.3815,space,1.027,,47,Celebrities_Faces/047_rating.jpg,Hillary Clinton,0,Hillary Clinton,0,TRUE,TRUE,32,0,56,56,46,1,47,Celebrities_Faces/047_rating.jpg,Hillary Clinton,Sandra Bullock,Michelle Obama,Anne Hathaway,Hillary Clinton,,,,,,,,,,,,,,,,,,,,,,,,,,,,,,,,,,,,,,,,,,,,,,,,,,,,,,,,,,,,,,,,,,,
,,,,,6a180d4d0ef25bbf2bde78f5,2026-05-28_05h42.13.335,WP1_3,2025.2.3,Win32,60.24096386,66c13cc0c9ba487034df285c,6a030b8ba3607712b5d4bf26,,,,,,,,,,,,,,,,,,,,,,,,,,,,,,,,,,,,,,,,,761.3822,763.0646,,,,5,763.0652,763.9979,,,"[""space""]",[0.902599999994095],[null],5,763.9997,767.5478,space,3.5201,,4,Celebrities_Faces/004_rating.jpg,Cristiano Ronaldo,3,Cristiano Ronaldo,3,TRUE,FALSE,32,0,57,57,3,1,4,Celebrities_Faces/004_rating.jpg,Matt Damon,Robert De Niro,Denzel Washighton,Cristiano Ronaldo,Cristiano Ronaldo,,,,,,,,,,,,,,,,,,,,,,,,,,,,,,,,,,,,,,,,,,,,,,,,,,,,,,,,,,,,,,,,,,,
,,,,,6a180d4d0ef25bbf2bde78f5,2026-05-28_05h42.13.335,WP1_3,2025.2.3,Win32,60.24096386,66c13cc0c9ba487034df285c,6a030b8ba3607712b5d4bf26,,,,,,,,,,,,,,,,,,,,,,,,,,,,,,,,,,,,,,,,,767.5485,772.0812,,,,10,772.0819,774.3644,,,"[""left"",""left"",""left"",""left"",""space""]","[1.2349000000059505,1.46810000002381,1.70150000000001,1.9216000000237727,2.1536000000238573]","[null,null,null,null,null]",1,774.3666,775.5156,space,1.0178,,30,Celebrities_Faces/030_rating.jpg,Tom Cruise,0,Tom Cruise,0,TRUE,TRUE,33,0,58,58,29,1,30,Celebrities_Faces/030_rating.jpg,Tom Cruise,Lionel Messi,Chris Evans,Bruce Willis,Tom Cruise,,,,,,,,,,,,,,,,,,,,,,,,,,,,,,,,,,,,,,,,,,,,,,,,,,,,,,,,,,,,,,,,,,,
,,,,,6a180d4d0ef25bbf2bde78f5,2026-05-28_05h42.13.335,WP1_3,2025.2.3,Win32,60.24096386,66c13cc0c9ba487034df285c,6a030b8ba3607712b5d4bf26,,,,,,,,,,,,,,,,,,,,,,,,,,,,,,,,,,,,,,,,,775.5162,777.0644,,,,5,777.065,777.4645,,,"[""space""]",[0.369700000017815],[null],5,777.4665,780.7643,space,3.2667,,16,Celebrities_Faces/016_rating.jpg,Ewan McGregor,0,Ewan McGregor,0,TRUE,FALSE,33,0,59,59,15,1,16,Celebrities_Faces/016_rating.jpg,Ewan McGregor,Robert De Niro,Lionel Messi,Leonardo Di Caprio,Ewan McGregor,,,,,,,,,,,,,,,,,,,,,,,,,,,,,,,,,,,,,,,,,,,,,,,,,,,,,,,,,,,,,,,,,,,
,,,,,6a180d4d0ef25bbf2bde78f5,2026-05-28_05h42.13.335,WP1_3,2025.2.3,Win32,60.24096386,66c13cc0c9ba487034df285c,6a030b8ba3607712b5d4bf26,,,,,,,,,,,,,,,,,,,,,,,,,,,,,,,,,,,,,,,,,,,,,,,,,,,,,,,,,,,,,,,,,,,,,,,,,,,,,,,,,top_30_qualified_by_familiarity,30,"57,27,15,10,33,9,22,24,59,8,19,25,56,28,34,58,39,38,7,45,6,32,26,54,1,20,2,13,31,47",780.7656,800.7643,,,,,,,,,,,,,,,,,,,,,,,,,,,,,,,,,,,,,,,,,,,,,,,,,,,,,,,,,,,,,,
,,,,,6a180d4d0ef25bbf2bde78f5,2026-05-28_05h42.13.335,WP1_3,2025.2.3,Win32,60.24096386,66c13cc0c9ba487034df285c,6a030b8ba3607712b5d4bf26,,,,,,,,,,,,,,,,,,,,,,,,,,,,,,,,,,,,,,,,,,,,,,,,,,,,,,,,,,,,,,,,,,,,,,,,,,,,,,,,,,,,,,800.766,800.7664,,,,,,,,,,,,,,,,,,,,,,,,,,,,,,,,,,,,,,,,,,,,,,,,,,,,,,,,,,,,
,,,,,6a180d4d0ef25bbf2bde78f5,2026-05-28_05h42.13.335,WP1_3,2025.2.3,Win32,60.24096386,66c13cc0c9ba487034df285c,6a030b8ba3607712b5d4bf26,,,,,,,,,,,,,,,,,,,,,,,,,,,,,,,,,,,,,,,,,,,,,,,,,,,,,,,,,,,,,,,,,,,,,,,,,,,,,,,,,,,,,,,,800.7666,809.4809,space,8.6949,,,,,,,,,,,,,,,,,,,,,,,,,,,,,,,,,,,,,,,,,,,,,,,,,,,,,,,,
,,,,,6a180d4d0ef25bbf2bde78f5,2026-05-28_05h42.13.335,WP1_3,2025.2.3,Win32,60.24096386,66c13cc0c9ba487034df285c,6a030b8ba3607712b5d4bf26,,,,,,,,,,,,,,,,,,,,,,,,,,,,,,,,,,,,,,,,,,,,,,,,,,,,,,,,,,,,,,,,,,,,,,,,,,,,,,,,,,,,,,,,,,,,,809.4811,811.8142,space,2.3155,,,,,,,,,,,,,,,,,,,,,,,,,,,,,,,,,,,,,,,,,,,,,,,,,,,
,,,,,6a180d4d0ef25bbf2bde78f5,2026-05-28_05h42.13.335,WP1_3,2025.2.3,Win32,60.24096386,66c13cc0c9ba487034df285c,6a030b8ba3607712b5d4bf26,,,,,,,,,,,,,,,,,,,,,,,,,,,,,,,,,,,,,,,,,,,,,,,,,,,,,,,,,,,,40,,,,,,,,,,,,,,,,,,,,,,,,,,,,,,,,,,,,,,2.36162868,811.8168,814.1808,814.1819,815.2642,q,0.9577,,TRUE,1,FALSE,,FALSE,,0,0,0,0,1,,,,,,,,,,,,,,,,,,,,,,,,,,,,,,,
,,,,,6a180d4d0ef25bbf2bde78f5,2026-05-28_05h42.13.335,WP1_3,2025.2.3,Win32,60.24096386,66c13cc0c9ba487034df285c,6a030b8ba3607712b5d4bf26,,,,,,,,,,,,,,,,,,,,,,,,,,,,,,,,,,,,,,,,,,,,,,,,,,,,,,,,,,,,30,,,,,,,,,,,,,,,,,,,,,,,,,,,,,,,,,,,,,,1.80135116,815.2647,817.0638,817.0645,819.1807,[],[],,TRUE,2,TRUE,,TRUE,,1,0,1,0,1,,,,,,,,,,,,,,,,,,,,,,,,,,,,,,,
,,,,,6a180d4d0ef25bbf2bde78f5,2026-05-28_05h42.13.335,WP1_3,2025.2.3,Win32,60.24096386,66c13cc0c9ba487034df285c,6a030b8ba3607712b5d4bf26,,,,,,,,,,,,,,,,,,,,,,,,,,,,,,,,,,,,,,,,,,,,,,,,,,,,,,,,,,,,56,,,,,,,,,,,,,,,,,,,,,,,,,,,,,,,,,,,,,,1.982627624,819.1813,821.1638,821.1644,822.2138,p,0.9441,,TRUE,3,FALSE,,FALSE,,2,0,2,0,1,,,,,,,,,,,,,,,,,,,,,,,,,,,,,,,
,,,,,6a180d4d0ef25bbf2bde78f5,2026-05-28_05h42.13.335,WP1_3,2025.2.3,Win32,60.24096386,66c13cc0c9ba487034df285c,6a030b8ba3607712b5d4bf26,,,,,,,,,,,,,,,,,,,,,,,,,,,,,,,,,,,,,,,,,,,,,,,,,,,,,,,,,,,,9,,,,,,,,,,,,,,,,,,,,,,,,,,,,,,,,,,,,,,2.150899468,822.2141,824.3638,824.3645,825.4806,[],[],,TRUE,4,FALSE,,TRUE,,3,0,3,0,1,,,,,,,,,,,,,,,,,,,,,,,,,,,,,,,
,,,,,6a180d4d0ef25bbf2bde78f5,2026-05-28_05h42.13.335,WP1_3,2025.2.3,Win32,60.24096386,66c13cc0c9ba487034df285c,6a030b8ba3607712b5d4bf26,,,,,,,,,,,,,,,,,,,,,,,,,,,,,,,,,,,,,,,,,,,,,,,,,,,,,,,,,,,,39,,,,,,,,,,,,,,,,,,,,,,,,,,,,,,,,,,,,,,1.693428044,825.4809,827.1638,827.1643,829.2807,[],[],,TRUE,5,FALSE,,TRUE,,4,0,4,0,1,,,,,,,,,,,,,,,,,,,,,,,,,,,,,,,
,,,,,6a180d4d0ef25bbf2bde78f5,2026-05-28_05h42.13.335,WP1_3,2025.2.3,Win32,60.24096386,66c13cc0c9ba487034df285c,6a030b8ba3607712b5d4bf26,,,,,,,,,,,,,,,,,,,,,,,,,,,,,,,,,,,,,,,,,,,,,,,,,,,,,,,,,,,,,,,,,,,,,,,,,,,,,,,,,,,,,,,,,,,,,,,,,,,,,,,,,,,,,,,,,,,,,829.2811,830.731,space,1.4378,,,,,,,,,,,,,,,,,,,,,,,,,,,
,,,,,6a180d4d0ef25bbf2bde78f5,2026-05-28_05h42.13.335,WP1_3,2025.2.3,Win32,60.24096386,66c13cc0c9ba487034df285c,6a030b8ba3607712b5d4bf26,,,,,,,,,,,,,,,,,,,,,,,,,,,,,,,,,,,,,,,,,,,,,,,,,,,,,,,,,,,,103,stim_fam/103_rgray_250.png,,,,,,,,,,,,,,,,,,,,,,,,,,,,,,,,,,,,,1.668477282,830.7334,832.3971,,,,,,,,FALSE,,TRUE,,,,,,,,,,,,832.3982,833.5143,,1,51,1,1,250,novel,,,FALSE,833.5147,834.5139,834.514,834.5159,,0,0,0,0,1,,,,
,,,,,6a180d4d0ef25bbf2bde78f5,2026-05-28_05h42.13.335,WP1_3,2025.2.3,Win32,60.24096386,66c13cc0c9ba487034df285c,6a030b8ba3607712b5d4bf26,,,,,,,,,,,,,,,,,,,,,,,,,,,,,,,,,,,,,,,,,,,,,,,,,,,,,,,,,,,,69,stim_fam/069_rgray_250.png,,,,,,,,,,,,,,,,,,,,,,,,,,,,,,,,,,,,,1.608900347,834.5165,836.1138,,,,,,,,FALSE,,TRUE,,,,,,,,,,,,836.1144,837.2304,,2,54,1,1,250,novel,,,FALSE,837.2308,838.2303,838.2304,838.2305,,1,0,1,0,1,,,,
,,,,,6a180d4d0ef25bbf2bde78f5,2026-05-28_05h42.13.335,WP1_3,2025.2.3,Win32,60.24096386,66c13cc0c9ba487034df285c,6a030b8ba3607712b5d4bf26,,,,,,,,,,,,,,,,,,,,,,,,,,,,,,,,,,,,,,,,,,,,,,,,,,,,,,,,,,,,32,Celebrities_Faces/032_03_greyscale_250.png,,,,,,,,,,,,,,,,,,,,,,,,,,,,,,,,,,,,,2.145445438,838.2307,840.3807,,,,,,,,TRUE,,FALSE,,,,,,,,,,,,840.3815,840.847,q,3,22,1,1,3,familiar,,,FALSE,840.8472,840.8473,840.8473,840.8473,,2,0,2,0,1,0.3448,,,
,,,,,6a180d4d0ef25bbf2bde78f5,2026-05-28_05h42.13.335,WP1_3,2025.2.3,Win32,60.24096386,66c13cc0c9ba487034df285c,6a030b8ba3607712b5d4bf26,,,,,,,,,,,,,,,,,,,,,,,,,,,,,,,,,,,,,,,,,,,,,,,,,,,,,,,,,,,,19,Celebrities_Faces/019_01_greyscale_250.png,,,,,,,,,,,,,,,,,,,,,,,,,,,,,,,,,,,,,2.386398714,840.8477,843.2304,,,,,,,,TRUE,,FALSE,,,,,,,,,,,,843.2312,843.6135,q,4,11,1,1,1,familiar,,,FALSE,843.6137,843.6138,843.6138,843.6139,,3,0,3,0,1,0.2719,,,
,,,,,6a180d4d0ef25bbf2bde78f5,2026-05-28_05h42.13.335,WP1_3,2025.2.3,Win32,60.24096386,66c13cc0c9ba487034df285c,6a030b8ba3607712b5d4bf26,,,,,,,,,,,,,,,,,,,,,,,,,,,,,,,,,,,,,,,,,,,,,,,,,,,,,,,,,,,,21,stim_fam/021_rgray_250.png,,,,,,,,,,,,,,,,,,,,,,,,,,,,,,,,,,,,,1.821183912,843.6142,845.4303,,,,,,,,FALSE,,FALSE,,,,,,,,,,,,845.4309,846.3303,q,5,58,1,1,250,novel,,,FALSE,846.3305,846.3305,846.3306,846.3306,,4,0,4,0,1,0.7843,,,
,,,,,6a180d4d0ef25bbf2bde78f5,2026-05-28_05h42.13.335,WP1_3,2025.2.3,Win32,60.24096386,66c13cc0c9ba487034df285c,6a030b8ba3607712b5d4bf26,,,,,,,,,,,,,,,,,,,,,,,,,,,,,,,,,,,,,,,,,,,,,,,,,,,,,,,,,,,,47,Celebrities_Faces/047_02_greyscale_250.png,,,,,,,,,,,,,,,,,,,,,,,,,,,,,,,,,,,,,2.377525741,846.3309,848.6968,,,,,,,,TRUE,,FALSE,,,,,,,,,,,,848.6973,849.5468,q,6,30,1,1,2,familiar,,,FALSE,849.547,849.5471,849.5471,849.5472,,5,0,5,0,1,0.7413,,,
,,,,,6a180d4d0ef25bbf2bde78f5,2026-05-28_05h42.13.335,WP1_3,2025.2.3,Win32,60.24096386,66c13cc0c9ba487034df285c,6a030b8ba3607712b5d4bf26,,,,,,,,,,,,,,,,,,,,,,,,,,,,,,,,,,,,,,,,,,,,,,,,,,,,,,,,,,,,59,Celebrities_Faces/059_01_greyscale_250.png,,,,,,,,,,,,,,,,,,,,,,,,,,,,,,,,,,,,,1.829804867,849.5475,851.3802,,,,,,,,TRUE,,FALSE,,,,,,,,,,,,851.3808,852.2801,q,7,9,1,1,1,familiar,,,FALSE,852.2804,852.2805,852.2805,852.2806,,6,0,6,0,1,0.7931,,,
,,,,,6a180d4d0ef25bbf2bde78f5,2026-05-28_05h42.13.335,WP1_3,2025.2.3,Win32,60.24096386,66c13cc0c9ba487034df285c,6a030b8ba3607712b5d4bf26,,,,,,,,,,,,,,,,,,,,,,,,,,,,,,,,,,,,,,,,,,,,,,,,,,,,,,,,,,,,1,Celebrities_Faces/001_03_greyscale_250.png,,,,,,,,,,,,,,,,,,,,,,,,,,,,,,,,,,,,,2.358538549,852.2809,854.6301,,,,,,,,TRUE,,FALSE,,,,,,,,,,,,854.631,855.5136,q,8,25,1,1,3,familiar,,,FALSE,855.5138,855.5139,855.5139,855.514,,7,0,7,0,1,0.7752,,,
,,,,,6a180d4d0ef25bbf2bde78f5,2026-05-28_05h42.13.335,WP1_3,2025.2.3,Win32,60.24096386,66c13cc0c9ba487034df285c,6a030b8ba3607712b5d4bf26,,,,,,,,,,,,,,,,,,,,,,,,,,,,,,,,,,,,,,,,,,,,,,,,,,,,,,,,,,,,26,Celebrities_Faces/026_03_greyscale_250.png,,,,,,,,,,,,,,,,,,,,,,,,,,,,,,,,,,,,,2.498603281,855.5144,858.0133,,,,,,,,TRUE,,FALSE,,,,,,,,,,,,858.0139,858.8467,p,9,23,1,1,3,familiar,,,FALSE,858.8469,858.8469,858.847,858.8471,,8,0,8,0,1,0.725,,,
,,,,,6a180d4d0ef25bbf2bde78f5,2026-05-28_05h42.13.335,WP1_3,2025.2.3,Win32,60.24096386,66c13cc0c9ba487034df285c,6a030b8ba3607712b5d4bf26,,,,,,,,,,,,,,,,,,,,,,,,,,,,,,,,,,,,,,,,,,,,,,,,,,,,,,,,,,,,83,stim_fam/083_rgray_250.png,,,,,,,,,,,,,,,,,,,,,,,,,,,,,,,,,,,,,1.557220826,858.8473,860.3966,,,,,,,,FALSE,,FALSE,,,,,,,,,,,,860.3972,861.3466,p,10,53,1,1,250,novel,,,FALSE,861.3468,861.3468,861.3468,861.3469,,9,0,9,0,1,0.8463,,,
,,,,,6a180d4d0ef25bbf2bde78f5,2026-05-28_05h42.13.335,WP1_3,2025.2.3,Win32,60.24096386,66c13cc0c9ba487034df285c,6a030b8ba3607712b5d4bf26,,,,,,,,,,,,,,,,,,,,,,,,,,,,,,,,,,,,,,,,,,,,,,,,,,,,,,,,,,,,27,Celebrities_Faces/027_01_greyscale_250.png,,,,,,,,,,,,,,,,,,,,,,,,,,,,,,,,,,,,,2.17852573,861.3471,863.5134,,,,,,,,TRUE,,FALSE,,,,,,,,,,,,863.514,864.4801,q,11,2,1,1,1,familiar,,,FALSE,864.4802,864.4802,864.4803,864.4803,,10,0,10,0,1,0.8512,,,
,,,,,6a180d4d0ef25bbf2bde78f5,2026-05-28_05h42.13.335,WP1_3,2025.2.3,Win32,60.24096386,66c13cc0c9ba487034df285c,6a030b8ba3607712b5d4bf26,,,,,,,,,,,,,,,,,,,,,,,,,,,,,,,,,,,,,,,,,,,,,,,,,,,,,,,,,,,,6,Celebrities_Faces/006_01_greyscale_250.png,,,,,,,,,,,,,,,,,,,,,,,,,,,,,,,,,,,,,2.123993158,864.4806,866.5969,,,,,,,,TRUE,,FALSE,,,,,,,,,,,,866.5975,867.1632,q,12,21,1,1,1,familiar,,,FALSE,867.1635,867.1635,867.1635,867.1636,,11,0,11,0,1,0.4597,,,
,,,,,6a180d4d0ef25bbf2bde78f5,2026-05-28_05h42.13.335,WP1_3,2025.2.3,Win32,60.24096386,66c13cc0c9ba487034df285c,6a030b8ba3607712b5d4bf26,,,,,,,,,,,,,,,,,,,,,,,,,,,,,,,,,,,,,,,,,,,,,,,,,,,,,,,,,,,,57,Celebrities_Faces/057_01_greyscale_250.png,,,,,,,,,,,,,,,,,,,,,,,,,,,,,,,,,,,,,1.911781046,867.1639,869.08,,,,,,,,TRUE,,FALSE,,,,,,,,,,,,869.0806,870.1132,q,13,1,1,1,1,familiar,,,FALSE,870.1134,870.1134,870.1136,870.1136,,12,0,12,0,1,0.9243,,,
,,,,,6a180d4d0ef25bbf2bde78f5,2026-05-28_05h42.13.335,WP1_3,2025.2.3,Win32,60.24096386,66c13cc0c9ba487034df285c,6a030b8ba3607712b5d4bf26,,,,,,,,,,,,,,,,,,,,,,,,,,,,,,,,,,,,,,,,,,,,,,,,,,,,,,,,,,,,5,stim_fam/005_rgray_250.png,,,,,,,,,,,,,,,,,,,,,,,,,,,,,,,,,,,,,1.981634822,870.1139,872.0965,,,,,,,,FALSE,,FALSE,,,,,,,,,,,,872.0971,873.0133,q,14,39,1,1,250,novel,,,FALSE,873.0135,873.0135,873.0135,873.0137,,13,0,13,0,1,0.812,,,
,,,,,6a180d4d0ef25bbf2bde78f5,2026-05-28_05h42.13.335,WP1_3,2025.2.3,Win32,60.24096386,66c13cc0c9ba487034df285c,6a030b8ba3607712b5d4bf26,,,,,,,,,,,,,,,,,,,,,,,,,,,,,,,,,,,,,,,,,,,,,,,,,,,,,,,,,,,,34,Celebrities_Faces/034_03_greyscale_250.png,,,,,,,,,,,,,,,,,,,,,,,,,,,,,,,,,,,,,2.494469775,873.0139,875.4965,,,,,,,,TRUE,,FALSE,,,,,,,,,,,,875.4972,876.4132,p,15,15,1,1,3,familiar,,,FALSE,876.4133,876.4133,876.4133,876.4134,,14,0,14,0,1,0.8099,,,
,,,,,6a180d4d0ef25bbf2bde78f5,2026-05-28_05h42.13.335,WP1_3,2025.2.3,Win32,60.24096386,66c13cc0c9ba487034df285c,6a030b8ba3607712b5d4bf26,,,,,,,,,,,,,,,,,,,,,,,,,,,,,,,,,,,,,,,,,,,,,,,,,,,,,,,,,,,,88,stim_fam/088_rgray_250.png,,,,,,,,,,,,,,,,,,,,,,,,,,,,,,,,,,,,,2.262114257,876.4137,878.6799,,,,,,,,FALSE,,FALSE,,,,,,,,,,,,878.6809,879.563,p,16,44,1,1,250,novel,,,FALSE,879.5632,879.5632,879.5632,879.5634,,15,0,15,0,1,0.7794,,,
,,,,,6a180d4d0ef25bbf2bde78f5,2026-05-28_05h42.13.335,WP1_3,2025.2.3,Win32,60.24096386,66c13cc0c9ba487034df285c,6a030b8ba3607712b5d4bf26,,,,,,,,,,,,,,,,,,,,,,,,,,,,,,,,,,,,,,,,,,,,,,,,,,,,,,,,,,,,18,stim_fam/018_rgray_250.png,,,,,,,,,,,,,,,,,,,,,,,,,,,,,,,,,,,,,1.950335122,879.5636,881.513,,,,,,,,FALSE,,TRUE,,,,,,,,,,,,881.5136,882.6298,,17,48,1,1,250,novel,,,FALSE,882.6303,883.6298,883.6299,883.6299,,16,0,16,0,1,,,,
,,,,,6a180d4d0ef25bbf2bde78f5,2026-05-28_05h42.13.335,WP1_3,2025.2.3,Win32,60.24096386,66c13cc0c9ba487034df285c,6a030b8ba3607712b5d4bf26,,,,,,,,,,,,,,,,,,,,,,,,,,,,,,,,,,,,,,,,,,,,,,,,,,,,,,,,,,,,15,Celebrities_Faces/015_03_greyscale_250.png,,,,,,,,,,,,,,,,,,,,,,,,,,,,,,,,,,,,,1.794346041,883.6302,885.413,,,,,,,,TRUE,,FALSE,,,,,,,,,,,,885.4136,886.463,q,18,3,1,1,3,familiar,,,FALSE,886.4631,886.4633,886.4633,886.4633,,17,0,17,0,1,0.9378,,,
,,,,,6a180d4d0ef25bbf2bde78f5,2026-05-28_05h42.13.335,WP1_3,2025.2.3,Win32,60.24096386,66c13cc0c9ba487034df285c,6a030b8ba3607712b5d4bf26,,,,,,,,,,,,,,,,,,,,,,,,,,,,,,,,,,,,,,,,,,,,,,,,,,,,,,,,,,,,29,stim_fam/029_rgray_250.png,,,,,,,,,,,,,,,,,,,,,,,,,,,,,,,,,,,,,2.308610078,886.4635,888.7629,,,,,,,,FALSE,,FALSE,,,,,,,,,,,,888.7635,889.7299,p,19,57,1,1,250,novel,,,FALSE,889.7301,889.7303,889.7303,889.7303,,18,0,18,0,1,0.8566,,,
,,,,,6a180d4d0ef25bbf2bde78f5,2026-05-28_05h42.13.335,WP1_3,2025.2.3,Win32,60.24096386,66c13cc0c9ba487034df285c,6a030b8ba3607712b5d4bf26,,,,,,,,,,,,,,,,,,,,,,,,,,,,,,,,,,,,,,,,,,,,,,,,,,,,,,,,,,,,87,stim_fam/087_rgray_250.png,,,,,,,,,,,,,,,,,,,,,,,,,,,,,,,,,,,,,1.964341512,889.7305,891.6963,,,,,,,,FALSE,,FALSE,,,,,,,,,,,,891.6968,892.7799,p,20,56,1,1,250,novel,,,FALSE,892.78,892.7802,892.7802,892.7802,,19,0,19,0,1,0.9707,,,
,,,,,6a180d4d0ef25bbf2bde78f5,2026-05-28_05h42.13.335,WP1_3,2025.2.3,Win32,60.24096386,66c13cc0c9ba487034df285c,6a030b8ba3607712b5d4bf26,,,,,,,,,,,,,,,,,,,,,,,,,,,,,,,,,,,,,,,,,,,,,,,,,,,,,,,,,,,,34,stim_fam/034_rgray_250.png,,,,,,,,,,,,,,,,,,,,,,,,,,,,,,,,,,,,,1.799333139,892.7805,894.5797,,,,,,,,FALSE,,FALSE,,,,,,,,,,,,894.5803,895.2629,q,21,47,1,1,250,novel,,,FALSE,895.2631,895.2631,895.2632,895.2632,,20,0,20,0,1,0.5788,,,
,,,,,6a180d4d0ef25bbf2bde78f5,2026-05-28_05h42.13.335,WP1_3,2025.2.3,Win32,60.24096386,66c13cc0c9ba487034df285c,6a030b8ba3607712b5d4bf26,,,,,,,,,,,,,,,,,,,,,,,,,,,,,,,,,,,,,,,,,,,,,,,,,,,,,,,,,,,,31,Celebrities_Faces/031_01_greyscale_250.png,,,,,,,,,,,,,,,,,,,,,,,,,,,,,,,,,,,,,2.463667885,895.2635,897.7297,,,,,,,,TRUE,,FALSE,,,,,,,,,,,,897.7302,898.5296,q,22,29,1,1,1,familiar,,,FALSE,898.5299,898.5299,898.5299,898.5299,,21,0,21,0,1,0.6951,,,
,,,,,6a180d4d0ef25bbf2bde78f5,2026-05-28_05h42.13.335,WP1_3,2025.2.3,Win32,60.24096386,66c13cc0c9ba487034df285c,6a030b8ba3607712b5d4bf26,,,,,,,,,,,,,,,,,,,,,,,,,,,,,,,,,,,,,,,,,,,,,,,,,,,,,,,,,,,,2,stim_fam/002_rgray_250.png,,,,,,,,,,,,,,,,,,,,,,,,,,,,,,,,,,,,,2.347719155,898.5301,900.8795,,,,,,,,FALSE,,FALSE,,,,,,,,,,,,900.8802,901.5961,q,23,32,1,1,250,novel,,,FALSE,901.5963,901.5963,901.5963,901.5964,,22,0,22,0,1,0.6098,,,
,,,,,6a180d4d0ef25bbf2bde78f5,2026-05-28_05h42.13.335,WP1_3,2025.2.3,Win32,60.24096386,66c13cc0c9ba487034df285c,6a030b8ba3607712b5d4bf26,,,,,,,,,,,,,,,,,,,,,,,,,,,,,,,,,,,,,,,,,,,,,,,,,,,,,,,,,,,,74,stim_fam/074_rgray_250.png,,,,,,,,,,,,,,,,,,,,,,,,,,,,,,,,,,,,,2.373716826,901.5967,903.9628,,,,,,,,FALSE,,FALSE,,,,,,,,,,,,903.9634,904.4295,q,24,33,1,1,250,novel,,,FALSE,904.4298,904.4298,904.4298,904.4298,,23,0,23,0,1,0.3508,,,
,,,,,6a180d4d0ef25bbf2bde78f5,2026-05-28_05h42.13.335,WP1_3,2025.2.3,Win32,60.24096386,66c13cc0c9ba487034df285c,6a030b8ba3607712b5d4bf26,,,,,,,,,,,,,,,,,,,,,,,,,,,,,,,,,,,,,,,,,,,,,,,,,,,,,,,,,,,,7,Celebrities_Faces/007_01_greyscale_250.png,,,,,,,,,,,,,,,,,,,,,,,,,,,,,,,,,,,,,2.32395562,904.4301,906.746,,,,,,,,TRUE,,TRUE,,,,,,,,,,,,906.7467,907.8627,,25,19,1,1,1,familiar,,,FALSE,907.863,908.8625,908.8627,908.8627,,24,0,24,0,1,,,,
,,,,,6a180d4d0ef25bbf2bde78f5,2026-05-28_05h42.13.335,WP1_3,2025.2.3,Win32,60.24096386,66c13cc0c9ba487034df285c,6a030b8ba3607712b5d4bf26,,,,,,,,,,,,,,,,,,,,,,,,,,,,,,,,,,,,,,,,,,,,,,,,,,,,,,,,,,,,50,stim_fam/050_rgray_250.png,,,,,,,,,,,,,,,,,,,,,,,,,,,,,,,,,,,,,1.941817819,908.863,910.7959,,,,,,,,FALSE,,FALSE,,,,,,,,,,,,910.7966,911.4461,q,26,38,1,1,250,novel,,,FALSE,911.4463,911.4463,911.4465,911.4465,,25,0,25,0,1,0.5438,,,
,,,,,6a180d4d0ef25bbf2bde78f5,2026-05-28_05h42.13.335,WP1_3,2025.2.3,Win32,60.24096386,66c13cc0c9ba487034df285c,6a030b8ba3607712b5d4bf26,,,,,,,,,,,,,,,,,,,,,,,,,,,,,,,,,,,,,,,,,,,,,,,,,,,,,,,,,,,,25,Celebrities_Faces/025_03_greyscale_250.png,,,,,,,,,,,,,,,,,,,,,,,,,,,,,,,,,,,,,2.220505019,911.4467,913.6625,,,,,,,,TRUE,,FALSE,,,,,,,,,,,,913.6632,914.4294,p,27,12,1,1,3,familiar,,,FALSE,914.4296,914.4296,914.4296,914.4296,,26,0,26,0,1,0.6623,,,
,,,,,6a180d4d0ef25bbf2bde78f5,2026-05-28_05h42.13.335,WP1_3,2025.2.3,Win32,60.24096386,66c13cc0c9ba487034df285c,6a030b8ba3607712b5d4bf26,,,,,,,,,,,,,,,,,,,,,,,,,,,,,,,,,,,,,,,,,,,,,,,,,,,,,,,,,,,,100,stim_fam/100_rgray_250.png,,,,,,,,,,,,,,,,,,,,,,,,,,,,,,,,,,,,,2.086354635,914.4299,916.5126,,,,,,,,FALSE,,FALSE,,,,,,,,,,,,916.5132,917.2794,p,28,36,1,1,250,novel,,,FALSE,917.2795,917.2797,917.2797,917.2797,,27,0,27,0,1,0.6513,,,
,,,,,6a180d4d0ef25bbf2bde78f5,2026-05-28_05h42.13.335,WP1_3,2025.2.3,Win32,60.24096386,66c13cc0c9ba487034df285c,6a030b8ba3607712b5d4bf26,,,,,,,,,,,,,,,,,,,,,,,,,,,,,,,,,,,,,,,,,,,,,,,,,,,,,,,,,,,,38,stim_fam/038_rgray_250.png,,,,,,,,,,,,,,,,,,,,,,,,,,,,,,,,,,,,,2.018648509,917.2799,919.2959,,,,,,,,FALSE,,FALSE,,,,,,,,,,,,919.2966,920.2793,p,29,37,1,1,250,novel,,,FALSE,920.2795,920.2796,920.2796,920.2797,,28,0,28,0,1,0.8702,,,
,,,,,6a180d4d0ef25bbf2bde78f5,2026-05-28_05h42.13.335,WP1_3,2025.2.3,Win32,60.24096386,66c13cc0c9ba487034df285c,6a030b8ba3607712b5d4bf26,,,,,,,,,,,,,,,,,,,,,,,,,,,,,,,,,,,,,,,,,,,,,,,,,,,,,,,,,,,,59,stim_fam/059_rgray_250.png,,,,,,,,,,,,,,,,,,,,,,,,,,,,,,,,,,,,,1.90289384,920.2799,922.1793,,,,,,,,FALSE,,FALSE,,,,,,,,,,,,922.1799,923.0459,p,30,40,1,1,250,novel,,,FALSE,923.0461,923.0461,923.0461,923.0462,,29,0,29,0,1,0.7543,,,
,,,,,6a180d4d0ef25bbf2bde78f5,2026-05-28_05h42.13.335,WP1_3,2025.2.3,Win32,60.24096386,66c13cc0c9ba487034df285c,6a030b8ba3607712b5d4bf26,,,,,,,,,,,,,,,,,,,,,,,,,,,,,,,,,,,,,,,,,,,,,,,,,,,,,,,,,,,,79,stim_fam/079_rgray_250.png,,,,,,,,,,,,,,,,,,,,,,,,,,,,,,,,,,,,,2.141131199,923.0465,925.1793,,,,,,,,FALSE,,FALSE,,,,,,,,,,,,925.18,925.9459,q,31,34,1,1,250,novel,,,FALSE,925.9461,925.9461,925.9461,925.9462,,30,0,30,0,1,0.649,,,
,,,,,6a180d4d0ef25bbf2bde78f5,2026-05-28_05h42.13.335,WP1_3,2025.2.3,Win32,60.24096386,66c13cc0c9ba487034df285c,6a030b8ba3607712b5d4bf26,,,,,,,,,,,,,,,,,,,,,,,,,,,,,,,,,,,,,,,,,,,,,,,,,,,,,,,,,,,,84,stim_fam/084_rgray_250.png,,,,,,,,,,,,,,,,,,,,,,,,,,,,,,,,,,,,,2.059603253,925.9465,927.9962,,,,,,,,FALSE,,FALSE,,,,,,,,,,,,927.9969,928.4963,q,32,55,1,1,250,novel,,,FALSE,928.4965,928.4966,928.4966,928.4966,,31,0,31,0,1,0.3895,,,
,,,,,6a180d4d0ef25bbf2bde78f5,2026-05-28_05h42.13.335,WP1_3,2025.2.3,Win32,60.24096386,66c13cc0c9ba487034df285c,6a030b8ba3607712b5d4bf26,,,,,,,,,,,,,,,,,,,,,,,,,,,,,,,,,,,,,,,,,,,,,,,,,,,,,,,,,,,,38,Celebrities_Faces/038_01_greyscale_250.png,,,,,,,,,,,,,,,,,,,,,,,,,,,,,,,,,,,,,1.718675235,928.4969,930.2124,,,,,,,,TRUE,,FALSE,,,,,,,,,,,,930.2131,931.1793,q,33,18,1,1,1,familiar,,,FALSE,931.1794,931.1794,931.1794,931.1795,,32,0,32,0,1,0.8604,,,
,,,,,6a180d4d0ef25bbf2bde78f5,2026-05-28_05h42.13.335,WP1_3,2025.2.3,Win32,60.24096386,66c13cc0c9ba487034df285c,6a030b8ba3607712b5d4bf26,,,,,,,,,,,,,,,,,,,,,,,,,,,,,,,,,,,,,,,,,,,,,,,,,,,,,,,,,,,,82,stim_fam/082_rgray_250.png,,,,,,,,,,,,,,,,,,,,,,,,,,,,,,,,,,,,,1.972081354,931.1797,933.1459,,,,,,,,FALSE,,FALSE,,,,,,,,,,,,933.1465,933.9125,p,34,49,1,1,250,novel,,,FALSE,933.9126,933.9128,933.9128,933.9128,,33,0,33,0,1,0.6599,,,
,,,,,6a180d4d0ef25bbf2bde78f5,2026-05-28_05h42.13.335,WP1_3,2025.2.3,Win32,60.24096386,66c13cc0c9ba487034df285c,6a030b8ba3607712b5d4bf26,,,,,,,,,,,,,,,,,,,,,,,,,,,,,,,,,,,,,,,,,,,,,,,,,,,,,,,,,,,,2,Celebrities_Faces/002_02_greyscale_250.png,,,,,,,,,,,,,,,,,,,,,,,,,,,,,,,,,,,,,2.12591904,933.913,936.0291,,,,,,,,TRUE,,FALSE,,,,,,,,,,,,936.0297,936.7624,p,35,27,1,1,2,familiar,,,FALSE,936.7626,936.7626,936.7626,936.7626,,34,0,34,0,1,0.6238,,,
,,,,,6a180d4d0ef25bbf2bde78f5,2026-05-28_05h42.13.335,WP1_3,2025.2.3,Win32,60.24096386,66c13cc0c9ba487034df285c,6a030b8ba3607712b5d4bf26,,,,,,,,,,,,,,,,,,,,,,,,,,,,,,,,,,,,,,,,,,,,,,,,,,,,,,,,,,,,39,Celebrities_Faces/039_01_greyscale_250.png,,,,,,,,,,,,,,,,,,,,,,,,,,,,,,,,,,,,,2.037004812,936.7629,938.7957,,,,,,,,TRUE,,FALSE,,,,,,,,,,,,938.7963,939.6791,p,36,17,1,1,1,familiar,,,FALSE,939.6793,939.6794,939.6794,939.6794,,35,0,35,0,1,0.7804,,,
,,,,,6a180d4d0ef25bbf2bde78f5,2026-05-28_05h42.13.335,WP1_3,2025.2.3,Win32,60.24096386,66c13cc0c9ba487034df285c,6a030b8ba3607712b5d4bf26,,,,,,,,,,,,,,,,,,,,,,,,,,,,,,,,,,,,,,,,,,,,,,,,,,,,,,,,,,,,28,stim_fam/028_rgray_250.png,,,,,,,,,,,,,,,,,,,,,,,,,,,,,,,,,,,,,2.002165024,939.6796,941.6791,,,,,,,,FALSE,,FALSE,,,,,,,,,,,,941.6797,942.296,q,37,59,1,1,250,novel,,,FALSE,942.2961,942.2961,942.2961,942.2961,,36,0,36,0,1,0.5022,,,
,,,,,6a180d4d0ef25bbf2bde78f5,2026-05-28_05h42.13.335,WP1_3,2025.2.3,Win32,60.24096386,66c13cc0c9ba487034df285c,6a030b8ba3607712b5d4bf26,,,,,,,,,,,,,,,,,,,,,,,,,,,,,,,,,,,,,,,,,,,,,,,,,,,,,,,,,,,,56,Celebrities_Faces/056_02_greyscale_250.png,,,,,,,,,,,,,,,,,,,,,,,,,,,,,,,,,,,,,2.160709404,942.2964,944.4457,,,,,,,,TRUE,,FALSE,,,,,,,,,,,,944.4463,944.8123,q,38,13,1,1,2,familiar,,,FALSE,944.8124,944.8126,944.8126,944.8126,,37,0,37,0,1,0.2554,,,
,,,,,6a180d4d0ef25bbf2bde78f5,2026-05-28_05h42.13.335,WP1_3,2025.2.3,Win32,60.24096386,66c13cc0c9ba487034df285c,6a030b8ba3607712b5d4bf26,,,,,,,,,,,,,,,,,,,,,,,,,,,,,,,,,,,,,,,,,,,,,,,,,,,,,,,,,,,,45,Celebrities_Faces/045_01_greyscale_250.png,,,,,,,,,,,,,,,,,,,,,,,,,,,,,,,,,,,,,2.342333875,944.8128,947.1456,,,,,,,,TRUE,,FALSE,,,,,,,,,,,,947.1462,947.5292,q,39,20,1,1,1,familiar,,,FALSE,947.5294,947.5294,947.5294,947.5295,,38,0,38,0,1,0.2692,,,
,,,,,6a180d4d0ef25bbf2bde78f5,2026-05-28_05h42.13.335,WP1_3,2025.2.3,Win32,60.24096386,66c13cc0c9ba487034df285c,6a030b8ba3607712b5d4bf26,,,,,,,,,,,,,,,,,,,,,,,,,,,,,,,,,,,,,,,,,,,,,,,,,,,,,,,,,,,,10,Celebrities_Faces/010_01_greyscale_250.png,,,,,,,,,,,,,,,,,,,,,,,,,,,,,,,,,,,,,2.239595943,947.5297,949.7622,,,,,,,,TRUE,,FALSE,,,,,,,,,,,,949.7628,950.1622,q,40,4,1,1,1,familiar,,,FALSE,950.1624,950.1624,950.1624,950.1625,,39,0,39,0,1,0.2941,,,
,,,,,6a180d4d0ef25bbf2bde78f5,2026-05-28_05h42.13.335,WP1_3,2025.2.3,Win32,60.24096386,66c13cc0c9ba487034df285c,6a030b8ba3607712b5d4bf26,,,,,,,,,,,,,,,,,,,,,,,,,,,,,,,,,,,,,,,,,,,,,,,,,,,,,,,,,,,,33,Celebrities_Faces/033_01_greyscale_250.png,,,,,,,,,,,,,,,,,,,,,,,,,,,,,,,,,,,,,1.982650737,950.1627,952.1456,,,,,,,,TRUE,,FALSE,,,,,,,,,,,,952.1463,952.529,q,41,5,1,1,1,familiar,,,FALSE,952.5292,952.5292,952.5292,952.5292,,40,0,40,0,1,0.2741,,,
,,,,,6a180d4d0ef25bbf2bde78f5,2026-05-28_05h42.13.335,WP1_3,2025.2.3,Win32,60.24096386,66c13cc0c9ba487034df285c,6a030b8ba3607712b5d4bf26,,,,,,,,,,,,,,,,,,,,,,,,,,,,,,,,,,,,,,,,,,,,,,,,,,,,,,,,,,,,92,stim_fam/092_rgray_250.png,,,,,,,,,,,,,,,,,,,,,,,,,,,,,,,,,,,,,1.985862162,952.5295,954.5121,,,,,,,,FALSE,,FALSE,,,,,,,,,,,,954.5127,954.9955,q,42,46,1,1,250,novel,,,FALSE,954.9957,954.9958,954.9958,954.9959,,41,0,41,0,1,0.3765,,,
,,,,,6a180d4d0ef25bbf2bde78f5,2026-05-28_05h42.13.335,WP1_3,2025.2.3,Win32,60.24096386,66c13cc0c9ba487034df285c,6a030b8ba3607712b5d4bf26,,,,,,,,,,,,,,,,,,,,,,,,,,,,,,,,,,,,,,,,,,,,,,,,,,,,,,,,,,,,28,Celebrities_Faces/028_02_greyscale_250.png,,,,,,,,,,,,,,,,,,,,,,,,,,,,,,,,,,,,,1.795468648,954.9961,956.7954,,,,,,,,TRUE,,FALSE,,,,,,,,,,,,956.796,957.3956,q,43,14,1,1,2,familiar,,,FALSE,957.3957,957.3959,957.3959,957.3959,,42,0,42,0,1,0.4959,,,
,,,,,6a180d4d0ef25bbf2bde78f5,2026-05-28_05h42.13.335,WP1_3,2025.2.3,Win32,60.24096386,66c13cc0c9ba487034df285c,6a030b8ba3607712b5d4bf26,,,,,,,,,,,,,,,,,,,,,,,,,,,,,,,,,,,,,,,,,,,,,,,,,,,,,,,,,,,,58,stim_fam/058_rgray_250.png,,,,,,,,,,,,,,,,,,,,,,,,,,,,,,,,,,,,,2.183289066,957.3962,959.5788,,,,,,,,FALSE,,FALSE,,,,,,,,,,,,959.5795,960.4121,p,44,41,1,1,250,novel,,,FALSE,960.4123,960.4123,960.4123,960.4124,,43,0,43,0,1,0.7251,,,
,,,,,6a180d4d0ef25bbf2bde78f5,2026-05-28_05h42.13.335,WP1_3,2025.2.3,Win32,60.24096386,66c13cc0c9ba487034df285c,6a030b8ba3607712b5d4bf26,,,,,,,,,,,,,,,,,,,,,,,,,,,,,,,,,,,,,,,,,,,,,,,,,,,,,,,,,,,,8,Celebrities_Faces/008_01_greyscale_250.png,,,,,,,,,,,,,,,,,,,,,,,,,,,,,,,,,,,,,2.170562786,960.4126,962.5788,,,,,,,,TRUE,,FALSE,,,,,,,,,,,,962.5794,963.4954,p,45,10,1,1,1,familiar,,,FALSE,963.4956,963.4956,963.4956,963.4957,,44,0,44,0,1,0.8011,,,
,,,,,6a180d4d0ef25bbf2bde78f5,2026-05-28_05h42.13.335,WP1_3,2025.2.3,Win32,60.24096386,66c13cc0c9ba487034df285c,6a030b8ba3607712b5d4bf26,,,,,,,,,,,,,,,,,,,,,,,,,,,,,,,,,,,,,,,,,,,,,,,,,,,,,,,,,,,,4,stim_fam/004_rgray_250.png,,,,,,,,,,,,,,,,,,,,,,,,,,,,,,,,,,,,,1.95455033,963.4959,965.4452,,,,,,,,FALSE,,TRUE,,,,,,,,,,,,965.4459,966.5619,,46,52,1,1,250,novel,,,FALSE,966.5622,967.5619,967.562,967.562,,45,0,45,0,1,,,,
,,,,,6a180d4d0ef25bbf2bde78f5,2026-05-28_05h42.13.335,WP1_3,2025.2.3,Win32,60.24096386,66c13cc0c9ba487034df285c,6a030b8ba3607712b5d4bf26,,,,,,,,,,,,,,,,,,,,,,,,,,,,,,,,,,,,,,,,,,,,,,,,,,,,,,,,,,,,20,Celebrities_Faces/020_01_greyscale_250.png,,,,,,,,,,,,,,,,,,,,,,,,,,,,,,,,,,,,,1.533421367,967.5623,969.0952,,,,,,,,TRUE,,FALSE,,,,,,,,,,,,969.0959,969.9622,q,47,26,1,1,1,familiar,,,FALSE,969.9625,969.9625,969.9625,969.9627,,46,0,46,0,1,0.7625,,,
,,,,,6a180d4d0ef25bbf2bde78f5,2026-05-28_05h42.13.335,WP1_3,2025.2.3,Win32,60.24096386,66c13cc0c9ba487034df285c,6a030b8ba3607712b5d4bf26,,,,,,,,,,,,,,,,,,,,,,,,,,,,,,,,,,,,,,,,,,,,,,,,,,,,,,,,,,,,78,stim_fam/078_rgray_250.png,,,,,,,,,,,,,,,,,,,,,,,,,,,,,,,,,,,,,1.648840799,969.9629,971.6119,,,,,,,,FALSE,,FALSE,,,,,,,,,,,,971.6125,972.1291,q,48,60,1,1,250,novel,,,FALSE,972.1293,972.1294,972.1295,972.1296,,47,0,47,0,1,0.412,,,
,,,,,6a180d4d0ef25bbf2bde78f5,2026-05-28_05h42.13.335,WP1_3,2025.2.3,Win32,60.24096386,66c13cc0c9ba487034df285c,6a030b8ba3607712b5d4bf26,,,,,,,,,,,,,,,,,,,,,,,,,,,,,,,,,,,,,,,,,,,,,,,,,,,,,,,,,,,,24,Celebrities_Faces/024_02_greyscale_250.png,,,,,,,,,,,,,,,,,,,,,,,,,,,,,,,,,,,,,2.462778281,972.1299,974.5953,,,,,,,,TRUE,,FALSE,,,,,,,,,,,,974.596,975.4287,p,49,8,1,1,2,familiar,,,FALSE,975.4289,975.429,975.429,975.429,,48,0,48,0,1,0.7238,,,
,,,,,6a180d4d0ef25bbf2bde78f5,2026-05-28_05h42.13.335,WP1_3,2025.2.3,Win32,60.24096386,66c13cc0c9ba487034df285c,6a030b8ba3607712b5d4bf26,,,,,,,,,,,,,,,,,,,,,,,,,,,,,,,,,,,,,,,,,,,,,,,,,,,,,,,,,,,,64,stim_fam/064_rgray_250.png,,,,,,,,,,,,,,,,,,,,,,,,,,,,,,,,,,,,,1.678586194,975.4292,977.0954,,,,,,,,FALSE,,FALSE,,,,,,,,,,,,977.0963,977.4786,p,50,43,1,1,250,novel,,,FALSE,977.4788,977.4789,977.4789,977.4789,,49,0,49,0,1,0.2785,,,
,,,,,6a180d4d0ef25bbf2bde78f5,2026-05-28_05h42.13.335,WP1_3,2025.2.3,Win32,60.24096386,66c13cc0c9ba487034df285c,6a030b8ba3607712b5d4bf26,,,,,,,,,,,,,,,,,,,,,,,,,,,,,,,,,,,,,,,,,,,,,,,,,,,,,,,,,,,,76,stim_fam/076_rgray_250.png,,,,,,,,,,,,,,,,,,,,,,,,,,,,,,,,,,,,,1.737452929,977.4792,979.2119,,,,,,,,FALSE,,FALSE,,,,,,,,,,,,979.2125,979.7453,q,51,42,1,1,250,novel,,,FALSE,979.7454,979.7454,979.7455,979.7456,,50,0,50,0,1,0.4277,,,
,,,,,6a180d4d0ef25bbf2bde78f5,2026-05-28_05h42.13.335,WP1_3,2025.2.3,Win32,60.24096386,66c13cc0c9ba487034df285c,6a030b8ba3607712b5d4bf26,,,,,,,,,,,,,,,,,,,,,,,,,,,,,,,,,,,,,,,,,,,,,,,,,,,,,,,,,,,,80,stim_fam/080_rgray_250.png,,,,,,,,,,,,,,,,,,,,,,,,,,,,,,,,,,,,,2.455400424,979.7458,982.1951,,,,,,,,FALSE,,FALSE,,,,,,,,,,,,982.1957,982.6952,q,52,45,1,1,250,novel,,,FALSE,982.6953,982.6954,982.6955,982.6955,,51,0,51,0,1,0.3915,,,
,,,,,6a180d4d0ef25bbf2bde78f5,2026-05-28_05h42.13.335,WP1_3,2025.2.3,Win32,60.24096386,66c13cc0c9ba487034df285c,6a030b8ba3607712b5d4bf26,,,,,,,,,,,,,,,,,,,,,,,,,,,,,,,,,,,,,,,,,,,,,,,,,,,,,,,,,,,,61,stim_fam/061_rgray_250.png,,,,,,,,,,,,,,,,,,,,,,,,,,,,,,,,,,,,,1.774534417,982.6958,984.4619,,,,,,,,FALSE,,FALSE,,,,,,,,,,,,984.4627,985.0619,q,53,31,1,1,250,novel,,,FALSE,985.0622,985.0623,985.0623,985.0623,,52,0,52,0,1,0.497,,,
,,,,,6a180d4d0ef25bbf2bde78f5,2026-05-28_05h42.13.335,WP1_3,2025.2.3,Win32,60.24096386,66c13cc0c9ba487034df285c,6a030b8ba3607712b5d4bf26,,,,,,,,,,,,,,,,,,,,,,,,,,,,,,,,,,,,,,,,,,,,,,,,,,,,,,,,,,,,72,stim_fam/072_rgray_250.png,,,,,,,,,,,,,,,,,,,,,,,,,,,,,,,,,,,,,2.150367463,985.0626,987.2119,,,,,,,,FALSE,,FALSE,,,,,,,,,,,,987.2126,987.545,p,54,50,1,1,250,novel,,,FALSE,987.5451,987.5452,987.5452,987.5453,,53,0,53,0,1,0.2252,,,
,,,,,6a180d4d0ef25bbf2bde78f5,2026-05-28_05h42.13.335,WP1_3,2025.2.3,Win32,60.24096386,66c13cc0c9ba487034df285c,6a030b8ba3607712b5d4bf26,,,,,,,,,,,,,,,,,,,,,,,,,,,,,,,,,,,,,,,,,,,,,,,,,,,,,,,,,,,,13,Celebrities_Faces/013_03_greyscale_250.png,,,,,,,,,,,,,,,,,,,,,,,,,,,,,,,,,,,,,1.874151951,987.5456,989.4117,,,,,,,,TRUE,,FALSE,,,,,,,,,,,,989.4125,989.8117,p,55,28,1,1,3,familiar,,,FALSE,989.8118,989.812,989.812,989.812,,54,0,54,0,1,0.2964,,,
,,,,,6a180d4d0ef25bbf2bde78f5,2026-05-28_05h42.13.335,WP1_3,2025.2.3,Win32,60.24096386,66c13cc0c9ba487034df285c,6a030b8ba3607712b5d4bf26,,,,,,,,,,,,,,,,,,,,,,,,,,,,,,,,,,,,,,,,,,,,,,,,,,,,,,,,,,,,54,Celebrities_Faces/054_03_greyscale_250.png,,,,,,,,,,,,,,,,,,,,,,,,,,,,,,,,,,,,,2.341744258,989.8123,992.145,,,,,,,,TRUE,,FALSE,,,,,,,,,,,,992.1457,993.045,p,56,24,1,1,3,familiar,,,FALSE,993.0451,993.0453,993.0453,993.0454,,55,0,55,0,1,0.7958,,,
,,,,,6a180d4d0ef25bbf2bde78f5,2026-05-28_05h42.13.335,WP1_3,2025.2.3,Win32,60.24096386,66c13cc0c9ba487034df285c,6a030b8ba3607712b5d4bf26,,,,,,,,,,,,,,,,,,,,,,,,,,,,,,,,,,,,,,,,,,,,,,,,,,,,,,,,,,,,58,Celebrities_Faces/058_03_greyscale_250.png,,,,,,,,,,,,,,,,,,,,,,,,,,,,,,,,,,,,,1.71208515,993.0456,994.7617,,,,,,,,TRUE,,FALSE,,,,,,,,,,,,994.7623,995.2951,q,57,16,1,1,3,familiar,,,FALSE,995.2952,995.2952,995.2953,995.2954,,56,0,56,0,1,0.4225,,,
,,,,,6a180d4d0ef25bbf2bde78f5,2026-05-28_05h42.13.335,WP1_3,2025.2.3,Win32,60.24096386,66c13cc0c9ba487034df285c,6a030b8ba3607712b5d4bf26,,,,,,,,,,,,,,,,,,,,,,,,,,,,,,,,,,,,,,,,,,,,,,,,,,,,,,,,,,,,22,Celebrities_Faces/022_03_greyscale_250.png,,,,,,,,,,,,,,,,,,,,,,,,,,,,,,,,,,,,,2.206476758,995.2955,997.4949,,,,,,,,TRUE,,FALSE,,,,,,,,,,,,997.4955,997.8784,q,58,7,1,1,3,familiar,,,FALSE,997.8785,997.8785,997.8785,997.8786,,57,0,57,0,1,0.2817,,,
,,,,,6a180d4d0ef25bbf2bde78f5,2026-05-28_05h42.13.335,WP1_3,2025.2.3,Win32,60.24096386,66c13cc0c9ba487034df285c,6a030b8ba3607712b5d4bf26,,,,,,,,,,,,,,,,,,,,,,,,,,,,,,,,,,,,,,,,,,,,,,,,,,,,,,,,,,,,99,stim_fam/099_rgray_250.png,,,,,,,,,,,,,,,,,,,,,,,,,,,,,,,,,,,,,1.642973888,997.8789,999.5115,,,,,,,,FALSE,,FALSE,,,,,,,,,,,,999.5122,999.9784,q,59,35,1,1,250,novel,,,FALSE,999.9786,999.9786,999.9787,999.9787,,58,0,58,0,1,0.3666,,,
,,,,,6a180d4d0ef25bbf2bde78f5,2026-05-28_05h42.13.335,WP1_3,2025.2.3,Win32,60.24096386,66c13cc0c9ba487034df285c,6a030b8ba3607712b5d4bf26,,,,,,,,,,,,,,,,,,,,,,,,,,,,,,,,,,,,,,,,,,,,,,,,,,,,,,,,,,,,9,Celebrities_Faces/009_01_greyscale_250.png,,,,,,,,,,,,,,,,,,,,,,,,,,,,,,,,,,,,,2.359397931,999.979,1002.3284,,,,,,,,TRUE,,FALSE,,,,,,,,,,,,1002.3292,1002.4479,q,60,6,1,1,1,familiar,,,FALSE,1002.4479,1002.448,1002.448,1004.2783,space,59,0,59,0,1,0.0007,,1.8175,
,,,,,6a180d4d0ef25bbf2bde78f5,2026-05-28_05h42.13.335,WP1_3,2025.2.3,Win32,60.24096386,66c13cc0c9ba487034df285c,6a030b8ba3607712b5d4bf26,,,,,,,,,,,,,,,,,,,,,,,,,,,,,,,,,,,,,,,,,,,,,,,,,,,,,,,,,,,,26,Celebrities_Faces/026_02_greyscale_250.png,,,,,,,,,,,,,,,,,,,,,,,,,,,,,,,,,,,,,1.606414514,1004.2785,1005.8782,,,,,,,,TRUE,,TRUE,,,,,,,,,,,,1005.8789,1006.9948,,61,83,2,1,2,familiar,,,FALSE,1006.9951,1007.9947,1007.9948,1007.9948,,60,0,60,0,1,,,,
,,,,,6a180d4d0ef25bbf2bde78f5,2026-05-28_05h42.13.335,WP1_3,2025.2.3,Win32,60.24096386,66c13cc0c9ba487034df285c,6a030b8ba3607712b5d4bf26,,,,,,,,,,,,,,,,,,,,,,,,,,,,,,,,,,,,,,,,,,,,,,,,,,,,,,,,,,,,57,Celebrities_Faces/057_02_greyscale_250.png,,,,,,,,,,,,,,,,,,,,,,,,,,,,,,,,,,,,,1.988172649,1007.9951,1009.9781,,,,,,,,TRUE,,FALSE,,,,,,,,,,,,1009.9788,1011.0282,q,62,61,2,1,2,familiar,,,FALSE,1011.0283,1011.0284,1011.0285,1011.0286,,61,0,61,0,1,0.931,,,
,,,,,6a180d4d0ef25bbf2bde78f5,2026-05-28_05h42.13.335,WP1_3,2025.2.3,Win32,60.24096386,66c13cc0c9ba487034df285c,6a030b8ba3607712b5d4bf26,,,,,,,,,,,,,,,,,,,,,,,,,,,,,,,,,,,,,,,,,,,,,,,,,,,,,,,,,,,,63,stim_fam/063_rgray_250.png,,,,,,,,,,,,,,,,,,,,,,,,,,,,,,,,,,,,,1.603640046,1011.0288,1012.6282,,,,,,,,FALSE,,FALSE,,,,,,,,,,,,1012.6288,1013.6114,q,63,97,2,1,250,novel,,,FALSE,1013.6115,1013.6117,1013.6117,1013.6117,,62,0,62,0,1,0.8713,,,
,,,,,6a180d4d0ef25bbf2bde78f5,2026-05-28_05h42.13.335,WP1_3,2025.2.3,Win32,60.24096386,66c13cc0c9ba487034df285c,6a030b8ba3607712b5d4bf26,,,,,,,,,,,,,,,,,,,,,,,,,,,,,,,,,,,,,,,,,,,,,,,,,,,,,,,,,,,,1,Celebrities_Faces/001_02_greyscale_250.png,,,,,,,,,,,,,,,,,,,,,,,,,,,,,,,,,,,,,2.472806433,1013.6119,1016.0781,,,,,,,,TRUE,,FALSE,,,,,,,,,,,,1016.0787,1017.1445,p,64,85,2,1,2,familiar,,,FALSE,1017.1447,1017.1447,1017.1447,1017.1448,,63,0,63,0,1,0.9527,,,
,,,,,6a180d4d0ef25bbf2bde78f5,2026-05-28_05h42.13.335,WP1_3,2025.2.3,Win32,60.24096386,66c13cc0c9ba487034df285c,6a030b8ba3607712b5d4bf26,,,,,,,,,,,,,,,,,,,,,,,,,,,,,,,,,,,,,,,,,,,,,,,,,,,,,,,,,,,,13,Celebrities_Faces/013_01_greyscale_250.png,,,,,,,,,,,,,,,,,,,,,,,,,,,,,,,,,,,,,1.990129539,1017.1451,1019.1281,,,,,,,,TRUE,,FALSE,,,,,,,,,,,,1019.1289,1019.5281,q,65,88,2,1,1,familiar,,,FALSE,1019.5284,1019.5285,1019.5285,1019.5286,,64,0,64,0,1,0.2885,,,
,,,,,6a180d4d0ef25bbf2bde78f5,2026-05-28_05h42.13.335,WP1_3,2025.2.3,Win32,60.24096386,66c13cc0c9ba487034df285c,6a030b8ba3607712b5d4bf26,,,,,,,,,,,,,,,,,,,,,,,,,,,,,,,,,,,,,,,,,,,,,,,,,,,,,,,,,,,,73,stim_fam/073_rgray_250.png,,,,,,,,,,,,,,,,,,,,,,,,,,,,,,,,,,,,,2.438100508,1019.5288,1021.9612,,,,,,,,FALSE,,FALSE,,,,,,,,,,,,1021.9619,1022.378,q,66,104,2,1,250,novel,,,FALSE,1022.3782,1022.3782,1022.3782,1022.3782,,65,0,65,0,1,0.297,,,
,,,,,6a180d4d0ef25bbf2bde78f5,2026-05-28_05h42.13.335,WP1_3,2025.2.3,Win32,60.24096386,66c13cc0c9ba487034df285c,6a030b8ba3607712b5d4bf26,,,,,,,,,,,,,,,,,,,,,,,,,,,,,,,,,,,,,,,,,,,,,,,,,,,,,,,,,,,,32,Celebrities_Faces/032_01_greyscale_250.png,,,,,,,,,,,,,,,,,,,,,,,,,,,,,,,,,,,,,1.979532357,1022.3786,1024.3612,,,,,,,,TRUE,,FALSE,,,,,,,,,,,,1024.3618,1025.128,q,67,82,2,1,1,familiar,,,FALSE,1025.1282,1025.1283,1025.1283,1025.1283,,66,0,66,0,1,0.6295,,,
,,,,,6a180d4d0ef25bbf2bde78f5,2026-05-28_05h42.13.335,WP1_3,2025.2.3,Win32,60.24096386,66c13cc0c9ba487034df285c,6a030b8ba3607712b5d4bf26,,,,,,,,,,,,,,,,,,,,,,,,,,,,,,,,,,,,,,,,,,,,,,,,,,,,,,,,,,,,19,Celebrities_Faces/019_03_greyscale_250.png,,,,,,,,,,,,,,,,,,,,,,,,,,,,,,,,,,,,,2.330290879,1025.1286,1027.4613,,,,,,,,TRUE,,FALSE,,,,,,,,,,,,1027.4619,1027.9946,q,68,71,2,1,3,familiar,,,FALSE,1027.9948,1027.9948,1027.9948,1027.9948,,67,0,67,0,1,0.4129,,,
,,,,,6a180d4d0ef25bbf2bde78f5,2026-05-28_05h42.13.335,WP1_3,2025.2.3,Win32,60.24096386,66c13cc0c9ba487034df285c,6a030b8ba3607712b5d4bf26,,,,,,,,,,,,,,,,,,,,,,,,,,,,,,,,,,,,,,,,,,,,,,,,,,,,,,,,,,,,58,Celebrities_Faces/058_01_greyscale_250.png,,,,,,,,,,,,,,,,,,,,,,,,,,,,,,,,,,,,,1.506093819,1027.9951,1029.4946,,,,,,,,TRUE,,FALSE,,,,,,,,,,,,1029.4951,1029.9121,q,69,76,2,1,1,familiar,,,FALSE,1029.9123,1029.9123,1029.9123,1029.9124,,68,0,68,0,1,0.287,,,
,,,,,6a180d4d0ef25bbf2bde78f5,2026-05-28_05h42.13.335,WP1_3,2025.2.3,Win32,60.24096386,66c13cc0c9ba487034df285c,6a030b8ba3607712b5d4bf26,,,,,,,,,,,,,,,,,,,,,,,,,,,,,,,,,,,,,,,,,,,,,,,,,,,,,,,,,,,,96,stim_fam/096_rgray_250.png,,,,,,,,,,,,,,,,,,,,,,,,,,,,,,,,,,,,,2.009699545,1029.9126,1031.9111,,,,,,,,FALSE,,FALSE,,,,,,,,,,,,1031.9117,1032.3612,q,70,114,2,1,250,novel,,,FALSE,1032.3614,1032.3614,1032.3615,1032.3615,,69,0,69,0,1,0.3351,,,
,,,,,6a180d4d0ef25bbf2bde78f5,2026-05-28_05h42.13.335,WP1_3,2025.2.3,Win32,60.24096386,66c13cc0c9ba487034df285c,6a030b8ba3607712b5d4bf26,,,,,,,,,,,,,,,,,,,,,,,,,,,,,,,,,,,,,,,,,,,,,,,,,,,,,,,,,,,,102,stim_fam/102_rgray_250.png,,,,,,,,,,,,,,,,,,,,,,,,,,,,,,,,,,,,,2.298679793,1032.3617,1034.6611,,,,,,,,FALSE,,FALSE,,,,,,,,,,,,1034.6617,1034.7656,q,71,111,2,1,250,novel,,,FALSE,1034.7657,1034.7657,1034.7657,1034.7659,,70,0,70,0,1,0.001,,,
,,,,,6a180d4d0ef25bbf2bde78f5,2026-05-28_05h42.13.335,WP1_3,2025.2.3,Win32,60.24096386,66c13cc0c9ba487034df285c,6a030b8ba3607712b5d4bf26,,,,,,,,,,,,,,,,,,,,,,,,,,,,,,,,,,,,,,,,,,,,,,,,,,,,,,,,,,,,24,Celebrities_Faces/024_03_greyscale_250.png,,,,,,,,,,,,,,,,,,,,,,,,,,,,,,,,,,,,,1.8821248,1034.7661,1036.6446,,,,,,,,TRUE,,FALSE,,,,,,,,,,,,1036.6452,1037.2944,q,72,68,2,1,3,familiar,,,FALSE,1037.2945,1037.2946,1037.2947,1037.2947,,71,0,71,0,1,0.5349,,,
,,,,,6a180d4d0ef25bbf2bde78f5,2026-05-28_05h42.13.335,WP1_3,2025.2.3,Win32,60.24096386,66c13cc0c9ba487034df285c,6a030b8ba3607712b5d4bf26,,,,,,,,,,,,,,,,,,,,,,,,,,,,,,,,,,,,,,,,,,,,,,,,,,,,,,,,,,,,54,Celebrities_Faces/054_01_greyscale_250.png,,,,,,,,,,,,,,,,,,,,,,,,,,,,,,,,,,,,,1.885441906,1037.295,1039.1777,,,,,,,,TRUE,,FALSE,,,,,,,,,,,,1039.1783,1040.228,q,73,84,2,1,1,familiar,,,FALSE,1040.2282,1040.2282,1040.2282,1040.2283,,72,0,72,0,1,0.9354,,,
,,,,,6a180d4d0ef25bbf2bde78f5,2026-05-28_05h42.13.335,WP1_3,2025.2.3,Win32,60.24096386,66c13cc0c9ba487034df285c,6a030b8ba3607712b5d4bf26,,,,,,,,,,,,,,,,,,,,,,,,,,,,,,,,,,,,,,,,,,,,,,,,,,,,,,,,,,,,95,stim_fam/095_rgray_250.png,,,,,,,,,,,,,,,,,,,,,,,,,,,,,,,,,,,,,2.466495035,1040.2286,1042.6943,,,,,,,,FALSE,,FALSE,,,,,,,,,,,,1042.6949,1043.2943,q,74,96,2,1,250,novel,,,FALSE,1043.2944,1043.2946,1043.2946,1043.2946,,73,0,73,0,1,0.4913,,,
,,,,,6a180d4d0ef25bbf2bde78f5,2026-05-28_05h42.13.335,WP1_3,2025.2.3,Win32,60.24096386,66c13cc0c9ba487034df285c,6a030b8ba3607712b5d4bf26,,,,,,,,,,,,,,,,,,,,,,,,,,,,,,,,,,,,,,,,,,,,,,,,,,,,,,,,,,,,28,Celebrities_Faces/028_03_greyscale_250.png,,,,,,,,,,,,,,,,,,,,,,,,,,,,,,,,,,,,,1.703686163,1043.2949,1044.9945,,,,,,,,TRUE,,FALSE,,,,,,,,,,,,1044.9951,1046.0943,q,75,74,2,1,3,familiar,,,FALSE,1046.0945,1046.0945,1046.0946,1046.0947,,74,0,74,0,1,0.9884,,,
,,,,,6a180d4d0ef25bbf2bde78f5,2026-05-28_05h42.13.335,WP1_3,2025.2.3,Win32,60.24096386,66c13cc0c9ba487034df285c,6a030b8ba3607712b5d4bf26,,,,,,,,,,,,,,,,,,,,,,,,,,,,,,,,,,,,,,,,,,,,,,,,,,,,,,,,,,,,98,stim_fam/098_rgray_250.png,,,,,,,,,,,,,,,,,,,,,,,,,,,,,,,,,,,,,2.329449195,1046.0948,1048.4278,,,,,,,,FALSE,,TRUE,,,,,,,,,,,,1048.4284,1049.5442,,76,95,2,1,250,novel,,,FALSE,1049.5445,1050.5442,1050.5442,1050.5443,,75,0,75,0,1,,,,
,,,,,6a180d4d0ef25bbf2bde78f5,2026-05-28_05h42.13.335,WP1_3,2025.2.3,Win32,60.24096386,66c13cc0c9ba487034df285c,6a030b8ba3607712b5d4bf26,,,,,,,,,,,,,,,,,,,,,,,,,,,,,,,,,,,,,,,,,,,,,,,,,,,,,,,,,,,,27,Celebrities_Faces/027_03_greyscale_250.png,,,,,,,,,,,,,,,,,,,,,,,,,,,,,,,,,,,,,1.56641855,1050.5446,1052.1109,,,,,,,,TRUE,,TRUE,,,,,,,,,,,,1052.1115,1053.2277,,77,62,2,1,3,familiar,,,FALSE,1053.2279,1054.2278,1054.2278,1054.2278,,76,0,76,0,1,,,,
,,,,,6a180d4d0ef25bbf2bde78f5,2026-05-28_05h42.13.335,WP1_3,2025.2.3,Win32,60.24096386,66c13cc0c9ba487034df285c,6a030b8ba3607712b5d4bf26,,,,,,,,,,,,,,,,,,,,,,,,,,,,,,,,,,,,,,,,,,,,,,,,,,,,,,,,,,,,22,Celebrities_Faces/022_02_greyscale_250.png,,,,,,,,,,,,,,,,,,,,,,,,,,,,,,,,,,,,,1.57320324,1054.2281,1055.7941,,,,,,,,TRUE,,TRUE,,,,,,,,,,,,1055.7948,1056.9109,q,78,67,2,1,2,familiar,,,FALSE,1056.9111,1057.911,1057.911,1057.9111,,77,0,77,0,1,1.0091,,,
,,,,,6a180d4d0ef25bbf2bde78f5,2026-05-28_05h42.13.335,WP1_3,2025.2.3,Win32,60.24096386,66c13cc0c9ba487034df285c,6a030b8ba3607712b5d4bf26,,,,,,,,,,,,,,,,,,,,,,,,,,,,,,,,,,,,,,,,,,,,,,,,,,,,,,,,,,,,56,Celebrities_Faces/056_03_greyscale_250.png,,,,,,,,,,,,,,,,,,,,,,,,,,,,,,,,,,,,,2.215078643,1057.9113,1060.1276,,,,,,,,TRUE,,TRUE,,,,,,,,,,,,1060.1282,1061.2443,,79,73,2,1,3,familiar,,,FALSE,1061.2448,1062.244,1062.2441,1062.2441,,78,0,78,0,1,,,,
,,,,,6a180d4d0ef25bbf2bde78f5,2026-05-28_05h42.13.335,WP1_3,2025.2.3,Win32,60.24096386,66c13cc0c9ba487034df285c,6a030b8ba3607712b5d4bf26,,,,,,,,,,,,,,,,,,,,,,,,,,,,,,,,,,,,,,,,,,,,,,,,,,,,,,,,,,,,47,stim_fam/047_rgray_250.png,,,,,,,,,,,,,,,,,,,,,,,,,,,,,,,,,,,,,1.737860505,1062.2444,1063.9775,,,,,,,,FALSE,,FALSE,,,,,,,,,,,,1063.9782,1064.0916,q,80,113,2,1,250,novel,,,FALSE,1064.0917,1064.0917,1064.0917,1064.0917,,79,0,79,0,1,0.0008,,,
,,,,,6a180d4d0ef25bbf2bde78f5,2026-05-28_05h42.13.335,WP1_3,2025.2.3,Win32,60.24096386,66c13cc0c9ba487034df285c,6a030b8ba3607712b5d4bf26,,,,,,,,,,,,,,,,,,,,,,,,,,,,,,,,,,,,,,,,,,,,,,,,,,,,,,,,,,,,17,stim_fam/017_rgray_250.png,,,,,,,,,,,,,,,,,,,,,,,,,,,,,,,,,,,,,2.431168128,1064.092,1066.5276,,,,,,,,FALSE,,FALSE,,,,,,,,,,,,1066.5282,1066.944,q,81,105,2,1,250,novel,,,FALSE,1066.9442,1066.9442,1066.9442,1066.9444,,80,0,80,0,1,0.2949,,,
,,,,,6a180d4d0ef25bbf2bde78f5,2026-05-28_05h42.13.335,WP1_3,2025.2.3,Win32,60.24096386,66c13cc0c9ba487034df285c,6a030b8ba3607712b5d4bf26,,,,,,,,,,,,,,,,,,,,,,,,,,,,,,,,,,,,,,,,,,,,,,,,,,,,,,,,,,,,25,Celebrities_Faces/025_02_greyscale_250.png,,,,,,,,,,,,,,,,,,,,,,,,,,,,,,,,,,,,,2.456131191,1066.9446,1069.394,,,,,,,,TRUE,,FALSE,,,,,,,,,,,,1069.3946,1069.8106,q,82,72,2,1,2,familiar,,,FALSE,1069.8108,1069.8109,1069.8109,1069.811,,81,0,81,0,1,0.2908,,,
,,,,,6a180d4d0ef25bbf2bde78f5,2026-05-28_05h42.13.335,WP1_3,2025.2.3,Win32,60.24096386,66c13cc0c9ba487034df285c,6a030b8ba3607712b5d4bf26,,,,,,,,,,,,,,,,,,,,,,,,,,,,,,,,,,,,,,,,,,,,,,,,,,,,,,,,,,,,2,Celebrities_Faces/002_01_greyscale_250.png,,,,,,,,,,,,,,,,,,,,,,,,,,,,,,,,,,,,,2.269864352,1069.8112,1072.0776,,,,,,,,TRUE,,FALSE,,,,,,,,,,,,1072.0785,1072.5275,q,83,87,2,1,1,familiar,,,FALSE,1072.5276,1072.5277,1072.5277,1072.5278,,82,0,82,0,1,0.3322,,,
,,,,,6a180d4d0ef25bbf2bde78f5,2026-05-28_05h42.13.335,WP1_3,2025.2.3,Win32,60.24096386,66c13cc0c9ba487034df285c,6a030b8ba3607712b5d4bf26,,,,,,,,,,,,,,,,,,,,,,,,,,,,,,,,,,,,,,,,,,,,,,,,,,,,,,,,,,,,38,Celebrities_Faces/038_03_greyscale_250.png,,,,,,,,,,,,,,,,,,,,,,,,,,,,,,,,,,,,,1.889587114,1072.528,1074.4107,,,,,,,,TRUE,,FALSE,,,,,,,,,,,,1074.4112,1074.7939,q,84,78,2,1,3,familiar,,,FALSE,1074.794,1074.7941,1074.7941,1074.7942,,83,0,83,0,1,0.268,,,
,,,,,6a180d4d0ef25bbf2bde78f5,2026-05-28_05h42.13.335,WP1_3,2025.2.3,Win32,60.24096386,66c13cc0c9ba487034df285c,6a030b8ba3607712b5d4bf26,,,,,,,,,,,,,,,,,,,,,,,,,,,,,,,,,,,,,,,,,,,,,,,,,,,,,,,,,,,,97,stim_fam/097_rgray_250.png,,,,,,,,,,,,,,,,,,,,,,,,,,,,,,,,,,,,,1.68711356,1074.7944,1076.4772,,,,,,,,FALSE,,FALSE,,,,,,,,,,,,1076.4782,1076.9106,q,85,101,2,1,250,novel,,,FALSE,1076.9107,1076.9108,1076.9108,1076.9109,,84,0,84,0,1,0.3212,,,
,,,,,6a180d4d0ef25bbf2bde78f5,2026-05-28_05h42.13.335,WP1_3,2025.2.3,Win32,60.24096386,66c13cc0c9ba487034df285c,6a030b8ba3607712b5d4bf26,,,,,,,,,,,,,,,,,,,,,,,,,,,,,,,,,,,,,,,,,,,,,,,,,,,,,,,,,,,,46,stim_fam/046_rgray_250.png,,,,,,,,,,,,,,,,,,,,,,,,,,,,,,,,,,,,,1.818863911,1076.9111,1078.7273,,,,,,,,FALSE,,FALSE,,,,,,,,,,,,1078.728,1079.2939,q,86,102,2,1,250,novel,,,FALSE,1079.2941,1079.2941,1079.2941,1079.2942,,85,0,85,0,1,0.4467,,,
,,,,,6a180d4d0ef25bbf2bde78f5,2026-05-28_05h42.13.335,WP1_3,2025.2.3,Win32,60.24096386,66c13cc0c9ba487034df285c,6a030b8ba3607712b5d4bf26,,,,,,,,,,,,,,,,,,,,,,,,,,,,,,,,,,,,,,,,,,,,,,,,,,,,,,,,,,,,6,Celebrities_Faces/006_03_greyscale_250.png,,,,,,,,,,,,,,,,,,,,,,,,,,,,,,,,,,,,,1.669947873,1079.2944,1080.9605,,,,,,,,TRUE,,FALSE,,,,,,,,,,,,1080.9611,1081.4773,q,87,81,2,1,3,familiar,,,FALSE,1081.4775,1081.4776,1081.4776,1081.4776,,86,0,86,0,1,0.3957,,,
,,,,,6a180d4d0ef25bbf2bde78f5,2026-05-28_05h42.13.335,WP1_3,2025.2.3,Win32,60.24096386,66c13cc0c9ba487034df285c,6a030b8ba3607712b5d4bf26,,,,,,,,,,,,,,,,,,,,,,,,,,,,,,,,,,,,,,,,,,,,,,,,,,,,,,,,,,,,15,Celebrities_Faces/015_02_greyscale_250.png,,,,,,,,,,,,,,,,,,,,,,,,,,,,,,,,,,,,,2.483402592,1081.4779,1083.9604,,,,,,,,TRUE,,FALSE,,,,,,,,,,,,1083.9611,1084.5106,q,88,63,2,1,2,familiar,,,FALSE,1084.5108,1084.5108,1084.5109,1084.5109,,87,0,87,0,1,0.4289,,,
,,,,,6a180d4d0ef25bbf2bde78f5,2026-05-28_05h42.13.335,WP1_3,2025.2.3,Win32,60.24096386,66c13cc0c9ba487034df285c,6a030b8ba3607712b5d4bf26,,,,,,,,,,,,,,,,,,,,,,,,,,,,,,,,,,,,,,,,,,,,,,,,,,,,,,,,,,,,60,stim_fam/060_rgray_250.png,,,,,,,,,,,,,,,,,,,,,,,,,,,,,,,,,,,,,2.083539264,1084.5113,1086.5937,,,,,,,,FALSE,,FALSE,,,,,,,,,,,,1086.5943,1087.1273,q,89,112,2,1,250,novel,,,FALSE,1087.1276,1087.1276,1087.1276,1087.1277,,88,0,88,0,1,0.4278,,,
,,,,,6a180d4d0ef25bbf2bde78f5,2026-05-28_05h42.13.335,WP1_3,2025.2.3,Win32,60.24096386,66c13cc0c9ba487034df285c,6a030b8ba3607712b5d4bf26,,,,,,,,,,,,,,,,,,,,,,,,,,,,,,,,,,,,,,,,,,,,,,,,,,,,,,,,,,,,43,stim_fam/043_rgray_250.png,,,,,,,,,,,,,,,,,,,,,,,,,,,,,,,,,,,,,2.429642609,1087.1279,1089.5603,,,,,,,,FALSE,,FALSE,,,,,,,,,,,,1089.561,1089.8772,q,90,106,2,1,250,novel,,,FALSE,1089.8774,1089.8774,1089.8774,1089.8775,,89,0,89,0,1,0.2035,,,
,,,,,6a180d4d0ef25bbf2bde78f5,2026-05-28_05h42.13.335,WP1_3,2025.2.3,Win32,60.24096386,66c13cc0c9ba487034df285c,6a030b8ba3607712b5d4bf26,,,,,,,,,,,,,,,,,,,,,,,,,,,,,,,,,,,,,,,,,,,,,,,,,,,,,,,,,,,,33,Celebrities_Faces/033_03_greyscale_250.png,,,,,,,,,,,,,,,,,,,,,,,,,,,,,,,,,,,,,2.03788208,1089.8777,1091.9103,,,,,,,,TRUE,,FALSE,,,,,,,,,,,,1091.9111,1092.7117,q,91,65,2,1,3,familiar,,,FALSE,1092.7119,1092.712,1092.712,1092.712,,90,0,90,0,1,0.6924,,,
,,,,,6a180d4d0ef25bbf2bde78f5,2026-05-28_05h42.13.335,WP1_3,2025.2.3,Win32,60.24096386,66c13cc0c9ba487034df285c,6a030b8ba3607712b5d4bf26,,,,,,,,,,,,,,,,,,,,,,,,,,,,,,,,,,,,,,,,,,,,,,,,,,,,,,,,,,,,31,Celebrities_Faces/031_02_greyscale_250.png,,,,,,,,,,,,,,,,,,,,,,,,,,,,,,,,,,,,,2.037715918,1092.7124,1094.7436,,,,,,,,TRUE,,FALSE,,,,,,,,,,,,1094.7442,1095.4272,q,92,89,2,1,2,familiar,,,FALSE,1095.4277,1095.4277,1095.4277,1095.4279,,91,0,91,0,1,0.5801,,,
,,,,,6a180d4d0ef25bbf2bde78f5,2026-05-28_05h42.13.335,WP1_3,2025.2.3,Win32,60.24096386,66c13cc0c9ba487034df285c,6a030b8ba3607712b5d4bf26,,,,,,,,,,,,,,,,,,,,,,,,,,,,,,,,,,,,,,,,,,,,,,,,,,,,,,,,,,,,10,Celebrities_Faces/010_02_greyscale_250.png,,,,,,,,,,,,,,,,,,,,,,,,,,,,,,,,,,,,,2.012604536,1095.4281,1097.4436,,,,,,,,TRUE,,FALSE,,,,,,,,,,,,1097.4443,1098.3273,p,93,64,2,1,2,familiar,,,FALSE,1098.3275,1098.3275,1098.3275,1098.3276,,92,0,92,0,1,0.7859,,,
,,,,,6a180d4d0ef25bbf2bde78f5,2026-05-28_05h42.13.335,WP1_3,2025.2.3,Win32,60.24096386,66c13cc0c9ba487034df285c,6a030b8ba3607712b5d4bf26,,,,,,,,,,,,,,,,,,,,,,,,,,,,,,,,,,,,,,,,,,,,,,,,,,,,,,,,,,,,34,Celebrities_Faces/034_01_greyscale_250.png,,,,,,,,,,,,,,,,,,,,,,,,,,,,,,,,,,,,,2.418869505,1098.328,1100.7435,,,,,,,,TRUE,,FALSE,,,,,,,,,,,,1100.7442,1101.7773,p,94,75,2,1,1,familiar,,,FALSE,1101.7775,1101.7775,1101.7775,1101.7776,,93,0,93,0,1,0.9235,,,
,,,,,6a180d4d0ef25bbf2bde78f5,2026-05-28_05h42.13.335,WP1_3,2025.2.3,Win32,60.24096386,66c13cc0c9ba487034df285c,6a030b8ba3607712b5d4bf26,,,,,,,,,,,,,,,,,,,,,,,,,,,,,,,,,,,,,,,,,,,,,,,,,,,,,,,,,,,,39,Celebrities_Faces/039_03_greyscale_250.png,,,,,,,,,,,,,,,,,,,,,,,,,,,,,,,,,,,,,1.693608141,1101.778,1103.4603,,,,,,,,TRUE,,FALSE,,,,,,,,,,,,1103.461,1104.3937,q,95,77,2,1,3,familiar,,,FALSE,1104.3939,1104.3939,1104.3939,1104.394,,94,0,94,0,1,0.8297,,,
,,,,,6a180d4d0ef25bbf2bde78f5,2026-05-28_05h42.13.335,WP1_3,2025.2.3,Win32,60.24096386,66c13cc0c9ba487034df285c,6a030b8ba3607712b5d4bf26,,,,,,,,,,,,,,,,,,,,,,,,,,,,,,,,,,,,,,,,,,,,,,,,,,,,,,,,,,,,59,Celebrities_Faces/059_03_greyscale_250.png,,,,,,,,,,,,,,,,,,,,,,,,,,,,,,,,,,,,,1.75333107,1104.3944,1106.1436,,,,,,,,TRUE,,FALSE,,,,,,,,,,,,1106.1442,1107.127,q,96,69,2,1,3,familiar,,,FALSE,1107.1271,1107.1271,1107.1272,1107.1273,,95,0,95,0,1,0.8752,,,
,,,,,6a180d4d0ef25bbf2bde78f5,2026-05-28_05h42.13.335,WP1_3,2025.2.3,Win32,60.24096386,66c13cc0c9ba487034df285c,6a030b8ba3607712b5d4bf26,,,,,,,,,,,,,,,,,,,,,,,,,,,,,,,,,,,,,,,,,,,,,,,,,,,,,,,,,,,,20,stim_fam/020_rgray_250.png,,,,,,,,,,,,,,,,,,,,,,,,,,,,,,,,,,,,,2.39776357,1107.1275,1109.5269,,,,,,,,FALSE,,FALSE,,,,,,,,,,,,1109.5275,1110.2934,q,97,110,2,1,250,novel,,,FALSE,1110.2935,1110.2937,1110.2937,1110.2937,,96,0,96,0,1,0.6606,,,
,,,,,6a180d4d0ef25bbf2bde78f5,2026-05-28_05h42.13.335,WP1_3,2025.2.3,Win32,60.24096386,66c13cc0c9ba487034df285c,6a030b8ba3607712b5d4bf26,,,,,,,,,,,,,,,,,,,,,,,,,,,,,,,,,,,,,,,,,,,,,,,,,,,,,,,,,,,,75,stim_fam/075_rgray_250.png,,,,,,,,,,,,,,,,,,,,,,,,,,,,,,,,,,,,,2.489514978,1110.2939,1112.7768,,,,,,,,FALSE,,FALSE,,,,,,,,,,,,1112.7774,1113.2101,q,98,115,2,1,250,novel,,,FALSE,1113.2102,1113.2103,1113.2103,1113.2104,,97,0,97,0,1,0.3001,,,
,,,,,6a180d4d0ef25bbf2bde78f5,2026-05-28_05h42.13.335,WP1_3,2025.2.3,Win32,60.24096386,66c13cc0c9ba487034df285c,6a030b8ba3607712b5d4bf26,,,,,,,,,,,,,,,,,,,,,,,,,,,,,,,,,,,,,,,,,,,,,,,,,,,,,,,,,,,,36,stim_fam/036_rgray_250.png,,,,,,,,,,,,,,,,,,,,,,,,,,,,,,,,,,,,,2.105565494,1113.2106,1115.31,,,,,,,,FALSE,,FALSE,,,,,,,,,,,,1115.3107,1115.8601,q,99,94,2,1,250,novel,,,FALSE,1115.8601,1115.8602,1115.8603,1115.8603,,98,0,98,0,1,0.429,,,
,,,,,6a180d4d0ef25bbf2bde78f5,2026-05-28_05h42.13.335,WP1_3,2025.2.3,Win32,60.24096386,66c13cc0c9ba487034df285c,6a030b8ba3607712b5d4bf26,,,,,,,,,,,,,,,,,,,,,,,,,,,,,,,,,,,,,,,,,,,,,,,,,,,,,,,,,,,,9,Celebrities_Faces/009_02_greyscale_250.png,,,,,,,,,,,,,,,,,,,,,,,,,,,,,,,,,,,,,1.679604597,1115.8606,1117.5433,,,,,,,,TRUE,,FALSE,,,,,,,,,,,,1117.544,1118.0433,q,100,66,2,1,2,familiar,,,FALSE,1118.0434,1118.0436,1118.0437,1118.0437,,99,0,99,0,1,0.38,,,
,,,,,6a180d4d0ef25bbf2bde78f5,2026-05-28_05h42.13.335,WP1_3,2025.2.3,Win32,60.24096386,66c13cc0c9ba487034df285c,6a030b8ba3607712b5d4bf26,,,,,,,,,,,,,,,,,,,,,,,,,,,,,,,,,,,,,,,,,,,,,,,,,,,,,,,,,,,,14,stim_fam/014_rgray_250.png,,,,,,,,,,,,,,,,,,,,,,,,,,,,,,,,,,,,,1.655434692,1118.0439,1119.6934,,,,,,,,FALSE,,FALSE,,,,,,,,,,,,1119.694,1120.1101,q,101,100,2,1,250,novel,,,FALSE,1120.1102,1120.1103,1120.1103,1120.1104,,100,0,100,0,1,0.2984,,,
,,,,,6a180d4d0ef25bbf2bde78f5,2026-05-28_05h42.13.335,WP1_3,2025.2.3,Win32,60.24096386,66c13cc0c9ba487034df285c,6a030b8ba3607712b5d4bf26,,,,,,,,,,,,,,,,,,,,,,,,,,,,,,,,,,,,,,,,,,,,,,,,,,,,,,,,,,,,20,Celebrities_Faces/020_03_greyscale_250.png,,,,,,,,,,,,,,,,,,,,,,,,,,,,,,,,,,,,,2.475563407,1120.1107,1122.5768,,,,,,,,TRUE,,FALSE,,,,,,,,,,,,1122.5774,1122.9933,q,102,86,2,1,3,familiar,,,FALSE,1122.9934,1122.9935,1122.9936,1122.9936,,101,0,101,0,1,0.2947,,,
,,,,,6a180d4d0ef25bbf2bde78f5,2026-05-28_05h42.13.335,WP1_3,2025.2.3,Win32,60.24096386,66c13cc0c9ba487034df285c,6a030b8ba3607712b5d4bf26,,,,,,,,,,,,,,,,,,,,,,,,,,,,,,,,,,,,,,,,,,,,,,,,,,,,,,,,,,,,25,stim_fam/025_rgray_250.png,,,,,,,,,,,,,,,,,,,,,,,,,,,,,,,,,,,,,2.00577526,1122.9938,1124.9932,,,,,,,,FALSE,,FALSE,,,,,,,,,,,,1124.9939,1125.41,q,103,99,2,1,250,novel,,,FALSE,1125.41,1125.4102,1125.4102,1125.4102,,102,0,102,0,1,0.2962,,,
,,,,,6a180d4d0ef25bbf2bde78f5,2026-05-28_05h42.13.335,WP1_3,2025.2.3,Win32,60.24096386,66c13cc0c9ba487034df285c,6a030b8ba3607712b5d4bf26,,,,,,,,,,,,,,,,,,,,,,,,,,,,,,,,,,,,,,,,,,,,,,,,,,,,,,,,,,,,11,stim_fam/011_rgray_250.png,,,,,,,,,,,,,,,,,,,,,,,,,,,,,,,,,,,,,1.701641958,1125.4104,1127.11,,,,,,,,FALSE,,FALSE,,,,,,,,,,,,1127.1107,1127.6933,q,104,92,2,1,250,novel,,,FALSE,1127.6934,1127.6935,1127.6935,1127.6936,,103,0,103,0,1,0.4662,,,
,,,,,6a180d4d0ef25bbf2bde78f5,2026-05-28_05h42.13.335,WP1_3,2025.2.3,Win32,60.24096386,66c13cc0c9ba487034df285c,6a030b8ba3607712b5d4bf26,,,,,,,,,,,,,,,,,,,,,,,,,,,,,,,,,,,,,,,,,,,,,,,,,,,,,,,,,,,,33,stim_fam/033_rgray_250.png,,,,,,,,,,,,,,,,,,,,,,,,,,,,,,,,,,,,,2.061452764,1127.6938,1129.7433,,,,,,,,FALSE,,FALSE,,,,,,,,,,,,1129.7439,1130.2948,q,105,116,2,1,250,novel,,,FALSE,1130.295,1130.295,1130.295,1130.2951,,104,0,104,0,1,0.4391,,,
,,,,,6a180d4d0ef25bbf2bde78f5,2026-05-28_05h42.13.335,WP1_3,2025.2.3,Win32,60.24096386,66c13cc0c9ba487034df285c,6a030b8ba3607712b5d4bf26,,,,,,,,,,,,,,,,,,,,,,,,,,,,,,,,,,,,,,,,,,,,,,,,,,,,,,,,,,,,30,stim_fam/030_rgray_250.png,,,,,,,,,,,,,,,,,,,,,,,,,,,,,,,,,,,,,2.342582872,1130.2952,1132.6268,,,,,,,,FALSE,,FALSE,,,,,,,,,,,,1132.6275,1133.0433,q,106,91,2,1,250,novel,,,FALSE,1133.0434,1133.0435,1133.0436,1133.0437,,105,0,105,0,1,0.2958,,,
,,,,,6a180d4d0ef25bbf2bde78f5,2026-05-28_05h42.13.335,WP1_3,2025.2.3,Win32,60.24096386,66c13cc0c9ba487034df285c,6a030b8ba3607712b5d4bf26,,,,,,,,,,,,,,,,,,,,,,,,,,,,,,,,,,,,,,,,,,,,,,,,,,,,,,,,,,,,47,Celebrities_Faces/047_01_greyscale_250.png,,,,,,,,,,,,,,,,,,,,,,,,,,,,,,,,,,,,,2.360335717,1133.0439,1135.3931,,,,,,,,TRUE,,FALSE,,,,,,,,,,,,1135.3938,1135.6431,q,107,90,2,1,1,familiar,,,FALSE,1135.6433,1135.6434,1135.6434,1135.6435,,106,0,106,0,1,0.1372,,,
,,,,,6a180d4d0ef25bbf2bde78f5,2026-05-28_05h42.13.335,WP1_3,2025.2.3,Win32,60.24096386,66c13cc0c9ba487034df285c,6a030b8ba3607712b5d4bf26,,,,,,,,,,,,,,,,,,,,,,,,,,,,,,,,,,,,,,,,,,,,,,,,,,,,,,,,,,,,13,stim_fam/013_rgray_250.png,,,,,,,,,,,,,,,,,,,,,,,,,,,,,,,,,,,,,1.989578548,1135.6437,1137.6266,,,,,,,,FALSE,,TRUE,,,,,,,,,,,,1137.6271,1138.7432,,108,98,2,1,250,novel,,,FALSE,1138.7435,1139.743,1139.743,1139.7432,,107,0,107,0,1,,,,
,,,,,6a180d4d0ef25bbf2bde78f5,2026-05-28_05h42.13.335,WP1_3,2025.2.3,Win32,60.24096386,66c13cc0c9ba487034df285c,6a030b8ba3607712b5d4bf26,,,,,,,,,,,,,,,,,,,,,,,,,,,,,,,,,,,,,,,,,,,,,,,,,,,,,,,,,,,,90,stim_fam/090_rgray_250.png,,,,,,,,,,,,,,,,,,,,,,,,,,,,,,,,,,,,,2.358900284,1139.7435,1142.0932,,,,,,,,FALSE,,FALSE,,,,,,,,,,,,1142.0937,1142.7765,q,109,93,2,1,250,novel,,,FALSE,1142.7766,1142.7767,1142.7768,1142.7769,,108,0,108,0,1,0.5696,,,
,,,,,6a180d4d0ef25bbf2bde78f5,2026-05-28_05h42.13.335,WP1_3,2025.2.3,Win32,60.24096386,66c13cc0c9ba487034df285c,6a030b8ba3607712b5d4bf26,,,,,,,,,,,,,,,,,,,,,,,,,,,,,,,,,,,,,,,,,,,,,,,,,,,,,,,,,,,,45,Celebrities_Faces/045_02_greyscale_250.png,,,,,,,,,,,,,,,,,,,,,,,,,,,,,,,,,,,,,1.986563937,1142.777,1144.7598,,,,,,,,TRUE,,TRUE,,,,,,,,,,,,1144.7606,1145.8764,,110,80,2,1,2,familiar,,,FALSE,1145.8767,1146.8766,1146.8766,1146.8768,,109,0,109,0,1,,,,
,,,,,6a180d4d0ef25bbf2bde78f5,2026-05-28_05h42.13.335,WP1_3,2025.2.3,Win32,60.24096386,66c13cc0c9ba487034df285c,6a030b8ba3607712b5d4bf26,,,,,,,,,,,,,,,,,,,,,,,,,,,,,,,,,,,,,,,,,,,,,,,,,,,,,,,,,,,,55,stim_fam/055_rgray_250.png,,,,,,,,,,,,,,,,,,,,,,,,,,,,,,,,,,,,,1.608820496,1146.8771,1148.4764,,,,,,,,FALSE,,FALSE,,,,,,,,,,,,1148.4773,1148.9429,q,111,109,2,1,250,novel,,,FALSE,1148.9431,1148.9432,1148.9433,1148.9433,,110,0,110,0,1,0.3455,,,
,,,,,6a180d4d0ef25bbf2bde78f5,2026-05-28_05h42.13.335,WP1_3,2025.2.3,Win32,60.24096386,66c13cc0c9ba487034df285c,6a030b8ba3607712b5d4bf26,,,,,,,,,,,,,,,,,,,,,,,,,,,,,,,,,,,,,,,,,,,,,,,,,,,,,,,,,,,,93,stim_fam/093_rgray_250.png,,,,,,,,,,,,,,,,,,,,,,,,,,,,,,,,,,,,,1.847820725,1148.9436,1150.7929,,,,,,,,FALSE,,FALSE,,,,,,,,,,,,1150.7935,1151.5596,q,112,119,2,1,250,novel,,,FALSE,1151.5598,1151.5599,1151.5599,1151.56,,111,0,111,0,1,0.6489,,,
,,,,,6a180d4d0ef25bbf2bde78f5,2026-05-28_05h42.13.335,WP1_3,2025.2.3,Win32,60.24096386,66c13cc0c9ba487034df285c,6a030b8ba3607712b5d4bf26,,,,,,,,,,,,,,,,,,,,,,,,,,,,,,,,,,,,,,,,,,,,,,,,,,,,,,,,,,,,7,stim_fam/007_rgray_250.png,,,,,,,,,,,,,,,,,,,,,,,,,,,,,,,,,,,,,2.407133119,1151.5602,1153.9596,,,,,,,,FALSE,,FALSE,,,,,,,,,,,,1153.9602,1154.3764,q,113,108,2,1,250,novel,,,FALSE,1154.3766,1154.3766,1154.3767,1154.3767,,112,0,112,0,1,0.3044,,,
,,,,,6a180d4d0ef25bbf2bde78f5,2026-05-28_05h42.13.335,WP1_3,2025.2.3,Win32,60.24096386,66c13cc0c9ba487034df285c,6a030b8ba3607712b5d4bf26,,,,,,,,,,,,,,,,,,,,,,,,,,,,,,,,,,,,,,,,,,,,,,,,,,,,,,,,,,,,1,stim_fam/001_rgray_250.png,,,,,,,,,,,,,,,,,,,,,,,,,,,,,,,,,,,,,2.494743295,1154.377,1156.8596,,,,,,,,FALSE,,FALSE,,,,,,,,,,,,1156.8601,1157.2596,q,114,103,2,1,250,novel,,,FALSE,1157.2597,1157.2598,1157.2598,1157.2598,,113,0,113,0,1,0.2883,,,
,,,,,6a180d4d0ef25bbf2bde78f5,2026-05-28_05h42.13.335,WP1_3,2025.2.3,Win32,60.24096386,66c13cc0c9ba487034df285c,6a030b8ba3607712b5d4bf26,,,,,,,,,,,,,,,,,,,,,,,,,,,,,,,,,,,,,,,,,,,,,,,,,,,,,,,,,,,,8,Celebrities_Faces/008_02_greyscale_250.png,,,,,,,,,,,,,,,,,,,,,,,,,,,,,,,,,,,,,2.077089968,1157.2601,1159.3264,,,,,,,,TRUE,,FALSE,,,,,,,,,,,,1159.327,1160.0427,q,115,70,2,1,2,familiar,,,FALSE,1160.0429,1160.043,1160.0431,1160.0431,,114,0,114,0,1,0.605,,,
,,,,,6a180d4d0ef25bbf2bde78f5,2026-05-28_05h42.13.335,WP1_3,2025.2.3,Win32,60.24096386,66c13cc0c9ba487034df285c,6a030b8ba3607712b5d4bf26,,,,,,,,,,,,,,,,,,,,,,,,,,,,,,,,,,,,,,,,,,,,,,,,,,,,,,,,,,,,7,Celebrities_Faces/007_03_greyscale_250.png,,,,,,,,,,,,,,,,,,,,,,,,,,,,,,,,,,,,,2.202452258,1160.0434,1162.2427,,,,,,,,TRUE,,FALSE,,,,,,,,,,,,1162.2433,1163.1594,p,116,79,2,1,3,familiar,,,FALSE,1163.1596,1163.1597,1163.1597,1163.1597,,115,0,115,0,1,0.8068,,,
,,,,,6a180d4d0ef25bbf2bde78f5,2026-05-28_05h42.13.335,WP1_3,2025.2.3,Win32,60.24096386,66c13cc0c9ba487034df285c,6a030b8ba3607712b5d4bf26,,,,,,,,,,,,,,,,,,,,,,,,,,,,,,,,,,,,,,,,,,,,,,,,,,,,,,,,,,,,10,stim_fam/010_rgray_250.png,,,,,,,,,,,,,,,,,,,,,,,,,,,,,,,,,,,,,2.092171844,1163.16,1165.2427,,,,,,,,FALSE,,FALSE,,,,,,,,,,,,1165.2433,1165.6431,q,117,118,2,1,250,novel,,,FALSE,1165.6432,1165.6433,1165.6434,1165.6434,,116,0,116,0,1,0.2911,,,
,,,,,6a180d4d0ef25bbf2bde78f5,2026-05-28_05h42.13.335,WP1_3,2025.2.3,Win32,60.24096386,66c13cc0c9ba487034df285c,6a030b8ba3607712b5d4bf26,,,,,,,,,,,,,,,,,,,,,,,,,,,,,,,,,,,,,,,,,,,,,,,,,,,,,,,,,,,,70,stim_fam/070_rgray_250.png,,,,,,,,,,,,,,,,,,,,,,,,,,,,,,,,,,,,,1.979179572,1165.6437,1167.6262,,,,,,,,FALSE,,FALSE,,,,,,,,,,,,1167.6268,1168.0432,q,118,107,2,1,250,novel,,,FALSE,1168.0436,1168.0437,1168.0437,1168.0438,,117,0,117,0,1,0.3068,,,
,,,,,6a180d4d0ef25bbf2bde78f5,2026-05-28_05h42.13.335,WP1_3,2025.2.3,Win32,60.24096386,66c13cc0c9ba487034df285c,6a030b8ba3607712b5d4bf26,,,,,,,,,,,,,,,,,,,,,,,,,,,,,,,,,,,,,,,,,,,,,,,,,,,,,,,,,,,,6,stim_fam/006_rgray_250.png,,,,,,,,,,,,,,,,,,,,,,,,,,,,,,,,,,,,,1.951025538,1168.0444,1169.9927,,,,,,,,FALSE,,FALSE,,,,,,,,,,,,1169.9933,1170.1013,p,119,117,2,1,250,novel,,,FALSE,1170.1014,1170.1014,1170.1014,1170.1015,,118,0,118,0,1,0.0012,,,
,,,,,6a180d4d0ef25bbf2bde78f5,2026-05-28_05h42.13.335,WP1_3,2025.2.3,Win32,60.24096386,66c13cc0c9ba487034df285c,6a030b8ba3607712b5d4bf26,,,,,,,,,,,,,,,,,,,,,,,,,,,,,,,,,,,,,,,,,,,,,,,,,,,,,,,,,,,,32,stim_fam/032_rgray_250.png,,,,,,,,,,,,,,,,,,,,,,,,,,,,,,,,,,,,,2.282938995,1170.1017,1172.3762,,,,,,,,FALSE,,FALSE,,,,,,,,,,,,1172.3769,1172.5261,p,120,120,2,1,250,novel,,,FALSE,1172.5263,1172.5264,1172.5264,1352.0243,space,119,0,119,0,1,0.0425,,179.4837,
,,,,,6a180d4d0ef25bbf2bde78f5,2026-05-28_05h42.13.335,WP1_3,2025.2.3,Win32,60.24096386,66c13cc0c9ba487034df285c,6a030b8ba3607712b5d4bf26,,,,,,,,,,,,,,,,,,,,,,,,,,,,,,,,,,,,,,,,,,,,,,,,,,,,,,,,,,,,58,Celebrities_Faces/058_02_greyscale_250.png,,,,,,,,,,,,,,,,,,,,,,,,,,,,,,,,,,,,,1.875510084,1352.0248,1353.8906,,,,,,,,TRUE,,FALSE,,,,,,,,,,,,1353.8914,1354.7752,q,121,136,3,1,2,familiar,,,FALSE,1354.7755,1354.7756,1354.7756,1354.7756,,120,0,120,0,1,0.7697,,,
,,,,,6a180d4d0ef25bbf2bde78f5,2026-05-28_05h42.13.335,WP1_3,2025.2.3,Win32,60.24096386,66c13cc0c9ba487034df285c,6a030b8ba3607712b5d4bf26,,,,,,,,,,,,,,,,,,,,,,,,,,,,,,,,,,,,,,,,,,,,,,,,,,,,,,,,,,,,7,Celebrities_Faces/007_02_greyscale_250.png,,,,,,,,,,,,,,,,,,,,,,,,,,,,,,,,,,,,,1.745998334,1354.7759,1356.5241,,,,,,,,TRUE,,FALSE,,,,,,,,,,,,1356.5249,1357.3907,q,122,139,3,1,2,familiar,,,FALSE,1357.391,1357.391,1357.391,1357.3911,,121,0,121,0,1,0.7544,,,
,,,,,6a180d4d0ef25bbf2bde78f5,2026-05-28_05h42.13.335,WP1_3,2025.2.3,Win32,60.24096386,66c13cc0c9ba487034df285c,6a030b8ba3607712b5d4bf26,,,,,,,,,,,,,,,,,,,,,,,,,,,,,,,,,,,,,,,,,,,,,,,,,,,,,,,,,,,,59,Celebrities_Faces/059_02_greyscale_250.png,,,,,,,,,,,,,,,,,,,,,,,,,,,,,,,,,,,,,1.903704223,1357.3918,1359.2906,,,,,,,,TRUE,,FALSE,,,,,,,,,,,,1359.2912,1360.2737,q,123,129,3,1,2,familiar,,,FALSE,1360.2739,1360.2739,1360.2739,1360.274,,122,0,122,0,1,0.8706,,,
,,,,,6a180d4d0ef25bbf2bde78f5,2026-05-28_05h42.13.335,WP1_3,2025.2.3,Win32,60.24096386,66c13cc0c9ba487034df285c,6a030b8ba3607712b5d4bf26,,,,,,,,,,,,,,,,,,,,,,,,,,,,,,,,,,,,,,,,,,,,,,,,,,,,,,,,,,,,13,Celebrities_Faces/013_02_greyscale_250.png,,,,,,,,,,,,,,,,,,,,,,,,,,,,,,,,,,,,,1.764213572,1360.2743,1362.0403,,,,,,,,TRUE,,FALSE,,,,,,,,,,,,1362.0409,1362.9242,q,124,148,3,1,2,familiar,,,FALSE,1362.9243,1362.9244,1362.9244,1362.9244,,123,0,123,0,1,0.7804,,,
,,,,,6a180d4d0ef25bbf2bde78f5,2026-05-28_05h42.13.335,WP1_3,2025.2.3,Win32,60.24096386,66c13cc0c9ba487034df285c,6a030b8ba3607712b5d4bf26,,,,,,,,,,,,,,,,,,,,,,,,,,,,,,,,,,,,,,,,,,,,,,,,,,,,,,,,,,,,91,stim_fam/091_rgray_250.png,,,,,,,,,,,,,,,,,,,,,,,,,,,,,,,,,,,,,1.743567298,1362.9246,1364.657,,,,,,,,FALSE,,TRUE,,,,,,,,,,,,1364.6579,1365.7741,,125,162,3,1,250,novel,,,FALSE,1365.7743,1366.7736,1366.7736,1366.7738,,124,0,124,0,1,,,,
,,,,,6a180d4d0ef25bbf2bde78f5,2026-05-28_05h42.13.335,WP1_3,2025.2.3,Win32,60.24096386,66c13cc0c9ba487034df285c,6a030b8ba3607712b5d4bf26,,,,,,,,,,,,,,,,,,,,,,,,,,,,,,,,,,,,,,,,,,,,,,,,,,,,,,,,,,,,68,stim_fam/068_rgray_250.png,,,,,,,,,,,,,,,,,,,,,,,,,,,,,,,,,,,,,1.983736099,1366.7741,1368.758,,,,,,,,FALSE,,TRUE,,,,,,,,,,,,1368.7586,1369.8736,,126,172,3,1,250,novel,,,FALSE,1369.8738,1370.8736,1370.8736,1370.8737,,125,0,125,0,1,,,,
,,,,,6a180d4d0ef25bbf2bde78f5,2026-05-28_05h42.13.335,WP1_3,2025.2.3,Win32,60.24096386,66c13cc0c9ba487034df285c,6a030b8ba3607712b5d4bf26,,,,,,,,,,,,,,,,,,,,,,,,,,,,,,,,,,,,,,,,,,,,,,,,,,,,,,,,,,,,24,Celebrities_Faces/024_01_greyscale_250.png,,,,,,,,,,,,,,,,,,,,,,,,,,,,,,,,,,,,,1.641689312,1370.874,1372.5069,,,,,,,,TRUE,,FALSE,,,,,,,,,,,,1372.5078,1372.616,q,127,128,3,1,1,familiar,,,FALSE,1372.6162,1372.6162,1372.6163,1372.6163,,126,0,126,0,1,0.0009,,,
,,,,,6a180d4d0ef25bbf2bde78f5,2026-05-28_05h42.13.335,WP1_3,2025.2.3,Win32,60.24096386,66c13cc0c9ba487034df285c,6a030b8ba3607712b5d4bf26,,,,,,,,,,,,,,,,,,,,,,,,,,,,,,,,,,,,,,,,,,,,,,,,,,,,,,,,,,,,15,Celebrities_Faces/015_01_greyscale_250.png,,,,,,,,,,,,,,,,,,,,,,,,,,,,,,,,,,,,,2.417871804,1372.6166,1375.0239,,,,,,,,TRUE,,FALSE,,,,,,,,,,,,1375.0244,1375.4577,q,128,123,3,1,1,familiar,,,FALSE,1375.4579,1375.4579,1375.4579,1375.4579,,127,0,127,0,1,0.3329,,,
,,,,,6a180d4d0ef25bbf2bde78f5,2026-05-28_05h42.13.335,WP1_3,2025.2.3,Win32,60.24096386,66c13cc0c9ba487034df285c,6a030b8ba3607712b5d4bf26,,,,,,,,,,,,,,,,,,,,,,,,,,,,,,,,,,,,,,,,,,,,,,,,,,,,,,,,,,,,35,stim_fam/035_rgray_250.png,,,,,,,,,,,,,,,,,,,,,,,,,,,,,,,,,,,,,1.809687922,1375.4581,1377.2572,,,,,,,,FALSE,,FALSE,,,,,,,,,,,,1377.2579,1377.6907,q,129,151,3,1,250,novel,,,FALSE,1377.691,1377.6911,1377.6911,1377.6912,,128,0,128,0,1,0.3238,,,
,,,,,6a180d4d0ef25bbf2bde78f5,2026-05-28_05h42.13.335,WP1_3,2025.2.3,Win32,60.24096386,66c13cc0c9ba487034df285c,6a030b8ba3607712b5d4bf26,,,,,,,,,,,,,,,,,,,,,,,,,,,,,,,,,,,,,,,,,,,,,,,,,,,,,,,,,,,,34,Celebrities_Faces/034_02_greyscale_250.png,,,,,,,,,,,,,,,,,,,,,,,,,,,,,,,,,,,,,1.799483503,1377.6914,1379.4904,,,,,,,,TRUE,,FALSE,,,,,,,,,,,,1379.491,1379.89,q,130,135,3,1,2,familiar,,,FALSE,1379.8902,1379.8903,1379.8903,1379.8905,,129,0,129,0,1,0.2933,,,
,,,,,6a180d4d0ef25bbf2bde78f5,2026-05-28_05h42.13.335,WP1_3,2025.2.3,Win32,60.24096386,66c13cc0c9ba487034df285c,6a030b8ba3607712b5d4bf26,,,,,,,,,,,,,,,,,,,,,,,,,,,,,,,,,,,,,,,,,,,,,,,,,,,,,,,,,,,,10,Celebrities_Faces/010_03_greyscale_250.png,,,,,,,,,,,,,,,,,,,,,,,,,,,,,,,,,,,,,2.382688956,1379.8907,1382.2734,,,,,,,,TRUE,,FALSE,,,,,,,,,,,,1382.2741,1382.724,q,131,124,3,1,3,familiar,,,FALSE,1382.7243,1382.7243,1382.7243,1382.7244,,130,0,130,0,1,0.3412,,,
,,,,,6a180d4d0ef25bbf2bde78f5,2026-05-28_05h42.13.335,WP1_3,2025.2.3,Win32,60.24096386,66c13cc0c9ba487034df285c,6a030b8ba3607712b5d4bf26,,,,,,,,,,,,,,,,,,,,,,,,,,,,,,,,,,,,,,,,,,,,,,,,,,,,,,,,,,,,27,Celebrities_Faces/027_02_greyscale_250.png,,,,,,,,,,,,,,,,,,,,,,,,,,,,,,,,,,,,,2.071844343,1382.7246,1384.79,,,,,,,,TRUE,,FALSE,,,,,,,,,,,,1384.7908,1385.24,q,132,122,3,1,2,familiar,,,FALSE,1385.2402,1385.2402,1385.2403,1385.2403,,131,0,131,0,1,0.3362,,,
,,,,,6a180d4d0ef25bbf2bde78f5,2026-05-28_05h42.13.335,WP1_3,2025.2.3,Win32,60.24096386,66c13cc0c9ba487034df285c,6a030b8ba3607712b5d4bf26,,,,,,,,,,,,,,,,,,,,,,,,,,,,,,,,,,,,,,,,,,,,,,,,,,,,,,,,,,,,57,stim_fam/057_rgray_250.png,,,,,,,,,,,,,,,,,,,,,,,,,,,,,,,,,,,,,1.735650847,1385.2406,1386.9735,,,,,,,,FALSE,,FALSE,,,,,,,,,,,,1386.9741,1387.5734,q,133,160,3,1,250,novel,,,FALSE,1387.5736,1387.5736,1387.5736,1387.5737,,132,0,132,0,1,0.4962,,,
,,,,,6a180d4d0ef25bbf2bde78f5,2026-05-28_05h42.13.335,WP1_3,2025.2.3,Win32,60.24096386,66c13cc0c9ba487034df285c,6a030b8ba3607712b5d4bf26,,,,,,,,,,,,,,,,,,,,,,,,,,,,,,,,,,,,,,,,,,,,,,,,,,,,,,,,,,,,26,Celebrities_Faces/026_01_greyscale_250.png,,,,,,,,,,,,,,,,,,,,,,,,,,,,,,,,,,,,,2.387742441,1387.5739,1389.9566,,,,,,,,TRUE,,FALSE,,,,,,,,,,,,1389.9575,1390.7732,p,134,143,3,1,1,familiar,,,FALSE,1390.7733,1390.7735,1390.7735,1390.7736,,133,0,133,0,1,0.7079,,,
,,,,,6a180d4d0ef25bbf2bde78f5,2026-05-28_05h42.13.335,WP1_3,2025.2.3,Win32,60.24096386,66c13cc0c9ba487034df285c,6a030b8ba3607712b5d4bf26,,,,,,,,,,,,,,,,,,,,,,,,,,,,,,,,,,,,,,,,,,,,,,,,,,,,,,,,,,,,26,stim_fam/026_rgray_250.png,,,,,,,,,,,,,,,,,,,,,,,,,,,,,,,,,,,,,1.725173914,1390.7739,1392.4899,,,,,,,,FALSE,,FALSE,,,,,,,,,,,,1392.4907,1392.8732,q,135,161,3,1,250,novel,,,FALSE,1392.8735,1392.8735,1392.8736,1392.8736,,134,0,134,0,1,0.2813,,,
,,,,,6a180d4d0ef25bbf2bde78f5,2026-05-28_05h42.13.335,WP1_3,2025.2.3,Win32,60.24096386,66c13cc0c9ba487034df285c,6a030b8ba3607712b5d4bf26,,,,,,,,,,,,,,,,,,,,,,,,,,,,,,,,,,,,,,,,,,,,,,,,,,,,,,,,,,,,48,stim_fam/048_rgray_250.png,,,,,,,,,,,,,,,,,,,,,,,,,,,,,,,,,,,,,1.717686906,1392.8739,1394.5901,,,,,,,,FALSE,,FALSE,,,,,,,,,,,,1394.5908,1395.04,q,136,179,3,1,250,novel,,,FALSE,1395.0402,1395.0402,1395.0402,1395.0403,,135,0,135,0,1,0.3461,,,
,,,,,6a180d4d0ef25bbf2bde78f5,2026-05-28_05h42.13.335,WP1_3,2025.2.3,Win32,60.24096386,66c13cc0c9ba487034df285c,6a030b8ba3607712b5d4bf26,,,,,,,,,,,,,,,,,,,,,,,,,,,,,,,,,,,,,,,,,,,,,,,,,,,,,,,,,,,,15,stim_fam/015_rgray_250.png,,,,,,,,,,,,,,,,,,,,,,,,,,,,,,,,,,,,,1.873756959,1395.0406,1396.907,,,,,,,,FALSE,,FALSE,,,,,,,,,,,,1396.9079,1397.4902,p,137,178,3,1,250,novel,,,FALSE,1397.4903,1397.4904,1397.4904,1397.4905,,136,0,136,0,1,0.4755,,,
,,,,,6a180d4d0ef25bbf2bde78f5,2026-05-28_05h42.13.335,WP1_3,2025.2.3,Win32,60.24096386,66c13cc0c9ba487034df285c,6a030b8ba3607712b5d4bf26,,,,,,,,,,,,,,,,,,,,,,,,,,,,,,,,,,,,,,,,,,,,,,,,,,,,,,,,,,,,71,stim_fam/071_rgray_250.png,,,,,,,,,,,,,,,,,,,,,,,,,,,,,,,,,,,,,1.88754973,1397.4908,1399.3731,,,,,,,,FALSE,,FALSE,,,,,,,,,,,,1399.3738,1399.8065,p,138,174,3,1,250,novel,,,FALSE,1399.8066,1399.8067,1399.8067,1399.8068,,137,0,137,0,1,0.3314,,,
,,,,,6a180d4d0ef25bbf2bde78f5,2026-05-28_05h42.13.335,WP1_3,2025.2.3,Win32,60.24096386,66c13cc0c9ba487034df285c,6a030b8ba3607712b5d4bf26,,,,,,,,,,,,,,,,,,,,,,,,,,,,,,,,,,,,,,,,,,,,,,,,,,,,,,,,,,,,19,Celebrities_Faces/019_02_greyscale_250.png,,,,,,,,,,,,,,,,,,,,,,,,,,,,,,,,,,,,,1.93568868,1399.807,1401.7398,,,,,,,,TRUE,,FALSE,,,,,,,,,,,,1401.7405,1402.1065,q,139,131,3,1,2,familiar,,,FALSE,1402.1066,1402.1067,1402.1067,1402.1068,,138,0,138,0,1,0.2575,,,
,,,,,6a180d4d0ef25bbf2bde78f5,2026-05-28_05h42.13.335,WP1_3,2025.2.3,Win32,60.24096386,66c13cc0c9ba487034df285c,6a030b8ba3607712b5d4bf26,,,,,,,,,,,,,,,,,,,,,,,,,,,,,,,,,,,,,,,,,,,,,,,,,,,,,,,,,,,,27,stim_fam/027_rgray_250.png,,,,,,,,,,,,,,,,,,,,,,,,,,,,,,,,,,,,,1.524394873,1402.107,1403.6234,,,,,,,,FALSE,,TRUE,,,,,,,,,,,,1403.6241,1404.7397,,140,163,3,1,250,novel,,,FALSE,1404.74,1405.7397,1405.7397,1405.7397,,139,0,139,0,1,,,,
,,,,,6a180d4d0ef25bbf2bde78f5,2026-05-28_05h42.13.335,WP1_3,2025.2.3,Win32,60.24096386,66c13cc0c9ba487034df285c,6a030b8ba3607712b5d4bf26,,,,,,,,,,,,,,,,,,,,,,,,,,,,,,,,,,,,,,,,,,,,,,,,,,,,,,,,,,,,9,Celebrities_Faces/009_03_greyscale_250.png,,,,,,,,,,,,,,,,,,,,,,,,,,,,,,,,,,,,,2.455818574,1405.7401,1408.1902,,,,,,,,TRUE,,FALSE,,,,,,,,,,,,1408.1911,1408.6064,q,141,126,3,1,3,familiar,,,FALSE,1408.6066,1408.6067,1408.6067,1408.6067,,140,0,140,0,1,0.311,,,
,,,,,6a180d4d0ef25bbf2bde78f5,2026-05-28_05h42.13.335,WP1_3,2025.2.3,Win32,60.24096386,66c13cc0c9ba487034df285c,6a030b8ba3607712b5d4bf26,,,,,,,,,,,,,,,,,,,,,,,,,,,,,,,,,,,,,,,,,,,,,,,,,,,,,,,,,,,,94,stim_fam/094_rgray_250.png,,,,,,,,,,,,,,,,,,,,,,,,,,,,,,,,,,,,,2.272235294,1408.607,1410.8732,,,,,,,,FALSE,,FALSE,,,,,,,,,,,,1410.8738,1411.0283,q,142,171,3,1,250,novel,,,FALSE,1411.0284,1411.0285,1411.0286,1411.0286,,141,0,141,0,1,0.0467,,,
,,,,,6a180d4d0ef25bbf2bde78f5,2026-05-28_05h42.13.335,WP1_3,2025.2.3,Win32,60.24096386,66c13cc0c9ba487034df285c,6a030b8ba3607712b5d4bf26,,,,,,,,,,,,,,,,,,,,,,,,,,,,,,,,,,,,,,,,,,,,,,,,,,,,,,,,,,,,31,stim_fam/031_rgray_250.png,,,,,,,,,,,,,,,,,,,,,,,,,,,,,,,,,,,,,1.7937941,1411.0289,1412.8235,,,,,,,,FALSE,,FALSE,,,,,,,,,,,,1412.8242,1413.4397,q,143,168,3,1,250,novel,,,FALSE,1413.4398,1413.4399,1413.4399,1413.44,,142,0,142,0,1,0.5049,,,
,,,,,6a180d4d0ef25bbf2bde78f5,2026-05-28_05h42.13.335,WP1_3,2025.2.3,Win32,60.24096386,66c13cc0c9ba487034df285c,6a030b8ba3607712b5d4bf26,,,,,,,,,,,,,,,,,,,,,,,,,,,,,,,,,,,,,,,,,,,,,,,,,,,,,,,,,,,,65,stim_fam/065_rgray_250.png,,,,,,,,,,,,,,,,,,,,,,,,,,,,,,,,,,,,,1.873528491,1413.4402,1415.3064,,,,,,,,FALSE,,FALSE,,,,,,,,,,,,1415.3071,1415.7074,q,144,170,3,1,250,novel,,,FALSE,1415.7076,1415.7077,1415.7077,1415.7077,,143,0,143,0,1,0.2914,,,
,,,,,6a180d4d0ef25bbf2bde78f5,2026-05-28_05h42.13.335,WP1_3,2025.2.3,Win32,60.24096386,66c13cc0c9ba487034df285c,6a030b8ba3607712b5d4bf26,,,,,,,,,,,,,,,,,,,,,,,,,,,,,,,,,,,,,,,,,,,,,,,,,,,,,,,,,,,,32,Celebrities_Faces/032_02_greyscale_250.png,,,,,,,,,,,,,,,,,,,,,,,,,,,,,,,,,,,,,1.818133564,1415.7081,1417.5238,,,,,,,,TRUE,,FALSE,,,,,,,,,,,,1417.5246,1418.1397,q,145,142,3,1,2,familiar,,,FALSE,1418.1398,1418.1399,1418.1399,1418.1399,,144,0,144,0,1,0.489,,,
,,,,,6a180d4d0ef25bbf2bde78f5,2026-05-28_05h42.13.335,WP1_3,2025.2.3,Win32,60.24096386,66c13cc0c9ba487034df285c,6a030b8ba3607712b5d4bf26,,,,,,,,,,,,,,,,,,,,,,,,,,,,,,,,,,,,,,,,,,,,,,,,,,,,,,,,,,,,24,stim_fam/024_rgray_250.png,,,,,,,,,,,,,,,,,,,,,,,,,,,,,,,,,,,,,2.175830039,1418.1402,1420.3063,,,,,,,,FALSE,,FALSE,,,,,,,,,,,,1420.307,1420.8233,q,146,152,3,1,250,novel,,,FALSE,1420.8234,1420.8236,1420.8236,1420.8237,,145,0,145,0,1,0.3775,,,
,,,,,6a180d4d0ef25bbf2bde78f5,2026-05-28_05h42.13.335,WP1_3,2025.2.3,Win32,60.24096386,66c13cc0c9ba487034df285c,6a030b8ba3607712b5d4bf26,,,,,,,,,,,,,,,,,,,,,,,,,,,,,,,,,,,,,,,,,,,,,,,,,,,,,,,,,,,,20,Celebrities_Faces/020_02_greyscale_250.png,,,,,,,,,,,,,,,,,,,,,,,,,,,,,,,,,,,,,2.208969665,1420.8242,1423.0229,,,,,,,,TRUE,,FALSE,,,,,,,,,,,,1423.0236,1423.4231,q,147,146,3,1,2,familiar,,,FALSE,1423.4234,1423.4234,1423.4235,1423.4236,,146,0,146,0,1,0.2805,,,
,,,,,6a180d4d0ef25bbf2bde78f5,2026-05-28_05h42.13.335,WP1_3,2025.2.3,Win32,60.24096386,66c13cc0c9ba487034df285c,6a030b8ba3607712b5d4bf26,,,,,,,,,,,,,,,,,,,,,,,,,,,,,,,,,,,,,,,,,,,,,,,,,,,,,,,,,,,,22,stim_fam/022_rgray_250.png,,,,,,,,,,,,,,,,,,,,,,,,,,,,,,,,,,,,,1.750002775,1423.4239,1425.173,,,,,,,,FALSE,,FALSE,,,,,,,,,,,,1425.1736,1425.5905,q,148,166,3,1,250,novel,,,FALSE,1425.5914,1425.5915,1425.5916,1425.5918,,147,0,147,0,1,0.3029,,,
,,,,,6a180d4d0ef25bbf2bde78f5,2026-05-28_05h42.13.335,WP1_3,2025.2.3,Win32,60.24096386,66c13cc0c9ba487034df285c,6a030b8ba3607712b5d4bf26,,,,,,,,,,,,,,,,,,,,,,,,,,,,,,,,,,,,,,,,,,,,,,,,,,,,,,,,,,,,23,stim_fam/023_rgray_250.png,,,,,,,,,,,,,,,,,,,,,,,,,,,,,,,,,,,,,2.056979535,1425.5922,1427.6394,,,,,,,,FALSE,,FALSE,,,,,,,,,,,,1427.64,1428.0565,q,149,177,3,1,250,novel,,,FALSE,1428.0568,1428.0569,1428.0569,1428.0571,,148,0,148,0,1,0.3004,,,
,,,,,6a180d4d0ef25bbf2bde78f5,2026-05-28_05h42.13.335,WP1_3,2025.2.3,Win32,60.24096386,66c13cc0c9ba487034df285c,6a030b8ba3607712b5d4bf26,,,,,,,,,,,,,,,,,,,,,,,,,,,,,,,,,,,,,,,,,,,,,,,,,,,,,,,,,,,,16,stim_fam/016_rgray_250.png,,,,,,,,,,,,,,,,,,,,,,,,,,,,,,,,,,,,,2.165036144,1428.0573,1430.2229,,,,,,,,FALSE,,FALSE,,,,,,,,,,,,1430.2236,1430.6899,q,150,164,3,1,250,novel,,,FALSE,1430.6902,1430.6903,1430.6903,1430.6904,,149,0,149,0,1,0.3523,,,
,,,,,6a180d4d0ef25bbf2bde78f5,2026-05-28_05h42.13.335,WP1_3,2025.2.3,Win32,60.24096386,66c13cc0c9ba487034df285c,6a030b8ba3607712b5d4bf26,,,,,,,,,,,,,,,,,,,,,,,,,,,,,,,,,,,,,,,,,,,,,,,,,,,,,,,,,,,,67,stim_fam/067_rgray_250.png,,,,,,,,,,,,,,,,,,,,,,,,,,,,,,,,,,,,,2.100839435,1430.6909,1432.7894,,,,,,,,FALSE,,FALSE,,,,,,,,,,,,1432.79,1433.3063,q,151,153,3,1,250,novel,,,FALSE,1433.3066,1433.3067,1433.3067,1433.3067,,150,0,150,0,1,0.402,,,
,,,,,6a180d4d0ef25bbf2bde78f5,2026-05-28_05h42.13.335,WP1_3,2025.2.3,Win32,60.24096386,66c13cc0c9ba487034df285c,6a030b8ba3607712b5d4bf26,,,,,,,,,,,,,,,,,,,,,,,,,,,,,,,,,,,,,,,,,,,,,,,,,,,,,,,,,,,,1,Celebrities_Faces/001_01_greyscale_250.png,,,,,,,,,,,,,,,,,,,,,,,,,,,,,,,,,,,,,1.669803051,1433.3073,1434.9731,,,,,,,,TRUE,,FALSE,,,,,,,,,,,,1434.9738,1435.5395,q,152,145,3,1,1,familiar,,,FALSE,1435.5397,1435.5397,1435.5397,1435.5398,,151,0,151,0,1,0.4526,,,
,,,,,6a180d4d0ef25bbf2bde78f5,2026-05-28_05h42.13.335,WP1_3,2025.2.3,Win32,60.24096386,66c13cc0c9ba487034df285c,6a030b8ba3607712b5d4bf26,,,,,,,,,,,,,,,,,,,,,,,,,,,,,,,,,,,,,,,,,,,,,,,,,,,,,,,,,,,,39,Celebrities_Faces/039_02_greyscale_250.png,,,,,,,,,,,,,,,,,,,,,,,,,,,,,,,,,,,,,2.10172737,1435.54,1437.6394,,,,,,,,TRUE,,FALSE,,,,,,,,,,,,1437.6401,1438.073,p,153,137,3,1,2,familiar,,,FALSE,1438.0735,1438.0736,1438.0737,1438.0737,,152,0,152,0,1,0.3155,,,
,,,,,6a180d4d0ef25bbf2bde78f5,2026-05-28_05h42.13.335,WP1_3,2025.2.3,Win32,60.24096386,66c13cc0c9ba487034df285c,6a030b8ba3607712b5d4bf26,,,,,,,,,,,,,,,,,,,,,,,,,,,,,,,,,,,,,,,,,,,,,,,,,,,,,,,,,,,,45,Celebrities_Faces/045_03_greyscale_250.png,,,,,,,,,,,,,,,,,,,,,,,,,,,,,,,,,,,,,2.019989232,1438.0742,1440.0895,,,,,,,,TRUE,,FALSE,,,,,,,,,,,,1440.091,1440.7229,p,154,140,3,1,3,familiar,,,FALSE,1440.7232,1440.7233,1440.7233,1440.7233,,153,0,153,0,1,0.5135,,,
,,,,,6a180d4d0ef25bbf2bde78f5,2026-05-28_05h42.13.335,WP1_3,2025.2.3,Win32,60.24096386,66c13cc0c9ba487034df285c,6a030b8ba3607712b5d4bf26,,,,,,,,,,,,,,,,,,,,,,,,,,,,,,,,,,,,,,,,,,,,,,,,,,,,,,,,,,,,8,Celebrities_Faces/008_03_greyscale_250.png,,,,,,,,,,,,,,,,,,,,,,,,,,,,,,,,,,,,,1.753566348,1440.7236,1442.4727,,,,,,,,TRUE,,FALSE,,,,,,,,,,,,1442.4733,1443.1726,q,155,130,3,1,3,familiar,,,FALSE,1443.1728,1443.1728,1443.1728,1443.173,,154,0,154,0,1,0.5815,,,
,,,,,6a180d4d0ef25bbf2bde78f5,2026-05-28_05h42.13.335,WP1_3,2025.2.3,Win32,60.24096386,66c13cc0c9ba487034df285c,6a030b8ba3607712b5d4bf26,,,,,,,,,,,,,,,,,,,,,,,,,,,,,,,,,,,,,,,,,,,,,,,,,,,,,,,,,,,,3,stim_fam/003_rgray_250.png,,,,,,,,,,,,,,,,,,,,,,,,,,,,,,,,,,,,,2.365725979,1443.1732,1445.5392,,,,,,,,FALSE,,FALSE,,,,,,,,,,,,1445.5397,1445.9562,q,156,158,3,1,250,novel,,,FALSE,1445.9564,1445.9564,1445.9565,1445.9565,,155,0,155,0,1,0.3056,,,
,,,,,6a180d4d0ef25bbf2bde78f5,2026-05-28_05h42.13.335,WP1_3,2025.2.3,Win32,60.24096386,66c13cc0c9ba487034df285c,6a030b8ba3607712b5d4bf26,,,,,,,,,,,,,,,,,,,,,,,,,,,,,,,,,,,,,,,,,,,,,,,,,,,,,,,,,,,,77,stim_fam/077_rgray_250.png,,,,,,,,,,,,,,,,,,,,,,,,,,,,,,,,,,,,,2.463609022,1445.9567,1448.423,,,,,,,,FALSE,,FALSE,,,,,,,,,,,,1448.4236,1448.8725,q,157,176,3,1,250,novel,,,FALSE,1448.8727,1448.8728,1448.8728,1448.8729,,156,0,156,0,1,0.3456,,,
,,,,,6a180d4d0ef25bbf2bde78f5,2026-05-28_05h42.13.335,WP1_3,2025.2.3,Win32,60.24096386,66c13cc0c9ba487034df285c,6a030b8ba3607712b5d4bf26,,,,,,,,,,,,,,,,,,,,,,,,,,,,,,,,,,,,,,,,,,,,,,,,,,,,,,,,,,,,8,stim_fam/008_rgray_250.png,,,,,,,,,,,,,,,,,,,,,,,,,,,,,,,,,,,,,2.48759426,1448.8732,1451.3559,,,,,,,,FALSE,,FALSE,,,,,,,,,,,,1451.3566,1451.756,q,158,175,3,1,250,novel,,,FALSE,1451.7563,1451.7564,1451.7564,1451.7565,,157,0,157,0,1,0.2987,,,
,,,,,6a180d4d0ef25bbf2bde78f5,2026-05-28_05h42.13.335,WP1_3,2025.2.3,Win32,60.24096386,66c13cc0c9ba487034df285c,6a030b8ba3607712b5d4bf26,,,,,,,,,,,,,,,,,,,,,,,,,,,,,,,,,,,,,,,,,,,,,,,,,,,,,,,,,,,,47,Celebrities_Faces/047_03_greyscale_250.png,,,,,,,,,,,,,,,,,,,,,,,,,,,,,,,,,,,,,1.881491976,1451.7567,1453.6392,,,,,,,,TRUE,,FALSE,,,,,,,,,,,,1453.6398,1454.1724,q,159,150,3,1,3,familiar,,,FALSE,1454.1726,1454.1728,1454.1728,1454.1728,,158,0,158,0,1,0.4233,,,
,,,,,6a180d4d0ef25bbf2bde78f5,2026-05-28_05h42.13.335,WP1_3,2025.2.3,Win32,60.24096386,66c13cc0c9ba487034df285c,6a030b8ba3607712b5d4bf26,,,,,,,,,,,,,,,,,,,,,,,,,,,,,,,,,,,,,,,,,,,,,,,,,,,,,,,,,,,,51,stim_fam/051_rgray_250.png,,,,,,,,,,,,,,,,,,,,,,,,,,,,,,,,,,,,,2.040866147,1454.1731,1456.2058,,,,,,,,FALSE,,FALSE,,,,,,,,,,,,1456.2063,1456.7897,q,160,180,3,1,250,novel,,,FALSE,1456.7901,1456.7901,1456.7901,1456.7902,,159,0,159,0,1,0.4755,,,
,,,,,6a180d4d0ef25bbf2bde78f5,2026-05-28_05h42.13.335,WP1_3,2025.2.3,Win32,60.24096386,66c13cc0c9ba487034df285c,6a030b8ba3607712b5d4bf26,,,,,,,,,,,,,,,,,,,,,,,,,,,,,,,,,,,,,,,,,,,,,,,,,,,,,,,,,,,,54,Celebrities_Faces/054_02_greyscale_250.png,,,,,,,,,,,,,,,,,,,,,,,,,,,,,,,,,,,,,1.810328949,1456.7907,1458.5894,,,,,,,,TRUE,,FALSE,,,,,,,,,,,,1458.5903,1459.0893,q,161,144,3,1,2,familiar,,,FALSE,1459.0896,1459.0897,1459.0897,1459.0898,,160,0,160,0,1,0.4018,,,
,,,,,6a180d4d0ef25bbf2bde78f5,2026-05-28_05h42.13.335,WP1_3,2025.2.3,Win32,60.24096386,66c13cc0c9ba487034df285c,6a030b8ba3607712b5d4bf26,,,,,,,,,,,,,,,,,,,,,,,,,,,,,,,,,,,,,,,,,,,,,,,,,,,,,,,,,,,,25,Celebrities_Faces/025_01_greyscale_250.png,,,,,,,,,,,,,,,,,,,,,,,,,,,,,,,,,,,,,2.008649066,1459.09,1461.0895,,,,,,,,TRUE,,FALSE,,,,,,,,,,,,1461.0905,1461.5731,q,162,132,3,1,1,familiar,,,FALSE,1461.5732,1461.5734,1461.5734,1461.5735,,161,0,161,0,1,0.3777,,,
,,,,,6a180d4d0ef25bbf2bde78f5,2026-05-28_05h42.13.335,WP1_3,2025.2.3,Win32,60.24096386,66c13cc0c9ba487034df285c,6a030b8ba3607712b5d4bf26,,,,,,,,,,,,,,,,,,,,,,,,,,,,,,,,,,,,,,,,,,,,,,,,,,,,,,,,,,,,28,Celebrities_Faces/028_01_greyscale_250.png,,,,,,,,,,,,,,,,,,,,,,,,,,,,,,,,,,,,,2.48590277,1461.5738,1464.0556,,,,,,,,TRUE,,FALSE,,,,,,,,,,,,1464.0563,1464.5231,q,163,134,3,1,1,familiar,,,FALSE,1464.5233,1464.5233,1464.5233,1464.5234,,162,0,162,0,1,0.3691,,,
,,,,,6a180d4d0ef25bbf2bde78f5,2026-05-28_05h42.13.335,WP1_3,2025.2.3,Win32,60.24096386,66c13cc0c9ba487034df285c,6a030b8ba3607712b5d4bf26,,,,,,,,,,,,,,,,,,,,,,,,,,,,,,,,,,,,,,,,,,,,,,,,,,,,,,,,,,,,49,stim_fam/049_rgray_250.png,,,,,,,,,,,,,,,,,,,,,,,,,,,,,,,,,,,,,2.289796986,1464.5236,1466.8057,,,,,,,,FALSE,,FALSE,,,,,,,,,,,,1466.8063,1467.2059,q,164,173,3,1,250,novel,,,FALSE,1467.2061,1467.2062,1467.2062,1467.2063,,163,0,163,0,1,0.2934,,,
,,,,,6a180d4d0ef25bbf2bde78f5,2026-05-28_05h42.13.335,WP1_3,2025.2.3,Win32,60.24096386,66c13cc0c9ba487034df285c,6a030b8ba3607712b5d4bf26,,,,,,,,,,,,,,,,,,,,,,,,,,,,,,,,,,,,,,,,,,,,,,,,,,,,,,,,,,,,44,stim_fam/044_rgray_250.png,,,,,,,,,,,,,,,,,,,,,,,,,,,,,,,,,,,,,1.61892917,1467.2066,1468.8224,,,,,,,,FALSE,,FALSE,,,,,,,,,,,,1468.8231,1469.389,q,165,167,3,1,250,novel,,,FALSE,1469.3892,1469.3893,1469.3893,1469.3893,,164,0,164,0,1,0.4673,,,
,,,,,6a180d4d0ef25bbf2bde78f5,2026-05-28_05h42.13.335,WP1_3,2025.2.3,Win32,60.24096386,66c13cc0c9ba487034df285c,6a030b8ba3607712b5d4bf26,,,,,,,,,,,,,,,,,,,,,,,,,,,,,,,,,,,,,,,,,,,,,,,,,,,,,,,,,,,,31,Celebrities_Faces/031_03_greyscale_250.png,,,,,,,,,,,,,,,,,,,,,,,,,,,,,,,,,,,,,2.332203089,1469.3896,1471.7222,,,,,,,,TRUE,,FALSE,,,,,,,,,,,,1471.7233,1472.2895,q,166,149,3,1,3,familiar,,,FALSE,1472.2897,1472.2898,1472.2898,1472.2898,,165,0,165,0,1,0.4611,,,
,,,,,6a180d4d0ef25bbf2bde78f5,2026-05-28_05h42.13.335,WP1_3,2025.2.3,Win32,60.24096386,66c13cc0c9ba487034df285c,6a030b8ba3607712b5d4bf26,,,,,,,,,,,,,,,,,,,,,,,,,,,,,,,,,,,,,,,,,,,,,,,,,,,,,,,,,,,,22,Celebrities_Faces/022_01_greyscale_250.png,,,,,,,,,,,,,,,,,,,,,,,,,,,,,,,,,,,,,1.962653428,1472.2902,1474.2555,,,,,,,,TRUE,,FALSE,,,,,,,,,,,,1474.2564,1475.1228,q,167,127,3,1,1,familiar,,,FALSE,1475.123,1475.123,1475.1231,1475.1232,,166,0,166,0,1,0.7622,,,
,,,,,6a180d4d0ef25bbf2bde78f5,2026-05-28_05h42.13.335,WP1_3,2025.2.3,Win32,60.24096386,66c13cc0c9ba487034df285c,6a030b8ba3607712b5d4bf26,,,,,,,,,,,,,,,,,,,,,,,,,,,,,,,,,,,,,,,,,,,,,,,,,,,,,,,,,,,,33,Celebrities_Faces/033_02_greyscale_250.png,,,,,,,,,,,,,,,,,,,,,,,,,,,,,,,,,,,,,1.676592285,1475.1233,1476.789,,,,,,,,TRUE,,FALSE,,,,,,,,,,,,1476.7897,1477.2723,q,168,125,3,1,2,familiar,,,FALSE,1477.2724,1477.2725,1477.2726,1477.2726,,167,0,167,0,1,0.3664,,,
,,,,,6a180d4d0ef25bbf2bde78f5,2026-05-28_05h42.13.335,WP1_3,2025.2.3,Win32,60.24096386,66c13cc0c9ba487034df285c,6a030b8ba3607712b5d4bf26,,,,,,,,,,,,,,,,,,,,,,,,,,,,,,,,,,,,,,,,,,,,,,,,,,,,,,,,,,,,52,stim_fam/052_rgray_250.png,,,,,,,,,,,,,,,,,,,,,,,,,,,,,,,,,,,,,1.636755521,1477.2729,1478.9057,,,,,,,,FALSE,,FALSE,,,,,,,,,,,,1478.9068,1479.4891,q,169,165,3,1,250,novel,,,FALSE,1479.4892,1479.4893,1479.4893,1479.4894,,168,0,168,0,1,0.4778,,,
,,,,,6a180d4d0ef25bbf2bde78f5,2026-05-28_05h42.13.335,WP1_3,2025.2.3,Win32,60.24096386,66c13cc0c9ba487034df285c,6a030b8ba3607712b5d4bf26,,,,,,,,,,,,,,,,,,,,,,,,,,,,,,,,,,,,,,,,,,,,,,,,,,,,,,,,,,,,37,stim_fam/037_rgray_250.png,,,,,,,,,,,,,,,,,,,,,,,,,,,,,,,,,,,,,1.552158367,1479.4896,1481.0388,,,,,,,,FALSE,,FALSE,,,,,,,,,,,,1481.0397,1481.6392,q,170,157,3,1,250,novel,,,FALSE,1481.6394,1481.6396,1481.6396,1481.6396,,169,0,169,0,1,0.4922,,,
,,,,,6a180d4d0ef25bbf2bde78f5,2026-05-28_05h42.13.335,WP1_3,2025.2.3,Win32,60.24096386,66c13cc0c9ba487034df285c,6a030b8ba3607712b5d4bf26,,,,,,,,,,,,,,,,,,,,,,,,,,,,,,,,,,,,,,,,,,,,,,,,,,,,,,,,,,,,42,stim_fam/042_rgray_250.png,,,,,,,,,,,,,,,,,,,,,,,,,,,,,,,,,,,,,2.411112189,1481.64,1484.0391,,,,,,,,FALSE,,FALSE,,,,,,,,,,,,1484.0402,1484.4398,q,171,156,3,1,250,novel,,,FALSE,1484.4399,1484.44,1484.44,1484.4402,,170,0,170,0,1,0.2921,,,
,,,,,6a180d4d0ef25bbf2bde78f5,2026-05-28_05h42.13.335,WP1_3,2025.2.3,Win32,60.24096386,66c13cc0c9ba487034df285c,6a030b8ba3607712b5d4bf26,,,,,,,,,,,,,,,,,,,,,,,,,,,,,,,,,,,,,,,,,,,,,,,,,,,,,,,,,,,,2,Celebrities_Faces/002_03_greyscale_250.png,,,,,,,,,,,,,,,,,,,,,,,,,,,,,,,,,,,,,2.202801358,1484.4404,1486.639,,,,,,,,TRUE,,TRUE,,,,,,,,,,,,1486.6396,1487.7554,,172,147,3,1,3,familiar,,,FALSE,1487.7556,1488.7555,1488.7555,1488.7556,,171,0,171,0,1,,,,
,,,,,6a180d4d0ef25bbf2bde78f5,2026-05-28_05h42.13.335,WP1_3,2025.2.3,Win32,60.24096386,66c13cc0c9ba487034df285c,6a030b8ba3607712b5d4bf26,,,,,,,,,,,,,,,,,,,,,,,,,,,,,,,,,,,,,,,,,,,,,,,,,,,,,,,,,,,,38,Celebrities_Faces/038_02_greyscale_250.png,,,,,,,,,,,,,,,,,,,,,,,,,,,,,,,,,,,,,1.56933738,1488.7562,1490.3224,,,,,,,,TRUE,,FALSE,,,,,,,,,,,,1490.3231,1490.8556,q,173,138,3,1,2,familiar,,,FALSE,1490.8557,1490.8558,1490.8558,1490.8558,,172,0,172,0,1,0.4129,,,
,,,,,6a180d4d0ef25bbf2bde78f5,2026-05-28_05h42.13.335,WP1_3,2025.2.3,Win32,60.24096386,66c13cc0c9ba487034df285c,6a030b8ba3607712b5d4bf26,,,,,,,,,,,,,,,,,,,,,,,,,,,,,,,,,,,,,,,,,,,,,,,,,,,,,,,,,,,,54,stim_fam/054_rgray_250.png,,,,,,,,,,,,,,,,,,,,,,,,,,,,,,,,,,,,,2.44144548,1490.8561,1493.289,,,,,,,,FALSE,,FALSE,,,,,,,,,,,,1493.2899,1494.1221,q,174,155,3,1,250,novel,,,FALSE,1494.1223,1494.1223,1494.1223,1494.1225,,173,0,173,0,1,0.7023,,,
,,,,,6a180d4d0ef25bbf2bde78f5,2026-05-28_05h42.13.335,WP1_3,2025.2.3,Win32,60.24096386,66c13cc0c9ba487034df285c,6a030b8ba3607712b5d4bf26,,,,,,,,,,,,,,,,,,,,,,,,,,,,,,,,,,,,,,,,,,,,,,,,,,,,,,,,,,,,86,stim_fam/086_rgray_250.png,,,,,,,,,,,,,,,,,,,,,,,,,,,,,,,,,,,,,1.591875871,1494.1228,1495.7057,,,,,,,,FALSE,,FALSE,,,,,,,,,,,,1495.7066,1496.4722,q,175,159,3,1,250,novel,,,FALSE,1496.4726,1496.4726,1496.4727,1496.4728,,174,0,174,0,1,0.6448,,,
,,,,,6a180d4d0ef25bbf2bde78f5,2026-05-28_05h42.13.335,WP1_3,2025.2.3,Win32,60.24096386,66c13cc0c9ba487034df285c,6a030b8ba3607712b5d4bf26,,,,,,,,,,,,,,,,,,,,,,,,,,,,,,,,,,,,,,,,,,,,,,,,,,,,,,,,,,,,56,Celebrities_Faces/056_01_greyscale_250.png,,,,,,,,,,,,,,,,,,,,,,,,,,,,,,,,,,,,,1.681814794,1496.4733,1498.1555,,,,,,,,TRUE,,FALSE,,,,,,,,,,,,1498.1562,1499.0552,p,176,133,3,1,1,familiar,,,FALSE,1499.0554,1499.0555,1499.0555,1499.0556,,175,0,175,0,1,0.7813,,,
,,,,,6a180d4d0ef25bbf2bde78f5,2026-05-28_05h42.13.335,WP1_3,2025.2.3,Win32,60.24096386,66c13cc0c9ba487034df285c,6a030b8ba3607712b5d4bf26,,,,,,,,,,,,,,,,,,,,,,,,,,,,,,,,,,,,,,,,,,,,,,,,,,,,,,,,,,,,89,stim_fam/089_rgray_250.png,,,,,,,,,,,,,,,,,,,,,,,,,,,,,,,,,,,,,2.433452133,1499.0558,1501.4885,,,,,,,,FALSE,,FALSE,,,,,,,,,,,,1501.4891,1502.1222,q,177,169,3,1,250,novel,,,FALSE,1502.1224,1502.1225,1502.1225,1502.1227,,176,0,176,0,1,0.5127,,,
,,,,,6a180d4d0ef25bbf2bde78f5,2026-05-28_05h42.13.335,WP1_3,2025.2.3,Win32,60.24096386,66c13cc0c9ba487034df285c,6a030b8ba3607712b5d4bf26,,,,,,,,,,,,,,,,,,,,,,,,,,,,,,,,,,,,,,,,,,,,,,,,,,,,,,,,,,,,6,Celebrities_Faces/006_02_greyscale_250.png,,,,,,,,,,,,,,,,,,,,,,,,,,,,,,,,,,,,,2.483679859,1502.123,1504.6051,,,,,,,,TRUE,,FALSE,,,,,,,,,,,,1504.6061,1505.0719,q,178,141,3,1,2,familiar,,,FALSE,1505.0721,1505.0722,1505.0722,1505.0723,,177,0,177,0,1,0.3458,,,
,,,,,6a180d4d0ef25bbf2bde78f5,2026-05-28_05h42.13.335,WP1_3,2025.2.3,Win32,60.24096386,66c13cc0c9ba487034df285c,6a030b8ba3607712b5d4bf26,,,,,,,,,,,,,,,,,,,,,,,,,,,,,,,,,,,,,,,,,,,,,,,,,,,,,,,,,,,,57,Celebrities_Faces/057_03_greyscale_250.png,,,,,,,,,,,,,,,,,,,,,,,,,,,,,,,,,,,,,2.033394395,1505.073,1507.1051,,,,,,,,TRUE,,FALSE,,,,,,,,,,,,1507.1061,1508.0886,q,179,121,3,1,3,familiar,,,FALSE,1508.0887,1508.0888,1508.0888,1508.0888,,178,0,178,0,1,0.8686,,,
,,,,,6a180d4d0ef25bbf2bde78f5,2026-05-28_05h42.13.335,WP1_3,2025.2.3,Win32,60.24096386,66c13cc0c9ba487034df285c,6a030b8ba3607712b5d4bf26,,,,,,,,,,,,,,,,,,,,,,,,,,,,,,,,,,,,,,,,,,,,,,,,,,,,,,,,,,,,85,stim_fam/085_rgray_250.png,,,,,,,,,,,,,,,,,,,,,,,,,,,,,,,,,,,,,2.209676486,1508.0891,1510.2884,,,,,,,,FALSE,,FALSE,,,,,,,,,,,,1510.2889,1511.0218,q,180,154,3,1,250,novel,,,FALSE,1511.022,1511.022,1511.022,1511.0221,,179,0,179,0,1,0.6136,,,
