Study_information_1.started,Study_information_1.stopped,key_resp.keys,key_resp.rt,key_resp.duration,session,date,expName,psychopyVersion,OS,frameRate,participant,study_id,Study_information_2.started,Study_information_2.stopped,key_resp_2.keys,key_resp_2.rt,key_resp_2.duration,Study_information_3.started,Study_information_3.stopped,key_resp_3.keys,key_resp_3.rt,key_resp_3.duration,Consent.started,Consent.stopped,key_resp_5.keys,key_resp_5.rt,key_resp_5.duration,Instruction_1.started,Instruction_1.stopped,space_cont.keys,space_cont.rt,space_cont.duration,Instruction_2.started,Instruction_2.stopped,space_cont_2.keys,space_cont_2.rt,space_cont_2.duration,Instruction_3.started,Instruction_3.stopped,space_cont_3.keys,space_cont_3.rt,space_cont_3.duration,Instruction_4.started,Instruction_4.stopped,space_cont_4.keys,space_cont_4.rt,space_cont_4.duration,Instruction_5.started,Instruction_5.stopped,space_cont_5.keys,space_cont_5.rt,space_cont_5.duration,Familiarity_Rating.started,Familiarity_Rating.stopped,familiarity_scale.response,familiarity_scale.rt,key_resp_familiarity.keys,familiarity_rating,Valence_Rating.started,Valence_Rating.stopped,valence_scale.response,valence_scale.rt,key_resp_valence.keys,key_resp_valence.rt,key_resp_valence.duration,valence_rating,Name_Selection.started,Name_Selection.stopped,key_resp_naming.keys,key_resp_naming.rt,key_resp_naming.duration,identity_no,image_file,correct_name,selected_name_option,selected_name,correct_name_option,name_correct,qualifies_for_part2,qualified_count_so_far,trials_rating.thisRepN,trials_rating.thisTrialN,trials_rating.thisN,trials_rating.thisIndex,trials_rating.ran,Identity_no,Image,Option1,Option2,Option3,Option4,CorrectName,selection_method,num_selected_identities,qualified_identity_nos,break_1.started,break_1.stopped,Load_Recognition_Trials.started,Load_Recognition_Trials.stopped,Instruction_recog_1.started,Instruction_recog_1.stopped,space_cont_6.keys,space_cont_6.rt,space_cont_6.duration,Instruction_recog_2.started,Instruction_recog_2.stopped,space_cont_7.keys,space_cont_7.rt,space_cont_7.duration,fixation_duration,fix_cross.started,fix_cross.stopped,Practice_Recognition_Trial.started,Practice_Recognition_Trial.stopped,key_resp_practice.keys,key_resp_practice.rt,key_resp_practice.duration,is_practice,practice_trial_number,is_familiar,participant_response,too_slow,response_time,practice_trials.thisRepN,practice_trials.thisTrialN,practice_trials.thisN,practice_trials.thisIndex,practice_trials.ran,Instruction_recog.started,Instruction_recog.stopped,space_cont_8.keys,space_cont_8.rt,space_cont_8.duration,Recognition_trials.started,Recognition_trials.stopped,key_resp_recognition.keys,key_resp_recognition.rt,key_resp_recognition.duration,recognition_trial_number,original_trial_number,block,trial_in_block,orientation,identity_type,response_familiar,correct,valid_response,Too_slow.started,Too_slow.stopped,break_recog.started,break_recog.stopped,key_resp_6.keys,trials.thisRepN,trials.thisTrialN,trials.thisN,trials.thisIndex,trials.ran,key_resp_6.rt,key_resp_6.duration
0.0005,22.9082,space,22.8866,,6a180b3ecc14e309cf7cc620,2026-05-28_10h36.08.965,WP1_3,2025.2.3,Win32,163.9344262,69d16520e6f55fa76d9ed3a8,6a030b8ba3607712b5d4bf26,,,,,,,,,,,,,,,,,,,,,,,,,,,,,,,,,,,,,,,,,,,,,,,,,,,,,,,,,,,,,,,,,,,,,,,,,,,,,,,,,,,,,,,,,,,,,,,,,,,,,,,,,,,,,,,,,,,,,,,,,,,,,,,,,,,,,,,,,,,,,,,,,,,
,,,,,6a180b3ecc14e309cf7cc620,2026-05-28_10h36.08.965,WP1_3,2025.2.3,Win32,163.9344262,69d16520e6f55fa76d9ed3a8,6a030b8ba3607712b5d4bf26,22.9084,31.8072,space,8.8784,,,,,,,,,,,,,,,,,,,,,,,,,,,,,,,,,,,,,,,,,,,,,,,,,,,,,,,,,,,,,,,,,,,,,,,,,,,,,,,,,,,,,,,,,,,,,,,,,,,,,,,,,,,,,,,,,,,,,,,,,,,,,,,,,,,,,,,,,,,,,,,
,,,,,6a180b3ecc14e309cf7cc620,2026-05-28_10h36.08.965,WP1_3,2025.2.3,Win32,163.9344262,69d16520e6f55fa76d9ed3a8,6a030b8ba3607712b5d4bf26,,,,,,31.8076,33.748,space,1.9042,,,,,,,,,,,,,,,,,,,,,,,,,,,,,,,,,,,,,,,,,,,,,,,,,,,,,,,,,,,,,,,,,,,,,,,,,,,,,,,,,,,,,,,,,,,,,,,,,,,,,,,,,,,,,,,,,,,,,,,,,,,,,,,,,,,,,,,,,,
,,,,,6a180b3ecc14e309cf7cc620,2026-05-28_10h36.08.965,WP1_3,2025.2.3,Win32,163.9344262,69d16520e6f55fa76d9ed3a8,6a030b8ba3607712b5d4bf26,,,,,,,,,,,33.7483,35.1239,space,1.3474,,,,,,,,,,,,,,,,,,,,,,,,,,,,,,,,,,,,,,,,,,,,,,,,,,,,,,,,,,,,,,,,,,,,,,,,,,,,,,,,,,,,,,,,,,,,,,,,,,,,,,,,,,,,,,,,,,,,,,,,,,,,,,,,,,,,,
,,,,,6a180b3ecc14e309cf7cc620,2026-05-28_10h36.08.965,WP1_3,2025.2.3,Win32,163.9344262,69d16520e6f55fa76d9ed3a8,6a030b8ba3607712b5d4bf26,,,,,,,,,,,,,,,,35.1241,51.7649,space,16.6081,,,,,,,,,,,,,,,,,,,,,,,,,,,,,,,,,,,,,,,,,,,,,,,,,,,,,,,,,,,,,,,,,,,,,,,,,,,,,,,,,,,,,,,,,,,,,,,,,,,,,,,,,,,,,,,,,,,,,,,,,,,,,,,,
,,,,,6a180b3ecc14e309cf7cc620,2026-05-28_10h36.08.965,WP1_3,2025.2.3,Win32,163.9344262,69d16520e6f55fa76d9ed3a8,6a030b8ba3607712b5d4bf26,,,,,,,,,,,,,,,,,,,,,51.7651,69.9883,space,18.2013,,,,,,,,,,,,,,,,,,,,,,,,,,,,,,,,,,,,,,,,,,,,,,,,,,,,,,,,,,,,,,,,,,,,,,,,,,,,,,,,,,,,,,,,,,,,,,,,,,,,,,,,,,,,,,,,,,,,,,,,,,,
,,,,,6a180b3ecc14e309cf7cc620,2026-05-28_10h36.08.965,WP1_3,2025.2.3,Win32,163.9344262,69d16520e6f55fa76d9ed3a8,6a030b8ba3607712b5d4bf26,,,,,,,,,,,,,,,,,,,,,,,,,,69.9885,73.4671,space,3.4666,,,,,,,,,,,,,,,,,,,,,,,,,,,,,,,,,,,,,,,,,,,,,,,,,,,,,,,,,,,,,,,,,,,,,,,,,,,,,,,,,,,,,,,,,,,,,,,,,,,,,,,,,,,,,,,,,,,,,,
,,,,,6a180b3ecc14e309cf7cc620,2026-05-28_10h36.08.965,WP1_3,2025.2.3,Win32,163.9344262,69d16520e6f55fa76d9ed3a8,6a030b8ba3607712b5d4bf26,,,,,,,,,,,,,,,,,,,,,,,,,,,,,,,73.4673,75.6501,space,2.1675,,,,,,,,,,,,,,,,,,,,,,,,,,,,,,,,,,,,,,,,,,,,,,,,,,,,,,,,,,,,,,,,,,,,,,,,,,,,,,,,,,,,,,,,,,,,,,,,,,,,,,,,,,,,,,,,,
,,,,,6a180b3ecc14e309cf7cc620,2026-05-28_10h36.08.965,WP1_3,2025.2.3,Win32,163.9344262,69d16520e6f55fa76d9ed3a8,6a030b8ba3607712b5d4bf26,,,,,,,,,,,,,,,,,,,,,,,,,,,,,,,,,,,,75.6502,91.8549,space,16.1866,,,,,,,,,,,,,,,,,,,,,,,,,,,,,,,,,,,,,,,,,,,,,,,,,,,,,,,,,,,,,,,,,,,,,,,,,,,,,,,,,,,,,,,,,,,,,,,,,,,,,,,,,,,,
,,,,,6a180b3ecc14e309cf7cc620,2026-05-28_10h36.08.965,WP1_3,2025.2.3,Win32,163.9344262,69d16520e6f55fa76d9ed3a8,6a030b8ba3607712b5d4bf26,,,,,,,,,,,,,,,,,,,,,,,,,,,,,,,,,,,,,,,,,91.8601,98.7395,,,,8,98.7399,101.6736,,,"[""right"",""right"",""space""]","[1.210099999904628,1.4641999998092672,2.8817999999523067]","[null,null,null]",7,101.6751,103.7056,space,1.9638,,6,Celebrities_Faces/006_rating.jpg,Arnold Schwarzeneger,0,Arnold Schwarzeneger,0,TRUE,TRUE,1,0,0,0,5,1,6,Celebrities_Faces/006_rating.jpg,Arnold Schwarzeneger,Dwayne Johnson,Tom Cruise,Ryan Reynolds,Arnold Schwarzeneger,,,,,,,,,,,,,,,,,,,,,,,,,,,,,,,,,,,,,,,,,,,,,,,,,,,,,,,,,,,,,,,,,,,
,,,,,6a180b3ecc14e309cf7cc620,2026-05-28_10h36.08.965,WP1_3,2025.2.3,Win32,163.9344262,69d16520e6f55fa76d9ed3a8,6a030b8ba3607712b5d4bf26,,,,,,,,,,,,,,,,,,,,,,,,,,,,,,,,,,,,,,,,,103.7069,137.4002,,,,3,137.4015,142.4098,,,"[""right"",""space""]","[4.336000000000013,4.745200000047703]","[null,null]",6,142.4119,146.4712,space,3.8549,,37,Celebrities_Faces/037_rating.jpg,Natalie Portman,1,Natalie Portman,1,TRUE,FALSE,1,0,1,1,36,1,37,Celebrities_Faces/037_rating.jpg,Lady Gaga,Natalie Portman,Hillary Clinton,Michelle Obama,Natalie Portman,,,,,,,,,,,,,,,,,,,,,,,,,,,,,,,,,,,,,,,,,,,,,,,,,,,,,,,,,,,,,,,,,,,
,,,,,6a180b3ecc14e309cf7cc620,2026-05-28_10h36.08.965,WP1_3,2025.2.3,Win32,163.9344262,69d16520e6f55fa76d9ed3a8,6a030b8ba3607712b5d4bf26,,,,,,,,,,,,,,,,,,,,,,,,,,,,,,,,,,,,,,,,,146.4719,149.6426,,,,8,149.6436,152.0072,,,"[""right"",""right"",""right"",""space""]","[1.1077999999523058,1.5692999999523067,1.969899999856949,2.22799999999998]","[null,null,null,null]",8,152.0088,154.044,space,1.9368,,60,Celebrities_Faces/060_rating.jpg,Anya Taylor-Joy,1,Anya Taylor-Joy,1,TRUE,TRUE,2,0,2,2,59,1,60,Celebrities_Faces/060_rating.jpg,Emma Stone,Anya Taylor-Joy,Michelle Obama,Halle Berry,Anya Taylor-Joy,,,,,,,,,,,,,,,,,,,,,,,,,,,,,,,,,,,,,,,,,,,,,,,,,,,,,,,,,,,,,,,,,,,
,,,,,6a180b3ecc14e309cf7cc620,2026-05-28_10h36.08.965,WP1_3,2025.2.3,Win32,163.9344262,69d16520e6f55fa76d9ed3a8,6a030b8ba3607712b5d4bf26,,,,,,,,,,,,,,,,,,,,,,,,,,,,,,,,,,,,,,,,,154.045,195.2643,,,,10,195.2652,196.852,,,"[""right"",""right"",""right"",""right"",""right"",""space""]","[0.37909999990461074,0.5600999999045939,0.788799999952289,0.967700000047671,1.1633999998569493,1.3868999998569507]","[null,null,null,null,null,null]",10,196.8543,198.352,space,1.2772,,5,Celebrities_Faces/005_rating.jpg,Lionel Messi,0,Lionel Messi,0,TRUE,TRUE,3,0,3,3,4,1,5,Celebrities_Faces/005_rating.jpg,Lionel Messi,Matt Damon,Cristiano Ronaldo,Lebron James,Lionel Messi,,,,,,,,,,,,,,,,,,,,,,,,,,,,,,,,,,,,,,,,,,,,,,,,,,,,,,,,,,,,,,,,,,,
,,,,,6a180b3ecc14e309cf7cc620,2026-05-28_10h36.08.965,WP1_3,2025.2.3,Win32,163.9344262,69d16520e6f55fa76d9ed3a8,6a030b8ba3607712b5d4bf26,,,,,,,,,,,,,,,,,,,,,,,,,,,,,,,,,,,,,,,,,198.3528,202.3329,,,,3,202.3337,203.5142,,,"[""space""]",[1.0587999999523277],[null],5,203.5159,207.2673,space,3.6124,,22,Celebrities_Faces/022_rating.jpg,Lebron James,3,Lebron James,3,TRUE,FALSE,3,0,4,4,21,1,22,Celebrities_Faces/022_rating.jpg,George W.Bush,Lionel Messi,Leonardo Di Caprio,Lebron James,Lebron James,,,,,,,,,,,,,,,,,,,,,,,,,,,,,,,,,,,,,,,,,,,,,,,,,,,,,,,,,,,,,,,,,,,
,,,,,6a180b3ecc14e309cf7cc620,2026-05-28_10h36.08.965,WP1_3,2025.2.3,Win32,163.9344262,69d16520e6f55fa76d9ed3a8,6a030b8ba3607712b5d4bf26,,,,,,,,,,,,,,,,,,,,,,,,,,,,,,,,,,,,,,,,,207.2685,209.9773,,,,7,209.9779,212.4181,,,"[""right"",""right"",""space""]","[1.4573000001907417,2.1847000000477124,2.3872000000476987]","[null,null,null]",7,212.4208,214.0414,space,1.5597,,17,Celebrities_Faces/017_rating.jpg,Hugh Jackman,1,Hugh Jackman,1,TRUE,TRUE,4,0,5,5,16,1,17,Celebrities_Faces/017_rating.jpg,Keanu Reeves,Hugh Jackman,Ewan McGregor,Tom Cruise,Hugh Jackman,,,,,,,,,,,,,,,,,,,,,,,,,,,,,,,,,,,,,,,,,,,,,,,,,,,,,,,,,,,,,,,,,,,
,,,,,6a180b3ecc14e309cf7cc620,2026-05-28_10h36.08.965,WP1_3,2025.2.3,Win32,163.9344262,69d16520e6f55fa76d9ed3a8,6a030b8ba3607712b5d4bf26,,,,,,,,,,,,,,,,,,,,,,,,,,,,,,,,,,,,,,,,,214.0428,219.1387,,,,7,219.1395,220.9482,,,"[""right"",""right"",""space""]","[1.1793000001907785,1.400000000000034,1.7865000000000464]","[null,null,null]",7,220.9505,222.7479,space,1.7749,,14,Celebrities_Faces/014_rating.jpg,Daniel Craig,2,Daniel Craig,2,TRUE,TRUE,5,0,6,6,13,1,14,Celebrities_Faces/014_rating.jpg,Robert De Niro,Ryan Reynolds,Daniel Craig,Chris Hemsworth,Daniel Craig,,,,,,,,,,,,,,,,,,,,,,,,,,,,,,,,,,,,,,,,,,,,,,,,,,,,,,,,,,,,,,,,,,,
,,,,,6a180b3ecc14e309cf7cc620,2026-05-28_10h36.08.965,WP1_3,2025.2.3,Win32,163.9344262,69d16520e6f55fa76d9ed3a8,6a030b8ba3607712b5d4bf26,,,,,,,,,,,,,,,,,,,,,,,,,,,,,,,,,,,,,,,,,222.7489,224.5313,,,,1,224.5318,226.0205,,,"[""left"",""right"",""space""]","[0.6667000000476833,1.1741000001430848,1.430499999999995]","[null,null,null]",5,226.0235,228.5376,space,2.402,,25,Celebrities_Faces/025_rating.jpg,Robert De Niro,2,Robert De Niro,2,TRUE,FALSE,5,0,7,7,24,1,25,Celebrities_Faces/025_rating.jpg,Bruce Willis,Arnold Schwarzeneger,Robert De Niro,Leonardo Di Caprio,Robert De Niro,,,,,,,,,,,,,,,,,,,,,,,,,,,,,,,,,,,,,,,,,,,,,,,,,,,,,,,,,,,,,,,,,,,
,,,,,6a180b3ecc14e309cf7cc620,2026-05-28_10h36.08.965,WP1_3,2025.2.3,Win32,163.9344262,69d16520e6f55fa76d9ed3a8,6a030b8ba3607712b5d4bf26,,,,,,,,,,,,,,,,,,,,,,,,,,,,,,,,,,,,,,,,,228.5396,232.1995,,,,3,232.2,233.0739,,,"[""space""]",[0.8026000001430589],[null],5,233.076,235.3318,space,2.1901,,21,Celebrities_Faces/021_rating.jpg,Henri Canvill,0,Henri Canvill,0,TRUE,FALSE,5,0,8,8,20,1,21,Celebrities_Faces/021_rating.jpg,Henri Canvill,George Clooney,Bradley Cooper,Tom Holland,Henri Canvill,,,,,,,,,,,,,,,,,,,,,,,,,,,,,,,,,,,,,,,,,,,,,,,,,,,,,,,,,,,,,,,,,,,
,,,,,6a180b3ecc14e309cf7cc620,2026-05-28_10h36.08.965,WP1_3,2025.2.3,Win32,163.9344262,69d16520e6f55fa76d9ed3a8,6a030b8ba3607712b5d4bf26,,,,,,,,,,,,,,,,,,,,,,,,,,,,,,,,,,,,,,,,,235.3325,238.1142,,,,8,238.1151,240.2967,,,"[""space""]",[2.0227999999523263],[null],5,240.2986,241.7905,space,1.3885,,26,Celebrities_Faces/026_rating.jpg,George Clooney,2,George Clooney,2,TRUE,TRUE,6,0,9,9,25,1,26,Celebrities_Faces/026_rating.jpg,Robert De Niro,Ewan McGregor,George Clooney,Daniel Radcliffe,George Clooney,,,,,,,,,,,,,,,,,,,,,,,,,,,,,,,,,,,,,,,,,,,,,,,,,,,,,,,,,,,,,,,,,,,
,,,,,6a180b3ecc14e309cf7cc620,2026-05-28_10h36.08.965,WP1_3,2025.2.3,Win32,163.9344262,69d16520e6f55fa76d9ed3a8,6a030b8ba3607712b5d4bf26,,,,,,,,,,,,,,,,,,,,,,,,,,,,,,,,,,,,,,,,,241.7918,257.2836,,,,4,257.2844,258.1895,,,"[""space""]",[0.8381000001430721],[null],5,258.1923,266.1314,space,7.8834,,58,Celebrities_Faces/058_rating.jpg,Nicole Kidman,2,Nicole Kidman,2,TRUE,FALSE,6,0,10,10,57,1,58,Celebrities_Faces/058_rating.jpg,Millie Bobby Brown,Greta Thunberg,Nicole Kidman,Julia Roberts,Nicole Kidman,,,,,,,,,,,,,,,,,,,,,,,,,,,,,,,,,,,,,,,,,,,,,,,,,,,,,,,,,,,,,,,,,,,
,,,,,6a180b3ecc14e309cf7cc620,2026-05-28_10h36.08.965,WP1_3,2025.2.3,Win32,163.9344262,69d16520e6f55fa76d9ed3a8,6a030b8ba3607712b5d4bf26,,,,,,,,,,,,,,,,,,,,,,,,,,,,,,,,,,,,,,,,,266.1329,271.0831,,,,7,271.0841,273.1076,,,"[""right"",""space""]","[0.9635999999046589,1.7810999999046544]","[null,null]",6,273.1108,274.9731,space,1.6071,,48,Celebrities_Faces/048_rating.jpg,Jennifer Lawrence,0,Jennifer Lawrence,0,TRUE,TRUE,7,0,11,11,47,1,48,Celebrities_Faces/048_rating.jpg,Jennifer Lawrence,Lady Gaga,Anne Hathaway,Emma Stone,Jennifer Lawrence,,,,,,,,,,,,,,,,,,,,,,,,,,,,,,,,,,,,,,,,,,,,,,,,,,,,,,,,,,,,,,,,,,,
,,,,,6a180b3ecc14e309cf7cc620,2026-05-28_10h36.08.965,WP1_3,2025.2.3,Win32,163.9344262,69d16520e6f55fa76d9ed3a8,6a030b8ba3607712b5d4bf26,,,,,,,,,,,,,,,,,,,,,,,,,,,,,,,,,,,,,,,,,274.9749,278.3568,,,,4,278.3576,279.1883,,,"[""space""]",[0.7722999999522813],[null],5,279.1916,282.1242,space,2.8578,,31,Celebrities_Faces/031_rating.jpg,Sandra Bullock,2,Halle Berry,3,FALSE,FALSE,7,0,12,12,30,1,31,Celebrities_Faces/031_rating.jpg,Michelle Obama,Emma Watson,Halle Berry,Sandra Bullock,Sandra Bullock,,,,,,,,,,,,,,,,,,,,,,,,,,,,,,,,,,,,,,,,,,,,,,,,,,,,,,,,,,,,,,,,,,,
,,,,,6a180b3ecc14e309cf7cc620,2026-05-28_10h36.08.965,WP1_3,2025.2.3,Win32,163.9344262,69d16520e6f55fa76d9ed3a8,6a030b8ba3607712b5d4bf26,,,,,,,,,,,,,,,,,,,,,,,,,,,,,,,,,,,,,,,,,282.1252,286.6365,,,,6,286.6373,288.3416,,,"[""space""]",[1.4916000001430234],[null],5,288.3436,290.0413,space,1.5231,,51,Celebrities_Faces/051_rating.jpg,Margot Robbie,0,Margot Robbie,0,TRUE,FALSE,7,0,13,13,50,1,51,Celebrities_Faces/051_rating.jpg,Margot Robbie,Halle Berry,Emma Watson,Julia Roberts,Margot Robbie,,,,,,,,,,,,,,,,,,,,,,,,,,,,,,,,,,,,,,,,,,,,,,,,,,,,,,,,,,,,,,,,,,,
,,,,,6a180b3ecc14e309cf7cc620,2026-05-28_10h36.08.965,WP1_3,2025.2.3,Win32,163.9344262,69d16520e6f55fa76d9ed3a8,6a030b8ba3607712b5d4bf26,,,,,,,,,,,,,,,,,,,,,,,,,,,,,,,,,,,,,,,,,290.0427,292.7611,,,,7,292.7625,295.9697,,,"[""right"",""right"",""right"",""space""]","[0.7050999999046326,1.3163999998569693,1.8807999999523304,3.154700000047683]","[null,null,null,null]",8,295.9726,297.6662,space,1.6325,,23,Celebrities_Faces/023_rating.jpg,Ryan Gosling,2,Ryan Gosling,2,TRUE,TRUE,8,0,14,14,22,1,23,Celebrities_Faces/023_rating.jpg,Brad Pitt,Cristiano Ronaldo,Ryan Gosling,Tom Holland,Ryan Gosling,,,,,,,,,,,,,,,,,,,,,,,,,,,,,,,,,,,,,,,,,,,,,,,,,,,,,,,,,,,,,,,,,,,
,,,,,6a180b3ecc14e309cf7cc620,2026-05-28_10h36.08.965,WP1_3,2025.2.3,Win32,163.9344262,69d16520e6f55fa76d9ed3a8,6a030b8ba3607712b5d4bf26,,,,,,,,,,,,,,,,,,,,,,,,,,,,,,,,,,,,,,,,,297.6676,301.4439,,,,7,301.4445,303.5994,,,"[""space""]",[2.055999999999983],[null],5,303.6018,304.6073,space,0.9132,,46,Celebrities_Faces/046_rating.jpg,Emma Stone,1,Emma Stone,1,TRUE,TRUE,9,0,15,15,45,1,46,Celebrities_Faces/046_rating.jpg,Halle Berry,Emma Stone,Emma Watson,Taylor Swift,Emma Stone,,,,,,,,,,,,,,,,,,,,,,,,,,,,,,,,,,,,,,,,,,,,,,,,,,,,,,,,,,,,,,,,,,,
,,,,,6a180b3ecc14e309cf7cc620,2026-05-28_10h36.08.965,WP1_3,2025.2.3,Win32,163.9344262,69d16520e6f55fa76d9ed3a8,6a030b8ba3607712b5d4bf26,,,,,,,,,,,,,,,,,,,,,,,,,,,,,,,,,,,,,,,,,304.6082,325.05,,,,6,325.0508,328.4027,,,"[""right"",""left"",""space""]","[1.1569000000953906,2.3461000001430534,3.1534000000953597]","[null,null,null]",5,328.4049,331.2829,space,2.5762,,45,Celebrities_Faces/045_rating.jpg,Cameron Diaz,3,Cameron Diaz,3,TRUE,FALSE,9,0,16,16,44,1,45,Celebrities_Faces/045_rating.jpg,Taylor Swift,Natalie Portman,Maria Sharapova,Cameron Diaz,Cameron Diaz,,,,,,,,,,,,,,,,,,,,,,,,,,,,,,,,,,,,,,,,,,,,,,,,,,,,,,,,,,,,,,,,,,,
,,,,,6a180b3ecc14e309cf7cc620,2026-05-28_10h36.08.965,WP1_3,2025.2.3,Win32,163.9344262,69d16520e6f55fa76d9ed3a8,6a030b8ba3607712b5d4bf26,,,,,,,,,,,,,,,,,,,,,,,,,,,,,,,,,,,,,,,,,331.2837,333.4503,,,,8,333.452,335.578,,,"[""right"",""right"",""right"",""space""]","[0.8197000000476464,1.0752999999522785,1.5000999999045916,1.9274000000953606]","[null,null,null,null]",8,335.5803,337.2165,space,1.2931,,3,Celebrities_Faces/003_rating.jpg,Roger Federer,2,Roger Federer,2,TRUE,TRUE,10,0,17,17,2,1,3,Celebrities_Faces/003_rating.jpg,Dwayne Johnson,Keanu Reeves,Roger Federer,Ben Affleck,Roger Federer,,,,,,,,,,,,,,,,,,,,,,,,,,,,,,,,,,,,,,,,,,,,,,,,,,,,,,,,,,,,,,,,,,,
,,,,,6a180b3ecc14e309cf7cc620,2026-05-28_10h36.08.965,WP1_3,2025.2.3,Win32,163.9344262,69d16520e6f55fa76d9ed3a8,6a030b8ba3607712b5d4bf26,,,,,,,,,,,,,,,,,,,,,,,,,,,,,,,,,,,,,,,,,337.2171,340.8797,,,,8,340.8806,342.9225,,,"[""right"",""space""]","[1.4808999998569448,2.002399999856948]","[null,null]",6,342.9248,344.1052,space,1.1284,,15,Celebrities_Faces/015_rating.jpg,Harrison Ford,2,Harrison Ford,2,TRUE,TRUE,11,0,18,18,14,1,15,Celebrities_Faces/015_rating.jpg,Lionel Messi,Daniel Radcliffe,Harrison Ford,Brad Pitt,Harrison Ford,,,,,,,,,,,,,,,,,,,,,,,,,,,,,,,,,,,,,,,,,,,,,,,,,,,,,,,,,,,,,,,,,,,
,,,,,6a180b3ecc14e309cf7cc620,2026-05-28_10h36.08.965,WP1_3,2025.2.3,Win32,163.9344262,69d16520e6f55fa76d9ed3a8,6a030b8ba3607712b5d4bf26,,,,,,,,,,,,,,,,,,,,,,,,,,,,,,,,,,,,,,,,,344.1065,346.6109,,,,3,346.6117,347.4125,,,"[""space""]",[0.7814999999999941],[null],5,347.416,350.1091,space,2.6717,,56,Celebrities_Faces/056_rating.jpg,Reese Witherspoon,0,Reese Witherspoon,0,TRUE,FALSE,11,0,19,19,55,1,56,Celebrities_Faces/056_rating.jpg,Reese Witherspoon,Sandra Bullock,Nicole Kidman,Halle Berry,Reese Witherspoon,,,,,,,,,,,,,,,,,,,,,,,,,,,,,,,,,,,,,,,,,,,,,,,,,,,,,,,,,,,,,,,,,,,
,,,,,6a180b3ecc14e309cf7cc620,2026-05-28_10h36.08.965,WP1_3,2025.2.3,Win32,163.9344262,69d16520e6f55fa76d9ed3a8,6a030b8ba3607712b5d4bf26,,,,,,,,,,,,,,,,,,,,,,,,,,,,,,,,,,,,,,,,,350.1103,352.8196,,,,8,352.8206,355.5872,,,"[""right"",""right"",""right"",""right"",""right"",""left"",""space""]","[0.3054000000953465,0.4912000000476837,0.6562999999522958,0.8057000000476933,1.5289000000953479,2.390599999904623,2.7092000000476446]","[null,null,null,null,null,null,null]",9,355.5903,356.4612,space,0.8151,,27,Celebrities_Faces/027_rating.jpg,Keanu Reeves,0,Keanu Reeves,0,TRUE,TRUE,12,0,20,20,26,1,27,Celebrities_Faces/027_rating.jpg,Keanu Reeves,Dwayne Johnson,Bradley Cooper,Daniel Radcliffe,Keanu Reeves,,,,,,,,,,,,,,,,,,,,,,,,,,,,,,,,,,,,,,,,,,,,,,,,,,,,,,,,,,,,,,,,,,,
,,,,,6a180b3ecc14e309cf7cc620,2026-05-28_10h36.08.965,WP1_3,2025.2.3,Win32,163.9344262,69d16520e6f55fa76d9ed3a8,6a030b8ba3607712b5d4bf26,,,,,,,,,,,,,,,,,,,,,,,,,,,,,,,,,,,,,,,,,356.4624,359.7034,,,,9,359.7044,363.1474,,,"[""right"",""space""]","[2.973100000143006,3.4146000001430252]","[null,null]",6,363.1496,364.7842,space,1.5951,,4,Celebrities_Faces/004_rating.jpg,Cristiano Ronaldo,3,Cristiano Ronaldo,3,TRUE,TRUE,13,0,21,21,3,1,4,Celebrities_Faces/004_rating.jpg,Matt Damon,Robert De Niro,Denzel Washighton,Cristiano Ronaldo,Cristiano Ronaldo,,,,,,,,,,,,,,,,,,,,,,,,,,,,,,,,,,,,,,,,,,,,,,,,,,,,,,,,,,,,,,,,,,,
,,,,,6a180b3ecc14e309cf7cc620,2026-05-28_10h36.08.965,WP1_3,2025.2.3,Win32,163.9344262,69d16520e6f55fa76d9ed3a8,6a030b8ba3607712b5d4bf26,,,,,,,,,,,,,,,,,,,,,,,,,,,,,,,,,,,,,,,,,364.7857,367.3963,,,,4,367.3971,368.6264,,,"[""space""]",[1.156699999809291],[null],5,368.628,370.9311,space,2.2401,,13,Celebrities_Faces/013_rating.jpg,Denzel Washighton,0,Denzel Washighton,0,TRUE,FALSE,13,0,22,22,12,1,13,Celebrities_Faces/013_rating.jpg,Denzel Washighton,Chris Hemsworth,Matt Damon,George W.Bush,Denzel Washighton,,,,,,,,,,,,,,,,,,,,,,,,,,,,,,,,,,,,,,,,,,,,,,,,,,,,,,,,,,,,,,,,,,,
,,,,,6a180b3ecc14e309cf7cc620,2026-05-28_10h36.08.965,WP1_3,2025.2.3,Win32,163.9344262,69d16520e6f55fa76d9ed3a8,6a030b8ba3607712b5d4bf26,,,,,,,,,,,,,,,,,,,,,,,,,,,,,,,,,,,,,,,,,370.932,373.9505,,,,8,373.9511,440.7934,,,"[""left"",""left"",""space""]","[7.315400000095337,65.85230000019072,66.78180000019069]","[null,null,null]",4,440.7975,442.4152,space,1.5446,,42,Celebrities_Faces/042_rating.jpg,Greta Thunberg,3,Greta Thunberg,3,TRUE,TRUE,14,0,23,23,41,1,42,Celebrities_Faces/042_rating.jpg,Simone Biles,Michelle Obama,Anne Hathaway,Greta Thunberg,Greta Thunberg,,,,,,,,,,,,,,,,,,,,,,,,,,,,,,,,,,,,,,,,,,,,,,,,,,,,,,,,,,,,,,,,,,,
,,,,,6a180b3ecc14e309cf7cc620,2026-05-28_10h36.08.965,WP1_3,2025.2.3,Win32,163.9344262,69d16520e6f55fa76d9ed3a8,6a030b8ba3607712b5d4bf26,,,,,,,,,,,,,,,,,,,,,,,,,,,,,,,,,,,,,,,,,442.4158,445.3493,,,,6,445.3505,446.2388,,,"[""space""]",[0.7815000000000509],[null],5,446.2411,447.7972,space,1.4169,,57,Celebrities_Faces/057_rating.jpg,Serena Williams,2,Serena Williams,2,TRUE,FALSE,14,0,24,24,56,1,57,Celebrities_Faces/057_rating.jpg,Olivia Rodrigo,Charlize Theron,Serena Williams,Greta Thunberg,Serena Williams,,,,,,,,,,,,,,,,,,,,,,,,,,,,,,,,,,,,,,,,,,,,,,,,,,,,,,,,,,,,,,,,,,,
,,,,,6a180b3ecc14e309cf7cc620,2026-05-28_10h36.08.965,WP1_3,2025.2.3,Win32,163.9344262,69d16520e6f55fa76d9ed3a8,6a030b8ba3607712b5d4bf26,,,,,,,,,,,,,,,,,,,,,,,,,,,,,,,,,,,,,,,,,447.7985,449.8612,,,,2,449.8619,450.9289,,,"[""space""]",[1.0489999999999782],[null],5,450.9302,453.2967,space,2.3479,,36,Celebrities_Faces/036_rating.jpg,Lady Gaga,3,Lady Gaga,3,TRUE,FALSE,14,0,25,25,35,1,36,Celebrities_Faces/036_rating.jpg,Serena Williams,Emma Stone,Julia Roberts,Lady Gaga,Lady Gaga,,,,,,,,,,,,,,,,,,,,,,,,,,,,,,,,,,,,,,,,,,,,,,,,,,,,,,,,,,,,,,,,,,,
,,,,,6a180b3ecc14e309cf7cc620,2026-05-28_10h36.08.965,WP1_3,2025.2.3,Win32,163.9344262,69d16520e6f55fa76d9ed3a8,6a030b8ba3607712b5d4bf26,,,,,,,,,,,,,,,,,,,,,,,,,,,,,,,,,,,,,,,,,453.2977,461.2762,,,,6,461.2767,462.1957,,,"[""space""]",[0.8152000000477528],[null],5,462.1982,463.6074,space,1.3172,,28,Celebrities_Faces/028_rating.jpg,Dwayne Johnson,0,Dwayne Johnson,0,TRUE,FALSE,14,0,26,26,27,1,28,Celebrities_Faces/028_rating.jpg,Dwayne Johnson,Ryan Reynolds,Bradley Cooper,Lionel Messi,Dwayne Johnson,,,,,,,,,,,,,,,,,,,,,,,,,,,,,,,,,,,,,,,,,,,,,,,,,,,,,,,,,,,,,,,,,,,
,,,,,6a180b3ecc14e309cf7cc620,2026-05-28_10h36.08.965,WP1_3,2025.2.3,Win32,163.9344262,69d16520e6f55fa76d9ed3a8,6a030b8ba3607712b5d4bf26,,,,,,,,,,,,,,,,,,,,,,,,,,,,,,,,,,,,,,,,,463.6089,466.7182,,,,6,466.719,467.3673,,,"[""space""]",[0.5687999999522617],[null],5,467.3681,468.412,space,0.9901,,47,Celebrities_Faces/047_rating.jpg,Hillary Clinton,0,Hillary Clinton,0,TRUE,FALSE,14,0,27,27,46,1,47,Celebrities_Faces/047_rating.jpg,Hillary Clinton,Sandra Bullock,Michelle Obama,Anne Hathaway,Hillary Clinton,,,,,,,,,,,,,,,,,,,,,,,,,,,,,,,,,,,,,,,,,,,,,,,,,,,,,,,,,,,,,,,,,,,
,,,,,6a180b3ecc14e309cf7cc620,2026-05-28_10h36.08.965,WP1_3,2025.2.3,Win32,163.9344262,69d16520e6f55fa76d9ed3a8,6a030b8ba3607712b5d4bf26,,,,,,,,,,,,,,,,,,,,,,,,,,,,,,,,,,,,,,,,,468.4133,472.0939,,,,5,472.0956,473.2662,,,"[""space""]",[0.8322000000476919],[null],5,473.2704,475.1555,space,1.4788,,33,Celebrities_Faces/033_rating.jpg,Simone Biles,1,Simone Biles,1,TRUE,FALSE,14,0,28,28,32,1,33,Celebrities_Faces/033_rating.jpg,Greta Thunberg,Simone Biles,Lindsay Lohan,Anya Taylor-Joy,Simone Biles,,,,,,,,,,,,,,,,,,,,,,,,,,,,,,,,,,,,,,,,,,,,,,,,,,,,,,,,,,,,,,,,,,,
,,,,,6a180b3ecc14e309cf7cc620,2026-05-28_10h36.08.965,WP1_3,2025.2.3,Win32,163.9344262,69d16520e6f55fa76d9ed3a8,6a030b8ba3607712b5d4bf26,,,,,,,,,,,,,,,,,,,,,,,,,,,,,,,,,,,,,,,,,475.1567,477.6698,,,,6,477.6706,478.7527,,,"[""space""]",[0.9812000000476928],[null],5,478.755,480.3642,space,1.5236,,34,Celebrities_Faces/034_rating.jpg,Angelina Jolie,2,Angelina Jolie,2,TRUE,FALSE,14,0,29,29,33,1,34,Celebrities_Faces/034_rating.jpg,Anya Taylor-Joy,Maria Sharapova,Angelina Jolie,Nicole Kidman,Angelina Jolie,,,,,,,,,,,,,,,,,,,,,,,,,,,,,,,,,,,,,,,,,,,,,,,,,,,,,,,,,,,,,,,,,,,
,,,,,6a180b3ecc14e309cf7cc620,2026-05-28_10h36.08.965,WP1_3,2025.2.3,Win32,163.9344262,69d16520e6f55fa76d9ed3a8,6a030b8ba3607712b5d4bf26,,,,,,,,,,,,,,,,,,,,,,,,,,,,,,,,,,,,,,,,,480.366,482.9702,,,,6,482.9714,484.0124,,,"[""space""]",[0.8391000001430484],[null],5,484.0143,485.1304,space,0.9497,,10,Celebrities_Faces/010_rating.jpg,Bruce Willis,0,Bruce Willis,0,TRUE,FALSE,14,0,30,30,9,1,10,Celebrities_Faces/010_rating.jpg,Bruce Willis,Arnold Schwarzeneger,George Clooney,Robert De Niro,Bruce Willis,,,,,,,,,,,,,,,,,,,,,,,,,,,,,,,,,,,,,,,,,,,,,,,,,,,,,,,,,,,,,,,,,,,
,,,,,6a180b3ecc14e309cf7cc620,2026-05-28_10h36.08.965,WP1_3,2025.2.3,Win32,163.9344262,69d16520e6f55fa76d9ed3a8,6a030b8ba3607712b5d4bf26,,,,,,,,,,,,,,,,,,,,,,,,,,,,,,,,,,,,,,,,,485.1308,508.7537,,,,3,508.7545,509.4925,,,"[""space""]",[0.6732999999524054],[null],5,509.4944,511.6841,space,2.1293,,43,Celebrities_Faces/043_rating.jpg,Maria Sharapova,3,Maria Sharapova,3,TRUE,FALSE,14,0,31,31,42,1,43,Celebrities_Faces/043_rating.jpg,Michelle Obama,Taylor Swift,Greta Thunberg,Maria Sharapova,Maria Sharapova,,,,,,,,,,,,,,,,,,,,,,,,,,,,,,,,,,,,,,,,,,,,,,,,,,,,,,,,,,,,,,,,,,,
,,,,,6a180b3ecc14e309cf7cc620,2026-05-28_10h36.08.965,WP1_3,2025.2.3,Win32,163.9344262,69d16520e6f55fa76d9ed3a8,6a030b8ba3607712b5d4bf26,,,,,,,,,,,,,,,,,,,,,,,,,,,,,,,,,,,,,,,,,511.6847,514.5703,,,,5,514.5712,515.3796,,,"[""space""]",[0.7897000000476737],[null],5,515.381,517.1961,space,1.7929,,20,Celebrities_Faces/020_rating.jpg,Matt Damon,1,Matt Damon,1,TRUE,FALSE,14,0,32,32,19,1,20,Celebrities_Faces/020_rating.jpg,Tom Cruise,Matt Damon,Chris Evans,Brad Pitt,Matt Damon,,,,,,,,,,,,,,,,,,,,,,,,,,,,,,,,,,,,,,,,,,,,,,,,,,,,,,,,,,,,,,,,,,,
,,,,,6a180b3ecc14e309cf7cc620,2026-05-28_10h36.08.965,WP1_3,2025.2.3,Win32,163.9344262,69d16520e6f55fa76d9ed3a8,6a030b8ba3607712b5d4bf26,,,,,,,,,,,,,,,,,,,,,,,,,,,,,,,,,,,,,,,,,517.1973,521.1796,,,,5,521.1801,521.8095,,,"[""space""]",[0.5799000000953356],[null],5,521.8111,522.8742,space,1.0109,,7,Celebrities_Faces/007_rating.jpg,Ben Affleck,0,Ben Affleck,0,TRUE,FALSE,14,0,33,33,6,1,7,Celebrities_Faces/007_rating.jpg,Ben Affleck,Nicolas Cage,Henri Canvill,Leonardo Di Caprio,Ben Affleck,,,,,,,,,,,,,,,,,,,,,,,,,,,,,,,,,,,,,,,,,,,,,,,,,,,,,,,,,,,,,,,,,,,
,,,,,6a180b3ecc14e309cf7cc620,2026-05-28_10h36.08.965,WP1_3,2025.2.3,Win32,163.9344262,69d16520e6f55fa76d9ed3a8,6a030b8ba3607712b5d4bf26,,,,,,,,,,,,,,,,,,,,,,,,,,,,,,,,,,,,,,,,,522.8757,530.8241,,,,4,530.8268,531.7451,,,"[""space""]",[0.05000000000006821],[null],5,531.748,534.3972,space,2.1434,,41,Celebrities_Faces/041_rating.jpg,Halle Berry,2,Halle Berry,2,TRUE,FALSE,14,0,34,34,40,1,41,Celebrities_Faces/041_rating.jpg,Lady Gaga,Greta Thunberg,Halle Berry,Serena Williams,Halle Berry,,,,,,,,,,,,,,,,,,,,,,,,,,,,,,,,,,,,,,,,,,,,,,,,,,,,,,,,,,,,,,,,,,,
,,,,,6a180b3ecc14e309cf7cc620,2026-05-28_10h36.08.965,WP1_3,2025.2.3,Win32,163.9344262,69d16520e6f55fa76d9ed3a8,6a030b8ba3607712b5d4bf26,,,,,,,,,,,,,,,,,,,,,,,,,,,,,,,,,,,,,,,,,534.3985,557.64,,,,6,557.641,559.2675,,,"[""space""]",[1.4812000000476928],[null],5,559.2699,560.8721,space,1.4415,,2,Celebrities_Faces/002_rating.jpg,George W.Bush,3,George W.Bush,3,TRUE,FALSE,14,0,35,35,1,1,2,Celebrities_Faces/002_rating.jpg,Henri Canvill,Chris Evans,Tom Holland,George W.Bush,George W.Bush,,,,,,,,,,,,,,,,,,,,,,,,,,,,,,,,,,,,,,,,,,,,,,,,,,,,,,,,,,,,,,,,,,,
,,,,,6a180b3ecc14e309cf7cc620,2026-05-28_10h36.08.965,WP1_3,2025.2.3,Win32,163.9344262,69d16520e6f55fa76d9ed3a8,6a030b8ba3607712b5d4bf26,,,,,,,,,,,,,,,,,,,,,,,,,,,,,,,,,,,,,,,,,560.8738,563.9111,,,,4,563.9117,564.4377,,,"[""space""]",[0.42220000004761005],[null],5,564.4388,567.3149,space,2.7714,,35,Celebrities_Faces/035_rating.jpg,Lindsay Lohan,1,Millie Bobby Brown,3,FALSE,FALSE,14,0,36,36,34,1,35,Celebrities_Faces/035_rating.jpg,Anya Taylor-Joy,Millie Bobby Brown,Keira Knightley,Lindsay Lohan,Lindsay Lohan,,,,,,,,,,,,,,,,,,,,,,,,,,,,,,,,,,,,,,,,,,,,,,,,,,,,,,,,,,,,,,,,,,,
,,,,,6a180b3ecc14e309cf7cc620,2026-05-28_10h36.08.965,WP1_3,2025.2.3,Win32,163.9344262,69d16520e6f55fa76d9ed3a8,6a030b8ba3607712b5d4bf26,,,,,,,,,,,,,,,,,,,,,,,,,,,,,,,,,,,,,,,,,567.3159,642.8048,,,,5,642.8056,643.4846,,,"[""space""]",[0.5737999999522572],[null],5,643.4876,646.3425,space,2.7094,,54,Celebrities_Faces/054_rating.jpg,Julia Roberts,0,Julia Roberts,0,TRUE,FALSE,14,0,37,37,53,1,54,Celebrities_Faces/054_rating.jpg,Julia Roberts,Anne Hathaway,Olivia Rodrigo,Simone Biles,Julia Roberts,,,,,,,,,,,,,,,,,,,,,,,,,,,,,,,,,,,,,,,,,,,,,,,,,,,,,,,,,,,,,,,,,,,
,,,,,6a180b3ecc14e309cf7cc620,2026-05-28_10h36.08.965,WP1_3,2025.2.3,Win32,163.9344262,69d16520e6f55fa76d9ed3a8,6a030b8ba3607712b5d4bf26,,,,,,,,,,,,,,,,,,,,,,,,,,,,,,,,,,,,,,,,,646.3431,651.0393,,,,6,651.0406,652.554,,,"[""right"",""space""]","[1.1322000000476464,1.3664999999999736]","[null,null]",6,652.5555,655.2244,space,2.4749,,9,Celebrities_Faces/009_rating.jpg,Bradley Cooper,2,Bradley Cooper,2,TRUE,FALSE,14,0,38,38,8,1,9,Celebrities_Faces/009_rating.jpg,Chris Hemsworth,Tom Cruise,Bradley Cooper,Lebron James,Bradley Cooper,,,,,,,,,,,,,,,,,,,,,,,,,,,,,,,,,,,,,,,,,,,,,,,,,,,,,,,,,,,,,,,,,,,
,,,,,6a180b3ecc14e309cf7cc620,2026-05-28_10h36.08.965,WP1_3,2025.2.3,Win32,163.9344262,69d16520e6f55fa76d9ed3a8,6a030b8ba3607712b5d4bf26,,,,,,,,,,,,,,,,,,,,,,,,,,,,,,,,,,,,,,,,,655.2257,658.8162,,,,7,658.817,660.4771,,,"[""right"",""space""]","[1.3823999998569434,1.6125999999046599]","[null,null]",6,660.4785,661.6066,space,1.0812,,39,Celebrities_Faces/039_rating.jpg,Scarlett Johansson,1,Scarlett Johansson,1,TRUE,TRUE,15,0,39,39,38,1,39,Celebrities_Faces/039_rating.jpg,Simone Biles,Scarlett Johansson,Gal Gadot,Hillary Clinton,Scarlett Johansson,,,,,,,,,,,,,,,,,,,,,,,,,,,,,,,,,,,,,,,,,,,,,,,,,,,,,,,,,,,,,,,,,,,
,,,,,6a180b3ecc14e309cf7cc620,2026-05-28_10h36.08.965,WP1_3,2025.2.3,Win32,163.9344262,69d16520e6f55fa76d9ed3a8,6a030b8ba3607712b5d4bf26,,,,,,,,,,,,,,,,,,,,,,,,,,,,,,,,,,,,,,,,,661.6077,665.3673,,,,8,665.368,668.2709,,,"[""right"",""left"",""space""]","[1.1026999998092606,1.996799999952259,2.7831999998091987]","[null,null,null]",5,668.2737,669.0539,space,0.5782,,30,Celebrities_Faces/030_rating.jpg,Tom Cruise,0,Tom Cruise,0,TRUE,TRUE,16,0,40,40,29,1,30,Celebrities_Faces/030_rating.jpg,Tom Cruise,Lionel Messi,Chris Evans,Bruce Willis,Tom Cruise,,,,,,,,,,,,,,,,,,,,,,,,,,,,,,,,,,,,,,,,,,,,,,,,,,,,,,,,,,,,,,,,,,,
,,,,,6a180b3ecc14e309cf7cc620,2026-05-28_10h36.08.965,WP1_3,2025.2.3,Win32,163.9344262,69d16520e6f55fa76d9ed3a8,6a030b8ba3607712b5d4bf26,,,,,,,,,,,,,,,,,,,,,,,,,,,,,,,,,,,,,,,,,669.0552,671.6548,,,,9,671.6561,674.126,,,"[""space""]",[2.363400000095453],[null],5,674.1279,675.7105,space,1.4958,,38,Celebrities_Faces/038_rating.jpg,Taylor Swift,3,Taylor Swift,3,TRUE,TRUE,17,0,41,41,37,1,38,Celebrities_Faces/038_rating.jpg,Keira Knightley,Scarlett Johansson,Margot Robbie,Taylor Swift,Taylor Swift,,,,,,,,,,,,,,,,,,,,,,,,,,,,,,,,,,,,,,,,,,,,,,,,,,,,,,,,,,,,,,,,,,,
,,,,,6a180b3ecc14e309cf7cc620,2026-05-28_10h36.08.965,WP1_3,2025.2.3,Win32,163.9344262,69d16520e6f55fa76d9ed3a8,6a030b8ba3607712b5d4bf26,,,,,,,,,,,,,,,,,,,,,,,,,,,,,,,,,,,,,,,,,675.7112,710.5047,,,,6,710.5054,712.4664,,,"[""right"",""space""]","[1.4870999999046717,1.76400000000001]","[null,null]",6,712.468,714.0399,space,1.3787,,18,Celebrities_Faces/018_rating.jpg,Chris Hemsworth,0,Chris Hemsworth,0,TRUE,FALSE,17,0,42,42,17,1,18,Celebrities_Faces/018_rating.jpg,Chris Hemsworth,Leonardo Di Caprio,Nicolas Cage,Tom Cruise,Chris Hemsworth,,,,,,,,,,,,,,,,,,,,,,,,,,,,,,,,,,,,,,,,,,,,,,,,,,,,,,,,,,,,,,,,,,,
,,,,,6a180b3ecc14e309cf7cc620,2026-05-28_10h36.08.965,WP1_3,2025.2.3,Win32,163.9344262,69d16520e6f55fa76d9ed3a8,6a030b8ba3607712b5d4bf26,,,,,,,,,,,,,,,,,,,,,,,,,,,,,,,,,,,,,,,,,714.0465,716.9696,,,,7,716.9703,718.094,,,"[""right"",""space""]","[0.7043999998569461,0.9770999999045671]","[null,null]",6,718.096,719.3012,space,1.0345,,29,Celebrities_Faces/029_rating.jpg,Tom Holland,0,Tom Holland,0,TRUE,TRUE,18,0,43,43,28,1,29,Celebrities_Faces/029_rating.jpg,Tom Holland,Bradley Cooper,Dwayne Johnson,George W.Bush,Tom Holland,,,,,,,,,,,,,,,,,,,,,,,,,,,,,,,,,,,,,,,,,,,,,,,,,,,,,,,,,,,,,,,,,,,
,,,,,6a180b3ecc14e309cf7cc620,2026-05-28_10h36.08.965,WP1_3,2025.2.3,Win32,163.9344262,69d16520e6f55fa76d9ed3a8,6a030b8ba3607712b5d4bf26,,,,,,,,,,,,,,,,,,,,,,,,,,,,,,,,,,,,,,,,,719.302,721.0437,,,,3,721.0442,722.2677,,,"[""space""]",[1.1553000001907776],[null],5,722.2695,724.8756,space,2.5379,,59,Celebrities_Faces/059_rating.jpg,Michelle Obama,0,Michelle Obama,0,TRUE,FALSE,18,0,44,44,58,1,59,Celebrities_Faces/059_rating.jpg,Michelle Obama,Emma Watson,Millie Bobby Brown,Margot Robbie,Michelle Obama,,,,,,,,,,,,,,,,,,,,,,,,,,,,,,,,,,,,,,,,,,,,,,,,,,,,,,,,,,,,,,,,,,,
,,,,,6a180b3ecc14e309cf7cc620,2026-05-28_10h36.08.965,WP1_3,2025.2.3,Win32,163.9344262,69d16520e6f55fa76d9ed3a8,6a030b8ba3607712b5d4bf26,,,,,,,,,,,,,,,,,,,,,,,,,,,,,,,,,,,,,,,,,724.8761,727.0296,,,,2,727.0307,727.7868,,,"[""space""]",[0.5865000000000009],[null],5,727.7885,729.8982,space,1.9643,,44,Celebrities_Faces/044_rating.jpg,Cate Blanchett,1,Cate Blanchett,1,TRUE,FALSE,18,0,45,45,43,1,44,Celebrities_Faces/044_rating.jpg,Angelina Jolie,Cate Blanchett,Natalie Portman,Taylor Swift,Cate Blanchett,,,,,,,,,,,,,,,,,,,,,,,,,,,,,,,,,,,,,,,,,,,,,,,,,,,,,,,,,,,,,,,,,,,
,,,,,6a180b3ecc14e309cf7cc620,2026-05-28_10h36.08.965,WP1_3,2025.2.3,Win32,163.9344262,69d16520e6f55fa76d9ed3a8,6a030b8ba3607712b5d4bf26,,,,,,,,,,,,,,,,,,,,,,,,,,,,,,,,,,,,,,,,,729.8998,732.3384,,,,5,732.339,732.8177,,,"[""space""]",[0.4338000001907858],[null],5,732.8203,734.0729,space,1.2133,,49,Celebrities_Faces/049_rating.jpg,Olivia Rodrigo,0,Olivia Rodrigo,0,TRUE,FALSE,18,0,46,46,48,1,49,Celebrities_Faces/049_rating.jpg,Olivia Rodrigo,Lindsay Lohan,Gal Gadot,Angelina Jolie,Olivia Rodrigo,,,,,,,,,,,,,,,,,,,,,,,,,,,,,,,,,,,,,,,,,,,,,,,,,,,,,,,,,,,,,,,,,,,
,,,,,6a180b3ecc14e309cf7cc620,2026-05-28_10h36.08.965,WP1_3,2025.2.3,Win32,163.9344262,69d16520e6f55fa76d9ed3a8,6a030b8ba3607712b5d4bf26,,,,,,,,,,,,,,,,,,,,,,,,,,,,,,,,,,,,,,,,,734.075,736.654,,,,9,736.6544,739.003,,,"[""right"",""space""]","[1.3228999998568725,2.3225999999045825]","[null,null]",6,739.0078,740.8874,space,1.826,,52,Celebrities_Faces/052_rating.jpg,Emma Watson,3,Emma Watson,3,TRUE,TRUE,19,0,47,47,51,1,52,Celebrities_Faces/052_rating.jpg,Anne Hathaway,Natalie Portman,Hillary Clinton,Emma Watson,Emma Watson,,,,,,,,,,,,,,,,,,,,,,,,,,,,,,,,,,,,,,,,,,,,,,,,,,,,,,,,,,,,,,,,,,,
,,,,,6a180b3ecc14e309cf7cc620,2026-05-28_10h36.08.965,WP1_3,2025.2.3,Win32,163.9344262,69d16520e6f55fa76d9ed3a8,6a030b8ba3607712b5d4bf26,,,,,,,,,,,,,,,,,,,,,,,,,,,,,,,,,,,,,,,,,740.8882,743.8582,,,,1,743.8588,744.4994,,,"[""space""]",[0.5774999999999864],[null],5,744.5017,746.8505,space,2.2746,,55,Celebrities_Faces/055_rating.jpg,Charlize Theron,3,Charlize Theron,3,TRUE,FALSE,19,0,48,48,54,1,55,Celebrities_Faces/055_rating.jpg,Natalie Portman,Margot Robbie,Angelina Jolie,Charlize Theron,Charlize Theron,,,,,,,,,,,,,,,,,,,,,,,,,,,,,,,,,,,,,,,,,,,,,,,,,,,,,,,,,,,,,,,,,,,
,,,,,6a180b3ecc14e309cf7cc620,2026-05-28_10h36.08.965,WP1_3,2025.2.3,Win32,163.9344262,69d16520e6f55fa76d9ed3a8,6a030b8ba3607712b5d4bf26,,,,,,,,,,,,,,,,,,,,,,,,,,,,,,,,,,,,,,,,,746.8512,750.1488,,,,7,750.1495,752.202,,,"[""space""]",[1.9493999998569507],[null],5,752.203,754.1278,space,1.803,,8,Celebrities_Faces/008_rating.jpg,Brad Pitt,3,Brad Pitt,3,TRUE,TRUE,20,0,49,49,7,1,8,Celebrities_Faces/008_rating.jpg,Cristiano Ronaldo,Daniel Craig,Lionel Messi,Brad Pitt,Brad Pitt,,,,,,,,,,,,,,,,,,,,,,,,,,,,,,,,,,,,,,,,,,,,,,,,,,,,,,,,,,,,,,,,,,,
,,,,,6a180b3ecc14e309cf7cc620,2026-05-28_10h36.08.965,WP1_3,2025.2.3,Win32,163.9344262,69d16520e6f55fa76d9ed3a8,6a030b8ba3607712b5d4bf26,,,,,,,,,,,,,,,,,,,,,,,,,,,,,,,,,,,,,,,,,754.1289,756.9814,,,,7,756.9823,757.5502,,,"[""space""]",[0.5354999999999563],[null],5,757.552,758.4728,space,0.8945,,19,Celebrities_Faces/019_rating.jpg,Nicolas Cage,0,Nicolas Cage,0,TRUE,TRUE,21,0,50,50,18,1,19,Celebrities_Faces/019_rating.jpg,Nicolas Cage,George W.Bush,Cristiano Ronaldo,Bradley Cooper,Nicolas Cage,,,,,,,,,,,,,,,,,,,,,,,,,,,,,,,,,,,,,,,,,,,,,,,,,,,,,,,,,,,,,,,,,,,
,,,,,6a180b3ecc14e309cf7cc620,2026-05-28_10h36.08.965,WP1_3,2025.2.3,Win32,163.9344262,69d16520e6f55fa76d9ed3a8,6a030b8ba3607712b5d4bf26,,,,,,,,,,,,,,,,,,,,,,,,,,,,,,,,,,,,,,,,,758.4736,775.8268,,,,7,775.828,777.0849,,,"[""right"",""space""]","[0.8366999998092979,1.0612999999523254]","[null,null]",6,777.0881,778.1682,space,0.794,,32,Celebrities_Faces/032_rating.jpg,Anne Hathaway,1,Anne Hathaway,1,TRUE,TRUE,22,0,51,51,31,1,32,Celebrities_Faces/032_rating.jpg,Charlize Theron,Anne Hathaway,Gal Gadot,Millie Bobby Brown,Anne Hathaway,,,,,,,,,,,,,,,,,,,,,,,,,,,,,,,,,,,,,,,,,,,,,,,,,,,,,,,,,,,,,,,,,,,
,,,,,6a180b3ecc14e309cf7cc620,2026-05-28_10h36.08.965,WP1_3,2025.2.3,Win32,163.9344262,69d16520e6f55fa76d9ed3a8,6a030b8ba3607712b5d4bf26,,,,,,,,,,,,,,,,,,,,,,,,,,,,,,,,,,,,,,,,,778.1704,782.9188,,,,6,782.9198,783.5106,,,"[""space""]",[0.44899999999995543],[null],5,783.5133,785.2747,space,1.6427,,50,Celebrities_Faces/050_rating.jpg,Millie Bobby Brown,2,Millie Bobby Brown,2,TRUE,FALSE,22,0,52,52,49,1,50,Celebrities_Faces/050_rating.jpg,Taylor Swift,Cameron Diaz,Millie Bobby Brown,Michelle Obama,Millie Bobby Brown,,,,,,,,,,,,,,,,,,,,,,,,,,,,,,,,,,,,,,,,,,,,,,,,,,,,,,,,,,,,,,,,,,,
,,,,,6a180b3ecc14e309cf7cc620,2026-05-28_10h36.08.965,WP1_3,2025.2.3,Win32,163.9344262,69d16520e6f55fa76d9ed3a8,6a030b8ba3607712b5d4bf26,,,,,,,,,,,,,,,,,,,,,,,,,,,,,,,,,,,,,,,,,785.2753,789.0287,,,,8,789.0291,791.4949,,,"[""left"",""left"",""space""]","[0.6417999999523545,1.6084000000953438,2.3532000000477638]","[null,null,null]",3,791.4957,792.378,space,0.8029,,40,Celebrities_Faces/040_rating.jpg,Gal Gadot,0,Gal Gadot,0,TRUE,TRUE,23,0,53,53,39,1,40,Celebrities_Faces/040_rating.jpg,Gal Gadot,Maria Sharapova,Taylor Swift,Nicole Kidman,Gal Gadot,,,,,,,,,,,,,,,,,,,,,,,,,,,,,,,,,,,,,,,,,,,,,,,,,,,,,,,,,,,,,,,,,,,
,,,,,6a180b3ecc14e309cf7cc620,2026-05-28_10h36.08.965,WP1_3,2025.2.3,Win32,163.9344262,69d16520e6f55fa76d9ed3a8,6a030b8ba3607712b5d4bf26,,,,,,,,,,,,,,,,,,,,,,,,,,,,,,,,,,,,,,,,,792.3789,802.8568,,,,1,802.8577,804.9858,,,"[""space""]",[2.0669999999998936],[null],5,804.9876,806.8502,space,1.811,,11,Celebrities_Faces/011_rating.jpg,Chris Evans,0,Chris Evans,0,TRUE,FALSE,23,0,54,54,10,1,11,Celebrities_Faces/011_rating.jpg,Chris Evans,Daniel Craig,Ryan Reynolds,Arnold Schwarzeneger,Chris Evans,,,,,,,,,,,,,,,,,,,,,,,,,,,,,,,,,,,,,,,,,,,,,,,,,,,,,,,,,,,,,,,,,,,
,,,,,6a180b3ecc14e309cf7cc620,2026-05-28_10h36.08.965,WP1_3,2025.2.3,Win32,163.9344262,69d16520e6f55fa76d9ed3a8,6a030b8ba3607712b5d4bf26,,,,,,,,,,,,,,,,,,,,,,,,,,,,,,,,,,,,,,,,,806.8511,809.4221,,,,9,809.4227,810.7289,,,"[""right"",""space""]","[1.0782000000476728,1.2597999999522926]","[null,null]",6,810.7311,812.3045,space,1.5064,,12,Celebrities_Faces/012_rating.jpg,Daniel Radcliffe,3,Daniel Radcliffe,3,TRUE,TRUE,24,0,55,55,11,1,12,Celebrities_Faces/012_rating.jpg,Bruce Willis,Ryan Reynolds,Ewan McGregor,Daniel Radcliffe,Daniel Radcliffe,,,,,,,,,,,,,,,,,,,,,,,,,,,,,,,,,,,,,,,,,,,,,,,,,,,,,,,,,,,,,,,,,,,
,,,,,6a180b3ecc14e309cf7cc620,2026-05-28_10h36.08.965,WP1_3,2025.2.3,Win32,163.9344262,69d16520e6f55fa76d9ed3a8,6a030b8ba3607712b5d4bf26,,,,,,,,,,,,,,,,,,,,,,,,,,,,,,,,,,,,,,,,,812.3058,878.3263,,,,7,878.3286,879.6073,,,"[""right"",""space""]","[1.0458999998569425,1.2280000000000655]","[null,null]",6,879.6101,881.7643,space,2.0972,,53,Celebrities_Faces/053_rating.jpg,Keira Knightley,3,Keira Knightley,3,TRUE,TRUE,25,0,56,56,52,1,53,Celebrities_Faces/053_rating.jpg,Anne Hathaway,Emma Stone,Olivia Rodrigo,Keira Knightley,Keira Knightley,,,,,,,,,,,,,,,,,,,,,,,,,,,,,,,,,,,,,,,,,,,,,,,,,,,,,,,,,,,,,,,,,,,
,,,,,6a180b3ecc14e309cf7cc620,2026-05-28_10h36.08.965,WP1_3,2025.2.3,Win32,163.9344262,69d16520e6f55fa76d9ed3a8,6a030b8ba3607712b5d4bf26,,,,,,,,,,,,,,,,,,,,,,,,,,,,,,,,,,,,,,,,,881.7656,897.2117,,,,8,897.2124,898.2349,,,"[""space""]",[0.9375],[null],5,898.2365,899.5517,space,1.1653,,1,Celebrities_Faces/001_rating.jpg,Leonardo Di Caprio,2,Leonardo Di Caprio,2,TRUE,TRUE,26,0,57,57,0,1,1,Celebrities_Faces/001_rating.jpg,Ben Affleck,Daniel Craig,Leonardo Di Caprio,Roger Federer,Leonardo Di Caprio,,,,,,,,,,,,,,,,,,,,,,,,,,,,,,,,,,,,,,,,,,,,,,,,,,,,,,,,,,,,,,,,,,,
,,,,,6a180b3ecc14e309cf7cc620,2026-05-28_10h36.08.965,WP1_3,2025.2.3,Win32,163.9344262,69d16520e6f55fa76d9ed3a8,6a030b8ba3607712b5d4bf26,,,,,,,,,,,,,,,,,,,,,,,,,,,,,,,,,,,,,,,,,899.5536,999.1405,,,,3,999.1439,999.769,,,"[""space""]",[0.5545999999046671],[null],5,999.7765,1001.8983,space,2.0772,,16,Celebrities_Faces/016_rating.jpg,Ewan McGregor,1,Robert De Niro,0,FALSE,FALSE,26,0,58,58,15,1,16,Celebrities_Faces/016_rating.jpg,Ewan McGregor,Robert De Niro,Lionel Messi,Leonardo Di Caprio,Ewan McGregor,,,,,,,,,,,,,,,,,,,,,,,,,,,,,,,,,,,,,,,,,,,,,,,,,,,,,,,,,,,,,,,,,,,
,,,,,6a180b3ecc14e309cf7cc620,2026-05-28_10h36.08.965,WP1_3,2025.2.3,Win32,163.9344262,69d16520e6f55fa76d9ed3a8,6a030b8ba3607712b5d4bf26,,,,,,,,,,,,,,,,,,,,,,,,,,,,,,,,,,,,,,,,,1001.9007,1004.2817,,,,8,1004.2837,1005.7768,,,"[""right"",""right"",""space""]","[0.6363999998568488,1.0606999998092306,1.1985999999046726]","[null,null,null]",7,1005.7784,1007.6704,space,1.5605,,24,Celebrities_Faces/024_rating.jpg,Ryan Reynolds,3,Ryan Reynolds,3,TRUE,TRUE,27,0,59,59,23,1,24,Celebrities_Faces/024_rating.jpg,Roger Federer,Denzel Washighton,Tom Holland,Ryan Reynolds,Ryan Reynolds,,,,,,,,,,,,,,,,,,,,,,,,,,,,,,,,,,,,,,,,,,,,,,,,,,,,,,,,,,,,,,,,,,,
,,,,,6a180b3ecc14e309cf7cc620,2026-05-28_10h36.08.965,WP1_3,2025.2.3,Win32,163.9344262,69d16520e6f55fa76d9ed3a8,6a030b8ba3607712b5d4bf26,,,,,,,,,,,,,,,,,,,,,,,,,,,,,,,,,,,,,,,,,,,,,,,,,,,,,,,,,,,,,,,,,,,,,,,,,,,,,,,,,all_27_qualified_plus_3_best_remaining,30,"6,60,5,17,14,26,48,23,46,3,15,27,4,42,39,30,38,29,52,8,19,32,40,12,53,1,24,51,45,57",1007.6822,1027.6731,,,,,,,,,,,,,,,,,,,,,,,,,,,,,,,,,,,,,,,,,,,,,,,,,,,,,,,,,,,,,,
,,,,,6a180b3ecc14e309cf7cc620,2026-05-28_10h36.08.965,WP1_3,2025.2.3,Win32,163.9344262,69d16520e6f55fa76d9ed3a8,6a030b8ba3607712b5d4bf26,,,,,,,,,,,,,,,,,,,,,,,,,,,,,,,,,,,,,,,,,,,,,,,,,,,,,,,,,,,,,,,,,,,,,,,,,,,,,,,,,,,,,,1027.6945,1027.6968,,,,,,,,,,,,,,,,,,,,,,,,,,,,,,,,,,,,,,,,,,,,,,,,,,,,,,,,,,,,
,,,,,6a180b3ecc14e309cf7cc620,2026-05-28_10h36.08.965,WP1_3,2025.2.3,Win32,163.9344262,69d16520e6f55fa76d9ed3a8,6a030b8ba3607712b5d4bf26,,,,,,,,,,,,,,,,,,,,,,,,,,,,,,,,,,,,,,,,,,,,,,,,,,,,,,,,,,,,,,,,,,,,,,,,,,,,,,,,,,,,,,,,1027.698,1382.7497,space,354.9558,,,,,,,,,,,,,,,,,,,,,,,,,,,,,,,,,,,,,,,,,,,,,,,,,,,,,,,,
,,,,,6a180b3ecc14e309cf7cc620,2026-05-28_10h36.08.965,WP1_3,2025.2.3,Win32,163.9344262,69d16520e6f55fa76d9ed3a8,6a030b8ba3607712b5d4bf26,,,,,,,,,,,,,,,,,,,,,,,,,,,,,,,,,,,,,,,,,,,,,,,,,,,,,,,,,,,,,,,,,,,,,,,,,,,,,,,,,,,,,,,,,,,,,1382.7507,1516.3133,space,133.5398,,,,,,,,,,,,,,,,,,,,,,,,,,,,,,,,,,,,,,,,,,,,,,,,,,,
,,,,,6a180b3ecc14e309cf7cc620,2026-05-28_10h36.08.965,WP1_3,2025.2.3,Win32,163.9344262,69d16520e6f55fa76d9ed3a8,6a030b8ba3607712b5d4bf26,,,,,,,,,,,,,,,,,,,,,,,,,,,,,,,,,,,,,,,,,,,,,,,,,,,,,,,,,,,,72,,,,,,,,,,,,,,,,,,,,,,,,,,,,,,,,,,,,,,2.389143394,1516.3179,1518.7149,1518.7172,1520.82,[],[],,TRUE,1,FALSE,,TRUE,,0,0,0,0,1,,,,,,,,,,,,,,,,,,,,,,,,,,,,,,,
,,,,,6a180b3ecc14e309cf7cc620,2026-05-28_10h36.08.965,WP1_3,2025.2.3,Win32,163.9344262,69d16520e6f55fa76d9ed3a8,6a030b8ba3607712b5d4bf26,,,,,,,,,,,,,,,,,,,,,,,,,,,,,,,,,,,,,,,,,,,,,,,,,,,,,,,,,,,,60,,,,,,,,,,,,,,,,,,,,,,,,,,,,,,,,,,,,,,2.153751096,1520.8208,1522.9778,1522.9829,1523.9281,p,0.7464,,TRUE,2,FALSE,,FALSE,,1,0,1,0,1,,,,,,,,,,,,,,,,,,,,,,,,,,,,,,,
,,,,,6a180b3ecc14e309cf7cc620,2026-05-28_10h36.08.965,WP1_3,2025.2.3,Win32,163.9344262,69d16520e6f55fa76d9ed3a8,6a030b8ba3607712b5d4bf26,,,,,,,,,,,,,,,,,,,,,,,,,,,,,,,,,,,,,,,,,,,,,,,,,,,,,,,,,,,,23,,,,,,,,,,,,,,,,,,,,,,,,,,,,,,,,,,,,,,2.153707312,1523.9293,1526.0815,1526.0823,1528.1889,[],[],,TRUE,3,FALSE,,TRUE,,2,0,2,0,1,,,,,,,,,,,,,,,,,,,,,,,,,,,,,,,
,,,,,6a180b3ecc14e309cf7cc620,2026-05-28_10h36.08.965,WP1_3,2025.2.3,Win32,163.9344262,69d16520e6f55fa76d9ed3a8,6a030b8ba3607712b5d4bf26,,,,,,,,,,,,,,,,,,,,,,,,,,,,,,,,,,,,,,,,,,,,,,,,,,,,,,,,,,,,73,,,,,,,,,,,,,,,,,,,,,,,,,,,,,,,,,,,,,,2.426814719,1528.1897,1530.617,1530.6177,1531.5572,p,0.8842,,TRUE,4,FALSE,,FALSE,,3,0,3,0,1,,,,,,,,,,,,,,,,,,,,,,,,,,,,,,,
,,,,,6a180b3ecc14e309cf7cc620,2026-05-28_10h36.08.965,WP1_3,2025.2.3,Win32,163.9344262,69d16520e6f55fa76d9ed3a8,6a030b8ba3607712b5d4bf26,,,,,,,,,,,,,,,,,,,,,,,,,,,,,,,,,,,,,,,,,,,,,,,,,,,,,,,,,,,,28,,,,,,,,,,,,,,,,,,,,,,,,,,,,,,,,,,,,,,1.595147572,1531.5577,1533.152,1533.1539,1535.2598,[],[],,TRUE,5,TRUE,,TRUE,,4,0,4,0,1,,,,,,,,,,,,,,,,,,,,,,,,,,,,,,,
,,,,,6a180b3ecc14e309cf7cc620,2026-05-28_10h36.08.965,WP1_3,2025.2.3,Win32,163.9344262,69d16520e6f55fa76d9ed3a8,6a030b8ba3607712b5d4bf26,,,,,,,,,,,,,,,,,,,,,,,,,,,,,,,,,,,,,,,,,,,,,,,,,,,,,,,,,,,,,,,,,,,,,,,,,,,,,,,,,,,,,,,,,,,,,,,,,,,,,,,,,,,,,,,,,,,,,1535.2602,1543.64,space,8.3629,,,,,,,,,,,,,,,,,,,,,,,,,,,
,,,,,6a180b3ecc14e309cf7cc620,2026-05-28_10h36.08.965,WP1_3,2025.2.3,Win32,163.9344262,69d16520e6f55fa76d9ed3a8,6a030b8ba3607712b5d4bf26,,,,,,,,,,,,,,,,,,,,,,,,,,,,,,,,,,,,,,,,,,,,,,,,,,,,,,,,,,,,19,stim_fam/019_rgray_250.png,,,,,,,,,,,,,,,,,,,,,,,,,,,,,,,,,,,,,2.167568259,1543.6425,1545.8097,,,,,,,,FALSE,,FALSE,,,,,,,,,,,,1545.8162,1546.6311,p,0.7641,,1,57,1,1,250,novel,,,FALSE,1546.6314,1546.6324,1546.6324,1546.6344,,0,0,0,0,1,,
,,,,,6a180b3ecc14e309cf7cc620,2026-05-28_10h36.08.965,WP1_3,2025.2.3,Win32,163.9344262,69d16520e6f55fa76d9ed3a8,6a030b8ba3607712b5d4bf26,,,,,,,,,,,,,,,,,,,,,,,,,,,,,,,,,,,,,,,,,,,,,,,,,,,,,,,,,,,,1,Celebrities_Faces/001_03_greyscale_250.png,,,,,,,,,,,,,,,,,,,,,,,,,,,,,,,,,,,,,1.730084974,1546.6346,1548.3627,,,,,,,,TRUE,,FALSE,,,,,,,,,,,,1548.3644,1549.1151,q,0.6983,,2,26,1,1,3,familiar,,,FALSE,1549.1153,1549.1153,1549.1154,1549.1155,,1,0,1,0,1,,
,,,,,6a180b3ecc14e309cf7cc620,2026-05-28_10h36.08.965,WP1_3,2025.2.3,Win32,163.9344262,69d16520e6f55fa76d9ed3a8,6a030b8ba3607712b5d4bf26,,,,,,,,,,,,,,,,,,,,,,,,,,,,,,,,,,,,,,,,,,,,,,,,,,,,,,,,,,,,71,stim_fam/071_rgray_250.png,,,,,,,,,,,,,,,,,,,,,,,,,,,,,,,,,,,,,2.384495654,1549.1158,1551.5021,,,,,,,,FALSE,,FALSE,,,,,,,,,,,,1551.5031,1552.2996,p,0.7492,,3,39,1,1,250,novel,,,FALSE,1552.2998,1552.3,1552.3001,1552.3003,,2,0,2,0,1,,
,,,,,6a180b3ecc14e309cf7cc620,2026-05-28_10h36.08.965,WP1_3,2025.2.3,Win32,163.9344262,69d16520e6f55fa76d9ed3a8,6a030b8ba3607712b5d4bf26,,,,,,,,,,,,,,,,,,,,,,,,,,,,,,,,,,,,,,,,,,,,,,,,,,,,,,,,,,,,7,stim_fam/007_rgray_250.png,,,,,,,,,,,,,,,,,,,,,,,,,,,,,,,,,,,,,1.559918328,1552.3005,1553.8579,,,,,,,,FALSE,,FALSE,,,,,,,,,,,,1553.8582,1554.8299,p,0.9196,,4,56,1,1,250,novel,,,FALSE,1554.8301,1554.8302,1554.8302,1554.8302,,3,0,3,0,1,,
,,,,,6a180b3ecc14e309cf7cc620,2026-05-28_10h36.08.965,WP1_3,2025.2.3,Win32,163.9344262,69d16520e6f55fa76d9ed3a8,6a030b8ba3607712b5d4bf26,,,,,,,,,,,,,,,,,,,,,,,,,,,,,,,,,,,,,,,,,,,,,,,,,,,,,,,,,,,,79,stim_fam/079_rgray_250.png,,,,,,,,,,,,,,,,,,,,,,,,,,,,,,,,,,,,,2.006237933,1554.8305,1556.8369,,,,,,,,FALSE,,FALSE,,,,,,,,,,,,1556.8376,1557.6533,p,0.7682,,5,59,1,1,250,novel,,,FALSE,1557.6535,1557.6536,1557.6537,1557.6537,,4,0,4,0,1,,
,,,,,6a180b3ecc14e309cf7cc620,2026-05-28_10h36.08.965,WP1_3,2025.2.3,Win32,163.9344262,69d16520e6f55fa76d9ed3a8,6a030b8ba3607712b5d4bf26,,,,,,,,,,,,,,,,,,,,,,,,,,,,,,,,,,,,,,,,,,,,,,,,,,,,,,,,,,,,24,stim_fam/024_rgray_250.png,,,,,,,,,,,,,,,,,,,,,,,,,,,,,,,,,,,,,1.596932096,1557.654,1559.2523,,,,,,,,FALSE,,FALSE,,,,,,,,,,,,1559.2525,1560.006,p,0.6978,,6,51,1,1,250,novel,,,FALSE,1560.0062,1560.0062,1560.0062,1560.0063,,5,0,5,0,1,,
,,,,,6a180b3ecc14e309cf7cc620,2026-05-28_10h36.08.965,WP1_3,2025.2.3,Win32,163.9344262,69d16520e6f55fa76d9ed3a8,6a030b8ba3607712b5d4bf26,,,,,,,,,,,,,,,,,,,,,,,,,,,,,,,,,,,,,,,,,,,,,,,,,,,,,,,,,,,,46,Celebrities_Faces/046_03_greyscale_250.png,,,,,,,,,,,,,,,,,,,,,,,,,,,,,,,,,,,,,2.201318929,1560.0066,1562.2039,,,,,,,,TRUE,,FALSE,,,,,,,,,,,,1562.2047,1563.2347,p,0.9768,,7,9,1,1,3,familiar,,,FALSE,1563.235,1563.2351,1563.2351,1563.2351,,6,0,6,0,1,,
,,,,,6a180b3ecc14e309cf7cc620,2026-05-28_10h36.08.965,WP1_3,2025.2.3,Win32,163.9344262,69d16520e6f55fa76d9ed3a8,6a030b8ba3607712b5d4bf26,,,,,,,,,,,,,,,,,,,,,,,,,,,,,,,,,,,,,,,,,,,,,,,,,,,,,,,,,,,,26,Celebrities_Faces/026_01_greyscale_250.png,,,,,,,,,,,,,,,,,,,,,,,,,,,,,,,,,,,,,1.670229949,1563.2355,1564.903,,,,,,,,TRUE,,FALSE,,,,,,,,,,,,1564.9035,1565.8561,q,0.9052,,8,6,1,1,1,familiar,,,FALSE,1565.8564,1565.8566,1565.8566,1565.8566,,7,0,7,0,1,,
,,,,,6a180b3ecc14e309cf7cc620,2026-05-28_10h36.08.965,WP1_3,2025.2.3,Win32,163.9344262,69d16520e6f55fa76d9ed3a8,6a030b8ba3607712b5d4bf26,,,,,,,,,,,,,,,,,,,,,,,,,,,,,,,,,,,,,,,,,,,,,,,,,,,,,,,,,,,,8,Celebrities_Faces/008_02_greyscale_250.png,,,,,,,,,,,,,,,,,,,,,,,,,,,,,,,,,,,,,2.190017368,1565.8569,1568.0455,,,,,,,,TRUE,,FALSE,,,,,,,,,,,,1568.0459,1568.8896,q,0.7902,,9,20,1,1,2,familiar,,,FALSE,1568.8898,1568.8901,1568.8901,1568.8902,,8,0,8,0,1,,
,,,,,6a180b3ecc14e309cf7cc620,2026-05-28_10h36.08.965,WP1_3,2025.2.3,Win32,163.9344262,69d16520e6f55fa76d9ed3a8,6a030b8ba3607712b5d4bf26,,,,,,,,,,,,,,,,,,,,,,,,,,,,,,,,,,,,,,,,,,,,,,,,,,,,,,,,,,,,3,Celebrities_Faces/003_02_greyscale_250.png,,,,,,,,,,,,,,,,,,,,,,,,,,,,,,,,,,,,,1.718938788,1568.8906,1570.6092,,,,,,,,TRUE,,FALSE,,,,,,,,,,,,1570.6096,1571.3935,q,0.7366,,10,10,1,1,2,familiar,,,FALSE,1571.3937,1571.3938,1571.3938,1571.3939,,9,0,9,0,1,,
,,,,,6a180b3ecc14e309cf7cc620,2026-05-28_10h36.08.965,WP1_3,2025.2.3,Win32,163.9344262,69d16520e6f55fa76d9ed3a8,6a030b8ba3607712b5d4bf26,,,,,,,,,,,,,,,,,,,,,,,,,,,,,,,,,,,,,,,,,,,,,,,,,,,,,,,,,,,,15,Celebrities_Faces/015_01_greyscale_250.png,,,,,,,,,,,,,,,,,,,,,,,,,,,,,,,,,,,,,2.323176147,1571.3941,1573.7145,,,,,,,,TRUE,,FALSE,,,,,,,,,,,,1573.7152,1574.5866,p,0.817,,11,11,1,1,1,familiar,,,FALSE,1574.5868,1574.5868,1574.5869,1574.587,,10,0,10,0,1,,
,,,,,6a180b3ecc14e309cf7cc620,2026-05-28_10h36.08.965,WP1_3,2025.2.3,Win32,163.9344262,69d16520e6f55fa76d9ed3a8,6a030b8ba3607712b5d4bf26,,,,,,,,,,,,,,,,,,,,,,,,,,,,,,,,,,,,,,,,,,,,,,,,,,,,,,,,,,,,50,stim_fam/050_rgray_250.png,,,,,,,,,,,,,,,,,,,,,,,,,,,,,,,,,,,,,1.727401808,1574.5872,1576.3115,,,,,,,,FALSE,,FALSE,,,,,,,,,,,,1576.3119,1577.2419,p,0.8814,,12,42,1,1,250,novel,,,FALSE,1577.2423,1577.2423,1577.2424,1577.2425,,11,0,11,0,1,,
,,,,,6a180b3ecc14e309cf7cc620,2026-05-28_10h36.08.965,WP1_3,2025.2.3,Win32,163.9344262,69d16520e6f55fa76d9ed3a8,6a030b8ba3607712b5d4bf26,,,,,,,,,,,,,,,,,,,,,,,,,,,,,,,,,,,,,,,,,,,,,,,,,,,,,,,,,,,,19,Celebrities_Faces/019_02_greyscale_250.png,,,,,,,,,,,,,,,,,,,,,,,,,,,,,,,,,,,,,2.343496032,1577.2429,1579.5852,,,,,,,,TRUE,,FALSE,,,,,,,,,,,,1579.5859,1580.5853,p,0.9504,,13,21,1,1,2,familiar,,,FALSE,1580.5854,1580.5854,1580.5854,1580.5854,,12,0,12,0,1,,
,,,,,6a180b3ecc14e309cf7cc620,2026-05-28_10h36.08.965,WP1_3,2025.2.3,Win32,163.9344262,69d16520e6f55fa76d9ed3a8,6a030b8ba3607712b5d4bf26,,,,,,,,,,,,,,,,,,,,,,,,,,,,,,,,,,,,,,,,,,,,,,,,,,,,,,,,,,,,27,Celebrities_Faces/027_02_greyscale_250.png,,,,,,,,,,,,,,,,,,,,,,,,,,,,,,,,,,,,,1.772147212,1580.5859,1582.3558,,,,,,,,TRUE,,FALSE,,,,,,,,,,,,1582.3565,1583.3986,q,0.9946,,14,12,1,1,2,familiar,,,FALSE,1583.3988,1583.3988,1583.3989,1583.399,,13,0,13,0,1,,
,,,,,6a180b3ecc14e309cf7cc620,2026-05-28_10h36.08.965,WP1_3,2025.2.3,Win32,163.9344262,69d16520e6f55fa76d9ed3a8,6a030b8ba3607712b5d4bf26,,,,,,,,,,,,,,,,,,,,,,,,,,,,,,,,,,,,,,,,,,,,,,,,,,,,,,,,,,,,6,Celebrities_Faces/006_01_greyscale_250.png,,,,,,,,,,,,,,,,,,,,,,,,,,,,,,,,,,,,,1.9345932,1583.3991,1585.3315,,,,,,,,TRUE,,FALSE,,,,,,,,,,,,1585.3321,1586.1858,p,0.7992,,15,1,1,1,1,familiar,,,FALSE,1586.186,1586.1861,1586.1861,1586.1862,,14,0,14,0,1,,
,,,,,6a180b3ecc14e309cf7cc620,2026-05-28_10h36.08.965,WP1_3,2025.2.3,Win32,163.9344262,69d16520e6f55fa76d9ed3a8,6a030b8ba3607712b5d4bf26,,,,,,,,,,,,,,,,,,,,,,,,,,,,,,,,,,,,,,,,,,,,,,,,,,,,,,,,,,,,5,Celebrities_Faces/005_03_greyscale_250.png,,,,,,,,,,,,,,,,,,,,,,,,,,,,,,,,,,,,,1.889920917,1586.1865,1588.0758,,,,,,,,TRUE,,FALSE,,,,,,,,,,,,1588.0762,1588.8881,q,0.7612,,16,3,1,1,3,familiar,,,FALSE,1588.8884,1588.8886,1588.8886,1588.8886,,15,0,15,0,1,,
,,,,,6a180b3ecc14e309cf7cc620,2026-05-28_10h36.08.965,WP1_3,2025.2.3,Win32,163.9344262,69d16520e6f55fa76d9ed3a8,6a030b8ba3607712b5d4bf26,,,,,,,,,,,,,,,,,,,,,,,,,,,,,,,,,,,,,,,,,,,,,,,,,,,,,,,,,,,,40,Celebrities_Faces/040_01_greyscale_250.png,,,,,,,,,,,,,,,,,,,,,,,,,,,,,,,,,,,,,2.041086861,1588.8889,1590.9301,,,,,,,,TRUE,,TRUE,,,,,,,,,,,,1590.9304,1592.0346,,,,17,23,1,1,1,familiar,,,FALSE,1592.0351,1593.0345,1593.0345,1593.0346,,16,0,16,0,1,,
,,,,,6a180b3ecc14e309cf7cc620,2026-05-28_10h36.08.965,WP1_3,2025.2.3,Win32,163.9344262,69d16520e6f55fa76d9ed3a8,6a030b8ba3607712b5d4bf26,,,,,,,,,,,,,,,,,,,,,,,,,,,,,,,,,,,,,,,,,,,,,,,,,,,,,,,,,,,,52,Celebrities_Faces/052_03_greyscale_250.png,,,,,,,,,,,,,,,,,,,,,,,,,,,,,,,,,,,,,2.160005748,1593.0349,1595.1907,,,,,,,,TRUE,,FALSE,,,,,,,,,,,,1595.191,1596.0957,q,0.8538,,18,19,1,1,3,familiar,,,FALSE,1596.0959,1596.0959,1596.0959,1596.096,,17,0,17,0,1,,
,,,,,6a180b3ecc14e309cf7cc620,2026-05-28_10h36.08.965,WP1_3,2025.2.3,Win32,163.9344262,69d16520e6f55fa76d9ed3a8,6a030b8ba3607712b5d4bf26,,,,,,,,,,,,,,,,,,,,,,,,,,,,,,,,,,,,,,,,,,,,,,,,,,,,,,,,,,,,51,Celebrities_Faces/051_02_greyscale_250.png,,,,,,,,,,,,,,,,,,,,,,,,,,,,,,,,,,,,,2.12396032,1596.0963,1598.2217,,,,,,,,TRUE,,FALSE,,,,,,,,,,,,1598.2225,1599.1804,p,0.9072,,19,28,1,1,2,familiar,,,FALSE,1599.1805,1599.1806,1599.1806,1599.1807,,18,0,18,0,1,,
,,,,,6a180b3ecc14e309cf7cc620,2026-05-28_10h36.08.965,WP1_3,2025.2.3,Win32,163.9344262,69d16520e6f55fa76d9ed3a8,6a030b8ba3607712b5d4bf26,,,,,,,,,,,,,,,,,,,,,,,,,,,,,,,,,,,,,,,,,,,,,,,,,,,,,,,,,,,,38,Celebrities_Faces/038_01_greyscale_250.png,,,,,,,,,,,,,,,,,,,,,,,,,,,,,,,,,,,,,2.22175762,1599.1809,1601.4035,,,,,,,,TRUE,,FALSE,,,,,,,,,,,,1601.4043,1602.2943,p,0.8415,,20,17,1,1,1,familiar,,,FALSE,1602.2945,1602.2945,1602.2945,1602.2945,,19,0,19,0,1,,
,,,,,6a180b3ecc14e309cf7cc620,2026-05-28_10h36.08.965,WP1_3,2025.2.3,Win32,163.9344262,69d16520e6f55fa76d9ed3a8,6a030b8ba3607712b5d4bf26,,,,,,,,,,,,,,,,,,,,,,,,,,,,,,,,,,,,,,,,,,,,,,,,,,,,,,,,,,,,97,stim_fam/097_rgray_250.png,,,,,,,,,,,,,,,,,,,,,,,,,,,,,,,,,,,,,1.581012446,1602.2946,1603.8752,,,,,,,,FALSE,,FALSE,,,,,,,,,,,,1603.8756,1604.5919,p,0.6676,,21,47,1,1,250,novel,,,FALSE,1604.5921,1604.5921,1604.5921,1604.5921,,20,0,20,0,1,,
,,,,,6a180b3ecc14e309cf7cc620,2026-05-28_10h36.08.965,WP1_3,2025.2.3,Win32,163.9344262,69d16520e6f55fa76d9ed3a8,6a030b8ba3607712b5d4bf26,,,,,,,,,,,,,,,,,,,,,,,,,,,,,,,,,,,,,,,,,,,,,,,,,,,,,,,,,,,,57,Celebrities_Faces/057_02_greyscale_250.png,,,,,,,,,,,,,,,,,,,,,,,,,,,,,,,,,,,,,2.409002122,1604.5924,1607.0025,,,,,,,,TRUE,,FALSE,,,,,,,,,,,,1607.0029,1607.9065,p,0.853,,22,30,1,1,2,familiar,,,FALSE,1607.9067,1607.9068,1607.9069,1607.9069,,21,0,21,0,1,,
,,,,,6a180b3ecc14e309cf7cc620,2026-05-28_10h36.08.965,WP1_3,2025.2.3,Win32,163.9344262,69d16520e6f55fa76d9ed3a8,6a030b8ba3607712b5d4bf26,,,,,,,,,,,,,,,,,,,,,,,,,,,,,,,,,,,,,,,,,,,,,,,,,,,,,,,,,,,,32,Celebrities_Faces/032_01_greyscale_250.png,,,,,,,,,,,,,,,,,,,,,,,,,,,,,,,,,,,,,1.580091447,1607.9072,1609.4873,,,,,,,,TRUE,,FALSE,,,,,,,,,,,,1609.4876,1610.2467,q,0.7116,,23,22,1,1,1,familiar,,,FALSE,1610.247,1610.247,1610.2471,1610.2471,,22,0,22,0,1,,
,,,,,6a180b3ecc14e309cf7cc620,2026-05-28_10h36.08.965,WP1_3,2025.2.3,Win32,163.9344262,69d16520e6f55fa76d9ed3a8,6a030b8ba3607712b5d4bf26,,,,,,,,,,,,,,,,,,,,,,,,,,,,,,,,,,,,,,,,,,,,,,,,,,,,,,,,,,,,89,stim_fam/089_rgray_250.png,,,,,,,,,,,,,,,,,,,,,,,,,,,,,,,,,,,,,2.475833063,1610.2474,1612.7194,,,,,,,,FALSE,,FALSE,,,,,,,,,,,,1612.7199,1613.5603,p,0.7923,,24,49,1,1,250,novel,,,FALSE,1613.5604,1613.5604,1613.5605,1613.5605,,23,0,23,0,1,,
,,,,,6a180b3ecc14e309cf7cc620,2026-05-28_10h36.08.965,WP1_3,2025.2.3,Win32,163.9344262,69d16520e6f55fa76d9ed3a8,6a030b8ba3607712b5d4bf26,,,,,,,,,,,,,,,,,,,,,,,,,,,,,,,,,,,,,,,,,,,,,,,,,,,,,,,,,,,,17,Celebrities_Faces/017_01_greyscale_250.png,,,,,,,,,,,,,,,,,,,,,,,,,,,,,,,,,,,,,2.078555143,1613.5606,1615.6398,,,,,,,,TRUE,,FALSE,,,,,,,,,,,,1615.6405,1616.6565,q,0.9655,,25,4,1,1,1,familiar,,,FALSE,1616.6565,1616.6566,1616.6566,1616.6566,,24,0,24,0,1,,
,,,,,6a180b3ecc14e309cf7cc620,2026-05-28_10h36.08.965,WP1_3,2025.2.3,Win32,163.9344262,69d16520e6f55fa76d9ed3a8,6a030b8ba3607712b5d4bf26,,,,,,,,,,,,,,,,,,,,,,,,,,,,,,,,,,,,,,,,,,,,,,,,,,,,,,,,,,,,30,Celebrities_Faces/030_02_greyscale_250.png,,,,,,,,,,,,,,,,,,,,,,,,,,,,,,,,,,,,,1.873895378,1616.6568,1618.5296,,,,,,,,TRUE,,FALSE,,,,,,,,,,,,1618.5298,1619.3661,q,0.7809,,26,16,1,1,2,familiar,,,FALSE,1619.3662,1619.3662,1619.3662,1619.3662,,25,0,25,0,1,,
,,,,,6a180b3ecc14e309cf7cc620,2026-05-28_10h36.08.965,WP1_3,2025.2.3,Win32,163.9344262,69d16520e6f55fa76d9ed3a8,6a030b8ba3607712b5d4bf26,,,,,,,,,,,,,,,,,,,,,,,,,,,,,,,,,,,,,,,,,,,,,,,,,,,,,,,,,,,,48,stim_fam/048_rgray_250.png,,,,,,,,,,,,,,,,,,,,,,,,,,,,,,,,,,,,,1.90558161,1619.3664,1621.2685,,,,,,,,FALSE,,FALSE,,,,,,,,,,,,1621.2688,1622.1301,p,0.8137,,27,48,1,1,250,novel,,,FALSE,1622.1303,1622.1303,1622.1303,1622.1304,,26,0,26,0,1,,
,,,,,6a180b3ecc14e309cf7cc620,2026-05-28_10h36.08.965,WP1_3,2025.2.3,Win32,163.9344262,69d16520e6f55fa76d9ed3a8,6a030b8ba3607712b5d4bf26,,,,,,,,,,,,,,,,,,,,,,,,,,,,,,,,,,,,,,,,,,,,,,,,,,,,,,,,,,,,85,stim_fam/085_rgray_250.png,,,,,,,,,,,,,,,,,,,,,,,,,,,,,,,,,,,,,1.795307597,1622.1307,1623.9229,,,,,,,,FALSE,,FALSE,,,,,,,,,,,,1623.9233,1624.7852,p,0.8125,,28,31,1,1,250,novel,,,FALSE,1624.7855,1624.7855,1624.7855,1624.7856,,27,0,27,0,1,,
,,,,,6a180b3ecc14e309cf7cc620,2026-05-28_10h36.08.965,WP1_3,2025.2.3,Win32,163.9344262,69d16520e6f55fa76d9ed3a8,6a030b8ba3607712b5d4bf26,,,,,,,,,,,,,,,,,,,,,,,,,,,,,,,,,,,,,,,,,,,,,,,,,,,,,,,,,,,,100,stim_fam/100_rgray_250.png,,,,,,,,,,,,,,,,,,,,,,,,,,,,,,,,,,,,,2.305940519,1624.7858,1627.093,,,,,,,,FALSE,,FALSE,,,,,,,,,,,,1627.0934,1627.7818,p,0.6352,,29,44,1,1,250,novel,,,FALSE,1627.7819,1627.7819,1627.7819,1627.782,,28,0,28,0,1,,
,,,,,6a180b3ecc14e309cf7cc620,2026-05-28_10h36.08.965,WP1_3,2025.2.3,Win32,163.9344262,69d16520e6f55fa76d9ed3a8,6a030b8ba3607712b5d4bf26,,,,,,,,,,,,,,,,,,,,,,,,,,,,,,,,,,,,,,,,,,,,,,,,,,,,,,,,,,,,56,stim_fam/056_rgray_250.png,,,,,,,,,,,,,,,,,,,,,,,,,,,,,,,,,,,,,1.728206862,1627.7823,1629.5121,,,,,,,,FALSE,,FALSE,,,,,,,,,,,,1629.5129,1630.3242,p,0.7571,,30,37,1,1,250,novel,,,FALSE,1630.3244,1630.3244,1630.3244,1630.3245,,29,0,29,0,1,,
,,,,,6a180b3ecc14e309cf7cc620,2026-05-28_10h36.08.965,WP1_3,2025.2.3,Win32,163.9344262,69d16520e6f55fa76d9ed3a8,6a030b8ba3607712b5d4bf26,,,,,,,,,,,,,,,,,,,,,,,,,,,,,,,,,,,,,,,,,,,,,,,,,,,,,,,,,,,,23,Celebrities_Faces/023_02_greyscale_250.png,,,,,,,,,,,,,,,,,,,,,,,,,,,,,,,,,,,,,2.215570013,1630.3247,1632.5409,,,,,,,,TRUE,,FALSE,,,,,,,,,,,,1632.5412,1633.3846,p,0.7969,,31,8,1,1,2,familiar,,,FALSE,1633.3847,1633.3847,1633.3847,1633.3848,,30,0,30,0,1,,
,,,,,6a180b3ecc14e309cf7cc620,2026-05-28_10h36.08.965,WP1_3,2025.2.3,Win32,163.9344262,69d16520e6f55fa76d9ed3a8,6a030b8ba3607712b5d4bf26,,,,,,,,,,,,,,,,,,,,,,,,,,,,,,,,,,,,,,,,,,,,,,,,,,,,,,,,,,,,51,stim_fam/051_rgray_250.png,,,,,,,,,,,,,,,,,,,,,,,,,,,,,,,,,,,,,1.739452094,1633.3849,1635.1243,,,,,,,,FALSE,,FALSE,,,,,,,,,,,,1635.1252,1636.1611,p,0.9885,,32,38,1,1,250,novel,,,FALSE,1636.1614,1636.1615,1636.1615,1636.1616,,31,0,31,0,1,,
,,,,,6a180b3ecc14e309cf7cc620,2026-05-28_10h36.08.965,WP1_3,2025.2.3,Win32,163.9344262,69d16520e6f55fa76d9ed3a8,6a030b8ba3607712b5d4bf26,,,,,,,,,,,,,,,,,,,,,,,,,,,,,,,,,,,,,,,,,,,,,,,,,,,,,,,,,,,,60,Celebrities_Faces/060_03_greyscale_250.png,,,,,,,,,,,,,,,,,,,,,,,,,,,,,,,,,,,,,2.464627572,1636.1619,1638.6221,,,,,,,,TRUE,,FALSE,,,,,,,,,,,,1638.6234,1639.4695,p,0.7862,,33,2,1,1,3,familiar,,,FALSE,1639.4698,1639.4699,1639.4699,1639.47,,32,0,32,0,1,,
,,,,,6a180b3ecc14e309cf7cc620,2026-05-28_10h36.08.965,WP1_3,2025.2.3,Win32,163.9344262,69d16520e6f55fa76d9ed3a8,6a030b8ba3607712b5d4bf26,,,,,,,,,,,,,,,,,,,,,,,,,,,,,,,,,,,,,,,,,,,,,,,,,,,,,,,,,,,,4,Celebrities_Faces/004_02_greyscale_250.png,,,,,,,,,,,,,,,,,,,,,,,,,,,,,,,,,,,,,1.86247914,1639.4703,1641.3319,,,,,,,,TRUE,,FALSE,,,,,,,,,,,,1641.3331,1642.2097,p,0.8278,,34,13,1,1,2,familiar,,,FALSE,1642.21,1642.21,1642.21,1642.2101,,33,0,33,0,1,,
,,,,,6a180b3ecc14e309cf7cc620,2026-05-28_10h36.08.965,WP1_3,2025.2.3,Win32,163.9344262,69d16520e6f55fa76d9ed3a8,6a030b8ba3607712b5d4bf26,,,,,,,,,,,,,,,,,,,,,,,,,,,,,,,,,,,,,,,,,,,,,,,,,,,,,,,,,,,,77,stim_fam/077_rgray_250.png,,,,,,,,,,,,,,,,,,,,,,,,,,,,,,,,,,,,,1.772035524,1642.2104,1643.9837,,,,,,,,FALSE,,FALSE,,,,,,,,,,,,1643.9841,1644.9156,p,0.8854,,35,33,1,1,250,novel,,,FALSE,1644.9157,1644.9157,1644.9157,1644.9157,,34,0,34,0,1,,
,,,,,6a180b3ecc14e309cf7cc620,2026-05-28_10h36.08.965,WP1_3,2025.2.3,Win32,163.9344262,69d16520e6f55fa76d9ed3a8,6a030b8ba3607712b5d4bf26,,,,,,,,,,,,,,,,,,,,,,,,,,,,,,,,,,,,,,,,,,,,,,,,,,,,,,,,,,,,1,stim_fam/001_rgray_250.png,,,,,,,,,,,,,,,,,,,,,,,,,,,,,,,,,,,,,2.161948295,1644.9159,1647.0748,,,,,,,,FALSE,,FALSE,,,,,,,,,,,,1647.0758,1647.8453,p,0.7197,,36,36,1,1,250,novel,,,FALSE,1647.8455,1647.8456,1647.8456,1647.8457,,35,0,35,0,1,,
,,,,,6a180b3ecc14e309cf7cc620,2026-05-28_10h36.08.965,WP1_3,2025.2.3,Win32,163.9344262,69d16520e6f55fa76d9ed3a8,6a030b8ba3607712b5d4bf26,,,,,,,,,,,,,,,,,,,,,,,,,,,,,,,,,,,,,,,,,,,,,,,,,,,,,,,,,,,,92,stim_fam/092_rgray_250.png,,,,,,,,,,,,,,,,,,,,,,,,,,,,,,,,,,,,,2.27486091,1647.8459,1650.1168,,,,,,,,FALSE,,FALSE,,,,,,,,,,,,1650.1172,1650.8685,p,0.6962,,37,60,1,1,250,novel,,,FALSE,1650.8686,1650.8686,1650.8686,1650.8686,,36,0,36,0,1,,
,,,,,6a180b3ecc14e309cf7cc620,2026-05-28_10h36.08.965,WP1_3,2025.2.3,Win32,163.9344262,69d16520e6f55fa76d9ed3a8,6a030b8ba3607712b5d4bf26,,,,,,,,,,,,,,,,,,,,,,,,,,,,,,,,,,,,,,,,,,,,,,,,,,,,,,,,,,,,98,stim_fam/098_rgray_250.png,,,,,,,,,,,,,,,,,,,,,,,,,,,,,,,,,,,,,1.728398309,1650.8687,1652.5965,,,,,,,,FALSE,,FALSE,,,,,,,,,,,,1652.5971,1653.3788,p,0.7292,,38,55,1,1,250,novel,,,FALSE,1653.379,1653.379,1653.3791,1653.3791,,37,0,37,0,1,,
,,,,,6a180b3ecc14e309cf7cc620,2026-05-28_10h36.08.965,WP1_3,2025.2.3,Win32,163.9344262,69d16520e6f55fa76d9ed3a8,6a030b8ba3607712b5d4bf26,,,,,,,,,,,,,,,,,,,,,,,,,,,,,,,,,,,,,,,,,,,,,,,,,,,,,,,,,,,,75,stim_fam/075_rgray_250.png,,,,,,,,,,,,,,,,,,,,,,,,,,,,,,,,,,,,,2.027686947,1653.3796,1655.4073,,,,,,,,FALSE,,FALSE,,,,,,,,,,,,1655.4076,1656.2338,p,0.7791,,39,46,1,1,250,novel,,,FALSE,1656.234,1656.2341,1656.2341,1656.2341,,38,0,38,0,1,,
,,,,,6a180b3ecc14e309cf7cc620,2026-05-28_10h36.08.965,WP1_3,2025.2.3,Win32,163.9344262,69d16520e6f55fa76d9ed3a8,6a030b8ba3607712b5d4bf26,,,,,,,,,,,,,,,,,,,,,,,,,,,,,,,,,,,,,,,,,,,,,,,,,,,,,,,,,,,,96,stim_fam/096_rgray_250.png,,,,,,,,,,,,,,,,,,,,,,,,,,,,,,,,,,,,,2.322162454,1656.2344,1658.553,,,,,,,,FALSE,,FALSE,,,,,,,,,,,,1658.5533,1659.3101,p,0.7021,,40,58,1,1,250,novel,,,FALSE,1659.3102,1659.3102,1659.3102,1659.3102,,39,0,39,0,1,,
,,,,,6a180b3ecc14e309cf7cc620,2026-05-28_10h36.08.965,WP1_3,2025.2.3,Win32,163.9344262,69d16520e6f55fa76d9ed3a8,6a030b8ba3607712b5d4bf26,,,,,,,,,,,,,,,,,,,,,,,,,,,,,,,,,,,,,,,,,,,,,,,,,,,,,,,,,,,,52,stim_fam/052_rgray_250.png,,,,,,,,,,,,,,,,,,,,,,,,,,,,,,,,,,,,,1.803032041,1659.3103,1661.1106,,,,,,,,FALSE,,FALSE,,,,,,,,,,,,1661.1108,1661.9349,p,0.773,,41,40,1,1,250,novel,,,FALSE,1661.9349,1661.9349,1661.9349,1661.9349,,40,0,40,0,1,,
,,,,,6a180b3ecc14e309cf7cc620,2026-05-28_10h36.08.965,WP1_3,2025.2.3,Win32,163.9344262,69d16520e6f55fa76d9ed3a8,6a030b8ba3607712b5d4bf26,,,,,,,,,,,,,,,,,,,,,,,,,,,,,,,,,,,,,,,,,,,,,,,,,,,,,,,,,,,,29,Celebrities_Faces/029_01_greyscale_250.png,,,,,,,,,,,,,,,,,,,,,,,,,,,,,,,,,,,,,2.066154701,1661.9351,1663.997,,,,,,,,TRUE,,FALSE,,,,,,,,,,,,1664.0037,1664.8207,p,0.7737,,42,18,1,1,1,familiar,,,FALSE,1664.8209,1664.821,1664.821,1664.821,,41,0,41,0,1,,
,,,,,6a180b3ecc14e309cf7cc620,2026-05-28_10h36.08.965,WP1_3,2025.2.3,Win32,163.9344262,69d16520e6f55fa76d9ed3a8,6a030b8ba3607712b5d4bf26,,,,,,,,,,,,,,,,,,,,,,,,,,,,,,,,,,,,,,,,,,,,,,,,,,,,,,,,,,,,80,stim_fam/080_rgray_250.png,,,,,,,,,,,,,,,,,,,,,,,,,,,,,,,,,,,,,2.48591866,1664.8213,1667.3047,,,,,,,,FALSE,,FALSE,,,,,,,,,,,,1667.3056,1668.1851,p,0.8308,,43,45,1,1,250,novel,,,FALSE,1668.1852,1668.1853,1668.1853,1668.1853,,42,0,42,0,1,,
,,,,,6a180b3ecc14e309cf7cc620,2026-05-28_10h36.08.965,WP1_3,2025.2.3,Win32,163.9344262,69d16520e6f55fa76d9ed3a8,6a030b8ba3607712b5d4bf26,,,,,,,,,,,,,,,,,,,,,,,,,,,,,,,,,,,,,,,,,,,,,,,,,,,,,,,,,,,,83,stim_fam/083_rgray_250.png,,,,,,,,,,,,,,,,,,,,,,,,,,,,,,,,,,,,,1.674393446,1668.1856,1669.8562,,,,,,,,FALSE,,FALSE,,,,,,,,,,,,1669.8571,1670.7565,p,0.852,,44,34,1,1,250,novel,,,FALSE,1670.7568,1670.7568,1670.7568,1670.7569,,43,0,43,0,1,,
,,,,,6a180b3ecc14e309cf7cc620,2026-05-28_10h36.08.965,WP1_3,2025.2.3,Win32,163.9344262,69d16520e6f55fa76d9ed3a8,6a030b8ba3607712b5d4bf26,,,,,,,,,,,,,,,,,,,,,,,,,,,,,,,,,,,,,,,,,,,,,,,,,,,,,,,,,,,,28,stim_fam/028_rgray_250.png,,,,,,,,,,,,,,,,,,,,,,,,,,,,,,,,,,,,,2.36437898,1670.7572,1673.1192,,,,,,,,FALSE,,FALSE,,,,,,,,,,,,1673.1198,1673.9243,p,0.7519,,45,43,1,1,250,novel,,,FALSE,1673.9246,1673.9246,1673.9246,1673.9247,,44,0,44,0,1,,
,,,,,6a180b3ecc14e309cf7cc620,2026-05-28_10h36.08.965,WP1_3,2025.2.3,Win32,163.9344262,69d16520e6f55fa76d9ed3a8,6a030b8ba3607712b5d4bf26,,,,,,,,,,,,,,,,,,,,,,,,,,,,,,,,,,,,,,,,,,,,,,,,,,,,,,,,,,,,12,Celebrities_Faces/012_03_greyscale_250.png,,,,,,,,,,,,,,,,,,,,,,,,,,,,,,,,,,,,,2.12420023,1673.925,1676.0475,,,,,,,,TRUE,,FALSE,,,,,,,,,,,,1676.0482,1676.9851,p,0.8816,,46,24,1,1,3,familiar,,,FALSE,1676.9853,1676.9853,1676.9854,1676.9854,,45,0,45,0,1,,
,,,,,6a180b3ecc14e309cf7cc620,2026-05-28_10h36.08.965,WP1_3,2025.2.3,Win32,163.9344262,69d16520e6f55fa76d9ed3a8,6a030b8ba3607712b5d4bf26,,,,,,,,,,,,,,,,,,,,,,,,,,,,,,,,,,,,,,,,,,,,,,,,,,,,,,,,,,,,59,stim_fam/059_rgray_250.png,,,,,,,,,,,,,,,,,,,,,,,,,,,,,,,,,,,,,1.923264061,1676.9858,1678.9102,,,,,,,,FALSE,,FALSE,,,,,,,,,,,,1678.9105,1679.7766,p,0.8133,,47,52,1,1,250,novel,,,FALSE,1679.7767,1679.7767,1679.7767,1679.7767,,46,0,46,0,1,,
,,,,,6a180b3ecc14e309cf7cc620,2026-05-28_10h36.08.965,WP1_3,2025.2.3,Win32,163.9344262,69d16520e6f55fa76d9ed3a8,6a030b8ba3607712b5d4bf26,,,,,,,,,,,,,,,,,,,,,,,,,,,,,,,,,,,,,,,,,,,,,,,,,,,,,,,,,,,,39,Celebrities_Faces/039_03_greyscale_250.png,,,,,,,,,,,,,,,,,,,,,,,,,,,,,,,,,,,,,2.446230748,1679.7769,1682.2248,,,,,,,,TRUE,,FALSE,,,,,,,,,,,,1682.2252,1683.0563,p,0.7826,,48,15,1,1,3,familiar,,,FALSE,1683.0566,1683.0566,1683.0567,1683.0567,,47,0,47,0,1,,
,,,,,6a180b3ecc14e309cf7cc620,2026-05-28_10h36.08.965,WP1_3,2025.2.3,Win32,163.9344262,69d16520e6f55fa76d9ed3a8,6a030b8ba3607712b5d4bf26,,,,,,,,,,,,,,,,,,,,,,,,,,,,,,,,,,,,,,,,,,,,,,,,,,,,,,,,,,,,18,stim_fam/018_rgray_250.png,,,,,,,,,,,,,,,,,,,,,,,,,,,,,,,,,,,,,2.145421846,1683.0569,1685.2003,,,,,,,,FALSE,,FALSE,,,,,,,,,,,,1685.2008,1686.1547,p,0.9053,,49,53,1,1,250,novel,,,FALSE,1686.1549,1686.155,1686.155,1686.1551,,48,0,48,0,1,,
,,,,,6a180b3ecc14e309cf7cc620,2026-05-28_10h36.08.965,WP1_3,2025.2.3,Win32,163.9344262,69d16520e6f55fa76d9ed3a8,6a030b8ba3607712b5d4bf26,,,,,,,,,,,,,,,,,,,,,,,,,,,,,,,,,,,,,,,,,,,,,,,,,,,,,,,,,,,,24,Celebrities_Faces/024_02_greyscale_250.png,,,,,,,,,,,,,,,,,,,,,,,,,,,,,,,,,,,,,1.987930051,1686.1554,1688.1402,,,,,,,,TRUE,,FALSE,,,,,,,,,,,,1688.1405,1689.134,p,0.9393,,50,27,1,1,2,familiar,,,FALSE,1689.1341,1689.1341,1689.1341,1689.1342,,49,0,49,0,1,,
,,,,,6a180b3ecc14e309cf7cc620,2026-05-28_10h36.08.965,WP1_3,2025.2.3,Win32,163.9344262,69d16520e6f55fa76d9ed3a8,6a030b8ba3607712b5d4bf26,,,,,,,,,,,,,,,,,,,,,,,,,,,,,,,,,,,,,,,,,,,,,,,,,,,,,,,,,,,,53,Celebrities_Faces/053_02_greyscale_250.png,,,,,,,,,,,,,,,,,,,,,,,,,,,,,,,,,,,,,2.068669229,1689.1343,1691.2018,,,,,,,,TRUE,,FALSE,,,,,,,,,,,,1691.2024,1692.1246,p,0.8679,,51,25,1,1,2,familiar,,,FALSE,1692.1248,1692.1249,1692.1249,1692.125,,50,0,50,0,1,,
,,,,,6a180b3ecc14e309cf7cc620,2026-05-28_10h36.08.965,WP1_3,2025.2.3,Win32,163.9344262,69d16520e6f55fa76d9ed3a8,6a030b8ba3607712b5d4bf26,,,,,,,,,,,,,,,,,,,,,,,,,,,,,,,,,,,,,,,,,,,,,,,,,,,,,,,,,,,,21,stim_fam/021_rgray_250.png,,,,,,,,,,,,,,,,,,,,,,,,,,,,,,,,,,,,,2.438755019,1692.1252,1694.5651,,,,,,,,FALSE,,FALSE,,,,,,,,,,,,1694.5659,1695.407,p,0.7937,,52,32,1,1,250,novel,,,FALSE,1695.407,1695.4073,1695.4074,1695.4074,,51,0,51,0,1,,
,,,,,6a180b3ecc14e309cf7cc620,2026-05-28_10h36.08.965,WP1_3,2025.2.3,Win32,163.9344262,69d16520e6f55fa76d9ed3a8,6a030b8ba3607712b5d4bf26,,,,,,,,,,,,,,,,,,,,,,,,,,,,,,,,,,,,,,,,,,,,,,,,,,,,,,,,,,,,43,stim_fam/043_rgray_250.png,,,,,,,,,,,,,,,,,,,,,,,,,,,,,,,,,,,,,1.647953767,1695.4077,1697.0563,,,,,,,,FALSE,,FALSE,,,,,,,,,,,,1697.0579,1697.8735,p,0.7679,,53,35,1,1,250,novel,,,FALSE,1697.8737,1697.8737,1697.8737,1697.8738,,52,0,52,0,1,,
,,,,,6a180b3ecc14e309cf7cc620,2026-05-28_10h36.08.965,WP1_3,2025.2.3,Win32,163.9344262,69d16520e6f55fa76d9ed3a8,6a030b8ba3607712b5d4bf26,,,,,,,,,,,,,,,,,,,,,,,,,,,,,,,,,,,,,,,,,,,,,,,,,,,,,,,,,,,,78,stim_fam/078_rgray_250.png,,,,,,,,,,,,,,,,,,,,,,,,,,,,,,,,,,,,,2.199912964,1697.8739,1700.0705,,,,,,,,FALSE,,FALSE,,,,,,,,,,,,1700.0708,1701.0624,p,0.9444,,54,50,1,1,250,novel,,,FALSE,1701.0626,1701.0626,1701.0626,1701.0626,,53,0,53,0,1,,
,,,,,6a180b3ecc14e309cf7cc620,2026-05-28_10h36.08.965,WP1_3,2025.2.3,Win32,163.9344262,69d16520e6f55fa76d9ed3a8,6a030b8ba3607712b5d4bf26,,,,,,,,,,,,,,,,,,,,,,,,,,,,,,,,,,,,,,,,,,,,,,,,,,,,,,,,,,,,42,Celebrities_Faces/042_01_greyscale_250.png,,,,,,,,,,,,,,,,,,,,,,,,,,,,,,,,,,,,,1.981128565,1701.0629,1703.0422,,,,,,,,TRUE,,FALSE,,,,,,,,,,,,1703.0425,1703.7438,p,0.6495,,55,14,1,1,1,familiar,,,FALSE,1703.7442,1703.7443,1703.7443,1703.7444,,54,0,54,0,1,,
,,,,,6a180b3ecc14e309cf7cc620,2026-05-28_10h36.08.965,WP1_3,2025.2.3,Win32,163.9344262,69d16520e6f55fa76d9ed3a8,6a030b8ba3607712b5d4bf26,,,,,,,,,,,,,,,,,,,,,,,,,,,,,,,,,,,,,,,,,,,,,,,,,,,,,,,,,,,,45,Celebrities_Faces/045_02_greyscale_250.png,,,,,,,,,,,,,,,,,,,,,,,,,,,,,,,,,,,,,1.668561415,1703.7447,1705.4109,,,,,,,,TRUE,,TRUE,,,,,,,,,,,,1705.4112,1706.5162,p,1.0541,,56,29,1,1,2,familiar,,,FALSE,1706.517,1707.5163,1707.5163,1707.5165,,55,0,55,0,1,,
,,,,,6a180b3ecc14e309cf7cc620,2026-05-28_10h36.08.965,WP1_3,2025.2.3,Win32,163.9344262,69d16520e6f55fa76d9ed3a8,6a030b8ba3607712b5d4bf26,,,,,,,,,,,,,,,,,,,,,,,,,,,,,,,,,,,,,,,,,,,,,,,,,,,,,,,,,,,,63,stim_fam/063_rgray_250.png,,,,,,,,,,,,,,,,,,,,,,,,,,,,,,,,,,,,,2.371762193,1707.5169,1709.8855,,,,,,,,FALSE,,FALSE,,,,,,,,,,,,1709.8867,1710.7124,p,0.7726,,57,41,1,1,250,novel,,,FALSE,1710.7127,1710.7127,1710.7127,1710.7127,,56,0,56,0,1,,
,,,,,6a180b3ecc14e309cf7cc620,2026-05-28_10h36.08.965,WP1_3,2025.2.3,Win32,163.9344262,69d16520e6f55fa76d9ed3a8,6a030b8ba3607712b5d4bf26,,,,,,,,,,,,,,,,,,,,,,,,,,,,,,,,,,,,,,,,,,,,,,,,,,,,,,,,,,,,48,Celebrities_Faces/048_02_greyscale_250.png,,,,,,,,,,,,,,,,,,,,,,,,,,,,,,,,,,,,,2.125836948,1710.713,1712.8403,,,,,,,,TRUE,,FALSE,,,,,,,,,,,,1712.841,1713.657,p,0.7653,,58,7,1,1,2,familiar,,,FALSE,1713.6572,1713.6573,1713.6573,1713.6574,,57,0,57,0,1,,
,,,,,6a180b3ecc14e309cf7cc620,2026-05-28_10h36.08.965,WP1_3,2025.2.3,Win32,163.9344262,69d16520e6f55fa76d9ed3a8,6a030b8ba3607712b5d4bf26,,,,,,,,,,,,,,,,,,,,,,,,,,,,,,,,,,,,,,,,,,,,,,,,,,,,,,,,,,,,82,stim_fam/082_rgray_250.png,,,,,,,,,,,,,,,,,,,,,,,,,,,,,,,,,,,,,1.942911692,1713.6577,1715.5995,,,,,,,,FALSE,,FALSE,,,,,,,,,,,,1715.5998,1716.2644,p,0.6182,,59,54,1,1,250,novel,,,FALSE,1716.2645,1716.2646,1716.2646,1716.2646,,58,0,58,0,1,,
,,,,,6a180b3ecc14e309cf7cc620,2026-05-28_10h36.08.965,WP1_3,2025.2.3,Win32,163.9344262,69d16520e6f55fa76d9ed3a8,6a030b8ba3607712b5d4bf26,,,,,,,,,,,,,,,,,,,,,,,,,,,,,,,,,,,,,,,,,,,,,,,,,,,,,,,,,,,,14,Celebrities_Faces/014_02_greyscale_250.png,,,,,,,,,,,,,,,,,,,,,,,,,,,,,,,,,,,,,1.510868394,1716.2648,1717.7713,,,,,,,,TRUE,,FALSE,,,,,,,,,,,,1717.7721,1718.7889,q,0.9656,,60,5,1,1,2,familiar,,,FALSE,1718.7891,1718.7891,1718.7891,1768.2431,space,59,0,59,0,1,49.4419,
,,,,,6a180b3ecc14e309cf7cc620,2026-05-28_10h36.08.965,WP1_3,2025.2.3,Win32,163.9344262,69d16520e6f55fa76d9ed3a8,6a030b8ba3607712b5d4bf26,,,,,,,,,,,,,,,,,,,,,,,,,,,,,,,,,,,,,,,,,,,,,,,,,,,,,,,,,,,,45,stim_fam/045_rgray_250.png,,,,,,,,,,,,,,,,,,,,,,,,,,,,,,,,,,,,,1.851819662,1768.2437,1770.0954,,,,,,,,FALSE,,FALSE,,,,,,,,,,,,1770.0957,1770.9946,p,0.8439,,61,108,2,1,250,novel,,,FALSE,1770.9947,1770.9948,1770.9948,1770.9949,,60,0,60,0,1,,
,,,,,6a180b3ecc14e309cf7cc620,2026-05-28_10h36.08.965,WP1_3,2025.2.3,Win32,163.9344262,69d16520e6f55fa76d9ed3a8,6a030b8ba3607712b5d4bf26,,,,,,,,,,,,,,,,,,,,,,,,,,,,,,,,,,,,,,,,,,,,,,,,,,,,,,,,,,,,14,Celebrities_Faces/014_01_greyscale_250.png,,,,,,,,,,,,,,,,,,,,,,,,,,,,,,,,,,,,,2.133265535,1770.9951,1773.1271,,,,,,,,TRUE,,FALSE,,,,,,,,,,,,1773.1278,1773.96,p,0.779,,62,65,2,1,1,familiar,,,FALSE,1773.9603,1773.9603,1773.9603,1773.9604,,61,0,61,0,1,,
,,,,,6a180b3ecc14e309cf7cc620,2026-05-28_10h36.08.965,WP1_3,2025.2.3,Win32,163.9344262,69d16520e6f55fa76d9ed3a8,6a030b8ba3607712b5d4bf26,,,,,,,,,,,,,,,,,,,,,,,,,,,,,,,,,,,,,,,,,,,,,,,,,,,,,,,,,,,,34,stim_fam/034_rgray_250.png,,,,,,,,,,,,,,,,,,,,,,,,,,,,,,,,,,,,,1.658752963,1773.9606,1775.6166,,,,,,,,FALSE,,FALSE,,,,,,,,,,,,1775.6168,1776.4306,p,0.7627,,63,95,2,1,250,novel,,,FALSE,1776.4309,1776.431,1776.431,1776.431,,62,0,62,0,1,,
,,,,,6a180b3ecc14e309cf7cc620,2026-05-28_10h36.08.965,WP1_3,2025.2.3,Win32,163.9344262,69d16520e6f55fa76d9ed3a8,6a030b8ba3607712b5d4bf26,,,,,,,,,,,,,,,,,,,,,,,,,,,,,,,,,,,,,,,,,,,,,,,,,,,,,,,,,,,,10,stim_fam/010_rgray_250.png,,,,,,,,,,,,,,,,,,,,,,,,,,,,,,,,,,,,,2.08084727,1776.4312,1778.5089,,,,,,,,FALSE,,FALSE,,,,,,,,,,,,1778.5101,1779.3542,p,0.7969,,64,115,2,1,250,novel,,,FALSE,1779.3545,1779.3546,1779.3546,1779.3546,,63,0,63,0,1,,
,,,,,6a180b3ecc14e309cf7cc620,2026-05-28_10h36.08.965,WP1_3,2025.2.3,Win32,163.9344262,69d16520e6f55fa76d9ed3a8,6a030b8ba3607712b5d4bf26,,,,,,,,,,,,,,,,,,,,,,,,,,,,,,,,,,,,,,,,,,,,,,,,,,,,,,,,,,,,12,stim_fam/012_rgray_250.png,,,,,,,,,,,,,,,,,,,,,,,,,,,,,,,,,,,,,1.849600948,1779.3549,1781.204,,,,,,,,FALSE,,FALSE,,,,,,,,,,,,1781.2042,1781.9754,p,0.7251,,65,106,2,1,250,novel,,,FALSE,1781.9755,1781.9755,1781.9755,1781.9755,,64,0,64,0,1,,
,,,,,6a180b3ecc14e309cf7cc620,2026-05-28_10h36.08.965,WP1_3,2025.2.3,Win32,163.9344262,69d16520e6f55fa76d9ed3a8,6a030b8ba3607712b5d4bf26,,,,,,,,,,,,,,,,,,,,,,,,,,,,,,,,,,,,,,,,,,,,,,,,,,,,,,,,,,,,53,stim_fam/053_rgray_250.png,,,,,,,,,,,,,,,,,,,,,,,,,,,,,,,,,,,,,2.259750604,1781.9757,1784.2362,,,,,,,,FALSE,,FALSE,,,,,,,,,,,,1784.2373,1785.0604,p,0.7752,,66,92,2,1,250,novel,,,FALSE,1785.0607,1785.0608,1785.0608,1785.0609,,65,0,65,0,1,,
,,,,,6a180b3ecc14e309cf7cc620,2026-05-28_10h36.08.965,WP1_3,2025.2.3,Win32,163.9344262,69d16520e6f55fa76d9ed3a8,6a030b8ba3607712b5d4bf26,,,,,,,,,,,,,,,,,,,,,,,,,,,,,,,,,,,,,,,,,,,,,,,,,,,,,,,,,,,,1,Celebrities_Faces/001_02_greyscale_250.png,,,,,,,,,,,,,,,,,,,,,,,,,,,,,,,,,,,,,1.902360915,1785.0612,1786.964,,,,,,,,TRUE,,FALSE,,,,,,,,,,,,1786.9647,1787.5926,q,0.5795,,67,86,2,1,2,familiar,,,FALSE,1787.5927,1787.5927,1787.5927,1787.5927,,66,0,66,0,1,,
,,,,,6a180b3ecc14e309cf7cc620,2026-05-28_10h36.08.965,WP1_3,2025.2.3,Win32,163.9344262,69d16520e6f55fa76d9ed3a8,6a030b8ba3607712b5d4bf26,,,,,,,,,,,,,,,,,,,,,,,,,,,,,,,,,,,,,,,,,,,,,,,,,,,,,,,,,,,,40,stim_fam/040_rgray_250.png,,,,,,,,,,,,,,,,,,,,,,,,,,,,,,,,,,,,,2.492452958,1787.5932,1790.0828,,,,,,,,FALSE,,FALSE,,,,,,,,,,,,1790.0832,1790.7382,p,0.6088,,68,102,2,1,250,novel,,,FALSE,1790.7383,1790.7383,1790.7383,1790.7384,,67,0,67,0,1,,
,,,,,6a180b3ecc14e309cf7cc620,2026-05-28_10h36.08.965,WP1_3,2025.2.3,Win32,163.9344262,69d16520e6f55fa76d9ed3a8,6a030b8ba3607712b5d4bf26,,,,,,,,,,,,,,,,,,,,,,,,,,,,,,,,,,,,,,,,,,,,,,,,,,,,,,,,,,,,4,stim_fam/004_rgray_250.png,,,,,,,,,,,,,,,,,,,,,,,,,,,,,,,,,,,,,1.869458821,1790.7386,1792.6043,,,,,,,,FALSE,,FALSE,,,,,,,,,,,,1792.6044,1793.4861,p,0.8274,,69,117,2,1,250,novel,,,FALSE,1793.4863,1793.4863,1793.4864,1793.4864,,68,0,68,0,1,,
,,,,,6a180b3ecc14e309cf7cc620,2026-05-28_10h36.08.965,WP1_3,2025.2.3,Win32,163.9344262,69d16520e6f55fa76d9ed3a8,6a030b8ba3607712b5d4bf26,,,,,,,,,,,,,,,,,,,,,,,,,,,,,,,,,,,,,,,,,,,,,,,,,,,,,,,,,,,,3,Celebrities_Faces/003_03_greyscale_250.png,,,,,,,,,,,,,,,,,,,,,,,,,,,,,,,,,,,,,2.259670778,1793.4867,1795.7441,,,,,,,,TRUE,,FALSE,,,,,,,,,,,,1795.7443,1796.6721,q,0.8742,,70,70,2,1,3,familiar,,,FALSE,1796.6725,1796.6725,1796.6725,1796.6726,,69,0,69,0,1,,
,,,,,6a180b3ecc14e309cf7cc620,2026-05-28_10h36.08.965,WP1_3,2025.2.3,Win32,163.9344262,69d16520e6f55fa76d9ed3a8,6a030b8ba3607712b5d4bf26,,,,,,,,,,,,,,,,,,,,,,,,,,,,,,,,,,,,,,,,,,,,,,,,,,,,,,,,,,,,39,Celebrities_Faces/039_02_greyscale_250.png,,,,,,,,,,,,,,,,,,,,,,,,,,,,,,,,,,,,,1.816924699,1796.6729,1798.4901,,,,,,,,TRUE,,FALSE,,,,,,,,,,,,1798.4908,1799.2405,p,0.7031,,71,75,2,1,2,familiar,,,FALSE,1799.2406,1799.2407,1799.2407,1799.2408,,70,0,70,0,1,,
,,,,,6a180b3ecc14e309cf7cc620,2026-05-28_10h36.08.965,WP1_3,2025.2.3,Win32,163.9344262,69d16520e6f55fa76d9ed3a8,6a030b8ba3607712b5d4bf26,,,,,,,,,,,,,,,,,,,,,,,,,,,,,,,,,,,,,,,,,,,,,,,,,,,,,,,,,,,,58,stim_fam/058_rgray_250.png,,,,,,,,,,,,,,,,,,,,,,,,,,,,,,,,,,,,,1.733786545,1799.2409,1800.974,,,,,,,,FALSE,,FALSE,,,,,,,,,,,,1800.9744,1801.6781,p,0.6473,,72,113,2,1,250,novel,,,FALSE,1801.6782,1801.6784,1801.6784,1801.6784,,71,0,71,0,1,,
,,,,,6a180b3ecc14e309cf7cc620,2026-05-28_10h36.08.965,WP1_3,2025.2.3,Win32,163.9344262,69d16520e6f55fa76d9ed3a8,6a030b8ba3607712b5d4bf26,,,,,,,,,,,,,,,,,,,,,,,,,,,,,,,,,,,,,,,,,,,,,,,,,,,,,,,,,,,,53,Celebrities_Faces/053_03_greyscale_250.png,,,,,,,,,,,,,,,,,,,,,,,,,,,,,,,,,,,,,2.198324464,1801.6786,1803.8771,,,,,,,,TRUE,,FALSE,,,,,,,,,,,,1803.878,1804.567,p,0.6413,,73,85,2,1,3,familiar,,,FALSE,1804.5671,1804.5671,1804.5672,1804.5672,,72,0,72,0,1,,
,,,,,6a180b3ecc14e309cf7cc620,2026-05-28_10h36.08.965,WP1_3,2025.2.3,Win32,163.9344262,69d16520e6f55fa76d9ed3a8,6a030b8ba3607712b5d4bf26,,,,,,,,,,,,,,,,,,,,,,,,,,,,,,,,,,,,,,,,,,,,,,,,,,,,,,,,,,,,51,Celebrities_Faces/051_03_greyscale_250.png,,,,,,,,,,,,,,,,,,,,,,,,,,,,,,,,,,,,,1.888001448,1804.5673,1806.4529,,,,,,,,TRUE,,FALSE,,,,,,,,,,,,1806.4537,1807.3027,q,0.7975,,74,88,2,1,3,familiar,,,FALSE,1807.3029,1807.303,1807.303,1807.303,,73,0,73,0,1,,
,,,,,6a180b3ecc14e309cf7cc620,2026-05-28_10h36.08.965,WP1_3,2025.2.3,Win32,163.9344262,69d16520e6f55fa76d9ed3a8,6a030b8ba3607712b5d4bf26,,,,,,,,,,,,,,,,,,,,,,,,,,,,,,,,,,,,,,,,,,,,,,,,,,,,,,,,,,,,9,stim_fam/009_rgray_250.png,,,,,,,,,,,,,,,,,,,,,,,,,,,,,,,,,,,,,1.89733448,1807.3035,1809.1975,,,,,,,,FALSE,,FALSE,,,,,,,,,,,,1809.1981,1809.9995,p,0.7512,,75,110,2,1,250,novel,,,FALSE,1809.9998,1809.9998,1809.9998,1810,,74,0,74,0,1,,
,,,,,6a180b3ecc14e309cf7cc620,2026-05-28_10h36.08.965,WP1_3,2025.2.3,Win32,163.9344262,69d16520e6f55fa76d9ed3a8,6a030b8ba3607712b5d4bf26,,,,,,,,,,,,,,,,,,,,,,,,,,,,,,,,,,,,,,,,,,,,,,,,,,,,,,,,,,,,95,stim_fam/095_rgray_250.png,,,,,,,,,,,,,,,,,,,,,,,,,,,,,,,,,,,,,2.202698611,1810.0004,1812.2018,,,,,,,,FALSE,,FALSE,,,,,,,,,,,,1812.2022,1812.9795,p,0.7251,,76,100,2,1,250,novel,,,FALSE,1812.9795,1812.9796,1812.9796,1812.9796,,75,0,75,0,1,,
,,,,,6a180b3ecc14e309cf7cc620,2026-05-28_10h36.08.965,WP1_3,2025.2.3,Win32,163.9344262,69d16520e6f55fa76d9ed3a8,6a030b8ba3607712b5d4bf26,,,,,,,,,,,,,,,,,,,,,,,,,,,,,,,,,,,,,,,,,,,,,,,,,,,,,,,,,,,,15,Celebrities_Faces/015_03_greyscale_250.png,,,,,,,,,,,,,,,,,,,,,,,,,,,,,,,,,,,,,1.816070794,1812.9797,1814.7915,,,,,,,,TRUE,,FALSE,,,,,,,,,,,,1814.7918,1815.7516,p,0.9124,,77,71,2,1,3,familiar,,,FALSE,1815.7517,1815.7518,1815.7518,1815.7519,,76,0,76,0,1,,
,,,,,6a180b3ecc14e309cf7cc620,2026-05-28_10h36.08.965,WP1_3,2025.2.3,Win32,163.9344262,69d16520e6f55fa76d9ed3a8,6a030b8ba3607712b5d4bf26,,,,,,,,,,,,,,,,,,,,,,,,,,,,,,,,,,,,,,,,,,,,,,,,,,,,,,,,,,,,17,Celebrities_Faces/017_02_greyscale_250.png,,,,,,,,,,,,,,,,,,,,,,,,,,,,,,,,,,,,,2.05222451,1815.7521,1817.8007,,,,,,,,TRUE,,FALSE,,,,,,,,,,,,1817.8016,1818.5458,q,0.6909,,78,64,2,1,2,familiar,,,FALSE,1818.546,1818.546,1818.546,1818.546,,77,0,77,0,1,,
,,,,,6a180b3ecc14e309cf7cc620,2026-05-28_10h36.08.965,WP1_3,2025.2.3,Win32,163.9344262,69d16520e6f55fa76d9ed3a8,6a030b8ba3607712b5d4bf26,,,,,,,,,,,,,,,,,,,,,,,,,,,,,,,,,,,,,,,,,,,,,,,,,,,,,,,,,,,,64,stim_fam/064_rgray_250.png,,,,,,,,,,,,,,,,,,,,,,,,,,,,,,,,,,,,,1.578451049,1818.5463,1820.1247,,,,,,,,FALSE,,FALSE,,,,,,,,,,,,1820.125,1820.9459,p,0.7733,,79,109,2,1,250,novel,,,FALSE,1820.9461,1820.9461,1820.9461,1820.9462,,78,0,78,0,1,,
,,,,,6a180b3ecc14e309cf7cc620,2026-05-28_10h36.08.965,WP1_3,2025.2.3,Win32,163.9344262,69d16520e6f55fa76d9ed3a8,6a030b8ba3607712b5d4bf26,,,,,,,,,,,,,,,,,,,,,,,,,,,,,,,,,,,,,,,,,,,,,,,,,,,,,,,,,,,,45,Celebrities_Faces/045_03_greyscale_250.png,,,,,,,,,,,,,,,,,,,,,,,,,,,,,,,,,,,,,2.330749241,1820.9465,1823.2767,,,,,,,,TRUE,,FALSE,,,,,,,,,,,,1823.2777,1824.1243,q,0.7978,,80,89,2,1,3,familiar,,,FALSE,1824.1244,1824.1244,1824.1244,1824.1244,,79,0,79,0,1,,
,,,,,6a180b3ecc14e309cf7cc620,2026-05-28_10h36.08.965,WP1_3,2025.2.3,Win32,163.9344262,69d16520e6f55fa76d9ed3a8,6a030b8ba3607712b5d4bf26,,,,,,,,,,,,,,,,,,,,,,,,,,,,,,,,,,,,,,,,,,,,,,,,,,,,,,,,,,,,46,Celebrities_Faces/046_01_greyscale_250.png,,,,,,,,,,,,,,,,,,,,,,,,,,,,,,,,,,,,,2.165030103,1824.1246,1826.2882,,,,,,,,TRUE,,FALSE,,,,,,,,,,,,1826.2884,1827.3138,q,0.9715,,81,69,2,1,1,familiar,,,FALSE,1827.3139,1827.3139,1827.3139,1827.3139,,80,0,80,0,1,,
,,,,,6a180b3ecc14e309cf7cc620,2026-05-28_10h36.08.965,WP1_3,2025.2.3,Win32,163.9344262,69d16520e6f55fa76d9ed3a8,6a030b8ba3607712b5d4bf26,,,,,,,,,,,,,,,,,,,,,,,,,,,,,,,,,,,,,,,,,,,,,,,,,,,,,,,,,,,,93,stim_fam/093_rgray_250.png,,,,,,,,,,,,,,,,,,,,,,,,,,,,,,,,,,,,,1.578796715,1827.3141,1828.8942,,,,,,,,FALSE,,FALSE,,,,,,,,,,,,1828.8944,1829.7018,p,0.7536,,82,98,2,1,250,novel,,,FALSE,1829.702,1829.7021,1829.7021,1829.7021,,81,0,81,0,1,,
,,,,,6a180b3ecc14e309cf7cc620,2026-05-28_10h36.08.965,WP1_3,2025.2.3,Win32,163.9344262,69d16520e6f55fa76d9ed3a8,6a030b8ba3607712b5d4bf26,,,,,,,,,,,,,,,,,,,,,,,,,,,,,,,,,,,,,,,,,,,,,,,,,,,,,,,,,,,,5,stim_fam/005_rgray_250.png,,,,,,,,,,,,,,,,,,,,,,,,,,,,,,,,,,,,,2.344379385,1829.7024,1832.0457,,,,,,,,FALSE,,FALSE,,,,,,,,,,,,1832.046,1832.719,p,0.6185,,83,94,2,1,250,novel,,,FALSE,1832.7192,1832.7192,1832.7192,1832.7193,,82,0,82,0,1,,
,,,,,6a180b3ecc14e309cf7cc620,2026-05-28_10h36.08.965,WP1_3,2025.2.3,Win32,163.9344262,69d16520e6f55fa76d9ed3a8,6a030b8ba3607712b5d4bf26,,,,,,,,,,,,,,,,,,,,,,,,,,,,,,,,,,,,,,,,,,,,,,,,,,,,,,,,,,,,30,Celebrities_Faces/030_03_greyscale_250.png,,,,,,,,,,,,,,,,,,,,,,,,,,,,,,,,,,,,,1.595533175,1832.7196,1834.3123,,,,,,,,TRUE,,FALSE,,,,,,,,,,,,1834.3125,1835.0579,q,0.6895,,84,76,2,1,3,familiar,,,FALSE,1835.0579,1835.058,1835.058,1835.058,,83,0,83,0,1,,
,,,,,6a180b3ecc14e309cf7cc620,2026-05-28_10h36.08.965,WP1_3,2025.2.3,Win32,163.9344262,69d16520e6f55fa76d9ed3a8,6a030b8ba3607712b5d4bf26,,,,,,,,,,,,,,,,,,,,,,,,,,,,,,,,,,,,,,,,,,,,,,,,,,,,,,,,,,,,87,stim_fam/087_rgray_250.png,,,,,,,,,,,,,,,,,,,,,,,,,,,,,,,,,,,,,1.51546328,1835.0581,1836.5729,,,,,,,,FALSE,,FALSE,,,,,,,,,,,,1836.5732,1837.3732,p,0.75,,85,104,2,1,250,novel,,,FALSE,1837.3733,1837.3733,1837.3733,1837.3735,,84,0,84,0,1,,
,,,,,6a180b3ecc14e309cf7cc620,2026-05-28_10h36.08.965,WP1_3,2025.2.3,Win32,163.9344262,69d16520e6f55fa76d9ed3a8,6a030b8ba3607712b5d4bf26,,,,,,,,,,,,,,,,,,,,,,,,,,,,,,,,,,,,,,,,,,,,,,,,,,,,,,,,,,,,35,stim_fam/035_rgray_250.png,,,,,,,,,,,,,,,,,,,,,,,,,,,,,,,,,,,,,1.649228493,1837.3736,1839.0215,,,,,,,,FALSE,,FALSE,,,,,,,,,,,,1839.0219,1839.7975,p,0.7211,,86,107,2,1,250,novel,,,FALSE,1839.7975,1839.7975,1839.7975,1839.7975,,85,0,85,0,1,,
,,,,,6a180b3ecc14e309cf7cc620,2026-05-28_10h36.08.965,WP1_3,2025.2.3,Win32,163.9344262,69d16520e6f55fa76d9ed3a8,6a030b8ba3607712b5d4bf26,,,,,,,,,,,,,,,,,,,,,,,,,,,,,,,,,,,,,,,,,,,,,,,,,,,,,,,,,,,,40,Celebrities_Faces/040_02_greyscale_250.png,,,,,,,,,,,,,,,,,,,,,,,,,,,,,,,,,,,,,2.389037282,1839.7977,1842.191,,,,,,,,TRUE,,FALSE,,,,,,,,,,,,1842.1912,1842.8289,p,0.589,,87,83,2,1,2,familiar,,,FALSE,1842.8291,1842.8292,1842.8292,1842.8292,,86,0,86,0,1,,
,,,,,6a180b3ecc14e309cf7cc620,2026-05-28_10h36.08.965,WP1_3,2025.2.3,Win32,163.9344262,69d16520e6f55fa76d9ed3a8,6a030b8ba3607712b5d4bf26,,,,,,,,,,,,,,,,,,,,,,,,,,,,,,,,,,,,,,,,,,,,,,,,,,,,,,,,,,,,68,stim_fam/068_rgray_250.png,,,,,,,,,,,,,,,,,,,,,,,,,,,,,,,,,,,,,2.48700729,1842.8295,1845.3156,,,,,,,,FALSE,,FALSE,,,,,,,,,,,,1845.3162,1846.0843,p,0.7184,,88,112,2,1,250,novel,,,FALSE,1846.0844,1846.0845,1846.0845,1846.0845,,87,0,87,0,1,,
,,,,,6a180b3ecc14e309cf7cc620,2026-05-28_10h36.08.965,WP1_3,2025.2.3,Win32,163.9344262,69d16520e6f55fa76d9ed3a8,6a030b8ba3607712b5d4bf26,,,,,,,,,,,,,,,,,,,,,,,,,,,,,,,,,,,,,,,,,,,,,,,,,,,,,,,,,,,,29,stim_fam/029_rgray_250.png,,,,,,,,,,,,,,,,,,,,,,,,,,,,,,,,,,,,,2.283083967,1846.0848,1848.3662,,,,,,,,FALSE,,FALSE,,,,,,,,,,,,1848.3664,1849.0249,p,0.6031,,89,103,2,1,250,novel,,,FALSE,1849.025,1849.0251,1849.0251,1849.0251,,88,0,88,0,1,,
,,,,,6a180b3ecc14e309cf7cc620,2026-05-28_10h36.08.965,WP1_3,2025.2.3,Win32,163.9344262,69d16520e6f55fa76d9ed3a8,6a030b8ba3607712b5d4bf26,,,,,,,,,,,,,,,,,,,,,,,,,,,,,,,,,,,,,,,,,,,,,,,,,,,,,,,,,,,,24,Celebrities_Faces/024_01_greyscale_250.png,,,,,,,,,,,,,,,,,,,,,,,,,,,,,,,,,,,,,2.260025506,1849.0254,1851.2827,,,,,,,,TRUE,,FALSE,,,,,,,,,,,,1851.2836,1852.0001,p,0.6608,,90,87,2,1,1,familiar,,,FALSE,1852.0003,1852.0003,1852.0004,1852.0004,,89,0,89,0,1,,
,,,,,6a180b3ecc14e309cf7cc620,2026-05-28_10h36.08.965,WP1_3,2025.2.3,Win32,163.9344262,69d16520e6f55fa76d9ed3a8,6a030b8ba3607712b5d4bf26,,,,,,,,,,,,,,,,,,,,,,,,,,,,,,,,,,,,,,,,,,,,,,,,,,,,,,,,,,,,55,stim_fam/055_rgray_250.png,,,,,,,,,,,,,,,,,,,,,,,,,,,,,,,,,,,,,2.006410415,1852.0007,1854.0033,,,,,,,,FALSE,,FALSE,,,,,,,,,,,,1854.0041,1854.7008,p,0.6439,,91,93,2,1,250,novel,,,FALSE,1854.7011,1854.7011,1854.7012,1854.7014,,90,0,90,0,1,,
,,,,,6a180b3ecc14e309cf7cc620,2026-05-28_10h36.08.965,WP1_3,2025.2.3,Win32,163.9344262,69d16520e6f55fa76d9ed3a8,6a030b8ba3607712b5d4bf26,,,,,,,,,,,,,,,,,,,,,,,,,,,,,,,,,,,,,,,,,,,,,,,,,,,,,,,,,,,,4,Celebrities_Faces/004_03_greyscale_250.png,,,,,,,,,,,,,,,,,,,,,,,,,,,,,,,,,,,,,1.890228553,1854.7016,1856.5923,,,,,,,,TRUE,,FALSE,,,,,,,,,,,,1856.5931,1857.3909,q,0.7464,,92,73,2,1,3,familiar,,,FALSE,1857.391,1857.391,1857.391,1857.391,,91,0,91,0,1,,
,,,,,6a180b3ecc14e309cf7cc620,2026-05-28_10h36.08.965,WP1_3,2025.2.3,Win32,163.9344262,69d16520e6f55fa76d9ed3a8,6a030b8ba3607712b5d4bf26,,,,,,,,,,,,,,,,,,,,,,,,,,,,,,,,,,,,,,,,,,,,,,,,,,,,,,,,,,,,52,Celebrities_Faces/052_02_greyscale_250.png,,,,,,,,,,,,,,,,,,,,,,,,,,,,,,,,,,,,,2.384199142,1857.3912,1859.7721,,,,,,,,TRUE,,FALSE,,,,,,,,,,,,1859.7726,1860.6897,p,0.8678,,93,79,2,1,2,familiar,,,FALSE,1860.69,1860.6902,1860.6902,1860.6902,,92,0,92,0,1,,
,,,,,6a180b3ecc14e309cf7cc620,2026-05-28_10h36.08.965,WP1_3,2025.2.3,Win32,163.9344262,69d16520e6f55fa76d9ed3a8,6a030b8ba3607712b5d4bf26,,,,,,,,,,,,,,,,,,,,,,,,,,,,,,,,,,,,,,,,,,,,,,,,,,,,,,,,,,,,32,Celebrities_Faces/032_03_greyscale_250.png,,,,,,,,,,,,,,,,,,,,,,,,,,,,,,,,,,,,,1.942302086,1860.6905,1862.6342,,,,,,,,TRUE,,FALSE,,,,,,,,,,,,1862.6349,1863.5863,q,0.9007,,94,82,2,1,3,familiar,,,FALSE,1863.5865,1863.5866,1863.5866,1863.5866,,93,0,93,0,1,,
,,,,,6a180b3ecc14e309cf7cc620,2026-05-28_10h36.08.965,WP1_3,2025.2.3,Win32,163.9344262,69d16520e6f55fa76d9ed3a8,6a030b8ba3607712b5d4bf26,,,,,,,,,,,,,,,,,,,,,,,,,,,,,,,,,,,,,,,,,,,,,,,,,,,,,,,,,,,,22,stim_fam/022_rgray_250.png,,,,,,,,,,,,,,,,,,,,,,,,,,,,,,,,,,,,,2.119277484,1863.5868,1865.7061,,,,,,,,FALSE,,FALSE,,,,,,,,,,,,1865.7067,1866.4916,p,0.7301,,95,111,2,1,250,novel,,,FALSE,1866.4916,1866.4916,1866.4916,1866.4917,,94,0,94,0,1,,
,,,,,6a180b3ecc14e309cf7cc620,2026-05-28_10h36.08.965,WP1_3,2025.2.3,Win32,163.9344262,69d16520e6f55fa76d9ed3a8,6a030b8ba3607712b5d4bf26,,,,,,,,,,,,,,,,,,,,,,,,,,,,,,,,,,,,,,,,,,,,,,,,,,,,,,,,,,,,8,Celebrities_Faces/008_03_greyscale_250.png,,,,,,,,,,,,,,,,,,,,,,,,,,,,,,,,,,,,,2.411582025,1866.4918,1868.899,,,,,,,,TRUE,,FALSE,,,,,,,,,,,,1868.8992,1869.6893,q,0.7379,,96,80,2,1,3,familiar,,,FALSE,1869.6894,1869.6895,1869.6895,1869.6895,,95,0,95,0,1,,
,,,,,6a180b3ecc14e309cf7cc620,2026-05-28_10h36.08.965,WP1_3,2025.2.3,Win32,163.9344262,69d16520e6f55fa76d9ed3a8,6a030b8ba3607712b5d4bf26,,,,,,,,,,,,,,,,,,,,,,,,,,,,,,,,,,,,,,,,,,,,,,,,,,,,,,,,,,,,8,stim_fam/008_rgray_250.png,,,,,,,,,,,,,,,,,,,,,,,,,,,,,,,,,,,,,2.168723419,1869.6898,1871.8573,,,,,,,,FALSE,,FALSE,,,,,,,,,,,,1871.8576,1872.5803,p,0.6739,,97,114,2,1,250,novel,,,FALSE,1872.5805,1872.5805,1872.5805,1872.5805,,96,0,96,0,1,,
,,,,,6a180b3ecc14e309cf7cc620,2026-05-28_10h36.08.965,WP1_3,2025.2.3,Win32,163.9344262,69d16520e6f55fa76d9ed3a8,6a030b8ba3607712b5d4bf26,,,,,,,,,,,,,,,,,,,,,,,,,,,,,,,,,,,,,,,,,,,,,,,,,,,,,,,,,,,,6,Celebrities_Faces/006_03_greyscale_250.png,,,,,,,,,,,,,,,,,,,,,,,,,,,,,,,,,,,,,2.125343516,1872.5809,1874.7114,,,,,,,,TRUE,,FALSE,,,,,,,,,,,,1874.7118,1875.7604,q,0.994,,98,61,2,1,3,familiar,,,FALSE,1875.7604,1875.7604,1875.7604,1875.7604,,97,0,97,0,1,,
,,,,,6a180b3ecc14e309cf7cc620,2026-05-28_10h36.08.965,WP1_3,2025.2.3,Win32,163.9344262,69d16520e6f55fa76d9ed3a8,6a030b8ba3607712b5d4bf26,,,,,,,,,,,,,,,,,,,,,,,,,,,,,,,,,,,,,,,,,,,,,,,,,,,,,,,,,,,,5,Celebrities_Faces/005_01_greyscale_250.png,,,,,,,,,,,,,,,,,,,,,,,,,,,,,,,,,,,,,1.822662518,1875.7607,1877.584,,,,,,,,TRUE,,FALSE,,,,,,,,,,,,1877.5842,1878.2404,q,0.6074,,99,63,2,1,1,familiar,,,FALSE,1878.2406,1878.2406,1878.2406,1878.2407,,98,0,98,0,1,,
,,,,,6a180b3ecc14e309cf7cc620,2026-05-28_10h36.08.965,WP1_3,2025.2.3,Win32,163.9344262,69d16520e6f55fa76d9ed3a8,6a030b8ba3607712b5d4bf26,,,,,,,,,,,,,,,,,,,,,,,,,,,,,,,,,,,,,,,,,,,,,,,,,,,,,,,,,,,,41,stim_fam/041_rgray_250.png,,,,,,,,,,,,,,,,,,,,,,,,,,,,,,,,,,,,,1.907640421,1878.2409,1880.1475,,,,,,,,FALSE,,FALSE,,,,,,,,,,,,1880.1479,1881.1658,q,0.9715,,100,105,2,1,250,novel,,,FALSE,1881.166,1881.166,1881.166,1881.166,,99,0,99,0,1,,
,,,,,6a180b3ecc14e309cf7cc620,2026-05-28_10h36.08.965,WP1_3,2025.2.3,Win32,163.9344262,69d16520e6f55fa76d9ed3a8,6a030b8ba3607712b5d4bf26,,,,,,,,,,,,,,,,,,,,,,,,,,,,,,,,,,,,,,,,,,,,,,,,,,,,,,,,,,,,91,stim_fam/091_rgray_250.png,,,,,,,,,,,,,,,,,,,,,,,,,,,,,,,,,,,,,1.966409315,1881.1662,1883.1308,,,,,,,,FALSE,,TRUE,,,,,,,,,,,,1883.1314,1884.2348,,,,101,91,2,1,250,novel,,,FALSE,1884.2352,1885.233,1885.233,1885.233,,100,0,100,0,1,,
,,,,,6a180b3ecc14e309cf7cc620,2026-05-28_10h36.08.965,WP1_3,2025.2.3,Win32,163.9344262,69d16520e6f55fa76d9ed3a8,6a030b8ba3607712b5d4bf26,,,,,,,,,,,,,,,,,,,,,,,,,,,,,,,,,,,,,,,,,,,,,,,,,,,,,,,,,,,,94,stim_fam/094_rgray_250.png,,,,,,,,,,,,,,,,,,,,,,,,,,,,,,,,,,,,,2.401722353,1885.2337,1887.6322,,,,,,,,FALSE,,FALSE,,,,,,,,,,,,1887.6325,1888.5499,p,0.858,,102,97,2,1,250,novel,,,FALSE,1888.5501,1888.5501,1888.5502,1888.5502,,101,0,101,0,1,,
,,,,,6a180b3ecc14e309cf7cc620,2026-05-28_10h36.08.965,WP1_3,2025.2.3,Win32,163.9344262,69d16520e6f55fa76d9ed3a8,6a030b8ba3607712b5d4bf26,,,,,,,,,,,,,,,,,,,,,,,,,,,,,,,,,,,,,,,,,,,,,,,,,,,,,,,,,,,,38,Celebrities_Faces/038_02_greyscale_250.png,,,,,,,,,,,,,,,,,,,,,,,,,,,,,,,,,,,,,2.186400801,1888.5504,1890.7325,,,,,,,,TRUE,,FALSE,,,,,,,,,,,,1890.7335,1891.4447,q,0.655,,103,77,2,1,2,familiar,,,FALSE,1891.4448,1891.4448,1891.4448,1891.4448,,102,0,102,0,1,,
,,,,,6a180b3ecc14e309cf7cc620,2026-05-28_10h36.08.965,WP1_3,2025.2.3,Win32,163.9344262,69d16520e6f55fa76d9ed3a8,6a030b8ba3607712b5d4bf26,,,,,,,,,,,,,,,,,,,,,,,,,,,,,,,,,,,,,,,,,,,,,,,,,,,,,,,,,,,,37,stim_fam/037_rgray_250.png,,,,,,,,,,,,,,,,,,,,,,,,,,,,,,,,,,,,,1.978671332,1891.4449,1893.4244,,,,,,,,FALSE,,FALSE,,,,,,,,,,,,1893.4248,1894.4333,q,0.9545,,104,118,2,1,250,novel,,,FALSE,1894.4335,1894.4337,1894.4337,1894.4338,,103,0,103,0,1,,
,,,,,6a180b3ecc14e309cf7cc620,2026-05-28_10h36.08.965,WP1_3,2025.2.3,Win32,163.9344262,69d16520e6f55fa76d9ed3a8,6a030b8ba3607712b5d4bf26,,,,,,,,,,,,,,,,,,,,,,,,,,,,,,,,,,,,,,,,,,,,,,,,,,,,,,,,,,,,42,Celebrities_Faces/042_02_greyscale_250.png,,,,,,,,,,,,,,,,,,,,,,,,,,,,,,,,,,,,,1.900535156,1894.4342,1896.3352,,,,,,,,TRUE,,FALSE,,,,,,,,,,,,1896.3355,1897.1086,q,0.728,,105,74,2,1,2,familiar,,,FALSE,1897.1087,1897.1087,1897.1087,1897.1087,,104,0,104,0,1,,
,,,,,6a180b3ecc14e309cf7cc620,2026-05-28_10h36.08.965,WP1_3,2025.2.3,Win32,163.9344262,69d16520e6f55fa76d9ed3a8,6a030b8ba3607712b5d4bf26,,,,,,,,,,,,,,,,,,,,,,,,,,,,,,,,,,,,,,,,,,,,,,,,,,,,,,,,,,,,57,Celebrities_Faces/057_03_greyscale_250.png,,,,,,,,,,,,,,,,,,,,,,,,,,,,,,,,,,,,,2.435140718,1897.1088,1899.5413,,,,,,,,TRUE,,FALSE,,,,,,,,,,,,1899.5417,1900.4049,q,0.8101,,106,90,2,1,3,familiar,,,FALSE,1900.4053,1900.4054,1900.4054,1900.4054,,105,0,105,0,1,,
,,,,,6a180b3ecc14e309cf7cc620,2026-05-28_10h36.08.965,WP1_3,2025.2.3,Win32,163.9344262,69d16520e6f55fa76d9ed3a8,6a030b8ba3607712b5d4bf26,,,,,,,,,,,,,,,,,,,,,,,,,,,,,,,,,,,,,,,,,,,,,,,,,,,,,,,,,,,,26,Celebrities_Faces/026_03_greyscale_250.png,,,,,,,,,,,,,,,,,,,,,,,,,,,,,,,,,,,,,2.262274117,1900.4058,1902.6684,,,,,,,,TRUE,,FALSE,,,,,,,,,,,,1902.6687,1903.4388,q,0.7167,,107,66,2,1,3,familiar,,,FALSE,1903.439,1903.4391,1903.4391,1903.4392,,106,0,106,0,1,,
,,,,,6a180b3ecc14e309cf7cc620,2026-05-28_10h36.08.965,WP1_3,2025.2.3,Win32,163.9344262,69d16520e6f55fa76d9ed3a8,6a030b8ba3607712b5d4bf26,,,,,,,,,,,,,,,,,,,,,,,,,,,,,,,,,,,,,,,,,,,,,,,,,,,,,,,,,,,,29,Celebrities_Faces/029_03_greyscale_250.png,,,,,,,,,,,,,,,,,,,,,,,,,,,,,,,,,,,,,1.733174401,1903.4395,1905.1705,,,,,,,,TRUE,,FALSE,,,,,,,,,,,,1905.1709,1906.0605,p,0.8391,,108,78,2,1,3,familiar,,,FALSE,1906.0607,1906.0608,1906.0608,1906.0608,,107,0,107,0,1,,
,,,,,6a180b3ecc14e309cf7cc620,2026-05-28_10h36.08.965,WP1_3,2025.2.3,Win32,163.9344262,69d16520e6f55fa76d9ed3a8,6a030b8ba3607712b5d4bf26,,,,,,,,,,,,,,,,,,,,,,,,,,,,,,,,,,,,,,,,,,,,,,,,,,,,,,,,,,,,48,Celebrities_Faces/048_03_greyscale_250.png,,,,,,,,,,,,,,,,,,,,,,,,,,,,,,,,,,,,,2.402372188,1906.0611,1908.4622,,,,,,,,TRUE,,FALSE,,,,,,,,,,,,1908.4626,1909.3051,q,0.7858,,109,67,2,1,3,familiar,,,FALSE,1909.3052,1909.3052,1909.3052,1909.3052,,108,0,108,0,1,,
,,,,,6a180b3ecc14e309cf7cc620,2026-05-28_10h36.08.965,WP1_3,2025.2.3,Win32,163.9344262,69d16520e6f55fa76d9ed3a8,6a030b8ba3607712b5d4bf26,,,,,,,,,,,,,,,,,,,,,,,,,,,,,,,,,,,,,,,,,,,,,,,,,,,,,,,,,,,,27,Celebrities_Faces/027_01_greyscale_250.png,,,,,,,,,,,,,,,,,,,,,,,,,,,,,,,,,,,,,2.402925344,1909.3058,1911.71,,,,,,,,TRUE,,FALSE,,,,,,,,,,,,1911.7106,1912.6043,q,0.8388,,110,72,2,1,1,familiar,,,FALSE,1912.6046,1912.6046,1912.6047,1912.6047,,109,0,109,0,1,,
,,,,,6a180b3ecc14e309cf7cc620,2026-05-28_10h36.08.965,WP1_3,2025.2.3,Win32,163.9344262,69d16520e6f55fa76d9ed3a8,6a030b8ba3607712b5d4bf26,,,,,,,,,,,,,,,,,,,,,,,,,,,,,,,,,,,,,,,,,,,,,,,,,,,,,,,,,,,,70,stim_fam/070_rgray_250.png,,,,,,,,,,,,,,,,,,,,,,,,,,,,,,,,,,,,,2.164782326,1912.605,1914.7661,,,,,,,,FALSE,,FALSE,,,,,,,,,,,,1914.7668,1915.5433,p,0.7174,,111,101,2,1,250,novel,,,FALSE,1915.5434,1915.5435,1915.5435,1915.5436,,110,0,110,0,1,,
,,,,,6a180b3ecc14e309cf7cc620,2026-05-28_10h36.08.965,WP1_3,2025.2.3,Win32,163.9344262,69d16520e6f55fa76d9ed3a8,6a030b8ba3607712b5d4bf26,,,,,,,,,,,,,,,,,,,,,,,,,,,,,,,,,,,,,,,,,,,,,,,,,,,,,,,,,,,,12,Celebrities_Faces/012_01_greyscale_250.png,,,,,,,,,,,,,,,,,,,,,,,,,,,,,,,,,,,,,1.563478865,1915.5438,1917.1048,,,,,,,,TRUE,,FALSE,,,,,,,,,,,,1917.1051,1917.9132,q,0.7459,,112,84,2,1,1,familiar,,,FALSE,1917.9135,1917.9137,1917.9137,1917.9138,,111,0,111,0,1,,
,,,,,6a180b3ecc14e309cf7cc620,2026-05-28_10h36.08.965,WP1_3,2025.2.3,Win32,163.9344262,69d16520e6f55fa76d9ed3a8,6a030b8ba3607712b5d4bf26,,,,,,,,,,,,,,,,,,,,,,,,,,,,,,,,,,,,,,,,,,,,,,,,,,,,,,,,,,,,23,Celebrities_Faces/023_01_greyscale_250.png,,,,,,,,,,,,,,,,,,,,,,,,,,,,,,,,,,,,,2.179726455,1917.9142,1920.0929,,,,,,,,TRUE,,FALSE,,,,,,,,,,,,1920.0937,1920.8926,q,0.7168,,113,68,2,1,1,familiar,,,FALSE,1920.8927,1920.8927,1920.8927,1920.8927,,112,0,112,0,1,,
,,,,,6a180b3ecc14e309cf7cc620,2026-05-28_10h36.08.965,WP1_3,2025.2.3,Win32,163.9344262,69d16520e6f55fa76d9ed3a8,6a030b8ba3607712b5d4bf26,,,,,,,,,,,,,,,,,,,,,,,,,,,,,,,,,,,,,,,,,,,,,,,,,,,,,,,,,,,,101,stim_fam/101_rgray_250.png,,,,,,,,,,,,,,,,,,,,,,,,,,,,,,,,,,,,,2.254712669,1920.8928,1923.1469,,,,,,,,FALSE,,FALSE,,,,,,,,,,,,1923.1471,1924.1298,p,0.9161,,114,99,2,1,250,novel,,,FALSE,1924.13,1924.13,1924.13,1924.1301,,113,0,113,0,1,,
,,,,,6a180b3ecc14e309cf7cc620,2026-05-28_10h36.08.965,WP1_3,2025.2.3,Win32,163.9344262,69d16520e6f55fa76d9ed3a8,6a030b8ba3607712b5d4bf26,,,,,,,,,,,,,,,,,,,,,,,,,,,,,,,,,,,,,,,,,,,,,,,,,,,,,,,,,,,,19,Celebrities_Faces/019_03_greyscale_250.png,,,,,,,,,,,,,,,,,,,,,,,,,,,,,,,,,,,,,2.330042093,1924.1304,1926.4617,,,,,,,,TRUE,,FALSE,,,,,,,,,,,,1926.462,1927.5471,p,1.0341,,115,81,2,1,3,familiar,,,FALSE,1927.5472,1927.5472,1927.5472,1927.5472,,114,0,114,0,1,,
,,,,,6a180b3ecc14e309cf7cc620,2026-05-28_10h36.08.965,WP1_3,2025.2.3,Win32,163.9344262,69d16520e6f55fa76d9ed3a8,6a030b8ba3607712b5d4bf26,,,,,,,,,,,,,,,,,,,,,,,,,,,,,,,,,,,,,,,,,,,,,,,,,,,,,,,,,,,,33,stim_fam/033_rgray_250.png,,,,,,,,,,,,,,,,,,,,,,,,,,,,,,,,,,,,,1.884132826,1927.5475,1929.4315,,,,,,,,FALSE,,TRUE,,,,,,,,,,,,1929.4318,1930.5359,,,,116,120,2,1,250,novel,,,FALSE,1930.5361,1931.534,1931.534,1931.5341,,115,0,115,0,1,,
,,,,,6a180b3ecc14e309cf7cc620,2026-05-28_10h36.08.965,WP1_3,2025.2.3,Win32,163.9344262,69d16520e6f55fa76d9ed3a8,6a030b8ba3607712b5d4bf26,,,,,,,,,,,,,,,,,,,,,,,,,,,,,,,,,,,,,,,,,,,,,,,,,,,,,,,,,,,,61,stim_fam/061_rgray_250.png,,,,,,,,,,,,,,,,,,,,,,,,,,,,,,,,,,,,,2.199354964,1931.5341,1933.7295,,,,,,,,FALSE,,FALSE,,,,,,,,,,,,1933.7302,1934.5998,p,0.815,,117,116,2,1,250,novel,,,FALSE,1934.5999,1934.5999,1934.5999,1934.6,,116,0,116,0,1,,
,,,,,6a180b3ecc14e309cf7cc620,2026-05-28_10h36.08.965,WP1_3,2025.2.3,Win32,163.9344262,69d16520e6f55fa76d9ed3a8,6a030b8ba3607712b5d4bf26,,,,,,,,,,,,,,,,,,,,,,,,,,,,,,,,,,,,,,,,,,,,,,,,,,,,,,,,,,,,60,Celebrities_Faces/060_02_greyscale_250.png,,,,,,,,,,,,,,,,,,,,,,,,,,,,,,,,,,,,,1.727831965,1934.6001,1936.3285,,,,,,,,TRUE,,FALSE,,,,,,,,,,,,1936.329,1937.3851,q,1.0058,,118,62,2,1,2,familiar,,,FALSE,1937.3852,1937.3853,1937.3853,1937.3854,,117,0,117,0,1,,
,,,,,6a180b3ecc14e309cf7cc620,2026-05-28_10h36.08.965,WP1_3,2025.2.3,Win32,163.9344262,69d16520e6f55fa76d9ed3a8,6a030b8ba3607712b5d4bf26,,,,,,,,,,,,,,,,,,,,,,,,,,,,,,,,,,,,,,,,,,,,,,,,,,,,,,,,,,,,15,stim_fam/015_rgray_250.png,,,,,,,,,,,,,,,,,,,,,,,,,,,,,,,,,,,,,1.815232952,1937.3856,1939.1985,,,,,,,,FALSE,,FALSE,,,,,,,,,,,,1939.1991,1939.9858,p,0.7274,,119,119,2,1,250,novel,,,FALSE,1939.9859,1939.9861,1939.9861,1939.9861,,118,0,118,0,1,,
,,,,,6a180b3ecc14e309cf7cc620,2026-05-28_10h36.08.965,WP1_3,2025.2.3,Win32,163.9344262,69d16520e6f55fa76d9ed3a8,6a030b8ba3607712b5d4bf26,,,,,,,,,,,,,,,,,,,,,,,,,,,,,,,,,,,,,,,,,,,,,,,,,,,,,,,,,,,,32,stim_fam/032_rgray_250.png,,,,,,,,,,,,,,,,,,,,,,,,,,,,,,,,,,,,,1.602625223,1939.9864,1941.585,,,,,,,,FALSE,,FALSE,,,,,,,,,,,,1941.586,1942.5145,p,0.8621,,120,96,2,1,250,novel,,,FALSE,1942.5147,1942.5149,1942.5149,2055.9221,space,119,0,119,0,1,113.3923,
,,,,,6a180b3ecc14e309cf7cc620,2026-05-28_10h36.08.965,WP1_3,2025.2.3,Win32,163.9344262,69d16520e6f55fa76d9ed3a8,6a030b8ba3607712b5d4bf26,,,,,,,,,,,,,,,,,,,,,,,,,,,,,,,,,,,,,,,,,,,,,,,,,,,,,,,,,,,,26,stim_fam/026_rgray_250.png,,,,,,,,,,,,,,,,,,,,,,,,,,,,,,,,,,,,,1.869593073,2055.9225,2057.7916,,,,,,,,FALSE,,FALSE,,,,,,,,,,,,2057.792,2058.6818,p,0.8293,,121,155,3,1,250,novel,,,FALSE,2058.6819,2058.6819,2058.682,2058.682,,120,0,120,0,1,,
,,,,,6a180b3ecc14e309cf7cc620,2026-05-28_10h36.08.965,WP1_3,2025.2.3,Win32,163.9344262,69d16520e6f55fa76d9ed3a8,6a030b8ba3607712b5d4bf26,,,,,,,,,,,,,,,,,,,,,,,,,,,,,,,,,,,,,,,,,,,,,,,,,,,,,,,,,,,,6,stim_fam/006_rgray_250.png,,,,,,,,,,,,,,,,,,,,,,,,,,,,,,,,,,,,,2.12943022,2058.6822,2060.8107,,,,,,,,FALSE,,FALSE,,,,,,,,,,,,2060.8111,2061.6863,p,0.8205,,122,170,3,1,250,novel,,,FALSE,2061.6921,2061.6922,2061.6922,2061.6923,,121,0,121,0,1,,
,,,,,6a180b3ecc14e309cf7cc620,2026-05-28_10h36.08.965,WP1_3,2025.2.3,Win32,163.9344262,69d16520e6f55fa76d9ed3a8,6a030b8ba3607712b5d4bf26,,,,,,,,,,,,,,,,,,,,,,,,,,,,,,,,,,,,,,,,,,,,,,,,,,,,,,,,,,,,11,stim_fam/011_rgray_250.png,,,,,,,,,,,,,,,,,,,,,,,,,,,,,,,,,,,,,2.129898771,2061.6924,2063.8235,,,,,,,,FALSE,,FALSE,,,,,,,,,,,,2063.8245,2064.5748,p,0.7006,,123,158,3,1,250,novel,,,FALSE,2064.575,2064.5751,2064.5751,2064.5751,,122,0,122,0,1,,
,,,,,6a180b3ecc14e309cf7cc620,2026-05-28_10h36.08.965,WP1_3,2025.2.3,Win32,163.9344262,69d16520e6f55fa76d9ed3a8,6a030b8ba3607712b5d4bf26,,,,,,,,,,,,,,,,,,,,,,,,,,,,,,,,,,,,,,,,,,,,,,,,,,,,,,,,,,,,19,Celebrities_Faces/019_01_greyscale_250.png,,,,,,,,,,,,,,,,,,,,,,,,,,,,,,,,,,,,,2.2051738,2064.5754,2066.775,,,,,,,,TRUE,,FALSE,,,,,,,,,,,,2066.7757,2067.6507,p,0.8204,,124,141,3,1,1,familiar,,,FALSE,2067.6509,2067.651,2067.651,2067.651,,123,0,123,0,1,,
,,,,,6a180b3ecc14e309cf7cc620,2026-05-28_10h36.08.965,WP1_3,2025.2.3,Win32,163.9344262,69d16520e6f55fa76d9ed3a8,6a030b8ba3607712b5d4bf26,,,,,,,,,,,,,,,,,,,,,,,,,,,,,,,,,,,,,,,,,,,,,,,,,,,,,,,,,,,,62,stim_fam/062_rgray_250.png,,,,,,,,,,,,,,,,,,,,,,,,,,,,,,,,,,,,,1.682614824,2067.6514,2069.331,,,,,,,,FALSE,,FALSE,,,,,,,,,,,,2069.3314,2070.266,p,0.8693,,125,156,3,1,250,novel,,,FALSE,2070.2663,2070.2664,2070.2664,2070.2664,,124,0,124,0,1,,
,,,,,6a180b3ecc14e309cf7cc620,2026-05-28_10h36.08.965,WP1_3,2025.2.3,Win32,163.9344262,69d16520e6f55fa76d9ed3a8,6a030b8ba3607712b5d4bf26,,,,,,,,,,,,,,,,,,,,,,,,,,,,,,,,,,,,,,,,,,,,,,,,,,,,,,,,,,,,99,stim_fam/099_rgray_250.png,,,,,,,,,,,,,,,,,,,,,,,,,,,,,,,,,,,,,1.713205902,2070.2667,2071.9764,,,,,,,,FALSE,,FALSE,,,,,,,,,,,,2071.9771,2072.7244,p,0.6862,,126,169,3,1,250,novel,,,FALSE,2072.7244,2072.7245,2072.7245,2072.7245,,125,0,125,0,1,,
,,,,,6a180b3ecc14e309cf7cc620,2026-05-28_10h36.08.965,WP1_3,2025.2.3,Win32,163.9344262,69d16520e6f55fa76d9ed3a8,6a030b8ba3607712b5d4bf26,,,,,,,,,,,,,,,,,,,,,,,,,,,,,,,,,,,,,,,,,,,,,,,,,,,,,,,,,,,,42,Celebrities_Faces/042_03_greyscale_250.png,,,,,,,,,,,,,,,,,,,,,,,,,,,,,,,,,,,,,1.509590154,2072.7246,2074.2384,,,,,,,,TRUE,,FALSE,,,,,,,,,,,,2074.2388,2074.9391,q,0.6403,,127,134,3,1,3,familiar,,,FALSE,2074.9393,2074.9394,2074.9394,2074.9395,,126,0,126,0,1,,
,,,,,6a180b3ecc14e309cf7cc620,2026-05-28_10h36.08.965,WP1_3,2025.2.3,Win32,163.9344262,69d16520e6f55fa76d9ed3a8,6a030b8ba3607712b5d4bf26,,,,,,,,,,,,,,,,,,,,,,,,,,,,,,,,,,,,,,,,,,,,,,,,,,,,,,,,,,,,17,stim_fam/017_rgray_250.png,,,,,,,,,,,,,,,,,,,,,,,,,,,,,,,,,,,,,2.23764492,2074.9398,2077.1738,,,,,,,,FALSE,,FALSE,,,,,,,,,,,,2077.174,2077.8412,p,0.6044,,128,176,3,1,250,novel,,,FALSE,2077.8413,2077.8414,2077.8414,2077.8416,,127,0,127,0,1,,
,,,,,6a180b3ecc14e309cf7cc620,2026-05-28_10h36.08.965,WP1_3,2025.2.3,Win32,163.9344262,69d16520e6f55fa76d9ed3a8,6a030b8ba3607712b5d4bf26,,,,,,,,,,,,,,,,,,,,,,,,,,,,,,,,,,,,,,,,,,,,,,,,,,,,,,,,,,,,65,stim_fam/065_rgray_250.png,,,,,,,,,,,,,,,,,,,,,,,,,,,,,,,,,,,,,2.373728024,2077.8418,2080.2159,,,,,,,,FALSE,,FALSE,,,,,,,,,,,,2080.2161,2081.0053,p,0.7332,,129,152,3,1,250,novel,,,FALSE,2081.0055,2081.0055,2081.0055,2081.0056,,128,0,128,0,1,,
,,,,,6a180b3ecc14e309cf7cc620,2026-05-28_10h36.08.965,WP1_3,2025.2.3,Win32,163.9344262,69d16520e6f55fa76d9ed3a8,6a030b8ba3607712b5d4bf26,,,,,,,,,,,,,,,,,,,,,,,,,,,,,,,,,,,,,,,,,,,,,,,,,,,,,,,,,,,,38,Celebrities_Faces/038_03_greyscale_250.png,,,,,,,,,,,,,,,,,,,,,,,,,,,,,,,,,,,,,2.129657686,2081.0058,2083.1362,,,,,,,,TRUE,,FALSE,,,,,,,,,,,,2083.1366,2083.8337,q,0.6446,,130,137,3,1,3,familiar,,,FALSE,2083.8338,2083.8339,2083.8339,2083.8339,,129,0,129,0,1,,
,,,,,6a180b3ecc14e309cf7cc620,2026-05-28_10h36.08.965,WP1_3,2025.2.3,Win32,163.9344262,69d16520e6f55fa76d9ed3a8,6a030b8ba3607712b5d4bf26,,,,,,,,,,,,,,,,,,,,,,,,,,,,,,,,,,,,,,,,,,,,,,,,,,,,,,,,,,,,42,stim_fam/042_rgray_250.png,,,,,,,,,,,,,,,,,,,,,,,,,,,,,,,,,,,,,2.471544746,2083.8341,2086.3068,,,,,,,,FALSE,,FALSE,,,,,,,,,,,,2086.307,2086.9748,p,0.6134,,131,179,3,1,250,novel,,,FALSE,2086.975,2086.975,2086.975,2086.9751,,130,0,130,0,1,,
,,,,,6a180b3ecc14e309cf7cc620,2026-05-28_10h36.08.965,WP1_3,2025.2.3,Win32,163.9344262,69d16520e6f55fa76d9ed3a8,6a030b8ba3607712b5d4bf26,,,,,,,,,,,,,,,,,,,,,,,,,,,,,,,,,,,,,,,,,,,,,,,,,,,,,,,,,,,,29,Celebrities_Faces/029_02_greyscale_250.png,,,,,,,,,,,,,,,,,,,,,,,,,,,,,,,,,,,,,2.134309682,2086.9754,2089.1068,,,,,,,,TRUE,,FALSE,,,,,,,,,,,,2089.107,2089.8949,q,0.7408,,132,138,3,1,2,familiar,,,FALSE,2089.8949,2089.895,2089.895,2089.895,,131,0,131,0,1,,
,,,,,6a180b3ecc14e309cf7cc620,2026-05-28_10h36.08.965,WP1_3,2025.2.3,Win32,163.9344262,69d16520e6f55fa76d9ed3a8,6a030b8ba3607712b5d4bf26,,,,,,,,,,,,,,,,,,,,,,,,,,,,,,,,,,,,,,,,,,,,,,,,,,,,,,,,,,,,30,stim_fam/030_rgray_250.png,,,,,,,,,,,,,,,,,,,,,,,,,,,,,,,,,,,,,2.220718018,2089.8954,2092.1126,,,,,,,,FALSE,,FALSE,,,,,,,,,,,,2092.1129,2093.1027,p,0.9323,,133,164,3,1,250,novel,,,FALSE,2093.1029,2093.1029,2093.1029,2093.1031,,132,0,132,0,1,,
,,,,,6a180b3ecc14e309cf7cc620,2026-05-28_10h36.08.965,WP1_3,2025.2.3,Win32,163.9344262,69d16520e6f55fa76d9ed3a8,6a030b8ba3607712b5d4bf26,,,,,,,,,,,,,,,,,,,,,,,,,,,,,,,,,,,,,,,,,,,,,,,,,,,,,,,,,,,,86,stim_fam/086_rgray_250.png,,,,,,,,,,,,,,,,,,,,,,,,,,,,,,,,,,,,,2.349841801,2093.1034,2095.4538,,,,,,,,FALSE,,FALSE,,,,,,,,,,,,2095.4546,2096.0884,p,0.5789,,134,175,3,1,250,novel,,,FALSE,2096.0885,2096.0885,2096.0885,2096.0885,,133,0,133,0,1,,
,,,,,6a180b3ecc14e309cf7cc620,2026-05-28_10h36.08.965,WP1_3,2025.2.3,Win32,163.9344262,69d16520e6f55fa76d9ed3a8,6a030b8ba3607712b5d4bf26,,,,,,,,,,,,,,,,,,,,,,,,,,,,,,,,,,,,,,,,,,,,,,,,,,,,,,,,,,,,46,Celebrities_Faces/046_02_greyscale_250.png,,,,,,,,,,,,,,,,,,,,,,,,,,,,,,,,,,,,,2.190760098,2096.0887,2098.2757,,,,,,,,TRUE,,TRUE,,,,,,,,,,,,2098.2761,2099.3812,,,,135,129,3,1,2,familiar,,,FALSE,2099.3813,2100.3789,2100.379,2100.3792,,134,0,134,0,1,,
,,,,,6a180b3ecc14e309cf7cc620,2026-05-28_10h36.08.965,WP1_3,2025.2.3,Win32,163.9344262,69d16520e6f55fa76d9ed3a8,6a030b8ba3607712b5d4bf26,,,,,,,,,,,,,,,,,,,,,,,,,,,,,,,,,,,,,,,,,,,,,,,,,,,,,,,,,,,,8,Celebrities_Faces/008_01_greyscale_250.png,,,,,,,,,,,,,,,,,,,,,,,,,,,,,,,,,,,,,2.459673572,2100.3792,2102.8392,,,,,,,,TRUE,,FALSE,,,,,,,,,,,,2102.8395,2103.5632,p,0.6705,,136,140,3,1,1,familiar,,,FALSE,2103.5634,2103.5636,2103.5636,2103.5636,,135,0,135,0,1,,
,,,,,6a180b3ecc14e309cf7cc620,2026-05-28_10h36.08.965,WP1_3,2025.2.3,Win32,163.9344262,69d16520e6f55fa76d9ed3a8,6a030b8ba3607712b5d4bf26,,,,,,,,,,,,,,,,,,,,,,,,,,,,,,,,,,,,,,,,,,,,,,,,,,,,,,,,,,,,25,stim_fam/025_rgray_250.png,,,,,,,,,,,,,,,,,,,,,,,,,,,,,,,,,,,,,1.943949185,2103.5639,2105.5059,,,,,,,,FALSE,,FALSE,,,,,,,,,,,,2105.5061,2106.0969,p,0.5406,,137,161,3,1,250,novel,,,FALSE,2106.0971,2106.0972,2106.0972,2106.0972,,136,0,136,0,1,,
,,,,,6a180b3ecc14e309cf7cc620,2026-05-28_10h36.08.965,WP1_3,2025.2.3,Win32,163.9344262,69d16520e6f55fa76d9ed3a8,6a030b8ba3607712b5d4bf26,,,,,,,,,,,,,,,,,,,,,,,,,,,,,,,,,,,,,,,,,,,,,,,,,,,,,,,,,,,,3,Celebrities_Faces/003_01_greyscale_250.png,,,,,,,,,,,,,,,,,,,,,,,,,,,,,,,,,,,,,1.710811277,2106.0975,2107.8087,,,,,,,,TRUE,,FALSE,,,,,,,,,,,,2107.809,2108.4422,q,0.5806,,138,130,3,1,1,familiar,,,FALSE,2108.4424,2108.4425,2108.4425,2108.4425,,137,0,137,0,1,,
,,,,,6a180b3ecc14e309cf7cc620,2026-05-28_10h36.08.965,WP1_3,2025.2.3,Win32,163.9344262,69d16520e6f55fa76d9ed3a8,6a030b8ba3607712b5d4bf26,,,,,,,,,,,,,,,,,,,,,,,,,,,,,,,,,,,,,,,,,,,,,,,,,,,,,,,,,,,,24,Celebrities_Faces/024_03_greyscale_250.png,,,,,,,,,,,,,,,,,,,,,,,,,,,,,,,,,,,,,2.154314885,2108.4427,2110.5973,,,,,,,,TRUE,,FALSE,,,,,,,,,,,,2110.5977,2111.2791,p,0.6324,,139,147,3,1,3,familiar,,,FALSE,2111.2793,2111.2793,2111.2793,2111.2793,,138,0,138,0,1,,
,,,,,6a180b3ecc14e309cf7cc620,2026-05-28_10h36.08.965,WP1_3,2025.2.3,Win32,163.9344262,69d16520e6f55fa76d9ed3a8,6a030b8ba3607712b5d4bf26,,,,,,,,,,,,,,,,,,,,,,,,,,,,,,,,,,,,,,,,,,,,,,,,,,,,,,,,,,,,45,Celebrities_Faces/045_01_greyscale_250.png,,,,,,,,,,,,,,,,,,,,,,,,,,,,,,,,,,,,,1.707039086,2111.2796,2112.9859,,,,,,,,TRUE,,FALSE,,,,,,,,,,,,2112.9868,2113.8405,q,0.8052,,140,149,3,1,1,familiar,,,FALSE,2113.8407,2113.8409,2113.8409,2113.8409,,139,0,139,0,1,,
,,,,,6a180b3ecc14e309cf7cc620,2026-05-28_10h36.08.965,WP1_3,2025.2.3,Win32,163.9344262,69d16520e6f55fa76d9ed3a8,6a030b8ba3607712b5d4bf26,,,,,,,,,,,,,,,,,,,,,,,,,,,,,,,,,,,,,,,,,,,,,,,,,,,,,,,,,,,,52,Celebrities_Faces/052_01_greyscale_250.png,,,,,,,,,,,,,,,,,,,,,,,,,,,,,,,,,,,,,2.122547516,2113.8413,2115.9594,,,,,,,,TRUE,,FALSE,,,,,,,,,,,,2115.9601,2116.7019,q,0.6941,,141,139,3,1,1,familiar,,,FALSE,2116.7021,2116.7022,2116.7022,2116.7023,,140,0,140,0,1,,
,,,,,6a180b3ecc14e309cf7cc620,2026-05-28_10h36.08.965,WP1_3,2025.2.3,Win32,163.9344262,69d16520e6f55fa76d9ed3a8,6a030b8ba3607712b5d4bf26,,,,,,,,,,,,,,,,,,,,,,,,,,,,,,,,,,,,,,,,,,,,,,,,,,,,,,,,,,,,14,Celebrities_Faces/014_03_greyscale_250.png,,,,,,,,,,,,,,,,,,,,,,,,,,,,,,,,,,,,,1.894773723,2116.7025,2118.598,,,,,,,,TRUE,,FALSE,,,,,,,,,,,,2118.5987,2119.3817,q,0.7231,,142,125,3,1,3,familiar,,,FALSE,2119.3821,2119.3822,2119.3822,2119.3822,,141,0,141,0,1,,
,,,,,6a180b3ecc14e309cf7cc620,2026-05-28_10h36.08.965,WP1_3,2025.2.3,Win32,163.9344262,69d16520e6f55fa76d9ed3a8,6a030b8ba3607712b5d4bf26,,,,,,,,,,,,,,,,,,,,,,,,,,,,,,,,,,,,,,,,,,,,,,,,,,,,,,,,,,,,84,stim_fam/084_rgray_250.png,,,,,,,,,,,,,,,,,,,,,,,,,,,,,,,,,,,,,1.983180578,2119.3826,2121.3664,,,,,,,,FALSE,,FALSE,,,,,,,,,,,,2121.3666,2122.1691,p,0.7472,,143,163,3,1,250,novel,,,FALSE,2122.1691,2122.1692,2122.1692,2122.1693,,142,0,142,0,1,,
,,,,,6a180b3ecc14e309cf7cc620,2026-05-28_10h36.08.965,WP1_3,2025.2.3,Win32,163.9344262,69d16520e6f55fa76d9ed3a8,6a030b8ba3607712b5d4bf26,,,,,,,,,,,,,,,,,,,,,,,,,,,,,,,,,,,,,,,,,,,,,,,,,,,,,,,,,,,,90,stim_fam/090_rgray_250.png,,,,,,,,,,,,,,,,,,,,,,,,,,,,,,,,,,,,,2.209318564,2122.1696,2124.3789,,,,,,,,FALSE,,FALSE,,,,,,,,,,,,2124.3792,2124.963,p,0.5302,,144,167,3,1,250,novel,,,FALSE,2124.9632,2124.9632,2124.9632,2124.9633,,143,0,143,0,1,,
,,,,,6a180b3ecc14e309cf7cc620,2026-05-28_10h36.08.965,WP1_3,2025.2.3,Win32,163.9344262,69d16520e6f55fa76d9ed3a8,6a030b8ba3607712b5d4bf26,,,,,,,,,,,,,,,,,,,,,,,,,,,,,,,,,,,,,,,,,,,,,,,,,,,,,,,,,,,,57,Celebrities_Faces/057_01_greyscale_250.png,,,,,,,,,,,,,,,,,,,,,,,,,,,,,,,,,,,,,2.377901394,2124.9636,2127.3419,,,,,,,,TRUE,,FALSE,,,,,,,,,,,,2127.3421,2128.0033,p,0.6067,,145,150,3,1,1,familiar,,,FALSE,2128.0036,2128.0037,2128.0037,2128.0038,,144,0,144,0,1,,
,,,,,6a180b3ecc14e309cf7cc620,2026-05-28_10h36.08.965,WP1_3,2025.2.3,Win32,163.9344262,69d16520e6f55fa76d9ed3a8,6a030b8ba3607712b5d4bf26,,,,,,,,,,,,,,,,,,,,,,,,,,,,,,,,,,,,,,,,,,,,,,,,,,,,,,,,,,,,40,Celebrities_Faces/040_03_greyscale_250.png,,,,,,,,,,,,,,,,,,,,,,,,,,,,,,,,,,,,,1.884082619,2128.0042,2129.8886,,,,,,,,TRUE,,FALSE,,,,,,,,,,,,2129.8897,2130.5681,p,0.6238,,146,143,3,1,3,familiar,,,FALSE,2130.5684,2130.5685,2130.5685,2130.5685,,145,0,145,0,1,,
,,,,,6a180b3ecc14e309cf7cc620,2026-05-28_10h36.08.965,WP1_3,2025.2.3,Win32,163.9344262,69d16520e6f55fa76d9ed3a8,6a030b8ba3607712b5d4bf26,,,,,,,,,,,,,,,,,,,,,,,,,,,,,,,,,,,,,,,,,,,,,,,,,,,,,,,,,,,,88,stim_fam/088_rgray_250.png,,,,,,,,,,,,,,,,,,,,,,,,,,,,,,,,,,,,,1.719972733,2130.5688,2132.2884,,,,,,,,FALSE,,FALSE,,,,,,,,,,,,2132.2891,2132.9987,p,0.6578,,147,171,3,1,250,novel,,,FALSE,2132.9989,2132.999,2132.999,2132.999,,146,0,146,0,1,,
,,,,,6a180b3ecc14e309cf7cc620,2026-05-28_10h36.08.965,WP1_3,2025.2.3,Win32,163.9344262,69d16520e6f55fa76d9ed3a8,6a030b8ba3607712b5d4bf26,,,,,,,,,,,,,,,,,,,,,,,,,,,,,,,,,,,,,,,,,,,,,,,,,,,,,,,,,,,,1,Celebrities_Faces/001_01_greyscale_250.png,,,,,,,,,,,,,,,,,,,,,,,,,,,,,,,,,,,,,2.140475607,2132.9993,2135.137,,,,,,,,TRUE,,FALSE,,,,,,,,,,,,2135.1381,2135.8301,q,0.6339,,148,146,3,1,1,familiar,,,FALSE,2135.8302,2135.8303,2135.8303,2135.8303,,147,0,147,0,1,,
,,,,,6a180b3ecc14e309cf7cc620,2026-05-28_10h36.08.965,WP1_3,2025.2.3,Win32,163.9344262,69d16520e6f55fa76d9ed3a8,6a030b8ba3607712b5d4bf26,,,,,,,,,,,,,,,,,,,,,,,,,,,,,,,,,,,,,,,,,,,,,,,,,,,,,,,,,,,,32,Celebrities_Faces/032_02_greyscale_250.png,,,,,,,,,,,,,,,,,,,,,,,,,,,,,,,,,,,,,2.10588638,2135.8307,2137.9369,,,,,,,,TRUE,,FALSE,,,,,,,,,,,,2137.9377,2138.7127,q,0.7146,,149,142,3,1,2,familiar,,,FALSE,2138.7129,2138.7129,2138.7129,2138.7131,,148,0,148,0,1,,
,,,,,6a180b3ecc14e309cf7cc620,2026-05-28_10h36.08.965,WP1_3,2025.2.3,Win32,163.9344262,69d16520e6f55fa76d9ed3a8,6a030b8ba3607712b5d4bf26,,,,,,,,,,,,,,,,,,,,,,,,,,,,,,,,,,,,,,,,,,,,,,,,,,,,,,,,,,,,51,Celebrities_Faces/051_01_greyscale_250.png,,,,,,,,,,,,,,,,,,,,,,,,,,,,,,,,,,,,,2.432421171,2138.7135,2141.1472,,,,,,,,TRUE,,FALSE,,,,,,,,,,,,2141.1474,2142.0655,p,0.861,,150,148,3,1,1,familiar,,,FALSE,2142.0657,2142.0657,2142.0657,2142.0657,,149,0,149,0,1,,
,,,,,6a180b3ecc14e309cf7cc620,2026-05-28_10h36.08.965,WP1_3,2025.2.3,Win32,163.9344262,69d16520e6f55fa76d9ed3a8,6a030b8ba3607712b5d4bf26,,,,,,,,,,,,,,,,,,,,,,,,,,,,,,,,,,,,,,,,,,,,,,,,,,,,,,,,,,,,16,stim_fam/016_rgray_250.png,,,,,,,,,,,,,,,,,,,,,,,,,,,,,,,,,,,,,1.60036942,2142.0661,2143.6643,,,,,,,,FALSE,,FALSE,,,,,,,,,,,,2143.6649,2144.3528,p,0.6362,,151,168,3,1,250,novel,,,FALSE,2144.3528,2144.3529,2144.3529,2144.3529,,150,0,150,0,1,,
,,,,,6a180b3ecc14e309cf7cc620,2026-05-28_10h36.08.965,WP1_3,2025.2.3,Win32,163.9344262,69d16520e6f55fa76d9ed3a8,6a030b8ba3607712b5d4bf26,,,,,,,,,,,,,,,,,,,,,,,,,,,,,,,,,,,,,,,,,,,,,,,,,,,,,,,,,,,,30,Celebrities_Faces/030_01_greyscale_250.png,,,,,,,,,,,,,,,,,,,,,,,,,,,,,,,,,,,,,2.065080869,2144.353,2146.4157,,,,,,,,TRUE,,FALSE,,,,,,,,,,,,2146.4162,2147.1441,p,0.6748,,152,136,3,1,1,familiar,,,FALSE,2147.1444,2147.1444,2147.1444,2147.1444,,151,0,151,0,1,,
,,,,,6a180b3ecc14e309cf7cc620,2026-05-28_10h36.08.965,WP1_3,2025.2.3,Win32,163.9344262,69d16520e6f55fa76d9ed3a8,6a030b8ba3607712b5d4bf26,,,,,,,,,,,,,,,,,,,,,,,,,,,,,,,,,,,,,,,,,,,,,,,,,,,,,,,,,,,,23,Celebrities_Faces/023_03_greyscale_250.png,,,,,,,,,,,,,,,,,,,,,,,,,,,,,,,,,,,,,1.926675561,2147.1447,2149.0703,,,,,,,,TRUE,,FALSE,,,,,,,,,,,,2149.0713,2149.7023,p,0.5826,,153,128,3,1,3,familiar,,,FALSE,2149.7024,2149.7025,2149.7026,2149.7026,,152,0,152,0,1,,
,,,,,6a180b3ecc14e309cf7cc620,2026-05-28_10h36.08.965,WP1_3,2025.2.3,Win32,163.9344262,69d16520e6f55fa76d9ed3a8,6a030b8ba3607712b5d4bf26,,,,,,,,,,,,,,,,,,,,,,,,,,,,,,,,,,,,,,,,,,,,,,,,,,,,,,,,,,,,26,Celebrities_Faces/026_02_greyscale_250.png,,,,,,,,,,,,,,,,,,,,,,,,,,,,,,,,,,,,,1.899692696,2149.7029,2151.5973,,,,,,,,TRUE,,FALSE,,,,,,,,,,,,2151.5982,2152.4996,q,0.8535,,154,126,3,1,2,familiar,,,FALSE,2152.4997,2152.4998,2152.4998,2152.4998,,153,0,153,0,1,,
,,,,,6a180b3ecc14e309cf7cc620,2026-05-28_10h36.08.965,WP1_3,2025.2.3,Win32,163.9344262,69d16520e6f55fa76d9ed3a8,6a030b8ba3607712b5d4bf26,,,,,,,,,,,,,,,,,,,,,,,,,,,,,,,,,,,,,,,,,,,,,,,,,,,,,,,,,,,,102,stim_fam/102_rgray_250.png,,,,,,,,,,,,,,,,,,,,,,,,,,,,,,,,,,,,,1.93297213,2152.5001,2154.434,,,,,,,,FALSE,,FALSE,,,,,,,,,,,,2154.4347,2155.1555,p,0.6701,,155,154,3,1,250,novel,,,FALSE,2155.1556,2155.1557,2155.1557,2155.1557,,154,0,154,0,1,,
,,,,,6a180b3ecc14e309cf7cc620,2026-05-28_10h36.08.965,WP1_3,2025.2.3,Win32,163.9344262,69d16520e6f55fa76d9ed3a8,6a030b8ba3607712b5d4bf26,,,,,,,,,,,,,,,,,,,,,,,,,,,,,,,,,,,,,,,,,,,,,,,,,,,,,,,,,,,,27,Celebrities_Faces/027_03_greyscale_250.png,,,,,,,,,,,,,,,,,,,,,,,,,,,,,,,,,,,,,2.114825655,2155.1559,2157.2687,,,,,,,,TRUE,,FALSE,,,,,,,,,,,,2157.2691,2157.9013,p,0.5787,,156,132,3,1,3,familiar,,,FALSE,2157.9016,2157.9017,2157.9018,2157.9018,,155,0,155,0,1,,
,,,,,6a180b3ecc14e309cf7cc620,2026-05-28_10h36.08.965,WP1_3,2025.2.3,Win32,163.9344262,69d16520e6f55fa76d9ed3a8,6a030b8ba3607712b5d4bf26,,,,,,,,,,,,,,,,,,,,,,,,,,,,,,,,,,,,,,,,,,,,,,,,,,,,,,,,,,,,15,Celebrities_Faces/015_02_greyscale_250.png,,,,,,,,,,,,,,,,,,,,,,,,,,,,,,,,,,,,,1.521525967,2157.9023,2159.4199,,,,,,,,TRUE,,FALSE,,,,,,,,,,,,2159.4203,2160.2906,p,0.8209,,157,131,3,1,2,familiar,,,FALSE,2160.2907,2160.2907,2160.2907,2160.2907,,156,0,156,0,1,,
,,,,,6a180b3ecc14e309cf7cc620,2026-05-28_10h36.08.965,WP1_3,2025.2.3,Win32,163.9344262,69d16520e6f55fa76d9ed3a8,6a030b8ba3607712b5d4bf26,,,,,,,,,,,,,,,,,,,,,,,,,,,,,,,,,,,,,,,,,,,,,,,,,,,,,,,,,,,,66,stim_fam/066_rgray_250.png,,,,,,,,,,,,,,,,,,,,,,,,,,,,,,,,,,,,,2.111644348,2160.2909,2162.4081,,,,,,,,FALSE,,FALSE,,,,,,,,,,,,2162.4084,2163.0074,p,0.5513,,158,174,3,1,250,novel,,,FALSE,2163.0074,2163.0074,2163.0074,2163.0074,,157,0,157,0,1,,
,,,,,6a180b3ecc14e309cf7cc620,2026-05-28_10h36.08.965,WP1_3,2025.2.3,Win32,163.9344262,69d16520e6f55fa76d9ed3a8,6a030b8ba3607712b5d4bf26,,,,,,,,,,,,,,,,,,,,,,,,,,,,,,,,,,,,,,,,,,,,,,,,,,,,,,,,,,,,3,stim_fam/003_rgray_250.png,,,,,,,,,,,,,,,,,,,,,,,,,,,,,,,,,,,,,1.525643387,2163.0076,2164.5297,,,,,,,,FALSE,,FALSE,,,,,,,,,,,,2164.5303,2165.3187,p,0.7257,,159,162,3,1,250,novel,,,FALSE,2165.3189,2165.3189,2165.319,2165.319,,158,0,158,0,1,,
,,,,,6a180b3ecc14e309cf7cc620,2026-05-28_10h36.08.965,WP1_3,2025.2.3,Win32,163.9344262,69d16520e6f55fa76d9ed3a8,6a030b8ba3607712b5d4bf26,,,,,,,,,,,,,,,,,,,,,,,,,,,,,,,,,,,,,,,,,,,,,,,,,,,,,,,,,,,,54,stim_fam/054_rgray_250.png,,,,,,,,,,,,,,,,,,,,,,,,,,,,,,,,,,,,,2.131241177,2165.3193,2167.4479,,,,,,,,FALSE,,FALSE,,,,,,,,,,,,2167.4486,2168.2634,p,0.7577,,160,178,3,1,250,novel,,,FALSE,2168.2635,2168.2636,2168.2636,2168.2637,,159,0,159,0,1,,
,,,,,6a180b3ecc14e309cf7cc620,2026-05-28_10h36.08.965,WP1_3,2025.2.3,Win32,163.9344262,69d16520e6f55fa76d9ed3a8,6a030b8ba3607712b5d4bf26,,,,,,,,,,,,,,,,,,,,,,,,,,,,,,,,,,,,,,,,,,,,,,,,,,,,,,,,,,,,6,Celebrities_Faces/006_02_greyscale_250.png,,,,,,,,,,,,,,,,,,,,,,,,,,,,,,,,,,,,,1.511172842,2168.2638,2169.7726,,,,,,,,TRUE,,FALSE,,,,,,,,,,,,2169.7735,2170.444,p,0.6167,,161,121,3,1,2,familiar,,,FALSE,2170.444,2170.4441,2170.4441,2170.4441,,160,0,160,0,1,,
,,,,,6a180b3ecc14e309cf7cc620,2026-05-28_10h36.08.965,WP1_3,2025.2.3,Win32,163.9344262,69d16520e6f55fa76d9ed3a8,6a030b8ba3607712b5d4bf26,,,,,,,,,,,,,,,,,,,,,,,,,,,,,,,,,,,,,,,,,,,,,,,,,,,,,,,,,,,,4,Celebrities_Faces/004_01_greyscale_250.png,,,,,,,,,,,,,,,,,,,,,,,,,,,,,,,,,,,,,1.651681274,2170.4443,2172.0971,,,,,,,,TRUE,,FALSE,,,,,,,,,,,,2172.0974,2172.7959,p,0.6482,,162,133,3,1,1,familiar,,,FALSE,2172.796,2172.796,2172.796,2172.796,,161,0,161,0,1,,
,,,,,6a180b3ecc14e309cf7cc620,2026-05-28_10h36.08.965,WP1_3,2025.2.3,Win32,163.9344262,69d16520e6f55fa76d9ed3a8,6a030b8ba3607712b5d4bf26,,,,,,,,,,,,,,,,,,,,,,,,,,,,,,,,,,,,,,,,,,,,,,,,,,,,,,,,,,,,13,stim_fam/013_rgray_250.png,,,,,,,,,,,,,,,,,,,,,,,,,,,,,,,,,,,,,1.84897342,2172.796,2174.644,,,,,,,,FALSE,,FALSE,,,,,,,,,,,,2174.6442,2175.4799,p,0.783,,163,172,3,1,250,novel,,,FALSE,2175.48,2175.4801,2175.4801,2175.4802,,162,0,162,0,1,,
,,,,,6a180b3ecc14e309cf7cc620,2026-05-28_10h36.08.965,WP1_3,2025.2.3,Win32,163.9344262,69d16520e6f55fa76d9ed3a8,6a030b8ba3607712b5d4bf26,,,,,,,,,,,,,,,,,,,,,,,,,,,,,,,,,,,,,,,,,,,,,,,,,,,,,,,,,,,,57,stim_fam/057_rgray_250.png,,,,,,,,,,,,,,,,,,,,,,,,,,,,,,,,,,,,,2.233872139,2175.4804,2177.711,,,,,,,,FALSE,,FALSE,,,,,,,,,,,,2177.7112,2178.4663,p,0.7011,,164,157,3,1,250,novel,,,FALSE,2178.4665,2178.4665,2178.4665,2178.4665,,163,0,163,0,1,,
,,,,,6a180b3ecc14e309cf7cc620,2026-05-28_10h36.08.965,WP1_3,2025.2.3,Win32,163.9344262,69d16520e6f55fa76d9ed3a8,6a030b8ba3607712b5d4bf26,,,,,,,,,,,,,,,,,,,,,,,,,,,,,,,,,,,,,,,,,,,,,,,,,,,,,,,,,,,,39,Celebrities_Faces/039_01_greyscale_250.png,,,,,,,,,,,,,,,,,,,,,,,,,,,,,,,,,,,,,2.499235918,2178.4668,2180.9655,,,,,,,,TRUE,,FALSE,,,,,,,,,,,,2180.9656,2181.7134,p,0.6871,,165,135,3,1,1,familiar,,,FALSE,2181.7137,2181.7137,2181.7138,2181.7139,,164,0,164,0,1,,
,,,,,6a180b3ecc14e309cf7cc620,2026-05-28_10h36.08.965,WP1_3,2025.2.3,Win32,163.9344262,69d16520e6f55fa76d9ed3a8,6a030b8ba3607712b5d4bf26,,,,,,,,,,,,,,,,,,,,,,,,,,,,,,,,,,,,,,,,,,,,,,,,,,,,,,,,,,,,44,stim_fam/044_rgray_250.png,,,,,,,,,,,,,,,,,,,,,,,,,,,,,,,,,,,,,2.223647898,2181.7142,2183.9349,,,,,,,,FALSE,,FALSE,,,,,,,,,,,,2183.9351,2184.6638,p,0.6731,,166,153,3,1,250,novel,,,FALSE,2184.6641,2184.6641,2184.6641,2184.6641,,165,0,165,0,1,,
,,,,,6a180b3ecc14e309cf7cc620,2026-05-28_10h36.08.965,WP1_3,2025.2.3,Win32,163.9344262,69d16520e6f55fa76d9ed3a8,6a030b8ba3607712b5d4bf26,,,,,,,,,,,,,,,,,,,,,,,,,,,,,,,,,,,,,,,,,,,,,,,,,,,,,,,,,,,,60,Celebrities_Faces/060_01_greyscale_250.png,,,,,,,,,,,,,,,,,,,,,,,,,,,,,,,,,,,,,2.202443125,2184.6644,2186.8633,,,,,,,,TRUE,,FALSE,,,,,,,,,,,,2186.8645,2187.7453,p,0.8258,,167,122,3,1,1,familiar,,,FALSE,2187.7455,2187.7456,2187.7456,2187.7456,,166,0,166,0,1,,
,,,,,6a180b3ecc14e309cf7cc620,2026-05-28_10h36.08.965,WP1_3,2025.2.3,Win32,163.9344262,69d16520e6f55fa76d9ed3a8,6a030b8ba3607712b5d4bf26,,,,,,,,,,,,,,,,,,,,,,,,,,,,,,,,,,,,,,,,,,,,,,,,,,,,,,,,,,,,14,stim_fam/014_rgray_250.png,,,,,,,,,,,,,,,,,,,,,,,,,,,,,,,,,,,,,1.794162772,2187.7459,2189.5393,,,,,,,,FALSE,,FALSE,,,,,,,,,,,,2189.5396,2190.3686,p,0.7737,,168,177,3,1,250,novel,,,FALSE,2190.3689,2190.3689,2190.369,2190.369,,167,0,167,0,1,,
,,,,,6a180b3ecc14e309cf7cc620,2026-05-28_10h36.08.965,WP1_3,2025.2.3,Win32,163.9344262,69d16520e6f55fa76d9ed3a8,6a030b8ba3607712b5d4bf26,,,,,,,,,,,,,,,,,,,,,,,,,,,,,,,,,,,,,,,,,,,,,,,,,,,,,,,,,,,,39,stim_fam/039_rgray_250.png,,,,,,,,,,,,,,,,,,,,,,,,,,,,,,,,,,,,,2.398384397,2190.3694,2192.7644,,,,,,,,FALSE,,FALSE,,,,,,,,,,,,2192.7647,2193.5808,p,0.755,,169,160,3,1,250,novel,,,FALSE,2193.581,2193.581,2193.5811,2193.5811,,168,0,168,0,1,,
,,,,,6a180b3ecc14e309cf7cc620,2026-05-28_10h36.08.965,WP1_3,2025.2.3,Win32,163.9344262,69d16520e6f55fa76d9ed3a8,6a030b8ba3607712b5d4bf26,,,,,,,,,,,,,,,,,,,,,,,,,,,,,,,,,,,,,,,,,,,,,,,,,,,,,,,,,,,,74,stim_fam/074_rgray_250.png,,,,,,,,,,,,,,,,,,,,,,,,,,,,,,,,,,,,,2.142178645,2193.5814,2195.7207,,,,,,,,FALSE,,FALSE,,,,,,,,,,,,2195.7216,2196.6443,p,0.8669,,170,165,3,1,250,novel,,,FALSE,2196.6444,2196.6444,2196.6444,2196.6445,,169,0,169,0,1,,
,,,,,6a180b3ecc14e309cf7cc620,2026-05-28_10h36.08.965,WP1_3,2025.2.3,Win32,163.9344262,69d16520e6f55fa76d9ed3a8,6a030b8ba3607712b5d4bf26,,,,,,,,,,,,,,,,,,,,,,,,,,,,,,,,,,,,,,,,,,,,,,,,,,,,,,,,,,,,20,stim_fam/020_rgray_250.png,,,,,,,,,,,,,,,,,,,,,,,,,,,,,,,,,,,,,2.027599904,2196.6447,2198.6678,,,,,,,,FALSE,,FALSE,,,,,,,,,,,,2198.6682,2199.4316,p,0.7027,,171,173,3,1,250,novel,,,FALSE,2199.4317,2199.4317,2199.4317,2199.4318,,170,0,170,0,1,,
,,,,,6a180b3ecc14e309cf7cc620,2026-05-28_10h36.08.965,WP1_3,2025.2.3,Win32,163.9344262,69d16520e6f55fa76d9ed3a8,6a030b8ba3607712b5d4bf26,,,,,,,,,,,,,,,,,,,,,,,,,,,,,,,,,,,,,,,,,,,,,,,,,,,,,,,,,,,,67,stim_fam/067_rgray_250.png,,,,,,,,,,,,,,,,,,,,,,,,,,,,,,,,,,,,,1.97759336,2199.4318,2201.4066,,,,,,,,FALSE,,FALSE,,,,,,,,,,,,2201.4068,2202.2122,p,0.7482,,172,166,3,1,250,novel,,,FALSE,2202.2125,2202.2125,2202.2125,2202.2125,,171,0,171,0,1,,
,,,,,6a180b3ecc14e309cf7cc620,2026-05-28_10h36.08.965,WP1_3,2025.2.3,Win32,163.9344262,69d16520e6f55fa76d9ed3a8,6a030b8ba3607712b5d4bf26,,,,,,,,,,,,,,,,,,,,,,,,,,,,,,,,,,,,,,,,,,,,,,,,,,,,,,,,,,,,49,stim_fam/049_rgray_250.png,,,,,,,,,,,,,,,,,,,,,,,,,,,,,,,,,,,,,1.908954228,2202.2128,2204.1191,,,,,,,,FALSE,,FALSE,,,,,,,,,,,,2204.1195,2204.9602,p,0.7832,,173,151,3,1,250,novel,,,FALSE,2204.9604,2204.9605,2204.9605,2204.9605,,172,0,172,0,1,,
,,,,,6a180b3ecc14e309cf7cc620,2026-05-28_10h36.08.965,WP1_3,2025.2.3,Win32,163.9344262,69d16520e6f55fa76d9ed3a8,6a030b8ba3607712b5d4bf26,,,,,,,,,,,,,,,,,,,,,,,,,,,,,,,,,,,,,,,,,,,,,,,,,,,,,,,,,,,,48,Celebrities_Faces/048_01_greyscale_250.png,,,,,,,,,,,,,,,,,,,,,,,,,,,,,,,,,,,,,2.00656434,2204.9608,2206.966,,,,,,,,TRUE,,FALSE,,,,,,,,,,,,2206.9665,2207.8006,p,0.7855,,174,127,3,1,1,familiar,,,FALSE,2207.8007,2207.8008,2207.8009,2207.8009,,173,0,173,0,1,,
,,,,,6a180b3ecc14e309cf7cc620,2026-05-28_10h36.08.965,WP1_3,2025.2.3,Win32,163.9344262,69d16520e6f55fa76d9ed3a8,6a030b8ba3607712b5d4bf26,,,,,,,,,,,,,,,,,,,,,,,,,,,,,,,,,,,,,,,,,,,,,,,,,,,,,,,,,,,,12,Celebrities_Faces/012_02_greyscale_250.png,,,,,,,,,,,,,,,,,,,,,,,,,,,,,,,,,,,,,1.785138942,2207.8011,2209.5821,,,,,,,,TRUE,,FALSE,,,,,,,,,,,,2209.5824,2210.3799,q,0.7463,,175,144,3,1,2,familiar,,,FALSE,2210.38,2210.3803,2210.3803,2210.3804,,174,0,174,0,1,,
,,,,,6a180b3ecc14e309cf7cc620,2026-05-28_10h36.08.965,WP1_3,2025.2.3,Win32,163.9344262,69d16520e6f55fa76d9ed3a8,6a030b8ba3607712b5d4bf26,,,,,,,,,,,,,,,,,,,,,,,,,,,,,,,,,,,,,,,,,,,,,,,,,,,,,,,,,,,,76,stim_fam/076_rgray_250.png,,,,,,,,,,,,,,,,,,,,,,,,,,,,,,,,,,,,,1.675802635,2210.3808,2212.0555,,,,,,,,FALSE,,FALSE,,,,,,,,,,,,2212.0557,2212.8601,p,0.7548,,176,159,3,1,250,novel,,,FALSE,2212.8603,2212.8604,2212.8605,2212.8605,,175,0,175,0,1,,
,,,,,6a180b3ecc14e309cf7cc620,2026-05-28_10h36.08.965,WP1_3,2025.2.3,Win32,163.9344262,69d16520e6f55fa76d9ed3a8,6a030b8ba3607712b5d4bf26,,,,,,,,,,,,,,,,,,,,,,,,,,,,,,,,,,,,,,,,,,,,,,,,,,,,,,,,,,,,17,Celebrities_Faces/017_03_greyscale_250.png,,,,,,,,,,,,,,,,,,,,,,,,,,,,,,,,,,,,,1.6542249,2212.8607,2214.5163,,,,,,,,TRUE,,FALSE,,,,,,,,,,,,2214.5165,2215.2554,p,0.6853,,177,124,3,1,3,familiar,,,FALSE,2215.2554,2215.2554,2215.2554,2215.2555,,176,0,176,0,1,,
,,,,,6a180b3ecc14e309cf7cc620,2026-05-28_10h36.08.965,WP1_3,2025.2.3,Win32,163.9344262,69d16520e6f55fa76d9ed3a8,6a030b8ba3607712b5d4bf26,,,,,,,,,,,,,,,,,,,,,,,,,,,,,,,,,,,,,,,,,,,,,,,,,,,,,,,,,,,,81,stim_fam/081_rgray_250.png,,,,,,,,,,,,,,,,,,,,,,,,,,,,,,,,,,,,,2.177522396,2215.2556,2217.4324,,,,,,,,FALSE,,FALSE,,,,,,,,,,,,2217.4331,2218.0475,p,0.562,,178,180,3,1,250,novel,,,FALSE,2218.0477,2218.0477,2218.0477,2218.0477,,177,0,177,0,1,,
,,,,,6a180b3ecc14e309cf7cc620,2026-05-28_10h36.08.965,WP1_3,2025.2.3,Win32,163.9344262,69d16520e6f55fa76d9ed3a8,6a030b8ba3607712b5d4bf26,,,,,,,,,,,,,,,,,,,,,,,,,,,,,,,,,,,,,,,,,,,,,,,,,,,,,,,,,,,,5,Celebrities_Faces/005_02_greyscale_250.png,,,,,,,,,,,,,,,,,,,,,,,,,,,,,,,,,,,,,1.519753635,2218.048,2219.5656,,,,,,,,TRUE,,FALSE,,,,,,,,,,,,2219.5662,2220.2194,q,0.6014,,179,123,3,1,2,familiar,,,FALSE,2220.2198,2220.2199,2220.2199,2220.22,,178,0,178,0,1,,
,,,,,6a180b3ecc14e309cf7cc620,2026-05-28_10h36.08.965,WP1_3,2025.2.3,Win32,163.9344262,69d16520e6f55fa76d9ed3a8,6a030b8ba3607712b5d4bf26,,,,,,,,,,,,,,,,,,,,,,,,,,,,,,,,,,,,,,,,,,,,,,,,,,,,,,,,,,,,53,Celebrities_Faces/053_01_greyscale_250.png,,,,,,,,,,,,,,,,,,,,,,,,,,,,,,,,,,,,,1.620939876,2220.2203,2221.8397,,,,,,,,TRUE,,FALSE,,,,,,,,,,,,2221.8403,2222.6237,p,0.7361,,180,145,3,1,1,familiar,,,FALSE,2222.6239,2222.6239,2222.6239,2222.6239,,179,0,179,0,1,,
