Study_information_1.started,Study_information_1.stopped,key_resp.keys,key_resp.rt,key_resp.duration,session,date,expName,psychopyVersion,OS,frameRate,participant,study_id,Study_information_2.started,Study_information_2.stopped,key_resp_2.keys,key_resp_2.rt,key_resp_2.duration,Study_information_3.started,Study_information_3.stopped,key_resp_3.keys,key_resp_3.rt,key_resp_3.duration,Consent.started,Consent.stopped,key_resp_5.keys,key_resp_5.rt,key_resp_5.duration,Instruction_1.started,Instruction_1.stopped,space_cont.keys,space_cont.rt,space_cont.duration,Instruction_2.started,Instruction_2.stopped,space_cont_2.keys,space_cont_2.rt,space_cont_2.duration,Instruction_3.started,Instruction_3.stopped,space_cont_3.keys,space_cont_3.rt,space_cont_3.duration,Instruction_4.started,Instruction_4.stopped,space_cont_4.keys,space_cont_4.rt,space_cont_4.duration,Instruction_5.started,Instruction_5.stopped,space_cont_5.keys,space_cont_5.rt,space_cont_5.duration,Familiarity_Rating.started,Familiarity_Rating.stopped,familiarity_scale.response,familiarity_scale.rt,key_resp_familiarity.keys,familiarity_rating,Valence_Rating.started,Valence_Rating.stopped,valence_scale.response,valence_scale.rt,key_resp_valence.keys,key_resp_valence.rt,key_resp_valence.duration,valence_rating,Name_Selection.started,Name_Selection.stopped,key_resp_naming.keys,key_resp_naming.rt,key_resp_naming.duration,identity_no,image_file,correct_name,selected_name_option,selected_name,correct_name_option,name_correct,qualifies_for_part2,qualified_count_so_far,trials_rating.thisRepN,trials_rating.thisTrialN,trials_rating.thisN,trials_rating.thisIndex,trials_rating.ran,Identity_no,Image,Option1,Option2,Option3,Option4,CorrectName,selection_method,num_selected_identities,qualified_identity_nos,break_1.started,break_1.stopped,Load_Recognition_Trials.started,Load_Recognition_Trials.stopped,Instruction_recog_1.started,Instruction_recog_1.stopped,space_cont_6.keys,space_cont_6.rt,space_cont_6.duration,Instruction_recog_2.started,Instruction_recog_2.stopped,space_cont_7.keys,space_cont_7.rt,space_cont_7.duration,fixation_duration,fix_cross.started,fix_cross.stopped,Practice_Recognition_Trial.started,Practice_Recognition_Trial.stopped,key_resp_practice.keys,key_resp_practice.rt,key_resp_practice.duration,is_practice,practice_trial_number,is_familiar,participant_response,too_slow,response_time,practice_trials.thisRepN,practice_trials.thisTrialN,practice_trials.thisN,practice_trials.thisIndex,practice_trials.ran,Instruction_recog.started,Instruction_recog.stopped,space_cont_8.keys,space_cont_8.rt,space_cont_8.duration,Recognition_trials.started,Recognition_trials.stopped,key_resp_recognition.keys,key_resp_recognition.rt,key_resp_recognition.duration,recognition_trial_number,original_trial_number,block,trial_in_block,orientation,identity_type,response_familiar,correct,valid_response,Too_slow.started,Too_slow.stopped,break_recog.started,break_recog.stopped,key_resp_6.keys,trials.thisRepN,trials.thisTrialN,trials.thisN,trials.thisIndex,trials.ran,key_resp_6.rt,key_resp_6.duration,End_experiment.started,End_experiment.stopped
0.0005,14.0451,space,14.005,,6a180b52095b1d794adaf154,2026-05-28_10h31.30.477,WP1_3,03.02.2025,Linux x86_64,59.88023952,69e3e1e44a46363f9772b8e8,6a030b8ba3607712b5d4bf26,,,,,,,,,,,,,,,,,,,,,,,,,,,,,,,,,,,,,,,,,,,,,,,,,,,,,,,,,,,,,,,,,,,,,,,,,,,,,,,,,,,,,,,,,,,,,,,,,,,,,,,,,,,,,,,,,,,,,,,,,,,,,,,,,,,,,,,,,,,,,,,,,,,,,
,,,,,6a180b52095b1d794adaf154,2026-05-28_10h31.30.477,WP1_3,03.02.2025,Linux x86_64,59.88023952,69e3e1e44a46363f9772b8e8,6a030b8ba3607712b5d4bf26,14.0454,22.5773,space,8.5119,,,,,,,,,,,,,,,,,,,,,,,,,,,,,,,,,,,,,,,,,,,,,,,,,,,,,,,,,,,,,,,,,,,,,,,,,,,,,,,,,,,,,,,,,,,,,,,,,,,,,,,,,,,,,,,,,,,,,,,,,,,,,,,,,,,,,,,,,,,,,,,,,
,,,,,6a180b52095b1d794adaf154,2026-05-28_10h31.30.477,WP1_3,03.02.2025,Linux x86_64,59.88023952,69e3e1e44a46363f9772b8e8,6a030b8ba3607712b5d4bf26,,,,,,22.5775,36.1273,space,13.5182,,,,,,,,,,,,,,,,,,,,,,,,,,,,,,,,,,,,,,,,,,,,,,,,,,,,,,,,,,,,,,,,,,,,,,,,,,,,,,,,,,,,,,,,,,,,,,,,,,,,,,,,,,,,,,,,,,,,,,,,,,,,,,,,,,,,,,,,,,,,
,,,,,6a180b52095b1d794adaf154,2026-05-28_10h31.30.477,WP1_3,03.02.2025,Linux x86_64,59.88023952,69e3e1e44a46363f9772b8e8,6a030b8ba3607712b5d4bf26,,,,,,,,,,,36.1279,41.9096,space,5.7202,,,,,,,,,,,,,,,,,,,,,,,,,,,,,,,,,,,,,,,,,,,,,,,,,,,,,,,,,,,,,,,,,,,,,,,,,,,,,,,,,,,,,,,,,,,,,,,,,,,,,,,,,,,,,,,,,,,,,,,,,,,,,,,,,,,,,,,
,,,,,6a180b52095b1d794adaf154,2026-05-28_10h31.30.477,WP1_3,03.02.2025,Linux x86_64,59.88023952,69e3e1e44a46363f9772b8e8,6a030b8ba3607712b5d4bf26,,,,,,,,,,,,,,,,41.9102,47.8085,space,5.8489,,,,,,,,,,,,,,,,,,,,,,,,,,,,,,,,,,,,,,,,,,,,,,,,,,,,,,,,,,,,,,,,,,,,,,,,,,,,,,,,,,,,,,,,,,,,,,,,,,,,,,,,,,,,,,,,,,,,,,,,,,,,,,,,,,
,,,,,6a180b52095b1d794adaf154,2026-05-28_10h31.30.477,WP1_3,03.02.2025,Linux x86_64,59.88023952,69e3e1e44a46363f9772b8e8,6a030b8ba3607712b5d4bf26,,,,,,,,,,,,,,,,,,,,,47.8091,54.8741,space,7.0234,,,,,,,,,,,,,,,,,,,,,,,,,,,,,,,,,,,,,,,,,,,,,,,,,,,,,,,,,,,,,,,,,,,,,,,,,,,,,,,,,,,,,,,,,,,,,,,,,,,,,,,,,,,,,,,,,,,,,,,,,,,,,
,,,,,6a180b52095b1d794adaf154,2026-05-28_10h31.30.477,WP1_3,03.02.2025,Linux x86_64,59.88023952,69e3e1e44a46363f9772b8e8,6a030b8ba3607712b5d4bf26,,,,,,,,,,,,,,,,,,,,,,,,,,54.8746,58.473,space,3.5672,,,,,,,,,,,,,,,,,,,,,,,,,,,,,,,,,,,,,,,,,,,,,,,,,,,,,,,,,,,,,,,,,,,,,,,,,,,,,,,,,,,,,,,,,,,,,,,,,,,,,,,,,,,,,,,,,,,,,,,,
,,,,,6a180b52095b1d794adaf154,2026-05-28_10h31.30.477,WP1_3,03.02.2025,Linux x86_64,59.88023952,69e3e1e44a46363f9772b8e8,6a030b8ba3607712b5d4bf26,,,,,,,,,,,,,,,,,,,,,,,,,,,,,,,58.4732,59.4062,space,0.9112,,,,,,,,,,,,,,,,,,,,,,,,,,,,,,,,,,,,,,,,,,,,,,,,,,,,,,,,,,,,,,,,,,,,,,,,,,,,,,,,,,,,,,,,,,,,,,,,,,,,,,,,,,,,,,,,,,,
,,,,,6a180b52095b1d794adaf154,2026-05-28_10h31.30.477,WP1_3,03.02.2025,Linux x86_64,59.88023952,69e3e1e44a46363f9772b8e8,6a030b8ba3607712b5d4bf26,,,,,,,,,,,,,,,,,,,,,,,,,,,,,,,,,,,,59.4064,65.7903,space,6.3631,,,,,,,,,,,,,,,,,,,,,,,,,,,,,,,,,,,,,,,,,,,,,,,,,,,,,,,,,,,,,,,,,,,,,,,,,,,,,,,,,,,,,,,,,,,,,,,,,,,,,,,,,,,,,,
,,,,,6a180b52095b1d794adaf154,2026-05-28_10h31.30.477,WP1_3,03.02.2025,Linux x86_64,59.88023952,69e3e1e44a46363f9772b8e8,6a030b8ba3607712b5d4bf26,,,,,,,,,,,,,,,,,,,,,,,,,,,,,,,,,,,,,,,,,65.8319,72.3051,,,,0,72.3065,74.7891,,,"[""space""]",[2.2674999999999983],[null],5,74.7916,79.0395,space,4.0078,,40,Celebrities_Faces/040_rating.jpg,Gal Gadot,1,Maria Sharapova,0,FALSE,FALSE,0,0,0,0,39,1,40,Celebrities_Faces/040_rating.jpg,Gal Gadot,Maria Sharapova,Taylor Swift,Nicole Kidman,Gal Gadot,,,,,,,,,,,,,,,,,,,,,,,,,,,,,,,,,,,,,,,,,,,,,,,,,,,,,,,,,,,,,,,,,,,,,
,,,,,6a180b52095b1d794adaf154,2026-05-28_10h31.30.477,WP1_3,03.02.2025,Linux x86_64,59.88023952,69e3e1e44a46363f9772b8e8,6a030b8ba3607712b5d4bf26,,,,,,,,,,,,,,,,,,,,,,,,,,,,,,,,,,,,,,,,,79.0435,83.6037,,,,8,83.6045,85.9206,,,"[""right"",""right"",""space""]","[1.1692000000001883,1.4067000000001855,2.189600000000084]","[null,null,null]",7,85.9275,91.1536,space,5.0714,,46,Celebrities_Faces/046_rating.jpg,Emma Stone,1,Emma Stone,1,TRUE,TRUE,1,0,1,1,45,1,46,Celebrities_Faces/046_rating.jpg,Halle Berry,Emma Stone,Emma Watson,Taylor Swift,Emma Stone,,,,,,,,,,,,,,,,,,,,,,,,,,,,,,,,,,,,,,,,,,,,,,,,,,,,,,,,,,,,,,,,,,,,,
,,,,,6a180b52095b1d794adaf154,2026-05-28_10h31.30.477,WP1_3,03.02.2025,Linux x86_64,59.88023952,69e3e1e44a46363f9772b8e8,6a030b8ba3607712b5d4bf26,,,,,,,,,,,,,,,,,,,,,,,,,,,,,,,,,,,,,,,,,91.1574,94.7858,,,,6,94.7866,96.3527,,,"[""right"",""space""]","[0.969900000000365,1.5196000000000964]","[null,null]",6,96.3604,100.554,space,4.1061,,49,Celebrities_Faces/049_rating.jpg,Olivia Rodrigo,0,Olivia Rodrigo,0,TRUE,FALSE,1,0,2,2,48,1,49,Celebrities_Faces/049_rating.jpg,Olivia Rodrigo,Lindsay Lohan,Gal Gadot,Angelina Jolie,Olivia Rodrigo,,,,,,,,,,,,,,,,,,,,,,,,,,,,,,,,,,,,,,,,,,,,,,,,,,,,,,,,,,,,,,,,,,,,,
,,,,,6a180b52095b1d794adaf154,2026-05-28_10h31.30.477,WP1_3,03.02.2025,Linux x86_64,59.88023952,69e3e1e44a46363f9772b8e8,6a030b8ba3607712b5d4bf26,,,,,,,,,,,,,,,,,,,,,,,,,,,,,,,,,,,,,,,,,100.5557,104.4868,,,,4,104.4888,109.9008,,,"[""right"",""left"",""left"",""right"",""space""]","[2.9810000000000088,3.648099999999644,3.9318999999999136,4.498299999999816,5.0760999999996415]","[null,null,null,null,null]",5,109.9035,112.8674,space,2.6935,,24,Celebrities_Faces/024_rating.jpg,Ryan Reynolds,3,Ryan Reynolds,3,TRUE,FALSE,1,0,3,3,23,1,24,Celebrities_Faces/024_rating.jpg,Roger Federer,Denzel Washighton,Tom Holland,Ryan Reynolds,Ryan Reynolds,,,,,,,,,,,,,,,,,,,,,,,,,,,,,,,,,,,,,,,,,,,,,,,,,,,,,,,,,,,,,,,,,,,,,
,,,,,6a180b52095b1d794adaf154,2026-05-28_10h31.30.477,WP1_3,03.02.2025,Linux x86_64,59.88023952,69e3e1e44a46363f9772b8e8,6a030b8ba3607712b5d4bf26,,,,,,,,,,,,,,,,,,,,,,,,,,,,,,,,,,,,,,,,,112.869,119.0842,,,,0,119.0862,121.1515,,,"[""space""]",[1.8997000000001947],[null],5,121.1546,124.9337,space,3.6779,,55,Celebrities_Faces/055_rating.jpg,Charlize Theron,0,Natalie Portman,3,FALSE,FALSE,1,0,4,4,54,1,55,Celebrities_Faces/055_rating.jpg,Natalie Portman,Margot Robbie,Angelina Jolie,Charlize Theron,Charlize Theron,,,,,,,,,,,,,,,,,,,,,,,,,,,,,,,,,,,,,,,,,,,,,,,,,,,,,,,,,,,,,,,,,,,,,
,,,,,6a180b52095b1d794adaf154,2026-05-28_10h31.30.477,WP1_3,03.02.2025,Linux x86_64,59.88023952,69e3e1e44a46363f9772b8e8,6a030b8ba3607712b5d4bf26,,,,,,,,,,,,,,,,,,,,,,,,,,,,,,,,,,,,,,,,,124.9368,128.7157,,,,3,128.7166,130.7161,,,"[""left"",""space""]","[1.3654999999999973,1.6657000000001858]","[null,null]",4,130.725,134.1164,space,3.0274,,18,Celebrities_Faces/018_rating.jpg,Chris Hemsworth,0,Chris Hemsworth,0,TRUE,FALSE,1,0,5,5,17,1,18,Celebrities_Faces/018_rating.jpg,Chris Hemsworth,Leonardo Di Caprio,Nicolas Cage,Tom Cruise,Chris Hemsworth,,,,,,,,,,,,,,,,,,,,,,,,,,,,,,,,,,,,,,,,,,,,,,,,,,,,,,,,,,,,,,,,,,,,,
,,,,,6a180b52095b1d794adaf154,2026-05-28_10h31.30.477,WP1_3,03.02.2025,Linux x86_64,59.88023952,69e3e1e44a46363f9772b8e8,6a030b8ba3607712b5d4bf26,,,,,,,,,,,,,,,,,,,,,,,,,,,,,,,,,,,,,,,,,134.1189,137.6488,,,,0,137.6516,139.9151,,,"[""space""]",[2.034600000000097],[null],5,139.9219,142.9151,space,2.7767,,8,Celebrities_Faces/008_rating.jpg,Brad Pitt,1,Daniel Craig,3,FALSE,FALSE,1,0,6,6,7,1,8,Celebrities_Faces/008_rating.jpg,Cristiano Ronaldo,Daniel Craig,Lionel Messi,Brad Pitt,Brad Pitt,,,,,,,,,,,,,,,,,,,,,,,,,,,,,,,,,,,,,,,,,,,,,,,,,,,,,,,,,,,,,,,,,,,,,
,,,,,6a180b52095b1d794adaf154,2026-05-28_10h31.30.477,WP1_3,03.02.2025,Linux x86_64,59.88023952,69e3e1e44a46363f9772b8e8,6a030b8ba3607712b5d4bf26,,,,,,,,,,,,,,,,,,,,,,,,,,,,,,,,,,,,,,,,,142.9176,149.6308,,,,0,149.6336,150.4977,,,"[""space""]",[0.7182999999998287],[null],5,150.5044,153.6471,space,2.995,,21,Celebrities_Faces/021_rating.jpg,Henri Canvill,2,Bradley Cooper,0,FALSE,FALSE,1,0,7,7,20,1,21,Celebrities_Faces/021_rating.jpg,Henri Canvill,George Clooney,Bradley Cooper,Tom Holland,Henri Canvill,,,,,,,,,,,,,,,,,,,,,,,,,,,,,,,,,,,,,,,,,,,,,,,,,,,,,,,,,,,,,,,,,,,,,
,,,,,6a180b52095b1d794adaf154,2026-05-28_10h31.30.477,WP1_3,03.02.2025,Linux x86_64,59.88023952,69e3e1e44a46363f9772b8e8,6a030b8ba3607712b5d4bf26,,,,,,,,,,,,,,,,,,,,,,,,,,,,,,,,,,,,,,,,,153.6503,156.9291,,,,0,156.9305,158.6291,,,"[""space""]",[1.5081999999997322],[null],5,158.6328,163.3977,space,4.6058,,57,Celebrities_Faces/057_rating.jpg,Serena Williams,2,Serena Williams,2,TRUE,FALSE,1,0,8,8,56,1,57,Celebrities_Faces/057_rating.jpg,Olivia Rodrigo,Charlize Theron,Serena Williams,Greta Thunberg,Serena Williams,,,,,,,,,,,,,,,,,,,,,,,,,,,,,,,,,,,,,,,,,,,,,,,,,,,,,,,,,,,,,,,,,,,,,
,,,,,6a180b52095b1d794adaf154,2026-05-28_10h31.30.477,WP1_3,03.02.2025,Linux x86_64,59.88023952,69e3e1e44a46363f9772b8e8,6a030b8ba3607712b5d4bf26,,,,,,,,,,,,,,,,,,,,,,,,,,,,,,,,,,,,,,,,,163.4006,169.4123,,,,0,169.4143,170.2119,,,"[""space""]",[0.6718999999999085],[null],5,170.2199,172.9121,space,2.5768,,6,Celebrities_Faces/006_rating.jpg,Arnold Schwarzeneger,0,Arnold Schwarzeneger,0,TRUE,FALSE,1,0,9,9,5,1,6,Celebrities_Faces/006_rating.jpg,Arnold Schwarzeneger,Dwayne Johnson,Tom Cruise,Ryan Reynolds,Arnold Schwarzeneger,,,,,,,,,,,,,,,,,,,,,,,,,,,,,,,,,,,,,,,,,,,,,,,,,,,,,,,,,,,,,,,,,,,,,
,,,,,6a180b52095b1d794adaf154,2026-05-28_10h31.30.477,WP1_3,03.02.2025,Linux x86_64,59.88023952,69e3e1e44a46363f9772b8e8,6a030b8ba3607712b5d4bf26,,,,,,,,,,,,,,,,,,,,,,,,,,,,,,,,,,,,,,,,,172.9152,175.661,,,,6,175.6643,176.6948,,,"[""space""]",[0.8675999999996122],[null],5,176.7017,178.5454,space,1.6798,,47,Celebrities_Faces/047_rating.jpg,Hillary Clinton,0,Hillary Clinton,0,TRUE,FALSE,1,0,10,10,46,1,47,Celebrities_Faces/047_rating.jpg,Hillary Clinton,Sandra Bullock,Michelle Obama,Anne Hathaway,Hillary Clinton,,,,,,,,,,,,,,,,,,,,,,,,,,,,,,,,,,,,,,,,,,,,,,,,,,,,,,,,,,,,,,,,,,,,,
,,,,,6a180b52095b1d794adaf154,2026-05-28_10h31.30.477,WP1_3,03.02.2025,Linux x86_64,59.88023952,69e3e1e44a46363f9772b8e8,6a030b8ba3607712b5d4bf26,,,,,,,,,,,,,,,,,,,,,,,,,,,,,,,,,,,,,,,,,178.5506,185.794,,,,0,185.7966,187.8091,,,"[""space""]",[1.9521000000001152],[null],5,187.8124,190.9266,space,3.0832,,56,Celebrities_Faces/056_rating.jpg,Reese Witherspoon,2,Nicole Kidman,0,FALSE,FALSE,1,0,11,11,55,1,56,Celebrities_Faces/056_rating.jpg,Reese Witherspoon,Sandra Bullock,Nicole Kidman,Halle Berry,Reese Witherspoon,,,,,,,,,,,,,,,,,,,,,,,,,,,,,,,,,,,,,,,,,,,,,,,,,,,,,,,,,,,,,,,,,,,,,
,,,,,6a180b52095b1d794adaf154,2026-05-28_10h31.30.477,WP1_3,03.02.2025,Linux x86_64,59.88023952,69e3e1e44a46363f9772b8e8,6a030b8ba3607712b5d4bf26,,,,,,,,,,,,,,,,,,,,,,,,,,,,,,,,,,,,,,,,,190.9303,194.626,,,,0,194.6268,201.8924,,,"[""space""]",[7.190699999999708],[null],5,201.8988,204.4245,space,2.4001,,15,Celebrities_Faces/015_rating.jpg,Harrison Ford,2,Harrison Ford,2,TRUE,FALSE,1,0,12,12,14,1,15,Celebrities_Faces/015_rating.jpg,Lionel Messi,Daniel Radcliffe,Harrison Ford,Brad Pitt,Harrison Ford,,,,,,,,,,,,,,,,,,,,,,,,,,,,,,,,,,,,,,,,,,,,,,,,,,,,,,,,,,,,,,,,,,,,,
,,,,,6a180b52095b1d794adaf154,2026-05-28_10h31.30.477,WP1_3,03.02.2025,Linux x86_64,59.88023952,69e3e1e44a46363f9772b8e8,6a030b8ba3607712b5d4bf26,,,,,,,,,,,,,,,,,,,,,,,,,,,,,,,,,,,,,,,,,204.4255,206.4253,,,,7,206.4273,208.2577,,,"[""right"",""right"",""right"",""space""]","[0.6281999999997367,0.8423999999999126,1.0758999999999048,1.6112999999998294]","[null,null,null,null]",8,208.2662,210.0248,space,1.55,,59,Celebrities_Faces/059_rating.jpg,Michelle Obama,0,Michelle Obama,0,TRUE,TRUE,2,0,13,13,58,1,59,Celebrities_Faces/059_rating.jpg,Michelle Obama,Emma Watson,Millie Bobby Brown,Margot Robbie,Michelle Obama,,,,,,,,,,,,,,,,,,,,,,,,,,,,,,,,,,,,,,,,,,,,,,,,,,,,,,,,,,,,,,,,,,,,,
,,,,,6a180b52095b1d794adaf154,2026-05-28_10h31.30.477,WP1_3,03.02.2025,Linux x86_64,59.88023952,69e3e1e44a46363f9772b8e8,6a030b8ba3607712b5d4bf26,,,,,,,,,,,,,,,,,,,,,,,,,,,,,,,,,,,,,,,,,210.0281,213.9069,,,,0,213.9088,229.9724,,,"[""space""]",[15.940299999999809],[null],5,229.9769,232.7218,space,2.6099,,43,Celebrities_Faces/043_rating.jpg,Maria Sharapova,3,Maria Sharapova,3,TRUE,FALSE,2,0,14,14,42,1,43,Celebrities_Faces/043_rating.jpg,Michelle Obama,Taylor Swift,Greta Thunberg,Maria Sharapova,Maria Sharapova,,,,,,,,,,,,,,,,,,,,,,,,,,,,,,,,,,,,,,,,,,,,,,,,,,,,,,,,,,,,,,,,,,,,,
,,,,,6a180b52095b1d794adaf154,2026-05-28_10h31.30.477,WP1_3,03.02.2025,Linux x86_64,59.88023952,69e3e1e44a46363f9772b8e8,6a030b8ba3607712b5d4bf26,,,,,,,,,,,,,,,,,,,,,,,,,,,,,,,,,,,,,,,,,232.724,235.3393,,,,1,235.3416,236.0926,,,"[""space""]",[0.6714999999999804],[null],5,236.099,238.2218,space,2.0459,,16,Celebrities_Faces/016_rating.jpg,Ewan McGregor,0,Ewan McGregor,0,TRUE,FALSE,2,0,15,15,15,1,16,Celebrities_Faces/016_rating.jpg,Ewan McGregor,Robert De Niro,Lionel Messi,Leonardo Di Caprio,Ewan McGregor,,,,,,,,,,,,,,,,,,,,,,,,,,,,,,,,,,,,,,,,,,,,,,,,,,,,,,,,,,,,,,,,,,,,,
,,,,,6a180b52095b1d794adaf154,2026-05-28_10h31.30.477,WP1_3,03.02.2025,Linux x86_64,59.88023952,69e3e1e44a46363f9772b8e8,6a030b8ba3607712b5d4bf26,,,,,,,,,,,,,,,,,,,,,,,,,,,,,,,,,,,,,,,,,238.2243,242.5879,,,,0,242.5898,245.4536,,,"[""space""]",[2.724999999999966],[null],5,245.4564,256.3863,space,10.8285,,13,Celebrities_Faces/013_rating.jpg,Denzel Washighton,0,Denzel Washighton,0,TRUE,FALSE,2,0,16,16,12,1,13,Celebrities_Faces/013_rating.jpg,Denzel Washighton,Chris Hemsworth,Matt Damon,George W.Bush,Denzel Washighton,,,,,,,,,,,,,,,,,,,,,,,,,,,,,,,,,,,,,,,,,,,,,,,,,,,,,,,,,,,,,,,,,,,,,
,,,,,6a180b52095b1d794adaf154,2026-05-28_10h31.30.477,WP1_3,03.02.2025,Linux x86_64,59.88023952,69e3e1e44a46363f9772b8e8,6a030b8ba3607712b5d4bf26,,,,,,,,,,,,,,,,,,,,,,,,,,,,,,,,,,,,,,,,,256.3899,258.9358,,,,4,258.9396,260.0019,,,"[""space""]",[1.0045000000000073],[null],5,260.0043,263.1026,space,3.0651,,20,Celebrities_Faces/020_rating.jpg,Matt Damon,1,Matt Damon,1,TRUE,FALSE,2,0,17,17,19,1,20,Celebrities_Faces/020_rating.jpg,Tom Cruise,Matt Damon,Chris Evans,Brad Pitt,Matt Damon,,,,,,,,,,,,,,,,,,,,,,,,,,,,,,,,,,,,,,,,,,,,,,,,,,,,,,,,,,,,,,,,,,,,,
,,,,,6a180b52095b1d794adaf154,2026-05-28_10h31.30.477,WP1_3,03.02.2025,Linux x86_64,59.88023952,69e3e1e44a46363f9772b8e8,6a030b8ba3607712b5d4bf26,,,,,,,,,,,,,,,,,,,,,,,,,,,,,,,,,,,,,,,,,263.106,268.0845,,,,0,268.0865,273.301,,,"[""space""]",[4.950100000000077],[null],5,273.3074,285.3686,space,11.7912,,10,Celebrities_Faces/010_rating.jpg,Bruce Willis,0,Bruce Willis,0,TRUE,FALSE,2,0,18,18,9,1,10,Celebrities_Faces/010_rating.jpg,Bruce Willis,Arnold Schwarzeneger,George Clooney,Robert De Niro,Bruce Willis,,,,,,,,,,,,,,,,,,,,,,,,,,,,,,,,,,,,,,,,,,,,,,,,,,,,,,,,,,,,,,,,,,,,,
,,,,,6a180b52095b1d794adaf154,2026-05-28_10h31.30.477,WP1_3,03.02.2025,Linux x86_64,59.88023952,69e3e1e44a46363f9772b8e8,6a030b8ba3607712b5d4bf26,,,,,,,,,,,,,,,,,,,,,,,,,,,,,,,,,,,,,,,,,285.3713,289.0671,,,,3,289.069,290.4003,,,"[""space""]",[0.9108999999999128],[null],5,290.4069,293.9839,space,3.1784,,33,Celebrities_Faces/033_rating.jpg,Simone Biles,1,Simone Biles,1,TRUE,FALSE,2,0,19,19,32,1,33,Celebrities_Faces/033_rating.jpg,Greta Thunberg,Simone Biles,Lindsay Lohan,Anya Taylor-Joy,Simone Biles,,,,,,,,,,,,,,,,,,,,,,,,,,,,,,,,,,,,,,,,,,,,,,,,,,,,,,,,,,,,,,,,,,,,,
,,,,,6a180b52095b1d794adaf154,2026-05-28_10h31.30.477,WP1_3,03.02.2025,Linux x86_64,59.88023952,69e3e1e44a46363f9772b8e8,6a030b8ba3607712b5d4bf26,,,,,,,,,,,,,,,,,,,,,,,,,,,,,,,,,,,,,,,,,293.9869,296.3651,,,,8,296.3674,301.0977,,,"[""right"",""right"",""right"",""right"",""right"",""space""]","[0.9757000000001881,2.2906000000000972,3.175600000000088,4.207400000000405,4.375100000000089,4.6558000000002835]","[null,null,null,null,null,null]",10,301.1003,302.799,space,1.6605,,52,Celebrities_Faces/052_rating.jpg,Emma Watson,3,Emma Watson,3,TRUE,TRUE,3,0,20,20,51,1,52,Celebrities_Faces/052_rating.jpg,Anne Hathaway,Natalie Portman,Hillary Clinton,Emma Watson,Emma Watson,,,,,,,,,,,,,,,,,,,,,,,,,,,,,,,,,,,,,,,,,,,,,,,,,,,,,,,,,,,,,,,,,,,,,
,,,,,6a180b52095b1d794adaf154,2026-05-28_10h31.30.477,WP1_3,03.02.2025,Linux x86_64,59.88023952,69e3e1e44a46363f9772b8e8,6a030b8ba3607712b5d4bf26,,,,,,,,,,,,,,,,,,,,,,,,,,,,,,,,,,,,,,,,,302.8016,305.031,,,,3,305.0331,306.1976,,,"[""space""]",[0.8770999999996434],[null],5,306.2062,308.115,space,1.6396,,44,Celebrities_Faces/044_rating.jpg,Cate Blanchett,1,Cate Blanchett,1,TRUE,FALSE,3,0,21,21,43,1,44,Celebrities_Faces/044_rating.jpg,Angelina Jolie,Cate Blanchett,Natalie Portman,Taylor Swift,Cate Blanchett,,,,,,,,,,,,,,,,,,,,,,,,,,,,,,,,,,,,,,,,,,,,,,,,,,,,,,,,,,,,,,,,,,,,,
,,,,,6a180b52095b1d794adaf154,2026-05-28_10h31.30.477,WP1_3,03.02.2025,Linux x86_64,59.88023952,69e3e1e44a46363f9772b8e8,6a030b8ba3607712b5d4bf26,,,,,,,,,,,,,,,,,,,,,,,,,,,,,,,,,,,,,,,,,308.1185,310.7267,,,,6,310.7276,311.6304,,,"[""space""]",[0.7061000000001059],[null],5,311.6356,314.1811,space,2.3322,,2,Celebrities_Faces/002_rating.jpg,George W.Bush,3,George W.Bush,3,TRUE,FALSE,3,0,22,22,1,1,2,Celebrities_Faces/002_rating.jpg,Henri Canvill,Chris Evans,Tom Holland,George W.Bush,George W.Bush,,,,,,,,,,,,,,,,,,,,,,,,,,,,,,,,,,,,,,,,,,,,,,,,,,,,,,,,,,,,,,,,,,,,,
,,,,,6a180b52095b1d794adaf154,2026-05-28_10h31.30.477,WP1_3,03.02.2025,Linux x86_64,59.88023952,69e3e1e44a46363f9772b8e8,6a030b8ba3607712b5d4bf26,,,,,,,,,,,,,,,,,,,,,,,,,,,,,,,,,,,,,,,,,314.1847,317.1486,,,,10,317.1509,317.3791,,,"[""space""]",[0.014000000000010004],[null],5,317.3825,319.33,space,1.7906,,1,Celebrities_Faces/001_rating.jpg,Leonardo Di Caprio,2,Leonardo Di Caprio,2,TRUE,TRUE,4,0,23,23,0,1,1,Celebrities_Faces/001_rating.jpg,Ben Affleck,Daniel Craig,Leonardo Di Caprio,Roger Federer,Leonardo Di Caprio,,,,,,,,,,,,,,,,,,,,,,,,,,,,,,,,,,,,,,,,,,,,,,,,,,,,,,,,,,,,,,,,,,,,,
,,,,,6a180b52095b1d794adaf154,2026-05-28_10h31.30.477,WP1_3,03.02.2025,Linux x86_64,59.88023952,69e3e1e44a46363f9772b8e8,6a030b8ba3607712b5d4bf26,,,,,,,,,,,,,,,,,,,,,,,,,,,,,,,,,,,,,,,,,319.3327,322.5624,,,,0,322.5664,327.8636,,,"[""space""]",[5.131899999999916],[null],5,327.8696,330.3613,space,2.3245,,25,Celebrities_Faces/025_rating.jpg,Robert De Niro,0,Bruce Willis,2,FALSE,FALSE,4,0,24,24,24,1,25,Celebrities_Faces/025_rating.jpg,Bruce Willis,Arnold Schwarzeneger,Robert De Niro,Leonardo Di Caprio,Robert De Niro,,,,,,,,,,,,,,,,,,,,,,,,,,,,,,,,,,,,,,,,,,,,,,,,,,,,,,,,,,,,,,,,,,,,,
,,,,,6a180b52095b1d794adaf154,2026-05-28_10h31.30.477,WP1_3,03.02.2025,Linux x86_64,59.88023952,69e3e1e44a46363f9772b8e8,6a030b8ba3607712b5d4bf26,,,,,,,,,,,,,,,,,,,,,,,,,,,,,,,,,,,,,,,,,330.3624,332.4779,,,,6,332.4787,333.8449,,,"[""space""]",[1.101200000000233],[null],5,333.8514,341.2949,space,7.1437,,32,Celebrities_Faces/032_rating.jpg,Anne Hathaway,0,Charlize Theron,1,FALSE,FALSE,4,0,25,25,31,1,32,Celebrities_Faces/032_rating.jpg,Charlize Theron,Anne Hathaway,Gal Gadot,Millie Bobby Brown,Anne Hathaway,,,,,,,,,,,,,,,,,,,,,,,,,,,,,,,,,,,,,,,,,,,,,,,,,,,,,,,,,,,,,,,,,,,,,
,,,,,6a180b52095b1d794adaf154,2026-05-28_10h31.30.477,WP1_3,03.02.2025,Linux x86_64,59.88023952,69e3e1e44a46363f9772b8e8,6a030b8ba3607712b5d4bf26,,,,,,,,,,,,,,,,,,,,,,,,,,,,,,,,,,,,,,,,,341.2975,368.2577,,,,0,368.2605,368.9925,,,"[""space""]",[0.6093000000002462],[null],5,368.9991,373.7759,space,4.6502,,23,Celebrities_Faces/023_rating.jpg,Ryan Gosling,2,Ryan Gosling,2,TRUE,FALSE,4,0,26,26,22,1,23,Celebrities_Faces/023_rating.jpg,Brad Pitt,Cristiano Ronaldo,Ryan Gosling,Tom Holland,Ryan Gosling,,,,,,,,,,,,,,,,,,,,,,,,,,,,,,,,,,,,,,,,,,,,,,,,,,,,,,,,,,,,,,,,,,,,,
,,,,,6a180b52095b1d794adaf154,2026-05-28_10h31.30.477,WP1_3,03.02.2025,Linux x86_64,59.88023952,69e3e1e44a46363f9772b8e8,6a030b8ba3607712b5d4bf26,,,,,,,,,,,,,,,,,,,,,,,,,,,,,,,,,,,,,,,,,373.7798,377.2564,,,,0,377.2572,378.5068,,,"[""space""]",[1.0186000000001059],[null],5,378.5138,381.4236,space,2.6428,,35,Celebrities_Faces/035_rating.jpg,Lindsay Lohan,2,Keira Knightley,3,FALSE,FALSE,4,0,27,27,34,1,35,Celebrities_Faces/035_rating.jpg,Anya Taylor-Joy,Millie Bobby Brown,Keira Knightley,Lindsay Lohan,Lindsay Lohan,,,,,,,,,,,,,,,,,,,,,,,,,,,,,,,,,,,,,,,,,,,,,,,,,,,,,,,,,,,,,,,,,,,,,
,,,,,6a180b52095b1d794adaf154,2026-05-28_10h31.30.477,WP1_3,03.02.2025,Linux x86_64,59.88023952,69e3e1e44a46363f9772b8e8,6a030b8ba3607712b5d4bf26,,,,,,,,,,,,,,,,,,,,,,,,,,,,,,,,,,,,,,,,,381.4272,383.8892,,,,0,383.8903,384.9395,,,"[""space""]",[0.7869999999999777],[null],5,384.9461,389.5066,space,4.2899,,22,Celebrities_Faces/022_rating.jpg,Lebron James,3,Lebron James,3,TRUE,FALSE,4,0,28,28,21,1,22,Celebrities_Faces/022_rating.jpg,George W.Bush,Lionel Messi,Leonardo Di Caprio,Lebron James,Lebron James,,,,,,,,,,,,,,,,,,,,,,,,,,,,,,,,,,,,,,,,,,,,,,,,,,,,,,,,,,,,,,,,,,,,,
,,,,,6a180b52095b1d794adaf154,2026-05-28_10h31.30.477,WP1_3,03.02.2025,Linux x86_64,59.88023952,69e3e1e44a46363f9772b8e8,6a030b8ba3607712b5d4bf26,,,,,,,,,,,,,,,,,,,,,,,,,,,,,,,,,,,,,,,,,389.5103,391.7556,,,,0,391.7579,395.3049,,,"[""space""]",[3.2754000000003316],[null],5,395.3093,397.5215,space,1.9549,,9,Celebrities_Faces/009_rating.jpg,Bradley Cooper,0,Chris Hemsworth,2,FALSE,FALSE,4,0,29,29,8,1,9,Celebrities_Faces/009_rating.jpg,Chris Hemsworth,Tom Cruise,Bradley Cooper,Lebron James,Bradley Cooper,,,,,,,,,,,,,,,,,,,,,,,,,,,,,,,,,,,,,,,,,,,,,,,,,,,,,,,,,,,,,,,,,,,,,
,,,,,6a180b52095b1d794adaf154,2026-05-28_10h31.30.477,WP1_3,03.02.2025,Linux x86_64,59.88023952,69e3e1e44a46363f9772b8e8,6a030b8ba3607712b5d4bf26,,,,,,,,,,,,,,,,,,,,,,,,,,,,,,,,,,,,,,,,,397.5257,407.4041,,,,0,407.4066,408.6535,,,"[""space""]",[0.9131000000000995],[null],5,408.6604,412.4532,space,3.4825,,45,Celebrities_Faces/045_rating.jpg,Cameron Diaz,2,Maria Sharapova,3,FALSE,FALSE,4,0,30,30,44,1,45,Celebrities_Faces/045_rating.jpg,Taylor Swift,Natalie Portman,Maria Sharapova,Cameron Diaz,Cameron Diaz,,,,,,,,,,,,,,,,,,,,,,,,,,,,,,,,,,,,,,,,,,,,,,,,,,,,,,,,,,,,,,,,,,,,,
,,,,,6a180b52095b1d794adaf154,2026-05-28_10h31.30.477,WP1_3,03.02.2025,Linux x86_64,59.88023952,69e3e1e44a46363f9772b8e8,6a030b8ba3607712b5d4bf26,,,,,,,,,,,,,,,,,,,,,,,,,,,,,,,,,,,,,,,,,412.4566,414.371,,,,6,414.373,415.2195,,,"[""space""]",[0.5267000000002326],[null],5,415.2265,420.3528,space,4.8177,,51,Celebrities_Faces/051_rating.jpg,Margot Robbie,0,Margot Robbie,0,TRUE,FALSE,4,0,31,31,50,1,51,Celebrities_Faces/051_rating.jpg,Margot Robbie,Halle Berry,Emma Watson,Julia Roberts,Margot Robbie,,,,,,,,,,,,,,,,,,,,,,,,,,,,,,,,,,,,,,,,,,,,,,,,,,,,,,,,,,,,,,,,,,,,,
,,,,,6a180b52095b1d794adaf154,2026-05-28_10h31.30.477,WP1_3,03.02.2025,Linux x86_64,59.88023952,69e3e1e44a46363f9772b8e8,6a030b8ba3607712b5d4bf26,,,,,,,,,,,,,,,,,,,,,,,,,,,,,,,,,,,,,,,,,420.3544,422.5519,,,,8,422.5528,423.7183,,,"[""right"",""space""]","[0.59860000000009,1.1113999999998896]","[null,null]",6,423.7209,425.6535,space,1.8912,,4,Celebrities_Faces/004_rating.jpg,Cristiano Ronaldo,3,Cristiano Ronaldo,3,TRUE,TRUE,5,0,32,32,3,1,4,Celebrities_Faces/004_rating.jpg,Matt Damon,Robert De Niro,Denzel Washighton,Cristiano Ronaldo,Cristiano Ronaldo,,,,,,,,,,,,,,,,,,,,,,,,,,,,,,,,,,,,,,,,,,,,,,,,,,,,,,,,,,,,,,,,,,,,,
,,,,,6a180b52095b1d794adaf154,2026-05-28_10h31.30.477,WP1_3,03.02.2025,Linux x86_64,59.88023952,69e3e1e44a46363f9772b8e8,6a030b8ba3607712b5d4bf26,,,,,,,,,,,,,,,,,,,,,,,,,,,,,,,,,,,,,,,,,425.6569,429.5348,,,,0,429.5368,441.9838,,,"[""left"",""left"",""left"",""left"",""left"",""left"",""right"",""right"",""right"",""right"",""right"",""space""]","[9.950399999999888,10.170099999999593,10.34779999999978,10.532399999999882,10.701699999999732,10.883599999999603,11.317000000000007,11.45219999999972,11.619599999999593,11.781699999999717,11.933699999999703,12.31559999999962]","[null,null,null,null,null,null,null,null,null,null,null,null]",5,441.9902,447.3832,space,5.2711,,31,Celebrities_Faces/031_rating.jpg,Sandra Bullock,3,Sandra Bullock,3,TRUE,FALSE,5,0,33,33,30,1,31,Celebrities_Faces/031_rating.jpg,Michelle Obama,Emma Watson,Halle Berry,Sandra Bullock,Sandra Bullock,,,,,,,,,,,,,,,,,,,,,,,,,,,,,,,,,,,,,,,,,,,,,,,,,,,,,,,,,,,,,,,,,,,,,
,,,,,6a180b52095b1d794adaf154,2026-05-28_10h31.30.477,WP1_3,03.02.2025,Linux x86_64,59.88023952,69e3e1e44a46363f9772b8e8,6a030b8ba3607712b5d4bf26,,,,,,,,,,,,,,,,,,,,,,,,,,,,,,,,,,,,,,,,,447.3858,453.6999,,,,2,453.7024,455.1496,,,"[""space""]",[1.149099999999578],[null],5,455.1552,458.4492,space,2.9916,,48,Celebrities_Faces/048_rating.jpg,Jennifer Lawrence,0,Jennifer Lawrence,0,TRUE,FALSE,5,0,34,34,47,1,48,Celebrities_Faces/048_rating.jpg,Jennifer Lawrence,Lady Gaga,Anne Hathaway,Emma Stone,Jennifer Lawrence,,,,,,,,,,,,,,,,,,,,,,,,,,,,,,,,,,,,,,,,,,,,,,,,,,,,,,,,,,,,,,,,,,,,,
,,,,,6a180b52095b1d794adaf154,2026-05-28_10h31.30.477,WP1_3,03.02.2025,Linux x86_64,59.88023952,69e3e1e44a46363f9772b8e8,6a030b8ba3607712b5d4bf26,,,,,,,,,,,,,,,,,,,,,,,,,,,,,,,,,,,,,,,,,458.4526,464.4328,,,,1,464.4353,465.131,,,"[""space""]",[0.5194999999999936],[null],5,465.1375,467.1322,space,1.8205,,54,Celebrities_Faces/054_rating.jpg,Julia Roberts,0,Julia Roberts,0,TRUE,FALSE,5,0,35,35,53,1,54,Celebrities_Faces/054_rating.jpg,Julia Roberts,Anne Hathaway,Olivia Rodrigo,Simone Biles,Julia Roberts,,,,,,,,,,,,,,,,,,,,,,,,,,,,,,,,,,,,,,,,,,,,,,,,,,,,,,,,,,,,,,,,,,,,,
,,,,,6a180b52095b1d794adaf154,2026-05-28_10h31.30.477,WP1_3,03.02.2025,Linux x86_64,59.88023952,69e3e1e44a46363f9772b8e8,6a030b8ba3607712b5d4bf26,,,,,,,,,,,,,,,,,,,,,,,,,,,,,,,,,,,,,,,,,467.1353,469.2969,,,,8,469.2979,471.8474,,,"[""right"",""space""]","[1.861500000000035,2.4273999999999205]","[null,null]",6,471.8526,473.8805,space,1.8538,,38,Celebrities_Faces/038_rating.jpg,Taylor Swift,3,Taylor Swift,3,TRUE,TRUE,6,0,36,36,37,1,38,Celebrities_Faces/038_rating.jpg,Keira Knightley,Scarlett Johansson,Margot Robbie,Taylor Swift,Taylor Swift,,,,,,,,,,,,,,,,,,,,,,,,,,,,,,,,,,,,,,,,,,,,,,,,,,,,,,,,,,,,,,,,,,,,,
,,,,,6a180b52095b1d794adaf154,2026-05-28_10h31.30.477,WP1_3,03.02.2025,Linux x86_64,59.88023952,69e3e1e44a46363f9772b8e8,6a030b8ba3607712b5d4bf26,,,,,,,,,,,,,,,,,,,,,,,,,,,,,,,,,,,,,,,,,473.884,480.3461,,,,0,480.3481,481.4794,,,"[""space""]",[1.0778000000002521],[null],5,481.4842,486.5296,space,4.9717,,14,Celebrities_Faces/014_rating.jpg,Daniel Craig,3,Chris Hemsworth,2,FALSE,FALSE,6,0,37,37,13,1,14,Celebrities_Faces/014_rating.jpg,Robert De Niro,Ryan Reynolds,Daniel Craig,Chris Hemsworth,Daniel Craig,,,,,,,,,,,,,,,,,,,,,,,,,,,,,,,,,,,,,,,,,,,,,,,,,,,,,,,,,,,,,,,,,,,,,
,,,,,6a180b52095b1d794adaf154,2026-05-28_10h31.30.477,WP1_3,03.02.2025,Linux x86_64,59.88023952,69e3e1e44a46363f9772b8e8,6a030b8ba3607712b5d4bf26,,,,,,,,,,,,,,,,,,,,,,,,,,,,,,,,,,,,,,,,,486.533,489.9952,,,,8,489.9974,491.845,,,"[""right"",""right"",""right"",""space""]","[0.7713999999998578,0.9933000000003176,1.1563999999998487,1.5753000000003112]","[null,null,null,null]",8,491.8503,510.0929,space,17.9513,,29,Celebrities_Faces/029_rating.jpg,Tom Holland,0,Tom Holland,0,TRUE,TRUE,7,0,38,38,28,1,29,Celebrities_Faces/029_rating.jpg,Tom Holland,Bradley Cooper,Dwayne Johnson,George W.Bush,Tom Holland,,,,,,,,,,,,,,,,,,,,,,,,,,,,,,,,,,,,,,,,,,,,,,,,,,,,,,,,,,,,,,,,,,,,,
,,,,,6a180b52095b1d794adaf154,2026-05-28_10h31.30.477,WP1_3,03.02.2025,Linux x86_64,59.88023952,69e3e1e44a46363f9772b8e8,6a030b8ba3607712b5d4bf26,,,,,,,,,,,,,,,,,,,,,,,,,,,,,,,,,,,,,,,,,510.0943,514.6263,,,,10,514.6289,516.2601,,,"[""right"",""right"",""right"",""right"",""right"",""space""]","[0.30750000000000455,0.5289999999999964,0.6778999999999087,0.8573999999999842,1.0095000000000027,1.5571999999997388]","[null,null,null,null,null,null]",10,516.2672,518.0593,space,1.7369,,36,Celebrities_Faces/036_rating.jpg,Lady Gaga,3,Lady Gaga,3,TRUE,TRUE,8,0,39,39,35,1,36,Celebrities_Faces/036_rating.jpg,Serena Williams,Emma Stone,Julia Roberts,Lady Gaga,Lady Gaga,,,,,,,,,,,,,,,,,,,,,,,,,,,,,,,,,,,,,,,,,,,,,,,,,,,,,,,,,,,,,,,,,,,,,
,,,,,6a180b52095b1d794adaf154,2026-05-28_10h31.30.477,WP1_3,03.02.2025,Linux x86_64,59.88023952,69e3e1e44a46363f9772b8e8,6a030b8ba3607712b5d4bf26,,,,,,,,,,,,,,,,,,,,,,,,,,,,,,,,,,,,,,,,,518.0636,529.6082,,,,0,529.6106,530.9586,,,"[""space""]",[0.9756000000000995],[null],5,530.9658,535.2426,space,3.9395,,3,Celebrities_Faces/003_rating.jpg,Roger Federer,3,Ben Affleck,2,FALSE,FALSE,8,0,40,40,2,1,3,Celebrities_Faces/003_rating.jpg,Dwayne Johnson,Keanu Reeves,Roger Federer,Ben Affleck,Roger Federer,,,,,,,,,,,,,,,,,,,,,,,,,,,,,,,,,,,,,,,,,,,,,,,,,,,,,,,,,,,,,,,,,,,,,
,,,,,6a180b52095b1d794adaf154,2026-05-28_10h31.30.477,WP1_3,03.02.2025,Linux x86_64,59.88023952,69e3e1e44a46363f9772b8e8,6a030b8ba3607712b5d4bf26,,,,,,,,,,,,,,,,,,,,,,,,,,,,,,,,,,,,,,,,,535.2452,539.307,,,,8,539.3095,540.5728,,,"[""right"",""right"",""space""]","[0.5755000000000337,0.7926999999997406,1.1085000000000491]","[null,null,null]",7,540.5753,545.2233,space,4.5487,,12,Celebrities_Faces/012_rating.jpg,Daniel Radcliffe,3,Daniel Radcliffe,3,TRUE,TRUE,9,0,41,41,11,1,12,Celebrities_Faces/012_rating.jpg,Bruce Willis,Ryan Reynolds,Ewan McGregor,Daniel Radcliffe,Daniel Radcliffe,,,,,,,,,,,,,,,,,,,,,,,,,,,,,,,,,,,,,,,,,,,,,,,,,,,,,,,,,,,,,,,,,,,,,
,,,,,6a180b52095b1d794adaf154,2026-05-28_10h31.30.477,WP1_3,03.02.2025,Linux x86_64,59.88023952,69e3e1e44a46363f9772b8e8,6a030b8ba3607712b5d4bf26,,,,,,,,,,,,,,,,,,,,,,,,,,,,,,,,,,,,,,,,,545.2266,553.2556,,,,0,553.2579,554.6717,,,"[""space""]",[1.2597999999998137],[null],5,554.6778,558.3053,space,3.464,,34,Celebrities_Faces/034_rating.jpg,Angelina Jolie,0,Anya Taylor-Joy,2,FALSE,FALSE,9,0,42,42,33,1,34,Celebrities_Faces/034_rating.jpg,Anya Taylor-Joy,Maria Sharapova,Angelina Jolie,Nicole Kidman,Angelina Jolie,,,,,,,,,,,,,,,,,,,,,,,,,,,,,,,,,,,,,,,,,,,,,,,,,,,,,,,,,,,,,,,,,,,,,
,,,,,6a180b52095b1d794adaf154,2026-05-28_10h31.30.477,WP1_3,03.02.2025,Linux x86_64,59.88023952,69e3e1e44a46363f9772b8e8,6a030b8ba3607712b5d4bf26,,,,,,,,,,,,,,,,,,,,,,,,,,,,,,,,,,,,,,,,,558.3088,564.1553,,,,0,564.1576,566.8205,,,"[""space""]",[2.5663000000002967],[null],5,566.8263,570.4698,space,3.5157,,39,Celebrities_Faces/039_rating.jpg,Scarlett Johansson,1,Scarlett Johansson,1,TRUE,FALSE,9,0,43,43,38,1,39,Celebrities_Faces/039_rating.jpg,Simone Biles,Scarlett Johansson,Gal Gadot,Hillary Clinton,Scarlett Johansson,,,,,,,,,,,,,,,,,,,,,,,,,,,,,,,,,,,,,,,,,,,,,,,,,,,,,,,,,,,,,,,,,,,,,
,,,,,6a180b52095b1d794adaf154,2026-05-28_10h31.30.477,WP1_3,03.02.2025,Linux x86_64,59.88023952,69e3e1e44a46363f9772b8e8,6a030b8ba3607712b5d4bf26,,,,,,,,,,,,,,,,,,,,,,,,,,,,,,,,,,,,,,,,,570.4726,584.9517,,,,0,584.9524,586.3859,,,"[""space""]",[1.2649999999999864],[null],5,586.3915,591.2018,space,4.6546,,26,Celebrities_Faces/026_rating.jpg,George Clooney,2,George Clooney,2,TRUE,FALSE,9,0,44,44,25,1,26,Celebrities_Faces/026_rating.jpg,Robert De Niro,Ewan McGregor,George Clooney,Daniel Radcliffe,George Clooney,,,,,,,,,,,,,,,,,,,,,,,,,,,,,,,,,,,,,,,,,,,,,,,,,,,,,,,,,,,,,,,,,,,,,
,,,,,6a180b52095b1d794adaf154,2026-05-28_10h31.30.477,WP1_3,03.02.2025,Linux x86_64,59.88023952,69e3e1e44a46363f9772b8e8,6a030b8ba3607712b5d4bf26,,,,,,,,,,,,,,,,,,,,,,,,,,,,,,,,,,,,,,,,,591.2048,598.8176,,,,10,598.8203,600.3843,,,"[""right"",""right"",""right"",""right"",""right"",""right"",""space""]","[0.3129999999999882,0.5135000000000218,0.6658000000003312,0.8466000000000804,1.0122000000002345,1.128500000000031,1.396200000000249]","[null,null,null,null,null,null,null]",10,600.391,601.8832,space,1.346,,28,Celebrities_Faces/028_rating.jpg,Dwayne Johnson,0,Dwayne Johnson,0,TRUE,TRUE,10,0,45,45,27,1,28,Celebrities_Faces/028_rating.jpg,Dwayne Johnson,Ryan Reynolds,Bradley Cooper,Lionel Messi,Dwayne Johnson,,,,,,,,,,,,,,,,,,,,,,,,,,,,,,,,,,,,,,,,,,,,,,,,,,,,,,,,,,,,,,,,,,,,,
,,,,,6a180b52095b1d794adaf154,2026-05-28_10h31.30.477,WP1_3,03.02.2025,Linux x86_64,59.88023952,69e3e1e44a46363f9772b8e8,6a030b8ba3607712b5d4bf26,,,,,,,,,,,,,,,,,,,,,,,,,,,,,,,,,,,,,,,,,601.8842,604.1169,,,,8,604.1188,606.3667,,,"[""right"",""right"",""right"",""space""]","[0.40479999999979555,0.9055999999995947,1.1893999999998641,2.119699999999739]","[null,null,null,null]",8,606.3721,608.6003,space,2.126,,42,Celebrities_Faces/042_rating.jpg,Greta Thunberg,3,Greta Thunberg,3,TRUE,TRUE,11,0,46,46,41,1,42,Celebrities_Faces/042_rating.jpg,Simone Biles,Michelle Obama,Anne Hathaway,Greta Thunberg,Greta Thunberg,,,,,,,,,,,,,,,,,,,,,,,,,,,,,,,,,,,,,,,,,,,,,,,,,,,,,,,,,,,,,,,,,,,,,
,,,,,6a180b52095b1d794adaf154,2026-05-28_10h31.30.477,WP1_3,03.02.2025,Linux x86_64,59.88023952,69e3e1e44a46363f9772b8e8,6a030b8ba3607712b5d4bf26,,,,,,,,,,,,,,,,,,,,,,,,,,,,,,,,,,,,,,,,,608.6034,622.1814,,,,0,622.1831,627.5658,,,"[""space""]",[5.304399999999987],[null],5,627.5724,630.5812,space,2.9018,,58,Celebrities_Faces/058_rating.jpg,Nicole Kidman,2,Nicole Kidman,2,TRUE,FALSE,11,0,47,47,57,1,58,Celebrities_Faces/058_rating.jpg,Millie Bobby Brown,Greta Thunberg,Nicole Kidman,Julia Roberts,Nicole Kidman,,,,,,,,,,,,,,,,,,,,,,,,,,,,,,,,,,,,,,,,,,,,,,,,,,,,,,,,,,,,,,,,,,,,,
,,,,,6a180b52095b1d794adaf154,2026-05-28_10h31.30.477,WP1_3,03.02.2025,Linux x86_64,59.88023952,69e3e1e44a46363f9772b8e8,6a030b8ba3607712b5d4bf26,,,,,,,,,,,,,,,,,,,,,,,,,,,,,,,,,,,,,,,,,630.5846,637.18,,,,6,637.182,639.0486,,,"[""left"",""left"",""left"",""space""]","[0.9607000000002017,1.197999999999979,1.3972000000001117,1.733300000000213]","[null,null,null,null]",2,639.0545,643.8813,space,4.6822,,27,Celebrities_Faces/027_rating.jpg,Keanu Reeves,0,Keanu Reeves,0,TRUE,FALSE,11,0,48,48,26,1,27,Celebrities_Faces/027_rating.jpg,Keanu Reeves,Dwayne Johnson,Bradley Cooper,Daniel Radcliffe,Keanu Reeves,,,,,,,,,,,,,,,,,,,,,,,,,,,,,,,,,,,,,,,,,,,,,,,,,,,,,,,,,,,,,,,,,,,,,
,,,,,6a180b52095b1d794adaf154,2026-05-28_10h31.30.477,WP1_3,03.02.2025,Linux x86_64,59.88023952,69e3e1e44a46363f9772b8e8,6a030b8ba3607712b5d4bf26,,,,,,,,,,,,,,,,,,,,,,,,,,,,,,,,,,,,,,,,,643.8842,665.16,,,,0,665.1619,666.1786,,,"[""space""]",[0.041199999999662396],[null],5,666.1822,670.3129,space,3.2097,,41,Celebrities_Faces/041_rating.jpg,Halle Berry,2,Halle Berry,2,TRUE,FALSE,11,0,49,49,40,1,41,Celebrities_Faces/041_rating.jpg,Lady Gaga,Greta Thunberg,Halle Berry,Serena Williams,Halle Berry,,,,,,,,,,,,,,,,,,,,,,,,,,,,,,,,,,,,,,,,,,,,,,,,,,,,,,,,,,,,,,,,,,,,,
,,,,,6a180b52095b1d794adaf154,2026-05-28_10h31.30.477,WP1_3,03.02.2025,Linux x86_64,59.88023952,69e3e1e44a46363f9772b8e8,6a030b8ba3607712b5d4bf26,,,,,,,,,,,,,,,,,,,,,,,,,,,,,,,,,,,,,,,,,670.3157,683.7756,,,,0,683.7783,688.0913,,,"[""space""]",[4.196600000000103],[null],5,688.0969,691.5246,space,3.302,,17,Celebrities_Faces/017_rating.jpg,Hugh Jackman,2,Ewan McGregor,1,FALSE,FALSE,11,0,50,50,16,1,17,Celebrities_Faces/017_rating.jpg,Keanu Reeves,Hugh Jackman,Ewan McGregor,Tom Cruise,Hugh Jackman,,,,,,,,,,,,,,,,,,,,,,,,,,,,,,,,,,,,,,,,,,,,,,,,,,,,,,,,,,,,,,,,,,,,,
,,,,,6a180b52095b1d794adaf154,2026-05-28_10h31.30.477,WP1_3,03.02.2025,Linux x86_64,59.88023952,69e3e1e44a46363f9772b8e8,6a030b8ba3607712b5d4bf26,,,,,,,,,,,,,,,,,,,,,,,,,,,,,,,,,,,,,,,,,691.5281,695.3412,,,,0,695.3439,696.8906,,,"[""space""]",[1.4578999999998814],[null],5,696.8966,698.4069,space,1.421,,19,Celebrities_Faces/019_rating.jpg,Nicolas Cage,0,Nicolas Cage,0,TRUE,FALSE,11,0,51,51,18,1,19,Celebrities_Faces/019_rating.jpg,Nicolas Cage,George W.Bush,Cristiano Ronaldo,Bradley Cooper,Nicolas Cage,,,,,,,,,,,,,,,,,,,,,,,,,,,,,,,,,,,,,,,,,,,,,,,,,,,,,,,,,,,,,,,,,,,,,
,,,,,6a180b52095b1d794adaf154,2026-05-28_10h31.30.477,WP1_3,03.02.2025,Linux x86_64,59.88023952,69e3e1e44a46363f9772b8e8,6a030b8ba3607712b5d4bf26,,,,,,,,,,,,,,,,,,,,,,,,,,,,,,,,,,,,,,,,,698.4099,703.5401,,,,0,703.5422,711.0898,,,"[""space""]",[7.427499999999895],[null],5,711.0963,738.8368,space,27.6067,,7,Celebrities_Faces/007_rating.jpg,Ben Affleck,0,Ben Affleck,0,TRUE,FALSE,11,0,52,52,6,1,7,Celebrities_Faces/007_rating.jpg,Ben Affleck,Nicolas Cage,Henri Canvill,Leonardo Di Caprio,Ben Affleck,,,,,,,,,,,,,,,,,,,,,,,,,,,,,,,,,,,,,,,,,,,,,,,,,,,,,,,,,,,,,,,,,,,,,
,,,,,6a180b52095b1d794adaf154,2026-05-28_10h31.30.477,WP1_3,03.02.2025,Linux x86_64,59.88023952,69e3e1e44a46363f9772b8e8,6a030b8ba3607712b5d4bf26,,,,,,,,,,,,,,,,,,,,,,,,,,,,,,,,,,,,,,,,,738.84,752.5851,,,,1,752.5876,753.5513,,,"[""space""]",[0.8734999999999218],[null],5,753.5568,756.484,space,2.8482,,53,Celebrities_Faces/053_rating.jpg,Keira Knightley,3,Keira Knightley,3,TRUE,FALSE,11,0,53,53,52,1,53,Celebrities_Faces/053_rating.jpg,Anne Hathaway,Emma Stone,Olivia Rodrigo,Keira Knightley,Keira Knightley,,,,,,,,,,,,,,,,,,,,,,,,,,,,,,,,,,,,,,,,,,,,,,,,,,,,,,,,,,,,,,,,,,,,,
,,,,,6a180b52095b1d794adaf154,2026-05-28_10h31.30.477,WP1_3,03.02.2025,Linux x86_64,59.88023952,69e3e1e44a46363f9772b8e8,6a030b8ba3607712b5d4bf26,,,,,,,,,,,,,,,,,,,,,,,,,,,,,,,,,,,,,,,,,756.4855,759.601,,,,8,759.6042,759.8506,,,"[""space""]",[0.0012999999997873601],[0.00020000000017716957],5,759.8531,762.85,space,2.8007,,50,Celebrities_Faces/050_rating.jpg,Millie Bobby Brown,2,Millie Bobby Brown,2,TRUE,TRUE,12,0,54,54,49,1,50,Celebrities_Faces/050_rating.jpg,Taylor Swift,Cameron Diaz,Millie Bobby Brown,Michelle Obama,Millie Bobby Brown,,,,,,,,,,,,,,,,,,,,,,,,,,,,,,,,,,,,,,,,,,,,,,,,,,,,,,,,,,,,,,,,,,,,,
,,,,,6a180b52095b1d794adaf154,2026-05-28_10h31.30.477,WP1_3,03.02.2025,Linux x86_64,59.88023952,69e3e1e44a46363f9772b8e8,6a030b8ba3607712b5d4bf26,,,,,,,,,,,,,,,,,,,,,,,,,,,,,,,,,,,,,,,,,762.8511,790.9309,,,,0,790.9328,794.0968,,,"[""left"",""right"",""space""]","[2.0926000000000613,2.4085000000000036,2.793699999999717]","[null,null,null]",5,794.099,796.2298,space,1.803,,37,Celebrities_Faces/037_rating.jpg,Natalie Portman,1,Natalie Portman,1,TRUE,FALSE,12,0,55,55,36,1,37,Celebrities_Faces/037_rating.jpg,Lady Gaga,Natalie Portman,Hillary Clinton,Michelle Obama,Natalie Portman,,,,,,,,,,,,,,,,,,,,,,,,,,,,,,,,,,,,,,,,,,,,,,,,,,,,,,,,,,,,,,,,,,,,,
,,,,,6a180b52095b1d794adaf154,2026-05-28_10h31.30.477,WP1_3,03.02.2025,Linux x86_64,59.88023952,69e3e1e44a46363f9772b8e8,6a030b8ba3607712b5d4bf26,,,,,,,,,,,,,,,,,,,,,,,,,,,,,,,,,,,,,,,,,796.2308,799.1635,,,,6,799.1654,800.4961,,,"[""space""]",[1.119099999999662],[null],5,800.5018,803.9465,space,3.2369,,60,Celebrities_Faces/060_rating.jpg,Anya Taylor-Joy,1,Anya Taylor-Joy,1,TRUE,FALSE,12,0,56,56,59,1,60,Celebrities_Faces/060_rating.jpg,Emma Stone,Anya Taylor-Joy,Michelle Obama,Halle Berry,Anya Taylor-Joy,,,,,,,,,,,,,,,,,,,,,,,,,,,,,,,,,,,,,,,,,,,,,,,,,,,,,,,,,,,,,,,,,,,,,
,,,,,6a180b52095b1d794adaf154,2026-05-28_10h31.30.477,WP1_3,03.02.2025,Linux x86_64,59.88023952,69e3e1e44a46363f9772b8e8,6a030b8ba3607712b5d4bf26,,,,,,,,,,,,,,,,,,,,,,,,,,,,,,,,,,,,,,,,,803.949,807.914,,,,8,807.915,810.162,,,"[""left"",""left"",""left"",""left"",""left"",""left"",""space""]","[0.8042999999997846,0.9738999999998441,1.135499999999979,1.25649999999996,1.4031999999996287,1.5548999999998614,1.9021999999996524]","[null,null,null,null,null,null,null]",0,810.1652,811.6948,space,1.1564,,5,Celebrities_Faces/005_rating.jpg,Lionel Messi,0,Lionel Messi,0,TRUE,TRUE,13,0,57,57,4,1,5,Celebrities_Faces/005_rating.jpg,Lionel Messi,Matt Damon,Cristiano Ronaldo,Lebron James,Lionel Messi,,,,,,,,,,,,,,,,,,,,,,,,,,,,,,,,,,,,,,,,,,,,,,,,,,,,,,,,,,,,,,,,,,,,,
,,,,,6a180b52095b1d794adaf154,2026-05-28_10h31.30.477,WP1_3,03.02.2025,Linux x86_64,59.88023952,69e3e1e44a46363f9772b8e8,6a030b8ba3607712b5d4bf26,,,,,,,,,,,,,,,,,,,,,,,,,,,,,,,,,,,,,,,,,811.696,816.478,,,,6,816.4797,817.2281,,,"[""space""]",[0.4901999999997315],[null],5,817.2344,822.4436,space,4.9473,,30,Celebrities_Faces/030_rating.jpg,Tom Cruise,2,Chris Evans,0,FALSE,FALSE,13,0,58,58,29,1,30,Celebrities_Faces/030_rating.jpg,Tom Cruise,Lionel Messi,Chris Evans,Bruce Willis,Tom Cruise,,,,,,,,,,,,,,,,,,,,,,,,,,,,,,,,,,,,,,,,,,,,,,,,,,,,,,,,,,,,,,,,,,,,,
,,,,,6a180b52095b1d794adaf154,2026-05-28_10h31.30.477,WP1_3,03.02.2025,Linux x86_64,59.88023952,69e3e1e44a46363f9772b8e8,6a030b8ba3607712b5d4bf26,,,,,,,,,,,,,,,,,,,,,,,,,,,,,,,,,,,,,,,,,822.4446,841.2086,,,,0,841.2102,841.4928,,,"[""space""]",[0.18770000000017717],[null],5,841.4956,845.5088,space,3.9152,,11,Celebrities_Faces/011_rating.jpg,Chris Evans,2,Ryan Reynolds,0,FALSE,FALSE,13,0,59,59,10,1,11,Celebrities_Faces/011_rating.jpg,Chris Evans,Daniel Craig,Ryan Reynolds,Arnold Schwarzeneger,Chris Evans,,,,,,,,,,,,,,,,,,,,,,,,,,,,,,,,,,,,,,,,,,,,,,,,,,,,,,,,,,,,,,,,,,,,,
,,,,,6a180b52095b1d794adaf154,2026-05-28_10h31.30.477,WP1_3,03.02.2025,Linux x86_64,59.88023952,69e3e1e44a46363f9772b8e8,6a030b8ba3607712b5d4bf26,,,,,,,,,,,,,,,,,,,,,,,,,,,,,,,,,,,,,,,,,,,,,,,,,,,,,,,,,,,,,,,,,,,,,,,,,,,,,,,,,all_13_qualified_plus_17_best_remaining,30,"46,59,52,1,4,38,29,36,12,28,42,50,5,49,47,2,32,51,27,60,30,24,20,18,33,44,48,16,54,53",845.5135,865.5081,,,,,,,,,,,,,,,,,,,,,,,,,,,,,,,,,,,,,,,,,,,,,,,,,,,,,,,,,,,,,,,,
,,,,,6a180b52095b1d794adaf154,2026-05-28_10h31.30.477,WP1_3,03.02.2025,Linux x86_64,59.88023952,69e3e1e44a46363f9772b8e8,6a030b8ba3607712b5d4bf26,,,,,,,,,,,,,,,,,,,,,,,,,,,,,,,,,,,,,,,,,,,,,,,,,,,,,,,,,,,,,,,,,,,,,,,,,,,,,,,,,,,,,,865.5153,865.5161,,,,,,,,,,,,,,,,,,,,,,,,,,,,,,,,,,,,,,,,,,,,,,,,,,,,,,,,,,,,,,
,,,,,6a180b52095b1d794adaf154,2026-05-28_10h31.30.477,WP1_3,03.02.2025,Linux x86_64,59.88023952,69e3e1e44a46363f9772b8e8,6a030b8ba3607712b5d4bf26,,,,,,,,,,,,,,,,,,,,,,,,,,,,,,,,,,,,,,,,,,,,,,,,,,,,,,,,,,,,,,,,,,,,,,,,,,,,,,,,,,,,,,,,865.5165,877.7727,space,12.2082,,,,,,,,,,,,,,,,,,,,,,,,,,,,,,,,,,,,,,,,,,,,,,,,,,,,,,,,,,
,,,,,6a180b52095b1d794adaf154,2026-05-28_10h31.30.477,WP1_3,03.02.2025,Linux x86_64,59.88023952,69e3e1e44a46363f9772b8e8,6a030b8ba3607712b5d4bf26,,,,,,,,,,,,,,,,,,,,,,,,,,,,,,,,,,,,,,,,,,,,,,,,,,,,,,,,,,,,,,,,,,,,,,,,,,,,,,,,,,,,,,,,,,,,,877.7732,882.2396,space,4.4369,,,,,,,,,,,,,,,,,,,,,,,,,,,,,,,,,,,,,,,,,,,,,,,,,,,,,
,,,,,6a180b52095b1d794adaf154,2026-05-28_10h31.30.477,WP1_3,03.02.2025,Linux x86_64,59.88023952,69e3e1e44a46363f9772b8e8,6a030b8ba3607712b5d4bf26,,,,,,,,,,,,,,,,,,,,,,,,,,,,,,,,,,,,,,,,,,,,,,,,,,,,,,,,,,,,40,,,,,,,,,,,,,,,,,,,,,,,,,,,,,,,,,,,,,,1.929639313,882.2477,884.1721,884.1771,886.2888,[],[],,TRUE,1,TRUE,,TRUE,,0,0,0,0,1,,,,,,,,,,,,,,,,,,,,,,,,,,,,,,,,,
,,,,,6a180b52095b1d794adaf154,2026-05-28_10h31.30.477,WP1_3,03.02.2025,Linux x86_64,59.88023952,69e3e1e44a46363f9772b8e8,6a030b8ba3607712b5d4bf26,,,,,,,,,,,,,,,,,,,,,,,,,,,,,,,,,,,,,,,,,,,,,,,,,,,,,,,,,,,,58,,,,,,,,,,,,,,,,,,,,,,,,,,,,,,,,,,,,,,2.413242735,886.2903,888.7047,888.7083,889.323,q,0.393,,TRUE,2,FALSE,,FALSE,,1,0,1,0,1,,,,,,,,,,,,,,,,,,,,,,,,,,,,,,,,,
,,,,,6a180b52095b1d794adaf154,2026-05-28_10h31.30.477,WP1_3,03.02.2025,Linux x86_64,59.88023952,69e3e1e44a46363f9772b8e8,6a030b8ba3607712b5d4bf26,,,,,,,,,,,,,,,,,,,,,,,,,,,,,,,,,,,,,,,,,,,,,,,,,,,,,,,,,,,,71,,,,,,,,,,,,,,,,,,,,,,,,,,,,,,,,,,,,,,1.519310657,889.3241,890.8372,890.8391,891.9033,q,0.8445,,TRUE,3,FALSE,,FALSE,,2,0,2,0,1,,,,,,,,,,,,,,,,,,,,,,,,,,,,,,,,,
,,,,,6a180b52095b1d794adaf154,2026-05-28_10h31.30.477,WP1_3,03.02.2025,Linux x86_64,59.88023952,69e3e1e44a46363f9772b8e8,6a030b8ba3607712b5d4bf26,,,,,,,,,,,,,,,,,,,,,,,,,,,,,,,,,,,,,,,,,,,,,,,,,,,,,,,,,,,,30,,,,,,,,,,,,,,,,,,,,,,,,,,,,,,,,,,,,,,2.418247245,891.9037,894.3202,894.3224,895.271,q,0.7585,,TRUE,4,FALSE,,FALSE,,3,0,3,0,1,,,,,,,,,,,,,,,,,,,,,,,,,,,,,,,,,
,,,,,6a180b52095b1d794adaf154,2026-05-28_10h31.30.477,WP1_3,03.02.2025,Linux x86_64,59.88023952,69e3e1e44a46363f9772b8e8,6a030b8ba3607712b5d4bf26,,,,,,,,,,,,,,,,,,,,,,,,,,,,,,,,,,,,,,,,,,,,,,,,,,,,,,,,,,,,16,,,,,,,,,,,,,,,,,,,,,,,,,,,,,,,,,,,,,,1.824858135,895.2719,897.0869,897.0892,897.9031,p,0.5965,,TRUE,5,FALSE,,FALSE,,4,0,4,0,1,,,,,,,,,,,,,,,,,,,,,,,,,,,,,,,,,
,,,,,6a180b52095b1d794adaf154,2026-05-28_10h31.30.477,WP1_3,03.02.2025,Linux x86_64,59.88023952,69e3e1e44a46363f9772b8e8,6a030b8ba3607712b5d4bf26,,,,,,,,,,,,,,,,,,,,,,,,,,,,,,,,,,,,,,,,,,,,,,,,,,,,,,,,,,,,,,,,,,,,,,,,,,,,,,,,,,,,,,,,,,,,,,,,,,,,,,,,,,,,,,,,,,,,,897.904,904.1204,space,6.1835,,,,,,,,,,,,,,,,,,,,,,,,,,,,,
,,,,,6a180b52095b1d794adaf154,2026-05-28_10h31.30.477,WP1_3,03.02.2025,Linux x86_64,59.88023952,69e3e1e44a46363f9772b8e8,6a030b8ba3607712b5d4bf26,,,,,,,,,,,,,,,,,,,,,,,,,,,,,,,,,,,,,,,,,,,,,,,,,,,,,,,,,,,,18,Celebrities_Faces/018_01_greyscale_250.png,,,,,,,,,,,,,,,,,,,,,,,,,,,,,,,,,,,,,2.392615607,904.1239,906.5191,,,,,,,,TRUE,,FALSE,,,,,,,,,,,,906.5248,907.5201,q,0.7807,,1,24,1,1,1,familiar,,,FALSE,907.5216,907.5243,907.5248,907.5289,,0,0,0,0,1,,,,
,,,,,6a180b52095b1d794adaf154,2026-05-28_10h31.30.477,WP1_3,03.02.2025,Linux x86_64,59.88023952,69e3e1e44a46363f9772b8e8,6a030b8ba3607712b5d4bf26,,,,,,,,,,,,,,,,,,,,,,,,,,,,,,,,,,,,,,,,,,,,,,,,,,,,,,,,,,,,46,Celebrities_Faces/046_03_greyscale_250.png,,,,,,,,,,,,,,,,,,,,,,,,,,,,,,,,,,,,,2.20096244,907.5301,909.7187,,,,,,,,TRUE,,FALSE,,,,,,,,,,,,909.7206,910.6399,p,0.692,,2,1,1,1,3,familiar,,,FALSE,910.6403,910.6405,910.6405,910.6408,,1,0,1,0,1,,,,
,,,,,6a180b52095b1d794adaf154,2026-05-28_10h31.30.477,WP1_3,03.02.2025,Linux x86_64,59.88023952,69e3e1e44a46363f9772b8e8,6a030b8ba3607712b5d4bf26,,,,,,,,,,,,,,,,,,,,,,,,,,,,,,,,,,,,,,,,,,,,,,,,,,,,,,,,,,,,1,Celebrities_Faces/001_02_greyscale_250.png,,,,,,,,,,,,,,,,,,,,,,,,,,,,,,,,,,,,,1.956811265,910.6416,912.6017,,,,,,,,TRUE,,TRUE,,,,,,,,,,,,912.6035,913.718,,,,3,4,1,1,2,familiar,,,FALSE,913.7185,914.7176,914.7178,914.7179,,2,0,2,0,1,,,,
,,,,,6a180b52095b1d794adaf154,2026-05-28_10h31.30.477,WP1_3,03.02.2025,Linux x86_64,59.88023952,69e3e1e44a46363f9772b8e8,6a030b8ba3607712b5d4bf26,,,,,,,,,,,,,,,,,,,,,,,,,,,,,,,,,,,,,,,,,,,,,,,,,,,,,,,,,,,,47,Celebrities_Faces/047_02_greyscale_250.png,,,,,,,,,,,,,,,,,,,,,,,,,,,,,,,,,,,,,2.054619757,914.7185,916.7679,,,,,,,,TRUE,,FALSE,,,,,,,,,,,,916.7698,917.5351,q,0.5613,,4,15,1,1,2,familiar,,,FALSE,917.5354,917.5357,917.5358,917.5364,,3,0,3,0,1,,,,
,,,,,6a180b52095b1d794adaf154,2026-05-28_10h31.30.477,WP1_3,03.02.2025,Linux x86_64,59.88023952,69e3e1e44a46363f9772b8e8,6a030b8ba3607712b5d4bf26,,,,,,,,,,,,,,,,,,,,,,,,,,,,,,,,,,,,,,,,,,,,,,,,,,,,,,,,,,,,59,Celebrities_Faces/059_02_greyscale_250.png,,,,,,,,,,,,,,,,,,,,,,,,,,,,,,,,,,,,,1.956040574,917.5373,919.4844,,,,,,,,TRUE,,FALSE,,,,,,,,,,,,919.4874,920.4176,p,0.7258,,5,2,1,1,2,familiar,,,FALSE,920.418,920.4183,920.4183,920.4185,,4,0,4,0,1,,,,
,,,,,6a180b52095b1d794adaf154,2026-05-28_10h31.30.477,WP1_3,03.02.2025,Linux x86_64,59.88023952,69e3e1e44a46363f9772b8e8,6a030b8ba3607712b5d4bf26,,,,,,,,,,,,,,,,,,,,,,,,,,,,,,,,,,,,,,,,,,,,,,,,,,,,,,,,,,,,76,stim_fam/076_rgray_250.png,,,,,,,,,,,,,,,,,,,,,,,,,,,,,,,,,,,,,1.63029312,920.4195,922.0505,,,,,,,,FALSE,,FALSE,,,,,,,,,,,,922.0529,923.0679,p,0.8197,,6,35,1,1,250,novel,,,FALSE,923.0684,923.0686,923.0687,923.0693,,5,0,5,0,1,,,,
,,,,,6a180b52095b1d794adaf154,2026-05-28_10h31.30.477,WP1_3,03.02.2025,Linux x86_64,59.88023952,69e3e1e44a46363f9772b8e8,6a030b8ba3607712b5d4bf26,,,,,,,,,,,,,,,,,,,,,,,,,,,,,,,,,,,,,,,,,,,,,,,,,,,,,,,,,,,,52,Celebrities_Faces/052_03_greyscale_250.png,,,,,,,,,,,,,,,,,,,,,,,,,,,,,,,,,,,,,2.026434408,923.07,925.1003,,,,,,,,TRUE,,FALSE,,,,,,,,,,,,925.1022,925.9339,q,0.618,,7,3,1,1,3,familiar,,,FALSE,925.9348,925.935,925.9351,925.9359,,6,0,6,0,1,,,,
,,,,,6a180b52095b1d794adaf154,2026-05-28_10h31.30.477,WP1_3,03.02.2025,Linux x86_64,59.88023952,69e3e1e44a46363f9772b8e8,6a030b8ba3607712b5d4bf26,,,,,,,,,,,,,,,,,,,,,,,,,,,,,,,,,,,,,,,,,,,,,,,,,,,,,,,,,,,,45,stim_fam/045_rgray_250.png,,,,,,,,,,,,,,,,,,,,,,,,,,,,,,,,,,,,,1.529683276,925.9367,927.4666,,,,,,,,FALSE,,FALSE,,,,,,,,,,,,927.4685,928.4836,q,0.7978,,8,32,1,1,250,novel,,,FALSE,928.4844,928.4846,928.4847,928.4852,,7,0,7,0,1,,,,
,,,,,6a180b52095b1d794adaf154,2026-05-28_10h31.30.477,WP1_3,03.02.2025,Linux x86_64,59.88023952,69e3e1e44a46363f9772b8e8,6a030b8ba3607712b5d4bf26,,,,,,,,,,,,,,,,,,,,,,,,,,,,,,,,,,,,,,,,,,,,,,,,,,,,,,,,,,,,96,stim_fam/096_rgray_250.png,,,,,,,,,,,,,,,,,,,,,,,,,,,,,,,,,,,,,2.132889494,928.4864,930.6167,,,,,,,,FALSE,,FALSE,,,,,,,,,,,,930.6203,931.2161,p,0.3942,,9,46,1,1,250,novel,,,FALSE,931.2164,931.2166,931.2166,931.2169,,8,0,8,0,1,,,,
,,,,,6a180b52095b1d794adaf154,2026-05-28_10h31.30.477,WP1_3,03.02.2025,Linux x86_64,59.88023952,69e3e1e44a46363f9772b8e8,6a030b8ba3607712b5d4bf26,,,,,,,,,,,,,,,,,,,,,,,,,,,,,,,,,,,,,,,,,,,,,,,,,,,,,,,,,,,,81,stim_fam/081_rgray_250.png,,,,,,,,,,,,,,,,,,,,,,,,,,,,,,,,,,,,,1.757415187,931.2176,932.966,,,,,,,,FALSE,,FALSE,,,,,,,,,,,,932.9678,933.7833,p,0.6382,,10,41,1,1,250,novel,,,FALSE,933.7837,933.7839,933.784,933.7842,,9,0,9,0,1,,,,
,,,,,6a180b52095b1d794adaf154,2026-05-28_10h31.30.477,WP1_3,03.02.2025,Linux x86_64,59.88023952,69e3e1e44a46363f9772b8e8,6a030b8ba3607712b5d4bf26,,,,,,,,,,,,,,,,,,,,,,,,,,,,,,,,,,,,,,,,,,,,,,,,,,,,,,,,,,,,42,Celebrities_Faces/042_01_greyscale_250.png,,,,,,,,,,,,,,,,,,,,,,,,,,,,,,,,,,,,,2.095860902,933.785,935.8824,,,,,,,,TRUE,,FALSE,,,,,,,,,,,,935.8843,936.7155,q,0.604,,11,11,1,1,1,familiar,,,FALSE,936.7158,936.716,936.716,936.7163,,10,0,10,0,1,,,,
,,,,,6a180b52095b1d794adaf154,2026-05-28_10h31.30.477,WP1_3,03.02.2025,Linux x86_64,59.88023952,69e3e1e44a46363f9772b8e8,6a030b8ba3607712b5d4bf26,,,,,,,,,,,,,,,,,,,,,,,,,,,,,,,,,,,,,,,,,,,,,,,,,,,,,,,,,,,,40,stim_fam/040_rgray_250.png,,,,,,,,,,,,,,,,,,,,,,,,,,,,,,,,,,,,,2.379620227,936.7171,939.0982,,,,,,,,FALSE,,FALSE,,,,,,,,,,,,939.0992,940.0512,q,0.7924,,12,40,1,1,250,novel,,,FALSE,940.0517,940.0519,940.0519,940.053,,11,0,11,0,1,,,,
,,,,,6a180b52095b1d794adaf154,2026-05-28_10h31.30.477,WP1_3,03.02.2025,Linux x86_64,59.88023952,69e3e1e44a46363f9772b8e8,6a030b8ba3607712b5d4bf26,,,,,,,,,,,,,,,,,,,,,,,,,,,,,,,,,,,,,,,,,,,,,,,,,,,,,,,,,,,,10,stim_fam/010_rgray_250.png,,,,,,,,,,,,,,,,,,,,,,,,,,,,,,,,,,,,,1.639038164,940.0539,941.6821,,,,,,,,FALSE,,FALSE,,,,,,,,,,,,941.6842,942.7822,p,0.9277,,13,53,1,1,250,novel,,,FALSE,942.7828,942.7829,942.7829,942.7835,,12,0,12,0,1,,,,
,,,,,6a180b52095b1d794adaf154,2026-05-28_10h31.30.477,WP1_3,03.02.2025,Linux x86_64,59.88023952,69e3e1e44a46363f9772b8e8,6a030b8ba3607712b5d4bf26,,,,,,,,,,,,,,,,,,,,,,,,,,,,,,,,,,,,,,,,,,,,,,,,,,,,,,,,,,,,28,Celebrities_Faces/028_03_greyscale_250.png,,,,,,,,,,,,,,,,,,,,,,,,,,,,,,,,,,,,,1.852515567,942.7842,944.632,,,,,,,,TRUE,,FALSE,,,,,,,,,,,,944.6342,945.4161,q,0.5636,,14,10,1,1,3,familiar,,,FALSE,945.4174,945.4176,945.4177,945.4179,,13,0,13,0,1,,,,
,,,,,6a180b52095b1d794adaf154,2026-05-28_10h31.30.477,WP1_3,03.02.2025,Linux x86_64,59.88023952,69e3e1e44a46363f9772b8e8,6a030b8ba3607712b5d4bf26,,,,,,,,,,,,,,,,,,,,,,,,,,,,,,,,,,,,,,,,,,,,,,,,,,,,,,,,,,,,66,stim_fam/066_rgray_250.png,,,,,,,,,,,,,,,,,,,,,,,,,,,,,,,,,,,,,2.307122632,945.4187,947.7154,,,,,,,,FALSE,,FALSE,,,,,,,,,,,,947.7174,948.6485,q,0.7149,,15,36,1,1,250,novel,,,FALSE,948.649,948.6492,948.6492,948.6494,,14,0,14,0,1,,,,
,,,,,6a180b52095b1d794adaf154,2026-05-28_10h31.30.477,WP1_3,03.02.2025,Linux x86_64,59.88023952,69e3e1e44a46363f9772b8e8,6a030b8ba3607712b5d4bf26,,,,,,,,,,,,,,,,,,,,,,,,,,,,,,,,,,,,,,,,,,,,,,,,,,,,,,,,,,,,85,stim_fam/085_rgray_250.png,,,,,,,,,,,,,,,,,,,,,,,,,,,,,,,,,,,,,2.335379257,948.6504,950.9813,,,,,,,,FALSE,,FALSE,,,,,,,,,,,,950.983,951.8979,p,0.6956,,16,44,1,1,250,novel,,,FALSE,951.8983,951.8985,951.8985,951.8986,,15,0,15,0,1,,,,
,,,,,6a180b52095b1d794adaf154,2026-05-28_10h31.30.477,WP1_3,03.02.2025,Linux x86_64,59.88023952,69e3e1e44a46363f9772b8e8,6a030b8ba3607712b5d4bf26,,,,,,,,,,,,,,,,,,,,,,,,,,,,,,,,,,,,,,,,,,,,,,,,,,,,,,,,,,,,32,stim_fam/032_rgray_250.png,,,,,,,,,,,,,,,,,,,,,,,,,,,,,,,,,,,,,2.122797784,951.8995,954.0142,,,,,,,,FALSE,,FALSE,,,,,,,,,,,,954.0159,954.8641,q,0.6485,,17,34,1,1,250,novel,,,FALSE,954.8645,954.8647,954.8647,954.865,,16,0,16,0,1,,,,
,,,,,6a180b52095b1d794adaf154,2026-05-28_10h31.30.477,WP1_3,03.02.2025,Linux x86_64,59.88023952,69e3e1e44a46363f9772b8e8,6a030b8ba3607712b5d4bf26,,,,,,,,,,,,,,,,,,,,,,,,,,,,,,,,,,,,,,,,,,,,,,,,,,,,,,,,,,,,64,stim_fam/064_rgray_250.png,,,,,,,,,,,,,,,,,,,,,,,,,,,,,,,,,,,,,2.267172699,954.8657,957.1302,,,,,,,,FALSE,,FALSE,,,,,,,,,,,,957.1322,958.0963,p,0.7579,,18,60,1,1,250,novel,,,FALSE,958.0965,958.0966,958.0966,958.0966,,17,0,17,0,1,,,,
,,,,,6a180b52095b1d794adaf154,2026-05-28_10h31.30.477,WP1_3,03.02.2025,Linux x86_64,59.88023952,69e3e1e44a46363f9772b8e8,6a030b8ba3607712b5d4bf26,,,,,,,,,,,,,,,,,,,,,,,,,,,,,,,,,,,,,,,,,,,,,,,,,,,,,,,,,,,,53,Celebrities_Faces/053_02_greyscale_250.png,,,,,,,,,,,,,,,,,,,,,,,,,,,,,,,,,,,,,1.619142774,958.0969,959.7133,,,,,,,,TRUE,,FALSE,,,,,,,,,,,,959.7151,960.58,p,0.6745,,19,30,1,1,2,familiar,,,FALSE,960.5804,960.5806,960.5806,960.5808,,18,0,18,0,1,,,,
,,,,,6a180b52095b1d794adaf154,2026-05-28_10h31.30.477,WP1_3,03.02.2025,Linux x86_64,59.88023952,69e3e1e44a46363f9772b8e8,6a030b8ba3607712b5d4bf26,,,,,,,,,,,,,,,,,,,,,,,,,,,,,,,,,,,,,,,,,,,,,,,,,,,,,,,,,,,,2,Celebrities_Faces/002_01_greyscale_250.png,,,,,,,,,,,,,,,,,,,,,,,,,,,,,,,,,,,,,1.745445357,960.5815,962.3295,,,,,,,,TRUE,,FALSE,,,,,,,,,,,,962.3315,963.3483,q,0.7989,,20,16,1,1,1,familiar,,,FALSE,963.3488,963.349,963.349,963.3492,,19,0,19,0,1,,,,
,,,,,6a180b52095b1d794adaf154,2026-05-28_10h31.30.477,WP1_3,03.02.2025,Linux x86_64,59.88023952,69e3e1e44a46363f9772b8e8,6a030b8ba3607712b5d4bf26,,,,,,,,,,,,,,,,,,,,,,,,,,,,,,,,,,,,,,,,,,,,,,,,,,,,,,,,,,,,61,stim_fam/061_rgray_250.png,,,,,,,,,,,,,,,,,,,,,,,,,,,,,,,,,,,,,2.390203686,963.3499,965.7295,,,,,,,,FALSE,,FALSE,,,,,,,,,,,,965.7313,966.5629,q,0.6441,,21,57,1,1,250,novel,,,FALSE,966.5633,966.5635,966.5635,966.5638,,20,0,20,0,1,,,,
,,,,,6a180b52095b1d794adaf154,2026-05-28_10h31.30.477,WP1_3,03.02.2025,Linux x86_64,59.88023952,69e3e1e44a46363f9772b8e8,6a030b8ba3607712b5d4bf26,,,,,,,,,,,,,,,,,,,,,,,,,,,,,,,,,,,,,,,,,,,,,,,,,,,,,,,,,,,,95,stim_fam/095_rgray_250.png,,,,,,,,,,,,,,,,,,,,,,,,,,,,,,,,,,,,,1.925937142,966.5645,968.4791,,,,,,,,FALSE,,FALSE,,,,,,,,,,,,968.4808,969.5121,q,0.8282,,22,38,1,1,250,novel,,,FALSE,969.5124,969.5125,969.5126,969.5128,,21,0,21,0,1,,,,
,,,,,6a180b52095b1d794adaf154,2026-05-28_10h31.30.477,WP1_3,03.02.2025,Linux x86_64,59.88023952,69e3e1e44a46363f9772b8e8,6a030b8ba3607712b5d4bf26,,,,,,,,,,,,,,,,,,,,,,,,,,,,,,,,,,,,,,,,,,,,,,,,,,,,,,,,,,,,52,stim_fam/052_rgray_250.png,,,,,,,,,,,,,,,,,,,,,,,,,,,,,,,,,,,,,2.022145035,969.5132,971.5289,,,,,,,,FALSE,,FALSE,,,,,,,,,,,,971.5311,972.5457,p,0.8076,,23,59,1,1,250,novel,,,FALSE,972.5462,972.5464,972.5465,972.5467,,22,0,22,0,1,,,,
,,,,,6a180b52095b1d794adaf154,2026-05-28_10h31.30.477,WP1_3,03.02.2025,Linux x86_64,59.88023952,69e3e1e44a46363f9772b8e8,6a030b8ba3607712b5d4bf26,,,,,,,,,,,,,,,,,,,,,,,,,,,,,,,,,,,,,,,,,,,,,,,,,,,,,,,,,,,,99,stim_fam/099_rgray_250.png,,,,,,,,,,,,,,,,,,,,,,,,,,,,,,,,,,,,,2.06576201,972.548,974.6118,,,,,,,,FALSE,,FALSE,,,,,,,,,,,,974.6134,975.6114,p,0.7918,,24,31,1,1,250,novel,,,FALSE,975.6118,975.612,975.612,975.6122,,23,0,23,0,1,,,,
,,,,,6a180b52095b1d794adaf154,2026-05-28_10h31.30.477,WP1_3,03.02.2025,Linux x86_64,59.88023952,69e3e1e44a46363f9772b8e8,6a030b8ba3607712b5d4bf26,,,,,,,,,,,,,,,,,,,,,,,,,,,,,,,,,,,,,,,,,,,,,,,,,,,,,,,,,,,,2,stim_fam/002_rgray_250.png,,,,,,,,,,,,,,,,,,,,,,,,,,,,,,,,,,,,,1.674551367,975.613,977.2785,,,,,,,,FALSE,,FALSE,,,,,,,,,,,,977.2801,978.262,q,0.7759,,25,54,1,1,250,novel,,,FALSE,978.2623,978.2623,978.2624,978.2625,,24,0,24,0,1,,,,
,,,,,6a180b52095b1d794adaf154,2026-05-28_10h31.30.477,WP1_3,03.02.2025,Linux x86_64,59.88023952,69e3e1e44a46363f9772b8e8,6a030b8ba3607712b5d4bf26,,,,,,,,,,,,,,,,,,,,,,,,,,,,,,,,,,,,,,,,,,,,,,,,,,,,,,,,,,,,68,stim_fam/068_rgray_250.png,,,,,,,,,,,,,,,,,,,,,,,,,,,,,,,,,,,,,1.912459054,978.2629,980.1774,,,,,,,,FALSE,,FALSE,,,,,,,,,,,,980.1782,981.0959,q,0.7475,,26,45,1,1,250,novel,,,FALSE,981.0964,981.0966,981.0967,981.0969,,25,0,25,0,1,,,,
,,,,,6a180b52095b1d794adaf154,2026-05-28_10h31.30.477,WP1_3,03.02.2025,Linux x86_64,59.88023952,69e3e1e44a46363f9772b8e8,6a030b8ba3607712b5d4bf26,,,,,,,,,,,,,,,,,,,,,,,,,,,,,,,,,,,,,,,,,,,,,,,,,,,,,,,,,,,,20,Celebrities_Faces/020_01_greyscale_250.png,,,,,,,,,,,,,,,,,,,,,,,,,,,,,,,,,,,,,1.944134967,981.0978,983.0446,,,,,,,,TRUE,,TRUE,,,,,,,,,,,,983.0467,984.161,,,,27,23,1,1,1,familiar,,,FALSE,984.1616,985.1608,985.1609,985.1611,,26,0,26,0,1,,,,
,,,,,6a180b52095b1d794adaf154,2026-05-28_10h31.30.477,WP1_3,03.02.2025,Linux x86_64,59.88023952,69e3e1e44a46363f9772b8e8,6a030b8ba3607712b5d4bf26,,,,,,,,,,,,,,,,,,,,,,,,,,,,,,,,,,,,,,,,,,,,,,,,,,,,,,,,,,,,5,Celebrities_Faces/005_02_greyscale_250.png,,,,,,,,,,,,,,,,,,,,,,,,,,,,,,,,,,,,,1.666465298,985.162,986.8272,,,,,,,,TRUE,,FALSE,,,,,,,,,,,,986.8289,987.6933,q,0.6543,,28,13,1,1,2,familiar,,,FALSE,987.6936,987.6936,987.6937,987.6939,,27,0,27,0,1,,,,
,,,,,6a180b52095b1d794adaf154,2026-05-28_10h31.30.477,WP1_3,03.02.2025,Linux x86_64,59.88023952,69e3e1e44a46363f9772b8e8,6a030b8ba3607712b5d4bf26,,,,,,,,,,,,,,,,,,,,,,,,,,,,,,,,,,,,,,,,,,,,,,,,,,,,,,,,,,,,27,Celebrities_Faces/027_01_greyscale_250.png,,,,,,,,,,,,,,,,,,,,,,,,,,,,,,,,,,,,,1.877367805,987.6945,989.5603,,,,,,,,TRUE,,FALSE,,,,,,,,,,,,989.5631,990.277,p,0.5002,,29,19,1,1,1,familiar,,,FALSE,990.2774,990.2775,990.2776,990.2776,,28,0,28,0,1,,,,
,,,,,6a180b52095b1d794adaf154,2026-05-28_10h31.30.477,WP1_3,03.02.2025,Linux x86_64,59.88023952,69e3e1e44a46363f9772b8e8,6a030b8ba3607712b5d4bf26,,,,,,,,,,,,,,,,,,,,,,,,,,,,,,,,,,,,,,,,,,,,,,,,,,,,,,,,,,,,16,Celebrities_Faces/016_03_greyscale_250.png,,,,,,,,,,,,,,,,,,,,,,,,,,,,,,,,,,,,,1.961039215,990.2783,992.2272,,,,,,,,TRUE,,FALSE,,,,,,,,,,,,992.2294,993.0765,q,0.6385,,30,28,1,1,3,familiar,,,FALSE,993.0769,993.0771,993.0771,993.0773,,29,0,29,0,1,,,,
,,,,,6a180b52095b1d794adaf154,2026-05-28_10h31.30.477,WP1_3,03.02.2025,Linux x86_64,59.88023952,69e3e1e44a46363f9772b8e8,6a030b8ba3607712b5d4bf26,,,,,,,,,,,,,,,,,,,,,,,,,,,,,,,,,,,,,,,,,,,,,,,,,,,,,,,,,,,,29,Celebrities_Faces/029_03_greyscale_250.png,,,,,,,,,,,,,,,,,,,,,,,,,,,,,,,,,,,,,2.151870058,993.078,995.2256,,,,,,,,TRUE,,FALSE,,,,,,,,,,,,995.2265,995.8455,q,0.4614,,31,7,1,1,3,familiar,,,FALSE,995.8459,995.8462,995.8462,995.8464,,30,0,30,0,1,,,,
,,,,,6a180b52095b1d794adaf154,2026-05-28_10h31.30.477,WP1_3,03.02.2025,Linux x86_64,59.88023952,69e3e1e44a46363f9772b8e8,6a030b8ba3607712b5d4bf26,,,,,,,,,,,,,,,,,,,,,,,,,,,,,,,,,,,,,,,,,,,,,,,,,,,,,,,,,,,,44,Celebrities_Faces/044_01_greyscale_250.png,,,,,,,,,,,,,,,,,,,,,,,,,,,,,,,,,,,,,2.261173761,995.8474,998.1094,,,,,,,,TRUE,,FALSE,,,,,,,,,,,,998.1113,998.7946,p,0.4756,,32,26,1,1,1,familiar,,,FALSE,998.795,998.7952,998.7952,998.7954,,31,0,31,0,1,,,,
,,,,,6a180b52095b1d794adaf154,2026-05-28_10h31.30.477,WP1_3,03.02.2025,Linux x86_64,59.88023952,69e3e1e44a46363f9772b8e8,6a030b8ba3607712b5d4bf26,,,,,,,,,,,,,,,,,,,,,,,,,,,,,,,,,,,,,,,,,,,,,,,,,,,,,,,,,,,,38,Celebrities_Faces/038_02_greyscale_250.png,,,,,,,,,,,,,,,,,,,,,,,,,,,,,,,,,,,,,2.271774965,998.7962,1001.0589,,,,,,,,TRUE,,FALSE,,,,,,,,,,,,1001.0606,1001.8919,q,0.6259,,33,6,1,1,2,familiar,,,FALSE,1001.892,1001.892,1001.8921,1001.8921,,32,0,32,0,1,,,,
,,,,,6a180b52095b1d794adaf154,2026-05-28_10h31.30.477,WP1_3,03.02.2025,Linux x86_64,59.88023952,69e3e1e44a46363f9772b8e8,6a030b8ba3607712b5d4bf26,,,,,,,,,,,,,,,,,,,,,,,,,,,,,,,,,,,,,,,,,,,,,,,,,,,,,,,,,,,,100,stim_fam/100_rgray_250.png,,,,,,,,,,,,,,,,,,,,,,,,,,,,,,,,,,,,,2.397787524,1001.8925,1004.2919,,,,,,,,FALSE,,FALSE,,,,,,,,,,,,1004.2937,1005.1918,p,0.691,,34,39,1,1,250,novel,,,FALSE,1005.1924,1005.1925,1005.1926,1005.1928,,33,0,33,0,1,,,,
,,,,,6a180b52095b1d794adaf154,2026-05-28_10h31.30.477,WP1_3,03.02.2025,Linux x86_64,59.88023952,69e3e1e44a46363f9772b8e8,6a030b8ba3607712b5d4bf26,,,,,,,,,,,,,,,,,,,,,,,,,,,,,,,,,,,,,,,,,,,,,,,,,,,,,,,,,,,,12,Celebrities_Faces/012_01_greyscale_250.png,,,,,,,,,,,,,,,,,,,,,,,,,,,,,,,,,,,,,2.312022535,1005.1936,1007.5085,,,,,,,,TRUE,,FALSE,,,,,,,,,,,,1007.5104,1008.2244,q,0.5095,,35,9,1,1,1,familiar,,,FALSE,1008.2246,1008.2246,1008.2247,1008.2247,,34,0,34,0,1,,,,
,,,,,6a180b52095b1d794adaf154,2026-05-28_10h31.30.477,WP1_3,03.02.2025,Linux x86_64,59.88023952,69e3e1e44a46363f9772b8e8,6a030b8ba3607712b5d4bf26,,,,,,,,,,,,,,,,,,,,,,,,,,,,,,,,,,,,,,,,,,,,,,,,,,,,,,,,,,,,36,Celebrities_Faces/036_02_greyscale_250.png,,,,,,,,,,,,,,,,,,,,,,,,,,,,,,,,,,,,,2.188600642,1008.225,1010.4083,,,,,,,,TRUE,,FALSE,,,,,,,,,,,,1010.41,1011.2429,q,0.6308,,36,8,1,1,2,familiar,,,FALSE,1011.2432,1011.2434,1011.2435,1011.2437,,35,0,35,0,1,,,,
,,,,,6a180b52095b1d794adaf154,2026-05-28_10h31.30.477,WP1_3,03.02.2025,Linux x86_64,59.88023952,69e3e1e44a46363f9772b8e8,6a030b8ba3607712b5d4bf26,,,,,,,,,,,,,,,,,,,,,,,,,,,,,,,,,,,,,,,,,,,,,,,,,,,,,,,,,,,,26,stim_fam/026_rgray_250.png,,,,,,,,,,,,,,,,,,,,,,,,,,,,,,,,,,,,,1.993279292,1011.2445,1013.2414,,,,,,,,FALSE,,FALSE,,,,,,,,,,,,1013.2445,1014.0578,q,0.6036,,37,37,1,1,250,novel,,,FALSE,1014.0585,1014.0587,1014.0587,1014.0591,,36,0,36,0,1,,,,
,,,,,6a180b52095b1d794adaf154,2026-05-28_10h31.30.477,WP1_3,03.02.2025,Linux x86_64,59.88023952,69e3e1e44a46363f9772b8e8,6a030b8ba3607712b5d4bf26,,,,,,,,,,,,,,,,,,,,,,,,,,,,,,,,,,,,,,,,,,,,,,,,,,,,,,,,,,,,33,Celebrities_Faces/033_02_greyscale_250.png,,,,,,,,,,,,,,,,,,,,,,,,,,,,,,,,,,,,,1.95206849,1014.0598,1016.0077,,,,,,,,TRUE,,FALSE,,,,,,,,,,,,1016.0095,1016.7412,p,0.5199,,38,25,1,1,2,familiar,,,FALSE,1016.7417,1016.7419,1016.7419,1016.7422,,37,0,37,0,1,,,,
,,,,,6a180b52095b1d794adaf154,2026-05-28_10h31.30.477,WP1_3,03.02.2025,Linux x86_64,59.88023952,69e3e1e44a46363f9772b8e8,6a030b8ba3607712b5d4bf26,,,,,,,,,,,,,,,,,,,,,,,,,,,,,,,,,,,,,,,,,,,,,,,,,,,,,,,,,,,,48,Celebrities_Faces/048_03_greyscale_250.png,,,,,,,,,,,,,,,,,,,,,,,,,,,,,,,,,,,,,2.414746405,1016.7431,1019.1574,,,,,,,,TRUE,,FALSE,,,,,,,,,,,,1019.1592,1020.0568,q,0.6733,,39,27,1,1,3,familiar,,,FALSE,1020.0572,1020.0574,1020.0574,1020.0586,,38,0,38,0,1,,,,
,,,,,6a180b52095b1d794adaf154,2026-05-28_10h31.30.477,WP1_3,03.02.2025,Linux x86_64,59.88023952,69e3e1e44a46363f9772b8e8,6a030b8ba3607712b5d4bf26,,,,,,,,,,,,,,,,,,,,,,,,,,,,,,,,,,,,,,,,,,,,,,,,,,,,,,,,,,,,84,stim_fam/084_rgray_250.png,,,,,,,,,,,,,,,,,,,,,,,,,,,,,,,,,,,,,2.257133218,1020.0594,1022.3076,,,,,,,,FALSE,,FALSE,,,,,,,,,,,,1022.311,1023.2261,p,0.7155,,40,56,1,1,250,novel,,,FALSE,1023.2266,1023.2268,1023.2268,1023.227,,39,0,39,0,1,,,,
,,,,,6a180b52095b1d794adaf154,2026-05-28_10h31.30.477,WP1_3,03.02.2025,Linux x86_64,59.88023952,69e3e1e44a46363f9772b8e8,6a030b8ba3607712b5d4bf26,,,,,,,,,,,,,,,,,,,,,,,,,,,,,,,,,,,,,,,,,,,,,,,,,,,,,,,,,,,,32,Celebrities_Faces/032_03_greyscale_250.png,,,,,,,,,,,,,,,,,,,,,,,,,,,,,,,,,,,,,1.857903657,1023.2277,1025.0736,,,,,,,,TRUE,,TRUE,,,,,,,,,,,,1025.0753,1026.1899,,,,41,17,1,1,3,familiar,,,FALSE,1026.1903,1027.19,1027.1901,1027.1903,,40,0,40,0,1,,,,
,,,,,6a180b52095b1d794adaf154,2026-05-28_10h31.30.477,WP1_3,03.02.2025,Linux x86_64,59.88023952,69e3e1e44a46363f9772b8e8,6a030b8ba3607712b5d4bf26,,,,,,,,,,,,,,,,,,,,,,,,,,,,,,,,,,,,,,,,,,,,,,,,,,,,,,,,,,,,74,stim_fam/074_rgray_250.png,,,,,,,,,,,,,,,,,,,,,,,,,,,,,,,,,,,,,2.196449618,1027.1911,1029.3891,,,,,,,,FALSE,,FALSE,,,,,,,,,,,,1029.3904,1029.8229,q,0.238,,42,33,1,1,250,novel,,,FALSE,1029.8233,1029.8234,1029.8235,1029.8238,,41,0,41,0,1,,,,
,,,,,6a180b52095b1d794adaf154,2026-05-28_10h31.30.477,WP1_3,03.02.2025,Linux x86_64,59.88023952,69e3e1e44a46363f9772b8e8,6a030b8ba3607712b5d4bf26,,,,,,,,,,,,,,,,,,,,,,,,,,,,,,,,,,,,,,,,,,,,,,,,,,,,,,,,,,,,60,Celebrities_Faces/060_02_greyscale_250.png,,,,,,,,,,,,,,,,,,,,,,,,,,,,,,,,,,,,,2.175760009,1029.8245,1031.9891,,,,,,,,TRUE,,FALSE,,,,,,,,,,,,1031.9902,1032.6732,q,0.5182,,43,20,1,1,2,familiar,,,FALSE,1032.6738,1032.674,1032.6741,1032.6742,,42,0,42,0,1,,,,
,,,,,6a180b52095b1d794adaf154,2026-05-28_10h31.30.477,WP1_3,03.02.2025,Linux x86_64,59.88023952,69e3e1e44a46363f9772b8e8,6a030b8ba3607712b5d4bf26,,,,,,,,,,,,,,,,,,,,,,,,,,,,,,,,,,,,,,,,,,,,,,,,,,,,,,,,,,,,24,Celebrities_Faces/024_03_greyscale_250.png,,,,,,,,,,,,,,,,,,,,,,,,,,,,,,,,,,,,,1.822751146,1032.6751,1034.4888,,,,,,,,TRUE,,FALSE,,,,,,,,,,,,1034.4907,1035.1559,q,0.5001,,44,22,1,1,3,familiar,,,FALSE,1035.1564,1035.1565,1035.1566,1035.1568,,43,0,43,0,1,,,,
,,,,,6a180b52095b1d794adaf154,2026-05-28_10h31.30.477,WP1_3,03.02.2025,Linux x86_64,59.88023952,69e3e1e44a46363f9772b8e8,6a030b8ba3607712b5d4bf26,,,,,,,,,,,,,,,,,,,,,,,,,,,,,,,,,,,,,,,,,,,,,,,,,,,,,,,,,,,,4,Celebrities_Faces/004_03_greyscale_250.png,,,,,,,,,,,,,,,,,,,,,,,,,,,,,,,,,,,,,2.42110936,1035.1577,1037.572,,,,,,,,TRUE,,FALSE,,,,,,,,,,,,1037.5737,1038.3572,q,0.5661,,45,5,1,1,3,familiar,,,FALSE,1038.3575,1038.3578,1038.3578,1038.358,,44,0,44,0,1,,,,
,,,,,6a180b52095b1d794adaf154,2026-05-28_10h31.30.477,WP1_3,03.02.2025,Linux x86_64,59.88023952,69e3e1e44a46363f9772b8e8,6a030b8ba3607712b5d4bf26,,,,,,,,,,,,,,,,,,,,,,,,,,,,,,,,,,,,,,,,,,,,,,,,,,,,,,,,,,,,33,stim_fam/033_rgray_250.png,,,,,,,,,,,,,,,,,,,,,,,,,,,,,,,,,,,,,1.805676067,1038.3587,1040.1552,,,,,,,,FALSE,,FALSE,,,,,,,,,,,,1040.1569,1041.0722,p,0.7198,,46,43,1,1,250,novel,,,FALSE,1041.0727,1041.0729,1041.073,1041.0732,,45,0,45,0,1,,,,
,,,,,6a180b52095b1d794adaf154,2026-05-28_10h31.30.477,WP1_3,03.02.2025,Linux x86_64,59.88023952,69e3e1e44a46363f9772b8e8,6a030b8ba3607712b5d4bf26,,,,,,,,,,,,,,,,,,,,,,,,,,,,,,,,,,,,,,,,,,,,,,,,,,,,,,,,,,,,89,stim_fam/089_rgray_250.png,,,,,,,,,,,,,,,,,,,,,,,,,,,,,,,,,,,,,1.58003985,1041.074,1042.6548,,,,,,,,FALSE,,FALSE,,,,,,,,,,,,1042.6565,1043.6742,p,0.8154,,47,50,1,1,250,novel,,,FALSE,1043.6746,1043.6747,1043.6748,1043.6752,,46,0,46,0,1,,,,
,,,,,6a180b52095b1d794adaf154,2026-05-28_10h31.30.477,WP1_3,03.02.2025,Linux x86_64,59.88023952,69e3e1e44a46363f9772b8e8,6a030b8ba3607712b5d4bf26,,,,,,,,,,,,,,,,,,,,,,,,,,,,,,,,,,,,,,,,,,,,,,,,,,,,,,,,,,,,46,stim_fam/046_rgray_250.png,,,,,,,,,,,,,,,,,,,,,,,,,,,,,,,,,,,,,1.795810054,1043.6767,1045.4714,,,,,,,,FALSE,,FALSE,,,,,,,,,,,,1045.4732,1046.3716,p,0.6867,,48,42,1,1,250,novel,,,FALSE,1046.3722,1046.3723,1046.3723,1046.3725,,47,0,47,0,1,,,,
,,,,,6a180b52095b1d794adaf154,2026-05-28_10h31.30.477,WP1_3,03.02.2025,Linux x86_64,59.88023952,69e3e1e44a46363f9772b8e8,6a030b8ba3607712b5d4bf26,,,,,,,,,,,,,,,,,,,,,,,,,,,,,,,,,,,,,,,,,,,,,,,,,,,,,,,,,,,,75,stim_fam/075_rgray_250.png,,,,,,,,,,,,,,,,,,,,,,,,,,,,,,,,,,,,,1.526864625,1046.3731,1047.9043,,,,,,,,FALSE,,FALSE,,,,,,,,,,,,1047.9063,1048.7211,q,0.6019,,49,51,1,1,250,novel,,,FALSE,1048.7214,1048.7215,1048.7216,1048.7219,,48,0,48,0,1,,,,
,,,,,6a180b52095b1d794adaf154,2026-05-28_10h31.30.477,WP1_3,03.02.2025,Linux x86_64,59.88023952,69e3e1e44a46363f9772b8e8,6a030b8ba3607712b5d4bf26,,,,,,,,,,,,,,,,,,,,,,,,,,,,,,,,,,,,,,,,,,,,,,,,,,,,,,,,,,,,57,stim_fam/057_rgray_250.png,,,,,,,,,,,,,,,,,,,,,,,,,,,,,,,,,,,,,2.198830005,1048.7226,1050.9216,,,,,,,,FALSE,,FALSE,,,,,,,,,,,,1050.9243,1051.9701,p,0.8241,,50,52,1,1,250,novel,,,FALSE,1051.9704,1051.9704,1051.9704,1051.9705,,49,0,49,0,1,,,,
,,,,,6a180b52095b1d794adaf154,2026-05-28_10h31.30.477,WP1_3,03.02.2025,Linux x86_64,59.88023952,69e3e1e44a46363f9772b8e8,6a030b8ba3607712b5d4bf26,,,,,,,,,,,,,,,,,,,,,,,,,,,,,,,,,,,,,,,,,,,,,,,,,,,,,,,,,,,,50,Celebrities_Faces/050_01_greyscale_250.png,,,,,,,,,,,,,,,,,,,,,,,,,,,,,,,,,,,,,1.84507147,1051.9708,1053.804,,,,,,,,TRUE,,FALSE,,,,,,,,,,,,1053.8061,1054.7873,p,0.7576,,51,12,1,1,1,familiar,,,FALSE,1054.7876,1054.7879,1054.7879,1054.7881,,50,0,50,0,1,,,,
,,,,,6a180b52095b1d794adaf154,2026-05-28_10h31.30.477,WP1_3,03.02.2025,Linux x86_64,59.88023952,69e3e1e44a46363f9772b8e8,6a030b8ba3607712b5d4bf26,,,,,,,,,,,,,,,,,,,,,,,,,,,,,,,,,,,,,,,,,,,,,,,,,,,,,,,,,,,,47,stim_fam/047_rgray_250.png,,,,,,,,,,,,,,,,,,,,,,,,,,,,,,,,,,,,,1.814031074,1054.7889,1056.6034,,,,,,,,FALSE,,FALSE,,,,,,,,,,,,1056.6051,1057.4033,p,0.5961,,52,49,1,1,250,novel,,,FALSE,1057.4037,1057.4038,1057.4038,1057.4041,,51,0,51,0,1,,,,
,,,,,6a180b52095b1d794adaf154,2026-05-28_10h31.30.477,WP1_3,03.02.2025,Linux x86_64,59.88023952,69e3e1e44a46363f9772b8e8,6a030b8ba3607712b5d4bf26,,,,,,,,,,,,,,,,,,,,,,,,,,,,,,,,,,,,,,,,,,,,,,,,,,,,,,,,,,,,51,Celebrities_Faces/051_01_greyscale_250.png,,,,,,,,,,,,,,,,,,,,,,,,,,,,,,,,,,,,,1.646973395,1057.4047,1059.0535,,,,,,,,TRUE,,FALSE,,,,,,,,,,,,1059.0553,1059.9718,q,0.6994,,53,18,1,1,1,familiar,,,FALSE,1059.9723,1059.9724,1059.9725,1059.9727,,52,0,52,0,1,,,,
,,,,,6a180b52095b1d794adaf154,2026-05-28_10h31.30.477,WP1_3,03.02.2025,Linux x86_64,59.88023952,69e3e1e44a46363f9772b8e8,6a030b8ba3607712b5d4bf26,,,,,,,,,,,,,,,,,,,,,,,,,,,,,,,,,,,,,,,,,,,,,,,,,,,,,,,,,,,,9,stim_fam/009_rgray_250.png,,,,,,,,,,,,,,,,,,,,,,,,,,,,,,,,,,,,,1.578279044,1059.9735,1061.5523,,,,,,,,FALSE,,FALSE,,,,,,,,,,,,1061.5529,1062.3529,p,0.6364,,54,47,1,1,250,novel,,,FALSE,1062.3533,1062.3534,1062.3535,1062.3536,,53,0,53,0,1,,,,
,,,,,6a180b52095b1d794adaf154,2026-05-28_10h31.30.477,WP1_3,03.02.2025,Linux x86_64,59.88023952,69e3e1e44a46363f9772b8e8,6a030b8ba3607712b5d4bf26,,,,,,,,,,,,,,,,,,,,,,,,,,,,,,,,,,,,,,,,,,,,,,,,,,,,,,,,,,,,83,stim_fam/083_rgray_250.png,,,,,,,,,,,,,,,,,,,,,,,,,,,,,,,,,,,,,1.690032984,1062.3543,1064.0363,,,,,,,,FALSE,,FALSE,,,,,,,,,,,,1064.0383,1064.8356,q,0.5714,,55,55,1,1,250,novel,,,FALSE,1064.8361,1064.8362,1064.8363,1064.8365,,54,0,54,0,1,,,,
,,,,,6a180b52095b1d794adaf154,2026-05-28_10h31.30.477,WP1_3,03.02.2025,Linux x86_64,59.88023952,69e3e1e44a46363f9772b8e8,6a030b8ba3607712b5d4bf26,,,,,,,,,,,,,,,,,,,,,,,,,,,,,,,,,,,,,,,,,,,,,,,,,,,,,,,,,,,,30,Celebrities_Faces/030_01_greyscale_250.png,,,,,,,,,,,,,,,,,,,,,,,,,,,,,,,,,,,,,1.594802486,1064.8371,1066.436,,,,,,,,TRUE,,FALSE,,,,,,,,,,,,1066.4383,1067.3182,p,0.6665,,56,21,1,1,1,familiar,,,FALSE,1067.3187,1067.3188,1067.3188,1067.3189,,55,0,55,0,1,,,,
,,,,,6a180b52095b1d794adaf154,2026-05-28_10h31.30.477,WP1_3,03.02.2025,Linux x86_64,59.88023952,69e3e1e44a46363f9772b8e8,6a030b8ba3607712b5d4bf26,,,,,,,,,,,,,,,,,,,,,,,,,,,,,,,,,,,,,,,,,,,,,,,,,,,,,,,,,,,,60,stim_fam/060_rgray_250.png,,,,,,,,,,,,,,,,,,,,,,,,,,,,,,,,,,,,,1.642448628,1067.3193,1068.9523,,,,,,,,FALSE,,FALSE,,,,,,,,,,,,1068.9545,1069.9853,p,0.8157,,57,58,1,1,250,novel,,,FALSE,1069.9856,1069.9857,1069.9858,1069.9861,,56,0,56,0,1,,,,
,,,,,6a180b52095b1d794adaf154,2026-05-28_10h31.30.477,WP1_3,03.02.2025,Linux x86_64,59.88023952,69e3e1e44a46363f9772b8e8,6a030b8ba3607712b5d4bf26,,,,,,,,,,,,,,,,,,,,,,,,,,,,,,,,,,,,,,,,,,,,,,,,,,,,,,,,,,,,49,Celebrities_Faces/049_02_greyscale_250.png,,,,,,,,,,,,,,,,,,,,,,,,,,,,,,,,,,,,,1.837115756,1069.9868,1071.8179,,,,,,,,TRUE,,FALSE,,,,,,,,,,,,1071.8195,1072.8179,p,0.8243,,58,14,1,1,2,familiar,,,FALSE,1072.8186,1072.82,1072.8201,1072.8202,,57,0,57,0,1,,,,
,,,,,6a180b52095b1d794adaf154,2026-05-28_10h31.30.477,WP1_3,03.02.2025,Linux x86_64,59.88023952,69e3e1e44a46363f9772b8e8,6a030b8ba3607712b5d4bf26,,,,,,,,,,,,,,,,,,,,,,,,,,,,,,,,,,,,,,,,,,,,,,,,,,,,,,,,,,,,43,stim_fam/043_rgray_250.png,,,,,,,,,,,,,,,,,,,,,,,,,,,,,,,,,,,,,2.423579914,1072.8208,1075.2348,,,,,,,,FALSE,,FALSE,,,,,,,,,,,,1075.2365,1075.9882,p,0.5495,,59,48,1,1,250,novel,,,FALSE,1075.9886,1075.9887,1075.9888,1075.989,,58,0,58,0,1,,,,
,,,,,6a180b52095b1d794adaf154,2026-05-28_10h31.30.477,WP1_3,03.02.2025,Linux x86_64,59.88023952,69e3e1e44a46363f9772b8e8,6a030b8ba3607712b5d4bf26,,,,,,,,,,,,,,,,,,,,,,,,,,,,,,,,,,,,,,,,,,,,,,,,,,,,,,,,,,,,54,Celebrities_Faces/054_02_greyscale_250.png,,,,,,,,,,,,,,,,,,,,,,,,,,,,,,,,,,,,,2.133811607,1075.9903,1078.1179,,,,,,,,TRUE,,FALSE,,,,,,,,,,,,1078.12,1078.8515,p,0.5264,,60,29,1,1,2,familiar,,,FALSE,1078.8518,1078.852,1078.852,1096.9153,space,59,0,59,0,1,18.0482,,,
,,,,,6a180b52095b1d794adaf154,2026-05-28_10h31.30.477,WP1_3,03.02.2025,Linux x86_64,59.88023952,69e3e1e44a46363f9772b8e8,6a030b8ba3607712b5d4bf26,,,,,,,,,,,,,,,,,,,,,,,,,,,,,,,,,,,,,,,,,,,,,,,,,,,,,,,,,,,,98,stim_fam/098_rgray_250.png,,,,,,,,,,,,,,,,,,,,,,,,,,,,,,,,,,,,,1.815137581,1096.9157,1098.7326,,,,,,,,FALSE,,FALSE,,,,,,,,,,,,1098.7346,1099.5992,p,0.6513,,61,117,2,1,250,novel,,,FALSE,1099.5997,1099.5998,1099.5999,1099.6001,,60,0,60,0,1,,,,
,,,,,6a180b52095b1d794adaf154,2026-05-28_10h31.30.477,WP1_3,03.02.2025,Linux x86_64,59.88023952,69e3e1e44a46363f9772b8e8,6a030b8ba3607712b5d4bf26,,,,,,,,,,,,,,,,,,,,,,,,,,,,,,,,,,,,,,,,,,,,,,,,,,,,,,,,,,,,55,stim_fam/055_rgray_250.png,,,,,,,,,,,,,,,,,,,,,,,,,,,,,,,,,,,,,1.633972933,1099.6008,1101.2323,,,,,,,,FALSE,,FALSE,,,,,,,,,,,,1101.2344,1102.0006,q,0.5465,,62,103,2,1,250,novel,,,FALSE,1102.0012,1102.0013,1102.0013,1102.0016,,61,0,61,0,1,,,,
,,,,,6a180b52095b1d794adaf154,2026-05-28_10h31.30.477,WP1_3,03.02.2025,Linux x86_64,59.88023952,69e3e1e44a46363f9772b8e8,6a030b8ba3607712b5d4bf26,,,,,,,,,,,,,,,,,,,,,,,,,,,,,,,,,,,,,,,,,,,,,,,,,,,,,,,,,,,,101,stim_fam/101_rgray_250.png,,,,,,,,,,,,,,,,,,,,,,,,,,,,,,,,,,,,,1.75299982,1102.0022,1103.7485,,,,,,,,FALSE,,FALSE,,,,,,,,,,,,1103.7507,1104.4479,p,0.5236,,63,91,2,1,250,novel,,,FALSE,1104.4481,1104.4482,1104.4482,1104.4482,,62,0,62,0,1,,,,
,,,,,6a180b52095b1d794adaf154,2026-05-28_10h31.30.477,WP1_3,03.02.2025,Linux x86_64,59.88023952,69e3e1e44a46363f9772b8e8,6a030b8ba3607712b5d4bf26,,,,,,,,,,,,,,,,,,,,,,,,,,,,,,,,,,,,,,,,,,,,,,,,,,,,,,,,,,,,54,stim_fam/054_rgray_250.png,,,,,,,,,,,,,,,,,,,,,,,,,,,,,,,,,,,,,2.492496088,1104.4486,1106.9318,,,,,,,,FALSE,,FALSE,,,,,,,,,,,,1106.9335,1107.6645,p,0.5593,,64,116,2,1,250,novel,,,FALSE,1107.6649,1107.6651,1107.6651,1107.6652,,63,0,63,0,1,,,,
,,,,,6a180b52095b1d794adaf154,2026-05-28_10h31.30.477,WP1_3,03.02.2025,Linux x86_64,59.88023952,69e3e1e44a46363f9772b8e8,6a030b8ba3607712b5d4bf26,,,,,,,,,,,,,,,,,,,,,,,,,,,,,,,,,,,,,,,,,,,,,,,,,,,,,,,,,,,,36,Celebrities_Faces/036_01_greyscale_250.png,,,,,,,,,,,,,,,,,,,,,,,,,,,,,,,,,,,,,2.176930912,1107.666,1109.8308,,,,,,,,TRUE,,FALSE,,,,,,,,,,,,1109.8316,1110.7343,q,0.7347,,65,68,2,1,1,familiar,,,FALSE,1110.7348,1110.7349,1110.7349,1110.7352,,64,0,64,0,1,,,,
,,,,,6a180b52095b1d794adaf154,2026-05-28_10h31.30.477,WP1_3,03.02.2025,Linux x86_64,59.88023952,69e3e1e44a46363f9772b8e8,6a030b8ba3607712b5d4bf26,,,,,,,,,,,,,,,,,,,,,,,,,,,,,,,,,,,,,,,,,,,,,,,,,,,,,,,,,,,,51,stim_fam/051_rgray_250.png,,,,,,,,,,,,,,,,,,,,,,,,,,,,,,,,,,,,,1.897604939,1110.7359,1112.6305,,,,,,,,FALSE,,FALSE,,,,,,,,,,,,1112.6322,1113.3994,p,0.5938,,66,97,2,1,250,novel,,,FALSE,1113.3999,1113.4001,1113.4002,1113.4004,,65,0,65,0,1,,,,
,,,,,6a180b52095b1d794adaf154,2026-05-28_10h31.30.477,WP1_3,03.02.2025,Linux x86_64,59.88023952,69e3e1e44a46363f9772b8e8,6a030b8ba3607712b5d4bf26,,,,,,,,,,,,,,,,,,,,,,,,,,,,,,,,,,,,,,,,,,,,,,,,,,,,,,,,,,,,48,Celebrities_Faces/048_02_greyscale_250.png,,,,,,,,,,,,,,,,,,,,,,,,,,,,,,,,,,,,,1.90703205,1113.4011,1115.2972,,,,,,,,TRUE,,FALSE,,,,,,,,,,,,1115.2996,1116.1828,p,0.6678,,67,87,2,1,2,familiar,,,FALSE,1116.1832,1116.1833,1116.1835,1116.1836,,66,0,66,0,1,,,,
,,,,,6a180b52095b1d794adaf154,2026-05-28_10h31.30.477,WP1_3,03.02.2025,Linux x86_64,59.88023952,69e3e1e44a46363f9772b8e8,6a030b8ba3607712b5d4bf26,,,,,,,,,,,,,,,,,,,,,,,,,,,,,,,,,,,,,,,,,,,,,,,,,,,,,,,,,,,,2,Celebrities_Faces/002_02_greyscale_250.png,,,,,,,,,,,,,,,,,,,,,,,,,,,,,,,,,,,,,1.89121954,1116.1843,1118.0635,,,,,,,,TRUE,,FALSE,,,,,,,,,,,,1118.0657,1118.8812,p,0.6064,,68,76,2,1,2,familiar,,,FALSE,1118.8816,1118.8818,1118.8819,1118.882,,67,0,67,0,1,,,,
,,,,,6a180b52095b1d794adaf154,2026-05-28_10h31.30.477,WP1_3,03.02.2025,Linux x86_64,59.88023952,69e3e1e44a46363f9772b8e8,6a030b8ba3607712b5d4bf26,,,,,,,,,,,,,,,,,,,,,,,,,,,,,,,,,,,,,,,,,,,,,,,,,,,,,,,,,,,,29,stim_fam/029_rgray_250.png,,,,,,,,,,,,,,,,,,,,,,,,,,,,,,,,,,,,,2.211505185,1118.8827,1121.0968,,,,,,,,FALSE,,FALSE,,,,,,,,,,,,1121.0984,1122.1465,q,0.8352,,69,102,2,1,250,novel,,,FALSE,1122.1469,1122.1471,1122.1472,1122.1473,,68,0,68,0,1,,,,
,,,,,6a180b52095b1d794adaf154,2026-05-28_10h31.30.477,WP1_3,03.02.2025,Linux x86_64,59.88023952,69e3e1e44a46363f9772b8e8,6a030b8ba3607712b5d4bf26,,,,,,,,,,,,,,,,,,,,,,,,,,,,,,,,,,,,,,,,,,,,,,,,,,,,,,,,,,,,1,Celebrities_Faces/001_01_greyscale_250.png,,,,,,,,,,,,,,,,,,,,,,,,,,,,,,,,,,,,,2.241123727,1122.1486,1124.3798,,,,,,,,TRUE,,FALSE,,,,,,,,,,,,1124.3815,1125.396,q,0.8224,,70,64,2,1,1,familiar,,,FALSE,1125.3965,1125.3966,1125.3967,1125.3969,,69,0,69,0,1,,,,
,,,,,6a180b52095b1d794adaf154,2026-05-28_10h31.30.477,WP1_3,03.02.2025,Linux x86_64,59.88023952,69e3e1e44a46363f9772b8e8,6a030b8ba3607712b5d4bf26,,,,,,,,,,,,,,,,,,,,,,,,,,,,,,,,,,,,,,,,,,,,,,,,,,,,,,,,,,,,42,Celebrities_Faces/042_02_greyscale_250.png,,,,,,,,,,,,,,,,,,,,,,,,,,,,,,,,,,,,,2.083759836,1125.3976,1127.4795,,,,,,,,TRUE,,FALSE,,,,,,,,,,,,1127.4829,1128.3461,q,0.6741,,71,71,2,1,2,familiar,,,FALSE,1128.3464,1128.3466,1128.3467,1128.3469,,70,0,70,0,1,,,,
,,,,,6a180b52095b1d794adaf154,2026-05-28_10h31.30.477,WP1_3,03.02.2025,Linux x86_64,59.88023952,69e3e1e44a46363f9772b8e8,6a030b8ba3607712b5d4bf26,,,,,,,,,,,,,,,,,,,,,,,,,,,,,,,,,,,,,,,,,,,,,,,,,,,,,,,,,,,,16,Celebrities_Faces/016_02_greyscale_250.png,,,,,,,,,,,,,,,,,,,,,,,,,,,,,,,,,,,,,2.158022783,1128.3476,1130.4962,,,,,,,,TRUE,,FALSE,,,,,,,,,,,,1130.4983,1131.4966,p,0.7961,,72,88,2,1,2,familiar,,,FALSE,1131.497,1131.4972,1131.4972,1131.4974,,71,0,71,0,1,,,,
,,,,,6a180b52095b1d794adaf154,2026-05-28_10h31.30.477,WP1_3,03.02.2025,Linux x86_64,59.88023952,69e3e1e44a46363f9772b8e8,6a030b8ba3607712b5d4bf26,,,,,,,,,,,,,,,,,,,,,,,,,,,,,,,,,,,,,,,,,,,,,,,,,,,,,,,,,,,,77,stim_fam/077_rgray_250.png,,,,,,,,,,,,,,,,,,,,,,,,,,,,,,,,,,,,,2.030305204,1131.4981,1133.529,,,,,,,,FALSE,,FALSE,,,,,,,,,,,,1133.5307,1134.4953,q,0.7437,,73,115,2,1,250,novel,,,FALSE,1134.4958,1134.4959,1134.496,1134.4961,,72,0,72,0,1,,,,
,,,,,6a180b52095b1d794adaf154,2026-05-28_10h31.30.477,WP1_3,03.02.2025,Linux x86_64,59.88023952,69e3e1e44a46363f9772b8e8,6a030b8ba3607712b5d4bf26,,,,,,,,,,,,,,,,,,,,,,,,,,,,,,,,,,,,,,,,,,,,,,,,,,,,,,,,,,,,4,Celebrities_Faces/004_01_greyscale_250.png,,,,,,,,,,,,,,,,,,,,,,,,,,,,,,,,,,,,,2.354564907,1134.4968,1136.8445,,,,,,,,TRUE,,FALSE,,,,,,,,,,,,1136.8452,1137.9115,q,0.9148,,74,65,2,1,1,familiar,,,FALSE,1137.9119,1137.9121,1137.9122,1137.9124,,73,0,73,0,1,,,,
,,,,,6a180b52095b1d794adaf154,2026-05-28_10h31.30.477,WP1_3,03.02.2025,Linux x86_64,59.88023952,69e3e1e44a46363f9772b8e8,6a030b8ba3607712b5d4bf26,,,,,,,,,,,,,,,,,,,,,,,,,,,,,,,,,,,,,,,,,,,,,,,,,,,,,,,,,,,,5,stim_fam/005_rgray_250.png,,,,,,,,,,,,,,,,,,,,,,,,,,,,,,,,,,,,,2.442865806,1137.9132,1140.3448,,,,,,,,FALSE,,FALSE,,,,,,,,,,,,1140.3466,1141.146,p,0.6069,,75,104,2,1,250,novel,,,FALSE,1141.1463,1141.1465,1141.1466,1141.1467,,74,0,74,0,1,,,,
,,,,,6a180b52095b1d794adaf154,2026-05-28_10h31.30.477,WP1_3,03.02.2025,Linux x86_64,59.88023952,69e3e1e44a46363f9772b8e8,6a030b8ba3607712b5d4bf26,,,,,,,,,,,,,,,,,,,,,,,,,,,,,,,,,,,,,,,,,,,,,,,,,,,,,,,,,,,,36,stim_fam/036_rgray_250.png,,,,,,,,,,,,,,,,,,,,,,,,,,,,,,,,,,,,,2.151789852,1141.1475,1143.2942,,,,,,,,FALSE,,TRUE,,,,,,,,,,,,1143.2956,1144.4119,,,,76,111,2,1,250,novel,,,FALSE,1144.4127,1145.4107,1145.4115,1145.4118,,75,0,75,0,1,,,,
,,,,,6a180b52095b1d794adaf154,2026-05-28_10h31.30.477,WP1_3,03.02.2025,Linux x86_64,59.88023952,69e3e1e44a46363f9772b8e8,6a030b8ba3607712b5d4bf26,,,,,,,,,,,,,,,,,,,,,,,,,,,,,,,,,,,,,,,,,,,,,,,,,,,,,,,,,,,,20,Celebrities_Faces/020_02_greyscale_250.png,,,,,,,,,,,,,,,,,,,,,,,,,,,,,,,,,,,,,1.63916666,1145.4126,1147.044,,,,,,,,TRUE,,FALSE,,,,,,,,,,,,1147.0466,1147.6107,p,0.3489,,77,83,2,1,2,familiar,,,FALSE,1147.6133,1147.6135,1147.6136,1147.6138,,76,0,76,0,1,,,,
,,,,,6a180b52095b1d794adaf154,2026-05-28_10h31.30.477,WP1_3,03.02.2025,Linux x86_64,59.88023952,69e3e1e44a46363f9772b8e8,6a030b8ba3607712b5d4bf26,,,,,,,,,,,,,,,,,,,,,,,,,,,,,,,,,,,,,,,,,,,,,,,,,,,,,,,,,,,,29,Celebrities_Faces/029_02_greyscale_250.png,,,,,,,,,,,,,,,,,,,,,,,,,,,,,,,,,,,,,1.580126722,1147.6146,1149.1937,,,,,,,,TRUE,,FALSE,,,,,,,,,,,,1149.1959,1149.8612,q,0.4545,,78,67,2,1,2,familiar,,,FALSE,1149.8618,1149.862,1149.8621,1149.8622,,77,0,77,0,1,,,,
,,,,,6a180b52095b1d794adaf154,2026-05-28_10h31.30.477,WP1_3,03.02.2025,Linux x86_64,59.88023952,69e3e1e44a46363f9772b8e8,6a030b8ba3607712b5d4bf26,,,,,,,,,,,,,,,,,,,,,,,,,,,,,,,,,,,,,,,,,,,,,,,,,,,,,,,,,,,,47,Celebrities_Faces/047_03_greyscale_250.png,,,,,,,,,,,,,,,,,,,,,,,,,,,,,,,,,,,,,2.120851836,1149.863,1151.9769,,,,,,,,TRUE,,FALSE,,,,,,,,,,,,1151.9799,1152.7433,p,0.5566,,79,75,2,1,3,familiar,,,FALSE,1152.7435,1152.7436,1152.7436,1152.7438,,78,0,78,0,1,,,,
,,,,,6a180b52095b1d794adaf154,2026-05-28_10h31.30.477,WP1_3,03.02.2025,Linux x86_64,59.88023952,69e3e1e44a46363f9772b8e8,6a030b8ba3607712b5d4bf26,,,,,,,,,,,,,,,,,,,,,,,,,,,,,,,,,,,,,,,,,,,,,,,,,,,,,,,,,,,,12,stim_fam/012_rgray_250.png,,,,,,,,,,,,,,,,,,,,,,,,,,,,,,,,,,,,,2.354212871,1152.7441,1155.0925,,,,,,,,FALSE,,FALSE,,,,,,,,,,,,1155.0932,1155.7935,p,0.5344,,80,114,2,1,250,novel,,,FALSE,1155.7939,1155.794,1155.7941,1155.7942,,79,0,79,0,1,,,,
,,,,,6a180b52095b1d794adaf154,2026-05-28_10h31.30.477,WP1_3,03.02.2025,Linux x86_64,59.88023952,69e3e1e44a46363f9772b8e8,6a030b8ba3607712b5d4bf26,,,,,,,,,,,,,,,,,,,,,,,,,,,,,,,,,,,,,,,,,,,,,,,,,,,,,,,,,,,,79,stim_fam/079_rgray_250.png,,,,,,,,,,,,,,,,,,,,,,,,,,,,,,,,,,,,,1.672137745,1155.7949,1157.4598,,,,,,,,FALSE,,FALSE,,,,,,,,,,,,1157.4632,1158.2624,p,0.5866,,81,112,2,1,250,novel,,,FALSE,1158.2629,1158.2631,1158.2631,1158.2633,,80,0,80,0,1,,,,
,,,,,6a180b52095b1d794adaf154,2026-05-28_10h31.30.477,WP1_3,03.02.2025,Linux x86_64,59.88023952,69e3e1e44a46363f9772b8e8,6a030b8ba3607712b5d4bf26,,,,,,,,,,,,,,,,,,,,,,,,,,,,,,,,,,,,,,,,,,,,,,,,,,,,,,,,,,,,73,stim_fam/073_rgray_250.png,,,,,,,,,,,,,,,,,,,,,,,,,,,,,,,,,,,,,1.539276808,1158.264,1159.7929,,,,,,,,FALSE,,FALSE,,,,,,,,,,,,1159.7946,1160.56,q,0.5512,,82,98,2,1,250,novel,,,FALSE,1160.5605,1160.5606,1160.5607,1160.5608,,81,0,81,0,1,,,,
,,,,,6a180b52095b1d794adaf154,2026-05-28_10h31.30.477,WP1_3,03.02.2025,Linux x86_64,59.88023952,69e3e1e44a46363f9772b8e8,6a030b8ba3607712b5d4bf26,,,,,,,,,,,,,,,,,,,,,,,,,,,,,,,,,,,,,,,,,,,,,,,,,,,,,,,,,,,,60,Celebrities_Faces/060_01_greyscale_250.png,,,,,,,,,,,,,,,,,,,,,,,,,,,,,,,,,,,,,1.867858589,1160.5615,1162.425,,,,,,,,TRUE,,FALSE,,,,,,,,,,,,1162.4258,1163.375,q,0.7834,,83,80,2,1,1,familiar,,,FALSE,1163.3752,1163.3753,1163.3753,1163.3753,,82,0,82,0,1,,,,
,,,,,6a180b52095b1d794adaf154,2026-05-28_10h31.30.477,WP1_3,03.02.2025,Linux x86_64,59.88023952,69e3e1e44a46363f9772b8e8,6a030b8ba3607712b5d4bf26,,,,,,,,,,,,,,,,,,,,,,,,,,,,,,,,,,,,,,,,,,,,,,,,,,,,,,,,,,,,13,stim_fam/013_rgray_250.png,,,,,,,,,,,,,,,,,,,,,,,,,,,,,,,,,,,,,1.932165102,1163.3756,1165.309,,,,,,,,FALSE,,FALSE,,,,,,,,,,,,1165.3106,1165.8587,q,0.3517,,84,113,2,1,250,novel,,,FALSE,1165.8591,1165.8592,1165.8593,1165.8595,,83,0,83,0,1,,,,
,,,,,6a180b52095b1d794adaf154,2026-05-28_10h31.30.477,WP1_3,03.02.2025,Linux x86_64,59.88023952,69e3e1e44a46363f9772b8e8,6a030b8ba3607712b5d4bf26,,,,,,,,,,,,,,,,,,,,,,,,,,,,,,,,,,,,,,,,,,,,,,,,,,,,,,,,,,,,8,stim_fam/008_rgray_250.png,,,,,,,,,,,,,,,,,,,,,,,,,,,,,,,,,,,,,1.51915859,1165.8602,1167.3751,,,,,,,,FALSE,,FALSE,,,,,,,,,,,,1167.3769,1168.0756,q,0.4866,,85,118,2,1,250,novel,,,FALSE,1168.076,1168.0762,1168.0762,1168.0764,,84,0,84,0,1,,,,
,,,,,6a180b52095b1d794adaf154,2026-05-28_10h31.30.477,WP1_3,03.02.2025,Linux x86_64,59.88023952,69e3e1e44a46363f9772b8e8,6a030b8ba3607712b5d4bf26,,,,,,,,,,,,,,,,,,,,,,,,,,,,,,,,,,,,,,,,,,,,,,,,,,,,,,,,,,,,46,Celebrities_Faces/046_02_greyscale_250.png,,,,,,,,,,,,,,,,,,,,,,,,,,,,,,,,,,,,,1.678071659,1168.0772,1169.7583,,,,,,,,TRUE,,FALSE,,,,,,,,,,,,1169.7602,1170.6763,q,0.7051,,86,61,2,1,2,familiar,,,FALSE,1170.6768,1170.677,1170.6771,1170.6773,,85,0,85,0,1,,,,
,,,,,6a180b52095b1d794adaf154,2026-05-28_10h31.30.477,WP1_3,03.02.2025,Linux x86_64,59.88023952,69e3e1e44a46363f9772b8e8,6a030b8ba3607712b5d4bf26,,,,,,,,,,,,,,,,,,,,,,,,,,,,,,,,,,,,,,,,,,,,,,,,,,,,,,,,,,,,54,Celebrities_Faces/054_01_greyscale_250.png,,,,,,,,,,,,,,,,,,,,,,,,,,,,,,,,,,,,,1.512178556,1170.6782,1172.1916,,,,,,,,TRUE,,FALSE,,,,,,,,,,,,1172.1934,1173.2082,p,0.7919,,87,89,2,1,1,familiar,,,FALSE,1173.2086,1173.2088,1173.2089,1173.209,,86,0,86,0,1,,,,
,,,,,6a180b52095b1d794adaf154,2026-05-28_10h31.30.477,WP1_3,03.02.2025,Linux x86_64,59.88023952,69e3e1e44a46363f9772b8e8,6a030b8ba3607712b5d4bf26,,,,,,,,,,,,,,,,,,,,,,,,,,,,,,,,,,,,,,,,,,,,,,,,,,,,,,,,,,,,44,Celebrities_Faces/044_02_greyscale_250.png,,,,,,,,,,,,,,,,,,,,,,,,,,,,,,,,,,,,,2.162116865,1173.2098,1175.3746,,,,,,,,TRUE,,FALSE,,,,,,,,,,,,1175.3771,1175.9408,p,0.3355,,88,86,2,1,2,familiar,,,FALSE,1175.9412,1175.9414,1175.9414,1175.9416,,87,0,87,0,1,,,,
,,,,,6a180b52095b1d794adaf154,2026-05-28_10h31.30.477,WP1_3,03.02.2025,Linux x86_64,59.88023952,69e3e1e44a46363f9772b8e8,6a030b8ba3607712b5d4bf26,,,,,,,,,,,,,,,,,,,,,,,,,,,,,,,,,,,,,,,,,,,,,,,,,,,,,,,,,,,,14,stim_fam/014_rgray_250.png,,,,,,,,,,,,,,,,,,,,,,,,,,,,,,,,,,,,,2.221207901,1175.9424,1178.1576,,,,,,,,FALSE,,FALSE,,,,,,,,,,,,1178.1599,1178.7408,q,0.3826,,89,94,2,1,250,novel,,,FALSE,1178.7413,1178.7414,1178.7414,1178.7416,,88,0,88,0,1,,,,
,,,,,6a180b52095b1d794adaf154,2026-05-28_10h31.30.477,WP1_3,03.02.2025,Linux x86_64,59.88023952,69e3e1e44a46363f9772b8e8,6a030b8ba3607712b5d4bf26,,,,,,,,,,,,,,,,,,,,,,,,,,,,,,,,,,,,,,,,,,,,,,,,,,,,,,,,,,,,53,Celebrities_Faces/053_01_greyscale_250.png,,,,,,,,,,,,,,,,,,,,,,,,,,,,,,,,,,,,,1.617589526,1178.7423,1180.3576,,,,,,,,TRUE,,FALSE,,,,,,,,,,,,1180.3608,1181.3262,p,0.8025,,90,90,2,1,1,familiar,,,FALSE,1181.3268,1181.3269,1181.327,1181.3272,,89,0,89,0,1,,,,
,,,,,6a180b52095b1d794adaf154,2026-05-28_10h31.30.477,WP1_3,03.02.2025,Linux x86_64,59.88023952,69e3e1e44a46363f9772b8e8,6a030b8ba3607712b5d4bf26,,,,,,,,,,,,,,,,,,,,,,,,,,,,,,,,,,,,,,,,,,,,,,,,,,,,,,,,,,,,6,stim_fam/006_rgray_250.png,,,,,,,,,,,,,,,,,,,,,,,,,,,,,,,,,,,,,2.490610439,1181.328,1183.8069,,,,,,,,FALSE,,FALSE,,,,,,,,,,,,1183.8087,1184.4899,p,0.4662,,91,99,2,1,250,novel,,,FALSE,1184.4903,1184.4905,1184.4906,1184.4908,,90,0,90,0,1,,,,
,,,,,6a180b52095b1d794adaf154,2026-05-28_10h31.30.477,WP1_3,03.02.2025,Linux x86_64,59.88023952,69e3e1e44a46363f9772b8e8,6a030b8ba3607712b5d4bf26,,,,,,,,,,,,,,,,,,,,,,,,,,,,,,,,,,,,,,,,,,,,,,,,,,,,,,,,,,,,30,Celebrities_Faces/030_03_greyscale_250.png,,,,,,,,,,,,,,,,,,,,,,,,,,,,,,,,,,,,,1.712537247,1184.4915,1186.2065,,,,,,,,TRUE,,FALSE,,,,,,,,,,,,1186.2082,1187.109,q,0.6777,,92,81,2,1,3,familiar,,,FALSE,1187.1097,1187.1099,1187.1099,1187.1101,,91,0,91,0,1,,,,
,,,,,6a180b52095b1d794adaf154,2026-05-28_10h31.30.477,WP1_3,03.02.2025,Linux x86_64,59.88023952,69e3e1e44a46363f9772b8e8,6a030b8ba3607712b5d4bf26,,,,,,,,,,,,,,,,,,,,,,,,,,,,,,,,,,,,,,,,,,,,,,,,,,,,,,,,,,,,11,stim_fam/011_rgray_250.png,,,,,,,,,,,,,,,,,,,,,,,,,,,,,,,,,,,,,2.322323316,1187.1111,1189.4228,,,,,,,,FALSE,,FALSE,,,,,,,,,,,,1189.4245,1190.2394,p,0.5974,,93,105,2,1,250,novel,,,FALSE,1190.2399,1190.2401,1190.2401,1190.2403,,92,0,92,0,1,,,,
,,,,,6a180b52095b1d794adaf154,2026-05-28_10h31.30.477,WP1_3,03.02.2025,Linux x86_64,59.88023952,69e3e1e44a46363f9772b8e8,6a030b8ba3607712b5d4bf26,,,,,,,,,,,,,,,,,,,,,,,,,,,,,,,,,,,,,,,,,,,,,,,,,,,,,,,,,,,,41,stim_fam/041_rgray_250.png,,,,,,,,,,,,,,,,,,,,,,,,,,,,,,,,,,,,,2.372039298,1190.2411,1192.6059,,,,,,,,FALSE,,FALSE,,,,,,,,,,,,1192.6095,1193.3895,q,0.5752,,94,110,2,1,250,novel,,,FALSE,1193.3899,1193.3902,1193.3903,1193.3904,,93,0,93,0,1,,,,
,,,,,6a180b52095b1d794adaf154,2026-05-28_10h31.30.477,WP1_3,03.02.2025,Linux x86_64,59.88023952,69e3e1e44a46363f9772b8e8,6a030b8ba3607712b5d4bf26,,,,,,,,,,,,,,,,,,,,,,,,,,,,,,,,,,,,,,,,,,,,,,,,,,,,,,,,,,,,49,Celebrities_Faces/049_03_greyscale_250.png,,,,,,,,,,,,,,,,,,,,,,,,,,,,,,,,,,,,,1.954861117,1193.3912,1195.3391,,,,,,,,TRUE,,FALSE,,,,,,,,,,,,1195.3409,1196.09,p,0.5415,,95,74,2,1,3,familiar,,,FALSE,1196.0911,1196.0915,1196.0916,1196.0918,,94,0,94,0,1,,,,
,,,,,6a180b52095b1d794adaf154,2026-05-28_10h31.30.477,WP1_3,03.02.2025,Linux x86_64,59.88023952,69e3e1e44a46363f9772b8e8,6a030b8ba3607712b5d4bf26,,,,,,,,,,,,,,,,,,,,,,,,,,,,,,,,,,,,,,,,,,,,,,,,,,,,,,,,,,,,27,stim_fam/027_rgray_250.png,,,,,,,,,,,,,,,,,,,,,,,,,,,,,,,,,,,,,2.402548279,1196.0927,1198.4886,,,,,,,,FALSE,,FALSE,,,,,,,,,,,,1198.4927,1199.2048,q,0.5183,,96,108,2,1,250,novel,,,FALSE,1199.205,1199.2051,1199.2051,1199.2052,,95,0,95,0,1,,,,
,,,,,6a180b52095b1d794adaf154,2026-05-28_10h31.30.477,WP1_3,03.02.2025,Linux x86_64,59.88023952,69e3e1e44a46363f9772b8e8,6a030b8ba3607712b5d4bf26,,,,,,,,,,,,,,,,,,,,,,,,,,,,,,,,,,,,,,,,,,,,,,,,,,,,,,,,,,,,12,Celebrities_Faces/012_02_greyscale_250.png,,,,,,,,,,,,,,,,,,,,,,,,,,,,,,,,,,,,,1.500204394,1199.2055,1200.7052,,,,,,,,TRUE,,TRUE,,,,,,,,,,,,1200.707,1201.8222,,,,97,69,2,1,2,familiar,,,FALSE,1201.823,1202.8213,1202.8216,1202.8218,,96,0,96,0,1,,,,
,,,,,6a180b52095b1d794adaf154,2026-05-28_10h31.30.477,WP1_3,03.02.2025,Linux x86_64,59.88023952,69e3e1e44a46363f9772b8e8,6a030b8ba3607712b5d4bf26,,,,,,,,,,,,,,,,,,,,,,,,,,,,,,,,,,,,,,,,,,,,,,,,,,,,,,,,,,,,18,Celebrities_Faces/018_02_greyscale_250.png,,,,,,,,,,,,,,,,,,,,,,,,,,,,,,,,,,,,,2.244712022,1202.8226,1205.071,,,,,,,,TRUE,,FALSE,,,,,,,,,,,,1205.0739,1205.8394,p,0.5559,,98,84,2,1,2,familiar,,,FALSE,1205.8398,1205.8399,1205.84,1205.8402,,97,0,97,0,1,,,,
,,,,,6a180b52095b1d794adaf154,2026-05-28_10h31.30.477,WP1_3,03.02.2025,Linux x86_64,59.88023952,69e3e1e44a46363f9772b8e8,6a030b8ba3607712b5d4bf26,,,,,,,,,,,,,,,,,,,,,,,,,,,,,,,,,,,,,,,,,,,,,,,,,,,,,,,,,,,,1,stim_fam/001_rgray_250.png,,,,,,,,,,,,,,,,,,,,,,,,,,,,,,,,,,,,,1.654056429,1205.8409,1207.4878,,,,,,,,FALSE,,FALSE,,,,,,,,,,,,1207.4895,1208.3215,q,0.6108,,99,119,2,1,250,novel,,,FALSE,1208.3219,1208.3221,1208.3222,1208.3225,,98,0,98,0,1,,,,
,,,,,6a180b52095b1d794adaf154,2026-05-28_10h31.30.477,WP1_3,03.02.2025,Linux x86_64,59.88023952,69e3e1e44a46363f9772b8e8,6a030b8ba3607712b5d4bf26,,,,,,,,,,,,,,,,,,,,,,,,,,,,,,,,,,,,,,,,,,,,,,,,,,,,,,,,,,,,27,Celebrities_Faces/027_02_greyscale_250.png,,,,,,,,,,,,,,,,,,,,,,,,,,,,,,,,,,,,,1.781451539,1208.3233,1210.1041,,,,,,,,TRUE,,FALSE,,,,,,,,,,,,1210.1059,1210.9214,q,0.6092,,100,79,2,1,2,familiar,,,FALSE,1210.9222,1210.9224,1210.9224,1210.9228,,99,0,99,0,1,,,,
,,,,,6a180b52095b1d794adaf154,2026-05-28_10h31.30.477,WP1_3,03.02.2025,Linux x86_64,59.88023952,69e3e1e44a46363f9772b8e8,6a030b8ba3607712b5d4bf26,,,,,,,,,,,,,,,,,,,,,,,,,,,,,,,,,,,,,,,,,,,,,,,,,,,,,,,,,,,,20,stim_fam/020_rgray_250.png,,,,,,,,,,,,,,,,,,,,,,,,,,,,,,,,,,,,,2.216935348,1210.9238,1213.1369,,,,,,,,FALSE,,FALSE,,,,,,,,,,,,1213.1385,1213.9374,p,0.5877,,101,93,2,1,250,novel,,,FALSE,1213.9379,1213.9381,1213.9381,1213.9388,,100,0,100,0,1,,,,
,,,,,6a180b52095b1d794adaf154,2026-05-28_10h31.30.477,WP1_3,03.02.2025,Linux x86_64,59.88023952,69e3e1e44a46363f9772b8e8,6a030b8ba3607712b5d4bf26,,,,,,,,,,,,,,,,,,,,,,,,,,,,,,,,,,,,,,,,,,,,,,,,,,,,,,,,,,,,28,Celebrities_Faces/028_01_greyscale_250.png,,,,,,,,,,,,,,,,,,,,,,,,,,,,,,,,,,,,,1.891104227,1213.9397,1215.8204,,,,,,,,TRUE,,FALSE,,,,,,,,,,,,1215.8248,1216.6374,q,0.6174,,102,70,2,1,1,familiar,,,FALSE,1216.6379,1216.638,1216.6381,1216.6383,,101,0,101,0,1,,,,
,,,,,6a180b52095b1d794adaf154,2026-05-28_10h31.30.477,WP1_3,03.02.2025,Linux x86_64,59.88023952,69e3e1e44a46363f9772b8e8,6a030b8ba3607712b5d4bf26,,,,,,,,,,,,,,,,,,,,,,,,,,,,,,,,,,,,,,,,,,,,,,,,,,,,,,,,,,,,7,stim_fam/007_rgray_250.png,,,,,,,,,,,,,,,,,,,,,,,,,,,,,,,,,,,,,2.385112976,1216.639,1219.0198,,,,,,,,FALSE,,FALSE,,,,,,,,,,,,1219.0215,1219.7528,p,0.5199,,103,106,2,1,250,novel,,,FALSE,1219.753,1219.7531,1219.7531,1219.7531,,102,0,102,0,1,,,,
,,,,,6a180b52095b1d794adaf154,2026-05-28_10h31.30.477,WP1_3,03.02.2025,Linux x86_64,59.88023952,69e3e1e44a46363f9772b8e8,6a030b8ba3607712b5d4bf26,,,,,,,,,,,,,,,,,,,,,,,,,,,,,,,,,,,,,,,,,,,,,,,,,,,,,,,,,,,,52,Celebrities_Faces/052_01_greyscale_250.png,,,,,,,,,,,,,,,,,,,,,,,,,,,,,,,,,,,,,2.098869762,1219.7535,1221.8525,,,,,,,,TRUE,,FALSE,,,,,,,,,,,,1221.8533,1222.6211,p,0.6101,,104,63,2,1,1,familiar,,,FALSE,1222.6215,1222.6218,1222.6219,1222.622,,103,0,103,0,1,,,,
,,,,,6a180b52095b1d794adaf154,2026-05-28_10h31.30.477,WP1_3,03.02.2025,Linux x86_64,59.88023952,69e3e1e44a46363f9772b8e8,6a030b8ba3607712b5d4bf26,,,,,,,,,,,,,,,,,,,,,,,,,,,,,,,,,,,,,,,,,,,,,,,,,,,,,,,,,,,,53,stim_fam/053_rgray_250.png,,,,,,,,,,,,,,,,,,,,,,,,,,,,,,,,,,,,,2.133804312,1222.6228,1224.7528,,,,,,,,FALSE,,FALSE,,,,,,,,,,,,1224.755,1225.4203,q,0.4651,,105,101,2,1,250,novel,,,FALSE,1225.4207,1225.4211,1225.4211,1225.4214,,104,0,104,0,1,,,,
,,,,,6a180b52095b1d794adaf154,2026-05-28_10h31.30.477,WP1_3,03.02.2025,Linux x86_64,59.88023952,69e3e1e44a46363f9772b8e8,6a030b8ba3607712b5d4bf26,,,,,,,,,,,,,,,,,,,,,,,,,,,,,,,,,,,,,,,,,,,,,,,,,,,,,,,,,,,,51,Celebrities_Faces/051_03_greyscale_250.png,,,,,,,,,,,,,,,,,,,,,,,,,,,,,,,,,,,,,1.976507226,1225.4222,1227.4025,,,,,,,,TRUE,,FALSE,,,,,,,,,,,,1227.4044,1228.3692,q,0.7354,,106,78,2,1,3,familiar,,,FALSE,1228.3696,1228.3697,1228.3698,1228.37,,105,0,105,0,1,,,,
,,,,,6a180b52095b1d794adaf154,2026-05-28_10h31.30.477,WP1_3,03.02.2025,Linux x86_64,59.88023952,69e3e1e44a46363f9772b8e8,6a030b8ba3607712b5d4bf26,,,,,,,,,,,,,,,,,,,,,,,,,,,,,,,,,,,,,,,,,,,,,,,,,,,,,,,,,,,,24,Celebrities_Faces/024_01_greyscale_250.png,,,,,,,,,,,,,,,,,,,,,,,,,,,,,,,,,,,,,1.825321494,1228.3708,1230.1856,,,,,,,,TRUE,,FALSE,,,,,,,,,,,,1230.1902,1231.0859,p,0.6891,,107,82,2,1,1,familiar,,,FALSE,1231.0863,1231.0865,1231.0865,1231.0868,,106,0,106,0,1,,,,
,,,,,6a180b52095b1d794adaf154,2026-05-28_10h31.30.477,WP1_3,03.02.2025,Linux x86_64,59.88023952,69e3e1e44a46363f9772b8e8,6a030b8ba3607712b5d4bf26,,,,,,,,,,,,,,,,,,,,,,,,,,,,,,,,,,,,,,,,,,,,,,,,,,,,,,,,,,,,24,stim_fam/024_rgray_250.png,,,,,,,,,,,,,,,,,,,,,,,,,,,,,,,,,,,,,1.805098141,1231.0877,1232.8852,,,,,,,,FALSE,,FALSE,,,,,,,,,,,,1232.8868,1233.569,p,0.5113,,108,92,2,1,250,novel,,,FALSE,1233.5694,1233.5696,1233.5698,1233.5699,,107,0,107,0,1,,,,
,,,,,6a180b52095b1d794adaf154,2026-05-28_10h31.30.477,WP1_3,03.02.2025,Linux x86_64,59.88023952,69e3e1e44a46363f9772b8e8,6a030b8ba3607712b5d4bf26,,,,,,,,,,,,,,,,,,,,,,,,,,,,,,,,,,,,,,,,,,,,,,,,,,,,,,,,,,,,50,stim_fam/050_rgray_250.png,,,,,,,,,,,,,,,,,,,,,,,,,,,,,,,,,,,,,1.641276886,1233.5706,1235.201,,,,,,,,FALSE,,FALSE,,,,,,,,,,,,1235.2018,1236.0685,q,0.7035,,109,120,2,1,250,novel,,,FALSE,1236.069,1236.0691,1236.0692,1236.0694,,108,0,108,0,1,,,,
,,,,,6a180b52095b1d794adaf154,2026-05-28_10h31.30.477,WP1_3,03.02.2025,Linux x86_64,59.88023952,69e3e1e44a46363f9772b8e8,6a030b8ba3607712b5d4bf26,,,,,,,,,,,,,,,,,,,,,,,,,,,,,,,,,,,,,,,,,,,,,,,,,,,,,,,,,,,,65,stim_fam/065_rgray_250.png,,,,,,,,,,,,,,,,,,,,,,,,,,,,,,,,,,,,,2.211413249,1236.0703,1238.2848,,,,,,,,FALSE,,FALSE,,,,,,,,,,,,1238.2876,1239.0847,p,0.5869,,110,100,2,1,250,novel,,,FALSE,1239.0851,1239.0854,1239.0855,1239.0856,,109,0,109,0,1,,,,
,,,,,6a180b52095b1d794adaf154,2026-05-28_10h31.30.477,WP1_3,03.02.2025,Linux x86_64,59.88023952,69e3e1e44a46363f9772b8e8,6a030b8ba3607712b5d4bf26,,,,,,,,,,,,,,,,,,,,,,,,,,,,,,,,,,,,,,,,,,,,,,,,,,,,,,,,,,,,32,Celebrities_Faces/032_02_greyscale_250.png,,,,,,,,,,,,,,,,,,,,,,,,,,,,,,,,,,,,,2.279131344,1239.0864,1241.368,,,,,,,,TRUE,,FALSE,,,,,,,,,,,,1241.3697,1242.2027,p,0.6134,,111,77,2,1,2,familiar,,,FALSE,1242.2031,1242.2034,1242.2035,1242.2037,,110,0,110,0,1,,,,
,,,,,6a180b52095b1d794adaf154,2026-05-28_10h31.30.477,WP1_3,03.02.2025,Linux x86_64,59.88023952,69e3e1e44a46363f9772b8e8,6a030b8ba3607712b5d4bf26,,,,,,,,,,,,,,,,,,,,,,,,,,,,,,,,,,,,,,,,,,,,,,,,,,,,,,,,,,,,33,Celebrities_Faces/033_01_greyscale_250.png,,,,,,,,,,,,,,,,,,,,,,,,,,,,,,,,,,,,,2.131216041,1242.2045,1244.3339,,,,,,,,TRUE,,FALSE,,,,,,,,,,,,1244.3356,1245.1195,q,0.5691,,112,85,2,1,1,familiar,,,FALSE,1245.1199,1245.12,1245.1201,1245.1203,,111,0,111,0,1,,,,
,,,,,6a180b52095b1d794adaf154,2026-05-28_10h31.30.477,WP1_3,03.02.2025,Linux x86_64,59.88023952,69e3e1e44a46363f9772b8e8,6a030b8ba3607712b5d4bf26,,,,,,,,,,,,,,,,,,,,,,,,,,,,,,,,,,,,,,,,,,,,,,,,,,,,,,,,,,,,80,stim_fam/080_rgray_250.png,,,,,,,,,,,,,,,,,,,,,,,,,,,,,,,,,,,,,1.634856369,1245.121,1246.7505,,,,,,,,FALSE,,FALSE,,,,,,,,,,,,1246.7523,1247.6837,p,0.7212,,113,95,2,1,250,novel,,,FALSE,1247.6841,1247.6843,1247.6843,1247.685,,112,0,112,0,1,,,,
,,,,,6a180b52095b1d794adaf154,2026-05-28_10h31.30.477,WP1_3,03.02.2025,Linux x86_64,59.88023952,69e3e1e44a46363f9772b8e8,6a030b8ba3607712b5d4bf26,,,,,,,,,,,,,,,,,,,,,,,,,,,,,,,,,,,,,,,,,,,,,,,,,,,,,,,,,,,,50,Celebrities_Faces/050_03_greyscale_250.png,,,,,,,,,,,,,,,,,,,,,,,,,,,,,,,,,,,,,1.99163458,1247.6858,1249.6666,,,,,,,,TRUE,,FALSE,,,,,,,,,,,,1249.6691,1250.4666,q,0.5929,,114,72,2,1,3,familiar,,,FALSE,1250.4669,1250.4671,1250.4671,1250.4674,,113,0,113,0,1,,,,
,,,,,6a180b52095b1d794adaf154,2026-05-28_10h31.30.477,WP1_3,03.02.2025,Linux x86_64,59.88023952,69e3e1e44a46363f9772b8e8,6a030b8ba3607712b5d4bf26,,,,,,,,,,,,,,,,,,,,,,,,,,,,,,,,,,,,,,,,,,,,,,,,,,,,,,,,,,,,5,Celebrities_Faces/005_01_greyscale_250.png,,,,,,,,,,,,,,,,,,,,,,,,,,,,,,,,,,,,,1.572317267,1250.468,1252.0326,,,,,,,,TRUE,,FALSE,,,,,,,,,,,,1252.0334,1252.7498,p,0.554,,115,73,2,1,1,familiar,,,FALSE,1252.7502,1252.7504,1252.7504,1252.7506,,114,0,114,0,1,,,,
,,,,,6a180b52095b1d794adaf154,2026-05-28_10h31.30.477,WP1_3,03.02.2025,Linux x86_64,59.88023952,69e3e1e44a46363f9772b8e8,6a030b8ba3607712b5d4bf26,,,,,,,,,,,,,,,,,,,,,,,,,,,,,,,,,,,,,,,,,,,,,,,,,,,,,,,,,,,,38,Celebrities_Faces/038_01_greyscale_250.png,,,,,,,,,,,,,,,,,,,,,,,,,,,,,,,,,,,,,1.723427457,1252.7514,1254.4659,,,,,,,,TRUE,,FALSE,,,,,,,,,,,,1254.4672,1255.3672,p,0.7034,,116,66,2,1,1,familiar,,,FALSE,1255.3676,1255.3678,1255.3678,1255.3681,,115,0,115,0,1,,,,
,,,,,6a180b52095b1d794adaf154,2026-05-28_10h31.30.477,WP1_3,03.02.2025,Linux x86_64,59.88023952,69e3e1e44a46363f9772b8e8,6a030b8ba3607712b5d4bf26,,,,,,,,,,,,,,,,,,,,,,,,,,,,,,,,,,,,,,,,,,,,,,,,,,,,,,,,,,,,21,stim_fam/021_rgray_250.png,,,,,,,,,,,,,,,,,,,,,,,,,,,,,,,,,,,,,1.997471834,1255.3691,1257.3659,,,,,,,,FALSE,,FALSE,,,,,,,,,,,,1257.3675,1258.1849,p,0.6079,,117,109,2,1,250,novel,,,FALSE,1258.1855,1258.1856,1258.1857,1258.186,,116,0,116,0,1,,,,
,,,,,6a180b52095b1d794adaf154,2026-05-28_10h31.30.477,WP1_3,03.02.2025,Linux x86_64,59.88023952,69e3e1e44a46363f9772b8e8,6a030b8ba3607712b5d4bf26,,,,,,,,,,,,,,,,,,,,,,,,,,,,,,,,,,,,,,,,,,,,,,,,,,,,,,,,,,,,67,stim_fam/067_rgray_250.png,,,,,,,,,,,,,,,,,,,,,,,,,,,,,,,,,,,,,1.971058703,1258.1866,1260.1491,,,,,,,,FALSE,,FALSE,,,,,,,,,,,,1260.1508,1261.0328,p,0.6651,,118,107,2,1,250,novel,,,FALSE,1261.0335,1261.0337,1261.0338,1261.0341,,117,0,117,0,1,,,,
,,,,,6a180b52095b1d794adaf154,2026-05-28_10h31.30.477,WP1_3,03.02.2025,Linux x86_64,59.88023952,69e3e1e44a46363f9772b8e8,6a030b8ba3607712b5d4bf26,,,,,,,,,,,,,,,,,,,,,,,,,,,,,,,,,,,,,,,,,,,,,,,,,,,,,,,,,,,,35,stim_fam/035_rgray_250.png,,,,,,,,,,,,,,,,,,,,,,,,,,,,,,,,,,,,,1.890050934,1261.0351,1262.9157,,,,,,,,FALSE,,FALSE,,,,,,,,,,,,1262.9175,1263.7662,p,0.6587,,119,96,2,1,250,novel,,,FALSE,1263.7666,1263.7667,1263.7668,1263.7675,,118,0,118,0,1,,,,
,,,,,6a180b52095b1d794adaf154,2026-05-28_10h31.30.477,WP1_3,03.02.2025,Linux x86_64,59.88023952,69e3e1e44a46363f9772b8e8,6a030b8ba3607712b5d4bf26,,,,,,,,,,,,,,,,,,,,,,,,,,,,,,,,,,,,,,,,,,,,,,,,,,,,,,,,,,,,59,Celebrities_Faces/059_01_greyscale_250.png,,,,,,,,,,,,,,,,,,,,,,,,,,,,,,,,,,,,,1.662126452,1263.7683,1265.432,,,,,,,,TRUE,,FALSE,,,,,,,,,,,,1265.4338,1266.3819,p,0.7325,,120,62,2,1,1,familiar,,,FALSE,1266.3823,1266.3825,1266.3825,1289.6961,space,119,0,119,0,1,23.2953,,,
,,,,,6a180b52095b1d794adaf154,2026-05-28_10h31.30.477,WP1_3,03.02.2025,Linux x86_64,59.88023952,69e3e1e44a46363f9772b8e8,6a030b8ba3607712b5d4bf26,,,,,,,,,,,,,,,,,,,,,,,,,,,,,,,,,,,,,,,,,,,,,,,,,,,,,,,,,,,,62,stim_fam/062_rgray_250.png,,,,,,,,,,,,,,,,,,,,,,,,,,,,,,,,,,,,,1.662118213,1289.697,1291.347,,,,,,,,FALSE,,FALSE,,,,,,,,,,,,1291.3487,1292.4456,q,0.8868,,121,175,3,1,250,novel,,,FALSE,1292.446,1292.4462,1292.4462,1292.4464,,120,0,120,0,1,,,,
,,,,,6a180b52095b1d794adaf154,2026-05-28_10h31.30.477,WP1_3,03.02.2025,Linux x86_64,59.88023952,69e3e1e44a46363f9772b8e8,6a030b8ba3607712b5d4bf26,,,,,,,,,,,,,,,,,,,,,,,,,,,,,,,,,,,,,,,,,,,,,,,,,,,,,,,,,,,,25,stim_fam/025_rgray_250.png,,,,,,,,,,,,,,,,,,,,,,,,,,,,,,,,,,,,,2.162785013,1292.4472,1294.6123,,,,,,,,FALSE,,FALSE,,,,,,,,,,,,1294.6142,1295.5286,p,0.7069,,122,174,3,1,250,novel,,,FALSE,1295.529,1295.5291,1295.5292,1295.5293,,121,0,121,0,1,,,,
,,,,,6a180b52095b1d794adaf154,2026-05-28_10h31.30.477,WP1_3,03.02.2025,Linux x86_64,59.88023952,69e3e1e44a46363f9772b8e8,6a030b8ba3607712b5d4bf26,,,,,,,,,,,,,,,,,,,,,,,,,,,,,,,,,,,,,,,,,,,,,,,,,,,,,,,,,,,,48,Celebrities_Faces/048_01_greyscale_250.png,,,,,,,,,,,,,,,,,,,,,,,,,,,,,,,,,,,,,2.254635961,1295.53,1297.7779,,,,,,,,TRUE,,FALSE,,,,,,,,,,,,1297.7786,1298.4453,q,0.4916,,123,147,3,1,1,familiar,,,FALSE,1298.4456,1298.4459,1298.446,1298.4461,,122,0,122,0,1,,,,
,,,,,6a180b52095b1d794adaf154,2026-05-28_10h31.30.477,WP1_3,03.02.2025,Linux x86_64,59.88023952,69e3e1e44a46363f9772b8e8,6a030b8ba3607712b5d4bf26,,,,,,,,,,,,,,,,,,,,,,,,,,,,,,,,,,,,,,,,,,,,,,,,,,,,,,,,,,,,52,Celebrities_Faces/052_02_greyscale_250.png,,,,,,,,,,,,,,,,,,,,,,,,,,,,,,,,,,,,,2.20138221,1298.4469,1300.6449,,,,,,,,TRUE,,FALSE,,,,,,,,,,,,1300.6467,1301.4611,q,0.613,,124,123,3,1,2,familiar,,,FALSE,1301.4614,1301.4615,1301.4616,1301.4618,,123,0,123,0,1,,,,
,,,,,6a180b52095b1d794adaf154,2026-05-28_10h31.30.477,WP1_3,03.02.2025,Linux x86_64,59.88023952,69e3e1e44a46363f9772b8e8,6a030b8ba3607712b5d4bf26,,,,,,,,,,,,,,,,,,,,,,,,,,,,,,,,,,,,,,,,,,,,,,,,,,,,,,,,,,,,38,Celebrities_Faces/038_03_greyscale_250.png,,,,,,,,,,,,,,,,,,,,,,,,,,,,,,,,,,,,,1.806879332,1301.4624,1303.2621,,,,,,,,TRUE,,FALSE,,,,,,,,,,,,1303.2639,1304.3615,p,0.8954,,125,126,3,1,3,familiar,,,FALSE,1304.3621,1304.3622,1304.3623,1304.3624,,124,0,124,0,1,,,,
,,,,,6a180b52095b1d794adaf154,2026-05-28_10h31.30.477,WP1_3,03.02.2025,Linux x86_64,59.88023952,69e3e1e44a46363f9772b8e8,6a030b8ba3607712b5d4bf26,,,,,,,,,,,,,,,,,,,,,,,,,,,,,,,,,,,,,,,,,,,,,,,,,,,,,,,,,,,,94,stim_fam/094_rgray_250.png,,,,,,,,,,,,,,,,,,,,,,,,,,,,,,,,,,,,,2.491168157,1304.3632,1306.845,,,,,,,,FALSE,,FALSE,,,,,,,,,,,,1306.8468,1307.6945,p,0.6352,,126,156,3,1,250,novel,,,FALSE,1307.6949,1307.6951,1307.6951,1307.6953,,125,0,125,0,1,,,,
,,,,,6a180b52095b1d794adaf154,2026-05-28_10h31.30.477,WP1_3,03.02.2025,Linux x86_64,59.88023952,69e3e1e44a46363f9772b8e8,6a030b8ba3607712b5d4bf26,,,,,,,,,,,,,,,,,,,,,,,,,,,,,,,,,,,,,,,,,,,,,,,,,,,,,,,,,,,,86,stim_fam/086_rgray_250.png,,,,,,,,,,,,,,,,,,,,,,,,,,,,,,,,,,,,,1.724239039,1307.696,1309.4109,,,,,,,,FALSE,,FALSE,,,,,,,,,,,,1309.4128,1310.3109,q,0.6981,,127,160,3,1,250,novel,,,FALSE,1310.3113,1310.3115,1310.3116,1310.3118,,126,0,126,0,1,,,,
,,,,,6a180b52095b1d794adaf154,2026-05-28_10h31.30.477,WP1_3,03.02.2025,Linux x86_64,59.88023952,69e3e1e44a46363f9772b8e8,6a030b8ba3607712b5d4bf26,,,,,,,,,,,,,,,,,,,,,,,,,,,,,,,,,,,,,,,,,,,,,,,,,,,,,,,,,,,,51,Celebrities_Faces/051_02_greyscale_250.png,,,,,,,,,,,,,,,,,,,,,,,,,,,,,,,,,,,,,2.34720991,1310.3126,1312.6602,,,,,,,,TRUE,,FALSE,,,,,,,,,,,,1312.6618,1313.5435,q,0.6714,,128,138,3,1,2,familiar,,,FALSE,1313.5439,1313.5441,1313.5441,1313.5443,,127,0,127,0,1,,,,
,,,,,6a180b52095b1d794adaf154,2026-05-28_10h31.30.477,WP1_3,03.02.2025,Linux x86_64,59.88023952,69e3e1e44a46363f9772b8e8,6a030b8ba3607712b5d4bf26,,,,,,,,,,,,,,,,,,,,,,,,,,,,,,,,,,,,,,,,,,,,,,,,,,,,,,,,,,,,93,stim_fam/093_rgray_250.png,,,,,,,,,,,,,,,,,,,,,,,,,,,,,,,,,,,,,1.852938082,1313.545,1315.3934,,,,,,,,FALSE,,FALSE,,,,,,,,,,,,1315.3952,1316.2433,p,0.6429,,129,176,3,1,250,novel,,,FALSE,1316.244,1316.2442,1316.2452,1316.2455,,128,0,128,0,1,,,,
,,,,,6a180b52095b1d794adaf154,2026-05-28_10h31.30.477,WP1_3,03.02.2025,Linux x86_64,59.88023952,69e3e1e44a46363f9772b8e8,6a030b8ba3607712b5d4bf26,,,,,,,,,,,,,,,,,,,,,,,,,,,,,,,,,,,,,,,,,,,,,,,,,,,,,,,,,,,,47,Celebrities_Faces/047_01_greyscale_250.png,,,,,,,,,,,,,,,,,,,,,,,,,,,,,,,,,,,,,1.547231366,1316.2463,1317.7931,,,,,,,,TRUE,,FALSE,,,,,,,,,,,,1317.7949,1318.7788,q,0.7743,,130,135,3,1,1,familiar,,,FALSE,1318.7794,1318.7795,1318.7796,1318.7798,,129,0,129,0,1,,,,
,,,,,6a180b52095b1d794adaf154,2026-05-28_10h31.30.477,WP1_3,03.02.2025,Linux x86_64,59.88023952,69e3e1e44a46363f9772b8e8,6a030b8ba3607712b5d4bf26,,,,,,,,,,,,,,,,,,,,,,,,,,,,,,,,,,,,,,,,,,,,,,,,,,,,,,,,,,,,4,stim_fam/004_rgray_250.png,,,,,,,,,,,,,,,,,,,,,,,,,,,,,,,,,,,,,1.507327028,1318.7807,1320.293,,,,,,,,FALSE,,TRUE,,,,,,,,,,,,1320.2947,1321.4088,,,,131,171,3,1,250,novel,,,FALSE,1321.4091,1322.4085,1322.4085,1322.4087,,130,0,130,0,1,,,,
,,,,,6a180b52095b1d794adaf154,2026-05-28_10h31.30.477,WP1_3,03.02.2025,Linux x86_64,59.88023952,69e3e1e44a46363f9772b8e8,6a030b8ba3607712b5d4bf26,,,,,,,,,,,,,,,,,,,,,,,,,,,,,,,,,,,,,,,,,,,,,,,,,,,,,,,,,,,,46,Celebrities_Faces/046_01_greyscale_250.png,,,,,,,,,,,,,,,,,,,,,,,,,,,,,,,,,,,,,1.636304713,1322.4092,1324.0427,,,,,,,,TRUE,,FALSE,,,,,,,,,,,,1324.0445,1324.8282,q,0.5568,,132,121,3,1,1,familiar,,,FALSE,1324.8285,1324.8287,1324.8288,1324.829,,131,0,131,0,1,,,,
,,,,,6a180b52095b1d794adaf154,2026-05-28_10h31.30.477,WP1_3,03.02.2025,Linux x86_64,59.88023952,69e3e1e44a46363f9772b8e8,6a030b8ba3607712b5d4bf26,,,,,,,,,,,,,,,,,,,,,,,,,,,,,,,,,,,,,,,,,,,,,,,,,,,,,,,,,,,,29,Celebrities_Faces/029_01_greyscale_250.png,,,,,,,,,,,,,,,,,,,,,,,,,,,,,,,,,,,,,1.908200998,1324.8297,1326.7262,,,,,,,,TRUE,,FALSE,,,,,,,,,,,,1326.7279,1327.5089,p,0.5774,,133,127,3,1,1,familiar,,,FALSE,1327.5093,1327.5095,1327.5095,1327.5096,,132,0,132,0,1,,,,
,,,,,6a180b52095b1d794adaf154,2026-05-28_10h31.30.477,WP1_3,03.02.2025,Linux x86_64,59.88023952,69e3e1e44a46363f9772b8e8,6a030b8ba3607712b5d4bf26,,,,,,,,,,,,,,,,,,,,,,,,,,,,,,,,,,,,,,,,,,,,,,,,,,,,,,,,,,,,19,stim_fam/019_rgray_250.png,,,,,,,,,,,,,,,,,,,,,,,,,,,,,,,,,,,,,2.026421756,1327.5104,1329.5255,,,,,,,,FALSE,,FALSE,,,,,,,,,,,,1329.5271,1330.392,p,0.6903,,134,162,3,1,250,novel,,,FALSE,1330.3924,1330.3926,1330.3926,1330.3928,,133,0,133,0,1,,,,
,,,,,6a180b52095b1d794adaf154,2026-05-28_10h31.30.477,WP1_3,03.02.2025,Linux x86_64,59.88023952,69e3e1e44a46363f9772b8e8,6a030b8ba3607712b5d4bf26,,,,,,,,,,,,,,,,,,,,,,,,,,,,,,,,,,,,,,,,,,,,,,,,,,,,,,,,,,,,4,Celebrities_Faces/004_02_greyscale_250.png,,,,,,,,,,,,,,,,,,,,,,,,,,,,,,,,,,,,,1.882500147,1330.3936,1332.2748,,,,,,,,TRUE,,FALSE,,,,,,,,,,,,1332.2767,1333.1587,q,0.6747,,135,125,3,1,2,familiar,,,FALSE,1333.1592,1333.1594,1333.1594,1333.1596,,134,0,134,0,1,,,,
,,,,,6a180b52095b1d794adaf154,2026-05-28_10h31.30.477,WP1_3,03.02.2025,Linux x86_64,59.88023952,69e3e1e44a46363f9772b8e8,6a030b8ba3607712b5d4bf26,,,,,,,,,,,,,,,,,,,,,,,,,,,,,,,,,,,,,,,,,,,,,,,,,,,,,,,,,,,,88,stim_fam/088_rgray_250.png,,,,,,,,,,,,,,,,,,,,,,,,,,,,,,,,,,,,,1.580985816,1333.1605,1334.7415,,,,,,,,FALSE,,FALSE,,,,,,,,,,,,1334.7432,1335.6411,q,0.6888,,136,152,3,1,250,novel,,,FALSE,1335.6417,1335.6419,1335.642,1335.6421,,135,0,135,0,1,,,,
,,,,,6a180b52095b1d794adaf154,2026-05-28_10h31.30.477,WP1_3,03.02.2025,Linux x86_64,59.88023952,69e3e1e44a46363f9772b8e8,6a030b8ba3607712b5d4bf26,,,,,,,,,,,,,,,,,,,,,,,,,,,,,,,,,,,,,,,,,,,,,,,,,,,,,,,,,,,,59,Celebrities_Faces/059_03_greyscale_250.png,,,,,,,,,,,,,,,,,,,,,,,,,,,,,,,,,,,,,2.49227879,1335.6429,1338.1241,,,,,,,,TRUE,,FALSE,,,,,,,,,,,,1338.1259,1338.9774,q,0.6545,,137,122,3,1,3,familiar,,,FALSE,1338.9779,1338.9781,1338.9781,1338.9784,,136,0,136,0,1,,,,
,,,,,6a180b52095b1d794adaf154,2026-05-28_10h31.30.477,WP1_3,03.02.2025,Linux x86_64,59.88023952,69e3e1e44a46363f9772b8e8,6a030b8ba3607712b5d4bf26,,,,,,,,,,,,,,,,,,,,,,,,,,,,,,,,,,,,,,,,,,,,,,,,,,,,,,,,,,,,49,Celebrities_Faces/049_01_greyscale_250.png,,,,,,,,,,,,,,,,,,,,,,,,,,,,,,,,,,,,,1.613153672,1338.9794,1340.5907,,,,,,,,TRUE,,FALSE,,,,,,,,,,,,1340.5924,1341.4569,q,0.6476,,138,134,3,1,1,familiar,,,FALSE,1341.4573,1341.4575,1341.4575,1341.4578,,137,0,137,0,1,,,,
,,,,,6a180b52095b1d794adaf154,2026-05-28_10h31.30.477,WP1_3,03.02.2025,Linux x86_64,59.88023952,69e3e1e44a46363f9772b8e8,6a030b8ba3607712b5d4bf26,,,,,,,,,,,,,,,,,,,,,,,,,,,,,,,,,,,,,,,,,,,,,,,,,,,,,,,,,,,,97,stim_fam/097_rgray_250.png,,,,,,,,,,,,,,,,,,,,,,,,,,,,,,,,,,,,,2.135428844,1341.4584,1343.5908,,,,,,,,FALSE,,FALSE,,,,,,,,,,,,1343.5929,1344.3243,p,0.5193,,139,179,3,1,250,novel,,,FALSE,1344.325,1344.3253,1344.3254,1344.3256,,138,0,138,0,1,,,,
,,,,,6a180b52095b1d794adaf154,2026-05-28_10h31.30.477,WP1_3,03.02.2025,Linux x86_64,59.88023952,69e3e1e44a46363f9772b8e8,6a030b8ba3607712b5d4bf26,,,,,,,,,,,,,,,,,,,,,,,,,,,,,,,,,,,,,,,,,,,,,,,,,,,,,,,,,,,,70,stim_fam/070_rgray_250.png,,,,,,,,,,,,,,,,,,,,,,,,,,,,,,,,,,,,,2.428308878,1344.3264,1346.7566,,,,,,,,FALSE,,FALSE,,,,,,,,,,,,1346.7582,1347.4591,q,0.4949,,140,164,3,1,250,novel,,,FALSE,1347.4596,1347.4598,1347.4598,1347.46,,139,0,139,0,1,,,,
,,,,,6a180b52095b1d794adaf154,2026-05-28_10h31.30.477,WP1_3,03.02.2025,Linux x86_64,59.88023952,69e3e1e44a46363f9772b8e8,6a030b8ba3607712b5d4bf26,,,,,,,,,,,,,,,,,,,,,,,,,,,,,,,,,,,,,,,,,,,,,,,,,,,,,,,,,,,,20,Celebrities_Faces/020_03_greyscale_250.png,,,,,,,,,,,,,,,,,,,,,,,,,,,,,,,,,,,,,1.788530946,1347.4647,1349.2567,,,,,,,,TRUE,,FALSE,,,,,,,,,,,,1349.2585,1350.2232,p,0.758,,141,143,3,1,3,familiar,,,FALSE,1350.2236,1350.2238,1350.2239,1350.2241,,140,0,140,0,1,,,,
,,,,,6a180b52095b1d794adaf154,2026-05-28_10h31.30.477,WP1_3,03.02.2025,Linux x86_64,59.88023952,69e3e1e44a46363f9772b8e8,6a030b8ba3607712b5d4bf26,,,,,,,,,,,,,,,,,,,,,,,,,,,,,,,,,,,,,,,,,,,,,,,,,,,,,,,,,,,,37,stim_fam/037_rgray_250.png,,,,,,,,,,,,,,,,,,,,,,,,,,,,,,,,,,,,,1.513265599,1350.225,1351.7398,,,,,,,,FALSE,,FALSE,,,,,,,,,,,,1351.7416,1352.7233,q,0.7668,,142,170,3,1,250,novel,,,FALSE,1352.7238,1352.7241,1352.7241,1352.7244,,141,0,141,0,1,,,,
,,,,,6a180b52095b1d794adaf154,2026-05-28_10h31.30.477,WP1_3,03.02.2025,Linux x86_64,59.88023952,69e3e1e44a46363f9772b8e8,6a030b8ba3607712b5d4bf26,,,,,,,,,,,,,,,,,,,,,,,,,,,,,,,,,,,,,,,,,,,,,,,,,,,,,,,,,,,,103,stim_fam/103_rgray_250.png,,,,,,,,,,,,,,,,,,,,,,,,,,,,,,,,,,,,,2.461406319,1352.7252,1355.1885,,,,,,,,FALSE,,FALSE,,,,,,,,,,,,1355.1893,1356.1899,q,0.8376,,143,153,3,1,250,novel,,,FALSE,1356.1904,1356.1906,1356.1907,1356.1909,,142,0,142,0,1,,,,
,,,,,6a180b52095b1d794adaf154,2026-05-28_10h31.30.477,WP1_3,03.02.2025,Linux x86_64,59.88023952,69e3e1e44a46363f9772b8e8,6a030b8ba3607712b5d4bf26,,,,,,,,,,,,,,,,,,,,,,,,,,,,,,,,,,,,,,,,,,,,,,,,,,,,,,,,,,,,33,Celebrities_Faces/033_03_greyscale_250.png,,,,,,,,,,,,,,,,,,,,,,,,,,,,,,,,,,,,,1.54839812,1356.1917,1357.7381,,,,,,,,TRUE,,FALSE,,,,,,,,,,,,1357.7389,1358.7246,q,0.8284,,144,145,3,1,3,familiar,,,FALSE,1358.725,1358.7252,1358.7252,1358.7254,,143,0,143,0,1,,,,
,,,,,6a180b52095b1d794adaf154,2026-05-28_10h31.30.477,WP1_3,03.02.2025,Linux x86_64,59.88023952,69e3e1e44a46363f9772b8e8,6a030b8ba3607712b5d4bf26,,,,,,,,,,,,,,,,,,,,,,,,,,,,,,,,,,,,,,,,,,,,,,,,,,,,,,,,,,,,16,Celebrities_Faces/016_01_greyscale_250.png,,,,,,,,,,,,,,,,,,,,,,,,,,,,,,,,,,,,,2.433820463,1358.7262,1361.1555,,,,,,,,TRUE,,FALSE,,,,,,,,,,,,1361.1574,1362.0385,p,0.6739,,145,148,3,1,1,familiar,,,FALSE,1362.0389,1362.0391,1362.0391,1362.0393,,144,0,144,0,1,,,,
,,,,,6a180b52095b1d794adaf154,2026-05-28_10h31.30.477,WP1_3,03.02.2025,Linux x86_64,59.88023952,69e3e1e44a46363f9772b8e8,6a030b8ba3607712b5d4bf26,,,,,,,,,,,,,,,,,,,,,,,,,,,,,,,,,,,,,,,,,,,,,,,,,,,,,,,,,,,,15,stim_fam/015_rgray_250.png,,,,,,,,,,,,,,,,,,,,,,,,,,,,,,,,,,,,,1.84163802,1362.0401,1363.8723,,,,,,,,FALSE,,FALSE,,,,,,,,,,,,1363.8742,1364.8744,p,0.7815,,146,154,3,1,250,novel,,,FALSE,1364.8751,1364.8753,1364.8754,1364.8755,,145,0,145,0,1,,,,
,,,,,6a180b52095b1d794adaf154,2026-05-28_10h31.30.477,WP1_3,03.02.2025,Linux x86_64,59.88023952,69e3e1e44a46363f9772b8e8,6a030b8ba3607712b5d4bf26,,,,,,,,,,,,,,,,,,,,,,,,,,,,,,,,,,,,,,,,,,,,,,,,,,,,,,,,,,,,44,Celebrities_Faces/044_03_greyscale_250.png,,,,,,,,,,,,,,,,,,,,,,,,,,,,,,,,,,,,,1.649103196,1364.8763,1366.5215,,,,,,,,TRUE,,FALSE,,,,,,,,,,,,1366.5234,1367.5878,q,0.8506,,147,146,3,1,3,familiar,,,FALSE,1367.5882,1367.5883,1367.5884,1367.5886,,146,0,146,0,1,,,,
,,,,,6a180b52095b1d794adaf154,2026-05-28_10h31.30.477,WP1_3,03.02.2025,Linux x86_64,59.88023952,69e3e1e44a46363f9772b8e8,6a030b8ba3607712b5d4bf26,,,,,,,,,,,,,,,,,,,,,,,,,,,,,,,,,,,,,,,,,,,,,,,,,,,,,,,,,,,,23,stim_fam/023_rgray_250.png,,,,,,,,,,,,,,,,,,,,,,,,,,,,,,,,,,,,,2.168807015,1367.5895,1369.7543,,,,,,,,FALSE,,FALSE,,,,,,,,,,,,1369.756,1370.5537,q,0.5781,,148,159,3,1,250,novel,,,FALSE,1370.5539,1370.554,1370.554,1370.5541,,147,0,147,0,1,,,,
,,,,,6a180b52095b1d794adaf154,2026-05-28_10h31.30.477,WP1_3,03.02.2025,Linux x86_64,59.88023952,69e3e1e44a46363f9772b8e8,6a030b8ba3607712b5d4bf26,,,,,,,,,,,,,,,,,,,,,,,,,,,,,,,,,,,,,,,,,,,,,,,,,,,,,,,,,,,,24,Celebrities_Faces/024_02_greyscale_250.png,,,,,,,,,,,,,,,,,,,,,,,,,,,,,,,,,,,,,2.057107325,1370.5544,1372.6062,,,,,,,,TRUE,,FALSE,,,,,,,,,,,,1372.6087,1373.4542,q,0.6385,,149,142,3,1,2,familiar,,,FALSE,1373.4546,1373.4549,1373.4549,1373.4551,,148,0,148,0,1,,,,
,,,,,6a180b52095b1d794adaf154,2026-05-28_10h31.30.477,WP1_3,03.02.2025,Linux x86_64,59.88023952,69e3e1e44a46363f9772b8e8,6a030b8ba3607712b5d4bf26,,,,,,,,,,,,,,,,,,,,,,,,,,,,,,,,,,,,,,,,,,,,,,,,,,,,,,,,,,,,42,Celebrities_Faces/042_03_greyscale_250.png,,,,,,,,,,,,,,,,,,,,,,,,,,,,,,,,,,,,,2.297310364,1373.456,1375.7536,,,,,,,,TRUE,,FALSE,,,,,,,,,,,,1375.7555,1376.4542,q,0.4916,,150,131,3,1,3,familiar,,,FALSE,1376.4546,1376.4548,1376.4549,1376.4553,,149,0,149,0,1,,,,
,,,,,6a180b52095b1d794adaf154,2026-05-28_10h31.30.477,WP1_3,03.02.2025,Linux x86_64,59.88023952,69e3e1e44a46363f9772b8e8,6a030b8ba3607712b5d4bf26,,,,,,,,,,,,,,,,,,,,,,,,,,,,,,,,,,,,,,,,,,,,,,,,,,,,,,,,,,,,28,stim_fam/028_rgray_250.png,,,,,,,,,,,,,,,,,,,,,,,,,,,,,,,,,,,,,2.333667856,1376.4564,1378.7874,,,,,,,,FALSE,,FALSE,,,,,,,,,,,,1378.789,1379.6199,p,0.6124,,151,173,3,1,250,novel,,,FALSE,1379.6204,1379.6205,1379.6206,1379.6208,,150,0,150,0,1,,,,
,,,,,6a180b52095b1d794adaf154,2026-05-28_10h31.30.477,WP1_3,03.02.2025,Linux x86_64,59.88023952,69e3e1e44a46363f9772b8e8,6a030b8ba3607712b5d4bf26,,,,,,,,,,,,,,,,,,,,,,,,,,,,,,,,,,,,,,,,,,,,,,,,,,,,,,,,,,,,82,stim_fam/082_rgray_250.png,,,,,,,,,,,,,,,,,,,,,,,,,,,,,,,,,,,,,2.471552305,1379.6215,1382.0863,,,,,,,,FALSE,,FALSE,,,,,,,,,,,,1382.0881,1382.9693,q,0.6752,,152,161,3,1,250,novel,,,FALSE,1382.9696,1382.9696,1382.9697,1382.9697,,151,0,151,0,1,,,,
,,,,,6a180b52095b1d794adaf154,2026-05-28_10h31.30.477,WP1_3,03.02.2025,Linux x86_64,59.88023952,69e3e1e44a46363f9772b8e8,6a030b8ba3607712b5d4bf26,,,,,,,,,,,,,,,,,,,,,,,,,,,,,,,,,,,,,,,,,,,,,,,,,,,,,,,,,,,,69,stim_fam/069_rgray_250.png,,,,,,,,,,,,,,,,,,,,,,,,,,,,,,,,,,,,,1.803847539,1382.9701,1384.7696,,,,,,,,FALSE,,FALSE,,,,,,,,,,,,1384.772,1385.8038,p,0.8083,,153,155,3,1,250,novel,,,FALSE,1385.8042,1385.8043,1385.8044,1385.8046,,152,0,152,0,1,,,,
,,,,,6a180b52095b1d794adaf154,2026-05-28_10h31.30.477,WP1_3,03.02.2025,Linux x86_64,59.88023952,69e3e1e44a46363f9772b8e8,6a030b8ba3607712b5d4bf26,,,,,,,,,,,,,,,,,,,,,,,,,,,,,,,,,,,,,,,,,,,,,,,,,,,,,,,,,,,,12,Celebrities_Faces/012_03_greyscale_250.png,,,,,,,,,,,,,,,,,,,,,,,,,,,,,,,,,,,,,1.993664051,1385.8053,1387.8024,,,,,,,,TRUE,,FALSE,,,,,,,,,,,,1387.8042,1388.5522,p,0.5365,,154,129,3,1,3,familiar,,,FALSE,1388.5526,1388.5528,1388.5528,1388.5531,,153,0,153,0,1,,,,
,,,,,6a180b52095b1d794adaf154,2026-05-28_10h31.30.477,WP1_3,03.02.2025,Linux x86_64,59.88023952,69e3e1e44a46363f9772b8e8,6a030b8ba3607712b5d4bf26,,,,,,,,,,,,,,,,,,,,,,,,,,,,,,,,,,,,,,,,,,,,,,,,,,,,,,,,,,,,32,Celebrities_Faces/032_01_greyscale_250.png,,,,,,,,,,,,,,,,,,,,,,,,,,,,,,,,,,,,,1.876999713,1388.5537,1390.4193,,,,,,,,TRUE,,FALSE,,,,,,,,,,,,1390.4212,1391.3192,q,0.7043,,155,137,3,1,1,familiar,,,FALSE,1391.3197,1391.3199,1391.3199,1391.3203,,154,0,154,0,1,,,,
,,,,,6a180b52095b1d794adaf154,2026-05-28_10h31.30.477,WP1_3,03.02.2025,Linux x86_64,59.88023952,69e3e1e44a46363f9772b8e8,6a030b8ba3607712b5d4bf26,,,,,,,,,,,,,,,,,,,,,,,,,,,,,,,,,,,,,,,,,,,,,,,,,,,,,,,,,,,,5,Celebrities_Faces/005_03_greyscale_250.png,,,,,,,,,,,,,,,,,,,,,,,,,,,,,,,,,,,,,2.193404638,1391.3211,1393.518,,,,,,,,TRUE,,FALSE,,,,,,,,,,,,1393.519,1394.2016,q,0.5127,,156,133,3,1,3,familiar,,,FALSE,1394.2023,1394.2025,1394.2026,1394.2028,,155,0,155,0,1,,,,
,,,,,6a180b52095b1d794adaf154,2026-05-28_10h31.30.477,WP1_3,03.02.2025,Linux x86_64,59.88023952,69e3e1e44a46363f9772b8e8,6a030b8ba3607712b5d4bf26,,,,,,,,,,,,,,,,,,,,,,,,,,,,,,,,,,,,,,,,,,,,,,,,,,,,,,,,,,,,44,stim_fam/044_rgray_250.png,,,,,,,,,,,,,,,,,,,,,,,,,,,,,,,,,,,,,1.937197819,1394.2036,1396.1352,,,,,,,,FALSE,,FALSE,,,,,,,,,,,,1396.1373,1397.1206,p,0.7714,,157,172,3,1,250,novel,,,FALSE,1397.121,1397.1212,1397.1213,1397.1216,,156,0,156,0,1,,,,
,,,,,6a180b52095b1d794adaf154,2026-05-28_10h31.30.477,WP1_3,03.02.2025,Linux x86_64,59.88023952,69e3e1e44a46363f9772b8e8,6a030b8ba3607712b5d4bf26,,,,,,,,,,,,,,,,,,,,,,,,,,,,,,,,,,,,,,,,,,,,,,,,,,,,,,,,,,,,42,stim_fam/042_rgray_250.png,,,,,,,,,,,,,,,,,,,,,,,,,,,,,,,,,,,,,2.444650075,1397.1236,1399.5679,,,,,,,,FALSE,,FALSE,,,,,,,,,,,,1399.5696,1400.3678,p,0.5867,,158,167,3,1,250,novel,,,FALSE,1400.3681,1400.3683,1400.3683,1400.3686,,157,0,157,0,1,,,,
,,,,,6a180b52095b1d794adaf154,2026-05-28_10h31.30.477,WP1_3,03.02.2025,Linux x86_64,59.88023952,69e3e1e44a46363f9772b8e8,6a030b8ba3607712b5d4bf26,,,,,,,,,,,,,,,,,,,,,,,,,,,,,,,,,,,,,,,,,,,,,,,,,,,,,,,,,,,,53,Celebrities_Faces/053_03_greyscale_250.png,,,,,,,,,,,,,,,,,,,,,,,,,,,,,,,,,,,,,1.778836231,1400.3692,1402.1511,,,,,,,,TRUE,,TRUE,,,,,,,,,,,,1402.1529,1403.2677,,,,159,150,3,1,3,familiar,,,FALSE,1403.2686,1404.2675,1404.2676,1404.2679,,158,0,158,0,1,,,,
,,,,,6a180b52095b1d794adaf154,2026-05-28_10h31.30.477,WP1_3,03.02.2025,Linux x86_64,59.88023952,69e3e1e44a46363f9772b8e8,6a030b8ba3607712b5d4bf26,,,,,,,,,,,,,,,,,,,,,,,,,,,,,,,,,,,,,,,,,,,,,,,,,,,,,,,,,,,,38,stim_fam/038_rgray_250.png,,,,,,,,,,,,,,,,,,,,,,,,,,,,,,,,,,,,,1.937805902,1404.2687,1406.2004,,,,,,,,FALSE,,FALSE,,,,,,,,,,,,1406.2021,1407.0024,q,0.5917,,160,163,3,1,250,novel,,,FALSE,1407.0028,1407.003,1407.003,1407.0032,,159,0,159,0,1,,,,
,,,,,6a180b52095b1d794adaf154,2026-05-28_10h31.30.477,WP1_3,03.02.2025,Linux x86_64,59.88023952,69e3e1e44a46363f9772b8e8,6a030b8ba3607712b5d4bf26,,,,,,,,,,,,,,,,,,,,,,,,,,,,,,,,,,,,,,,,,,,,,,,,,,,,,,,,,,,,30,Celebrities_Faces/030_02_greyscale_250.png,,,,,,,,,,,,,,,,,,,,,,,,,,,,,,,,,,,,,2.317606058,1407.0039,1409.3171,,,,,,,,TRUE,,FALSE,,,,,,,,,,,,1409.3189,1410.0501,q,0.5173,,161,141,3,1,2,familiar,,,FALSE,1410.0505,1410.0506,1410.0506,1410.0509,,160,0,160,0,1,,,,
,,,,,6a180b52095b1d794adaf154,2026-05-28_10h31.30.477,WP1_3,03.02.2025,Linux x86_64,59.88023952,69e3e1e44a46363f9772b8e8,6a030b8ba3607712b5d4bf26,,,,,,,,,,,,,,,,,,,,,,,,,,,,,,,,,,,,,,,,,,,,,,,,,,,,,,,,,,,,59,stim_fam/059_rgray_250.png,,,,,,,,,,,,,,,,,,,,,,,,,,,,,,,,,,,,,1.991993155,1410.0516,1412.033,,,,,,,,FALSE,,FALSE,,,,,,,,,,,,1412.0338,1412.8328,p,0.6233,,162,177,3,1,250,novel,,,FALSE,1412.8329,1412.8331,1412.8331,1412.8332,,161,0,161,0,1,,,,
,,,,,6a180b52095b1d794adaf154,2026-05-28_10h31.30.477,WP1_3,03.02.2025,Linux x86_64,59.88023952,69e3e1e44a46363f9772b8e8,6a030b8ba3607712b5d4bf26,,,,,,,,,,,,,,,,,,,,,,,,,,,,,,,,,,,,,,,,,,,,,,,,,,,,,,,,,,,,31,stim_fam/031_rgray_250.png,,,,,,,,,,,,,,,,,,,,,,,,,,,,,,,,,,,,,2.257679095,1412.8335,1415.0829,,,,,,,,FALSE,,FALSE,,,,,,,,,,,,1415.0846,1415.7993,q,0.4881,,163,180,3,1,250,novel,,,FALSE,1415.7995,1415.7997,1415.7997,1415.7999,,162,0,162,0,1,,,,
,,,,,6a180b52095b1d794adaf154,2026-05-28_10h31.30.477,WP1_3,03.02.2025,Linux x86_64,59.88023952,69e3e1e44a46363f9772b8e8,6a030b8ba3607712b5d4bf26,,,,,,,,,,,,,,,,,,,,,,,,,,,,,,,,,,,,,,,,,,,,,,,,,,,,,,,,,,,,39,stim_fam/039_rgray_250.png,,,,,,,,,,,,,,,,,,,,,,,,,,,,,,,,,,,,,1.705129154,1415.8005,1417.4997,,,,,,,,FALSE,,FALSE,,,,,,,,,,,,1417.5013,1418.3666,q,0.6474,,164,178,3,1,250,novel,,,FALSE,1418.3679,1418.3681,1418.3682,1418.3684,,163,0,163,0,1,,,,
,,,,,6a180b52095b1d794adaf154,2026-05-28_10h31.30.477,WP1_3,03.02.2025,Linux x86_64,59.88023952,69e3e1e44a46363f9772b8e8,6a030b8ba3607712b5d4bf26,,,,,,,,,,,,,,,,,,,,,,,,,,,,,,,,,,,,,,,,,,,,,,,,,,,,,,,,,,,,36,Celebrities_Faces/036_03_greyscale_250.png,,,,,,,,,,,,,,,,,,,,,,,,,,,,,,,,,,,,,2.044758562,1418.3693,1420.4158,,,,,,,,TRUE,,FALSE,,,,,,,,,,,,1420.4175,1421.2489,q,0.6109,,165,128,3,1,3,familiar,,,FALSE,1421.2494,1421.2496,1421.2496,1421.2499,,164,0,164,0,1,,,,
,,,,,6a180b52095b1d794adaf154,2026-05-28_10h31.30.477,WP1_3,03.02.2025,Linux x86_64,59.88023952,69e3e1e44a46363f9772b8e8,6a030b8ba3607712b5d4bf26,,,,,,,,,,,,,,,,,,,,,,,,,,,,,,,,,,,,,,,,,,,,,,,,,,,,,,,,,,,,1,Celebrities_Faces/001_03_greyscale_250.png,,,,,,,,,,,,,,,,,,,,,,,,,,,,,,,,,,,,,1.725241556,1421.2507,1422.9649,,,,,,,,TRUE,,FALSE,,,,,,,,,,,,1422.9656,1423.898,q,0.774,,166,124,3,1,3,familiar,,,FALSE,1423.8982,1423.8983,1423.8983,1423.8984,,165,0,165,0,1,,,,
,,,,,6a180b52095b1d794adaf154,2026-05-28_10h31.30.477,WP1_3,03.02.2025,Linux x86_64,59.88023952,69e3e1e44a46363f9772b8e8,6a030b8ba3607712b5d4bf26,,,,,,,,,,,,,,,,,,,,,,,,,,,,,,,,,,,,,,,,,,,,,,,,,,,,,,,,,,,,28,Celebrities_Faces/028_02_greyscale_250.png,,,,,,,,,,,,,,,,,,,,,,,,,,,,,,,,,,,,,1.827973801,1423.8987,1425.7158,,,,,,,,TRUE,,FALSE,,,,,,,,,,,,1425.7176,1426.6653,q,0.7654,,167,130,3,1,2,familiar,,,FALSE,1426.6658,1426.6659,1426.666,1426.6662,,166,0,166,0,1,,,,
,,,,,6a180b52095b1d794adaf154,2026-05-28_10h31.30.477,WP1_3,03.02.2025,Linux x86_64,59.88023952,69e3e1e44a46363f9772b8e8,6a030b8ba3607712b5d4bf26,,,,,,,,,,,,,,,,,,,,,,,,,,,,,,,,,,,,,,,,,,,,,,,,,,,,,,,,,,,,18,Celebrities_Faces/018_03_greyscale_250.png,,,,,,,,,,,,,,,,,,,,,,,,,,,,,,,,,,,,,2.021714887,1426.6669,1428.6816,,,,,,,,TRUE,,TRUE,,,,,,,,,,,,1428.6834,1429.7986,,,,168,144,3,1,3,familiar,,,FALSE,1429.799,1430.7979,1430.798,1430.7982,,167,0,167,0,1,,,,
,,,,,6a180b52095b1d794adaf154,2026-05-28_10h31.30.477,WP1_3,03.02.2025,Linux x86_64,59.88023952,69e3e1e44a46363f9772b8e8,6a030b8ba3607712b5d4bf26,,,,,,,,,,,,,,,,,,,,,,,,,,,,,,,,,,,,,,,,,,,,,,,,,,,,,,,,,,,,56,stim_fam/056_rgray_250.png,,,,,,,,,,,,,,,,,,,,,,,,,,,,,,,,,,,,,1.505264782,1430.7991,1432.2979,,,,,,,,FALSE,,FALSE,,,,,,,,,,,,1432.2996,1432.9679,q,0.4515,,169,168,3,1,250,novel,,,FALSE,1432.9683,1432.9685,1432.9685,1432.9687,,168,0,168,0,1,,,,
,,,,,6a180b52095b1d794adaf154,2026-05-28_10h31.30.477,WP1_3,03.02.2025,Linux x86_64,59.88023952,69e3e1e44a46363f9772b8e8,6a030b8ba3607712b5d4bf26,,,,,,,,,,,,,,,,,,,,,,,,,,,,,,,,,,,,,,,,,,,,,,,,,,,,,,,,,,,,34,stim_fam/034_rgray_250.png,,,,,,,,,,,,,,,,,,,,,,,,,,,,,,,,,,,,,2.453077022,1432.9696,1435.4142,,,,,,,,FALSE,,FALSE,,,,,,,,,,,,1435.4157,1436.0474,q,0.4394,,170,165,3,1,250,novel,,,FALSE,1436.0478,1436.0479,1436.048,1436.0482,,169,0,169,0,1,,,,
,,,,,6a180b52095b1d794adaf154,2026-05-28_10h31.30.477,WP1_3,03.02.2025,Linux x86_64,59.88023952,69e3e1e44a46363f9772b8e8,6a030b8ba3607712b5d4bf26,,,,,,,,,,,,,,,,,,,,,,,,,,,,,,,,,,,,,,,,,,,,,,,,,,,,,,,,,,,,48,stim_fam/048_rgray_250.png,,,,,,,,,,,,,,,,,,,,,,,,,,,,,,,,,,,,,2.282184099,1436.0489,1438.3306,,,,,,,,FALSE,,FALSE,,,,,,,,,,,,1438.3324,1439.1131,q,0.5608,,171,166,3,1,250,novel,,,FALSE,1439.1133,1439.1133,1439.1133,1439.1135,,170,0,170,0,1,,,,
,,,,,6a180b52095b1d794adaf154,2026-05-28_10h31.30.477,WP1_3,03.02.2025,Linux x86_64,59.88023952,69e3e1e44a46363f9772b8e8,6a030b8ba3607712b5d4bf26,,,,,,,,,,,,,,,,,,,,,,,,,,,,,,,,,,,,,,,,,,,,,,,,,,,,,,,,,,,,49,stim_fam/049_rgray_250.png,,,,,,,,,,,,,,,,,,,,,,,,,,,,,,,,,,,,,2.247381868,1439.1138,1441.3632,,,,,,,,FALSE,,FALSE,,,,,,,,,,,,1441.3658,1442.2317,p,0.6846,,172,158,3,1,250,novel,,,FALSE,1442.233,1442.2332,1442.2332,1442.2334,,171,0,171,0,1,,,,
,,,,,6a180b52095b1d794adaf154,2026-05-28_10h31.30.477,WP1_3,03.02.2025,Linux x86_64,59.88023952,69e3e1e44a46363f9772b8e8,6a030b8ba3607712b5d4bf26,,,,,,,,,,,,,,,,,,,,,,,,,,,,,,,,,,,,,,,,,,,,,,,,,,,,,,,,,,,,2,Celebrities_Faces/002_03_greyscale_250.png,,,,,,,,,,,,,,,,,,,,,,,,,,,,,,,,,,,,,1.561643232,1442.235,1443.7966,,,,,,,,TRUE,,FALSE,,,,,,,,,,,,1443.7973,1444.7147,q,0.7431,,173,136,3,1,3,familiar,,,FALSE,1444.7152,1444.7154,1444.7154,1444.7156,,172,0,172,0,1,,,,
,,,,,6a180b52095b1d794adaf154,2026-05-28_10h31.30.477,WP1_3,03.02.2025,Linux x86_64,59.88023952,69e3e1e44a46363f9772b8e8,6a030b8ba3607712b5d4bf26,,,,,,,,,,,,,,,,,,,,,,,,,,,,,,,,,,,,,,,,,,,,,,,,,,,,,,,,,,,,50,Celebrities_Faces/050_02_greyscale_250.png,,,,,,,,,,,,,,,,,,,,,,,,,,,,,,,,,,,,,1.605075131,1444.7163,1446.3133,,,,,,,,TRUE,,FALSE,,,,,,,,,,,,1446.3152,1447.1466,q,0.6129,,174,132,3,1,2,familiar,,,FALSE,1447.1475,1447.1504,1447.1505,1447.1507,,173,0,173,0,1,,,,
,,,,,6a180b52095b1d794adaf154,2026-05-28_10h31.30.477,WP1_3,03.02.2025,Linux x86_64,59.88023952,69e3e1e44a46363f9772b8e8,6a030b8ba3607712b5d4bf26,,,,,,,,,,,,,,,,,,,,,,,,,,,,,,,,,,,,,,,,,,,,,,,,,,,,,,,,,,,,90,stim_fam/090_rgray_250.png,,,,,,,,,,,,,,,,,,,,,,,,,,,,,,,,,,,,,1.667341247,1447.1516,1448.813,,,,,,,,FALSE,,FALSE,,,,,,,,,,,,1448.8163,1449.5964,p,0.5729,,175,169,3,1,250,novel,,,FALSE,1449.5969,1449.5971,1449.5972,1449.5973,,174,0,174,0,1,,,,
,,,,,6a180b52095b1d794adaf154,2026-05-28_10h31.30.477,WP1_3,03.02.2025,Linux x86_64,59.88023952,69e3e1e44a46363f9772b8e8,6a030b8ba3607712b5d4bf26,,,,,,,,,,,,,,,,,,,,,,,,,,,,,,,,,,,,,,,,,,,,,,,,,,,,,,,,,,,,102,stim_fam/102_rgray_250.png,,,,,,,,,,,,,,,,,,,,,,,,,,,,,,,,,,,,,1.921074463,1449.5983,1451.5127,,,,,,,,FALSE,,FALSE,,,,,,,,,,,,1451.5144,1452.2954,p,0.5744,,176,151,3,1,250,novel,,,FALSE,1452.2956,1452.2957,1452.2957,1452.2957,,175,0,175,0,1,,,,
,,,,,6a180b52095b1d794adaf154,2026-05-28_10h31.30.477,WP1_3,03.02.2025,Linux x86_64,59.88023952,69e3e1e44a46363f9772b8e8,6a030b8ba3607712b5d4bf26,,,,,,,,,,,,,,,,,,,,,,,,,,,,,,,,,,,,,,,,,,,,,,,,,,,,,,,,,,,,87,stim_fam/087_rgray_250.png,,,,,,,,,,,,,,,,,,,,,,,,,,,,,,,,,,,,,2.174325398,1452.2961,1454.4617,,,,,,,,FALSE,,FALSE,,,,,,,,,,,,1454.4624,1455.0954,q,0.4693,,177,157,3,1,250,novel,,,FALSE,1455.0956,1455.0957,1455.0957,1455.0958,,176,0,176,0,1,,,,
,,,,,6a180b52095b1d794adaf154,2026-05-28_10h31.30.477,WP1_3,03.02.2025,Linux x86_64,59.88023952,69e3e1e44a46363f9772b8e8,6a030b8ba3607712b5d4bf26,,,,,,,,,,,,,,,,,,,,,,,,,,,,,,,,,,,,,,,,,,,,,,,,,,,,,,,,,,,,60,Celebrities_Faces/060_03_greyscale_250.png,,,,,,,,,,,,,,,,,,,,,,,,,,,,,,,,,,,,,2.211114216,1455.0962,1457.2955,,,,,,,,TRUE,,FALSE,,,,,,,,,,,,1457.2973,1458.0285,p,0.5147,,178,140,3,1,3,familiar,,,FALSE,1458.0291,1458.0293,1458.0293,1458.0295,,177,0,177,0,1,,,,
,,,,,6a180b52095b1d794adaf154,2026-05-28_10h31.30.477,WP1_3,03.02.2025,Linux x86_64,59.88023952,69e3e1e44a46363f9772b8e8,6a030b8ba3607712b5d4bf26,,,,,,,,,,,,,,,,,,,,,,,,,,,,,,,,,,,,,,,,,,,,,,,,,,,,,,,,,,,,54,Celebrities_Faces/054_03_greyscale_250.png,,,,,,,,,,,,,,,,,,,,,,,,,,,,,,,,,,,,,1.830672568,1458.0329,1459.8618,,,,,,,,TRUE,,FALSE,,,,,,,,,,,,1459.8635,1460.712,q,0.6279,,179,149,3,1,3,familiar,,,FALSE,1460.7125,1460.7126,1460.7126,1460.713,,178,0,178,0,1,,,,
,,,,,6a180b52095b1d794adaf154,2026-05-28_10h31.30.477,WP1_3,03.02.2025,Linux x86_64,59.88023952,69e3e1e44a46363f9772b8e8,6a030b8ba3607712b5d4bf26,,,,,,,,,,,,,,,,,,,,,,,,,,,,,,,,,,,,,,,,,,,,,,,,,,,,,,,,,,,,27,Celebrities_Faces/027_03_greyscale_250.png,,,,,,,,,,,,,,,,,,,,,,,,,,,,,,,,,,,,,2.340553726,1460.7138,1463.0445,,,,,,,,TRUE,,FALSE,,,,,,,,,,,,1463.0462,1463.8323,p,0.5749,,180,139,3,1,3,familiar,,,FALSE,1463.8326,1463.8328,1463.8329,1463.8331,,179,0,179,0,1,,,,
,,,,,6a180b52095b1d794adaf154,2026-05-28_10h31.30.477,WP1_3,03.02.2025,Linux x86_64,59.88023952,69e3e1e44a46363f9772b8e8,6a030b8ba3607712b5d4bf26,,,,,,,,,,,,,,,,,,,,,,,,,,,,,,,,,,,,,,,,,,,,,,,,,,,,,,,,,,,,,,,,,,,,,,,,,,,,,,,,,,,,,,,,,,,,,,,,,,,,,,,,,,,,,,,,,,,,,,,,,,,,,,,,,,,,,,,,,,,,,,,,,,,,1463.834,1468.8282