Study_information_1.started,Study_information_1.stopped,key_resp.keys,key_resp.rt,key_resp.duration,session,date,expName,psychopyVersion,OS,frameRate,participant,study_id,Study_information_2.started,Study_information_2.stopped,key_resp_2.keys,key_resp_2.rt,key_resp_2.duration,Study_information_3.started,Study_information_3.stopped,key_resp_3.keys,key_resp_3.rt,key_resp_3.duration,Consent.started,Consent.stopped,key_resp_5.keys,key_resp_5.rt,key_resp_5.duration,Instruction_1.started,Instruction_1.stopped,space_cont.keys,space_cont.rt,space_cont.duration,Instruction_2.started,Instruction_2.stopped,space_cont_2.keys,space_cont_2.rt,space_cont_2.duration,Instruction_3.started,Instruction_3.stopped,space_cont_3.keys,space_cont_3.rt,space_cont_3.duration,Instruction_4.started,Instruction_4.stopped,space_cont_4.keys,space_cont_4.rt,space_cont_4.duration,Instruction_5.started,Instruction_5.stopped,space_cont_5.keys,space_cont_5.rt,space_cont_5.duration,Familiarity_Rating.started,Familiarity_Rating.stopped,familiarity_scale.response,familiarity_scale.rt,key_resp_familiarity.keys,familiarity_rating,Valence_Rating.started,Valence_Rating.stopped,valence_scale.response,valence_scale.rt,key_resp_valence.keys,key_resp_valence.rt,key_resp_valence.duration,valence_rating,Name_Selection.started,Name_Selection.stopped,key_resp_naming.keys,key_resp_naming.rt,key_resp_naming.duration,identity_no,image_file,correct_name,selected_name_option,selected_name,correct_name_option,name_correct,qualifies_for_part2,qualified_count_so_far,trials_rating.thisRepN,trials_rating.thisTrialN,trials_rating.thisN,trials_rating.thisIndex,trials_rating.ran,Identity_no,Image,Option1,Option2,Option3,Option4,CorrectName,selection_method,num_selected_identities,qualified_identity_nos,break_1.started,break_1.stopped,Load_Recognition_Trials.started,Load_Recognition_Trials.stopped,Instruction_recog_1.started,Instruction_recog_1.stopped,space_cont_6.keys,space_cont_6.rt,space_cont_6.duration,Instruction_recog_2.started,Instruction_recog_2.stopped,space_cont_7.keys,space_cont_7.rt,space_cont_7.duration,fixation_duration,fix_cross.started,fix_cross.stopped,Practice_Recognition_Trial.started,Practice_Recognition_Trial.stopped,key_resp_practice.keys,key_resp_practice.rt,key_resp_practice.duration,is_practice,practice_trial_number,is_familiar,participant_response,too_slow,response_time,practice_trials.thisRepN,practice_trials.thisTrialN,practice_trials.thisN,practice_trials.thisIndex,practice_trials.ran,Instruction_recog.started,Instruction_recog.stopped,space_cont_8.keys,space_cont_8.rt,space_cont_8.duration,Recognition_trials.started,Recognition_trials.stopped,key_resp_recognition.keys,key_resp_recognition.rt,key_resp_recognition.duration,recognition_trial_number,original_trial_number,block,trial_in_block,orientation,identity_type,response_familiar,correct,valid_response,Too_slow.started,Too_slow.stopped,break_recog.started,break_recog.stopped,key_resp_6.keys,trials.thisRepN,trials.thisTrialN,trials.thisN,trials.thisIndex,trials.ran,key_resp_6.rt,key_resp_6.duration
0.0006,27.794,space,27.7499,,6a180b5ab5a5e1be04527fd3,2026-05-28_10h32.02.180,WP1_3,2025.2.3,Win32,59.17159763,69f205e81325e0942cd07d79,6a030b8ba3607712b5d4bf26,,,,,,,,,,,,,,,,,,,,,,,,,,,,,,,,,,,,,,,,,,,,,,,,,,,,,,,,,,,,,,,,,,,,,,,,,,,,,,,,,,,,,,,,,,,,,,,,,,,,,,,,,,,,,,,,,,,,,,,,,,,,,,,,,,,,,,,,,,,,,,,,,,,
,,,,,6a180b5ab5a5e1be04527fd3,2026-05-28_10h32.02.180,WP1_3,2025.2.3,Win32,59.17159763,69f205e81325e0942cd07d79,6a030b8ba3607712b5d4bf26,27.7945,37.611,space,9.7855,,,,,,,,,,,,,,,,,,,,,,,,,,,,,,,,,,,,,,,,,,,,,,,,,,,,,,,,,,,,,,,,,,,,,,,,,,,,,,,,,,,,,,,,,,,,,,,,,,,,,,,,,,,,,,,,,,,,,,,,,,,,,,,,,,,,,,,,,,,,,,,
,,,,,6a180b5ab5a5e1be04527fd3,2026-05-28_10h32.02.180,WP1_3,2025.2.3,Win32,59.17159763,69f205e81325e0942cd07d79,6a030b8ba3607712b5d4bf26,,,,,,37.6114,78.498,space,40.86,,,,,,,,,,,,,,,,,,,,,,,,,,,,,,,,,,,,,,,,,,,,,,,,,,,,,,,,,,,,,,,,,,,,,,,,,,,,,,,,,,,,,,,,,,,,,,,,,,,,,,,,,,,,,,,,,,,,,,,,,,,,,,,,,,,,,,,,,,
,,,,,6a180b5ab5a5e1be04527fd3,2026-05-28_10h32.02.180,WP1_3,2025.2.3,Win32,59.17159763,69f205e81325e0942cd07d79,6a030b8ba3607712b5d4bf26,,,,,,,,,,,78.4982,134.6624,space,56.1136,,,,,,,,,,,,,,,,,,,,,,,,,,,,,,,,,,,,,,,,,,,,,,,,,,,,,,,,,,,,,,,,,,,,,,,,,,,,,,,,,,,,,,,,,,,,,,,,,,,,,,,,,,,,,,,,,,,,,,,,,,,,,,,,,,,,,
,,,,,6a180b5ab5a5e1be04527fd3,2026-05-28_10h32.02.180,WP1_3,2025.2.3,Win32,59.17159763,69f205e81325e0942cd07d79,6a030b8ba3607712b5d4bf26,,,,,,,,,,,,,,,,134.6627,143.3956,space,8.6699,,,,,,,,,,,,,,,,,,,,,,,,,,,,,,,,,,,,,,,,,,,,,,,,,,,,,,,,,,,,,,,,,,,,,,,,,,,,,,,,,,,,,,,,,,,,,,,,,,,,,,,,,,,,,,,,,,,,,,,,,,,,,,,,
,,,,,6a180b5ab5a5e1be04527fd3,2026-05-28_10h32.02.180,WP1_3,2025.2.3,Win32,59.17159763,69f205e81325e0942cd07d79,6a030b8ba3607712b5d4bf26,,,,,,,,,,,,,,,,,,,,,143.396,156.4532,space,13.0325,,,,,,,,,,,,,,,,,,,,,,,,,,,,,,,,,,,,,,,,,,,,,,,,,,,,,,,,,,,,,,,,,,,,,,,,,,,,,,,,,,,,,,,,,,,,,,,,,,,,,,,,,,,,,,,,,,,,,,,,,,,
,,,,,6a180b5ab5a5e1be04527fd3,2026-05-28_10h32.02.180,WP1_3,2025.2.3,Win32,59.17159763,69f205e81325e0942cd07d79,6a030b8ba3607712b5d4bf26,,,,,,,,,,,,,,,,,,,,,,,,,,156.4535,161.4792,space,5.003,,,,,,,,,,,,,,,,,,,,,,,,,,,,,,,,,,,,,,,,,,,,,,,,,,,,,,,,,,,,,,,,,,,,,,,,,,,,,,,,,,,,,,,,,,,,,,,,,,,,,,,,,,,,,,,,,,,,,,
,,,,,6a180b5ab5a5e1be04527fd3,2026-05-28_10h32.02.180,WP1_3,2025.2.3,Win32,59.17159763,69f205e81325e0942cd07d79,6a030b8ba3607712b5d4bf26,,,,,,,,,,,,,,,,,,,,,,,,,,,,,,,161.4796,166.7625,space,5.256,,,,,,,,,,,,,,,,,,,,,,,,,,,,,,,,,,,,,,,,,,,,,,,,,,,,,,,,,,,,,,,,,,,,,,,,,,,,,,,,,,,,,,,,,,,,,,,,,,,,,,,,,,,,,,,,,
,,,,,6a180b5ab5a5e1be04527fd3,2026-05-28_10h32.02.180,WP1_3,2025.2.3,Win32,59.17159763,69f205e81325e0942cd07d79,6a030b8ba3607712b5d4bf26,,,,,,,,,,,,,,,,,,,,,,,,,,,,,,,,,,,,166.7628,173.4963,space,6.7065,,,,,,,,,,,,,,,,,,,,,,,,,,,,,,,,,,,,,,,,,,,,,,,,,,,,,,,,,,,,,,,,,,,,,,,,,,,,,,,,,,,,,,,,,,,,,,,,,,,,,,,,,,,,
,,,,,6a180b5ab5a5e1be04527fd3,2026-05-28_10h32.02.180,WP1_3,2025.2.3,Win32,59.17159763,69f205e81325e0942cd07d79,6a030b8ba3607712b5d4bf26,,,,,,,,,,,,,,,,,,,,,,,,,,,,,,,,,,,,,,,,,173.5091,178.3962,,,,1,178.3978,180.8299,,,"[""space""]",[2.3116999999284644],[null],5,180.8316,183.7965,space,2.8537,,34,Celebrities_Faces/034_rating.jpg,Angelina Jolie,2,Angelina Jolie,2,TRUE,FALSE,0,0,0,0,33,1,34,Celebrities_Faces/034_rating.jpg,Anya Taylor-Joy,Maria Sharapova,Angelina Jolie,Nicole Kidman,Angelina Jolie,,,,,,,,,,,,,,,,,,,,,,,,,,,,,,,,,,,,,,,,,,,,,,,,,,,,,,,,,,,,,,,,,,,
,,,,,6a180b5ab5a5e1be04527fd3,2026-05-28_10h32.02.180,WP1_3,2025.2.3,Win32,59.17159763,69f205e81325e0942cd07d79,6a030b8ba3607712b5d4bf26,,,,,,,,,,,,,,,,,,,,,,,,,,,,,,,,,,,,,,,,,183.798,186.2791,,,,3,186.2803,188.3961,,,"[""space""]",[2.0327000000476687],[null],5,188.3993,190.8799,space,2.3907,,7,Celebrities_Faces/007_rating.jpg,Ben Affleck,0,Ben Affleck,0,TRUE,FALSE,0,0,1,1,6,1,7,Celebrities_Faces/007_rating.jpg,Ben Affleck,Nicolas Cage,Henri Canvill,Leonardo Di Caprio,Ben Affleck,,,,,,,,,,,,,,,,,,,,,,,,,,,,,,,,,,,,,,,,,,,,,,,,,,,,,,,,,,,,,,,,,,,
,,,,,6a180b5ab5a5e1be04527fd3,2026-05-28_10h32.02.180,WP1_3,2025.2.3,Win32,59.17159763,69f205e81325e0942cd07d79,6a030b8ba3607712b5d4bf26,,,,,,,,,,,,,,,,,,,,,,,,,,,,,,,,,,,,,,,,,190.8812,193.3962,,,,0,193.3972,195.1126,,,"[""space""]",[1.6738000000715374],[null],5,195.1161,197.7299,space,2.5759,,56,Celebrities_Faces/056_rating.jpg,Reese Witherspoon,1,Sandra Bullock,0,FALSE,FALSE,0,0,2,2,55,1,56,Celebrities_Faces/056_rating.jpg,Reese Witherspoon,Sandra Bullock,Nicole Kidman,Halle Berry,Reese Witherspoon,,,,,,,,,,,,,,,,,,,,,,,,,,,,,,,,,,,,,,,,,,,,,,,,,,,,,,,,,,,,,,,,,,,
,,,,,6a180b5ab5a5e1be04527fd3,2026-05-28_10h32.02.180,WP1_3,2025.2.3,Win32,59.17159763,69f205e81325e0942cd07d79,6a030b8ba3607712b5d4bf26,,,,,,,,,,,,,,,,,,,,,,,,,,,,,,,,,,,,,,,,,197.7311,200.3963,,,,3,200.3974,201.9794,,,"[""space""]",[1.4922999999523086],[null],5,201.9814,204.38,space,2.278,,12,Celebrities_Faces/012_rating.jpg,Daniel Radcliffe,3,Daniel Radcliffe,3,TRUE,FALSE,0,0,3,3,11,1,12,Celebrities_Faces/012_rating.jpg,Bruce Willis,Ryan Reynolds,Ewan McGregor,Daniel Radcliffe,Daniel Radcliffe,,,,,,,,,,,,,,,,,,,,,,,,,,,,,,,,,,,,,,,,,,,,,,,,,,,,,,,,,,,,,,,,,,,
,,,,,6a180b5ab5a5e1be04527fd3,2026-05-28_10h32.02.180,WP1_3,2025.2.3,Win32,59.17159763,69f205e81325e0942cd07d79,6a030b8ba3607712b5d4bf26,,,,,,,,,,,,,,,,,,,,,,,,,,,,,,,,,,,,,,,,,204.3813,207.0796,,,,6,207.0805,209.0301,,,"[""space""]",[1.9014999999999986],[null],5,209.0328,211.7799,space,2.7029,,53,Celebrities_Faces/053_rating.jpg,Keira Knightley,1,Emma Stone,3,FALSE,FALSE,0,0,4,4,52,1,53,Celebrities_Faces/053_rating.jpg,Anne Hathaway,Emma Stone,Olivia Rodrigo,Keira Knightley,Keira Knightley,,,,,,,,,,,,,,,,,,,,,,,,,,,,,,,,,,,,,,,,,,,,,,,,,,,,,,,,,,,,,,,,,,,
,,,,,6a180b5ab5a5e1be04527fd3,2026-05-28_10h32.02.180,WP1_3,2025.2.3,Win32,59.17159763,69f205e81325e0942cd07d79,6a030b8ba3607712b5d4bf26,,,,,,,,,,,,,,,,,,,,,,,,,,,,,,,,,,,,,,,,,211.7815,214.7965,,,,4,214.7976,216.3964,,,"[""space""]",[1.3621000000238155],[null],5,216.3996,220.5463,space,3.9779,,40,Celebrities_Faces/040_rating.jpg,Gal Gadot,1,Maria Sharapova,0,FALSE,FALSE,0,0,5,5,39,1,40,Celebrities_Faces/040_rating.jpg,Gal Gadot,Maria Sharapova,Taylor Swift,Nicole Kidman,Gal Gadot,,,,,,,,,,,,,,,,,,,,,,,,,,,,,,,,,,,,,,,,,,,,,,,,,,,,,,,,,,,,,,,,,,,
,,,,,6a180b5ab5a5e1be04527fd3,2026-05-28_10h32.02.180,WP1_3,2025.2.3,Win32,59.17159763,69f205e81325e0942cd07d79,6a030b8ba3607712b5d4bf26,,,,,,,,,,,,,,,,,,,,,,,,,,,,,,,,,,,,,,,,,220.5474,222.8132,,,,0,222.8142,224.3302,,,"[""space""]",[1.4001999999284749],[null],5,224.3334,228.6134,space,4.1726,,21,Celebrities_Faces/021_rating.jpg,Henri Canvill,3,Tom Holland,0,FALSE,FALSE,0,0,6,6,20,1,21,Celebrities_Faces/021_rating.jpg,Henri Canvill,George Clooney,Bradley Cooper,Tom Holland,Henri Canvill,,,,,,,,,,,,,,,,,,,,,,,,,,,,,,,,,,,,,,,,,,,,,,,,,,,,,,,,,,,,,,,,,,,
,,,,,6a180b5ab5a5e1be04527fd3,2026-05-28_10h32.02.180,WP1_3,2025.2.3,Win32,59.17159763,69f205e81325e0942cd07d79,6a030b8ba3607712b5d4bf26,,,,,,,,,,,,,,,,,,,,,,,,,,,,,,,,,,,,,,,,,228.6144,231.0799,,,,0,231.0808,232.397,,,"[""space""]",[1.0493000000715256],[null],5,232.4004,235.2637,space,2.5863,,3,Celebrities_Faces/003_rating.jpg,Roger Federer,2,Roger Federer,2,TRUE,FALSE,0,0,7,7,2,1,3,Celebrities_Faces/003_rating.jpg,Dwayne Johnson,Keanu Reeves,Roger Federer,Ben Affleck,Roger Federer,,,,,,,,,,,,,,,,,,,,,,,,,,,,,,,,,,,,,,,,,,,,,,,,,,,,,,,,,,,,,,,,,,,
,,,,,6a180b5ab5a5e1be04527fd3,2026-05-28_10h32.02.180,WP1_3,2025.2.3,Win32,59.17159763,69f205e81325e0942cd07d79,6a030b8ba3607712b5d4bf26,,,,,,,,,,,,,,,,,,,,,,,,,,,,,,,,,,,,,,,,,235.2648,238.5845,,,,2,238.5855,239.7802,,,"[""space""]",[1.1538000000714987],[null],5,239.7832,242.6549,space,2.8293,,16,Celebrities_Faces/016_rating.jpg,Ewan McGregor,0,Ewan McGregor,0,TRUE,FALSE,0,0,8,8,15,1,16,Celebrities_Faces/016_rating.jpg,Ewan McGregor,Robert De Niro,Lionel Messi,Leonardo Di Caprio,Ewan McGregor,,,,,,,,,,,,,,,,,,,,,,,,,,,,,,,,,,,,,,,,,,,,,,,,,,,,,,,,,,,,,,,,,,,
,,,,,6a180b5ab5a5e1be04527fd3,2026-05-28_10h32.02.180,WP1_3,2025.2.3,Win32,59.17159763,69f205e81325e0942cd07d79,6a030b8ba3607712b5d4bf26,,,,,,,,,,,,,,,,,,,,,,,,,,,,,,,,,,,,,,,,,242.6564,245.4804,,,,3,245.481,246.7806,,,"[""space""]",[1.187899999976139],[null],5,246.7841,250.4472,space,3.5611,,47,Celebrities_Faces/047_rating.jpg,Hillary Clinton,0,Hillary Clinton,0,TRUE,FALSE,0,0,9,9,46,1,47,Celebrities_Faces/047_rating.jpg,Hillary Clinton,Sandra Bullock,Michelle Obama,Anne Hathaway,Hillary Clinton,,,,,,,,,,,,,,,,,,,,,,,,,,,,,,,,,,,,,,,,,,,,,,,,,,,,,,,,,,,,,,,,,,,
,,,,,6a180b5ab5a5e1be04527fd3,2026-05-28_10h32.02.180,WP1_3,2025.2.3,Win32,59.17159763,69f205e81325e0942cd07d79,6a030b8ba3607712b5d4bf26,,,,,,,,,,,,,,,,,,,,,,,,,,,,,,,,,,,,,,,,,250.4484,252.5972,,,,6,252.5983,254.1638,,,"[""space""]",[1.4128999999761618],[null],5,254.1665,257.9638,space,3.649,,8,Celebrities_Faces/008_rating.jpg,Brad Pitt,3,Brad Pitt,3,TRUE,FALSE,0,0,10,10,7,1,8,Celebrities_Faces/008_rating.jpg,Cristiano Ronaldo,Daniel Craig,Lionel Messi,Brad Pitt,Brad Pitt,,,,,,,,,,,,,,,,,,,,,,,,,,,,,,,,,,,,,,,,,,,,,,,,,,,,,,,,,,,,,,,,,,,
,,,,,6a180b5ab5a5e1be04527fd3,2026-05-28_10h32.02.180,WP1_3,2025.2.3,Win32,59.17159763,69f205e81325e0942cd07d79,6a030b8ba3607712b5d4bf26,,,,,,,,,,,,,,,,,,,,,,,,,,,,,,,,,,,,,,,,,257.9649,261.3136,,,,2,261.3144,262.6967,,,"[""space""]",[1.1556000000238669],[null],5,262.6986,267.4807,space,4.5441,,32,Celebrities_Faces/032_rating.jpg,Anne Hathaway,2,Gal Gadot,1,FALSE,FALSE,0,0,11,11,31,1,32,Celebrities_Faces/032_rating.jpg,Charlize Theron,Anne Hathaway,Gal Gadot,Millie Bobby Brown,Anne Hathaway,,,,,,,,,,,,,,,,,,,,,,,,,,,,,,,,,,,,,,,,,,,,,,,,,,,,,,,,,,,,,,,,,,,
,,,,,6a180b5ab5a5e1be04527fd3,2026-05-28_10h32.02.180,WP1_3,2025.2.3,Win32,59.17159763,69f205e81325e0942cd07d79,6a030b8ba3607712b5d4bf26,,,,,,,,,,,,,,,,,,,,,,,,,,,,,,,,,,,,,,,,,267.4822,269.9639,,,,0,269.965,271.9803,,,"[""space""]",[1.8681000000238441],[null],5,271.9826,274.3141,space,2.1453,,26,Celebrities_Faces/026_rating.jpg,George Clooney,0,Robert De Niro,2,FALSE,FALSE,0,0,12,12,25,1,26,Celebrities_Faces/026_rating.jpg,Robert De Niro,Ewan McGregor,George Clooney,Daniel Radcliffe,George Clooney,,,,,,,,,,,,,,,,,,,,,,,,,,,,,,,,,,,,,,,,,,,,,,,,,,,,,,,,,,,,,,,,,,,
,,,,,6a180b5ab5a5e1be04527fd3,2026-05-28_10h32.02.180,WP1_3,2025.2.3,Win32,59.17159763,69f205e81325e0942cd07d79,6a030b8ba3607712b5d4bf26,,,,,,,,,,,,,,,,,,,,,,,,,,,,,,,,,,,,,,,,,274.3152,276.6202,,,,0,276.6212,278.4973,,,"[""left"",""right"",""space""]","[1.1800000000000068,1.484800000071516,1.7989999999999782]","[null,null,null]",5,278.5002,281.9975,space,3.4278,,6,Celebrities_Faces/006_rating.jpg,Arnold Schwarzeneger,3,Ryan Reynolds,0,FALSE,FALSE,0,0,13,13,5,1,6,Celebrities_Faces/006_rating.jpg,Arnold Schwarzeneger,Dwayne Johnson,Tom Cruise,Ryan Reynolds,Arnold Schwarzeneger,,,,,,,,,,,,,,,,,,,,,,,,,,,,,,,,,,,,,,,,,,,,,,,,,,,,,,,,,,,,,,,,,,,
,,,,,6a180b5ab5a5e1be04527fd3,2026-05-28_10h32.02.180,WP1_3,2025.2.3,Win32,59.17159763,69f205e81325e0942cd07d79,6a030b8ba3607712b5d4bf26,,,,,,,,,,,,,,,,,,,,,,,,,,,,,,,,,,,,,,,,,281.9983,285.0473,,,,0,285.0483,286.5476,,,"[""space""]",[1.2578999999761322],[null],5,286.5508,291.8813,space,5.0927,,51,Celebrities_Faces/051_rating.jpg,Margot Robbie,3,Julia Roberts,0,FALSE,FALSE,0,0,14,14,50,1,51,Celebrities_Faces/051_rating.jpg,Margot Robbie,Halle Berry,Emma Watson,Julia Roberts,Margot Robbie,,,,,,,,,,,,,,,,,,,,,,,,,,,,,,,,,,,,,,,,,,,,,,,,,,,,,,,,,,,,,,,,,,,
,,,,,6a180b5ab5a5e1be04527fd3,2026-05-28_10h32.02.180,WP1_3,2025.2.3,Win32,59.17159763,69f205e81325e0942cd07d79,6a030b8ba3607712b5d4bf26,,,,,,,,,,,,,,,,,,,,,,,,,,,,,,,,,,,,,,,,,291.883,293.6807,,,,6,293.6816,294.9145,,,"[""space""]",[1.1942999999523067],[null],5,294.918,296.9476,space,1.9885,,20,Celebrities_Faces/020_rating.jpg,Matt Damon,1,Matt Damon,1,TRUE,FALSE,0,0,15,15,19,1,20,Celebrities_Faces/020_rating.jpg,Tom Cruise,Matt Damon,Chris Evans,Brad Pitt,Matt Damon,,,,,,,,,,,,,,,,,,,,,,,,,,,,,,,,,,,,,,,,,,,,,,,,,,,,,,,,,,,,,,,,,,,
,,,,,6a180b5ab5a5e1be04527fd3,2026-05-28_10h32.02.180,WP1_3,2025.2.3,Win32,59.17159763,69f205e81325e0942cd07d79,6a030b8ba3607712b5d4bf26,,,,,,,,,,,,,,,,,,,,,,,,,,,,,,,,,,,,,,,,,296.9488,298.9815,,,,0,298.9825,300.0978,,,"[""space""]",[0.8995000000000459],[null],5,300.1009,303.5643,space,3.2577,,9,Celebrities_Faces/009_rating.jpg,Bradley Cooper,0,Chris Hemsworth,2,FALSE,FALSE,0,0,16,16,8,1,9,Celebrities_Faces/009_rating.jpg,Chris Hemsworth,Tom Cruise,Bradley Cooper,Lebron James,Bradley Cooper,,,,,,,,,,,,,,,,,,,,,,,,,,,,,,,,,,,,,,,,,,,,,,,,,,,,,,,,,,,,,,,,,,,
,,,,,6a180b5ab5a5e1be04527fd3,2026-05-28_10h32.02.180,WP1_3,2025.2.3,Win32,59.17159763,69f205e81325e0942cd07d79,6a030b8ba3607712b5d4bf26,,,,,,,,,,,,,,,,,,,,,,,,,,,,,,,,,,,,,,,,,303.5656,305.6985,,,,0,305.7,306.6647,,,"[""space""]",[0.8512000000476974],[null],5,306.6675,308.8879,space,2.1097,,46,Celebrities_Faces/046_rating.jpg,Emma Stone,0,Halle Berry,1,FALSE,FALSE,0,0,17,17,45,1,46,Celebrities_Faces/046_rating.jpg,Halle Berry,Emma Stone,Emma Watson,Taylor Swift,Emma Stone,,,,,,,,,,,,,,,,,,,,,,,,,,,,,,,,,,,,,,,,,,,,,,,,,,,,,,,,,,,,,,,,,,,
,,,,,6a180b5ab5a5e1be04527fd3,2026-05-28_10h32.02.180,WP1_3,2025.2.3,Win32,59.17159763,69f205e81325e0942cd07d79,6a030b8ba3607712b5d4bf26,,,,,,,,,,,,,,,,,,,,,,,,,,,,,,,,,,,,,,,,,308.8898,310.7155,,,,0,310.7161,311.7311,,,"[""space""]",[0.9506000000238259],[null],5,311.7337,315.098,space,3.2832,,58,Celebrities_Faces/058_rating.jpg,Nicole Kidman,2,Nicole Kidman,2,TRUE,FALSE,0,0,18,18,57,1,58,Celebrities_Faces/058_rating.jpg,Millie Bobby Brown,Greta Thunberg,Nicole Kidman,Julia Roberts,Nicole Kidman,,,,,,,,,,,,,,,,,,,,,,,,,,,,,,,,,,,,,,,,,,,,,,,,,,,,,,,,,,,,,,,,,,,
,,,,,6a180b5ab5a5e1be04527fd3,2026-05-28_10h32.02.180,WP1_3,2025.2.3,Win32,59.17159763,69f205e81325e0942cd07d79,6a030b8ba3607712b5d4bf26,,,,,,,,,,,,,,,,,,,,,,,,,,,,,,,,,,,,,,,,,315.0991,316.9978,,,,3,316.9987,318.1389,,,"[""space""]",[0.9607999999523145],[null],5,318.1417,321.4479,space,3.1165,,35,Celebrities_Faces/035_rating.jpg,Lindsay Lohan,2,Keira Knightley,3,FALSE,FALSE,0,0,19,19,34,1,35,Celebrities_Faces/035_rating.jpg,Anya Taylor-Joy,Millie Bobby Brown,Keira Knightley,Lindsay Lohan,Lindsay Lohan,,,,,,,,,,,,,,,,,,,,,,,,,,,,,,,,,,,,,,,,,,,,,,,,,,,,,,,,,,,,,,,,,,,
,,,,,6a180b5ab5a5e1be04527fd3,2026-05-28_10h32.02.180,WP1_3,2025.2.3,Win32,59.17159763,69f205e81325e0942cd07d79,6a030b8ba3607712b5d4bf26,,,,,,,,,,,,,,,,,,,,,,,,,,,,,,,,,,,,,,,,,321.4489,324.081,,,,10,324.082,325.6147,,,"[""right"",""right"",""space""]","[0.5682000000476819,0.8211000000238755,1.4052999999523195]","[null,null,null]",7,325.6176,327.5812,space,1.8437,,28,Celebrities_Faces/028_rating.jpg,Dwayne Johnson,0,Dwayne Johnson,0,TRUE,TRUE,1,0,20,20,27,1,28,Celebrities_Faces/028_rating.jpg,Dwayne Johnson,Ryan Reynolds,Bradley Cooper,Lionel Messi,Dwayne Johnson,,,,,,,,,,,,,,,,,,,,,,,,,,,,,,,,,,,,,,,,,,,,,,,,,,,,,,,,,,,,,,,,,,,
,,,,,6a180b5ab5a5e1be04527fd3,2026-05-28_10h32.02.180,WP1_3,2025.2.3,Win32,59.17159763,69f205e81325e0942cd07d79,6a030b8ba3607712b5d4bf26,,,,,,,,,,,,,,,,,,,,,,,,,,,,,,,,,,,,,,,,,327.5825,329.9816,,,,10,329.9828,332.0144,,,"[""right"",""right"",""right"",""right"",""space""]","[0.7097000000476896,0.943300000071531,1.2092000000477015,1.5802000000476824,1.8458999999761545]","[null,null,null,null,null]",9,332.0169,333.2482,space,1.046,,50,Celebrities_Faces/050_rating.jpg,Millie Bobby Brown,2,Millie Bobby Brown,2,TRUE,TRUE,2,0,21,21,49,1,50,Celebrities_Faces/050_rating.jpg,Taylor Swift,Cameron Diaz,Millie Bobby Brown,Michelle Obama,Millie Bobby Brown,,,,,,,,,,,,,,,,,,,,,,,,,,,,,,,,,,,,,,,,,,,,,,,,,,,,,,,,,,,,,,,,,,,
,,,,,6a180b5ab5a5e1be04527fd3,2026-05-28_10h32.02.180,WP1_3,2025.2.3,Win32,59.17159763,69f205e81325e0942cd07d79,6a030b8ba3607712b5d4bf26,,,,,,,,,,,,,,,,,,,,,,,,,,,,,,,,,,,,,,,,,333.2496,335.3649,,,,0,335.3661,336.048,,,"[""space""]",[0.6288000000715215],[null],5,336.0498,338.0485,space,1.9385,,19,Celebrities_Faces/019_rating.jpg,Nicolas Cage,1,George W.Bush,0,FALSE,FALSE,2,0,22,22,18,1,19,Celebrities_Faces/019_rating.jpg,Nicolas Cage,George W.Bush,Cristiano Ronaldo,Bradley Cooper,Nicolas Cage,,,,,,,,,,,,,,,,,,,,,,,,,,,,,,,,,,,,,,,,,,,,,,,,,,,,,,,,,,,,,,,,,,,
,,,,,6a180b5ab5a5e1be04527fd3,2026-05-28_10h32.02.180,WP1_3,2025.2.3,Win32,59.17159763,69f205e81325e0942cd07d79,6a030b8ba3607712b5d4bf26,,,,,,,,,,,,,,,,,,,,,,,,,,,,,,,,,,,,,,,,,338.0502,340.5481,,,,8,340.549,342.5151,,,"[""right"",""right"",""right"",""right"",""left"",""space""]","[0.7054000000953806,0.92349999999999,1.1547000000476828,1.3381000000238714,1.693300000071531,1.9199000000953674]","[null,null,null,null,null,null]",8,342.5173,344.5814,space,2.0167,,52,Celebrities_Faces/052_rating.jpg,Emma Watson,3,Emma Watson,3,TRUE,TRUE,3,0,23,23,51,1,52,Celebrities_Faces/052_rating.jpg,Anne Hathaway,Natalie Portman,Hillary Clinton,Emma Watson,Emma Watson,,,,,,,,,,,,,,,,,,,,,,,,,,,,,,,,,,,,,,,,,,,,,,,,,,,,,,,,,,,,,,,,,,,
,,,,,6a180b5ab5a5e1be04527fd3,2026-05-28_10h32.02.180,WP1_3,2025.2.3,Win32,59.17159763,69f205e81325e0942cd07d79,6a030b8ba3607712b5d4bf26,,,,,,,,,,,,,,,,,,,,,,,,,,,,,,,,,,,,,,,,,344.5827,347.5729,,,,1,347.5741,348.715,,,"[""space""]",[0.4840000000000373],[null],5,348.7175,353.132,space,3.7924,,41,Celebrities_Faces/041_rating.jpg,Halle Berry,2,Halle Berry,2,TRUE,FALSE,3,0,24,24,40,1,41,Celebrities_Faces/041_rating.jpg,Lady Gaga,Greta Thunberg,Halle Berry,Serena Williams,Halle Berry,,,,,,,,,,,,,,,,,,,,,,,,,,,,,,,,,,,,,,,,,,,,,,,,,,,,,,,,,,,,,,,,,,,
,,,,,6a180b5ab5a5e1be04527fd3,2026-05-28_10h32.02.180,WP1_3,2025.2.3,Win32,59.17159763,69f205e81325e0942cd07d79,6a030b8ba3607712b5d4bf26,,,,,,,,,,,,,,,,,,,,,,,,,,,,,,,,,,,,,,,,,353.1332,355.1653,,,,0,355.1661,356.2485,,,"[""space""]",[0.8912000000477178],[null],5,356.2511,359.0483,space,2.6251,,60,Celebrities_Faces/060_rating.jpg,Anya Taylor-Joy,1,Anya Taylor-Joy,1,TRUE,FALSE,3,0,25,25,59,1,60,Celebrities_Faces/060_rating.jpg,Emma Stone,Anya Taylor-Joy,Michelle Obama,Halle Berry,Anya Taylor-Joy,,,,,,,,,,,,,,,,,,,,,,,,,,,,,,,,,,,,,,,,,,,,,,,,,,,,,,,,,,,,,,,,,,,
,,,,,6a180b5ab5a5e1be04527fd3,2026-05-28_10h32.02.180,WP1_3,2025.2.3,Win32,59.17159763,69f205e81325e0942cd07d79,6a030b8ba3607712b5d4bf26,,,,,,,,,,,,,,,,,,,,,,,,,,,,,,,,,,,,,,,,,359.0496,360.8819,,,,0,360.883,361.515,,,"[""space""]",[0.5576000000238537],[null],5,361.5175,364.0484,space,2.4589,,15,Celebrities_Faces/015_rating.jpg,Harrison Ford,2,Harrison Ford,2,TRUE,FALSE,3,0,26,26,14,1,15,Celebrities_Faces/015_rating.jpg,Lionel Messi,Daniel Radcliffe,Harrison Ford,Brad Pitt,Harrison Ford,,,,,,,,,,,,,,,,,,,,,,,,,,,,,,,,,,,,,,,,,,,,,,,,,,,,,,,,,,,,,,,,,,,
,,,,,6a180b5ab5a5e1be04527fd3,2026-05-28_10h32.02.180,WP1_3,2025.2.3,Win32,59.17159763,69f205e81325e0942cd07d79,6a030b8ba3607712b5d4bf26,,,,,,,,,,,,,,,,,,,,,,,,,,,,,,,,,,,,,,,,,364.0496,366.2654,,,,7,366.2667,367.4324,,,"[""right"",""space""]","[0.6866999999285213,0.9367999999523136]","[null,null]",6,367.4348,370.0485,space,2.3855,,45,Celebrities_Faces/045_rating.jpg,Cameron Diaz,1,Natalie Portman,3,FALSE,FALSE,3,0,27,27,44,1,45,Celebrities_Faces/045_rating.jpg,Taylor Swift,Natalie Portman,Maria Sharapova,Cameron Diaz,Cameron Diaz,,,,,,,,,,,,,,,,,,,,,,,,,,,,,,,,,,,,,,,,,,,,,,,,,,,,,,,,,,,,,,,,,,,
,,,,,6a180b5ab5a5e1be04527fd3,2026-05-28_10h32.02.180,WP1_3,2025.2.3,Win32,59.17159763,69f205e81325e0942cd07d79,6a030b8ba3607712b5d4bf26,,,,,,,,,,,,,,,,,,,,,,,,,,,,,,,,,,,,,,,,,370.0497,372.1322,,,,0,372.1337,373.0656,,,"[""space""]",[0.8887999999523117],[null],5,373.0679,375.8325,space,2.7325,,36,Celebrities_Faces/036_rating.jpg,Lady Gaga,1,Emma Stone,3,FALSE,FALSE,3,0,28,28,35,1,36,Celebrities_Faces/036_rating.jpg,Serena Williams,Emma Stone,Julia Roberts,Lady Gaga,Lady Gaga,,,,,,,,,,,,,,,,,,,,,,,,,,,,,,,,,,,,,,,,,,,,,,,,,,,,,,,,,,,,,,,,,,,
,,,,,6a180b5ab5a5e1be04527fd3,2026-05-28_10h32.02.180,WP1_3,2025.2.3,Win32,59.17159763,69f205e81325e0942cd07d79,6a030b8ba3607712b5d4bf26,,,,,,,,,,,,,,,,,,,,,,,,,,,,,,,,,,,,,,,,,375.8336,377.8324,,,,0,377.8335,378.5991,,,"[""space""]",[0.6495999999046376],[null],5,378.6017,382.3487,space,3.6294,,59,Celebrities_Faces/059_rating.jpg,Michelle Obama,0,Michelle Obama,0,TRUE,FALSE,3,0,29,29,58,1,59,Celebrities_Faces/059_rating.jpg,Michelle Obama,Emma Watson,Millie Bobby Brown,Margot Robbie,Michelle Obama,,,,,,,,,,,,,,,,,,,,,,,,,,,,,,,,,,,,,,,,,,,,,,,,,,,,,,,,,,,,,,,,,,,
,,,,,6a180b5ab5a5e1be04527fd3,2026-05-28_10h32.02.180,WP1_3,2025.2.3,Win32,59.17159763,69f205e81325e0942cd07d79,6a030b8ba3607712b5d4bf26,,,,,,,,,,,,,,,,,,,,,,,,,,,,,,,,,,,,,,,,,382.3495,384.7653,,,,3,384.7661,385.7987,,,"[""space""]",[0.7926000000238105],[null],5,385.8008,387.699,space,1.6662,,48,Celebrities_Faces/048_rating.jpg,Jennifer Lawrence,0,Jennifer Lawrence,0,TRUE,FALSE,3,0,30,30,47,1,48,Celebrities_Faces/048_rating.jpg,Jennifer Lawrence,Lady Gaga,Anne Hathaway,Emma Stone,Jennifer Lawrence,,,,,,,,,,,,,,,,,,,,,,,,,,,,,,,,,,,,,,,,,,,,,,,,,,,,,,,,,,,,,,,,,,,
,,,,,6a180b5ab5a5e1be04527fd3,2026-05-28_10h32.02.180,WP1_3,2025.2.3,Win32,59.17159763,69f205e81325e0942cd07d79,6a030b8ba3607712b5d4bf26,,,,,,,,,,,,,,,,,,,,,,,,,,,,,,,,,,,,,,,,,387.7002,389.9544,,,,10,389.9555,391.3987,,,"[""left"",""left"",""space""]","[0.40270000004767326,0.6413000000715101,1.373700000047677]","[null,null,null]",3,391.4009,393.1825,space,1.721,,42,Celebrities_Faces/042_rating.jpg,Greta Thunberg,3,Greta Thunberg,3,TRUE,TRUE,4,0,31,31,41,1,42,Celebrities_Faces/042_rating.jpg,Simone Biles,Michelle Obama,Anne Hathaway,Greta Thunberg,Greta Thunberg,,,,,,,,,,,,,,,,,,,,,,,,,,,,,,,,,,,,,,,,,,,,,,,,,,,,,,,,,,,,,,,,,,,
,,,,,6a180b5ab5a5e1be04527fd3,2026-05-28_10h32.02.180,WP1_3,2025.2.3,Win32,59.17159763,69f205e81325e0942cd07d79,6a030b8ba3607712b5d4bf26,,,,,,,,,,,,,,,,,,,,,,,,,,,,,,,,,,,,,,,,,393.1836,395.5491,,,,1,395.5501,396.4654,,,"[""space""]",[0.8047999999523086],[null],5,396.4678,398.916,space,2.344,,43,Celebrities_Faces/043_rating.jpg,Maria Sharapova,3,Maria Sharapova,3,TRUE,FALSE,4,0,32,32,42,1,43,Celebrities_Faces/043_rating.jpg,Michelle Obama,Taylor Swift,Greta Thunberg,Maria Sharapova,Maria Sharapova,,,,,,,,,,,,,,,,,,,,,,,,,,,,,,,,,,,,,,,,,,,,,,,,,,,,,,,,,,,,,,,,,,,
,,,,,6a180b5ab5a5e1be04527fd3,2026-05-28_10h32.02.180,WP1_3,2025.2.3,Win32,59.17159763,69f205e81325e0942cd07d79,6a030b8ba3607712b5d4bf26,,,,,,,,,,,,,,,,,,,,,,,,,,,,,,,,,,,,,,,,,398.917,401.049,,,,0,401.0496,401.749,,,"[""space""]",[0.6348999999761418],[null],5,401.7522,403.8495,space,2.028,,23,Celebrities_Faces/023_rating.jpg,Ryan Gosling,2,Ryan Gosling,2,TRUE,FALSE,4,0,33,33,22,1,23,Celebrities_Faces/023_rating.jpg,Brad Pitt,Cristiano Ronaldo,Ryan Gosling,Tom Holland,Ryan Gosling,,,,,,,,,,,,,,,,,,,,,,,,,,,,,,,,,,,,,,,,,,,,,,,,,,,,,,,,,,,,,,,,,,,
,,,,,6a180b5ab5a5e1be04527fd3,2026-05-28_10h32.02.180,WP1_3,2025.2.3,Win32,59.17159763,69f205e81325e0942cd07d79,6a030b8ba3607712b5d4bf26,,,,,,,,,,,,,,,,,,,,,,,,,,,,,,,,,,,,,,,,,403.8506,406.9657,,,,6,406.9666,408.2159,,,"[""space""]",[1.163499999999999],[null],5,408.2185,410.6824,space,2.3863,,31,Celebrities_Faces/031_rating.jpg,Sandra Bullock,3,Sandra Bullock,3,TRUE,FALSE,4,0,34,34,30,1,31,Celebrities_Faces/031_rating.jpg,Michelle Obama,Emma Watson,Halle Berry,Sandra Bullock,Sandra Bullock,,,,,,,,,,,,,,,,,,,,,,,,,,,,,,,,,,,,,,,,,,,,,,,,,,,,,,,,,,,,,,,,,,,
,,,,,6a180b5ab5a5e1be04527fd3,2026-05-28_10h32.02.180,WP1_3,2025.2.3,Win32,59.17159763,69f205e81325e0942cd07d79,6a030b8ba3607712b5d4bf26,,,,,,,,,,,,,,,,,,,,,,,,,,,,,,,,,,,,,,,,,410.6837,412.5331,,,,0,412.534,413.2993,,,"[""space""]",[0.6839000000953774],[null],5,413.3015,415.6244,space,2.2437,,27,Celebrities_Faces/027_rating.jpg,Keanu Reeves,0,Keanu Reeves,0,TRUE,FALSE,4,0,35,35,26,1,27,Celebrities_Faces/027_rating.jpg,Keanu Reeves,Dwayne Johnson,Bradley Cooper,Daniel Radcliffe,Keanu Reeves,,,,,,,,,,,,,,,,,,,,,,,,,,,,,,,,,,,,,,,,,,,,,,,,,,,,,,,,,,,,,,,,,,,
,,,,,6a180b5ab5a5e1be04527fd3,2026-05-28_10h32.02.180,WP1_3,2025.2.3,Win32,59.17159763,69f205e81325e0942cd07d79,6a030b8ba3607712b5d4bf26,,,,,,,,,,,,,,,,,,,,,,,,,,,,,,,,,,,,,,,,,415.6257,417.433,,,,2,417.4344,418.2828,,,"[""space""]",[0.8041000000238228],[null],5,418.2857,421.7329,space,3.4044,,14,Celebrities_Faces/014_rating.jpg,Daniel Craig,3,Chris Hemsworth,2,FALSE,FALSE,4,0,36,36,13,1,14,Celebrities_Faces/014_rating.jpg,Robert De Niro,Ryan Reynolds,Daniel Craig,Chris Hemsworth,Daniel Craig,,,,,,,,,,,,,,,,,,,,,,,,,,,,,,,,,,,,,,,,,,,,,,,,,,,,,,,,,,,,,,,,,,,
,,,,,6a180b5ab5a5e1be04527fd3,2026-05-28_10h32.02.180,WP1_3,2025.2.3,Win32,59.17159763,69f205e81325e0942cd07d79,6a030b8ba3607712b5d4bf26,,,,,,,,,,,,,,,,,,,,,,,,,,,,,,,,,,,,,,,,,421.7338,423.8329,,,,0,423.8345,424.5995,,,"[""space""]",[0.5326000000238764],[null],5,424.6024,428.0163,space,3.0947,,10,Celebrities_Faces/010_rating.jpg,Bruce Willis,0,Bruce Willis,0,TRUE,FALSE,4,0,37,37,9,1,10,Celebrities_Faces/010_rating.jpg,Bruce Willis,Arnold Schwarzeneger,George Clooney,Robert De Niro,Bruce Willis,,,,,,,,,,,,,,,,,,,,,,,,,,,,,,,,,,,,,,,,,,,,,,,,,,,,,,,,,,,,,,,,,,,
,,,,,6a180b5ab5a5e1be04527fd3,2026-05-28_10h32.02.180,WP1_3,2025.2.3,Win32,59.17159763,69f205e81325e0942cd07d79,6a030b8ba3607712b5d4bf26,,,,,,,,,,,,,,,,,,,,,,,,,,,,,,,,,,,,,,,,,428.0174,430.4994,,,,0,430.5004,431.224,,,"[""space""]",[0.628100000023835],[null],5,431.2265,433.3165,space,1.9997,,11,Celebrities_Faces/011_rating.jpg,Chris Evans,0,Chris Evans,0,TRUE,FALSE,4,0,38,38,10,1,11,Celebrities_Faces/011_rating.jpg,Chris Evans,Daniel Craig,Ryan Reynolds,Arnold Schwarzeneger,Chris Evans,,,,,,,,,,,,,,,,,,,,,,,,,,,,,,,,,,,,,,,,,,,,,,,,,,,,,,,,,,,,,,,,,,,
,,,,,6a180b5ab5a5e1be04527fd3,2026-05-28_10h32.02.180,WP1_3,2025.2.3,Win32,59.17159763,69f205e81325e0942cd07d79,6a030b8ba3607712b5d4bf26,,,,,,,,,,,,,,,,,,,,,,,,,,,,,,,,,,,,,,,,,433.3176,435.6163,,,,6,435.6177,437.2662,,,"[""space""]",[1.3571999999284685],[null],5,437.2688,439.2996,space,1.6548,,18,Celebrities_Faces/018_rating.jpg,Chris Hemsworth,1,Leonardo Di Caprio,0,FALSE,FALSE,4,0,39,39,17,1,18,Celebrities_Faces/018_rating.jpg,Chris Hemsworth,Leonardo Di Caprio,Nicolas Cage,Tom Cruise,Chris Hemsworth,,,,,,,,,,,,,,,,,,,,,,,,,,,,,,,,,,,,,,,,,,,,,,,,,,,,,,,,,,,,,,,,,,,
,,,,,6a180b5ab5a5e1be04527fd3,2026-05-28_10h32.02.180,WP1_3,2025.2.3,Win32,59.17159763,69f205e81325e0942cd07d79,6a030b8ba3607712b5d4bf26,,,,,,,,,,,,,,,,,,,,,,,,,,,,,,,,,,,,,,,,,439.3008,441.5995,,,,0,441.6003,442.2329,,,"[""space""]",[0.4833000000715515],[null],5,442.2353,444.533,space,2.1627,,2,Celebrities_Faces/002_rating.jpg,George W.Bush,3,George W.Bush,3,TRUE,FALSE,4,0,40,40,1,1,2,Celebrities_Faces/002_rating.jpg,Henri Canvill,Chris Evans,Tom Holland,George W.Bush,George W.Bush,,,,,,,,,,,,,,,,,,,,,,,,,,,,,,,,,,,,,,,,,,,,,,,,,,,,,,,,,,,,,,,,,,,
,,,,,6a180b5ab5a5e1be04527fd3,2026-05-28_10h32.02.180,WP1_3,2025.2.3,Win32,59.17159763,69f205e81325e0942cd07d79,6a030b8ba3607712b5d4bf26,,,,,,,,,,,,,,,,,,,,,,,,,,,,,,,,,,,,,,,,,444.5339,446.9564,,,,6,446.9572,449.5832,,,"[""right"",""right"",""space""]","[1.7543000000715097,1.9829000000953556,2.584900000095331]","[null,null,null]",7,449.5857,450.8831,space,1.2553,,49,Celebrities_Faces/049_rating.jpg,Olivia Rodrigo,0,Olivia Rodrigo,0,TRUE,FALSE,4,0,41,41,48,1,49,Celebrities_Faces/049_rating.jpg,Olivia Rodrigo,Lindsay Lohan,Gal Gadot,Angelina Jolie,Olivia Rodrigo,,,,,,,,,,,,,,,,,,,,,,,,,,,,,,,,,,,,,,,,,,,,,,,,,,,,,,,,,,,,,,,,,,,
,,,,,6a180b5ab5a5e1be04527fd3,2026-05-28_10h32.02.180,WP1_3,2025.2.3,Win32,59.17159763,69f205e81325e0942cd07d79,6a030b8ba3607712b5d4bf26,,,,,,,,,,,,,,,,,,,,,,,,,,,,,,,,,,,,,,,,,450.8843,452.7997,,,,10,452.8008,453.9831,,,"[""right"",""right"",""space""]","[0.5785000000000196,0.7976000000238628,1.1299999999999955]","[null,null,null]",7,453.985,455.4333,space,1.3948,,4,Celebrities_Faces/004_rating.jpg,Cristiano Ronaldo,3,Cristiano Ronaldo,3,TRUE,TRUE,5,0,42,42,3,1,4,Celebrities_Faces/004_rating.jpg,Matt Damon,Robert De Niro,Denzel Washighton,Cristiano Ronaldo,Cristiano Ronaldo,,,,,,,,,,,,,,,,,,,,,,,,,,,,,,,,,,,,,,,,,,,,,,,,,,,,,,,,,,,,,,,,,,,
,,,,,6a180b5ab5a5e1be04527fd3,2026-05-28_10h32.02.180,WP1_3,2025.2.3,Win32,59.17159763,69f205e81325e0942cd07d79,6a030b8ba3607712b5d4bf26,,,,,,,,,,,,,,,,,,,,,,,,,,,,,,,,,,,,,,,,,455.4351,458.55,,,,0,458.5514,460.7164,,,"[""space""]",[2.0820000000000505],[null],5,460.7189,463.0502,space,2.2302,,13,Celebrities_Faces/013_rating.jpg,Denzel Washighton,0,Denzel Washighton,0,TRUE,FALSE,5,0,43,43,12,1,13,Celebrities_Faces/013_rating.jpg,Denzel Washighton,Chris Hemsworth,Matt Damon,George W.Bush,Denzel Washighton,,,,,,,,,,,,,,,,,,,,,,,,,,,,,,,,,,,,,,,,,,,,,,,,,,,,,,,,,,,,,,,,,,,
,,,,,6a180b5ab5a5e1be04527fd3,2026-05-28_10h32.02.180,WP1_3,2025.2.3,Win32,59.17159763,69f205e81325e0942cd07d79,6a030b8ba3607712b5d4bf26,,,,,,,,,,,,,,,,,,,,,,,,,,,,,,,,,,,,,,,,,463.0514,465.2999,,,,8,465.3009,466.7499,,,"[""right"",""space""]","[0.7182999999523645,1.1827999999522945]","[null,null]",6,466.7521,469.0834,space,2.1199,,29,Celebrities_Faces/029_rating.jpg,Tom Holland,0,Tom Holland,0,TRUE,TRUE,6,0,44,44,28,1,29,Celebrities_Faces/029_rating.jpg,Tom Holland,Bradley Cooper,Dwayne Johnson,George W.Bush,Tom Holland,,,,,,,,,,,,,,,,,,,,,,,,,,,,,,,,,,,,,,,,,,,,,,,,,,,,,,,,,,,,,,,,,,,
,,,,,6a180b5ab5a5e1be04527fd3,2026-05-28_10h32.02.180,WP1_3,2025.2.3,Win32,59.17159763,69f205e81325e0942cd07d79,6a030b8ba3607712b5d4bf26,,,,,,,,,,,,,,,,,,,,,,,,,,,,,,,,,,,,,,,,,469.0845,471.0835,,,,0,471.0846,471.8002,,,"[""space""]",[0.5229999999999109],[null],5,471.8028,476.8169,space,4.7941,,22,Celebrities_Faces/022_rating.jpg,Lebron James,0,George W.Bush,3,FALSE,FALSE,6,0,45,45,21,1,22,Celebrities_Faces/022_rating.jpg,George W.Bush,Lionel Messi,Leonardo Di Caprio,Lebron James,Lebron James,,,,,,,,,,,,,,,,,,,,,,,,,,,,,,,,,,,,,,,,,,,,,,,,,,,,,,,,,,,,,,,,,,,
,,,,,6a180b5ab5a5e1be04527fd3,2026-05-28_10h32.02.180,WP1_3,2025.2.3,Win32,59.17159763,69f205e81325e0942cd07d79,6a030b8ba3607712b5d4bf26,,,,,,,,,,,,,,,,,,,,,,,,,,,,,,,,,,,,,,,,,476.8182,478.6507,,,,10,478.6516,479.7502,,,"[""left"",""space""]","[0.48099999999999454,0.9845000000000255]","[null,null]",4,479.753,481.6343,space,1.7607,,38,Celebrities_Faces/038_rating.jpg,Taylor Swift,3,Taylor Swift,3,TRUE,TRUE,7,0,46,46,37,1,38,Celebrities_Faces/038_rating.jpg,Keira Knightley,Scarlett Johansson,Margot Robbie,Taylor Swift,Taylor Swift,,,,,,,,,,,,,,,,,,,,,,,,,,,,,,,,,,,,,,,,,,,,,,,,,,,,,,,,,,,,,,,,,,,
,,,,,6a180b5ab5a5e1be04527fd3,2026-05-28_10h32.02.180,WP1_3,2025.2.3,Win32,59.17159763,69f205e81325e0942cd07d79,6a030b8ba3607712b5d4bf26,,,,,,,,,,,,,,,,,,,,,,,,,,,,,,,,,,,,,,,,,481.6353,495.784,,,,10,495.7853,497.3676,,,"[""right"",""right"",""right"",""right"",""space""]","[0.342700000047671,0.5615000000000236,0.7456000000238419,0.9683000000715083,1.315300000071602]","[null,null,null,null,null]",9,497.3703,498.9177,space,1.2883,,5,Celebrities_Faces/005_rating.jpg,Lionel Messi,0,Lionel Messi,0,TRUE,TRUE,8,0,47,47,4,1,5,Celebrities_Faces/005_rating.jpg,Lionel Messi,Matt Damon,Cristiano Ronaldo,Lebron James,Lionel Messi,,,,,,,,,,,,,,,,,,,,,,,,,,,,,,,,,,,,,,,,,,,,,,,,,,,,,,,,,,,,,,,,,,,
,,,,,6a180b5ab5a5e1be04527fd3,2026-05-28_10h32.02.180,WP1_3,2025.2.3,Win32,59.17159763,69f205e81325e0942cd07d79,6a030b8ba3607712b5d4bf26,,,,,,,,,,,,,,,,,,,,,,,,,,,,,,,,,,,,,,,,,498.9192,501.4007,,,,0,501.4017,501.867,,,"[""space""]",[0.3742000000477219],[null],5,501.8692,504.3002,space,2.3337,,25,Celebrities_Faces/025_rating.jpg,Robert De Niro,1,Arnold Schwarzeneger,2,FALSE,FALSE,8,0,48,48,24,1,25,Celebrities_Faces/025_rating.jpg,Bruce Willis,Arnold Schwarzeneger,Robert De Niro,Leonardo Di Caprio,Robert De Niro,,,,,,,,,,,,,,,,,,,,,,,,,,,,,,,,,,,,,,,,,,,,,,,,,,,,,,,,,,,,,,,,,,,
,,,,,6a180b5ab5a5e1be04527fd3,2026-05-28_10h32.02.180,WP1_3,2025.2.3,Win32,59.17159763,69f205e81325e0942cd07d79,6a030b8ba3607712b5d4bf26,,,,,,,,,,,,,,,,,,,,,,,,,,,,,,,,,,,,,,,,,504.3013,506.8836,,,,2,506.8846,508.1175,,,"[""space""]",[1.0720000000000027],[null],5,508.1196,509.8174,space,1.5539,,57,Celebrities_Faces/057_rating.jpg,Serena Williams,2,Serena Williams,2,TRUE,FALSE,8,0,49,49,56,1,57,Celebrities_Faces/057_rating.jpg,Olivia Rodrigo,Charlize Theron,Serena Williams,Greta Thunberg,Serena Williams,,,,,,,,,,,,,,,,,,,,,,,,,,,,,,,,,,,,,,,,,,,,,,,,,,,,,,,,,,,,,,,,,,,
,,,,,6a180b5ab5a5e1be04527fd3,2026-05-28_10h32.02.180,WP1_3,2025.2.3,Win32,59.17159763,69f205e81325e0942cd07d79,6a030b8ba3607712b5d4bf26,,,,,,,,,,,,,,,,,,,,,,,,,,,,,,,,,,,,,,,,,509.8187,511.7506,,,,0,511.7516,512.6005,,,"[""space""]",[0.7596000000238519],[null],5,512.6028,514.7673,space,2.0968,,39,Celebrities_Faces/039_rating.jpg,Scarlett Johansson,1,Scarlett Johansson,1,TRUE,FALSE,8,0,50,50,38,1,39,Celebrities_Faces/039_rating.jpg,Simone Biles,Scarlett Johansson,Gal Gadot,Hillary Clinton,Scarlett Johansson,,,,,,,,,,,,,,,,,,,,,,,,,,,,,,,,,,,,,,,,,,,,,,,,,,,,,,,,,,,,,,,,,,,
,,,,,6a180b5ab5a5e1be04527fd3,2026-05-28_10h32.02.180,WP1_3,2025.2.3,Win32,59.17159763,69f205e81325e0942cd07d79,6a030b8ba3607712b5d4bf26,,,,,,,,,,,,,,,,,,,,,,,,,,,,,,,,,,,,,,,,,514.7687,516.7172,,,,2,516.7182,517.484,,,"[""space""]",[0.6831000000238419],[null],5,517.487,520.5508,space,2.9844,,17,Celebrities_Faces/017_rating.jpg,Hugh Jackman,1,Hugh Jackman,1,TRUE,FALSE,8,0,51,51,16,1,17,Celebrities_Faces/017_rating.jpg,Keanu Reeves,Hugh Jackman,Ewan McGregor,Tom Cruise,Hugh Jackman,,,,,,,,,,,,,,,,,,,,,,,,,,,,,,,,,,,,,,,,,,,,,,,,,,,,,,,,,,,,,,,,,,,
,,,,,6a180b5ab5a5e1be04527fd3,2026-05-28_10h32.02.180,WP1_3,2025.2.3,Win32,59.17159763,69f205e81325e0942cd07d79,6a030b8ba3607712b5d4bf26,,,,,,,,,,,,,,,,,,,,,,,,,,,,,,,,,,,,,,,,,520.5522,524.5542,,,,7,524.5551,525.7507,,,"[""right"",""space""]","[0.8215000000000146,1.0543999999762264]","[null,null]",6,525.7527,526.9844,space,1.0485,,1,Celebrities_Faces/001_rating.jpg,Leonardo Di Caprio,2,Leonardo Di Caprio,2,TRUE,TRUE,9,0,52,52,0,1,1,Celebrities_Faces/001_rating.jpg,Ben Affleck,Daniel Craig,Leonardo Di Caprio,Roger Federer,Leonardo Di Caprio,,,,,,,,,,,,,,,,,,,,,,,,,,,,,,,,,,,,,,,,,,,,,,,,,,,,,,,,,,,,,,,,,,,
,,,,,6a180b5ab5a5e1be04527fd3,2026-05-28_10h32.02.180,WP1_3,2025.2.3,Win32,59.17159763,69f205e81325e0942cd07d79,6a030b8ba3607712b5d4bf26,,,,,,,,,,,,,,,,,,,,,,,,,,,,,,,,,,,,,,,,,526.9857,529.1508,,,,0,529.1515,529.9008,,,"[""space""]",[0.49330000007148556],[null],5,529.9036,532.9509,space,2.7978,,24,Celebrities_Faces/024_rating.jpg,Ryan Reynolds,3,Ryan Reynolds,3,TRUE,FALSE,9,0,53,53,23,1,24,Celebrities_Faces/024_rating.jpg,Roger Federer,Denzel Washighton,Tom Holland,Ryan Reynolds,Ryan Reynolds,,,,,,,,,,,,,,,,,,,,,,,,,,,,,,,,,,,,,,,,,,,,,,,,,,,,,,,,,,,,,,,,,,,
,,,,,6a180b5ab5a5e1be04527fd3,2026-05-28_10h32.02.180,WP1_3,2025.2.3,Win32,59.17159763,69f205e81325e0942cd07d79,6a030b8ba3607712b5d4bf26,,,,,,,,,,,,,,,,,,,,,,,,,,,,,,,,,,,,,,,,,532.9523,534.818,,,,0,534.8188,535.435,,,"[""space""]",[0.5161000000238118],[null],5,535.4379,538.3677,space,2.8299,,55,Celebrities_Faces/055_rating.jpg,Charlize Theron,2,Angelina Jolie,3,FALSE,FALSE,9,0,54,54,54,1,55,Celebrities_Faces/055_rating.jpg,Natalie Portman,Margot Robbie,Angelina Jolie,Charlize Theron,Charlize Theron,,,,,,,,,,,,,,,,,,,,,,,,,,,,,,,,,,,,,,,,,,,,,,,,,,,,,,,,,,,,,,,,,,,
,,,,,6a180b5ab5a5e1be04527fd3,2026-05-28_10h32.02.180,WP1_3,2025.2.3,Win32,59.17159763,69f205e81325e0942cd07d79,6a030b8ba3607712b5d4bf26,,,,,,,,,,,,,,,,,,,,,,,,,,,,,,,,,,,,,,,,,538.3689,540.5349,,,,10,540.5355,542.2846,,,"[""right"",""right"",""right"",""right"",""right"",""space""]","[0.18570000004763187,0.4906000000238464,0.9041000000238455,1.089100000023791,1.2692999999522954,1.51039999997613]","[null,null,null,null,null,null]",10,542.2872,543.3512,space,0.8125,,33,Celebrities_Faces/033_rating.jpg,Simone Biles,1,Simone Biles,1,TRUE,TRUE,10,0,55,55,32,1,33,Celebrities_Faces/033_rating.jpg,Greta Thunberg,Simone Biles,Lindsay Lohan,Anya Taylor-Joy,Simone Biles,,,,,,,,,,,,,,,,,,,,,,,,,,,,,,,,,,,,,,,,,,,,,,,,,,,,,,,,,,,,,,,,,,,
,,,,,6a180b5ab5a5e1be04527fd3,2026-05-28_10h32.02.180,WP1_3,2025.2.3,Win32,59.17159763,69f205e81325e0942cd07d79,6a030b8ba3607712b5d4bf26,,,,,,,,,,,,,,,,,,,,,,,,,,,,,,,,,,,,,,,,,543.3523,545.542,,,,0,545.5432,546.3513,,,"[""space""]",[0.525900000095362],[null],5,546.3541,548.8345,space,2.1382,,37,Celebrities_Faces/037_rating.jpg,Natalie Portman,1,Natalie Portman,1,TRUE,FALSE,10,0,56,56,36,1,37,Celebrities_Faces/037_rating.jpg,Lady Gaga,Natalie Portman,Hillary Clinton,Michelle Obama,Natalie Portman,,,,,,,,,,,,,,,,,,,,,,,,,,,,,,,,,,,,,,,,,,,,,,,,,,,,,,,,,,,,,,,,,,,
,,,,,6a180b5ab5a5e1be04527fd3,2026-05-28_10h32.02.180,WP1_3,2025.2.3,Win32,59.17159763,69f205e81325e0942cd07d79,6a030b8ba3607712b5d4bf26,,,,,,,,,,,,,,,,,,,,,,,,,,,,,,,,,,,,,,,,,548.8356,551.5348,,,,1,551.5355,552.5182,,,"[""space""]",[0.8669999999999618],[null],5,552.5213,555.1424,space,2.5125,,54,Celebrities_Faces/054_rating.jpg,Julia Roberts,1,Anne Hathaway,0,FALSE,FALSE,10,0,57,57,53,1,54,Celebrities_Faces/054_rating.jpg,Julia Roberts,Anne Hathaway,Olivia Rodrigo,Simone Biles,Julia Roberts,,,,,,,,,,,,,,,,,,,,,,,,,,,,,,,,,,,,,,,,,,,,,,,,,,,,,,,,,,,,,,,,,,,
,,,,,6a180b5ab5a5e1be04527fd3,2026-05-28_10h32.02.180,WP1_3,2025.2.3,Win32,59.17159763,69f205e81325e0942cd07d79,6a030b8ba3607712b5d4bf26,,,,,,,,,,,,,,,,,,,,,,,,,,,,,,,,,,,,,,,,,555.1436,557.218,,,,0,557.2191,558.0679,,,"[""space""]",[0.5853999999761754],[null],5,558.0706,560.3514,space,2.0425,,44,Celebrities_Faces/044_rating.jpg,Cate Blanchett,1,Cate Blanchett,1,TRUE,FALSE,10,0,58,58,43,1,44,Celebrities_Faces/044_rating.jpg,Angelina Jolie,Cate Blanchett,Natalie Portman,Taylor Swift,Cate Blanchett,,,,,,,,,,,,,,,,,,,,,,,,,,,,,,,,,,,,,,,,,,,,,,,,,,,,,,,,,,,,,,,,,,,
,,,,,6a180b5ab5a5e1be04527fd3,2026-05-28_10h32.02.180,WP1_3,2025.2.3,Win32,59.17159763,69f205e81325e0942cd07d79,6a030b8ba3607712b5d4bf26,,,,,,,,,,,,,,,,,,,,,,,,,,,,,,,,,,,,,,,,,560.3525,562.7679,,,,0,562.7687,563.4014,,,"[""space""]",[0.46189999997613995],[null],5,563.4036,565.5517,space,1.9435,,30,Celebrities_Faces/030_rating.jpg,Tom Cruise,2,Chris Evans,0,FALSE,FALSE,10,0,59,59,29,1,30,Celebrities_Faces/030_rating.jpg,Tom Cruise,Lionel Messi,Chris Evans,Bruce Willis,Tom Cruise,,,,,,,,,,,,,,,,,,,,,,,,,,,,,,,,,,,,,,,,,,,,,,,,,,,,,,,,,,,,,,,,,,,
,,,,,6a180b5ab5a5e1be04527fd3,2026-05-28_10h32.02.180,WP1_3,2025.2.3,Win32,59.17159763,69f205e81325e0942cd07d79,6a030b8ba3607712b5d4bf26,,,,,,,,,,,,,,,,,,,,,,,,,,,,,,,,,,,,,,,,,,,,,,,,,,,,,,,,,,,,,,,,,,,,,,,,,,,,,,,,,all_10_qualified_plus_20_best_remaining,30,"28,50,52,42,4,29,38,5,1,33,45,53,8,20,31,18,49,40,7,12,47,35,48,16,32,14,57,17,34,41",565.5543,585.5521,,,,,,,,,,,,,,,,,,,,,,,,,,,,,,,,,,,,,,,,,,,,,,,,,,,,,,,,,,,,,,
,,,,,6a180b5ab5a5e1be04527fd3,2026-05-28_10h32.02.180,WP1_3,2025.2.3,Win32,59.17159763,69f205e81325e0942cd07d79,6a030b8ba3607712b5d4bf26,,,,,,,,,,,,,,,,,,,,,,,,,,,,,,,,,,,,,,,,,,,,,,,,,,,,,,,,,,,,,,,,,,,,,,,,,,,,,,,,,,,,,,585.5546,585.5549,,,,,,,,,,,,,,,,,,,,,,,,,,,,,,,,,,,,,,,,,,,,,,,,,,,,,,,,,,,,
,,,,,6a180b5ab5a5e1be04527fd3,2026-05-28_10h32.02.180,WP1_3,2025.2.3,Win32,59.17159763,69f205e81325e0942cd07d79,6a030b8ba3607712b5d4bf26,,,,,,,,,,,,,,,,,,,,,,,,,,,,,,,,,,,,,,,,,,,,,,,,,,,,,,,,,,,,,,,,,,,,,,,,,,,,,,,,,,,,,,,,585.5551,600.8097,space,15.2323,,,,,,,,,,,,,,,,,,,,,,,,,,,,,,,,,,,,,,,,,,,,,,,,,,,,,,,,
,,,,,6a180b5ab5a5e1be04527fd3,2026-05-28_10h32.02.180,WP1_3,2025.2.3,Win32,59.17159763,69f205e81325e0942cd07d79,6a030b8ba3607712b5d4bf26,,,,,,,,,,,,,,,,,,,,,,,,,,,,,,,,,,,,,,,,,,,,,,,,,,,,,,,,,,,,,,,,,,,,,,,,,,,,,,,,,,,,,,,,,,,,,600.81,606.676,space,5.8485,,,,,,,,,,,,,,,,,,,,,,,,,,,,,,,,,,,,,,,,,,,,,,,,,,,
,,,,,6a180b5ab5a5e1be04527fd3,2026-05-28_10h32.02.180,WP1_3,2025.2.3,Win32,59.17159763,69f205e81325e0942cd07d79,6a030b8ba3607712b5d4bf26,,,,,,,,,,,,,,,,,,,,,,,,,,,,,,,,,,,,,,,,,,,,,,,,,,,,,,,,,,,,44,,,,,,,,,,,,,,,,,,,,,,,,,,,,,,,,,,,,,,1.757406739,606.6791,608.4425,608.4444,609.5029,p,0.9378,,TRUE,1,FALSE,,FALSE,,0,0,0,0,1,,,,,,,,,,,,,,,,,,,,,,,,,,,,,,,
,,,,,6a180b5ab5a5e1be04527fd3,2026-05-28_10h32.02.180,WP1_3,2025.2.3,Win32,59.17159763,69f205e81325e0942cd07d79,6a030b8ba3607712b5d4bf26,,,,,,,,,,,,,,,,,,,,,,,,,,,,,,,,,,,,,,,,,,,,,,,,,,,,,,,,,,,,28,,,,,,,,,,,,,,,,,,,,,,,,,,,,,,,,,,,,,,1.643022557,609.5037,611.1361,611.1372,612.0288,p,0.7946,,TRUE,2,FALSE,,FALSE,,1,0,1,0,1,,,,,,,,,,,,,,,,,,,,,,,,,,,,,,,
,,,,,6a180b5ab5a5e1be04527fd3,2026-05-28_10h32.02.180,WP1_3,2025.2.3,Win32,59.17159763,69f205e81325e0942cd07d79,6a030b8ba3607712b5d4bf26,,,,,,,,,,,,,,,,,,,,,,,,,,,,,,,,,,,,,,,,,,,,,,,,,,,,,,,,,,,,89,,,,,,,,,,,,,,,,,,,,,,,,,,,,,,,,,,,,,,1.897855693,612.0294,613.9193,613.9204,614.8022,p,0.7828,,TRUE,3,FALSE,,FALSE,,2,0,2,0,1,,,,,,,,,,,,,,,,,,,,,,,,,,,,,,,
,,,,,6a180b5ab5a5e1be04527fd3,2026-05-28_10h32.02.180,WP1_3,2025.2.3,Win32,59.17159763,69f205e81325e0942cd07d79,6a030b8ba3607712b5d4bf26,,,,,,,,,,,,,,,,,,,,,,,,,,,,,,,,,,,,,,,,,,,,,,,,,,,,,,,,,,,,43,,,,,,,,,,,,,,,,,,,,,,,,,,,,,,,,,,,,,,1.608055097,614.8028,616.4022,616.4031,617.4856,p,0.9595,,TRUE,4,TRUE,,FALSE,,3,0,3,0,1,,,,,,,,,,,,,,,,,,,,,,,,,,,,,,,
,,,,,6a180b5ab5a5e1be04527fd3,2026-05-28_10h32.02.180,WP1_3,2025.2.3,Win32,59.17159763,69f205e81325e0942cd07d79,6a030b8ba3607712b5d4bf26,,,,,,,,,,,,,,,,,,,,,,,,,,,,,,,,,,,,,,,,,,,,,,,,,,,,,,,,,,,,33,,,,,,,,,,,,,,,,,,,,,,,,,,,,,,,,,,,,,,1.788174921,617.4861,619.2691,619.2704,620.1194,p,0.7521,,TRUE,5,FALSE,,FALSE,,4,0,4,0,1,,,,,,,,,,,,,,,,,,,,,,,,,,,,,,,
,,,,,6a180b5ab5a5e1be04527fd3,2026-05-28_10h32.02.180,WP1_3,2025.2.3,Win32,59.17159763,69f205e81325e0942cd07d79,6a030b8ba3607712b5d4bf26,,,,,,,,,,,,,,,,,,,,,,,,,,,,,,,,,,,,,,,,,,,,,,,,,,,,,,,,,,,,,,,,,,,,,,,,,,,,,,,,,,,,,,,,,,,,,,,,,,,,,,,,,,,,,,,,,,,,,620.1197,625.7192,space,5.5749,,,,,,,,,,,,,,,,,,,,,,,,,,,
,,,,,6a180b5ab5a5e1be04527fd3,2026-05-28_10h32.02.180,WP1_3,2025.2.3,Win32,59.17159763,69f205e81325e0942cd07d79,6a030b8ba3607712b5d4bf26,,,,,,,,,,,,,,,,,,,,,,,,,,,,,,,,,,,,,,,,,,,,,,,,,,,,,,,,,,,,38,stim_fam/038_rgray_250.png,,,,,,,,,,,,,,,,,,,,,,,,,,,,,,,,,,,,,2.481599889,625.7217,628.2022,,,,,,,,FALSE,,FALSE,,,,,,,,,,,,628.204,629.02,p,0.6916,,1,47,1,1,250,novel,,,FALSE,629.0207,629.0221,629.0222,629.0241,,0,0,0,0,1,,
,,,,,6a180b5ab5a5e1be04527fd3,2026-05-28_10h32.02.180,WP1_3,2025.2.3,Win32,59.17159763,69f205e81325e0942cd07d79,6a030b8ba3607712b5d4bf26,,,,,,,,,,,,,,,,,,,,,,,,,,,,,,,,,,,,,,,,,,,,,,,,,,,,,,,,,,,,33,Celebrities_Faces/033_02_greyscale_250.png,,,,,,,,,,,,,,,,,,,,,,,,,,,,,,,,,,,,,2.442822009,629.0246,631.4688,,,,,,,,TRUE,,FALSE,,,,,,,,,,,,631.4696,632.3025,q,0.7114,,2,10,1,1,2,familiar,,,FALSE,632.3027,632.3028,632.3029,632.303,,1,0,1,0,1,,
,,,,,6a180b5ab5a5e1be04527fd3,2026-05-28_10h32.02.180,WP1_3,2025.2.3,Win32,59.17159763,69f205e81325e0942cd07d79,6a030b8ba3607712b5d4bf26,,,,,,,,,,,,,,,,,,,,,,,,,,,,,,,,,,,,,,,,,,,,,,,,,,,,,,,,,,,,14,Celebrities_Faces/014_01_greyscale_250.png,,,,,,,,,,,,,,,,,,,,,,,,,,,,,,,,,,,,,2.460887432,632.3035,634.7525,,,,,,,,TRUE,,FALSE,,,,,,,,,,,,634.7535,635.8192,q,0.9018,,3,26,1,1,1,familiar,,,FALSE,635.8195,635.8195,635.8196,635.8196,,2,0,2,0,1,,
,,,,,6a180b5ab5a5e1be04527fd3,2026-05-28_10h32.02.180,WP1_3,2025.2.3,Win32,59.17159763,69f205e81325e0942cd07d79,6a030b8ba3607712b5d4bf26,,,,,,,,,,,,,,,,,,,,,,,,,,,,,,,,,,,,,,,,,,,,,,,,,,,,,,,,,,,,48,stim_fam/048_rgray_250.png,,,,,,,,,,,,,,,,,,,,,,,,,,,,,,,,,,,,,2.438899415,635.82,638.2527,,,,,,,,FALSE,,FALSE,,,,,,,,,,,,638.2539,639.1196,p,0.7242,,4,51,1,1,250,novel,,,FALSE,639.1199,639.12,639.1201,639.1202,,3,0,3,0,1,,
,,,,,6a180b5ab5a5e1be04527fd3,2026-05-28_10h32.02.180,WP1_3,2025.2.3,Win32,59.17159763,69f205e81325e0942cd07d79,6a030b8ba3607712b5d4bf26,,,,,,,,,,,,,,,,,,,,,,,,,,,,,,,,,,,,,,,,,,,,,,,,,,,,,,,,,,,,1,Celebrities_Faces/001_03_greyscale_250.png,,,,,,,,,,,,,,,,,,,,,,,,,,,,,,,,,,,,,1.738020031,639.1208,640.8527,,,,,,,,TRUE,,FALSE,,,,,,,,,,,,640.8546,641.7275,q,0.7317,,5,9,1,1,3,familiar,,,FALSE,641.7277,641.7278,641.7278,641.7279,,4,0,4,0,1,,
,,,,,6a180b5ab5a5e1be04527fd3,2026-05-28_10h32.02.180,WP1_3,2025.2.3,Win32,59.17159763,69f205e81325e0942cd07d79,6a030b8ba3607712b5d4bf26,,,,,,,,,,,,,,,,,,,,,,,,,,,,,,,,,,,,,,,,,,,,,,,,,,,,,,,,,,,,78,stim_fam/078_rgray_250.png,,,,,,,,,,,,,,,,,,,,,,,,,,,,,,,,,,,,,1.517084327,641.7282,643.2359,,,,,,,,FALSE,,FALSE,,,,,,,,,,,,643.2368,644.0864,p,0.7117,,6,34,1,1,250,novel,,,FALSE,644.0867,644.0868,644.0868,644.0869,,5,0,5,0,1,,
,,,,,6a180b5ab5a5e1be04527fd3,2026-05-28_10h32.02.180,WP1_3,2025.2.3,Win32,59.17159763,69f205e81325e0942cd07d79,6a030b8ba3607712b5d4bf26,,,,,,,,,,,,,,,,,,,,,,,,,,,,,,,,,,,,,,,,,,,,,,,,,,,,,,,,,,,,18,Celebrities_Faces/018_03_greyscale_250.png,,,,,,,,,,,,,,,,,,,,,,,,,,,,,,,,,,,,,2.083973556,644.0873,646.1689,,,,,,,,TRUE,,FALSE,,,,,,,,,,,,646.1696,647.1861,q,0.9114,,7,16,1,1,3,familiar,,,FALSE,647.1864,647.1865,647.1865,647.1867,,6,0,6,0,1,,
,,,,,6a180b5ab5a5e1be04527fd3,2026-05-28_10h32.02.180,WP1_3,2025.2.3,Win32,59.17159763,69f205e81325e0942cd07d79,6a030b8ba3607712b5d4bf26,,,,,,,,,,,,,,,,,,,,,,,,,,,,,,,,,,,,,,,,,,,,,,,,,,,,,,,,,,,,65,stim_fam/065_rgray_250.png,,,,,,,,,,,,,,,,,,,,,,,,,,,,,,,,,,,,,2.0307871,647.1871,649.208,,,,,,,,FALSE,,FALSE,,,,,,,,,,,,649.2094,650.1195,p,0.7893,,8,42,1,1,250,novel,,,FALSE,650.1198,650.1201,650.1202,650.1204,,7,0,7,0,1,,
,,,,,6a180b5ab5a5e1be04527fd3,2026-05-28_10h32.02.180,WP1_3,2025.2.3,Win32,59.17159763,69f205e81325e0942cd07d79,6a030b8ba3607712b5d4bf26,,,,,,,,,,,,,,,,,,,,,,,,,,,,,,,,,,,,,,,,,,,,,,,,,,,,,,,,,,,,7,Celebrities_Faces/007_02_greyscale_250.png,,,,,,,,,,,,,,,,,,,,,,,,,,,,,,,,,,,,,1.549761633,650.1208,651.6695,,,,,,,,TRUE,,FALSE,,,,,,,,,,,,651.6703,652.6529,p,0.8449,,9,19,1,1,2,familiar,,,FALSE,652.6531,652.6533,652.6534,652.6534,,8,0,8,0,1,,
,,,,,6a180b5ab5a5e1be04527fd3,2026-05-28_10h32.02.180,WP1_3,2025.2.3,Win32,59.17159763,69f205e81325e0942cd07d79,6a030b8ba3607712b5d4bf26,,,,,,,,,,,,,,,,,,,,,,,,,,,,,,,,,,,,,,,,,,,,,,,,,,,,,,,,,,,,8,Celebrities_Faces/008_03_greyscale_250.png,,,,,,,,,,,,,,,,,,,,,,,,,,,,,,,,,,,,,2.4806258,652.6538,655.1362,,,,,,,,TRUE,,FALSE,,,,,,,,,,,,655.1372,656.0362,q,0.7625,,10,13,1,1,3,familiar,,,FALSE,656.0363,656.0364,656.0364,656.0365,,9,0,9,0,1,,
,,,,,6a180b5ab5a5e1be04527fd3,2026-05-28_10h32.02.180,WP1_3,2025.2.3,Win32,59.17159763,69f205e81325e0942cd07d79,6a030b8ba3607712b5d4bf26,,,,,,,,,,,,,,,,,,,,,,,,,,,,,,,,,,,,,,,,,,,,,,,,,,,,,,,,,,,,42,Celebrities_Faces/042_03_greyscale_250.png,,,,,,,,,,,,,,,,,,,,,,,,,,,,,,,,,,,,,1.727344831,656.0368,657.753,,,,,,,,TRUE,,FALSE,,,,,,,,,,,,657.7539,658.6195,q,0.7428,,11,4,1,1,3,familiar,,,FALSE,658.6197,658.6198,658.6199,658.6199,,10,0,10,0,1,,
,,,,,6a180b5ab5a5e1be04527fd3,2026-05-28_10h32.02.180,WP1_3,2025.2.3,Win32,59.17159763,69f205e81325e0942cd07d79,6a030b8ba3607712b5d4bf26,,,,,,,,,,,,,,,,,,,,,,,,,,,,,,,,,,,,,,,,,,,,,,,,,,,,,,,,,,,,28,Celebrities_Faces/028_01_greyscale_250.png,,,,,,,,,,,,,,,,,,,,,,,,,,,,,,,,,,,,,1.827893119,658.6204,660.4362,,,,,,,,TRUE,,FALSE,,,,,,,,,,,,660.4374,661.3699,q,0.7613,,12,1,1,1,1,familiar,,,FALSE,661.37,661.3702,661.3702,661.3706,,11,0,11,0,1,,
,,,,,6a180b5ab5a5e1be04527fd3,2026-05-28_10h32.02.180,WP1_3,2025.2.3,Win32,59.17159763,69f205e81325e0942cd07d79,6a030b8ba3607712b5d4bf26,,,,,,,,,,,,,,,,,,,,,,,,,,,,,,,,,,,,,,,,,,,,,,,,,,,,,,,,,,,,5,Celebrities_Faces/005_02_greyscale_250.png,,,,,,,,,,,,,,,,,,,,,,,,,,,,,,,,,,,,,1.665298454,661.371,663.0361,,,,,,,,TRUE,,FALSE,,,,,,,,,,,,663.0373,663.9529,q,0.7923,,13,8,1,1,2,familiar,,,FALSE,663.9531,663.9532,663.9533,663.9535,,12,0,12,0,1,,
,,,,,6a180b5ab5a5e1be04527fd3,2026-05-28_10h32.02.180,WP1_3,2025.2.3,Win32,59.17159763,69f205e81325e0942cd07d79,6a030b8ba3607712b5d4bf26,,,,,,,,,,,,,,,,,,,,,,,,,,,,,,,,,,,,,,,,,,,,,,,,,,,,,,,,,,,,61,stim_fam/061_rgray_250.png,,,,,,,,,,,,,,,,,,,,,,,,,,,,,,,,,,,,,1.544272037,663.9538,665.4865,,,,,,,,FALSE,,FALSE,,,,,,,,,,,,665.4874,666.4034,p,0.8055,,14,58,1,1,250,novel,,,FALSE,666.4037,666.404,666.4041,666.4042,,13,0,13,0,1,,
,,,,,6a180b5ab5a5e1be04527fd3,2026-05-28_10h32.02.180,WP1_3,2025.2.3,Win32,59.17159763,69f205e81325e0942cd07d79,6a030b8ba3607712b5d4bf26,,,,,,,,,,,,,,,,,,,,,,,,,,,,,,,,,,,,,,,,,,,,,,,,,,,,,,,,,,,,52,Celebrities_Faces/052_03_greyscale_250.png,,,,,,,,,,,,,,,,,,,,,,,,,,,,,,,,,,,,,1.757379972,666.4047,668.1528,,,,,,,,TRUE,,TRUE,,,,,,,,,,,,668.154,669.2698,,,,15,3,1,1,3,familiar,,,FALSE,669.2703,670.2697,670.2697,670.2698,,14,0,14,0,1,,
,,,,,6a180b5ab5a5e1be04527fd3,2026-05-28_10h32.02.180,WP1_3,2025.2.3,Win32,59.17159763,69f205e81325e0942cd07d79,6a030b8ba3607712b5d4bf26,,,,,,,,,,,,,,,,,,,,,,,,,,,,,,,,,,,,,,,,,,,,,,,,,,,,,,,,,,,,31,stim_fam/031_rgray_250.png,,,,,,,,,,,,,,,,,,,,,,,,,,,,,,,,,,,,,2.109403149,670.2703,672.3696,,,,,,,,FALSE,,FALSE,,,,,,,,,,,,672.3707,673.1235,p,0.6097,,16,50,1,1,250,novel,,,FALSE,673.1236,673.1238,673.1238,673.1238,,15,0,15,0,1,,
,,,,,6a180b5ab5a5e1be04527fd3,2026-05-28_10h32.02.180,WP1_3,2025.2.3,Win32,59.17159763,69f205e81325e0942cd07d79,6a030b8ba3607712b5d4bf26,,,,,,,,,,,,,,,,,,,,,,,,,,,,,,,,,,,,,,,,,,,,,,,,,,,,,,,,,,,,60,stim_fam/060_rgray_250.png,,,,,,,,,,,,,,,,,,,,,,,,,,,,,,,,,,,,,1.604290992,673.1241,674.7199,,,,,,,,FALSE,,FALSE,,,,,,,,,,,,674.7211,675.6711,p,0.79,,17,48,1,1,250,novel,,,FALSE,675.6714,675.6714,675.6715,675.6716,,16,0,16,0,1,,
,,,,,6a180b5ab5a5e1be04527fd3,2026-05-28_10h32.02.180,WP1_3,2025.2.3,Win32,59.17159763,69f205e81325e0942cd07d79,6a030b8ba3607712b5d4bf26,,,,,,,,,,,,,,,,,,,,,,,,,,,,,,,,,,,,,,,,,,,,,,,,,,,,,,,,,,,,47,Celebrities_Faces/047_03_greyscale_250.png,,,,,,,,,,,,,,,,,,,,,,,,,,,,,,,,,,,,,2.312411886,675.6722,677.9866,,,,,,,,TRUE,,FALSE,,,,,,,,,,,,677.9876,678.9031,p,0.7766,,18,21,1,1,3,familiar,,,FALSE,678.9032,678.9033,678.9035,678.9036,,17,0,17,0,1,,
,,,,,6a180b5ab5a5e1be04527fd3,2026-05-28_10h32.02.180,WP1_3,2025.2.3,Win32,59.17159763,69f205e81325e0942cd07d79,6a030b8ba3607712b5d4bf26,,,,,,,,,,,,,,,,,,,,,,,,,,,,,,,,,,,,,,,,,,,,,,,,,,,,,,,,,,,,35,Celebrities_Faces/035_03_greyscale_250.png,,,,,,,,,,,,,,,,,,,,,,,,,,,,,,,,,,,,,1.889262401,678.904,680.7864,,,,,,,,TRUE,,FALSE,,,,,,,,,,,,680.7872,681.6865,p,0.7834,,19,22,1,1,3,familiar,,,FALSE,681.6867,681.6867,681.6867,681.6868,,18,0,18,0,1,,
,,,,,6a180b5ab5a5e1be04527fd3,2026-05-28_10h32.02.180,WP1_3,2025.2.3,Win32,59.17159763,69f205e81325e0942cd07d79,6a030b8ba3607712b5d4bf26,,,,,,,,,,,,,,,,,,,,,,,,,,,,,,,,,,,,,,,,,,,,,,,,,,,,,,,,,,,,50,Celebrities_Faces/050_02_greyscale_250.png,,,,,,,,,,,,,,,,,,,,,,,,,,,,,,,,,,,,,1.699609205,681.6872,683.3863,,,,,,,,TRUE,,FALSE,,,,,,,,,,,,683.3868,684.27,q,0.7544,,20,2,1,1,2,familiar,,,FALSE,684.2702,684.2704,684.2704,684.2705,,19,0,19,0,1,,
,,,,,6a180b5ab5a5e1be04527fd3,2026-05-28_10h32.02.180,WP1_3,2025.2.3,Win32,59.17159763,69f205e81325e0942cd07d79,6a030b8ba3607712b5d4bf26,,,,,,,,,,,,,,,,,,,,,,,,,,,,,,,,,,,,,,,,,,,,,,,,,,,,,,,,,,,,101,stim_fam/101_rgray_250.png,,,,,,,,,,,,,,,,,,,,,,,,,,,,,,,,,,,,,1.973956442,684.2709,686.2366,,,,,,,,FALSE,,FALSE,,,,,,,,,,,,686.2374,687.0866,p,0.7278,,21,36,1,1,250,novel,,,FALSE,687.0869,687.0869,687.0869,687.0871,,20,0,20,0,1,,
,,,,,6a180b5ab5a5e1be04527fd3,2026-05-28_10h32.02.180,WP1_3,2025.2.3,Win32,59.17159763,69f205e81325e0942cd07d79,6a030b8ba3607712b5d4bf26,,,,,,,,,,,,,,,,,,,,,,,,,,,,,,,,,,,,,,,,,,,,,,,,,,,,,,,,,,,,67,stim_fam/067_rgray_250.png,,,,,,,,,,,,,,,,,,,,,,,,,,,,,,,,,,,,,2.288886124,687.0874,689.3697,,,,,,,,FALSE,,FALSE,,,,,,,,,,,,689.3707,690.1698,p,0.6738,,22,59,1,1,250,novel,,,FALSE,690.17,690.1701,690.1701,690.1702,,21,0,21,0,1,,
,,,,,6a180b5ab5a5e1be04527fd3,2026-05-28_10h32.02.180,WP1_3,2025.2.3,Win32,59.17159763,69f205e81325e0942cd07d79,6a030b8ba3607712b5d4bf26,,,,,,,,,,,,,,,,,,,,,,,,,,,,,,,,,,,,,,,,,,,,,,,,,,,,,,,,,,,,38,Celebrities_Faces/038_02_greyscale_250.png,,,,,,,,,,,,,,,,,,,,,,,,,,,,,,,,,,,,,2.465038863,690.1707,692.6367,,,,,,,,TRUE,,FALSE,,,,,,,,,,,,692.6374,693.3537,q,0.5884,,23,7,1,1,2,familiar,,,FALSE,693.3541,693.3541,693.3541,693.3542,,22,0,22,0,1,,
,,,,,6a180b5ab5a5e1be04527fd3,2026-05-28_10h32.02.180,WP1_3,2025.2.3,Win32,59.17159763,69f205e81325e0942cd07d79,6a030b8ba3607712b5d4bf26,,,,,,,,,,,,,,,,,,,,,,,,,,,,,,,,,,,,,,,,,,,,,,,,,,,,,,,,,,,,57,stim_fam/057_rgray_250.png,,,,,,,,,,,,,,,,,,,,,,,,,,,,,,,,,,,,,2.086593698,693.3547,695.4368,,,,,,,,FALSE,,FALSE,,,,,,,,,,,,695.4377,696.2536,p,0.6937,,24,60,1,1,250,novel,,,FALSE,696.2538,696.2539,696.2539,696.254,,23,0,23,0,1,,
,,,,,6a180b5ab5a5e1be04527fd3,2026-05-28_10h32.02.180,WP1_3,2025.2.3,Win32,59.17159763,69f205e81325e0942cd07d79,6a030b8ba3607712b5d4bf26,,,,,,,,,,,,,,,,,,,,,,,,,,,,,,,,,,,,,,,,,,,,,,,,,,,,,,,,,,,,40,Celebrities_Faces/040_01_greyscale_250.png,,,,,,,,,,,,,,,,,,,,,,,,,,,,,,,,,,,,,1.875347287,696.2544,698.1201,,,,,,,,TRUE,,FALSE,,,,,,,,,,,,698.1212,698.9869,p,0.7277,,25,18,1,1,1,familiar,,,FALSE,698.9871,698.9871,698.9871,698.9872,,24,0,24,0,1,,
,,,,,6a180b5ab5a5e1be04527fd3,2026-05-28_10h32.02.180,WP1_3,2025.2.3,Win32,59.17159763,69f205e81325e0942cd07d79,6a030b8ba3607712b5d4bf26,,,,,,,,,,,,,,,,,,,,,,,,,,,,,,,,,,,,,,,,,,,,,,,,,,,,,,,,,,,,8,stim_fam/008_rgray_250.png,,,,,,,,,,,,,,,,,,,,,,,,,,,,,,,,,,,,,1.787755787,698.9876,700.77,,,,,,,,FALSE,,FALSE,,,,,,,,,,,,700.7711,701.5207,p,0.6164,,26,53,1,1,250,novel,,,FALSE,701.5209,701.5212,701.5213,701.5213,,25,0,25,0,1,,
,,,,,6a180b5ab5a5e1be04527fd3,2026-05-28_10h32.02.180,WP1_3,2025.2.3,Win32,59.17159763,69f205e81325e0942cd07d79,6a030b8ba3607712b5d4bf26,,,,,,,,,,,,,,,,,,,,,,,,,,,,,,,,,,,,,,,,,,,,,,,,,,,,,,,,,,,,6,stim_fam/006_rgray_250.png,,,,,,,,,,,,,,,,,,,,,,,,,,,,,,,,,,,,,2.108741251,701.5221,703.6207,,,,,,,,FALSE,,FALSE,,,,,,,,,,,,703.6218,704.4125,p,0.6944,,27,54,1,1,250,novel,,,FALSE,704.4131,704.4133,704.4133,704.4134,,26,0,26,0,1,,
,,,,,6a180b5ab5a5e1be04527fd3,2026-05-28_10h32.02.180,WP1_3,2025.2.3,Win32,59.17159763,69f205e81325e0942cd07d79,6a030b8ba3607712b5d4bf26,,,,,,,,,,,,,,,,,,,,,,,,,,,,,,,,,,,,,,,,,,,,,,,,,,,,,,,,,,,,83,stim_fam/083_rgray_250.png,,,,,,,,,,,,,,,,,,,,,,,,,,,,,,,,,,,,,2.393869689,704.4139,706.8034,,,,,,,,FALSE,,FALSE,,,,,,,,,,,,706.8042,707.8034,p,0.9032,,28,40,1,1,250,novel,,,FALSE,707.8038,707.8039,707.804,707.8041,,27,0,27,0,1,,
,,,,,6a180b5ab5a5e1be04527fd3,2026-05-28_10h32.02.180,WP1_3,2025.2.3,Win32,59.17159763,69f205e81325e0942cd07d79,6a030b8ba3607712b5d4bf26,,,,,,,,,,,,,,,,,,,,,,,,,,,,,,,,,,,,,,,,,,,,,,,,,,,,,,,,,,,,32,Celebrities_Faces/032_01_greyscale_250.png,,,,,,,,,,,,,,,,,,,,,,,,,,,,,,,,,,,,,2.181318449,707.8045,709.9869,,,,,,,,TRUE,,FALSE,,,,,,,,,,,,709.9875,710.9036,p,0.8128,,29,25,1,1,1,familiar,,,FALSE,710.9038,710.9039,710.9039,710.9039,,28,0,28,0,1,,
,,,,,6a180b5ab5a5e1be04527fd3,2026-05-28_10h32.02.180,WP1_3,2025.2.3,Win32,59.17159763,69f205e81325e0942cd07d79,6a030b8ba3607712b5d4bf26,,,,,,,,,,,,,,,,,,,,,,,,,,,,,,,,,,,,,,,,,,,,,,,,,,,,,,,,,,,,34,Celebrities_Faces/034_03_greyscale_250.png,,,,,,,,,,,,,,,,,,,,,,,,,,,,,,,,,,,,,1.88206311,710.9042,712.787,,,,,,,,TRUE,,TRUE,,,,,,,,,,,,712.7876,713.8881,,,,30,29,1,1,3,familiar,,,FALSE,713.8887,714.8873,714.8874,714.8875,,29,0,29,0,1,,
,,,,,6a180b5ab5a5e1be04527fd3,2026-05-28_10h32.02.180,WP1_3,2025.2.3,Win32,59.17159763,69f205e81325e0942cd07d79,6a030b8ba3607712b5d4bf26,,,,,,,,,,,,,,,,,,,,,,,,,,,,,,,,,,,,,,,,,,,,,,,,,,,,,,,,,,,,20,Celebrities_Faces/020_03_greyscale_250.png,,,,,,,,,,,,,,,,,,,,,,,,,,,,,,,,,,,,,1.747678692,714.8881,716.6368,,,,,,,,TRUE,,TRUE,,,,,,,,,,,,716.6375,717.7378,,,,31,14,1,1,3,familiar,,,FALSE,717.7383,718.7374,718.7374,718.7375,,30,0,30,0,1,,
,,,,,6a180b5ab5a5e1be04527fd3,2026-05-28_10h32.02.180,WP1_3,2025.2.3,Win32,59.17159763,69f205e81325e0942cd07d79,6a030b8ba3607712b5d4bf26,,,,,,,,,,,,,,,,,,,,,,,,,,,,,,,,,,,,,,,,,,,,,,,,,,,,,,,,,,,,62,stim_fam/062_rgray_250.png,,,,,,,,,,,,,,,,,,,,,,,,,,,,,,,,,,,,,2.407418127,718.7381,721.1375,,,,,,,,FALSE,,FALSE,,,,,,,,,,,,721.1385,722.087,q,0.8421,,32,46,1,1,250,novel,,,FALSE,722.0872,722.0873,722.0873,722.0874,,31,0,31,0,1,,
,,,,,6a180b5ab5a5e1be04527fd3,2026-05-28_10h32.02.180,WP1_3,2025.2.3,Win32,59.17159763,69f205e81325e0942cd07d79,6a030b8ba3607712b5d4bf26,,,,,,,,,,,,,,,,,,,,,,,,,,,,,,,,,,,,,,,,,,,,,,,,,,,,,,,,,,,,12,Celebrities_Faces/012_03_greyscale_250.png,,,,,,,,,,,,,,,,,,,,,,,,,,,,,,,,,,,,,1.963171707,722.0879,724.0539,,,,,,,,TRUE,,TRUE,,,,,,,,,,,,724.0549,725.1704,,,,33,20,1,1,3,familiar,,,FALSE,725.1707,726.1779,726.1779,726.1781,,32,0,32,0,1,,
,,,,,6a180b5ab5a5e1be04527fd3,2026-05-28_10h32.02.180,WP1_3,2025.2.3,Win32,59.17159763,69f205e81325e0942cd07d79,6a030b8ba3607712b5d4bf26,,,,,,,,,,,,,,,,,,,,,,,,,,,,,,,,,,,,,,,,,,,,,,,,,,,,,,,,,,,,42,stim_fam/042_rgray_250.png,,,,,,,,,,,,,,,,,,,,,,,,,,,,,,,,,,,,,1.826842637,726.1789,728.004,,,,,,,,FALSE,,FALSE,,,,,,,,,,,,728.0049,728.6785,p,0.5627,,34,43,1,1,250,novel,,,FALSE,728.6788,728.6788,728.6789,728.6789,,33,0,33,0,1,,
,,,,,6a180b5ab5a5e1be04527fd3,2026-05-28_10h32.02.180,WP1_3,2025.2.3,Win32,59.17159763,69f205e81325e0942cd07d79,6a030b8ba3607712b5d4bf26,,,,,,,,,,,,,,,,,,,,,,,,,,,,,,,,,,,,,,,,,,,,,,,,,,,,,,,,,,,,4,Celebrities_Faces/004_01_greyscale_250.png,,,,,,,,,,,,,,,,,,,,,,,,,,,,,,,,,,,,,1.897918456,728.6792,730.5706,,,,,,,,TRUE,,TRUE,,,,,,,,,,,,730.5714,731.6876,,,,35,5,1,1,1,familiar,,,FALSE,731.6879,732.6874,732.6874,732.6876,,34,0,34,0,1,,
,,,,,6a180b5ab5a5e1be04527fd3,2026-05-28_10h32.02.180,WP1_3,2025.2.3,Win32,59.17159763,69f205e81325e0942cd07d79,6a030b8ba3607712b5d4bf26,,,,,,,,,,,,,,,,,,,,,,,,,,,,,,,,,,,,,,,,,,,,,,,,,,,,,,,,,,,,41,stim_fam/041_rgray_250.png,,,,,,,,,,,,,,,,,,,,,,,,,,,,,,,,,,,,,1.746165,732.688,734.4371,,,,,,,,FALSE,,FALSE,,,,,,,,,,,,734.438,735.121,p,0.5661,,36,33,1,1,250,novel,,,FALSE,735.1211,735.1214,735.1215,735.1216,,35,0,35,0,1,,
,,,,,6a180b5ab5a5e1be04527fd3,2026-05-28_10h32.02.180,WP1_3,2025.2.3,Win32,59.17159763,69f205e81325e0942cd07d79,6a030b8ba3607712b5d4bf26,,,,,,,,,,,,,,,,,,,,,,,,,,,,,,,,,,,,,,,,,,,,,,,,,,,,,,,,,,,,12,stim_fam/012_rgray_250.png,,,,,,,,,,,,,,,,,,,,,,,,,,,,,,,,,,,,,2.068072651,735.122,737.188,,,,,,,,FALSE,,FALSE,,,,,,,,,,,,737.1895,737.9375,p,0.6477,,37,38,1,1,250,novel,,,FALSE,737.9377,737.9378,737.9379,737.9379,,36,0,36,0,1,,
,,,,,6a180b5ab5a5e1be04527fd3,2026-05-28_10h32.02.180,WP1_3,2025.2.3,Win32,59.17159763,69f205e81325e0942cd07d79,6a030b8ba3607712b5d4bf26,,,,,,,,,,,,,,,,,,,,,,,,,,,,,,,,,,,,,,,,,,,,,,,,,,,,,,,,,,,,84,stim_fam/084_rgray_250.png,,,,,,,,,,,,,,,,,,,,,,,,,,,,,,,,,,,,,2.197416947,737.9383,740.1379,,,,,,,,FALSE,,FALSE,,,,,,,,,,,,740.1391,741.0292,p,0.7947,,38,39,1,1,250,novel,,,FALSE,741.0295,741.0297,741.0298,741.0299,,37,0,37,0,1,,
,,,,,6a180b5ab5a5e1be04527fd3,2026-05-28_10h32.02.180,WP1_3,2025.2.3,Win32,59.17159763,69f205e81325e0942cd07d79,6a030b8ba3607712b5d4bf26,,,,,,,,,,,,,,,,,,,,,,,,,,,,,,,,,,,,,,,,,,,,,,,,,,,,,,,,,,,,31,Celebrities_Faces/031_01_greyscale_250.png,,,,,,,,,,,,,,,,,,,,,,,,,,,,,,,,,,,,,1.564680927,741.0302,742.5872,,,,,,,,TRUE,,FALSE,,,,,,,,,,,,742.5882,743.4371,p,0.7512,,39,15,1,1,1,familiar,,,FALSE,743.4373,743.4373,743.4373,743.4375,,38,0,38,0,1,,
,,,,,6a180b5ab5a5e1be04527fd3,2026-05-28_10h32.02.180,WP1_3,2025.2.3,Win32,59.17159763,69f205e81325e0942cd07d79,6a030b8ba3607712b5d4bf26,,,,,,,,,,,,,,,,,,,,,,,,,,,,,,,,,,,,,,,,,,,,,,,,,,,,,,,,,,,,29,Celebrities_Faces/029_02_greyscale_250.png,,,,,,,,,,,,,,,,,,,,,,,,,,,,,,,,,,,,,1.602592202,743.4377,745.0375,,,,,,,,TRUE,,FALSE,,,,,,,,,,,,745.0381,746.1376,p,0.9944,,40,6,1,1,2,familiar,,,FALSE,746.1378,746.1381,746.1381,746.1381,,39,0,39,0,1,,
,,,,,6a180b5ab5a5e1be04527fd3,2026-05-28_10h32.02.180,WP1_3,2025.2.3,Win32,59.17159763,69f205e81325e0942cd07d79,6a030b8ba3607712b5d4bf26,,,,,,,,,,,,,,,,,,,,,,,,,,,,,,,,,,,,,,,,,,,,,,,,,,,,,,,,,,,,48,Celebrities_Faces/048_02_greyscale_250.png,,,,,,,,,,,,,,,,,,,,,,,,,,,,,,,,,,,,,1.771237293,746.1385,747.9041,,,,,,,,TRUE,,FALSE,,,,,,,,,,,,747.9051,748.8461,p,0.8448,,41,23,1,1,2,familiar,,,FALSE,748.8463,748.8464,748.8464,748.8465,,40,0,40,0,1,,
,,,,,6a180b5ab5a5e1be04527fd3,2026-05-28_10h32.02.180,WP1_3,2025.2.3,Win32,59.17159763,69f205e81325e0942cd07d79,6a030b8ba3607712b5d4bf26,,,,,,,,,,,,,,,,,,,,,,,,,,,,,,,,,,,,,,,,,,,,,,,,,,,,,,,,,,,,13,stim_fam/013_rgray_250.png,,,,,,,,,,,,,,,,,,,,,,,,,,,,,,,,,,,,,1.809097806,748.847,750.654,,,,,,,,FALSE,,FALSE,,,,,,,,,,,,750.655,751.721,p,0.9608,,42,35,1,1,250,novel,,,FALSE,751.7211,751.7212,751.7212,751.7212,,41,0,41,0,1,,
,,,,,6a180b5ab5a5e1be04527fd3,2026-05-28_10h32.02.180,WP1_3,2025.2.3,Win32,59.17159763,69f205e81325e0942cd07d79,6a030b8ba3607712b5d4bf26,,,,,,,,,,,,,,,,,,,,,,,,,,,,,,,,,,,,,,,,,,,,,,,,,,,,,,,,,,,,7,stim_fam/007_rgray_250.png,,,,,,,,,,,,,,,,,,,,,,,,,,,,,,,,,,,,,2.07810707,751.7215,753.7883,,,,,,,,FALSE,,FALSE,,,,,,,,,,,,753.7897,754.7214,p,0.8251,,43,56,1,1,250,novel,,,FALSE,754.7219,754.7221,754.7221,754.7221,,42,0,42,0,1,,
,,,,,6a180b5ab5a5e1be04527fd3,2026-05-28_10h32.02.180,WP1_3,2025.2.3,Win32,59.17159763,69f205e81325e0942cd07d79,6a030b8ba3607712b5d4bf26,,,,,,,,,,,,,,,,,,,,,,,,,,,,,,,,,,,,,,,,,,,,,,,,,,,,,,,,,,,,82,stim_fam/082_rgray_250.png,,,,,,,,,,,,,,,,,,,,,,,,,,,,,,,,,,,,,1.712538964,754.7226,756.4373,,,,,,,,FALSE,,FALSE,,,,,,,,,,,,756.4382,757.271,p,0.7187,,44,37,1,1,250,novel,,,FALSE,757.2711,757.2711,757.2711,757.2712,,43,0,43,0,1,,
,,,,,6a180b5ab5a5e1be04527fd3,2026-05-28_10h32.02.180,WP1_3,2025.2.3,Win32,59.17159763,69f205e81325e0942cd07d79,6a030b8ba3607712b5d4bf26,,,,,,,,,,,,,,,,,,,,,,,,,,,,,,,,,,,,,,,,,,,,,,,,,,,,,,,,,,,,18,stim_fam/018_rgray_250.png,,,,,,,,,,,,,,,,,,,,,,,,,,,,,,,,,,,,,2.401966827,757.2717,759.6708,,,,,,,,FALSE,,FALSE,,,,,,,,,,,,759.6722,760.4543,p,0.6831,,45,41,1,1,250,novel,,,FALSE,760.4545,760.4545,760.4547,760.4548,,44,0,44,0,1,,
,,,,,6a180b5ab5a5e1be04527fd3,2026-05-28_10h32.02.180,WP1_3,2025.2.3,Win32,59.17159763,69f205e81325e0942cd07d79,6a030b8ba3607712b5d4bf26,,,,,,,,,,,,,,,,,,,,,,,,,,,,,,,,,,,,,,,,,,,,,,,,,,,,,,,,,,,,77,stim_fam/077_rgray_250.png,,,,,,,,,,,,,,,,,,,,,,,,,,,,,,,,,,,,,2.10264041,760.4553,762.5614,,,,,,,,FALSE,,FALSE,,,,,,,,,,,,762.5628,763.5047,q,0.8399,,46,45,1,1,250,novel,,,FALSE,763.505,763.5052,763.5052,763.5053,,45,0,45,0,1,,
,,,,,6a180b5ab5a5e1be04527fd3,2026-05-28_10h32.02.180,WP1_3,2025.2.3,Win32,59.17159763,69f205e81325e0942cd07d79,6a030b8ba3607712b5d4bf26,,,,,,,,,,,,,,,,,,,,,,,,,,,,,,,,,,,,,,,,,,,,,,,,,,,,,,,,,,,,41,Celebrities_Faces/041_01_greyscale_250.png,,,,,,,,,,,,,,,,,,,,,,,,,,,,,,,,,,,,,1.608420196,763.5057,765.1043,,,,,,,,TRUE,,FALSE,,,,,,,,,,,,765.1053,765.8712,p,0.6494,,47,30,1,1,1,familiar,,,FALSE,765.8715,765.8715,765.8715,765.8718,,46,0,46,0,1,,
,,,,,6a180b5ab5a5e1be04527fd3,2026-05-28_10h32.02.180,WP1_3,2025.2.3,Win32,59.17159763,69f205e81325e0942cd07d79,6a030b8ba3607712b5d4bf26,,,,,,,,,,,,,,,,,,,,,,,,,,,,,,,,,,,,,,,,,,,,,,,,,,,,,,,,,,,,49,Celebrities_Faces/049_03_greyscale_250.png,,,,,,,,,,,,,,,,,,,,,,,,,,,,,,,,,,,,,2.079320452,765.8723,767.9547,,,,,,,,TRUE,,FALSE,,,,,,,,,,,,767.9557,768.6713,p,0.6107,,48,17,1,1,3,familiar,,,FALSE,768.6715,768.6715,768.6715,768.6716,,47,0,47,0,1,,
,,,,,6a180b5ab5a5e1be04527fd3,2026-05-28_10h32.02.180,WP1_3,2025.2.3,Win32,59.17159763,69f205e81325e0942cd07d79,6a030b8ba3607712b5d4bf26,,,,,,,,,,,,,,,,,,,,,,,,,,,,,,,,,,,,,,,,,,,,,,,,,,,,,,,,,,,,16,Celebrities_Faces/016_02_greyscale_250.png,,,,,,,,,,,,,,,,,,,,,,,,,,,,,,,,,,,,,1.890151558,768.6719,770.5545,,,,,,,,TRUE,,FALSE,,,,,,,,,,,,770.5555,771.3043,q,0.6462,,49,24,1,1,2,familiar,,,FALSE,771.3045,771.3046,771.3046,771.3048,,48,0,48,0,1,,
,,,,,6a180b5ab5a5e1be04527fd3,2026-05-28_10h32.02.180,WP1_3,2025.2.3,Win32,59.17159763,69f205e81325e0942cd07d79,6a030b8ba3607712b5d4bf26,,,,,,,,,,,,,,,,,,,,,,,,,,,,,,,,,,,,,,,,,,,,,,,,,,,,,,,,,,,,23,stim_fam/023_rgray_250.png,,,,,,,,,,,,,,,,,,,,,,,,,,,,,,,,,,,,,2.432225362,771.3053,773.7271,,,,,,,,FALSE,,FALSE,,,,,,,,,,,,773.7285,774.2881,p,0.4649,,50,32,1,1,250,novel,,,FALSE,774.2883,774.2885,774.2885,774.2885,,49,0,49,0,1,,
,,,,,6a180b5ab5a5e1be04527fd3,2026-05-28_10h32.02.180,WP1_3,2025.2.3,Win32,59.17159763,69f205e81325e0942cd07d79,6a030b8ba3607712b5d4bf26,,,,,,,,,,,,,,,,,,,,,,,,,,,,,,,,,,,,,,,,,,,,,,,,,,,,,,,,,,,,58,stim_fam/058_rgray_250.png,,,,,,,,,,,,,,,,,,,,,,,,,,,,,,,,,,,,,1.534024284,774.2888,775.8216,,,,,,,,FALSE,,FALSE,,,,,,,,,,,,775.823,776.6213,p,0.6797,,51,31,1,1,250,novel,,,FALSE,776.6216,776.6218,776.6219,776.6219,,50,0,50,0,1,,
,,,,,6a180b5ab5a5e1be04527fd3,2026-05-28_10h32.02.180,WP1_3,2025.2.3,Win32,59.17159763,69f205e81325e0942cd07d79,6a030b8ba3607712b5d4bf26,,,,,,,,,,,,,,,,,,,,,,,,,,,,,,,,,,,,,,,,,,,,,,,,,,,,,,,,,,,,17,Celebrities_Faces/017_03_greyscale_250.png,,,,,,,,,,,,,,,,,,,,,,,,,,,,,,,,,,,,,2.220032974,776.6224,778.8382,,,,,,,,TRUE,,FALSE,,,,,,,,,,,,778.8393,779.538,q,0.5874,,52,28,1,1,3,familiar,,,FALSE,779.5382,779.5384,779.5384,779.5385,,51,0,51,0,1,,
,,,,,6a180b5ab5a5e1be04527fd3,2026-05-28_10h32.02.180,WP1_3,2025.2.3,Win32,59.17159763,69f205e81325e0942cd07d79,6a030b8ba3607712b5d4bf26,,,,,,,,,,,,,,,,,,,,,,,,,,,,,,,,,,,,,,,,,,,,,,,,,,,,,,,,,,,,53,Celebrities_Faces/053_01_greyscale_250.png,,,,,,,,,,,,,,,,,,,,,,,,,,,,,,,,,,,,,2.322297445,779.5389,781.8546,,,,,,,,TRUE,,FALSE,,,,,,,,,,,,781.8555,782.5793,p,0.6188,,53,12,1,1,1,familiar,,,FALSE,782.5795,782.5797,782.5797,782.5797,,52,0,52,0,1,,
,,,,,6a180b5ab5a5e1be04527fd3,2026-05-28_10h32.02.180,WP1_3,2025.2.3,Win32,59.17159763,69f205e81325e0942cd07d79,6a030b8ba3607712b5d4bf26,,,,,,,,,,,,,,,,,,,,,,,,,,,,,,,,,,,,,,,,,,,,,,,,,,,,,,,,,,,,26,stim_fam/026_rgray_250.png,,,,,,,,,,,,,,,,,,,,,,,,,,,,,,,,,,,,,1.558421131,782.5801,784.143,,,,,,,,FALSE,,FALSE,,,,,,,,,,,,784.1442,784.8553,p,0.6061,,54,55,1,1,250,novel,,,FALSE,784.8554,784.8555,784.8555,784.8558,,53,0,53,0,1,,
,,,,,6a180b5ab5a5e1be04527fd3,2026-05-28_10h32.02.180,WP1_3,2025.2.3,Win32,59.17159763,69f205e81325e0942cd07d79,6a030b8ba3607712b5d4bf26,,,,,,,,,,,,,,,,,,,,,,,,,,,,,,,,,,,,,,,,,,,,,,,,,,,,,,,,,,,,98,stim_fam/098_rgray_250.png,,,,,,,,,,,,,,,,,,,,,,,,,,,,,,,,,,,,,1.598071026,784.8562,786.4556,,,,,,,,FALSE,,FALSE,,,,,,,,,,,,786.4569,787.0382,p,0.4773,,55,44,1,1,250,novel,,,FALSE,787.0384,787.0386,787.0386,787.0387,,54,0,54,0,1,,
,,,,,6a180b5ab5a5e1be04527fd3,2026-05-28_10h32.02.180,WP1_3,2025.2.3,Win32,59.17159763,69f205e81325e0942cd07d79,6a030b8ba3607712b5d4bf26,,,,,,,,,,,,,,,,,,,,,,,,,,,,,,,,,,,,,,,,,,,,,,,,,,,,,,,,,,,,2,stim_fam/002_rgray_250.png,,,,,,,,,,,,,,,,,,,,,,,,,,,,,,,,,,,,,2.063910785,787.039,789.1049,,,,,,,,FALSE,,FALSE,,,,,,,,,,,,789.1062,789.755,p,0.5465,,56,57,1,1,250,novel,,,FALSE,789.7552,789.7554,789.7554,789.7557,,55,0,55,0,1,,
,,,,,6a180b5ab5a5e1be04527fd3,2026-05-28_10h32.02.180,WP1_3,2025.2.3,Win32,59.17159763,69f205e81325e0942cd07d79,6a030b8ba3607712b5d4bf26,,,,,,,,,,,,,,,,,,,,,,,,,,,,,,,,,,,,,,,,,,,,,,,,,,,,,,,,,,,,57,Celebrities_Faces/057_01_greyscale_250.png,,,,,,,,,,,,,,,,,,,,,,,,,,,,,,,,,,,,,2.375646526,789.756,792.1217,,,,,,,,TRUE,,FALSE,,,,,,,,,,,,792.1229,792.7048,p,0.4774,,57,27,1,1,1,familiar,,,FALSE,792.705,792.7052,792.7052,792.7052,,56,0,56,0,1,,
,,,,,6a180b5ab5a5e1be04527fd3,2026-05-28_10h32.02.180,WP1_3,2025.2.3,Win32,59.17159763,69f205e81325e0942cd07d79,6a030b8ba3607712b5d4bf26,,,,,,,,,,,,,,,,,,,,,,,,,,,,,,,,,,,,,,,,,,,,,,,,,,,,,,,,,,,,45,Celebrities_Faces/045_02_greyscale_250.png,,,,,,,,,,,,,,,,,,,,,,,,,,,,,,,,,,,,,2.218247991,792.7057,794.9216,,,,,,,,TRUE,,FALSE,,,,,,,,,,,,794.9226,795.6469,p,0.6281,,58,11,1,1,2,familiar,,,FALSE,795.6472,795.6472,795.6472,795.6473,,57,0,57,0,1,,
,,,,,6a180b5ab5a5e1be04527fd3,2026-05-28_10h32.02.180,WP1_3,2025.2.3,Win32,59.17159763,69f205e81325e0942cd07d79,6a030b8ba3607712b5d4bf26,,,,,,,,,,,,,,,,,,,,,,,,,,,,,,,,,,,,,,,,,,,,,,,,,,,,,,,,,,,,79,stim_fam/079_rgray_250.png,,,,,,,,,,,,,,,,,,,,,,,,,,,,,,,,,,,,,1.962566004,795.6477,797.6053,,,,,,,,FALSE,,FALSE,,,,,,,,,,,,797.6065,798.355,p,0.6483,,59,49,1,1,250,novel,,,FALSE,798.3552,798.3553,798.3553,798.3553,,58,0,58,0,1,,
,,,,,6a180b5ab5a5e1be04527fd3,2026-05-28_10h32.02.180,WP1_3,2025.2.3,Win32,59.17159763,69f205e81325e0942cd07d79,6a030b8ba3607712b5d4bf26,,,,,,,,,,,,,,,,,,,,,,,,,,,,,,,,,,,,,,,,,,,,,,,,,,,,,,,,,,,,36,stim_fam/036_rgray_250.png,,,,,,,,,,,,,,,,,,,,,,,,,,,,,,,,,,,,,2.36394583,798.3558,800.7215,,,,,,,,FALSE,,FALSE,,,,,,,,,,,,800.7226,801.3715,p,0.5489,,60,52,1,1,250,novel,,,FALSE,801.3719,801.372,801.372,805.8216,space,59,0,59,0,1,4.4363,
,,,,,6a180b5ab5a5e1be04527fd3,2026-05-28_10h32.02.180,WP1_3,2025.2.3,Win32,59.17159763,69f205e81325e0942cd07d79,6a030b8ba3607712b5d4bf26,,,,,,,,,,,,,,,,,,,,,,,,,,,,,,,,,,,,,,,,,,,,,,,,,,,,,,,,,,,,16,Celebrities_Faces/016_01_greyscale_250.png,,,,,,,,,,,,,,,,,,,,,,,,,,,,,,,,,,,,,2.042042153,805.8222,807.8551,,,,,,,,TRUE,,FALSE,,,,,,,,,,,,807.8563,808.5716,q,0.6004,,61,84,2,1,1,familiar,,,FALSE,808.5719,808.5719,808.5719,808.5721,,60,0,60,0,1,,
,,,,,6a180b5ab5a5e1be04527fd3,2026-05-28_10h32.02.180,WP1_3,2025.2.3,Win32,59.17159763,69f205e81325e0942cd07d79,6a030b8ba3607712b5d4bf26,,,,,,,,,,,,,,,,,,,,,,,,,,,,,,,,,,,,,,,,,,,,,,,,,,,,,,,,,,,,35,Celebrities_Faces/035_02_greyscale_250.png,,,,,,,,,,,,,,,,,,,,,,,,,,,,,,,,,,,,,1.646143254,808.5723,810.2119,,,,,,,,TRUE,,FALSE,,,,,,,,,,,,810.2138,811.1387,p,0.8244,,62,82,2,1,2,familiar,,,FALSE,811.139,811.1391,811.1392,811.1394,,61,0,61,0,1,,
,,,,,6a180b5ab5a5e1be04527fd3,2026-05-28_10h32.02.180,WP1_3,2025.2.3,Win32,59.17159763,69f205e81325e0942cd07d79,6a030b8ba3607712b5d4bf26,,,,,,,,,,,,,,,,,,,,,,,,,,,,,,,,,,,,,,,,,,,,,,,,,,,,,,,,,,,,45,stim_fam/045_rgray_250.png,,,,,,,,,,,,,,,,,,,,,,,,,,,,,,,,,,,,,2.31708199,811.1397,813.4555,,,,,,,,FALSE,,FALSE,,,,,,,,,,,,813.4566,814.2052,p,0.6483,,63,119,2,1,250,novel,,,FALSE,814.2055,814.2056,814.2056,814.2056,,62,0,62,0,1,,
,,,,,6a180b5ab5a5e1be04527fd3,2026-05-28_10h32.02.180,WP1_3,2025.2.3,Win32,59.17159763,69f205e81325e0942cd07d79,6a030b8ba3607712b5d4bf26,,,,,,,,,,,,,,,,,,,,,,,,,,,,,,,,,,,,,,,,,,,,,,,,,,,,,,,,,,,,99,stim_fam/099_rgray_250.png,,,,,,,,,,,,,,,,,,,,,,,,,,,,,,,,,,,,,2.165350663,814.206,816.3718,,,,,,,,FALSE,,FALSE,,,,,,,,,,,,816.373,817.1719,q,0.7,,64,107,2,1,250,novel,,,FALSE,817.1721,817.1721,817.1722,817.1723,,63,0,63,0,1,,
,,,,,6a180b5ab5a5e1be04527fd3,2026-05-28_10h32.02.180,WP1_3,2025.2.3,Win32,59.17159763,69f205e81325e0942cd07d79,6a030b8ba3607712b5d4bf26,,,,,,,,,,,,,,,,,,,,,,,,,,,,,,,,,,,,,,,,,,,,,,,,,,,,,,,,,,,,1,stim_fam/001_rgray_250.png,,,,,,,,,,,,,,,,,,,,,,,,,,,,,,,,,,,,,2.481085197,817.1727,819.6553,,,,,,,,FALSE,,FALSE,,,,,,,,,,,,819.6567,820.5054,p,0.7443,,65,101,2,1,250,novel,,,FALSE,820.5056,820.5057,820.5057,820.5059,,64,0,64,0,1,,
,,,,,6a180b5ab5a5e1be04527fd3,2026-05-28_10h32.02.180,WP1_3,2025.2.3,Win32,59.17159763,69f205e81325e0942cd07d79,6a030b8ba3607712b5d4bf26,,,,,,,,,,,,,,,,,,,,,,,,,,,,,,,,,,,,,,,,,,,,,,,,,,,,,,,,,,,,31,Celebrities_Faces/031_02_greyscale_250.png,,,,,,,,,,,,,,,,,,,,,,,,,,,,,,,,,,,,,1.589028872,820.5063,822.0887,,,,,,,,TRUE,,FALSE,,,,,,,,,,,,822.0894,822.8719,q,0.6652,,66,75,2,1,2,familiar,,,FALSE,822.8722,822.8722,822.8722,822.8723,,65,0,65,0,1,,
,,,,,6a180b5ab5a5e1be04527fd3,2026-05-28_10h32.02.180,WP1_3,2025.2.3,Win32,59.17159763,69f205e81325e0942cd07d79,6a030b8ba3607712b5d4bf26,,,,,,,,,,,,,,,,,,,,,,,,,,,,,,,,,,,,,,,,,,,,,,,,,,,,,,,,,,,,17,Celebrities_Faces/017_02_greyscale_250.png,,,,,,,,,,,,,,,,,,,,,,,,,,,,,,,,,,,,,2.117367924,822.8727,824.989,,,,,,,,TRUE,,FALSE,,,,,,,,,,,,824.9903,825.7055,q,0.6165,,67,88,2,1,2,familiar,,,FALSE,825.7059,825.706,825.706,825.7061,,66,0,66,0,1,,
,,,,,6a180b5ab5a5e1be04527fd3,2026-05-28_10h32.02.180,WP1_3,2025.2.3,Win32,59.17159763,69f205e81325e0942cd07d79,6a030b8ba3607712b5d4bf26,,,,,,,,,,,,,,,,,,,,,,,,,,,,,,,,,,,,,,,,,,,,,,,,,,,,,,,,,,,,29,Celebrities_Faces/029_01_greyscale_250.png,,,,,,,,,,,,,,,,,,,,,,,,,,,,,,,,,,,,,2.188744556,825.7064,827.8885,,,,,,,,TRUE,,FALSE,,,,,,,,,,,,827.8895,828.5888,p,0.5962,,68,66,2,1,1,familiar,,,FALSE,828.5891,828.5891,828.5891,828.5891,,67,0,67,0,1,,
,,,,,6a180b5ab5a5e1be04527fd3,2026-05-28_10h32.02.180,WP1_3,2025.2.3,Win32,59.17159763,69f205e81325e0942cd07d79,6a030b8ba3607712b5d4bf26,,,,,,,,,,,,,,,,,,,,,,,,,,,,,,,,,,,,,,,,,,,,,,,,,,,,,,,,,,,,100,stim_fam/100_rgray_250.png,,,,,,,,,,,,,,,,,,,,,,,,,,,,,,,,,,,,,1.948309764,828.5895,830.5389,,,,,,,,FALSE,,FALSE,,,,,,,,,,,,830.5402,831.3722,p,0.7278,,69,112,2,1,250,novel,,,FALSE,831.3726,831.3727,831.3727,831.3728,,68,0,68,0,1,,
,,,,,6a180b5ab5a5e1be04527fd3,2026-05-28_10h32.02.180,WP1_3,2025.2.3,Win32,59.17159763,69f205e81325e0942cd07d79,6a030b8ba3607712b5d4bf26,,,,,,,,,,,,,,,,,,,,,,,,,,,,,,,,,,,,,,,,,,,,,,,,,,,,,,,,,,,,69,stim_fam/069_rgray_250.png,,,,,,,,,,,,,,,,,,,,,,,,,,,,,,,,,,,,,1.929139455,831.3732,833.3052,,,,,,,,FALSE,,FALSE,,,,,,,,,,,,833.3062,834.0555,p,0.6409,,70,98,2,1,250,novel,,,FALSE,834.0557,834.0559,834.0559,834.0561,,69,0,69,0,1,,
,,,,,6a180b5ab5a5e1be04527fd3,2026-05-28_10h32.02.180,WP1_3,2025.2.3,Win32,59.17159763,69f205e81325e0942cd07d79,6a030b8ba3607712b5d4bf26,,,,,,,,,,,,,,,,,,,,,,,,,,,,,,,,,,,,,,,,,,,,,,,,,,,,,,,,,,,,41,Celebrities_Faces/041_03_greyscale_250.png,,,,,,,,,,,,,,,,,,,,,,,,,,,,,,,,,,,,,2.195663767,834.0564,836.256,,,,,,,,TRUE,,FALSE,,,,,,,,,,,,836.2572,837.056,p,0.6936,,71,90,2,1,3,familiar,,,FALSE,837.0564,837.0564,837.0564,837.0566,,70,0,70,0,1,,
,,,,,6a180b5ab5a5e1be04527fd3,2026-05-28_10h32.02.180,WP1_3,2025.2.3,Win32,59.17159763,69f205e81325e0942cd07d79,6a030b8ba3607712b5d4bf26,,,,,,,,,,,,,,,,,,,,,,,,,,,,,,,,,,,,,,,,,,,,,,,,,,,,,,,,,,,,76,stim_fam/076_rgray_250.png,,,,,,,,,,,,,,,,,,,,,,,,,,,,,,,,,,,,,2.174436677,837.0571,839.2221,,,,,,,,FALSE,,FALSE,,,,,,,,,,,,839.2232,839.989,p,0.6427,,72,91,2,1,250,novel,,,FALSE,839.9896,839.9896,839.9896,839.9897,,71,0,71,0,1,,
,,,,,6a180b5ab5a5e1be04527fd3,2026-05-28_10h32.02.180,WP1_3,2025.2.3,Win32,59.17159763,69f205e81325e0942cd07d79,6a030b8ba3607712b5d4bf26,,,,,,,,,,,,,,,,,,,,,,,,,,,,,,,,,,,,,,,,,,,,,,,,,,,,,,,,,,,,5,stim_fam/005_rgray_250.png,,,,,,,,,,,,,,,,,,,,,,,,,,,,,,,,,,,,,2.334062261,839.9902,842.3224,,,,,,,,FALSE,,FALSE,,,,,,,,,,,,842.3231,843.0391,p,0.6258,,73,103,2,1,250,novel,,,FALSE,843.0393,843.0393,843.0394,843.0394,,72,0,72,0,1,,
,,,,,6a180b5ab5a5e1be04527fd3,2026-05-28_10h32.02.180,WP1_3,2025.2.3,Win32,59.17159763,69f205e81325e0942cd07d79,6a030b8ba3607712b5d4bf26,,,,,,,,,,,,,,,,,,,,,,,,,,,,,,,,,,,,,,,,,,,,,,,,,,,,,,,,,,,,4,stim_fam/004_rgray_250.png,,,,,,,,,,,,,,,,,,,,,,,,,,,,,,,,,,,,,2.199831297,843.0398,845.2391,,,,,,,,FALSE,,FALSE,,,,,,,,,,,,845.2403,846.0396,p,0.6924,,74,97,2,1,250,novel,,,FALSE,846.04,846.0401,846.0402,846.0404,,73,0,73,0,1,,
,,,,,6a180b5ab5a5e1be04527fd3,2026-05-28_10h32.02.180,WP1_3,2025.2.3,Win32,59.17159763,69f205e81325e0942cd07d79,6a030b8ba3607712b5d4bf26,,,,,,,,,,,,,,,,,,,,,,,,,,,,,,,,,,,,,,,,,,,,,,,,,,,,,,,,,,,,37,stim_fam/037_rgray_250.png,,,,,,,,,,,,,,,,,,,,,,,,,,,,,,,,,,,,,1.600382118,846.041,847.6392,,,,,,,,FALSE,,FALSE,,,,,,,,,,,,847.6404,848.3725,q,0.6381,,75,102,2,1,250,novel,,,FALSE,848.3728,848.3729,848.3729,848.373,,74,0,74,0,1,,
,,,,,6a180b5ab5a5e1be04527fd3,2026-05-28_10h32.02.180,WP1_3,2025.2.3,Win32,59.17159763,69f205e81325e0942cd07d79,6a030b8ba3607712b5d4bf26,,,,,,,,,,,,,,,,,,,,,,,,,,,,,,,,,,,,,,,,,,,,,,,,,,,,,,,,,,,,20,Celebrities_Faces/020_02_greyscale_250.png,,,,,,,,,,,,,,,,,,,,,,,,,,,,,,,,,,,,,1.539290407,848.3733,849.9055,,,,,,,,TRUE,,FALSE,,,,,,,,,,,,849.9063,850.756,q,0.7288,,76,74,2,1,2,familiar,,,FALSE,850.7562,850.7562,850.7563,850.7564,,75,0,75,0,1,,
,,,,,6a180b5ab5a5e1be04527fd3,2026-05-28_10h32.02.180,WP1_3,2025.2.3,Win32,59.17159763,69f205e81325e0942cd07d79,6a030b8ba3607712b5d4bf26,,,,,,,,,,,,,,,,,,,,,,,,,,,,,,,,,,,,,,,,,,,,,,,,,,,,,,,,,,,,4,Celebrities_Faces/004_03_greyscale_250.png,,,,,,,,,,,,,,,,,,,,,,,,,,,,,,,,,,,,,2.35787355,850.7569,853.106,,,,,,,,TRUE,,FALSE,,,,,,,,,,,,853.107,854.0293,q,0.8142,,77,65,2,1,3,familiar,,,FALSE,854.0297,854.0298,854.0299,854.03,,76,0,76,0,1,,
,,,,,6a180b5ab5a5e1be04527fd3,2026-05-28_10h32.02.180,WP1_3,2025.2.3,Win32,59.17159763,69f205e81325e0942cd07d79,6a030b8ba3607712b5d4bf26,,,,,,,,,,,,,,,,,,,,,,,,,,,,,,,,,,,,,,,,,,,,,,,,,,,,,,,,,,,,18,Celebrities_Faces/018_01_greyscale_250.png,,,,,,,,,,,,,,,,,,,,,,,,,,,,,,,,,,,,,2.232072361,854.0304,856.2614,,,,,,,,TRUE,,FALSE,,,,,,,,,,,,856.2626,857.0064,q,0.6395,,78,76,2,1,1,familiar,,,FALSE,857.0066,857.0067,857.0067,857.0069,,77,0,77,0,1,,
,,,,,6a180b5ab5a5e1be04527fd3,2026-05-28_10h32.02.180,WP1_3,2025.2.3,Win32,59.17159763,69f205e81325e0942cd07d79,6a030b8ba3607712b5d4bf26,,,,,,,,,,,,,,,,,,,,,,,,,,,,,,,,,,,,,,,,,,,,,,,,,,,,,,,,,,,,59,stim_fam/059_rgray_250.png,,,,,,,,,,,,,,,,,,,,,,,,,,,,,,,,,,,,,1.876119793,857.0072,858.8725,,,,,,,,FALSE,,FALSE,,,,,,,,,,,,858.8734,859.5237,p,0.5528,,79,93,2,1,250,novel,,,FALSE,859.5238,859.5239,859.5239,859.5239,,78,0,78,0,1,,
,,,,,6a180b5ab5a5e1be04527fd3,2026-05-28_10h32.02.180,WP1_3,2025.2.3,Win32,59.17159763,69f205e81325e0942cd07d79,6a030b8ba3607712b5d4bf26,,,,,,,,,,,,,,,,,,,,,,,,,,,,,,,,,,,,,,,,,,,,,,,,,,,,,,,,,,,,54,stim_fam/054_rgray_250.png,,,,,,,,,,,,,,,,,,,,,,,,,,,,,,,,,,,,,2.256333725,859.5243,861.7722,,,,,,,,FALSE,,FALSE,,,,,,,,,,,,861.773,862.489,p,0.6026,,80,109,2,1,250,novel,,,FALSE,862.4891,862.4893,862.4894,862.4894,,79,0,79,0,1,,
,,,,,6a180b5ab5a5e1be04527fd3,2026-05-28_10h32.02.180,WP1_3,2025.2.3,Win32,59.17159763,69f205e81325e0942cd07d79,6a030b8ba3607712b5d4bf26,,,,,,,,,,,,,,,,,,,,,,,,,,,,,,,,,,,,,,,,,,,,,,,,,,,,,,,,,,,,96,stim_fam/096_rgray_250.png,,,,,,,,,,,,,,,,,,,,,,,,,,,,,,,,,,,,,1.745398715,862.4897,864.2391,,,,,,,,FALSE,,FALSE,,,,,,,,,,,,864.2401,865.0226,p,0.6576,,81,118,2,1,250,novel,,,FALSE,865.0228,865.0229,865.0229,865.0231,,80,0,80,0,1,,
,,,,,6a180b5ab5a5e1be04527fd3,2026-05-28_10h32.02.180,WP1_3,2025.2.3,Win32,59.17159763,69f205e81325e0942cd07d79,6a030b8ba3607712b5d4bf26,,,,,,,,,,,,,,,,,,,,,,,,,,,,,,,,,,,,,,,,,,,,,,,,,,,,,,,,,,,,30,stim_fam/030_rgray_250.png,,,,,,,,,,,,,,,,,,,,,,,,,,,,,,,,,,,,,2.032996769,865.0234,867.0561,,,,,,,,FALSE,,FALSE,,,,,,,,,,,,867.0572,867.9059,q,0.7261,,82,105,2,1,250,novel,,,FALSE,867.9062,867.9063,867.9064,867.9065,,81,0,81,0,1,,
,,,,,6a180b5ab5a5e1be04527fd3,2026-05-28_10h32.02.180,WP1_3,2025.2.3,Win32,59.17159763,69f205e81325e0942cd07d79,6a030b8ba3607712b5d4bf26,,,,,,,,,,,,,,,,,,,,,,,,,,,,,,,,,,,,,,,,,,,,,,,,,,,,,,,,,,,,45,Celebrities_Faces/045_03_greyscale_250.png,,,,,,,,,,,,,,,,,,,,,,,,,,,,,,,,,,,,,1.892792331,867.907,869.7893,,,,,,,,TRUE,,FALSE,,,,,,,,,,,,869.7899,870.7726,p,0.8661,,83,71,2,1,3,familiar,,,FALSE,870.7727,870.7727,870.7727,870.773,,82,0,82,0,1,,
,,,,,6a180b5ab5a5e1be04527fd3,2026-05-28_10h32.02.180,WP1_3,2025.2.3,Win32,59.17159763,69f205e81325e0942cd07d79,6a030b8ba3607712b5d4bf26,,,,,,,,,,,,,,,,,,,,,,,,,,,,,,,,,,,,,,,,,,,,,,,,,,,,,,,,,,,,1,Celebrities_Faces/001_02_greyscale_250.png,,,,,,,,,,,,,,,,,,,,,,,,,,,,,,,,,,,,,1.855269373,870.7733,872.6227,,,,,,,,TRUE,,FALSE,,,,,,,,,,,,872.6237,873.3572,q,0.628,,84,69,2,1,2,familiar,,,FALSE,873.3573,873.3574,873.3575,873.3575,,83,0,83,0,1,,
,,,,,6a180b5ab5a5e1be04527fd3,2026-05-28_10h32.02.180,WP1_3,2025.2.3,Win32,59.17159763,69f205e81325e0942cd07d79,6a030b8ba3607712b5d4bf26,,,,,,,,,,,,,,,,,,,,,,,,,,,,,,,,,,,,,,,,,,,,,,,,,,,,,,,,,,,,48,Celebrities_Faces/048_01_greyscale_250.png,,,,,,,,,,,,,,,,,,,,,,,,,,,,,,,,,,,,,1.774730496,873.3578,875.1225,,,,,,,,TRUE,,FALSE,,,,,,,,,,,,875.1234,875.8228,p,0.577,,85,83,2,1,1,familiar,,,FALSE,875.823,875.8231,875.8231,875.8232,,84,0,84,0,1,,
,,,,,6a180b5ab5a5e1be04527fd3,2026-05-28_10h32.02.180,WP1_3,2025.2.3,Win32,59.17159763,69f205e81325e0942cd07d79,6a030b8ba3607712b5d4bf26,,,,,,,,,,,,,,,,,,,,,,,,,,,,,,,,,,,,,,,,,,,,,,,,,,,,,,,,,,,,5,Celebrities_Faces/005_01_greyscale_250.png,,,,,,,,,,,,,,,,,,,,,,,,,,,,,,,,,,,,,1.779497909,875.8235,877.6059,,,,,,,,TRUE,,FALSE,,,,,,,,,,,,877.6069,878.3394,q,0.6372,,86,68,2,1,1,familiar,,,FALSE,878.3395,878.3395,878.3396,878.3397,,85,0,85,0,1,,
,,,,,6a180b5ab5a5e1be04527fd3,2026-05-28_10h32.02.180,WP1_3,2025.2.3,Win32,59.17159763,69f205e81325e0942cd07d79,6a030b8ba3607712b5d4bf26,,,,,,,,,,,,,,,,,,,,,,,,,,,,,,,,,,,,,,,,,,,,,,,,,,,,,,,,,,,,7,Celebrities_Faces/007_01_greyscale_250.png,,,,,,,,,,,,,,,,,,,,,,,,,,,,,,,,,,,,,2.147022387,878.34,880.4896,,,,,,,,TRUE,,FALSE,,,,,,,,,,,,880.4905,881.2232,q,0.6102,,87,79,2,1,1,familiar,,,FALSE,881.2233,881.2234,881.2234,881.2235,,86,0,86,0,1,,
,,,,,6a180b5ab5a5e1be04527fd3,2026-05-28_10h32.02.180,WP1_3,2025.2.3,Win32,59.17159763,69f205e81325e0942cd07d79,6a030b8ba3607712b5d4bf26,,,,,,,,,,,,,,,,,,,,,,,,,,,,,,,,,,,,,,,,,,,,,,,,,,,,,,,,,,,,8,Celebrities_Faces/008_02_greyscale_250.png,,,,,,,,,,,,,,,,,,,,,,,,,,,,,,,,,,,,,1.569588268,881.224,882.79,,,,,,,,TRUE,,FALSE,,,,,,,,,,,,882.7908,883.523,p,0.6287,,88,73,2,1,2,familiar,,,FALSE,883.5233,883.5235,883.5236,883.5237,,87,0,87,0,1,,
,,,,,6a180b5ab5a5e1be04527fd3,2026-05-28_10h32.02.180,WP1_3,2025.2.3,Win32,59.17159763,69f205e81325e0942cd07d79,6a030b8ba3607712b5d4bf26,,,,,,,,,,,,,,,,,,,,,,,,,,,,,,,,,,,,,,,,,,,,,,,,,,,,,,,,,,,,95,stim_fam/095_rgray_250.png,,,,,,,,,,,,,,,,,,,,,,,,,,,,,,,,,,,,,2.350995357,883.5242,885.8728,,,,,,,,FALSE,,FALSE,,,,,,,,,,,,885.8739,886.6562,p,0.6548,,89,99,2,1,250,novel,,,FALSE,886.6563,886.6564,886.6564,886.6566,,88,0,88,0,1,,
,,,,,6a180b5ab5a5e1be04527fd3,2026-05-28_10h32.02.180,WP1_3,2025.2.3,Win32,59.17159763,69f205e81325e0942cd07d79,6a030b8ba3607712b5d4bf26,,,,,,,,,,,,,,,,,,,,,,,,,,,,,,,,,,,,,,,,,,,,,,,,,,,,,,,,,,,,33,Celebrities_Faces/033_01_greyscale_250.png,,,,,,,,,,,,,,,,,,,,,,,,,,,,,,,,,,,,,2.36744739,886.6569,889.0228,,,,,,,,TRUE,,FALSE,,,,,,,,,,,,889.0235,889.864,q,0.7344,,90,70,2,1,1,familiar,,,FALSE,889.8642,889.8643,889.8643,889.8644,,89,0,89,0,1,,
,,,,,6a180b5ab5a5e1be04527fd3,2026-05-28_10h32.02.180,WP1_3,2025.2.3,Win32,59.17159763,69f205e81325e0942cd07d79,6a030b8ba3607712b5d4bf26,,,,,,,,,,,,,,,,,,,,,,,,,,,,,,,,,,,,,,,,,,,,,,,,,,,,,,,,,,,,35,stim_fam/035_rgray_250.png,,,,,,,,,,,,,,,,,,,,,,,,,,,,,,,,,,,,,2.374857178,889.8647,892.2401,,,,,,,,FALSE,,FALSE,,,,,,,,,,,,892.241,892.9231,p,0.5858,,91,108,2,1,250,novel,,,FALSE,892.9233,892.9234,892.9234,892.9234,,90,0,90,0,1,,
,,,,,6a180b5ab5a5e1be04527fd3,2026-05-28_10h32.02.180,WP1_3,2025.2.3,Win32,59.17159763,69f205e81325e0942cd07d79,6a030b8ba3607712b5d4bf26,,,,,,,,,,,,,,,,,,,,,,,,,,,,,,,,,,,,,,,,,,,,,,,,,,,,,,,,,,,,17,stim_fam/017_rgray_250.png,,,,,,,,,,,,,,,,,,,,,,,,,,,,,,,,,,,,,1.801494414,892.9238,894.723,,,,,,,,FALSE,,FALSE,,,,,,,,,,,,894.7241,895.515,p,0.6833,,92,106,2,1,250,novel,,,FALSE,895.5153,895.5153,895.5153,895.5157,,91,0,91,0,1,,
,,,,,6a180b5ab5a5e1be04527fd3,2026-05-28_10h32.02.180,WP1_3,2025.2.3,Win32,59.17159763,69f205e81325e0942cd07d79,6a030b8ba3607712b5d4bf26,,,,,,,,,,,,,,,,,,,,,,,,,,,,,,,,,,,,,,,,,,,,,,,,,,,,,,,,,,,,14,Celebrities_Faces/014_03_greyscale_250.png,,,,,,,,,,,,,,,,,,,,,,,,,,,,,,,,,,,,,1.713760834,895.516,897.2232,,,,,,,,TRUE,,FALSE,,,,,,,,,,,,897.2245,897.9402,p,0.6192,,93,86,2,1,3,familiar,,,FALSE,897.9404,897.9405,897.9405,897.9407,,92,0,92,0,1,,
,,,,,6a180b5ab5a5e1be04527fd3,2026-05-28_10h32.02.180,WP1_3,2025.2.3,Win32,59.17159763,69f205e81325e0942cd07d79,6a030b8ba3607712b5d4bf26,,,,,,,,,,,,,,,,,,,,,,,,,,,,,,,,,,,,,,,,,,,,,,,,,,,,,,,,,,,,56,stim_fam/056_rgray_250.png,,,,,,,,,,,,,,,,,,,,,,,,,,,,,,,,,,,,,2.202486725,897.941,900.1399,,,,,,,,FALSE,,FALSE,,,,,,,,,,,,900.1415,901.0397,q,0.7746,,94,116,2,1,250,novel,,,FALSE,901.0398,901.0399,901.0399,901.0399,,93,0,93,0,1,,
,,,,,6a180b5ab5a5e1be04527fd3,2026-05-28_10h32.02.180,WP1_3,2025.2.3,Win32,59.17159763,69f205e81325e0942cd07d79,6a030b8ba3607712b5d4bf26,,,,,,,,,,,,,,,,,,,,,,,,,,,,,,,,,,,,,,,,,,,,,,,,,,,,,,,,,,,,38,Celebrities_Faces/038_01_greyscale_250.png,,,,,,,,,,,,,,,,,,,,,,,,,,,,,,,,,,,,,2.250269691,901.0401,903.2895,,,,,,,,TRUE,,FALSE,,,,,,,,,,,,903.2904,904.0066,p,0.6048,,95,67,2,1,1,familiar,,,FALSE,904.0069,904.0071,904.0071,904.0072,,94,0,94,0,1,,
,,,,,6a180b5ab5a5e1be04527fd3,2026-05-28_10h32.02.180,WP1_3,2025.2.3,Win32,59.17159763,69f205e81325e0942cd07d79,6a030b8ba3607712b5d4bf26,,,,,,,,,,,,,,,,,,,,,,,,,,,,,,,,,,,,,,,,,,,,,,,,,,,,,,,,,,,,46,stim_fam/046_rgray_250.png,,,,,,,,,,,,,,,,,,,,,,,,,,,,,,,,,,,,,2.354734622,904.0075,906.3636,,,,,,,,FALSE,,FALSE,,,,,,,,,,,,906.3648,907.0398,p,0.5701,,96,92,2,1,250,novel,,,FALSE,907.04,907.04,907.04,907.0401,,95,0,95,0,1,,
,,,,,6a180b5ab5a5e1be04527fd3,2026-05-28_10h32.02.180,WP1_3,2025.2.3,Win32,59.17159763,69f205e81325e0942cd07d79,6a030b8ba3607712b5d4bf26,,,,,,,,,,,,,,,,,,,,,,,,,,,,,,,,,,,,,,,,,,,,,,,,,,,,,,,,,,,,53,Celebrities_Faces/053_02_greyscale_250.png,,,,,,,,,,,,,,,,,,,,,,,,,,,,,,,,,,,,,1.703166952,907.0404,908.7403,,,,,,,,TRUE,,FALSE,,,,,,,,,,,,908.7415,909.5403,p,0.6968,,97,72,2,1,2,familiar,,,FALSE,909.5407,909.541,909.541,909.5411,,96,0,96,0,1,,
,,,,,6a180b5ab5a5e1be04527fd3,2026-05-28_10h32.02.180,WP1_3,2025.2.3,Win32,59.17159763,69f205e81325e0942cd07d79,6a030b8ba3607712b5d4bf26,,,,,,,,,,,,,,,,,,,,,,,,,,,,,,,,,,,,,,,,,,,,,,,,,,,,,,,,,,,,72,stim_fam/072_rgray_250.png,,,,,,,,,,,,,,,,,,,,,,,,,,,,,,,,,,,,,2.368093518,909.5415,911.9071,,,,,,,,FALSE,,FALSE,,,,,,,,,,,,911.9082,912.7402,p,0.7264,,98,114,2,1,250,novel,,,FALSE,912.7406,912.7409,912.7409,912.741,,97,0,97,0,1,,
,,,,,6a180b5ab5a5e1be04527fd3,2026-05-28_10h32.02.180,WP1_3,2025.2.3,Win32,59.17159763,69f205e81325e0942cd07d79,6a030b8ba3607712b5d4bf26,,,,,,,,,,,,,,,,,,,,,,,,,,,,,,,,,,,,,,,,,,,,,,,,,,,,,,,,,,,,24,stim_fam/024_rgray_250.png,,,,,,,,,,,,,,,,,,,,,,,,,,,,,,,,,,,,,1.615369299,912.7413,914.3569,,,,,,,,FALSE,,FALSE,,,,,,,,,,,,914.3577,915.1237,p,0.6655,,99,100,2,1,250,novel,,,FALSE,915.124,915.1242,915.1242,915.1243,,98,0,98,0,1,,
,,,,,6a180b5ab5a5e1be04527fd3,2026-05-28_10h32.02.180,WP1_3,2025.2.3,Win32,59.17159763,69f205e81325e0942cd07d79,6a030b8ba3607712b5d4bf26,,,,,,,,,,,,,,,,,,,,,,,,,,,,,,,,,,,,,,,,,,,,,,,,,,,,,,,,,,,,52,stim_fam/052_rgray_250.png,,,,,,,,,,,,,,,,,,,,,,,,,,,,,,,,,,,,,2.104876386,915.1247,917.2236,,,,,,,,FALSE,,FALSE,,,,,,,,,,,,917.2255,918.0734,p,0.7403,,100,94,2,1,250,novel,,,FALSE,918.0737,918.0737,918.0737,918.0739,,99,0,99,0,1,,
,,,,,6a180b5ab5a5e1be04527fd3,2026-05-28_10h32.02.180,WP1_3,2025.2.3,Win32,59.17159763,69f205e81325e0942cd07d79,6a030b8ba3607712b5d4bf26,,,,,,,,,,,,,,,,,,,,,,,,,,,,,,,,,,,,,,,,,,,,,,,,,,,,,,,,,,,,47,Celebrities_Faces/047_02_greyscale_250.png,,,,,,,,,,,,,,,,,,,,,,,,,,,,,,,,,,,,,1.948483621,918.0744,920.0234,,,,,,,,TRUE,,TRUE,,,,,,,,,,,,920.0243,921.1401,,,,101,81,2,1,2,familiar,,,FALSE,921.1403,922.14,922.14,922.1402,,100,0,100,0,1,,
,,,,,6a180b5ab5a5e1be04527fd3,2026-05-28_10h32.02.180,WP1_3,2025.2.3,Win32,59.17159763,69f205e81325e0942cd07d79,6a030b8ba3607712b5d4bf26,,,,,,,,,,,,,,,,,,,,,,,,,,,,,,,,,,,,,,,,,,,,,,,,,,,,,,,,,,,,32,Celebrities_Faces/032_03_greyscale_250.png,,,,,,,,,,,,,,,,,,,,,,,,,,,,,,,,,,,,,1.75098889,922.1405,923.8902,,,,,,,,TRUE,,FALSE,,,,,,,,,,,,923.8908,924.5897,p,0.585,,102,85,2,1,3,familiar,,,FALSE,924.5899,924.5901,924.5901,924.5902,,101,0,101,0,1,,
,,,,,6a180b5ab5a5e1be04527fd3,2026-05-28_10h32.02.180,WP1_3,2025.2.3,Win32,59.17159763,69f205e81325e0942cd07d79,6a030b8ba3607712b5d4bf26,,,,,,,,,,,,,,,,,,,,,,,,,,,,,,,,,,,,,,,,,,,,,,,,,,,,,,,,,,,,42,Celebrities_Faces/042_02_greyscale_250.png,,,,,,,,,,,,,,,,,,,,,,,,,,,,,,,,,,,,,1.624357841,924.5905,926.2071,,,,,,,,TRUE,,FALSE,,,,,,,,,,,,926.2088,926.9573,q,0.6528,,103,64,2,1,2,familiar,,,FALSE,926.9575,926.9576,926.9576,926.9576,,102,0,102,0,1,,
,,,,,6a180b5ab5a5e1be04527fd3,2026-05-28_10h32.02.180,WP1_3,2025.2.3,Win32,59.17159763,69f205e81325e0942cd07d79,6a030b8ba3607712b5d4bf26,,,,,,,,,,,,,,,,,,,,,,,,,,,,,,,,,,,,,,,,,,,,,,,,,,,,,,,,,,,,27,stim_fam/027_rgray_250.png,,,,,,,,,,,,,,,,,,,,,,,,,,,,,,,,,,,,,2.377401709,926.9581,929.3235,,,,,,,,FALSE,,FALSE,,,,,,,,,,,,929.3244,930.0734,p,0.6508,,104,104,2,1,250,novel,,,FALSE,930.0737,930.0738,930.0739,930.074,,103,0,103,0,1,,
,,,,,6a180b5ab5a5e1be04527fd3,2026-05-28_10h32.02.180,WP1_3,2025.2.3,Win32,59.17159763,69f205e81325e0942cd07d79,6a030b8ba3607712b5d4bf26,,,,,,,,,,,,,,,,,,,,,,,,,,,,,,,,,,,,,,,,,,,,,,,,,,,,,,,,,,,,12,Celebrities_Faces/012_02_greyscale_250.png,,,,,,,,,,,,,,,,,,,,,,,,,,,,,,,,,,,,,2.028033527,930.0744,932.1066,,,,,,,,TRUE,,FALSE,,,,,,,,,,,,932.1073,932.9068,q,0.6972,,105,80,2,1,2,familiar,,,FALSE,932.9069,932.9071,932.9071,932.9072,,104,0,104,0,1,,
,,,,,6a180b5ab5a5e1be04527fd3,2026-05-28_10h32.02.180,WP1_3,2025.2.3,Win32,59.17159763,69f205e81325e0942cd07d79,6a030b8ba3607712b5d4bf26,,,,,,,,,,,,,,,,,,,,,,,,,,,,,,,,,,,,,,,,,,,,,,,,,,,,,,,,,,,,34,Celebrities_Faces/034_02_greyscale_250.png,,,,,,,,,,,,,,,,,,,,,,,,,,,,,,,,,,,,,2.490616049,932.9076,935.3899,,,,,,,,TRUE,,FALSE,,,,,,,,,,,,935.3911,936.0569,p,0.564,,106,89,2,1,2,familiar,,,FALSE,936.0571,936.0572,936.0572,936.0572,,105,0,105,0,1,,
,,,,,6a180b5ab5a5e1be04527fd3,2026-05-28_10h32.02.180,WP1_3,2025.2.3,Win32,59.17159763,69f205e81325e0942cd07d79,6a030b8ba3607712b5d4bf26,,,,,,,,,,,,,,,,,,,,,,,,,,,,,,,,,,,,,,,,,,,,,,,,,,,,,,,,,,,,22,stim_fam/022_rgray_250.png,,,,,,,,,,,,,,,,,,,,,,,,,,,,,,,,,,,,,1.995185498,936.0577,938.0459,,,,,,,,FALSE,,FALSE,,,,,,,,,,,,938.0472,938.8075,p,0.6378,,107,110,2,1,250,novel,,,FALSE,938.8078,938.8078,938.8079,938.808,,106,0,106,0,1,,
,,,,,6a180b5ab5a5e1be04527fd3,2026-05-28_10h32.02.180,WP1_3,2025.2.3,Win32,59.17159763,69f205e81325e0942cd07d79,6a030b8ba3607712b5d4bf26,,,,,,,,,,,,,,,,,,,,,,,,,,,,,,,,,,,,,,,,,,,,,,,,,,,,,,,,,,,,49,Celebrities_Faces/049_02_greyscale_250.png,,,,,,,,,,,,,,,,,,,,,,,,,,,,,,,,,,,,,2.061668999,938.8084,940.8737,,,,,,,,TRUE,,FALSE,,,,,,,,,,,,940.8748,941.4905,p,0.52,,108,77,2,1,2,familiar,,,FALSE,941.4906,941.4907,941.4907,941.491,,107,0,107,0,1,,
,,,,,6a180b5ab5a5e1be04527fd3,2026-05-28_10h32.02.180,WP1_3,2025.2.3,Win32,59.17159763,69f205e81325e0942cd07d79,6a030b8ba3607712b5d4bf26,,,,,,,,,,,,,,,,,,,,,,,,,,,,,,,,,,,,,,,,,,,,,,,,,,,,,,,,,,,,40,Celebrities_Faces/040_03_greyscale_250.png,,,,,,,,,,,,,,,,,,,,,,,,,,,,,,,,,,,,,2.166936698,941.4914,943.6575,,,,,,,,TRUE,,FALSE,,,,,,,,,,,,943.6588,944.4476,q,0.6943,,109,78,2,1,3,familiar,,,FALSE,944.4478,944.4478,944.4479,944.448,,108,0,108,0,1,,
,,,,,6a180b5ab5a5e1be04527fd3,2026-05-28_10h32.02.180,WP1_3,2025.2.3,Win32,59.17159763,69f205e81325e0942cd07d79,6a030b8ba3607712b5d4bf26,,,,,,,,,,,,,,,,,,,,,,,,,,,,,,,,,,,,,,,,,,,,,,,,,,,,,,,,,,,,97,stim_fam/097_rgray_250.png,,,,,,,,,,,,,,,,,,,,,,,,,,,,,,,,,,,,,1.698030838,944.4484,946.1405,,,,,,,,FALSE,,FALSE,,,,,,,,,,,,946.1417,947.0075,p,0.7386,,110,117,2,1,250,novel,,,FALSE,947.0078,947.0079,947.0079,947.008,,109,0,109,0,1,,
,,,,,6a180b5ab5a5e1be04527fd3,2026-05-28_10h32.02.180,WP1_3,2025.2.3,Win32,59.17159763,69f205e81325e0942cd07d79,6a030b8ba3607712b5d4bf26,,,,,,,,,,,,,,,,,,,,,,,,,,,,,,,,,,,,,,,,,,,,,,,,,,,,,,,,,,,,66,stim_fam/066_rgray_250.png,,,,,,,,,,,,,,,,,,,,,,,,,,,,,,,,,,,,,2.126685993,947.0086,949.1235,,,,,,,,FALSE,,FALSE,,,,,,,,,,,,949.1241,949.8903,q,0.6535,,111,120,2,1,250,novel,,,FALSE,949.8904,949.8905,949.8905,949.8906,,110,0,110,0,1,,
,,,,,6a180b5ab5a5e1be04527fd3,2026-05-28_10h32.02.180,WP1_3,2025.2.3,Win32,59.17159763,69f205e81325e0942cd07d79,6a030b8ba3607712b5d4bf26,,,,,,,,,,,,,,,,,,,,,,,,,,,,,,,,,,,,,,,,,,,,,,,,,,,,,,,,,,,,57,Celebrities_Faces/057_02_greyscale_250.png,,,,,,,,,,,,,,,,,,,,,,,,,,,,,,,,,,,,,1.791183816,949.891,951.674,,,,,,,,TRUE,,FALSE,,,,,,,,,,,,951.6752,952.5404,p,0.7667,,112,87,2,1,2,familiar,,,FALSE,952.5406,952.5406,952.5406,952.5407,,111,0,111,0,1,,
,,,,,6a180b5ab5a5e1be04527fd3,2026-05-28_10h32.02.180,WP1_3,2025.2.3,Win32,59.17159763,69f205e81325e0942cd07d79,6a030b8ba3607712b5d4bf26,,,,,,,,,,,,,,,,,,,,,,,,,,,,,,,,,,,,,,,,,,,,,,,,,,,,,,,,,,,,28,Celebrities_Faces/028_03_greyscale_250.png,,,,,,,,,,,,,,,,,,,,,,,,,,,,,,,,,,,,,1.526616028,952.5412,954.0573,,,,,,,,TRUE,,FALSE,,,,,,,,,,,,954.0584,954.8069,q,0.6535,,113,61,2,1,3,familiar,,,FALSE,954.8071,954.8073,954.8073,954.8074,,112,0,112,0,1,,
,,,,,6a180b5ab5a5e1be04527fd3,2026-05-28_10h32.02.180,WP1_3,2025.2.3,Win32,59.17159763,69f205e81325e0942cd07d79,6a030b8ba3607712b5d4bf26,,,,,,,,,,,,,,,,,,,,,,,,,,,,,,,,,,,,,,,,,,,,,,,,,,,,,,,,,,,,92,stim_fam/092_rgray_250.png,,,,,,,,,,,,,,,,,,,,,,,,,,,,,,,,,,,,,1.671395354,954.8078,956.4739,,,,,,,,FALSE,,FALSE,,,,,,,,,,,,956.4749,957.2407,p,0.6552,,114,115,2,1,250,novel,,,FALSE,957.2412,957.2413,957.2414,957.2415,,113,0,113,0,1,,
,,,,,6a180b5ab5a5e1be04527fd3,2026-05-28_10h32.02.180,WP1_3,2025.2.3,Win32,59.17159763,69f205e81325e0942cd07d79,6a030b8ba3607712b5d4bf26,,,,,,,,,,,,,,,,,,,,,,,,,,,,,,,,,,,,,,,,,,,,,,,,,,,,,,,,,,,,21,stim_fam/021_rgray_250.png,,,,,,,,,,,,,,,,,,,,,,,,,,,,,,,,,,,,,1.844350363,957.2418,959.0738,,,,,,,,FALSE,,FALSE,,,,,,,,,,,,959.0749,959.8574,p,0.6753,,115,113,2,1,250,novel,,,FALSE,959.8575,959.8577,959.8577,959.8579,,114,0,114,0,1,,
,,,,,6a180b5ab5a5e1be04527fd3,2026-05-28_10h32.02.180,WP1_3,2025.2.3,Win32,59.17159763,69f205e81325e0942cd07d79,6a030b8ba3607712b5d4bf26,,,,,,,,,,,,,,,,,,,,,,,,,,,,,,,,,,,,,,,,,,,,,,,,,,,,,,,,,,,,70,stim_fam/070_rgray_250.png,,,,,,,,,,,,,,,,,,,,,,,,,,,,,,,,,,,,,1.698434491,959.8583,961.5574,,,,,,,,FALSE,,FALSE,,,,,,,,,,,,961.5584,962.3573,p,0.6765,,116,111,2,1,250,novel,,,FALSE,962.3575,962.3575,962.3575,962.3576,,115,0,115,0,1,,
,,,,,6a180b5ab5a5e1be04527fd3,2026-05-28_10h32.02.180,WP1_3,2025.2.3,Win32,59.17159763,69f205e81325e0942cd07d79,6a030b8ba3607712b5d4bf26,,,,,,,,,,,,,,,,,,,,,,,,,,,,,,,,,,,,,,,,,,,,,,,,,,,,,,,,,,,,50,Celebrities_Faces/050_03_greyscale_250.png,,,,,,,,,,,,,,,,,,,,,,,,,,,,,,,,,,,,,2.077609506,962.358,964.4243,,,,,,,,TRUE,,FALSE,,,,,,,,,,,,964.4257,965.0407,p,0.5177,,117,62,2,1,3,familiar,,,FALSE,965.0408,965.0409,965.0409,965.0411,,116,0,116,0,1,,
,,,,,6a180b5ab5a5e1be04527fd3,2026-05-28_10h32.02.180,WP1_3,2025.2.3,Win32,59.17159763,69f205e81325e0942cd07d79,6a030b8ba3607712b5d4bf26,,,,,,,,,,,,,,,,,,,,,,,,,,,,,,,,,,,,,,,,,,,,,,,,,,,,,,,,,,,,93,stim_fam/093_rgray_250.png,,,,,,,,,,,,,,,,,,,,,,,,,,,,,,,,,,,,,2.47238059,965.0416,967.5111,,,,,,,,FALSE,,FALSE,,,,,,,,,,,,967.5123,968.2076,q,0.5933,,118,96,2,1,250,novel,,,FALSE,968.2079,968.208,968.208,968.2082,,117,0,117,0,1,,
,,,,,6a180b5ab5a5e1be04527fd3,2026-05-28_10h32.02.180,WP1_3,2025.2.3,Win32,59.17159763,69f205e81325e0942cd07d79,6a030b8ba3607712b5d4bf26,,,,,,,,,,,,,,,,,,,,,,,,,,,,,,,,,,,,,,,,,,,,,,,,,,,,,,,,,,,,52,Celebrities_Faces/052_01_greyscale_250.png,,,,,,,,,,,,,,,,,,,,,,,,,,,,,,,,,,,,,1.819147596,968.2085,970.0239,,,,,,,,TRUE,,FALSE,,,,,,,,,,,,970.0248,970.9406,q,0.8119,,119,63,2,1,1,familiar,,,FALSE,970.9409,970.941,970.9411,970.9412,,118,0,118,0,1,,
,,,,,6a180b5ab5a5e1be04527fd3,2026-05-28_10h32.02.180,WP1_3,2025.2.3,Win32,59.17159763,69f205e81325e0942cd07d79,6a030b8ba3607712b5d4bf26,,,,,,,,,,,,,,,,,,,,,,,,,,,,,,,,,,,,,,,,,,,,,,,,,,,,,,,,,,,,74,stim_fam/074_rgray_250.png,,,,,,,,,,,,,,,,,,,,,,,,,,,,,,,,,,,,,1.587281439,970.9415,972.5246,,,,,,,,FALSE,,FALSE,,,,,,,,,,,,972.5257,973.3073,p,0.6813,,120,95,2,1,250,novel,,,FALSE,973.3075,973.3075,973.3076,983.3575,space,119,0,119,0,1,10.0168,
,,,,,6a180b5ab5a5e1be04527fd3,2026-05-28_10h32.02.180,WP1_3,2025.2.3,Win32,59.17159763,69f205e81325e0942cd07d79,6a030b8ba3607712b5d4bf26,,,,,,,,,,,,,,,,,,,,,,,,,,,,,,,,,,,,,,,,,,,,,,,,,,,,,,,,,,,,11,stim_fam/011_rgray_250.png,,,,,,,,,,,,,,,,,,,,,,,,,,,,,,,,,,,,,1.540461275,983.358,984.8907,,,,,,,,FALSE,,FALSE,,,,,,,,,,,,984.8916,985.7411,p,0.745,,121,154,3,1,250,novel,,,FALSE,985.7413,985.7413,985.7414,985.7414,,120,0,120,0,1,,
,,,,,6a180b5ab5a5e1be04527fd3,2026-05-28_10h32.02.180,WP1_3,2025.2.3,Win32,59.17159763,69f205e81325e0942cd07d79,6a030b8ba3607712b5d4bf26,,,,,,,,,,,,,,,,,,,,,,,,,,,,,,,,,,,,,,,,,,,,,,,,,,,,,,,,,,,,86,stim_fam/086_rgray_250.png,,,,,,,,,,,,,,,,,,,,,,,,,,,,,,,,,,,,,2.338795916,985.7417,988.0751,,,,,,,,FALSE,,FALSE,,,,,,,,,,,,988.0762,988.8086,p,0.6284,,122,160,3,1,250,novel,,,FALSE,988.8089,988.8091,988.8091,988.8092,,121,0,121,0,1,,
,,,,,6a180b5ab5a5e1be04527fd3,2026-05-28_10h32.02.180,WP1_3,2025.2.3,Win32,59.17159763,69f205e81325e0942cd07d79,6a030b8ba3607712b5d4bf26,,,,,,,,,,,,,,,,,,,,,,,,,,,,,,,,,,,,,,,,,,,,,,,,,,,,,,,,,,,,29,Celebrities_Faces/029_03_greyscale_250.png,,,,,,,,,,,,,,,,,,,,,,,,,,,,,,,,,,,,,2.063213909,988.8098,990.8753,,,,,,,,TRUE,,FALSE,,,,,,,,,,,,990.8764,991.6412,p,0.6508,,123,126,3,1,3,familiar,,,FALSE,991.6415,991.6415,991.6415,991.6416,,122,0,122,0,1,,
,,,,,6a180b5ab5a5e1be04527fd3,2026-05-28_10h32.02.180,WP1_3,2025.2.3,Win32,59.17159763,69f205e81325e0942cd07d79,6a030b8ba3607712b5d4bf26,,,,,,,,,,,,,,,,,,,,,,,,,,,,,,,,,,,,,,,,,,,,,,,,,,,,,,,,,,,,91,stim_fam/091_rgray_250.png,,,,,,,,,,,,,,,,,,,,,,,,,,,,,,,,,,,,,1.758731302,991.6419,993.3915,,,,,,,,FALSE,,FALSE,,,,,,,,,,,,993.3927,994.1414,p,0.6428,,124,172,3,1,250,novel,,,FALSE,994.1417,994.142,994.142,994.1422,,123,0,123,0,1,,
,,,,,6a180b5ab5a5e1be04527fd3,2026-05-28_10h32.02.180,WP1_3,2025.2.3,Win32,59.17159763,69f205e81325e0942cd07d79,6a030b8ba3607712b5d4bf26,,,,,,,,,,,,,,,,,,,,,,,,,,,,,,,,,,,,,,,,,,,,,,,,,,,,,,,,,,,,87,stim_fam/087_rgray_250.png,,,,,,,,,,,,,,,,,,,,,,,,,,,,,,,,,,,,,2.219555619,994.1426,996.3575,,,,,,,,FALSE,,FALSE,,,,,,,,,,,,996.358,997.1245,p,0.675,,125,173,3,1,250,novel,,,FALSE,997.1246,997.1247,997.1248,997.1248,,124,0,124,0,1,,
,,,,,6a180b5ab5a5e1be04527fd3,2026-05-28_10h32.02.180,WP1_3,2025.2.3,Win32,59.17159763,69f205e81325e0942cd07d79,6a030b8ba3607712b5d4bf26,,,,,,,,,,,,,,,,,,,,,,,,,,,,,,,,,,,,,,,,,,,,,,,,,,,,,,,,,,,,80,stim_fam/080_rgray_250.png,,,,,,,,,,,,,,,,,,,,,,,,,,,,,,,,,,,,,1.933910016,997.1254,999.0578,,,,,,,,FALSE,,FALSE,,,,,,,,,,,,999.0589,999.6753,q,0.5051,,126,174,3,1,250,novel,,,FALSE,999.6756,999.6757,999.6757,999.6758,,125,0,125,0,1,,
,,,,,6a180b5ab5a5e1be04527fd3,2026-05-28_10h32.02.180,WP1_3,2025.2.3,Win32,59.17159763,69f205e81325e0942cd07d79,6a030b8ba3607712b5d4bf26,,,,,,,,,,,,,,,,,,,,,,,,,,,,,,,,,,,,,,,,,,,,,,,,,,,,,,,,,,,,34,stim_fam/034_rgray_250.png,,,,,,,,,,,,,,,,,,,,,,,,,,,,,,,,,,,,,1.965664536,999.6763,1001.6416,,,,,,,,FALSE,,FALSE,,,,,,,,,,,,1001.6429,1002.3745,p,0.6327,,127,178,3,1,250,novel,,,FALSE,1002.3748,1002.3749,1002.375,1002.3751,,126,0,126,0,1,,
,,,,,6a180b5ab5a5e1be04527fd3,2026-05-28_10h32.02.180,WP1_3,2025.2.3,Win32,59.17159763,69f205e81325e0942cd07d79,6a030b8ba3607712b5d4bf26,,,,,,,,,,,,,,,,,,,,,,,,,,,,,,,,,,,,,,,,,,,,,,,,,,,,,,,,,,,,8,Celebrities_Faces/008_01_greyscale_250.png,,,,,,,,,,,,,,,,,,,,,,,,,,,,,,,,,,,,,1.60953044,1002.3754,1003.9749,,,,,,,,TRUE,,FALSE,,,,,,,,,,,,1003.9762,1004.7413,q,0.6644,,128,133,3,1,1,familiar,,,FALSE,1004.7415,1004.7415,1004.7416,1004.7416,,127,0,127,0,1,,
,,,,,6a180b5ab5a5e1be04527fd3,2026-05-28_10h32.02.180,WP1_3,2025.2.3,Win32,59.17159763,69f205e81325e0942cd07d79,6a030b8ba3607712b5d4bf26,,,,,,,,,,,,,,,,,,,,,,,,,,,,,,,,,,,,,,,,,,,,,,,,,,,,,,,,,,,,14,stim_fam/014_rgray_250.png,,,,,,,,,,,,,,,,,,,,,,,,,,,,,,,,,,,,,2.02812207,1004.7419,1006.7578,,,,,,,,FALSE,,FALSE,,,,,,,,,,,,1006.7587,1007.3749,p,0.5119,,129,179,3,1,250,novel,,,FALSE,1007.375,1007.375,1007.375,1007.3751,,128,0,128,0,1,,
,,,,,6a180b5ab5a5e1be04527fd3,2026-05-28_10h32.02.180,WP1_3,2025.2.3,Win32,59.17159763,69f205e81325e0942cd07d79,6a030b8ba3607712b5d4bf26,,,,,,,,,,,,,,,,,,,,,,,,,,,,,,,,,,,,,,,,,,,,,,,,,,,,,,,,,,,,1,Celebrities_Faces/001_01_greyscale_250.png,,,,,,,,,,,,,,,,,,,,,,,,,,,,,,,,,,,,,1.584051807,1007.3754,1008.9582,,,,,,,,TRUE,,FALSE,,,,,,,,,,,,1008.9587,1009.6244,q,0.5575,,130,129,3,1,1,familiar,,,FALSE,1009.6246,1009.6246,1009.6247,1009.6248,,129,0,129,0,1,,
,,,,,6a180b5ab5a5e1be04527fd3,2026-05-28_10h32.02.180,WP1_3,2025.2.3,Win32,59.17159763,69f205e81325e0942cd07d79,6a030b8ba3607712b5d4bf26,,,,,,,,,,,,,,,,,,,,,,,,,,,,,,,,,,,,,,,,,,,,,,,,,,,,,,,,,,,,4,Celebrities_Faces/004_02_greyscale_250.png,,,,,,,,,,,,,,,,,,,,,,,,,,,,,,,,,,,,,2.042038081,1009.6253,1011.6585,,,,,,,,TRUE,,FALSE,,,,,,,,,,,,1011.6597,1012.3416,p,0.587,,131,125,3,1,2,familiar,,,FALSE,1012.3418,1012.342,1012.3421,1012.3422,,130,0,130,0,1,,
,,,,,6a180b5ab5a5e1be04527fd3,2026-05-28_10h32.02.180,WP1_3,2025.2.3,Win32,59.17159763,69f205e81325e0942cd07d79,6a030b8ba3607712b5d4bf26,,,,,,,,,,,,,,,,,,,,,,,,,,,,,,,,,,,,,,,,,,,,,,,,,,,,,,,,,,,,71,stim_fam/071_rgray_250.png,,,,,,,,,,,,,,,,,,,,,,,,,,,,,,,,,,,,,2.445883454,1012.3426,1014.7816,,,,,,,,FALSE,,FALSE,,,,,,,,,,,,1014.783,1015.5415,p,0.6608,,132,168,3,1,250,novel,,,FALSE,1015.5419,1015.5419,1015.542,1015.5422,,131,0,131,0,1,,
,,,,,6a180b5ab5a5e1be04527fd3,2026-05-28_10h32.02.180,WP1_3,2025.2.3,Win32,59.17159763,69f205e81325e0942cd07d79,6a030b8ba3607712b5d4bf26,,,,,,,,,,,,,,,,,,,,,,,,,,,,,,,,,,,,,,,,,,,,,,,,,,,,,,,,,,,,42,Celebrities_Faces/042_01_greyscale_250.png,,,,,,,,,,,,,,,,,,,,,,,,,,,,,,,,,,,,,1.932739391,1015.5425,1017.4748,,,,,,,,TRUE,,FALSE,,,,,,,,,,,,1017.4757,1018.2991,q,0.71,,133,124,3,1,1,familiar,,,FALSE,1018.2994,1018.2995,1018.2995,1018.2996,,132,0,132,0,1,,
,,,,,6a180b5ab5a5e1be04527fd3,2026-05-28_10h32.02.180,WP1_3,2025.2.3,Win32,59.17159763,69f205e81325e0942cd07d79,6a030b8ba3607712b5d4bf26,,,,,,,,,,,,,,,,,,,,,,,,,,,,,,,,,,,,,,,,,,,,,,,,,,,,,,,,,,,,75,stim_fam/075_rgray_250.png,,,,,,,,,,,,,,,,,,,,,,,,,,,,,,,,,,,,,1.598125896,1018.3,1019.8945,,,,,,,,FALSE,,FALSE,,,,,,,,,,,,1019.8957,1020.7914,p,0.7711,,134,165,3,1,250,novel,,,FALSE,1020.7916,1020.7917,1020.7917,1020.7918,,133,0,133,0,1,,
,,,,,6a180b5ab5a5e1be04527fd3,2026-05-28_10h32.02.180,WP1_3,2025.2.3,Win32,59.17159763,69f205e81325e0942cd07d79,6a030b8ba3607712b5d4bf26,,,,,,,,,,,,,,,,,,,,,,,,,,,,,,,,,,,,,,,,,,,,,,,,,,,,,,,,,,,,53,Celebrities_Faces/053_03_greyscale_250.png,,,,,,,,,,,,,,,,,,,,,,,,,,,,,,,,,,,,,1.854069061,1020.7922,1022.6417,,,,,,,,TRUE,,FALSE,,,,,,,,,,,,1022.6427,1023.3674,p,0.6303,,135,132,3,1,3,familiar,,,FALSE,1023.3675,1023.3677,1023.3677,1023.3679,,134,0,134,0,1,,
,,,,,6a180b5ab5a5e1be04527fd3,2026-05-28_10h32.02.180,WP1_3,2025.2.3,Win32,59.17159763,69f205e81325e0942cd07d79,6a030b8ba3607712b5d4bf26,,,,,,,,,,,,,,,,,,,,,,,,,,,,,,,,,,,,,,,,,,,,,,,,,,,,,,,,,,,,40,Celebrities_Faces/040_02_greyscale_250.png,,,,,,,,,,,,,,,,,,,,,,,,,,,,,,,,,,,,,1.808625928,1023.3683,1025.1753,,,,,,,,TRUE,,FALSE,,,,,,,,,,,,1025.1765,1026.0171,p,0.744,,136,138,3,1,2,familiar,,,FALSE,1026.0172,1026.0172,1026.0172,1026.0173,,135,0,135,0,1,,
,,,,,6a180b5ab5a5e1be04527fd3,2026-05-28_10h32.02.180,WP1_3,2025.2.3,Win32,59.17159763,69f205e81325e0942cd07d79,6a030b8ba3607712b5d4bf26,,,,,,,,,,,,,,,,,,,,,,,,,,,,,,,,,,,,,,,,,,,,,,,,,,,,,,,,,,,,81,stim_fam/081_rgray_250.png,,,,,,,,,,,,,,,,,,,,,,,,,,,,,,,,,,,,,2.328579739,1026.0176,1028.3415,,,,,,,,FALSE,,FALSE,,,,,,,,,,,,1028.3426,1029.0754,p,0.6336,,137,171,3,1,250,novel,,,FALSE,1029.0756,1029.0757,1029.0757,1029.0759,,136,0,136,0,1,,
,,,,,6a180b5ab5a5e1be04527fd3,2026-05-28_10h32.02.180,WP1_3,2025.2.3,Win32,59.17159763,69f205e81325e0942cd07d79,6a030b8ba3607712b5d4bf26,,,,,,,,,,,,,,,,,,,,,,,,,,,,,,,,,,,,,,,,,,,,,,,,,,,,,,,,,,,,38,Celebrities_Faces/038_03_greyscale_250.png,,,,,,,,,,,,,,,,,,,,,,,,,,,,,,,,,,,,,2.287304672,1029.0762,1031.3585,,,,,,,,TRUE,,FALSE,,,,,,,,,,,,1031.3595,1032.0589,q,0.5955,,138,127,3,1,3,familiar,,,FALSE,1032.0591,1032.0592,1032.0592,1032.0595,,137,0,137,0,1,,
,,,,,6a180b5ab5a5e1be04527fd3,2026-05-28_10h32.02.180,WP1_3,2025.2.3,Win32,59.17159763,69f205e81325e0942cd07d79,6a030b8ba3607712b5d4bf26,,,,,,,,,,,,,,,,,,,,,,,,,,,,,,,,,,,,,,,,,,,,,,,,,,,,,,,,,,,,34,Celebrities_Faces/034_01_greyscale_250.png,,,,,,,,,,,,,,,,,,,,,,,,,,,,,,,,,,,,,1.877915213,1032.0597,1033.9251,,,,,,,,TRUE,,FALSE,,,,,,,,,,,,1033.9259,1034.7247,p,0.6762,,139,149,3,1,1,familiar,,,FALSE,1034.7249,1034.725,1034.725,1034.7252,,138,0,138,0,1,,
,,,,,6a180b5ab5a5e1be04527fd3,2026-05-28_10h32.02.180,WP1_3,2025.2.3,Win32,59.17159763,69f205e81325e0942cd07d79,6a030b8ba3607712b5d4bf26,,,,,,,,,,,,,,,,,,,,,,,,,,,,,,,,,,,,,,,,,,,,,,,,,,,,,,,,,,,,50,stim_fam/050_rgray_250.png,,,,,,,,,,,,,,,,,,,,,,,,,,,,,,,,,,,,,2.186037885,1034.7255,1036.9083,,,,,,,,FALSE,,FALSE,,,,,,,,,,,,1036.9094,1037.6333,p,0.6169,,140,151,3,1,250,novel,,,FALSE,1037.6337,1037.6338,1037.6339,1037.634,,139,0,139,0,1,,
,,,,,6a180b5ab5a5e1be04527fd3,2026-05-28_10h32.02.180,WP1_3,2025.2.3,Win32,59.17159763,69f205e81325e0942cd07d79,6a030b8ba3607712b5d4bf26,,,,,,,,,,,,,,,,,,,,,,,,,,,,,,,,,,,,,,,,,,,,,,,,,,,,,,,,,,,,39,stim_fam/039_rgray_250.png,,,,,,,,,,,,,,,,,,,,,,,,,,,,,,,,,,,,,1.820177077,1037.6344,1039.4584,,,,,,,,FALSE,,FALSE,,,,,,,,,,,,1039.4594,1040.2919,p,0.7144,,141,175,3,1,250,novel,,,FALSE,1040.2921,1040.2922,1040.2922,1040.2924,,140,0,140,0,1,,
,,,,,6a180b5ab5a5e1be04527fd3,2026-05-28_10h32.02.180,WP1_3,2025.2.3,Win32,59.17159763,69f205e81325e0942cd07d79,6a030b8ba3607712b5d4bf26,,,,,,,,,,,,,,,,,,,,,,,,,,,,,,,,,,,,,,,,,,,,,,,,,,,,,,,,,,,,20,stim_fam/020_rgray_250.png,,,,,,,,,,,,,,,,,,,,,,,,,,,,,,,,,,,,,1.916264634,1040.2927,1042.2083,,,,,,,,FALSE,,FALSE,,,,,,,,,,,,1042.2094,1042.9915,p,0.6608,,142,164,3,1,250,novel,,,FALSE,1042.9917,1042.9917,1042.9917,1042.9918,,141,0,141,0,1,,
,,,,,6a180b5ab5a5e1be04527fd3,2026-05-28_10h32.02.180,WP1_3,2025.2.3,Win32,59.17159763,69f205e81325e0942cd07d79,6a030b8ba3607712b5d4bf26,,,,,,,,,,,,,,,,,,,,,,,,,,,,,,,,,,,,,,,,,,,,,,,,,,,,,,,,,,,,12,Celebrities_Faces/012_01_greyscale_250.png,,,,,,,,,,,,,,,,,,,,,,,,,,,,,,,,,,,,,1.905890979,1042.9924,1044.8918,,,,,,,,TRUE,,FALSE,,,,,,,,,,,,1044.8928,1045.6584,p,0.6548,,143,140,3,1,1,familiar,,,FALSE,1045.6587,1045.6587,1045.6587,1045.6588,,142,0,142,0,1,,
,,,,,6a180b5ab5a5e1be04527fd3,2026-05-28_10h32.02.180,WP1_3,2025.2.3,Win32,59.17159763,69f205e81325e0942cd07d79,6a030b8ba3607712b5d4bf26,,,,,,,,,,,,,,,,,,,,,,,,,,,,,,,,,,,,,,,,,,,,,,,,,,,,,,,,,,,,16,Celebrities_Faces/016_03_greyscale_250.png,,,,,,,,,,,,,,,,,,,,,,,,,,,,,,,,,,,,,2.243145317,1045.6592,1047.8918,,,,,,,,TRUE,,FALSE,,,,,,,,,,,,1047.8927,1048.6923,p,0.6917,,144,144,3,1,3,familiar,,,FALSE,1048.6927,1048.6928,1048.6928,1048.6929,,143,0,143,0,1,,
,,,,,6a180b5ab5a5e1be04527fd3,2026-05-28_10h32.02.180,WP1_3,2025.2.3,Win32,59.17159763,69f205e81325e0942cd07d79,6a030b8ba3607712b5d4bf26,,,,,,,,,,,,,,,,,,,,,,,,,,,,,,,,,,,,,,,,,,,,,,,,,,,,,,,,,,,,68,stim_fam/068_rgray_250.png,,,,,,,,,,,,,,,,,,,,,,,,,,,,,,,,,,,,,1.517769854,1048.6933,1050.2092,,,,,,,,FALSE,,FALSE,,,,,,,,,,,,1050.2098,1051.1918,q,0.886,,145,152,3,1,250,novel,,,FALSE,1051.192,1051.1921,1051.1921,1051.1922,,144,0,144,0,1,,
,,,,,6a180b5ab5a5e1be04527fd3,2026-05-28_10h32.02.180,WP1_3,2025.2.3,Win32,59.17159763,69f205e81325e0942cd07d79,6a030b8ba3607712b5d4bf26,,,,,,,,,,,,,,,,,,,,,,,,,,,,,,,,,,,,,,,,,,,,,,,,,,,,,,,,,,,,47,Celebrities_Faces/047_01_greyscale_250.png,,,,,,,,,,,,,,,,,,,,,,,,,,,,,,,,,,,,,2.172159386,1051.1926,1053.3591,,,,,,,,TRUE,,FALSE,,,,,,,,,,,,1053.3606,1054.1254,p,0.6711,,146,141,3,1,1,familiar,,,FALSE,1054.1257,1054.1258,1054.1258,1054.1259,,145,0,145,0,1,,
,,,,,6a180b5ab5a5e1be04527fd3,2026-05-28_10h32.02.180,WP1_3,2025.2.3,Win32,59.17159763,69f205e81325e0942cd07d79,6a030b8ba3607712b5d4bf26,,,,,,,,,,,,,,,,,,,,,,,,,,,,,,,,,,,,,,,,,,,,,,,,,,,,,,,,,,,,49,Celebrities_Faces/049_01_greyscale_250.png,,,,,,,,,,,,,,,,,,,,,,,,,,,,,,,,,,,,,1.557089854,1054.1263,1055.6754,,,,,,,,TRUE,,FALSE,,,,,,,,,,,,1055.6761,1056.4918,p,0.7053,,147,137,3,1,1,familiar,,,FALSE,1056.4921,1056.4922,1056.4923,1056.4924,,146,0,146,0,1,,
,,,,,6a180b5ab5a5e1be04527fd3,2026-05-28_10h32.02.180,WP1_3,2025.2.3,Win32,59.17159763,69f205e81325e0942cd07d79,6a030b8ba3607712b5d4bf26,,,,,,,,,,,,,,,,,,,,,,,,,,,,,,,,,,,,,,,,,,,,,,,,,,,,,,,,,,,,3,stim_fam/003_rgray_250.png,,,,,,,,,,,,,,,,,,,,,,,,,,,,,,,,,,,,,2.433694312,1056.4928,1058.9252,,,,,,,,FALSE,,FALSE,,,,,,,,,,,,1058.9259,1059.8833,q,0.8622,,148,157,3,1,250,novel,,,FALSE,1059.8835,1059.8836,1059.8836,1059.8837,,147,0,147,0,1,,
,,,,,6a180b5ab5a5e1be04527fd3,2026-05-28_10h32.02.180,WP1_3,2025.2.3,Win32,59.17159763,69f205e81325e0942cd07d79,6a030b8ba3607712b5d4bf26,,,,,,,,,,,,,,,,,,,,,,,,,,,,,,,,,,,,,,,,,,,,,,,,,,,,,,,,,,,,31,Celebrities_Faces/031_03_greyscale_250.png,,,,,,,,,,,,,,,,,,,,,,,,,,,,,,,,,,,,,1.543098592,1059.8842,1061.4256,,,,,,,,TRUE,,FALSE,,,,,,,,,,,,1061.4267,1062.2252,p,0.6953,,149,135,3,1,3,familiar,,,FALSE,1062.2254,1062.2255,1062.2255,1062.2257,,148,0,148,0,1,,
,,,,,6a180b5ab5a5e1be04527fd3,2026-05-28_10h32.02.180,WP1_3,2025.2.3,Win32,59.17159763,69f205e81325e0942cd07d79,6a030b8ba3607712b5d4bf26,,,,,,,,,,,,,,,,,,,,,,,,,,,,,,,,,,,,,,,,,,,,,,,,,,,,,,,,,,,,45,Celebrities_Faces/045_01_greyscale_250.png,,,,,,,,,,,,,,,,,,,,,,,,,,,,,,,,,,,,,1.80728566,1062.2261,1064.0259,,,,,,,,TRUE,,FALSE,,,,,,,,,,,,1064.027,1064.842,q,0.7134,,150,131,3,1,1,familiar,,,FALSE,1064.8422,1064.8424,1064.8424,1064.8425,,149,0,149,0,1,,
,,,,,6a180b5ab5a5e1be04527fd3,2026-05-28_10h32.02.180,WP1_3,2025.2.3,Win32,59.17159763,69f205e81325e0942cd07d79,6a030b8ba3607712b5d4bf26,,,,,,,,,,,,,,,,,,,,,,,,,,,,,,,,,,,,,,,,,,,,,,,,,,,,,,,,,,,,35,Celebrities_Faces/035_01_greyscale_250.png,,,,,,,,,,,,,,,,,,,,,,,,,,,,,,,,,,,,,2.409095389,1064.8428,1067.243,,,,,,,,TRUE,,FALSE,,,,,,,,,,,,1067.2449,1068.2923,p,0.9417,,151,142,3,1,1,familiar,,,FALSE,1068.2924,1068.2924,1068.2924,1068.2926,,150,0,150,0,1,,
,,,,,6a180b5ab5a5e1be04527fd3,2026-05-28_10h32.02.180,WP1_3,2025.2.3,Win32,59.17159763,69f205e81325e0942cd07d79,6a030b8ba3607712b5d4bf26,,,,,,,,,,,,,,,,,,,,,,,,,,,,,,,,,,,,,,,,,,,,,,,,,,,,,,,,,,,,25,stim_fam/025_rgray_250.png,,,,,,,,,,,,,,,,,,,,,,,,,,,,,,,,,,,,,1.996229572,1068.2931,1070.2923,,,,,,,,FALSE,,FALSE,,,,,,,,,,,,1070.293,1071.317,p,0.931,,152,161,3,1,250,novel,,,FALSE,1071.3173,1071.3173,1071.3173,1071.3174,,151,0,151,0,1,,
,,,,,6a180b5ab5a5e1be04527fd3,2026-05-28_10h32.02.180,WP1_3,2025.2.3,Win32,59.17159763,69f205e81325e0942cd07d79,6a030b8ba3607712b5d4bf26,,,,,,,,,,,,,,,,,,,,,,,,,,,,,,,,,,,,,,,,,,,,,,,,,,,,,,,,,,,,73,stim_fam/073_rgray_250.png,,,,,,,,,,,,,,,,,,,,,,,,,,,,,,,,,,,,,1.966150657,1071.3177,1073.2758,,,,,,,,FALSE,,FALSE,,,,,,,,,,,,1073.2768,1074.1441,p,0.777,,153,158,3,1,250,novel,,,FALSE,1074.1444,1074.1446,1074.1446,1074.1448,,152,0,152,0,1,,
,,,,,6a180b5ab5a5e1be04527fd3,2026-05-28_10h32.02.180,WP1_3,2025.2.3,Win32,59.17159763,69f205e81325e0942cd07d79,6a030b8ba3607712b5d4bf26,,,,,,,,,,,,,,,,,,,,,,,,,,,,,,,,,,,,,,,,,,,,,,,,,,,,,,,,,,,,52,Celebrities_Faces/052_02_greyscale_250.png,,,,,,,,,,,,,,,,,,,,,,,,,,,,,,,,,,,,,1.658124887,1074.1451,1075.7923,,,,,,,,TRUE,,FALSE,,,,,,,,,,,,1075.7936,1076.8671,q,0.98,,154,123,3,1,2,familiar,,,FALSE,1076.8674,1076.8674,1076.8675,1076.8675,,153,0,153,0,1,,
,,,,,6a180b5ab5a5e1be04527fd3,2026-05-28_10h32.02.180,WP1_3,2025.2.3,Win32,59.17159763,69f205e81325e0942cd07d79,6a030b8ba3607712b5d4bf26,,,,,,,,,,,,,,,,,,,,,,,,,,,,,,,,,,,,,,,,,,,,,,,,,,,,,,,,,,,,5,Celebrities_Faces/005_03_greyscale_250.png,,,,,,,,,,,,,,,,,,,,,,,,,,,,,,,,,,,,,2.064909056,1076.8679,1078.926,,,,,,,,TRUE,,FALSE,,,,,,,,,,,,1078.9272,1079.6592,q,0.6237,,155,128,3,1,3,familiar,,,FALSE,1079.6597,1079.6598,1079.6599,1079.6599,,154,0,154,0,1,,
,,,,,6a180b5ab5a5e1be04527fd3,2026-05-28_10h32.02.180,WP1_3,2025.2.3,Win32,59.17159763,69f205e81325e0942cd07d79,6a030b8ba3607712b5d4bf26,,,,,,,,,,,,,,,,,,,,,,,,,,,,,,,,,,,,,,,,,,,,,,,,,,,,,,,,,,,,7,Celebrities_Faces/007_03_greyscale_250.png,,,,,,,,,,,,,,,,,,,,,,,,,,,,,,,,,,,,,1.620032708,1079.6603,1081.2757,,,,,,,,TRUE,,FALSE,,,,,,,,,,,,1081.2766,1082.2755,q,0.8918,,156,139,3,1,3,familiar,,,FALSE,1082.2757,1082.2758,1082.2759,1082.276,,155,0,155,0,1,,
,,,,,6a180b5ab5a5e1be04527fd3,2026-05-28_10h32.02.180,WP1_3,2025.2.3,Win32,59.17159763,69f205e81325e0942cd07d79,6a030b8ba3607712b5d4bf26,,,,,,,,,,,,,,,,,,,,,,,,,,,,,,,,,,,,,,,,,,,,,,,,,,,,,,,,,,,,102,stim_fam/102_rgray_250.png,,,,,,,,,,,,,,,,,,,,,,,,,,,,,,,,,,,,,2.320728539,1082.2764,1084.5928,,,,,,,,FALSE,,TRUE,,,,,,,,,,,,1084.594,1085.7127,,,,157,163,3,1,250,novel,,,FALSE,1085.713,1086.7093,1086.7093,1086.7096,,156,0,156,0,1,,
,,,,,6a180b5ab5a5e1be04527fd3,2026-05-28_10h32.02.180,WP1_3,2025.2.3,Win32,59.17159763,69f205e81325e0942cd07d79,6a030b8ba3607712b5d4bf26,,,,,,,,,,,,,,,,,,,,,,,,,,,,,,,,,,,,,,,,,,,,,,,,,,,,,,,,,,,,94,stim_fam/094_rgray_250.png,,,,,,,,,,,,,,,,,,,,,,,,,,,,,,,,,,,,,2.16619492,1086.7102,1088.876,,,,,,,,FALSE,,FALSE,,,,,,,,,,,,1088.877,1089.676,q,0.698,,158,167,3,1,250,novel,,,FALSE,1089.6761,1089.6762,1089.6762,1089.6763,,157,0,157,0,1,,
,,,,,6a180b5ab5a5e1be04527fd3,2026-05-28_10h32.02.180,WP1_3,2025.2.3,Win32,59.17159763,69f205e81325e0942cd07d79,6a030b8ba3607712b5d4bf26,,,,,,,,,,,,,,,,,,,,,,,,,,,,,,,,,,,,,,,,,,,,,,,,,,,,,,,,,,,,50,Celebrities_Faces/050_01_greyscale_250.png,,,,,,,,,,,,,,,,,,,,,,,,,,,,,,,,,,,,,2.468795523,1089.6765,1092.143,,,,,,,,TRUE,,FALSE,,,,,,,,,,,,1092.1441,1093.1427,p,0.8903,,159,122,3,1,1,familiar,,,FALSE,1093.1429,1093.1429,1093.143,1093.143,,158,0,158,0,1,,
,,,,,6a180b5ab5a5e1be04527fd3,2026-05-28_10h32.02.180,WP1_3,2025.2.3,Win32,59.17159763,69f205e81325e0942cd07d79,6a030b8ba3607712b5d4bf26,,,,,,,,,,,,,,,,,,,,,,,,,,,,,,,,,,,,,,,,,,,,,,,,,,,,,,,,,,,,64,stim_fam/064_rgray_250.png,,,,,,,,,,,,,,,,,,,,,,,,,,,,,,,,,,,,,2.329044272,1093.1434,1095.4759,,,,,,,,FALSE,,FALSE,,,,,,,,,,,,1095.4767,1096.2594,q,0.6578,,160,176,3,1,250,novel,,,FALSE,1096.2596,1096.2597,1096.2598,1096.2599,,159,0,159,0,1,,
,,,,,6a180b5ab5a5e1be04527fd3,2026-05-28_10h32.02.180,WP1_3,2025.2.3,Win32,59.17159763,69f205e81325e0942cd07d79,6a030b8ba3607712b5d4bf26,,,,,,,,,,,,,,,,,,,,,,,,,,,,,,,,,,,,,,,,,,,,,,,,,,,,,,,,,,,,32,Celebrities_Faces/032_02_greyscale_250.png,,,,,,,,,,,,,,,,,,,,,,,,,,,,,,,,,,,,,2.388744134,1096.2603,1098.6427,,,,,,,,TRUE,,FALSE,,,,,,,,,,,,1098.6437,1099.3926,p,0.6159,,161,145,3,1,2,familiar,,,FALSE,1099.3928,1099.393,1099.393,1099.3931,,160,0,160,0,1,,
,,,,,6a180b5ab5a5e1be04527fd3,2026-05-28_10h32.02.180,WP1_3,2025.2.3,Win32,59.17159763,69f205e81325e0942cd07d79,6a030b8ba3607712b5d4bf26,,,,,,,,,,,,,,,,,,,,,,,,,,,,,,,,,,,,,,,,,,,,,,,,,,,,,,,,,,,,55,stim_fam/055_rgray_250.png,,,,,,,,,,,,,,,,,,,,,,,,,,,,,,,,,,,,,2.075193657,1099.3936,1101.4592,,,,,,,,FALSE,,FALSE,,,,,,,,,,,,1101.4603,1102.4929,p,0.9228,,162,170,3,1,250,novel,,,FALSE,1102.4931,1102.4932,1102.4932,1102.4933,,161,0,161,0,1,,
,,,,,6a180b5ab5a5e1be04527fd3,2026-05-28_10h32.02.180,WP1_3,2025.2.3,Win32,59.17159763,69f205e81325e0942cd07d79,6a030b8ba3607712b5d4bf26,,,,,,,,,,,,,,,,,,,,,,,,,,,,,,,,,,,,,,,,,,,,,,,,,,,,,,,,,,,,41,Celebrities_Faces/041_02_greyscale_250.png,,,,,,,,,,,,,,,,,,,,,,,,,,,,,,,,,,,,,1.882910187,1102.4937,1104.376,,,,,,,,TRUE,,TRUE,,,,,,,,,,,,1104.377,1105.4925,,,,163,150,3,1,2,familiar,,,FALSE,1105.4929,1106.4925,1106.4927,1106.4927,,162,0,162,0,1,,
,,,,,6a180b5ab5a5e1be04527fd3,2026-05-28_10h32.02.180,WP1_3,2025.2.3,Win32,59.17159763,69f205e81325e0942cd07d79,6a030b8ba3607712b5d4bf26,,,,,,,,,,,,,,,,,,,,,,,,,,,,,,,,,,,,,,,,,,,,,,,,,,,,,,,,,,,,16,stim_fam/016_rgray_250.png,,,,,,,,,,,,,,,,,,,,,,,,,,,,,,,,,,,,,1.601460901,1106.493,1108.0929,,,,,,,,FALSE,,FALSE,,,,,,,,,,,,1108.0938,1108.7929,p,0.5919,,164,155,3,1,250,novel,,,FALSE,1108.7934,1108.7934,1108.7934,1108.7936,,163,0,163,0,1,,
,,,,,6a180b5ab5a5e1be04527fd3,2026-05-28_10h32.02.180,WP1_3,2025.2.3,Win32,59.17159763,69f205e81325e0942cd07d79,6a030b8ba3607712b5d4bf26,,,,,,,,,,,,,,,,,,,,,,,,,,,,,,,,,,,,,,,,,,,,,,,,,,,,,,,,,,,,20,Celebrities_Faces/020_01_greyscale_250.png,,,,,,,,,,,,,,,,,,,,,,,,,,,,,,,,,,,,,2.033118255,1108.7938,1110.826,,,,,,,,TRUE,,FALSE,,,,,,,,,,,,1110.8269,1111.4928,q,0.5651,,165,134,3,1,1,familiar,,,FALSE,1111.493,1111.4931,1111.4931,1111.4932,,164,0,164,0,1,,
,,,,,6a180b5ab5a5e1be04527fd3,2026-05-28_10h32.02.180,WP1_3,2025.2.3,Win32,59.17159763,69f205e81325e0942cd07d79,6a030b8ba3607712b5d4bf26,,,,,,,,,,,,,,,,,,,,,,,,,,,,,,,,,,,,,,,,,,,,,,,,,,,,,,,,,,,,29,stim_fam/029_rgray_250.png,,,,,,,,,,,,,,,,,,,,,,,,,,,,,,,,,,,,,2.242718063,1111.4935,1113.7266,,,,,,,,FALSE,,FALSE,,,,,,,,,,,,1113.7279,1114.4101,p,0.5752,,166,153,3,1,250,novel,,,FALSE,1114.4104,1114.4105,1114.4105,1114.4108,,165,0,165,0,1,,
,,,,,6a180b5ab5a5e1be04527fd3,2026-05-28_10h32.02.180,WP1_3,2025.2.3,Win32,59.17159763,69f205e81325e0942cd07d79,6a030b8ba3607712b5d4bf26,,,,,,,,,,,,,,,,,,,,,,,,,,,,,,,,,,,,,,,,,,,,,,,,,,,,,,,,,,,,53,stim_fam/053_rgray_250.png,,,,,,,,,,,,,,,,,,,,,,,,,,,,,,,,,,,,,2.461083382,1114.4112,1116.8761,,,,,,,,FALSE,,FALSE,,,,,,,,,,,,1116.8772,1117.5428,p,0.5569,,167,156,3,1,250,novel,,,FALSE,1117.5429,1117.5431,1117.5432,1117.5433,,166,0,166,0,1,,
,,,,,6a180b5ab5a5e1be04527fd3,2026-05-28_10h32.02.180,WP1_3,2025.2.3,Win32,59.17159763,69f205e81325e0942cd07d79,6a030b8ba3607712b5d4bf26,,,,,,,,,,,,,,,,,,,,,,,,,,,,,,,,,,,,,,,,,,,,,,,,,,,,,,,,,,,,9,stim_fam/009_rgray_250.png,,,,,,,,,,,,,,,,,,,,,,,,,,,,,,,,,,,,,2.199602079,1117.5436,1119.743,,,,,,,,FALSE,,FALSE,,,,,,,,,,,,1119.7441,1120.5765,p,0.7282,,168,169,3,1,250,novel,,,FALSE,1120.5767,1120.5768,1120.5768,1120.5769,,167,0,167,0,1,,
,,,,,6a180b5ab5a5e1be04527fd3,2026-05-28_10h32.02.180,WP1_3,2025.2.3,Win32,59.17159763,69f205e81325e0942cd07d79,6a030b8ba3607712b5d4bf26,,,,,,,,,,,,,,,,,,,,,,,,,,,,,,,,,,,,,,,,,,,,,,,,,,,,,,,,,,,,14,Celebrities_Faces/014_02_greyscale_250.png,,,,,,,,,,,,,,,,,,,,,,,,,,,,,,,,,,,,,2.246761323,1120.5774,1122.8295,,,,,,,,TRUE,,FALSE,,,,,,,,,,,,1122.8304,1123.498,p,0.559,,169,146,3,1,2,familiar,,,FALSE,1123.4981,1123.4982,1123.4982,1123.4983,,168,0,168,0,1,,
,,,,,6a180b5ab5a5e1be04527fd3,2026-05-28_10h32.02.180,WP1_3,2025.2.3,Win32,59.17159763,69f205e81325e0942cd07d79,6a030b8ba3607712b5d4bf26,,,,,,,,,,,,,,,,,,,,,,,,,,,,,,,,,,,,,,,,,,,,,,,,,,,,,,,,,,,,32,stim_fam/032_rgray_250.png,,,,,,,,,,,,,,,,,,,,,,,,,,,,,,,,,,,,,1.64336459,1123.4986,1125.1428,,,,,,,,FALSE,,FALSE,,,,,,,,,,,,1125.1436,1125.893,p,0.6473,,170,166,3,1,250,novel,,,FALSE,1125.8932,1125.8932,1125.8932,1125.8933,,169,0,169,0,1,,
,,,,,6a180b5ab5a5e1be04527fd3,2026-05-28_10h32.02.180,WP1_3,2025.2.3,Win32,59.17159763,69f205e81325e0942cd07d79,6a030b8ba3607712b5d4bf26,,,,,,,,,,,,,,,,,,,,,,,,,,,,,,,,,,,,,,,,,,,,,,,,,,,,,,,,,,,,33,Celebrities_Faces/033_03_greyscale_250.png,,,,,,,,,,,,,,,,,,,,,,,,,,,,,,,,,,,,,1.568967177,1125.8935,1127.4594,,,,,,,,TRUE,,FALSE,,,,,,,,,,,,1127.4601,1128.2431,q,0.6817,,171,130,3,1,3,familiar,,,FALSE,1128.2432,1128.2434,1128.2434,1128.2436,,170,0,170,0,1,,
,,,,,6a180b5ab5a5e1be04527fd3,2026-05-28_10h32.02.180,WP1_3,2025.2.3,Win32,59.17159763,69f205e81325e0942cd07d79,6a030b8ba3607712b5d4bf26,,,,,,,,,,,,,,,,,,,,,,,,,,,,,,,,,,,,,,,,,,,,,,,,,,,,,,,,,,,,63,stim_fam/063_rgray_250.png,,,,,,,,,,,,,,,,,,,,,,,,,,,,,,,,,,,,,1.846970989,1128.2439,1130.0961,,,,,,,,FALSE,,FALSE,,,,,,,,,,,,1130.0971,1130.8431,p,0.641,,172,159,3,1,250,novel,,,FALSE,1130.8434,1130.8435,1130.8435,1130.8437,,171,0,171,0,1,,
,,,,,6a180b5ab5a5e1be04527fd3,2026-05-28_10h32.02.180,WP1_3,2025.2.3,Win32,59.17159763,69f205e81325e0942cd07d79,6a030b8ba3607712b5d4bf26,,,,,,,,,,,,,,,,,,,,,,,,,,,,,,,,,,,,,,,,,,,,,,,,,,,,,,,,,,,,28,Celebrities_Faces/028_02_greyscale_250.png,,,,,,,,,,,,,,,,,,,,,,,,,,,,,,,,,,,,,2.145177676,1130.844,1132.9933,,,,,,,,TRUE,,FALSE,,,,,,,,,,,,1132.9944,1133.6267,q,0.5167,,173,121,3,1,2,familiar,,,FALSE,1133.627,1133.6272,1133.6272,1133.6272,,172,0,172,0,1,,
,,,,,6a180b5ab5a5e1be04527fd3,2026-05-28_10h32.02.180,WP1_3,2025.2.3,Win32,59.17159763,69f205e81325e0942cd07d79,6a030b8ba3607712b5d4bf26,,,,,,,,,,,,,,,,,,,,,,,,,,,,,,,,,,,,,,,,,,,,,,,,,,,,,,,,,,,,18,Celebrities_Faces/018_02_greyscale_250.png,,,,,,,,,,,,,,,,,,,,,,,,,,,,,,,,,,,,,1.944340366,1133.6276,1135.5601,,,,,,,,TRUE,,FALSE,,,,,,,,,,,,1135.5614,1136.3432,q,0.6811,,174,136,3,1,2,familiar,,,FALSE,1136.3435,1136.3437,1136.3437,1136.3437,,173,0,173,0,1,,
,,,,,6a180b5ab5a5e1be04527fd3,2026-05-28_10h32.02.180,WP1_3,2025.2.3,Win32,59.17159763,69f205e81325e0942cd07d79,6a030b8ba3607712b5d4bf26,,,,,,,,,,,,,,,,,,,,,,,,,,,,,,,,,,,,,,,,,,,,,,,,,,,,,,,,,,,,10,stim_fam/010_rgray_250.png,,,,,,,,,,,,,,,,,,,,,,,,,,,,,,,,,,,,,2.407311929,1136.3441,1138.7432,,,,,,,,FALSE,,FALSE,,,,,,,,,,,,1138.7442,1139.4602,p,0.606,,175,177,3,1,250,novel,,,FALSE,1139.4604,1139.4606,1139.4606,1139.4608,,174,0,174,0,1,,
,,,,,6a180b5ab5a5e1be04527fd3,2026-05-28_10h32.02.180,WP1_3,2025.2.3,Win32,59.17159763,69f205e81325e0942cd07d79,6a030b8ba3607712b5d4bf26,,,,,,,,,,,,,,,,,,,,,,,,,,,,,,,,,,,,,,,,,,,,,,,,,,,,,,,,,,,,17,Celebrities_Faces/017_01_greyscale_250.png,,,,,,,,,,,,,,,,,,,,,,,,,,,,,,,,,,,,,1.947551372,1139.4611,1141.4096,,,,,,,,TRUE,,FALSE,,,,,,,,,,,,1141.4102,1142.077,q,0.5707,,176,148,3,1,1,familiar,,,FALSE,1142.0771,1142.0773,1142.0773,1142.0773,,175,0,175,0,1,,
,,,,,6a180b5ab5a5e1be04527fd3,2026-05-28_10h32.02.180,WP1_3,2025.2.3,Win32,59.17159763,69f205e81325e0942cd07d79,6a030b8ba3607712b5d4bf26,,,,,,,,,,,,,,,,,,,,,,,,,,,,,,,,,,,,,,,,,,,,,,,,,,,,,,,,,,,,57,Celebrities_Faces/057_03_greyscale_250.png,,,,,,,,,,,,,,,,,,,,,,,,,,,,,,,,,,,,,2.224416516,1142.0777,1144.2935,,,,,,,,TRUE,,FALSE,,,,,,,,,,,,1144.2944,1144.9601,q,0.5652,,177,147,3,1,3,familiar,,,FALSE,1144.9603,1144.9603,1144.9604,1144.9605,,176,0,176,0,1,,
,,,,,6a180b5ab5a5e1be04527fd3,2026-05-28_10h32.02.180,WP1_3,2025.2.3,Win32,59.17159763,69f205e81325e0942cd07d79,6a030b8ba3607712b5d4bf26,,,,,,,,,,,,,,,,,,,,,,,,,,,,,,,,,,,,,,,,,,,,,,,,,,,,,,,,,,,,40,stim_fam/040_rgray_250.png,,,,,,,,,,,,,,,,,,,,,,,,,,,,,,,,,,,,,2.449277925,1144.9609,1147.4099,,,,,,,,FALSE,,FALSE,,,,,,,,,,,,1147.4108,1148.0099,p,0.4948,,178,162,3,1,250,novel,,,FALSE,1148.0101,1148.0103,1148.0103,1148.0104,,177,0,177,0,1,,
,,,,,6a180b5ab5a5e1be04527fd3,2026-05-28_10h32.02.180,WP1_3,2025.2.3,Win32,59.17159763,69f205e81325e0942cd07d79,6a030b8ba3607712b5d4bf26,,,,,,,,,,,,,,,,,,,,,,,,,,,,,,,,,,,,,,,,,,,,,,,,,,,,,,,,,,,,48,Celebrities_Faces/048_03_greyscale_250.png,,,,,,,,,,,,,,,,,,,,,,,,,,,,,,,,,,,,,2.119116152,1148.0107,1150.1269,,,,,,,,TRUE,,FALSE,,,,,,,,,,,,1150.1284,1150.7769,p,0.5498,,179,143,3,1,3,familiar,,,FALSE,1150.7771,1150.7772,1150.7774,1150.7775,,178,0,178,0,1,,
,,,,,6a180b5ab5a5e1be04527fd3,2026-05-28_10h32.02.180,WP1_3,2025.2.3,Win32,59.17159763,69f205e81325e0942cd07d79,6a030b8ba3607712b5d4bf26,,,,,,,,,,,,,,,,,,,,,,,,,,,,,,,,,,,,,,,,,,,,,,,,,,,,,,,,,,,,47,stim_fam/047_rgray_250.png,,,,,,,,,,,,,,,,,,,,,,,,,,,,,,,,,,,,,1.889565859,1150.7778,1152.6601,,,,,,,,FALSE,,FALSE,,,,,,,,,,,,1152.6611,1153.3934,p,0.632,,180,180,3,1,250,novel,,,FALSE,1153.3935,1153.3935,1153.3935,1153.3936,,179,0,179,0,1,,
