Study_information_1.started,Study_information_1.stopped,key_resp.keys,key_resp.rt,key_resp.duration,session,date,expName,psychopyVersion,OS,frameRate,participant,study_id,Study_information_2.started,Study_information_2.stopped,key_resp_2.keys,key_resp_2.rt,key_resp_2.duration,Study_information_3.started,Study_information_3.stopped,key_resp_3.keys,key_resp_3.rt,key_resp_3.duration,Consent.started,Consent.stopped,key_resp_5.keys,key_resp_5.rt,key_resp_5.duration,Instruction_1.started,Instruction_1.stopped,space_cont.keys,space_cont.rt,space_cont.duration,Instruction_2.started,Instruction_2.stopped,space_cont_2.keys,space_cont_2.rt,space_cont_2.duration,Instruction_3.started,Instruction_3.stopped,space_cont_3.keys,space_cont_3.rt,space_cont_3.duration,Instruction_4.started,Instruction_4.stopped,space_cont_4.keys,space_cont_4.rt,space_cont_4.duration,Instruction_5.started,Instruction_5.stopped,space_cont_5.keys,space_cont_5.rt,space_cont_5.duration,Familiarity_Rating.started,Familiarity_Rating.stopped,familiarity_scale.response,familiarity_scale.rt,key_resp_familiarity.keys,familiarity_rating,Valence_Rating.started,Valence_Rating.stopped,valence_scale.response,valence_scale.rt,key_resp_valence.keys,key_resp_valence.rt,key_resp_valence.duration,valence_rating,Name_Selection.started,Name_Selection.stopped,key_resp_naming.keys,key_resp_naming.rt,key_resp_naming.duration,identity_no,image_file,correct_name,selected_name_option,selected_name,correct_name_option,name_correct,qualifies_for_part2,qualified_count_so_far,trials_rating.thisRepN,trials_rating.thisTrialN,trials_rating.thisN,trials_rating.thisIndex,trials_rating.ran,Identity_no,Image,Option1,Option2,Option3,Option4,CorrectName,selection_method,num_selected_identities,qualified_identity_nos,break_1.started,break_1.stopped,Load_Recognition_Trials.started,Load_Recognition_Trials.stopped,Instruction_recog_1.started,Instruction_recog_1.stopped,space_cont_6.keys,space_cont_6.rt,space_cont_6.duration,Instruction_recog_2.started,Instruction_recog_2.stopped,space_cont_7.keys,space_cont_7.rt,space_cont_7.duration,fixation_duration,fix_cross.started,fix_cross.stopped,Practice_Recognition_Trial.started,Practice_Recognition_Trial.stopped,key_resp_practice.keys,key_resp_practice.rt,key_resp_practice.duration,is_practice,practice_trial_number,is_familiar,participant_response,too_slow,response_time,practice_trials.thisRepN,practice_trials.thisTrialN,practice_trials.thisN,practice_trials.thisIndex,practice_trials.ran,Instruction_recog.started,Instruction_recog.stopped,space_cont_8.keys,space_cont_8.rt,space_cont_8.duration,Recognition_trials.started,Recognition_trials.stopped,key_resp_recognition.keys,key_resp_recognition.rt,key_resp_recognition.duration,recognition_trial_number,original_trial_number,block,trial_in_block,orientation,identity_type,response_familiar,correct,valid_response,Too_slow.started,Too_slow.stopped,break_recog.started,break_recog.stopped,key_resp_6.keys,trials.thisRepN,trials.thisTrialN,trials.thisN,trials.thisIndex,trials.ran,key_resp_6.rt,key_resp_6.duration,End_experiment.started,End_experiment.stopped
0.0008,3.3903,space,3.3631,,6a180b571af3c9567a8ad244,2026-05-28_11h02.37.179,WP1_3,2025.2.3,Win32,60.24096386,6a0afe59b02506397f21638d,6a030b8ba3607712b5d4bf26,,,,,,,,,,,,,,,,,,,,,,,,,,,,,,,,,,,,,,,,,,,,,,,,,,,,,,,,,,,,,,,,,,,,,,,,,,,,,,,,,,,,,,,,,,,,,,,,,,,,,,,,,,,,,,,,,,,,,,,,,,,,,,,,,,,,,,,,,,,,,,,,,,,,,
,,,,,6a180b571af3c9567a8ad244,2026-05-28_11h02.37.179,WP1_3,2025.2.3,Win32,60.24096386,6a0afe59b02506397f21638d,6a030b8ba3607712b5d4bf26,3.3906,4.0936,space,0.6643,,,,,,,,,,,,,,,,,,,,,,,,,,,,,,,,,,,,,,,,,,,,,,,,,,,,,,,,,,,,,,,,,,,,,,,,,,,,,,,,,,,,,,,,,,,,,,,,,,,,,,,,,,,,,,,,,,,,,,,,,,,,,,,,,,,,,,,,,,,,,,,,,
,,,,,6a180b571af3c9567a8ad244,2026-05-28_11h02.37.179,WP1_3,2025.2.3,Win32,60.24096386,6a0afe59b02506397f21638d,6a030b8ba3607712b5d4bf26,,,,,,4.094,4.653,space,0.5066,,,,,,,,,,,,,,,,,,,,,,,,,,,,,,,,,,,,,,,,,,,,,,,,,,,,,,,,,,,,,,,,,,,,,,,,,,,,,,,,,,,,,,,,,,,,,,,,,,,,,,,,,,,,,,,,,,,,,,,,,,,,,,,,,,,,,,,,,,,,
,,,,,6a180b571af3c9567a8ad244,2026-05-28_11h02.37.179,WP1_3,2025.2.3,Win32,60.24096386,6a0afe59b02506397f21638d,6a030b8ba3607712b5d4bf26,,,,,,,,,,,4.6533,5.1264,space,0.4213,,,,,,,,,,,,,,,,,,,,,,,,,,,,,,,,,,,,,,,,,,,,,,,,,,,,,,,,,,,,,,,,,,,,,,,,,,,,,,,,,,,,,,,,,,,,,,,,,,,,,,,,,,,,,,,,,,,,,,,,,,,,,,,,,,,,,,,
,,,,,6a180b571af3c9567a8ad244,2026-05-28_11h02.37.179,WP1_3,2025.2.3,Win32,60.24096386,6a0afe59b02506397f21638d,6a030b8ba3607712b5d4bf26,,,,,,,,,,,,,,,,5.1266,5.6099,space,0.4218,,,,,,,,,,,,,,,,,,,,,,,,,,,,,,,,,,,,,,,,,,,,,,,,,,,,,,,,,,,,,,,,,,,,,,,,,,,,,,,,,,,,,,,,,,,,,,,,,,,,,,,,,,,,,,,,,,,,,,,,,,,,,,,,,,
,,,,,6a180b571af3c9567a8ad244,2026-05-28_11h02.37.179,WP1_3,2025.2.3,Win32,60.24096386,6a0afe59b02506397f21638d,6a030b8ba3607712b5d4bf26,,,,,,,,,,,,,,,,,,,,,5.6101,6.3774,space,0.7153,,,,,,,,,,,,,,,,,,,,,,,,,,,,,,,,,,,,,,,,,,,,,,,,,,,,,,,,,,,,,,,,,,,,,,,,,,,,,,,,,,,,,,,,,,,,,,,,,,,,,,,,,,,,,,,,,,,,,,,,,,,,,
,,,,,6a180b571af3c9567a8ad244,2026-05-28_11h02.37.179,WP1_3,2025.2.3,Win32,60.24096386,6a0afe59b02506397f21638d,6a030b8ba3607712b5d4bf26,,,,,,,,,,,,,,,,,,,,,,,,,,6.3775,7.4091,space,0.989,,,,,,,,,,,,,,,,,,,,,,,,,,,,,,,,,,,,,,,,,,,,,,,,,,,,,,,,,,,,,,,,,,,,,,,,,,,,,,,,,,,,,,,,,,,,,,,,,,,,,,,,,,,,,,,,,,,,,,,,
,,,,,6a180b571af3c9567a8ad244,2026-05-28_11h02.37.179,WP1_3,2025.2.3,Win32,60.24096386,6a0afe59b02506397f21638d,6a030b8ba3607712b5d4bf26,,,,,,,,,,,,,,,,,,,,,,,,,,,,,,,7.4092,8.2522,space,0.7946,,,,,,,,,,,,,,,,,,,,,,,,,,,,,,,,,,,,,,,,,,,,,,,,,,,,,,,,,,,,,,,,,,,,,,,,,,,,,,,,,,,,,,,,,,,,,,,,,,,,,,,,,,,,,,,,,,,
,,,,,6a180b571af3c9567a8ad244,2026-05-28_11h02.37.179,WP1_3,2025.2.3,Win32,60.24096386,6a0afe59b02506397f21638d,6a030b8ba3607712b5d4bf26,,,,,,,,,,,,,,,,,,,,,,,,,,,,,,,,,,,,8.2525,8.7859,space,0.4939,,,,,,,,,,,,,,,,,,,,,,,,,,,,,,,,,,,,,,,,,,,,,,,,,,,,,,,,,,,,,,,,,,,,,,,,,,,,,,,,,,,,,,,,,,,,,,,,,,,,,,,,,,,,,,
,,,,,6a180b571af3c9567a8ad244,2026-05-28_11h02.37.179,WP1_3,2025.2.3,Win32,60.24096386,6a0afe59b02506397f21638d,6a030b8ba3607712b5d4bf26,,,,,,,,,,,,,,,,,,,,,,,,,,,,,,,,,,,,,,,,,8.7955,11.8107,,,,10,11.8121,13.3181,,,"[""space""]",[1.37929999999702],[null],5,13.3206,14.7879,space,1.3495,,26,Celebrities_Faces/026_rating.jpg,George Clooney,2,George Clooney,2,TRUE,TRUE,1,0,0,0,25,1,26,Celebrities_Faces/026_rating.jpg,Robert De Niro,Ewan McGregor,George Clooney,Daniel Radcliffe,George Clooney,,,,,,,,,,,,,,,,,,,,,,,,,,,,,,,,,,,,,,,,,,,,,,,,,,,,,,,,,,,,,,,,,,,,,
,,,,,6a180b571af3c9567a8ad244,2026-05-28_11h02.37.179,WP1_3,2025.2.3,Win32,60.24096386,6a0afe59b02506397f21638d,6a030b8ba3607712b5d4bf26,,,,,,,,,,,,,,,,,,,,,,,,,,,,,,,,,,,,,,,,,14.7898,16.6351,,,,10,16.6364,19.2087,,,"[""right"",""right"",""right"",""space""]","[1.5955999999940431,1.7567000000029793,2.233799999997018,2.4963999999910627]","[null,null,null,null]",8,19.2111,20.3029,space,1.0268,,21,Celebrities_Faces/021_rating.jpg,Henri Canvill,0,Henri Canvill,0,TRUE,TRUE,2,0,1,1,20,1,21,Celebrities_Faces/021_rating.jpg,Henri Canvill,George Clooney,Bradley Cooper,Tom Holland,Henri Canvill,,,,,,,,,,,,,,,,,,,,,,,,,,,,,,,,,,,,,,,,,,,,,,,,,,,,,,,,,,,,,,,,,,,,,
,,,,,6a180b571af3c9567a8ad244,2026-05-28_11h02.37.179,WP1_3,2025.2.3,Win32,60.24096386,6a0afe59b02506397f21638d,6a030b8ba3607712b5d4bf26,,,,,,,,,,,,,,,,,,,,,,,,,,,,,,,,,,,,,,,,,20.3049,22.2571,,,,10,22.2589,25.4176,,,"[""right"",""right"",""right"",""space""]","[2.3770000000000024,2.5197000000029774,2.6748000000119205,3.0274999999999963]","[null,null,null,null]",8,25.4211,26.7867,space,1.2445,,57,Celebrities_Faces/057_rating.jpg,Serena Williams,2,Serena Williams,2,TRUE,TRUE,3,0,2,2,56,1,57,Celebrities_Faces/057_rating.jpg,Olivia Rodrigo,Charlize Theron,Serena Williams,Greta Thunberg,Serena Williams,,,,,,,,,,,,,,,,,,,,,,,,,,,,,,,,,,,,,,,,,,,,,,,,,,,,,,,,,,,,,,,,,,,,,
,,,,,6a180b571af3c9567a8ad244,2026-05-28_11h02.37.179,WP1_3,2025.2.3,Win32,60.24096386,6a0afe59b02506397f21638d,6a030b8ba3607712b5d4bf26,,,,,,,,,,,,,,,,,,,,,,,,,,,,,,,,,,,,,,,,,26.7887,28.592,,,,10,28.5933,29.4207,,,"[""space""]",[0.7650999999940353],[null],5,29.4232,31.2084,space,1.7255,,39,Celebrities_Faces/039_rating.jpg,Scarlett Johansson,1,Scarlett Johansson,1,TRUE,TRUE,4,0,3,3,38,1,39,Celebrities_Faces/039_rating.jpg,Simone Biles,Scarlett Johansson,Gal Gadot,Hillary Clinton,Scarlett Johansson,,,,,,,,,,,,,,,,,,,,,,,,,,,,,,,,,,,,,,,,,,,,,,,,,,,,,,,,,,,,,,,,,,,,,
,,,,,6a180b571af3c9567a8ad244,2026-05-28_11h02.37.179,WP1_3,2025.2.3,Win32,60.24096386,6a0afe59b02506397f21638d,6a030b8ba3607712b5d4bf26,,,,,,,,,,,,,,,,,,,,,,,,,,,,,,,,,,,,,,,,,31.2109,33.2911,,,,10,33.293,35.8942,,,"[""right"",""right"",""space""]","[1.9669000000059569,2.146599999994038,2.554799999997016]","[null,null,null]",7,35.8986,36.6871,space,0.7355,,56,Celebrities_Faces/056_rating.jpg,Reese Witherspoon,0,Reese Witherspoon,0,TRUE,TRUE,5,0,4,4,55,1,56,Celebrities_Faces/056_rating.jpg,Reese Witherspoon,Sandra Bullock,Nicole Kidman,Halle Berry,Reese Witherspoon,,,,,,,,,,,,,,,,,,,,,,,,,,,,,,,,,,,,,,,,,,,,,,,,,,,,,,,,,,,,,,,,,,,,,
,,,,,6a180b571af3c9567a8ad244,2026-05-28_11h02.37.179,WP1_3,2025.2.3,Win32,60.24096386,6a0afe59b02506397f21638d,6a030b8ba3607712b5d4bf26,,,,,,,,,,,,,,,,,,,,,,,,,,,,,,,,,,,,,,,,,36.6897,40.8553,,,,0,40.8568,42.0266,,,"[""space""]",[1.110999999999997],[null],5,42.0326,43.0617,space,0.9711,,16,Celebrities_Faces/016_rating.jpg,Ewan McGregor,0,Ewan McGregor,0,TRUE,FALSE,5,0,5,5,15,1,16,Celebrities_Faces/016_rating.jpg,Ewan McGregor,Robert De Niro,Lionel Messi,Leonardo Di Caprio,Ewan McGregor,,,,,,,,,,,,,,,,,,,,,,,,,,,,,,,,,,,,,,,,,,,,,,,,,,,,,,,,,,,,,,,,,,,,,
,,,,,6a180b571af3c9567a8ad244,2026-05-28_11h02.37.179,WP1_3,2025.2.3,Win32,60.24096386,6a0afe59b02506397f21638d,6a030b8ba3607712b5d4bf26,,,,,,,,,,,,,,,,,,,,,,,,,,,,,,,,,,,,,,,,,43.0636,46.3426,,,,0,46.3439,47.3399,,,"[""space""]",[0.9174000000059692],[null],5,47.3431,48.811,space,1.4078,,15,Celebrities_Faces/015_rating.jpg,Harrison Ford,2,Harrison Ford,2,TRUE,FALSE,5,0,6,6,14,1,15,Celebrities_Faces/015_rating.jpg,Lionel Messi,Daniel Radcliffe,Harrison Ford,Brad Pitt,Harrison Ford,,,,,,,,,,,,,,,,,,,,,,,,,,,,,,,,,,,,,,,,,,,,,,,,,,,,,,,,,,,,,,,,,,,,,
,,,,,6a180b571af3c9567a8ad244,2026-05-28_11h02.37.179,WP1_3,2025.2.3,Win32,60.24096386,6a0afe59b02506397f21638d,6a030b8ba3607712b5d4bf26,,,,,,,,,,,,,,,,,,,,,,,,,,,,,,,,,,,,,,,,,48.8147,50.7113,,,,10,50.7127,52.8377,,,"[""right"",""right"",""right"",""space""]","[1.3345999999940403,1.4882999999970252,1.741599999994051,2.051200000002993]","[null,null,null,null]",8,52.8432,54.2963,space,1.3691,,31,Celebrities_Faces/031_rating.jpg,Sandra Bullock,3,Sandra Bullock,3,TRUE,TRUE,6,0,7,7,30,1,31,Celebrities_Faces/031_rating.jpg,Michelle Obama,Emma Watson,Halle Berry,Sandra Bullock,Sandra Bullock,,,,,,,,,,,,,,,,,,,,,,,,,,,,,,,,,,,,,,,,,,,,,,,,,,,,,,,,,,,,,,,,,,,,,
,,,,,6a180b571af3c9567a8ad244,2026-05-28_11h02.37.179,WP1_3,2025.2.3,Win32,60.24096386,6a0afe59b02506397f21638d,6a030b8ba3607712b5d4bf26,,,,,,,,,,,,,,,,,,,,,,,,,,,,,,,,,,,,,,,,,54.2986,55.9743,,,,10,55.9757,57.4196,,,"[""left"",""left"",""space""]","[0.6182999999970207,0.8130000000000024,1.3237999999970214]","[null,null,null]",3,57.4225,58.3248,space,0.7876,,59,Celebrities_Faces/059_rating.jpg,Michelle Obama,0,Michelle Obama,0,TRUE,TRUE,7,0,8,8,58,1,59,Celebrities_Faces/059_rating.jpg,Michelle Obama,Emma Watson,Millie Bobby Brown,Margot Robbie,Michelle Obama,,,,,,,,,,,,,,,,,,,,,,,,,,,,,,,,,,,,,,,,,,,,,,,,,,,,,,,,,,,,,,,,,,,,,
,,,,,6a180b571af3c9567a8ad244,2026-05-28_11h02.37.179,WP1_3,2025.2.3,Win32,60.24096386,6a0afe59b02506397f21638d,6a030b8ba3607712b5d4bf26,,,,,,,,,,,,,,,,,,,,,,,,,,,,,,,,,,,,,,,,,58.3266,59.9252,,,,10,59.9268,61.0624,,,"[""space""]",[0.9547999999970074],[null],5,61.0656,62.5395,space,1.2948,,45,Celebrities_Faces/045_rating.jpg,Cameron Diaz,3,Cameron Diaz,3,TRUE,TRUE,8,0,9,9,44,1,45,Celebrities_Faces/045_rating.jpg,Taylor Swift,Natalie Portman,Maria Sharapova,Cameron Diaz,Cameron Diaz,,,,,,,,,,,,,,,,,,,,,,,,,,,,,,,,,,,,,,,,,,,,,,,,,,,,,,,,,,,,,,,,,,,,,
,,,,,6a180b571af3c9567a8ad244,2026-05-28_11h02.37.179,WP1_3,2025.2.3,Win32,60.24096386,6a0afe59b02506397f21638d,6a030b8ba3607712b5d4bf26,,,,,,,,,,,,,,,,,,,,,,,,,,,,,,,,,,,,,,,,,62.5416,64.2457,,,,10,64.2476,65.2883,,,"[""left"",""left"",""space""]","[0.5441000000089389,0.7158000000119245,0.9399999999999977]","[null,null,null]",3,65.2927,66.1702,space,0.7797,,47,Celebrities_Faces/047_rating.jpg,Hillary Clinton,0,Hillary Clinton,0,TRUE,TRUE,9,0,10,10,46,1,47,Celebrities_Faces/047_rating.jpg,Hillary Clinton,Sandra Bullock,Michelle Obama,Anne Hathaway,Hillary Clinton,,,,,,,,,,,,,,,,,,,,,,,,,,,,,,,,,,,,,,,,,,,,,,,,,,,,,,,,,,,,,,,,,,,,,
,,,,,6a180b571af3c9567a8ad244,2026-05-28_11h02.37.179,WP1_3,2025.2.3,Win32,60.24096386,6a0afe59b02506397f21638d,6a030b8ba3607712b5d4bf26,,,,,,,,,,,,,,,,,,,,,,,,,,,,,,,,,,,,,,,,,66.1723,67.9739,,,,10,67.9755,68.9752,,,"[""right"",""right"",""right"",""space""]","[0.27780000001192207,0.47210000000893615,0.6723000000119157,0.9089999999999918]","[null,null,null,null]",8,68.9797,70.3135,space,1.26,,23,Celebrities_Faces/023_rating.jpg,Ryan Gosling,2,Ryan Gosling,2,TRUE,TRUE,10,0,11,11,22,1,23,Celebrities_Faces/023_rating.jpg,Brad Pitt,Cristiano Ronaldo,Ryan Gosling,Tom Holland,Ryan Gosling,,,,,,,,,,,,,,,,,,,,,,,,,,,,,,,,,,,,,,,,,,,,,,,,,,,,,,,,,,,,,,,,,,,,,
,,,,,6a180b571af3c9567a8ad244,2026-05-28_11h02.37.179,WP1_3,2025.2.3,Win32,60.24096386,6a0afe59b02506397f21638d,6a030b8ba3607712b5d4bf26,,,,,,,,,,,,,,,,,,,,,,,,,,,,,,,,,,,,,,,,,70.3153,71.9746,,,,10,71.976,74.3121,,,"[""left"",""left"",""left"",""left"",""left"",""left"",""space""]","[1.0550999999940416,1.2179000000059688,1.3532000000029853,1.51400000000001,1.6515000000000128,1.8685999999940464,2.186799999997021]","[null,null,null,null,null,null,null]",0,74.3167,75.1725,space,0.6893,,30,Celebrities_Faces/030_rating.jpg,Tom Cruise,0,Tom Cruise,0,TRUE,TRUE,11,0,12,12,29,1,30,Celebrities_Faces/030_rating.jpg,Tom Cruise,Lionel Messi,Chris Evans,Bruce Willis,Tom Cruise,,,,,,,,,,,,,,,,,,,,,,,,,,,,,,,,,,,,,,,,,,,,,,,,,,,,,,,,,,,,,,,,,,,,,
,,,,,6a180b571af3c9567a8ad244,2026-05-28_11h02.37.179,WP1_3,2025.2.3,Win32,60.24096386,6a0afe59b02506397f21638d,6a030b8ba3607712b5d4bf26,,,,,,,,,,,,,,,,,,,,,,,,,,,,,,,,,,,,,,,,,75.1745,76.9066,,,,10,76.9084,78.1582,,,"[""right"",""right"",""right"",""right"",""space""]","[0.2870999999940409,0.4604000000059614,0.6257000000029791,0.7942999999970226,1.0879999999999939]","[null,null,null,null,null]",9,78.1633,79.1922,space,0.869,,44,Celebrities_Faces/044_rating.jpg,Cate Blanchett,1,Cate Blanchett,1,TRUE,TRUE,12,0,13,13,43,1,44,Celebrities_Faces/044_rating.jpg,Angelina Jolie,Cate Blanchett,Natalie Portman,Taylor Swift,Cate Blanchett,,,,,,,,,,,,,,,,,,,,,,,,,,,,,,,,,,,,,,,,,,,,,,,,,,,,,,,,,,,,,,,,,,,,,
,,,,,6a180b571af3c9567a8ad244,2026-05-28_11h02.37.179,WP1_3,2025.2.3,Win32,60.24096386,6a0afe59b02506397f21638d,6a030b8ba3607712b5d4bf26,,,,,,,,,,,,,,,,,,,,,,,,,,,,,,,,,,,,,,,,,79.1945,80.9798,,,,10,80.9817,82.2792,,,"[""space""]",[1.1200999999940393],[null],5,82.2815,83.323,space,0.8837,,32,Celebrities_Faces/032_rating.jpg,Anne Hathaway,1,Anne Hathaway,1,TRUE,TRUE,13,0,14,14,31,1,32,Celebrities_Faces/032_rating.jpg,Charlize Theron,Anne Hathaway,Gal Gadot,Millie Bobby Brown,Anne Hathaway,,,,,,,,,,,,,,,,,,,,,,,,,,,,,,,,,,,,,,,,,,,,,,,,,,,,,,,,,,,,,,,,,,,,,
,,,,,6a180b571af3c9567a8ad244,2026-05-28_11h02.37.179,WP1_3,2025.2.3,Win32,60.24096386,6a0afe59b02506397f21638d,6a030b8ba3607712b5d4bf26,,,,,,,,,,,,,,,,,,,,,,,,,,,,,,,,,,,,,,,,,83.325,85.1114,,,,10,85.1125,85.7437,,,"[""space""]",[0.4405000000000001],[null],5,85.7481,86.8809,space,0.9197,,33,Celebrities_Faces/033_rating.jpg,Simone Biles,1,Simone Biles,1,TRUE,TRUE,14,0,15,15,32,1,33,Celebrities_Faces/033_rating.jpg,Greta Thunberg,Simone Biles,Lindsay Lohan,Anya Taylor-Joy,Simone Biles,,,,,,,,,,,,,,,,,,,,,,,,,,,,,,,,,,,,,,,,,,,,,,,,,,,,,,,,,,,,,,,,,,,,,
,,,,,6a180b571af3c9567a8ad244,2026-05-28_11h02.37.179,WP1_3,2025.2.3,Win32,60.24096386,6a0afe59b02506397f21638d,6a030b8ba3607712b5d4bf26,,,,,,,,,,,,,,,,,,,,,,,,,,,,,,,,,,,,,,,,,86.882,88.4409,,,,10,88.442,89.5397,,,"[""right"",""right"",""space""]","[0.29679999999702034,0.48590000000596945,0.9945000000000022]","[null,null,null]",7,89.5438,91.29,space,1.6364,,46,Celebrities_Faces/046_rating.jpg,Emma Stone,1,Emma Stone,1,TRUE,TRUE,15,0,16,16,45,1,46,Celebrities_Faces/046_rating.jpg,Halle Berry,Emma Stone,Emma Watson,Taylor Swift,Emma Stone,,,,,,,,,,,,,,,,,,,,,,,,,,,,,,,,,,,,,,,,,,,,,,,,,,,,,,,,,,,,,,,,,,,,,
,,,,,6a180b571af3c9567a8ad244,2026-05-28_11h02.37.179,WP1_3,2025.2.3,Win32,60.24096386,6a0afe59b02506397f21638d,6a030b8ba3607712b5d4bf26,,,,,,,,,,,,,,,,,,,,,,,,,,,,,,,,,,,,,,,,,91.2921,94.3404,,,,0,94.3425,95.1473,,,"[""space""]",[0.6946999999880745],[null],5,95.1523,96.3643,space,1.1224,,25,Celebrities_Faces/025_rating.jpg,Robert De Niro,2,Robert De Niro,2,TRUE,FALSE,15,0,17,17,24,1,25,Celebrities_Faces/025_rating.jpg,Bruce Willis,Arnold Schwarzeneger,Robert De Niro,Leonardo Di Caprio,Robert De Niro,,,,,,,,,,,,,,,,,,,,,,,,,,,,,,,,,,,,,,,,,,,,,,,,,,,,,,,,,,,,,,,,,,,,,
,,,,,6a180b571af3c9567a8ad244,2026-05-28_11h02.37.179,WP1_3,2025.2.3,Win32,60.24096386,6a0afe59b02506397f21638d,6a030b8ba3607712b5d4bf26,,,,,,,,,,,,,,,,,,,,,,,,,,,,,,,,,,,,,,,,,96.3664,98.9806,,,,10,98.9819,100.1484,,,"[""space""]",[1.113500000000002],[null],5,100.1525,101.69,space,1.4908,,36,Celebrities_Faces/036_rating.jpg,Lady Gaga,3,Lady Gaga,3,TRUE,TRUE,16,0,18,18,35,1,36,Celebrities_Faces/036_rating.jpg,Serena Williams,Emma Stone,Julia Roberts,Lady Gaga,Lady Gaga,,,,,,,,,,,,,,,,,,,,,,,,,,,,,,,,,,,,,,,,,,,,,,,,,,,,,,,,,,,,,,,,,,,,,
,,,,,6a180b571af3c9567a8ad244,2026-05-28_11h02.37.179,WP1_3,2025.2.3,Win32,60.24096386,6a0afe59b02506397f21638d,6a030b8ba3607712b5d4bf26,,,,,,,,,,,,,,,,,,,,,,,,,,,,,,,,,,,,,,,,,101.6917,103.4984,,,,10,103.5,104.4104,,,"[""right"",""right"",""space""]","[0.314799999997021,0.5106000000089495,0.6936000000089422]","[null,null,null]",7,104.4148,105.4607,space,0.8326,,37,Celebrities_Faces/037_rating.jpg,Natalie Portman,1,Natalie Portman,1,TRUE,TRUE,17,0,19,19,36,1,37,Celebrities_Faces/037_rating.jpg,Lady Gaga,Natalie Portman,Hillary Clinton,Michelle Obama,Natalie Portman,,,,,,,,,,,,,,,,,,,,,,,,,,,,,,,,,,,,,,,,,,,,,,,,,,,,,,,,,,,,,,,,,,,,,
,,,,,6a180b571af3c9567a8ad244,2026-05-28_11h02.37.179,WP1_3,2025.2.3,Win32,60.24096386,6a0afe59b02506397f21638d,6a030b8ba3607712b5d4bf26,,,,,,,,,,,,,,,,,,,,,,,,,,,,,,,,,,,,,,,,,105.4627,107.2317,,,,10,107.2335,107.6632,,,"[""space""]",[0.3362999999970242],[null],5,107.6663,109.0308,space,1.272,,34,Celebrities_Faces/034_rating.jpg,Angelina Jolie,2,Angelina Jolie,2,TRUE,TRUE,18,0,20,20,33,1,34,Celebrities_Faces/034_rating.jpg,Anya Taylor-Joy,Maria Sharapova,Angelina Jolie,Nicole Kidman,Angelina Jolie,,,,,,,,,,,,,,,,,,,,,,,,,,,,,,,,,,,,,,,,,,,,,,,,,,,,,,,,,,,,,,,,,,,,,
,,,,,6a180b571af3c9567a8ad244,2026-05-28_11h02.37.179,WP1_3,2025.2.3,Win32,60.24096386,6a0afe59b02506397f21638d,6a030b8ba3607712b5d4bf26,,,,,,,,,,,,,,,,,,,,,,,,,,,,,,,,,,,,,,,,,109.0327,110.6156,,,,10,110.6168,111.8987,,,"[""right"",""right"",""right"",""space""]","[0.2586999999880675,0.4700999999940336,0.9276999999880786,1.2288999999910573]","[null,null,null,null]",8,111.9025,113.2409,space,1.2887,,52,Celebrities_Faces/052_rating.jpg,Emma Watson,3,Emma Watson,3,TRUE,TRUE,19,0,21,21,51,1,52,Celebrities_Faces/052_rating.jpg,Anne Hathaway,Natalie Portman,Hillary Clinton,Emma Watson,Emma Watson,,,,,,,,,,,,,,,,,,,,,,,,,,,,,,,,,,,,,,,,,,,,,,,,,,,,,,,,,,,,,,,,,,,,,
,,,,,6a180b571af3c9567a8ad244,2026-05-28_11h02.37.179,WP1_3,2025.2.3,Win32,60.24096386,6a0afe59b02506397f21638d,6a030b8ba3607712b5d4bf26,,,,,,,,,,,,,,,,,,,,,,,,,,,,,,,,,,,,,,,,,113.2432,115.4264,,,,10,115.428,116.464,,,"[""right"",""space""]","[0.2374000000059766,0.9576000000089664]","[null,null]",6,116.4681,117.7481,space,1.2112,,58,Celebrities_Faces/058_rating.jpg,Nicole Kidman,2,Nicole Kidman,2,TRUE,TRUE,20,0,22,22,57,1,58,Celebrities_Faces/058_rating.jpg,Millie Bobby Brown,Greta Thunberg,Nicole Kidman,Julia Roberts,Nicole Kidman,,,,,,,,,,,,,,,,,,,,,,,,,,,,,,,,,,,,,,,,,,,,,,,,,,,,,,,,,,,,,,,,,,,,,
,,,,,6a180b571af3c9567a8ad244,2026-05-28_11h02.37.179,WP1_3,2025.2.3,Win32,60.24096386,6a0afe59b02506397f21638d,6a030b8ba3607712b5d4bf26,,,,,,,,,,,,,,,,,,,,,,,,,,,,,,,,,,,,,,,,,117.75,119.3727,,,,10,119.3745,121.1119,,,"[""right"",""right"",""right"",""right"",""space""]","[0.2304000000059716,0.4449000000059584,0.8677000000029693,1.2952000000029784,1.6652999999970177]","[null,null,null,null,null]",9,121.1167,122.4778,space,1.29,,42,Celebrities_Faces/042_rating.jpg,Greta Thunberg,3,Greta Thunberg,3,TRUE,TRUE,21,0,23,23,41,1,42,Celebrities_Faces/042_rating.jpg,Simone Biles,Michelle Obama,Anne Hathaway,Greta Thunberg,Greta Thunberg,,,,,,,,,,,,,,,,,,,,,,,,,,,,,,,,,,,,,,,,,,,,,,,,,,,,,,,,,,,,,,,,,,,,,
,,,,,6a180b571af3c9567a8ad244,2026-05-28_11h02.37.179,WP1_3,2025.2.3,Win32,60.24096386,6a0afe59b02506397f21638d,6a030b8ba3607712b5d4bf26,,,,,,,,,,,,,,,,,,,,,,,,,,,,,,,,,,,,,,,,,122.4801,124.1762,,,,10,124.1777,124.6145,,,"[""space""]",[0.3758999999910486],[null],5,124.6192,126.2437,space,1.5655,,4,Celebrities_Faces/004_rating.jpg,Cristiano Ronaldo,3,Cristiano Ronaldo,3,TRUE,TRUE,22,0,24,24,3,1,4,Celebrities_Faces/004_rating.jpg,Matt Damon,Robert De Niro,Denzel Washighton,Cristiano Ronaldo,Cristiano Ronaldo,,,,,,,,,,,,,,,,,,,,,,,,,,,,,,,,,,,,,,,,,,,,,,,,,,,,,,,,,,,,,,,,,,,,,
,,,,,6a180b571af3c9567a8ad244,2026-05-28_11h02.37.179,WP1_3,2025.2.3,Win32,60.24096386,6a0afe59b02506397f21638d,6a030b8ba3607712b5d4bf26,,,,,,,,,,,,,,,,,,,,,,,,,,,,,,,,,,,,,,,,,126.2457,128.009,,,,10,128.0104,128.4335,,,"[""space""]",[0.2767999999970243],[null],5,128.4365,129.9175,space,1.3384,,35,Celebrities_Faces/035_rating.jpg,Lindsay Lohan,3,Lindsay Lohan,3,TRUE,TRUE,23,0,25,25,34,1,35,Celebrities_Faces/035_rating.jpg,Anya Taylor-Joy,Millie Bobby Brown,Keira Knightley,Lindsay Lohan,Lindsay Lohan,,,,,,,,,,,,,,,,,,,,,,,,,,,,,,,,,,,,,,,,,,,,,,,,,,,,,,,,,,,,,,,,,,,,,
,,,,,6a180b571af3c9567a8ad244,2026-05-28_11h02.37.179,WP1_3,2025.2.3,Win32,60.24096386,6a0afe59b02506397f21638d,6a030b8ba3607712b5d4bf26,,,,,,,,,,,,,,,,,,,,,,,,,,,,,,,,,,,,,,,,,129.9194,131.8257,,,,10,131.8272,132.5497,,,"[""space""]",[0.6350999999940257],[null],5,132.5547,133.4166,space,0.7757,,11,Celebrities_Faces/011_rating.jpg,Chris Evans,0,Chris Evans,0,TRUE,TRUE,24,0,26,26,10,1,11,Celebrities_Faces/011_rating.jpg,Chris Evans,Daniel Craig,Ryan Reynolds,Arnold Schwarzeneger,Chris Evans,,,,,,,,,,,,,,,,,,,,,,,,,,,,,,,,,,,,,,,,,,,,,,,,,,,,,,,,,,,,,,,,,,,,,
,,,,,6a180b571af3c9567a8ad244,2026-05-28_11h02.37.179,WP1_3,2025.2.3,Win32,60.24096386,6a0afe59b02506397f21638d,6a030b8ba3607712b5d4bf26,,,,,,,,,,,,,,,,,,,,,,,,,,,,,,,,,,,,,,,,,133.4188,135.5112,,,,10,135.5124,136.5355,,,"[""space""]",[0.8279000000059398],[null],5,136.5389,137.3099,space,0.5629,,5,Celebrities_Faces/005_rating.jpg,Lionel Messi,0,Lionel Messi,0,TRUE,TRUE,25,0,27,27,4,1,5,Celebrities_Faces/005_rating.jpg,Lionel Messi,Matt Damon,Cristiano Ronaldo,Lebron James,Lionel Messi,,,,,,,,,,,,,,,,,,,,,,,,,,,,,,,,,,,,,,,,,,,,,,,,,,,,,,,,,,,,,,,,,,,,,
,,,,,6a180b571af3c9567a8ad244,2026-05-28_11h02.37.179,WP1_3,2025.2.3,Win32,60.24096386,6a0afe59b02506397f21638d,6a030b8ba3607712b5d4bf26,,,,,,,,,,,,,,,,,,,,,,,,,,,,,,,,,,,,,,,,,137.3119,139.4113,,,,10,139.4129,140.1342,,,"[""space""]",[0.5809999999999889],[null],5,140.1378,141.1,space,0.8372,,60,Celebrities_Faces/060_rating.jpg,Anya Taylor-Joy,1,Anya Taylor-Joy,1,TRUE,TRUE,26,0,28,28,59,1,60,Celebrities_Faces/060_rating.jpg,Emma Stone,Anya Taylor-Joy,Michelle Obama,Halle Berry,Anya Taylor-Joy,,,,,,,,,,,,,,,,,,,,,,,,,,,,,,,,,,,,,,,,,,,,,,,,,,,,,,,,,,,,,,,,,,,,,
,,,,,6a180b571af3c9567a8ad244,2026-05-28_11h02.37.179,WP1_3,2025.2.3,Win32,60.24096386,6a0afe59b02506397f21638d,6a030b8ba3607712b5d4bf26,,,,,,,,,,,,,,,,,,,,,,,,,,,,,,,,,,,,,,,,,141.1017,144.216,,,,2,144.2175,144.967,,,"[""space""]",[0.5762999999970191],[null],5,144.9698,145.8327,space,0.7033,,10,Celebrities_Faces/010_rating.jpg,Bruce Willis,0,Bruce Willis,0,TRUE,FALSE,26,0,29,29,9,1,10,Celebrities_Faces/010_rating.jpg,Bruce Willis,Arnold Schwarzeneger,George Clooney,Robert De Niro,Bruce Willis,,,,,,,,,,,,,,,,,,,,,,,,,,,,,,,,,,,,,,,,,,,,,,,,,,,,,,,,,,,,,,,,,,,,,
,,,,,6a180b571af3c9567a8ad244,2026-05-28_11h02.37.179,WP1_3,2025.2.3,Win32,60.24096386,6a0afe59b02506397f21638d,6a030b8ba3607712b5d4bf26,,,,,,,,,,,,,,,,,,,,,,,,,,,,,,,,,,,,,,,,,145.8344,148.0004,,,,10,148.0018,149.0981,,,"[""space""]",[0.9090000000000202],[null],5,149.1018,151.2502,space,1.9696,,24,Celebrities_Faces/024_rating.jpg,Ryan Reynolds,3,Ryan Reynolds,3,TRUE,TRUE,27,0,30,30,23,1,24,Celebrities_Faces/024_rating.jpg,Roger Federer,Denzel Washighton,Tom Holland,Ryan Reynolds,Ryan Reynolds,,,,,,,,,,,,,,,,,,,,,,,,,,,,,,,,,,,,,,,,,,,,,,,,,,,,,,,,,,,,,,,,,,,,,
,,,,,6a180b571af3c9567a8ad244,2026-05-28_11h02.37.179,WP1_3,2025.2.3,Win32,60.24096386,6a0afe59b02506397f21638d,6a030b8ba3607712b5d4bf26,,,,,,,,,,,,,,,,,,,,,,,,,,,,,,,,,,,,,,,,,151.2521,153.8644,,,,10,153.8659,155.229,,,"[""left"",""left"",""left"",""left"",""space""]","[0.2619000000059657,0.45559999999403544,0.5997999999970034,0.7857000000029757,1.2079000000059636]","[null,null,null,null,null]",1,155.233,156.1307,space,0.7666,,40,Celebrities_Faces/040_rating.jpg,Gal Gadot,0,Gal Gadot,0,TRUE,TRUE,28,0,31,31,39,1,40,Celebrities_Faces/040_rating.jpg,Gal Gadot,Maria Sharapova,Taylor Swift,Nicole Kidman,Gal Gadot,,,,,,,,,,,,,,,,,,,,,,,,,,,,,,,,,,,,,,,,,,,,,,,,,,,,,,,,,,,,,,,,,,,,,
,,,,,6a180b571af3c9567a8ad244,2026-05-28_11h02.37.179,WP1_3,2025.2.3,Win32,60.24096386,6a0afe59b02506397f21638d,6a030b8ba3607712b5d4bf26,,,,,,,,,,,,,,,,,,,,,,,,,,,,,,,,,,,,,,,,,156.1327,158.9004,,,,10,158.902,159.7665,,,"[""space""]",[0.41220000000296864],[null],5,159.7705,161.3366,space,1.1065,,41,Celebrities_Faces/041_rating.jpg,Halle Berry,2,Halle Berry,2,TRUE,TRUE,29,0,32,32,40,1,41,Celebrities_Faces/041_rating.jpg,Lady Gaga,Greta Thunberg,Halle Berry,Serena Williams,Halle Berry,,,,,,,,,,,,,,,,,,,,,,,,,,,,,,,,,,,,,,,,,,,,,,,,,,,,,,,,,,,,,,,,,,,,,
,,,,,6a180b571af3c9567a8ad244,2026-05-28_11h02.37.179,WP1_3,2025.2.3,Win32,60.24096386,6a0afe59b02506397f21638d,6a030b8ba3607712b5d4bf26,,,,,,,,,,,,,,,,,,,,,,,,,,,,,,,,,,,,,,,,,161.3382,163.0654,,,,10,163.0671,164.3149,,,"[""left"",""left"",""left"",""left"",""space""]","[0.26990000000594705,0.4414999999999907,0.6084999999999923,0.8200999999940279,1.156700000002985]","[null,null,null,null,null]",1,164.3193,165.1799,space,0.7834,,7,Celebrities_Faces/007_rating.jpg,Ben Affleck,0,Ben Affleck,0,TRUE,TRUE,30,0,33,33,6,1,7,Celebrities_Faces/007_rating.jpg,Ben Affleck,Nicolas Cage,Henri Canvill,Leonardo Di Caprio,Ben Affleck,,,,,,,,,,,,,,,,,,,,,,,,,,,,,,,,,,,,,,,,,,,,,,,,,,,,,,,,,,,,,,,,,,,,,
,,,,,6a180b571af3c9567a8ad244,2026-05-28_11h02.37.179,WP1_3,2025.2.3,Win32,60.24096386,6a0afe59b02506397f21638d,6a030b8ba3607712b5d4bf26,,,,,,,,,,,,,,,,,,,,,,,,,,,,,,,,,,,,,,,,,165.1819,166.8609,,,,10,166.8622,168.761,,,"[""left"",""left"",""left"",""left"",""left"",""space""]","[0.29190000000596683,0.4884999999999877,0.63900000000001,0.8554000000059432,1.0289999999999964,1.7843000000119105]","[null,null,null,null,null,null]",0,168.7648,170.3619,space,1.4645,,2,Celebrities_Faces/002_rating.jpg,George W.Bush,3,George W.Bush,3,TRUE,TRUE,31,0,34,34,1,1,2,Celebrities_Faces/002_rating.jpg,Henri Canvill,Chris Evans,Tom Holland,George W.Bush,George W.Bush,,,,,,,,,,,,,,,,,,,,,,,,,,,,,,,,,,,,,,,,,,,,,,,,,,,,,,,,,,,,,,,,,,,,,
,,,,,6a180b571af3c9567a8ad244,2026-05-28_11h02.37.179,WP1_3,2025.2.3,Win32,60.24096386,6a0afe59b02506397f21638d,6a030b8ba3607712b5d4bf26,,,,,,,,,,,,,,,,,,,,,,,,,,,,,,,,,,,,,,,,,170.3637,172.3504,,,,10,172.3519,174.245,,,"[""right"",""right"",""space""]","[1.1385999999940566,1.338099999994057,1.6990000000000123]","[null,null,null]",7,174.2498,175.8115,space,1.3707,,51,Celebrities_Faces/051_rating.jpg,Margot Robbie,0,Margot Robbie,0,TRUE,TRUE,32,0,35,35,50,1,51,Celebrities_Faces/051_rating.jpg,Margot Robbie,Halle Berry,Emma Watson,Julia Roberts,Margot Robbie,,,,,,,,,,,,,,,,,,,,,,,,,,,,,,,,,,,,,,,,,,,,,,,,,,,,,,,,,,,,,,,,,,,,,
,,,,,6a180b571af3c9567a8ad244,2026-05-28_11h02.37.179,WP1_3,2025.2.3,Win32,60.24096386,6a0afe59b02506397f21638d,6a030b8ba3607712b5d4bf26,,,,,,,,,,,,,,,,,,,,,,,,,,,,,,,,,,,,,,,,,175.8136,178.168,,,,3,178.1696,179.0141,,,"[""space""]",[0.7720000000000198],[null],5,179.0182,179.6958,space,0.6194,,19,Celebrities_Faces/019_rating.jpg,Nicolas Cage,0,Nicolas Cage,0,TRUE,FALSE,32,0,36,36,18,1,19,Celebrities_Faces/019_rating.jpg,Nicolas Cage,George W.Bush,Cristiano Ronaldo,Bradley Cooper,Nicolas Cage,,,,,,,,,,,,,,,,,,,,,,,,,,,,,,,,,,,,,,,,,,,,,,,,,,,,,,,,,,,,,,,,,,,,,
,,,,,6a180b571af3c9567a8ad244,2026-05-28_11h02.37.179,WP1_3,2025.2.3,Win32,60.24096386,6a0afe59b02506397f21638d,6a030b8ba3607712b5d4bf26,,,,,,,,,,,,,,,,,,,,,,,,,,,,,,,,,,,,,,,,,179.6973,181.9655,,,,10,181.9671,183.3172,,,"[""left"",""left"",""left"",""space""]","[0.2572000000029959,0.4895999999940557,0.8590999999940436,1.2125999999940404]","[null,null,null,null]",2,183.3218,184.6806,space,1.2359,,8,Celebrities_Faces/008_rating.jpg,Brad Pitt,3,Brad Pitt,3,TRUE,TRUE,33,0,37,37,7,1,8,Celebrities_Faces/008_rating.jpg,Cristiano Ronaldo,Daniel Craig,Lionel Messi,Brad Pitt,Brad Pitt,,,,,,,,,,,,,,,,,,,,,,,,,,,,,,,,,,,,,,,,,,,,,,,,,,,,,,,,,,,,,,,,,,,,,
,,,,,6a180b571af3c9567a8ad244,2026-05-28_11h02.37.179,WP1_3,2025.2.3,Win32,60.24096386,6a0afe59b02506397f21638d,6a030b8ba3607712b5d4bf26,,,,,,,,,,,,,,,,,,,,,,,,,,,,,,,,,,,,,,,,,184.6827,187.1143,,,,10,187.1161,188.1705,,,"[""right"",""right"",""right"",""space""]","[0.1301000000089232,0.40940000000594523,0.6117000000029691,0.8684000000059484]","[null,null,null,null]",8,188.1736,189.6689,space,1.3328,,29,Celebrities_Faces/029_rating.jpg,Tom Holland,0,Tom Holland,0,TRUE,TRUE,34,0,38,38,28,1,29,Celebrities_Faces/029_rating.jpg,Tom Holland,Bradley Cooper,Dwayne Johnson,George W.Bush,Tom Holland,,,,,,,,,,,,,,,,,,,,,,,,,,,,,,,,,,,,,,,,,,,,,,,,,,,,,,,,,,,,,,,,,,,,,
,,,,,6a180b571af3c9567a8ad244,2026-05-28_11h02.37.179,WP1_3,2025.2.3,Win32,60.24096386,6a0afe59b02506397f21638d,6a030b8ba3607712b5d4bf26,,,,,,,,,,,,,,,,,,,,,,,,,,,,,,,,,,,,,,,,,189.6708,191.347,,,,10,191.3487,192.5328,,,"[""left"",""left"",""left"",""space""]","[0.28299999999998704,0.4985999999940418,0.65119999998808,1.0990999999940243]","[null,null,null,null]",2,192.5368,194.3432,space,1.7229,,17,Celebrities_Faces/017_rating.jpg,Hugh Jackman,1,Hugh Jackman,1,TRUE,TRUE,35,0,39,39,16,1,17,Celebrities_Faces/017_rating.jpg,Keanu Reeves,Hugh Jackman,Ewan McGregor,Tom Cruise,Hugh Jackman,,,,,,,,,,,,,,,,,,,,,,,,,,,,,,,,,,,,,,,,,,,,,,,,,,,,,,,,,,,,,,,,,,,,,
,,,,,6a180b571af3c9567a8ad244,2026-05-28_11h02.37.179,WP1_3,2025.2.3,Win32,60.24096386,6a0afe59b02506397f21638d,6a030b8ba3607712b5d4bf26,,,,,,,,,,,,,,,,,,,,,,,,,,,,,,,,,,,,,,,,,194.3445,196.2179,,,,10,196.2196,197.6016,,,"[""right"",""right"",""right"",""right"",""space""]","[0.2604000000059443,0.48449999999999704,0.7292999999970107,0.9642999999970243,1.3004999999999995]","[null,null,null,null,null]",9,197.604,198.4115,space,0.7264,,27,Celebrities_Faces/027_rating.jpg,Keanu Reeves,0,Keanu Reeves,0,TRUE,TRUE,36,0,40,40,26,1,27,Celebrities_Faces/027_rating.jpg,Keanu Reeves,Dwayne Johnson,Bradley Cooper,Daniel Radcliffe,Keanu Reeves,,,,,,,,,,,,,,,,,,,,,,,,,,,,,,,,,,,,,,,,,,,,,,,,,,,,,,,,,,,,,,,,,,,,,
,,,,,6a180b571af3c9567a8ad244,2026-05-28_11h02.37.179,WP1_3,2025.2.3,Win32,60.24096386,6a0afe59b02506397f21638d,6a030b8ba3607712b5d4bf26,,,,,,,,,,,,,,,,,,,,,,,,,,,,,,,,,,,,,,,,,198.4129,200.097,,,,10,200.0985,201.7491,,,"[""right"",""right"",""right"",""space""]","[0.862099999994058,1.0772999999970239,1.2792000000029873,1.5955999999940502]","[null,null,null,null]",8,201.754,203.0322,space,1.2236,,53,Celebrities_Faces/053_rating.jpg,Keira Knightley,3,Keira Knightley,3,TRUE,TRUE,37,0,41,41,52,1,53,Celebrities_Faces/053_rating.jpg,Anne Hathaway,Emma Stone,Olivia Rodrigo,Keira Knightley,Keira Knightley,,,,,,,,,,,,,,,,,,,,,,,,,,,,,,,,,,,,,,,,,,,,,,,,,,,,,,,,,,,,,,,,,,,,,
,,,,,6a180b571af3c9567a8ad244,2026-05-28_11h02.37.179,WP1_3,2025.2.3,Win32,60.24096386,6a0afe59b02506397f21638d,6a030b8ba3607712b5d4bf26,,,,,,,,,,,,,,,,,,,,,,,,,,,,,,,,,,,,,,,,,203.0343,204.5725,,,,10,204.5737,205.1703,,,"[""space""]",[0.5428000000119368],[null],5,205.1739,206.5355,space,1.3072,,14,Celebrities_Faces/014_rating.jpg,Daniel Craig,2,Daniel Craig,2,TRUE,TRUE,38,0,42,42,13,1,14,Celebrities_Faces/014_rating.jpg,Robert De Niro,Ryan Reynolds,Daniel Craig,Chris Hemsworth,Daniel Craig,,,,,,,,,,,,,,,,,,,,,,,,,,,,,,,,,,,,,,,,,,,,,,,,,,,,,,,,,,,,,,,,,,,,,
,,,,,6a180b571af3c9567a8ad244,2026-05-28_11h02.37.179,WP1_3,2025.2.3,Win32,60.24096386,6a0afe59b02506397f21638d,6a030b8ba3607712b5d4bf26,,,,,,,,,,,,,,,,,,,,,,,,,,,,,,,,,,,,,,,,,206.5375,208.1293,,,,10,208.1306,209.3306,,,"[""space""]",[1.100099999994029],[null],5,209.3346,210.8964,space,1.4467,,38,Celebrities_Faces/038_rating.jpg,Taylor Swift,3,Taylor Swift,3,TRUE,TRUE,39,0,43,43,37,1,38,Celebrities_Faces/038_rating.jpg,Keira Knightley,Scarlett Johansson,Margot Robbie,Taylor Swift,Taylor Swift,,,,,,,,,,,,,,,,,,,,,,,,,,,,,,,,,,,,,,,,,,,,,,,,,,,,,,,,,,,,,,,,,,,,,
,,,,,6a180b571af3c9567a8ad244,2026-05-28_11h02.37.179,WP1_3,2025.2.3,Win32,60.24096386,6a0afe59b02506397f21638d,6a030b8ba3607712b5d4bf26,,,,,,,,,,,,,,,,,,,,,,,,,,,,,,,,,,,,,,,,,210.8988,212.6306,,,,10,212.6323,213.8495,,,"[""right"",""right"",""right"",""space""]","[0.4120999999940409,0.6624999999999943,0.8062000000029741,1.0067000000029793]","[null,null,null,null]",8,213.8535,215.6562,space,1.6104,,3,Celebrities_Faces/003_rating.jpg,Roger Federer,2,Roger Federer,2,TRUE,TRUE,40,0,44,44,2,1,3,Celebrities_Faces/003_rating.jpg,Dwayne Johnson,Keanu Reeves,Roger Federer,Ben Affleck,Roger Federer,,,,,,,,,,,,,,,,,,,,,,,,,,,,,,,,,,,,,,,,,,,,,,,,,,,,,,,,,,,,,,,,,,,,,
,,,,,6a180b571af3c9567a8ad244,2026-05-28_11h02.37.179,WP1_3,2025.2.3,Win32,60.24096386,6a0afe59b02506397f21638d,6a030b8ba3607712b5d4bf26,,,,,,,,,,,,,,,,,,,,,,,,,,,,,,,,,,,,,,,,,215.6578,217.5678,,,,10,217.5693,218.6328,,,"[""right"",""right"",""right"",""space""]","[0.3208999999910702,0.65209999999405,0.8802000000029864,1.0170999999940307]","[null,null,null,null]",8,218.6354,220.147,space,1.4658,,49,Celebrities_Faces/049_rating.jpg,Olivia Rodrigo,0,Olivia Rodrigo,0,TRUE,TRUE,41,0,45,45,48,1,49,Celebrities_Faces/049_rating.jpg,Olivia Rodrigo,Lindsay Lohan,Gal Gadot,Angelina Jolie,Olivia Rodrigo,,,,,,,,,,,,,,,,,,,,,,,,,,,,,,,,,,,,,,,,,,,,,,,,,,,,,,,,,,,,,,,,,,,,,
,,,,,6a180b571af3c9567a8ad244,2026-05-28_11h02.37.179,WP1_3,2025.2.3,Win32,60.24096386,6a0afe59b02506397f21638d,6a030b8ba3607712b5d4bf26,,,,,,,,,,,,,,,,,,,,,,,,,,,,,,,,,,,,,,,,,220.1493,221.8343,,,,10,221.8362,223.2001,,,"[""right"",""right"",""right"",""right"",""space""]","[0.26670000000299865,0.5577999999970302,0.7732999999970218,0.9504000000059705,1.1529000000059568]","[null,null,null,null,null]",9,223.2043,224.1996,space,0.7808,,18,Celebrities_Faces/018_rating.jpg,Chris Hemsworth,0,Chris Hemsworth,0,TRUE,TRUE,42,0,46,46,17,1,18,Celebrities_Faces/018_rating.jpg,Chris Hemsworth,Leonardo Di Caprio,Nicolas Cage,Tom Cruise,Chris Hemsworth,,,,,,,,,,,,,,,,,,,,,,,,,,,,,,,,,,,,,,,,,,,,,,,,,,,,,,,,,,,,,,,,,,,,,
,,,,,6a180b571af3c9567a8ad244,2026-05-28_11h02.37.179,WP1_3,2025.2.3,Win32,60.24096386,6a0afe59b02506397f21638d,6a030b8ba3607712b5d4bf26,,,,,,,,,,,,,,,,,,,,,,,,,,,,,,,,,,,,,,,,,224.2014,227.1823,,,,0,227.184,227.8855,,,"[""space""]",[0.5982000000029757],[null],5,227.8898,229.4508,space,1.4685,,43,Celebrities_Faces/043_rating.jpg,Maria Sharapova,3,Maria Sharapova,3,TRUE,FALSE,42,0,47,47,42,1,43,Celebrities_Faces/043_rating.jpg,Michelle Obama,Taylor Swift,Greta Thunberg,Maria Sharapova,Maria Sharapova,,,,,,,,,,,,,,,,,,,,,,,,,,,,,,,,,,,,,,,,,,,,,,,,,,,,,,,,,,,,,,,,,,,,,
,,,,,6a180b571af3c9567a8ad244,2026-05-28_11h02.37.179,WP1_3,2025.2.3,Win32,60.24096386,6a0afe59b02506397f21638d,6a030b8ba3607712b5d4bf26,,,,,,,,,,,,,,,,,,,,,,,,,,,,,,,,,,,,,,,,,229.4525,230.9169,,,,7,230.9184,231.9007,,,"[""space""]",[0.9399999999999977],[null],5,231.9053,233.0306,space,1.0786,,20,Celebrities_Faces/020_rating.jpg,Matt Damon,1,Matt Damon,1,TRUE,TRUE,43,0,48,48,19,1,20,Celebrities_Faces/020_rating.jpg,Tom Cruise,Matt Damon,Chris Evans,Brad Pitt,Matt Damon,,,,,,,,,,,,,,,,,,,,,,,,,,,,,,,,,,,,,,,,,,,,,,,,,,,,,,,,,,,,,,,,,,,,,
,,,,,6a180b571af3c9567a8ad244,2026-05-28_11h02.37.179,WP1_3,2025.2.3,Win32,60.24096386,6a0afe59b02506397f21638d,6a030b8ba3607712b5d4bf26,,,,,,,,,,,,,,,,,,,,,,,,,,,,,,,,,,,,,,,,,233.0327,234.5498,,,,8,234.5515,235.2996,,,"[""space""]",[0.5758000000119239],[null],5,235.3038,237.1214,space,1.6565,,22,Celebrities_Faces/022_rating.jpg,Lebron James,3,Lebron James,3,TRUE,TRUE,44,0,49,49,21,1,22,Celebrities_Faces/022_rating.jpg,George W.Bush,Lionel Messi,Leonardo Di Caprio,Lebron James,Lebron James,,,,,,,,,,,,,,,,,,,,,,,,,,,,,,,,,,,,,,,,,,,,,,,,,,,,,,,,,,,,,,,,,,,,,
,,,,,6a180b571af3c9567a8ad244,2026-05-28_11h02.37.179,WP1_3,2025.2.3,Win32,60.24096386,6a0afe59b02506397f21638d,6a030b8ba3607712b5d4bf26,,,,,,,,,,,,,,,,,,,,,,,,,,,,,,,,,,,,,,,,,237.1236,238.5341,,,,8,238.5355,239.9888,,,"[""right"",""left"",""space""]","[0.3831000000089375,1.1492999999970266,1.3576000000089152]","[null,null,null]",5,239.9924,242.0167,space,1.9377,,55,Celebrities_Faces/055_rating.jpg,Charlize Theron,3,Charlize Theron,3,TRUE,TRUE,45,0,50,50,54,1,55,Celebrities_Faces/055_rating.jpg,Natalie Portman,Margot Robbie,Angelina Jolie,Charlize Theron,Charlize Theron,,,,,,,,,,,,,,,,,,,,,,,,,,,,,,,,,,,,,,,,,,,,,,,,,,,,,,,,,,,,,,,,,,,,,
,,,,,6a180b571af3c9567a8ad244,2026-05-28_11h02.37.179,WP1_3,2025.2.3,Win32,60.24096386,6a0afe59b02506397f21638d,6a030b8ba3607712b5d4bf26,,,,,,,,,,,,,,,,,,,,,,,,,,,,,,,,,,,,,,,,,242.0185,244.0207,,,,10,244.0224,244.6481,,,"[""space""]",[0.4814999999999827],[null],5,244.6517,246.267,space,1.4823,,50,Celebrities_Faces/050_rating.jpg,Millie Bobby Brown,2,Millie Bobby Brown,2,TRUE,TRUE,46,0,51,51,49,1,50,Celebrities_Faces/050_rating.jpg,Taylor Swift,Cameron Diaz,Millie Bobby Brown,Michelle Obama,Millie Bobby Brown,,,,,,,,,,,,,,,,,,,,,,,,,,,,,,,,,,,,,,,,,,,,,,,,,,,,,,,,,,,,,,,,,,,,,
,,,,,6a180b571af3c9567a8ad244,2026-05-28_11h02.37.179,WP1_3,2025.2.3,Win32,60.24096386,6a0afe59b02506397f21638d,6a030b8ba3607712b5d4bf26,,,,,,,,,,,,,,,,,,,,,,,,,,,,,,,,,,,,,,,,,246.269,248.0029,,,,10,248.0042,248.383,,,"[""space""]",[0.27800000000002],[null],5,248.3867,249.3852,space,0.8956,,54,Celebrities_Faces/054_rating.jpg,Julia Roberts,0,Julia Roberts,0,TRUE,TRUE,47,0,52,52,53,1,54,Celebrities_Faces/054_rating.jpg,Julia Roberts,Anne Hathaway,Olivia Rodrigo,Simone Biles,Julia Roberts,,,,,,,,,,,,,,,,,,,,,,,,,,,,,,,,,,,,,,,,,,,,,,,,,,,,,,,,,,,,,,,,,,,,,
,,,,,6a180b571af3c9567a8ad244,2026-05-28_11h02.37.179,WP1_3,2025.2.3,Win32,60.24096386,6a0afe59b02506397f21638d,6a030b8ba3607712b5d4bf26,,,,,,,,,,,,,,,,,,,,,,,,,,,,,,,,,,,,,,,,,249.3873,250.9428,,,,10,250.945,251.615,,,"[""space""]",[0.5889999999999986],[null],5,251.619,253.4732,space,1.7829,,12,Celebrities_Faces/012_rating.jpg,Daniel Radcliffe,3,Daniel Radcliffe,3,TRUE,TRUE,48,0,53,53,11,1,12,Celebrities_Faces/012_rating.jpg,Bruce Willis,Ryan Reynolds,Ewan McGregor,Daniel Radcliffe,Daniel Radcliffe,,,,,,,,,,,,,,,,,,,,,,,,,,,,,,,,,,,,,,,,,,,,,,,,,,,,,,,,,,,,,,,,,,,,,
,,,,,6a180b571af3c9567a8ad244,2026-05-28_11h02.37.179,WP1_3,2025.2.3,Win32,60.24096386,6a0afe59b02506397f21638d,6a030b8ba3607712b5d4bf26,,,,,,,,,,,,,,,,,,,,,,,,,,,,,,,,,,,,,,,,,253.4751,255.0821,,,,10,255.0837,256.2059,,,"[""left"",""left"",""left"",""space""]","[0.20059999999404,0.3817000000029793,0.5362000000030207,0.9920999999940818]","[null,null,null,null]",2,256.2104,257.4371,space,1.1082,,1,Celebrities_Faces/001_rating.jpg,Leonardo Di Caprio,2,Leonardo Di Caprio,2,TRUE,TRUE,49,0,54,54,0,1,1,Celebrities_Faces/001_rating.jpg,Ben Affleck,Daniel Craig,Leonardo Di Caprio,Roger Federer,Leonardo Di Caprio,,,,,,,,,,,,,,,,,,,,,,,,,,,,,,,,,,,,,,,,,,,,,,,,,,,,,,,,,,,,,,,,,,,,,
,,,,,6a180b571af3c9567a8ad244,2026-05-28_11h02.37.179,WP1_3,2025.2.3,Win32,60.24096386,6a0afe59b02506397f21638d,6a030b8ba3607712b5d4bf26,,,,,,,,,,,,,,,,,,,,,,,,,,,,,,,,,,,,,,,,,257.4389,259.5708,,,,10,259.5722,260.448,,,"[""right"",""right"",""right"",""space""]","[0.11140000000597183,0.32779999999701204,0.5430999999940695,0.7595000000000027]","[null,null,null,null]",8,260.4515,261.3493,space,0.7934,,28,Celebrities_Faces/028_rating.jpg,Dwayne Johnson,0,Dwayne Johnson,0,TRUE,TRUE,50,0,55,55,27,1,28,Celebrities_Faces/028_rating.jpg,Dwayne Johnson,Ryan Reynolds,Bradley Cooper,Lionel Messi,Dwayne Johnson,,,,,,,,,,,,,,,,,,,,,,,,,,,,,,,,,,,,,,,,,,,,,,,,,,,,,,,,,,,,,,,,,,,,,
,,,,,6a180b571af3c9567a8ad244,2026-05-28_11h02.37.179,WP1_3,2025.2.3,Win32,60.24096386,6a0afe59b02506397f21638d,6a030b8ba3607712b5d4bf26,,,,,,,,,,,,,,,,,,,,,,,,,,,,,,,,,,,,,,,,,261.3513,263.9056,,,,1,263.9068,264.5537,,,"[""space""]",[0.5517999999970016],[null],5,264.5585,265.3524,space,0.7162,,13,Celebrities_Faces/013_rating.jpg,Denzel Washighton,0,Denzel Washighton,0,TRUE,FALSE,50,0,56,56,12,1,13,Celebrities_Faces/013_rating.jpg,Denzel Washighton,Chris Hemsworth,Matt Damon,George W.Bush,Denzel Washighton,,,,,,,,,,,,,,,,,,,,,,,,,,,,,,,,,,,,,,,,,,,,,,,,,,,,,,,,,,,,,,,,,,,,,
,,,,,6a180b571af3c9567a8ad244,2026-05-28_11h02.37.179,WP1_3,2025.2.3,Win32,60.24096386,6a0afe59b02506397f21638d,6a030b8ba3607712b5d4bf26,,,,,,,,,,,,,,,,,,,,,,,,,,,,,,,,,,,,,,,,,265.3543,267.2164,,,,10,267.2179,267.8998,,,"[""space""]",[0.5110999999940873],[null],5,267.9044,269.2661,space,1.1886,,9,Celebrities_Faces/009_rating.jpg,Bradley Cooper,2,Bradley Cooper,2,TRUE,TRUE,51,0,57,57,8,1,9,Celebrities_Faces/009_rating.jpg,Chris Hemsworth,Tom Cruise,Bradley Cooper,Lebron James,Bradley Cooper,,,,,,,,,,,,,,,,,,,,,,,,,,,,,,,,,,,,,,,,,,,,,,,,,,,,,,,,,,,,,,,,,,,,,
,,,,,6a180b571af3c9567a8ad244,2026-05-28_11h02.37.179,WP1_3,2025.2.3,Win32,60.24096386,6a0afe59b02506397f21638d,6a030b8ba3607712b5d4bf26,,,,,,,,,,,,,,,,,,,,,,,,,,,,,,,,,,,,,,,,,269.2682,271.3903,,,,10,271.3917,272.1828,,,"[""space""]",[0.716799999997022],[null],5,272.1868,272.9885,space,0.7189,,6,Celebrities_Faces/006_rating.jpg,Arnold Schwarzeneger,0,Arnold Schwarzeneger,0,TRUE,TRUE,52,0,58,58,5,1,6,Celebrities_Faces/006_rating.jpg,Arnold Schwarzeneger,Dwayne Johnson,Tom Cruise,Ryan Reynolds,Arnold Schwarzeneger,,,,,,,,,,,,,,,,,,,,,,,,,,,,,,,,,,,,,,,,,,,,,,,,,,,,,,,,,,,,,,,,,,,,,
,,,,,6a180b571af3c9567a8ad244,2026-05-28_11h02.37.179,WP1_3,2025.2.3,Win32,60.24096386,6a0afe59b02506397f21638d,6a030b8ba3607712b5d4bf26,,,,,,,,,,,,,,,,,,,,,,,,,,,,,,,,,,,,,,,,,272.9905,275.0174,,,,10,275.019,275.8321,,,"[""space""]",[0.6344000000059395],[null],5,275.8341,276.5834,space,0.5932,,48,Celebrities_Faces/048_rating.jpg,Jennifer Lawrence,0,Jennifer Lawrence,0,TRUE,TRUE,53,0,59,59,47,1,48,Celebrities_Faces/048_rating.jpg,Jennifer Lawrence,Lady Gaga,Anne Hathaway,Emma Stone,Jennifer Lawrence,,,,,,,,,,,,,,,,,,,,,,,,,,,,,,,,,,,,,,,,,,,,,,,,,,,,,,,,,,,,,,,,,,,,,
,,,,,6a180b571af3c9567a8ad244,2026-05-28_11h02.37.179,WP1_3,2025.2.3,Win32,60.24096386,6a0afe59b02506397f21638d,6a030b8ba3607712b5d4bf26,,,,,,,,,,,,,,,,,,,,,,,,,,,,,,,,,,,,,,,,,,,,,,,,,,,,,,,,,,,,,,,,,,,,,,,,,,,,,,,,,top_30_qualified_by_familiarity,30,"26,21,57,39,56,31,59,45,47,23,30,44,32,33,46,36,37,34,52,58,42,4,35,11,5,60,24,40,41,7",276.5878,296.5878,,,,,,,,,,,,,,,,,,,,,,,,,,,,,,,,,,,,,,,,,,,,,,,,,,,,,,,,,,,,,,,,
,,,,,6a180b571af3c9567a8ad244,2026-05-28_11h02.37.179,WP1_3,2025.2.3,Win32,60.24096386,6a0afe59b02506397f21638d,6a030b8ba3607712b5d4bf26,,,,,,,,,,,,,,,,,,,,,,,,,,,,,,,,,,,,,,,,,,,,,,,,,,,,,,,,,,,,,,,,,,,,,,,,,,,,,,,,,,,,,,296.5927,296.5936,,,,,,,,,,,,,,,,,,,,,,,,,,,,,,,,,,,,,,,,,,,,,,,,,,,,,,,,,,,,,,
,,,,,6a180b571af3c9567a8ad244,2026-05-28_11h02.37.179,WP1_3,2025.2.3,Win32,60.24096386,6a0afe59b02506397f21638d,6a030b8ba3607712b5d4bf26,,,,,,,,,,,,,,,,,,,,,,,,,,,,,,,,,,,,,,,,,,,,,,,,,,,,,,,,,,,,,,,,,,,,,,,,,,,,,,,,,,,,,,,,296.5939,313.107,space,16.4658,,,,,,,,,,,,,,,,,,,,,,,,,,,,,,,,,,,,,,,,,,,,,,,,,,,,,,,,,,
,,,,,6a180b571af3c9567a8ad244,2026-05-28_11h02.37.179,WP1_3,2025.2.3,Win32,60.24096386,6a0afe59b02506397f21638d,6a030b8ba3607712b5d4bf26,,,,,,,,,,,,,,,,,,,,,,,,,,,,,,,,,,,,,,,,,,,,,,,,,,,,,,,,,,,,,,,,,,,,,,,,,,,,,,,,,,,,,,,,,,,,,313.1073,316.3025,space,3.1478,,,,,,,,,,,,,,,,,,,,,,,,,,,,,,,,,,,,,,,,,,,,,,,,,,,,,
,,,,,6a180b571af3c9567a8ad244,2026-05-28_11h02.37.179,WP1_3,2025.2.3,Win32,60.24096386,6a0afe59b02506397f21638d,6a030b8ba3607712b5d4bf26,,,,,,,,,,,,,,,,,,,,,,,,,,,,,,,,,,,,,,,,,,,,,,,,,,,,,,,,,,,,2,,,,,,,,,,,,,,,,,,,,,,,,,,,,,,,,,,,,,,2.317277027,316.3079,318.6247,318.6277,319.5372,p,0.7646,,TRUE,1,TRUE,,FALSE,,0,0,0,0,1,,,,,,,,,,,,,,,,,,,,,,,,,,,,,,,,,
,,,,,6a180b571af3c9567a8ad244,2026-05-28_11h02.37.179,WP1_3,2025.2.3,Win32,60.24096386,6a0afe59b02506397f21638d,6a030b8ba3607712b5d4bf26,,,,,,,,,,,,,,,,,,,,,,,,,,,,,,,,,,,,,,,,,,,,,,,,,,,,,,,,,,,,103,,,,,,,,,,,,,,,,,,,,,,,,,,,,,,,,,,,,,,1.863710521,319.5384,321.3921,321.3937,322.2225,p,0.7226,,TRUE,2,FALSE,,FALSE,,1,0,1,0,1,,,,,,,,,,,,,,,,,,,,,,,,,,,,,,,,,
,,,,,6a180b571af3c9567a8ad244,2026-05-28_11h02.37.179,WP1_3,2025.2.3,Win32,60.24096386,6a0afe59b02506397f21638d,6a030b8ba3607712b5d4bf26,,,,,,,,,,,,,,,,,,,,,,,,,,,,,,,,,,,,,,,,,,,,,,,,,,,,,,,,,,,,11,,,,,,,,,,,,,,,,,,,,,,,,,,,,,,,,,,,,,,1.893830288,322.2233,324.1232,324.1249,324.8374,p,0.6066,,TRUE,3,FALSE,,FALSE,,2,0,2,0,1,,,,,,,,,,,,,,,,,,,,,,,,,,,,,,,,,
,,,,,6a180b571af3c9567a8ad244,2026-05-28_11h02.37.179,WP1_3,2025.2.3,Win32,60.24096386,6a0afe59b02506397f21638d,6a030b8ba3607712b5d4bf26,,,,,,,,,,,,,,,,,,,,,,,,,,,,,,,,,,,,,,,,,,,,,,,,,,,,,,,,,,,,90,,,,,,,,,,,,,,,,,,,,,,,,,,,,,,,,,,,,,,2.349105353,324.8384,327.19,327.1915,327.7554,p,0.4613,,TRUE,4,FALSE,,FALSE,,3,0,3,0,1,,,,,,,,,,,,,,,,,,,,,,,,,,,,,,,,,
,,,,,6a180b571af3c9567a8ad244,2026-05-28_11h02.37.179,WP1_3,2025.2.3,Win32,60.24096386,6a0afe59b02506397f21638d,6a030b8ba3607712b5d4bf26,,,,,,,,,,,,,,,,,,,,,,,,,,,,,,,,,,,,,,,,,,,,,,,,,,,,,,,,,,,,89,,,,,,,,,,,,,,,,,,,,,,,,,,,,,,,,,,,,,,2.052400958,327.7561,329.8025,329.804,330.5779,p,0.6725,,TRUE,5,FALSE,,FALSE,,4,0,4,0,1,,,,,,,,,,,,,,,,,,,,,,,,,,,,,,,,,
,,,,,6a180b571af3c9567a8ad244,2026-05-28_11h02.37.179,WP1_3,2025.2.3,Win32,60.24096386,6a0afe59b02506397f21638d,6a030b8ba3607712b5d4bf26,,,,,,,,,,,,,,,,,,,,,,,,,,,,,,,,,,,,,,,,,,,,,,,,,,,,,,,,,,,,,,,,,,,,,,,,,,,,,,,,,,,,,,,,,,,,,,,,,,,,,,,,,,,,,,,,,,,,,330.5785,332.6422,space,2.0086,,,,,,,,,,,,,,,,,,,,,,,,,,,,,
,,,,,6a180b571af3c9567a8ad244,2026-05-28_11h02.37.179,WP1_3,2025.2.3,Win32,60.24096386,6a0afe59b02506397f21638d,6a030b8ba3607712b5d4bf26,,,,,,,,,,,,,,,,,,,,,,,,,,,,,,,,,,,,,,,,,,,,,,,,,,,,,,,,,,,,66,stim_fam/066_rgray_250.png,,,,,,,,,,,,,,,,,,,,,,,,,,,,,,,,,,,,,1.821369452,332.6481,334.4733,,,,,,,,FALSE,,FALSE,,,,,,,,,,,,334.4762,335.2291,p,0.6474,,1,60,1,1,250,novel,,,FALSE,335.23,335.2316,335.232,335.2344,,0,0,0,0,1,,,,
,,,,,6a180b571af3c9567a8ad244,2026-05-28_11h02.37.179,WP1_3,2025.2.3,Win32,60.24096386,6a0afe59b02506397f21638d,6a030b8ba3607712b5d4bf26,,,,,,,,,,,,,,,,,,,,,,,,,,,,,,,,,,,,,,,,,,,,,,,,,,,,,,,,,,,,7,Celebrities_Faces/007_02_greyscale_250.png,,,,,,,,,,,,,,,,,,,,,,,,,,,,,,,,,,,,,2.163897646,335.2351,337.3867,,,,,,,,TRUE,,FALSE,,,,,,,,,,,,337.3885,338.1121,q,0.6202,,2,30,1,1,2,familiar,,,FALSE,338.1122,338.1123,338.1123,338.1124,,1,0,1,0,1,,,,
,,,,,6a180b571af3c9567a8ad244,2026-05-28_11h02.37.179,WP1_3,2025.2.3,Win32,60.24096386,6a0afe59b02506397f21638d,6a030b8ba3607712b5d4bf26,,,,,,,,,,,,,,,,,,,,,,,,,,,,,,,,,,,,,,,,,,,,,,,,,,,,,,,,,,,,32,Celebrities_Faces/032_01_greyscale_250.png,,,,,,,,,,,,,,,,,,,,,,,,,,,,,,,,,,,,,1.620749442,338.1128,339.7383,,,,,,,,TRUE,,FALSE,,,,,,,,,,,,339.7403,340.4613,q,0.6261,,3,13,1,1,1,familiar,,,FALSE,340.4616,340.4619,340.4619,340.462,,2,0,2,0,1,,,,
,,,,,6a180b571af3c9567a8ad244,2026-05-28_11h02.37.179,WP1_3,2025.2.3,Win32,60.24096386,6a0afe59b02506397f21638d,6a030b8ba3607712b5d4bf26,,,,,,,,,,,,,,,,,,,,,,,,,,,,,,,,,,,,,,,,,,,,,,,,,,,,,,,,,,,,21,stim_fam/021_rgray_250.png,,,,,,,,,,,,,,,,,,,,,,,,,,,,,,,,,,,,,2.084392205,340.4624,342.5406,,,,,,,,FALSE,,FALSE,,,,,,,,,,,,342.5422,343.4121,p,0.7633,,4,52,1,1,250,novel,,,FALSE,343.4123,343.4125,343.4125,343.4127,,3,0,3,0,1,,,,
,,,,,6a180b571af3c9567a8ad244,2026-05-28_11h02.37.179,WP1_3,2025.2.3,Win32,60.24096386,6a0afe59b02506397f21638d,6a030b8ba3607712b5d4bf26,,,,,,,,,,,,,,,,,,,,,,,,,,,,,,,,,,,,,,,,,,,,,,,,,,,,,,,,,,,,57,Celebrities_Faces/057_03_greyscale_250.png,,,,,,,,,,,,,,,,,,,,,,,,,,,,,,,,,,,,,1.984246136,343.4132,345.3863,,,,,,,,TRUE,,FALSE,,,,,,,,,,,,345.3883,346.0903,q,0.5933,,5,3,1,1,3,familiar,,,FALSE,346.0907,346.0909,346.0909,346.0911,,4,0,4,0,1,,,,
,,,,,6a180b571af3c9567a8ad244,2026-05-28_11h02.37.179,WP1_3,2025.2.3,Win32,60.24096386,6a0afe59b02506397f21638d,6a030b8ba3607712b5d4bf26,,,,,,,,,,,,,,,,,,,,,,,,,,,,,,,,,,,,,,,,,,,,,,,,,,,,,,,,,,,,50,stim_fam/050_rgray_250.png,,,,,,,,,,,,,,,,,,,,,,,,,,,,,,,,,,,,,1.853983814,346.0916,347.9412,,,,,,,,FALSE,,FALSE,,,,,,,,,,,,347.9425,348.6208,p,0.5717,,6,42,1,1,250,novel,,,FALSE,348.6211,348.6212,348.6212,348.6213,,5,0,5,0,1,,,,
,,,,,6a180b571af3c9567a8ad244,2026-05-28_11h02.37.179,WP1_3,2025.2.3,Win32,60.24096386,6a0afe59b02506397f21638d,6a030b8ba3607712b5d4bf26,,,,,,,,,,,,,,,,,,,,,,,,,,,,,,,,,,,,,,,,,,,,,,,,,,,,,,,,,,,,33,Celebrities_Faces/033_01_greyscale_250.png,,,,,,,,,,,,,,,,,,,,,,,,,,,,,,,,,,,,,1.869300664,348.6218,350.4717,,,,,,,,TRUE,,FALSE,,,,,,,,,,,,350.4734,351.2116,q,0.6399,,7,14,1,1,1,familiar,,,FALSE,351.2118,351.2121,351.2122,351.2123,,6,0,6,0,1,,,,
,,,,,6a180b571af3c9567a8ad244,2026-05-28_11h02.37.179,WP1_3,2025.2.3,Win32,60.24096386,6a0afe59b02506397f21638d,6a030b8ba3607712b5d4bf26,,,,,,,,,,,,,,,,,,,,,,,,,,,,,,,,,,,,,,,,,,,,,,,,,,,,,,,,,,,,23,Celebrities_Faces/023_01_greyscale_250.png,,,,,,,,,,,,,,,,,,,,,,,,,,,,,,,,,,,,,2.011785089,351.2128,353.2216,,,,,,,,TRUE,,FALSE,,,,,,,,,,,,353.2234,354.0288,q,0.7,,8,10,1,1,1,familiar,,,FALSE,354.0291,354.0293,354.0295,354.0298,,7,0,7,0,1,,,,
,,,,,6a180b571af3c9567a8ad244,2026-05-28_11h02.37.179,WP1_3,2025.2.3,Win32,60.24096386,6a0afe59b02506397f21638d,6a030b8ba3607712b5d4bf26,,,,,,,,,,,,,,,,,,,,,,,,,,,,,,,,,,,,,,,,,,,,,,,,,,,,,,,,,,,,18,stim_fam/018_rgray_250.png,,,,,,,,,,,,,,,,,,,,,,,,,,,,,,,,,,,,,2.226229707,354.0304,356.2356,,,,,,,,FALSE,,FALSE,,,,,,,,,,,,356.2378,356.8722,p,0.5318,,9,34,1,1,250,novel,,,FALSE,356.8725,356.8727,356.8727,356.8728,,8,0,8,0,1,,,,
,,,,,6a180b571af3c9567a8ad244,2026-05-28_11h02.37.179,WP1_3,2025.2.3,Win32,60.24096386,6a0afe59b02506397f21638d,6a030b8ba3607712b5d4bf26,,,,,,,,,,,,,,,,,,,,,,,,,,,,,,,,,,,,,,,,,,,,,,,,,,,,,,,,,,,,46,Celebrities_Faces/046_02_greyscale_250.png,,,,,,,,,,,,,,,,,,,,,,,,,,,,,,,,,,,,,2.293802904,356.8733,359.1609,,,,,,,,TRUE,,FALSE,,,,,,,,,,,,359.162,359.8211,q,0.551,,10,15,1,1,2,familiar,,,FALSE,359.8214,359.8216,359.8216,359.8218,,9,0,9,0,1,,,,
,,,,,6a180b571af3c9567a8ad244,2026-05-28_11h02.37.179,WP1_3,2025.2.3,Win32,60.24096386,6a0afe59b02506397f21638d,6a030b8ba3607712b5d4bf26,,,,,,,,,,,,,,,,,,,,,,,,,,,,,,,,,,,,,,,,,,,,,,,,,,,,,,,,,,,,59,Celebrities_Faces/059_02_greyscale_250.png,,,,,,,,,,,,,,,,,,,,,,,,,,,,,,,,,,,,,2.394876944,359.8224,362.2026,,,,,,,,TRUE,,FALSE,,,,,,,,,,,,362.2042,362.8276,q,0.5238,,11,7,1,1,2,familiar,,,FALSE,362.828,362.8283,362.8284,362.8285,,10,0,10,0,1,,,,
,,,,,6a180b571af3c9567a8ad244,2026-05-28_11h02.37.179,WP1_3,2025.2.3,Win32,60.24096386,6a0afe59b02506397f21638d,6a030b8ba3607712b5d4bf26,,,,,,,,,,,,,,,,,,,,,,,,,,,,,,,,,,,,,,,,,,,,,,,,,,,,,,,,,,,,94,stim_fam/094_rgray_250.png,,,,,,,,,,,,,,,,,,,,,,,,,,,,,,,,,,,,,2.152413881,362.8295,364.9711,,,,,,,,FALSE,,FALSE,,,,,,,,,,,,364.9726,365.5726,p,0.4863,,12,58,1,1,250,novel,,,FALSE,365.5729,365.5731,365.5732,365.5734,,11,0,11,0,1,,,,
,,,,,6a180b571af3c9567a8ad244,2026-05-28_11h02.37.179,WP1_3,2025.2.3,Win32,60.24096386,6a0afe59b02506397f21638d,6a030b8ba3607712b5d4bf26,,,,,,,,,,,,,,,,,,,,,,,,,,,,,,,,,,,,,,,,,,,,,,,,,,,,,,,,,,,,54,stim_fam/054_rgray_250.png,,,,,,,,,,,,,,,,,,,,,,,,,,,,,,,,,,,,,1.540593628,365.5742,367.1114,,,,,,,,FALSE,,FALSE,,,,,,,,,,,,367.1127,367.7915,q,0.5721,,13,49,1,1,250,novel,,,FALSE,367.7919,367.792,367.7921,367.7923,,12,0,12,0,1,,,,
,,,,,6a180b571af3c9567a8ad244,2026-05-28_11h02.37.179,WP1_3,2025.2.3,Win32,60.24096386,6a0afe59b02506397f21638d,6a030b8ba3607712b5d4bf26,,,,,,,,,,,,,,,,,,,,,,,,,,,,,,,,,,,,,,,,,,,,,,,,,,,,,,,,,,,,45,stim_fam/045_rgray_250.png,,,,,,,,,,,,,,,,,,,,,,,,,,,,,,,,,,,,,2.221797387,367.7929,370.0059,,,,,,,,FALSE,,FALSE,,,,,,,,,,,,370.0076,370.6971,q,0.5883,,14,32,1,1,250,novel,,,FALSE,370.6974,370.6976,370.6976,370.6978,,13,0,13,0,1,,,,
,,,,,6a180b571af3c9567a8ad244,2026-05-28_11h02.37.179,WP1_3,2025.2.3,Win32,60.24096386,6a0afe59b02506397f21638d,6a030b8ba3607712b5d4bf26,,,,,,,,,,,,,,,,,,,,,,,,,,,,,,,,,,,,,,,,,,,,,,,,,,,,,,,,,,,,4,Celebrities_Faces/004_02_greyscale_250.png,,,,,,,,,,,,,,,,,,,,,,,,,,,,,,,,,,,,,2.157287474,370.6983,372.8551,,,,,,,,TRUE,,FALSE,,,,,,,,,,,,372.8567,373.5613,p,0.6013,,15,22,1,1,2,familiar,,,FALSE,373.5617,373.5621,373.5622,373.5624,,14,0,14,0,1,,,,
,,,,,6a180b571af3c9567a8ad244,2026-05-28_11h02.37.179,WP1_3,2025.2.3,Win32,60.24096386,6a0afe59b02506397f21638d,6a030b8ba3607712b5d4bf26,,,,,,,,,,,,,,,,,,,,,,,,,,,,,,,,,,,,,,,,,,,,,,,,,,,,,,,,,,,,21,Celebrities_Faces/021_01_greyscale_250.png,,,,,,,,,,,,,,,,,,,,,,,,,,,,,,,,,,,,,2.085276921,373.5629,375.6412,,,,,,,,TRUE,,FALSE,,,,,,,,,,,,375.6429,376.331,q,0.587,,16,2,1,1,1,familiar,,,FALSE,376.3313,376.3314,376.3314,376.3316,,15,0,15,0,1,,,,
,,,,,6a180b571af3c9567a8ad244,2026-05-28_11h02.37.179,WP1_3,2025.2.3,Win32,60.24096386,6a0afe59b02506397f21638d,6a030b8ba3607712b5d4bf26,,,,,,,,,,,,,,,,,,,,,,,,,,,,,,,,,,,,,,,,,,,,,,,,,,,,,,,,,,,,87,stim_fam/087_rgray_250.png,,,,,,,,,,,,,,,,,,,,,,,,,,,,,,,,,,,,,1.701294086,376.332,378.0251,,,,,,,,FALSE,,FALSE,,,,,,,,,,,,378.0265,378.8284,p,0.6911,,17,43,1,1,250,novel,,,FALSE,378.8288,378.829,378.8291,378.8292,,16,0,16,0,1,,,,
,,,,,6a180b571af3c9567a8ad244,2026-05-28_11h02.37.179,WP1_3,2025.2.3,Win32,60.24096386,6a0afe59b02506397f21638d,6a030b8ba3607712b5d4bf26,,,,,,,,,,,,,,,,,,,,,,,,,,,,,,,,,,,,,,,,,,,,,,,,,,,,,,,,,,,,55,stim_fam/055_rgray_250.png,,,,,,,,,,,,,,,,,,,,,,,,,,,,,,,,,,,,,2.33226135,378.8297,381.1551,,,,,,,,FALSE,,FALSE,,,,,,,,,,,,381.1564,381.9419,p,0.6957,,18,33,1,1,250,novel,,,FALSE,381.9421,381.9423,381.9423,381.9424,,17,0,17,0,1,,,,
,,,,,6a180b571af3c9567a8ad244,2026-05-28_11h02.37.179,WP1_3,2025.2.3,Win32,60.24096386,6a0afe59b02506397f21638d,6a030b8ba3607712b5d4bf26,,,,,,,,,,,,,,,,,,,,,,,,,,,,,,,,,,,,,,,,,,,,,,,,,,,,,,,,,,,,39,Celebrities_Faces/039_01_greyscale_250.png,,,,,,,,,,,,,,,,,,,,,,,,,,,,,,,,,,,,,2.077116961,381.9427,384.0217,,,,,,,,TRUE,,FALSE,,,,,,,,,,,,384.023,384.7114,q,0.5759,,19,4,1,1,1,familiar,,,FALSE,384.7117,384.7118,384.7119,384.712,,18,0,18,0,1,,,,
,,,,,6a180b571af3c9567a8ad244,2026-05-28_11h02.37.179,WP1_3,2025.2.3,Win32,60.24096386,6a0afe59b02506397f21638d,6a030b8ba3607712b5d4bf26,,,,,,,,,,,,,,,,,,,,,,,,,,,,,,,,,,,,,,,,,,,,,,,,,,,,,,,,,,,,97,stim_fam/097_rgray_250.png,,,,,,,,,,,,,,,,,,,,,,,,,,,,,,,,,,,,,2.284288873,384.7125,386.9887,,,,,,,,FALSE,,FALSE,,,,,,,,,,,,386.9905,387.6906,p,0.5838,,20,57,1,1,250,novel,,,FALSE,387.6909,387.6911,387.6912,387.6913,,19,0,19,0,1,,,,
,,,,,6a180b571af3c9567a8ad244,2026-05-28_11h02.37.179,WP1_3,2025.2.3,Win32,60.24096386,6a0afe59b02506397f21638d,6a030b8ba3607712b5d4bf26,,,,,,,,,,,,,,,,,,,,,,,,,,,,,,,,,,,,,,,,,,,,,,,,,,,,,,,,,,,,63,stim_fam/063_rgray_250.png,,,,,,,,,,,,,,,,,,,,,,,,,,,,,,,,,,,,,1.936348471,387.6919,389.627,,,,,,,,FALSE,,FALSE,,,,,,,,,,,,389.6289,390.3749,p,0.6451,,21,40,1,1,250,novel,,,FALSE,390.3751,390.3753,390.3754,390.3755,,20,0,20,0,1,,,,
,,,,,6a180b571af3c9567a8ad244,2026-05-28_11h02.37.179,WP1_3,2025.2.3,Win32,60.24096386,6a0afe59b02506397f21638d,6a030b8ba3607712b5d4bf26,,,,,,,,,,,,,,,,,,,,,,,,,,,,,,,,,,,,,,,,,,,,,,,,,,,,,,,,,,,,82,stim_fam/082_rgray_250.png,,,,,,,,,,,,,,,,,,,,,,,,,,,,,,,,,,,,,2.384283634,390.3759,392.7391,,,,,,,,FALSE,,FALSE,,,,,,,,,,,,392.7407,393.4467,p,0.6027,,22,53,1,1,250,novel,,,FALSE,393.447,393.4472,393.4472,393.4473,,21,0,21,0,1,,,,
,,,,,6a180b571af3c9567a8ad244,2026-05-28_11h02.37.179,WP1_3,2025.2.3,Win32,60.24096386,6a0afe59b02506397f21638d,6a030b8ba3607712b5d4bf26,,,,,,,,,,,,,,,,,,,,,,,,,,,,,,,,,,,,,,,,,,,,,,,,,,,,,,,,,,,,56,Celebrities_Faces/056_03_greyscale_250.png,,,,,,,,,,,,,,,,,,,,,,,,,,,,,,,,,,,,,1.857919666,393.4478,395.3046,,,,,,,,TRUE,,FALSE,,,,,,,,,,,,395.3067,395.9466,q,0.5292,,23,5,1,1,3,familiar,,,FALSE,395.947,395.947,395.9471,395.9472,,22,0,22,0,1,,,,
,,,,,6a180b571af3c9567a8ad244,2026-05-28_11h02.37.179,WP1_3,2025.2.3,Win32,60.24096386,6a0afe59b02506397f21638d,6a030b8ba3607712b5d4bf26,,,,,,,,,,,,,,,,,,,,,,,,,,,,,,,,,,,,,,,,,,,,,,,,,,,,,,,,,,,,30,Celebrities_Faces/030_01_greyscale_250.png,,,,,,,,,,,,,,,,,,,,,,,,,,,,,,,,,,,,,2.436763558,395.9476,398.389,,,,,,,,TRUE,,FALSE,,,,,,,,,,,,398.3904,399.0782,q,0.5771,,24,11,1,1,1,familiar,,,FALSE,399.0787,399.0789,399.0789,399.0791,,23,0,23,0,1,,,,
,,,,,6a180b571af3c9567a8ad244,2026-05-28_11h02.37.179,WP1_3,2025.2.3,Win32,60.24096386,6a0afe59b02506397f21638d,6a030b8ba3607712b5d4bf26,,,,,,,,,,,,,,,,,,,,,,,,,,,,,,,,,,,,,,,,,,,,,,,,,,,,,,,,,,,,67,stim_fam/067_rgray_250.png,,,,,,,,,,,,,,,,,,,,,,,,,,,,,,,,,,,,,2.499125415,399.0796,401.5761,,,,,,,,FALSE,,FALSE,,,,,,,,,,,,401.5779,402.2633,p,0.5752,,25,48,1,1,250,novel,,,FALSE,402.2636,402.2638,402.2639,402.264,,24,0,24,0,1,,,,
,,,,,6a180b571af3c9567a8ad244,2026-05-28_11h02.37.179,WP1_3,2025.2.3,Win32,60.24096386,6a0afe59b02506397f21638d,6a030b8ba3607712b5d4bf26,,,,,,,,,,,,,,,,,,,,,,,,,,,,,,,,,,,,,,,,,,,,,,,,,,,,,,,,,,,,57,stim_fam/057_rgray_250.png,,,,,,,,,,,,,,,,,,,,,,,,,,,,,,,,,,,,,1.999433346,402.2646,404.2595,,,,,,,,FALSE,,FALSE,,,,,,,,,,,,404.2611,404.944,p,0.5818,,26,50,1,1,250,novel,,,FALSE,404.9442,404.9443,404.9443,404.9444,,25,0,25,0,1,,,,
,,,,,6a180b571af3c9567a8ad244,2026-05-28_11h02.37.179,WP1_3,2025.2.3,Win32,60.24096386,6a0afe59b02506397f21638d,6a030b8ba3607712b5d4bf26,,,,,,,,,,,,,,,,,,,,,,,,,,,,,,,,,,,,,,,,,,,,,,,,,,,,,,,,,,,,80,stim_fam/080_rgray_250.png,,,,,,,,,,,,,,,,,,,,,,,,,,,,,,,,,,,,,2.184733606,404.9447,407.1389,,,,,,,,FALSE,,FALSE,,,,,,,,,,,,407.1405,407.7662,p,0.5253,,27,37,1,1,250,novel,,,FALSE,407.7665,407.7665,407.7665,407.7665,,26,0,26,0,1,,,,
,,,,,6a180b571af3c9567a8ad244,2026-05-28_11h02.37.179,WP1_3,2025.2.3,Win32,60.24096386,6a0afe59b02506397f21638d,6a030b8ba3607712b5d4bf26,,,,,,,,,,,,,,,,,,,,,,,,,,,,,,,,,,,,,,,,,,,,,,,,,,,,,,,,,,,,58,Celebrities_Faces/058_01_greyscale_250.png,,,,,,,,,,,,,,,,,,,,,,,,,,,,,,,,,,,,,1.75911047,407.7668,409.525,,,,,,,,TRUE,,FALSE,,,,,,,,,,,,409.5267,410.2249,p,0.5876,,28,20,1,1,1,familiar,,,FALSE,410.2251,410.2253,410.2254,410.2255,,27,0,27,0,1,,,,
,,,,,6a180b571af3c9567a8ad244,2026-05-28_11h02.37.179,WP1_3,2025.2.3,Win32,60.24096386,6a0afe59b02506397f21638d,6a030b8ba3607712b5d4bf26,,,,,,,,,,,,,,,,,,,,,,,,,,,,,,,,,,,,,,,,,,,,,,,,,,,,,,,,,,,,44,Celebrities_Faces/044_03_greyscale_250.png,,,,,,,,,,,,,,,,,,,,,,,,,,,,,,,,,,,,,2.00045826,410.226,412.2399,,,,,,,,TRUE,,FALSE,,,,,,,,,,,,412.2416,412.9334,q,0.5933,,29,12,1,1,3,familiar,,,FALSE,412.9337,412.9339,412.9339,412.9341,,28,0,28,0,1,,,,
,,,,,6a180b571af3c9567a8ad244,2026-05-28_11h02.37.179,WP1_3,2025.2.3,Win32,60.24096386,6a0afe59b02506397f21638d,6a030b8ba3607712b5d4bf26,,,,,,,,,,,,,,,,,,,,,,,,,,,,,,,,,,,,,,,,,,,,,,,,,,,,,,,,,,,,60,Celebrities_Faces/060_03_greyscale_250.png,,,,,,,,,,,,,,,,,,,,,,,,,,,,,,,,,,,,,1.839511979,412.9345,414.7626,,,,,,,,TRUE,,FALSE,,,,,,,,,,,,414.7642,415.4911,q,0.6255,,30,26,1,1,3,familiar,,,FALSE,415.4913,415.4914,415.4914,415.4916,,29,0,29,0,1,,,,
,,,,,6a180b571af3c9567a8ad244,2026-05-28_11h02.37.179,WP1_3,2025.2.3,Win32,60.24096386,6a0afe59b02506397f21638d,6a030b8ba3607712b5d4bf26,,,,,,,,,,,,,,,,,,,,,,,,,,,,,,,,,,,,,,,,,,,,,,,,,,,,,,,,,,,,40,Celebrities_Faces/040_03_greyscale_250.png,,,,,,,,,,,,,,,,,,,,,,,,,,,,,,,,,,,,,2.454999102,415.4921,417.947,,,,,,,,TRUE,,FALSE,,,,,,,,,,,,417.9483,418.6915,q,0.6389,,31,28,1,1,3,familiar,,,FALSE,418.6918,418.692,418.692,418.6922,,30,0,30,0,1,,,,
,,,,,6a180b571af3c9567a8ad244,2026-05-28_11h02.37.179,WP1_3,2025.2.3,Win32,60.24096386,6a0afe59b02506397f21638d,6a030b8ba3607712b5d4bf26,,,,,,,,,,,,,,,,,,,,,,,,,,,,,,,,,,,,,,,,,,,,,,,,,,,,,,,,,,,,91,stim_fam/091_rgray_250.png,,,,,,,,,,,,,,,,,,,,,,,,,,,,,,,,,,,,,1.852181693,418.6929,420.5407,,,,,,,,FALSE,,FALSE,,,,,,,,,,,,420.5421,421.214,p,0.5651,,32,59,1,1,250,novel,,,FALSE,421.2144,421.2146,421.2147,421.2148,,31,0,31,0,1,,,,
,,,,,6a180b571af3c9567a8ad244,2026-05-28_11h02.37.179,WP1_3,2025.2.3,Win32,60.24096386,6a0afe59b02506397f21638d,6a030b8ba3607712b5d4bf26,,,,,,,,,,,,,,,,,,,,,,,,,,,,,,,,,,,,,,,,,,,,,,,,,,,,,,,,,,,,6,stim_fam/006_rgray_250.png,,,,,,,,,,,,,,,,,,,,,,,,,,,,,,,,,,,,,2.193499362,421.2154,423.411,,,,,,,,FALSE,,FALSE,,,,,,,,,,,,423.4126,424.3134,p,0.7874,,33,56,1,1,250,novel,,,FALSE,424.3137,424.3139,424.3139,424.314,,32,0,32,0,1,,,,
,,,,,6a180b571af3c9567a8ad244,2026-05-28_11h02.37.179,WP1_3,2025.2.3,Win32,60.24096386,6a0afe59b02506397f21638d,6a030b8ba3607712b5d4bf26,,,,,,,,,,,,,,,,,,,,,,,,,,,,,,,,,,,,,,,,,,,,,,,,,,,,,,,,,,,,41,Celebrities_Faces/041_02_greyscale_250.png,,,,,,,,,,,,,,,,,,,,,,,,,,,,,,,,,,,,,2.062638772,424.3145,426.3747,,,,,,,,TRUE,,FALSE,,,,,,,,,,,,426.3764,427.0768,q,0.601,,34,29,1,1,2,familiar,,,FALSE,427.077,427.0772,427.0772,427.0773,,33,0,33,0,1,,,,
,,,,,6a180b571af3c9567a8ad244,2026-05-28_11h02.37.179,WP1_3,2025.2.3,Win32,60.24096386,6a0afe59b02506397f21638d,6a030b8ba3607712b5d4bf26,,,,,,,,,,,,,,,,,,,,,,,,,,,,,,,,,,,,,,,,,,,,,,,,,,,,,,,,,,,,72,stim_fam/072_rgray_250.png,,,,,,,,,,,,,,,,,,,,,,,,,,,,,,,,,,,,,2.24293853,427.0777,429.3231,,,,,,,,FALSE,,FALSE,,,,,,,,,,,,429.3248,430.1141,p,0.6773,,35,38,1,1,250,novel,,,FALSE,430.1143,430.1145,430.1145,430.1147,,34,0,34,0,1,,,,
,,,,,6a180b571af3c9567a8ad244,2026-05-28_11h02.37.179,WP1_3,2025.2.3,Win32,60.24096386,6a0afe59b02506397f21638d,6a030b8ba3607712b5d4bf26,,,,,,,,,,,,,,,,,,,,,,,,,,,,,,,,,,,,,,,,,,,,,,,,,,,,,,,,,,,,34,Celebrities_Faces/034_02_greyscale_250.png,,,,,,,,,,,,,,,,,,,,,,,,,,,,,,,,,,,,,2.04580219,430.1151,432.1568,,,,,,,,TRUE,,FALSE,,,,,,,,,,,,432.1582,432.8491,p,0.5877,,36,18,1,1,2,familiar,,,FALSE,432.8493,432.8493,432.8494,432.8495,,35,0,35,0,1,,,,
,,,,,6a180b571af3c9567a8ad244,2026-05-28_11h02.37.179,WP1_3,2025.2.3,Win32,60.24096386,6a0afe59b02506397f21638d,6a030b8ba3607712b5d4bf26,,,,,,,,,,,,,,,,,,,,,,,,,,,,,,,,,,,,,,,,,,,,,,,,,,,,,,,,,,,,45,Celebrities_Faces/045_02_greyscale_250.png,,,,,,,,,,,,,,,,,,,,,,,,,,,,,,,,,,,,,2.355083232,432.8499,435.2095,,,,,,,,TRUE,,FALSE,,,,,,,,,,,,435.2113,435.9756,q,0.657,,37,8,1,1,2,familiar,,,FALSE,435.9758,435.9759,435.9759,435.9761,,36,0,36,0,1,,,,
,,,,,6a180b571af3c9567a8ad244,2026-05-28_11h02.37.179,WP1_3,2025.2.3,Win32,60.24096386,6a0afe59b02506397f21638d,6a030b8ba3607712b5d4bf26,,,,,,,,,,,,,,,,,,,,,,,,,,,,,,,,,,,,,,,,,,,,,,,,,,,,,,,,,,,,79,stim_fam/079_rgray_250.png,,,,,,,,,,,,,,,,,,,,,,,,,,,,,,,,,,,,,2.061150998,435.9765,438.0298,,,,,,,,FALSE,,FALSE,,,,,,,,,,,,438.0315,438.7095,p,0.5737,,38,46,1,1,250,novel,,,FALSE,438.7098,438.7099,438.71,438.7101,,37,0,37,0,1,,,,
,,,,,6a180b571af3c9567a8ad244,2026-05-28_11h02.37.179,WP1_3,2025.2.3,Win32,60.24096386,6a0afe59b02506397f21638d,6a030b8ba3607712b5d4bf26,,,,,,,,,,,,,,,,,,,,,,,,,,,,,,,,,,,,,,,,,,,,,,,,,,,,,,,,,,,,61,stim_fam/061_rgray_250.png,,,,,,,,,,,,,,,,,,,,,,,,,,,,,,,,,,,,,1.964951542,438.7106,440.6582,,,,,,,,FALSE,,FALSE,,,,,,,,,,,,440.6598,441.4486,p,0.6733,,39,54,1,1,250,novel,,,FALSE,441.4489,441.449,441.4491,441.4492,,38,0,38,0,1,,,,
,,,,,6a180b571af3c9567a8ad244,2026-05-28_11h02.37.179,WP1_3,2025.2.3,Win32,60.24096386,6a0afe59b02506397f21638d,6a030b8ba3607712b5d4bf26,,,,,,,,,,,,,,,,,,,,,,,,,,,,,,,,,,,,,,,,,,,,,,,,,,,,,,,,,,,,11,Celebrities_Faces/011_02_greyscale_250.png,,,,,,,,,,,,,,,,,,,,,,,,,,,,,,,,,,,,,1.759639905,441.4499,443.2142,,,,,,,,TRUE,,FALSE,,,,,,,,,,,,443.2162,443.9588,p,0.6291,,40,24,1,1,2,familiar,,,FALSE,443.9591,443.9593,443.9594,443.9594,,39,0,39,0,1,,,,
,,,,,6a180b571af3c9567a8ad244,2026-05-28_11h02.37.179,WP1_3,2025.2.3,Win32,60.24096386,6a0afe59b02506397f21638d,6a030b8ba3607712b5d4bf26,,,,,,,,,,,,,,,,,,,,,,,,,,,,,,,,,,,,,,,,,,,,,,,,,,,,,,,,,,,,36,Celebrities_Faces/036_01_greyscale_250.png,,,,,,,,,,,,,,,,,,,,,,,,,,,,,,,,,,,,,1.671388999,443.9598,445.6311,,,,,,,,TRUE,,FALSE,,,,,,,,,,,,445.6323,446.348,q,0.6137,,41,16,1,1,1,familiar,,,FALSE,446.3482,446.3484,446.3485,446.3486,,40,0,40,0,1,,,,
,,,,,6a180b571af3c9567a8ad244,2026-05-28_11h02.37.179,WP1_3,2025.2.3,Win32,60.24096386,6a0afe59b02506397f21638d,6a030b8ba3607712b5d4bf26,,,,,,,,,,,,,,,,,,,,,,,,,,,,,,,,,,,,,,,,,,,,,,,,,,,,,,,,,,,,34,stim_fam/034_rgray_250.png,,,,,,,,,,,,,,,,,,,,,,,,,,,,,,,,,,,,,1.684960269,446.3491,448.0259,,,,,,,,FALSE,,FALSE,,,,,,,,,,,,448.0277,448.8844,p,0.7546,,42,39,1,1,250,novel,,,FALSE,448.8847,448.8849,448.8849,448.8851,,41,0,41,0,1,,,,
,,,,,6a180b571af3c9567a8ad244,2026-05-28_11h02.37.179,WP1_3,2025.2.3,Win32,60.24096386,6a0afe59b02506397f21638d,6a030b8ba3607712b5d4bf26,,,,,,,,,,,,,,,,,,,,,,,,,,,,,,,,,,,,,,,,,,,,,,,,,,,,,,,,,,,,26,Celebrities_Faces/026_03_greyscale_250.png,,,,,,,,,,,,,,,,,,,,,,,,,,,,,,,,,,,,,1.989789423,448.8856,450.8813,,,,,,,,TRUE,,FALSE,,,,,,,,,,,,450.883,451.5337,q,0.549,,43,1,1,1,3,familiar,,,FALSE,451.534,451.5342,451.5342,451.5343,,42,0,42,0,1,,,,
,,,,,6a180b571af3c9567a8ad244,2026-05-28_11h02.37.179,WP1_3,2025.2.3,Win32,60.24096386,6a0afe59b02506397f21638d,6a030b8ba3607712b5d4bf26,,,,,,,,,,,,,,,,,,,,,,,,,,,,,,,,,,,,,,,,,,,,,,,,,,,,,,,,,,,,52,Celebrities_Faces/052_03_greyscale_250.png,,,,,,,,,,,,,,,,,,,,,,,,,,,,,,,,,,,,,1.981903768,451.5347,453.5163,,,,,,,,TRUE,,FALSE,,,,,,,,,,,,453.5176,454.2458,q,0.6248,,44,19,1,1,3,familiar,,,FALSE,454.2461,454.2463,454.2463,454.2466,,43,0,43,0,1,,,,
,,,,,6a180b571af3c9567a8ad244,2026-05-28_11h02.37.179,WP1_3,2025.2.3,Win32,60.24096386,6a0afe59b02506397f21638d,6a030b8ba3607712b5d4bf26,,,,,,,,,,,,,,,,,,,,,,,,,,,,,,,,,,,,,,,,,,,,,,,,,,,,,,,,,,,,42,Celebrities_Faces/042_03_greyscale_250.png,,,,,,,,,,,,,,,,,,,,,,,,,,,,,,,,,,,,,2.300943992,454.247,456.5472,,,,,,,,TRUE,,FALSE,,,,,,,,,,,,456.549,457.2005,p,0.5475,,45,21,1,1,3,familiar,,,FALSE,457.2008,457.2008,457.2009,457.2009,,44,0,44,0,1,,,,
,,,,,6a180b571af3c9567a8ad244,2026-05-28_11h02.37.179,WP1_3,2025.2.3,Win32,60.24096386,6a0afe59b02506397f21638d,6a030b8ba3607712b5d4bf26,,,,,,,,,,,,,,,,,,,,,,,,,,,,,,,,,,,,,,,,,,,,,,,,,,,,,,,,,,,,46,stim_fam/046_rgray_250.png,,,,,,,,,,,,,,,,,,,,,,,,,,,,,,,,,,,,,2.391947347,457.2013,459.5923,,,,,,,,FALSE,,FALSE,,,,,,,,,,,,459.5939,460.3856,p,0.6812,,46,47,1,1,250,novel,,,FALSE,460.3859,460.386,460.3861,460.3863,,45,0,45,0,1,,,,
,,,,,6a180b571af3c9567a8ad244,2026-05-28_11h02.37.179,WP1_3,2025.2.3,Win32,60.24096386,6a0afe59b02506397f21638d,6a030b8ba3607712b5d4bf26,,,,,,,,,,,,,,,,,,,,,,,,,,,,,,,,,,,,,,,,,,,,,,,,,,,,,,,,,,,,33,stim_fam/033_rgray_250.png,,,,,,,,,,,,,,,,,,,,,,,,,,,,,,,,,,,,,2.298976804,460.387,462.6808,,,,,,,,FALSE,,FALSE,,,,,,,,,,,,462.6823,463.5008,p,0.706,,47,44,1,1,250,novel,,,FALSE,463.501,463.5011,463.5011,463.5012,,46,0,46,0,1,,,,
,,,,,6a180b571af3c9567a8ad244,2026-05-28_11h02.37.179,WP1_3,2025.2.3,Win32,60.24096386,6a0afe59b02506397f21638d,6a030b8ba3607712b5d4bf26,,,,,,,,,,,,,,,,,,,,,,,,,,,,,,,,,,,,,,,,,,,,,,,,,,,,,,,,,,,,28,stim_fam/028_rgray_250.png,,,,,,,,,,,,,,,,,,,,,,,,,,,,,,,,,,,,,2.491971866,463.5016,465.9989,,,,,,,,FALSE,,FALSE,,,,,,,,,,,,466.0001,466.8771,p,0.7743,,48,36,1,1,250,novel,,,FALSE,466.8776,466.8777,466.8777,466.8778,,47,0,47,0,1,,,,
,,,,,6a180b571af3c9567a8ad244,2026-05-28_11h02.37.179,WP1_3,2025.2.3,Win32,60.24096386,6a0afe59b02506397f21638d,6a030b8ba3607712b5d4bf26,,,,,,,,,,,,,,,,,,,,,,,,,,,,,,,,,,,,,,,,,,,,,,,,,,,,,,,,,,,,76,stim_fam/076_rgray_250.png,,,,,,,,,,,,,,,,,,,,,,,,,,,,,,,,,,,,,2.208610708,466.8784,469.0825,,,,,,,,FALSE,,FALSE,,,,,,,,,,,,469.0838,469.7165,p,0.5274,,49,31,1,1,250,novel,,,FALSE,469.7169,469.7171,469.7172,469.7173,,48,0,48,0,1,,,,
,,,,,6a180b571af3c9567a8ad244,2026-05-28_11h02.37.179,WP1_3,2025.2.3,Win32,60.24096386,6a0afe59b02506397f21638d,6a030b8ba3607712b5d4bf26,,,,,,,,,,,,,,,,,,,,,,,,,,,,,,,,,,,,,,,,,,,,,,,,,,,,,,,,,,,,24,Celebrities_Faces/024_02_greyscale_250.png,,,,,,,,,,,,,,,,,,,,,,,,,,,,,,,,,,,,,2.042624438,469.7179,471.7658,,,,,,,,TRUE,,FALSE,,,,,,,,,,,,471.7676,472.3619,p,0.4954,,50,27,1,1,2,familiar,,,FALSE,472.3622,472.3624,472.3625,472.3626,,49,0,49,0,1,,,,
,,,,,6a180b571af3c9567a8ad244,2026-05-28_11h02.37.179,WP1_3,2025.2.3,Win32,60.24096386,6a0afe59b02506397f21638d,6a030b8ba3607712b5d4bf26,,,,,,,,,,,,,,,,,,,,,,,,,,,,,,,,,,,,,,,,,,,,,,,,,,,,,,,,,,,,47,Celebrities_Faces/047_02_greyscale_250.png,,,,,,,,,,,,,,,,,,,,,,,,,,,,,,,,,,,,,2.011432077,472.3631,474.3603,,,,,,,,TRUE,,FALSE,,,,,,,,,,,,474.362,474.9528,q,0.4884,,51,9,1,1,2,familiar,,,FALSE,474.953,474.9531,474.9532,474.9532,,50,0,50,0,1,,,,
,,,,,6a180b571af3c9567a8ad244,2026-05-28_11h02.37.179,WP1_3,2025.2.3,Win32,60.24096386,6a0afe59b02506397f21638d,6a030b8ba3607712b5d4bf26,,,,,,,,,,,,,,,,,,,,,,,,,,,,,,,,,,,,,,,,,,,,,,,,,,,,,,,,,,,,35,Celebrities_Faces/035_02_greyscale_250.png,,,,,,,,,,,,,,,,,,,,,,,,,,,,,,,,,,,,,1.771178331,474.9534,476.7143,,,,,,,,TRUE,,FALSE,,,,,,,,,,,,476.7161,477.5363,q,0.72,,52,23,1,1,2,familiar,,,FALSE,477.5366,477.5367,477.5368,477.5369,,51,0,51,0,1,,,,
,,,,,6a180b571af3c9567a8ad244,2026-05-28_11h02.37.179,WP1_3,2025.2.3,Win32,60.24096386,6a0afe59b02506397f21638d,6a030b8ba3607712b5d4bf26,,,,,,,,,,,,,,,,,,,,,,,,,,,,,,,,,,,,,,,,,,,,,,,,,,,,,,,,,,,,5,Celebrities_Faces/005_01_greyscale_250.png,,,,,,,,,,,,,,,,,,,,,,,,,,,,,,,,,,,,,1.564508102,477.5374,479.0971,,,,,,,,TRUE,,FALSE,,,,,,,,,,,,479.0988,479.8849,q,0.6756,,53,25,1,1,1,familiar,,,FALSE,479.8853,479.8856,479.8856,479.8858,,52,0,52,0,1,,,,
,,,,,6a180b571af3c9567a8ad244,2026-05-28_11h02.37.179,WP1_3,2025.2.3,Win32,60.24096386,6a0afe59b02506397f21638d,6a030b8ba3607712b5d4bf26,,,,,,,,,,,,,,,,,,,,,,,,,,,,,,,,,,,,,,,,,,,,,,,,,,,,,,,,,,,,8,stim_fam/008_rgray_250.png,,,,,,,,,,,,,,,,,,,,,,,,,,,,,,,,,,,,,1.897454922,479.8865,481.7771,,,,,,,,FALSE,,FALSE,,,,,,,,,,,,481.7789,482.462,p,0.5801,,54,35,1,1,250,novel,,,FALSE,482.4622,482.4623,482.4624,482.4626,,53,0,53,0,1,,,,
,,,,,6a180b571af3c9567a8ad244,2026-05-28_11h02.37.179,WP1_3,2025.2.3,Win32,60.24096386,6a0afe59b02506397f21638d,6a030b8ba3607712b5d4bf26,,,,,,,,,,,,,,,,,,,,,,,,,,,,,,,,,,,,,,,,,,,,,,,,,,,,,,,,,,,,24,stim_fam/024_rgray_250.png,,,,,,,,,,,,,,,,,,,,,,,,,,,,,,,,,,,,,2.047501241,482.4631,484.4988,,,,,,,,FALSE,,FALSE,,,,,,,,,,,,484.5002,485.2197,q,0.6117,,55,55,1,1,250,novel,,,FALSE,485.2201,485.2202,485.2202,485.2203,,54,0,54,0,1,,,,
,,,,,6a180b571af3c9567a8ad244,2026-05-28_11h02.37.179,WP1_3,2025.2.3,Win32,60.24096386,6a0afe59b02506397f21638d,6a030b8ba3607712b5d4bf26,,,,,,,,,,,,,,,,,,,,,,,,,,,,,,,,,,,,,,,,,,,,,,,,,,,,,,,,,,,,20,stim_fam/020_rgray_250.png,,,,,,,,,,,,,,,,,,,,,,,,,,,,,,,,,,,,,1.647058726,485.2208,486.8628,,,,,,,,FALSE,,FALSE,,,,,,,,,,,,486.8643,487.6309,p,0.655,,56,41,1,1,250,novel,,,FALSE,487.6312,487.6313,487.6313,487.6315,,55,0,55,0,1,,,,
,,,,,6a180b571af3c9567a8ad244,2026-05-28_11h02.37.179,WP1_3,2025.2.3,Win32,60.24096386,6a0afe59b02506397f21638d,6a030b8ba3607712b5d4bf26,,,,,,,,,,,,,,,,,,,,,,,,,,,,,,,,,,,,,,,,,,,,,,,,,,,,,,,,,,,,74,stim_fam/074_rgray_250.png,,,,,,,,,,,,,,,,,,,,,,,,,,,,,,,,,,,,,2.251782669,487.632,489.8626,,,,,,,,FALSE,,FALSE,,,,,,,,,,,,489.8642,490.5454,p,0.5685,,57,51,1,1,250,novel,,,FALSE,490.5457,490.5458,490.5458,490.546,,56,0,56,0,1,,,,
,,,,,6a180b571af3c9567a8ad244,2026-05-28_11h02.37.179,WP1_3,2025.2.3,Win32,60.24096386,6a0afe59b02506397f21638d,6a030b8ba3607712b5d4bf26,,,,,,,,,,,,,,,,,,,,,,,,,,,,,,,,,,,,,,,,,,,,,,,,,,,,,,,,,,,,31,Celebrities_Faces/031_03_greyscale_250.png,,,,,,,,,,,,,,,,,,,,,,,,,,,,,,,,,,,,,2.48934002,490.5464,493.031,,,,,,,,TRUE,,FALSE,,,,,,,,,,,,493.0327,493.8869,q,0.754,,58,6,1,1,3,familiar,,,FALSE,493.8872,493.8874,493.8874,493.8875,,57,0,57,0,1,,,,
,,,,,6a180b571af3c9567a8ad244,2026-05-28_11h02.37.179,WP1_3,2025.2.3,Win32,60.24096386,6a0afe59b02506397f21638d,6a030b8ba3607712b5d4bf26,,,,,,,,,,,,,,,,,,,,,,,,,,,,,,,,,,,,,,,,,,,,,,,,,,,,,,,,,,,,37,Celebrities_Faces/037_03_greyscale_250.png,,,,,,,,,,,,,,,,,,,,,,,,,,,,,,,,,,,,,2.176059789,493.888,496.0678,,,,,,,,TRUE,,FALSE,,,,,,,,,,,,496.0697,496.7011,q,0.5313,,59,17,1,1,3,familiar,,,FALSE,496.7017,496.7019,496.7019,496.702,,58,0,58,0,1,,,,
,,,,,6a180b571af3c9567a8ad244,2026-05-28_11h02.37.179,WP1_3,2025.2.3,Win32,60.24096386,6a0afe59b02506397f21638d,6a030b8ba3607712b5d4bf26,,,,,,,,,,,,,,,,,,,,,,,,,,,,,,,,,,,,,,,,,,,,,,,,,,,,,,,,,,,,15,stim_fam/015_rgray_250.png,,,,,,,,,,,,,,,,,,,,,,,,,,,,,,,,,,,,,2.435624868,496.7025,499.1282,,,,,,,,FALSE,,FALSE,,,,,,,,,,,,499.1302,499.755,p,0.5113,,60,45,1,1,250,novel,,,FALSE,499.7552,499.7553,499.7554,515.25,space,59,0,59,0,1,15.4531,,,
,,,,,6a180b571af3c9567a8ad244,2026-05-28_11h02.37.179,WP1_3,2025.2.3,Win32,60.24096386,6a0afe59b02506397f21638d,6a030b8ba3607712b5d4bf26,,,,,,,,,,,,,,,,,,,,,,,,,,,,,,,,,,,,,,,,,,,,,,,,,,,,,,,,,,,,47,stim_fam/047_rgray_250.png,,,,,,,,,,,,,,,,,,,,,,,,,,,,,,,,,,,,,2.410267618,515.2508,517.6511,,,,,,,,FALSE,,FALSE,,,,,,,,,,,,517.6529,518.414,p,0.6562,,61,94,2,1,250,novel,,,FALSE,518.4144,518.4145,518.4146,518.4147,,60,0,60,0,1,,,,
,,,,,6a180b571af3c9567a8ad244,2026-05-28_11h02.37.179,WP1_3,2025.2.3,Win32,60.24096386,6a0afe59b02506397f21638d,6a030b8ba3607712b5d4bf26,,,,,,,,,,,,,,,,,,,,,,,,,,,,,,,,,,,,,,,,,,,,,,,,,,,,,,,,,,,,17,stim_fam/017_rgray_250.png,,,,,,,,,,,,,,,,,,,,,,,,,,,,,,,,,,,,,1.879992779,518.4153,520.2842,,,,,,,,FALSE,,FALSE,,,,,,,,,,,,520.2857,520.9147,p,0.5167,,62,102,2,1,250,novel,,,FALSE,520.9153,520.9155,520.9156,520.9159,,61,0,61,0,1,,,,
,,,,,6a180b571af3c9567a8ad244,2026-05-28_11h02.37.179,WP1_3,2025.2.3,Win32,60.24096386,6a0afe59b02506397f21638d,6a030b8ba3607712b5d4bf26,,,,,,,,,,,,,,,,,,,,,,,,,,,,,,,,,,,,,,,,,,,,,,,,,,,,,,,,,,,,36,Celebrities_Faces/036_02_greyscale_250.png,,,,,,,,,,,,,,,,,,,,,,,,,,,,,,,,,,,,,1.896229377,520.9168,522.8126,,,,,,,,TRUE,,FALSE,,,,,,,,,,,,522.8137,523.4687,q,0.5708,,63,76,2,1,2,familiar,,,FALSE,523.469,523.4692,523.4692,523.4694,,62,0,62,0,1,,,,
,,,,,6a180b571af3c9567a8ad244,2026-05-28_11h02.37.179,WP1_3,2025.2.3,Win32,60.24096386,6a0afe59b02506397f21638d,6a030b8ba3607712b5d4bf26,,,,,,,,,,,,,,,,,,,,,,,,,,,,,,,,,,,,,,,,,,,,,,,,,,,,,,,,,,,,32,stim_fam/032_rgray_250.png,,,,,,,,,,,,,,,,,,,,,,,,,,,,,,,,,,,,,1.623578744,523.4699,525.0855,,,,,,,,FALSE,,FALSE,,,,,,,,,,,,525.0878,525.7185,p,0.5216,,64,91,2,1,250,novel,,,FALSE,525.7188,525.7191,525.7191,525.7193,,63,0,63,0,1,,,,
,,,,,6a180b571af3c9567a8ad244,2026-05-28_11h02.37.179,WP1_3,2025.2.3,Win32,60.24096386,6a0afe59b02506397f21638d,6a030b8ba3607712b5d4bf26,,,,,,,,,,,,,,,,,,,,,,,,,,,,,,,,,,,,,,,,,,,,,,,,,,,,,,,,,,,,37,Celebrities_Faces/037_02_greyscale_250.png,,,,,,,,,,,,,,,,,,,,,,,,,,,,,,,,,,,,,2.070499767,525.7197,527.7798,,,,,,,,TRUE,,FALSE,,,,,,,,,,,,527.7815,528.4671,p,0.572,,65,77,2,1,2,familiar,,,FALSE,528.4676,528.4678,528.4679,528.468,,64,0,64,0,1,,,,
,,,,,6a180b571af3c9567a8ad244,2026-05-28_11h02.37.179,WP1_3,2025.2.3,Win32,60.24096386,6a0afe59b02506397f21638d,6a030b8ba3607712b5d4bf26,,,,,,,,,,,,,,,,,,,,,,,,,,,,,,,,,,,,,,,,,,,,,,,,,,,,,,,,,,,,46,Celebrities_Faces/046_03_greyscale_250.png,,,,,,,,,,,,,,,,,,,,,,,,,,,,,,,,,,,,,2.373959235,528.4686,530.8313,,,,,,,,TRUE,,FALSE,,,,,,,,,,,,530.8333,531.4218,q,0.4852,,66,75,2,1,3,familiar,,,FALSE,531.4221,531.4223,531.4223,531.4225,,65,0,65,0,1,,,,
,,,,,6a180b571af3c9567a8ad244,2026-05-28_11h02.37.179,WP1_3,2025.2.3,Win32,60.24096386,6a0afe59b02506397f21638d,6a030b8ba3607712b5d4bf26,,,,,,,,,,,,,,,,,,,,,,,,,,,,,,,,,,,,,,,,,,,,,,,,,,,,,,,,,,,,68,stim_fam/068_rgray_250.png,,,,,,,,,,,,,,,,,,,,,,,,,,,,,,,,,,,,,1.796566368,531.4228,533.2127,,,,,,,,FALSE,,FALSE,,,,,,,,,,,,533.2139,533.797,p,0.4846,,67,118,2,1,250,novel,,,FALSE,533.7973,533.7973,533.7974,533.7975,,66,0,66,0,1,,,,
,,,,,6a180b571af3c9567a8ad244,2026-05-28_11h02.37.179,WP1_3,2025.2.3,Win32,60.24096386,6a0afe59b02506397f21638d,6a030b8ba3607712b5d4bf26,,,,,,,,,,,,,,,,,,,,,,,,,,,,,,,,,,,,,,,,,,,,,,,,,,,,,,,,,,,,40,Celebrities_Faces/040_01_greyscale_250.png,,,,,,,,,,,,,,,,,,,,,,,,,,,,,,,,,,,,,1.732356437,533.798,535.5318,,,,,,,,TRUE,,FALSE,,,,,,,,,,,,535.5333,536.3312,p,0.6916,,68,88,2,1,1,familiar,,,FALSE,536.3315,536.3317,536.3317,536.3319,,67,0,67,0,1,,,,
,,,,,6a180b571af3c9567a8ad244,2026-05-28_11h02.37.179,WP1_3,2025.2.3,Win32,60.24096386,6a0afe59b02506397f21638d,6a030b8ba3607712b5d4bf26,,,,,,,,,,,,,,,,,,,,,,,,,,,,,,,,,,,,,,,,,,,,,,,,,,,,,,,,,,,,53,stim_fam/053_rgray_250.png,,,,,,,,,,,,,,,,,,,,,,,,,,,,,,,,,,,,,2.203947631,536.3323,538.5373,,,,,,,,FALSE,,FALSE,,,,,,,,,,,,538.5384,539.1892,p,0.5472,,69,113,2,1,250,novel,,,FALSE,539.1895,539.1895,539.1896,539.1897,,68,0,68,0,1,,,,
,,,,,6a180b571af3c9567a8ad244,2026-05-28_11h02.37.179,WP1_3,2025.2.3,Win32,60.24096386,6a0afe59b02506397f21638d,6a030b8ba3607712b5d4bf26,,,,,,,,,,,,,,,,,,,,,,,,,,,,,,,,,,,,,,,,,,,,,,,,,,,,,,,,,,,,32,Celebrities_Faces/032_03_greyscale_250.png,,,,,,,,,,,,,,,,,,,,,,,,,,,,,,,,,,,,,2.136146893,539.1901,541.3321,,,,,,,,TRUE,,FALSE,,,,,,,,,,,,541.3337,541.9432,q,0.5086,,70,73,2,1,3,familiar,,,FALSE,541.9436,541.9437,541.9438,541.9439,,69,0,69,0,1,,,,
,,,,,6a180b571af3c9567a8ad244,2026-05-28_11h02.37.179,WP1_3,2025.2.3,Win32,60.24096386,6a0afe59b02506397f21638d,6a030b8ba3607712b5d4bf26,,,,,,,,,,,,,,,,,,,,,,,,,,,,,,,,,,,,,,,,,,,,,,,,,,,,,,,,,,,,39,Celebrities_Faces/039_02_greyscale_250.png,,,,,,,,,,,,,,,,,,,,,,,,,,,,,,,,,,,,,2.473772248,541.9447,544.43,,,,,,,,TRUE,,FALSE,,,,,,,,,,,,544.4315,545.1063,q,0.5601,,71,64,2,1,2,familiar,,,FALSE,545.1066,545.1068,545.1068,545.1071,,70,0,70,0,1,,,,
,,,,,6a180b571af3c9567a8ad244,2026-05-28_11h02.37.179,WP1_3,2025.2.3,Win32,60.24096386,6a0afe59b02506397f21638d,6a030b8ba3607712b5d4bf26,,,,,,,,,,,,,,,,,,,,,,,,,,,,,,,,,,,,,,,,,,,,,,,,,,,,,,,,,,,,3,stim_fam/003_rgray_250.png,,,,,,,,,,,,,,,,,,,,,,,,,,,,,,,,,,,,,2.449720664,545.1075,547.5629,,,,,,,,FALSE,,FALSE,,,,,,,,,,,,547.5645,548.2511,p,0.5795,,72,104,2,1,250,novel,,,FALSE,548.2515,548.2516,548.2517,548.2519,,71,0,71,0,1,,,,
,,,,,6a180b571af3c9567a8ad244,2026-05-28_11h02.37.179,WP1_3,2025.2.3,Win32,60.24096386,6a0afe59b02506397f21638d,6a030b8ba3607712b5d4bf26,,,,,,,,,,,,,,,,,,,,,,,,,,,,,,,,,,,,,,,,,,,,,,,,,,,,,,,,,,,,59,Celebrities_Faces/059_03_greyscale_250.png,,,,,,,,,,,,,,,,,,,,,,,,,,,,,,,,,,,,,1.889089288,548.2526,550.1463,,,,,,,,TRUE,,FALSE,,,,,,,,,,,,550.1484,550.8658,q,0.6149,,73,67,2,1,3,familiar,,,FALSE,550.8661,550.8663,550.8663,550.8665,,72,0,72,0,1,,,,
,,,,,6a180b571af3c9567a8ad244,2026-05-28_11h02.37.179,WP1_3,2025.2.3,Win32,60.24096386,6a0afe59b02506397f21638d,6a030b8ba3607712b5d4bf26,,,,,,,,,,,,,,,,,,,,,,,,,,,,,,,,,,,,,,,,,,,,,,,,,,,,,,,,,,,,44,stim_fam/044_rgray_250.png,,,,,,,,,,,,,,,,,,,,,,,,,,,,,,,,,,,,,2.396279626,550.8672,553.2478,,,,,,,,FALSE,,FALSE,,,,,,,,,,,,553.2497,553.9362,p,0.5711,,74,101,2,1,250,novel,,,FALSE,553.9366,553.9368,553.9368,553.9372,,73,0,73,0,1,,,,
,,,,,6a180b571af3c9567a8ad244,2026-05-28_11h02.37.179,WP1_3,2025.2.3,Win32,60.24096386,6a0afe59b02506397f21638d,6a030b8ba3607712b5d4bf26,,,,,,,,,,,,,,,,,,,,,,,,,,,,,,,,,,,,,,,,,,,,,,,,,,,,,,,,,,,,43,stim_fam/043_rgray_250.png,,,,,,,,,,,,,,,,,,,,,,,,,,,,,,,,,,,,,1.594652008,553.9381,555.5311,,,,,,,,FALSE,,FALSE,,,,,,,,,,,,555.533,556.3155,p,0.6696,,75,103,2,1,250,novel,,,FALSE,556.3158,556.3159,556.3159,556.3162,,74,0,74,0,1,,,,
,,,,,6a180b571af3c9567a8ad244,2026-05-28_11h02.37.179,WP1_3,2025.2.3,Win32,60.24096386,6a0afe59b02506397f21638d,6a030b8ba3607712b5d4bf26,,,,,,,,,,,,,,,,,,,,,,,,,,,,,,,,,,,,,,,,,,,,,,,,,,,,,,,,,,,,23,Celebrities_Faces/023_02_greyscale_250.png,,,,,,,,,,,,,,,,,,,,,,,,,,,,,,,,,,,,,1.808804648,556.3169,558.1309,,,,,,,,TRUE,,FALSE,,,,,,,,,,,,558.1327,558.8326,q,0.5834,,76,70,2,1,2,familiar,,,FALSE,558.8328,558.833,558.833,558.8332,,75,0,75,0,1,,,,
,,,,,6a180b571af3c9567a8ad244,2026-05-28_11h02.37.179,WP1_3,2025.2.3,Win32,60.24096386,6a0afe59b02506397f21638d,6a030b8ba3607712b5d4bf26,,,,,,,,,,,,,,,,,,,,,,,,,,,,,,,,,,,,,,,,,,,,,,,,,,,,,,,,,,,,84,stim_fam/084_rgray_250.png,,,,,,,,,,,,,,,,,,,,,,,,,,,,,,,,,,,,,2.137652093,558.8336,560.9688,,,,,,,,FALSE,,FALSE,,,,,,,,,,,,560.9702,561.5687,p,0.5014,,77,109,2,1,250,novel,,,FALSE,561.5691,561.5693,561.5694,561.5696,,76,0,76,0,1,,,,
,,,,,6a180b571af3c9567a8ad244,2026-05-28_11h02.37.179,WP1_3,2025.2.3,Win32,60.24096386,6a0afe59b02506397f21638d,6a030b8ba3607712b5d4bf26,,,,,,,,,,,,,,,,,,,,,,,,,,,,,,,,,,,,,,,,,,,,,,,,,,,,,,,,,,,,56,Celebrities_Faces/056_01_greyscale_250.png,,,,,,,,,,,,,,,,,,,,,,,,,,,,,,,,,,,,,1.72367506,561.5702,563.2844,,,,,,,,TRUE,,FALSE,,,,,,,,,,,,563.2859,563.8998,q,0.5096,,78,65,2,1,1,familiar,,,FALSE,563.9002,563.9004,563.9004,563.9006,,77,0,77,0,1,,,,
,,,,,6a180b571af3c9567a8ad244,2026-05-28_11h02.37.179,WP1_3,2025.2.3,Win32,60.24096386,6a0afe59b02506397f21638d,6a030b8ba3607712b5d4bf26,,,,,,,,,,,,,,,,,,,,,,,,,,,,,,,,,,,,,,,,,,,,,,,,,,,,,,,,,,,,56,stim_fam/056_rgray_250.png,,,,,,,,,,,,,,,,,,,,,,,,,,,,,,,,,,,,,1.593692965,563.9013,565.4881,,,,,,,,FALSE,,FALSE,,,,,,,,,,,,565.4893,566.2519,p,0.6467,,79,97,2,1,250,novel,,,FALSE,566.2522,566.2524,566.2525,566.2525,,78,0,78,0,1,,,,
,,,,,6a180b571af3c9567a8ad244,2026-05-28_11h02.37.179,WP1_3,2025.2.3,Win32,60.24096386,6a0afe59b02506397f21638d,6a030b8ba3607712b5d4bf26,,,,,,,,,,,,,,,,,,,,,,,,,,,,,,,,,,,,,,,,,,,,,,,,,,,,,,,,,,,,81,stim_fam/081_rgray_250.png,,,,,,,,,,,,,,,,,,,,,,,,,,,,,,,,,,,,,2.281908768,566.253,568.5152,,,,,,,,FALSE,,FALSE,,,,,,,,,,,,568.517,569.1407,p,0.5263,,80,115,2,1,250,novel,,,FALSE,569.141,569.1411,569.1412,569.1413,,79,0,79,0,1,,,,
,,,,,6a180b571af3c9567a8ad244,2026-05-28_11h02.37.179,WP1_3,2025.2.3,Win32,60.24096386,6a0afe59b02506397f21638d,6a030b8ba3607712b5d4bf26,,,,,,,,,,,,,,,,,,,,,,,,,,,,,,,,,,,,,,,,,,,,,,,,,,,,,,,,,,,,33,Celebrities_Faces/033_03_greyscale_250.png,,,,,,,,,,,,,,,,,,,,,,,,,,,,,,,,,,,,,2.109856086,569.1418,571.2544,,,,,,,,TRUE,,FALSE,,,,,,,,,,,,571.2562,571.9079,q,0.5409,,81,74,2,1,3,familiar,,,FALSE,571.9082,571.9084,571.9085,571.9087,,80,0,80,0,1,,,,
,,,,,6a180b571af3c9567a8ad244,2026-05-28_11h02.37.179,WP1_3,2025.2.3,Win32,60.24096386,6a0afe59b02506397f21638d,6a030b8ba3607712b5d4bf26,,,,,,,,,,,,,,,,,,,,,,,,,,,,,,,,,,,,,,,,,,,,,,,,,,,,,,,,,,,,25,stim_fam/025_rgray_250.png,,,,,,,,,,,,,,,,,,,,,,,,,,,,,,,,,,,,,1.569980712,571.9093,573.4659,,,,,,,,FALSE,,FALSE,,,,,,,,,,,,573.4676,574.4412,p,0.8724,,82,96,2,1,250,novel,,,FALSE,574.4416,574.4418,574.4418,574.442,,81,0,81,0,1,,,,
,,,,,6a180b571af3c9567a8ad244,2026-05-28_11h02.37.179,WP1_3,2025.2.3,Win32,60.24096386,6a0afe59b02506397f21638d,6a030b8ba3607712b5d4bf26,,,,,,,,,,,,,,,,,,,,,,,,,,,,,,,,,,,,,,,,,,,,,,,,,,,,,,,,,,,,102,stim_fam/102_rgray_250.png,,,,,,,,,,,,,,,,,,,,,,,,,,,,,,,,,,,,,1.753033903,574.4425,576.1975,,,,,,,,FALSE,,FALSE,,,,,,,,,,,,576.1991,576.7832,q,0.481,,83,116,2,1,250,novel,,,FALSE,576.7834,576.7835,576.7836,576.7837,,82,0,82,0,1,,,,
,,,,,6a180b571af3c9567a8ad244,2026-05-28_11h02.37.179,WP1_3,2025.2.3,Win32,60.24096386,6a0afe59b02506397f21638d,6a030b8ba3607712b5d4bf26,,,,,,,,,,,,,,,,,,,,,,,,,,,,,,,,,,,,,,,,,,,,,,,,,,,,,,,,,,,,29,stim_fam/029_rgray_250.png,,,,,,,,,,,,,,,,,,,,,,,,,,,,,,,,,,,,,1.78296076,576.7842,578.5658,,,,,,,,FALSE,,FALSE,,,,,,,,,,,,578.5675,579.1864,p,0.5201,,84,99,2,1,250,novel,,,FALSE,579.187,579.1871,579.1871,579.1873,,83,0,83,0,1,,,,
,,,,,6a180b571af3c9567a8ad244,2026-05-28_11h02.37.179,WP1_3,2025.2.3,Win32,60.24096386,6a0afe59b02506397f21638d,6a030b8ba3607712b5d4bf26,,,,,,,,,,,,,,,,,,,,,,,,,,,,,,,,,,,,,,,,,,,,,,,,,,,,,,,,,,,,60,Celebrities_Faces/060_02_greyscale_250.png,,,,,,,,,,,,,,,,,,,,,,,,,,,,,,,,,,,,,2.070771265,579.1878,581.2488,,,,,,,,TRUE,,FALSE,,,,,,,,,,,,581.2503,581.9587,p,0.603,,85,86,2,1,2,familiar,,,FALSE,581.9589,581.9589,581.959,581.9591,,84,0,84,0,1,,,,
,,,,,6a180b571af3c9567a8ad244,2026-05-28_11h02.37.179,WP1_3,2025.2.3,Win32,60.24096386,6a0afe59b02506397f21638d,6a030b8ba3607712b5d4bf26,,,,,,,,,,,,,,,,,,,,,,,,,,,,,,,,,,,,,,,,,,,,,,,,,,,,,,,,,,,,59,stim_fam/059_rgray_250.png,,,,,,,,,,,,,,,,,,,,,,,,,,,,,,,,,,,,,2.204042238,581.9593,584.1564,,,,,,,,FALSE,,FALSE,,,,,,,,,,,,584.1576,584.8361,p,0.5675,,86,95,2,1,250,novel,,,FALSE,584.8365,584.8366,584.8367,584.8369,,85,0,85,0,1,,,,
,,,,,6a180b571af3c9567a8ad244,2026-05-28_11h02.37.179,WP1_3,2025.2.3,Win32,60.24096386,6a0afe59b02506397f21638d,6a030b8ba3607712b5d4bf26,,,,,,,,,,,,,,,,,,,,,,,,,,,,,,,,,,,,,,,,,,,,,,,,,,,,,,,,,,,,45,Celebrities_Faces/045_03_greyscale_250.png,,,,,,,,,,,,,,,,,,,,,,,,,,,,,,,,,,,,,1.740257239,584.8373,586.5656,,,,,,,,TRUE,,FALSE,,,,,,,,,,,,586.567,587.4676,q,0.797,,87,68,2,1,3,familiar,,,FALSE,587.468,587.4681,587.4681,587.4683,,86,0,86,0,1,,,,
,,,,,6a180b571af3c9567a8ad244,2026-05-28_11h02.37.179,WP1_3,2025.2.3,Win32,60.24096386,6a0afe59b02506397f21638d,6a030b8ba3607712b5d4bf26,,,,,,,,,,,,,,,,,,,,,,,,,,,,,,,,,,,,,,,,,,,,,,,,,,,,,,,,,,,,21,Celebrities_Faces/021_02_greyscale_250.png,,,,,,,,,,,,,,,,,,,,,,,,,,,,,,,,,,,,,2.183849949,587.4688,589.6651,,,,,,,,TRUE,,FALSE,,,,,,,,,,,,589.6666,590.3843,q,0.6326,,88,62,2,1,2,familiar,,,FALSE,590.3845,590.3847,590.3848,590.3849,,87,0,87,0,1,,,,
,,,,,6a180b571af3c9567a8ad244,2026-05-28_11h02.37.179,WP1_3,2025.2.3,Win32,60.24096386,6a0afe59b02506397f21638d,6a030b8ba3607712b5d4bf26,,,,,,,,,,,,,,,,,,,,,,,,,,,,,,,,,,,,,,,,,,,,,,,,,,,,,,,,,,,,34,Celebrities_Faces/034_01_greyscale_250.png,,,,,,,,,,,,,,,,,,,,,,,,,,,,,,,,,,,,,1.699152439,590.3855,592.0848,,,,,,,,TRUE,,FALSE,,,,,,,,,,,,592.0865,592.8049,q,0.614,,89,78,2,1,1,familiar,,,FALSE,592.8051,592.8052,592.8052,592.8053,,88,0,88,0,1,,,,
,,,,,6a180b571af3c9567a8ad244,2026-05-28_11h02.37.179,WP1_3,2025.2.3,Win32,60.24096386,6a0afe59b02506397f21638d,6a030b8ba3607712b5d4bf26,,,,,,,,,,,,,,,,,,,,,,,,,,,,,,,,,,,,,,,,,,,,,,,,,,,,,,,,,,,,11,Celebrities_Faces/011_03_greyscale_250.png,,,,,,,,,,,,,,,,,,,,,,,,,,,,,,,,,,,,,2.191153396,592.8057,594.9878,,,,,,,,TRUE,,FALSE,,,,,,,,,,,,594.9895,595.7009,q,0.6029,,90,84,2,1,3,familiar,,,FALSE,595.7011,595.7014,595.7014,595.7016,,89,0,89,0,1,,,,
,,,,,6a180b571af3c9567a8ad244,2026-05-28_11h02.37.179,WP1_3,2025.2.3,Win32,60.24096386,6a0afe59b02506397f21638d,6a030b8ba3607712b5d4bf26,,,,,,,,,,,,,,,,,,,,,,,,,,,,,,,,,,,,,,,,,,,,,,,,,,,,,,,,,,,,52,Celebrities_Faces/052_01_greyscale_250.png,,,,,,,,,,,,,,,,,,,,,,,,,,,,,,,,,,,,,1.519463311,595.7021,597.2158,,,,,,,,TRUE,,FALSE,,,,,,,,,,,,597.2175,597.8843,q,0.5632,,91,79,2,1,1,familiar,,,FALSE,597.8847,597.8847,597.8848,597.885,,90,0,90,0,1,,,,
,,,,,6a180b571af3c9567a8ad244,2026-05-28_11h02.37.179,WP1_3,2025.2.3,Win32,60.24096386,6a0afe59b02506397f21638d,6a030b8ba3607712b5d4bf26,,,,,,,,,,,,,,,,,,,,,,,,,,,,,,,,,,,,,,,,,,,,,,,,,,,,,,,,,,,,2,stim_fam/002_rgray_250.png,,,,,,,,,,,,,,,,,,,,,,,,,,,,,,,,,,,,,1.92891251,597.8856,599.807,,,,,,,,FALSE,,FALSE,,,,,,,,,,,,599.808,600.4565,p,0.5289,,92,114,2,1,250,novel,,,FALSE,600.4568,600.457,600.4571,600.4573,,91,0,91,0,1,,,,
,,,,,6a180b571af3c9567a8ad244,2026-05-28_11h02.37.179,WP1_3,2025.2.3,Win32,60.24096386,6a0afe59b02506397f21638d,6a030b8ba3607712b5d4bf26,,,,,,,,,,,,,,,,,,,,,,,,,,,,,,,,,,,,,,,,,,,,,,,,,,,,,,,,,,,,93,stim_fam/093_rgray_250.png,,,,,,,,,,,,,,,,,,,,,,,,,,,,,,,,,,,,,2.33307775,600.4578,602.7904,,,,,,,,FALSE,,FALSE,,,,,,,,,,,,602.7915,603.7403,p,0.8455,,93,106,2,1,250,novel,,,FALSE,603.7404,603.7406,603.7407,603.7408,,92,0,92,0,1,,,,
,,,,,6a180b571af3c9567a8ad244,2026-05-28_11h02.37.179,WP1_3,2025.2.3,Win32,60.24096386,6a0afe59b02506397f21638d,6a030b8ba3607712b5d4bf26,,,,,,,,,,,,,,,,,,,,,,,,,,,,,,,,,,,,,,,,,,,,,,,,,,,,,,,,,,,,57,Celebrities_Faces/057_02_greyscale_250.png,,,,,,,,,,,,,,,,,,,,,,,,,,,,,,,,,,,,,2.300206707,603.7412,606.0189,,,,,,,,TRUE,,FALSE,,,,,,,,,,,,606.0207,606.7205,q,0.5864,,94,63,2,1,2,familiar,,,FALSE,606.7209,606.7211,606.7212,606.7213,,93,0,93,0,1,,,,
,,,,,6a180b571af3c9567a8ad244,2026-05-28_11h02.37.179,WP1_3,2025.2.3,Win32,60.24096386,6a0afe59b02506397f21638d,6a030b8ba3607712b5d4bf26,,,,,,,,,,,,,,,,,,,,,,,,,,,,,,,,,,,,,,,,,,,,,,,,,,,,,,,,,,,,88,stim_fam/088_rgray_250.png,,,,,,,,,,,,,,,,,,,,,,,,,,,,,,,,,,,,,1.907726355,606.7218,608.6239,,,,,,,,FALSE,,FALSE,,,,,,,,,,,,608.6252,609.3058,p,0.58,,95,117,2,1,250,novel,,,FALSE,609.306,609.3061,609.3062,609.3062,,94,0,94,0,1,,,,
,,,,,6a180b571af3c9567a8ad244,2026-05-28_11h02.37.179,WP1_3,2025.2.3,Win32,60.24096386,6a0afe59b02506397f21638d,6a030b8ba3607712b5d4bf26,,,,,,,,,,,,,,,,,,,,,,,,,,,,,,,,,,,,,,,,,,,,,,,,,,,,,,,,,,,,41,Celebrities_Faces/041_01_greyscale_250.png,,,,,,,,,,,,,,,,,,,,,,,,,,,,,,,,,,,,,1.754798843,609.3067,611.0558,,,,,,,,TRUE,,FALSE,,,,,,,,,,,,611.0574,611.9087,q,0.7518,,96,89,2,1,1,familiar,,,FALSE,611.9089,611.9091,611.9091,611.9093,,95,0,95,0,1,,,,
,,,,,6a180b571af3c9567a8ad244,2026-05-28_11h02.37.179,WP1_3,2025.2.3,Win32,60.24096386,6a0afe59b02506397f21638d,6a030b8ba3607712b5d4bf26,,,,,,,,,,,,,,,,,,,,,,,,,,,,,,,,,,,,,,,,,,,,,,,,,,,,,,,,,,,,39,stim_fam/039_rgray_250.png,,,,,,,,,,,,,,,,,,,,,,,,,,,,,,,,,,,,,1.784674831,611.9096,613.6863,,,,,,,,FALSE,,FALSE,,,,,,,,,,,,613.6879,614.3757,p,0.5844,,97,100,2,1,250,novel,,,FALSE,614.3758,614.376,614.376,614.3762,,96,0,96,0,1,,,,
,,,,,6a180b571af3c9567a8ad244,2026-05-28_11h02.37.179,WP1_3,2025.2.3,Win32,60.24096386,6a0afe59b02506397f21638d,6a030b8ba3607712b5d4bf26,,,,,,,,,,,,,,,,,,,,,,,,,,,,,,,,,,,,,,,,,,,,,,,,,,,,,,,,,,,,44,Celebrities_Faces/044_01_greyscale_250.png,,,,,,,,,,,,,,,,,,,,,,,,,,,,,,,,,,,,,1.731066663,614.3765,616.1,,,,,,,,TRUE,,FALSE,,,,,,,,,,,,616.1016,616.9043,q,0.6883,,98,72,2,1,1,familiar,,,FALSE,616.9046,616.9048,616.9049,616.9049,,97,0,97,0,1,,,,
,,,,,6a180b571af3c9567a8ad244,2026-05-28_11h02.37.179,WP1_3,2025.2.3,Win32,60.24096386,6a0afe59b02506397f21638d,6a030b8ba3607712b5d4bf26,,,,,,,,,,,,,,,,,,,,,,,,,,,,,,,,,,,,,,,,,,,,,,,,,,,,,,,,,,,,4,Celebrities_Faces/004_03_greyscale_250.png,,,,,,,,,,,,,,,,,,,,,,,,,,,,,,,,,,,,,1.824814584,616.9055,618.7232,,,,,,,,TRUE,,FALSE,,,,,,,,,,,,618.7243,619.408,q,0.5876,,99,82,2,1,3,familiar,,,FALSE,619.4085,619.4087,619.4088,619.4091,,98,0,98,0,1,,,,
,,,,,6a180b571af3c9567a8ad244,2026-05-28_11h02.37.179,WP1_3,2025.2.3,Win32,60.24096386,6a0afe59b02506397f21638d,6a030b8ba3607712b5d4bf26,,,,,,,,,,,,,,,,,,,,,,,,,,,,,,,,,,,,,,,,,,,,,,,,,,,,,,,,,,,,40,stim_fam/040_rgray_250.png,,,,,,,,,,,,,,,,,,,,,,,,,,,,,,,,,,,,,2.204320892,619.4097,621.604,,,,,,,,FALSE,,FALSE,,,,,,,,,,,,621.6055,622.4436,p,0.7338,,100,120,2,1,250,novel,,,FALSE,622.4437,622.4438,622.4439,622.4439,,99,0,99,0,1,,,,
,,,,,6a180b571af3c9567a8ad244,2026-05-28_11h02.37.179,WP1_3,2025.2.3,Win32,60.24096386,6a0afe59b02506397f21638d,6a030b8ba3607712b5d4bf26,,,,,,,,,,,,,,,,,,,,,,,,,,,,,,,,,,,,,,,,,,,,,,,,,,,,,,,,,,,,7,Celebrities_Faces/007_01_greyscale_250.png,,,,,,,,,,,,,,,,,,,,,,,,,,,,,,,,,,,,,2.454851221,622.4443,624.9003,,,,,,,,TRUE,,FALSE,,,,,,,,,,,,624.902,625.807,p,0.7969,,101,90,2,1,1,familiar,,,FALSE,625.8073,625.8075,625.8075,625.8076,,100,0,100,0,1,,,,
,,,,,6a180b571af3c9567a8ad244,2026-05-28_11h02.37.179,WP1_3,2025.2.3,Win32,60.24096386,6a0afe59b02506397f21638d,6a030b8ba3607712b5d4bf26,,,,,,,,,,,,,,,,,,,,,,,,,,,,,,,,,,,,,,,,,,,,,,,,,,,,,,,,,,,,41,stim_fam/041_rgray_250.png,,,,,,,,,,,,,,,,,,,,,,,,,,,,,,,,,,,,,2.007775518,625.8081,627.8051,,,,,,,,FALSE,,FALSE,,,,,,,,,,,,627.8066,628.7441,p,0.8272,,102,112,2,1,250,novel,,,FALSE,628.7443,628.7444,628.7444,628.7445,,101,0,101,0,1,,,,
,,,,,6a180b571af3c9567a8ad244,2026-05-28_11h02.37.179,WP1_3,2025.2.3,Win32,60.24096386,6a0afe59b02506397f21638d,6a030b8ba3607712b5d4bf26,,,,,,,,,,,,,,,,,,,,,,,,,,,,,,,,,,,,,,,,,,,,,,,,,,,,,,,,,,,,23,stim_fam/023_rgray_250.png,,,,,,,,,,,,,,,,,,,,,,,,,,,,,,,,,,,,,1.520610999,628.7449,630.2683,,,,,,,,FALSE,,FALSE,,,,,,,,,,,,630.2699,631.0722,p,0.6938,,103,108,2,1,250,novel,,,FALSE,631.0726,631.0728,631.0728,631.073,,102,0,102,0,1,,,,
,,,,,6a180b571af3c9567a8ad244,2026-05-28_11h02.37.179,WP1_3,2025.2.3,Win32,60.24096386,6a0afe59b02506397f21638d,6a030b8ba3607712b5d4bf26,,,,,,,,,,,,,,,,,,,,,,,,,,,,,,,,,,,,,,,,,,,,,,,,,,,,,,,,,,,,26,Celebrities_Faces/026_01_greyscale_250.png,,,,,,,,,,,,,,,,,,,,,,,,,,,,,,,,,,,,,1.631509229,631.0736,632.6853,,,,,,,,TRUE,,FALSE,,,,,,,,,,,,632.6867,633.3598,q,0.5716,,104,61,2,1,1,familiar,,,FALSE,633.3601,633.3602,633.3603,633.3604,,103,0,103,0,1,,,,
,,,,,6a180b571af3c9567a8ad244,2026-05-28_11h02.37.179,WP1_3,2025.2.3,Win32,60.24096386,6a0afe59b02506397f21638d,6a030b8ba3607712b5d4bf26,,,,,,,,,,,,,,,,,,,,,,,,,,,,,,,,,,,,,,,,,,,,,,,,,,,,,,,,,,,,58,Celebrities_Faces/058_03_greyscale_250.png,,,,,,,,,,,,,,,,,,,,,,,,,,,,,,,,,,,,,2.188786464,633.3608,635.5361,,,,,,,,TRUE,,FALSE,,,,,,,,,,,,635.5376,636.2368,q,0.5959,,105,80,2,1,3,familiar,,,FALSE,636.2372,636.2373,636.2373,636.2375,,104,0,104,0,1,,,,
,,,,,6a180b571af3c9567a8ad244,2026-05-28_11h02.37.179,WP1_3,2025.2.3,Win32,60.24096386,6a0afe59b02506397f21638d,6a030b8ba3607712b5d4bf26,,,,,,,,,,,,,,,,,,,,,,,,,,,,,,,,,,,,,,,,,,,,,,,,,,,,,,,,,,,,24,Celebrities_Faces/024_01_greyscale_250.png,,,,,,,,,,,,,,,,,,,,,,,,,,,,,,,,,,,,,2.469949196,636.2379,638.7093,,,,,,,,TRUE,,FALSE,,,,,,,,,,,,638.7107,639.4369,q,0.6223,,106,87,2,1,1,familiar,,,FALSE,639.4371,639.4374,639.4374,639.4375,,105,0,105,0,1,,,,
,,,,,6a180b571af3c9567a8ad244,2026-05-28_11h02.37.179,WP1_3,2025.2.3,Win32,60.24096386,6a0afe59b02506397f21638d,6a030b8ba3607712b5d4bf26,,,,,,,,,,,,,,,,,,,,,,,,,,,,,,,,,,,,,,,,,,,,,,,,,,,,,,,,,,,,31,Celebrities_Faces/031_02_greyscale_250.png,,,,,,,,,,,,,,,,,,,,,,,,,,,,,,,,,,,,,1.785679936,639.4381,641.2234,,,,,,,,TRUE,,FALSE,,,,,,,,,,,,641.2248,641.8956,q,0.5654,,107,66,2,1,2,familiar,,,FALSE,641.8958,641.896,641.896,641.8962,,106,0,106,0,1,,,,
,,,,,6a180b571af3c9567a8ad244,2026-05-28_11h02.37.179,WP1_3,2025.2.3,Win32,60.24096386,6a0afe59b02506397f21638d,6a030b8ba3607712b5d4bf26,,,,,,,,,,,,,,,,,,,,,,,,,,,,,,,,,,,,,,,,,,,,,,,,,,,,,,,,,,,,96,stim_fam/096_rgray_250.png,,,,,,,,,,,,,,,,,,,,,,,,,,,,,,,,,,,,,1.839432719,641.8967,643.7192,,,,,,,,FALSE,,FALSE,,,,,,,,,,,,643.721,644.4374,p,0.6155,,108,98,2,1,250,novel,,,FALSE,644.4378,644.438,644.4381,644.4384,,107,0,107,0,1,,,,
,,,,,6a180b571af3c9567a8ad244,2026-05-28_11h02.37.179,WP1_3,2025.2.3,Win32,60.24096386,6a0afe59b02506397f21638d,6a030b8ba3607712b5d4bf26,,,,,,,,,,,,,,,,,,,,,,,,,,,,,,,,,,,,,,,,,,,,,,,,,,,,,,,,,,,,47,Celebrities_Faces/047_01_greyscale_250.png,,,,,,,,,,,,,,,,,,,,,,,,,,,,,,,,,,,,,1.684094711,644.439,646.1194,,,,,,,,TRUE,,FALSE,,,,,,,,,,,,646.1206,646.9387,q,0.7168,,109,69,2,1,1,familiar,,,FALSE,646.9391,646.9392,646.9393,646.9394,,108,0,108,0,1,,,,
,,,,,6a180b571af3c9567a8ad244,2026-05-28_11h02.37.179,WP1_3,2025.2.3,Win32,60.24096386,6a0afe59b02506397f21638d,6a030b8ba3607712b5d4bf26,,,,,,,,,,,,,,,,,,,,,,,,,,,,,,,,,,,,,,,,,,,,,,,,,,,,,,,,,,,,30,Celebrities_Faces/030_03_greyscale_250.png,,,,,,,,,,,,,,,,,,,,,,,,,,,,,,,,,,,,,1.760578671,646.9398,648.6915,,,,,,,,TRUE,,FALSE,,,,,,,,,,,,648.6931,649.3771,q,0.578,,110,71,2,1,3,familiar,,,FALSE,649.3774,649.3775,649.3776,649.3777,,109,0,109,0,1,,,,
,,,,,6a180b571af3c9567a8ad244,2026-05-28_11h02.37.179,WP1_3,2025.2.3,Win32,60.24096386,6a0afe59b02506397f21638d,6a030b8ba3607712b5d4bf26,,,,,,,,,,,,,,,,,,,,,,,,,,,,,,,,,,,,,,,,,,,,,,,,,,,,,,,,,,,,7,stim_fam/007_rgray_250.png,,,,,,,,,,,,,,,,,,,,,,,,,,,,,,,,,,,,,2.315739003,649.3782,651.6887,,,,,,,,FALSE,,FALSE,,,,,,,,,,,,651.6899,652.4112,p,0.6321,,111,119,2,1,250,novel,,,FALSE,652.4115,652.4115,652.4116,652.4117,,110,0,110,0,1,,,,
,,,,,6a180b571af3c9567a8ad244,2026-05-28_11h02.37.179,WP1_3,2025.2.3,Win32,60.24096386,6a0afe59b02506397f21638d,6a030b8ba3607712b5d4bf26,,,,,,,,,,,,,,,,,,,,,,,,,,,,,,,,,,,,,,,,,,,,,,,,,,,,,,,,,,,,92,stim_fam/092_rgray_250.png,,,,,,,,,,,,,,,,,,,,,,,,,,,,,,,,,,,,,1.650726036,652.4121,654.0586,,,,,,,,FALSE,,FALSE,,,,,,,,,,,,654.0604,654.7221,p,0.5534,,112,105,2,1,250,novel,,,FALSE,654.7224,654.7225,654.7226,654.7227,,111,0,111,0,1,,,,
,,,,,6a180b571af3c9567a8ad244,2026-05-28_11h02.37.179,WP1_3,2025.2.3,Win32,60.24096386,6a0afe59b02506397f21638d,6a030b8ba3607712b5d4bf26,,,,,,,,,,,,,,,,,,,,,,,,,,,,,,,,,,,,,,,,,,,,,,,,,,,,,,,,,,,,42,Celebrities_Faces/042_01_greyscale_250.png,,,,,,,,,,,,,,,,,,,,,,,,,,,,,,,,,,,,,2.211150898,654.7231,656.9365,,,,,,,,TRUE,,FALSE,,,,,,,,,,,,656.9378,657.627,p,0.5937,,113,81,2,1,1,familiar,,,FALSE,657.6273,657.6275,657.6275,657.6277,,112,0,112,0,1,,,,
,,,,,6a180b571af3c9567a8ad244,2026-05-28_11h02.37.179,WP1_3,2025.2.3,Win32,60.24096386,6a0afe59b02506397f21638d,6a030b8ba3607712b5d4bf26,,,,,,,,,,,,,,,,,,,,,,,,,,,,,,,,,,,,,,,,,,,,,,,,,,,,,,,,,,,,5,Celebrities_Faces/005_03_greyscale_250.png,,,,,,,,,,,,,,,,,,,,,,,,,,,,,,,,,,,,,1.524070914,657.6284,659.1579,,,,,,,,TRUE,,FALSE,,,,,,,,,,,,659.1596,659.8445,q,0.5788,,114,85,2,1,3,familiar,,,FALSE,659.8447,659.8448,659.8448,659.8449,,113,0,113,0,1,,,,
,,,,,6a180b571af3c9567a8ad244,2026-05-28_11h02.37.179,WP1_3,2025.2.3,Win32,60.24096386,6a0afe59b02506397f21638d,6a030b8ba3607712b5d4bf26,,,,,,,,,,,,,,,,,,,,,,,,,,,,,,,,,,,,,,,,,,,,,,,,,,,,,,,,,,,,83,stim_fam/083_rgray_250.png,,,,,,,,,,,,,,,,,,,,,,,,,,,,,,,,,,,,,1.749521606,659.8452,661.5849,,,,,,,,FALSE,,FALSE,,,,,,,,,,,,661.5862,662.3072,p,0.6313,,115,111,2,1,250,novel,,,FALSE,662.3076,662.3078,662.3079,662.308,,114,0,114,0,1,,,,
,,,,,6a180b571af3c9567a8ad244,2026-05-28_11h02.37.179,WP1_3,2025.2.3,Win32,60.24096386,6a0afe59b02506397f21638d,6a030b8ba3607712b5d4bf26,,,,,,,,,,,,,,,,,,,,,,,,,,,,,,,,,,,,,,,,,,,,,,,,,,,,,,,,,,,,85,stim_fam/085_rgray_250.png,,,,,,,,,,,,,,,,,,,,,,,,,,,,,,,,,,,,,2.033136391,662.3086,664.3426,,,,,,,,FALSE,,FALSE,,,,,,,,,,,,664.3441,665.0746,p,0.6206,,116,107,2,1,250,novel,,,FALSE,665.075,665.0752,665.0753,665.0754,,115,0,115,0,1,,,,
,,,,,6a180b571af3c9567a8ad244,2026-05-28_11h02.37.179,WP1_3,2025.2.3,Win32,60.24096386,6a0afe59b02506397f21638d,6a030b8ba3607712b5d4bf26,,,,,,,,,,,,,,,,,,,,,,,,,,,,,,,,,,,,,,,,,,,,,,,,,,,,,,,,,,,,9,stim_fam/009_rgray_250.png,,,,,,,,,,,,,,,,,,,,,,,,,,,,,,,,,,,,,1.652255908,665.076,666.704,,,,,,,,FALSE,,FALSE,,,,,,,,,,,,666.7055,667.6881,p,0.882,,117,93,2,1,250,novel,,,FALSE,667.6884,667.6885,667.6887,667.6887,,116,0,116,0,1,,,,
,,,,,6a180b571af3c9567a8ad244,2026-05-28_11h02.37.179,WP1_3,2025.2.3,Win32,60.24096386,6a0afe59b02506397f21638d,6a030b8ba3607712b5d4bf26,,,,,,,,,,,,,,,,,,,,,,,,,,,,,,,,,,,,,,,,,,,,,,,,,,,,,,,,,,,,69,stim_fam/069_rgray_250.png,,,,,,,,,,,,,,,,,,,,,,,,,,,,,,,,,,,,,1.903771136,667.6893,669.5876,,,,,,,,FALSE,,FALSE,,,,,,,,,,,,669.5893,670.3294,q,0.627,,118,110,2,1,250,novel,,,FALSE,670.3296,670.3298,670.3298,670.33,,117,0,117,0,1,,,,
,,,,,6a180b571af3c9567a8ad244,2026-05-28_11h02.37.179,WP1_3,2025.2.3,Win32,60.24096386,6a0afe59b02506397f21638d,6a030b8ba3607712b5d4bf26,,,,,,,,,,,,,,,,,,,,,,,,,,,,,,,,,,,,,,,,,,,,,,,,,,,,,,,,,,,,35,Celebrities_Faces/035_03_greyscale_250.png,,,,,,,,,,,,,,,,,,,,,,,,,,,,,,,,,,,,,1.84233081,670.3304,672.1743,,,,,,,,TRUE,,FALSE,,,,,,,,,,,,672.1757,672.9634,p,0.6761,,119,83,2,1,3,familiar,,,FALSE,672.9635,672.9636,672.9637,672.9637,,118,0,118,0,1,,,,
,,,,,6a180b571af3c9567a8ad244,2026-05-28_11h02.37.179,WP1_3,2025.2.3,Win32,60.24096386,6a0afe59b02506397f21638d,6a030b8ba3607712b5d4bf26,,,,,,,,,,,,,,,,,,,,,,,,,,,,,,,,,,,,,,,,,,,,,,,,,,,,,,,,,,,,64,stim_fam/064_rgray_250.png,,,,,,,,,,,,,,,,,,,,,,,,,,,,,,,,,,,,,1.939490258,672.9639,674.9069,,,,,,,,FALSE,,FALSE,,,,,,,,,,,,674.9086,675.6885,p,0.6702,,120,92,2,1,250,novel,,,FALSE,675.6888,675.689,675.689,685.1941,space,119,0,119,0,1,9.4728,,,
,,,,,6a180b571af3c9567a8ad244,2026-05-28_11h02.37.179,WP1_3,2025.2.3,Win32,60.24096386,6a0afe59b02506397f21638d,6a030b8ba3607712b5d4bf26,,,,,,,,,,,,,,,,,,,,,,,,,,,,,,,,,,,,,,,,,,,,,,,,,,,,,,,,,,,,5,Celebrities_Faces/005_02_greyscale_250.png,,,,,,,,,,,,,,,,,,,,,,,,,,,,,,,,,,,,,2.078221487,685.1948,687.2745,,,,,,,,TRUE,,FALSE,,,,,,,,,,,,687.2762,688.0314,q,0.6513,,121,145,3,1,2,familiar,,,FALSE,688.0316,688.0317,688.0317,688.0319,,120,0,120,0,1,,,,
,,,,,6a180b571af3c9567a8ad244,2026-05-28_11h02.37.179,WP1_3,2025.2.3,Win32,60.24096386,6a0afe59b02506397f21638d,6a030b8ba3607712b5d4bf26,,,,,,,,,,,,,,,,,,,,,,,,,,,,,,,,,,,,,,,,,,,,,,,,,,,,,,,,,,,,22,stim_fam/022_rgray_250.png,,,,,,,,,,,,,,,,,,,,,,,,,,,,,,,,,,,,,1.574469827,688.0323,689.6082,,,,,,,,FALSE,,FALSE,,,,,,,,,,,,689.61,690.3898,p,0.6709,,122,176,3,1,250,novel,,,FALSE,690.3901,690.3904,690.3904,690.3906,,121,0,121,0,1,,,,
,,,,,6a180b571af3c9567a8ad244,2026-05-28_11h02.37.179,WP1_3,2025.2.3,Win32,60.24096386,6a0afe59b02506397f21638d,6a030b8ba3607712b5d4bf26,,,,,,,,,,,,,,,,,,,,,,,,,,,,,,,,,,,,,,,,,,,,,,,,,,,,,,,,,,,,10,stim_fam/010_rgray_250.png,,,,,,,,,,,,,,,,,,,,,,,,,,,,,,,,,,,,,1.508113922,690.3912,691.8942,,,,,,,,FALSE,,FALSE,,,,,,,,,,,,691.8958,692.5756,p,0.5756,,123,172,3,1,250,novel,,,FALSE,692.576,692.5761,692.5761,692.5763,,122,0,122,0,1,,,,
,,,,,6a180b571af3c9567a8ad244,2026-05-28_11h02.37.179,WP1_3,2025.2.3,Win32,60.24096386,6a0afe59b02506397f21638d,6a030b8ba3607712b5d4bf26,,,,,,,,,,,,,,,,,,,,,,,,,,,,,,,,,,,,,,,,,,,,,,,,,,,,,,,,,,,,52,Celebrities_Faces/052_02_greyscale_250.png,,,,,,,,,,,,,,,,,,,,,,,,,,,,,,,,,,,,,1.55190502,692.5769,694.1224,,,,,,,,TRUE,,FALSE,,,,,,,,,,,,694.1239,694.8582,q,0.6337,,124,139,3,1,2,familiar,,,FALSE,694.8586,694.859,694.859,694.8591,,123,0,123,0,1,,,,
,,,,,6a180b571af3c9567a8ad244,2026-05-28_11h02.37.179,WP1_3,2025.2.3,Win32,60.24096386,6a0afe59b02506397f21638d,6a030b8ba3607712b5d4bf26,,,,,,,,,,,,,,,,,,,,,,,,,,,,,,,,,,,,,,,,,,,,,,,,,,,,,,,,,,,,101,stim_fam/101_rgray_250.png,,,,,,,,,,,,,,,,,,,,,,,,,,,,,,,,,,,,,2.13726731,694.8595,696.9889,,,,,,,,FALSE,,FALSE,,,,,,,,,,,,696.9904,697.6917,p,0.594,,125,160,3,1,250,novel,,,FALSE,697.6922,697.6923,697.6924,697.6925,,124,0,124,0,1,,,,
,,,,,6a180b571af3c9567a8ad244,2026-05-28_11h02.37.179,WP1_3,2025.2.3,Win32,60.24096386,6a0afe59b02506397f21638d,6a030b8ba3607712b5d4bf26,,,,,,,,,,,,,,,,,,,,,,,,,,,,,,,,,,,,,,,,,,,,,,,,,,,,,,,,,,,,86,stim_fam/086_rgray_250.png,,,,,,,,,,,,,,,,,,,,,,,,,,,,,,,,,,,,,2.302920725,697.6929,699.9946,,,,,,,,FALSE,,FALSE,,,,,,,,,,,,699.9969,700.6778,p,0.577,,126,154,3,1,250,novel,,,FALSE,700.6782,700.6784,700.6785,700.6786,,125,0,125,0,1,,,,
,,,,,6a180b571af3c9567a8ad244,2026-05-28_11h02.37.179,WP1_3,2025.2.3,Win32,60.24096386,6a0afe59b02506397f21638d,6a030b8ba3607712b5d4bf26,,,,,,,,,,,,,,,,,,,,,,,,,,,,,,,,,,,,,,,,,,,,,,,,,,,,,,,,,,,,70,stim_fam/070_rgray_250.png,,,,,,,,,,,,,,,,,,,,,,,,,,,,,,,,,,,,,2.336978277,700.679,703.0127,,,,,,,,FALSE,,FALSE,,,,,,,,,,,,703.0138,703.6956,p,0.5706,,127,161,3,1,250,novel,,,FALSE,703.6959,703.6961,703.6961,703.6963,,126,0,126,0,1,,,,
,,,,,6a180b571af3c9567a8ad244,2026-05-28_11h02.37.179,WP1_3,2025.2.3,Win32,60.24096386,6a0afe59b02506397f21638d,6a030b8ba3607712b5d4bf26,,,,,,,,,,,,,,,,,,,,,,,,,,,,,,,,,,,,,,,,,,,,,,,,,,,,,,,,,,,,65,stim_fam/065_rgray_250.png,,,,,,,,,,,,,,,,,,,,,,,,,,,,,,,,,,,,,2.493381615,703.697,706.1945,,,,,,,,FALSE,,FALSE,,,,,,,,,,,,706.1962,706.9611,p,0.6539,,128,155,3,1,250,novel,,,FALSE,706.9614,706.9615,706.9615,706.9617,,127,0,127,0,1,,,,
,,,,,6a180b571af3c9567a8ad244,2026-05-28_11h02.37.179,WP1_3,2025.2.3,Win32,60.24096386,6a0afe59b02506397f21638d,6a030b8ba3607712b5d4bf26,,,,,,,,,,,,,,,,,,,,,,,,,,,,,,,,,,,,,,,,,,,,,,,,,,,,,,,,,,,,41,Celebrities_Faces/041_03_greyscale_250.png,,,,,,,,,,,,,,,,,,,,,,,,,,,,,,,,,,,,,2.059983802,706.9622,709.0077,,,,,,,,TRUE,,FALSE,,,,,,,,,,,,709.0092,709.7451,q,0.6195,,129,149,3,1,3,familiar,,,FALSE,709.7454,709.7456,709.7456,709.7459,,128,0,128,0,1,,,,
,,,,,6a180b571af3c9567a8ad244,2026-05-28_11h02.37.179,WP1_3,2025.2.3,Win32,60.24096386,6a0afe59b02506397f21638d,6a030b8ba3607712b5d4bf26,,,,,,,,,,,,,,,,,,,,,,,,,,,,,,,,,,,,,,,,,,,,,,,,,,,,,,,,,,,,47,Celebrities_Faces/047_03_greyscale_250.png,,,,,,,,,,,,,,,,,,,,,,,,,,,,,,,,,,,,,2.102451679,709.7463,711.8376,,,,,,,,TRUE,,FALSE,,,,,,,,,,,,711.8392,712.5596,q,0.6119,,130,129,3,1,3,familiar,,,FALSE,712.5599,712.5602,712.5602,712.5604,,129,0,129,0,1,,,,
,,,,,6a180b571af3c9567a8ad244,2026-05-28_11h02.37.179,WP1_3,2025.2.3,Win32,60.24096386,6a0afe59b02506397f21638d,6a030b8ba3607712b5d4bf26,,,,,,,,,,,,,,,,,,,,,,,,,,,,,,,,,,,,,,,,,,,,,,,,,,,,,,,,,,,,42,Celebrities_Faces/042_02_greyscale_250.png,,,,,,,,,,,,,,,,,,,,,,,,,,,,,,,,,,,,,1.787342518,712.5609,714.3462,,,,,,,,TRUE,,FALSE,,,,,,,,,,,,714.3475,715.0738,q,0.6231,,131,141,3,1,2,familiar,,,FALSE,715.0742,715.0742,715.0743,715.0744,,130,0,130,0,1,,,,
,,,,,6a180b571af3c9567a8ad244,2026-05-28_11h02.37.179,WP1_3,2025.2.3,Win32,60.24096386,6a0afe59b02506397f21638d,6a030b8ba3607712b5d4bf26,,,,,,,,,,,,,,,,,,,,,,,,,,,,,,,,,,,,,,,,,,,,,,,,,,,,,,,,,,,,5,stim_fam/005_rgray_250.png,,,,,,,,,,,,,,,,,,,,,,,,,,,,,,,,,,,,,1.669795046,715.075,716.7397,,,,,,,,FALSE,,FALSE,,,,,,,,,,,,716.7412,717.61,p,0.7682,,132,152,3,1,250,novel,,,FALSE,717.6104,717.6106,717.6106,717.6108,,131,0,131,0,1,,,,
,,,,,6a180b571af3c9567a8ad244,2026-05-28_11h02.37.179,WP1_3,2025.2.3,Win32,60.24096386,6a0afe59b02506397f21638d,6a030b8ba3607712b5d4bf26,,,,,,,,,,,,,,,,,,,,,,,,,,,,,,,,,,,,,,,,,,,,,,,,,,,,,,,,,,,,100,stim_fam/100_rgray_250.png,,,,,,,,,,,,,,,,,,,,,,,,,,,,,,,,,,,,,1.944867067,717.6114,719.5595,,,,,,,,FALSE,,FALSE,,,,,,,,,,,,719.561,720.2317,p,0.5681,,133,168,3,1,250,novel,,,FALSE,720.2319,720.2321,720.2321,720.2323,,132,0,132,0,1,,,,
,,,,,6a180b571af3c9567a8ad244,2026-05-28_11h02.37.179,WP1_3,2025.2.3,Win32,60.24096386,6a0afe59b02506397f21638d,6a030b8ba3607712b5d4bf26,,,,,,,,,,,,,,,,,,,,,,,,,,,,,,,,,,,,,,,,,,,,,,,,,,,,,,,,,,,,60,Celebrities_Faces/060_01_greyscale_250.png,,,,,,,,,,,,,,,,,,,,,,,,,,,,,,,,,,,,,1.84640015,720.2329,722.0763,,,,,,,,TRUE,,FALSE,,,,,,,,,,,,722.0781,722.7436,q,0.562,,134,146,3,1,1,familiar,,,FALSE,722.7438,722.7441,722.7441,722.7442,,133,0,133,0,1,,,,
,,,,,6a180b571af3c9567a8ad244,2026-05-28_11h02.37.179,WP1_3,2025.2.3,Win32,60.24096386,6a0afe59b02506397f21638d,6a030b8ba3607712b5d4bf26,,,,,,,,,,,,,,,,,,,,,,,,,,,,,,,,,,,,,,,,,,,,,,,,,,,,,,,,,,,,26,stim_fam/026_rgray_250.png,,,,,,,,,,,,,,,,,,,,,,,,,,,,,,,,,,,,,2.377904755,722.7449,725.1278,,,,,,,,FALSE,,FALSE,,,,,,,,,,,,725.1292,725.9307,p,0.6915,,135,169,3,1,250,novel,,,FALSE,725.931,725.9313,725.9313,725.9315,,134,0,134,0,1,,,,
,,,,,6a180b571af3c9567a8ad244,2026-05-28_11h02.37.179,WP1_3,2025.2.3,Win32,60.24096386,6a0afe59b02506397f21638d,6a030b8ba3607712b5d4bf26,,,,,,,,,,,,,,,,,,,,,,,,,,,,,,,,,,,,,,,,,,,,,,,,,,,,,,,,,,,,44,Celebrities_Faces/044_02_greyscale_250.png,,,,,,,,,,,,,,,,,,,,,,,,,,,,,,,,,,,,,1.778001278,725.9323,727.7231,,,,,,,,TRUE,,FALSE,,,,,,,,,,,,727.7246,728.4961,q,0.671,,136,132,3,1,2,familiar,,,FALSE,728.4964,728.4966,728.4966,728.4968,,135,0,135,0,1,,,,
,,,,,6a180b571af3c9567a8ad244,2026-05-28_11h02.37.179,WP1_3,2025.2.3,Win32,60.24096386,6a0afe59b02506397f21638d,6a030b8ba3607712b5d4bf26,,,,,,,,,,,,,,,,,,,,,,,,,,,,,,,,,,,,,,,,,,,,,,,,,,,,,,,,,,,,51,stim_fam/051_rgray_250.png,,,,,,,,,,,,,,,,,,,,,,,,,,,,,,,,,,,,,1.96391379,728.4973,730.4569,,,,,,,,FALSE,,FALSE,,,,,,,,,,,,730.4582,731.0412,p,0.4794,,137,167,3,1,250,novel,,,FALSE,731.0414,731.0416,731.0417,731.0418,,136,0,136,0,1,,,,
,,,,,6a180b571af3c9567a8ad244,2026-05-28_11h02.37.179,WP1_3,2025.2.3,Win32,60.24096386,6a0afe59b02506397f21638d,6a030b8ba3607712b5d4bf26,,,,,,,,,,,,,,,,,,,,,,,,,,,,,,,,,,,,,,,,,,,,,,,,,,,,,,,,,,,,36,stim_fam/036_rgray_250.png,,,,,,,,,,,,,,,,,,,,,,,,,,,,,,,,,,,,,2.160009945,731.0422,733.2074,,,,,,,,FALSE,,FALSE,,,,,,,,,,,,733.2091,733.859,p,0.5412,,138,164,3,1,250,novel,,,FALSE,733.8592,733.8594,733.8595,733.8598,,137,0,137,0,1,,,,
,,,,,6a180b571af3c9567a8ad244,2026-05-28_11h02.37.179,WP1_3,2025.2.3,Win32,60.24096386,6a0afe59b02506397f21638d,6a030b8ba3607712b5d4bf26,,,,,,,,,,,,,,,,,,,,,,,,,,,,,,,,,,,,,,,,,,,,,,,,,,,,,,,,,,,,99,stim_fam/099_rgray_250.png,,,,,,,,,,,,,,,,,,,,,,,,,,,,,,,,,,,,,2.206544456,733.8603,736.0602,,,,,,,,FALSE,,FALSE,,,,,,,,,,,,736.0618,736.7419,p,0.5782,,139,173,3,1,250,novel,,,FALSE,736.7422,736.7423,736.7424,736.7425,,138,0,138,0,1,,,,
,,,,,6a180b571af3c9567a8ad244,2026-05-28_11h02.37.179,WP1_3,2025.2.3,Win32,60.24096386,6a0afe59b02506397f21638d,6a030b8ba3607712b5d4bf26,,,,,,,,,,,,,,,,,,,,,,,,,,,,,,,,,,,,,,,,,,,,,,,,,,,,,,,,,,,,45,Celebrities_Faces/045_01_greyscale_250.png,,,,,,,,,,,,,,,,,,,,,,,,,,,,,,,,,,,,,2.286224511,736.7432,739.0286,,,,,,,,TRUE,,FALSE,,,,,,,,,,,,739.0303,739.9583,q,0.8243,,140,128,3,1,1,familiar,,,FALSE,739.9588,739.9589,739.9589,739.959,,139,0,139,0,1,,,,
,,,,,6a180b571af3c9567a8ad244,2026-05-28_11h02.37.179,WP1_3,2025.2.3,Win32,60.24096386,6a0afe59b02506397f21638d,6a030b8ba3607712b5d4bf26,,,,,,,,,,,,,,,,,,,,,,,,,,,,,,,,,,,,,,,,,,,,,,,,,,,,,,,,,,,,12,stim_fam/012_rgray_250.png,,,,,,,,,,,,,,,,,,,,,,,,,,,,,,,,,,,,,1.693268903,739.9595,741.6408,,,,,,,,FALSE,,FALSE,,,,,,,,,,,,741.6419,742.4759,p,0.7363,,141,180,3,1,250,novel,,,FALSE,742.4762,742.4763,742.4764,742.4765,,140,0,140,0,1,,,,
,,,,,6a180b571af3c9567a8ad244,2026-05-28_11h02.37.179,WP1_3,2025.2.3,Win32,60.24096386,6a0afe59b02506397f21638d,6a030b8ba3607712b5d4bf26,,,,,,,,,,,,,,,,,,,,,,,,,,,,,,,,,,,,,,,,,,,,,,,,,,,,,,,,,,,,73,stim_fam/073_rgray_250.png,,,,,,,,,,,,,,,,,,,,,,,,,,,,,,,,,,,,,2.248070287,742.4771,744.7399,,,,,,,,FALSE,,FALSE,,,,,,,,,,,,744.7413,745.7281,q,0.8749,,142,174,3,1,250,novel,,,FALSE,745.7283,745.7285,745.7286,745.7288,,141,0,141,0,1,,,,
,,,,,6a180b571af3c9567a8ad244,2026-05-28_11h02.37.179,WP1_3,2025.2.3,Win32,60.24096386,6a0afe59b02506397f21638d,6a030b8ba3607712b5d4bf26,,,,,,,,,,,,,,,,,,,,,,,,,,,,,,,,,,,,,,,,,,,,,,,,,,,,,,,,,,,,58,Celebrities_Faces/058_02_greyscale_250.png,,,,,,,,,,,,,,,,,,,,,,,,,,,,,,,,,,,,,2.184013888,745.7292,747.9093,,,,,,,,TRUE,,FALSE,,,,,,,,,,,,747.911,748.6161,q,0.6041,,143,140,3,1,2,familiar,,,FALSE,748.6164,748.6165,748.6166,748.6167,,142,0,142,0,1,,,,
,,,,,6a180b571af3c9567a8ad244,2026-05-28_11h02.37.179,WP1_3,2025.2.3,Win32,60.24096386,6a0afe59b02506397f21638d,6a030b8ba3607712b5d4bf26,,,,,,,,,,,,,,,,,,,,,,,,,,,,,,,,,,,,,,,,,,,,,,,,,,,,,,,,,,,,13,stim_fam/013_rgray_250.png,,,,,,,,,,,,,,,,,,,,,,,,,,,,,,,,,,,,,1.896623216,748.617,750.5141,,,,,,,,FALSE,,FALSE,,,,,,,,,,,,750.5155,751.1614,p,0.5412,,144,163,3,1,250,novel,,,FALSE,751.1619,751.162,751.162,751.1623,,143,0,143,0,1,,,,
,,,,,6a180b571af3c9567a8ad244,2026-05-28_11h02.37.179,WP1_3,2025.2.3,Win32,60.24096386,6a0afe59b02506397f21638d,6a030b8ba3607712b5d4bf26,,,,,,,,,,,,,,,,,,,,,,,,,,,,,,,,,,,,,,,,,,,,,,,,,,,,,,,,,,,,56,Celebrities_Faces/056_02_greyscale_250.png,,,,,,,,,,,,,,,,,,,,,,,,,,,,,,,,,,,,,1.9887678,751.1627,753.1448,,,,,,,,TRUE,,FALSE,,,,,,,,,,,,753.1462,753.8505,q,0.5936,,145,125,3,1,2,familiar,,,FALSE,753.8508,753.8511,753.8512,753.8513,,144,0,144,0,1,,,,
,,,,,6a180b571af3c9567a8ad244,2026-05-28_11h02.37.179,WP1_3,2025.2.3,Win32,60.24096386,6a0afe59b02506397f21638d,6a030b8ba3607712b5d4bf26,,,,,,,,,,,,,,,,,,,,,,,,,,,,,,,,,,,,,,,,,,,,,,,,,,,,,,,,,,,,35,stim_fam/035_rgray_250.png,,,,,,,,,,,,,,,,,,,,,,,,,,,,,,,,,,,,,1.714737282,753.8518,755.5652,,,,,,,,FALSE,,FALSE,,,,,,,,,,,,755.5659,756.351,p,0.6946,,146,162,3,1,250,novel,,,FALSE,756.3513,756.3515,756.3515,756.3516,,145,0,145,0,1,,,,
,,,,,6a180b571af3c9567a8ad244,2026-05-28_11h02.37.179,WP1_3,2025.2.3,Win32,60.24096386,6a0afe59b02506397f21638d,6a030b8ba3607712b5d4bf26,,,,,,,,,,,,,,,,,,,,,,,,,,,,,,,,,,,,,,,,,,,,,,,,,,,,,,,,,,,,62,stim_fam/062_rgray_250.png,,,,,,,,,,,,,,,,,,,,,,,,,,,,,,,,,,,,,2.066595755,756.3521,758.4242,,,,,,,,FALSE,,FALSE,,,,,,,,,,,,758.4259,759.1099,q,0.5729,,147,166,3,1,250,novel,,,FALSE,759.1102,759.1103,759.1104,759.1107,,146,0,146,0,1,,,,
,,,,,6a180b571af3c9567a8ad244,2026-05-28_11h02.37.179,WP1_3,2025.2.3,Win32,60.24096386,6a0afe59b02506397f21638d,6a030b8ba3607712b5d4bf26,,,,,,,,,,,,,,,,,,,,,,,,,,,,,,,,,,,,,,,,,,,,,,,,,,,,,,,,,,,,57,Celebrities_Faces/057_01_greyscale_250.png,,,,,,,,,,,,,,,,,,,,,,,,,,,,,,,,,,,,,2.459172773,759.1112,761.5626,,,,,,,,TRUE,,FALSE,,,,,,,,,,,,761.5638,762.3008,q,0.6483,,148,123,3,1,1,familiar,,,FALSE,762.301,762.3011,762.3012,762.3013,,147,0,147,0,1,,,,
,,,,,6a180b571af3c9567a8ad244,2026-05-28_11h02.37.179,WP1_3,2025.2.3,Win32,60.24096386,6a0afe59b02506397f21638d,6a030b8ba3607712b5d4bf26,,,,,,,,,,,,,,,,,,,,,,,,,,,,,,,,,,,,,,,,,,,,,,,,,,,,,,,,,,,,42,stim_fam/042_rgray_250.png,,,,,,,,,,,,,,,,,,,,,,,,,,,,,,,,,,,,,2.401754567,762.3018,764.6955,,,,,,,,FALSE,,FALSE,,,,,,,,,,,,764.6969,765.4787,p,0.67,,149,153,3,1,250,novel,,,FALSE,765.4791,765.4792,765.4793,765.4795,,148,0,148,0,1,,,,
,,,,,6a180b571af3c9567a8ad244,2026-05-28_11h02.37.179,WP1_3,2025.2.3,Win32,60.24096386,6a0afe59b02506397f21638d,6a030b8ba3607712b5d4bf26,,,,,,,,,,,,,,,,,,,,,,,,,,,,,,,,,,,,,,,,,,,,,,,,,,,,,,,,,,,,35,Celebrities_Faces/035_01_greyscale_250.png,,,,,,,,,,,,,,,,,,,,,,,,,,,,,,,,,,,,,2.399817339,765.4799,767.8753,,,,,,,,TRUE,,FALSE,,,,,,,,,,,,767.8768,768.8623,q,0.8756,,150,143,3,1,1,familiar,,,FALSE,768.8626,768.8629,768.8629,768.8633,,149,0,149,0,1,,,,
,,,,,6a180b571af3c9567a8ad244,2026-05-28_11h02.37.179,WP1_3,2025.2.3,Win32,60.24096386,6a0afe59b02506397f21638d,6a030b8ba3607712b5d4bf26,,,,,,,,,,,,,,,,,,,,,,,,,,,,,,,,,,,,,,,,,,,,,,,,,,,,,,,,,,,,38,stim_fam/038_rgray_250.png,,,,,,,,,,,,,,,,,,,,,,,,,,,,,,,,,,,,,2.112252663,768.864,770.9748,,,,,,,,FALSE,,FALSE,,,,,,,,,,,,770.976,771.696,p,0.6164,,151,170,3,1,250,novel,,,FALSE,771.6963,771.6965,771.6965,771.6968,,150,0,150,0,1,,,,
,,,,,6a180b571af3c9567a8ad244,2026-05-28_11h02.37.179,WP1_3,2025.2.3,Win32,60.24096386,6a0afe59b02506397f21638d,6a030b8ba3607712b5d4bf26,,,,,,,,,,,,,,,,,,,,,,,,,,,,,,,,,,,,,,,,,,,,,,,,,,,,,,,,,,,,30,stim_fam/030_rgray_250.png,,,,,,,,,,,,,,,,,,,,,,,,,,,,,,,,,,,,,1.55201612,771.6971,773.2453,,,,,,,,FALSE,,FALSE,,,,,,,,,,,,773.2468,773.9847,p,0.6276,,152,175,3,1,250,novel,,,FALSE,773.9849,773.985,773.985,773.9852,,151,0,151,0,1,,,,
,,,,,6a180b571af3c9567a8ad244,2026-05-28_11h02.37.179,WP1_3,2025.2.3,Win32,60.24096386,6a0afe59b02506397f21638d,6a030b8ba3607712b5d4bf26,,,,,,,,,,,,,,,,,,,,,,,,,,,,,,,,,,,,,,,,,,,,,,,,,,,,,,,,,,,,60,stim_fam/060_rgray_250.png,,,,,,,,,,,,,,,,,,,,,,,,,,,,,,,,,,,,,1.539718222,773.9855,775.5096,,,,,,,,FALSE,,FALSE,,,,,,,,,,,,775.5109,776.0679,p,0.4546,,153,171,3,1,250,novel,,,FALSE,776.0681,776.0682,776.0682,776.0684,,152,0,152,0,1,,,,
,,,,,6a180b571af3c9567a8ad244,2026-05-28_11h02.37.179,WP1_3,2025.2.3,Win32,60.24096386,6a0afe59b02506397f21638d,6a030b8ba3607712b5d4bf26,,,,,,,,,,,,,,,,,,,,,,,,,,,,,,,,,,,,,,,,,,,,,,,,,,,,,,,,,,,,30,Celebrities_Faces/030_02_greyscale_250.png,,,,,,,,,,,,,,,,,,,,,,,,,,,,,,,,,,,,,1.725897753,776.0685,777.7823,,,,,,,,TRUE,,FALSE,,,,,,,,,,,,777.784,778.4325,q,0.5468,,154,131,3,1,2,familiar,,,FALSE,778.4328,778.433,778.433,778.4332,,153,0,153,0,1,,,,
,,,,,6a180b571af3c9567a8ad244,2026-05-28_11h02.37.179,WP1_3,2025.2.3,Win32,60.24096386,6a0afe59b02506397f21638d,6a030b8ba3607712b5d4bf26,,,,,,,,,,,,,,,,,,,,,,,,,,,,,,,,,,,,,,,,,,,,,,,,,,,,,,,,,,,,19,stim_fam/019_rgray_250.png,,,,,,,,,,,,,,,,,,,,,,,,,,,,,,,,,,,,,2.442746012,778.4337,780.8761,,,,,,,,FALSE,,FALSE,,,,,,,,,,,,780.8774,781.5448,p,0.5629,,155,156,3,1,250,novel,,,FALSE,781.5451,781.5452,781.5453,781.5454,,154,0,154,0,1,,,,
,,,,,6a180b571af3c9567a8ad244,2026-05-28_11h02.37.179,WP1_3,2025.2.3,Win32,60.24096386,6a0afe59b02506397f21638d,6a030b8ba3607712b5d4bf26,,,,,,,,,,,,,,,,,,,,,,,,,,,,,,,,,,,,,,,,,,,,,,,,,,,,,,,,,,,,34,Celebrities_Faces/034_03_greyscale_250.png,,,,,,,,,,,,,,,,,,,,,,,,,,,,,,,,,,,,,1.90185895,781.5459,783.4493,,,,,,,,TRUE,,FALSE,,,,,,,,,,,,783.4507,784.0989,q,0.5438,,156,138,3,1,3,familiar,,,FALSE,784.0993,784.0996,784.0996,784.0998,,155,0,155,0,1,,,,
,,,,,6a180b571af3c9567a8ad244,2026-05-28_11h02.37.179,WP1_3,2025.2.3,Win32,60.24096386,6a0afe59b02506397f21638d,6a030b8ba3607712b5d4bf26,,,,,,,,,,,,,,,,,,,,,,,,,,,,,,,,,,,,,,,,,,,,,,,,,,,,,,,,,,,,16,stim_fam/016_rgray_250.png,,,,,,,,,,,,,,,,,,,,,,,,,,,,,,,,,,,,,1.998601784,784.1002,786.0984,,,,,,,,FALSE,,FALSE,,,,,,,,,,,,786.0996,786.8109,p,0.616,,157,179,3,1,250,novel,,,FALSE,786.8111,786.8113,786.8113,786.8114,,156,0,156,0,1,,,,
,,,,,6a180b571af3c9567a8ad244,2026-05-28_11h02.37.179,WP1_3,2025.2.3,Win32,60.24096386,6a0afe59b02506397f21638d,6a030b8ba3607712b5d4bf26,,,,,,,,,,,,,,,,,,,,,,,,,,,,,,,,,,,,,,,,,,,,,,,,,,,,,,,,,,,,98,stim_fam/098_rgray_250.png,,,,,,,,,,,,,,,,,,,,,,,,,,,,,,,,,,,,,1.678137054,786.8122,788.4929,,,,,,,,FALSE,,FALSE,,,,,,,,,,,,788.4942,789.1172,p,0.5186,,158,178,3,1,250,novel,,,FALSE,789.1175,789.1176,789.1177,789.1178,,157,0,157,0,1,,,,
,,,,,6a180b571af3c9567a8ad244,2026-05-28_11h02.37.179,WP1_3,2025.2.3,Win32,60.24096386,6a0afe59b02506397f21638d,6a030b8ba3607712b5d4bf26,,,,,,,,,,,,,,,,,,,,,,,,,,,,,,,,,,,,,,,,,,,,,,,,,,,,,,,,,,,,24,Celebrities_Faces/024_03_greyscale_250.png,,,,,,,,,,,,,,,,,,,,,,,,,,,,,,,,,,,,,2.194785831,789.1182,791.3144,,,,,,,,TRUE,,FALSE,,,,,,,,,,,,791.3159,792.0783,q,0.6577,,159,147,3,1,3,familiar,,,FALSE,792.0787,792.0791,792.0792,792.0795,,158,0,158,0,1,,,,
,,,,,6a180b571af3c9567a8ad244,2026-05-28_11h02.37.179,WP1_3,2025.2.3,Win32,60.24096386,6a0afe59b02506397f21638d,6a030b8ba3607712b5d4bf26,,,,,,,,,,,,,,,,,,,,,,,,,,,,,,,,,,,,,,,,,,,,,,,,,,,,,,,,,,,,75,stim_fam/075_rgray_250.png,,,,,,,,,,,,,,,,,,,,,,,,,,,,,,,,,,,,,1.735256221,792.08,793.8259,,,,,,,,FALSE,,FALSE,,,,,,,,,,,,793.8273,794.4866,p,0.5476,,160,151,3,1,250,novel,,,FALSE,794.4869,794.4871,794.4871,794.4872,,159,0,159,0,1,,,,
,,,,,6a180b571af3c9567a8ad244,2026-05-28_11h02.37.179,WP1_3,2025.2.3,Win32,60.24096386,6a0afe59b02506397f21638d,6a030b8ba3607712b5d4bf26,,,,,,,,,,,,,,,,,,,,,,,,,,,,,,,,,,,,,,,,,,,,,,,,,,,,,,,,,,,,31,Celebrities_Faces/031_01_greyscale_250.png,,,,,,,,,,,,,,,,,,,,,,,,,,,,,,,,,,,,,2.098228448,794.4877,796.5928,,,,,,,,TRUE,,FALSE,,,,,,,,,,,,796.5943,797.2676,q,0.5681,,161,126,3,1,1,familiar,,,FALSE,797.268,797.2683,797.2683,797.2685,,160,0,160,0,1,,,,
,,,,,6a180b571af3c9567a8ad244,2026-05-28_11h02.37.179,WP1_3,2025.2.3,Win32,60.24096386,6a0afe59b02506397f21638d,6a030b8ba3607712b5d4bf26,,,,,,,,,,,,,,,,,,,,,,,,,,,,,,,,,,,,,,,,,,,,,,,,,,,,,,,,,,,,46,Celebrities_Faces/046_01_greyscale_250.png,,,,,,,,,,,,,,,,,,,,,,,,,,,,,,,,,,,,,2.295970909,797.269,799.5602,,,,,,,,TRUE,,FALSE,,,,,,,,,,,,799.5612,800.2498,p,0.6042,,162,135,3,1,1,familiar,,,FALSE,800.25,800.2502,800.2502,800.2503,,161,0,161,0,1,,,,
,,,,,6a180b571af3c9567a8ad244,2026-05-28_11h02.37.179,WP1_3,2025.2.3,Win32,60.24096386,6a0afe59b02506397f21638d,6a030b8ba3607712b5d4bf26,,,,,,,,,,,,,,,,,,,,,,,,,,,,,,,,,,,,,,,,,,,,,,,,,,,,,,,,,,,,4,Celebrities_Faces/004_01_greyscale_250.png,,,,,,,,,,,,,,,,,,,,,,,,,,,,,,,,,,,,,1.712322271,800.2509,801.9771,,,,,,,,TRUE,,FALSE,,,,,,,,,,,,801.9786,802.6645,q,0.5865,,163,142,3,1,1,familiar,,,FALSE,802.6648,802.6649,802.6649,802.6651,,162,0,162,0,1,,,,
,,,,,6a180b571af3c9567a8ad244,2026-05-28_11h02.37.179,WP1_3,2025.2.3,Win32,60.24096386,6a0afe59b02506397f21638d,6a030b8ba3607712b5d4bf26,,,,,,,,,,,,,,,,,,,,,,,,,,,,,,,,,,,,,,,,,,,,,,,,,,,,,,,,,,,,32,Celebrities_Faces/032_02_greyscale_250.png,,,,,,,,,,,,,,,,,,,,,,,,,,,,,,,,,,,,,1.828757276,802.6656,804.4948,,,,,,,,TRUE,,FALSE,,,,,,,,,,,,804.4964,805.1364,p,0.5396,,164,133,3,1,2,familiar,,,FALSE,805.1367,805.1368,805.1369,805.137,,163,0,163,0,1,,,,
,,,,,6a180b571af3c9567a8ad244,2026-05-28_11h02.37.179,WP1_3,2025.2.3,Win32,60.24096386,6a0afe59b02506397f21638d,6a030b8ba3607712b5d4bf26,,,,,,,,,,,,,,,,,,,,,,,,,,,,,,,,,,,,,,,,,,,,,,,,,,,,,,,,,,,,37,Celebrities_Faces/037_01_greyscale_250.png,,,,,,,,,,,,,,,,,,,,,,,,,,,,,,,,,,,,,1.533724504,805.1374,806.6667,,,,,,,,TRUE,,FALSE,,,,,,,,,,,,806.6683,807.6626,q,0.8839,,165,137,3,1,1,familiar,,,FALSE,807.663,807.6631,807.6631,807.6634,,164,0,164,0,1,,,,
,,,,,6a180b571af3c9567a8ad244,2026-05-28_11h02.37.179,WP1_3,2025.2.3,Win32,60.24096386,6a0afe59b02506397f21638d,6a030b8ba3607712b5d4bf26,,,,,,,,,,,,,,,,,,,,,,,,,,,,,,,,,,,,,,,,,,,,,,,,,,,,,,,,,,,,21,Celebrities_Faces/021_03_greyscale_250.png,,,,,,,,,,,,,,,,,,,,,,,,,,,,,,,,,,,,,2.377396682,807.6639,810.0294,,,,,,,,TRUE,,FALSE,,,,,,,,,,,,810.0308,810.7462,q,0.6062,,166,122,3,1,3,familiar,,,FALSE,810.7465,810.7468,810.7468,810.7471,,165,0,165,0,1,,,,
,,,,,6a180b571af3c9567a8ad244,2026-05-28_11h02.37.179,WP1_3,2025.2.3,Win32,60.24096386,6a0afe59b02506397f21638d,6a030b8ba3607712b5d4bf26,,,,,,,,,,,,,,,,,,,,,,,,,,,,,,,,,,,,,,,,,,,,,,,,,,,,,,,,,,,,39,Celebrities_Faces/039_03_greyscale_250.png,,,,,,,,,,,,,,,,,,,,,,,,,,,,,,,,,,,,,2.377063628,810.7476,813.1124,,,,,,,,TRUE,,FALSE,,,,,,,,,,,,813.1136,813.7981,q,0.5732,,167,124,3,1,3,familiar,,,FALSE,813.7985,813.7988,813.7988,813.799,,166,0,166,0,1,,,,
,,,,,6a180b571af3c9567a8ad244,2026-05-28_11h02.37.179,WP1_3,2025.2.3,Win32,60.24096386,6a0afe59b02506397f21638d,6a030b8ba3607712b5d4bf26,,,,,,,,,,,,,,,,,,,,,,,,,,,,,,,,,,,,,,,,,,,,,,,,,,,,,,,,,,,,26,Celebrities_Faces/026_02_greyscale_250.png,,,,,,,,,,,,,,,,,,,,,,,,,,,,,,,,,,,,,2.374467835,813.7995,816.1785,,,,,,,,TRUE,,FALSE,,,,,,,,,,,,816.1802,816.8796,q,0.5907,,168,121,3,1,2,familiar,,,FALSE,816.8799,816.8801,816.8801,816.8802,,167,0,167,0,1,,,,
,,,,,6a180b571af3c9567a8ad244,2026-05-28_11h02.37.179,WP1_3,2025.2.3,Win32,60.24096386,6a0afe59b02506397f21638d,6a030b8ba3607712b5d4bf26,,,,,,,,,,,,,,,,,,,,,,,,,,,,,,,,,,,,,,,,,,,,,,,,,,,,,,,,,,,,59,Celebrities_Faces/059_01_greyscale_250.png,,,,,,,,,,,,,,,,,,,,,,,,,,,,,,,,,,,,,1.61792256,816.8808,818.4951,,,,,,,,TRUE,,FALSE,,,,,,,,,,,,818.4967,819.1633,q,0.5624,,169,127,3,1,1,familiar,,,FALSE,819.1636,819.1637,819.1637,819.1639,,168,0,168,0,1,,,,
,,,,,6a180b571af3c9567a8ad244,2026-05-28_11h02.37.179,WP1_3,2025.2.3,Win32,60.24096386,6a0afe59b02506397f21638d,6a030b8ba3607712b5d4bf26,,,,,,,,,,,,,,,,,,,,,,,,,,,,,,,,,,,,,,,,,,,,,,,,,,,,,,,,,,,,36,Celebrities_Faces/036_03_greyscale_250.png,,,,,,,,,,,,,,,,,,,,,,,,,,,,,,,,,,,,,1.911748539,819.1644,821.069,,,,,,,,TRUE,,FALSE,,,,,,,,,,,,821.0706,821.746,q,0.5682,,170,136,3,1,3,familiar,,,FALSE,821.7462,821.7463,821.7464,821.7465,,169,0,169,0,1,,,,
,,,,,6a180b571af3c9567a8ad244,2026-05-28_11h02.37.179,WP1_3,2025.2.3,Win32,60.24096386,6a0afe59b02506397f21638d,6a030b8ba3607712b5d4bf26,,,,,,,,,,,,,,,,,,,,,,,,,,,,,,,,,,,,,,,,,,,,,,,,,,,,,,,,,,,,49,stim_fam/049_rgray_250.png,,,,,,,,,,,,,,,,,,,,,,,,,,,,,,,,,,,,,2.183554566,821.7469,823.9273,,,,,,,,FALSE,,FALSE,,,,,,,,,,,,823.9287,824.6033,p,0.5846,,171,159,3,1,250,novel,,,FALSE,824.6035,824.6036,824.6036,824.6037,,170,0,170,0,1,,,,
,,,,,6a180b571af3c9567a8ad244,2026-05-28_11h02.37.179,WP1_3,2025.2.3,Win32,60.24096386,6a0afe59b02506397f21638d,6a030b8ba3607712b5d4bf26,,,,,,,,,,,,,,,,,,,,,,,,,,,,,,,,,,,,,,,,,,,,,,,,,,,,,,,,,,,,40,Celebrities_Faces/040_02_greyscale_250.png,,,,,,,,,,,,,,,,,,,,,,,,,,,,,,,,,,,,,1.661743807,824.6041,826.2629,,,,,,,,TRUE,,FALSE,,,,,,,,,,,,826.2643,827.1371,q,0.7803,,172,148,3,1,2,familiar,,,FALSE,827.1373,827.1374,827.1375,827.1376,,171,0,171,0,1,,,,
,,,,,6a180b571af3c9567a8ad244,2026-05-28_11h02.37.179,WP1_3,2025.2.3,Win32,60.24096386,6a0afe59b02506397f21638d,6a030b8ba3607712b5d4bf26,,,,,,,,,,,,,,,,,,,,,,,,,,,,,,,,,,,,,,,,,,,,,,,,,,,,,,,,,,,,11,Celebrities_Faces/011_01_greyscale_250.png,,,,,,,,,,,,,,,,,,,,,,,,,,,,,,,,,,,,,2.229185313,827.138,829.3788,,,,,,,,TRUE,,FALSE,,,,,,,,,,,,829.3803,830.087,q,0.5989,,173,144,3,1,1,familiar,,,FALSE,830.0874,830.0875,830.0875,830.0877,,172,0,172,0,1,,,,
,,,,,6a180b571af3c9567a8ad244,2026-05-28_11h02.37.179,WP1_3,2025.2.3,Win32,60.24096386,6a0afe59b02506397f21638d,6a030b8ba3607712b5d4bf26,,,,,,,,,,,,,,,,,,,,,,,,,,,,,,,,,,,,,,,,,,,,,,,,,,,,,,,,,,,,7,Celebrities_Faces/007_03_greyscale_250.png,,,,,,,,,,,,,,,,,,,,,,,,,,,,,,,,,,,,,2.344437259,830.088,832.4281,,,,,,,,TRUE,,FALSE,,,,,,,,,,,,832.4296,833.1692,q,0.6232,,174,150,3,1,3,familiar,,,FALSE,833.1697,833.1699,833.17,833.1702,,173,0,173,0,1,,,,
,,,,,6a180b571af3c9567a8ad244,2026-05-28_11h02.37.179,WP1_3,2025.2.3,Win32,60.24096386,6a0afe59b02506397f21638d,6a030b8ba3607712b5d4bf26,,,,,,,,,,,,,,,,,,,,,,,,,,,,,,,,,,,,,,,,,,,,,,,,,,,,,,,,,,,,14,stim_fam/014_rgray_250.png,,,,,,,,,,,,,,,,,,,,,,,,,,,,,,,,,,,,,1.834906544,833.1706,834.9938,,,,,,,,FALSE,,FALSE,,,,,,,,,,,,834.9949,835.7049,p,0.6174,,175,158,3,1,250,novel,,,FALSE,835.7051,835.7053,835.7053,835.7055,,174,0,174,0,1,,,,
,,,,,6a180b571af3c9567a8ad244,2026-05-28_11h02.37.179,WP1_3,2025.2.3,Win32,60.24096386,6a0afe59b02506397f21638d,6a030b8ba3607712b5d4bf26,,,,,,,,,,,,,,,,,,,,,,,,,,,,,,,,,,,,,,,,,,,,,,,,,,,,,,,,,,,,78,stim_fam/078_rgray_250.png,,,,,,,,,,,,,,,,,,,,,,,,,,,,,,,,,,,,,2.355750486,835.7059,838.0516,,,,,,,,FALSE,,FALSE,,,,,,,,,,,,838.0533,838.8804,p,0.7216,,176,177,3,1,250,novel,,,FALSE,838.8805,838.8807,838.8808,838.8808,,175,0,175,0,1,,,,
,,,,,6a180b571af3c9567a8ad244,2026-05-28_11h02.37.179,WP1_3,2025.2.3,Win32,60.24096386,6a0afe59b02506397f21638d,6a030b8ba3607712b5d4bf26,,,,,,,,,,,,,,,,,,,,,,,,,,,,,,,,,,,,,,,,,,,,,,,,,,,,,,,,,,,,37,stim_fam/037_rgray_250.png,,,,,,,,,,,,,,,,,,,,,,,,,,,,,,,,,,,,,1.782803207,838.8813,840.6464,,,,,,,,FALSE,,FALSE,,,,,,,,,,,,840.6482,841.498,p,0.7451,,177,165,3,1,250,novel,,,FALSE,841.4982,841.4985,841.4986,841.4988,,176,0,176,0,1,,,,
,,,,,6a180b571af3c9567a8ad244,2026-05-28_11h02.37.179,WP1_3,2025.2.3,Win32,60.24096386,6a0afe59b02506397f21638d,6a030b8ba3607712b5d4bf26,,,,,,,,,,,,,,,,,,,,,,,,,,,,,,,,,,,,,,,,,,,,,,,,,,,,,,,,,,,,33,Celebrities_Faces/033_02_greyscale_250.png,,,,,,,,,,,,,,,,,,,,,,,,,,,,,,,,,,,,,2.287681299,841.4996,843.7631,,,,,,,,TRUE,,FALSE,,,,,,,,,,,,843.7647,844.3725,q,0.5042,,178,134,3,1,2,familiar,,,FALSE,844.3727,844.3728,844.3728,844.373,,177,0,177,0,1,,,,
,,,,,6a180b571af3c9567a8ad244,2026-05-28_11h02.37.179,WP1_3,2025.2.3,Win32,60.24096386,6a0afe59b02506397f21638d,6a030b8ba3607712b5d4bf26,,,,,,,,,,,,,,,,,,,,,,,,,,,,,,,,,,,,,,,,,,,,,,,,,,,,,,,,,,,,23,Celebrities_Faces/023_03_greyscale_250.png,,,,,,,,,,,,,,,,,,,,,,,,,,,,,,,,,,,,,2.204270763,844.3733,846.579,,,,,,,,TRUE,,FALSE,,,,,,,,,,,,846.5806,847.2057,q,0.523,,179,130,3,1,3,familiar,,,FALSE,847.206,847.2061,847.2062,847.2063,,178,0,178,0,1,,,,
,,,,,6a180b571af3c9567a8ad244,2026-05-28_11h02.37.179,WP1_3,2025.2.3,Win32,60.24096386,6a0afe59b02506397f21638d,6a030b8ba3607712b5d4bf26,,,,,,,,,,,,,,,,,,,,,,,,,,,,,,,,,,,,,,,,,,,,,,,,,,,,,,,,,,,,52,stim_fam/052_rgray_250.png,,,,,,,,,,,,,,,,,,,,,,,,,,,,,,,,,,,,,1.579743523,847.2067,848.7859,,,,,,,,FALSE,,FALSE,,,,,,,,,,,,848.787,849.6174,p,0.7201,,180,157,3,1,250,novel,,,FALSE,849.6177,849.6179,849.6179,849.6181,,179,0,179,0,1,,,,
,,,,,6a180b571af3c9567a8ad244,2026-05-28_11h02.37.179,WP1_3,2025.2.3,Win32,60.24096386,6a0afe59b02506397f21638d,6a030b8ba3607712b5d4bf26,,,,,,,,,,,,,,,,,,,,,,,,,,,,,,,,,,,,,,,,,,,,,,,,,,,,,,,,,,,,,,,,,,,,,,,,,,,,,,,,,,,,,,,,,,,,,,,,,,,,,,,,,,,,,,,,,,,,,,,,,,,,,,,,,,,,,,,,,,,,,,,,,,,,849.6189,854.6154
