Study_information_1.started,Study_information_1.stopped,key_resp.keys,key_resp.rt,key_resp.duration,session,date,expName,psychopyVersion,OS,frameRate,participant,study_id,Study_information_2.started,Study_information_2.stopped,key_resp_2.keys,key_resp_2.rt,key_resp_2.duration,Study_information_3.started,Study_information_3.stopped,key_resp_3.keys,key_resp_3.rt,key_resp_3.duration,Consent.started,Consent.stopped,key_resp_5.keys,key_resp_5.rt,key_resp_5.duration,Instruction_1.started,Instruction_1.stopped,space_cont.keys,space_cont.rt,space_cont.duration,Instruction_2.started,Instruction_2.stopped,space_cont_2.keys,space_cont_2.rt,space_cont_2.duration,Instruction_3.started,Instruction_3.stopped,space_cont_3.keys,space_cont_3.rt,space_cont_3.duration,Instruction_4.started,Instruction_4.stopped,space_cont_4.keys,space_cont_4.rt,space_cont_4.duration,Instruction_5.started,Instruction_5.stopped,space_cont_5.keys,space_cont_5.rt,space_cont_5.duration,Familiarity_Rating.started,Familiarity_Rating.stopped,familiarity_scale.response,familiarity_scale.rt,key_resp_familiarity.keys,familiarity_rating,Valence_Rating.started,Valence_Rating.stopped,valence_scale.response,valence_scale.rt,key_resp_valence.keys,key_resp_valence.rt,key_resp_valence.duration,valence_rating,Name_Selection.started,Name_Selection.stopped,key_resp_naming.keys,key_resp_naming.rt,key_resp_naming.duration,identity_no,image_file,correct_name,selected_name_option,selected_name,correct_name_option,name_correct,qualifies_for_part2,qualified_count_so_far,trials_rating.thisRepN,trials_rating.thisTrialN,trials_rating.thisN,trials_rating.thisIndex,trials_rating.ran,Identity_no,Image,Option1,Option2,Option3,Option4,CorrectName,selection_method,num_selected_identities,qualified_identity_nos,break_1.started,break_1.stopped,Load_Recognition_Trials.started,Load_Recognition_Trials.stopped,Instruction_recog_1.started,Instruction_recog_1.stopped,space_cont_6.keys,space_cont_6.rt,space_cont_6.duration,Instruction_recog_2.started,Instruction_recog_2.stopped,space_cont_7.keys,space_cont_7.rt,space_cont_7.duration,fixation_duration,fix_cross.started,fix_cross.stopped,Practice_Recognition_Trial.started,Practice_Recognition_Trial.stopped,key_resp_practice.keys,key_resp_practice.rt,key_resp_practice.duration,is_practice,practice_trial_number,is_familiar,participant_response,too_slow,response_time,practice_trials.thisRepN,practice_trials.thisTrialN,practice_trials.thisN,practice_trials.thisIndex,practice_trials.ran,Instruction_recog.started,Instruction_recog.stopped,space_cont_8.keys,space_cont_8.rt,space_cont_8.duration,Recognition_trials.started,Recognition_trials.stopped,key_resp_recognition.keys,key_resp_recognition.rt,key_resp_recognition.duration,recognition_trial_number,original_trial_number,block,trial_in_block,orientation,identity_type,response_familiar,correct,valid_response,Too_slow.started,Too_slow.stopped,break_recog.started,break_recog.stopped,key_resp_6.keys,trials.thisRepN,trials.thisTrialN,trials.thisN,trials.thisIndex,trials.ran,key_resp_6.rt,key_resp_6.duration
0.0003,3.3022,space,3.2634,,6a31580ed0490d0974196c43,2026-06-16_15h14.42.938,WP1_3,2025.2.3,MacIntel,30.21148036,6a1d08d5adcf20d7d84305a6,6a030b8ba3607712b5d4bf26,,,,,,,,,,,,,,,,,,,,,,,,,,,,,,,,,,,,,,,,,,,,,,,,,,,,,,,,,,,,,,,,,,,,,,,,,,,,,,,,,,,,,,,,,,,,,,,,,,,,,,,,,,,,,,,,,,,,,,,,,,,,,,,,,,,,,,,,,,,,,,,,,,,
,,,,,6a31580ed0490d0974196c43,2026-06-16_15h14.42.938,WP1_3,2025.2.3,MacIntel,30.21148036,6a1d08d5adcf20d7d84305a6,6a030b8ba3607712b5d4bf26,3.3027,9.9597,space,6.6125,,,,,,,,,,,,,,,,,,,,,,,,,,,,,,,,,,,,,,,,,,,,,,,,,,,,,,,,,,,,,,,,,,,,,,,,,,,,,,,,,,,,,,,,,,,,,,,,,,,,,,,,,,,,,,,,,,,,,,,,,,,,,,,,,,,,,,,,,,,,,,,
,,,,,6a31580ed0490d0974196c43,2026-06-16_15h14.42.938,WP1_3,2025.2.3,MacIntel,30.21148036,6a1d08d5adcf20d7d84305a6,6a030b8ba3607712b5d4bf26,,,,,,9.9599,15.2435,space,5.2381,,,,,,,,,,,,,,,,,,,,,,,,,,,,,,,,,,,,,,,,,,,,,,,,,,,,,,,,,,,,,,,,,,,,,,,,,,,,,,,,,,,,,,,,,,,,,,,,,,,,,,,,,,,,,,,,,,,,,,,,,,,,,,,,,,,,,,,,,,
,,,,,6a31580ed0490d0974196c43,2026-06-16_15h14.42.938,WP1_3,2025.2.3,MacIntel,30.21148036,6a1d08d5adcf20d7d84305a6,6a030b8ba3607712b5d4bf26,,,,,,,,,,,15.2438,19.2776,space,3.9762,,,,,,,,,,,,,,,,,,,,,,,,,,,,,,,,,,,,,,,,,,,,,,,,,,,,,,,,,,,,,,,,,,,,,,,,,,,,,,,,,,,,,,,,,,,,,,,,,,,,,,,,,,,,,,,,,,,,,,,,,,,,,,,,,,,,,
,,,,,6a31580ed0490d0974196c43,2026-06-16_15h14.42.938,WP1_3,2025.2.3,MacIntel,30.21148036,6a1d08d5adcf20d7d84305a6,6a030b8ba3607712b5d4bf26,,,,,,,,,,,,,,,,19.2779,25.2565,space,5.9185,,,,,,,,,,,,,,,,,,,,,,,,,,,,,,,,,,,,,,,,,,,,,,,,,,,,,,,,,,,,,,,,,,,,,,,,,,,,,,,,,,,,,,,,,,,,,,,,,,,,,,,,,,,,,,,,,,,,,,,,,,,,,,,,
,,,,,6a31580ed0490d0974196c43,2026-06-16_15h14.42.938,WP1_3,2025.2.3,MacIntel,30.21148036,6a1d08d5adcf20d7d84305a6,6a030b8ba3607712b5d4bf26,,,,,,,,,,,,,,,,,,,,,25.2567,34.9735,space,9.6699,,,,,,,,,,,,,,,,,,,,,,,,,,,,,,,,,,,,,,,,,,,,,,,,,,,,,,,,,,,,,,,,,,,,,,,,,,,,,,,,,,,,,,,,,,,,,,,,,,,,,,,,,,,,,,,,,,,,,,,,,,,
,,,,,6a31580ed0490d0974196c43,2026-06-16_15h14.42.938,WP1_3,2025.2.3,MacIntel,30.21148036,6a1d08d5adcf20d7d84305a6,6a030b8ba3607712b5d4bf26,,,,,,,,,,,,,,,,,,,,,,,,,,34.9737,38.9165,space,3.9,,,,,,,,,,,,,,,,,,,,,,,,,,,,,,,,,,,,,,,,,,,,,,,,,,,,,,,,,,,,,,,,,,,,,,,,,,,,,,,,,,,,,,,,,,,,,,,,,,,,,,,,,,,,,,,,,,,,,,
,,,,,6a31580ed0490d0974196c43,2026-06-16_15h14.42.938,WP1_3,2025.2.3,MacIntel,30.21148036,6a1d08d5adcf20d7d84305a6,6a030b8ba3607712b5d4bf26,,,,,,,,,,,,,,,,,,,,,,,,,,,,,,,38.9167,46.3956,space,7.4304,,,,,,,,,,,,,,,,,,,,,,,,,,,,,,,,,,,,,,,,,,,,,,,,,,,,,,,,,,,,,,,,,,,,,,,,,,,,,,,,,,,,,,,,,,,,,,,,,,,,,,,,,,,,,,,,,
,,,,,6a31580ed0490d0974196c43,2026-06-16_15h14.42.938,WP1_3,2025.2.3,MacIntel,30.21148036,6a1d08d5adcf20d7d84305a6,6a030b8ba3607712b5d4bf26,,,,,,,,,,,,,,,,,,,,,,,,,,,,,,,,,,,,46.3958,49.6128,space,3.1681,,,,,,,,,,,,,,,,,,,,,,,,,,,,,,,,,,,,,,,,,,,,,,,,,,,,,,,,,,,,,,,,,,,,,,,,,,,,,,,,,,,,,,,,,,,,,,,,,,,,,,,,,,,,
,,,,,6a31580ed0490d0974196c43,2026-06-16_15h14.42.938,WP1_3,2025.2.3,MacIntel,30.21148036,6a1d08d5adcf20d7d84305a6,6a030b8ba3607712b5d4bf26,,,,,,,,,,,,,,,,,,,,,,,,,,,,,,,,,,,,,,,,,49.624,59.3205,,,,7,59.3218,62.5216,,,"[""right"",""right"",""right"",""right"",""space""]","[1.7650999999996202,1.9037999999988813,2.0999999999999943,2.272699999999247,3.110900000000356]","[null,null,null,null,null]",9,62.5228,66.5098,space,3.9376,,47,Celebrities_Faces/047_rating.jpg,Hillary Clinton,0,Hillary Clinton,0,TRUE,TRUE,1,0,0,0,46,1,47,Celebrities_Faces/047_rating.jpg,Hillary Clinton,Sandra Bullock,Michelle Obama,Anne Hathaway,Hillary Clinton,,,,,,,,,,,,,,,,,,,,,,,,,,,,,,,,,,,,,,,,,,,,,,,,,,,,,,,,,,,,,,,,,,,
,,,,,6a31580ed0490d0974196c43,2026-06-16_15h14.42.938,WP1_3,2025.2.3,MacIntel,30.21148036,6a1d08d5adcf20d7d84305a6,6a030b8ba3607712b5d4bf26,,,,,,,,,,,,,,,,,,,,,,,,,,,,,,,,,,,,,,,,,66.5121,69.8862,,,,10,69.8872,72.2196,,,"[""right"",""space""]","[1.8079000000003873,2.2860000000000014]","[null,null]",6,72.2232,74.9726,space,2.7043,,53,Celebrities_Faces/053_rating.jpg,Keira Knightley,3,Keira Knightley,3,TRUE,TRUE,2,0,1,1,52,1,53,Celebrities_Faces/053_rating.jpg,Anne Hathaway,Emma Stone,Olivia Rodrigo,Keira Knightley,Keira Knightley,,,,,,,,,,,,,,,,,,,,,,,,,,,,,,,,,,,,,,,,,,,,,,,,,,,,,,,,,,,,,,,,,,,
,,,,,6a31580ed0490d0974196c43,2026-06-16_15h14.42.938,WP1_3,2025.2.3,MacIntel,30.21148036,6a1d08d5adcf20d7d84305a6,6a030b8ba3607712b5d4bf26,,,,,,,,,,,,,,,,,,,,,,,,,,,,,,,,,,,,,,,,,74.974,80.9566,,,,0,80.9575,82.6712,,,"[""space""]",[1.2523999999985165],[null],5,82.6744,87.3248,space,4.4647,,41,Celebrities_Faces/041_rating.jpg,Halle Berry,2,Halle Berry,2,TRUE,FALSE,2,0,2,2,40,1,41,Celebrities_Faces/041_rating.jpg,Lady Gaga,Greta Thunberg,Halle Berry,Serena Williams,Halle Berry,,,,,,,,,,,,,,,,,,,,,,,,,,,,,,,,,,,,,,,,,,,,,,,,,,,,,,,,,,,,,,,,,,,
,,,,,6a31580ed0490d0974196c43,2026-06-16_15h14.42.938,WP1_3,2025.2.3,MacIntel,30.21148036,6a1d08d5adcf20d7d84305a6,6a030b8ba3607712b5d4bf26,,,,,,,,,,,,,,,,,,,,,,,,,,,,,,,,,,,,,,,,,87.326,90.734,,,,10,90.7349,92.8469,,,"[""right"",""right"",""space""]","[1.1566999999992618,1.4435000000000002,2.0674999999999955]","[null,null,null]",7,92.85,95.6621,space,2.7663,,36,Celebrities_Faces/036_rating.jpg,Lady Gaga,3,Lady Gaga,3,TRUE,TRUE,3,0,3,3,35,1,36,Celebrities_Faces/036_rating.jpg,Serena Williams,Emma Stone,Julia Roberts,Lady Gaga,Lady Gaga,,,,,,,,,,,,,,,,,,,,,,,,,,,,,,,,,,,,,,,,,,,,,,,,,,,,,,,,,,,,,,,,,,,
,,,,,6a31580ed0490d0974196c43,2026-06-16_15h14.42.938,WP1_3,2025.2.3,MacIntel,30.21148036,6a1d08d5adcf20d7d84305a6,6a030b8ba3607712b5d4bf26,,,,,,,,,,,,,,,,,,,,,,,,,,,,,,,,,,,,,,,,,95.6634,100.2469,,,,6,100.2478,101.7621,,,"[""space""]",[1.3635000000000161],[null],5,101.7652,103.924,space,2.0981,,44,Celebrities_Faces/044_rating.jpg,Cate Blanchett,1,Cate Blanchett,1,TRUE,FALSE,3,0,4,4,43,1,44,Celebrities_Faces/044_rating.jpg,Angelina Jolie,Cate Blanchett,Natalie Portman,Taylor Swift,Cate Blanchett,,,,,,,,,,,,,,,,,,,,,,,,,,,,,,,,,,,,,,,,,,,,,,,,,,,,,,,,,,,,,,,,,,,
,,,,,6a31580ed0490d0974196c43,2026-06-16_15h14.42.938,WP1_3,2025.2.3,MacIntel,30.21148036,6a1d08d5adcf20d7d84305a6,6a030b8ba3607712b5d4bf26,,,,,,,,,,,,,,,,,,,,,,,,,,,,,,,,,,,,,,,,,103.9253,108.5119,,,,10,108.5128,110.9512,,,"[""right"",""space""]","[1.8799999999999955,2.274800000000738]","[null,null]",6,110.9545,113.2738,space,2.2582,,51,Celebrities_Faces/051_rating.jpg,Margot Robbie,0,Margot Robbie,0,TRUE,TRUE,4,0,5,5,50,1,51,Celebrities_Faces/051_rating.jpg,Margot Robbie,Halle Berry,Emma Watson,Julia Roberts,Margot Robbie,,,,,,,,,,,,,,,,,,,,,,,,,,,,,,,,,,,,,,,,,,,,,,,,,,,,,,,,,,,,,,,,,,,
,,,,,6a31580ed0490d0974196c43,2026-06-16_15h14.42.938,WP1_3,2025.2.3,MacIntel,30.21148036,6a1d08d5adcf20d7d84305a6,6a030b8ba3607712b5d4bf26,,,,,,,,,,,,,,,,,,,,,,,,,,,,,,,,,,,,,,,,,113.2752,116.567,,,,0,116.5679,118.3331,,,"[""space""]",[1.6190999999996336],[null],5,118.3362,122.261,space,3.8641,,22,Celebrities_Faces/022_rating.jpg,Lebron James,3,Lebron James,3,TRUE,FALSE,4,0,6,6,21,1,22,Celebrities_Faces/022_rating.jpg,George W.Bush,Lionel Messi,Leonardo Di Caprio,Lebron James,Lebron James,,,,,,,,,,,,,,,,,,,,,,,,,,,,,,,,,,,,,,,,,,,,,,,,,,,,,,,,,,,,,,,,,,,
,,,,,6a31580ed0490d0974196c43,2026-06-16_15h14.42.938,WP1_3,2025.2.3,MacIntel,30.21148036,6a1d08d5adcf20d7d84305a6,6a030b8ba3607712b5d4bf26,,,,,,,,,,,,,,,,,,,,,,,,,,,,,,,,,,,,,,,,,122.2621,125.2282,,,,6,125.229,126.4128,,,"[""space""]",[1.0920999999996184],[null],5,126.4159,128.1355,space,1.669,,28,Celebrities_Faces/028_rating.jpg,Dwayne Johnson,0,Dwayne Johnson,0,TRUE,FALSE,4,0,7,7,27,1,28,Celebrities_Faces/028_rating.jpg,Dwayne Johnson,Ryan Reynolds,Bradley Cooper,Lionel Messi,Dwayne Johnson,,,,,,,,,,,,,,,,,,,,,,,,,,,,,,,,,,,,,,,,,,,,,,,,,,,,,,,,,,,,,,,,,,,
,,,,,6a31580ed0490d0974196c43,2026-06-16_15h14.42.938,WP1_3,2025.2.3,MacIntel,30.21148036,6a1d08d5adcf20d7d84305a6,6a030b8ba3607712b5d4bf26,,,,,,,,,,,,,,,,,,,,,,,,,,,,,,,,,,,,,,,,,128.1366,130.9698,,,,8,130.9707,133.0619,,,"[""right"",""space""]","[1.6681999999992456,2.046099999999626]","[null,null]",6,133.0642,135.3024,space,2.1939,,14,Celebrities_Faces/014_rating.jpg,Daniel Craig,2,Daniel Craig,2,TRUE,TRUE,5,0,8,8,13,1,14,Celebrities_Faces/014_rating.jpg,Robert De Niro,Ryan Reynolds,Daniel Craig,Chris Hemsworth,Daniel Craig,,,,,,,,,,,,,,,,,,,,,,,,,,,,,,,,,,,,,,,,,,,,,,,,,,,,,,,,,,,,,,,,,,,
,,,,,6a31580ed0490d0974196c43,2026-06-16_15h14.42.938,WP1_3,2025.2.3,MacIntel,30.21148036,6a1d08d5adcf20d7d84305a6,6a030b8ba3607712b5d4bf26,,,,,,,,,,,,,,,,,,,,,,,,,,,,,,,,,,,,,,,,,135.3035,137.97,,,,0,137.9709,139.7865,,,"[""space""]",[1.7396999999992317],[null],5,139.7895,142.6085,space,2.7736,,11,Celebrities_Faces/011_rating.jpg,Chris Evans,0,Chris Evans,0,TRUE,FALSE,5,0,9,9,10,1,11,Celebrities_Faces/011_rating.jpg,Chris Evans,Daniel Craig,Ryan Reynolds,Arnold Schwarzeneger,Chris Evans,,,,,,,,,,,,,,,,,,,,,,,,,,,,,,,,,,,,,,,,,,,,,,,,,,,,,,,,,,,,,,,,,,,
,,,,,6a31580ed0490d0974196c43,2026-06-16_15h14.42.938,WP1_3,2025.2.3,MacIntel,30.21148036,6a1d08d5adcf20d7d84305a6,6a030b8ba3607712b5d4bf26,,,,,,,,,,,,,,,,,,,,,,,,,,,,,,,,,,,,,,,,,142.6098,147.1146,,,,9,147.1155,149.7758,,,"[""right"",""right"",""space""]","[1.742099999999624,2.1834000000003755,2.6003000000007432]","[null,null,null]",7,149.7787,151.2658,space,1.4382,,15,Celebrities_Faces/015_rating.jpg,Harrison Ford,2,Harrison Ford,2,TRUE,TRUE,6,0,10,10,14,1,15,Celebrities_Faces/015_rating.jpg,Lionel Messi,Daniel Radcliffe,Harrison Ford,Brad Pitt,Harrison Ford,,,,,,,,,,,,,,,,,,,,,,,,,,,,,,,,,,,,,,,,,,,,,,,,,,,,,,,,,,,,,,,,,,,
,,,,,6a31580ed0490d0974196c43,2026-06-16_15h14.42.938,WP1_3,2025.2.3,MacIntel,30.21148036,6a1d08d5adcf20d7d84305a6,6a030b8ba3607712b5d4bf26,,,,,,,,,,,,,,,,,,,,,,,,,,,,,,,,,,,,,,,,,151.267,154.2428,,,,7,154.2437,156.266,,,"[""right"",""space""]","[1.4885999999996216,1.8406999999992593]","[null,null]",6,156.269,158.2635,space,1.9246,,3,Celebrities_Faces/003_rating.jpg,Roger Federer,2,Roger Federer,2,TRUE,TRUE,7,0,11,11,2,1,3,Celebrities_Faces/003_rating.jpg,Dwayne Johnson,Keanu Reeves,Roger Federer,Ben Affleck,Roger Federer,,,,,,,,,,,,,,,,,,,,,,,,,,,,,,,,,,,,,,,,,,,,,,,,,,,,,,,,,,,,,,,,,,,
,,,,,6a31580ed0490d0974196c43,2026-06-16_15h14.42.938,WP1_3,2025.2.3,MacIntel,30.21148036,6a1d08d5adcf20d7d84305a6,6a030b8ba3607712b5d4bf26,,,,,,,,,,,,,,,,,,,,,,,,,,,,,,,,,,,,,,,,,158.2647,160.9121,,,,9,160.9129,162.7523,,,"[""right"",""right"",""right"",""space""]","[0.9814999999999827,1.1420999999996297,1.3021999999992602,1.77540000000036]","[null,null,null,null]",8,162.7551,165.0702,space,2.2699,,31,Celebrities_Faces/031_rating.jpg,Sandra Bullock,3,Sandra Bullock,3,TRUE,TRUE,8,0,12,12,30,1,31,Celebrities_Faces/031_rating.jpg,Michelle Obama,Emma Watson,Halle Berry,Sandra Bullock,Sandra Bullock,,,,,,,,,,,,,,,,,,,,,,,,,,,,,,,,,,,,,,,,,,,,,,,,,,,,,,,,,,,,,,,,,,,
,,,,,6a31580ed0490d0974196c43,2026-06-16_15h14.42.938,WP1_3,2025.2.3,MacIntel,30.21148036,6a1d08d5adcf20d7d84305a6,6a030b8ba3607712b5d4bf26,,,,,,,,,,,,,,,,,,,,,,,,,,,,,,,,,,,,,,,,,165.0716,167.378,,,,9,167.3788,169.9732,,,"[""right"",""right"",""right"",""space""]","[1.7178000000007216,1.8463000000007241,2.0063000000007207,2.503800000000723]","[null,null,null,null]",8,169.976,171.3203,space,1.3018,,46,Celebrities_Faces/046_rating.jpg,Emma Stone,1,Emma Stone,1,TRUE,TRUE,9,0,13,13,45,1,46,Celebrities_Faces/046_rating.jpg,Halle Berry,Emma Stone,Emma Watson,Taylor Swift,Emma Stone,,,,,,,,,,,,,,,,,,,,,,,,,,,,,,,,,,,,,,,,,,,,,,,,,,,,,,,,,,,,,,,,,,,
,,,,,6a31580ed0490d0974196c43,2026-06-16_15h14.42.938,WP1_3,2025.2.3,MacIntel,30.21148036,6a1d08d5adcf20d7d84305a6,6a030b8ba3607712b5d4bf26,,,,,,,,,,,,,,,,,,,,,,,,,,,,,,,,,,,,,,,,,171.3215,175.3043,,,,10,175.3052,177.0979,,,"[""right"",""right"",""space""]","[0.8249000000004116,1.327599999999677,1.7340000000000373]","[null,null,null]",7,177.1008,178.449,space,1.2985,,58,Celebrities_Faces/058_rating.jpg,Nicole Kidman,2,Nicole Kidman,2,TRUE,TRUE,10,0,14,14,57,1,58,Celebrities_Faces/058_rating.jpg,Millie Bobby Brown,Greta Thunberg,Nicole Kidman,Julia Roberts,Nicole Kidman,,,,,,,,,,,,,,,,,,,,,,,,,,,,,,,,,,,,,,,,,,,,,,,,,,,,,,,,,,,,,,,,,,,
,,,,,6a31580ed0490d0974196c43,2026-06-16_15h14.42.938,WP1_3,2025.2.3,MacIntel,30.21148036,6a1d08d5adcf20d7d84305a6,6a030b8ba3607712b5d4bf26,,,,,,,,,,,,,,,,,,,,,,,,,,,,,,,,,,,,,,,,,178.4504,181.5902,,,,9,181.5914,183.2109,,,"[""right"",""right"",""space""]","[0.8221000000015124,0.949100000001522,1.55830000000077]","[null,null,null]",7,183.2137,184.425,space,1.1617,,23,Celebrities_Faces/023_rating.jpg,Ryan Gosling,2,Ryan Gosling,2,TRUE,TRUE,11,0,15,15,22,1,23,Celebrities_Faces/023_rating.jpg,Brad Pitt,Cristiano Ronaldo,Ryan Gosling,Tom Holland,Ryan Gosling,,,,,,,,,,,,,,,,,,,,,,,,,,,,,,,,,,,,,,,,,,,,,,,,,,,,,,,,,,,,,,,,,,,
,,,,,6a31580ed0490d0974196c43,2026-06-16_15h14.42.938,WP1_3,2025.2.3,MacIntel,30.21148036,6a1d08d5adcf20d7d84305a6,6a030b8ba3607712b5d4bf26,,,,,,,,,,,,,,,,,,,,,,,,,,,,,,,,,,,,,,,,,184.4263,187.4458,,,,10,187.4466,189.1976,,,"[""right"",""right"",""right"",""right"",""right"",""right"",""space""]","[0.5521000000014737,0.6809000000003493,0.8444999999999823,0.9834000000003584,1.136600000001465,1.2896000000014851,1.593500000000006]","[null,null,null,null,null,null,null]",10,189.2004,191.4957,space,2.2375,,29,Celebrities_Faces/029_rating.jpg,Tom Holland,0,Tom Holland,0,TRUE,TRUE,12,0,16,16,28,1,29,Celebrities_Faces/029_rating.jpg,Tom Holland,Bradley Cooper,Dwayne Johnson,George W.Bush,Tom Holland,,,,,,,,,,,,,,,,,,,,,,,,,,,,,,,,,,,,,,,,,,,,,,,,,,,,,,,,,,,,,,,,,,,
,,,,,6a31580ed0490d0974196c43,2026-06-16_15h14.42.938,WP1_3,2025.2.3,MacIntel,30.21148036,6a1d08d5adcf20d7d84305a6,6a030b8ba3607712b5d4bf26,,,,,,,,,,,,,,,,,,,,,,,,,,,,,,,,,,,,,,,,,191.4968,194.9843,,,,9,194.9852,197.3951,,,"[""right"",""right"",""right"",""space""]","[0.9518000000007305,1.369700000001103,1.8298000000007733,2.245100000001514]","[null,null,null,null]",8,197.398,198.4051,space,0.9466,,32,Celebrities_Faces/032_rating.jpg,Anne Hathaway,1,Anne Hathaway,1,TRUE,TRUE,13,0,17,17,31,1,32,Celebrities_Faces/032_rating.jpg,Charlize Theron,Anne Hathaway,Gal Gadot,Millie Bobby Brown,Anne Hathaway,,,,,,,,,,,,,,,,,,,,,,,,,,,,,,,,,,,,,,,,,,,,,,,,,,,,,,,,,,,,,,,,,,,
,,,,,6a31580ed0490d0974196c43,2026-06-16_15h14.42.938,WP1_3,2025.2.3,MacIntel,30.21148036,6a1d08d5adcf20d7d84305a6,6a030b8ba3607712b5d4bf26,,,,,,,,,,,,,,,,,,,,,,,,,,,,,,,,,,,,,,,,,198.4062,202.8059,,,,4,202.8069,204.2347,,,"[""space""]",[1.3664999999999736],[null],5,204.2372,207.2772,space,2.9942,,17,Celebrities_Faces/017_rating.jpg,Hugh Jackman,1,Hugh Jackman,1,TRUE,FALSE,13,0,18,18,16,1,17,Celebrities_Faces/017_rating.jpg,Keanu Reeves,Hugh Jackman,Ewan McGregor,Tom Cruise,Hugh Jackman,,,,,,,,,,,,,,,,,,,,,,,,,,,,,,,,,,,,,,,,,,,,,,,,,,,,,,,,,,,,,,,,,,,
,,,,,6a31580ed0490d0974196c43,2026-06-16_15h14.42.938,WP1_3,2025.2.3,MacIntel,30.21148036,6a1d08d5adcf20d7d84305a6,6a030b8ba3607712b5d4bf26,,,,,,,,,,,,,,,,,,,,,,,,,,,,,,,,,,,,,,,,,207.2783,210.0834,,,,7,210.0842,212.2755,,,"[""right"",""right"",""right"",""space""]","[1.2545000000000073,1.4419000000003734,1.6039000000003512,2.0300999999996066]","[null,null,null,null]",8,212.2786,215.0674,space,2.7306,,48,Celebrities_Faces/048_rating.jpg,Jennifer Lawrence,0,Jennifer Lawrence,0,TRUE,TRUE,14,0,19,19,47,1,48,Celebrities_Faces/048_rating.jpg,Jennifer Lawrence,Lady Gaga,Anne Hathaway,Emma Stone,Jennifer Lawrence,,,,,,,,,,,,,,,,,,,,,,,,,,,,,,,,,,,,,,,,,,,,,,,,,,,,,,,,,,,,,,,,,,,
,,,,,6a31580ed0490d0974196c43,2026-06-16_15h14.42.938,WP1_3,2025.2.3,MacIntel,30.21148036,6a1d08d5adcf20d7d84305a6,6a030b8ba3607712b5d4bf26,,,,,,,,,,,,,,,,,,,,,,,,,,,,,,,,,,,,,,,,,215.0686,218.4204,,,,7,218.421,221.7915,,,"[""left"",""space""]","[2.987199999999291,3.3227999999988924]","[null,null]",4,221.7946,224.5036,space,2.6613,,4,Celebrities_Faces/004_rating.jpg,Cristiano Ronaldo,3,Cristiano Ronaldo,3,TRUE,TRUE,15,0,20,20,3,1,4,Celebrities_Faces/004_rating.jpg,Matt Damon,Robert De Niro,Denzel Washighton,Cristiano Ronaldo,Cristiano Ronaldo,,,,,,,,,,,,,,,,,,,,,,,,,,,,,,,,,,,,,,,,,,,,,,,,,,,,,,,,,,,,,,,,,,,
,,,,,6a31580ed0490d0974196c43,2026-06-16_15h14.42.938,WP1_3,2025.2.3,MacIntel,30.21148036,6a1d08d5adcf20d7d84305a6,6a030b8ba3607712b5d4bf26,,,,,,,,,,,,,,,,,,,,,,,,,,,,,,,,,,,,,,,,,224.5049,228.2595,,,,0,228.2603,229.89,,,"[""space""]",[1.5529000000003634],[null],5,229.8927,234.3707,space,4.4368,,43,Celebrities_Faces/043_rating.jpg,Maria Sharapova,3,Maria Sharapova,3,TRUE,FALSE,15,0,21,21,42,1,43,Celebrities_Faces/043_rating.jpg,Michelle Obama,Taylor Swift,Greta Thunberg,Maria Sharapova,Maria Sharapova,,,,,,,,,,,,,,,,,,,,,,,,,,,,,,,,,,,,,,,,,,,,,,,,,,,,,,,,,,,,,,,,,,,
,,,,,6a31580ed0490d0974196c43,2026-06-16_15h14.42.938,WP1_3,2025.2.3,MacIntel,30.21148036,6a1d08d5adcf20d7d84305a6,6a030b8ba3607712b5d4bf26,,,,,,,,,,,,,,,,,,,,,,,,,,,,,,,,,,,,,,,,,234.3718,237.6725,,,,0,237.6735,239.2266,,,"[""space""]",[1.4316000000015379],[null],5,239.2294,241.7669,space,2.4834,,40,Celebrities_Faces/040_rating.jpg,Gal Gadot,0,Gal Gadot,0,TRUE,FALSE,15,0,22,22,39,1,40,Celebrities_Faces/040_rating.jpg,Gal Gadot,Maria Sharapova,Taylor Swift,Nicole Kidman,Gal Gadot,,,,,,,,,,,,,,,,,,,,,,,,,,,,,,,,,,,,,,,,,,,,,,,,,,,,,,,,,,,,,,,,,,,
,,,,,6a31580ed0490d0974196c43,2026-06-16_15h14.42.938,WP1_3,2025.2.3,MacIntel,30.21148036,6a1d08d5adcf20d7d84305a6,6a030b8ba3607712b5d4bf26,,,,,,,,,,,,,,,,,,,,,,,,,,,,,,,,,,,,,,,,,241.768,244.7174,,,,0,244.7183,245.7314,,,"[""space""]",[0.9324000000003707],[null],5,245.7334,249.6813,space,3.9012,,55,Celebrities_Faces/055_rating.jpg,Charlize Theron,3,Charlize Theron,3,TRUE,FALSE,15,0,23,23,54,1,55,Celebrities_Faces/055_rating.jpg,Natalie Portman,Margot Robbie,Angelina Jolie,Charlize Theron,Charlize Theron,,,,,,,,,,,,,,,,,,,,,,,,,,,,,,,,,,,,,,,,,,,,,,,,,,,,,,,,,,,,,,,,,,,
,,,,,6a31580ed0490d0974196c43,2026-06-16_15h14.42.938,WP1_3,2025.2.3,MacIntel,30.21148036,6a1d08d5adcf20d7d84305a6,6a030b8ba3607712b5d4bf26,,,,,,,,,,,,,,,,,,,,,,,,,,,,,,,,,,,,,,,,,249.6825,253.4602,,,,9,253.4608,255.268,,,"[""left"",""left"",""left"",""space""]","[0.7893000000007646,0.9182000000011499,1.0564000000003944,1.6749000000003775]","[null,null,null,null]",2,255.2707,256.985,space,1.66,,30,Celebrities_Faces/030_rating.jpg,Tom Cruise,0,Tom Cruise,0,TRUE,TRUE,16,0,24,24,29,1,30,Celebrities_Faces/030_rating.jpg,Tom Cruise,Lionel Messi,Chris Evans,Bruce Willis,Tom Cruise,,,,,,,,,,,,,,,,,,,,,,,,,,,,,,,,,,,,,,,,,,,,,,,,,,,,,,,,,,,,,,,,,,,
,,,,,6a31580ed0490d0974196c43,2026-06-16_15h14.42.938,WP1_3,2025.2.3,MacIntel,30.21148036,6a1d08d5adcf20d7d84305a6,6a030b8ba3607712b5d4bf26,,,,,,,,,,,,,,,,,,,,,,,,,,,,,,,,,,,,,,,,,256.9862,260.0334,,,,10,260.0343,261.9676,,,"[""right"",""right"",""right"",""right"",""right"",""space""]","[0.4964000000003921,0.6597999999988815,0.8445000000000391,0.9960000000000377,1.157699999999295,1.8400000000000318]","[null,null,null,null,null,null]",10,261.9696,264.7247,space,2.7088,,54,Celebrities_Faces/054_rating.jpg,Julia Roberts,0,Julia Roberts,0,TRUE,TRUE,17,0,25,25,53,1,54,Celebrities_Faces/054_rating.jpg,Julia Roberts,Anne Hathaway,Olivia Rodrigo,Simone Biles,Julia Roberts,,,,,,,,,,,,,,,,,,,,,,,,,,,,,,,,,,,,,,,,,,,,,,,,,,,,,,,,,,,,,,,,,,,
,,,,,6a31580ed0490d0974196c43,2026-06-16_15h14.42.938,WP1_3,2025.2.3,MacIntel,30.21148036,6a1d08d5adcf20d7d84305a6,6a030b8ba3607712b5d4bf26,,,,,,,,,,,,,,,,,,,,,,,,,,,,,,,,,,,,,,,,,264.7258,267.4285,,,,10,267.4293,269.0756,,,"[""right"",""right"",""right"",""right"",""right"",""space""]","[0.360400000000368,0.5111999999992349,0.6604999999999563,0.8210999999996034,0.9584999999999582,1.600599999999588]","[null,null,null,null,null,null]",10,269.0785,270.675,space,1.5509,,16,Celebrities_Faces/016_rating.jpg,Ewan McGregor,0,Ewan McGregor,0,TRUE,TRUE,18,0,26,26,15,1,16,Celebrities_Faces/016_rating.jpg,Ewan McGregor,Robert De Niro,Lionel Messi,Leonardo Di Caprio,Ewan McGregor,,,,,,,,,,,,,,,,,,,,,,,,,,,,,,,,,,,,,,,,,,,,,,,,,,,,,,,,,,,,,,,,,,,
,,,,,6a31580ed0490d0974196c43,2026-06-16_15h14.42.938,WP1_3,2025.2.3,MacIntel,30.21148036,6a1d08d5adcf20d7d84305a6,6a030b8ba3607712b5d4bf26,,,,,,,,,,,,,,,,,,,,,,,,,,,,,,,,,,,,,,,,,270.6762,273.375,,,,10,273.3758,274.7882,,,"[""right"",""right"",""space""]","[0.6864999999999668,0.8463999999984821,1.3238999999985026]","[null,null,null]",7,274.7897,276.3769,space,1.5465,,38,Celebrities_Faces/038_rating.jpg,Taylor Swift,3,Taylor Swift,3,TRUE,TRUE,19,0,27,27,37,1,38,Celebrities_Faces/038_rating.jpg,Keira Knightley,Scarlett Johansson,Margot Robbie,Taylor Swift,Taylor Swift,,,,,,,,,,,,,,,,,,,,,,,,,,,,,,,,,,,,,,,,,,,,,,,,,,,,,,,,,,,,,,,,,,,
,,,,,6a31580ed0490d0974196c43,2026-06-16_15h14.42.938,WP1_3,2025.2.3,MacIntel,30.21148036,6a1d08d5adcf20d7d84305a6,6a030b8ba3607712b5d4bf26,,,,,,,,,,,,,,,,,,,,,,,,,,,,,,,,,,,,,,,,,276.3781,278.2402,,,,6,278.2408,279.628,,,"[""space""]",[1.3257999999988783],[null],5,279.6307,281.826,space,2.1465,,7,Celebrities_Faces/007_rating.jpg,Ben Affleck,0,Ben Affleck,0,TRUE,FALSE,19,0,28,28,6,1,7,Celebrities_Faces/007_rating.jpg,Ben Affleck,Nicolas Cage,Henri Canvill,Leonardo Di Caprio,Ben Affleck,,,,,,,,,,,,,,,,,,,,,,,,,,,,,,,,,,,,,,,,,,,,,,,,,,,,,,,,,,,,,,,,,,,
,,,,,6a31580ed0490d0974196c43,2026-06-16_15h14.42.938,WP1_3,2025.2.3,MacIntel,30.21148036,6a1d08d5adcf20d7d84305a6,6a030b8ba3607712b5d4bf26,,,,,,,,,,,,,,,,,,,,,,,,,,,,,,,,,,,,,,,,,281.8271,284.4853,,,,10,284.4862,286.3705,,,"[""right"",""right"",""right"",""right"",""right"",""space""]","[0.40230000000076416,0.6005000000000109,0.755200000001139,0.943900000000383,1.0744000000003666,1.6890999999996552]","[null,null,null,null,null,null]",10,286.3734,287.3413,space,0.8979,,37,Celebrities_Faces/037_rating.jpg,Natalie Portman,1,Natalie Portman,1,TRUE,TRUE,20,0,29,29,36,1,37,Celebrities_Faces/037_rating.jpg,Lady Gaga,Natalie Portman,Hillary Clinton,Michelle Obama,Natalie Portman,,,,,,,,,,,,,,,,,,,,,,,,,,,,,,,,,,,,,,,,,,,,,,,,,,,,,,,,,,,,,,,,,,,
,,,,,6a31580ed0490d0974196c43,2026-06-16_15h14.42.938,WP1_3,2025.2.3,MacIntel,30.21148036,6a1d08d5adcf20d7d84305a6,6a030b8ba3607712b5d4bf26,,,,,,,,,,,,,,,,,,,,,,,,,,,,,,,,,,,,,,,,,287.3425,290.6095,,,,10,290.6103,291.787,,,"[""right"",""right"",""right"",""space""]","[0.3198000000007255,0.4588000000007355,0.6210999999996147,1.0995999999996116]","[null,null,null,null]",8,291.7897,293.7092,space,1.8762,,12,Celebrities_Faces/012_rating.jpg,Daniel Radcliffe,3,Daniel Radcliffe,3,TRUE,TRUE,21,0,30,30,11,1,12,Celebrities_Faces/012_rating.jpg,Bruce Willis,Ryan Reynolds,Ewan McGregor,Daniel Radcliffe,Daniel Radcliffe,,,,,,,,,,,,,,,,,,,,,,,,,,,,,,,,,,,,,,,,,,,,,,,,,,,,,,,,,,,,,,,,,,,
,,,,,6a31580ed0490d0974196c43,2026-06-16_15h14.42.938,WP1_3,2025.2.3,MacIntel,30.21148036,6a1d08d5adcf20d7d84305a6,6a030b8ba3607712b5d4bf26,,,,,,,,,,,,,,,,,,,,,,,,,,,,,,,,,,,,,,,,,293.7104,296.4114,,,,10,296.4122,297.5369,,,"[""right"",""right"",""space""]","[0.3742999999988683,0.5115000000000123,1.0756999999992445]","[null,null,null]",7,297.5397,298.7074,space,1.1253,,19,Celebrities_Faces/019_rating.jpg,Nicolas Cage,0,Nicolas Cage,0,TRUE,TRUE,22,0,31,31,18,1,19,Celebrities_Faces/019_rating.jpg,Nicolas Cage,George W.Bush,Cristiano Ronaldo,Bradley Cooper,Nicolas Cage,,,,,,,,,,,,,,,,,,,,,,,,,,,,,,,,,,,,,,,,,,,,,,,,,,,,,,,,,,,,,,,,,,,
,,,,,6a31580ed0490d0974196c43,2026-06-16_15h14.42.938,WP1_3,2025.2.3,MacIntel,30.21148036,6a1d08d5adcf20d7d84305a6,6a030b8ba3607712b5d4bf26,,,,,,,,,,,,,,,,,,,,,,,,,,,,,,,,,,,,,,,,,298.7085,301.3172,,,,10,301.318,303.315,,,"[""left"",""left"",""left"",""space""]","[0.6840000000000259,0.814200000001108,1.4657000000011067,1.8910000000000196]","[null,null,null,null]",2,303.3178,305.7553,space,2.3891,,1,Celebrities_Faces/001_rating.jpg,Leonardo Di Caprio,2,Leonardo Di Caprio,2,TRUE,TRUE,23,0,32,32,0,1,1,Celebrities_Faces/001_rating.jpg,Ben Affleck,Daniel Craig,Leonardo Di Caprio,Roger Federer,Leonardo Di Caprio,,,,,,,,,,,,,,,,,,,,,,,,,,,,,,,,,,,,,,,,,,,,,,,,,,,,,,,,,,,,,,,,,,,
,,,,,6a31580ed0490d0974196c43,2026-06-16_15h14.42.938,WP1_3,2025.2.3,MacIntel,30.21148036,6a1d08d5adcf20d7d84305a6,6a030b8ba3607712b5d4bf26,,,,,,,,,,,,,,,,,,,,,,,,,,,,,,,,,,,,,,,,,305.7566,309.1896,,,,7,309.1904,311.6408,,,"[""right"",""space""]","[1.7869999999999777,2.3660999999996193]","[null,null]",6,311.6438,313.7215,space,2.0253,,25,Celebrities_Faces/025_rating.jpg,Robert De Niro,2,Robert De Niro,2,TRUE,TRUE,24,0,33,33,24,1,25,Celebrities_Faces/025_rating.jpg,Bruce Willis,Arnold Schwarzeneger,Robert De Niro,Leonardo Di Caprio,Robert De Niro,,,,,,,,,,,,,,,,,,,,,,,,,,,,,,,,,,,,,,,,,,,,,,,,,,,,,,,,,,,,,,,,,,,
,,,,,6a31580ed0490d0974196c43,2026-06-16_15h14.42.938,WP1_3,2025.2.3,MacIntel,30.21148036,6a1d08d5adcf20d7d84305a6,6a030b8ba3607712b5d4bf26,,,,,,,,,,,,,,,,,,,,,,,,,,,,,,,,,,,,,,,,,313.7227,317.6084,,,,0,317.6093,319.4556,,,"[""space""]",[1.64549999999997],[null],5,319.4584,321.0371,space,1.4899,,33,Celebrities_Faces/033_rating.jpg,Simone Biles,1,Simone Biles,1,TRUE,FALSE,24,0,34,34,32,1,33,Celebrities_Faces/033_rating.jpg,Greta Thunberg,Simone Biles,Lindsay Lohan,Anya Taylor-Joy,Simone Biles,,,,,,,,,,,,,,,,,,,,,,,,,,,,,,,,,,,,,,,,,,,,,,,,,,,,,,,,,,,,,,,,,,,
,,,,,6a31580ed0490d0974196c43,2026-06-16_15h14.42.938,WP1_3,2025.2.3,MacIntel,30.21148036,6a1d08d5adcf20d7d84305a6,6a030b8ba3607712b5d4bf26,,,,,,,,,,,,,,,,,,,,,,,,,,,,,,,,,,,,,,,,,321.0381,324.725,,,,5,324.7258,326.3362,,,"[""space""]",[1.4022000000011303],[null],5,326.3391,328.4403,space,2.0338,,18,Celebrities_Faces/018_rating.jpg,Chris Hemsworth,0,Chris Hemsworth,0,TRUE,FALSE,24,0,35,35,17,1,18,Celebrities_Faces/018_rating.jpg,Chris Hemsworth,Leonardo Di Caprio,Nicolas Cage,Tom Cruise,Chris Hemsworth,,,,,,,,,,,,,,,,,,,,,,,,,,,,,,,,,,,,,,,,,,,,,,,,,,,,,,,,,,,,,,,,,,,
,,,,,6a31580ed0490d0974196c43,2026-06-16_15h14.42.938,WP1_3,2025.2.3,MacIntel,30.21148036,6a1d08d5adcf20d7d84305a6,6a030b8ba3607712b5d4bf26,,,,,,,,,,,,,,,,,,,,,,,,,,,,,,,,,,,,,,,,,328.4416,331.7286,,,,0,331.7295,333.1926,,,"[""space""]",[1.3917999999989092],[null],5,333.1954,335.8891,space,2.6469,,13,Celebrities_Faces/013_rating.jpg,Denzel Washighton,0,Denzel Washighton,0,TRUE,FALSE,24,0,36,36,12,1,13,Celebrities_Faces/013_rating.jpg,Denzel Washighton,Chris Hemsworth,Matt Damon,George W.Bush,Denzel Washighton,,,,,,,,,,,,,,,,,,,,,,,,,,,,,,,,,,,,,,,,,,,,,,,,,,,,,,,,,,,,,,,,,,,
,,,,,6a31580ed0490d0974196c43,2026-06-16_15h14.42.938,WP1_3,2025.2.3,MacIntel,30.21148036,6a1d08d5adcf20d7d84305a6,6a030b8ba3607712b5d4bf26,,,,,,,,,,,,,,,,,,,,,,,,,,,,,,,,,,,,,,,,,335.8903,338.7735,,,,7,338.7744,341.3689,,,"[""right"",""space""]","[2.0031000000014956,2.4829000000003703]","[null,null]",6,341.3718,343.078,space,1.6537,,57,Celebrities_Faces/057_rating.jpg,Serena Williams,2,Serena Williams,2,TRUE,TRUE,25,0,37,37,56,1,57,Celebrities_Faces/057_rating.jpg,Olivia Rodrigo,Charlize Theron,Serena Williams,Greta Thunberg,Serena Williams,,,,,,,,,,,,,,,,,,,,,,,,,,,,,,,,,,,,,,,,,,,,,,,,,,,,,,,,,,,,,,,,,,,
,,,,,6a31580ed0490d0974196c43,2026-06-16_15h14.42.938,WP1_3,2025.2.3,MacIntel,30.21148036,6a1d08d5adcf20d7d84305a6,6a030b8ba3607712b5d4bf26,,,,,,,,,,,,,,,,,,,,,,,,,,,,,,,,,,,,,,,,,343.0793,346.4821,,,,8,346.483,348.3683,,,"[""right"",""right"",""space""]","[1.3540000000000418,1.4706999999992831,1.822499999999991]","[null,null,null]",7,348.371,349.4888,space,1.0743,,39,Celebrities_Faces/039_rating.jpg,Scarlett Johansson,1,Scarlett Johansson,1,TRUE,TRUE,26,0,38,38,38,1,39,Celebrities_Faces/039_rating.jpg,Simone Biles,Scarlett Johansson,Gal Gadot,Hillary Clinton,Scarlett Johansson,,,,,,,,,,,,,,,,,,,,,,,,,,,,,,,,,,,,,,,,,,,,,,,,,,,,,,,,,,,,,,,,,,,
,,,,,6a31580ed0490d0974196c43,2026-06-16_15h14.42.938,WP1_3,2025.2.3,MacIntel,30.21148036,6a1d08d5adcf20d7d84305a6,6a030b8ba3607712b5d4bf26,,,,,,,,,,,,,,,,,,,,,,,,,,,,,,,,,,,,,,,,,349.49,352.4624,,,,0,352.4632,356.8858,,,"[""left"",""right"",""space""]","[2.7571999999992727,3.9401999999992654,4.3595000000000255]","[null,null,null]",5,356.8887,359.3262,space,2.3948,,6,Celebrities_Faces/006_rating.jpg,Arnold Schwarzeneger,0,Arnold Schwarzeneger,0,TRUE,FALSE,26,0,39,39,5,1,6,Celebrities_Faces/006_rating.jpg,Arnold Schwarzeneger,Dwayne Johnson,Tom Cruise,Ryan Reynolds,Arnold Schwarzeneger,,,,,,,,,,,,,,,,,,,,,,,,,,,,,,,,,,,,,,,,,,,,,,,,,,,,,,,,,,,,,,,,,,,
,,,,,6a31580ed0490d0974196c43,2026-06-16_15h14.42.938,WP1_3,2025.2.3,MacIntel,30.21148036,6a1d08d5adcf20d7d84305a6,6a030b8ba3607712b5d4bf26,,,,,,,,,,,,,,,,,,,,,,,,,,,,,,,,,,,,,,,,,359.3273,363.3512,,,,8,363.3521,365.712,,,"[""right"",""right"",""right"",""right"",""right"",""space""]","[1.0130000000000337,1.1738999999985253,1.3350000000000364,1.4621999999992568,1.6212999999988824,2.2527999999988992]","[null,null,null,null,null,null]",10,365.7148,367.1463,space,1.3793,,26,Celebrities_Faces/026_rating.jpg,George Clooney,2,George Clooney,2,TRUE,TRUE,27,0,40,40,25,1,26,Celebrities_Faces/026_rating.jpg,Robert De Niro,Ewan McGregor,George Clooney,Daniel Radcliffe,George Clooney,,,,,,,,,,,,,,,,,,,,,,,,,,,,,,,,,,,,,,,,,,,,,,,,,,,,,,,,,,,,,,,,,,,
,,,,,6a31580ed0490d0974196c43,2026-06-16_15h14.42.938,WP1_3,2025.2.3,MacIntel,30.21148036,6a1d08d5adcf20d7d84305a6,6a030b8ba3607712b5d4bf26,,,,,,,,,,,,,,,,,,,,,,,,,,,,,,,,,,,,,,,,,367.1475,369.4988,,,,8,369.4997,370.921,,,"[""right"",""right"",""space""]","[0.568399999998519,0.8240000000000123,1.273399999998503]","[null,null,null]",7,370.9238,372.3933,space,1.4139,,9,Celebrities_Faces/009_rating.jpg,Bradley Cooper,2,Bradley Cooper,2,TRUE,TRUE,28,0,41,41,8,1,9,Celebrities_Faces/009_rating.jpg,Chris Hemsworth,Tom Cruise,Bradley Cooper,Lebron James,Bradley Cooper,,,,,,,,,,,,,,,,,,,,,,,,,,,,,,,,,,,,,,,,,,,,,,,,,,,,,,,,,,,,,,,,,,,
,,,,,6a31580ed0490d0974196c43,2026-06-16_15h14.42.938,WP1_3,2025.2.3,MacIntel,30.21148036,6a1d08d5adcf20d7d84305a6,6a030b8ba3607712b5d4bf26,,,,,,,,,,,,,,,,,,,,,,,,,,,,,,,,,,,,,,,,,372.3945,378.3186,,,,2,378.3194,379.6792,,,"[""space""]",[1.2489000000003898],[null],5,379.682,382.4427,space,2.7121,,60,Celebrities_Faces/060_rating.jpg,Anya Taylor-Joy,1,Anya Taylor-Joy,1,TRUE,FALSE,28,0,42,42,59,1,60,Celebrities_Faces/060_rating.jpg,Emma Stone,Anya Taylor-Joy,Michelle Obama,Halle Berry,Anya Taylor-Joy,,,,,,,,,,,,,,,,,,,,,,,,,,,,,,,,,,,,,,,,,,,,,,,,,,,,,,,,,,,,,,,,,,,
,,,,,6a31580ed0490d0974196c43,2026-06-16_15h14.42.938,WP1_3,2025.2.3,MacIntel,30.21148036,6a1d08d5adcf20d7d84305a6,6a030b8ba3607712b5d4bf26,,,,,,,,,,,,,,,,,,,,,,,,,,,,,,,,,,,,,,,,,382.4438,385.104,,,,10,385.1049,386.928,,,"[""right"",""right"",""right"",""right"",""space""]","[0.5656999999992536,0.7509000000003425,0.9362999999988801,1.0637999999988779,1.7506999999992559]","[null,null,null,null,null]",9,386.9307,388.4566,space,1.4765,,27,Celebrities_Faces/027_rating.jpg,Keanu Reeves,0,Keanu Reeves,0,TRUE,TRUE,29,0,43,43,26,1,27,Celebrities_Faces/027_rating.jpg,Keanu Reeves,Dwayne Johnson,Bradley Cooper,Daniel Radcliffe,Keanu Reeves,,,,,,,,,,,,,,,,,,,,,,,,,,,,,,,,,,,,,,,,,,,,,,,,,,,,,,,,,,,,,,,,,,,
,,,,,6a31580ed0490d0974196c43,2026-06-16_15h14.42.938,WP1_3,2025.2.3,MacIntel,30.21148036,6a1d08d5adcf20d7d84305a6,6a030b8ba3607712b5d4bf26,,,,,,,,,,,,,,,,,,,,,,,,,,,,,,,,,,,,,,,,,388.4579,391.737,,,,8,391.7378,393.4338,,,"[""right"",""right"",""right"",""space""]","[0.47249999999996817,0.6924999999999955,0.8444999999999823,1.5518000000007532]","[null,null,null,null]",8,393.4366,395.4061,space,1.9186,,10,Celebrities_Faces/010_rating.jpg,Bruce Willis,0,Bruce Willis,0,TRUE,TRUE,30,0,44,44,9,1,10,Celebrities_Faces/010_rating.jpg,Bruce Willis,Arnold Schwarzeneger,George Clooney,Robert De Niro,Bruce Willis,,,,,,,,,,,,,,,,,,,,,,,,,,,,,,,,,,,,,,,,,,,,,,,,,,,,,,,,,,,,,,,,,,,
,,,,,6a31580ed0490d0974196c43,2026-06-16_15h14.42.938,WP1_3,2025.2.3,MacIntel,30.21148036,6a1d08d5adcf20d7d84305a6,6a030b8ba3607712b5d4bf26,,,,,,,,,,,,,,,,,,,,,,,,,,,,,,,,,,,,,,,,,395.4074,398.0797,,,,10,398.0805,399.7561,,,"[""right"",""right"",""right"",""space""]","[0.5808999999985076,0.8193999999984953,1.1753999999985467,1.6312999999988733]","[null,null,null,null]",8,399.7589,401.0866,space,1.2815,,56,Celebrities_Faces/056_rating.jpg,Reese Witherspoon,0,Reese Witherspoon,0,TRUE,TRUE,31,0,45,45,55,1,56,Celebrities_Faces/056_rating.jpg,Reese Witherspoon,Sandra Bullock,Nicole Kidman,Halle Berry,Reese Witherspoon,,,,,,,,,,,,,,,,,,,,,,,,,,,,,,,,,,,,,,,,,,,,,,,,,,,,,,,,,,,,,,,,,,,
,,,,,6a31580ed0490d0974196c43,2026-06-16_15h14.42.938,WP1_3,2025.2.3,MacIntel,30.21148036,6a1d08d5adcf20d7d84305a6,6a030b8ba3607712b5d4bf26,,,,,,,,,,,,,,,,,,,,,,,,,,,,,,,,,,,,,,,,,401.0878,421.5274,,,,10,421.5283,433.7626,,,"[""left"",""left"",""left"",""space""]","[10.772099999999625,11.00559999999956,11.227099999999552,12.120799999998837]","[null,null,null,null]",2,433.7649,445.538,space,11.7113,,2,Celebrities_Faces/002_rating.jpg,George W.Bush,3,George W.Bush,3,TRUE,TRUE,32,0,46,46,1,1,2,Celebrities_Faces/002_rating.jpg,Henri Canvill,Chris Evans,Tom Holland,George W.Bush,George W.Bush,,,,,,,,,,,,,,,,,,,,,,,,,,,,,,,,,,,,,,,,,,,,,,,,,,,,,,,,,,,,,,,,,,,
,,,,,6a31580ed0490d0974196c43,2026-06-16_15h14.42.938,WP1_3,2025.2.3,MacIntel,30.21148036,6a1d08d5adcf20d7d84305a6,6a030b8ba3607712b5d4bf26,,,,,,,,,,,,,,,,,,,,,,,,,,,,,,,,,,,,,,,,,445.5394,481.3476,,,,9,481.3485,482.6921,,,"[""right"",""space""]","[0.6836000000015474,1.1791000000015401]","[null,null]",6,482.6951,486.1393,space,3.3776,,45,Celebrities_Faces/045_rating.jpg,Cameron Diaz,3,Cameron Diaz,3,TRUE,TRUE,33,0,47,47,44,1,45,Celebrities_Faces/045_rating.jpg,Taylor Swift,Natalie Portman,Maria Sharapova,Cameron Diaz,Cameron Diaz,,,,,,,,,,,,,,,,,,,,,,,,,,,,,,,,,,,,,,,,,,,,,,,,,,,,,,,,,,,,,,,,,,,
,,,,,6a31580ed0490d0974196c43,2026-06-16_15h14.42.938,WP1_3,2025.2.3,MacIntel,30.21148036,6a1d08d5adcf20d7d84305a6,6a030b8ba3607712b5d4bf26,,,,,,,,,,,,,,,,,,,,,,,,,,,,,,,,,,,,,,,,,486.1406,493.2899,,,,9,493.2908,495.6104,,,"[""right"",""right"",""right"",""right"",""right"",""space""]","[0.5249999999999773,1.0514000000002852,1.2151999999991858,1.411299999998846,1.5744999999999436,2.2165999999995165]","[null,null,null,null,null,null]",10,495.6131,497.1902,space,1.5216,,59,Celebrities_Faces/059_rating.jpg,Michelle Obama,0,Michelle Obama,0,TRUE,TRUE,34,0,48,48,58,1,59,Celebrities_Faces/059_rating.jpg,Michelle Obama,Emma Watson,Millie Bobby Brown,Margot Robbie,Michelle Obama,,,,,,,,,,,,,,,,,,,,,,,,,,,,,,,,,,,,,,,,,,,,,,,,,,,,,,,,,,,,,,,,,,,
,,,,,6a31580ed0490d0974196c43,2026-06-16_15h14.42.938,WP1_3,2025.2.3,MacIntel,30.21148036,6a1d08d5adcf20d7d84305a6,6a030b8ba3607712b5d4bf26,,,,,,,,,,,,,,,,,,,,,,,,,,,,,,,,,,,,,,,,,497.1915,499.2411,,,,7,499.2419,500.6348,,,"[""right"",""right"",""space""]","[0.512199999999325,0.7667999999988524,1.281500000000051]","[null,null,null]",7,500.6375,503.6003,space,2.9155,,8,Celebrities_Faces/008_rating.jpg,Brad Pitt,3,Brad Pitt,3,TRUE,TRUE,35,0,49,49,7,1,8,Celebrities_Faces/008_rating.jpg,Cristiano Ronaldo,Daniel Craig,Lionel Messi,Brad Pitt,Brad Pitt,,,,,,,,,,,,,,,,,,,,,,,,,,,,,,,,,,,,,,,,,,,,,,,,,,,,,,,,,,,,,,,,,,,
,,,,,6a31580ed0490d0974196c43,2026-06-16_15h14.42.938,WP1_3,2025.2.3,MacIntel,30.21148036,6a1d08d5adcf20d7d84305a6,6a030b8ba3607712b5d4bf26,,,,,,,,,,,,,,,,,,,,,,,,,,,,,,,,,,,,,,,,,503.6017,506.6194,,,,6,506.6202,508.2407,,,"[""space""]",[1.4809000000003607],[null],5,508.2435,510.9282,space,2.6206,,35,Celebrities_Faces/035_rating.jpg,Lindsay Lohan,3,Lindsay Lohan,3,TRUE,FALSE,35,0,50,50,34,1,35,Celebrities_Faces/035_rating.jpg,Anya Taylor-Joy,Millie Bobby Brown,Keira Knightley,Lindsay Lohan,Lindsay Lohan,,,,,,,,,,,,,,,,,,,,,,,,,,,,,,,,,,,,,,,,,,,,,,,,,,,,,,,,,,,,,,,,,,,
,,,,,6a31580ed0490d0974196c43,2026-06-16_15h14.42.938,WP1_3,2025.2.3,MacIntel,30.21148036,6a1d08d5adcf20d7d84305a6,6a030b8ba3607712b5d4bf26,,,,,,,,,,,,,,,,,,,,,,,,,,,,,,,,,,,,,,,,,510.9294,513.6142,,,,10,513.615,515.2379,,,"[""right"",""right"",""right"",""right"",""space""]","[0.5241999999992686,0.7426999999992177,0.9266999999993004,1.1095000000000255,1.5620000000000118]","[null,null,null,null,null]",9,515.2406,517.1763,space,1.8871,,42,Celebrities_Faces/042_rating.jpg,Greta Thunberg,3,Greta Thunberg,3,TRUE,TRUE,36,0,51,51,41,1,42,Celebrities_Faces/042_rating.jpg,Simone Biles,Michelle Obama,Anne Hathaway,Greta Thunberg,Greta Thunberg,,,,,,,,,,,,,,,,,,,,,,,,,,,,,,,,,,,,,,,,,,,,,,,,,,,,,,,,,,,,,,,,,,,
,,,,,6a31580ed0490d0974196c43,2026-06-16_15h14.42.938,WP1_3,2025.2.3,MacIntel,30.21148036,6a1d08d5adcf20d7d84305a6,6a030b8ba3607712b5d4bf26,,,,,,,,,,,,,,,,,,,,,,,,,,,,,,,,,,,,,,,,,517.1768,519.5487,,,,6,519.5495,521.1424,,,"[""right"",""space""]","[0.84800000000007,1.5196999999992613]","[null,null]",6,521.1451,522.5079,space,1.3134,,21,Celebrities_Faces/021_rating.jpg,Henri Canvill,0,Henri Canvill,0,TRUE,FALSE,36,0,52,52,20,1,21,Celebrities_Faces/021_rating.jpg,Henri Canvill,George Clooney,Bradley Cooper,Tom Holland,Henri Canvill,,,,,,,,,,,,,,,,,,,,,,,,,,,,,,,,,,,,,,,,,,,,,,,,,,,,,,,,,,,,,,,,,,,
,,,,,6a31580ed0490d0974196c43,2026-06-16_15h14.42.938,WP1_3,2025.2.3,MacIntel,30.21148036,6a1d08d5adcf20d7d84305a6,6a030b8ba3607712b5d4bf26,,,,,,,,,,,,,,,,,,,,,,,,,,,,,,,,,,,,,,,,,522.509,525.0995,,,,9,525.1003,527.2109,,,"[""right"",""left"",""left"",""space""]","[0.40139999999848897,1.3652999999989106,1.4940000000000282,1.9436999999992395]","[null,null,null,null]",4,527.2137,529.444,space,2.1699,,24,Celebrities_Faces/024_rating.jpg,Ryan Reynolds,3,Ryan Reynolds,3,TRUE,TRUE,37,0,53,53,23,1,24,Celebrities_Faces/024_rating.jpg,Roger Federer,Denzel Washighton,Tom Holland,Ryan Reynolds,Ryan Reynolds,,,,,,,,,,,,,,,,,,,,,,,,,,,,,,,,,,,,,,,,,,,,,,,,,,,,,,,,,,,,,,,,,,,
,,,,,6a31580ed0490d0974196c43,2026-06-16_15h14.42.938,WP1_3,2025.2.3,MacIntel,30.21148036,6a1d08d5adcf20d7d84305a6,6a030b8ba3607712b5d4bf26,,,,,,,,,,,,,,,,,,,,,,,,,,,,,,,,,,,,,,,,,529.4452,532.1725,,,,2,532.1735,533.3023,,,"[""space""]",[1.0807000000011158],[null],5,533.305,536.0208,space,2.6757,,49,Celebrities_Faces/049_rating.jpg,Olivia Rodrigo,0,Olivia Rodrigo,0,TRUE,FALSE,37,0,54,54,48,1,49,Celebrities_Faces/049_rating.jpg,Olivia Rodrigo,Lindsay Lohan,Gal Gadot,Angelina Jolie,Olivia Rodrigo,,,,,,,,,,,,,,,,,,,,,,,,,,,,,,,,,,,,,,,,,,,,,,,,,,,,,,,,,,,,,,,,,,,
,,,,,6a31580ed0490d0974196c43,2026-06-16_15h14.42.938,WP1_3,2025.2.3,MacIntel,30.21148036,6a1d08d5adcf20d7d84305a6,6a030b8ba3607712b5d4bf26,,,,,,,,,,,,,,,,,,,,,,,,,,,,,,,,,,,,,,,,,536.022,540.303,,,,6,540.3038,541.7274,,,"[""space""]",[1.2331999999993286],[null],5,541.7301,543.8613,space,2.0536,,5,Celebrities_Faces/005_rating.jpg,Lionel Messi,0,Lionel Messi,0,TRUE,FALSE,37,0,55,55,4,1,5,Celebrities_Faces/005_rating.jpg,Lionel Messi,Matt Damon,Cristiano Ronaldo,Lebron James,Lionel Messi,,,,,,,,,,,,,,,,,,,,,,,,,,,,,,,,,,,,,,,,,,,,,,,,,,,,,,,,,,,,,,,,,,,
,,,,,6a31580ed0490d0974196c43,2026-06-16_15h14.42.938,WP1_3,2025.2.3,MacIntel,30.21148036,6a1d08d5adcf20d7d84305a6,6a030b8ba3607712b5d4bf26,,,,,,,,,,,,,,,,,,,,,,,,,,,,,,,,,,,,,,,,,543.8621,546.1876,,,,10,546.1885,547.5792,,,"[""space""]",[1.3089000000003352],[null],5,547.582,548.9474,space,1.3208,,34,Celebrities_Faces/034_rating.jpg,Angelina Jolie,2,Angelina Jolie,2,TRUE,TRUE,38,0,56,56,33,1,34,Celebrities_Faces/034_rating.jpg,Anya Taylor-Joy,Maria Sharapova,Angelina Jolie,Nicole Kidman,Angelina Jolie,,,,,,,,,,,,,,,,,,,,,,,,,,,,,,,,,,,,,,,,,,,,,,,,,,,,,,,,,,,,,,,,,,,
,,,,,6a31580ed0490d0974196c43,2026-06-16_15h14.42.938,WP1_3,2025.2.3,MacIntel,30.21148036,6a1d08d5adcf20d7d84305a6,6a030b8ba3607712b5d4bf26,,,,,,,,,,,,,,,,,,,,,,,,,,,,,,,,,,,,,,,,,548.9486,550.8797,,,,10,550.8806,552.8474,,,"[""right"",""space""]","[1.5389999999999873,1.9231999999992695]","[null,null]",6,552.8501,554.0081,space,1.1133,,20,Celebrities_Faces/020_rating.jpg,Matt Damon,1,Matt Damon,1,TRUE,TRUE,39,0,57,57,19,1,20,Celebrities_Faces/020_rating.jpg,Tom Cruise,Matt Damon,Chris Evans,Brad Pitt,Matt Damon,,,,,,,,,,,,,,,,,,,,,,,,,,,,,,,,,,,,,,,,,,,,,,,,,,,,,,,,,,,,,,,,,,,
,,,,,6a31580ed0490d0974196c43,2026-06-16_15h14.42.938,WP1_3,2025.2.3,MacIntel,30.21148036,6a1d08d5adcf20d7d84305a6,6a030b8ba3607712b5d4bf26,,,,,,,,,,,,,,,,,,,,,,,,,,,,,,,,,,,,,,,,,554.0093,559.3629,,,,10,559.3637,561.2794,,,"[""right"",""left"",""space""]","[0.6427999999988288,1.3857999999988806,1.8701999999992722]","[null,null,null]",5,561.2821,563.3703,space,2.0426,,52,Celebrities_Faces/052_rating.jpg,Emma Watson,3,Emma Watson,3,TRUE,TRUE,40,0,58,58,51,1,52,Celebrities_Faces/052_rating.jpg,Anne Hathaway,Natalie Portman,Hillary Clinton,Emma Watson,Emma Watson,,,,,,,,,,,,,,,,,,,,,,,,,,,,,,,,,,,,,,,,,,,,,,,,,,,,,,,,,,,,,,,,,,,
,,,,,6a31580ed0490d0974196c43,2026-06-16_15h14.42.938,WP1_3,2025.2.3,MacIntel,30.21148036,6a1d08d5adcf20d7d84305a6,6a030b8ba3607712b5d4bf26,,,,,,,,,,,,,,,,,,,,,,,,,,,,,,,,,,,,,,,,,563.3716,568.0194,,,,10,568.0204,569.2057,,,"[""right"",""space""]","[0.4594000000003007,1.0599000000003116]","[null,null]",6,569.2086,570.9184,space,1.6554,,50,Celebrities_Faces/050_rating.jpg,Millie Bobby Brown,2,Millie Bobby Brown,2,TRUE,TRUE,41,0,59,59,49,1,50,Celebrities_Faces/050_rating.jpg,Taylor Swift,Cameron Diaz,Millie Bobby Brown,Michelle Obama,Millie Bobby Brown,,,,,,,,,,,,,,,,,,,,,,,,,,,,,,,,,,,,,,,,,,,,,,,,,,,,,,,,,,,,,,,,,,,
,,,,,6a31580ed0490d0974196c43,2026-06-16_15h14.42.938,WP1_3,2025.2.3,MacIntel,30.21148036,6a1d08d5adcf20d7d84305a6,6a030b8ba3607712b5d4bf26,,,,,,,,,,,,,,,,,,,,,,,,,,,,,,,,,,,,,,,,,,,,,,,,,,,,,,,,,,,,,,,,,,,,,,,,,,,,,,,,,top_30_qualified_by_familiarity,30,"53,36,51,58,29,54,16,38,37,12,19,1,27,56,2,42,34,20,52,50,15,31,46,23,32,30,45,59,24,14",570.9206,590.9152,,,,,,,,,,,,,,,,,,,,,,,,,,,,,,,,,,,,,,,,,,,,,,,,,,,,,,,,,,,,,,
,,,,,6a31580ed0490d0974196c43,2026-06-16_15h14.42.938,WP1_3,2025.2.3,MacIntel,30.21148036,6a1d08d5adcf20d7d84305a6,6a030b8ba3607712b5d4bf26,,,,,,,,,,,,,,,,,,,,,,,,,,,,,,,,,,,,,,,,,,,,,,,,,,,,,,,,,,,,,,,,,,,,,,,,,,,,,,,,,,,,,,590.9179,590.9183,,,,,,,,,,,,,,,,,,,,,,,,,,,,,,,,,,,,,,,,,,,,,,,,,,,,,,,,,,,,
,,,,,6a31580ed0490d0974196c43,2026-06-16_15h14.42.938,WP1_3,2025.2.3,MacIntel,30.21148036,6a1d08d5adcf20d7d84305a6,6a030b8ba3607712b5d4bf26,,,,,,,,,,,,,,,,,,,,,,,,,,,,,,,,,,,,,,,,,,,,,,,,,,,,,,,,,,,,,,,,,,,,,,,,,,,,,,,,,,,,,,,,590.9185,635.0747,space,44.1137,,,,,,,,,,,,,,,,,,,,,,,,,,,,,,,,,,,,,,,,,,,,,,,,,,,,,,,,
,,,,,6a31580ed0490d0974196c43,2026-06-16_15h14.42.938,WP1_3,2025.2.3,MacIntel,30.21148036,6a1d08d5adcf20d7d84305a6,6a030b8ba3607712b5d4bf26,,,,,,,,,,,,,,,,,,,,,,,,,,,,,,,,,,,,,,,,,,,,,,,,,,,,,,,,,,,,,,,,,,,,,,,,,,,,,,,,,,,,,,,,,,,,,635.075,642.5622,space,7.4382,,,,,,,,,,,,,,,,,,,,,,,,,,,,,,,,,,,,,,,,,,,,,,,,,,,
,,,,,6a31580ed0490d0974196c43,2026-06-16_15h14.42.938,WP1_3,2025.2.3,MacIntel,30.21148036,6a1d08d5adcf20d7d84305a6,6a030b8ba3607712b5d4bf26,,,,,,,,,,,,,,,,,,,,,,,,,,,,,,,,,,,,,,,,,,,,,,,,,,,,,,,,,,,,59,,,,,,,,,,,,,,,,,,,,,,,,,,,,,,,,,,,,,,2.253555187,642.5656,644.8048,644.8064,646.9305,[],[],,TRUE,1,FALSE,,TRUE,,0,0,0,0,1,,,,,,,,,,,,,,,,,,,,,,,,,,,,,,,
,,,,,6a31580ed0490d0974196c43,2026-06-16_15h14.42.938,WP1_3,2025.2.3,MacIntel,30.21148036,6a1d08d5adcf20d7d84305a6,6a030b8ba3607712b5d4bf26,,,,,,,,,,,,,,,,,,,,,,,,,,,,,,,,,,,,,,,,,,,,,,,,,,,,,,,,,,,,45,,,,,,,,,,,,,,,,,,,,,,,,,,,,,,,,,,,,,,2.20732411,646.9312,649.1451,649.1459,649.8348,q,0.5778,,TRUE,2,FALSE,,FALSE,,1,0,1,0,1,,,,,,,,,,,,,,,,,,,,,,,,,,,,,,,
,,,,,6a31580ed0490d0974196c43,2026-06-16_15h14.42.938,WP1_3,2025.2.3,MacIntel,30.21148036,6a1d08d5adcf20d7d84305a6,6a030b8ba3607712b5d4bf26,,,,,,,,,,,,,,,,,,,,,,,,,,,,,,,,,,,,,,,,,,,,,,,,,,,,,,,,,,,,97,,,,,,,,,,,,,,,,,,,,,,,,,,,,,,,,,,,,,,2.468833155,649.8353,652.3129,652.3137,654.421,[],[],,TRUE,3,FALSE,,TRUE,,2,0,2,0,1,,,,,,,,,,,,,,,,,,,,,,,,,,,,,,,
,,,,,6a31580ed0490d0974196c43,2026-06-16_15h14.42.938,WP1_3,2025.2.3,MacIntel,30.21148036,6a1d08d5adcf20d7d84305a6,6a030b8ba3607712b5d4bf26,,,,,,,,,,,,,,,,,,,,,,,,,,,,,,,,,,,,,,,,,,,,,,,,,,,,,,,,,,,,18,,,,,,,,,,,,,,,,,,,,,,,,,,,,,,,,,,,,,,1.834094655,654.4214,656.2637,656.2645,657.1826,q,0.8114,,TRUE,4,FALSE,,FALSE,,3,0,3,0,1,,,,,,,,,,,,,,,,,,,,,,,,,,,,,,,
,,,,,6a31580ed0490d0974196c43,2026-06-16_15h14.42.938,WP1_3,2025.2.3,MacIntel,30.21148036,6a1d08d5adcf20d7d84305a6,6a030b8ba3607712b5d4bf26,,,,,,,,,,,,,,,,,,,,,,,,,,,,,,,,,,,,,,,,,,,,,,,,,,,,,,,,,,,,39,,,,,,,,,,,,,,,,,,,,,,,,,,,,,,,,,,,,,,1.614446603,657.183,658.783,658.7839,659.8264,p,0.9173,,TRUE,5,TRUE,,FALSE,,4,0,4,0,1,,,,,,,,,,,,,,,,,,,,,,,,,,,,,,,
,,,,,6a31580ed0490d0974196c43,2026-06-16_15h14.42.938,WP1_3,2025.2.3,MacIntel,30.21148036,6a1d08d5adcf20d7d84305a6,6a030b8ba3607712b5d4bf26,,,,,,,,,,,,,,,,,,,,,,,,,,,,,,,,,,,,,,,,,,,,,,,,,,,,,,,,,,,,,,,,,,,,,,,,,,,,,,,,,,,,,,,,,,,,,,,,,,,,,,,,,,,,,,,,,,,,,659.8268,685.5152,space,25.6398,,,,,,,,,,,,,,,,,,,,,,,,,,,
,,,,,6a31580ed0490d0974196c43,2026-06-16_15h14.42.938,WP1_3,2025.2.3,MacIntel,30.21148036,6a1d08d5adcf20d7d84305a6,6a030b8ba3607712b5d4bf26,,,,,,,,,,,,,,,,,,,,,,,,,,,,,,,,,,,,,,,,,,,,,,,,,,,,,,,,,,,,51,stim_fam/051_rgray_250.png,,,,,,,,,,,,,,,,,,,,,,,,,,,,,,,,,,,,,1.755906586,685.5184,687.2575,,,,,,,,FALSE,,FALSE,,,,,,,,,,,,687.2592,688.0084,q,0.6395,,1,40,1,1,250,novel,,,FALSE,688.0092,688.0107,688.0109,688.0124,,0,0,0,0,1,,
,,,,,6a31580ed0490d0974196c43,2026-06-16_15h14.42.938,WP1_3,2025.2.3,MacIntel,30.21148036,6a1d08d5adcf20d7d84305a6,6a030b8ba3607712b5d4bf26,,,,,,,,,,,,,,,,,,,,,,,,,,,,,,,,,,,,,,,,,,,,,,,,,,,,,,,,,,,,45,Celebrities_Faces/045_01_greyscale_250.png,,,,,,,,,,,,,,,,,,,,,,,,,,,,,,,,,,,,,1.607369576,688.0127,689.6282,,,,,,,,TRUE,,FALSE,,,,,,,,,,,,689.6291,690.3841,p,0.6468,,2,27,1,1,1,familiar,,,FALSE,690.3843,690.3845,690.3845,690.3845,,1,0,1,0,1,,
,,,,,6a31580ed0490d0974196c43,2026-06-16_15h14.42.938,WP1_3,2025.2.3,MacIntel,30.21148036,6a1d08d5adcf20d7d84305a6,6a030b8ba3607712b5d4bf26,,,,,,,,,,,,,,,,,,,,,,,,,,,,,,,,,,,,,,,,,,,,,,,,,,,,,,,,,,,,57,stim_fam/057_rgray_250.png,,,,,,,,,,,,,,,,,,,,,,,,,,,,,,,,,,,,,1.791857608,690.3849,692.1671,,,,,,,,FALSE,,FALSE,,,,,,,,,,,,692.168,693.0147,p,0.7424,,3,34,1,1,250,novel,,,FALSE,693.0149,693.0151,693.0151,693.0152,,2,0,2,0,1,,
,,,,,6a31580ed0490d0974196c43,2026-06-16_15h14.42.938,WP1_3,2025.2.3,MacIntel,30.21148036,6a1d08d5adcf20d7d84305a6,6a030b8ba3607712b5d4bf26,,,,,,,,,,,,,,,,,,,,,,,,,,,,,,,,,,,,,,,,,,,,,,,,,,,,,,,,,,,,64,stim_fam/064_rgray_250.png,,,,,,,,,,,,,,,,,,,,,,,,,,,,,,,,,,,,,2.165051816,693.0156,695.1918,,,,,,,,FALSE,,FALSE,,,,,,,,,,,,695.1926,696.1214,p,0.8239,,4,54,1,1,250,novel,,,FALSE,696.1216,696.1216,696.1217,696.1218,,3,0,3,0,1,,
,,,,,6a31580ed0490d0974196c43,2026-06-16_15h14.42.938,WP1_3,2025.2.3,MacIntel,30.21148036,6a1d08d5adcf20d7d84305a6,6a030b8ba3607712b5d4bf26,,,,,,,,,,,,,,,,,,,,,,,,,,,,,,,,,,,,,,,,,,,,,,,,,,,,,,,,,,,,25,stim_fam/025_rgray_250.png,,,,,,,,,,,,,,,,,,,,,,,,,,,,,,,,,,,,,2.075526768,696.1222,698.1803,,,,,,,,FALSE,,FALSE,,,,,,,,,,,,698.181,699.1582,q,0.8675,,5,44,1,1,250,novel,,,FALSE,699.1584,699.1585,699.1585,699.1586,,4,0,4,0,1,,
,,,,,6a31580ed0490d0974196c43,2026-06-16_15h14.42.938,WP1_3,2025.2.3,MacIntel,30.21148036,6a1d08d5adcf20d7d84305a6,6a030b8ba3607712b5d4bf26,,,,,,,,,,,,,,,,,,,,,,,,,,,,,,,,,,,,,,,,,,,,,,,,,,,,,,,,,,,,90,stim_fam/090_rgray_250.png,,,,,,,,,,,,,,,,,,,,,,,,,,,,,,,,,,,,,2.283643477,699.159,701.4291,,,,,,,,FALSE,,FALSE,,,,,,,,,,,,701.4299,702.1837,p,0.6468,,6,39,1,1,250,novel,,,FALSE,702.1838,702.1839,702.184,702.184,,5,0,5,0,1,,
,,,,,6a31580ed0490d0974196c43,2026-06-16_15h14.42.938,WP1_3,2025.2.3,MacIntel,30.21148036,6a1d08d5adcf20d7d84305a6,6a030b8ba3607712b5d4bf26,,,,,,,,,,,,,,,,,,,,,,,,,,,,,,,,,,,,,,,,,,,,,,,,,,,,,,,,,,,,58,Celebrities_Faces/058_03_greyscale_250.png,,,,,,,,,,,,,,,,,,,,,,,,,,,,,,,,,,,,,1.781791219,702.1843,703.9707,,,,,,,,TRUE,,FALSE,,,,,,,,,,,,703.9716,704.8048,q,0.7108,,7,4,1,1,3,familiar,,,FALSE,704.8049,704.805,704.8051,704.8052,,6,0,6,0,1,,
,,,,,6a31580ed0490d0974196c43,2026-06-16_15h14.42.938,WP1_3,2025.2.3,MacIntel,30.21148036,6a1d08d5adcf20d7d84305a6,6a030b8ba3607712b5d4bf26,,,,,,,,,,,,,,,,,,,,,,,,,,,,,,,,,,,,,,,,,,,,,,,,,,,,,,,,,,,,52,Celebrities_Faces/052_02_greyscale_250.png,,,,,,,,,,,,,,,,,,,,,,,,,,,,,,,,,,,,,2.209204818,704.8055,707.0042,,,,,,,,TRUE,,TRUE,,,,,,,,,,,,707.005,708.1342,,,,8,19,1,1,2,familiar,,,FALSE,708.1348,709.1312,709.1313,709.1315,,7,0,7,0,1,,
,,,,,6a31580ed0490d0974196c43,2026-06-16_15h14.42.938,WP1_3,2025.2.3,MacIntel,30.21148036,6a1d08d5adcf20d7d84305a6,6a030b8ba3607712b5d4bf26,,,,,,,,,,,,,,,,,,,,,,,,,,,,,,,,,,,,,,,,,,,,,,,,,,,,,,,,,,,,29,stim_fam/029_rgray_250.png,,,,,,,,,,,,,,,,,,,,,,,,,,,,,,,,,,,,,2.276400594,709.1319,711.4158,,,,,,,,FALSE,,FALSE,,,,,,,,,,,,711.4165,712.2836,q,0.7612,,9,36,1,1,250,novel,,,FALSE,712.2837,712.2839,712.2839,712.284,,8,0,8,0,1,,
,,,,,6a31580ed0490d0974196c43,2026-06-16_15h14.42.938,WP1_3,2025.2.3,MacIntel,30.21148036,6a1d08d5adcf20d7d84305a6,6a030b8ba3607712b5d4bf26,,,,,,,,,,,,,,,,,,,,,,,,,,,,,,,,,,,,,,,,,,,,,,,,,,,,,,,,,,,,16,Celebrities_Faces/016_01_greyscale_250.png,,,,,,,,,,,,,,,,,,,,,,,,,,,,,,,,,,,,,1.7747046,712.2843,714.0594,,,,,,,,TRUE,,FALSE,,,,,,,,,,,,714.0602,714.7949,p,0.6299,,10,7,1,1,1,familiar,,,FALSE,714.7951,714.7951,714.7952,714.7953,,9,0,9,0,1,,
,,,,,6a31580ed0490d0974196c43,2026-06-16_15h14.42.938,WP1_3,2025.2.3,MacIntel,30.21148036,6a1d08d5adcf20d7d84305a6,6a030b8ba3607712b5d4bf26,,,,,,,,,,,,,,,,,,,,,,,,,,,,,,,,,,,,,,,,,,,,,,,,,,,,,,,,,,,,34,Celebrities_Faces/034_01_greyscale_250.png,,,,,,,,,,,,,,,,,,,,,,,,,,,,,,,,,,,,,1.676639519,714.7957,716.4469,,,,,,,,TRUE,,FALSE,,,,,,,,,,,,716.4477,717.374,q,0.8212,,11,17,1,1,1,familiar,,,FALSE,717.3742,717.3743,717.3744,717.3744,,10,0,10,0,1,,
,,,,,6a31580ed0490d0974196c43,2026-06-16_15h14.42.938,WP1_3,2025.2.3,MacIntel,30.21148036,6a1d08d5adcf20d7d84305a6,6a030b8ba3607712b5d4bf26,,,,,,,,,,,,,,,,,,,,,,,,,,,,,,,,,,,,,,,,,,,,,,,,,,,,,,,,,,,,36,Celebrities_Faces/036_01_greyscale_250.png,,,,,,,,,,,,,,,,,,,,,,,,,,,,,,,,,,,,,1.822289494,717.3748,719.2062,,,,,,,,TRUE,,TRUE,,,,,,,,,,,,719.2072,720.3376,,,,12,2,1,1,1,familiar,,,FALSE,720.3377,721.3165,721.3165,721.3168,,11,0,11,0,1,,
,,,,,6a31580ed0490d0974196c43,2026-06-16_15h14.42.938,WP1_3,2025.2.3,MacIntel,30.21148036,6a1d08d5adcf20d7d84305a6,6a030b8ba3607712b5d4bf26,,,,,,,,,,,,,,,,,,,,,,,,,,,,,,,,,,,,,,,,,,,,,,,,,,,,,,,,,,,,30,Celebrities_Faces/030_02_greyscale_250.png,,,,,,,,,,,,,,,,,,,,,,,,,,,,,,,,,,,,,2.392376853,721.3171,723.6994,,,,,,,,TRUE,,FALSE,,,,,,,,,,,,723.7002,724.6806,q,0.871,,13,26,1,1,2,familiar,,,FALSE,724.6809,724.6809,724.6809,724.6811,,12,0,12,0,1,,
,,,,,6a31580ed0490d0974196c43,2026-06-16_15h14.42.938,WP1_3,2025.2.3,MacIntel,30.21148036,6a1d08d5adcf20d7d84305a6,6a030b8ba3607712b5d4bf26,,,,,,,,,,,,,,,,,,,,,,,,,,,,,,,,,,,,,,,,,,,,,,,,,,,,,,,,,,,,89,stim_fam/089_rgray_250.png,,,,,,,,,,,,,,,,,,,,,,,,,,,,,,,,,,,,,1.788178682,724.6815,726.4536,,,,,,,,FALSE,,FALSE,,,,,,,,,,,,726.4543,727.2779,p,0.7169,,14,49,1,1,250,novel,,,FALSE,727.2781,727.2781,727.2781,727.2782,,13,0,13,0,1,,
,,,,,6a31580ed0490d0974196c43,2026-06-16_15h14.42.938,WP1_3,2025.2.3,MacIntel,30.21148036,6a1d08d5adcf20d7d84305a6,6a030b8ba3607712b5d4bf26,,,,,,,,,,,,,,,,,,,,,,,,,,,,,,,,,,,,,,,,,,,,,,,,,,,,,,,,,,,,23,Celebrities_Faces/023_03_greyscale_250.png,,,,,,,,,,,,,,,,,,,,,,,,,,,,,,,,,,,,,2.239555367,727.2786,729.5032,,,,,,,,TRUE,,FALSE,,,,,,,,,,,,729.504,730.4934,q,0.8815,,15,24,1,1,3,familiar,,,FALSE,730.4936,730.4936,730.4936,730.4937,,14,0,14,0,1,,
,,,,,6a31580ed0490d0974196c43,2026-06-16_15h14.42.938,WP1_3,2025.2.3,MacIntel,30.21148036,6a1d08d5adcf20d7d84305a6,6a030b8ba3607712b5d4bf26,,,,,,,,,,,,,,,,,,,,,,,,,,,,,,,,,,,,,,,,,,,,,,,,,,,,,,,,,,,,69,stim_fam/069_rgray_250.png,,,,,,,,,,,,,,,,,,,,,,,,,,,,,,,,,,,,,2.024710351,730.4942,732.4938,,,,,,,,FALSE,,FALSE,,,,,,,,,,,,732.4946,733.3444,p,0.7451,,16,37,1,1,250,novel,,,FALSE,733.3446,733.3447,733.3447,733.3448,,15,0,15,0,1,,
,,,,,6a31580ed0490d0974196c43,2026-06-16_15h14.42.938,WP1_3,2025.2.3,MacIntel,30.21148036,6a1d08d5adcf20d7d84305a6,6a030b8ba3607712b5d4bf26,,,,,,,,,,,,,,,,,,,,,,,,,,,,,,,,,,,,,,,,,,,,,,,,,,,,,,,,,,,,37,Celebrities_Faces/037_03_greyscale_250.png,,,,,,,,,,,,,,,,,,,,,,,,,,,,,,,,,,,,,1.678814541,733.3451,735.0325,,,,,,,,TRUE,,FALSE,,,,,,,,,,,,735.0333,735.9609,q,0.8208,,17,9,1,1,3,familiar,,,FALSE,735.961,735.9611,735.9611,735.9612,,16,0,16,0,1,,
,,,,,6a31580ed0490d0974196c43,2026-06-16_15h14.42.938,WP1_3,2025.2.3,MacIntel,30.21148036,6a1d08d5adcf20d7d84305a6,6a030b8ba3607712b5d4bf26,,,,,,,,,,,,,,,,,,,,,,,,,,,,,,,,,,,,,,,,,,,,,,,,,,,,,,,,,,,,37,stim_fam/037_rgray_250.png,,,,,,,,,,,,,,,,,,,,,,,,,,,,,,,,,,,,,2.215176596,735.9615,738.1755,,,,,,,,FALSE,,FALSE,,,,,,,,,,,,738.1762,738.9425,q,0.6553,,18,41,1,1,250,novel,,,FALSE,738.9427,738.9428,738.9428,738.9429,,17,0,17,0,1,,
,,,,,6a31580ed0490d0974196c43,2026-06-16_15h14.42.938,WP1_3,2025.2.3,MacIntel,30.21148036,6a1d08d5adcf20d7d84305a6,6a030b8ba3607712b5d4bf26,,,,,,,,,,,,,,,,,,,,,,,,,,,,,,,,,,,,,,,,,,,,,,,,,,,,,,,,,,,,62,stim_fam/062_rgray_250.png,,,,,,,,,,,,,,,,,,,,,,,,,,,,,,,,,,,,,1.567300862,738.9432,740.5066,,,,,,,,FALSE,,FALSE,,,,,,,,,,,,740.5073,741.4963,p,0.8855,,19,55,1,1,250,novel,,,FALSE,741.4965,741.4966,741.4967,741.4967,,18,0,18,0,1,,
,,,,,6a31580ed0490d0974196c43,2026-06-16_15h14.42.938,WP1_3,2025.2.3,MacIntel,30.21148036,6a1d08d5adcf20d7d84305a6,6a030b8ba3607712b5d4bf26,,,,,,,,,,,,,,,,,,,,,,,,,,,,,,,,,,,,,,,,,,,,,,,,,,,,,,,,,,,,14,Celebrities_Faces/014_02_greyscale_250.png,,,,,,,,,,,,,,,,,,,,,,,,,,,,,,,,,,,,,2.201349865,741.497,743.6996,,,,,,,,TRUE,,FALSE,,,,,,,,,,,,743.7004,744.4439,p,0.637,,20,30,1,1,2,familiar,,,FALSE,744.4441,744.4442,744.4443,744.4443,,19,0,19,0,1,,
,,,,,6a31580ed0490d0974196c43,2026-06-16_15h14.42.938,WP1_3,2025.2.3,MacIntel,30.21148036,6a1d08d5adcf20d7d84305a6,6a030b8ba3607712b5d4bf26,,,,,,,,,,,,,,,,,,,,,,,,,,,,,,,,,,,,,,,,,,,,,,,,,,,,,,,,,,,,51,Celebrities_Faces/051_03_greyscale_250.png,,,,,,,,,,,,,,,,,,,,,,,,,,,,,,,,,,,,,1.587692464,744.4447,746.0119,,,,,,,,TRUE,,FALSE,,,,,,,,,,,,746.0127,746.6974,q,0.5779,,21,3,1,1,3,familiar,,,FALSE,746.6975,746.6976,746.6977,746.6977,,20,0,20,0,1,,
,,,,,6a31580ed0490d0974196c43,2026-06-16_15h14.42.938,WP1_3,2025.2.3,MacIntel,30.21148036,6a1d08d5adcf20d7d84305a6,6a030b8ba3607712b5d4bf26,,,,,,,,,,,,,,,,,,,,,,,,,,,,,,,,,,,,,,,,,,,,,,,,,,,,,,,,,,,,101,stim_fam/101_rgray_250.png,,,,,,,,,,,,,,,,,,,,,,,,,,,,,,,,,,,,,2.191091786,746.698,748.8747,,,,,,,,FALSE,,FALSE,,,,,,,,,,,,748.8755,749.7824,p,0.8001,,22,53,1,1,250,novel,,,FALSE,749.7827,749.7827,749.7828,749.7829,,21,0,21,0,1,,
,,,,,6a31580ed0490d0974196c43,2026-06-16_15h14.42.938,WP1_3,2025.2.3,MacIntel,30.21148036,6a1d08d5adcf20d7d84305a6,6a030b8ba3607712b5d4bf26,,,,,,,,,,,,,,,,,,,,,,,,,,,,,,,,,,,,,,,,,,,,,,,,,,,,,,,,,,,,20,Celebrities_Faces/020_01_greyscale_250.png,,,,,,,,,,,,,,,,,,,,,,,,,,,,,,,,,,,,,2.366185603,749.7832,752.1376,,,,,,,,TRUE,,FALSE,,,,,,,,,,,,752.1384,753.0212,q,0.7769,,23,18,1,1,1,familiar,,,FALSE,753.0213,753.0214,753.0215,753.0216,,22,0,22,0,1,,
,,,,,6a31580ed0490d0974196c43,2026-06-16_15h14.42.938,WP1_3,2025.2.3,MacIntel,30.21148036,6a1d08d5adcf20d7d84305a6,6a030b8ba3607712b5d4bf26,,,,,,,,,,,,,,,,,,,,,,,,,,,,,,,,,,,,,,,,,,,,,,,,,,,,,,,,,,,,40,stim_fam/040_rgray_250.png,,,,,,,,,,,,,,,,,,,,,,,,,,,,,,,,,,,,,2.188860162,753.0219,755.2034,,,,,,,,FALSE,,TRUE,,,,,,,,,,,,755.2042,756.3215,p,1.0121,,24,48,1,1,250,novel,,,FALSE,756.3217,757.3081,757.3082,757.3082,,23,0,23,0,1,,
,,,,,6a31580ed0490d0974196c43,2026-06-16_15h14.42.938,WP1_3,2025.2.3,MacIntel,30.21148036,6a1d08d5adcf20d7d84305a6,6a030b8ba3607712b5d4bf26,,,,,,,,,,,,,,,,,,,,,,,,,,,,,,,,,,,,,,,,,,,,,,,,,,,,,,,,,,,,47,stim_fam/047_rgray_250.png,,,,,,,,,,,,,,,,,,,,,,,,,,,,,,,,,,,,,1.957012546,757.3086,759.2505,,,,,,,,FALSE,,FALSE,,,,,,,,,,,,759.2515,760.1024,q,0.7426,,25,59,1,1,250,novel,,,FALSE,760.1027,760.1027,760.1027,760.1027,,24,0,24,0,1,,
,,,,,6a31580ed0490d0974196c43,2026-06-16_15h14.42.938,WP1_3,2025.2.3,MacIntel,30.21148036,6a1d08d5adcf20d7d84305a6,6a030b8ba3607712b5d4bf26,,,,,,,,,,,,,,,,,,,,,,,,,,,,,,,,,,,,,,,,,,,,,,,,,,,,,,,,,,,,15,stim_fam/015_rgray_250.png,,,,,,,,,,,,,,,,,,,,,,,,,,,,,,,,,,,,,2.199871834,760.1032,762.3056,,,,,,,,FALSE,,FALSE,,,,,,,,,,,,762.3063,763.1991,p,0.7863,,26,45,1,1,250,novel,,,FALSE,763.1993,763.1993,763.1994,763.1994,,25,0,25,0,1,,
,,,,,6a31580ed0490d0974196c43,2026-06-16_15h14.42.938,WP1_3,2025.2.3,MacIntel,30.21148036,6a1d08d5adcf20d7d84305a6,6a030b8ba3607712b5d4bf26,,,,,,,,,,,,,,,,,,,,,,,,,,,,,,,,,,,,,,,,,,,,,,,,,,,,,,,,,,,,15,Celebrities_Faces/015_02_greyscale_250.png,,,,,,,,,,,,,,,,,,,,,,,,,,,,,,,,,,,,,2.227366983,763.1998,765.3955,,,,,,,,TRUE,,FALSE,,,,,,,,,,,,765.3964,766.1777,p,0.6725,,27,21,1,1,2,familiar,,,FALSE,766.1779,766.1779,766.1779,766.178,,26,0,26,0,1,,
,,,,,6a31580ed0490d0974196c43,2026-06-16_15h14.42.938,WP1_3,2025.2.3,MacIntel,30.21148036,6a1d08d5adcf20d7d84305a6,6a030b8ba3607712b5d4bf26,,,,,,,,,,,,,,,,,,,,,,,,,,,,,,,,,,,,,,,,,,,,,,,,,,,,,,,,,,,,12,Celebrities_Faces/012_01_greyscale_250.png,,,,,,,,,,,,,,,,,,,,,,,,,,,,,,,,,,,,,1.582772268,766.1784,767.7558,,,,,,,,TRUE,,FALSE,,,,,,,,,,,,767.7566,768.7141,p,0.8477,,28,10,1,1,1,familiar,,,FALSE,768.7143,768.7143,768.7144,768.7145,,27,0,27,0,1,,
,,,,,6a31580ed0490d0974196c43,2026-06-16_15h14.42.938,WP1_3,2025.2.3,MacIntel,30.21148036,6a1d08d5adcf20d7d84305a6,6a030b8ba3607712b5d4bf26,,,,,,,,,,,,,,,,,,,,,,,,,,,,,,,,,,,,,,,,,,,,,,,,,,,,,,,,,,,,31,Celebrities_Faces/031_03_greyscale_250.png,,,,,,,,,,,,,,,,,,,,,,,,,,,,,,,,,,,,,1.646851366,768.7148,770.3577,,,,,,,,TRUE,,FALSE,,,,,,,,,,,,770.3585,771.0877,p,0.6228,,29,22,1,1,3,familiar,,,FALSE,771.0879,771.0879,771.0879,771.088,,28,0,28,0,1,,
,,,,,6a31580ed0490d0974196c43,2026-06-16_15h14.42.938,WP1_3,2025.2.3,MacIntel,30.21148036,6a1d08d5adcf20d7d84305a6,6a030b8ba3607712b5d4bf26,,,,,,,,,,,,,,,,,,,,,,,,,,,,,,,,,,,,,,,,,,,,,,,,,,,,,,,,,,,,13,stim_fam/013_rgray_250.png,,,,,,,,,,,,,,,,,,,,,,,,,,,,,,,,,,,,,1.748448021,771.0882,772.8352,,,,,,,,FALSE,,FALSE,,,,,,,,,,,,772.836,773.5911,p,0.6488,,30,38,1,1,250,novel,,,FALSE,773.5912,773.5914,773.5914,773.5915,,29,0,29,0,1,,
,,,,,6a31580ed0490d0974196c43,2026-06-16_15h14.42.938,WP1_3,2025.2.3,MacIntel,30.21148036,6a1d08d5adcf20d7d84305a6,6a030b8ba3607712b5d4bf26,,,,,,,,,,,,,,,,,,,,,,,,,,,,,,,,,,,,,,,,,,,,,,,,,,,,,,,,,,,,59,Celebrities_Faces/059_01_greyscale_250.png,,,,,,,,,,,,,,,,,,,,,,,,,,,,,,,,,,,,,2.082271523,773.5919,775.6909,,,,,,,,TRUE,,FALSE,,,,,,,,,,,,775.6917,776.5063,p,0.7067,,31,28,1,1,1,familiar,,,FALSE,776.5064,776.5064,776.5065,776.5065,,30,0,30,0,1,,
,,,,,6a31580ed0490d0974196c43,2026-06-16_15h14.42.938,WP1_3,2025.2.3,MacIntel,30.21148036,6a1d08d5adcf20d7d84305a6,6a030b8ba3607712b5d4bf26,,,,,,,,,,,,,,,,,,,,,,,,,,,,,,,,,,,,,,,,,,,,,,,,,,,,,,,,,,,,56,Celebrities_Faces/056_03_greyscale_250.png,,,,,,,,,,,,,,,,,,,,,,,,,,,,,,,,,,,,,2.171508194,776.5069,778.6607,,,,,,,,TRUE,,FALSE,,,,,,,,,,,,778.6615,779.7194,q,0.9507,,32,14,1,1,3,familiar,,,FALSE,779.7195,779.7197,779.7197,779.7197,,31,0,31,0,1,,
,,,,,6a31580ed0490d0974196c43,2026-06-16_15h14.42.938,WP1_3,2025.2.3,MacIntel,30.21148036,6a1d08d5adcf20d7d84305a6,6a030b8ba3607712b5d4bf26,,,,,,,,,,,,,,,,,,,,,,,,,,,,,,,,,,,,,,,,,,,,,,,,,,,,,,,,,,,,32,stim_fam/032_rgray_250.png,,,,,,,,,,,,,,,,,,,,,,,,,,,,,,,,,,,,,2.004480094,779.72,781.7239,,,,,,,,FALSE,,FALSE,,,,,,,,,,,,781.7247,782.5867,p,0.7533,,33,58,1,1,250,novel,,,FALSE,782.5869,782.5869,782.587,782.587,,32,0,32,0,1,,
,,,,,6a31580ed0490d0974196c43,2026-06-16_15h14.42.938,WP1_3,2025.2.3,MacIntel,30.21148036,6a1d08d5adcf20d7d84305a6,6a030b8ba3607712b5d4bf26,,,,,,,,,,,,,,,,,,,,,,,,,,,,,,,,,,,,,,,,,,,,,,,,,,,,,,,,,,,,46,Celebrities_Faces/046_02_greyscale_250.png,,,,,,,,,,,,,,,,,,,,,,,,,,,,,,,,,,,,,1.627233412,782.5873,784.1788,,,,,,,,TRUE,,FALSE,,,,,,,,,,,,784.1792,785.0044,q,0.7272,,34,23,1,1,2,familiar,,,FALSE,785.0046,785.0047,785.0047,785.0047,,33,0,33,0,1,,
,,,,,6a31580ed0490d0974196c43,2026-06-16_15h14.42.938,WP1_3,2025.2.3,MacIntel,30.21148036,6a1d08d5adcf20d7d84305a6,6a030b8ba3607712b5d4bf26,,,,,,,,,,,,,,,,,,,,,,,,,,,,,,,,,,,,,,,,,,,,,,,,,,,,,,,,,,,,41,stim_fam/041_rgray_250.png,,,,,,,,,,,,,,,,,,,,,,,,,,,,,,,,,,,,,2.330390696,785.005,787.3297,,,,,,,,FALSE,,FALSE,,,,,,,,,,,,787.3305,788.1746,p,0.7353,,35,32,1,1,250,novel,,,FALSE,788.1749,788.1749,788.175,788.175,,34,0,34,0,1,,
,,,,,6a31580ed0490d0974196c43,2026-06-16_15h14.42.938,WP1_3,2025.2.3,MacIntel,30.21148036,6a1d08d5adcf20d7d84305a6,6a030b8ba3607712b5d4bf26,,,,,,,,,,,,,,,,,,,,,,,,,,,,,,,,,,,,,,,,,,,,,,,,,,,,,,,,,,,,54,Celebrities_Faces/054_01_greyscale_250.png,,,,,,,,,,,,,,,,,,,,,,,,,,,,,,,,,,,,,2.35427644,788.1753,790.5474,,,,,,,,TRUE,,FALSE,,,,,,,,,,,,790.5483,791.4793,p,0.8233,,36,6,1,1,1,familiar,,,FALSE,791.4795,791.4795,791.4795,791.4796,,35,0,35,0,1,,
,,,,,6a31580ed0490d0974196c43,2026-06-16_15h14.42.938,WP1_3,2025.2.3,MacIntel,30.21148036,6a1d08d5adcf20d7d84305a6,6a030b8ba3607712b5d4bf26,,,,,,,,,,,,,,,,,,,,,,,,,,,,,,,,,,,,,,,,,,,,,,,,,,,,,,,,,,,,1,Celebrities_Faces/001_01_greyscale_250.png,,,,,,,,,,,,,,,,,,,,,,,,,,,,,,,,,,,,,2.199750631,791.48,793.6742,,,,,,,,TRUE,,FALSE,,,,,,,,,,,,793.6751,794.5187,q,0.7348,,37,12,1,1,1,familiar,,,FALSE,794.519,794.519,794.519,794.5192,,36,0,36,0,1,,
,,,,,6a31580ed0490d0974196c43,2026-06-16_15h14.42.938,WP1_3,2025.2.3,MacIntel,30.21148036,6a1d08d5adcf20d7d84305a6,6a030b8ba3607712b5d4bf26,,,,,,,,,,,,,,,,,,,,,,,,,,,,,,,,,,,,,,,,,,,,,,,,,,,,,,,,,,,,50,Celebrities_Faces/050_03_greyscale_250.png,,,,,,,,,,,,,,,,,,,,,,,,,,,,,,,,,,,,,1.978216181,794.5195,796.5004,,,,,,,,TRUE,,FALSE,,,,,,,,,,,,796.5013,797.2707,p,0.6629,,38,20,1,1,3,familiar,,,FALSE,797.2709,797.271,797.2711,797.2711,,37,0,37,0,1,,
,,,,,6a31580ed0490d0974196c43,2026-06-16_15h14.42.938,WP1_3,2025.2.3,MacIntel,30.21148036,6a1d08d5adcf20d7d84305a6,6a030b8ba3607712b5d4bf26,,,,,,,,,,,,,,,,,,,,,,,,,,,,,,,,,,,,,,,,,,,,,,,,,,,,,,,,,,,,5,stim_fam/005_rgray_250.png,,,,,,,,,,,,,,,,,,,,,,,,,,,,,,,,,,,,,1.75349838,797.2715,799.0095,,,,,,,,FALSE,,FALSE,,,,,,,,,,,,799.0103,800.0168,p,0.9011,,39,51,1,1,250,novel,,,FALSE,800.0171,800.0172,800.0172,800.0172,,38,0,38,0,1,,
,,,,,6a31580ed0490d0974196c43,2026-06-16_15h14.42.938,WP1_3,2025.2.3,MacIntel,30.21148036,6a1d08d5adcf20d7d84305a6,6a030b8ba3607712b5d4bf26,,,,,,,,,,,,,,,,,,,,,,,,,,,,,,,,,,,,,,,,,,,,,,,,,,,,,,,,,,,,2,stim_fam/002_rgray_250.png,,,,,,,,,,,,,,,,,,,,,,,,,,,,,,,,,,,,,2.32584392,800.0177,802.3513,,,,,,,,FALSE,,FALSE,,,,,,,,,,,,802.352,803.0705,p,0.6131,,40,35,1,1,250,novel,,,FALSE,803.0707,803.0708,803.0709,803.0709,,39,0,39,0,1,,
,,,,,6a31580ed0490d0974196c43,2026-06-16_15h14.42.938,WP1_3,2025.2.3,MacIntel,30.21148036,6a1d08d5adcf20d7d84305a6,6a030b8ba3607712b5d4bf26,,,,,,,,,,,,,,,,,,,,,,,,,,,,,,,,,,,,,,,,,,,,,,,,,,,,,,,,,,,,98,stim_fam/098_rgray_250.png,,,,,,,,,,,,,,,,,,,,,,,,,,,,,,,,,,,,,2.26840512,803.0712,805.3261,,,,,,,,FALSE,,FALSE,,,,,,,,,,,,805.3269,806.0833,p,0.6499,,41,57,1,1,250,novel,,,FALSE,806.0835,806.0836,806.0836,806.0837,,40,0,40,0,1,,
,,,,,6a31580ed0490d0974196c43,2026-06-16_15h14.42.938,WP1_3,2025.2.3,MacIntel,30.21148036,6a1d08d5adcf20d7d84305a6,6a030b8ba3607712b5d4bf26,,,,,,,,,,,,,,,,,,,,,,,,,,,,,,,,,,,,,,,,,,,,,,,,,,,,,,,,,,,,75,stim_fam/075_rgray_250.png,,,,,,,,,,,,,,,,,,,,,,,,,,,,,,,,,,,,,1.640519166,806.0841,807.7294,,,,,,,,FALSE,,FALSE,,,,,,,,,,,,807.7302,808.485,p,0.6492,,42,60,1,1,250,novel,,,FALSE,808.4852,808.4852,808.4853,808.4854,,41,0,41,0,1,,
,,,,,6a31580ed0490d0974196c43,2026-06-16_15h14.42.938,WP1_3,2025.2.3,MacIntel,30.21148036,6a1d08d5adcf20d7d84305a6,6a030b8ba3607712b5d4bf26,,,,,,,,,,,,,,,,,,,,,,,,,,,,,,,,,,,,,,,,,,,,,,,,,,,,,,,,,,,,32,Celebrities_Faces/032_02_greyscale_250.png,,,,,,,,,,,,,,,,,,,,,,,,,,,,,,,,,,,,,2.324703122,808.4858,810.8057,,,,,,,,TRUE,,FALSE,,,,,,,,,,,,810.8065,811.5088,p,0.5871,,43,25,1,1,2,familiar,,,FALSE,811.5089,811.5091,811.5091,811.5091,,42,0,42,0,1,,
,,,,,6a31580ed0490d0974196c43,2026-06-16_15h14.42.938,WP1_3,2025.2.3,MacIntel,30.21148036,6a1d08d5adcf20d7d84305a6,6a030b8ba3607712b5d4bf26,,,,,,,,,,,,,,,,,,,,,,,,,,,,,,,,,,,,,,,,,,,,,,,,,,,,,,,,,,,,73,stim_fam/073_rgray_250.png,,,,,,,,,,,,,,,,,,,,,,,,,,,,,,,,,,,,,1.721305344,811.5095,813.2263,,,,,,,,FALSE,,FALSE,,,,,,,,,,,,813.2271,814.0866,p,0.751,,44,43,1,1,250,novel,,,FALSE,814.0869,814.0869,814.0869,814.0869,,43,0,43,0,1,,
,,,,,6a31580ed0490d0974196c43,2026-06-16_15h14.42.938,WP1_3,2025.2.3,MacIntel,30.21148036,6a1d08d5adcf20d7d84305a6,6a030b8ba3607712b5d4bf26,,,,,,,,,,,,,,,,,,,,,,,,,,,,,,,,,,,,,,,,,,,,,,,,,,,,,,,,,,,,82,stim_fam/082_rgray_250.png,,,,,,,,,,,,,,,,,,,,,,,,,,,,,,,,,,,,,2.149255193,814.0873,816.2259,,,,,,,,FALSE,,FALSE,,,,,,,,,,,,816.2267,816.9551,p,0.621,,45,56,1,1,250,novel,,,FALSE,816.9553,816.9553,816.9553,816.9554,,44,0,44,0,1,,
,,,,,6a31580ed0490d0974196c43,2026-06-16_15h14.42.938,WP1_3,2025.2.3,MacIntel,30.21148036,6a1d08d5adcf20d7d84305a6,6a030b8ba3607712b5d4bf26,,,,,,,,,,,,,,,,,,,,,,,,,,,,,,,,,,,,,,,,,,,,,,,,,,,,,,,,,,,,53,Celebrities_Faces/053_02_greyscale_250.png,,,,,,,,,,,,,,,,,,,,,,,,,,,,,,,,,,,,,1.600331131,816.9557,818.5539,,,,,,,,TRUE,,FALSE,,,,,,,,,,,,818.5547,819.5273,q,0.8663,,46,1,1,1,2,familiar,,,FALSE,819.5274,819.5275,819.5275,819.5276,,45,0,45,0,1,,
,,,,,6a31580ed0490d0974196c43,2026-06-16_15h14.42.938,WP1_3,2025.2.3,MacIntel,30.21148036,6a1d08d5adcf20d7d84305a6,6a030b8ba3607712b5d4bf26,,,,,,,,,,,,,,,,,,,,,,,,,,,,,,,,,,,,,,,,,,,,,,,,,,,,,,,,,,,,38,Celebrities_Faces/038_02_greyscale_250.png,,,,,,,,,,,,,,,,,,,,,,,,,,,,,,,,,,,,,1.888415559,819.528,821.3929,,,,,,,,TRUE,,FALSE,,,,,,,,,,,,821.3937,822.2948,p,0.7894,,47,8,1,1,2,familiar,,,FALSE,822.2949,822.295,822.295,822.2951,,46,0,46,0,1,,
,,,,,6a31580ed0490d0974196c43,2026-06-16_15h14.42.938,WP1_3,2025.2.3,MacIntel,30.21148036,6a1d08d5adcf20d7d84305a6,6a030b8ba3607712b5d4bf26,,,,,,,,,,,,,,,,,,,,,,,,,,,,,,,,,,,,,,,,,,,,,,,,,,,,,,,,,,,,95,stim_fam/095_rgray_250.png,,,,,,,,,,,,,,,,,,,,,,,,,,,,,,,,,,,,,1.542816334,822.2955,823.826,,,,,,,,FALSE,,FALSE,,,,,,,,,,,,823.8267,824.9142,q,0.9794,,48,46,1,1,250,novel,,,FALSE,824.9144,824.9144,824.9145,824.9146,,47,0,47,0,1,,
,,,,,6a31580ed0490d0974196c43,2026-06-16_15h14.42.938,WP1_3,2025.2.3,MacIntel,30.21148036,6a1d08d5adcf20d7d84305a6,6a030b8ba3607712b5d4bf26,,,,,,,,,,,,,,,,,,,,,,,,,,,,,,,,,,,,,,,,,,,,,,,,,,,,,,,,,,,,29,Celebrities_Faces/029_01_greyscale_250.png,,,,,,,,,,,,,,,,,,,,,,,,,,,,,,,,,,,,,1.621182855,824.9149,826.5269,,,,,,,,TRUE,,FALSE,,,,,,,,,,,,826.5276,827.2732,p,0.6391,,49,5,1,1,1,familiar,,,FALSE,827.2734,827.2735,827.2735,827.2736,,48,0,48,0,1,,
,,,,,6a31580ed0490d0974196c43,2026-06-16_15h14.42.938,WP1_3,2025.2.3,MacIntel,30.21148036,6a1d08d5adcf20d7d84305a6,6a030b8ba3607712b5d4bf26,,,,,,,,,,,,,,,,,,,,,,,,,,,,,,,,,,,,,,,,,,,,,,,,,,,,,,,,,,,,19,Celebrities_Faces/019_02_greyscale_250.png,,,,,,,,,,,,,,,,,,,,,,,,,,,,,,,,,,,,,1.778248468,827.2739,829.0561,,,,,,,,TRUE,,FALSE,,,,,,,,,,,,829.0569,830.0247,p,0.8614,,50,11,1,1,2,familiar,,,FALSE,830.0248,830.0249,830.0249,830.025,,49,0,49,0,1,,
,,,,,6a31580ed0490d0974196c43,2026-06-16_15h14.42.938,WP1_3,2025.2.3,MacIntel,30.21148036,6a1d08d5adcf20d7d84305a6,6a030b8ba3607712b5d4bf26,,,,,,,,,,,,,,,,,,,,,,,,,,,,,,,,,,,,,,,,,,,,,,,,,,,,,,,,,,,,39,stim_fam/039_rgray_250.png,,,,,,,,,,,,,,,,,,,,,,,,,,,,,,,,,,,,,2.001996022,830.0253,832.0204,,,,,,,,FALSE,,FALSE,,,,,,,,,,,,832.0212,832.8199,p,0.6914,,51,47,1,1,250,novel,,,FALSE,832.82,832.8201,832.8201,832.8202,,50,0,50,0,1,,
,,,,,6a31580ed0490d0974196c43,2026-06-16_15h14.42.938,WP1_3,2025.2.3,MacIntel,30.21148036,6a1d08d5adcf20d7d84305a6,6a030b8ba3607712b5d4bf26,,,,,,,,,,,,,,,,,,,,,,,,,,,,,,,,,,,,,,,,,,,,,,,,,,,,,,,,,,,,2,Celebrities_Faces/002_02_greyscale_250.png,,,,,,,,,,,,,,,,,,,,,,,,,,,,,,,,,,,,,2.121691626,832.8206,834.9379,,,,,,,,TRUE,,FALSE,,,,,,,,,,,,834.9387,835.6069,p,0.556,,52,15,1,1,2,familiar,,,FALSE,835.6071,835.6072,835.6072,835.6073,,51,0,51,0,1,,
,,,,,6a31580ed0490d0974196c43,2026-06-16_15h14.42.938,WP1_3,2025.2.3,MacIntel,30.21148036,6a1d08d5adcf20d7d84305a6,6a030b8ba3607712b5d4bf26,,,,,,,,,,,,,,,,,,,,,,,,,,,,,,,,,,,,,,,,,,,,,,,,,,,,,,,,,,,,86,stim_fam/086_rgray_250.png,,,,,,,,,,,,,,,,,,,,,,,,,,,,,,,,,,,,,2.462165941,835.6076,838.0524,,,,,,,,FALSE,,FALSE,,,,,,,,,,,,838.0532,838.8084,p,0.6468,,53,52,1,1,250,novel,,,FALSE,838.8086,838.8086,838.8087,838.8087,,52,0,52,0,1,,
,,,,,6a31580ed0490d0974196c43,2026-06-16_15h14.42.938,WP1_3,2025.2.3,MacIntel,30.21148036,6a1d08d5adcf20d7d84305a6,6a030b8ba3607712b5d4bf26,,,,,,,,,,,,,,,,,,,,,,,,,,,,,,,,,,,,,,,,,,,,,,,,,,,,,,,,,,,,24,Celebrities_Faces/024_03_greyscale_250.png,,,,,,,,,,,,,,,,,,,,,,,,,,,,,,,,,,,,,2.156594605,838.8091,840.9757,,,,,,,,TRUE,,FALSE,,,,,,,,,,,,840.9765,841.7854,p,0.7038,,54,29,1,1,3,familiar,,,FALSE,841.7856,841.7856,841.7857,841.7857,,53,0,53,0,1,,
,,,,,6a31580ed0490d0974196c43,2026-06-16_15h14.42.938,WP1_3,2025.2.3,MacIntel,30.21148036,6a1d08d5adcf20d7d84305a6,6a030b8ba3607712b5d4bf26,,,,,,,,,,,,,,,,,,,,,,,,,,,,,,,,,,,,,,,,,,,,,,,,,,,,,,,,,,,,74,stim_fam/074_rgray_250.png,,,,,,,,,,,,,,,,,,,,,,,,,,,,,,,,,,,,,1.546964564,841.7861,843.334,,,,,,,,FALSE,,FALSE,,,,,,,,,,,,843.3348,844.1353,p,0.693,,55,31,1,1,250,novel,,,FALSE,844.1355,844.1355,844.1355,844.1356,,54,0,54,0,1,,
,,,,,6a31580ed0490d0974196c43,2026-06-16_15h14.42.938,WP1_3,2025.2.3,MacIntel,30.21148036,6a1d08d5adcf20d7d84305a6,6a030b8ba3607712b5d4bf26,,,,,,,,,,,,,,,,,,,,,,,,,,,,,,,,,,,,,,,,,,,,,,,,,,,,,,,,,,,,4,stim_fam/004_rgray_250.png,,,,,,,,,,,,,,,,,,,,,,,,,,,,,,,,,,,,,2.04791655,844.1359,846.1594,,,,,,,,FALSE,,FALSE,,,,,,,,,,,,846.1603,846.9863,p,0.7199,,56,42,1,1,250,novel,,,FALSE,846.9865,846.9866,846.9867,846.9867,,55,0,55,0,1,,
,,,,,6a31580ed0490d0974196c43,2026-06-16_15h14.42.938,WP1_3,2025.2.3,MacIntel,30.21148036,6a1d08d5adcf20d7d84305a6,6a030b8ba3607712b5d4bf26,,,,,,,,,,,,,,,,,,,,,,,,,,,,,,,,,,,,,,,,,,,,,,,,,,,,,,,,,,,,27,Celebrities_Faces/027_02_greyscale_250.png,,,,,,,,,,,,,,,,,,,,,,,,,,,,,,,,,,,,,1.890779006,846.9871,848.8624,,,,,,,,TRUE,,FALSE,,,,,,,,,,,,848.8632,849.7384,q,0.766,,57,13,1,1,2,familiar,,,FALSE,849.7386,849.7387,849.7387,849.7388,,56,0,56,0,1,,
,,,,,6a31580ed0490d0974196c43,2026-06-16_15h14.42.938,WP1_3,2025.2.3,MacIntel,30.21148036,6a1d08d5adcf20d7d84305a6,6a030b8ba3607712b5d4bf26,,,,,,,,,,,,,,,,,,,,,,,,,,,,,,,,,,,,,,,,,,,,,,,,,,,,,,,,,,,,42,Celebrities_Faces/042_02_greyscale_250.png,,,,,,,,,,,,,,,,,,,,,,,,,,,,,,,,,,,,,2.137445127,849.7392,851.8843,,,,,,,,TRUE,,FALSE,,,,,,,,,,,,851.8851,852.6646,p,0.672,,58,16,1,1,2,familiar,,,FALSE,852.6647,852.6648,852.6648,852.6649,,57,0,57,0,1,,
,,,,,6a31580ed0490d0974196c43,2026-06-16_15h14.42.938,WP1_3,2025.2.3,MacIntel,30.21148036,6a1d08d5adcf20d7d84305a6,6a030b8ba3607712b5d4bf26,,,,,,,,,,,,,,,,,,,,,,,,,,,,,,,,,,,,,,,,,,,,,,,,,,,,,,,,,,,,3,stim_fam/003_rgray_250.png,,,,,,,,,,,,,,,,,,,,,,,,,,,,,,,,,,,,,2.088494577,852.6652,854.7342,,,,,,,,FALSE,,FALSE,,,,,,,,,,,,854.7349,855.5236,p,0.682,,59,33,1,1,250,novel,,,FALSE,855.5238,855.5238,855.5239,855.5239,,58,0,58,0,1,,
,,,,,6a31580ed0490d0974196c43,2026-06-16_15h14.42.938,WP1_3,2025.2.3,MacIntel,30.21148036,6a1d08d5adcf20d7d84305a6,6a030b8ba3607712b5d4bf26,,,,,,,,,,,,,,,,,,,,,,,,,,,,,,,,,,,,,,,,,,,,,,,,,,,,,,,,,,,,42,stim_fam/042_rgray_250.png,,,,,,,,,,,,,,,,,,,,,,,,,,,,,,,,,,,,,1.63588823,855.5242,857.1571,,,,,,,,FALSE,,FALSE,,,,,,,,,,,,857.1578,857.9563,p,0.6919,,60,50,1,1,250,novel,,,FALSE,857.9566,857.9566,857.9566,881.4151,space,59,0,59,0,1,23.4127,
,,,,,6a31580ed0490d0974196c43,2026-06-16_15h14.42.938,WP1_3,2025.2.3,MacIntel,30.21148036,6a1d08d5adcf20d7d84305a6,6a030b8ba3607712b5d4bf26,,,,,,,,,,,,,,,,,,,,,,,,,,,,,,,,,,,,,,,,,,,,,,,,,,,,,,,,,,,,28,stim_fam/028_rgray_250.png,,,,,,,,,,,,,,,,,,,,,,,,,,,,,,,,,,,,,2.321151662,881.4155,883.7254,,,,,,,,FALSE,,FALSE,,,,,,,,,,,,883.7263,884.4931,p,0.657,,61,105,2,1,250,novel,,,FALSE,884.4934,884.4935,884.4935,884.4936,,60,0,60,0,1,,
,,,,,6a31580ed0490d0974196c43,2026-06-16_15h14.42.938,WP1_3,2025.2.3,MacIntel,30.21148036,6a1d08d5adcf20d7d84305a6,6a030b8ba3607712b5d4bf26,,,,,,,,,,,,,,,,,,,,,,,,,,,,,,,,,,,,,,,,,,,,,,,,,,,,,,,,,,,,23,stim_fam/023_rgray_250.png,,,,,,,,,,,,,,,,,,,,,,,,,,,,,,,,,,,,,1.672794683,884.4939,886.1515,,,,,,,,FALSE,,FALSE,,,,,,,,,,,,886.1524,886.9884,p,0.7265,,62,99,2,1,250,novel,,,FALSE,886.9885,886.9886,886.9886,886.9887,,61,0,61,0,1,,
,,,,,6a31580ed0490d0974196c43,2026-06-16_15h14.42.938,WP1_3,2025.2.3,MacIntel,30.21148036,6a1d08d5adcf20d7d84305a6,6a030b8ba3607712b5d4bf26,,,,,,,,,,,,,,,,,,,,,,,,,,,,,,,,,,,,,,,,,,,,,,,,,,,,,,,,,,,,58,stim_fam/058_rgray_250.png,,,,,,,,,,,,,,,,,,,,,,,,,,,,,,,,,,,,,1.76724824,886.989,888.7608,,,,,,,,FALSE,,FALSE,,,,,,,,,,,,888.7616,889.6642,p,0.7959,,63,97,2,1,250,novel,,,FALSE,889.6644,889.6645,889.6645,889.6646,,62,0,62,0,1,,
,,,,,6a31580ed0490d0974196c43,2026-06-16_15h14.42.938,WP1_3,2025.2.3,MacIntel,30.21148036,6a1d08d5adcf20d7d84305a6,6a030b8ba3607712b5d4bf26,,,,,,,,,,,,,,,,,,,,,,,,,,,,,,,,,,,,,,,,,,,,,,,,,,,,,,,,,,,,27,Celebrities_Faces/027_03_greyscale_250.png,,,,,,,,,,,,,,,,,,,,,,,,,,,,,,,,,,,,,2.380944555,889.6649,892.0331,,,,,,,,TRUE,,FALSE,,,,,,,,,,,,892.0338,892.7652,q,0.6228,,64,73,2,1,3,familiar,,,FALSE,892.7654,892.7654,892.7655,892.7655,,63,0,63,0,1,,
,,,,,6a31580ed0490d0974196c43,2026-06-16_15h14.42.938,WP1_3,2025.2.3,MacIntel,30.21148036,6a1d08d5adcf20d7d84305a6,6a030b8ba3607712b5d4bf26,,,,,,,,,,,,,,,,,,,,,,,,,,,,,,,,,,,,,,,,,,,,,,,,,,,,,,,,,,,,51,Celebrities_Faces/051_02_greyscale_250.png,,,,,,,,,,,,,,,,,,,,,,,,,,,,,,,,,,,,,2.310625007,892.7659,895.056,,,,,,,,TRUE,,FALSE,,,,,,,,,,,,895.0569,896.0541,p,0.8834,,65,63,2,1,2,familiar,,,FALSE,896.0543,896.0543,896.0545,896.0545,,64,0,64,0,1,,
,,,,,6a31580ed0490d0974196c43,2026-06-16_15h14.42.938,WP1_3,2025.2.3,MacIntel,30.21148036,6a1d08d5adcf20d7d84305a6,6a030b8ba3607712b5d4bf26,,,,,,,,,,,,,,,,,,,,,,,,,,,,,,,,,,,,,,,,,,,,,,,,,,,,,,,,,,,,33,stim_fam/033_rgray_250.png,,,,,,,,,,,,,,,,,,,,,,,,,,,,,,,,,,,,,2.433383912,896.0549,898.4684,,,,,,,,FALSE,,FALSE,,,,,,,,,,,,898.4692,899.3174,p,0.7415,,66,100,2,1,250,novel,,,FALSE,899.3176,899.3177,899.3177,899.3177,,65,0,65,0,1,,
,,,,,6a31580ed0490d0974196c43,2026-06-16_15h14.42.938,WP1_3,2025.2.3,MacIntel,30.21148036,6a1d08d5adcf20d7d84305a6,6a030b8ba3607712b5d4bf26,,,,,,,,,,,,,,,,,,,,,,,,,,,,,,,,,,,,,,,,,,,,,,,,,,,,,,,,,,,,37,Celebrities_Faces/037_01_greyscale_250.png,,,,,,,,,,,,,,,,,,,,,,,,,,,,,,,,,,,,,1.585778738,899.3181,900.8984,,,,,,,,TRUE,,FALSE,,,,,,,,,,,,900.8991,901.8888,p,0.8841,,67,69,2,1,1,familiar,,,FALSE,901.889,901.8891,901.8891,901.8892,,66,0,66,0,1,,
,,,,,6a31580ed0490d0974196c43,2026-06-16_15h14.42.938,WP1_3,2025.2.3,MacIntel,30.21148036,6a1d08d5adcf20d7d84305a6,6a030b8ba3607712b5d4bf26,,,,,,,,,,,,,,,,,,,,,,,,,,,,,,,,,,,,,,,,,,,,,,,,,,,,,,,,,,,,53,Celebrities_Faces/053_01_greyscale_250.png,,,,,,,,,,,,,,,,,,,,,,,,,,,,,,,,,,,,,2.375789178,901.8895,904.2416,,,,,,,,TRUE,,FALSE,,,,,,,,,,,,904.2426,905.1709,q,0.8208,,68,61,2,1,1,familiar,,,FALSE,905.1711,905.1712,905.1712,905.1713,,67,0,67,0,1,,
,,,,,6a31580ed0490d0974196c43,2026-06-16_15h14.42.938,WP1_3,2025.2.3,MacIntel,30.21148036,6a1d08d5adcf20d7d84305a6,6a030b8ba3607712b5d4bf26,,,,,,,,,,,,,,,,,,,,,,,,,,,,,,,,,,,,,,,,,,,,,,,,,,,,,,,,,,,,38,stim_fam/038_rgray_250.png,,,,,,,,,,,,,,,,,,,,,,,,,,,,,,,,,,,,,1.808674303,905.1716,906.9721,,,,,,,,FALSE,,FALSE,,,,,,,,,,,,906.9729,907.7988,p,0.717,,69,110,2,1,250,novel,,,FALSE,907.799,907.7991,907.7991,907.7992,,68,0,68,0,1,,
,,,,,6a31580ed0490d0974196c43,2026-06-16_15h14.42.938,WP1_3,2025.2.3,MacIntel,30.21148036,6a1d08d5adcf20d7d84305a6,6a030b8ba3607712b5d4bf26,,,,,,,,,,,,,,,,,,,,,,,,,,,,,,,,,,,,,,,,,,,,,,,,,,,,,,,,,,,,96,stim_fam/096_rgray_250.png,,,,,,,,,,,,,,,,,,,,,,,,,,,,,,,,,,,,,1.524460633,907.7995,909.3046,,,,,,,,FALSE,,FALSE,,,,,,,,,,,,909.3053,910.0691,p,0.6473,,70,91,2,1,250,novel,,,FALSE,910.0693,910.0694,910.0694,910.0695,,69,0,69,0,1,,
,,,,,6a31580ed0490d0974196c43,2026-06-16_15h14.42.938,WP1_3,2025.2.3,MacIntel,30.21148036,6a1d08d5adcf20d7d84305a6,6a030b8ba3607712b5d4bf26,,,,,,,,,,,,,,,,,,,,,,,,,,,,,,,,,,,,,,,,,,,,,,,,,,,,,,,,,,,,16,stim_fam/016_rgray_250.png,,,,,,,,,,,,,,,,,,,,,,,,,,,,,,,,,,,,,1.82810725,910.0699,911.9046,,,,,,,,FALSE,,FALSE,,,,,,,,,,,,911.9054,912.5539,p,0.5431,,71,111,2,1,250,novel,,,FALSE,912.5541,912.5541,912.5542,912.5543,,70,0,70,0,1,,
,,,,,6a31580ed0490d0974196c43,2026-06-16_15h14.42.938,WP1_3,2025.2.3,MacIntel,30.21148036,6a1d08d5adcf20d7d84305a6,6a030b8ba3607712b5d4bf26,,,,,,,,,,,,,,,,,,,,,,,,,,,,,,,,,,,,,,,,,,,,,,,,,,,,,,,,,,,,92,stim_fam/092_rgray_250.png,,,,,,,,,,,,,,,,,,,,,,,,,,,,,,,,,,,,,2.27775366,912.5546,914.8123,,,,,,,,FALSE,,FALSE,,,,,,,,,,,,914.813,915.541,p,0.6134,,72,95,2,1,250,novel,,,FALSE,915.5412,915.5413,915.5413,915.5413,,71,0,71,0,1,,
,,,,,6a31580ed0490d0974196c43,2026-06-16_15h14.42.938,WP1_3,2025.2.3,MacIntel,30.21148036,6a1d08d5adcf20d7d84305a6,6a030b8ba3607712b5d4bf26,,,,,,,,,,,,,,,,,,,,,,,,,,,,,,,,,,,,,,,,,,,,,,,,,,,,,,,,,,,,31,stim_fam/031_rgray_250.png,,,,,,,,,,,,,,,,,,,,,,,,,,,,,,,,,,,,,2.032449378,915.5417,917.5819,,,,,,,,FALSE,,FALSE,,,,,,,,,,,,917.5826,918.2757,p,0.5871,,73,120,2,1,250,novel,,,FALSE,918.2758,918.2759,918.2759,918.276,,72,0,72,0,1,,
,,,,,6a31580ed0490d0974196c43,2026-06-16_15h14.42.938,WP1_3,2025.2.3,MacIntel,30.21148036,6a1d08d5adcf20d7d84305a6,6a030b8ba3607712b5d4bf26,,,,,,,,,,,,,,,,,,,,,,,,,,,,,,,,,,,,,,,,,,,,,,,,,,,,,,,,,,,,72,stim_fam/072_rgray_250.png,,,,,,,,,,,,,,,,,,,,,,,,,,,,,,,,,,,,,2.316202238,918.2762,920.5686,,,,,,,,FALSE,,FALSE,,,,,,,,,,,,920.5694,921.2544,p,0.5771,,74,102,2,1,250,novel,,,FALSE,921.2546,921.2547,921.2547,921.2547,,73,0,73,0,1,,
,,,,,6a31580ed0490d0974196c43,2026-06-16_15h14.42.938,WP1_3,2025.2.3,MacIntel,30.21148036,6a1d08d5adcf20d7d84305a6,6a030b8ba3607712b5d4bf26,,,,,,,,,,,,,,,,,,,,,,,,,,,,,,,,,,,,,,,,,,,,,,,,,,,,,,,,,,,,32,Celebrities_Faces/032_03_greyscale_250.png,,,,,,,,,,,,,,,,,,,,,,,,,,,,,,,,,,,,,1.594825894,921.2552,922.8549,,,,,,,,TRUE,,FALSE,,,,,,,,,,,,922.8557,923.5576,p,0.5874,,75,85,2,1,3,familiar,,,FALSE,923.5578,923.5578,923.5578,923.5579,,74,0,74,0,1,,
,,,,,6a31580ed0490d0974196c43,2026-06-16_15h14.42.938,WP1_3,2025.2.3,MacIntel,30.21148036,6a1d08d5adcf20d7d84305a6,6a030b8ba3607712b5d4bf26,,,,,,,,,,,,,,,,,,,,,,,,,,,,,,,,,,,,,,,,,,,,,,,,,,,,,,,,,,,,45,Celebrities_Faces/045_03_greyscale_250.png,,,,,,,,,,,,,,,,,,,,,,,,,,,,,,,,,,,,,1.890239438,923.5583,925.4443,,,,,,,,TRUE,,FALSE,,,,,,,,,,,,925.4451,926.3845,q,0.8319,,76,87,2,1,3,familiar,,,FALSE,926.3846,926.3848,926.3848,926.3848,,75,0,75,0,1,,
,,,,,6a31580ed0490d0974196c43,2026-06-16_15h14.42.938,WP1_3,2025.2.3,MacIntel,30.21148036,6a1d08d5adcf20d7d84305a6,6a030b8ba3607712b5d4bf26,,,,,,,,,,,,,,,,,,,,,,,,,,,,,,,,,,,,,,,,,,,,,,,,,,,,,,,,,,,,34,Celebrities_Faces/034_02_greyscale_250.png,,,,,,,,,,,,,,,,,,,,,,,,,,,,,,,,,,,,,2.095874654,926.3852,928.4851,,,,,,,,TRUE,,FALSE,,,,,,,,,,,,928.4859,929.2415,p,0.648,,77,77,2,1,2,familiar,,,FALSE,929.2418,929.2418,929.2419,929.242,,76,0,76,0,1,,
,,,,,6a31580ed0490d0974196c43,2026-06-16_15h14.42.938,WP1_3,2025.2.3,MacIntel,30.21148036,6a1d08d5adcf20d7d84305a6,6a030b8ba3607712b5d4bf26,,,,,,,,,,,,,,,,,,,,,,,,,,,,,,,,,,,,,,,,,,,,,,,,,,,,,,,,,,,,1,Celebrities_Faces/001_03_greyscale_250.png,,,,,,,,,,,,,,,,,,,,,,,,,,,,,,,,,,,,,1.579824082,929.2424,930.8177,,,,,,,,TRUE,,FALSE,,,,,,,,,,,,930.8185,931.6,q,0.6727,,78,72,2,1,3,familiar,,,FALSE,931.6002,931.6003,931.6003,931.6003,,77,0,77,0,1,,
,,,,,6a31580ed0490d0974196c43,2026-06-16_15h14.42.938,WP1_3,2025.2.3,MacIntel,30.21148036,6a1d08d5adcf20d7d84305a6,6a030b8ba3607712b5d4bf26,,,,,,,,,,,,,,,,,,,,,,,,,,,,,,,,,,,,,,,,,,,,,,,,,,,,,,,,,,,,11,stim_fam/011_rgray_250.png,,,,,,,,,,,,,,,,,,,,,,,,,,,,,,,,,,,,,1.806519122,931.6007,933.3973,,,,,,,,FALSE,,FALSE,,,,,,,,,,,,933.398,934.2535,p,0.7499,,79,96,2,1,250,novel,,,FALSE,934.2536,934.2537,934.2538,934.2538,,78,0,78,0,1,,
,,,,,6a31580ed0490d0974196c43,2026-06-16_15h14.42.938,WP1_3,2025.2.3,MacIntel,30.21148036,6a1d08d5adcf20d7d84305a6,6a030b8ba3607712b5d4bf26,,,,,,,,,,,,,,,,,,,,,,,,,,,,,,,,,,,,,,,,,,,,,,,,,,,,,,,,,,,,38,Celebrities_Faces/038_03_greyscale_250.png,,,,,,,,,,,,,,,,,,,,,,,,,,,,,,,,,,,,,2.102907509,934.2542,936.351,,,,,,,,TRUE,,FALSE,,,,,,,,,,,,936.3518,937.0769,p,0.6184,,80,68,2,1,3,familiar,,,FALSE,937.0771,937.0771,937.0772,937.0772,,79,0,79,0,1,,
,,,,,6a31580ed0490d0974196c43,2026-06-16_15h14.42.938,WP1_3,2025.2.3,MacIntel,30.21148036,6a1d08d5adcf20d7d84305a6,6a030b8ba3607712b5d4bf26,,,,,,,,,,,,,,,,,,,,,,,,,,,,,,,,,,,,,,,,,,,,,,,,,,,,,,,,,,,,19,Celebrities_Faces/019_01_greyscale_250.png,,,,,,,,,,,,,,,,,,,,,,,,,,,,,,,,,,,,,1.887451019,937.0776,938.9625,,,,,,,,TRUE,,FALSE,,,,,,,,,,,,938.9633,939.9562,q,0.8854,,81,71,2,1,1,familiar,,,FALSE,939.9564,939.9565,939.9565,939.9565,,80,0,80,0,1,,
,,,,,6a31580ed0490d0974196c43,2026-06-16_15h14.42.938,WP1_3,2025.2.3,MacIntel,30.21148036,6a1d08d5adcf20d7d84305a6,6a030b8ba3607712b5d4bf26,,,,,,,,,,,,,,,,,,,,,,,,,,,,,,,,,,,,,,,,,,,,,,,,,,,,,,,,,,,,12,Celebrities_Faces/012_02_greyscale_250.png,,,,,,,,,,,,,,,,,,,,,,,,,,,,,,,,,,,,,1.957495397,939.9569,941.917,,,,,,,,TRUE,,FALSE,,,,,,,,,,,,941.9177,942.8758,q,0.849,,82,70,2,1,2,familiar,,,FALSE,942.876,942.8761,942.8761,942.8761,,81,0,81,0,1,,
,,,,,6a31580ed0490d0974196c43,2026-06-16_15h14.42.938,WP1_3,2025.2.3,MacIntel,30.21148036,6a1d08d5adcf20d7d84305a6,6a030b8ba3607712b5d4bf26,,,,,,,,,,,,,,,,,,,,,,,,,,,,,,,,,,,,,,,,,,,,,,,,,,,,,,,,,,,,43,stim_fam/043_rgray_250.png,,,,,,,,,,,,,,,,,,,,,,,,,,,,,,,,,,,,,1.947337674,942.8765,944.8201,,,,,,,,FALSE,,FALSE,,,,,,,,,,,,944.8209,945.6388,p,0.7096,,83,103,2,1,250,novel,,,FALSE,945.6389,945.6391,945.6391,945.6391,,82,0,82,0,1,,
,,,,,6a31580ed0490d0974196c43,2026-06-16_15h14.42.938,WP1_3,2025.2.3,MacIntel,30.21148036,6a1d08d5adcf20d7d84305a6,6a030b8ba3607712b5d4bf26,,,,,,,,,,,,,,,,,,,,,,,,,,,,,,,,,,,,,,,,,,,,,,,,,,,,,,,,,,,,53,stim_fam/053_rgray_250.png,,,,,,,,,,,,,,,,,,,,,,,,,,,,,,,,,,,,,2.447653646,945.6394,948.06,,,,,,,,FALSE,,FALSE,,,,,,,,,,,,948.0608,948.7184,p,0.5507,,84,118,2,1,250,novel,,,FALSE,948.7187,948.7187,948.7187,948.7188,,83,0,83,0,1,,
,,,,,6a31580ed0490d0974196c43,2026-06-16_15h14.42.938,WP1_3,2025.2.3,MacIntel,30.21148036,6a1d08d5adcf20d7d84305a6,6a030b8ba3607712b5d4bf26,,,,,,,,,,,,,,,,,,,,,,,,,,,,,,,,,,,,,,,,,,,,,,,,,,,,,,,,,,,,59,Celebrities_Faces/059_02_greyscale_250.png,,,,,,,,,,,,,,,,,,,,,,,,,,,,,,,,,,,,,2.36788015,948.7193,951.0816,,,,,,,,TRUE,,FALSE,,,,,,,,,,,,951.0824,951.8516,p,0.6568,,85,88,2,1,2,familiar,,,FALSE,951.8517,951.8519,951.8519,951.8519,,84,0,84,0,1,,
,,,,,6a31580ed0490d0974196c43,2026-06-16_15h14.42.938,WP1_3,2025.2.3,MacIntel,30.21148036,6a1d08d5adcf20d7d84305a6,6a030b8ba3607712b5d4bf26,,,,,,,,,,,,,,,,,,,,,,,,,,,,,,,,,,,,,,,,,,,,,,,,,,,,,,,,,,,,29,Celebrities_Faces/029_03_greyscale_250.png,,,,,,,,,,,,,,,,,,,,,,,,,,,,,,,,,,,,,2.145560329,951.8523,954.0019,,,,,,,,TRUE,,FALSE,,,,,,,,,,,,954.0027,954.7978,p,0.6841,,86,65,2,1,3,familiar,,,FALSE,954.7979,954.7981,954.7981,954.7981,,85,0,85,0,1,,
,,,,,6a31580ed0490d0974196c43,2026-06-16_15h14.42.938,WP1_3,2025.2.3,MacIntel,30.21148036,6a1d08d5adcf20d7d84305a6,6a030b8ba3607712b5d4bf26,,,,,,,,,,,,,,,,,,,,,,,,,,,,,,,,,,,,,,,,,,,,,,,,,,,,,,,,,,,,61,stim_fam/061_rgray_250.png,,,,,,,,,,,,,,,,,,,,,,,,,,,,,,,,,,,,,2.037049645,954.7985,956.8299,,,,,,,,FALSE,,FALSE,,,,,,,,,,,,956.8307,957.688,p,0.7509,,87,93,2,1,250,novel,,,FALSE,957.6882,957.6884,957.6884,957.6884,,86,0,86,0,1,,
,,,,,6a31580ed0490d0974196c43,2026-06-16_15h14.42.938,WP1_3,2025.2.3,MacIntel,30.21148036,6a1d08d5adcf20d7d84305a6,6a030b8ba3607712b5d4bf26,,,,,,,,,,,,,,,,,,,,,,,,,,,,,,,,,,,,,,,,,,,,,,,,,,,,,,,,,,,,50,Celebrities_Faces/050_02_greyscale_250.png,,,,,,,,,,,,,,,,,,,,,,,,,,,,,,,,,,,,,2.171906531,957.6887,959.8472,,,,,,,,TRUE,,FALSE,,,,,,,,,,,,959.8479,960.7899,p,0.8308,,88,80,2,1,2,familiar,,,FALSE,960.7901,960.7902,960.7902,960.7903,,87,0,87,0,1,,
,,,,,6a31580ed0490d0974196c43,2026-06-16_15h14.42.938,WP1_3,2025.2.3,MacIntel,30.21148036,6a1d08d5adcf20d7d84305a6,6a030b8ba3607712b5d4bf26,,,,,,,,,,,,,,,,,,,,,,,,,,,,,,,,,,,,,,,,,,,,,,,,,,,,,,,,,,,,67,stim_fam/067_rgray_250.png,,,,,,,,,,,,,,,,,,,,,,,,,,,,,,,,,,,,,1.53197994,960.7905,962.2998,,,,,,,,FALSE,,FALSE,,,,,,,,,,,,962.3006,963.0476,p,0.641,,89,108,2,1,250,novel,,,FALSE,963.0478,963.0478,963.0479,963.048,,88,0,88,0,1,,
,,,,,6a31580ed0490d0974196c43,2026-06-16_15h14.42.938,WP1_3,2025.2.3,MacIntel,30.21148036,6a1d08d5adcf20d7d84305a6,6a030b8ba3607712b5d4bf26,,,,,,,,,,,,,,,,,,,,,,,,,,,,,,,,,,,,,,,,,,,,,,,,,,,,,,,,,,,,30,stim_fam/030_rgray_250.png,,,,,,,,,,,,,,,,,,,,,,,,,,,,,,,,,,,,,1.835348123,963.0483,964.871,,,,,,,,FALSE,,FALSE,,,,,,,,,,,,964.8717,965.785,p,0.7977,,90,107,2,1,250,novel,,,FALSE,965.7853,965.7853,965.7853,965.7854,,89,0,89,0,1,,
,,,,,6a31580ed0490d0974196c43,2026-06-16_15h14.42.938,WP1_3,2025.2.3,MacIntel,30.21148036,6a1d08d5adcf20d7d84305a6,6a030b8ba3607712b5d4bf26,,,,,,,,,,,,,,,,,,,,,,,,,,,,,,,,,,,,,,,,,,,,,,,,,,,,,,,,,,,,2,Celebrities_Faces/002_03_greyscale_250.png,,,,,,,,,,,,,,,,,,,,,,,,,,,,,,,,,,,,,2.148457764,965.7857,967.9296,,,,,,,,TRUE,,TRUE,,,,,,,,,,,,967.9303,969.0343,,,,91,75,2,1,3,familiar,,,FALSE,969.0346,970.0239,970.024,970.0241,,90,0,90,0,1,,
,,,,,6a31580ed0490d0974196c43,2026-06-16_15h14.42.938,WP1_3,2025.2.3,MacIntel,30.21148036,6a1d08d5adcf20d7d84305a6,6a030b8ba3607712b5d4bf26,,,,,,,,,,,,,,,,,,,,,,,,,,,,,,,,,,,,,,,,,,,,,,,,,,,,,,,,,,,,31,Celebrities_Faces/031_01_greyscale_250.png,,,,,,,,,,,,,,,,,,,,,,,,,,,,,,,,,,,,,1.583375323,970.0245,971.5998,,,,,,,,TRUE,,FALSE,,,,,,,,,,,,971.6007,972.4332,p,0.7264,,92,82,2,1,1,familiar,,,FALSE,972.4334,972.4334,972.4334,972.4335,,91,0,91,0,1,,
,,,,,6a31580ed0490d0974196c43,2026-06-16_15h14.42.938,WP1_3,2025.2.3,MacIntel,30.21148036,6a1d08d5adcf20d7d84305a6,6a030b8ba3607712b5d4bf26,,,,,,,,,,,,,,,,,,,,,,,,,,,,,,,,,,,,,,,,,,,,,,,,,,,,,,,,,,,,23,Celebrities_Faces/023_01_greyscale_250.png,,,,,,,,,,,,,,,,,,,,,,,,,,,,,,,,,,,,,1.620375476,972.4339,974.0418,,,,,,,,TRUE,,FALSE,,,,,,,,,,,,974.0428,974.8708,p,0.7189,,93,84,2,1,1,familiar,,,FALSE,974.871,974.8711,974.8711,974.8712,,92,0,92,0,1,,
,,,,,6a31580ed0490d0974196c43,2026-06-16_15h14.42.938,WP1_3,2025.2.3,MacIntel,30.21148036,6a1d08d5adcf20d7d84305a6,6a030b8ba3607712b5d4bf26,,,,,,,,,,,,,,,,,,,,,,,,,,,,,,,,,,,,,,,,,,,,,,,,,,,,,,,,,,,,58,Celebrities_Faces/058_01_greyscale_250.png,,,,,,,,,,,,,,,,,,,,,,,,,,,,,,,,,,,,,2.147203884,974.8715,976.9985,,,,,,,,TRUE,,FALSE,,,,,,,,,,,,976.9992,978.0792,q,0.9729,,94,64,2,1,1,familiar,,,FALSE,978.0794,978.0794,978.0795,978.0796,,93,0,93,0,1,,
,,,,,6a31580ed0490d0974196c43,2026-06-16_15h14.42.938,WP1_3,2025.2.3,MacIntel,30.21148036,6a1d08d5adcf20d7d84305a6,6a030b8ba3607712b5d4bf26,,,,,,,,,,,,,,,,,,,,,,,,,,,,,,,,,,,,,,,,,,,,,,,,,,,,,,,,,,,,20,Celebrities_Faces/020_03_greyscale_250.png,,,,,,,,,,,,,,,,,,,,,,,,,,,,,,,,,,,,,1.848007188,978.08,979.9215,,,,,,,,TRUE,,TRUE,,,,,,,,,,,,979.9223,981.0344,,,,95,78,2,1,3,familiar,,,FALSE,981.0347,982.0116,982.0117,982.0118,,94,0,94,0,1,,
,,,,,6a31580ed0490d0974196c43,2026-06-16_15h14.42.938,WP1_3,2025.2.3,MacIntel,30.21148036,6a1d08d5adcf20d7d84305a6,6a030b8ba3607712b5d4bf26,,,,,,,,,,,,,,,,,,,,,,,,,,,,,,,,,,,,,,,,,,,,,,,,,,,,,,,,,,,,46,stim_fam/046_rgray_250.png,,,,,,,,,,,,,,,,,,,,,,,,,,,,,,,,,,,,,1.526786802,982.0122,983.5174,,,,,,,,FALSE,,FALSE,,,,,,,,,,,,983.5182,984.5166,p,0.8927,,96,98,2,1,250,novel,,,FALSE,984.5167,984.5169,984.5169,984.5169,,95,0,95,0,1,,
,,,,,6a31580ed0490d0974196c43,2026-06-16_15h14.42.938,WP1_3,2025.2.3,MacIntel,30.21148036,6a1d08d5adcf20d7d84305a6,6a030b8ba3607712b5d4bf26,,,,,,,,,,,,,,,,,,,,,,,,,,,,,,,,,,,,,,,,,,,,,,,,,,,,,,,,,,,,46,Celebrities_Faces/046_01_greyscale_250.png,,,,,,,,,,,,,,,,,,,,,,,,,,,,,,,,,,,,,1.609379085,984.5173,986.1089,,,,,,,,TRUE,,FALSE,,,,,,,,,,,,986.1098,986.9086,q,0.6853,,97,83,2,1,1,familiar,,,FALSE,986.9088,986.9088,986.9088,986.909,,96,0,96,0,1,,
,,,,,6a31580ed0490d0974196c43,2026-06-16_15h14.42.938,WP1_3,2025.2.3,MacIntel,30.21148036,6a1d08d5adcf20d7d84305a6,6a030b8ba3607712b5d4bf26,,,,,,,,,,,,,,,,,,,,,,,,,,,,,,,,,,,,,,,,,,,,,,,,,,,,,,,,,,,,66,stim_fam/066_rgray_250.png,,,,,,,,,,,,,,,,,,,,,,,,,,,,,,,,,,,,,1.859345846,986.9093,988.7755,,,,,,,,FALSE,,FALSE,,,,,,,,,,,,988.7762,989.5892,p,0.7065,,98,94,2,1,250,novel,,,FALSE,989.5894,989.5895,989.5895,989.5896,,97,0,97,0,1,,
,,,,,6a31580ed0490d0974196c43,2026-06-16_15h14.42.938,WP1_3,2025.2.3,MacIntel,30.21148036,6a1d08d5adcf20d7d84305a6,6a030b8ba3607712b5d4bf26,,,,,,,,,,,,,,,,,,,,,,,,,,,,,,,,,,,,,,,,,,,,,,,,,,,,,,,,,,,,55,stim_fam/055_rgray_250.png,,,,,,,,,,,,,,,,,,,,,,,,,,,,,,,,,,,,,1.936322501,989.59,991.5028,,,,,,,,FALSE,,FALSE,,,,,,,,,,,,991.5036,992.2912,p,0.683,,99,116,2,1,250,novel,,,FALSE,992.2914,992.2914,992.2915,992.2916,,98,0,98,0,1,,
,,,,,6a31580ed0490d0974196c43,2026-06-16_15h14.42.938,WP1_3,2025.2.3,MacIntel,30.21148036,6a1d08d5adcf20d7d84305a6,6a030b8ba3607712b5d4bf26,,,,,,,,,,,,,,,,,,,,,,,,,,,,,,,,,,,,,,,,,,,,,,,,,,,,,,,,,,,,20,stim_fam/020_rgray_250.png,,,,,,,,,,,,,,,,,,,,,,,,,,,,,,,,,,,,,2.370496382,992.2919,994.6669,,,,,,,,FALSE,,FALSE,,,,,,,,,,,,994.6677,995.4924,p,0.7178,,100,101,2,1,250,novel,,,FALSE,995.4926,995.4927,995.4927,995.4927,,99,0,99,0,1,,
,,,,,6a31580ed0490d0974196c43,2026-06-16_15h14.42.938,WP1_3,2025.2.3,MacIntel,30.21148036,6a1d08d5adcf20d7d84305a6,6a030b8ba3607712b5d4bf26,,,,,,,,,,,,,,,,,,,,,,,,,,,,,,,,,,,,,,,,,,,,,,,,,,,,,,,,,,,,16,Celebrities_Faces/016_03_greyscale_250.png,,,,,,,,,,,,,,,,,,,,,,,,,,,,,,,,,,,,,1.963916514,995.4931,997.427,,,,,,,,TRUE,,FALSE,,,,,,,,,,,,997.4277,998.5003,q,0.9646,,101,67,2,1,3,familiar,,,FALSE,998.5004,998.5005,998.5006,998.5006,,100,0,100,0,1,,
,,,,,6a31580ed0490d0974196c43,2026-06-16_15h14.42.938,WP1_3,2025.2.3,MacIntel,30.21148036,6a1d08d5adcf20d7d84305a6,6a030b8ba3607712b5d4bf26,,,,,,,,,,,,,,,,,,,,,,,,,,,,,,,,,,,,,,,,,,,,,,,,,,,,,,,,,,,,15,Celebrities_Faces/015_03_greyscale_250.png,,,,,,,,,,,,,,,,,,,,,,,,,,,,,,,,,,,,,2.002821703,998.5009,1000.5055,,,,,,,,TRUE,,FALSE,,,,,,,,,,,,1000.5064,1001.3761,p,0.7622,,102,81,2,1,3,familiar,,,FALSE,1001.3763,1001.3764,1001.3764,1001.3764,,101,0,101,0,1,,
,,,,,6a31580ed0490d0974196c43,2026-06-16_15h14.42.938,WP1_3,2025.2.3,MacIntel,30.21148036,6a1d08d5adcf20d7d84305a6,6a030b8ba3607712b5d4bf26,,,,,,,,,,,,,,,,,,,,,,,,,,,,,,,,,,,,,,,,,,,,,,,,,,,,,,,,,,,,14,Celebrities_Faces/014_03_greyscale_250.png,,,,,,,,,,,,,,,,,,,,,,,,,,,,,,,,,,,,,1.645251611,1001.3768,1003.0219,,,,,,,,TRUE,,FALSE,,,,,,,,,,,,1003.0227,1003.8114,p,0.682,,103,90,2,1,3,familiar,,,FALSE,1003.8116,1003.8116,1003.8116,1003.8118,,102,0,102,0,1,,
,,,,,6a31580ed0490d0974196c43,2026-06-16_15h14.42.938,WP1_3,2025.2.3,MacIntel,30.21148036,6a1d08d5adcf20d7d84305a6,6a030b8ba3607712b5d4bf26,,,,,,,,,,,,,,,,,,,,,,,,,,,,,,,,,,,,,,,,,,,,,,,,,,,,,,,,,,,,52,Celebrities_Faces/052_01_greyscale_250.png,,,,,,,,,,,,,,,,,,,,,,,,,,,,,,,,,,,,,1.962869862,1003.8121,1005.781,,,,,,,,TRUE,,FALSE,,,,,,,,,,,,1005.7818,1006.5804,p,0.6921,,104,79,2,1,1,familiar,,,FALSE,1006.5806,1006.5807,1006.5807,1006.5807,,103,0,103,0,1,,
,,,,,6a31580ed0490d0974196c43,2026-06-16_15h14.42.938,WP1_3,2025.2.3,MacIntel,30.21148036,6a1d08d5adcf20d7d84305a6,6a030b8ba3607712b5d4bf26,,,,,,,,,,,,,,,,,,,,,,,,,,,,,,,,,,,,,,,,,,,,,,,,,,,,,,,,,,,,79,stim_fam/079_rgray_250.png,,,,,,,,,,,,,,,,,,,,,,,,,,,,,,,,,,,,,2.311164333,1006.5811,1008.8663,,,,,,,,FALSE,,FALSE,,,,,,,,,,,,1008.8671,1009.6932,p,0.7169,,105,113,2,1,250,novel,,,FALSE,1009.6934,1009.6934,1009.6936,1009.6936,,104,0,104,0,1,,
,,,,,6a31580ed0490d0974196c43,2026-06-16_15h14.42.938,WP1_3,2025.2.3,MacIntel,30.21148036,6a1d08d5adcf20d7d84305a6,6a030b8ba3607712b5d4bf26,,,,,,,,,,,,,,,,,,,,,,,,,,,,,,,,,,,,,,,,,,,,,,,,,,,,,,,,,,,,30,Celebrities_Faces/030_03_greyscale_250.png,,,,,,,,,,,,,,,,,,,,,,,,,,,,,,,,,,,,,1.716006703,1009.694,1011.4,,,,,,,,TRUE,,FALSE,,,,,,,,,,,,1011.4007,1012.0913,p,0.5854,,106,86,2,1,3,familiar,,,FALSE,1012.0914,1012.0915,1012.0915,1012.0916,,105,0,105,0,1,,
,,,,,6a31580ed0490d0974196c43,2026-06-16_15h14.42.938,WP1_3,2025.2.3,MacIntel,30.21148036,6a1d08d5adcf20d7d84305a6,6a030b8ba3607712b5d4bf26,,,,,,,,,,,,,,,,,,,,,,,,,,,,,,,,,,,,,,,,,,,,,,,,,,,,,,,,,,,,85,stim_fam/085_rgray_250.png,,,,,,,,,,,,,,,,,,,,,,,,,,,,,,,,,,,,,1.683385591,1012.0919,1013.7523,,,,,,,,FALSE,,FALSE,,,,,,,,,,,,1013.7531,1014.5325,p,0.6713,,107,106,2,1,250,novel,,,FALSE,1014.5327,1014.5327,1014.5328,1014.5329,,106,0,106,0,1,,
,,,,,6a31580ed0490d0974196c43,2026-06-16_15h14.42.938,WP1_3,2025.2.3,MacIntel,30.21148036,6a1d08d5adcf20d7d84305a6,6a030b8ba3607712b5d4bf26,,,,,,,,,,,,,,,,,,,,,,,,,,,,,,,,,,,,,,,,,,,,,,,,,,,,,,,,,,,,54,Celebrities_Faces/054_03_greyscale_250.png,,,,,,,,,,,,,,,,,,,,,,,,,,,,,,,,,,,,,1.95841091,1014.5332,1016.4782,,,,,,,,TRUE,,FALSE,,,,,,,,,,,,1016.4789,1017.1747,q,0.5868,,108,66,2,1,3,familiar,,,FALSE,1017.1749,1017.175,1017.175,1017.175,,107,0,107,0,1,,
,,,,,6a31580ed0490d0974196c43,2026-06-16_15h14.42.938,WP1_3,2025.2.3,MacIntel,30.21148036,6a1d08d5adcf20d7d84305a6,6a030b8ba3607712b5d4bf26,,,,,,,,,,,,,,,,,,,,,,,,,,,,,,,,,,,,,,,,,,,,,,,,,,,,,,,,,,,,83,stim_fam/083_rgray_250.png,,,,,,,,,,,,,,,,,,,,,,,,,,,,,,,,,,,,,2.102849216,1017.1754,1019.2714,,,,,,,,FALSE,,FALSE,,,,,,,,,,,,1019.2721,1020.0778,p,0.6917,,109,109,2,1,250,novel,,,FALSE,1020.0781,1020.0781,1020.0782,1020.0783,,108,0,108,0,1,,
,,,,,6a31580ed0490d0974196c43,2026-06-16_15h14.42.938,WP1_3,2025.2.3,MacIntel,30.21148036,6a1d08d5adcf20d7d84305a6,6a030b8ba3607712b5d4bf26,,,,,,,,,,,,,,,,,,,,,,,,,,,,,,,,,,,,,,,,,,,,,,,,,,,,,,,,,,,,42,Celebrities_Faces/042_03_greyscale_250.png,,,,,,,,,,,,,,,,,,,,,,,,,,,,,,,,,,,,,1.60596084,1020.0786,1021.6882,,,,,,,,TRUE,,FALSE,,,,,,,,,,,,1021.6889,1022.4086,p,0.613,,110,76,2,1,3,familiar,,,FALSE,1022.4087,1022.4087,1022.4088,1022.4089,,109,0,109,0,1,,
,,,,,6a31580ed0490d0974196c43,2026-06-16_15h14.42.938,WP1_3,2025.2.3,MacIntel,30.21148036,6a1d08d5adcf20d7d84305a6,6a030b8ba3607712b5d4bf26,,,,,,,,,,,,,,,,,,,,,,,,,,,,,,,,,,,,,,,,,,,,,,,,,,,,,,,,,,,,68,stim_fam/068_rgray_250.png,,,,,,,,,,,,,,,,,,,,,,,,,,,,,,,,,,,,,2.426797917,1022.4093,1024.8462,,,,,,,,FALSE,,FALSE,,,,,,,,,,,,1024.847,1025.5319,p,0.5785,,111,117,2,1,250,novel,,,FALSE,1025.5321,1025.5322,1025.5322,1025.5323,,110,0,110,0,1,,
,,,,,6a31580ed0490d0974196c43,2026-06-16_15h14.42.938,WP1_3,2025.2.3,MacIntel,30.21148036,6a1d08d5adcf20d7d84305a6,6a030b8ba3607712b5d4bf26,,,,,,,,,,,,,,,,,,,,,,,,,,,,,,,,,,,,,,,,,,,,,,,,,,,,,,,,,,,,99,stim_fam/099_rgray_250.png,,,,,,,,,,,,,,,,,,,,,,,,,,,,,,,,,,,,,1.667492135,1025.5327,1027.2095,,,,,,,,FALSE,,FALSE,,,,,,,,,,,,1027.2104,1027.931,p,0.6132,,112,104,2,1,250,novel,,,FALSE,1027.9313,1027.9314,1027.9314,1027.9315,,111,0,111,0,1,,
,,,,,6a31580ed0490d0974196c43,2026-06-16_15h14.42.938,WP1_3,2025.2.3,MacIntel,30.21148036,6a1d08d5adcf20d7d84305a6,6a030b8ba3607712b5d4bf26,,,,,,,,,,,,,,,,,,,,,,,,,,,,,,,,,,,,,,,,,,,,,,,,,,,,,,,,,,,,63,stim_fam/063_rgray_250.png,,,,,,,,,,,,,,,,,,,,,,,,,,,,,,,,,,,,,1.740198014,1027.9318,1029.661,,,,,,,,FALSE,,FALSE,,,,,,,,,,,,1029.6618,1030.286,p,0.5173,,113,115,2,1,250,novel,,,FALSE,1030.2861,1030.2862,1030.2862,1030.2864,,112,0,112,0,1,,
,,,,,6a31580ed0490d0974196c43,2026-06-16_15h14.42.938,WP1_3,2025.2.3,MacIntel,30.21148036,6a1d08d5adcf20d7d84305a6,6a030b8ba3607712b5d4bf26,,,,,,,,,,,,,,,,,,,,,,,,,,,,,,,,,,,,,,,,,,,,,,,,,,,,,,,,,,,,8,stim_fam/008_rgray_250.png,,,,,,,,,,,,,,,,,,,,,,,,,,,,,,,,,,,,,2.255981426,1030.2867,1032.5318,,,,,,,,FALSE,,FALSE,,,,,,,,,,,,1032.5326,1033.2942,p,0.6555,,114,92,2,1,250,novel,,,FALSE,1033.2944,1033.2945,1033.2945,1033.2946,,113,0,113,0,1,,
,,,,,6a31580ed0490d0974196c43,2026-06-16_15h14.42.938,WP1_3,2025.2.3,MacIntel,30.21148036,6a1d08d5adcf20d7d84305a6,6a030b8ba3607712b5d4bf26,,,,,,,,,,,,,,,,,,,,,,,,,,,,,,,,,,,,,,,,,,,,,,,,,,,,,,,,,,,,65,stim_fam/065_rgray_250.png,,,,,,,,,,,,,,,,,,,,,,,,,,,,,,,,,,,,,1.656037433,1033.295,1034.9297,,,,,,,,FALSE,,FALSE,,,,,,,,,,,,1034.9306,1035.5912,p,0.5532,,115,119,2,1,250,novel,,,FALSE,1035.5914,1035.5914,1035.5914,1035.5915,,114,0,114,0,1,,
,,,,,6a31580ed0490d0974196c43,2026-06-16_15h14.42.938,WP1_3,2025.2.3,MacIntel,30.21148036,6a1d08d5adcf20d7d84305a6,6a030b8ba3607712b5d4bf26,,,,,,,,,,,,,,,,,,,,,,,,,,,,,,,,,,,,,,,,,,,,,,,,,,,,,,,,,,,,56,Celebrities_Faces/056_01_greyscale_250.png,,,,,,,,,,,,,,,,,,,,,,,,,,,,,,,,,,,,,2.041808298,1035.5919,1037.6147,,,,,,,,TRUE,,FALSE,,,,,,,,,,,,1037.6156,1038.6734,q,0.9512,,116,74,2,1,1,familiar,,,FALSE,1038.6736,1038.6737,1038.6737,1038.6738,,115,0,115,0,1,,
,,,,,6a31580ed0490d0974196c43,2026-06-16_15h14.42.938,WP1_3,2025.2.3,MacIntel,30.21148036,6a1d08d5adcf20d7d84305a6,6a030b8ba3607712b5d4bf26,,,,,,,,,,,,,,,,,,,,,,,,,,,,,,,,,,,,,,,,,,,,,,,,,,,,,,,,,,,,50,stim_fam/050_rgray_250.png,,,,,,,,,,,,,,,,,,,,,,,,,,,,,,,,,,,,,2.383832134,1038.6742,1041.0504,,,,,,,,FALSE,,FALSE,,,,,,,,,,,,1041.0512,1041.7433,p,0.586,,117,112,2,1,250,novel,,,FALSE,1041.7436,1041.7437,1041.7437,1041.7438,,116,0,116,0,1,,
,,,,,6a31580ed0490d0974196c43,2026-06-16_15h14.42.938,WP1_3,2025.2.3,MacIntel,30.21148036,6a1d08d5adcf20d7d84305a6,6a030b8ba3607712b5d4bf26,,,,,,,,,,,,,,,,,,,,,,,,,,,,,,,,,,,,,,,,,,,,,,,,,,,,,,,,,,,,24,Celebrities_Faces/024_01_greyscale_250.png,,,,,,,,,,,,,,,,,,,,,,,,,,,,,,,,,,,,,2.443207216,1041.744,1044.1658,,,,,,,,TRUE,,FALSE,,,,,,,,,,,,1044.1665,1044.8522,p,0.5783,,118,89,2,1,1,familiar,,,FALSE,1044.8524,1044.8525,1044.8525,1044.8526,,117,0,117,0,1,,
,,,,,6a31580ed0490d0974196c43,2026-06-16_15h14.42.938,WP1_3,2025.2.3,MacIntel,30.21148036,6a1d08d5adcf20d7d84305a6,6a030b8ba3607712b5d4bf26,,,,,,,,,,,,,,,,,,,,,,,,,,,,,,,,,,,,,,,,,,,,,,,,,,,,,,,,,,,,36,Celebrities_Faces/036_02_greyscale_250.png,,,,,,,,,,,,,,,,,,,,,,,,,,,,,,,,,,,,,1.630087518,1044.8529,1046.4601,,,,,,,,TRUE,,FALSE,,,,,,,,,,,,1046.4609,1047.432,p,0.8596,,119,62,2,1,2,familiar,,,FALSE,1047.4322,1047.4323,1047.4324,1047.4324,,118,0,118,0,1,,
,,,,,6a31580ed0490d0974196c43,2026-06-16_15h14.42.938,WP1_3,2025.2.3,MacIntel,30.21148036,6a1d08d5adcf20d7d84305a6,6a030b8ba3607712b5d4bf26,,,,,,,,,,,,,,,,,,,,,,,,,,,,,,,,,,,,,,,,,,,,,,,,,,,,,,,,,,,,34,stim_fam/034_rgray_250.png,,,,,,,,,,,,,,,,,,,,,,,,,,,,,,,,,,,,,1.747545115,1047.4327,1049.1729,,,,,,,,FALSE,,FALSE,,,,,,,,,,,,1049.1737,1050.0293,p,0.745,,120,114,2,1,250,novel,,,FALSE,1050.0294,1050.0295,1050.0295,1091.2243,space,119,0,119,0,1,41.1548,
,,,,,6a31580ed0490d0974196c43,2026-06-16_15h14.42.938,WP1_3,2025.2.3,MacIntel,30.21148036,6a1d08d5adcf20d7d84305a6,6a030b8ba3607712b5d4bf26,,,,,,,,,,,,,,,,,,,,,,,,,,,,,,,,,,,,,,,,,,,,,,,,,,,,,,,,,,,,34,Celebrities_Faces/034_03_greyscale_250.png,,,,,,,,,,,,,,,,,,,,,,,,,,,,,,,,,,,,,1.99255912,1091.2247,1093.2132,,,,,,,,TRUE,,FALSE,,,,,,,,,,,,1093.2141,1093.9834,p,0.6568,,121,137,3,1,3,familiar,,,FALSE,1093.9836,1093.9837,1093.9837,1093.9838,,120,0,120,0,1,,
,,,,,6a31580ed0490d0974196c43,2026-06-16_15h14.42.938,WP1_3,2025.2.3,MacIntel,30.21148036,6a1d08d5adcf20d7d84305a6,6a030b8ba3607712b5d4bf26,,,,,,,,,,,,,,,,,,,,,,,,,,,,,,,,,,,,,,,,,,,,,,,,,,,,,,,,,,,,102,stim_fam/102_rgray_250.png,,,,,,,,,,,,,,,,,,,,,,,,,,,,,,,,,,,,,1.566722788,1093.9842,1095.5464,,,,,,,,FALSE,,FALSE,,,,,,,,,,,,1095.5472,1096.3337,p,0.6792,,122,172,3,1,250,novel,,,FALSE,1096.3339,1096.3339,1096.3339,1096.334,,121,0,121,0,1,,
,,,,,6a31580ed0490d0974196c43,2026-06-16_15h14.42.938,WP1_3,2025.2.3,MacIntel,30.21148036,6a1d08d5adcf20d7d84305a6,6a030b8ba3607712b5d4bf26,,,,,,,,,,,,,,,,,,,,,,,,,,,,,,,,,,,,,,,,,,,,,,,,,,,,,,,,,,,,53,Celebrities_Faces/053_03_greyscale_250.png,,,,,,,,,,,,,,,,,,,,,,,,,,,,,,,,,,,,,2.097309586,1096.3344,1098.4242,,,,,,,,TRUE,,FALSE,,,,,,,,,,,,1098.4249,1099.3646,p,0.8321,,123,121,3,1,3,familiar,,,FALSE,1099.3648,1099.3649,1099.3649,1099.365,,122,0,122,0,1,,
,,,,,6a31580ed0490d0974196c43,2026-06-16_15h14.42.938,WP1_3,2025.2.3,MacIntel,30.21148036,6a1d08d5adcf20d7d84305a6,6a030b8ba3607712b5d4bf26,,,,,,,,,,,,,,,,,,,,,,,,,,,,,,,,,,,,,,,,,,,,,,,,,,,,,,,,,,,,58,Celebrities_Faces/058_02_greyscale_250.png,,,,,,,,,,,,,,,,,,,,,,,,,,,,,,,,,,,,,1.7901648,1099.3653,1101.1545,,,,,,,,TRUE,,FALSE,,,,,,,,,,,,1101.1553,1101.8945,q,0.629,,124,124,3,1,2,familiar,,,FALSE,1101.8947,1101.8947,1101.8948,1101.8949,,123,0,123,0,1,,
,,,,,6a31580ed0490d0974196c43,2026-06-16_15h14.42.938,WP1_3,2025.2.3,MacIntel,30.21148036,6a1d08d5adcf20d7d84305a6,6a030b8ba3607712b5d4bf26,,,,,,,,,,,,,,,,,,,,,,,,,,,,,,,,,,,,,,,,,,,,,,,,,,,,,,,,,,,,50,Celebrities_Faces/050_01_greyscale_250.png,,,,,,,,,,,,,,,,,,,,,,,,,,,,,,,,,,,,,2.274040828,1101.8952,1104.1774,,,,,,,,TRUE,,TRUE,,,,,,,,,,,,1104.1782,1105.3053,p,1.0133,,125,140,3,1,1,familiar,,,FALSE,1105.3056,1106.2902,1106.2903,1106.2904,,124,0,124,0,1,,
,,,,,6a31580ed0490d0974196c43,2026-06-16_15h14.42.938,WP1_3,2025.2.3,MacIntel,30.21148036,6a1d08d5adcf20d7d84305a6,6a030b8ba3607712b5d4bf26,,,,,,,,,,,,,,,,,,,,,,,,,,,,,,,,,,,,,,,,,,,,,,,,,,,,,,,,,,,,56,Celebrities_Faces/056_02_greyscale_250.png,,,,,,,,,,,,,,,,,,,,,,,,,,,,,,,,,,,,,1.944319962,1106.2907,1108.2248,,,,,,,,TRUE,,FALSE,,,,,,,,,,,,1108.2257,1109.2319,q,0.9003,,126,134,3,1,2,familiar,,,FALSE,1109.232,1109.2322,1109.2322,1109.2322,,125,0,125,0,1,,
,,,,,6a31580ed0490d0974196c43,2026-06-16_15h14.42.938,WP1_3,2025.2.3,MacIntel,30.21148036,6a1d08d5adcf20d7d84305a6,6a030b8ba3607712b5d4bf26,,,,,,,,,,,,,,,,,,,,,,,,,,,,,,,,,,,,,,,,,,,,,,,,,,,,,,,,,,,,59,Celebrities_Faces/059_03_greyscale_250.png,,,,,,,,,,,,,,,,,,,,,,,,,,,,,,,,,,,,,1.918875201,1109.2326,1111.1483,,,,,,,,TRUE,,FALSE,,,,,,,,,,,,1111.1491,1111.9475,q,0.691,,127,148,3,1,3,familiar,,,FALSE,1111.9477,1111.9478,1111.9478,1111.9479,,126,0,126,0,1,,
,,,,,6a31580ed0490d0974196c43,2026-06-16_15h14.42.938,WP1_3,2025.2.3,MacIntel,30.21148036,6a1d08d5adcf20d7d84305a6,6a030b8ba3607712b5d4bf26,,,,,,,,,,,,,,,,,,,,,,,,,,,,,,,,,,,,,,,,,,,,,,,,,,,,,,,,,,,,15,Celebrities_Faces/015_01_greyscale_250.png,,,,,,,,,,,,,,,,,,,,,,,,,,,,,,,,,,,,,1.768203064,1111.9482,1113.6969,,,,,,,,TRUE,,FALSE,,,,,,,,,,,,1113.6977,1114.5906,p,0.7852,,128,141,3,1,1,familiar,,,FALSE,1114.5907,1114.5908,1114.5908,1114.5909,,127,0,127,0,1,,
,,,,,6a31580ed0490d0974196c43,2026-06-16_15h14.42.938,WP1_3,2025.2.3,MacIntel,30.21148036,6a1d08d5adcf20d7d84305a6,6a030b8ba3607712b5d4bf26,,,,,,,,,,,,,,,,,,,,,,,,,,,,,,,,,,,,,,,,,,,,,,,,,,,,,,,,,,,,14,stim_fam/014_rgray_250.png,,,,,,,,,,,,,,,,,,,,,,,,,,,,,,,,,,,,,2.229381869,1114.5913,1116.8238,,,,,,,,FALSE,,FALSE,,,,,,,,,,,,1116.8245,1117.5849,p,0.6537,,129,171,3,1,250,novel,,,FALSE,1117.5851,1117.5851,1117.5852,1117.5853,,128,0,128,0,1,,
,,,,,6a31580ed0490d0974196c43,2026-06-16_15h14.42.938,WP1_3,2025.2.3,MacIntel,30.21148036,6a1d08d5adcf20d7d84305a6,6a030b8ba3607712b5d4bf26,,,,,,,,,,,,,,,,,,,,,,,,,,,,,,,,,,,,,,,,,,,,,,,,,,,,,,,,,,,,21,stim_fam/021_rgray_250.png,,,,,,,,,,,,,,,,,,,,,,,,,,,,,,,,,,,,,2.30027523,1117.5856,1119.8665,,,,,,,,FALSE,,FALSE,,,,,,,,,,,,1119.8672,1120.5777,p,0.6025,,130,157,3,1,250,novel,,,FALSE,1120.5779,1120.578,1120.578,1120.578,,129,0,129,0,1,,
,,,,,6a31580ed0490d0974196c43,2026-06-16_15h14.42.938,WP1_3,2025.2.3,MacIntel,30.21148036,6a1d08d5adcf20d7d84305a6,6a030b8ba3607712b5d4bf26,,,,,,,,,,,,,,,,,,,,,,,,,,,,,,,,,,,,,,,,,,,,,,,,,,,,,,,,,,,,24,Celebrities_Faces/024_02_greyscale_250.png,,,,,,,,,,,,,,,,,,,,,,,,,,,,,,,,,,,,,1.857722781,1120.5784,1122.4268,,,,,,,,TRUE,,FALSE,,,,,,,,,,,,1122.4276,1123.1546,p,0.6215,,131,149,3,1,2,familiar,,,FALSE,1123.1548,1123.1548,1123.1548,1123.155,,130,0,130,0,1,,
,,,,,6a31580ed0490d0974196c43,2026-06-16_15h14.42.938,WP1_3,2025.2.3,MacIntel,30.21148036,6a1d08d5adcf20d7d84305a6,6a030b8ba3607712b5d4bf26,,,,,,,,,,,,,,,,,,,,,,,,,,,,,,,,,,,,,,,,,,,,,,,,,,,,,,,,,,,,26,stim_fam/026_rgray_250.png,,,,,,,,,,,,,,,,,,,,,,,,,,,,,,,,,,,,,1.958881007,1123.1553,1125.1049,,,,,,,,FALSE,,FALSE,,,,,,,,,,,,1125.1056,1125.9374,p,0.7225,,132,176,3,1,250,novel,,,FALSE,1125.9375,1125.9377,1125.9377,1125.9378,,131,0,131,0,1,,
,,,,,6a31580ed0490d0974196c43,2026-06-16_15h14.42.938,WP1_3,2025.2.3,MacIntel,30.21148036,6a1d08d5adcf20d7d84305a6,6a030b8ba3607712b5d4bf26,,,,,,,,,,,,,,,,,,,,,,,,,,,,,,,,,,,,,,,,,,,,,,,,,,,,,,,,,,,,51,Celebrities_Faces/051_01_greyscale_250.png,,,,,,,,,,,,,,,,,,,,,,,,,,,,,,,,,,,,,1.580429104,1125.9382,1127.5096,,,,,,,,TRUE,,FALSE,,,,,,,,,,,,1127.5103,1128.1704,p,0.5534,,133,123,3,1,1,familiar,,,FALSE,1128.1706,1128.1706,1128.1707,1128.1707,,132,0,132,0,1,,
,,,,,6a31580ed0490d0974196c43,2026-06-16_15h14.42.938,WP1_3,2025.2.3,MacIntel,30.21148036,6a1d08d5adcf20d7d84305a6,6a030b8ba3607712b5d4bf26,,,,,,,,,,,,,,,,,,,,,,,,,,,,,,,,,,,,,,,,,,,,,,,,,,,,,,,,,,,,48,stim_fam/048_rgray_250.png,,,,,,,,,,,,,,,,,,,,,,,,,,,,,,,,,,,,,2.457835386,1128.1711,1130.6073,,,,,,,,FALSE,,FALSE,,,,,,,,,,,,1130.6081,1131.5889,p,0.875,,134,158,3,1,250,novel,,,FALSE,1131.589,1131.589,1131.5891,1131.5892,,133,0,133,0,1,,
,,,,,6a31580ed0490d0974196c43,2026-06-16_15h14.42.938,WP1_3,2025.2.3,MacIntel,30.21148036,6a1d08d5adcf20d7d84305a6,6a030b8ba3607712b5d4bf26,,,,,,,,,,,,,,,,,,,,,,,,,,,,,,,,,,,,,,,,,,,,,,,,,,,,,,,,,,,,35,stim_fam/035_rgray_250.png,,,,,,,,,,,,,,,,,,,,,,,,,,,,,,,,,,,,,1.764302568,1131.5895,1133.3413,,,,,,,,FALSE,,FALSE,,,,,,,,,,,,1133.3421,1134.3331,p,0.8844,,135,169,3,1,250,novel,,,FALSE,1134.3333,1134.3334,1134.3334,1134.3335,,134,0,134,0,1,,
,,,,,6a31580ed0490d0974196c43,2026-06-16_15h14.42.938,WP1_3,2025.2.3,MacIntel,30.21148036,6a1d08d5adcf20d7d84305a6,6a030b8ba3607712b5d4bf26,,,,,,,,,,,,,,,,,,,,,,,,,,,,,,,,,,,,,,,,,,,,,,,,,,,,,,,,,,,,87,stim_fam/087_rgray_250.png,,,,,,,,,,,,,,,,,,,,,,,,,,,,,,,,,,,,,1.77728986,1134.3338,1136.0895,,,,,,,,FALSE,,FALSE,,,,,,,,,,,,1136.0902,1136.9156,p,0.717,,136,155,3,1,250,novel,,,FALSE,1136.9158,1136.9159,1136.9159,1136.916,,135,0,135,0,1,,
,,,,,6a31580ed0490d0974196c43,2026-06-16_15h14.42.938,WP1_3,2025.2.3,MacIntel,30.21148036,6a1d08d5adcf20d7d84305a6,6a030b8ba3607712b5d4bf26,,,,,,,,,,,,,,,,,,,,,,,,,,,,,,,,,,,,,,,,,,,,,,,,,,,,,,,,,,,,20,Celebrities_Faces/020_02_greyscale_250.png,,,,,,,,,,,,,,,,,,,,,,,,,,,,,,,,,,,,,2.096694304,1136.9163,1139.0177,,,,,,,,TRUE,,FALSE,,,,,,,,,,,,1139.0185,1139.6791,p,0.545,,137,138,3,1,2,familiar,,,FALSE,1139.6792,1139.6793,1139.6793,1139.6794,,136,0,136,0,1,,
,,,,,6a31580ed0490d0974196c43,2026-06-16_15h14.42.938,WP1_3,2025.2.3,MacIntel,30.21148036,6a1d08d5adcf20d7d84305a6,6a030b8ba3607712b5d4bf26,,,,,,,,,,,,,,,,,,,,,,,,,,,,,,,,,,,,,,,,,,,,,,,,,,,,,,,,,,,,100,stim_fam/100_rgray_250.png,,,,,,,,,,,,,,,,,,,,,,,,,,,,,,,,,,,,,2.446378013,1139.6798,1142.1252,,,,,,,,FALSE,,FALSE,,,,,,,,,,,,1142.1259,1142.9496,p,0.7162,,138,174,3,1,250,novel,,,FALSE,1142.9497,1142.9498,1142.9498,1142.9498,,137,0,137,0,1,,
,,,,,6a31580ed0490d0974196c43,2026-06-16_15h14.42.938,WP1_3,2025.2.3,MacIntel,30.21148036,6a1d08d5adcf20d7d84305a6,6a030b8ba3607712b5d4bf26,,,,,,,,,,,,,,,,,,,,,,,,,,,,,,,,,,,,,,,,,,,,,,,,,,,,,,,,,,,,30,Celebrities_Faces/030_01_greyscale_250.png,,,,,,,,,,,,,,,,,,,,,,,,,,,,,,,,,,,,,2.337772696,1142.9502,1145.2899,,,,,,,,TRUE,,FALSE,,,,,,,,,,,,1145.2907,1145.9117,p,0.508,,139,146,3,1,1,familiar,,,FALSE,1145.9119,1145.912,1145.912,1145.912,,138,0,138,0,1,,
,,,,,6a31580ed0490d0974196c43,2026-06-16_15h14.42.938,WP1_3,2025.2.3,MacIntel,30.21148036,6a1d08d5adcf20d7d84305a6,6a030b8ba3607712b5d4bf26,,,,,,,,,,,,,,,,,,,,,,,,,,,,,,,,,,,,,,,,,,,,,,,,,,,,,,,,,,,,81,stim_fam/081_rgray_250.png,,,,,,,,,,,,,,,,,,,,,,,,,,,,,,,,,,,,,2.327444192,1145.9123,1148.2486,,,,,,,,FALSE,,FALSE,,,,,,,,,,,,1148.2494,1148.9409,p,0.5842,,140,179,3,1,250,novel,,,FALSE,1148.941,1148.9411,1148.9412,1148.9413,,139,0,139,0,1,,
,,,,,6a31580ed0490d0974196c43,2026-06-16_15h14.42.938,WP1_3,2025.2.3,MacIntel,30.21148036,6a1d08d5adcf20d7d84305a6,6a030b8ba3607712b5d4bf26,,,,,,,,,,,,,,,,,,,,,,,,,,,,,,,,,,,,,,,,,,,,,,,,,,,,,,,,,,,,54,Celebrities_Faces/054_02_greyscale_250.png,,,,,,,,,,,,,,,,,,,,,,,,,,,,,,,,,,,,,1.53221727,1148.9416,1150.473,,,,,,,,TRUE,,FALSE,,,,,,,,,,,,1150.4737,1151.1302,p,0.5499,,141,126,3,1,2,familiar,,,FALSE,1151.1304,1151.1305,1151.1305,1151.1306,,140,0,140,0,1,,
,,,,,6a31580ed0490d0974196c43,2026-06-16_15h14.42.938,WP1_3,2025.2.3,MacIntel,30.21148036,6a1d08d5adcf20d7d84305a6,6a030b8ba3607712b5d4bf26,,,,,,,,,,,,,,,,,,,,,,,,,,,,,,,,,,,,,,,,,,,,,,,,,,,,,,,,,,,,10,stim_fam/010_rgray_250.png,,,,,,,,,,,,,,,,,,,,,,,,,,,,,,,,,,,,,2.277769341,1151.131,1153.4117,,,,,,,,FALSE,,FALSE,,,,,,,,,,,,1153.4125,1154.105,p,0.5857,,142,175,3,1,250,novel,,,FALSE,1154.1052,1154.1053,1154.1053,1154.1054,,141,0,141,0,1,,
,,,,,6a31580ed0490d0974196c43,2026-06-16_15h14.42.938,WP1_3,2025.2.3,MacIntel,30.21148036,6a1d08d5adcf20d7d84305a6,6a030b8ba3607712b5d4bf26,,,,,,,,,,,,,,,,,,,,,,,,,,,,,,,,,,,,,,,,,,,,,,,,,,,,,,,,,,,,76,stim_fam/076_rgray_250.png,,,,,,,,,,,,,,,,,,,,,,,,,,,,,,,,,,,,,1.784961048,1154.1058,1155.8838,,,,,,,,FALSE,,FALSE,,,,,,,,,,,,1155.8845,1156.6041,p,0.6124,,143,154,3,1,250,novel,,,FALSE,1156.6042,1156.6043,1156.6043,1156.6045,,142,0,142,0,1,,
,,,,,6a31580ed0490d0974196c43,2026-06-16_15h14.42.938,WP1_3,2025.2.3,MacIntel,30.21148036,6a1d08d5adcf20d7d84305a6,6a030b8ba3607712b5d4bf26,,,,,,,,,,,,,,,,,,,,,,,,,,,,,,,,,,,,,,,,,,,,,,,,,,,,,,,,,,,,56,stim_fam/056_rgray_250.png,,,,,,,,,,,,,,,,,,,,,,,,,,,,,,,,,,,,,2.414376902,1156.6048,1159.0225,,,,,,,,FALSE,,FALSE,,,,,,,,,,,,1159.0233,1159.9439,p,0.8137,,144,170,3,1,250,novel,,,FALSE,1159.944,1159.9441,1159.9442,1159.9442,,143,0,143,0,1,,
,,,,,6a31580ed0490d0974196c43,2026-06-16_15h14.42.938,WP1_3,2025.2.3,MacIntel,30.21148036,6a1d08d5adcf20d7d84305a6,6a030b8ba3607712b5d4bf26,,,,,,,,,,,,,,,,,,,,,,,,,,,,,,,,,,,,,,,,,,,,,,,,,,,,,,,,,,,,52,stim_fam/052_rgray_250.png,,,,,,,,,,,,,,,,,,,,,,,,,,,,,,,,,,,,,2.156189921,1159.9446,1162.0838,,,,,,,,FALSE,,FALSE,,,,,,,,,,,,1162.0848,1162.85,p,0.6582,,145,178,3,1,250,novel,,,FALSE,1162.8501,1162.8503,1162.8503,1162.8504,,144,0,144,0,1,,
,,,,,6a31580ed0490d0974196c43,2026-06-16_15h14.42.938,WP1_3,2025.2.3,MacIntel,30.21148036,6a1d08d5adcf20d7d84305a6,6a030b8ba3607712b5d4bf26,,,,,,,,,,,,,,,,,,,,,,,,,,,,,,,,,,,,,,,,,,,,,,,,,,,,,,,,,,,,12,stim_fam/012_rgray_250.png,,,,,,,,,,,,,,,,,,,,,,,,,,,,,,,,,,,,,2.007015919,1162.8507,1164.8492,,,,,,,,FALSE,,FALSE,,,,,,,,,,,,1164.85,1165.8714,p,0.916,,146,156,3,1,250,novel,,,FALSE,1165.8716,1165.8717,1165.8717,1165.8718,,145,0,145,0,1,,
,,,,,6a31580ed0490d0974196c43,2026-06-16_15h14.42.938,WP1_3,2025.2.3,MacIntel,30.21148036,6a1d08d5adcf20d7d84305a6,6a030b8ba3607712b5d4bf26,,,,,,,,,,,,,,,,,,,,,,,,,,,,,,,,,,,,,,,,,,,,,,,,,,,,,,,,,,,,12,Celebrities_Faces/012_03_greyscale_250.png,,,,,,,,,,,,,,,,,,,,,,,,,,,,,,,,,,,,,1.961606182,1165.8721,1167.8225,,,,,,,,TRUE,,FALSE,,,,,,,,,,,,1167.8233,1168.6143,q,0.6836,,147,130,3,1,3,familiar,,,FALSE,1168.6145,1168.6146,1168.6146,1168.6146,,146,0,146,0,1,,
,,,,,6a31580ed0490d0974196c43,2026-06-16_15h14.42.938,WP1_3,2025.2.3,MacIntel,30.21148036,6a1d08d5adcf20d7d84305a6,6a030b8ba3607712b5d4bf26,,,,,,,,,,,,,,,,,,,,,,,,,,,,,,,,,,,,,,,,,,,,,,,,,,,,,,,,,,,,42,Celebrities_Faces/042_01_greyscale_250.png,,,,,,,,,,,,,,,,,,,,,,,,,,,,,,,,,,,,,2.286408454,1168.615,1170.8772,,,,,,,,TRUE,,FALSE,,,,,,,,,,,,1170.8781,1171.7346,q,0.7498,,148,136,3,1,1,familiar,,,FALSE,1171.7347,1171.7348,1171.7348,1171.7349,,147,0,147,0,1,,
,,,,,6a31580ed0490d0974196c43,2026-06-16_15h14.42.938,WP1_3,2025.2.3,MacIntel,30.21148036,6a1d08d5adcf20d7d84305a6,6a030b8ba3607712b5d4bf26,,,,,,,,,,,,,,,,,,,,,,,,,,,,,,,,,,,,,,,,,,,,,,,,,,,,,,,,,,,,2,Celebrities_Faces/002_01_greyscale_250.png,,,,,,,,,,,,,,,,,,,,,,,,,,,,,,,,,,,,,1.723329726,1171.7353,1173.4738,,,,,,,,TRUE,,FALSE,,,,,,,,,,,,1173.4746,1174.4823,q,0.8934,,149,135,3,1,1,familiar,,,FALSE,1174.4824,1174.4825,1174.4826,1174.4826,,148,0,148,0,1,,
,,,,,6a31580ed0490d0974196c43,2026-06-16_15h14.42.938,WP1_3,2025.2.3,MacIntel,30.21148036,6a1d08d5adcf20d7d84305a6,6a030b8ba3607712b5d4bf26,,,,,,,,,,,,,,,,,,,,,,,,,,,,,,,,,,,,,,,,,,,,,,,,,,,,,,,,,,,,27,stim_fam/027_rgray_250.png,,,,,,,,,,,,,,,,,,,,,,,,,,,,,,,,,,,,,1.559148073,1174.4829,1176.049,,,,,,,,FALSE,,FALSE,,,,,,,,,,,,1176.0499,1176.8886,p,0.7244,,150,151,3,1,250,novel,,,FALSE,1176.8888,1176.8889,1176.8889,1176.889,,149,0,149,0,1,,
,,,,,6a31580ed0490d0974196c43,2026-06-16_15h14.42.938,WP1_3,2025.2.3,MacIntel,30.21148036,6a1d08d5adcf20d7d84305a6,6a030b8ba3607712b5d4bf26,,,,,,,,,,,,,,,,,,,,,,,,,,,,,,,,,,,,,,,,,,,,,,,,,,,,,,,,,,,,29,Celebrities_Faces/029_02_greyscale_250.png,,,,,,,,,,,,,,,,,,,,,,,,,,,,,,,,,,,,,1.749435072,1176.8892,1178.6058,,,,,,,,TRUE,,FALSE,,,,,,,,,,,,1178.6065,1179.3598,p,0.6445,,151,125,3,1,2,familiar,,,FALSE,1179.36,1179.3601,1179.3601,1179.3603,,150,0,150,0,1,,
,,,,,6a31580ed0490d0974196c43,2026-06-16_15h14.42.938,WP1_3,2025.2.3,MacIntel,30.21148036,6a1d08d5adcf20d7d84305a6,6a030b8ba3607712b5d4bf26,,,,,,,,,,,,,,,,,,,,,,,,,,,,,,,,,,,,,,,,,,,,,,,,,,,,,,,,,,,,94,stim_fam/094_rgray_250.png,,,,,,,,,,,,,,,,,,,,,,,,,,,,,,,,,,,,,1.769023949,1179.3606,1181.1308,,,,,,,,FALSE,,FALSE,,,,,,,,,,,,1181.1316,1181.8902,p,0.6477,,152,167,3,1,250,novel,,,FALSE,1181.8905,1181.8905,1181.8905,1181.8906,,151,0,151,0,1,,
,,,,,6a31580ed0490d0974196c43,2026-06-16_15h14.42.938,WP1_3,2025.2.3,MacIntel,30.21148036,6a1d08d5adcf20d7d84305a6,6a030b8ba3607712b5d4bf26,,,,,,,,,,,,,,,,,,,,,,,,,,,,,,,,,,,,,,,,,,,,,,,,,,,,,,,,,,,,46,Celebrities_Faces/046_03_greyscale_250.png,,,,,,,,,,,,,,,,,,,,,,,,,,,,,,,,,,,,,2.070509304,1181.891,1183.9363,,,,,,,,TRUE,,FALSE,,,,,,,,,,,,1183.9371,1184.8052,q,0.7598,,153,143,3,1,3,familiar,,,FALSE,1184.8054,1184.8054,1184.8054,1184.8055,,152,0,152,0,1,,
,,,,,6a31580ed0490d0974196c43,2026-06-16_15h14.42.938,WP1_3,2025.2.3,MacIntel,30.21148036,6a1d08d5adcf20d7d84305a6,6a030b8ba3607712b5d4bf26,,,,,,,,,,,,,,,,,,,,,,,,,,,,,,,,,,,,,,,,,,,,,,,,,,,,,,,,,,,,36,stim_fam/036_rgray_250.png,,,,,,,,,,,,,,,,,,,,,,,,,,,,,,,,,,,,,2.160928547,1184.8058,1186.9482,,,,,,,,FALSE,,FALSE,,,,,,,,,,,,1186.9491,1187.7895,p,0.7268,,154,180,3,1,250,novel,,,FALSE,1187.7897,1187.7898,1187.7898,1187.79,,153,0,153,0,1,,
,,,,,6a31580ed0490d0974196c43,2026-06-16_15h14.42.938,WP1_3,2025.2.3,MacIntel,30.21148036,6a1d08d5adcf20d7d84305a6,6a030b8ba3607712b5d4bf26,,,,,,,,,,,,,,,,,,,,,,,,,,,,,,,,,,,,,,,,,,,,,,,,,,,,,,,,,,,,17,stim_fam/017_rgray_250.png,,,,,,,,,,,,,,,,,,,,,,,,,,,,,,,,,,,,,2.204073019,1187.7903,1189.9948,,,,,,,,FALSE,,FALSE,,,,,,,,,,,,1189.9956,1190.7061,p,0.6013,,155,164,3,1,250,novel,,,FALSE,1190.7063,1190.7064,1190.7064,1190.7064,,154,0,154,0,1,,
,,,,,6a31580ed0490d0974196c43,2026-06-16_15h14.42.938,WP1_3,2025.2.3,MacIntel,30.21148036,6a1d08d5adcf20d7d84305a6,6a030b8ba3607712b5d4bf26,,,,,,,,,,,,,,,,,,,,,,,,,,,,,,,,,,,,,,,,,,,,,,,,,,,,,,,,,,,,38,Celebrities_Faces/038_01_greyscale_250.png,,,,,,,,,,,,,,,,,,,,,,,,,,,,,,,,,,,,,1.984530613,1190.7068,1192.6678,,,,,,,,TRUE,,FALSE,,,,,,,,,,,,1192.6686,1193.535,p,0.7531,,156,128,3,1,1,familiar,,,FALSE,1193.5352,1193.5353,1193.5353,1193.5354,,155,0,155,0,1,,
,,,,,6a31580ed0490d0974196c43,2026-06-16_15h14.42.938,WP1_3,2025.2.3,MacIntel,30.21148036,6a1d08d5adcf20d7d84305a6,6a030b8ba3607712b5d4bf26,,,,,,,,,,,,,,,,,,,,,,,,,,,,,,,,,,,,,,,,,,,,,,,,,,,,,,,,,,,,7,stim_fam/007_rgray_250.png,,,,,,,,,,,,,,,,,,,,,,,,,,,,,,,,,,,,,1.660305247,1193.5357,1195.2041,,,,,,,,FALSE,,FALSE,,,,,,,,,,,,1195.205,1196.1317,p,0.8201,,157,168,3,1,250,novel,,,FALSE,1196.1318,1196.1319,1196.1319,1196.132,,156,0,156,0,1,,
,,,,,6a31580ed0490d0974196c43,2026-06-16_15h14.42.938,WP1_3,2025.2.3,MacIntel,30.21148036,6a1d08d5adcf20d7d84305a6,6a030b8ba3607712b5d4bf26,,,,,,,,,,,,,,,,,,,,,,,,,,,,,,,,,,,,,,,,,,,,,,,,,,,,,,,,,,,,80,stim_fam/080_rgray_250.png,,,,,,,,,,,,,,,,,,,,,,,,,,,,,,,,,,,,,1.617579734,1196.1324,1197.7294,,,,,,,,FALSE,,FALSE,,,,,,,,,,,,1197.7302,1198.683,p,0.8446,,158,162,3,1,250,novel,,,FALSE,1198.6832,1198.6832,1198.6832,1198.6833,,157,0,157,0,1,,
,,,,,6a31580ed0490d0974196c43,2026-06-16_15h14.42.938,WP1_3,2025.2.3,MacIntel,30.21148036,6a1d08d5adcf20d7d84305a6,6a030b8ba3607712b5d4bf26,,,,,,,,,,,,,,,,,,,,,,,,,,,,,,,,,,,,,,,,,,,,,,,,,,,,,,,,,,,,60,stim_fam/060_rgray_250.png,,,,,,,,,,,,,,,,,,,,,,,,,,,,,,,,,,,,,2.434257012,1198.6837,1201.1161,,,,,,,,FALSE,,FALSE,,,,,,,,,,,,1201.1168,1201.8017,p,0.5779,,159,160,3,1,250,novel,,,FALSE,1201.8019,1201.802,1201.802,1201.8021,,158,0,158,0,1,,
,,,,,6a31580ed0490d0974196c43,2026-06-16_15h14.42.938,WP1_3,2025.2.3,MacIntel,30.21148036,6a1d08d5adcf20d7d84305a6,6a030b8ba3607712b5d4bf26,,,,,,,,,,,,,,,,,,,,,,,,,,,,,,,,,,,,,,,,,,,,,,,,,,,,,,,,,,,,16,Celebrities_Faces/016_02_greyscale_250.png,,,,,,,,,,,,,,,,,,,,,,,,,,,,,,,,,,,,,2.413383495,1201.8024,1204.2144,,,,,,,,TRUE,,FALSE,,,,,,,,,,,,1204.2152,1205.085,q,0.7635,,160,127,3,1,2,familiar,,,FALSE,1205.0853,1205.0853,1205.0853,1205.0854,,159,0,159,0,1,,
,,,,,6a31580ed0490d0974196c43,2026-06-16_15h14.42.938,WP1_3,2025.2.3,MacIntel,30.21148036,6a1d08d5adcf20d7d84305a6,6a030b8ba3607712b5d4bf26,,,,,,,,,,,,,,,,,,,,,,,,,,,,,,,,,,,,,,,,,,,,,,,,,,,,,,,,,,,,27,Celebrities_Faces/027_01_greyscale_250.png,,,,,,,,,,,,,,,,,,,,,,,,,,,,,,,,,,,,,2.492902156,1205.0857,1207.583,,,,,,,,TRUE,,FALSE,,,,,,,,,,,,1207.5838,1208.4503,q,0.754,,161,133,3,1,1,familiar,,,FALSE,1208.4505,1208.4506,1208.4506,1208.4506,,160,0,160,0,1,,
,,,,,6a31580ed0490d0974196c43,2026-06-16_15h14.42.938,WP1_3,2025.2.3,MacIntel,30.21148036,6a1d08d5adcf20d7d84305a6,6a030b8ba3607712b5d4bf26,,,,,,,,,,,,,,,,,,,,,,,,,,,,,,,,,,,,,,,,,,,,,,,,,,,,,,,,,,,,32,Celebrities_Faces/032_01_greyscale_250.png,,,,,,,,,,,,,,,,,,,,,,,,,,,,,,,,,,,,,2.488415819,1208.451,1210.9389,,,,,,,,TRUE,,FALSE,,,,,,,,,,,,1210.9396,1211.6879,q,0.6423,,162,145,3,1,1,familiar,,,FALSE,1211.6881,1211.6882,1211.6882,1211.6884,,161,0,161,0,1,,
,,,,,6a31580ed0490d0974196c43,2026-06-16_15h14.42.938,WP1_3,2025.2.3,MacIntel,30.21148036,6a1d08d5adcf20d7d84305a6,6a030b8ba3607712b5d4bf26,,,,,,,,,,,,,,,,,,,,,,,,,,,,,,,,,,,,,,,,,,,,,,,,,,,,,,,,,,,,1,Celebrities_Faces/001_02_greyscale_250.png,,,,,,,,,,,,,,,,,,,,,,,,,,,,,,,,,,,,,2.4689394,1211.6887,1214.167,,,,,,,,TRUE,,FALSE,,,,,,,,,,,,1214.1677,1215.042,q,0.7608,,163,132,3,1,2,familiar,,,FALSE,1215.0423,1215.0424,1215.0424,1215.0425,,162,0,162,0,1,,
,,,,,6a31580ed0490d0974196c43,2026-06-16_15h14.42.938,WP1_3,2025.2.3,MacIntel,30.21148036,6a1d08d5adcf20d7d84305a6,6a030b8ba3607712b5d4bf26,,,,,,,,,,,,,,,,,,,,,,,,,,,,,,,,,,,,,,,,,,,,,,,,,,,,,,,,,,,,52,Celebrities_Faces/052_03_greyscale_250.png,,,,,,,,,,,,,,,,,,,,,,,,,,,,,,,,,,,,,2.091757843,1215.0429,1217.1141,,,,,,,,TRUE,,FALSE,,,,,,,,,,,,1217.1149,1217.9482,q,0.725,,164,139,3,1,3,familiar,,,FALSE,1217.9483,1217.9484,1217.9484,1217.9485,,163,0,163,0,1,,
,,,,,6a31580ed0490d0974196c43,2026-06-16_15h14.42.938,WP1_3,2025.2.3,MacIntel,30.21148036,6a1d08d5adcf20d7d84305a6,6a030b8ba3607712b5d4bf26,,,,,,,,,,,,,,,,,,,,,,,,,,,,,,,,,,,,,,,,,,,,,,,,,,,,,,,,,,,,45,Celebrities_Faces/045_02_greyscale_250.png,,,,,,,,,,,,,,,,,,,,,,,,,,,,,,,,,,,,,1.806741969,1217.9489,1219.7634,,,,,,,,TRUE,,FALSE,,,,,,,,,,,,1219.7641,1220.6135,q,0.7415,,165,147,3,1,2,familiar,,,FALSE,1220.6137,1220.6138,1220.6138,1220.6139,,164,0,164,0,1,,
,,,,,6a31580ed0490d0974196c43,2026-06-16_15h14.42.938,WP1_3,2025.2.3,MacIntel,30.21148036,6a1d08d5adcf20d7d84305a6,6a030b8ba3607712b5d4bf26,,,,,,,,,,,,,,,,,,,,,,,,,,,,,,,,,,,,,,,,,,,,,,,,,,,,,,,,,,,,6,stim_fam/006_rgray_250.png,,,,,,,,,,,,,,,,,,,,,,,,,,,,,,,,,,,,,1.577965711,1220.6142,1222.1796,,,,,,,,FALSE,,FALSE,,,,,,,,,,,,1222.1805,1223.0999,p,0.8124,,166,152,3,1,250,novel,,,FALSE,1223.1,1223.1001,1223.1001,1223.1002,,165,0,165,0,1,,
,,,,,6a31580ed0490d0974196c43,2026-06-16_15h14.42.938,WP1_3,2025.2.3,MacIntel,30.21148036,6a1d08d5adcf20d7d84305a6,6a030b8ba3607712b5d4bf26,,,,,,,,,,,,,,,,,,,,,,,,,,,,,,,,,,,,,,,,,,,,,,,,,,,,,,,,,,,,9,stim_fam/009_rgray_250.png,,,,,,,,,,,,,,,,,,,,,,,,,,,,,,,,,,,,,2.494191365,1223.1006,1225.5818,,,,,,,,FALSE,,FALSE,,,,,,,,,,,,1225.5826,1226.4859,p,0.7974,,167,166,3,1,250,novel,,,FALSE,1226.4861,1226.4861,1226.4861,1226.4862,,166,0,166,0,1,,
,,,,,6a31580ed0490d0974196c43,2026-06-16_15h14.42.938,WP1_3,2025.2.3,MacIntel,30.21148036,6a1d08d5adcf20d7d84305a6,6a030b8ba3607712b5d4bf26,,,,,,,,,,,,,,,,,,,,,,,,,,,,,,,,,,,,,,,,,,,,,,,,,,,,,,,,,,,,36,Celebrities_Faces/036_03_greyscale_250.png,,,,,,,,,,,,,,,,,,,,,,,,,,,,,,,,,,,,,1.54545914,1226.4866,1228.0112,,,,,,,,TRUE,,FALSE,,,,,,,,,,,,1228.0118,1228.8781,p,0.7607,,168,122,3,1,3,familiar,,,FALSE,1228.8783,1228.8784,1228.8784,1228.8784,,167,0,167,0,1,,
,,,,,6a31580ed0490d0974196c43,2026-06-16_15h14.42.938,WP1_3,2025.2.3,MacIntel,30.21148036,6a1d08d5adcf20d7d84305a6,6a030b8ba3607712b5d4bf26,,,,,,,,,,,,,,,,,,,,,,,,,,,,,,,,,,,,,,,,,,,,,,,,,,,,,,,,,,,,19,Celebrities_Faces/019_03_greyscale_250.png,,,,,,,,,,,,,,,,,,,,,,,,,,,,,,,,,,,,,1.921408966,1228.8789,1230.7893,,,,,,,,TRUE,,TRUE,,,,,,,,,,,,1230.7901,1231.9188,q,1.0209,,169,131,3,1,3,familiar,,,FALSE,1231.919,1232.9138,1232.9138,1232.9139,,168,0,168,0,1,,
,,,,,6a31580ed0490d0974196c43,2026-06-16_15h14.42.938,WP1_3,2025.2.3,MacIntel,30.21148036,6a1d08d5adcf20d7d84305a6,6a030b8ba3607712b5d4bf26,,,,,,,,,,,,,,,,,,,,,,,,,,,,,,,,,,,,,,,,,,,,,,,,,,,,,,,,,,,,88,stim_fam/088_rgray_250.png,,,,,,,,,,,,,,,,,,,,,,,,,,,,,,,,,,,,,1.955365787,1232.9143,1234.8579,,,,,,,,FALSE,,FALSE,,,,,,,,,,,,1234.8585,1235.8675,p,0.8936,,170,177,3,1,250,novel,,,FALSE,1235.8677,1235.8677,1235.8677,1235.8679,,169,0,169,0,1,,
,,,,,6a31580ed0490d0974196c43,2026-06-16_15h14.42.938,WP1_3,2025.2.3,MacIntel,30.21148036,6a1d08d5adcf20d7d84305a6,6a030b8ba3607712b5d4bf26,,,,,,,,,,,,,,,,,,,,,,,,,,,,,,,,,,,,,,,,,,,,,,,,,,,,,,,,,,,,84,stim_fam/084_rgray_250.png,,,,,,,,,,,,,,,,,,,,,,,,,,,,,,,,,,,,,1.612740757,1235.8681,1237.4569,,,,,,,,FALSE,,FALSE,,,,,,,,,,,,1237.4578,1238.2415,p,0.6747,,171,161,3,1,250,novel,,,FALSE,1238.2417,1238.2418,1238.2418,1238.2419,,170,0,170,0,1,,
,,,,,6a31580ed0490d0974196c43,2026-06-16_15h14.42.938,WP1_3,2025.2.3,MacIntel,30.21148036,6a1d08d5adcf20d7d84305a6,6a030b8ba3607712b5d4bf26,,,,,,,,,,,,,,,,,,,,,,,,,,,,,,,,,,,,,,,,,,,,,,,,,,,,,,,,,,,,14,Celebrities_Faces/014_01_greyscale_250.png,,,,,,,,,,,,,,,,,,,,,,,,,,,,,,,,,,,,,2.355502451,1238.2421,1240.5941,,,,,,,,TRUE,,FALSE,,,,,,,,,,,,1240.595,1241.3518,p,0.6482,,172,150,3,1,1,familiar,,,FALSE,1241.352,1241.352,1241.3521,1241.3522,,171,0,171,0,1,,
,,,,,6a31580ed0490d0974196c43,2026-06-16_15h14.42.938,WP1_3,2025.2.3,MacIntel,30.21148036,6a1d08d5adcf20d7d84305a6,6a030b8ba3607712b5d4bf26,,,,,,,,,,,,,,,,,,,,,,,,,,,,,,,,,,,,,,,,,,,,,,,,,,,,,,,,,,,,49,stim_fam/049_rgray_250.png,,,,,,,,,,,,,,,,,,,,,,,,,,,,,,,,,,,,,1.68192016,1241.3525,1243.0368,,,,,,,,FALSE,,FALSE,,,,,,,,,,,,1243.0376,1243.9009,p,0.7555,,173,173,3,1,250,novel,,,FALSE,1243.901,1243.9011,1243.9011,1243.9012,,172,0,172,0,1,,
,,,,,6a31580ed0490d0974196c43,2026-06-16_15h14.42.938,WP1_3,2025.2.3,MacIntel,30.21148036,6a1d08d5adcf20d7d84305a6,6a030b8ba3607712b5d4bf26,,,,,,,,,,,,,,,,,,,,,,,,,,,,,,,,,,,,,,,,,,,,,,,,,,,,,,,,,,,,37,Celebrities_Faces/037_02_greyscale_250.png,,,,,,,,,,,,,,,,,,,,,,,,,,,,,,,,,,,,,1.653924325,1243.9016,1245.541,,,,,,,,TRUE,,FALSE,,,,,,,,,,,,1245.5419,1246.1661,p,0.5133,,174,129,3,1,2,familiar,,,FALSE,1246.1662,1246.1663,1246.1663,1246.1665,,173,0,173,0,1,,
,,,,,6a31580ed0490d0974196c43,2026-06-16_15h14.42.938,WP1_3,2025.2.3,MacIntel,30.21148036,6a1d08d5adcf20d7d84305a6,6a030b8ba3607712b5d4bf26,,,,,,,,,,,,,,,,,,,,,,,,,,,,,,,,,,,,,,,,,,,,,,,,,,,,,,,,,,,,22,stim_fam/022_rgray_250.png,,,,,,,,,,,,,,,,,,,,,,,,,,,,,,,,,,,,,2.266167379,1246.1668,1248.4301,,,,,,,,FALSE,,FALSE,,,,,,,,,,,,1248.4309,1249.2467,p,0.7082,,175,163,3,1,250,novel,,,FALSE,1249.2468,1249.2469,1249.2469,1249.247,,174,0,174,0,1,,
,,,,,6a31580ed0490d0974196c43,2026-06-16_15h14.42.938,WP1_3,2025.2.3,MacIntel,30.21148036,6a1d08d5adcf20d7d84305a6,6a030b8ba3607712b5d4bf26,,,,,,,,,,,,,,,,,,,,,,,,,,,,,,,,,,,,,,,,,,,,,,,,,,,,,,,,,,,,70,stim_fam/070_rgray_250.png,,,,,,,,,,,,,,,,,,,,,,,,,,,,,,,,,,,,,1.769614536,1249.2473,1250.9978,,,,,,,,FALSE,,FALSE,,,,,,,,,,,,1250.9986,1251.6892,p,0.5855,,176,153,3,1,250,novel,,,FALSE,1251.6894,1251.6895,1251.6895,1251.6896,,175,0,175,0,1,,
,,,,,6a31580ed0490d0974196c43,2026-06-16_15h14.42.938,WP1_3,2025.2.3,MacIntel,30.21148036,6a1d08d5adcf20d7d84305a6,6a030b8ba3607712b5d4bf26,,,,,,,,,,,,,,,,,,,,,,,,,,,,,,,,,,,,,,,,,,,,,,,,,,,,,,,,,,,,23,Celebrities_Faces/023_02_greyscale_250.png,,,,,,,,,,,,,,,,,,,,,,,,,,,,,,,,,,,,,2.149941701,1251.69,1253.8322,,,,,,,,TRUE,,FALSE,,,,,,,,,,,,1253.833,1254.7799,p,0.8391,,177,144,3,1,2,familiar,,,FALSE,1254.78,1254.7801,1254.7802,1254.7802,,176,0,176,0,1,,
,,,,,6a31580ed0490d0974196c43,2026-06-16_15h14.42.938,WP1_3,2025.2.3,MacIntel,30.21148036,6a1d08d5adcf20d7d84305a6,6a030b8ba3607712b5d4bf26,,,,,,,,,,,,,,,,,,,,,,,,,,,,,,,,,,,,,,,,,,,,,,,,,,,,,,,,,,,,103,stim_fam/103_rgray_250.png,,,,,,,,,,,,,,,,,,,,,,,,,,,,,,,,,,,,,2.116460144,1254.7806,1256.8741,,,,,,,,FALSE,,FALSE,,,,,,,,,,,,1256.8749,1257.8322,p,0.8511,,178,159,3,1,250,novel,,,FALSE,1257.8323,1257.8324,1257.8324,1257.8325,,177,0,177,0,1,,
,,,,,6a31580ed0490d0974196c43,2026-06-16_15h14.42.938,WP1_3,2025.2.3,MacIntel,30.21148036,6a1d08d5adcf20d7d84305a6,6a030b8ba3607712b5d4bf26,,,,,,,,,,,,,,,,,,,,,,,,,,,,,,,,,,,,,,,,,,,,,,,,,,,,,,,,,,,,1,stim_fam/001_rgray_250.png,,,,,,,,,,,,,,,,,,,,,,,,,,,,,,,,,,,,,1.822046925,1257.8328,1259.645,,,,,,,,FALSE,,FALSE,,,,,,,,,,,,1259.6457,1260.5016,p,0.7498,,179,165,3,1,250,novel,,,FALSE,1260.5017,1260.5019,1260.5019,1260.5019,,178,0,178,0,1,,
,,,,,6a31580ed0490d0974196c43,2026-06-16_15h14.42.938,WP1_3,2025.2.3,MacIntel,30.21148036,6a1d08d5adcf20d7d84305a6,6a030b8ba3607712b5d4bf26,,,,,,,,,,,,,,,,,,,,,,,,,,,,,,,,,,,,,,,,,,,,,,,,,,,,,,,,,,,,31,Celebrities_Faces/031_02_greyscale_250.png,,,,,,,,,,,,,,,,,,,,,,,,,,,,,,,,,,,,,1.739706391,1260.5023,1262.2303,,,,,,,,TRUE,,FALSE,,,,,,,,,,,,1262.231,1262.9398,p,0.6019,,180,142,3,1,2,familiar,,,FALSE,1262.9401,1262.9401,1262.9401,1262.9402,,179,0,179,0,1,,
