Wait.started,Wait.stopped,,date,expName,psychopyVersion,OS,frameRate,participant,study_id,session,Study_information_1.started,Study_information_1.stopped,key_resp_14.keys,key_resp_14.rt,key_resp_14.duration,Study_information_2.started,Study_information_2.stopped,key_resp_17.keys,key_resp_17.rt,key_resp_17.duration,Study_information_3.started,Study_information_3.stopped,key_resp_15.keys,key_resp_15.rt,key_resp_15.duration,Consent.started,Consent.stopped,key_resp_16.keys,key_resp_16.rt,key_resp_16.duration,Face_recognition_task.started,Face_recognition_task.stopped,key_resp_18.keys,key_resp_18.rt,key_resp_18.duration,Instructions_task.started,Instructions_task.stopped,key_resp_19.keys,key_resp_19.rt,key_resp_19.duration,Instructions_fam_1.started,Instructions_fam_1.stopped,key_resp_3.keys,key_resp_3.rt,key_resp_3.duration,Instructions_fam_2.started,Instructions_fam_2.stopped,key_resp_2.keys,key_resp_2.rt,key_resp_2.duration,Instructions_fam_3.started,Instructions_fam_3.stopped,key_resp.keys,key_resp.rt,key_resp.duration,fix_cross.started,fixation_duration,fix_cross.stopped,familiarisation_trial.started,familiarisation_trial.stopped,view_image.started,view_image.stopped,image_loop.thisRepN,image_loop.thisTrialN,image_loop.thisN,image_loop.thisIndex,image_loop.ran,catch_trial.started,catch_trial.stopped,key_resp_catch.keys,key_resp_catch.corr,key_resp_catch.rt,key_resp_catch.duration,Thanks_1.started,Thanks_1.stopped,Break.started,Break.stopped,Instructions_recognition_1.started,Instructions_recognition_1.stopped,Instructions_recognition_2.started,Instructions_recognition_2.stopped,rec_trial.started,rec_trial.stopped,response_recog.keys,response_recog.corr,response_recog.rt,response_recog.duration,recognition_loop.thisRepN,recognition_loop.thisTrialN,recognition_loop.thisN,recognition_loop.thisIndex,recognition_loop.ran,Break_recognition.started,Break_recognition.stopped,key_resp_7.keys,key_resp_7.rt,key_resp_7.duration,Next_test.started,Next_test.stopped,Instructions_CFMT_1.started,Instructions_CFMT_1.stopped,Instructions_CFMT_Practice.started,Instructions_CFMT_Practice.stopped,Practice_learn.started,Practice_learn.stopped,ITI.started,ITI.stopped,trials_prac_learn.thisRepN,trials_prac_learn.thisTrialN,trials_prac_learn.thisN,trials_prac_learn.thisIndex,trials_prac_learn.ran,stim_prac,Practice_rec.started,Practice_rec.stopped,key_resp_4.keys,key_resp_4.corr,key_resp_4.rt,key_resp_4.duration,trials_prac_rec.thisRepN,trials_prac_rec.thisTrialN,trials_prac_rec.thisN,trials_prac_rec.thisIndex,trials_prac_rec.ran,stim_prac_rec,corr_answ_prac,Instructions_CFMT_Experiment.started,Instructions_CFMT_Experiment.stopped,Next_face.started,Next_face.stopped,Exp_learn.started,Exp_learn.stopped,trials_learn_exp.thisRepN,trials_learn_exp.thisTrialN,trials_learn_exp.thisN,trials_learn_exp.thisIndex,trials_learn_exp.ran,learn_exp,rec_exp,corr_answ_rec,Exp_rec.started,Exp_rec.stopped,key_resp_9.keys,key_resp_9.corr,key_resp_9.rt,key_resp_9.duration,trials_rec_exp.thisRepN,trials_rec_exp.thisTrialN,trials_rec_exp.thisN,trials_rec_exp.thisIndex,trials_rec_exp.ran,Instructions_CFMT_Experiment_2.started,Instructions_CFMT_Experiment_2.stopped,Review_image.started,Review_image.stopped,Instructions_CFMT_Experiment_3.started,Instructions_CFMT_Experiment_3.stopped,Review_image_skipp.started,Review_image_skipp.stopped,ITI_skipp.started,ITI_skipp.stopped,recognition_2.started,recognition_2.stopped,key_resp_12.keys,key_resp_12.corr,key_resp_12.rt,key_resp_12.duration,trials_rec_CMFT.thisRepN,trials_rec_CMFT.thisTrialN,trials_rec_CMFT.thisN,trials_rec_CMFT.thisIndex,trials_rec_CMFT.ran,image_face,corr_answ,Next_test_2.started,Next_test_2.stopped,experiment_loop.thisRepN,experiment_loop.thisTrialN,experiment_loop.thisN,experiment_loop.thisIndex,experiment_loop.ran,experiment_block,Title,Instructions_1,Prac_learn_stim,Prac_rec_stim,Instructions_2,Instructions_3,Next_Stim,Instructions_4,Instructions_5,Instructions_review,Review_image_stim,Instructions_6,Instructions_7,Instructions_8,conditions_rec,Instructions_9,End_experiment.started,End_experiment.stopped
0.0008,0.001,,2025-08-11_11h46.30.436,CFMT_CCMT_Face_recognition,03.02.2023,MacIntel,59.88023952,56b78f11e77ebe000cbefe79,6899c7d7c4c961a016830ad3,6899c92d8ea81c78b3434de6,,,,,,,,,,,,,,,,,,,,,,,,,,,,,,,,,,,,,,,,,,,,,,,,,,,,,,,,,,,,,,,,,,,,,,,,,,,,,,,,,,,,,,,,,,,,,,,,,,,,,,,,,,,,,,,,,,,,,,,,,,,,,,,,,,,,,,,,,,,,,,,,,,,,,,,,,,,,,,,,,,,,,,,,,,,,,,,,,,,,,,,,,,,,,,
,,,2025-08-11_11h46.30.436,CFMT_CCMT_Face_recognition,03.02.2023,MacIntel,59.88023952,56b78f11e77ebe000cbefe79,6899c7d7c4c961a016830ad3,6899c92d8ea81c78b3434de6,0.0011,21.9435,space,21.9279,,,,,,,,,,,,,,,,,,,,,,,,,,,,,,,,,,,,,,,,,,,,,,,,,,,,,,,,,,,,,,,,,,,,,,,,,,,,,,,,,,,,,,,,,,,,,,,,,,,,,,,,,,,,,,,,,,,,,,,,,,,,,,,,,,,,,,,,,,,,,,,,,,,,,,,,,,,,,,,,,,,,,,,,,,,,,,,,,,,,,,,,,,
,,,2025-08-11_11h46.30.436,CFMT_CCMT_Face_recognition,03.02.2023,MacIntel,59.88023952,56b78f11e77ebe000cbefe79,6899c7d7c4c961a016830ad3,6899c92d8ea81c78b3434de6,,,,,,21.9437,25.3078,space,3.3388,,,,,,,,,,,,,,,,,,,,,,,,,,,,,,,,,,,,,,,,,,,,,,,,,,,,,,,,,,,,,,,,,,,,,,,,,,,,,,,,,,,,,,,,,,,,,,,,,,,,,,,,,,,,,,,,,,,,,,,,,,,,,,,,,,,,,,,,,,,,,,,,,,,,,,,,,,,,,,,,,,,,,,,,,,,,,,,,,,,,,
,,,2025-08-11_11h46.30.436,CFMT_CCMT_Face_recognition,03.02.2023,MacIntel,59.88023952,56b78f11e77ebe000cbefe79,6899c7d7c4c961a016830ad3,6899c92d8ea81c78b3434de6,,,,,,,,,,,25.308,27.6737,space,2.3374,,,,,,,,,,,,,,,,,,,,,,,,,,,,,,,,,,,,,,,,,,,,,,,,,,,,,,,,,,,,,,,,,,,,,,,,,,,,,,,,,,,,,,,,,,,,,,,,,,,,,,,,,,,,,,,,,,,,,,,,,,,,,,,,,,,,,,,,,,,,,,,,,,,,,,,,,,,,,,,,,,,,,,,,,,,,,,,,
,,,2025-08-11_11h46.30.436,CFMT_CCMT_Face_recognition,03.02.2023,MacIntel,59.88023952,56b78f11e77ebe000cbefe79,6899c7d7c4c961a016830ad3,6899c92d8ea81c78b3434de6,,,,,,,,,,,,,,,,27.674,29.675,space,1.9597,,,,,,,,,,,,,,,,,,,,,,,,,,,,,,,,,,,,,,,,,,,,,,,,,,,,,,,,,,,,,,,,,,,,,,,,,,,,,,,,,,,,,,,,,,,,,,,,,,,,,,,,,,,,,,,,,,,,,,,,,,,,,,,,,,,,,,,,,,,,,,,,,,,,,,,,,,,,,,,,,,,,,,,,,,,
,,,2025-08-11_11h46.30.436,CFMT_CCMT_Face_recognition,03.02.2023,MacIntel,59.88023952,56b78f11e77ebe000cbefe79,6899c7d7c4c961a016830ad3,6899c92d8ea81c78b3434de6,,,,,,,,,,,,,,,,,,,,,29.6754,30.958,space,1.25,,,,,,,,,,,,,,,,,,,,,,,,,,,,,,,,,,,,,,,,,,,,,,,,,,,,,,,,,,,,,,,,,,,,,,,,,,,,,,,,,,,,,,,,,,,,,,,,,,,,,,,,,,,,,,,,,,,,,,,,,,,,,,,,,,,,,,,,,,,,,,,,,,,,,,,,,,,,,,,,,,,,,,
,,,2025-08-11_11h46.30.436,CFMT_CCMT_Face_recognition,03.02.2023,MacIntel,59.88023952,56b78f11e77ebe000cbefe79,6899c7d7c4c961a016830ad3,6899c92d8ea81c78b3434de6,,,,,,,,,,,,,,,,,,,,,,,,,,30.9582,32.9411,space,1.9604,,,,,,,,,,,,,,,,,,,,,,,,,,,,,,,,,,,,,,,,,,,,,,,,,,,,,,,,,,,,,,,,,,,,,,,,,,,,,,,,,,,,,,,,,,,,,,,,,,,,,,,,,,,,,,,,,,,,,,,,,,,,,,,,,,,,,,,,,,,,,,,,,,,,,,,,,,,,,,,,,
,,,2025-08-11_11h46.30.436,CFMT_CCMT_Face_recognition,03.02.2023,MacIntel,59.88023952,56b78f11e77ebe000cbefe79,6899c7d7c4c961a016830ad3,6899c92d8ea81c78b3434de6,,,,,,,,,,,,,,,,,,,,,,,,,,,,,,,32.9414,36.6248,space,3.6556,,,,,,,,,,,,,,,,,,,,,,,,,,,,,,,,,,,,,,,,,,,,,,,,,,,,,,,,,,,,,,,,,,,,,,,,,,,,,,,,,,,,,,,,,,,,,,,,,,,,,,,,,,,,,,,,,,,,,,,,,,,,,,,,,,,,,,,,,,,,,,,,,,,,,,,,,,,,
,,,2025-08-11_11h46.30.436,CFMT_CCMT_Face_recognition,03.02.2023,MacIntel,59.88023952,56b78f11e77ebe000cbefe79,6899c7d7c4c961a016830ad3,6899c92d8ea81c78b3434de6,,,,,,,,,,,,,,,,,,,,,,,,,,,,,,,,,,,,36.6256,39.1074,space,2.465,,,,,,,,,,,,,,,,,,,,,,,,,,,,,,,,,,,,,,,,,,,,,,,,,,,,,,,,,,,,,,,,,,,,,,,,,,,,,,,,,,,,,,,,,,,,,,,,,,,,,,,,,,,,,,,,,,,,,,,,,,,,,,,,,,,,,,,,,,,,,,,,,,,,,,,
,,,2025-08-11_11h46.30.436,CFMT_CCMT_Face_recognition,03.02.2023,MacIntel,59.88023952,56b78f11e77ebe000cbefe79,6899c7d7c4c961a016830ad3,6899c92d8ea81c78b3434de6,,,,,,,,,,,,,,,,,,,,,,,,,,,,,,,,,,,,,,,,,39.1076,40.907,space,1.7796,,,,,,,,,,,,,,,,,,,,,,,,,,,,,,,,,,,,,,,,,,,,,,,,,,,,,,,,,,,,,,,,,,,,,,,,,,,,,,,,,,,,,,,,,,,,,,,,,,,,,,,,,,,,,,,,,,,,,,,,,,,,,,,,,,,,,,,,,,,,,,,,,,
,,,2025-08-11_11h46.30.436,CFMT_CCMT_Face_recognition,03.02.2023,MacIntel,59.88023952,56b78f11e77ebe000cbefe79,6899c7d7c4c961a016830ad3,6899c92d8ea81c78b3434de6,,,,,,,,,,,,,,,,,,,,,,,,,,,,,,,,,,,,,,,,,,,,,,40.9113,1.505027334,42.4079,42.4082,42.4086,42.4105,43.1578,0,0,0,0,1,,,,,,,,,,,,,,,,,,,,,,,,,,,,,,,,,,,,,,,,,,,,,,,,,,,,,,,,,,,,,,,,,,,,,,,,,,,,,,,,,,,,,,,,,,,,,,,,,,,,,,,,,,,,,,,,,,,,,,,,,,,,,,,,,,,,,
,,,2025-08-11_11h46.30.436,CFMT_CCMT_Face_recognition,03.02.2023,MacIntel,59.88023952,56b78f11e77ebe000cbefe79,6899c7d7c4c961a016830ad3,6899c92d8ea81c78b3434de6,,,,,,,,,,,,,,,,,,,,,,,,,,,,,,,,,,,,,,,,,,,,,,,,,,,43.1587,43.9075,1,0,1,0,1,,,,,,,,,,,,,,,,,,,,,,,,,,,,,,,,,,,,,,,,,,,,,,,,,,,,,,,,,,,,,,,,,,,,,,,,,,,,,,,,,,,,,,,,,,,,,,,,,,,,,,,,,,,,,,,,,,,,,,,,,,,,,,,,,,,,,
,,,2025-08-11_11h46.30.436,CFMT_CCMT_Face_recognition,03.02.2023,MacIntel,59.88023952,56b78f11e77ebe000cbefe79,6899c7d7c4c961a016830ad3,6899c92d8ea81c78b3434de6,,,,,,,,,,,,,,,,,,,,,,,,,,,,,,,,,,,,,,,,,,,,,,,,,,,43.9082,44.6574,2,0,2,0,1,,,,,,,,,,,,,,,,,,,,,,,,,,,,,,,,,,,,,,,,,,,,,,,,,,,,,,,,,,,,,,,,,,,,,,,,,,,,,,,,,,,,,,,,,,,,,,,,,,,,,,,,,,,,,,,,,,,,,,,,,,,,,,,,,,,,,
,,,2025-08-11_11h46.30.436,CFMT_CCMT_Face_recognition,03.02.2023,MacIntel,59.88023952,56b78f11e77ebe000cbefe79,6899c7d7c4c961a016830ad3,6899c92d8ea81c78b3434de6,,,,,,,,,,,,,,,,,,,,,,,,,,,,,,,,,,,,,,,,,,,,,,,,,,,44.6581,45.4073,3,0,3,0,1,,,,,,,,,,,,,,,,,,,,,,,,,,,,,,,,,,,,,,,,,,,,,,,,,,,,,,,,,,,,,,,,,,,,,,,,,,,,,,,,,,,,,,,,,,,,,,,,,,,,,,,,,,,,,,,,,,,,,,,,,,,,,,,,,,,,,
,,,2025-08-11_11h46.30.436,CFMT_CCMT_Face_recognition,03.02.2023,MacIntel,59.88023952,56b78f11e77ebe000cbefe79,6899c7d7c4c961a016830ad3,6899c92d8ea81c78b3434de6,,,,,,,,,,,,,,,,,,,,,,,,,,,,,,,,,,,,,,,,,,,,,,,,,,,45.4078,46.1564,4,0,4,0,1,,,,,,,,,,,,,,,,,,,,,,,,,,,,,,,,,,,,,,,,,,,,,,,,,,,,,,,,,,,,,,,,,,,,,,,,,,,,,,,,,,,,,,,,,,,,,,,,,,,,,,,,,,,,,,,,,,,,,,,,,,,,,,,,,,,,,
,,,2025-08-11_11h46.30.436,CFMT_CCMT_Face_recognition,03.02.2023,MacIntel,59.88023952,56b78f11e77ebe000cbefe79,6899c7d7c4c961a016830ad3,6899c92d8ea81c78b3434de6,,,,,,,,,,,,,,,,,,,,,,,,,,,,,,,,,,,,,,,,,,,,,,,,,,,46.1569,46.9075,5,0,5,0,1,,,,,,,,,,,,,,,,,,,,,,,,,,,,,,,,,,,,,,,,,,,,,,,,,,,,,,,,,,,,,,,,,,,,,,,,,,,,,,,,,,,,,,,,,,,,,,,,,,,,,,,,,,,,,,,,,,,,,,,,,,,,,,,,,,,,,
,,,2025-08-11_11h46.30.436,CFMT_CCMT_Face_recognition,03.02.2023,MacIntel,59.88023952,56b78f11e77ebe000cbefe79,6899c7d7c4c961a016830ad3,6899c92d8ea81c78b3434de6,,,,,,,,,,,,,,,,,,,,,,,,,,,,,,,,,,,,,,,,,,,,,,46.9116,1.888488341,48.7898,48.79,48.7901,48.7918,49.5408,0,0,0,0,1,46.9084,46.9113,,0,,,,,,,,,,,,,,,,,,,,,,,,,,,,,,,,,,,,,,,,,,,,,,,,,,,,,,,,,,,,,,,,,,,,,,,,,,,,,,,,,,,,,,,,,,,,,,,,,,,,,,,,,,,,,,,,,,,,,,,,,,,,,,,,,
,,,2025-08-11_11h46.30.436,CFMT_CCMT_Face_recognition,03.02.2023,MacIntel,59.88023952,56b78f11e77ebe000cbefe79,6899c7d7c4c961a016830ad3,6899c92d8ea81c78b3434de6,,,,,,,,,,,,,,,,,,,,,,,,,,,,,,,,,,,,,,,,,,,,,,,,,,,49.5416,50.2907,1,0,1,0,1,,,,,,,,,,,,,,,,,,,,,,,,,,,,,,,,,,,,,,,,,,,,,,,,,,,,,,,,,,,,,,,,,,,,,,,,,,,,,,,,,,,,,,,,,,,,,,,,,,,,,,,,,,,,,,,,,,,,,,,,,,,,,,,,,,,,,
,,,2025-08-11_11h46.30.436,CFMT_CCMT_Face_recognition,03.02.2023,MacIntel,59.88023952,56b78f11e77ebe000cbefe79,6899c7d7c4c961a016830ad3,6899c92d8ea81c78b3434de6,,,,,,,,,,,,,,,,,,,,,,,,,,,,,,,,,,,,,,,,,,,,,,,,,,,50.2912,51.0407,2,0,2,0,1,,,,,,,,,,,,,,,,,,,,,,,,,,,,,,,,,,,,,,,,,,,,,,,,,,,,,,,,,,,,,,,,,,,,,,,,,,,,,,,,,,,,,,,,,,,,,,,,,,,,,,,,,,,,,,,,,,,,,,,,,,,,,,,,,,,,,
,,,2025-08-11_11h46.30.436,CFMT_CCMT_Face_recognition,03.02.2023,MacIntel,59.88023952,56b78f11e77ebe000cbefe79,6899c7d7c4c961a016830ad3,6899c92d8ea81c78b3434de6,,,,,,,,,,,,,,,,,,,,,,,,,,,,,,,,,,,,,,,,,,,,,,,,,,,51.0414,51.7907,3,0,3,0,1,,,,,,,,,,,,,,,,,,,,,,,,,,,,,,,,,,,,,,,,,,,,,,,,,,,,,,,,,,,,,,,,,,,,,,,,,,,,,,,,,,,,,,,,,,,,,,,,,,,,,,,,,,,,,,,,,,,,,,,,,,,,,,,,,,,,,
,,,2025-08-11_11h46.30.436,CFMT_CCMT_Face_recognition,03.02.2023,MacIntel,59.88023952,56b78f11e77ebe000cbefe79,6899c7d7c4c961a016830ad3,6899c92d8ea81c78b3434de6,,,,,,,,,,,,,,,,,,,,,,,,,,,,,,,,,,,,,,,,,,,,,,,,,,,51.7913,52.5407,4,0,4,0,1,,,,,,,,,,,,,,,,,,,,,,,,,,,,,,,,,,,,,,,,,,,,,,,,,,,,,,,,,,,,,,,,,,,,,,,,,,,,,,,,,,,,,,,,,,,,,,,,,,,,,,,,,,,,,,,,,,,,,,,,,,,,,,,,,,,,,
,,,2025-08-11_11h46.30.436,CFMT_CCMT_Face_recognition,03.02.2023,MacIntel,59.88023952,56b78f11e77ebe000cbefe79,6899c7d7c4c961a016830ad3,6899c92d8ea81c78b3434de6,,,,,,,,,,,,,,,,,,,,,,,,,,,,,,,,,,,,,,,,,,,,,,,,,,,52.5414,53.2898,5,0,5,0,1,,,,,,,,,,,,,,,,,,,,,,,,,,,,,,,,,,,,,,,,,,,,,,,,,,,,,,,,,,,,,,,,,,,,,,,,,,,,,,,,,,,,,,,,,,,,,,,,,,,,,,,,,,,,,,,,,,,,,,,,,,,,,,,,,,,,,
,,,2025-08-11_11h46.30.436,CFMT_CCMT_Face_recognition,03.02.2023,MacIntel,59.88023952,56b78f11e77ebe000cbefe79,6899c7d7c4c961a016830ad3,6899c92d8ea81c78b3434de6,,,,,,,,,,,,,,,,,,,,,,,,,,,,,,,,,,,,,,,,,,,,,,53.2911,1.996342703,55.2908,55.2909,55.2909,55.2922,56.0407,0,0,0,0,1,53.2898,53.2909,,0,,,,,,,,,,,,,,,,,,,,,,,,,,,,,,,,,,,,,,,,,,,,,,,,,,,,,,,,,,,,,,,,,,,,,,,,,,,,,,,,,,,,,,,,,,,,,,,,,,,,,,,,,,,,,,,,,,,,,,,,,,,,,,,,,
,,,2025-08-11_11h46.30.436,CFMT_CCMT_Face_recognition,03.02.2023,MacIntel,59.88023952,56b78f11e77ebe000cbefe79,6899c7d7c4c961a016830ad3,6899c92d8ea81c78b3434de6,,,,,,,,,,,,,,,,,,,,,,,,,,,,,,,,,,,,,,,,,,,,,,,,,,,56.0413,56.7907,1,0,1,0,1,,,,,,,,,,,,,,,,,,,,,,,,,,,,,,,,,,,,,,,,,,,,,,,,,,,,,,,,,,,,,,,,,,,,,,,,,,,,,,,,,,,,,,,,,,,,,,,,,,,,,,,,,,,,,,,,,,,,,,,,,,,,,,,,,,,,,
,,,2025-08-11_11h46.30.436,CFMT_CCMT_Face_recognition,03.02.2023,MacIntel,59.88023952,56b78f11e77ebe000cbefe79,6899c7d7c4c961a016830ad3,6899c92d8ea81c78b3434de6,,,,,,,,,,,,,,,,,,,,,,,,,,,,,,,,,,,,,,,,,,,,,,,,,,,56.7913,57.5407,2,0,2,0,1,,,,,,,,,,,,,,,,,,,,,,,,,,,,,,,,,,,,,,,,,,,,,,,,,,,,,,,,,,,,,,,,,,,,,,,,,,,,,,,,,,,,,,,,,,,,,,,,,,,,,,,,,,,,,,,,,,,,,,,,,,,,,,,,,,,,,
,,,2025-08-11_11h46.30.436,CFMT_CCMT_Face_recognition,03.02.2023,MacIntel,59.88023952,56b78f11e77ebe000cbefe79,6899c7d7c4c961a016830ad3,6899c92d8ea81c78b3434de6,,,,,,,,,,,,,,,,,,,,,,,,,,,,,,,,,,,,,,,,,,,,,,,,,,,57.5413,58.2903,3,0,3,0,1,,,,,,,,,,,,,,,,,,,,,,,,,,,,,,,,,,,,,,,,,,,,,,,,,,,,,,,,,,,,,,,,,,,,,,,,,,,,,,,,,,,,,,,,,,,,,,,,,,,,,,,,,,,,,,,,,,,,,,,,,,,,,,,,,,,,,
,,,2025-08-11_11h46.30.436,CFMT_CCMT_Face_recognition,03.02.2023,MacIntel,59.88023952,56b78f11e77ebe000cbefe79,6899c7d7c4c961a016830ad3,6899c92d8ea81c78b3434de6,,,,,,,,,,,,,,,,,,,,,,,,,,,,,,,,,,,,,,,,,,,,,,,,,,,58.2905,59.0406,4,0,4,0,1,,,,,,,,,,,,,,,,,,,,,,,,,,,,,,,,,,,,,,,,,,,,,,,,,,,,,,,,,,,,,,,,,,,,,,,,,,,,,,,,,,,,,,,,,,,,,,,,,,,,,,,,,,,,,,,,,,,,,,,,,,,,,,,,,,,,,
,,,2025-08-11_11h46.30.436,CFMT_CCMT_Face_recognition,03.02.2023,MacIntel,59.88023952,56b78f11e77ebe000cbefe79,6899c7d7c4c961a016830ad3,6899c92d8ea81c78b3434de6,,,,,,,,,,,,,,,,,,,,,,,,,,,,,,,,,,,,,,,,,,,,,,,,,,,59.0411,59.7893,5,0,5,0,1,,,,,,,,,,,,,,,,,,,,,,,,,,,,,,,,,,,,,,,,,,,,,,,,,,,,,,,,,,,,,,,,,,,,,,,,,,,,,,,,,,,,,,,,,,,,,,,,,,,,,,,,,,,,,,,,,,,,,,,,,,,,,,,,,,,,,
,,,2025-08-11_11h46.30.436,CFMT_CCMT_Face_recognition,03.02.2023,MacIntel,59.88023952,56b78f11e77ebe000cbefe79,6899c7d7c4c961a016830ad3,6899c92d8ea81c78b3434de6,,,,,,,,,,,,,,,,,,,,,,,,,,,,,,,,,,,,,,,,,,,,,,59.7903,2.279623694,62.0753,62.0754,62.0755,62.0766,62.824,0,0,0,0,1,59.7894,59.7902,,0,,,,,,,,,,,,,,,,,,,,,,,,,,,,,,,,,,,,,,,,,,,,,,,,,,,,,,,,,,,,,,,,,,,,,,,,,,,,,,,,,,,,,,,,,,,,,,,,,,,,,,,,,,,,,,,,,,,,,,,,,,,,,,,,,
,,,2025-08-11_11h46.30.436,CFMT_CCMT_Face_recognition,03.02.2023,MacIntel,59.88023952,56b78f11e77ebe000cbefe79,6899c7d7c4c961a016830ad3,6899c92d8ea81c78b3434de6,,,,,,,,,,,,,,,,,,,,,,,,,,,,,,,,,,,,,,,,,,,,,,,,,,,62.8246,63.5739,1,0,1,0,1,,,,,,,,,,,,,,,,,,,,,,,,,,,,,,,,,,,,,,,,,,,,,,,,,,,,,,,,,,,,,,,,,,,,,,,,,,,,,,,,,,,,,,,,,,,,,,,,,,,,,,,,,,,,,,,,,,,,,,,,,,,,,,,,,,,,,
,,,2025-08-11_11h46.30.436,CFMT_CCMT_Face_recognition,03.02.2023,MacIntel,59.88023952,56b78f11e77ebe000cbefe79,6899c7d7c4c961a016830ad3,6899c92d8ea81c78b3434de6,,,,,,,,,,,,,,,,,,,,,,,,,,,,,,,,,,,,,,,,,,,,,,,,,,,63.5744,64.324,2,0,2,0,1,,,,,,,,,,,,,,,,,,,,,,,,,,,,,,,,,,,,,,,,,,,,,,,,,,,,,,,,,,,,,,,,,,,,,,,,,,,,,,,,,,,,,,,,,,,,,,,,,,,,,,,,,,,,,,,,,,,,,,,,,,,,,,,,,,,,,
,,,2025-08-11_11h46.30.436,CFMT_CCMT_Face_recognition,03.02.2023,MacIntel,59.88023952,56b78f11e77ebe000cbefe79,6899c7d7c4c961a016830ad3,6899c92d8ea81c78b3434de6,,,,,,,,,,,,,,,,,,,,,,,,,,,,,,,,,,,,,,,,,,,,,,,,,,,64.3246,65.0729,3,0,3,0,1,,,,,,,,,,,,,,,,,,,,,,,,,,,,,,,,,,,,,,,,,,,,,,,,,,,,,,,,,,,,,,,,,,,,,,,,,,,,,,,,,,,,,,,,,,,,,,,,,,,,,,,,,,,,,,,,,,,,,,,,,,,,,,,,,,,,,
,,,2025-08-11_11h46.30.436,CFMT_CCMT_Face_recognition,03.02.2023,MacIntel,59.88023952,56b78f11e77ebe000cbefe79,6899c7d7c4c961a016830ad3,6899c92d8ea81c78b3434de6,,,,,,,,,,,,,,,,,,,,,,,,,,,,,,,,,,,,,,,,,,,,,,,,,,,65.0732,65.824,4,0,4,0,1,,,,,,,,,,,,,,,,,,,,,,,,,,,,,,,,,,,,,,,,,,,,,,,,,,,,,,,,,,,,,,,,,,,,,,,,,,,,,,,,,,,,,,,,,,,,,,,,,,,,,,,,,,,,,,,,,,,,,,,,,,,,,,,,,,,,,
,,,2025-08-11_11h46.30.436,CFMT_CCMT_Face_recognition,03.02.2023,MacIntel,59.88023952,56b78f11e77ebe000cbefe79,6899c7d7c4c961a016830ad3,6899c92d8ea81c78b3434de6,,,,,,,,,,,,,,,,,,,,,,,,,,,,,,,,,,,,,,,,,,,,,,,,,,,65.8246,66.5739,5,0,5,0,1,,,,,,,,,,,,,,,,,,,,,,,,,,,,,,,,,,,,,,,,,,,,,,,,,,,,,,,,,,,,,,,,,,,,,,,,,,,,,,,,,,,,,,,,,,,,,,,,,,,,,,,,,,,,,,,,,,,,,,,,,,,,,,,,,,,,,
,,,2025-08-11_11h46.30.436,CFMT_CCMT_Face_recognition,03.02.2023,MacIntel,59.88023952,56b78f11e77ebe000cbefe79,6899c7d7c4c961a016830ad3,6899c92d8ea81c78b3434de6,,,,,,,,,,,,,,,,,,,,,,,,,,,,,,,,,,,,,,,,,,,,,,66.5759,1.705888386,68.2728,68.2729,68.273,68.2737,69.024,0,0,0,0,1,66.5741,66.5756,,0,,,,,,,,,,,,,,,,,,,,,,,,,,,,,,,,,,,,,,,,,,,,,,,,,,,,,,,,,,,,,,,,,,,,,,,,,,,,,,,,,,,,,,,,,,,,,,,,,,,,,,,,,,,,,,,,,,,,,,,,,,,,,,,,,
,,,2025-08-11_11h46.30.436,CFMT_CCMT_Face_recognition,03.02.2023,MacIntel,59.88023952,56b78f11e77ebe000cbefe79,6899c7d7c4c961a016830ad3,6899c92d8ea81c78b3434de6,,,,,,,,,,,,,,,,,,,,,,,,,,,,,,,,,,,,,,,,,,,,,,,,,,,69.0245,69.774,1,0,1,0,1,,,,,,,,,,,,,,,,,,,,,,,,,,,,,,,,,,,,,,,,,,,,,,,,,,,,,,,,,,,,,,,,,,,,,,,,,,,,,,,,,,,,,,,,,,,,,,,,,,,,,,,,,,,,,,,,,,,,,,,,,,,,,,,,,,,,,
,,,2025-08-11_11h46.30.436,CFMT_CCMT_Face_recognition,03.02.2023,MacIntel,59.88023952,56b78f11e77ebe000cbefe79,6899c7d7c4c961a016830ad3,6899c92d8ea81c78b3434de6,,,,,,,,,,,,,,,,,,,,,,,,,,,,,,,,,,,,,,,,,,,,,,,,,,,69.7746,70.5231,2,0,2,0,1,,,,,,,,,,,,,,,,,,,,,,,,,,,,,,,,,,,,,,,,,,,,,,,,,,,,,,,,,,,,,,,,,,,,,,,,,,,,,,,,,,,,,,,,,,,,,,,,,,,,,,,,,,,,,,,,,,,,,,,,,,,,,,,,,,,,,
,,,2025-08-11_11h46.30.436,CFMT_CCMT_Face_recognition,03.02.2023,MacIntel,59.88023952,56b78f11e77ebe000cbefe79,6899c7d7c4c961a016830ad3,6899c92d8ea81c78b3434de6,,,,,,,,,,,,,,,,,,,,,,,,,,,,,,,,,,,,,,,,,,,,,,,,,,,70.5236,71.2739,3,0,3,0,1,,,,,,,,,,,,,,,,,,,,,,,,,,,,,,,,,,,,,,,,,,,,,,,,,,,,,,,,,,,,,,,,,,,,,,,,,,,,,,,,,,,,,,,,,,,,,,,,,,,,,,,,,,,,,,,,,,,,,,,,,,,,,,,,,,,,,
,,,2025-08-11_11h46.30.436,CFMT_CCMT_Face_recognition,03.02.2023,MacIntel,59.88023952,56b78f11e77ebe000cbefe79,6899c7d7c4c961a016830ad3,6899c92d8ea81c78b3434de6,,,,,,,,,,,,,,,,,,,,,,,,,,,,,,,,,,,,,,,,,,,,,,,,,,,71.2744,72.024,4,0,4,0,1,,,,,,,,,,,,,,,,,,,,,,,,,,,,,,,,,,,,,,,,,,,,,,,,,,,,,,,,,,,,,,,,,,,,,,,,,,,,,,,,,,,,,,,,,,,,,,,,,,,,,,,,,,,,,,,,,,,,,,,,,,,,,,,,,,,,,
,,,2025-08-11_11h46.30.436,CFMT_CCMT_Face_recognition,03.02.2023,MacIntel,59.88023952,56b78f11e77ebe000cbefe79,6899c7d7c4c961a016830ad3,6899c92d8ea81c78b3434de6,,,,,,,,,,,,,,,,,,,,,,,,,,,,,,,,,,,,,,,,,,,,,,,,,,,72.0246,72.7741,5,0,5,0,1,,,,,,,,,,,,,,,,,,,,,,,,,,,,,,,,,,,,,,,,,,,,,,,,,,,,,,,,,,,,,,,,,,,,,,,,,,,,,,,,,,,,,,,,,,,,,,,,,,,,,,,,,,,,,,,,,,,,,,,,,,,,,,,,,,,,,
,,,2025-08-11_11h46.30.436,CFMT_CCMT_Face_recognition,03.02.2023,MacIntel,59.88023952,56b78f11e77ebe000cbefe79,6899c7d7c4c961a016830ad3,6899c92d8ea81c78b3434de6,,,,,,,,,,,,,,,,,,,,,,,,,,,,,,,,,,,,,,,,,,,,,,72.7758,1.50957415,74.2738,74.2738,74.2739,74.2749,75.024,0,0,0,0,1,72.7742,72.7755,,0,,,,,,,,,,,,,,,,,,,,,,,,,,,,,,,,,,,,,,,,,,,,,,,,,,,,,,,,,,,,,,,,,,,,,,,,,,,,,,,,,,,,,,,,,,,,,,,,,,,,,,,,,,,,,,,,,,,,,,,,,,,,,,,,,
,,,2025-08-11_11h46.30.436,CFMT_CCMT_Face_recognition,03.02.2023,MacIntel,59.88023952,56b78f11e77ebe000cbefe79,6899c7d7c4c961a016830ad3,6899c92d8ea81c78b3434de6,,,,,,,,,,,,,,,,,,,,,,,,,,,,,,,,,,,,,,,,,,,,,,,,,,,75.0246,75.773,1,0,1,0,1,,,,,,,,,,,,,,,,,,,,,,,,,,,,,,,,,,,,,,,,,,,,,,,,,,,,,,,,,,,,,,,,,,,,,,,,,,,,,,,,,,,,,,,,,,,,,,,,,,,,,,,,,,,,,,,,,,,,,,,,,,,,,,,,,,,,,
,,,2025-08-11_11h46.30.436,CFMT_CCMT_Face_recognition,03.02.2023,MacIntel,59.88023952,56b78f11e77ebe000cbefe79,6899c7d7c4c961a016830ad3,6899c92d8ea81c78b3434de6,,,,,,,,,,,,,,,,,,,,,,,,,,,,,,,,,,,,,,,,,,,,,,,,,,,75.7735,76.524,2,0,2,0,1,,,,,,,,,,,,,,,,,,,,,,,,,,,,,,,,,,,,,,,,,,,,,,,,,,,,,,,,,,,,,,,,,,,,,,,,,,,,,,,,,,,,,,,,,,,,,,,,,,,,,,,,,,,,,,,,,,,,,,,,,,,,,,,,,,,,,
,,,2025-08-11_11h46.30.436,CFMT_CCMT_Face_recognition,03.02.2023,MacIntel,59.88023952,56b78f11e77ebe000cbefe79,6899c7d7c4c961a016830ad3,6899c92d8ea81c78b3434de6,,,,,,,,,,,,,,,,,,,,,,,,,,,,,,,,,,,,,,,,,,,,,,,,,,,76.5246,77.2729,3,0,3,0,1,,,,,,,,,,,,,,,,,,,,,,,,,,,,,,,,,,,,,,,,,,,,,,,,,,,,,,,,,,,,,,,,,,,,,,,,,,,,,,,,,,,,,,,,,,,,,,,,,,,,,,,,,,,,,,,,,,,,,,,,,,,,,,,,,,,,,
,,,2025-08-11_11h46.30.436,CFMT_CCMT_Face_recognition,03.02.2023,MacIntel,59.88023952,56b78f11e77ebe000cbefe79,6899c7d7c4c961a016830ad3,6899c92d8ea81c78b3434de6,,,,,,,,,,,,,,,,,,,,,,,,,,,,,,,,,,,,,,,,,,,,,,,,,,,77.2734,78.024,4,0,4,0,1,,,,,,,,,,,,,,,,,,,,,,,,,,,,,,,,,,,,,,,,,,,,,,,,,,,,,,,,,,,,,,,,,,,,,,,,,,,,,,,,,,,,,,,,,,,,,,,,,,,,,,,,,,,,,,,,,,,,,,,,,,,,,,,,,,,,,
,,,2025-08-11_11h46.30.436,CFMT_CCMT_Face_recognition,03.02.2023,MacIntel,59.88023952,56b78f11e77ebe000cbefe79,6899c7d7c4c961a016830ad3,6899c92d8ea81c78b3434de6,,,,,,,,,,,,,,,,,,,,,,,,,,,,,,,,,,,,,,,,,,,,,,,,,,,78.0247,78.773,5,0,5,0,1,,,,,,,,,,,,,,,,,,,,,,,,,,,,,,,,,,,,,,,,,,,,,,,,,,,,,,,,,,,,,,,,,,,,,,,,,,,,,,,,,,,,,,,,,,,,,,,,,,,,,,,,,,,,,,,,,,,,,,,,,,,,,,,,,,,,,
,,,2025-08-11_11h46.30.436,CFMT_CCMT_Face_recognition,03.02.2023,MacIntel,59.88023952,56b78f11e77ebe000cbefe79,6899c7d7c4c961a016830ad3,6899c92d8ea81c78b3434de6,,,,,,,,,,,,,,,,,,,,,,,,,,,,,,,,,,,,,,,,,,,,,,78.7749,2.108649503,80.8739,80.8741,80.8741,80.8756,81.624,0,0,0,0,1,78.7731,78.7747,,0,,,,,,,,,,,,,,,,,,,,,,,,,,,,,,,,,,,,,,,,,,,,,,,,,,,,,,,,,,,,,,,,,,,,,,,,,,,,,,,,,,,,,,,,,,,,,,,,,,,,,,,,,,,,,,,,,,,,,,,,,,,,,,,,,
,,,2025-08-11_11h46.30.436,CFMT_CCMT_Face_recognition,03.02.2023,MacIntel,59.88023952,56b78f11e77ebe000cbefe79,6899c7d7c4c961a016830ad3,6899c92d8ea81c78b3434de6,,,,,,,,,,,,,,,,,,,,,,,,,,,,,,,,,,,,,,,,,,,,,,,,,,,81.6245,82.3739,1,0,1,0,1,,,,,,,,,,,,,,,,,,,,,,,,,,,,,,,,,,,,,,,,,,,,,,,,,,,,,,,,,,,,,,,,,,,,,,,,,,,,,,,,,,,,,,,,,,,,,,,,,,,,,,,,,,,,,,,,,,,,,,,,,,,,,,,,,,,,,
,,,2025-08-11_11h46.30.436,CFMT_CCMT_Face_recognition,03.02.2023,MacIntel,59.88023952,56b78f11e77ebe000cbefe79,6899c7d7c4c961a016830ad3,6899c92d8ea81c78b3434de6,,,,,,,,,,,,,,,,,,,,,,,,,,,,,,,,,,,,,,,,,,,,,,,,,,,82.3745,83.1235,2,0,2,0,1,,,,,,,,,,,,,,,,,,,,,,,,,,,,,,,,,,,,,,,,,,,,,,,,,,,,,,,,,,,,,,,,,,,,,,,,,,,,,,,,,,,,,,,,,,,,,,,,,,,,,,,,,,,,,,,,,,,,,,,,,,,,,,,,,,,,,
,,,2025-08-11_11h46.30.436,CFMT_CCMT_Face_recognition,03.02.2023,MacIntel,59.88023952,56b78f11e77ebe000cbefe79,6899c7d7c4c961a016830ad3,6899c92d8ea81c78b3434de6,,,,,,,,,,,,,,,,,,,,,,,,,,,,,,,,,,,,,,,,,,,,,,,,,,,83.1237,83.8738,3,0,3,0,1,,,,,,,,,,,,,,,,,,,,,,,,,,,,,,,,,,,,,,,,,,,,,,,,,,,,,,,,,,,,,,,,,,,,,,,,,,,,,,,,,,,,,,,,,,,,,,,,,,,,,,,,,,,,,,,,,,,,,,,,,,,,,,,,,,,,,
,,,2025-08-11_11h46.30.436,CFMT_CCMT_Face_recognition,03.02.2023,MacIntel,59.88023952,56b78f11e77ebe000cbefe79,6899c7d7c4c961a016830ad3,6899c92d8ea81c78b3434de6,,,,,,,,,,,,,,,,,,,,,,,,,,,,,,,,,,,,,,,,,,,,,,,,,,,83.8744,84.6229,4,0,4,0,1,,,,,,,,,,,,,,,,,,,,,,,,,,,,,,,,,,,,,,,,,,,,,,,,,,,,,,,,,,,,,,,,,,,,,,,,,,,,,,,,,,,,,,,,,,,,,,,,,,,,,,,,,,,,,,,,,,,,,,,,,,,,,,,,,,,,,
,,,2025-08-11_11h46.30.436,CFMT_CCMT_Face_recognition,03.02.2023,MacIntel,59.88023952,56b78f11e77ebe000cbefe79,6899c7d7c4c961a016830ad3,6899c92d8ea81c78b3434de6,,,,,,,,,,,,,,,,,,,,,,,,,,,,,,,,,,,,,,,,,,,,,,,,,,,84.6233,85.3741,5,0,5,0,1,,,,,,,,,,,,,,,,,,,,,,,,,,,,,,,,,,,,,,,,,,,,,,,,,,,,,,,,,,,,,,,,,,,,,,,,,,,,,,,,,,,,,,,,,,,,,,,,,,,,,,,,,,,,,,,,,,,,,,,,,,,,,,,,,,,,,
,,,2025-08-11_11h46.30.436,CFMT_CCMT_Face_recognition,03.02.2023,MacIntel,59.88023952,56b78f11e77ebe000cbefe79,6899c7d7c4c961a016830ad3,6899c92d8ea81c78b3434de6,,,,,,,,,,,,,,,,,,,,,,,,,,,,,,,,,,,,,,,,,,,,,,85.3762,2.086106391,87.4575,87.4576,87.4577,87.4591,88.2066,0,0,0,0,1,85.3743,85.3758,,0,,,,,,,,,,,,,,,,,,,,,,,,,,,,,,,,,,,,,,,,,,,,,,,,,,,,,,,,,,,,,,,,,,,,,,,,,,,,,,,,,,,,,,,,,,,,,,,,,,,,,,,,,,,,,,,,,,,,,,,,,,,,,,,,,
,,,2025-08-11_11h46.30.436,CFMT_CCMT_Face_recognition,03.02.2023,MacIntel,59.88023952,56b78f11e77ebe000cbefe79,6899c7d7c4c961a016830ad3,6899c92d8ea81c78b3434de6,,,,,,,,,,,,,,,,,,,,,,,,,,,,,,,,,,,,,,,,,,,,,,,,,,,88.2072,88.9564,1,0,1,0,1,,,,,,,,,,,,,,,,,,,,,,,,,,,,,,,,,,,,,,,,,,,,,,,,,,,,,,,,,,,,,,,,,,,,,,,,,,,,,,,,,,,,,,,,,,,,,,,,,,,,,,,,,,,,,,,,,,,,,,,,,,,,,,,,,,,,,
,,,2025-08-11_11h46.30.436,CFMT_CCMT_Face_recognition,03.02.2023,MacIntel,59.88023952,56b78f11e77ebe000cbefe79,6899c7d7c4c961a016830ad3,6899c92d8ea81c78b3434de6,,,,,,,,,,,,,,,,,,,,,,,,,,,,,,,,,,,,,,,,,,,,,,,,,,,88.9569,89.7072,2,0,2,0,1,,,,,,,,,,,,,,,,,,,,,,,,,,,,,,,,,,,,,,,,,,,,,,,,,,,,,,,,,,,,,,,,,,,,,,,,,,,,,,,,,,,,,,,,,,,,,,,,,,,,,,,,,,,,,,,,,,,,,,,,,,,,,,,,,,,,,
,,,2025-08-11_11h46.30.436,CFMT_CCMT_Face_recognition,03.02.2023,MacIntel,59.88023952,56b78f11e77ebe000cbefe79,6899c7d7c4c961a016830ad3,6899c92d8ea81c78b3434de6,,,,,,,,,,,,,,,,,,,,,,,,,,,,,,,,,,,,,,,,,,,,,,,,,,,89.7077,90.4572,3,0,3,0,1,,,,,,,,,,,,,,,,,,,,,,,,,,,,,,,,,,,,,,,,,,,,,,,,,,,,,,,,,,,,,,,,,,,,,,,,,,,,,,,,,,,,,,,,,,,,,,,,,,,,,,,,,,,,,,,,,,,,,,,,,,,,,,,,,,,,,
,,,2025-08-11_11h46.30.436,CFMT_CCMT_Face_recognition,03.02.2023,MacIntel,59.88023952,56b78f11e77ebe000cbefe79,6899c7d7c4c961a016830ad3,6899c92d8ea81c78b3434de6,,,,,,,,,,,,,,,,,,,,,,,,,,,,,,,,,,,,,,,,,,,,,,,,,,,90.4578,91.2074,4,0,4,0,1,,,,,,,,,,,,,,,,,,,,,,,,,,,,,,,,,,,,,,,,,,,,,,,,,,,,,,,,,,,,,,,,,,,,,,,,,,,,,,,,,,,,,,,,,,,,,,,,,,,,,,,,,,,,,,,,,,,,,,,,,,,,,,,,,,,,,
,,,2025-08-11_11h46.30.436,CFMT_CCMT_Face_recognition,03.02.2023,MacIntel,59.88023952,56b78f11e77ebe000cbefe79,6899c7d7c4c961a016830ad3,6899c92d8ea81c78b3434de6,,,,,,,,,,,,,,,,,,,,,,,,,,,,,,,,,,,,,,,,,,,,,,,,,,,91.2081,91.9571,5,0,5,0,1,,,,,,,,,,,,,,,,,,,,,,,,,,,,,,,,,,,,,,,,,,,,,,,,,,,,,,,,,,,,,,,,,,,,,,,,,,,,,,,,,,,,,,,,,,,,,,,,,,,,,,,,,,,,,,,,,,,,,,,,,,,,,,,,,,,,,
,,,2025-08-11_11h46.30.436,CFMT_CCMT_Face_recognition,03.02.2023,MacIntel,59.88023952,56b78f11e77ebe000cbefe79,6899c7d7c4c961a016830ad3,6899c92d8ea81c78b3434de6,,,,,,,,,,,,,,,,,,,,,,,,,,,,,,,,,,,,,,,,,,,,,,91.9589,1.617733733,93.5739,93.5741,93.5742,93.5755,94.3231,0,0,0,0,1,91.9573,91.9586,,0,,,,,,,,,,,,,,,,,,,,,,,,,,,,,,,,,,,,,,,,,,,,,,,,,,,,,,,,,,,,,,,,,,,,,,,,,,,,,,,,,,,,,,,,,,,,,,,,,,,,,,,,,,,,,,,,,,,,,,,,,,,,,,,,,
,,,2025-08-11_11h46.30.436,CFMT_CCMT_Face_recognition,03.02.2023,MacIntel,59.88023952,56b78f11e77ebe000cbefe79,6899c7d7c4c961a016830ad3,6899c92d8ea81c78b3434de6,,,,,,,,,,,,,,,,,,,,,,,,,,,,,,,,,,,,,,,,,,,,,,,,,,,94.3238,95.0738,1,0,1,0,1,,,,,,,,,,,,,,,,,,,,,,,,,,,,,,,,,,,,,,,,,,,,,,,,,,,,,,,,,,,,,,,,,,,,,,,,,,,,,,,,,,,,,,,,,,,,,,,,,,,,,,,,,,,,,,,,,,,,,,,,,,,,,,,,,,,,,
,,,2025-08-11_11h46.30.436,CFMT_CCMT_Face_recognition,03.02.2023,MacIntel,59.88023952,56b78f11e77ebe000cbefe79,6899c7d7c4c961a016830ad3,6899c92d8ea81c78b3434de6,,,,,,,,,,,,,,,,,,,,,,,,,,,,,,,,,,,,,,,,,,,,,,,,,,,95.0742,95.8229,2,0,2,0,1,,,,,,,,,,,,,,,,,,,,,,,,,,,,,,,,,,,,,,,,,,,,,,,,,,,,,,,,,,,,,,,,,,,,,,,,,,,,,,,,,,,,,,,,,,,,,,,,,,,,,,,,,,,,,,,,,,,,,,,,,,,,,,,,,,,,,
,,,2025-08-11_11h46.30.436,CFMT_CCMT_Face_recognition,03.02.2023,MacIntel,59.88023952,56b78f11e77ebe000cbefe79,6899c7d7c4c961a016830ad3,6899c92d8ea81c78b3434de6,,,,,,,,,,,,,,,,,,,,,,,,,,,,,,,,,,,,,,,,,,,,,,,,,,,95.8233,96.574,3,0,3,0,1,,,,,,,,,,,,,,,,,,,,,,,,,,,,,,,,,,,,,,,,,,,,,,,,,,,,,,,,,,,,,,,,,,,,,,,,,,,,,,,,,,,,,,,,,,,,,,,,,,,,,,,,,,,,,,,,,,,,,,,,,,,,,,,,,,,,,
,,,2025-08-11_11h46.30.436,CFMT_CCMT_Face_recognition,03.02.2023,MacIntel,59.88023952,56b78f11e77ebe000cbefe79,6899c7d7c4c961a016830ad3,6899c92d8ea81c78b3434de6,,,,,,,,,,,,,,,,,,,,,,,,,,,,,,,,,,,,,,,,,,,,,,,,,,,96.5744,97.3238,4,0,4,0,1,,,,,,,,,,,,,,,,,,,,,,,,,,,,,,,,,,,,,,,,,,,,,,,,,,,,,,,,,,,,,,,,,,,,,,,,,,,,,,,,,,,,,,,,,,,,,,,,,,,,,,,,,,,,,,,,,,,,,,,,,,,,,,,,,,,,,
,,,2025-08-11_11h46.30.436,CFMT_CCMT_Face_recognition,03.02.2023,MacIntel,59.88023952,56b78f11e77ebe000cbefe79,6899c7d7c4c961a016830ad3,6899c92d8ea81c78b3434de6,,,,,,,,,,,,,,,,,,,,,,,,,,,,,,,,,,,,,,,,,,,,,,,,,,,97.3243,98.0737,5,0,5,0,1,,,,,,,,,,,,,,,,,,,,,,,,,,,,,,,,,,,,,,,,,,,,,,,,,,,,,,,,,,,,,,,,,,,,,,,,,,,,,,,,,,,,,,,,,,,,,,,,,,,,,,,,,,,,,,,,,,,,,,,,,,,,,,,,,,,,,
,,,2025-08-11_11h46.30.436,CFMT_CCMT_Face_recognition,03.02.2023,MacIntel,59.88023952,56b78f11e77ebe000cbefe79,6899c7d7c4c961a016830ad3,6899c92d8ea81c78b3434de6,,,,,,,,,,,,,,,,,,,,,,,,,,,,,,,,,,,,,,,,,,,,,,98.0744,1.610842316,99.6738,99.6739,99.674,99.6749,100.4238,0,0,0,0,1,98.0737,98.0743,,0,,,,,,,,,,,,,,,,,,,,,,,,,,,,,,,,,,,,,,,,,,,,,,,,,,,,,,,,,,,,,,,,,,,,,,,,,,,,,,,,,,,,,,,,,,,,,,,,,,,,,,,,,,,,,,,,,,,,,,,,,,,,,,,,,
,,,2025-08-11_11h46.30.436,CFMT_CCMT_Face_recognition,03.02.2023,MacIntel,59.88023952,56b78f11e77ebe000cbefe79,6899c7d7c4c961a016830ad3,6899c92d8ea81c78b3434de6,,,,,,,,,,,,,,,,,,,,,,,,,,,,,,,,,,,,,,,,,,,,,,,,,,,100.4244,101.1738,1,0,1,0,1,,,,,,,,,,,,,,,,,,,,,,,,,,,,,,,,,,,,,,,,,,,,,,,,,,,,,,,,,,,,,,,,,,,,,,,,,,,,,,,,,,,,,,,,,,,,,,,,,,,,,,,,,,,,,,,,,,,,,,,,,,,,,,,,,,,,,
,,,2025-08-11_11h46.30.436,CFMT_CCMT_Face_recognition,03.02.2023,MacIntel,59.88023952,56b78f11e77ebe000cbefe79,6899c7d7c4c961a016830ad3,6899c92d8ea81c78b3434de6,,,,,,,,,,,,,,,,,,,,,,,,,,,,,,,,,,,,,,,,,,,,,,,,,,,101.1745,101.9238,2,0,2,0,1,,,,,,,,,,,,,,,,,,,,,,,,,,,,,,,,,,,,,,,,,,,,,,,,,,,,,,,,,,,,,,,,,,,,,,,,,,,,,,,,,,,,,,,,,,,,,,,,,,,,,,,,,,,,,,,,,,,,,,,,,,,,,,,,,,,,,
,,,2025-08-11_11h46.30.436,CFMT_CCMT_Face_recognition,03.02.2023,MacIntel,59.88023952,56b78f11e77ebe000cbefe79,6899c7d7c4c961a016830ad3,6899c92d8ea81c78b3434de6,,,,,,,,,,,,,,,,,,,,,,,,,,,,,,,,,,,,,,,,,,,,,,,,,,,101.9245,102.674,3,0,3,0,1,,,,,,,,,,,,,,,,,,,,,,,,,,,,,,,,,,,,,,,,,,,,,,,,,,,,,,,,,,,,,,,,,,,,,,,,,,,,,,,,,,,,,,,,,,,,,,,,,,,,,,,,,,,,,,,,,,,,,,,,,,,,,,,,,,,,,
,,,2025-08-11_11h46.30.436,CFMT_CCMT_Face_recognition,03.02.2023,MacIntel,59.88023952,56b78f11e77ebe000cbefe79,6899c7d7c4c961a016830ad3,6899c92d8ea81c78b3434de6,,,,,,,,,,,,,,,,,,,,,,,,,,,,,,,,,,,,,,,,,,,,,,,,,,,102.6745,103.4239,4,0,4,0,1,,,,,,,,,,,,,,,,,,,,,,,,,,,,,,,,,,,,,,,,,,,,,,,,,,,,,,,,,,,,,,,,,,,,,,,,,,,,,,,,,,,,,,,,,,,,,,,,,,,,,,,,,,,,,,,,,,,,,,,,,,,,,,,,,,,,,
,,,2025-08-11_11h46.30.436,CFMT_CCMT_Face_recognition,03.02.2023,MacIntel,59.88023952,56b78f11e77ebe000cbefe79,6899c7d7c4c961a016830ad3,6899c92d8ea81c78b3434de6,,,,,,,,,,,,,,,,,,,,,,,,,,,,,,,,,,,,,,,,,,,,,,,,,,,103.4246,104.1738,5,0,5,0,1,,,,,,,,,,,,,,,,,,,,,,,,,,,,,,,,,,,,,,,,,,,,,,,,,,,,,,,,,,,,,,,,,,,,,,,,,,,,,,,,,,,,,,,,,,,,,,,,,,,,,,,,,,,,,,,,,,,,,,,,,,,,,,,,,,,,,
,,,2025-08-11_11h46.30.436,CFMT_CCMT_Face_recognition,03.02.2023,MacIntel,59.88023952,56b78f11e77ebe000cbefe79,6899c7d7c4c961a016830ad3,6899c92d8ea81c78b3434de6,,,,,,,,,,,,,,,,,,,,,,,,,,,,,,,,,,,,,,,,,,,,,,104.1755,1.91006305,106.0747,106.0747,106.0747,106.0756,106.8239,0,0,0,0,1,104.174,104.1753,,0,,,,,,,,,,,,,,,,,,,,,,,,,,,,,,,,,,,,,,,,,,,,,,,,,,,,,,,,,,,,,,,,,,,,,,,,,,,,,,,,,,,,,,,,,,,,,,,,,,,,,,,,,,,,,,,,,,,,,,,,,,,,,,,,,
,,,2025-08-11_11h46.30.436,CFMT_CCMT_Face_recognition,03.02.2023,MacIntel,59.88023952,56b78f11e77ebe000cbefe79,6899c7d7c4c961a016830ad3,6899c92d8ea81c78b3434de6,,,,,,,,,,,,,,,,,,,,,,,,,,,,,,,,,,,,,,,,,,,,,,,,,,,106.8245,107.574,1,0,1,0,1,,,,,,,,,,,,,,,,,,,,,,,,,,,,,,,,,,,,,,,,,,,,,,,,,,,,,,,,,,,,,,,,,,,,,,,,,,,,,,,,,,,,,,,,,,,,,,,,,,,,,,,,,,,,,,,,,,,,,,,,,,,,,,,,,,,,,
,,,2025-08-11_11h46.30.436,CFMT_CCMT_Face_recognition,03.02.2023,MacIntel,59.88023952,56b78f11e77ebe000cbefe79,6899c7d7c4c961a016830ad3,6899c92d8ea81c78b3434de6,,,,,,,,,,,,,,,,,,,,,,,,,,,,,,,,,,,,,,,,,,,,,,,,,,,107.5747,108.3239,2,0,2,0,1,,,,,,,,,,,,,,,,,,,,,,,,,,,,,,,,,,,,,,,,,,,,,,,,,,,,,,,,,,,,,,,,,,,,,,,,,,,,,,,,,,,,,,,,,,,,,,,,,,,,,,,,,,,,,,,,,,,,,,,,,,,,,,,,,,,,,
,,,2025-08-11_11h46.30.436,CFMT_CCMT_Face_recognition,03.02.2023,MacIntel,59.88023952,56b78f11e77ebe000cbefe79,6899c7d7c4c961a016830ad3,6899c92d8ea81c78b3434de6,,,,,,,,,,,,,,,,,,,,,,,,,,,,,,,,,,,,,,,,,,,,,,,,,,,108.3243,109.0732,3,0,3,0,1,,,,,,,,,,,,,,,,,,,,,,,,,,,,,,,,,,,,,,,,,,,,,,,,,,,,,,,,,,,,,,,,,,,,,,,,,,,,,,,,,,,,,,,,,,,,,,,,,,,,,,,,,,,,,,,,,,,,,,,,,,,,,,,,,,,,,
,,,2025-08-11_11h46.30.436,CFMT_CCMT_Face_recognition,03.02.2023,MacIntel,59.88023952,56b78f11e77ebe000cbefe79,6899c7d7c4c961a016830ad3,6899c92d8ea81c78b3434de6,,,,,,,,,,,,,,,,,,,,,,,,,,,,,,,,,,,,,,,,,,,,,,,,,,,109.0736,109.8238,4,0,4,0,1,,,,,,,,,,,,,,,,,,,,,,,,,,,,,,,,,,,,,,,,,,,,,,,,,,,,,,,,,,,,,,,,,,,,,,,,,,,,,,,,,,,,,,,,,,,,,,,,,,,,,,,,,,,,,,,,,,,,,,,,,,,,,,,,,,,,,
,,,2025-08-11_11h46.30.436,CFMT_CCMT_Face_recognition,03.02.2023,MacIntel,59.88023952,56b78f11e77ebe000cbefe79,6899c7d7c4c961a016830ad3,6899c92d8ea81c78b3434de6,,,,,,,,,,,,,,,,,,,,,,,,,,,,,,,,,,,,,,,,,,,,,,,,,,,109.8244,110.5739,5,0,5,0,1,,,,,,,,,,,,,,,,,,,,,,,,,,,,,,,,,,,,,,,,,,,,,,,,,,,,,,,,,,,,,,,,,,,,,,,,,,,,,,,,,,,,,,,,,,,,,,,,,,,,,,,,,,,,,,,,,,,,,,,,,,,,,,,,,,,,,
,,,2025-08-11_11h46.30.436,CFMT_CCMT_Face_recognition,03.02.2023,MacIntel,59.88023952,56b78f11e77ebe000cbefe79,6899c7d7c4c961a016830ad3,6899c92d8ea81c78b3434de6,,,,,,,,,,,,,,,,,,,,,,,,,,,,,,,,,,,,,,,,,,,,,,110.5756,1.794354496,112.3739,112.374,112.3741,112.3756,113.1235,0,0,0,0,1,110.5741,110.5754,,0,,,,,,,,,,,,,,,,,,,,,,,,,,,,,,,,,,,,,,,,,,,,,,,,,,,,,,,,,,,,,,,,,,,,,,,,,,,,,,,,,,,,,,,,,,,,,,,,,,,,,,,,,,,,,,,,,,,,,,,,,,,,,,,,,
,,,2025-08-11_11h46.30.436,CFMT_CCMT_Face_recognition,03.02.2023,MacIntel,59.88023952,56b78f11e77ebe000cbefe79,6899c7d7c4c961a016830ad3,6899c92d8ea81c78b3434de6,,,,,,,,,,,,,,,,,,,,,,,,,,,,,,,,,,,,,,,,,,,,,,,,,,,113.1236,113.874,1,0,1,0,1,,,,,,,,,,,,,,,,,,,,,,,,,,,,,,,,,,,,,,,,,,,,,,,,,,,,,,,,,,,,,,,,,,,,,,,,,,,,,,,,,,,,,,,,,,,,,,,,,,,,,,,,,,,,,,,,,,,,,,,,,,,,,,,,,,,,,
,,,2025-08-11_11h46.30.436,CFMT_CCMT_Face_recognition,03.02.2023,MacIntel,59.88023952,56b78f11e77ebe000cbefe79,6899c7d7c4c961a016830ad3,6899c92d8ea81c78b3434de6,,,,,,,,,,,,,,,,,,,,,,,,,,,,,,,,,,,,,,,,,,,,,,,,,,,113.8746,114.6229,2,0,2,0,1,,,,,,,,,,,,,,,,,,,,,,,,,,,,,,,,,,,,,,,,,,,,,,,,,,,,,,,,,,,,,,,,,,,,,,,,,,,,,,,,,,,,,,,,,,,,,,,,,,,,,,,,,,,,,,,,,,,,,,,,,,,,,,,,,,,,,
,,,2025-08-11_11h46.30.436,CFMT_CCMT_Face_recognition,03.02.2023,MacIntel,59.88023952,56b78f11e77ebe000cbefe79,6899c7d7c4c961a016830ad3,6899c92d8ea81c78b3434de6,,,,,,,,,,,,,,,,,,,,,,,,,,,,,,,,,,,,,,,,,,,,,,,,,,,114.6234,115.3734,3,0,3,0,1,,,,,,,,,,,,,,,,,,,,,,,,,,,,,,,,,,,,,,,,,,,,,,,,,,,,,,,,,,,,,,,,,,,,,,,,,,,,,,,,,,,,,,,,,,,,,,,,,,,,,,,,,,,,,,,,,,,,,,,,,,,,,,,,,,,,,
,,,2025-08-11_11h46.30.436,CFMT_CCMT_Face_recognition,03.02.2023,MacIntel,59.88023952,56b78f11e77ebe000cbefe79,6899c7d7c4c961a016830ad3,6899c92d8ea81c78b3434de6,,,,,,,,,,,,,,,,,,,,,,,,,,,,,,,,,,,,,,,,,,,,,,,,,,,115.3736,116.1234,4,0,4,0,1,,,,,,,,,,,,,,,,,,,,,,,,,,,,,,,,,,,,,,,,,,,,,,,,,,,,,,,,,,,,,,,,,,,,,,,,,,,,,,,,,,,,,,,,,,,,,,,,,,,,,,,,,,,,,,,,,,,,,,,,,,,,,,,,,,,,,
,,,2025-08-11_11h46.30.436,CFMT_CCMT_Face_recognition,03.02.2023,MacIntel,59.88023952,56b78f11e77ebe000cbefe79,6899c7d7c4c961a016830ad3,6899c92d8ea81c78b3434de6,,,,,,,,,,,,,,,,,,,,,,,,,,,,,,,,,,,,,,,,,,,,,,,,,,,116.1236,116.8738,5,0,5,0,1,,,,,,,,,,,,,,,,,,,,,,,,,,,,,,,,,,,,,,,,,,,,,,,,,,,,,,,,,,,,,,,,,,,,,,,,,,,,,,,,,,,,,,,,,,,,,,,,,,,,,,,,,,,,,,,,,,,,,,,,,,,,,,,,,,,,,
,,,2025-08-11_11h46.30.436,CFMT_CCMT_Face_recognition,03.02.2023,MacIntel,59.88023952,56b78f11e77ebe000cbefe79,6899c7d7c4c961a016830ad3,6899c92d8ea81c78b3434de6,,,,,,,,,,,,,,,,,,,,,,,,,,,,,,,,,,,,,,,,,,,,,,116.8757,1.571196609,118.4405,118.4407,118.4407,118.4423,119.1905,0,0,0,0,1,116.874,116.8754,,0,,,,,,,,,,,,,,,,,,,,,,,,,,,,,,,,,,,,,,,,,,,,,,,,,,,,,,,,,,,,,,,,,,,,,,,,,,,,,,,,,,,,,,,,,,,,,,,,,,,,,,,,,,,,,,,,,,,,,,,,,,,,,,,,,
,,,2025-08-11_11h46.30.436,CFMT_CCMT_Face_recognition,03.02.2023,MacIntel,59.88023952,56b78f11e77ebe000cbefe79,6899c7d7c4c961a016830ad3,6899c92d8ea81c78b3434de6,,,,,,,,,,,,,,,,,,,,,,,,,,,,,,,,,,,,,,,,,,,,,,,,,,,119.1913,119.9405,1,0,1,0,1,,,,,,,,,,,,,,,,,,,,,,,,,,,,,,,,,,,,,,,,,,,,,,,,,,,,,,,,,,,,,,,,,,,,,,,,,,,,,,,,,,,,,,,,,,,,,,,,,,,,,,,,,,,,,,,,,,,,,,,,,,,,,,,,,,,,,
,,,2025-08-11_11h46.30.436,CFMT_CCMT_Face_recognition,03.02.2023,MacIntel,59.88023952,56b78f11e77ebe000cbefe79,6899c7d7c4c961a016830ad3,6899c92d8ea81c78b3434de6,,,,,,,,,,,,,,,,,,,,,,,,,,,,,,,,,,,,,,,,,,,,,,,,,,,119.9411,120.6901,2,0,2,0,1,,,,,,,,,,,,,,,,,,,,,,,,,,,,,,,,,,,,,,,,,,,,,,,,,,,,,,,,,,,,,,,,,,,,,,,,,,,,,,,,,,,,,,,,,,,,,,,,,,,,,,,,,,,,,,,,,,,,,,,,,,,,,,,,,,,,,
,,,2025-08-11_11h46.30.436,CFMT_CCMT_Face_recognition,03.02.2023,MacIntel,59.88023952,56b78f11e77ebe000cbefe79,6899c7d7c4c961a016830ad3,6899c92d8ea81c78b3434de6,,,,,,,,,,,,,,,,,,,,,,,,,,,,,,,,,,,,,,,,,,,,,,,,,,,120.6906,121.4402,3,0,3,0,1,,,,,,,,,,,,,,,,,,,,,,,,,,,,,,,,,,,,,,,,,,,,,,,,,,,,,,,,,,,,,,,,,,,,,,,,,,,,,,,,,,,,,,,,,,,,,,,,,,,,,,,,,,,,,,,,,,,,,,,,,,,,,,,,,,,,,
,,,2025-08-11_11h46.30.436,CFMT_CCMT_Face_recognition,03.02.2023,MacIntel,59.88023952,56b78f11e77ebe000cbefe79,6899c7d7c4c961a016830ad3,6899c92d8ea81c78b3434de6,,,,,,,,,,,,,,,,,,,,,,,,,,,,,,,,,,,,,,,,,,,,,,,,,,,121.4408,122.1905,4,0,4,0,1,,,,,,,,,,,,,,,,,,,,,,,,,,,,,,,,,,,,,,,,,,,,,,,,,,,,,,,,,,,,,,,,,,,,,,,,,,,,,,,,,,,,,,,,,,,,,,,,,,,,,,,,,,,,,,,,,,,,,,,,,,,,,,,,,,,,,
,,,2025-08-11_11h46.30.436,CFMT_CCMT_Face_recognition,03.02.2023,MacIntel,59.88023952,56b78f11e77ebe000cbefe79,6899c7d7c4c961a016830ad3,6899c92d8ea81c78b3434de6,,,,,,,,,,,,,,,,,,,,,,,,,,,,,,,,,,,,,,,,,,,,,,,,,,,122.1911,122.9406,5,0,5,0,1,,,,,,,,,,,,,,,,,,,,,,,,,,,,,,,,,,,,,,,,,,,,,,,,,,,,,,,,,,,,,,,,,,,,,,,,,,,,,,,,,,,,,,,,,,,,,,,,,,,,,,,,,,,,,,,,,,,,,,,,,,,,,,,,,,,,,
,,,2025-08-11_11h46.30.436,CFMT_CCMT_Face_recognition,03.02.2023,MacIntel,59.88023952,56b78f11e77ebe000cbefe79,6899c7d7c4c961a016830ad3,6899c92d8ea81c78b3434de6,,,,,,,,,,,,,,,,,,,,,,,,,,,,,,,,,,,,,,,,,,,,,,122.9426,2.387449112,125.3239,125.3239,125.324,125.3251,126.0737,0,0,0,0,1,122.9408,122.9423,,0,,,,,,,,,,,,,,,,,,,,,,,,,,,,,,,,,,,,,,,,,,,,,,,,,,,,,,,,,,,,,,,,,,,,,,,,,,,,,,,,,,,,,,,,,,,,,,,,,,,,,,,,,,,,,,,,,,,,,,,,,,,,,,,,,
,,,2025-08-11_11h46.30.436,CFMT_CCMT_Face_recognition,03.02.2023,MacIntel,59.88023952,56b78f11e77ebe000cbefe79,6899c7d7c4c961a016830ad3,6899c92d8ea81c78b3434de6,,,,,,,,,,,,,,,,,,,,,,,,,,,,,,,,,,,,,,,,,,,,,,,,,,,126.0742,126.8229,1,0,1,0,1,,,,,,,,,,,,,,,,,,,,,,,,,,,,,,,,,,,,,,,,,,,,,,,,,,,,,,,,,,,,,,,,,,,,,,,,,,,,,,,,,,,,,,,,,,,,,,,,,,,,,,,,,,,,,,,,,,,,,,,,,,,,,,,,,,,,,
,,,2025-08-11_11h46.30.436,CFMT_CCMT_Face_recognition,03.02.2023,MacIntel,59.88023952,56b78f11e77ebe000cbefe79,6899c7d7c4c961a016830ad3,6899c92d8ea81c78b3434de6,,,,,,,,,,,,,,,,,,,,,,,,,,,,,,,,,,,,,,,,,,,,,,,,,,,126.8233,127.5727,2,0,2,0,1,,,,,,,,,,,,,,,,,,,,,,,,,,,,,,,,,,,,,,,,,,,,,,,,,,,,,,,,,,,,,,,,,,,,,,,,,,,,,,,,,,,,,,,,,,,,,,,,,,,,,,,,,,,,,,,,,,,,,,,,,,,,,,,,,,,,,
,,,2025-08-11_11h46.30.436,CFMT_CCMT_Face_recognition,03.02.2023,MacIntel,59.88023952,56b78f11e77ebe000cbefe79,6899c7d7c4c961a016830ad3,6899c92d8ea81c78b3434de6,,,,,,,,,,,,,,,,,,,,,,,,,,,,,,,,,,,,,,,,,,,,,,,,,,,127.573,128.3234,3,0,3,0,1,,,,,,,,,,,,,,,,,,,,,,,,,,,,,,,,,,,,,,,,,,,,,,,,,,,,,,,,,,,,,,,,,,,,,,,,,,,,,,,,,,,,,,,,,,,,,,,,,,,,,,,,,,,,,,,,,,,,,,,,,,,,,,,,,,,,,
,,,2025-08-11_11h46.30.436,CFMT_CCMT_Face_recognition,03.02.2023,MacIntel,59.88023952,56b78f11e77ebe000cbefe79,6899c7d7c4c961a016830ad3,6899c92d8ea81c78b3434de6,,,,,,,,,,,,,,,,,,,,,,,,,,,,,,,,,,,,,,,,,,,,,,,,,,,128.3237,129.0737,4,0,4,0,1,,,,,,,,,,,,,,,,,,,,,,,,,,,,,,,,,,,,,,,,,,,,,,,,,,,,,,,,,,,,,,,,,,,,,,,,,,,,,,,,,,,,,,,,,,,,,,,,,,,,,,,,,,,,,,,,,,,,,,,,,,,,,,,,,,,,,
,,,2025-08-11_11h46.30.436,CFMT_CCMT_Face_recognition,03.02.2023,MacIntel,59.88023952,56b78f11e77ebe000cbefe79,6899c7d7c4c961a016830ad3,6899c92d8ea81c78b3434de6,,,,,,,,,,,,,,,,,,,,,,,,,,,,,,,,,,,,,,,,,,,,,,,,,,,129.0743,129.8233,5,0,5,0,1,,,,,,,,,,,,,,,,,,,,,,,,,,,,,,,,,,,,,,,,,,,,,,,,,,,,,,,,,,,,,,,,,,,,,,,,,,,,,,,,,,,,,,,,,,,,,,,,,,,,,,,,,,,,,,,,,,,,,,,,,,,,,,,,,,,,,
,,,2025-08-11_11h46.30.436,CFMT_CCMT_Face_recognition,03.02.2023,MacIntel,59.88023952,56b78f11e77ebe000cbefe79,6899c7d7c4c961a016830ad3,6899c92d8ea81c78b3434de6,,,,,,,,,,,,,,,,,,,,,,,,,,,,,,,,,,,,,,,,,,,,,,129.8237,2.230417492,132.0565,132.0565,132.0565,132.0582,132.8071,0,0,0,0,1,129.8234,129.8236,,0,,,,,,,,,,,,,,,,,,,,,,,,,,,,,,,,,,,,,,,,,,,,,,,,,,,,,,,,,,,,,,,,,,,,,,,,,,,,,,,,,,,,,,,,,,,,,,,,,,,,,,,,,,,,,,,,,,,,,,,,,,,,,,,,,
,,,2025-08-11_11h46.30.436,CFMT_CCMT_Face_recognition,03.02.2023,MacIntel,59.88023952,56b78f11e77ebe000cbefe79,6899c7d7c4c961a016830ad3,6899c92d8ea81c78b3434de6,,,,,,,,,,,,,,,,,,,,,,,,,,,,,,,,,,,,,,,,,,,,,,,,,,,132.8078,133.5571,1,0,1,0,1,,,,,,,,,,,,,,,,,,,,,,,,,,,,,,,,,,,,,,,,,,,,,,,,,,,,,,,,,,,,,,,,,,,,,,,,,,,,,,,,,,,,,,,,,,,,,,,,,,,,,,,,,,,,,,,,,,,,,,,,,,,,,,,,,,,,,
,,,2025-08-11_11h46.30.436,CFMT_CCMT_Face_recognition,03.02.2023,MacIntel,59.88023952,56b78f11e77ebe000cbefe79,6899c7d7c4c961a016830ad3,6899c92d8ea81c78b3434de6,,,,,,,,,,,,,,,,,,,,,,,,,,,,,,,,,,,,,,,,,,,,,,,,,,,133.5577,134.3067,2,0,2,0,1,,,,,,,,,,,,,,,,,,,,,,,,,,,,,,,,,,,,,,,,,,,,,,,,,,,,,,,,,,,,,,,,,,,,,,,,,,,,,,,,,,,,,,,,,,,,,,,,,,,,,,,,,,,,,,,,,,,,,,,,,,,,,,,,,,,,,
,,,2025-08-11_11h46.30.436,CFMT_CCMT_Face_recognition,03.02.2023,MacIntel,59.88023952,56b78f11e77ebe000cbefe79,6899c7d7c4c961a016830ad3,6899c92d8ea81c78b3434de6,,,,,,,,,,,,,,,,,,,,,,,,,,,,,,,,,,,,,,,,,,,,,,,,,,,134.3068,135.0568,3,0,3,0,1,,,,,,,,,,,,,,,,,,,,,,,,,,,,,,,,,,,,,,,,,,,,,,,,,,,,,,,,,,,,,,,,,,,,,,,,,,,,,,,,,,,,,,,,,,,,,,,,,,,,,,,,,,,,,,,,,,,,,,,,,,,,,,,,,,,,,
,,,2025-08-11_11h46.30.436,CFMT_CCMT_Face_recognition,03.02.2023,MacIntel,59.88023952,56b78f11e77ebe000cbefe79,6899c7d7c4c961a016830ad3,6899c92d8ea81c78b3434de6,,,,,,,,,,,,,,,,,,,,,,,,,,,,,,,,,,,,,,,,,,,,,,,,,,,135.0569,135.8071,4,0,4,0,1,,,,,,,,,,,,,,,,,,,,,,,,,,,,,,,,,,,,,,,,,,,,,,,,,,,,,,,,,,,,,,,,,,,,,,,,,,,,,,,,,,,,,,,,,,,,,,,,,,,,,,,,,,,,,,,,,,,,,,,,,,,,,,,,,,,,,
,,,2025-08-11_11h46.30.436,CFMT_CCMT_Face_recognition,03.02.2023,MacIntel,59.88023952,56b78f11e77ebe000cbefe79,6899c7d7c4c961a016830ad3,6899c92d8ea81c78b3434de6,,,,,,,,,,,,,,,,,,,,,,,,,,,,,,,,,,,,,,,,,,,,,,,,,,,135.8076,136.5569,5,0,5,0,1,,,,,,,,,,,,,,,,,,,,,,,,,,,,,,,,,,,,,,,,,,,,,,,,,,,,,,,,,,,,,,,,,,,,,,,,,,,,,,,,,,,,,,,,,,,,,,,,,,,,,,,,,,,,,,,,,,,,,,,,,,,,,,,,,,,,,
,,,2025-08-11_11h46.30.436,CFMT_CCMT_Face_recognition,03.02.2023,MacIntel,59.88023952,56b78f11e77ebe000cbefe79,6899c7d7c4c961a016830ad3,6899c92d8ea81c78b3434de6,,,,,,,,,,,,,,,,,,,,,,,,,,,,,,,,,,,,,,,,,,,,,,136.559,1.688188329,138.2397,138.2398,138.2398,138.241,138.9905,0,0,0,0,1,136.5571,136.5587,,0,,,,,,,,,,,,,,,,,,,,,,,,,,,,,,,,,,,,,,,,,,,,,,,,,,,,,,,,,,,,,,,,,,,,,,,,,,,,,,,,,,,,,,,,,,,,,,,,,,,,,,,,,,,,,,,,,,,,,,,,,,,,,,,,,
,,,2025-08-11_11h46.30.436,CFMT_CCMT_Face_recognition,03.02.2023,MacIntel,59.88023952,56b78f11e77ebe000cbefe79,6899c7d7c4c961a016830ad3,6899c92d8ea81c78b3434de6,,,,,,,,,,,,,,,,,,,,,,,,,,,,,,,,,,,,,,,,,,,,,,,,,,,138.9912,139.7404,1,0,1,0,1,,,,,,,,,,,,,,,,,,,,,,,,,,,,,,,,,,,,,,,,,,,,,,,,,,,,,,,,,,,,,,,,,,,,,,,,,,,,,,,,,,,,,,,,,,,,,,,,,,,,,,,,,,,,,,,,,,,,,,,,,,,,,,,,,,,,,
,,,2025-08-11_11h46.30.436,CFMT_CCMT_Face_recognition,03.02.2023,MacIntel,59.88023952,56b78f11e77ebe000cbefe79,6899c7d7c4c961a016830ad3,6899c92d8ea81c78b3434de6,,,,,,,,,,,,,,,,,,,,,,,,,,,,,,,,,,,,,,,,,,,,,,,,,,,139.7409,140.4906,2,0,2,0,1,,,,,,,,,,,,,,,,,,,,,,,,,,,,,,,,,,,,,,,,,,,,,,,,,,,,,,,,,,,,,,,,,,,,,,,,,,,,,,,,,,,,,,,,,,,,,,,,,,,,,,,,,,,,,,,,,,,,,,,,,,,,,,,,,,,,,
,,,2025-08-11_11h46.30.436,CFMT_CCMT_Face_recognition,03.02.2023,MacIntel,59.88023952,56b78f11e77ebe000cbefe79,6899c7d7c4c961a016830ad3,6899c92d8ea81c78b3434de6,,,,,,,,,,,,,,,,,,,,,,,,,,,,,,,,,,,,,,,,,,,,,,,,,,,140.4912,141.2403,3,0,3,0,1,,,,,,,,,,,,,,,,,,,,,,,,,,,,,,,,,,,,,,,,,,,,,,,,,,,,,,,,,,,,,,,,,,,,,,,,,,,,,,,,,,,,,,,,,,,,,,,,,,,,,,,,,,,,,,,,,,,,,,,,,,,,,,,,,,,,,
,,,2025-08-11_11h46.30.436,CFMT_CCMT_Face_recognition,03.02.2023,MacIntel,59.88023952,56b78f11e77ebe000cbefe79,6899c7d7c4c961a016830ad3,6899c92d8ea81c78b3434de6,,,,,,,,,,,,,,,,,,,,,,,,,,,,,,,,,,,,,,,,,,,,,,,,,,,141.2408,141.9905,4,0,4,0,1,,,,,,,,,,,,,,,,,,,,,,,,,,,,,,,,,,,,,,,,,,,,,,,,,,,,,,,,,,,,,,,,,,,,,,,,,,,,,,,,,,,,,,,,,,,,,,,,,,,,,,,,,,,,,,,,,,,,,,,,,,,,,,,,,,,,,
,,,2025-08-11_11h46.30.436,CFMT_CCMT_Face_recognition,03.02.2023,MacIntel,59.88023952,56b78f11e77ebe000cbefe79,6899c7d7c4c961a016830ad3,6899c92d8ea81c78b3434de6,,,,,,,,,,,,,,,,,,,,,,,,,,,,,,,,,,,,,,,,,,,,,,,,,,,141.9911,142.7404,5,0,5,0,1,,,,,,,,,,,,,,,,,,,,,,,,,,,,,,,,,,,,,,,,,,,,,,,,,,,,,,,,,,,,,,,,,,,,,,,,,,,,,,,,,,,,,,,,,,,,,,,,,,,,,,,,,,,,,,,,,,,,,,,,,,,,,,,,,,,,,
,,,2025-08-11_11h46.30.436,CFMT_CCMT_Face_recognition,03.02.2023,MacIntel,59.88023952,56b78f11e77ebe000cbefe79,6899c7d7c4c961a016830ad3,6899c92d8ea81c78b3434de6,,,,,,,,,,,,,,,,,,,,,,,,,,,,,,,,,,,,,,,,,,,,,,142.7421,1.702898811,144.4404,144.4405,144.4406,144.4419,145.1895,0,0,0,0,1,142.7405,142.7418,,0,,,,,,,,,,,,,,,,,,,,,,,,,,,,,,,,,,,,,,,,,,,,,,,,,,,,,,,,,,,,,,,,,,,,,,,,,,,,,,,,,,,,,,,,,,,,,,,,,,,,,,,,,,,,,,,,,,,,,,,,,,,,,,,,,
,,,2025-08-11_11h46.30.436,CFMT_CCMT_Face_recognition,03.02.2023,MacIntel,59.88023952,56b78f11e77ebe000cbefe79,6899c7d7c4c961a016830ad3,6899c92d8ea81c78b3434de6,,,,,,,,,,,,,,,,,,,,,,,,,,,,,,,,,,,,,,,,,,,,,,,,,,,145.1899,145.9395,1,0,1,0,1,,,,,,,,,,,,,,,,,,,,,,,,,,,,,,,,,,,,,,,,,,,,,,,,,,,,,,,,,,,,,,,,,,,,,,,,,,,,,,,,,,,,,,,,,,,,,,,,,,,,,,,,,,,,,,,,,,,,,,,,,,,,,,,,,,,,,
,,,2025-08-11_11h46.30.436,CFMT_CCMT_Face_recognition,03.02.2023,MacIntel,59.88023952,56b78f11e77ebe000cbefe79,6899c7d7c4c961a016830ad3,6899c92d8ea81c78b3434de6,,,,,,,,,,,,,,,,,,,,,,,,,,,,,,,,,,,,,,,,,,,,,,,,,,,145.94,146.6904,2,0,2,0,1,,,,,,,,,,,,,,,,,,,,,,,,,,,,,,,,,,,,,,,,,,,,,,,,,,,,,,,,,,,,,,,,,,,,,,,,,,,,,,,,,,,,,,,,,,,,,,,,,,,,,,,,,,,,,,,,,,,,,,,,,,,,,,,,,,,,,
,,,2025-08-11_11h46.30.436,CFMT_CCMT_Face_recognition,03.02.2023,MacIntel,59.88023952,56b78f11e77ebe000cbefe79,6899c7d7c4c961a016830ad3,6899c92d8ea81c78b3434de6,,,,,,,,,,,,,,,,,,,,,,,,,,,,,,,,,,,,,,,,,,,,,,,,,,,146.691,147.4405,3,0,3,0,1,,,,,,,,,,,,,,,,,,,,,,,,,,,,,,,,,,,,,,,,,,,,,,,,,,,,,,,,,,,,,,,,,,,,,,,,,,,,,,,,,,,,,,,,,,,,,,,,,,,,,,,,,,,,,,,,,,,,,,,,,,,,,,,,,,,,,
,,,2025-08-11_11h46.30.436,CFMT_CCMT_Face_recognition,03.02.2023,MacIntel,59.88023952,56b78f11e77ebe000cbefe79,6899c7d7c4c961a016830ad3,6899c92d8ea81c78b3434de6,,,,,,,,,,,,,,,,,,,,,,,,,,,,,,,,,,,,,,,,,,,,,,,,,,,147.4411,148.1903,4,0,4,0,1,,,,,,,,,,,,,,,,,,,,,,,,,,,,,,,,,,,,,,,,,,,,,,,,,,,,,,,,,,,,,,,,,,,,,,,,,,,,,,,,,,,,,,,,,,,,,,,,,,,,,,,,,,,,,,,,,,,,,,,,,,,,,,,,,,,,,
,,,2025-08-11_11h46.30.436,CFMT_CCMT_Face_recognition,03.02.2023,MacIntel,59.88023952,56b78f11e77ebe000cbefe79,6899c7d7c4c961a016830ad3,6899c92d8ea81c78b3434de6,,,,,,,,,,,,,,,,,,,,,,,,,,,,,,,,,,,,,,,,,,,,,,,,,,,148.1907,148.9404,5,0,5,0,1,,,,,,,,,,,,,,,,,,,,,,,,,,,,,,,,,,,,,,,,,,,,,,,,,,,,,,,,,,,,,,,,,,,,,,,,,,,,,,,,,,,,,,,,,,,,,,,,,,,,,,,,,,,,,,,,,,,,,,,,,,,,,,,,,,,,,
,,,2025-08-11_11h46.30.436,CFMT_CCMT_Face_recognition,03.02.2023,MacIntel,59.88023952,56b78f11e77ebe000cbefe79,6899c7d7c4c961a016830ad3,6899c92d8ea81c78b3434de6,,,,,,,,,,,,,,,,,,,,,,,,,,,,,,,,,,,,,,,,,,,,,,153.0234,2.267483587,155.2904,155.2905,155.2905,155.2916,156.0404,0,0,0,0,1,148.9405,153.0232,p,1,4.0739,,,,,,,,,,,,,,,,,,,,,,,,,,,,,,,,,,,,,,,,,,,,,,,,,,,,,,,,,,,,,,,,,,,,,,,,,,,,,,,,,,,,,,,,,,,,,,,,,,,,,,,,,,,,,,,,,,,,,,,,,,,,,,,,
,,,2025-08-11_11h46.30.436,CFMT_CCMT_Face_recognition,03.02.2023,MacIntel,59.88023952,56b78f11e77ebe000cbefe79,6899c7d7c4c961a016830ad3,6899c92d8ea81c78b3434de6,,,,,,,,,,,,,,,,,,,,,,,,,,,,,,,,,,,,,,,,,,,,,,,,,,,156.0411,156.7905,1,0,1,0,1,,,,,,,,,,,,,,,,,,,,,,,,,,,,,,,,,,,,,,,,,,,,,,,,,,,,,,,,,,,,,,,,,,,,,,,,,,,,,,,,,,,,,,,,,,,,,,,,,,,,,,,,,,,,,,,,,,,,,,,,,,,,,,,,,,,,,
,,,2025-08-11_11h46.30.436,CFMT_CCMT_Face_recognition,03.02.2023,MacIntel,59.88023952,56b78f11e77ebe000cbefe79,6899c7d7c4c961a016830ad3,6899c92d8ea81c78b3434de6,,,,,,,,,,,,,,,,,,,,,,,,,,,,,,,,,,,,,,,,,,,,,,,,,,,156.791,157.5404,2,0,2,0,1,,,,,,,,,,,,,,,,,,,,,,,,,,,,,,,,,,,,,,,,,,,,,,,,,,,,,,,,,,,,,,,,,,,,,,,,,,,,,,,,,,,,,,,,,,,,,,,,,,,,,,,,,,,,,,,,,,,,,,,,,,,,,,,,,,,,,
,,,2025-08-11_11h46.30.436,CFMT_CCMT_Face_recognition,03.02.2023,MacIntel,59.88023952,56b78f11e77ebe000cbefe79,6899c7d7c4c961a016830ad3,6899c92d8ea81c78b3434de6,,,,,,,,,,,,,,,,,,,,,,,,,,,,,,,,,,,,,,,,,,,,,,,,,,,157.5409,158.2901,3,0,3,0,1,,,,,,,,,,,,,,,,,,,,,,,,,,,,,,,,,,,,,,,,,,,,,,,,,,,,,,,,,,,,,,,,,,,,,,,,,,,,,,,,,,,,,,,,,,,,,,,,,,,,,,,,,,,,,,,,,,,,,,,,,,,,,,,,,,,,,
,,,2025-08-11_11h46.30.436,CFMT_CCMT_Face_recognition,03.02.2023,MacIntel,59.88023952,56b78f11e77ebe000cbefe79,6899c7d7c4c961a016830ad3,6899c92d8ea81c78b3434de6,,,,,,,,,,,,,,,,,,,,,,,,,,,,,,,,,,,,,,,,,,,,,,,,,,,158.2903,159.0404,4,0,4,0,1,,,,,,,,,,,,,,,,,,,,,,,,,,,,,,,,,,,,,,,,,,,,,,,,,,,,,,,,,,,,,,,,,,,,,,,,,,,,,,,,,,,,,,,,,,,,,,,,,,,,,,,,,,,,,,,,,,,,,,,,,,,,,,,,,,,,,
,,,2025-08-11_11h46.30.436,CFMT_CCMT_Face_recognition,03.02.2023,MacIntel,59.88023952,56b78f11e77ebe000cbefe79,6899c7d7c4c961a016830ad3,6899c92d8ea81c78b3434de6,,,,,,,,,,,,,,,,,,,,,,,,,,,,,,,,,,,,,,,,,,,,,,,,,,,159.041,159.79,5,0,5,0,1,,,,,,,,,,,,,,,,,,,,,,,,,,,,,,,,,,,,,,,,,,,,,,,,,,,,,,,,,,,,,,,,,,,,,,,,,,,,,,,,,,,,,,,,,,,,,,,,,,,,,,,,,,,,,,,,,,,,,,,,,,,,,,,,,,,,,
,,,2025-08-11_11h46.30.436,CFMT_CCMT_Face_recognition,03.02.2023,MacIntel,59.88023952,56b78f11e77ebe000cbefe79,6899c7d7c4c961a016830ad3,6899c92d8ea81c78b3434de6,,,,,,,,,,,,,,,,,,,,,,,,,,,,,,,,,,,,,,,,,,,,,,159.7907,1.719395189,161.5071,161.5072,161.5074,161.5091,162.257,0,0,0,0,1,159.79,159.7906,,0,,,,,,,,,,,,,,,,,,,,,,,,,,,,,,,,,,,,,,,,,,,,,,,,,,,,,,,,,,,,,,,,,,,,,,,,,,,,,,,,,,,,,,,,,,,,,,,,,,,,,,,,,,,,,,,,,,,,,,,,,,,,,,,,,
,,,2025-08-11_11h46.30.436,CFMT_CCMT_Face_recognition,03.02.2023,MacIntel,59.88023952,56b78f11e77ebe000cbefe79,6899c7d7c4c961a016830ad3,6899c92d8ea81c78b3434de6,,,,,,,,,,,,,,,,,,,,,,,,,,,,,,,,,,,,,,,,,,,,,,,,,,,162.2577,163.007,1,0,1,0,1,,,,,,,,,,,,,,,,,,,,,,,,,,,,,,,,,,,,,,,,,,,,,,,,,,,,,,,,,,,,,,,,,,,,,,,,,,,,,,,,,,,,,,,,,,,,,,,,,,,,,,,,,,,,,,,,,,,,,,,,,,,,,,,,,,,,,
,,,2025-08-11_11h46.30.436,CFMT_CCMT_Face_recognition,03.02.2023,MacIntel,59.88023952,56b78f11e77ebe000cbefe79,6899c7d7c4c961a016830ad3,6899c92d8ea81c78b3434de6,,,,,,,,,,,,,,,,,,,,,,,,,,,,,,,,,,,,,,,,,,,,,,,,,,,163.0078,163.7569,2,0,2,0,1,,,,,,,,,,,,,,,,,,,,,,,,,,,,,,,,,,,,,,,,,,,,,,,,,,,,,,,,,,,,,,,,,,,,,,,,,,,,,,,,,,,,,,,,,,,,,,,,,,,,,,,,,,,,,,,,,,,,,,,,,,,,,,,,,,,,,
,,,2025-08-11_11h46.30.436,CFMT_CCMT_Face_recognition,03.02.2023,MacIntel,59.88023952,56b78f11e77ebe000cbefe79,6899c7d7c4c961a016830ad3,6899c92d8ea81c78b3434de6,,,,,,,,,,,,,,,,,,,,,,,,,,,,,,,,,,,,,,,,,,,,,,,,,,,163.7575,164.5066,3,0,3,0,1,,,,,,,,,,,,,,,,,,,,,,,,,,,,,,,,,,,,,,,,,,,,,,,,,,,,,,,,,,,,,,,,,,,,,,,,,,,,,,,,,,,,,,,,,,,,,,,,,,,,,,,,,,,,,,,,,,,,,,,,,,,,,,,,,,,,,
,,,2025-08-11_11h46.30.436,CFMT_CCMT_Face_recognition,03.02.2023,MacIntel,59.88023952,56b78f11e77ebe000cbefe79,6899c7d7c4c961a016830ad3,6899c92d8ea81c78b3434de6,,,,,,,,,,,,,,,,,,,,,,,,,,,,,,,,,,,,,,,,,,,,,,,,,,,164.5072,165.257,4,0,4,0,1,,,,,,,,,,,,,,,,,,,,,,,,,,,,,,,,,,,,,,,,,,,,,,,,,,,,,,,,,,,,,,,,,,,,,,,,,,,,,,,,,,,,,,,,,,,,,,,,,,,,,,,,,,,,,,,,,,,,,,,,,,,,,,,,,,,,,
,,,2025-08-11_11h46.30.436,CFMT_CCMT_Face_recognition,03.02.2023,MacIntel,59.88023952,56b78f11e77ebe000cbefe79,6899c7d7c4c961a016830ad3,6899c92d8ea81c78b3434de6,,,,,,,,,,,,,,,,,,,,,,,,,,,,,,,,,,,,,,,,,,,,,,,,,,,165.2576,166.0057,5,0,5,0,1,,,,,,,,,,,,,,,,,,,,,,,,,,,,,,,,,,,,,,,,,,,,,,,,,,,,,,,,,,,,,,,,,,,,,,,,,,,,,,,,,,,,,,,,,,,,,,,,,,,,,,,,,,,,,,,,,,,,,,,,,,,,,,,,,,,,,
,,,2025-08-11_11h46.30.436,CFMT_CCMT_Face_recognition,03.02.2023,MacIntel,59.88023952,56b78f11e77ebe000cbefe79,6899c7d7c4c961a016830ad3,6899c92d8ea81c78b3434de6,,,,,,,,,,,,,,,,,,,,,,,,,,,,,,,,,,,,,,,,,,,,,,169.8241,2.448132263,172.2735,172.2736,172.2738,172.2747,173.0237,0,0,0,0,1,166.0058,169.8235,q,1,3.8114,,,,,,,,,,,,,,,,,,,,,,,,,,,,,,,,,,,,,,,,,,,,,,,,,,,,,,,,,,,,,,,,,,,,,,,,,,,,,,,,,,,,,,,,,,,,,,,,,,,,,,,,,,,,,,,,,,,,,,,,,,,,,,,,
,,,2025-08-11_11h46.30.436,CFMT_CCMT_Face_recognition,03.02.2023,MacIntel,59.88023952,56b78f11e77ebe000cbefe79,6899c7d7c4c961a016830ad3,6899c92d8ea81c78b3434de6,,,,,,,,,,,,,,,,,,,,,,,,,,,,,,,,,,,,,,,,,,,,,,,,,,,173.0243,173.7738,1,0,1,0,1,,,,,,,,,,,,,,,,,,,,,,,,,,,,,,,,,,,,,,,,,,,,,,,,,,,,,,,,,,,,,,,,,,,,,,,,,,,,,,,,,,,,,,,,,,,,,,,,,,,,,,,,,,,,,,,,,,,,,,,,,,,,,,,,,,,,,
,,,2025-08-11_11h46.30.436,CFMT_CCMT_Face_recognition,03.02.2023,MacIntel,59.88023952,56b78f11e77ebe000cbefe79,6899c7d7c4c961a016830ad3,6899c92d8ea81c78b3434de6,,,,,,,,,,,,,,,,,,,,,,,,,,,,,,,,,,,,,,,,,,,,,,,,,,,173.7743,174.5237,2,0,2,0,1,,,,,,,,,,,,,,,,,,,,,,,,,,,,,,,,,,,,,,,,,,,,,,,,,,,,,,,,,,,,,,,,,,,,,,,,,,,,,,,,,,,,,,,,,,,,,,,,,,,,,,,,,,,,,,,,,,,,,,,,,,,,,,,,,,,,,
,,,2025-08-11_11h46.30.436,CFMT_CCMT_Face_recognition,03.02.2023,MacIntel,59.88023952,56b78f11e77ebe000cbefe79,6899c7d7c4c961a016830ad3,6899c92d8ea81c78b3434de6,,,,,,,,,,,,,,,,,,,,,,,,,,,,,,,,,,,,,,,,,,,,,,,,,,,174.5243,175.2736,3,0,3,0,1,,,,,,,,,,,,,,,,,,,,,,,,,,,,,,,,,,,,,,,,,,,,,,,,,,,,,,,,,,,,,,,,,,,,,,,,,,,,,,,,,,,,,,,,,,,,,,,,,,,,,,,,,,,,,,,,,,,,,,,,,,,,,,,,,,,,,
,,,2025-08-11_11h46.30.436,CFMT_CCMT_Face_recognition,03.02.2023,MacIntel,59.88023952,56b78f11e77ebe000cbefe79,6899c7d7c4c961a016830ad3,6899c92d8ea81c78b3434de6,,,,,,,,,,,,,,,,,,,,,,,,,,,,,,,,,,,,,,,,,,,,,,,,,,,175.2741,176.023,4,0,4,0,1,,,,,,,,,,,,,,,,,,,,,,,,,,,,,,,,,,,,,,,,,,,,,,,,,,,,,,,,,,,,,,,,,,,,,,,,,,,,,,,,,,,,,,,,,,,,,,,,,,,,,,,,,,,,,,,,,,,,,,,,,,,,,,,,,,,,,
,,,2025-08-11_11h46.30.436,CFMT_CCMT_Face_recognition,03.02.2023,MacIntel,59.88023952,56b78f11e77ebe000cbefe79,6899c7d7c4c961a016830ad3,6899c92d8ea81c78b3434de6,,,,,,,,,,,,,,,,,,,,,,,,,,,,,,,,,,,,,,,,,,,,,,,,,,,176.0235,176.7736,5,0,5,0,1,,,,,,,,,,,,,,,,,,,,,,,,,,,,,,,,,,,,,,,,,,,,,,,,,,,,,,,,,,,,,,,,,,,,,,,,,,,,,,,,,,,,,,,,,,,,,,,,,,,,,,,,,,,,,,,,,,,,,,,,,,,,,,,,,,,,,
,,,2025-08-11_11h46.30.436,CFMT_CCMT_Face_recognition,03.02.2023,MacIntel,59.88023952,56b78f11e77ebe000cbefe79,6899c7d7c4c961a016830ad3,6899c92d8ea81c78b3434de6,,,,,,,,,,,,,,,,,,,,,,,,,,,,,,,,,,,,,,,,,,,,,,176.7753,2.037012317,178.807,178.8071,178.8072,178.8086,179.5571,0,0,0,0,1,176.7738,176.7751,,0,,,,,,,,,,,,,,,,,,,,,,,,,,,,,,,,,,,,,,,,,,,,,,,,,,,,,,,,,,,,,,,,,,,,,,,,,,,,,,,,,,,,,,,,,,,,,,,,,,,,,,,,,,,,,,,,,,,,,,,,,,,,,,,,,
,,,2025-08-11_11h46.30.436,CFMT_CCMT_Face_recognition,03.02.2023,MacIntel,59.88023952,56b78f11e77ebe000cbefe79,6899c7d7c4c961a016830ad3,6899c92d8ea81c78b3434de6,,,,,,,,,,,,,,,,,,,,,,,,,,,,,,,,,,,,,,,,,,,,,,,,,,,179.5577,180.3061,1,0,1,0,1,,,,,,,,,,,,,,,,,,,,,,,,,,,,,,,,,,,,,,,,,,,,,,,,,,,,,,,,,,,,,,,,,,,,,,,,,,,,,,,,,,,,,,,,,,,,,,,,,,,,,,,,,,,,,,,,,,,,,,,,,,,,,,,,,,,,,
,,,2025-08-11_11h46.30.436,CFMT_CCMT_Face_recognition,03.02.2023,MacIntel,59.88023952,56b78f11e77ebe000cbefe79,6899c7d7c4c961a016830ad3,6899c92d8ea81c78b3434de6,,,,,,,,,,,,,,,,,,,,,,,,,,,,,,,,,,,,,,,,,,,,,,,,,,,180.3066,181.057,2,0,2,0,1,,,,,,,,,,,,,,,,,,,,,,,,,,,,,,,,,,,,,,,,,,,,,,,,,,,,,,,,,,,,,,,,,,,,,,,,,,,,,,,,,,,,,,,,,,,,,,,,,,,,,,,,,,,,,,,,,,,,,,,,,,,,,,,,,,,,,
,,,2025-08-11_11h46.30.436,CFMT_CCMT_Face_recognition,03.02.2023,MacIntel,59.88023952,56b78f11e77ebe000cbefe79,6899c7d7c4c961a016830ad3,6899c92d8ea81c78b3434de6,,,,,,,,,,,,,,,,,,,,,,,,,,,,,,,,,,,,,,,,,,,,,,,,,,,181.0576,181.8071,3,0,3,0,1,,,,,,,,,,,,,,,,,,,,,,,,,,,,,,,,,,,,,,,,,,,,,,,,,,,,,,,,,,,,,,,,,,,,,,,,,,,,,,,,,,,,,,,,,,,,,,,,,,,,,,,,,,,,,,,,,,,,,,,,,,,,,,,,,,,,,
,,,2025-08-11_11h46.30.436,CFMT_CCMT_Face_recognition,03.02.2023,MacIntel,59.88023952,56b78f11e77ebe000cbefe79,6899c7d7c4c961a016830ad3,6899c92d8ea81c78b3434de6,,,,,,,,,,,,,,,,,,,,,,,,,,,,,,,,,,,,,,,,,,,,,,,,,,,181.8079,182.5569,4,0,4,0,1,,,,,,,,,,,,,,,,,,,,,,,,,,,,,,,,,,,,,,,,,,,,,,,,,,,,,,,,,,,,,,,,,,,,,,,,,,,,,,,,,,,,,,,,,,,,,,,,,,,,,,,,,,,,,,,,,,,,,,,,,,,,,,,,,,,,,
,,,2025-08-11_11h46.30.436,CFMT_CCMT_Face_recognition,03.02.2023,MacIntel,59.88023952,56b78f11e77ebe000cbefe79,6899c7d7c4c961a016830ad3,6899c92d8ea81c78b3434de6,,,,,,,,,,,,,,,,,,,,,,,,,,,,,,,,,,,,,,,,,,,,,,,,,,,182.5575,183.3069,5,0,5,0,1,,,,,,,,,,,,,,,,,,,,,,,,,,,,,,,,,,,,,,,,,,,,,,,,,,,,,,,,,,,,,,,,,,,,,,,,,,,,,,,,,,,,,,,,,,,,,,,,,,,,,,,,,,,,,,,,,,,,,,,,,,,,,,,,,,,,,
,,,2025-08-11_11h46.30.436,CFMT_CCMT_Face_recognition,03.02.2023,MacIntel,59.88023952,56b78f11e77ebe000cbefe79,6899c7d7c4c961a016830ad3,6899c92d8ea81c78b3434de6,,,,,,,,,,,,,,,,,,,,,,,,,,,,,,,,,,,,,,,,,,,,,,185.8407,2.006284294,187.8402,187.8403,187.8404,187.8416,188.5898,0,0,0,0,1,183.3071,185.8403,q,1,2.5253,,,,,,,,,,,,,,,,,,,,,,,,,,,,,,,,,,,,,,,,,,,,,,,,,,,,,,,,,,,,,,,,,,,,,,,,,,,,,,,,,,,,,,,,,,,,,,,,,,,,,,,,,,,,,,,,,,,,,,,,,,,,,,,,
,,,2025-08-11_11h46.30.436,CFMT_CCMT_Face_recognition,03.02.2023,MacIntel,59.88023952,56b78f11e77ebe000cbefe79,6899c7d7c4c961a016830ad3,6899c92d8ea81c78b3434de6,,,,,,,,,,,,,,,,,,,,,,,,,,,,,,,,,,,,,,,,,,,,,,,,,,,188.59,189.3403,1,0,1,0,1,,,,,,,,,,,,,,,,,,,,,,,,,,,,,,,,,,,,,,,,,,,,,,,,,,,,,,,,,,,,,,,,,,,,,,,,,,,,,,,,,,,,,,,,,,,,,,,,,,,,,,,,,,,,,,,,,,,,,,,,,,,,,,,,,,,,,
,,,2025-08-11_11h46.30.436,CFMT_CCMT_Face_recognition,03.02.2023,MacIntel,59.88023952,56b78f11e77ebe000cbefe79,6899c7d7c4c961a016830ad3,6899c92d8ea81c78b3434de6,,,,,,,,,,,,,,,,,,,,,,,,,,,,,,,,,,,,,,,,,,,,,,,,,,,189.341,190.0899,2,0,2,0,1,,,,,,,,,,,,,,,,,,,,,,,,,,,,,,,,,,,,,,,,,,,,,,,,,,,,,,,,,,,,,,,,,,,,,,,,,,,,,,,,,,,,,,,,,,,,,,,,,,,,,,,,,,,,,,,,,,,,,,,,,,,,,,,,,,,,,
,,,2025-08-11_11h46.30.436,CFMT_CCMT_Face_recognition,03.02.2023,MacIntel,59.88023952,56b78f11e77ebe000cbefe79,6899c7d7c4c961a016830ad3,6899c92d8ea81c78b3434de6,,,,,,,,,,,,,,,,,,,,,,,,,,,,,,,,,,,,,,,,,,,,,,,,,,,190.0902,190.8403,3,0,3,0,1,,,,,,,,,,,,,,,,,,,,,,,,,,,,,,,,,,,,,,,,,,,,,,,,,,,,,,,,,,,,,,,,,,,,,,,,,,,,,,,,,,,,,,,,,,,,,,,,,,,,,,,,,,,,,,,,,,,,,,,,,,,,,,,,,,,,,
,,,2025-08-11_11h46.30.436,CFMT_CCMT_Face_recognition,03.02.2023,MacIntel,59.88023952,56b78f11e77ebe000cbefe79,6899c7d7c4c961a016830ad3,6899c92d8ea81c78b3434de6,,,,,,,,,,,,,,,,,,,,,,,,,,,,,,,,,,,,,,,,,,,,,,,,,,,190.8409,191.59,4,0,4,0,1,,,,,,,,,,,,,,,,,,,,,,,,,,,,,,,,,,,,,,,,,,,,,,,,,,,,,,,,,,,,,,,,,,,,,,,,,,,,,,,,,,,,,,,,,,,,,,,,,,,,,,,,,,,,,,,,,,,,,,,,,,,,,,,,,,,,,
,,,2025-08-11_11h46.30.436,CFMT_CCMT_Face_recognition,03.02.2023,MacIntel,59.88023952,56b78f11e77ebe000cbefe79,6899c7d7c4c961a016830ad3,6899c92d8ea81c78b3434de6,,,,,,,,,,,,,,,,,,,,,,,,,,,,,,,,,,,,,,,,,,,,,,,,,,,191.5902,192.3404,5,0,5,0,1,,,,,,,,,,,,,,,,,,,,,,,,,,,,,,,,,,,,,,,,,,,,,,,,,,,,,,,,,,,,,,,,,,,,,,,,,,,,,,,,,,,,,,,,,,,,,,,,,,,,,,,,,,,,,,,,,,,,,,,,,,,,,,,,,,,,,
,,,2025-08-11_11h46.30.436,CFMT_CCMT_Face_recognition,03.02.2023,MacIntel,59.88023952,56b78f11e77ebe000cbefe79,6899c7d7c4c961a016830ad3,6899c92d8ea81c78b3434de6,,,,,,,,,,,,,,,,,,,,,,,,,,,,,,,,,,,,,,,,,,,,,,192.3428,2.395757729,194.7403,194.7405,194.7406,194.7424,195.4904,0,0,0,0,1,192.3407,192.3425,,0,,,,,,,,,,,,,,,,,,,,,,,,,,,,,,,,,,,,,,,,,,,,,,,,,,,,,,,,,,,,,,,,,,,,,,,,,,,,,,,,,,,,,,,,,,,,,,,,,,,,,,,,,,,,,,,,,,,,,,,,,,,,,,,,,
,,,2025-08-11_11h46.30.436,CFMT_CCMT_Face_recognition,03.02.2023,MacIntel,59.88023952,56b78f11e77ebe000cbefe79,6899c7d7c4c961a016830ad3,6899c92d8ea81c78b3434de6,,,,,,,,,,,,,,,,,,,,,,,,,,,,,,,,,,,,,,,,,,,,,,,,,,,195.4914,196.2394,1,0,1,0,1,,,,,,,,,,,,,,,,,,,,,,,,,,,,,,,,,,,,,,,,,,,,,,,,,,,,,,,,,,,,,,,,,,,,,,,,,,,,,,,,,,,,,,,,,,,,,,,,,,,,,,,,,,,,,,,,,,,,,,,,,,,,,,,,,,,,,
,,,2025-08-11_11h46.30.436,CFMT_CCMT_Face_recognition,03.02.2023,MacIntel,59.88023952,56b78f11e77ebe000cbefe79,6899c7d7c4c961a016830ad3,6899c92d8ea81c78b3434de6,,,,,,,,,,,,,,,,,,,,,,,,,,,,,,,,,,,,,,,,,,,,,,,,,,,196.2399,196.9904,2,0,2,0,1,,,,,,,,,,,,,,,,,,,,,,,,,,,,,,,,,,,,,,,,,,,,,,,,,,,,,,,,,,,,,,,,,,,,,,,,,,,,,,,,,,,,,,,,,,,,,,,,,,,,,,,,,,,,,,,,,,,,,,,,,,,,,,,,,,,,,
,,,2025-08-11_11h46.30.436,CFMT_CCMT_Face_recognition,03.02.2023,MacIntel,59.88023952,56b78f11e77ebe000cbefe79,6899c7d7c4c961a016830ad3,6899c92d8ea81c78b3434de6,,,,,,,,,,,,,,,,,,,,,,,,,,,,,,,,,,,,,,,,,,,,,,,,,,,196.9911,197.7403,3,0,3,0,1,,,,,,,,,,,,,,,,,,,,,,,,,,,,,,,,,,,,,,,,,,,,,,,,,,,,,,,,,,,,,,,,,,,,,,,,,,,,,,,,,,,,,,,,,,,,,,,,,,,,,,,,,,,,,,,,,,,,,,,,,,,,,,,,,,,,,
,,,2025-08-11_11h46.30.436,CFMT_CCMT_Face_recognition,03.02.2023,MacIntel,59.88023952,56b78f11e77ebe000cbefe79,6899c7d7c4c961a016830ad3,6899c92d8ea81c78b3434de6,,,,,,,,,,,,,,,,,,,,,,,,,,,,,,,,,,,,,,,,,,,,,,,,,,,197.7409,198.4895,4,0,4,0,1,,,,,,,,,,,,,,,,,,,,,,,,,,,,,,,,,,,,,,,,,,,,,,,,,,,,,,,,,,,,,,,,,,,,,,,,,,,,,,,,,,,,,,,,,,,,,,,,,,,,,,,,,,,,,,,,,,,,,,,,,,,,,,,,,,,,,
,,,2025-08-11_11h46.30.436,CFMT_CCMT_Face_recognition,03.02.2023,MacIntel,59.88023952,56b78f11e77ebe000cbefe79,6899c7d7c4c961a016830ad3,6899c92d8ea81c78b3434de6,,,,,,,,,,,,,,,,,,,,,,,,,,,,,,,,,,,,,,,,,,,,,,,,,,,198.4901,199.2394,5,0,5,0,1,,,,,,,,,,,,,,,,,,,,,,,,,,,,,,,,,,,,,,,,,,,,,,,,,,,,,,,,,,,,,,,,,,,,,,,,,,,,,,,,,,,,,,,,,,,,,,,,,,,,,,,,,,,,,,,,,,,,,,,,,,,,,,,,,,,,,
,,,2025-08-11_11h46.30.436,CFMT_CCMT_Face_recognition,03.02.2023,MacIntel,59.88023952,56b78f11e77ebe000cbefe79,6899c7d7c4c961a016830ad3,6899c92d8ea81c78b3434de6,,,,,,,,,,,,,,,,,,,,,,,,,,,,,,,,,,,,,,,,,,,,,,199.2416,2.339538731,201.5737,201.5737,201.5739,201.575,202.3235,0,0,0,0,1,199.2396,199.2413,,0,,,,,,,,,,,,,,,,,,,,,,,,,,,,,,,,,,,,,,,,,,,,,,,,,,,,,,,,,,,,,,,,,,,,,,,,,,,,,,,,,,,,,,,,,,,,,,,,,,,,,,,,,,,,,,,,,,,,,,,,,,,,,,,,,
,,,2025-08-11_11h46.30.436,CFMT_CCMT_Face_recognition,03.02.2023,MacIntel,59.88023952,56b78f11e77ebe000cbefe79,6899c7d7c4c961a016830ad3,6899c92d8ea81c78b3434de6,,,,,,,,,,,,,,,,,,,,,,,,,,,,,,,,,,,,,,,,,,,,,,,,,,,202.324,203.0732,1,0,1,0,1,,,,,,,,,,,,,,,,,,,,,,,,,,,,,,,,,,,,,,,,,,,,,,,,,,,,,,,,,,,,,,,,,,,,,,,,,,,,,,,,,,,,,,,,,,,,,,,,,,,,,,,,,,,,,,,,,,,,,,,,,,,,,,,,,,,,,
,,,2025-08-11_11h46.30.436,CFMT_CCMT_Face_recognition,03.02.2023,MacIntel,59.88023952,56b78f11e77ebe000cbefe79,6899c7d7c4c961a016830ad3,6899c92d8ea81c78b3434de6,,,,,,,,,,,,,,,,,,,,,,,,,,,,,,,,,,,,,,,,,,,,,,,,,,,203.0737,203.8227,2,0,2,0,1,,,,,,,,,,,,,,,,,,,,,,,,,,,,,,,,,,,,,,,,,,,,,,,,,,,,,,,,,,,,,,,,,,,,,,,,,,,,,,,,,,,,,,,,,,,,,,,,,,,,,,,,,,,,,,,,,,,,,,,,,,,,,,,,,,,,,
,,,2025-08-11_11h46.30.436,CFMT_CCMT_Face_recognition,03.02.2023,MacIntel,59.88023952,56b78f11e77ebe000cbefe79,6899c7d7c4c961a016830ad3,6899c92d8ea81c78b3434de6,,,,,,,,,,,,,,,,,,,,,,,,,,,,,,,,,,,,,,,,,,,,,,,,,,,203.8231,204.5735,3,0,3,0,1,,,,,,,,,,,,,,,,,,,,,,,,,,,,,,,,,,,,,,,,,,,,,,,,,,,,,,,,,,,,,,,,,,,,,,,,,,,,,,,,,,,,,,,,,,,,,,,,,,,,,,,,,,,,,,,,,,,,,,,,,,,,,,,,,,,,,
,,,2025-08-11_11h46.30.436,CFMT_CCMT_Face_recognition,03.02.2023,MacIntel,59.88023952,56b78f11e77ebe000cbefe79,6899c7d7c4c961a016830ad3,6899c92d8ea81c78b3434de6,,,,,,,,,,,,,,,,,,,,,,,,,,,,,,,,,,,,,,,,,,,,,,,,,,,204.5742,205.3236,4,0,4,0,1,,,,,,,,,,,,,,,,,,,,,,,,,,,,,,,,,,,,,,,,,,,,,,,,,,,,,,,,,,,,,,,,,,,,,,,,,,,,,,,,,,,,,,,,,,,,,,,,,,,,,,,,,,,,,,,,,,,,,,,,,,,,,,,,,,,,,
,,,2025-08-11_11h46.30.436,CFMT_CCMT_Face_recognition,03.02.2023,MacIntel,59.88023952,56b78f11e77ebe000cbefe79,6899c7d7c4c961a016830ad3,6899c92d8ea81c78b3434de6,,,,,,,,,,,,,,,,,,,,,,,,,,,,,,,,,,,,,,,,,,,,,,,,,,,205.3241,206.0743,5,0,5,0,1,,,,,,,,,,,,,,,,,,,,,,,,,,,,,,,,,,,,,,,,,,,,,,,,,,,,,,,,,,,,,,,,,,,,,,,,,,,,,,,,,,,,,,,,,,,,,,,,,,,,,,,,,,,,,,,,,,,,,,,,,,,,,,,,,,,,,
,,,2025-08-11_11h46.30.436,CFMT_CCMT_Face_recognition,03.02.2023,MacIntel,59.88023952,56b78f11e77ebe000cbefe79,6899c7d7c4c961a016830ad3,6899c92d8ea81c78b3434de6,,,,,,,,,,,,,,,,,,,,,,,,,,,,,,,,,,,,,,,,,,,,,,206.0754,2.475212946,208.5404,208.5404,208.5404,208.5417,209.2901,0,0,0,0,1,206.0743,206.0752,,0,,,,,,,,,,,,,,,,,,,,,,,,,,,,,,,,,,,,,,,,,,,,,,,,,,,,,,,,,,,,,,,,,,,,,,,,,,,,,,,,,,,,,,,,,,,,,,,,,,,,,,,,,,,,,,,,,,,,,,,,,,,,,,,,,
,,,2025-08-11_11h46.30.436,CFMT_CCMT_Face_recognition,03.02.2023,MacIntel,59.88023952,56b78f11e77ebe000cbefe79,6899c7d7c4c961a016830ad3,6899c92d8ea81c78b3434de6,,,,,,,,,,,,,,,,,,,,,,,,,,,,,,,,,,,,,,,,,,,,,,,,,,,209.2905,210.0402,1,0,1,0,1,,,,,,,,,,,,,,,,,,,,,,,,,,,,,,,,,,,,,,,,,,,,,,,,,,,,,,,,,,,,,,,,,,,,,,,,,,,,,,,,,,,,,,,,,,,,,,,,,,,,,,,,,,,,,,,,,,,,,,,,,,,,,,,,,,,,,
,,,2025-08-11_11h46.30.436,CFMT_CCMT_Face_recognition,03.02.2023,MacIntel,59.88023952,56b78f11e77ebe000cbefe79,6899c7d7c4c961a016830ad3,6899c92d8ea81c78b3434de6,,,,,,,,,,,,,,,,,,,,,,,,,,,,,,,,,,,,,,,,,,,,,,,,,,,210.0407,210.7903,2,0,2,0,1,,,,,,,,,,,,,,,,,,,,,,,,,,,,,,,,,,,,,,,,,,,,,,,,,,,,,,,,,,,,,,,,,,,,,,,,,,,,,,,,,,,,,,,,,,,,,,,,,,,,,,,,,,,,,,,,,,,,,,,,,,,,,,,,,,,,,
,,,2025-08-11_11h46.30.436,CFMT_CCMT_Face_recognition,03.02.2023,MacIntel,59.88023952,56b78f11e77ebe000cbefe79,6899c7d7c4c961a016830ad3,6899c92d8ea81c78b3434de6,,,,,,,,,,,,,,,,,,,,,,,,,,,,,,,,,,,,,,,,,,,,,,,,,,,210.7908,211.5402,3,0,3,0,1,,,,,,,,,,,,,,,,,,,,,,,,,,,,,,,,,,,,,,,,,,,,,,,,,,,,,,,,,,,,,,,,,,,,,,,,,,,,,,,,,,,,,,,,,,,,,,,,,,,,,,,,,,,,,,,,,,,,,,,,,,,,,,,,,,,,,
,,,2025-08-11_11h46.30.436,CFMT_CCMT_Face_recognition,03.02.2023,MacIntel,59.88023952,56b78f11e77ebe000cbefe79,6899c7d7c4c961a016830ad3,6899c92d8ea81c78b3434de6,,,,,,,,,,,,,,,,,,,,,,,,,,,,,,,,,,,,,,,,,,,,,,,,,,,211.5408,212.2902,4,0,4,0,1,,,,,,,,,,,,,,,,,,,,,,,,,,,,,,,,,,,,,,,,,,,,,,,,,,,,,,,,,,,,,,,,,,,,,,,,,,,,,,,,,,,,,,,,,,,,,,,,,,,,,,,,,,,,,,,,,,,,,,,,,,,,,,,,,,,,,
,,,2025-08-11_11h46.30.436,CFMT_CCMT_Face_recognition,03.02.2023,MacIntel,59.88023952,56b78f11e77ebe000cbefe79,6899c7d7c4c961a016830ad3,6899c92d8ea81c78b3434de6,,,,,,,,,,,,,,,,,,,,,,,,,,,,,,,,,,,,,,,,,,,,,,,,,,,212.2906,213.0403,5,0,5,0,1,,,,,,,,,,,,,,,,,,,,,,,,,,,,,,,,,,,,,,,,,,,,,,,,,,,,,,,,,,,,,,,,,,,,,,,,,,,,,,,,,,,,,,,,,,,,,,,,,,,,,,,,,,,,,,,,,,,,,,,,,,,,,,,,,,,,,
,,,2025-08-11_11h46.30.436,CFMT_CCMT_Face_recognition,03.02.2023,MacIntel,59.88023952,56b78f11e77ebe000cbefe79,6899c7d7c4c961a016830ad3,6899c92d8ea81c78b3434de6,,,,,,,,,,,,,,,,,,,,,,,,,,,,,,,,,,,,,,,,,,,,,,213.0422,2.039087743,215.0735,215.0735,215.0736,215.0745,215.8236,0,0,0,0,1,213.0404,213.0419,,0,,,,,,,,,,,,,,,,,,,,,,,,,,,,,,,,,,,,,,,,,,,,,,,,,,,,,,,,,,,,,,,,,,,,,,,,,,,,,,,,,,,,,,,,,,,,,,,,,,,,,,,,,,,,,,,,,,,,,,,,,,,,,,,,,
,,,2025-08-11_11h46.30.436,CFMT_CCMT_Face_recognition,03.02.2023,MacIntel,59.88023952,56b78f11e77ebe000cbefe79,6899c7d7c4c961a016830ad3,6899c92d8ea81c78b3434de6,,,,,,,,,,,,,,,,,,,,,,,,,,,,,,,,,,,,,,,,,,,,,,,,,,,215.8242,216.5735,1,0,1,0,1,,,,,,,,,,,,,,,,,,,,,,,,,,,,,,,,,,,,,,,,,,,,,,,,,,,,,,,,,,,,,,,,,,,,,,,,,,,,,,,,,,,,,,,,,,,,,,,,,,,,,,,,,,,,,,,,,,,,,,,,,,,,,,,,,,,,,
,,,2025-08-11_11h46.30.436,CFMT_CCMT_Face_recognition,03.02.2023,MacIntel,59.88023952,56b78f11e77ebe000cbefe79,6899c7d7c4c961a016830ad3,6899c92d8ea81c78b3434de6,,,,,,,,,,,,,,,,,,,,,,,,,,,,,,,,,,,,,,,,,,,,,,,,,,,216.5741,217.3236,2,0,2,0,1,,,,,,,,,,,,,,,,,,,,,,,,,,,,,,,,,,,,,,,,,,,,,,,,,,,,,,,,,,,,,,,,,,,,,,,,,,,,,,,,,,,,,,,,,,,,,,,,,,,,,,,,,,,,,,,,,,,,,,,,,,,,,,,,,,,,,
,,,2025-08-11_11h46.30.436,CFMT_CCMT_Face_recognition,03.02.2023,MacIntel,59.88023952,56b78f11e77ebe000cbefe79,6899c7d7c4c961a016830ad3,6899c92d8ea81c78b3434de6,,,,,,,,,,,,,,,,,,,,,,,,,,,,,,,,,,,,,,,,,,,,,,,,,,,217.3242,218.0735,3,0,3,0,1,,,,,,,,,,,,,,,,,,,,,,,,,,,,,,,,,,,,,,,,,,,,,,,,,,,,,,,,,,,,,,,,,,,,,,,,,,,,,,,,,,,,,,,,,,,,,,,,,,,,,,,,,,,,,,,,,,,,,,,,,,,,,,,,,,,,,
,,,2025-08-11_11h46.30.436,CFMT_CCMT_Face_recognition,03.02.2023,MacIntel,59.88023952,56b78f11e77ebe000cbefe79,6899c7d7c4c961a016830ad3,6899c92d8ea81c78b3434de6,,,,,,,,,,,,,,,,,,,,,,,,,,,,,,,,,,,,,,,,,,,,,,,,,,,218.074,218.8235,4,0,4,0,1,,,,,,,,,,,,,,,,,,,,,,,,,,,,,,,,,,,,,,,,,,,,,,,,,,,,,,,,,,,,,,,,,,,,,,,,,,,,,,,,,,,,,,,,,,,,,,,,,,,,,,,,,,,,,,,,,,,,,,,,,,,,,,,,,,,,,
,,,2025-08-11_11h46.30.436,CFMT_CCMT_Face_recognition,03.02.2023,MacIntel,59.88023952,56b78f11e77ebe000cbefe79,6899c7d7c4c961a016830ad3,6899c92d8ea81c78b3434de6,,,,,,,,,,,,,,,,,,,,,,,,,,,,,,,,,,,,,,,,,,,,,,,,,,,218.8241,219.5736,5,0,5,0,1,,,,,,,,,,,,,,,,,,,,,,,,,,,,,,,,,,,,,,,,,,,,,,,,,,,,,,,,,,,,,,,,,,,,,,,,,,,,,,,,,,,,,,,,,,,,,,,,,,,,,,,,,,,,,,,,,,,,,,,,,,,,,,,,,,,,,
,,,2025-08-11_11h46.30.436,CFMT_CCMT_Face_recognition,03.02.2023,MacIntel,59.88023952,56b78f11e77ebe000cbefe79,6899c7d7c4c961a016830ad3,6899c92d8ea81c78b3434de6,,,,,,,,,,,,,,,,,,,,,,,,,,,,,,,,,,,,,,,,,,,,,,219.5754,2.270897041,221.8402,221.8403,221.8403,221.8416,222.5894,0,0,0,0,1,219.5737,219.5751,,0,,,,,,,,,,,,,,,,,,,,,,,,,,,,,,,,,,,,,,,,,,,,,,,,,,,,,,,,,,,,,,,,,,,,,,,,,,,,,,,,,,,,,,,,,,,,,,,,,,,,,,,,,,,,,,,,,,,,,,,,,,,,,,,,,
,,,2025-08-11_11h46.30.436,CFMT_CCMT_Face_recognition,03.02.2023,MacIntel,59.88023952,56b78f11e77ebe000cbefe79,6899c7d7c4c961a016830ad3,6899c92d8ea81c78b3434de6,,,,,,,,,,,,,,,,,,,,,,,,,,,,,,,,,,,,,,,,,,,,,,,,,,,222.5902,223.3402,1,0,1,0,1,,,,,,,,,,,,,,,,,,,,,,,,,,,,,,,,,,,,,,,,,,,,,,,,,,,,,,,,,,,,,,,,,,,,,,,,,,,,,,,,,,,,,,,,,,,,,,,,,,,,,,,,,,,,,,,,,,,,,,,,,,,,,,,,,,,,,
,,,2025-08-11_11h46.30.436,CFMT_CCMT_Face_recognition,03.02.2023,MacIntel,59.88023952,56b78f11e77ebe000cbefe79,6899c7d7c4c961a016830ad3,6899c92d8ea81c78b3434de6,,,,,,,,,,,,,,,,,,,,,,,,,,,,,,,,,,,,,,,,,,,,,,,,,,,223.3407,224.0891,2,0,2,0,1,,,,,,,,,,,,,,,,,,,,,,,,,,,,,,,,,,,,,,,,,,,,,,,,,,,,,,,,,,,,,,,,,,,,,,,,,,,,,,,,,,,,,,,,,,,,,,,,,,,,,,,,,,,,,,,,,,,,,,,,,,,,,,,,,,,,,
,,,2025-08-11_11h46.30.436,CFMT_CCMT_Face_recognition,03.02.2023,MacIntel,59.88023952,56b78f11e77ebe000cbefe79,6899c7d7c4c961a016830ad3,6899c92d8ea81c78b3434de6,,,,,,,,,,,,,,,,,,,,,,,,,,,,,,,,,,,,,,,,,,,,,,,,,,,224.0893,224.8402,3,0,3,0,1,,,,,,,,,,,,,,,,,,,,,,,,,,,,,,,,,,,,,,,,,,,,,,,,,,,,,,,,,,,,,,,,,,,,,,,,,,,,,,,,,,,,,,,,,,,,,,,,,,,,,,,,,,,,,,,,,,,,,,,,,,,,,,,,,,,,,
,,,2025-08-11_11h46.30.436,CFMT_CCMT_Face_recognition,03.02.2023,MacIntel,59.88023952,56b78f11e77ebe000cbefe79,6899c7d7c4c961a016830ad3,6899c92d8ea81c78b3434de6,,,,,,,,,,,,,,,,,,,,,,,,,,,,,,,,,,,,,,,,,,,,,,,,,,,224.8408,225.5893,4,0,4,0,1,,,,,,,,,,,,,,,,,,,,,,,,,,,,,,,,,,,,,,,,,,,,,,,,,,,,,,,,,,,,,,,,,,,,,,,,,,,,,,,,,,,,,,,,,,,,,,,,,,,,,,,,,,,,,,,,,,,,,,,,,,,,,,,,,,,,,
,,,2025-08-11_11h46.30.436,CFMT_CCMT_Face_recognition,03.02.2023,MacIntel,59.88023952,56b78f11e77ebe000cbefe79,6899c7d7c4c961a016830ad3,6899c92d8ea81c78b3434de6,,,,,,,,,,,,,,,,,,,,,,,,,,,,,,,,,,,,,,,,,,,,,,,,,,,225.5897,226.3401,5,0,5,0,1,,,,,,,,,,,,,,,,,,,,,,,,,,,,,,,,,,,,,,,,,,,,,,,,,,,,,,,,,,,,,,,,,,,,,,,,,,,,,,,,,,,,,,,,,,,,,,,,,,,,,,,,,,,,,,,,,,,,,,,,,,,,,,,,,,,,,
,,,2025-08-11_11h46.30.436,CFMT_CCMT_Face_recognition,03.02.2023,MacIntel,59.88023952,56b78f11e77ebe000cbefe79,6899c7d7c4c961a016830ad3,6899c92d8ea81c78b3434de6,,,,,,,,,,,,,,,,,,,,,,,,,,,,,,,,,,,,,,,,,,,,,,226.3419,2.27381046,228.6068,228.6069,228.6069,228.6082,229.3569,0,0,0,0,1,226.3403,226.3415,,0,,,,,,,,,,,,,,,,,,,,,,,,,,,,,,,,,,,,,,,,,,,,,,,,,,,,,,,,,,,,,,,,,,,,,,,,,,,,,,,,,,,,,,,,,,,,,,,,,,,,,,,,,,,,,,,,,,,,,,,,,,,,,,,,,
,,,2025-08-11_11h46.30.436,CFMT_CCMT_Face_recognition,03.02.2023,MacIntel,59.88023952,56b78f11e77ebe000cbefe79,6899c7d7c4c961a016830ad3,6899c92d8ea81c78b3434de6,,,,,,,,,,,,,,,,,,,,,,,,,,,,,,,,,,,,,,,,,,,,,,,,,,,229.3574,230.1056,1,0,1,0,1,,,,,,,,,,,,,,,,,,,,,,,,,,,,,,,,,,,,,,,,,,,,,,,,,,,,,,,,,,,,,,,,,,,,,,,,,,,,,,,,,,,,,,,,,,,,,,,,,,,,,,,,,,,,,,,,,,,,,,,,,,,,,,,,,,,,,
,,,2025-08-11_11h46.30.436,CFMT_CCMT_Face_recognition,03.02.2023,MacIntel,59.88023952,56b78f11e77ebe000cbefe79,6899c7d7c4c961a016830ad3,6899c92d8ea81c78b3434de6,,,,,,,,,,,,,,,,,,,,,,,,,,,,,,,,,,,,,,,,,,,,,,,,,,,230.1057,230.8567,2,0,2,0,1,,,,,,,,,,,,,,,,,,,,,,,,,,,,,,,,,,,,,,,,,,,,,,,,,,,,,,,,,,,,,,,,,,,,,,,,,,,,,,,,,,,,,,,,,,,,,,,,,,,,,,,,,,,,,,,,,,,,,,,,,,,,,,,,,,,,,
,,,2025-08-11_11h46.30.436,CFMT_CCMT_Face_recognition,03.02.2023,MacIntel,59.88023952,56b78f11e77ebe000cbefe79,6899c7d7c4c961a016830ad3,6899c92d8ea81c78b3434de6,,,,,,,,,,,,,,,,,,,,,,,,,,,,,,,,,,,,,,,,,,,,,,,,,,,230.8572,231.6068,3,0,3,0,1,,,,,,,,,,,,,,,,,,,,,,,,,,,,,,,,,,,,,,,,,,,,,,,,,,,,,,,,,,,,,,,,,,,,,,,,,,,,,,,,,,,,,,,,,,,,,,,,,,,,,,,,,,,,,,,,,,,,,,,,,,,,,,,,,,,,,
,,,2025-08-11_11h46.30.436,CFMT_CCMT_Face_recognition,03.02.2023,MacIntel,59.88023952,56b78f11e77ebe000cbefe79,6899c7d7c4c961a016830ad3,6899c92d8ea81c78b3434de6,,,,,,,,,,,,,,,,,,,,,,,,,,,,,,,,,,,,,,,,,,,,,,,,,,,231.6074,232.3569,4,0,4,0,1,,,,,,,,,,,,,,,,,,,,,,,,,,,,,,,,,,,,,,,,,,,,,,,,,,,,,,,,,,,,,,,,,,,,,,,,,,,,,,,,,,,,,,,,,,,,,,,,,,,,,,,,,,,,,,,,,,,,,,,,,,,,,,,,,,,,,
,,,2025-08-11_11h46.30.436,CFMT_CCMT_Face_recognition,03.02.2023,MacIntel,59.88023952,56b78f11e77ebe000cbefe79,6899c7d7c4c961a016830ad3,6899c92d8ea81c78b3434de6,,,,,,,,,,,,,,,,,,,,,,,,,,,,,,,,,,,,,,,,,,,,,,,,,,,232.3575,233.1064,5,0,5,0,1,,,,,,,,,,,,,,,,,,,,,,,,,,,,,,,,,,,,,,,,,,,,,,,,,,,,,,,,,,,,,,,,,,,,,,,,,,,,,,,,,,,,,,,,,,,,,,,,,,,,,,,,,,,,,,,,,,,,,,,,,,,,,,,,,,,,,
,,,2025-08-11_11h46.30.436,CFMT_CCMT_Face_recognition,03.02.2023,MacIntel,59.88023952,56b78f11e77ebe000cbefe79,6899c7d7c4c961a016830ad3,6899c92d8ea81c78b3434de6,,,,,,,,,,,,,,,,,,,,,,,,,,,,,,,,,,,,,,,,,,,,,,233.107,1.953633008,235.0558,235.0558,235.0559,235.0568,235.8069,0,0,0,0,1,233.1064,233.1069,,0,,,,,,,,,,,,,,,,,,,,,,,,,,,,,,,,,,,,,,,,,,,,,,,,,,,,,,,,,,,,,,,,,,,,,,,,,,,,,,,,,,,,,,,,,,,,,,,,,,,,,,,,,,,,,,,,,,,,,,,,,,,,,,,,,
,,,2025-08-11_11h46.30.436,CFMT_CCMT_Face_recognition,03.02.2023,MacIntel,59.88023952,56b78f11e77ebe000cbefe79,6899c7d7c4c961a016830ad3,6899c92d8ea81c78b3434de6,,,,,,,,,,,,,,,,,,,,,,,,,,,,,,,,,,,,,,,,,,,,,,,,,,,235.8074,236.5569,1,0,1,0,1,,,,,,,,,,,,,,,,,,,,,,,,,,,,,,,,,,,,,,,,,,,,,,,,,,,,,,,,,,,,,,,,,,,,,,,,,,,,,,,,,,,,,,,,,,,,,,,,,,,,,,,,,,,,,,,,,,,,,,,,,,,,,,,,,,,,,
,,,2025-08-11_11h46.30.436,CFMT_CCMT_Face_recognition,03.02.2023,MacIntel,59.88023952,56b78f11e77ebe000cbefe79,6899c7d7c4c961a016830ad3,6899c92d8ea81c78b3434de6,,,,,,,,,,,,,,,,,,,,,,,,,,,,,,,,,,,,,,,,,,,,,,,,,,,236.5575,237.3069,2,0,2,0,1,,,,,,,,,,,,,,,,,,,,,,,,,,,,,,,,,,,,,,,,,,,,,,,,,,,,,,,,,,,,,,,,,,,,,,,,,,,,,,,,,,,,,,,,,,,,,,,,,,,,,,,,,,,,,,,,,,,,,,,,,,,,,,,,,,,,,
,,,2025-08-11_11h46.30.436,CFMT_CCMT_Face_recognition,03.02.2023,MacIntel,59.88023952,56b78f11e77ebe000cbefe79,6899c7d7c4c961a016830ad3,6899c92d8ea81c78b3434de6,,,,,,,,,,,,,,,,,,,,,,,,,,,,,,,,,,,,,,,,,,,,,,,,,,,237.3074,238.0568,3,0,3,0,1,,,,,,,,,,,,,,,,,,,,,,,,,,,,,,,,,,,,,,,,,,,,,,,,,,,,,,,,,,,,,,,,,,,,,,,,,,,,,,,,,,,,,,,,,,,,,,,,,,,,,,,,,,,,,,,,,,,,,,,,,,,,,,,,,,,,,
,,,2025-08-11_11h46.30.436,CFMT_CCMT_Face_recognition,03.02.2023,MacIntel,59.88023952,56b78f11e77ebe000cbefe79,6899c7d7c4c961a016830ad3,6899c92d8ea81c78b3434de6,,,,,,,,,,,,,,,,,,,,,,,,,,,,,,,,,,,,,,,,,,,,,,,,,,,238.0575,238.8069,4,0,4,0,1,,,,,,,,,,,,,,,,,,,,,,,,,,,,,,,,,,,,,,,,,,,,,,,,,,,,,,,,,,,,,,,,,,,,,,,,,,,,,,,,,,,,,,,,,,,,,,,,,,,,,,,,,,,,,,,,,,,,,,,,,,,,,,,,,,,,,
,,,2025-08-11_11h46.30.436,CFMT_CCMT_Face_recognition,03.02.2023,MacIntel,59.88023952,56b78f11e77ebe000cbefe79,6899c7d7c4c961a016830ad3,6899c92d8ea81c78b3434de6,,,,,,,,,,,,,,,,,,,,,,,,,,,,,,,,,,,,,,,,,,,,,,,,,,,238.8075,239.5568,5,0,5,0,1,,,,,,,,,,,,,,,,,,,,,,,,,,,,,,,,,,,,,,,,,,,,,,,,,,,,,,,,,,,,,,,,,,,,,,,,,,,,,,,,,,,,,,,,,,,,,,,,,,,,,,,,,,,,,,,,,,,,,,,,,,,,,,,,,,,,,
,,,2025-08-11_11h46.30.436,CFMT_CCMT_Face_recognition,03.02.2023,MacIntel,59.88023952,56b78f11e77ebe000cbefe79,6899c7d7c4c961a016830ad3,6899c92d8ea81c78b3434de6,,,,,,,,,,,,,,,,,,,,,,,,,,,,,,,,,,,,,,,,,,,,,,239.5589,1.694699551,241.2565,241.2565,241.2565,241.2575,242.0065,0,0,0,0,1,239.5569,239.5586,,0,,,,,,,,,,,,,,,,,,,,,,,,,,,,,,,,,,,,,,,,,,,,,,,,,,,,,,,,,,,,,,,,,,,,,,,,,,,,,,,,,,,,,,,,,,,,,,,,,,,,,,,,,,,,,,,,,,,,,,,,,,,,,,,,,
,,,2025-08-11_11h46.30.436,CFMT_CCMT_Face_recognition,03.02.2023,MacIntel,59.88023952,56b78f11e77ebe000cbefe79,6899c7d7c4c961a016830ad3,6899c92d8ea81c78b3434de6,,,,,,,,,,,,,,,,,,,,,,,,,,,,,,,,,,,,,,,,,,,,,,,,,,,242.0073,242.7569,1,0,1,0,1,,,,,,,,,,,,,,,,,,,,,,,,,,,,,,,,,,,,,,,,,,,,,,,,,,,,,,,,,,,,,,,,,,,,,,,,,,,,,,,,,,,,,,,,,,,,,,,,,,,,,,,,,,,,,,,,,,,,,,,,,,,,,,,,,,,,,
,,,2025-08-11_11h46.30.436,CFMT_CCMT_Face_recognition,03.02.2023,MacIntel,59.88023952,56b78f11e77ebe000cbefe79,6899c7d7c4c961a016830ad3,6899c92d8ea81c78b3434de6,,,,,,,,,,,,,,,,,,,,,,,,,,,,,,,,,,,,,,,,,,,,,,,,,,,242.7574,243.5067,2,0,2,0,1,,,,,,,,,,,,,,,,,,,,,,,,,,,,,,,,,,,,,,,,,,,,,,,,,,,,,,,,,,,,,,,,,,,,,,,,,,,,,,,,,,,,,,,,,,,,,,,,,,,,,,,,,,,,,,,,,,,,,,,,,,,,,,,,,,,,,
,,,2025-08-11_11h46.30.436,CFMT_CCMT_Face_recognition,03.02.2023,MacIntel,59.88023952,56b78f11e77ebe000cbefe79,6899c7d7c4c961a016830ad3,6899c92d8ea81c78b3434de6,,,,,,,,,,,,,,,,,,,,,,,,,,,,,,,,,,,,,,,,,,,,,,,,,,,243.5073,244.2568,3,0,3,0,1,,,,,,,,,,,,,,,,,,,,,,,,,,,,,,,,,,,,,,,,,,,,,,,,,,,,,,,,,,,,,,,,,,,,,,,,,,,,,,,,,,,,,,,,,,,,,,,,,,,,,,,,,,,,,,,,,,,,,,,,,,,,,,,,,,,,,
,,,2025-08-11_11h46.30.436,CFMT_CCMT_Face_recognition,03.02.2023,MacIntel,59.88023952,56b78f11e77ebe000cbefe79,6899c7d7c4c961a016830ad3,6899c92d8ea81c78b3434de6,,,,,,,,,,,,,,,,,,,,,,,,,,,,,,,,,,,,,,,,,,,,,,,,,,,244.2574,245.0066,4,0,4,0,1,,,,,,,,,,,,,,,,,,,,,,,,,,,,,,,,,,,,,,,,,,,,,,,,,,,,,,,,,,,,,,,,,,,,,,,,,,,,,,,,,,,,,,,,,,,,,,,,,,,,,,,,,,,,,,,,,,,,,,,,,,,,,,,,,,,,,
,,,2025-08-11_11h46.30.436,CFMT_CCMT_Face_recognition,03.02.2023,MacIntel,59.88023952,56b78f11e77ebe000cbefe79,6899c7d7c4c961a016830ad3,6899c92d8ea81c78b3434de6,,,,,,,,,,,,,,,,,,,,,,,,,,,,,,,,,,,,,,,,,,,,,,,,,,,245.0071,245.7569,5,0,5,0,1,,,,,,,,,,,,,,,,,,,,,,,,,,,,,,,,,,,,,,,,,,,,,,,,,,,,,,,,,,,,,,,,,,,,,,,,,,,,,,,,,,,,,,,,,,,,,,,,,,,,,,,,,,,,,,,,,,,,,,,,,,,,,,,,,,,,,
,,,2025-08-11_11h46.30.436,CFMT_CCMT_Face_recognition,03.02.2023,MacIntel,59.88023952,56b78f11e77ebe000cbefe79,6899c7d7c4c961a016830ad3,6899c92d8ea81c78b3434de6,,,,,,,,,,,,,,,,,,,,,,,,,,,,,,,,,,,,,,,,,,,,,,,,,,,,,,,,,,245.7571,245.7583,,0,,,245.7589,250.7572,,,,,,,,,,,,,,,,,,,,,,,,,,,,,,,,,,,,,,,,,,,,,,,,,,,,,,,,,,,,,,,,,,,,,,,,,,,,,,,,,,,,,,,,,,,,,,,,,,,,,,,,,,,,,,,,,,,,,,,,,,,,,
,,,2025-08-11_11h46.30.436,CFMT_CCMT_Face_recognition,03.02.2023,MacIntel,59.88023952,56b78f11e77ebe000cbefe79,6899c7d7c4c961a016830ad3,6899c92d8ea81c78b3434de6,,,,,,,,,,,,,,,,,,,,,,,,,,,,,,,,,,,,,,,,,,,,,,,,,,,,,,,,,,,,,,,,,,250.7576,260.7574,,,,,,,,,,,,,,,,,,,,,,,,,,,,,,,,,,,,,,,,,,,,,,,,,,,,,,,,,,,,,,,,,,,,,,,,,,,,,,,,,,,,,,,,,,,,,,,,,,,,,,,,,,,,,,,,,,,,,,,,,,,
,,,2025-08-11_11h46.30.436,CFMT_CCMT_Face_recognition,03.02.2023,MacIntel,59.88023952,56b78f11e77ebe000cbefe79,6899c7d7c4c961a016830ad3,6899c92d8ea81c78b3434de6,,,,,,,,,,,,,,,,,,,,,,,,,,,,,,,,,,,,,,,,,,,,,,,,,,,,,,,,,,,,,,,,,,,,260.7577,266.7905,,,,,,,,,,,,,,,,,,,,,,,,,,,,,,,,,,,,,,,,,,,,,,,,,,,,,,,,,,,,,,,,,,,,,,,,,,,,,,,,,,,,,,,,,,,,,,,,,,,,,,,,,,,,,,,,,,,,,,,,,
,,,2025-08-11_11h46.30.436,CFMT_CCMT_Face_recognition,03.02.2023,MacIntel,59.88023952,56b78f11e77ebe000cbefe79,6899c7d7c4c961a016830ad3,6899c92d8ea81c78b3434de6,,,,,,,,,,,,,,,,,,,,,,,,,,,,,,,,,,,,,,,,,,,,,,,,,,,,,,,,,,,,,,,,,,,,,,266.7906,268.3744,,,,,,,,,,,,,,,,,,,,,,,,,,,,,,,,,,,,,,,,,,,,,,,,,,,,,,,,,,,,,,,,,,,,,,,,,,,,,,,,,,,,,,,,,,,,,,,,,,,,,,,,,,,,,,,,,,,,,,,
,,,2025-08-11_11h46.30.436,CFMT_CCMT_Face_recognition,03.02.2023,MacIntel,59.88023952,56b78f11e77ebe000cbefe79,6899c7d7c4c961a016830ad3,6899c92d8ea81c78b3434de6,,,,,,,,,,,,,,,,,,,,,,,,,,,,,,,,,,,,,,,,,,,,,,268.3771,2.040477537,270.4067,,,,,,,,,,,,,,,,,,,,,,,,270.407,273.0767,,,,,0,0,0,0,1,,,,,,,,,,,,,,,,,,,,,,,,,,,,,,,,,,,,,,,,,,,,,,,,,,,,,,,,,,,,,,,,,,,,,,,,,,,,,,,,,,,,,,,,,,,,,,,,,,,,,,,,,,,,
,,,2025-08-11_11h46.30.436,CFMT_CCMT_Face_recognition,03.02.2023,MacIntel,59.88023952,56b78f11e77ebe000cbefe79,6899c7d7c4c961a016830ad3,6899c92d8ea81c78b3434de6,,,,,,,,,,,,,,,,,,,,,,,,,,,,,,,,,,,,,,,,,,,,,,273.077,1.61915997,274.6901,,,,,,,,,,,,,,,,,,,,,,,,274.6902,276.0068,q,1,1.2224,,1,0,1,0,1,,,,,,,,,,,,,,,,,,,,,,,,,,,,,,,,,,,,,,,,,,,,,,,,,,,,,,,,,,,,,,,,,,,,,,,,,,,,,,,,,,,,,,,,,,,,,,,,,,,,,,,,,,,,
,,,2025-08-11_11h46.30.436,CFMT_CCMT_Face_recognition,03.02.2023,MacIntel,59.88023952,56b78f11e77ebe000cbefe79,6899c7d7c4c961a016830ad3,6899c92d8ea81c78b3434de6,,,,,,,,,,,,,,,,,,,,,,,,,,,,,,,,,,,,,,,,,,,,,,276.0073,1.968970767,277.9735,,,,,,,,,,,,,,,,,,,,,,,,277.9735,279.0066,q,0,0.9413,,2,0,2,0,1,,,,,,,,,,,,,,,,,,,,,,,,,,,,,,,,,,,,,,,,,,,,,,,,,,,,,,,,,,,,,,,,,,,,,,,,,,,,,,,,,,,,,,,,,,,,,,,,,,,,,,,,,,,,
,,,2025-08-11_11h46.30.436,CFMT_CCMT_Face_recognition,03.02.2023,MacIntel,59.88023952,56b78f11e77ebe000cbefe79,6899c7d7c4c961a016830ad3,6899c92d8ea81c78b3434de6,,,,,,,,,,,,,,,,,,,,,,,,,,,,,,,,,,,,,,,,,,,,,,279.0071,2.476983024,281.4734,,,,,,,,,,,,,,,,,,,,,,,,281.4736,284.79,,,,,3,0,3,0,1,,,,,,,,,,,,,,,,,,,,,,,,,,,,,,,,,,,,,,,,,,,,,,,,,,,,,,,,,,,,,,,,,,,,,,,,,,,,,,,,,,,,,,,,,,,,,,,,,,,,,,,,,,,,
,,,2025-08-11_11h46.30.436,CFMT_CCMT_Face_recognition,03.02.2023,MacIntel,59.88023952,56b78f11e77ebe000cbefe79,6899c7d7c4c961a016830ad3,6899c92d8ea81c78b3434de6,,,,,,,,,,,,,,,,,,,,,,,,,,,,,,,,,,,,,,,,,,,,,,284.7906,1.705337013,286.4902,,,,,,,,,,,,,,,,,,,,,,,,286.4902,287.9234,p,1,1.3362,,4,0,4,0,1,,,,,,,,,,,,,,,,,,,,,,,,,,,,,,,,,,,,,,,,,,,,,,,,,,,,,,,,,,,,,,,,,,,,,,,,,,,,,,,,,,,,,,,,,,,,,,,,,,,,,,,,,,,,
,,,2025-08-11_11h46.30.436,CFMT_CCMT_Face_recognition,03.02.2023,MacIntel,59.88023952,56b78f11e77ebe000cbefe79,6899c7d7c4c961a016830ad3,6899c92d8ea81c78b3434de6,,,,,,,,,,,,,,,,,,,,,,,,,,,,,,,,,,,,,,,,,,,,,,287.9239,1.879269086,289.8067,,,,,,,,,,,,,,,,,,,,,,,,289.8067,290.8568,q,0,0.9537,,5,0,5,0,1,,,,,,,,,,,,,,,,,,,,,,,,,,,,,,,,,,,,,,,,,,,,,,,,,,,,,,,,,,,,,,,,,,,,,,,,,,,,,,,,,,,,,,,,,,,,,,,,,,,,,,,,,,,,
,,,2025-08-11_11h46.30.436,CFMT_CCMT_Face_recognition,03.02.2023,MacIntel,59.88023952,56b78f11e77ebe000cbefe79,6899c7d7c4c961a016830ad3,6899c92d8ea81c78b3434de6,,,,,,,,,,,,,,,,,,,,,,,,,,,,,,,,,,,,,,,,,,,,,,290.8574,1.589043529,292.44,,,,,,,,,,,,,,,,,,,,,,,,292.44,293.1741,q,1,0.6507,,6,0,6,0,1,,,,,,,,,,,,,,,,,,,,,,,,,,,,,,,,,,,,,,,,,,,,,,,,,,,,,,,,,,,,,,,,,,,,,,,,,,,,,,,,,,,,,,,,,,,,,,,,,,,,,,,,,,,,
,,,2025-08-11_11h46.30.436,CFMT_CCMT_Face_recognition,03.02.2023,MacIntel,59.88023952,56b78f11e77ebe000cbefe79,6899c7d7c4c961a016830ad3,6899c92d8ea81c78b3434de6,,,,,,,,,,,,,,,,,,,,,,,,,,,,,,,,,,,,,,,,,,,,,,293.1746,2.334556774,295.5067,,,,,,,,,,,,,,,,,,,,,,,,295.5067,297.9057,,,,,7,0,7,0,1,,,,,,,,,,,,,,,,,,,,,,,,,,,,,,,,,,,,,,,,,,,,,,,,,,,,,,,,,,,,,,,,,,,,,,,,,,,,,,,,,,,,,,,,,,,,,,,,,,,,,,,,,,,,
,,,2025-08-11_11h46.30.436,CFMT_CCMT_Face_recognition,03.02.2023,MacIntel,59.88023952,56b78f11e77ebe000cbefe79,6899c7d7c4c961a016830ad3,6899c92d8ea81c78b3434de6,,,,,,,,,,,,,,,,,,,,,,,,,,,,,,,,,,,,,,,,,,,,,,297.9061,1.864622667,299.7734,,,,,,,,,,,,,,,,,,,,,,,,299.7735,301.1229,p,1,1.2443,,8,0,8,0,1,,,,,,,,,,,,,,,,,,,,,,,,,,,,,,,,,,,,,,,,,,,,,,,,,,,,,,,,,,,,,,,,,,,,,,,,,,,,,,,,,,,,,,,,,,,,,,,,,,,,,,,,,,,,
,,,2025-08-11_11h46.30.436,CFMT_CCMT_Face_recognition,03.02.2023,MacIntel,59.88023952,56b78f11e77ebe000cbefe79,6899c7d7c4c961a016830ad3,6899c92d8ea81c78b3434de6,,,,,,,,,,,,,,,,,,,,,,,,,,,,,,,,,,,,,,,,,,,,,,301.1233,2.302126082,303.4233,,,,,,,,,,,,,,,,,,,,,,,,303.4234,305.0568,p,1,1.544,,9,0,9,0,1,,,,,,,,,,,,,,,,,,,,,,,,,,,,,,,,,,,,,,,,,,,,,,,,,,,,,,,,,,,,,,,,,,,,,,,,,,,,,,,,,,,,,,,,,,,,,,,,,,,,,,,,,,,,
,,,2025-08-11_11h46.30.436,CFMT_CCMT_Face_recognition,03.02.2023,MacIntel,59.88023952,56b78f11e77ebe000cbefe79,6899c7d7c4c961a016830ad3,6899c92d8ea81c78b3434de6,,,,,,,,,,,,,,,,,,,,,,,,,,,,,,,,,,,,,,,,,,,,,,305.0577,2.498316698,307.5566,,,,,,,,,,,,,,,,,,,,,,,,307.5567,309.1057,q,0,1.4523,,10,0,10,0,1,,,,,,,,,,,,,,,,,,,,,,,,,,,,,,,,,,,,,,,,,,,,,,,,,,,,,,,,,,,,,,,,,,,,,,,,,,,,,,,,,,,,,,,,,,,,,,,,,,,,,,,,,,,,
,,,2025-08-11_11h46.30.436,CFMT_CCMT_Face_recognition,03.02.2023,MacIntel,59.88023952,56b78f11e77ebe000cbefe79,6899c7d7c4c961a016830ad3,6899c92d8ea81c78b3434de6,,,,,,,,,,,,,,,,,,,,,,,,,,,,,,,,,,,,,,,,,,,,,,309.1061,1.815452741,310.9224,,,,,,,,,,,,,,,,,,,,,,,,310.9224,312.6735,q,0,1.6544,,11,0,11,0,1,,,,,,,,,,,,,,,,,,,,,,,,,,,,,,,,,,,,,,,,,,,,,,,,,,,,,,,,,,,,,,,,,,,,,,,,,,,,,,,,,,,,,,,,,,,,,,,,,,,,,,,,,,,,
,,,2025-08-11_11h46.30.436,CFMT_CCMT_Face_recognition,03.02.2023,MacIntel,59.88023952,56b78f11e77ebe000cbefe79,6899c7d7c4c961a016830ad3,6899c92d8ea81c78b3434de6,,,,,,,,,,,,,,,,,,,,,,,,,,,,,,,,,,,,,,,,,,,,,,312.674,2.497380771,315.1735,,,,,,,,,,,,,,,,,,,,,,,,315.1736,317.4566,,,,,12,0,12,0,1,,,,,,,,,,,,,,,,,,,,,,,,,,,,,,,,,,,,,,,,,,,,,,,,,,,,,,,,,,,,,,,,,,,,,,,,,,,,,,,,,,,,,,,,,,,,,,,,,,,,,,,,,,,,
,,,2025-08-11_11h46.30.436,CFMT_CCMT_Face_recognition,03.02.2023,MacIntel,59.88023952,56b78f11e77ebe000cbefe79,6899c7d7c4c961a016830ad3,6899c92d8ea81c78b3434de6,,,,,,,,,,,,,,,,,,,,,,,,,,,,,,,,,,,,,,,,,,,,,,317.4572,2.165429476,319.6232,,,,,,,,,,,,,,,,,,,,,,,,319.6233,321.79,,,,,13,0,13,0,1,,,,,,,,,,,,,,,,,,,,,,,,,,,,,,,,,,,,,,,,,,,,,,,,,,,,,,,,,,,,,,,,,,,,,,,,,,,,,,,,,,,,,,,,,,,,,,,,,,,,,,,,,,,,
,,,2025-08-11_11h46.30.436,CFMT_CCMT_Face_recognition,03.02.2023,MacIntel,59.88023952,56b78f11e77ebe000cbefe79,6899c7d7c4c961a016830ad3,6899c92d8ea81c78b3434de6,,,,,,,,,,,,,,,,,,,,,,,,,,,,,,,,,,,,,,,,,,,,,,321.7907,2.023707369,323.8066,,,,,,,,,,,,,,,,,,,,,,,,323.8067,324.8396,p,1,0.9325,,14,0,14,0,1,,,,,,,,,,,,,,,,,,,,,,,,,,,,,,,,,,,,,,,,,,,,,,,,,,,,,,,,,,,,,,,,,,,,,,,,,,,,,,,,,,,,,,,,,,,,,,,,,,,,,,,,,,,,
,,,2025-08-11_11h46.30.436,CFMT_CCMT_Face_recognition,03.02.2023,MacIntel,59.88023952,56b78f11e77ebe000cbefe79,6899c7d7c4c961a016830ad3,6899c92d8ea81c78b3434de6,,,,,,,,,,,,,,,,,,,,,,,,,,,,,,,,,,,,,,,,,,,,,,324.84,1.601537729,326.44,,,,,,,,,,,,,,,,,,,,,,,,326.4401,327.5565,q,1,1.0125,,15,0,15,0,1,,,,,,,,,,,,,,,,,,,,,,,,,,,,,,,,,,,,,,,,,,,,,,,,,,,,,,,,,,,,,,,,,,,,,,,,,,,,,,,,,,,,,,,,,,,,,,,,,,,,,,,,,,,,
,,,2025-08-11_11h46.30.436,CFMT_CCMT_Face_recognition,03.02.2023,MacIntel,59.88023952,56b78f11e77ebe000cbefe79,6899c7d7c4c961a016830ad3,6899c92d8ea81c78b3434de6,,,,,,,,,,,,,,,,,,,,,,,,,,,,,,,,,,,,,,,,,,,,,,327.5571,1.668285812,329.2232,,,,,,,,,,,,,,,,,,,,,,,,329.2234,330.8732,q,0,1.5578,,16,0,16,0,1,,,,,,,,,,,,,,,,,,,,,,,,,,,,,,,,,,,,,,,,,,,,,,,,,,,,,,,,,,,,,,,,,,,,,,,,,,,,,,,,,,,,,,,,,,,,,,,,,,,,,,,,,,,,
,,,2025-08-11_11h46.30.436,CFMT_CCMT_Face_recognition,03.02.2023,MacIntel,59.88023952,56b78f11e77ebe000cbefe79,6899c7d7c4c961a016830ad3,6899c92d8ea81c78b3434de6,,,,,,,,,,,,,,,,,,,,,,,,,,,,,,,,,,,,,,,,,,,,,,330.8737,2.069693641,332.94,,,,,,,,,,,,,,,,,,,,,,,,332.94,334.3399,p,1,1.3073,,17,0,17,0,1,,,,,,,,,,,,,,,,,,,,,,,,,,,,,,,,,,,,,,,,,,,,,,,,,,,,,,,,,,,,,,,,,,,,,,,,,,,,,,,,,,,,,,,,,,,,,,,,,,,,,,,,,,,,
,,,2025-08-11_11h46.30.436,CFMT_CCMT_Face_recognition,03.02.2023,MacIntel,59.88023952,56b78f11e77ebe000cbefe79,6899c7d7c4c961a016830ad3,6899c92d8ea81c78b3434de6,,,,,,,,,,,,,,,,,,,,,,,,,,,,,,,,,,,,,,,,,,,,,,334.3406,1.926736336,336.2565,,,,,,,,,,,,,,,,,,,,,,,,336.2566,337.9725,q,1,1.6221,,18,0,18,0,1,,,,,,,,,,,,,,,,,,,,,,,,,,,,,,,,,,,,,,,,,,,,,,,,,,,,,,,,,,,,,,,,,,,,,,,,,,,,,,,,,,,,,,,,,,,,,,,,,,,,,,,,,,,,
,,,2025-08-11_11h46.30.436,CFMT_CCMT_Face_recognition,03.02.2023,MacIntel,59.88023952,56b78f11e77ebe000cbefe79,6899c7d7c4c961a016830ad3,6899c92d8ea81c78b3434de6,,,,,,,,,,,,,,,,,,,,,,,,,,,,,,,,,,,,,,,,,,,,,,337.9729,2.476583007,340.44,,,,,,,,,,,,,,,,,,,,,,,,340.4401,342.1398,p,1,1.6062,,19,0,19,0,1,,,,,,,,,,,,,,,,,,,,,,,,,,,,,,,,,,,,,,,,,,,,,,,,,,,,,,,,,,,,,,,,,,,,,,,,,,,,,,,,,,,,,,,,,,,,,,,,,,,,,,,,,,,,
,,,2025-08-11_11h46.30.436,CFMT_CCMT_Face_recognition,03.02.2023,MacIntel,59.88023952,56b78f11e77ebe000cbefe79,6899c7d7c4c961a016830ad3,6899c92d8ea81c78b3434de6,,,,,,,,,,,,,,,,,,,,,,,,,,,,,,,,,,,,,,,,,,,,,,342.1403,1.8608639,343.9899,,,,,,,,,,,,,,,,,,,,,,,,343.99,345.7733,p,0,1.688,,20,0,20,0,1,,,,,,,,,,,,,,,,,,,,,,,,,,,,,,,,,,,,,,,,,,,,,,,,,,,,,,,,,,,,,,,,,,,,,,,,,,,,,,,,,,,,,,,,,,,,,,,,,,,,,,,,,,,,
,,,2025-08-11_11h46.30.436,CFMT_CCMT_Face_recognition,03.02.2023,MacIntel,59.88023952,56b78f11e77ebe000cbefe79,6899c7d7c4c961a016830ad3,6899c92d8ea81c78b3434de6,,,,,,,,,,,,,,,,,,,,,,,,,,,,,,,,,,,,,,,,,,,,,,345.7739,2.285737209,348.0565,,,,,,,,,,,,,,,,,,,,,,,,348.0566,349.3733,q,1,1.221,,21,0,21,0,1,,,,,,,,,,,,,,,,,,,,,,,,,,,,,,,,,,,,,,,,,,,,,,,,,,,,,,,,,,,,,,,,,,,,,,,,,,,,,,,,,,,,,,,,,,,,,,,,,,,,,,,,,,,,
,,,2025-08-11_11h46.30.436,CFMT_CCMT_Face_recognition,03.02.2023,MacIntel,59.88023952,56b78f11e77ebe000cbefe79,6899c7d7c4c961a016830ad3,6899c92d8ea81c78b3434de6,,,,,,,,,,,,,,,,,,,,,,,,,,,,,,,,,,,,,,,,,,,,,,349.3739,2.111253862,351.4731,,,,,,,,,,,,,,,,,,,,,,,,351.4732,352.3565,q,1,0.7895,,22,0,22,0,1,,,,,,,,,,,,,,,,,,,,,,,,,,,,,,,,,,,,,,,,,,,,,,,,,,,,,,,,,,,,,,,,,,,,,,,,,,,,,,,,,,,,,,,,,,,,,,,,,,,,,,,,,,,,
,,,2025-08-11_11h46.30.436,CFMT_CCMT_Face_recognition,03.02.2023,MacIntel,59.88023952,56b78f11e77ebe000cbefe79,6899c7d7c4c961a016830ad3,6899c92d8ea81c78b3434de6,,,,,,,,,,,,,,,,,,,,,,,,,,,,,,,,,,,,,,,,,,,,,,352.357,1.681710062,354.0399,,,,,,,,,,,,,,,,,,,,,,,,354.0399,354.8566,q,1,0.7169,,23,0,23,0,1,,,,,,,,,,,,,,,,,,,,,,,,,,,,,,,,,,,,,,,,,,,,,,,,,,,,,,,,,,,,,,,,,,,,,,,,,,,,,,,,,,,,,,,,,,,,,,,,,,,,,,,,,,,,
,,,2025-08-11_11h46.30.436,CFMT_CCMT_Face_recognition,03.02.2023,MacIntel,59.88023952,56b78f11e77ebe000cbefe79,6899c7d7c4c961a016830ad3,6899c92d8ea81c78b3434de6,,,,,,,,,,,,,,,,,,,,,,,,,,,,,,,,,,,,,,,,,,,,,,354.8572,1.733737771,356.5898,,,,,,,,,,,,,,,,,,,,,,,,356.5898,357.6231,p,0,0.938,,24,0,24,0,1,,,,,,,,,,,,,,,,,,,,,,,,,,,,,,,,,,,,,,,,,,,,,,,,,,,,,,,,,,,,,,,,,,,,,,,,,,,,,,,,,,,,,,,,,,,,,,,,,,,,,,,,,,,,
,,,2025-08-11_11h46.30.436,CFMT_CCMT_Face_recognition,03.02.2023,MacIntel,59.88023952,56b78f11e77ebe000cbefe79,6899c7d7c4c961a016830ad3,6899c92d8ea81c78b3434de6,,,,,,,,,,,,,,,,,,,,,,,,,,,,,,,,,,,,,,,,,,,,,,357.6236,1.706221596,359.3232,,,,,,,,,,,,,,,,,,,,,,,,359.3233,360.6403,p,1,1.2296,,25,0,25,0,1,,,,,,,,,,,,,,,,,,,,,,,,,,,,,,,,,,,,,,,,,,,,,,,,,,,,,,,,,,,,,,,,,,,,,,,,,,,,,,,,,,,,,,,,,,,,,,,,,,,,,,,,,,,,
,,,2025-08-11_11h46.30.436,CFMT_CCMT_Face_recognition,03.02.2023,MacIntel,59.88023952,56b78f11e77ebe000cbefe79,6899c7d7c4c961a016830ad3,6899c92d8ea81c78b3434de6,,,,,,,,,,,,,,,,,,,,,,,,,,,,,,,,,,,,,,,,,,,,,,360.6414,2.398233523,363.0399,,,,,,,,,,,,,,,,,,,,,,,,363.0399,363.9231,q,1,0.7855,,26,0,26,0,1,,,,,,,,,,,,,,,,,,,,,,,,,,,,,,,,,,,,,,,,,,,,,,,,,,,,,,,,,,,,,,,,,,,,,,,,,,,,,,,,,,,,,,,,,,,,,,,,,,,,,,,,,,,,
,,,2025-08-11_11h46.30.436,CFMT_CCMT_Face_recognition,03.02.2023,MacIntel,59.88023952,56b78f11e77ebe000cbefe79,6899c7d7c4c961a016830ad3,6899c92d8ea81c78b3434de6,,,,,,,,,,,,,,,,,,,,,,,,,,,,,,,,,,,,,,,,,,,,,,363.9237,1.653896447,365.5731,,,,,,,,,,,,,,,,,,,,,,,,365.5732,367.1061,q,1,1.4467,,27,0,27,0,1,,,,,,,,,,,,,,,,,,,,,,,,,,,,,,,,,,,,,,,,,,,,,,,,,,,,,,,,,,,,,,,,,,,,,,,,,,,,,,,,,,,,,,,,,,,,,,,,,,,,,,,,,,,,
,,,2025-08-11_11h46.30.436,CFMT_CCMT_Face_recognition,03.02.2023,MacIntel,59.88023952,56b78f11e77ebe000cbefe79,6899c7d7c4c961a016830ad3,6899c92d8ea81c78b3434de6,,,,,,,,,,,,,,,,,,,,,,,,,,,,,,,,,,,,,,,,,,,,,,367.1063,2.415793676,369.5221,,,,,,,,,,,,,,,,,,,,,,,,369.5222,370.7895,q,1,1.1734,,28,0,28,0,1,,,,,,,,,,,,,,,,,,,,,,,,,,,,,,,,,,,,,,,,,,,,,,,,,,,,,,,,,,,,,,,,,,,,,,,,,,,,,,,,,,,,,,,,,,,,,,,,,,,,,,,,,,,,
,,,2025-08-11_11h46.30.436,CFMT_CCMT_Face_recognition,03.02.2023,MacIntel,59.88023952,56b78f11e77ebe000cbefe79,6899c7d7c4c961a016830ad3,6899c92d8ea81c78b3434de6,,,,,,,,,,,,,,,,,,,,,,,,,,,,,,,,,,,,,,,,,,,,,,370.7898,1.767390434,372.556,,,,,,,,,,,,,,,,,,,,,,,,372.556,373.7728,p,1,1.1274,,29,0,29,0,1,,,,,,,,,,,,,,,,,,,,,,,,,,,,,,,,,,,,,,,,,,,,,,,,,,,,,,,,,,,,,,,,,,,,,,,,,,,,,,,,,,,,,,,,,,,,,,,,,,,,,,,,,,,,
,,,2025-08-11_11h46.30.436,CFMT_CCMT_Face_recognition,03.02.2023,MacIntel,59.88023952,56b78f11e77ebe000cbefe79,6899c7d7c4c961a016830ad3,6899c92d8ea81c78b3434de6,,,,,,,,,,,,,,,,,,,,,,,,,,,,,,,,,,,,,,,,,,,,,,373.7731,1.775511254,375.5397,,,,,,,,,,,,,,,,,,,,,,,,375.5398,376.5222,q,1,0.8875,,30,0,30,0,1,,,,,,,,,,,,,,,,,,,,,,,,,,,,,,,,,,,,,,,,,,,,,,,,,,,,,,,,,,,,,,,,,,,,,,,,,,,,,,,,,,,,,,,,,,,,,,,,,,,,,,,,,,,,
,,,2025-08-11_11h46.30.436,CFMT_CCMT_Face_recognition,03.02.2023,MacIntel,59.88023952,56b78f11e77ebe000cbefe79,6899c7d7c4c961a016830ad3,6899c92d8ea81c78b3434de6,,,,,,,,,,,,,,,,,,,,,,,,,,,,,,,,,,,,,,,,,,,,,,376.5227,1.924485496,378.4398,,,,,,,,,,,,,,,,,,,,,,,,378.4398,379.5231,p,1,0.9837,,31,0,31,0,1,,,,,,,,,,,,,,,,,,,,,,,,,,,,,,,,,,,,,,,,,,,,,,,,,,,,,,,,,,,,,,,,,,,,,,,,,,,,,,,,,,,,,,,,,,,,,,,,,,,,,,,,,,,,
,,,2025-08-11_11h46.30.436,CFMT_CCMT_Face_recognition,03.02.2023,MacIntel,59.88023952,56b78f11e77ebe000cbefe79,6899c7d7c4c961a016830ad3,6899c92d8ea81c78b3434de6,,,,,,,,,,,,,,,,,,,,,,,,,,,,,,,,,,,,,,,,,,,,,,379.5238,1.505648752,381.0231,,,,,,,,,,,,,,,,,,,,,,,,381.0231,382.1396,q,1,1.0207,,32,0,32,0,1,,,,,,,,,,,,,,,,,,,,,,,,,,,,,,,,,,,,,,,,,,,,,,,,,,,,,,,,,,,,,,,,,,,,,,,,,,,,,,,,,,,,,,,,,,,,,,,,,,,,,,,,,,,,
,,,2025-08-11_11h46.30.436,CFMT_CCMT_Face_recognition,03.02.2023,MacIntel,59.88023952,56b78f11e77ebe000cbefe79,6899c7d7c4c961a016830ad3,6899c92d8ea81c78b3434de6,,,,,,,,,,,,,,,,,,,,,,,,,,,,,,,,,,,,,,,,,,,,,,382.1401,1.689382239,383.8231,,,,,,,,,,,,,,,,,,,,,,,,383.8232,384.7231,q,1,0.8051,,33,0,33,0,1,,,,,,,,,,,,,,,,,,,,,,,,,,,,,,,,,,,,,,,,,,,,,,,,,,,,,,,,,,,,,,,,,,,,,,,,,,,,,,,,,,,,,,,,,,,,,,,,,,,,,,,,,,,,
,,,2025-08-11_11h46.30.436,CFMT_CCMT_Face_recognition,03.02.2023,MacIntel,59.88023952,56b78f11e77ebe000cbefe79,6899c7d7c4c961a016830ad3,6899c92d8ea81c78b3434de6,,,,,,,,,,,,,,,,,,,,,,,,,,,,,,,,,,,,,,,,,,,,,,384.724,1.773565109,386.4898,,,,,,,,,,,,,,,,,,,,,,,,386.4899,387.2565,q,1,0.6741,,34,0,34,0,1,,,,,,,,,,,,,,,,,,,,,,,,,,,,,,,,,,,,,,,,,,,,,,,,,,,,,,,,,,,,,,,,,,,,,,,,,,,,,,,,,,,,,,,,,,,,,,,,,,,,,,,,,,,,
,,,2025-08-11_11h46.30.436,CFMT_CCMT_Face_recognition,03.02.2023,MacIntel,59.88023952,56b78f11e77ebe000cbefe79,6899c7d7c4c961a016830ad3,6899c92d8ea81c78b3434de6,,,,,,,,,,,,,,,,,,,,,,,,,,,,,,,,,,,,,,,,,,,,,,387.2571,2.023770325,389.2725,,,,,,,,,,,,,,,,,,,,,,,,389.2725,390.0729,q,1,0.7064,,35,0,35,0,1,,,,,,,,,,,,,,,,,,,,,,,,,,,,,,,,,,,,,,,,,,,,,,,,,,,,,,,,,,,,,,,,,,,,,,,,,,,,,,,,,,,,,,,,,,,,,,,,,,,,,,,,,,,,
,,,2025-08-11_11h46.30.436,CFMT_CCMT_Face_recognition,03.02.2023,MacIntel,59.88023952,56b78f11e77ebe000cbefe79,6899c7d7c4c961a016830ad3,6899c92d8ea81c78b3434de6,,,,,,,,,,,,,,,,,,,,,,,,,,,,,,,,,,,,,,,,,,,,,,390.0734,2.077245513,392.1397,,,,,,,,,,,,,,,,,,,,,,,,392.1397,393.9397,q,0,1.7085,,36,0,36,0,1,,,,,,,,,,,,,,,,,,,,,,,,,,,,,,,,,,,,,,,,,,,,,,,,,,,,,,,,,,,,,,,,,,,,,,,,,,,,,,,,,,,,,,,,,,,,,,,,,,,,,,,,,,,,
,,,2025-08-11_11h46.30.436,CFMT_CCMT_Face_recognition,03.02.2023,MacIntel,59.88023952,56b78f11e77ebe000cbefe79,6899c7d7c4c961a016830ad3,6899c92d8ea81c78b3434de6,,,,,,,,,,,,,,,,,,,,,,,,,,,,,,,,,,,,,,,,,,,,,,393.9403,2.37402234,396.3063,,,,,,,,,,,,,,,,,,,,,,,,396.3064,397.6064,q,1,1.2042,,37,0,37,0,1,,,,,,,,,,,,,,,,,,,,,,,,,,,,,,,,,,,,,,,,,,,,,,,,,,,,,,,,,,,,,,,,,,,,,,,,,,,,,,,,,,,,,,,,,,,,,,,,,,,,,,,,,,,,
,,,2025-08-11_11h46.30.436,CFMT_CCMT_Face_recognition,03.02.2023,MacIntel,59.88023952,56b78f11e77ebe000cbefe79,6899c7d7c4c961a016830ad3,6899c92d8ea81c78b3434de6,,,,,,,,,,,,,,,,,,,,,,,,,,,,,,,,,,,,,,,,,,,,,,397.6072,2.297462404,399.9064,,,,,,,,,,,,,,,,,,,,,,,,399.9065,400.973,p,0,0.9709,,38,0,38,0,1,,,,,,,,,,,,,,,,,,,,,,,,,,,,,,,,,,,,,,,,,,,,,,,,,,,,,,,,,,,,,,,,,,,,,,,,,,,,,,,,,,,,,,,,,,,,,,,,,,,,,,,,,,,,
,,,2025-08-11_11h46.30.436,CFMT_CCMT_Face_recognition,03.02.2023,MacIntel,59.88023952,56b78f11e77ebe000cbefe79,6899c7d7c4c961a016830ad3,6899c92d8ea81c78b3434de6,,,,,,,,,,,,,,,,,,,,,,,,,,,,,,,,,,,,,,,,,,,,,,400.9736,1.691712515,402.6564,,,,,,,,,,,,,,,,,,,,,,,,402.6564,404.173,q,0,1.4212,,39,0,39,0,1,,,,,,,,,,,,,,,,,,,,,,,,,,,,,,,,,,,,,,,,,,,,,,,,,,,,,,,,,,,,,,,,,,,,,,,,,,,,,,,,,,,,,,,,,,,,,,,,,,,,,,,,,,,,
,,,2025-08-11_11h46.30.436,CFMT_CCMT_Face_recognition,03.02.2023,MacIntel,59.88023952,56b78f11e77ebe000cbefe79,6899c7d7c4c961a016830ad3,6899c92d8ea81c78b3434de6,,,,,,,,,,,,,,,,,,,,,,,,,,,,,,,,,,,,,,,,,,,,,,404.1736,2.153141302,406.3229,,,,,,,,,,,,,,,,,,,,,,,,406.3229,407.5557,p,0,1.1354,,40,0,40,0,1,,,,,,,,,,,,,,,,,,,,,,,,,,,,,,,,,,,,,,,,,,,,,,,,,,,,,,,,,,,,,,,,,,,,,,,,,,,,,,,,,,,,,,,,,,,,,,,,,,,,,,,,,,,,
,,,2025-08-11_11h46.30.436,CFMT_CCMT_Face_recognition,03.02.2023,MacIntel,59.88023952,56b78f11e77ebe000cbefe79,6899c7d7c4c961a016830ad3,6899c92d8ea81c78b3434de6,,,,,,,,,,,,,,,,,,,,,,,,,,,,,,,,,,,,,,,,,,,,,,407.5562,1.526088305,409.0727,,,,,,,,,,,,,,,,,,,,,,,,409.0728,410.5229,p,1,1.3643,,41,0,41,0,1,,,,,,,,,,,,,,,,,,,,,,,,,,,,,,,,,,,,,,,,,,,,,,,,,,,,,,,,,,,,,,,,,,,,,,,,,,,,,,,,,,,,,,,,,,,,,,,,,,,,,,,,,,,,
,,,2025-08-11_11h46.30.436,CFMT_CCMT_Face_recognition,03.02.2023,MacIntel,59.88023952,56b78f11e77ebe000cbefe79,6899c7d7c4c961a016830ad3,6899c92d8ea81c78b3434de6,,,,,,,,,,,,,,,,,,,,,,,,,,,,,,,,,,,,,,,,,,,,,,410.5235,1.829780574,412.3563,,,,,,,,,,,,,,,,,,,,,,,,412.3564,414.4397,q,1,1.9878,,42,0,42,0,1,,,,,,,,,,,,,,,,,,,,,,,,,,,,,,,,,,,,,,,,,,,,,,,,,,,,,,,,,,,,,,,,,,,,,,,,,,,,,,,,,,,,,,,,,,,,,,,,,,,,,,,,,,,,
,,,2025-08-11_11h46.30.436,CFMT_CCMT_Face_recognition,03.02.2023,MacIntel,59.88023952,56b78f11e77ebe000cbefe79,6899c7d7c4c961a016830ad3,6899c92d8ea81c78b3434de6,,,,,,,,,,,,,,,,,,,,,,,,,,,,,,,,,,,,,,,,,,,,,,414.4404,2.239558808,416.6729,,,,,,,,,,,,,,,,,,,,,,,,416.6729,417.7562,p,1,0.993,,43,0,43,0,1,,,,,,,,,,,,,,,,,,,,,,,,,,,,,,,,,,,,,,,,,,,,,,,,,,,,,,,,,,,,,,,,,,,,,,,,,,,,,,,,,,,,,,,,,,,,,,,,,,,,,,,,,,,,
,,,2025-08-11_11h46.30.436,CFMT_CCMT_Face_recognition,03.02.2023,MacIntel,59.88023952,56b78f11e77ebe000cbefe79,6899c7d7c4c961a016830ad3,6899c92d8ea81c78b3434de6,,,,,,,,,,,,,,,,,,,,,,,,,,,,,,,,,,,,,,,,,,,,,,417.7568,2.341379195,420.0894,,,,,,,,,,,,,,,,,,,,,,,,420.0897,421.5397,q,0,1.3481,,44,0,44,0,1,,,,,,,,,,,,,,,,,,,,,,,,,,,,,,,,,,,,,,,,,,,,,,,,,,,,,,,,,,,,,,,,,,,,,,,,,,,,,,,,,,,,,,,,,,,,,,,,,,,,,,,,,,,,
,,,2025-08-11_11h46.30.436,CFMT_CCMT_Face_recognition,03.02.2023,MacIntel,59.88023952,56b78f11e77ebe000cbefe79,6899c7d7c4c961a016830ad3,6899c92d8ea81c78b3434de6,,,,,,,,,,,,,,,,,,,,,,,,,,,,,,,,,,,,,,,,,,,,,,421.5405,2.362432446,423.9063,,,,,,,,,,,,,,,,,,,,,,,,423.9064,425.3062,q,1,1.3059,,45,0,45,0,1,,,,,,,,,,,,,,,,,,,,,,,,,,,,,,,,,,,,,,,,,,,,,,,,,,,,,,,,,,,,,,,,,,,,,,,,,,,,,,,,,,,,,,,,,,,,,,,,,,,,,,,,,,,,
,,,2025-08-11_11h46.30.436,CFMT_CCMT_Face_recognition,03.02.2023,MacIntel,59.88023952,56b78f11e77ebe000cbefe79,6899c7d7c4c961a016830ad3,6899c92d8ea81c78b3434de6,,,,,,,,,,,,,,,,,,,,,,,,,,,,,,,,,,,,,,,,,,,,,,425.3067,1.538798095,426.8396,,,,,,,,,,,,,,,,,,,,,,,,426.8397,427.7894,p,1,0.8612,,46,0,46,0,1,,,,,,,,,,,,,,,,,,,,,,,,,,,,,,,,,,,,,,,,,,,,,,,,,,,,,,,,,,,,,,,,,,,,,,,,,,,,,,,,,,,,,,,,,,,,,,,,,,,,,,,,,,,,
,,,2025-08-11_11h46.30.436,CFMT_CCMT_Face_recognition,03.02.2023,MacIntel,59.88023952,56b78f11e77ebe000cbefe79,6899c7d7c4c961a016830ad3,6899c92d8ea81c78b3434de6,,,,,,,,,,,,,,,,,,,,,,,,,,,,,,,,,,,,,,,,,,,,,,427.7899,1.916928738,429.7063,,,,,,,,,,,,,,,,,,,,,,,,429.7064,430.673,q,0,0.8687,,47,0,47,0,1,,,,,,,,,,,,,,,,,,,,,,,,,,,,,,,,,,,,,,,,,,,,,,,,,,,,,,,,,,,,,,,,,,,,,,,,,,,,,,,,,,,,,,,,,,,,,,,,,,,,,,,,,,,,
,,,2025-08-11_11h46.30.436,CFMT_CCMT_Face_recognition,03.02.2023,MacIntel,59.88023952,56b78f11e77ebe000cbefe79,6899c7d7c4c961a016830ad3,6899c92d8ea81c78b3434de6,,,,,,,,,,,,,,,,,,,,,,,,,,,,,,,,,,,,,,,,,,,,,,430.6736,1.742955847,432.4064,,,,,,,,,,,,,,,,,,,,,,,,432.4066,433.2229,p,1,0.7126,,48,0,48,0,1,,,,,,,,,,,,,,,,,,,,,,,,,,,,,,,,,,,,,,,,,,,,,,,,,,,,,,,,,,,,,,,,,,,,,,,,,,,,,,,,,,,,,,,,,,,,,,,,,,,,,,,,,,,,
,,,2025-08-11_11h46.30.436,CFMT_CCMT_Face_recognition,03.02.2023,MacIntel,59.88023952,56b78f11e77ebe000cbefe79,6899c7d7c4c961a016830ad3,6899c92d8ea81c78b3434de6,,,,,,,,,,,,,,,,,,,,,,,,,,,,,,,,,,,,,,,,,,,,,,433.2234,1.994532589,435.2062,,,,,,,,,,,,,,,,,,,,,,,,435.2062,436.0893,p,1,0.7907,,49,0,49,0,1,,,,,,,,,,,,,,,,,,,,,,,,,,,,,,,,,,,,,,,,,,,,,,,,,,,,,,,,,,,,,,,,,,,,,,,,,,,,,,,,,,,,,,,,,,,,,,,,,,,,,,,,,,,,
,,,2025-08-11_11h46.30.436,CFMT_CCMT_Face_recognition,03.02.2023,MacIntel,59.88023952,56b78f11e77ebe000cbefe79,6899c7d7c4c961a016830ad3,6899c92d8ea81c78b3434de6,,,,,,,,,,,,,,,,,,,,,,,,,,,,,,,,,,,,,,,,,,,,,,436.0894,1.612621825,437.6897,,,,,,,,,,,,,,,,,,,,,,,,437.6897,438.7896,q,1,1.0054,,50,0,50,0,1,,,,,,,,,,,,,,,,,,,,,,,,,,,,,,,,,,,,,,,,,,,,,,,,,,,,,,,,,,,,,,,,,,,,,,,,,,,,,,,,,,,,,,,,,,,,,,,,,,,,,,,,,,,,
,,,2025-08-11_11h46.30.436,CFMT_CCMT_Face_recognition,03.02.2023,MacIntel,59.88023952,56b78f11e77ebe000cbefe79,6899c7d7c4c961a016830ad3,6899c92d8ea81c78b3434de6,,,,,,,,,,,,,,,,,,,,,,,,,,,,,,,,,,,,,,,,,,,,,,438.7902,1.601366101,440.3887,,,,,,,,,,,,,,,,,,,,,,,,440.3887,441.3563,p,0,0.8741,,51,0,51,0,1,,,,,,,,,,,,,,,,,,,,,,,,,,,,,,,,,,,,,,,,,,,,,,,,,,,,,,,,,,,,,,,,,,,,,,,,,,,,,,,,,,,,,,,,,,,,,,,,,,,,,,,,,,,,
,,,2025-08-11_11h46.30.436,CFMT_CCMT_Face_recognition,03.02.2023,MacIntel,59.88023952,56b78f11e77ebe000cbefe79,6899c7d7c4c961a016830ad3,6899c92d8ea81c78b3434de6,,,,,,,,,,,,,,,,,,,,,,,,,,,,,,,,,,,,,,,,,,,,,,441.3569,1.863355201,443.223,,,,,,,,,,,,,,,,,,,,,,,,443.223,444.0229,q,1,0.709,,52,0,52,0,1,,,,,,,,,,,,,,,,,,,,,,,,,,,,,,,,,,,,,,,,,,,,,,,,,,,,,,,,,,,,,,,,,,,,,,,,,,,,,,,,,,,,,,,,,,,,,,,,,,,,,,,,,,,,
,,,2025-08-11_11h46.30.436,CFMT_CCMT_Face_recognition,03.02.2023,MacIntel,59.88023952,56b78f11e77ebe000cbefe79,6899c7d7c4c961a016830ad3,6899c92d8ea81c78b3434de6,,,,,,,,,,,,,,,,,,,,,,,,,,,,,,,,,,,,,,,,,,,,,,444.0234,1.675862362,445.6896,,,,,,,,,,,,,,,,,,,,,,,,445.6896,448.4232,,,,,53,0,53,0,1,,,,,,,,,,,,,,,,,,,,,,,,,,,,,,,,,,,,,,,,,,,,,,,,,,,,,,,,,,,,,,,,,,,,,,,,,,,,,,,,,,,,,,,,,,,,,,,,,,,,,,,,,,,,
,,,2025-08-11_11h46.30.436,CFMT_CCMT_Face_recognition,03.02.2023,MacIntel,59.88023952,56b78f11e77ebe000cbefe79,6899c7d7c4c961a016830ad3,6899c92d8ea81c78b3434de6,,,,,,,,,,,,,,,,,,,,,,,,,,,,,,,,,,,,,,,,,,,,,,448.424,1.513965184,449.9396,,,,,,,,,,,,,,,,,,,,,,,,449.9398,451.5397,p,1,1.5059,,54,0,54,0,1,,,,,,,,,,,,,,,,,,,,,,,,,,,,,,,,,,,,,,,,,,,,,,,,,,,,,,,,,,,,,,,,,,,,,,,,,,,,,,,,,,,,,,,,,,,,,,,,,,,,,,,,,,,,
,,,2025-08-11_11h46.30.436,CFMT_CCMT_Face_recognition,03.02.2023,MacIntel,59.88023952,56b78f11e77ebe000cbefe79,6899c7d7c4c961a016830ad3,6899c92d8ea81c78b3434de6,,,,,,,,,,,,,,,,,,,,,,,,,,,,,,,,,,,,,,,,,,,,,,451.5403,2.280048717,453.8229,,,,,,,,,,,,,,,,,,,,,,,,453.823,455.0062,p,1,1.0871,,55,0,55,0,1,,,,,,,,,,,,,,,,,,,,,,,,,,,,,,,,,,,,,,,,,,,,,,,,,,,,,,,,,,,,,,,,,,,,,,,,,,,,,,,,,,,,,,,,,,,,,,,,,,,,,,,,,,,,
,,,2025-08-11_11h46.30.436,CFMT_CCMT_Face_recognition,03.02.2023,MacIntel,59.88023952,56b78f11e77ebe000cbefe79,6899c7d7c4c961a016830ad3,6899c92d8ea81c78b3434de6,,,,,,,,,,,,,,,,,,,,,,,,,,,,,,,,,,,,,,,,,,,,,,455.0068,2.20288473,457.2063,,,,,,,,,,,,,,,,,,,,,,,,457.2063,459.4229,,,,,56,0,56,0,1,,,,,,,,,,,,,,,,,,,,,,,,,,,,,,,,,,,,,,,,,,,,,,,,,,,,,,,,,,,,,,,,,,,,,,,,,,,,,,,,,,,,,,,,,,,,,,,,,,,,,,,,,,,,
,,,2025-08-11_11h46.30.436,CFMT_CCMT_Face_recognition,03.02.2023,MacIntel,59.88023952,56b78f11e77ebe000cbefe79,6899c7d7c4c961a016830ad3,6899c92d8ea81c78b3434de6,,,,,,,,,,,,,,,,,,,,,,,,,,,,,,,,,,,,,,,,,,,,,,459.4234,1.972337609,461.3895,,,,,,,,,,,,,,,,,,,,,,,,461.3896,463.0735,q,0,1.5825,,57,0,57,0,1,,,,,,,,,,,,,,,,,,,,,,,,,,,,,,,,,,,,,,,,,,,,,,,,,,,,,,,,,,,,,,,,,,,,,,,,,,,,,,,,,,,,,,,,,,,,,,,,,,,,,,,,,,,,
,,,2025-08-11_11h46.30.436,CFMT_CCMT_Face_recognition,03.02.2023,MacIntel,59.88023952,56b78f11e77ebe000cbefe79,6899c7d7c4c961a016830ad3,6899c92d8ea81c78b3434de6,,,,,,,,,,,,,,,,,,,,,,,,,,,,,,,,,,,,,,,,,,,,,,463.0739,1.858097025,464.9227,,,,,,,,,,,,,,,,,,,,,,,,464.9227,465.8394,q,1,0.8262,,58,0,58,0,1,,,,,,,,,,,,,,,,,,,,,,,,,,,,,,,,,,,,,,,,,,,,,,,,,,,,,,,,,,,,,,,,,,,,,,,,,,,,,,,,,,,,,,,,,,,,,,,,,,,,,,,,,,,,
,,,2025-08-11_11h46.30.436,CFMT_CCMT_Face_recognition,03.02.2023,MacIntel,59.88023952,56b78f11e77ebe000cbefe79,6899c7d7c4c961a016830ad3,6899c92d8ea81c78b3434de6,,,,,,,,,,,,,,,,,,,,,,,,,,,,,,,,,,,,,,,,,,,,,,465.84,2.033804974,467.8729,,,,,,,,,,,,,,,,,,,,,,,,467.8729,469.2895,p,0,1.3147,,59,0,59,0,1,,,,,,,,,,,,,,,,,,,,,,,,,,,,,,,,,,,,,,,,,,,,,,,,,,,,,,,,,,,,,,,,,,,,,,,,,,,,,,,,,,,,,,,,,,,,,,,,,,,,,,,,,,,,
,,,2025-08-11_11h46.30.436,CFMT_CCMT_Face_recognition,03.02.2023,MacIntel,59.88023952,56b78f11e77ebe000cbefe79,6899c7d7c4c961a016830ad3,6899c92d8ea81c78b3434de6,,,,,,,,,,,,,,,,,,,,,,,,,,,,,,,,,,,,,,,,,,,,,,474.542,2.262492664,476.8061,,,,,,,,,,,,,,,,,,,,,,,,476.8062,478.1055,p,1,1.2146,,0,0,0,0,1,469.2903,474.5403,space,5.2225,,,,,,,,,,,,,,,,,,,,,,,,,,,,,,,,,,,,,,,,,,,,,,,,,,,,,,,,,,,,,,,,,,,,,,,,,,,,,,,,,,,,,,,,,,,,,,,,,,,,,,,,
,,,2025-08-11_11h46.30.436,CFMT_CCMT_Face_recognition,03.02.2023,MacIntel,59.88023952,56b78f11e77ebe000cbefe79,6899c7d7c4c961a016830ad3,6899c92d8ea81c78b3434de6,,,,,,,,,,,,,,,,,,,,,,,,,,,,,,,,,,,,,,,,,,,,,,478.1057,1.670101568,479.7729,,,,,,,,,,,,,,,,,,,,,,,,479.773,482.2562,,,,,1,0,1,0,1,,,,,,,,,,,,,,,,,,,,,,,,,,,,,,,,,,,,,,,,,,,,,,,,,,,,,,,,,,,,,,,,,,,,,,,,,,,,,,,,,,,,,,,,,,,,,,,,,,,,,,,,,,,,
,,,2025-08-11_11h46.30.436,CFMT_CCMT_Face_recognition,03.02.2023,MacIntel,59.88023952,56b78f11e77ebe000cbefe79,6899c7d7c4c961a016830ad3,6899c92d8ea81c78b3434de6,,,,,,,,,,,,,,,,,,,,,,,,,,,,,,,,,,,,,,,,,,,,,,482.2568,2.269041678,484.5228,,,,,,,,,,,,,,,,,,,,,,,,484.5228,485.8897,q,1,1.2859,,2,0,2,0,1,,,,,,,,,,,,,,,,,,,,,,,,,,,,,,,,,,,,,,,,,,,,,,,,,,,,,,,,,,,,,,,,,,,,,,,,,,,,,,,,,,,,,,,,,,,,,,,,,,,,,,,,,,,,
,,,2025-08-11_11h46.30.436,CFMT_CCMT_Face_recognition,03.02.2023,MacIntel,59.88023952,56b78f11e77ebe000cbefe79,6899c7d7c4c961a016830ad3,6899c92d8ea81c78b3434de6,,,,,,,,,,,,,,,,,,,,,,,,,,,,,,,,,,,,,,,,,,,,,,485.8902,2.406138186,488.2893,,,,,,,,,,,,,,,,,,,,,,,,488.2893,489.7394,p,1,1.3567,,3,0,3,0,1,,,,,,,,,,,,,,,,,,,,,,,,,,,,,,,,,,,,,,,,,,,,,,,,,,,,,,,,,,,,,,,,,,,,,,,,,,,,,,,,,,,,,,,,,,,,,,,,,,,,,,,,,,,,
,,,2025-08-11_11h46.30.436,CFMT_CCMT_Face_recognition,03.02.2023,MacIntel,59.88023952,56b78f11e77ebe000cbefe79,6899c7d7c4c961a016830ad3,6899c92d8ea81c78b3434de6,,,,,,,,,,,,,,,,,,,,,,,,,,,,,,,,,,,,,,,,,,,,,,489.7401,2.085070457,491.8228,,,,,,,,,,,,,,,,,,,,,,,,491.8229,493.0557,p,1,1.1475,,4,0,4,0,1,,,,,,,,,,,,,,,,,,,,,,,,,,,,,,,,,,,,,,,,,,,,,,,,,,,,,,,,,,,,,,,,,,,,,,,,,,,,,,,,,,,,,,,,,,,,,,,,,,,,,,,,,,,,
,,,2025-08-11_11h46.30.436,CFMT_CCMT_Face_recognition,03.02.2023,MacIntel,59.88023952,56b78f11e77ebe000cbefe79,6899c7d7c4c961a016830ad3,6899c92d8ea81c78b3434de6,,,,,,,,,,,,,,,,,,,,,,,,,,,,,,,,,,,,,,,,,,,,,,493.0559,2.059539913,495.1054,,,,,,,,,,,,,,,,,,,,,,,,495.1054,496.739,p,1,1.5603,,5,0,5,0,1,,,,,,,,,,,,,,,,,,,,,,,,,,,,,,,,,,,,,,,,,,,,,,,,,,,,,,,,,,,,,,,,,,,,,,,,,,,,,,,,,,,,,,,,,,,,,,,,,,,,,,,,,,,,
,,,2025-08-11_11h46.30.436,CFMT_CCMT_Face_recognition,03.02.2023,MacIntel,59.88023952,56b78f11e77ebe000cbefe79,6899c7d7c4c961a016830ad3,6899c92d8ea81c78b3434de6,,,,,,,,,,,,,,,,,,,,,,,,,,,,,,,,,,,,,,,,,,,,,,496.7393,1.920170837,498.6557,,,,,,,,,,,,,,,,,,,,,,,,498.6557,499.7049,q,1,0.9761,,6,0,6,0,1,,,,,,,,,,,,,,,,,,,,,,,,,,,,,,,,,,,,,,,,,,,,,,,,,,,,,,,,,,,,,,,,,,,,,,,,,,,,,,,,,,,,,,,,,,,,,,,,,,,,,,,,,,,,
,,,2025-08-11_11h46.30.436,CFMT_CCMT_Face_recognition,03.02.2023,MacIntel,59.88023952,56b78f11e77ebe000cbefe79,6899c7d7c4c961a016830ad3,6899c92d8ea81c78b3434de6,,,,,,,,,,,,,,,,,,,,,,,,,,,,,,,,,,,,,,,,,,,,,,499.7056,2.186160361,501.8894,,,,,,,,,,,,,,,,,,,,,,,,501.8894,503.5557,p,1,1.5567,,7,0,7,0,1,,,,,,,,,,,,,,,,,,,,,,,,,,,,,,,,,,,,,,,,,,,,,,,,,,,,,,,,,,,,,,,,,,,,,,,,,,,,,,,,,,,,,,,,,,,,,,,,,,,,,,,,,,,,
,,,2025-08-11_11h46.30.436,CFMT_CCMT_Face_recognition,03.02.2023,MacIntel,59.88023952,56b78f11e77ebe000cbefe79,6899c7d7c4c961a016830ad3,6899c92d8ea81c78b3434de6,,,,,,,,,,,,,,,,,,,,,,,,,,,,,,,,,,,,,,,,,,,,,,503.5562,2.244327006,505.7894,,,,,,,,,,,,,,,,,,,,,,,,505.7894,507.056,p,1,1.1687,,8,0,8,0,1,,,,,,,,,,,,,,,,,,,,,,,,,,,,,,,,,,,,,,,,,,,,,,,,,,,,,,,,,,,,,,,,,,,,,,,,,,,,,,,,,,,,,,,,,,,,,,,,,,,,,,,,,,,,
,,,2025-08-11_11h46.30.436,CFMT_CCMT_Face_recognition,03.02.2023,MacIntel,59.88023952,56b78f11e77ebe000cbefe79,6899c7d7c4c961a016830ad3,6899c92d8ea81c78b3434de6,,,,,,,,,,,,,,,,,,,,,,,,,,,,,,,,,,,,,,,,,,,,,,507.0566,1.952848242,509.0061,,,,,,,,,,,,,,,,,,,,,,,,509.0061,510.0222,q,1,0.9253,,9,0,9,0,1,,,,,,,,,,,,,,,,,,,,,,,,,,,,,,,,,,,,,,,,,,,,,,,,,,,,,,,,,,,,,,,,,,,,,,,,,,,,,,,,,,,,,,,,,,,,,,,,,,,,,,,,,,,,
,,,2025-08-11_11h46.30.436,CFMT_CCMT_Face_recognition,03.02.2023,MacIntel,59.88023952,56b78f11e77ebe000cbefe79,6899c7d7c4c961a016830ad3,6899c92d8ea81c78b3434de6,,,,,,,,,,,,,,,,,,,,,,,,,,,,,,,,,,,,,,,,,,,,,,510.0226,2.003943836,512.0226,,,,,,,,,,,,,,,,,,,,,,,,512.0227,513.0223,q,0,0.9,,10,0,10,0,1,,,,,,,,,,,,,,,,,,,,,,,,,,,,,,,,,,,,,,,,,,,,,,,,,,,,,,,,,,,,,,,,,,,,,,,,,,,,,,,,,,,,,,,,,,,,,,,,,,,,,,,,,,,,
,,,2025-08-11_11h46.30.436,CFMT_CCMT_Face_recognition,03.02.2023,MacIntel,59.88023952,56b78f11e77ebe000cbefe79,6899c7d7c4c961a016830ad3,6899c92d8ea81c78b3434de6,,,,,,,,,,,,,,,,,,,,,,,,,,,,,,,,,,,,,,,,,,,,,,513.0228,1.805136888,514.8227,,,,,,,,,,,,,,,,,,,,,,,,514.8228,515.9561,q,1,1.0472,,11,0,11,0,1,,,,,,,,,,,,,,,,,,,,,,,,,,,,,,,,,,,,,,,,,,,,,,,,,,,,,,,,,,,,,,,,,,,,,,,,,,,,,,,,,,,,,,,,,,,,,,,,,,,,,,,,,,,,
,,,2025-08-11_11h46.30.436,CFMT_CCMT_Face_recognition,03.02.2023,MacIntel,59.88023952,56b78f11e77ebe000cbefe79,6899c7d7c4c961a016830ad3,6899c92d8ea81c78b3434de6,,,,,,,,,,,,,,,,,,,,,,,,,,,,,,,,,,,,,,,,,,,,,,515.9566,1.871536799,517.8228,,,,,,,,,,,,,,,,,,,,,,,,517.8228,519.1723,p,1,1.2492,,12,0,12,0,1,,,,,,,,,,,,,,,,,,,,,,,,,,,,,,,,,,,,,,,,,,,,,,,,,,,,,,,,,,,,,,,,,,,,,,,,,,,,,,,,,,,,,,,,,,,,,,,,,,,,,,,,,,,,
,,,2025-08-11_11h46.30.436,CFMT_CCMT_Face_recognition,03.02.2023,MacIntel,59.88023952,56b78f11e77ebe000cbefe79,6899c7d7c4c961a016830ad3,6899c92d8ea81c78b3434de6,,,,,,,,,,,,,,,,,,,,,,,,,,,,,,,,,,,,,,,,,,,,,,519.1726,2.191370682,521.3561,,,,,,,,,,,,,,,,,,,,,,,,521.3561,522.406,q,1,0.9558,,13,0,13,0,1,,,,,,,,,,,,,,,,,,,,,,,,,,,,,,,,,,,,,,,,,,,,,,,,,,,,,,,,,,,,,,,,,,,,,,,,,,,,,,,,,,,,,,,,,,,,,,,,,,,,,,,,,,,,
,,,2025-08-11_11h46.30.436,CFMT_CCMT_Face_recognition,03.02.2023,MacIntel,59.88023952,56b78f11e77ebe000cbefe79,6899c7d7c4c961a016830ad3,6899c92d8ea81c78b3434de6,,,,,,,,,,,,,,,,,,,,,,,,,,,,,,,,,,,,,,,,,,,,,,522.4068,1.59830081,524.0062,,,,,,,,,,,,,,,,,,,,,,,,524.0062,524.9055,q,0,0.8045,,14,0,14,0,1,,,,,,,,,,,,,,,,,,,,,,,,,,,,,,,,,,,,,,,,,,,,,,,,,,,,,,,,,,,,,,,,,,,,,,,,,,,,,,,,,,,,,,,,,,,,,,,,,,,,,,,,,,,,
,,,2025-08-11_11h46.30.436,CFMT_CCMT_Face_recognition,03.02.2023,MacIntel,59.88023952,56b78f11e77ebe000cbefe79,6899c7d7c4c961a016830ad3,6899c92d8ea81c78b3434de6,,,,,,,,,,,,,,,,,,,,,,,,,,,,,,,,,,,,,,,,,,,,,,524.906,2.256719876,527.1559,,,,,,,,,,,,,,,,,,,,,,,,527.1559,528.7894,p,1,1.5415,,15,0,15,0,1,,,,,,,,,,,,,,,,,,,,,,,,,,,,,,,,,,,,,,,,,,,,,,,,,,,,,,,,,,,,,,,,,,,,,,,,,,,,,,,,,,,,,,,,,,,,,,,,,,,,,,,,,,,,
,,,2025-08-11_11h46.30.436,CFMT_CCMT_Face_recognition,03.02.2023,MacIntel,59.88023952,56b78f11e77ebe000cbefe79,6899c7d7c4c961a016830ad3,6899c92d8ea81c78b3434de6,,,,,,,,,,,,,,,,,,,,,,,,,,,,,,,,,,,,,,,,,,,,,,528.7901,2.315779094,531.106,,,,,,,,,,,,,,,,,,,,,,,,531.1061,532.1392,p,0,0.9382,,16,0,16,0,1,,,,,,,,,,,,,,,,,,,,,,,,,,,,,,,,,,,,,,,,,,,,,,,,,,,,,,,,,,,,,,,,,,,,,,,,,,,,,,,,,,,,,,,,,,,,,,,,,,,,,,,,,,,,
,,,2025-08-11_11h46.30.436,CFMT_CCMT_Face_recognition,03.02.2023,MacIntel,59.88023952,56b78f11e77ebe000cbefe79,6899c7d7c4c961a016830ad3,6899c92d8ea81c78b3434de6,,,,,,,,,,,,,,,,,,,,,,,,,,,,,,,,,,,,,,,,,,,,,,532.1397,2.33956835,534.4727,,,,,,,,,,,,,,,,,,,,,,,,534.4727,535.956,q,0,1.3857,,17,0,17,0,1,,,,,,,,,,,,,,,,,,,,,,,,,,,,,,,,,,,,,,,,,,,,,,,,,,,,,,,,,,,,,,,,,,,,,,,,,,,,,,,,,,,,,,,,,,,,,,,,,,,,,,,,,,,,
,,,2025-08-11_11h46.30.436,CFMT_CCMT_Face_recognition,03.02.2023,MacIntel,59.88023952,56b78f11e77ebe000cbefe79,6899c7d7c4c961a016830ad3,6899c92d8ea81c78b3434de6,,,,,,,,,,,,,,,,,,,,,,,,,,,,,,,,,,,,,,,,,,,,,,535.9566,2.369891148,538.322,,,,,,,,,,,,,,,,,,,,,,,,538.3221,540.2558,p,1,1.8601,,18,0,18,0,1,,,,,,,,,,,,,,,,,,,,,,,,,,,,,,,,,,,,,,,,,,,,,,,,,,,,,,,,,,,,,,,,,,,,,,,,,,,,,,,,,,,,,,,,,,,,,,,,,,,,,,,,,,,,
,,,2025-08-11_11h46.30.436,CFMT_CCMT_Face_recognition,03.02.2023,MacIntel,59.88023952,56b78f11e77ebe000cbefe79,6899c7d7c4c961a016830ad3,6899c92d8ea81c78b3434de6,,,,,,,,,,,,,,,,,,,,,,,,,,,,,,,,,,,,,,,,,,,,,,540.2562,1.99893504,542.2559,,,,,,,,,,,,,,,,,,,,,,,,542.2559,543.1225,q,0,0.7754,,19,0,19,0,1,,,,,,,,,,,,,,,,,,,,,,,,,,,,,,,,,,,,,,,,,,,,,,,,,,,,,,,,,,,,,,,,,,,,,,,,,,,,,,,,,,,,,,,,,,,,,,,,,,,,,,,,,,,,
,,,2025-08-11_11h46.30.436,CFMT_CCMT_Face_recognition,03.02.2023,MacIntel,59.88023952,56b78f11e77ebe000cbefe79,6899c7d7c4c961a016830ad3,6899c92d8ea81c78b3434de6,,,,,,,,,,,,,,,,,,,,,,,,,,,,,,,,,,,,,,,,,,,,,,543.1231,1.971624953,545.0884,,,,,,,,,,,,,,,,,,,,,,,,545.0884,546.0058,p,1,0.8456,,20,0,20,0,1,,,,,,,,,,,,,,,,,,,,,,,,,,,,,,,,,,,,,,,,,,,,,,,,,,,,,,,,,,,,,,,,,,,,,,,,,,,,,,,,,,,,,,,,,,,,,,,,,,,,,,,,,,,,
,,,2025-08-11_11h46.30.436,CFMT_CCMT_Face_recognition,03.02.2023,MacIntel,59.88023952,56b78f11e77ebe000cbefe79,6899c7d7c4c961a016830ad3,6899c92d8ea81c78b3434de6,,,,,,,,,,,,,,,,,,,,,,,,,,,,,,,,,,,,,,,,,,,,,,546.0066,2.091498204,548.0889,,,,,,,,,,,,,,,,,,,,,,,,548.089,549.2057,q,0,1.0325,,21,0,21,0,1,,,,,,,,,,,,,,,,,,,,,,,,,,,,,,,,,,,,,,,,,,,,,,,,,,,,,,,,,,,,,,,,,,,,,,,,,,,,,,,,,,,,,,,,,,,,,,,,,,,,,,,,,,,,
,,,2025-08-11_11h46.30.436,CFMT_CCMT_Face_recognition,03.02.2023,MacIntel,59.88023952,56b78f11e77ebe000cbefe79,6899c7d7c4c961a016830ad3,6899c92d8ea81c78b3434de6,,,,,,,,,,,,,,,,,,,,,,,,,,,,,,,,,,,,,,,,,,,,,,549.2061,2.072848855,551.2726,,,,,,,,,,,,,,,,,,,,,,,,551.2727,552.1392,q,1,0.7806,,22,0,22,0,1,,,,,,,,,,,,,,,,,,,,,,,,,,,,,,,,,,,,,,,,,,,,,,,,,,,,,,,,,,,,,,,,,,,,,,,,,,,,,,,,,,,,,,,,,,,,,,,,,,,,,,,,,,,,
,,,2025-08-11_11h46.30.436,CFMT_CCMT_Face_recognition,03.02.2023,MacIntel,59.88023952,56b78f11e77ebe000cbefe79,6899c7d7c4c961a016830ad3,6899c92d8ea81c78b3434de6,,,,,,,,,,,,,,,,,,,,,,,,,,,,,,,,,,,,,,,,,,,,,,552.1397,1.82041065,553.956,,,,,,,,,,,,,,,,,,,,,,,,553.956,555.1393,p,0,1.086,,23,0,23,0,1,,,,,,,,,,,,,,,,,,,,,,,,,,,,,,,,,,,,,,,,,,,,,,,,,,,,,,,,,,,,,,,,,,,,,,,,,,,,,,,,,,,,,,,,,,,,,,,,,,,,,,,,,,,,
,,,2025-08-11_11h46.30.436,CFMT_CCMT_Face_recognition,03.02.2023,MacIntel,59.88023952,56b78f11e77ebe000cbefe79,6899c7d7c4c961a016830ad3,6899c92d8ea81c78b3434de6,,,,,,,,,,,,,,,,,,,,,,,,,,,,,,,,,,,,,,,,,,,,,,555.1401,1.590500694,556.7227,,,,,,,,,,,,,,,,,,,,,,,,556.7229,557.6726,q,0,0.8471,,24,0,24,0,1,,,,,,,,,,,,,,,,,,,,,,,,,,,,,,,,,,,,,,,,,,,,,,,,,,,,,,,,,,,,,,,,,,,,,,,,,,,,,,,,,,,,,,,,,,,,,,,,,,,,,,,,,,,,
,,,2025-08-11_11h46.30.436,CFMT_CCMT_Face_recognition,03.02.2023,MacIntel,59.88023952,56b78f11e77ebe000cbefe79,6899c7d7c4c961a016830ad3,6899c92d8ea81c78b3434de6,,,,,,,,,,,,,,,,,,,,,,,,,,,,,,,,,,,,,,,,,,,,,,557.6733,1.686561992,559.3558,,,,,,,,,,,,,,,,,,,,,,,,559.3559,562.1393,,,,,25,0,25,0,1,,,,,,,,,,,,,,,,,,,,,,,,,,,,,,,,,,,,,,,,,,,,,,,,,,,,,,,,,,,,,,,,,,,,,,,,,,,,,,,,,,,,,,,,,,,,,,,,,,,,,,,,,,,,
,,,2025-08-11_11h46.30.436,CFMT_CCMT_Face_recognition,03.02.2023,MacIntel,59.88023952,56b78f11e77ebe000cbefe79,6899c7d7c4c961a016830ad3,6899c92d8ea81c78b3434de6,,,,,,,,,,,,,,,,,,,,,,,,,,,,,,,,,,,,,,,,,,,,,,562.1399,1.583858154,563.7227,,,,,,,,,,,,,,,,,,,,,,,,563.7228,564.6226,q,1,0.8098,,26,0,26,0,1,,,,,,,,,,,,,,,,,,,,,,,,,,,,,,,,,,,,,,,,,,,,,,,,,,,,,,,,,,,,,,,,,,,,,,,,,,,,,,,,,,,,,,,,,,,,,,,,,,,,,,,,,,,,
,,,2025-08-11_11h46.30.436,CFMT_CCMT_Face_recognition,03.02.2023,MacIntel,59.88023952,56b78f11e77ebe000cbefe79,6899c7d7c4c961a016830ad3,6899c92d8ea81c78b3434de6,,,,,,,,,,,,,,,,,,,,,,,,,,,,,,,,,,,,,,,,,,,,,,564.6232,1.867939519,566.4892,,,,,,,,,,,,,,,,,,,,,,,,566.4892,568.2058,q,0,1.6235,,27,0,27,0,1,,,,,,,,,,,,,,,,,,,,,,,,,,,,,,,,,,,,,,,,,,,,,,,,,,,,,,,,,,,,,,,,,,,,,,,,,,,,,,,,,,,,,,,,,,,,,,,,,,,,,,,,,,,,
,,,2025-08-11_11h46.30.436,CFMT_CCMT_Face_recognition,03.02.2023,MacIntel,59.88023952,56b78f11e77ebe000cbefe79,6899c7d7c4c961a016830ad3,6899c92d8ea81c78b3434de6,,,,,,,,,,,,,,,,,,,,,,,,,,,,,,,,,,,,,,,,,,,,,,568.2063,2.178263891,570.3726,,,,,,,,,,,,,,,,,,,,,,,,570.3728,571.5559,p,0,1.086,,28,0,28,0,1,,,,,,,,,,,,,,,,,,,,,,,,,,,,,,,,,,,,,,,,,,,,,,,,,,,,,,,,,,,,,,,,,,,,,,,,,,,,,,,,,,,,,,,,,,,,,,,,,,,,,,,,,,,,
,,,2025-08-11_11h46.30.436,CFMT_CCMT_Face_recognition,03.02.2023,MacIntel,59.88023952,56b78f11e77ebe000cbefe79,6899c7d7c4c961a016830ad3,6899c92d8ea81c78b3434de6,,,,,,,,,,,,,,,,,,,,,,,,,,,,,,,,,,,,,,,,,,,,,,571.5565,2.034631787,573.5893,,,,,,,,,,,,,,,,,,,,,,,,573.5894,574.8395,q,1,1.1668,,29,0,29,0,1,,,,,,,,,,,,,,,,,,,,,,,,,,,,,,,,,,,,,,,,,,,,,,,,,,,,,,,,,,,,,,,,,,,,,,,,,,,,,,,,,,,,,,,,,,,,,,,,,,,,,,,,,,,,
,,,2025-08-11_11h46.30.436,CFMT_CCMT_Face_recognition,03.02.2023,MacIntel,59.88023952,56b78f11e77ebe000cbefe79,6899c7d7c4c961a016830ad3,6899c92d8ea81c78b3434de6,,,,,,,,,,,,,,,,,,,,,,,,,,,,,,,,,,,,,,,,,,,,,,574.84,1.8475129,576.6892,,,,,,,,,,,,,,,,,,,,,,,,576.6892,577.4559,q,1,0.6802,,30,0,30,0,1,,,,,,,,,,,,,,,,,,,,,,,,,,,,,,,,,,,,,,,,,,,,,,,,,,,,,,,,,,,,,,,,,,,,,,,,,,,,,,,,,,,,,,,,,,,,,,,,,,,,,,,,,,,,
,,,2025-08-11_11h46.30.436,CFMT_CCMT_Face_recognition,03.02.2023,MacIntel,59.88023952,56b78f11e77ebe000cbefe79,6899c7d7c4c961a016830ad3,6899c92d8ea81c78b3434de6,,,,,,,,,,,,,,,,,,,,,,,,,,,,,,,,,,,,,,,,,,,,,,577.4564,1.614978528,579.0725,,,,,,,,,,,,,,,,,,,,,,,,579.0725,580.3058,q,1,1.1399,,31,0,31,0,1,,,,,,,,,,,,,,,,,,,,,,,,,,,,,,,,,,,,,,,,,,,,,,,,,,,,,,,,,,,,,,,,,,,,,,,,,,,,,,,,,,,,,,,,,,,,,,,,,,,,,,,,,,,,
,,,2025-08-11_11h46.30.436,CFMT_CCMT_Face_recognition,03.02.2023,MacIntel,59.88023952,56b78f11e77ebe000cbefe79,6899c7d7c4c961a016830ad3,6899c92d8ea81c78b3434de6,,,,,,,,,,,,,,,,,,,,,,,,,,,,,,,,,,,,,,,,,,,,,,580.3062,1.553706918,581.8559,,,,,,,,,,,,,,,,,,,,,,,,581.8561,582.8222,q,1,0.8779,,32,0,32,0,1,,,,,,,,,,,,,,,,,,,,,,,,,,,,,,,,,,,,,,,,,,,,,,,,,,,,,,,,,,,,,,,,,,,,,,,,,,,,,,,,,,,,,,,,,,,,,,,,,,,,,,,,,,,,
,,,2025-08-11_11h46.30.436,CFMT_CCMT_Face_recognition,03.02.2023,MacIntel,59.88023952,56b78f11e77ebe000cbefe79,6899c7d7c4c961a016830ad3,6899c92d8ea81c78b3434de6,,,,,,,,,,,,,,,,,,,,,,,,,,,,,,,,,,,,,,,,,,,,,,582.8227,1.514941582,584.3393,,,,,,,,,,,,,,,,,,,,,,,,584.3394,585.3392,q,1,0.9039,,33,0,33,0,1,,,,,,,,,,,,,,,,,,,,,,,,,,,,,,,,,,,,,,,,,,,,,,,,,,,,,,,,,,,,,,,,,,,,,,,,,,,,,,,,,,,,,,,,,,,,,,,,,,,,,,,,,,,,
,,,2025-08-11_11h46.30.436,CFMT_CCMT_Face_recognition,03.02.2023,MacIntel,59.88023952,56b78f11e77ebe000cbefe79,6899c7d7c4c961a016830ad3,6899c92d8ea81c78b3434de6,,,,,,,,,,,,,,,,,,,,,,,,,,,,,,,,,,,,,,,,,,,,,,585.3397,2.052784743,587.3891,,,,,,,,,,,,,,,,,,,,,,,,587.3893,588.4393,p,0,0.95,,34,0,34,0,1,,,,,,,,,,,,,,,,,,,,,,,,,,,,,,,,,,,,,,,,,,,,,,,,,,,,,,,,,,,,,,,,,,,,,,,,,,,,,,,,,,,,,,,,,,,,,,,,,,,,,,,,,,,,
,,,2025-08-11_11h46.30.436,CFMT_CCMT_Face_recognition,03.02.2023,MacIntel,59.88023952,56b78f11e77ebe000cbefe79,6899c7d7c4c961a016830ad3,6899c92d8ea81c78b3434de6,,,,,,,,,,,,,,,,,,,,,,,,,,,,,,,,,,,,,,,,,,,,,,588.4399,2.499494963,590.9391,,,,,,,,,,,,,,,,,,,,,,,,590.9392,591.8725,q,1,0.8406,,35,0,35,0,1,,,,,,,,,,,,,,,,,,,,,,,,,,,,,,,,,,,,,,,,,,,,,,,,,,,,,,,,,,,,,,,,,,,,,,,,,,,,,,,,,,,,,,,,,,,,,,,,,,,,,,,,,,,,
,,,2025-08-11_11h46.30.436,CFMT_CCMT_Face_recognition,03.02.2023,MacIntel,59.88023952,56b78f11e77ebe000cbefe79,6899c7d7c4c961a016830ad3,6899c92d8ea81c78b3434de6,,,,,,,,,,,,,,,,,,,,,,,,,,,,,,,,,,,,,,,,,,,,,,591.873,2.493200844,594.3551,,,,,,,,,,,,,,,,,,,,,,,,594.3551,596.289,p,1,1.8409,,36,0,36,0,1,,,,,,,,,,,,,,,,,,,,,,,,,,,,,,,,,,,,,,,,,,,,,,,,,,,,,,,,,,,,,,,,,,,,,,,,,,,,,,,,,,,,,,,,,,,,,,,,,,,,,,,,,,,,
,,,2025-08-11_11h46.30.436,CFMT_CCMT_Face_recognition,03.02.2023,MacIntel,59.88023952,56b78f11e77ebe000cbefe79,6899c7d7c4c961a016830ad3,6899c92d8ea81c78b3434de6,,,,,,,,,,,,,,,,,,,,,,,,,,,,,,,,,,,,,,,,,,,,,,596.2895,2.351350885,598.6391,,,,,,,,,,,,,,,,,,,,,,,,598.6392,599.5392,q,1,0.8084,,37,0,37,0,1,,,,,,,,,,,,,,,,,,,,,,,,,,,,,,,,,,,,,,,,,,,,,,,,,,,,,,,,,,,,,,,,,,,,,,,,,,,,,,,,,,,,,,,,,,,,,,,,,,,,,,,,,,,,
,,,2025-08-11_11h46.30.436,CFMT_CCMT_Face_recognition,03.02.2023,MacIntel,59.88023952,56b78f11e77ebe000cbefe79,6899c7d7c4c961a016830ad3,6899c92d8ea81c78b3434de6,,,,,,,,,,,,,,,,,,,,,,,,,,,,,,,,,,,,,,,,,,,,,,599.5403,2.384305688,601.9225,,,,,,,,,,,,,,,,,,,,,,,,601.9225,602.7058,q,1,0.6883,,38,0,38,0,1,,,,,,,,,,,,,,,,,,,,,,,,,,,,,,,,,,,,,,,,,,,,,,,,,,,,,,,,,,,,,,,,,,,,,,,,,,,,,,,,,,,,,,,,,,,,,,,,,,,,,,,,,,,,
,,,2025-08-11_11h46.30.436,CFMT_CCMT_Face_recognition,03.02.2023,MacIntel,59.88023952,56b78f11e77ebe000cbefe79,6899c7d7c4c961a016830ad3,6899c92d8ea81c78b3434de6,,,,,,,,,,,,,,,,,,,,,,,,,,,,,,,,,,,,,,,,,,,,,,602.7063,1.621192949,604.3224,,,,,,,,,,,,,,,,,,,,,,,,604.3224,605.3223,p,1,0.9048,,39,0,39,0,1,,,,,,,,,,,,,,,,,,,,,,,,,,,,,,,,,,,,,,,,,,,,,,,,,,,,,,,,,,,,,,,,,,,,,,,,,,,,,,,,,,,,,,,,,,,,,,,,,,,,,,,,,,,,
,,,2025-08-11_11h46.30.436,CFMT_CCMT_Face_recognition,03.02.2023,MacIntel,59.88023952,56b78f11e77ebe000cbefe79,6899c7d7c4c961a016830ad3,6899c92d8ea81c78b3434de6,,,,,,,,,,,,,,,,,,,,,,,,,,,,,,,,,,,,,,,,,,,,,,605.3227,1.745446177,607.0559,,,,,,,,,,,,,,,,,,,,,,,,607.056,608.0392,q,1,0.892,,40,0,40,0,1,,,,,,,,,,,,,,,,,,,,,,,,,,,,,,,,,,,,,,,,,,,,,,,,,,,,,,,,,,,,,,,,,,,,,,,,,,,,,,,,,,,,,,,,,,,,,,,,,,,,,,,,,,,,
,,,2025-08-11_11h46.30.436,CFMT_CCMT_Face_recognition,03.02.2023,MacIntel,59.88023952,56b78f11e77ebe000cbefe79,6899c7d7c4c961a016830ad3,6899c92d8ea81c78b3434de6,,,,,,,,,,,,,,,,,,,,,,,,,,,,,,,,,,,,,,,,,,,,,,608.0399,2.478304488,610.5058,,,,,,,,,,,,,,,,,,,,,,,,610.5059,611.9558,q,1,1.3556,,41,0,41,0,1,,,,,,,,,,,,,,,,,,,,,,,,,,,,,,,,,,,,,,,,,,,,,,,,,,,,,,,,,,,,,,,,,,,,,,,,,,,,,,,,,,,,,,,,,,,,,,,,,,,,,,,,,,,,
,,,2025-08-11_11h46.30.436,CFMT_CCMT_Face_recognition,03.02.2023,MacIntel,59.88023952,56b78f11e77ebe000cbefe79,6899c7d7c4c961a016830ad3,6899c92d8ea81c78b3434de6,,,,,,,,,,,,,,,,,,,,,,,,,,,,,,,,,,,,,,,,,,,,,,611.9564,2.42591538,614.3724,,,,,,,,,,,,,,,,,,,,,,,,614.3726,615.3057,q,0,0.8421,,42,0,42,0,1,,,,,,,,,,,,,,,,,,,,,,,,,,,,,,,,,,,,,,,,,,,,,,,,,,,,,,,,,,,,,,,,,,,,,,,,,,,,,,,,,,,,,,,,,,,,,,,,,,,,,,,,,,,,
,,,2025-08-11_11h46.30.436,CFMT_CCMT_Face_recognition,03.02.2023,MacIntel,59.88023952,56b78f11e77ebe000cbefe79,6899c7d7c4c961a016830ad3,6899c92d8ea81c78b3434de6,,,,,,,,,,,,,,,,,,,,,,,,,,,,,,,,,,,,,,,,,,,,,,615.3063,2.056824756,617.3558,,,,,,,,,,,,,,,,,,,,,,,,617.3559,618.2057,q,0,0.7533,,43,0,43,0,1,,,,,,,,,,,,,,,,,,,,,,,,,,,,,,,,,,,,,,,,,,,,,,,,,,,,,,,,,,,,,,,,,,,,,,,,,,,,,,,,,,,,,,,,,,,,,,,,,,,,,,,,,,,,
,,,2025-08-11_11h46.30.436,CFMT_CCMT_Face_recognition,03.02.2023,MacIntel,59.88023952,56b78f11e77ebe000cbefe79,6899c7d7c4c961a016830ad3,6899c92d8ea81c78b3434de6,,,,,,,,,,,,,,,,,,,,,,,,,,,,,,,,,,,,,,,,,,,,,,618.2061,2.20064924,620.4057,,,,,,,,,,,,,,,,,,,,,,,,620.4058,622.0886,q,1,1.5854,,44,0,44,0,1,,,,,,,,,,,,,,,,,,,,,,,,,,,,,,,,,,,,,,,,,,,,,,,,,,,,,,,,,,,,,,,,,,,,,,,,,,,,,,,,,,,,,,,,,,,,,,,,,,,,,,,,,,,,
,,,2025-08-11_11h46.30.436,CFMT_CCMT_Face_recognition,03.02.2023,MacIntel,59.88023952,56b78f11e77ebe000cbefe79,6899c7d7c4c961a016830ad3,6899c92d8ea81c78b3434de6,,,,,,,,,,,,,,,,,,,,,,,,,,,,,,,,,,,,,,,,,,,,,,622.0887,1.6187972,623.7059,,,,,,,,,,,,,,,,,,,,,,,,623.706,626.4548,,,,,45,0,45,0,1,,,,,,,,,,,,,,,,,,,,,,,,,,,,,,,,,,,,,,,,,,,,,,,,,,,,,,,,,,,,,,,,,,,,,,,,,,,,,,,,,,,,,,,,,,,,,,,,,,,,,,,,,,,,
,,,2025-08-11_11h46.30.436,CFMT_CCMT_Face_recognition,03.02.2023,MacIntel,59.88023952,56b78f11e77ebe000cbefe79,6899c7d7c4c961a016830ad3,6899c92d8ea81c78b3434de6,,,,,,,,,,,,,,,,,,,,,,,,,,,,,,,,,,,,,,,,,,,,,,626.4553,1.556323843,628.0056,,,,,,,,,,,,,,,,,,,,,,,,628.0058,629.4557,q,1,1.359,,46,0,46,0,1,,,,,,,,,,,,,,,,,,,,,,,,,,,,,,,,,,,,,,,,,,,,,,,,,,,,,,,,,,,,,,,,,,,,,,,,,,,,,,,,,,,,,,,,,,,,,,,,,,,,,,,,,,,,
,,,2025-08-11_11h46.30.436,CFMT_CCMT_Face_recognition,03.02.2023,MacIntel,59.88023952,56b78f11e77ebe000cbefe79,6899c7d7c4c961a016830ad3,6899c92d8ea81c78b3434de6,,,,,,,,,,,,,,,,,,,,,,,,,,,,,,,,,,,,,,,,,,,,,,629.4562,1.740837595,631.1889,,,,,,,,,,,,,,,,,,,,,,,,631.189,632.139,p,0,0.8524,,47,0,47,0,1,,,,,,,,,,,,,,,,,,,,,,,,,,,,,,,,,,,,,,,,,,,,,,,,,,,,,,,,,,,,,,,,,,,,,,,,,,,,,,,,,,,,,,,,,,,,,,,,,,,,,,,,,,,,
,,,2025-08-11_11h46.30.436,CFMT_CCMT_Face_recognition,03.02.2023,MacIntel,59.88023952,56b78f11e77ebe000cbefe79,6899c7d7c4c961a016830ad3,6899c92d8ea81c78b3434de6,,,,,,,,,,,,,,,,,,,,,,,,,,,,,,,,,,,,,,,,,,,,,,632.1394,2.405258754,634.539,,,,,,,,,,,,,,,,,,,,,,,,634.5392,637.4379,,,,,48,0,48,0,1,,,,,,,,,,,,,,,,,,,,,,,,,,,,,,,,,,,,,,,,,,,,,,,,,,,,,,,,,,,,,,,,,,,,,,,,,,,,,,,,,,,,,,,,,,,,,,,,,,,,,,,,,,,,
,,,2025-08-11_11h46.30.436,CFMT_CCMT_Face_recognition,03.02.2023,MacIntel,59.88023952,56b78f11e77ebe000cbefe79,6899c7d7c4c961a016830ad3,6899c92d8ea81c78b3434de6,,,,,,,,,,,,,,,,,,,,,,,,,,,,,,,,,,,,,,,,,,,,,,637.4382,2.402993827,639.8391,,,,,,,,,,,,,,,,,,,,,,,,639.8391,640.8057,p,1,0.8666,,49,0,49,0,1,,,,,,,,,,,,,,,,,,,,,,,,,,,,,,,,,,,,,,,,,,,,,,,,,,,,,,,,,,,,,,,,,,,,,,,,,,,,,,,,,,,,,,,,,,,,,,,,,,,,,,,,,,,,
,,,2025-08-11_11h46.30.436,CFMT_CCMT_Face_recognition,03.02.2023,MacIntel,59.88023952,56b78f11e77ebe000cbefe79,6899c7d7c4c961a016830ad3,6899c92d8ea81c78b3434de6,,,,,,,,,,,,,,,,,,,,,,,,,,,,,,,,,,,,,,,,,,,,,,640.8063,2.218131747,643.0213,,,,,,,,,,,,,,,,,,,,,,,,643.0213,644.5047,q,0,1.387,,50,0,50,0,1,,,,,,,,,,,,,,,,,,,,,,,,,,,,,,,,,,,,,,,,,,,,,,,,,,,,,,,,,,,,,,,,,,,,,,,,,,,,,,,,,,,,,,,,,,,,,,,,,,,,,,,,,,,,
,,,2025-08-11_11h46.30.436,CFMT_CCMT_Face_recognition,03.02.2023,MacIntel,59.88023952,56b78f11e77ebe000cbefe79,6899c7d7c4c961a016830ad3,6899c92d8ea81c78b3434de6,,,,,,,,,,,,,,,,,,,,,,,,,,,,,,,,,,,,,,,,,,,,,,644.5052,2.009031871,646.5057,,,,,,,,,,,,,,,,,,,,,,,,646.5059,647.5059,p,1,0.9083,,51,0,51,0,1,,,,,,,,,,,,,,,,,,,,,,,,,,,,,,,,,,,,,,,,,,,,,,,,,,,,,,,,,,,,,,,,,,,,,,,,,,,,,,,,,,,,,,,,,,,,,,,,,,,,,,,,,,,,
,,,2025-08-11_11h46.30.436,CFMT_CCMT_Face_recognition,03.02.2023,MacIntel,59.88023952,56b78f11e77ebe000cbefe79,6899c7d7c4c961a016830ad3,6899c92d8ea81c78b3434de6,,,,,,,,,,,,,,,,,,,,,,,,,,,,,,,,,,,,,,,,,,,,,,647.5065,1.798133192,649.3055,,,,,,,,,,,,,,,,,,,,,,,,649.3056,650.2378,q,1,0.8504,,52,0,52,0,1,,,,,,,,,,,,,,,,,,,,,,,,,,,,,,,,,,,,,,,,,,,,,,,,,,,,,,,,,,,,,,,,,,,,,,,,,,,,,,,,,,,,,,,,,,,,,,,,,,,,,,,,,,,,
,,,2025-08-11_11h46.30.436,CFMT_CCMT_Face_recognition,03.02.2023,MacIntel,59.88023952,56b78f11e77ebe000cbefe79,6899c7d7c4c961a016830ad3,6899c92d8ea81c78b3434de6,,,,,,,,,,,,,,,,,,,,,,,,,,,,,,,,,,,,,,,,,,,,,,650.2382,2.271133316,652.5058,,,,,,,,,,,,,,,,,,,,,,,,652.5059,653.3056,q,0,0.7054,,53,0,53,0,1,,,,,,,,,,,,,,,,,,,,,,,,,,,,,,,,,,,,,,,,,,,,,,,,,,,,,,,,,,,,,,,,,,,,,,,,,,,,,,,,,,,,,,,,,,,,,,,,,,,,,,,,,,,,
,,,2025-08-11_11h46.30.436,CFMT_CCMT_Face_recognition,03.02.2023,MacIntel,59.88023952,56b78f11e77ebe000cbefe79,6899c7d7c4c961a016830ad3,6899c92d8ea81c78b3434de6,,,,,,,,,,,,,,,,,,,,,,,,,,,,,,,,,,,,,,,,,,,,,,653.3063,1.961778611,655.2723,,,,,,,,,,,,,,,,,,,,,,,,655.2723,656.7388,p,1,1.3728,,54,0,54,0,1,,,,,,,,,,,,,,,,,,,,,,,,,,,,,,,,,,,,,,,,,,,,,,,,,,,,,,,,,,,,,,,,,,,,,,,,,,,,,,,,,,,,,,,,,,,,,,,,,,,,,,,,,,,,
,,,2025-08-11_11h46.30.436,CFMT_CCMT_Face_recognition,03.02.2023,MacIntel,59.88023952,56b78f11e77ebe000cbefe79,6899c7d7c4c961a016830ad3,6899c92d8ea81c78b3434de6,,,,,,,,,,,,,,,,,,,,,,,,,,,,,,,,,,,,,,,,,,,,,,656.7393,2.115391991,658.8557,,,,,,,,,,,,,,,,,,,,,,,,658.8559,660.0876,q,1,1.1408,,55,0,55,0,1,,,,,,,,,,,,,,,,,,,,,,,,,,,,,,,,,,,,,,,,,,,,,,,,,,,,,,,,,,,,,,,,,,,,,,,,,,,,,,,,,,,,,,,,,,,,,,,,,,,,,,,,,,,,
,,,2025-08-11_11h46.30.436,CFMT_CCMT_Face_recognition,03.02.2023,MacIntel,59.88023952,56b78f11e77ebe000cbefe79,6899c7d7c4c961a016830ad3,6899c92d8ea81c78b3434de6,,,,,,,,,,,,,,,,,,,,,,,,,,,,,,,,,,,,,,,,,,,,,,660.0881,1.613447423,661.7057,,,,,,,,,,,,,,,,,,,,,,,,661.7058,662.7223,q,1,0.9175,,56,0,56,0,1,,,,,,,,,,,,,,,,,,,,,,,,,,,,,,,,,,,,,,,,,,,,,,,,,,,,,,,,,,,,,,,,,,,,,,,,,,,,,,,,,,,,,,,,,,,,,,,,,,,,,,,,,,,,
,,,2025-08-11_11h46.30.436,CFMT_CCMT_Face_recognition,03.02.2023,MacIntel,59.88023952,56b78f11e77ebe000cbefe79,6899c7d7c4c961a016830ad3,6899c92d8ea81c78b3434de6,,,,,,,,,,,,,,,,,,,,,,,,,,,,,,,,,,,,,,,,,,,,,,662.7229,1.951998228,664.6711,,,,,,,,,,,,,,,,,,,,,,,,664.6712,665.8555,q,0,1.0884,,57,0,57,0,1,,,,,,,,,,,,,,,,,,,,,,,,,,,,,,,,,,,,,,,,,,,,,,,,,,,,,,,,,,,,,,,,,,,,,,,,,,,,,,,,,,,,,,,,,,,,,,,,,,,,,,,,,,,,
,,,2025-08-11_11h46.30.436,CFMT_CCMT_Face_recognition,03.02.2023,MacIntel,59.88023952,56b78f11e77ebe000cbefe79,6899c7d7c4c961a016830ad3,6899c92d8ea81c78b3434de6,,,,,,,,,,,,,,,,,,,,,,,,,,,,,,,,,,,,,,,,,,,,,,665.8562,1.582613526,667.4389,,,,,,,,,,,,,,,,,,,,,,,,667.439,668.4223,p,0,0.8886,,58,0,58,0,1,,,,,,,,,,,,,,,,,,,,,,,,,,,,,,,,,,,,,,,,,,,,,,,,,,,,,,,,,,,,,,,,,,,,,,,,,,,,,,,,,,,,,,,,,,,,,,,,,,,,,,,,,,,,
,,,2025-08-11_11h46.30.436,CFMT_CCMT_Face_recognition,03.02.2023,MacIntel,59.88023952,56b78f11e77ebe000cbefe79,6899c7d7c4c961a016830ad3,6899c92d8ea81c78b3434de6,,,,,,,,,,,,,,,,,,,,,,,,,,,,,,,,,,,,,,,,,,,,,,668.4229,2.068533297,670.4879,,,,,,,,,,,,,,,,,,,,,,,,670.4879,672.0546,q,0,1.4713,,59,0,59,0,1,,,,,,,,,,,,,,,,,,,,,,,,,,,,,,,,,,,,,,,,,,,,,,,,,,,,,,,,,,,,,,,,,,,,,,,,,,,,,,,,,,,,,,,,,,,,,,,,,,,,,,,,,,,,
,,,2025-08-11_11h46.30.436,CFMT_CCMT_Face_recognition,03.02.2023,MacIntel,59.88023952,56b78f11e77ebe000cbefe79,6899c7d7c4c961a016830ad3,6899c92d8ea81c78b3434de6,,,,,,,,,,,,,,,,,,,,,,,,,,,,,,,,,,,,,,,,,,,,,,675.8083,1.582965561,677.3889,,,,,,,,,,,,,,,,,,,,,,,,677.389,679.2724,q,1,1.7909,,0,0,0,0,1,672.0548,675.8061,space,3.7428,,,,,,,,,,,,,,,,,,,,,,,,,,,,,,,,,,,,,,,,,,,,,,,,,,,,,,,,,,,,,,,,,,,,,,,,,,,,,,,,,,,,,,,,,,,,,,,,,,,,,,,,
,,,2025-08-11_11h46.30.436,CFMT_CCMT_Face_recognition,03.02.2023,MacIntel,59.88023952,56b78f11e77ebe000cbefe79,6899c7d7c4c961a016830ad3,6899c92d8ea81c78b3434de6,,,,,,,,,,,,,,,,,,,,,,,,,,,,,,,,,,,,,,,,,,,,,,679.2729,2.408873728,681.6723,,,,,,,,,,,,,,,,,,,,,,,,681.6724,682.5721,q,1,0.8009,,1,0,1,0,1,,,,,,,,,,,,,,,,,,,,,,,,,,,,,,,,,,,,,,,,,,,,,,,,,,,,,,,,,,,,,,,,,,,,,,,,,,,,,,,,,,,,,,,,,,,,,,,,,,,,,,,,,,,,
,,,2025-08-11_11h46.30.436,CFMT_CCMT_Face_recognition,03.02.2023,MacIntel,59.88023952,56b78f11e77ebe000cbefe79,6899c7d7c4c961a016830ad3,6899c92d8ea81c78b3434de6,,,,,,,,,,,,,,,,,,,,,,,,,,,,,,,,,,,,,,,,,,,,,,682.5727,1.600293266,684.1712,,,,,,,,,,,,,,,,,,,,,,,,684.1712,686.4722,,,,,2,0,2,0,1,,,,,,,,,,,,,,,,,,,,,,,,,,,,,,,,,,,,,,,,,,,,,,,,,,,,,,,,,,,,,,,,,,,,,,,,,,,,,,,,,,,,,,,,,,,,,,,,,,,,,,,,,,,,
,,,2025-08-11_11h46.30.436,CFMT_CCMT_Face_recognition,03.02.2023,MacIntel,59.88023952,56b78f11e77ebe000cbefe79,6899c7d7c4c961a016830ad3,6899c92d8ea81c78b3434de6,,,,,,,,,,,,,,,,,,,,,,,,,,,,,,,,,,,,,,,,,,,,,,686.4729,2.323244827,688.7887,,,,,,,,,,,,,,,,,,,,,,,,688.7887,690.6219,p,1,1.767,,3,0,3,0,1,,,,,,,,,,,,,,,,,,,,,,,,,,,,,,,,,,,,,,,,,,,,,,,,,,,,,,,,,,,,,,,,,,,,,,,,,,,,,,,,,,,,,,,,,,,,,,,,,,,,,,,,,,,,
,,,2025-08-11_11h46.30.436,CFMT_CCMT_Face_recognition,03.02.2023,MacIntel,59.88023952,56b78f11e77ebe000cbefe79,6899c7d7c4c961a016830ad3,6899c92d8ea81c78b3434de6,,,,,,,,,,,,,,,,,,,,,,,,,,,,,,,,,,,,,,,,,,,,,,690.6223,1.63034152,692.2554,,,,,,,,,,,,,,,,,,,,,,,,692.2554,693.2222,q,1,0.8755,,4,0,4,0,1,,,,,,,,,,,,,,,,,,,,,,,,,,,,,,,,,,,,,,,,,,,,,,,,,,,,,,,,,,,,,,,,,,,,,,,,,,,,,,,,,,,,,,,,,,,,,,,,,,,,,,,,,,,,
,,,2025-08-11_11h46.30.436,CFMT_CCMT_Face_recognition,03.02.2023,MacIntel,59.88023952,56b78f11e77ebe000cbefe79,6899c7d7c4c961a016830ad3,6899c92d8ea81c78b3434de6,,,,,,,,,,,,,,,,,,,,,,,,,,,,,,,,,,,,,,,,,,,,,,693.2227,2.199458033,695.4221,,,,,,,,,,,,,,,,,,,,,,,,695.4222,696.2721,q,1,0.7512,,5,0,5,0,1,,,,,,,,,,,,,,,,,,,,,,,,,,,,,,,,,,,,,,,,,,,,,,,,,,,,,,,,,,,,,,,,,,,,,,,,,,,,,,,,,,,,,,,,,,,,,,,,,,,,,,,,,,,,
,,,2025-08-11_11h46.30.436,CFMT_CCMT_Face_recognition,03.02.2023,MacIntel,59.88023952,56b78f11e77ebe000cbefe79,6899c7d7c4c961a016830ad3,6899c92d8ea81c78b3434de6,,,,,,,,,,,,,,,,,,,,,,,,,,,,,,,,,,,,,,,,,,,,,,696.2727,2.479296375,698.7545,,,,,,,,,,,,,,,,,,,,,,,,698.7546,699.4888,q,1,0.6353,,6,0,6,0,1,,,,,,,,,,,,,,,,,,,,,,,,,,,,,,,,,,,,,,,,,,,,,,,,,,,,,,,,,,,,,,,,,,,,,,,,,,,,,,,,,,,,,,,,,,,,,,,,,,,,,,,,,,,,
,,,2025-08-11_11h46.30.436,CFMT_CCMT_Face_recognition,03.02.2023,MacIntel,59.88023952,56b78f11e77ebe000cbefe79,6899c7d7c4c961a016830ad3,6899c92d8ea81c78b3434de6,,,,,,,,,,,,,,,,,,,,,,,,,,,,,,,,,,,,,,,,,,,,,,699.4893,2.083761199,701.5723,,,,,,,,,,,,,,,,,,,,,,,,701.5724,702.5222,p,1,0.8487,,7,0,7,0,1,,,,,,,,,,,,,,,,,,,,,,,,,,,,,,,,,,,,,,,,,,,,,,,,,,,,,,,,,,,,,,,,,,,,,,,,,,,,,,,,,,,,,,,,,,,,,,,,,,,,,,,,,,,,
,,,2025-08-11_11h46.30.436,CFMT_CCMT_Face_recognition,03.02.2023,MacIntel,59.88023952,56b78f11e77ebe000cbefe79,6899c7d7c4c961a016830ad3,6899c92d8ea81c78b3434de6,,,,,,,,,,,,,,,,,,,,,,,,,,,,,,,,,,,,,,,,,,,,,,702.5228,2.010742179,704.5221,,,,,,,,,,,,,,,,,,,,,,,,704.5222,706.2551,p,0,1.6307,,8,0,8,0,1,,,,,,,,,,,,,,,,,,,,,,,,,,,,,,,,,,,,,,,,,,,,,,,,,,,,,,,,,,,,,,,,,,,,,,,,,,,,,,,,,,,,,,,,,,,,,,,,,,,,,,,,,,,,
,,,2025-08-11_11h46.30.436,CFMT_CCMT_Face_recognition,03.02.2023,MacIntel,59.88023952,56b78f11e77ebe000cbefe79,6899c7d7c4c961a016830ad3,6899c92d8ea81c78b3434de6,,,,,,,,,,,,,,,,,,,,,,,,,,,,,,,,,,,,,,,,,,,,,,706.2552,2.081390323,708.3386,,,,,,,,,,,,,,,,,,,,,,,,708.3387,709.3889,q,1,0.9528,,9,0,9,0,1,,,,,,,,,,,,,,,,,,,,,,,,,,,,,,,,,,,,,,,,,,,,,,,,,,,,,,,,,,,,,,,,,,,,,,,,,,,,,,,,,,,,,,,,,,,,,,,,,,,,,,,,,,,,
,,,2025-08-11_11h46.30.436,CFMT_CCMT_Face_recognition,03.02.2023,MacIntel,59.88023952,56b78f11e77ebe000cbefe79,6899c7d7c4c961a016830ad3,6899c92d8ea81c78b3434de6,,,,,,,,,,,,,,,,,,,,,,,,,,,,,,,,,,,,,,,,,,,,,,709.3894,1.960520671,711.3377,,,,,,,,,,,,,,,,,,,,,,,,711.3378,712.6389,q,1,1.2023,,10,0,10,0,1,,,,,,,,,,,,,,,,,,,,,,,,,,,,,,,,,,,,,,,,,,,,,,,,,,,,,,,,,,,,,,,,,,,,,,,,,,,,,,,,,,,,,,,,,,,,,,,,,,,,,,,,,,,,
,,,2025-08-11_11h46.30.436,CFMT_CCMT_Face_recognition,03.02.2023,MacIntel,59.88023952,56b78f11e77ebe000cbefe79,6899c7d7c4c961a016830ad3,6899c92d8ea81c78b3434de6,,,,,,,,,,,,,,,,,,,,,,,,,,,,,,,,,,,,,,,,,,,,,,712.6396,2.389809848,715.0212,,,,,,,,,,,,,,,,,,,,,,,,715.0212,716.1051,p,1,0.9936,,11,0,11,0,1,,,,,,,,,,,,,,,,,,,,,,,,,,,,,,,,,,,,,,,,,,,,,,,,,,,,,,,,,,,,,,,,,,,,,,,,,,,,,,,,,,,,,,,,,,,,,,,,,,,,,,,,,,,,
,,,2025-08-11_11h46.30.436,CFMT_CCMT_Face_recognition,03.02.2023,MacIntel,59.88023952,56b78f11e77ebe000cbefe79,6899c7d7c4c961a016830ad3,6899c92d8ea81c78b3434de6,,,,,,,,,,,,,,,,,,,,,,,,,,,,,,,,,,,,,,,,,,,,,,716.1053,2.130947616,718.2383,,,,,,,,,,,,,,,,,,,,,,,,718.2384,719.2385,p,1,0.936,,12,0,12,0,1,,,,,,,,,,,,,,,,,,,,,,,,,,,,,,,,,,,,,,,,,,,,,,,,,,,,,,,,,,,,,,,,,,,,,,,,,,,,,,,,,,,,,,,,,,,,,,,,,,,,,,,,,,,,
,,,2025-08-11_11h46.30.436,CFMT_CCMT_Face_recognition,03.02.2023,MacIntel,59.88023952,56b78f11e77ebe000cbefe79,6899c7d7c4c961a016830ad3,6899c92d8ea81c78b3434de6,,,,,,,,,,,,,,,,,,,,,,,,,,,,,,,,,,,,,,,,,,,,,,719.239,2.220212099,721.4547,,,,,,,,,,,,,,,,,,,,,,,,721.4548,722.2554,q,1,0.7009,,13,0,13,0,1,,,,,,,,,,,,,,,,,,,,,,,,,,,,,,,,,,,,,,,,,,,,,,,,,,,,,,,,,,,,,,,,,,,,,,,,,,,,,,,,,,,,,,,,,,,,,,,,,,,,,,,,,,,,
,,,2025-08-11_11h46.30.436,CFMT_CCMT_Face_recognition,03.02.2023,MacIntel,59.88023952,56b78f11e77ebe000cbefe79,6899c7d7c4c961a016830ad3,6899c92d8ea81c78b3434de6,,,,,,,,,,,,,,,,,,,,,,,,,,,,,,,,,,,,,,,,,,,,,,722.2559,1.681017663,723.9388,,,,,,,,,,,,,,,,,,,,,,,,723.9388,725.105,p,1,1.0889,,14,0,14,0,1,,,,,,,,,,,,,,,,,,,,,,,,,,,,,,,,,,,,,,,,,,,,,,,,,,,,,,,,,,,,,,,,,,,,,,,,,,,,,,,,,,,,,,,,,,,,,,,,,,,,,,,,,,,,
,,,2025-08-11_11h46.30.436,CFMT_CCMT_Face_recognition,03.02.2023,MacIntel,59.88023952,56b78f11e77ebe000cbefe79,6899c7d7c4c961a016830ad3,6899c92d8ea81c78b3434de6,,,,,,,,,,,,,,,,,,,,,,,,,,,,,,,,,,,,,,,,,,,,,,725.1051,1.840353221,726.9388,,,,,,,,,,,,,,,,,,,,,,,,726.9389,727.7389,p,1,0.7065,,15,0,15,0,1,,,,,,,,,,,,,,,,,,,,,,,,,,,,,,,,,,,,,,,,,,,,,,,,,,,,,,,,,,,,,,,,,,,,,,,,,,,,,,,,,,,,,,,,,,,,,,,,,,,,,,,,,,,,
,,,2025-08-11_11h46.30.436,CFMT_CCMT_Face_recognition,03.02.2023,MacIntel,59.88023952,56b78f11e77ebe000cbefe79,6899c7d7c4c961a016830ad3,6899c92d8ea81c78b3434de6,,,,,,,,,,,,,,,,,,,,,,,,,,,,,,,,,,,,,,,,,,,,,,727.7396,2.028822183,729.7721,,,,,,,,,,,,,,,,,,,,,,,,729.7722,731.1216,q,1,1.2603,,16,0,16,0,1,,,,,,,,,,,,,,,,,,,,,,,,,,,,,,,,,,,,,,,,,,,,,,,,,,,,,,,,,,,,,,,,,,,,,,,,,,,,,,,,,,,,,,,,,,,,,,,,,,,,,,,,,,,,
,,,2025-08-11_11h46.30.436,CFMT_CCMT_Face_recognition,03.02.2023,MacIntel,59.88023952,56b78f11e77ebe000cbefe79,6899c7d7c4c961a016830ad3,6899c92d8ea81c78b3434de6,,,,,,,,,,,,,,,,,,,,,,,,,,,,,,,,,,,,,,,,,,,,,,731.1218,2.433142572,733.5544,,,,,,,,,,,,,,,,,,,,,,,,733.5544,734.5211,q,1,0.8752,,17,0,17,0,1,,,,,,,,,,,,,,,,,,,,,,,,,,,,,,,,,,,,,,,,,,,,,,,,,,,,,,,,,,,,,,,,,,,,,,,,,,,,,,,,,,,,,,,,,,,,,,,,,,,,,,,,,,,,
,,,2025-08-11_11h46.30.436,CFMT_CCMT_Face_recognition,03.02.2023,MacIntel,59.88023952,56b78f11e77ebe000cbefe79,6899c7d7c4c961a016830ad3,6899c92d8ea81c78b3434de6,,,,,,,,,,,,,,,,,,,,,,,,,,,,,,,,,,,,,,,,,,,,,,734.5217,1.611587341,736.1217,,,,,,,,,,,,,,,,,,,,,,,,736.1217,736.8552,q,1,0.6479,,18,0,18,0,1,,,,,,,,,,,,,,,,,,,,,,,,,,,,,,,,,,,,,,,,,,,,,,,,,,,,,,,,,,,,,,,,,,,,,,,,,,,,,,,,,,,,,,,,,,,,,,,,,,,,,,,,,,,,
,,,2025-08-11_11h46.30.436,CFMT_CCMT_Face_recognition,03.02.2023,MacIntel,59.88023952,56b78f11e77ebe000cbefe79,6899c7d7c4c961a016830ad3,6899c92d8ea81c78b3434de6,,,,,,,,,,,,,,,,,,,,,,,,,,,,,,,,,,,,,,,,,,,,,,736.8557,1.530694838,738.3887,,,,,,,,,,,,,,,,,,,,,,,,738.3888,739.239,p,0,0.7667,,19,0,19,0,1,,,,,,,,,,,,,,,,,,,,,,,,,,,,,,,,,,,,,,,,,,,,,,,,,,,,,,,,,,,,,,,,,,,,,,,,,,,,,,,,,,,,,,,,,,,,,,,,,,,,,,,,,,,,
,,,2025-08-11_11h46.30.436,CFMT_CCMT_Face_recognition,03.02.2023,MacIntel,59.88023952,56b78f11e77ebe000cbefe79,6899c7d7c4c961a016830ad3,6899c92d8ea81c78b3434de6,,,,,,,,,,,,,,,,,,,,,,,,,,,,,,,,,,,,,,,,,,,,,,739.2396,2.345127435,741.5888,,,,,,,,,,,,,,,,,,,,,,,,741.5888,743.3054,q,1,1.6204,,20,0,20,0,1,,,,,,,,,,,,,,,,,,,,,,,,,,,,,,,,,,,,,,,,,,,,,,,,,,,,,,,,,,,,,,,,,,,,,,,,,,,,,,,,,,,,,,,,,,,,,,,,,,,,,,,,,,,,
,,,2025-08-11_11h46.30.436,CFMT_CCMT_Face_recognition,03.02.2023,MacIntel,59.88023952,56b78f11e77ebe000cbefe79,6899c7d7c4c961a016830ad3,6899c92d8ea81c78b3434de6,,,,,,,,,,,,,,,,,,,,,,,,,,,,,,,,,,,,,,,,,,,,,,743.3061,2.051681915,745.3553,,,,,,,,,,,,,,,,,,,,,,,,745.3554,746.371,q,1,0.9183,,21,0,21,0,1,,,,,,,,,,,,,,,,,,,,,,,,,,,,,,,,,,,,,,,,,,,,,,,,,,,,,,,,,,,,,,,,,,,,,,,,,,,,,,,,,,,,,,,,,,,,,,,,,,,,,,,,,,,,
,,,2025-08-11_11h46.30.436,CFMT_CCMT_Face_recognition,03.02.2023,MacIntel,59.88023952,56b78f11e77ebe000cbefe79,6899c7d7c4c961a016830ad3,6899c92d8ea81c78b3434de6,,,,,,,,,,,,,,,,,,,,,,,,,,,,,,,,,,,,,,,,,,,,,,746.3716,2.485042412,748.8554,,,,,,,,,,,,,,,,,,,,,,,,748.8554,749.6719,q,1,0.7449,,22,0,22,0,1,,,,,,,,,,,,,,,,,,,,,,,,,,,,,,,,,,,,,,,,,,,,,,,,,,,,,,,,,,,,,,,,,,,,,,,,,,,,,,,,,,,,,,,,,,,,,,,,,,,,,,,,,,,,
,,,2025-08-11_11h46.30.436,CFMT_CCMT_Face_recognition,03.02.2023,MacIntel,59.88023952,56b78f11e77ebe000cbefe79,6899c7d7c4c961a016830ad3,6899c92d8ea81c78b3434de6,,,,,,,,,,,,,,,,,,,,,,,,,,,,,,,,,,,,,,,,,,,,,,749.6724,2.497627325,752.172,,,,,,,,,,,,,,,,,,,,,,,,752.172,753.5552,p,1,1.2858,,23,0,23,0,1,,,,,,,,,,,,,,,,,,,,,,,,,,,,,,,,,,,,,,,,,,,,,,,,,,,,,,,,,,,,,,,,,,,,,,,,,,,,,,,,,,,,,,,,,,,,,,,,,,,,,,,,,,,,
,,,2025-08-11_11h46.30.436,CFMT_CCMT_Face_recognition,03.02.2023,MacIntel,59.88023952,56b78f11e77ebe000cbefe79,6899c7d7c4c961a016830ad3,6899c92d8ea81c78b3434de6,,,,,,,,,,,,,,,,,,,,,,,,,,,,,,,,,,,,,,,,,,,,,,753.5558,1.882534907,755.4386,,,,,,,,,,,,,,,,,,,,,,,,755.4387,757.4052,q,0,1.8694,,24,0,24,0,1,,,,,,,,,,,,,,,,,,,,,,,,,,,,,,,,,,,,,,,,,,,,,,,,,,,,,,,,,,,,,,,,,,,,,,,,,,,,,,,,,,,,,,,,,,,,,,,,,,,,,,,,,,,,
,,,2025-08-11_11h46.30.436,CFMT_CCMT_Face_recognition,03.02.2023,MacIntel,59.88023952,56b78f11e77ebe000cbefe79,6899c7d7c4c961a016830ad3,6899c92d8ea81c78b3434de6,,,,,,,,,,,,,,,,,,,,,,,,,,,,,,,,,,,,,,,,,,,,,,757.4057,1.739050465,759.1386,,,,,,,,,,,,,,,,,,,,,,,,759.1386,760.2221,q,1,0.988,,25,0,25,0,1,,,,,,,,,,,,,,,,,,,,,,,,,,,,,,,,,,,,,,,,,,,,,,,,,,,,,,,,,,,,,,,,,,,,,,,,,,,,,,,,,,,,,,,,,,,,,,,,,,,,,,,,,,,,
,,,2025-08-11_11h46.30.436,CFMT_CCMT_Face_recognition,03.02.2023,MacIntel,59.88023952,56b78f11e77ebe000cbefe79,6899c7d7c4c961a016830ad3,6899c92d8ea81c78b3434de6,,,,,,,,,,,,,,,,,,,,,,,,,,,,,,,,,,,,,,,,,,,,,,760.2226,1.524191303,761.7387,,,,,,,,,,,,,,,,,,,,,,,,761.7387,762.6394,p,1,0.8199,,26,0,26,0,1,,,,,,,,,,,,,,,,,,,,,,,,,,,,,,,,,,,,,,,,,,,,,,,,,,,,,,,,,,,,,,,,,,,,,,,,,,,,,,,,,,,,,,,,,,,,,,,,,,,,,,,,,,,,
,,,2025-08-11_11h46.30.436,CFMT_CCMT_Face_recognition,03.02.2023,MacIntel,59.88023952,56b78f11e77ebe000cbefe79,6899c7d7c4c961a016830ad3,6899c92d8ea81c78b3434de6,,,,,,,,,,,,,,,,,,,,,,,,,,,,,,,,,,,,,,,,,,,,,,762.6399,1.962511337,764.6052,,,,,,,,,,,,,,,,,,,,,,,,764.6053,765.5554,p,1,0.8559,,27,0,27,0,1,,,,,,,,,,,,,,,,,,,,,,,,,,,,,,,,,,,,,,,,,,,,,,,,,,,,,,,,,,,,,,,,,,,,,,,,,,,,,,,,,,,,,,,,,,,,,,,,,,,,,,,,,,,,
,,,2025-08-11_11h46.30.436,CFMT_CCMT_Face_recognition,03.02.2023,MacIntel,59.88023952,56b78f11e77ebe000cbefe79,6899c7d7c4c961a016830ad3,6899c92d8ea81c78b3434de6,,,,,,,,,,,,,,,,,,,,,,,,,,,,,,,,,,,,,,,,,,,,,,765.556,2.361522755,767.922,,,,,,,,,,,,,,,,,,,,,,,,767.9221,768.7386,q,1,0.7201,,28,0,28,0,1,,,,,,,,,,,,,,,,,,,,,,,,,,,,,,,,,,,,,,,,,,,,,,,,,,,,,,,,,,,,,,,,,,,,,,,,,,,,,,,,,,,,,,,,,,,,,,,,,,,,,,,,,,,,
,,,2025-08-11_11h46.30.436,CFMT_CCMT_Face_recognition,03.02.2023,MacIntel,59.88023952,56b78f11e77ebe000cbefe79,6899c7d7c4c961a016830ad3,6899c92d8ea81c78b3434de6,,,,,,,,,,,,,,,,,,,,,,,,,,,,,,,,,,,,,,,,,,,,,,768.7391,1.606682145,770.3377,,,,,,,,,,,,,,,,,,,,,,,,770.3377,771.1388,q,1,0.7161,,29,0,29,0,1,,,,,,,,,,,,,,,,,,,,,,,,,,,,,,,,,,,,,,,,,,,,,,,,,,,,,,,,,,,,,,,,,,,,,,,,,,,,,,,,,,,,,,,,,,,,,,,,,,,,,,,,,,,,
,,,2025-08-11_11h46.30.436,CFMT_CCMT_Face_recognition,03.02.2023,MacIntel,59.88023952,56b78f11e77ebe000cbefe79,6899c7d7c4c961a016830ad3,6899c92d8ea81c78b3434de6,,,,,,,,,,,,,,,,,,,,,,,,,,,,,,,,,,,,,,,,,,,,,,771.1392,2.101294442,773.2386,,,,,,,,,,,,,,,,,,,,,,,,773.2387,774.0885,p,1,0.7608,,30,0,30,0,1,,,,,,,,,,,,,,,,,,,,,,,,,,,,,,,,,,,,,,,,,,,,,,,,,,,,,,,,,,,,,,,,,,,,,,,,,,,,,,,,,,,,,,,,,,,,,,,,,,,,,,,,,,,,
,,,2025-08-11_11h46.30.436,CFMT_CCMT_Face_recognition,03.02.2023,MacIntel,59.88023952,56b78f11e77ebe000cbefe79,6899c7d7c4c961a016830ad3,6899c92d8ea81c78b3434de6,,,,,,,,,,,,,,,,,,,,,,,,,,,,,,,,,,,,,,,,,,,,,,774.0889,1.795535181,775.8886,,,,,,,,,,,,,,,,,,,,,,,,775.8886,777.5546,p,1,1.5796,,31,0,31,0,1,,,,,,,,,,,,,,,,,,,,,,,,,,,,,,,,,,,,,,,,,,,,,,,,,,,,,,,,,,,,,,,,,,,,,,,,,,,,,,,,,,,,,,,,,,,,,,,,,,,,,,,,,,,,
,,,2025-08-11_11h46.30.436,CFMT_CCMT_Face_recognition,03.02.2023,MacIntel,59.88023952,56b78f11e77ebe000cbefe79,6899c7d7c4c961a016830ad3,6899c92d8ea81c78b3434de6,,,,,,,,,,,,,,,,,,,,,,,,,,,,,,,,,,,,,,,,,,,,,,777.555,1.619322157,779.1715,,,,,,,,,,,,,,,,,,,,,,,,779.1716,780.0719,q,1,0.8145,,32,0,32,0,1,,,,,,,,,,,,,,,,,,,,,,,,,,,,,,,,,,,,,,,,,,,,,,,,,,,,,,,,,,,,,,,,,,,,,,,,,,,,,,,,,,,,,,,,,,,,,,,,,,,,,,,,,,,,
,,,2025-08-11_11h46.30.436,CFMT_CCMT_Face_recognition,03.02.2023,MacIntel,59.88023952,56b78f11e77ebe000cbefe79,6899c7d7c4c961a016830ad3,6899c92d8ea81c78b3434de6,,,,,,,,,,,,,,,,,,,,,,,,,,,,,,,,,,,,,,,,,,,,,,780.0724,2.149203175,782.2219,,,,,,,,,,,,,,,,,,,,,,,,782.222,782.9708,q,1,0.6514,,33,0,33,0,1,,,,,,,,,,,,,,,,,,,,,,,,,,,,,,,,,,,,,,,,,,,,,,,,,,,,,,,,,,,,,,,,,,,,,,,,,,,,,,,,,,,,,,,,,,,,,,,,,,,,,,,,,,,,
,,,2025-08-11_11h46.30.436,CFMT_CCMT_Face_recognition,03.02.2023,MacIntel,59.88023952,56b78f11e77ebe000cbefe79,6899c7d7c4c961a016830ad3,6899c92d8ea81c78b3434de6,,,,,,,,,,,,,,,,,,,,,,,,,,,,,,,,,,,,,,,,,,,,,,782.9712,1.760251281,784.7219,,,,,,,,,,,,,,,,,,,,,,,,784.7219,785.6209,q,1,0.8049,,34,0,34,0,1,,,,,,,,,,,,,,,,,,,,,,,,,,,,,,,,,,,,,,,,,,,,,,,,,,,,,,,,,,,,,,,,,,,,,,,,,,,,,,,,,,,,,,,,,,,,,,,,,,,,,,,,,,,,
,,,2025-08-11_11h46.30.436,CFMT_CCMT_Face_recognition,03.02.2023,MacIntel,59.88023952,56b78f11e77ebe000cbefe79,6899c7d7c4c961a016830ad3,6899c92d8ea81c78b3434de6,,,,,,,,,,,,,,,,,,,,,,,,,,,,,,,,,,,,,,,,,,,,,,785.6212,1.697551231,787.3218,,,,,,,,,,,,,,,,,,,,,,,,787.3219,788.6215,p,1,1.2032,,35,0,35,0,1,,,,,,,,,,,,,,,,,,,,,,,,,,,,,,,,,,,,,,,,,,,,,,,,,,,,,,,,,,,,,,,,,,,,,,,,,,,,,,,,,,,,,,,,,,,,,,,,,,,,,,,,,,,,
,,,2025-08-11_11h46.30.436,CFMT_CCMT_Face_recognition,03.02.2023,MacIntel,59.88023952,56b78f11e77ebe000cbefe79,6899c7d7c4c961a016830ad3,6899c92d8ea81c78b3434de6,,,,,,,,,,,,,,,,,,,,,,,,,,,,,,,,,,,,,,,,,,,,,,788.6218,1.905157219,790.5211,,,,,,,,,,,,,,,,,,,,,,,,790.5211,791.4885,p,1,0.8722,,36,0,36,0,1,,,,,,,,,,,,,,,,,,,,,,,,,,,,,,,,,,,,,,,,,,,,,,,,,,,,,,,,,,,,,,,,,,,,,,,,,,,,,,,,,,,,,,,,,,,,,,,,,,,,,,,,,,,,
,,,2025-08-11_11h46.30.436,CFMT_CCMT_Face_recognition,03.02.2023,MacIntel,59.88023952,56b78f11e77ebe000cbefe79,6899c7d7c4c961a016830ad3,6899c92d8ea81c78b3434de6,,,,,,,,,,,,,,,,,,,,,,,,,,,,,,,,,,,,,,,,,,,,,,791.4891,2.258750271,793.7385,,,,,,,,,,,,,,,,,,,,,,,,793.7385,794.6719,p,1,0.8359,,37,0,37,0,1,,,,,,,,,,,,,,,,,,,,,,,,,,,,,,,,,,,,,,,,,,,,,,,,,,,,,,,,,,,,,,,,,,,,,,,,,,,,,,,,,,,,,,,,,,,,,,,,,,,,,,,,,,,,
,,,2025-08-11_11h46.30.436,CFMT_CCMT_Face_recognition,03.02.2023,MacIntel,59.88023952,56b78f11e77ebe000cbefe79,6899c7d7c4c961a016830ad3,6899c92d8ea81c78b3434de6,,,,,,,,,,,,,,,,,,,,,,,,,,,,,,,,,,,,,,,,,,,,,,794.6727,1.803560484,796.4718,,,,,,,,,,,,,,,,,,,,,,,,796.4718,797.4877,p,1,0.9237,,38,0,38,0,1,,,,,,,,,,,,,,,,,,,,,,,,,,,,,,,,,,,,,,,,,,,,,,,,,,,,,,,,,,,,,,,,,,,,,,,,,,,,,,,,,,,,,,,,,,,,,,,,,,,,,,,,,,,,
,,,2025-08-11_11h46.30.436,CFMT_CCMT_Face_recognition,03.02.2023,MacIntel,59.88023952,56b78f11e77ebe000cbefe79,6899c7d7c4c961a016830ad3,6899c92d8ea81c78b3434de6,,,,,,,,,,,,,,,,,,,,,,,,,,,,,,,,,,,,,,,,,,,,,,797.4882,1.695586412,799.1885,,,,,,,,,,,,,,,,,,,,,,,,799.1886,800.4553,p,1,1.171,,39,0,39,0,1,,,,,,,,,,,,,,,,,,,,,,,,,,,,,,,,,,,,,,,,,,,,,,,,,,,,,,,,,,,,,,,,,,,,,,,,,,,,,,,,,,,,,,,,,,,,,,,,,,,,,,,,,,,,
,,,2025-08-11_11h46.30.436,CFMT_CCMT_Face_recognition,03.02.2023,MacIntel,59.88023952,56b78f11e77ebe000cbefe79,6899c7d7c4c961a016830ad3,6899c92d8ea81c78b3434de6,,,,,,,,,,,,,,,,,,,,,,,,,,,,,,,,,,,,,,,,,,,,,,800.4561,1.806007885,802.2552,,,,,,,,,,,,,,,,,,,,,,,,802.2552,803.5052,p,1,1.1547,,40,0,40,0,1,,,,,,,,,,,,,,,,,,,,,,,,,,,,,,,,,,,,,,,,,,,,,,,,,,,,,,,,,,,,,,,,,,,,,,,,,,,,,,,,,,,,,,,,,,,,,,,,,,,,,,,,,,,,
,,,2025-08-11_11h46.30.436,CFMT_CCMT_Face_recognition,03.02.2023,MacIntel,59.88023952,56b78f11e77ebe000cbefe79,6899c7d7c4c961a016830ad3,6899c92d8ea81c78b3434de6,,,,,,,,,,,,,,,,,,,,,,,,,,,,,,,,,,,,,,,,,,,,,,803.5059,2.313039502,805.821,,,,,,,,,,,,,,,,,,,,,,,,805.821,807.7546,p,1,1.8374,,41,0,41,0,1,,,,,,,,,,,,,,,,,,,,,,,,,,,,,,,,,,,,,,,,,,,,,,,,,,,,,,,,,,,,,,,,,,,,,,,,,,,,,,,,,,,,,,,,,,,,,,,,,,,,,,,,,,,,
,,,2025-08-11_11h46.30.436,CFMT_CCMT_Face_recognition,03.02.2023,MacIntel,59.88023952,56b78f11e77ebe000cbefe79,6899c7d7c4c961a016830ad3,6899c92d8ea81c78b3434de6,,,,,,,,,,,,,,,,,,,,,,,,,,,,,,,,,,,,,,,,,,,,,,807.7553,1.748012737,809.5052,,,,,,,,,,,,,,,,,,,,,,,,809.5053,810.4376,q,1,0.8304,,42,0,42,0,1,,,,,,,,,,,,,,,,,,,,,,,,,,,,,,,,,,,,,,,,,,,,,,,,,,,,,,,,,,,,,,,,,,,,,,,,,,,,,,,,,,,,,,,,,,,,,,,,,,,,,,,,,,,,
,,,2025-08-11_11h46.30.436,CFMT_CCMT_Face_recognition,03.02.2023,MacIntel,59.88023952,56b78f11e77ebe000cbefe79,6899c7d7c4c961a016830ad3,6899c92d8ea81c78b3434de6,,,,,,,,,,,,,,,,,,,,,,,,,,,,,,,,,,,,,,,,,,,,,,810.4382,2.295539396,812.7219,,,,,,,,,,,,,,,,,,,,,,,,812.722,814.0884,p,0,1.2638,,43,0,43,0,1,,,,,,,,,,,,,,,,,,,,,,,,,,,,,,,,,,,,,,,,,,,,,,,,,,,,,,,,,,,,,,,,,,,,,,,,,,,,,,,,,,,,,,,,,,,,,,,,,,,,,,,,,,,,
,,,2025-08-11_11h46.30.436,CFMT_CCMT_Face_recognition,03.02.2023,MacIntel,59.88023952,56b78f11e77ebe000cbefe79,6899c7d7c4c961a016830ad3,6899c92d8ea81c78b3434de6,,,,,,,,,,,,,,,,,,,,,,,,,,,,,,,,,,,,,,,,,,,,,,814.0887,2.396065839,816.4887,,,,,,,,,,,,,,,,,,,,,,,,816.4887,817.9384,q,0,1.343,,44,0,44,0,1,,,,,,,,,,,,,,,,,,,,,,,,,,,,,,,,,,,,,,,,,,,,,,,,,,,,,,,,,,,,,,,,,,,,,,,,,,,,,,,,,,,,,,,,,,,,,,,,,,,,,,,,,,,,
,,,2025-08-11_11h46.30.436,CFMT_CCMT_Face_recognition,03.02.2023,MacIntel,59.88023952,56b78f11e77ebe000cbefe79,6899c7d7c4c961a016830ad3,6899c92d8ea81c78b3434de6,,,,,,,,,,,,,,,,,,,,,,,,,,,,,,,,,,,,,,,,,,,,,,817.939,1.885443127,819.8218,,,,,,,,,,,,,,,,,,,,,,,,819.8218,820.9043,q,0,0.9847,,45,0,45,0,1,,,,,,,,,,,,,,,,,,,,,,,,,,,,,,,,,,,,,,,,,,,,,,,,,,,,,,,,,,,,,,,,,,,,,,,,,,,,,,,,,,,,,,,,,,,,,,,,,,,,,,,,,,,,
,,,2025-08-11_11h46.30.436,CFMT_CCMT_Face_recognition,03.02.2023,MacIntel,59.88023952,56b78f11e77ebe000cbefe79,6899c7d7c4c961a016830ad3,6899c92d8ea81c78b3434de6,,,,,,,,,,,,,,,,,,,,,,,,,,,,,,,,,,,,,,,,,,,,,,820.9048,2.28695885,823.188,,,,,,,,,,,,,,,,,,,,,,,,823.1881,823.9719,q,0,0.6998,,46,0,46,0,1,,,,,,,,,,,,,,,,,,,,,,,,,,,,,,,,,,,,,,,,,,,,,,,,,,,,,,,,,,,,,,,,,,,,,,,,,,,,,,,,,,,,,,,,,,,,,,,,,,,,,,,,,,,,
,,,2025-08-11_11h46.30.436,CFMT_CCMT_Face_recognition,03.02.2023,MacIntel,59.88023952,56b78f11e77ebe000cbefe79,6899c7d7c4c961a016830ad3,6899c92d8ea81c78b3434de6,,,,,,,,,,,,,,,,,,,,,,,,,,,,,,,,,,,,,,,,,,,,,,823.9724,1.538908796,825.5051,,,,,,,,,,,,,,,,,,,,,,,,825.5052,826.754,p,1,1.1608,,47,0,47,0,1,,,,,,,,,,,,,,,,,,,,,,,,,,,,,,,,,,,,,,,,,,,,,,,,,,,,,,,,,,,,,,,,,,,,,,,,,,,,,,,,,,,,,,,,,,,,,,,,,,,,,,,,,,,,
,,,2025-08-11_11h46.30.436,CFMT_CCMT_Face_recognition,03.02.2023,MacIntel,59.88023952,56b78f11e77ebe000cbefe79,6899c7d7c4c961a016830ad3,6899c92d8ea81c78b3434de6,,,,,,,,,,,,,,,,,,,,,,,,,,,,,,,,,,,,,,,,,,,,,,826.7544,1.667032112,828.4211,,,,,,,,,,,,,,,,,,,,,,,,828.4211,829.5218,q,0,1.0066,,48,0,48,0,1,,,,,,,,,,,,,,,,,,,,,,,,,,,,,,,,,,,,,,,,,,,,,,,,,,,,,,,,,,,,,,,,,,,,,,,,,,,,,,,,,,,,,,,,,,,,,,,,,,,,,,,,,,,,
,,,2025-08-11_11h46.30.436,CFMT_CCMT_Face_recognition,03.02.2023,MacIntel,59.88023952,56b78f11e77ebe000cbefe79,6899c7d7c4c961a016830ad3,6899c92d8ea81c78b3434de6,,,,,,,,,,,,,,,,,,,,,,,,,,,,,,,,,,,,,,,,,,,,,,829.5224,1.677623517,831.1886,,,,,,,,,,,,,,,,,,,,,,,,831.1886,832.5052,p,1,1.2228,,49,0,49,0,1,,,,,,,,,,,,,,,,,,,,,,,,,,,,,,,,,,,,,,,,,,,,,,,,,,,,,,,,,,,,,,,,,,,,,,,,,,,,,,,,,,,,,,,,,,,,,,,,,,,,,,,,,,,,
,,,2025-08-11_11h46.30.436,CFMT_CCMT_Face_recognition,03.02.2023,MacIntel,59.88023952,56b78f11e77ebe000cbefe79,6899c7d7c4c961a016830ad3,6899c92d8ea81c78b3434de6,,,,,,,,,,,,,,,,,,,,,,,,,,,,,,,,,,,,,,,,,,,,,,832.5059,2.166524729,834.6718,,,,,,,,,,,,,,,,,,,,,,,,834.6719,836.2716,q,1,1.5004,,50,0,50,0,1,,,,,,,,,,,,,,,,,,,,,,,,,,,,,,,,,,,,,,,,,,,,,,,,,,,,,,,,,,,,,,,,,,,,,,,,,,,,,,,,,,,,,,,,,,,,,,,,,,,,,,,,,,,,
,,,2025-08-11_11h46.30.436,CFMT_CCMT_Face_recognition,03.02.2023,MacIntel,59.88023952,56b78f11e77ebe000cbefe79,6899c7d7c4c961a016830ad3,6899c92d8ea81c78b3434de6,,,,,,,,,,,,,,,,,,,,,,,,,,,,,,,,,,,,,,,,,,,,,,836.272,1.642754273,837.905,,,,,,,,,,,,,,,,,,,,,,,,837.905,839.5543,q,0,1.5502,,51,0,51,0,1,,,,,,,,,,,,,,,,,,,,,,,,,,,,,,,,,,,,,,,,,,,,,,,,,,,,,,,,,,,,,,,,,,,,,,,,,,,,,,,,,,,,,,,,,,,,,,,,,,,,,,,,,,,,
,,,2025-08-11_11h46.30.436,CFMT_CCMT_Face_recognition,03.02.2023,MacIntel,59.88023952,56b78f11e77ebe000cbefe79,6899c7d7c4c961a016830ad3,6899c92d8ea81c78b3434de6,,,,,,,,,,,,,,,,,,,,,,,,,,,,,,,,,,,,,,,,,,,,,,839.5556,2.391318728,841.9385,,,,,,,,,,,,,,,,,,,,,,,,841.9385,843.6715,q,1,1.6398,,52,0,52,0,1,,,,,,,,,,,,,,,,,,,,,,,,,,,,,,,,,,,,,,,,,,,,,,,,,,,,,,,,,,,,,,,,,,,,,,,,,,,,,,,,,,,,,,,,,,,,,,,,,,,,,,,,,,,,
,,,2025-08-11_11h46.30.436,CFMT_CCMT_Face_recognition,03.02.2023,MacIntel,59.88023952,56b78f11e77ebe000cbefe79,6899c7d7c4c961a016830ad3,6899c92d8ea81c78b3434de6,,,,,,,,,,,,,,,,,,,,,,,,,,,,,,,,,,,,,,,,,,,,,,843.672,1.769886198,845.4384,,,,,,,,,,,,,,,,,,,,,,,,845.4385,847.7552,,,,,53,0,53,0,1,,,,,,,,,,,,,,,,,,,,,,,,,,,,,,,,,,,,,,,,,,,,,,,,,,,,,,,,,,,,,,,,,,,,,,,,,,,,,,,,,,,,,,,,,,,,,,,,,,,,,,,,,,,,
,,,2025-08-11_11h46.30.436,CFMT_CCMT_Face_recognition,03.02.2023,MacIntel,59.88023952,56b78f11e77ebe000cbefe79,6899c7d7c4c961a016830ad3,6899c92d8ea81c78b3434de6,,,,,,,,,,,,,,,,,,,,,,,,,,,,,,,,,,,,,,,,,,,,,,847.7558,2.284635593,850.0381,,,,,,,,,,,,,,,,,,,,,,,,850.0382,850.9704,p,1,0.8342,,54,0,54,0,1,,,,,,,,,,,,,,,,,,,,,,,,,,,,,,,,,,,,,,,,,,,,,,,,,,,,,,,,,,,,,,,,,,,,,,,,,,,,,,,,,,,,,,,,,,,,,,,,,,,,,,,,,,,,
,,,2025-08-11_11h46.30.436,CFMT_CCMT_Face_recognition,03.02.2023,MacIntel,59.88023952,56b78f11e77ebe000cbefe79,6899c7d7c4c961a016830ad3,6899c92d8ea81c78b3434de6,,,,,,,,,,,,,,,,,,,,,,,,,,,,,,,,,,,,,,,,,,,,,,850.9705,1.763782597,852.7218,,,,,,,,,,,,,,,,,,,,,,,,852.7219,854.3208,q,0,1.5009,,55,0,55,0,1,,,,,,,,,,,,,,,,,,,,,,,,,,,,,,,,,,,,,,,,,,,,,,,,,,,,,,,,,,,,,,,,,,,,,,,,,,,,,,,,,,,,,,,,,,,,,,,,,,,,,,,,,,,,
,,,2025-08-11_11h46.30.436,CFMT_CCMT_Face_recognition,03.02.2023,MacIntel,59.88023952,56b78f11e77ebe000cbefe79,6899c7d7c4c961a016830ad3,6899c92d8ea81c78b3434de6,,,,,,,,,,,,,,,,,,,,,,,,,,,,,,,,,,,,,,,,,,,,,,854.3215,1.729962432,856.0551,,,,,,,,,,,,,,,,,,,,,,,,856.0551,856.822,q,1,0.6734,,56,0,56,0,1,,,,,,,,,,,,,,,,,,,,,,,,,,,,,,,,,,,,,,,,,,,,,,,,,,,,,,,,,,,,,,,,,,,,,,,,,,,,,,,,,,,,,,,,,,,,,,,,,,,,,,,,,,,,
,,,2025-08-11_11h46.30.436,CFMT_CCMT_Face_recognition,03.02.2023,MacIntel,59.88023952,56b78f11e77ebe000cbefe79,6899c7d7c4c961a016830ad3,6899c92d8ea81c78b3434de6,,,,,,,,,,,,,,,,,,,,,,,,,,,,,,,,,,,,,,,,,,,,,,856.8227,1.886291825,858.7051,,,,,,,,,,,,,,,,,,,,,,,,858.7051,860.2217,q,0,1.4221,,57,0,57,0,1,,,,,,,,,,,,,,,,,,,,,,,,,,,,,,,,,,,,,,,,,,,,,,,,,,,,,,,,,,,,,,,,,,,,,,,,,,,,,,,,,,,,,,,,,,,,,,,,,,,,,,,,,,,,
,,,2025-08-11_11h46.30.436,CFMT_CCMT_Face_recognition,03.02.2023,MacIntel,59.88023952,56b78f11e77ebe000cbefe79,6899c7d7c4c961a016830ad3,6899c92d8ea81c78b3434de6,,,,,,,,,,,,,,,,,,,,,,,,,,,,,,,,,,,,,,,,,,,,,,860.2222,2.46382877,862.688,,,,,,,,,,,,,,,,,,,,,,,,862.688,863.4541,q,1,0.6775,,58,0,58,0,1,,,,,,,,,,,,,,,,,,,,,,,,,,,,,,,,,,,,,,,,,,,,,,,,,,,,,,,,,,,,,,,,,,,,,,,,,,,,,,,,,,,,,,,,,,,,,,,,,,,,,,,,,,,,
,,,2025-08-11_11h46.30.436,CFMT_CCMT_Face_recognition,03.02.2023,MacIntel,59.88023952,56b78f11e77ebe000cbefe79,6899c7d7c4c961a016830ad3,6899c92d8ea81c78b3434de6,,,,,,,,,,,,,,,,,,,,,,,,,,,,,,,,,,,,,,,,,,,,,,863.4544,1.761089186,865.205,,,,,,,,,,,,,,,,,,,,,,,,865.205,866.3383,q,1,1.043,,59,0,59,0,1,,,,,,,,,,,,,,,,,,,,,,,,,,,,,,,,,,,,,,,,,,,,,,,,,,,,,,,,,,,,,,,,,,,,,,,,,,,,,,,,,,,,,,,,,,,,,,,,,,,,,,,,,,,,
,,,2025-08-11_11h46.30.436,CFMT_CCMT_Face_recognition,03.02.2023,MacIntel,59.88023952,56b78f11e77ebe000cbefe79,6899c7d7c4c961a016830ad3,6899c92d8ea81c78b3434de6,,,,,,,,,,,,,,,,,,,,,,,,,,,,,,,,,,,,,,,,,,,,,,,,,,,,,,,,,,,,,,,,,,,,,,,,,,,,,,,,,,,866.3385,866.3387,,,,866.3393,886.339,,,,,,,,,,,,,,,,,,,,,,,,,,,,,,,,,,,,,,,,,,,,,,,,,,,,,,,,,,,,,,,,,,,,,,,,,,,,,,,,,,,,,,,,,,,,,,,,,,,,,
,,,2025-08-11_11h46.30.436,CFMT_CCMT_Face_recognition,03.02.2023,MacIntel,59.88023952,56b78f11e77ebe000cbefe79,6899c7d7c4c961a016830ad3,6899c92d8ea81c78b3434de6,,,,,,,,,,,,,,,,,,,,,,,,,,,,,,,,,,,,,,,,,,,,,,,,,,,,,,,,,,,,,,,,,,,,,,,,,,,,,,,,,,,,,,,,,,886.3642,888.5711,888.5714,894.8726,894.8837,897.872,897.8723,898.3707,0,0,0,0,1,stimuli/bart_left.jpg,,,,,,,,,,,,,,,,,,,,,,,,,,,,,,,,,,,,,,,,,,,,,,,,,,,,,,,,,,,,,,,,,,,,,,,,,,,,,,,,,,,,,,,
,,,2025-08-11_11h46.30.436,CFMT_CCMT_Face_recognition,03.02.2023,MacIntel,59.88023952,56b78f11e77ebe000cbefe79,6899c7d7c4c961a016830ad3,6899c92d8ea81c78b3434de6,,,,,,,,,,,,,,,,,,,,,,,,,,,,,,,,,,,,,,,,,,,,,,,,,,,,,,,,,,,,,,,,,,,,,,,,,,,,,,,,,,,,,,,,,,,,,,898.3714,901.3707,901.3708,901.8716,0,1,1,1,1,stimuli/bart_straight.jpg,,,,,,,,,,,,,,,,,,,,,,,,,,,,,,,,,,,,,,,,,,,,,,,,,,,,,,,,,,,,,,,,,,,,,,,,,,,,,,,,,,,,,,,
,,,2025-08-11_11h46.30.436,CFMT_CCMT_Face_recognition,03.02.2023,MacIntel,59.88023952,56b78f11e77ebe000cbefe79,6899c7d7c4c961a016830ad3,6899c92d8ea81c78b3434de6,,,,,,,,,,,,,,,,,,,,,,,,,,,,,,,,,,,,,,,,,,,,,,,,,,,,,,,,,,,,,,,,,,,,,,,,,,,,,,,,,,,,,,,,,,,,,,901.8724,904.8713,904.8714,905.3716,0,2,2,2,1,stimuli/bart_right.jpg,,,,,,,,,,,,,,,,,,,,,,,,,,,,,,,,,,,,,,,,,,,,,,,,,,,,,,,,,,,,,,,,,,,,,,,,,,,,,,,,,,,,,,,
,,,2025-08-11_11h46.30.436,CFMT_CCMT_Face_recognition,03.02.2023,MacIntel,59.88023952,56b78f11e77ebe000cbefe79,6899c7d7c4c961a016830ad3,6899c92d8ea81c78b3434de6,,,,,,,,,,,,,,,,,,,,,,,,,,,,,,,,,,,,,,,,,,,,,,,,,,,,,,,,,,,,,,,,,,,,,,,,,,,,,,,,,,,,,,,,,,,,,,,,908.5213,909.0217,,,,,,,905.381,908.5213,1,1,3.1358,,0,0,0,0,1,stimuli/pract_left.jpg,1,,,,,,,,,,,,,,,,,,,,,,,,,,,,,,,,,,,,,,,,,,,,,,,,,,,,,,,,,,,,,,,,,,,,,,,,,,
,,,2025-08-11_11h46.30.436,CFMT_CCMT_Face_recognition,03.02.2023,MacIntel,59.88023952,56b78f11e77ebe000cbefe79,6899c7d7c4c961a016830ad3,6899c92d8ea81c78b3434de6,,,,,,,,,,,,,,,,,,,,,,,,,,,,,,,,,,,,,,,,,,,,,,,,,,,,,,,,,,,,,,,,,,,,,,,,,,,,,,,,,,,,,,,,,,,,,,,,912.122,912.6217,,,,,,,909.0225,912.1219,2,1,3.0979,,0,1,1,1,1,stimuli/pract_right.jpg,2,,,,,,,,,,,,,,,,,,,,,,,,,,,,,,,,,,,,,,,,,,,,,,,,,,,,,,,,,,,,,,,,,,,,,,,,,,
,,,2025-08-11_11h46.30.436,CFMT_CCMT_Face_recognition,03.02.2023,MacIntel,59.88023952,56b78f11e77ebe000cbefe79,6899c7d7c4c961a016830ad3,6899c92d8ea81c78b3434de6,,,,,,,,,,,,,,,,,,,,,,,,,,,,,,,,,,,,,,,,,,,,,,,,,,,,,,,,,,,,,,,,,,,,,,,,,,,,,,,,,,,,,,,,,,,,,,,,914.0878,914.5878,,,,,,,912.6223,914.0877,2,1,1.4542,,0,2,2,2,1,stimuli/pract_straight.jpg,2,,,,,,,,,,,,,,,,,,,,,,,,,,,,,,,,,,,,,,,,,,,,,,,,,,,,,,,,,,,,,,,,,,,,,,,,,,
,,,2025-08-11_11h46.30.436,CFMT_CCMT_Face_recognition,03.02.2023,MacIntel,59.88023952,56b78f11e77ebe000cbefe79,6899c7d7c4c961a016830ad3,6899c92d8ea81c78b3434de6,,,,,,,,,,,,,,,,,,,,,,,,,,,,,,,,,,,,,,,,,,,,,,,,,,,,,,,,,,,,,,,,,,,,,,,,,,,,,,,,,,,,,,,,,,,,,,,,924.8554,925.3549,,,,,,,,,,,,,,,,,,,,914.5883,919.7221,919.7288,921.3552,921.8552,924.8552,0,0,0,0,1,stimuli/Bob_left_study.jpg,stimuli/B1_Identical_Left.jpg,2,,,,,,,,,,,,,,,,,,,,,,,,,,,,,,,,,,,,,,,,,,,,,,,,,,,,,,,,,,,,
,,,2025-08-11_11h46.30.436,CFMT_CCMT_Face_recognition,03.02.2023,MacIntel,59.88023952,56b78f11e77ebe000cbefe79,6899c7d7c4c961a016830ad3,6899c92d8ea81c78b3434de6,,,,,,,,,,,,,,,,,,,,,,,,,,,,,,,,,,,,,,,,,,,,,,,,,,,,,,,,,,,,,,,,,,,,,,,,,,,,,,,,,,,,,,,,,,,,,,,,928.8551,929.3549,,,,,,,,,,,,,,,,,,,,,,,,925.855,928.8549,0,1,1,1,1,stimuli/Bob_frontal_study.jpg,stimuli/B2_Identical_Frontal.jpg,2,,,,,,,,,,,,,,,,,,,,,,,,,,,,,,,,,,,,,,,,,,,,,,,,,,,,,,,,,,,,
,,,2025-08-11_11h46.30.436,CFMT_CCMT_Face_recognition,03.02.2023,MacIntel,59.88023952,56b78f11e77ebe000cbefe79,6899c7d7c4c961a016830ad3,6899c92d8ea81c78b3434de6,,,,,,,,,,,,,,,,,,,,,,,,,,,,,,,,,,,,,,,,,,,,,,,,,,,,,,,,,,,,,,,,,,,,,,,,,,,,,,,,,,,,,,,,,,,,,,,,932.8551,933.3549,,,,,,,,,,,,,,,,,,,,,,,,929.855,932.8549,0,2,2,2,1,stimuli/Bob_right_study.jpg,stimuli/B3_Identical_Right.jpg,3,,,,,,,,,,,,,,,,,,,,,,,,,,,,,,,,,,,,,,,,,,,,,,,,,,,,,,,,,,,,
,,,2025-08-11_11h46.30.436,CFMT_CCMT_Face_recognition,03.02.2023,MacIntel,59.88023952,56b78f11e77ebe000cbefe79,6899c7d7c4c961a016830ad3,6899c92d8ea81c78b3434de6,,,,,,,,,,,,,,,,,,,,,,,,,,,,,,,,,,,,,,,,,,,,,,,,,,,,,,,,,,,,,,,,,,,,,,,,,,,,,,,,,,,,,,,,,,,,,,,,937.5389,938.0382,,,,,,,,,,,,,,,,,,,,,,,,,,,,,,,stimuli/Bob_left_study.jpg,stimuli/B1_Identical_Left.jpg,2,933.3611,937.5388,2,1,4.1539,,0,0,0,0,1,,,,,,,,,,,,,,,,,,,,,,,,,,,,,,,,,,,,,,,,,,,,,,,,,
,,,2025-08-11_11h46.30.436,CFMT_CCMT_Face_recognition,03.02.2023,MacIntel,59.88023952,56b78f11e77ebe000cbefe79,6899c7d7c4c961a016830ad3,6899c92d8ea81c78b3434de6,,,,,,,,,,,,,,,,,,,,,,,,,,,,,,,,,,,,,,,,,,,,,,,,,,,,,,,,,,,,,,,,,,,,,,,,,,,,,,,,,,,,,,,,,,,,,,,,940.3381,940.8381,,,,,,,,,,,,,,,,,,,,,,,,,,,,,,,stimuli/Bob_frontal_study.jpg,stimuli/B2_Identical_Frontal.jpg,2,938.0393,940.3381,3,0,2.2762,,0,1,1,1,1,,,,,,,,,,,,,,,,,,,,,,,,,,,,,,,,,,,,,,,,,,,,,,,,,
,,,2025-08-11_11h46.30.436,CFMT_CCMT_Face_recognition,03.02.2023,MacIntel,59.88023952,56b78f11e77ebe000cbefe79,6899c7d7c4c961a016830ad3,6899c92d8ea81c78b3434de6,,,,,,,,,,,,,,,,,,,,,,,,,,,,,,,,,,,,,,,,,,,,,,,,,,,,,,,,,,,,,,,,,,,,,,,,,,,,,,,,,,,,,,,,,,,,,,,,942.8716,943.3716,,,,,,,,,,,,,,,,,,,,,,,,,,,,,,,stimuli/Bob_right_study.jpg,stimuli/B3_Identical_Right.jpg,3,940.8388,942.8715,3,1,2.012,,0,2,2,2,1,,,,,,,,,,,,,,,,,,,,,,,,,,,,,,,,,,,,,,,,,,,,,,,,,
,,,2025-08-11_11h46.30.436,CFMT_CCMT_Face_recognition,03.02.2023,MacIntel,59.88023952,56b78f11e77ebe000cbefe79,6899c7d7c4c961a016830ad3,6899c92d8ea81c78b3434de6,,,,,,,,,,,,,,,,,,,,,,,,,,,,,,,,,,,,,,,,,,,,,,,,,,,,,,,,,,,,,,,,,,,,,,,,,,,,,,,,,,,,,,,,,,,,,,,,948.7049,949.2047,,,,,,,,,,,,,,,,,,,,,,943.3726,945.2051,945.7048,948.7048,0,0,0,0,1,stimuli/Dan_Left_Study.jpg,stimuli/D1_Identical_Left.jpg,2,,,,,,,,,,,,,,,,,,,,,,,,,,,,,,,,,,,,,,,,,,,,,,,,,,,,,,,,,,,,
,,,2025-08-11_11h46.30.436,CFMT_CCMT_Face_recognition,03.02.2023,MacIntel,59.88023952,56b78f11e77ebe000cbefe79,6899c7d7c4c961a016830ad3,6899c92d8ea81c78b3434de6,,,,,,,,,,,,,,,,,,,,,,,,,,,,,,,,,,,,,,,,,,,,,,,,,,,,,,,,,,,,,,,,,,,,,,,,,,,,,,,,,,,,,,,,,,,,,,,,952.705,953.2048,,,,,,,,,,,,,,,,,,,,,,,,949.7049,952.7049,0,1,1,1,1,stimuli/Dan_frontal_study.jpg,stimuli/D2_Identical_Frontal.jpg,3,,,,,,,,,,,,,,,,,,,,,,,,,,,,,,,,,,,,,,,,,,,,,,,,,,,,,,,,,,,,
,,,2025-08-11_11h46.30.436,CFMT_CCMT_Face_recognition,03.02.2023,MacIntel,59.88023952,56b78f11e77ebe000cbefe79,6899c7d7c4c961a016830ad3,6899c92d8ea81c78b3434de6,,,,,,,,,,,,,,,,,,,,,,,,,,,,,,,,,,,,,,,,,,,,,,,,,,,,,,,,,,,,,,,,,,,,,,,,,,,,,,,,,,,,,,,,,,,,,,,,956.705,957.2048,,,,,,,,,,,,,,,,,,,,,,,,953.7044,956.7049,0,2,2,2,1,stimuli/Dan_Right_Frontal.jpg,stimuli/D3_Identical_Right.jpg,3,,,,,,,,,,,,,,,,,,,,,,,,,,,,,,,,,,,,,,,,,,,,,,,,,,,,,,,,,,,,
,,,2025-08-11_11h46.30.436,CFMT_CCMT_Face_recognition,03.02.2023,MacIntel,59.88023952,56b78f11e77ebe000cbefe79,6899c7d7c4c961a016830ad3,6899c92d8ea81c78b3434de6,,,,,,,,,,,,,,,,,,,,,,,,,,,,,,,,,,,,,,,,,,,,,,,,,,,,,,,,,,,,,,,,,,,,,,,,,,,,,,,,,,,,,,,,,,,,,,,,959.8882,960.3879,,,,,,,,,,,,,,,,,,,,,,,,,,,,,,,stimuli/Dan_Left_Study.jpg,stimuli/D1_Identical_Left.jpg,2,957.2098,959.8879,2,1,2.6687,,0,0,0,0,1,,,,,,,,,,,,,,,,,,,,,,,,,,,,,,,,,,,,,,,,,,,,,,,,,
,,,2025-08-11_11h46.30.436,CFMT_CCMT_Face_recognition,03.02.2023,MacIntel,59.88023952,56b78f11e77ebe000cbefe79,6899c7d7c4c961a016830ad3,6899c92d8ea81c78b3434de6,,,,,,,,,,,,,,,,,,,,,,,,,,,,,,,,,,,,,,,,,,,,,,,,,,,,,,,,,,,,,,,,,,,,,,,,,,,,,,,,,,,,,,,,,,,,,,,,963.6049,964.1042,,,,,,,,,,,,,,,,,,,,,,,,,,,,,,,stimuli/Dan_frontal_study.jpg,stimuli/D2_Identical_Frontal.jpg,3,960.3894,963.6048,3,1,3.1899,,0,1,1,1,1,,,,,,,,,,,,,,,,,,,,,,,,,,,,,,,,,,,,,,,,,,,,,,,,,
,,,2025-08-11_11h46.30.436,CFMT_CCMT_Face_recognition,03.02.2023,MacIntel,59.88023952,56b78f11e77ebe000cbefe79,6899c7d7c4c961a016830ad3,6899c92d8ea81c78b3434de6,,,,,,,,,,,,,,,,,,,,,,,,,,,,,,,,,,,,,,,,,,,,,,,,,,,,,,,,,,,,,,,,,,,,,,,,,,,,,,,,,,,,,,,,,,,,,,,,966.8716,967.3713,,,,,,,,,,,,,,,,,,,,,,,,,,,,,,,stimuli/Dan_Right_Frontal.jpg,stimuli/D3_Identical_Right.jpg,3,964.1044,966.8715,3,1,2.7513,,0,2,2,2,1,,,,,,,,,,,,,,,,,,,,,,,,,,,,,,,,,,,,,,,,,,,,,,,,,
,,,2025-08-11_11h46.30.436,CFMT_CCMT_Face_recognition,03.02.2023,MacIntel,59.88023952,56b78f11e77ebe000cbefe79,6899c7d7c4c961a016830ad3,6899c92d8ea81c78b3434de6,,,,,,,,,,,,,,,,,,,,,,,,,,,,,,,,,,,,,,,,,,,,,,,,,,,,,,,,,,,,,,,,,,,,,,,,,,,,,,,,,,,,,,,,,,,,,,,,972.3216,972.8214,,,,,,,,,,,,,,,,,,,,,,967.3721,968.8217,969.3204,972.3215,0,0,0,0,1,stimuli/Jim_left.jpg,stimuli/J_1_Iden_L.jpg,3,,,,,,,,,,,,,,,,,,,,,,,,,,,,,,,,,,,,,,,,,,,,,,,,,,,,,,,,,,,,
,,,2025-08-11_11h46.30.436,CFMT_CCMT_Face_recognition,03.02.2023,MacIntel,59.88023952,56b78f11e77ebe000cbefe79,6899c7d7c4c961a016830ad3,6899c92d8ea81c78b3434de6,,,,,,,,,,,,,,,,,,,,,,,,,,,,,,,,,,,,,,,,,,,,,,,,,,,,,,,,,,,,,,,,,,,,,,,,,,,,,,,,,,,,,,,,,,,,,,,,976.3214,976.8214,,,,,,,,,,,,,,,,,,,,,,,,973.3215,976.3213,0,1,1,1,1,stimuli/Jim_front.jpg,stimuli/J_2_Iden_Front.jpg,3,,,,,,,,,,,,,,,,,,,,,,,,,,,,,,,,,,,,,,,,,,,,,,,,,,,,,,,,,,,,
,,,2025-08-11_11h46.30.436,CFMT_CCMT_Face_recognition,03.02.2023,MacIntel,59.88023952,56b78f11e77ebe000cbefe79,6899c7d7c4c961a016830ad3,6899c92d8ea81c78b3434de6,,,,,,,,,,,,,,,,,,,,,,,,,,,,,,,,,,,,,,,,,,,,,,,,,,,,,,,,,,,,,,,,,,,,,,,,,,,,,,,,,,,,,,,,,,,,,,,,980.3214,980.8214,,,,,,,,,,,,,,,,,,,,,,,,977.3205,980.3213,0,2,2,2,1,stimuli/Jim_right.jpg,stimuli/J_3_Iden_R.jpg,1,,,,,,,,,,,,,,,,,,,,,,,,,,,,,,,,,,,,,,,,,,,,,,,,,,,,,,,,,,,,
,,,2025-08-11_11h46.30.436,CFMT_CCMT_Face_recognition,03.02.2023,MacIntel,59.88023952,56b78f11e77ebe000cbefe79,6899c7d7c4c961a016830ad3,6899c92d8ea81c78b3434de6,,,,,,,,,,,,,,,,,,,,,,,,,,,,,,,,,,,,,,,,,,,,,,,,,,,,,,,,,,,,,,,,,,,,,,,,,,,,,,,,,,,,,,,,,,,,,,,,983.7383,984.238,,,,,,,,,,,,,,,,,,,,,,,,,,,,,,,stimuli/Jim_left.jpg,stimuli/J_1_Iden_L.jpg,3,980.8264,983.7381,3,1,2.8911,,0,0,0,0,1,,,,,,,,,,,,,,,,,,,,,,,,,,,,,,,,,,,,,,,,,,,,,,,,,
,,,2025-08-11_11h46.30.436,CFMT_CCMT_Face_recognition,03.02.2023,MacIntel,59.88023952,56b78f11e77ebe000cbefe79,6899c7d7c4c961a016830ad3,6899c92d8ea81c78b3434de6,,,,,,,,,,,,,,,,,,,,,,,,,,,,,,,,,,,,,,,,,,,,,,,,,,,,,,,,,,,,,,,,,,,,,,,,,,,,,,,,,,,,,,,,,,,,,,,,986.6045,987.1047,,,,,,,,,,,,,,,,,,,,,,,,,,,,,,,stimuli/Jim_front.jpg,stimuli/J_2_Iden_Front.jpg,3,984.2387,986.6044,3,1,2.3457,,0,1,1,1,1,,,,,,,,,,,,,,,,,,,,,,,,,,,,,,,,,,,,,,,,,,,,,,,,,
,,,2025-08-11_11h46.30.436,CFMT_CCMT_Face_recognition,03.02.2023,MacIntel,59.88023952,56b78f11e77ebe000cbefe79,6899c7d7c4c961a016830ad3,6899c92d8ea81c78b3434de6,,,,,,,,,,,,,,,,,,,,,,,,,,,,,,,,,,,,,,,,,,,,,,,,,,,,,,,,,,,,,,,,,,,,,,,,,,,,,,,,,,,,,,,,,,,,,,,,990.2714,990.7713,,,,,,,,,,,,,,,,,,,,,,,,,,,,,,,stimuli/Jim_right.jpg,stimuli/J_3_Iden_R.jpg,1,987.1056,990.2713,1,1,3.1486,,0,2,2,2,1,,,,,,,,,,,,,,,,,,,,,,,,,,,,,,,,,,,,,,,,,,,,,,,,,
,,,2025-08-11_11h46.30.436,CFMT_CCMT_Face_recognition,03.02.2023,MacIntel,59.88023952,56b78f11e77ebe000cbefe79,6899c7d7c4c961a016830ad3,6899c92d8ea81c78b3434de6,,,,,,,,,,,,,,,,,,,,,,,,,,,,,,,,,,,,,,,,,,,,,,,,,,,,,,,,,,,,,,,,,,,,,,,,,,,,,,,,,,,,,,,,,,,,,,,,996.788,997.287,,,,,,,,,,,,,,,,,,,,,,990.772,993.2887,993.788,996.7879,0,0,0,0,1,stimuli/Matt_left_cropped.jpg,stimuli/M_1_Iden_L.jpg,2,,,,,,,,,,,,,,,,,,,,,,,,,,,,,,,,,,,,,,,,,,,,,,,,,,,,,,,,,,,,
,,,2025-08-11_11h46.30.436,CFMT_CCMT_Face_recognition,03.02.2023,MacIntel,59.88023952,56b78f11e77ebe000cbefe79,6899c7d7c4c961a016830ad3,6899c92d8ea81c78b3434de6,,,,,,,,,,,,,,,,,,,,,,,,,,,,,,,,,,,,,,,,,,,,,,,,,,,,,,,,,,,,,,,,,,,,,,,,,,,,,,,,,,,,,,,,,,,,,,,,1000.7879,1001.2877,,,,,,,,,,,,,,,,,,,,,,,,997.7881,1000.7879,0,1,1,1,1,stimuli/Matt_front.jpg,stimuli/M_2_Iden_Front.jpg,3,,,,,,,,,,,,,,,,,,,,,,,,,,,,,,,,,,,,,,,,,,,,,,,,,,,,,,,,,,,,
,,,2025-08-11_11h46.30.436,CFMT_CCMT_Face_recognition,03.02.2023,MacIntel,59.88023952,56b78f11e77ebe000cbefe79,6899c7d7c4c961a016830ad3,6899c92d8ea81c78b3434de6,,,,,,,,,,,,,,,,,,,,,,,,,,,,,,,,,,,,,,,,,,,,,,,,,,,,,,,,,,,,,,,,,,,,,,,,,,,,,,,,,,,,,,,,,,,,,,,,1004.788,1005.2869,,,,,,,,,,,,,,,,,,,,,,,,1001.7881,1004.7879,0,2,2,2,1,stimuli/Matt_right_cropped.jpg,stimuli/M_3_Iden_R.jpg,1,,,,,,,,,,,,,,,,,,,,,,,,,,,,,,,,,,,,,,,,,,,,,,,,,,,,,,,,,,,,
,,,2025-08-11_11h46.30.436,CFMT_CCMT_Face_recognition,03.02.2023,MacIntel,59.88023952,56b78f11e77ebe000cbefe79,6899c7d7c4c961a016830ad3,6899c92d8ea81c78b3434de6,,,,,,,,,,,,,,,,,,,,,,,,,,,,,,,,,,,,,,,,,,,,,,,,,,,,,,,,,,,,,,,,,,,,,,,,,,,,,,,,,,,,,,,,,,,,,,,,1008.2039,1008.7046,,,,,,,,,,,,,,,,,,,,,,,,,,,,,,,stimuli/Matt_left_cropped.jpg,stimuli/M_1_Iden_L.jpg,2,1005.2925,1008.2038,2,1,2.8921,,0,0,0,0,1,,,,,,,,,,,,,,,,,,,,,,,,,,,,,,,,,,,,,,,,,,,,,,,,,
,,,2025-08-11_11h46.30.436,CFMT_CCMT_Face_recognition,03.02.2023,MacIntel,59.88023952,56b78f11e77ebe000cbefe79,6899c7d7c4c961a016830ad3,6899c92d8ea81c78b3434de6,,,,,,,,,,,,,,,,,,,,,,,,,,,,,,,,,,,,,,,,,,,,,,,,,,,,,,,,,,,,,,,,,,,,,,,,,,,,,,,,,,,,,,,,,,,,,,,,1010.9036,1011.4047,,,,,,,,,,,,,,,,,,,,,,,,,,,,,,,stimuli/Matt_front.jpg,stimuli/M_2_Iden_Front.jpg,3,1008.7052,1010.9035,3,1,2.1789,,0,1,1,1,1,,,,,,,,,,,,,,,,,,,,,,,,,,,,,,,,,,,,,,,,,,,,,,,,,
,,,2025-08-11_11h46.30.436,CFMT_CCMT_Face_recognition,03.02.2023,MacIntel,59.88023952,56b78f11e77ebe000cbefe79,6899c7d7c4c961a016830ad3,6899c92d8ea81c78b3434de6,,,,,,,,,,,,,,,,,,,,,,,,,,,,,,,,,,,,,,,,,,,,,,,,,,,,,,,,,,,,,,,,,,,,,,,,,,,,,,,,,,,,,,,,,,,,,,,,1012.7213,1013.2213,,,,,,,,,,,,,,,,,,,,,,,,,,,,,,,stimuli/Matt_right_cropped.jpg,stimuli/M_3_Iden_R.jpg,1,1011.4053,1012.7212,1,1,1.2932,,0,2,2,2,1,,,,,,,,,,,,,,,,,,,,,,,,,,,,,,,,,,,,,,,,,,,,,,,,,
,,,2025-08-11_11h46.30.436,CFMT_CCMT_Face_recognition,03.02.2023,MacIntel,59.88023952,56b78f11e77ebe000cbefe79,6899c7d7c4c961a016830ad3,6899c92d8ea81c78b3434de6,,,,,,,,,,,,,,,,,,,,,,,,,,,,,,,,,,,,,,,,,,,,,,,,,,,,,,,,,,,,,,,,,,,,,,,,,,,,,,,,,,,,,,,,,,,,,,,,1017.9379,1018.438,,,,,,,,,,,,,,,,,,,,,,1013.2231,1014.4382,1014.938,1017.9379,0,0,0,0,1,stimuli/Nate_left_cropped.jpg,stimuli/N_1_Iden_L.jpg,3,,,,,,,,,,,,,,,,,,,,,,,,,,,,,,,,,,,,,,,,,,,,,,,,,,,,,,,,,,,,
,,,2025-08-11_11h46.30.436,CFMT_CCMT_Face_recognition,03.02.2023,MacIntel,59.88023952,56b78f11e77ebe000cbefe79,6899c7d7c4c961a016830ad3,6899c92d8ea81c78b3434de6,,,,,,,,,,,,,,,,,,,,,,,,,,,,,,,,,,,,,,,,,,,,,,,,,,,,,,,,,,,,,,,,,,,,,,,,,,,,,,,,,,,,,,,,,,,,,,,,1021.9381,1022.4379,,,,,,,,,,,,,,,,,,,,,,,,1018.9369,1021.9379,0,1,1,1,1,stimuli/Nate_front_cropped.jpg,stimuli/N_2_Iden_Front.jpg,1,,,,,,,,,,,,,,,,,,,,,,,,,,,,,,,,,,,,,,,,,,,,,,,,,,,,,,,,,,,,
,,,2025-08-11_11h46.30.436,CFMT_CCMT_Face_recognition,03.02.2023,MacIntel,59.88023952,56b78f11e77ebe000cbefe79,6899c7d7c4c961a016830ad3,6899c92d8ea81c78b3434de6,,,,,,,,,,,,,,,,,,,,,,,,,,,,,,,,,,,,,,,,,,,,,,,,,,,,,,,,,,,,,,,,,,,,,,,,,,,,,,,,,,,,,,,,,,,,,,,,1025.9379,1026.4378,,,,,,,,,,,,,,,,,,,,,,,,1022.938,1025.9379,0,2,2,2,1,stimuli/Nate_right_cropped.jpg,stimuli/N_3_Iden_R.jpg,3,,,,,,,,,,,,,,,,,,,,,,,,,,,,,,,,,,,,,,,,,,,,,,,,,,,,,,,,,,,,
,,,2025-08-11_11h46.30.436,CFMT_CCMT_Face_recognition,03.02.2023,MacIntel,59.88023952,56b78f11e77ebe000cbefe79,6899c7d7c4c961a016830ad3,6899c92d8ea81c78b3434de6,,,,,,,,,,,,,,,,,,,,,,,,,,,,,,,,,,,,,,,,,,,,,,,,,,,,,,,,,,,,,,,,,,,,,,,,,,,,,,,,,,,,,,,,,,,,,,,,1028.4208,1028.9212,,,,,,,,,,,,,,,,,,,,,,,,,,,,,,,stimuli/Nate_left_cropped.jpg,stimuli/N_1_Iden_L.jpg,3,1026.4452,1028.4208,3,1,1.9581,,0,0,0,0,1,,,,,,,,,,,,,,,,,,,,,,,,,,,,,,,,,,,,,,,,,,,,,,,,,
,,,2025-08-11_11h46.30.436,CFMT_CCMT_Face_recognition,03.02.2023,MacIntel,59.88023952,56b78f11e77ebe000cbefe79,6899c7d7c4c961a016830ad3,6899c92d8ea81c78b3434de6,,,,,,,,,,,,,,,,,,,,,,,,,,,,,,,,,,,,,,,,,,,,,,,,,,,,,,,,,,,,,,,,,,,,,,,,,,,,,,,,,,,,,,,,,,,,,,,,1031.488,1031.9878,,,,,,,,,,,,,,,,,,,,,,,,,,,,,,,stimuli/Nate_front_cropped.jpg,stimuli/N_2_Iden_Front.jpg,1,1028.9219,1031.4879,1,1,2.5438,,0,1,1,1,1,,,,,,,,,,,,,,,,,,,,,,,,,,,,,,,,,,,,,,,,,,,,,,,,,
,,,2025-08-11_11h46.30.436,CFMT_CCMT_Face_recognition,03.02.2023,MacIntel,59.88023952,56b78f11e77ebe000cbefe79,6899c7d7c4c961a016830ad3,6899c92d8ea81c78b3434de6,,,,,,,,,,,,,,,,,,,,,,,,,,,,,,,,,,,,,,,,,,,,,,,,,,,,,,,,,,,,,,,,,,,,,,,,,,,,,,,,,,,,,,,,,,,,,,,,1034.2203,1034.7212,,,,,,,,,,,,,,,,,,,,,,,,,,,,,,,stimuli/Nate_right_cropped.jpg,stimuli/N_3_Iden_R.jpg,3,1031.9884,1034.2203,3,1,2.2132,,0,2,2,2,1,,,,,,,,,,,,,,,,,,,,,,,,,,,,,,,,,,,,,,,,,,,,,,,,,
,,,2025-08-11_11h46.30.436,CFMT_CCMT_Face_recognition,03.02.2023,MacIntel,59.88023952,56b78f11e77ebe000cbefe79,6899c7d7c4c961a016830ad3,6899c92d8ea81c78b3434de6,,,,,,,,,,,,,,,,,,,,,,,,,,,,,,,,,,,,,,,,,,,,,,,,,,,,,,,,,,,,,,,,,,,,,,,,,,,,,,,,,,,,,,,,,,,,,,,,1039.7537,1040.2546,,,,,,,,,,,,,,,,,,,,,,1034.7221,1036.255,1036.7545,1039.7536,0,0,0,0,1,stimuli/Zack_Left_cropped.jpg,stimuli/Z_1_Iden_L.jpg,1,,,,,,,,,,,,,,,,,,,,,,,,,,,,,,,,,,,,,,,,,,,,,,,,,,,,,,,,,,,,
,,,2025-08-11_11h46.30.436,CFMT_CCMT_Face_recognition,03.02.2023,MacIntel,59.88023952,56b78f11e77ebe000cbefe79,6899c7d7c4c961a016830ad3,6899c92d8ea81c78b3434de6,,,,,,,,,,,,,,,,,,,,,,,,,,,,,,,,,,,,,,,,,,,,,,,,,,,,,,,,,,,,,,,,,,,,,,,,,,,,,,,,,,,,,,,,,,,,,,,,1043.7546,1044.2545,,,,,,,,,,,,,,,,,,,,,,,,1040.7546,1043.7545,0,1,1,1,1,stimuli/Zack_Front_cropped.jpg,stimuli/Z_2_Iden_Front.jpg,3,,,,,,,,,,,,,,,,,,,,,,,,,,,,,,,,,,,,,,,,,,,,,,,,,,,,,,,,,,,,
,,,2025-08-11_11h46.30.436,CFMT_CCMT_Face_recognition,03.02.2023,MacIntel,59.88023952,56b78f11e77ebe000cbefe79,6899c7d7c4c961a016830ad3,6899c92d8ea81c78b3434de6,,,,,,,,,,,,,,,,,,,,,,,,,,,,,,,,,,,,,,,,,,,,,,,,,,,,,,,,,,,,,,,,,,,,,,,,,,,,,,,,,,,,,,,,,,,,,,,,1047.7545,1048.2545,,,,,,,,,,,,,,,,,,,,,,,,1044.7546,1047.7544,0,2,2,2,1,stimuli/Zack_Right_Cropped.jpg,stimuli/Z_3_Iden_R.jpg,1,,,,,,,,,,,,,,,,,,,,,,,,,,,,,,,,,,,,,,,,,,,,,,,,,,,,,,,,,,,,
,,,2025-08-11_11h46.30.436,CFMT_CCMT_Face_recognition,03.02.2023,MacIntel,59.88023952,56b78f11e77ebe000cbefe79,6899c7d7c4c961a016830ad3,6899c92d8ea81c78b3434de6,,,,,,,,,,,,,,,,,,,,,,,,,,,,,,,,,,,,,,,,,,,,,,,,,,,,,,,,,,,,,,,,,,,,,,,,,,,,,,,,,,,,,,,,,,,,,,,,1050.2702,1050.7701,,,,,,,,,,,,,,,,,,,,,,,,,,,,,,,stimuli/Zack_Left_cropped.jpg,stimuli/Z_1_Iden_L.jpg,1,1048.2596,1050.2702,1,1,1.9891,,0,0,0,0,1,,,,,,,,,,,,,,,,,,,,,,,,,,,,,,,,,,,,,,,,,,,,,,,,,
,,,2025-08-11_11h46.30.436,CFMT_CCMT_Face_recognition,03.02.2023,MacIntel,59.88023952,56b78f11e77ebe000cbefe79,6899c7d7c4c961a016830ad3,6899c92d8ea81c78b3434de6,,,,,,,,,,,,,,,,,,,,,,,,,,,,,,,,,,,,,,,,,,,,,,,,,,,,,,,,,,,,,,,,,,,,,,,,,,,,,,,,,,,,,,,,,,,,,,,,1054.6535,1055.1533,,,,,,,,,,,,,,,,,,,,,,,,,,,,,,,stimuli/Zack_Front_cropped.jpg,stimuli/Z_2_Iden_Front.jpg,3,1050.7706,1054.6534,3,1,3.8622,,0,1,1,1,1,,,,,,,,,,,,,,,,,,,,,,,,,,,,,,,,,,,,,,,,,,,,,,,,,
,,,2025-08-11_11h46.30.436,CFMT_CCMT_Face_recognition,03.02.2023,MacIntel,59.88023952,56b78f11e77ebe000cbefe79,6899c7d7c4c961a016830ad3,6899c92d8ea81c78b3434de6,,,,,,,,,,,,,,,,,,,,,,,,,,,,,,,,,,,,,,,,,,,,,,,,,,,,,,,,,,,,,,,,,,,,,,,,,,,,,,,,,,,,,,,,,,,,,,,,1056.7877,1057.2876,,,,,,,,,,,,,,,,,,,,,,,,,,,,,,,stimuli/Zack_Right_Cropped.jpg,stimuli/Z_3_Iden_R.jpg,1,1055.1535,1056.7876,1,1,1.6164,,0,2,2,2,1,,,,,,,,,,,,,,,,,,,,,,,,,,,,,,,,,,,,,,,,,,,,,,,,,
,,,2025-08-11_11h46.30.436,CFMT_CCMT_Face_recognition,03.02.2023,MacIntel,59.88023952,56b78f11e77ebe000cbefe79,6899c7d7c4c961a016830ad3,6899c92d8ea81c78b3434de6,,,,,,,,,,,,,,,,,,,,,,,,,,,,,,,,,,,,,,,,,,,,,,,,,,,,,,,,,,,,,,,,,,,,,,,,,,,,,,,,,,,,,,,,,,,,,,,,1092.056,1092.5544,,,,,,,,,,,,,,,,,,,,,,,,,,,,,,,,,,,,,,,,,,,,,1057.2883,1060.8715,1061.3716,1081.3724,1081.8718,1088.4548,1088.9631,1088.9649,1088.965,1088.9657,1088.9698,1092.0556,1,1,3.0662,,0,0,0,0,1,stimuli/M_5_Front_Halflit.jpg,1,,,,,,,,,,,,,,,,,,,,,,,,,,
,,,2025-08-11_11h46.30.436,CFMT_CCMT_Face_recognition,03.02.2023,MacIntel,59.88023952,56b78f11e77ebe000cbefe79,6899c7d7c4c961a016830ad3,6899c92d8ea81c78b3434de6,,,,,,,,,,,,,,,,,,,,,,,,,,,,,,,,,,,,,,,,,,,,,,,,,,,,,,,,,,,,,,,,,,,,,,,,,,,,,,,,,,,,,,,,,,,,,,,,1094.4378,1094.9374,,,,,,,,,,,,,,,,,,,,,,,,,,,,,,,,,,,,,,,,,,,,,,,,,,,,,,,1092.5561,1094.4377,2,1,1.8571,,0,1,1,1,1,stimuli/N_8_13_R_Pro_dark.jpg,2,,,,,,,,,,,,,,,,,,,,,,,,,,
,,,2025-08-11_11h46.30.436,CFMT_CCMT_Face_recognition,03.02.2023,MacIntel,59.88023952,56b78f11e77ebe000cbefe79,6899c7d7c4c961a016830ad3,6899c92d8ea81c78b3434de6,,,,,,,,,,,,,,,,,,,,,,,,,,,,,,,,,,,,,,,,,,,,,,,,,,,,,,,,,,,,,,,,,,,,,,,,,,,,,,,,,,,,,,,,,,,,,,,,1098.4379,1098.9377,,,,,,,,,,,,,,,,,,,,,,,,,,,,,,,,,,,,,,,,,,,,,,,,,,,,,,,1094.9381,1098.4378,3,0,3.482,,0,2,2,2,1,stimuli/Z_6_23_Pro_L.jpg,1,,,,,,,,,,,,,,,,,,,,,,,,,,
,,,2025-08-11_11h46.30.436,CFMT_CCMT_Face_recognition,03.02.2023,MacIntel,59.88023952,56b78f11e77ebe000cbefe79,6899c7d7c4c961a016830ad3,6899c92d8ea81c78b3434de6,,,,,,,,,,,,,,,,,,,,,,,,,,,,,,,,,,,,,,,,,,,,,,,,,,,,,,,,,,,,,,,,,,,,,,,,,,,,,,,,,,,,,,,,,,,,,,,,1100.9544,1101.4543,,,,,,,,,,,,,,,,,,,,,,,,,,,,,,,,,,,,,,,,,,,,,,,,,,,,,,,1098.9383,1100.9543,3,1,1.9921,,0,3,3,3,1,stimuli/D5_Halflit_Frontal.jpg,3,,,,,,,,,,,,,,,,,,,,,,,,,,
,,,2025-08-11_11h46.30.436,CFMT_CCMT_Face_recognition,03.02.2023,MacIntel,59.88023952,56b78f11e77ebe000cbefe79,6899c7d7c4c961a016830ad3,6899c92d8ea81c78b3434de6,,,,,,,,,,,,,,,,,,,,,,,,,,,,,,,,,,,,,,,,,,,,,,,,,,,,,,,,,,,,,,,,,,,,,,,,,,,,,,,,,,,,,,,,,,,,,,,,1103.7545,1104.2533,,,,,,,,,,,,,,,,,,,,,,,,,,,,,,,,,,,,,,,,,,,,,,,,,,,,,,,1101.455,1103.7544,3,1,2.2784,,0,4,4,4,1,stimuli/B7_Bottomlit_Frontal.jpg,3,,,,,,,,,,,,,,,,,,,,,,,,,,
,,,2025-08-11_11h46.30.436,CFMT_CCMT_Face_recognition,03.02.2023,MacIntel,59.88023952,56b78f11e77ebe000cbefe79,6899c7d7c4c961a016830ad3,6899c92d8ea81c78b3434de6,,,,,,,,,,,,,,,,,,,,,,,,,,,,,,,,,,,,,,,,,,,,,,,,,,,,,,,,,,,,,,,,,,,,,,,,,,,,,,,,,,,,,,,,,,,,,,,,1108.4044,1108.9033,,,,,,,,,,,,,,,,,,,,,,,,,,,,,,,,,,,,,,,,,,,,,,,,,,,,,,,1104.2538,1108.4043,2,1,4.1349,,0,5,5,5,1,stimuli/J_6_23_L_Pro.jpg,2,,,,,,,,,,,,,,,,,,,,,,,,,,
,,,2025-08-11_11h46.30.436,CFMT_CCMT_Face_recognition,03.02.2023,MacIntel,59.88023952,56b78f11e77ebe000cbefe79,6899c7d7c4c961a016830ad3,6899c92d8ea81c78b3434de6,,,,,,,,,,,,,,,,,,,,,,,,,,,,,,,,,,,,,,,,,,,,,,,,,,,,,,,,,,,,,,,,,,,,,,,,,,,,,,,,,,,,,,,,,,,,,,,,1114.187,1114.6876,,,,,,,,,,,,,,,,,,,,,,,,,,,,,,,,,,,,,,,,,,,,,,,,,,,,,,,1108.9039,1114.1869,3,0,5.2532,,0,6,6,6,1,stimuli/D7_Bottomlit_Frontal.jpg,1,,,,,,,,,,,,,,,,,,,,,,,,,,
,,,2025-08-11_11h46.30.436,CFMT_CCMT_Face_recognition,03.02.2023,MacIntel,59.88023952,56b78f11e77ebe000cbefe79,6899c7d7c4c961a016830ad3,6899c92d8ea81c78b3434de6,,,,,,,,,,,,,,,,,,,,,,,,,,,,,,,,,,,,,,,,,,,,,,,,,,,,,,,,,,,,,,,,,,,,,,,,,,,,,,,,,,,,,,,,,,,,,,,,1117.9542,1118.4538,,,,,,,,,,,,,,,,,,,,,,,,,,,,,,,,,,,,,,,,,,,,,,,,,,,,,,,1114.6883,1117.9541,3,1,3.2454,,0,7,7,7,1,stimuli/Z_5_Front_Half.jpg,3,,,,,,,,,,,,,,,,,,,,,,,,,,
,,,2025-08-11_11h46.30.436,CFMT_CCMT_Face_recognition,03.02.2023,MacIntel,59.88023952,56b78f11e77ebe000cbefe79,6899c7d7c4c961a016830ad3,6899c92d8ea81c78b3434de6,,,,,,,,,,,,,,,,,,,,,,,,,,,,,,,,,,,,,,,,,,,,,,,,,,,,,,,,,,,,,,,,,,,,,,,,,,,,,,,,,,,,,,,,,,,,,,,,1120.3706,1120.8709,,,,,,,,,,,,,,,,,,,,,,,,,,,,,,,,,,,,,,,,,,,,,,,,,,,,,,,1118.4542,1120.3706,2,1,1.9017,,0,8,8,8,1,stimuli/M_6_23_L_Pro.jpg,2,,,,,,,,,,,,,,,,,,,,,,,,,,
,,,2025-08-11_11h46.30.436,CFMT_CCMT_Face_recognition,03.02.2023,MacIntel,59.88023952,56b78f11e77ebe000cbefe79,6899c7d7c4c961a016830ad3,6899c92d8ea81c78b3434de6,,,,,,,,,,,,,,,,,,,,,,,,,,,,,,,,,,,,,,,,,,,,,,,,,,,,,,,,,,,,,,,,,,,,,,,,,,,,,,,,,,,,,,,,,,,,,,,,1124.921,1125.4209,,,,,,,,,,,,,,,,,,,,,,,,,,,,,,,,,,,,,,,,,,,,,,,,,,,,,,,1120.8715,1124.9209,3,1,4.0279,,0,9,9,9,1,stimuli/J_7_Bottom_Lit.jpg,3,,,,,,,,,,,,,,,,,,,,,,,,,,
,,,2025-08-11_11h46.30.436,CFMT_CCMT_Face_recognition,03.02.2023,MacIntel,59.88023952,56b78f11e77ebe000cbefe79,6899c7d7c4c961a016830ad3,6899c92d8ea81c78b3434de6,,,,,,,,,,,,,,,,,,,,,,,,,,,,,,,,,,,,,,,,,,,,,,,,,,,,,,,,,,,,,,,,,,,,,,,,,,,,,,,,,,,,,,,,,,,,,,,,1126.7544,1127.2543,,,,,,,,,,,,,,,,,,,,,,,,,,,,,,,,,,,,,,,,,,,,,,,,,,,,,,,1125.4226,1126.7542,2,1,1.3122,,0,10,10,10,1,stimuli/N_4_23_R_Pro.jpg,2,,,,,,,,,,,,,,,,,,,,,,,,,,
,,,2025-08-11_11h46.30.436,CFMT_CCMT_Face_recognition,03.02.2023,MacIntel,59.88023952,56b78f11e77ebe000cbefe79,6899c7d7c4c961a016830ad3,6899c92d8ea81c78b3434de6,,,,,,,,,,,,,,,,,,,,,,,,,,,,,,,,,,,,,,,,,,,,,,,,,,,,,,,,,,,,,,,,,,,,,,,,,,,,,,,,,,,,,,,,,,,,,,,,1129.5871,1130.0871,,,,,,,,,,,,,,,,,,,,,,,,,,,,,,,,,,,,,,,,,,,,,,,,,,,,,,,1127.2551,1129.5871,3,1,2.3154,,0,11,11,11,1,stimuli/M_8_13_R_Pro_dark.jpg,3,,,,,,,,,,,,,,,,,,,,,,,,,,
,,,2025-08-11_11h46.30.436,CFMT_CCMT_Face_recognition,03.02.2023,MacIntel,59.88023952,56b78f11e77ebe000cbefe79,6899c7d7c4c961a016830ad3,6899c92d8ea81c78b3434de6,,,,,,,,,,,,,,,,,,,,,,,,,,,,,,,,,,,,,,,,,,,,,,,,,,,,,,,,,,,,,,,,,,,,,,,,,,,,,,,,,,,,,,,,,,,,,,,,1134.0368,1134.5367,,,,,,,,,,,,,,,,,,,,,,,,,,,,,,,,,,,,,,,,,,,,,,,,,,,,,,,1130.0875,1134.0367,2,1,3.9336,,0,12,12,12,1,stimuli/J_5_Front_Halflit.jpg,2,,,,,,,,,,,,,,,,,,,,,,,,,,
,,,2025-08-11_11h46.30.436,CFMT_CCMT_Face_recognition,03.02.2023,MacIntel,59.88023952,56b78f11e77ebe000cbefe79,6899c7d7c4c961a016830ad3,6899c92d8ea81c78b3434de6,,,,,,,,,,,,,,,,,,,,,,,,,,,,,,,,,,,,,,,,,,,,,,,,,,,,,,,,,,,,,,,,,,,,,,,,,,,,,,,,,,,,,,,,,,,,,,,,1136.7043,1137.2042,,,,,,,,,,,,,,,,,,,,,,,,,,,,,,,,,,,,,,,,,,,,,,,,,,,,,,,1134.5373,1136.7043,1,1,2.1453,,0,13,13,13,1,stimuli/N_7_Front_Bot.jpg,1,,,,,,,,,,,,,,,,,,,,,,,,,,
,,,2025-08-11_11h46.30.436,CFMT_CCMT_Face_recognition,03.02.2023,MacIntel,59.88023952,56b78f11e77ebe000cbefe79,6899c7d7c4c961a016830ad3,6899c92d8ea81c78b3434de6,,,,,,,,,,,,,,,,,,,,,,,,,,,,,,,,,,,,,,,,,,,,,,,,,,,,,,,,,,,,,,,,,,,,,,,,,,,,,,,,,,,,,,,,,,,,,,,,1139.154,1139.6542,,,,,,,,,,,,,,,,,,,,,,,,,,,,,,,,,,,,,,,,,,,,,,,,,,,,,,,1137.2049,1139.1539,2,1,1.9309,,0,14,14,14,1,stimuli/Z_4_23_Pro_R.jpg,2,,,,,,,,,,,,,,,,,,,,,,,,,,
,,,2025-08-11_11h46.30.436,CFMT_CCMT_Face_recognition,03.02.2023,MacIntel,59.88023952,56b78f11e77ebe000cbefe79,6899c7d7c4c961a016830ad3,6899c92d8ea81c78b3434de6,,,,,,,,,,,,,,,,,,,,,,,,,,,,,,,,,,,,,,,,,,,,,,,,,,,,,,,,,,,,,,,,,,,,,,,,,,,,,,,,,,,,,,,,,,,,,,,,1142.7876,1143.2865,,,,,,,,,,,,,,,,,,,,,,,,,,,,,,,,,,,,,,,,,,,,,,,,,,,,,,,1139.6558,1142.7876,2,1,3.1075,,0,15,15,15,1,stimuli/D8_13_Profile_R.jpg,2,,,,,,,,,,,,,,,,,,,,,,,,,,
,,,2025-08-11_11h46.30.436,CFMT_CCMT_Face_recognition,03.02.2023,MacIntel,59.88023952,56b78f11e77ebe000cbefe79,6899c7d7c4c961a016830ad3,6899c92d8ea81c78b3434de6,,,,,,,,,,,,,,,,,,,,,,,,,,,,,,,,,,,,,,,,,,,,,,,,,,,,,,,,,,,,,,,,,,,,,,,,,,,,,,,,,,,,,,,,,,,,,,,,1145.4034,1145.9033,,,,,,,,,,,,,,,,,,,,,,,,,,,,,,,,,,,,,,,,,,,,,,,,,,,,,,,1143.2872,1145.4033,2,1,2.0936,,0,16,16,16,1,stimuli/M_7_Front_Bot.jpg,2,,,,,,,,,,,,,,,,,,,,,,,,,,
,,,2025-08-11_11h46.30.436,CFMT_CCMT_Face_recognition,03.02.2023,MacIntel,59.88023952,56b78f11e77ebe000cbefe79,6899c7d7c4c961a016830ad3,6899c92d8ea81c78b3434de6,,,,,,,,,,,,,,,,,,,,,,,,,,,,,,,,,,,,,,,,,,,,,,,,,,,,,,,,,,,,,,,,,,,,,,,,,,,,,,,,,,,,,,,,,,,,,,,,1150.671,1151.1707,,,,,,,,,,,,,,,,,,,,,,,,,,,,,,,,,,,,,,,,,,,,,,,,,,,,,,,1145.904,1150.6708,2,1,4.7497,,0,17,17,17,1,stimuli/B4_23_pro_ri.jpg,2,,,,,,,,,,,,,,,,,,,,,,,,,,
,,,2025-08-11_11h46.30.436,CFMT_CCMT_Face_recognition,03.02.2023,MacIntel,59.88023952,56b78f11e77ebe000cbefe79,6899c7d7c4c961a016830ad3,6899c92d8ea81c78b3434de6,,,,,,,,,,,,,,,,,,,,,,,,,,,,,,,,,,,,,,,,,,,,,,,,,,,,,,,,,,,,,,,,,,,,,,,,,,,,,,,,,,,,,,,,,,,,,,,,1153.6875,1154.1874,,,,,,,,,,,,,,,,,,,,,,,,,,,,,,,,,,,,,,,,,,,,,,,,,,,,,,,1151.1714,1153.6874,3,0,2.4966,,0,18,18,18,1,stimuli/D6_23_Profile_L.jpg,1,,,,,,,,,,,,,,,,,,,,,,,,,,
,,,2025-08-11_11h46.30.436,CFMT_CCMT_Face_recognition,03.02.2023,MacIntel,59.88023952,56b78f11e77ebe000cbefe79,6899c7d7c4c961a016830ad3,6899c92d8ea81c78b3434de6,,,,,,,,,,,,,,,,,,,,,,,,,,,,,,,,,,,,,,,,,,,,,,,,,,,,,,,,,,,,,,,,,,,,,,,,,,,,,,,,,,,,,,,,,,,,,,,,1155.8376,1156.3374,,,,,,,,,,,,,,,,,,,,,,,,,,,,,,,,,,,,,,,,,,,,,,,,,,,,,,,1154.188,1155.8376,3,1,1.622,,0,19,19,19,1,stimuli/N_5_Front_Half.jpg,3,,,,,,,,,,,,,,,,,,,,,,,,,,
,,,2025-08-11_11h46.30.436,CFMT_CCMT_Face_recognition,03.02.2023,MacIntel,59.88023952,56b78f11e77ebe000cbefe79,6899c7d7c4c961a016830ad3,6899c92d8ea81c78b3434de6,,,,,,,,,,,,,,,,,,,,,,,,,,,,,,,,,,,,,,,,,,,,,,,,,,,,,,,,,,,,,,,,,,,,,,,,,,,,,,,,,,,,,,,,,,,,,,,,1161.8702,1162.3697,,,,,,,,,,,,,,,,,,,,,,,,,,,,,,,,,,,,,,,,,,,,,,,,,,,,,,,1156.338,1161.8699,2,0,5.5176,,0,20,20,20,1,stimuli/B6_23_pro_L.jpg,1,,,,,,,,,,,,,,,,,,,,,,,,,,
,,,2025-08-11_11h46.30.436,CFMT_CCMT_Face_recognition,03.02.2023,MacIntel,59.88023952,56b78f11e77ebe000cbefe79,6899c7d7c4c961a016830ad3,6899c92d8ea81c78b3434de6,,,,,,,,,,,,,,,,,,,,,,,,,,,,,,,,,,,,,,,,,,,,,,,,,,,,,,,,,,,,,,,,,,,,,,,,,,,,,,,,,,,,,,,,,,,,,,,,1164.2875,1164.7874,,,,,,,,,,,,,,,,,,,,,,,,,,,,,,,,,,,,,,,,,,,,,,,,,,,,,,,1162.3715,1164.2874,2,1,1.8947,,0,21,21,21,1,stimuli/Z_8_13_Pro_R_dark.jpg,2,,,,,,,,,,,,,,,,,,,,,,,,,,
,,,2025-08-11_11h46.30.436,CFMT_CCMT_Face_recognition,03.02.2023,MacIntel,59.88023952,56b78f11e77ebe000cbefe79,6899c7d7c4c961a016830ad3,6899c92d8ea81c78b3434de6,,,,,,,,,,,,,,,,,,,,,,,,,,,,,,,,,,,,,,,,,,,,,,,,,,,,,,,,,,,,,,,,,,,,,,,,,,,,,,,,,,,,,,,,,,,,,,,,1169.1204,1169.6207,,,,,,,,,,,,,,,,,,,,,,,,,,,,,,,,,,,,,,,,,,,,,,,,,,,,,,,1164.7879,1169.1203,2,1,4.3239,,0,22,22,22,1,stimuli/J_4_23_R_Pro.jpg,2,,,,,,,,,,,,,,,,,,,,,,,,,,
,,,2025-08-11_11h46.30.436,CFMT_CCMT_Face_recognition,03.02.2023,MacIntel,59.88023952,56b78f11e77ebe000cbefe79,6899c7d7c4c961a016830ad3,6899c92d8ea81c78b3434de6,,,,,,,,,,,,,,,,,,,,,,,,,,,,,,,,,,,,,,,,,,,,,,,,,,,,,,,,,,,,,,,,,,,,,,,,,,,,,,,,,,,,,,,,,,,,,,,,1172.1707,1172.6708,,,,,,,,,,,,,,,,,,,,,,,,,,,,,,,,,,,,,,,,,,,,,,,,,,,,,,,1169.6214,1172.1707,1,1,2.5311,,0,23,23,23,1,stimuli/B8_13_pro_R_HS.jpg,1,,,,,,,,,,,,,,,,,,,,,,,,,,
,,,2025-08-11_11h46.30.436,CFMT_CCMT_Face_recognition,03.02.2023,MacIntel,59.88023952,56b78f11e77ebe000cbefe79,6899c7d7c4c961a016830ad3,6899c92d8ea81c78b3434de6,,,,,,,,,,,,,,,,,,,,,,,,,,,,,,,,,,,,,,,,,,,,,,,,,,,,,,,,,,,,,,,,,,,,,,,,,,,,,,,,,,,,,,,,,,,,,,,,1176.6541,1177.1541,,,,,,,,,,,,,,,,,,,,,,,,,,,,,,,,,,,,,,,,,,,,,,,,,,,,,,,1172.6715,1176.654,3,1,3.9741,,0,24,24,24,1,stimuli/M_4_23_R_Pro.jpg,3,,,,,,,,,,,,,,,,,,,,,,,,,,
,,,2025-08-11_11h46.30.436,CFMT_CCMT_Face_recognition,03.02.2023,MacIntel,59.88023952,56b78f11e77ebe000cbefe79,6899c7d7c4c961a016830ad3,6899c92d8ea81c78b3434de6,,,,,,,,,,,,,,,,,,,,,,,,,,,,,,,,,,,,,,,,,,,,,,,,,,,,,,,,,,,,,,,,,,,,,,,,,,,,,,,,,,,,,,,,,,,,,,,,1180.0542,1180.554,,,,,,,,,,,,,,,,,,,,,,,,,,,,,,,,,,,,,,,,,,,,,,,,,,,,,,,1177.1547,1180.0541,1,1,2.8825,,0,25,25,25,1,stimuli/J_8_13_r_pro_dark.jpg,1,,,,,,,,,,,,,,,,,,,,,,,,,,
,,,2025-08-11_11h46.30.436,CFMT_CCMT_Face_recognition,03.02.2023,MacIntel,59.88023952,56b78f11e77ebe000cbefe79,6899c7d7c4c961a016830ad3,6899c92d8ea81c78b3434de6,,,,,,,,,,,,,,,,,,,,,,,,,,,,,,,,,,,,,,,,,,,,,,,,,,,,,,,,,,,,,,,,,,,,,,,,,,,,,,,,,,,,,,,,,,,,,,,,1186.4365,1186.9374,,,,,,,,,,,,,,,,,,,,,,,,,,,,,,,,,,,,,,,,,,,,,,,,,,,,,,,1180.5546,1186.4364,2,1,5.8618,,0,26,26,26,1,stimuli/Z_7_Front_Bot.jpg,2,,,,,,,,,,,,,,,,,,,,,,,,,,
,,,2025-08-11_11h46.30.436,CFMT_CCMT_Face_recognition,03.02.2023,MacIntel,59.88023952,56b78f11e77ebe000cbefe79,6899c7d7c4c961a016830ad3,6899c92d8ea81c78b3434de6,,,,,,,,,,,,,,,,,,,,,,,,,,,,,,,,,,,,,,,,,,,,,,,,,,,,,,,,,,,,,,,,,,,,,,,,,,,,,,,,,,,,,,,,,,,,,,,,1191.8534,1192.3541,,,,,,,,,,,,,,,,,,,,,,,,,,,,,,,,,,,,,,,,,,,,,,,,,,,,,,,1186.9381,1191.8532,1,1,4.896,,0,27,27,27,1,stimuli/D4_23_profile_R.jpg,1,,,,,,,,,,,,,,,,,,,,,,,,,,
,,,2025-08-11_11h46.30.436,CFMT_CCMT_Face_recognition,03.02.2023,MacIntel,59.88023952,56b78f11e77ebe000cbefe79,6899c7d7c4c961a016830ad3,6899c92d8ea81c78b3434de6,,,,,,,,,,,,,,,,,,,,,,,,,,,,,,,,,,,,,,,,,,,,,,,,,,,,,,,,,,,,,,,,,,,,,,,,,,,,,,,,,,,,,,,,,,,,,,,,1194.7041,1195.204,,,,,,,,,,,,,,,,,,,,,,,,,,,,,,,,,,,,,,,,,,,,,,,,,,,,,,,1192.3548,1194.704,1,1,2.329,,0,28,28,28,1,stimuli/N_6_23_L_Pro.jpg,1,,,,,,,,,,,,,,,,,,,,,,,,,,
,,,2025-08-11_11h46.30.436,CFMT_CCMT_Face_recognition,03.02.2023,MacIntel,59.88023952,56b78f11e77ebe000cbefe79,6899c7d7c4c961a016830ad3,6899c92d8ea81c78b3434de6,,,,,,,,,,,,,,,,,,,,,,,,,,,,,,,,,,,,,,,,,,,,,,,,,,,,,,,,,,,,,,,,,,,,,,,,,,,,,,,,,,,,,,,,,,,,,,,,1198.9708,1199.4707,,,,,,,,,,,,,,,,,,,,,,,,,,,,,,,,,,,,,,,,,,,,,,,,,,,,,,,1195.2048,1198.9707,3,1,3.7426,,0,29,29,29,1,stimuli/B5_halflit_frontal.jpg,3,,,,,,,,,,,,,,,,,,,,,,,,,,
,,,2025-08-11_11h46.30.436,CFMT_CCMT_Face_recognition,03.02.2023,MacIntel,59.88023952,56b78f11e77ebe000cbefe79,6899c7d7c4c961a016830ad3,6899c92d8ea81c78b3434de6,,,,,,,,,,,,,,,,,,,,,,,,,,,,,,,,,,,,,,,,,,,,,,,,,,,,,,,,,,,,,,,,,,,,,,,,,,,,,,,,,,,,,,,,,,,,,,,,1222.8614,1223.3541,,,,,,,,,,,,,,,,,,,,,,,,,,,,,,,,,,,,,,,,,,,,,,,,,,,1199.472,1219.4703,1219.4706,1219.9707,1219.9787,1222.8614,3,0,2.8747,,0,0,0,0,1,stimuli/Z_12_Front_Noisy.jpg,2,,,,,,,,,,,,,,,,,,,,,,,,,,
,,,2025-08-11_11h46.30.436,CFMT_CCMT_Face_recognition,03.02.2023,MacIntel,59.88023952,56b78f11e77ebe000cbefe79,6899c7d7c4c961a016830ad3,6899c92d8ea81c78b3434de6,,,,,,,,,,,,,,,,,,,,,,,,,,,,,,,,,,,,,,,,,,,,,,,,,,,,,,,,,,,,,,,,,,,,,,,,,,,,,,,,,,,,,,,,,,,,,,,,1226.3373,1226.8363,,,,,,,,,,,,,,,,,,,,,,,,,,,,,,,,,,,,,,,,,,,,,,,,,,,,,,,1223.3548,1226.3372,3,1,2.9735,,0,1,1,1,1,stimuli/M_11_23_N_R_Pro.jpg,3,,,,,,,,,,,,,,,,,,,,,,,,,,
,,,2025-08-11_11h46.30.436,CFMT_CCMT_Face_recognition,03.02.2023,MacIntel,59.88023952,56b78f11e77ebe000cbefe79,6899c7d7c4c961a016830ad3,6899c92d8ea81c78b3434de6,,,,,,,,,,,,,,,,,,,,,,,,,,,,,,,,,,,,,,,,,,,,,,,,,,,,,,,,,,,,,,,,,,,,,,,,,,,,,,,,,,,,,,,,,,,,,,,,1229.2871,1229.7873,,,,,,,,,,,,,,,,,,,,,,,,,,,,,,,,,,,,,,,,,,,,,,,,,,,,,,,1226.8368,1229.287,3,0,2.4397,,0,2,2,2,1,stimuli/D10_Noisy_13_Profile_L.jpg,1,,,,,,,,,,,,,,,,,,,,,,,,,,
,,,2025-08-11_11h46.30.436,CFMT_CCMT_Face_recognition,03.02.2023,MacIntel,59.88023952,56b78f11e77ebe000cbefe79,6899c7d7c4c961a016830ad3,6899c92d8ea81c78b3434de6,,,,,,,,,,,,,,,,,,,,,,,,,,,,,,,,,,,,,,,,,,,,,,,,,,,,,,,,,,,,,,,,,,,,,,,,,,,,,,,,,,,,,,,,,,,,,,,,1232.6874,1233.1868,,,,,,,,,,,,,,,,,,,,,,,,,,,,,,,,,,,,,,,,,,,,,,,,,,,,,,,1229.7879,1232.6873,1,1,2.8796,,0,3,3,3,1,stimuli/J_12_Frontal_HS.jpg,1,,,,,,,,,,,,,,,,,,,,,,,,,,
,,,2025-08-11_11h46.30.436,CFMT_CCMT_Face_recognition,03.02.2023,MacIntel,59.88023952,56b78f11e77ebe000cbefe79,6899c7d7c4c961a016830ad3,6899c92d8ea81c78b3434de6,,,,,,,,,,,,,,,,,,,,,,,,,,,,,,,,,,,,,,,,,,,,,,,,,,,,,,,,,,,,,,,,,,,,,,,,,,,,,,,,,,,,,,,,,,,,,,,,1235.9707,1236.4706,,,,,,,,,,,,,,,,,,,,,,,,,,,,,,,,,,,,,,,,,,,,,,,,,,,,,,,1233.1872,1235.9706,3,1,2.7681,,0,4,4,4,1,stimuli/J_11_23_pro_R.jpg,3,,,,,,,,,,,,,,,,,,,,,,,,,,
,,,2025-08-11_11h46.30.436,CFMT_CCMT_Face_recognition,03.02.2023,MacIntel,59.88023952,56b78f11e77ebe000cbefe79,6899c7d7c4c961a016830ad3,6899c92d8ea81c78b3434de6,,,,,,,,,,,,,,,,,,,,,,,,,,,,,,,,,,,,,,,,,,,,,,,,,,,,,,,,,,,,,,,,,,,,,,,,,,,,,,,,,,,,,,,,,,,,,,,,1239.2536,1239.7539,,,,,,,,,,,,,,,,,,,,,,,,,,,,,,,,,,,,,,,,,,,,,,,,,,,,,,,1236.4714,1239.2535,1,1,2.7596,,0,5,5,5,1,stimuli/N_9_Front_LS.jpg,1,,,,,,,,,,,,,,,,,,,,,,,,,,
,,,2025-08-11_11h46.30.436,CFMT_CCMT_Face_recognition,03.02.2023,MacIntel,59.88023952,56b78f11e77ebe000cbefe79,6899c7d7c4c961a016830ad3,6899c92d8ea81c78b3434de6,,,,,,,,,,,,,,,,,,,,,,,,,,,,,,,,,,,,,,,,,,,,,,,,,,,,,,,,,,,,,,,,,,,,,,,,,,,,,,,,,,,,,,,,,,,,,,,,1242.004,1242.5038,,,,,,,,,,,,,,,,,,,,,,,,,,,,,,,,,,,,,,,,,,,,,,,,,,,,,,,1239.7545,1242.0039,2,1,2.2274,,0,6,6,6,1,stimuli/B12_Noisy_frontal_HS.jpg,2,,,,,,,,,,,,,,,,,,,,,,,,,,
,,,2025-08-11_11h46.30.436,CFMT_CCMT_Face_recognition,03.02.2023,MacIntel,59.88023952,56b78f11e77ebe000cbefe79,6899c7d7c4c961a016830ad3,6899c92d8ea81c78b3434de6,,,,,,,,,,,,,,,,,,,,,,,,,,,,,,,,,,,,,,,,,,,,,,,,,,,,,,,,,,,,,,,,,,,,,,,,,,,,,,,,,,,,,,,,,,,,,,,,1246.3206,1246.8205,,,,,,,,,,,,,,,,,,,,,,,,,,,,,,,,,,,,,,,,,,,,,,,,,,,,,,,1242.5044,1246.3205,1,1,3.7984,,0,7,7,7,1,stimuli/M_12_Front_N_HS.jpg,1,,,,,,,,,,,,,,,,,,,,,,,,,,
,,,2025-08-11_11h46.30.436,CFMT_CCMT_Face_recognition,03.02.2023,MacIntel,59.88023952,56b78f11e77ebe000cbefe79,6899c7d7c4c961a016830ad3,6899c92d8ea81c78b3434de6,,,,,,,,,,,,,,,,,,,,,,,,,,,,,,,,,,,,,,,,,,,,,,,,,,,,,,,,,,,,,,,,,,,,,,,,,,,,,,,,,,,,,,,,,,,,,,,,1250.2705,1250.7706,,,,,,,,,,,,,,,,,,,,,,,,,,,,,,,,,,,,,,,,,,,,,,,,,,,,,,,1246.8211,1250.2704,3,0,3.4306,,0,8,8,8,1,stimuli/D12_Noisy_Frontal_HS.jpg,2,,,,,,,,,,,,,,,,,,,,,,,,,,
,,,2025-08-11_11h46.30.436,CFMT_CCMT_Face_recognition,03.02.2023,MacIntel,59.88023952,56b78f11e77ebe000cbefe79,6899c7d7c4c961a016830ad3,6899c92d8ea81c78b3434de6,,,,,,,,,,,,,,,,,,,,,,,,,,,,,,,,,,,,,,,,,,,,,,,,,,,,,,,,,,,,,,,,,,,,,,,,,,,,,,,,,,,,,,,,,,,,,,,,1253.6707,1254.1705,,,,,,,,,,,,,,,,,,,,,,,,,,,,,,,,,,,,,,,,,,,,,,,,,,,,,,,1250.7714,1253.6705,2,1,2.8723,,0,9,9,9,1,stimuli/Z_11_23_Pro_R.jpg,2,,,,,,,,,,,,,,,,,,,,,,,,,,
,,,2025-08-11_11h46.30.436,CFMT_CCMT_Face_recognition,03.02.2023,MacIntel,59.88023952,56b78f11e77ebe000cbefe79,6899c7d7c4c961a016830ad3,6899c92d8ea81c78b3434de6,,,,,,,,,,,,,,,,,,,,,,,,,,,,,,,,,,,,,,,,,,,,,,,,,,,,,,,,,,,,,,,,,,,,,,,,,,,,,,,,,,,,,,,,,,,,,,,,1257.1702,1257.6705,,,,,,,,,,,,,,,,,,,,,,,,,,,,,,,,,,,,,,,,,,,,,,,,,,,,,,,1254.1713,1257.1702,2,1,2.9787,,0,10,10,10,1,stimuli/N_10_13_L_Pro_dark.jpg,2,,,,,,,,,,,,,,,,,,,,,,,,,,
,,,2025-08-11_11h46.30.436,CFMT_CCMT_Face_recognition,03.02.2023,MacIntel,59.88023952,56b78f11e77ebe000cbefe79,6899c7d7c4c961a016830ad3,6899c92d8ea81c78b3434de6,,,,,,,,,,,,,,,,,,,,,,,,,,,,,,,,,,,,,,,,,,,,,,,,,,,,,,,,,,,,,,,,,,,,,,,,,,,,,,,,,,,,,,,,,,,,,,,,1260.671,1261.1706,,,,,,,,,,,,,,,,,,,,,,,,,,,,,,,,,,,,,,,,,,,,,,,,,,,,,,,1257.6712,1260.6707,2,1,2.9786,,0,11,11,11,1,stimuli/B9_Noisy_frontal_LS.jpg,2,,,,,,,,,,,,,,,,,,,,,,,,,,
,,,2025-08-11_11h46.30.436,CFMT_CCMT_Face_recognition,03.02.2023,MacIntel,59.88023952,56b78f11e77ebe000cbefe79,6899c7d7c4c961a016830ad3,6899c92d8ea81c78b3434de6,,,,,,,,,,,,,,,,,,,,,,,,,,,,,,,,,,,,,,,,,,,,,,,,,,,,,,,,,,,,,,,,,,,,,,,,,,,,,,,,,,,,,,,,,,,,,,,,1263.504,1264.0039,,,,,,,,,,,,,,,,,,,,,,,,,,,,,,,,,,,,,,,,,,,,,,,,,,,,,,,1261.1716,1263.5039,1,1,2.3101,,0,12,12,12,1,stimuli/M_9_Front_N_LS.jpg,1,,,,,,,,,,,,,,,,,,,,,,,,,,
,,,2025-08-11_11h46.30.436,CFMT_CCMT_Face_recognition,03.02.2023,MacIntel,59.88023952,56b78f11e77ebe000cbefe79,6899c7d7c4c961a016830ad3,6899c92d8ea81c78b3434de6,,,,,,,,,,,,,,,,,,,,,,,,,,,,,,,,,,,,,,,,,,,,,,,,,,,,,,,,,,,,,,,,,,,,,,,,,,,,,,,,,,,,,,,,,,,,,,,,1265.7541,1266.2534,,,,,,,,,,,,,,,,,,,,,,,,,,,,,,,,,,,,,,,,,,,,,,,,,,,,,,,1264.0045,1265.7538,2,1,1.728,,0,13,13,13,1,stimuli/J_9_N_Frontal_50.jpg,2,,,,,,,,,,,,,,,,,,,,,,,,,,
,,,2025-08-11_11h46.30.436,CFMT_CCMT_Face_recognition,03.02.2023,MacIntel,59.88023952,56b78f11e77ebe000cbefe79,6899c7d7c4c961a016830ad3,6899c92d8ea81c78b3434de6,,,,,,,,,,,,,,,,,,,,,,,,,,,,,,,,,,,,,,,,,,,,,,,,,,,,,,,,,,,,,,,,,,,,,,,,,,,,,,,,,,,,,,,,,,,,,,,,1268.2872,1268.7872,,,,,,,,,,,,,,,,,,,,,,,,,,,,,,,,,,,,,,,,,,,,,,,,,,,,,,,1266.2538,1268.2871,1,1,2.0177,,0,14,14,14,1,stimuli/N_12_Front_Noisy.jpg,1,,,,,,,,,,,,,,,,,,,,,,,,,,
,,,2025-08-11_11h46.30.436,CFMT_CCMT_Face_recognition,03.02.2023,MacIntel,59.88023952,56b78f11e77ebe000cbefe79,6899c7d7c4c961a016830ad3,6899c92d8ea81c78b3434de6,,,,,,,,,,,,,,,,,,,,,,,,,,,,,,,,,,,,,,,,,,,,,,,,,,,,,,,,,,,,,,,,,,,,,,,,,,,,,,,,,,,,,,,,,,,,,,,,1270.5705,1271.0703,,,,,,,,,,,,,,,,,,,,,,,,,,,,,,,,,,,,,,,,,,,,,,,,,,,,,,,1268.7879,1270.5705,2,1,1.7623,,0,15,15,15,1,stimuli/B10_Noisy_13_pro_L.jpg,2,,,,,,,,,,,,,,,,,,,,,,,,,,
,,,2025-08-11_11h46.30.436,CFMT_CCMT_Face_recognition,03.02.2023,MacIntel,59.88023952,56b78f11e77ebe000cbefe79,6899c7d7c4c961a016830ad3,6899c92d8ea81c78b3434de6,,,,,,,,,,,,,,,,,,,,,,,,,,,,,,,,,,,,,,,,,,,,,,,,,,,,,,,,,,,,,,,,,,,,,,,,,,,,,,,,,,,,,,,,,,,,,,,,1272.7201,1273.2203,,,,,,,,,,,,,,,,,,,,,,,,,,,,,,,,,,,,,,,,,,,,,,,,,,,,,,,1271.0706,1272.72,3,1,1.6362,,0,16,16,16,1,stimuli/N_11_23_R_Pro.jpg,3,,,,,,,,,,,,,,,,,,,,,,,,,,
,,,2025-08-11_11h46.30.436,CFMT_CCMT_Face_recognition,03.02.2023,MacIntel,59.88023952,56b78f11e77ebe000cbefe79,6899c7d7c4c961a016830ad3,6899c92d8ea81c78b3434de6,,,,,,,,,,,,,,,,,,,,,,,,,,,,,,,,,,,,,,,,,,,,,,,,,,,,,,,,,,,,,,,,,,,,,,,,,,,,,,,,,,,,,,,,,,,,,,,,1276.7701,1277.2705,,,,,,,,,,,,,,,,,,,,,,,,,,,,,,,,,,,,,,,,,,,,,,,,,,,,,,,1273.221,1276.7701,1,1,3.5282,,0,17,17,17,1,stimuli/J_10_13_pro_l.jpg,1,,,,,,,,,,,,,,,,,,,,,,,,,,
,,,2025-08-11_11h46.30.436,CFMT_CCMT_Face_recognition,03.02.2023,MacIntel,59.88023952,56b78f11e77ebe000cbefe79,6899c7d7c4c961a016830ad3,6899c92d8ea81c78b3434de6,,,,,,,,,,,,,,,,,,,,,,,,,,,,,,,,,,,,,,,,,,,,,,,,,,,,,,,,,,,,,,,,,,,,,,,,,,,,,,,,,,,,,,,,,,,,,,,,1281.2213,1281.7204,,,,,,,,,,,,,,,,,,,,,,,,,,,,,,,,,,,,,,,,,,,,,,,,,,,,,,,1277.2711,1281.2208,2,0,3.931,,0,18,18,18,1,stimuli/Z_9_Front_Noisy.jpg,3,,,,,,,,,,,,,,,,,,,,,,,,,,
,,,2025-08-11_11h46.30.436,CFMT_CCMT_Face_recognition,03.02.2023,MacIntel,59.88023952,56b78f11e77ebe000cbefe79,6899c7d7c4c961a016830ad3,6899c92d8ea81c78b3434de6,,,,,,,,,,,,,,,,,,,,,,,,,,,,,,,,,,,,,,,,,,,,,,,,,,,,,,,,,,,,,,,,,,,,,,,,,,,,,,,,,,,,,,,,,,,,,,,,1285.4038,1285.9038,,,,,,,,,,,,,,,,,,,,,,,,,,,,,,,,,,,,,,,,,,,,,,,,,,,,,,,1281.7222,1285.4037,2,0,3.6571,,0,19,19,19,1,stimuli/D9_Noisy_Frontal_LS.jpg,1,,,,,,,,,,,,,,,,,,,,,,,,,,
,,,2025-08-11_11h46.30.436,CFMT_CCMT_Face_recognition,03.02.2023,MacIntel,59.88023952,56b78f11e77ebe000cbefe79,6899c7d7c4c961a016830ad3,6899c92d8ea81c78b3434de6,,,,,,,,,,,,,,,,,,,,,,,,,,,,,,,,,,,,,,,,,,,,,,,,,,,,,,,,,,,,,,,,,,,,,,,,,,,,,,,,,,,,,,,,,,,,,,,,1289.2704,1289.7705,,,,,,,,,,,,,,,,,,,,,,,,,,,,,,,,,,,,,,,,,,,,,,,,,,,,,,,1285.9045,1289.2702,1,1,3.3491,,0,20,20,20,1,stimuli/M_10_N_13_L_Pro_D.jpg,1,,,,,,,,,,,,,,,,,,,,,,,,,,
,,,2025-08-11_11h46.30.436,CFMT_CCMT_Face_recognition,03.02.2023,MacIntel,59.88023952,56b78f11e77ebe000cbefe79,6899c7d7c4c961a016830ad3,6899c92d8ea81c78b3434de6,,,,,,,,,,,,,,,,,,,,,,,,,,,,,,,,,,,,,,,,,,,,,,,,,,,,,,,,,,,,,,,,,,,,,,,,,,,,,,,,,,,,,,,,,,,,,,,,1293.8039,1294.3036,,,,,,,,,,,,,,,,,,,,,,,,,,,,,,,,,,,,,,,,,,,,,,,,,,,,,,,1289.7711,1293.8037,1,1,4.0112,,0,21,21,21,1,stimuli/Z_10_13_Pro_L.jpg,1,,,,,,,,,,,,,,,,,,,,,,,,,,
,,,2025-08-11_11h46.30.436,CFMT_CCMT_Face_recognition,03.02.2023,MacIntel,59.88023952,56b78f11e77ebe000cbefe79,6899c7d7c4c961a016830ad3,6899c92d8ea81c78b3434de6,,,,,,,,,,,,,,,,,,,,,,,,,,,,,,,,,,,,,,,,,,,,,,,,,,,,,,,,,,,,,,,,,,,,,,,,,,,,,,,,,,,,,,,,,,,,,,,,1296.3034,1296.8037,,,,,,,,,,,,,,,,,,,,,,,,,,,,,,,,,,,,,,,,,,,,,,,,,,,,,,,1294.3039,1296.3033,1,1,1.9803,,0,22,22,22,1,stimuli/B11_Noise_23_pro_R.jpg,1,,,,,,,,,,,,,,,,,,,,,,,,,,
,,,2025-08-11_11h46.30.436,CFMT_CCMT_Face_recognition,03.02.2023,MacIntel,59.88023952,56b78f11e77ebe000cbefe79,6899c7d7c4c961a016830ad3,6899c92d8ea81c78b3434de6,,,,,,,,,,,,,,,,,,,,,,,,,,,,,,,,,,,,,,,,,,,,,,,,,,,,,,,,,,,,,,,,,,,,,,,,,,,,,,,,,,,,,,,,,,,,,,,,1300.1033,1300.6036,,,,,,,,,,,,,,,,,,,,,,,,,,,,,,,,,,,,,,,,,,,,,,,,,,,,,,,1296.8045,1300.1033,3,1,3.2721,,0,23,23,23,1,stimuli/D11_Noisy_23_profile_R.jpg,3,,,,,,,,,,,,,,,,,,,,,,,,,,
,,,2025-08-11_11h46.30.436,CFMT_CCMT_Face_recognition,03.02.2023,MacIntel,59.88023952,56b78f11e77ebe000cbefe79,6899c7d7c4c961a016830ad3,6899c92d8ea81c78b3434de6,,,,,,,,,,,,,,,,,,,,,,,,,,,,,,,,,,,,,,,,,,,,,,,,,,,,,,,,,,,,,,,,,,,,,,,,,,,,,,,,,,,,,,,,,,,,,,,,,,,,,,,,,,,,,,,,,,,,,,,,,,,,,,,,,,,,,,,,,,,,,,,,,,,,,,,,,,,,,,,,,,,,,1300.6041,1300.6061,0,0,0,0,1,conditionsFile_faces/conditionFiles_face.xlsx,Cambridge Face Memory Test,Memorize the face in the next three images.,conditionsFile_faces/Prac_learn.xlsx,conditionsFile_faces/Prac_rec.xlsx,"Which face did you just view? There is only one correct answer. Press 1,2 or 3","In this test, you will learn to recognize six people.",Memorize the following face.,Which face did you just view?,Next you will review the same 6 people for 20 seconds.,Review the faces (20 seconds),stimuli/AA_Review_image.jpg,Now your memory of these faces will be tested.,"In the remaining trials, the correct answer can be any of the six faces.","The incorrect faces are sometimes very similar to the target faces, so be sure to look at each face prior answering.",conditionsFile_faces/conditionsfile_rec_face.xlsx,"To begin memorizing the first face, press the ""space bar"".",,
,,,2025-08-11_11h46.30.436,CFMT_CCMT_Face_recognition,03.02.2023,MacIntel,59.88023952,56b78f11e77ebe000cbefe79,6899c7d7c4c961a016830ad3,6899c92d8ea81c78b3434de6,,,,,,,,,,,,,,,,,,,,,,,,,,,,,,,,,,,,,,,,,,,,,,,,,,,,,,,,,,,,,,,,,,,,,,,,,,,,,,,,,,,,,,,,,,1300.6067,1302.2372,1302.2373,1305.1872,1305.1924,1308.187,1308.1871,1308.6862,0,0,0,0,1,stimuli_car/prac_v1.jpg,,,,,,,,,,,,,,,,,,,,,,,,,,,,,,,,,,,,,,,,,,,,,,,,,,,,,,,,,,,,,,,,,,,,,,,,,,,,,,,,,,,,,,,
,,,2025-08-11_11h46.30.436,CFMT_CCMT_Face_recognition,03.02.2023,MacIntel,59.88023952,56b78f11e77ebe000cbefe79,6899c7d7c4c961a016830ad3,6899c92d8ea81c78b3434de6,,,,,,,,,,,,,,,,,,,,,,,,,,,,,,,,,,,,,,,,,,,,,,,,,,,,,,,,,,,,,,,,,,,,,,,,,,,,,,,,,,,,,,,,,,,,,,1308.6869,1311.686,1311.6861,1312.1871,0,1,1,1,1,stimuli_car/prac_v2.jpg,,,,,,,,,,,,,,,,,,,,,,,,,,,,,,,,,,,,,,,,,,,,,,,,,,,,,,,,,,,,,,,,,,,,,,,,,,,,,,,,,,,,,,,
,,,2025-08-11_11h46.30.436,CFMT_CCMT_Face_recognition,03.02.2023,MacIntel,59.88023952,56b78f11e77ebe000cbefe79,6899c7d7c4c961a016830ad3,6899c92d8ea81c78b3434de6,,,,,,,,,,,,,,,,,,,,,,,,,,,,,,,,,,,,,,,,,,,,,,,,,,,,,,,,,,,,,,,,,,,,,,,,,,,,,,,,,,,,,,,,,,,,,,1312.1877,1315.187,1315.1872,1315.6874,0,2,2,2,1,stimuli_car/prac_v3.jpg,,,,,,,,,,,,,,,,,,,,,,,,,,,,,,,,,,,,,,,,,,,,,,,,,,,,,,,,,,,,,,,,,,,,,,,,,,,,,,,,,,,,,,,
,,,2025-08-11_11h46.30.436,CFMT_CCMT_Face_recognition,03.02.2023,MacIntel,59.88023952,56b78f11e77ebe000cbefe79,6899c7d7c4c961a016830ad3,6899c92d8ea81c78b3434de6,,,,,,,,,,,,,,,,,,,,,,,,,,,,,,,,,,,,,,,,,,,,,,,,,,,,,,,,,,,,,,,,,,,,,,,,,,,,,,,,,,,,,,,,,,,,,,,,1324.1027,1324.6037,,,,,,,1315.6911,1324.1026,3,0,8.4059,,0,0,0,0,1,stimuli_car/practice_v1.jpg,1,,,,,,,,,,,,,,,,,,,,,,,,,,,,,,,,,,,,,,,,,,,,,,,,,,,,,,,,,,,,,,,,,,,,,,,,,,
,,,2025-08-11_11h46.30.436,CFMT_CCMT_Face_recognition,03.02.2023,MacIntel,59.88023952,56b78f11e77ebe000cbefe79,6899c7d7c4c961a016830ad3,6899c92d8ea81c78b3434de6,,,,,,,,,,,,,,,,,,,,,,,,,,,,,,,,,,,,,,,,,,,,,,,,,,,,,,,,,,,,,,,,,,,,,,,,,,,,,,,,,,,,,,,,,,,,,,,,1329.3037,1329.8035,,,,,,,1324.6052,1329.3036,1,1,4.683,,0,1,1,1,1,stimuli_car/practice_v3.jpg,1,,,,,,,,,,,,,,,,,,,,,,,,,,,,,,,,,,,,,,,,,,,,,,,,,,,,,,,,,,,,,,,,,,,,,,,,,,
,,,2025-08-11_11h46.30.436,CFMT_CCMT_Face_recognition,03.02.2023,MacIntel,59.88023952,56b78f11e77ebe000cbefe79,6899c7d7c4c961a016830ad3,6899c92d8ea81c78b3434de6,,,,,,,,,,,,,,,,,,,,,,,,,,,,,,,,,,,,,,,,,,,,,,,,,,,,,,,,,,,,,,,,,,,,,,,,,,,,,,,,,,,,,,,,,,,,,,,,1332.7359,1333.2369,,,,,,,1329.804,1332.7359,2,1,2.9218,,0,2,2,2,1,stimuli_car/practice_v2.jpg,2,,,,,,,,,,,,,,,,,,,,,,,,,,,,,,,,,,,,,,,,,,,,,,,,,,,,,,,,,,,,,,,,,,,,,,,,,,
,,,2025-08-11_11h46.30.436,CFMT_CCMT_Face_recognition,03.02.2023,MacIntel,59.88023952,56b78f11e77ebe000cbefe79,6899c7d7c4c961a016830ad3,6899c92d8ea81c78b3434de6,,,,,,,,,,,,,,,,,,,,,,,,,,,,,,,,,,,,,,,,,,,,,,,,,,,,,,,,,,,,,,,,,,,,,,,,,,,,,,,,,,,,,,,,,,,,,,,,1340.737,1341.237,,,,,,,,,,,,,,,,,,,,1333.2372,1336.1879,1336.1934,1337.2372,1337.7372,1340.7369,0,0,0,0,1,stimuli_car/Slide1.jpg,stimuli_car/Slide4.jpg,3,,,,,,,,,,,,,,,,,,,,,,,,,,,,,,,,,,,,,,,,,,,,,,,,,,,,,,,,,,,,
,,,2025-08-11_11h46.30.436,CFMT_CCMT_Face_recognition,03.02.2023,MacIntel,59.88023952,56b78f11e77ebe000cbefe79,6899c7d7c4c961a016830ad3,6899c92d8ea81c78b3434de6,,,,,,,,,,,,,,,,,,,,,,,,,,,,,,,,,,,,,,,,,,,,,,,,,,,,,,,,,,,,,,,,,,,,,,,,,,,,,,,,,,,,,,,,,,,,,,,,1344.7371,1345.237,,,,,,,,,,,,,,,,,,,,,,,,1341.7369,1344.7369,0,1,1,1,1,stimuli_car/Slide2.jpg,stimuli_car/Slide5.jpg,3,,,,,,,,,,,,,,,,,,,,,,,,,,,,,,,,,,,,,,,,,,,,,,,,,,,,,,,,,,,,
,,,2025-08-11_11h46.30.436,CFMT_CCMT_Face_recognition,03.02.2023,MacIntel,59.88023952,56b78f11e77ebe000cbefe79,6899c7d7c4c961a016830ad3,6899c92d8ea81c78b3434de6,,,,,,,,,,,,,,,,,,,,,,,,,,,,,,,,,,,,,,,,,,,,,,,,,,,,,,,,,,,,,,,,,,,,,,,,,,,,,,,,,,,,,,,,,,,,,,,,1348.7371,1349.2369,,,,,,,,,,,,,,,,,,,,,,,,1345.737,1348.737,0,2,2,2,1,stimuli_car/Slide3.jpg,stimuli_car/Slide6.jpg,2,,,,,,,,,,,,,,,,,,,,,,,,,,,,,,,,,,,,,,,,,,,,,,,,,,,,,,,,,,,,
,,,2025-08-11_11h46.30.436,CFMT_CCMT_Face_recognition,03.02.2023,MacIntel,59.88023952,56b78f11e77ebe000cbefe79,6899c7d7c4c961a016830ad3,6899c92d8ea81c78b3434de6,,,,,,,,,,,,,,,,,,,,,,,,,,,,,,,,,,,,,,,,,,,,,,,,,,,,,,,,,,,,,,,,,,,,,,,,,,,,,,,,,,,,,,,,,,,,,,,,1355.6527,1356.1536,,,,,,,,,,,,,,,,,,,,,,,,,,,,,,,stimuli_car/Slide1.jpg,stimuli_car/Slide4.jpg,3,1349.242,1355.6526,3,1,6.3816,,0,0,0,0,1,,,,,,,,,,,,,,,,,,,,,,,,,,,,,,,,,,,,,,,,,,,,,,,,,
,,,2025-08-11_11h46.30.436,CFMT_CCMT_Face_recognition,03.02.2023,MacIntel,59.88023952,56b78f11e77ebe000cbefe79,6899c7d7c4c961a016830ad3,6899c92d8ea81c78b3434de6,,,,,,,,,,,,,,,,,,,,,,,,,,,,,,,,,,,,,,,,,,,,,,,,,,,,,,,,,,,,,,,,,,,,,,,,,,,,,,,,,,,,,,,,,,,,,,,,1366.2694,1366.7701,,,,,,,,,,,,,,,,,,,,,,,,,,,,,,,stimuli_car/Slide2.jpg,stimuli_car/Slide5.jpg,3,1356.1551,1366.2692,2,0,10.0775,,0,1,1,1,1,,,,,,,,,,,,,,,,,,,,,,,,,,,,,,,,,,,,,,,,,,,,,,,,,
,,,2025-08-11_11h46.30.436,CFMT_CCMT_Face_recognition,03.02.2023,MacIntel,59.88023952,56b78f11e77ebe000cbefe79,6899c7d7c4c961a016830ad3,6899c92d8ea81c78b3434de6,,,,,,,,,,,,,,,,,,,,,,,,,,,,,,,,,,,,,,,,,,,,,,,,,,,,,,,,,,,,,,,,,,,,,,,,,,,,,,,,,,,,,,,,,,,,,,,,1375.587,1376.0864,,,,,,,,,,,,,,,,,,,,,,,,,,,,,,,stimuli_car/Slide3.jpg,stimuli_car/Slide6.jpg,2,1366.7711,1375.5869,2,1,8.7848,,0,2,2,2,1,,,,,,,,,,,,,,,,,,,,,,,,,,,,,,,,,,,,,,,,,,,,,,,,,
,,,2025-08-11_11h46.30.436,CFMT_CCMT_Face_recognition,03.02.2023,MacIntel,59.88023952,56b78f11e77ebe000cbefe79,6899c7d7c4c961a016830ad3,6899c92d8ea81c78b3434de6,,,,,,,,,,,,,,,,,,,,,,,,,,,,,,,,,,,,,,,,,,,,,,,,,,,,,,,,,,,,,,,,,,,,,,,,,,,,,,,,,,,,,,,,,,,,,,,,1381.4037,1381.9034,,,,,,,,,,,,,,,,,,,,,,1376.0868,1377.9039,1378.4025,1381.4036,0,0,0,0,1,stimuli_car/Slide7.jpg,stimuli_car/Slide10.jpg,1,,,,,,,,,,,,,,,,,,,,,,,,,,,,,,,,,,,,,,,,,,,,,,,,,,,,,,,,,,,,
,,,2025-08-11_11h46.30.436,CFMT_CCMT_Face_recognition,03.02.2023,MacIntel,59.88023952,56b78f11e77ebe000cbefe79,6899c7d7c4c961a016830ad3,6899c92d8ea81c78b3434de6,,,,,,,,,,,,,,,,,,,,,,,,,,,,,,,,,,,,,,,,,,,,,,,,,,,,,,,,,,,,,,,,,,,,,,,,,,,,,,,,,,,,,,,,,,,,,,,,1385.4026,1385.9025,,,,,,,,,,,,,,,,,,,,,,,,1382.4028,1385.4025,0,1,1,1,1,stimuli_car/Slide8.jpg,stimuli_car/Slide11.jpg,2,,,,,,,,,,,,,,,,,,,,,,,,,,,,,,,,,,,,,,,,,,,,,,,,,,,,,,,,,,,,
,,,2025-08-11_11h46.30.436,CFMT_CCMT_Face_recognition,03.02.2023,MacIntel,59.88023952,56b78f11e77ebe000cbefe79,6899c7d7c4c961a016830ad3,6899c92d8ea81c78b3434de6,,,,,,,,,,,,,,,,,,,,,,,,,,,,,,,,,,,,,,,,,,,,,,,,,,,,,,,,,,,,,,,,,,,,,,,,,,,,,,,,,,,,,,,,,,,,,,,,1389.4039,1389.9034,,,,,,,,,,,,,,,,,,,,,,,,1386.4033,1389.4037,0,2,2,2,1,stimuli_car/Slide9.jpg,stimuli_car/Slide12.jpg,1,,,,,,,,,,,,,,,,,,,,,,,,,,,,,,,,,,,,,,,,,,,,,,,,,,,,,,,,,,,,
,,,2025-08-11_11h46.30.436,CFMT_CCMT_Face_recognition,03.02.2023,MacIntel,59.88023952,56b78f11e77ebe000cbefe79,6899c7d7c4c961a016830ad3,6899c92d8ea81c78b3434de6,,,,,,,,,,,,,,,,,,,,,,,,,,,,,,,,,,,,,,,,,,,,,,,,,,,,,,,,,,,,,,,,,,,,,,,,,,,,,,,,,,,,,,,,,,,,,,,,1394.6201,1395.1197,,,,,,,,,,,,,,,,,,,,,,,,,,,,,,,stimuli_car/Slide7.jpg,stimuli_car/Slide10.jpg,1,1389.9089,1394.62,3,0,4.6904,,0,0,0,0,1,,,,,,,,,,,,,,,,,,,,,,,,,,,,,,,,,,,,,,,,,,,,,,,,,
,,,2025-08-11_11h46.30.436,CFMT_CCMT_Face_recognition,03.02.2023,MacIntel,59.88023952,56b78f11e77ebe000cbefe79,6899c7d7c4c961a016830ad3,6899c92d8ea81c78b3434de6,,,,,,,,,,,,,,,,,,,,,,,,,,,,,,,,,,,,,,,,,,,,,,,,,,,,,,,,,,,,,,,,,,,,,,,,,,,,,,,,,,,,,,,,,,,,,,,,1402.6036,1403.103,,,,,,,,,,,,,,,,,,,,,,,,,,,,,,,stimuli_car/Slide8.jpg,stimuli_car/Slide11.jpg,2,1395.1202,1402.6035,1,0,7.4577,,0,1,1,1,1,,,,,,,,,,,,,,,,,,,,,,,,,,,,,,,,,,,,,,,,,,,,,,,,,
,,,2025-08-11_11h46.30.436,CFMT_CCMT_Face_recognition,03.02.2023,MacIntel,59.88023952,56b78f11e77ebe000cbefe79,6899c7d7c4c961a016830ad3,6899c92d8ea81c78b3434de6,,,,,,,,,,,,,,,,,,,,,,,,,,,,,,,,,,,,,,,,,,,,,,,,,,,,,,,,,,,,,,,,,,,,,,,,,,,,,,,,,,,,,,,,,,,,,,,,1406.9357,1407.4359,,,,,,,,,,,,,,,,,,,,,,,,,,,,,,,stimuli_car/Slide9.jpg,stimuli_car/Slide12.jpg,1,1403.1032,1406.9357,1,1,3.8136,,0,2,2,2,1,,,,,,,,,,,,,,,,,,,,,,,,,,,,,,,,,,,,,,,,,,,,,,,,,
,,,2025-08-11_11h46.30.436,CFMT_CCMT_Face_recognition,03.02.2023,MacIntel,59.88023952,56b78f11e77ebe000cbefe79,6899c7d7c4c961a016830ad3,6899c92d8ea81c78b3434de6,,,,,,,,,,,,,,,,,,,,,,,,,,,,,,,,,,,,,,,,,,,,,,,,,,,,,,,,,,,,,,,,,,,,,,,,,,,,,,,,,,,,,,,,,,,,,,,,1412.32,1412.82,,,,,,,,,,,,,,,,,,,,,,1407.4365,1408.8202,1409.3191,1412.32,0,0,0,0,1,stimuli_car/Slide13.jpg,stimuli_car/Slide16.jpg,3,,,,,,,,,,,,,,,,,,,,,,,,,,,,,,,,,,,,,,,,,,,,,,,,,,,,,,,,,,,,
,,,2025-08-11_11h46.30.436,CFMT_CCMT_Face_recognition,03.02.2023,MacIntel,59.88023952,56b78f11e77ebe000cbefe79,6899c7d7c4c961a016830ad3,6899c92d8ea81c78b3434de6,,,,,,,,,,,,,,,,,,,,,,,,,,,,,,,,,,,,,,,,,,,,,,,,,,,,,,,,,,,,,,,,,,,,,,,,,,,,,,,,,,,,,,,,,,,,,,,,1416.3202,1416.82,,,,,,,,,,,,,,,,,,,,,,,,1413.32,1416.3202,0,1,1,1,1,stimuli_car/Slide14.jpg,stimuli_car/Slide17.jpg,1,,,,,,,,,,,,,,,,,,,,,,,,,,,,,,,,,,,,,,,,,,,,,,,,,,,,,,,,,,,,
,,,2025-08-11_11h46.30.436,CFMT_CCMT_Face_recognition,03.02.2023,MacIntel,59.88023952,56b78f11e77ebe000cbefe79,6899c7d7c4c961a016830ad3,6899c92d8ea81c78b3434de6,,,,,,,,,,,,,,,,,,,,,,,,,,,,,,,,,,,,,,,,,,,,,,,,,,,,,,,,,,,,,,,,,,,,,,,,,,,,,,,,,,,,,,,,,,,,,,,,1420.32,1420.8202,,,,,,,,,,,,,,,,,,,,,,,,1417.3201,1420.3199,0,2,2,2,1,stimuli_car/Slide15.jpg,stimuli_car/Slide18.jpg,2,,,,,,,,,,,,,,,,,,,,,,,,,,,,,,,,,,,,,,,,,,,,,,,,,,,,,,,,,,,,
,,,2025-08-11_11h46.30.436,CFMT_CCMT_Face_recognition,03.02.2023,MacIntel,59.88023952,56b78f11e77ebe000cbefe79,6899c7d7c4c961a016830ad3,6899c92d8ea81c78b3434de6,,,,,,,,,,,,,,,,,,,,,,,,,,,,,,,,,,,,,,,,,,,,,,,,,,,,,,,,,,,,,,,,,,,,,,,,,,,,,,,,,,,,,,,,,,,,,,,,1426.053,1426.553,,,,,,,,,,,,,,,,,,,,,,,,,,,,,,,stimuli_car/Slide13.jpg,stimuli_car/Slide16.jpg,3,1420.8255,1426.053,2,0,5.2003,,0,0,0,0,1,,,,,,,,,,,,,,,,,,,,,,,,,,,,,,,,,,,,,,,,,,,,,,,,,
,,,2025-08-11_11h46.30.436,CFMT_CCMT_Face_recognition,03.02.2023,MacIntel,59.88023952,56b78f11e77ebe000cbefe79,6899c7d7c4c961a016830ad3,6899c92d8ea81c78b3434de6,,,,,,,,,,,,,,,,,,,,,,,,,,,,,,,,,,,,,,,,,,,,,,,,,,,,,,,,,,,,,,,,,,,,,,,,,,,,,,,,,,,,,,,,,,,,,,,,1432.8373,1433.3364,,,,,,,,,,,,,,,,,,,,,,,,,,,,,,,stimuli_car/Slide14.jpg,stimuli_car/Slide17.jpg,1,1426.5533,1432.8369,1,1,6.2663,,0,1,1,1,1,,,,,,,,,,,,,,,,,,,,,,,,,,,,,,,,,,,,,,,,,,,,,,,,,
,,,2025-08-11_11h46.30.436,CFMT_CCMT_Face_recognition,03.02.2023,MacIntel,59.88023952,56b78f11e77ebe000cbefe79,6899c7d7c4c961a016830ad3,6899c92d8ea81c78b3434de6,,,,,,,,,,,,,,,,,,,,,,,,,,,,,,,,,,,,,,,,,,,,,,,,,,,,,,,,,,,,,,,,,,,,,,,,,,,,,,,,,,,,,,,,,,,,,,,,1436.4023,1436.9033,,,,,,,,,,,,,,,,,,,,,,,,,,,,,,,stimuli_car/Slide15.jpg,stimuli_car/Slide18.jpg,2,1433.3376,1436.4022,2,1,3.0521,,0,2,2,2,1,,,,,,,,,,,,,,,,,,,,,,,,,,,,,,,,,,,,,,,,,,,,,,,,,
,,,2025-08-11_11h46.30.436,CFMT_CCMT_Face_recognition,03.02.2023,MacIntel,59.88023952,56b78f11e77ebe000cbefe79,6899c7d7c4c961a016830ad3,6899c92d8ea81c78b3434de6,,,,,,,,,,,,,,,,,,,,,,,,,,,,,,,,,,,,,,,,,,,,,,,,,,,,,,,,,,,,,,,,,,,,,,,,,,,,,,,,,,,,,,,,,,,,,,,,1441.6858,1442.1857,,,,,,,,,,,,,,,,,,,,,,1436.9043,1438.1865,1438.6867,1441.6858,0,0,0,0,1,stimuli_car/Slide19.jpg,stimuli_car/Slide22.jpg,2,,,,,,,,,,,,,,,,,,,,,,,,,,,,,,,,,,,,,,,,,,,,,,,,,,,,,,,,,,,,
,,,2025-08-11_11h46.30.436,CFMT_CCMT_Face_recognition,03.02.2023,MacIntel,59.88023952,56b78f11e77ebe000cbefe79,6899c7d7c4c961a016830ad3,6899c92d8ea81c78b3434de6,,,,,,,,,,,,,,,,,,,,,,,,,,,,,,,,,,,,,,,,,,,,,,,,,,,,,,,,,,,,,,,,,,,,,,,,,,,,,,,,,,,,,,,,,,,,,,,,1445.6863,1446.186,,,,,,,,,,,,,,,,,,,,,,,,1442.6862,1445.6863,0,1,1,1,1,stimuli_car/Slide20.jpg,stimuli_car/Slide23.jpg,2,,,,,,,,,,,,,,,,,,,,,,,,,,,,,,,,,,,,,,,,,,,,,,,,,,,,,,,,,,,,
,,,2025-08-11_11h46.30.436,CFMT_CCMT_Face_recognition,03.02.2023,MacIntel,59.88023952,56b78f11e77ebe000cbefe79,6899c7d7c4c961a016830ad3,6899c92d8ea81c78b3434de6,,,,,,,,,,,,,,,,,,,,,,,,,,,,,,,,,,,,,,,,,,,,,,,,,,,,,,,,,,,,,,,,,,,,,,,,,,,,,,,,,,,,,,,,,,,,,,,,1449.6867,1450.1856,,,,,,,,,,,,,,,,,,,,,,,,1446.6869,1449.6867,0,2,2,2,1,stimuli_car/Slide21.jpg,stimuli_car/Slide24.jpg,3,,,,,,,,,,,,,,,,,,,,,,,,,,,,,,,,,,,,,,,,,,,,,,,,,,,,,,,,,,,,
,,,2025-08-11_11h46.30.436,CFMT_CCMT_Face_recognition,03.02.2023,MacIntel,59.88023952,56b78f11e77ebe000cbefe79,6899c7d7c4c961a016830ad3,6899c92d8ea81c78b3434de6,,,,,,,,,,,,,,,,,,,,,,,,,,,,,,,,,,,,,,,,,,,,,,,,,,,,,,,,,,,,,,,,,,,,,,,,,,,,,,,,,,,,,,,,,,,,,,,,1454.8868,1455.3867,,,,,,,,,,,,,,,,,,,,,,,,,,,,,,,stimuli_car/Slide19.jpg,stimuli_car/Slide22.jpg,2,1450.1931,1454.8867,2,1,4.6687,,0,0,0,0,1,,,,,,,,,,,,,,,,,,,,,,,,,,,,,,,,,,,,,,,,,,,,,,,,,
,,,2025-08-11_11h46.30.436,CFMT_CCMT_Face_recognition,03.02.2023,MacIntel,59.88023952,56b78f11e77ebe000cbefe79,6899c7d7c4c961a016830ad3,6899c92d8ea81c78b3434de6,,,,,,,,,,,,,,,,,,,,,,,,,,,,,,,,,,,,,,,,,,,,,,,,,,,,,,,,,,,,,,,,,,,,,,,,,,,,,,,,,,,,,,,,,,,,,,,,1458.5368,1459.0367,,,,,,,,,,,,,,,,,,,,,,,,,,,,,,,stimuli_car/Slide20.jpg,stimuli_car/Slide23.jpg,2,1455.3877,1458.5367,2,1,3.1225,,0,1,1,1,1,,,,,,,,,,,,,,,,,,,,,,,,,,,,,,,,,,,,,,,,,,,,,,,,,
,,,2025-08-11_11h46.30.436,CFMT_CCMT_Face_recognition,03.02.2023,MacIntel,59.88023952,56b78f11e77ebe000cbefe79,6899c7d7c4c961a016830ad3,6899c92d8ea81c78b3434de6,,,,,,,,,,,,,,,,,,,,,,,,,,,,,,,,,,,,,,,,,,,,,,,,,,,,,,,,,,,,,,,,,,,,,,,,,,,,,,,,,,,,,,,,,,,,,,,,1464.1866,1464.6855,,,,,,,,,,,,,,,,,,,,,,,,,,,,,,,stimuli_car/Slide21.jpg,stimuli_car/Slide24.jpg,3,1459.0373,1464.1865,2,0,5.121,,0,2,2,2,1,,,,,,,,,,,,,,,,,,,,,,,,,,,,,,,,,,,,,,,,,,,,,,,,,
,,,2025-08-11_11h46.30.436,CFMT_CCMT_Face_recognition,03.02.2023,MacIntel,59.88023952,56b78f11e77ebe000cbefe79,6899c7d7c4c961a016830ad3,6899c92d8ea81c78b3434de6,,,,,,,,,,,,,,,,,,,,,,,,,,,,,,,,,,,,,,,,,,,,,,,,,,,,,,,,,,,,,,,,,,,,,,,,,,,,,,,,,,,,,,,,,,,,,,,,1469.1364,1469.6366,,,,,,,,,,,,,,,,,,,,,,1464.6862,1465.6366,1466.1359,1469.1364,0,0,0,0,1,stimuli_car/Slide25.jpg,stimuli_car/Slide28.jpg,2,,,,,,,,,,,,,,,,,,,,,,,,,,,,,,,,,,,,,,,,,,,,,,,,,,,,,,,,,,,,
,,,2025-08-11_11h46.30.436,CFMT_CCMT_Face_recognition,03.02.2023,MacIntel,59.88023952,56b78f11e77ebe000cbefe79,6899c7d7c4c961a016830ad3,6899c92d8ea81c78b3434de6,,,,,,,,,,,,,,,,,,,,,,,,,,,,,,,,,,,,,,,,,,,,,,,,,,,,,,,,,,,,,,,,,,,,,,,,,,,,,,,,,,,,,,,,,,,,,,,,1473.1365,1473.6355,,,,,,,,,,,,,,,,,,,,,,,,1470.1356,1473.1365,0,1,1,1,1,stimuli_car/Slide26.jpg,stimuli_car/Slide29.jpg,1,,,,,,,,,,,,,,,,,,,,,,,,,,,,,,,,,,,,,,,,,,,,,,,,,,,,,,,,,,,,
,,,2025-08-11_11h46.30.436,CFMT_CCMT_Face_recognition,03.02.2023,MacIntel,59.88023952,56b78f11e77ebe000cbefe79,6899c7d7c4c961a016830ad3,6899c92d8ea81c78b3434de6,,,,,,,,,,,,,,,,,,,,,,,,,,,,,,,,,,,,,,,,,,,,,,,,,,,,,,,,,,,,,,,,,,,,,,,,,,,,,,,,,,,,,,,,,,,,,,,,1477.1365,1477.6364,,,,,,,,,,,,,,,,,,,,,,,,1474.1365,1477.1364,0,2,2,2,1,stimuli_car/Slide27.jpg,stimuli_car/Slide30.jpg,3,,,,,,,,,,,,,,,,,,,,,,,,,,,,,,,,,,,,,,,,,,,,,,,,,,,,,,,,,,,,
,,,2025-08-11_11h46.30.436,CFMT_CCMT_Face_recognition,03.02.2023,MacIntel,59.88023952,56b78f11e77ebe000cbefe79,6899c7d7c4c961a016830ad3,6899c92d8ea81c78b3434de6,,,,,,,,,,,,,,,,,,,,,,,,,,,,,,,,,,,,,,,,,,,,,,,,,,,,,,,,,,,,,,,,,,,,,,,,,,,,,,,,,,,,,,,,,,,,,,,,1482.8032,1483.303,,,,,,,,,,,,,,,,,,,,,,,,,,,,,,,stimuli_car/Slide25.jpg,stimuli_car/Slide28.jpg,2,1477.6409,1482.8032,2,1,5.1348,,0,0,0,0,1,,,,,,,,,,,,,,,,,,,,,,,,,,,,,,,,,,,,,,,,,,,,,,,,,
,,,2025-08-11_11h46.30.436,CFMT_CCMT_Face_recognition,03.02.2023,MacIntel,59.88023952,56b78f11e77ebe000cbefe79,6899c7d7c4c961a016830ad3,6899c92d8ea81c78b3434de6,,,,,,,,,,,,,,,,,,,,,,,,,,,,,,,,,,,,,,,,,,,,,,,,,,,,,,,,,,,,,,,,,,,,,,,,,,,,,,,,,,,,,,,,,,,,,,,,1486.6365,1487.1356,,,,,,,,,,,,,,,,,,,,,,,,,,,,,,,stimuli_car/Slide26.jpg,stimuli_car/Slide29.jpg,1,1483.3035,1486.6365,1,1,3.3039,,0,1,1,1,1,,,,,,,,,,,,,,,,,,,,,,,,,,,,,,,,,,,,,,,,,,,,,,,,,
,,,2025-08-11_11h46.30.436,CFMT_CCMT_Face_recognition,03.02.2023,MacIntel,59.88023952,56b78f11e77ebe000cbefe79,6899c7d7c4c961a016830ad3,6899c92d8ea81c78b3434de6,,,,,,,,,,,,,,,,,,,,,,,,,,,,,,,,,,,,,,,,,,,,,,,,,,,,,,,,,,,,,,,,,,,,,,,,,,,,,,,,,,,,,,,,,,,,,,,,1490.1534,1490.6521,,,,,,,,,,,,,,,,,,,,,,,,,,,,,,,stimuli_car/Slide27.jpg,stimuli_car/Slide30.jpg,3,1487.1361,1490.1532,3,1,2.9871,,0,2,2,2,1,,,,,,,,,,,,,,,,,,,,,,,,,,,,,,,,,,,,,,,,,,,,,,,,,
,,,2025-08-11_11h46.30.436,CFMT_CCMT_Face_recognition,03.02.2023,MacIntel,59.88023952,56b78f11e77ebe000cbefe79,6899c7d7c4c961a016830ad3,6899c92d8ea81c78b3434de6,,,,,,,,,,,,,,,,,,,,,,,,,,,,,,,,,,,,,,,,,,,,,,,,,,,,,,,,,,,,,,,,,,,,,,,,,,,,,,,,,,,,,,,,,,,,,,,,1495.5688,1496.0696,,,,,,,,,,,,,,,,,,,,,,1490.6526,1492.0697,1492.5698,1495.5688,0,0,0,0,1,stimuli_car/Slide31.jpg,stimuli_car/Slide34.jpg,1,,,,,,,,,,,,,,,,,,,,,,,,,,,,,,,,,,,,,,,,,,,,,,,,,,,,,,,,,,,,
,,,2025-08-11_11h46.30.436,CFMT_CCMT_Face_recognition,03.02.2023,MacIntel,59.88023952,56b78f11e77ebe000cbefe79,6899c7d7c4c961a016830ad3,6899c92d8ea81c78b3434de6,,,,,,,,,,,,,,,,,,,,,,,,,,,,,,,,,,,,,,,,,,,,,,,,,,,,,,,,,,,,,,,,,,,,,,,,,,,,,,,,,,,,,,,,,,,,,,,,1499.5691,1500.0691,,,,,,,,,,,,,,,,,,,,,,,,1496.5699,1499.569,0,1,1,1,1,stimuli_car/Slide32.jpg,stimuli_car/Slide35.jpg,2,,,,,,,,,,,,,,,,,,,,,,,,,,,,,,,,,,,,,,,,,,,,,,,,,,,,,,,,,,,,
,,,2025-08-11_11h46.30.436,CFMT_CCMT_Face_recognition,03.02.2023,MacIntel,59.88023952,56b78f11e77ebe000cbefe79,6899c7d7c4c961a016830ad3,6899c92d8ea81c78b3434de6,,,,,,,,,,,,,,,,,,,,,,,,,,,,,,,,,,,,,,,,,,,,,,,,,,,,,,,,,,,,,,,,,,,,,,,,,,,,,,,,,,,,,,,,,,,,,,,,1503.5698,1504.0701,,,,,,,,,,,,,,,,,,,,,,,,1500.5699,1503.5697,0,2,2,2,1,stimuli_car/Slide33.jpg,stimuli_car/Slide36.jpg,3,,,,,,,,,,,,,,,,,,,,,,,,,,,,,,,,,,,,,,,,,,,,,,,,,,,,,,,,,,,,
,,,2025-08-11_11h46.30.436,CFMT_CCMT_Face_recognition,03.02.2023,MacIntel,59.88023952,56b78f11e77ebe000cbefe79,6899c7d7c4c961a016830ad3,6899c92d8ea81c78b3434de6,,,,,,,,,,,,,,,,,,,,,,,,,,,,,,,,,,,,,,,,,,,,,,,,,,,,,,,,,,,,,,,,,,,,,,,,,,,,,,,,,,,,,,,,,,,,,,,,1511.7528,1512.2531,,,,,,,,,,,,,,,,,,,,,,,,,,,,,,,stimuli_car/Slide31.jpg,stimuli_car/Slide34.jpg,1,1504.0758,1511.7524,3,0,7.6572,,0,0,0,0,1,,,,,,,,,,,,,,,,,,,,,,,,,,,,,,,,,,,,,,,,,,,,,,,,,
,,,2025-08-11_11h46.30.436,CFMT_CCMT_Face_recognition,03.02.2023,MacIntel,59.88023952,56b78f11e77ebe000cbefe79,6899c7d7c4c961a016830ad3,6899c92d8ea81c78b3434de6,,,,,,,,,,,,,,,,,,,,,,,,,,,,,,,,,,,,,,,,,,,,,,,,,,,,,,,,,,,,,,,,,,,,,,,,,,,,,,,,,,,,,,,,,,,,,,,,1519.5191,1520.0198,,,,,,,,,,,,,,,,,,,,,,,,,,,,,,,stimuli_car/Slide32.jpg,stimuli_car/Slide35.jpg,2,1512.2541,1519.5189,1,0,7.2415,,0,1,1,1,1,,,,,,,,,,,,,,,,,,,,,,,,,,,,,,,,,,,,,,,,,,,,,,,,,
,,,2025-08-11_11h46.30.436,CFMT_CCMT_Face_recognition,03.02.2023,MacIntel,59.88023952,56b78f11e77ebe000cbefe79,6899c7d7c4c961a016830ad3,6899c92d8ea81c78b3434de6,,,,,,,,,,,,,,,,,,,,,,,,,,,,,,,,,,,,,,,,,,,,,,,,,,,,,,,,,,,,,,,,,,,,,,,,,,,,,,,,,,,,,,,,,,,,,,,,1525.8186,1526.3197,,,,,,,,,,,,,,,,,,,,,,,,,,,,,,,stimuli_car/Slide33.jpg,stimuli_car/Slide36.jpg,3,1520.0214,1525.8184,3,1,5.7699,,0,2,2,2,1,,,,,,,,,,,,,,,,,,,,,,,,,,,,,,,,,,,,,,,,,,,,,,,,,
,,,2025-08-11_11h46.30.436,CFMT_CCMT_Face_recognition,03.02.2023,MacIntel,59.88023952,56b78f11e77ebe000cbefe79,6899c7d7c4c961a016830ad3,6899c92d8ea81c78b3434de6,,,,,,,,,,,,,,,,,,,,,,,,,,,,,,,,,,,,,,,,,,,,,,,,,,,,,,,,,,,,,,,,,,,,,,,,,,,,,,,,,,,,,,,,,,,,,,,,1559.1363,1559.6363,,,,,,,,,,,,,,,,,,,,,,,,,,,,,,,,,,,,,,,,,,,,,1526.3201,1528.1184,1528.6197,1548.6197,1549.1192,1553.4032,1553.9091,1553.9107,1553.9107,1553.9107,1553.9145,1559.1362,2,1,5.1992,,0,0,0,0,1,stimuli_car/Slide38.jpg,2,,,,,,,,,,,,,,,,,,,,,,,,,,
,,,2025-08-11_11h46.30.436,CFMT_CCMT_Face_recognition,03.02.2023,MacIntel,59.88023952,56b78f11e77ebe000cbefe79,6899c7d7c4c961a016830ad3,6899c92d8ea81c78b3434de6,,,,,,,,,,,,,,,,,,,,,,,,,,,,,,,,,,,,,,,,,,,,,,,,,,,,,,,,,,,,,,,,,,,,,,,,,,,,,,,,,,,,,,,,,,,,,,,,1563.2028,1563.7028,,,,,,,,,,,,,,,,,,,,,,,,,,,,,,,,,,,,,,,,,,,,,,,,,,,,,,,1559.637,1563.2027,2,0,3.5506,,0,1,1,1,1,stimuli_car/Slide39.jpg,1,,,,,,,,,,,,,,,,,,,,,,,,,,
,,,2025-08-11_11h46.30.436,CFMT_CCMT_Face_recognition,03.02.2023,MacIntel,59.88023952,56b78f11e77ebe000cbefe79,6899c7d7c4c961a016830ad3,6899c92d8ea81c78b3434de6,,,,,,,,,,,,,,,,,,,,,,,,,,,,,,,,,,,,,,,,,,,,,,,,,,,,,,,,,,,,,,,,,,,,,,,,,,,,,,,,,,,,,,,,,,,,,,,,1569.2359,1569.7362,,,,,,,,,,,,,,,,,,,,,,,,,,,,,,,,,,,,,,,,,,,,,,,,,,,,,,,1563.7035,1569.2359,3,0,5.5062,,0,2,2,2,1,stimuli_car/Slide40.jpg,1,,,,,,,,,,,,,,,,,,,,,,,,,,
,,,2025-08-11_11h46.30.436,CFMT_CCMT_Face_recognition,03.02.2023,MacIntel,59.88023952,56b78f11e77ebe000cbefe79,6899c7d7c4c961a016830ad3,6899c92d8ea81c78b3434de6,,,,,,,,,,,,,,,,,,,,,,,,,,,,,,,,,,,,,,,,,,,,,,,,,,,,,,,,,,,,,,,,,,,,,,,,,,,,,,,,,,,,,,,,,,,,,,,,1573.0858,1573.5861,,,,,,,,,,,,,,,,,,,,,,,,,,,,,,,,,,,,,,,,,,,,,,,,,,,,,,,1569.7369,1573.0858,2,0,3.3298,,0,3,3,3,1,stimuli_car/Slide41.jpg,3,,,,,,,,,,,,,,,,,,,,,,,,,,
,,,2025-08-11_11h46.30.436,CFMT_CCMT_Face_recognition,03.02.2023,MacIntel,59.88023952,56b78f11e77ebe000cbefe79,6899c7d7c4c961a016830ad3,6899c92d8ea81c78b3434de6,,,,,,,,,,,,,,,,,,,,,,,,,,,,,,,,,,,,,,,,,,,,,,,,,,,,,,,,,,,,,,,,,,,,,,,,,,,,,,,,,,,,,,,,,,,,,,,,1578.4197,1578.9196,,,,,,,,,,,,,,,,,,,,,,,,,,,,,,,,,,,,,,,,,,,,,,,,,,,,,,,1573.5866,1578.4196,2,1,4.806,,0,4,4,4,1,stimuli_car/Slide42.jpg,2,,,,,,,,,,,,,,,,,,,,,,,,,,
,,,2025-08-11_11h46.30.436,CFMT_CCMT_Face_recognition,03.02.2023,MacIntel,59.88023952,56b78f11e77ebe000cbefe79,6899c7d7c4c961a016830ad3,6899c92d8ea81c78b3434de6,,,,,,,,,,,,,,,,,,,,,,,,,,,,,,,,,,,,,,,,,,,,,,,,,,,,,,,,,,,,,,,,,,,,,,,,,,,,,,,,,,,,,,,,,,,,,,,,1581.0196,1581.5195,,,,,,,,,,,,,,,,,,,,,,,,,,,,,,,,,,,,,,,,,,,,,,,,,,,,,,,1578.9202,1581.0195,3,0,2.0767,,0,5,5,5,1,stimuli_car/Slide43.jpg,1,,,,,,,,,,,,,,,,,,,,,,,,,,
,,,2025-08-11_11h46.30.436,CFMT_CCMT_Face_recognition,03.02.2023,MacIntel,59.88023952,56b78f11e77ebe000cbefe79,6899c7d7c4c961a016830ad3,6899c92d8ea81c78b3434de6,,,,,,,,,,,,,,,,,,,,,,,,,,,,,,,,,,,,,,,,,,,,,,,,,,,,,,,,,,,,,,,,,,,,,,,,,,,,,,,,,,,,,,,,,,,,,,,,1583.5531,1584.0528,,,,,,,,,,,,,,,,,,,,,,,,,,,,,,,,,,,,,,,,,,,,,,,,,,,,,,,1581.5201,1583.5529,1,0,2.0056,,0,6,6,6,1,stimuli_car/Slide44.jpg,3,,,,,,,,,,,,,,,,,,,,,,,,,,
,,,2025-08-11_11h46.30.436,CFMT_CCMT_Face_recognition,03.02.2023,MacIntel,59.88023952,56b78f11e77ebe000cbefe79,6899c7d7c4c961a016830ad3,6899c92d8ea81c78b3434de6,,,,,,,,,,,,,,,,,,,,,,,,,,,,,,,,,,,,,,,,,,,,,,,,,,,,,,,,,,,,,,,,,,,,,,,,,,,,,,,,,,,,,,,,,,,,,,,,1586.1191,1586.6194,,,,,,,,,,,,,,,,,,,,,,,,,,,,,,,,,,,,,,,,,,,,,,,,,,,,,,,1584.0534,1586.1191,1,1,2.0493,,0,7,7,7,1,stimuli_car/Slide45.jpg,1,,,,,,,,,,,,,,,,,,,,,,,,,,
,,,2025-08-11_11h46.30.436,CFMT_CCMT_Face_recognition,03.02.2023,MacIntel,59.88023952,56b78f11e77ebe000cbefe79,6899c7d7c4c961a016830ad3,6899c92d8ea81c78b3434de6,,,,,,,,,,,,,,,,,,,,,,,,,,,,,,,,,,,,,,,,,,,,,,,,,,,,,,,,,,,,,,,,,,,,,,,,,,,,,,,,,,,,,,,,,,,,,,,,1589.5194,1590.0195,,,,,,,,,,,,,,,,,,,,,,,,,,,,,,,,,,,,,,,,,,,,,,,,,,,,,,,1586.62,1589.5194,2,0,2.872,,0,8,8,8,1,stimuli_car/Slide46.jpg,1,,,,,,,,,,,,,,,,,,,,,,,,,,
,,,2025-08-11_11h46.30.436,CFMT_CCMT_Face_recognition,03.02.2023,MacIntel,59.88023952,56b78f11e77ebe000cbefe79,6899c7d7c4c961a016830ad3,6899c92d8ea81c78b3434de6,,,,,,,,,,,,,,,,,,,,,,,,,,,,,,,,,,,,,,,,,,,,,,,,,,,,,,,,,,,,,,,,,,,,,,,,,,,,,,,,,,,,,,,,,,,,,,,,1593.2696,1593.7698,,,,,,,,,,,,,,,,,,,,,,,,,,,,,,,,,,,,,,,,,,,,,,,,,,,,,,,1590.0201,1593.2695,2,0,3.2236,,0,9,9,9,1,stimuli_car/Slide47.jpg,3,,,,,,,,,,,,,,,,,,,,,,,,,,
,,,2025-08-11_11h46.30.436,CFMT_CCMT_Face_recognition,03.02.2023,MacIntel,59.88023952,56b78f11e77ebe000cbefe79,6899c7d7c4c961a016830ad3,6899c92d8ea81c78b3434de6,,,,,,,,,,,,,,,,,,,,,,,,,,,,,,,,,,,,,,,,,,,,,,,,,,,,,,,,,,,,,,,,,,,,,,,,,,,,,,,,,,,,,,,,,,,,,,,,1595.9364,1596.4363,,,,,,,,,,,,,,,,,,,,,,,,,,,,,,,,,,,,,,,,,,,,,,,,,,,,,,,1593.7704,1595.9363,1,0,2.1393,,0,10,10,10,1,stimuli_car/Slide48.jpg,3,,,,,,,,,,,,,,,,,,,,,,,,,,
,,,2025-08-11_11h46.30.436,CFMT_CCMT_Face_recognition,03.02.2023,MacIntel,59.88023952,56b78f11e77ebe000cbefe79,6899c7d7c4c961a016830ad3,6899c92d8ea81c78b3434de6,,,,,,,,,,,,,,,,,,,,,,,,,,,,,,,,,,,,,,,,,,,,,,,,,,,,,,,,,,,,,,,,,,,,,,,,,,,,,,,,,,,,,,,,,,,,,,,,1600.0692,1600.5693,,,,,,,,,,,,,,,,,,,,,,,,,,,,,,,,,,,,,,,,,,,,,,,,,,,,,,,1596.4369,1600.0691,3,1,3.6156,,0,11,11,11,1,stimuli_car/Slide49.jpg,3,,,,,,,,,,,,,,,,,,,,,,,,,,
,,,2025-08-11_11h46.30.436,CFMT_CCMT_Face_recognition,03.02.2023,MacIntel,59.88023952,56b78f11e77ebe000cbefe79,6899c7d7c4c961a016830ad3,6899c92d8ea81c78b3434de6,,,,,,,,,,,,,,,,,,,,,,,,,,,,,,,,,,,,,,,,,,,,,,,,,,,,,,,,,,,,,,,,,,,,,,,,,,,,,,,,,,,,,,,,,,,,,,,,1603.7365,1604.2351,,,,,,,,,,,,,,,,,,,,,,,,,,,,,,,,,,,,,,,,,,,,,,,,,,,,,,,1600.57,1603.7363,2,1,3.139,,0,12,12,12,1,stimuli_car/Slide50.jpg,2,,,,,,,,,,,,,,,,,,,,,,,,,,
,,,2025-08-11_11h46.30.436,CFMT_CCMT_Face_recognition,03.02.2023,MacIntel,59.88023952,56b78f11e77ebe000cbefe79,6899c7d7c4c961a016830ad3,6899c92d8ea81c78b3434de6,,,,,,,,,,,,,,,,,,,,,,,,,,,,,,,,,,,,,,,,,,,,,,,,,,,,,,,,,,,,,,,,,,,,,,,,,,,,,,,,,,,,,,,,,,,,,,,,1605.6695,1606.1694,,,,,,,,,,,,,,,,,,,,,,,,,,,,,,,,,,,,,,,,,,,,,,,,,,,,,,,1604.2357,1605.6695,1,0,1.4062,,0,13,13,13,1,stimuli_car/Slide51.jpg,2,,,,,,,,,,,,,,,,,,,,,,,,,,
,,,2025-08-11_11h46.30.436,CFMT_CCMT_Face_recognition,03.02.2023,MacIntel,59.88023952,56b78f11e77ebe000cbefe79,6899c7d7c4c961a016830ad3,6899c92d8ea81c78b3434de6,,,,,,,,,,,,,,,,,,,,,,,,,,,,,,,,,,,,,,,,,,,,,,,,,,,,,,,,,,,,,,,,,,,,,,,,,,,,,,,,,,,,,,,,,,,,,,,,1609.1685,1609.6693,,,,,,,,,,,,,,,,,,,,,,,,,,,,,,,,,,,,,,,,,,,,,,,,,,,,,,,1606.17,1609.1685,2,0,2.9722,,0,14,14,14,1,stimuli_car/Slide52.jpg,3,,,,,,,,,,,,,,,,,,,,,,,,,,
,,,2025-08-11_11h46.30.436,CFMT_CCMT_Face_recognition,03.02.2023,MacIntel,59.88023952,56b78f11e77ebe000cbefe79,6899c7d7c4c961a016830ad3,6899c92d8ea81c78b3434de6,,,,,,,,,,,,,,,,,,,,,,,,,,,,,,,,,,,,,,,,,,,,,,,,,,,,,,,,,,,,,,,,,,,,,,,,,,,,,,,,,,,,,,,,,,,,,,,,1612.7861,1613.2862,,,,,,,,,,,,,,,,,,,,,,,,,,,,,,,,,,,,,,,,,,,,,,,,,,,,,,,1609.67,1612.786,2,1,3.0906,,0,15,15,15,1,stimuli_car/Slide53.jpg,2,,,,,,,,,,,,,,,,,,,,,,,,,,
,,,2025-08-11_11h46.30.436,CFMT_CCMT_Face_recognition,03.02.2023,MacIntel,59.88023952,56b78f11e77ebe000cbefe79,6899c7d7c4c961a016830ad3,6899c92d8ea81c78b3434de6,,,,,,,,,,,,,,,,,,,,,,,,,,,,,,,,,,,,,,,,,,,,,,,,,,,,,,,,,,,,,,,,,,,,,,,,,,,,,,,,,,,,,,,,,,,,,,,,1619.3029,1619.8028,,,,,,,,,,,,,,,,,,,,,,,,,,,,,,,,,,,,,,,,,,,,,,,,,,,,,,,1613.2866,1619.3027,1,1,5.9942,,0,16,16,16,1,stimuli_car/Slide54.jpg,1,,,,,,,,,,,,,,,,,,,,,,,,,,
,,,2025-08-11_11h46.30.436,CFMT_CCMT_Face_recognition,03.02.2023,MacIntel,59.88023952,56b78f11e77ebe000cbefe79,6899c7d7c4c961a016830ad3,6899c92d8ea81c78b3434de6,,,,,,,,,,,,,,,,,,,,,,,,,,,,,,,,,,,,,,,,,,,,,,,,,,,,,,,,,,,,,,,,,,,,,,,,,,,,,,,,,,,,,,,,,,,,,,,,1622.4362,1622.935,,,,,,,,,,,,,,,,,,,,,,,,,,,,,,,,,,,,,,,,,,,,,,,,,,,,,,,1619.8035,1622.4361,2,0,2.617,,0,17,17,17,1,stimuli_car/Slide55.jpg,1,,,,,,,,,,,,,,,,,,,,,,,,,,
,,,2025-08-11_11h46.30.436,CFMT_CCMT_Face_recognition,03.02.2023,MacIntel,59.88023952,56b78f11e77ebe000cbefe79,6899c7d7c4c961a016830ad3,6899c92d8ea81c78b3434de6,,,,,,,,,,,,,,,,,,,,,,,,,,,,,,,,,,,,,,,,,,,,,,,,,,,,,,,,,,,,,,,,,,,,,,,,,,,,,,,,,,,,,,,,,,,,,,,,1624.4201,1624.9194,,,,,,,,,,,,,,,,,,,,,,,,,,,,,,,,,,,,,,,,,,,,,,,,,,,,,,,1622.9355,1624.42,2,1,1.4686,,0,18,18,18,1,stimuli_car/Slide56.jpg,2,,,,,,,,,,,,,,,,,,,,,,,,,,
,,,2025-08-11_11h46.30.436,CFMT_CCMT_Face_recognition,03.02.2023,MacIntel,59.88023952,56b78f11e77ebe000cbefe79,6899c7d7c4c961a016830ad3,6899c92d8ea81c78b3434de6,,,,,,,,,,,,,,,,,,,,,,,,,,,,,,,,,,,,,,,,,,,,,,,,,,,,,,,,,,,,,,,,,,,,,,,,,,,,,,,,,,,,,,,,,,,,,,,,1629.6861,1630.1855,,,,,,,,,,,,,,,,,,,,,,,,,,,,,,,,,,,,,,,,,,,,,,,,,,,,,,,1624.9201,1629.686,3,0,4.7396,,0,19,19,19,1,stimuli_car/Slide57.jpg,1,,,,,,,,,,,,,,,,,,,,,,,,,,
,,,2025-08-11_11h46.30.436,CFMT_CCMT_Face_recognition,03.02.2023,MacIntel,59.88023952,56b78f11e77ebe000cbefe79,6899c7d7c4c961a016830ad3,6899c92d8ea81c78b3434de6,,,,,,,,,,,,,,,,,,,,,,,,,,,,,,,,,,,,,,,,,,,,,,,,,,,,,,,,,,,,,,,,,,,,,,,,,,,,,,,,,,,,,,,,,,,,,,,,1636.1357,1636.6359,,,,,,,,,,,,,,,,,,,,,,,,,,,,,,,,,,,,,,,,,,,,,,,,,,,,,,,1630.1859,1636.1356,1,1,5.9381,,0,20,20,20,1,stimuli_car/Slide58.jpg,1,,,,,,,,,,,,,,,,,,,,,,,,,,
,,,2025-08-11_11h46.30.436,CFMT_CCMT_Face_recognition,03.02.2023,MacIntel,59.88023952,56b78f11e77ebe000cbefe79,6899c7d7c4c961a016830ad3,6899c92d8ea81c78b3434de6,,,,,,,,,,,,,,,,,,,,,,,,,,,,,,,,,,,,,,,,,,,,,,,,,,,,,,,,,,,,,,,,,,,,,,,,,,,,,,,,,,,,,,,,,,,,,,,,1643.7028,1644.2027,,,,,,,,,,,,,,,,,,,,,,,,,,,,,,,,,,,,,,,,,,,,,,,,,,,,,,,1636.6364,1643.7027,1,1,7.0414,,0,21,21,21,1,stimuli_car/Slide59.jpg,1,,,,,,,,,,,,,,,,,,,,,,,,,,
,,,2025-08-11_11h46.30.436,CFMT_CCMT_Face_recognition,03.02.2023,MacIntel,59.88023952,56b78f11e77ebe000cbefe79,6899c7d7c4c961a016830ad3,6899c92d8ea81c78b3434de6,,,,,,,,,,,,,,,,,,,,,,,,,,,,,,,,,,,,,,,,,,,,,,,,,,,,,,,,,,,,,,,,,,,,,,,,,,,,,,,,,,,,,,,,,,,,,,,,1647.1527,1647.6527,,,,,,,,,,,,,,,,,,,,,,,,,,,,,,,,,,,,,,,,,,,,,,,,,,,,,,,1644.2033,1647.1526,3,1,2.9251,,0,22,22,22,1,stimuli_car/Slide60.jpg,3,,,,,,,,,,,,,,,,,,,,,,,,,,
,,,2025-08-11_11h46.30.436,CFMT_CCMT_Face_recognition,03.02.2023,MacIntel,59.88023952,56b78f11e77ebe000cbefe79,6899c7d7c4c961a016830ad3,6899c92d8ea81c78b3434de6,,,,,,,,,,,,,,,,,,,,,,,,,,,,,,,,,,,,,,,,,,,,,,,,,,,,,,,,,,,,,,,,,,,,,,,,,,,,,,,,,,,,,,,,,,,,,,,,1654.5862,1655.0856,,,,,,,,,,,,,,,,,,,,,,,,,,,,,,,,,,,,,,,,,,,,,,,,,,,,,,,1647.6533,1654.5861,3,0,6.9053,,0,23,23,23,1,stimuli_car/Slide61.jpg,2,,,,,,,,,,,,,,,,,,,,,,,,,,
,,,2025-08-11_11h46.30.436,CFMT_CCMT_Face_recognition,03.02.2023,MacIntel,59.88023952,56b78f11e77ebe000cbefe79,6899c7d7c4c961a016830ad3,6899c92d8ea81c78b3434de6,,,,,,,,,,,,,,,,,,,,,,,,,,,,,,,,,,,,,,,,,,,,,,,,,,,,,,,,,,,,,,,,,,,,,,,,,,,,,,,,,,,,,,,,,,,,,,,,1657.8027,1658.3027,,,,,,,,,,,,,,,,,,,,,,,,,,,,,,,,,,,,,,,,,,,,,,,,,,,,,,,1655.0859,1657.8026,2,1,2.6957,,0,24,24,24,1,stimuli_car/Slide62.jpg,2,,,,,,,,,,,,,,,,,,,,,,,,,,
,,,2025-08-11_11h46.30.436,CFMT_CCMT_Face_recognition,03.02.2023,MacIntel,59.88023952,56b78f11e77ebe000cbefe79,6899c7d7c4c961a016830ad3,6899c92d8ea81c78b3434de6,,,,,,,,,,,,,,,,,,,,,,,,,,,,,,,,,,,,,,,,,,,,,,,,,,,,,,,,,,,,,,,,,,,,,,,,,,,,,,,,,,,,,,,,,,,,,,,,1664.0856,1664.5859,,,,,,,,,,,,,,,,,,,,,,,,,,,,,,,,,,,,,,,,,,,,,,,,,,,,,,,1658.3033,1664.0855,3,1,5.7539,,0,25,25,25,1,stimuli_car/Slide63.jpg,3,,,,,,,,,,,,,,,,,,,,,,,,,,
,,,2025-08-11_11h46.30.436,CFMT_CCMT_Face_recognition,03.02.2023,MacIntel,59.88023952,56b78f11e77ebe000cbefe79,6899c7d7c4c961a016830ad3,6899c92d8ea81c78b3434de6,,,,,,,,,,,,,,,,,,,,,,,,,,,,,,,,,,,,,,,,,,,,,,,,,,,,,,,,,,,,,,,,,,,,,,,,,,,,,,,,,,,,,,,,,,,,,,,,1669.1526,1669.6517,,,,,,,,,,,,,,,,,,,,,,,,,,,,,,,,,,,,,,,,,,,,,,,,,,,,,,,1664.5866,1669.1525,1,0,4.5407,,0,26,26,26,1,stimuli_car/Slide64.jpg,2,,,,,,,,,,,,,,,,,,,,,,,,,,
,,,2025-08-11_11h46.30.436,CFMT_CCMT_Face_recognition,03.02.2023,MacIntel,59.88023952,56b78f11e77ebe000cbefe79,6899c7d7c4c961a016830ad3,6899c92d8ea81c78b3434de6,,,,,,,,,,,,,,,,,,,,,,,,,,,,,,,,,,,,,,,,,,,,,,,,,,,,,,,,,,,,,,,,,,,,,,,,,,,,,,,,,,,,,,,,,,,,,,,,1673.4359,1673.936,,,,,,,,,,,,,,,,,,,,,,,,,,,,,,,,,,,,,,,,,,,,,,,,,,,,,,,1669.6523,1673.4359,2,1,3.7602,,0,27,27,27,1,stimuli_car/Slide65.jpg,2,,,,,,,,,,,,,,,,,,,,,,,,,,
,,,2025-08-11_11h46.30.436,CFMT_CCMT_Face_recognition,03.02.2023,MacIntel,59.88023952,56b78f11e77ebe000cbefe79,6899c7d7c4c961a016830ad3,6899c92d8ea81c78b3434de6,,,,,,,,,,,,,,,,,,,,,,,,,,,,,,,,,,,,,,,,,,,,,,,,,,,,,,,,,,,,,,,,,,,,,,,,,,,,,,,,,,,,,,,,,,,,,,,,1675.2692,1675.7692,,,,,,,,,,,,,,,,,,,,,,,,,,,,,,,,,,,,,,,,,,,,,,,,,,,,,,,1673.9366,1675.2692,3,0,1.3107,,0,28,28,28,1,stimuli_car/Slide66.jpg,1,,,,,,,,,,,,,,,,,,,,,,,,,,
,,,2025-08-11_11h46.30.436,CFMT_CCMT_Face_recognition,03.02.2023,MacIntel,59.88023952,56b78f11e77ebe000cbefe79,6899c7d7c4c961a016830ad3,6899c92d8ea81c78b3434de6,,,,,,,,,,,,,,,,,,,,,,,,,,,,,,,,,,,,,,,,,,,,,,,,,,,,,,,,,,,,,,,,,,,,,,,,,,,,,,,,,,,,,,,,,,,,,,,,1679.485,1679.9861,,,,,,,,,,,,,,,,,,,,,,,,,,,,,,,,,,,,,,,,,,,,,,,,,,,,,,,1675.7696,1679.4848,1,1,3.6889,,0,29,29,29,1,stimuli_car/Slide67.jpg,1,,,,,,,,,,,,,,,,,,,,,,,,,,
,,,2025-08-11_11h46.30.436,CFMT_CCMT_Face_recognition,03.02.2023,MacIntel,59.88023952,56b78f11e77ebe000cbefe79,6899c7d7c4c961a016830ad3,6899c92d8ea81c78b3434de6,,,,,,,,,,,,,,,,,,,,,,,,,,,,,,,,,,,,,,,,,,,,,,,,,,,,,,,,,,,,,,,,,,,,,,,,,,,,,,,,,,,,,,,,,,,,,,,,1703.3188,1703.8193,,,,,,,,,,,,,,,,,,,,,,,,,,,,,,,,,,,,,,,,,,,,,,,,,,,1679.987,1699.9858,1699.9863,1700.4858,1700.5042,1703.3188,1,0,2.7893,,0,0,0,0,1,stimuli_car/Slide69.jpg,2,,,,,,,,,,,,,,,,,,,,,,,,,,
,,,2025-08-11_11h46.30.436,CFMT_CCMT_Face_recognition,03.02.2023,MacIntel,59.88023952,56b78f11e77ebe000cbefe79,6899c7d7c4c961a016830ad3,6899c92d8ea81c78b3434de6,,,,,,,,,,,,,,,,,,,,,,,,,,,,,,,,,,,,,,,,,,,,,,,,,,,,,,,,,,,,,,,,,,,,,,,,,,,,,,,,,,,,,,,,,,,,,,,,1708.886,1709.3854,,,,,,,,,,,,,,,,,,,,,,,,,,,,,,,,,,,,,,,,,,,,,,,,,,,,,,,1703.8199,1708.8859,3,1,5.0332,,0,1,1,1,1,stimuli_car/Slide70.jpg,3,,,,,,,,,,,,,,,,,,,,,,,,,,
,,,2025-08-11_11h46.30.436,CFMT_CCMT_Face_recognition,03.02.2023,MacIntel,59.88023952,56b78f11e77ebe000cbefe79,6899c7d7c4c961a016830ad3,6899c92d8ea81c78b3434de6,,,,,,,,,,,,,,,,,,,,,,,,,,,,,,,,,,,,,,,,,,,,,,,,,,,,,,,,,,,,,,,,,,,,,,,,,,,,,,,,,,,,,,,,,,,,,,,,1711.9016,1712.4025,,,,,,,,,,,,,,,,,,,,,,,,,,,,,,,,,,,,,,,,,,,,,,,,,,,,,,,1709.3857,1711.9015,3,1,2.4867,,0,2,2,2,1,stimuli_car/Slide71.jpg,3,,,,,,,,,,,,,,,,,,,,,,,,,,
,,,2025-08-11_11h46.30.436,CFMT_CCMT_Face_recognition,03.02.2023,MacIntel,59.88023952,56b78f11e77ebe000cbefe79,6899c7d7c4c961a016830ad3,6899c92d8ea81c78b3434de6,,,,,,,,,,,,,,,,,,,,,,,,,,,,,,,,,,,,,,,,,,,,,,,,,,,,,,,,,,,,,,,,,,,,,,,,,,,,,,,,,,,,,,,,,,,,,,,,1714.6348,1715.1349,,,,,,,,,,,,,,,,,,,,,,,,,,,,,,,,,,,,,,,,,,,,,,,,,,,,,,,1712.403,1714.6347,1,1,2.1989,,0,3,3,3,1,stimuli_car/Slide72.jpg,1,,,,,,,,,,,,,,,,,,,,,,,,,,
,,,2025-08-11_11h46.30.436,CFMT_CCMT_Face_recognition,03.02.2023,MacIntel,59.88023952,56b78f11e77ebe000cbefe79,6899c7d7c4c961a016830ad3,6899c92d8ea81c78b3434de6,,,,,,,,,,,,,,,,,,,,,,,,,,,,,,,,,,,,,,,,,,,,,,,,,,,,,,,,,,,,,,,,,,,,,,,,,,,,,,,,,,,,,,,,,,,,,,,,1716.8193,1717.319,,,,,,,,,,,,,,,,,,,,,,,,,,,,,,,,,,,,,,,,,,,,,,,,,,,,,,,1715.1355,1716.8193,2,1,1.6498,,0,4,4,4,1,stimuli_car/Slide73.jpg,2,,,,,,,,,,,,,,,,,,,,,,,,,,
,,,2025-08-11_11h46.30.436,CFMT_CCMT_Face_recognition,03.02.2023,MacIntel,59.88023952,56b78f11e77ebe000cbefe79,6899c7d7c4c961a016830ad3,6899c92d8ea81c78b3434de6,,,,,,,,,,,,,,,,,,,,,,,,,,,,,,,,,,,,,,,,,,,,,,,,,,,,,,,,,,,,,,,,,,,,,,,,,,,,,,,,,,,,,,,,,,,,,,,,1718.8186,1719.3187,,,,,,,,,,,,,,,,,,,,,,,,,,,,,,,,,,,,,,,,,,,,,,,,,,,,,,,1717.3197,1718.8185,2,1,1.464,,0,5,5,5,1,stimuli_car/Slide74.jpg,2,,,,,,,,,,,,,,,,,,,,,,,,,,
,,,2025-08-11_11h46.30.436,CFMT_CCMT_Face_recognition,03.02.2023,MacIntel,59.88023952,56b78f11e77ebe000cbefe79,6899c7d7c4c961a016830ad3,6899c92d8ea81c78b3434de6,,,,,,,,,,,,,,,,,,,,,,,,,,,,,,,,,,,,,,,,,,,,,,,,,,,,,,,,,,,,,,,,,,,,,,,,,,,,,,,,,,,,,,,,,,,,,,,,1721.0026,1721.5015,,,,,,,,,,,,,,,,,,,,,,,,,,,,,,,,,,,,,,,,,,,,,,,,,,,,,,,1719.3188,1721.0025,1,1,1.6629,,0,6,6,6,1,stimuli_car/Slide75.jpg,1,,,,,,,,,,,,,,,,,,,,,,,,,,
,,,2025-08-11_11h46.30.436,CFMT_CCMT_Face_recognition,03.02.2023,MacIntel,59.88023952,56b78f11e77ebe000cbefe79,6899c7d7c4c961a016830ad3,6899c92d8ea81c78b3434de6,,,,,,,,,,,,,,,,,,,,,,,,,,,,,,,,,,,,,,,,,,,,,,,,,,,,,,,,,,,,,,,,,,,,,,,,,,,,,,,,,,,,,,,,,,,,,,,,1723.386,1723.8858,,,,,,,,,,,,,,,,,,,,,,,,,,,,,,,,,,,,,,,,,,,,,,,,,,,,,,,1721.5021,1723.3858,1,1,1.8516,,0,7,7,7,1,stimuli_car/Slide76.jpg,1,,,,,,,,,,,,,,,,,,,,,,,,,,
,,,2025-08-11_11h46.30.436,CFMT_CCMT_Face_recognition,03.02.2023,MacIntel,59.88023952,56b78f11e77ebe000cbefe79,6899c7d7c4c961a016830ad3,6899c92d8ea81c78b3434de6,,,,,,,,,,,,,,,,,,,,,,,,,,,,,,,,,,,,,,,,,,,,,,,,,,,,,,,,,,,,,,,,,,,,,,,,,,,,,,,,,,,,,,,,,,,,,,,,1725.4192,1725.9192,,,,,,,,,,,,,,,,,,,,,,,,,,,,,,,,,,,,,,,,,,,,,,,,,,,,,,,1723.8864,1725.4191,1,0,1.4938,,0,8,8,8,1,stimuli_car/Slide77.jpg,2,,,,,,,,,,,,,,,,,,,,,,,,,,
,,,2025-08-11_11h46.30.436,CFMT_CCMT_Face_recognition,03.02.2023,MacIntel,59.88023952,56b78f11e77ebe000cbefe79,6899c7d7c4c961a016830ad3,6899c92d8ea81c78b3434de6,,,,,,,,,,,,,,,,,,,,,,,,,,,,,,,,,,,,,,,,,,,,,,,,,,,,,,,,,,,,,,,,,,,,,,,,,,,,,,,,,,,,,,,,,,,,,,,,1732.1359,1732.6348,,,,,,,,,,,,,,,,,,,,,,,,,,,,,,,,,,,,,,,,,,,,,,,,,,,,,,,1725.9198,1732.1357,2,0,6.1962,,0,9,9,9,1,stimuli_car/Slide78.jpg,1,,,,,,,,,,,,,,,,,,,,,,,,,,
,,,2025-08-11_11h46.30.436,CFMT_CCMT_Face_recognition,03.02.2023,MacIntel,59.88023952,56b78f11e77ebe000cbefe79,6899c7d7c4c961a016830ad3,6899c92d8ea81c78b3434de6,,,,,,,,,,,,,,,,,,,,,,,,,,,,,,,,,,,,,,,,,,,,,,,,,,,,,,,,,,,,,,,,,,,,,,,,,,,,,,,,,,,,,,,,,,,,,,,,1735.9525,1736.452,,,,,,,,,,,,,,,,,,,,,,,,,,,,,,,,,,,,,,,,,,,,,,,,,,,,,,,1732.6353,1735.9524,1,1,3.2814,,0,10,10,10,1,stimuli_car/Slide79.jpg,1,,,,,,,,,,,,,,,,,,,,,,,,,,
,,,2025-08-11_11h46.30.436,CFMT_CCMT_Face_recognition,03.02.2023,MacIntel,59.88023952,56b78f11e77ebe000cbefe79,6899c7d7c4c961a016830ad3,6899c92d8ea81c78b3434de6,,,,,,,,,,,,,,,,,,,,,,,,,,,,,,,,,,,,,,,,,,,,,,,,,,,,,,,,,,,,,,,,,,,,,,,,,,,,,,,,,,,,,,,,,,,,,,,,1738.8876,1739.3857,,,,,,,,,,,,,,,,,,,,,,,,,,,,,,,,,,,,,,,,,,,,,,,,,,,,,,,1736.4522,1738.8867,3,1,2.4235,,0,11,11,11,1,stimuli_car/Slide80.jpg,3,,,,,,,,,,,,,,,,,,,,,,,,,,
,,,2025-08-11_11h46.30.436,CFMT_CCMT_Face_recognition,03.02.2023,MacIntel,59.88023952,56b78f11e77ebe000cbefe79,6899c7d7c4c961a016830ad3,6899c92d8ea81c78b3434de6,,,,,,,,,,,,,,,,,,,,,,,,,,,,,,,,,,,,,,,,,,,,,,,,,,,,,,,,,,,,,,,,,,,,,,,,,,,,,,,,,,,,,,,,,,,,,,,,1743.7849,1744.2867,,,,,,,,,,,,,,,,,,,,,,,,,,,,,,,,,,,,,,,,,,,,,,,,,,,,,,,1739.3868,1743.7846,2,1,4.3728,,0,12,12,12,1,stimuli_car/Slide81.jpg,2,,,,,,,,,,,,,,,,,,,,,,,,,,
,,,2025-08-11_11h46.30.436,CFMT_CCMT_Face_recognition,03.02.2023,MacIntel,59.88023952,56b78f11e77ebe000cbefe79,6899c7d7c4c961a016830ad3,6899c92d8ea81c78b3434de6,,,,,,,,,,,,,,,,,,,,,,,,,,,,,,,,,,,,,,,,,,,,,,,,,,,,,,,,,,,,,,,,,,,,,,,,,,,,,,,,,,,,,,,,,,,,,,,,1746.652,1747.1522,,,,,,,,,,,,,,,,,,,,,,,,,,,,,,,,,,,,,,,,,,,,,,,,,,,,,,,1744.288,1746.6519,1,0,2.3346,,0,13,13,13,1,stimuli_car/Slide82.jpg,3,,,,,,,,,,,,,,,,,,,,,,,,,,
,,,2025-08-11_11h46.30.436,CFMT_CCMT_Face_recognition,03.02.2023,MacIntel,59.88023952,56b78f11e77ebe000cbefe79,6899c7d7c4c961a016830ad3,6899c92d8ea81c78b3434de6,,,,,,,,,,,,,,,,,,,,,,,,,,,,,,,,,,,,,,,,,,,,,,,,,,,,,,,,,,,,,,,,,,,,,,,,,,,,,,,,,,,,,,,,,,,,,,,,1751.3026,1751.8014,,,,,,,,,,,,,,,,,,,,,,,,,,,,,,,,,,,,,,,,,,,,,,,,,,,,,,,1747.1526,1751.3022,2,0,4.1305,,0,14,14,14,1,stimuli_car/Slide83.jpg,3,,,,,,,,,,,,,,,,,,,,,,,,,,
,,,2025-08-11_11h46.30.436,CFMT_CCMT_Face_recognition,03.02.2023,MacIntel,59.88023952,56b78f11e77ebe000cbefe79,6899c7d7c4c961a016830ad3,6899c92d8ea81c78b3434de6,,,,,,,,,,,,,,,,,,,,,,,,,,,,,,,,,,,,,,,,,,,,,,,,,,,,,,,,,,,,,,,,,,,,,,,,,,,,,,,,,,,,,,,,,,,,,,,,1755.2687,1755.769,,,,,,,,,,,,,,,,,,,,,,,,,,,,,,,,,,,,,,,,,,,,,,,,,,,,,,,1751.8029,1755.2686,3,0,3.442,,0,15,15,15,1,stimuli_car/Slide84.jpg,2,,,,,,,,,,,,,,,,,,,,,,,,,,
,,,2025-08-11_11h46.30.436,CFMT_CCMT_Face_recognition,03.02.2023,MacIntel,59.88023952,56b78f11e77ebe000cbefe79,6899c7d7c4c961a016830ad3,6899c92d8ea81c78b3434de6,,,,,,,,,,,,,,,,,,,,,,,,,,,,,,,,,,,,,,,,,,,,,,,,,,,,,,,,,,,,,,,,,,,,,,,,,,,,,,,,,,,,,,,,,,,,,,,,1760.1858,1760.6843,,,,,,,,,,,,,,,,,,,,,,,,,,,,,,,,,,,,,,,,,,,,,,,,,,,,,,,1755.7697,1760.1855,1,0,4.3784,,0,16,16,16,1,stimuli_car/Slide85.jpg,2,,,,,,,,,,,,,,,,,,,,,,,,,,
,,,2025-08-11_11h46.30.436,CFMT_CCMT_Face_recognition,03.02.2023,MacIntel,59.88023952,56b78f11e77ebe000cbefe79,6899c7d7c4c961a016830ad3,6899c92d8ea81c78b3434de6,,,,,,,,,,,,,,,,,,,,,,,,,,,,,,,,,,,,,,,,,,,,,,,,,,,,,,,,,,,,,,,,,,,,,,,,,,,,,,,,,,,,,,,,,,,,,,,,1763.1857,1763.6857,,,,,,,,,,,,,,,,,,,,,,,,,,,,,,,,,,,,,,,,,,,,,,,,,,,,,,,1760.6849,1763.1855,2,1,2.4796,,0,17,17,17,1,stimuli_car/Slide86.jpg,2,,,,,,,,,,,,,,,,,,,,,,,,,,
,,,2025-08-11_11h46.30.436,CFMT_CCMT_Face_recognition,03.02.2023,MacIntel,59.88023952,56b78f11e77ebe000cbefe79,6899c7d7c4c961a016830ad3,6899c92d8ea81c78b3434de6,,,,,,,,,,,,,,,,,,,,,,,,,,,,,,,,,,,,,,,,,,,,,,,,,,,,,,,,,,,,,,,,,,,,,,,,,,,,,,,,,,,,,,,,,,,,,,,,1766.7699,1767.2691,,,,,,,,,,,,,,,,,,,,,,,,,,,,,,,,,,,,,,,,,,,,,,,,,,,,,,,1763.6864,1766.7696,2,1,3.0594,,0,18,18,18,1,stimuli_car/Slide87.jpg,2,,,,,,,,,,,,,,,,,,,,,,,,,,
,,,2025-08-11_11h46.30.436,CFMT_CCMT_Face_recognition,03.02.2023,MacIntel,59.88023952,56b78f11e77ebe000cbefe79,6899c7d7c4c961a016830ad3,6899c92d8ea81c78b3434de6,,,,,,,,,,,,,,,,,,,,,,,,,,,,,,,,,,,,,,,,,,,,,,,,,,,,,,,,,,,,,,,,,,,,,,,,,,,,,,,,,,,,,,,,,,,,,,,,1772.1347,1772.6356,,,,,,,,,,,,,,,,,,,,,,,,,,,,,,,,,,,,,,,,,,,,,,,,,,,,,,,1767.2739,1772.1345,2,1,4.8214,,0,19,19,19,1,stimuli_car/Slide88.jpg,2,,,,,,,,,,,,,,,,,,,,,,,,,,
,,,2025-08-11_11h46.30.436,CFMT_CCMT_Face_recognition,03.02.2023,MacIntel,59.88023952,56b78f11e77ebe000cbefe79,6899c7d7c4c961a016830ad3,6899c92d8ea81c78b3434de6,,,,,,,,,,,,,,,,,,,,,,,,,,,,,,,,,,,,,,,,,,,,,,,,,,,,,,,,,,,,,,,,,,,,,,,,,,,,,,,,,,,,,,,,,,,,,,,,1777.8862,1778.3856,,,,,,,,,,,,,,,,,,,,,,,,,,,,,,,,,,,,,,,,,,,,,,,,,,,,,,,1772.6372,1777.8858,3,1,5.2173,,0,20,20,20,1,stimuli_car/Slide89.jpg,3,,,,,,,,,,,,,,,,,,,,,,,,,,
,,,2025-08-11_11h46.30.436,CFMT_CCMT_Face_recognition,03.02.2023,MacIntel,59.88023952,56b78f11e77ebe000cbefe79,6899c7d7c4c961a016830ad3,6899c92d8ea81c78b3434de6,,,,,,,,,,,,,,,,,,,,,,,,,,,,,,,,,,,,,,,,,,,,,,,,,,,,,,,,,,,,,,,,,,,,,,,,,,,,,,,,,,,,,,,,,,,,,,,,1781.3681,1781.8689,,,,,,,,,,,,,,,,,,,,,,,,,,,,,,,,,,,,,,,,,,,,,,,,,,,,,,,1778.3872,1781.3679,1,0,2.947,,0,21,21,21,1,stimuli_car/Slide90.jpg,3,,,,,,,,,,,,,,,,,,,,,,,,,,
,,,2025-08-11_11h46.30.436,CFMT_CCMT_Face_recognition,03.02.2023,MacIntel,59.88023952,56b78f11e77ebe000cbefe79,6899c7d7c4c961a016830ad3,6899c92d8ea81c78b3434de6,,,,,,,,,,,,,,,,,,,,,,,,,,,,,,,,,,,,,,,,,,,,,,,,,,,,,,,,,,,,,,,,,,,,,,,,,,,,,,,,,,,,,,,,,,,,,,,,1787.4356,1787.9357,,,,,,,,,,,,,,,,,,,,,,,,,,,,,,,,,,,,,,,,,,,,,,,,,,,,,,,1781.8695,1787.4355,2,0,5.5333,,0,22,22,22,1,stimuli_car/Slide91.jpg,1,,,,,,,,,,,,,,,,,,,,,,,,,,
,,,2025-08-11_11h46.30.436,CFMT_CCMT_Face_recognition,03.02.2023,MacIntel,59.88023952,56b78f11e77ebe000cbefe79,6899c7d7c4c961a016830ad3,6899c92d8ea81c78b3434de6,,,,,,,,,,,,,,,,,,,,,,,,,,,,,,,,,,,,,,,,,,,,,,,,,,,,,,,,,,,,,,,,,,,,,,,,,,,,,,,,,,,,,,,,,,,,,,,,1795.1689,1795.6687,,,,,,,,,,,,,,,,,,,,,,,,,,,,,,,,,,,,,,,,,,,,,,,,,,,,,,,1787.9363,1795.1689,3,1,7.2028,,0,23,23,23,1,stimuli_car/Slide92.jpg,3,,,,,,,,,,,,,,,,,,,,,,,,,,
,,,2025-08-11_11h46.30.436,CFMT_CCMT_Face_recognition,03.02.2023,MacIntel,59.88023952,56b78f11e77ebe000cbefe79,6899c7d7c4c961a016830ad3,6899c92d8ea81c78b3434de6,,,,,,,,,,,,,,,,,,,,,,,,,,,,,,,,,,,,,,,,,,,,,,,,,,,,,,,,,,,,,,,,,,,,,,,,,,,,,,,,,,,,,,,,,,,,,,,,,,,,,,,,,,,,,,,,,,,,,,,,,,,,,,,,,,,,,,,,,,,,,,,,,,,,,,,,,,,,,,,,,,,,,1795.6692,1795.6694,0,1,1,1,1,conditionsFile_cars/conditionFiles_car.xlsx,Cambridge Car Memory Test,Memorize the car in the next three images.,conditionsFile_cars/Prac_learn.xlsx,conditionsFile_cars/Prac_rec.xlsx,"Which car did you just view? There is only one correct answer. Press 1,2 or 3","In this test, you will learn to recognize six cars.",Memorize the following car.,Which car did you just view?,Next you will review the same 6 cars for 20 seconds.,Review the cars (20 seconds),stimuli_car/review.jpg,Now your memory of these cars will be tested.,"In the remaining trials, the correct answer can be any of the six cars.","The incorrect cars are sometimes very similar to the target cars, so be sure to look at each car prior answering.",conditionsFile_cars/conditionsfile_rec_car.xlsx,"To begin memorizing the first car, press the ""space bar"".",,
,,,2025-08-11_11h46.30.436,CFMT_CCMT_Face_recognition,03.02.2023,MacIntel,59.88023952,56b78f11e77ebe000cbefe79,6899c7d7c4c961a016830ad3,6899c92d8ea81c78b3434de6,,,,,,,,,,,,,,,,,,,,,,,,,,,,,,,,,,,,,,,,,,,,,,,,,,,,,,,,,,,,,,,,,,,,,,,,,,,,,,,,,,,,,,,,,,,,,,,,,,,,,,,,,,,,,,,,,,,,,,,,,,,,,,,,,,,,,,,,,,,,,,,,,,,,,,,,,,,,,,,,,,,,,,,,,,,,,,,,,,,,,,,,,,,,,1795.6704,1800.6698