Wait.started,Wait.stopped,,date,expName,psychopyVersion,OS,frameRate,participant,study_id,session,Study_information_1.started,Study_information_1.stopped,key_resp_14.keys,key_resp_14.rt,key_resp_14.duration,Study_information_2.started,Study_information_2.stopped,key_resp_17.keys,key_resp_17.rt,key_resp_17.duration,Study_information_3.started,Study_information_3.stopped,key_resp_15.keys,key_resp_15.rt,key_resp_15.duration,Consent.started,Consent.stopped,key_resp_16.keys,key_resp_16.rt,key_resp_16.duration,Face_recognition_task.started,Face_recognition_task.stopped,key_resp_18.keys,key_resp_18.rt,key_resp_18.duration,Instructions_task.started,Instructions_task.stopped,key_resp_19.keys,key_resp_19.rt,key_resp_19.duration,Instructions_fam_1.started,Instructions_fam_1.stopped,key_resp_3.keys,key_resp_3.rt,key_resp_3.duration,Instructions_fam_2.started,Instructions_fam_2.stopped,key_resp_2.keys,key_resp_2.rt,key_resp_2.duration,Instructions_fam_3.started,Instructions_fam_3.stopped,key_resp.keys,key_resp.rt,key_resp.duration,fix_cross.started,fixation_duration,fix_cross.stopped,familiarisation_trial.started,familiarisation_trial.stopped,view_image.started,view_image.stopped,image_loop.thisRepN,image_loop.thisTrialN,image_loop.thisN,image_loop.thisIndex,image_loop.ran,catch_trial.started,catch_trial.stopped,key_resp_catch.keys,key_resp_catch.corr,key_resp_catch.rt,key_resp_catch.duration,Thanks_1.started,Thanks_1.stopped,Break.started,Break.stopped,Instructions_recognition_1.started,Instructions_recognition_1.stopped,Instructions_recognition_2.started,Instructions_recognition_2.stopped,rec_trial.started,rec_trial.stopped,response_recog.keys,response_recog.corr,response_recog.rt,response_recog.duration,recognition_loop.thisRepN,recognition_loop.thisTrialN,recognition_loop.thisN,recognition_loop.thisIndex,recognition_loop.ran,Break_recognition.started,Break_recognition.stopped,key_resp_7.keys,key_resp_7.rt,key_resp_7.duration,Next_test.started,Next_test.stopped,Instructions_CFMT_1.started,Instructions_CFMT_1.stopped,Instructions_CFMT_Practice.started,Instructions_CFMT_Practice.stopped,Practice_learn.started,Practice_learn.stopped,ITI.started,ITI.stopped,trials_prac_learn.thisRepN,trials_prac_learn.thisTrialN,trials_prac_learn.thisN,trials_prac_learn.thisIndex,trials_prac_learn.ran,stim_prac,Practice_rec.started,Practice_rec.stopped,key_resp_4.keys,key_resp_4.corr,key_resp_4.rt,key_resp_4.duration,trials_prac_rec.thisRepN,trials_prac_rec.thisTrialN,trials_prac_rec.thisN,trials_prac_rec.thisIndex,trials_prac_rec.ran,stim_prac_rec,corr_answ_prac,Instructions_CFMT_Experiment.started,Instructions_CFMT_Experiment.stopped,Next_face.started,Next_face.stopped,Exp_learn.started,Exp_learn.stopped,trials_learn_exp.thisRepN,trials_learn_exp.thisTrialN,trials_learn_exp.thisN,trials_learn_exp.thisIndex,trials_learn_exp.ran,learn_exp,rec_exp,corr_answ_rec,Exp_rec.started,Exp_rec.stopped,key_resp_9.keys,key_resp_9.corr,key_resp_9.rt,key_resp_9.duration,trials_rec_exp.thisRepN,trials_rec_exp.thisTrialN,trials_rec_exp.thisN,trials_rec_exp.thisIndex,trials_rec_exp.ran,Instructions_CFMT_Experiment_2.started,Instructions_CFMT_Experiment_2.stopped,Review_image.started,Review_image.stopped,Instructions_CFMT_Experiment_3.started,Instructions_CFMT_Experiment_3.stopped,Review_image_skipp.started,Review_image_skipp.stopped,ITI_skipp.started,ITI_skipp.stopped,recognition_2.started,recognition_2.stopped,key_resp_12.keys,key_resp_12.corr,key_resp_12.rt,key_resp_12.duration,trials_rec_CMFT.thisRepN,trials_rec_CMFT.thisTrialN,trials_rec_CMFT.thisN,trials_rec_CMFT.thisIndex,trials_rec_CMFT.ran,image_face,corr_answ,Next_test_2.started,Next_test_2.stopped,experiment_loop.thisRepN,experiment_loop.thisTrialN,experiment_loop.thisN,experiment_loop.thisIndex,experiment_loop.ran,experiment_block,Title,Instructions_1,Prac_learn_stim,Prac_rec_stim,Instructions_2,Instructions_3,Next_Stim,Instructions_4,Instructions_5,Instructions_review,Review_image_stim,Instructions_6,Instructions_7,Instructions_8,conditions_rec,Instructions_9,End_experiment.started,End_experiment.stopped
0.0011,0.0014,,2025-08-11_11h49.07.415,CFMT_CCMT_Face_recognition,03.02.2023,Win32,59.88023952,5987030cfd8cca00015cbc26,6899c7d7c4c961a016830ad3,6899c9e6bd6c17c70a8e8fea,,,,,,,,,,,,,,,,,,,,,,,,,,,,,,,,,,,,,,,,,,,,,,,,,,,,,,,,,,,,,,,,,,,,,,,,,,,,,,,,,,,,,,,,,,,,,,,,,,,,,,,,,,,,,,,,,,,,,,,,,,,,,,,,,,,,,,,,,,,,,,,,,,,,,,,,,,,,,,,,,,,,,,,,,,,,,,,,,,,,,,,,,,,,,,
,,,2025-08-11_11h49.07.415,CFMT_CCMT_Face_recognition,03.02.2023,Win32,59.88023952,5987030cfd8cca00015cbc26,6899c7d7c4c961a016830ad3,6899c9e6bd6c17c70a8e8fea,0.0015,5.561,space,5.5465,,,,,,,,,,,,,,,,,,,,,,,,,,,,,,,,,,,,,,,,,,,,,,,,,,,,,,,,,,,,,,,,,,,,,,,,,,,,,,,,,,,,,,,,,,,,,,,,,,,,,,,,,,,,,,,,,,,,,,,,,,,,,,,,,,,,,,,,,,,,,,,,,,,,,,,,,,,,,,,,,,,,,,,,,,,,,,,,,,,,,,,,,,
,,,2025-08-11_11h49.07.415,CFMT_CCMT_Face_recognition,03.02.2023,Win32,59.88023952,5987030cfd8cca00015cbc26,6899c7d7c4c961a016830ad3,6899c9e6bd6c17c70a8e8fea,,,,,,5.5611,75.1949,space,69.591,,,,,,,,,,,,,,,,,,,,,,,,,,,,,,,,,,,,,,,,,,,,,,,,,,,,,,,,,,,,,,,,,,,,,,,,,,,,,,,,,,,,,,,,,,,,,,,,,,,,,,,,,,,,,,,,,,,,,,,,,,,,,,,,,,,,,,,,,,,,,,,,,,,,,,,,,,,,,,,,,,,,,,,,,,,,,,,,,,,,,
,,,2025-08-11_11h49.07.415,CFMT_CCMT_Face_recognition,03.02.2023,Win32,59.88023952,5987030cfd8cca00015cbc26,6899c7d7c4c961a016830ad3,6899c9e6bd6c17c70a8e8fea,,,,,,,,,,,75.195,87.3274,space,12.1223,,,,,,,,,,,,,,,,,,,,,,,,,,,,,,,,,,,,,,,,,,,,,,,,,,,,,,,,,,,,,,,,,,,,,,,,,,,,,,,,,,,,,,,,,,,,,,,,,,,,,,,,,,,,,,,,,,,,,,,,,,,,,,,,,,,,,,,,,,,,,,,,,,,,,,,,,,,,,,,,,,,,,,,,,,,,,,,,
,,,2025-08-11_11h49.07.415,CFMT_CCMT_Face_recognition,03.02.2023,Win32,59.88023952,5987030cfd8cca00015cbc26,6899c7d7c4c961a016830ad3,6899c9e6bd6c17c70a8e8fea,,,,,,,,,,,,,,,,87.3275,90.5114,space,3.1647,,,,,,,,,,,,,,,,,,,,,,,,,,,,,,,,,,,,,,,,,,,,,,,,,,,,,,,,,,,,,,,,,,,,,,,,,,,,,,,,,,,,,,,,,,,,,,,,,,,,,,,,,,,,,,,,,,,,,,,,,,,,,,,,,,,,,,,,,,,,,,,,,,,,,,,,,,,,,,,,,,,,,,,,,,,
,,,2025-08-11_11h49.07.415,CFMT_CCMT_Face_recognition,03.02.2023,Win32,59.88023952,5987030cfd8cca00015cbc26,6899c7d7c4c961a016830ad3,6899c9e6bd6c17c70a8e8fea,,,,,,,,,,,,,,,,,,,,,90.5116,91.8446,space,1.315,,,,,,,,,,,,,,,,,,,,,,,,,,,,,,,,,,,,,,,,,,,,,,,,,,,,,,,,,,,,,,,,,,,,,,,,,,,,,,,,,,,,,,,,,,,,,,,,,,,,,,,,,,,,,,,,,,,,,,,,,,,,,,,,,,,,,,,,,,,,,,,,,,,,,,,,,,,,,,,,,,,,,,
,,,2025-08-11_11h49.07.415,CFMT_CCMT_Face_recognition,03.02.2023,Win32,59.88023952,5987030cfd8cca00015cbc26,6899c7d7c4c961a016830ad3,6899c9e6bd6c17c70a8e8fea,,,,,,,,,,,,,,,,,,,,,,,,,,91.8447,100.2945,space,8.4365,,,,,,,,,,,,,,,,,,,,,,,,,,,,,,,,,,,,,,,,,,,,,,,,,,,,,,,,,,,,,,,,,,,,,,,,,,,,,,,,,,,,,,,,,,,,,,,,,,,,,,,,,,,,,,,,,,,,,,,,,,,,,,,,,,,,,,,,,,,,,,,,,,,,,,,,,,,,,,,,,
,,,2025-08-11_11h49.07.415,CFMT_CCMT_Face_recognition,03.02.2023,Win32,59.88023952,5987030cfd8cca00015cbc26,6899c7d7c4c961a016830ad3,6899c9e6bd6c17c70a8e8fea,,,,,,,,,,,,,,,,,,,,,,,,,,,,,,,100.2946,104.0282,space,3.7139,,,,,,,,,,,,,,,,,,,,,,,,,,,,,,,,,,,,,,,,,,,,,,,,,,,,,,,,,,,,,,,,,,,,,,,,,,,,,,,,,,,,,,,,,,,,,,,,,,,,,,,,,,,,,,,,,,,,,,,,,,,,,,,,,,,,,,,,,,,,,,,,,,,,,,,,,,,,
,,,2025-08-11_11h49.07.415,CFMT_CCMT_Face_recognition,03.02.2023,Win32,59.88023952,5987030cfd8cca00015cbc26,6899c7d7c4c961a016830ad3,6899c9e6bd6c17c70a8e8fea,,,,,,,,,,,,,,,,,,,,,,,,,,,,,,,,,,,,104.0284,106.8947,space,2.8467,,,,,,,,,,,,,,,,,,,,,,,,,,,,,,,,,,,,,,,,,,,,,,,,,,,,,,,,,,,,,,,,,,,,,,,,,,,,,,,,,,,,,,,,,,,,,,,,,,,,,,,,,,,,,,,,,,,,,,,,,,,,,,,,,,,,,,,,,,,,,,,,,,,,,,,
,,,2025-08-11_11h49.07.415,CFMT_CCMT_Face_recognition,03.02.2023,Win32,59.88023952,5987030cfd8cca00015cbc26,6899c7d7c4c961a016830ad3,6899c9e6bd6c17c70a8e8fea,,,,,,,,,,,,,,,,,,,,,,,,,,,,,,,,,,,,,,,,,106.8949,108.0609,space,1.1476,,,,,,,,,,,,,,,,,,,,,,,,,,,,,,,,,,,,,,,,,,,,,,,,,,,,,,,,,,,,,,,,,,,,,,,,,,,,,,,,,,,,,,,,,,,,,,,,,,,,,,,,,,,,,,,,,,,,,,,,,,,,,,,,,,,,,,,,,,,,,,,,,,
,,,2025-08-11_11h49.07.415,CFMT_CCMT_Face_recognition,03.02.2023,Win32,59.88023952,5987030cfd8cca00015cbc26,6899c7d7c4c961a016830ad3,6899c9e6bd6c17c70a8e8fea,,,,,,,,,,,,,,,,,,,,,,,,,,,,,,,,,,,,,,,,,,,,,,108.0634,2.299304218,110.3614,110.3616,110.3618,110.3628,111.1106,0,0,0,0,1,,,,,,,,,,,,,,,,,,,,,,,,,,,,,,,,,,,,,,,,,,,,,,,,,,,,,,,,,,,,,,,,,,,,,,,,,,,,,,,,,,,,,,,,,,,,,,,,,,,,,,,,,,,,,,,,,,,,,,,,,,,,,,,,,,,,,
,,,2025-08-11_11h49.07.415,CFMT_CCMT_Face_recognition,03.02.2023,Win32,59.88023952,5987030cfd8cca00015cbc26,6899c7d7c4c961a016830ad3,6899c9e6bd6c17c70a8e8fea,,,,,,,,,,,,,,,,,,,,,,,,,,,,,,,,,,,,,,,,,,,,,,,,,,,111.1111,111.8612,1,0,1,0,1,,,,,,,,,,,,,,,,,,,,,,,,,,,,,,,,,,,,,,,,,,,,,,,,,,,,,,,,,,,,,,,,,,,,,,,,,,,,,,,,,,,,,,,,,,,,,,,,,,,,,,,,,,,,,,,,,,,,,,,,,,,,,,,,,,,,,
,,,2025-08-11_11h49.07.415,CFMT_CCMT_Face_recognition,03.02.2023,Win32,59.88023952,5987030cfd8cca00015cbc26,6899c7d7c4c961a016830ad3,6899c9e6bd6c17c70a8e8fea,,,,,,,,,,,,,,,,,,,,,,,,,,,,,,,,,,,,,,,,,,,,,,,,,,,111.8615,112.6113,2,0,2,0,1,,,,,,,,,,,,,,,,,,,,,,,,,,,,,,,,,,,,,,,,,,,,,,,,,,,,,,,,,,,,,,,,,,,,,,,,,,,,,,,,,,,,,,,,,,,,,,,,,,,,,,,,,,,,,,,,,,,,,,,,,,,,,,,,,,,,,
,,,2025-08-11_11h49.07.415,CFMT_CCMT_Face_recognition,03.02.2023,Win32,59.88023952,5987030cfd8cca00015cbc26,6899c7d7c4c961a016830ad3,6899c9e6bd6c17c70a8e8fea,,,,,,,,,,,,,,,,,,,,,,,,,,,,,,,,,,,,,,,,,,,,,,,,,,,112.6117,113.3604,3,0,3,0,1,,,,,,,,,,,,,,,,,,,,,,,,,,,,,,,,,,,,,,,,,,,,,,,,,,,,,,,,,,,,,,,,,,,,,,,,,,,,,,,,,,,,,,,,,,,,,,,,,,,,,,,,,,,,,,,,,,,,,,,,,,,,,,,,,,,,,
,,,2025-08-11_11h49.07.415,CFMT_CCMT_Face_recognition,03.02.2023,Win32,59.88023952,5987030cfd8cca00015cbc26,6899c7d7c4c961a016830ad3,6899c9e6bd6c17c70a8e8fea,,,,,,,,,,,,,,,,,,,,,,,,,,,,,,,,,,,,,,,,,,,,,,,,,,,113.3608,114.1105,4,0,4,0,1,,,,,,,,,,,,,,,,,,,,,,,,,,,,,,,,,,,,,,,,,,,,,,,,,,,,,,,,,,,,,,,,,,,,,,,,,,,,,,,,,,,,,,,,,,,,,,,,,,,,,,,,,,,,,,,,,,,,,,,,,,,,,,,,,,,,,
,,,2025-08-11_11h49.07.415,CFMT_CCMT_Face_recognition,03.02.2023,Win32,59.88023952,5987030cfd8cca00015cbc26,6899c7d7c4c961a016830ad3,6899c9e6bd6c17c70a8e8fea,,,,,,,,,,,,,,,,,,,,,,,,,,,,,,,,,,,,,,,,,,,,,,,,,,,114.1107,114.8609,5,0,5,0,1,,,,,,,,,,,,,,,,,,,,,,,,,,,,,,,,,,,,,,,,,,,,,,,,,,,,,,,,,,,,,,,,,,,,,,,,,,,,,,,,,,,,,,,,,,,,,,,,,,,,,,,,,,,,,,,,,,,,,,,,,,,,,,,,,,,,,
,,,2025-08-11_11h49.07.415,CFMT_CCMT_Face_recognition,03.02.2023,Win32,59.88023952,5987030cfd8cca00015cbc26,6899c7d7c4c961a016830ad3,6899c9e6bd6c17c70a8e8fea,,,,,,,,,,,,,,,,,,,,,,,,,,,,,,,,,,,,,,,,,,,,,,114.8627,1.558930811,116.4105,116.4105,116.4106,116.4116,117.1604,0,0,0,0,1,114.8614,114.8626,,0,,,,,,,,,,,,,,,,,,,,,,,,,,,,,,,,,,,,,,,,,,,,,,,,,,,,,,,,,,,,,,,,,,,,,,,,,,,,,,,,,,,,,,,,,,,,,,,,,,,,,,,,,,,,,,,,,,,,,,,,,,,,,,,,,
,,,2025-08-11_11h49.07.415,CFMT_CCMT_Face_recognition,03.02.2023,Win32,59.88023952,5987030cfd8cca00015cbc26,6899c7d7c4c961a016830ad3,6899c9e6bd6c17c70a8e8fea,,,,,,,,,,,,,,,,,,,,,,,,,,,,,,,,,,,,,,,,,,,,,,,,,,,117.1606,117.9112,1,0,1,0,1,,,,,,,,,,,,,,,,,,,,,,,,,,,,,,,,,,,,,,,,,,,,,,,,,,,,,,,,,,,,,,,,,,,,,,,,,,,,,,,,,,,,,,,,,,,,,,,,,,,,,,,,,,,,,,,,,,,,,,,,,,,,,,,,,,,,,
,,,2025-08-11_11h49.07.415,CFMT_CCMT_Face_recognition,03.02.2023,Win32,59.88023952,5987030cfd8cca00015cbc26,6899c7d7c4c961a016830ad3,6899c9e6bd6c17c70a8e8fea,,,,,,,,,,,,,,,,,,,,,,,,,,,,,,,,,,,,,,,,,,,,,,,,,,,117.9116,118.6611,2,0,2,0,1,,,,,,,,,,,,,,,,,,,,,,,,,,,,,,,,,,,,,,,,,,,,,,,,,,,,,,,,,,,,,,,,,,,,,,,,,,,,,,,,,,,,,,,,,,,,,,,,,,,,,,,,,,,,,,,,,,,,,,,,,,,,,,,,,,,,,
,,,2025-08-11_11h49.07.415,CFMT_CCMT_Face_recognition,03.02.2023,Win32,59.88023952,5987030cfd8cca00015cbc26,6899c7d7c4c961a016830ad3,6899c9e6bd6c17c70a8e8fea,,,,,,,,,,,,,,,,,,,,,,,,,,,,,,,,,,,,,,,,,,,,,,,,,,,118.6614,119.4111,3,0,3,0,1,,,,,,,,,,,,,,,,,,,,,,,,,,,,,,,,,,,,,,,,,,,,,,,,,,,,,,,,,,,,,,,,,,,,,,,,,,,,,,,,,,,,,,,,,,,,,,,,,,,,,,,,,,,,,,,,,,,,,,,,,,,,,,,,,,,,,
,,,2025-08-11_11h49.07.415,CFMT_CCMT_Face_recognition,03.02.2023,Win32,59.88023952,5987030cfd8cca00015cbc26,6899c7d7c4c961a016830ad3,6899c9e6bd6c17c70a8e8fea,,,,,,,,,,,,,,,,,,,,,,,,,,,,,,,,,,,,,,,,,,,,,,,,,,,119.4115,120.161,4,0,4,0,1,,,,,,,,,,,,,,,,,,,,,,,,,,,,,,,,,,,,,,,,,,,,,,,,,,,,,,,,,,,,,,,,,,,,,,,,,,,,,,,,,,,,,,,,,,,,,,,,,,,,,,,,,,,,,,,,,,,,,,,,,,,,,,,,,,,,,
,,,2025-08-11_11h49.07.415,CFMT_CCMT_Face_recognition,03.02.2023,Win32,59.88023952,5987030cfd8cca00015cbc26,6899c7d7c4c961a016830ad3,6899c9e6bd6c17c70a8e8fea,,,,,,,,,,,,,,,,,,,,,,,,,,,,,,,,,,,,,,,,,,,,,,,,,,,120.1612,120.911,5,0,5,0,1,,,,,,,,,,,,,,,,,,,,,,,,,,,,,,,,,,,,,,,,,,,,,,,,,,,,,,,,,,,,,,,,,,,,,,,,,,,,,,,,,,,,,,,,,,,,,,,,,,,,,,,,,,,,,,,,,,,,,,,,,,,,,,,,,,,,,
,,,2025-08-11_11h49.07.415,CFMT_CCMT_Face_recognition,03.02.2023,Win32,59.88023952,5987030cfd8cca00015cbc26,6899c7d7c4c961a016830ad3,6899c9e6bd6c17c70a8e8fea,,,,,,,,,,,,,,,,,,,,,,,,,,,,,,,,,,,,,,,,,,,,,,120.9118,2.104517289,123.0111,123.0112,123.0112,123.0124,123.7607,0,0,0,0,1,120.9111,120.9117,,0,,,,,,,,,,,,,,,,,,,,,,,,,,,,,,,,,,,,,,,,,,,,,,,,,,,,,,,,,,,,,,,,,,,,,,,,,,,,,,,,,,,,,,,,,,,,,,,,,,,,,,,,,,,,,,,,,,,,,,,,,,,,,,,,,
,,,2025-08-11_11h49.07.415,CFMT_CCMT_Face_recognition,03.02.2023,Win32,59.88023952,5987030cfd8cca00015cbc26,6899c7d7c4c961a016830ad3,6899c9e6bd6c17c70a8e8fea,,,,,,,,,,,,,,,,,,,,,,,,,,,,,,,,,,,,,,,,,,,,,,,,,,,123.7611,124.5112,1,0,1,0,1,,,,,,,,,,,,,,,,,,,,,,,,,,,,,,,,,,,,,,,,,,,,,,,,,,,,,,,,,,,,,,,,,,,,,,,,,,,,,,,,,,,,,,,,,,,,,,,,,,,,,,,,,,,,,,,,,,,,,,,,,,,,,,,,,,,,,
,,,2025-08-11_11h49.07.415,CFMT_CCMT_Face_recognition,03.02.2023,Win32,59.88023952,5987030cfd8cca00015cbc26,6899c7d7c4c961a016830ad3,6899c9e6bd6c17c70a8e8fea,,,,,,,,,,,,,,,,,,,,,,,,,,,,,,,,,,,,,,,,,,,,,,,,,,,124.5115,125.2603,2,0,2,0,1,,,,,,,,,,,,,,,,,,,,,,,,,,,,,,,,,,,,,,,,,,,,,,,,,,,,,,,,,,,,,,,,,,,,,,,,,,,,,,,,,,,,,,,,,,,,,,,,,,,,,,,,,,,,,,,,,,,,,,,,,,,,,,,,,,,,,
,,,2025-08-11_11h49.07.415,CFMT_CCMT_Face_recognition,03.02.2023,Win32,59.88023952,5987030cfd8cca00015cbc26,6899c7d7c4c961a016830ad3,6899c9e6bd6c17c70a8e8fea,,,,,,,,,,,,,,,,,,,,,,,,,,,,,,,,,,,,,,,,,,,,,,,,,,,125.2605,126.0112,3,0,3,0,1,,,,,,,,,,,,,,,,,,,,,,,,,,,,,,,,,,,,,,,,,,,,,,,,,,,,,,,,,,,,,,,,,,,,,,,,,,,,,,,,,,,,,,,,,,,,,,,,,,,,,,,,,,,,,,,,,,,,,,,,,,,,,,,,,,,,,
,,,2025-08-11_11h49.07.415,CFMT_CCMT_Face_recognition,03.02.2023,Win32,59.88023952,5987030cfd8cca00015cbc26,6899c7d7c4c961a016830ad3,6899c9e6bd6c17c70a8e8fea,,,,,,,,,,,,,,,,,,,,,,,,,,,,,,,,,,,,,,,,,,,,,,,,,,,126.0116,126.7611,4,0,4,0,1,,,,,,,,,,,,,,,,,,,,,,,,,,,,,,,,,,,,,,,,,,,,,,,,,,,,,,,,,,,,,,,,,,,,,,,,,,,,,,,,,,,,,,,,,,,,,,,,,,,,,,,,,,,,,,,,,,,,,,,,,,,,,,,,,,,,,
,,,2025-08-11_11h49.07.415,CFMT_CCMT_Face_recognition,03.02.2023,Win32,59.88023952,5987030cfd8cca00015cbc26,6899c7d7c4c961a016830ad3,6899c9e6bd6c17c70a8e8fea,,,,,,,,,,,,,,,,,,,,,,,,,,,,,,,,,,,,,,,,,,,,,,,,,,,126.7614,127.5103,5,0,5,0,1,,,,,,,,,,,,,,,,,,,,,,,,,,,,,,,,,,,,,,,,,,,,,,,,,,,,,,,,,,,,,,,,,,,,,,,,,,,,,,,,,,,,,,,,,,,,,,,,,,,,,,,,,,,,,,,,,,,,,,,,,,,,,,,,,,,,,
,,,2025-08-11_11h49.07.415,CFMT_CCMT_Face_recognition,03.02.2023,Win32,59.88023952,5987030cfd8cca00015cbc26,6899c7d7c4c961a016830ad3,6899c9e6bd6c17c70a8e8fea,,,,,,,,,,,,,,,,,,,,,,,,,,,,,,,,,,,,,,,,,,,,,,127.5109,2.191695292,129.6942,129.6942,129.6942,129.6947,130.4442,0,0,0,0,1,127.5103,127.5109,,0,,,,,,,,,,,,,,,,,,,,,,,,,,,,,,,,,,,,,,,,,,,,,,,,,,,,,,,,,,,,,,,,,,,,,,,,,,,,,,,,,,,,,,,,,,,,,,,,,,,,,,,,,,,,,,,,,,,,,,,,,,,,,,,,,
,,,2025-08-11_11h49.07.415,CFMT_CCMT_Face_recognition,03.02.2023,Win32,59.88023952,5987030cfd8cca00015cbc26,6899c7d7c4c961a016830ad3,6899c9e6bd6c17c70a8e8fea,,,,,,,,,,,,,,,,,,,,,,,,,,,,,,,,,,,,,,,,,,,,,,,,,,,130.4445,131.1937,1,0,1,0,1,,,,,,,,,,,,,,,,,,,,,,,,,,,,,,,,,,,,,,,,,,,,,,,,,,,,,,,,,,,,,,,,,,,,,,,,,,,,,,,,,,,,,,,,,,,,,,,,,,,,,,,,,,,,,,,,,,,,,,,,,,,,,,,,,,,,,
,,,2025-08-11_11h49.07.415,CFMT_CCMT_Face_recognition,03.02.2023,Win32,59.88023952,5987030cfd8cca00015cbc26,6899c7d7c4c961a016830ad3,6899c9e6bd6c17c70a8e8fea,,,,,,,,,,,,,,,,,,,,,,,,,,,,,,,,,,,,,,,,,,,,,,,,,,,131.1939,131.9445,2,0,2,0,1,,,,,,,,,,,,,,,,,,,,,,,,,,,,,,,,,,,,,,,,,,,,,,,,,,,,,,,,,,,,,,,,,,,,,,,,,,,,,,,,,,,,,,,,,,,,,,,,,,,,,,,,,,,,,,,,,,,,,,,,,,,,,,,,,,,,,
,,,2025-08-11_11h49.07.415,CFMT_CCMT_Face_recognition,03.02.2023,Win32,59.88023952,5987030cfd8cca00015cbc26,6899c7d7c4c961a016830ad3,6899c9e6bd6c17c70a8e8fea,,,,,,,,,,,,,,,,,,,,,,,,,,,,,,,,,,,,,,,,,,,,,,,,,,,131.9448,132.6938,3,0,3,0,1,,,,,,,,,,,,,,,,,,,,,,,,,,,,,,,,,,,,,,,,,,,,,,,,,,,,,,,,,,,,,,,,,,,,,,,,,,,,,,,,,,,,,,,,,,,,,,,,,,,,,,,,,,,,,,,,,,,,,,,,,,,,,,,,,,,,,
,,,2025-08-11_11h49.07.415,CFMT_CCMT_Face_recognition,03.02.2023,Win32,59.88023952,5987030cfd8cca00015cbc26,6899c7d7c4c961a016830ad3,6899c9e6bd6c17c70a8e8fea,,,,,,,,,,,,,,,,,,,,,,,,,,,,,,,,,,,,,,,,,,,,,,,,,,,132.6941,133.4437,4,0,4,0,1,,,,,,,,,,,,,,,,,,,,,,,,,,,,,,,,,,,,,,,,,,,,,,,,,,,,,,,,,,,,,,,,,,,,,,,,,,,,,,,,,,,,,,,,,,,,,,,,,,,,,,,,,,,,,,,,,,,,,,,,,,,,,,,,,,,,,
,,,2025-08-11_11h49.07.415,CFMT_CCMT_Face_recognition,03.02.2023,Win32,59.88023952,5987030cfd8cca00015cbc26,6899c7d7c4c961a016830ad3,6899c9e6bd6c17c70a8e8fea,,,,,,,,,,,,,,,,,,,,,,,,,,,,,,,,,,,,,,,,,,,,,,,,,,,133.4439,134.1939,5,0,5,0,1,,,,,,,,,,,,,,,,,,,,,,,,,,,,,,,,,,,,,,,,,,,,,,,,,,,,,,,,,,,,,,,,,,,,,,,,,,,,,,,,,,,,,,,,,,,,,,,,,,,,,,,,,,,,,,,,,,,,,,,,,,,,,,,,,,,,,
,,,2025-08-11_11h49.07.415,CFMT_CCMT_Face_recognition,03.02.2023,Win32,59.88023952,5987030cfd8cca00015cbc26,6899c7d7c4c961a016830ad3,6899c9e6bd6c17c70a8e8fea,,,,,,,,,,,,,,,,,,,,,,,,,,,,,,,,,,,,,,,,,,,,,,134.1945,2.124266968,136.3111,136.3112,136.3112,136.3117,137.0603,0,0,0,0,1,134.194,134.1944,,0,,,,,,,,,,,,,,,,,,,,,,,,,,,,,,,,,,,,,,,,,,,,,,,,,,,,,,,,,,,,,,,,,,,,,,,,,,,,,,,,,,,,,,,,,,,,,,,,,,,,,,,,,,,,,,,,,,,,,,,,,,,,,,,,,
,,,2025-08-11_11h49.07.415,CFMT_CCMT_Face_recognition,03.02.2023,Win32,59.88023952,5987030cfd8cca00015cbc26,6899c7d7c4c961a016830ad3,6899c9e6bd6c17c70a8e8fea,,,,,,,,,,,,,,,,,,,,,,,,,,,,,,,,,,,,,,,,,,,,,,,,,,,137.0605,137.8112,1,0,1,0,1,,,,,,,,,,,,,,,,,,,,,,,,,,,,,,,,,,,,,,,,,,,,,,,,,,,,,,,,,,,,,,,,,,,,,,,,,,,,,,,,,,,,,,,,,,,,,,,,,,,,,,,,,,,,,,,,,,,,,,,,,,,,,,,,,,,,,
,,,2025-08-11_11h49.07.415,CFMT_CCMT_Face_recognition,03.02.2023,Win32,59.88023952,5987030cfd8cca00015cbc26,6899c7d7c4c961a016830ad3,6899c9e6bd6c17c70a8e8fea,,,,,,,,,,,,,,,,,,,,,,,,,,,,,,,,,,,,,,,,,,,,,,,,,,,137.8116,138.5608,2,0,2,0,1,,,,,,,,,,,,,,,,,,,,,,,,,,,,,,,,,,,,,,,,,,,,,,,,,,,,,,,,,,,,,,,,,,,,,,,,,,,,,,,,,,,,,,,,,,,,,,,,,,,,,,,,,,,,,,,,,,,,,,,,,,,,,,,,,,,,,
,,,2025-08-11_11h49.07.415,CFMT_CCMT_Face_recognition,03.02.2023,Win32,59.88023952,5987030cfd8cca00015cbc26,6899c7d7c4c961a016830ad3,6899c9e6bd6c17c70a8e8fea,,,,,,,,,,,,,,,,,,,,,,,,,,,,,,,,,,,,,,,,,,,,,,,,,,,138.5612,139.3103,3,0,3,0,1,,,,,,,,,,,,,,,,,,,,,,,,,,,,,,,,,,,,,,,,,,,,,,,,,,,,,,,,,,,,,,,,,,,,,,,,,,,,,,,,,,,,,,,,,,,,,,,,,,,,,,,,,,,,,,,,,,,,,,,,,,,,,,,,,,,,,
,,,2025-08-11_11h49.07.415,CFMT_CCMT_Face_recognition,03.02.2023,Win32,59.88023952,5987030cfd8cca00015cbc26,6899c7d7c4c961a016830ad3,6899c9e6bd6c17c70a8e8fea,,,,,,,,,,,,,,,,,,,,,,,,,,,,,,,,,,,,,,,,,,,,,,,,,,,139.3105,140.0611,4,0,4,0,1,,,,,,,,,,,,,,,,,,,,,,,,,,,,,,,,,,,,,,,,,,,,,,,,,,,,,,,,,,,,,,,,,,,,,,,,,,,,,,,,,,,,,,,,,,,,,,,,,,,,,,,,,,,,,,,,,,,,,,,,,,,,,,,,,,,,,
,,,2025-08-11_11h49.07.415,CFMT_CCMT_Face_recognition,03.02.2023,Win32,59.88023952,5987030cfd8cca00015cbc26,6899c7d7c4c961a016830ad3,6899c9e6bd6c17c70a8e8fea,,,,,,,,,,,,,,,,,,,,,,,,,,,,,,,,,,,,,,,,,,,,,,,,,,,140.0615,140.8108,5,0,5,0,1,,,,,,,,,,,,,,,,,,,,,,,,,,,,,,,,,,,,,,,,,,,,,,,,,,,,,,,,,,,,,,,,,,,,,,,,,,,,,,,,,,,,,,,,,,,,,,,,,,,,,,,,,,,,,,,,,,,,,,,,,,,,,,,,,,,,,
,,,2025-08-11_11h49.07.415,CFMT_CCMT_Face_recognition,03.02.2023,Win32,59.88023952,5987030cfd8cca00015cbc26,6899c7d7c4c961a016830ad3,6899c9e6bd6c17c70a8e8fea,,,,,,,,,,,,,,,,,,,,,,,,,,,,,,,,,,,,,,,,,,,,,,140.8117,2.378187744,143.1943,143.1943,143.1943,143.1949,143.9444,0,0,0,0,1,140.8109,140.8114,,0,,,,,,,,,,,,,,,,,,,,,,,,,,,,,,,,,,,,,,,,,,,,,,,,,,,,,,,,,,,,,,,,,,,,,,,,,,,,,,,,,,,,,,,,,,,,,,,,,,,,,,,,,,,,,,,,,,,,,,,,,,,,,,,,,
,,,2025-08-11_11h49.07.415,CFMT_CCMT_Face_recognition,03.02.2023,Win32,59.88023952,5987030cfd8cca00015cbc26,6899c7d7c4c961a016830ad3,6899c9e6bd6c17c70a8e8fea,,,,,,,,,,,,,,,,,,,,,,,,,,,,,,,,,,,,,,,,,,,,,,,,,,,143.9446,144.6945,1,0,1,0,1,,,,,,,,,,,,,,,,,,,,,,,,,,,,,,,,,,,,,,,,,,,,,,,,,,,,,,,,,,,,,,,,,,,,,,,,,,,,,,,,,,,,,,,,,,,,,,,,,,,,,,,,,,,,,,,,,,,,,,,,,,,,,,,,,,,,,
,,,2025-08-11_11h49.07.415,CFMT_CCMT_Face_recognition,03.02.2023,Win32,59.88023952,5987030cfd8cca00015cbc26,6899c7d7c4c961a016830ad3,6899c9e6bd6c17c70a8e8fea,,,,,,,,,,,,,,,,,,,,,,,,,,,,,,,,,,,,,,,,,,,,,,,,,,,144.6948,145.4445,2,0,2,0,1,,,,,,,,,,,,,,,,,,,,,,,,,,,,,,,,,,,,,,,,,,,,,,,,,,,,,,,,,,,,,,,,,,,,,,,,,,,,,,,,,,,,,,,,,,,,,,,,,,,,,,,,,,,,,,,,,,,,,,,,,,,,,,,,,,,,,
,,,2025-08-11_11h49.07.415,CFMT_CCMT_Face_recognition,03.02.2023,Win32,59.88023952,5987030cfd8cca00015cbc26,6899c7d7c4c961a016830ad3,6899c9e6bd6c17c70a8e8fea,,,,,,,,,,,,,,,,,,,,,,,,,,,,,,,,,,,,,,,,,,,,,,,,,,,145.4447,146.1945,3,0,3,0,1,,,,,,,,,,,,,,,,,,,,,,,,,,,,,,,,,,,,,,,,,,,,,,,,,,,,,,,,,,,,,,,,,,,,,,,,,,,,,,,,,,,,,,,,,,,,,,,,,,,,,,,,,,,,,,,,,,,,,,,,,,,,,,,,,,,,,
,,,2025-08-11_11h49.07.415,CFMT_CCMT_Face_recognition,03.02.2023,Win32,59.88023952,5987030cfd8cca00015cbc26,6899c7d7c4c961a016830ad3,6899c9e6bd6c17c70a8e8fea,,,,,,,,,,,,,,,,,,,,,,,,,,,,,,,,,,,,,,,,,,,,,,,,,,,146.1948,146.9437,4,0,4,0,1,,,,,,,,,,,,,,,,,,,,,,,,,,,,,,,,,,,,,,,,,,,,,,,,,,,,,,,,,,,,,,,,,,,,,,,,,,,,,,,,,,,,,,,,,,,,,,,,,,,,,,,,,,,,,,,,,,,,,,,,,,,,,,,,,,,,,
,,,2025-08-11_11h49.07.415,CFMT_CCMT_Face_recognition,03.02.2023,Win32,59.88023952,5987030cfd8cca00015cbc26,6899c7d7c4c961a016830ad3,6899c9e6bd6c17c70a8e8fea,,,,,,,,,,,,,,,,,,,,,,,,,,,,,,,,,,,,,,,,,,,,,,,,,,,146.944,147.6944,5,0,5,0,1,,,,,,,,,,,,,,,,,,,,,,,,,,,,,,,,,,,,,,,,,,,,,,,,,,,,,,,,,,,,,,,,,,,,,,,,,,,,,,,,,,,,,,,,,,,,,,,,,,,,,,,,,,,,,,,,,,,,,,,,,,,,,,,,,,,,,
,,,2025-08-11_11h49.07.415,CFMT_CCMT_Face_recognition,03.02.2023,Win32,59.88023952,5987030cfd8cca00015cbc26,6899c7d7c4c961a016830ad3,6899c9e6bd6c17c70a8e8fea,,,,,,,,,,,,,,,,,,,,,,,,,,,,,,,,,,,,,,,,,,,,,,151.2944,2.297306529,153.5939,153.5939,153.5939,153.5944,154.344,0,0,0,0,1,147.6945,151.2941,q,1,3.5846,,,,,,,,,,,,,,,,,,,,,,,,,,,,,,,,,,,,,,,,,,,,,,,,,,,,,,,,,,,,,,,,,,,,,,,,,,,,,,,,,,,,,,,,,,,,,,,,,,,,,,,,,,,,,,,,,,,,,,,,,,,,,,,,
,,,2025-08-11_11h49.07.415,CFMT_CCMT_Face_recognition,03.02.2023,Win32,59.88023952,5987030cfd8cca00015cbc26,6899c7d7c4c961a016830ad3,6899c9e6bd6c17c70a8e8fea,,,,,,,,,,,,,,,,,,,,,,,,,,,,,,,,,,,,,,,,,,,,,,,,,,,154.3444,155.0944,1,0,1,0,1,,,,,,,,,,,,,,,,,,,,,,,,,,,,,,,,,,,,,,,,,,,,,,,,,,,,,,,,,,,,,,,,,,,,,,,,,,,,,,,,,,,,,,,,,,,,,,,,,,,,,,,,,,,,,,,,,,,,,,,,,,,,,,,,,,,,,
,,,2025-08-11_11h49.07.415,CFMT_CCMT_Face_recognition,03.02.2023,Win32,59.88023952,5987030cfd8cca00015cbc26,6899c7d7c4c961a016830ad3,6899c9e6bd6c17c70a8e8fea,,,,,,,,,,,,,,,,,,,,,,,,,,,,,,,,,,,,,,,,,,,,,,,,,,,155.0948,155.8444,2,0,2,0,1,,,,,,,,,,,,,,,,,,,,,,,,,,,,,,,,,,,,,,,,,,,,,,,,,,,,,,,,,,,,,,,,,,,,,,,,,,,,,,,,,,,,,,,,,,,,,,,,,,,,,,,,,,,,,,,,,,,,,,,,,,,,,,,,,,,,,
,,,2025-08-11_11h49.07.415,CFMT_CCMT_Face_recognition,03.02.2023,Win32,59.88023952,5987030cfd8cca00015cbc26,6899c7d7c4c961a016830ad3,6899c9e6bd6c17c70a8e8fea,,,,,,,,,,,,,,,,,,,,,,,,,,,,,,,,,,,,,,,,,,,,,,,,,,,155.8448,156.5944,3,0,3,0,1,,,,,,,,,,,,,,,,,,,,,,,,,,,,,,,,,,,,,,,,,,,,,,,,,,,,,,,,,,,,,,,,,,,,,,,,,,,,,,,,,,,,,,,,,,,,,,,,,,,,,,,,,,,,,,,,,,,,,,,,,,,,,,,,,,,,,
,,,2025-08-11_11h49.07.415,CFMT_CCMT_Face_recognition,03.02.2023,Win32,59.88023952,5987030cfd8cca00015cbc26,6899c7d7c4c961a016830ad3,6899c9e6bd6c17c70a8e8fea,,,,,,,,,,,,,,,,,,,,,,,,,,,,,,,,,,,,,,,,,,,,,,,,,,,156.5948,157.3444,4,0,4,0,1,,,,,,,,,,,,,,,,,,,,,,,,,,,,,,,,,,,,,,,,,,,,,,,,,,,,,,,,,,,,,,,,,,,,,,,,,,,,,,,,,,,,,,,,,,,,,,,,,,,,,,,,,,,,,,,,,,,,,,,,,,,,,,,,,,,,,
,,,2025-08-11_11h49.07.415,CFMT_CCMT_Face_recognition,03.02.2023,Win32,59.88023952,5987030cfd8cca00015cbc26,6899c7d7c4c961a016830ad3,6899c9e6bd6c17c70a8e8fea,,,,,,,,,,,,,,,,,,,,,,,,,,,,,,,,,,,,,,,,,,,,,,,,,,,157.3447,158.094,5,0,5,0,1,,,,,,,,,,,,,,,,,,,,,,,,,,,,,,,,,,,,,,,,,,,,,,,,,,,,,,,,,,,,,,,,,,,,,,,,,,,,,,,,,,,,,,,,,,,,,,,,,,,,,,,,,,,,,,,,,,,,,,,,,,,,,,,,,,,,,
,,,2025-08-11_11h49.07.415,CFMT_CCMT_Face_recognition,03.02.2023,Win32,59.88023952,5987030cfd8cca00015cbc26,6899c7d7c4c961a016830ad3,6899c9e6bd6c17c70a8e8fea,,,,,,,,,,,,,,,,,,,,,,,,,,,,,,,,,,,,,,,,,,,,,,158.0946,1.792147034,159.8769,159.877,159.877,159.8777,160.6273,0,0,0,0,1,158.0941,158.0945,,0,,,,,,,,,,,,,,,,,,,,,,,,,,,,,,,,,,,,,,,,,,,,,,,,,,,,,,,,,,,,,,,,,,,,,,,,,,,,,,,,,,,,,,,,,,,,,,,,,,,,,,,,,,,,,,,,,,,,,,,,,,,,,,,,,
,,,2025-08-11_11h49.07.415,CFMT_CCMT_Face_recognition,03.02.2023,Win32,59.88023952,5987030cfd8cca00015cbc26,6899c7d7c4c961a016830ad3,6899c9e6bd6c17c70a8e8fea,,,,,,,,,,,,,,,,,,,,,,,,,,,,,,,,,,,,,,,,,,,,,,,,,,,160.6276,161.377,1,0,1,0,1,,,,,,,,,,,,,,,,,,,,,,,,,,,,,,,,,,,,,,,,,,,,,,,,,,,,,,,,,,,,,,,,,,,,,,,,,,,,,,,,,,,,,,,,,,,,,,,,,,,,,,,,,,,,,,,,,,,,,,,,,,,,,,,,,,,,,
,,,2025-08-11_11h49.07.415,CFMT_CCMT_Face_recognition,03.02.2023,Win32,59.88023952,5987030cfd8cca00015cbc26,6899c7d7c4c961a016830ad3,6899c9e6bd6c17c70a8e8fea,,,,,,,,,,,,,,,,,,,,,,,,,,,,,,,,,,,,,,,,,,,,,,,,,,,161.3773,162.1271,2,0,2,0,1,,,,,,,,,,,,,,,,,,,,,,,,,,,,,,,,,,,,,,,,,,,,,,,,,,,,,,,,,,,,,,,,,,,,,,,,,,,,,,,,,,,,,,,,,,,,,,,,,,,,,,,,,,,,,,,,,,,,,,,,,,,,,,,,,,,,,
,,,2025-08-11_11h49.07.415,CFMT_CCMT_Face_recognition,03.02.2023,Win32,59.88023952,5987030cfd8cca00015cbc26,6899c7d7c4c961a016830ad3,6899c9e6bd6c17c70a8e8fea,,,,,,,,,,,,,,,,,,,,,,,,,,,,,,,,,,,,,,,,,,,,,,,,,,,162.1273,162.877,3,0,3,0,1,,,,,,,,,,,,,,,,,,,,,,,,,,,,,,,,,,,,,,,,,,,,,,,,,,,,,,,,,,,,,,,,,,,,,,,,,,,,,,,,,,,,,,,,,,,,,,,,,,,,,,,,,,,,,,,,,,,,,,,,,,,,,,,,,,,,,
,,,2025-08-11_11h49.07.415,CFMT_CCMT_Face_recognition,03.02.2023,Win32,59.88023952,5987030cfd8cca00015cbc26,6899c7d7c4c961a016830ad3,6899c9e6bd6c17c70a8e8fea,,,,,,,,,,,,,,,,,,,,,,,,,,,,,,,,,,,,,,,,,,,,,,,,,,,162.8773,163.6276,4,0,4,0,1,,,,,,,,,,,,,,,,,,,,,,,,,,,,,,,,,,,,,,,,,,,,,,,,,,,,,,,,,,,,,,,,,,,,,,,,,,,,,,,,,,,,,,,,,,,,,,,,,,,,,,,,,,,,,,,,,,,,,,,,,,,,,,,,,,,,,
,,,2025-08-11_11h49.07.415,CFMT_CCMT_Face_recognition,03.02.2023,Win32,59.88023952,5987030cfd8cca00015cbc26,6899c7d7c4c961a016830ad3,6899c9e6bd6c17c70a8e8fea,,,,,,,,,,,,,,,,,,,,,,,,,,,,,,,,,,,,,,,,,,,,,,,,,,,163.6279,164.3778,5,0,5,0,1,,,,,,,,,,,,,,,,,,,,,,,,,,,,,,,,,,,,,,,,,,,,,,,,,,,,,,,,,,,,,,,,,,,,,,,,,,,,,,,,,,,,,,,,,,,,,,,,,,,,,,,,,,,,,,,,,,,,,,,,,,,,,,,,,,,,,
,,,2025-08-11_11h49.07.415,CFMT_CCMT_Face_recognition,03.02.2023,Win32,59.88023952,5987030cfd8cca00015cbc26,6899c7d7c4c961a016830ad3,6899c9e6bd6c17c70a8e8fea,,,,,,,,,,,,,,,,,,,,,,,,,,,,,,,,,,,,,,,,,,,,,,164.3785,1.849785272,166.2276,166.2276,166.2278,166.2286,166.9771,0,0,0,0,1,164.3779,164.3785,,0,,,,,,,,,,,,,,,,,,,,,,,,,,,,,,,,,,,,,,,,,,,,,,,,,,,,,,,,,,,,,,,,,,,,,,,,,,,,,,,,,,,,,,,,,,,,,,,,,,,,,,,,,,,,,,,,,,,,,,,,,,,,,,,,,
,,,2025-08-11_11h49.07.415,CFMT_CCMT_Face_recognition,03.02.2023,Win32,59.88023952,5987030cfd8cca00015cbc26,6899c7d7c4c961a016830ad3,6899c9e6bd6c17c70a8e8fea,,,,,,,,,,,,,,,,,,,,,,,,,,,,,,,,,,,,,,,,,,,,,,,,,,,166.9773,167.7278,1,0,1,0,1,,,,,,,,,,,,,,,,,,,,,,,,,,,,,,,,,,,,,,,,,,,,,,,,,,,,,,,,,,,,,,,,,,,,,,,,,,,,,,,,,,,,,,,,,,,,,,,,,,,,,,,,,,,,,,,,,,,,,,,,,,,,,,,,,,,,,
,,,2025-08-11_11h49.07.415,CFMT_CCMT_Face_recognition,03.02.2023,Win32,59.88023952,5987030cfd8cca00015cbc26,6899c7d7c4c961a016830ad3,6899c9e6bd6c17c70a8e8fea,,,,,,,,,,,,,,,,,,,,,,,,,,,,,,,,,,,,,,,,,,,,,,,,,,,167.7281,168.4777,2,0,2,0,1,,,,,,,,,,,,,,,,,,,,,,,,,,,,,,,,,,,,,,,,,,,,,,,,,,,,,,,,,,,,,,,,,,,,,,,,,,,,,,,,,,,,,,,,,,,,,,,,,,,,,,,,,,,,,,,,,,,,,,,,,,,,,,,,,,,,,
,,,2025-08-11_11h49.07.415,CFMT_CCMT_Face_recognition,03.02.2023,Win32,59.88023952,5987030cfd8cca00015cbc26,6899c7d7c4c961a016830ad3,6899c9e6bd6c17c70a8e8fea,,,,,,,,,,,,,,,,,,,,,,,,,,,,,,,,,,,,,,,,,,,,,,,,,,,168.4781,169.2269,3,0,3,0,1,,,,,,,,,,,,,,,,,,,,,,,,,,,,,,,,,,,,,,,,,,,,,,,,,,,,,,,,,,,,,,,,,,,,,,,,,,,,,,,,,,,,,,,,,,,,,,,,,,,,,,,,,,,,,,,,,,,,,,,,,,,,,,,,,,,,,
,,,2025-08-11_11h49.07.415,CFMT_CCMT_Face_recognition,03.02.2023,Win32,59.88023952,5987030cfd8cca00015cbc26,6899c7d7c4c961a016830ad3,6899c9e6bd6c17c70a8e8fea,,,,,,,,,,,,,,,,,,,,,,,,,,,,,,,,,,,,,,,,,,,,,,,,,,,169.2271,169.9775,4,0,4,0,1,,,,,,,,,,,,,,,,,,,,,,,,,,,,,,,,,,,,,,,,,,,,,,,,,,,,,,,,,,,,,,,,,,,,,,,,,,,,,,,,,,,,,,,,,,,,,,,,,,,,,,,,,,,,,,,,,,,,,,,,,,,,,,,,,,,,,
,,,2025-08-11_11h49.07.415,CFMT_CCMT_Face_recognition,03.02.2023,Win32,59.88023952,5987030cfd8cca00015cbc26,6899c7d7c4c961a016830ad3,6899c9e6bd6c17c70a8e8fea,,,,,,,,,,,,,,,,,,,,,,,,,,,,,,,,,,,,,,,,,,,,,,,,,,,169.9778,170.7277,5,0,5,0,1,,,,,,,,,,,,,,,,,,,,,,,,,,,,,,,,,,,,,,,,,,,,,,,,,,,,,,,,,,,,,,,,,,,,,,,,,,,,,,,,,,,,,,,,,,,,,,,,,,,,,,,,,,,,,,,,,,,,,,,,,,,,,,,,,,,,,
,,,2025-08-11_11h49.07.415,CFMT_CCMT_Face_recognition,03.02.2023,Win32,59.88023952,5987030cfd8cca00015cbc26,6899c7d7c4c961a016830ad3,6899c9e6bd6c17c70a8e8fea,,,,,,,,,,,,,,,,,,,,,,,,,,,,,,,,,,,,,,,,,,,,,,170.7287,1.990262248,172.7106,172.7106,172.7106,172.7112,173.461,0,0,0,0,1,170.7278,170.7285,,0,,,,,,,,,,,,,,,,,,,,,,,,,,,,,,,,,,,,,,,,,,,,,,,,,,,,,,,,,,,,,,,,,,,,,,,,,,,,,,,,,,,,,,,,,,,,,,,,,,,,,,,,,,,,,,,,,,,,,,,,,,,,,,,,,
,,,2025-08-11_11h49.07.415,CFMT_CCMT_Face_recognition,03.02.2023,Win32,59.88023952,5987030cfd8cca00015cbc26,6899c7d7c4c961a016830ad3,6899c9e6bd6c17c70a8e8fea,,,,,,,,,,,,,,,,,,,,,,,,,,,,,,,,,,,,,,,,,,,,,,,,,,,173.4613,174.2113,1,0,1,0,1,,,,,,,,,,,,,,,,,,,,,,,,,,,,,,,,,,,,,,,,,,,,,,,,,,,,,,,,,,,,,,,,,,,,,,,,,,,,,,,,,,,,,,,,,,,,,,,,,,,,,,,,,,,,,,,,,,,,,,,,,,,,,,,,,,,,,
,,,2025-08-11_11h49.07.415,CFMT_CCMT_Face_recognition,03.02.2023,Win32,59.88023952,5987030cfd8cca00015cbc26,6899c7d7c4c961a016830ad3,6899c9e6bd6c17c70a8e8fea,,,,,,,,,,,,,,,,,,,,,,,,,,,,,,,,,,,,,,,,,,,,,,,,,,,174.2116,174.9606,2,0,2,0,1,,,,,,,,,,,,,,,,,,,,,,,,,,,,,,,,,,,,,,,,,,,,,,,,,,,,,,,,,,,,,,,,,,,,,,,,,,,,,,,,,,,,,,,,,,,,,,,,,,,,,,,,,,,,,,,,,,,,,,,,,,,,,,,,,,,,,
,,,2025-08-11_11h49.07.415,CFMT_CCMT_Face_recognition,03.02.2023,Win32,59.88023952,5987030cfd8cca00015cbc26,6899c7d7c4c961a016830ad3,6899c9e6bd6c17c70a8e8fea,,,,,,,,,,,,,,,,,,,,,,,,,,,,,,,,,,,,,,,,,,,,,,,,,,,174.9609,175.7106,3,0,3,0,1,,,,,,,,,,,,,,,,,,,,,,,,,,,,,,,,,,,,,,,,,,,,,,,,,,,,,,,,,,,,,,,,,,,,,,,,,,,,,,,,,,,,,,,,,,,,,,,,,,,,,,,,,,,,,,,,,,,,,,,,,,,,,,,,,,,,,
,,,2025-08-11_11h49.07.415,CFMT_CCMT_Face_recognition,03.02.2023,Win32,59.88023952,5987030cfd8cca00015cbc26,6899c7d7c4c961a016830ad3,6899c9e6bd6c17c70a8e8fea,,,,,,,,,,,,,,,,,,,,,,,,,,,,,,,,,,,,,,,,,,,,,,,,,,,175.7108,176.461,4,0,4,0,1,,,,,,,,,,,,,,,,,,,,,,,,,,,,,,,,,,,,,,,,,,,,,,,,,,,,,,,,,,,,,,,,,,,,,,,,,,,,,,,,,,,,,,,,,,,,,,,,,,,,,,,,,,,,,,,,,,,,,,,,,,,,,,,,,,,,,
,,,2025-08-11_11h49.07.415,CFMT_CCMT_Face_recognition,03.02.2023,Win32,59.88023952,5987030cfd8cca00015cbc26,6899c7d7c4c961a016830ad3,6899c9e6bd6c17c70a8e8fea,,,,,,,,,,,,,,,,,,,,,,,,,,,,,,,,,,,,,,,,,,,,,,,,,,,176.4613,177.2103,5,0,5,0,1,,,,,,,,,,,,,,,,,,,,,,,,,,,,,,,,,,,,,,,,,,,,,,,,,,,,,,,,,,,,,,,,,,,,,,,,,,,,,,,,,,,,,,,,,,,,,,,,,,,,,,,,,,,,,,,,,,,,,,,,,,,,,,,,,,,,,
,,,2025-08-11_11h49.07.415,CFMT_CCMT_Face_recognition,03.02.2023,Win32,59.88023952,5987030cfd8cca00015cbc26,6899c7d7c4c961a016830ad3,6899c9e6bd6c17c70a8e8fea,,,,,,,,,,,,,,,,,,,,,,,,,,,,,,,,,,,,,,,,,,,,,,177.2108,1.593944938,178.7944,178.7944,178.7944,178.7951,179.5436,0,0,0,0,1,177.2103,177.2108,,0,,,,,,,,,,,,,,,,,,,,,,,,,,,,,,,,,,,,,,,,,,,,,,,,,,,,,,,,,,,,,,,,,,,,,,,,,,,,,,,,,,,,,,,,,,,,,,,,,,,,,,,,,,,,,,,,,,,,,,,,,,,,,,,,,
,,,2025-08-11_11h49.07.415,CFMT_CCMT_Face_recognition,03.02.2023,Win32,59.88023952,5987030cfd8cca00015cbc26,6899c7d7c4c961a016830ad3,6899c9e6bd6c17c70a8e8fea,,,,,,,,,,,,,,,,,,,,,,,,,,,,,,,,,,,,,,,,,,,,,,,,,,,179.5439,180.2943,1,0,1,0,1,,,,,,,,,,,,,,,,,,,,,,,,,,,,,,,,,,,,,,,,,,,,,,,,,,,,,,,,,,,,,,,,,,,,,,,,,,,,,,,,,,,,,,,,,,,,,,,,,,,,,,,,,,,,,,,,,,,,,,,,,,,,,,,,,,,,,
,,,2025-08-11_11h49.07.415,CFMT_CCMT_Face_recognition,03.02.2023,Win32,59.88023952,5987030cfd8cca00015cbc26,6899c7d7c4c961a016830ad3,6899c9e6bd6c17c70a8e8fea,,,,,,,,,,,,,,,,,,,,,,,,,,,,,,,,,,,,,,,,,,,,,,,,,,,180.2946,181.0444,2,0,2,0,1,,,,,,,,,,,,,,,,,,,,,,,,,,,,,,,,,,,,,,,,,,,,,,,,,,,,,,,,,,,,,,,,,,,,,,,,,,,,,,,,,,,,,,,,,,,,,,,,,,,,,,,,,,,,,,,,,,,,,,,,,,,,,,,,,,,,,
,,,2025-08-11_11h49.07.415,CFMT_CCMT_Face_recognition,03.02.2023,Win32,59.88023952,5987030cfd8cca00015cbc26,6899c7d7c4c961a016830ad3,6899c9e6bd6c17c70a8e8fea,,,,,,,,,,,,,,,,,,,,,,,,,,,,,,,,,,,,,,,,,,,,,,,,,,,181.0448,181.7942,3,0,3,0,1,,,,,,,,,,,,,,,,,,,,,,,,,,,,,,,,,,,,,,,,,,,,,,,,,,,,,,,,,,,,,,,,,,,,,,,,,,,,,,,,,,,,,,,,,,,,,,,,,,,,,,,,,,,,,,,,,,,,,,,,,,,,,,,,,,,,,
,,,2025-08-11_11h49.07.415,CFMT_CCMT_Face_recognition,03.02.2023,Win32,59.88023952,5987030cfd8cca00015cbc26,6899c7d7c4c961a016830ad3,6899c9e6bd6c17c70a8e8fea,,,,,,,,,,,,,,,,,,,,,,,,,,,,,,,,,,,,,,,,,,,,,,,,,,,181.7945,182.5439,4,0,4,0,1,,,,,,,,,,,,,,,,,,,,,,,,,,,,,,,,,,,,,,,,,,,,,,,,,,,,,,,,,,,,,,,,,,,,,,,,,,,,,,,,,,,,,,,,,,,,,,,,,,,,,,,,,,,,,,,,,,,,,,,,,,,,,,,,,,,,,
,,,2025-08-11_11h49.07.415,CFMT_CCMT_Face_recognition,03.02.2023,Win32,59.88023952,5987030cfd8cca00015cbc26,6899c7d7c4c961a016830ad3,6899c9e6bd6c17c70a8e8fea,,,,,,,,,,,,,,,,,,,,,,,,,,,,,,,,,,,,,,,,,,,,,,,,,,,182.5442,183.2944,5,0,5,0,1,,,,,,,,,,,,,,,,,,,,,,,,,,,,,,,,,,,,,,,,,,,,,,,,,,,,,,,,,,,,,,,,,,,,,,,,,,,,,,,,,,,,,,,,,,,,,,,,,,,,,,,,,,,,,,,,,,,,,,,,,,,,,,,,,,,,,
,,,2025-08-11_11h49.07.415,CFMT_CCMT_Face_recognition,03.02.2023,Win32,59.88023952,5987030cfd8cca00015cbc26,6899c7d7c4c961a016830ad3,6899c9e6bd6c17c70a8e8fea,,,,,,,,,,,,,,,,,,,,,,,,,,,,,,,,,,,,,,,,,,,,,,183.2953,2.179790434,185.4769,185.4769,185.477,185.4775,186.2277,0,0,0,0,1,183.2945,183.2952,,0,,,,,,,,,,,,,,,,,,,,,,,,,,,,,,,,,,,,,,,,,,,,,,,,,,,,,,,,,,,,,,,,,,,,,,,,,,,,,,,,,,,,,,,,,,,,,,,,,,,,,,,,,,,,,,,,,,,,,,,,,,,,,,,,,
,,,2025-08-11_11h49.07.415,CFMT_CCMT_Face_recognition,03.02.2023,Win32,59.88023952,5987030cfd8cca00015cbc26,6899c7d7c4c961a016830ad3,6899c9e6bd6c17c70a8e8fea,,,,,,,,,,,,,,,,,,,,,,,,,,,,,,,,,,,,,,,,,,,,,,,,,,,186.2281,186.9778,1,0,1,0,1,,,,,,,,,,,,,,,,,,,,,,,,,,,,,,,,,,,,,,,,,,,,,,,,,,,,,,,,,,,,,,,,,,,,,,,,,,,,,,,,,,,,,,,,,,,,,,,,,,,,,,,,,,,,,,,,,,,,,,,,,,,,,,,,,,,,,
,,,2025-08-11_11h49.07.415,CFMT_CCMT_Face_recognition,03.02.2023,Win32,59.88023952,5987030cfd8cca00015cbc26,6899c7d7c4c961a016830ad3,6899c9e6bd6c17c70a8e8fea,,,,,,,,,,,,,,,,,,,,,,,,,,,,,,,,,,,,,,,,,,,,,,,,,,,186.9782,187.727,2,0,2,0,1,,,,,,,,,,,,,,,,,,,,,,,,,,,,,,,,,,,,,,,,,,,,,,,,,,,,,,,,,,,,,,,,,,,,,,,,,,,,,,,,,,,,,,,,,,,,,,,,,,,,,,,,,,,,,,,,,,,,,,,,,,,,,,,,,,,,,
,,,2025-08-11_11h49.07.415,CFMT_CCMT_Face_recognition,03.02.2023,Win32,59.88023952,5987030cfd8cca00015cbc26,6899c7d7c4c961a016830ad3,6899c9e6bd6c17c70a8e8fea,,,,,,,,,,,,,,,,,,,,,,,,,,,,,,,,,,,,,,,,,,,,,,,,,,,187.7272,188.4778,3,0,3,0,1,,,,,,,,,,,,,,,,,,,,,,,,,,,,,,,,,,,,,,,,,,,,,,,,,,,,,,,,,,,,,,,,,,,,,,,,,,,,,,,,,,,,,,,,,,,,,,,,,,,,,,,,,,,,,,,,,,,,,,,,,,,,,,,,,,,,,
,,,2025-08-11_11h49.07.415,CFMT_CCMT_Face_recognition,03.02.2023,Win32,59.88023952,5987030cfd8cca00015cbc26,6899c7d7c4c961a016830ad3,6899c9e6bd6c17c70a8e8fea,,,,,,,,,,,,,,,,,,,,,,,,,,,,,,,,,,,,,,,,,,,,,,,,,,,188.478,189.2269,4,0,4,0,1,,,,,,,,,,,,,,,,,,,,,,,,,,,,,,,,,,,,,,,,,,,,,,,,,,,,,,,,,,,,,,,,,,,,,,,,,,,,,,,,,,,,,,,,,,,,,,,,,,,,,,,,,,,,,,,,,,,,,,,,,,,,,,,,,,,,,
,,,2025-08-11_11h49.07.415,CFMT_CCMT_Face_recognition,03.02.2023,Win32,59.88023952,5987030cfd8cca00015cbc26,6899c7d7c4c961a016830ad3,6899c9e6bd6c17c70a8e8fea,,,,,,,,,,,,,,,,,,,,,,,,,,,,,,,,,,,,,,,,,,,,,,,,,,,189.2271,189.9776,5,0,5,0,1,,,,,,,,,,,,,,,,,,,,,,,,,,,,,,,,,,,,,,,,,,,,,,,,,,,,,,,,,,,,,,,,,,,,,,,,,,,,,,,,,,,,,,,,,,,,,,,,,,,,,,,,,,,,,,,,,,,,,,,,,,,,,,,,,,,,,
,,,2025-08-11_11h49.07.415,CFMT_CCMT_Face_recognition,03.02.2023,Win32,59.88023952,5987030cfd8cca00015cbc26,6899c7d7c4c961a016830ad3,6899c9e6bd6c17c70a8e8fea,,,,,,,,,,,,,,,,,,,,,,,,,,,,,,,,,,,,,,,,,,,,,,194.0111,2.278878976,196.2944,196.2944,196.2944,196.295,197.0437,0,0,0,0,1,189.9778,194.0108,q,1,4.0283,,,,,,,,,,,,,,,,,,,,,,,,,,,,,,,,,,,,,,,,,,,,,,,,,,,,,,,,,,,,,,,,,,,,,,,,,,,,,,,,,,,,,,,,,,,,,,,,,,,,,,,,,,,,,,,,,,,,,,,,,,,,,,,,
,,,2025-08-11_11h49.07.415,CFMT_CCMT_Face_recognition,03.02.2023,Win32,59.88023952,5987030cfd8cca00015cbc26,6899c7d7c4c961a016830ad3,6899c9e6bd6c17c70a8e8fea,,,,,,,,,,,,,,,,,,,,,,,,,,,,,,,,,,,,,,,,,,,,,,,,,,,197.044,197.7941,1,0,1,0,1,,,,,,,,,,,,,,,,,,,,,,,,,,,,,,,,,,,,,,,,,,,,,,,,,,,,,,,,,,,,,,,,,,,,,,,,,,,,,,,,,,,,,,,,,,,,,,,,,,,,,,,,,,,,,,,,,,,,,,,,,,,,,,,,,,,,,
,,,2025-08-11_11h49.07.415,CFMT_CCMT_Face_recognition,03.02.2023,Win32,59.88023952,5987030cfd8cca00015cbc26,6899c7d7c4c961a016830ad3,6899c9e6bd6c17c70a8e8fea,,,,,,,,,,,,,,,,,,,,,,,,,,,,,,,,,,,,,,,,,,,,,,,,,,,197.7945,198.5436,2,0,2,0,1,,,,,,,,,,,,,,,,,,,,,,,,,,,,,,,,,,,,,,,,,,,,,,,,,,,,,,,,,,,,,,,,,,,,,,,,,,,,,,,,,,,,,,,,,,,,,,,,,,,,,,,,,,,,,,,,,,,,,,,,,,,,,,,,,,,,,
,,,2025-08-11_11h49.07.415,CFMT_CCMT_Face_recognition,03.02.2023,Win32,59.88023952,5987030cfd8cca00015cbc26,6899c7d7c4c961a016830ad3,6899c9e6bd6c17c70a8e8fea,,,,,,,,,,,,,,,,,,,,,,,,,,,,,,,,,,,,,,,,,,,,,,,,,,,198.5438,199.2939,3,0,3,0,1,,,,,,,,,,,,,,,,,,,,,,,,,,,,,,,,,,,,,,,,,,,,,,,,,,,,,,,,,,,,,,,,,,,,,,,,,,,,,,,,,,,,,,,,,,,,,,,,,,,,,,,,,,,,,,,,,,,,,,,,,,,,,,,,,,,,,
,,,2025-08-11_11h49.07.415,CFMT_CCMT_Face_recognition,03.02.2023,Win32,59.88023952,5987030cfd8cca00015cbc26,6899c7d7c4c961a016830ad3,6899c9e6bd6c17c70a8e8fea,,,,,,,,,,,,,,,,,,,,,,,,,,,,,,,,,,,,,,,,,,,,,,,,,,,199.2941,200.0443,4,0,4,0,1,,,,,,,,,,,,,,,,,,,,,,,,,,,,,,,,,,,,,,,,,,,,,,,,,,,,,,,,,,,,,,,,,,,,,,,,,,,,,,,,,,,,,,,,,,,,,,,,,,,,,,,,,,,,,,,,,,,,,,,,,,,,,,,,,,,,,
,,,2025-08-11_11h49.07.415,CFMT_CCMT_Face_recognition,03.02.2023,Win32,59.88023952,5987030cfd8cca00015cbc26,6899c7d7c4c961a016830ad3,6899c9e6bd6c17c70a8e8fea,,,,,,,,,,,,,,,,,,,,,,,,,,,,,,,,,,,,,,,,,,,,,,,,,,,200.0445,200.7946,5,0,5,0,1,,,,,,,,,,,,,,,,,,,,,,,,,,,,,,,,,,,,,,,,,,,,,,,,,,,,,,,,,,,,,,,,,,,,,,,,,,,,,,,,,,,,,,,,,,,,,,,,,,,,,,,,,,,,,,,,,,,,,,,,,,,,,,,,,,,,,
,,,2025-08-11_11h49.07.415,CFMT_CCMT_Face_recognition,03.02.2023,Win32,59.88023952,5987030cfd8cca00015cbc26,6899c7d7c4c961a016830ad3,6899c9e6bd6c17c70a8e8fea,,,,,,,,,,,,,,,,,,,,,,,,,,,,,,,,,,,,,,,,,,,,,,200.7952,1.573136862,202.3608,202.3608,202.3609,202.3615,203.111,0,0,0,0,1,200.7946,200.7951,,0,,,,,,,,,,,,,,,,,,,,,,,,,,,,,,,,,,,,,,,,,,,,,,,,,,,,,,,,,,,,,,,,,,,,,,,,,,,,,,,,,,,,,,,,,,,,,,,,,,,,,,,,,,,,,,,,,,,,,,,,,,,,,,,,,
,,,2025-08-11_11h49.07.415,CFMT_CCMT_Face_recognition,03.02.2023,Win32,59.88023952,5987030cfd8cca00015cbc26,6899c7d7c4c961a016830ad3,6899c9e6bd6c17c70a8e8fea,,,,,,,,,,,,,,,,,,,,,,,,,,,,,,,,,,,,,,,,,,,,,,,,,,,203.1114,203.8611,1,0,1,0,1,,,,,,,,,,,,,,,,,,,,,,,,,,,,,,,,,,,,,,,,,,,,,,,,,,,,,,,,,,,,,,,,,,,,,,,,,,,,,,,,,,,,,,,,,,,,,,,,,,,,,,,,,,,,,,,,,,,,,,,,,,,,,,,,,,,,,
,,,2025-08-11_11h49.07.415,CFMT_CCMT_Face_recognition,03.02.2023,Win32,59.88023952,5987030cfd8cca00015cbc26,6899c7d7c4c961a016830ad3,6899c9e6bd6c17c70a8e8fea,,,,,,,,,,,,,,,,,,,,,,,,,,,,,,,,,,,,,,,,,,,,,,,,,,,203.8614,204.6108,2,0,2,0,1,,,,,,,,,,,,,,,,,,,,,,,,,,,,,,,,,,,,,,,,,,,,,,,,,,,,,,,,,,,,,,,,,,,,,,,,,,,,,,,,,,,,,,,,,,,,,,,,,,,,,,,,,,,,,,,,,,,,,,,,,,,,,,,,,,,,,
,,,2025-08-11_11h49.07.415,CFMT_CCMT_Face_recognition,03.02.2023,Win32,59.88023952,5987030cfd8cca00015cbc26,6899c7d7c4c961a016830ad3,6899c9e6bd6c17c70a8e8fea,,,,,,,,,,,,,,,,,,,,,,,,,,,,,,,,,,,,,,,,,,,,,,,,,,,204.611,205.3602,3,0,3,0,1,,,,,,,,,,,,,,,,,,,,,,,,,,,,,,,,,,,,,,,,,,,,,,,,,,,,,,,,,,,,,,,,,,,,,,,,,,,,,,,,,,,,,,,,,,,,,,,,,,,,,,,,,,,,,,,,,,,,,,,,,,,,,,,,,,,,,
,,,2025-08-11_11h49.07.415,CFMT_CCMT_Face_recognition,03.02.2023,Win32,59.88023952,5987030cfd8cca00015cbc26,6899c7d7c4c961a016830ad3,6899c9e6bd6c17c70a8e8fea,,,,,,,,,,,,,,,,,,,,,,,,,,,,,,,,,,,,,,,,,,,,,,,,,,,205.3603,206.111,4,0,4,0,1,,,,,,,,,,,,,,,,,,,,,,,,,,,,,,,,,,,,,,,,,,,,,,,,,,,,,,,,,,,,,,,,,,,,,,,,,,,,,,,,,,,,,,,,,,,,,,,,,,,,,,,,,,,,,,,,,,,,,,,,,,,,,,,,,,,,,
,,,2025-08-11_11h49.07.415,CFMT_CCMT_Face_recognition,03.02.2023,Win32,59.88023952,5987030cfd8cca00015cbc26,6899c7d7c4c961a016830ad3,6899c9e6bd6c17c70a8e8fea,,,,,,,,,,,,,,,,,,,,,,,,,,,,,,,,,,,,,,,,,,,,,,,,,,,206.1113,206.8603,5,0,5,0,1,,,,,,,,,,,,,,,,,,,,,,,,,,,,,,,,,,,,,,,,,,,,,,,,,,,,,,,,,,,,,,,,,,,,,,,,,,,,,,,,,,,,,,,,,,,,,,,,,,,,,,,,,,,,,,,,,,,,,,,,,,,,,,,,,,,,,
,,,2025-08-11_11h49.07.415,CFMT_CCMT_Face_recognition,03.02.2023,Win32,59.88023952,5987030cfd8cca00015cbc26,6899c7d7c4c961a016830ad3,6899c9e6bd6c17c70a8e8fea,,,,,,,,,,,,,,,,,,,,,,,,,,,,,,,,,,,,,,,,,,,,,,206.8613,1.506960084,208.3609,208.3609,208.3609,208.3613,209.1103,0,0,0,0,1,206.8603,206.8611,,0,,,,,,,,,,,,,,,,,,,,,,,,,,,,,,,,,,,,,,,,,,,,,,,,,,,,,,,,,,,,,,,,,,,,,,,,,,,,,,,,,,,,,,,,,,,,,,,,,,,,,,,,,,,,,,,,,,,,,,,,,,,,,,,,,
,,,2025-08-11_11h49.07.415,CFMT_CCMT_Face_recognition,03.02.2023,Win32,59.88023952,5987030cfd8cca00015cbc26,6899c7d7c4c961a016830ad3,6899c9e6bd6c17c70a8e8fea,,,,,,,,,,,,,,,,,,,,,,,,,,,,,,,,,,,,,,,,,,,,,,,,,,,209.1106,209.861,1,0,1,0,1,,,,,,,,,,,,,,,,,,,,,,,,,,,,,,,,,,,,,,,,,,,,,,,,,,,,,,,,,,,,,,,,,,,,,,,,,,,,,,,,,,,,,,,,,,,,,,,,,,,,,,,,,,,,,,,,,,,,,,,,,,,,,,,,,,,,,
,,,2025-08-11_11h49.07.415,CFMT_CCMT_Face_recognition,03.02.2023,Win32,59.88023952,5987030cfd8cca00015cbc26,6899c7d7c4c961a016830ad3,6899c9e6bd6c17c70a8e8fea,,,,,,,,,,,,,,,,,,,,,,,,,,,,,,,,,,,,,,,,,,,,,,,,,,,209.8612,210.611,2,0,2,0,1,,,,,,,,,,,,,,,,,,,,,,,,,,,,,,,,,,,,,,,,,,,,,,,,,,,,,,,,,,,,,,,,,,,,,,,,,,,,,,,,,,,,,,,,,,,,,,,,,,,,,,,,,,,,,,,,,,,,,,,,,,,,,,,,,,,,,
,,,2025-08-11_11h49.07.415,CFMT_CCMT_Face_recognition,03.02.2023,Win32,59.88023952,5987030cfd8cca00015cbc26,6899c7d7c4c961a016830ad3,6899c9e6bd6c17c70a8e8fea,,,,,,,,,,,,,,,,,,,,,,,,,,,,,,,,,,,,,,,,,,,,,,,,,,,210.6113,211.361,3,0,3,0,1,,,,,,,,,,,,,,,,,,,,,,,,,,,,,,,,,,,,,,,,,,,,,,,,,,,,,,,,,,,,,,,,,,,,,,,,,,,,,,,,,,,,,,,,,,,,,,,,,,,,,,,,,,,,,,,,,,,,,,,,,,,,,,,,,,,,,
,,,2025-08-11_11h49.07.415,CFMT_CCMT_Face_recognition,03.02.2023,Win32,59.88023952,5987030cfd8cca00015cbc26,6899c7d7c4c961a016830ad3,6899c9e6bd6c17c70a8e8fea,,,,,,,,,,,,,,,,,,,,,,,,,,,,,,,,,,,,,,,,,,,,,,,,,,,211.3614,212.1107,4,0,4,0,1,,,,,,,,,,,,,,,,,,,,,,,,,,,,,,,,,,,,,,,,,,,,,,,,,,,,,,,,,,,,,,,,,,,,,,,,,,,,,,,,,,,,,,,,,,,,,,,,,,,,,,,,,,,,,,,,,,,,,,,,,,,,,,,,,,,,,
,,,2025-08-11_11h49.07.415,CFMT_CCMT_Face_recognition,03.02.2023,Win32,59.88023952,5987030cfd8cca00015cbc26,6899c7d7c4c961a016830ad3,6899c9e6bd6c17c70a8e8fea,,,,,,,,,,,,,,,,,,,,,,,,,,,,,,,,,,,,,,,,,,,,,,,,,,,212.111,212.8613,5,0,5,0,1,,,,,,,,,,,,,,,,,,,,,,,,,,,,,,,,,,,,,,,,,,,,,,,,,,,,,,,,,,,,,,,,,,,,,,,,,,,,,,,,,,,,,,,,,,,,,,,,,,,,,,,,,,,,,,,,,,,,,,,,,,,,,,,,,,,,,
,,,2025-08-11_11h49.07.415,CFMT_CCMT_Face_recognition,03.02.2023,Win32,59.88023952,5987030cfd8cca00015cbc26,6899c7d7c4c961a016830ad3,6899c9e6bd6c17c70a8e8fea,,,,,,,,,,,,,,,,,,,,,,,,,,,,,,,,,,,,,,,,,,,,,,212.8621,2.116419921,214.9772,214.9772,214.9772,214.9777,215.7278,0,0,0,0,1,212.8614,212.862,,0,,,,,,,,,,,,,,,,,,,,,,,,,,,,,,,,,,,,,,,,,,,,,,,,,,,,,,,,,,,,,,,,,,,,,,,,,,,,,,,,,,,,,,,,,,,,,,,,,,,,,,,,,,,,,,,,,,,,,,,,,,,,,,,,,
,,,2025-08-11_11h49.07.415,CFMT_CCMT_Face_recognition,03.02.2023,Win32,59.88023952,5987030cfd8cca00015cbc26,6899c7d7c4c961a016830ad3,6899c9e6bd6c17c70a8e8fea,,,,,,,,,,,,,,,,,,,,,,,,,,,,,,,,,,,,,,,,,,,,,,,,,,,215.7281,216.4776,1,0,1,0,1,,,,,,,,,,,,,,,,,,,,,,,,,,,,,,,,,,,,,,,,,,,,,,,,,,,,,,,,,,,,,,,,,,,,,,,,,,,,,,,,,,,,,,,,,,,,,,,,,,,,,,,,,,,,,,,,,,,,,,,,,,,,,,,,,,,,,
,,,2025-08-11_11h49.07.415,CFMT_CCMT_Face_recognition,03.02.2023,Win32,59.88023952,5987030cfd8cca00015cbc26,6899c7d7c4c961a016830ad3,6899c9e6bd6c17c70a8e8fea,,,,,,,,,,,,,,,,,,,,,,,,,,,,,,,,,,,,,,,,,,,,,,,,,,,216.4779,217.2269,2,0,2,0,1,,,,,,,,,,,,,,,,,,,,,,,,,,,,,,,,,,,,,,,,,,,,,,,,,,,,,,,,,,,,,,,,,,,,,,,,,,,,,,,,,,,,,,,,,,,,,,,,,,,,,,,,,,,,,,,,,,,,,,,,,,,,,,,,,,,,,
,,,2025-08-11_11h49.07.415,CFMT_CCMT_Face_recognition,03.02.2023,Win32,59.88023952,5987030cfd8cca00015cbc26,6899c7d7c4c961a016830ad3,6899c9e6bd6c17c70a8e8fea,,,,,,,,,,,,,,,,,,,,,,,,,,,,,,,,,,,,,,,,,,,,,,,,,,,217.2271,217.9777,3,0,3,0,1,,,,,,,,,,,,,,,,,,,,,,,,,,,,,,,,,,,,,,,,,,,,,,,,,,,,,,,,,,,,,,,,,,,,,,,,,,,,,,,,,,,,,,,,,,,,,,,,,,,,,,,,,,,,,,,,,,,,,,,,,,,,,,,,,,,,,
,,,2025-08-11_11h49.07.415,CFMT_CCMT_Face_recognition,03.02.2023,Win32,59.88023952,5987030cfd8cca00015cbc26,6899c7d7c4c961a016830ad3,6899c9e6bd6c17c70a8e8fea,,,,,,,,,,,,,,,,,,,,,,,,,,,,,,,,,,,,,,,,,,,,,,,,,,,217.9778,218.7277,4,0,4,0,1,,,,,,,,,,,,,,,,,,,,,,,,,,,,,,,,,,,,,,,,,,,,,,,,,,,,,,,,,,,,,,,,,,,,,,,,,,,,,,,,,,,,,,,,,,,,,,,,,,,,,,,,,,,,,,,,,,,,,,,,,,,,,,,,,,,,,
,,,2025-08-11_11h49.07.415,CFMT_CCMT_Face_recognition,03.02.2023,Win32,59.88023952,5987030cfd8cca00015cbc26,6899c7d7c4c961a016830ad3,6899c9e6bd6c17c70a8e8fea,,,,,,,,,,,,,,,,,,,,,,,,,,,,,,,,,,,,,,,,,,,,,,,,,,,218.728,219.4776,5,0,5,0,1,,,,,,,,,,,,,,,,,,,,,,,,,,,,,,,,,,,,,,,,,,,,,,,,,,,,,,,,,,,,,,,,,,,,,,,,,,,,,,,,,,,,,,,,,,,,,,,,,,,,,,,,,,,,,,,,,,,,,,,,,,,,,,,,,,,,,
,,,2025-08-11_11h49.07.415,CFMT_CCMT_Face_recognition,03.02.2023,Win32,59.88023952,5987030cfd8cca00015cbc26,6899c7d7c4c961a016830ad3,6899c9e6bd6c17c70a8e8fea,,,,,,,,,,,,,,,,,,,,,,,,,,,,,,,,,,,,,,,,,,,,,,219.4784,2.091593435,221.5602,221.5603,221.5603,221.5608,222.3109,0,0,0,0,1,219.4778,219.4783,,0,,,,,,,,,,,,,,,,,,,,,,,,,,,,,,,,,,,,,,,,,,,,,,,,,,,,,,,,,,,,,,,,,,,,,,,,,,,,,,,,,,,,,,,,,,,,,,,,,,,,,,,,,,,,,,,,,,,,,,,,,,,,,,,,,
,,,2025-08-11_11h49.07.415,CFMT_CCMT_Face_recognition,03.02.2023,Win32,59.88023952,5987030cfd8cca00015cbc26,6899c7d7c4c961a016830ad3,6899c9e6bd6c17c70a8e8fea,,,,,,,,,,,,,,,,,,,,,,,,,,,,,,,,,,,,,,,,,,,,,,,,,,,222.3113,223.0614,1,0,1,0,1,,,,,,,,,,,,,,,,,,,,,,,,,,,,,,,,,,,,,,,,,,,,,,,,,,,,,,,,,,,,,,,,,,,,,,,,,,,,,,,,,,,,,,,,,,,,,,,,,,,,,,,,,,,,,,,,,,,,,,,,,,,,,,,,,,,,,
,,,2025-08-11_11h49.07.415,CFMT_CCMT_Face_recognition,03.02.2023,Win32,59.88023952,5987030cfd8cca00015cbc26,6899c7d7c4c961a016830ad3,6899c9e6bd6c17c70a8e8fea,,,,,,,,,,,,,,,,,,,,,,,,,,,,,,,,,,,,,,,,,,,,,,,,,,,223.0618,223.8111,2,0,2,0,1,,,,,,,,,,,,,,,,,,,,,,,,,,,,,,,,,,,,,,,,,,,,,,,,,,,,,,,,,,,,,,,,,,,,,,,,,,,,,,,,,,,,,,,,,,,,,,,,,,,,,,,,,,,,,,,,,,,,,,,,,,,,,,,,,,,,,
,,,2025-08-11_11h49.07.415,CFMT_CCMT_Face_recognition,03.02.2023,Win32,59.88023952,5987030cfd8cca00015cbc26,6899c7d7c4c961a016830ad3,6899c9e6bd6c17c70a8e8fea,,,,,,,,,,,,,,,,,,,,,,,,,,,,,,,,,,,,,,,,,,,,,,,,,,,223.8114,224.561,3,0,3,0,1,,,,,,,,,,,,,,,,,,,,,,,,,,,,,,,,,,,,,,,,,,,,,,,,,,,,,,,,,,,,,,,,,,,,,,,,,,,,,,,,,,,,,,,,,,,,,,,,,,,,,,,,,,,,,,,,,,,,,,,,,,,,,,,,,,,,,
,,,2025-08-11_11h49.07.415,CFMT_CCMT_Face_recognition,03.02.2023,Win32,59.88023952,5987030cfd8cca00015cbc26,6899c7d7c4c961a016830ad3,6899c9e6bd6c17c70a8e8fea,,,,,,,,,,,,,,,,,,,,,,,,,,,,,,,,,,,,,,,,,,,,,,,,,,,224.5613,225.3104,4,0,4,0,1,,,,,,,,,,,,,,,,,,,,,,,,,,,,,,,,,,,,,,,,,,,,,,,,,,,,,,,,,,,,,,,,,,,,,,,,,,,,,,,,,,,,,,,,,,,,,,,,,,,,,,,,,,,,,,,,,,,,,,,,,,,,,,,,,,,,,
,,,2025-08-11_11h49.07.415,CFMT_CCMT_Face_recognition,03.02.2023,Win32,59.88023952,5987030cfd8cca00015cbc26,6899c7d7c4c961a016830ad3,6899c9e6bd6c17c70a8e8fea,,,,,,,,,,,,,,,,,,,,,,,,,,,,,,,,,,,,,,,,,,,,,,,,,,,225.3107,226.0609,5,0,5,0,1,,,,,,,,,,,,,,,,,,,,,,,,,,,,,,,,,,,,,,,,,,,,,,,,,,,,,,,,,,,,,,,,,,,,,,,,,,,,,,,,,,,,,,,,,,,,,,,,,,,,,,,,,,,,,,,,,,,,,,,,,,,,,,,,,,,,,
,,,2025-08-11_11h49.07.415,CFMT_CCMT_Face_recognition,03.02.2023,Win32,59.88023952,5987030cfd8cca00015cbc26,6899c7d7c4c961a016830ad3,6899c9e6bd6c17c70a8e8fea,,,,,,,,,,,,,,,,,,,,,,,,,,,,,,,,,,,,,,,,,,,,,,226.0618,2.405809622,228.4608,228.4609,228.4609,228.4614,229.2102,0,0,0,0,1,226.061,226.0617,,0,,,,,,,,,,,,,,,,,,,,,,,,,,,,,,,,,,,,,,,,,,,,,,,,,,,,,,,,,,,,,,,,,,,,,,,,,,,,,,,,,,,,,,,,,,,,,,,,,,,,,,,,,,,,,,,,,,,,,,,,,,,,,,,,,
,,,2025-08-11_11h49.07.415,CFMT_CCMT_Face_recognition,03.02.2023,Win32,59.88023952,5987030cfd8cca00015cbc26,6899c7d7c4c961a016830ad3,6899c9e6bd6c17c70a8e8fea,,,,,,,,,,,,,,,,,,,,,,,,,,,,,,,,,,,,,,,,,,,,,,,,,,,229.2104,229.9609,1,0,1,0,1,,,,,,,,,,,,,,,,,,,,,,,,,,,,,,,,,,,,,,,,,,,,,,,,,,,,,,,,,,,,,,,,,,,,,,,,,,,,,,,,,,,,,,,,,,,,,,,,,,,,,,,,,,,,,,,,,,,,,,,,,,,,,,,,,,,,,
,,,2025-08-11_11h49.07.415,CFMT_CCMT_Face_recognition,03.02.2023,Win32,59.88023952,5987030cfd8cca00015cbc26,6899c7d7c4c961a016830ad3,6899c9e6bd6c17c70a8e8fea,,,,,,,,,,,,,,,,,,,,,,,,,,,,,,,,,,,,,,,,,,,,,,,,,,,229.9612,230.711,2,0,2,0,1,,,,,,,,,,,,,,,,,,,,,,,,,,,,,,,,,,,,,,,,,,,,,,,,,,,,,,,,,,,,,,,,,,,,,,,,,,,,,,,,,,,,,,,,,,,,,,,,,,,,,,,,,,,,,,,,,,,,,,,,,,,,,,,,,,,,,
,,,2025-08-11_11h49.07.415,CFMT_CCMT_Face_recognition,03.02.2023,Win32,59.88023952,5987030cfd8cca00015cbc26,6899c7d7c4c961a016830ad3,6899c9e6bd6c17c70a8e8fea,,,,,,,,,,,,,,,,,,,,,,,,,,,,,,,,,,,,,,,,,,,,,,,,,,,230.7113,231.4607,3,0,3,0,1,,,,,,,,,,,,,,,,,,,,,,,,,,,,,,,,,,,,,,,,,,,,,,,,,,,,,,,,,,,,,,,,,,,,,,,,,,,,,,,,,,,,,,,,,,,,,,,,,,,,,,,,,,,,,,,,,,,,,,,,,,,,,,,,,,,,,
,,,2025-08-11_11h49.07.415,CFMT_CCMT_Face_recognition,03.02.2023,Win32,59.88023952,5987030cfd8cca00015cbc26,6899c7d7c4c961a016830ad3,6899c9e6bd6c17c70a8e8fea,,,,,,,,,,,,,,,,,,,,,,,,,,,,,,,,,,,,,,,,,,,,,,,,,,,231.4609,232.2104,4,0,4,0,1,,,,,,,,,,,,,,,,,,,,,,,,,,,,,,,,,,,,,,,,,,,,,,,,,,,,,,,,,,,,,,,,,,,,,,,,,,,,,,,,,,,,,,,,,,,,,,,,,,,,,,,,,,,,,,,,,,,,,,,,,,,,,,,,,,,,,
,,,2025-08-11_11h49.07.415,CFMT_CCMT_Face_recognition,03.02.2023,Win32,59.88023952,5987030cfd8cca00015cbc26,6899c7d7c4c961a016830ad3,6899c9e6bd6c17c70a8e8fea,,,,,,,,,,,,,,,,,,,,,,,,,,,,,,,,,,,,,,,,,,,,,,,,,,,232.2107,232.9603,5,0,5,0,1,,,,,,,,,,,,,,,,,,,,,,,,,,,,,,,,,,,,,,,,,,,,,,,,,,,,,,,,,,,,,,,,,,,,,,,,,,,,,,,,,,,,,,,,,,,,,,,,,,,,,,,,,,,,,,,,,,,,,,,,,,,,,,,,,,,,,
,,,2025-08-11_11h49.07.415,CFMT_CCMT_Face_recognition,03.02.2023,Win32,59.88023952,5987030cfd8cca00015cbc26,6899c7d7c4c961a016830ad3,6899c9e6bd6c17c70a8e8fea,,,,,,,,,,,,,,,,,,,,,,,,,,,,,,,,,,,,,,,,,,,,,,232.9609,2.188273837,235.1436,235.1436,235.1436,235.144,235.8936,0,0,0,0,1,232.9603,232.9607,,0,,,,,,,,,,,,,,,,,,,,,,,,,,,,,,,,,,,,,,,,,,,,,,,,,,,,,,,,,,,,,,,,,,,,,,,,,,,,,,,,,,,,,,,,,,,,,,,,,,,,,,,,,,,,,,,,,,,,,,,,,,,,,,,,,
,,,2025-08-11_11h49.07.415,CFMT_CCMT_Face_recognition,03.02.2023,Win32,59.88023952,5987030cfd8cca00015cbc26,6899c7d7c4c961a016830ad3,6899c9e6bd6c17c70a8e8fea,,,,,,,,,,,,,,,,,,,,,,,,,,,,,,,,,,,,,,,,,,,,,,,,,,,235.8939,236.6443,1,0,1,0,1,,,,,,,,,,,,,,,,,,,,,,,,,,,,,,,,,,,,,,,,,,,,,,,,,,,,,,,,,,,,,,,,,,,,,,,,,,,,,,,,,,,,,,,,,,,,,,,,,,,,,,,,,,,,,,,,,,,,,,,,,,,,,,,,,,,,,
,,,2025-08-11_11h49.07.415,CFMT_CCMT_Face_recognition,03.02.2023,Win32,59.88023952,5987030cfd8cca00015cbc26,6899c7d7c4c961a016830ad3,6899c9e6bd6c17c70a8e8fea,,,,,,,,,,,,,,,,,,,,,,,,,,,,,,,,,,,,,,,,,,,,,,,,,,,236.6446,237.3936,2,0,2,0,1,,,,,,,,,,,,,,,,,,,,,,,,,,,,,,,,,,,,,,,,,,,,,,,,,,,,,,,,,,,,,,,,,,,,,,,,,,,,,,,,,,,,,,,,,,,,,,,,,,,,,,,,,,,,,,,,,,,,,,,,,,,,,,,,,,,,,
,,,2025-08-11_11h49.07.415,CFMT_CCMT_Face_recognition,03.02.2023,Win32,59.88023952,5987030cfd8cca00015cbc26,6899c7d7c4c961a016830ad3,6899c9e6bd6c17c70a8e8fea,,,,,,,,,,,,,,,,,,,,,,,,,,,,,,,,,,,,,,,,,,,,,,,,,,,237.3939,238.1439,3,0,3,0,1,,,,,,,,,,,,,,,,,,,,,,,,,,,,,,,,,,,,,,,,,,,,,,,,,,,,,,,,,,,,,,,,,,,,,,,,,,,,,,,,,,,,,,,,,,,,,,,,,,,,,,,,,,,,,,,,,,,,,,,,,,,,,,,,,,,,,
,,,2025-08-11_11h49.07.415,CFMT_CCMT_Face_recognition,03.02.2023,Win32,59.88023952,5987030cfd8cca00015cbc26,6899c7d7c4c961a016830ad3,6899c9e6bd6c17c70a8e8fea,,,,,,,,,,,,,,,,,,,,,,,,,,,,,,,,,,,,,,,,,,,,,,,,,,,238.1442,238.894,4,0,4,0,1,,,,,,,,,,,,,,,,,,,,,,,,,,,,,,,,,,,,,,,,,,,,,,,,,,,,,,,,,,,,,,,,,,,,,,,,,,,,,,,,,,,,,,,,,,,,,,,,,,,,,,,,,,,,,,,,,,,,,,,,,,,,,,,,,,,,,
,,,2025-08-11_11h49.07.415,CFMT_CCMT_Face_recognition,03.02.2023,Win32,59.88023952,5987030cfd8cca00015cbc26,6899c7d7c4c961a016830ad3,6899c9e6bd6c17c70a8e8fea,,,,,,,,,,,,,,,,,,,,,,,,,,,,,,,,,,,,,,,,,,,,,,,,,,,238.8942,239.6439,5,0,5,0,1,,,,,,,,,,,,,,,,,,,,,,,,,,,,,,,,,,,,,,,,,,,,,,,,,,,,,,,,,,,,,,,,,,,,,,,,,,,,,,,,,,,,,,,,,,,,,,,,,,,,,,,,,,,,,,,,,,,,,,,,,,,,,,,,,,,,,
,,,2025-08-11_11h49.07.415,CFMT_CCMT_Face_recognition,03.02.2023,Win32,59.88023952,5987030cfd8cca00015cbc26,6899c7d7c4c961a016830ad3,6899c9e6bd6c17c70a8e8fea,,,,,,,,,,,,,,,,,,,,,,,,,,,,,,,,,,,,,,,,,,,,,,239.6447,1.519474594,241.1602,241.1602,241.1602,241.1609,241.9102,0,0,0,0,1,239.644,239.6446,,0,,,,,,,,,,,,,,,,,,,,,,,,,,,,,,,,,,,,,,,,,,,,,,,,,,,,,,,,,,,,,,,,,,,,,,,,,,,,,,,,,,,,,,,,,,,,,,,,,,,,,,,,,,,,,,,,,,,,,,,,,,,,,,,,,
,,,2025-08-11_11h49.07.415,CFMT_CCMT_Face_recognition,03.02.2023,Win32,59.88023952,5987030cfd8cca00015cbc26,6899c7d7c4c961a016830ad3,6899c9e6bd6c17c70a8e8fea,,,,,,,,,,,,,,,,,,,,,,,,,,,,,,,,,,,,,,,,,,,,,,,,,,,241.9105,242.6606,1,0,1,0,1,,,,,,,,,,,,,,,,,,,,,,,,,,,,,,,,,,,,,,,,,,,,,,,,,,,,,,,,,,,,,,,,,,,,,,,,,,,,,,,,,,,,,,,,,,,,,,,,,,,,,,,,,,,,,,,,,,,,,,,,,,,,,,,,,,,,,
,,,2025-08-11_11h49.07.415,CFMT_CCMT_Face_recognition,03.02.2023,Win32,59.88023952,5987030cfd8cca00015cbc26,6899c7d7c4c961a016830ad3,6899c9e6bd6c17c70a8e8fea,,,,,,,,,,,,,,,,,,,,,,,,,,,,,,,,,,,,,,,,,,,,,,,,,,,242.6609,243.4103,2,0,2,0,1,,,,,,,,,,,,,,,,,,,,,,,,,,,,,,,,,,,,,,,,,,,,,,,,,,,,,,,,,,,,,,,,,,,,,,,,,,,,,,,,,,,,,,,,,,,,,,,,,,,,,,,,,,,,,,,,,,,,,,,,,,,,,,,,,,,,,
,,,2025-08-11_11h49.07.415,CFMT_CCMT_Face_recognition,03.02.2023,Win32,59.88023952,5987030cfd8cca00015cbc26,6899c7d7c4c961a016830ad3,6899c9e6bd6c17c70a8e8fea,,,,,,,,,,,,,,,,,,,,,,,,,,,,,,,,,,,,,,,,,,,,,,,,,,,243.4106,244.1606,3,0,3,0,1,,,,,,,,,,,,,,,,,,,,,,,,,,,,,,,,,,,,,,,,,,,,,,,,,,,,,,,,,,,,,,,,,,,,,,,,,,,,,,,,,,,,,,,,,,,,,,,,,,,,,,,,,,,,,,,,,,,,,,,,,,,,,,,,,,,,,
,,,2025-08-11_11h49.07.415,CFMT_CCMT_Face_recognition,03.02.2023,Win32,59.88023952,5987030cfd8cca00015cbc26,6899c7d7c4c961a016830ad3,6899c9e6bd6c17c70a8e8fea,,,,,,,,,,,,,,,,,,,,,,,,,,,,,,,,,,,,,,,,,,,,,,,,,,,244.1609,244.9106,4,0,4,0,1,,,,,,,,,,,,,,,,,,,,,,,,,,,,,,,,,,,,,,,,,,,,,,,,,,,,,,,,,,,,,,,,,,,,,,,,,,,,,,,,,,,,,,,,,,,,,,,,,,,,,,,,,,,,,,,,,,,,,,,,,,,,,,,,,,,,,
,,,2025-08-11_11h49.07.415,CFMT_CCMT_Face_recognition,03.02.2023,Win32,59.88023952,5987030cfd8cca00015cbc26,6899c7d7c4c961a016830ad3,6899c9e6bd6c17c70a8e8fea,,,,,,,,,,,,,,,,,,,,,,,,,,,,,,,,,,,,,,,,,,,,,,,,,,,244.911,245.6607,5,0,5,0,1,,,,,,,,,,,,,,,,,,,,,,,,,,,,,,,,,,,,,,,,,,,,,,,,,,,,,,,,,,,,,,,,,,,,,,,,,,,,,,,,,,,,,,,,,,,,,,,,,,,,,,,,,,,,,,,,,,,,,,,,,,,,,,,,,,,,,
,,,2025-08-11_11h49.07.415,CFMT_CCMT_Face_recognition,03.02.2023,Win32,59.88023952,5987030cfd8cca00015cbc26,6899c7d7c4c961a016830ad3,6899c9e6bd6c17c70a8e8fea,,,,,,,,,,,,,,,,,,,,,,,,,,,,,,,,,,,,,,,,,,,,,,245.6617,2.250466263,247.911,247.911,247.911,247.9116,248.6607,0,0,0,0,1,245.6609,245.6615,,0,,,,,,,,,,,,,,,,,,,,,,,,,,,,,,,,,,,,,,,,,,,,,,,,,,,,,,,,,,,,,,,,,,,,,,,,,,,,,,,,,,,,,,,,,,,,,,,,,,,,,,,,,,,,,,,,,,,,,,,,,,,,,,,,,
,,,2025-08-11_11h49.07.415,CFMT_CCMT_Face_recognition,03.02.2023,Win32,59.88023952,5987030cfd8cca00015cbc26,6899c7d7c4c961a016830ad3,6899c9e6bd6c17c70a8e8fea,,,,,,,,,,,,,,,,,,,,,,,,,,,,,,,,,,,,,,,,,,,,,,,,,,,248.6612,249.4103,1,0,1,0,1,,,,,,,,,,,,,,,,,,,,,,,,,,,,,,,,,,,,,,,,,,,,,,,,,,,,,,,,,,,,,,,,,,,,,,,,,,,,,,,,,,,,,,,,,,,,,,,,,,,,,,,,,,,,,,,,,,,,,,,,,,,,,,,,,,,,,
,,,2025-08-11_11h49.07.415,CFMT_CCMT_Face_recognition,03.02.2023,Win32,59.88023952,5987030cfd8cca00015cbc26,6899c7d7c4c961a016830ad3,6899c9e6bd6c17c70a8e8fea,,,,,,,,,,,,,,,,,,,,,,,,,,,,,,,,,,,,,,,,,,,,,,,,,,,249.4105,250.1604,2,0,2,0,1,,,,,,,,,,,,,,,,,,,,,,,,,,,,,,,,,,,,,,,,,,,,,,,,,,,,,,,,,,,,,,,,,,,,,,,,,,,,,,,,,,,,,,,,,,,,,,,,,,,,,,,,,,,,,,,,,,,,,,,,,,,,,,,,,,,,,
,,,2025-08-11_11h49.07.415,CFMT_CCMT_Face_recognition,03.02.2023,Win32,59.88023952,5987030cfd8cca00015cbc26,6899c7d7c4c961a016830ad3,6899c9e6bd6c17c70a8e8fea,,,,,,,,,,,,,,,,,,,,,,,,,,,,,,,,,,,,,,,,,,,,,,,,,,,250.1607,250.9107,3,0,3,0,1,,,,,,,,,,,,,,,,,,,,,,,,,,,,,,,,,,,,,,,,,,,,,,,,,,,,,,,,,,,,,,,,,,,,,,,,,,,,,,,,,,,,,,,,,,,,,,,,,,,,,,,,,,,,,,,,,,,,,,,,,,,,,,,,,,,,,
,,,2025-08-11_11h49.07.415,CFMT_CCMT_Face_recognition,03.02.2023,Win32,59.88023952,5987030cfd8cca00015cbc26,6899c7d7c4c961a016830ad3,6899c9e6bd6c17c70a8e8fea,,,,,,,,,,,,,,,,,,,,,,,,,,,,,,,,,,,,,,,,,,,,,,,,,,,250.9109,251.6603,4,0,4,0,1,,,,,,,,,,,,,,,,,,,,,,,,,,,,,,,,,,,,,,,,,,,,,,,,,,,,,,,,,,,,,,,,,,,,,,,,,,,,,,,,,,,,,,,,,,,,,,,,,,,,,,,,,,,,,,,,,,,,,,,,,,,,,,,,,,,,,
,,,2025-08-11_11h49.07.415,CFMT_CCMT_Face_recognition,03.02.2023,Win32,59.88023952,5987030cfd8cca00015cbc26,6899c7d7c4c961a016830ad3,6899c9e6bd6c17c70a8e8fea,,,,,,,,,,,,,,,,,,,,,,,,,,,,,,,,,,,,,,,,,,,,,,,,,,,251.6605,252.4104,5,0,5,0,1,,,,,,,,,,,,,,,,,,,,,,,,,,,,,,,,,,,,,,,,,,,,,,,,,,,,,,,,,,,,,,,,,,,,,,,,,,,,,,,,,,,,,,,,,,,,,,,,,,,,,,,,,,,,,,,,,,,,,,,,,,,,,,,,,,,,,
,,,2025-08-11_11h49.07.415,CFMT_CCMT_Face_recognition,03.02.2023,Win32,59.88023952,5987030cfd8cca00015cbc26,6899c7d7c4c961a016830ad3,6899c9e6bd6c17c70a8e8fea,,,,,,,,,,,,,,,,,,,,,,,,,,,,,,,,,,,,,,,,,,,,,,252.411,2.374896063,254.7776,254.7777,254.7777,254.778,255.5269,0,0,0,0,1,252.4105,252.4108,,0,,,,,,,,,,,,,,,,,,,,,,,,,,,,,,,,,,,,,,,,,,,,,,,,,,,,,,,,,,,,,,,,,,,,,,,,,,,,,,,,,,,,,,,,,,,,,,,,,,,,,,,,,,,,,,,,,,,,,,,,,,,,,,,,,
,,,2025-08-11_11h49.07.415,CFMT_CCMT_Face_recognition,03.02.2023,Win32,59.88023952,5987030cfd8cca00015cbc26,6899c7d7c4c961a016830ad3,6899c9e6bd6c17c70a8e8fea,,,,,,,,,,,,,,,,,,,,,,,,,,,,,,,,,,,,,,,,,,,,,,,,,,,255.5271,256.2774,1,0,1,0,1,,,,,,,,,,,,,,,,,,,,,,,,,,,,,,,,,,,,,,,,,,,,,,,,,,,,,,,,,,,,,,,,,,,,,,,,,,,,,,,,,,,,,,,,,,,,,,,,,,,,,,,,,,,,,,,,,,,,,,,,,,,,,,,,,,,,,
,,,2025-08-11_11h49.07.415,CFMT_CCMT_Face_recognition,03.02.2023,Win32,59.88023952,5987030cfd8cca00015cbc26,6899c7d7c4c961a016830ad3,6899c9e6bd6c17c70a8e8fea,,,,,,,,,,,,,,,,,,,,,,,,,,,,,,,,,,,,,,,,,,,,,,,,,,,256.2775,257.0275,2,0,2,0,1,,,,,,,,,,,,,,,,,,,,,,,,,,,,,,,,,,,,,,,,,,,,,,,,,,,,,,,,,,,,,,,,,,,,,,,,,,,,,,,,,,,,,,,,,,,,,,,,,,,,,,,,,,,,,,,,,,,,,,,,,,,,,,,,,,,,,
,,,2025-08-11_11h49.07.415,CFMT_CCMT_Face_recognition,03.02.2023,Win32,59.88023952,5987030cfd8cca00015cbc26,6899c7d7c4c961a016830ad3,6899c9e6bd6c17c70a8e8fea,,,,,,,,,,,,,,,,,,,,,,,,,,,,,,,,,,,,,,,,,,,,,,,,,,,257.0278,257.7769,3,0,3,0,1,,,,,,,,,,,,,,,,,,,,,,,,,,,,,,,,,,,,,,,,,,,,,,,,,,,,,,,,,,,,,,,,,,,,,,,,,,,,,,,,,,,,,,,,,,,,,,,,,,,,,,,,,,,,,,,,,,,,,,,,,,,,,,,,,,,,,
,,,2025-08-11_11h49.07.415,CFMT_CCMT_Face_recognition,03.02.2023,Win32,59.88023952,5987030cfd8cca00015cbc26,6899c7d7c4c961a016830ad3,6899c9e6bd6c17c70a8e8fea,,,,,,,,,,,,,,,,,,,,,,,,,,,,,,,,,,,,,,,,,,,,,,,,,,,257.7771,258.5276,4,0,4,0,1,,,,,,,,,,,,,,,,,,,,,,,,,,,,,,,,,,,,,,,,,,,,,,,,,,,,,,,,,,,,,,,,,,,,,,,,,,,,,,,,,,,,,,,,,,,,,,,,,,,,,,,,,,,,,,,,,,,,,,,,,,,,,,,,,,,,,
,,,2025-08-11_11h49.07.415,CFMT_CCMT_Face_recognition,03.02.2023,Win32,59.88023952,5987030cfd8cca00015cbc26,6899c7d7c4c961a016830ad3,6899c9e6bd6c17c70a8e8fea,,,,,,,,,,,,,,,,,,,,,,,,,,,,,,,,,,,,,,,,,,,,,,,,,,,258.5278,259.2777,5,0,5,0,1,,,,,,,,,,,,,,,,,,,,,,,,,,,,,,,,,,,,,,,,,,,,,,,,,,,,,,,,,,,,,,,,,,,,,,,,,,,,,,,,,,,,,,,,,,,,,,,,,,,,,,,,,,,,,,,,,,,,,,,,,,,,,,,,,,,,,
,,,2025-08-11_11h49.07.415,CFMT_CCMT_Face_recognition,03.02.2023,Win32,59.88023952,5987030cfd8cca00015cbc26,6899c7d7c4c961a016830ad3,6899c9e6bd6c17c70a8e8fea,,,,,,,,,,,,,,,,,,,,,,,,,,,,,,,,,,,,,,,,,,,,,,259.2787,1.724766492,260.9934,260.9935,260.9935,260.9939,261.7436,0,0,0,0,1,259.2778,259.2785,,0,,,,,,,,,,,,,,,,,,,,,,,,,,,,,,,,,,,,,,,,,,,,,,,,,,,,,,,,,,,,,,,,,,,,,,,,,,,,,,,,,,,,,,,,,,,,,,,,,,,,,,,,,,,,,,,,,,,,,,,,,,,,,,,,,
,,,2025-08-11_11h49.07.415,CFMT_CCMT_Face_recognition,03.02.2023,Win32,59.88023952,5987030cfd8cca00015cbc26,6899c7d7c4c961a016830ad3,6899c9e6bd6c17c70a8e8fea,,,,,,,,,,,,,,,,,,,,,,,,,,,,,,,,,,,,,,,,,,,,,,,,,,,261.7439,262.494,1,0,1,0,1,,,,,,,,,,,,,,,,,,,,,,,,,,,,,,,,,,,,,,,,,,,,,,,,,,,,,,,,,,,,,,,,,,,,,,,,,,,,,,,,,,,,,,,,,,,,,,,,,,,,,,,,,,,,,,,,,,,,,,,,,,,,,,,,,,,,,
,,,2025-08-11_11h49.07.415,CFMT_CCMT_Face_recognition,03.02.2023,Win32,59.88023952,5987030cfd8cca00015cbc26,6899c7d7c4c961a016830ad3,6899c9e6bd6c17c70a8e8fea,,,,,,,,,,,,,,,,,,,,,,,,,,,,,,,,,,,,,,,,,,,,,,,,,,,262.4942,263.2435,2,0,2,0,1,,,,,,,,,,,,,,,,,,,,,,,,,,,,,,,,,,,,,,,,,,,,,,,,,,,,,,,,,,,,,,,,,,,,,,,,,,,,,,,,,,,,,,,,,,,,,,,,,,,,,,,,,,,,,,,,,,,,,,,,,,,,,,,,,,,,,
,,,2025-08-11_11h49.07.415,CFMT_CCMT_Face_recognition,03.02.2023,Win32,59.88023952,5987030cfd8cca00015cbc26,6899c7d7c4c961a016830ad3,6899c9e6bd6c17c70a8e8fea,,,,,,,,,,,,,,,,,,,,,,,,,,,,,,,,,,,,,,,,,,,,,,,,,,,263.2437,263.9936,3,0,3,0,1,,,,,,,,,,,,,,,,,,,,,,,,,,,,,,,,,,,,,,,,,,,,,,,,,,,,,,,,,,,,,,,,,,,,,,,,,,,,,,,,,,,,,,,,,,,,,,,,,,,,,,,,,,,,,,,,,,,,,,,,,,,,,,,,,,,,,
,,,2025-08-11_11h49.07.415,CFMT_CCMT_Face_recognition,03.02.2023,Win32,59.88023952,5987030cfd8cca00015cbc26,6899c7d7c4c961a016830ad3,6899c9e6bd6c17c70a8e8fea,,,,,,,,,,,,,,,,,,,,,,,,,,,,,,,,,,,,,,,,,,,,,,,,,,,263.9938,264.7439,4,0,4,0,1,,,,,,,,,,,,,,,,,,,,,,,,,,,,,,,,,,,,,,,,,,,,,,,,,,,,,,,,,,,,,,,,,,,,,,,,,,,,,,,,,,,,,,,,,,,,,,,,,,,,,,,,,,,,,,,,,,,,,,,,,,,,,,,,,,,,,
,,,2025-08-11_11h49.07.415,CFMT_CCMT_Face_recognition,03.02.2023,Win32,59.88023952,5987030cfd8cca00015cbc26,6899c7d7c4c961a016830ad3,6899c9e6bd6c17c70a8e8fea,,,,,,,,,,,,,,,,,,,,,,,,,,,,,,,,,,,,,,,,,,,,,,,,,,,264.7442,265.4942,5,0,5,0,1,,,,,,,,,,,,,,,,,,,,,,,,,,,,,,,,,,,,,,,,,,,,,,,,,,,,,,,,,,,,,,,,,,,,,,,,,,,,,,,,,,,,,,,,,,,,,,,,,,,,,,,,,,,,,,,,,,,,,,,,,,,,,,,,,,,,,
,,,2025-08-11_11h49.07.415,CFMT_CCMT_Face_recognition,03.02.2023,Win32,59.88023952,5987030cfd8cca00015cbc26,6899c7d7c4c961a016830ad3,6899c9e6bd6c17c70a8e8fea,,,,,,,,,,,,,,,,,,,,,,,,,,,,,,,,,,,,,,,,,,,,,,270.0612,1.710330204,271.7608,271.7608,271.7608,271.7613,272.511,0,0,0,0,1,265.4943,270.061,p,1,4.5527,,,,,,,,,,,,,,,,,,,,,,,,,,,,,,,,,,,,,,,,,,,,,,,,,,,,,,,,,,,,,,,,,,,,,,,,,,,,,,,,,,,,,,,,,,,,,,,,,,,,,,,,,,,,,,,,,,,,,,,,,,,,,,,,
,,,2025-08-11_11h49.07.415,CFMT_CCMT_Face_recognition,03.02.2023,Win32,59.88023952,5987030cfd8cca00015cbc26,6899c7d7c4c961a016830ad3,6899c9e6bd6c17c70a8e8fea,,,,,,,,,,,,,,,,,,,,,,,,,,,,,,,,,,,,,,,,,,,,,,,,,,,272.5114,273.2604,1,0,1,0,1,,,,,,,,,,,,,,,,,,,,,,,,,,,,,,,,,,,,,,,,,,,,,,,,,,,,,,,,,,,,,,,,,,,,,,,,,,,,,,,,,,,,,,,,,,,,,,,,,,,,,,,,,,,,,,,,,,,,,,,,,,,,,,,,,,,,,
,,,2025-08-11_11h49.07.415,CFMT_CCMT_Face_recognition,03.02.2023,Win32,59.88023952,5987030cfd8cca00015cbc26,6899c7d7c4c961a016830ad3,6899c9e6bd6c17c70a8e8fea,,,,,,,,,,,,,,,,,,,,,,,,,,,,,,,,,,,,,,,,,,,,,,,,,,,273.2607,274.0109,2,0,2,0,1,,,,,,,,,,,,,,,,,,,,,,,,,,,,,,,,,,,,,,,,,,,,,,,,,,,,,,,,,,,,,,,,,,,,,,,,,,,,,,,,,,,,,,,,,,,,,,,,,,,,,,,,,,,,,,,,,,,,,,,,,,,,,,,,,,,,,
,,,2025-08-11_11h49.07.415,CFMT_CCMT_Face_recognition,03.02.2023,Win32,59.88023952,5987030cfd8cca00015cbc26,6899c7d7c4c961a016830ad3,6899c9e6bd6c17c70a8e8fea,,,,,,,,,,,,,,,,,,,,,,,,,,,,,,,,,,,,,,,,,,,,,,,,,,,274.0112,274.761,3,0,3,0,1,,,,,,,,,,,,,,,,,,,,,,,,,,,,,,,,,,,,,,,,,,,,,,,,,,,,,,,,,,,,,,,,,,,,,,,,,,,,,,,,,,,,,,,,,,,,,,,,,,,,,,,,,,,,,,,,,,,,,,,,,,,,,,,,,,,,,
,,,2025-08-11_11h49.07.415,CFMT_CCMT_Face_recognition,03.02.2023,Win32,59.88023952,5987030cfd8cca00015cbc26,6899c7d7c4c961a016830ad3,6899c9e6bd6c17c70a8e8fea,,,,,,,,,,,,,,,,,,,,,,,,,,,,,,,,,,,,,,,,,,,,,,,,,,,274.7612,275.5102,4,0,4,0,1,,,,,,,,,,,,,,,,,,,,,,,,,,,,,,,,,,,,,,,,,,,,,,,,,,,,,,,,,,,,,,,,,,,,,,,,,,,,,,,,,,,,,,,,,,,,,,,,,,,,,,,,,,,,,,,,,,,,,,,,,,,,,,,,,,,,,
,,,2025-08-11_11h49.07.415,CFMT_CCMT_Face_recognition,03.02.2023,Win32,59.88023952,5987030cfd8cca00015cbc26,6899c7d7c4c961a016830ad3,6899c9e6bd6c17c70a8e8fea,,,,,,,,,,,,,,,,,,,,,,,,,,,,,,,,,,,,,,,,,,,,,,,,,,,275.5105,276.2609,5,0,5,0,1,,,,,,,,,,,,,,,,,,,,,,,,,,,,,,,,,,,,,,,,,,,,,,,,,,,,,,,,,,,,,,,,,,,,,,,,,,,,,,,,,,,,,,,,,,,,,,,,,,,,,,,,,,,,,,,,,,,,,,,,,,,,,,,,,,,,,
,,,2025-08-11_11h49.07.415,CFMT_CCMT_Face_recognition,03.02.2023,Win32,59.88023952,5987030cfd8cca00015cbc26,6899c7d7c4c961a016830ad3,6899c9e6bd6c17c70a8e8fea,,,,,,,,,,,,,,,,,,,,,,,,,,,,,,,,,,,,,,,,,,,,,,276.2619,1.866658803,278.1273,278.1273,278.1273,278.1277,278.8771,0,0,0,0,1,276.261,276.2617,,0,,,,,,,,,,,,,,,,,,,,,,,,,,,,,,,,,,,,,,,,,,,,,,,,,,,,,,,,,,,,,,,,,,,,,,,,,,,,,,,,,,,,,,,,,,,,,,,,,,,,,,,,,,,,,,,,,,,,,,,,,,,,,,,,,
,,,2025-08-11_11h49.07.415,CFMT_CCMT_Face_recognition,03.02.2023,Win32,59.88023952,5987030cfd8cca00015cbc26,6899c7d7c4c961a016830ad3,6899c9e6bd6c17c70a8e8fea,,,,,,,,,,,,,,,,,,,,,,,,,,,,,,,,,,,,,,,,,,,,,,,,,,,278.8774,279.6268,1,0,1,0,1,,,,,,,,,,,,,,,,,,,,,,,,,,,,,,,,,,,,,,,,,,,,,,,,,,,,,,,,,,,,,,,,,,,,,,,,,,,,,,,,,,,,,,,,,,,,,,,,,,,,,,,,,,,,,,,,,,,,,,,,,,,,,,,,,,,,,
,,,2025-08-11_11h49.07.415,CFMT_CCMT_Face_recognition,03.02.2023,Win32,59.88023952,5987030cfd8cca00015cbc26,6899c7d7c4c961a016830ad3,6899c9e6bd6c17c70a8e8fea,,,,,,,,,,,,,,,,,,,,,,,,,,,,,,,,,,,,,,,,,,,,,,,,,,,279.627,280.3774,2,0,2,0,1,,,,,,,,,,,,,,,,,,,,,,,,,,,,,,,,,,,,,,,,,,,,,,,,,,,,,,,,,,,,,,,,,,,,,,,,,,,,,,,,,,,,,,,,,,,,,,,,,,,,,,,,,,,,,,,,,,,,,,,,,,,,,,,,,,,,,
,,,2025-08-11_11h49.07.415,CFMT_CCMT_Face_recognition,03.02.2023,Win32,59.88023952,5987030cfd8cca00015cbc26,6899c7d7c4c961a016830ad3,6899c9e6bd6c17c70a8e8fea,,,,,,,,,,,,,,,,,,,,,,,,,,,,,,,,,,,,,,,,,,,,,,,,,,,280.3775,281.1275,3,0,3,0,1,,,,,,,,,,,,,,,,,,,,,,,,,,,,,,,,,,,,,,,,,,,,,,,,,,,,,,,,,,,,,,,,,,,,,,,,,,,,,,,,,,,,,,,,,,,,,,,,,,,,,,,,,,,,,,,,,,,,,,,,,,,,,,,,,,,,,
,,,2025-08-11_11h49.07.415,CFMT_CCMT_Face_recognition,03.02.2023,Win32,59.88023952,5987030cfd8cca00015cbc26,6899c7d7c4c961a016830ad3,6899c9e6bd6c17c70a8e8fea,,,,,,,,,,,,,,,,,,,,,,,,,,,,,,,,,,,,,,,,,,,,,,,,,,,281.1278,281.8779,4,0,4,0,1,,,,,,,,,,,,,,,,,,,,,,,,,,,,,,,,,,,,,,,,,,,,,,,,,,,,,,,,,,,,,,,,,,,,,,,,,,,,,,,,,,,,,,,,,,,,,,,,,,,,,,,,,,,,,,,,,,,,,,,,,,,,,,,,,,,,,
,,,2025-08-11_11h49.07.415,CFMT_CCMT_Face_recognition,03.02.2023,Win32,59.88023952,5987030cfd8cca00015cbc26,6899c7d7c4c961a016830ad3,6899c9e6bd6c17c70a8e8fea,,,,,,,,,,,,,,,,,,,,,,,,,,,,,,,,,,,,,,,,,,,,,,,,,,,281.8783,282.6277,5,0,5,0,1,,,,,,,,,,,,,,,,,,,,,,,,,,,,,,,,,,,,,,,,,,,,,,,,,,,,,,,,,,,,,,,,,,,,,,,,,,,,,,,,,,,,,,,,,,,,,,,,,,,,,,,,,,,,,,,,,,,,,,,,,,,,,,,,,,,,,
,,,2025-08-11_11h49.07.415,CFMT_CCMT_Face_recognition,03.02.2023,Win32,59.88023952,5987030cfd8cca00015cbc26,6899c7d7c4c961a016830ad3,6899c9e6bd6c17c70a8e8fea,,,,,,,,,,,,,,,,,,,,,,,,,,,,,,,,,,,,,,,,,,,,,,282.6285,2.377502686,285.0105,285.0105,285.0107,285.0113,285.7602,0,0,0,0,1,282.6278,282.6284,,0,,,,,,,,,,,,,,,,,,,,,,,,,,,,,,,,,,,,,,,,,,,,,,,,,,,,,,,,,,,,,,,,,,,,,,,,,,,,,,,,,,,,,,,,,,,,,,,,,,,,,,,,,,,,,,,,,,,,,,,,,,,,,,,,,
,,,2025-08-11_11h49.07.415,CFMT_CCMT_Face_recognition,03.02.2023,Win32,59.88023952,5987030cfd8cca00015cbc26,6899c7d7c4c961a016830ad3,6899c9e6bd6c17c70a8e8fea,,,,,,,,,,,,,,,,,,,,,,,,,,,,,,,,,,,,,,,,,,,,,,,,,,,285.7605,286.5109,1,0,1,0,1,,,,,,,,,,,,,,,,,,,,,,,,,,,,,,,,,,,,,,,,,,,,,,,,,,,,,,,,,,,,,,,,,,,,,,,,,,,,,,,,,,,,,,,,,,,,,,,,,,,,,,,,,,,,,,,,,,,,,,,,,,,,,,,,,,,,,
,,,2025-08-11_11h49.07.415,CFMT_CCMT_Face_recognition,03.02.2023,Win32,59.88023952,5987030cfd8cca00015cbc26,6899c7d7c4c961a016830ad3,6899c9e6bd6c17c70a8e8fea,,,,,,,,,,,,,,,,,,,,,,,,,,,,,,,,,,,,,,,,,,,,,,,,,,,286.5112,287.2601,2,0,2,0,1,,,,,,,,,,,,,,,,,,,,,,,,,,,,,,,,,,,,,,,,,,,,,,,,,,,,,,,,,,,,,,,,,,,,,,,,,,,,,,,,,,,,,,,,,,,,,,,,,,,,,,,,,,,,,,,,,,,,,,,,,,,,,,,,,,,,,
,,,2025-08-11_11h49.07.415,CFMT_CCMT_Face_recognition,03.02.2023,Win32,59.88023952,5987030cfd8cca00015cbc26,6899c7d7c4c961a016830ad3,6899c9e6bd6c17c70a8e8fea,,,,,,,,,,,,,,,,,,,,,,,,,,,,,,,,,,,,,,,,,,,,,,,,,,,287.2603,288.0109,3,0,3,0,1,,,,,,,,,,,,,,,,,,,,,,,,,,,,,,,,,,,,,,,,,,,,,,,,,,,,,,,,,,,,,,,,,,,,,,,,,,,,,,,,,,,,,,,,,,,,,,,,,,,,,,,,,,,,,,,,,,,,,,,,,,,,,,,,,,,,,
,,,2025-08-11_11h49.07.415,CFMT_CCMT_Face_recognition,03.02.2023,Win32,59.88023952,5987030cfd8cca00015cbc26,6899c7d7c4c961a016830ad3,6899c9e6bd6c17c70a8e8fea,,,,,,,,,,,,,,,,,,,,,,,,,,,,,,,,,,,,,,,,,,,,,,,,,,,288.0113,288.7608,4,0,4,0,1,,,,,,,,,,,,,,,,,,,,,,,,,,,,,,,,,,,,,,,,,,,,,,,,,,,,,,,,,,,,,,,,,,,,,,,,,,,,,,,,,,,,,,,,,,,,,,,,,,,,,,,,,,,,,,,,,,,,,,,,,,,,,,,,,,,,,
,,,2025-08-11_11h49.07.415,CFMT_CCMT_Face_recognition,03.02.2023,Win32,59.88023952,5987030cfd8cca00015cbc26,6899c7d7c4c961a016830ad3,6899c9e6bd6c17c70a8e8fea,,,,,,,,,,,,,,,,,,,,,,,,,,,,,,,,,,,,,,,,,,,,,,,,,,,288.761,289.5109,5,0,5,0,1,,,,,,,,,,,,,,,,,,,,,,,,,,,,,,,,,,,,,,,,,,,,,,,,,,,,,,,,,,,,,,,,,,,,,,,,,,,,,,,,,,,,,,,,,,,,,,,,,,,,,,,,,,,,,,,,,,,,,,,,,,,,,,,,,,,,,
,,,2025-08-11_11h49.07.415,CFMT_CCMT_Face_recognition,03.02.2023,Win32,59.88023952,5987030cfd8cca00015cbc26,6899c7d7c4c961a016830ad3,6899c9e6bd6c17c70a8e8fea,,,,,,,,,,,,,,,,,,,,,,,,,,,,,,,,,,,,,,,,,,,,,,289.5117,2.299722375,291.8107,291.8107,291.8107,291.8111,292.5603,0,0,0,0,1,289.511,289.5116,,0,,,,,,,,,,,,,,,,,,,,,,,,,,,,,,,,,,,,,,,,,,,,,,,,,,,,,,,,,,,,,,,,,,,,,,,,,,,,,,,,,,,,,,,,,,,,,,,,,,,,,,,,,,,,,,,,,,,,,,,,,,,,,,,,,
,,,2025-08-11_11h49.07.415,CFMT_CCMT_Face_recognition,03.02.2023,Win32,59.88023952,5987030cfd8cca00015cbc26,6899c7d7c4c961a016830ad3,6899c9e6bd6c17c70a8e8fea,,,,,,,,,,,,,,,,,,,,,,,,,,,,,,,,,,,,,,,,,,,,,,,,,,,292.5606,293.3102,1,0,1,0,1,,,,,,,,,,,,,,,,,,,,,,,,,,,,,,,,,,,,,,,,,,,,,,,,,,,,,,,,,,,,,,,,,,,,,,,,,,,,,,,,,,,,,,,,,,,,,,,,,,,,,,,,,,,,,,,,,,,,,,,,,,,,,,,,,,,,,
,,,2025-08-11_11h49.07.415,CFMT_CCMT_Face_recognition,03.02.2023,Win32,59.88023952,5987030cfd8cca00015cbc26,6899c7d7c4c961a016830ad3,6899c9e6bd6c17c70a8e8fea,,,,,,,,,,,,,,,,,,,,,,,,,,,,,,,,,,,,,,,,,,,,,,,,,,,293.3103,294.0609,2,0,2,0,1,,,,,,,,,,,,,,,,,,,,,,,,,,,,,,,,,,,,,,,,,,,,,,,,,,,,,,,,,,,,,,,,,,,,,,,,,,,,,,,,,,,,,,,,,,,,,,,,,,,,,,,,,,,,,,,,,,,,,,,,,,,,,,,,,,,,,
,,,2025-08-11_11h49.07.415,CFMT_CCMT_Face_recognition,03.02.2023,Win32,59.88023952,5987030cfd8cca00015cbc26,6899c7d7c4c961a016830ad3,6899c9e6bd6c17c70a8e8fea,,,,,,,,,,,,,,,,,,,,,,,,,,,,,,,,,,,,,,,,,,,,,,,,,,,294.0611,294.8108,3,0,3,0,1,,,,,,,,,,,,,,,,,,,,,,,,,,,,,,,,,,,,,,,,,,,,,,,,,,,,,,,,,,,,,,,,,,,,,,,,,,,,,,,,,,,,,,,,,,,,,,,,,,,,,,,,,,,,,,,,,,,,,,,,,,,,,,,,,,,,,
,,,2025-08-11_11h49.07.415,CFMT_CCMT_Face_recognition,03.02.2023,Win32,59.88023952,5987030cfd8cca00015cbc26,6899c7d7c4c961a016830ad3,6899c9e6bd6c17c70a8e8fea,,,,,,,,,,,,,,,,,,,,,,,,,,,,,,,,,,,,,,,,,,,,,,,,,,,294.811,295.5601,4,0,4,0,1,,,,,,,,,,,,,,,,,,,,,,,,,,,,,,,,,,,,,,,,,,,,,,,,,,,,,,,,,,,,,,,,,,,,,,,,,,,,,,,,,,,,,,,,,,,,,,,,,,,,,,,,,,,,,,,,,,,,,,,,,,,,,,,,,,,,,
,,,2025-08-11_11h49.07.415,CFMT_CCMT_Face_recognition,03.02.2023,Win32,59.88023952,5987030cfd8cca00015cbc26,6899c7d7c4c961a016830ad3,6899c9e6bd6c17c70a8e8fea,,,,,,,,,,,,,,,,,,,,,,,,,,,,,,,,,,,,,,,,,,,,,,,,,,,295.5603,296.311,5,0,5,0,1,,,,,,,,,,,,,,,,,,,,,,,,,,,,,,,,,,,,,,,,,,,,,,,,,,,,,,,,,,,,,,,,,,,,,,,,,,,,,,,,,,,,,,,,,,,,,,,,,,,,,,,,,,,,,,,,,,,,,,,,,,,,,,,,,,,,,
,,,2025-08-11_11h49.07.415,CFMT_CCMT_Face_recognition,03.02.2023,Win32,59.88023952,5987030cfd8cca00015cbc26,6899c7d7c4c961a016830ad3,6899c9e6bd6c17c70a8e8fea,,,,,,,,,,,,,,,,,,,,,,,,,,,,,,,,,,,,,,,,,,,,,,296.312,1.742551427,298.0443,298.0443,298.0443,298.0449,298.7942,0,0,0,0,1,296.3111,296.3119,,0,,,,,,,,,,,,,,,,,,,,,,,,,,,,,,,,,,,,,,,,,,,,,,,,,,,,,,,,,,,,,,,,,,,,,,,,,,,,,,,,,,,,,,,,,,,,,,,,,,,,,,,,,,,,,,,,,,,,,,,,,,,,,,,,,
,,,2025-08-11_11h49.07.415,CFMT_CCMT_Face_recognition,03.02.2023,Win32,59.88023952,5987030cfd8cca00015cbc26,6899c7d7c4c961a016830ad3,6899c9e6bd6c17c70a8e8fea,,,,,,,,,,,,,,,,,,,,,,,,,,,,,,,,,,,,,,,,,,,,,,,,,,,298.7946,299.5442,1,0,1,0,1,,,,,,,,,,,,,,,,,,,,,,,,,,,,,,,,,,,,,,,,,,,,,,,,,,,,,,,,,,,,,,,,,,,,,,,,,,,,,,,,,,,,,,,,,,,,,,,,,,,,,,,,,,,,,,,,,,,,,,,,,,,,,,,,,,,,,
,,,2025-08-11_11h49.07.415,CFMT_CCMT_Face_recognition,03.02.2023,Win32,59.88023952,5987030cfd8cca00015cbc26,6899c7d7c4c961a016830ad3,6899c9e6bd6c17c70a8e8fea,,,,,,,,,,,,,,,,,,,,,,,,,,,,,,,,,,,,,,,,,,,,,,,,,,,299.5445,300.2941,2,0,2,0,1,,,,,,,,,,,,,,,,,,,,,,,,,,,,,,,,,,,,,,,,,,,,,,,,,,,,,,,,,,,,,,,,,,,,,,,,,,,,,,,,,,,,,,,,,,,,,,,,,,,,,,,,,,,,,,,,,,,,,,,,,,,,,,,,,,,,,
,,,2025-08-11_11h49.07.415,CFMT_CCMT_Face_recognition,03.02.2023,Win32,59.88023952,5987030cfd8cca00015cbc26,6899c7d7c4c961a016830ad3,6899c9e6bd6c17c70a8e8fea,,,,,,,,,,,,,,,,,,,,,,,,,,,,,,,,,,,,,,,,,,,,,,,,,,,300.2945,301.0439,3,0,3,0,1,,,,,,,,,,,,,,,,,,,,,,,,,,,,,,,,,,,,,,,,,,,,,,,,,,,,,,,,,,,,,,,,,,,,,,,,,,,,,,,,,,,,,,,,,,,,,,,,,,,,,,,,,,,,,,,,,,,,,,,,,,,,,,,,,,,,,
,,,2025-08-11_11h49.07.415,CFMT_CCMT_Face_recognition,03.02.2023,Win32,59.88023952,5987030cfd8cca00015cbc26,6899c7d7c4c961a016830ad3,6899c9e6bd6c17c70a8e8fea,,,,,,,,,,,,,,,,,,,,,,,,,,,,,,,,,,,,,,,,,,,,,,,,,,,301.0441,301.794,4,0,4,0,1,,,,,,,,,,,,,,,,,,,,,,,,,,,,,,,,,,,,,,,,,,,,,,,,,,,,,,,,,,,,,,,,,,,,,,,,,,,,,,,,,,,,,,,,,,,,,,,,,,,,,,,,,,,,,,,,,,,,,,,,,,,,,,,,,,,,,
,,,2025-08-11_11h49.07.415,CFMT_CCMT_Face_recognition,03.02.2023,Win32,59.88023952,5987030cfd8cca00015cbc26,6899c7d7c4c961a016830ad3,6899c9e6bd6c17c70a8e8fea,,,,,,,,,,,,,,,,,,,,,,,,,,,,,,,,,,,,,,,,,,,,,,,,,,,301.7943,302.5442,5,0,5,0,1,,,,,,,,,,,,,,,,,,,,,,,,,,,,,,,,,,,,,,,,,,,,,,,,,,,,,,,,,,,,,,,,,,,,,,,,,,,,,,,,,,,,,,,,,,,,,,,,,,,,,,,,,,,,,,,,,,,,,,,,,,,,,,,,,,,,,
,,,2025-08-11_11h49.07.415,CFMT_CCMT_Face_recognition,03.02.2023,Win32,59.88023952,5987030cfd8cca00015cbc26,6899c7d7c4c961a016830ad3,6899c9e6bd6c17c70a8e8fea,,,,,,,,,,,,,,,,,,,,,,,,,,,,,,,,,,,,,,,,,,,,,,302.5449,1.545225242,304.0939,304.0939,304.0939,304.0943,304.8437,0,0,0,0,1,302.5442,302.5448,,0,,,,,,,,,,,,,,,,,,,,,,,,,,,,,,,,,,,,,,,,,,,,,,,,,,,,,,,,,,,,,,,,,,,,,,,,,,,,,,,,,,,,,,,,,,,,,,,,,,,,,,,,,,,,,,,,,,,,,,,,,,,,,,,,,
,,,2025-08-11_11h49.07.415,CFMT_CCMT_Face_recognition,03.02.2023,Win32,59.88023952,5987030cfd8cca00015cbc26,6899c7d7c4c961a016830ad3,6899c9e6bd6c17c70a8e8fea,,,,,,,,,,,,,,,,,,,,,,,,,,,,,,,,,,,,,,,,,,,,,,,,,,,304.844,305.5938,1,0,1,0,1,,,,,,,,,,,,,,,,,,,,,,,,,,,,,,,,,,,,,,,,,,,,,,,,,,,,,,,,,,,,,,,,,,,,,,,,,,,,,,,,,,,,,,,,,,,,,,,,,,,,,,,,,,,,,,,,,,,,,,,,,,,,,,,,,,,,,
,,,2025-08-11_11h49.07.415,CFMT_CCMT_Face_recognition,03.02.2023,Win32,59.88023952,5987030cfd8cca00015cbc26,6899c7d7c4c961a016830ad3,6899c9e6bd6c17c70a8e8fea,,,,,,,,,,,,,,,,,,,,,,,,,,,,,,,,,,,,,,,,,,,,,,,,,,,305.5941,306.3442,2,0,2,0,1,,,,,,,,,,,,,,,,,,,,,,,,,,,,,,,,,,,,,,,,,,,,,,,,,,,,,,,,,,,,,,,,,,,,,,,,,,,,,,,,,,,,,,,,,,,,,,,,,,,,,,,,,,,,,,,,,,,,,,,,,,,,,,,,,,,,,
,,,2025-08-11_11h49.07.415,CFMT_CCMT_Face_recognition,03.02.2023,Win32,59.88023952,5987030cfd8cca00015cbc26,6899c7d7c4c961a016830ad3,6899c9e6bd6c17c70a8e8fea,,,,,,,,,,,,,,,,,,,,,,,,,,,,,,,,,,,,,,,,,,,,,,,,,,,306.3445,307.0943,3,0,3,0,1,,,,,,,,,,,,,,,,,,,,,,,,,,,,,,,,,,,,,,,,,,,,,,,,,,,,,,,,,,,,,,,,,,,,,,,,,,,,,,,,,,,,,,,,,,,,,,,,,,,,,,,,,,,,,,,,,,,,,,,,,,,,,,,,,,,,,
,,,2025-08-11_11h49.07.415,CFMT_CCMT_Face_recognition,03.02.2023,Win32,59.88023952,5987030cfd8cca00015cbc26,6899c7d7c4c961a016830ad3,6899c9e6bd6c17c70a8e8fea,,,,,,,,,,,,,,,,,,,,,,,,,,,,,,,,,,,,,,,,,,,,,,,,,,,307.0945,307.8436,4,0,4,0,1,,,,,,,,,,,,,,,,,,,,,,,,,,,,,,,,,,,,,,,,,,,,,,,,,,,,,,,,,,,,,,,,,,,,,,,,,,,,,,,,,,,,,,,,,,,,,,,,,,,,,,,,,,,,,,,,,,,,,,,,,,,,,,,,,,,,,
,,,2025-08-11_11h49.07.415,CFMT_CCMT_Face_recognition,03.02.2023,Win32,59.88023952,5987030cfd8cca00015cbc26,6899c7d7c4c961a016830ad3,6899c9e6bd6c17c70a8e8fea,,,,,,,,,,,,,,,,,,,,,,,,,,,,,,,,,,,,,,,,,,,,,,,,,,,307.8439,308.5942,5,0,5,0,1,,,,,,,,,,,,,,,,,,,,,,,,,,,,,,,,,,,,,,,,,,,,,,,,,,,,,,,,,,,,,,,,,,,,,,,,,,,,,,,,,,,,,,,,,,,,,,,,,,,,,,,,,,,,,,,,,,,,,,,,,,,,,,,,,,,,,
,,,2025-08-11_11h49.07.415,CFMT_CCMT_Face_recognition,03.02.2023,Win32,59.88023952,5987030cfd8cca00015cbc26,6899c7d7c4c961a016830ad3,6899c9e6bd6c17c70a8e8fea,,,,,,,,,,,,,,,,,,,,,,,,,,,,,,,,,,,,,,,,,,,,,,308.5952,1.658721829,310.2442,310.2443,310.2443,310.2449,310.9943,0,0,0,0,1,308.5942,308.5951,,0,,,,,,,,,,,,,,,,,,,,,,,,,,,,,,,,,,,,,,,,,,,,,,,,,,,,,,,,,,,,,,,,,,,,,,,,,,,,,,,,,,,,,,,,,,,,,,,,,,,,,,,,,,,,,,,,,,,,,,,,,,,,,,,,,
,,,2025-08-11_11h49.07.415,CFMT_CCMT_Face_recognition,03.02.2023,Win32,59.88023952,5987030cfd8cca00015cbc26,6899c7d7c4c961a016830ad3,6899c9e6bd6c17c70a8e8fea,,,,,,,,,,,,,,,,,,,,,,,,,,,,,,,,,,,,,,,,,,,,,,,,,,,310.9946,311.7435,1,0,1,0,1,,,,,,,,,,,,,,,,,,,,,,,,,,,,,,,,,,,,,,,,,,,,,,,,,,,,,,,,,,,,,,,,,,,,,,,,,,,,,,,,,,,,,,,,,,,,,,,,,,,,,,,,,,,,,,,,,,,,,,,,,,,,,,,,,,,,,
,,,2025-08-11_11h49.07.415,CFMT_CCMT_Face_recognition,03.02.2023,Win32,59.88023952,5987030cfd8cca00015cbc26,6899c7d7c4c961a016830ad3,6899c9e6bd6c17c70a8e8fea,,,,,,,,,,,,,,,,,,,,,,,,,,,,,,,,,,,,,,,,,,,,,,,,,,,311.7438,312.494,2,0,2,0,1,,,,,,,,,,,,,,,,,,,,,,,,,,,,,,,,,,,,,,,,,,,,,,,,,,,,,,,,,,,,,,,,,,,,,,,,,,,,,,,,,,,,,,,,,,,,,,,,,,,,,,,,,,,,,,,,,,,,,,,,,,,,,,,,,,,,,
,,,2025-08-11_11h49.07.415,CFMT_CCMT_Face_recognition,03.02.2023,Win32,59.88023952,5987030cfd8cca00015cbc26,6899c7d7c4c961a016830ad3,6899c9e6bd6c17c70a8e8fea,,,,,,,,,,,,,,,,,,,,,,,,,,,,,,,,,,,,,,,,,,,,,,,,,,,312.4942,313.2442,3,0,3,0,1,,,,,,,,,,,,,,,,,,,,,,,,,,,,,,,,,,,,,,,,,,,,,,,,,,,,,,,,,,,,,,,,,,,,,,,,,,,,,,,,,,,,,,,,,,,,,,,,,,,,,,,,,,,,,,,,,,,,,,,,,,,,,,,,,,,,,
,,,2025-08-11_11h49.07.415,CFMT_CCMT_Face_recognition,03.02.2023,Win32,59.88023952,5987030cfd8cca00015cbc26,6899c7d7c4c961a016830ad3,6899c9e6bd6c17c70a8e8fea,,,,,,,,,,,,,,,,,,,,,,,,,,,,,,,,,,,,,,,,,,,,,,,,,,,313.2445,313.9941,4,0,4,0,1,,,,,,,,,,,,,,,,,,,,,,,,,,,,,,,,,,,,,,,,,,,,,,,,,,,,,,,,,,,,,,,,,,,,,,,,,,,,,,,,,,,,,,,,,,,,,,,,,,,,,,,,,,,,,,,,,,,,,,,,,,,,,,,,,,,,,
,,,2025-08-11_11h49.07.415,CFMT_CCMT_Face_recognition,03.02.2023,Win32,59.88023952,5987030cfd8cca00015cbc26,6899c7d7c4c961a016830ad3,6899c9e6bd6c17c70a8e8fea,,,,,,,,,,,,,,,,,,,,,,,,,,,,,,,,,,,,,,,,,,,,,,,,,,,313.9942,314.744,5,0,5,0,1,,,,,,,,,,,,,,,,,,,,,,,,,,,,,,,,,,,,,,,,,,,,,,,,,,,,,,,,,,,,,,,,,,,,,,,,,,,,,,,,,,,,,,,,,,,,,,,,,,,,,,,,,,,,,,,,,,,,,,,,,,,,,,,,,,,,,
,,,2025-08-11_11h49.07.415,CFMT_CCMT_Face_recognition,03.02.2023,Win32,59.88023952,5987030cfd8cca00015cbc26,6899c7d7c4c961a016830ad3,6899c9e6bd6c17c70a8e8fea,,,,,,,,,,,,,,,,,,,,,,,,,,,,,,,,,,,,,,,,,,,,,,,,,,,,,,,,,,314.744,314.7445,,0,,,314.7446,319.7439,,,,,,,,,,,,,,,,,,,,,,,,,,,,,,,,,,,,,,,,,,,,,,,,,,,,,,,,,,,,,,,,,,,,,,,,,,,,,,,,,,,,,,,,,,,,,,,,,,,,,,,,,,,,,,,,,,,,,,,,,,,,,
,,,2025-08-11_11h49.07.415,CFMT_CCMT_Face_recognition,03.02.2023,Win32,59.88023952,5987030cfd8cca00015cbc26,6899c7d7c4c961a016830ad3,6899c9e6bd6c17c70a8e8fea,,,,,,,,,,,,,,,,,,,,,,,,,,,,,,,,,,,,,,,,,,,,,,,,,,,,,,,,,,,,,,,,,,319.744,329.7438,,,,,,,,,,,,,,,,,,,,,,,,,,,,,,,,,,,,,,,,,,,,,,,,,,,,,,,,,,,,,,,,,,,,,,,,,,,,,,,,,,,,,,,,,,,,,,,,,,,,,,,,,,,,,,,,,,,,,,,,,,,
,,,2025-08-11_11h49.07.415,CFMT_CCMT_Face_recognition,03.02.2023,Win32,59.88023952,5987030cfd8cca00015cbc26,6899c7d7c4c961a016830ad3,6899c9e6bd6c17c70a8e8fea,,,,,,,,,,,,,,,,,,,,,,,,,,,,,,,,,,,,,,,,,,,,,,,,,,,,,,,,,,,,,,,,,,,,329.7439,339.7437,,,,,,,,,,,,,,,,,,,,,,,,,,,,,,,,,,,,,,,,,,,,,,,,,,,,,,,,,,,,,,,,,,,,,,,,,,,,,,,,,,,,,,,,,,,,,,,,,,,,,,,,,,,,,,,,,,,,,,,,,
,,,2025-08-11_11h49.07.415,CFMT_CCMT_Face_recognition,03.02.2023,Win32,59.88023952,5987030cfd8cca00015cbc26,6899c7d7c4c961a016830ad3,6899c9e6bd6c17c70a8e8fea,,,,,,,,,,,,,,,,,,,,,,,,,,,,,,,,,,,,,,,,,,,,,,,,,,,,,,,,,,,,,,,,,,,,,,339.7438,341.1269,,,,,,,,,,,,,,,,,,,,,,,,,,,,,,,,,,,,,,,,,,,,,,,,,,,,,,,,,,,,,,,,,,,,,,,,,,,,,,,,,,,,,,,,,,,,,,,,,,,,,,,,,,,,,,,,,,,,,,,
,,,2025-08-11_11h49.07.415,CFMT_CCMT_Face_recognition,03.02.2023,Win32,59.88023952,5987030cfd8cca00015cbc26,6899c7d7c4c961a016830ad3,6899c9e6bd6c17c70a8e8fea,,,,,,,,,,,,,,,,,,,,,,,,,,,,,,,,,,,,,,,,,,,,,,341.129,1.878139115,343.0106,,,,,,,,,,,,,,,,,,,,,,,,343.0109,344.6445,q,1,1.5564,,0,0,0,0,1,,,,,,,,,,,,,,,,,,,,,,,,,,,,,,,,,,,,,,,,,,,,,,,,,,,,,,,,,,,,,,,,,,,,,,,,,,,,,,,,,,,,,,,,,,,,,,,,,,,,,,,,,,,,
,,,2025-08-11_11h49.07.415,CFMT_CCMT_Face_recognition,03.02.2023,Win32,59.88023952,5987030cfd8cca00015cbc26,6899c7d7c4c961a016830ad3,6899c9e6bd6c17c70a8e8fea,,,,,,,,,,,,,,,,,,,,,,,,,,,,,,,,,,,,,,,,,,,,,,344.6449,2.348457989,346.9942,,,,,,,,,,,,,,,,,,,,,,,,346.9942,348.1775,q,0,1.1033,,1,0,1,0,1,,,,,,,,,,,,,,,,,,,,,,,,,,,,,,,,,,,,,,,,,,,,,,,,,,,,,,,,,,,,,,,,,,,,,,,,,,,,,,,,,,,,,,,,,,,,,,,,,,,,,,,,,,,,
,,,2025-08-11_11h49.07.415,CFMT_CCMT_Face_recognition,03.02.2023,Win32,59.88023952,5987030cfd8cca00015cbc26,6899c7d7c4c961a016830ad3,6899c9e6bd6c17c70a8e8fea,,,,,,,,,,,,,,,,,,,,,,,,,,,,,,,,,,,,,,,,,,,,,,348.1779,1.878933888,350.0609,,,,,,,,,,,,,,,,,,,,,,,,350.0609,351.1606,q,1,1.0284,,2,0,2,0,1,,,,,,,,,,,,,,,,,,,,,,,,,,,,,,,,,,,,,,,,,,,,,,,,,,,,,,,,,,,,,,,,,,,,,,,,,,,,,,,,,,,,,,,,,,,,,,,,,,,,,,,,,,,,
,,,2025-08-11_11h49.07.415,CFMT_CCMT_Face_recognition,03.02.2023,Win32,59.88023952,5987030cfd8cca00015cbc26,6899c7d7c4c961a016830ad3,6899c9e6bd6c17c70a8e8fea,,,,,,,,,,,,,,,,,,,,,,,,,,,,,,,,,,,,,,,,,,,,,,351.1609,1.975770206,353.1273,,,,,,,,,,,,,,,,,,,,,,,,353.1273,356.4276,,,,,3,0,3,0,1,,,,,,,,,,,,,,,,,,,,,,,,,,,,,,,,,,,,,,,,,,,,,,,,,,,,,,,,,,,,,,,,,,,,,,,,,,,,,,,,,,,,,,,,,,,,,,,,,,,,,,,,,,,,
,,,2025-08-11_11h49.07.415,CFMT_CCMT_Face_recognition,03.02.2023,Win32,59.88023952,5987030cfd8cca00015cbc26,6899c7d7c4c961a016830ad3,6899c9e6bd6c17c70a8e8fea,,,,,,,,,,,,,,,,,,,,,,,,,,,,,,,,,,,,,,,,,,,,,,356.4279,1.74144234,358.1602,,,,,,,,,,,,,,,,,,,,,,,,358.1602,359.1771,q,1,0.9489,,4,0,4,0,1,,,,,,,,,,,,,,,,,,,,,,,,,,,,,,,,,,,,,,,,,,,,,,,,,,,,,,,,,,,,,,,,,,,,,,,,,,,,,,,,,,,,,,,,,,,,,,,,,,,,,,,,,,,,
,,,2025-08-11_11h49.07.415,CFMT_CCMT_Face_recognition,03.02.2023,Win32,59.88023952,5987030cfd8cca00015cbc26,6899c7d7c4c961a016830ad3,6899c9e6bd6c17c70a8e8fea,,,,,,,,,,,,,,,,,,,,,,,,,,,,,,,,,,,,,,,,,,,,,,359.1773,2.001594516,361.1771,,,,,,,,,,,,,,,,,,,,,,,,361.1772,362.3441,p,0,1.0881,,5,0,5,0,1,,,,,,,,,,,,,,,,,,,,,,,,,,,,,,,,,,,,,,,,,,,,,,,,,,,,,,,,,,,,,,,,,,,,,,,,,,,,,,,,,,,,,,,,,,,,,,,,,,,,,,,,,,,,
,,,2025-08-11_11h49.07.415,CFMT_CCMT_Face_recognition,03.02.2023,Win32,59.88023952,5987030cfd8cca00015cbc26,6899c7d7c4c961a016830ad3,6899c9e6bd6c17c70a8e8fea,,,,,,,,,,,,,,,,,,,,,,,,,,,,,,,,,,,,,,,,,,,,,,362.3443,2.327058247,364.661,,,,,,,,,,,,,,,,,,,,,,,,364.6611,366.0274,q,0,1.288,,6,0,6,0,1,,,,,,,,,,,,,,,,,,,,,,,,,,,,,,,,,,,,,,,,,,,,,,,,,,,,,,,,,,,,,,,,,,,,,,,,,,,,,,,,,,,,,,,,,,,,,,,,,,,,,,,,,,,,
,,,2025-08-11_11h49.07.415,CFMT_CCMT_Face_recognition,03.02.2023,Win32,59.88023952,5987030cfd8cca00015cbc26,6899c7d7c4c961a016830ad3,6899c9e6bd6c17c70a8e8fea,,,,,,,,,,,,,,,,,,,,,,,,,,,,,,,,,,,,,,,,,,,,,,366.0277,2.060826881,368.0774,,,,,,,,,,,,,,,,,,,,,,,,368.0775,369.4275,p,1,1.279,,7,0,7,0,1,,,,,,,,,,,,,,,,,,,,,,,,,,,,,,,,,,,,,,,,,,,,,,,,,,,,,,,,,,,,,,,,,,,,,,,,,,,,,,,,,,,,,,,,,,,,,,,,,,,,,,,,,,,,
,,,2025-08-11_11h49.07.415,CFMT_CCMT_Face_recognition,03.02.2023,Win32,59.88023952,5987030cfd8cca00015cbc26,6899c7d7c4c961a016830ad3,6899c9e6bd6c17c70a8e8fea,,,,,,,,,,,,,,,,,,,,,,,,,,,,,,,,,,,,,,,,,,,,,,369.4279,1.928649568,371.3441,,,,,,,,,,,,,,,,,,,,,,,,371.3441,372.944,q,1,1.5277,,8,0,8,0,1,,,,,,,,,,,,,,,,,,,,,,,,,,,,,,,,,,,,,,,,,,,,,,,,,,,,,,,,,,,,,,,,,,,,,,,,,,,,,,,,,,,,,,,,,,,,,,,,,,,,,,,,,,,,
,,,2025-08-11_11h49.07.415,CFMT_CCMT_Face_recognition,03.02.2023,Win32,59.88023952,5987030cfd8cca00015cbc26,6899c7d7c4c961a016830ad3,6899c9e6bd6c17c70a8e8fea,,,,,,,,,,,,,,,,,,,,,,,,,,,,,,,,,,,,,,,,,,,,,,372.9443,2.167668973,375.1108,,,,,,,,,,,,,,,,,,,,,,,,375.1108,376.9107,p,0,1.7243,,9,0,9,0,1,,,,,,,,,,,,,,,,,,,,,,,,,,,,,,,,,,,,,,,,,,,,,,,,,,,,,,,,,,,,,,,,,,,,,,,,,,,,,,,,,,,,,,,,,,,,,,,,,,,,,,,,,,,,
,,,2025-08-11_11h49.07.415,CFMT_CCMT_Face_recognition,03.02.2023,Win32,59.88023952,5987030cfd8cca00015cbc26,6899c7d7c4c961a016830ad3,6899c9e6bd6c17c70a8e8fea,,,,,,,,,,,,,,,,,,,,,,,,,,,,,,,,,,,,,,,,,,,,,,376.911,1.576481322,378.4774,,,,,,,,,,,,,,,,,,,,,,,,378.4775,379.877,q,1,1.3216,,10,0,10,0,1,,,,,,,,,,,,,,,,,,,,,,,,,,,,,,,,,,,,,,,,,,,,,,,,,,,,,,,,,,,,,,,,,,,,,,,,,,,,,,,,,,,,,,,,,,,,,,,,,,,,,,,,,,,,
,,,2025-08-11_11h49.07.415,CFMT_CCMT_Face_recognition,03.02.2023,Win32,59.88023952,5987030cfd8cca00015cbc26,6899c7d7c4c961a016830ad3,6899c9e6bd6c17c70a8e8fea,,,,,,,,,,,,,,,,,,,,,,,,,,,,,,,,,,,,,,,,,,,,,,379.8773,1.833265653,381.71,,,,,,,,,,,,,,,,,,,,,,,,381.7101,382.8608,q,1,1.0776,,11,0,11,0,1,,,,,,,,,,,,,,,,,,,,,,,,,,,,,,,,,,,,,,,,,,,,,,,,,,,,,,,,,,,,,,,,,,,,,,,,,,,,,,,,,,,,,,,,,,,,,,,,,,,,,,,,,,,,
,,,2025-08-11_11h49.07.415,CFMT_CCMT_Face_recognition,03.02.2023,Win32,59.88023952,5987030cfd8cca00015cbc26,6899c7d7c4c961a016830ad3,6899c9e6bd6c17c70a8e8fea,,,,,,,,,,,,,,,,,,,,,,,,,,,,,,,,,,,,,,,,,,,,,,382.8611,1.504077706,384.3606,,,,,,,,,,,,,,,,,,,,,,,,384.3607,385.6602,q,1,1.2249,,12,0,12,0,1,,,,,,,,,,,,,,,,,,,,,,,,,,,,,,,,,,,,,,,,,,,,,,,,,,,,,,,,,,,,,,,,,,,,,,,,,,,,,,,,,,,,,,,,,,,,,,,,,,,,,,,,,,,,
,,,2025-08-11_11h49.07.415,CFMT_CCMT_Face_recognition,03.02.2023,Win32,59.88023952,5987030cfd8cca00015cbc26,6899c7d7c4c961a016830ad3,6899c9e6bd6c17c70a8e8fea,,,,,,,,,,,,,,,,,,,,,,,,,,,,,,,,,,,,,,,,,,,,,,385.6605,2.030549267,387.6939,,,,,,,,,,,,,,,,,,,,,,,,387.6939,390.7939,,,,,13,0,13,0,1,,,,,,,,,,,,,,,,,,,,,,,,,,,,,,,,,,,,,,,,,,,,,,,,,,,,,,,,,,,,,,,,,,,,,,,,,,,,,,,,,,,,,,,,,,,,,,,,,,,,,,,,,,,,
,,,2025-08-11_11h49.07.415,CFMT_CCMT_Face_recognition,03.02.2023,Win32,59.88023952,5987030cfd8cca00015cbc26,6899c7d7c4c961a016830ad3,6899c9e6bd6c17c70a8e8fea,,,,,,,,,,,,,,,,,,,,,,,,,,,,,,,,,,,,,,,,,,,,,,390.794,2.115530623,392.9108,,,,,,,,,,,,,,,,,,,,,,,,392.9109,394.0774,p,0,1.0876,,14,0,14,0,1,,,,,,,,,,,,,,,,,,,,,,,,,,,,,,,,,,,,,,,,,,,,,,,,,,,,,,,,,,,,,,,,,,,,,,,,,,,,,,,,,,,,,,,,,,,,,,,,,,,,,,,,,,,,
,,,2025-08-11_11h49.07.415,CFMT_CCMT_Face_recognition,03.02.2023,Win32,59.88023952,5987030cfd8cca00015cbc26,6899c7d7c4c961a016830ad3,6899c9e6bd6c17c70a8e8fea,,,,,,,,,,,,,,,,,,,,,,,,,,,,,,,,,,,,,,,,,,,,,,394.0778,1.992940592,396.0607,,,,,,,,,,,,,,,,,,,,,,,,396.0607,397.0941,q,0,0.954,,15,0,15,0,1,,,,,,,,,,,,,,,,,,,,,,,,,,,,,,,,,,,,,,,,,,,,,,,,,,,,,,,,,,,,,,,,,,,,,,,,,,,,,,,,,,,,,,,,,,,,,,,,,,,,,,,,,,,,
,,,2025-08-11_11h49.07.415,CFMT_CCMT_Face_recognition,03.02.2023,Win32,59.88023952,5987030cfd8cca00015cbc26,6899c7d7c4c961a016830ad3,6899c9e6bd6c17c70a8e8fea,,,,,,,,,,,,,,,,,,,,,,,,,,,,,,,,,,,,,,,,,,,,,,397.0944,2.291539092,399.3768,,,,,,,,,,,,,,,,,,,,,,,,399.3768,400.4108,p,1,0.9531,,16,0,16,0,1,,,,,,,,,,,,,,,,,,,,,,,,,,,,,,,,,,,,,,,,,,,,,,,,,,,,,,,,,,,,,,,,,,,,,,,,,,,,,,,,,,,,,,,,,,,,,,,,,,,,,,,,,,,,
,,,2025-08-11_11h49.07.415,CFMT_CCMT_Face_recognition,03.02.2023,Win32,59.88023952,5987030cfd8cca00015cbc26,6899c7d7c4c961a016830ad3,6899c9e6bd6c17c70a8e8fea,,,,,,,,,,,,,,,,,,,,,,,,,,,,,,,,,,,,,,,,,,,,,,400.4111,2.009771253,402.4103,,,,,,,,,,,,,,,,,,,,,,,,402.4104,403.9439,p,1,1.4591,,17,0,17,0,1,,,,,,,,,,,,,,,,,,,,,,,,,,,,,,,,,,,,,,,,,,,,,,,,,,,,,,,,,,,,,,,,,,,,,,,,,,,,,,,,,,,,,,,,,,,,,,,,,,,,,,,,,,,,
,,,2025-08-11_11h49.07.415,CFMT_CCMT_Face_recognition,03.02.2023,Win32,59.88023952,5987030cfd8cca00015cbc26,6899c7d7c4c961a016830ad3,6899c9e6bd6c17c70a8e8fea,,,,,,,,,,,,,,,,,,,,,,,,,,,,,,,,,,,,,,,,,,,,,,403.9442,2.176317441,406.1107,,,,,,,,,,,,,,,,,,,,,,,,406.1107,407.1771,q,0,0.9948,,18,0,18,0,1,,,,,,,,,,,,,,,,,,,,,,,,,,,,,,,,,,,,,,,,,,,,,,,,,,,,,,,,,,,,,,,,,,,,,,,,,,,,,,,,,,,,,,,,,,,,,,,,,,,,,,,,,,,,
,,,2025-08-11_11h49.07.415,CFMT_CCMT_Face_recognition,03.02.2023,Win32,59.88023952,5987030cfd8cca00015cbc26,6899c7d7c4c961a016830ad3,6899c9e6bd6c17c70a8e8fea,,,,,,,,,,,,,,,,,,,,,,,,,,,,,,,,,,,,,,,,,,,,,,407.1774,1.509664438,408.6776,,,,,,,,,,,,,,,,,,,,,,,,408.6776,410.0604,q,1,1.3118,,19,0,19,0,1,,,,,,,,,,,,,,,,,,,,,,,,,,,,,,,,,,,,,,,,,,,,,,,,,,,,,,,,,,,,,,,,,,,,,,,,,,,,,,,,,,,,,,,,,,,,,,,,,,,,,,,,,,,,
,,,2025-08-11_11h49.07.415,CFMT_CCMT_Face_recognition,03.02.2023,Win32,59.88023952,5987030cfd8cca00015cbc26,6899c7d7c4c961a016830ad3,6899c9e6bd6c17c70a8e8fea,,,,,,,,,,,,,,,,,,,,,,,,,,,,,,,,,,,,,,,,,,,,,,410.0608,1.695921733,411.7599,,,,,,,,,,,,,,,,,,,,,,,,411.7599,413.1107,p,1,1.2721,,20,0,20,0,1,,,,,,,,,,,,,,,,,,,,,,,,,,,,,,,,,,,,,,,,,,,,,,,,,,,,,,,,,,,,,,,,,,,,,,,,,,,,,,,,,,,,,,,,,,,,,,,,,,,,,,,,,,,,
,,,2025-08-11_11h49.07.415,CFMT_CCMT_Face_recognition,03.02.2023,Win32,59.88023952,5987030cfd8cca00015cbc26,6899c7d7c4c961a016830ad3,6899c9e6bd6c17c70a8e8fea,,,,,,,,,,,,,,,,,,,,,,,,,,,,,,,,,,,,,,,,,,,,,,413.111,2.062911347,415.1774,,,,,,,,,,,,,,,,,,,,,,,,415.1775,416.4277,q,1,1.1718,,21,0,21,0,1,,,,,,,,,,,,,,,,,,,,,,,,,,,,,,,,,,,,,,,,,,,,,,,,,,,,,,,,,,,,,,,,,,,,,,,,,,,,,,,,,,,,,,,,,,,,,,,,,,,,,,,,,,,,
,,,2025-08-11_11h49.07.415,CFMT_CCMT_Face_recognition,03.02.2023,Win32,59.88023952,5987030cfd8cca00015cbc26,6899c7d7c4c961a016830ad3,6899c9e6bd6c17c70a8e8fea,,,,,,,,,,,,,,,,,,,,,,,,,,,,,,,,,,,,,,,,,,,,,,416.4281,2.305028847,418.7273,,,,,,,,,,,,,,,,,,,,,,,,418.7274,420.2607,q,0,1.4554,,22,0,22,0,1,,,,,,,,,,,,,,,,,,,,,,,,,,,,,,,,,,,,,,,,,,,,,,,,,,,,,,,,,,,,,,,,,,,,,,,,,,,,,,,,,,,,,,,,,,,,,,,,,,,,,,,,,,,,
,,,2025-08-11_11h49.07.415,CFMT_CCMT_Face_recognition,03.02.2023,Win32,59.88023952,5987030cfd8cca00015cbc26,6899c7d7c4c961a016830ad3,6899c9e6bd6c17c70a8e8fea,,,,,,,,,,,,,,,,,,,,,,,,,,,,,,,,,,,,,,,,,,,,,,420.261,2.044451575,422.294,,,,,,,,,,,,,,,,,,,,,,,,422.294,423.3607,p,1,0.9878,,23,0,23,0,1,,,,,,,,,,,,,,,,,,,,,,,,,,,,,,,,,,,,,,,,,,,,,,,,,,,,,,,,,,,,,,,,,,,,,,,,,,,,,,,,,,,,,,,,,,,,,,,,,,,,,,,,,,,,
,,,2025-08-11_11h49.07.415,CFMT_CCMT_Face_recognition,03.02.2023,Win32,59.88023952,5987030cfd8cca00015cbc26,6899c7d7c4c961a016830ad3,6899c9e6bd6c17c70a8e8fea,,,,,,,,,,,,,,,,,,,,,,,,,,,,,,,,,,,,,,,,,,,,,,423.3612,1.852522865,425.2102,,,,,,,,,,,,,,,,,,,,,,,,425.2103,426.4937,p,0,1.218,,24,0,24,0,1,,,,,,,,,,,,,,,,,,,,,,,,,,,,,,,,,,,,,,,,,,,,,,,,,,,,,,,,,,,,,,,,,,,,,,,,,,,,,,,,,,,,,,,,,,,,,,,,,,,,,,,,,,,,
,,,2025-08-11_11h49.07.415,CFMT_CCMT_Face_recognition,03.02.2023,Win32,59.88023952,5987030cfd8cca00015cbc26,6899c7d7c4c961a016830ad3,6899c9e6bd6c17c70a8e8fea,,,,,,,,,,,,,,,,,,,,,,,,,,,,,,,,,,,,,,,,,,,,,,426.4939,2.057756945,428.544,,,,,,,,,,,,,,,,,,,,,,,,428.544,430.5271,p,1,1.9071,,25,0,25,0,1,,,,,,,,,,,,,,,,,,,,,,,,,,,,,,,,,,,,,,,,,,,,,,,,,,,,,,,,,,,,,,,,,,,,,,,,,,,,,,,,,,,,,,,,,,,,,,,,,,,,,,,,,,,,
,,,2025-08-11_11h49.07.415,CFMT_CCMT_Face_recognition,03.02.2023,Win32,59.88023952,5987030cfd8cca00015cbc26,6899c7d7c4c961a016830ad3,6899c9e6bd6c17c70a8e8fea,,,,,,,,,,,,,,,,,,,,,,,,,,,,,,,,,,,,,,,,,,,,,,430.5274,1.667653917,432.1941,,,,,,,,,,,,,,,,,,,,,,,,432.1941,434.2941,,,,,26,0,26,0,1,,,,,,,,,,,,,,,,,,,,,,,,,,,,,,,,,,,,,,,,,,,,,,,,,,,,,,,,,,,,,,,,,,,,,,,,,,,,,,,,,,,,,,,,,,,,,,,,,,,,,,,,,,,,
,,,2025-08-11_11h49.07.415,CFMT_CCMT_Face_recognition,03.02.2023,Win32,59.88023952,5987030cfd8cca00015cbc26,6899c7d7c4c961a016830ad3,6899c9e6bd6c17c70a8e8fea,,,,,,,,,,,,,,,,,,,,,,,,,,,,,,,,,,,,,,,,,,,,,,434.2945,2.108931094,436.3939,,,,,,,,,,,,,,,,,,,,,,,,436.3939,438.2275,q,1,1.751,,27,0,27,0,1,,,,,,,,,,,,,,,,,,,,,,,,,,,,,,,,,,,,,,,,,,,,,,,,,,,,,,,,,,,,,,,,,,,,,,,,,,,,,,,,,,,,,,,,,,,,,,,,,,,,,,,,,,,,
,,,2025-08-11_11h49.07.415,CFMT_CCMT_Face_recognition,03.02.2023,Win32,59.88023952,5987030cfd8cca00015cbc26,6899c7d7c4c961a016830ad3,6899c9e6bd6c17c70a8e8fea,,,,,,,,,,,,,,,,,,,,,,,,,,,,,,,,,,,,,,,,,,,,,,438.2278,2.068601147,440.294,,,,,,,,,,,,,,,,,,,,,,,,440.2941,441.5273,q,1,1.1575,,28,0,28,0,1,,,,,,,,,,,,,,,,,,,,,,,,,,,,,,,,,,,,,,,,,,,,,,,,,,,,,,,,,,,,,,,,,,,,,,,,,,,,,,,,,,,,,,,,,,,,,,,,,,,,,,,,,,,,
,,,2025-08-11_11h49.07.415,CFMT_CCMT_Face_recognition,03.02.2023,Win32,59.88023952,5987030cfd8cca00015cbc26,6899c7d7c4c961a016830ad3,6899c9e6bd6c17c70a8e8fea,,,,,,,,,,,,,,,,,,,,,,,,,,,,,,,,,,,,,,,,,,,,,,441.5276,2.207370728,443.727,,,,,,,,,,,,,,,,,,,,,,,,443.7271,445.0436,p,1,1.2451,,29,0,29,0,1,,,,,,,,,,,,,,,,,,,,,,,,,,,,,,,,,,,,,,,,,,,,,,,,,,,,,,,,,,,,,,,,,,,,,,,,,,,,,,,,,,,,,,,,,,,,,,,,,,,,,,,,,,,,
,,,2025-08-11_11h49.07.415,CFMT_CCMT_Face_recognition,03.02.2023,Win32,59.88023952,5987030cfd8cca00015cbc26,6899c7d7c4c961a016830ad3,6899c9e6bd6c17c70a8e8fea,,,,,,,,,,,,,,,,,,,,,,,,,,,,,,,,,,,,,,,,,,,,,,445.0438,1.679254179,446.727,,,,,,,,,,,,,,,,,,,,,,,,446.727,448.1937,q,0,1.3952,,30,0,30,0,1,,,,,,,,,,,,,,,,,,,,,,,,,,,,,,,,,,,,,,,,,,,,,,,,,,,,,,,,,,,,,,,,,,,,,,,,,,,,,,,,,,,,,,,,,,,,,,,,,,,,,,,,,,,,
,,,2025-08-11_11h49.07.415,CFMT_CCMT_Face_recognition,03.02.2023,Win32,59.88023952,5987030cfd8cca00015cbc26,6899c7d7c4c961a016830ad3,6899c9e6bd6c17c70a8e8fea,,,,,,,,,,,,,,,,,,,,,,,,,,,,,,,,,,,,,,,,,,,,,,448.194,2.038333424,450.2275,,,,,,,,,,,,,,,,,,,,,,,,450.2275,451.6433,q,0,1.336,,31,0,31,0,1,,,,,,,,,,,,,,,,,,,,,,,,,,,,,,,,,,,,,,,,,,,,,,,,,,,,,,,,,,,,,,,,,,,,,,,,,,,,,,,,,,,,,,,,,,,,,,,,,,,,,,,,,,,,
,,,2025-08-11_11h49.07.415,CFMT_CCMT_Face_recognition,03.02.2023,Win32,59.88023952,5987030cfd8cca00015cbc26,6899c7d7c4c961a016830ad3,6899c9e6bd6c17c70a8e8fea,,,,,,,,,,,,,,,,,,,,,,,,,,,,,,,,,,,,,,,,,,,,,,451.6435,1.985752803,453.6266,,,,,,,,,,,,,,,,,,,,,,,,453.6266,454.9937,p,0,1.2839,,32,0,32,0,1,,,,,,,,,,,,,,,,,,,,,,,,,,,,,,,,,,,,,,,,,,,,,,,,,,,,,,,,,,,,,,,,,,,,,,,,,,,,,,,,,,,,,,,,,,,,,,,,,,,,,,,,,,,,
,,,2025-08-11_11h49.07.415,CFMT_CCMT_Face_recognition,03.02.2023,Win32,59.88023952,5987030cfd8cca00015cbc26,6899c7d7c4c961a016830ad3,6899c9e6bd6c17c70a8e8fea,,,,,,,,,,,,,,,,,,,,,,,,,,,,,,,,,,,,,,,,,,,,,,454.994,2.224803483,457.2107,,,,,,,,,,,,,,,,,,,,,,,,457.2109,458.2604,q,1,0.9772,,33,0,33,0,1,,,,,,,,,,,,,,,,,,,,,,,,,,,,,,,,,,,,,,,,,,,,,,,,,,,,,,,,,,,,,,,,,,,,,,,,,,,,,,,,,,,,,,,,,,,,,,,,,,,,,,,,,,,,
,,,2025-08-11_11h49.07.415,CFMT_CCMT_Face_recognition,03.02.2023,Win32,59.88023952,5987030cfd8cca00015cbc26,6899c7d7c4c961a016830ad3,6899c9e6bd6c17c70a8e8fea,,,,,,,,,,,,,,,,,,,,,,,,,,,,,,,,,,,,,,,,,,,,,,458.2606,1.693953986,459.9441,,,,,,,,,,,,,,,,,,,,,,,,459.9442,460.8107,q,1,0.7956,,34,0,34,0,1,,,,,,,,,,,,,,,,,,,,,,,,,,,,,,,,,,,,,,,,,,,,,,,,,,,,,,,,,,,,,,,,,,,,,,,,,,,,,,,,,,,,,,,,,,,,,,,,,,,,,,,,,,,,
,,,2025-08-11_11h49.07.415,CFMT_CCMT_Face_recognition,03.02.2023,Win32,59.88023952,5987030cfd8cca00015cbc26,6899c7d7c4c961a016830ad3,6899c9e6bd6c17c70a8e8fea,,,,,,,,,,,,,,,,,,,,,,,,,,,,,,,,,,,,,,,,,,,,,,460.811,2.096089848,462.9107,,,,,,,,,,,,,,,,,,,,,,,,462.9108,464.7439,q,0,1.7593,,35,0,35,0,1,,,,,,,,,,,,,,,,,,,,,,,,,,,,,,,,,,,,,,,,,,,,,,,,,,,,,,,,,,,,,,,,,,,,,,,,,,,,,,,,,,,,,,,,,,,,,,,,,,,,,,,,,,,,
,,,2025-08-11_11h49.07.415,CFMT_CCMT_Face_recognition,03.02.2023,Win32,59.88023952,5987030cfd8cca00015cbc26,6899c7d7c4c961a016830ad3,6899c9e6bd6c17c70a8e8fea,,,,,,,,,,,,,,,,,,,,,,,,,,,,,,,,,,,,,,,,,,,,,,464.7442,1.743392538,466.4774,,,,,,,,,,,,,,,,,,,,,,,,466.4774,467.5774,p,1,1.0173,,36,0,36,0,1,,,,,,,,,,,,,,,,,,,,,,,,,,,,,,,,,,,,,,,,,,,,,,,,,,,,,,,,,,,,,,,,,,,,,,,,,,,,,,,,,,,,,,,,,,,,,,,,,,,,,,,,,,,,
,,,2025-08-11_11h49.07.415,CFMT_CCMT_Face_recognition,03.02.2023,Win32,59.88023952,5987030cfd8cca00015cbc26,6899c7d7c4c961a016830ad3,6899c9e6bd6c17c70a8e8fea,,,,,,,,,,,,,,,,,,,,,,,,,,,,,,,,,,,,,,,,,,,,,,467.5777,2.465448775,470.044,,,,,,,,,,,,,,,,,,,,,,,,470.0441,471.7107,p,0,1.5891,,37,0,37,0,1,,,,,,,,,,,,,,,,,,,,,,,,,,,,,,,,,,,,,,,,,,,,,,,,,,,,,,,,,,,,,,,,,,,,,,,,,,,,,,,,,,,,,,,,,,,,,,,,,,,,,,,,,,,,
,,,2025-08-11_11h49.07.415,CFMT_CCMT_Face_recognition,03.02.2023,Win32,59.88023952,5987030cfd8cca00015cbc26,6899c7d7c4c961a016830ad3,6899c9e6bd6c17c70a8e8fea,,,,,,,,,,,,,,,,,,,,,,,,,,,,,,,,,,,,,,,,,,,,,,471.711,2.378846665,474.0941,,,,,,,,,,,,,,,,,,,,,,,,474.0941,475.2274,p,1,1.0582,,38,0,38,0,1,,,,,,,,,,,,,,,,,,,,,,,,,,,,,,,,,,,,,,,,,,,,,,,,,,,,,,,,,,,,,,,,,,,,,,,,,,,,,,,,,,,,,,,,,,,,,,,,,,,,,,,,,,,,
,,,2025-08-11_11h49.07.415,CFMT_CCMT_Face_recognition,03.02.2023,Win32,59.88023952,5987030cfd8cca00015cbc26,6899c7d7c4c961a016830ad3,6899c9e6bd6c17c70a8e8fea,,,,,,,,,,,,,,,,,,,,,,,,,,,,,,,,,,,,,,,,,,,,,,475.2277,1.914684831,477.144,,,,,,,,,,,,,,,,,,,,,,,,477.1441,479.7265,,,,,39,0,39,0,1,,,,,,,,,,,,,,,,,,,,,,,,,,,,,,,,,,,,,,,,,,,,,,,,,,,,,,,,,,,,,,,,,,,,,,,,,,,,,,,,,,,,,,,,,,,,,,,,,,,,,,,,,,,,
,,,2025-08-11_11h49.07.415,CFMT_CCMT_Face_recognition,03.02.2023,Win32,59.88023952,5987030cfd8cca00015cbc26,6899c7d7c4c961a016830ad3,6899c9e6bd6c17c70a8e8fea,,,,,,,,,,,,,,,,,,,,,,,,,,,,,,,,,,,,,,,,,,,,,,479.7267,2.172762174,481.8932,,,,,,,,,,,,,,,,,,,,,,,,481.8932,482.8606,q,1,0.8899,,40,0,40,0,1,,,,,,,,,,,,,,,,,,,,,,,,,,,,,,,,,,,,,,,,,,,,,,,,,,,,,,,,,,,,,,,,,,,,,,,,,,,,,,,,,,,,,,,,,,,,,,,,,,,,,,,,,,,,
,,,2025-08-11_11h49.07.415,CFMT_CCMT_Face_recognition,03.02.2023,Win32,59.88023952,5987030cfd8cca00015cbc26,6899c7d7c4c961a016830ad3,6899c9e6bd6c17c70a8e8fea,,,,,,,,,,,,,,,,,,,,,,,,,,,,,,,,,,,,,,,,,,,,,,482.861,2.387224334,485.244,,,,,,,,,,,,,,,,,,,,,,,,485.244,486.494,p,1,1.1702,,41,0,41,0,1,,,,,,,,,,,,,,,,,,,,,,,,,,,,,,,,,,,,,,,,,,,,,,,,,,,,,,,,,,,,,,,,,,,,,,,,,,,,,,,,,,,,,,,,,,,,,,,,,,,,,,,,,,,,
,,,2025-08-11_11h49.07.415,CFMT_CCMT_Face_recognition,03.02.2023,Win32,59.88023952,5987030cfd8cca00015cbc26,6899c7d7c4c961a016830ad3,6899c9e6bd6c17c70a8e8fea,,,,,,,,,,,,,,,,,,,,,,,,,,,,,,,,,,,,,,,,,,,,,,486.4943,2.294852557,488.7773,,,,,,,,,,,,,,,,,,,,,,,,488.7774,489.8099,p,1,0.9597,,42,0,42,0,1,,,,,,,,,,,,,,,,,,,,,,,,,,,,,,,,,,,,,,,,,,,,,,,,,,,,,,,,,,,,,,,,,,,,,,,,,,,,,,,,,,,,,,,,,,,,,,,,,,,,,,,,,,,,
,,,2025-08-11_11h49.07.415,CFMT_CCMT_Face_recognition,03.02.2023,Win32,59.88023952,5987030cfd8cca00015cbc26,6899c7d7c4c961a016830ad3,6899c9e6bd6c17c70a8e8fea,,,,,,,,,,,,,,,,,,,,,,,,,,,,,,,,,,,,,,,,,,,,,,489.8102,2.310329664,492.1098,,,,,,,,,,,,,,,,,,,,,,,,492.1098,492.9101,q,0,0.7364,,43,0,43,0,1,,,,,,,,,,,,,,,,,,,,,,,,,,,,,,,,,,,,,,,,,,,,,,,,,,,,,,,,,,,,,,,,,,,,,,,,,,,,,,,,,,,,,,,,,,,,,,,,,,,,,,,,,,,,
,,,2025-08-11_11h49.07.415,CFMT_CCMT_Face_recognition,03.02.2023,Win32,59.88023952,5987030cfd8cca00015cbc26,6899c7d7c4c961a016830ad3,6899c9e6bd6c17c70a8e8fea,,,,,,,,,,,,,,,,,,,,,,,,,,,,,,,,,,,,,,,,,,,,,,492.9104,2.407161602,495.3107,,,,,,,,,,,,,,,,,,,,,,,,495.3107,496.3938,p,1,1.0026,,44,0,44,0,1,,,,,,,,,,,,,,,,,,,,,,,,,,,,,,,,,,,,,,,,,,,,,,,,,,,,,,,,,,,,,,,,,,,,,,,,,,,,,,,,,,,,,,,,,,,,,,,,,,,,,,,,,,,,
,,,2025-08-11_11h49.07.415,CFMT_CCMT_Face_recognition,03.02.2023,Win32,59.88023952,5987030cfd8cca00015cbc26,6899c7d7c4c961a016830ad3,6899c9e6bd6c17c70a8e8fea,,,,,,,,,,,,,,,,,,,,,,,,,,,,,,,,,,,,,,,,,,,,,,496.3941,1.644950914,498.0431,,,,,,,,,,,,,,,,,,,,,,,,498.0431,499.5599,q,0,1.4499,,45,0,45,0,1,,,,,,,,,,,,,,,,,,,,,,,,,,,,,,,,,,,,,,,,,,,,,,,,,,,,,,,,,,,,,,,,,,,,,,,,,,,,,,,,,,,,,,,,,,,,,,,,,,,,,,,,,,,,
,,,2025-08-11_11h49.07.415,CFMT_CCMT_Face_recognition,03.02.2023,Win32,59.88023952,5987030cfd8cca00015cbc26,6899c7d7c4c961a016830ad3,6899c9e6bd6c17c70a8e8fea,,,,,,,,,,,,,,,,,,,,,,,,,,,,,,,,,,,,,,,,,,,,,,499.5601,1.857996295,501.4106,,,,,,,,,,,,,,,,,,,,,,,,501.4107,502.627,p,0,1.1351,,46,0,46,0,1,,,,,,,,,,,,,,,,,,,,,,,,,,,,,,,,,,,,,,,,,,,,,,,,,,,,,,,,,,,,,,,,,,,,,,,,,,,,,,,,,,,,,,,,,,,,,,,,,,,,,,,,,,,,
,,,2025-08-11_11h49.07.415,CFMT_CCMT_Face_recognition,03.02.2023,Win32,59.88023952,5987030cfd8cca00015cbc26,6899c7d7c4c961a016830ad3,6899c9e6bd6c17c70a8e8fea,,,,,,,,,,,,,,,,,,,,,,,,,,,,,,,,,,,,,,,,,,,,,,502.6273,2.404557776,505.0273,,,,,,,,,,,,,,,,,,,,,,,,505.0273,506.0273,p,1,0.9262,,47,0,47,0,1,,,,,,,,,,,,,,,,,,,,,,,,,,,,,,,,,,,,,,,,,,,,,,,,,,,,,,,,,,,,,,,,,,,,,,,,,,,,,,,,,,,,,,,,,,,,,,,,,,,,,,,,,,,,
,,,2025-08-11_11h49.07.415,CFMT_CCMT_Face_recognition,03.02.2023,Win32,59.88023952,5987030cfd8cca00015cbc26,6899c7d7c4c961a016830ad3,6899c9e6bd6c17c70a8e8fea,,,,,,,,,,,,,,,,,,,,,,,,,,,,,,,,,,,,,,,,,,,,,,506.0276,2.286582048,508.3106,,,,,,,,,,,,,,,,,,,,,,,,508.3108,509.3599,p,0,0.9804,,48,0,48,0,1,,,,,,,,,,,,,,,,,,,,,,,,,,,,,,,,,,,,,,,,,,,,,,,,,,,,,,,,,,,,,,,,,,,,,,,,,,,,,,,,,,,,,,,,,,,,,,,,,,,,,,,,,,,,
,,,2025-08-11_11h49.07.415,CFMT_CCMT_Face_recognition,03.02.2023,Win32,59.88023952,5987030cfd8cca00015cbc26,6899c7d7c4c961a016830ad3,6899c9e6bd6c17c70a8e8fea,,,,,,,,,,,,,,,,,,,,,,,,,,,,,,,,,,,,,,,,,,,,,,509.36,1.862074071,511.2106,,,,,,,,,,,,,,,,,,,,,,,,511.2106,512.1265,q,1,0.8501,,49,0,49,0,1,,,,,,,,,,,,,,,,,,,,,,,,,,,,,,,,,,,,,,,,,,,,,,,,,,,,,,,,,,,,,,,,,,,,,,,,,,,,,,,,,,,,,,,,,,,,,,,,,,,,,,,,,,,,
,,,2025-08-11_11h49.07.415,CFMT_CCMT_Face_recognition,03.02.2023,Win32,59.88023952,5987030cfd8cca00015cbc26,6899c7d7c4c961a016830ad3,6899c9e6bd6c17c70a8e8fea,,,,,,,,,,,,,,,,,,,,,,,,,,,,,,,,,,,,,,,,,,,,,,512.1269,1.930098651,514.0602,,,,,,,,,,,,,,,,,,,,,,,,514.0602,515.4273,p,1,1.2871,,50,0,50,0,1,,,,,,,,,,,,,,,,,,,,,,,,,,,,,,,,,,,,,,,,,,,,,,,,,,,,,,,,,,,,,,,,,,,,,,,,,,,,,,,,,,,,,,,,,,,,,,,,,,,,,,,,,,,,
,,,2025-08-11_11h49.07.415,CFMT_CCMT_Face_recognition,03.02.2023,Win32,59.88023952,5987030cfd8cca00015cbc26,6899c7d7c4c961a016830ad3,6899c9e6bd6c17c70a8e8fea,,,,,,,,,,,,,,,,,,,,,,,,,,,,,,,,,,,,,,,,,,,,,,515.4276,1.537318615,516.9605,,,,,,,,,,,,,,,,,,,,,,,,516.9605,518.3602,p,0,1.3331,,51,0,51,0,1,,,,,,,,,,,,,,,,,,,,,,,,,,,,,,,,,,,,,,,,,,,,,,,,,,,,,,,,,,,,,,,,,,,,,,,,,,,,,,,,,,,,,,,,,,,,,,,,,,,,,,,,,,,,
,,,2025-08-11_11h49.07.415,CFMT_CCMT_Face_recognition,03.02.2023,Win32,59.88023952,5987030cfd8cca00015cbc26,6899c7d7c4c961a016830ad3,6899c9e6bd6c17c70a8e8fea,,,,,,,,,,,,,,,,,,,,,,,,,,,,,,,,,,,,,,,,,,,,,,518.3605,2.195984225,520.5602,,,,,,,,,,,,,,,,,,,,,,,,520.5602,521.9767,q,0,1.3478,,52,0,52,0,1,,,,,,,,,,,,,,,,,,,,,,,,,,,,,,,,,,,,,,,,,,,,,,,,,,,,,,,,,,,,,,,,,,,,,,,,,,,,,,,,,,,,,,,,,,,,,,,,,,,,,,,,,,,,
,,,2025-08-11_11h49.07.415,CFMT_CCMT_Face_recognition,03.02.2023,Win32,59.88023952,5987030cfd8cca00015cbc26,6899c7d7c4c961a016830ad3,6899c9e6bd6c17c70a8e8fea,,,,,,,,,,,,,,,,,,,,,,,,,,,,,,,,,,,,,,,,,,,,,,521.977,1.739985171,523.7105,,,,,,,,,,,,,,,,,,,,,,,,523.7106,524.9435,p,1,1.1595,,53,0,53,0,1,,,,,,,,,,,,,,,,,,,,,,,,,,,,,,,,,,,,,,,,,,,,,,,,,,,,,,,,,,,,,,,,,,,,,,,,,,,,,,,,,,,,,,,,,,,,,,,,,,,,,,,,,,,,
,,,2025-08-11_11h49.07.415,CFMT_CCMT_Face_recognition,03.02.2023,Win32,59.88023952,5987030cfd8cca00015cbc26,6899c7d7c4c961a016830ad3,6899c9e6bd6c17c70a8e8fea,,,,,,,,,,,,,,,,,,,,,,,,,,,,,,,,,,,,,,,,,,,,,,524.9437,2.331843061,527.2772,,,,,,,,,,,,,,,,,,,,,,,,527.2773,528.4106,q,1,1.064,,54,0,54,0,1,,,,,,,,,,,,,,,,,,,,,,,,,,,,,,,,,,,,,,,,,,,,,,,,,,,,,,,,,,,,,,,,,,,,,,,,,,,,,,,,,,,,,,,,,,,,,,,,,,,,,,,,,,,,
,,,2025-08-11_11h49.07.415,CFMT_CCMT_Face_recognition,03.02.2023,Win32,59.88023952,5987030cfd8cca00015cbc26,6899c7d7c4c961a016830ad3,6899c9e6bd6c17c70a8e8fea,,,,,,,,,,,,,,,,,,,,,,,,,,,,,,,,,,,,,,,,,,,,,,528.411,2.080594479,530.4938,,,,,,,,,,,,,,,,,,,,,,,,530.4938,531.8932,p,0,1.3216,,55,0,55,0,1,,,,,,,,,,,,,,,,,,,,,,,,,,,,,,,,,,,,,,,,,,,,,,,,,,,,,,,,,,,,,,,,,,,,,,,,,,,,,,,,,,,,,,,,,,,,,,,,,,,,,,,,,,,,
,,,2025-08-11_11h49.07.415,CFMT_CCMT_Face_recognition,03.02.2023,Win32,59.88023952,5987030cfd8cca00015cbc26,6899c7d7c4c961a016830ad3,6899c9e6bd6c17c70a8e8fea,,,,,,,,,,,,,,,,,,,,,,,,,,,,,,,,,,,,,,,,,,,,,,531.8934,1.682065419,533.5769,,,,,,,,,,,,,,,,,,,,,,,,533.577,534.8771,q,1,1.225,,56,0,56,0,1,,,,,,,,,,,,,,,,,,,,,,,,,,,,,,,,,,,,,,,,,,,,,,,,,,,,,,,,,,,,,,,,,,,,,,,,,,,,,,,,,,,,,,,,,,,,,,,,,,,,,,,,,,,,
,,,2025-08-11_11h49.07.415,CFMT_CCMT_Face_recognition,03.02.2023,Win32,59.88023952,5987030cfd8cca00015cbc26,6899c7d7c4c961a016830ad3,6899c9e6bd6c17c70a8e8fea,,,,,,,,,,,,,,,,,,,,,,,,,,,,,,,,,,,,,,,,,,,,,,534.8773,2.440723573,537.3101,,,,,,,,,,,,,,,,,,,,,,,,537.3101,538.4106,p,1,1.0268,,57,0,57,0,1,,,,,,,,,,,,,,,,,,,,,,,,,,,,,,,,,,,,,,,,,,,,,,,,,,,,,,,,,,,,,,,,,,,,,,,,,,,,,,,,,,,,,,,,,,,,,,,,,,,,,,,,,,,,
,,,2025-08-11_11h49.07.415,CFMT_CCMT_Face_recognition,03.02.2023,Win32,59.88023952,5987030cfd8cca00015cbc26,6899c7d7c4c961a016830ad3,6899c9e6bd6c17c70a8e8fea,,,,,,,,,,,,,,,,,,,,,,,,,,,,,,,,,,,,,,,,,,,,,,538.411,2.257901324,540.6608,,,,,,,,,,,,,,,,,,,,,,,,540.6608,543.0106,,,,,58,0,58,0,1,,,,,,,,,,,,,,,,,,,,,,,,,,,,,,,,,,,,,,,,,,,,,,,,,,,,,,,,,,,,,,,,,,,,,,,,,,,,,,,,,,,,,,,,,,,,,,,,,,,,,,,,,,,,
,,,2025-08-11_11h49.07.415,CFMT_CCMT_Face_recognition,03.02.2023,Win32,59.88023952,5987030cfd8cca00015cbc26,6899c7d7c4c961a016830ad3,6899c9e6bd6c17c70a8e8fea,,,,,,,,,,,,,,,,,,,,,,,,,,,,,,,,,,,,,,,,,,,,,,543.011,1.86605411,544.877,,,,,,,,,,,,,,,,,,,,,,,,544.877,545.8941,p,0,0.9412,,59,0,59,0,1,,,,,,,,,,,,,,,,,,,,,,,,,,,,,,,,,,,,,,,,,,,,,,,,,,,,,,,,,,,,,,,,,,,,,,,,,,,,,,,,,,,,,,,,,,,,,,,,,,,,,,,,,,,,
,,,2025-08-11_11h49.07.415,CFMT_CCMT_Face_recognition,03.02.2023,Win32,59.88023952,5987030cfd8cca00015cbc26,6899c7d7c4c961a016830ad3,6899c9e6bd6c17c70a8e8fea,,,,,,,,,,,,,,,,,,,,,,,,,,,,,,,,,,,,,,,,,,,,,,549.5448,2.011108412,551.5439,,,,,,,,,,,,,,,,,,,,,,,,551.5439,553.1269,p,0,1.5049,,0,0,0,0,1,545.8945,549.5439,space,3.6321,,,,,,,,,,,,,,,,,,,,,,,,,,,,,,,,,,,,,,,,,,,,,,,,,,,,,,,,,,,,,,,,,,,,,,,,,,,,,,,,,,,,,,,,,,,,,,,,,,,,,,,,
,,,2025-08-11_11h49.07.415,CFMT_CCMT_Face_recognition,03.02.2023,Win32,59.88023952,5987030cfd8cca00015cbc26,6899c7d7c4c961a016830ad3,6899c9e6bd6c17c70a8e8fea,,,,,,,,,,,,,,,,,,,,,,,,,,,,,,,,,,,,,,,,,,,,,,553.1272,1.692552558,554.8103,,,,,,,,,,,,,,,,,,,,,,,,554.8103,556.1097,p,1,1.2336,,1,0,1,0,1,,,,,,,,,,,,,,,,,,,,,,,,,,,,,,,,,,,,,,,,,,,,,,,,,,,,,,,,,,,,,,,,,,,,,,,,,,,,,,,,,,,,,,,,,,,,,,,,,,,,,,,,,,,,
,,,2025-08-11_11h49.07.415,CFMT_CCMT_Face_recognition,03.02.2023,Win32,59.88023952,5987030cfd8cca00015cbc26,6899c7d7c4c961a016830ad3,6899c9e6bd6c17c70a8e8fea,,,,,,,,,,,,,,,,,,,,,,,,,,,,,,,,,,,,,,,,,,,,,,556.11,2.424236342,558.5273,,,,,,,,,,,,,,,,,,,,,,,,558.5273,560.4433,q,1,1.8366,,2,0,2,0,1,,,,,,,,,,,,,,,,,,,,,,,,,,,,,,,,,,,,,,,,,,,,,,,,,,,,,,,,,,,,,,,,,,,,,,,,,,,,,,,,,,,,,,,,,,,,,,,,,,,,,,,,,,,,
,,,2025-08-11_11h49.07.415,CFMT_CCMT_Face_recognition,03.02.2023,Win32,59.88023952,5987030cfd8cca00015cbc26,6899c7d7c4c961a016830ad3,6899c9e6bd6c17c70a8e8fea,,,,,,,,,,,,,,,,,,,,,,,,,,,,,,,,,,,,,,,,,,,,,,560.4435,1.637737989,562.0767,,,,,,,,,,,,,,,,,,,,,,,,562.0768,563.1772,p,0,1.0232,,3,0,3,0,1,,,,,,,,,,,,,,,,,,,,,,,,,,,,,,,,,,,,,,,,,,,,,,,,,,,,,,,,,,,,,,,,,,,,,,,,,,,,,,,,,,,,,,,,,,,,,,,,,,,,,,,,,,,,
,,,2025-08-11_11h49.07.415,CFMT_CCMT_Face_recognition,03.02.2023,Win32,59.88023952,5987030cfd8cca00015cbc26,6899c7d7c4c961a016830ad3,6899c9e6bd6c17c70a8e8fea,,,,,,,,,,,,,,,,,,,,,,,,,,,,,,,,,,,,,,,,,,,,,,563.1775,2.193300306,565.3599,,,,,,,,,,,,,,,,,,,,,,,,565.36,567.1601,p,1,1.7315,,4,0,4,0,1,,,,,,,,,,,,,,,,,,,,,,,,,,,,,,,,,,,,,,,,,,,,,,,,,,,,,,,,,,,,,,,,,,,,,,,,,,,,,,,,,,,,,,,,,,,,,,,,,,,,,,,,,,,,
,,,2025-08-11_11h49.07.415,CFMT_CCMT_Face_recognition,03.02.2023,Win32,59.88023952,5987030cfd8cca00015cbc26,6899c7d7c4c961a016830ad3,6899c9e6bd6c17c70a8e8fea,,,,,,,,,,,,,,,,,,,,,,,,,,,,,,,,,,,,,,,,,,,,,,567.1603,2.388112836,569.5437,,,,,,,,,,,,,,,,,,,,,,,,569.5437,571.1606,q,0,1.538,,5,0,5,0,1,,,,,,,,,,,,,,,,,,,,,,,,,,,,,,,,,,,,,,,,,,,,,,,,,,,,,,,,,,,,,,,,,,,,,,,,,,,,,,,,,,,,,,,,,,,,,,,,,,,,,,,,,,,,
,,,2025-08-11_11h49.07.415,CFMT_CCMT_Face_recognition,03.02.2023,Win32,59.88023952,5987030cfd8cca00015cbc26,6899c7d7c4c961a016830ad3,6899c9e6bd6c17c70a8e8fea,,,,,,,,,,,,,,,,,,,,,,,,,,,,,,,,,,,,,,,,,,,,,,571.1609,2.35951621,573.5102,,,,,,,,,,,,,,,,,,,,,,,,573.5103,574.81,q,0,1.2183,,6,0,6,0,1,,,,,,,,,,,,,,,,,,,,,,,,,,,,,,,,,,,,,,,,,,,,,,,,,,,,,,,,,,,,,,,,,,,,,,,,,,,,,,,,,,,,,,,,,,,,,,,,,,,,,,,,,,,,
,,,2025-08-11_11h49.07.415,CFMT_CCMT_Face_recognition,03.02.2023,Win32,59.88023952,5987030cfd8cca00015cbc26,6899c7d7c4c961a016830ad3,6899c9e6bd6c17c70a8e8fea,,,,,,,,,,,,,,,,,,,,,,,,,,,,,,,,,,,,,,,,,,,,,,574.8102,1.940663852,576.7434,,,,,,,,,,,,,,,,,,,,,,,,576.7434,577.9103,p,1,1.0986,,7,0,7,0,1,,,,,,,,,,,,,,,,,,,,,,,,,,,,,,,,,,,,,,,,,,,,,,,,,,,,,,,,,,,,,,,,,,,,,,,,,,,,,,,,,,,,,,,,,,,,,,,,,,,,,,,,,,,,
,,,2025-08-11_11h49.07.415,CFMT_CCMT_Face_recognition,03.02.2023,Win32,59.88023952,5987030cfd8cca00015cbc26,6899c7d7c4c961a016830ad3,6899c9e6bd6c17c70a8e8fea,,,,,,,,,,,,,,,,,,,,,,,,,,,,,,,,,,,,,,,,,,,,,,577.9105,1.745553323,579.6598,,,,,,,,,,,,,,,,,,,,,,,,579.6599,581.2268,q,1,1.4893,,8,0,8,0,1,,,,,,,,,,,,,,,,,,,,,,,,,,,,,,,,,,,,,,,,,,,,,,,,,,,,,,,,,,,,,,,,,,,,,,,,,,,,,,,,,,,,,,,,,,,,,,,,,,,,,,,,,,,,
,,,2025-08-11_11h49.07.415,CFMT_CCMT_Face_recognition,03.02.2023,Win32,59.88023952,5987030cfd8cca00015cbc26,6899c7d7c4c961a016830ad3,6899c9e6bd6c17c70a8e8fea,,,,,,,,,,,,,,,,,,,,,,,,,,,,,,,,,,,,,,,,,,,,,,581.2272,2.471402611,583.6936,,,,,,,,,,,,,,,,,,,,,,,,583.6936,584.8104,q,1,1.035,,9,0,9,0,1,,,,,,,,,,,,,,,,,,,,,,,,,,,,,,,,,,,,,,,,,,,,,,,,,,,,,,,,,,,,,,,,,,,,,,,,,,,,,,,,,,,,,,,,,,,,,,,,,,,,,,,,,,,,
,,,2025-08-11_11h49.07.415,CFMT_CCMT_Face_recognition,03.02.2023,Win32,59.88023952,5987030cfd8cca00015cbc26,6899c7d7c4c961a016830ad3,6899c9e6bd6c17c70a8e8fea,,,,,,,,,,,,,,,,,,,,,,,,,,,,,,,,,,,,,,,,,,,,,,584.8106,1.926382979,586.7271,,,,,,,,,,,,,,,,,,,,,,,,586.7271,588.227,p,0,1.4301,,10,0,10,0,1,,,,,,,,,,,,,,,,,,,,,,,,,,,,,,,,,,,,,,,,,,,,,,,,,,,,,,,,,,,,,,,,,,,,,,,,,,,,,,,,,,,,,,,,,,,,,,,,,,,,,,,,,,,,
,,,2025-08-11_11h49.07.415,CFMT_CCMT_Face_recognition,03.02.2023,Win32,59.88023952,5987030cfd8cca00015cbc26,6899c7d7c4c961a016830ad3,6899c9e6bd6c17c70a8e8fea,,,,,,,,,,,,,,,,,,,,,,,,,,,,,,,,,,,,,,,,,,,,,,588.2274,1.791718825,590.0105,,,,,,,,,,,,,,,,,,,,,,,,590.0106,591.2934,q,1,1.2006,,11,0,11,0,1,,,,,,,,,,,,,,,,,,,,,,,,,,,,,,,,,,,,,,,,,,,,,,,,,,,,,,,,,,,,,,,,,,,,,,,,,,,,,,,,,,,,,,,,,,,,,,,,,,,,,,,,,,,,
,,,2025-08-11_11h49.07.415,CFMT_CCMT_Face_recognition,03.02.2023,Win32,59.88023952,5987030cfd8cca00015cbc26,6899c7d7c4c961a016830ad3,6899c9e6bd6c17c70a8e8fea,,,,,,,,,,,,,,,,,,,,,,,,,,,,,,,,,,,,,,,,,,,,,,591.2937,2.113804666,593.4103,,,,,,,,,,,,,,,,,,,,,,,,593.4103,594.31,q,0,0.8331,,12,0,12,0,1,,,,,,,,,,,,,,,,,,,,,,,,,,,,,,,,,,,,,,,,,,,,,,,,,,,,,,,,,,,,,,,,,,,,,,,,,,,,,,,,,,,,,,,,,,,,,,,,,,,,,,,,,,,,
,,,2025-08-11_11h49.07.415,CFMT_CCMT_Face_recognition,03.02.2023,Win32,59.88023952,5987030cfd8cca00015cbc26,6899c7d7c4c961a016830ad3,6899c9e6bd6c17c70a8e8fea,,,,,,,,,,,,,,,,,,,,,,,,,,,,,,,,,,,,,,,,,,,,,,594.3103,1.828810872,596.143,,,,,,,,,,,,,,,,,,,,,,,,596.143,597.5599,q,1,1.3402,,13,0,13,0,1,,,,,,,,,,,,,,,,,,,,,,,,,,,,,,,,,,,,,,,,,,,,,,,,,,,,,,,,,,,,,,,,,,,,,,,,,,,,,,,,,,,,,,,,,,,,,,,,,,,,,,,,,,,,
,,,2025-08-11_11h49.07.415,CFMT_CCMT_Face_recognition,03.02.2023,Win32,59.88023952,5987030cfd8cca00015cbc26,6899c7d7c4c961a016830ad3,6899c9e6bd6c17c70a8e8fea,,,,,,,,,,,,,,,,,,,,,,,,,,,,,,,,,,,,,,,,,,,,,,597.5602,2.203660546,599.7607,,,,,,,,,,,,,,,,,,,,,,,,599.7607,601.4098,q,1,1.577,,14,0,14,0,1,,,,,,,,,,,,,,,,,,,,,,,,,,,,,,,,,,,,,,,,,,,,,,,,,,,,,,,,,,,,,,,,,,,,,,,,,,,,,,,,,,,,,,,,,,,,,,,,,,,,,,,,,,,,
,,,2025-08-11_11h49.07.415,CFMT_CCMT_Face_recognition,03.02.2023,Win32,59.88023952,5987030cfd8cca00015cbc26,6899c7d7c4c961a016830ad3,6899c9e6bd6c17c70a8e8fea,,,,,,,,,,,,,,,,,,,,,,,,,,,,,,,,,,,,,,,,,,,,,,601.41,1.891388835,603.2937,,,,,,,,,,,,,,,,,,,,,,,,603.2937,604.7935,p,1,1.4223,,15,0,15,0,1,,,,,,,,,,,,,,,,,,,,,,,,,,,,,,,,,,,,,,,,,,,,,,,,,,,,,,,,,,,,,,,,,,,,,,,,,,,,,,,,,,,,,,,,,,,,,,,,,,,,,,,,,,,,
,,,2025-08-11_11h49.07.415,CFMT_CCMT_Face_recognition,03.02.2023,Win32,59.88023952,5987030cfd8cca00015cbc26,6899c7d7c4c961a016830ad3,6899c9e6bd6c17c70a8e8fea,,,,,,,,,,,,,,,,,,,,,,,,,,,,,,,,,,,,,,,,,,,,,,604.7937,2.257382401,607.0431,,,,,,,,,,,,,,,,,,,,,,,,607.0431,609.4768,,,,,16,0,16,0,1,,,,,,,,,,,,,,,,,,,,,,,,,,,,,,,,,,,,,,,,,,,,,,,,,,,,,,,,,,,,,,,,,,,,,,,,,,,,,,,,,,,,,,,,,,,,,,,,,,,,,,,,,,,,
,,,2025-08-11_11h49.07.415,CFMT_CCMT_Face_recognition,03.02.2023,Win32,59.88023952,5987030cfd8cca00015cbc26,6899c7d7c4c961a016830ad3,6899c9e6bd6c17c70a8e8fea,,,,,,,,,,,,,,,,,,,,,,,,,,,,,,,,,,,,,,,,,,,,,,609.4771,2.209380157,611.6763,,,,,,,,,,,,,,,,,,,,,,,,611.6763,613.1107,p,1,1.349,,17,0,17,0,1,,,,,,,,,,,,,,,,,,,,,,,,,,,,,,,,,,,,,,,,,,,,,,,,,,,,,,,,,,,,,,,,,,,,,,,,,,,,,,,,,,,,,,,,,,,,,,,,,,,,,,,,,,,,
,,,2025-08-11_11h49.07.415,CFMT_CCMT_Face_recognition,03.02.2023,Win32,59.88023952,5987030cfd8cca00015cbc26,6899c7d7c4c961a016830ad3,6899c9e6bd6c17c70a8e8fea,,,,,,,,,,,,,,,,,,,,,,,,,,,,,,,,,,,,,,,,,,,,,,613.1111,1.585044072,614.6938,,,,,,,,,,,,,,,,,,,,,,,,614.6938,616.8599,,,,,18,0,18,0,1,,,,,,,,,,,,,,,,,,,,,,,,,,,,,,,,,,,,,,,,,,,,,,,,,,,,,,,,,,,,,,,,,,,,,,,,,,,,,,,,,,,,,,,,,,,,,,,,,,,,,,,,,,,,
,,,2025-08-11_11h49.07.415,CFMT_CCMT_Face_recognition,03.02.2023,Win32,59.88023952,5987030cfd8cca00015cbc26,6899c7d7c4c961a016830ad3,6899c9e6bd6c17c70a8e8fea,,,,,,,,,,,,,,,,,,,,,,,,,,,,,,,,,,,,,,,,,,,,,,616.8602,1.96573041,618.8267,,,,,,,,,,,,,,,,,,,,,,,,618.8267,619.6604,q,0,0.7592,,19,0,19,0,1,,,,,,,,,,,,,,,,,,,,,,,,,,,,,,,,,,,,,,,,,,,,,,,,,,,,,,,,,,,,,,,,,,,,,,,,,,,,,,,,,,,,,,,,,,,,,,,,,,,,,,,,,,,,
,,,2025-08-11_11h49.07.415,CFMT_CCMT_Face_recognition,03.02.2023,Win32,59.88023952,5987030cfd8cca00015cbc26,6899c7d7c4c961a016830ad3,6899c9e6bd6c17c70a8e8fea,,,,,,,,,,,,,,,,,,,,,,,,,,,,,,,,,,,,,,,,,,,,,,619.6607,2.495833946,622.1605,,,,,,,,,,,,,,,,,,,,,,,,622.1606,623.46,q,0,1.2282,,20,0,20,0,1,,,,,,,,,,,,,,,,,,,,,,,,,,,,,,,,,,,,,,,,,,,,,,,,,,,,,,,,,,,,,,,,,,,,,,,,,,,,,,,,,,,,,,,,,,,,,,,,,,,,,,,,,,,,
,,,2025-08-11_11h49.07.415,CFMT_CCMT_Face_recognition,03.02.2023,Win32,59.88023952,5987030cfd8cca00015cbc26,6899c7d7c4c961a016830ad3,6899c9e6bd6c17c70a8e8fea,,,,,,,,,,,,,,,,,,,,,,,,,,,,,,,,,,,,,,,,,,,,,,623.4603,1.95301449,625.4097,,,,,,,,,,,,,,,,,,,,,,,,625.4097,627.7433,,,,,21,0,21,0,1,,,,,,,,,,,,,,,,,,,,,,,,,,,,,,,,,,,,,,,,,,,,,,,,,,,,,,,,,,,,,,,,,,,,,,,,,,,,,,,,,,,,,,,,,,,,,,,,,,,,,,,,,,,,
,,,2025-08-11_11h49.07.415,CFMT_CCMT_Face_recognition,03.02.2023,Win32,59.88023952,5987030cfd8cca00015cbc26,6899c7d7c4c961a016830ad3,6899c9e6bd6c17c70a8e8fea,,,,,,,,,,,,,,,,,,,,,,,,,,,,,,,,,,,,,,,,,,,,,,627.7435,2.033366564,629.777,,,,,,,,,,,,,,,,,,,,,,,,629.7771,631.2767,p,0,1.4164,,22,0,22,0,1,,,,,,,,,,,,,,,,,,,,,,,,,,,,,,,,,,,,,,,,,,,,,,,,,,,,,,,,,,,,,,,,,,,,,,,,,,,,,,,,,,,,,,,,,,,,,,,,,,,,,,,,,,,,
,,,2025-08-11_11h49.07.415,CFMT_CCMT_Face_recognition,03.02.2023,Win32,59.88023952,5987030cfd8cca00015cbc26,6899c7d7c4c961a016830ad3,6899c9e6bd6c17c70a8e8fea,,,,,,,,,,,,,,,,,,,,,,,,,,,,,,,,,,,,,,,,,,,,,,631.277,2.323549886,633.5935,,,,,,,,,,,,,,,,,,,,,,,,633.5935,635.3269,q,1,1.6578,,23,0,23,0,1,,,,,,,,,,,,,,,,,,,,,,,,,,,,,,,,,,,,,,,,,,,,,,,,,,,,,,,,,,,,,,,,,,,,,,,,,,,,,,,,,,,,,,,,,,,,,,,,,,,,,,,,,,,,
,,,2025-08-11_11h49.07.415,CFMT_CCMT_Face_recognition,03.02.2023,Win32,59.88023952,5987030cfd8cca00015cbc26,6899c7d7c4c961a016830ad3,6899c9e6bd6c17c70a8e8fea,,,,,,,,,,,,,,,,,,,,,,,,,,,,,,,,,,,,,,,,,,,,,,635.3271,1.618862899,636.9435,,,,,,,,,,,,,,,,,,,,,,,,636.9436,637.9103,q,1,0.8912,,24,0,24,0,1,,,,,,,,,,,,,,,,,,,,,,,,,,,,,,,,,,,,,,,,,,,,,,,,,,,,,,,,,,,,,,,,,,,,,,,,,,,,,,,,,,,,,,,,,,,,,,,,,,,,,,,,,,,,
,,,2025-08-11_11h49.07.415,CFMT_CCMT_Face_recognition,03.02.2023,Win32,59.88023952,5987030cfd8cca00015cbc26,6899c7d7c4c961a016830ad3,6899c9e6bd6c17c70a8e8fea,,,,,,,,,,,,,,,,,,,,,,,,,,,,,,,,,,,,,,,,,,,,,,637.9106,2.204284963,640.1101,,,,,,,,,,,,,,,,,,,,,,,,640.1101,642.1436,q,1,1.9649,,25,0,25,0,1,,,,,,,,,,,,,,,,,,,,,,,,,,,,,,,,,,,,,,,,,,,,,,,,,,,,,,,,,,,,,,,,,,,,,,,,,,,,,,,,,,,,,,,,,,,,,,,,,,,,,,,,,,,,
,,,2025-08-11_11h49.07.415,CFMT_CCMT_Face_recognition,03.02.2023,Win32,59.88023952,5987030cfd8cca00015cbc26,6899c7d7c4c961a016830ad3,6899c9e6bd6c17c70a8e8fea,,,,,,,,,,,,,,,,,,,,,,,,,,,,,,,,,,,,,,,,,,,,,,642.1438,1.563220349,643.7106,,,,,,,,,,,,,,,,,,,,,,,,643.7107,644.9432,p,0,1.1615,,26,0,26,0,1,,,,,,,,,,,,,,,,,,,,,,,,,,,,,,,,,,,,,,,,,,,,,,,,,,,,,,,,,,,,,,,,,,,,,,,,,,,,,,,,,,,,,,,,,,,,,,,,,,,,,,,,,,,,
,,,2025-08-11_11h49.07.415,CFMT_CCMT_Face_recognition,03.02.2023,Win32,59.88023952,5987030cfd8cca00015cbc26,6899c7d7c4c961a016830ad3,6899c9e6bd6c17c70a8e8fea,,,,,,,,,,,,,,,,,,,,,,,,,,,,,,,,,,,,,,,,,,,,,,644.9435,1.509380656,646.4435,,,,,,,,,,,,,,,,,,,,,,,,646.4435,647.7105,q,1,1.1882,,27,0,27,0,1,,,,,,,,,,,,,,,,,,,,,,,,,,,,,,,,,,,,,,,,,,,,,,,,,,,,,,,,,,,,,,,,,,,,,,,,,,,,,,,,,,,,,,,,,,,,,,,,,,,,,,,,,,,,
,,,2025-08-11_11h49.07.415,CFMT_CCMT_Face_recognition,03.02.2023,Win32,59.88023952,5987030cfd8cca00015cbc26,6899c7d7c4c961a016830ad3,6899c9e6bd6c17c70a8e8fea,,,,,,,,,,,,,,,,,,,,,,,,,,,,,,,,,,,,,,,,,,,,,,647.7109,1.628199124,649.3269,,,,,,,,,,,,,,,,,,,,,,,,649.327,651.8936,,,,,28,0,28,0,1,,,,,,,,,,,,,,,,,,,,,,,,,,,,,,,,,,,,,,,,,,,,,,,,,,,,,,,,,,,,,,,,,,,,,,,,,,,,,,,,,,,,,,,,,,,,,,,,,,,,,,,,,,,,
,,,2025-08-11_11h49.07.415,CFMT_CCMT_Face_recognition,03.02.2023,Win32,59.88023952,5987030cfd8cca00015cbc26,6899c7d7c4c961a016830ad3,6899c9e6bd6c17c70a8e8fea,,,,,,,,,,,,,,,,,,,,,,,,,,,,,,,,,,,,,,,,,,,,,,651.8939,1.550931953,653.4437,,,,,,,,,,,,,,,,,,,,,,,,653.4438,654.9936,q,1,1.4808,,29,0,29,0,1,,,,,,,,,,,,,,,,,,,,,,,,,,,,,,,,,,,,,,,,,,,,,,,,,,,,,,,,,,,,,,,,,,,,,,,,,,,,,,,,,,,,,,,,,,,,,,,,,,,,,,,,,,,,
,,,2025-08-11_11h49.07.415,CFMT_CCMT_Face_recognition,03.02.2023,Win32,59.88023952,5987030cfd8cca00015cbc26,6899c7d7c4c961a016830ad3,6899c9e6bd6c17c70a8e8fea,,,,,,,,,,,,,,,,,,,,,,,,,,,,,,,,,,,,,,,,,,,,,,654.9938,1.784810709,656.777,,,,,,,,,,,,,,,,,,,,,,,,656.777,658.077,q,0,1.2293,,30,0,30,0,1,,,,,,,,,,,,,,,,,,,,,,,,,,,,,,,,,,,,,,,,,,,,,,,,,,,,,,,,,,,,,,,,,,,,,,,,,,,,,,,,,,,,,,,,,,,,,,,,,,,,,,,,,,,,
,,,2025-08-11_11h49.07.415,CFMT_CCMT_Face_recognition,03.02.2023,Win32,59.88023952,5987030cfd8cca00015cbc26,6899c7d7c4c961a016830ad3,6899c9e6bd6c17c70a8e8fea,,,,,,,,,,,,,,,,,,,,,,,,,,,,,,,,,,,,,,,,,,,,,,658.0775,1.635234285,659.7104,,,,,,,,,,,,,,,,,,,,,,,,659.7104,660.7605,q,1,0.9724,,31,0,31,0,1,,,,,,,,,,,,,,,,,,,,,,,,,,,,,,,,,,,,,,,,,,,,,,,,,,,,,,,,,,,,,,,,,,,,,,,,,,,,,,,,,,,,,,,,,,,,,,,,,,,,,,,,,,,,
,,,2025-08-11_11h49.07.415,CFMT_CCMT_Face_recognition,03.02.2023,Win32,59.88023952,5987030cfd8cca00015cbc26,6899c7d7c4c961a016830ad3,6899c9e6bd6c17c70a8e8fea,,,,,,,,,,,,,,,,,,,,,,,,,,,,,,,,,,,,,,,,,,,,,,660.7607,1.705889269,662.4597,,,,,,,,,,,,,,,,,,,,,,,,662.4597,663.5605,q,1,1.0206,,32,0,32,0,1,,,,,,,,,,,,,,,,,,,,,,,,,,,,,,,,,,,,,,,,,,,,,,,,,,,,,,,,,,,,,,,,,,,,,,,,,,,,,,,,,,,,,,,,,,,,,,,,,,,,,,,,,,,,
,,,2025-08-11_11h49.07.415,CFMT_CCMT_Face_recognition,03.02.2023,Win32,59.88023952,5987030cfd8cca00015cbc26,6899c7d7c4c961a016830ad3,6899c9e6bd6c17c70a8e8fea,,,,,,,,,,,,,,,,,,,,,,,,,,,,,,,,,,,,,,,,,,,,,,663.5609,2.258151392,665.8103,,,,,,,,,,,,,,,,,,,,,,,,665.8103,667.0771,p,0,1.1887,,33,0,33,0,1,,,,,,,,,,,,,,,,,,,,,,,,,,,,,,,,,,,,,,,,,,,,,,,,,,,,,,,,,,,,,,,,,,,,,,,,,,,,,,,,,,,,,,,,,,,,,,,,,,,,,,,,,,,,
,,,2025-08-11_11h49.07.415,CFMT_CCMT_Face_recognition,03.02.2023,Win32,59.88023952,5987030cfd8cca00015cbc26,6899c7d7c4c961a016830ad3,6899c9e6bd6c17c70a8e8fea,,,,,,,,,,,,,,,,,,,,,,,,,,,,,,,,,,,,,,,,,,,,,,667.0775,2.170298381,669.2434,,,,,,,,,,,,,,,,,,,,,,,,669.2434,670.2431,q,0,0.9257,,34,0,34,0,1,,,,,,,,,,,,,,,,,,,,,,,,,,,,,,,,,,,,,,,,,,,,,,,,,,,,,,,,,,,,,,,,,,,,,,,,,,,,,,,,,,,,,,,,,,,,,,,,,,,,,,,,,,,,
,,,2025-08-11_11h49.07.415,CFMT_CCMT_Face_recognition,03.02.2023,Win32,59.88023952,5987030cfd8cca00015cbc26,6899c7d7c4c961a016830ad3,6899c9e6bd6c17c70a8e8fea,,,,,,,,,,,,,,,,,,,,,,,,,,,,,,,,,,,,,,,,,,,,,,670.2434,2.17521176,672.4095,,,,,,,,,,,,,,,,,,,,,,,,672.4096,673.8267,p,0,1.3425,,35,0,35,0,1,,,,,,,,,,,,,,,,,,,,,,,,,,,,,,,,,,,,,,,,,,,,,,,,,,,,,,,,,,,,,,,,,,,,,,,,,,,,,,,,,,,,,,,,,,,,,,,,,,,,,,,,,,,,
,,,2025-08-11_11h49.07.415,CFMT_CCMT_Face_recognition,03.02.2023,Win32,59.88023952,5987030cfd8cca00015cbc26,6899c7d7c4c961a016830ad3,6899c9e6bd6c17c70a8e8fea,,,,,,,,,,,,,,,,,,,,,,,,,,,,,,,,,,,,,,,,,,,,,,673.827,2.008868399,675.8272,,,,,,,,,,,,,,,,,,,,,,,,675.8272,677.8604,p,1,1.9575,,36,0,36,0,1,,,,,,,,,,,,,,,,,,,,,,,,,,,,,,,,,,,,,,,,,,,,,,,,,,,,,,,,,,,,,,,,,,,,,,,,,,,,,,,,,,,,,,,,,,,,,,,,,,,,,,,,,,,,
,,,2025-08-11_11h49.07.415,CFMT_CCMT_Face_recognition,03.02.2023,Win32,59.88023952,5987030cfd8cca00015cbc26,6899c7d7c4c961a016830ad3,6899c9e6bd6c17c70a8e8fea,,,,,,,,,,,,,,,,,,,,,,,,,,,,,,,,,,,,,,,,,,,,,,677.8606,2.458078725,680.3095,,,,,,,,,,,,,,,,,,,,,,,,680.3096,681.127,q,1,0.7352,,37,0,37,0,1,,,,,,,,,,,,,,,,,,,,,,,,,,,,,,,,,,,,,,,,,,,,,,,,,,,,,,,,,,,,,,,,,,,,,,,,,,,,,,,,,,,,,,,,,,,,,,,,,,,,,,,,,,,,
,,,2025-08-11_11h49.07.415,CFMT_CCMT_Face_recognition,03.02.2023,Win32,59.88023952,5987030cfd8cca00015cbc26,6899c7d7c4c961a016830ad3,6899c9e6bd6c17c70a8e8fea,,,,,,,,,,,,,,,,,,,,,,,,,,,,,,,,,,,,,,,,,,,,,,681.1274,1.874124784,682.9935,,,,,,,,,,,,,,,,,,,,,,,,682.9935,685.0102,p,1,1.9403,,38,0,38,0,1,,,,,,,,,,,,,,,,,,,,,,,,,,,,,,,,,,,,,,,,,,,,,,,,,,,,,,,,,,,,,,,,,,,,,,,,,,,,,,,,,,,,,,,,,,,,,,,,,,,,,,,,,,,,
,,,2025-08-11_11h49.07.415,CFMT_CCMT_Face_recognition,03.02.2023,Win32,59.88023952,5987030cfd8cca00015cbc26,6899c7d7c4c961a016830ad3,6899c9e6bd6c17c70a8e8fea,,,,,,,,,,,,,,,,,,,,,,,,,,,,,,,,,,,,,,,,,,,,,,685.0107,1.685150686,686.6934,,,,,,,,,,,,,,,,,,,,,,,,686.6934,688.0437,p,1,1.2681,,39,0,39,0,1,,,,,,,,,,,,,,,,,,,,,,,,,,,,,,,,,,,,,,,,,,,,,,,,,,,,,,,,,,,,,,,,,,,,,,,,,,,,,,,,,,,,,,,,,,,,,,,,,,,,,,,,,,,,
,,,2025-08-11_11h49.07.415,CFMT_CCMT_Face_recognition,03.02.2023,Win32,59.88023952,5987030cfd8cca00015cbc26,6899c7d7c4c961a016830ad3,6899c9e6bd6c17c70a8e8fea,,,,,,,,,,,,,,,,,,,,,,,,,,,,,,,,,,,,,,,,,,,,,,688.0439,1.683818862,689.727,,,,,,,,,,,,,,,,,,,,,,,,689.7271,691.127,q,0,1.3248,,40,0,40,0,1,,,,,,,,,,,,,,,,,,,,,,,,,,,,,,,,,,,,,,,,,,,,,,,,,,,,,,,,,,,,,,,,,,,,,,,,,,,,,,,,,,,,,,,,,,,,,,,,,,,,,,,,,,,,
,,,2025-08-11_11h49.07.415,CFMT_CCMT_Face_recognition,03.02.2023,Win32,59.88023952,5987030cfd8cca00015cbc26,6899c7d7c4c961a016830ad3,6899c9e6bd6c17c70a8e8fea,,,,,,,,,,,,,,,,,,,,,,,,,,,,,,,,,,,,,,,,,,,,,,691.1274,2.166888913,693.2936,,,,,,,,,,,,,,,,,,,,,,,,693.2936,694.1598,q,0,0.7867,,41,0,41,0,1,,,,,,,,,,,,,,,,,,,,,,,,,,,,,,,,,,,,,,,,,,,,,,,,,,,,,,,,,,,,,,,,,,,,,,,,,,,,,,,,,,,,,,,,,,,,,,,,,,,,,,,,,,,,
,,,2025-08-11_11h49.07.415,CFMT_CCMT_Face_recognition,03.02.2023,Win32,59.88023952,5987030cfd8cca00015cbc26,6899c7d7c4c961a016830ad3,6899c9e6bd6c17c70a8e8fea,,,,,,,,,,,,,,,,,,,,,,,,,,,,,,,,,,,,,,,,,,,,,,694.1601,1.98666763,696.1428,,,,,,,,,,,,,,,,,,,,,,,,696.1429,698.4771,,,,,42,0,42,0,1,,,,,,,,,,,,,,,,,,,,,,,,,,,,,,,,,,,,,,,,,,,,,,,,,,,,,,,,,,,,,,,,,,,,,,,,,,,,,,,,,,,,,,,,,,,,,,,,,,,,,,,,,,,,
,,,2025-08-11_11h49.07.415,CFMT_CCMT_Face_recognition,03.02.2023,Win32,59.88023952,5987030cfd8cca00015cbc26,6899c7d7c4c961a016830ad3,6899c9e6bd6c17c70a8e8fea,,,,,,,,,,,,,,,,,,,,,,,,,,,,,,,,,,,,,,,,,,,,,,698.4777,1.544116481,700.0099,,,,,,,,,,,,,,,,,,,,,,,,700.01,701.2261,p,0,1.1346,,43,0,43,0,1,,,,,,,,,,,,,,,,,,,,,,,,,,,,,,,,,,,,,,,,,,,,,,,,,,,,,,,,,,,,,,,,,,,,,,,,,,,,,,,,,,,,,,,,,,,,,,,,,,,,,,,,,,,,
,,,2025-08-11_11h49.07.415,CFMT_CCMT_Face_recognition,03.02.2023,Win32,59.88023952,5987030cfd8cca00015cbc26,6899c7d7c4c961a016830ad3,6899c9e6bd6c17c70a8e8fea,,,,,,,,,,,,,,,,,,,,,,,,,,,,,,,,,,,,,,,,,,,,,,701.2264,1.719724812,702.9434,,,,,,,,,,,,,,,,,,,,,,,,702.9434,703.877,q,1,0.8513,,44,0,44,0,1,,,,,,,,,,,,,,,,,,,,,,,,,,,,,,,,,,,,,,,,,,,,,,,,,,,,,,,,,,,,,,,,,,,,,,,,,,,,,,,,,,,,,,,,,,,,,,,,,,,,,,,,,,,,
,,,2025-08-11_11h49.07.415,CFMT_CCMT_Face_recognition,03.02.2023,Win32,59.88023952,5987030cfd8cca00015cbc26,6899c7d7c4c961a016830ad3,6899c9e6bd6c17c70a8e8fea,,,,,,,,,,,,,,,,,,,,,,,,,,,,,,,,,,,,,,,,,,,,,,703.8773,2.413835389,706.2934,,,,,,,,,,,,,,,,,,,,,,,,706.2934,708.1098,p,0,1.7408,,45,0,45,0,1,,,,,,,,,,,,,,,,,,,,,,,,,,,,,,,,,,,,,,,,,,,,,,,,,,,,,,,,,,,,,,,,,,,,,,,,,,,,,,,,,,,,,,,,,,,,,,,,,,,,,,,,,,,,
,,,2025-08-11_11h49.07.415,CFMT_CCMT_Face_recognition,03.02.2023,Win32,59.88023952,5987030cfd8cca00015cbc26,6899c7d7c4c961a016830ad3,6899c9e6bd6c17c70a8e8fea,,,,,,,,,,,,,,,,,,,,,,,,,,,,,,,,,,,,,,,,,,,,,,708.1102,1.507328607,709.6101,,,,,,,,,,,,,,,,,,,,,,,,709.6101,711.0604,p,1,1.3789,,46,0,46,0,1,,,,,,,,,,,,,,,,,,,,,,,,,,,,,,,,,,,,,,,,,,,,,,,,,,,,,,,,,,,,,,,,,,,,,,,,,,,,,,,,,,,,,,,,,,,,,,,,,,,,,,,,,,,,
,,,2025-08-11_11h49.07.415,CFMT_CCMT_Face_recognition,03.02.2023,Win32,59.88023952,5987030cfd8cca00015cbc26,6899c7d7c4c961a016830ad3,6899c9e6bd6c17c70a8e8fea,,,,,,,,,,,,,,,,,,,,,,,,,,,,,,,,,,,,,,,,,,,,,,711.0608,1.948946071,713.0103,,,,,,,,,,,,,,,,,,,,,,,,713.0104,714.7603,q,0,1.6685,,47,0,47,0,1,,,,,,,,,,,,,,,,,,,,,,,,,,,,,,,,,,,,,,,,,,,,,,,,,,,,,,,,,,,,,,,,,,,,,,,,,,,,,,,,,,,,,,,,,,,,,,,,,,,,,,,,,,,,
,,,2025-08-11_11h49.07.415,CFMT_CCMT_Face_recognition,03.02.2023,Win32,59.88023952,5987030cfd8cca00015cbc26,6899c7d7c4c961a016830ad3,6899c9e6bd6c17c70a8e8fea,,,,,,,,,,,,,,,,,,,,,,,,,,,,,,,,,,,,,,,,,,,,,,714.7607,2.285278717,717.0436,,,,,,,,,,,,,,,,,,,,,,,,717.0437,718.2435,p,1,1.1286,,48,0,48,0,1,,,,,,,,,,,,,,,,,,,,,,,,,,,,,,,,,,,,,,,,,,,,,,,,,,,,,,,,,,,,,,,,,,,,,,,,,,,,,,,,,,,,,,,,,,,,,,,,,,,,,,,,,,,,
,,,2025-08-11_11h49.07.415,CFMT_CCMT_Face_recognition,03.02.2023,Win32,59.88023952,5987030cfd8cca00015cbc26,6899c7d7c4c961a016830ad3,6899c9e6bd6c17c70a8e8fea,,,,,,,,,,,,,,,,,,,,,,,,,,,,,,,,,,,,,,,,,,,,,,718.2437,2.214834662,720.4604,,,,,,,,,,,,,,,,,,,,,,,,720.4604,721.3936,q,0,0.8634,,49,0,49,0,1,,,,,,,,,,,,,,,,,,,,,,,,,,,,,,,,,,,,,,,,,,,,,,,,,,,,,,,,,,,,,,,,,,,,,,,,,,,,,,,,,,,,,,,,,,,,,,,,,,,,,,,,,,,,
,,,2025-08-11_11h49.07.415,CFMT_CCMT_Face_recognition,03.02.2023,Win32,59.88023952,5987030cfd8cca00015cbc26,6899c7d7c4c961a016830ad3,6899c9e6bd6c17c70a8e8fea,,,,,,,,,,,,,,,,,,,,,,,,,,,,,,,,,,,,,,,,,,,,,,721.394,2.364356117,723.7601,,,,,,,,,,,,,,,,,,,,,,,,723.7601,725.3264,p,0,1.5005,,50,0,50,0,1,,,,,,,,,,,,,,,,,,,,,,,,,,,,,,,,,,,,,,,,,,,,,,,,,,,,,,,,,,,,,,,,,,,,,,,,,,,,,,,,,,,,,,,,,,,,,,,,,,,,,,,,,,,,
,,,2025-08-11_11h49.07.415,CFMT_CCMT_Face_recognition,03.02.2023,Win32,59.88023952,5987030cfd8cca00015cbc26,6899c7d7c4c961a016830ad3,6899c9e6bd6c17c70a8e8fea,,,,,,,,,,,,,,,,,,,,,,,,,,,,,,,,,,,,,,,,,,,,,,725.3266,2.124219651,727.4437,,,,,,,,,,,,,,,,,,,,,,,,727.4437,729.0772,p,1,1.5572,,51,0,51,0,1,,,,,,,,,,,,,,,,,,,,,,,,,,,,,,,,,,,,,,,,,,,,,,,,,,,,,,,,,,,,,,,,,,,,,,,,,,,,,,,,,,,,,,,,,,,,,,,,,,,,,,,,,,,,
,,,2025-08-11_11h49.07.415,CFMT_CCMT_Face_recognition,03.02.2023,Win32,59.88023952,5987030cfd8cca00015cbc26,6899c7d7c4c961a016830ad3,6899c9e6bd6c17c70a8e8fea,,,,,,,,,,,,,,,,,,,,,,,,,,,,,,,,,,,,,,,,,,,,,,729.0775,1.772273305,730.8433,,,,,,,,,,,,,,,,,,,,,,,,730.8433,732.3595,q,0,1.4446,,52,0,52,0,1,,,,,,,,,,,,,,,,,,,,,,,,,,,,,,,,,,,,,,,,,,,,,,,,,,,,,,,,,,,,,,,,,,,,,,,,,,,,,,,,,,,,,,,,,,,,,,,,,,,,,,,,,,,,
,,,2025-08-11_11h49.07.415,CFMT_CCMT_Face_recognition,03.02.2023,Win32,59.88023952,5987030cfd8cca00015cbc26,6899c7d7c4c961a016830ad3,6899c9e6bd6c17c70a8e8fea,,,,,,,,,,,,,,,,,,,,,,,,,,,,,,,,,,,,,,,,,,,,,,732.3597,1.939933856,734.2933,,,,,,,,,,,,,,,,,,,,,,,,734.2934,735.9103,p,1,1.5371,,53,0,53,0,1,,,,,,,,,,,,,,,,,,,,,,,,,,,,,,,,,,,,,,,,,,,,,,,,,,,,,,,,,,,,,,,,,,,,,,,,,,,,,,,,,,,,,,,,,,,,,,,,,,,,,,,,,,,,
,,,2025-08-11_11h49.07.415,CFMT_CCMT_Face_recognition,03.02.2023,Win32,59.88023952,5987030cfd8cca00015cbc26,6899c7d7c4c961a016830ad3,6899c9e6bd6c17c70a8e8fea,,,,,,,,,,,,,,,,,,,,,,,,,,,,,,,,,,,,,,,,,,,,,,735.9105,2.338433729,738.2436,,,,,,,,,,,,,,,,,,,,,,,,738.2436,739.643,q,1,1.3277,,54,0,54,0,1,,,,,,,,,,,,,,,,,,,,,,,,,,,,,,,,,,,,,,,,,,,,,,,,,,,,,,,,,,,,,,,,,,,,,,,,,,,,,,,,,,,,,,,,,,,,,,,,,,,,,,,,,,,,
,,,2025-08-11_11h49.07.415,CFMT_CCMT_Face_recognition,03.02.2023,Win32,59.88023952,5987030cfd8cca00015cbc26,6899c7d7c4c961a016830ad3,6899c9e6bd6c17c70a8e8fea,,,,,,,,,,,,,,,,,,,,,,,,,,,,,,,,,,,,,,,,,,,,,,739.6433,2.413984455,742.0602,,,,,,,,,,,,,,,,,,,,,,,,742.0603,743.7939,q,1,1.6555,,55,0,55,0,1,,,,,,,,,,,,,,,,,,,,,,,,,,,,,,,,,,,,,,,,,,,,,,,,,,,,,,,,,,,,,,,,,,,,,,,,,,,,,,,,,,,,,,,,,,,,,,,,,,,,,,,,,,,,
,,,2025-08-11_11h49.07.415,CFMT_CCMT_Face_recognition,03.02.2023,Win32,59.88023952,5987030cfd8cca00015cbc26,6899c7d7c4c961a016830ad3,6899c9e6bd6c17c70a8e8fea,,,,,,,,,,,,,,,,,,,,,,,,,,,,,,,,,,,,,,,,,,,,,,743.7944,1.63506855,745.4267,,,,,,,,,,,,,,,,,,,,,,,,745.4267,747.0603,p,1,1.5549,,56,0,56,0,1,,,,,,,,,,,,,,,,,,,,,,,,,,,,,,,,,,,,,,,,,,,,,,,,,,,,,,,,,,,,,,,,,,,,,,,,,,,,,,,,,,,,,,,,,,,,,,,,,,,,,,,,,,,,
,,,2025-08-11_11h49.07.415,CFMT_CCMT_Face_recognition,03.02.2023,Win32,59.88023952,5987030cfd8cca00015cbc26,6899c7d7c4c961a016830ad3,6899c9e6bd6c17c70a8e8fea,,,,,,,,,,,,,,,,,,,,,,,,,,,,,,,,,,,,,,,,,,,,,,747.0606,1.558982345,748.6095,,,,,,,,,,,,,,,,,,,,,,,,748.6095,750.0436,q,1,1.3514,,57,0,57,0,1,,,,,,,,,,,,,,,,,,,,,,,,,,,,,,,,,,,,,,,,,,,,,,,,,,,,,,,,,,,,,,,,,,,,,,,,,,,,,,,,,,,,,,,,,,,,,,,,,,,,,,,,,,,,
,,,2025-08-11_11h49.07.415,CFMT_CCMT_Face_recognition,03.02.2023,Win32,59.88023952,5987030cfd8cca00015cbc26,6899c7d7c4c961a016830ad3,6899c9e6bd6c17c70a8e8fea,,,,,,,,,,,,,,,,,,,,,,,,,,,,,,,,,,,,,,,,,,,,,,750.044,1.877789653,751.9099,,,,,,,,,,,,,,,,,,,,,,,,751.91,753.1265,p,1,1.1433,,58,0,58,0,1,,,,,,,,,,,,,,,,,,,,,,,,,,,,,,,,,,,,,,,,,,,,,,,,,,,,,,,,,,,,,,,,,,,,,,,,,,,,,,,,,,,,,,,,,,,,,,,,,,,,,,,,,,,,
,,,2025-08-11_11h49.07.415,CFMT_CCMT_Face_recognition,03.02.2023,Win32,59.88023952,5987030cfd8cca00015cbc26,6899c7d7c4c961a016830ad3,6899c9e6bd6c17c70a8e8fea,,,,,,,,,,,,,,,,,,,,,,,,,,,,,,,,,,,,,,,,,,,,,,753.1268,1.720943253,754.8432,,,,,,,,,,,,,,,,,,,,,,,,754.8432,756.7102,q,1,1.7904,,59,0,59,0,1,,,,,,,,,,,,,,,,,,,,,,,,,,,,,,,,,,,,,,,,,,,,,,,,,,,,,,,,,,,,,,,,,,,,,,,,,,,,,,,,,,,,,,,,,,,,,,,,,,,,,,,,,,,,
,,,2025-08-11_11h49.07.415,CFMT_CCMT_Face_recognition,03.02.2023,Win32,59.88023952,5987030cfd8cca00015cbc26,6899c7d7c4c961a016830ad3,6899c9e6bd6c17c70a8e8fea,,,,,,,,,,,,,,,,,,,,,,,,,,,,,,,,,,,,,,,,,,,,,,758.9272,2.096118659,761.0268,,,,,,,,,,,,,,,,,,,,,,,,761.0268,762.0267,p,1,0.9248,,0,0,0,0,1,756.7103,758.9263,space,2.2109,,,,,,,,,,,,,,,,,,,,,,,,,,,,,,,,,,,,,,,,,,,,,,,,,,,,,,,,,,,,,,,,,,,,,,,,,,,,,,,,,,,,,,,,,,,,,,,,,,,,,,,,
,,,2025-08-11_11h49.07.415,CFMT_CCMT_Face_recognition,03.02.2023,Win32,59.88023952,5987030cfd8cca00015cbc26,6899c7d7c4c961a016830ad3,6899c9e6bd6c17c70a8e8fea,,,,,,,,,,,,,,,,,,,,,,,,,,,,,,,,,,,,,,,,,,,,,,762.027,1.60536429,763.6264,,,,,,,,,,,,,,,,,,,,,,,,763.6264,765.11,q,1,1.4081,,1,0,1,0,1,,,,,,,,,,,,,,,,,,,,,,,,,,,,,,,,,,,,,,,,,,,,,,,,,,,,,,,,,,,,,,,,,,,,,,,,,,,,,,,,,,,,,,,,,,,,,,,,,,,,,,,,,,,,
,,,2025-08-11_11h49.07.415,CFMT_CCMT_Face_recognition,03.02.2023,Win32,59.88023952,5987030cfd8cca00015cbc26,6899c7d7c4c961a016830ad3,6899c9e6bd6c17c70a8e8fea,,,,,,,,,,,,,,,,,,,,,,,,,,,,,,,,,,,,,,,,,,,,,,765.1102,2.117080703,767.227,,,,,,,,,,,,,,,,,,,,,,,,767.227,768.0935,q,1,0.7884,,2,0,2,0,1,,,,,,,,,,,,,,,,,,,,,,,,,,,,,,,,,,,,,,,,,,,,,,,,,,,,,,,,,,,,,,,,,,,,,,,,,,,,,,,,,,,,,,,,,,,,,,,,,,,,,,,,,,,,
,,,2025-08-11_11h49.07.415,CFMT_CCMT_Face_recognition,03.02.2023,Win32,59.88023952,5987030cfd8cca00015cbc26,6899c7d7c4c961a016830ad3,6899c9e6bd6c17c70a8e8fea,,,,,,,,,,,,,,,,,,,,,,,,,,,,,,,,,,,,,,,,,,,,,,768.0938,2.013116004,770.1101,,,,,,,,,,,,,,,,,,,,,,,,770.1101,771.2606,q,1,1.0768,,3,0,3,0,1,,,,,,,,,,,,,,,,,,,,,,,,,,,,,,,,,,,,,,,,,,,,,,,,,,,,,,,,,,,,,,,,,,,,,,,,,,,,,,,,,,,,,,,,,,,,,,,,,,,,,,,,,,,,
,,,2025-08-11_11h49.07.415,CFMT_CCMT_Face_recognition,03.02.2023,Win32,59.88023952,5987030cfd8cca00015cbc26,6899c7d7c4c961a016830ad3,6899c9e6bd6c17c70a8e8fea,,,,,,,,,,,,,,,,,,,,,,,,,,,,,,,,,,,,,,,,,,,,,,771.261,2.322518682,773.577,,,,,,,,,,,,,,,,,,,,,,,,773.577,776.3934,,,,,4,0,4,0,1,,,,,,,,,,,,,,,,,,,,,,,,,,,,,,,,,,,,,,,,,,,,,,,,,,,,,,,,,,,,,,,,,,,,,,,,,,,,,,,,,,,,,,,,,,,,,,,,,,,,,,,,,,,,
,,,2025-08-11_11h49.07.415,CFMT_CCMT_Face_recognition,03.02.2023,Win32,59.88023952,5987030cfd8cca00015cbc26,6899c7d7c4c961a016830ad3,6899c9e6bd6c17c70a8e8fea,,,,,,,,,,,,,,,,,,,,,,,,,,,,,,,,,,,,,,,,,,,,,,776.3936,2.035271865,778.426,,,,,,,,,,,,,,,,,,,,,,,,778.4261,779.4934,p,1,0.9943,,5,0,5,0,1,,,,,,,,,,,,,,,,,,,,,,,,,,,,,,,,,,,,,,,,,,,,,,,,,,,,,,,,,,,,,,,,,,,,,,,,,,,,,,,,,,,,,,,,,,,,,,,,,,,,,,,,,,,,
,,,2025-08-11_11h49.07.415,CFMT_CCMT_Face_recognition,03.02.2023,Win32,59.88023952,5987030cfd8cca00015cbc26,6899c7d7c4c961a016830ad3,6899c9e6bd6c17c70a8e8fea,,,,,,,,,,,,,,,,,,,,,,,,,,,,,,,,,,,,,,,,,,,,,,779.4936,2.073083733,781.56,,,,,,,,,,,,,,,,,,,,,,,,781.56,782.8269,p,1,1.1953,,6,0,6,0,1,,,,,,,,,,,,,,,,,,,,,,,,,,,,,,,,,,,,,,,,,,,,,,,,,,,,,,,,,,,,,,,,,,,,,,,,,,,,,,,,,,,,,,,,,,,,,,,,,,,,,,,,,,,,
,,,2025-08-11_11h49.07.415,CFMT_CCMT_Face_recognition,03.02.2023,Win32,59.88023952,5987030cfd8cca00015cbc26,6899c7d7c4c961a016830ad3,6899c9e6bd6c17c70a8e8fea,,,,,,,,,,,,,,,,,,,,,,,,,,,,,,,,,,,,,,,,,,,,,,782.8272,2.198105652,785.0266,,,,,,,,,,,,,,,,,,,,,,,,785.0267,786.1098,p,0,1.0114,,7,0,7,0,1,,,,,,,,,,,,,,,,,,,,,,,,,,,,,,,,,,,,,,,,,,,,,,,,,,,,,,,,,,,,,,,,,,,,,,,,,,,,,,,,,,,,,,,,,,,,,,,,,,,,,,,,,,,,
,,,2025-08-11_11h49.07.415,CFMT_CCMT_Face_recognition,03.02.2023,Win32,59.88023952,5987030cfd8cca00015cbc26,6899c7d7c4c961a016830ad3,6899c9e6bd6c17c70a8e8fea,,,,,,,,,,,,,,,,,,,,,,,,,,,,,,,,,,,,,,,,,,,,,,786.11,1.846201118,787.9604,,,,,,,,,,,,,,,,,,,,,,,,787.9604,788.8602,q,0,0.8211,,8,0,8,0,1,,,,,,,,,,,,,,,,,,,,,,,,,,,,,,,,,,,,,,,,,,,,,,,,,,,,,,,,,,,,,,,,,,,,,,,,,,,,,,,,,,,,,,,,,,,,,,,,,,,,,,,,,,,,
,,,2025-08-11_11h49.07.415,CFMT_CCMT_Face_recognition,03.02.2023,Win32,59.88023952,5987030cfd8cca00015cbc26,6899c7d7c4c961a016830ad3,6899c9e6bd6c17c70a8e8fea,,,,,,,,,,,,,,,,,,,,,,,,,,,,,,,,,,,,,,,,,,,,,,788.8606,1.513394226,790.3768,,,,,,,,,,,,,,,,,,,,,,,,790.3768,791.5766,p,1,1.1267,,9,0,9,0,1,,,,,,,,,,,,,,,,,,,,,,,,,,,,,,,,,,,,,,,,,,,,,,,,,,,,,,,,,,,,,,,,,,,,,,,,,,,,,,,,,,,,,,,,,,,,,,,,,,,,,,,,,,,,
,,,2025-08-11_11h49.07.415,CFMT_CCMT_Face_recognition,03.02.2023,Win32,59.88023952,5987030cfd8cca00015cbc26,6899c7d7c4c961a016830ad3,6899c9e6bd6c17c70a8e8fea,,,,,,,,,,,,,,,,,,,,,,,,,,,,,,,,,,,,,,,,,,,,,,791.577,2.394603699,793.96,,,,,,,,,,,,,,,,,,,,,,,,793.96,796.2602,,,,,10,0,10,0,1,,,,,,,,,,,,,,,,,,,,,,,,,,,,,,,,,,,,,,,,,,,,,,,,,,,,,,,,,,,,,,,,,,,,,,,,,,,,,,,,,,,,,,,,,,,,,,,,,,,,,,,,,,,,
,,,2025-08-11_11h49.07.415,CFMT_CCMT_Face_recognition,03.02.2023,Win32,59.88023952,5987030cfd8cca00015cbc26,6899c7d7c4c961a016830ad3,6899c9e6bd6c17c70a8e8fea,,,,,,,,,,,,,,,,,,,,,,,,,,,,,,,,,,,,,,,,,,,,,,796.2605,2.492997419,798.7431,,,,,,,,,,,,,,,,,,,,,,,,798.7432,799.7264,p,1,0.9162,,11,0,11,0,1,,,,,,,,,,,,,,,,,,,,,,,,,,,,,,,,,,,,,,,,,,,,,,,,,,,,,,,,,,,,,,,,,,,,,,,,,,,,,,,,,,,,,,,,,,,,,,,,,,,,,,,,,,,,
,,,2025-08-11_11h49.07.415,CFMT_CCMT_Face_recognition,03.02.2023,Win32,59.88023952,5987030cfd8cca00015cbc26,6899c7d7c4c961a016830ad3,6899c9e6bd6c17c70a8e8fea,,,,,,,,,,,,,,,,,,,,,,,,,,,,,,,,,,,,,,,,,,,,,,799.7266,1.96336501,801.6937,,,,,,,,,,,,,,,,,,,,,,,,801.6937,803.1602,q,0,1.3891,,12,0,12,0,1,,,,,,,,,,,,,,,,,,,,,,,,,,,,,,,,,,,,,,,,,,,,,,,,,,,,,,,,,,,,,,,,,,,,,,,,,,,,,,,,,,,,,,,,,,,,,,,,,,,,,,,,,,,,
,,,2025-08-11_11h49.07.415,CFMT_CCMT_Face_recognition,03.02.2023,Win32,59.88023952,5987030cfd8cca00015cbc26,6899c7d7c4c961a016830ad3,6899c9e6bd6c17c70a8e8fea,,,,,,,,,,,,,,,,,,,,,,,,,,,,,,,,,,,,,,,,,,,,,,803.1604,1.53539902,804.6935,,,,,,,,,,,,,,,,,,,,,,,,804.6935,806.2261,p,0,1.4599,,13,0,13,0,1,,,,,,,,,,,,,,,,,,,,,,,,,,,,,,,,,,,,,,,,,,,,,,,,,,,,,,,,,,,,,,,,,,,,,,,,,,,,,,,,,,,,,,,,,,,,,,,,,,,,,,,,,,,,
,,,2025-08-11_11h49.07.415,CFMT_CCMT_Face_recognition,03.02.2023,Win32,59.88023952,5987030cfd8cca00015cbc26,6899c7d7c4c961a016830ad3,6899c9e6bd6c17c70a8e8fea,,,,,,,,,,,,,,,,,,,,,,,,,,,,,,,,,,,,,,,,,,,,,,806.2265,1.908296953,808.1266,,,,,,,,,,,,,,,,,,,,,,,,808.1266,809.2602,p,1,1.0506,,14,0,14,0,1,,,,,,,,,,,,,,,,,,,,,,,,,,,,,,,,,,,,,,,,,,,,,,,,,,,,,,,,,,,,,,,,,,,,,,,,,,,,,,,,,,,,,,,,,,,,,,,,,,,,,,,,,,,,
,,,2025-08-11_11h49.07.415,CFMT_CCMT_Face_recognition,03.02.2023,Win32,59.88023952,5987030cfd8cca00015cbc26,6899c7d7c4c961a016830ad3,6899c9e6bd6c17c70a8e8fea,,,,,,,,,,,,,,,,,,,,,,,,,,,,,,,,,,,,,,,,,,,,,,809.2606,1.76443948,811.0266,,,,,,,,,,,,,,,,,,,,,,,,811.0266,812.1428,p,1,1.0359,,15,0,15,0,1,,,,,,,,,,,,,,,,,,,,,,,,,,,,,,,,,,,,,,,,,,,,,,,,,,,,,,,,,,,,,,,,,,,,,,,,,,,,,,,,,,,,,,,,,,,,,,,,,,,,,,,,,,,,
,,,2025-08-11_11h49.07.415,CFMT_CCMT_Face_recognition,03.02.2023,Win32,59.88023952,5987030cfd8cca00015cbc26,6899c7d7c4c961a016830ad3,6899c9e6bd6c17c70a8e8fea,,,,,,,,,,,,,,,,,,,,,,,,,,,,,,,,,,,,,,,,,,,,,,812.1429,2.420976371,814.5594,,,,,,,,,,,,,,,,,,,,,,,,814.5594,815.7262,q,0,1.0954,,16,0,16,0,1,,,,,,,,,,,,,,,,,,,,,,,,,,,,,,,,,,,,,,,,,,,,,,,,,,,,,,,,,,,,,,,,,,,,,,,,,,,,,,,,,,,,,,,,,,,,,,,,,,,,,,,,,,,,
,,,2025-08-11_11h49.07.415,CFMT_CCMT_Face_recognition,03.02.2023,Win32,59.88023952,5987030cfd8cca00015cbc26,6899c7d7c4c961a016830ad3,6899c9e6bd6c17c70a8e8fea,,,,,,,,,,,,,,,,,,,,,,,,,,,,,,,,,,,,,,,,,,,,,,815.7264,2.022590897,817.7432,,,,,,,,,,,,,,,,,,,,,,,,817.7432,818.6265,q,1,0.8035,,17,0,17,0,1,,,,,,,,,,,,,,,,,,,,,,,,,,,,,,,,,,,,,,,,,,,,,,,,,,,,,,,,,,,,,,,,,,,,,,,,,,,,,,,,,,,,,,,,,,,,,,,,,,,,,,,,,,,,
,,,2025-08-11_11h49.07.415,CFMT_CCMT_Face_recognition,03.02.2023,Win32,59.88023952,5987030cfd8cca00015cbc26,6899c7d7c4c961a016830ad3,6899c9e6bd6c17c70a8e8fea,,,,,,,,,,,,,,,,,,,,,,,,,,,,,,,,,,,,,,,,,,,,,,818.6269,1.551454829,820.176,,,,,,,,,,,,,,,,,,,,,,,,820.1761,821.1768,q,0,0.9222,,18,0,18,0,1,,,,,,,,,,,,,,,,,,,,,,,,,,,,,,,,,,,,,,,,,,,,,,,,,,,,,,,,,,,,,,,,,,,,,,,,,,,,,,,,,,,,,,,,,,,,,,,,,,,,,,,,,,,,
,,,2025-08-11_11h49.07.415,CFMT_CCMT_Face_recognition,03.02.2023,Win32,59.88023952,5987030cfd8cca00015cbc26,6899c7d7c4c961a016830ad3,6899c9e6bd6c17c70a8e8fea,,,,,,,,,,,,,,,,,,,,,,,,,,,,,,,,,,,,,,,,,,,,,,821.1772,2.376435448,823.5427,,,,,,,,,,,,,,,,,,,,,,,,823.5428,825.7766,,,,,19,0,19,0,1,,,,,,,,,,,,,,,,,,,,,,,,,,,,,,,,,,,,,,,,,,,,,,,,,,,,,,,,,,,,,,,,,,,,,,,,,,,,,,,,,,,,,,,,,,,,,,,,,,,,,,,,,,,,
,,,2025-08-11_11h49.07.415,CFMT_CCMT_Face_recognition,03.02.2023,Win32,59.88023952,5987030cfd8cca00015cbc26,6899c7d7c4c961a016830ad3,6899c9e6bd6c17c70a8e8fea,,,,,,,,,,,,,,,,,,,,,,,,,,,,,,,,,,,,,,,,,,,,,,825.777,1.782331305,827.5601,,,,,,,,,,,,,,,,,,,,,,,,827.5602,828.9602,p,0,1.3216,,20,0,20,0,1,,,,,,,,,,,,,,,,,,,,,,,,,,,,,,,,,,,,,,,,,,,,,,,,,,,,,,,,,,,,,,,,,,,,,,,,,,,,,,,,,,,,,,,,,,,,,,,,,,,,,,,,,,,,
,,,2025-08-11_11h49.07.415,CFMT_CCMT_Face_recognition,03.02.2023,Win32,59.88023952,5987030cfd8cca00015cbc26,6899c7d7c4c961a016830ad3,6899c9e6bd6c17c70a8e8fea,,,,,,,,,,,,,,,,,,,,,,,,,,,,,,,,,,,,,,,,,,,,,,828.9607,2.400486625,831.36,,,,,,,,,,,,,,,,,,,,,,,,831.36,833.0101,q,0,1.571,,21,0,21,0,1,,,,,,,,,,,,,,,,,,,,,,,,,,,,,,,,,,,,,,,,,,,,,,,,,,,,,,,,,,,,,,,,,,,,,,,,,,,,,,,,,,,,,,,,,,,,,,,,,,,,,,,,,,,,
,,,2025-08-11_11h49.07.415,CFMT_CCMT_Face_recognition,03.02.2023,Win32,59.88023952,5987030cfd8cca00015cbc26,6899c7d7c4c961a016830ad3,6899c9e6bd6c17c70a8e8fea,,,,,,,,,,,,,,,,,,,,,,,,,,,,,,,,,,,,,,,,,,,,,,833.0105,2.441324636,835.4435,,,,,,,,,,,,,,,,,,,,,,,,835.4435,836.9261,p,1,1.4131,,22,0,22,0,1,,,,,,,,,,,,,,,,,,,,,,,,,,,,,,,,,,,,,,,,,,,,,,,,,,,,,,,,,,,,,,,,,,,,,,,,,,,,,,,,,,,,,,,,,,,,,,,,,,,,,,,,,,,,
,,,2025-08-11_11h49.07.415,CFMT_CCMT_Face_recognition,03.02.2023,Win32,59.88023952,5987030cfd8cca00015cbc26,6899c7d7c4c961a016830ad3,6899c9e6bd6c17c70a8e8fea,,,,,,,,,,,,,,,,,,,,,,,,,,,,,,,,,,,,,,,,,,,,,,836.9263,1.601517446,838.5265,,,,,,,,,,,,,,,,,,,,,,,,838.5266,840.4095,p,0,1.8118,,23,0,23,0,1,,,,,,,,,,,,,,,,,,,,,,,,,,,,,,,,,,,,,,,,,,,,,,,,,,,,,,,,,,,,,,,,,,,,,,,,,,,,,,,,,,,,,,,,,,,,,,,,,,,,,,,,,,,,
,,,2025-08-11_11h49.07.415,CFMT_CCMT_Face_recognition,03.02.2023,Win32,59.88023952,5987030cfd8cca00015cbc26,6899c7d7c4c961a016830ad3,6899c9e6bd6c17c70a8e8fea,,,,,,,,,,,,,,,,,,,,,,,,,,,,,,,,,,,,,,,,,,,,,,840.4096,1.875461285,842.2766,,,,,,,,,,,,,,,,,,,,,,,,842.2766,844.1268,q,0,1.7747,,24,0,24,0,1,,,,,,,,,,,,,,,,,,,,,,,,,,,,,,,,,,,,,,,,,,,,,,,,,,,,,,,,,,,,,,,,,,,,,,,,,,,,,,,,,,,,,,,,,,,,,,,,,,,,,,,,,,,,
,,,2025-08-11_11h49.07.415,CFMT_CCMT_Face_recognition,03.02.2023,Win32,59.88023952,5987030cfd8cca00015cbc26,6899c7d7c4c961a016830ad3,6899c9e6bd6c17c70a8e8fea,,,,,,,,,,,,,,,,,,,,,,,,,,,,,,,,,,,,,,,,,,,,,,844.1272,2.159129836,846.2762,,,,,,,,,,,,,,,,,,,,,,,,846.2762,848.1429,q,1,1.7886,,25,0,25,0,1,,,,,,,,,,,,,,,,,,,,,,,,,,,,,,,,,,,,,,,,,,,,,,,,,,,,,,,,,,,,,,,,,,,,,,,,,,,,,,,,,,,,,,,,,,,,,,,,,,,,,,,,,,,,
,,,2025-08-11_11h49.07.415,CFMT_CCMT_Face_recognition,03.02.2023,Win32,59.88023952,5987030cfd8cca00015cbc26,6899c7d7c4c961a016830ad3,6899c9e6bd6c17c70a8e8fea,,,,,,,,,,,,,,,,,,,,,,,,,,,,,,,,,,,,,,,,,,,,,,848.1432,2.328873886,850.476,,,,,,,,,,,,,,,,,,,,,,,,850.4761,851.4265,q,1,0.8811,,26,0,26,0,1,,,,,,,,,,,,,,,,,,,,,,,,,,,,,,,,,,,,,,,,,,,,,,,,,,,,,,,,,,,,,,,,,,,,,,,,,,,,,,,,,,,,,,,,,,,,,,,,,,,,,,,,,,,,
,,,2025-08-11_11h49.07.415,CFMT_CCMT_Face_recognition,03.02.2023,Win32,59.88023952,5987030cfd8cca00015cbc26,6899c7d7c4c961a016830ad3,6899c9e6bd6c17c70a8e8fea,,,,,,,,,,,,,,,,,,,,,,,,,,,,,,,,,,,,,,,,,,,,,,851.4268,2.104649174,853.5261,,,,,,,,,,,,,,,,,,,,,,,,853.5261,855.0098,p,1,1.4119,,27,0,27,0,1,,,,,,,,,,,,,,,,,,,,,,,,,,,,,,,,,,,,,,,,,,,,,,,,,,,,,,,,,,,,,,,,,,,,,,,,,,,,,,,,,,,,,,,,,,,,,,,,,,,,,,,,,,,,
,,,2025-08-11_11h49.07.415,CFMT_CCMT_Face_recognition,03.02.2023,Win32,59.88023952,5987030cfd8cca00015cbc26,6899c7d7c4c961a016830ad3,6899c9e6bd6c17c70a8e8fea,,,,,,,,,,,,,,,,,,,,,,,,,,,,,,,,,,,,,,,,,,,,,,855.0101,1.72851854,856.7267,,,,,,,,,,,,,,,,,,,,,,,,856.7267,857.8271,q,1,1.0253,,28,0,28,0,1,,,,,,,,,,,,,,,,,,,,,,,,,,,,,,,,,,,,,,,,,,,,,,,,,,,,,,,,,,,,,,,,,,,,,,,,,,,,,,,,,,,,,,,,,,,,,,,,,,,,,,,,,,,,
,,,2025-08-11_11h49.07.415,CFMT_CCMT_Face_recognition,03.02.2023,Win32,59.88023952,5987030cfd8cca00015cbc26,6899c7d7c4c961a016830ad3,6899c9e6bd6c17c70a8e8fea,,,,,,,,,,,,,,,,,,,,,,,,,,,,,,,,,,,,,,,,,,,,,,857.8274,2.382190616,860.2102,,,,,,,,,,,,,,,,,,,,,,,,860.2103,861.6096,p,0,1.3292,,29,0,29,0,1,,,,,,,,,,,,,,,,,,,,,,,,,,,,,,,,,,,,,,,,,,,,,,,,,,,,,,,,,,,,,,,,,,,,,,,,,,,,,,,,,,,,,,,,,,,,,,,,,,,,,,,,,,,,
,,,2025-08-11_11h49.07.415,CFMT_CCMT_Face_recognition,03.02.2023,Win32,59.88023952,5987030cfd8cca00015cbc26,6899c7d7c4c961a016830ad3,6899c9e6bd6c17c70a8e8fea,,,,,,,,,,,,,,,,,,,,,,,,,,,,,,,,,,,,,,,,,,,,,,861.6099,1.66850137,863.2767,,,,,,,,,,,,,,,,,,,,,,,,863.2767,865.1602,p,1,1.8073,,30,0,30,0,1,,,,,,,,,,,,,,,,,,,,,,,,,,,,,,,,,,,,,,,,,,,,,,,,,,,,,,,,,,,,,,,,,,,,,,,,,,,,,,,,,,,,,,,,,,,,,,,,,,,,,,,,,,,,
,,,2025-08-11_11h49.07.415,CFMT_CCMT_Face_recognition,03.02.2023,Win32,59.88023952,5987030cfd8cca00015cbc26,6899c7d7c4c961a016830ad3,6899c9e6bd6c17c70a8e8fea,,,,,,,,,,,,,,,,,,,,,,,,,,,,,,,,,,,,,,,,,,,,,,865.1605,1.562015029,866.7263,,,,,,,,,,,,,,,,,,,,,,,,866.7263,868.3593,p,1,1.5631,,31,0,31,0,1,,,,,,,,,,,,,,,,,,,,,,,,,,,,,,,,,,,,,,,,,,,,,,,,,,,,,,,,,,,,,,,,,,,,,,,,,,,,,,,,,,,,,,,,,,,,,,,,,,,,,,,,,,,,
,,,2025-08-11_11h49.07.415,CFMT_CCMT_Face_recognition,03.02.2023,Win32,59.88023952,5987030cfd8cca00015cbc26,6899c7d7c4c961a016830ad3,6899c9e6bd6c17c70a8e8fea,,,,,,,,,,,,,,,,,,,,,,,,,,,,,,,,,,,,,,,,,,,,,,868.3595,2.077782239,870.4273,,,,,,,,,,,,,,,,,,,,,,,,870.4273,872.0266,q,1,1.5259,,32,0,32,0,1,,,,,,,,,,,,,,,,,,,,,,,,,,,,,,,,,,,,,,,,,,,,,,,,,,,,,,,,,,,,,,,,,,,,,,,,,,,,,,,,,,,,,,,,,,,,,,,,,,,,,,,,,,,,
,,,2025-08-11_11h49.07.415,CFMT_CCMT_Face_recognition,03.02.2023,Win32,59.88023952,5987030cfd8cca00015cbc26,6899c7d7c4c961a016830ad3,6899c9e6bd6c17c70a8e8fea,,,,,,,,,,,,,,,,,,,,,,,,,,,,,,,,,,,,,,,,,,,,,,872.027,2.096968653,874.1265,,,,,,,,,,,,,,,,,,,,,,,,874.1265,876.6927,,,,,33,0,33,0,1,,,,,,,,,,,,,,,,,,,,,,,,,,,,,,,,,,,,,,,,,,,,,,,,,,,,,,,,,,,,,,,,,,,,,,,,,,,,,,,,,,,,,,,,,,,,,,,,,,,,,,,,,,,,
,,,2025-08-11_11h49.07.415,CFMT_CCMT_Face_recognition,03.02.2023,Win32,59.88023952,5987030cfd8cca00015cbc26,6899c7d7c4c961a016830ad3,6899c9e6bd6c17c70a8e8fea,,,,,,,,,,,,,,,,,,,,,,,,,,,,,,,,,,,,,,,,,,,,,,876.693,1.739236738,878.4269,,,,,,,,,,,,,,,,,,,,,,,,878.427,879.4262,p,1,0.9247,,34,0,34,0,1,,,,,,,,,,,,,,,,,,,,,,,,,,,,,,,,,,,,,,,,,,,,,,,,,,,,,,,,,,,,,,,,,,,,,,,,,,,,,,,,,,,,,,,,,,,,,,,,,,,,,,,,,,,,
,,,2025-08-11_11h49.07.415,CFMT_CCMT_Face_recognition,03.02.2023,Win32,59.88023952,5987030cfd8cca00015cbc26,6899c7d7c4c961a016830ad3,6899c9e6bd6c17c70a8e8fea,,,,,,,,,,,,,,,,,,,,,,,,,,,,,,,,,,,,,,,,,,,,,,879.4266,2.179857856,881.6101,,,,,,,,,,,,,,,,,,,,,,,,881.6101,882.9769,q,0,1.2944,,35,0,35,0,1,,,,,,,,,,,,,,,,,,,,,,,,,,,,,,,,,,,,,,,,,,,,,,,,,,,,,,,,,,,,,,,,,,,,,,,,,,,,,,,,,,,,,,,,,,,,,,,,,,,,,,,,,,,,
,,,2025-08-11_11h49.07.415,CFMT_CCMT_Face_recognition,03.02.2023,Win32,59.88023952,5987030cfd8cca00015cbc26,6899c7d7c4c961a016830ad3,6899c9e6bd6c17c70a8e8fea,,,,,,,,,,,,,,,,,,,,,,,,,,,,,,,,,,,,,,,,,,,,,,882.9772,2.11543072,885.0932,,,,,,,,,,,,,,,,,,,,,,,,885.0933,886.493,p,0,1.3344,,36,0,36,0,1,,,,,,,,,,,,,,,,,,,,,,,,,,,,,,,,,,,,,,,,,,,,,,,,,,,,,,,,,,,,,,,,,,,,,,,,,,,,,,,,,,,,,,,,,,,,,,,,,,,,,,,,,,,,
,,,2025-08-11_11h49.07.415,CFMT_CCMT_Face_recognition,03.02.2023,Win32,59.88023952,5987030cfd8cca00015cbc26,6899c7d7c4c961a016830ad3,6899c9e6bd6c17c70a8e8fea,,,,,,,,,,,,,,,,,,,,,,,,,,,,,,,,,,,,,,,,,,,,,,886.4932,1.80477482,888.2928,,,,,,,,,,,,,,,,,,,,,,,,888.2928,890.593,,,,,37,0,37,0,1,,,,,,,,,,,,,,,,,,,,,,,,,,,,,,,,,,,,,,,,,,,,,,,,,,,,,,,,,,,,,,,,,,,,,,,,,,,,,,,,,,,,,,,,,,,,,,,,,,,,,,,,,,,,
,,,2025-08-11_11h49.07.415,CFMT_CCMT_Face_recognition,03.02.2023,Win32,59.88023952,5987030cfd8cca00015cbc26,6899c7d7c4c961a016830ad3,6899c9e6bd6c17c70a8e8fea,,,,,,,,,,,,,,,,,,,,,,,,,,,,,,,,,,,,,,,,,,,,,,890.5932,2.046650093,892.6426,,,,,,,,,,,,,,,,,,,,,,,,892.6426,894.5095,p,1,1.7835,,38,0,38,0,1,,,,,,,,,,,,,,,,,,,,,,,,,,,,,,,,,,,,,,,,,,,,,,,,,,,,,,,,,,,,,,,,,,,,,,,,,,,,,,,,,,,,,,,,,,,,,,,,,,,,,,,,,,,,
,,,2025-08-11_11h49.07.415,CFMT_CCMT_Face_recognition,03.02.2023,Win32,59.88023952,5987030cfd8cca00015cbc26,6899c7d7c4c961a016830ad3,6899c9e6bd6c17c70a8e8fea,,,,,,,,,,,,,,,,,,,,,,,,,,,,,,,,,,,,,,,,,,,,,,894.5098,2.021641523,896.5261,,,,,,,,,,,,,,,,,,,,,,,,896.5261,897.8768,q,1,1.2724,,39,0,39,0,1,,,,,,,,,,,,,,,,,,,,,,,,,,,,,,,,,,,,,,,,,,,,,,,,,,,,,,,,,,,,,,,,,,,,,,,,,,,,,,,,,,,,,,,,,,,,,,,,,,,,,,,,,,,,
,,,2025-08-11_11h49.07.415,CFMT_CCMT_Face_recognition,03.02.2023,Win32,59.88023952,5987030cfd8cca00015cbc26,6899c7d7c4c961a016830ad3,6899c9e6bd6c17c70a8e8fea,,,,,,,,,,,,,,,,,,,,,,,,,,,,,,,,,,,,,,,,,,,,,,897.8771,1.517502909,899.3933,,,,,,,,,,,,,,,,,,,,,,,,899.3933,901.2931,q,0,1.8273,,40,0,40,0,1,,,,,,,,,,,,,,,,,,,,,,,,,,,,,,,,,,,,,,,,,,,,,,,,,,,,,,,,,,,,,,,,,,,,,,,,,,,,,,,,,,,,,,,,,,,,,,,,,,,,,,,,,,,,
,,,2025-08-11_11h49.07.415,CFMT_CCMT_Face_recognition,03.02.2023,Win32,59.88023952,5987030cfd8cca00015cbc26,6899c7d7c4c961a016830ad3,6899c9e6bd6c17c70a8e8fea,,,,,,,,,,,,,,,,,,,,,,,,,,,,,,,,,,,,,,,,,,,,,,901.2934,2.180235408,903.4764,,,,,,,,,,,,,,,,,,,,,,,,903.4764,904.7093,p,1,1.1684,,41,0,41,0,1,,,,,,,,,,,,,,,,,,,,,,,,,,,,,,,,,,,,,,,,,,,,,,,,,,,,,,,,,,,,,,,,,,,,,,,,,,,,,,,,,,,,,,,,,,,,,,,,,,,,,,,,,,,,
,,,2025-08-11_11h49.07.415,CFMT_CCMT_Face_recognition,03.02.2023,Win32,59.88023952,5987030cfd8cca00015cbc26,6899c7d7c4c961a016830ad3,6899c9e6bd6c17c70a8e8fea,,,,,,,,,,,,,,,,,,,,,,,,,,,,,,,,,,,,,,,,,,,,,,904.7096,2.015108843,906.7259,,,,,,,,,,,,,,,,,,,,,,,,906.7259,908.5261,q,1,1.7228,,42,0,42,0,1,,,,,,,,,,,,,,,,,,,,,,,,,,,,,,,,,,,,,,,,,,,,,,,,,,,,,,,,,,,,,,,,,,,,,,,,,,,,,,,,,,,,,,,,,,,,,,,,,,,,,,,,,,,,
,,,2025-08-11_11h49.07.415,CFMT_CCMT_Face_recognition,03.02.2023,Win32,59.88023952,5987030cfd8cca00015cbc26,6899c7d7c4c961a016830ad3,6899c9e6bd6c17c70a8e8fea,,,,,,,,,,,,,,,,,,,,,,,,,,,,,,,,,,,,,,,,,,,,,,908.5264,1.755982807,910.2759,,,,,,,,,,,,,,,,,,,,,,,,910.2759,911.3601,q,1,1.0024,,43,0,43,0,1,,,,,,,,,,,,,,,,,,,,,,,,,,,,,,,,,,,,,,,,,,,,,,,,,,,,,,,,,,,,,,,,,,,,,,,,,,,,,,,,,,,,,,,,,,,,,,,,,,,,,,,,,,,,
,,,2025-08-11_11h49.07.415,CFMT_CCMT_Face_recognition,03.02.2023,Win32,59.88023952,5987030cfd8cca00015cbc26,6899c7d7c4c961a016830ad3,6899c9e6bd6c17c70a8e8fea,,,,,,,,,,,,,,,,,,,,,,,,,,,,,,,,,,,,,,,,,,,,,,911.3604,2.407031198,913.7598,,,,,,,,,,,,,,,,,,,,,,,,913.7598,915.0766,q,1,1.2326,,44,0,44,0,1,,,,,,,,,,,,,,,,,,,,,,,,,,,,,,,,,,,,,,,,,,,,,,,,,,,,,,,,,,,,,,,,,,,,,,,,,,,,,,,,,,,,,,,,,,,,,,,,,,,,,,,,,,,,
,,,2025-08-11_11h49.07.415,CFMT_CCMT_Face_recognition,03.02.2023,Win32,59.88023952,5987030cfd8cca00015cbc26,6899c7d7c4c961a016830ad3,6899c9e6bd6c17c70a8e8fea,,,,,,,,,,,,,,,,,,,,,,,,,,,,,,,,,,,,,,,,,,,,,,915.077,1.73666961,916.81,,,,,,,,,,,,,,,,,,,,,,,,916.81,918.8761,p,0,1.9817,,45,0,45,0,1,,,,,,,,,,,,,,,,,,,,,,,,,,,,,,,,,,,,,,,,,,,,,,,,,,,,,,,,,,,,,,,,,,,,,,,,,,,,,,,,,,,,,,,,,,,,,,,,,,,,,,,,,,,,
,,,2025-08-11_11h49.07.415,CFMT_CCMT_Face_recognition,03.02.2023,Win32,59.88023952,5987030cfd8cca00015cbc26,6899c7d7c4c961a016830ad3,6899c9e6bd6c17c70a8e8fea,,,,,,,,,,,,,,,,,,,,,,,,,,,,,,,,,,,,,,,,,,,,,,918.8763,1.876911486,920.7426,,,,,,,,,,,,,,,,,,,,,,,,920.7426,922.0099,q,1,1.195,,46,0,46,0,1,,,,,,,,,,,,,,,,,,,,,,,,,,,,,,,,,,,,,,,,,,,,,,,,,,,,,,,,,,,,,,,,,,,,,,,,,,,,,,,,,,,,,,,,,,,,,,,,,,,,,,,,,,,,
,,,2025-08-11_11h49.07.415,CFMT_CCMT_Face_recognition,03.02.2023,Win32,59.88023952,5987030cfd8cca00015cbc26,6899c7d7c4c961a016830ad3,6899c9e6bd6c17c70a8e8fea,,,,,,,,,,,,,,,,,,,,,,,,,,,,,,,,,,,,,,,,,,,,,,922.0102,1.839607482,923.8437,,,,,,,,,,,,,,,,,,,,,,,,923.8437,925.4595,q,0,1.5433,,47,0,47,0,1,,,,,,,,,,,,,,,,,,,,,,,,,,,,,,,,,,,,,,,,,,,,,,,,,,,,,,,,,,,,,,,,,,,,,,,,,,,,,,,,,,,,,,,,,,,,,,,,,,,,,,,,,,,,
,,,2025-08-11_11h49.07.415,CFMT_CCMT_Face_recognition,03.02.2023,Win32,59.88023952,5987030cfd8cca00015cbc26,6899c7d7c4c961a016830ad3,6899c9e6bd6c17c70a8e8fea,,,,,,,,,,,,,,,,,,,,,,,,,,,,,,,,,,,,,,,,,,,,,,925.4598,2.008071149,927.4593,,,,,,,,,,,,,,,,,,,,,,,,927.4593,928.9764,q,1,1.445,,48,0,48,0,1,,,,,,,,,,,,,,,,,,,,,,,,,,,,,,,,,,,,,,,,,,,,,,,,,,,,,,,,,,,,,,,,,,,,,,,,,,,,,,,,,,,,,,,,,,,,,,,,,,,,,,,,,,,,
,,,2025-08-11_11h49.07.415,CFMT_CCMT_Face_recognition,03.02.2023,Win32,59.88023952,5987030cfd8cca00015cbc26,6899c7d7c4c961a016830ad3,6899c9e6bd6c17c70a8e8fea,,,,,,,,,,,,,,,,,,,,,,,,,,,,,,,,,,,,,,,,,,,,,,928.9768,1.978903732,930.9599,,,,,,,,,,,,,,,,,,,,,,,,930.9599,932.0266,p,1,0.9952,,49,0,49,0,1,,,,,,,,,,,,,,,,,,,,,,,,,,,,,,,,,,,,,,,,,,,,,,,,,,,,,,,,,,,,,,,,,,,,,,,,,,,,,,,,,,,,,,,,,,,,,,,,,,,,,,,,,,,,
,,,2025-08-11_11h49.07.415,CFMT_CCMT_Face_recognition,03.02.2023,Win32,59.88023952,5987030cfd8cca00015cbc26,6899c7d7c4c961a016830ad3,6899c9e6bd6c17c70a8e8fea,,,,,,,,,,,,,,,,,,,,,,,,,,,,,,,,,,,,,,,,,,,,,,932.0269,1.820771058,933.8447,,,,,,,,,,,,,,,,,,,,,,,,933.8448,935.0768,q,0,1.1555,,50,0,50,0,1,,,,,,,,,,,,,,,,,,,,,,,,,,,,,,,,,,,,,,,,,,,,,,,,,,,,,,,,,,,,,,,,,,,,,,,,,,,,,,,,,,,,,,,,,,,,,,,,,,,,,,,,,,,,
,,,2025-08-11_11h49.07.415,CFMT_CCMT_Face_recognition,03.02.2023,Win32,59.88023952,5987030cfd8cca00015cbc26,6899c7d7c4c961a016830ad3,6899c9e6bd6c17c70a8e8fea,,,,,,,,,,,,,,,,,,,,,,,,,,,,,,,,,,,,,,,,,,,,,,935.0772,2.169757785,937.2426,,,,,,,,,,,,,,,,,,,,,,,,937.2426,939.0601,p,1,1.7427,,51,0,51,0,1,,,,,,,,,,,,,,,,,,,,,,,,,,,,,,,,,,,,,,,,,,,,,,,,,,,,,,,,,,,,,,,,,,,,,,,,,,,,,,,,,,,,,,,,,,,,,,,,,,,,,,,,,,,,
,,,2025-08-11_11h49.07.415,CFMT_CCMT_Face_recognition,03.02.2023,Win32,59.88023952,5987030cfd8cca00015cbc26,6899c7d7c4c961a016830ad3,6899c9e6bd6c17c70a8e8fea,,,,,,,,,,,,,,,,,,,,,,,,,,,,,,,,,,,,,,,,,,,,,,939.0604,2.048623676,941.1098,,,,,,,,,,,,,,,,,,,,,,,,941.1098,942.793,p,0,1.6027,,52,0,52,0,1,,,,,,,,,,,,,,,,,,,,,,,,,,,,,,,,,,,,,,,,,,,,,,,,,,,,,,,,,,,,,,,,,,,,,,,,,,,,,,,,,,,,,,,,,,,,,,,,,,,,,,,,,,,,
,,,2025-08-11_11h49.07.415,CFMT_CCMT_Face_recognition,03.02.2023,Win32,59.88023952,5987030cfd8cca00015cbc26,6899c7d7c4c961a016830ad3,6899c9e6bd6c17c70a8e8fea,,,,,,,,,,,,,,,,,,,,,,,,,,,,,,,,,,,,,,,,,,,,,,942.7933,1.899583294,944.6929,,,,,,,,,,,,,,,,,,,,,,,,944.6929,945.8434,q,1,1.0678,,53,0,53,0,1,,,,,,,,,,,,,,,,,,,,,,,,,,,,,,,,,,,,,,,,,,,,,,,,,,,,,,,,,,,,,,,,,,,,,,,,,,,,,,,,,,,,,,,,,,,,,,,,,,,,,,,,,,,,
,,,2025-08-11_11h49.07.415,CFMT_CCMT_Face_recognition,03.02.2023,Win32,59.88023952,5987030cfd8cca00015cbc26,6899c7d7c4c961a016830ad3,6899c9e6bd6c17c70a8e8fea,,,,,,,,,,,,,,,,,,,,,,,,,,,,,,,,,,,,,,,,,,,,,,945.8436,1.992640087,947.8262,,,,,,,,,,,,,,,,,,,,,,,,947.8263,949.51,p,0,1.6171,,54,0,54,0,1,,,,,,,,,,,,,,,,,,,,,,,,,,,,,,,,,,,,,,,,,,,,,,,,,,,,,,,,,,,,,,,,,,,,,,,,,,,,,,,,,,,,,,,,,,,,,,,,,,,,,,,,,,,,
,,,2025-08-11_11h49.07.415,CFMT_CCMT_Face_recognition,03.02.2023,Win32,59.88023952,5987030cfd8cca00015cbc26,6899c7d7c4c961a016830ad3,6899c9e6bd6c17c70a8e8fea,,,,,,,,,,,,,,,,,,,,,,,,,,,,,,,,,,,,,,,,,,,,,,949.5102,1.675650502,951.1766,,,,,,,,,,,,,,,,,,,,,,,,951.1766,952.8098,q,1,1.5534,,55,0,55,0,1,,,,,,,,,,,,,,,,,,,,,,,,,,,,,,,,,,,,,,,,,,,,,,,,,,,,,,,,,,,,,,,,,,,,,,,,,,,,,,,,,,,,,,,,,,,,,,,,,,,,,,,,,,,,
,,,2025-08-11_11h49.07.415,CFMT_CCMT_Face_recognition,03.02.2023,Win32,59.88023952,5987030cfd8cca00015cbc26,6899c7d7c4c961a016830ad3,6899c9e6bd6c17c70a8e8fea,,,,,,,,,,,,,,,,,,,,,,,,,,,,,,,,,,,,,,,,,,,,,,952.81,1.600502168,954.4092,,,,,,,,,,,,,,,,,,,,,,,,954.4092,955.4095,p,0,0.9275,,56,0,56,0,1,,,,,,,,,,,,,,,,,,,,,,,,,,,,,,,,,,,,,,,,,,,,,,,,,,,,,,,,,,,,,,,,,,,,,,,,,,,,,,,,,,,,,,,,,,,,,,,,,,,,,,,,,,,,
,,,2025-08-11_11h49.07.415,CFMT_CCMT_Face_recognition,03.02.2023,Win32,59.88023952,5987030cfd8cca00015cbc26,6899c7d7c4c961a016830ad3,6899c9e6bd6c17c70a8e8fea,,,,,,,,,,,,,,,,,,,,,,,,,,,,,,,,,,,,,,,,,,,,,,955.4098,2.177360606,957.5763,,,,,,,,,,,,,,,,,,,,,,,,957.5763,958.4598,q,0,0.8031,,57,0,57,0,1,,,,,,,,,,,,,,,,,,,,,,,,,,,,,,,,,,,,,,,,,,,,,,,,,,,,,,,,,,,,,,,,,,,,,,,,,,,,,,,,,,,,,,,,,,,,,,,,,,,,,,,,,,,,
,,,2025-08-11_11h49.07.415,CFMT_CCMT_Face_recognition,03.02.2023,Win32,59.88023952,5987030cfd8cca00015cbc26,6899c7d7c4c961a016830ad3,6899c9e6bd6c17c70a8e8fea,,,,,,,,,,,,,,,,,,,,,,,,,,,,,,,,,,,,,,,,,,,,,,958.4602,2.332485841,960.7927,,,,,,,,,,,,,,,,,,,,,,,,960.7928,962.9599,,,,,58,0,58,0,1,,,,,,,,,,,,,,,,,,,,,,,,,,,,,,,,,,,,,,,,,,,,,,,,,,,,,,,,,,,,,,,,,,,,,,,,,,,,,,,,,,,,,,,,,,,,,,,,,,,,,,,,,,,,
,,,2025-08-11_11h49.07.415,CFMT_CCMT_Face_recognition,03.02.2023,Win32,59.88023952,5987030cfd8cca00015cbc26,6899c7d7c4c961a016830ad3,6899c9e6bd6c17c70a8e8fea,,,,,,,,,,,,,,,,,,,,,,,,,,,,,,,,,,,,,,,,,,,,,,962.9602,1.982163669,964.943,,,,,,,,,,,,,,,,,,,,,,,,964.9431,966.226,p,0,1.2122,,59,0,59,0,1,,,,,,,,,,,,,,,,,,,,,,,,,,,,,,,,,,,,,,,,,,,,,,,,,,,,,,,,,,,,,,,,,,,,,,,,,,,,,,,,,,,,,,,,,,,,,,,,,,,,,,,,,,,,
,,,2025-08-11_11h49.07.415,CFMT_CCMT_Face_recognition,03.02.2023,Win32,59.88023952,5987030cfd8cca00015cbc26,6899c7d7c4c961a016830ad3,6899c9e6bd6c17c70a8e8fea,,,,,,,,,,,,,,,,,,,,,,,,,,,,,,,,,,,,,,,,,,,,,,,,,,,,,,,,,,,,,,,,,,,,,,,,,,,,,,,,,,,966.226,966.2261,,,,966.2264,986.2264,,,,,,,,,,,,,,,,,,,,,,,,,,,,,,,,,,,,,,,,,,,,,,,,,,,,,,,,,,,,,,,,,,,,,,,,,,,,,,,,,,,,,,,,,,,,,,,,,,,,,
,,,2025-08-11_11h49.07.415,CFMT_CCMT_Face_recognition,03.02.2023,Win32,59.88023952,5987030cfd8cca00015cbc26,6899c7d7c4c961a016830ad3,6899c9e6bd6c17c70a8e8fea,,,,,,,,,,,,,,,,,,,,,,,,,,,,,,,,,,,,,,,,,,,,,,,,,,,,,,,,,,,,,,,,,,,,,,,,,,,,,,,,,,,,,,,,,,986.2411,991.8431,991.8433,995.3104,995.3154,998.3123,998.3124,998.8103,0,0,0,0,1,stimuli_car/prac_v1.jpg,,,,,,,,,,,,,,,,,,,,,,,,,,,,,,,,,,,,,,,,,,,,,,,,,,,,,,,,,,,,,,,,,,,,,,,,,,,,,,,,,,,,,,,
,,,2025-08-11_11h49.07.415,CFMT_CCMT_Face_recognition,03.02.2023,Win32,59.88023952,5987030cfd8cca00015cbc26,6899c7d7c4c961a016830ad3,6899c9e6bd6c17c70a8e8fea,,,,,,,,,,,,,,,,,,,,,,,,,,,,,,,,,,,,,,,,,,,,,,,,,,,,,,,,,,,,,,,,,,,,,,,,,,,,,,,,,,,,,,,,,,,,,,998.8109,1001.8101,1001.8103,1002.3101,0,1,1,1,1,stimuli_car/prac_v2.jpg,,,,,,,,,,,,,,,,,,,,,,,,,,,,,,,,,,,,,,,,,,,,,,,,,,,,,,,,,,,,,,,,,,,,,,,,,,,,,,,,,,,,,,,
,,,2025-08-11_11h49.07.415,CFMT_CCMT_Face_recognition,03.02.2023,Win32,59.88023952,5987030cfd8cca00015cbc26,6899c7d7c4c961a016830ad3,6899c9e6bd6c17c70a8e8fea,,,,,,,,,,,,,,,,,,,,,,,,,,,,,,,,,,,,,,,,,,,,,,,,,,,,,,,,,,,,,,,,,,,,,,,,,,,,,,,,,,,,,,,,,,,,,,1002.3108,1005.31,1005.31,1005.8097,0,2,2,2,1,stimuli_car/prac_v3.jpg,,,,,,,,,,,,,,,,,,,,,,,,,,,,,,,,,,,,,,,,,,,,,,,,,,,,,,,,,,,,,,,,,,,,,,,,,,,,,,,,,,,,,,,
,,,2025-08-11_11h49.07.415,CFMT_CCMT_Face_recognition,03.02.2023,Win32,59.88023952,5987030cfd8cca00015cbc26,6899c7d7c4c961a016830ad3,6899c9e6bd6c17c70a8e8fea,,,,,,,,,,,,,,,,,,,,,,,,,,,,,,,,,,,,,,,,,,,,,,,,,,,,,,,,,,,,,,,,,,,,,,,,,,,,,,,,,,,,,,,,,,,,,,,,1013.4773,1013.9763,,,,,,,1005.8137,1013.4772,3,0,7.6473,,0,0,0,0,1,stimuli_car/practice_v1.jpg,1,,,,,,,,,,,,,,,,,,,,,,,,,,,,,,,,,,,,,,,,,,,,,,,,,,,,,,,,,,,,,,,,,,,,,,,,,,
,,,2025-08-11_11h49.07.415,CFMT_CCMT_Face_recognition,03.02.2023,Win32,59.88023952,5987030cfd8cca00015cbc26,6899c7d7c4c961a016830ad3,6899c9e6bd6c17c70a8e8fea,,,,,,,,,,,,,,,,,,,,,,,,,,,,,,,,,,,,,,,,,,,,,,,,,,,,,,,,,,,,,,,,,,,,,,,,,,,,,,,,,,,,,,,,,,,,,,,,1019.8769,1020.3764,,,,,,,1013.977,1019.8768,1,1,5.8854,,0,1,1,1,1,stimuli_car/practice_v3.jpg,1,,,,,,,,,,,,,,,,,,,,,,,,,,,,,,,,,,,,,,,,,,,,,,,,,,,,,,,,,,,,,,,,,,,,,,,,,,
,,,2025-08-11_11h49.07.415,CFMT_CCMT_Face_recognition,03.02.2023,Win32,59.88023952,5987030cfd8cca00015cbc26,6899c7d7c4c961a016830ad3,6899c9e6bd6c17c70a8e8fea,,,,,,,,,,,,,,,,,,,,,,,,,,,,,,,,,,,,,,,,,,,,,,,,,,,,,,,,,,,,,,,,,,,,,,,,,,,,,,,,,,,,,,,,,,,,,,,,1024.093,1024.5925,,,,,,,1020.377,1024.093,2,1,3.7025,,0,2,2,2,1,stimuli_car/practice_v2.jpg,2,,,,,,,,,,,,,,,,,,,,,,,,,,,,,,,,,,,,,,,,,,,,,,,,,,,,,,,,,,,,,,,,,,,,,,,,,,
,,,2025-08-11_11h49.07.415,CFMT_CCMT_Face_recognition,03.02.2023,Win32,59.88023952,5987030cfd8cca00015cbc26,6899c7d7c4c961a016830ad3,6899c9e6bd6c17c70a8e8fea,,,,,,,,,,,,,,,,,,,,,,,,,,,,,,,,,,,,,,,,,,,,,,,,,,,,,,,,,,,,,,,,,,,,,,,,,,,,,,,,,,,,,,,,,,,,,,,,1058.2764,1058.7765,,,,,,,,,,,,,,,,,,,,1024.5927,1053.327,1053.3304,1054.7764,1055.2765,1058.2763,0,0,0,0,1,stimuli_car/Slide1.jpg,stimuli_car/Slide4.jpg,3,,,,,,,,,,,,,,,,,,,,,,,,,,,,,,,,,,,,,,,,,,,,,,,,,,,,,,,,,,,,
,,,2025-08-11_11h49.07.415,CFMT_CCMT_Face_recognition,03.02.2023,Win32,59.88023952,5987030cfd8cca00015cbc26,6899c7d7c4c961a016830ad3,6899c9e6bd6c17c70a8e8fea,,,,,,,,,,,,,,,,,,,,,,,,,,,,,,,,,,,,,,,,,,,,,,,,,,,,,,,,,,,,,,,,,,,,,,,,,,,,,,,,,,,,,,,,,,,,,,,,1062.2763,1062.7768,,,,,,,,,,,,,,,,,,,,,,,,1059.2763,1062.2762,0,1,1,1,1,stimuli_car/Slide2.jpg,stimuli_car/Slide5.jpg,3,,,,,,,,,,,,,,,,,,,,,,,,,,,,,,,,,,,,,,,,,,,,,,,,,,,,,,,,,,,,
,,,2025-08-11_11h49.07.415,CFMT_CCMT_Face_recognition,03.02.2023,Win32,59.88023952,5987030cfd8cca00015cbc26,6899c7d7c4c961a016830ad3,6899c9e6bd6c17c70a8e8fea,,,,,,,,,,,,,,,,,,,,,,,,,,,,,,,,,,,,,,,,,,,,,,,,,,,,,,,,,,,,,,,,,,,,,,,,,,,,,,,,,,,,,,,,,,,,,,,,1066.2766,1066.7765,,,,,,,,,,,,,,,,,,,,,,,,1063.2768,1066.2765,0,2,2,2,1,stimuli_car/Slide3.jpg,stimuli_car/Slide6.jpg,2,,,,,,,,,,,,,,,,,,,,,,,,,,,,,,,,,,,,,,,,,,,,,,,,,,,,,,,,,,,,
,,,2025-08-11_11h49.07.415,CFMT_CCMT_Face_recognition,03.02.2023,Win32,59.88023952,5987030cfd8cca00015cbc26,6899c7d7c4c961a016830ad3,6899c9e6bd6c17c70a8e8fea,,,,,,,,,,,,,,,,,,,,,,,,,,,,,,,,,,,,,,,,,,,,,,,,,,,,,,,,,,,,,,,,,,,,,,,,,,,,,,,,,,,,,,,,,,,,,,,,1086.1933,1086.6923,,,,,,,,,,,,,,,,,,,,,,,,,,,,,,,stimuli_car/Slide1.jpg,stimuli_car/Slide4.jpg,3,1066.7796,1086.1932,2,0,19.3941,,0,0,0,0,1,,,,,,,,,,,,,,,,,,,,,,,,,,,,,,,,,,,,,,,,,,,,,,,,,
,,,2025-08-11_11h49.07.415,CFMT_CCMT_Face_recognition,03.02.2023,Win32,59.88023952,5987030cfd8cca00015cbc26,6899c7d7c4c961a016830ad3,6899c9e6bd6c17c70a8e8fea,,,,,,,,,,,,,,,,,,,,,,,,,,,,,,,,,,,,,,,,,,,,,,,,,,,,,,,,,,,,,,,,,,,,,,,,,,,,,,,,,,,,,,,,,,,,,,,,1091.4929,1091.9927,,,,,,,,,,,,,,,,,,,,,,,,,,,,,,,stimuli_car/Slide2.jpg,stimuli_car/Slide5.jpg,3,1086.6928,1091.4928,2,0,4.7684,,0,1,1,1,1,,,,,,,,,,,,,,,,,,,,,,,,,,,,,,,,,,,,,,,,,,,,,,,,,
,,,2025-08-11_11h49.07.415,CFMT_CCMT_Face_recognition,03.02.2023,Win32,59.88023952,5987030cfd8cca00015cbc26,6899c7d7c4c961a016830ad3,6899c9e6bd6c17c70a8e8fea,,,,,,,,,,,,,,,,,,,,,,,,,,,,,,,,,,,,,,,,,,,,,,,,,,,,,,,,,,,,,,,,,,,,,,,,,,,,,,,,,,,,,,,,,,,,,,,,1096.6924,1097.1928,,,,,,,,,,,,,,,,,,,,,,,,,,,,,,,stimuli_car/Slide3.jpg,stimuli_car/Slide6.jpg,2,1091.993,1096.6923,2,1,4.6657,,0,2,2,2,1,,,,,,,,,,,,,,,,,,,,,,,,,,,,,,,,,,,,,,,,,,,,,,,,,
,,,2025-08-11_11h49.07.415,CFMT_CCMT_Face_recognition,03.02.2023,Win32,59.88023952,5987030cfd8cca00015cbc26,6899c7d7c4c961a016830ad3,6899c9e6bd6c17c70a8e8fea,,,,,,,,,,,,,,,,,,,,,,,,,,,,,,,,,,,,,,,,,,,,,,,,,,,,,,,,,,,,,,,,,,,,,,,,,,,,,,,,,,,,,,,,,,,,,,,,1104.128,1104.6258,,,,,,,,,,,,,,,,,,,,,,1097.1936,1100.6265,1101.1266,1104.128,0,0,0,0,1,stimuli_car/Slide7.jpg,stimuli_car/Slide10.jpg,1,,,,,,,,,,,,,,,,,,,,,,,,,,,,,,,,,,,,,,,,,,,,,,,,,,,,,,,,,,,,
,,,2025-08-11_11h49.07.415,CFMT_CCMT_Face_recognition,03.02.2023,Win32,59.88023952,5987030cfd8cca00015cbc26,6899c7d7c4c961a016830ad3,6899c9e6bd6c17c70a8e8fea,,,,,,,,,,,,,,,,,,,,,,,,,,,,,,,,,,,,,,,,,,,,,,,,,,,,,,,,,,,,,,,,,,,,,,,,,,,,,,,,,,,,,,,,,,,,,,,,1108.1267,1108.6256,,,,,,,,,,,,,,,,,,,,,,,,1105.1265,1108.1265,0,1,1,1,1,stimuli_car/Slide8.jpg,stimuli_car/Slide11.jpg,2,,,,,,,,,,,,,,,,,,,,,,,,,,,,,,,,,,,,,,,,,,,,,,,,,,,,,,,,,,,,
,,,2025-08-11_11h49.07.415,CFMT_CCMT_Face_recognition,03.02.2023,Win32,59.88023952,5987030cfd8cca00015cbc26,6899c7d7c4c961a016830ad3,6899c9e6bd6c17c70a8e8fea,,,,,,,,,,,,,,,,,,,,,,,,,,,,,,,,,,,,,,,,,,,,,,,,,,,,,,,,,,,,,,,,,,,,,,,,,,,,,,,,,,,,,,,,,,,,,,,,1112.1265,1112.6263,,,,,,,,,,,,,,,,,,,,,,,,1109.1266,1112.1264,0,2,2,2,1,stimuli_car/Slide9.jpg,stimuli_car/Slide12.jpg,1,,,,,,,,,,,,,,,,,,,,,,,,,,,,,,,,,,,,,,,,,,,,,,,,,,,,,,,,,,,,
,,,2025-08-11_11h49.07.415,CFMT_CCMT_Face_recognition,03.02.2023,Win32,59.88023952,5987030cfd8cca00015cbc26,6899c7d7c4c961a016830ad3,6899c9e6bd6c17c70a8e8fea,,,,,,,,,,,,,,,,,,,,,,,,,,,,,,,,,,,,,,,,,,,,,,,,,,,,,,,,,,,,,,,,,,,,,,,,,,,,,,,,,,,,,,,,,,,,,,,,1121.8432,1122.3427,,,,,,,,,,,,,,,,,,,,,,,,,,,,,,,stimuli_car/Slide7.jpg,stimuli_car/Slide10.jpg,1,1112.629,1121.8431,3,0,9.185,,0,0,0,0,1,,,,,,,,,,,,,,,,,,,,,,,,,,,,,,,,,,,,,,,,,,,,,,,,,
,,,2025-08-11_11h49.07.415,CFMT_CCMT_Face_recognition,03.02.2023,Win32,59.88023952,5987030cfd8cca00015cbc26,6899c7d7c4c961a016830ad3,6899c9e6bd6c17c70a8e8fea,,,,,,,,,,,,,,,,,,,,,,,,,,,,,,,,,,,,,,,,,,,,,,,,,,,,,,,,,,,,,,,,,,,,,,,,,,,,,,,,,,,,,,,,,,,,,,,,1127.9593,1128.4592,,,,,,,,,,,,,,,,,,,,,,,,,,,,,,,stimuli_car/Slide8.jpg,stimuli_car/Slide11.jpg,2,1122.343,1127.9592,1,0,5.5873,,0,1,1,1,1,,,,,,,,,,,,,,,,,,,,,,,,,,,,,,,,,,,,,,,,,,,,,,,,,
,,,2025-08-11_11h49.07.415,CFMT_CCMT_Face_recognition,03.02.2023,Win32,59.88023952,5987030cfd8cca00015cbc26,6899c7d7c4c961a016830ad3,6899c9e6bd6c17c70a8e8fea,,,,,,,,,,,,,,,,,,,,,,,,,,,,,,,,,,,,,,,,,,,,,,,,,,,,,,,,,,,,,,,,,,,,,,,,,,,,,,,,,,,,,,,,,,,,,,,,1134.2432,1134.7423,,,,,,,,,,,,,,,,,,,,,,,,,,,,,,,stimuli_car/Slide9.jpg,stimuli_car/Slide12.jpg,1,1128.4594,1134.2432,1,1,5.7515,,0,2,2,2,1,,,,,,,,,,,,,,,,,,,,,,,,,,,,,,,,,,,,,,,,,,,,,,,,,
,,,2025-08-11_11h49.07.415,CFMT_CCMT_Face_recognition,03.02.2023,Win32,59.88023952,5987030cfd8cca00015cbc26,6899c7d7c4c961a016830ad3,6899c9e6bd6c17c70a8e8fea,,,,,,,,,,,,,,,,,,,,,,,,,,,,,,,,,,,,,,,,,,,,,,,,,,,,,,,,,,,,,,,,,,,,,,,,,,,,,,,,,,,,,,,,,,,,,,,,1142.3101,1142.8089,,,,,,,,,,,,,,,,,,,,,,1134.7426,1138.8091,1139.3091,1142.31,0,0,0,0,1,stimuli_car/Slide13.jpg,stimuli_car/Slide16.jpg,3,,,,,,,,,,,,,,,,,,,,,,,,,,,,,,,,,,,,,,,,,,,,,,,,,,,,,,,,,,,,
,,,2025-08-11_11h49.07.415,CFMT_CCMT_Face_recognition,03.02.2023,Win32,59.88023952,5987030cfd8cca00015cbc26,6899c7d7c4c961a016830ad3,6899c9e6bd6c17c70a8e8fea,,,,,,,,,,,,,,,,,,,,,,,,,,,,,,,,,,,,,,,,,,,,,,,,,,,,,,,,,,,,,,,,,,,,,,,,,,,,,,,,,,,,,,,,,,,,,,,,1146.3089,1146.8088,,,,,,,,,,,,,,,,,,,,,,,,1143.3095,1146.3089,0,1,1,1,1,stimuli_car/Slide14.jpg,stimuli_car/Slide17.jpg,1,,,,,,,,,,,,,,,,,,,,,,,,,,,,,,,,,,,,,,,,,,,,,,,,,,,,,,,,,,,,
,,,2025-08-11_11h49.07.415,CFMT_CCMT_Face_recognition,03.02.2023,Win32,59.88023952,5987030cfd8cca00015cbc26,6899c7d7c4c961a016830ad3,6899c9e6bd6c17c70a8e8fea,,,,,,,,,,,,,,,,,,,,,,,,,,,,,,,,,,,,,,,,,,,,,,,,,,,,,,,,,,,,,,,,,,,,,,,,,,,,,,,,,,,,,,,,,,,,,,,,1150.3098,1150.8095,,,,,,,,,,,,,,,,,,,,,,,,1147.3092,1150.3097,0,2,2,2,1,stimuli_car/Slide15.jpg,stimuli_car/Slide18.jpg,2,,,,,,,,,,,,,,,,,,,,,,,,,,,,,,,,,,,,,,,,,,,,,,,,,,,,,,,,,,,,
,,,2025-08-11_11h49.07.415,CFMT_CCMT_Face_recognition,03.02.2023,Win32,59.88023952,5987030cfd8cca00015cbc26,6899c7d7c4c961a016830ad3,6899c9e6bd6c17c70a8e8fea,,,,,,,,,,,,,,,,,,,,,,,,,,,,,,,,,,,,,,,,,,,,,,,,,,,,,,,,,,,,,,,,,,,,,,,,,,,,,,,,,,,,,,,,,,,,,,,,1174.4264,1174.9261,,,,,,,,,,,,,,,,,,,,,,,,,,,,,,,stimuli_car/Slide13.jpg,stimuli_car/Slide16.jpg,3,1150.8119,1174.4262,1,0,23.585,,0,0,0,0,1,,,,,,,,,,,,,,,,,,,,,,,,,,,,,,,,,,,,,,,,,,,,,,,,,
,,,2025-08-11_11h49.07.415,CFMT_CCMT_Face_recognition,03.02.2023,Win32,59.88023952,5987030cfd8cca00015cbc26,6899c7d7c4c961a016830ad3,6899c9e6bd6c17c70a8e8fea,,,,,,,,,,,,,,,,,,,,,,,,,,,,,,,,,,,,,,,,,,,,,,,,,,,,,,,,,,,,,,,,,,,,,,,,,,,,,,,,,,,,,,,,,,,,,,,,1186.8589,1187.3595,,,,,,,,,,,,,,,,,,,,,,,,,,,,,,,stimuli_car/Slide14.jpg,stimuli_car/Slide17.jpg,1,1174.9268,1186.8589,1,1,11.9074,,0,1,1,1,1,,,,,,,,,,,,,,,,,,,,,,,,,,,,,,,,,,,,,,,,,,,,,,,,,
,,,2025-08-11_11h49.07.415,CFMT_CCMT_Face_recognition,03.02.2023,Win32,59.88023952,5987030cfd8cca00015cbc26,6899c7d7c4c961a016830ad3,6899c9e6bd6c17c70a8e8fea,,,,,,,,,,,,,,,,,,,,,,,,,,,,,,,,,,,,,,,,,,,,,,,,,,,,,,,,,,,,,,,,,,,,,,,,,,,,,,,,,,,,,,,,,,,,,,,,1197.7927,1198.293,,,,,,,,,,,,,,,,,,,,,,,,,,,,,,,stimuli_car/Slide15.jpg,stimuli_car/Slide18.jpg,2,1187.3601,1197.7926,3,0,10.4018,,0,2,2,2,1,,,,,,,,,,,,,,,,,,,,,,,,,,,,,,,,,,,,,,,,,,,,,,,,,
,,,2025-08-11_11h49.07.415,CFMT_CCMT_Face_recognition,03.02.2023,Win32,59.88023952,5987030cfd8cca00015cbc26,6899c7d7c4c961a016830ad3,6899c9e6bd6c17c70a8e8fea,,,,,,,,,,,,,,,,,,,,,,,,,,,,,,,,,,,,,,,,,,,,,,,,,,,,,,,,,,,,,,,,,,,,,,,,,,,,,,,,,,,,,,,,,,,,,,,,1207.6763,1208.1761,,,,,,,,,,,,,,,,,,,,,,1198.2935,1204.1765,1204.6761,1207.6762,0,0,0,0,1,stimuli_car/Slide19.jpg,stimuli_car/Slide22.jpg,2,,,,,,,,,,,,,,,,,,,,,,,,,,,,,,,,,,,,,,,,,,,,,,,,,,,,,,,,,,,,
,,,2025-08-11_11h49.07.415,CFMT_CCMT_Face_recognition,03.02.2023,Win32,59.88023952,5987030cfd8cca00015cbc26,6899c7d7c4c961a016830ad3,6899c9e6bd6c17c70a8e8fea,,,,,,,,,,,,,,,,,,,,,,,,,,,,,,,,,,,,,,,,,,,,,,,,,,,,,,,,,,,,,,,,,,,,,,,,,,,,,,,,,,,,,,,,,,,,,,,,1211.6763,1212.1759,,,,,,,,,,,,,,,,,,,,,,,,1208.6756,1211.6763,0,1,1,1,1,stimuli_car/Slide20.jpg,stimuli_car/Slide23.jpg,2,,,,,,,,,,,,,,,,,,,,,,,,,,,,,,,,,,,,,,,,,,,,,,,,,,,,,,,,,,,,
,,,2025-08-11_11h49.07.415,CFMT_CCMT_Face_recognition,03.02.2023,Win32,59.88023952,5987030cfd8cca00015cbc26,6899c7d7c4c961a016830ad3,6899c9e6bd6c17c70a8e8fea,,,,,,,,,,,,,,,,,,,,,,,,,,,,,,,,,,,,,,,,,,,,,,,,,,,,,,,,,,,,,,,,,,,,,,,,,,,,,,,,,,,,,,,,,,,,,,,,1215.6763,1216.1761,,,,,,,,,,,,,,,,,,,,,,,,1212.6756,1215.6762,0,2,2,2,1,stimuli_car/Slide21.jpg,stimuli_car/Slide24.jpg,3,,,,,,,,,,,,,,,,,,,,,,,,,,,,,,,,,,,,,,,,,,,,,,,,,,,,,,,,,,,,
,,,2025-08-11_11h49.07.415,CFMT_CCMT_Face_recognition,03.02.2023,Win32,59.88023952,5987030cfd8cca00015cbc26,6899c7d7c4c961a016830ad3,6899c9e6bd6c17c70a8e8fea,,,,,,,,,,,,,,,,,,,,,,,,,,,,,,,,,,,,,,,,,,,,,,,,,,,,,,,,,,,,,,,,,,,,,,,,,,,,,,,,,,,,,,,,,,,,,,,,1248.4594,1248.9593,,,,,,,,,,,,,,,,,,,,,,,,,,,,,,,stimuli_car/Slide19.jpg,stimuli_car/Slide22.jpg,2,1216.179,1248.4593,1,0,32.2593,,0,0,0,0,1,,,,,,,,,,,,,,,,,,,,,,,,,,,,,,,,,,,,,,,,,,,,,,,,,
,,,2025-08-11_11h49.07.415,CFMT_CCMT_Face_recognition,03.02.2023,Win32,59.88023952,5987030cfd8cca00015cbc26,6899c7d7c4c961a016830ad3,6899c9e6bd6c17c70a8e8fea,,,,,,,,,,,,,,,,,,,,,,,,,,,,,,,,,,,,,,,,,,,,,,,,,,,,,,,,,,,,,,,,,,,,,,,,,,,,,,,,,,,,,,,,,,,,,,,,1252.0763,1252.5754,,,,,,,,,,,,,,,,,,,,,,,,,,,,,,,stimuli_car/Slide20.jpg,stimuli_car/Slide23.jpg,2,1248.9604,1252.0761,2,1,3.0896,,0,1,1,1,1,,,,,,,,,,,,,,,,,,,,,,,,,,,,,,,,,,,,,,,,,,,,,,,,,
,,,2025-08-11_11h49.07.415,CFMT_CCMT_Face_recognition,03.02.2023,Win32,59.88023952,5987030cfd8cca00015cbc26,6899c7d7c4c961a016830ad3,6899c9e6bd6c17c70a8e8fea,,,,,,,,,,,,,,,,,,,,,,,,,,,,,,,,,,,,,,,,,,,,,,,,,,,,,,,,,,,,,,,,,,,,,,,,,,,,,,,,,,,,,,,,,,,,,,,,1255.4097,1255.9093,,,,,,,,,,,,,,,,,,,,,,,,,,,,,,,stimuli_car/Slide21.jpg,stimuli_car/Slide24.jpg,3,1252.5757,1255.4097,3,1,2.8106,,0,2,2,2,1,,,,,,,,,,,,,,,,,,,,,,,,,,,,,,,,,,,,,,,,,,,,,,,,,
,,,2025-08-11_11h49.07.415,CFMT_CCMT_Face_recognition,03.02.2023,Win32,59.88023952,5987030cfd8cca00015cbc26,6899c7d7c4c961a016830ad3,6899c9e6bd6c17c70a8e8fea,,,,,,,,,,,,,,,,,,,,,,,,,,,,,,,,,,,,,,,,,,,,,,,,,,,,,,,,,,,,,,,,,,,,,,,,,,,,,,,,,,,,,,,,,,,,,,,,1273.5264,1274.0263,,,,,,,,,,,,,,,,,,,,,,1255.9099,1270.0264,1270.5265,1273.5263,0,0,0,0,1,stimuli_car/Slide25.jpg,stimuli_car/Slide28.jpg,2,,,,,,,,,,,,,,,,,,,,,,,,,,,,,,,,,,,,,,,,,,,,,,,,,,,,,,,,,,,,
,,,2025-08-11_11h49.07.415,CFMT_CCMT_Face_recognition,03.02.2023,Win32,59.88023952,5987030cfd8cca00015cbc26,6899c7d7c4c961a016830ad3,6899c9e6bd6c17c70a8e8fea,,,,,,,,,,,,,,,,,,,,,,,,,,,,,,,,,,,,,,,,,,,,,,,,,,,,,,,,,,,,,,,,,,,,,,,,,,,,,,,,,,,,,,,,,,,,,,,,1277.5264,1278.0262,,,,,,,,,,,,,,,,,,,,,,,,1274.5264,1277.5263,0,1,1,1,1,stimuli_car/Slide26.jpg,stimuli_car/Slide29.jpg,1,,,,,,,,,,,,,,,,,,,,,,,,,,,,,,,,,,,,,,,,,,,,,,,,,,,,,,,,,,,,
,,,2025-08-11_11h49.07.415,CFMT_CCMT_Face_recognition,03.02.2023,Win32,59.88023952,5987030cfd8cca00015cbc26,6899c7d7c4c961a016830ad3,6899c9e6bd6c17c70a8e8fea,,,,,,,,,,,,,,,,,,,,,,,,,,,,,,,,,,,,,,,,,,,,,,,,,,,,,,,,,,,,,,,,,,,,,,,,,,,,,,,,,,,,,,,,,,,,,,,,1281.5263,1282.0263,,,,,,,,,,,,,,,,,,,,,,,,1278.5259,1281.5263,0,2,2,2,1,stimuli_car/Slide27.jpg,stimuli_car/Slide30.jpg,3,,,,,,,,,,,,,,,,,,,,,,,,,,,,,,,,,,,,,,,,,,,,,,,,,,,,,,,,,,,,
,,,2025-08-11_11h49.07.415,CFMT_CCMT_Face_recognition,03.02.2023,Win32,59.88023952,5987030cfd8cca00015cbc26,6899c7d7c4c961a016830ad3,6899c9e6bd6c17c70a8e8fea,,,,,,,,,,,,,,,,,,,,,,,,,,,,,,,,,,,,,,,,,,,,,,,,,,,,,,,,,,,,,,,,,,,,,,,,,,,,,,,,,,,,,,,,,,,,,,,,1286.7091,1287.2096,,,,,,,,,,,,,,,,,,,,,,,,,,,,,,,stimuli_car/Slide25.jpg,stimuli_car/Slide28.jpg,2,1282.029,1286.709,2,1,4.6642,,0,0,0,0,1,,,,,,,,,,,,,,,,,,,,,,,,,,,,,,,,,,,,,,,,,,,,,,,,,
,,,2025-08-11_11h49.07.415,CFMT_CCMT_Face_recognition,03.02.2023,Win32,59.88023952,5987030cfd8cca00015cbc26,6899c7d7c4c961a016830ad3,6899c9e6bd6c17c70a8e8fea,,,,,,,,,,,,,,,,,,,,,,,,,,,,,,,,,,,,,,,,,,,,,,,,,,,,,,,,,,,,,,,,,,,,,,,,,,,,,,,,,,,,,,,,,,,,,,,,1292.3597,1292.8587,,,,,,,,,,,,,,,,,,,,,,,,,,,,,,,stimuli_car/Slide26.jpg,stimuli_car/Slide29.jpg,1,1287.2102,1292.3597,1,1,5.1192,,0,1,1,1,1,,,,,,,,,,,,,,,,,,,,,,,,,,,,,,,,,,,,,,,,,,,,,,,,,
,,,2025-08-11_11h49.07.415,CFMT_CCMT_Face_recognition,03.02.2023,Win32,59.88023952,5987030cfd8cca00015cbc26,6899c7d7c4c961a016830ad3,6899c9e6bd6c17c70a8e8fea,,,,,,,,,,,,,,,,,,,,,,,,,,,,,,,,,,,,,,,,,,,,,,,,,,,,,,,,,,,,,,,,,,,,,,,,,,,,,,,,,,,,,,,,,,,,,,,,1295.0263,1295.5259,,,,,,,,,,,,,,,,,,,,,,,,,,,,,,,stimuli_car/Slide27.jpg,stimuli_car/Slide30.jpg,3,1292.859,1295.0263,2,0,2.1436,,0,2,2,2,1,,,,,,,,,,,,,,,,,,,,,,,,,,,,,,,,,,,,,,,,,,,,,,,,,
,,,2025-08-11_11h49.07.415,CFMT_CCMT_Face_recognition,03.02.2023,Win32,59.88023952,5987030cfd8cca00015cbc26,6899c7d7c4c961a016830ad3,6899c9e6bd6c17c70a8e8fea,,,,,,,,,,,,,,,,,,,,,,,,,,,,,,,,,,,,,,,,,,,,,,,,,,,,,,,,,,,,,,,,,,,,,,,,,,,,,,,,,,,,,,,,,,,,,,,,1312.4093,1312.9093,,,,,,,,,,,,,,,,,,,,,,1295.5264,1308.9088,1309.4097,1312.4092,0,0,0,0,1,stimuli_car/Slide31.jpg,stimuli_car/Slide34.jpg,1,,,,,,,,,,,,,,,,,,,,,,,,,,,,,,,,,,,,,,,,,,,,,,,,,,,,,,,,,,,,
,,,2025-08-11_11h49.07.415,CFMT_CCMT_Face_recognition,03.02.2023,Win32,59.88023952,5987030cfd8cca00015cbc26,6899c7d7c4c961a016830ad3,6899c9e6bd6c17c70a8e8fea,,,,,,,,,,,,,,,,,,,,,,,,,,,,,,,,,,,,,,,,,,,,,,,,,,,,,,,,,,,,,,,,,,,,,,,,,,,,,,,,,,,,,,,,,,,,,,,,1316.4096,1316.9088,,,,,,,,,,,,,,,,,,,,,,,,1313.4093,1316.4096,0,1,1,1,1,stimuli_car/Slide32.jpg,stimuli_car/Slide35.jpg,2,,,,,,,,,,,,,,,,,,,,,,,,,,,,,,,,,,,,,,,,,,,,,,,,,,,,,,,,,,,,
,,,2025-08-11_11h49.07.415,CFMT_CCMT_Face_recognition,03.02.2023,Win32,59.88023952,5987030cfd8cca00015cbc26,6899c7d7c4c961a016830ad3,6899c9e6bd6c17c70a8e8fea,,,,,,,,,,,,,,,,,,,,,,,,,,,,,,,,,,,,,,,,,,,,,,,,,,,,,,,,,,,,,,,,,,,,,,,,,,,,,,,,,,,,,,,,,,,,,,,,1320.4096,1320.9095,,,,,,,,,,,,,,,,,,,,,,,,1317.4096,1320.4095,0,2,2,2,1,stimuli_car/Slide33.jpg,stimuli_car/Slide36.jpg,3,,,,,,,,,,,,,,,,,,,,,,,,,,,,,,,,,,,,,,,,,,,,,,,,,,,,,,,,,,,,
,,,2025-08-11_11h49.07.415,CFMT_CCMT_Face_recognition,03.02.2023,Win32,59.88023952,5987030cfd8cca00015cbc26,6899c7d7c4c961a016830ad3,6899c9e6bd6c17c70a8e8fea,,,,,,,,,,,,,,,,,,,,,,,,,,,,,,,,,,,,,,,,,,,,,,,,,,,,,,,,,,,,,,,,,,,,,,,,,,,,,,,,,,,,,,,,,,,,,,,,1331.9261,1332.4258,,,,,,,,,,,,,,,,,,,,,,,,,,,,,,,stimuli_car/Slide31.jpg,stimuli_car/Slide34.jpg,1,1320.9119,1331.926,3,0,10.9893,,0,0,0,0,1,,,,,,,,,,,,,,,,,,,,,,,,,,,,,,,,,,,,,,,,,,,,,,,,,
,,,2025-08-11_11h49.07.415,CFMT_CCMT_Face_recognition,03.02.2023,Win32,59.88023952,5987030cfd8cca00015cbc26,6899c7d7c4c961a016830ad3,6899c9e6bd6c17c70a8e8fea,,,,,,,,,,,,,,,,,,,,,,,,,,,,,,,,,,,,,,,,,,,,,,,,,,,,,,,,,,,,,,,,,,,,,,,,,,,,,,,,,,,,,,,,,,,,,,,,1338.0263,1338.5264,,,,,,,,,,,,,,,,,,,,,,,,,,,,,,,stimuli_car/Slide32.jpg,stimuli_car/Slide35.jpg,2,1332.4261,1338.0262,2,1,5.576,,0,1,1,1,1,,,,,,,,,,,,,,,,,,,,,,,,,,,,,,,,,,,,,,,,,,,,,,,,,
,,,2025-08-11_11h49.07.415,CFMT_CCMT_Face_recognition,03.02.2023,Win32,59.88023952,5987030cfd8cca00015cbc26,6899c7d7c4c961a016830ad3,6899c9e6bd6c17c70a8e8fea,,,,,,,,,,,,,,,,,,,,,,,,,,,,,,,,,,,,,,,,,,,,,,,,,,,,,,,,,,,,,,,,,,,,,,,,,,,,,,,,,,,,,,,,,,,,,,,,1342.126,1342.6263,,,,,,,,,,,,,,,,,,,,,,,,,,,,,,,stimuli_car/Slide33.jpg,stimuli_car/Slide36.jpg,3,1338.5272,1342.126,3,1,3.5674,,0,2,2,2,1,,,,,,,,,,,,,,,,,,,,,,,,,,,,,,,,,,,,,,,,,,,,,,,,,
,,,2025-08-11_11h49.07.415,CFMT_CCMT_Face_recognition,03.02.2023,Win32,59.88023952,5987030cfd8cca00015cbc26,6899c7d7c4c961a016830ad3,6899c9e6bd6c17c70a8e8fea,,,,,,,,,,,,,,,,,,,,,,,,,,,,,,,,,,,,,,,,,,,,,,,,,,,,,,,,,,,,,,,,,,,,,,,,,,,,,,,,,,,,,,,,,,,,,,,,1385.5091,1386.0092,,,,,,,,,,,,,,,,,,,,,,,,,,,,,,,,,,,,,,,,,,,,,1342.6266,1348.6433,1349.1428,1369.1426,1369.6434,1375.1256,1375.629,1375.6298,1375.6299,1375.6302,1375.6328,1385.5091,3,0,9.865,,0,0,0,0,1,stimuli_car/Slide38.jpg,2,,,,,,,,,,,,,,,,,,,,,,,,,,
,,,2025-08-11_11h49.07.415,CFMT_CCMT_Face_recognition,03.02.2023,Win32,59.88023952,5987030cfd8cca00015cbc26,6899c7d7c4c961a016830ad3,6899c9e6bd6c17c70a8e8fea,,,,,,,,,,,,,,,,,,,,,,,,,,,,,,,,,,,,,,,,,,,,,,,,,,,,,,,,,,,,,,,,,,,,,,,,,,,,,,,,,,,,,,,,,,,,,,,,1392.2266,1392.7261,,,,,,,,,,,,,,,,,,,,,,,,,,,,,,,,,,,,,,,,,,,,,,,,,,,,,,,1386.0098,1392.2263,1,1,6.1828,,0,1,1,1,1,stimuli_car/Slide39.jpg,1,,,,,,,,,,,,,,,,,,,,,,,,,,
,,,2025-08-11_11h49.07.415,CFMT_CCMT_Face_recognition,03.02.2023,Win32,59.88023952,5987030cfd8cca00015cbc26,6899c7d7c4c961a016830ad3,6899c9e6bd6c17c70a8e8fea,,,,,,,,,,,,,,,,,,,,,,,,,,,,,,,,,,,,,,,,,,,,,,,,,,,,,,,,,,,,,,,,,,,,,,,,,,,,,,,,,,,,,,,,,,,,,,,,1400.3593,1400.8586,,,,,,,,,,,,,,,,,,,,,,,,,,,,,,,,,,,,,,,,,,,,,,,,,,,,,,,1392.7268,1400.3593,3,0,7.6047,,0,2,2,2,1,stimuli_car/Slide40.jpg,1,,,,,,,,,,,,,,,,,,,,,,,,,,
,,,2025-08-11_11h49.07.415,CFMT_CCMT_Face_recognition,03.02.2023,Win32,59.88023952,5987030cfd8cca00015cbc26,6899c7d7c4c961a016830ad3,6899c9e6bd6c17c70a8e8fea,,,,,,,,,,,,,,,,,,,,,,,,,,,,,,,,,,,,,,,,,,,,,,,,,,,,,,,,,,,,,,,,,,,,,,,,,,,,,,,,,,,,,,,,,,,,,,,,1416.0594,1416.5594,,,,,,,,,,,,,,,,,,,,,,,,,,,,,,,,,,,,,,,,,,,,,,,,,,,,,,,1400.8589,1416.0594,3,1,15.1682,,0,3,3,3,1,stimuli_car/Slide41.jpg,3,,,,,,,,,,,,,,,,,,,,,,,,,,
,,,2025-08-11_11h49.07.415,CFMT_CCMT_Face_recognition,03.02.2023,Win32,59.88023952,5987030cfd8cca00015cbc26,6899c7d7c4c961a016830ad3,6899c9e6bd6c17c70a8e8fea,,,,,,,,,,,,,,,,,,,,,,,,,,,,,,,,,,,,,,,,,,,,,,,,,,,,,,,,,,,,,,,,,,,,,,,,,,,,,,,,,,,,,,,,,,,,,,,,1421.3427,1421.8424,,,,,,,,,,,,,,,,,,,,,,,,,,,,,,,,,,,,,,,,,,,,,,,,,,,,,,,1416.56,1421.3427,2,1,4.754,,0,4,4,4,1,stimuli_car/Slide42.jpg,2,,,,,,,,,,,,,,,,,,,,,,,,,,
,,,2025-08-11_11h49.07.415,CFMT_CCMT_Face_recognition,03.02.2023,Win32,59.88023952,5987030cfd8cca00015cbc26,6899c7d7c4c961a016830ad3,6899c9e6bd6c17c70a8e8fea,,,,,,,,,,,,,,,,,,,,,,,,,,,,,,,,,,,,,,,,,,,,,,,,,,,,,,,,,,,,,,,,,,,,,,,,,,,,,,,,,,,,,,,,,,,,,,,,1431.6428,1432.1427,,,,,,,,,,,,,,,,,,,,,,,,,,,,,,,,,,,,,,,,,,,,,,,,,,,,,,,1421.8429,1431.6427,3,0,9.7757,,0,5,5,5,1,stimuli_car/Slide43.jpg,1,,,,,,,,,,,,,,,,,,,,,,,,,,
,,,2025-08-11_11h49.07.415,CFMT_CCMT_Face_recognition,03.02.2023,Win32,59.88023952,5987030cfd8cca00015cbc26,6899c7d7c4c961a016830ad3,6899c9e6bd6c17c70a8e8fea,,,,,,,,,,,,,,,,,,,,,,,,,,,,,,,,,,,,,,,,,,,,,,,,,,,,,,,,,,,,,,,,,,,,,,,,,,,,,,,,,,,,,,,,,,,,,,,,1437.5097,1438.0093,,,,,,,,,,,,,,,,,,,,,,,,,,,,,,,,,,,,,,,,,,,,,,,,,,,,,,,1432.1431,1437.5094,3,1,5.3383,,0,6,6,6,1,stimuli_car/Slide44.jpg,3,,,,,,,,,,,,,,,,,,,,,,,,,,
,,,2025-08-11_11h49.07.415,CFMT_CCMT_Face_recognition,03.02.2023,Win32,59.88023952,5987030cfd8cca00015cbc26,6899c7d7c4c961a016830ad3,6899c9e6bd6c17c70a8e8fea,,,,,,,,,,,,,,,,,,,,,,,,,,,,,,,,,,,,,,,,,,,,,,,,,,,,,,,,,,,,,,,,,,,,,,,,,,,,,,,,,,,,,,,,,,,,,,,,1443.6598,1444.1588,,,,,,,,,,,,,,,,,,,,,,,,,,,,,,,,,,,,,,,,,,,,,,,,,,,,,,,1438.01,1443.6597,1,1,5.6259,,0,7,7,7,1,stimuli_car/Slide45.jpg,1,,,,,,,,,,,,,,,,,,,,,,,,,,
,,,2025-08-11_11h49.07.415,CFMT_CCMT_Face_recognition,03.02.2023,Win32,59.88023952,5987030cfd8cca00015cbc26,6899c7d7c4c961a016830ad3,6899c9e6bd6c17c70a8e8fea,,,,,,,,,,,,,,,,,,,,,,,,,,,,,,,,,,,,,,,,,,,,,,,,,,,,,,,,,,,,,,,,,,,,,,,,,,,,,,,,,,,,,,,,,,,,,,,,1451.7253,1452.2258,,,,,,,,,,,,,,,,,,,,,,,,,,,,,,,,,,,,,,,,,,,,,,,,,,,,,,,1444.1591,1451.7253,1,1,7.5376,,0,8,8,8,1,stimuli_car/Slide46.jpg,1,,,,,,,,,,,,,,,,,,,,,,,,,,
,,,2025-08-11_11h49.07.415,CFMT_CCMT_Face_recognition,03.02.2023,Win32,59.88023952,5987030cfd8cca00015cbc26,6899c7d7c4c961a016830ad3,6899c9e6bd6c17c70a8e8fea,,,,,,,,,,,,,,,,,,,,,,,,,,,,,,,,,,,,,,,,,,,,,,,,,,,,,,,,,,,,,,,,,,,,,,,,,,,,,,,,,,,,,,,,,,,,,,,,1463.1926,1463.6927,,,,,,,,,,,,,,,,,,,,,,,,,,,,,,,,,,,,,,,,,,,,,,,,,,,,,,,1452.2264,1463.1925,2,0,10.9437,,0,9,9,9,1,stimuli_car/Slide47.jpg,3,,,,,,,,,,,,,,,,,,,,,,,,,,
,,,2025-08-11_11h49.07.415,CFMT_CCMT_Face_recognition,03.02.2023,Win32,59.88023952,5987030cfd8cca00015cbc26,6899c7d7c4c961a016830ad3,6899c9e6bd6c17c70a8e8fea,,,,,,,,,,,,,,,,,,,,,,,,,,,,,,,,,,,,,,,,,,,,,,,,,,,,,,,,,,,,,,,,,,,,,,,,,,,,,,,,,,,,,,,,,,,,,,,,1472.8926,1473.3922,,,,,,,,,,,,,,,,,,,,,,,,,,,,,,,,,,,,,,,,,,,,,,,,,,,,,,,1463.6931,1472.8926,3,1,9.1686,,0,10,10,10,1,stimuli_car/Slide48.jpg,3,,,,,,,,,,,,,,,,,,,,,,,,,,
,,,2025-08-11_11h49.07.415,CFMT_CCMT_Face_recognition,03.02.2023,Win32,59.88023952,5987030cfd8cca00015cbc26,6899c7d7c4c961a016830ad3,6899c9e6bd6c17c70a8e8fea,,,,,,,,,,,,,,,,,,,,,,,,,,,,,,,,,,,,,,,,,,,,,,,,,,,,,,,,,,,,,,,,,,,,,,,,,,,,,,,,,,,,,,,,,,,,,,,,1491.826,1492.3256,,,,,,,,,,,,,,,,,,,,,,,,,,,,,,,,,,,,,,,,,,,,,,,,,,,,,,,1473.3928,1491.826,3,1,18.4016,,0,11,11,11,1,stimuli_car/Slide49.jpg,3,,,,,,,,,,,,,,,,,,,,,,,,,,
,,,2025-08-11_11h49.07.415,CFMT_CCMT_Face_recognition,03.02.2023,Win32,59.88023952,5987030cfd8cca00015cbc26,6899c7d7c4c961a016830ad3,6899c9e6bd6c17c70a8e8fea,,,,,,,,,,,,,,,,,,,,,,,,,,,,,,,,,,,,,,,,,,,,,,,,,,,,,,,,,,,,,,,,,,,,,,,,,,,,,,,,,,,,,,,,,,,,,,,,1499.0253,1499.526,,,,,,,,,,,,,,,,,,,,,,,,,,,,,,,,,,,,,,,,,,,,,,,,,,,,,,,1492.326,1499.0252,2,1,6.6749,,0,12,12,12,1,stimuli_car/Slide50.jpg,2,,,,,,,,,,,,,,,,,,,,,,,,,,
,,,2025-08-11_11h49.07.415,CFMT_CCMT_Face_recognition,03.02.2023,Win32,59.88023952,5987030cfd8cca00015cbc26,6899c7d7c4c961a016830ad3,6899c9e6bd6c17c70a8e8fea,,,,,,,,,,,,,,,,,,,,,,,,,,,,,,,,,,,,,,,,,,,,,,,,,,,,,,,,,,,,,,,,,,,,,,,,,,,,,,,,,,,,,,,,,,,,,,,,1508.9087,1509.4093,,,,,,,,,,,,,,,,,,,,,,,,,,,,,,,,,,,,,,,,,,,,,,,,,,,,,,,1499.5266,1508.9086,2,1,9.3635,,0,13,13,13,1,stimuli_car/Slide51.jpg,2,,,,,,,,,,,,,,,,,,,,,,,,,,
,,,2025-08-11_11h49.07.415,CFMT_CCMT_Face_recognition,03.02.2023,Win32,59.88023952,5987030cfd8cca00015cbc26,6899c7d7c4c961a016830ad3,6899c9e6bd6c17c70a8e8fea,,,,,,,,,,,,,,,,,,,,,,,,,,,,,,,,,,,,,,,,,,,,,,,,,,,,,,,,,,,,,,,,,,,,,,,,,,,,,,,,,,,,,,,,,,,,,,,,1520.6761,1521.1751,,,,,,,,,,,,,,,,,,,,,,,,,,,,,,,,,,,,,,,,,,,,,,,,,,,,,,,1509.4099,1520.676,2,0,11.2413,,0,14,14,14,1,stimuli_car/Slide52.jpg,3,,,,,,,,,,,,,,,,,,,,,,,,,,
,,,2025-08-11_11h49.07.415,CFMT_CCMT_Face_recognition,03.02.2023,Win32,59.88023952,5987030cfd8cca00015cbc26,6899c7d7c4c961a016830ad3,6899c9e6bd6c17c70a8e8fea,,,,,,,,,,,,,,,,,,,,,,,,,,,,,,,,,,,,,,,,,,,,,,,,,,,,,,,,,,,,,,,,,,,,,,,,,,,,,,,,,,,,,,,,,,,,,,,,1541.7093,1542.2092,,,,,,,,,,,,,,,,,,,,,,,,,,,,,,,,,,,,,,,,,,,,,,,,,,,,,,,1521.1754,1541.7093,3,0,20.5073,,0,15,15,15,1,stimuli_car/Slide53.jpg,2,,,,,,,,,,,,,,,,,,,,,,,,,,
,,,2025-08-11_11h49.07.415,CFMT_CCMT_Face_recognition,03.02.2023,Win32,59.88023952,5987030cfd8cca00015cbc26,6899c7d7c4c961a016830ad3,6899c9e6bd6c17c70a8e8fea,,,,,,,,,,,,,,,,,,,,,,,,,,,,,,,,,,,,,,,,,,,,,,,,,,,,,,,,,,,,,,,,,,,,,,,,,,,,,,,,,,,,,,,,,,,,,,,,1548.3087,1548.8089,,,,,,,,,,,,,,,,,,,,,,,,,,,,,,,,,,,,,,,,,,,,,,,,,,,,,,,1542.2097,1548.3087,1,1,6.0805,,0,16,16,16,1,stimuli_car/Slide54.jpg,1,,,,,,,,,,,,,,,,,,,,,,,,,,
,,,2025-08-11_11h49.07.415,CFMT_CCMT_Face_recognition,03.02.2023,Win32,59.88023952,5987030cfd8cca00015cbc26,6899c7d7c4c961a016830ad3,6899c9e6bd6c17c70a8e8fea,,,,,,,,,,,,,,,,,,,,,,,,,,,,,,,,,,,,,,,,,,,,,,,,,,,,,,,,,,,,,,,,,,,,,,,,,,,,,,,,,,,,,,,,,,,,,,,,1576.1264,1576.6259,,,,,,,,,,,,,,,,,,,,,,,,,,,,,,,,,,,,,,,,,,,,,,,,,,,,,,,1548.8092,1576.1263,2,0,27.2838,,0,17,17,17,1,stimuli_car/Slide55.jpg,1,,,,,,,,,,,,,,,,,,,,,,,,,,
,,,2025-08-11_11h49.07.415,CFMT_CCMT_Face_recognition,03.02.2023,Win32,59.88023952,5987030cfd8cca00015cbc26,6899c7d7c4c961a016830ad3,6899c9e6bd6c17c70a8e8fea,,,,,,,,,,,,,,,,,,,,,,,,,,,,,,,,,,,,,,,,,,,,,,,,,,,,,,,,,,,,,,,,,,,,,,,,,,,,,,,,,,,,,,,,,,,,,,,,1585.7926,1586.2925,,,,,,,,,,,,,,,,,,,,,,,,,,,,,,,,,,,,,,,,,,,,,,,,,,,,,,,1576.6267,1585.7925,2,1,9.1442,,0,18,18,18,1,stimuli_car/Slide56.jpg,2,,,,,,,,,,,,,,,,,,,,,,,,,,
,,,2025-08-11_11h49.07.415,CFMT_CCMT_Face_recognition,03.02.2023,Win32,59.88023952,5987030cfd8cca00015cbc26,6899c7d7c4c961a016830ad3,6899c9e6bd6c17c70a8e8fea,,,,,,,,,,,,,,,,,,,,,,,,,,,,,,,,,,,,,,,,,,,,,,,,,,,,,,,,,,,,,,,,,,,,,,,,,,,,,,,,,,,,,,,,,,,,,,,,1596.8592,1597.3584,,,,,,,,,,,,,,,,,,,,,,,,,,,,,,,,,,,,,,,,,,,,,,,,,,,,,,,1586.2927,1596.8591,1,1,10.5411,,0,19,19,19,1,stimuli_car/Slide57.jpg,1,,,,,,,,,,,,,,,,,,,,,,,,,,
,,,2025-08-11_11h49.07.415,CFMT_CCMT_Face_recognition,03.02.2023,Win32,59.88023952,5987030cfd8cca00015cbc26,6899c7d7c4c961a016830ad3,6899c9e6bd6c17c70a8e8fea,,,,,,,,,,,,,,,,,,,,,,,,,,,,,,,,,,,,,,,,,,,,,,,,,,,,,,,,,,,,,,,,,,,,,,,,,,,,,,,,,,,,,,,,,,,,,,,,1608.1754,1608.6758,,,,,,,,,,,,,,,,,,,,,,,,,,,,,,,,,,,,,,,,,,,,,,,,,,,,,,,1597.3588,1608.1754,1,1,10.7963,,0,20,20,20,1,stimuli_car/Slide58.jpg,1,,,,,,,,,,,,,,,,,,,,,,,,,,
,,,2025-08-11_11h49.07.415,CFMT_CCMT_Face_recognition,03.02.2023,Win32,59.88023952,5987030cfd8cca00015cbc26,6899c7d7c4c961a016830ad3,6899c9e6bd6c17c70a8e8fea,,,,,,,,,,,,,,,,,,,,,,,,,,,,,,,,,,,,,,,,,,,,,,,,,,,,,,,,,,,,,,,,,,,,,,,,,,,,,,,,,,,,,,,,,,,,,,,,1613.9256,1614.4258,,,,,,,,,,,,,,,,,,,,,,,,,,,,,,,,,,,,,,,,,,,,,,,,,,,,,,,1608.6764,1613.9256,1,1,5.2223,,0,21,21,21,1,stimuli_car/Slide59.jpg,1,,,,,,,,,,,,,,,,,,,,,,,,,,
,,,2025-08-11_11h49.07.415,CFMT_CCMT_Face_recognition,03.02.2023,Win32,59.88023952,5987030cfd8cca00015cbc26,6899c7d7c4c961a016830ad3,6899c9e6bd6c17c70a8e8fea,,,,,,,,,,,,,,,,,,,,,,,,,,,,,,,,,,,,,,,,,,,,,,,,,,,,,,,,,,,,,,,,,,,,,,,,,,,,,,,,,,,,,,,,,,,,,,,,1620.8421,1621.3421,,,,,,,,,,,,,,,,,,,,,,,,,,,,,,,,,,,,,,,,,,,,,,,,,,,,,,,1614.4264,1620.842,3,1,6.3839,,0,22,22,22,1,stimuli_car/Slide60.jpg,3,,,,,,,,,,,,,,,,,,,,,,,,,,
,,,2025-08-11_11h49.07.415,CFMT_CCMT_Face_recognition,03.02.2023,Win32,59.88023952,5987030cfd8cca00015cbc26,6899c7d7c4c961a016830ad3,6899c9e6bd6c17c70a8e8fea,,,,,,,,,,,,,,,,,,,,,,,,,,,,,,,,,,,,,,,,,,,,,,,,,,,,,,,,,,,,,,,,,,,,,,,,,,,,,,,,,,,,,,,,,,,,,,,,1625.7092,1626.2088,,,,,,,,,,,,,,,,,,,,,,,,,,,,,,,,,,,,,,,,,,,,,,,,,,,,,,,1621.3427,1625.7092,1,0,4.3387,,0,23,23,23,1,stimuli_car/Slide61.jpg,2,,,,,,,,,,,,,,,,,,,,,,,,,,
,,,2025-08-11_11h49.07.415,CFMT_CCMT_Face_recognition,03.02.2023,Win32,59.88023952,5987030cfd8cca00015cbc26,6899c7d7c4c961a016830ad3,6899c9e6bd6c17c70a8e8fea,,,,,,,,,,,,,,,,,,,,,,,,,,,,,,,,,,,,,,,,,,,,,,,,,,,,,,,,,,,,,,,,,,,,,,,,,,,,,,,,,,,,,,,,,,,,,,,,1677.2418,1677.7422,,,,,,,,,,,,,,,,,,,,,,,,,,,,,,,,,,,,,,,,,,,,,,,,,,,,,,,1626.2095,1677.2417,2,1,51.0007,,0,24,24,24,1,stimuli_car/Slide62.jpg,2,,,,,,,,,,,,,,,,,,,,,,,,,,
,,,2025-08-11_11h49.07.415,CFMT_CCMT_Face_recognition,03.02.2023,Win32,59.88023952,5987030cfd8cca00015cbc26,6899c7d7c4c961a016830ad3,6899c9e6bd6c17c70a8e8fea,,,,,,,,,,,,,,,,,,,,,,,,,,,,,,,,,,,,,,,,,,,,,,,,,,,,,,,,,,,,,,,,,,,,,,,,,,,,,,,,,,,,,,,,,,,,,,,,1685.9092,1686.409,,,,,,,,,,,,,,,,,,,,,,,,,,,,,,,,,,,,,,,,,,,,,,,,,,,,,,,1677.7425,1685.9091,2,0,8.1392,,0,25,25,25,1,stimuli_car/Slide63.jpg,3,,,,,,,,,,,,,,,,,,,,,,,,,,
,,,2025-08-11_11h49.07.415,CFMT_CCMT_Face_recognition,03.02.2023,Win32,59.88023952,5987030cfd8cca00015cbc26,6899c7d7c4c961a016830ad3,6899c9e6bd6c17c70a8e8fea,,,,,,,,,,,,,,,,,,,,,,,,,,,,,,,,,,,,,,,,,,,,,,,,,,,,,,,,,,,,,,,,,,,,,,,,,,,,,,,,,,,,,,,,,,,,,,,,1697.5249,1698.0252,,,,,,,,,,,,,,,,,,,,,,,,,,,,,,,,,,,,,,,,,,,,,,,,,,,,,,,1686.4097,1697.5248,2,1,11.0975,,0,26,26,26,1,stimuli_car/Slide64.jpg,2,,,,,,,,,,,,,,,,,,,,,,,,,,
,,,2025-08-11_11h49.07.415,CFMT_CCMT_Face_recognition,03.02.2023,Win32,59.88023952,5987030cfd8cca00015cbc26,6899c7d7c4c961a016830ad3,6899c9e6bd6c17c70a8e8fea,,,,,,,,,,,,,,,,,,,,,,,,,,,,,,,,,,,,,,,,,,,,,,,,,,,,,,,,,,,,,,,,,,,,,,,,,,,,,,,,,,,,,,,,,,,,,,,,1706.8921,1707.3916,,,,,,,,,,,,,,,,,,,,,,,,,,,,,,,,,,,,,,,,,,,,,,,,,,,,,,,1698.0256,1706.8921,2,1,8.8405,,0,27,27,27,1,stimuli_car/Slide65.jpg,2,,,,,,,,,,,,,,,,,,,,,,,,,,
,,,2025-08-11_11h49.07.415,CFMT_CCMT_Face_recognition,03.02.2023,Win32,59.88023952,5987030cfd8cca00015cbc26,6899c7d7c4c961a016830ad3,6899c9e6bd6c17c70a8e8fea,,,,,,,,,,,,,,,,,,,,,,,,,,,,,,,,,,,,,,,,,,,,,,,,,,,,,,,,,,,,,,,,,,,,,,,,,,,,,,,,,,,,,,,,,,,,,,,,1716.525,1717.0248,,,,,,,,,,,,,,,,,,,,,,,,,,,,,,,,,,,,,,,,,,,,,,,,,,,,,,,1707.392,1716.5249,3,0,9.1142,,0,28,28,28,1,stimuli_car/Slide66.jpg,1,,,,,,,,,,,,,,,,,,,,,,,,,,
,,,2025-08-11_11h49.07.415,CFMT_CCMT_Face_recognition,03.02.2023,Win32,59.88023952,5987030cfd8cca00015cbc26,6899c7d7c4c961a016830ad3,6899c9e6bd6c17c70a8e8fea,,,,,,,,,,,,,,,,,,,,,,,,,,,,,,,,,,,,,,,,,,,,,,,,,,,,,,,,,,,,,,,,,,,,,,,,,,,,,,,,,,,,,,,,,,,,,,,,1726.2589,1726.759,,,,,,,,,,,,,,,,,,,,,,,,,,,,,,,,,,,,,,,,,,,,,,,,,,,,,,,1717.0253,1726.2588,1,1,9.2018,,0,29,29,29,1,stimuli_car/Slide67.jpg,1,,,,,,,,,,,,,,,,,,,,,,,,,,
,,,2025-08-11_11h49.07.415,CFMT_CCMT_Face_recognition,03.02.2023,Win32,59.88023952,5987030cfd8cca00015cbc26,6899c7d7c4c961a016830ad3,6899c9e6bd6c17c70a8e8fea,,,,,,,,,,,,,,,,,,,,,,,,,,,,,,,,,,,,,,,,,,,,,,,,,,,,,,,,,,,,,,,,,,,,,,,,,,,,,,,,,,,,,,,,,,,,,,,,1753.4757,1753.9755,,,,,,,,,,,,,,,,,,,,,,,,,,,,,,,,,,,,,,,,,,,,,,,,,,,1726.7598,1746.7587,1746.7587,1747.2591,1747.2631,1753.4756,2,1,6.1843,,0,0,0,0,1,stimuli_car/Slide69.jpg,2,,,,,,,,,,,,,,,,,,,,,,,,,,
,,,2025-08-11_11h49.07.415,CFMT_CCMT_Face_recognition,03.02.2023,Win32,59.88023952,5987030cfd8cca00015cbc26,6899c7d7c4c961a016830ad3,6899c9e6bd6c17c70a8e8fea,,,,,,,,,,,,,,,,,,,,,,,,,,,,,,,,,,,,,,,,,,,,,,,,,,,,,,,,,,,,,,,,,,,,,,,,,,,,,,,,,,,,,,,,,,,,,,,,1763.2248,1763.7249,,,,,,,,,,,,,,,,,,,,,,,,,,,,,,,,,,,,,,,,,,,,,,,,,,,,,,,1753.9761,1763.2247,2,0,9.2175,,0,1,1,1,1,stimuli_car/Slide70.jpg,3,,,,,,,,,,,,,,,,,,,,,,,,,,
,,,2025-08-11_11h49.07.415,CFMT_CCMT_Face_recognition,03.02.2023,Win32,59.88023952,5987030cfd8cca00015cbc26,6899c7d7c4c961a016830ad3,6899c9e6bd6c17c70a8e8fea,,,,,,,,,,,,,,,,,,,,,,,,,,,,,,,,,,,,,,,,,,,,,,,,,,,,,,,,,,,,,,,,,,,,,,,,,,,,,,,,,,,,,,,,,,,,,,,,1774.6922,1775.1919,,,,,,,,,,,,,,,,,,,,,,,,,,,,,,,,,,,,,,,,,,,,,,,,,,,,,,,1763.7252,1774.6922,3,1,10.9355,,0,2,2,2,1,stimuli_car/Slide71.jpg,3,,,,,,,,,,,,,,,,,,,,,,,,,,
,,,2025-08-11_11h49.07.415,CFMT_CCMT_Face_recognition,03.02.2023,Win32,59.88023952,5987030cfd8cca00015cbc26,6899c7d7c4c961a016830ad3,6899c9e6bd6c17c70a8e8fea,,,,,,,,,,,,,,,,,,,,,,,,,,,,,,,,,,,,,,,,,,,,,,,,,,,,,,,,,,,,,,,,,,,,,,,,,,,,,,,,,,,,,,,,,,,,,,,,1784.042,1784.5419,,,,,,,,,,,,,,,,,,,,,,,,,,,,,,,,,,,,,,,,,,,,,,,,,,,,,,,1775.1928,1784.042,1,1,8.8259,,0,3,3,3,1,stimuli_car/Slide72.jpg,1,,,,,,,,,,,,,,,,,,,,,,,,,,
,,,2025-08-11_11h49.07.415,CFMT_CCMT_Face_recognition,03.02.2023,Win32,59.88023952,5987030cfd8cca00015cbc26,6899c7d7c4c961a016830ad3,6899c9e6bd6c17c70a8e8fea,,,,,,,,,,,,,,,,,,,,,,,,,,,,,,,,,,,,,,,,,,,,,,,,,,,,,,,,,,,,,,,,,,,,,,,,,,,,,,,,,,,,,,,,,,,,,,,,1793.809,1794.3085,,,,,,,,,,,,,,,,,,,,,,,,,,,,,,,,,,,,,,,,,,,,,,,,,,,,,,,1784.5421,1793.8089,3,0,9.2427,,0,4,4,4,1,stimuli_car/Slide73.jpg,2,,,,,,,,,,,,,,,,,,,,,,,,,,
,,,2025-08-11_11h49.07.415,CFMT_CCMT_Face_recognition,03.02.2023,Win32,59.88023952,5987030cfd8cca00015cbc26,6899c7d7c4c961a016830ad3,6899c9e6bd6c17c70a8e8fea,,,,,,,,,,,,,,,,,,,,,,,,,,,,,,,,,,,,,,,,,,,,,,,,,,,,,,,,,,,,,,,,,,,,,,,,,,,,,,,,,,,,,,,,,,,,,,,,1814.0255,1814.5254,,,,,,,,,,,,,,,,,,,,,,,,,,,,,,,,,,,,,,,,,,,,,,,,,,,,,,,1794.309,1814.0254,2,1,19.6854,,0,5,5,5,1,stimuli_car/Slide74.jpg,2,,,,,,,,,,,,,,,,,,,,,,,,,,
,,,2025-08-11_11h49.07.415,CFMT_CCMT_Face_recognition,03.02.2023,Win32,59.88023952,5987030cfd8cca00015cbc26,6899c7d7c4c961a016830ad3,6899c9e6bd6c17c70a8e8fea,,,,,,,,,,,,,,,,,,,,,,,,,,,,,,,,,,,,,,,,,,,,,,,,,,,,,,,,,,,,,,,,,,,,,,,,,,,,,,,,,,,,,,,,,,,,,,,,1823.9751,1824.4755,,,,,,,,,,,,,,,,,,,,,,,,,,,,,,,,,,,,,,,,,,,,,,,,,,,,,,,1814.5257,1823.9751,1,1,9.4199,,0,6,6,6,1,stimuli_car/Slide75.jpg,1,,,,,,,,,,,,,,,,,,,,,,,,,,
,,,2025-08-11_11h49.07.415,CFMT_CCMT_Face_recognition,03.02.2023,Win32,59.88023952,5987030cfd8cca00015cbc26,6899c7d7c4c961a016830ad3,6899c9e6bd6c17c70a8e8fea,,,,,,,,,,,,,,,,,,,,,,,,,,,,,,,,,,,,,,,,,,,,,,,,,,,,,,,,,,,,,,,,,,,,,,,,,,,,,,,,,,,,,,,,,,,,,,,,1833.5746,1834.0757,,,,,,,,,,,,,,,,,,,,,,,,,,,,,,,,,,,,,,,,,,,,,,,,,,,,,,,1824.4761,1833.5746,1,1,9.0779,,0,7,7,7,1,stimuli_car/Slide76.jpg,1,,,,,,,,,,,,,,,,,,,,,,,,,,
,,,2025-08-11_11h49.07.415,CFMT_CCMT_Face_recognition,03.02.2023,Win32,59.88023952,5987030cfd8cca00015cbc26,6899c7d7c4c961a016830ad3,6899c9e6bd6c17c70a8e8fea,,,,,,,,,,,,,,,,,,,,,,,,,,,,,,,,,,,,,,,,,,,,,,,,,,,,,,,,,,,,,,,,,,,,,,,,,,,,,,,,,,,,,,,,,,,,,,,,1843.5755,1844.0754,,,,,,,,,,,,,,,,,,,,,,,,,,,,,,,,,,,,,,,,,,,,,,,,,,,,,,,1834.0763,1843.5754,1,0,9.4782,,0,8,8,8,1,stimuli_car/Slide77.jpg,2,,,,,,,,,,,,,,,,,,,,,,,,,,
,,,2025-08-11_11h49.07.415,CFMT_CCMT_Face_recognition,03.02.2023,Win32,59.88023952,5987030cfd8cca00015cbc26,6899c7d7c4c961a016830ad3,6899c9e6bd6c17c70a8e8fea,,,,,,,,,,,,,,,,,,,,,,,,,,,,,,,,,,,,,,,,,,,,,,,,,,,,,,,,,,,,,,,,,,,,,,,,,,,,,,,,,,,,,,,,,,,,,,,,1854.4589,1854.958,,,,,,,,,,,,,,,,,,,,,,,,,,,,,,,,,,,,,,,,,,,,,,,,,,,,,,,1844.0759,1854.4588,2,0,10.3576,,0,9,9,9,1,stimuli_car/Slide78.jpg,1,,,,,,,,,,,,,,,,,,,,,,,,,,
,,,2025-08-11_11h49.07.415,CFMT_CCMT_Face_recognition,03.02.2023,Win32,59.88023952,5987030cfd8cca00015cbc26,6899c7d7c4c961a016830ad3,6899c9e6bd6c17c70a8e8fea,,,,,,,,,,,,,,,,,,,,,,,,,,,,,,,,,,,,,,,,,,,,,,,,,,,,,,,,,,,,,,,,,,,,,,,,,,,,,,,,,,,,,,,,,,,,,,,,1889.7256,1890.2253,,,,,,,,,,,,,,,,,,,,,,,,,,,,,,,,,,,,,,,,,,,,,,,,,,,,,,,1854.9583,1889.7255,1,1,34.74,,0,10,10,10,1,stimuli_car/Slide79.jpg,1,,,,,,,,,,,,,,,,,,,,,,,,,,
,,,2025-08-11_11h49.07.415,CFMT_CCMT_Face_recognition,03.02.2023,Win32,59.88023952,5987030cfd8cca00015cbc26,6899c7d7c4c961a016830ad3,6899c9e6bd6c17c70a8e8fea,,,,,,,,,,,,,,,,,,,,,,,,,,,,,,,,,,,,,,,,,,,,,,,,,,,,,,,,,,,,,,,,,,,,,,,,,,,,,,,,,,,,,,,,,,,,,,,,1896.7088,1897.2085,,,,,,,,,,,,,,,,,,,,,,,,,,,,,,,,,,,,,,,,,,,,,,,,,,,,,,,1890.2258,1896.7087,1,0,6.4559,,0,11,11,11,1,stimuli_car/Slide80.jpg,3,,,,,,,,,,,,,,,,,,,,,,,,,,
,,,2025-08-11_11h49.07.415,CFMT_CCMT_Face_recognition,03.02.2023,Win32,59.88023952,5987030cfd8cca00015cbc26,6899c7d7c4c961a016830ad3,6899c9e6bd6c17c70a8e8fea,,,,,,,,,,,,,,,,,,,,,,,,,,,,,,,,,,,,,,,,,,,,,,,,,,,,,,,,,,,,,,,,,,,,,,,,,,,,,,,,,,,,,,,,,,,,,,,,1907.9417,1908.4418,,,,,,,,,,,,,,,,,,,,,,,,,,,,,,,,,,,,,,,,,,,,,,,,,,,,,,,1897.2094,1907.9416,2,1,10.7131,,0,12,12,12,1,stimuli_car/Slide81.jpg,2,,,,,,,,,,,,,,,,,,,,,,,,,,
,,,2025-08-11_11h49.07.415,CFMT_CCMT_Face_recognition,03.02.2023,Win32,59.88023952,5987030cfd8cca00015cbc26,6899c7d7c4c961a016830ad3,6899c9e6bd6c17c70a8e8fea,,,,,,,,,,,,,,,,,,,,,,,,,,,,,,,,,,,,,,,,,,,,,,,,,,,,,,,,,,,,,,,,,,,,,,,,,,,,,,,,,,,,,,,,,,,,,,,,1914.3251,1914.825,,,,,,,,,,,,,,,,,,,,,,,,,,,,,,,,,,,,,,,,,,,,,,,,,,,,,,,1908.4421,1914.3251,1,0,5.8633,,0,13,13,13,1,stimuli_car/Slide82.jpg,3,,,,,,,,,,,,,,,,,,,,,,,,,,
,,,2025-08-11_11h49.07.415,CFMT_CCMT_Face_recognition,03.02.2023,Win32,59.88023952,5987030cfd8cca00015cbc26,6899c7d7c4c961a016830ad3,6899c9e6bd6c17c70a8e8fea,,,,,,,,,,,,,,,,,,,,,,,,,,,,,,,,,,,,,,,,,,,,,,,,,,,,,,,,,,,,,,,,,,,,,,,,,,,,,,,,,,,,,,,,,,,,,,,,1920.2754,1920.7749,,,,,,,,,,,,,,,,,,,,,,,,,,,,,,,,,,,,,,,,,,,,,,,,,,,,,,,1914.8254,1920.2754,2,0,5.4243,,0,14,14,14,1,stimuli_car/Slide83.jpg,3,,,,,,,,,,,,,,,,,,,,,,,,,,
,,,2025-08-11_11h49.07.415,CFMT_CCMT_Face_recognition,03.02.2023,Win32,59.88023952,5987030cfd8cca00015cbc26,6899c7d7c4c961a016830ad3,6899c9e6bd6c17c70a8e8fea,,,,,,,,,,,,,,,,,,,,,,,,,,,,,,,,,,,,,,,,,,,,,,,,,,,,,,,,,,,,,,,,,,,,,,,,,,,,,,,,,,,,,,,,,,,,,,,,1929.7254,1930.225,,,,,,,,,,,,,,,,,,,,,,,,,,,,,,,,,,,,,,,,,,,,,,,,,,,,,,,1920.7753,1929.7253,2,1,8.9305,,0,15,15,15,1,stimuli_car/Slide84.jpg,2,,,,,,,,,,,,,,,,,,,,,,,,,,
,,,2025-08-11_11h49.07.415,CFMT_CCMT_Face_recognition,03.02.2023,Win32,59.88023952,5987030cfd8cca00015cbc26,6899c7d7c4c961a016830ad3,6899c9e6bd6c17c70a8e8fea,,,,,,,,,,,,,,,,,,,,,,,,,,,,,,,,,,,,,,,,,,,,,,,,,,,,,,,,,,,,,,,,,,,,,,,,,,,,,,,,,,,,,,,,,,,,,,,,1942.1752,1942.675,,,,,,,,,,,,,,,,,,,,,,,,,,,,,,,,,,,,,,,,,,,,,,,,,,,,,,,1930.2256,1942.1752,2,1,11.9287,,0,16,16,16,1,stimuli_car/Slide85.jpg,2,,,,,,,,,,,,,,,,,,,,,,,,,,
,,,2025-08-11_11h49.07.415,CFMT_CCMT_Face_recognition,03.02.2023,Win32,59.88023952,5987030cfd8cca00015cbc26,6899c7d7c4c961a016830ad3,6899c9e6bd6c17c70a8e8fea,,,,,,,,,,,,,,,,,,,,,,,,,,,,,,,,,,,,,,,,,,,,,,,,,,,,,,,,,,,,,,,,,,,,,,,,,,,,,,,,,,,,,,,,,,,,,,,,1956.2417,1956.7418,,,,,,,,,,,,,,,,,,,,,,,,,,,,,,,,,,,,,,,,,,,,,,,,,,,,,,,1942.6758,1956.2417,3,0,13.534,,0,17,17,17,1,stimuli_car/Slide86.jpg,2,,,,,,,,,,,,,,,,,,,,,,,,,,
,,,2025-08-11_11h49.07.415,CFMT_CCMT_Face_recognition,03.02.2023,Win32,59.88023952,5987030cfd8cca00015cbc26,6899c7d7c4c961a016830ad3,6899c9e6bd6c17c70a8e8fea,,,,,,,,,,,,,,,,,,,,,,,,,,,,,,,,,,,,,,,,,,,,,,,,,,,,,,,,,,,,,,,,,,,,,,,,,,,,,,,,,,,,,,,,,,,,,,,,1962.4417,1962.9415,,,,,,,,,,,,,,,,,,,,,,,,,,,,,,,,,,,,,,,,,,,,,,,,,,,,,,,1956.7425,1962.4416,2,1,5.6761,,0,18,18,18,1,stimuli_car/Slide87.jpg,2,,,,,,,,,,,,,,,,,,,,,,,,,,
,,,2025-08-11_11h49.07.415,CFMT_CCMT_Face_recognition,03.02.2023,Win32,59.88023952,5987030cfd8cca00015cbc26,6899c7d7c4c961a016830ad3,6899c9e6bd6c17c70a8e8fea,,,,,,,,,,,,,,,,,,,,,,,,,,,,,,,,,,,,,,,,,,,,,,,,,,,,,,,,,,,,,,,,,,,,,,,,,,,,,,,,,,,,,,,,,,,,,,,,1969.8587,1970.3586,,,,,,,,,,,,,,,,,,,,,,,,,,,,,,,,,,,,,,,,,,,,,,,,,,,,,,,1962.9419,1969.8586,2,1,6.8837,,0,19,19,19,1,stimuli_car/Slide88.jpg,2,,,,,,,,,,,,,,,,,,,,,,,,,,
,,,2025-08-11_11h49.07.415,CFMT_CCMT_Face_recognition,03.02.2023,Win32,59.88023952,5987030cfd8cca00015cbc26,6899c7d7c4c961a016830ad3,6899c9e6bd6c17c70a8e8fea,,,,,,,,,,,,,,,,,,,,,,,,,,,,,,,,,,,,,,,,,,,,,,,,,,,,,,,,,,,,,,,,,,,,,,,,,,,,,,,,,,,,,,,,,,,,,,,,1976.3581,1976.8587,,,,,,,,,,,,,,,,,,,,,,,,,,,,,,,,,,,,,,,,,,,,,,,,,,,,,,,1970.3591,1976.3581,3,1,5.976,,0,20,20,20,1,stimuli_car/Slide89.jpg,3,,,,,,,,,,,,,,,,,,,,,,,,,,
,,,2025-08-11_11h49.07.415,CFMT_CCMT_Face_recognition,03.02.2023,Win32,59.88023952,5987030cfd8cca00015cbc26,6899c7d7c4c961a016830ad3,6899c9e6bd6c17c70a8e8fea,,,,,,,,,,,,,,,,,,,,,,,,,,,,,,,,,,,,,,,,,,,,,,,,,,,,,,,,,,,,,,,,,,,,,,,,,,,,,,,,,,,,,,,,,,,,,,,,1983.8415,1984.3423,,,,,,,,,,,,,,,,,,,,,,,,,,,,,,,,,,,,,,,,,,,,,,,,,,,,,,,1976.8592,1983.8414,2,0,6.9588,,0,21,21,21,1,stimuli_car/Slide90.jpg,3,,,,,,,,,,,,,,,,,,,,,,,,,,
,,,2025-08-11_11h49.07.415,CFMT_CCMT_Face_recognition,03.02.2023,Win32,59.88023952,5987030cfd8cca00015cbc26,6899c7d7c4c961a016830ad3,6899c9e6bd6c17c70a8e8fea,,,,,,,,,,,,,,,,,,,,,,,,,,,,,,,,,,,,,,,,,,,,,,,,,,,,,,,,,,,,,,,,,,,,,,,,,,,,,,,,,,,,,,,,,,,,,,,,1987.6087,1988.1083,,,,,,,,,,,,,,,,,,,,,,,,,,,,,,,,,,,,,,,,,,,,,,,,,,,,,,,1984.3427,1987.6085,1,1,3.2428,,0,22,22,22,1,stimuli_car/Slide91.jpg,1,,,,,,,,,,,,,,,,,,,,,,,,,,
,,,2025-08-11_11h49.07.415,CFMT_CCMT_Face_recognition,03.02.2023,Win32,59.88023952,5987030cfd8cca00015cbc26,6899c7d7c4c961a016830ad3,6899c9e6bd6c17c70a8e8fea,,,,,,,,,,,,,,,,,,,,,,,,,,,,,,,,,,,,,,,,,,,,,,,,,,,,,,,,,,,,,,,,,,,,,,,,,,,,,,,,,,,,,,,,,,,,,,,,1994.6753,1995.1745,,,,,,,,,,,,,,,,,,,,,,,,,,,,,,,,,,,,,,,,,,,,,,,,,,,,,,,1988.1088,1994.6752,3,1,6.5417,,0,23,23,23,1,stimuli_car/Slide92.jpg,3,,,,,,,,,,,,,,,,,,,,,,,,,,
,,,2025-08-11_11h49.07.415,CFMT_CCMT_Face_recognition,03.02.2023,Win32,59.88023952,5987030cfd8cca00015cbc26,6899c7d7c4c961a016830ad3,6899c9e6bd6c17c70a8e8fea,,,,,,,,,,,,,,,,,,,,,,,,,,,,,,,,,,,,,,,,,,,,,,,,,,,,,,,,,,,,,,,,,,,,,,,,,,,,,,,,,,,,,,,,,,,,,,,,,,,,,,,,,,,,,,,,,,,,,,,,,,,,,,,,,,,,,,,,,,,,,,,,,,,,,,,,,,,,,,,,,,,,,1995.1749,1995.176,0,0,0,1,1,conditionsFile_cars/conditionFiles_car.xlsx,Cambridge Car Memory Test,Memorize the car in the next three images.,conditionsFile_cars/Prac_learn.xlsx,conditionsFile_cars/Prac_rec.xlsx,"Which car did you just view? There is only one correct answer. Press 1,2 or 3","In this test, you will learn to recognize six cars.",Memorize the following car.,Which car did you just view?,Next you will review the same 6 cars for 20 seconds.,Review the cars (20 seconds),stimuli_car/review.jpg,Now your memory of these cars will be tested.,"In the remaining trials, the correct answer can be any of the six cars.","The incorrect cars are sometimes very similar to the target cars, so be sure to look at each car prior answering.",conditionsFile_cars/conditionsfile_rec_car.xlsx,"To begin memorizing the first car, press the ""space bar"".",,
,,,2025-08-11_11h49.07.415,CFMT_CCMT_Face_recognition,03.02.2023,Win32,59.88023952,5987030cfd8cca00015cbc26,6899c7d7c4c961a016830ad3,6899c9e6bd6c17c70a8e8fea,,,,,,,,,,,,,,,,,,,,,,,,,,,,,,,,,,,,,,,,,,,,,,,,,,,,,,,,,,,,,,,,,,,,,,,,,,,,,,,,,,,,,,,,,,1995.1762,2077.7244,2077.7244,2145.5412,2145.5444,2148.5412,2148.5413,2149.0418,0,0,0,0,1,stimuli/bart_left.jpg,,,,,,,,,,,,,,,,,,,,,,,,,,,,,,,,,,,,,,,,,,,,,,,,,,,,,,,,,,,,,,,,,,,,,,,,,,,,,,,,,,,,,,,
,,,2025-08-11_11h49.07.415,CFMT_CCMT_Face_recognition,03.02.2023,Win32,59.88023952,5987030cfd8cca00015cbc26,6899c7d7c4c961a016830ad3,6899c9e6bd6c17c70a8e8fea,,,,,,,,,,,,,,,,,,,,,,,,,,,,,,,,,,,,,,,,,,,,,,,,,,,,,,,,,,,,,,,,,,,,,,,,,,,,,,,,,,,,,,,,,,,,,,2149.0426,2152.0409,2152.041,2152.5416,0,1,1,1,1,stimuli/bart_straight.jpg,,,,,,,,,,,,,,,,,,,,,,,,,,,,,,,,,,,,,,,,,,,,,,,,,,,,,,,,,,,,,,,,,,,,,,,,,,,,,,,,,,,,,,,
,,,2025-08-11_11h49.07.415,CFMT_CCMT_Face_recognition,03.02.2023,Win32,59.88023952,5987030cfd8cca00015cbc26,6899c7d7c4c961a016830ad3,6899c9e6bd6c17c70a8e8fea,,,,,,,,,,,,,,,,,,,,,,,,,,,,,,,,,,,,,,,,,,,,,,,,,,,,,,,,,,,,,,,,,,,,,,,,,,,,,,,,,,,,,,,,,,,,,,2152.5422,2155.5409,2155.5409,2156.0412,0,2,2,2,1,stimuli/bart_right.jpg,,,,,,,,,,,,,,,,,,,,,,,,,,,,,,,,,,,,,,,,,,,,,,,,,,,,,,,,,,,,,,,,,,,,,,,,,,,,,,,,,,,,,,,
,,,2025-08-11_11h49.07.415,CFMT_CCMT_Face_recognition,03.02.2023,Win32,59.88023952,5987030cfd8cca00015cbc26,6899c7d7c4c961a016830ad3,6899c9e6bd6c17c70a8e8fea,,,,,,,,,,,,,,,,,,,,,,,,,,,,,,,,,,,,,,,,,,,,,,,,,,,,,,,,,,,,,,,,,,,,,,,,,,,,,,,,,,,,,,,,,,,,,,,,2159.8256,2160.3251,,,,,,,2156.0437,2159.8254,1,1,3.7666,,0,0,0,0,1,stimuli/pract_left.jpg,1,,,,,,,,,,,,,,,,,,,,,,,,,,,,,,,,,,,,,,,,,,,,,,,,,,,,,,,,,,,,,,,,,,,,,,,,,,
,,,2025-08-11_11h49.07.415,CFMT_CCMT_Face_recognition,03.02.2023,Win32,59.88023952,5987030cfd8cca00015cbc26,6899c7d7c4c961a016830ad3,6899c9e6bd6c17c70a8e8fea,,,,,,,,,,,,,,,,,,,,,,,,,,,,,,,,,,,,,,,,,,,,,,,,,,,,,,,,,,,,,,,,,,,,,,,,,,,,,,,,,,,,,,,,,,,,,,,,2164.091,2164.5917,,,,,,,2160.3257,2164.0909,2,1,3.7501,,0,1,1,1,1,stimuli/pract_right.jpg,2,,,,,,,,,,,,,,,,,,,,,,,,,,,,,,,,,,,,,,,,,,,,,,,,,,,,,,,,,,,,,,,,,,,,,,,,,,
,,,2025-08-11_11h49.07.415,CFMT_CCMT_Face_recognition,03.02.2023,Win32,59.88023952,5987030cfd8cca00015cbc26,6899c7d7c4c961a016830ad3,6899c9e6bd6c17c70a8e8fea,,,,,,,,,,,,,,,,,,,,,,,,,,,,,,,,,,,,,,,,,,,,,,,,,,,,,,,,,,,,,,,,,,,,,,,,,,,,,,,,,,,,,,,,,,,,,,,,2166.7249,2167.2251,,,,,,,2164.5923,2166.7249,2,1,2.1227,,0,2,2,2,1,stimuli/pract_straight.jpg,2,,,,,,,,,,,,,,,,,,,,,,,,,,,,,,,,,,,,,,,,,,,,,,,,,,,,,,,,,,,,,,,,,,,,,,,,,,
,,,2025-08-11_11h49.07.415,CFMT_CCMT_Face_recognition,03.02.2023,Win32,59.88023952,5987030cfd8cca00015cbc26,6899c7d7c4c961a016830ad3,6899c9e6bd6c17c70a8e8fea,,,,,,,,,,,,,,,,,,,,,,,,,,,,,,,,,,,,,,,,,,,,,,,,,,,,,,,,,,,,,,,,,,,,,,,,,,,,,,,,,,,,,,,,,,,,,,,,2173.6585,2174.1585,,,,,,,,,,,,,,,,,,,,2167.2253,2169.1245,2169.128,2170.1581,2170.6584,2173.6585,0,0,0,0,1,stimuli/Bob_left_study.jpg,stimuli/B1_Identical_Left.jpg,2,,,,,,,,,,,,,,,,,,,,,,,,,,,,,,,,,,,,,,,,,,,,,,,,,,,,,,,,,,,,
,,,2025-08-11_11h49.07.415,CFMT_CCMT_Face_recognition,03.02.2023,Win32,59.88023952,5987030cfd8cca00015cbc26,6899c7d7c4c961a016830ad3,6899c9e6bd6c17c70a8e8fea,,,,,,,,,,,,,,,,,,,,,,,,,,,,,,,,,,,,,,,,,,,,,,,,,,,,,,,,,,,,,,,,,,,,,,,,,,,,,,,,,,,,,,,,,,,,,,,,2177.6577,2178.1581,,,,,,,,,,,,,,,,,,,,,,,,2174.6585,2177.6576,0,1,1,1,1,stimuli/Bob_frontal_study.jpg,stimuli/B2_Identical_Frontal.jpg,2,,,,,,,,,,,,,,,,,,,,,,,,,,,,,,,,,,,,,,,,,,,,,,,,,,,,,,,,,,,,
,,,2025-08-11_11h49.07.415,CFMT_CCMT_Face_recognition,03.02.2023,Win32,59.88023952,5987030cfd8cca00015cbc26,6899c7d7c4c961a016830ad3,6899c9e6bd6c17c70a8e8fea,,,,,,,,,,,,,,,,,,,,,,,,,,,,,,,,,,,,,,,,,,,,,,,,,,,,,,,,,,,,,,,,,,,,,,,,,,,,,,,,,,,,,,,,,,,,,,,,2181.6576,2182.1583,,,,,,,,,,,,,,,,,,,,,,,,2178.6585,2181.6576,0,2,2,2,1,stimuli/Bob_right_study.jpg,stimuli/B3_Identical_Right.jpg,3,,,,,,,,,,,,,,,,,,,,,,,,,,,,,,,,,,,,,,,,,,,,,,,,,,,,,,,,,,,,
,,,2025-08-11_11h49.07.415,CFMT_CCMT_Face_recognition,03.02.2023,Win32,59.88023952,5987030cfd8cca00015cbc26,6899c7d7c4c961a016830ad3,6899c9e6bd6c17c70a8e8fea,,,,,,,,,,,,,,,,,,,,,,,,,,,,,,,,,,,,,,,,,,,,,,,,,,,,,,,,,,,,,,,,,,,,,,,,,,,,,,,,,,,,,,,,,,,,,,,,2185.741,2186.2416,,,,,,,,,,,,,,,,,,,,,,,,,,,,,,,stimuli/Bob_left_study.jpg,stimuli/B1_Identical_Left.jpg,2,2182.1604,2185.741,2,1,3.5547,,0,0,0,0,1,,,,,,,,,,,,,,,,,,,,,,,,,,,,,,,,,,,,,,,,,,,,,,,,,
,,,2025-08-11_11h49.07.415,CFMT_CCMT_Face_recognition,03.02.2023,Win32,59.88023952,5987030cfd8cca00015cbc26,6899c7d7c4c961a016830ad3,6899c9e6bd6c17c70a8e8fea,,,,,,,,,,,,,,,,,,,,,,,,,,,,,,,,,,,,,,,,,,,,,,,,,,,,,,,,,,,,,,,,,,,,,,,,,,,,,,,,,,,,,,,,,,,,,,,,2190.0918,2190.5911,,,,,,,,,,,,,,,,,,,,,,,,,,,,,,,stimuli/Bob_frontal_study.jpg,stimuli/B2_Identical_Frontal.jpg,2,2186.2419,2190.0917,3,0,3.8237,,0,1,1,1,1,,,,,,,,,,,,,,,,,,,,,,,,,,,,,,,,,,,,,,,,,,,,,,,,,
,,,2025-08-11_11h49.07.415,CFMT_CCMT_Face_recognition,03.02.2023,Win32,59.88023952,5987030cfd8cca00015cbc26,6899c7d7c4c961a016830ad3,6899c9e6bd6c17c70a8e8fea,,,,,,,,,,,,,,,,,,,,,,,,,,,,,,,,,,,,,,,,,,,,,,,,,,,,,,,,,,,,,,,,,,,,,,,,,,,,,,,,,,,,,,,,,,,,,,,,2194.1582,2194.6583,,,,,,,,,,,,,,,,,,,,,,,,,,,,,,,stimuli/Bob_right_study.jpg,stimuli/B3_Identical_Right.jpg,3,2190.5915,2194.1581,3,1,3.538,,0,2,2,2,1,,,,,,,,,,,,,,,,,,,,,,,,,,,,,,,,,,,,,,,,,,,,,,,,,
,,,2025-08-11_11h49.07.415,CFMT_CCMT_Face_recognition,03.02.2023,Win32,59.88023952,5987030cfd8cca00015cbc26,6899c7d7c4c961a016830ad3,6899c9e6bd6c17c70a8e8fea,,,,,,,,,,,,,,,,,,,,,,,,,,,,,,,,,,,,,,,,,,,,,,,,,,,,,,,,,,,,,,,,,,,,,,,,,,,,,,,,,,,,,,,,,,,,,,,,2199.9576,2200.4583,,,,,,,,,,,,,,,,,,,,,,2194.659,2196.4583,2196.958,2199.9575,0,0,0,0,1,stimuli/Dan_Left_Study.jpg,stimuli/D1_Identical_Left.jpg,2,,,,,,,,,,,,,,,,,,,,,,,,,,,,,,,,,,,,,,,,,,,,,,,,,,,,,,,,,,,,
,,,2025-08-11_11h49.07.415,CFMT_CCMT_Face_recognition,03.02.2023,Win32,59.88023952,5987030cfd8cca00015cbc26,6899c7d7c4c961a016830ad3,6899c9e6bd6c17c70a8e8fea,,,,,,,,,,,,,,,,,,,,,,,,,,,,,,,,,,,,,,,,,,,,,,,,,,,,,,,,,,,,,,,,,,,,,,,,,,,,,,,,,,,,,,,,,,,,,,,,2203.9575,2204.4584,,,,,,,,,,,,,,,,,,,,,,,,2200.9585,2203.9574,0,1,1,1,1,stimuli/Dan_frontal_study.jpg,stimuli/D2_Identical_Frontal.jpg,3,,,,,,,,,,,,,,,,,,,,,,,,,,,,,,,,,,,,,,,,,,,,,,,,,,,,,,,,,,,,
,,,2025-08-11_11h49.07.415,CFMT_CCMT_Face_recognition,03.02.2023,Win32,59.88023952,5987030cfd8cca00015cbc26,6899c7d7c4c961a016830ad3,6899c9e6bd6c17c70a8e8fea,,,,,,,,,,,,,,,,,,,,,,,,,,,,,,,,,,,,,,,,,,,,,,,,,,,,,,,,,,,,,,,,,,,,,,,,,,,,,,,,,,,,,,,,,,,,,,,,2207.9575,2208.4579,,,,,,,,,,,,,,,,,,,,,,,,2204.9581,2207.9574,0,2,2,2,1,stimuli/Dan_Right_Frontal.jpg,stimuli/D3_Identical_Right.jpg,3,,,,,,,,,,,,,,,,,,,,,,,,,,,,,,,,,,,,,,,,,,,,,,,,,,,,,,,,,,,,
,,,2025-08-11_11h49.07.415,CFMT_CCMT_Face_recognition,03.02.2023,Win32,59.88023952,5987030cfd8cca00015cbc26,6899c7d7c4c961a016830ad3,6899c9e6bd6c17c70a8e8fea,,,,,,,,,,,,,,,,,,,,,,,,,,,,,,,,,,,,,,,,,,,,,,,,,,,,,,,,,,,,,,,,,,,,,,,,,,,,,,,,,,,,,,,,,,,,,,,,2211.991,2212.491,,,,,,,,,,,,,,,,,,,,,,,,,,,,,,,stimuli/Dan_Left_Study.jpg,stimuli/D1_Identical_Left.jpg,2,2208.4601,2211.991,2,1,3.5027,,0,0,0,0,1,,,,,,,,,,,,,,,,,,,,,,,,,,,,,,,,,,,,,,,,,,,,,,,,,
,,,2025-08-11_11h49.07.415,CFMT_CCMT_Face_recognition,03.02.2023,Win32,59.88023952,5987030cfd8cca00015cbc26,6899c7d7c4c961a016830ad3,6899c9e6bd6c17c70a8e8fea,,,,,,,,,,,,,,,,,,,,,,,,,,,,,,,,,,,,,,,,,,,,,,,,,,,,,,,,,,,,,,,,,,,,,,,,,,,,,,,,,,,,,,,,,,,,,,,,2215.3086,2215.8074,,,,,,,,,,,,,,,,,,,,,,,,,,,,,,,stimuli/Dan_frontal_study.jpg,stimuli/D2_Identical_Frontal.jpg,3,2212.4914,2215.3085,3,1,2.7987,,0,1,1,1,1,,,,,,,,,,,,,,,,,,,,,,,,,,,,,,,,,,,,,,,,,,,,,,,,,
,,,2025-08-11_11h49.07.415,CFMT_CCMT_Face_recognition,03.02.2023,Win32,59.88023952,5987030cfd8cca00015cbc26,6899c7d7c4c961a016830ad3,6899c9e6bd6c17c70a8e8fea,,,,,,,,,,,,,,,,,,,,,,,,,,,,,,,,,,,,,,,,,,,,,,,,,,,,,,,,,,,,,,,,,,,,,,,,,,,,,,,,,,,,,,,,,,,,,,,,2217.6576,2218.1583,,,,,,,,,,,,,,,,,,,,,,,,,,,,,,,stimuli/Dan_Right_Frontal.jpg,stimuli/D3_Identical_Right.jpg,3,2215.8078,2217.6576,3,1,1.8172,,0,2,2,2,1,,,,,,,,,,,,,,,,,,,,,,,,,,,,,,,,,,,,,,,,,,,,,,,,,
,,,2025-08-11_11h49.07.415,CFMT_CCMT_Face_recognition,03.02.2023,Win32,59.88023952,5987030cfd8cca00015cbc26,6899c7d7c4c961a016830ad3,6899c9e6bd6c17c70a8e8fea,,,,,,,,,,,,,,,,,,,,,,,,,,,,,,,,,,,,,,,,,,,,,,,,,,,,,,,,,,,,,,,,,,,,,,,,,,,,,,,,,,,,,,,,,,,,,,,,2223.175,2223.6741,,,,,,,,,,,,,,,,,,,,,,2218.1589,2219.6768,2220.1748,2223.1749,0,0,0,0,1,stimuli/Jim_left.jpg,stimuli/J_1_Iden_L.jpg,3,,,,,,,,,,,,,,,,,,,,,,,,,,,,,,,,,,,,,,,,,,,,,,,,,,,,,,,,,,,,
,,,2025-08-11_11h49.07.415,CFMT_CCMT_Face_recognition,03.02.2023,Win32,59.88023952,5987030cfd8cca00015cbc26,6899c7d7c4c961a016830ad3,6899c9e6bd6c17c70a8e8fea,,,,,,,,,,,,,,,,,,,,,,,,,,,,,,,,,,,,,,,,,,,,,,,,,,,,,,,,,,,,,,,,,,,,,,,,,,,,,,,,,,,,,,,,,,,,,,,,2227.1752,2227.6749,,,,,,,,,,,,,,,,,,,,,,,,2224.1752,2227.1751,0,1,1,1,1,stimuli/Jim_front.jpg,stimuli/J_2_Iden_Front.jpg,3,,,,,,,,,,,,,,,,,,,,,,,,,,,,,,,,,,,,,,,,,,,,,,,,,,,,,,,,,,,,
,,,2025-08-11_11h49.07.415,CFMT_CCMT_Face_recognition,03.02.2023,Win32,59.88023952,5987030cfd8cca00015cbc26,6899c7d7c4c961a016830ad3,6899c9e6bd6c17c70a8e8fea,,,,,,,,,,,,,,,,,,,,,,,,,,,,,,,,,,,,,,,,,,,,,,,,,,,,,,,,,,,,,,,,,,,,,,,,,,,,,,,,,,,,,,,,,,,,,,,,2231.175,2231.6747,,,,,,,,,,,,,,,,,,,,,,,,2228.1744,2231.175,0,2,2,2,1,stimuli/Jim_right.jpg,stimuli/J_3_Iden_R.jpg,1,,,,,,,,,,,,,,,,,,,,,,,,,,,,,,,,,,,,,,,,,,,,,,,,,,,,,,,,,,,,
,,,2025-08-11_11h49.07.415,CFMT_CCMT_Face_recognition,03.02.2023,Win32,59.88023952,5987030cfd8cca00015cbc26,6899c7d7c4c961a016830ad3,6899c9e6bd6c17c70a8e8fea,,,,,,,,,,,,,,,,,,,,,,,,,,,,,,,,,,,,,,,,,,,,,,,,,,,,,,,,,,,,,,,,,,,,,,,,,,,,,,,,,,,,,,,,,,,,,,,,2234.3748,2234.8743,,,,,,,,,,,,,,,,,,,,,,,,,,,,,,,stimuli/Jim_left.jpg,stimuli/J_1_Iden_L.jpg,3,2231.6773,2234.3746,3,1,2.6774,,0,0,0,0,1,,,,,,,,,,,,,,,,,,,,,,,,,,,,,,,,,,,,,,,,,,,,,,,,,
,,,2025-08-11_11h49.07.415,CFMT_CCMT_Face_recognition,03.02.2023,Win32,59.88023952,5987030cfd8cca00015cbc26,6899c7d7c4c961a016830ad3,6899c9e6bd6c17c70a8e8fea,,,,,,,,,,,,,,,,,,,,,,,,,,,,,,,,,,,,,,,,,,,,,,,,,,,,,,,,,,,,,,,,,,,,,,,,,,,,,,,,,,,,,,,,,,,,,,,,2236.6751,2237.1746,,,,,,,,,,,,,,,,,,,,,,,,,,,,,,,stimuli/Jim_front.jpg,stimuli/J_2_Iden_Front.jpg,3,2234.8746,2236.6751,3,1,1.7744,,0,1,1,1,1,,,,,,,,,,,,,,,,,,,,,,,,,,,,,,,,,,,,,,,,,,,,,,,,,
,,,2025-08-11_11h49.07.415,CFMT_CCMT_Face_recognition,03.02.2023,Win32,59.88023952,5987030cfd8cca00015cbc26,6899c7d7c4c961a016830ad3,6899c9e6bd6c17c70a8e8fea,,,,,,,,,,,,,,,,,,,,,,,,,,,,,,,,,,,,,,,,,,,,,,,,,,,,,,,,,,,,,,,,,,,,,,,,,,,,,,,,,,,,,,,,,,,,,,,,2239.7075,2240.208,,,,,,,,,,,,,,,,,,,,,,,,,,,,,,,stimuli/Jim_right.jpg,stimuli/J_3_Iden_R.jpg,1,2237.1749,2239.7074,1,1,2.5131,,0,2,2,2,1,,,,,,,,,,,,,,,,,,,,,,,,,,,,,,,,,,,,,,,,,,,,,,,,,
,,,2025-08-11_11h49.07.415,CFMT_CCMT_Face_recognition,03.02.2023,Win32,59.88023952,5987030cfd8cca00015cbc26,6899c7d7c4c961a016830ad3,6899c9e6bd6c17c70a8e8fea,,,,,,,,,,,,,,,,,,,,,,,,,,,,,,,,,,,,,,,,,,,,,,,,,,,,,,,,,,,,,,,,,,,,,,,,,,,,,,,,,,,,,,,,,,,,,,,,2247.7409,2248.2415,,,,,,,,,,,,,,,,,,,,,,2240.2083,2244.2414,2244.7413,2247.7409,0,0,0,0,1,stimuli/Matt_left_cropped.jpg,stimuli/M_1_Iden_L.jpg,2,,,,,,,,,,,,,,,,,,,,,,,,,,,,,,,,,,,,,,,,,,,,,,,,,,,,,,,,,,,,
,,,2025-08-11_11h49.07.415,CFMT_CCMT_Face_recognition,03.02.2023,Win32,59.88023952,5987030cfd8cca00015cbc26,6899c7d7c4c961a016830ad3,6899c9e6bd6c17c70a8e8fea,,,,,,,,,,,,,,,,,,,,,,,,,,,,,,,,,,,,,,,,,,,,,,,,,,,,,,,,,,,,,,,,,,,,,,,,,,,,,,,,,,,,,,,,,,,,,,,,2251.7409,2252.2411,,,,,,,,,,,,,,,,,,,,,,,,2248.7412,2251.7408,0,1,1,1,1,stimuli/Matt_front.jpg,stimuli/M_2_Iden_Front.jpg,3,,,,,,,,,,,,,,,,,,,,,,,,,,,,,,,,,,,,,,,,,,,,,,,,,,,,,,,,,,,,
,,,2025-08-11_11h49.07.415,CFMT_CCMT_Face_recognition,03.02.2023,Win32,59.88023952,5987030cfd8cca00015cbc26,6899c7d7c4c961a016830ad3,6899c9e6bd6c17c70a8e8fea,,,,,,,,,,,,,,,,,,,,,,,,,,,,,,,,,,,,,,,,,,,,,,,,,,,,,,,,,,,,,,,,,,,,,,,,,,,,,,,,,,,,,,,,,,,,,,,,2255.7408,2256.2416,,,,,,,,,,,,,,,,,,,,,,,,2252.7415,2255.7408,0,2,2,2,1,stimuli/Matt_right_cropped.jpg,stimuli/M_3_Iden_R.jpg,1,,,,,,,,,,,,,,,,,,,,,,,,,,,,,,,,,,,,,,,,,,,,,,,,,,,,,,,,,,,,
,,,2025-08-11_11h49.07.415,CFMT_CCMT_Face_recognition,03.02.2023,Win32,59.88023952,5987030cfd8cca00015cbc26,6899c7d7c4c961a016830ad3,6899c9e6bd6c17c70a8e8fea,,,,,,,,,,,,,,,,,,,,,,,,,,,,,,,,,,,,,,,,,,,,,,,,,,,,,,,,,,,,,,,,,,,,,,,,,,,,,,,,,,,,,,,,,,,,,,,,2259.0408,2259.542,,,,,,,,,,,,,,,,,,,,,,,,,,,,,,,stimuli/Matt_left_cropped.jpg,stimuli/M_1_Iden_L.jpg,2,2256.2443,2259.0408,2,1,2.7755,,0,0,0,0,1,,,,,,,,,,,,,,,,,,,,,,,,,,,,,,,,,,,,,,,,,,,,,,,,,
,,,2025-08-11_11h49.07.415,CFMT_CCMT_Face_recognition,03.02.2023,Win32,59.88023952,5987030cfd8cca00015cbc26,6899c7d7c4c961a016830ad3,6899c9e6bd6c17c70a8e8fea,,,,,,,,,,,,,,,,,,,,,,,,,,,,,,,,,,,,,,,,,,,,,,,,,,,,,,,,,,,,,,,,,,,,,,,,,,,,,,,,,,,,,,,,,,,,,,,,2263.3742,2263.8742,,,,,,,,,,,,,,,,,,,,,,,,,,,,,,,stimuli/Matt_front.jpg,stimuli/M_2_Iden_Front.jpg,3,2259.5424,2263.3742,3,1,3.8115,,0,1,1,1,1,,,,,,,,,,,,,,,,,,,,,,,,,,,,,,,,,,,,,,,,,,,,,,,,,
,,,2025-08-11_11h49.07.415,CFMT_CCMT_Face_recognition,03.02.2023,Win32,59.88023952,5987030cfd8cca00015cbc26,6899c7d7c4c961a016830ad3,6899c9e6bd6c17c70a8e8fea,,,,,,,,,,,,,,,,,,,,,,,,,,,,,,,,,,,,,,,,,,,,,,,,,,,,,,,,,,,,,,,,,,,,,,,,,,,,,,,,,,,,,,,,,,,,,,,,2267.6907,2268.1916,,,,,,,,,,,,,,,,,,,,,,,,,,,,,,,stimuli/Matt_right_cropped.jpg,stimuli/M_3_Iden_R.jpg,1,2263.8744,2267.6907,1,1,3.7842,,0,2,2,2,1,,,,,,,,,,,,,,,,,,,,,,,,,,,,,,,,,,,,,,,,,,,,,,,,,
,,,2025-08-11_11h49.07.415,CFMT_CCMT_Face_recognition,03.02.2023,Win32,59.88023952,5987030cfd8cca00015cbc26,6899c7d7c4c961a016830ad3,6899c9e6bd6c17c70a8e8fea,,,,,,,,,,,,,,,,,,,,,,,,,,,,,,,,,,,,,,,,,,,,,,,,,,,,,,,,,,,,,,,,,,,,,,,,,,,,,,,,,,,,,,,,,,,,,,,,2273.1246,2273.6249,,,,,,,,,,,,,,,,,,,,,,2268.1922,2269.625,2270.1252,2273.1246,0,0,0,0,1,stimuli/Nate_left_cropped.jpg,stimuli/N_1_Iden_L.jpg,3,,,,,,,,,,,,,,,,,,,,,,,,,,,,,,,,,,,,,,,,,,,,,,,,,,,,,,,,,,,,
,,,2025-08-11_11h49.07.415,CFMT_CCMT_Face_recognition,03.02.2023,Win32,59.88023952,5987030cfd8cca00015cbc26,6899c7d7c4c961a016830ad3,6899c9e6bd6c17c70a8e8fea,,,,,,,,,,,,,,,,,,,,,,,,,,,,,,,,,,,,,,,,,,,,,,,,,,,,,,,,,,,,,,,,,,,,,,,,,,,,,,,,,,,,,,,,,,,,,,,,2277.1251,2277.6247,,,,,,,,,,,,,,,,,,,,,,,,2274.1241,2277.1249,0,1,1,1,1,stimuli/Nate_front_cropped.jpg,stimuli/N_2_Iden_Front.jpg,1,,,,,,,,,,,,,,,,,,,,,,,,,,,,,,,,,,,,,,,,,,,,,,,,,,,,,,,,,,,,
,,,2025-08-11_11h49.07.415,CFMT_CCMT_Face_recognition,03.02.2023,Win32,59.88023952,5987030cfd8cca00015cbc26,6899c7d7c4c961a016830ad3,6899c9e6bd6c17c70a8e8fea,,,,,,,,,,,,,,,,,,,,,,,,,,,,,,,,,,,,,,,,,,,,,,,,,,,,,,,,,,,,,,,,,,,,,,,,,,,,,,,,,,,,,,,,,,,,,,,,2281.1246,2281.6242,,,,,,,,,,,,,,,,,,,,,,,,2278.1241,2281.1246,0,2,2,2,1,stimuli/Nate_right_cropped.jpg,stimuli/N_3_Iden_R.jpg,3,,,,,,,,,,,,,,,,,,,,,,,,,,,,,,,,,,,,,,,,,,,,,,,,,,,,,,,,,,,,
,,,2025-08-11_11h49.07.415,CFMT_CCMT_Face_recognition,03.02.2023,Win32,59.88023952,5987030cfd8cca00015cbc26,6899c7d7c4c961a016830ad3,6899c9e6bd6c17c70a8e8fea,,,,,,,,,,,,,,,,,,,,,,,,,,,,,,,,,,,,,,,,,,,,,,,,,,,,,,,,,,,,,,,,,,,,,,,,,,,,,,,,,,,,,,,,,,,,,,,,2284.2074,2284.7081,,,,,,,,,,,,,,,,,,,,,,,,,,,,,,,stimuli/Nate_left_cropped.jpg,stimuli/N_1_Iden_L.jpg,3,2281.6269,2284.2074,3,1,2.5609,,0,0,0,0,1,,,,,,,,,,,,,,,,,,,,,,,,,,,,,,,,,,,,,,,,,,,,,,,,,
,,,2025-08-11_11h49.07.415,CFMT_CCMT_Face_recognition,03.02.2023,Win32,59.88023952,5987030cfd8cca00015cbc26,6899c7d7c4c961a016830ad3,6899c9e6bd6c17c70a8e8fea,,,,,,,,,,,,,,,,,,,,,,,,,,,,,,,,,,,,,,,,,,,,,,,,,,,,,,,,,,,,,,,,,,,,,,,,,,,,,,,,,,,,,,,,,,,,,,,,2287.1082,2287.6073,,,,,,,,,,,,,,,,,,,,,,,,,,,,,,,stimuli/Nate_front_cropped.jpg,stimuli/N_2_Iden_Front.jpg,1,2284.7084,2287.1081,1,1,2.3711,,0,1,1,1,1,,,,,,,,,,,,,,,,,,,,,,,,,,,,,,,,,,,,,,,,,,,,,,,,,
,,,2025-08-11_11h49.07.415,CFMT_CCMT_Face_recognition,03.02.2023,Win32,59.88023952,5987030cfd8cca00015cbc26,6899c7d7c4c961a016830ad3,6899c9e6bd6c17c70a8e8fea,,,,,,,,,,,,,,,,,,,,,,,,,,,,,,,,,,,,,,,,,,,,,,,,,,,,,,,,,,,,,,,,,,,,,,,,,,,,,,,,,,,,,,,,,,,,,,,,2289.8916,2290.391,,,,,,,,,,,,,,,,,,,,,,,,,,,,,,,stimuli/Nate_right_cropped.jpg,stimuli/N_3_Iden_R.jpg,3,2287.6076,2289.8916,3,1,2.2577,,0,2,2,2,1,,,,,,,,,,,,,,,,,,,,,,,,,,,,,,,,,,,,,,,,,,,,,,,,,
,,,2025-08-11_11h49.07.415,CFMT_CCMT_Face_recognition,03.02.2023,Win32,59.88023952,5987030cfd8cca00015cbc26,6899c7d7c4c961a016830ad3,6899c9e6bd6c17c70a8e8fea,,,,,,,,,,,,,,,,,,,,,,,,,,,,,,,,,,,,,,,,,,,,,,,,,,,,,,,,,,,,,,,,,,,,,,,,,,,,,,,,,,,,,,,,,,,,,,,,2295.2748,2295.774,,,,,,,,,,,,,,,,,,,,,,2290.3914,2291.7749,2292.2741,2295.2748,0,0,0,0,1,stimuli/Zack_Left_cropped.jpg,stimuli/Z_1_Iden_L.jpg,1,,,,,,,,,,,,,,,,,,,,,,,,,,,,,,,,,,,,,,,,,,,,,,,,,,,,,,,,,,,,
,,,2025-08-11_11h49.07.415,CFMT_CCMT_Face_recognition,03.02.2023,Win32,59.88023952,5987030cfd8cca00015cbc26,6899c7d7c4c961a016830ad3,6899c9e6bd6c17c70a8e8fea,,,,,,,,,,,,,,,,,,,,,,,,,,,,,,,,,,,,,,,,,,,,,,,,,,,,,,,,,,,,,,,,,,,,,,,,,,,,,,,,,,,,,,,,,,,,,,,,2299.2744,2299.7746,,,,,,,,,,,,,,,,,,,,,,,,2296.2748,2299.2744,0,1,1,1,1,stimuli/Zack_Front_cropped.jpg,stimuli/Z_2_Iden_Front.jpg,3,,,,,,,,,,,,,,,,,,,,,,,,,,,,,,,,,,,,,,,,,,,,,,,,,,,,,,,,,,,,
,,,2025-08-11_11h49.07.415,CFMT_CCMT_Face_recognition,03.02.2023,Win32,59.88023952,5987030cfd8cca00015cbc26,6899c7d7c4c961a016830ad3,6899c9e6bd6c17c70a8e8fea,,,,,,,,,,,,,,,,,,,,,,,,,,,,,,,,,,,,,,,,,,,,,,,,,,,,,,,,,,,,,,,,,,,,,,,,,,,,,,,,,,,,,,,,,,,,,,,,2303.2764,2303.7746,,,,,,,,,,,,,,,,,,,,,,,,2300.2745,2303.2764,0,2,2,2,1,stimuli/Zack_Right_Cropped.jpg,stimuli/Z_3_Iden_R.jpg,1,,,,,,,,,,,,,,,,,,,,,,,,,,,,,,,,,,,,,,,,,,,,,,,,,,,,,,,,,,,,
,,,2025-08-11_11h49.07.415,CFMT_CCMT_Face_recognition,03.02.2023,Win32,59.88023952,5987030cfd8cca00015cbc26,6899c7d7c4c961a016830ad3,6899c9e6bd6c17c70a8e8fea,,,,,,,,,,,,,,,,,,,,,,,,,,,,,,,,,,,,,,,,,,,,,,,,,,,,,,,,,,,,,,,,,,,,,,,,,,,,,,,,,,,,,,,,,,,,,,,,2306.2414,2306.7411,,,,,,,,,,,,,,,,,,,,,,,,,,,,,,,stimuli/Zack_Left_cropped.jpg,stimuli/Z_1_Iden_L.jpg,1,2303.7771,2306.2413,1,1,2.4418,,0,0,0,0,1,,,,,,,,,,,,,,,,,,,,,,,,,,,,,,,,,,,,,,,,,,,,,,,,,
,,,2025-08-11_11h49.07.415,CFMT_CCMT_Face_recognition,03.02.2023,Win32,59.88023952,5987030cfd8cca00015cbc26,6899c7d7c4c961a016830ad3,6899c9e6bd6c17c70a8e8fea,,,,,,,,,,,,,,,,,,,,,,,,,,,,,,,,,,,,,,,,,,,,,,,,,,,,,,,,,,,,,,,,,,,,,,,,,,,,,,,,,,,,,,,,,,,,,,,,2310.6915,2311.1916,,,,,,,,,,,,,,,,,,,,,,,,,,,,,,,stimuli/Zack_Front_cropped.jpg,stimuli/Z_2_Iden_Front.jpg,3,2306.7415,2310.6914,3,1,3.9228,,0,1,1,1,1,,,,,,,,,,,,,,,,,,,,,,,,,,,,,,,,,,,,,,,,,,,,,,,,,
,,,2025-08-11_11h49.07.415,CFMT_CCMT_Face_recognition,03.02.2023,Win32,59.88023952,5987030cfd8cca00015cbc26,6899c7d7c4c961a016830ad3,6899c9e6bd6c17c70a8e8fea,,,,,,,,,,,,,,,,,,,,,,,,,,,,,,,,,,,,,,,,,,,,,,,,,,,,,,,,,,,,,,,,,,,,,,,,,,,,,,,,,,,,,,,,,,,,,,,,2313.2748,2313.7745,,,,,,,,,,,,,,,,,,,,,,,,,,,,,,,stimuli/Zack_Right_Cropped.jpg,stimuli/Z_3_Iden_R.jpg,1,2311.1921,2313.2748,1,1,2.0577,,0,2,2,2,1,,,,,,,,,,,,,,,,,,,,,,,,,,,,,,,,,,,,,,,,,,,,,,,,,
,,,2025-08-11_11h49.07.415,CFMT_CCMT_Face_recognition,03.02.2023,Win32,59.88023952,5987030cfd8cca00015cbc26,6899c7d7c4c961a016830ad3,6899c9e6bd6c17c70a8e8fea,,,,,,,,,,,,,,,,,,,,,,,,,,,,,,,,,,,,,,,,,,,,,,,,,,,,,,,,,,,,,,,,,,,,,,,,,,,,,,,,,,,,,,,,,,,,,,,,2347.1575,2347.6575,,,,,,,,,,,,,,,,,,,,,,,,,,,,,,,,,,,,,,,,,,,,,2313.7747,2316.6912,2317.1913,2337.1914,2337.6917,2342.5248,2343.0265,2343.0275,2343.0275,2343.0276,2343.0301,2347.1574,1,1,4.1122,,0,0,0,0,1,stimuli/M_5_Front_Halflit.jpg,1,,,,,,,,,,,,,,,,,,,,,,,,,,
,,,2025-08-11_11h49.07.415,CFMT_CCMT_Face_recognition,03.02.2023,Win32,59.88023952,5987030cfd8cca00015cbc26,6899c7d7c4c961a016830ad3,6899c9e6bd6c17c70a8e8fea,,,,,,,,,,,,,,,,,,,,,,,,,,,,,,,,,,,,,,,,,,,,,,,,,,,,,,,,,,,,,,,,,,,,,,,,,,,,,,,,,,,,,,,,,,,,,,,,2354.2074,2354.7081,,,,,,,,,,,,,,,,,,,,,,,,,,,,,,,,,,,,,,,,,,,,,,,,,,,,,,,2347.6579,2354.2073,2,1,6.5192,,0,1,1,1,1,stimuli/N_8_13_R_Pro_dark.jpg,2,,,,,,,,,,,,,,,,,,,,,,,,,,
,,,2025-08-11_11h49.07.415,CFMT_CCMT_Face_recognition,03.02.2023,Win32,59.88023952,5987030cfd8cca00015cbc26,6899c7d7c4c961a016830ad3,6899c9e6bd6c17c70a8e8fea,,,,,,,,,,,,,,,,,,,,,,,,,,,,,,,,,,,,,,,,,,,,,,,,,,,,,,,,,,,,,,,,,,,,,,,,,,,,,,,,,,,,,,,,,,,,,,,,2358.7745,2359.2745,,,,,,,,,,,,,,,,,,,,,,,,,,,,,,,,,,,,,,,,,,,,,,,,,,,,,,,2354.7088,2358.7745,1,1,4.0359,,0,2,2,2,1,stimuli/Z_6_23_Pro_L.jpg,1,,,,,,,,,,,,,,,,,,,,,,,,,,
,,,2025-08-11_11h49.07.415,CFMT_CCMT_Face_recognition,03.02.2023,Win32,59.88023952,5987030cfd8cca00015cbc26,6899c7d7c4c961a016830ad3,6899c9e6bd6c17c70a8e8fea,,,,,,,,,,,,,,,,,,,,,,,,,,,,,,,,,,,,,,,,,,,,,,,,,,,,,,,,,,,,,,,,,,,,,,,,,,,,,,,,,,,,,,,,,,,,,,,,2365.0077,2365.5081,,,,,,,,,,,,,,,,,,,,,,,,,,,,,,,,,,,,,,,,,,,,,,,,,,,,,,,2359.2748,2365.0077,2,0,5.7022,,0,3,3,3,1,stimuli/D5_Halflit_Frontal.jpg,3,,,,,,,,,,,,,,,,,,,,,,,,,,
,,,2025-08-11_11h49.07.415,CFMT_CCMT_Face_recognition,03.02.2023,Win32,59.88023952,5987030cfd8cca00015cbc26,6899c7d7c4c961a016830ad3,6899c9e6bd6c17c70a8e8fea,,,,,,,,,,,,,,,,,,,,,,,,,,,,,,,,,,,,,,,,,,,,,,,,,,,,,,,,,,,,,,,,,,,,,,,,,,,,,,,,,,,,,,,,,,,,,,,,2374.024,2374.524,,,,,,,,,,,,,,,,,,,,,,,,,,,,,,,,,,,,,,,,,,,,,,,,,,,,,,,2365.5087,2374.0239,2,0,8.4832,,0,4,4,4,1,stimuli/B7_Bottomlit_Frontal.jpg,3,,,,,,,,,,,,,,,,,,,,,,,,,,
,,,2025-08-11_11h49.07.415,CFMT_CCMT_Face_recognition,03.02.2023,Win32,59.88023952,5987030cfd8cca00015cbc26,6899c7d7c4c961a016830ad3,6899c9e6bd6c17c70a8e8fea,,,,,,,,,,,,,,,,,,,,,,,,,,,,,,,,,,,,,,,,,,,,,,,,,,,,,,,,,,,,,,,,,,,,,,,,,,,,,,,,,,,,,,,,,,,,,,,,2382.5243,2383.0242,,,,,,,,,,,,,,,,,,,,,,,,,,,,,,,,,,,,,,,,,,,,,,,,,,,,,,,2374.5243,2382.5243,3,0,7.9803,,0,5,5,5,1,stimuli/J_6_23_L_Pro.jpg,2,,,,,,,,,,,,,,,,,,,,,,,,,,
,,,2025-08-11_11h49.07.415,CFMT_CCMT_Face_recognition,03.02.2023,Win32,59.88023952,5987030cfd8cca00015cbc26,6899c7d7c4c961a016830ad3,6899c9e6bd6c17c70a8e8fea,,,,,,,,,,,,,,,,,,,,,,,,,,,,,,,,,,,,,,,,,,,,,,,,,,,,,,,,,,,,,,,,,,,,,,,,,,,,,,,,,,,,,,,,,,,,,,,,2389.9073,2390.4081,,,,,,,,,,,,,,,,,,,,,,,,,,,,,,,,,,,,,,,,,,,,,,,,,,,,,,,2383.0246,2389.9072,1,1,6.8636,,0,6,6,6,1,stimuli/D7_Bottomlit_Frontal.jpg,1,,,,,,,,,,,,,,,,,,,,,,,,,,
,,,2025-08-11_11h49.07.415,CFMT_CCMT_Face_recognition,03.02.2023,Win32,59.88023952,5987030cfd8cca00015cbc26,6899c7d7c4c961a016830ad3,6899c9e6bd6c17c70a8e8fea,,,,,,,,,,,,,,,,,,,,,,,,,,,,,,,,,,,,,,,,,,,,,,,,,,,,,,,,,,,,,,,,,,,,,,,,,,,,,,,,,,,,,,,,,,,,,,,,2392.8245,2393.3245,,,,,,,,,,,,,,,,,,,,,,,,,,,,,,,,,,,,,,,,,,,,,,,,,,,,,,,2390.4086,2392.8244,3,1,2.3934,,0,7,7,7,1,stimuli/Z_5_Front_Half.jpg,3,,,,,,,,,,,,,,,,,,,,,,,,,,
,,,2025-08-11_11h49.07.415,CFMT_CCMT_Face_recognition,03.02.2023,Win32,59.88023952,5987030cfd8cca00015cbc26,6899c7d7c4c961a016830ad3,6899c9e6bd6c17c70a8e8fea,,,,,,,,,,,,,,,,,,,,,,,,,,,,,,,,,,,,,,,,,,,,,,,,,,,,,,,,,,,,,,,,,,,,,,,,,,,,,,,,,,,,,,,,,,,,,,,,2397.3578,2397.8575,,,,,,,,,,,,,,,,,,,,,,,,,,,,,,,,,,,,,,,,,,,,,,,,,,,,,,,2393.3251,2397.3578,2,1,4.0115,,0,8,8,8,1,stimuli/M_6_23_L_Pro.jpg,2,,,,,,,,,,,,,,,,,,,,,,,,,,
,,,2025-08-11_11h49.07.415,CFMT_CCMT_Face_recognition,03.02.2023,Win32,59.88023952,5987030cfd8cca00015cbc26,6899c7d7c4c961a016830ad3,6899c9e6bd6c17c70a8e8fea,,,,,,,,,,,,,,,,,,,,,,,,,,,,,,,,,,,,,,,,,,,,,,,,,,,,,,,,,,,,,,,,,,,,,,,,,,,,,,,,,,,,,,,,,,,,,,,,2411.9241,2412.4239,,,,,,,,,,,,,,,,,,,,,,,,,,,,,,,,,,,,,,,,,,,,,,,,,,,,,,,2397.8579,2411.924,3,1,14.0396,,0,9,9,9,1,stimuli/J_7_Bottom_Lit.jpg,3,,,,,,,,,,,,,,,,,,,,,,,,,,
,,,2025-08-11_11h49.07.415,CFMT_CCMT_Face_recognition,03.02.2023,Win32,59.88023952,5987030cfd8cca00015cbc26,6899c7d7c4c961a016830ad3,6899c9e6bd6c17c70a8e8fea,,,,,,,,,,,,,,,,,,,,,,,,,,,,,,,,,,,,,,,,,,,,,,,,,,,,,,,,,,,,,,,,,,,,,,,,,,,,,,,,,,,,,,,,,,,,,,,,2416.5073,2417.0078,,,,,,,,,,,,,,,,,,,,,,,,,,,,,,,,,,,,,,,,,,,,,,,,,,,,,,,2412.4242,2416.5072,2,1,4.0562,,0,10,10,10,1,stimuli/N_4_23_R_Pro.jpg,2,,,,,,,,,,,,,,,,,,,,,,,,,,
,,,2025-08-11_11h49.07.415,CFMT_CCMT_Face_recognition,03.02.2023,Win32,59.88023952,5987030cfd8cca00015cbc26,6899c7d7c4c961a016830ad3,6899c9e6bd6c17c70a8e8fea,,,,,,,,,,,,,,,,,,,,,,,,,,,,,,,,,,,,,,,,,,,,,,,,,,,,,,,,,,,,,,,,,,,,,,,,,,,,,,,,,,,,,,,,,,,,,,,,2424.3072,2424.808,,,,,,,,,,,,,,,,,,,,,,,,,,,,,,,,,,,,,,,,,,,,,,,,,,,,,,,2417.0083,2424.3071,2,0,7.2808,,0,11,11,11,1,stimuli/M_8_13_R_Pro_dark.jpg,3,,,,,,,,,,,,,,,,,,,,,,,,,,
,,,2025-08-11_11h49.07.415,CFMT_CCMT_Face_recognition,03.02.2023,Win32,59.88023952,5987030cfd8cca00015cbc26,6899c7d7c4c961a016830ad3,6899c9e6bd6c17c70a8e8fea,,,,,,,,,,,,,,,,,,,,,,,,,,,,,,,,,,,,,,,,,,,,,,,,,,,,,,,,,,,,,,,,,,,,,,,,,,,,,,,,,,,,,,,,,,,,,,,,2427.2248,2427.7244,,,,,,,,,,,,,,,,,,,,,,,,,,,,,,,,,,,,,,,,,,,,,,,,,,,,,,,2424.8085,2427.2248,3,0,2.3928,,0,12,12,12,1,stimuli/J_5_Front_Halflit.jpg,2,,,,,,,,,,,,,,,,,,,,,,,,,,
,,,2025-08-11_11h49.07.415,CFMT_CCMT_Face_recognition,03.02.2023,Win32,59.88023952,5987030cfd8cca00015cbc26,6899c7d7c4c961a016830ad3,6899c9e6bd6c17c70a8e8fea,,,,,,,,,,,,,,,,,,,,,,,,,,,,,,,,,,,,,,,,,,,,,,,,,,,,,,,,,,,,,,,,,,,,,,,,,,,,,,,,,,,,,,,,,,,,,,,,2434.5576,2435.0577,,,,,,,,,,,,,,,,,,,,,,,,,,,,,,,,,,,,,,,,,,,,,,,,,,,,,,,2427.7249,2434.5575,1,1,6.8119,,0,13,13,13,1,stimuli/N_7_Front_Bot.jpg,1,,,,,,,,,,,,,,,,,,,,,,,,,,
,,,2025-08-11_11h49.07.415,CFMT_CCMT_Face_recognition,03.02.2023,Win32,59.88023952,5987030cfd8cca00015cbc26,6899c7d7c4c961a016830ad3,6899c9e6bd6c17c70a8e8fea,,,,,,,,,,,,,,,,,,,,,,,,,,,,,,,,,,,,,,,,,,,,,,,,,,,,,,,,,,,,,,,,,,,,,,,,,,,,,,,,,,,,,,,,,,,,,,,,2436.9075,2437.4076,,,,,,,,,,,,,,,,,,,,,,,,,,,,,,,,,,,,,,,,,,,,,,,,,,,,,,,2435.0579,2436.9075,2,1,1.8176,,0,14,14,14,1,stimuli/Z_4_23_Pro_R.jpg,2,,,,,,,,,,,,,,,,,,,,,,,,,,
,,,2025-08-11_11h49.07.415,CFMT_CCMT_Face_recognition,03.02.2023,Win32,59.88023952,5987030cfd8cca00015cbc26,6899c7d7c4c961a016830ad3,6899c9e6bd6c17c70a8e8fea,,,,,,,,,,,,,,,,,,,,,,,,,,,,,,,,,,,,,,,,,,,,,,,,,,,,,,,,,,,,,,,,,,,,,,,,,,,,,,,,,,,,,,,,,,,,,,,,2441.0413,2441.5412,,,,,,,,,,,,,,,,,,,,,,,,,,,,,,,,,,,,,,,,,,,,,,,,,,,,,,,2437.4081,2441.0411,3,0,3.6095,,0,15,15,15,1,stimuli/D8_13_Profile_R.jpg,2,,,,,,,,,,,,,,,,,,,,,,,,,,
,,,2025-08-11_11h49.07.415,CFMT_CCMT_Face_recognition,03.02.2023,Win32,59.88023952,5987030cfd8cca00015cbc26,6899c7d7c4c961a016830ad3,6899c9e6bd6c17c70a8e8fea,,,,,,,,,,,,,,,,,,,,,,,,,,,,,,,,,,,,,,,,,,,,,,,,,,,,,,,,,,,,,,,,,,,,,,,,,,,,,,,,,,,,,,,,,,,,,,,,2446.1739,2446.6746,,,,,,,,,,,,,,,,,,,,,,,,,,,,,,,,,,,,,,,,,,,,,,,,,,,,,,,2441.5415,2446.1738,2,1,4.6109,,0,16,16,16,1,stimuli/M_7_Front_Bot.jpg,2,,,,,,,,,,,,,,,,,,,,,,,,,,
,,,2025-08-11_11h49.07.415,CFMT_CCMT_Face_recognition,03.02.2023,Win32,59.88023952,5987030cfd8cca00015cbc26,6899c7d7c4c961a016830ad3,6899c9e6bd6c17c70a8e8fea,,,,,,,,,,,,,,,,,,,,,,,,,,,,,,,,,,,,,,,,,,,,,,,,,,,,,,,,,,,,,,,,,,,,,,,,,,,,,,,,,,,,,,,,,,,,,,,,2455.6244,2456.1247,,,,,,,,,,,,,,,,,,,,,,,,,,,,,,,,,,,,,,,,,,,,,,,,,,,,,,,2446.675,2455.6244,2,1,8.925,,0,17,17,17,1,stimuli/B4_23_pro_ri.jpg,2,,,,,,,,,,,,,,,,,,,,,,,,,,
,,,2025-08-11_11h49.07.415,CFMT_CCMT_Face_recognition,03.02.2023,Win32,59.88023952,5987030cfd8cca00015cbc26,6899c7d7c4c961a016830ad3,6899c9e6bd6c17c70a8e8fea,,,,,,,,,,,,,,,,,,,,,,,,,,,,,,,,,,,,,,,,,,,,,,,,,,,,,,,,,,,,,,,,,,,,,,,,,,,,,,,,,,,,,,,,,,,,,,,,2458.6412,2459.1412,,,,,,,,,,,,,,,,,,,,,,,,,,,,,,,,,,,,,,,,,,,,,,,,,,,,,,,2456.1252,2458.6412,3,0,2.484,,0,18,18,18,1,stimuli/D6_23_Profile_L.jpg,1,,,,,,,,,,,,,,,,,,,,,,,,,,
,,,2025-08-11_11h49.07.415,CFMT_CCMT_Face_recognition,03.02.2023,Win32,59.88023952,5987030cfd8cca00015cbc26,6899c7d7c4c961a016830ad3,6899c9e6bd6c17c70a8e8fea,,,,,,,,,,,,,,,,,,,,,,,,,,,,,,,,,,,,,,,,,,,,,,,,,,,,,,,,,,,,,,,,,,,,,,,,,,,,,,,,,,,,,,,,,,,,,,,,2461.9583,2462.4572,,,,,,,,,,,,,,,,,,,,,,,,,,,,,,,,,,,,,,,,,,,,,,,,,,,,,,,2459.1416,2461.9581,3,1,2.7882,,0,19,19,19,1,stimuli/N_5_Front_Half.jpg,3,,,,,,,,,,,,,,,,,,,,,,,,,,
,,,2025-08-11_11h49.07.415,CFMT_CCMT_Face_recognition,03.02.2023,Win32,59.88023952,5987030cfd8cca00015cbc26,6899c7d7c4c961a016830ad3,6899c9e6bd6c17c70a8e8fea,,,,,,,,,,,,,,,,,,,,,,,,,,,,,,,,,,,,,,,,,,,,,,,,,,,,,,,,,,,,,,,,,,,,,,,,,,,,,,,,,,,,,,,,,,,,,,,,2464.8914,2465.391,,,,,,,,,,,,,,,,,,,,,,,,,,,,,,,,,,,,,,,,,,,,,,,,,,,,,,,2462.4575,2464.8914,2,0,2.4079,,0,20,20,20,1,stimuli/B6_23_pro_L.jpg,1,,,,,,,,,,,,,,,,,,,,,,,,,,
,,,2025-08-11_11h49.07.415,CFMT_CCMT_Face_recognition,03.02.2023,Win32,59.88023952,5987030cfd8cca00015cbc26,6899c7d7c4c961a016830ad3,6899c9e6bd6c17c70a8e8fea,,,,,,,,,,,,,,,,,,,,,,,,,,,,,,,,,,,,,,,,,,,,,,,,,,,,,,,,,,,,,,,,,,,,,,,,,,,,,,,,,,,,,,,,,,,,,,,,2470.1907,2470.691,,,,,,,,,,,,,,,,,,,,,,,,,,,,,,,,,,,,,,,,,,,,,,,,,,,,,,,2465.3912,2470.1906,2,1,4.7687,,0,21,21,21,1,stimuli/Z_8_13_Pro_R_dark.jpg,2,,,,,,,,,,,,,,,,,,,,,,,,,,
,,,2025-08-11_11h49.07.415,CFMT_CCMT_Face_recognition,03.02.2023,Win32,59.88023952,5987030cfd8cca00015cbc26,6899c7d7c4c961a016830ad3,6899c9e6bd6c17c70a8e8fea,,,,,,,,,,,,,,,,,,,,,,,,,,,,,,,,,,,,,,,,,,,,,,,,,,,,,,,,,,,,,,,,,,,,,,,,,,,,,,,,,,,,,,,,,,,,,,,,2475.5083,2476.0072,,,,,,,,,,,,,,,,,,,,,,,,,,,,,,,,,,,,,,,,,,,,,,,,,,,,,,,2470.6913,2475.5082,2,1,4.7885,,0,22,22,22,1,stimuli/J_4_23_R_Pro.jpg,2,,,,,,,,,,,,,,,,,,,,,,,,,,
,,,2025-08-11_11h49.07.415,CFMT_CCMT_Face_recognition,03.02.2023,Win32,59.88023952,5987030cfd8cca00015cbc26,6899c7d7c4c961a016830ad3,6899c9e6bd6c17c70a8e8fea,,,,,,,,,,,,,,,,,,,,,,,,,,,,,,,,,,,,,,,,,,,,,,,,,,,,,,,,,,,,,,,,,,,,,,,,,,,,,,,,,,,,,,,,,,,,,,,,2480.0406,2480.5411,,,,,,,,,,,,,,,,,,,,,,,,,,,,,,,,,,,,,,,,,,,,,,,,,,,,,,,2476.0074,2480.0406,3,0,4.0088,,0,23,23,23,1,stimuli/B8_13_pro_R_HS.jpg,1,,,,,,,,,,,,,,,,,,,,,,,,,,
,,,2025-08-11_11h49.07.415,CFMT_CCMT_Face_recognition,03.02.2023,Win32,59.88023952,5987030cfd8cca00015cbc26,6899c7d7c4c961a016830ad3,6899c9e6bd6c17c70a8e8fea,,,,,,,,,,,,,,,,,,,,,,,,,,,,,,,,,,,,,,,,,,,,,,,,,,,,,,,,,,,,,,,,,,,,,,,,,,,,,,,,,,,,,,,,,,,,,,,,2484.6077,2485.1077,,,,,,,,,,,,,,,,,,,,,,,,,,,,,,,,,,,,,,,,,,,,,,,,,,,,,,,2480.5418,2484.6076,1,0,4.0433,,0,24,24,24,1,stimuli/M_4_23_R_Pro.jpg,3,,,,,,,,,,,,,,,,,,,,,,,,,,
,,,2025-08-11_11h49.07.415,CFMT_CCMT_Face_recognition,03.02.2023,Win32,59.88023952,5987030cfd8cca00015cbc26,6899c7d7c4c961a016830ad3,6899c9e6bd6c17c70a8e8fea,,,,,,,,,,,,,,,,,,,,,,,,,,,,,,,,,,,,,,,,,,,,,,,,,,,,,,,,,,,,,,,,,,,,,,,,,,,,,,,,,,,,,,,,,,,,,,,,2490.7078,2491.208,,,,,,,,,,,,,,,,,,,,,,,,,,,,,,,,,,,,,,,,,,,,,,,,,,,,,,,2485.108,2490.7078,1,1,5.5686,,0,25,25,25,1,stimuli/J_8_13_r_pro_dark.jpg,1,,,,,,,,,,,,,,,,,,,,,,,,,,
,,,2025-08-11_11h49.07.415,CFMT_CCMT_Face_recognition,03.02.2023,Win32,59.88023952,5987030cfd8cca00015cbc26,6899c7d7c4c961a016830ad3,6899c9e6bd6c17c70a8e8fea,,,,,,,,,,,,,,,,,,,,,,,,,,,,,,,,,,,,,,,,,,,,,,,,,,,,,,,,,,,,,,,,,,,,,,,,,,,,,,,,,,,,,,,,,,,,,,,,2493.8905,2494.391,,,,,,,,,,,,,,,,,,,,,,,,,,,,,,,,,,,,,,,,,,,,,,,,,,,,,,,2491.2085,2493.8905,2,1,2.6495,,0,26,26,26,1,stimuli/Z_7_Front_Bot.jpg,2,,,,,,,,,,,,,,,,,,,,,,,,,,
,,,2025-08-11_11h49.07.415,CFMT_CCMT_Face_recognition,03.02.2023,Win32,59.88023952,5987030cfd8cca00015cbc26,6899c7d7c4c961a016830ad3,6899c9e6bd6c17c70a8e8fea,,,,,,,,,,,,,,,,,,,,,,,,,,,,,,,,,,,,,,,,,,,,,,,,,,,,,,,,,,,,,,,,,,,,,,,,,,,,,,,,,,,,,,,,,,,,,,,,2499.991,2500.4909,,,,,,,,,,,,,,,,,,,,,,,,,,,,,,,,,,,,,,,,,,,,,,,,,,,,,,,2494.3917,2499.991,2,0,5.5776,,0,27,27,27,1,stimuli/D4_23_profile_R.jpg,1,,,,,,,,,,,,,,,,,,,,,,,,,,
,,,2025-08-11_11h49.07.415,CFMT_CCMT_Face_recognition,03.02.2023,Win32,59.88023952,5987030cfd8cca00015cbc26,6899c7d7c4c961a016830ad3,6899c9e6bd6c17c70a8e8fea,,,,,,,,,,,,,,,,,,,,,,,,,,,,,,,,,,,,,,,,,,,,,,,,,,,,,,,,,,,,,,,,,,,,,,,,,,,,,,,,,,,,,,,,,,,,,,,,2503.1083,2503.6078,,,,,,,,,,,,,,,,,,,,,,,,,,,,,,,,,,,,,,,,,,,,,,,,,,,,,,,2500.4915,2503.1082,1,1,2.5832,,0,28,28,28,1,stimuli/N_6_23_L_Pro.jpg,1,,,,,,,,,,,,,,,,,,,,,,,,,,
,,,2025-08-11_11h49.07.415,CFMT_CCMT_Face_recognition,03.02.2023,Win32,59.88023952,5987030cfd8cca00015cbc26,6899c7d7c4c961a016830ad3,6899c9e6bd6c17c70a8e8fea,,,,,,,,,,,,,,,,,,,,,,,,,,,,,,,,,,,,,,,,,,,,,,,,,,,,,,,,,,,,,,,,,,,,,,,,,,,,,,,,,,,,,,,,,,,,,,,,2507.691,2508.1904,,,,,,,,,,,,,,,,,,,,,,,,,,,,,,,,,,,,,,,,,,,,,,,,,,,,,,,2503.6083,2507.691,3,1,4.0498,,0,29,29,29,1,stimuli/B5_halflit_frontal.jpg,3,,,,,,,,,,,,,,,,,,,,,,,,,,
,,,2025-08-11_11h49.07.415,CFMT_CCMT_Face_recognition,03.02.2023,Win32,59.88023952,5987030cfd8cca00015cbc26,6899c7d7c4c961a016830ad3,6899c9e6bd6c17c70a8e8fea,,,,,,,,,,,,,,,,,,,,,,,,,,,,,,,,,,,,,,,,,,,,,,,,,,,,,,,,,,,,,,,,,,,,,,,,,,,,,,,,,,,,,,,,,,,,,,,,2534.1905,2534.691,,,,,,,,,,,,,,,,,,,,,,,,,,,,,,,,,,,,,,,,,,,,,,,,,,,2508.191,2528.1912,2528.1912,2528.6911,2528.6944,2534.1904,2,1,5.4777,,0,0,0,0,1,stimuli/Z_12_Front_Noisy.jpg,2,,,,,,,,,,,,,,,,,,,,,,,,,,
,,,2025-08-11_11h49.07.415,CFMT_CCMT_Face_recognition,03.02.2023,Win32,59.88023952,5987030cfd8cca00015cbc26,6899c7d7c4c961a016830ad3,6899c9e6bd6c17c70a8e8fea,,,,,,,,,,,,,,,,,,,,,,,,,,,,,,,,,,,,,,,,,,,,,,,,,,,,,,,,,,,,,,,,,,,,,,,,,,,,,,,,,,,,,,,,,,,,,,,,2537.7082,2538.2071,,,,,,,,,,,,,,,,,,,,,,,,,,,,,,,,,,,,,,,,,,,,,,,,,,,,,,,2534.6917,2537.7081,3,1,2.9896,,0,1,1,1,1,stimuli/M_11_23_N_R_Pro.jpg,3,,,,,,,,,,,,,,,,,,,,,,,,,,
,,,2025-08-11_11h49.07.415,CFMT_CCMT_Face_recognition,03.02.2023,Win32,59.88023952,5987030cfd8cca00015cbc26,6899c7d7c4c961a016830ad3,6899c9e6bd6c17c70a8e8fea,,,,,,,,,,,,,,,,,,,,,,,,,,,,,,,,,,,,,,,,,,,,,,,,,,,,,,,,,,,,,,,,,,,,,,,,,,,,,,,,,,,,,,,,,,,,,,,,2541.4415,2541.9412,,,,,,,,,,,,,,,,,,,,,,,,,,,,,,,,,,,,,,,,,,,,,,,,,,,,,,,2538.2075,2541.4414,3,0,3.2101,,0,2,2,2,1,stimuli/D10_Noisy_13_Profile_L.jpg,1,,,,,,,,,,,,,,,,,,,,,,,,,,
,,,2025-08-11_11h49.07.415,CFMT_CCMT_Face_recognition,03.02.2023,Win32,59.88023952,5987030cfd8cca00015cbc26,6899c7d7c4c961a016830ad3,6899c9e6bd6c17c70a8e8fea,,,,,,,,,,,,,,,,,,,,,,,,,,,,,,,,,,,,,,,,,,,,,,,,,,,,,,,,,,,,,,,,,,,,,,,,,,,,,,,,,,,,,,,,,,,,,,,,2544.4081,2544.9076,,,,,,,,,,,,,,,,,,,,,,,,,,,,,,,,,,,,,,,,,,,,,,,,,,,,,,,2541.9418,2544.408,3,0,2.4347,,0,3,3,3,1,stimuli/J_12_Frontal_HS.jpg,1,,,,,,,,,,,,,,,,,,,,,,,,,,
,,,2025-08-11_11h49.07.415,CFMT_CCMT_Face_recognition,03.02.2023,Win32,59.88023952,5987030cfd8cca00015cbc26,6899c7d7c4c961a016830ad3,6899c9e6bd6c17c70a8e8fea,,,,,,,,,,,,,,,,,,,,,,,,,,,,,,,,,,,,,,,,,,,,,,,,,,,,,,,,,,,,,,,,,,,,,,,,,,,,,,,,,,,,,,,,,,,,,,,,2547.258,2547.7574,,,,,,,,,,,,,,,,,,,,,,,,,,,,,,,,,,,,,,,,,,,,,,,,,,,,,,,2544.9078,2547.2579,2,0,2.3182,,0,4,4,4,1,stimuli/J_11_23_pro_R.jpg,3,,,,,,,,,,,,,,,,,,,,,,,,,,
,,,2025-08-11_11h49.07.415,CFMT_CCMT_Face_recognition,03.02.2023,Win32,59.88023952,5987030cfd8cca00015cbc26,6899c7d7c4c961a016830ad3,6899c9e6bd6c17c70a8e8fea,,,,,,,,,,,,,,,,,,,,,,,,,,,,,,,,,,,,,,,,,,,,,,,,,,,,,,,,,,,,,,,,,,,,,,,,,,,,,,,,,,,,,,,,,,,,,,,,2550.0573,2550.5577,,,,,,,,,,,,,,,,,,,,,,,,,,,,,,,,,,,,,,,,,,,,,,,,,,,,,,,2547.7577,2550.0572,1,1,2.268,,0,5,5,5,1,stimuli/N_9_Front_LS.jpg,1,,,,,,,,,,,,,,,,,,,,,,,,,,
,,,2025-08-11_11h49.07.415,CFMT_CCMT_Face_recognition,03.02.2023,Win32,59.88023952,5987030cfd8cca00015cbc26,6899c7d7c4c961a016830ad3,6899c9e6bd6c17c70a8e8fea,,,,,,,,,,,,,,,,,,,,,,,,,,,,,,,,,,,,,,,,,,,,,,,,,,,,,,,,,,,,,,,,,,,,,,,,,,,,,,,,,,,,,,,,,,,,,,,,2553.5571,2554.057,,,,,,,,,,,,,,,,,,,,,,,,,,,,,,,,,,,,,,,,,,,,,,,,,,,,,,,2550.5583,2553.557,2,1,2.9785,,0,6,6,6,1,stimuli/B12_Noisy_frontal_HS.jpg,2,,,,,,,,,,,,,,,,,,,,,,,,,,
,,,2025-08-11_11h49.07.415,CFMT_CCMT_Face_recognition,03.02.2023,Win32,59.88023952,5987030cfd8cca00015cbc26,6899c7d7c4c961a016830ad3,6899c9e6bd6c17c70a8e8fea,,,,,,,,,,,,,,,,,,,,,,,,,,,,,,,,,,,,,,,,,,,,,,,,,,,,,,,,,,,,,,,,,,,,,,,,,,,,,,,,,,,,,,,,,,,,,,,,2556.0743,2556.5738,,,,,,,,,,,,,,,,,,,,,,,,,,,,,,,,,,,,,,,,,,,,,,,,,,,,,,,2554.0573,2556.0742,2,0,1.9845,,0,7,7,7,1,stimuli/M_12_Front_N_HS.jpg,1,,,,,,,,,,,,,,,,,,,,,,,,,,
,,,2025-08-11_11h49.07.415,CFMT_CCMT_Face_recognition,03.02.2023,Win32,59.88023952,5987030cfd8cca00015cbc26,6899c7d7c4c961a016830ad3,6899c9e6bd6c17c70a8e8fea,,,,,,,,,,,,,,,,,,,,,,,,,,,,,,,,,,,,,,,,,,,,,,,,,,,,,,,,,,,,,,,,,,,,,,,,,,,,,,,,,,,,,,,,,,,,,,,,2560.3238,2560.8243,,,,,,,,,,,,,,,,,,,,,,,,,,,,,,,,,,,,,,,,,,,,,,,,,,,,,,,2556.574,2560.3238,3,0,3.7216,,0,8,8,8,1,stimuli/D12_Noisy_Frontal_HS.jpg,2,,,,,,,,,,,,,,,,,,,,,,,,,,
,,,2025-08-11_11h49.07.415,CFMT_CCMT_Face_recognition,03.02.2023,Win32,59.88023952,5987030cfd8cca00015cbc26,6899c7d7c4c961a016830ad3,6899c9e6bd6c17c70a8e8fea,,,,,,,,,,,,,,,,,,,,,,,,,,,,,,,,,,,,,,,,,,,,,,,,,,,,,,,,,,,,,,,,,,,,,,,,,,,,,,,,,,,,,,,,,,,,,,,,2563.0073,2563.5077,,,,,,,,,,,,,,,,,,,,,,,,,,,,,,,,,,,,,,,,,,,,,,,,,,,,,,,2560.8245,2563.0073,2,1,2.1511,,0,9,9,9,1,stimuli/Z_11_23_Pro_R.jpg,2,,,,,,,,,,,,,,,,,,,,,,,,,,
,,,2025-08-11_11h49.07.415,CFMT_CCMT_Face_recognition,03.02.2023,Win32,59.88023952,5987030cfd8cca00015cbc26,6899c7d7c4c961a016830ad3,6899c9e6bd6c17c70a8e8fea,,,,,,,,,,,,,,,,,,,,,,,,,,,,,,,,,,,,,,,,,,,,,,,,,,,,,,,,,,,,,,,,,,,,,,,,,,,,,,,,,,,,,,,,,,,,,,,,2567.2913,2567.7903,,,,,,,,,,,,,,,,,,,,,,,,,,,,,,,,,,,,,,,,,,,,,,,,,,,,,,,2563.5081,2567.2912,2,1,3.7578,,0,10,10,10,1,stimuli/N_10_13_L_Pro_dark.jpg,2,,,,,,,,,,,,,,,,,,,,,,,,,,
,,,2025-08-11_11h49.07.415,CFMT_CCMT_Face_recognition,03.02.2023,Win32,59.88023952,5987030cfd8cca00015cbc26,6899c7d7c4c961a016830ad3,6899c9e6bd6c17c70a8e8fea,,,,,,,,,,,,,,,,,,,,,,,,,,,,,,,,,,,,,,,,,,,,,,,,,,,,,,,,,,,,,,,,,,,,,,,,,,,,,,,,,,,,,,,,,,,,,,,,2572.8579,2573.3578,,,,,,,,,,,,,,,,,,,,,,,,,,,,,,,,,,,,,,,,,,,,,,,,,,,,,,,2567.7906,2572.8577,1,0,5.0425,,0,11,11,11,1,stimuli/B9_Noisy_frontal_LS.jpg,2,,,,,,,,,,,,,,,,,,,,,,,,,,
,,,2025-08-11_11h49.07.415,CFMT_CCMT_Face_recognition,03.02.2023,Win32,59.88023952,5987030cfd8cca00015cbc26,6899c7d7c4c961a016830ad3,6899c9e6bd6c17c70a8e8fea,,,,,,,,,,,,,,,,,,,,,,,,,,,,,,,,,,,,,,,,,,,,,,,,,,,,,,,,,,,,,,,,,,,,,,,,,,,,,,,,,,,,,,,,,,,,,,,,2576.5079,2577.0074,,,,,,,,,,,,,,,,,,,,,,,,,,,,,,,,,,,,,,,,,,,,,,,,,,,,,,,2573.3584,2576.5078,2,0,3.1228,,0,12,12,12,1,stimuli/M_9_Front_N_LS.jpg,1,,,,,,,,,,,,,,,,,,,,,,,,,,
,,,2025-08-11_11h49.07.415,CFMT_CCMT_Face_recognition,03.02.2023,Win32,59.88023952,5987030cfd8cca00015cbc26,6899c7d7c4c961a016830ad3,6899c9e6bd6c17c70a8e8fea,,,,,,,,,,,,,,,,,,,,,,,,,,,,,,,,,,,,,,,,,,,,,,,,,,,,,,,,,,,,,,,,,,,,,,,,,,,,,,,,,,,,,,,,,,,,,,,,2579.6911,2580.1903,,,,,,,,,,,,,,,,,,,,,,,,,,,,,,,,,,,,,,,,,,,,,,,,,,,,,,,2577.0078,2579.691,2,1,2.6511,,0,13,13,13,1,stimuli/J_9_N_Frontal_50.jpg,2,,,,,,,,,,,,,,,,,,,,,,,,,,
,,,2025-08-11_11h49.07.415,CFMT_CCMT_Face_recognition,03.02.2023,Win32,59.88023952,5987030cfd8cca00015cbc26,6899c7d7c4c961a016830ad3,6899c9e6bd6c17c70a8e8fea,,,,,,,,,,,,,,,,,,,,,,,,,,,,,,,,,,,,,,,,,,,,,,,,,,,,,,,,,,,,,,,,,,,,,,,,,,,,,,,,,,,,,,,,,,,,,,,,2582.4245,2582.9243,,,,,,,,,,,,,,,,,,,,,,,,,,,,,,,,,,,,,,,,,,,,,,,,,,,,,,,2580.1905,2582.4245,1,1,2.2029,,0,14,14,14,1,stimuli/N_12_Front_Noisy.jpg,1,,,,,,,,,,,,,,,,,,,,,,,,,,
,,,2025-08-11_11h49.07.415,CFMT_CCMT_Face_recognition,03.02.2023,Win32,59.88023952,5987030cfd8cca00015cbc26,6899c7d7c4c961a016830ad3,6899c9e6bd6c17c70a8e8fea,,,,,,,,,,,,,,,,,,,,,,,,,,,,,,,,,,,,,,,,,,,,,,,,,,,,,,,,,,,,,,,,,,,,,,,,,,,,,,,,,,,,,,,,,,,,,,,,2587.8904,2588.3904,,,,,,,,,,,,,,,,,,,,,,,,,,,,,,,,,,,,,,,,,,,,,,,,,,,,,,,2582.9245,2587.8903,3,0,4.9335,,0,15,15,15,1,stimuli/B10_Noisy_13_pro_L.jpg,2,,,,,,,,,,,,,,,,,,,,,,,,,,
,,,2025-08-11_11h49.07.415,CFMT_CCMT_Face_recognition,03.02.2023,Win32,59.88023952,5987030cfd8cca00015cbc26,6899c7d7c4c961a016830ad3,6899c9e6bd6c17c70a8e8fea,,,,,,,,,,,,,,,,,,,,,,,,,,,,,,,,,,,,,,,,,,,,,,,,,,,,,,,,,,,,,,,,,,,,,,,,,,,,,,,,,,,,,,,,,,,,,,,,2592.5237,2593.0239,,,,,,,,,,,,,,,,,,,,,,,,,,,,,,,,,,,,,,,,,,,,,,,,,,,,,,,2588.3907,2592.5236,3,1,4.1144,,0,16,16,16,1,stimuli/N_11_23_R_Pro.jpg,3,,,,,,,,,,,,,,,,,,,,,,,,,,
,,,2025-08-11_11h49.07.415,CFMT_CCMT_Face_recognition,03.02.2023,Win32,59.88023952,5987030cfd8cca00015cbc26,6899c7d7c4c961a016830ad3,6899c9e6bd6c17c70a8e8fea,,,,,,,,,,,,,,,,,,,,,,,,,,,,,,,,,,,,,,,,,,,,,,,,,,,,,,,,,,,,,,,,,,,,,,,,,,,,,,,,,,,,,,,,,,,,,,,,2598.2743,2598.774,,,,,,,,,,,,,,,,,,,,,,,,,,,,,,,,,,,,,,,,,,,,,,,,,,,,,,,2593.0242,2598.2742,2,0,5.2245,,0,17,17,17,1,stimuli/J_10_13_pro_l.jpg,1,,,,,,,,,,,,,,,,,,,,,,,,,,
,,,2025-08-11_11h49.07.415,CFMT_CCMT_Face_recognition,03.02.2023,Win32,59.88023952,5987030cfd8cca00015cbc26,6899c7d7c4c961a016830ad3,6899c9e6bd6c17c70a8e8fea,,,,,,,,,,,,,,,,,,,,,,,,,,,,,,,,,,,,,,,,,,,,,,,,,,,,,,,,,,,,,,,,,,,,,,,,,,,,,,,,,,,,,,,,,,,,,,,,2602.6573,2603.1572,,,,,,,,,,,,,,,,,,,,,,,,,,,,,,,,,,,,,,,,,,,,,,,,,,,,,,,2598.7745,2602.6573,3,1,3.8578,,0,18,18,18,1,stimuli/Z_9_Front_Noisy.jpg,3,,,,,,,,,,,,,,,,,,,,,,,,,,
,,,2025-08-11_11h49.07.415,CFMT_CCMT_Face_recognition,03.02.2023,Win32,59.88023952,5987030cfd8cca00015cbc26,6899c7d7c4c961a016830ad3,6899c9e6bd6c17c70a8e8fea,,,,,,,,,,,,,,,,,,,,,,,,,,,,,,,,,,,,,,,,,,,,,,,,,,,,,,,,,,,,,,,,,,,,,,,,,,,,,,,,,,,,,,,,,,,,,,,,2605.6575,2606.1574,,,,,,,,,,,,,,,,,,,,,,,,,,,,,,,,,,,,,,,,,,,,,,,,,,,,,,,2603.1576,2605.6575,2,0,2.4661,,0,19,19,19,1,stimuli/D9_Noisy_Frontal_LS.jpg,1,,,,,,,,,,,,,,,,,,,,,,,,,,
,,,2025-08-11_11h49.07.415,CFMT_CCMT_Face_recognition,03.02.2023,Win32,59.88023952,5987030cfd8cca00015cbc26,6899c7d7c4c961a016830ad3,6899c9e6bd6c17c70a8e8fea,,,,,,,,,,,,,,,,,,,,,,,,,,,,,,,,,,,,,,,,,,,,,,,,,,,,,,,,,,,,,,,,,,,,,,,,,,,,,,,,,,,,,,,,,,,,,,,,2609.4414,2609.9403,,,,,,,,,,,,,,,,,,,,,,,,,,,,,,,,,,,,,,,,,,,,,,,,,,,,,,,2606.1578,2609.4413,2,0,3.2505,,0,20,20,20,1,stimuli/M_10_N_13_L_Pro_D.jpg,1,,,,,,,,,,,,,,,,,,,,,,,,,,
,,,2025-08-11_11h49.07.415,CFMT_CCMT_Face_recognition,03.02.2023,Win32,59.88023952,5987030cfd8cca00015cbc26,6899c7d7c4c961a016830ad3,6899c9e6bd6c17c70a8e8fea,,,,,,,,,,,,,,,,,,,,,,,,,,,,,,,,,,,,,,,,,,,,,,,,,,,,,,,,,,,,,,,,,,,,,,,,,,,,,,,,,,,,,,,,,,,,,,,,2612.7911,2613.291,,,,,,,,,,,,,,,,,,,,,,,,,,,,,,,,,,,,,,,,,,,,,,,,,,,,,,,2609.9405,2612.791,1,1,2.8202,,0,21,21,21,1,stimuli/Z_10_13_Pro_L.jpg,1,,,,,,,,,,,,,,,,,,,,,,,,,,
,,,2025-08-11_11h49.07.415,CFMT_CCMT_Face_recognition,03.02.2023,Win32,59.88023952,5987030cfd8cca00015cbc26,6899c7d7c4c961a016830ad3,6899c9e6bd6c17c70a8e8fea,,,,,,,,,,,,,,,,,,,,,,,,,,,,,,,,,,,,,,,,,,,,,,,,,,,,,,,,,,,,,,,,,,,,,,,,,,,,,,,,,,,,,,,,,,,,,,,,2616.3569,2616.8577,,,,,,,,,,,,,,,,,,,,,,,,,,,,,,,,,,,,,,,,,,,,,,,,,,,,,,,2613.2916,2616.3569,3,0,3.0368,,0,22,22,22,1,stimuli/B11_Noise_23_pro_R.jpg,1,,,,,,,,,,,,,,,,,,,,,,,,,,
,,,2025-08-11_11h49.07.415,CFMT_CCMT_Face_recognition,03.02.2023,Win32,59.88023952,5987030cfd8cca00015cbc26,6899c7d7c4c961a016830ad3,6899c9e6bd6c17c70a8e8fea,,,,,,,,,,,,,,,,,,,,,,,,,,,,,,,,,,,,,,,,,,,,,,,,,,,,,,,,,,,,,,,,,,,,,,,,,,,,,,,,,,,,,,,,,,,,,,,,2621.3079,2621.8079,,,,,,,,,,,,,,,,,,,,,,,,,,,,,,,,,,,,,,,,,,,,,,,,,,,,,,,2616.8579,2621.3078,1,0,4.4174,,0,23,23,23,1,stimuli/D11_Noisy_23_profile_R.jpg,3,,,,,,,,,,,,,,,,,,,,,,,,,,
,,,2025-08-11_11h49.07.415,CFMT_CCMT_Face_recognition,03.02.2023,Win32,59.88023952,5987030cfd8cca00015cbc26,6899c7d7c4c961a016830ad3,6899c9e6bd6c17c70a8e8fea,,,,,,,,,,,,,,,,,,,,,,,,,,,,,,,,,,,,,,,,,,,,,,,,,,,,,,,,,,,,,,,,,,,,,,,,,,,,,,,,,,,,,,,,,,,,,,,,,,,,,,,,,,,,,,,,,,,,,,,,,,,,,,,,,,,,,,,,,,,,,,,,,,,,,,,,,,,,,,,,,,,,,2621.8082,2621.8083,0,1,1,0,1,conditionsFile_faces/conditionFiles_face.xlsx,Cambridge Face Memory Test,Memorize the face in the next three images.,conditionsFile_faces/Prac_learn.xlsx,conditionsFile_faces/Prac_rec.xlsx,"Which face did you just view? There is only one correct answer. Press 1,2 or 3","In this test, you will learn to recognize six people.",Memorize the following face.,Which face did you just view?,Next you will review the same 6 people for 20 seconds.,Review the faces (20 seconds),stimuli/AA_Review_image.jpg,Now your memory of these faces will be tested.,"In the remaining trials, the correct answer can be any of the six faces.","The incorrect faces are sometimes very similar to the target faces, so be sure to look at each face prior answering.",conditionsFile_faces/conditionsfile_rec_face.xlsx,"To begin memorizing the first face, press the ""space bar"".",,
,,,2025-08-11_11h49.07.415,CFMT_CCMT_Face_recognition,03.02.2023,Win32,59.88023952,5987030cfd8cca00015cbc26,6899c7d7c4c961a016830ad3,6899c9e6bd6c17c70a8e8fea,,,,,,,,,,,,,,,,,,,,,,,,,,,,,,,,,,,,,,,,,,,,,,,,,,,,,,,,,,,,,,,,,,,,,,,,,,,,,,,,,,,,,,,,,,,,,,,,,,,,,,,,,,,,,,,,,,,,,,,,,,,,,,,,,,,,,,,,,,,,,,,,,,,,,,,,,,,,,,,,,,,,,,,,,,,,,,,,,,,,,,,,,,,,,2621.8087,2626.8081