Wait.started,Wait.stopped,,date,expName,psychopyVersion,OS,frameRate,participant,study_id,session,Study_information_1.started,Study_information_1.stopped,key_resp_14.keys,key_resp_14.rt,key_resp_14.duration,Study_information_2.started,Study_information_2.stopped,key_resp_17.keys,key_resp_17.rt,key_resp_17.duration,Study_information_3.started,Study_information_3.stopped,key_resp_15.keys,key_resp_15.rt,key_resp_15.duration,Consent.started,Consent.stopped,key_resp_16.keys,key_resp_16.rt,key_resp_16.duration,Face_recognition_task.started,Face_recognition_task.stopped,key_resp_18.keys,key_resp_18.rt,key_resp_18.duration,Instructions_task.started,Instructions_task.stopped,key_resp_19.keys,key_resp_19.rt,key_resp_19.duration,Instructions_fam_1.started,Instructions_fam_1.stopped,key_resp_3.keys,key_resp_3.rt,key_resp_3.duration,Instructions_fam_2.started,Instructions_fam_2.stopped,key_resp_2.keys,key_resp_2.rt,key_resp_2.duration,Instructions_fam_3.started,Instructions_fam_3.stopped,key_resp.keys,key_resp.rt,key_resp.duration,fix_cross.started,fixation_duration,fix_cross.stopped,familiarisation_trial.started,familiarisation_trial.stopped,view_image.started,view_image.stopped,image_loop.thisRepN,image_loop.thisTrialN,image_loop.thisN,image_loop.thisIndex,image_loop.ran,catch_trial.started,catch_trial.stopped,key_resp_catch.keys,key_resp_catch.corr,key_resp_catch.rt,key_resp_catch.duration,Thanks_1.started,Thanks_1.stopped,Break.started,Break.stopped,Instructions_recognition_1.started,Instructions_recognition_1.stopped,Instructions_recognition_2.started,Instructions_recognition_2.stopped,rec_trial.started,rec_trial.stopped,response_recog.keys,response_recog.corr,response_recog.rt,response_recog.duration,recognition_loop.thisRepN,recognition_loop.thisTrialN,recognition_loop.thisN,recognition_loop.thisIndex,recognition_loop.ran,Break_recognition.started,Break_recognition.stopped,key_resp_7.keys,key_resp_7.rt,key_resp_7.duration,Next_test.started,Next_test.stopped,Instructions_CFMT_1.started,Instructions_CFMT_1.stopped,Instructions_CFMT_Practice.started,Instructions_CFMT_Practice.stopped,Practice_learn.started,Practice_learn.stopped,ITI.started,ITI.stopped,trials_prac_learn.thisRepN,trials_prac_learn.thisTrialN,trials_prac_learn.thisN,trials_prac_learn.thisIndex,trials_prac_learn.ran,stim_prac,Practice_rec.started,Practice_rec.stopped,key_resp_4.keys,key_resp_4.corr,key_resp_4.rt,key_resp_4.duration,trials_prac_rec.thisRepN,trials_prac_rec.thisTrialN,trials_prac_rec.thisN,trials_prac_rec.thisIndex,trials_prac_rec.ran,stim_prac_rec,corr_answ_prac,Instructions_CFMT_Experiment.started,Instructions_CFMT_Experiment.stopped,Next_face.started,Next_face.stopped,Exp_learn.started,Exp_learn.stopped,trials_learn_exp.thisRepN,trials_learn_exp.thisTrialN,trials_learn_exp.thisN,trials_learn_exp.thisIndex,trials_learn_exp.ran,learn_exp,rec_exp,corr_answ_rec,Exp_rec.started,Exp_rec.stopped,key_resp_9.keys,key_resp_9.corr,key_resp_9.rt,key_resp_9.duration,trials_rec_exp.thisRepN,trials_rec_exp.thisTrialN,trials_rec_exp.thisN,trials_rec_exp.thisIndex,trials_rec_exp.ran,Instructions_CFMT_Experiment_2.started,Instructions_CFMT_Experiment_2.stopped,Review_image.started,Review_image.stopped,Instructions_CFMT_Experiment_3.started,Instructions_CFMT_Experiment_3.stopped,Review_image_skipp.started,Review_image_skipp.stopped,ITI_skipp.started,ITI_skipp.stopped,recognition_2.started,recognition_2.stopped,key_resp_12.keys,key_resp_12.corr,key_resp_12.rt,key_resp_12.duration,trials_rec_CMFT.thisRepN,trials_rec_CMFT.thisTrialN,trials_rec_CMFT.thisN,trials_rec_CMFT.thisIndex,trials_rec_CMFT.ran,image_face,corr_answ,Next_test_2.started,Next_test_2.stopped,experiment_loop.thisRepN,experiment_loop.thisTrialN,experiment_loop.thisN,experiment_loop.thisIndex,experiment_loop.ran,experiment_block,Title,Instructions_1,Prac_learn_stim,Prac_rec_stim,Instructions_2,Instructions_3,Next_Stim,Instructions_4,Instructions_5,Instructions_review,Review_image_stim,Instructions_6,Instructions_7,Instructions_8,conditions_rec,Instructions_9,End_experiment.started,End_experiment.stopped
0.0032,0.0038,,2025-08-11_11h48.11.270,CFMT_CCMT_Face_recognition,2023.2.3,Win32,60.24096386,5ed2717aec79fd1d3ca47d65,6899c7d7c4c961a016830ad3,6899c943d7b52add83833ffa,,,,,,,,,,,,,,,,,,,,,,,,,,,,,,,,,,,,,,,,,,,,,,,,,,,,,,,,,,,,,,,,,,,,,,,,,,,,,,,,,,,,,,,,,,,,,,,,,,,,,,,,,,,,,,,,,,,,,,,,,,,,,,,,,,,,,,,,,,,,,,,,,,,,,,,,,,,,,,,,,,,,,,,,,,,,,,,,,,,,,,,,,,,,,,
,,,2025-08-11_11h48.11.270,CFMT_CCMT_Face_recognition,2023.2.3,Win32,60.24096386,5ed2717aec79fd1d3ca47d65,6899c7d7c4c961a016830ad3,6899c943d7b52add83833ffa,0.0043,60.1954,space,60.166,,,,,,,,,,,,,,,,,,,,,,,,,,,,,,,,,,,,,,,,,,,,,,,,,,,,,,,,,,,,,,,,,,,,,,,,,,,,,,,,,,,,,,,,,,,,,,,,,,,,,,,,,,,,,,,,,,,,,,,,,,,,,,,,,,,,,,,,,,,,,,,,,,,,,,,,,,,,,,,,,,,,,,,,,,,,,,,,,,,,,,,,,,
,,,2025-08-11_11h48.11.270,CFMT_CCMT_Face_recognition,2023.2.3,Win32,60.24096386,5ed2717aec79fd1d3ca47d65,6899c7d7c4c961a016830ad3,6899c943d7b52add83833ffa,,,,,,60.1956,73.175,space,12.9409,,,,,,,,,,,,,,,,,,,,,,,,,,,,,,,,,,,,,,,,,,,,,,,,,,,,,,,,,,,,,,,,,,,,,,,,,,,,,,,,,,,,,,,,,,,,,,,,,,,,,,,,,,,,,,,,,,,,,,,,,,,,,,,,,,,,,,,,,,,,,,,,,,,,,,,,,,,,,,,,,,,,,,,,,,,,,,,,,,,,,
,,,2025-08-11_11h48.11.270,CFMT_CCMT_Face_recognition,2023.2.3,Win32,60.24096386,5ed2717aec79fd1d3ca47d65,6899c7d7c4c961a016830ad3,6899c943d7b52add83833ffa,,,,,,,,,,,73.1752,88.8062,space,15.6064,,,,,,,,,,,,,,,,,,,,,,,,,,,,,,,,,,,,,,,,,,,,,,,,,,,,,,,,,,,,,,,,,,,,,,,,,,,,,,,,,,,,,,,,,,,,,,,,,,,,,,,,,,,,,,,,,,,,,,,,,,,,,,,,,,,,,,,,,,,,,,,,,,,,,,,,,,,,,,,,,,,,,,,,,,,,,,,,
,,,2025-08-11_11h48.11.270,CFMT_CCMT_Face_recognition,2023.2.3,Win32,60.24096386,5ed2717aec79fd1d3ca47d65,6899c7d7c4c961a016830ad3,6899c943d7b52add83833ffa,,,,,,,,,,,,,,,,88.8065,100.9215,space,12.0903,,,,,,,,,,,,,,,,,,,,,,,,,,,,,,,,,,,,,,,,,,,,,,,,,,,,,,,,,,,,,,,,,,,,,,,,,,,,,,,,,,,,,,,,,,,,,,,,,,,,,,,,,,,,,,,,,,,,,,,,,,,,,,,,,,,,,,,,,,,,,,,,,,,,,,,,,,,,,,,,,,,,,,,,,,,
,,,2025-08-11_11h48.11.270,CFMT_CCMT_Face_recognition,2023.2.3,Win32,60.24096386,5ed2717aec79fd1d3ca47d65,6899c7d7c4c961a016830ad3,6899c943d7b52add83833ffa,,,,,,,,,,,,,,,,,,,,,100.9217,103.5711,space,2.6068,,,,,,,,,,,,,,,,,,,,,,,,,,,,,,,,,,,,,,,,,,,,,,,,,,,,,,,,,,,,,,,,,,,,,,,,,,,,,,,,,,,,,,,,,,,,,,,,,,,,,,,,,,,,,,,,,,,,,,,,,,,,,,,,,,,,,,,,,,,,,,,,,,,,,,,,,,,,,,,,,,,,,,
,,,2025-08-11_11h48.11.270,CFMT_CCMT_Face_recognition,2023.2.3,Win32,60.24096386,5ed2717aec79fd1d3ca47d65,6899c7d7c4c961a016830ad3,6899c943d7b52add83833ffa,,,,,,,,,,,,,,,,,,,,,,,,,,103.5713,108.4537,space,4.8581,,,,,,,,,,,,,,,,,,,,,,,,,,,,,,,,,,,,,,,,,,,,,,,,,,,,,,,,,,,,,,,,,,,,,,,,,,,,,,,,,,,,,,,,,,,,,,,,,,,,,,,,,,,,,,,,,,,,,,,,,,,,,,,,,,,,,,,,,,,,,,,,,,,,,,,,,,,,,,,,,
,,,2025-08-11_11h48.11.270,CFMT_CCMT_Face_recognition,2023.2.3,Win32,60.24096386,5ed2717aec79fd1d3ca47d65,6899c7d7c4c961a016830ad3,6899c943d7b52add83833ffa,,,,,,,,,,,,,,,,,,,,,,,,,,,,,,,108.4539,116.2195,space,7.7405,,,,,,,,,,,,,,,,,,,,,,,,,,,,,,,,,,,,,,,,,,,,,,,,,,,,,,,,,,,,,,,,,,,,,,,,,,,,,,,,,,,,,,,,,,,,,,,,,,,,,,,,,,,,,,,,,,,,,,,,,,,,,,,,,,,,,,,,,,,,,,,,,,,,,,,,,,,,
,,,2025-08-11_11h48.11.270,CFMT_CCMT_Face_recognition,2023.2.3,Win32,60.24096386,5ed2717aec79fd1d3ca47d65,6899c7d7c4c961a016830ad3,6899c943d7b52add83833ffa,,,,,,,,,,,,,,,,,,,,,,,,,,,,,,,,,,,,116.2199,122.152,space,5.9172,,,,,,,,,,,,,,,,,,,,,,,,,,,,,,,,,,,,,,,,,,,,,,,,,,,,,,,,,,,,,,,,,,,,,,,,,,,,,,,,,,,,,,,,,,,,,,,,,,,,,,,,,,,,,,,,,,,,,,,,,,,,,,,,,,,,,,,,,,,,,,,,,,,,,,,
,,,2025-08-11_11h48.11.270,CFMT_CCMT_Face_recognition,2023.2.3,Win32,60.24096386,5ed2717aec79fd1d3ca47d65,6899c7d7c4c961a016830ad3,6899c943d7b52add83833ffa,,,,,,,,,,,,,,,,,,,,,,,,,,,,,,,,,,,,,,,,,122.1521,124.435,space,2.2696,,,,,,,,,,,,,,,,,,,,,,,,,,,,,,,,,,,,,,,,,,,,,,,,,,,,,,,,,,,,,,,,,,,,,,,,,,,,,,,,,,,,,,,,,,,,,,,,,,,,,,,,,,,,,,,,,,,,,,,,,,,,,,,,,,,,,,,,,,,,,,,,,,
,,,2025-08-11_11h48.11.270,CFMT_CCMT_Face_recognition,2023.2.3,Win32,60.24096386,5ed2717aec79fd1d3ca47d65,6899c7d7c4c961a016830ad3,6899c943d7b52add83833ffa,,,,,,,,,,,,,,,,,,,,,,,,,,,,,,,,,,,,,,,,,,,,,,124.4397,1.639156608,126.0681,126.0684,126.0686,126.0719,126.8181,0,0,0,0,1,,,,,,,,,,,,,,,,,,,,,,,,,,,,,,,,,,,,,,,,,,,,,,,,,,,,,,,,,,,,,,,,,,,,,,,,,,,,,,,,,,,,,,,,,,,,,,,,,,,,,,,,,,,,,,,,,,,,,,,,,,,,,,,,,,,,,
,,,2025-08-11_11h48.11.270,CFMT_CCMT_Face_recognition,2023.2.3,Win32,60.24096386,5ed2717aec79fd1d3ca47d65,6899c7d7c4c961a016830ad3,6899c943d7b52add83833ffa,,,,,,,,,,,,,,,,,,,,,,,,,,,,,,,,,,,,,,,,,,,,,,,,,,,126.8186,127.5678,1,0,1,0,1,,,,,,,,,,,,,,,,,,,,,,,,,,,,,,,,,,,,,,,,,,,,,,,,,,,,,,,,,,,,,,,,,,,,,,,,,,,,,,,,,,,,,,,,,,,,,,,,,,,,,,,,,,,,,,,,,,,,,,,,,,,,,,,,,,,,,
,,,2025-08-11_11h48.11.270,CFMT_CCMT_Face_recognition,2023.2.3,Win32,60.24096386,5ed2717aec79fd1d3ca47d65,6899c7d7c4c961a016830ad3,6899c943d7b52add83833ffa,,,,,,,,,,,,,,,,,,,,,,,,,,,,,,,,,,,,,,,,,,,,,,,,,,,127.5683,128.3176,2,0,2,0,1,,,,,,,,,,,,,,,,,,,,,,,,,,,,,,,,,,,,,,,,,,,,,,,,,,,,,,,,,,,,,,,,,,,,,,,,,,,,,,,,,,,,,,,,,,,,,,,,,,,,,,,,,,,,,,,,,,,,,,,,,,,,,,,,,,,,,
,,,2025-08-11_11h48.11.270,CFMT_CCMT_Face_recognition,2023.2.3,Win32,60.24096386,5ed2717aec79fd1d3ca47d65,6899c7d7c4c961a016830ad3,6899c943d7b52add83833ffa,,,,,,,,,,,,,,,,,,,,,,,,,,,,,,,,,,,,,,,,,,,,,,,,,,,128.318,129.0586,3,0,3,0,1,,,,,,,,,,,,,,,,,,,,,,,,,,,,,,,,,,,,,,,,,,,,,,,,,,,,,,,,,,,,,,,,,,,,,,,,,,,,,,,,,,,,,,,,,,,,,,,,,,,,,,,,,,,,,,,,,,,,,,,,,,,,,,,,,,,,,
,,,2025-08-11_11h48.11.270,CFMT_CCMT_Face_recognition,2023.2.3,Win32,60.24096386,5ed2717aec79fd1d3ca47d65,6899c7d7c4c961a016830ad3,6899c943d7b52add83833ffa,,,,,,,,,,,,,,,,,,,,,,,,,,,,,,,,,,,,,,,,,,,,,,,,,,,129.059,129.8016,4,0,4,0,1,,,,,,,,,,,,,,,,,,,,,,,,,,,,,,,,,,,,,,,,,,,,,,,,,,,,,,,,,,,,,,,,,,,,,,,,,,,,,,,,,,,,,,,,,,,,,,,,,,,,,,,,,,,,,,,,,,,,,,,,,,,,,,,,,,,,,
,,,2025-08-11_11h48.11.270,CFMT_CCMT_Face_recognition,2023.2.3,Win32,60.24096386,5ed2717aec79fd1d3ca47d65,6899c7d7c4c961a016830ad3,6899c943d7b52add83833ffa,,,,,,,,,,,,,,,,,,,,,,,,,,,,,,,,,,,,,,,,,,,,,,,,,,,129.8034,130.5518,5,0,5,0,1,,,,,,,,,,,,,,,,,,,,,,,,,,,,,,,,,,,,,,,,,,,,,,,,,,,,,,,,,,,,,,,,,,,,,,,,,,,,,,,,,,,,,,,,,,,,,,,,,,,,,,,,,,,,,,,,,,,,,,,,,,,,,,,,,,,,,
,,,2025-08-11_11h48.11.270,CFMT_CCMT_Face_recognition,2023.2.3,Win32,60.24096386,5ed2717aec79fd1d3ca47d65,6899c7d7c4c961a016830ad3,6899c943d7b52add83833ffa,,,,,,,,,,,,,,,,,,,,,,,,,,,,,,,,,,,,,,,,,,,,,,130.5566,1.88666804,132.435,132.4354,132.4358,132.437,133.1838,0,0,0,0,1,130.5534,130.5563,,0,,,,,,,,,,,,,,,,,,,,,,,,,,,,,,,,,,,,,,,,,,,,,,,,,,,,,,,,,,,,,,,,,,,,,,,,,,,,,,,,,,,,,,,,,,,,,,,,,,,,,,,,,,,,,,,,,,,,,,,,,,,,,,,,,
,,,2025-08-11_11h48.11.270,CFMT_CCMT_Face_recognition,2023.2.3,Win32,60.24096386,5ed2717aec79fd1d3ca47d65,6899c7d7c4c961a016830ad3,6899c943d7b52add83833ffa,,,,,,,,,,,,,,,,,,,,,,,,,,,,,,,,,,,,,,,,,,,,,,,,,,,133.1842,133.9346,1,0,1,0,1,,,,,,,,,,,,,,,,,,,,,,,,,,,,,,,,,,,,,,,,,,,,,,,,,,,,,,,,,,,,,,,,,,,,,,,,,,,,,,,,,,,,,,,,,,,,,,,,,,,,,,,,,,,,,,,,,,,,,,,,,,,,,,,,,,,,,
,,,2025-08-11_11h48.11.270,CFMT_CCMT_Face_recognition,2023.2.3,Win32,60.24096386,5ed2717aec79fd1d3ca47d65,6899c7d7c4c961a016830ad3,6899c943d7b52add83833ffa,,,,,,,,,,,,,,,,,,,,,,,,,,,,,,,,,,,,,,,,,,,,,,,,,,,133.9362,134.6841,2,0,2,0,1,,,,,,,,,,,,,,,,,,,,,,,,,,,,,,,,,,,,,,,,,,,,,,,,,,,,,,,,,,,,,,,,,,,,,,,,,,,,,,,,,,,,,,,,,,,,,,,,,,,,,,,,,,,,,,,,,,,,,,,,,,,,,,,,,,,,,
,,,2025-08-11_11h48.11.270,CFMT_CCMT_Face_recognition,2023.2.3,Win32,60.24096386,5ed2717aec79fd1d3ca47d65,6899c7d7c4c961a016830ad3,6899c943d7b52add83833ffa,,,,,,,,,,,,,,,,,,,,,,,,,,,,,,,,,,,,,,,,,,,,,,,,,,,134.6859,135.4334,3,0,3,0,1,,,,,,,,,,,,,,,,,,,,,,,,,,,,,,,,,,,,,,,,,,,,,,,,,,,,,,,,,,,,,,,,,,,,,,,,,,,,,,,,,,,,,,,,,,,,,,,,,,,,,,,,,,,,,,,,,,,,,,,,,,,,,,,,,,,,,
,,,2025-08-11_11h48.11.270,CFMT_CCMT_Face_recognition,2023.2.3,Win32,60.24096386,5ed2717aec79fd1d3ca47d65,6899c7d7c4c961a016830ad3,6899c943d7b52add83833ffa,,,,,,,,,,,,,,,,,,,,,,,,,,,,,,,,,,,,,,,,,,,,,,,,,,,135.4337,136.1835,4,0,4,0,1,,,,,,,,,,,,,,,,,,,,,,,,,,,,,,,,,,,,,,,,,,,,,,,,,,,,,,,,,,,,,,,,,,,,,,,,,,,,,,,,,,,,,,,,,,,,,,,,,,,,,,,,,,,,,,,,,,,,,,,,,,,,,,,,,,,,,
,,,2025-08-11_11h48.11.270,CFMT_CCMT_Face_recognition,2023.2.3,Win32,60.24096386,5ed2717aec79fd1d3ca47d65,6899c7d7c4c961a016830ad3,6899c943d7b52add83833ffa,,,,,,,,,,,,,,,,,,,,,,,,,,,,,,,,,,,,,,,,,,,,,,,,,,,136.1838,136.8343,5,0,5,0,1,,,,,,,,,,,,,,,,,,,,,,,,,,,,,,,,,,,,,,,,,,,,,,,,,,,,,,,,,,,,,,,,,,,,,,,,,,,,,,,,,,,,,,,,,,,,,,,,,,,,,,,,,,,,,,,,,,,,,,,,,,,,,,,,,,,,,
,,,2025-08-11_11h48.11.270,CFMT_CCMT_Face_recognition,2023.2.3,Win32,60.24096386,5ed2717aec79fd1d3ca47d65,6899c7d7c4c961a016830ad3,6899c943d7b52add83833ffa,,,,,,,,,,,,,,,,,,,,,,,,,,,,,,,,,,,,,,,,,,,,,,136.8371,1.652034195,138.484,138.4843,138.4849,138.4862,139.233,0,0,0,0,1,136.8349,136.8369,,0,,,,,,,,,,,,,,,,,,,,,,,,,,,,,,,,,,,,,,,,,,,,,,,,,,,,,,,,,,,,,,,,,,,,,,,,,,,,,,,,,,,,,,,,,,,,,,,,,,,,,,,,,,,,,,,,,,,,,,,,,,,,,,,,,
,,,2025-08-11_11h48.11.270,CFMT_CCMT_Face_recognition,2023.2.3,Win32,60.24096386,5ed2717aec79fd1d3ca47d65,6899c7d7c4c961a016830ad3,6899c943d7b52add83833ffa,,,,,,,,,,,,,,,,,,,,,,,,,,,,,,,,,,,,,,,,,,,,,,,,,,,139.2333,139.9904,1,0,1,0,1,,,,,,,,,,,,,,,,,,,,,,,,,,,,,,,,,,,,,,,,,,,,,,,,,,,,,,,,,,,,,,,,,,,,,,,,,,,,,,,,,,,,,,,,,,,,,,,,,,,,,,,,,,,,,,,,,,,,,,,,,,,,,,,,,,,,,
,,,2025-08-11_11h48.11.270,CFMT_CCMT_Face_recognition,2023.2.3,Win32,60.24096386,5ed2717aec79fd1d3ca47d65,6899c7d7c4c961a016830ad3,6899c943d7b52add83833ffa,,,,,,,,,,,,,,,,,,,,,,,,,,,,,,,,,,,,,,,,,,,,,,,,,,,139.9908,140.7335,2,0,2,0,1,,,,,,,,,,,,,,,,,,,,,,,,,,,,,,,,,,,,,,,,,,,,,,,,,,,,,,,,,,,,,,,,,,,,,,,,,,,,,,,,,,,,,,,,,,,,,,,,,,,,,,,,,,,,,,,,,,,,,,,,,,,,,,,,,,,,,
,,,2025-08-11_11h48.11.270,CFMT_CCMT_Face_recognition,2023.2.3,Win32,60.24096386,5ed2717aec79fd1d3ca47d65,6899c7d7c4c961a016830ad3,6899c943d7b52add83833ffa,,,,,,,,,,,,,,,,,,,,,,,,,,,,,,,,,,,,,,,,,,,,,,,,,,,140.7352,141.4836,3,0,3,0,1,,,,,,,,,,,,,,,,,,,,,,,,,,,,,,,,,,,,,,,,,,,,,,,,,,,,,,,,,,,,,,,,,,,,,,,,,,,,,,,,,,,,,,,,,,,,,,,,,,,,,,,,,,,,,,,,,,,,,,,,,,,,,,,,,,,,,
,,,2025-08-11_11h48.11.270,CFMT_CCMT_Face_recognition,2023.2.3,Win32,60.24096386,5ed2717aec79fd1d3ca47d65,6899c7d7c4c961a016830ad3,6899c943d7b52add83833ffa,,,,,,,,,,,,,,,,,,,,,,,,,,,,,,,,,,,,,,,,,,,,,,,,,,,141.485,142.2325,4,0,4,0,1,,,,,,,,,,,,,,,,,,,,,,,,,,,,,,,,,,,,,,,,,,,,,,,,,,,,,,,,,,,,,,,,,,,,,,,,,,,,,,,,,,,,,,,,,,,,,,,,,,,,,,,,,,,,,,,,,,,,,,,,,,,,,,,,,,,,,
,,,2025-08-11_11h48.11.270,CFMT_CCMT_Face_recognition,2023.2.3,Win32,60.24096386,5ed2717aec79fd1d3ca47d65,6899c7d7c4c961a016830ad3,6899c943d7b52add83833ffa,,,,,,,,,,,,,,,,,,,,,,,,,,,,,,,,,,,,,,,,,,,,,,,,,,,142.2329,142.9825,5,0,5,0,1,,,,,,,,,,,,,,,,,,,,,,,,,,,,,,,,,,,,,,,,,,,,,,,,,,,,,,,,,,,,,,,,,,,,,,,,,,,,,,,,,,,,,,,,,,,,,,,,,,,,,,,,,,,,,,,,,,,,,,,,,,,,,,,,,,,,,
,,,2025-08-11_11h48.11.270,CFMT_CCMT_Face_recognition,2023.2.3,Win32,60.24096386,5ed2717aec79fd1d3ca47d65,6899c7d7c4c961a016830ad3,6899c943d7b52add83833ffa,,,,,,,,,,,,,,,,,,,,,,,,,,,,,,,,,,,,,,,,,,,,,,142.9843,2.222500728,145.1989,145.199,145.199,145.2,145.9489,0,0,0,0,1,142.9826,142.9834,,0,,,,,,,,,,,,,,,,,,,,,,,,,,,,,,,,,,,,,,,,,,,,,,,,,,,,,,,,,,,,,,,,,,,,,,,,,,,,,,,,,,,,,,,,,,,,,,,,,,,,,,,,,,,,,,,,,,,,,,,,,,,,,,,,,
,,,2025-08-11_11h48.11.270,CFMT_CCMT_Face_recognition,2023.2.3,Win32,60.24096386,5ed2717aec79fd1d3ca47d65,6899c7d7c4c961a016830ad3,6899c943d7b52add83833ffa,,,,,,,,,,,,,,,,,,,,,,,,,,,,,,,,,,,,,,,,,,,,,,,,,,,145.9491,146.6996,1,0,1,0,1,,,,,,,,,,,,,,,,,,,,,,,,,,,,,,,,,,,,,,,,,,,,,,,,,,,,,,,,,,,,,,,,,,,,,,,,,,,,,,,,,,,,,,,,,,,,,,,,,,,,,,,,,,,,,,,,,,,,,,,,,,,,,,,,,,,,,
,,,2025-08-11_11h48.11.270,CFMT_CCMT_Face_recognition,2023.2.3,Win32,60.24096386,5ed2717aec79fd1d3ca47d65,6899c7d7c4c961a016830ad3,6899c943d7b52add83833ffa,,,,,,,,,,,,,,,,,,,,,,,,,,,,,,,,,,,,,,,,,,,,,,,,,,,146.7012,147.4493,2,0,2,0,1,,,,,,,,,,,,,,,,,,,,,,,,,,,,,,,,,,,,,,,,,,,,,,,,,,,,,,,,,,,,,,,,,,,,,,,,,,,,,,,,,,,,,,,,,,,,,,,,,,,,,,,,,,,,,,,,,,,,,,,,,,,,,,,,,,,,,
,,,2025-08-11_11h48.11.270,CFMT_CCMT_Face_recognition,2023.2.3,Win32,60.24096386,5ed2717aec79fd1d3ca47d65,6899c7d7c4c961a016830ad3,6899c943d7b52add83833ffa,,,,,,,,,,,,,,,,,,,,,,,,,,,,,,,,,,,,,,,,,,,,,,,,,,,147.4509,148.1985,3,0,3,0,1,,,,,,,,,,,,,,,,,,,,,,,,,,,,,,,,,,,,,,,,,,,,,,,,,,,,,,,,,,,,,,,,,,,,,,,,,,,,,,,,,,,,,,,,,,,,,,,,,,,,,,,,,,,,,,,,,,,,,,,,,,,,,,,,,,,,,
,,,2025-08-11_11h48.11.270,CFMT_CCMT_Face_recognition,2023.2.3,Win32,60.24096386,5ed2717aec79fd1d3ca47d65,6899c7d7c4c961a016830ad3,6899c943d7b52add83833ffa,,,,,,,,,,,,,,,,,,,,,,,,,,,,,,,,,,,,,,,,,,,,,,,,,,,148.1988,148.9484,4,0,4,0,1,,,,,,,,,,,,,,,,,,,,,,,,,,,,,,,,,,,,,,,,,,,,,,,,,,,,,,,,,,,,,,,,,,,,,,,,,,,,,,,,,,,,,,,,,,,,,,,,,,,,,,,,,,,,,,,,,,,,,,,,,,,,,,,,,,,,,
,,,2025-08-11_11h48.11.270,CFMT_CCMT_Face_recognition,2023.2.3,Win32,60.24096386,5ed2717aec79fd1d3ca47d65,6899c7d7c4c961a016830ad3,6899c943d7b52add83833ffa,,,,,,,,,,,,,,,,,,,,,,,,,,,,,,,,,,,,,,,,,,,,,,,,,,,148.9487,149.6983,5,0,5,0,1,,,,,,,,,,,,,,,,,,,,,,,,,,,,,,,,,,,,,,,,,,,,,,,,,,,,,,,,,,,,,,,,,,,,,,,,,,,,,,,,,,,,,,,,,,,,,,,,,,,,,,,,,,,,,,,,,,,,,,,,,,,,,,,,,,,,,
,,,2025-08-11_11h48.11.270,CFMT_CCMT_Face_recognition,2023.2.3,Win32,60.24096386,5ed2717aec79fd1d3ca47d65,6899c7d7c4c961a016830ad3,6899c943d7b52add83833ffa,,,,,,,,,,,,,,,,,,,,,,,,,,,,,,,,,,,,,,,,,,,,,,149.7003,2.125177313,151.8148,151.8149,151.815,151.816,152.5647,0,0,0,0,1,149.6983,149.6997,,0,,,,,,,,,,,,,,,,,,,,,,,,,,,,,,,,,,,,,,,,,,,,,,,,,,,,,,,,,,,,,,,,,,,,,,,,,,,,,,,,,,,,,,,,,,,,,,,,,,,,,,,,,,,,,,,,,,,,,,,,,,,,,,,,,
,,,2025-08-11_11h48.11.270,CFMT_CCMT_Face_recognition,2023.2.3,Win32,60.24096386,5ed2717aec79fd1d3ca47d65,6899c7d7c4c961a016830ad3,6899c943d7b52add83833ffa,,,,,,,,,,,,,,,,,,,,,,,,,,,,,,,,,,,,,,,,,,,,,,,,,,,152.565,153.3146,1,0,1,0,1,,,,,,,,,,,,,,,,,,,,,,,,,,,,,,,,,,,,,,,,,,,,,,,,,,,,,,,,,,,,,,,,,,,,,,,,,,,,,,,,,,,,,,,,,,,,,,,,,,,,,,,,,,,,,,,,,,,,,,,,,,,,,,,,,,,,,
,,,2025-08-11_11h48.11.270,CFMT_CCMT_Face_recognition,2023.2.3,Win32,60.24096386,5ed2717aec79fd1d3ca47d65,6899c7d7c4c961a016830ad3,6899c943d7b52add83833ffa,,,,,,,,,,,,,,,,,,,,,,,,,,,,,,,,,,,,,,,,,,,,,,,,,,,153.3149,154.0644,2,0,2,0,1,,,,,,,,,,,,,,,,,,,,,,,,,,,,,,,,,,,,,,,,,,,,,,,,,,,,,,,,,,,,,,,,,,,,,,,,,,,,,,,,,,,,,,,,,,,,,,,,,,,,,,,,,,,,,,,,,,,,,,,,,,,,,,,,,,,,,
,,,2025-08-11_11h48.11.270,CFMT_CCMT_Face_recognition,2023.2.3,Win32,60.24096386,5ed2717aec79fd1d3ca47d65,6899c7d7c4c961a016830ad3,6899c943d7b52add83833ffa,,,,,,,,,,,,,,,,,,,,,,,,,,,,,,,,,,,,,,,,,,,,,,,,,,,154.0648,154.8143,3,0,3,0,1,,,,,,,,,,,,,,,,,,,,,,,,,,,,,,,,,,,,,,,,,,,,,,,,,,,,,,,,,,,,,,,,,,,,,,,,,,,,,,,,,,,,,,,,,,,,,,,,,,,,,,,,,,,,,,,,,,,,,,,,,,,,,,,,,,,,,
,,,2025-08-11_11h48.11.270,CFMT_CCMT_Face_recognition,2023.2.3,Win32,60.24096386,5ed2717aec79fd1d3ca47d65,6899c7d7c4c961a016830ad3,6899c943d7b52add83833ffa,,,,,,,,,,,,,,,,,,,,,,,,,,,,,,,,,,,,,,,,,,,,,,,,,,,154.8146,155.5642,4,0,4,0,1,,,,,,,,,,,,,,,,,,,,,,,,,,,,,,,,,,,,,,,,,,,,,,,,,,,,,,,,,,,,,,,,,,,,,,,,,,,,,,,,,,,,,,,,,,,,,,,,,,,,,,,,,,,,,,,,,,,,,,,,,,,,,,,,,,,,,
,,,2025-08-11_11h48.11.270,CFMT_CCMT_Face_recognition,2023.2.3,Win32,60.24096386,5ed2717aec79fd1d3ca47d65,6899c7d7c4c961a016830ad3,6899c943d7b52add83833ffa,,,,,,,,,,,,,,,,,,,,,,,,,,,,,,,,,,,,,,,,,,,,,,,,,,,155.5646,156.3149,5,0,5,0,1,,,,,,,,,,,,,,,,,,,,,,,,,,,,,,,,,,,,,,,,,,,,,,,,,,,,,,,,,,,,,,,,,,,,,,,,,,,,,,,,,,,,,,,,,,,,,,,,,,,,,,,,,,,,,,,,,,,,,,,,,,,,,,,,,,,,,
,,,2025-08-11_11h48.11.270,CFMT_CCMT_Face_recognition,2023.2.3,Win32,60.24096386,5ed2717aec79fd1d3ca47d65,6899c7d7c4c961a016830ad3,6899c943d7b52add83833ffa,,,,,,,,,,,,,,,,,,,,,,,,,,,,,,,,,,,,,,,,,,,,,,156.3173,2.450016699,158.7648,158.7651,158.7656,158.767,159.5137,0,0,0,0,1,156.3153,156.3172,,0,,,,,,,,,,,,,,,,,,,,,,,,,,,,,,,,,,,,,,,,,,,,,,,,,,,,,,,,,,,,,,,,,,,,,,,,,,,,,,,,,,,,,,,,,,,,,,,,,,,,,,,,,,,,,,,,,,,,,,,,,,,,,,,,,
,,,2025-08-11_11h48.11.270,CFMT_CCMT_Face_recognition,2023.2.3,Win32,60.24096386,5ed2717aec79fd1d3ca47d65,6899c7d7c4c961a016830ad3,6899c943d7b52add83833ffa,,,,,,,,,,,,,,,,,,,,,,,,,,,,,,,,,,,,,,,,,,,,,,,,,,,159.5141,160.2637,1,0,1,0,1,,,,,,,,,,,,,,,,,,,,,,,,,,,,,,,,,,,,,,,,,,,,,,,,,,,,,,,,,,,,,,,,,,,,,,,,,,,,,,,,,,,,,,,,,,,,,,,,,,,,,,,,,,,,,,,,,,,,,,,,,,,,,,,,,,,,,
,,,2025-08-11_11h48.11.270,CFMT_CCMT_Face_recognition,2023.2.3,Win32,60.24096386,5ed2717aec79fd1d3ca47d65,6899c7d7c4c961a016830ad3,6899c943d7b52add83833ffa,,,,,,,,,,,,,,,,,,,,,,,,,,,,,,,,,,,,,,,,,,,,,,,,,,,160.2641,161.0136,2,0,2,0,1,,,,,,,,,,,,,,,,,,,,,,,,,,,,,,,,,,,,,,,,,,,,,,,,,,,,,,,,,,,,,,,,,,,,,,,,,,,,,,,,,,,,,,,,,,,,,,,,,,,,,,,,,,,,,,,,,,,,,,,,,,,,,,,,,,,,,
,,,2025-08-11_11h48.11.270,CFMT_CCMT_Face_recognition,2023.2.3,Win32,60.24096386,5ed2717aec79fd1d3ca47d65,6899c7d7c4c961a016830ad3,6899c943d7b52add83833ffa,,,,,,,,,,,,,,,,,,,,,,,,,,,,,,,,,,,,,,,,,,,,,,,,,,,161.0139,161.7641,3,0,3,0,1,,,,,,,,,,,,,,,,,,,,,,,,,,,,,,,,,,,,,,,,,,,,,,,,,,,,,,,,,,,,,,,,,,,,,,,,,,,,,,,,,,,,,,,,,,,,,,,,,,,,,,,,,,,,,,,,,,,,,,,,,,,,,,,,,,,,,
,,,2025-08-11_11h48.11.270,CFMT_CCMT_Face_recognition,2023.2.3,Win32,60.24096386,5ed2717aec79fd1d3ca47d65,6899c7d7c4c961a016830ad3,6899c943d7b52add83833ffa,,,,,,,,,,,,,,,,,,,,,,,,,,,,,,,,,,,,,,,,,,,,,,,,,,,161.7659,162.5134,4,0,4,0,1,,,,,,,,,,,,,,,,,,,,,,,,,,,,,,,,,,,,,,,,,,,,,,,,,,,,,,,,,,,,,,,,,,,,,,,,,,,,,,,,,,,,,,,,,,,,,,,,,,,,,,,,,,,,,,,,,,,,,,,,,,,,,,,,,,,,,
,,,2025-08-11_11h48.11.270,CFMT_CCMT_Face_recognition,2023.2.3,Win32,60.24096386,5ed2717aec79fd1d3ca47d65,6899c7d7c4c961a016830ad3,6899c943d7b52add83833ffa,,,,,,,,,,,,,,,,,,,,,,,,,,,,,,,,,,,,,,,,,,,,,,,,,,,162.5137,163.2641,5,0,5,0,1,,,,,,,,,,,,,,,,,,,,,,,,,,,,,,,,,,,,,,,,,,,,,,,,,,,,,,,,,,,,,,,,,,,,,,,,,,,,,,,,,,,,,,,,,,,,,,,,,,,,,,,,,,,,,,,,,,,,,,,,,,,,,,,,,,,,,
,,,2025-08-11_11h48.11.270,CFMT_CCMT_Face_recognition,2023.2.3,Win32,60.24096386,5ed2717aec79fd1d3ca47d65,6899c7d7c4c961a016830ad3,6899c943d7b52add83833ffa,,,,,,,,,,,,,,,,,,,,,,,,,,,,,,,,,,,,,,,,,,,,,,163.2665,1.815448521,165.0805,165.0807,165.0811,165.0828,165.8305,0,0,0,0,1,163.2647,163.2662,,0,,,,,,,,,,,,,,,,,,,,,,,,,,,,,,,,,,,,,,,,,,,,,,,,,,,,,,,,,,,,,,,,,,,,,,,,,,,,,,,,,,,,,,,,,,,,,,,,,,,,,,,,,,,,,,,,,,,,,,,,,,,,,,,,,
,,,2025-08-11_11h48.11.270,CFMT_CCMT_Face_recognition,2023.2.3,Win32,60.24096386,5ed2717aec79fd1d3ca47d65,6899c7d7c4c961a016830ad3,6899c943d7b52add83833ffa,,,,,,,,,,,,,,,,,,,,,,,,,,,,,,,,,,,,,,,,,,,,,,,,,,,165.8321,166.5703,1,0,1,0,1,,,,,,,,,,,,,,,,,,,,,,,,,,,,,,,,,,,,,,,,,,,,,,,,,,,,,,,,,,,,,,,,,,,,,,,,,,,,,,,,,,,,,,,,,,,,,,,,,,,,,,,,,,,,,,,,,,,,,,,,,,,,,,,,,,,,,
,,,2025-08-11_11h48.11.270,CFMT_CCMT_Face_recognition,2023.2.3,Win32,60.24096386,5ed2717aec79fd1d3ca47d65,6899c7d7c4c961a016830ad3,6899c943d7b52add83833ffa,,,,,,,,,,,,,,,,,,,,,,,,,,,,,,,,,,,,,,,,,,,,,,,,,,,166.5707,167.3128,2,0,2,0,1,,,,,,,,,,,,,,,,,,,,,,,,,,,,,,,,,,,,,,,,,,,,,,,,,,,,,,,,,,,,,,,,,,,,,,,,,,,,,,,,,,,,,,,,,,,,,,,,,,,,,,,,,,,,,,,,,,,,,,,,,,,,,,,,,,,,,
,,,2025-08-11_11h48.11.270,CFMT_CCMT_Face_recognition,2023.2.3,Win32,60.24096386,5ed2717aec79fd1d3ca47d65,6899c7d7c4c961a016830ad3,6899c943d7b52add83833ffa,,,,,,,,,,,,,,,,,,,,,,,,,,,,,,,,,,,,,,,,,,,,,,,,,,,167.3131,168.0626,3,0,3,0,1,,,,,,,,,,,,,,,,,,,,,,,,,,,,,,,,,,,,,,,,,,,,,,,,,,,,,,,,,,,,,,,,,,,,,,,,,,,,,,,,,,,,,,,,,,,,,,,,,,,,,,,,,,,,,,,,,,,,,,,,,,,,,,,,,,,,,
,,,2025-08-11_11h48.11.270,CFMT_CCMT_Face_recognition,2023.2.3,Win32,60.24096386,5ed2717aec79fd1d3ca47d65,6899c7d7c4c961a016830ad3,6899c943d7b52add83833ffa,,,,,,,,,,,,,,,,,,,,,,,,,,,,,,,,,,,,,,,,,,,,,,,,,,,168.063,168.8126,4,0,4,0,1,,,,,,,,,,,,,,,,,,,,,,,,,,,,,,,,,,,,,,,,,,,,,,,,,,,,,,,,,,,,,,,,,,,,,,,,,,,,,,,,,,,,,,,,,,,,,,,,,,,,,,,,,,,,,,,,,,,,,,,,,,,,,,,,,,,,,
,,,2025-08-11_11h48.11.270,CFMT_CCMT_Face_recognition,2023.2.3,Win32,60.24096386,5ed2717aec79fd1d3ca47d65,6899c7d7c4c961a016830ad3,6899c943d7b52add83833ffa,,,,,,,,,,,,,,,,,,,,,,,,,,,,,,,,,,,,,,,,,,,,,,,,,,,168.8129,169.5625,5,0,5,0,1,,,,,,,,,,,,,,,,,,,,,,,,,,,,,,,,,,,,,,,,,,,,,,,,,,,,,,,,,,,,,,,,,,,,,,,,,,,,,,,,,,,,,,,,,,,,,,,,,,,,,,,,,,,,,,,,,,,,,,,,,,,,,,,,,,,,,
,,,2025-08-11_11h48.11.270,CFMT_CCMT_Face_recognition,2023.2.3,Win32,60.24096386,5ed2717aec79fd1d3ca47d65,6899c7d7c4c961a016830ad3,6899c943d7b52add83833ffa,,,,,,,,,,,,,,,,,,,,,,,,,,,,,,,,,,,,,,,,,,,,,,169.5647,1.922971278,171.479,171.479,171.4791,171.4799,172.2295,0,0,0,0,1,169.5626,169.5635,,0,,,,,,,,,,,,,,,,,,,,,,,,,,,,,,,,,,,,,,,,,,,,,,,,,,,,,,,,,,,,,,,,,,,,,,,,,,,,,,,,,,,,,,,,,,,,,,,,,,,,,,,,,,,,,,,,,,,,,,,,,,,,,,,,,
,,,2025-08-11_11h48.11.270,CFMT_CCMT_Face_recognition,2023.2.3,Win32,60.24096386,5ed2717aec79fd1d3ca47d65,6899c7d7c4c961a016830ad3,6899c943d7b52add83833ffa,,,,,,,,,,,,,,,,,,,,,,,,,,,,,,,,,,,,,,,,,,,,,,,,,,,172.2311,172.9787,1,0,1,0,1,,,,,,,,,,,,,,,,,,,,,,,,,,,,,,,,,,,,,,,,,,,,,,,,,,,,,,,,,,,,,,,,,,,,,,,,,,,,,,,,,,,,,,,,,,,,,,,,,,,,,,,,,,,,,,,,,,,,,,,,,,,,,,,,,,,,,
,,,2025-08-11_11h48.11.270,CFMT_CCMT_Face_recognition,2023.2.3,Win32,60.24096386,5ed2717aec79fd1d3ca47d65,6899c7d7c4c961a016830ad3,6899c943d7b52add83833ffa,,,,,,,,,,,,,,,,,,,,,,,,,,,,,,,,,,,,,,,,,,,,,,,,,,,172.979,173.7287,2,0,2,0,1,,,,,,,,,,,,,,,,,,,,,,,,,,,,,,,,,,,,,,,,,,,,,,,,,,,,,,,,,,,,,,,,,,,,,,,,,,,,,,,,,,,,,,,,,,,,,,,,,,,,,,,,,,,,,,,,,,,,,,,,,,,,,,,,,,,,,
,,,2025-08-11_11h48.11.270,CFMT_CCMT_Face_recognition,2023.2.3,Win32,60.24096386,5ed2717aec79fd1d3ca47d65,6899c7d7c4c961a016830ad3,6899c943d7b52add83833ffa,,,,,,,,,,,,,,,,,,,,,,,,,,,,,,,,,,,,,,,,,,,,,,,,,,,173.7289,174.4787,3,0,3,0,1,,,,,,,,,,,,,,,,,,,,,,,,,,,,,,,,,,,,,,,,,,,,,,,,,,,,,,,,,,,,,,,,,,,,,,,,,,,,,,,,,,,,,,,,,,,,,,,,,,,,,,,,,,,,,,,,,,,,,,,,,,,,,,,,,,,,,
,,,2025-08-11_11h48.11.270,CFMT_CCMT_Face_recognition,2023.2.3,Win32,60.24096386,5ed2717aec79fd1d3ca47d65,6899c7d7c4c961a016830ad3,6899c943d7b52add83833ffa,,,,,,,,,,,,,,,,,,,,,,,,,,,,,,,,,,,,,,,,,,,,,,,,,,,174.479,175.2284,4,0,4,0,1,,,,,,,,,,,,,,,,,,,,,,,,,,,,,,,,,,,,,,,,,,,,,,,,,,,,,,,,,,,,,,,,,,,,,,,,,,,,,,,,,,,,,,,,,,,,,,,,,,,,,,,,,,,,,,,,,,,,,,,,,,,,,,,,,,,,,
,,,2025-08-11_11h48.11.270,CFMT_CCMT_Face_recognition,2023.2.3,Win32,60.24096386,5ed2717aec79fd1d3ca47d65,6899c7d7c4c961a016830ad3,6899c943d7b52add83833ffa,,,,,,,,,,,,,,,,,,,,,,,,,,,,,,,,,,,,,,,,,,,,,,,,,,,175.2287,175.9784,5,0,5,0,1,,,,,,,,,,,,,,,,,,,,,,,,,,,,,,,,,,,,,,,,,,,,,,,,,,,,,,,,,,,,,,,,,,,,,,,,,,,,,,,,,,,,,,,,,,,,,,,,,,,,,,,,,,,,,,,,,,,,,,,,,,,,,,,,,,,,,
,,,2025-08-11_11h48.11.270,CFMT_CCMT_Face_recognition,2023.2.3,Win32,60.24096386,5ed2717aec79fd1d3ca47d65,6899c7d7c4c961a016830ad3,6899c943d7b52add83833ffa,,,,,,,,,,,,,,,,,,,,,,,,,,,,,,,,,,,,,,,,,,,,,,185.5835,2.308038067,187.8952,187.8955,187.8958,187.8967,188.6434,0,0,0,0,1,175.9784,185.5833,p,1,9.603,,,,,,,,,,,,,,,,,,,,,,,,,,,,,,,,,,,,,,,,,,,,,,,,,,,,,,,,,,,,,,,,,,,,,,,,,,,,,,,,,,,,,,,,,,,,,,,,,,,,,,,,,,,,,,,,,,,,,,,,,,,,,,,,
,,,2025-08-11_11h48.11.270,CFMT_CCMT_Face_recognition,2023.2.3,Win32,60.24096386,5ed2717aec79fd1d3ca47d65,6899c7d7c4c961a016830ad3,6899c943d7b52add83833ffa,,,,,,,,,,,,,,,,,,,,,,,,,,,,,,,,,,,,,,,,,,,,,,,,,,,188.6438,189.3943,1,0,1,0,1,,,,,,,,,,,,,,,,,,,,,,,,,,,,,,,,,,,,,,,,,,,,,,,,,,,,,,,,,,,,,,,,,,,,,,,,,,,,,,,,,,,,,,,,,,,,,,,,,,,,,,,,,,,,,,,,,,,,,,,,,,,,,,,,,,,,,
,,,2025-08-11_11h48.11.270,CFMT_CCMT_Face_recognition,2023.2.3,Win32,60.24096386,5ed2717aec79fd1d3ca47d65,6899c7d7c4c961a016830ad3,6899c943d7b52add83833ffa,,,,,,,,,,,,,,,,,,,,,,,,,,,,,,,,,,,,,,,,,,,,,,,,,,,189.3958,190.1434,2,0,2,0,1,,,,,,,,,,,,,,,,,,,,,,,,,,,,,,,,,,,,,,,,,,,,,,,,,,,,,,,,,,,,,,,,,,,,,,,,,,,,,,,,,,,,,,,,,,,,,,,,,,,,,,,,,,,,,,,,,,,,,,,,,,,,,,,,,,,,,
,,,2025-08-11_11h48.11.270,CFMT_CCMT_Face_recognition,2023.2.3,Win32,60.24096386,5ed2717aec79fd1d3ca47d65,6899c7d7c4c961a016830ad3,6899c943d7b52add83833ffa,,,,,,,,,,,,,,,,,,,,,,,,,,,,,,,,,,,,,,,,,,,,,,,,,,,190.1436,190.8931,3,0,3,0,1,,,,,,,,,,,,,,,,,,,,,,,,,,,,,,,,,,,,,,,,,,,,,,,,,,,,,,,,,,,,,,,,,,,,,,,,,,,,,,,,,,,,,,,,,,,,,,,,,,,,,,,,,,,,,,,,,,,,,,,,,,,,,,,,,,,,,
,,,2025-08-11_11h48.11.270,CFMT_CCMT_Face_recognition,2023.2.3,Win32,60.24096386,5ed2717aec79fd1d3ca47d65,6899c7d7c4c961a016830ad3,6899c943d7b52add83833ffa,,,,,,,,,,,,,,,,,,,,,,,,,,,,,,,,,,,,,,,,,,,,,,,,,,,190.8934,191.643,4,0,4,0,1,,,,,,,,,,,,,,,,,,,,,,,,,,,,,,,,,,,,,,,,,,,,,,,,,,,,,,,,,,,,,,,,,,,,,,,,,,,,,,,,,,,,,,,,,,,,,,,,,,,,,,,,,,,,,,,,,,,,,,,,,,,,,,,,,,,,,
,,,2025-08-11_11h48.11.270,CFMT_CCMT_Face_recognition,2023.2.3,Win32,60.24096386,5ed2717aec79fd1d3ca47d65,6899c7d7c4c961a016830ad3,6899c943d7b52add83833ffa,,,,,,,,,,,,,,,,,,,,,,,,,,,,,,,,,,,,,,,,,,,,,,,,,,,191.6434,192.393,5,0,5,0,1,,,,,,,,,,,,,,,,,,,,,,,,,,,,,,,,,,,,,,,,,,,,,,,,,,,,,,,,,,,,,,,,,,,,,,,,,,,,,,,,,,,,,,,,,,,,,,,,,,,,,,,,,,,,,,,,,,,,,,,,,,,,,,,,,,,,,
,,,2025-08-11_11h48.11.270,CFMT_CCMT_Face_recognition,2023.2.3,Win32,60.24096386,5ed2717aec79fd1d3ca47d65,6899c7d7c4c961a016830ad3,6899c943d7b52add83833ffa,,,,,,,,,,,,,,,,,,,,,,,,,,,,,,,,,,,,,,,,,,,,,,204.3103,2.192520945,206.4919,206.4924,206.4931,206.4941,207.2411,0,0,0,0,1,192.3931,204.3088,p,0,11.9069,,,,,,,,,,,,,,,,,,,,,,,,,,,,,,,,,,,,,,,,,,,,,,,,,,,,,,,,,,,,,,,,,,,,,,,,,,,,,,,,,,,,,,,,,,,,,,,,,,,,,,,,,,,,,,,,,,,,,,,,,,,,,,,,
,,,2025-08-11_11h48.11.270,CFMT_CCMT_Face_recognition,2023.2.3,Win32,60.24096386,5ed2717aec79fd1d3ca47d65,6899c7d7c4c961a016830ad3,6899c943d7b52add83833ffa,,,,,,,,,,,,,,,,,,,,,,,,,,,,,,,,,,,,,,,,,,,,,,,,,,,207.2414,207.9918,1,0,1,0,1,,,,,,,,,,,,,,,,,,,,,,,,,,,,,,,,,,,,,,,,,,,,,,,,,,,,,,,,,,,,,,,,,,,,,,,,,,,,,,,,,,,,,,,,,,,,,,,,,,,,,,,,,,,,,,,,,,,,,,,,,,,,,,,,,,,,,
,,,2025-08-11_11h48.11.270,CFMT_CCMT_Face_recognition,2023.2.3,Win32,60.24096386,5ed2717aec79fd1d3ca47d65,6899c7d7c4c961a016830ad3,6899c943d7b52add83833ffa,,,,,,,,,,,,,,,,,,,,,,,,,,,,,,,,,,,,,,,,,,,,,,,,,,,207.9933,208.7409,2,0,2,0,1,,,,,,,,,,,,,,,,,,,,,,,,,,,,,,,,,,,,,,,,,,,,,,,,,,,,,,,,,,,,,,,,,,,,,,,,,,,,,,,,,,,,,,,,,,,,,,,,,,,,,,,,,,,,,,,,,,,,,,,,,,,,,,,,,,,,,
,,,2025-08-11_11h48.11.270,CFMT_CCMT_Face_recognition,2023.2.3,Win32,60.24096386,5ed2717aec79fd1d3ca47d65,6899c7d7c4c961a016830ad3,6899c943d7b52add83833ffa,,,,,,,,,,,,,,,,,,,,,,,,,,,,,,,,,,,,,,,,,,,,,,,,,,,208.7412,209.4916,3,0,3,0,1,,,,,,,,,,,,,,,,,,,,,,,,,,,,,,,,,,,,,,,,,,,,,,,,,,,,,,,,,,,,,,,,,,,,,,,,,,,,,,,,,,,,,,,,,,,,,,,,,,,,,,,,,,,,,,,,,,,,,,,,,,,,,,,,,,,,,
,,,2025-08-11_11h48.11.270,CFMT_CCMT_Face_recognition,2023.2.3,Win32,60.24096386,5ed2717aec79fd1d3ca47d65,6899c7d7c4c961a016830ad3,6899c943d7b52add83833ffa,,,,,,,,,,,,,,,,,,,,,,,,,,,,,,,,,,,,,,,,,,,,,,,,,,,209.4933,210.2415,4,0,4,0,1,,,,,,,,,,,,,,,,,,,,,,,,,,,,,,,,,,,,,,,,,,,,,,,,,,,,,,,,,,,,,,,,,,,,,,,,,,,,,,,,,,,,,,,,,,,,,,,,,,,,,,,,,,,,,,,,,,,,,,,,,,,,,,,,,,,,,
,,,2025-08-11_11h48.11.270,CFMT_CCMT_Face_recognition,2023.2.3,Win32,60.24096386,5ed2717aec79fd1d3ca47d65,6899c7d7c4c961a016830ad3,6899c943d7b52add83833ffa,,,,,,,,,,,,,,,,,,,,,,,,,,,,,,,,,,,,,,,,,,,,,,,,,,,210.2431,210.9906,5,0,5,0,1,,,,,,,,,,,,,,,,,,,,,,,,,,,,,,,,,,,,,,,,,,,,,,,,,,,,,,,,,,,,,,,,,,,,,,,,,,,,,,,,,,,,,,,,,,,,,,,,,,,,,,,,,,,,,,,,,,,,,,,,,,,,,,,,,,,,,
,,,2025-08-11_11h48.11.270,CFMT_CCMT_Face_recognition,2023.2.3,Win32,60.24096386,5ed2717aec79fd1d3ca47d65,6899c7d7c4c961a016830ad3,6899c943d7b52add83833ffa,,,,,,,,,,,,,,,,,,,,,,,,,,,,,,,,,,,,,,,,,,,,,,221.1231,1.783930078,222.9061,222.9062,222.9062,222.9073,223.6558,0,0,0,0,1,210.9907,221.1227,q,0,10.1253,,,,,,,,,,,,,,,,,,,,,,,,,,,,,,,,,,,,,,,,,,,,,,,,,,,,,,,,,,,,,,,,,,,,,,,,,,,,,,,,,,,,,,,,,,,,,,,,,,,,,,,,,,,,,,,,,,,,,,,,,,,,,,,,
,,,2025-08-11_11h48.11.270,CFMT_CCMT_Face_recognition,2023.2.3,Win32,60.24096386,5ed2717aec79fd1d3ca47d65,6899c7d7c4c961a016830ad3,6899c943d7b52add83833ffa,,,,,,,,,,,,,,,,,,,,,,,,,,,,,,,,,,,,,,,,,,,,,,,,,,,223.656,224.4132,1,0,1,0,1,,,,,,,,,,,,,,,,,,,,,,,,,,,,,,,,,,,,,,,,,,,,,,,,,,,,,,,,,,,,,,,,,,,,,,,,,,,,,,,,,,,,,,,,,,,,,,,,,,,,,,,,,,,,,,,,,,,,,,,,,,,,,,,,,,,,,
,,,2025-08-11_11h48.11.270,CFMT_CCMT_Face_recognition,2023.2.3,Win32,60.24096386,5ed2717aec79fd1d3ca47d65,6899c7d7c4c961a016830ad3,6899c943d7b52add83833ffa,,,,,,,,,,,,,,,,,,,,,,,,,,,,,,,,,,,,,,,,,,,,,,,,,,,224.4136,225.1556,2,0,2,0,1,,,,,,,,,,,,,,,,,,,,,,,,,,,,,,,,,,,,,,,,,,,,,,,,,,,,,,,,,,,,,,,,,,,,,,,,,,,,,,,,,,,,,,,,,,,,,,,,,,,,,,,,,,,,,,,,,,,,,,,,,,,,,,,,,,,,,
,,,2025-08-11_11h48.11.270,CFMT_CCMT_Face_recognition,2023.2.3,Win32,60.24096386,5ed2717aec79fd1d3ca47d65,6899c7d7c4c961a016830ad3,6899c943d7b52add83833ffa,,,,,,,,,,,,,,,,,,,,,,,,,,,,,,,,,,,,,,,,,,,,,,,,,,,225.1559,225.9054,3,0,3,0,1,,,,,,,,,,,,,,,,,,,,,,,,,,,,,,,,,,,,,,,,,,,,,,,,,,,,,,,,,,,,,,,,,,,,,,,,,,,,,,,,,,,,,,,,,,,,,,,,,,,,,,,,,,,,,,,,,,,,,,,,,,,,,,,,,,,,,
,,,2025-08-11_11h48.11.270,CFMT_CCMT_Face_recognition,2023.2.3,Win32,60.24096386,5ed2717aec79fd1d3ca47d65,6899c7d7c4c961a016830ad3,6899c943d7b52add83833ffa,,,,,,,,,,,,,,,,,,,,,,,,,,,,,,,,,,,,,,,,,,,,,,,,,,,225.9057,226.6552,4,0,4,0,1,,,,,,,,,,,,,,,,,,,,,,,,,,,,,,,,,,,,,,,,,,,,,,,,,,,,,,,,,,,,,,,,,,,,,,,,,,,,,,,,,,,,,,,,,,,,,,,,,,,,,,,,,,,,,,,,,,,,,,,,,,,,,,,,,,,,,
,,,2025-08-11_11h48.11.270,CFMT_CCMT_Face_recognition,2023.2.3,Win32,60.24096386,5ed2717aec79fd1d3ca47d65,6899c7d7c4c961a016830ad3,6899c943d7b52add83833ffa,,,,,,,,,,,,,,,,,,,,,,,,,,,,,,,,,,,,,,,,,,,,,,,,,,,226.6555,227.4061,5,0,5,0,1,,,,,,,,,,,,,,,,,,,,,,,,,,,,,,,,,,,,,,,,,,,,,,,,,,,,,,,,,,,,,,,,,,,,,,,,,,,,,,,,,,,,,,,,,,,,,,,,,,,,,,,,,,,,,,,,,,,,,,,,,,,,,,,,,,,,,
,,,2025-08-11_11h48.11.270,CFMT_CCMT_Face_recognition,2023.2.3,Win32,60.24096386,5ed2717aec79fd1d3ca47d65,6899c7d7c4c961a016830ad3,6899c943d7b52add83833ffa,,,,,,,,,,,,,,,,,,,,,,,,,,,,,,,,,,,,,,,,,,,,,,227.4086,1.684221128,229.0891,229.0892,229.0895,229.0913,229.839,0,0,0,0,1,227.4065,227.4083,,0,,,,,,,,,,,,,,,,,,,,,,,,,,,,,,,,,,,,,,,,,,,,,,,,,,,,,,,,,,,,,,,,,,,,,,,,,,,,,,,,,,,,,,,,,,,,,,,,,,,,,,,,,,,,,,,,,,,,,,,,,,,,,,,,,
,,,2025-08-11_11h48.11.270,CFMT_CCMT_Face_recognition,2023.2.3,Win32,60.24096386,5ed2717aec79fd1d3ca47d65,6899c7d7c4c961a016830ad3,6899c943d7b52add83833ffa,,,,,,,,,,,,,,,,,,,,,,,,,,,,,,,,,,,,,,,,,,,,,,,,,,,229.8407,230.5881,1,0,1,0,1,,,,,,,,,,,,,,,,,,,,,,,,,,,,,,,,,,,,,,,,,,,,,,,,,,,,,,,,,,,,,,,,,,,,,,,,,,,,,,,,,,,,,,,,,,,,,,,,,,,,,,,,,,,,,,,,,,,,,,,,,,,,,,,,,,,,,
,,,2025-08-11_11h48.11.270,CFMT_CCMT_Face_recognition,2023.2.3,Win32,60.24096386,5ed2717aec79fd1d3ca47d65,6899c7d7c4c961a016830ad3,6899c943d7b52add83833ffa,,,,,,,,,,,,,,,,,,,,,,,,,,,,,,,,,,,,,,,,,,,,,,,,,,,230.5884,231.338,2,0,2,0,1,,,,,,,,,,,,,,,,,,,,,,,,,,,,,,,,,,,,,,,,,,,,,,,,,,,,,,,,,,,,,,,,,,,,,,,,,,,,,,,,,,,,,,,,,,,,,,,,,,,,,,,,,,,,,,,,,,,,,,,,,,,,,,,,,,,,,
,,,2025-08-11_11h48.11.270,CFMT_CCMT_Face_recognition,2023.2.3,Win32,60.24096386,5ed2717aec79fd1d3ca47d65,6899c7d7c4c961a016830ad3,6899c943d7b52add83833ffa,,,,,,,,,,,,,,,,,,,,,,,,,,,,,,,,,,,,,,,,,,,,,,,,,,,231.3384,232.0879,3,0,3,0,1,,,,,,,,,,,,,,,,,,,,,,,,,,,,,,,,,,,,,,,,,,,,,,,,,,,,,,,,,,,,,,,,,,,,,,,,,,,,,,,,,,,,,,,,,,,,,,,,,,,,,,,,,,,,,,,,,,,,,,,,,,,,,,,,,,,,,
,,,2025-08-11_11h48.11.270,CFMT_CCMT_Face_recognition,2023.2.3,Win32,60.24096386,5ed2717aec79fd1d3ca47d65,6899c7d7c4c961a016830ad3,6899c943d7b52add83833ffa,,,,,,,,,,,,,,,,,,,,,,,,,,,,,,,,,,,,,,,,,,,,,,,,,,,232.0882,232.8386,4,0,4,0,1,,,,,,,,,,,,,,,,,,,,,,,,,,,,,,,,,,,,,,,,,,,,,,,,,,,,,,,,,,,,,,,,,,,,,,,,,,,,,,,,,,,,,,,,,,,,,,,,,,,,,,,,,,,,,,,,,,,,,,,,,,,,,,,,,,,,,
,,,2025-08-11_11h48.11.270,CFMT_CCMT_Face_recognition,2023.2.3,Win32,60.24096386,5ed2717aec79fd1d3ca47d65,6899c7d7c4c961a016830ad3,6899c943d7b52add83833ffa,,,,,,,,,,,,,,,,,,,,,,,,,,,,,,,,,,,,,,,,,,,,,,,,,,,232.8402,233.5887,5,0,5,0,1,,,,,,,,,,,,,,,,,,,,,,,,,,,,,,,,,,,,,,,,,,,,,,,,,,,,,,,,,,,,,,,,,,,,,,,,,,,,,,,,,,,,,,,,,,,,,,,,,,,,,,,,,,,,,,,,,,,,,,,,,,,,,,,,,,,,,
,,,2025-08-11_11h48.11.270,CFMT_CCMT_Face_recognition,2023.2.3,Win32,60.24096386,5ed2717aec79fd1d3ca47d65,6899c7d7c4c961a016830ad3,6899c943d7b52add83833ffa,,,,,,,,,,,,,,,,,,,,,,,,,,,,,,,,,,,,,,,,,,,,,,233.5908,2.353351028,235.9383,235.9385,235.9387,235.9403,236.6882,0,0,0,0,1,233.5892,233.5907,,0,,,,,,,,,,,,,,,,,,,,,,,,,,,,,,,,,,,,,,,,,,,,,,,,,,,,,,,,,,,,,,,,,,,,,,,,,,,,,,,,,,,,,,,,,,,,,,,,,,,,,,,,,,,,,,,,,,,,,,,,,,,,,,,,,
,,,2025-08-11_11h48.11.270,CFMT_CCMT_Face_recognition,2023.2.3,Win32,60.24096386,5ed2717aec79fd1d3ca47d65,6899c7d7c4c961a016830ad3,6899c943d7b52add83833ffa,,,,,,,,,,,,,,,,,,,,,,,,,,,,,,,,,,,,,,,,,,,,,,,,,,,236.6899,237.4374,1,0,1,0,1,,,,,,,,,,,,,,,,,,,,,,,,,,,,,,,,,,,,,,,,,,,,,,,,,,,,,,,,,,,,,,,,,,,,,,,,,,,,,,,,,,,,,,,,,,,,,,,,,,,,,,,,,,,,,,,,,,,,,,,,,,,,,,,,,,,,,
,,,2025-08-11_11h48.11.270,CFMT_CCMT_Face_recognition,2023.2.3,Win32,60.24096386,5ed2717aec79fd1d3ca47d65,6899c7d7c4c961a016830ad3,6899c943d7b52add83833ffa,,,,,,,,,,,,,,,,,,,,,,,,,,,,,,,,,,,,,,,,,,,,,,,,,,,237.4378,238.1871,2,0,2,0,1,,,,,,,,,,,,,,,,,,,,,,,,,,,,,,,,,,,,,,,,,,,,,,,,,,,,,,,,,,,,,,,,,,,,,,,,,,,,,,,,,,,,,,,,,,,,,,,,,,,,,,,,,,,,,,,,,,,,,,,,,,,,,,,,,,,,,
,,,2025-08-11_11h48.11.270,CFMT_CCMT_Face_recognition,2023.2.3,Win32,60.24096386,5ed2717aec79fd1d3ca47d65,6899c7d7c4c961a016830ad3,6899c943d7b52add83833ffa,,,,,,,,,,,,,,,,,,,,,,,,,,,,,,,,,,,,,,,,,,,,,,,,,,,238.1875,238.938,3,0,3,0,1,,,,,,,,,,,,,,,,,,,,,,,,,,,,,,,,,,,,,,,,,,,,,,,,,,,,,,,,,,,,,,,,,,,,,,,,,,,,,,,,,,,,,,,,,,,,,,,,,,,,,,,,,,,,,,,,,,,,,,,,,,,,,,,,,,,,,
,,,2025-08-11_11h48.11.270,CFMT_CCMT_Face_recognition,2023.2.3,Win32,60.24096386,5ed2717aec79fd1d3ca47d65,6899c7d7c4c961a016830ad3,6899c943d7b52add83833ffa,,,,,,,,,,,,,,,,,,,,,,,,,,,,,,,,,,,,,,,,,,,,,,,,,,,238.9394,239.687,4,0,4,0,1,,,,,,,,,,,,,,,,,,,,,,,,,,,,,,,,,,,,,,,,,,,,,,,,,,,,,,,,,,,,,,,,,,,,,,,,,,,,,,,,,,,,,,,,,,,,,,,,,,,,,,,,,,,,,,,,,,,,,,,,,,,,,,,,,,,,,
,,,2025-08-11_11h48.11.270,CFMT_CCMT_Face_recognition,2023.2.3,Win32,60.24096386,5ed2717aec79fd1d3ca47d65,6899c7d7c4c961a016830ad3,6899c943d7b52add83833ffa,,,,,,,,,,,,,,,,,,,,,,,,,,,,,,,,,,,,,,,,,,,,,,,,,,,239.6873,240.4378,5,0,5,0,1,,,,,,,,,,,,,,,,,,,,,,,,,,,,,,,,,,,,,,,,,,,,,,,,,,,,,,,,,,,,,,,,,,,,,,,,,,,,,,,,,,,,,,,,,,,,,,,,,,,,,,,,,,,,,,,,,,,,,,,,,,,,,,,,,,,,,
,,,2025-08-11_11h48.11.270,CFMT_CCMT_Face_recognition,2023.2.3,Win32,60.24096386,5ed2717aec79fd1d3ca47d65,6899c7d7c4c961a016830ad3,6899c943d7b52add83833ffa,,,,,,,,,,,,,,,,,,,,,,,,,,,,,,,,,,,,,,,,,,,,,,240.44,1.769731424,242.2044,242.2046,242.2048,242.2063,242.9541,0,0,0,0,1,240.4383,240.4398,,0,,,,,,,,,,,,,,,,,,,,,,,,,,,,,,,,,,,,,,,,,,,,,,,,,,,,,,,,,,,,,,,,,,,,,,,,,,,,,,,,,,,,,,,,,,,,,,,,,,,,,,,,,,,,,,,,,,,,,,,,,,,,,,,,,
,,,2025-08-11_11h48.11.270,CFMT_CCMT_Face_recognition,2023.2.3,Win32,60.24096386,5ed2717aec79fd1d3ca47d65,6899c7d7c4c961a016830ad3,6899c943d7b52add83833ffa,,,,,,,,,,,,,,,,,,,,,,,,,,,,,,,,,,,,,,,,,,,,,,,,,,,242.9556,243.7032,1,0,1,0,1,,,,,,,,,,,,,,,,,,,,,,,,,,,,,,,,,,,,,,,,,,,,,,,,,,,,,,,,,,,,,,,,,,,,,,,,,,,,,,,,,,,,,,,,,,,,,,,,,,,,,,,,,,,,,,,,,,,,,,,,,,,,,,,,,,,,,
,,,2025-08-11_11h48.11.270,CFMT_CCMT_Face_recognition,2023.2.3,Win32,60.24096386,5ed2717aec79fd1d3ca47d65,6899c7d7c4c961a016830ad3,6899c943d7b52add83833ffa,,,,,,,,,,,,,,,,,,,,,,,,,,,,,,,,,,,,,,,,,,,,,,,,,,,243.7035,244.4541,2,0,2,0,1,,,,,,,,,,,,,,,,,,,,,,,,,,,,,,,,,,,,,,,,,,,,,,,,,,,,,,,,,,,,,,,,,,,,,,,,,,,,,,,,,,,,,,,,,,,,,,,,,,,,,,,,,,,,,,,,,,,,,,,,,,,,,,,,,,,,,
,,,2025-08-11_11h48.11.270,CFMT_CCMT_Face_recognition,2023.2.3,Win32,60.24096386,5ed2717aec79fd1d3ca47d65,6899c7d7c4c961a016830ad3,6899c943d7b52add83833ffa,,,,,,,,,,,,,,,,,,,,,,,,,,,,,,,,,,,,,,,,,,,,,,,,,,,244.4555,245.203,3,0,3,0,1,,,,,,,,,,,,,,,,,,,,,,,,,,,,,,,,,,,,,,,,,,,,,,,,,,,,,,,,,,,,,,,,,,,,,,,,,,,,,,,,,,,,,,,,,,,,,,,,,,,,,,,,,,,,,,,,,,,,,,,,,,,,,,,,,,,,,
,,,2025-08-11_11h48.11.270,CFMT_CCMT_Face_recognition,2023.2.3,Win32,60.24096386,5ed2717aec79fd1d3ca47d65,6899c7d7c4c961a016830ad3,6899c943d7b52add83833ffa,,,,,,,,,,,,,,,,,,,,,,,,,,,,,,,,,,,,,,,,,,,,,,,,,,,245.2033,245.9539,4,0,4,0,1,,,,,,,,,,,,,,,,,,,,,,,,,,,,,,,,,,,,,,,,,,,,,,,,,,,,,,,,,,,,,,,,,,,,,,,,,,,,,,,,,,,,,,,,,,,,,,,,,,,,,,,,,,,,,,,,,,,,,,,,,,,,,,,,,,,,,
,,,2025-08-11_11h48.11.270,CFMT_CCMT_Face_recognition,2023.2.3,Win32,60.24096386,5ed2717aec79fd1d3ca47d65,6899c7d7c4c961a016830ad3,6899c943d7b52add83833ffa,,,,,,,,,,,,,,,,,,,,,,,,,,,,,,,,,,,,,,,,,,,,,,,,,,,245.9552,246.7044,5,0,5,0,1,,,,,,,,,,,,,,,,,,,,,,,,,,,,,,,,,,,,,,,,,,,,,,,,,,,,,,,,,,,,,,,,,,,,,,,,,,,,,,,,,,,,,,,,,,,,,,,,,,,,,,,,,,,,,,,,,,,,,,,,,,,,,,,,,,,,,
,,,2025-08-11_11h48.11.270,CFMT_CCMT_Face_recognition,2023.2.3,Win32,60.24096386,5ed2717aec79fd1d3ca47d65,6899c7d7c4c961a016830ad3,6899c943d7b52add83833ffa,,,,,,,,,,,,,,,,,,,,,,,,,,,,,,,,,,,,,,,,,,,,,,246.7061,2.112084659,248.8201,248.8204,248.8206,248.822,249.5699,0,0,0,0,1,246.7048,246.7058,,0,,,,,,,,,,,,,,,,,,,,,,,,,,,,,,,,,,,,,,,,,,,,,,,,,,,,,,,,,,,,,,,,,,,,,,,,,,,,,,,,,,,,,,,,,,,,,,,,,,,,,,,,,,,,,,,,,,,,,,,,,,,,,,,,,
,,,2025-08-11_11h48.11.270,CFMT_CCMT_Face_recognition,2023.2.3,Win32,60.24096386,5ed2717aec79fd1d3ca47d65,6899c7d7c4c961a016830ad3,6899c943d7b52add83833ffa,,,,,,,,,,,,,,,,,,,,,,,,,,,,,,,,,,,,,,,,,,,,,,,,,,,249.5717,250.3198,1,0,1,0,1,,,,,,,,,,,,,,,,,,,,,,,,,,,,,,,,,,,,,,,,,,,,,,,,,,,,,,,,,,,,,,,,,,,,,,,,,,,,,,,,,,,,,,,,,,,,,,,,,,,,,,,,,,,,,,,,,,,,,,,,,,,,,,,,,,,,,
,,,2025-08-11_11h48.11.270,CFMT_CCMT_Face_recognition,2023.2.3,Win32,60.24096386,5ed2717aec79fd1d3ca47d65,6899c7d7c4c961a016830ad3,6899c943d7b52add83833ffa,,,,,,,,,,,,,,,,,,,,,,,,,,,,,,,,,,,,,,,,,,,,,,,,,,,250.3213,251.0697,2,0,2,0,1,,,,,,,,,,,,,,,,,,,,,,,,,,,,,,,,,,,,,,,,,,,,,,,,,,,,,,,,,,,,,,,,,,,,,,,,,,,,,,,,,,,,,,,,,,,,,,,,,,,,,,,,,,,,,,,,,,,,,,,,,,,,,,,,,,,,,
,,,2025-08-11_11h48.11.270,CFMT_CCMT_Face_recognition,2023.2.3,Win32,60.24096386,5ed2717aec79fd1d3ca47d65,6899c7d7c4c961a016830ad3,6899c943d7b52add83833ffa,,,,,,,,,,,,,,,,,,,,,,,,,,,,,,,,,,,,,,,,,,,,,,,,,,,251.0713,251.8188,3,0,3,0,1,,,,,,,,,,,,,,,,,,,,,,,,,,,,,,,,,,,,,,,,,,,,,,,,,,,,,,,,,,,,,,,,,,,,,,,,,,,,,,,,,,,,,,,,,,,,,,,,,,,,,,,,,,,,,,,,,,,,,,,,,,,,,,,,,,,,,
,,,2025-08-11_11h48.11.270,CFMT_CCMT_Face_recognition,2023.2.3,Win32,60.24096386,5ed2717aec79fd1d3ca47d65,6899c7d7c4c961a016830ad3,6899c943d7b52add83833ffa,,,,,,,,,,,,,,,,,,,,,,,,,,,,,,,,,,,,,,,,,,,,,,,,,,,251.8191,252.5687,4,0,4,0,1,,,,,,,,,,,,,,,,,,,,,,,,,,,,,,,,,,,,,,,,,,,,,,,,,,,,,,,,,,,,,,,,,,,,,,,,,,,,,,,,,,,,,,,,,,,,,,,,,,,,,,,,,,,,,,,,,,,,,,,,,,,,,,,,,,,,,
,,,2025-08-11_11h48.11.270,CFMT_CCMT_Face_recognition,2023.2.3,Win32,60.24096386,5ed2717aec79fd1d3ca47d65,6899c7d7c4c961a016830ad3,6899c943d7b52add83833ffa,,,,,,,,,,,,,,,,,,,,,,,,,,,,,,,,,,,,,,,,,,,,,,,,,,,252.5691,253.3188,5,0,5,0,1,,,,,,,,,,,,,,,,,,,,,,,,,,,,,,,,,,,,,,,,,,,,,,,,,,,,,,,,,,,,,,,,,,,,,,,,,,,,,,,,,,,,,,,,,,,,,,,,,,,,,,,,,,,,,,,,,,,,,,,,,,,,,,,,,,,,,
,,,2025-08-11_11h48.11.270,CFMT_CCMT_Face_recognition,2023.2.3,Win32,60.24096386,5ed2717aec79fd1d3ca47d65,6899c7d7c4c961a016830ad3,6899c943d7b52add83833ffa,,,,,,,,,,,,,,,,,,,,,,,,,,,,,,,,,,,,,,,,,,,,,,253.3215,2.408069225,255.7185,255.7186,255.7186,255.7203,256.4691,0,0,0,0,1,253.3188,253.3205,,0,,,,,,,,,,,,,,,,,,,,,,,,,,,,,,,,,,,,,,,,,,,,,,,,,,,,,,,,,,,,,,,,,,,,,,,,,,,,,,,,,,,,,,,,,,,,,,,,,,,,,,,,,,,,,,,,,,,,,,,,,,,,,,,,,
,,,2025-08-11_11h48.11.270,CFMT_CCMT_Face_recognition,2023.2.3,Win32,60.24096386,5ed2717aec79fd1d3ca47d65,6899c7d7c4c961a016830ad3,6899c943d7b52add83833ffa,,,,,,,,,,,,,,,,,,,,,,,,,,,,,,,,,,,,,,,,,,,,,,,,,,,256.4707,257.2182,1,0,1,0,1,,,,,,,,,,,,,,,,,,,,,,,,,,,,,,,,,,,,,,,,,,,,,,,,,,,,,,,,,,,,,,,,,,,,,,,,,,,,,,,,,,,,,,,,,,,,,,,,,,,,,,,,,,,,,,,,,,,,,,,,,,,,,,,,,,,,,
,,,2025-08-11_11h48.11.270,CFMT_CCMT_Face_recognition,2023.2.3,Win32,60.24096386,5ed2717aec79fd1d3ca47d65,6899c7d7c4c961a016830ad3,6899c943d7b52add83833ffa,,,,,,,,,,,,,,,,,,,,,,,,,,,,,,,,,,,,,,,,,,,,,,,,,,,257.2185,257.9689,2,0,2,0,1,,,,,,,,,,,,,,,,,,,,,,,,,,,,,,,,,,,,,,,,,,,,,,,,,,,,,,,,,,,,,,,,,,,,,,,,,,,,,,,,,,,,,,,,,,,,,,,,,,,,,,,,,,,,,,,,,,,,,,,,,,,,,,,,,,,,,
,,,2025-08-11_11h48.11.270,CFMT_CCMT_Face_recognition,2023.2.3,Win32,60.24096386,5ed2717aec79fd1d3ca47d65,6899c7d7c4c961a016830ad3,6899c943d7b52add83833ffa,,,,,,,,,,,,,,,,,,,,,,,,,,,,,,,,,,,,,,,,,,,,,,,,,,,257.9705,258.7188,3,0,3,0,1,,,,,,,,,,,,,,,,,,,,,,,,,,,,,,,,,,,,,,,,,,,,,,,,,,,,,,,,,,,,,,,,,,,,,,,,,,,,,,,,,,,,,,,,,,,,,,,,,,,,,,,,,,,,,,,,,,,,,,,,,,,,,,,,,,,,,
,,,2025-08-11_11h48.11.270,CFMT_CCMT_Face_recognition,2023.2.3,Win32,60.24096386,5ed2717aec79fd1d3ca47d65,6899c7d7c4c961a016830ad3,6899c943d7b52add83833ffa,,,,,,,,,,,,,,,,,,,,,,,,,,,,,,,,,,,,,,,,,,,,,,,,,,,258.7205,259.4686,4,0,4,0,1,,,,,,,,,,,,,,,,,,,,,,,,,,,,,,,,,,,,,,,,,,,,,,,,,,,,,,,,,,,,,,,,,,,,,,,,,,,,,,,,,,,,,,,,,,,,,,,,,,,,,,,,,,,,,,,,,,,,,,,,,,,,,,,,,,,,,
,,,2025-08-11_11h48.11.270,CFMT_CCMT_Face_recognition,2023.2.3,Win32,60.24096386,5ed2717aec79fd1d3ca47d65,6899c7d7c4c961a016830ad3,6899c943d7b52add83833ffa,,,,,,,,,,,,,,,,,,,,,,,,,,,,,,,,,,,,,,,,,,,,,,,,,,,259.4702,260.2178,5,0,5,0,1,,,,,,,,,,,,,,,,,,,,,,,,,,,,,,,,,,,,,,,,,,,,,,,,,,,,,,,,,,,,,,,,,,,,,,,,,,,,,,,,,,,,,,,,,,,,,,,,,,,,,,,,,,,,,,,,,,,,,,,,,,,,,,,,,,,,,
,,,2025-08-11_11h48.11.270,CFMT_CCMT_Face_recognition,2023.2.3,Win32,60.24096386,5ed2717aec79fd1d3ca47d65,6899c7d7c4c961a016830ad3,6899c943d7b52add83833ffa,,,,,,,,,,,,,,,,,,,,,,,,,,,,,,,,,,,,,,,,,,,,,,260.2192,2.31189293,262.5341,262.5342,262.5343,262.5349,263.2848,0,0,0,0,1,260.2178,260.2187,,0,,,,,,,,,,,,,,,,,,,,,,,,,,,,,,,,,,,,,,,,,,,,,,,,,,,,,,,,,,,,,,,,,,,,,,,,,,,,,,,,,,,,,,,,,,,,,,,,,,,,,,,,,,,,,,,,,,,,,,,,,,,,,,,,,
,,,2025-08-11_11h48.11.270,CFMT_CCMT_Face_recognition,2023.2.3,Win32,60.24096386,5ed2717aec79fd1d3ca47d65,6899c7d7c4c961a016830ad3,6899c943d7b52add83833ffa,,,,,,,,,,,,,,,,,,,,,,,,,,,,,,,,,,,,,,,,,,,,,,,,,,,263.2864,264.0339,1,0,1,0,1,,,,,,,,,,,,,,,,,,,,,,,,,,,,,,,,,,,,,,,,,,,,,,,,,,,,,,,,,,,,,,,,,,,,,,,,,,,,,,,,,,,,,,,,,,,,,,,,,,,,,,,,,,,,,,,,,,,,,,,,,,,,,,,,,,,,,
,,,2025-08-11_11h48.11.270,CFMT_CCMT_Face_recognition,2023.2.3,Win32,60.24096386,5ed2717aec79fd1d3ca47d65,6899c7d7c4c961a016830ad3,6899c943d7b52add83833ffa,,,,,,,,,,,,,,,,,,,,,,,,,,,,,,,,,,,,,,,,,,,,,,,,,,,264.0343,264.7845,2,0,2,0,1,,,,,,,,,,,,,,,,,,,,,,,,,,,,,,,,,,,,,,,,,,,,,,,,,,,,,,,,,,,,,,,,,,,,,,,,,,,,,,,,,,,,,,,,,,,,,,,,,,,,,,,,,,,,,,,,,,,,,,,,,,,,,,,,,,,,,
,,,2025-08-11_11h48.11.270,CFMT_CCMT_Face_recognition,2023.2.3,Win32,60.24096386,5ed2717aec79fd1d3ca47d65,6899c7d7c4c961a016830ad3,6899c943d7b52add83833ffa,,,,,,,,,,,,,,,,,,,,,,,,,,,,,,,,,,,,,,,,,,,,,,,,,,,264.7863,265.5338,3,0,3,0,1,,,,,,,,,,,,,,,,,,,,,,,,,,,,,,,,,,,,,,,,,,,,,,,,,,,,,,,,,,,,,,,,,,,,,,,,,,,,,,,,,,,,,,,,,,,,,,,,,,,,,,,,,,,,,,,,,,,,,,,,,,,,,,,,,,,,,
,,,2025-08-11_11h48.11.270,CFMT_CCMT_Face_recognition,2023.2.3,Win32,60.24096386,5ed2717aec79fd1d3ca47d65,6899c7d7c4c961a016830ad3,6899c943d7b52add83833ffa,,,,,,,,,,,,,,,,,,,,,,,,,,,,,,,,,,,,,,,,,,,,,,,,,,,265.534,266.2846,4,0,4,0,1,,,,,,,,,,,,,,,,,,,,,,,,,,,,,,,,,,,,,,,,,,,,,,,,,,,,,,,,,,,,,,,,,,,,,,,,,,,,,,,,,,,,,,,,,,,,,,,,,,,,,,,,,,,,,,,,,,,,,,,,,,,,,,,,,,,,,
,,,2025-08-11_11h48.11.270,CFMT_CCMT_Face_recognition,2023.2.3,Win32,60.24096386,5ed2717aec79fd1d3ca47d65,6899c7d7c4c961a016830ad3,6899c943d7b52add83833ffa,,,,,,,,,,,,,,,,,,,,,,,,,,,,,,,,,,,,,,,,,,,,,,,,,,,266.286,267.0349,5,0,5,0,1,,,,,,,,,,,,,,,,,,,,,,,,,,,,,,,,,,,,,,,,,,,,,,,,,,,,,,,,,,,,,,,,,,,,,,,,,,,,,,,,,,,,,,,,,,,,,,,,,,,,,,,,,,,,,,,,,,,,,,,,,,,,,,,,,,,,,
,,,2025-08-11_11h48.11.270,CFMT_CCMT_Face_recognition,2023.2.3,Win32,60.24096386,5ed2717aec79fd1d3ca47d65,6899c7d7c4c961a016830ad3,6899c943d7b52add83833ffa,,,,,,,,,,,,,,,,,,,,,,,,,,,,,,,,,,,,,,,,,,,,,,267.037,2.44168341,269.4682,269.4685,269.4686,269.4696,270.2165,0,0,0,0,1,267.0355,267.0367,,0,,,,,,,,,,,,,,,,,,,,,,,,,,,,,,,,,,,,,,,,,,,,,,,,,,,,,,,,,,,,,,,,,,,,,,,,,,,,,,,,,,,,,,,,,,,,,,,,,,,,,,,,,,,,,,,,,,,,,,,,,,,,,,,,,
,,,2025-08-11_11h48.11.270,CFMT_CCMT_Face_recognition,2023.2.3,Win32,60.24096386,5ed2717aec79fd1d3ca47d65,6899c7d7c4c961a016830ad3,6899c943d7b52add83833ffa,,,,,,,,,,,,,,,,,,,,,,,,,,,,,,,,,,,,,,,,,,,,,,,,,,,270.2168,270.9675,1,0,1,0,1,,,,,,,,,,,,,,,,,,,,,,,,,,,,,,,,,,,,,,,,,,,,,,,,,,,,,,,,,,,,,,,,,,,,,,,,,,,,,,,,,,,,,,,,,,,,,,,,,,,,,,,,,,,,,,,,,,,,,,,,,,,,,,,,,,,,,
,,,2025-08-11_11h48.11.270,CFMT_CCMT_Face_recognition,2023.2.3,Win32,60.24096386,5ed2717aec79fd1d3ca47d65,6899c7d7c4c961a016830ad3,6899c943d7b52add83833ffa,,,,,,,,,,,,,,,,,,,,,,,,,,,,,,,,,,,,,,,,,,,,,,,,,,,270.969,271.7163,2,0,2,0,1,,,,,,,,,,,,,,,,,,,,,,,,,,,,,,,,,,,,,,,,,,,,,,,,,,,,,,,,,,,,,,,,,,,,,,,,,,,,,,,,,,,,,,,,,,,,,,,,,,,,,,,,,,,,,,,,,,,,,,,,,,,,,,,,,,,,,
,,,2025-08-11_11h48.11.270,CFMT_CCMT_Face_recognition,2023.2.3,Win32,60.24096386,5ed2717aec79fd1d3ca47d65,6899c7d7c4c961a016830ad3,6899c943d7b52add83833ffa,,,,,,,,,,,,,,,,,,,,,,,,,,,,,,,,,,,,,,,,,,,,,,,,,,,271.7167,272.4671,3,0,3,0,1,,,,,,,,,,,,,,,,,,,,,,,,,,,,,,,,,,,,,,,,,,,,,,,,,,,,,,,,,,,,,,,,,,,,,,,,,,,,,,,,,,,,,,,,,,,,,,,,,,,,,,,,,,,,,,,,,,,,,,,,,,,,,,,,,,,,,
,,,2025-08-11_11h48.11.270,CFMT_CCMT_Face_recognition,2023.2.3,Win32,60.24096386,5ed2717aec79fd1d3ca47d65,6899c7d7c4c961a016830ad3,6899c943d7b52add83833ffa,,,,,,,,,,,,,,,,,,,,,,,,,,,,,,,,,,,,,,,,,,,,,,,,,,,272.4686,273.2162,4,0,4,0,1,,,,,,,,,,,,,,,,,,,,,,,,,,,,,,,,,,,,,,,,,,,,,,,,,,,,,,,,,,,,,,,,,,,,,,,,,,,,,,,,,,,,,,,,,,,,,,,,,,,,,,,,,,,,,,,,,,,,,,,,,,,,,,,,,,,,,
,,,2025-08-11_11h48.11.270,CFMT_CCMT_Face_recognition,2023.2.3,Win32,60.24096386,5ed2717aec79fd1d3ca47d65,6899c7d7c4c961a016830ad3,6899c943d7b52add83833ffa,,,,,,,,,,,,,,,,,,,,,,,,,,,,,,,,,,,,,,,,,,,,,,,,,,,273.2165,273.9661,5,0,5,0,1,,,,,,,,,,,,,,,,,,,,,,,,,,,,,,,,,,,,,,,,,,,,,,,,,,,,,,,,,,,,,,,,,,,,,,,,,,,,,,,,,,,,,,,,,,,,,,,,,,,,,,,,,,,,,,,,,,,,,,,,,,,,,,,,,,,,,
,,,2025-08-11_11h48.11.270,CFMT_CCMT_Face_recognition,2023.2.3,Win32,60.24096386,5ed2717aec79fd1d3ca47d65,6899c7d7c4c961a016830ad3,6899c943d7b52add83833ffa,,,,,,,,,,,,,,,,,,,,,,,,,,,,,,,,,,,,,,,,,,,,,,273.9673,2.07488775,276.0325,276.0325,276.0325,276.0332,276.7831,0,0,0,0,1,273.9662,273.9669,,0,,,,,,,,,,,,,,,,,,,,,,,,,,,,,,,,,,,,,,,,,,,,,,,,,,,,,,,,,,,,,,,,,,,,,,,,,,,,,,,,,,,,,,,,,,,,,,,,,,,,,,,,,,,,,,,,,,,,,,,,,,,,,,,,,
,,,2025-08-11_11h48.11.270,CFMT_CCMT_Face_recognition,2023.2.3,Win32,60.24096386,5ed2717aec79fd1d3ca47d65,6899c7d7c4c961a016830ad3,6899c943d7b52add83833ffa,,,,,,,,,,,,,,,,,,,,,,,,,,,,,,,,,,,,,,,,,,,,,,,,,,,276.7847,277.5331,1,0,1,0,1,,,,,,,,,,,,,,,,,,,,,,,,,,,,,,,,,,,,,,,,,,,,,,,,,,,,,,,,,,,,,,,,,,,,,,,,,,,,,,,,,,,,,,,,,,,,,,,,,,,,,,,,,,,,,,,,,,,,,,,,,,,,,,,,,,,,,
,,,2025-08-11_11h48.11.270,CFMT_CCMT_Face_recognition,2023.2.3,Win32,60.24096386,5ed2717aec79fd1d3ca47d65,6899c7d7c4c961a016830ad3,6899c943d7b52add83833ffa,,,,,,,,,,,,,,,,,,,,,,,,,,,,,,,,,,,,,,,,,,,,,,,,,,,277.5346,278.283,2,0,2,0,1,,,,,,,,,,,,,,,,,,,,,,,,,,,,,,,,,,,,,,,,,,,,,,,,,,,,,,,,,,,,,,,,,,,,,,,,,,,,,,,,,,,,,,,,,,,,,,,,,,,,,,,,,,,,,,,,,,,,,,,,,,,,,,,,,,,,,
,,,2025-08-11_11h48.11.270,CFMT_CCMT_Face_recognition,2023.2.3,Win32,60.24096386,5ed2717aec79fd1d3ca47d65,6899c7d7c4c961a016830ad3,6899c943d7b52add83833ffa,,,,,,,,,,,,,,,,,,,,,,,,,,,,,,,,,,,,,,,,,,,,,,,,,,,278.2846,279.0329,3,0,3,0,1,,,,,,,,,,,,,,,,,,,,,,,,,,,,,,,,,,,,,,,,,,,,,,,,,,,,,,,,,,,,,,,,,,,,,,,,,,,,,,,,,,,,,,,,,,,,,,,,,,,,,,,,,,,,,,,,,,,,,,,,,,,,,,,,,,,,,
,,,2025-08-11_11h48.11.270,CFMT_CCMT_Face_recognition,2023.2.3,Win32,60.24096386,5ed2717aec79fd1d3ca47d65,6899c7d7c4c961a016830ad3,6899c943d7b52add83833ffa,,,,,,,,,,,,,,,,,,,,,,,,,,,,,,,,,,,,,,,,,,,,,,,,,,,279.0345,279.782,4,0,4,0,1,,,,,,,,,,,,,,,,,,,,,,,,,,,,,,,,,,,,,,,,,,,,,,,,,,,,,,,,,,,,,,,,,,,,,,,,,,,,,,,,,,,,,,,,,,,,,,,,,,,,,,,,,,,,,,,,,,,,,,,,,,,,,,,,,,,,,
,,,2025-08-11_11h48.11.270,CFMT_CCMT_Face_recognition,2023.2.3,Win32,60.24096386,5ed2717aec79fd1d3ca47d65,6899c7d7c4c961a016830ad3,6899c943d7b52add83833ffa,,,,,,,,,,,,,,,,,,,,,,,,,,,,,,,,,,,,,,,,,,,,,,,,,,,279.7823,280.5318,5,0,5,0,1,,,,,,,,,,,,,,,,,,,,,,,,,,,,,,,,,,,,,,,,,,,,,,,,,,,,,,,,,,,,,,,,,,,,,,,,,,,,,,,,,,,,,,,,,,,,,,,,,,,,,,,,,,,,,,,,,,,,,,,,,,,,,,,,,,,,,
,,,2025-08-11_11h48.11.270,CFMT_CCMT_Face_recognition,2023.2.3,Win32,60.24096386,5ed2717aec79fd1d3ca47d65,6899c7d7c4c961a016830ad3,6899c943d7b52add83833ffa,,,,,,,,,,,,,,,,,,,,,,,,,,,,,,,,,,,,,,,,,,,,,,280.5333,2.320026154,282.8482,282.8483,282.8483,282.8491,283.5982,0,0,0,0,1,280.532,280.5327,,0,,,,,,,,,,,,,,,,,,,,,,,,,,,,,,,,,,,,,,,,,,,,,,,,,,,,,,,,,,,,,,,,,,,,,,,,,,,,,,,,,,,,,,,,,,,,,,,,,,,,,,,,,,,,,,,,,,,,,,,,,,,,,,,,,
,,,2025-08-11_11h48.11.270,CFMT_CCMT_Face_recognition,2023.2.3,Win32,60.24096386,5ed2717aec79fd1d3ca47d65,6899c7d7c4c961a016830ad3,6899c943d7b52add83833ffa,,,,,,,,,,,,,,,,,,,,,,,,,,,,,,,,,,,,,,,,,,,,,,,,,,,283.5985,284.3491,1,0,1,0,1,,,,,,,,,,,,,,,,,,,,,,,,,,,,,,,,,,,,,,,,,,,,,,,,,,,,,,,,,,,,,,,,,,,,,,,,,,,,,,,,,,,,,,,,,,,,,,,,,,,,,,,,,,,,,,,,,,,,,,,,,,,,,,,,,,,,,
,,,2025-08-11_11h48.11.270,CFMT_CCMT_Face_recognition,2023.2.3,Win32,60.24096386,5ed2717aec79fd1d3ca47d65,6899c7d7c4c961a016830ad3,6899c943d7b52add83833ffa,,,,,,,,,,,,,,,,,,,,,,,,,,,,,,,,,,,,,,,,,,,,,,,,,,,284.3508,285.0989,2,0,2,0,1,,,,,,,,,,,,,,,,,,,,,,,,,,,,,,,,,,,,,,,,,,,,,,,,,,,,,,,,,,,,,,,,,,,,,,,,,,,,,,,,,,,,,,,,,,,,,,,,,,,,,,,,,,,,,,,,,,,,,,,,,,,,,,,,,,,,,
,,,2025-08-11_11h48.11.270,CFMT_CCMT_Face_recognition,2023.2.3,Win32,60.24096386,5ed2717aec79fd1d3ca47d65,6899c7d7c4c961a016830ad3,6899c943d7b52add83833ffa,,,,,,,,,,,,,,,,,,,,,,,,,,,,,,,,,,,,,,,,,,,,,,,,,,,285.1004,285.8478,3,0,3,0,1,,,,,,,,,,,,,,,,,,,,,,,,,,,,,,,,,,,,,,,,,,,,,,,,,,,,,,,,,,,,,,,,,,,,,,,,,,,,,,,,,,,,,,,,,,,,,,,,,,,,,,,,,,,,,,,,,,,,,,,,,,,,,,,,,,,,,
,,,2025-08-11_11h48.11.270,CFMT_CCMT_Face_recognition,2023.2.3,Win32,60.24096386,5ed2717aec79fd1d3ca47d65,6899c7d7c4c961a016830ad3,6899c943d7b52add83833ffa,,,,,,,,,,,,,,,,,,,,,,,,,,,,,,,,,,,,,,,,,,,,,,,,,,,285.8481,286.5979,4,0,4,0,1,,,,,,,,,,,,,,,,,,,,,,,,,,,,,,,,,,,,,,,,,,,,,,,,,,,,,,,,,,,,,,,,,,,,,,,,,,,,,,,,,,,,,,,,,,,,,,,,,,,,,,,,,,,,,,,,,,,,,,,,,,,,,,,,,,,,,
,,,2025-08-11_11h48.11.270,CFMT_CCMT_Face_recognition,2023.2.3,Win32,60.24096386,5ed2717aec79fd1d3ca47d65,6899c7d7c4c961a016830ad3,6899c943d7b52add83833ffa,,,,,,,,,,,,,,,,,,,,,,,,,,,,,,,,,,,,,,,,,,,,,,,,,,,286.5982,287.3477,5,0,5,0,1,,,,,,,,,,,,,,,,,,,,,,,,,,,,,,,,,,,,,,,,,,,,,,,,,,,,,,,,,,,,,,,,,,,,,,,,,,,,,,,,,,,,,,,,,,,,,,,,,,,,,,,,,,,,,,,,,,,,,,,,,,,,,,,,,,,,,
,,,2025-08-11_11h48.11.270,CFMT_CCMT_Face_recognition,2023.2.3,Win32,60.24096386,5ed2717aec79fd1d3ca47d65,6899c7d7c4c961a016830ad3,6899c943d7b52add83833ffa,,,,,,,,,,,,,,,,,,,,,,,,,,,,,,,,,,,,,,,,,,,,,,287.3487,2.38621778,289.7307,289.7307,289.7308,289.7314,290.4807,0,0,0,0,1,287.3478,287.3485,,0,,,,,,,,,,,,,,,,,,,,,,,,,,,,,,,,,,,,,,,,,,,,,,,,,,,,,,,,,,,,,,,,,,,,,,,,,,,,,,,,,,,,,,,,,,,,,,,,,,,,,,,,,,,,,,,,,,,,,,,,,,,,,,,,,
,,,2025-08-11_11h48.11.270,CFMT_CCMT_Face_recognition,2023.2.3,Win32,60.24096386,5ed2717aec79fd1d3ca47d65,6899c7d7c4c961a016830ad3,6899c943d7b52add83833ffa,,,,,,,,,,,,,,,,,,,,,,,,,,,,,,,,,,,,,,,,,,,,,,,,,,,290.4811,291.2306,1,0,1,0,1,,,,,,,,,,,,,,,,,,,,,,,,,,,,,,,,,,,,,,,,,,,,,,,,,,,,,,,,,,,,,,,,,,,,,,,,,,,,,,,,,,,,,,,,,,,,,,,,,,,,,,,,,,,,,,,,,,,,,,,,,,,,,,,,,,,,,
,,,2025-08-11_11h48.11.270,CFMT_CCMT_Face_recognition,2023.2.3,Win32,60.24096386,5ed2717aec79fd1d3ca47d65,6899c7d7c4c961a016830ad3,6899c943d7b52add83833ffa,,,,,,,,,,,,,,,,,,,,,,,,,,,,,,,,,,,,,,,,,,,,,,,,,,,291.2308,291.9805,2,0,2,0,1,,,,,,,,,,,,,,,,,,,,,,,,,,,,,,,,,,,,,,,,,,,,,,,,,,,,,,,,,,,,,,,,,,,,,,,,,,,,,,,,,,,,,,,,,,,,,,,,,,,,,,,,,,,,,,,,,,,,,,,,,,,,,,,,,,,,,
,,,2025-08-11_11h48.11.270,CFMT_CCMT_Face_recognition,2023.2.3,Win32,60.24096386,5ed2717aec79fd1d3ca47d65,6899c7d7c4c961a016830ad3,6899c943d7b52add83833ffa,,,,,,,,,,,,,,,,,,,,,,,,,,,,,,,,,,,,,,,,,,,,,,,,,,,291.9808,292.7311,3,0,3,0,1,,,,,,,,,,,,,,,,,,,,,,,,,,,,,,,,,,,,,,,,,,,,,,,,,,,,,,,,,,,,,,,,,,,,,,,,,,,,,,,,,,,,,,,,,,,,,,,,,,,,,,,,,,,,,,,,,,,,,,,,,,,,,,,,,,,,,
,,,2025-08-11_11h48.11.270,CFMT_CCMT_Face_recognition,2023.2.3,Win32,60.24096386,5ed2717aec79fd1d3ca47d65,6899c7d7c4c961a016830ad3,6899c943d7b52add83833ffa,,,,,,,,,,,,,,,,,,,,,,,,,,,,,,,,,,,,,,,,,,,,,,,,,,,292.7328,293.4802,4,0,4,0,1,,,,,,,,,,,,,,,,,,,,,,,,,,,,,,,,,,,,,,,,,,,,,,,,,,,,,,,,,,,,,,,,,,,,,,,,,,,,,,,,,,,,,,,,,,,,,,,,,,,,,,,,,,,,,,,,,,,,,,,,,,,,,,,,,,,,,
,,,2025-08-11_11h48.11.270,CFMT_CCMT_Face_recognition,2023.2.3,Win32,60.24096386,5ed2717aec79fd1d3ca47d65,6899c7d7c4c961a016830ad3,6899c943d7b52add83833ffa,,,,,,,,,,,,,,,,,,,,,,,,,,,,,,,,,,,,,,,,,,,,,,,,,,,293.4806,294.2301,5,0,5,0,1,,,,,,,,,,,,,,,,,,,,,,,,,,,,,,,,,,,,,,,,,,,,,,,,,,,,,,,,,,,,,,,,,,,,,,,,,,,,,,,,,,,,,,,,,,,,,,,,,,,,,,,,,,,,,,,,,,,,,,,,,,,,,,,,,,,,,
,,,2025-08-11_11h48.11.270,CFMT_CCMT_Face_recognition,2023.2.3,Win32,60.24096386,5ed2717aec79fd1d3ca47d65,6899c7d7c4c961a016830ad3,6899c943d7b52add83833ffa,,,,,,,,,,,,,,,,,,,,,,,,,,,,,,,,,,,,,,,,,,,,,,294.2318,1.675409514,295.8967,295.8967,295.8967,295.8974,296.6467,0,0,0,0,1,294.2301,294.2311,,0,,,,,,,,,,,,,,,,,,,,,,,,,,,,,,,,,,,,,,,,,,,,,,,,,,,,,,,,,,,,,,,,,,,,,,,,,,,,,,,,,,,,,,,,,,,,,,,,,,,,,,,,,,,,,,,,,,,,,,,,,,,,,,,,,
,,,2025-08-11_11h48.11.270,CFMT_CCMT_Face_recognition,2023.2.3,Win32,60.24096386,5ed2717aec79fd1d3ca47d65,6899c7d7c4c961a016830ad3,6899c943d7b52add83833ffa,,,,,,,,,,,,,,,,,,,,,,,,,,,,,,,,,,,,,,,,,,,,,,,,,,,296.6471,297.3964,1,0,1,0,1,,,,,,,,,,,,,,,,,,,,,,,,,,,,,,,,,,,,,,,,,,,,,,,,,,,,,,,,,,,,,,,,,,,,,,,,,,,,,,,,,,,,,,,,,,,,,,,,,,,,,,,,,,,,,,,,,,,,,,,,,,,,,,,,,,,,,
,,,2025-08-11_11h48.11.270,CFMT_CCMT_Face_recognition,2023.2.3,Win32,60.24096386,5ed2717aec79fd1d3ca47d65,6899c7d7c4c961a016830ad3,6899c943d7b52add83833ffa,,,,,,,,,,,,,,,,,,,,,,,,,,,,,,,,,,,,,,,,,,,,,,,,,,,297.3967,298.1463,2,0,2,0,1,,,,,,,,,,,,,,,,,,,,,,,,,,,,,,,,,,,,,,,,,,,,,,,,,,,,,,,,,,,,,,,,,,,,,,,,,,,,,,,,,,,,,,,,,,,,,,,,,,,,,,,,,,,,,,,,,,,,,,,,,,,,,,,,,,,,,
,,,2025-08-11_11h48.11.270,CFMT_CCMT_Face_recognition,2023.2.3,Win32,60.24096386,5ed2717aec79fd1d3ca47d65,6899c7d7c4c961a016830ad3,6899c943d7b52add83833ffa,,,,,,,,,,,,,,,,,,,,,,,,,,,,,,,,,,,,,,,,,,,,,,,,,,,298.1466,298.8963,3,0,3,0,1,,,,,,,,,,,,,,,,,,,,,,,,,,,,,,,,,,,,,,,,,,,,,,,,,,,,,,,,,,,,,,,,,,,,,,,,,,,,,,,,,,,,,,,,,,,,,,,,,,,,,,,,,,,,,,,,,,,,,,,,,,,,,,,,,,,,,
,,,2025-08-11_11h48.11.270,CFMT_CCMT_Face_recognition,2023.2.3,Win32,60.24096386,5ed2717aec79fd1d3ca47d65,6899c7d7c4c961a016830ad3,6899c943d7b52add83833ffa,,,,,,,,,,,,,,,,,,,,,,,,,,,,,,,,,,,,,,,,,,,,,,,,,,,298.8967,299.6472,4,0,4,0,1,,,,,,,,,,,,,,,,,,,,,,,,,,,,,,,,,,,,,,,,,,,,,,,,,,,,,,,,,,,,,,,,,,,,,,,,,,,,,,,,,,,,,,,,,,,,,,,,,,,,,,,,,,,,,,,,,,,,,,,,,,,,,,,,,,,,,
,,,2025-08-11_11h48.11.270,CFMT_CCMT_Face_recognition,2023.2.3,Win32,60.24096386,5ed2717aec79fd1d3ca47d65,6899c7d7c4c961a016830ad3,6899c943d7b52add83833ffa,,,,,,,,,,,,,,,,,,,,,,,,,,,,,,,,,,,,,,,,,,,,,,,,,,,299.6485,300.396,5,0,5,0,1,,,,,,,,,,,,,,,,,,,,,,,,,,,,,,,,,,,,,,,,,,,,,,,,,,,,,,,,,,,,,,,,,,,,,,,,,,,,,,,,,,,,,,,,,,,,,,,,,,,,,,,,,,,,,,,,,,,,,,,,,,,,,,,,,,,,,
,,,2025-08-11_11h48.11.270,CFMT_CCMT_Face_recognition,2023.2.3,Win32,60.24096386,5ed2717aec79fd1d3ca47d65,6899c7d7c4c961a016830ad3,6899c943d7b52add83833ffa,,,,,,,,,,,,,,,,,,,,,,,,,,,,,,,,,,,,,,,,,,,,,,300.3976,1.744323875,302.1459,302.1459,302.1459,302.1466,302.8958,0,0,0,0,1,300.3961,300.397,,0,,,,,,,,,,,,,,,,,,,,,,,,,,,,,,,,,,,,,,,,,,,,,,,,,,,,,,,,,,,,,,,,,,,,,,,,,,,,,,,,,,,,,,,,,,,,,,,,,,,,,,,,,,,,,,,,,,,,,,,,,,,,,,,,,
,,,2025-08-11_11h48.11.270,CFMT_CCMT_Face_recognition,2023.2.3,Win32,60.24096386,5ed2717aec79fd1d3ca47d65,6899c7d7c4c961a016830ad3,6899c943d7b52add83833ffa,,,,,,,,,,,,,,,,,,,,,,,,,,,,,,,,,,,,,,,,,,,,,,,,,,,302.8961,303.6457,1,0,1,0,1,,,,,,,,,,,,,,,,,,,,,,,,,,,,,,,,,,,,,,,,,,,,,,,,,,,,,,,,,,,,,,,,,,,,,,,,,,,,,,,,,,,,,,,,,,,,,,,,,,,,,,,,,,,,,,,,,,,,,,,,,,,,,,,,,,,,,
,,,2025-08-11_11h48.11.270,CFMT_CCMT_Face_recognition,2023.2.3,Win32,60.24096386,5ed2717aec79fd1d3ca47d65,6899c7d7c4c961a016830ad3,6899c943d7b52add83833ffa,,,,,,,,,,,,,,,,,,,,,,,,,,,,,,,,,,,,,,,,,,,,,,,,,,,303.646,304.3965,2,0,2,0,1,,,,,,,,,,,,,,,,,,,,,,,,,,,,,,,,,,,,,,,,,,,,,,,,,,,,,,,,,,,,,,,,,,,,,,,,,,,,,,,,,,,,,,,,,,,,,,,,,,,,,,,,,,,,,,,,,,,,,,,,,,,,,,,,,,,,,
,,,2025-08-11_11h48.11.270,CFMT_CCMT_Face_recognition,2023.2.3,Win32,60.24096386,5ed2717aec79fd1d3ca47d65,6899c7d7c4c961a016830ad3,6899c943d7b52add83833ffa,,,,,,,,,,,,,,,,,,,,,,,,,,,,,,,,,,,,,,,,,,,,,,,,,,,304.3979,305.1454,3,0,3,0,1,,,,,,,,,,,,,,,,,,,,,,,,,,,,,,,,,,,,,,,,,,,,,,,,,,,,,,,,,,,,,,,,,,,,,,,,,,,,,,,,,,,,,,,,,,,,,,,,,,,,,,,,,,,,,,,,,,,,,,,,,,,,,,,,,,,,,
,,,2025-08-11_11h48.11.270,CFMT_CCMT_Face_recognition,2023.2.3,Win32,60.24096386,5ed2717aec79fd1d3ca47d65,6899c7d7c4c961a016830ad3,6899c943d7b52add83833ffa,,,,,,,,,,,,,,,,,,,,,,,,,,,,,,,,,,,,,,,,,,,,,,,,,,,305.1458,305.8954,4,0,4,0,1,,,,,,,,,,,,,,,,,,,,,,,,,,,,,,,,,,,,,,,,,,,,,,,,,,,,,,,,,,,,,,,,,,,,,,,,,,,,,,,,,,,,,,,,,,,,,,,,,,,,,,,,,,,,,,,,,,,,,,,,,,,,,,,,,,,,,
,,,2025-08-11_11h48.11.270,CFMT_CCMT_Face_recognition,2023.2.3,Win32,60.24096386,5ed2717aec79fd1d3ca47d65,6899c7d7c4c961a016830ad3,6899c943d7b52add83833ffa,,,,,,,,,,,,,,,,,,,,,,,,,,,,,,,,,,,,,,,,,,,,,,,,,,,305.8958,306.6461,5,0,5,0,1,,,,,,,,,,,,,,,,,,,,,,,,,,,,,,,,,,,,,,,,,,,,,,,,,,,,,,,,,,,,,,,,,,,,,,,,,,,,,,,,,,,,,,,,,,,,,,,,,,,,,,,,,,,,,,,,,,,,,,,,,,,,,,,,,,,,,
,,,2025-08-11_11h48.11.270,CFMT_CCMT_Face_recognition,2023.2.3,Win32,60.24096386,5ed2717aec79fd1d3ca47d65,6899c7d7c4c961a016830ad3,6899c943d7b52add83833ffa,,,,,,,,,,,,,,,,,,,,,,,,,,,,,,,,,,,,,,,,,,,,,,306.6485,1.793931314,308.4464,308.4465,308.4468,308.4481,309.195,0,0,0,0,1,306.6466,306.6483,,0,,,,,,,,,,,,,,,,,,,,,,,,,,,,,,,,,,,,,,,,,,,,,,,,,,,,,,,,,,,,,,,,,,,,,,,,,,,,,,,,,,,,,,,,,,,,,,,,,,,,,,,,,,,,,,,,,,,,,,,,,,,,,,,,,
,,,2025-08-11_11h48.11.270,CFMT_CCMT_Face_recognition,2023.2.3,Win32,60.24096386,5ed2717aec79fd1d3ca47d65,6899c7d7c4c961a016830ad3,6899c943d7b52add83833ffa,,,,,,,,,,,,,,,,,,,,,,,,,,,,,,,,,,,,,,,,,,,,,,,,,,,309.1953,309.9449,1,0,1,0,1,,,,,,,,,,,,,,,,,,,,,,,,,,,,,,,,,,,,,,,,,,,,,,,,,,,,,,,,,,,,,,,,,,,,,,,,,,,,,,,,,,,,,,,,,,,,,,,,,,,,,,,,,,,,,,,,,,,,,,,,,,,,,,,,,,,,,
,,,2025-08-11_11h48.11.270,CFMT_CCMT_Face_recognition,2023.2.3,Win32,60.24096386,5ed2717aec79fd1d3ca47d65,6899c7d7c4c961a016830ad3,6899c943d7b52add83833ffa,,,,,,,,,,,,,,,,,,,,,,,,,,,,,,,,,,,,,,,,,,,,,,,,,,,309.9452,310.6956,2,0,2,0,1,,,,,,,,,,,,,,,,,,,,,,,,,,,,,,,,,,,,,,,,,,,,,,,,,,,,,,,,,,,,,,,,,,,,,,,,,,,,,,,,,,,,,,,,,,,,,,,,,,,,,,,,,,,,,,,,,,,,,,,,,,,,,,,,,,,,,
,,,2025-08-11_11h48.11.270,CFMT_CCMT_Face_recognition,2023.2.3,Win32,60.24096386,5ed2717aec79fd1d3ca47d65,6899c7d7c4c961a016830ad3,6899c943d7b52add83833ffa,,,,,,,,,,,,,,,,,,,,,,,,,,,,,,,,,,,,,,,,,,,,,,,,,,,310.6973,311.4458,3,0,3,0,1,,,,,,,,,,,,,,,,,,,,,,,,,,,,,,,,,,,,,,,,,,,,,,,,,,,,,,,,,,,,,,,,,,,,,,,,,,,,,,,,,,,,,,,,,,,,,,,,,,,,,,,,,,,,,,,,,,,,,,,,,,,,,,,,,,,,,
,,,2025-08-11_11h48.11.270,CFMT_CCMT_Face_recognition,2023.2.3,Win32,60.24096386,5ed2717aec79fd1d3ca47d65,6899c7d7c4c961a016830ad3,6899c943d7b52add83833ffa,,,,,,,,,,,,,,,,,,,,,,,,,,,,,,,,,,,,,,,,,,,,,,,,,,,311.4472,312.1946,4,0,4,0,1,,,,,,,,,,,,,,,,,,,,,,,,,,,,,,,,,,,,,,,,,,,,,,,,,,,,,,,,,,,,,,,,,,,,,,,,,,,,,,,,,,,,,,,,,,,,,,,,,,,,,,,,,,,,,,,,,,,,,,,,,,,,,,,,,,,,,
,,,2025-08-11_11h48.11.270,CFMT_CCMT_Face_recognition,2023.2.3,Win32,60.24096386,5ed2717aec79fd1d3ca47d65,6899c7d7c4c961a016830ad3,6899c943d7b52add83833ffa,,,,,,,,,,,,,,,,,,,,,,,,,,,,,,,,,,,,,,,,,,,,,,,,,,,312.1949,312.9445,5,0,5,0,1,,,,,,,,,,,,,,,,,,,,,,,,,,,,,,,,,,,,,,,,,,,,,,,,,,,,,,,,,,,,,,,,,,,,,,,,,,,,,,,,,,,,,,,,,,,,,,,,,,,,,,,,,,,,,,,,,,,,,,,,,,,,,,,,,,,,,
,,,2025-08-11_11h48.11.270,CFMT_CCMT_Face_recognition,2023.2.3,Win32,60.24096386,5ed2717aec79fd1d3ca47d65,6899c7d7c4c961a016830ad3,6899c943d7b52add83833ffa,,,,,,,,,,,,,,,,,,,,,,,,,,,,,,,,,,,,,,,,,,,,,,312.9475,1.668717786,314.611,314.6111,314.6111,314.6131,315.3616,0,0,0,0,1,312.9446,312.9466,,0,,,,,,,,,,,,,,,,,,,,,,,,,,,,,,,,,,,,,,,,,,,,,,,,,,,,,,,,,,,,,,,,,,,,,,,,,,,,,,,,,,,,,,,,,,,,,,,,,,,,,,,,,,,,,,,,,,,,,,,,,,,,,,,,,
,,,2025-08-11_11h48.11.270,CFMT_CCMT_Face_recognition,2023.2.3,Win32,60.24096386,5ed2717aec79fd1d3ca47d65,6899c7d7c4c961a016830ad3,6899c943d7b52add83833ffa,,,,,,,,,,,,,,,,,,,,,,,,,,,,,,,,,,,,,,,,,,,,,,,,,,,315.3633,316.1108,1,0,1,0,1,,,,,,,,,,,,,,,,,,,,,,,,,,,,,,,,,,,,,,,,,,,,,,,,,,,,,,,,,,,,,,,,,,,,,,,,,,,,,,,,,,,,,,,,,,,,,,,,,,,,,,,,,,,,,,,,,,,,,,,,,,,,,,,,,,,,,
,,,2025-08-11_11h48.11.270,CFMT_CCMT_Face_recognition,2023.2.3,Win32,60.24096386,5ed2717aec79fd1d3ca47d65,6899c7d7c4c961a016830ad3,6899c943d7b52add83833ffa,,,,,,,,,,,,,,,,,,,,,,,,,,,,,,,,,,,,,,,,,,,,,,,,,,,316.1111,316.8615,2,0,2,0,1,,,,,,,,,,,,,,,,,,,,,,,,,,,,,,,,,,,,,,,,,,,,,,,,,,,,,,,,,,,,,,,,,,,,,,,,,,,,,,,,,,,,,,,,,,,,,,,,,,,,,,,,,,,,,,,,,,,,,,,,,,,,,,,,,,,,,
,,,2025-08-11_11h48.11.270,CFMT_CCMT_Face_recognition,2023.2.3,Win32,60.24096386,5ed2717aec79fd1d3ca47d65,6899c7d7c4c961a016830ad3,6899c943d7b52add83833ffa,,,,,,,,,,,,,,,,,,,,,,,,,,,,,,,,,,,,,,,,,,,,,,,,,,,316.863,317.6114,3,0,3,0,1,,,,,,,,,,,,,,,,,,,,,,,,,,,,,,,,,,,,,,,,,,,,,,,,,,,,,,,,,,,,,,,,,,,,,,,,,,,,,,,,,,,,,,,,,,,,,,,,,,,,,,,,,,,,,,,,,,,,,,,,,,,,,,,,,,,,,
,,,2025-08-11_11h48.11.270,CFMT_CCMT_Face_recognition,2023.2.3,Win32,60.24096386,5ed2717aec79fd1d3ca47d65,6899c7d7c4c961a016830ad3,6899c943d7b52add83833ffa,,,,,,,,,,,,,,,,,,,,,,,,,,,,,,,,,,,,,,,,,,,,,,,,,,,317.613,318.3605,4,0,4,0,1,,,,,,,,,,,,,,,,,,,,,,,,,,,,,,,,,,,,,,,,,,,,,,,,,,,,,,,,,,,,,,,,,,,,,,,,,,,,,,,,,,,,,,,,,,,,,,,,,,,,,,,,,,,,,,,,,,,,,,,,,,,,,,,,,,,,,
,,,2025-08-11_11h48.11.270,CFMT_CCMT_Face_recognition,2023.2.3,Win32,60.24096386,5ed2717aec79fd1d3ca47d65,6899c7d7c4c961a016830ad3,6899c943d7b52add83833ffa,,,,,,,,,,,,,,,,,,,,,,,,,,,,,,,,,,,,,,,,,,,,,,,,,,,318.3609,319.1104,5,0,5,0,1,,,,,,,,,,,,,,,,,,,,,,,,,,,,,,,,,,,,,,,,,,,,,,,,,,,,,,,,,,,,,,,,,,,,,,,,,,,,,,,,,,,,,,,,,,,,,,,,,,,,,,,,,,,,,,,,,,,,,,,,,,,,,,,,,,,,,
,,,2025-08-11_11h48.11.270,CFMT_CCMT_Face_recognition,2023.2.3,Win32,60.24096386,5ed2717aec79fd1d3ca47d65,6899c7d7c4c961a016830ad3,6899c943d7b52add83833ffa,,,,,,,,,,,,,,,,,,,,,,,,,,,,,,,,,,,,,,,,,,,,,,319.1119,1.881307688,320.9935,320.9935,320.9935,320.9943,321.744,0,0,0,0,1,319.1104,319.1113,,0,,,,,,,,,,,,,,,,,,,,,,,,,,,,,,,,,,,,,,,,,,,,,,,,,,,,,,,,,,,,,,,,,,,,,,,,,,,,,,,,,,,,,,,,,,,,,,,,,,,,,,,,,,,,,,,,,,,,,,,,,,,,,,,,,
,,,2025-08-11_11h48.11.270,CFMT_CCMT_Face_recognition,2023.2.3,Win32,60.24096386,5ed2717aec79fd1d3ca47d65,6899c7d7c4c961a016830ad3,6899c943d7b52add83833ffa,,,,,,,,,,,,,,,,,,,,,,,,,,,,,,,,,,,,,,,,,,,,,,,,,,,321.7457,322.4942,1,0,1,0,1,,,,,,,,,,,,,,,,,,,,,,,,,,,,,,,,,,,,,,,,,,,,,,,,,,,,,,,,,,,,,,,,,,,,,,,,,,,,,,,,,,,,,,,,,,,,,,,,,,,,,,,,,,,,,,,,,,,,,,,,,,,,,,,,,,,,,
,,,2025-08-11_11h48.11.270,CFMT_CCMT_Face_recognition,2023.2.3,Win32,60.24096386,5ed2717aec79fd1d3ca47d65,6899c7d7c4c961a016830ad3,6899c943d7b52add83833ffa,,,,,,,,,,,,,,,,,,,,,,,,,,,,,,,,,,,,,,,,,,,,,,,,,,,322.4958,323.2432,2,0,2,0,1,,,,,,,,,,,,,,,,,,,,,,,,,,,,,,,,,,,,,,,,,,,,,,,,,,,,,,,,,,,,,,,,,,,,,,,,,,,,,,,,,,,,,,,,,,,,,,,,,,,,,,,,,,,,,,,,,,,,,,,,,,,,,,,,,,,,,
,,,2025-08-11_11h48.11.270,CFMT_CCMT_Face_recognition,2023.2.3,Win32,60.24096386,5ed2717aec79fd1d3ca47d65,6899c7d7c4c961a016830ad3,6899c943d7b52add83833ffa,,,,,,,,,,,,,,,,,,,,,,,,,,,,,,,,,,,,,,,,,,,,,,,,,,,323.2435,323.9939,3,0,3,0,1,,,,,,,,,,,,,,,,,,,,,,,,,,,,,,,,,,,,,,,,,,,,,,,,,,,,,,,,,,,,,,,,,,,,,,,,,,,,,,,,,,,,,,,,,,,,,,,,,,,,,,,,,,,,,,,,,,,,,,,,,,,,,,,,,,,,,
,,,2025-08-11_11h48.11.270,CFMT_CCMT_Face_recognition,2023.2.3,Win32,60.24096386,5ed2717aec79fd1d3ca47d65,6899c7d7c4c961a016830ad3,6899c943d7b52add83833ffa,,,,,,,,,,,,,,,,,,,,,,,,,,,,,,,,,,,,,,,,,,,,,,,,,,,323.9954,324.743,4,0,4,0,1,,,,,,,,,,,,,,,,,,,,,,,,,,,,,,,,,,,,,,,,,,,,,,,,,,,,,,,,,,,,,,,,,,,,,,,,,,,,,,,,,,,,,,,,,,,,,,,,,,,,,,,,,,,,,,,,,,,,,,,,,,,,,,,,,,,,,
,,,2025-08-11_11h48.11.270,CFMT_CCMT_Face_recognition,2023.2.3,Win32,60.24096386,5ed2717aec79fd1d3ca47d65,6899c7d7c4c961a016830ad3,6899c943d7b52add83833ffa,,,,,,,,,,,,,,,,,,,,,,,,,,,,,,,,,,,,,,,,,,,,,,,,,,,324.7434,325.4931,5,0,5,0,1,,,,,,,,,,,,,,,,,,,,,,,,,,,,,,,,,,,,,,,,,,,,,,,,,,,,,,,,,,,,,,,,,,,,,,,,,,,,,,,,,,,,,,,,,,,,,,,,,,,,,,,,,,,,,,,,,,,,,,,,,,,,,,,,,,,,,
,,,2025-08-11_11h48.11.270,CFMT_CCMT_Face_recognition,2023.2.3,Win32,60.24096386,5ed2717aec79fd1d3ca47d65,6899c7d7c4c961a016830ad3,6899c943d7b52add83833ffa,,,,,,,,,,,,,,,,,,,,,,,,,,,,,,,,,,,,,,,,,,,,,,325.4951,2.421969164,327.9093,327.9094,327.9094,327.911,328.6592,0,0,0,0,1,325.4931,325.4945,,0,,,,,,,,,,,,,,,,,,,,,,,,,,,,,,,,,,,,,,,,,,,,,,,,,,,,,,,,,,,,,,,,,,,,,,,,,,,,,,,,,,,,,,,,,,,,,,,,,,,,,,,,,,,,,,,,,,,,,,,,,,,,,,,,,
,,,2025-08-11_11h48.11.270,CFMT_CCMT_Face_recognition,2023.2.3,Win32,60.24096386,5ed2717aec79fd1d3ca47d65,6899c7d7c4c961a016830ad3,6899c943d7b52add83833ffa,,,,,,,,,,,,,,,,,,,,,,,,,,,,,,,,,,,,,,,,,,,,,,,,,,,328.6596,329.4098,1,0,1,0,1,,,,,,,,,,,,,,,,,,,,,,,,,,,,,,,,,,,,,,,,,,,,,,,,,,,,,,,,,,,,,,,,,,,,,,,,,,,,,,,,,,,,,,,,,,,,,,,,,,,,,,,,,,,,,,,,,,,,,,,,,,,,,,,,,,,,,
,,,2025-08-11_11h48.11.270,CFMT_CCMT_Face_recognition,2023.2.3,Win32,60.24096386,5ed2717aec79fd1d3ca47d65,6899c7d7c4c961a016830ad3,6899c943d7b52add83833ffa,,,,,,,,,,,,,,,,,,,,,,,,,,,,,,,,,,,,,,,,,,,,,,,,,,,329.4114,330.159,2,0,2,0,1,,,,,,,,,,,,,,,,,,,,,,,,,,,,,,,,,,,,,,,,,,,,,,,,,,,,,,,,,,,,,,,,,,,,,,,,,,,,,,,,,,,,,,,,,,,,,,,,,,,,,,,,,,,,,,,,,,,,,,,,,,,,,,,,,,,,,
,,,2025-08-11_11h48.11.270,CFMT_CCMT_Face_recognition,2023.2.3,Win32,60.24096386,5ed2717aec79fd1d3ca47d65,6899c7d7c4c961a016830ad3,6899c943d7b52add83833ffa,,,,,,,,,,,,,,,,,,,,,,,,,,,,,,,,,,,,,,,,,,,,,,,,,,,330.1593,330.9088,3,0,3,0,1,,,,,,,,,,,,,,,,,,,,,,,,,,,,,,,,,,,,,,,,,,,,,,,,,,,,,,,,,,,,,,,,,,,,,,,,,,,,,,,,,,,,,,,,,,,,,,,,,,,,,,,,,,,,,,,,,,,,,,,,,,,,,,,,,,,,,
,,,2025-08-11_11h48.11.270,CFMT_CCMT_Face_recognition,2023.2.3,Win32,60.24096386,5ed2717aec79fd1d3ca47d65,6899c7d7c4c961a016830ad3,6899c943d7b52add83833ffa,,,,,,,,,,,,,,,,,,,,,,,,,,,,,,,,,,,,,,,,,,,,,,,,,,,330.9092,331.6589,4,0,4,0,1,,,,,,,,,,,,,,,,,,,,,,,,,,,,,,,,,,,,,,,,,,,,,,,,,,,,,,,,,,,,,,,,,,,,,,,,,,,,,,,,,,,,,,,,,,,,,,,,,,,,,,,,,,,,,,,,,,,,,,,,,,,,,,,,,,,,,
,,,2025-08-11_11h48.11.270,CFMT_CCMT_Face_recognition,2023.2.3,Win32,60.24096386,5ed2717aec79fd1d3ca47d65,6899c7d7c4c961a016830ad3,6899c943d7b52add83833ffa,,,,,,,,,,,,,,,,,,,,,,,,,,,,,,,,,,,,,,,,,,,,,,,,,,,331.6591,332.4087,5,0,5,0,1,,,,,,,,,,,,,,,,,,,,,,,,,,,,,,,,,,,,,,,,,,,,,,,,,,,,,,,,,,,,,,,,,,,,,,,,,,,,,,,,,,,,,,,,,,,,,,,,,,,,,,,,,,,,,,,,,,,,,,,,,,,,,,,,,,,,,
,,,2025-08-11_11h48.11.270,CFMT_CCMT_Face_recognition,2023.2.3,Win32,60.24096386,5ed2717aec79fd1d3ca47d65,6899c7d7c4c961a016830ad3,6899c943d7b52add83833ffa,,,,,,,,,,,,,,,,,,,,,,,,,,,,,,,,,,,,,,,,,,,,,,332.4102,1.589553602,333.9918,333.9919,333.9919,333.9927,334.7427,0,0,0,0,1,332.4088,332.4096,,0,,,,,,,,,,,,,,,,,,,,,,,,,,,,,,,,,,,,,,,,,,,,,,,,,,,,,,,,,,,,,,,,,,,,,,,,,,,,,,,,,,,,,,,,,,,,,,,,,,,,,,,,,,,,,,,,,,,,,,,,,,,,,,,,,
,,,2025-08-11_11h48.11.270,CFMT_CCMT_Face_recognition,2023.2.3,Win32,60.24096386,5ed2717aec79fd1d3ca47d65,6899c7d7c4c961a016830ad3,6899c943d7b52add83833ffa,,,,,,,,,,,,,,,,,,,,,,,,,,,,,,,,,,,,,,,,,,,,,,,,,,,334.7443,335.4926,1,0,1,0,1,,,,,,,,,,,,,,,,,,,,,,,,,,,,,,,,,,,,,,,,,,,,,,,,,,,,,,,,,,,,,,,,,,,,,,,,,,,,,,,,,,,,,,,,,,,,,,,,,,,,,,,,,,,,,,,,,,,,,,,,,,,,,,,,,,,,,
,,,2025-08-11_11h48.11.270,CFMT_CCMT_Face_recognition,2023.2.3,Win32,60.24096386,5ed2717aec79fd1d3ca47d65,6899c7d7c4c961a016830ad3,6899c943d7b52add83833ffa,,,,,,,,,,,,,,,,,,,,,,,,,,,,,,,,,,,,,,,,,,,,,,,,,,,335.4941,336.2415,2,0,2,0,1,,,,,,,,,,,,,,,,,,,,,,,,,,,,,,,,,,,,,,,,,,,,,,,,,,,,,,,,,,,,,,,,,,,,,,,,,,,,,,,,,,,,,,,,,,,,,,,,,,,,,,,,,,,,,,,,,,,,,,,,,,,,,,,,,,,,,
,,,2025-08-11_11h48.11.270,CFMT_CCMT_Face_recognition,2023.2.3,Win32,60.24096386,5ed2717aec79fd1d3ca47d65,6899c7d7c4c961a016830ad3,6899c943d7b52add83833ffa,,,,,,,,,,,,,,,,,,,,,,,,,,,,,,,,,,,,,,,,,,,,,,,,,,,336.2418,336.9915,3,0,3,0,1,,,,,,,,,,,,,,,,,,,,,,,,,,,,,,,,,,,,,,,,,,,,,,,,,,,,,,,,,,,,,,,,,,,,,,,,,,,,,,,,,,,,,,,,,,,,,,,,,,,,,,,,,,,,,,,,,,,,,,,,,,,,,,,,,,,,,
,,,2025-08-11_11h48.11.270,CFMT_CCMT_Face_recognition,2023.2.3,Win32,60.24096386,5ed2717aec79fd1d3ca47d65,6899c7d7c4c961a016830ad3,6899c943d7b52add83833ffa,,,,,,,,,,,,,,,,,,,,,,,,,,,,,,,,,,,,,,,,,,,,,,,,,,,336.9919,337.7423,4,0,4,0,1,,,,,,,,,,,,,,,,,,,,,,,,,,,,,,,,,,,,,,,,,,,,,,,,,,,,,,,,,,,,,,,,,,,,,,,,,,,,,,,,,,,,,,,,,,,,,,,,,,,,,,,,,,,,,,,,,,,,,,,,,,,,,,,,,,,,,
,,,2025-08-11_11h48.11.270,CFMT_CCMT_Face_recognition,2023.2.3,Win32,60.24096386,5ed2717aec79fd1d3ca47d65,6899c7d7c4c961a016830ad3,6899c943d7b52add83833ffa,,,,,,,,,,,,,,,,,,,,,,,,,,,,,,,,,,,,,,,,,,,,,,,,,,,337.7439,338.4914,5,0,5,0,1,,,,,,,,,,,,,,,,,,,,,,,,,,,,,,,,,,,,,,,,,,,,,,,,,,,,,,,,,,,,,,,,,,,,,,,,,,,,,,,,,,,,,,,,,,,,,,,,,,,,,,,,,,,,,,,,,,,,,,,,,,,,,,,,,,,,,
,,,2025-08-11_11h48.11.270,CFMT_CCMT_Face_recognition,2023.2.3,Win32,60.24096386,5ed2717aec79fd1d3ca47d65,6899c7d7c4c961a016830ad3,6899c943d7b52add83833ffa,,,,,,,,,,,,,,,,,,,,,,,,,,,,,,,,,,,,,,,,,,,,,,338.4923,1.664999824,340.1577,340.1578,340.1578,340.1584,340.8981,0,0,0,0,1,338.4915,338.4922,,0,,,,,,,,,,,,,,,,,,,,,,,,,,,,,,,,,,,,,,,,,,,,,,,,,,,,,,,,,,,,,,,,,,,,,,,,,,,,,,,,,,,,,,,,,,,,,,,,,,,,,,,,,,,,,,,,,,,,,,,,,,,,,,,,,
,,,2025-08-11_11h48.11.270,CFMT_CCMT_Face_recognition,2023.2.3,Win32,60.24096386,5ed2717aec79fd1d3ca47d65,6899c7d7c4c961a016830ad3,6899c943d7b52add83833ffa,,,,,,,,,,,,,,,,,,,,,,,,,,,,,,,,,,,,,,,,,,,,,,,,,,,340.8984,341.6409,1,0,1,0,1,,,,,,,,,,,,,,,,,,,,,,,,,,,,,,,,,,,,,,,,,,,,,,,,,,,,,,,,,,,,,,,,,,,,,,,,,,,,,,,,,,,,,,,,,,,,,,,,,,,,,,,,,,,,,,,,,,,,,,,,,,,,,,,,,,,,,
,,,2025-08-11_11h48.11.270,CFMT_CCMT_Face_recognition,2023.2.3,Win32,60.24096386,5ed2717aec79fd1d3ca47d65,6899c7d7c4c961a016830ad3,6899c943d7b52add83833ffa,,,,,,,,,,,,,,,,,,,,,,,,,,,,,,,,,,,,,,,,,,,,,,,,,,,341.6412,342.3908,2,0,2,0,1,,,,,,,,,,,,,,,,,,,,,,,,,,,,,,,,,,,,,,,,,,,,,,,,,,,,,,,,,,,,,,,,,,,,,,,,,,,,,,,,,,,,,,,,,,,,,,,,,,,,,,,,,,,,,,,,,,,,,,,,,,,,,,,,,,,,,
,,,2025-08-11_11h48.11.270,CFMT_CCMT_Face_recognition,2023.2.3,Win32,60.24096386,5ed2717aec79fd1d3ca47d65,6899c7d7c4c961a016830ad3,6899c943d7b52add83833ffa,,,,,,,,,,,,,,,,,,,,,,,,,,,,,,,,,,,,,,,,,,,,,,,,,,,342.3911,343.1414,3,0,3,0,1,,,,,,,,,,,,,,,,,,,,,,,,,,,,,,,,,,,,,,,,,,,,,,,,,,,,,,,,,,,,,,,,,,,,,,,,,,,,,,,,,,,,,,,,,,,,,,,,,,,,,,,,,,,,,,,,,,,,,,,,,,,,,,,,,,,,,
,,,2025-08-11_11h48.11.270,CFMT_CCMT_Face_recognition,2023.2.3,Win32,60.24096386,5ed2717aec79fd1d3ca47d65,6899c7d7c4c961a016830ad3,6899c943d7b52add83833ffa,,,,,,,,,,,,,,,,,,,,,,,,,,,,,,,,,,,,,,,,,,,,,,,,,,,343.143,343.8923,4,0,4,0,1,,,,,,,,,,,,,,,,,,,,,,,,,,,,,,,,,,,,,,,,,,,,,,,,,,,,,,,,,,,,,,,,,,,,,,,,,,,,,,,,,,,,,,,,,,,,,,,,,,,,,,,,,,,,,,,,,,,,,,,,,,,,,,,,,,,,,
,,,2025-08-11_11h48.11.270,CFMT_CCMT_Face_recognition,2023.2.3,Win32,60.24096386,5ed2717aec79fd1d3ca47d65,6899c7d7c4c961a016830ad3,6899c943d7b52add83833ffa,,,,,,,,,,,,,,,,,,,,,,,,,,,,,,,,,,,,,,,,,,,,,,,,,,,343.8932,344.6405,5,0,5,0,1,,,,,,,,,,,,,,,,,,,,,,,,,,,,,,,,,,,,,,,,,,,,,,,,,,,,,,,,,,,,,,,,,,,,,,,,,,,,,,,,,,,,,,,,,,,,,,,,,,,,,,,,,,,,,,,,,,,,,,,,,,,,,,,,,,,,,
,,,2025-08-11_11h48.11.270,CFMT_CCMT_Face_recognition,2023.2.3,Win32,60.24096386,5ed2717aec79fd1d3ca47d65,6899c7d7c4c961a016830ad3,6899c943d7b52add83833ffa,,,,,,,,,,,,,,,,,,,,,,,,,,,,,,,,,,,,,,,,,,,,,,344.6414,1.526368875,346.1572,346.1573,346.1574,346.1581,346.9092,0,0,0,0,1,344.6405,344.6412,,0,,,,,,,,,,,,,,,,,,,,,,,,,,,,,,,,,,,,,,,,,,,,,,,,,,,,,,,,,,,,,,,,,,,,,,,,,,,,,,,,,,,,,,,,,,,,,,,,,,,,,,,,,,,,,,,,,,,,,,,,,,,,,,,,,
,,,2025-08-11_11h48.11.270,CFMT_CCMT_Face_recognition,2023.2.3,Win32,60.24096386,5ed2717aec79fd1d3ca47d65,6899c7d7c4c961a016830ad3,6899c943d7b52add83833ffa,,,,,,,,,,,,,,,,,,,,,,,,,,,,,,,,,,,,,,,,,,,,,,,,,,,346.9096,347.6577,1,0,1,0,1,,,,,,,,,,,,,,,,,,,,,,,,,,,,,,,,,,,,,,,,,,,,,,,,,,,,,,,,,,,,,,,,,,,,,,,,,,,,,,,,,,,,,,,,,,,,,,,,,,,,,,,,,,,,,,,,,,,,,,,,,,,,,,,,,,,,,
,,,2025-08-11_11h48.11.270,CFMT_CCMT_Face_recognition,2023.2.3,Win32,60.24096386,5ed2717aec79fd1d3ca47d65,6899c7d7c4c961a016830ad3,6899c943d7b52add83833ffa,,,,,,,,,,,,,,,,,,,,,,,,,,,,,,,,,,,,,,,,,,,,,,,,,,,347.6593,348.4066,2,0,2,0,1,,,,,,,,,,,,,,,,,,,,,,,,,,,,,,,,,,,,,,,,,,,,,,,,,,,,,,,,,,,,,,,,,,,,,,,,,,,,,,,,,,,,,,,,,,,,,,,,,,,,,,,,,,,,,,,,,,,,,,,,,,,,,,,,,,,,,
,,,2025-08-11_11h48.11.270,CFMT_CCMT_Face_recognition,2023.2.3,Win32,60.24096386,5ed2717aec79fd1d3ca47d65,6899c7d7c4c961a016830ad3,6899c943d7b52add83833ffa,,,,,,,,,,,,,,,,,,,,,,,,,,,,,,,,,,,,,,,,,,,,,,,,,,,348.4069,349.1576,3,0,3,0,1,,,,,,,,,,,,,,,,,,,,,,,,,,,,,,,,,,,,,,,,,,,,,,,,,,,,,,,,,,,,,,,,,,,,,,,,,,,,,,,,,,,,,,,,,,,,,,,,,,,,,,,,,,,,,,,,,,,,,,,,,,,,,,,,,,,,,
,,,2025-08-11_11h48.11.270,CFMT_CCMT_Face_recognition,2023.2.3,Win32,60.24096386,5ed2717aec79fd1d3ca47d65,6899c7d7c4c961a016830ad3,6899c943d7b52add83833ffa,,,,,,,,,,,,,,,,,,,,,,,,,,,,,,,,,,,,,,,,,,,,,,,,,,,349.159,349.9065,4,0,4,0,1,,,,,,,,,,,,,,,,,,,,,,,,,,,,,,,,,,,,,,,,,,,,,,,,,,,,,,,,,,,,,,,,,,,,,,,,,,,,,,,,,,,,,,,,,,,,,,,,,,,,,,,,,,,,,,,,,,,,,,,,,,,,,,,,,,,,,
,,,2025-08-11_11h48.11.270,CFMT_CCMT_Face_recognition,2023.2.3,Win32,60.24096386,5ed2717aec79fd1d3ca47d65,6899c7d7c4c961a016830ad3,6899c943d7b52add83833ffa,,,,,,,,,,,,,,,,,,,,,,,,,,,,,,,,,,,,,,,,,,,,,,,,,,,349.9068,350.6563,5,0,5,0,1,,,,,,,,,,,,,,,,,,,,,,,,,,,,,,,,,,,,,,,,,,,,,,,,,,,,,,,,,,,,,,,,,,,,,,,,,,,,,,,,,,,,,,,,,,,,,,,,,,,,,,,,,,,,,,,,,,,,,,,,,,,,,,,,,,,,,
,,,2025-08-11_11h48.11.270,CFMT_CCMT_Face_recognition,2023.2.3,Win32,60.24096386,5ed2717aec79fd1d3ca47d65,6899c7d7c4c961a016830ad3,6899c943d7b52add83833ffa,,,,,,,,,,,,,,,,,,,,,,,,,,,,,,,,,,,,,,,,,,,,,,,,,,,,,,,,,,350.6564,350.6572,,0,,,350.6575,355.656,,,,,,,,,,,,,,,,,,,,,,,,,,,,,,,,,,,,,,,,,,,,,,,,,,,,,,,,,,,,,,,,,,,,,,,,,,,,,,,,,,,,,,,,,,,,,,,,,,,,,,,,,,,,,,,,,,,,,,,,,,,,,
,,,2025-08-11_11h48.11.270,CFMT_CCMT_Face_recognition,2023.2.3,Win32,60.24096386,5ed2717aec79fd1d3ca47d65,6899c7d7c4c961a016830ad3,6899c943d7b52add83833ffa,,,,,,,,,,,,,,,,,,,,,,,,,,,,,,,,,,,,,,,,,,,,,,,,,,,,,,,,,,,,,,,,,,355.6562,365.6548,,,,,,,,,,,,,,,,,,,,,,,,,,,,,,,,,,,,,,,,,,,,,,,,,,,,,,,,,,,,,,,,,,,,,,,,,,,,,,,,,,,,,,,,,,,,,,,,,,,,,,,,,,,,,,,,,,,,,,,,,,,
,,,2025-08-11_11h48.11.270,CFMT_CCMT_Face_recognition,2023.2.3,Win32,60.24096386,5ed2717aec79fd1d3ca47d65,6899c7d7c4c961a016830ad3,6899c943d7b52add83833ffa,,,,,,,,,,,,,,,,,,,,,,,,,,,,,,,,,,,,,,,,,,,,,,,,,,,,,,,,,,,,,,,,,,,,365.6549,383.2193,,,,,,,,,,,,,,,,,,,,,,,,,,,,,,,,,,,,,,,,,,,,,,,,,,,,,,,,,,,,,,,,,,,,,,,,,,,,,,,,,,,,,,,,,,,,,,,,,,,,,,,,,,,,,,,,,,,,,,,,,
,,,2025-08-11_11h48.11.270,CFMT_CCMT_Face_recognition,2023.2.3,Win32,60.24096386,5ed2717aec79fd1d3ca47d65,6899c7d7c4c961a016830ad3,6899c943d7b52add83833ffa,,,,,,,,,,,,,,,,,,,,,,,,,,,,,,,,,,,,,,,,,,,,,,,,,,,,,,,,,,,,,,,,,,,,,,383.2194,390.8516,,,,,,,,,,,,,,,,,,,,,,,,,,,,,,,,,,,,,,,,,,,,,,,,,,,,,,,,,,,,,,,,,,,,,,,,,,,,,,,,,,,,,,,,,,,,,,,,,,,,,,,,,,,,,,,,,,,,,,,
,,,2025-08-11_11h48.11.270,CFMT_CCMT_Face_recognition,2023.2.3,Win32,60.24096386,5ed2717aec79fd1d3ca47d65,6899c7d7c4c961a016830ad3,6899c943d7b52add83833ffa,,,,,,,,,,,,,,,,,,,,,,,,,,,,,,,,,,,,,,,,,,,,,,390.8559,1.772461226,392.6178,,,,,,,,,,,,,,,,,,,,,,,,392.618,393.9695,q,1,1.1959,,0,0,0,0,1,,,,,,,,,,,,,,,,,,,,,,,,,,,,,,,,,,,,,,,,,,,,,,,,,,,,,,,,,,,,,,,,,,,,,,,,,,,,,,,,,,,,,,,,,,,,,,,,,,,,,,,,,,,,
,,,2025-08-11_11h48.11.270,CFMT_CCMT_Face_recognition,2023.2.3,Win32,60.24096386,5ed2717aec79fd1d3ca47d65,6899c7d7c4c961a016830ad3,6899c943d7b52add83833ffa,,,,,,,,,,,,,,,,,,,,,,,,,,,,,,,,,,,,,,,,,,,,,,393.9703,2.176851463,396.1514,,,,,,,,,,,,,,,,,,,,,,,,396.1517,397.868,q,1,1.568,,1,0,1,0,1,,,,,,,,,,,,,,,,,,,,,,,,,,,,,,,,,,,,,,,,,,,,,,,,,,,,,,,,,,,,,,,,,,,,,,,,,,,,,,,,,,,,,,,,,,,,,,,,,,,,,,,,,,,,
,,,2025-08-11_11h48.11.270,CFMT_CCMT_Face_recognition,2023.2.3,Win32,60.24096386,5ed2717aec79fd1d3ca47d65,6899c7d7c4c961a016830ad3,6899c943d7b52add83833ffa,,,,,,,,,,,,,,,,,,,,,,,,,,,,,,,,,,,,,,,,,,,,,,397.8694,2.317562249,400.1843,,,,,,,,,,,,,,,,,,,,,,,,400.1846,401.6505,p,1,1.3209,,2,0,2,0,1,,,,,,,,,,,,,,,,,,,,,,,,,,,,,,,,,,,,,,,,,,,,,,,,,,,,,,,,,,,,,,,,,,,,,,,,,,,,,,,,,,,,,,,,,,,,,,,,,,,,,,,,,,,,
,,,2025-08-11_11h48.11.270,CFMT_CCMT_Face_recognition,2023.2.3,Win32,60.24096386,5ed2717aec79fd1d3ca47d65,6899c7d7c4c961a016830ad3,6899c943d7b52add83833ffa,,,,,,,,,,,,,,,,,,,,,,,,,,,,,,,,,,,,,,,,,,,,,,401.6509,2.23985228,403.883,,,,,,,,,,,,,,,,,,,,,,,,403.883,405.1663,q,0,1.1017,,3,0,3,0,1,,,,,,,,,,,,,,,,,,,,,,,,,,,,,,,,,,,,,,,,,,,,,,,,,,,,,,,,,,,,,,,,,,,,,,,,,,,,,,,,,,,,,,,,,,,,,,,,,,,,,,,,,,,,
,,,2025-08-11_11h48.11.270,CFMT_CCMT_Face_recognition,2023.2.3,Win32,60.24096386,5ed2717aec79fd1d3ca47d65,6899c7d7c4c961a016830ad3,6899c943d7b52add83833ffa,,,,,,,,,,,,,,,,,,,,,,,,,,,,,,,,,,,,,,,,,,,,,,405.1667,1.75980129,406.916,,,,,,,,,,,,,,,,,,,,,,,,406.9161,408.1492,p,1,1.089,,4,0,4,0,1,,,,,,,,,,,,,,,,,,,,,,,,,,,,,,,,,,,,,,,,,,,,,,,,,,,,,,,,,,,,,,,,,,,,,,,,,,,,,,,,,,,,,,,,,,,,,,,,,,,,,,,,,,,,
,,,2025-08-11_11h48.11.270,CFMT_CCMT_Face_recognition,2023.2.3,Win32,60.24096386,5ed2717aec79fd1d3ca47d65,6899c7d7c4c961a016830ad3,6899c943d7b52add83833ffa,,,,,,,,,,,,,,,,,,,,,,,,,,,,,,,,,,,,,,,,,,,,,,408.1496,2.120249078,410.2657,,,,,,,,,,,,,,,,,,,,,,,,410.2657,412.3995,p,1,1.9452,,5,0,5,0,1,,,,,,,,,,,,,,,,,,,,,,,,,,,,,,,,,,,,,,,,,,,,,,,,,,,,,,,,,,,,,,,,,,,,,,,,,,,,,,,,,,,,,,,,,,,,,,,,,,,,,,,,,,,,
,,,2025-08-11_11h48.11.270,CFMT_CCMT_Face_recognition,2023.2.3,Win32,60.24096386,5ed2717aec79fd1d3ca47d65,6899c7d7c4c961a016830ad3,6899c943d7b52add83833ffa,,,,,,,,,,,,,,,,,,,,,,,,,,,,,,,,,,,,,,,,,,,,,,412.4011,2.331039433,414.7332,,,,,,,,,,,,,,,,,,,,,,,,414.7335,415.7489,q,1,0.8656,,6,0,6,0,1,,,,,,,,,,,,,,,,,,,,,,,,,,,,,,,,,,,,,,,,,,,,,,,,,,,,,,,,,,,,,,,,,,,,,,,,,,,,,,,,,,,,,,,,,,,,,,,,,,,,,,,,,,,,
,,,2025-08-11_11h48.11.270,CFMT_CCMT_Face_recognition,2023.2.3,Win32,60.24096386,5ed2717aec79fd1d3ca47d65,6899c7d7c4c961a016830ad3,6899c943d7b52add83833ffa,,,,,,,,,,,,,,,,,,,,,,,,,,,,,,,,,,,,,,,,,,,,,,415.7508,1.718207537,417.4654,,,,,,,,,,,,,,,,,,,,,,,,417.4657,418.6653,q,0,1.0468,,7,0,7,0,1,,,,,,,,,,,,,,,,,,,,,,,,,,,,,,,,,,,,,,,,,,,,,,,,,,,,,,,,,,,,,,,,,,,,,,,,,,,,,,,,,,,,,,,,,,,,,,,,,,,,,,,,,,,,
,,,2025-08-11_11h48.11.270,CFMT_CCMT_Face_recognition,2023.2.3,Win32,60.24096386,5ed2717aec79fd1d3ca47d65,6899c7d7c4c961a016830ad3,6899c943d7b52add83833ffa,,,,,,,,,,,,,,,,,,,,,,,,,,,,,,,,,,,,,,,,,,,,,,418.6669,1.921683733,420.5822,,,,,,,,,,,,,,,,,,,,,,,,420.5824,421.598,q,1,0.8657,,8,0,8,0,1,,,,,,,,,,,,,,,,,,,,,,,,,,,,,,,,,,,,,,,,,,,,,,,,,,,,,,,,,,,,,,,,,,,,,,,,,,,,,,,,,,,,,,,,,,,,,,,,,,,,,,,,,,,,
,,,2025-08-11_11h48.11.270,CFMT_CCMT_Face_recognition,2023.2.3,Win32,60.24096386,5ed2717aec79fd1d3ca47d65,6899c7d7c4c961a016830ad3,6899c943d7b52add83833ffa,,,,,,,,,,,,,,,,,,,,,,,,,,,,,,,,,,,,,,,,,,,,,,421.5998,2.052840927,423.6485,,,,,,,,,,,,,,,,,,,,,,,,423.6488,425.0811,q,0,1.2833,,9,0,9,0,1,,,,,,,,,,,,,,,,,,,,,,,,,,,,,,,,,,,,,,,,,,,,,,,,,,,,,,,,,,,,,,,,,,,,,,,,,,,,,,,,,,,,,,,,,,,,,,,,,,,,,,,,,,,,
,,,2025-08-11_11h48.11.270,CFMT_CCMT_Face_recognition,2023.2.3,Win32,60.24096386,5ed2717aec79fd1d3ca47d65,6899c7d7c4c961a016830ad3,6899c943d7b52add83833ffa,,,,,,,,,,,,,,,,,,,,,,,,,,,,,,,,,,,,,,,,,,,,,,425.0828,2.459986577,427.5309,,,,,,,,,,,,,,,,,,,,,,,,427.5311,428.6639,q,1,0.988,,10,0,10,0,1,,,,,,,,,,,,,,,,,,,,,,,,,,,,,,,,,,,,,,,,,,,,,,,,,,,,,,,,,,,,,,,,,,,,,,,,,,,,,,,,,,,,,,,,,,,,,,,,,,,,,,,,,,,,
,,,2025-08-11_11h48.11.270,CFMT_CCMT_Face_recognition,2023.2.3,Win32,60.24096386,5ed2717aec79fd1d3ca47d65,6899c7d7c4c961a016830ad3,6899c943d7b52add83833ffa,,,,,,,,,,,,,,,,,,,,,,,,,,,,,,,,,,,,,,,,,,,,,,428.6658,2.425273607,431.0805,,,,,,,,,,,,,,,,,,,,,,,,431.0807,432.1961,p,1,0.9715,,11,0,11,0,1,,,,,,,,,,,,,,,,,,,,,,,,,,,,,,,,,,,,,,,,,,,,,,,,,,,,,,,,,,,,,,,,,,,,,,,,,,,,,,,,,,,,,,,,,,,,,,,,,,,,,,,,,,,,
,,,2025-08-11_11h48.11.270,CFMT_CCMT_Face_recognition,2023.2.3,Win32,60.24096386,5ed2717aec79fd1d3ca47d65,6899c7d7c4c961a016830ad3,6899c943d7b52add83833ffa,,,,,,,,,,,,,,,,,,,,,,,,,,,,,,,,,,,,,,,,,,,,,,432.1965,2.208349427,434.3958,,,,,,,,,,,,,,,,,,,,,,,,434.3958,435.5124,q,1,0.9738,,12,0,12,0,1,,,,,,,,,,,,,,,,,,,,,,,,,,,,,,,,,,,,,,,,,,,,,,,,,,,,,,,,,,,,,,,,,,,,,,,,,,,,,,,,,,,,,,,,,,,,,,,,,,,,,,,,,,,,
,,,2025-08-11_11h48.11.270,CFMT_CCMT_Face_recognition,2023.2.3,Win32,60.24096386,5ed2717aec79fd1d3ca47d65,6899c7d7c4c961a016830ad3,6899c943d7b52add83833ffa,,,,,,,,,,,,,,,,,,,,,,,,,,,,,,,,,,,,,,,,,,,,,,435.5127,1.598777205,437.1122,,,,,,,,,,,,,,,,,,,,,,,,437.1123,439.1953,q,1,1.9413,,13,0,13,0,1,,,,,,,,,,,,,,,,,,,,,,,,,,,,,,,,,,,,,,,,,,,,,,,,,,,,,,,,,,,,,,,,,,,,,,,,,,,,,,,,,,,,,,,,,,,,,,,,,,,,,,,,,,,,
,,,2025-08-11_11h48.11.270,CFMT_CCMT_Face_recognition,2023.2.3,Win32,60.24096386,5ed2717aec79fd1d3ca47d65,6899c7d7c4c961a016830ad3,6899c943d7b52add83833ffa,,,,,,,,,,,,,,,,,,,,,,,,,,,,,,,,,,,,,,,,,,,,,,439.1957,1.802755461,440.995,,,,,,,,,,,,,,,,,,,,,,,,440.9951,442.8952,p,1,1.7325,,14,0,14,0,1,,,,,,,,,,,,,,,,,,,,,,,,,,,,,,,,,,,,,,,,,,,,,,,,,,,,,,,,,,,,,,,,,,,,,,,,,,,,,,,,,,,,,,,,,,,,,,,,,,,,,,,,,,,,
,,,2025-08-11_11h48.11.270,CFMT_CCMT_Face_recognition,2023.2.3,Win32,60.24096386,5ed2717aec79fd1d3ca47d65,6899c7d7c4c961a016830ad3,6899c943d7b52add83833ffa,,,,,,,,,,,,,,,,,,,,,,,,,,,,,,,,,,,,,,,,,,,,,,442.8971,1.934612063,444.8288,,,,,,,,,,,,,,,,,,,,,,,,444.829,445.9111,q,1,0.9424,,15,0,15,0,1,,,,,,,,,,,,,,,,,,,,,,,,,,,,,,,,,,,,,,,,,,,,,,,,,,,,,,,,,,,,,,,,,,,,,,,,,,,,,,,,,,,,,,,,,,,,,,,,,,,,,,,,,,,,
,,,2025-08-11_11h48.11.270,CFMT_CCMT_Face_recognition,2023.2.3,Win32,60.24096386,5ed2717aec79fd1d3ca47d65,6899c7d7c4c961a016830ad3,6899c943d7b52add83833ffa,,,,,,,,,,,,,,,,,,,,,,,,,,,,,,,,,,,,,,,,,,,,,,445.9114,2.413235401,448.3276,,,,,,,,,,,,,,,,,,,,,,,,448.3276,450.0111,q,1,1.5339,,16,0,16,0,1,,,,,,,,,,,,,,,,,,,,,,,,,,,,,,,,,,,,,,,,,,,,,,,,,,,,,,,,,,,,,,,,,,,,,,,,,,,,,,,,,,,,,,,,,,,,,,,,,,,,,,,,,,,,
,,,2025-08-11_11h48.11.270,CFMT_CCMT_Face_recognition,2023.2.3,Win32,60.24096386,5ed2717aec79fd1d3ca47d65,6899c7d7c4c961a016830ad3,6899c943d7b52add83833ffa,,,,,,,,,,,,,,,,,,,,,,,,,,,,,,,,,,,,,,,,,,,,,,450.0127,2.128287095,452.1444,,,,,,,,,,,,,,,,,,,,,,,,452.1447,453.2943,q,0,0.9695,,17,0,17,0,1,,,,,,,,,,,,,,,,,,,,,,,,,,,,,,,,,,,,,,,,,,,,,,,,,,,,,,,,,,,,,,,,,,,,,,,,,,,,,,,,,,,,,,,,,,,,,,,,,,,,,,,,,,,,
,,,2025-08-11_11h48.11.270,CFMT_CCMT_Face_recognition,2023.2.3,Win32,60.24096386,5ed2717aec79fd1d3ca47d65,6899c7d7c4c961a016830ad3,6899c943d7b52add83833ffa,,,,,,,,,,,,,,,,,,,,,,,,,,,,,,,,,,,,,,,,,,,,,,453.2959,1.801012876,455.0942,,,,,,,,,,,,,,,,,,,,,,,,455.0944,456.477,q,0,1.1813,,18,0,18,0,1,,,,,,,,,,,,,,,,,,,,,,,,,,,,,,,,,,,,,,,,,,,,,,,,,,,,,,,,,,,,,,,,,,,,,,,,,,,,,,,,,,,,,,,,,,,,,,,,,,,,,,,,,,,,
,,,2025-08-11_11h48.11.270,CFMT_CCMT_Face_recognition,2023.2.3,Win32,60.24096386,5ed2717aec79fd1d3ca47d65,6899c7d7c4c961a016830ad3,6899c943d7b52add83833ffa,,,,,,,,,,,,,,,,,,,,,,,,,,,,,,,,,,,,,,,,,,,,,,456.4789,2.480980526,458.9606,,,,,,,,,,,,,,,,,,,,,,,,458.9607,460.3616,p,0,1.2554,,19,0,19,0,1,,,,,,,,,,,,,,,,,,,,,,,,,,,,,,,,,,,,,,,,,,,,,,,,,,,,,,,,,,,,,,,,,,,,,,,,,,,,,,,,,,,,,,,,,,,,,,,,,,,,,,,,,,,,
,,,2025-08-11_11h48.11.270,CFMT_CCMT_Face_recognition,2023.2.3,Win32,60.24096386,5ed2717aec79fd1d3ca47d65,6899c7d7c4c961a016830ad3,6899c943d7b52add83833ffa,,,,,,,,,,,,,,,,,,,,,,,,,,,,,,,,,,,,,,,,,,,,,,460.362,2.43699829,462.7933,,,,,,,,,,,,,,,,,,,,,,,,462.7934,464.1596,p,1,1.2159,,20,0,20,0,1,,,,,,,,,,,,,,,,,,,,,,,,,,,,,,,,,,,,,,,,,,,,,,,,,,,,,,,,,,,,,,,,,,,,,,,,,,,,,,,,,,,,,,,,,,,,,,,,,,,,,,,,,,,,
,,,2025-08-11_11h48.11.270,CFMT_CCMT_Face_recognition,2023.2.3,Win32,60.24096386,5ed2717aec79fd1d3ca47d65,6899c7d7c4c961a016830ad3,6899c943d7b52add83833ffa,,,,,,,,,,,,,,,,,,,,,,,,,,,,,,,,,,,,,,,,,,,,,,464.1611,1.825387273,465.9763,,,,,,,,,,,,,,,,,,,,,,,,465.9765,467.0084,q,1,0.8946,,21,0,21,0,1,,,,,,,,,,,,,,,,,,,,,,,,,,,,,,,,,,,,,,,,,,,,,,,,,,,,,,,,,,,,,,,,,,,,,,,,,,,,,,,,,,,,,,,,,,,,,,,,,,,,,,,,,,,,
,,,2025-08-11_11h48.11.270,CFMT_CCMT_Face_recognition,2023.2.3,Win32,60.24096386,5ed2717aec79fd1d3ca47d65,6899c7d7c4c961a016830ad3,6899c943d7b52add83833ffa,,,,,,,,,,,,,,,,,,,,,,,,,,,,,,,,,,,,,,,,,,,,,,467.0088,1.524516431,468.5251,,,,,,,,,,,,,,,,,,,,,,,,468.5251,469.5081,p,1,0.8435,,22,0,22,0,1,,,,,,,,,,,,,,,,,,,,,,,,,,,,,,,,,,,,,,,,,,,,,,,,,,,,,,,,,,,,,,,,,,,,,,,,,,,,,,,,,,,,,,,,,,,,,,,,,,,,,,,,,,,,
,,,2025-08-11_11h48.11.270,CFMT_CCMT_Face_recognition,2023.2.3,Win32,60.24096386,5ed2717aec79fd1d3ca47d65,6899c7d7c4c961a016830ad3,6899c943d7b52add83833ffa,,,,,,,,,,,,,,,,,,,,,,,,,,,,,,,,,,,,,,,,,,,,,,469.5085,2.339010777,471.8412,,,,,,,,,,,,,,,,,,,,,,,,471.8412,472.991,q,1,1.0157,,23,0,23,0,1,,,,,,,,,,,,,,,,,,,,,,,,,,,,,,,,,,,,,,,,,,,,,,,,,,,,,,,,,,,,,,,,,,,,,,,,,,,,,,,,,,,,,,,,,,,,,,,,,,,,,,,,,,,,
,,,2025-08-11_11h48.11.270,CFMT_CCMT_Face_recognition,2023.2.3,Win32,60.24096386,5ed2717aec79fd1d3ca47d65,6899c7d7c4c961a016830ad3,6899c943d7b52add83833ffa,,,,,,,,,,,,,,,,,,,,,,,,,,,,,,,,,,,,,,,,,,,,,,472.9915,2.495031021,475.4907,,,,,,,,,,,,,,,,,,,,,,,,475.4907,476.5246,p,1,0.852,,24,0,24,0,1,,,,,,,,,,,,,,,,,,,,,,,,,,,,,,,,,,,,,,,,,,,,,,,,,,,,,,,,,,,,,,,,,,,,,,,,,,,,,,,,,,,,,,,,,,,,,,,,,,,,,,,,,,,,
,,,2025-08-11_11h48.11.270,CFMT_CCMT_Face_recognition,2023.2.3,Win32,60.24096386,5ed2717aec79fd1d3ca47d65,6899c7d7c4c961a016830ad3,6899c943d7b52add83833ffa,,,,,,,,,,,,,,,,,,,,,,,,,,,,,,,,,,,,,,,,,,,,,,476.5264,2.045417266,478.5745,,,,,,,,,,,,,,,,,,,,,,,,478.5747,480.1241,p,1,1.3513,,25,0,25,0,1,,,,,,,,,,,,,,,,,,,,,,,,,,,,,,,,,,,,,,,,,,,,,,,,,,,,,,,,,,,,,,,,,,,,,,,,,,,,,,,,,,,,,,,,,,,,,,,,,,,,,,,,,,,,
,,,2025-08-11_11h48.11.270,CFMT_CCMT_Face_recognition,2023.2.3,Win32,60.24096386,5ed2717aec79fd1d3ca47d65,6899c7d7c4c961a016830ad3,6899c943d7b52add83833ffa,,,,,,,,,,,,,,,,,,,,,,,,,,,,,,,,,,,,,,,,,,,,,,480.1258,1.990429525,482.1082,,,,,,,,,,,,,,,,,,,,,,,,482.1084,483.1122,q,1,0.8611,,26,0,26,0,1,,,,,,,,,,,,,,,,,,,,,,,,,,,,,,,,,,,,,,,,,,,,,,,,,,,,,,,,,,,,,,,,,,,,,,,,,,,,,,,,,,,,,,,,,,,,,,,,,,,,,,,,,,,,
,,,2025-08-11_11h48.11.270,CFMT_CCMT_Face_recognition,2023.2.3,Win32,60.24096386,5ed2717aec79fd1d3ca47d65,6899c7d7c4c961a016830ad3,6899c943d7b52add83833ffa,,,,,,,,,,,,,,,,,,,,,,,,,,,,,,,,,,,,,,,,,,,,,,483.1124,1.836448982,484.9405,,,,,,,,,,,,,,,,,,,,,,,,484.9408,486.2232,q,0,1.1151,,27,0,27,0,1,,,,,,,,,,,,,,,,,,,,,,,,,,,,,,,,,,,,,,,,,,,,,,,,,,,,,,,,,,,,,,,,,,,,,,,,,,,,,,,,,,,,,,,,,,,,,,,,,,,,,,,,,,,,
,,,2025-08-11_11h48.11.270,CFMT_CCMT_Face_recognition,2023.2.3,Win32,60.24096386,5ed2717aec79fd1d3ca47d65,6899c7d7c4c961a016830ad3,6899c943d7b52add83833ffa,,,,,,,,,,,,,,,,,,,,,,,,,,,,,,,,,,,,,,,,,,,,,,486.2248,1.662812234,487.8907,,,,,,,,,,,,,,,,,,,,,,,,487.891,489.0224,q,1,0.9912,,28,0,28,0,1,,,,,,,,,,,,,,,,,,,,,,,,,,,,,,,,,,,,,,,,,,,,,,,,,,,,,,,,,,,,,,,,,,,,,,,,,,,,,,,,,,,,,,,,,,,,,,,,,,,,,,,,,,,,
,,,2025-08-11_11h48.11.270,CFMT_CCMT_Face_recognition,2023.2.3,Win32,60.24096386,5ed2717aec79fd1d3ca47d65,6899c7d7c4c961a016830ad3,6899c943d7b52add83833ffa,,,,,,,,,,,,,,,,,,,,,,,,,,,,,,,,,,,,,,,,,,,,,,489.0228,2.295017445,491.3055,,,,,,,,,,,,,,,,,,,,,,,,491.3055,492.5225,p,0,1.0717,,29,0,29,0,1,,,,,,,,,,,,,,,,,,,,,,,,,,,,,,,,,,,,,,,,,,,,,,,,,,,,,,,,,,,,,,,,,,,,,,,,,,,,,,,,,,,,,,,,,,,,,,,,,,,,,,,,,,,,
,,,2025-08-11_11h48.11.270,CFMT_CCMT_Face_recognition,2023.2.3,Win32,60.24096386,5ed2717aec79fd1d3ca47d65,6899c7d7c4c961a016830ad3,6899c943d7b52add83833ffa,,,,,,,,,,,,,,,,,,,,,,,,,,,,,,,,,,,,,,,,,,,,,,492.5242,1.588735337,494.106,,,,,,,,,,,,,,,,,,,,,,,,494.1061,495.3048,q,0,1.0216,,30,0,30,0,1,,,,,,,,,,,,,,,,,,,,,,,,,,,,,,,,,,,,,,,,,,,,,,,,,,,,,,,,,,,,,,,,,,,,,,,,,,,,,,,,,,,,,,,,,,,,,,,,,,,,,,,,,,,,
,,,2025-08-11_11h48.11.270,CFMT_CCMT_Face_recognition,2023.2.3,Win32,60.24096386,5ed2717aec79fd1d3ca47d65,6899c7d7c4c961a016830ad3,6899c943d7b52add83833ffa,,,,,,,,,,,,,,,,,,,,,,,,,,,,,,,,,,,,,,,,,,,,,,495.3051,2.296711575,497.6092,,,,,,,,,,,,,,,,,,,,,,,,497.6092,498.8384,q,0,1.0495,,31,0,31,0,1,,,,,,,,,,,,,,,,,,,,,,,,,,,,,,,,,,,,,,,,,,,,,,,,,,,,,,,,,,,,,,,,,,,,,,,,,,,,,,,,,,,,,,,,,,,,,,,,,,,,,,,,,,,,
,,,2025-08-11_11h48.11.270,CFMT_CCMT_Face_recognition,2023.2.3,Win32,60.24096386,5ed2717aec79fd1d3ca47d65,6899c7d7c4c961a016830ad3,6899c943d7b52add83833ffa,,,,,,,,,,,,,,,,,,,,,,,,,,,,,,,,,,,,,,,,,,,,,,498.8401,2.451580427,501.2885,,,,,,,,,,,,,,,,,,,,,,,,501.2886,502.2375,q,1,0.7969,,32,0,32,0,1,,,,,,,,,,,,,,,,,,,,,,,,,,,,,,,,,,,,,,,,,,,,,,,,,,,,,,,,,,,,,,,,,,,,,,,,,,,,,,,,,,,,,,,,,,,,,,,,,,,,,,,,,,,,
,,,2025-08-11_11h48.11.270,CFMT_CCMT_Face_recognition,2023.2.3,Win32,60.24096386,5ed2717aec79fd1d3ca47d65,6899c7d7c4c961a016830ad3,6899c943d7b52add83833ffa,,,,,,,,,,,,,,,,,,,,,,,,,,,,,,,,,,,,,,,,,,,,,,502.2378,2.122876364,504.354,,,,,,,,,,,,,,,,,,,,,,,,504.354,505.8625,q,1,1.3625,,33,0,33,0,1,,,,,,,,,,,,,,,,,,,,,,,,,,,,,,,,,,,,,,,,,,,,,,,,,,,,,,,,,,,,,,,,,,,,,,,,,,,,,,,,,,,,,,,,,,,,,,,,,,,,,,,,,,,,
,,,2025-08-11_11h48.11.270,CFMT_CCMT_Face_recognition,2023.2.3,Win32,60.24096386,5ed2717aec79fd1d3ca47d65,6899c7d7c4c961a016830ad3,6899c943d7b52add83833ffa,,,,,,,,,,,,,,,,,,,,,,,,,,,,,,,,,,,,,,,,,,,,,,505.8628,2.059430348,507.921,,,,,,,,,,,,,,,,,,,,,,,,507.9212,509.3875,p,1,1.3207,,34,0,34,0,1,,,,,,,,,,,,,,,,,,,,,,,,,,,,,,,,,,,,,,,,,,,,,,,,,,,,,,,,,,,,,,,,,,,,,,,,,,,,,,,,,,,,,,,,,,,,,,,,,,,,,,,,,,,,
,,,2025-08-11_11h48.11.270,CFMT_CCMT_Face_recognition,2023.2.3,Win32,60.24096386,5ed2717aec79fd1d3ca47d65,6899c7d7c4c961a016830ad3,6899c943d7b52add83833ffa,,,,,,,,,,,,,,,,,,,,,,,,,,,,,,,,,,,,,,,,,,,,,,509.3888,2.346210692,511.7373,,,,,,,,,,,,,,,,,,,,,,,,511.7376,513.5532,q,0,1.681,,35,0,35,0,1,,,,,,,,,,,,,,,,,,,,,,,,,,,,,,,,,,,,,,,,,,,,,,,,,,,,,,,,,,,,,,,,,,,,,,,,,,,,,,,,,,,,,,,,,,,,,,,,,,,,,,,,,,,,
,,,2025-08-11_11h48.11.270,CFMT_CCMT_Face_recognition,2023.2.3,Win32,60.24096386,5ed2717aec79fd1d3ca47d65,6899c7d7c4c961a016830ad3,6899c943d7b52add83833ffa,,,,,,,,,,,,,,,,,,,,,,,,,,,,,,,,,,,,,,,,,,,,,,513.5535,1.516319433,515.0691,,,,,,,,,,,,,,,,,,,,,,,,515.0692,516.9689,q,0,1.7619,,36,0,36,0,1,,,,,,,,,,,,,,,,,,,,,,,,,,,,,,,,,,,,,,,,,,,,,,,,,,,,,,,,,,,,,,,,,,,,,,,,,,,,,,,,,,,,,,,,,,,,,,,,,,,,,,,,,,,,
,,,2025-08-11_11h48.11.270,CFMT_CCMT_Face_recognition,2023.2.3,Win32,60.24096386,5ed2717aec79fd1d3ca47d65,6899c7d7c4c961a016830ad3,6899c943d7b52add83833ffa,,,,,,,,,,,,,,,,,,,,,,,,,,,,,,,,,,,,,,,,,,,,,,516.9693,1.972476082,518.9353,,,,,,,,,,,,,,,,,,,,,,,,518.9353,520.269,p,0,1.184,,37,0,37,0,1,,,,,,,,,,,,,,,,,,,,,,,,,,,,,,,,,,,,,,,,,,,,,,,,,,,,,,,,,,,,,,,,,,,,,,,,,,,,,,,,,,,,,,,,,,,,,,,,,,,,,,,,,,,,
,,,2025-08-11_11h48.11.270,CFMT_CCMT_Face_recognition,2023.2.3,Win32,60.24096386,5ed2717aec79fd1d3ca47d65,6899c7d7c4c961a016830ad3,6899c943d7b52add83833ffa,,,,,,,,,,,,,,,,,,,,,,,,,,,,,,,,,,,,,,,,,,,,,,520.2707,2.07733988,522.3528,,,,,,,,,,,,,,,,,,,,,,,,522.3531,523.6514,q,1,1.1545,,38,0,38,0,1,,,,,,,,,,,,,,,,,,,,,,,,,,,,,,,,,,,,,,,,,,,,,,,,,,,,,,,,,,,,,,,,,,,,,,,,,,,,,,,,,,,,,,,,,,,,,,,,,,,,,,,,,,,,
,,,2025-08-11_11h48.11.270,CFMT_CCMT_Face_recognition,2023.2.3,Win32,60.24096386,5ed2717aec79fd1d3ca47d65,6899c7d7c4c961a016830ad3,6899c943d7b52add83833ffa,,,,,,,,,,,,,,,,,,,,,,,,,,,,,,,,,,,,,,,,,,,,,,523.6517,1.707653864,525.3512,,,,,,,,,,,,,,,,,,,,,,,,525.3513,526.7343,p,1,1.205,,39,0,39,0,1,,,,,,,,,,,,,,,,,,,,,,,,,,,,,,,,,,,,,,,,,,,,,,,,,,,,,,,,,,,,,,,,,,,,,,,,,,,,,,,,,,,,,,,,,,,,,,,,,,,,,,,,,,,,
,,,2025-08-11_11h48.11.270,CFMT_CCMT_Face_recognition,2023.2.3,Win32,60.24096386,5ed2717aec79fd1d3ca47d65,6899c7d7c4c961a016830ad3,6899c943d7b52add83833ffa,,,,,,,,,,,,,,,,,,,,,,,,,,,,,,,,,,,,,,,,,,,,,,526.7347,1.696415851,528.4342,,,,,,,,,,,,,,,,,,,,,,,,528.4342,529.6506,p,0,1.0755,,40,0,40,0,1,,,,,,,,,,,,,,,,,,,,,,,,,,,,,,,,,,,,,,,,,,,,,,,,,,,,,,,,,,,,,,,,,,,,,,,,,,,,,,,,,,,,,,,,,,,,,,,,,,,,,,,,,,,,
,,,2025-08-11_11h48.11.270,CFMT_CCMT_Face_recognition,2023.2.3,Win32,60.24096386,5ed2717aec79fd1d3ca47d65,6899c7d7c4c961a016830ad3,6899c943d7b52add83833ffa,,,,,,,,,,,,,,,,,,,,,,,,,,,,,,,,,,,,,,,,,,,,,,529.651,1.528688073,531.1838,,,,,,,,,,,,,,,,,,,,,,,,531.1839,532.3669,p,1,1.0126,,41,0,41,0,1,,,,,,,,,,,,,,,,,,,,,,,,,,,,,,,,,,,,,,,,,,,,,,,,,,,,,,,,,,,,,,,,,,,,,,,,,,,,,,,,,,,,,,,,,,,,,,,,,,,,,,,,,,,,
,,,2025-08-11_11h48.11.270,CFMT_CCMT_Face_recognition,2023.2.3,Win32,60.24096386,5ed2717aec79fd1d3ca47d65,6899c7d7c4c961a016830ad3,6899c943d7b52add83833ffa,,,,,,,,,,,,,,,,,,,,,,,,,,,,,,,,,,,,,,,,,,,,,,532.3673,2.314779627,534.6835,,,,,,,,,,,,,,,,,,,,,,,,534.6835,535.7703,p,0,0.9441,,42,0,42,0,1,,,,,,,,,,,,,,,,,,,,,,,,,,,,,,,,,,,,,,,,,,,,,,,,,,,,,,,,,,,,,,,,,,,,,,,,,,,,,,,,,,,,,,,,,,,,,,,,,,,,,,,,,,,,
,,,2025-08-11_11h48.11.270,CFMT_CCMT_Face_recognition,2023.2.3,Win32,60.24096386,5ed2717aec79fd1d3ca47d65,6899c7d7c4c961a016830ad3,6899c943d7b52add83833ffa,,,,,,,,,,,,,,,,,,,,,,,,,,,,,,,,,,,,,,,,,,,,,,535.7706,1.609707808,537.3838,,,,,,,,,,,,,,,,,,,,,,,,537.384,538.6994,p,1,1.1309,,43,0,43,0,1,,,,,,,,,,,,,,,,,,,,,,,,,,,,,,,,,,,,,,,,,,,,,,,,,,,,,,,,,,,,,,,,,,,,,,,,,,,,,,,,,,,,,,,,,,,,,,,,,,,,,,,,,,,,
,,,2025-08-11_11h48.11.270,CFMT_CCMT_Face_recognition,2023.2.3,Win32,60.24096386,5ed2717aec79fd1d3ca47d65,6899c7d7c4c961a016830ad3,6899c943d7b52add83833ffa,,,,,,,,,,,,,,,,,,,,,,,,,,,,,,,,,,,,,,,,,,,,,,538.6998,2.194820582,540.8825,,,,,,,,,,,,,,,,,,,,,,,,540.8826,541.8491,q,0,0.7872,,44,0,44,0,1,,,,,,,,,,,,,,,,,,,,,,,,,,,,,,,,,,,,,,,,,,,,,,,,,,,,,,,,,,,,,,,,,,,,,,,,,,,,,,,,,,,,,,,,,,,,,,,,,,,,,,,,,,,,
,,,2025-08-11_11h48.11.270,CFMT_CCMT_Face_recognition,2023.2.3,Win32,60.24096386,5ed2717aec79fd1d3ca47d65,6899c7d7c4c961a016830ad3,6899c943d7b52add83833ffa,,,,,,,,,,,,,,,,,,,,,,,,,,,,,,,,,,,,,,,,,,,,,,541.8495,1.927671403,543.7655,,,,,,,,,,,,,,,,,,,,,,,,543.7656,545.3154,q,1,1.4052,,45,0,45,0,1,,,,,,,,,,,,,,,,,,,,,,,,,,,,,,,,,,,,,,,,,,,,,,,,,,,,,,,,,,,,,,,,,,,,,,,,,,,,,,,,,,,,,,,,,,,,,,,,,,,,,,,,,,,,
,,,2025-08-11_11h48.11.270,CFMT_CCMT_Face_recognition,2023.2.3,Win32,60.24096386,5ed2717aec79fd1d3ca47d65,6899c7d7c4c961a016830ad3,6899c943d7b52add83833ffa,,,,,,,,,,,,,,,,,,,,,,,,,,,,,,,,,,,,,,,,,,,,,,545.3156,1.995349784,547.3151,,,,,,,,,,,,,,,,,,,,,,,,547.3151,548.8821,p,0,1.4144,,46,0,46,0,1,,,,,,,,,,,,,,,,,,,,,,,,,,,,,,,,,,,,,,,,,,,,,,,,,,,,,,,,,,,,,,,,,,,,,,,,,,,,,,,,,,,,,,,,,,,,,,,,,,,,,,,,,,,,
,,,2025-08-11_11h48.11.270,CFMT_CCMT_Face_recognition,2023.2.3,Win32,60.24096386,5ed2717aec79fd1d3ca47d65,6899c7d7c4c961a016830ad3,6899c943d7b52add83833ffa,,,,,,,,,,,,,,,,,,,,,,,,,,,,,,,,,,,,,,,,,,,,,,548.8839,1.632426126,550.5158,,,,,,,,,,,,,,,,,,,,,,,,550.516,551.7145,p,1,1.0493,,47,0,47,0,1,,,,,,,,,,,,,,,,,,,,,,,,,,,,,,,,,,,,,,,,,,,,,,,,,,,,,,,,,,,,,,,,,,,,,,,,,,,,,,,,,,,,,,,,,,,,,,,,,,,,,,,,,,,,
,,,2025-08-11_11h48.11.270,CFMT_CCMT_Face_recognition,2023.2.3,Win32,60.24096386,5ed2717aec79fd1d3ca47d65,6899c7d7c4c961a016830ad3,6899c943d7b52add83833ffa,,,,,,,,,,,,,,,,,,,,,,,,,,,,,,,,,,,,,,,,,,,,,,551.7148,1.784828674,553.4977,,,,,,,,,,,,,,,,,,,,,,,,553.4977,554.8012,q,1,1.1605,,48,0,48,0,1,,,,,,,,,,,,,,,,,,,,,,,,,,,,,,,,,,,,,,,,,,,,,,,,,,,,,,,,,,,,,,,,,,,,,,,,,,,,,,,,,,,,,,,,,,,,,,,,,,,,,,,,,,,,
,,,2025-08-11_11h48.11.270,CFMT_CCMT_Face_recognition,2023.2.3,Win32,60.24096386,5ed2717aec79fd1d3ca47d65,6899c7d7c4c961a016830ad3,6899c943d7b52add83833ffa,,,,,,,,,,,,,,,,,,,,,,,,,,,,,,,,,,,,,,,,,,,,,,554.8015,2.330455034,557.1315,,,,,,,,,,,,,,,,,,,,,,,,557.1317,558.9136,q,1,1.6378,,49,0,49,0,1,,,,,,,,,,,,,,,,,,,,,,,,,,,,,,,,,,,,,,,,,,,,,,,,,,,,,,,,,,,,,,,,,,,,,,,,,,,,,,,,,,,,,,,,,,,,,,,,,,,,,,,,,,,,
,,,2025-08-11_11h48.11.270,CFMT_CCMT_Face_recognition,2023.2.3,Win32,60.24096386,5ed2717aec79fd1d3ca47d65,6899c7d7c4c961a016830ad3,6899c943d7b52add83833ffa,,,,,,,,,,,,,,,,,,,,,,,,,,,,,,,,,,,,,,,,,,,,,,558.914,1.50390835,560.4135,,,,,,,,,,,,,,,,,,,,,,,,560.4135,561.7299,q,0,1.1122,,50,0,50,0,1,,,,,,,,,,,,,,,,,,,,,,,,,,,,,,,,,,,,,,,,,,,,,,,,,,,,,,,,,,,,,,,,,,,,,,,,,,,,,,,,,,,,,,,,,,,,,,,,,,,,,,,,,,,,
,,,2025-08-11_11h48.11.270,CFMT_CCMT_Face_recognition,2023.2.3,Win32,60.24096386,5ed2717aec79fd1d3ca47d65,6899c7d7c4c961a016830ad3,6899c943d7b52add83833ffa,,,,,,,,,,,,,,,,,,,,,,,,,,,,,,,,,,,,,,,,,,,,,,561.7303,1.579008669,563.3131,,,,,,,,,,,,,,,,,,,,,,,,563.3132,564.4129,p,0,0.9583,,51,0,51,0,1,,,,,,,,,,,,,,,,,,,,,,,,,,,,,,,,,,,,,,,,,,,,,,,,,,,,,,,,,,,,,,,,,,,,,,,,,,,,,,,,,,,,,,,,,,,,,,,,,,,,,,,,,,,,
,,,2025-08-11_11h48.11.270,CFMT_CCMT_Face_recognition,2023.2.3,Win32,60.24096386,5ed2717aec79fd1d3ca47d65,6899c7d7c4c961a016830ad3,6899c943d7b52add83833ffa,,,,,,,,,,,,,,,,,,,,,,,,,,,,,,,,,,,,,,,,,,,,,,564.4133,1.633902576,566.0461,,,,,,,,,,,,,,,,,,,,,,,,566.0461,567.5459,p,1,1.3561,,52,0,52,0,1,,,,,,,,,,,,,,,,,,,,,,,,,,,,,,,,,,,,,,,,,,,,,,,,,,,,,,,,,,,,,,,,,,,,,,,,,,,,,,,,,,,,,,,,,,,,,,,,,,,,,,,,,,,,
,,,2025-08-11_11h48.11.270,CFMT_CCMT_Face_recognition,2023.2.3,Win32,60.24096386,5ed2717aec79fd1d3ca47d65,6899c7d7c4c961a016830ad3,6899c943d7b52add83833ffa,,,,,,,,,,,,,,,,,,,,,,,,,,,,,,,,,,,,,,,,,,,,,,567.5462,2.188903394,569.7289,,,,,,,,,,,,,,,,,,,,,,,,569.7289,571.0628,q,1,1.1875,,53,0,53,0,1,,,,,,,,,,,,,,,,,,,,,,,,,,,,,,,,,,,,,,,,,,,,,,,,,,,,,,,,,,,,,,,,,,,,,,,,,,,,,,,,,,,,,,,,,,,,,,,,,,,,,,,,,,,,
,,,2025-08-11_11h48.11.270,CFMT_CCMT_Face_recognition,2023.2.3,Win32,60.24096386,5ed2717aec79fd1d3ca47d65,6899c7d7c4c961a016830ad3,6899c943d7b52add83833ffa,,,,,,,,,,,,,,,,,,,,,,,,,,,,,,,,,,,,,,,,,,,,,,571.0644,2.464258479,573.5294,,,,,,,,,,,,,,,,,,,,,,,,573.5297,574.645,p,1,0.97,,54,0,54,0,1,,,,,,,,,,,,,,,,,,,,,,,,,,,,,,,,,,,,,,,,,,,,,,,,,,,,,,,,,,,,,,,,,,,,,,,,,,,,,,,,,,,,,,,,,,,,,,,,,,,,,,,,,,,,
,,,2025-08-11_11h48.11.270,CFMT_CCMT_Face_recognition,2023.2.3,Win32,60.24096386,5ed2717aec79fd1d3ca47d65,6899c7d7c4c961a016830ad3,6899c943d7b52add83833ffa,,,,,,,,,,,,,,,,,,,,,,,,,,,,,,,,,,,,,,,,,,,,,,574.6454,2.313117693,576.9613,,,,,,,,,,,,,,,,,,,,,,,,576.9614,578.1778,q,0,1.0378,,55,0,55,0,1,,,,,,,,,,,,,,,,,,,,,,,,,,,,,,,,,,,,,,,,,,,,,,,,,,,,,,,,,,,,,,,,,,,,,,,,,,,,,,,,,,,,,,,,,,,,,,,,,,,,,,,,,,,,
,,,2025-08-11_11h48.11.270,CFMT_CCMT_Face_recognition,2023.2.3,Win32,60.24096386,5ed2717aec79fd1d3ca47d65,6899c7d7c4c961a016830ad3,6899c943d7b52add83833ffa,,,,,,,,,,,,,,,,,,,,,,,,,,,,,,,,,,,,,,,,,,,,,,578.178,1.784294657,579.961,,,,,,,,,,,,,,,,,,,,,,,,579.961,581.2109,q,0,1.073,,56,0,56,0,1,,,,,,,,,,,,,,,,,,,,,,,,,,,,,,,,,,,,,,,,,,,,,,,,,,,,,,,,,,,,,,,,,,,,,,,,,,,,,,,,,,,,,,,,,,,,,,,,,,,,,,,,,,,,
,,,2025-08-11_11h48.11.270,CFMT_CCMT_Face_recognition,2023.2.3,Win32,60.24096386,5ed2717aec79fd1d3ca47d65,6899c7d7c4c961a016830ad3,6899c943d7b52add83833ffa,,,,,,,,,,,,,,,,,,,,,,,,,,,,,,,,,,,,,,,,,,,,,,581.2112,2.209822318,583.4106,,,,,,,,,,,,,,,,,,,,,,,,583.4106,584.9611,p,0,1.4,,57,0,57,0,1,,,,,,,,,,,,,,,,,,,,,,,,,,,,,,,,,,,,,,,,,,,,,,,,,,,,,,,,,,,,,,,,,,,,,,,,,,,,,,,,,,,,,,,,,,,,,,,,,,,,,,,,,,,,
,,,2025-08-11_11h48.11.270,CFMT_CCMT_Face_recognition,2023.2.3,Win32,60.24096386,5ed2717aec79fd1d3ca47d65,6899c7d7c4c961a016830ad3,6899c943d7b52add83833ffa,,,,,,,,,,,,,,,,,,,,,,,,,,,,,,,,,,,,,,,,,,,,,,584.9627,2.421567212,587.3777,,,,,,,,,,,,,,,,,,,,,,,,587.3779,588.6446,q,1,1.1214,,58,0,58,0,1,,,,,,,,,,,,,,,,,,,,,,,,,,,,,,,,,,,,,,,,,,,,,,,,,,,,,,,,,,,,,,,,,,,,,,,,,,,,,,,,,,,,,,,,,,,,,,,,,,,,,,,,,,,,
,,,2025-08-11_11h48.11.270,CFMT_CCMT_Face_recognition,2023.2.3,Win32,60.24096386,5ed2717aec79fd1d3ca47d65,6899c7d7c4c961a016830ad3,6899c943d7b52add83833ffa,,,,,,,,,,,,,,,,,,,,,,,,,,,,,,,,,,,,,,,,,,,,,,588.6457,1.67158788,590.311,,,,,,,,,,,,,,,,,,,,,,,,590.3113,591.4095,q,1,0.956,,59,0,59,0,1,,,,,,,,,,,,,,,,,,,,,,,,,,,,,,,,,,,,,,,,,,,,,,,,,,,,,,,,,,,,,,,,,,,,,,,,,,,,,,,,,,,,,,,,,,,,,,,,,,,,,,,,,,,,
,,,2025-08-11_11h48.11.270,CFMT_CCMT_Face_recognition,2023.2.3,Win32,60.24096386,5ed2717aec79fd1d3ca47d65,6899c7d7c4c961a016830ad3,6899c943d7b52add83833ffa,,,,,,,,,,,,,,,,,,,,,,,,,,,,,,,,,,,,,,,,,,,,,,596.6114,1.931514464,598.5421,,,,,,,,,,,,,,,,,,,,,,,,598.5421,599.8424,p,1,1.1472,,0,0,0,0,1,591.41,596.6091,space,5.1824,,,,,,,,,,,,,,,,,,,,,,,,,,,,,,,,,,,,,,,,,,,,,,,,,,,,,,,,,,,,,,,,,,,,,,,,,,,,,,,,,,,,,,,,,,,,,,,,,,,,,,,,
,,,2025-08-11_11h48.11.270,CFMT_CCMT_Face_recognition,2023.2.3,Win32,60.24096386,5ed2717aec79fd1d3ca47d65,6899c7d7c4c961a016830ad3,6899c943d7b52add83833ffa,,,,,,,,,,,,,,,,,,,,,,,,,,,,,,,,,,,,,,,,,,,,,,599.8441,1.897224799,601.7423,,,,,,,,,,,,,,,,,,,,,,,,601.7425,602.7581,q,1,0.8715,,1,0,1,0,1,,,,,,,,,,,,,,,,,,,,,,,,,,,,,,,,,,,,,,,,,,,,,,,,,,,,,,,,,,,,,,,,,,,,,,,,,,,,,,,,,,,,,,,,,,,,,,,,,,,,,,,,,,,,
,,,2025-08-11_11h48.11.270,CFMT_CCMT_Face_recognition,2023.2.3,Win32,60.24096386,5ed2717aec79fd1d3ca47d65,6899c7d7c4c961a016830ad3,6899c943d7b52add83833ffa,,,,,,,,,,,,,,,,,,,,,,,,,,,,,,,,,,,,,,,,,,,,,,602.7584,2.05138785,604.8079,,,,,,,,,,,,,,,,,,,,,,,,604.8079,606.0243,q,0,1.0345,,2,0,2,0,1,,,,,,,,,,,,,,,,,,,,,,,,,,,,,,,,,,,,,,,,,,,,,,,,,,,,,,,,,,,,,,,,,,,,,,,,,,,,,,,,,,,,,,,,,,,,,,,,,,,,,,,,,,,,
,,,2025-08-11_11h48.11.270,CFMT_CCMT_Face_recognition,2023.2.3,Win32,60.24096386,5ed2717aec79fd1d3ca47d65,6899c7d7c4c961a016830ad3,6899c943d7b52add83833ffa,,,,,,,,,,,,,,,,,,,,,,,,,,,,,,,,,,,,,,,,,,,,,,606.0246,2.152775444,608.1742,,,,,,,,,,,,,,,,,,,,,,,,608.1742,609.4094,q,0,1.0891,,3,0,3,0,1,,,,,,,,,,,,,,,,,,,,,,,,,,,,,,,,,,,,,,,,,,,,,,,,,,,,,,,,,,,,,,,,,,,,,,,,,,,,,,,,,,,,,,,,,,,,,,,,,,,,,,,,,,,,
,,,2025-08-11_11h48.11.270,CFMT_CCMT_Face_recognition,2023.2.3,Win32,60.24096386,5ed2717aec79fd1d3ca47d65,6899c7d7c4c961a016830ad3,6899c943d7b52add83833ffa,,,,,,,,,,,,,,,,,,,,,,,,,,,,,,,,,,,,,,,,,,,,,,609.41,1.639270668,611.0413,,,,,,,,,,,,,,,,,,,,,,,,611.0416,612.4902,p,1,1.3099,,4,0,4,0,1,,,,,,,,,,,,,,,,,,,,,,,,,,,,,,,,,,,,,,,,,,,,,,,,,,,,,,,,,,,,,,,,,,,,,,,,,,,,,,,,,,,,,,,,,,,,,,,,,,,,,,,,,,,,
,,,2025-08-11_11h48.11.270,CFMT_CCMT_Face_recognition,2023.2.3,Win32,60.24096386,5ed2717aec79fd1d3ca47d65,6899c7d7c4c961a016830ad3,6899c943d7b52add83833ffa,,,,,,,,,,,,,,,,,,,,,,,,,,,,,,,,,,,,,,,,,,,,,,612.4907,2.145976917,614.64,,,,,,,,,,,,,,,,,,,,,,,,614.64,615.6564,q,0,0.8421,,5,0,5,0,1,,,,,,,,,,,,,,,,,,,,,,,,,,,,,,,,,,,,,,,,,,,,,,,,,,,,,,,,,,,,,,,,,,,,,,,,,,,,,,,,,,,,,,,,,,,,,,,,,,,,,,,,,,,,
,,,2025-08-11_11h48.11.270,CFMT_CCMT_Face_recognition,2023.2.3,Win32,60.24096386,5ed2717aec79fd1d3ca47d65,6899c7d7c4c961a016830ad3,6899c943d7b52add83833ffa,,,,,,,,,,,,,,,,,,,,,,,,,,,,,,,,,,,,,,,,,,,,,,615.6568,1.872329575,617.523,,,,,,,,,,,,,,,,,,,,,,,,617.523,618.9732,p,0,1.3003,,6,0,6,0,1,,,,,,,,,,,,,,,,,,,,,,,,,,,,,,,,,,,,,,,,,,,,,,,,,,,,,,,,,,,,,,,,,,,,,,,,,,,,,,,,,,,,,,,,,,,,,,,,,,,,,,,,,,,,
,,,2025-08-11_11h48.11.270,CFMT_CCMT_Face_recognition,2023.2.3,Win32,60.24096386,5ed2717aec79fd1d3ca47d65,6899c7d7c4c961a016830ad3,6899c943d7b52add83833ffa,,,,,,,,,,,,,,,,,,,,,,,,,,,,,,,,,,,,,,,,,,,,,,618.975,1.801123585,620.7733,,,,,,,,,,,,,,,,,,,,,,,,620.7734,621.9723,q,1,1.0585,,7,0,7,0,1,,,,,,,,,,,,,,,,,,,,,,,,,,,,,,,,,,,,,,,,,,,,,,,,,,,,,,,,,,,,,,,,,,,,,,,,,,,,,,,,,,,,,,,,,,,,,,,,,,,,,,,,,,,,
,,,2025-08-11_11h48.11.270,CFMT_CCMT_Face_recognition,2023.2.3,Win32,60.24096386,5ed2717aec79fd1d3ca47d65,6899c7d7c4c961a016830ad3,6899c943d7b52add83833ffa,,,,,,,,,,,,,,,,,,,,,,,,,,,,,,,,,,,,,,,,,,,,,,621.9727,1.638622426,623.6056,,,,,,,,,,,,,,,,,,,,,,,,623.6056,625.0392,q,1,1.2838,,8,0,8,0,1,,,,,,,,,,,,,,,,,,,,,,,,,,,,,,,,,,,,,,,,,,,,,,,,,,,,,,,,,,,,,,,,,,,,,,,,,,,,,,,,,,,,,,,,,,,,,,,,,,,,,,,,,,,,
,,,2025-08-11_11h48.11.270,CFMT_CCMT_Face_recognition,2023.2.3,Win32,60.24096386,5ed2717aec79fd1d3ca47d65,6899c7d7c4c961a016830ad3,6899c943d7b52add83833ffa,,,,,,,,,,,,,,,,,,,,,,,,,,,,,,,,,,,,,,,,,,,,,,625.041,1.917473199,626.9559,,,,,,,,,,,,,,,,,,,,,,,,626.9562,628.5548,q,1,1.4596,,9,0,9,0,1,,,,,,,,,,,,,,,,,,,,,,,,,,,,,,,,,,,,,,,,,,,,,,,,,,,,,,,,,,,,,,,,,,,,,,,,,,,,,,,,,,,,,,,,,,,,,,,,,,,,,,,,,,,,
,,,2025-08-11_11h48.11.270,CFMT_CCMT_Face_recognition,2023.2.3,Win32,60.24096386,5ed2717aec79fd1d3ca47d65,6899c7d7c4c961a016830ad3,6899c943d7b52add83833ffa,,,,,,,,,,,,,,,,,,,,,,,,,,,,,,,,,,,,,,,,,,,,,,628.5552,2.132068504,630.6879,,,,,,,,,,,,,,,,,,,,,,,,630.688,632.1385,p,0,1.3013,,10,0,10,0,1,,,,,,,,,,,,,,,,,,,,,,,,,,,,,,,,,,,,,,,,,,,,,,,,,,,,,,,,,,,,,,,,,,,,,,,,,,,,,,,,,,,,,,,,,,,,,,,,,,,,,,,,,,,,
,,,2025-08-11_11h48.11.270,CFMT_CCMT_Face_recognition,2023.2.3,Win32,60.24096386,5ed2717aec79fd1d3ca47d65,6899c7d7c4c961a016830ad3,6899c943d7b52add83833ffa,,,,,,,,,,,,,,,,,,,,,,,,,,,,,,,,,,,,,,,,,,,,,,632.1401,2.231363706,634.3719,,,,,,,,,,,,,,,,,,,,,,,,634.3721,635.888,p,0,1.3668,,11,0,11,0,1,,,,,,,,,,,,,,,,,,,,,,,,,,,,,,,,,,,,,,,,,,,,,,,,,,,,,,,,,,,,,,,,,,,,,,,,,,,,,,,,,,,,,,,,,,,,,,,,,,,,,,,,,,,,
,,,2025-08-11_11h48.11.270,CFMT_CCMT_Face_recognition,2023.2.3,Win32,60.24096386,5ed2717aec79fd1d3ca47d65,6899c7d7c4c961a016830ad3,6899c943d7b52add83833ffa,,,,,,,,,,,,,,,,,,,,,,,,,,,,,,,,,,,,,,,,,,,,,,635.8896,1.637020019,637.5215,,,,,,,,,,,,,,,,,,,,,,,,637.5217,638.6781,q,0,0.9314,,12,0,12,0,1,,,,,,,,,,,,,,,,,,,,,,,,,,,,,,,,,,,,,,,,,,,,,,,,,,,,,,,,,,,,,,,,,,,,,,,,,,,,,,,,,,,,,,,,,,,,,,,,,,,,,,,,,,,,
,,,2025-08-11_11h48.11.270,CFMT_CCMT_Face_recognition,2023.2.3,Win32,60.24096386,5ed2717aec79fd1d3ca47d65,6899c7d7c4c961a016830ad3,6899c943d7b52add83833ffa,,,,,,,,,,,,,,,,,,,,,,,,,,,,,,,,,,,,,,,,,,,,,,638.6784,2.0056162,640.688,,,,,,,,,,,,,,,,,,,,,,,,640.6882,642.1037,p,0,1.2657,,13,0,13,0,1,,,,,,,,,,,,,,,,,,,,,,,,,,,,,,,,,,,,,,,,,,,,,,,,,,,,,,,,,,,,,,,,,,,,,,,,,,,,,,,,,,,,,,,,,,,,,,,,,,,,,,,,,,,,
,,,2025-08-11_11h48.11.270,CFMT_CCMT_Face_recognition,2023.2.3,Win32,60.24096386,5ed2717aec79fd1d3ca47d65,6899c7d7c4c961a016830ad3,6899c943d7b52add83833ffa,,,,,,,,,,,,,,,,,,,,,,,,,,,,,,,,,,,,,,,,,,,,,,642.1054,1.779423105,643.8874,,,,,,,,,,,,,,,,,,,,,,,,643.8877,645.0361,q,1,1.007,,14,0,14,0,1,,,,,,,,,,,,,,,,,,,,,,,,,,,,,,,,,,,,,,,,,,,,,,,,,,,,,,,,,,,,,,,,,,,,,,,,,,,,,,,,,,,,,,,,,,,,,,,,,,,,,,,,,,,,
,,,2025-08-11_11h48.11.270,CFMT_CCMT_Face_recognition,2023.2.3,Win32,60.24096386,5ed2717aec79fd1d3ca47d65,6899c7d7c4c961a016830ad3,6899c943d7b52add83833ffa,,,,,,,,,,,,,,,,,,,,,,,,,,,,,,,,,,,,,,,,,,,,,,645.0364,1.815317462,646.8526,,,,,,,,,,,,,,,,,,,,,,,,646.8527,647.8857,q,1,0.886,,15,0,15,0,1,,,,,,,,,,,,,,,,,,,,,,,,,,,,,,,,,,,,,,,,,,,,,,,,,,,,,,,,,,,,,,,,,,,,,,,,,,,,,,,,,,,,,,,,,,,,,,,,,,,,,,,,,,,,
,,,2025-08-11_11h48.11.270,CFMT_CCMT_Face_recognition,2023.2.3,Win32,60.24096386,5ed2717aec79fd1d3ca47d65,6899c7d7c4c961a016830ad3,6899c943d7b52add83833ffa,,,,,,,,,,,,,,,,,,,,,,,,,,,,,,,,,,,,,,,,,,,,,,647.8862,1.501160394,649.3856,,,,,,,,,,,,,,,,,,,,,,,,649.3856,650.6103,q,0,1.082,,16,0,16,0,1,,,,,,,,,,,,,,,,,,,,,,,,,,,,,,,,,,,,,,,,,,,,,,,,,,,,,,,,,,,,,,,,,,,,,,,,,,,,,,,,,,,,,,,,,,,,,,,,,,,,,,,,,,,,
,,,2025-08-11_11h48.11.270,CFMT_CCMT_Face_recognition,2023.2.3,Win32,60.24096386,5ed2717aec79fd1d3ca47d65,6899c7d7c4c961a016830ad3,6899c943d7b52add83833ffa,,,,,,,,,,,,,,,,,,,,,,,,,,,,,,,,,,,,,,,,,,,,,,650.6106,1.834238651,652.4369,,,,,,,,,,,,,,,,,,,,,,,,652.4371,653.585,q,0,1.0035,,17,0,17,0,1,,,,,,,,,,,,,,,,,,,,,,,,,,,,,,,,,,,,,,,,,,,,,,,,,,,,,,,,,,,,,,,,,,,,,,,,,,,,,,,,,,,,,,,,,,,,,,,,,,,,,,,,,,,,
,,,2025-08-11_11h48.11.270,CFMT_CCMT_Face_recognition,2023.2.3,Win32,60.24096386,5ed2717aec79fd1d3ca47d65,6899c7d7c4c961a016830ad3,6899c943d7b52add83833ffa,,,,,,,,,,,,,,,,,,,,,,,,,,,,,,,,,,,,,,,,,,,,,,653.5854,1.886869575,655.4681,,,,,,,,,,,,,,,,,,,,,,,,655.4682,656.9734,q,1,1.3601,,18,0,18,0,1,,,,,,,,,,,,,,,,,,,,,,,,,,,,,,,,,,,,,,,,,,,,,,,,,,,,,,,,,,,,,,,,,,,,,,,,,,,,,,,,,,,,,,,,,,,,,,,,,,,,,,,,,,,,
,,,2025-08-11_11h48.11.270,CFMT_CCMT_Face_recognition,2023.2.3,Win32,60.24096386,5ed2717aec79fd1d3ca47d65,6899c7d7c4c961a016830ad3,6899c943d7b52add83833ffa,,,,,,,,,,,,,,,,,,,,,,,,,,,,,,,,,,,,,,,,,,,,,,656.9737,1.534288793,658.5022,,,,,,,,,,,,,,,,,,,,,,,,658.5024,660.1675,p,0,1.5248,,19,0,19,0,1,,,,,,,,,,,,,,,,,,,,,,,,,,,,,,,,,,,,,,,,,,,,,,,,,,,,,,,,,,,,,,,,,,,,,,,,,,,,,,,,,,,,,,,,,,,,,,,,,,,,,,,,,,,,
,,,2025-08-11_11h48.11.270,CFMT_CCMT_Face_recognition,2023.2.3,Win32,60.24096386,5ed2717aec79fd1d3ca47d65,6899c7d7c4c961a016830ad3,6899c943d7b52add83833ffa,,,,,,,,,,,,,,,,,,,,,,,,,,,,,,,,,,,,,,,,,,,,,,660.1679,2.012885321,662.184,,,,,,,,,,,,,,,,,,,,,,,,662.184,663.6178,q,1,1.2843,,20,0,20,0,1,,,,,,,,,,,,,,,,,,,,,,,,,,,,,,,,,,,,,,,,,,,,,,,,,,,,,,,,,,,,,,,,,,,,,,,,,,,,,,,,,,,,,,,,,,,,,,,,,,,,,,,,,,,,
,,,2025-08-11_11h48.11.270,CFMT_CCMT_Face_recognition,2023.2.3,Win32,60.24096386,5ed2717aec79fd1d3ca47d65,6899c7d7c4c961a016830ad3,6899c943d7b52add83833ffa,,,,,,,,,,,,,,,,,,,,,,,,,,,,,,,,,,,,,,,,,,,,,,663.6196,1.733508788,665.3512,,,,,,,,,,,,,,,,,,,,,,,,665.3513,667.0334,p,1,1.5461,,21,0,21,0,1,,,,,,,,,,,,,,,,,,,,,,,,,,,,,,,,,,,,,,,,,,,,,,,,,,,,,,,,,,,,,,,,,,,,,,,,,,,,,,,,,,,,,,,,,,,,,,,,,,,,,,,,,,,,
,,,2025-08-11_11h48.11.270,CFMT_CCMT_Face_recognition,2023.2.3,Win32,60.24096386,5ed2717aec79fd1d3ca47d65,6899c7d7c4c961a016830ad3,6899c943d7b52add83833ffa,,,,,,,,,,,,,,,,,,,,,,,,,,,,,,,,,,,,,,,,,,,,,,667.0338,2.163049944,669.1998,,,,,,,,,,,,,,,,,,,,,,,,669.1998,670.2996,q,0,0.9217,,22,0,22,0,1,,,,,,,,,,,,,,,,,,,,,,,,,,,,,,,,,,,,,,,,,,,,,,,,,,,,,,,,,,,,,,,,,,,,,,,,,,,,,,,,,,,,,,,,,,,,,,,,,,,,,,,,,,,,
,,,2025-08-11_11h48.11.270,CFMT_CCMT_Face_recognition,2023.2.3,Win32,60.24096386,5ed2717aec79fd1d3ca47d65,6899c7d7c4c961a016830ad3,6899c943d7b52add83833ffa,,,,,,,,,,,,,,,,,,,,,,,,,,,,,,,,,,,,,,,,,,,,,,670.2999,2.238077901,672.5328,,,,,,,,,,,,,,,,,,,,,,,,672.5328,673.683,p,1,1.0072,,23,0,23,0,1,,,,,,,,,,,,,,,,,,,,,,,,,,,,,,,,,,,,,,,,,,,,,,,,,,,,,,,,,,,,,,,,,,,,,,,,,,,,,,,,,,,,,,,,,,,,,,,,,,,,,,,,,,,,
,,,2025-08-11_11h48.11.270,CFMT_CCMT_Face_recognition,2023.2.3,Win32,60.24096386,5ed2717aec79fd1d3ca47d65,6899c7d7c4c961a016830ad3,6899c943d7b52add83833ffa,,,,,,,,,,,,,,,,,,,,,,,,,,,,,,,,,,,,,,,,,,,,,,673.6848,1.731500647,675.4167,,,,,,,,,,,,,,,,,,,,,,,,675.4169,676.4498,q,0,0.8817,,24,0,24,0,1,,,,,,,,,,,,,,,,,,,,,,,,,,,,,,,,,,,,,,,,,,,,,,,,,,,,,,,,,,,,,,,,,,,,,,,,,,,,,,,,,,,,,,,,,,,,,,,,,,,,,,,,,,,,
,,,2025-08-11_11h48.11.270,CFMT_CCMT_Face_recognition,2023.2.3,Win32,60.24096386,5ed2717aec79fd1d3ca47d65,6899c7d7c4c961a016830ad3,6899c943d7b52add83833ffa,,,,,,,,,,,,,,,,,,,,,,,,,,,,,,,,,,,,,,,,,,,,,,676.4511,2.341882147,678.7829,,,,,,,,,,,,,,,,,,,,,,,,678.7831,680.3997,p,1,1.4492,,25,0,25,0,1,,,,,,,,,,,,,,,,,,,,,,,,,,,,,,,,,,,,,,,,,,,,,,,,,,,,,,,,,,,,,,,,,,,,,,,,,,,,,,,,,,,,,,,,,,,,,,,,,,,,,,,,,,,,
,,,2025-08-11_11h48.11.270,CFMT_CCMT_Face_recognition,2023.2.3,Win32,60.24096386,5ed2717aec79fd1d3ca47d65,6899c7d7c4c961a016830ad3,6899c943d7b52add83833ffa,,,,,,,,,,,,,,,,,,,,,,,,,,,,,,,,,,,,,,,,,,,,,,680.4008,1.921018783,682.3162,,,,,,,,,,,,,,,,,,,,,,,,682.3164,683.3652,p,0,0.8968,,26,0,26,0,1,,,,,,,,,,,,,,,,,,,,,,,,,,,,,,,,,,,,,,,,,,,,,,,,,,,,,,,,,,,,,,,,,,,,,,,,,,,,,,,,,,,,,,,,,,,,,,,,,,,,,,,,,,,,
,,,2025-08-11_11h48.11.270,CFMT_CCMT_Face_recognition,2023.2.3,Win32,60.24096386,5ed2717aec79fd1d3ca47d65,6899c7d7c4c961a016830ad3,6899c943d7b52add83833ffa,,,,,,,,,,,,,,,,,,,,,,,,,,,,,,,,,,,,,,,,,,,,,,683.367,2.118885533,685.4819,,,,,,,,,,,,,,,,,,,,,,,,685.4821,686.6982,p,1,1.067,,27,0,27,0,1,,,,,,,,,,,,,,,,,,,,,,,,,,,,,,,,,,,,,,,,,,,,,,,,,,,,,,,,,,,,,,,,,,,,,,,,,,,,,,,,,,,,,,,,,,,,,,,,,,,,,,,,,,,,
,,,2025-08-11_11h48.11.270,CFMT_CCMT_Face_recognition,2023.2.3,Win32,60.24096386,5ed2717aec79fd1d3ca47d65,6899c7d7c4c961a016830ad3,6899c943d7b52add83833ffa,,,,,,,,,,,,,,,,,,,,,,,,,,,,,,,,,,,,,,,,,,,,,,686.6999,2.136147897,688.8316,,,,,,,,,,,,,,,,,,,,,,,,688.8318,690.1145,q,1,1.1442,,28,0,28,0,1,,,,,,,,,,,,,,,,,,,,,,,,,,,,,,,,,,,,,,,,,,,,,,,,,,,,,,,,,,,,,,,,,,,,,,,,,,,,,,,,,,,,,,,,,,,,,,,,,,,,,,,,,,,,
,,,2025-08-11_11h48.11.270,CFMT_CCMT_Face_recognition,2023.2.3,Win32,60.24096386,5ed2717aec79fd1d3ca47d65,6899c7d7c4c961a016830ad3,6899c943d7b52add83833ffa,,,,,,,,,,,,,,,,,,,,,,,,,,,,,,,,,,,,,,,,,,,,,,690.1161,1.892437976,691.9976,,,,,,,,,,,,,,,,,,,,,,,,691.9979,693.6301,p,0,1.4759,,29,0,29,0,1,,,,,,,,,,,,,,,,,,,,,,,,,,,,,,,,,,,,,,,,,,,,,,,,,,,,,,,,,,,,,,,,,,,,,,,,,,,,,,,,,,,,,,,,,,,,,,,,,,,,,,,,,,,,
,,,2025-08-11_11h48.11.270,CFMT_CCMT_Face_recognition,2023.2.3,Win32,60.24096386,5ed2717aec79fd1d3ca47d65,6899c7d7c4c961a016830ad3,6899c943d7b52add83833ffa,,,,,,,,,,,,,,,,,,,,,,,,,,,,,,,,,,,,,,,,,,,,,,693.6305,2.465404295,696.0965,,,,,,,,,,,,,,,,,,,,,,,,696.0966,697.4802,p,1,1.2027,,30,0,30,0,1,,,,,,,,,,,,,,,,,,,,,,,,,,,,,,,,,,,,,,,,,,,,,,,,,,,,,,,,,,,,,,,,,,,,,,,,,,,,,,,,,,,,,,,,,,,,,,,,,,,,,,,,,,,,
,,,2025-08-11_11h48.11.270,CFMT_CCMT_Face_recognition,2023.2.3,Win32,60.24096386,5ed2717aec79fd1d3ca47d65,6899c7d7c4c961a016830ad3,6899c943d7b52add83833ffa,,,,,,,,,,,,,,,,,,,,,,,,,,,,,,,,,,,,,,,,,,,,,,697.4818,2.198725358,699.6804,,,,,,,,,,,,,,,,,,,,,,,,699.6806,701.0297,p,1,1.163,,31,0,31,0,1,,,,,,,,,,,,,,,,,,,,,,,,,,,,,,,,,,,,,,,,,,,,,,,,,,,,,,,,,,,,,,,,,,,,,,,,,,,,,,,,,,,,,,,,,,,,,,,,,,,,,,,,,,,,
,,,2025-08-11_11h48.11.270,CFMT_CCMT_Face_recognition,2023.2.3,Win32,60.24096386,5ed2717aec79fd1d3ca47d65,6899c7d7c4c961a016830ad3,6899c943d7b52add83833ffa,,,,,,,,,,,,,,,,,,,,,,,,,,,,,,,,,,,,,,,,,,,,,,701.0315,2.151293503,703.1796,,,,,,,,,,,,,,,,,,,,,,,,703.1799,704.2787,p,1,0.9545,,32,0,32,0,1,,,,,,,,,,,,,,,,,,,,,,,,,,,,,,,,,,,,,,,,,,,,,,,,,,,,,,,,,,,,,,,,,,,,,,,,,,,,,,,,,,,,,,,,,,,,,,,,,,,,,,,,,,,,
,,,2025-08-11_11h48.11.270,CFMT_CCMT_Face_recognition,2023.2.3,Win32,60.24096386,5ed2717aec79fd1d3ca47d65,6899c7d7c4c961a016830ad3,6899c943d7b52add83833ffa,,,,,,,,,,,,,,,,,,,,,,,,,,,,,,,,,,,,,,,,,,,,,,704.279,2.18860014,706.4618,,,,,,,,,,,,,,,,,,,,,,,,706.4618,707.4617,q,1,0.8598,,33,0,33,0,1,,,,,,,,,,,,,,,,,,,,,,,,,,,,,,,,,,,,,,,,,,,,,,,,,,,,,,,,,,,,,,,,,,,,,,,,,,,,,,,,,,,,,,,,,,,,,,,,,,,,,,,,,,,,
,,,2025-08-11_11h48.11.270,CFMT_CCMT_Face_recognition,2023.2.3,Win32,60.24096386,5ed2717aec79fd1d3ca47d65,6899c7d7c4c961a016830ad3,6899c943d7b52add83833ffa,,,,,,,,,,,,,,,,,,,,,,,,,,,,,,,,,,,,,,,,,,,,,,707.4621,2.46051036,709.9114,,,,,,,,,,,,,,,,,,,,,,,,709.9114,711.1618,q,0,1.1034,,34,0,34,0,1,,,,,,,,,,,,,,,,,,,,,,,,,,,,,,,,,,,,,,,,,,,,,,,,,,,,,,,,,,,,,,,,,,,,,,,,,,,,,,,,,,,,,,,,,,,,,,,,,,,,,,,,,,,,
,,,2025-08-11_11h48.11.270,CFMT_CCMT_Face_recognition,2023.2.3,Win32,60.24096386,5ed2717aec79fd1d3ca47d65,6899c7d7c4c961a016830ad3,6899c943d7b52add83833ffa,,,,,,,,,,,,,,,,,,,,,,,,,,,,,,,,,,,,,,,,,,,,,,711.1635,2.173885931,713.3285,,,,,,,,,,,,,,,,,,,,,,,,713.3287,714.4613,q,1,0.9834,,35,0,35,0,1,,,,,,,,,,,,,,,,,,,,,,,,,,,,,,,,,,,,,,,,,,,,,,,,,,,,,,,,,,,,,,,,,,,,,,,,,,,,,,,,,,,,,,,,,,,,,,,,,,,,,,,,,,,,
,,,2025-08-11_11h48.11.270,CFMT_CCMT_Face_recognition,2023.2.3,Win32,60.24096386,5ed2717aec79fd1d3ca47d65,6899c7d7c4c961a016830ad3,6899c943d7b52add83833ffa,,,,,,,,,,,,,,,,,,,,,,,,,,,,,,,,,,,,,,,,,,,,,,714.4631,2.263388944,716.7278,,,,,,,,,,,,,,,,,,,,,,,,716.728,718.6936,q,0,1.7739,,36,0,36,0,1,,,,,,,,,,,,,,,,,,,,,,,,,,,,,,,,,,,,,,,,,,,,,,,,,,,,,,,,,,,,,,,,,,,,,,,,,,,,,,,,,,,,,,,,,,,,,,,,,,,,,,,,,,,,
,,,2025-08-11_11h48.11.270,CFMT_CCMT_Face_recognition,2023.2.3,Win32,60.24096386,5ed2717aec79fd1d3ca47d65,6899c7d7c4c961a016830ad3,6899c943d7b52add83833ffa,,,,,,,,,,,,,,,,,,,,,,,,,,,,,,,,,,,,,,,,,,,,,,718.694,2.067284584,720.76,,,,,,,,,,,,,,,,,,,,,,,,720.7601,721.9098,q,1,1.0121,,37,0,37,0,1,,,,,,,,,,,,,,,,,,,,,,,,,,,,,,,,,,,,,,,,,,,,,,,,,,,,,,,,,,,,,,,,,,,,,,,,,,,,,,,,,,,,,,,,,,,,,,,,,,,,,,,,,,,,
,,,2025-08-11_11h48.11.270,CFMT_CCMT_Face_recognition,2023.2.3,Win32,60.24096386,5ed2717aec79fd1d3ca47d65,6899c7d7c4c961a016830ad3,6899c943d7b52add83833ffa,,,,,,,,,,,,,,,,,,,,,,,,,,,,,,,,,,,,,,,,,,,,,,721.9102,1.561325475,723.4596,,,,,,,,,,,,,,,,,,,,,,,,723.4597,724.7428,p,1,1.1365,,38,0,38,0,1,,,,,,,,,,,,,,,,,,,,,,,,,,,,,,,,,,,,,,,,,,,,,,,,,,,,,,,,,,,,,,,,,,,,,,,,,,,,,,,,,,,,,,,,,,,,,,,,,,,,,,,,,,,,
,,,2025-08-11_11h48.11.270,CFMT_CCMT_Face_recognition,2023.2.3,Win32,60.24096386,5ed2717aec79fd1d3ca47d65,6899c7d7c4c961a016830ad3,6899c943d7b52add83833ffa,,,,,,,,,,,,,,,,,,,,,,,,,,,,,,,,,,,,,,,,,,,,,,724.7431,1.721099335,726.4594,,,,,,,,,,,,,,,,,,,,,,,,726.4594,727.659,q,1,1.0437,,39,0,39,0,1,,,,,,,,,,,,,,,,,,,,,,,,,,,,,,,,,,,,,,,,,,,,,,,,,,,,,,,,,,,,,,,,,,,,,,,,,,,,,,,,,,,,,,,,,,,,,,,,,,,,,,,,,,,,
,,,2025-08-11_11h48.11.270,CFMT_CCMT_Face_recognition,2023.2.3,Win32,60.24096386,5ed2717aec79fd1d3ca47d65,6899c7d7c4c961a016830ad3,6899c943d7b52add83833ffa,,,,,,,,,,,,,,,,,,,,,,,,,,,,,,,,,,,,,,,,,,,,,,727.6594,2.479128576,730.1422,,,,,,,,,,,,,,,,,,,,,,,,730.1422,731.5254,q,1,1.238,,40,0,40,0,1,,,,,,,,,,,,,,,,,,,,,,,,,,,,,,,,,,,,,,,,,,,,,,,,,,,,,,,,,,,,,,,,,,,,,,,,,,,,,,,,,,,,,,,,,,,,,,,,,,,,,,,,,,,,
,,,2025-08-11_11h48.11.270,CFMT_CCMT_Face_recognition,2023.2.3,Win32,60.24096386,5ed2717aec79fd1d3ca47d65,6899c7d7c4c961a016830ad3,6899c943d7b52add83833ffa,,,,,,,,,,,,,,,,,,,,,,,,,,,,,,,,,,,,,,,,,,,,,,731.5257,2.454890515,733.9751,,,,,,,,,,,,,,,,,,,,,,,,733.9751,735.4414,p,0,1.2928,,41,0,41,0,1,,,,,,,,,,,,,,,,,,,,,,,,,,,,,,,,,,,,,,,,,,,,,,,,,,,,,,,,,,,,,,,,,,,,,,,,,,,,,,,,,,,,,,,,,,,,,,,,,,,,,,,,,,,,
,,,2025-08-11_11h48.11.270,CFMT_CCMT_Face_recognition,2023.2.3,Win32,60.24096386,5ed2717aec79fd1d3ca47d65,6899c7d7c4c961a016830ad3,6899c943d7b52add83833ffa,,,,,,,,,,,,,,,,,,,,,,,,,,,,,,,,,,,,,,,,,,,,,,735.4418,2.268197035,737.7078,,,,,,,,,,,,,,,,,,,,,,,,737.7078,739.5749,p,1,1.7179,,42,0,42,0,1,,,,,,,,,,,,,,,,,,,,,,,,,,,,,,,,,,,,,,,,,,,,,,,,,,,,,,,,,,,,,,,,,,,,,,,,,,,,,,,,,,,,,,,,,,,,,,,,,,,,,,,,,,,,
,,,2025-08-11_11h48.11.270,CFMT_CCMT_Face_recognition,2023.2.3,Win32,60.24096386,5ed2717aec79fd1d3ca47d65,6899c7d7c4c961a016830ad3,6899c943d7b52add83833ffa,,,,,,,,,,,,,,,,,,,,,,,,,,,,,,,,,,,,,,,,,,,,,,739.5766,2.343536723,741.9249,,,,,,,,,,,,,,,,,,,,,,,,741.9251,743.1246,q,0,1.0479,,43,0,43,0,1,,,,,,,,,,,,,,,,,,,,,,,,,,,,,,,,,,,,,,,,,,,,,,,,,,,,,,,,,,,,,,,,,,,,,,,,,,,,,,,,,,,,,,,,,,,,,,,,,,,,,,,,,,,,
,,,2025-08-11_11h48.11.270,CFMT_CCMT_Face_recognition,2023.2.3,Win32,60.24096386,5ed2717aec79fd1d3ca47d65,6899c7d7c4c961a016830ad3,6899c943d7b52add83833ffa,,,,,,,,,,,,,,,,,,,,,,,,,,,,,,,,,,,,,,,,,,,,,,743.1263,1.761795201,744.8912,,,,,,,,,,,,,,,,,,,,,,,,744.8914,746.3236,q,1,1.276,,44,0,44,0,1,,,,,,,,,,,,,,,,,,,,,,,,,,,,,,,,,,,,,,,,,,,,,,,,,,,,,,,,,,,,,,,,,,,,,,,,,,,,,,,,,,,,,,,,,,,,,,,,,,,,,,,,,,,,
,,,2025-08-11_11h48.11.270,CFMT_CCMT_Face_recognition,2023.2.3,Win32,60.24096386,5ed2717aec79fd1d3ca47d65,6899c7d7c4c961a016830ad3,6899c943d7b52add83833ffa,,,,,,,,,,,,,,,,,,,,,,,,,,,,,,,,,,,,,,,,,,,,,,746.3239,1.536965086,747.8568,,,,,,,,,,,,,,,,,,,,,,,,747.8568,749.1574,p,1,1.1478,,45,0,45,0,1,,,,,,,,,,,,,,,,,,,,,,,,,,,,,,,,,,,,,,,,,,,,,,,,,,,,,,,,,,,,,,,,,,,,,,,,,,,,,,,,,,,,,,,,,,,,,,,,,,,,,,,,,,,,
,,,2025-08-11_11h48.11.270,CFMT_CCMT_Face_recognition,2023.2.3,Win32,60.24096386,5ed2717aec79fd1d3ca47d65,6899c7d7c4c961a016830ad3,6899c943d7b52add83833ffa,,,,,,,,,,,,,,,,,,,,,,,,,,,,,,,,,,,,,,,,,,,,,,749.1589,1.50451771,750.6573,,,,,,,,,,,,,,,,,,,,,,,,750.6575,752.4066,q,0,1.5991,,46,0,46,0,1,,,,,,,,,,,,,,,,,,,,,,,,,,,,,,,,,,,,,,,,,,,,,,,,,,,,,,,,,,,,,,,,,,,,,,,,,,,,,,,,,,,,,,,,,,,,,,,,,,,,,,,,,,,,
,,,2025-08-11_11h48.11.270,CFMT_CCMT_Face_recognition,2023.2.3,Win32,60.24096386,5ed2717aec79fd1d3ca47d65,6899c7d7c4c961a016830ad3,6899c943d7b52add83833ffa,,,,,,,,,,,,,,,,,,,,,,,,,,,,,,,,,,,,,,,,,,,,,,752.4083,2.197018114,754.6067,,,,,,,,,,,,,,,,,,,,,,,,754.6068,755.9897,q,1,1.2335,,47,0,47,0,1,,,,,,,,,,,,,,,,,,,,,,,,,,,,,,,,,,,,,,,,,,,,,,,,,,,,,,,,,,,,,,,,,,,,,,,,,,,,,,,,,,,,,,,,,,,,,,,,,,,,,,,,,,,,
,,,2025-08-11_11h48.11.270,CFMT_CCMT_Face_recognition,2023.2.3,Win32,60.24096386,5ed2717aec79fd1d3ca47d65,6899c7d7c4c961a016830ad3,6899c943d7b52add83833ffa,,,,,,,,,,,,,,,,,,,,,,,,,,,,,,,,,,,,,,,,,,,,,,755.9912,1.640335746,757.6226,,,,,,,,,,,,,,,,,,,,,,,,757.6228,758.9384,p,1,1.177,,48,0,48,0,1,,,,,,,,,,,,,,,,,,,,,,,,,,,,,,,,,,,,,,,,,,,,,,,,,,,,,,,,,,,,,,,,,,,,,,,,,,,,,,,,,,,,,,,,,,,,,,,,,,,,,,,,,,,,
,,,2025-08-11_11h48.11.270,CFMT_CCMT_Face_recognition,2023.2.3,Win32,60.24096386,5ed2717aec79fd1d3ca47d65,6899c7d7c4c961a016830ad3,6899c943d7b52add83833ffa,,,,,,,,,,,,,,,,,,,,,,,,,,,,,,,,,,,,,,,,,,,,,,758.9388,1.628931009,760.5717,,,,,,,,,,,,,,,,,,,,,,,,760.5717,761.8723,p,0,1.1563,,49,0,49,0,1,,,,,,,,,,,,,,,,,,,,,,,,,,,,,,,,,,,,,,,,,,,,,,,,,,,,,,,,,,,,,,,,,,,,,,,,,,,,,,,,,,,,,,,,,,,,,,,,,,,,,,,,,,,,
,,,2025-08-11_11h48.11.270,CFMT_CCMT_Face_recognition,2023.2.3,Win32,60.24096386,5ed2717aec79fd1d3ca47d65,6899c7d7c4c961a016830ad3,6899c943d7b52add83833ffa,,,,,,,,,,,,,,,,,,,,,,,,,,,,,,,,,,,,,,,,,,,,,,761.8738,2.129997825,764.0056,,,,,,,,,,,,,,,,,,,,,,,,764.0057,765.3715,p,1,1.2152,,50,0,50,0,1,,,,,,,,,,,,,,,,,,,,,,,,,,,,,,,,,,,,,,,,,,,,,,,,,,,,,,,,,,,,,,,,,,,,,,,,,,,,,,,,,,,,,,,,,,,,,,,,,,,,,,,,,,,,
,,,2025-08-11_11h48.11.270,CFMT_CCMT_Face_recognition,2023.2.3,Win32,60.24096386,5ed2717aec79fd1d3ca47d65,6899c7d7c4c961a016830ad3,6899c943d7b52add83833ffa,,,,,,,,,,,,,,,,,,,,,,,,,,,,,,,,,,,,,,,,,,,,,,765.3733,2.241687049,767.6055,,,,,,,,,,,,,,,,,,,,,,,,767.6057,769.4049,p,1,1.6459,,51,0,51,0,1,,,,,,,,,,,,,,,,,,,,,,,,,,,,,,,,,,,,,,,,,,,,,,,,,,,,,,,,,,,,,,,,,,,,,,,,,,,,,,,,,,,,,,,,,,,,,,,,,,,,,,,,,,,,
,,,2025-08-11_11h48.11.270,CFMT_CCMT_Face_recognition,2023.2.3,Win32,60.24096386,5ed2717aec79fd1d3ca47d65,6899c7d7c4c961a016830ad3,6899c943d7b52add83833ffa,,,,,,,,,,,,,,,,,,,,,,,,,,,,,,,,,,,,,,,,,,,,,,769.4062,1.708476205,771.1045,,,,,,,,,,,,,,,,,,,,,,,,771.1047,772.0376,q,1,0.783,,52,0,52,0,1,,,,,,,,,,,,,,,,,,,,,,,,,,,,,,,,,,,,,,,,,,,,,,,,,,,,,,,,,,,,,,,,,,,,,,,,,,,,,,,,,,,,,,,,,,,,,,,,,,,,,,,,,,,,
,,,2025-08-11_11h48.11.270,CFMT_CCMT_Face_recognition,2023.2.3,Win32,60.24096386,5ed2717aec79fd1d3ca47d65,6899c7d7c4c961a016830ad3,6899c943d7b52add83833ffa,,,,,,,,,,,,,,,,,,,,,,,,,,,,,,,,,,,,,,,,,,,,,,772.0392,1.931835282,773.9714,,,,,,,,,,,,,,,,,,,,,,,,773.9716,775.0698,p,1,0.9601,,53,0,53,0,1,,,,,,,,,,,,,,,,,,,,,,,,,,,,,,,,,,,,,,,,,,,,,,,,,,,,,,,,,,,,,,,,,,,,,,,,,,,,,,,,,,,,,,,,,,,,,,,,,,,,,,,,,,,,
,,,2025-08-11_11h48.11.270,CFMT_CCMT_Face_recognition,2023.2.3,Win32,60.24096386,5ed2717aec79fd1d3ca47d65,6899c7d7c4c961a016830ad3,6899c943d7b52add83833ffa,,,,,,,,,,,,,,,,,,,,,,,,,,,,,,,,,,,,,,,,,,,,,,775.0702,2.435773814,777.5031,,,,,,,,,,,,,,,,,,,,,,,,777.5031,778.8027,q,1,1.1619,,54,0,54,0,1,,,,,,,,,,,,,,,,,,,,,,,,,,,,,,,,,,,,,,,,,,,,,,,,,,,,,,,,,,,,,,,,,,,,,,,,,,,,,,,,,,,,,,,,,,,,,,,,,,,,,,,,,,,,
,,,2025-08-11_11h48.11.270,CFMT_CCMT_Face_recognition,2023.2.3,Win32,60.24096386,5ed2717aec79fd1d3ca47d65,6899c7d7c4c961a016830ad3,6899c943d7b52add83833ffa,,,,,,,,,,,,,,,,,,,,,,,,,,,,,,,,,,,,,,,,,,,,,,778.803,1.706821884,780.5025,,,,,,,,,,,,,,,,,,,,,,,,780.5025,781.9862,q,0,1.3213,,55,0,55,0,1,,,,,,,,,,,,,,,,,,,,,,,,,,,,,,,,,,,,,,,,,,,,,,,,,,,,,,,,,,,,,,,,,,,,,,,,,,,,,,,,,,,,,,,,,,,,,,,,,,,,,,,,,,,,
,,,2025-08-11_11h48.11.270,CFMT_CCMT_Face_recognition,2023.2.3,Win32,60.24096386,5ed2717aec79fd1d3ca47d65,6899c7d7c4c961a016830ad3,6899c943d7b52add83833ffa,,,,,,,,,,,,,,,,,,,,,,,,,,,,,,,,,,,,,,,,,,,,,,781.9879,1.805481503,783.7863,,,,,,,,,,,,,,,,,,,,,,,,783.7865,785.3028,q,1,1.3814,,56,0,56,0,1,,,,,,,,,,,,,,,,,,,,,,,,,,,,,,,,,,,,,,,,,,,,,,,,,,,,,,,,,,,,,,,,,,,,,,,,,,,,,,,,,,,,,,,,,,,,,,,,,,,,,,,,,,,,
,,,2025-08-11_11h48.11.270,CFMT_CCMT_Face_recognition,2023.2.3,Win32,60.24096386,5ed2717aec79fd1d3ca47d65,6899c7d7c4c961a016830ad3,6899c943d7b52add83833ffa,,,,,,,,,,,,,,,,,,,,,,,,,,,,,,,,,,,,,,,,,,,,,,785.3035,2.248647424,787.5517,,,,,,,,,,,,,,,,,,,,,,,,787.5517,788.7031,p,0,1.0016,,57,0,57,0,1,,,,,,,,,,,,,,,,,,,,,,,,,,,,,,,,,,,,,,,,,,,,,,,,,,,,,,,,,,,,,,,,,,,,,,,,,,,,,,,,,,,,,,,,,,,,,,,,,,,,,,,,,,,,
,,,2025-08-11_11h48.11.270,CFMT_CCMT_Face_recognition,2023.2.3,Win32,60.24096386,5ed2717aec79fd1d3ca47d65,6899c7d7c4c961a016830ad3,6899c943d7b52add83833ffa,,,,,,,,,,,,,,,,,,,,,,,,,,,,,,,,,,,,,,,,,,,,,,788.7041,2.246212281,790.9522,,,,,,,,,,,,,,,,,,,,,,,,790.9523,792.9342,p,0,1.8374,,58,0,58,0,1,,,,,,,,,,,,,,,,,,,,,,,,,,,,,,,,,,,,,,,,,,,,,,,,,,,,,,,,,,,,,,,,,,,,,,,,,,,,,,,,,,,,,,,,,,,,,,,,,,,,,,,,,,,,
,,,2025-08-11_11h48.11.270,CFMT_CCMT_Face_recognition,2023.2.3,Win32,60.24096386,5ed2717aec79fd1d3ca47d65,6899c7d7c4c961a016830ad3,6899c943d7b52add83833ffa,,,,,,,,,,,,,,,,,,,,,,,,,,,,,,,,,,,,,,,,,,,,,,792.9346,2.257709236,795.1841,,,,,,,,,,,,,,,,,,,,,,,,795.1841,796.7687,q,0,1.4366,,59,0,59,0,1,,,,,,,,,,,,,,,,,,,,,,,,,,,,,,,,,,,,,,,,,,,,,,,,,,,,,,,,,,,,,,,,,,,,,,,,,,,,,,,,,,,,,,,,,,,,,,,,,,,,,,,,,,,,
,,,2025-08-11_11h48.11.270,CFMT_CCMT_Face_recognition,2023.2.3,Win32,60.24096386,5ed2717aec79fd1d3ca47d65,6899c7d7c4c961a016830ad3,6899c943d7b52add83833ffa,,,,,,,,,,,,,,,,,,,,,,,,,,,,,,,,,,,,,,,,,,,,,,801.0031,2.40188558,803.4007,,,,,,,,,,,,,,,,,,,,,,,,803.4011,805.1832,q,1,1.6461,,0,0,0,0,1,796.7696,801.0005,space,4.202,,,,,,,,,,,,,,,,,,,,,,,,,,,,,,,,,,,,,,,,,,,,,,,,,,,,,,,,,,,,,,,,,,,,,,,,,,,,,,,,,,,,,,,,,,,,,,,,,,,,,,,,
,,,2025-08-11_11h48.11.270,CFMT_CCMT_Face_recognition,2023.2.3,Win32,60.24096386,5ed2717aec79fd1d3ca47d65,6899c7d7c4c961a016830ad3,6899c943d7b52add83833ffa,,,,,,,,,,,,,,,,,,,,,,,,,,,,,,,,,,,,,,,,,,,,,,805.1839,1.598559528,806.7825,,,,,,,,,,,,,,,,,,,,,,,,806.7825,807.8324,q,0,0.9016,,1,0,1,0,1,,,,,,,,,,,,,,,,,,,,,,,,,,,,,,,,,,,,,,,,,,,,,,,,,,,,,,,,,,,,,,,,,,,,,,,,,,,,,,,,,,,,,,,,,,,,,,,,,,,,,,,,,,,,
,,,2025-08-11_11h48.11.270,CFMT_CCMT_Face_recognition,2023.2.3,Win32,60.24096386,5ed2717aec79fd1d3ca47d65,6899c7d7c4c961a016830ad3,6899c943d7b52add83833ffa,,,,,,,,,,,,,,,,,,,,,,,,,,,,,,,,,,,,,,,,,,,,,,807.8327,1.921346733,809.7487,,,,,,,,,,,,,,,,,,,,,,,,809.7487,810.9152,p,1,1.001,,2,0,2,0,1,,,,,,,,,,,,,,,,,,,,,,,,,,,,,,,,,,,,,,,,,,,,,,,,,,,,,,,,,,,,,,,,,,,,,,,,,,,,,,,,,,,,,,,,,,,,,,,,,,,,,,,,,,,,
,,,2025-08-11_11h48.11.270,CFMT_CCMT_Face_recognition,2023.2.3,Win32,60.24096386,5ed2717aec79fd1d3ca47d65,6899c7d7c4c961a016830ad3,6899c943d7b52add83833ffa,,,,,,,,,,,,,,,,,,,,,,,,,,,,,,,,,,,,,,,,,,,,,,810.9156,2.210369084,813.1151,,,,,,,,,,,,,,,,,,,,,,,,813.1152,814.5006,p,1,1.1709,,3,0,3,0,1,,,,,,,,,,,,,,,,,,,,,,,,,,,,,,,,,,,,,,,,,,,,,,,,,,,,,,,,,,,,,,,,,,,,,,,,,,,,,,,,,,,,,,,,,,,,,,,,,,,,,,,,,,,,
,,,2025-08-11_11h48.11.270,CFMT_CCMT_Face_recognition,2023.2.3,Win32,60.24096386,5ed2717aec79fd1d3ca47d65,6899c7d7c4c961a016830ad3,6899c943d7b52add83833ffa,,,,,,,,,,,,,,,,,,,,,,,,,,,,,,,,,,,,,,,,,,,,,,814.501,2.405422476,816.8986,,,,,,,,,,,,,,,,,,,,,,,,816.8987,818.0987,p,1,1.0633,,4,0,4,0,1,,,,,,,,,,,,,,,,,,,,,,,,,,,,,,,,,,,,,,,,,,,,,,,,,,,,,,,,,,,,,,,,,,,,,,,,,,,,,,,,,,,,,,,,,,,,,,,,,,,,,,,,,,,,
,,,2025-08-11_11h48.11.270,CFMT_CCMT_Face_recognition,2023.2.3,Win32,60.24096386,5ed2717aec79fd1d3ca47d65,6899c7d7c4c961a016830ad3,6899c943d7b52add83833ffa,,,,,,,,,,,,,,,,,,,,,,,,,,,,,,,,,,,,,,,,,,,,,,818.1002,2.376540744,820.4651,,,,,,,,,,,,,,,,,,,,,,,,820.4653,821.9834,q,1,1.376,,5,0,5,0,1,,,,,,,,,,,,,,,,,,,,,,,,,,,,,,,,,,,,,,,,,,,,,,,,,,,,,,,,,,,,,,,,,,,,,,,,,,,,,,,,,,,,,,,,,,,,,,,,,,,,,,,,,,,,
,,,2025-08-11_11h48.11.270,CFMT_CCMT_Face_recognition,2023.2.3,Win32,60.24096386,5ed2717aec79fd1d3ca47d65,6899c7d7c4c961a016830ad3,6899c943d7b52add83833ffa,,,,,,,,,,,,,,,,,,,,,,,,,,,,,,,,,,,,,,,,,,,,,,821.9837,2.47918713,824.4643,,,,,,,,,,,,,,,,,,,,,,,,824.4645,825.8306,p,0,1.2169,,6,0,6,0,1,,,,,,,,,,,,,,,,,,,,,,,,,,,,,,,,,,,,,,,,,,,,,,,,,,,,,,,,,,,,,,,,,,,,,,,,,,,,,,,,,,,,,,,,,,,,,,,,,,,,,,,,,,,,
,,,2025-08-11_11h48.11.270,CFMT_CCMT_Face_recognition,2023.2.3,Win32,60.24096386,5ed2717aec79fd1d3ca47d65,6899c7d7c4c961a016830ad3,6899c943d7b52add83833ffa,,,,,,,,,,,,,,,,,,,,,,,,,,,,,,,,,,,,,,,,,,,,,,825.8324,1.709908508,827.5308,,,,,,,,,,,,,,,,,,,,,,,,827.531,829.2796,p,1,1.6104,,7,0,7,0,1,,,,,,,,,,,,,,,,,,,,,,,,,,,,,,,,,,,,,,,,,,,,,,,,,,,,,,,,,,,,,,,,,,,,,,,,,,,,,,,,,,,,,,,,,,,,,,,,,,,,,,,,,,,,
,,,2025-08-11_11h48.11.270,CFMT_CCMT_Face_recognition,2023.2.3,Win32,60.24096386,5ed2717aec79fd1d3ca47d65,6899c7d7c4c961a016830ad3,6899c943d7b52add83833ffa,,,,,,,,,,,,,,,,,,,,,,,,,,,,,,,,,,,,,,,,,,,,,,829.28,2.161147523,831.4295,,,,,,,,,,,,,,,,,,,,,,,,831.4295,832.4633,q,1,0.8889,,8,0,8,0,1,,,,,,,,,,,,,,,,,,,,,,,,,,,,,,,,,,,,,,,,,,,,,,,,,,,,,,,,,,,,,,,,,,,,,,,,,,,,,,,,,,,,,,,,,,,,,,,,,,,,,,,,,,,,
,,,2025-08-11_11h48.11.270,CFMT_CCMT_Face_recognition,2023.2.3,Win32,60.24096386,5ed2717aec79fd1d3ca47d65,6899c7d7c4c961a016830ad3,6899c943d7b52add83833ffa,,,,,,,,,,,,,,,,,,,,,,,,,,,,,,,,,,,,,,,,,,,,,,832.4649,2.411737616,834.8673,,,,,,,,,,,,,,,,,,,,,,,,834.8673,836.0127,p,1,0.9986,,9,0,9,0,1,,,,,,,,,,,,,,,,,,,,,,,,,,,,,,,,,,,,,,,,,,,,,,,,,,,,,,,,,,,,,,,,,,,,,,,,,,,,,,,,,,,,,,,,,,,,,,,,,,,,,,,,,,,,
,,,2025-08-11_11h48.11.270,CFMT_CCMT_Face_recognition,2023.2.3,Win32,60.24096386,5ed2717aec79fd1d3ca47d65,6899c7d7c4c961a016830ad3,6899c943d7b52add83833ffa,,,,,,,,,,,,,,,,,,,,,,,,,,,,,,,,,,,,,,,,,,,,,,836.0144,2.277397696,838.2962,,,,,,,,,,,,,,,,,,,,,,,,838.2964,839.4293,p,1,0.9834,,10,0,10,0,1,,,,,,,,,,,,,,,,,,,,,,,,,,,,,,,,,,,,,,,,,,,,,,,,,,,,,,,,,,,,,,,,,,,,,,,,,,,,,,,,,,,,,,,,,,,,,,,,,,,,,,,,,,,,
,,,2025-08-11_11h48.11.270,CFMT_CCMT_Face_recognition,2023.2.3,Win32,60.24096386,5ed2717aec79fd1d3ca47d65,6899c7d7c4c961a016830ad3,6899c943d7b52add83833ffa,,,,,,,,,,,,,,,,,,,,,,,,,,,,,,,,,,,,,,,,,,,,,,839.4308,2.059997753,841.479,,,,,,,,,,,,,,,,,,,,,,,,841.4792,842.9279,q,1,1.3104,,11,0,11,0,1,,,,,,,,,,,,,,,,,,,,,,,,,,,,,,,,,,,,,,,,,,,,,,,,,,,,,,,,,,,,,,,,,,,,,,,,,,,,,,,,,,,,,,,,,,,,,,,,,,,,,,,,,,,,
,,,2025-08-11_11h48.11.270,CFMT_CCMT_Face_recognition,2023.2.3,Win32,60.24096386,5ed2717aec79fd1d3ca47d65,6899c7d7c4c961a016830ad3,6899c943d7b52add83833ffa,,,,,,,,,,,,,,,,,,,,,,,,,,,,,,,,,,,,,,,,,,,,,,842.9283,1.535743505,844.4612,,,,,,,,,,,,,,,,,,,,,,,,844.4612,845.7025,q,0,1.0999,,12,0,12,0,1,,,,,,,,,,,,,,,,,,,,,,,,,,,,,,,,,,,,,,,,,,,,,,,,,,,,,,,,,,,,,,,,,,,,,,,,,,,,,,,,,,,,,,,,,,,,,,,,,,,,,,,,,,,,
,,,2025-08-11_11h48.11.270,CFMT_CCMT_Face_recognition,2023.2.3,Win32,60.24096386,5ed2717aec79fd1d3ca47d65,6899c7d7c4c961a016830ad3,6899c943d7b52add83833ffa,,,,,,,,,,,,,,,,,,,,,,,,,,,,,,,,,,,,,,,,,,,,,,845.7029,1.969564556,847.6665,,,,,,,,,,,,,,,,,,,,,,,,847.6666,848.728,q,1,0.9197,,13,0,13,0,1,,,,,,,,,,,,,,,,,,,,,,,,,,,,,,,,,,,,,,,,,,,,,,,,,,,,,,,,,,,,,,,,,,,,,,,,,,,,,,,,,,,,,,,,,,,,,,,,,,,,,,,,,,,,
,,,2025-08-11_11h48.11.270,CFMT_CCMT_Face_recognition,2023.2.3,Win32,60.24096386,5ed2717aec79fd1d3ca47d65,6899c7d7c4c961a016830ad3,6899c943d7b52add83833ffa,,,,,,,,,,,,,,,,,,,,,,,,,,,,,,,,,,,,,,,,,,,,,,848.7297,1.768398071,850.4948,,,,,,,,,,,,,,,,,,,,,,,,850.4949,851.6108,q,0,0.9324,,14,0,14,0,1,,,,,,,,,,,,,,,,,,,,,,,,,,,,,,,,,,,,,,,,,,,,,,,,,,,,,,,,,,,,,,,,,,,,,,,,,,,,,,,,,,,,,,,,,,,,,,,,,,,,,,,,,,,,
,,,2025-08-11_11h48.11.270,CFMT_CCMT_Face_recognition,2023.2.3,Win32,60.24096386,5ed2717aec79fd1d3ca47d65,6899c7d7c4c961a016830ad3,6899c943d7b52add83833ffa,,,,,,,,,,,,,,,,,,,,,,,,,,,,,,,,,,,,,,,,,,,,,,851.6125,2.040550317,853.6443,,,,,,,,,,,,,,,,,,,,,,,,853.6445,855.2597,q,0,1.4799,,15,0,15,0,1,,,,,,,,,,,,,,,,,,,,,,,,,,,,,,,,,,,,,,,,,,,,,,,,,,,,,,,,,,,,,,,,,,,,,,,,,,,,,,,,,,,,,,,,,,,,,,,,,,,,,,,,,,,,
,,,2025-08-11_11h48.11.270,CFMT_CCMT_Face_recognition,2023.2.3,Win32,60.24096386,5ed2717aec79fd1d3ca47d65,6899c7d7c4c961a016830ad3,6899c943d7b52add83833ffa,,,,,,,,,,,,,,,,,,,,,,,,,,,,,,,,,,,,,,,,,,,,,,855.2602,2.174715207,857.4262,,,,,,,,,,,,,,,,,,,,,,,,857.4262,858.6283,p,0,1.0585,,16,0,16,0,1,,,,,,,,,,,,,,,,,,,,,,,,,,,,,,,,,,,,,,,,,,,,,,,,,,,,,,,,,,,,,,,,,,,,,,,,,,,,,,,,,,,,,,,,,,,,,,,,,,,,,,,,,,,,
,,,2025-08-11_11h48.11.270,CFMT_CCMT_Face_recognition,2023.2.3,Win32,60.24096386,5ed2717aec79fd1d3ca47d65,6899c7d7c4c961a016830ad3,6899c943d7b52add83833ffa,,,,,,,,,,,,,,,,,,,,,,,,,,,,,,,,,,,,,,,,,,,,,,858.6288,2.065165843,860.6935,,,,,,,,,,,,,,,,,,,,,,,,860.6937,862.2921,p,1,1.139,,17,0,17,0,1,,,,,,,,,,,,,,,,,,,,,,,,,,,,,,,,,,,,,,,,,,,,,,,,,,,,,,,,,,,,,,,,,,,,,,,,,,,,,,,,,,,,,,,,,,,,,,,,,,,,,,,,,,,,
,,,2025-08-11_11h48.11.270,CFMT_CCMT_Face_recognition,2023.2.3,Win32,60.24096386,5ed2717aec79fd1d3ca47d65,6899c7d7c4c961a016830ad3,6899c943d7b52add83833ffa,,,,,,,,,,,,,,,,,,,,,,,,,,,,,,,,,,,,,,,,,,,,,,862.2924,2.399261695,864.6919,,,,,,,,,,,,,,,,,,,,,,,,864.692,865.6919,q,1,0.8625,,18,0,18,0,1,,,,,,,,,,,,,,,,,,,,,,,,,,,,,,,,,,,,,,,,,,,,,,,,,,,,,,,,,,,,,,,,,,,,,,,,,,,,,,,,,,,,,,,,,,,,,,,,,,,,,,,,,,,,
,,,2025-08-11_11h48.11.270,CFMT_CCMT_Face_recognition,2023.2.3,Win32,60.24096386,5ed2717aec79fd1d3ca47d65,6899c7d7c4c961a016830ad3,6899c943d7b52add83833ffa,,,,,,,,,,,,,,,,,,,,,,,,,,,,,,,,,,,,,,,,,,,,,,865.6923,2.435194564,868.1249,,,,,,,,,,,,,,,,,,,,,,,,868.1249,869.275,q,1,1.0101,,19,0,19,0,1,,,,,,,,,,,,,,,,,,,,,,,,,,,,,,,,,,,,,,,,,,,,,,,,,,,,,,,,,,,,,,,,,,,,,,,,,,,,,,,,,,,,,,,,,,,,,,,,,,,,,,,,,,,,
,,,2025-08-11_11h48.11.270,CFMT_CCMT_Face_recognition,2023.2.3,Win32,60.24096386,5ed2717aec79fd1d3ca47d65,6899c7d7c4c961a016830ad3,6899c943d7b52add83833ffa,,,,,,,,,,,,,,,,,,,,,,,,,,,,,,,,,,,,,,,,,,,,,,869.2753,2.143392167,871.408,,,,,,,,,,,,,,,,,,,,,,,,871.408,872.8421,p,0,1.2808,,20,0,20,0,1,,,,,,,,,,,,,,,,,,,,,,,,,,,,,,,,,,,,,,,,,,,,,,,,,,,,,,,,,,,,,,,,,,,,,,,,,,,,,,,,,,,,,,,,,,,,,,,,,,,,,,,,,,,,
,,,2025-08-11_11h48.11.270,CFMT_CCMT_Face_recognition,2023.2.3,Win32,60.24096386,5ed2717aec79fd1d3ca47d65,6899c7d7c4c961a016830ad3,6899c943d7b52add83833ffa,,,,,,,,,,,,,,,,,,,,,,,,,,,,,,,,,,,,,,,,,,,,,,872.8434,1.596214691,874.4423,,,,,,,,,,,,,,,,,,,,,,,,874.4425,875.9907,p,0,1.41,,21,0,21,0,1,,,,,,,,,,,,,,,,,,,,,,,,,,,,,,,,,,,,,,,,,,,,,,,,,,,,,,,,,,,,,,,,,,,,,,,,,,,,,,,,,,,,,,,,,,,,,,,,,,,,,,,,,,,,
,,,2025-08-11_11h48.11.270,CFMT_CCMT_Face_recognition,2023.2.3,Win32,60.24096386,5ed2717aec79fd1d3ca47d65,6899c7d7c4c961a016830ad3,6899c943d7b52add83833ffa,,,,,,,,,,,,,,,,,,,,,,,,,,,,,,,,,,,,,,,,,,,,,,875.991,1.651751113,877.6405,,,,,,,,,,,,,,,,,,,,,,,,877.6405,878.9749,p,0,1.1861,,22,0,22,0,1,,,,,,,,,,,,,,,,,,,,,,,,,,,,,,,,,,,,,,,,,,,,,,,,,,,,,,,,,,,,,,,,,,,,,,,,,,,,,,,,,,,,,,,,,,,,,,,,,,,,,,,,,,,,
,,,2025-08-11_11h48.11.270,CFMT_CCMT_Face_recognition,2023.2.3,Win32,60.24096386,5ed2717aec79fd1d3ca47d65,6899c7d7c4c961a016830ad3,6899c943d7b52add83833ffa,,,,,,,,,,,,,,,,,,,,,,,,,,,,,,,,,,,,,,,,,,,,,,878.9759,2.285889145,881.2596,,,,,,,,,,,,,,,,,,,,,,,,881.2596,882.0912,q,0,0.686,,23,0,23,0,1,,,,,,,,,,,,,,,,,,,,,,,,,,,,,,,,,,,,,,,,,,,,,,,,,,,,,,,,,,,,,,,,,,,,,,,,,,,,,,,,,,,,,,,,,,,,,,,,,,,,,,,,,,,,
,,,2025-08-11_11h48.11.270,CFMT_CCMT_Face_recognition,2023.2.3,Win32,60.24096386,5ed2717aec79fd1d3ca47d65,6899c7d7c4c961a016830ad3,6899c943d7b52add83833ffa,,,,,,,,,,,,,,,,,,,,,,,,,,,,,,,,,,,,,,,,,,,,,,882.0922,1.893604343,883.9788,,,,,,,,,,,,,,,,,,,,,,,,883.9788,884.891,q,0,0.764,,24,0,24,0,1,,,,,,,,,,,,,,,,,,,,,,,,,,,,,,,,,,,,,,,,,,,,,,,,,,,,,,,,,,,,,,,,,,,,,,,,,,,,,,,,,,,,,,,,,,,,,,,,,,,,,,,,,,,,
,,,2025-08-11_11h48.11.270,CFMT_CCMT_Face_recognition,2023.2.3,Win32,60.24096386,5ed2717aec79fd1d3ca47d65,6899c7d7c4c961a016830ad3,6899c943d7b52add83833ffa,,,,,,,,,,,,,,,,,,,,,,,,,,,,,,,,,,,,,,,,,,,,,,884.8919,1.620263183,886.506,,,,,,,,,,,,,,,,,,,,,,,,886.506,887.8078,q,0,1.1316,,25,0,25,0,1,,,,,,,,,,,,,,,,,,,,,,,,,,,,,,,,,,,,,,,,,,,,,,,,,,,,,,,,,,,,,,,,,,,,,,,,,,,,,,,,,,,,,,,,,,,,,,,,,,,,,,,,,,,,
,,,2025-08-11_11h48.11.270,CFMT_CCMT_Face_recognition,2023.2.3,Win32,60.24096386,5ed2717aec79fd1d3ca47d65,6899c7d7c4c961a016830ad3,6899c943d7b52add83833ffa,,,,,,,,,,,,,,,,,,,,,,,,,,,,,,,,,,,,,,,,,,,,,,887.8084,1.701074277,889.5069,,,,,,,,,,,,,,,,,,,,,,,,889.5071,890.9553,p,0,1.305,,26,0,26,0,1,,,,,,,,,,,,,,,,,,,,,,,,,,,,,,,,,,,,,,,,,,,,,,,,,,,,,,,,,,,,,,,,,,,,,,,,,,,,,,,,,,,,,,,,,,,,,,,,,,,,,,,,,,,,
,,,2025-08-11_11h48.11.270,CFMT_CCMT_Face_recognition,2023.2.3,Win32,60.24096386,5ed2717aec79fd1d3ca47d65,6899c7d7c4c961a016830ad3,6899c943d7b52add83833ffa,,,,,,,,,,,,,,,,,,,,,,,,,,,,,,,,,,,,,,,,,,,,,,890.9557,1.827534734,892.7718,,,,,,,,,,,,,,,,,,,,,,,,892.7719,894.5396,q,1,1.6158,,27,0,27,0,1,,,,,,,,,,,,,,,,,,,,,,,,,,,,,,,,,,,,,,,,,,,,,,,,,,,,,,,,,,,,,,,,,,,,,,,,,,,,,,,,,,,,,,,,,,,,,,,,,,,,,,,,,,,,
,,,2025-08-11_11h48.11.270,CFMT_CCMT_Face_recognition,2023.2.3,Win32,60.24096386,5ed2717aec79fd1d3ca47d65,6899c7d7c4c961a016830ad3,6899c943d7b52add83833ffa,,,,,,,,,,,,,,,,,,,,,,,,,,,,,,,,,,,,,,,,,,,,,,894.5406,1.701623955,896.2396,,,,,,,,,,,,,,,,,,,,,,,,896.2398,897.5394,p,1,1.1061,,28,0,28,0,1,,,,,,,,,,,,,,,,,,,,,,,,,,,,,,,,,,,,,,,,,,,,,,,,,,,,,,,,,,,,,,,,,,,,,,,,,,,,,,,,,,,,,,,,,,,,,,,,,,,,,,,,,,,,
,,,2025-08-11_11h48.11.270,CFMT_CCMT_Face_recognition,2023.2.3,Win32,60.24096386,5ed2717aec79fd1d3ca47d65,6899c7d7c4c961a016830ad3,6899c943d7b52add83833ffa,,,,,,,,,,,,,,,,,,,,,,,,,,,,,,,,,,,,,,,,,,,,,,897.5403,1.991966142,899.5225,,,,,,,,,,,,,,,,,,,,,,,,899.5227,900.829,p,1,1.1304,,29,0,29,0,1,,,,,,,,,,,,,,,,,,,,,,,,,,,,,,,,,,,,,,,,,,,,,,,,,,,,,,,,,,,,,,,,,,,,,,,,,,,,,,,,,,,,,,,,,,,,,,,,,,,,,,,,,,,,
,,,2025-08-11_11h48.11.270,CFMT_CCMT_Face_recognition,2023.2.3,Win32,60.24096386,5ed2717aec79fd1d3ca47d65,6899c7d7c4c961a016830ad3,6899c943d7b52add83833ffa,,,,,,,,,,,,,,,,,,,,,,,,,,,,,,,,,,,,,,,,,,,,,,900.8292,2.079034788,902.9052,,,,,,,,,,,,,,,,,,,,,,,,902.9055,904.1385,p,1,1.0468,,30,0,30,0,1,,,,,,,,,,,,,,,,,,,,,,,,,,,,,,,,,,,,,,,,,,,,,,,,,,,,,,,,,,,,,,,,,,,,,,,,,,,,,,,,,,,,,,,,,,,,,,,,,,,,,,,,,,,,
,,,2025-08-11_11h48.11.270,CFMT_CCMT_Face_recognition,2023.2.3,Win32,60.24096386,5ed2717aec79fd1d3ca47d65,6899c7d7c4c961a016830ad3,6899c943d7b52add83833ffa,,,,,,,,,,,,,,,,,,,,,,,,,,,,,,,,,,,,,,,,,,,,,,904.1396,1.884817904,906.0217,,,,,,,,,,,,,,,,,,,,,,,,906.0219,906.9034,q,1,0.7099,,31,0,31,0,1,,,,,,,,,,,,,,,,,,,,,,,,,,,,,,,,,,,,,,,,,,,,,,,,,,,,,,,,,,,,,,,,,,,,,,,,,,,,,,,,,,,,,,,,,,,,,,,,,,,,,,,,,,,,
,,,2025-08-11_11h48.11.270,CFMT_CCMT_Face_recognition,2023.2.3,Win32,60.24096386,5ed2717aec79fd1d3ca47d65,6899c7d7c4c961a016830ad3,6899c943d7b52add83833ffa,,,,,,,,,,,,,,,,,,,,,,,,,,,,,,,,,,,,,,,,,,,,,,906.9037,1.637836675,908.5366,,,,,,,,,,,,,,,,,,,,,,,,908.5366,909.9532,q,0,1.2827,,32,0,32,0,1,,,,,,,,,,,,,,,,,,,,,,,,,,,,,,,,,,,,,,,,,,,,,,,,,,,,,,,,,,,,,,,,,,,,,,,,,,,,,,,,,,,,,,,,,,,,,,,,,,,,,,,,,,,,
,,,2025-08-11_11h48.11.270,CFMT_CCMT_Face_recognition,2023.2.3,Win32,60.24096386,5ed2717aec79fd1d3ca47d65,6899c7d7c4c961a016830ad3,6899c943d7b52add83833ffa,,,,,,,,,,,,,,,,,,,,,,,,,,,,,,,,,,,,,,,,,,,,,,909.9543,1.802997595,911.753,,,,,,,,,,,,,,,,,,,,,,,,911.753,913.0359,q,1,1.1435,,33,0,33,0,1,,,,,,,,,,,,,,,,,,,,,,,,,,,,,,,,,,,,,,,,,,,,,,,,,,,,,,,,,,,,,,,,,,,,,,,,,,,,,,,,,,,,,,,,,,,,,,,,,,,,,,,,,,,,
,,,2025-08-11_11h48.11.270,CFMT_CCMT_Face_recognition,2023.2.3,Win32,60.24096386,5ed2717aec79fd1d3ca47d65,6899c7d7c4c961a016830ad3,6899c943d7b52add83833ffa,,,,,,,,,,,,,,,,,,,,,,,,,,,,,,,,,,,,,,,,,,,,,,913.0363,2.057459578,915.0857,,,,,,,,,,,,,,,,,,,,,,,,915.0857,916.3435,p,0,1.1121,,34,0,34,0,1,,,,,,,,,,,,,,,,,,,,,,,,,,,,,,,,,,,,,,,,,,,,,,,,,,,,,,,,,,,,,,,,,,,,,,,,,,,,,,,,,,,,,,,,,,,,,,,,,,,,,,,,,,,,
,,,2025-08-11_11h48.11.270,CFMT_CCMT_Face_recognition,2023.2.3,Win32,60.24096386,5ed2717aec79fd1d3ca47d65,6899c7d7c4c961a016830ad3,6899c943d7b52add83833ffa,,,,,,,,,,,,,,,,,,,,,,,,,,,,,,,,,,,,,,,,,,,,,,916.3438,2.348231566,918.6869,,,,,,,,,,,,,,,,,,,,,,,,918.687,919.8553,p,1,1.0256,,35,0,35,0,1,,,,,,,,,,,,,,,,,,,,,,,,,,,,,,,,,,,,,,,,,,,,,,,,,,,,,,,,,,,,,,,,,,,,,,,,,,,,,,,,,,,,,,,,,,,,,,,,,,,,,,,,,,,,
,,,2025-08-11_11h48.11.270,CFMT_CCMT_Face_recognition,2023.2.3,Win32,60.24096386,5ed2717aec79fd1d3ca47d65,6899c7d7c4c961a016830ad3,6899c943d7b52add83833ffa,,,,,,,,,,,,,,,,,,,,,,,,,,,,,,,,,,,,,,,,,,,,,,919.8556,2.407892317,922.2522,,,,,,,,,,,,,,,,,,,,,,,,922.2524,923.8517,p,0,1.45,,36,0,36,0,1,,,,,,,,,,,,,,,,,,,,,,,,,,,,,,,,,,,,,,,,,,,,,,,,,,,,,,,,,,,,,,,,,,,,,,,,,,,,,,,,,,,,,,,,,,,,,,,,,,,,,,,,,,,,
,,,2025-08-11_11h48.11.270,CFMT_CCMT_Face_recognition,2023.2.3,Win32,60.24096386,5ed2717aec79fd1d3ca47d65,6899c7d7c4c961a016830ad3,6899c943d7b52add83833ffa,,,,,,,,,,,,,,,,,,,,,,,,,,,,,,,,,,,,,,,,,,,,,,923.8534,2.017855133,925.8686,,,,,,,,,,,,,,,,,,,,,,,,925.8687,927.1676,p,0,1.1546,,37,0,37,0,1,,,,,,,,,,,,,,,,,,,,,,,,,,,,,,,,,,,,,,,,,,,,,,,,,,,,,,,,,,,,,,,,,,,,,,,,,,,,,,,,,,,,,,,,,,,,,,,,,,,,,,,,,,,,
,,,2025-08-11_11h48.11.270,CFMT_CCMT_Face_recognition,2023.2.3,Win32,60.24096386,5ed2717aec79fd1d3ca47d65,6899c7d7c4c961a016830ad3,6899c943d7b52add83833ffa,,,,,,,,,,,,,,,,,,,,,,,,,,,,,,,,,,,,,,,,,,,,,,927.1679,2.42565304,929.5839,,,,,,,,,,,,,,,,,,,,,,,,929.5839,931.0837,p,1,1.3561,,38,0,38,0,1,,,,,,,,,,,,,,,,,,,,,,,,,,,,,,,,,,,,,,,,,,,,,,,,,,,,,,,,,,,,,,,,,,,,,,,,,,,,,,,,,,,,,,,,,,,,,,,,,,,,,,,,,,,,
,,,2025-08-11_11h48.11.270,CFMT_CCMT_Face_recognition,2023.2.3,Win32,60.24096386,5ed2717aec79fd1d3ca47d65,6899c7d7c4c961a016830ad3,6899c943d7b52add83833ffa,,,,,,,,,,,,,,,,,,,,,,,,,,,,,,,,,,,,,,,,,,,,,,931.0841,1.971426137,933.0501,,,,,,,,,,,,,,,,,,,,,,,,933.0501,934.2413,q,0,1.0488,,39,0,39,0,1,,,,,,,,,,,,,,,,,,,,,,,,,,,,,,,,,,,,,,,,,,,,,,,,,,,,,,,,,,,,,,,,,,,,,,,,,,,,,,,,,,,,,,,,,,,,,,,,,,,,,,,,,,,,
,,,2025-08-11_11h48.11.270,CFMT_CCMT_Face_recognition,2023.2.3,Win32,60.24096386,5ed2717aec79fd1d3ca47d65,6899c7d7c4c961a016830ad3,6899c943d7b52add83833ffa,,,,,,,,,,,,,,,,,,,,,,,,,,,,,,,,,,,,,,,,,,,,,,934.2415,2.27279047,936.5182,,,,,,,,,,,,,,,,,,,,,,,,936.5183,937.6677,q,1,0.9992,,40,0,40,0,1,,,,,,,,,,,,,,,,,,,,,,,,,,,,,,,,,,,,,,,,,,,,,,,,,,,,,,,,,,,,,,,,,,,,,,,,,,,,,,,,,,,,,,,,,,,,,,,,,,,,,,,,,,,,
,,,2025-08-11_11h48.11.270,CFMT_CCMT_Face_recognition,2023.2.3,Win32,60.24096386,5ed2717aec79fd1d3ca47d65,6899c7d7c4c961a016830ad3,6899c943d7b52add83833ffa,,,,,,,,,,,,,,,,,,,,,,,,,,,,,,,,,,,,,,,,,,,,,,937.6688,1.611691789,939.2843,,,,,,,,,,,,,,,,,,,,,,,,939.2846,940.4325,p,1,0.9972,,41,0,41,0,1,,,,,,,,,,,,,,,,,,,,,,,,,,,,,,,,,,,,,,,,,,,,,,,,,,,,,,,,,,,,,,,,,,,,,,,,,,,,,,,,,,,,,,,,,,,,,,,,,,,,,,,,,,,,
,,,2025-08-11_11h48.11.270,CFMT_CCMT_Face_recognition,2023.2.3,Win32,60.24096386,5ed2717aec79fd1d3ca47d65,6899c7d7c4c961a016830ad3,6899c943d7b52add83833ffa,,,,,,,,,,,,,,,,,,,,,,,,,,,,,,,,,,,,,,,,,,,,,,940.4329,2.056409042,942.4823,,,,,,,,,,,,,,,,,,,,,,,,942.4823,943.7993,q,1,1.1713,,42,0,42,0,1,,,,,,,,,,,,,,,,,,,,,,,,,,,,,,,,,,,,,,,,,,,,,,,,,,,,,,,,,,,,,,,,,,,,,,,,,,,,,,,,,,,,,,,,,,,,,,,,,,,,,,,,,,,,
,,,2025-08-11_11h48.11.270,CFMT_CCMT_Face_recognition,2023.2.3,Win32,60.24096386,5ed2717aec79fd1d3ca47d65,6899c7d7c4c961a016830ad3,6899c943d7b52add83833ffa,,,,,,,,,,,,,,,,,,,,,,,,,,,,,,,,,,,,,,,,,,,,,,943.8011,1.518554281,945.3171,,,,,,,,,,,,,,,,,,,,,,,,945.3173,946.6317,p,0,1.1743,,43,0,43,0,1,,,,,,,,,,,,,,,,,,,,,,,,,,,,,,,,,,,,,,,,,,,,,,,,,,,,,,,,,,,,,,,,,,,,,,,,,,,,,,,,,,,,,,,,,,,,,,,,,,,,,,,,,,,,
,,,2025-08-11_11h48.11.270,CFMT_CCMT_Face_recognition,2023.2.3,Win32,60.24096386,5ed2717aec79fd1d3ca47d65,6899c7d7c4c961a016830ad3,6899c943d7b52add83833ffa,,,,,,,,,,,,,,,,,,,,,,,,,,,,,,,,,,,,,,,,,,,,,,946.632,2.372809212,948.9981,,,,,,,,,,,,,,,,,,,,,,,,948.9981,950.0312,p,1,0.891,,44,0,44,0,1,,,,,,,,,,,,,,,,,,,,,,,,,,,,,,,,,,,,,,,,,,,,,,,,,,,,,,,,,,,,,,,,,,,,,,,,,,,,,,,,,,,,,,,,,,,,,,,,,,,,,,,,,,,,
,,,2025-08-11_11h48.11.270,CFMT_CCMT_Face_recognition,2023.2.3,Win32,60.24096386,5ed2717aec79fd1d3ca47d65,6899c7d7c4c961a016830ad3,6899c943d7b52add83833ffa,,,,,,,,,,,,,,,,,,,,,,,,,,,,,,,,,,,,,,,,,,,,,,950.0315,1.657826776,951.6811,,,,,,,,,,,,,,,,,,,,,,,,951.6811,953.0889,p,0,1.2657,,45,0,45,0,1,,,,,,,,,,,,,,,,,,,,,,,,,,,,,,,,,,,,,,,,,,,,,,,,,,,,,,,,,,,,,,,,,,,,,,,,,,,,,,,,,,,,,,,,,,,,,,,,,,,,,,,,,,,,
,,,2025-08-11_11h48.11.270,CFMT_CCMT_Face_recognition,2023.2.3,Win32,60.24096386,5ed2717aec79fd1d3ca47d65,6899c7d7c4c961a016830ad3,6899c943d7b52add83833ffa,,,,,,,,,,,,,,,,,,,,,,,,,,,,,,,,,,,,,,,,,,,,,,953.0893,2.010043437,955.0985,,,,,,,,,,,,,,,,,,,,,,,,955.0988,956.2486,q,1,0.9995,,46,0,46,0,1,,,,,,,,,,,,,,,,,,,,,,,,,,,,,,,,,,,,,,,,,,,,,,,,,,,,,,,,,,,,,,,,,,,,,,,,,,,,,,,,,,,,,,,,,,,,,,,,,,,,,,,,,,,,
,,,2025-08-11_11h48.11.270,CFMT_CCMT_Face_recognition,2023.2.3,Win32,60.24096386,5ed2717aec79fd1d3ca47d65,6899c7d7c4c961a016830ad3,6899c943d7b52add83833ffa,,,,,,,,,,,,,,,,,,,,,,,,,,,,,,,,,,,,,,,,,,,,,,956.2496,2.284251974,958.5317,,,,,,,,,,,,,,,,,,,,,,,,958.532,959.6467,q,1,0.9706,,47,0,47,0,1,,,,,,,,,,,,,,,,,,,,,,,,,,,,,,,,,,,,,,,,,,,,,,,,,,,,,,,,,,,,,,,,,,,,,,,,,,,,,,,,,,,,,,,,,,,,,,,,,,,,,,,,,,,,
,,,2025-08-11_11h48.11.270,CFMT_CCMT_Face_recognition,2023.2.3,Win32,60.24096386,5ed2717aec79fd1d3ca47d65,6899c7d7c4c961a016830ad3,6899c943d7b52add83833ffa,,,,,,,,,,,,,,,,,,,,,,,,,,,,,,,,,,,,,,,,,,,,,,959.6471,2.025681114,961.6632,,,,,,,,,,,,,,,,,,,,,,,,961.6633,962.9311,p,1,1.0945,,48,0,48,0,1,,,,,,,,,,,,,,,,,,,,,,,,,,,,,,,,,,,,,,,,,,,,,,,,,,,,,,,,,,,,,,,,,,,,,,,,,,,,,,,,,,,,,,,,,,,,,,,,,,,,,,,,,,,,
,,,2025-08-11_11h48.11.270,CFMT_CCMT_Face_recognition,2023.2.3,Win32,60.24096386,5ed2717aec79fd1d3ca47d65,6899c7d7c4c961a016830ad3,6899c943d7b52add83833ffa,,,,,,,,,,,,,,,,,,,,,,,,,,,,,,,,,,,,,,,,,,,,,,962.9321,1.572178526,964.5021,,,,,,,,,,,,,,,,,,,,,,,,964.5022,965.7471,q,1,1.1,,49,0,49,0,1,,,,,,,,,,,,,,,,,,,,,,,,,,,,,,,,,,,,,,,,,,,,,,,,,,,,,,,,,,,,,,,,,,,,,,,,,,,,,,,,,,,,,,,,,,,,,,,,,,,,,,,,,,,,
,,,2025-08-11_11h48.11.270,CFMT_CCMT_Face_recognition,2023.2.3,Win32,60.24096386,5ed2717aec79fd1d3ca47d65,6899c7d7c4c961a016830ad3,6899c943d7b52add83833ffa,,,,,,,,,,,,,,,,,,,,,,,,,,,,,,,,,,,,,,,,,,,,,,965.7485,2.058535111,967.7978,,,,,,,,,,,,,,,,,,,,,,,,967.798,968.829,p,1,0.8918,,50,0,50,0,1,,,,,,,,,,,,,,,,,,,,,,,,,,,,,,,,,,,,,,,,,,,,,,,,,,,,,,,,,,,,,,,,,,,,,,,,,,,,,,,,,,,,,,,,,,,,,,,,,,,,,,,,,,,,
,,,2025-08-11_11h48.11.270,CFMT_CCMT_Face_recognition,2023.2.3,Win32,60.24096386,5ed2717aec79fd1d3ca47d65,6899c7d7c4c961a016830ad3,6899c943d7b52add83833ffa,,,,,,,,,,,,,,,,,,,,,,,,,,,,,,,,,,,,,,,,,,,,,,968.8293,1.717383107,970.5454,,,,,,,,,,,,,,,,,,,,,,,,970.5454,971.6533,p,0,0.9639,,51,0,51,0,1,,,,,,,,,,,,,,,,,,,,,,,,,,,,,,,,,,,,,,,,,,,,,,,,,,,,,,,,,,,,,,,,,,,,,,,,,,,,,,,,,,,,,,,,,,,,,,,,,,,,,,,,,,,,
,,,2025-08-11_11h48.11.270,CFMT_CCMT_Face_recognition,2023.2.3,Win32,60.24096386,5ed2717aec79fd1d3ca47d65,6899c7d7c4c961a016830ad3,6899c943d7b52add83833ffa,,,,,,,,,,,,,,,,,,,,,,,,,,,,,,,,,,,,,,,,,,,,,,971.6535,2.325481703,973.9798,,,,,,,,,,,,,,,,,,,,,,,,973.98,975.2614,p,1,1.1037,,52,0,52,0,1,,,,,,,,,,,,,,,,,,,,,,,,,,,,,,,,,,,,,,,,,,,,,,,,,,,,,,,,,,,,,,,,,,,,,,,,,,,,,,,,,,,,,,,,,,,,,,,,,,,,,,,,,,,,
,,,2025-08-11_11h48.11.270,CFMT_CCMT_Face_recognition,2023.2.3,Win32,60.24096386,5ed2717aec79fd1d3ca47d65,6899c7d7c4c961a016830ad3,6899c943d7b52add83833ffa,,,,,,,,,,,,,,,,,,,,,,,,,,,,,,,,,,,,,,,,,,,,,,975.2619,2.018297836,977.2778,,,,,,,,,,,,,,,,,,,,,,,,977.2779,978.6195,p,1,1.1983,,53,0,53,0,1,,,,,,,,,,,,,,,,,,,,,,,,,,,,,,,,,,,,,,,,,,,,,,,,,,,,,,,,,,,,,,,,,,,,,,,,,,,,,,,,,,,,,,,,,,,,,,,,,,,,,,,,,,,,
,,,2025-08-11_11h48.11.270,CFMT_CCMT_Face_recognition,2023.2.3,Win32,60.24096386,5ed2717aec79fd1d3ca47d65,6899c7d7c4c961a016830ad3,6899c943d7b52add83833ffa,,,,,,,,,,,,,,,,,,,,,,,,,,,,,,,,,,,,,,,,,,,,,,978.6198,1.745921652,980.3622,,,,,,,,,,,,,,,,,,,,,,,,980.3624,981.4796,q,1,0.9643,,54,0,54,0,1,,,,,,,,,,,,,,,,,,,,,,,,,,,,,,,,,,,,,,,,,,,,,,,,,,,,,,,,,,,,,,,,,,,,,,,,,,,,,,,,,,,,,,,,,,,,,,,,,,,,,,,,,,,,
,,,2025-08-11_11h48.11.270,CFMT_CCMT_Face_recognition,2023.2.3,Win32,60.24096386,5ed2717aec79fd1d3ca47d65,6899c7d7c4c961a016830ad3,6899c943d7b52add83833ffa,,,,,,,,,,,,,,,,,,,,,,,,,,,,,,,,,,,,,,,,,,,,,,981.4801,1.575836805,983.0445,,,,,,,,,,,,,,,,,,,,,,,,983.0448,984.4111,p,1,1.221,,55,0,55,0,1,,,,,,,,,,,,,,,,,,,,,,,,,,,,,,,,,,,,,,,,,,,,,,,,,,,,,,,,,,,,,,,,,,,,,,,,,,,,,,,,,,,,,,,,,,,,,,,,,,,,,,,,,,,,
,,,2025-08-11_11h48.11.270,CFMT_CCMT_Face_recognition,2023.2.3,Win32,60.24096386,5ed2717aec79fd1d3ca47d65,6899c7d7c4c961a016830ad3,6899c943d7b52add83833ffa,,,,,,,,,,,,,,,,,,,,,,,,,,,,,,,,,,,,,,,,,,,,,,984.4126,1.73406602,986.1462,,,,,,,,,,,,,,,,,,,,,,,,986.1463,987.1105,q,1,0.8141,,56,0,56,0,1,,,,,,,,,,,,,,,,,,,,,,,,,,,,,,,,,,,,,,,,,,,,,,,,,,,,,,,,,,,,,,,,,,,,,,,,,,,,,,,,,,,,,,,,,,,,,,,,,,,,,,,,,,,,
,,,2025-08-11_11h48.11.270,CFMT_CCMT_Face_recognition,2023.2.3,Win32,60.24096386,5ed2717aec79fd1d3ca47d65,6899c7d7c4c961a016830ad3,6899c943d7b52add83833ffa,,,,,,,,,,,,,,,,,,,,,,,,,,,,,,,,,,,,,,,,,,,,,,987.1122,2.095548235,989.2106,,,,,,,,,,,,,,,,,,,,,,,,989.2107,991.0438,q,1,1.6794,,57,0,57,0,1,,,,,,,,,,,,,,,,,,,,,,,,,,,,,,,,,,,,,,,,,,,,,,,,,,,,,,,,,,,,,,,,,,,,,,,,,,,,,,,,,,,,,,,,,,,,,,,,,,,,,,,,,,,,
,,,2025-08-11_11h48.11.270,CFMT_CCMT_Face_recognition,2023.2.3,Win32,60.24096386,5ed2717aec79fd1d3ca47d65,6899c7d7c4c961a016830ad3,6899c943d7b52add83833ffa,,,,,,,,,,,,,,,,,,,,,,,,,,,,,,,,,,,,,,,,,,,,,,991.0451,1.779426204,992.8275,,,,,,,,,,,,,,,,,,,,,,,,992.8277,994.3935,p,1,1.4155,,58,0,58,0,1,,,,,,,,,,,,,,,,,,,,,,,,,,,,,,,,,,,,,,,,,,,,,,,,,,,,,,,,,,,,,,,,,,,,,,,,,,,,,,,,,,,,,,,,,,,,,,,,,,,,,,,,,,,,
,,,2025-08-11_11h48.11.270,CFMT_CCMT_Face_recognition,2023.2.3,Win32,60.24096386,5ed2717aec79fd1d3ca47d65,6899c7d7c4c961a016830ad3,6899c943d7b52add83833ffa,,,,,,,,,,,,,,,,,,,,,,,,,,,,,,,,,,,,,,,,,,,,,,994.3948,1.706655969,996.0936,,,,,,,,,,,,,,,,,,,,,,,,996.0938,997.342,q,0,1.1065,,59,0,59,0,1,,,,,,,,,,,,,,,,,,,,,,,,,,,,,,,,,,,,,,,,,,,,,,,,,,,,,,,,,,,,,,,,,,,,,,,,,,,,,,,,,,,,,,,,,,,,,,,,,,,,,,,,,,,,
,,,2025-08-11_11h48.11.270,CFMT_CCMT_Face_recognition,2023.2.3,Win32,60.24096386,5ed2717aec79fd1d3ca47d65,6899c7d7c4c961a016830ad3,6899c943d7b52add83833ffa,,,,,,,,,,,,,,,,,,,,,,,,,,,,,,,,,,,,,,,,,,,,,,,,,,,,,,,,,,,,,,,,,,,,,,,,,,,,,,,,,,,997.3421,997.3423,,,,997.3426,1017.3419,,,,,,,,,,,,,,,,,,,,,,,,,,,,,,,,,,,,,,,,,,,,,,,,,,,,,,,,,,,,,,,,,,,,,,,,,,,,,,,,,,,,,,,,,,,,,,,,,,,,,
,,,2025-08-11_11h48.11.270,CFMT_CCMT_Face_recognition,2023.2.3,Win32,60.24096386,5ed2717aec79fd1d3ca47d65,6899c7d7c4c961a016830ad3,6899c943d7b52add83833ffa,,,,,,,,,,,,,,,,,,,,,,,,,,,,,,,,,,,,,,,,,,,,,,,,,,,,,,,,,,,,,,,,,,,,,,,,,,,,,,,,,,,,,,,,,,1017.3639,1020.3894,1020.3896,1030.057,1030.065,1033.0545,1033.0546,1033.5544,0,0,0,0,1,stimuli/bart_left.jpg,,,,,,,,,,,,,,,,,,,,,,,,,,,,,,,,,,,,,,,,,,,,,,,,,,,,,,,,,,,,,,,,,,,,,,,,,,,,,,,,,,,,,,,
,,,2025-08-11_11h48.11.270,CFMT_CCMT_Face_recognition,2023.2.3,Win32,60.24096386,5ed2717aec79fd1d3ca47d65,6899c7d7c4c961a016830ad3,6899c943d7b52add83833ffa,,,,,,,,,,,,,,,,,,,,,,,,,,,,,,,,,,,,,,,,,,,,,,,,,,,,,,,,,,,,,,,,,,,,,,,,,,,,,,,,,,,,,,,,,,,,,,1033.5549,1036.5599,1036.56,1037.0556,0,1,1,1,1,stimuli/bart_straight.jpg,,,,,,,,,,,,,,,,,,,,,,,,,,,,,,,,,,,,,,,,,,,,,,,,,,,,,,,,,,,,,,,,,,,,,,,,,,,,,,,,,,,,,,,
,,,2025-08-11_11h48.11.270,CFMT_CCMT_Face_recognition,2023.2.3,Win32,60.24096386,5ed2717aec79fd1d3ca47d65,6899c7d7c4c961a016830ad3,6899c943d7b52add83833ffa,,,,,,,,,,,,,,,,,,,,,,,,,,,,,,,,,,,,,,,,,,,,,,,,,,,,,,,,,,,,,,,,,,,,,,,,,,,,,,,,,,,,,,,,,,,,,,1037.0563,1040.0556,1040.0556,1040.5548,0,2,2,2,1,stimuli/bart_right.jpg,,,,,,,,,,,,,,,,,,,,,,,,,,,,,,,,,,,,,,,,,,,,,,,,,,,,,,,,,,,,,,,,,,,,,,,,,,,,,,,,,,,,,,,
,,,2025-08-11_11h48.11.270,CFMT_CCMT_Face_recognition,2023.2.3,Win32,60.24096386,5ed2717aec79fd1d3ca47d65,6899c7d7c4c961a016830ad3,6899c943d7b52add83833ffa,,,,,,,,,,,,,,,,,,,,,,,,,,,,,,,,,,,,,,,,,,,,,,,,,,,,,,,,,,,,,,,,,,,,,,,,,,,,,,,,,,,,,,,,,,,,,,,,1046.455,1046.9533,,,,,,,1040.5599,1046.4549,1,1,5.8898,,0,0,0,0,1,stimuli/pract_left.jpg,1,,,,,,,,,,,,,,,,,,,,,,,,,,,,,,,,,,,,,,,,,,,,,,,,,,,,,,,,,,,,,,,,,,,,,,,,,,
,,,2025-08-11_11h48.11.270,CFMT_CCMT_Face_recognition,2023.2.3,Win32,60.24096386,5ed2717aec79fd1d3ca47d65,6899c7d7c4c961a016830ad3,6899c943d7b52add83833ffa,,,,,,,,,,,,,,,,,,,,,,,,,,,,,,,,,,,,,,,,,,,,,,,,,,,,,,,,,,,,,,,,,,,,,,,,,,,,,,,,,,,,,,,,,,,,,,,,1053.6039,1054.1032,,,,,,,1046.9551,1053.6038,2,1,6.6453,,0,1,1,1,1,stimuli/pract_right.jpg,2,,,,,,,,,,,,,,,,,,,,,,,,,,,,,,,,,,,,,,,,,,,,,,,,,,,,,,,,,,,,,,,,,,,,,,,,,,
,,,2025-08-11_11h48.11.270,CFMT_CCMT_Face_recognition,2023.2.3,Win32,60.24096386,5ed2717aec79fd1d3ca47d65,6899c7d7c4c961a016830ad3,6899c943d7b52add83833ffa,,,,,,,,,,,,,,,,,,,,,,,,,,,,,,,,,,,,,,,,,,,,,,,,,,,,,,,,,,,,,,,,,,,,,,,,,,,,,,,,,,,,,,,,,,,,,,,,1056.9198,1057.4194,,,,,,,1054.1041,1056.9193,2,1,2.8115,,0,2,2,2,1,stimuli/pract_straight.jpg,2,,,,,,,,,,,,,,,,,,,,,,,,,,,,,,,,,,,,,,,,,,,,,,,,,,,,,,,,,,,,,,,,,,,,,,,,,,
,,,2025-08-11_11h48.11.270,CFMT_CCMT_Face_recognition,2023.2.3,Win32,60.24096386,5ed2717aec79fd1d3ca47d65,6899c7d7c4c961a016830ad3,6899c943d7b52add83833ffa,,,,,,,,,,,,,,,,,,,,,,,,,,,,,,,,,,,,,,,,,,,,,,,,,,,,,,,,,,,,,,,,,,,,,,,,,,,,,,,,,,,,,,,,,,,,,,,,1072.4185,1072.9178,,,,,,,,,,,,,,,,,,,,1057.4203,1065.817,1065.823,1068.9166,1069.4167,1072.4184,0,0,0,0,1,stimuli/Bob_left_study.jpg,stimuli/B1_Identical_Left.jpg,2,,,,,,,,,,,,,,,,,,,,,,,,,,,,,,,,,,,,,,,,,,,,,,,,,,,,,,,,,,,,
,,,2025-08-11_11h48.11.270,CFMT_CCMT_Face_recognition,2023.2.3,Win32,60.24096386,5ed2717aec79fd1d3ca47d65,6899c7d7c4c961a016830ad3,6899c943d7b52add83833ffa,,,,,,,,,,,,,,,,,,,,,,,,,,,,,,,,,,,,,,,,,,,,,,,,,,,,,,,,,,,,,,,,,,,,,,,,,,,,,,,,,,,,,,,,,,,,,,,,1076.4177,1076.917,,,,,,,,,,,,,,,,,,,,,,,,1073.4178,1076.4175,0,1,1,1,1,stimuli/Bob_frontal_study.jpg,stimuli/B2_Identical_Frontal.jpg,2,,,,,,,,,,,,,,,,,,,,,,,,,,,,,,,,,,,,,,,,,,,,,,,,,,,,,,,,,,,,
,,,2025-08-11_11h48.11.270,CFMT_CCMT_Face_recognition,2023.2.3,Win32,60.24096386,5ed2717aec79fd1d3ca47d65,6899c7d7c4c961a016830ad3,6899c943d7b52add83833ffa,,,,,,,,,,,,,,,,,,,,,,,,,,,,,,,,,,,,,,,,,,,,,,,,,,,,,,,,,,,,,,,,,,,,,,,,,,,,,,,,,,,,,,,,,,,,,,,,1080.4171,1080.9164,,,,,,,,,,,,,,,,,,,,,,,,1077.4171,1080.4169,0,2,2,2,1,stimuli/Bob_right_study.jpg,stimuli/B3_Identical_Right.jpg,3,,,,,,,,,,,,,,,,,,,,,,,,,,,,,,,,,,,,,,,,,,,,,,,,,,,,,,,,,,,,
,,,2025-08-11_11h48.11.270,CFMT_CCMT_Face_recognition,2023.2.3,Win32,60.24096386,5ed2717aec79fd1d3ca47d65,6899c7d7c4c961a016830ad3,6899c943d7b52add83833ffa,,,,,,,,,,,,,,,,,,,,,,,,,,,,,,,,,,,,,,,,,,,,,,,,,,,,,,,,,,,,,,,,,,,,,,,,,,,,,,,,,,,,,,,,,,,,,,,,1090.8975,1091.3969,,,,,,,,,,,,,,,,,,,,,,,,,,,,,,,stimuli/Bob_left_study.jpg,stimuli/B1_Identical_Left.jpg,2,1080.9205,1090.8974,2,1,9.9183,,0,0,0,0,1,,,,,,,,,,,,,,,,,,,,,,,,,,,,,,,,,,,,,,,,,,,,,,,,,
,,,2025-08-11_11h48.11.270,CFMT_CCMT_Face_recognition,2023.2.3,Win32,60.24096386,5ed2717aec79fd1d3ca47d65,6899c7d7c4c961a016830ad3,6899c943d7b52add83833ffa,,,,,,,,,,,,,,,,,,,,,,,,,,,,,,,,,,,,,,,,,,,,,,,,,,,,,,,,,,,,,,,,,,,,,,,,,,,,,,,,,,,,,,,,,,,,,,,,1096.4318,1096.9314,,,,,,,,,,,,,,,,,,,,,,,,,,,,,,,stimuli/Bob_frontal_study.jpg,stimuli/B2_Identical_Frontal.jpg,2,1091.3976,1096.4318,3,0,4.983,,0,1,1,1,1,,,,,,,,,,,,,,,,,,,,,,,,,,,,,,,,,,,,,,,,,,,,,,,,,
,,,2025-08-11_11h48.11.270,CFMT_CCMT_Face_recognition,2023.2.3,Win32,60.24096386,5ed2717aec79fd1d3ca47d65,6899c7d7c4c961a016830ad3,6899c943d7b52add83833ffa,,,,,,,,,,,,,,,,,,,,,,,,,,,,,,,,,,,,,,,,,,,,,,,,,,,,,,,,,,,,,,,,,,,,,,,,,,,,,,,,,,,,,,,,,,,,,,,,1100.2142,1100.7139,,,,,,,,,,,,,,,,,,,,,,,,,,,,,,,stimuli/Bob_right_study.jpg,stimuli/B3_Identical_Right.jpg,3,1096.9322,1100.2137,3,1,3.2555,,0,2,2,2,1,,,,,,,,,,,,,,,,,,,,,,,,,,,,,,,,,,,,,,,,,,,,,,,,,
,,,2025-08-11_11h48.11.270,CFMT_CCMT_Face_recognition,2023.2.3,Win32,60.24096386,5ed2717aec79fd1d3ca47d65,6899c7d7c4c961a016830ad3,6899c943d7b52add83833ffa,,,,,,,,,,,,,,,,,,,,,,,,,,,,,,,,,,,,,,,,,,,,,,,,,,,,,,,,,,,,,,,,,,,,,,,,,,,,,,,,,,,,,,,,,,,,,,,,1106.0451,1106.545,,,,,,,,,,,,,,,,,,,,,,1100.7151,1102.5467,1103.0474,1106.0451,0,0,0,0,1,stimuli/Dan_Left_Study.jpg,stimuli/D1_Identical_Left.jpg,2,,,,,,,,,,,,,,,,,,,,,,,,,,,,,,,,,,,,,,,,,,,,,,,,,,,,,,,,,,,,
,,,2025-08-11_11h48.11.270,CFMT_CCMT_Face_recognition,2023.2.3,Win32,60.24096386,5ed2717aec79fd1d3ca47d65,6899c7d7c4c961a016830ad3,6899c943d7b52add83833ffa,,,,,,,,,,,,,,,,,,,,,,,,,,,,,,,,,,,,,,,,,,,,,,,,,,,,,,,,,,,,,,,,,,,,,,,,,,,,,,,,,,,,,,,,,,,,,,,,1110.0445,1110.5445,,,,,,,,,,,,,,,,,,,,,,,,1107.045,1110.0445,0,1,1,1,1,stimuli/Dan_frontal_study.jpg,stimuli/D2_Identical_Frontal.jpg,3,,,,,,,,,,,,,,,,,,,,,,,,,,,,,,,,,,,,,,,,,,,,,,,,,,,,,,,,,,,,
,,,2025-08-11_11h48.11.270,CFMT_CCMT_Face_recognition,2023.2.3,Win32,60.24096386,5ed2717aec79fd1d3ca47d65,6899c7d7c4c961a016830ad3,6899c943d7b52add83833ffa,,,,,,,,,,,,,,,,,,,,,,,,,,,,,,,,,,,,,,,,,,,,,,,,,,,,,,,,,,,,,,,,,,,,,,,,,,,,,,,,,,,,,,,,,,,,,,,,1114.0441,1114.5439,,,,,,,,,,,,,,,,,,,,,,,,1111.0444,1114.0441,0,2,2,2,1,stimuli/Dan_Right_Frontal.jpg,stimuli/D3_Identical_Right.jpg,3,,,,,,,,,,,,,,,,,,,,,,,,,,,,,,,,,,,,,,,,,,,,,,,,,,,,,,,,,,,,
,,,2025-08-11_11h48.11.270,CFMT_CCMT_Face_recognition,2023.2.3,Win32,60.24096386,5ed2717aec79fd1d3ca47d65,6899c7d7c4c961a016830ad3,6899c943d7b52add83833ffa,,,,,,,,,,,,,,,,,,,,,,,,,,,,,,,,,,,,,,,,,,,,,,,,,,,,,,,,,,,,,,,,,,,,,,,,,,,,,,,,,,,,,,,,,,,,,,,,1117.627,1118.1268,,,,,,,,,,,,,,,,,,,,,,,,,,,,,,,stimuli/Dan_Left_Study.jpg,stimuli/D1_Identical_Left.jpg,2,1114.5491,1117.6269,2,1,3.0574,,0,0,0,0,1,,,,,,,,,,,,,,,,,,,,,,,,,,,,,,,,,,,,,,,,,,,,,,,,,
,,,2025-08-11_11h48.11.270,CFMT_CCMT_Face_recognition,2023.2.3,Win32,60.24096386,5ed2717aec79fd1d3ca47d65,6899c7d7c4c961a016830ad3,6899c943d7b52add83833ffa,,,,,,,,,,,,,,,,,,,,,,,,,,,,,,,,,,,,,,,,,,,,,,,,,,,,,,,,,,,,,,,,,,,,,,,,,,,,,,,,,,,,,,,,,,,,,,,,1124.4928,1124.9926,,,,,,,,,,,,,,,,,,,,,,,,,,,,,,,stimuli/Dan_frontal_study.jpg,stimuli/D2_Identical_Frontal.jpg,3,1118.1272,1124.4927,3,1,6.3462,,0,1,1,1,1,,,,,,,,,,,,,,,,,,,,,,,,,,,,,,,,,,,,,,,,,,,,,,,,,
,,,2025-08-11_11h48.11.270,CFMT_CCMT_Face_recognition,2023.2.3,Win32,60.24096386,5ed2717aec79fd1d3ca47d65,6899c7d7c4c961a016830ad3,6899c943d7b52add83833ffa,,,,,,,,,,,,,,,,,,,,,,,,,,,,,,,,,,,,,,,,,,,,,,,,,,,,,,,,,,,,,,,,,,,,,,,,,,,,,,,,,,,,,,,,,,,,,,,,1129.4426,1129.9421,,,,,,,,,,,,,,,,,,,,,,,,,,,,,,,stimuli/Dan_Right_Frontal.jpg,stimuli/D3_Identical_Right.jpg,3,1124.9931,1129.4426,3,1,4.4276,,0,2,2,2,1,,,,,,,,,,,,,,,,,,,,,,,,,,,,,,,,,,,,,,,,,,,,,,,,,
,,,2025-08-11_11h48.11.270,CFMT_CCMT_Face_recognition,2023.2.3,Win32,60.24096386,5ed2717aec79fd1d3ca47d65,6899c7d7c4c961a016830ad3,6899c943d7b52add83833ffa,,,,,,,,,,,,,,,,,,,,,,,,,,,,,,,,,,,,,,,,,,,,,,,,,,,,,,,,,,,,,,,,,,,,,,,,,,,,,,,,,,,,,,,,,,,,,,,,1134.9915,1135.4913,,,,,,,,,,,,,,,,,,,,,,1129.9424,1131.4918,1131.9917,1134.9915,0,0,0,0,1,stimuli/Jim_left.jpg,stimuli/J_1_Iden_L.jpg,3,,,,,,,,,,,,,,,,,,,,,,,,,,,,,,,,,,,,,,,,,,,,,,,,,,,,,,,,,,,,
,,,2025-08-11_11h48.11.270,CFMT_CCMT_Face_recognition,2023.2.3,Win32,60.24096386,5ed2717aec79fd1d3ca47d65,6899c7d7c4c961a016830ad3,6899c943d7b52add83833ffa,,,,,,,,,,,,,,,,,,,,,,,,,,,,,,,,,,,,,,,,,,,,,,,,,,,,,,,,,,,,,,,,,,,,,,,,,,,,,,,,,,,,,,,,,,,,,,,,1138.991,1139.4908,,,,,,,,,,,,,,,,,,,,,,,,1135.9913,1138.9909,0,1,1,1,1,stimuli/Jim_front.jpg,stimuli/J_2_Iden_Front.jpg,3,,,,,,,,,,,,,,,,,,,,,,,,,,,,,,,,,,,,,,,,,,,,,,,,,,,,,,,,,,,,
,,,2025-08-11_11h48.11.270,CFMT_CCMT_Face_recognition,2023.2.3,Win32,60.24096386,5ed2717aec79fd1d3ca47d65,6899c7d7c4c961a016830ad3,6899c943d7b52add83833ffa,,,,,,,,,,,,,,,,,,,,,,,,,,,,,,,,,,,,,,,,,,,,,,,,,,,,,,,,,,,,,,,,,,,,,,,,,,,,,,,,,,,,,,,,,,,,,,,,1142.9903,1143.4903,,,,,,,,,,,,,,,,,,,,,,,,1139.9908,1142.9903,0,2,2,2,1,stimuli/Jim_right.jpg,stimuli/J_3_Iden_R.jpg,1,,,,,,,,,,,,,,,,,,,,,,,,,,,,,,,,,,,,,,,,,,,,,,,,,,,,,,,,,,,,
,,,2025-08-11_11h48.11.270,CFMT_CCMT_Face_recognition,2023.2.3,Win32,60.24096386,5ed2717aec79fd1d3ca47d65,6899c7d7c4c961a016830ad3,6899c943d7b52add83833ffa,,,,,,,,,,,,,,,,,,,,,,,,,,,,,,,,,,,,,,,,,,,,,,,,,,,,,,,,,,,,,,,,,,,,,,,,,,,,,,,,,,,,,,,,,,,,,,,,1147.4399,1147.9397,,,,,,,,,,,,,,,,,,,,,,,,,,,,,,,stimuli/Jim_left.jpg,stimuli/J_1_Iden_L.jpg,3,1143.4954,1147.4399,3,1,3.9299,,0,0,0,0,1,,,,,,,,,,,,,,,,,,,,,,,,,,,,,,,,,,,,,,,,,,,,,,,,,
,,,2025-08-11_11h48.11.270,CFMT_CCMT_Face_recognition,2023.2.3,Win32,60.24096386,5ed2717aec79fd1d3ca47d65,6899c7d7c4c961a016830ad3,6899c943d7b52add83833ffa,,,,,,,,,,,,,,,,,,,,,,,,,,,,,,,,,,,,,,,,,,,,,,,,,,,,,,,,,,,,,,,,,,,,,,,,,,,,,,,,,,,,,,,,,,,,,,,,1152.7725,1153.2724,,,,,,,,,,,,,,,,,,,,,,,,,,,,,,,stimuli/Jim_front.jpg,stimuli/J_2_Iden_Front.jpg,3,1147.9402,1152.7725,3,1,4.7835,,0,1,1,1,1,,,,,,,,,,,,,,,,,,,,,,,,,,,,,,,,,,,,,,,,,,,,,,,,,
,,,2025-08-11_11h48.11.270,CFMT_CCMT_Face_recognition,2023.2.3,Win32,60.24096386,5ed2717aec79fd1d3ca47d65,6899c7d7c4c961a016830ad3,6899c943d7b52add83833ffa,,,,,,,,,,,,,,,,,,,,,,,,,,,,,,,,,,,,,,,,,,,,,,,,,,,,,,,,,,,,,,,,,,,,,,,,,,,,,,,,,,,,,,,,,,,,,,,,1157.0386,1157.5385,,,,,,,,,,,,,,,,,,,,,,,,,,,,,,,stimuli/Jim_right.jpg,stimuli/J_3_Iden_R.jpg,1,1153.2728,1157.0386,1,1,3.7242,,0,2,2,2,1,,,,,,,,,,,,,,,,,,,,,,,,,,,,,,,,,,,,,,,,,,,,,,,,,
,,,2025-08-11_11h48.11.270,CFMT_CCMT_Face_recognition,2023.2.3,Win32,60.24096386,5ed2717aec79fd1d3ca47d65,6899c7d7c4c961a016830ad3,6899c943d7b52add83833ffa,,,,,,,,,,,,,,,,,,,,,,,,,,,,,,,,,,,,,,,,,,,,,,,,,,,,,,,,,,,,,,,,,,,,,,,,,,,,,,,,,,,,,,,,,,,,,,,,1162.438,1162.9379,,,,,,,,,,,,,,,,,,,,,,1157.5389,1158.9383,1159.4385,1162.4378,0,0,0,0,1,stimuli/Matt_left_cropped.jpg,stimuli/M_1_Iden_L.jpg,2,,,,,,,,,,,,,,,,,,,,,,,,,,,,,,,,,,,,,,,,,,,,,,,,,,,,,,,,,,,,
,,,2025-08-11_11h48.11.270,CFMT_CCMT_Face_recognition,2023.2.3,Win32,60.24096386,5ed2717aec79fd1d3ca47d65,6899c7d7c4c961a016830ad3,6899c943d7b52add83833ffa,,,,,,,,,,,,,,,,,,,,,,,,,,,,,,,,,,,,,,,,,,,,,,,,,,,,,,,,,,,,,,,,,,,,,,,,,,,,,,,,,,,,,,,,,,,,,,,,1166.4375,1166.9374,,,,,,,,,,,,,,,,,,,,,,,,1163.4378,1166.4374,0,1,1,1,1,stimuli/Matt_front.jpg,stimuli/M_2_Iden_Front.jpg,3,,,,,,,,,,,,,,,,,,,,,,,,,,,,,,,,,,,,,,,,,,,,,,,,,,,,,,,,,,,,
,,,2025-08-11_11h48.11.270,CFMT_CCMT_Face_recognition,2023.2.3,Win32,60.24096386,5ed2717aec79fd1d3ca47d65,6899c7d7c4c961a016830ad3,6899c943d7b52add83833ffa,,,,,,,,,,,,,,,,,,,,,,,,,,,,,,,,,,,,,,,,,,,,,,,,,,,,,,,,,,,,,,,,,,,,,,,,,,,,,,,,,,,,,,,,,,,,,,,,1170.437,1170.9369,,,,,,,,,,,,,,,,,,,,,,,,1167.4374,1170.437,0,2,2,2,1,stimuli/Matt_right_cropped.jpg,stimuli/M_3_Iden_R.jpg,1,,,,,,,,,,,,,,,,,,,,,,,,,,,,,,,,,,,,,,,,,,,,,,,,,,,,,,,,,,,,
,,,2025-08-11_11h48.11.270,CFMT_CCMT_Face_recognition,2023.2.3,Win32,60.24096386,5ed2717aec79fd1d3ca47d65,6899c7d7c4c961a016830ad3,6899c943d7b52add83833ffa,,,,,,,,,,,,,,,,,,,,,,,,,,,,,,,,,,,,,,,,,,,,,,,,,,,,,,,,,,,,,,,,,,,,,,,,,,,,,,,,,,,,,,,,,,,,,,,,1175.253,1175.7529,,,,,,,,,,,,,,,,,,,,,,,,,,,,,,,stimuli/Matt_left_cropped.jpg,stimuli/M_1_Iden_L.jpg,2,1170.9414,1175.2529,2,1,4.2983,,0,0,0,0,1,,,,,,,,,,,,,,,,,,,,,,,,,,,,,,,,,,,,,,,,,,,,,,,,,
,,,2025-08-11_11h48.11.270,CFMT_CCMT_Face_recognition,2023.2.3,Win32,60.24096386,5ed2717aec79fd1d3ca47d65,6899c7d7c4c961a016830ad3,6899c943d7b52add83833ffa,,,,,,,,,,,,,,,,,,,,,,,,,,,,,,,,,,,,,,,,,,,,,,,,,,,,,,,,,,,,,,,,,,,,,,,,,,,,,,,,,,,,,,,,,,,,,,,,1179.8858,1180.3856,,,,,,,,,,,,,,,,,,,,,,,,,,,,,,,stimuli/Matt_front.jpg,stimuli/M_2_Iden_Front.jpg,3,1175.7534,1179.8858,3,1,4.1167,,0,1,1,1,1,,,,,,,,,,,,,,,,,,,,,,,,,,,,,,,,,,,,,,,,,,,,,,,,,
,,,2025-08-11_11h48.11.270,CFMT_CCMT_Face_recognition,2023.2.3,Win32,60.24096386,5ed2717aec79fd1d3ca47d65,6899c7d7c4c961a016830ad3,6899c943d7b52add83833ffa,,,,,,,,,,,,,,,,,,,,,,,,,,,,,,,,,,,,,,,,,,,,,,,,,,,,,,,,,,,,,,,,,,,,,,,,,,,,,,,,,,,,,,,,,,,,,,,,1184.302,1184.8018,,,,,,,,,,,,,,,,,,,,,,,,,,,,,,,stimuli/Matt_right_cropped.jpg,stimuli/M_3_Iden_R.jpg,1,1180.3861,1184.3019,1,1,3.8941,,0,2,2,2,1,,,,,,,,,,,,,,,,,,,,,,,,,,,,,,,,,,,,,,,,,,,,,,,,,
,,,2025-08-11_11h48.11.270,CFMT_CCMT_Face_recognition,2023.2.3,Win32,60.24096386,5ed2717aec79fd1d3ca47d65,6899c7d7c4c961a016830ad3,6899c943d7b52add83833ffa,,,,,,,,,,,,,,,,,,,,,,,,,,,,,,,,,,,,,,,,,,,,,,,,,,,,,,,,,,,,,,,,,,,,,,,,,,,,,,,,,,,,,,,,,,,,,,,,1189.5846,1190.0844,,,,,,,,,,,,,,,,,,,,,,1184.8022,1186.085,1186.5849,1189.5845,0,0,0,0,1,stimuli/Nate_left_cropped.jpg,stimuli/N_1_Iden_L.jpg,3,,,,,,,,,,,,,,,,,,,,,,,,,,,,,,,,,,,,,,,,,,,,,,,,,,,,,,,,,,,,
,,,2025-08-11_11h48.11.270,CFMT_CCMT_Face_recognition,2023.2.3,Win32,60.24096386,5ed2717aec79fd1d3ca47d65,6899c7d7c4c961a016830ad3,6899c943d7b52add83833ffa,,,,,,,,,,,,,,,,,,,,,,,,,,,,,,,,,,,,,,,,,,,,,,,,,,,,,,,,,,,,,,,,,,,,,,,,,,,,,,,,,,,,,,,,,,,,,,,,1193.5841,1194.0839,,,,,,,,,,,,,,,,,,,,,,,,1190.5843,1193.5841,0,1,1,1,1,stimuli/Nate_front_cropped.jpg,stimuli/N_2_Iden_Front.jpg,1,,,,,,,,,,,,,,,,,,,,,,,,,,,,,,,,,,,,,,,,,,,,,,,,,,,,,,,,,,,,
,,,2025-08-11_11h48.11.270,CFMT_CCMT_Face_recognition,2023.2.3,Win32,60.24096386,5ed2717aec79fd1d3ca47d65,6899c7d7c4c961a016830ad3,6899c943d7b52add83833ffa,,,,,,,,,,,,,,,,,,,,,,,,,,,,,,,,,,,,,,,,,,,,,,,,,,,,,,,,,,,,,,,,,,,,,,,,,,,,,,,,,,,,,,,,,,,,,,,,1197.5836,1198.0835,,,,,,,,,,,,,,,,,,,,,,,,1194.584,1197.5836,0,2,2,2,1,stimuli/Nate_right_cropped.jpg,stimuli/N_3_Iden_R.jpg,3,,,,,,,,,,,,,,,,,,,,,,,,,,,,,,,,,,,,,,,,,,,,,,,,,,,,,,,,,,,,
,,,2025-08-11_11h48.11.270,CFMT_CCMT_Face_recognition,2023.2.3,Win32,60.24096386,5ed2717aec79fd1d3ca47d65,6899c7d7c4c961a016830ad3,6899c943d7b52add83833ffa,,,,,,,,,,,,,,,,,,,,,,,,,,,,,,,,,,,,,,,,,,,,,,,,,,,,,,,,,,,,,,,,,,,,,,,,,,,,,,,,,,,,,,,,,,,,,,,,1204.1494,1204.6493,,,,,,,,,,,,,,,,,,,,,,,,,,,,,,,stimuli/Nate_left_cropped.jpg,stimuli/N_1_Iden_L.jpg,3,1198.0881,1204.1493,3,1,6.0487,,0,0,0,0,1,,,,,,,,,,,,,,,,,,,,,,,,,,,,,,,,,,,,,,,,,,,,,,,,,
,,,2025-08-11_11h48.11.270,CFMT_CCMT_Face_recognition,2023.2.3,Win32,60.24096386,5ed2717aec79fd1d3ca47d65,6899c7d7c4c961a016830ad3,6899c943d7b52add83833ffa,,,,,,,,,,,,,,,,,,,,,,,,,,,,,,,,,,,,,,,,,,,,,,,,,,,,,,,,,,,,,,,,,,,,,,,,,,,,,,,,,,,,,,,,,,,,,,,,1209.1321,1209.632,,,,,,,,,,,,,,,,,,,,,,,,,,,,,,,stimuli/Nate_front_cropped.jpg,stimuli/N_2_Iden_Front.jpg,1,1204.6497,1209.132,1,1,4.4628,,0,1,1,1,1,,,,,,,,,,,,,,,,,,,,,,,,,,,,,,,,,,,,,,,,,,,,,,,,,
,,,2025-08-11_11h48.11.270,CFMT_CCMT_Face_recognition,2023.2.3,Win32,60.24096386,5ed2717aec79fd1d3ca47d65,6899c7d7c4c961a016830ad3,6899c943d7b52add83833ffa,,,,,,,,,,,,,,,,,,,,,,,,,,,,,,,,,,,,,,,,,,,,,,,,,,,,,,,,,,,,,,,,,,,,,,,,,,,,,,,,,,,,,,,,,,,,,,,,1212.4651,1212.9649,,,,,,,,,,,,,,,,,,,,,,,,,,,,,,,stimuli/Nate_right_cropped.jpg,stimuli/N_3_Iden_R.jpg,3,1209.6324,1212.4649,3,1,2.8104,,0,2,2,2,1,,,,,,,,,,,,,,,,,,,,,,,,,,,,,,,,,,,,,,,,,,,,,,,,,
,,,2025-08-11_11h48.11.270,CFMT_CCMT_Face_recognition,2023.2.3,Win32,60.24096386,5ed2717aec79fd1d3ca47d65,6899c7d7c4c961a016830ad3,6899c943d7b52add83833ffa,,,,,,,,,,,,,,,,,,,,,,,,,,,,,,,,,,,,,,,,,,,,,,,,,,,,,,,,,,,,,,,,,,,,,,,,,,,,,,,,,,,,,,,,,,,,,,,,1217.3645,1217.8643,,,,,,,,,,,,,,,,,,,,,,1212.9653,1213.8648,1214.3648,1217.3645,0,0,0,0,1,stimuli/Zack_Left_cropped.jpg,stimuli/Z_1_Iden_L.jpg,1,,,,,,,,,,,,,,,,,,,,,,,,,,,,,,,,,,,,,,,,,,,,,,,,,,,,,,,,,,,,
,,,2025-08-11_11h48.11.270,CFMT_CCMT_Face_recognition,2023.2.3,Win32,60.24096386,5ed2717aec79fd1d3ca47d65,6899c7d7c4c961a016830ad3,6899c943d7b52add83833ffa,,,,,,,,,,,,,,,,,,,,,,,,,,,,,,,,,,,,,,,,,,,,,,,,,,,,,,,,,,,,,,,,,,,,,,,,,,,,,,,,,,,,,,,,,,,,,,,,1221.3639,1221.8638,,,,,,,,,,,,,,,,,,,,,,,,1218.3643,1221.3639,0,1,1,1,1,stimuli/Zack_Front_cropped.jpg,stimuli/Z_2_Iden_Front.jpg,3,,,,,,,,,,,,,,,,,,,,,,,,,,,,,,,,,,,,,,,,,,,,,,,,,,,,,,,,,,,,
,,,2025-08-11_11h48.11.270,CFMT_CCMT_Face_recognition,2023.2.3,Win32,60.24096386,5ed2717aec79fd1d3ca47d65,6899c7d7c4c961a016830ad3,6899c943d7b52add83833ffa,,,,,,,,,,,,,,,,,,,,,,,,,,,,,,,,,,,,,,,,,,,,,,,,,,,,,,,,,,,,,,,,,,,,,,,,,,,,,,,,,,,,,,,,,,,,,,,,1225.3635,1225.8633,,,,,,,,,,,,,,,,,,,,,,,,1222.3638,1225.3634,0,2,2,2,1,stimuli/Zack_Right_Cropped.jpg,stimuli/Z_3_Iden_R.jpg,1,,,,,,,,,,,,,,,,,,,,,,,,,,,,,,,,,,,,,,,,,,,,,,,,,,,,,,,,,,,,
,,,2025-08-11_11h48.11.270,CFMT_CCMT_Face_recognition,2023.2.3,Win32,60.24096386,5ed2717aec79fd1d3ca47d65,6899c7d7c4c961a016830ad3,6899c943d7b52add83833ffa,,,,,,,,,,,,,,,,,,,,,,,,,,,,,,,,,,,,,,,,,,,,,,,,,,,,,,,,,,,,,,,,,,,,,,,,,,,,,,,,,,,,,,,,,,,,,,,,1228.713,1229.2128,,,,,,,,,,,,,,,,,,,,,,,,,,,,,,,stimuli/Zack_Left_cropped.jpg,stimuli/Z_1_Iden_L.jpg,1,1225.8679,1228.7129,1,1,2.8305,,0,0,0,0,1,,,,,,,,,,,,,,,,,,,,,,,,,,,,,,,,,,,,,,,,,,,,,,,,,
,,,2025-08-11_11h48.11.270,CFMT_CCMT_Face_recognition,2023.2.3,Win32,60.24096386,5ed2717aec79fd1d3ca47d65,6899c7d7c4c961a016830ad3,6899c943d7b52add83833ffa,,,,,,,,,,,,,,,,,,,,,,,,,,,,,,,,,,,,,,,,,,,,,,,,,,,,,,,,,,,,,,,,,,,,,,,,,,,,,,,,,,,,,,,,,,,,,,,,1231.2627,1231.7625,,,,,,,,,,,,,,,,,,,,,,,,,,,,,,,stimuli/Zack_Front_cropped.jpg,stimuli/Z_2_Iden_Front.jpg,3,1229.2132,1231.2626,3,1,2.0302,,0,1,1,1,1,,,,,,,,,,,,,,,,,,,,,,,,,,,,,,,,,,,,,,,,,,,,,,,,,
,,,2025-08-11_11h48.11.270,CFMT_CCMT_Face_recognition,2023.2.3,Win32,60.24096386,5ed2717aec79fd1d3ca47d65,6899c7d7c4c961a016830ad3,6899c943d7b52add83833ffa,,,,,,,,,,,,,,,,,,,,,,,,,,,,,,,,,,,,,,,,,,,,,,,,,,,,,,,,,,,,,,,,,,,,,,,,,,,,,,,,,,,,,,,,,,,,,,,,1233.3123,1233.8123,,,,,,,,,,,,,,,,,,,,,,,,,,,,,,,stimuli/Zack_Right_Cropped.jpg,stimuli/Z_3_Iden_R.jpg,1,1231.763,1233.3123,1,1,1.5276,,0,2,2,2,1,,,,,,,,,,,,,,,,,,,,,,,,,,,,,,,,,,,,,,,,,,,,,,,,,
,,,2025-08-11_11h48.11.270,CFMT_CCMT_Face_recognition,2023.2.3,Win32,60.24096386,5ed2717aec79fd1d3ca47d65,6899c7d7c4c961a016830ad3,6899c943d7b52add83833ffa,,,,,,,,,,,,,,,,,,,,,,,,,,,,,,,,,,,,,,,,,,,,,,,,,,,,,,,,,,,,,,,,,,,,,,,,,,,,,,,,,,,,,,,,,,,,,,,,1290.7891,1291.2885,,,,,,,,,,,,,,,,,,,,,,,,,,,,,,,,,,,,,,,,,,,,,1233.8127,1237.9454,1238.4453,1258.4429,1258.9428,1272.1932,1272.6964,1272.6976,1272.6977,1272.6981,1272.7013,1290.789,1,1,18.0369,,0,0,0,0,1,stimuli/M_5_Front_Halflit.jpg,1,,,,,,,,,,,,,,,,,,,,,,,,,,
,,,2025-08-11_11h48.11.270,CFMT_CCMT_Face_recognition,2023.2.3,Win32,60.24096386,5ed2717aec79fd1d3ca47d65,6899c7d7c4c961a016830ad3,6899c943d7b52add83833ffa,,,,,,,,,,,,,,,,,,,,,,,,,,,,,,,,,,,,,,,,,,,,,,,,,,,,,,,,,,,,,,,,,,,,,,,,,,,,,,,,,,,,,,,,,,,,,,,,1297.3877,1297.8876,,,,,,,,,,,,,,,,,,,,,,,,,,,,,,,,,,,,,,,,,,,,,,,,,,,,,,,1291.2891,1297.3876,2,1,6.0819,,0,1,1,1,1,stimuli/N_8_13_R_Pro_dark.jpg,2,,,,,,,,,,,,,,,,,,,,,,,,,,
,,,2025-08-11_11h48.11.270,CFMT_CCMT_Face_recognition,2023.2.3,Win32,60.24096386,5ed2717aec79fd1d3ca47d65,6899c7d7c4c961a016830ad3,6899c943d7b52add83833ffa,,,,,,,,,,,,,,,,,,,,,,,,,,,,,,,,,,,,,,,,,,,,,,,,,,,,,,,,,,,,,,,,,,,,,,,,,,,,,,,,,,,,,,,,,,,,,,,,1300.7872,1301.2871,,,,,,,,,,,,,,,,,,,,,,,,,,,,,,,,,,,,,,,,,,,,,,,,,,,,,,,1297.888,1300.7872,1,1,2.8781,,0,2,2,2,1,stimuli/Z_6_23_Pro_L.jpg,1,,,,,,,,,,,,,,,,,,,,,,,,,,
,,,2025-08-11_11h48.11.270,CFMT_CCMT_Face_recognition,2023.2.3,Win32,60.24096386,5ed2717aec79fd1d3ca47d65,6899c7d7c4c961a016830ad3,6899c943d7b52add83833ffa,,,,,,,,,,,,,,,,,,,,,,,,,,,,,,,,,,,,,,,,,,,,,,,,,,,,,,,,,,,,,,,,,,,,,,,,,,,,,,,,,,,,,,,,,,,,,,,,1316.0854,1316.5853,,,,,,,,,,,,,,,,,,,,,,,,,,,,,,,,,,,,,,,,,,,,,,,,,,,,,,,1301.2875,1316.0853,3,1,14.7791,,0,3,3,3,1,stimuli/D5_Halflit_Frontal.jpg,3,,,,,,,,,,,,,,,,,,,,,,,,,,
,,,2025-08-11_11h48.11.270,CFMT_CCMT_Face_recognition,2023.2.3,Win32,60.24096386,5ed2717aec79fd1d3ca47d65,6899c7d7c4c961a016830ad3,6899c943d7b52add83833ffa,,,,,,,,,,,,,,,,,,,,,,,,,,,,,,,,,,,,,,,,,,,,,,,,,,,,,,,,,,,,,,,,,,,,,,,,,,,,,,,,,,,,,,,,,,,,,,,,1323.9678,1324.4675,,,,,,,,,,,,,,,,,,,,,,,,,,,,,,,,,,,,,,,,,,,,,,,,,,,,,,,1316.5857,1323.9677,3,1,7.3532,,0,4,4,4,1,stimuli/B7_Bottomlit_Frontal.jpg,3,,,,,,,,,,,,,,,,,,,,,,,,,,
,,,2025-08-11_11h48.11.270,CFMT_CCMT_Face_recognition,2023.2.3,Win32,60.24096386,5ed2717aec79fd1d3ca47d65,6899c7d7c4c961a016830ad3,6899c943d7b52add83833ffa,,,,,,,,,,,,,,,,,,,,,,,,,,,,,,,,,,,,,,,,,,,,,,,,,,,,,,,,,,,,,,,,,,,,,,,,,,,,,,,,,,,,,,,,,,,,,,,,1327.634,1328.1338,,,,,,,,,,,,,,,,,,,,,,,,,,,,,,,,,,,,,,,,,,,,,,,,,,,,,,,1324.468,1327.6338,3,0,3.1196,,0,5,5,5,1,stimuli/J_6_23_L_Pro.jpg,2,,,,,,,,,,,,,,,,,,,,,,,,,,
,,,2025-08-11_11h48.11.270,CFMT_CCMT_Face_recognition,2023.2.3,Win32,60.24096386,5ed2717aec79fd1d3ca47d65,6899c7d7c4c961a016830ad3,6899c943d7b52add83833ffa,,,,,,,,,,,,,,,,,,,,,,,,,,,,,,,,,,,,,,,,,,,,,,,,,,,,,,,,,,,,,,,,,,,,,,,,,,,,,,,,,,,,,,,,,,,,,,,,1337.4898,1337.9836,,,,,,,,,,,,,,,,,,,,,,,,,,,,,,,,,,,,,,,,,,,,,,,,,,,,,,,1328.1341,1337.4897,2,0,9.3129,,0,6,6,6,1,stimuli/D7_Bottomlit_Frontal.jpg,1,,,,,,,,,,,,,,,,,,,,,,,,,,
,,,2025-08-11_11h48.11.270,CFMT_CCMT_Face_recognition,2023.2.3,Win32,60.24096386,5ed2717aec79fd1d3ca47d65,6899c7d7c4c961a016830ad3,6899c943d7b52add83833ffa,,,,,,,,,,,,,,,,,,,,,,,,,,,,,,,,,,,,,,,,,,,,,,,,,,,,,,,,,,,,,,,,,,,,,,,,,,,,,,,,,,,,,,,,,,,,,,,,1341.0668,1341.5666,,,,,,,,,,,,,,,,,,,,,,,,,,,,,,,,,,,,,,,,,,,,,,,,,,,,,,,1337.9851,1341.0664,3,1,3.0513,,0,7,7,7,1,stimuli/Z_5_Front_Half.jpg,3,,,,,,,,,,,,,,,,,,,,,,,,,,
,,,2025-08-11_11h48.11.270,CFMT_CCMT_Face_recognition,2023.2.3,Win32,60.24096386,5ed2717aec79fd1d3ca47d65,6899c7d7c4c961a016830ad3,6899c943d7b52add83833ffa,,,,,,,,,,,,,,,,,,,,,,,,,,,,,,,,,,,,,,,,,,,,,,,,,,,,,,,,,,,,,,,,,,,,,,,,,,,,,,,,,,,,,,,,,,,,,,,,1349.4154,1349.9154,,,,,,,,,,,,,,,,,,,,,,,,,,,,,,,,,,,,,,,,,,,,,,,,,,,,,,,1341.568,1349.4151,3,0,7.8182,,0,8,8,8,1,stimuli/M_6_23_L_Pro.jpg,2,,,,,,,,,,,,,,,,,,,,,,,,,,
,,,2025-08-11_11h48.11.270,CFMT_CCMT_Face_recognition,2023.2.3,Win32,60.24096386,5ed2717aec79fd1d3ca47d65,6899c7d7c4c961a016830ad3,6899c943d7b52add83833ffa,,,,,,,,,,,,,,,,,,,,,,,,,,,,,,,,,,,,,,,,,,,,,,,,,,,,,,,,,,,,,,,,,,,,,,,,,,,,,,,,,,,,,,,,,,,,,,,,1360.6132,1361.113,,,,,,,,,,,,,,,,,,,,,,,,,,,,,,,,,,,,,,,,,,,,,,,,,,,,,,,1349.917,1360.6132,3,1,10.6536,,0,9,9,9,1,stimuli/J_7_Bottom_Lit.jpg,3,,,,,,,,,,,,,,,,,,,,,,,,,,
,,,2025-08-11_11h48.11.270,CFMT_CCMT_Face_recognition,2023.2.3,Win32,60.24096386,5ed2717aec79fd1d3ca47d65,6899c7d7c4c961a016830ad3,6899c943d7b52add83833ffa,,,,,,,,,,,,,,,,,,,,,,,,,,,,,,,,,,,,,,,,,,,,,,,,,,,,,,,,,,,,,,,,,,,,,,,,,,,,,,,,,,,,,,,,,,,,,,,,1364.246,1364.7458,,,,,,,,,,,,,,,,,,,,,,,,,,,,,,,,,,,,,,,,,,,,,,,,,,,,,,,1361.1135,1364.2459,1,0,3.1137,,0,10,10,10,1,stimuli/N_4_23_R_Pro.jpg,2,,,,,,,,,,,,,,,,,,,,,,,,,,
,,,2025-08-11_11h48.11.270,CFMT_CCMT_Face_recognition,2023.2.3,Win32,60.24096386,5ed2717aec79fd1d3ca47d65,6899c7d7c4c961a016830ad3,6899c943d7b52add83833ffa,,,,,,,,,,,,,,,,,,,,,,,,,,,,,,,,,,,,,,,,,,,,,,,,,,,,,,,,,,,,,,,,,,,,,,,,,,,,,,,,,,,,,,,,,,,,,,,,1372.8949,1373.3948,,,,,,,,,,,,,,,,,,,,,,,,,,,,,,,,,,,,,,,,,,,,,,,,,,,,,,,1364.7463,1372.8949,3,1,8.1277,,0,11,11,11,1,stimuli/M_8_13_R_Pro_dark.jpg,3,,,,,,,,,,,,,,,,,,,,,,,,,,
,,,2025-08-11_11h48.11.270,CFMT_CCMT_Face_recognition,2023.2.3,Win32,60.24096386,5ed2717aec79fd1d3ca47d65,6899c7d7c4c961a016830ad3,6899c943d7b52add83833ffa,,,,,,,,,,,,,,,,,,,,,,,,,,,,,,,,,,,,,,,,,,,,,,,,,,,,,,,,,,,,,,,,,,,,,,,,,,,,,,,,,,,,,,,,,,,,,,,,1378.2775,1378.7774,,,,,,,,,,,,,,,,,,,,,,,,,,,,,,,,,,,,,,,,,,,,,,,,,,,,,,,1373.3952,1378.2774,3,0,4.8539,,0,12,12,12,1,stimuli/J_5_Front_Halflit.jpg,2,,,,,,,,,,,,,,,,,,,,,,,,,,
,,,2025-08-11_11h48.11.270,CFMT_CCMT_Face_recognition,2023.2.3,Win32,60.24096386,5ed2717aec79fd1d3ca47d65,6899c7d7c4c961a016830ad3,6899c943d7b52add83833ffa,,,,,,,,,,,,,,,,,,,,,,,,,,,,,,,,,,,,,,,,,,,,,,,,,,,,,,,,,,,,,,,,,,,,,,,,,,,,,,,,,,,,,,,,,,,,,,,,1387.1931,1387.693,,,,,,,,,,,,,,,,,,,,,,,,,,,,,,,,,,,,,,,,,,,,,,,,,,,,,,,1378.7778,1387.1931,1,1,8.3969,,0,13,13,13,1,stimuli/N_7_Front_Bot.jpg,1,,,,,,,,,,,,,,,,,,,,,,,,,,
,,,2025-08-11_11h48.11.270,CFMT_CCMT_Face_recognition,2023.2.3,Win32,60.24096386,5ed2717aec79fd1d3ca47d65,6899c7d7c4c961a016830ad3,6899c943d7b52add83833ffa,,,,,,,,,,,,,,,,,,,,,,,,,,,,,,,,,,,,,,,,,,,,,,,,,,,,,,,,,,,,,,,,,,,,,,,,,,,,,,,,,,,,,,,,,,,,,,,,1389.8427,1390.3427,,,,,,,,,,,,,,,,,,,,,,,,,,,,,,,,,,,,,,,,,,,,,,,,,,,,,,,1387.6934,1389.8427,2,1,2.1285,,0,14,14,14,1,stimuli/Z_4_23_Pro_R.jpg,2,,,,,,,,,,,,,,,,,,,,,,,,,,
,,,2025-08-11_11h48.11.270,CFMT_CCMT_Face_recognition,2023.2.3,Win32,60.24096386,5ed2717aec79fd1d3ca47d65,6899c7d7c4c961a016830ad3,6899c943d7b52add83833ffa,,,,,,,,,,,,,,,,,,,,,,,,,,,,,,,,,,,,,,,,,,,,,,,,,,,,,,,,,,,,,,,,,,,,,,,,,,,,,,,,,,,,,,,,,,,,,,,,1396.1587,1396.6585,,,,,,,,,,,,,,,,,,,,,,,,,,,,,,,,,,,,,,,,,,,,,,,,,,,,,,,1390.3431,1396.1586,2,1,5.7968,,0,15,15,15,1,stimuli/D8_13_Profile_R.jpg,2,,,,,,,,,,,,,,,,,,,,,,,,,,
,,,2025-08-11_11h48.11.270,CFMT_CCMT_Face_recognition,2023.2.3,Win32,60.24096386,5ed2717aec79fd1d3ca47d65,6899c7d7c4c961a016830ad3,6899c943d7b52add83833ffa,,,,,,,,,,,,,,,,,,,,,,,,,,,,,,,,,,,,,,,,,,,,,,,,,,,,,,,,,,,,,,,,,,,,,,,,,,,,,,,,,,,,,,,,,,,,,,,,1400.0082,1400.5081,,,,,,,,,,,,,,,,,,,,,,,,,,,,,,,,,,,,,,,,,,,,,,,,,,,,,,,1396.6589,1400.0081,2,1,3.33,,0,16,16,16,1,stimuli/M_7_Front_Bot.jpg,2,,,,,,,,,,,,,,,,,,,,,,,,,,
,,,2025-08-11_11h48.11.270,CFMT_CCMT_Face_recognition,2023.2.3,Win32,60.24096386,5ed2717aec79fd1d3ca47d65,6899c7d7c4c961a016830ad3,6899c943d7b52add83833ffa,,,,,,,,,,,,,,,,,,,,,,,,,,,,,,,,,,,,,,,,,,,,,,,,,,,,,,,,,,,,,,,,,,,,,,,,,,,,,,,,,,,,,,,,,,,,,,,,1405.4418,1405.9466,,,,,,,,,,,,,,,,,,,,,,,,,,,,,,,,,,,,,,,,,,,,,,,,,,,,,,,1400.5085,1405.4413,3,0,4.8771,,0,17,17,17,1,stimuli/B4_23_pro_ri.jpg,2,,,,,,,,,,,,,,,,,,,,,,,,,,
,,,2025-08-11_11h48.11.270,CFMT_CCMT_Face_recognition,2023.2.3,Win32,60.24096386,5ed2717aec79fd1d3ca47d65,6899c7d7c4c961a016830ad3,6899c943d7b52add83833ffa,,,,,,,,,,,,,,,,,,,,,,,,,,,,,,,,,,,,,,,,,,,,,,,,,,,,,,,,,,,,,,,,,,,,,,,,,,,,,,,,,,,,,,,,,,,,,,,,1413.4301,1413.9241,,,,,,,,,,,,,,,,,,,,,,,,,,,,,,,,,,,,,,,,,,,,,,,,,,,,,,,1405.947,1413.4301,1,1,7.4594,,0,18,18,18,1,stimuli/D6_23_Profile_L.jpg,1,,,,,,,,,,,,,,,,,,,,,,,,,,
,,,2025-08-11_11h48.11.270,CFMT_CCMT_Face_recognition,2023.2.3,Win32,60.24096386,5ed2717aec79fd1d3ca47d65,6899c7d7c4c961a016830ad3,6899c943d7b52add83833ffa,,,,,,,,,,,,,,,,,,,,,,,,,,,,,,,,,,,,,,,,,,,,,,,,,,,,,,,,,,,,,,,,,,,,,,,,,,,,,,,,,,,,,,,,,,,,,,,,1424.5894,1425.0892,,,,,,,,,,,,,,,,,,,,,,,,,,,,,,,,,,,,,,,,,,,,,,,,,,,,,,,1413.9255,1424.589,3,1,10.5866,,0,19,19,19,1,stimuli/N_5_Front_Half.jpg,3,,,,,,,,,,,,,,,,,,,,,,,,,,
,,,2025-08-11_11h48.11.270,CFMT_CCMT_Face_recognition,2023.2.3,Win32,60.24096386,5ed2717aec79fd1d3ca47d65,6899c7d7c4c961a016830ad3,6899c943d7b52add83833ffa,,,,,,,,,,,,,,,,,,,,,,,,,,,,,,,,,,,,,,,,,,,,,,,,,,,,,,,,,,,,,,,,,,,,,,,,,,,,,,,,,,,,,,,,,,,,,,,,1429.589,1430.0886,,,,,,,,,,,,,,,,,,,,,,,,,,,,,,,,,,,,,,,,,,,,,,,,,,,,,,,1425.0908,1429.5886,3,0,4.4661,,0,20,20,20,1,stimuli/B6_23_pro_L.jpg,1,,,,,,,,,,,,,,,,,,,,,,,,,,
,,,2025-08-11_11h48.11.270,CFMT_CCMT_Face_recognition,2023.2.3,Win32,60.24096386,5ed2717aec79fd1d3ca47d65,6899c7d7c4c961a016830ad3,6899c943d7b52add83833ffa,,,,,,,,,,,,,,,,,,,,,,,,,,,,,,,,,,,,,,,,,,,,,,,,,,,,,,,,,,,,,,,,,,,,,,,,,,,,,,,,,,,,,,,,,,,,,,,,1434.9212,1435.4214,,,,,,,,,,,,,,,,,,,,,,,,,,,,,,,,,,,,,,,,,,,,,,,,,,,,,,,1430.0904,1434.921,2,1,4.7865,,0,21,21,21,1,stimuli/Z_8_13_Pro_R_dark.jpg,2,,,,,,,,,,,,,,,,,,,,,,,,,,
,,,2025-08-11_11h48.11.270,CFMT_CCMT_Face_recognition,2023.2.3,Win32,60.24096386,5ed2717aec79fd1d3ca47d65,6899c7d7c4c961a016830ad3,6899c943d7b52add83833ffa,,,,,,,,,,,,,,,,,,,,,,,,,,,,,,,,,,,,,,,,,,,,,,,,,,,,,,,,,,,,,,,,,,,,,,,,,,,,,,,,,,,,,,,,,,,,,,,,1443.3372,1443.8374,,,,,,,,,,,,,,,,,,,,,,,,,,,,,,,,,,,,,,,,,,,,,,,,,,,,,,,1435.4228,1443.3368,2,1,7.884,,0,22,22,22,1,stimuli/J_4_23_R_Pro.jpg,2,,,,,,,,,,,,,,,,,,,,,,,,,,
,,,2025-08-11_11h48.11.270,CFMT_CCMT_Face_recognition,2023.2.3,Win32,60.24096386,5ed2717aec79fd1d3ca47d65,6899c7d7c4c961a016830ad3,6899c943d7b52add83833ffa,,,,,,,,,,,,,,,,,,,,,,,,,,,,,,,,,,,,,,,,,,,,,,,,,,,,,,,,,,,,,,,,,,,,,,,,,,,,,,,,,,,,,,,,,,,,,,,,1448.7868,1449.2862,,,,,,,,,,,,,,,,,,,,,,,,,,,,,,,,,,,,,,,,,,,,,,,,,,,,,,,1443.8385,1448.7863,1,1,4.9255,,0,23,23,23,1,stimuli/B8_13_pro_R_HS.jpg,1,,,,,,,,,,,,,,,,,,,,,,,,,,
,,,2025-08-11_11h48.11.270,CFMT_CCMT_Face_recognition,2023.2.3,Win32,60.24096386,5ed2717aec79fd1d3ca47d65,6899c7d7c4c961a016830ad3,6899c943d7b52add83833ffa,,,,,,,,,,,,,,,,,,,,,,,,,,,,,,,,,,,,,,,,,,,,,,,,,,,,,,,,,,,,,,,,,,,,,,,,,,,,,,,,,,,,,,,,,,,,,,,,1453.6691,1454.1741,,,,,,,,,,,,,,,,,,,,,,,,,,,,,,,,,,,,,,,,,,,,,,,,,,,,,,,1449.2878,1453.6688,3,1,4.3512,,0,24,24,24,1,stimuli/M_4_23_R_Pro.jpg,3,,,,,,,,,,,,,,,,,,,,,,,,,,
,,,2025-08-11_11h48.11.270,CFMT_CCMT_Face_recognition,2023.2.3,Win32,60.24096386,5ed2717aec79fd1d3ca47d65,6899c7d7c4c961a016830ad3,6899c943d7b52add83833ffa,,,,,,,,,,,,,,,,,,,,,,,,,,,,,,,,,,,,,,,,,,,,,,,,,,,,,,,,,,,,,,,,,,,,,,,,,,,,,,,,,,,,,,,,,,,,,,,,1462.1397,1462.6337,,,,,,,,,,,,,,,,,,,,,,,,,,,,,,,,,,,,,,,,,,,,,,,,,,,,,,,1454.1744,1462.1397,3,0,7.9477,,0,25,25,25,1,stimuli/J_8_13_r_pro_dark.jpg,1,,,,,,,,,,,,,,,,,,,,,,,,,,
,,,2025-08-11_11h48.11.270,CFMT_CCMT_Face_recognition,2023.2.3,Win32,60.24096386,5ed2717aec79fd1d3ca47d65,6899c7d7c4c961a016830ad3,6899c943d7b52add83833ffa,,,,,,,,,,,,,,,,,,,,,,,,,,,,,,,,,,,,,,,,,,,,,,,,,,,,,,,,,,,,,,,,,,,,,,,,,,,,,,,,,,,,,,,,,,,,,,,,1470.0162,1470.516,,,,,,,,,,,,,,,,,,,,,,,,,,,,,,,,,,,,,,,,,,,,,,,,,,,,,,,1462.6341,1470.0161,3,0,7.357,,0,26,26,26,1,stimuli/Z_7_Front_Bot.jpg,2,,,,,,,,,,,,,,,,,,,,,,,,,,
,,,2025-08-11_11h48.11.270,CFMT_CCMT_Face_recognition,2023.2.3,Win32,60.24096386,5ed2717aec79fd1d3ca47d65,6899c7d7c4c961a016830ad3,6899c943d7b52add83833ffa,,,,,,,,,,,,,,,,,,,,,,,,,,,,,,,,,,,,,,,,,,,,,,,,,,,,,,,,,,,,,,,,,,,,,,,,,,,,,,,,,,,,,,,,,,,,,,,,1479.4816,1479.9814,,,,,,,,,,,,,,,,,,,,,,,,,,,,,,,,,,,,,,,,,,,,,,,,,,,,,,,1470.5166,1479.4815,3,0,8.9211,,0,27,27,27,1,stimuli/D4_23_profile_R.jpg,1,,,,,,,,,,,,,,,,,,,,,,,,,,
,,,2025-08-11_11h48.11.270,CFMT_CCMT_Face_recognition,2023.2.3,Win32,60.24096386,5ed2717aec79fd1d3ca47d65,6899c7d7c4c961a016830ad3,6899c943d7b52add83833ffa,,,,,,,,,,,,,,,,,,,,,,,,,,,,,,,,,,,,,,,,,,,,,,,,,,,,,,,,,,,,,,,,,,,,,,,,,,,,,,,,,,,,,,,,,,,,,,,,1486.3806,1486.8805,,,,,,,,,,,,,,,,,,,,,,,,,,,,,,,,,,,,,,,,,,,,,,,,,,,,,,,1479.9819,1486.3806,3,0,6.3869,,0,28,28,28,1,stimuli/N_6_23_L_Pro.jpg,1,,,,,,,,,,,,,,,,,,,,,,,,,,
,,,2025-08-11_11h48.11.270,CFMT_CCMT_Face_recognition,2023.2.3,Win32,60.24096386,5ed2717aec79fd1d3ca47d65,6899c7d7c4c961a016830ad3,6899c943d7b52add83833ffa,,,,,,,,,,,,,,,,,,,,,,,,,,,,,,,,,,,,,,,,,,,,,,,,,,,,,,,,,,,,,,,,,,,,,,,,,,,,,,,,,,,,,,,,,,,,,,,,1490.9134,1491.4133,,,,,,,,,,,,,,,,,,,,,,,,,,,,,,,,,,,,,,,,,,,,,,,,,,,,,,,1486.881,1490.9133,3,1,4.0207,,0,29,29,29,1,stimuli/B5_halflit_frontal.jpg,3,,,,,,,,,,,,,,,,,,,,,,,,,,
,,,2025-08-11_11h48.11.270,CFMT_CCMT_Face_recognition,2023.2.3,Win32,60.24096386,5ed2717aec79fd1d3ca47d65,6899c7d7c4c961a016830ad3,6899c943d7b52add83833ffa,,,,,,,,,,,,,,,,,,,,,,,,,,,,,,,,,,,,,,,,,,,,,,,,,,,,,,,,,,,,,,,,,,,,,,,,,,,,,,,,,,,,,,,,,,,,,,,,1517.8942,1518.3942,,,,,,,,,,,,,,,,,,,,,,,,,,,,,,,,,,,,,,,,,,,,,,,,,,,1491.414,1511.411,1511.4111,1511.9108,1511.9164,1517.8939,1,0,5.9455,,0,0,0,0,1,stimuli/Z_12_Front_Noisy.jpg,2,,,,,,,,,,,,,,,,,,,,,,,,,,
,,,2025-08-11_11h48.11.270,CFMT_CCMT_Face_recognition,2023.2.3,Win32,60.24096386,5ed2717aec79fd1d3ca47d65,6899c7d7c4c961a016830ad3,6899c943d7b52add83833ffa,,,,,,,,,,,,,,,,,,,,,,,,,,,,,,,,,,,,,,,,,,,,,,,,,,,,,,,,,,,,,,,,,,,,,,,,,,,,,,,,,,,,,,,,,,,,,,,,1523.9771,1524.4769,,,,,,,,,,,,,,,,,,,,,,,,,,,,,,,,,,,,,,,,,,,,,,,,,,,,,,,1518.3958,1523.9767,2,0,5.537,,0,1,1,1,1,stimuli/M_11_23_N_R_Pro.jpg,3,,,,,,,,,,,,,,,,,,,,,,,,,,
,,,2025-08-11_11h48.11.270,CFMT_CCMT_Face_recognition,2023.2.3,Win32,60.24096386,5ed2717aec79fd1d3ca47d65,6899c7d7c4c961a016830ad3,6899c943d7b52add83833ffa,,,,,,,,,,,,,,,,,,,,,,,,,,,,,,,,,,,,,,,,,,,,,,,,,,,,,,,,,,,,,,,,,,,,,,,,,,,,,,,,,,,,,,,,,,,,,,,,1531.0593,1531.5594,,,,,,,,,,,,,,,,,,,,,,,,,,,,,,,,,,,,,,,,,,,,,,,,,,,,,,,1524.4784,1531.0591,1,1,6.5522,,0,2,2,2,1,stimuli/D10_Noisy_13_Profile_L.jpg,1,,,,,,,,,,,,,,,,,,,,,,,,,,
,,,2025-08-11_11h48.11.270,CFMT_CCMT_Face_recognition,2023.2.3,Win32,60.24096386,5ed2717aec79fd1d3ca47d65,6899c7d7c4c961a016830ad3,6899c943d7b52add83833ffa,,,,,,,,,,,,,,,,,,,,,,,,,,,,,,,,,,,,,,,,,,,,,,,,,,,,,,,,,,,,,,,,,,,,,,,,,,,,,,,,,,,,,,,,,,,,,,,,1538.0742,1538.5741,,,,,,,,,,,,,,,,,,,,,,,,,,,,,,,,,,,,,,,,,,,,,,,,,,,,,,,1531.5607,1538.0741,3,0,6.475,,0,3,3,3,1,stimuli/J_12_Frontal_HS.jpg,1,,,,,,,,,,,,,,,,,,,,,,,,,,
,,,2025-08-11_11h48.11.270,CFMT_CCMT_Face_recognition,2023.2.3,Win32,60.24096386,5ed2717aec79fd1d3ca47d65,6899c7d7c4c961a016830ad3,6899c943d7b52add83833ffa,,,,,,,,,,,,,,,,,,,,,,,,,,,,,,,,,,,,,,,,,,,,,,,,,,,,,,,,,,,,,,,,,,,,,,,,,,,,,,,,,,,,,,,,,,,,,,,,1542.5088,1543.0085,,,,,,,,,,,,,,,,,,,,,,,,,,,,,,,,,,,,,,,,,,,,,,,,,,,,,,,1538.5746,1542.5084,2,0,3.8956,,0,4,4,4,1,stimuli/J_11_23_pro_R.jpg,3,,,,,,,,,,,,,,,,,,,,,,,,,,
,,,2025-08-11_11h48.11.270,CFMT_CCMT_Face_recognition,2023.2.3,Win32,60.24096386,5ed2717aec79fd1d3ca47d65,6899c7d7c4c961a016830ad3,6899c943d7b52add83833ffa,,,,,,,,,,,,,,,,,,,,,,,,,,,,,,,,,,,,,,,,,,,,,,,,,,,,,,,,,,,,,,,,,,,,,,,,,,,,,,,,,,,,,,,,,,,,,,,,1546.0591,1546.5582,,,,,,,,,,,,,,,,,,,,,,,,,,,,,,,,,,,,,,,,,,,,,,,,,,,,,,,1543.0093,1546.0591,3,0,3.0077,,0,5,5,5,1,stimuli/N_9_Front_LS.jpg,1,,,,,,,,,,,,,,,,,,,,,,,,,,
,,,2025-08-11_11h48.11.270,CFMT_CCMT_Face_recognition,2023.2.3,Win32,60.24096386,5ed2717aec79fd1d3ca47d65,6899c7d7c4c961a016830ad3,6899c943d7b52add83833ffa,,,,,,,,,,,,,,,,,,,,,,,,,,,,,,,,,,,,,,,,,,,,,,,,,,,,,,,,,,,,,,,,,,,,,,,,,,,,,,,,,,,,,,,,,,,,,,,,1551.1916,1551.6906,,,,,,,,,,,,,,,,,,,,,,,,,,,,,,,,,,,,,,,,,,,,,,,,,,,,,,,1546.559,1551.1916,2,1,4.6096,,0,6,6,6,1,stimuli/B12_Noisy_frontal_HS.jpg,2,,,,,,,,,,,,,,,,,,,,,,,,,,
,,,2025-08-11_11h48.11.270,CFMT_CCMT_Face_recognition,2023.2.3,Win32,60.24096386,5ed2717aec79fd1d3ca47d65,6899c7d7c4c961a016830ad3,6899c943d7b52add83833ffa,,,,,,,,,,,,,,,,,,,,,,,,,,,,,,,,,,,,,,,,,,,,,,,,,,,,,,,,,,,,,,,,,,,,,,,,,,,,,,,,,,,,,,,,,,,,,,,,1554.6572,1555.1567,,,,,,,,,,,,,,,,,,,,,,,,,,,,,,,,,,,,,,,,,,,,,,,,,,,,,,,1551.6916,1554.6568,2,0,2.9349,,0,7,7,7,1,stimuli/M_12_Front_N_HS.jpg,1,,,,,,,,,,,,,,,,,,,,,,,,,,
,,,2025-08-11_11h48.11.270,CFMT_CCMT_Face_recognition,2023.2.3,Win32,60.24096386,5ed2717aec79fd1d3ca47d65,6899c7d7c4c961a016830ad3,6899c943d7b52add83833ffa,,,,,,,,,,,,,,,,,,,,,,,,,,,,,,,,,,,,,,,,,,,,,,,,,,,,,,,,,,,,,,,,,,,,,,,,,,,,,,,,,,,,,,,,,,,,,,,,1558.3288,1558.8232,,,,,,,,,,,,,,,,,,,,,,,,,,,,,,,,,,,,,,,,,,,,,,,,,,,,,,,1555.1579,1558.3288,3,0,3.1501,,0,8,8,8,1,stimuli/D12_Noisy_Frontal_HS.jpg,2,,,,,,,,,,,,,,,,,,,,,,,,,,
,,,2025-08-11_11h48.11.270,CFMT_CCMT_Face_recognition,2023.2.3,Win32,60.24096386,5ed2717aec79fd1d3ca47d65,6899c7d7c4c961a016830ad3,6899c943d7b52add83833ffa,,,,,,,,,,,,,,,,,,,,,,,,,,,,,,,,,,,,,,,,,,,,,,,,,,,,,,,,,,,,,,,,,,,,,,,,,,,,,,,,,,,,,,,,,,,,,,,,1563.356,1563.8559,,,,,,,,,,,,,,,,,,,,,,,,,,,,,,,,,,,,,,,,,,,,,,,,,,,,,,,1558.824,1563.3556,3,0,4.5052,,0,9,9,9,1,stimuli/Z_11_23_Pro_R.jpg,2,,,,,,,,,,,,,,,,,,,,,,,,,,
,,,2025-08-11_11h48.11.270,CFMT_CCMT_Face_recognition,2023.2.3,Win32,60.24096386,5ed2717aec79fd1d3ca47d65,6899c7d7c4c961a016830ad3,6899c943d7b52add83833ffa,,,,,,,,,,,,,,,,,,,,,,,,,,,,,,,,,,,,,,,,,,,,,,,,,,,,,,,,,,,,,,,,,,,,,,,,,,,,,,,,,,,,,,,,,,,,,,,,1567.639,1568.1392,,,,,,,,,,,,,,,,,,,,,,,,,,,,,,,,,,,,,,,,,,,,,,,,,,,,,,,1563.8568,1567.6384,3,0,3.7573,,0,10,10,10,1,stimuli/N_10_13_L_Pro_dark.jpg,2,,,,,,,,,,,,,,,,,,,,,,,,,,
,,,2025-08-11_11h48.11.270,CFMT_CCMT_Face_recognition,2023.2.3,Win32,60.24096386,5ed2717aec79fd1d3ca47d65,6899c7d7c4c961a016830ad3,6899c943d7b52add83833ffa,,,,,,,,,,,,,,,,,,,,,,,,,,,,,,,,,,,,,,,,,,,,,,,,,,,,,,,,,,,,,,,,,,,,,,,,,,,,,,,,,,,,,,,,,,,,,,,,1574.2719,1574.7715,,,,,,,,,,,,,,,,,,,,,,,,,,,,,,,,,,,,,,,,,,,,,,,,,,,,,,,1568.1397,1574.2714,1,0,6.1047,,0,11,11,11,1,stimuli/B9_Noisy_frontal_LS.jpg,2,,,,,,,,,,,,,,,,,,,,,,,,,,
,,,2025-08-11_11h48.11.270,CFMT_CCMT_Face_recognition,2023.2.3,Win32,60.24096386,5ed2717aec79fd1d3ca47d65,6899c7d7c4c961a016830ad3,6899c943d7b52add83833ffa,,,,,,,,,,,,,,,,,,,,,,,,,,,,,,,,,,,,,,,,,,,,,,,,,,,,,,,,,,,,,,,,,,,,,,,,,,,,,,,,,,,,,,,,,,,,,,,,1578.7592,1579.2542,,,,,,,,,,,,,,,,,,,,,,,,,,,,,,,,,,,,,,,,,,,,,,,,,,,,,,,1574.7722,1578.7592,3,0,3.9434,,0,12,12,12,1,stimuli/M_9_Front_N_LS.jpg,1,,,,,,,,,,,,,,,,,,,,,,,,,,
,,,2025-08-11_11h48.11.270,CFMT_CCMT_Face_recognition,2023.2.3,Win32,60.24096386,5ed2717aec79fd1d3ca47d65,6899c7d7c4c961a016830ad3,6899c943d7b52add83833ffa,,,,,,,,,,,,,,,,,,,,,,,,,,,,,,,,,,,,,,,,,,,,,,,,,,,,,,,,,,,,,,,,,,,,,,,,,,,,,,,,,,,,,,,,,,,,,,,,1583.0207,1583.5201,,,,,,,,,,,,,,,,,,,,,,,,,,,,,,,,,,,,,,,,,,,,,,,,,,,,,,,1579.2549,1583.0203,3,0,3.7428,,0,13,13,13,1,stimuli/J_9_N_Frontal_50.jpg,2,,,,,,,,,,,,,,,,,,,,,,,,,,
,,,2025-08-11_11h48.11.270,CFMT_CCMT_Face_recognition,2023.2.3,Win32,60.24096386,5ed2717aec79fd1d3ca47d65,6899c7d7c4c961a016830ad3,6899c943d7b52add83833ffa,,,,,,,,,,,,,,,,,,,,,,,,,,,,,,,,,,,,,,,,,,,,,,,,,,,,,,,,,,,,,,,,,,,,,,,,,,,,,,,,,,,,,,,,,,,,,,,,1588.8913,1589.3862,,,,,,,,,,,,,,,,,,,,,,,,,,,,,,,,,,,,,,,,,,,,,,,,,,,,,,,1583.5209,1588.8912,1,1,5.3496,,0,14,14,14,1,stimuli/N_12_Front_Noisy.jpg,1,,,,,,,,,,,,,,,,,,,,,,,,,,
,,,2025-08-11_11h48.11.270,CFMT_CCMT_Face_recognition,2023.2.3,Win32,60.24096386,5ed2717aec79fd1d3ca47d65,6899c7d7c4c961a016830ad3,6899c943d7b52add83833ffa,,,,,,,,,,,,,,,,,,,,,,,,,,,,,,,,,,,,,,,,,,,,,,,,,,,,,,,,,,,,,,,,,,,,,,,,,,,,,,,,,,,,,,,,,,,,,,,,1595.1513,1595.6513,,,,,,,,,,,,,,,,,,,,,,,,,,,,,,,,,,,,,,,,,,,,,,,,,,,,,,,1589.387,1595.1511,2,1,5.7343,,0,15,15,15,1,stimuli/B10_Noisy_13_pro_L.jpg,2,,,,,,,,,,,,,,,,,,,,,,,,,,
,,,2025-08-11_11h48.11.270,CFMT_CCMT_Face_recognition,2023.2.3,Win32,60.24096386,5ed2717aec79fd1d3ca47d65,6899c7d7c4c961a016830ad3,6899c943d7b52add83833ffa,,,,,,,,,,,,,,,,,,,,,,,,,,,,,,,,,,,,,,,,,,,,,,,,,,,,,,,,,,,,,,,,,,,,,,,,,,,,,,,,,,,,,,,,,,,,,,,,1599.7053,1600.2016,,,,,,,,,,,,,,,,,,,,,,,,,,,,,,,,,,,,,,,,,,,,,,,,,,,,,,,1595.6527,1599.7052,3,1,4.0318,,0,16,16,16,1,stimuli/N_11_23_R_Pro.jpg,3,,,,,,,,,,,,,,,,,,,,,,,,,,
,,,2025-08-11_11h48.11.270,CFMT_CCMT_Face_recognition,2023.2.3,Win32,60.24096386,5ed2717aec79fd1d3ca47d65,6899c7d7c4c961a016830ad3,6899c943d7b52add83833ffa,,,,,,,,,,,,,,,,,,,,,,,,,,,,,,,,,,,,,,,,,,,,,,,,,,,,,,,,,,,,,,,,,,,,,,,,,,,,,,,,,,,,,,,,,,,,,,,,1602.7676,1603.2553,,,,,,,,,,,,,,,,,,,,,,,,,,,,,,,,,,,,,,,,,,,,,,,,,,,,,,,1600.2024,1602.7672,3,0,2.5351,,0,17,17,17,1,stimuli/J_10_13_pro_l.jpg,1,,,,,,,,,,,,,,,,,,,,,,,,,,
,,,2025-08-11_11h48.11.270,CFMT_CCMT_Face_recognition,2023.2.3,Win32,60.24096386,5ed2717aec79fd1d3ca47d65,6899c7d7c4c961a016830ad3,6899c943d7b52add83833ffa,,,,,,,,,,,,,,,,,,,,,,,,,,,,,,,,,,,,,,,,,,,,,,,,,,,,,,,,,,,,,,,,,,,,,,,,,,,,,,,,,,,,,,,,,,,,,,,,1606.6507,1607.1503,,,,,,,,,,,,,,,,,,,,,,,,,,,,,,,,,,,,,,,,,,,,,,,,,,,,,,,1603.2556,1606.6502,3,1,3.3684,,0,18,18,18,1,stimuli/Z_9_Front_Noisy.jpg,3,,,,,,,,,,,,,,,,,,,,,,,,,,
,,,2025-08-11_11h48.11.270,CFMT_CCMT_Face_recognition,2023.2.3,Win32,60.24096386,5ed2717aec79fd1d3ca47d65,6899c7d7c4c961a016830ad3,6899c943d7b52add83833ffa,,,,,,,,,,,,,,,,,,,,,,,,,,,,,,,,,,,,,,,,,,,,,,,,,,,,,,,,,,,,,,,,,,,,,,,,,,,,,,,,,,,,,,,,,,,,,,,,1611.8834,1612.3832,,,,,,,,,,,,,,,,,,,,,,,,,,,,,,,,,,,,,,,,,,,,,,,,,,,,,,,1607.1514,1611.883,2,0,4.7011,,0,19,19,19,1,stimuli/D9_Noisy_Frontal_LS.jpg,1,,,,,,,,,,,,,,,,,,,,,,,,,,
,,,2025-08-11_11h48.11.270,CFMT_CCMT_Face_recognition,2023.2.3,Win32,60.24096386,5ed2717aec79fd1d3ca47d65,6899c7d7c4c961a016830ad3,6899c943d7b52add83833ffa,,,,,,,,,,,,,,,,,,,,,,,,,,,,,,,,,,,,,,,,,,,,,,,,,,,,,,,,,,,,,,,,,,,,,,,,,,,,,,,,,,,,,,,,,,,,,,,,1617.3995,1617.9033,,,,,,,,,,,,,,,,,,,,,,,,,,,,,,,,,,,,,,,,,,,,,,,,,,,,,,,1612.384,1617.3991,2,0,4.9912,,0,20,20,20,1,stimuli/M_10_N_13_L_Pro_D.jpg,1,,,,,,,,,,,,,,,,,,,,,,,,,,
,,,2025-08-11_11h48.11.270,CFMT_CCMT_Face_recognition,2023.2.3,Win32,60.24096386,5ed2717aec79fd1d3ca47d65,6899c7d7c4c961a016830ad3,6899c943d7b52add83833ffa,,,,,,,,,,,,,,,,,,,,,,,,,,,,,,,,,,,,,,,,,,,,,,,,,,,,,,,,,,,,,,,,,,,,,,,,,,,,,,,,,,,,,,,,,,,,,,,,1623.2486,1623.7488,,,,,,,,,,,,,,,,,,,,,,,,,,,,,,,,,,,,,,,,,,,,,,,,,,,,,,,1617.9037,1623.2482,1,1,5.3187,,0,21,21,21,1,stimuli/Z_10_13_Pro_L.jpg,1,,,,,,,,,,,,,,,,,,,,,,,,,,
,,,2025-08-11_11h48.11.270,CFMT_CCMT_Face_recognition,2023.2.3,Win32,60.24096386,5ed2717aec79fd1d3ca47d65,6899c7d7c4c961a016830ad3,6899c943d7b52add83833ffa,,,,,,,,,,,,,,,,,,,,,,,,,,,,,,,,,,,,,,,,,,,,,,,,,,,,,,,,,,,,,,,,,,,,,,,,,,,,,,,,,,,,,,,,,,,,,,,,1627.5314,1628.0313,,,,,,,,,,,,,,,,,,,,,,,,,,,,,,,,,,,,,,,,,,,,,,,,,,,,,,,1623.7492,1627.5309,2,0,3.751,,0,22,22,22,1,stimuli/B11_Noise_23_pro_R.jpg,1,,,,,,,,,,,,,,,,,,,,,,,,,,
,,,2025-08-11_11h48.11.270,CFMT_CCMT_Face_recognition,2023.2.3,Win32,60.24096386,5ed2717aec79fd1d3ca47d65,6899c7d7c4c961a016830ad3,6899c943d7b52add83833ffa,,,,,,,,,,,,,,,,,,,,,,,,,,,,,,,,,,,,,,,,,,,,,,,,,,,,,,,,,,,,,,,,,,,,,,,,,,,,,,,,,,,,,,,,,,,,,,,,1632.9308,1633.4308,,,,,,,,,,,,,,,,,,,,,,,,,,,,,,,,,,,,,,,,,,,,,,,,,,,,,,,1628.0321,1632.9304,3,1,4.8682,,0,23,23,23,1,stimuli/D11_Noisy_23_profile_R.jpg,3,,,,,,,,,,,,,,,,,,,,,,,,,,
,,,2025-08-11_11h48.11.270,CFMT_CCMT_Face_recognition,2023.2.3,Win32,60.24096386,5ed2717aec79fd1d3ca47d65,6899c7d7c4c961a016830ad3,6899c943d7b52add83833ffa,,,,,,,,,,,,,,,,,,,,,,,,,,,,,,,,,,,,,,,,,,,,,,,,,,,,,,,,,,,,,,,,,,,,,,,,,,,,,,,,,,,,,,,,,,,,,,,,,,,,,,,,,,,,,,,,,,,,,,,,,,,,,,,,,,,,,,,,,,,,,,,,,,,,,,,,,,,,,,,,,,,,,1633.4315,1633.4327,0,0,0,0,1,conditionsFile_faces/conditionFiles_face.xlsx,Cambridge Face Memory Test,Memorize the face in the next three images.,conditionsFile_faces/Prac_learn.xlsx,conditionsFile_faces/Prac_rec.xlsx,"Which face did you just view? There is only one correct answer. Press 1,2 or 3","In this test, you will learn to recognize six people.",Memorize the following face.,Which face did you just view?,Next you will review the same 6 people for 20 seconds.,Review the faces (20 seconds),stimuli/AA_Review_image.jpg,Now your memory of these faces will be tested.,"In the remaining trials, the correct answer can be any of the six faces.","The incorrect faces are sometimes very similar to the target faces, so be sure to look at each face prior answering.",conditionsFile_faces/conditionsfile_rec_face.xlsx,"To begin memorizing the first face, press the ""space bar"".",,
,,,2025-08-11_11h48.11.270,CFMT_CCMT_Face_recognition,2023.2.3,Win32,60.24096386,5ed2717aec79fd1d3ca47d65,6899c7d7c4c961a016830ad3,6899c943d7b52add83833ffa,,,,,,,,,,,,,,,,,,,,,,,,,,,,,,,,,,,,,,,,,,,,,,,,,,,,,,,,,,,,,,,,,,,,,,,,,,,,,,,,,,,,,,,,,,1633.433,1635.6851,1635.6852,1639.0971,1639.1009,1642.0969,1642.0969,1642.596,0,0,0,0,1,stimuli_car/prac_v1.jpg,,,,,,,,,,,,,,,,,,,,,,,,,,,,,,,,,,,,,,,,,,,,,,,,,,,,,,,,,,,,,,,,,,,,,,,,,,,,,,,,,,,,,,,
,,,2025-08-11_11h48.11.270,CFMT_CCMT_Face_recognition,2023.2.3,Win32,60.24096386,5ed2717aec79fd1d3ca47d65,6899c7d7c4c961a016830ad3,6899c943d7b52add83833ffa,,,,,,,,,,,,,,,,,,,,,,,,,,,,,,,,,,,,,,,,,,,,,,,,,,,,,,,,,,,,,,,,,,,,,,,,,,,,,,,,,,,,,,,,,,,,,,1642.5972,1645.5957,1645.5959,1646.1002,0,1,1,1,1,stimuli_car/prac_v2.jpg,,,,,,,,,,,,,,,,,,,,,,,,,,,,,,,,,,,,,,,,,,,,,,,,,,,,,,,,,,,,,,,,,,,,,,,,,,,,,,,,,,,,,,,
,,,2025-08-11_11h48.11.270,CFMT_CCMT_Face_recognition,2023.2.3,Win32,60.24096386,5ed2717aec79fd1d3ca47d65,6899c7d7c4c961a016830ad3,6899c943d7b52add83833ffa,,,,,,,,,,,,,,,,,,,,,,,,,,,,,,,,,,,,,,,,,,,,,,,,,,,,,,,,,,,,,,,,,,,,,,,,,,,,,,,,,,,,,,,,,,,,,,1646.1005,1649.0955,1649.0957,1649.5994,0,2,2,2,1,stimuli_car/prac_v3.jpg,,,,,,,,,,,,,,,,,,,,,,,,,,,,,,,,,,,,,,,,,,,,,,,,,,,,,,,,,,,,,,,,,,,,,,,,,,,,,,,,,,,,,,,
,,,2025-08-11_11h48.11.270,CFMT_CCMT_Face_recognition,2023.2.3,Win32,60.24096386,5ed2717aec79fd1d3ca47d65,6899c7d7c4c961a016830ad3,6899c943d7b52add83833ffa,,,,,,,,,,,,,,,,,,,,,,,,,,,,,,,,,,,,,,,,,,,,,,,,,,,,,,,,,,,,,,,,,,,,,,,,,,,,,,,,,,,,,,,,,,,,,,,,1654.9762,1655.4761,,,,,,,1649.6026,1654.9761,1,1,5.364,,0,0,0,0,1,stimuli_car/practice_v1.jpg,1,,,,,,,,,,,,,,,,,,,,,,,,,,,,,,,,,,,,,,,,,,,,,,,,,,,,,,,,,,,,,,,,,,,,,,,,,,
,,,2025-08-11_11h48.11.270,CFMT_CCMT_Face_recognition,2023.2.3,Win32,60.24096386,5ed2717aec79fd1d3ca47d65,6899c7d7c4c961a016830ad3,6899c943d7b52add83833ffa,,,,,,,,,,,,,,,,,,,,,,,,,,,,,,,,,,,,,,,,,,,,,,,,,,,,,,,,,,,,,,,,,,,,,,,,,,,,,,,,,,,,,,,,,,,,,,,,1659.8423,1660.3423,,,,,,,1655.4766,1659.8422,1,1,4.3564,,0,1,1,1,1,stimuli_car/practice_v3.jpg,1,,,,,,,,,,,,,,,,,,,,,,,,,,,,,,,,,,,,,,,,,,,,,,,,,,,,,,,,,,,,,,,,,,,,,,,,,,
,,,2025-08-11_11h48.11.270,CFMT_CCMT_Face_recognition,2023.2.3,Win32,60.24096386,5ed2717aec79fd1d3ca47d65,6899c7d7c4c961a016830ad3,6899c943d7b52add83833ffa,,,,,,,,,,,,,,,,,,,,,,,,,,,,,,,,,,,,,,,,,,,,,,,,,,,,,,,,,,,,,,,,,,,,,,,,,,,,,,,,,,,,,,,,,,,,,,,,1664.9585,1665.4582,,,,,,,1660.3428,1664.9584,2,1,4.6039,,0,2,2,2,1,stimuli_car/practice_v2.jpg,2,,,,,,,,,,,,,,,,,,,,,,,,,,,,,,,,,,,,,,,,,,,,,,,,,,,,,,,,,,,,,,,,,,,,,,,,,,
,,,2025-08-11_11h48.11.270,CFMT_CCMT_Face_recognition,2023.2.3,Win32,60.24096386,5ed2717aec79fd1d3ca47d65,6899c7d7c4c961a016830ad3,6899c943d7b52add83833ffa,,,,,,,,,,,,,,,,,,,,,,,,,,,,,,,,,,,,,,,,,,,,,,,,,,,,,,,,,,,,,,,,,,,,,,,,,,,,,,,,,,,,,,,,,,,,,,,,1676.2237,1676.7235,,,,,,,,,,,,,,,,,,,,1665.4584,1671.0076,1671.013,1672.724,1673.224,1676.2236,0,0,0,0,1,stimuli_car/Slide1.jpg,stimuli_car/Slide4.jpg,3,,,,,,,,,,,,,,,,,,,,,,,,,,,,,,,,,,,,,,,,,,,,,,,,,,,,,,,,,,,,
,,,2025-08-11_11h48.11.270,CFMT_CCMT_Face_recognition,2023.2.3,Win32,60.24096386,5ed2717aec79fd1d3ca47d65,6899c7d7c4c961a016830ad3,6899c943d7b52add83833ffa,,,,,,,,,,,,,,,,,,,,,,,,,,,,,,,,,,,,,,,,,,,,,,,,,,,,,,,,,,,,,,,,,,,,,,,,,,,,,,,,,,,,,,,,,,,,,,,,1680.2231,1680.723,,,,,,,,,,,,,,,,,,,,,,,,1677.2236,1680.2231,0,1,1,1,1,stimuli_car/Slide2.jpg,stimuli_car/Slide5.jpg,3,,,,,,,,,,,,,,,,,,,,,,,,,,,,,,,,,,,,,,,,,,,,,,,,,,,,,,,,,,,,
,,,2025-08-11_11h48.11.270,CFMT_CCMT_Face_recognition,2023.2.3,Win32,60.24096386,5ed2717aec79fd1d3ca47d65,6899c7d7c4c961a016830ad3,6899c943d7b52add83833ffa,,,,,,,,,,,,,,,,,,,,,,,,,,,,,,,,,,,,,,,,,,,,,,,,,,,,,,,,,,,,,,,,,,,,,,,,,,,,,,,,,,,,,,,,,,,,,,,,1684.2247,1684.7241,,,,,,,,,,,,,,,,,,,,,,,,1681.2229,1684.2244,0,2,2,2,1,stimuli_car/Slide3.jpg,stimuli_car/Slide6.jpg,2,,,,,,,,,,,,,,,,,,,,,,,,,,,,,,,,,,,,,,,,,,,,,,,,,,,,,,,,,,,,
,,,2025-08-11_11h48.11.270,CFMT_CCMT_Face_recognition,2023.2.3,Win32,60.24096386,5ed2717aec79fd1d3ca47d65,6899c7d7c4c961a016830ad3,6899c943d7b52add83833ffa,,,,,,,,,,,,,,,,,,,,,,,,,,,,,,,,,,,,,,,,,,,,,,,,,,,,,,,,,,,,,,,,,,,,,,,,,,,,,,,,,,,,,,,,,,,,,,,,1690.9126,1691.4111,,,,,,,,,,,,,,,,,,,,,,,,,,,,,,,stimuli_car/Slide1.jpg,stimuli_car/Slide4.jpg,3,1684.7272,1690.9126,2,0,6.1341,,0,0,0,0,1,,,,,,,,,,,,,,,,,,,,,,,,,,,,,,,,,,,,,,,,,,,,,,,,,
,,,2025-08-11_11h48.11.270,CFMT_CCMT_Face_recognition,2023.2.3,Win32,60.24096386,5ed2717aec79fd1d3ca47d65,6899c7d7c4c961a016830ad3,6899c943d7b52add83833ffa,,,,,,,,,,,,,,,,,,,,,,,,,,,,,,,,,,,,,,,,,,,,,,,,,,,,,,,,,,,,,,,,,,,,,,,,,,,,,,,,,,,,,,,,,,,,,,,,1695.9732,1696.4724,,,,,,,,,,,,,,,,,,,,,,,,,,,,,,,stimuli_car/Slide2.jpg,stimuli_car/Slide5.jpg,3,1691.4116,1695.9729,2,0,4.5303,,0,1,1,1,1,,,,,,,,,,,,,,,,,,,,,,,,,,,,,,,,,,,,,,,,,,,,,,,,,
,,,2025-08-11_11h48.11.270,CFMT_CCMT_Face_recognition,2023.2.3,Win32,60.24096386,5ed2717aec79fd1d3ca47d65,6899c7d7c4c961a016830ad3,6899c943d7b52add83833ffa,,,,,,,,,,,,,,,,,,,,,,,,,,,,,,,,,,,,,,,,,,,,,,,,,,,,,,,,,,,,,,,,,,,,,,,,,,,,,,,,,,,,,,,,,,,,,,,,1703.3223,1703.823,,,,,,,,,,,,,,,,,,,,,,,,,,,,,,,stimuli_car/Slide3.jpg,stimuli_car/Slide6.jpg,2,1696.4735,1703.3221,2,1,6.8217,,0,2,2,2,1,,,,,,,,,,,,,,,,,,,,,,,,,,,,,,,,,,,,,,,,,,,,,,,,,
,,,2025-08-11_11h48.11.270,CFMT_CCMT_Face_recognition,2023.2.3,Win32,60.24096386,5ed2717aec79fd1d3ca47d65,6899c7d7c4c961a016830ad3,6899c943d7b52add83833ffa,,,,,,,,,,,,,,,,,,,,,,,,,,,,,,,,,,,,,,,,,,,,,,,,,,,,,,,,,,,,,,,,,,,,,,,,,,,,,,,,,,,,,,,,,,,,,,,,1708.7385,1709.2377,,,,,,,,,,,,,,,,,,,,,,1703.8236,1705.2388,1705.7425,1708.7384,0,0,0,0,1,stimuli_car/Slide7.jpg,stimuli_car/Slide10.jpg,1,,,,,,,,,,,,,,,,,,,,,,,,,,,,,,,,,,,,,,,,,,,,,,,,,,,,,,,,,,,,
,,,2025-08-11_11h48.11.270,CFMT_CCMT_Face_recognition,2023.2.3,Win32,60.24096386,5ed2717aec79fd1d3ca47d65,6899c7d7c4c961a016830ad3,6899c943d7b52add83833ffa,,,,,,,,,,,,,,,,,,,,,,,,,,,,,,,,,,,,,,,,,,,,,,,,,,,,,,,,,,,,,,,,,,,,,,,,,,,,,,,,,,,,,,,,,,,,,,,,1712.742,1713.2379,,,,,,,,,,,,,,,,,,,,,,,,1709.7378,1712.7418,0,1,1,1,1,stimuli_car/Slide8.jpg,stimuli_car/Slide11.jpg,2,,,,,,,,,,,,,,,,,,,,,,,,,,,,,,,,,,,,,,,,,,,,,,,,,,,,,,,,,,,,
,,,2025-08-11_11h48.11.270,CFMT_CCMT_Face_recognition,2023.2.3,Win32,60.24096386,5ed2717aec79fd1d3ca47d65,6899c7d7c4c961a016830ad3,6899c943d7b52add83833ffa,,,,,,,,,,,,,,,,,,,,,,,,,,,,,,,,,,,,,,,,,,,,,,,,,,,,,,,,,,,,,,,,,,,,,,,,,,,,,,,,,,,,,,,,,,,,,,,,1716.7373,1717.2366,,,,,,,,,,,,,,,,,,,,,,,,1713.7375,1716.7371,0,2,2,2,1,stimuli_car/Slide9.jpg,stimuli_car/Slide12.jpg,1,,,,,,,,,,,,,,,,,,,,,,,,,,,,,,,,,,,,,,,,,,,,,,,,,,,,,,,,,,,,
,,,2025-08-11_11h48.11.270,CFMT_CCMT_Face_recognition,2023.2.3,Win32,60.24096386,5ed2717aec79fd1d3ca47d65,6899c7d7c4c961a016830ad3,6899c943d7b52add83833ffa,,,,,,,,,,,,,,,,,,,,,,,,,,,,,,,,,,,,,,,,,,,,,,,,,,,,,,,,,,,,,,,,,,,,,,,,,,,,,,,,,,,,,,,,,,,,,,,,1721.0521,1721.5404,,,,,,,,,,,,,,,,,,,,,,,,,,,,,,,stimuli_car/Slide7.jpg,stimuli_car/Slide10.jpg,1,1717.2399,1721.0519,1,1,3.7889,,0,0,0,0,1,,,,,,,,,,,,,,,,,,,,,,,,,,,,,,,,,,,,,,,,,,,,,,,,,
,,,2025-08-11_11h48.11.270,CFMT_CCMT_Face_recognition,2023.2.3,Win32,60.24096386,5ed2717aec79fd1d3ca47d65,6899c7d7c4c961a016830ad3,6899c943d7b52add83833ffa,,,,,,,,,,,,,,,,,,,,,,,,,,,,,,,,,,,,,,,,,,,,,,,,,,,,,,,,,,,,,,,,,,,,,,,,,,,,,,,,,,,,,,,,,,,,,,,,1730.7667,1731.2666,,,,,,,,,,,,,,,,,,,,,,,,,,,,,,,stimuli_car/Slide8.jpg,stimuli_car/Slide11.jpg,2,1721.5409,1730.7667,1,0,9.1725,,0,1,1,1,1,,,,,,,,,,,,,,,,,,,,,,,,,,,,,,,,,,,,,,,,,,,,,,,,,
,,,2025-08-11_11h48.11.270,CFMT_CCMT_Face_recognition,2023.2.3,Win32,60.24096386,5ed2717aec79fd1d3ca47d65,6899c7d7c4c961a016830ad3,6899c943d7b52add83833ffa,,,,,,,,,,,,,,,,,,,,,,,,,,,,,,,,,,,,,,,,,,,,,,,,,,,,,,,,,,,,,,,,,,,,,,,,,,,,,,,,,,,,,,,,,,,,,,,,1734.4019,1734.9012,,,,,,,,,,,,,,,,,,,,,,,,,,,,,,,stimuli_car/Slide9.jpg,stimuli_car/Slide12.jpg,1,1731.2669,1734.4017,1,1,3.1001,,0,2,2,2,1,,,,,,,,,,,,,,,,,,,,,,,,,,,,,,,,,,,,,,,,,,,,,,,,,
,,,2025-08-11_11h48.11.270,CFMT_CCMT_Face_recognition,2023.2.3,Win32,60.24096386,5ed2717aec79fd1d3ca47d65,6899c7d7c4c961a016830ad3,6899c943d7b52add83833ffa,,,,,,,,,,,,,,,,,,,,,,,,,,,,,,,,,,,,,,,,,,,,,,,,,,,,,,,,,,,,,,,,,,,,,,,,,,,,,,,,,,,,,,,,,,,,,,,,1740.3846,1740.8837,,,,,,,,,,,,,,,,,,,,,,1734.902,1736.8846,1737.3848,1740.3845,0,0,0,0,1,stimuli_car/Slide13.jpg,stimuli_car/Slide16.jpg,3,,,,,,,,,,,,,,,,,,,,,,,,,,,,,,,,,,,,,,,,,,,,,,,,,,,,,,,,,,,,
,,,2025-08-11_11h48.11.270,CFMT_CCMT_Face_recognition,2023.2.3,Win32,60.24096386,5ed2717aec79fd1d3ca47d65,6899c7d7c4c961a016830ad3,6899c943d7b52add83833ffa,,,,,,,,,,,,,,,,,,,,,,,,,,,,,,,,,,,,,,,,,,,,,,,,,,,,,,,,,,,,,,,,,,,,,,,,,,,,,,,,,,,,,,,,,,,,,,,,1744.3837,1744.8877,,,,,,,,,,,,,,,,,,,,,,,,1741.3842,1744.3835,0,1,1,1,1,stimuli_car/Slide14.jpg,stimuli_car/Slide17.jpg,1,,,,,,,,,,,,,,,,,,,,,,,,,,,,,,,,,,,,,,,,,,,,,,,,,,,,,,,,,,,,
,,,2025-08-11_11h48.11.270,CFMT_CCMT_Face_recognition,2023.2.3,Win32,60.24096386,5ed2717aec79fd1d3ca47d65,6899c7d7c4c961a016830ad3,6899c943d7b52add83833ffa,,,,,,,,,,,,,,,,,,,,,,,,,,,,,,,,,,,,,,,,,,,,,,,,,,,,,,,,,,,,,,,,,,,,,,,,,,,,,,,,,,,,,,,,,,,,,,,,1748.3833,1748.8826,,,,,,,,,,,,,,,,,,,,,,,,1745.3834,1748.3831,0,2,2,2,1,stimuli_car/Slide15.jpg,stimuli_car/Slide18.jpg,2,,,,,,,,,,,,,,,,,,,,,,,,,,,,,,,,,,,,,,,,,,,,,,,,,,,,,,,,,,,,
,,,2025-08-11_11h48.11.270,CFMT_CCMT_Face_recognition,2023.2.3,Win32,60.24096386,5ed2717aec79fd1d3ca47d65,6899c7d7c4c961a016830ad3,6899c943d7b52add83833ffa,,,,,,,,,,,,,,,,,,,,,,,,,,,,,,,,,,,,,,,,,,,,,,,,,,,,,,,,,,,,,,,,,,,,,,,,,,,,,,,,,,,,,,,,,,,,,,,,1759.3318,1759.8313,,,,,,,,,,,,,,,,,,,,,,,,,,,,,,,stimuli_car/Slide13.jpg,stimuli_car/Slide16.jpg,3,1748.8862,1759.3314,3,1,10.4175,,0,0,0,0,1,,,,,,,,,,,,,,,,,,,,,,,,,,,,,,,,,,,,,,,,,,,,,,,,,
,,,2025-08-11_11h48.11.270,CFMT_CCMT_Face_recognition,2023.2.3,Win32,60.24096386,5ed2717aec79fd1d3ca47d65,6899c7d7c4c961a016830ad3,6899c943d7b52add83833ffa,,,,,,,,,,,,,,,,,,,,,,,,,,,,,,,,,,,,,,,,,,,,,,,,,,,,,,,,,,,,,,,,,,,,,,,,,,,,,,,,,,,,,,,,,,,,,,,,1769.6324,1770.1302,,,,,,,,,,,,,,,,,,,,,,,,,,,,,,,stimuli_car/Slide14.jpg,stimuli_car/Slide17.jpg,1,1759.8322,1769.6324,1,1,9.7784,,0,1,1,1,1,,,,,,,,,,,,,,,,,,,,,,,,,,,,,,,,,,,,,,,,,,,,,,,,,
,,,2025-08-11_11h48.11.270,CFMT_CCMT_Face_recognition,2023.2.3,Win32,60.24096386,5ed2717aec79fd1d3ca47d65,6899c7d7c4c961a016830ad3,6899c943d7b52add83833ffa,,,,,,,,,,,,,,,,,,,,,,,,,,,,,,,,,,,,,,,,,,,,,,,,,,,,,,,,,,,,,,,,,,,,,,,,,,,,,,,,,,,,,,,,,,,,,,,,1777.7016,1778.2,,,,,,,,,,,,,,,,,,,,,,,,,,,,,,,stimuli_car/Slide15.jpg,stimuli_car/Slide18.jpg,2,1770.1311,1777.7015,1,0,7.5491,,0,2,2,2,1,,,,,,,,,,,,,,,,,,,,,,,,,,,,,,,,,,,,,,,,,,,,,,,,,
,,,2025-08-11_11h48.11.270,CFMT_CCMT_Face_recognition,2023.2.3,Win32,60.24096386,5ed2717aec79fd1d3ca47d65,6899c7d7c4c961a016830ad3,6899c943d7b52add83833ffa,,,,,,,,,,,,,,,,,,,,,,,,,,,,,,,,,,,,,,,,,,,,,,,,,,,,,,,,,,,,,,,,,,,,,,,,,,,,,,,,,,,,,,,,,,,,,,,,1783.213,1783.712,,,,,,,,,,,,,,,,,,,,,,1778.2004,1779.712,1780.2165,1783.2129,0,0,0,0,1,stimuli_car/Slide19.jpg,stimuli_car/Slide22.jpg,2,,,,,,,,,,,,,,,,,,,,,,,,,,,,,,,,,,,,,,,,,,,,,,,,,,,,,,,,,,,,
,,,2025-08-11_11h48.11.270,CFMT_CCMT_Face_recognition,2023.2.3,Win32,60.24096386,5ed2717aec79fd1d3ca47d65,6899c7d7c4c961a016830ad3,6899c943d7b52add83833ffa,,,,,,,,,,,,,,,,,,,,,,,,,,,,,,,,,,,,,,,,,,,,,,,,,,,,,,,,,,,,,,,,,,,,,,,,,,,,,,,,,,,,,,,,,,,,,,,,1787.2115,1787.7106,,,,,,,,,,,,,,,,,,,,,,,,1784.2159,1787.2111,0,1,1,1,1,stimuli_car/Slide20.jpg,stimuli_car/Slide23.jpg,2,,,,,,,,,,,,,,,,,,,,,,,,,,,,,,,,,,,,,,,,,,,,,,,,,,,,,,,,,,,,
,,,2025-08-11_11h48.11.270,CFMT_CCMT_Face_recognition,2023.2.3,Win32,60.24096386,5ed2717aec79fd1d3ca47d65,6899c7d7c4c961a016830ad3,6899c943d7b52add83833ffa,,,,,,,,,,,,,,,,,,,,,,,,,,,,,,,,,,,,,,,,,,,,,,,,,,,,,,,,,,,,,,,,,,,,,,,,,,,,,,,,,,,,,,,,,,,,,,,,1791.2105,1791.7101,,,,,,,,,,,,,,,,,,,,,,,,1788.2108,1791.2102,0,2,2,2,1,stimuli_car/Slide21.jpg,stimuli_car/Slide24.jpg,3,,,,,,,,,,,,,,,,,,,,,,,,,,,,,,,,,,,,,,,,,,,,,,,,,,,,,,,,,,,,
,,,2025-08-11_11h48.11.270,CFMT_CCMT_Face_recognition,2023.2.3,Win32,60.24096386,5ed2717aec79fd1d3ca47d65,6899c7d7c4c961a016830ad3,6899c943d7b52add83833ffa,,,,,,,,,,,,,,,,,,,,,,,,,,,,,,,,,,,,,,,,,,,,,,,,,,,,,,,,,,,,,,,,,,,,,,,,,,,,,,,,,,,,,,,,,,,,,,,,1797.0595,1797.5594,,,,,,,,,,,,,,,,,,,,,,,,,,,,,,,stimuli_car/Slide19.jpg,stimuli_car/Slide22.jpg,2,1791.7138,1797.0591,2,1,5.3008,,0,0,0,0,1,,,,,,,,,,,,,,,,,,,,,,,,,,,,,,,,,,,,,,,,,,,,,,,,,
,,,2025-08-11_11h48.11.270,CFMT_CCMT_Face_recognition,2023.2.3,Win32,60.24096386,5ed2717aec79fd1d3ca47d65,6899c7d7c4c961a016830ad3,6899c943d7b52add83833ffa,,,,,,,,,,,,,,,,,,,,,,,,,,,,,,,,,,,,,,,,,,,,,,,,,,,,,,,,,,,,,,,,,,,,,,,,,,,,,,,,,,,,,,,,,,,,,,,,1804.092,1804.5916,,,,,,,,,,,,,,,,,,,,,,,,,,,,,,,stimuli_car/Slide20.jpg,stimuli_car/Slide23.jpg,2,1797.5608,1804.0916,2,1,6.5004,,0,1,1,1,1,,,,,,,,,,,,,,,,,,,,,,,,,,,,,,,,,,,,,,,,,,,,,,,,,
,,,2025-08-11_11h48.11.270,CFMT_CCMT_Face_recognition,2023.2.3,Win32,60.24096386,5ed2717aec79fd1d3ca47d65,6899c7d7c4c961a016830ad3,6899c943d7b52add83833ffa,,,,,,,,,,,,,,,,,,,,,,,,,,,,,,,,,,,,,,,,,,,,,,,,,,,,,,,,,,,,,,,,,,,,,,,,,,,,,,,,,,,,,,,,,,,,,,,,1806.8083,1807.308,,,,,,,,,,,,,,,,,,,,,,,,,,,,,,,stimuli_car/Slide21.jpg,stimuli_car/Slide24.jpg,3,1804.5933,1806.8079,2,0,2.1847,,0,2,2,2,1,,,,,,,,,,,,,,,,,,,,,,,,,,,,,,,,,,,,,,,,,,,,,,,,,
,,,2025-08-11_11h48.11.270,CFMT_CCMT_Face_recognition,2023.2.3,Win32,60.24096386,5ed2717aec79fd1d3ca47d65,6899c7d7c4c961a016830ad3,6899c943d7b52add83833ffa,,,,,,,,,,,,,,,,,,,,,,,,,,,,,,,,,,,,,,,,,,,,,,,,,,,,,,,,,,,,,,,,,,,,,,,,,,,,,,,,,,,,,,,,,,,,,,,,1811.7745,1812.2741,,,,,,,,,,,,,,,,,,,,,,1807.3095,1808.2743,1808.7747,1811.7742,0,0,0,0,1,stimuli_car/Slide25.jpg,stimuli_car/Slide28.jpg,2,,,,,,,,,,,,,,,,,,,,,,,,,,,,,,,,,,,,,,,,,,,,,,,,,,,,,,,,,,,,
,,,2025-08-11_11h48.11.270,CFMT_CCMT_Face_recognition,2023.2.3,Win32,60.24096386,5ed2717aec79fd1d3ca47d65,6899c7d7c4c961a016830ad3,6899c943d7b52add83833ffa,,,,,,,,,,,,,,,,,,,,,,,,,,,,,,,,,,,,,,,,,,,,,,,,,,,,,,,,,,,,,,,,,,,,,,,,,,,,,,,,,,,,,,,,,,,,,,,,1815.7757,1816.2743,,,,,,,,,,,,,,,,,,,,,,,,1812.7748,1815.7757,0,1,1,1,1,stimuli_car/Slide26.jpg,stimuli_car/Slide29.jpg,1,,,,,,,,,,,,,,,,,,,,,,,,,,,,,,,,,,,,,,,,,,,,,,,,,,,,,,,,,,,,
,,,2025-08-11_11h48.11.270,CFMT_CCMT_Face_recognition,2023.2.3,Win32,60.24096386,5ed2717aec79fd1d3ca47d65,6899c7d7c4c961a016830ad3,6899c943d7b52add83833ffa,,,,,,,,,,,,,,,,,,,,,,,,,,,,,,,,,,,,,,,,,,,,,,,,,,,,,,,,,,,,,,,,,,,,,,,,,,,,,,,,,,,,,,,,,,,,,,,,1819.7736,1820.2731,,,,,,,,,,,,,,,,,,,,,,,,1816.7755,1819.7733,0,2,2,2,1,stimuli_car/Slide27.jpg,stimuli_car/Slide30.jpg,3,,,,,,,,,,,,,,,,,,,,,,,,,,,,,,,,,,,,,,,,,,,,,,,,,,,,,,,,,,,,
,,,2025-08-11_11h48.11.270,CFMT_CCMT_Face_recognition,2023.2.3,Win32,60.24096386,5ed2717aec79fd1d3ca47d65,6899c7d7c4c961a016830ad3,6899c943d7b52add83833ffa,,,,,,,,,,,,,,,,,,,,,,,,,,,,,,,,,,,,,,,,,,,,,,,,,,,,,,,,,,,,,,,,,,,,,,,,,,,,,,,,,,,,,,,,,,,,,,,,1825.5396,1826.0388,,,,,,,,,,,,,,,,,,,,,,,,,,,,,,,stimuli_car/Slide25.jpg,stimuli_car/Slide28.jpg,2,1820.2771,1825.5388,3,0,5.1769,,0,0,0,0,1,,,,,,,,,,,,,,,,,,,,,,,,,,,,,,,,,,,,,,,,,,,,,,,,,
,,,2025-08-11_11h48.11.270,CFMT_CCMT_Face_recognition,2023.2.3,Win32,60.24096386,5ed2717aec79fd1d3ca47d65,6899c7d7c4c961a016830ad3,6899c943d7b52add83833ffa,,,,,,,,,,,,,,,,,,,,,,,,,,,,,,,,,,,,,,,,,,,,,,,,,,,,,,,,,,,,,,,,,,,,,,,,,,,,,,,,,,,,,,,,,,,,,,,,1833.9215,1834.4215,,,,,,,,,,,,,,,,,,,,,,,,,,,,,,,stimuli_car/Slide26.jpg,stimuli_car/Slide29.jpg,1,1826.0404,1833.9212,1,1,7.8503,,0,1,1,1,1,,,,,,,,,,,,,,,,,,,,,,,,,,,,,,,,,,,,,,,,,,,,,,,,,
,,,2025-08-11_11h48.11.270,CFMT_CCMT_Face_recognition,2023.2.3,Win32,60.24096386,5ed2717aec79fd1d3ca47d65,6899c7d7c4c961a016830ad3,6899c943d7b52add83833ffa,,,,,,,,,,,,,,,,,,,,,,,,,,,,,,,,,,,,,,,,,,,,,,,,,,,,,,,,,,,,,,,,,,,,,,,,,,,,,,,,,,,,,,,,,,,,,,,,1840.1706,1840.6703,,,,,,,,,,,,,,,,,,,,,,,,,,,,,,,stimuli_car/Slide27.jpg,stimuli_car/Slide30.jpg,3,1834.4226,1840.1702,3,1,5.7245,,0,2,2,2,1,,,,,,,,,,,,,,,,,,,,,,,,,,,,,,,,,,,,,,,,,,,,,,,,,
,,,2025-08-11_11h48.11.270,CFMT_CCMT_Face_recognition,2023.2.3,Win32,60.24096386,5ed2717aec79fd1d3ca47d65,6899c7d7c4c961a016830ad3,6899c943d7b52add83833ffa,,,,,,,,,,,,,,,,,,,,,,,,,,,,,,,,,,,,,,,,,,,,,,,,,,,,,,,,,,,,,,,,,,,,,,,,,,,,,,,,,,,,,,,,,,,,,,,,1845.2872,1845.7864,,,,,,,,,,,,,,,,,,,,,,1840.672,1841.7867,1842.2876,1845.2868,0,0,0,0,1,stimuli_car/Slide31.jpg,stimuli_car/Slide34.jpg,1,,,,,,,,,,,,,,,,,,,,,,,,,,,,,,,,,,,,,,,,,,,,,,,,,,,,,,,,,,,,
,,,2025-08-11_11h48.11.270,CFMT_CCMT_Face_recognition,2023.2.3,Win32,60.24096386,5ed2717aec79fd1d3ca47d65,6899c7d7c4c961a016830ad3,6899c943d7b52add83833ffa,,,,,,,,,,,,,,,,,,,,,,,,,,,,,,,,,,,,,,,,,,,,,,,,,,,,,,,,,,,,,,,,,,,,,,,,,,,,,,,,,,,,,,,,,,,,,,,,1849.2751,1849.7692,,,,,,,,,,,,,,,,,,,,,,,,1846.287,1849.275,0,1,1,1,1,stimuli_car/Slide32.jpg,stimuli_car/Slide35.jpg,2,,,,,,,,,,,,,,,,,,,,,,,,,,,,,,,,,,,,,,,,,,,,,,,,,,,,,,,,,,,,
,,,2025-08-11_11h48.11.270,CFMT_CCMT_Face_recognition,2023.2.3,Win32,60.24096386,5ed2717aec79fd1d3ca47d65,6899c7d7c4c961a016830ad3,6899c943d7b52add83833ffa,,,,,,,,,,,,,,,,,,,,,,,,,,,,,,,,,,,,,,,,,,,,,,,,,,,,,,,,,,,,,,,,,,,,,,,,,,,,,,,,,,,,,,,,,,,,,,,,1853.2695,1853.7687,,,,,,,,,,,,,,,,,,,,,,,,1850.2696,1853.2692,0,2,2,2,1,stimuli_car/Slide33.jpg,stimuli_car/Slide36.jpg,3,,,,,,,,,,,,,,,,,,,,,,,,,,,,,,,,,,,,,,,,,,,,,,,,,,,,,,,,,,,,
,,,2025-08-11_11h48.11.270,CFMT_CCMT_Face_recognition,2023.2.3,Win32,60.24096386,5ed2717aec79fd1d3ca47d65,6899c7d7c4c961a016830ad3,6899c943d7b52add83833ffa,,,,,,,,,,,,,,,,,,,,,,,,,,,,,,,,,,,,,,,,,,,,,,,,,,,,,,,,,,,,,,,,,,,,,,,,,,,,,,,,,,,,,,,,,,,,,,,,1857.6249,1858.123,,,,,,,,,,,,,,,,,,,,,,,,,,,,,,,stimuli_car/Slide31.jpg,stimuli_car/Slide34.jpg,1,1853.7728,1857.6249,1,1,3.78,,0,0,0,0,1,,,,,,,,,,,,,,,,,,,,,,,,,,,,,,,,,,,,,,,,,,,,,,,,,
,,,2025-08-11_11h48.11.270,CFMT_CCMT_Face_recognition,2023.2.3,Win32,60.24096386,5ed2717aec79fd1d3ca47d65,6899c7d7c4c961a016830ad3,6899c943d7b52add83833ffa,,,,,,,,,,,,,,,,,,,,,,,,,,,,,,,,,,,,,,,,,,,,,,,,,,,,,,,,,,,,,,,,,,,,,,,,,,,,,,,,,,,,,,,,,,,,,,,,1865.1909,1865.6859,,,,,,,,,,,,,,,,,,,,,,,,,,,,,,,stimuli_car/Slide32.jpg,stimuli_car/Slide35.jpg,2,1858.1233,1865.1909,2,1,7.0103,,0,1,1,1,1,,,,,,,,,,,,,,,,,,,,,,,,,,,,,,,,,,,,,,,,,,,,,,,,,
,,,2025-08-11_11h48.11.270,CFMT_CCMT_Face_recognition,2023.2.3,Win32,60.24096386,5ed2717aec79fd1d3ca47d65,6899c7d7c4c961a016830ad3,6899c943d7b52add83833ffa,,,,,,,,,,,,,,,,,,,,,,,,,,,,,,,,,,,,,,,,,,,,,,,,,,,,,,,,,,,,,,,,,,,,,,,,,,,,,,,,,,,,,,,,,,,,,,,,1871.7157,1872.2156,,,,,,,,,,,,,,,,,,,,,,,,,,,,,,,stimuli_car/Slide33.jpg,stimuli_car/Slide36.jpg,3,1865.6864,1871.7156,3,1,5.9686,,0,2,2,2,1,,,,,,,,,,,,,,,,,,,,,,,,,,,,,,,,,,,,,,,,,,,,,,,,,
,,,2025-08-11_11h48.11.270,CFMT_CCMT_Face_recognition,2023.2.3,Win32,60.24096386,5ed2717aec79fd1d3ca47d65,6899c7d7c4c961a016830ad3,6899c943d7b52add83833ffa,,,,,,,,,,,,,,,,,,,,,,,,,,,,,,,,,,,,,,,,,,,,,,,,,,,,,,,,,,,,,,,,,,,,,,,,,,,,,,,,,,,,,,,,,,,,,,,,1910.8121,1911.2997,,,,,,,,,,,,,,,,,,,,,,,,,,,,,,,,,,,,,,,,,,,,,1872.2158,1875.6318,1876.1317,1896.1309,1896.6305,1904.0617,1904.5675,1904.5691,1904.5692,1904.5693,1904.5723,1910.8114,3,0,6.2106,,0,0,0,0,1,stimuli_car/Slide38.jpg,2,,,,,,,,,,,,,,,,,,,,,,,,,,
,,,2025-08-11_11h48.11.270,CFMT_CCMT_Face_recognition,2023.2.3,Win32,60.24096386,5ed2717aec79fd1d3ca47d65,6899c7d7c4c961a016830ad3,6899c943d7b52add83833ffa,,,,,,,,,,,,,,,,,,,,,,,,,,,,,,,,,,,,,,,,,,,,,,,,,,,,,,,,,,,,,,,,,,,,,,,,,,,,,,,,,,,,,,,,,,,,,,,,1920.1615,1920.6603,,,,,,,,,,,,,,,,,,,,,,,,,,,,,,,,,,,,,,,,,,,,,,,,,,,,,,,1911.3,1920.161,2,0,8.83,,0,1,1,1,1,stimuli_car/Slide39.jpg,1,,,,,,,,,,,,,,,,,,,,,,,,,,
,,,2025-08-11_11h48.11.270,CFMT_CCMT_Face_recognition,2023.2.3,Win32,60.24096386,5ed2717aec79fd1d3ca47d65,6899c7d7c4c961a016830ad3,6899c943d7b52add83833ffa,,,,,,,,,,,,,,,,,,,,,,,,,,,,,,,,,,,,,,,,,,,,,,,,,,,,,,,,,,,,,,,,,,,,,,,,,,,,,,,,,,,,,,,,,,,,,,,,1924.2271,1924.7264,,,,,,,,,,,,,,,,,,,,,,,,,,,,,,,,,,,,,,,,,,,,,,,,,,,,,,,1920.662,1924.2267,3,0,3.5378,,0,2,2,2,1,stimuli_car/Slide40.jpg,1,,,,,,,,,,,,,,,,,,,,,,,,,,
,,,2025-08-11_11h48.11.270,CFMT_CCMT_Face_recognition,2023.2.3,Win32,60.24096386,5ed2717aec79fd1d3ca47d65,6899c7d7c4c961a016830ad3,6899c943d7b52add83833ffa,,,,,,,,,,,,,,,,,,,,,,,,,,,,,,,,,,,,,,,,,,,,,,,,,,,,,,,,,,,,,,,,,,,,,,,,,,,,,,,,,,,,,,,,,,,,,,,,1930.7592,1931.259,,,,,,,,,,,,,,,,,,,,,,,,,,,,,,,,,,,,,,,,,,,,,,,,,,,,,,,1924.7281,1930.7589,2,0,5.9999,,0,3,3,3,1,stimuli_car/Slide41.jpg,3,,,,,,,,,,,,,,,,,,,,,,,,,,
,,,2025-08-11_11h48.11.270,CFMT_CCMT_Face_recognition,2023.2.3,Win32,60.24096386,5ed2717aec79fd1d3ca47d65,6899c7d7c4c961a016830ad3,6899c943d7b52add83833ffa,,,,,,,,,,,,,,,,,,,,,,,,,,,,,,,,,,,,,,,,,,,,,,,,,,,,,,,,,,,,,,,,,,,,,,,,,,,,,,,,,,,,,,,,,,,,,,,,1937.6586,1938.1466,,,,,,,,,,,,,,,,,,,,,,,,,,,,,,,,,,,,,,,,,,,,,,,,,,,,,,,1931.2607,1937.6582,2,1,6.3668,,0,4,4,4,1,stimuli_car/Slide42.jpg,2,,,,,,,,,,,,,,,,,,,,,,,,,,
,,,2025-08-11_11h48.11.270,CFMT_CCMT_Face_recognition,2023.2.3,Win32,60.24096386,5ed2717aec79fd1d3ca47d65,6899c7d7c4c961a016830ad3,6899c943d7b52add83833ffa,,,,,,,,,,,,,,,,,,,,,,,,,,,,,,,,,,,,,,,,,,,,,,,,,,,,,,,,,,,,,,,,,,,,,,,,,,,,,,,,,,,,,,,,,,,,,,,,1942.9762,1943.4744,,,,,,,,,,,,,,,,,,,,,,,,,,,,,,,,,,,,,,,,,,,,,,,,,,,,,,,1938.1473,1942.9761,1,1,4.8057,,0,5,5,5,1,stimuli_car/Slide43.jpg,1,,,,,,,,,,,,,,,,,,,,,,,,,,
,,,2025-08-11_11h48.11.270,CFMT_CCMT_Face_recognition,2023.2.3,Win32,60.24096386,5ed2717aec79fd1d3ca47d65,6899c7d7c4c961a016830ad3,6899c943d7b52add83833ffa,,,,,,,,,,,,,,,,,,,,,,,,,,,,,,,,,,,,,,,,,,,,,,,,,,,,,,,,,,,,,,,,,,,,,,,,,,,,,,,,,,,,,,,,,,,,,,,,1949.4735,1949.9735,,,,,,,,,,,,,,,,,,,,,,,,,,,,,,,,,,,,,,,,,,,,,,,,,,,,,,,1943.4758,1949.4732,2,0,5.9702,,0,6,6,6,1,stimuli_car/Slide44.jpg,3,,,,,,,,,,,,,,,,,,,,,,,,,,
,,,2025-08-11_11h48.11.270,CFMT_CCMT_Face_recognition,2023.2.3,Win32,60.24096386,5ed2717aec79fd1d3ca47d65,6899c7d7c4c961a016830ad3,6899c943d7b52add83833ffa,,,,,,,,,,,,,,,,,,,,,,,,,,,,,,,,,,,,,,,,,,,,,,,,,,,,,,,,,,,,,,,,,,,,,,,,,,,,,,,,,,,,,,,,,,,,,,,,1958.3781,1958.8734,,,,,,,,,,,,,,,,,,,,,,,,,,,,,,,,,,,,,,,,,,,,,,,,,,,,,,,1949.975,1958.378,1,1,8.3814,,0,7,7,7,1,stimuli_car/Slide45.jpg,1,,,,,,,,,,,,,,,,,,,,,,,,,,
,,,2025-08-11_11h48.11.270,CFMT_CCMT_Face_recognition,2023.2.3,Win32,60.24096386,5ed2717aec79fd1d3ca47d65,6899c7d7c4c961a016830ad3,6899c943d7b52add83833ffa,,,,,,,,,,,,,,,,,,,,,,,,,,,,,,,,,,,,,,,,,,,,,,,,,,,,,,,,,,,,,,,,,,,,,,,,,,,,,,,,,,,,,,,,,,,,,,,,1965.3219,1965.8265,,,,,,,,,,,,,,,,,,,,,,,,,,,,,,,,,,,,,,,,,,,,,,,,,,,,,,,1958.874,1965.3214,3,0,6.417,,0,8,8,8,1,stimuli_car/Slide46.jpg,1,,,,,,,,,,,,,,,,,,,,,,,,,,
,,,2025-08-11_11h48.11.270,CFMT_CCMT_Face_recognition,2023.2.3,Win32,60.24096386,5ed2717aec79fd1d3ca47d65,6899c7d7c4c961a016830ad3,6899c943d7b52add83833ffa,,,,,,,,,,,,,,,,,,,,,,,,,,,,,,,,,,,,,,,,,,,,,,,,,,,,,,,,,,,,,,,,,,,,,,,,,,,,,,,,,,,,,,,,,,,,,,,,1973.1899,1973.6875,,,,,,,,,,,,,,,,,,,,,,,,,,,,,,,,,,,,,,,,,,,,,,,,,,,,,,,1965.8269,1973.1899,3,1,7.3405,,0,9,9,9,1,stimuli_car/Slide47.jpg,3,,,,,,,,,,,,,,,,,,,,,,,,,,
,,,2025-08-11_11h48.11.270,CFMT_CCMT_Face_recognition,2023.2.3,Win32,60.24096386,5ed2717aec79fd1d3ca47d65,6899c7d7c4c961a016830ad3,6899c943d7b52add83833ffa,,,,,,,,,,,,,,,,,,,,,,,,,,,,,,,,,,,,,,,,,,,,,,,,,,,,,,,,,,,,,,,,,,,,,,,,,,,,,,,,,,,,,,,,,,,,,,,,1977.7874,1978.2865,,,,,,,,,,,,,,,,,,,,,,,,,,,,,,,,,,,,,,,,,,,,,,,,,,,,,,,1973.6888,1977.7869,3,1,4.0678,,0,10,10,10,1,stimuli_car/Slide48.jpg,3,,,,,,,,,,,,,,,,,,,,,,,,,,
,,,2025-08-11_11h48.11.270,CFMT_CCMT_Face_recognition,2023.2.3,Win32,60.24096386,5ed2717aec79fd1d3ca47d65,6899c7d7c4c961a016830ad3,6899c943d7b52add83833ffa,,,,,,,,,,,,,,,,,,,,,,,,,,,,,,,,,,,,,,,,,,,,,,,,,,,,,,,,,,,,,,,,,,,,,,,,,,,,,,,,,,,,,,,,,,,,,,,,1984.4249,1984.9193,,,,,,,,,,,,,,,,,,,,,,,,,,,,,,,,,,,,,,,,,,,,,,,,,,,,,,,1978.2882,1984.4248,2,0,6.1152,,0,11,11,11,1,stimuli_car/Slide49.jpg,3,,,,,,,,,,,,,,,,,,,,,,,,,,
,,,2025-08-11_11h48.11.270,CFMT_CCMT_Face_recognition,2023.2.3,Win32,60.24096386,5ed2717aec79fd1d3ca47d65,6899c7d7c4c961a016830ad3,6899c943d7b52add83833ffa,,,,,,,,,,,,,,,,,,,,,,,,,,,,,,,,,,,,,,,,,,,,,,,,,,,,,,,,,,,,,,,,,,,,,,,,,,,,,,,,,,,,,,,,,,,,,,,,1993.3337,1993.8336,,,,,,,,,,,,,,,,,,,,,,,,,,,,,,,,,,,,,,,,,,,,,,,,,,,,,,,1984.9205,1993.3336,3,0,8.3586,,0,12,12,12,1,stimuli_car/Slide50.jpg,2,,,,,,,,,,,,,,,,,,,,,,,,,,
,,,2025-08-11_11h48.11.270,CFMT_CCMT_Face_recognition,2023.2.3,Win32,60.24096386,5ed2717aec79fd1d3ca47d65,6899c7d7c4c961a016830ad3,6899c943d7b52add83833ffa,,,,,,,,,,,,,,,,,,,,,,,,,,,,,,,,,,,,,,,,,,,,,,,,,,,,,,,,,,,,,,,,,,,,,,,,,,,,,,,,,,,,,,,,,,,,,,,,1997.4008,1997.9011,,,,,,,,,,,,,,,,,,,,,,,,,,,,,,,,,,,,,,,,,,,,,,,,,,,,,,,1993.834,1997.4005,3,0,3.4814,,0,13,13,13,1,stimuli_car/Slide51.jpg,2,,,,,,,,,,,,,,,,,,,,,,,,,,
,,,2025-08-11_11h48.11.270,CFMT_CCMT_Face_recognition,2023.2.3,Win32,60.24096386,5ed2717aec79fd1d3ca47d65,6899c7d7c4c961a016830ad3,6899c943d7b52add83833ffa,,,,,,,,,,,,,,,,,,,,,,,,,,,,,,,,,,,,,,,,,,,,,,,,,,,,,,,,,,,,,,,,,,,,,,,,,,,,,,,,,,,,,,,,,,,,,,,,2007.3856,2007.8829,,,,,,,,,,,,,,,,,,,,,,,,,,,,,,,,,,,,,,,,,,,,,,,,,,,,,,,1997.9023,2007.3855,1,0,9.4614,,0,14,14,14,1,stimuli_car/Slide52.jpg,3,,,,,,,,,,,,,,,,,,,,,,,,,,
,,,2025-08-11_11h48.11.270,CFMT_CCMT_Face_recognition,2023.2.3,Win32,60.24096386,5ed2717aec79fd1d3ca47d65,6899c7d7c4c961a016830ad3,6899c943d7b52add83833ffa,,,,,,,,,,,,,,,,,,,,,,,,,,,,,,,,,,,,,,,,,,,,,,,,,,,,,,,,,,,,,,,,,,,,,,,,,,,,,,,,,,,,,,,,,,,,,,,,2016.5818,2017.0825,,,,,,,,,,,,,,,,,,,,,,,,,,,,,,,,,,,,,,,,,,,,,,,,,,,,,,,2007.8844,2016.5816,2,1,8.6729,,0,15,15,15,1,stimuli_car/Slide53.jpg,2,,,,,,,,,,,,,,,,,,,,,,,,,,
,,,2025-08-11_11h48.11.270,CFMT_CCMT_Face_recognition,2023.2.3,Win32,60.24096386,5ed2717aec79fd1d3ca47d65,6899c7d7c4c961a016830ad3,6899c943d7b52add83833ffa,,,,,,,,,,,,,,,,,,,,,,,,,,,,,,,,,,,,,,,,,,,,,,,,,,,,,,,,,,,,,,,,,,,,,,,,,,,,,,,,,,,,,,,,,,,,,,,,2021.5312,2022.031,,,,,,,,,,,,,,,,,,,,,,,,,,,,,,,,,,,,,,,,,,,,,,,,,,,,,,,2017.0833,2021.5308,2,0,4.423,,0,16,16,16,1,stimuli_car/Slide54.jpg,1,,,,,,,,,,,,,,,,,,,,,,,,,,
,,,2025-08-11_11h48.11.270,CFMT_CCMT_Face_recognition,2023.2.3,Win32,60.24096386,5ed2717aec79fd1d3ca47d65,6899c7d7c4c961a016830ad3,6899c943d7b52add83833ffa,,,,,,,,,,,,,,,,,,,,,,,,,,,,,,,,,,,,,,,,,,,,,,,,,,,,,,,,,,,,,,,,,,,,,,,,,,,,,,,,,,,,,,,,,,,,,,,,2027.897,2028.402,,,,,,,,,,,,,,,,,,,,,,,,,,,,,,,,,,,,,,,,,,,,,,,,,,,,,,,2022.0326,2027.8967,2,0,5.8329,,0,17,17,17,1,stimuli_car/Slide55.jpg,1,,,,,,,,,,,,,,,,,,,,,,,,,,
,,,2025-08-11_11h48.11.270,CFMT_CCMT_Face_recognition,2023.2.3,Win32,60.24096386,5ed2717aec79fd1d3ca47d65,6899c7d7c4c961a016830ad3,6899c943d7b52add83833ffa,,,,,,,,,,,,,,,,,,,,,,,,,,,,,,,,,,,,,,,,,,,,,,,,,,,,,,,,,,,,,,,,,,,,,,,,,,,,,,,,,,,,,,,,,,,,,,,,2035.1629,2035.6628,,,,,,,,,,,,,,,,,,,,,,,,,,,,,,,,,,,,,,,,,,,,,,,,,,,,,,,2028.4025,2035.1626,2,1,6.7286,,0,18,18,18,1,stimuli_car/Slide56.jpg,2,,,,,,,,,,,,,,,,,,,,,,,,,,
,,,2025-08-11_11h48.11.270,CFMT_CCMT_Face_recognition,2023.2.3,Win32,60.24096386,5ed2717aec79fd1d3ca47d65,6899c7d7c4c961a016830ad3,6899c943d7b52add83833ffa,,,,,,,,,,,,,,,,,,,,,,,,,,,,,,,,,,,,,,,,,,,,,,,,,,,,,,,,,,,,,,,,,,,,,,,,,,,,,,,,,,,,,,,,,,,,,,,,2044.945,2045.4449,,,,,,,,,,,,,,,,,,,,,,,,,,,,,,,,,,,,,,,,,,,,,,,,,,,,,,,2035.6643,2044.9447,1,1,9.255,,0,19,19,19,1,stimuli_car/Slide57.jpg,1,,,,,,,,,,,,,,,,,,,,,,,,,,
,,,2025-08-11_11h48.11.270,CFMT_CCMT_Face_recognition,2023.2.3,Win32,60.24096386,5ed2717aec79fd1d3ca47d65,6899c7d7c4c961a016830ad3,6899c943d7b52add83833ffa,,,,,,,,,,,,,,,,,,,,,,,,,,,,,,,,,,,,,,,,,,,,,,,,,,,,,,,,,,,,,,,,,,,,,,,,,,,,,,,,,,,,,,,,,,,,,,,,2050.2945,2050.7995,,,,,,,,,,,,,,,,,,,,,,,,,,,,,,,,,,,,,,,,,,,,,,,,,,,,,,,2045.4463,2050.2942,1,1,4.818,,0,20,20,20,1,stimuli_car/Slide58.jpg,1,,,,,,,,,,,,,,,,,,,,,,,,,,
,,,2025-08-11_11h48.11.270,CFMT_CCMT_Face_recognition,2023.2.3,Win32,60.24096386,5ed2717aec79fd1d3ca47d65,6899c7d7c4c961a016830ad3,6899c943d7b52add83833ffa,,,,,,,,,,,,,,,,,,,,,,,,,,,,,,,,,,,,,,,,,,,,,,,,,,,,,,,,,,,,,,,,,,,,,,,,,,,,,,,,,,,,,,,,,,,,,,,,2055.1946,2055.6948,,,,,,,,,,,,,,,,,,,,,,,,,,,,,,,,,,,,,,,,,,,,,,,,,,,,,,,2050.8,2055.1942,1,1,4.3636,,0,21,21,21,1,stimuli_car/Slide59.jpg,1,,,,,,,,,,,,,,,,,,,,,,,,,,
,,,2025-08-11_11h48.11.270,CFMT_CCMT_Face_recognition,2023.2.3,Win32,60.24096386,5ed2717aec79fd1d3ca47d65,6899c7d7c4c961a016830ad3,6899c943d7b52add83833ffa,,,,,,,,,,,,,,,,,,,,,,,,,,,,,,,,,,,,,,,,,,,,,,,,,,,,,,,,,,,,,,,,,,,,,,,,,,,,,,,,,,,,,,,,,,,,,,,,2060.593,2061.0933,,,,,,,,,,,,,,,,,,,,,,,,,,,,,,,,,,,,,,,,,,,,,,,,,,,,,,,2055.6954,2060.5927,1,0,4.8607,,0,22,22,22,1,stimuli_car/Slide60.jpg,3,,,,,,,,,,,,,,,,,,,,,,,,,,
,,,2025-08-11_11h48.11.270,CFMT_CCMT_Face_recognition,2023.2.3,Win32,60.24096386,5ed2717aec79fd1d3ca47d65,6899c7d7c4c961a016830ad3,6899c943d7b52add83833ffa,,,,,,,,,,,,,,,,,,,,,,,,,,,,,,,,,,,,,,,,,,,,,,,,,,,,,,,,,,,,,,,,,,,,,,,,,,,,,,,,,,,,,,,,,,,,,,,,2065.293,2065.7808,,,,,,,,,,,,,,,,,,,,,,,,,,,,,,,,,,,,,,,,,,,,,,,,,,,,,,,2061.0943,2065.2926,2,1,4.1505,,0,23,23,23,1,stimuli_car/Slide61.jpg,2,,,,,,,,,,,,,,,,,,,,,,,,,,
,,,2025-08-11_11h48.11.270,CFMT_CCMT_Face_recognition,2023.2.3,Win32,60.24096386,5ed2717aec79fd1d3ca47d65,6899c7d7c4c961a016830ad3,6899c943d7b52add83833ffa,,,,,,,,,,,,,,,,,,,,,,,,,,,,,,,,,,,,,,,,,,,,,,,,,,,,,,,,,,,,,,,,,,,,,,,,,,,,,,,,,,,,,,,,,,,,,,,,2072.9141,2073.4083,,,,,,,,,,,,,,,,,,,,,,,,,,,,,,,,,,,,,,,,,,,,,,,,,,,,,,,2065.7813,2072.9141,1,0,7.1122,,0,24,24,24,1,stimuli_car/Slide62.jpg,2,,,,,,,,,,,,,,,,,,,,,,,,,,
,,,2025-08-11_11h48.11.270,CFMT_CCMT_Face_recognition,2023.2.3,Win32,60.24096386,5ed2717aec79fd1d3ca47d65,6899c7d7c4c961a016830ad3,6899c943d7b52add83833ffa,,,,,,,,,,,,,,,,,,,,,,,,,,,,,,,,,,,,,,,,,,,,,,,,,,,,,,,,,,,,,,,,,,,,,,,,,,,,,,,,,,,,,,,,,,,,,,,,2076.4079,2076.9076,,,,,,,,,,,,,,,,,,,,,,,,,,,,,,,,,,,,,,,,,,,,,,,,,,,,,,,2073.4096,2076.4076,1,0,2.9677,,0,25,25,25,1,stimuli_car/Slide63.jpg,3,,,,,,,,,,,,,,,,,,,,,,,,,,
,,,2025-08-11_11h48.11.270,CFMT_CCMT_Face_recognition,2023.2.3,Win32,60.24096386,5ed2717aec79fd1d3ca47d65,6899c7d7c4c961a016830ad3,6899c943d7b52add83833ffa,,,,,,,,,,,,,,,,,,,,,,,,,,,,,,,,,,,,,,,,,,,,,,,,,,,,,,,,,,,,,,,,,,,,,,,,,,,,,,,,,,,,,,,,,,,,,,,,2080.6904,2081.1905,,,,,,,,,,,,,,,,,,,,,,,,,,,,,,,,,,,,,,,,,,,,,,,,,,,,,,,2076.909,2080.6901,1,0,3.7532,,0,26,26,26,1,stimuli_car/Slide64.jpg,2,,,,,,,,,,,,,,,,,,,,,,,,,,
,,,2025-08-11_11h48.11.270,CFMT_CCMT_Face_recognition,2023.2.3,Win32,60.24096386,5ed2717aec79fd1d3ca47d65,6899c7d7c4c961a016830ad3,6899c943d7b52add83833ffa,,,,,,,,,,,,,,,,,,,,,,,,,,,,,,,,,,,,,,,,,,,,,,,,,,,,,,,,,,,,,,,,,,,,,,,,,,,,,,,,,,,,,,,,,,,,,,,,2086.6401,2087.1415,,,,,,,,,,,,,,,,,,,,,,,,,,,,,,,,,,,,,,,,,,,,,,,,,,,,,,,2081.1919,2086.6398,2,1,5.4244,,0,27,27,27,1,stimuli_car/Slide65.jpg,2,,,,,,,,,,,,,,,,,,,,,,,,,,
,,,2025-08-11_11h48.11.270,CFMT_CCMT_Face_recognition,2023.2.3,Win32,60.24096386,5ed2717aec79fd1d3ca47d65,6899c7d7c4c961a016830ad3,6899c943d7b52add83833ffa,,,,,,,,,,,,,,,,,,,,,,,,,,,,,,,,,,,,,,,,,,,,,,,,,,,,,,,,,,,,,,,,,,,,,,,,,,,,,,,,,,,,,,,,,,,,,,,,2090.5727,2091.0724,,,,,,,,,,,,,,,,,,,,,,,,,,,,,,,,,,,,,,,,,,,,,,,,,,,,,,,2087.1419,2090.5723,2,0,3.4024,,0,28,28,28,1,stimuli_car/Slide66.jpg,1,,,,,,,,,,,,,,,,,,,,,,,,,,
,,,2025-08-11_11h48.11.270,CFMT_CCMT_Face_recognition,2023.2.3,Win32,60.24096386,5ed2717aec79fd1d3ca47d65,6899c7d7c4c961a016830ad3,6899c943d7b52add83833ffa,,,,,,,,,,,,,,,,,,,,,,,,,,,,,,,,,,,,,,,,,,,,,,,,,,,,,,,,,,,,,,,,,,,,,,,,,,,,,,,,,,,,,,,,,,,,,,,,2096.0781,2096.5719,,,,,,,,,,,,,,,,,,,,,,,,,,,,,,,,,,,,,,,,,,,,,,,,,,,,,,,2091.0741,2096.0781,1,1,4.9816,,0,29,29,29,1,stimuli_car/Slide67.jpg,1,,,,,,,,,,,,,,,,,,,,,,,,,,
,,,2025-08-11_11h48.11.270,CFMT_CCMT_Face_recognition,2023.2.3,Win32,60.24096386,5ed2717aec79fd1d3ca47d65,6899c7d7c4c961a016830ad3,6899c943d7b52add83833ffa,,,,,,,,,,,,,,,,,,,,,,,,,,,,,,,,,,,,,,,,,,,,,,,,,,,,,,,,,,,,,,,,,,,,,,,,,,,,,,,,,,,,,,,,,,,,,,,,2120.6528,2121.1519,,,,,,,,,,,,,,,,,,,,,,,,,,,,,,,,,,,,,,,,,,,,,,,,,,,2096.5734,2116.5702,2116.5705,2117.071,2117.075,2120.6522,2,1,3.5035,,0,0,0,0,1,stimuli_car/Slide69.jpg,2,,,,,,,,,,,,,,,,,,,,,,,,,,
,,,2025-08-11_11h48.11.270,CFMT_CCMT_Face_recognition,2023.2.3,Win32,60.24096386,5ed2717aec79fd1d3ca47d65,6899c7d7c4c961a016830ad3,6899c943d7b52add83833ffa,,,,,,,,,,,,,,,,,,,,,,,,,,,,,,,,,,,,,,,,,,,,,,,,,,,,,,,,,,,,,,,,,,,,,,,,,,,,,,,,,,,,,,,,,,,,,,,,2123.774,2124.2733,,,,,,,,,,,,,,,,,,,,,,,,,,,,,,,,,,,,,,,,,,,,,,,,,,,,,,,2121.1536,2123.7739,1,0,2.545,,0,1,1,1,1,stimuli_car/Slide70.jpg,3,,,,,,,,,,,,,,,,,,,,,,,,,,
,,,2025-08-11_11h48.11.270,CFMT_CCMT_Face_recognition,2023.2.3,Win32,60.24096386,5ed2717aec79fd1d3ca47d65,6899c7d7c4c961a016830ad3,6899c943d7b52add83833ffa,,,,,,,,,,,,,,,,,,,,,,,,,,,,,,,,,,,,,,,,,,,,,,,,,,,,,,,,,,,,,,,,,,,,,,,,,,,,,,,,,,,,,,,,,,,,,,,,2128.0183,2128.5177,,,,,,,,,,,,,,,,,,,,,,,,,,,,,,,,,,,,,,,,,,,,,,,,,,,,,,,2124.2737,2128.0178,3,1,3.6373,,0,2,2,2,1,stimuli_car/Slide71.jpg,3,,,,,,,,,,,,,,,,,,,,,,,,,,
,,,2025-08-11_11h48.11.270,CFMT_CCMT_Face_recognition,2023.2.3,Win32,60.24096386,5ed2717aec79fd1d3ca47d65,6899c7d7c4c961a016830ad3,6899c943d7b52add83833ffa,,,,,,,,,,,,,,,,,,,,,,,,,,,,,,,,,,,,,,,,,,,,,,,,,,,,,,,,,,,,,,,,,,,,,,,,,,,,,,,,,,,,,,,,,,,,,,,,2130.4499,2130.9497,,,,,,,,,,,,,,,,,,,,,,,,,,,,,,,,,,,,,,,,,,,,,,,,,,,,,,,2128.5192,2130.4498,2,0,1.8343,,0,3,3,3,1,stimuli_car/Slide72.jpg,1,,,,,,,,,,,,,,,,,,,,,,,,,,
,,,2025-08-11_11h48.11.270,CFMT_CCMT_Face_recognition,2023.2.3,Win32,60.24096386,5ed2717aec79fd1d3ca47d65,6899c7d7c4c961a016830ad3,6899c943d7b52add83833ffa,,,,,,,,,,,,,,,,,,,,,,,,,,,,,,,,,,,,,,,,,,,,,,,,,,,,,,,,,,,,,,,,,,,,,,,,,,,,,,,,,,,,,,,,,,,,,,,,2133.7401,2134.2339,,,,,,,,,,,,,,,,,,,,,,,,,,,,,,,,,,,,,,,,,,,,,,,,,,,,,,,2130.9502,2133.74,2,1,2.7434,,0,4,4,4,1,stimuli_car/Slide73.jpg,2,,,,,,,,,,,,,,,,,,,,,,,,,,
,,,2025-08-11_11h48.11.270,CFMT_CCMT_Face_recognition,2023.2.3,Win32,60.24096386,5ed2717aec79fd1d3ca47d65,6899c7d7c4c961a016830ad3,6899c943d7b52add83833ffa,,,,,,,,,,,,,,,,,,,,,,,,,,,,,,,,,,,,,,,,,,,,,,,,,,,,,,,,,,,,,,,,,,,,,,,,,,,,,,,,,,,,,,,,,,,,,,,,2136.5332,2137.0335,,,,,,,,,,,,,,,,,,,,,,,,,,,,,,,,,,,,,,,,,,,,,,,,,,,,,,,2134.2352,2136.533,2,1,2.2608,,0,5,5,5,1,stimuli_car/Slide74.jpg,2,,,,,,,,,,,,,,,,,,,,,,,,,,
,,,2025-08-11_11h48.11.270,CFMT_CCMT_Face_recognition,2023.2.3,Win32,60.24096386,5ed2717aec79fd1d3ca47d65,6899c7d7c4c961a016830ad3,6899c943d7b52add83833ffa,,,,,,,,,,,,,,,,,,,,,,,,,,,,,,,,,,,,,,,,,,,,,,,,,,,,,,,,,,,,,,,,,,,,,,,,,,,,,,,,,,,,,,,,,,,,,,,,2139.3162,2139.8177,,,,,,,,,,,,,,,,,,,,,,,,,,,,,,,,,,,,,,,,,,,,,,,,,,,,,,,2137.0349,2139.316,1,1,2.2452,,0,6,6,6,1,stimuli_car/Slide75.jpg,1,,,,,,,,,,,,,,,,,,,,,,,,,,
,,,2025-08-11_11h48.11.270,CFMT_CCMT_Face_recognition,2023.2.3,Win32,60.24096386,5ed2717aec79fd1d3ca47d65,6899c7d7c4c961a016830ad3,6899c943d7b52add83833ffa,,,,,,,,,,,,,,,,,,,,,,,,,,,,,,,,,,,,,,,,,,,,,,,,,,,,,,,,,,,,,,,,,,,,,,,,,,,,,,,,,,,,,,,,,,,,,,,,2143.7658,2144.2537,,,,,,,,,,,,,,,,,,,,,,,,,,,,,,,,,,,,,,,,,,,,,,,,,,,,,,,2139.8181,2143.7656,3,0,3.9135,,0,7,7,7,1,stimuli_car/Slide76.jpg,1,,,,,,,,,,,,,,,,,,,,,,,,,,
,,,2025-08-11_11h48.11.270,CFMT_CCMT_Face_recognition,2023.2.3,Win32,60.24096386,5ed2717aec79fd1d3ca47d65,6899c7d7c4c961a016830ad3,6899c943d7b52add83833ffa,,,,,,,,,,,,,,,,,,,,,,,,,,,,,,,,,,,,,,,,,,,,,,,,,,,,,,,,,,,,,,,,,,,,,,,,,,,,,,,,,,,,,,,,,,,,,,,,2146.8812,2147.3811,,,,,,,,,,,,,,,,,,,,,,,,,,,,,,,,,,,,,,,,,,,,,,,,,,,,,,,2144.2541,2146.8812,3,0,2.5944,,0,8,8,8,1,stimuli_car/Slide77.jpg,2,,,,,,,,,,,,,,,,,,,,,,,,,,
,,,2025-08-11_11h48.11.270,CFMT_CCMT_Face_recognition,2023.2.3,Win32,60.24096386,5ed2717aec79fd1d3ca47d65,6899c7d7c4c961a016830ad3,6899c943d7b52add83833ffa,,,,,,,,,,,,,,,,,,,,,,,,,,,,,,,,,,,,,,,,,,,,,,,,,,,,,,,,,,,,,,,,,,,,,,,,,,,,,,,,,,,,,,,,,,,,,,,,2153.9648,2154.4643,,,,,,,,,,,,,,,,,,,,,,,,,,,,,,,,,,,,,,,,,,,,,,,,,,,,,,,2147.3815,2153.9644,2,0,6.5488,,0,9,9,9,1,stimuli_car/Slide78.jpg,1,,,,,,,,,,,,,,,,,,,,,,,,,,
,,,2025-08-11_11h48.11.270,CFMT_CCMT_Face_recognition,2023.2.3,Win32,60.24096386,5ed2717aec79fd1d3ca47d65,6899c7d7c4c961a016830ad3,6899c943d7b52add83833ffa,,,,,,,,,,,,,,,,,,,,,,,,,,,,,,,,,,,,,,,,,,,,,,,,,,,,,,,,,,,,,,,,,,,,,,,,,,,,,,,,,,,,,,,,,,,,,,,,2156.9977,2157.5023,,,,,,,,,,,,,,,,,,,,,,,,,,,,,,,,,,,,,,,,,,,,,,,,,,,,,,,2154.466,2156.9972,3,0,2.4515,,0,10,10,10,1,stimuli_car/Slide79.jpg,1,,,,,,,,,,,,,,,,,,,,,,,,,,
,,,2025-08-11_11h48.11.270,CFMT_CCMT_Face_recognition,2023.2.3,Win32,60.24096386,5ed2717aec79fd1d3ca47d65,6899c7d7c4c961a016830ad3,6899c943d7b52add83833ffa,,,,,,,,,,,,,,,,,,,,,,,,,,,,,,,,,,,,,,,,,,,,,,,,,,,,,,,,,,,,,,,,,,,,,,,,,,,,,,,,,,,,,,,,,,,,,,,,2161.4626,2161.9626,,,,,,,,,,,,,,,,,,,,,,,,,,,,,,,,,,,,,,,,,,,,,,,,,,,,,,,2157.5027,2161.4625,1,0,3.8872,,0,11,11,11,1,stimuli_car/Slide80.jpg,3,,,,,,,,,,,,,,,,,,,,,,,,,,
,,,2025-08-11_11h48.11.270,CFMT_CCMT_Face_recognition,2023.2.3,Win32,60.24096386,5ed2717aec79fd1d3ca47d65,6899c7d7c4c961a016830ad3,6899c943d7b52add83833ffa,,,,,,,,,,,,,,,,,,,,,,,,,,,,,,,,,,,,,,,,,,,,,,,,,,,,,,,,,,,,,,,,,,,,,,,,,,,,,,,,,,,,,,,,,,,,,,,,2165.0797,2165.5807,,,,,,,,,,,,,,,,,,,,,,,,,,,,,,,,,,,,,,,,,,,,,,,,,,,,,,,2161.963,2165.0795,1,0,3.0796,,0,12,12,12,1,stimuli_car/Slide81.jpg,2,,,,,,,,,,,,,,,,,,,,,,,,,,
,,,2025-08-11_11h48.11.270,CFMT_CCMT_Face_recognition,2023.2.3,Win32,60.24096386,5ed2717aec79fd1d3ca47d65,6899c7d7c4c961a016830ad3,6899c943d7b52add83833ffa,,,,,,,,,,,,,,,,,,,,,,,,,,,,,,,,,,,,,,,,,,,,,,,,,,,,,,,,,,,,,,,,,,,,,,,,,,,,,,,,,,,,,,,,,,,,,,,,2170.3115,2170.8114,,,,,,,,,,,,,,,,,,,,,,,,,,,,,,,,,,,,,,,,,,,,,,,,,,,,,,,2165.5813,2170.3115,2,0,4.6537,,0,13,13,13,1,stimuli_car/Slide82.jpg,3,,,,,,,,,,,,,,,,,,,,,,,,,,
,,,2025-08-11_11h48.11.270,CFMT_CCMT_Face_recognition,2023.2.3,Win32,60.24096386,5ed2717aec79fd1d3ca47d65,6899c7d7c4c961a016830ad3,6899c943d7b52add83833ffa,,,,,,,,,,,,,,,,,,,,,,,,,,,,,,,,,,,,,,,,,,,,,,,,,,,,,,,,,,,,,,,,,,,,,,,,,,,,,,,,,,,,,,,,,,,,,,,,2174.411,2174.9109,,,,,,,,,,,,,,,,,,,,,,,,,,,,,,,,,,,,,,,,,,,,,,,,,,,,,,,2170.8118,2174.411,2,0,3.5087,,0,14,14,14,1,stimuli_car/Slide83.jpg,3,,,,,,,,,,,,,,,,,,,,,,,,,,
,,,2025-08-11_11h48.11.270,CFMT_CCMT_Face_recognition,2023.2.3,Win32,60.24096386,5ed2717aec79fd1d3ca47d65,6899c7d7c4c961a016830ad3,6899c943d7b52add83833ffa,,,,,,,,,,,,,,,,,,,,,,,,,,,,,,,,,,,,,,,,,,,,,,,,,,,,,,,,,,,,,,,,,,,,,,,,,,,,,,,,,,,,,,,,,,,,,,,,2177.2949,2177.795,,,,,,,,,,,,,,,,,,,,,,,,,,,,,,,,,,,,,,,,,,,,,,,,,,,,,,,2174.9115,2177.2947,2,1,2.3462,,0,15,15,15,1,stimuli_car/Slide84.jpg,2,,,,,,,,,,,,,,,,,,,,,,,,,,
,,,2025-08-11_11h48.11.270,CFMT_CCMT_Face_recognition,2023.2.3,Win32,60.24096386,5ed2717aec79fd1d3ca47d65,6899c7d7c4c961a016830ad3,6899c943d7b52add83833ffa,,,,,,,,,,,,,,,,,,,,,,,,,,,,,,,,,,,,,,,,,,,,,,,,,,,,,,,,,,,,,,,,,,,,,,,,,,,,,,,,,,,,,,,,,,,,,,,,2186.0631,2186.5652,,,,,,,,,,,,,,,,,,,,,,,,,,,,,,,,,,,,,,,,,,,,,,,,,,,,,,,2177.7964,2186.063,2,1,8.1902,,0,16,16,16,1,stimuli_car/Slide85.jpg,2,,,,,,,,,,,,,,,,,,,,,,,,,,
,,,2025-08-11_11h48.11.270,CFMT_CCMT_Face_recognition,2023.2.3,Win32,60.24096386,5ed2717aec79fd1d3ca47d65,6899c7d7c4c961a016830ad3,6899c943d7b52add83833ffa,,,,,,,,,,,,,,,,,,,,,,,,,,,,,,,,,,,,,,,,,,,,,,,,,,,,,,,,,,,,,,,,,,,,,,,,,,,,,,,,,,,,,,,,,,,,,,,,2190.609,2191.1089,,,,,,,,,,,,,,,,,,,,,,,,,,,,,,,,,,,,,,,,,,,,,,,,,,,,,,,2186.5656,2190.609,2,1,3.9915,,0,17,17,17,1,stimuli_car/Slide86.jpg,2,,,,,,,,,,,,,,,,,,,,,,,,,,
,,,2025-08-11_11h48.11.270,CFMT_CCMT_Face_recognition,2023.2.3,Win32,60.24096386,5ed2717aec79fd1d3ca47d65,6899c7d7c4c961a016830ad3,6899c943d7b52add83833ffa,,,,,,,,,,,,,,,,,,,,,,,,,,,,,,,,,,,,,,,,,,,,,,,,,,,,,,,,,,,,,,,,,,,,,,,,,,,,,,,,,,,,,,,,,,,,,,,,2196.2415,2196.7415,,,,,,,,,,,,,,,,,,,,,,,,,,,,,,,,,,,,,,,,,,,,,,,,,,,,,,,2191.1092,2196.2415,3,0,5.0936,,0,18,18,18,1,stimuli_car/Slide87.jpg,2,,,,,,,,,,,,,,,,,,,,,,,,,,
,,,2025-08-11_11h48.11.270,CFMT_CCMT_Face_recognition,2023.2.3,Win32,60.24096386,5ed2717aec79fd1d3ca47d65,6899c7d7c4c961a016830ad3,6899c943d7b52add83833ffa,,,,,,,,,,,,,,,,,,,,,,,,,,,,,,,,,,,,,,,,,,,,,,,,,,,,,,,,,,,,,,,,,,,,,,,,,,,,,,,,,,,,,,,,,,,,,,,,2198.7762,2199.2757,,,,,,,,,,,,,,,,,,,,,,,,,,,,,,,,,,,,,,,,,,,,,,,,,,,,,,,2196.7419,2198.776,2,1,2.0013,,0,19,19,19,1,stimuli_car/Slide88.jpg,2,,,,,,,,,,,,,,,,,,,,,,,,,,
,,,2025-08-11_11h48.11.270,CFMT_CCMT_Face_recognition,2023.2.3,Win32,60.24096386,5ed2717aec79fd1d3ca47d65,6899c7d7c4c961a016830ad3,6899c943d7b52add83833ffa,,,,,,,,,,,,,,,,,,,,,,,,,,,,,,,,,,,,,,,,,,,,,,,,,,,,,,,,,,,,,,,,,,,,,,,,,,,,,,,,,,,,,,,,,,,,,,,,2202.0242,2202.5241,,,,,,,,,,,,,,,,,,,,,,,,,,,,,,,,,,,,,,,,,,,,,,,,,,,,,,,2199.2771,2202.0241,2,0,2.7063,,0,20,20,20,1,stimuli_car/Slide89.jpg,3,,,,,,,,,,,,,,,,,,,,,,,,,,
,,,2025-08-11_11h48.11.270,CFMT_CCMT_Face_recognition,2023.2.3,Win32,60.24096386,5ed2717aec79fd1d3ca47d65,6899c7d7c4c961a016830ad3,6899c943d7b52add83833ffa,,,,,,,,,,,,,,,,,,,,,,,,,,,,,,,,,,,,,,,,,,,,,,,,,,,,,,,,,,,,,,,,,,,,,,,,,,,,,,,,,,,,,,,,,,,,,,,,2206.658,2207.1579,,,,,,,,,,,,,,,,,,,,,,,,,,,,,,,,,,,,,,,,,,,,,,,,,,,,,,,2202.5246,2206.6576,3,1,4.0961,,0,21,21,21,1,stimuli_car/Slide90.jpg,3,,,,,,,,,,,,,,,,,,,,,,,,,,
,,,2025-08-11_11h48.11.270,CFMT_CCMT_Face_recognition,2023.2.3,Win32,60.24096386,5ed2717aec79fd1d3ca47d65,6899c7d7c4c961a016830ad3,6899c943d7b52add83833ffa,,,,,,,,,,,,,,,,,,,,,,,,,,,,,,,,,,,,,,,,,,,,,,,,,,,,,,,,,,,,,,,,,,,,,,,,,,,,,,,,,,,,,,,,,,,,,,,,2212.3099,2212.8113,,,,,,,,,,,,,,,,,,,,,,,,,,,,,,,,,,,,,,,,,,,,,,,,,,,,,,,2207.1593,2212.3099,1,1,5.1243,,0,22,22,22,1,stimuli_car/Slide91.jpg,1,,,,,,,,,,,,,,,,,,,,,,,,,,
,,,2025-08-11_11h48.11.270,CFMT_CCMT_Face_recognition,2023.2.3,Win32,60.24096386,5ed2717aec79fd1d3ca47d65,6899c7d7c4c961a016830ad3,6899c943d7b52add83833ffa,,,,,,,,,,,,,,,,,,,,,,,,,,,,,,,,,,,,,,,,,,,,,,,,,,,,,,,,,,,,,,,,,,,,,,,,,,,,,,,,,,,,,,,,,,,,,,,,2216.2891,2216.7891,,,,,,,,,,,,,,,,,,,,,,,,,,,,,,,,,,,,,,,,,,,,,,,,,,,,,,,2212.8117,2216.2891,1,0,3.4459,,0,23,23,23,1,stimuli_car/Slide92.jpg,3,,,,,,,,,,,,,,,,,,,,,,,,,,
,,,2025-08-11_11h48.11.270,CFMT_CCMT_Face_recognition,2023.2.3,Win32,60.24096386,5ed2717aec79fd1d3ca47d65,6899c7d7c4c961a016830ad3,6899c943d7b52add83833ffa,,,,,,,,,,,,,,,,,,,,,,,,,,,,,,,,,,,,,,,,,,,,,,,,,,,,,,,,,,,,,,,,,,,,,,,,,,,,,,,,,,,,,,,,,,,,,,,,,,,,,,,,,,,,,,,,,,,,,,,,,,,,,,,,,,,,,,,,,,,,,,,,,,,,,,,,,,,,,,,,,,,,,2216.7893,2216.7894,0,1,1,1,1,conditionsFile_cars/conditionFiles_car.xlsx,Cambridge Car Memory Test,Memorize the car in the next three images.,conditionsFile_cars/Prac_learn.xlsx,conditionsFile_cars/Prac_rec.xlsx,"Which car did you just view? There is only one correct answer. Press 1,2 or 3","In this test, you will learn to recognize six cars.",Memorize the following car.,Which car did you just view?,Next you will review the same 6 cars for 20 seconds.,Review the cars (20 seconds),stimuli_car/review.jpg,Now your memory of these cars will be tested.,"In the remaining trials, the correct answer can be any of the six cars.","The incorrect cars are sometimes very similar to the target cars, so be sure to look at each car prior answering.",conditionsFile_cars/conditionsfile_rec_car.xlsx,"To begin memorizing the first car, press the ""space bar"".",,
,,,2025-08-11_11h48.11.270,CFMT_CCMT_Face_recognition,2023.2.3,Win32,60.24096386,5ed2717aec79fd1d3ca47d65,6899c7d7c4c961a016830ad3,6899c943d7b52add83833ffa,,,,,,,,,,,,,,,,,,,,,,,,,,,,,,,,,,,,,,,,,,,,,,,,,,,,,,,,,,,,,,,,,,,,,,,,,,,,,,,,,,,,,,,,,,,,,,,,,,,,,,,,,,,,,,,,,,,,,,,,,,,,,,,,,,,,,,,,,,,,,,,,,,,,,,,,,,,,,,,,,,,,,,,,,,,,,,,,,,,,,,,,,,,,,2216.7906,2221.7887