Wait.started,Wait.stopped,,date,expName,psychopyVersion,OS,frameRate,participant,study_id,session,Study_information_1.started,Study_information_1.stopped,key_resp_14.keys,key_resp_14.rt,key_resp_14.duration,Study_information_2.started,Study_information_2.stopped,key_resp_17.keys,key_resp_17.rt,key_resp_17.duration,Study_information_3.started,Study_information_3.stopped,key_resp_15.keys,key_resp_15.rt,key_resp_15.duration,Consent.started,Consent.stopped,key_resp_16.keys,key_resp_16.rt,key_resp_16.duration,Face_recognition_task.started,Face_recognition_task.stopped,key_resp_18.keys,key_resp_18.rt,key_resp_18.duration,Instructions_task.started,Instructions_task.stopped,key_resp_19.keys,key_resp_19.rt,key_resp_19.duration,Instructions_fam_1.started,Instructions_fam_1.stopped,key_resp_3.keys,key_resp_3.rt,key_resp_3.duration,Instructions_fam_2.started,Instructions_fam_2.stopped,key_resp_2.keys,key_resp_2.rt,key_resp_2.duration,Instructions_fam_3.started,Instructions_fam_3.stopped,key_resp.keys,key_resp.rt,key_resp.duration,fix_cross.started,fixation_duration,fix_cross.stopped,familiarisation_trial.started,familiarisation_trial.stopped,view_image.started,view_image.stopped,image_loop.thisRepN,image_loop.thisTrialN,image_loop.thisN,image_loop.thisIndex,image_loop.ran,catch_trial.started,catch_trial.stopped,key_resp_catch.keys,key_resp_catch.corr,key_resp_catch.rt,key_resp_catch.duration,Thanks_1.started,Thanks_1.stopped,Break.started,Break.stopped,Instructions_recognition_1.started,Instructions_recognition_1.stopped,Instructions_recognition_2.started,Instructions_recognition_2.stopped,rec_trial.started,rec_trial.stopped,response_recog.keys,response_recog.corr,response_recog.rt,response_recog.duration,recognition_loop.thisRepN,recognition_loop.thisTrialN,recognition_loop.thisN,recognition_loop.thisIndex,recognition_loop.ran,Break_recognition.started,Break_recognition.stopped,key_resp_7.keys,key_resp_7.rt,key_resp_7.duration,Next_test.started,Next_test.stopped,Instructions_CFMT_1.started,Instructions_CFMT_1.stopped,Instructions_CFMT_Practice.started,Instructions_CFMT_Practice.stopped,Practice_learn.started,Practice_learn.stopped,ITI.started,ITI.stopped,trials_prac_learn.thisRepN,trials_prac_learn.thisTrialN,trials_prac_learn.thisN,trials_prac_learn.thisIndex,trials_prac_learn.ran,stim_prac,Practice_rec.started,Practice_rec.stopped,key_resp_4.keys,key_resp_4.corr,key_resp_4.rt,key_resp_4.duration,trials_prac_rec.thisRepN,trials_prac_rec.thisTrialN,trials_prac_rec.thisN,trials_prac_rec.thisIndex,trials_prac_rec.ran,stim_prac_rec,corr_answ_prac,Instructions_CFMT_Experiment.started,Instructions_CFMT_Experiment.stopped,Next_face.started,Next_face.stopped,Exp_learn.started,Exp_learn.stopped,trials_learn_exp.thisRepN,trials_learn_exp.thisTrialN,trials_learn_exp.thisN,trials_learn_exp.thisIndex,trials_learn_exp.ran,learn_exp,rec_exp,corr_answ_rec,Exp_rec.started,Exp_rec.stopped,key_resp_9.keys,key_resp_9.corr,key_resp_9.rt,key_resp_9.duration,trials_rec_exp.thisRepN,trials_rec_exp.thisTrialN,trials_rec_exp.thisN,trials_rec_exp.thisIndex,trials_rec_exp.ran,Instructions_CFMT_Experiment_2.started,Instructions_CFMT_Experiment_2.stopped,Review_image.started,Review_image.stopped,Instructions_CFMT_Experiment_3.started,Instructions_CFMT_Experiment_3.stopped,Review_image_skipp.started,Review_image_skipp.stopped,ITI_skipp.started,ITI_skipp.stopped,recognition_2.started,recognition_2.stopped,key_resp_12.keys,key_resp_12.corr,key_resp_12.rt,key_resp_12.duration,trials_rec_CMFT.thisRepN,trials_rec_CMFT.thisTrialN,trials_rec_CMFT.thisN,trials_rec_CMFT.thisIndex,trials_rec_CMFT.ran,image_face,corr_answ,Next_test_2.started,Next_test_2.stopped,experiment_loop.thisRepN,experiment_loop.thisTrialN,experiment_loop.thisN,experiment_loop.thisIndex,experiment_loop.ran,experiment_block,Title,Instructions_1,Prac_learn_stim,Prac_rec_stim,Instructions_2,Instructions_3,Next_Stim,Instructions_4,Instructions_5,Instructions_review,Review_image_stim,Instructions_6,Instructions_7,Instructions_8,conditions_rec,Instructions_9,End_experiment.started,End_experiment.stopped
0,0,6007421356226920359b5f3e,2025-08-11_11h58.11.883,CFMT_CCMT_Face_recognition,03.02.2023,Win32,144.092219,6007421356226920359b5f3e,6899c7d7c4c961a016830ad3,6899c9b198c77f2e0d49d774,,,,,,,,,,,,,,,,,,,,,,,,,,,,,,,,,,,,,,,,,,,,,,,,,,,,,,,,,,,,,,,,,,,,,,,,,,,,,,,,,,,,,,,,,,,,,,,,,,,,,,,,,,,,,,,,,,,,,,,,,,,,,,,,,,,,,,,,,,,,,,,,,,,,,,,,,,,,,,,,,,,,,,,,,,,,,,,,,,,,,,,,,,,,,,
,,6007421356226920359b5f3e,2025-08-11_11h58.11.883,CFMT_CCMT_Face_recognition,03.02.2023,Win32,144.092219,6007421356226920359b5f3e,6899c7d7c4c961a016830ad3,6899c9b198c77f2e0d49d774,0,4.774,space,4.731,,,,,,,,,,,,,,,,,,,,,,,,,,,,,,,,,,,,,,,,,,,,,,,,,,,,,,,,,,,,,,,,,,,,,,,,,,,,,,,,,,,,,,,,,,,,,,,,,,,,,,,,,,,,,,,,,,,,,,,,,,,,,,,,,,,,,,,,,,,,,,,,,,,,,,,,,,,,,,,,,,,,,,,,,,,,,,,,,,,,,,,,,,
,,6007421356226920359b5f3e,2025-08-11_11h58.11.883,CFMT_CCMT_Face_recognition,03.02.2023,Win32,144.092219,6007421356226920359b5f3e,6899c7d7c4c961a016830ad3,6899c9b198c77f2e0d49d774,,,,,,4.774,6.557,space,1.757,,,,,,,,,,,,,,,,,,,,,,,,,,,,,,,,,,,,,,,,,,,,,,,,,,,,,,,,,,,,,,,,,,,,,,,,,,,,,,,,,,,,,,,,,,,,,,,,,,,,,,,,,,,,,,,,,,,,,,,,,,,,,,,,,,,,,,,,,,,,,,,,,,,,,,,,,,,,,,,,,,,,,,,,,,,,,,,,,,,,,
,,6007421356226920359b5f3e,2025-08-11_11h58.11.883,CFMT_CCMT_Face_recognition,03.02.2023,Win32,144.092219,6007421356226920359b5f3e,6899c7d7c4c961a016830ad3,6899c9b198c77f2e0d49d774,,,,,,,,,,,6.557,7.613,space,1.037,,,,,,,,,,,,,,,,,,,,,,,,,,,,,,,,,,,,,,,,,,,,,,,,,,,,,,,,,,,,,,,,,,,,,,,,,,,,,,,,,,,,,,,,,,,,,,,,,,,,,,,,,,,,,,,,,,,,,,,,,,,,,,,,,,,,,,,,,,,,,,,,,,,,,,,,,,,,,,,,,,,,,,,,,,,,,,,,
,,6007421356226920359b5f3e,2025-08-11_11h58.11.883,CFMT_CCMT_Face_recognition,03.02.2023,Win32,144.092219,6007421356226920359b5f3e,6899c7d7c4c961a016830ad3,6899c9b198c77f2e0d49d774,,,,,,,,,,,,,,,,7.613,9.161,space,1.525,,,,,,,,,,,,,,,,,,,,,,,,,,,,,,,,,,,,,,,,,,,,,,,,,,,,,,,,,,,,,,,,,,,,,,,,,,,,,,,,,,,,,,,,,,,,,,,,,,,,,,,,,,,,,,,,,,,,,,,,,,,,,,,,,,,,,,,,,,,,,,,,,,,,,,,,,,,,,,,,,,,,,,,,,,,
,,6007421356226920359b5f3e,2025-08-11_11h58.11.883,CFMT_CCMT_Face_recognition,03.02.2023,Win32,144.092219,6007421356226920359b5f3e,6899c7d7c4c961a016830ad3,6899c9b198c77f2e0d49d774,,,,,,,,,,,,,,,,,,,,,9.161,10.598,space,1.404,,,,,,,,,,,,,,,,,,,,,,,,,,,,,,,,,,,,,,,,,,,,,,,,,,,,,,,,,,,,,,,,,,,,,,,,,,,,,,,,,,,,,,,,,,,,,,,,,,,,,,,,,,,,,,,,,,,,,,,,,,,,,,,,,,,,,,,,,,,,,,,,,,,,,,,,,,,,,,,,,,,,,,
,,6007421356226920359b5f3e,2025-08-11_11h58.11.883,CFMT_CCMT_Face_recognition,03.02.2023,Win32,144.092219,6007421356226920359b5f3e,6899c7d7c4c961a016830ad3,6899c9b198c77f2e0d49d774,,,,,,,,,,,,,,,,,,,,,,,,,,10.598,13.41,space,2.786,,,,,,,,,,,,,,,,,,,,,,,,,,,,,,,,,,,,,,,,,,,,,,,,,,,,,,,,,,,,,,,,,,,,,,,,,,,,,,,,,,,,,,,,,,,,,,,,,,,,,,,,,,,,,,,,,,,,,,,,,,,,,,,,,,,,,,,,,,,,,,,,,,,,,,,,,,,,,,,,,
,,6007421356226920359b5f3e,2025-08-11_11h58.11.883,CFMT_CCMT_Face_recognition,03.02.2023,Win32,144.092219,6007421356226920359b5f3e,6899c7d7c4c961a016830ad3,6899c9b198c77f2e0d49d774,,,,,,,,,,,,,,,,,,,,,,,,,,,,,,,13.411,17.633,space,4.203,,,,,,,,,,,,,,,,,,,,,,,,,,,,,,,,,,,,,,,,,,,,,,,,,,,,,,,,,,,,,,,,,,,,,,,,,,,,,,,,,,,,,,,,,,,,,,,,,,,,,,,,,,,,,,,,,,,,,,,,,,,,,,,,,,,,,,,,,,,,,,,,,,,,,,,,,,,,
,,6007421356226920359b5f3e,2025-08-11_11h58.11.883,CFMT_CCMT_Face_recognition,03.02.2023,Win32,144.092219,6007421356226920359b5f3e,6899c7d7c4c961a016830ad3,6899c9b198c77f2e0d49d774,,,,,,,,,,,,,,,,,,,,,,,,,,,,,,,,,,,,17.633,21.846,space,4.196,,,,,,,,,,,,,,,,,,,,,,,,,,,,,,,,,,,,,,,,,,,,,,,,,,,,,,,,,,,,,,,,,,,,,,,,,,,,,,,,,,,,,,,,,,,,,,,,,,,,,,,,,,,,,,,,,,,,,,,,,,,,,,,,,,,,,,,,,,,,,,,,,,,,,,,
,,6007421356226920359b5f3e,2025-08-11_11h58.11.883,CFMT_CCMT_Face_recognition,03.02.2023,Win32,144.092219,6007421356226920359b5f3e,6899c7d7c4c961a016830ad3,6899c9b198c77f2e0d49d774,,,,,,,,,,,,,,,,,,,,,,,,,,,,,,,,,,,,,,,,,21.846,55.527,space,33.661,,,,,,,,,,,,,,,,,,,,,,,,,,,,,,,,,,,,,,,,,,,,,,,,,,,,,,,,,,,,,,,,,,,,,,,,,,,,,,,,,,,,,,,,,,,,,,,,,,,,,,,,,,,,,,,,,,,,,,,,,,,,,,,,,,,,,,,,,,,,,,,,,,
,,6007421356226920359b5f3e,2025-08-11_11h58.11.883,CFMT_CCMT_Face_recognition,03.02.2023,Win32,144.092219,6007421356226920359b5f3e,6899c7d7c4c961a016830ad3,6899c9b198c77f2e0d49d774,,,,,,,,,,,,,,,,,,,,,,,,,,,,,,,,,,,,,,,,,,,,,,55.53,1.961543753,57.491,57.491,57.493,57.494,58.242,0,0,0,0,1,,,,,,,,,,,,,,,,,,,,,,,,,,,,,,,,,,,,,,,,,,,,,,,,,,,,,,,,,,,,,,,,,,,,,,,,,,,,,,,,,,,,,,,,,,,,,,,,,,,,,,,,,,,,,,,,,,,,,,,,,,,,,,,,,,,,,
,,6007421356226920359b5f3e,2025-08-11_11h58.11.883,CFMT_CCMT_Face_recognition,03.02.2023,Win32,144.092219,6007421356226920359b5f3e,6899c7d7c4c961a016830ad3,6899c9b198c77f2e0d49d774,,,,,,,,,,,,,,,,,,,,,,,,,,,,,,,,,,,,,,,,,,,,,,,,,,,58.242,58.992,1,0,1,0,1,,,,,,,,,,,,,,,,,,,,,,,,,,,,,,,,,,,,,,,,,,,,,,,,,,,,,,,,,,,,,,,,,,,,,,,,,,,,,,,,,,,,,,,,,,,,,,,,,,,,,,,,,,,,,,,,,,,,,,,,,,,,,,,,,,,,,
,,6007421356226920359b5f3e,2025-08-11_11h58.11.883,CFMT_CCMT_Face_recognition,03.02.2023,Win32,144.092219,6007421356226920359b5f3e,6899c7d7c4c961a016830ad3,6899c9b198c77f2e0d49d774,,,,,,,,,,,,,,,,,,,,,,,,,,,,,,,,,,,,,,,,,,,,,,,,,,,58.992,59.742,2,0,2,0,1,,,,,,,,,,,,,,,,,,,,,,,,,,,,,,,,,,,,,,,,,,,,,,,,,,,,,,,,,,,,,,,,,,,,,,,,,,,,,,,,,,,,,,,,,,,,,,,,,,,,,,,,,,,,,,,,,,,,,,,,,,,,,,,,,,,,,
,,6007421356226920359b5f3e,2025-08-11_11h58.11.883,CFMT_CCMT_Face_recognition,03.02.2023,Win32,144.092219,6007421356226920359b5f3e,6899c7d7c4c961a016830ad3,6899c9b198c77f2e0d49d774,,,,,,,,,,,,,,,,,,,,,,,,,,,,,,,,,,,,,,,,,,,,,,,,,,,59.742,60.491,3,0,3,0,1,,,,,,,,,,,,,,,,,,,,,,,,,,,,,,,,,,,,,,,,,,,,,,,,,,,,,,,,,,,,,,,,,,,,,,,,,,,,,,,,,,,,,,,,,,,,,,,,,,,,,,,,,,,,,,,,,,,,,,,,,,,,,,,,,,,,,
,,6007421356226920359b5f3e,2025-08-11_11h58.11.883,CFMT_CCMT_Face_recognition,03.02.2023,Win32,144.092219,6007421356226920359b5f3e,6899c7d7c4c961a016830ad3,6899c9b198c77f2e0d49d774,,,,,,,,,,,,,,,,,,,,,,,,,,,,,,,,,,,,,,,,,,,,,,,,,,,60.492,61.241,4,0,4,0,1,,,,,,,,,,,,,,,,,,,,,,,,,,,,,,,,,,,,,,,,,,,,,,,,,,,,,,,,,,,,,,,,,,,,,,,,,,,,,,,,,,,,,,,,,,,,,,,,,,,,,,,,,,,,,,,,,,,,,,,,,,,,,,,,,,,,,
,,6007421356226920359b5f3e,2025-08-11_11h58.11.883,CFMT_CCMT_Face_recognition,03.02.2023,Win32,144.092219,6007421356226920359b5f3e,6899c7d7c4c961a016830ad3,6899c9b198c77f2e0d49d774,,,,,,,,,,,,,,,,,,,,,,,,,,,,,,,,,,,,,,,,,,,,,,,,,,,61.242,61.992,5,0,5,0,1,,,,,,,,,,,,,,,,,,,,,,,,,,,,,,,,,,,,,,,,,,,,,,,,,,,,,,,,,,,,,,,,,,,,,,,,,,,,,,,,,,,,,,,,,,,,,,,,,,,,,,,,,,,,,,,,,,,,,,,,,,,,,,,,,,,,,
,,6007421356226920359b5f3e,2025-08-11_11h58.11.883,CFMT_CCMT_Face_recognition,03.02.2023,Win32,144.092219,6007421356226920359b5f3e,6899c7d7c4c961a016830ad3,6899c9b198c77f2e0d49d774,,,,,,,,,,,,,,,,,,,,,,,,,,,,,,,,,,,,,,,,,,,,,,61.993,2.233373272,64.227,64.227,64.227,64.227,64.977,0,0,0,0,1,61.992,61.993,,0,,,,,,,,,,,,,,,,,,,,,,,,,,,,,,,,,,,,,,,,,,,,,,,,,,,,,,,,,,,,,,,,,,,,,,,,,,,,,,,,,,,,,,,,,,,,,,,,,,,,,,,,,,,,,,,,,,,,,,,,,,,,,,,,,
,,6007421356226920359b5f3e,2025-08-11_11h58.11.883,CFMT_CCMT_Face_recognition,03.02.2023,Win32,144.092219,6007421356226920359b5f3e,6899c7d7c4c961a016830ad3,6899c9b198c77f2e0d49d774,,,,,,,,,,,,,,,,,,,,,,,,,,,,,,,,,,,,,,,,,,,,,,,,,,,64.977,65.726,1,0,1,0,1,,,,,,,,,,,,,,,,,,,,,,,,,,,,,,,,,,,,,,,,,,,,,,,,,,,,,,,,,,,,,,,,,,,,,,,,,,,,,,,,,,,,,,,,,,,,,,,,,,,,,,,,,,,,,,,,,,,,,,,,,,,,,,,,,,,,,
,,6007421356226920359b5f3e,2025-08-11_11h58.11.883,CFMT_CCMT_Face_recognition,03.02.2023,Win32,144.092219,6007421356226920359b5f3e,6899c7d7c4c961a016830ad3,6899c9b198c77f2e0d49d774,,,,,,,,,,,,,,,,,,,,,,,,,,,,,,,,,,,,,,,,,,,,,,,,,,,65.726,66.476,2,0,2,0,1,,,,,,,,,,,,,,,,,,,,,,,,,,,,,,,,,,,,,,,,,,,,,,,,,,,,,,,,,,,,,,,,,,,,,,,,,,,,,,,,,,,,,,,,,,,,,,,,,,,,,,,,,,,,,,,,,,,,,,,,,,,,,,,,,,,,,
,,6007421356226920359b5f3e,2025-08-11_11h58.11.883,CFMT_CCMT_Face_recognition,03.02.2023,Win32,144.092219,6007421356226920359b5f3e,6899c7d7c4c961a016830ad3,6899c9b198c77f2e0d49d774,,,,,,,,,,,,,,,,,,,,,,,,,,,,,,,,,,,,,,,,,,,,,,,,,,,66.476,67.227,3,0,3,0,1,,,,,,,,,,,,,,,,,,,,,,,,,,,,,,,,,,,,,,,,,,,,,,,,,,,,,,,,,,,,,,,,,,,,,,,,,,,,,,,,,,,,,,,,,,,,,,,,,,,,,,,,,,,,,,,,,,,,,,,,,,,,,,,,,,,,,
,,6007421356226920359b5f3e,2025-08-11_11h58.11.883,CFMT_CCMT_Face_recognition,03.02.2023,Win32,144.092219,6007421356226920359b5f3e,6899c7d7c4c961a016830ad3,6899c9b198c77f2e0d49d774,,,,,,,,,,,,,,,,,,,,,,,,,,,,,,,,,,,,,,,,,,,,,,,,,,,67.227,67.976,4,0,4,0,1,,,,,,,,,,,,,,,,,,,,,,,,,,,,,,,,,,,,,,,,,,,,,,,,,,,,,,,,,,,,,,,,,,,,,,,,,,,,,,,,,,,,,,,,,,,,,,,,,,,,,,,,,,,,,,,,,,,,,,,,,,,,,,,,,,,,,
,,6007421356226920359b5f3e,2025-08-11_11h58.11.883,CFMT_CCMT_Face_recognition,03.02.2023,Win32,144.092219,6007421356226920359b5f3e,6899c7d7c4c961a016830ad3,6899c9b198c77f2e0d49d774,,,,,,,,,,,,,,,,,,,,,,,,,,,,,,,,,,,,,,,,,,,,,,,,,,,67.976,68.726,5,0,5,0,1,,,,,,,,,,,,,,,,,,,,,,,,,,,,,,,,,,,,,,,,,,,,,,,,,,,,,,,,,,,,,,,,,,,,,,,,,,,,,,,,,,,,,,,,,,,,,,,,,,,,,,,,,,,,,,,,,,,,,,,,,,,,,,,,,,,,,
,,6007421356226920359b5f3e,2025-08-11_11h58.11.883,CFMT_CCMT_Face_recognition,03.02.2023,Win32,144.092219,6007421356226920359b5f3e,6899c7d7c4c961a016830ad3,6899c9b198c77f2e0d49d774,,,,,,,,,,,,,,,,,,,,,,,,,,,,,,,,,,,,,,,,,,,,,,68.727,1.842446386,70.565,70.566,70.566,70.566,71.315,0,0,0,0,1,68.726,68.726,,0,,,,,,,,,,,,,,,,,,,,,,,,,,,,,,,,,,,,,,,,,,,,,,,,,,,,,,,,,,,,,,,,,,,,,,,,,,,,,,,,,,,,,,,,,,,,,,,,,,,,,,,,,,,,,,,,,,,,,,,,,,,,,,,,,
,,6007421356226920359b5f3e,2025-08-11_11h58.11.883,CFMT_CCMT_Face_recognition,03.02.2023,Win32,144.092219,6007421356226920359b5f3e,6899c7d7c4c961a016830ad3,6899c9b198c77f2e0d49d774,,,,,,,,,,,,,,,,,,,,,,,,,,,,,,,,,,,,,,,,,,,,,,,,,,,71.316,72.067,1,0,1,0,1,,,,,,,,,,,,,,,,,,,,,,,,,,,,,,,,,,,,,,,,,,,,,,,,,,,,,,,,,,,,,,,,,,,,,,,,,,,,,,,,,,,,,,,,,,,,,,,,,,,,,,,,,,,,,,,,,,,,,,,,,,,,,,,,,,,,,
,,6007421356226920359b5f3e,2025-08-11_11h58.11.883,CFMT_CCMT_Face_recognition,03.02.2023,Win32,144.092219,6007421356226920359b5f3e,6899c7d7c4c961a016830ad3,6899c9b198c77f2e0d49d774,,,,,,,,,,,,,,,,,,,,,,,,,,,,,,,,,,,,,,,,,,,,,,,,,,,72.067,72.815,2,0,2,0,1,,,,,,,,,,,,,,,,,,,,,,,,,,,,,,,,,,,,,,,,,,,,,,,,,,,,,,,,,,,,,,,,,,,,,,,,,,,,,,,,,,,,,,,,,,,,,,,,,,,,,,,,,,,,,,,,,,,,,,,,,,,,,,,,,,,,,
,,6007421356226920359b5f3e,2025-08-11_11h58.11.883,CFMT_CCMT_Face_recognition,03.02.2023,Win32,144.092219,6007421356226920359b5f3e,6899c7d7c4c961a016830ad3,6899c9b198c77f2e0d49d774,,,,,,,,,,,,,,,,,,,,,,,,,,,,,,,,,,,,,,,,,,,,,,,,,,,72.816,73.565,3,0,3,0,1,,,,,,,,,,,,,,,,,,,,,,,,,,,,,,,,,,,,,,,,,,,,,,,,,,,,,,,,,,,,,,,,,,,,,,,,,,,,,,,,,,,,,,,,,,,,,,,,,,,,,,,,,,,,,,,,,,,,,,,,,,,,,,,,,,,,,
,,6007421356226920359b5f3e,2025-08-11_11h58.11.883,CFMT_CCMT_Face_recognition,03.02.2023,Win32,144.092219,6007421356226920359b5f3e,6899c7d7c4c961a016830ad3,6899c9b198c77f2e0d49d774,,,,,,,,,,,,,,,,,,,,,,,,,,,,,,,,,,,,,,,,,,,,,,,,,,,73.565,74.315,4,0,4,0,1,,,,,,,,,,,,,,,,,,,,,,,,,,,,,,,,,,,,,,,,,,,,,,,,,,,,,,,,,,,,,,,,,,,,,,,,,,,,,,,,,,,,,,,,,,,,,,,,,,,,,,,,,,,,,,,,,,,,,,,,,,,,,,,,,,,,,
,,6007421356226920359b5f3e,2025-08-11_11h58.11.883,CFMT_CCMT_Face_recognition,03.02.2023,Win32,144.092219,6007421356226920359b5f3e,6899c7d7c4c961a016830ad3,6899c9b198c77f2e0d49d774,,,,,,,,,,,,,,,,,,,,,,,,,,,,,,,,,,,,,,,,,,,,,,,,,,,74.315,75.065,5,0,5,0,1,,,,,,,,,,,,,,,,,,,,,,,,,,,,,,,,,,,,,,,,,,,,,,,,,,,,,,,,,,,,,,,,,,,,,,,,,,,,,,,,,,,,,,,,,,,,,,,,,,,,,,,,,,,,,,,,,,,,,,,,,,,,,,,,,,,,,
,,6007421356226920359b5f3e,2025-08-11_11h58.11.883,CFMT_CCMT_Face_recognition,03.02.2023,Win32,144.092219,6007421356226920359b5f3e,6899c7d7c4c961a016830ad3,6899c9b198c77f2e0d49d774,,,,,,,,,,,,,,,,,,,,,,,,,,,,,,,,,,,,,,,,,,,,,,75.065,1.66123586,76.725,76.725,76.725,76.727,77.474,0,0,0,0,1,75.065,75.065,,0,,,,,,,,,,,,,,,,,,,,,,,,,,,,,,,,,,,,,,,,,,,,,,,,,,,,,,,,,,,,,,,,,,,,,,,,,,,,,,,,,,,,,,,,,,,,,,,,,,,,,,,,,,,,,,,,,,,,,,,,,,,,,,,,,
,,6007421356226920359b5f3e,2025-08-11_11h58.11.883,CFMT_CCMT_Face_recognition,03.02.2023,Win32,144.092219,6007421356226920359b5f3e,6899c7d7c4c961a016830ad3,6899c9b198c77f2e0d49d774,,,,,,,,,,,,,,,,,,,,,,,,,,,,,,,,,,,,,,,,,,,,,,,,,,,77.475,78.224,1,0,1,0,1,,,,,,,,,,,,,,,,,,,,,,,,,,,,,,,,,,,,,,,,,,,,,,,,,,,,,,,,,,,,,,,,,,,,,,,,,,,,,,,,,,,,,,,,,,,,,,,,,,,,,,,,,,,,,,,,,,,,,,,,,,,,,,,,,,,,,
,,6007421356226920359b5f3e,2025-08-11_11h58.11.883,CFMT_CCMT_Face_recognition,03.02.2023,Win32,144.092219,6007421356226920359b5f3e,6899c7d7c4c961a016830ad3,6899c9b198c77f2e0d49d774,,,,,,,,,,,,,,,,,,,,,,,,,,,,,,,,,,,,,,,,,,,,,,,,,,,78.225,78.975,2,0,2,0,1,,,,,,,,,,,,,,,,,,,,,,,,,,,,,,,,,,,,,,,,,,,,,,,,,,,,,,,,,,,,,,,,,,,,,,,,,,,,,,,,,,,,,,,,,,,,,,,,,,,,,,,,,,,,,,,,,,,,,,,,,,,,,,,,,,,,,
,,6007421356226920359b5f3e,2025-08-11_11h58.11.883,CFMT_CCMT_Face_recognition,03.02.2023,Win32,144.092219,6007421356226920359b5f3e,6899c7d7c4c961a016830ad3,6899c9b198c77f2e0d49d774,,,,,,,,,,,,,,,,,,,,,,,,,,,,,,,,,,,,,,,,,,,,,,,,,,,78.975,79.724,3,0,3,0,1,,,,,,,,,,,,,,,,,,,,,,,,,,,,,,,,,,,,,,,,,,,,,,,,,,,,,,,,,,,,,,,,,,,,,,,,,,,,,,,,,,,,,,,,,,,,,,,,,,,,,,,,,,,,,,,,,,,,,,,,,,,,,,,,,,,,,
,,6007421356226920359b5f3e,2025-08-11_11h58.11.883,CFMT_CCMT_Face_recognition,03.02.2023,Win32,144.092219,6007421356226920359b5f3e,6899c7d7c4c961a016830ad3,6899c9b198c77f2e0d49d774,,,,,,,,,,,,,,,,,,,,,,,,,,,,,,,,,,,,,,,,,,,,,,,,,,,79.725,80.474,4,0,4,0,1,,,,,,,,,,,,,,,,,,,,,,,,,,,,,,,,,,,,,,,,,,,,,,,,,,,,,,,,,,,,,,,,,,,,,,,,,,,,,,,,,,,,,,,,,,,,,,,,,,,,,,,,,,,,,,,,,,,,,,,,,,,,,,,,,,,,,
,,6007421356226920359b5f3e,2025-08-11_11h58.11.883,CFMT_CCMT_Face_recognition,03.02.2023,Win32,144.092219,6007421356226920359b5f3e,6899c7d7c4c961a016830ad3,6899c9b198c77f2e0d49d774,,,,,,,,,,,,,,,,,,,,,,,,,,,,,,,,,,,,,,,,,,,,,,,,,,,80.474,81.223,5,0,5,0,1,,,,,,,,,,,,,,,,,,,,,,,,,,,,,,,,,,,,,,,,,,,,,,,,,,,,,,,,,,,,,,,,,,,,,,,,,,,,,,,,,,,,,,,,,,,,,,,,,,,,,,,,,,,,,,,,,,,,,,,,,,,,,,,,,,,,,
,,6007421356226920359b5f3e,2025-08-11_11h58.11.883,CFMT_CCMT_Face_recognition,03.02.2023,Win32,144.092219,6007421356226920359b5f3e,6899c7d7c4c961a016830ad3,6899c9b198c77f2e0d49d774,,,,,,,,,,,,,,,,,,,,,,,,,,,,,,,,,,,,,,,,,,,,,,81.225,2.379375033,83.605,83.605,83.605,83.606,84.355,0,0,0,0,1,81.223,81.225,,0,,,,,,,,,,,,,,,,,,,,,,,,,,,,,,,,,,,,,,,,,,,,,,,,,,,,,,,,,,,,,,,,,,,,,,,,,,,,,,,,,,,,,,,,,,,,,,,,,,,,,,,,,,,,,,,,,,,,,,,,,,,,,,,,,
,,6007421356226920359b5f3e,2025-08-11_11h58.11.883,CFMT_CCMT_Face_recognition,03.02.2023,Win32,144.092219,6007421356226920359b5f3e,6899c7d7c4c961a016830ad3,6899c9b198c77f2e0d49d774,,,,,,,,,,,,,,,,,,,,,,,,,,,,,,,,,,,,,,,,,,,,,,,,,,,84.355,85.105,1,0,1,0,1,,,,,,,,,,,,,,,,,,,,,,,,,,,,,,,,,,,,,,,,,,,,,,,,,,,,,,,,,,,,,,,,,,,,,,,,,,,,,,,,,,,,,,,,,,,,,,,,,,,,,,,,,,,,,,,,,,,,,,,,,,,,,,,,,,,,,
,,6007421356226920359b5f3e,2025-08-11_11h58.11.883,CFMT_CCMT_Face_recognition,03.02.2023,Win32,144.092219,6007421356226920359b5f3e,6899c7d7c4c961a016830ad3,6899c9b198c77f2e0d49d774,,,,,,,,,,,,,,,,,,,,,,,,,,,,,,,,,,,,,,,,,,,,,,,,,,,85.105,85.855,2,0,2,0,1,,,,,,,,,,,,,,,,,,,,,,,,,,,,,,,,,,,,,,,,,,,,,,,,,,,,,,,,,,,,,,,,,,,,,,,,,,,,,,,,,,,,,,,,,,,,,,,,,,,,,,,,,,,,,,,,,,,,,,,,,,,,,,,,,,,,,
,,6007421356226920359b5f3e,2025-08-11_11h58.11.883,CFMT_CCMT_Face_recognition,03.02.2023,Win32,144.092219,6007421356226920359b5f3e,6899c7d7c4c961a016830ad3,6899c9b198c77f2e0d49d774,,,,,,,,,,,,,,,,,,,,,,,,,,,,,,,,,,,,,,,,,,,,,,,,,,,85.855,86.604,3,0,3,0,1,,,,,,,,,,,,,,,,,,,,,,,,,,,,,,,,,,,,,,,,,,,,,,,,,,,,,,,,,,,,,,,,,,,,,,,,,,,,,,,,,,,,,,,,,,,,,,,,,,,,,,,,,,,,,,,,,,,,,,,,,,,,,,,,,,,,,
,,6007421356226920359b5f3e,2025-08-11_11h58.11.883,CFMT_CCMT_Face_recognition,03.02.2023,Win32,144.092219,6007421356226920359b5f3e,6899c7d7c4c961a016830ad3,6899c9b198c77f2e0d49d774,,,,,,,,,,,,,,,,,,,,,,,,,,,,,,,,,,,,,,,,,,,,,,,,,,,86.605,87.355,4,0,4,0,1,,,,,,,,,,,,,,,,,,,,,,,,,,,,,,,,,,,,,,,,,,,,,,,,,,,,,,,,,,,,,,,,,,,,,,,,,,,,,,,,,,,,,,,,,,,,,,,,,,,,,,,,,,,,,,,,,,,,,,,,,,,,,,,,,,,,,
,,6007421356226920359b5f3e,2025-08-11_11h58.11.883,CFMT_CCMT_Face_recognition,03.02.2023,Win32,144.092219,6007421356226920359b5f3e,6899c7d7c4c961a016830ad3,6899c9b198c77f2e0d49d774,,,,,,,,,,,,,,,,,,,,,,,,,,,,,,,,,,,,,,,,,,,,,,,,,,,87.355,88.104,5,0,5,0,1,,,,,,,,,,,,,,,,,,,,,,,,,,,,,,,,,,,,,,,,,,,,,,,,,,,,,,,,,,,,,,,,,,,,,,,,,,,,,,,,,,,,,,,,,,,,,,,,,,,,,,,,,,,,,,,,,,,,,,,,,,,,,,,,,,,,,
,,6007421356226920359b5f3e,2025-08-11_11h58.11.883,CFMT_CCMT_Face_recognition,03.02.2023,Win32,144.092219,6007421356226920359b5f3e,6899c7d7c4c961a016830ad3,6899c9b198c77f2e0d49d774,,,,,,,,,,,,,,,,,,,,,,,,,,,,,,,,,,,,,,,,,,,,,,88.105,2.279010566,90.381,90.381,90.382,90.383,91.131,0,0,0,0,1,88.104,88.105,,0,,,,,,,,,,,,,,,,,,,,,,,,,,,,,,,,,,,,,,,,,,,,,,,,,,,,,,,,,,,,,,,,,,,,,,,,,,,,,,,,,,,,,,,,,,,,,,,,,,,,,,,,,,,,,,,,,,,,,,,,,,,,,,,,,
,,6007421356226920359b5f3e,2025-08-11_11h58.11.883,CFMT_CCMT_Face_recognition,03.02.2023,Win32,144.092219,6007421356226920359b5f3e,6899c7d7c4c961a016830ad3,6899c9b198c77f2e0d49d774,,,,,,,,,,,,,,,,,,,,,,,,,,,,,,,,,,,,,,,,,,,,,,,,,,,91.131,91.881,1,0,1,0,1,,,,,,,,,,,,,,,,,,,,,,,,,,,,,,,,,,,,,,,,,,,,,,,,,,,,,,,,,,,,,,,,,,,,,,,,,,,,,,,,,,,,,,,,,,,,,,,,,,,,,,,,,,,,,,,,,,,,,,,,,,,,,,,,,,,,,
,,6007421356226920359b5f3e,2025-08-11_11h58.11.883,CFMT_CCMT_Face_recognition,03.02.2023,Win32,144.092219,6007421356226920359b5f3e,6899c7d7c4c961a016830ad3,6899c9b198c77f2e0d49d774,,,,,,,,,,,,,,,,,,,,,,,,,,,,,,,,,,,,,,,,,,,,,,,,,,,91.881,92.631,2,0,2,0,1,,,,,,,,,,,,,,,,,,,,,,,,,,,,,,,,,,,,,,,,,,,,,,,,,,,,,,,,,,,,,,,,,,,,,,,,,,,,,,,,,,,,,,,,,,,,,,,,,,,,,,,,,,,,,,,,,,,,,,,,,,,,,,,,,,,,,
,,6007421356226920359b5f3e,2025-08-11_11h58.11.883,CFMT_CCMT_Face_recognition,03.02.2023,Win32,144.092219,6007421356226920359b5f3e,6899c7d7c4c961a016830ad3,6899c9b198c77f2e0d49d774,,,,,,,,,,,,,,,,,,,,,,,,,,,,,,,,,,,,,,,,,,,,,,,,,,,92.631,93.38,3,0,3,0,1,,,,,,,,,,,,,,,,,,,,,,,,,,,,,,,,,,,,,,,,,,,,,,,,,,,,,,,,,,,,,,,,,,,,,,,,,,,,,,,,,,,,,,,,,,,,,,,,,,,,,,,,,,,,,,,,,,,,,,,,,,,,,,,,,,,,,
,,6007421356226920359b5f3e,2025-08-11_11h58.11.883,CFMT_CCMT_Face_recognition,03.02.2023,Win32,144.092219,6007421356226920359b5f3e,6899c7d7c4c961a016830ad3,6899c9b198c77f2e0d49d774,,,,,,,,,,,,,,,,,,,,,,,,,,,,,,,,,,,,,,,,,,,,,,,,,,,93.381,94.131,4,0,4,0,1,,,,,,,,,,,,,,,,,,,,,,,,,,,,,,,,,,,,,,,,,,,,,,,,,,,,,,,,,,,,,,,,,,,,,,,,,,,,,,,,,,,,,,,,,,,,,,,,,,,,,,,,,,,,,,,,,,,,,,,,,,,,,,,,,,,,,
,,6007421356226920359b5f3e,2025-08-11_11h58.11.883,CFMT_CCMT_Face_recognition,03.02.2023,Win32,144.092219,6007421356226920359b5f3e,6899c7d7c4c961a016830ad3,6899c9b198c77f2e0d49d774,,,,,,,,,,,,,,,,,,,,,,,,,,,,,,,,,,,,,,,,,,,,,,,,,,,94.131,94.881,5,0,5,0,1,,,,,,,,,,,,,,,,,,,,,,,,,,,,,,,,,,,,,,,,,,,,,,,,,,,,,,,,,,,,,,,,,,,,,,,,,,,,,,,,,,,,,,,,,,,,,,,,,,,,,,,,,,,,,,,,,,,,,,,,,,,,,,,,,,,,,
,,6007421356226920359b5f3e,2025-08-11_11h58.11.883,CFMT_CCMT_Face_recognition,03.02.2023,Win32,144.092219,6007421356226920359b5f3e,6899c7d7c4c961a016830ad3,6899c9b198c77f2e0d49d774,,,,,,,,,,,,,,,,,,,,,,,,,,,,,,,,,,,,,,,,,,,,,,94.881,1.866586446,96.748,96.748,96.748,96.749,97.498,0,0,0,0,1,94.881,94.881,,0,,,,,,,,,,,,,,,,,,,,,,,,,,,,,,,,,,,,,,,,,,,,,,,,,,,,,,,,,,,,,,,,,,,,,,,,,,,,,,,,,,,,,,,,,,,,,,,,,,,,,,,,,,,,,,,,,,,,,,,,,,,,,,,,,
,,6007421356226920359b5f3e,2025-08-11_11h58.11.883,CFMT_CCMT_Face_recognition,03.02.2023,Win32,144.092219,6007421356226920359b5f3e,6899c7d7c4c961a016830ad3,6899c9b198c77f2e0d49d774,,,,,,,,,,,,,,,,,,,,,,,,,,,,,,,,,,,,,,,,,,,,,,,,,,,97.498,98.248,1,0,1,0,1,,,,,,,,,,,,,,,,,,,,,,,,,,,,,,,,,,,,,,,,,,,,,,,,,,,,,,,,,,,,,,,,,,,,,,,,,,,,,,,,,,,,,,,,,,,,,,,,,,,,,,,,,,,,,,,,,,,,,,,,,,,,,,,,,,,,,
,,6007421356226920359b5f3e,2025-08-11_11h58.11.883,CFMT_CCMT_Face_recognition,03.02.2023,Win32,144.092219,6007421356226920359b5f3e,6899c7d7c4c961a016830ad3,6899c9b198c77f2e0d49d774,,,,,,,,,,,,,,,,,,,,,,,,,,,,,,,,,,,,,,,,,,,,,,,,,,,98.248,98.994,2,0,2,0,1,,,,,,,,,,,,,,,,,,,,,,,,,,,,,,,,,,,,,,,,,,,,,,,,,,,,,,,,,,,,,,,,,,,,,,,,,,,,,,,,,,,,,,,,,,,,,,,,,,,,,,,,,,,,,,,,,,,,,,,,,,,,,,,,,,,,,
,,6007421356226920359b5f3e,2025-08-11_11h58.11.883,CFMT_CCMT_Face_recognition,03.02.2023,Win32,144.092219,6007421356226920359b5f3e,6899c7d7c4c961a016830ad3,6899c9b198c77f2e0d49d774,,,,,,,,,,,,,,,,,,,,,,,,,,,,,,,,,,,,,,,,,,,,,,,,,,,98.994,99.741,3,0,3,0,1,,,,,,,,,,,,,,,,,,,,,,,,,,,,,,,,,,,,,,,,,,,,,,,,,,,,,,,,,,,,,,,,,,,,,,,,,,,,,,,,,,,,,,,,,,,,,,,,,,,,,,,,,,,,,,,,,,,,,,,,,,,,,,,,,,,,,
,,6007421356226920359b5f3e,2025-08-11_11h58.11.883,CFMT_CCMT_Face_recognition,03.02.2023,Win32,144.092219,6007421356226920359b5f3e,6899c7d7c4c961a016830ad3,6899c9b198c77f2e0d49d774,,,,,,,,,,,,,,,,,,,,,,,,,,,,,,,,,,,,,,,,,,,,,,,,,,,99.741,100.491,4,0,4,0,1,,,,,,,,,,,,,,,,,,,,,,,,,,,,,,,,,,,,,,,,,,,,,,,,,,,,,,,,,,,,,,,,,,,,,,,,,,,,,,,,,,,,,,,,,,,,,,,,,,,,,,,,,,,,,,,,,,,,,,,,,,,,,,,,,,,,,
,,6007421356226920359b5f3e,2025-08-11_11h58.11.883,CFMT_CCMT_Face_recognition,03.02.2023,Win32,144.092219,6007421356226920359b5f3e,6899c7d7c4c961a016830ad3,6899c9b198c77f2e0d49d774,,,,,,,,,,,,,,,,,,,,,,,,,,,,,,,,,,,,,,,,,,,,,,,,,,,100.491,101.24,5,0,5,0,1,,,,,,,,,,,,,,,,,,,,,,,,,,,,,,,,,,,,,,,,,,,,,,,,,,,,,,,,,,,,,,,,,,,,,,,,,,,,,,,,,,,,,,,,,,,,,,,,,,,,,,,,,,,,,,,,,,,,,,,,,,,,,,,,,,,,,
,,6007421356226920359b5f3e,2025-08-11_11h58.11.883,CFMT_CCMT_Face_recognition,03.02.2023,Win32,144.092219,6007421356226920359b5f3e,6899c7d7c4c961a016830ad3,6899c9b198c77f2e0d49d774,,,,,,,,,,,,,,,,,,,,,,,,,,,,,,,,,,,,,,,,,,,,,,101.241,2.300634279,103.538,103.539,103.539,103.539,104.288,0,0,0,0,1,101.24,101.241,,0,,,,,,,,,,,,,,,,,,,,,,,,,,,,,,,,,,,,,,,,,,,,,,,,,,,,,,,,,,,,,,,,,,,,,,,,,,,,,,,,,,,,,,,,,,,,,,,,,,,,,,,,,,,,,,,,,,,,,,,,,,,,,,,,,
,,6007421356226920359b5f3e,2025-08-11_11h58.11.883,CFMT_CCMT_Face_recognition,03.02.2023,Win32,144.092219,6007421356226920359b5f3e,6899c7d7c4c961a016830ad3,6899c9b198c77f2e0d49d774,,,,,,,,,,,,,,,,,,,,,,,,,,,,,,,,,,,,,,,,,,,,,,,,,,,104.289,105.038,1,0,1,0,1,,,,,,,,,,,,,,,,,,,,,,,,,,,,,,,,,,,,,,,,,,,,,,,,,,,,,,,,,,,,,,,,,,,,,,,,,,,,,,,,,,,,,,,,,,,,,,,,,,,,,,,,,,,,,,,,,,,,,,,,,,,,,,,,,,,,,
,,6007421356226920359b5f3e,2025-08-11_11h58.11.883,CFMT_CCMT_Face_recognition,03.02.2023,Win32,144.092219,6007421356226920359b5f3e,6899c7d7c4c961a016830ad3,6899c9b198c77f2e0d49d774,,,,,,,,,,,,,,,,,,,,,,,,,,,,,,,,,,,,,,,,,,,,,,,,,,,105.039,105.786,2,0,2,0,1,,,,,,,,,,,,,,,,,,,,,,,,,,,,,,,,,,,,,,,,,,,,,,,,,,,,,,,,,,,,,,,,,,,,,,,,,,,,,,,,,,,,,,,,,,,,,,,,,,,,,,,,,,,,,,,,,,,,,,,,,,,,,,,,,,,,,
,,6007421356226920359b5f3e,2025-08-11_11h58.11.883,CFMT_CCMT_Face_recognition,03.02.2023,Win32,144.092219,6007421356226920359b5f3e,6899c7d7c4c961a016830ad3,6899c9b198c77f2e0d49d774,,,,,,,,,,,,,,,,,,,,,,,,,,,,,,,,,,,,,,,,,,,,,,,,,,,105.786,106.531,3,0,3,0,1,,,,,,,,,,,,,,,,,,,,,,,,,,,,,,,,,,,,,,,,,,,,,,,,,,,,,,,,,,,,,,,,,,,,,,,,,,,,,,,,,,,,,,,,,,,,,,,,,,,,,,,,,,,,,,,,,,,,,,,,,,,,,,,,,,,,,
,,6007421356226920359b5f3e,2025-08-11_11h58.11.883,CFMT_CCMT_Face_recognition,03.02.2023,Win32,144.092219,6007421356226920359b5f3e,6899c7d7c4c961a016830ad3,6899c9b198c77f2e0d49d774,,,,,,,,,,,,,,,,,,,,,,,,,,,,,,,,,,,,,,,,,,,,,,,,,,,106.531,107.281,4,0,4,0,1,,,,,,,,,,,,,,,,,,,,,,,,,,,,,,,,,,,,,,,,,,,,,,,,,,,,,,,,,,,,,,,,,,,,,,,,,,,,,,,,,,,,,,,,,,,,,,,,,,,,,,,,,,,,,,,,,,,,,,,,,,,,,,,,,,,,,
,,6007421356226920359b5f3e,2025-08-11_11h58.11.883,CFMT_CCMT_Face_recognition,03.02.2023,Win32,144.092219,6007421356226920359b5f3e,6899c7d7c4c961a016830ad3,6899c9b198c77f2e0d49d774,,,,,,,,,,,,,,,,,,,,,,,,,,,,,,,,,,,,,,,,,,,,,,,,,,,107.281,108.03,5,0,5,0,1,,,,,,,,,,,,,,,,,,,,,,,,,,,,,,,,,,,,,,,,,,,,,,,,,,,,,,,,,,,,,,,,,,,,,,,,,,,,,,,,,,,,,,,,,,,,,,,,,,,,,,,,,,,,,,,,,,,,,,,,,,,,,,,,,,,,,
,,6007421356226920359b5f3e,2025-08-11_11h58.11.883,CFMT_CCMT_Face_recognition,03.02.2023,Win32,144.092219,6007421356226920359b5f3e,6899c7d7c4c961a016830ad3,6899c9b198c77f2e0d49d774,,,,,,,,,,,,,,,,,,,,,,,,,,,,,,,,,,,,,,,,,,,,,,108.032,1.616655905,109.649,109.649,109.649,109.649,110.399,0,0,0,0,1,108.03,108.031,,0,,,,,,,,,,,,,,,,,,,,,,,,,,,,,,,,,,,,,,,,,,,,,,,,,,,,,,,,,,,,,,,,,,,,,,,,,,,,,,,,,,,,,,,,,,,,,,,,,,,,,,,,,,,,,,,,,,,,,,,,,,,,,,,,,
,,6007421356226920359b5f3e,2025-08-11_11h58.11.883,CFMT_CCMT_Face_recognition,03.02.2023,Win32,144.092219,6007421356226920359b5f3e,6899c7d7c4c961a016830ad3,6899c9b198c77f2e0d49d774,,,,,,,,,,,,,,,,,,,,,,,,,,,,,,,,,,,,,,,,,,,,,,,,,,,110.401,111.148,1,0,1,0,1,,,,,,,,,,,,,,,,,,,,,,,,,,,,,,,,,,,,,,,,,,,,,,,,,,,,,,,,,,,,,,,,,,,,,,,,,,,,,,,,,,,,,,,,,,,,,,,,,,,,,,,,,,,,,,,,,,,,,,,,,,,,,,,,,,,,,
,,6007421356226920359b5f3e,2025-08-11_11h58.11.883,CFMT_CCMT_Face_recognition,03.02.2023,Win32,144.092219,6007421356226920359b5f3e,6899c7d7c4c961a016830ad3,6899c9b198c77f2e0d49d774,,,,,,,,,,,,,,,,,,,,,,,,,,,,,,,,,,,,,,,,,,,,,,,,,,,111.149,111.898,2,0,2,0,1,,,,,,,,,,,,,,,,,,,,,,,,,,,,,,,,,,,,,,,,,,,,,,,,,,,,,,,,,,,,,,,,,,,,,,,,,,,,,,,,,,,,,,,,,,,,,,,,,,,,,,,,,,,,,,,,,,,,,,,,,,,,,,,,,,,,,
,,6007421356226920359b5f3e,2025-08-11_11h58.11.883,CFMT_CCMT_Face_recognition,03.02.2023,Win32,144.092219,6007421356226920359b5f3e,6899c7d7c4c961a016830ad3,6899c9b198c77f2e0d49d774,,,,,,,,,,,,,,,,,,,,,,,,,,,,,,,,,,,,,,,,,,,,,,,,,,,111.899,112.649,3,0,3,0,1,,,,,,,,,,,,,,,,,,,,,,,,,,,,,,,,,,,,,,,,,,,,,,,,,,,,,,,,,,,,,,,,,,,,,,,,,,,,,,,,,,,,,,,,,,,,,,,,,,,,,,,,,,,,,,,,,,,,,,,,,,,,,,,,,,,,,
,,6007421356226920359b5f3e,2025-08-11_11h58.11.883,CFMT_CCMT_Face_recognition,03.02.2023,Win32,144.092219,6007421356226920359b5f3e,6899c7d7c4c961a016830ad3,6899c9b198c77f2e0d49d774,,,,,,,,,,,,,,,,,,,,,,,,,,,,,,,,,,,,,,,,,,,,,,,,,,,112.65,113.398,4,0,4,0,1,,,,,,,,,,,,,,,,,,,,,,,,,,,,,,,,,,,,,,,,,,,,,,,,,,,,,,,,,,,,,,,,,,,,,,,,,,,,,,,,,,,,,,,,,,,,,,,,,,,,,,,,,,,,,,,,,,,,,,,,,,,,,,,,,,,,,
,,6007421356226920359b5f3e,2025-08-11_11h58.11.883,CFMT_CCMT_Face_recognition,03.02.2023,Win32,144.092219,6007421356226920359b5f3e,6899c7d7c4c961a016830ad3,6899c9b198c77f2e0d49d774,,,,,,,,,,,,,,,,,,,,,,,,,,,,,,,,,,,,,,,,,,,,,,,,,,,113.398,114.148,5,0,5,0,1,,,,,,,,,,,,,,,,,,,,,,,,,,,,,,,,,,,,,,,,,,,,,,,,,,,,,,,,,,,,,,,,,,,,,,,,,,,,,,,,,,,,,,,,,,,,,,,,,,,,,,,,,,,,,,,,,,,,,,,,,,,,,,,,,,,,,
,,6007421356226920359b5f3e,2025-08-11_11h58.11.883,CFMT_CCMT_Face_recognition,03.02.2023,Win32,144.092219,6007421356226920359b5f3e,6899c7d7c4c961a016830ad3,6899c9b198c77f2e0d49d774,,,,,,,,,,,,,,,,,,,,,,,,,,,,,,,,,,,,,,,,,,,,,,114.15,2.337435285,116.487,116.487,116.487,116.489,117.239,0,0,0,0,1,114.148,114.149,,0,,,,,,,,,,,,,,,,,,,,,,,,,,,,,,,,,,,,,,,,,,,,,,,,,,,,,,,,,,,,,,,,,,,,,,,,,,,,,,,,,,,,,,,,,,,,,,,,,,,,,,,,,,,,,,,,,,,,,,,,,,,,,,,,,
,,6007421356226920359b5f3e,2025-08-11_11h58.11.883,CFMT_CCMT_Face_recognition,03.02.2023,Win32,144.092219,6007421356226920359b5f3e,6899c7d7c4c961a016830ad3,6899c9b198c77f2e0d49d774,,,,,,,,,,,,,,,,,,,,,,,,,,,,,,,,,,,,,,,,,,,,,,,,,,,117.239,117.987,1,0,1,0,1,,,,,,,,,,,,,,,,,,,,,,,,,,,,,,,,,,,,,,,,,,,,,,,,,,,,,,,,,,,,,,,,,,,,,,,,,,,,,,,,,,,,,,,,,,,,,,,,,,,,,,,,,,,,,,,,,,,,,,,,,,,,,,,,,,,,,
,,6007421356226920359b5f3e,2025-08-11_11h58.11.883,CFMT_CCMT_Face_recognition,03.02.2023,Win32,144.092219,6007421356226920359b5f3e,6899c7d7c4c961a016830ad3,6899c9b198c77f2e0d49d774,,,,,,,,,,,,,,,,,,,,,,,,,,,,,,,,,,,,,,,,,,,,,,,,,,,117.987,118.737,2,0,2,0,1,,,,,,,,,,,,,,,,,,,,,,,,,,,,,,,,,,,,,,,,,,,,,,,,,,,,,,,,,,,,,,,,,,,,,,,,,,,,,,,,,,,,,,,,,,,,,,,,,,,,,,,,,,,,,,,,,,,,,,,,,,,,,,,,,,,,,
,,6007421356226920359b5f3e,2025-08-11_11h58.11.883,CFMT_CCMT_Face_recognition,03.02.2023,Win32,144.092219,6007421356226920359b5f3e,6899c7d7c4c961a016830ad3,6899c9b198c77f2e0d49d774,,,,,,,,,,,,,,,,,,,,,,,,,,,,,,,,,,,,,,,,,,,,,,,,,,,118.737,119.487,3,0,3,0,1,,,,,,,,,,,,,,,,,,,,,,,,,,,,,,,,,,,,,,,,,,,,,,,,,,,,,,,,,,,,,,,,,,,,,,,,,,,,,,,,,,,,,,,,,,,,,,,,,,,,,,,,,,,,,,,,,,,,,,,,,,,,,,,,,,,,,
,,6007421356226920359b5f3e,2025-08-11_11h58.11.883,CFMT_CCMT_Face_recognition,03.02.2023,Win32,144.092219,6007421356226920359b5f3e,6899c7d7c4c961a016830ad3,6899c9b198c77f2e0d49d774,,,,,,,,,,,,,,,,,,,,,,,,,,,,,,,,,,,,,,,,,,,,,,,,,,,119.487,120.237,4,0,4,0,1,,,,,,,,,,,,,,,,,,,,,,,,,,,,,,,,,,,,,,,,,,,,,,,,,,,,,,,,,,,,,,,,,,,,,,,,,,,,,,,,,,,,,,,,,,,,,,,,,,,,,,,,,,,,,,,,,,,,,,,,,,,,,,,,,,,,,
,,6007421356226920359b5f3e,2025-08-11_11h58.11.883,CFMT_CCMT_Face_recognition,03.02.2023,Win32,144.092219,6007421356226920359b5f3e,6899c7d7c4c961a016830ad3,6899c9b198c77f2e0d49d774,,,,,,,,,,,,,,,,,,,,,,,,,,,,,,,,,,,,,,,,,,,,,,,,,,,120.237,120.987,5,0,5,0,1,,,,,,,,,,,,,,,,,,,,,,,,,,,,,,,,,,,,,,,,,,,,,,,,,,,,,,,,,,,,,,,,,,,,,,,,,,,,,,,,,,,,,,,,,,,,,,,,,,,,,,,,,,,,,,,,,,,,,,,,,,,,,,,,,,,,,
,,6007421356226920359b5f3e,2025-08-11_11h58.11.883,CFMT_CCMT_Face_recognition,03.02.2023,Win32,144.092219,6007421356226920359b5f3e,6899c7d7c4c961a016830ad3,6899c9b198c77f2e0d49d774,,,,,,,,,,,,,,,,,,,,,,,,,,,,,,,,,,,,,,,,,,,,,,120.988,1.876402704,122.861,122.861,122.861,122.861,123.611,0,0,0,0,1,120.987,120.987,,0,,,,,,,,,,,,,,,,,,,,,,,,,,,,,,,,,,,,,,,,,,,,,,,,,,,,,,,,,,,,,,,,,,,,,,,,,,,,,,,,,,,,,,,,,,,,,,,,,,,,,,,,,,,,,,,,,,,,,,,,,,,,,,,,,
,,6007421356226920359b5f3e,2025-08-11_11h58.11.883,CFMT_CCMT_Face_recognition,03.02.2023,Win32,144.092219,6007421356226920359b5f3e,6899c7d7c4c961a016830ad3,6899c9b198c77f2e0d49d774,,,,,,,,,,,,,,,,,,,,,,,,,,,,,,,,,,,,,,,,,,,,,,,,,,,123.611,124.361,1,0,1,0,1,,,,,,,,,,,,,,,,,,,,,,,,,,,,,,,,,,,,,,,,,,,,,,,,,,,,,,,,,,,,,,,,,,,,,,,,,,,,,,,,,,,,,,,,,,,,,,,,,,,,,,,,,,,,,,,,,,,,,,,,,,,,,,,,,,,,,
,,6007421356226920359b5f3e,2025-08-11_11h58.11.883,CFMT_CCMT_Face_recognition,03.02.2023,Win32,144.092219,6007421356226920359b5f3e,6899c7d7c4c961a016830ad3,6899c9b198c77f2e0d49d774,,,,,,,,,,,,,,,,,,,,,,,,,,,,,,,,,,,,,,,,,,,,,,,,,,,124.361,125.111,2,0,2,0,1,,,,,,,,,,,,,,,,,,,,,,,,,,,,,,,,,,,,,,,,,,,,,,,,,,,,,,,,,,,,,,,,,,,,,,,,,,,,,,,,,,,,,,,,,,,,,,,,,,,,,,,,,,,,,,,,,,,,,,,,,,,,,,,,,,,,,
,,6007421356226920359b5f3e,2025-08-11_11h58.11.883,CFMT_CCMT_Face_recognition,03.02.2023,Win32,144.092219,6007421356226920359b5f3e,6899c7d7c4c961a016830ad3,6899c9b198c77f2e0d49d774,,,,,,,,,,,,,,,,,,,,,,,,,,,,,,,,,,,,,,,,,,,,,,,,,,,125.111,125.861,3,0,3,0,1,,,,,,,,,,,,,,,,,,,,,,,,,,,,,,,,,,,,,,,,,,,,,,,,,,,,,,,,,,,,,,,,,,,,,,,,,,,,,,,,,,,,,,,,,,,,,,,,,,,,,,,,,,,,,,,,,,,,,,,,,,,,,,,,,,,,,
,,6007421356226920359b5f3e,2025-08-11_11h58.11.883,CFMT_CCMT_Face_recognition,03.02.2023,Win32,144.092219,6007421356226920359b5f3e,6899c7d7c4c961a016830ad3,6899c9b198c77f2e0d49d774,,,,,,,,,,,,,,,,,,,,,,,,,,,,,,,,,,,,,,,,,,,,,,,,,,,125.861,126.61,4,0,4,0,1,,,,,,,,,,,,,,,,,,,,,,,,,,,,,,,,,,,,,,,,,,,,,,,,,,,,,,,,,,,,,,,,,,,,,,,,,,,,,,,,,,,,,,,,,,,,,,,,,,,,,,,,,,,,,,,,,,,,,,,,,,,,,,,,,,,,,
,,6007421356226920359b5f3e,2025-08-11_11h58.11.883,CFMT_CCMT_Face_recognition,03.02.2023,Win32,144.092219,6007421356226920359b5f3e,6899c7d7c4c961a016830ad3,6899c9b198c77f2e0d49d774,,,,,,,,,,,,,,,,,,,,,,,,,,,,,,,,,,,,,,,,,,,,,,,,,,,126.611,127.36,5,0,5,0,1,,,,,,,,,,,,,,,,,,,,,,,,,,,,,,,,,,,,,,,,,,,,,,,,,,,,,,,,,,,,,,,,,,,,,,,,,,,,,,,,,,,,,,,,,,,,,,,,,,,,,,,,,,,,,,,,,,,,,,,,,,,,,,,,,,,,,
,,6007421356226920359b5f3e,2025-08-11_11h58.11.883,CFMT_CCMT_Face_recognition,03.02.2023,Win32,144.092219,6007421356226920359b5f3e,6899c7d7c4c961a016830ad3,6899c9b198c77f2e0d49d774,,,,,,,,,,,,,,,,,,,,,,,,,,,,,,,,,,,,,,,,,,,,,,127.361,2.202704728,129.561,129.561,129.561,129.562,130.311,0,0,0,0,1,127.36,127.361,,0,,,,,,,,,,,,,,,,,,,,,,,,,,,,,,,,,,,,,,,,,,,,,,,,,,,,,,,,,,,,,,,,,,,,,,,,,,,,,,,,,,,,,,,,,,,,,,,,,,,,,,,,,,,,,,,,,,,,,,,,,,,,,,,,,
,,6007421356226920359b5f3e,2025-08-11_11h58.11.883,CFMT_CCMT_Face_recognition,03.02.2023,Win32,144.092219,6007421356226920359b5f3e,6899c7d7c4c961a016830ad3,6899c9b198c77f2e0d49d774,,,,,,,,,,,,,,,,,,,,,,,,,,,,,,,,,,,,,,,,,,,,,,,,,,,130.311,131.061,1,0,1,0,1,,,,,,,,,,,,,,,,,,,,,,,,,,,,,,,,,,,,,,,,,,,,,,,,,,,,,,,,,,,,,,,,,,,,,,,,,,,,,,,,,,,,,,,,,,,,,,,,,,,,,,,,,,,,,,,,,,,,,,,,,,,,,,,,,,,,,
,,6007421356226920359b5f3e,2025-08-11_11h58.11.883,CFMT_CCMT_Face_recognition,03.02.2023,Win32,144.092219,6007421356226920359b5f3e,6899c7d7c4c961a016830ad3,6899c9b198c77f2e0d49d774,,,,,,,,,,,,,,,,,,,,,,,,,,,,,,,,,,,,,,,,,,,,,,,,,,,131.061,131.81,2,0,2,0,1,,,,,,,,,,,,,,,,,,,,,,,,,,,,,,,,,,,,,,,,,,,,,,,,,,,,,,,,,,,,,,,,,,,,,,,,,,,,,,,,,,,,,,,,,,,,,,,,,,,,,,,,,,,,,,,,,,,,,,,,,,,,,,,,,,,,,
,,6007421356226920359b5f3e,2025-08-11_11h58.11.883,CFMT_CCMT_Face_recognition,03.02.2023,Win32,144.092219,6007421356226920359b5f3e,6899c7d7c4c961a016830ad3,6899c9b198c77f2e0d49d774,,,,,,,,,,,,,,,,,,,,,,,,,,,,,,,,,,,,,,,,,,,,,,,,,,,131.811,132.56,3,0,3,0,1,,,,,,,,,,,,,,,,,,,,,,,,,,,,,,,,,,,,,,,,,,,,,,,,,,,,,,,,,,,,,,,,,,,,,,,,,,,,,,,,,,,,,,,,,,,,,,,,,,,,,,,,,,,,,,,,,,,,,,,,,,,,,,,,,,,,,
,,6007421356226920359b5f3e,2025-08-11_11h58.11.883,CFMT_CCMT_Face_recognition,03.02.2023,Win32,144.092219,6007421356226920359b5f3e,6899c7d7c4c961a016830ad3,6899c9b198c77f2e0d49d774,,,,,,,,,,,,,,,,,,,,,,,,,,,,,,,,,,,,,,,,,,,,,,,,,,,132.561,133.311,4,0,4,0,1,,,,,,,,,,,,,,,,,,,,,,,,,,,,,,,,,,,,,,,,,,,,,,,,,,,,,,,,,,,,,,,,,,,,,,,,,,,,,,,,,,,,,,,,,,,,,,,,,,,,,,,,,,,,,,,,,,,,,,,,,,,,,,,,,,,,,
,,6007421356226920359b5f3e,2025-08-11_11h58.11.883,CFMT_CCMT_Face_recognition,03.02.2023,Win32,144.092219,6007421356226920359b5f3e,6899c7d7c4c961a016830ad3,6899c9b198c77f2e0d49d774,,,,,,,,,,,,,,,,,,,,,,,,,,,,,,,,,,,,,,,,,,,,,,,,,,,133.311,134.061,5,0,5,0,1,,,,,,,,,,,,,,,,,,,,,,,,,,,,,,,,,,,,,,,,,,,,,,,,,,,,,,,,,,,,,,,,,,,,,,,,,,,,,,,,,,,,,,,,,,,,,,,,,,,,,,,,,,,,,,,,,,,,,,,,,,,,,,,,,,,,,
,,6007421356226920359b5f3e,2025-08-11_11h58.11.883,CFMT_CCMT_Face_recognition,03.02.2023,Win32,144.092219,6007421356226920359b5f3e,6899c7d7c4c961a016830ad3,6899c9b198c77f2e0d49d774,,,,,,,,,,,,,,,,,,,,,,,,,,,,,,,,,,,,,,,,,,,,,,140.728,1.947120057,142.677,142.677,142.677,142.679,143.427,0,0,0,0,1,134.061,140.726,q,0,6.664,,,,,,,,,,,,,,,,,,,,,,,,,,,,,,,,,,,,,,,,,,,,,,,,,,,,,,,,,,,,,,,,,,,,,,,,,,,,,,,,,,,,,,,,,,,,,,,,,,,,,,,,,,,,,,,,,,,,,,,,,,,,,,,,
,,6007421356226920359b5f3e,2025-08-11_11h58.11.883,CFMT_CCMT_Face_recognition,03.02.2023,Win32,144.092219,6007421356226920359b5f3e,6899c7d7c4c961a016830ad3,6899c9b198c77f2e0d49d774,,,,,,,,,,,,,,,,,,,,,,,,,,,,,,,,,,,,,,,,,,,,,,,,,,,143.427,144.176,1,0,1,0,1,,,,,,,,,,,,,,,,,,,,,,,,,,,,,,,,,,,,,,,,,,,,,,,,,,,,,,,,,,,,,,,,,,,,,,,,,,,,,,,,,,,,,,,,,,,,,,,,,,,,,,,,,,,,,,,,,,,,,,,,,,,,,,,,,,,,,
,,6007421356226920359b5f3e,2025-08-11_11h58.11.883,CFMT_CCMT_Face_recognition,03.02.2023,Win32,144.092219,6007421356226920359b5f3e,6899c7d7c4c961a016830ad3,6899c9b198c77f2e0d49d774,,,,,,,,,,,,,,,,,,,,,,,,,,,,,,,,,,,,,,,,,,,,,,,,,,,144.176,144.926,2,0,2,0,1,,,,,,,,,,,,,,,,,,,,,,,,,,,,,,,,,,,,,,,,,,,,,,,,,,,,,,,,,,,,,,,,,,,,,,,,,,,,,,,,,,,,,,,,,,,,,,,,,,,,,,,,,,,,,,,,,,,,,,,,,,,,,,,,,,,,,
,,6007421356226920359b5f3e,2025-08-11_11h58.11.883,CFMT_CCMT_Face_recognition,03.02.2023,Win32,144.092219,6007421356226920359b5f3e,6899c7d7c4c961a016830ad3,6899c9b198c77f2e0d49d774,,,,,,,,,,,,,,,,,,,,,,,,,,,,,,,,,,,,,,,,,,,,,,,,,,,144.927,145.676,3,0,3,0,1,,,,,,,,,,,,,,,,,,,,,,,,,,,,,,,,,,,,,,,,,,,,,,,,,,,,,,,,,,,,,,,,,,,,,,,,,,,,,,,,,,,,,,,,,,,,,,,,,,,,,,,,,,,,,,,,,,,,,,,,,,,,,,,,,,,,,
,,6007421356226920359b5f3e,2025-08-11_11h58.11.883,CFMT_CCMT_Face_recognition,03.02.2023,Win32,144.092219,6007421356226920359b5f3e,6899c7d7c4c961a016830ad3,6899c9b198c77f2e0d49d774,,,,,,,,,,,,,,,,,,,,,,,,,,,,,,,,,,,,,,,,,,,,,,,,,,,145.676,146.426,4,0,4,0,1,,,,,,,,,,,,,,,,,,,,,,,,,,,,,,,,,,,,,,,,,,,,,,,,,,,,,,,,,,,,,,,,,,,,,,,,,,,,,,,,,,,,,,,,,,,,,,,,,,,,,,,,,,,,,,,,,,,,,,,,,,,,,,,,,,,,,
,,6007421356226920359b5f3e,2025-08-11_11h58.11.883,CFMT_CCMT_Face_recognition,03.02.2023,Win32,144.092219,6007421356226920359b5f3e,6899c7d7c4c961a016830ad3,6899c9b198c77f2e0d49d774,,,,,,,,,,,,,,,,,,,,,,,,,,,,,,,,,,,,,,,,,,,,,,,,,,,146.426,147.176,5,0,5,0,1,,,,,,,,,,,,,,,,,,,,,,,,,,,,,,,,,,,,,,,,,,,,,,,,,,,,,,,,,,,,,,,,,,,,,,,,,,,,,,,,,,,,,,,,,,,,,,,,,,,,,,,,,,,,,,,,,,,,,,,,,,,,,,,,,,,,,
,,6007421356226920359b5f3e,2025-08-11_11h58.11.883,CFMT_CCMT_Face_recognition,03.02.2023,Win32,144.092219,6007421356226920359b5f3e,6899c7d7c4c961a016830ad3,6899c9b198c77f2e0d49d774,,,,,,,,,,,,,,,,,,,,,,,,,,,,,,,,,,,,,,,,,,,,,,147.177,2.377515812,149.55,149.55,149.551,149.551,150.3,0,0,0,0,1,147.176,147.177,,0,,,,,,,,,,,,,,,,,,,,,,,,,,,,,,,,,,,,,,,,,,,,,,,,,,,,,,,,,,,,,,,,,,,,,,,,,,,,,,,,,,,,,,,,,,,,,,,,,,,,,,,,,,,,,,,,,,,,,,,,,,,,,,,,,
,,6007421356226920359b5f3e,2025-08-11_11h58.11.883,CFMT_CCMT_Face_recognition,03.02.2023,Win32,144.092219,6007421356226920359b5f3e,6899c7d7c4c961a016830ad3,6899c9b198c77f2e0d49d774,,,,,,,,,,,,,,,,,,,,,,,,,,,,,,,,,,,,,,,,,,,,,,,,,,,150.3,151.05,1,0,1,0,1,,,,,,,,,,,,,,,,,,,,,,,,,,,,,,,,,,,,,,,,,,,,,,,,,,,,,,,,,,,,,,,,,,,,,,,,,,,,,,,,,,,,,,,,,,,,,,,,,,,,,,,,,,,,,,,,,,,,,,,,,,,,,,,,,,,,,
,,6007421356226920359b5f3e,2025-08-11_11h58.11.883,CFMT_CCMT_Face_recognition,03.02.2023,Win32,144.092219,6007421356226920359b5f3e,6899c7d7c4c961a016830ad3,6899c9b198c77f2e0d49d774,,,,,,,,,,,,,,,,,,,,,,,,,,,,,,,,,,,,,,,,,,,,,,,,,,,151.05,151.8,2,0,2,0,1,,,,,,,,,,,,,,,,,,,,,,,,,,,,,,,,,,,,,,,,,,,,,,,,,,,,,,,,,,,,,,,,,,,,,,,,,,,,,,,,,,,,,,,,,,,,,,,,,,,,,,,,,,,,,,,,,,,,,,,,,,,,,,,,,,,,,
,,6007421356226920359b5f3e,2025-08-11_11h58.11.883,CFMT_CCMT_Face_recognition,03.02.2023,Win32,144.092219,6007421356226920359b5f3e,6899c7d7c4c961a016830ad3,6899c9b198c77f2e0d49d774,,,,,,,,,,,,,,,,,,,,,,,,,,,,,,,,,,,,,,,,,,,,,,,,,,,151.8,152.55,3,0,3,0,1,,,,,,,,,,,,,,,,,,,,,,,,,,,,,,,,,,,,,,,,,,,,,,,,,,,,,,,,,,,,,,,,,,,,,,,,,,,,,,,,,,,,,,,,,,,,,,,,,,,,,,,,,,,,,,,,,,,,,,,,,,,,,,,,,,,,,
,,6007421356226920359b5f3e,2025-08-11_11h58.11.883,CFMT_CCMT_Face_recognition,03.02.2023,Win32,144.092219,6007421356226920359b5f3e,6899c7d7c4c961a016830ad3,6899c9b198c77f2e0d49d774,,,,,,,,,,,,,,,,,,,,,,,,,,,,,,,,,,,,,,,,,,,,,,,,,,,152.55,153.3,4,0,4,0,1,,,,,,,,,,,,,,,,,,,,,,,,,,,,,,,,,,,,,,,,,,,,,,,,,,,,,,,,,,,,,,,,,,,,,,,,,,,,,,,,,,,,,,,,,,,,,,,,,,,,,,,,,,,,,,,,,,,,,,,,,,,,,,,,,,,,,
,,6007421356226920359b5f3e,2025-08-11_11h58.11.883,CFMT_CCMT_Face_recognition,03.02.2023,Win32,144.092219,6007421356226920359b5f3e,6899c7d7c4c961a016830ad3,6899c9b198c77f2e0d49d774,,,,,,,,,,,,,,,,,,,,,,,,,,,,,,,,,,,,,,,,,,,,,,,,,,,153.3,154.05,5,0,5,0,1,,,,,,,,,,,,,,,,,,,,,,,,,,,,,,,,,,,,,,,,,,,,,,,,,,,,,,,,,,,,,,,,,,,,,,,,,,,,,,,,,,,,,,,,,,,,,,,,,,,,,,,,,,,,,,,,,,,,,,,,,,,,,,,,,,,,,
,,6007421356226920359b5f3e,2025-08-11_11h58.11.883,CFMT_CCMT_Face_recognition,03.02.2023,Win32,144.092219,6007421356226920359b5f3e,6899c7d7c4c961a016830ad3,6899c9b198c77f2e0d49d774,,,,,,,,,,,,,,,,,,,,,,,,,,,,,,,,,,,,,,,,,,,,,,154.051,2.377255826,156.424,156.424,156.424,156.425,157.174,0,0,0,0,1,154.05,154.05,,0,,,,,,,,,,,,,,,,,,,,,,,,,,,,,,,,,,,,,,,,,,,,,,,,,,,,,,,,,,,,,,,,,,,,,,,,,,,,,,,,,,,,,,,,,,,,,,,,,,,,,,,,,,,,,,,,,,,,,,,,,,,,,,,,,
,,6007421356226920359b5f3e,2025-08-11_11h58.11.883,CFMT_CCMT_Face_recognition,03.02.2023,Win32,144.092219,6007421356226920359b5f3e,6899c7d7c4c961a016830ad3,6899c9b198c77f2e0d49d774,,,,,,,,,,,,,,,,,,,,,,,,,,,,,,,,,,,,,,,,,,,,,,,,,,,157.174,157.926,1,0,1,0,1,,,,,,,,,,,,,,,,,,,,,,,,,,,,,,,,,,,,,,,,,,,,,,,,,,,,,,,,,,,,,,,,,,,,,,,,,,,,,,,,,,,,,,,,,,,,,,,,,,,,,,,,,,,,,,,,,,,,,,,,,,,,,,,,,,,,,
,,6007421356226920359b5f3e,2025-08-11_11h58.11.883,CFMT_CCMT_Face_recognition,03.02.2023,Win32,144.092219,6007421356226920359b5f3e,6899c7d7c4c961a016830ad3,6899c9b198c77f2e0d49d774,,,,,,,,,,,,,,,,,,,,,,,,,,,,,,,,,,,,,,,,,,,,,,,,,,,157.926,158.674,2,0,2,0,1,,,,,,,,,,,,,,,,,,,,,,,,,,,,,,,,,,,,,,,,,,,,,,,,,,,,,,,,,,,,,,,,,,,,,,,,,,,,,,,,,,,,,,,,,,,,,,,,,,,,,,,,,,,,,,,,,,,,,,,,,,,,,,,,,,,,,
,,6007421356226920359b5f3e,2025-08-11_11h58.11.883,CFMT_CCMT_Face_recognition,03.02.2023,Win32,144.092219,6007421356226920359b5f3e,6899c7d7c4c961a016830ad3,6899c9b198c77f2e0d49d774,,,,,,,,,,,,,,,,,,,,,,,,,,,,,,,,,,,,,,,,,,,,,,,,,,,158.674,159.424,3,0,3,0,1,,,,,,,,,,,,,,,,,,,,,,,,,,,,,,,,,,,,,,,,,,,,,,,,,,,,,,,,,,,,,,,,,,,,,,,,,,,,,,,,,,,,,,,,,,,,,,,,,,,,,,,,,,,,,,,,,,,,,,,,,,,,,,,,,,,,,
,,6007421356226920359b5f3e,2025-08-11_11h58.11.883,CFMT_CCMT_Face_recognition,03.02.2023,Win32,144.092219,6007421356226920359b5f3e,6899c7d7c4c961a016830ad3,6899c9b198c77f2e0d49d774,,,,,,,,,,,,,,,,,,,,,,,,,,,,,,,,,,,,,,,,,,,,,,,,,,,159.424,160.173,4,0,4,0,1,,,,,,,,,,,,,,,,,,,,,,,,,,,,,,,,,,,,,,,,,,,,,,,,,,,,,,,,,,,,,,,,,,,,,,,,,,,,,,,,,,,,,,,,,,,,,,,,,,,,,,,,,,,,,,,,,,,,,,,,,,,,,,,,,,,,,
,,6007421356226920359b5f3e,2025-08-11_11h58.11.883,CFMT_CCMT_Face_recognition,03.02.2023,Win32,144.092219,6007421356226920359b5f3e,6899c7d7c4c961a016830ad3,6899c9b198c77f2e0d49d774,,,,,,,,,,,,,,,,,,,,,,,,,,,,,,,,,,,,,,,,,,,,,,,,,,,160.173,160.918,5,0,5,0,1,,,,,,,,,,,,,,,,,,,,,,,,,,,,,,,,,,,,,,,,,,,,,,,,,,,,,,,,,,,,,,,,,,,,,,,,,,,,,,,,,,,,,,,,,,,,,,,,,,,,,,,,,,,,,,,,,,,,,,,,,,,,,,,,,,,,,
,,6007421356226920359b5f3e,2025-08-11_11h58.11.883,CFMT_CCMT_Face_recognition,03.02.2023,Win32,144.092219,6007421356226920359b5f3e,6899c7d7c4c961a016830ad3,6899c9b198c77f2e0d49d774,,,,,,,,,,,,,,,,,,,,,,,,,,,,,,,,,,,,,,,,,,,,,,160.919,1.730909614,162.645,162.645,162.645,162.646,163.396,0,0,0,0,1,160.919,160.919,,0,,,,,,,,,,,,,,,,,,,,,,,,,,,,,,,,,,,,,,,,,,,,,,,,,,,,,,,,,,,,,,,,,,,,,,,,,,,,,,,,,,,,,,,,,,,,,,,,,,,,,,,,,,,,,,,,,,,,,,,,,,,,,,,,,
,,6007421356226920359b5f3e,2025-08-11_11h58.11.883,CFMT_CCMT_Face_recognition,03.02.2023,Win32,144.092219,6007421356226920359b5f3e,6899c7d7c4c961a016830ad3,6899c9b198c77f2e0d49d774,,,,,,,,,,,,,,,,,,,,,,,,,,,,,,,,,,,,,,,,,,,,,,,,,,,163.396,164.145,1,0,1,0,1,,,,,,,,,,,,,,,,,,,,,,,,,,,,,,,,,,,,,,,,,,,,,,,,,,,,,,,,,,,,,,,,,,,,,,,,,,,,,,,,,,,,,,,,,,,,,,,,,,,,,,,,,,,,,,,,,,,,,,,,,,,,,,,,,,,,,
,,6007421356226920359b5f3e,2025-08-11_11h58.11.883,CFMT_CCMT_Face_recognition,03.02.2023,Win32,144.092219,6007421356226920359b5f3e,6899c7d7c4c961a016830ad3,6899c9b198c77f2e0d49d774,,,,,,,,,,,,,,,,,,,,,,,,,,,,,,,,,,,,,,,,,,,,,,,,,,,164.145,164.895,2,0,2,0,1,,,,,,,,,,,,,,,,,,,,,,,,,,,,,,,,,,,,,,,,,,,,,,,,,,,,,,,,,,,,,,,,,,,,,,,,,,,,,,,,,,,,,,,,,,,,,,,,,,,,,,,,,,,,,,,,,,,,,,,,,,,,,,,,,,,,,
,,6007421356226920359b5f3e,2025-08-11_11h58.11.883,CFMT_CCMT_Face_recognition,03.02.2023,Win32,144.092219,6007421356226920359b5f3e,6899c7d7c4c961a016830ad3,6899c9b198c77f2e0d49d774,,,,,,,,,,,,,,,,,,,,,,,,,,,,,,,,,,,,,,,,,,,,,,,,,,,164.895,165.645,3,0,3,0,1,,,,,,,,,,,,,,,,,,,,,,,,,,,,,,,,,,,,,,,,,,,,,,,,,,,,,,,,,,,,,,,,,,,,,,,,,,,,,,,,,,,,,,,,,,,,,,,,,,,,,,,,,,,,,,,,,,,,,,,,,,,,,,,,,,,,,
,,6007421356226920359b5f3e,2025-08-11_11h58.11.883,CFMT_CCMT_Face_recognition,03.02.2023,Win32,144.092219,6007421356226920359b5f3e,6899c7d7c4c961a016830ad3,6899c9b198c77f2e0d49d774,,,,,,,,,,,,,,,,,,,,,,,,,,,,,,,,,,,,,,,,,,,,,,,,,,,165.645,166.395,4,0,4,0,1,,,,,,,,,,,,,,,,,,,,,,,,,,,,,,,,,,,,,,,,,,,,,,,,,,,,,,,,,,,,,,,,,,,,,,,,,,,,,,,,,,,,,,,,,,,,,,,,,,,,,,,,,,,,,,,,,,,,,,,,,,,,,,,,,,,,,
,,6007421356226920359b5f3e,2025-08-11_11h58.11.883,CFMT_CCMT_Face_recognition,03.02.2023,Win32,144.092219,6007421356226920359b5f3e,6899c7d7c4c961a016830ad3,6899c9b198c77f2e0d49d774,,,,,,,,,,,,,,,,,,,,,,,,,,,,,,,,,,,,,,,,,,,,,,,,,,,166.395,167.145,5,0,5,0,1,,,,,,,,,,,,,,,,,,,,,,,,,,,,,,,,,,,,,,,,,,,,,,,,,,,,,,,,,,,,,,,,,,,,,,,,,,,,,,,,,,,,,,,,,,,,,,,,,,,,,,,,,,,,,,,,,,,,,,,,,,,,,,,,,,,,,
,,6007421356226920359b5f3e,2025-08-11_11h58.11.883,CFMT_CCMT_Face_recognition,03.02.2023,Win32,144.092219,6007421356226920359b5f3e,6899c7d7c4c961a016830ad3,6899c9b198c77f2e0d49d774,,,,,,,,,,,,,,,,,,,,,,,,,,,,,,,,,,,,,,,,,,,,,,167.146,2.318898117,169.465,169.465,169.465,169.466,170.213,0,0,0,0,1,167.145,167.146,,0,,,,,,,,,,,,,,,,,,,,,,,,,,,,,,,,,,,,,,,,,,,,,,,,,,,,,,,,,,,,,,,,,,,,,,,,,,,,,,,,,,,,,,,,,,,,,,,,,,,,,,,,,,,,,,,,,,,,,,,,,,,,,,,,,
,,6007421356226920359b5f3e,2025-08-11_11h58.11.883,CFMT_CCMT_Face_recognition,03.02.2023,Win32,144.092219,6007421356226920359b5f3e,6899c7d7c4c961a016830ad3,6899c9b198c77f2e0d49d774,,,,,,,,,,,,,,,,,,,,,,,,,,,,,,,,,,,,,,,,,,,,,,,,,,,170.213,170.963,1,0,1,0,1,,,,,,,,,,,,,,,,,,,,,,,,,,,,,,,,,,,,,,,,,,,,,,,,,,,,,,,,,,,,,,,,,,,,,,,,,,,,,,,,,,,,,,,,,,,,,,,,,,,,,,,,,,,,,,,,,,,,,,,,,,,,,,,,,,,,,
,,6007421356226920359b5f3e,2025-08-11_11h58.11.883,CFMT_CCMT_Face_recognition,03.02.2023,Win32,144.092219,6007421356226920359b5f3e,6899c7d7c4c961a016830ad3,6899c9b198c77f2e0d49d774,,,,,,,,,,,,,,,,,,,,,,,,,,,,,,,,,,,,,,,,,,,,,,,,,,,170.964,171.713,2,0,2,0,1,,,,,,,,,,,,,,,,,,,,,,,,,,,,,,,,,,,,,,,,,,,,,,,,,,,,,,,,,,,,,,,,,,,,,,,,,,,,,,,,,,,,,,,,,,,,,,,,,,,,,,,,,,,,,,,,,,,,,,,,,,,,,,,,,,,,,
,,6007421356226920359b5f3e,2025-08-11_11h58.11.883,CFMT_CCMT_Face_recognition,03.02.2023,Win32,144.092219,6007421356226920359b5f3e,6899c7d7c4c961a016830ad3,6899c9b198c77f2e0d49d774,,,,,,,,,,,,,,,,,,,,,,,,,,,,,,,,,,,,,,,,,,,,,,,,,,,171.714,172.463,3,0,3,0,1,,,,,,,,,,,,,,,,,,,,,,,,,,,,,,,,,,,,,,,,,,,,,,,,,,,,,,,,,,,,,,,,,,,,,,,,,,,,,,,,,,,,,,,,,,,,,,,,,,,,,,,,,,,,,,,,,,,,,,,,,,,,,,,,,,,,,
,,6007421356226920359b5f3e,2025-08-11_11h58.11.883,CFMT_CCMT_Face_recognition,03.02.2023,Win32,144.092219,6007421356226920359b5f3e,6899c7d7c4c961a016830ad3,6899c9b198c77f2e0d49d774,,,,,,,,,,,,,,,,,,,,,,,,,,,,,,,,,,,,,,,,,,,,,,,,,,,172.463,173.213,4,0,4,0,1,,,,,,,,,,,,,,,,,,,,,,,,,,,,,,,,,,,,,,,,,,,,,,,,,,,,,,,,,,,,,,,,,,,,,,,,,,,,,,,,,,,,,,,,,,,,,,,,,,,,,,,,,,,,,,,,,,,,,,,,,,,,,,,,,,,,,
,,6007421356226920359b5f3e,2025-08-11_11h58.11.883,CFMT_CCMT_Face_recognition,03.02.2023,Win32,144.092219,6007421356226920359b5f3e,6899c7d7c4c961a016830ad3,6899c9b198c77f2e0d49d774,,,,,,,,,,,,,,,,,,,,,,,,,,,,,,,,,,,,,,,,,,,,,,,,,,,173.213,173.962,5,0,5,0,1,,,,,,,,,,,,,,,,,,,,,,,,,,,,,,,,,,,,,,,,,,,,,,,,,,,,,,,,,,,,,,,,,,,,,,,,,,,,,,,,,,,,,,,,,,,,,,,,,,,,,,,,,,,,,,,,,,,,,,,,,,,,,,,,,,,,,
,,6007421356226920359b5f3e,2025-08-11_11h58.11.883,CFMT_CCMT_Face_recognition,03.02.2023,Win32,144.092219,6007421356226920359b5f3e,6899c7d7c4c961a016830ad3,6899c9b198c77f2e0d49d774,,,,,,,,,,,,,,,,,,,,,,,,,,,,,,,,,,,,,,,,,,,,,,173.964,1.846304018,175.809,175.809,175.809,175.812,176.559,0,0,0,0,1,173.962,173.964,,0,,,,,,,,,,,,,,,,,,,,,,,,,,,,,,,,,,,,,,,,,,,,,,,,,,,,,,,,,,,,,,,,,,,,,,,,,,,,,,,,,,,,,,,,,,,,,,,,,,,,,,,,,,,,,,,,,,,,,,,,,,,,,,,,,
,,6007421356226920359b5f3e,2025-08-11_11h58.11.883,CFMT_CCMT_Face_recognition,03.02.2023,Win32,144.092219,6007421356226920359b5f3e,6899c7d7c4c961a016830ad3,6899c9b198c77f2e0d49d774,,,,,,,,,,,,,,,,,,,,,,,,,,,,,,,,,,,,,,,,,,,,,,,,,,,176.559,177.309,1,0,1,0,1,,,,,,,,,,,,,,,,,,,,,,,,,,,,,,,,,,,,,,,,,,,,,,,,,,,,,,,,,,,,,,,,,,,,,,,,,,,,,,,,,,,,,,,,,,,,,,,,,,,,,,,,,,,,,,,,,,,,,,,,,,,,,,,,,,,,,
,,6007421356226920359b5f3e,2025-08-11_11h58.11.883,CFMT_CCMT_Face_recognition,03.02.2023,Win32,144.092219,6007421356226920359b5f3e,6899c7d7c4c961a016830ad3,6899c9b198c77f2e0d49d774,,,,,,,,,,,,,,,,,,,,,,,,,,,,,,,,,,,,,,,,,,,,,,,,,,,177.31,178.059,2,0,2,0,1,,,,,,,,,,,,,,,,,,,,,,,,,,,,,,,,,,,,,,,,,,,,,,,,,,,,,,,,,,,,,,,,,,,,,,,,,,,,,,,,,,,,,,,,,,,,,,,,,,,,,,,,,,,,,,,,,,,,,,,,,,,,,,,,,,,,,
,,6007421356226920359b5f3e,2025-08-11_11h58.11.883,CFMT_CCMT_Face_recognition,03.02.2023,Win32,144.092219,6007421356226920359b5f3e,6899c7d7c4c961a016830ad3,6899c9b198c77f2e0d49d774,,,,,,,,,,,,,,,,,,,,,,,,,,,,,,,,,,,,,,,,,,,,,,,,,,,178.059,178.809,3,0,3,0,1,,,,,,,,,,,,,,,,,,,,,,,,,,,,,,,,,,,,,,,,,,,,,,,,,,,,,,,,,,,,,,,,,,,,,,,,,,,,,,,,,,,,,,,,,,,,,,,,,,,,,,,,,,,,,,,,,,,,,,,,,,,,,,,,,,,,,
,,6007421356226920359b5f3e,2025-08-11_11h58.11.883,CFMT_CCMT_Face_recognition,03.02.2023,Win32,144.092219,6007421356226920359b5f3e,6899c7d7c4c961a016830ad3,6899c9b198c77f2e0d49d774,,,,,,,,,,,,,,,,,,,,,,,,,,,,,,,,,,,,,,,,,,,,,,,,,,,178.809,179.559,4,0,4,0,1,,,,,,,,,,,,,,,,,,,,,,,,,,,,,,,,,,,,,,,,,,,,,,,,,,,,,,,,,,,,,,,,,,,,,,,,,,,,,,,,,,,,,,,,,,,,,,,,,,,,,,,,,,,,,,,,,,,,,,,,,,,,,,,,,,,,,
,,6007421356226920359b5f3e,2025-08-11_11h58.11.883,CFMT_CCMT_Face_recognition,03.02.2023,Win32,144.092219,6007421356226920359b5f3e,6899c7d7c4c961a016830ad3,6899c9b198c77f2e0d49d774,,,,,,,,,,,,,,,,,,,,,,,,,,,,,,,,,,,,,,,,,,,,,,,,,,,179.559,180.308,5,0,5,0,1,,,,,,,,,,,,,,,,,,,,,,,,,,,,,,,,,,,,,,,,,,,,,,,,,,,,,,,,,,,,,,,,,,,,,,,,,,,,,,,,,,,,,,,,,,,,,,,,,,,,,,,,,,,,,,,,,,,,,,,,,,,,,,,,,,,,,
,,6007421356226920359b5f3e,2025-08-11_11h58.11.883,CFMT_CCMT_Face_recognition,03.02.2023,Win32,144.092219,6007421356226920359b5f3e,6899c7d7c4c961a016830ad3,6899c9b198c77f2e0d49d774,,,,,,,,,,,,,,,,,,,,,,,,,,,,,,,,,,,,,,,,,,,,,,180.309,1.786084715,182.093,182.093,182.093,182.094,182.843,0,0,0,0,1,180.309,180.309,,0,,,,,,,,,,,,,,,,,,,,,,,,,,,,,,,,,,,,,,,,,,,,,,,,,,,,,,,,,,,,,,,,,,,,,,,,,,,,,,,,,,,,,,,,,,,,,,,,,,,,,,,,,,,,,,,,,,,,,,,,,,,,,,,,,
,,6007421356226920359b5f3e,2025-08-11_11h58.11.883,CFMT_CCMT_Face_recognition,03.02.2023,Win32,144.092219,6007421356226920359b5f3e,6899c7d7c4c961a016830ad3,6899c9b198c77f2e0d49d774,,,,,,,,,,,,,,,,,,,,,,,,,,,,,,,,,,,,,,,,,,,,,,,,,,,182.843,183.592,1,0,1,0,1,,,,,,,,,,,,,,,,,,,,,,,,,,,,,,,,,,,,,,,,,,,,,,,,,,,,,,,,,,,,,,,,,,,,,,,,,,,,,,,,,,,,,,,,,,,,,,,,,,,,,,,,,,,,,,,,,,,,,,,,,,,,,,,,,,,,,
,,6007421356226920359b5f3e,2025-08-11_11h58.11.883,CFMT_CCMT_Face_recognition,03.02.2023,Win32,144.092219,6007421356226920359b5f3e,6899c7d7c4c961a016830ad3,6899c9b198c77f2e0d49d774,,,,,,,,,,,,,,,,,,,,,,,,,,,,,,,,,,,,,,,,,,,,,,,,,,,183.593,184.342,2,0,2,0,1,,,,,,,,,,,,,,,,,,,,,,,,,,,,,,,,,,,,,,,,,,,,,,,,,,,,,,,,,,,,,,,,,,,,,,,,,,,,,,,,,,,,,,,,,,,,,,,,,,,,,,,,,,,,,,,,,,,,,,,,,,,,,,,,,,,,,
,,6007421356226920359b5f3e,2025-08-11_11h58.11.883,CFMT_CCMT_Face_recognition,03.02.2023,Win32,144.092219,6007421356226920359b5f3e,6899c7d7c4c961a016830ad3,6899c9b198c77f2e0d49d774,,,,,,,,,,,,,,,,,,,,,,,,,,,,,,,,,,,,,,,,,,,,,,,,,,,184.342,185.093,3,0,3,0,1,,,,,,,,,,,,,,,,,,,,,,,,,,,,,,,,,,,,,,,,,,,,,,,,,,,,,,,,,,,,,,,,,,,,,,,,,,,,,,,,,,,,,,,,,,,,,,,,,,,,,,,,,,,,,,,,,,,,,,,,,,,,,,,,,,,,,
,,6007421356226920359b5f3e,2025-08-11_11h58.11.883,CFMT_CCMT_Face_recognition,03.02.2023,Win32,144.092219,6007421356226920359b5f3e,6899c7d7c4c961a016830ad3,6899c9b198c77f2e0d49d774,,,,,,,,,,,,,,,,,,,,,,,,,,,,,,,,,,,,,,,,,,,,,,,,,,,185.093,185.842,4,0,4,0,1,,,,,,,,,,,,,,,,,,,,,,,,,,,,,,,,,,,,,,,,,,,,,,,,,,,,,,,,,,,,,,,,,,,,,,,,,,,,,,,,,,,,,,,,,,,,,,,,,,,,,,,,,,,,,,,,,,,,,,,,,,,,,,,,,,,,,
,,6007421356226920359b5f3e,2025-08-11_11h58.11.883,CFMT_CCMT_Face_recognition,03.02.2023,Win32,144.092219,6007421356226920359b5f3e,6899c7d7c4c961a016830ad3,6899c9b198c77f2e0d49d774,,,,,,,,,,,,,,,,,,,,,,,,,,,,,,,,,,,,,,,,,,,,,,,,,,,185.842,186.592,5,0,5,0,1,,,,,,,,,,,,,,,,,,,,,,,,,,,,,,,,,,,,,,,,,,,,,,,,,,,,,,,,,,,,,,,,,,,,,,,,,,,,,,,,,,,,,,,,,,,,,,,,,,,,,,,,,,,,,,,,,,,,,,,,,,,,,,,,,,,,,
,,6007421356226920359b5f3e,2025-08-11_11h58.11.883,CFMT_CCMT_Face_recognition,03.02.2023,Win32,144.092219,6007421356226920359b5f3e,6899c7d7c4c961a016830ad3,6899c9b198c77f2e0d49d774,,,,,,,,,,,,,,,,,,,,,,,,,,,,,,,,,,,,,,,,,,,,,,186.593,2.338818122,188.932,188.932,188.932,188.933,189.682,0,0,0,0,1,186.592,186.592,,0,,,,,,,,,,,,,,,,,,,,,,,,,,,,,,,,,,,,,,,,,,,,,,,,,,,,,,,,,,,,,,,,,,,,,,,,,,,,,,,,,,,,,,,,,,,,,,,,,,,,,,,,,,,,,,,,,,,,,,,,,,,,,,,,,
,,6007421356226920359b5f3e,2025-08-11_11h58.11.883,CFMT_CCMT_Face_recognition,03.02.2023,Win32,144.092219,6007421356226920359b5f3e,6899c7d7c4c961a016830ad3,6899c9b198c77f2e0d49d774,,,,,,,,,,,,,,,,,,,,,,,,,,,,,,,,,,,,,,,,,,,,,,,,,,,189.683,190.431,1,0,1,0,1,,,,,,,,,,,,,,,,,,,,,,,,,,,,,,,,,,,,,,,,,,,,,,,,,,,,,,,,,,,,,,,,,,,,,,,,,,,,,,,,,,,,,,,,,,,,,,,,,,,,,,,,,,,,,,,,,,,,,,,,,,,,,,,,,,,,,
,,6007421356226920359b5f3e,2025-08-11_11h58.11.883,CFMT_CCMT_Face_recognition,03.02.2023,Win32,144.092219,6007421356226920359b5f3e,6899c7d7c4c961a016830ad3,6899c9b198c77f2e0d49d774,,,,,,,,,,,,,,,,,,,,,,,,,,,,,,,,,,,,,,,,,,,,,,,,,,,190.432,191.181,2,0,2,0,1,,,,,,,,,,,,,,,,,,,,,,,,,,,,,,,,,,,,,,,,,,,,,,,,,,,,,,,,,,,,,,,,,,,,,,,,,,,,,,,,,,,,,,,,,,,,,,,,,,,,,,,,,,,,,,,,,,,,,,,,,,,,,,,,,,,,,
,,6007421356226920359b5f3e,2025-08-11_11h58.11.883,CFMT_CCMT_Face_recognition,03.02.2023,Win32,144.092219,6007421356226920359b5f3e,6899c7d7c4c961a016830ad3,6899c9b198c77f2e0d49d774,,,,,,,,,,,,,,,,,,,,,,,,,,,,,,,,,,,,,,,,,,,,,,,,,,,191.181,191.933,3,0,3,0,1,,,,,,,,,,,,,,,,,,,,,,,,,,,,,,,,,,,,,,,,,,,,,,,,,,,,,,,,,,,,,,,,,,,,,,,,,,,,,,,,,,,,,,,,,,,,,,,,,,,,,,,,,,,,,,,,,,,,,,,,,,,,,,,,,,,,,
,,6007421356226920359b5f3e,2025-08-11_11h58.11.883,CFMT_CCMT_Face_recognition,03.02.2023,Win32,144.092219,6007421356226920359b5f3e,6899c7d7c4c961a016830ad3,6899c9b198c77f2e0d49d774,,,,,,,,,,,,,,,,,,,,,,,,,,,,,,,,,,,,,,,,,,,,,,,,,,,191.933,192.681,4,0,4,0,1,,,,,,,,,,,,,,,,,,,,,,,,,,,,,,,,,,,,,,,,,,,,,,,,,,,,,,,,,,,,,,,,,,,,,,,,,,,,,,,,,,,,,,,,,,,,,,,,,,,,,,,,,,,,,,,,,,,,,,,,,,,,,,,,,,,,,
,,6007421356226920359b5f3e,2025-08-11_11h58.11.883,CFMT_CCMT_Face_recognition,03.02.2023,Win32,144.092219,6007421356226920359b5f3e,6899c7d7c4c961a016830ad3,6899c9b198c77f2e0d49d774,,,,,,,,,,,,,,,,,,,,,,,,,,,,,,,,,,,,,,,,,,,,,,,,,,,192.681,193.431,5,0,5,0,1,,,,,,,,,,,,,,,,,,,,,,,,,,,,,,,,,,,,,,,,,,,,,,,,,,,,,,,,,,,,,,,,,,,,,,,,,,,,,,,,,,,,,,,,,,,,,,,,,,,,,,,,,,,,,,,,,,,,,,,,,,,,,,,,,,,,,
,,6007421356226920359b5f3e,2025-08-11_11h58.11.883,CFMT_CCMT_Face_recognition,03.02.2023,Win32,144.092219,6007421356226920359b5f3e,6899c7d7c4c961a016830ad3,6899c9b198c77f2e0d49d774,,,,,,,,,,,,,,,,,,,,,,,,,,,,,,,,,,,,,,,,,,,,,,193.432,2.008810569,195.437,195.437,195.437,195.438,196.189,0,0,0,0,1,193.431,193.432,,0,,,,,,,,,,,,,,,,,,,,,,,,,,,,,,,,,,,,,,,,,,,,,,,,,,,,,,,,,,,,,,,,,,,,,,,,,,,,,,,,,,,,,,,,,,,,,,,,,,,,,,,,,,,,,,,,,,,,,,,,,,,,,,,,,
,,6007421356226920359b5f3e,2025-08-11_11h58.11.883,CFMT_CCMT_Face_recognition,03.02.2023,Win32,144.092219,6007421356226920359b5f3e,6899c7d7c4c961a016830ad3,6899c9b198c77f2e0d49d774,,,,,,,,,,,,,,,,,,,,,,,,,,,,,,,,,,,,,,,,,,,,,,,,,,,196.189,196.939,1,0,1,0,1,,,,,,,,,,,,,,,,,,,,,,,,,,,,,,,,,,,,,,,,,,,,,,,,,,,,,,,,,,,,,,,,,,,,,,,,,,,,,,,,,,,,,,,,,,,,,,,,,,,,,,,,,,,,,,,,,,,,,,,,,,,,,,,,,,,,,
,,6007421356226920359b5f3e,2025-08-11_11h58.11.883,CFMT_CCMT_Face_recognition,03.02.2023,Win32,144.092219,6007421356226920359b5f3e,6899c7d7c4c961a016830ad3,6899c9b198c77f2e0d49d774,,,,,,,,,,,,,,,,,,,,,,,,,,,,,,,,,,,,,,,,,,,,,,,,,,,196.94,197.688,2,0,2,0,1,,,,,,,,,,,,,,,,,,,,,,,,,,,,,,,,,,,,,,,,,,,,,,,,,,,,,,,,,,,,,,,,,,,,,,,,,,,,,,,,,,,,,,,,,,,,,,,,,,,,,,,,,,,,,,,,,,,,,,,,,,,,,,,,,,,,,
,,6007421356226920359b5f3e,2025-08-11_11h58.11.883,CFMT_CCMT_Face_recognition,03.02.2023,Win32,144.092219,6007421356226920359b5f3e,6899c7d7c4c961a016830ad3,6899c9b198c77f2e0d49d774,,,,,,,,,,,,,,,,,,,,,,,,,,,,,,,,,,,,,,,,,,,,,,,,,,,197.688,198.437,3,0,3,0,1,,,,,,,,,,,,,,,,,,,,,,,,,,,,,,,,,,,,,,,,,,,,,,,,,,,,,,,,,,,,,,,,,,,,,,,,,,,,,,,,,,,,,,,,,,,,,,,,,,,,,,,,,,,,,,,,,,,,,,,,,,,,,,,,,,,,,
,,6007421356226920359b5f3e,2025-08-11_11h58.11.883,CFMT_CCMT_Face_recognition,03.02.2023,Win32,144.092219,6007421356226920359b5f3e,6899c7d7c4c961a016830ad3,6899c9b198c77f2e0d49d774,,,,,,,,,,,,,,,,,,,,,,,,,,,,,,,,,,,,,,,,,,,,,,,,,,,198.437,199.187,4,0,4,0,1,,,,,,,,,,,,,,,,,,,,,,,,,,,,,,,,,,,,,,,,,,,,,,,,,,,,,,,,,,,,,,,,,,,,,,,,,,,,,,,,,,,,,,,,,,,,,,,,,,,,,,,,,,,,,,,,,,,,,,,,,,,,,,,,,,,,,
,,6007421356226920359b5f3e,2025-08-11_11h58.11.883,CFMT_CCMT_Face_recognition,03.02.2023,Win32,144.092219,6007421356226920359b5f3e,6899c7d7c4c961a016830ad3,6899c9b198c77f2e0d49d774,,,,,,,,,,,,,,,,,,,,,,,,,,,,,,,,,,,,,,,,,,,,,,,,,,,199.187,199.936,5,0,5,0,1,,,,,,,,,,,,,,,,,,,,,,,,,,,,,,,,,,,,,,,,,,,,,,,,,,,,,,,,,,,,,,,,,,,,,,,,,,,,,,,,,,,,,,,,,,,,,,,,,,,,,,,,,,,,,,,,,,,,,,,,,,,,,,,,,,,,,
,,6007421356226920359b5f3e,2025-08-11_11h58.11.883,CFMT_CCMT_Face_recognition,03.02.2023,Win32,144.092219,6007421356226920359b5f3e,6899c7d7c4c961a016830ad3,6899c9b198c77f2e0d49d774,,,,,,,,,,,,,,,,,,,,,,,,,,,,,,,,,,,,,,,,,,,,,,199.937,2.382243581,202.319,202.319,202.32,202.322,203.068,0,0,0,0,1,199.937,199.937,,0,,,,,,,,,,,,,,,,,,,,,,,,,,,,,,,,,,,,,,,,,,,,,,,,,,,,,,,,,,,,,,,,,,,,,,,,,,,,,,,,,,,,,,,,,,,,,,,,,,,,,,,,,,,,,,,,,,,,,,,,,,,,,,,,,
,,6007421356226920359b5f3e,2025-08-11_11h58.11.883,CFMT_CCMT_Face_recognition,03.02.2023,Win32,144.092219,6007421356226920359b5f3e,6899c7d7c4c961a016830ad3,6899c9b198c77f2e0d49d774,,,,,,,,,,,,,,,,,,,,,,,,,,,,,,,,,,,,,,,,,,,,,,,,,,,203.069,203.818,1,0,1,0,1,,,,,,,,,,,,,,,,,,,,,,,,,,,,,,,,,,,,,,,,,,,,,,,,,,,,,,,,,,,,,,,,,,,,,,,,,,,,,,,,,,,,,,,,,,,,,,,,,,,,,,,,,,,,,,,,,,,,,,,,,,,,,,,,,,,,,
,,6007421356226920359b5f3e,2025-08-11_11h58.11.883,CFMT_CCMT_Face_recognition,03.02.2023,Win32,144.092219,6007421356226920359b5f3e,6899c7d7c4c961a016830ad3,6899c9b198c77f2e0d49d774,,,,,,,,,,,,,,,,,,,,,,,,,,,,,,,,,,,,,,,,,,,,,,,,,,,203.818,204.567,2,0,2,0,1,,,,,,,,,,,,,,,,,,,,,,,,,,,,,,,,,,,,,,,,,,,,,,,,,,,,,,,,,,,,,,,,,,,,,,,,,,,,,,,,,,,,,,,,,,,,,,,,,,,,,,,,,,,,,,,,,,,,,,,,,,,,,,,,,,,,,
,,6007421356226920359b5f3e,2025-08-11_11h58.11.883,CFMT_CCMT_Face_recognition,03.02.2023,Win32,144.092219,6007421356226920359b5f3e,6899c7d7c4c961a016830ad3,6899c9b198c77f2e0d49d774,,,,,,,,,,,,,,,,,,,,,,,,,,,,,,,,,,,,,,,,,,,,,,,,,,,204.568,205.318,3,0,3,0,1,,,,,,,,,,,,,,,,,,,,,,,,,,,,,,,,,,,,,,,,,,,,,,,,,,,,,,,,,,,,,,,,,,,,,,,,,,,,,,,,,,,,,,,,,,,,,,,,,,,,,,,,,,,,,,,,,,,,,,,,,,,,,,,,,,,,,
,,6007421356226920359b5f3e,2025-08-11_11h58.11.883,CFMT_CCMT_Face_recognition,03.02.2023,Win32,144.092219,6007421356226920359b5f3e,6899c7d7c4c961a016830ad3,6899c9b198c77f2e0d49d774,,,,,,,,,,,,,,,,,,,,,,,,,,,,,,,,,,,,,,,,,,,,,,,,,,,205.318,206.067,4,0,4,0,1,,,,,,,,,,,,,,,,,,,,,,,,,,,,,,,,,,,,,,,,,,,,,,,,,,,,,,,,,,,,,,,,,,,,,,,,,,,,,,,,,,,,,,,,,,,,,,,,,,,,,,,,,,,,,,,,,,,,,,,,,,,,,,,,,,,,,
,,6007421356226920359b5f3e,2025-08-11_11h58.11.883,CFMT_CCMT_Face_recognition,03.02.2023,Win32,144.092219,6007421356226920359b5f3e,6899c7d7c4c961a016830ad3,6899c9b198c77f2e0d49d774,,,,,,,,,,,,,,,,,,,,,,,,,,,,,,,,,,,,,,,,,,,,,,,,,,,206.067,206.817,5,0,5,0,1,,,,,,,,,,,,,,,,,,,,,,,,,,,,,,,,,,,,,,,,,,,,,,,,,,,,,,,,,,,,,,,,,,,,,,,,,,,,,,,,,,,,,,,,,,,,,,,,,,,,,,,,,,,,,,,,,,,,,,,,,,,,,,,,,,,,,
,,6007421356226920359b5f3e,2025-08-11_11h58.11.883,CFMT_CCMT_Face_recognition,03.02.2023,Win32,144.092219,6007421356226920359b5f3e,6899c7d7c4c961a016830ad3,6899c9b198c77f2e0d49d774,,,,,,,,,,,,,,,,,,,,,,,,,,,,,,,,,,,,,,,,,,,,,,206.819,1.91463138,208.733,208.733,208.733,208.734,209.484,0,0,0,0,1,206.817,206.819,,0,,,,,,,,,,,,,,,,,,,,,,,,,,,,,,,,,,,,,,,,,,,,,,,,,,,,,,,,,,,,,,,,,,,,,,,,,,,,,,,,,,,,,,,,,,,,,,,,,,,,,,,,,,,,,,,,,,,,,,,,,,,,,,,,,
,,6007421356226920359b5f3e,2025-08-11_11h58.11.883,CFMT_CCMT_Face_recognition,03.02.2023,Win32,144.092219,6007421356226920359b5f3e,6899c7d7c4c961a016830ad3,6899c9b198c77f2e0d49d774,,,,,,,,,,,,,,,,,,,,,,,,,,,,,,,,,,,,,,,,,,,,,,,,,,,209.484,210.233,1,0,1,0,1,,,,,,,,,,,,,,,,,,,,,,,,,,,,,,,,,,,,,,,,,,,,,,,,,,,,,,,,,,,,,,,,,,,,,,,,,,,,,,,,,,,,,,,,,,,,,,,,,,,,,,,,,,,,,,,,,,,,,,,,,,,,,,,,,,,,,
,,6007421356226920359b5f3e,2025-08-11_11h58.11.883,CFMT_CCMT_Face_recognition,03.02.2023,Win32,144.092219,6007421356226920359b5f3e,6899c7d7c4c961a016830ad3,6899c9b198c77f2e0d49d774,,,,,,,,,,,,,,,,,,,,,,,,,,,,,,,,,,,,,,,,,,,,,,,,,,,210.233,210.983,2,0,2,0,1,,,,,,,,,,,,,,,,,,,,,,,,,,,,,,,,,,,,,,,,,,,,,,,,,,,,,,,,,,,,,,,,,,,,,,,,,,,,,,,,,,,,,,,,,,,,,,,,,,,,,,,,,,,,,,,,,,,,,,,,,,,,,,,,,,,,,
,,6007421356226920359b5f3e,2025-08-11_11h58.11.883,CFMT_CCMT_Face_recognition,03.02.2023,Win32,144.092219,6007421356226920359b5f3e,6899c7d7c4c961a016830ad3,6899c9b198c77f2e0d49d774,,,,,,,,,,,,,,,,,,,,,,,,,,,,,,,,,,,,,,,,,,,,,,,,,,,210.983,211.732,3,0,3,0,1,,,,,,,,,,,,,,,,,,,,,,,,,,,,,,,,,,,,,,,,,,,,,,,,,,,,,,,,,,,,,,,,,,,,,,,,,,,,,,,,,,,,,,,,,,,,,,,,,,,,,,,,,,,,,,,,,,,,,,,,,,,,,,,,,,,,,
,,6007421356226920359b5f3e,2025-08-11_11h58.11.883,CFMT_CCMT_Face_recognition,03.02.2023,Win32,144.092219,6007421356226920359b5f3e,6899c7d7c4c961a016830ad3,6899c9b198c77f2e0d49d774,,,,,,,,,,,,,,,,,,,,,,,,,,,,,,,,,,,,,,,,,,,,,,,,,,,211.733,212.482,4,0,4,0,1,,,,,,,,,,,,,,,,,,,,,,,,,,,,,,,,,,,,,,,,,,,,,,,,,,,,,,,,,,,,,,,,,,,,,,,,,,,,,,,,,,,,,,,,,,,,,,,,,,,,,,,,,,,,,,,,,,,,,,,,,,,,,,,,,,,,,
,,6007421356226920359b5f3e,2025-08-11_11h58.11.883,CFMT_CCMT_Face_recognition,03.02.2023,Win32,144.092219,6007421356226920359b5f3e,6899c7d7c4c961a016830ad3,6899c9b198c77f2e0d49d774,,,,,,,,,,,,,,,,,,,,,,,,,,,,,,,,,,,,,,,,,,,,,,,,,,,212.482,213.232,5,0,5,0,1,,,,,,,,,,,,,,,,,,,,,,,,,,,,,,,,,,,,,,,,,,,,,,,,,,,,,,,,,,,,,,,,,,,,,,,,,,,,,,,,,,,,,,,,,,,,,,,,,,,,,,,,,,,,,,,,,,,,,,,,,,,,,,,,,,,,,
,,6007421356226920359b5f3e,2025-08-11_11h58.11.883,CFMT_CCMT_Face_recognition,03.02.2023,Win32,144.092219,6007421356226920359b5f3e,6899c7d7c4c961a016830ad3,6899c9b198c77f2e0d49d774,,,,,,,,,,,,,,,,,,,,,,,,,,,,,,,,,,,,,,,,,,,,,,216.254,2.055216789,218.309,218.309,218.309,218.31,219.057,0,0,0,0,1,213.232,216.254,q,0,3.021,,,,,,,,,,,,,,,,,,,,,,,,,,,,,,,,,,,,,,,,,,,,,,,,,,,,,,,,,,,,,,,,,,,,,,,,,,,,,,,,,,,,,,,,,,,,,,,,,,,,,,,,,,,,,,,,,,,,,,,,,,,,,,,,
,,6007421356226920359b5f3e,2025-08-11_11h58.11.883,CFMT_CCMT_Face_recognition,03.02.2023,Win32,144.092219,6007421356226920359b5f3e,6899c7d7c4c961a016830ad3,6899c9b198c77f2e0d49d774,,,,,,,,,,,,,,,,,,,,,,,,,,,,,,,,,,,,,,,,,,,,,,,,,,,219.058,219.808,1,0,1,0,1,,,,,,,,,,,,,,,,,,,,,,,,,,,,,,,,,,,,,,,,,,,,,,,,,,,,,,,,,,,,,,,,,,,,,,,,,,,,,,,,,,,,,,,,,,,,,,,,,,,,,,,,,,,,,,,,,,,,,,,,,,,,,,,,,,,,,
,,6007421356226920359b5f3e,2025-08-11_11h58.11.883,CFMT_CCMT_Face_recognition,03.02.2023,Win32,144.092219,6007421356226920359b5f3e,6899c7d7c4c961a016830ad3,6899c9b198c77f2e0d49d774,,,,,,,,,,,,,,,,,,,,,,,,,,,,,,,,,,,,,,,,,,,,,,,,,,,219.808,220.558,2,0,2,0,1,,,,,,,,,,,,,,,,,,,,,,,,,,,,,,,,,,,,,,,,,,,,,,,,,,,,,,,,,,,,,,,,,,,,,,,,,,,,,,,,,,,,,,,,,,,,,,,,,,,,,,,,,,,,,,,,,,,,,,,,,,,,,,,,,,,,,
,,6007421356226920359b5f3e,2025-08-11_11h58.11.883,CFMT_CCMT_Face_recognition,03.02.2023,Win32,144.092219,6007421356226920359b5f3e,6899c7d7c4c961a016830ad3,6899c9b198c77f2e0d49d774,,,,,,,,,,,,,,,,,,,,,,,,,,,,,,,,,,,,,,,,,,,,,,,,,,,220.558,221.308,3,0,3,0,1,,,,,,,,,,,,,,,,,,,,,,,,,,,,,,,,,,,,,,,,,,,,,,,,,,,,,,,,,,,,,,,,,,,,,,,,,,,,,,,,,,,,,,,,,,,,,,,,,,,,,,,,,,,,,,,,,,,,,,,,,,,,,,,,,,,,,
,,6007421356226920359b5f3e,2025-08-11_11h58.11.883,CFMT_CCMT_Face_recognition,03.02.2023,Win32,144.092219,6007421356226920359b5f3e,6899c7d7c4c961a016830ad3,6899c9b198c77f2e0d49d774,,,,,,,,,,,,,,,,,,,,,,,,,,,,,,,,,,,,,,,,,,,,,,,,,,,221.308,222.057,4,0,4,0,1,,,,,,,,,,,,,,,,,,,,,,,,,,,,,,,,,,,,,,,,,,,,,,,,,,,,,,,,,,,,,,,,,,,,,,,,,,,,,,,,,,,,,,,,,,,,,,,,,,,,,,,,,,,,,,,,,,,,,,,,,,,,,,,,,,,,,
,,6007421356226920359b5f3e,2025-08-11_11h58.11.883,CFMT_CCMT_Face_recognition,03.02.2023,Win32,144.092219,6007421356226920359b5f3e,6899c7d7c4c961a016830ad3,6899c9b198c77f2e0d49d774,,,,,,,,,,,,,,,,,,,,,,,,,,,,,,,,,,,,,,,,,,,,,,,,,,,222.058,222.807,5,0,5,0,1,,,,,,,,,,,,,,,,,,,,,,,,,,,,,,,,,,,,,,,,,,,,,,,,,,,,,,,,,,,,,,,,,,,,,,,,,,,,,,,,,,,,,,,,,,,,,,,,,,,,,,,,,,,,,,,,,,,,,,,,,,,,,,,,,,,,,
,,6007421356226920359b5f3e,2025-08-11_11h58.11.883,CFMT_CCMT_Face_recognition,03.02.2023,Win32,144.092219,6007421356226920359b5f3e,6899c7d7c4c961a016830ad3,6899c9b198c77f2e0d49d774,,,,,,,,,,,,,,,,,,,,,,,,,,,,,,,,,,,,,,,,,,,,,,222.81,2.137011397,224.946,224.946,224.946,224.947,225.696,0,0,0,0,1,222.807,222.809,,0,,,,,,,,,,,,,,,,,,,,,,,,,,,,,,,,,,,,,,,,,,,,,,,,,,,,,,,,,,,,,,,,,,,,,,,,,,,,,,,,,,,,,,,,,,,,,,,,,,,,,,,,,,,,,,,,,,,,,,,,,,,,,,,,,
,,6007421356226920359b5f3e,2025-08-11_11h58.11.883,CFMT_CCMT_Face_recognition,03.02.2023,Win32,144.092219,6007421356226920359b5f3e,6899c7d7c4c961a016830ad3,6899c9b198c77f2e0d49d774,,,,,,,,,,,,,,,,,,,,,,,,,,,,,,,,,,,,,,,,,,,,,,,,,,,225.696,226.445,1,0,1,0,1,,,,,,,,,,,,,,,,,,,,,,,,,,,,,,,,,,,,,,,,,,,,,,,,,,,,,,,,,,,,,,,,,,,,,,,,,,,,,,,,,,,,,,,,,,,,,,,,,,,,,,,,,,,,,,,,,,,,,,,,,,,,,,,,,,,,,
,,6007421356226920359b5f3e,2025-08-11_11h58.11.883,CFMT_CCMT_Face_recognition,03.02.2023,Win32,144.092219,6007421356226920359b5f3e,6899c7d7c4c961a016830ad3,6899c9b198c77f2e0d49d774,,,,,,,,,,,,,,,,,,,,,,,,,,,,,,,,,,,,,,,,,,,,,,,,,,,226.446,227.196,2,0,2,0,1,,,,,,,,,,,,,,,,,,,,,,,,,,,,,,,,,,,,,,,,,,,,,,,,,,,,,,,,,,,,,,,,,,,,,,,,,,,,,,,,,,,,,,,,,,,,,,,,,,,,,,,,,,,,,,,,,,,,,,,,,,,,,,,,,,,,,
,,6007421356226920359b5f3e,2025-08-11_11h58.11.883,CFMT_CCMT_Face_recognition,03.02.2023,Win32,144.092219,6007421356226920359b5f3e,6899c7d7c4c961a016830ad3,6899c9b198c77f2e0d49d774,,,,,,,,,,,,,,,,,,,,,,,,,,,,,,,,,,,,,,,,,,,,,,,,,,,227.196,227.945,3,0,3,0,1,,,,,,,,,,,,,,,,,,,,,,,,,,,,,,,,,,,,,,,,,,,,,,,,,,,,,,,,,,,,,,,,,,,,,,,,,,,,,,,,,,,,,,,,,,,,,,,,,,,,,,,,,,,,,,,,,,,,,,,,,,,,,,,,,,,,,
,,6007421356226920359b5f3e,2025-08-11_11h58.11.883,CFMT_CCMT_Face_recognition,03.02.2023,Win32,144.092219,6007421356226920359b5f3e,6899c7d7c4c961a016830ad3,6899c9b198c77f2e0d49d774,,,,,,,,,,,,,,,,,,,,,,,,,,,,,,,,,,,,,,,,,,,,,,,,,,,227.945,228.695,4,0,4,0,1,,,,,,,,,,,,,,,,,,,,,,,,,,,,,,,,,,,,,,,,,,,,,,,,,,,,,,,,,,,,,,,,,,,,,,,,,,,,,,,,,,,,,,,,,,,,,,,,,,,,,,,,,,,,,,,,,,,,,,,,,,,,,,,,,,,,,
,,6007421356226920359b5f3e,2025-08-11_11h58.11.883,CFMT_CCMT_Face_recognition,03.02.2023,Win32,144.092219,6007421356226920359b5f3e,6899c7d7c4c961a016830ad3,6899c9b198c77f2e0d49d774,,,,,,,,,,,,,,,,,,,,,,,,,,,,,,,,,,,,,,,,,,,,,,,,,,,228.695,229.445,5,0,5,0,1,,,,,,,,,,,,,,,,,,,,,,,,,,,,,,,,,,,,,,,,,,,,,,,,,,,,,,,,,,,,,,,,,,,,,,,,,,,,,,,,,,,,,,,,,,,,,,,,,,,,,,,,,,,,,,,,,,,,,,,,,,,,,,,,,,,,,
,,6007421356226920359b5f3e,2025-08-11_11h58.11.883,CFMT_CCMT_Face_recognition,03.02.2023,Win32,144.092219,6007421356226920359b5f3e,6899c7d7c4c961a016830ad3,6899c9b198c77f2e0d49d774,,,,,,,,,,,,,,,,,,,,,,,,,,,,,,,,,,,,,,,,,,,,,,232.293,2.274001601,234.562,234.562,234.562,234.562,235.312,0,0,0,0,1,229.445,232.293,q,1,2.844,,,,,,,,,,,,,,,,,,,,,,,,,,,,,,,,,,,,,,,,,,,,,,,,,,,,,,,,,,,,,,,,,,,,,,,,,,,,,,,,,,,,,,,,,,,,,,,,,,,,,,,,,,,,,,,,,,,,,,,,,,,,,,,,
,,6007421356226920359b5f3e,2025-08-11_11h58.11.883,CFMT_CCMT_Face_recognition,03.02.2023,Win32,144.092219,6007421356226920359b5f3e,6899c7d7c4c961a016830ad3,6899c9b198c77f2e0d49d774,,,,,,,,,,,,,,,,,,,,,,,,,,,,,,,,,,,,,,,,,,,,,,,,,,,235.314,236.062,1,0,1,0,1,,,,,,,,,,,,,,,,,,,,,,,,,,,,,,,,,,,,,,,,,,,,,,,,,,,,,,,,,,,,,,,,,,,,,,,,,,,,,,,,,,,,,,,,,,,,,,,,,,,,,,,,,,,,,,,,,,,,,,,,,,,,,,,,,,,,,
,,6007421356226920359b5f3e,2025-08-11_11h58.11.883,CFMT_CCMT_Face_recognition,03.02.2023,Win32,144.092219,6007421356226920359b5f3e,6899c7d7c4c961a016830ad3,6899c9b198c77f2e0d49d774,,,,,,,,,,,,,,,,,,,,,,,,,,,,,,,,,,,,,,,,,,,,,,,,,,,236.062,236.811,2,0,2,0,1,,,,,,,,,,,,,,,,,,,,,,,,,,,,,,,,,,,,,,,,,,,,,,,,,,,,,,,,,,,,,,,,,,,,,,,,,,,,,,,,,,,,,,,,,,,,,,,,,,,,,,,,,,,,,,,,,,,,,,,,,,,,,,,,,,,,,
,,6007421356226920359b5f3e,2025-08-11_11h58.11.883,CFMT_CCMT_Face_recognition,03.02.2023,Win32,144.092219,6007421356226920359b5f3e,6899c7d7c4c961a016830ad3,6899c9b198c77f2e0d49d774,,,,,,,,,,,,,,,,,,,,,,,,,,,,,,,,,,,,,,,,,,,,,,,,,,,236.812,237.562,3,0,3,0,1,,,,,,,,,,,,,,,,,,,,,,,,,,,,,,,,,,,,,,,,,,,,,,,,,,,,,,,,,,,,,,,,,,,,,,,,,,,,,,,,,,,,,,,,,,,,,,,,,,,,,,,,,,,,,,,,,,,,,,,,,,,,,,,,,,,,,
,,6007421356226920359b5f3e,2025-08-11_11h58.11.883,CFMT_CCMT_Face_recognition,03.02.2023,Win32,144.092219,6007421356226920359b5f3e,6899c7d7c4c961a016830ad3,6899c9b198c77f2e0d49d774,,,,,,,,,,,,,,,,,,,,,,,,,,,,,,,,,,,,,,,,,,,,,,,,,,,237.562,238.312,4,0,4,0,1,,,,,,,,,,,,,,,,,,,,,,,,,,,,,,,,,,,,,,,,,,,,,,,,,,,,,,,,,,,,,,,,,,,,,,,,,,,,,,,,,,,,,,,,,,,,,,,,,,,,,,,,,,,,,,,,,,,,,,,,,,,,,,,,,,,,,
,,6007421356226920359b5f3e,2025-08-11_11h58.11.883,CFMT_CCMT_Face_recognition,03.02.2023,Win32,144.092219,6007421356226920359b5f3e,6899c7d7c4c961a016830ad3,6899c9b198c77f2e0d49d774,,,,,,,,,,,,,,,,,,,,,,,,,,,,,,,,,,,,,,,,,,,,,,,,,,,238.312,239.061,5,0,5,0,1,,,,,,,,,,,,,,,,,,,,,,,,,,,,,,,,,,,,,,,,,,,,,,,,,,,,,,,,,,,,,,,,,,,,,,,,,,,,,,,,,,,,,,,,,,,,,,,,,,,,,,,,,,,,,,,,,,,,,,,,,,,,,,,,,,,,,
,,6007421356226920359b5f3e,2025-08-11_11h58.11.883,CFMT_CCMT_Face_recognition,03.02.2023,Win32,144.092219,6007421356226920359b5f3e,6899c7d7c4c961a016830ad3,6899c9b198c77f2e0d49d774,,,,,,,,,,,,,,,,,,,,,,,,,,,,,,,,,,,,,,,,,,,,,,239.063,1.662856211,240.727,240.727,240.727,240.729,241.477,0,0,0,0,1,239.061,239.063,,0,,,,,,,,,,,,,,,,,,,,,,,,,,,,,,,,,,,,,,,,,,,,,,,,,,,,,,,,,,,,,,,,,,,,,,,,,,,,,,,,,,,,,,,,,,,,,,,,,,,,,,,,,,,,,,,,,,,,,,,,,,,,,,,,,
,,6007421356226920359b5f3e,2025-08-11_11h58.11.883,CFMT_CCMT_Face_recognition,03.02.2023,Win32,144.092219,6007421356226920359b5f3e,6899c7d7c4c961a016830ad3,6899c9b198c77f2e0d49d774,,,,,,,,,,,,,,,,,,,,,,,,,,,,,,,,,,,,,,,,,,,,,,,,,,,241.478,242.227,1,0,1,0,1,,,,,,,,,,,,,,,,,,,,,,,,,,,,,,,,,,,,,,,,,,,,,,,,,,,,,,,,,,,,,,,,,,,,,,,,,,,,,,,,,,,,,,,,,,,,,,,,,,,,,,,,,,,,,,,,,,,,,,,,,,,,,,,,,,,,,
,,6007421356226920359b5f3e,2025-08-11_11h58.11.883,CFMT_CCMT_Face_recognition,03.02.2023,Win32,144.092219,6007421356226920359b5f3e,6899c7d7c4c961a016830ad3,6899c9b198c77f2e0d49d774,,,,,,,,,,,,,,,,,,,,,,,,,,,,,,,,,,,,,,,,,,,,,,,,,,,242.227,242.977,2,0,2,0,1,,,,,,,,,,,,,,,,,,,,,,,,,,,,,,,,,,,,,,,,,,,,,,,,,,,,,,,,,,,,,,,,,,,,,,,,,,,,,,,,,,,,,,,,,,,,,,,,,,,,,,,,,,,,,,,,,,,,,,,,,,,,,,,,,,,,,
,,6007421356226920359b5f3e,2025-08-11_11h58.11.883,CFMT_CCMT_Face_recognition,03.02.2023,Win32,144.092219,6007421356226920359b5f3e,6899c7d7c4c961a016830ad3,6899c9b198c77f2e0d49d774,,,,,,,,,,,,,,,,,,,,,,,,,,,,,,,,,,,,,,,,,,,,,,,,,,,242.977,243.727,3,0,3,0,1,,,,,,,,,,,,,,,,,,,,,,,,,,,,,,,,,,,,,,,,,,,,,,,,,,,,,,,,,,,,,,,,,,,,,,,,,,,,,,,,,,,,,,,,,,,,,,,,,,,,,,,,,,,,,,,,,,,,,,,,,,,,,,,,,,,,,
,,6007421356226920359b5f3e,2025-08-11_11h58.11.883,CFMT_CCMT_Face_recognition,03.02.2023,Win32,144.092219,6007421356226920359b5f3e,6899c7d7c4c961a016830ad3,6899c9b198c77f2e0d49d774,,,,,,,,,,,,,,,,,,,,,,,,,,,,,,,,,,,,,,,,,,,,,,,,,,,243.727,244.477,4,0,4,0,1,,,,,,,,,,,,,,,,,,,,,,,,,,,,,,,,,,,,,,,,,,,,,,,,,,,,,,,,,,,,,,,,,,,,,,,,,,,,,,,,,,,,,,,,,,,,,,,,,,,,,,,,,,,,,,,,,,,,,,,,,,,,,,,,,,,,,
,,6007421356226920359b5f3e,2025-08-11_11h58.11.883,CFMT_CCMT_Face_recognition,03.02.2023,Win32,144.092219,6007421356226920359b5f3e,6899c7d7c4c961a016830ad3,6899c9b198c77f2e0d49d774,,,,,,,,,,,,,,,,,,,,,,,,,,,,,,,,,,,,,,,,,,,,,,,,,,,244.477,245.227,5,0,5,0,1,,,,,,,,,,,,,,,,,,,,,,,,,,,,,,,,,,,,,,,,,,,,,,,,,,,,,,,,,,,,,,,,,,,,,,,,,,,,,,,,,,,,,,,,,,,,,,,,,,,,,,,,,,,,,,,,,,,,,,,,,,,,,,,,,,,,,
,,6007421356226920359b5f3e,2025-08-11_11h58.11.883,CFMT_CCMT_Face_recognition,03.02.2023,Win32,144.092219,6007421356226920359b5f3e,6899c7d7c4c961a016830ad3,6899c9b198c77f2e0d49d774,,,,,,,,,,,,,,,,,,,,,,,,,,,,,,,,,,,,,,,,,,,,,,245.228,2.246980809,247.476,247.476,247.476,247.477,248.226,0,0,0,0,1,245.227,245.228,,0,,,,,,,,,,,,,,,,,,,,,,,,,,,,,,,,,,,,,,,,,,,,,,,,,,,,,,,,,,,,,,,,,,,,,,,,,,,,,,,,,,,,,,,,,,,,,,,,,,,,,,,,,,,,,,,,,,,,,,,,,,,,,,,,,
,,6007421356226920359b5f3e,2025-08-11_11h58.11.883,CFMT_CCMT_Face_recognition,03.02.2023,Win32,144.092219,6007421356226920359b5f3e,6899c7d7c4c961a016830ad3,6899c9b198c77f2e0d49d774,,,,,,,,,,,,,,,,,,,,,,,,,,,,,,,,,,,,,,,,,,,,,,,,,,,248.226,248.975,1,0,1,0,1,,,,,,,,,,,,,,,,,,,,,,,,,,,,,,,,,,,,,,,,,,,,,,,,,,,,,,,,,,,,,,,,,,,,,,,,,,,,,,,,,,,,,,,,,,,,,,,,,,,,,,,,,,,,,,,,,,,,,,,,,,,,,,,,,,,,,
,,6007421356226920359b5f3e,2025-08-11_11h58.11.883,CFMT_CCMT_Face_recognition,03.02.2023,Win32,144.092219,6007421356226920359b5f3e,6899c7d7c4c961a016830ad3,6899c9b198c77f2e0d49d774,,,,,,,,,,,,,,,,,,,,,,,,,,,,,,,,,,,,,,,,,,,,,,,,,,,248.975,249.725,2,0,2,0,1,,,,,,,,,,,,,,,,,,,,,,,,,,,,,,,,,,,,,,,,,,,,,,,,,,,,,,,,,,,,,,,,,,,,,,,,,,,,,,,,,,,,,,,,,,,,,,,,,,,,,,,,,,,,,,,,,,,,,,,,,,,,,,,,,,,,,
,,6007421356226920359b5f3e,2025-08-11_11h58.11.883,CFMT_CCMT_Face_recognition,03.02.2023,Win32,144.092219,6007421356226920359b5f3e,6899c7d7c4c961a016830ad3,6899c9b198c77f2e0d49d774,,,,,,,,,,,,,,,,,,,,,,,,,,,,,,,,,,,,,,,,,,,,,,,,,,,249.725,250.475,3,0,3,0,1,,,,,,,,,,,,,,,,,,,,,,,,,,,,,,,,,,,,,,,,,,,,,,,,,,,,,,,,,,,,,,,,,,,,,,,,,,,,,,,,,,,,,,,,,,,,,,,,,,,,,,,,,,,,,,,,,,,,,,,,,,,,,,,,,,,,,
,,6007421356226920359b5f3e,2025-08-11_11h58.11.883,CFMT_CCMT_Face_recognition,03.02.2023,Win32,144.092219,6007421356226920359b5f3e,6899c7d7c4c961a016830ad3,6899c9b198c77f2e0d49d774,,,,,,,,,,,,,,,,,,,,,,,,,,,,,,,,,,,,,,,,,,,,,,,,,,,250.475,251.225,4,0,4,0,1,,,,,,,,,,,,,,,,,,,,,,,,,,,,,,,,,,,,,,,,,,,,,,,,,,,,,,,,,,,,,,,,,,,,,,,,,,,,,,,,,,,,,,,,,,,,,,,,,,,,,,,,,,,,,,,,,,,,,,,,,,,,,,,,,,,,,
,,6007421356226920359b5f3e,2025-08-11_11h58.11.883,CFMT_CCMT_Face_recognition,03.02.2023,Win32,144.092219,6007421356226920359b5f3e,6899c7d7c4c961a016830ad3,6899c9b198c77f2e0d49d774,,,,,,,,,,,,,,,,,,,,,,,,,,,,,,,,,,,,,,,,,,,,,,,,,,,251.225,251.975,5,0,5,0,1,,,,,,,,,,,,,,,,,,,,,,,,,,,,,,,,,,,,,,,,,,,,,,,,,,,,,,,,,,,,,,,,,,,,,,,,,,,,,,,,,,,,,,,,,,,,,,,,,,,,,,,,,,,,,,,,,,,,,,,,,,,,,,,,,,,,,
,,6007421356226920359b5f3e,2025-08-11_11h58.11.883,CFMT_CCMT_Face_recognition,03.02.2023,Win32,144.092219,6007421356226920359b5f3e,6899c7d7c4c961a016830ad3,6899c9b198c77f2e0d49d774,,,,,,,,,,,,,,,,,,,,,,,,,,,,,,,,,,,,,,,,,,,,,,251.976,2.036189546,254.01,254.01,254.01,254.01,254.76,0,0,0,0,1,251.975,251.976,,0,,,,,,,,,,,,,,,,,,,,,,,,,,,,,,,,,,,,,,,,,,,,,,,,,,,,,,,,,,,,,,,,,,,,,,,,,,,,,,,,,,,,,,,,,,,,,,,,,,,,,,,,,,,,,,,,,,,,,,,,,,,,,,,,,
,,6007421356226920359b5f3e,2025-08-11_11h58.11.883,CFMT_CCMT_Face_recognition,03.02.2023,Win32,144.092219,6007421356226920359b5f3e,6899c7d7c4c961a016830ad3,6899c9b198c77f2e0d49d774,,,,,,,,,,,,,,,,,,,,,,,,,,,,,,,,,,,,,,,,,,,,,,,,,,,254.76,255.509,1,0,1,0,1,,,,,,,,,,,,,,,,,,,,,,,,,,,,,,,,,,,,,,,,,,,,,,,,,,,,,,,,,,,,,,,,,,,,,,,,,,,,,,,,,,,,,,,,,,,,,,,,,,,,,,,,,,,,,,,,,,,,,,,,,,,,,,,,,,,,,
,,6007421356226920359b5f3e,2025-08-11_11h58.11.883,CFMT_CCMT_Face_recognition,03.02.2023,Win32,144.092219,6007421356226920359b5f3e,6899c7d7c4c961a016830ad3,6899c9b198c77f2e0d49d774,,,,,,,,,,,,,,,,,,,,,,,,,,,,,,,,,,,,,,,,,,,,,,,,,,,255.509,256.259,2,0,2,0,1,,,,,,,,,,,,,,,,,,,,,,,,,,,,,,,,,,,,,,,,,,,,,,,,,,,,,,,,,,,,,,,,,,,,,,,,,,,,,,,,,,,,,,,,,,,,,,,,,,,,,,,,,,,,,,,,,,,,,,,,,,,,,,,,,,,,,
,,6007421356226920359b5f3e,2025-08-11_11h58.11.883,CFMT_CCMT_Face_recognition,03.02.2023,Win32,144.092219,6007421356226920359b5f3e,6899c7d7c4c961a016830ad3,6899c9b198c77f2e0d49d774,,,,,,,,,,,,,,,,,,,,,,,,,,,,,,,,,,,,,,,,,,,,,,,,,,,256.26,257.009,3,0,3,0,1,,,,,,,,,,,,,,,,,,,,,,,,,,,,,,,,,,,,,,,,,,,,,,,,,,,,,,,,,,,,,,,,,,,,,,,,,,,,,,,,,,,,,,,,,,,,,,,,,,,,,,,,,,,,,,,,,,,,,,,,,,,,,,,,,,,,,
,,6007421356226920359b5f3e,2025-08-11_11h58.11.883,CFMT_CCMT_Face_recognition,03.02.2023,Win32,144.092219,6007421356226920359b5f3e,6899c7d7c4c961a016830ad3,6899c9b198c77f2e0d49d774,,,,,,,,,,,,,,,,,,,,,,,,,,,,,,,,,,,,,,,,,,,,,,,,,,,257.009,257.759,4,0,4,0,1,,,,,,,,,,,,,,,,,,,,,,,,,,,,,,,,,,,,,,,,,,,,,,,,,,,,,,,,,,,,,,,,,,,,,,,,,,,,,,,,,,,,,,,,,,,,,,,,,,,,,,,,,,,,,,,,,,,,,,,,,,,,,,,,,,,,,
,,6007421356226920359b5f3e,2025-08-11_11h58.11.883,CFMT_CCMT_Face_recognition,03.02.2023,Win32,144.092219,6007421356226920359b5f3e,6899c7d7c4c961a016830ad3,6899c9b198c77f2e0d49d774,,,,,,,,,,,,,,,,,,,,,,,,,,,,,,,,,,,,,,,,,,,,,,,,,,,257.759,258.508,5,0,5,0,1,,,,,,,,,,,,,,,,,,,,,,,,,,,,,,,,,,,,,,,,,,,,,,,,,,,,,,,,,,,,,,,,,,,,,,,,,,,,,,,,,,,,,,,,,,,,,,,,,,,,,,,,,,,,,,,,,,,,,,,,,,,,,,,,,,,,,
,,6007421356226920359b5f3e,2025-08-11_11h58.11.883,CFMT_CCMT_Face_recognition,03.02.2023,Win32,144.092219,6007421356226920359b5f3e,6899c7d7c4c961a016830ad3,6899c9b198c77f2e0d49d774,,,,,,,,,,,,,,,,,,,,,,,,,,,,,,,,,,,,,,,,,,,,,,258.509,1.812397533,260.321,260.321,260.321,260.321,261.07,0,0,0,0,1,258.508,258.509,,0,,,,,,,,,,,,,,,,,,,,,,,,,,,,,,,,,,,,,,,,,,,,,,,,,,,,,,,,,,,,,,,,,,,,,,,,,,,,,,,,,,,,,,,,,,,,,,,,,,,,,,,,,,,,,,,,,,,,,,,,,,,,,,,,,
,,6007421356226920359b5f3e,2025-08-11_11h58.11.883,CFMT_CCMT_Face_recognition,03.02.2023,Win32,144.092219,6007421356226920359b5f3e,6899c7d7c4c961a016830ad3,6899c9b198c77f2e0d49d774,,,,,,,,,,,,,,,,,,,,,,,,,,,,,,,,,,,,,,,,,,,,,,,,,,,261.07,261.821,1,0,1,0,1,,,,,,,,,,,,,,,,,,,,,,,,,,,,,,,,,,,,,,,,,,,,,,,,,,,,,,,,,,,,,,,,,,,,,,,,,,,,,,,,,,,,,,,,,,,,,,,,,,,,,,,,,,,,,,,,,,,,,,,,,,,,,,,,,,,,,
,,6007421356226920359b5f3e,2025-08-11_11h58.11.883,CFMT_CCMT_Face_recognition,03.02.2023,Win32,144.092219,6007421356226920359b5f3e,6899c7d7c4c961a016830ad3,6899c9b198c77f2e0d49d774,,,,,,,,,,,,,,,,,,,,,,,,,,,,,,,,,,,,,,,,,,,,,,,,,,,261.821,262.57,2,0,2,0,1,,,,,,,,,,,,,,,,,,,,,,,,,,,,,,,,,,,,,,,,,,,,,,,,,,,,,,,,,,,,,,,,,,,,,,,,,,,,,,,,,,,,,,,,,,,,,,,,,,,,,,,,,,,,,,,,,,,,,,,,,,,,,,,,,,,,,
,,6007421356226920359b5f3e,2025-08-11_11h58.11.883,CFMT_CCMT_Face_recognition,03.02.2023,Win32,144.092219,6007421356226920359b5f3e,6899c7d7c4c961a016830ad3,6899c9b198c77f2e0d49d774,,,,,,,,,,,,,,,,,,,,,,,,,,,,,,,,,,,,,,,,,,,,,,,,,,,262.571,263.32,3,0,3,0,1,,,,,,,,,,,,,,,,,,,,,,,,,,,,,,,,,,,,,,,,,,,,,,,,,,,,,,,,,,,,,,,,,,,,,,,,,,,,,,,,,,,,,,,,,,,,,,,,,,,,,,,,,,,,,,,,,,,,,,,,,,,,,,,,,,,,,
,,6007421356226920359b5f3e,2025-08-11_11h58.11.883,CFMT_CCMT_Face_recognition,03.02.2023,Win32,144.092219,6007421356226920359b5f3e,6899c7d7c4c961a016830ad3,6899c9b198c77f2e0d49d774,,,,,,,,,,,,,,,,,,,,,,,,,,,,,,,,,,,,,,,,,,,,,,,,,,,263.32,264.07,4,0,4,0,1,,,,,,,,,,,,,,,,,,,,,,,,,,,,,,,,,,,,,,,,,,,,,,,,,,,,,,,,,,,,,,,,,,,,,,,,,,,,,,,,,,,,,,,,,,,,,,,,,,,,,,,,,,,,,,,,,,,,,,,,,,,,,,,,,,,,,
,,6007421356226920359b5f3e,2025-08-11_11h58.11.883,CFMT_CCMT_Face_recognition,03.02.2023,Win32,144.092219,6007421356226920359b5f3e,6899c7d7c4c961a016830ad3,6899c9b198c77f2e0d49d774,,,,,,,,,,,,,,,,,,,,,,,,,,,,,,,,,,,,,,,,,,,,,,,,,,,264.07,264.82,5,0,5,0,1,,,,,,,,,,,,,,,,,,,,,,,,,,,,,,,,,,,,,,,,,,,,,,,,,,,,,,,,,,,,,,,,,,,,,,,,,,,,,,,,,,,,,,,,,,,,,,,,,,,,,,,,,,,,,,,,,,,,,,,,,,,,,,,,,,,,,
,,6007421356226920359b5f3e,2025-08-11_11h58.11.883,CFMT_CCMT_Face_recognition,03.02.2023,Win32,144.092219,6007421356226920359b5f3e,6899c7d7c4c961a016830ad3,6899c9b198c77f2e0d49d774,,,,,,,,,,,,,,,,,,,,,,,,,,,,,,,,,,,,,,,,,,,,,,,,,,,,,,,,,,264.82,264.821,,0,,,264.821,269.82,,,,,,,,,,,,,,,,,,,,,,,,,,,,,,,,,,,,,,,,,,,,,,,,,,,,,,,,,,,,,,,,,,,,,,,,,,,,,,,,,,,,,,,,,,,,,,,,,,,,,,,,,,,,,,,,,,,,,,,,,,,,,
,,6007421356226920359b5f3e,2025-08-11_11h58.11.883,CFMT_CCMT_Face_recognition,03.02.2023,Win32,144.092219,6007421356226920359b5f3e,6899c7d7c4c961a016830ad3,6899c9b198c77f2e0d49d774,,,,,,,,,,,,,,,,,,,,,,,,,,,,,,,,,,,,,,,,,,,,,,,,,,,,,,,,,,,,,,,,,,269.82,279.817,,,,,,,,,,,,,,,,,,,,,,,,,,,,,,,,,,,,,,,,,,,,,,,,,,,,,,,,,,,,,,,,,,,,,,,,,,,,,,,,,,,,,,,,,,,,,,,,,,,,,,,,,,,,,,,,,,,,,,,,,,,
,,6007421356226920359b5f3e,2025-08-11_11h58.11.883,CFMT_CCMT_Face_recognition,03.02.2023,Win32,144.092219,6007421356226920359b5f3e,6899c7d7c4c961a016830ad3,6899c9b198c77f2e0d49d774,,,,,,,,,,,,,,,,,,,,,,,,,,,,,,,,,,,,,,,,,,,,,,,,,,,,,,,,,,,,,,,,,,,,279.817,286.851,,,,,,,,,,,,,,,,,,,,,,,,,,,,,,,,,,,,,,,,,,,,,,,,,,,,,,,,,,,,,,,,,,,,,,,,,,,,,,,,,,,,,,,,,,,,,,,,,,,,,,,,,,,,,,,,,,,,,,,,,
,,6007421356226920359b5f3e,2025-08-11_11h58.11.883,CFMT_CCMT_Face_recognition,03.02.2023,Win32,144.092219,6007421356226920359b5f3e,6899c7d7c4c961a016830ad3,6899c9b198c77f2e0d49d774,,,,,,,,,,,,,,,,,,,,,,,,,,,,,,,,,,,,,,,,,,,,,,,,,,,,,,,,,,,,,,,,,,,,,,286.851,288.447,,,,,,,,,,,,,,,,,,,,,,,,,,,,,,,,,,,,,,,,,,,,,,,,,,,,,,,,,,,,,,,,,,,,,,,,,,,,,,,,,,,,,,,,,,,,,,,,,,,,,,,,,,,,,,,,,,,,,,,
,,6007421356226920359b5f3e,2025-08-11_11h58.11.883,CFMT_CCMT_Face_recognition,03.02.2023,Win32,144.092219,6007421356226920359b5f3e,6899c7d7c4c961a016830ad3,6899c9b198c77f2e0d49d774,,,,,,,,,,,,,,,,,,,,,,,,,,,,,,,,,,,,,,,,,,,,,,288.449,1.954694492,290.406,,,,,,,,,,,,,,,,,,,,,,,,290.406,291.718,p,0,1.274,,0,0,0,0,1,,,,,,,,,,,,,,,,,,,,,,,,,,,,,,,,,,,,,,,,,,,,,,,,,,,,,,,,,,,,,,,,,,,,,,,,,,,,,,,,,,,,,,,,,,,,,,,,,,,,,,,,,,,,
,,6007421356226920359b5f3e,2025-08-11_11h58.11.883,CFMT_CCMT_Face_recognition,03.02.2023,Win32,144.092219,6007421356226920359b5f3e,6899c7d7c4c961a016830ad3,6899c9b198c77f2e0d49d774,,,,,,,,,,,,,,,,,,,,,,,,,,,,,,,,,,,,,,,,,,,,,,291.718,1.550785102,293.267,,,,,,,,,,,,,,,,,,,,,,,,293.267,294.662,p,1,1.35,,1,0,1,0,1,,,,,,,,,,,,,,,,,,,,,,,,,,,,,,,,,,,,,,,,,,,,,,,,,,,,,,,,,,,,,,,,,,,,,,,,,,,,,,,,,,,,,,,,,,,,,,,,,,,,,,,,,,,,
,,6007421356226920359b5f3e,2025-08-11_11h58.11.883,CFMT_CCMT_Face_recognition,03.02.2023,Win32,144.092219,6007421356226920359b5f3e,6899c7d7c4c961a016830ad3,6899c9b198c77f2e0d49d774,,,,,,,,,,,,,,,,,,,,,,,,,,,,,,,,,,,,,,,,,,,,,,294.662,2.132268888,296.793,,,,,,,,,,,,,,,,,,,,,,,,296.793,297.876,q,1,1.045,,2,0,2,0,1,,,,,,,,,,,,,,,,,,,,,,,,,,,,,,,,,,,,,,,,,,,,,,,,,,,,,,,,,,,,,,,,,,,,,,,,,,,,,,,,,,,,,,,,,,,,,,,,,,,,,,,,,,,,
,,6007421356226920359b5f3e,2025-08-11_11h58.11.883,CFMT_CCMT_Face_recognition,03.02.2023,Win32,144.092219,6007421356226920359b5f3e,6899c7d7c4c961a016830ad3,6899c9b198c77f2e0d49d774,,,,,,,,,,,,,,,,,,,,,,,,,,,,,,,,,,,,,,,,,,,,,,297.876,1.526937808,299.404,,,,,,,,,,,,,,,,,,,,,,,,299.404,300.584,q,1,1.145,,3,0,3,0,1,,,,,,,,,,,,,,,,,,,,,,,,,,,,,,,,,,,,,,,,,,,,,,,,,,,,,,,,,,,,,,,,,,,,,,,,,,,,,,,,,,,,,,,,,,,,,,,,,,,,,,,,,,,,
,,6007421356226920359b5f3e,2025-08-11_11h58.11.883,CFMT_CCMT_Face_recognition,03.02.2023,Win32,144.092219,6007421356226920359b5f3e,6899c7d7c4c961a016830ad3,6899c9b198c77f2e0d49d774,,,,,,,,,,,,,,,,,,,,,,,,,,,,,,,,,,,,,,,,,,,,,,300.585,2.053115752,302.639,,,,,,,,,,,,,,,,,,,,,,,,302.639,303.472,q,1,0.787,,4,0,4,0,1,,,,,,,,,,,,,,,,,,,,,,,,,,,,,,,,,,,,,,,,,,,,,,,,,,,,,,,,,,,,,,,,,,,,,,,,,,,,,,,,,,,,,,,,,,,,,,,,,,,,,,,,,,,,
,,6007421356226920359b5f3e,2025-08-11_11h58.11.883,CFMT_CCMT_Face_recognition,03.02.2023,Win32,144.092219,6007421356226920359b5f3e,6899c7d7c4c961a016830ad3,6899c9b198c77f2e0d49d774,,,,,,,,,,,,,,,,,,,,,,,,,,,,,,,,,,,,,,,,,,,,,,303.472,2.355585629,305.825,,,,,,,,,,,,,,,,,,,,,,,,305.825,306.659,q,1,0.798,,5,0,5,0,1,,,,,,,,,,,,,,,,,,,,,,,,,,,,,,,,,,,,,,,,,,,,,,,,,,,,,,,,,,,,,,,,,,,,,,,,,,,,,,,,,,,,,,,,,,,,,,,,,,,,,,,,,,,,
,,6007421356226920359b5f3e,2025-08-11_11h58.11.883,CFMT_CCMT_Face_recognition,03.02.2023,Win32,144.092219,6007421356226920359b5f3e,6899c7d7c4c961a016830ad3,6899c9b198c77f2e0d49d774,,,,,,,,,,,,,,,,,,,,,,,,,,,,,,,,,,,,,,,,,,,,,,306.659,2.027754385,308.686,,,,,,,,,,,,,,,,,,,,,,,,308.686,309.902,p,1,1.18,,6,0,6,0,1,,,,,,,,,,,,,,,,,,,,,,,,,,,,,,,,,,,,,,,,,,,,,,,,,,,,,,,,,,,,,,,,,,,,,,,,,,,,,,,,,,,,,,,,,,,,,,,,,,,,,,,,,,,,
,,6007421356226920359b5f3e,2025-08-11_11h58.11.883,CFMT_CCMT_Face_recognition,03.02.2023,Win32,144.092219,6007421356226920359b5f3e,6899c7d7c4c961a016830ad3,6899c9b198c77f2e0d49d774,,,,,,,,,,,,,,,,,,,,,,,,,,,,,,,,,,,,,,,,,,,,,,309.902,1.73187965,311.63,,,,,,,,,,,,,,,,,,,,,,,,311.63,312.832,p,1,1.166,,7,0,7,0,1,,,,,,,,,,,,,,,,,,,,,,,,,,,,,,,,,,,,,,,,,,,,,,,,,,,,,,,,,,,,,,,,,,,,,,,,,,,,,,,,,,,,,,,,,,,,,,,,,,,,,,,,,,,,
,,6007421356226920359b5f3e,2025-08-11_11h58.11.883,CFMT_CCMT_Face_recognition,03.02.2023,Win32,144.092219,6007421356226920359b5f3e,6899c7d7c4c961a016830ad3,6899c9b198c77f2e0d49d774,,,,,,,,,,,,,,,,,,,,,,,,,,,,,,,,,,,,,,,,,,,,,,312.832,1.537582405,314.366,,,,,,,,,,,,,,,,,,,,,,,,314.366,315.518,p,0,1.119,,8,0,8,0,1,,,,,,,,,,,,,,,,,,,,,,,,,,,,,,,,,,,,,,,,,,,,,,,,,,,,,,,,,,,,,,,,,,,,,,,,,,,,,,,,,,,,,,,,,,,,,,,,,,,,,,,,,,,,
,,6007421356226920359b5f3e,2025-08-11_11h58.11.883,CFMT_CCMT_Face_recognition,03.02.2023,Win32,144.092219,6007421356226920359b5f3e,6899c7d7c4c961a016830ad3,6899c9b198c77f2e0d49d774,,,,,,,,,,,,,,,,,,,,,,,,,,,,,,,,,,,,,,,,,,,,,,315.518,1.785291301,317.303,,,,,,,,,,,,,,,,,,,,,,,,317.303,318.185,q,1,0.848,,9,0,9,0,1,,,,,,,,,,,,,,,,,,,,,,,,,,,,,,,,,,,,,,,,,,,,,,,,,,,,,,,,,,,,,,,,,,,,,,,,,,,,,,,,,,,,,,,,,,,,,,,,,,,,,,,,,,,,
,,6007421356226920359b5f3e,2025-08-11_11h58.11.883,CFMT_CCMT_Face_recognition,03.02.2023,Win32,144.092219,6007421356226920359b5f3e,6899c7d7c4c961a016830ad3,6899c9b198c77f2e0d49d774,,,,,,,,,,,,,,,,,,,,,,,,,,,,,,,,,,,,,,,,,,,,,,318.185,2.308726317,320.49,,,,,,,,,,,,,,,,,,,,,,,,320.49,321.357,q,0,0.831,,10,0,10,0,1,,,,,,,,,,,,,,,,,,,,,,,,,,,,,,,,,,,,,,,,,,,,,,,,,,,,,,,,,,,,,,,,,,,,,,,,,,,,,,,,,,,,,,,,,,,,,,,,,,,,,,,,,,,,
,,6007421356226920359b5f3e,2025-08-11_11h58.11.883,CFMT_CCMT_Face_recognition,03.02.2023,Win32,144.092219,6007421356226920359b5f3e,6899c7d7c4c961a016830ad3,6899c9b198c77f2e0d49d774,,,,,,,,,,,,,,,,,,,,,,,,,,,,,,,,,,,,,,,,,,,,,,321.358,1.8820191,323.239,,,,,,,,,,,,,,,,,,,,,,,,323.239,324.322,p,0,1.045,,11,0,11,0,1,,,,,,,,,,,,,,,,,,,,,,,,,,,,,,,,,,,,,,,,,,,,,,,,,,,,,,,,,,,,,,,,,,,,,,,,,,,,,,,,,,,,,,,,,,,,,,,,,,,,,,,,,,,,
,,6007421356226920359b5f3e,2025-08-11_11h58.11.883,CFMT_CCMT_Face_recognition,03.02.2023,Win32,144.092219,6007421356226920359b5f3e,6899c7d7c4c961a016830ad3,6899c9b198c77f2e0d49d774,,,,,,,,,,,,,,,,,,,,,,,,,,,,,,,,,,,,,,,,,,,,,,324.322,2.018341967,326.343,,,,,,,,,,,,,,,,,,,,,,,,326.343,327.343,q,0,0.965,,12,0,12,0,1,,,,,,,,,,,,,,,,,,,,,,,,,,,,,,,,,,,,,,,,,,,,,,,,,,,,,,,,,,,,,,,,,,,,,,,,,,,,,,,,,,,,,,,,,,,,,,,,,,,,,,,,,,,,
,,6007421356226920359b5f3e,2025-08-11_11h58.11.883,CFMT_CCMT_Face_recognition,03.02.2023,Win32,144.092219,6007421356226920359b5f3e,6899c7d7c4c961a016830ad3,6899c9b198c77f2e0d49d774,,,,,,,,,,,,,,,,,,,,,,,,,,,,,,,,,,,,,,,,,,,,,,327.343,2.115599006,329.46,,,,,,,,,,,,,,,,,,,,,,,,329.46,330.432,q,1,0.936,,13,0,13,0,1,,,,,,,,,,,,,,,,,,,,,,,,,,,,,,,,,,,,,,,,,,,,,,,,,,,,,,,,,,,,,,,,,,,,,,,,,,,,,,,,,,,,,,,,,,,,,,,,,,,,,,,,,,,,
,,6007421356226920359b5f3e,2025-08-11_11h58.11.883,CFMT_CCMT_Face_recognition,03.02.2023,Win32,144.092219,6007421356226920359b5f3e,6899c7d7c4c961a016830ad3,6899c9b198c77f2e0d49d774,,,,,,,,,,,,,,,,,,,,,,,,,,,,,,,,,,,,,,,,,,,,,,330.433,1.793250358,332.223,,,,,,,,,,,,,,,,,,,,,,,,332.223,333.265,p,1,0.995,,14,0,14,0,1,,,,,,,,,,,,,,,,,,,,,,,,,,,,,,,,,,,,,,,,,,,,,,,,,,,,,,,,,,,,,,,,,,,,,,,,,,,,,,,,,,,,,,,,,,,,,,,,,,,,,,,,,,,,
,,6007421356226920359b5f3e,2025-08-11_11h58.11.883,CFMT_CCMT_Face_recognition,03.02.2023,Win32,144.092219,6007421356226920359b5f3e,6899c7d7c4c961a016830ad3,6899c9b198c77f2e0d49d774,,,,,,,,,,,,,,,,,,,,,,,,,,,,,,,,,,,,,,,,,,,,,,333.265,1.879768861,335.147,,,,,,,,,,,,,,,,,,,,,,,,335.147,336.174,p,1,0.982,,15,0,15,0,1,,,,,,,,,,,,,,,,,,,,,,,,,,,,,,,,,,,,,,,,,,,,,,,,,,,,,,,,,,,,,,,,,,,,,,,,,,,,,,,,,,,,,,,,,,,,,,,,,,,,,,,,,,,,
,,6007421356226920359b5f3e,2025-08-11_11h58.11.883,CFMT_CCMT_Face_recognition,03.02.2023,Win32,144.092219,6007421356226920359b5f3e,6899c7d7c4c961a016830ad3,6899c9b198c77f2e0d49d774,,,,,,,,,,,,,,,,,,,,,,,,,,,,,,,,,,,,,,,,,,,,,,336.174,2.304846294,338.479,,,,,,,,,,,,,,,,,,,,,,,,338.479,339.423,p,1,0.911,,16,0,16,0,1,,,,,,,,,,,,,,,,,,,,,,,,,,,,,,,,,,,,,,,,,,,,,,,,,,,,,,,,,,,,,,,,,,,,,,,,,,,,,,,,,,,,,,,,,,,,,,,,,,,,,,,,,,,,
,,6007421356226920359b5f3e,2025-08-11_11h58.11.883,CFMT_CCMT_Face_recognition,03.02.2023,Win32,144.092219,6007421356226920359b5f3e,6899c7d7c4c961a016830ad3,6899c9b198c77f2e0d49d774,,,,,,,,,,,,,,,,,,,,,,,,,,,,,,,,,,,,,,,,,,,,,,339.425,1.604959621,341.028,,,,,,,,,,,,,,,,,,,,,,,,341.028,342.187,q,0,1.118,,17,0,17,0,1,,,,,,,,,,,,,,,,,,,,,,,,,,,,,,,,,,,,,,,,,,,,,,,,,,,,,,,,,,,,,,,,,,,,,,,,,,,,,,,,,,,,,,,,,,,,,,,,,,,,,,,,,,,,
,,6007421356226920359b5f3e,2025-08-11_11h58.11.883,CFMT_CCMT_Face_recognition,03.02.2023,Win32,144.092219,6007421356226920359b5f3e,6899c7d7c4c961a016830ad3,6899c9b198c77f2e0d49d774,,,,,,,,,,,,,,,,,,,,,,,,,,,,,,,,,,,,,,,,,,,,,,342.188,1.865019187,344.049,,,,,,,,,,,,,,,,,,,,,,,,344.049,344.924,p,1,0.837,,18,0,18,0,1,,,,,,,,,,,,,,,,,,,,,,,,,,,,,,,,,,,,,,,,,,,,,,,,,,,,,,,,,,,,,,,,,,,,,,,,,,,,,,,,,,,,,,,,,,,,,,,,,,,,,,,,,,,,
,,6007421356226920359b5f3e,2025-08-11_11h58.11.883,CFMT_CCMT_Face_recognition,03.02.2023,Win32,144.092219,6007421356226920359b5f3e,6899c7d7c4c961a016830ad3,6899c9b198c77f2e0d49d774,,,,,,,,,,,,,,,,,,,,,,,,,,,,,,,,,,,,,,,,,,,,,,344.924,2.378561698,347.304,,,,,,,,,,,,,,,,,,,,,,,,347.304,348.033,p,1,0.683,,19,0,19,0,1,,,,,,,,,,,,,,,,,,,,,,,,,,,,,,,,,,,,,,,,,,,,,,,,,,,,,,,,,,,,,,,,,,,,,,,,,,,,,,,,,,,,,,,,,,,,,,,,,,,,,,,,,,,,
,,6007421356226920359b5f3e,2025-08-11_11h58.11.883,CFMT_CCMT_Face_recognition,03.02.2023,Win32,144.092219,6007421356226920359b5f3e,6899c7d7c4c961a016830ad3,6899c9b198c77f2e0d49d774,,,,,,,,,,,,,,,,,,,,,,,,,,,,,,,,,,,,,,,,,,,,,,348.033,1.893807181,349.929,,,,,,,,,,,,,,,,,,,,,,,,349.929,351.387,p,1,1.415,,20,0,20,0,1,,,,,,,,,,,,,,,,,,,,,,,,,,,,,,,,,,,,,,,,,,,,,,,,,,,,,,,,,,,,,,,,,,,,,,,,,,,,,,,,,,,,,,,,,,,,,,,,,,,,,,,,,,,,
,,6007421356226920359b5f3e,2025-08-11_11h58.11.883,CFMT_CCMT_Face_recognition,03.02.2023,Win32,144.092219,6007421356226920359b5f3e,6899c7d7c4c961a016830ad3,6899c9b198c77f2e0d49d774,,,,,,,,,,,,,,,,,,,,,,,,,,,,,,,,,,,,,,,,,,,,,,351.387,2.204789053,353.587,,,,,,,,,,,,,,,,,,,,,,,,353.587,354.545,p,0,0.922,,21,0,21,0,1,,,,,,,,,,,,,,,,,,,,,,,,,,,,,,,,,,,,,,,,,,,,,,,,,,,,,,,,,,,,,,,,,,,,,,,,,,,,,,,,,,,,,,,,,,,,,,,,,,,,,,,,,,,,
,,6007421356226920359b5f3e,2025-08-11_11h58.11.883,CFMT_CCMT_Face_recognition,03.02.2023,Win32,144.092219,6007421356226920359b5f3e,6899c7d7c4c961a016830ad3,6899c9b198c77f2e0d49d774,,,,,,,,,,,,,,,,,,,,,,,,,,,,,,,,,,,,,,,,,,,,,,354.545,1.745008488,356.288,,,,,,,,,,,,,,,,,,,,,,,,356.288,357.419,q,0,1.096,,22,0,22,0,1,,,,,,,,,,,,,,,,,,,,,,,,,,,,,,,,,,,,,,,,,,,,,,,,,,,,,,,,,,,,,,,,,,,,,,,,,,,,,,,,,,,,,,,,,,,,,,,,,,,,,,,,,,,,
,,6007421356226920359b5f3e,2025-08-11_11h58.11.883,CFMT_CCMT_Face_recognition,03.02.2023,Win32,144.092219,6007421356226920359b5f3e,6899c7d7c4c961a016830ad3,6899c9b198c77f2e0d49d774,,,,,,,,,,,,,,,,,,,,,,,,,,,,,,,,,,,,,,,,,,,,,,357.419,1.947567438,359.366,,,,,,,,,,,,,,,,,,,,,,,,359.366,360.22,p,0,0.819,,23,0,23,0,1,,,,,,,,,,,,,,,,,,,,,,,,,,,,,,,,,,,,,,,,,,,,,,,,,,,,,,,,,,,,,,,,,,,,,,,,,,,,,,,,,,,,,,,,,,,,,,,,,,,,,,,,,,,,
,,6007421356226920359b5f3e,2025-08-11_11h58.11.883,CFMT_CCMT_Face_recognition,03.02.2023,Win32,144.092219,6007421356226920359b5f3e,6899c7d7c4c961a016830ad3,6899c9b198c77f2e0d49d774,,,,,,,,,,,,,,,,,,,,,,,,,,,,,,,,,,,,,,,,,,,,,,360.22,2.374853484,362.592,,,,,,,,,,,,,,,,,,,,,,,,362.592,364.092,q,1,1.457,,24,0,24,0,1,,,,,,,,,,,,,,,,,,,,,,,,,,,,,,,,,,,,,,,,,,,,,,,,,,,,,,,,,,,,,,,,,,,,,,,,,,,,,,,,,,,,,,,,,,,,,,,,,,,,,,,,,,,,
,,6007421356226920359b5f3e,2025-08-11_11h58.11.883,CFMT_CCMT_Face_recognition,03.02.2023,Win32,144.092219,6007421356226920359b5f3e,6899c7d7c4c961a016830ad3,6899c9b198c77f2e0d49d774,,,,,,,,,,,,,,,,,,,,,,,,,,,,,,,,,,,,,,,,,,,,,,364.093,1.88173094,365.974,,,,,,,,,,,,,,,,,,,,,,,,365.974,367.008,p,1,0.998,,25,0,25,0,1,,,,,,,,,,,,,,,,,,,,,,,,,,,,,,,,,,,,,,,,,,,,,,,,,,,,,,,,,,,,,,,,,,,,,,,,,,,,,,,,,,,,,,,,,,,,,,,,,,,,,,,,,,,,
,,6007421356226920359b5f3e,2025-08-11_11h58.11.883,CFMT_CCMT_Face_recognition,03.02.2023,Win32,144.092219,6007421356226920359b5f3e,6899c7d7c4c961a016830ad3,6899c9b198c77f2e0d49d774,,,,,,,,,,,,,,,,,,,,,,,,,,,,,,,,,,,,,,,,,,,,,,367.008,2.066053757,369.071,,,,,,,,,,,,,,,,,,,,,,,,369.071,370.091,p,1,0.985,,26,0,26,0,1,,,,,,,,,,,,,,,,,,,,,,,,,,,,,,,,,,,,,,,,,,,,,,,,,,,,,,,,,,,,,,,,,,,,,,,,,,,,,,,,,,,,,,,,,,,,,,,,,,,,,,,,,,,,
,,6007421356226920359b5f3e,2025-08-11_11h58.11.883,CFMT_CCMT_Face_recognition,03.02.2023,Win32,144.092219,6007421356226920359b5f3e,6899c7d7c4c961a016830ad3,6899c9b198c77f2e0d49d774,,,,,,,,,,,,,,,,,,,,,,,,,,,,,,,,,,,,,,,,,,,,,,370.092,2.45954299,372.549,,,,,,,,,,,,,,,,,,,,,,,,372.55,374.368,q,1,1.785,,27,0,27,0,1,,,,,,,,,,,,,,,,,,,,,,,,,,,,,,,,,,,,,,,,,,,,,,,,,,,,,,,,,,,,,,,,,,,,,,,,,,,,,,,,,,,,,,,,,,,,,,,,,,,,,,,,,,,,
,,6007421356226920359b5f3e,2025-08-11_11h58.11.883,CFMT_CCMT_Face_recognition,03.02.2023,Win32,144.092219,6007421356226920359b5f3e,6899c7d7c4c961a016830ad3,6899c9b198c77f2e0d49d774,,,,,,,,,,,,,,,,,,,,,,,,,,,,,,,,,,,,,,,,,,,,,,374.369,2.015169314,376.382,,,,,,,,,,,,,,,,,,,,,,,,376.382,377.444,p,0,1.021,,28,0,28,0,1,,,,,,,,,,,,,,,,,,,,,,,,,,,,,,,,,,,,,,,,,,,,,,,,,,,,,,,,,,,,,,,,,,,,,,,,,,,,,,,,,,,,,,,,,,,,,,,,,,,,,,,,,,,,
,,6007421356226920359b5f3e,2025-08-11_11h58.11.883,CFMT_CCMT_Face_recognition,03.02.2023,Win32,144.092219,6007421356226920359b5f3e,6899c7d7c4c961a016830ad3,6899c9b198c77f2e0d49d774,,,,,,,,,,,,,,,,,,,,,,,,,,,,,,,,,,,,,,,,,,,,,,377.444,2.046446083,379.493,,,,,,,,,,,,,,,,,,,,,,,,379.493,380.812,q,1,1.281,,29,0,29,0,1,,,,,,,,,,,,,,,,,,,,,,,,,,,,,,,,,,,,,,,,,,,,,,,,,,,,,,,,,,,,,,,,,,,,,,,,,,,,,,,,,,,,,,,,,,,,,,,,,,,,,,,,,,,,
,,6007421356226920359b5f3e,2025-08-11_11h58.11.883,CFMT_CCMT_Face_recognition,03.02.2023,Win32,144.092219,6007421356226920359b5f3e,6899c7d7c4c961a016830ad3,6899c9b198c77f2e0d49d774,,,,,,,,,,,,,,,,,,,,,,,,,,,,,,,,,,,,,,,,,,,,,,380.812,1.956983955,382.77,,,,,,,,,,,,,,,,,,,,,,,,382.77,385.22,,,,,30,0,30,0,1,,,,,,,,,,,,,,,,,,,,,,,,,,,,,,,,,,,,,,,,,,,,,,,,,,,,,,,,,,,,,,,,,,,,,,,,,,,,,,,,,,,,,,,,,,,,,,,,,,,,,,,,,,,,
,,6007421356226920359b5f3e,2025-08-11_11h58.11.883,CFMT_CCMT_Face_recognition,03.02.2023,Win32,144.092219,6007421356226920359b5f3e,6899c7d7c4c961a016830ad3,6899c9b198c77f2e0d49d774,,,,,,,,,,,,,,,,,,,,,,,,,,,,,,,,,,,,,,,,,,,,,,385.22,2.438316834,387.658,,,,,,,,,,,,,,,,,,,,,,,,387.658,389.095,q,1,1.402,,31,0,31,0,1,,,,,,,,,,,,,,,,,,,,,,,,,,,,,,,,,,,,,,,,,,,,,,,,,,,,,,,,,,,,,,,,,,,,,,,,,,,,,,,,,,,,,,,,,,,,,,,,,,,,,,,,,,,,
,,6007421356226920359b5f3e,2025-08-11_11h58.11.883,CFMT_CCMT_Face_recognition,03.02.2023,Win32,144.092219,6007421356226920359b5f3e,6899c7d7c4c961a016830ad3,6899c9b198c77f2e0d49d774,,,,,,,,,,,,,,,,,,,,,,,,,,,,,,,,,,,,,,,,,,,,,,389.095,2.212885789,391.31,,,,,,,,,,,,,,,,,,,,,,,,391.31,392.767,q,0,1.421,,32,0,32,0,1,,,,,,,,,,,,,,,,,,,,,,,,,,,,,,,,,,,,,,,,,,,,,,,,,,,,,,,,,,,,,,,,,,,,,,,,,,,,,,,,,,,,,,,,,,,,,,,,,,,,,,,,,,,,
,,6007421356226920359b5f3e,2025-08-11_11h58.11.883,CFMT_CCMT_Face_recognition,03.02.2023,Win32,144.092219,6007421356226920359b5f3e,6899c7d7c4c961a016830ad3,6899c9b198c77f2e0d49d774,,,,,,,,,,,,,,,,,,,,,,,,,,,,,,,,,,,,,,,,,,,,,,392.767,2.37797042,395.143,,,,,,,,,,,,,,,,,,,,,,,,395.143,396.433,p,1,1.248,,33,0,33,0,1,,,,,,,,,,,,,,,,,,,,,,,,,,,,,,,,,,,,,,,,,,,,,,,,,,,,,,,,,,,,,,,,,,,,,,,,,,,,,,,,,,,,,,,,,,,,,,,,,,,,,,,,,,,,
,,6007421356226920359b5f3e,2025-08-11_11h58.11.883,CFMT_CCMT_Face_recognition,03.02.2023,Win32,144.092219,6007421356226920359b5f3e,6899c7d7c4c961a016830ad3,6899c9b198c77f2e0d49d774,,,,,,,,,,,,,,,,,,,,,,,,,,,,,,,,,,,,,,,,,,,,,,396.433,2.23642468,398.67,,,,,,,,,,,,,,,,,,,,,,,,398.67,399.607,p,1,0.902,,34,0,34,0,1,,,,,,,,,,,,,,,,,,,,,,,,,,,,,,,,,,,,,,,,,,,,,,,,,,,,,,,,,,,,,,,,,,,,,,,,,,,,,,,,,,,,,,,,,,,,,,,,,,,,,,,,,,,,
,,6007421356226920359b5f3e,2025-08-11_11h58.11.883,CFMT_CCMT_Face_recognition,03.02.2023,Win32,144.092219,6007421356226920359b5f3e,6899c7d7c4c961a016830ad3,6899c9b198c77f2e0d49d774,,,,,,,,,,,,,,,,,,,,,,,,,,,,,,,,,,,,,,,,,,,,,,399.607,2.181291618,401.786,,,,,,,,,,,,,,,,,,,,,,,,401.786,402.918,p,1,1.088,,35,0,35,0,1,,,,,,,,,,,,,,,,,,,,,,,,,,,,,,,,,,,,,,,,,,,,,,,,,,,,,,,,,,,,,,,,,,,,,,,,,,,,,,,,,,,,,,,,,,,,,,,,,,,,,,,,,,,,
,,6007421356226920359b5f3e,2025-08-11_11h58.11.883,CFMT_CCMT_Face_recognition,03.02.2023,Win32,144.092219,6007421356226920359b5f3e,6899c7d7c4c961a016830ad3,6899c9b198c77f2e0d49d774,,,,,,,,,,,,,,,,,,,,,,,,,,,,,,,,,,,,,,,,,,,,,,402.919,2.475254941,405.39,,,,,,,,,,,,,,,,,,,,,,,,405.39,406.3,p,1,0.865,,36,0,36,0,1,,,,,,,,,,,,,,,,,,,,,,,,,,,,,,,,,,,,,,,,,,,,,,,,,,,,,,,,,,,,,,,,,,,,,,,,,,,,,,,,,,,,,,,,,,,,,,,,,,,,,,,,,,,,
,,6007421356226920359b5f3e,2025-08-11_11h58.11.883,CFMT_CCMT_Face_recognition,03.02.2023,Win32,144.092219,6007421356226920359b5f3e,6899c7d7c4c961a016830ad3,6899c9b198c77f2e0d49d774,,,,,,,,,,,,,,,,,,,,,,,,,,,,,,,,,,,,,,,,,,,,,,406.3,1.596292369,407.896,,,,,,,,,,,,,,,,,,,,,,,,407.896,409.014,p,1,1.073,,37,0,37,0,1,,,,,,,,,,,,,,,,,,,,,,,,,,,,,,,,,,,,,,,,,,,,,,,,,,,,,,,,,,,,,,,,,,,,,,,,,,,,,,,,,,,,,,,,,,,,,,,,,,,,,,,,,,,,
,,6007421356226920359b5f3e,2025-08-11_11h58.11.883,CFMT_CCMT_Face_recognition,03.02.2023,Win32,144.092219,6007421356226920359b5f3e,6899c7d7c4c961a016830ad3,6899c9b198c77f2e0d49d774,,,,,,,,,,,,,,,,,,,,,,,,,,,,,,,,,,,,,,,,,,,,,,409.014,2.287598742,411.298,,,,,,,,,,,,,,,,,,,,,,,,411.298,412.569,p,0,1.226,,38,0,38,0,1,,,,,,,,,,,,,,,,,,,,,,,,,,,,,,,,,,,,,,,,,,,,,,,,,,,,,,,,,,,,,,,,,,,,,,,,,,,,,,,,,,,,,,,,,,,,,,,,,,,,,,,,,,,,
,,6007421356226920359b5f3e,2025-08-11_11h58.11.883,CFMT_CCMT_Face_recognition,03.02.2023,Win32,144.092219,6007421356226920359b5f3e,6899c7d7c4c961a016830ad3,6899c9b198c77f2e0d49d774,,,,,,,,,,,,,,,,,,,,,,,,,,,,,,,,,,,,,,,,,,,,,,412.569,2.258155785,414.825,,,,,,,,,,,,,,,,,,,,,,,,414.825,415.909,p,1,1.048,,39,0,39,0,1,,,,,,,,,,,,,,,,,,,,,,,,,,,,,,,,,,,,,,,,,,,,,,,,,,,,,,,,,,,,,,,,,,,,,,,,,,,,,,,,,,,,,,,,,,,,,,,,,,,,,,,,,,,,
,,6007421356226920359b5f3e,2025-08-11_11h58.11.883,CFMT_CCMT_Face_recognition,03.02.2023,Win32,144.092219,6007421356226920359b5f3e,6899c7d7c4c961a016830ad3,6899c9b198c77f2e0d49d774,,,,,,,,,,,,,,,,,,,,,,,,,,,,,,,,,,,,,,,,,,,,,,415.909,1.862083012,417.769,,,,,,,,,,,,,,,,,,,,,,,,417.769,418.956,p,0,1.152,,40,0,40,0,1,,,,,,,,,,,,,,,,,,,,,,,,,,,,,,,,,,,,,,,,,,,,,,,,,,,,,,,,,,,,,,,,,,,,,,,,,,,,,,,,,,,,,,,,,,,,,,,,,,,,,,,,,,,,
,,6007421356226920359b5f3e,2025-08-11_11h58.11.883,CFMT_CCMT_Face_recognition,03.02.2023,Win32,144.092219,6007421356226920359b5f3e,6899c7d7c4c961a016830ad3,6899c9b198c77f2e0d49d774,,,,,,,,,,,,,,,,,,,,,,,,,,,,,,,,,,,,,,,,,,,,,,418.957,1.677350798,420.632,,,,,,,,,,,,,,,,,,,,,,,,420.632,422.2,q,1,1.532,,41,0,41,0,1,,,,,,,,,,,,,,,,,,,,,,,,,,,,,,,,,,,,,,,,,,,,,,,,,,,,,,,,,,,,,,,,,,,,,,,,,,,,,,,,,,,,,,,,,,,,,,,,,,,,,,,,,,,,
,,6007421356226920359b5f3e,2025-08-11_11h58.11.883,CFMT_CCMT_Face_recognition,03.02.2023,Win32,144.092219,6007421356226920359b5f3e,6899c7d7c4c961a016830ad3,6899c9b198c77f2e0d49d774,,,,,,,,,,,,,,,,,,,,,,,,,,,,,,,,,,,,,,,,,,,,,,422.2,1.960020352,424.157,,,,,,,,,,,,,,,,,,,,,,,,424.157,425.087,p,0,0.895,,42,0,42,0,1,,,,,,,,,,,,,,,,,,,,,,,,,,,,,,,,,,,,,,,,,,,,,,,,,,,,,,,,,,,,,,,,,,,,,,,,,,,,,,,,,,,,,,,,,,,,,,,,,,,,,,,,,,,,
,,6007421356226920359b5f3e,2025-08-11_11h58.11.883,CFMT_CCMT_Face_recognition,03.02.2023,Win32,144.092219,6007421356226920359b5f3e,6899c7d7c4c961a016830ad3,6899c9b198c77f2e0d49d774,,,,,,,,,,,,,,,,,,,,,,,,,,,,,,,,,,,,,,,,,,,,,,425.088,2.489212283,427.573,,,,,,,,,,,,,,,,,,,,,,,,427.573,428.747,p,1,1.14,,43,0,43,0,1,,,,,,,,,,,,,,,,,,,,,,,,,,,,,,,,,,,,,,,,,,,,,,,,,,,,,,,,,,,,,,,,,,,,,,,,,,,,,,,,,,,,,,,,,,,,,,,,,,,,,,,,,,,,
,,6007421356226920359b5f3e,2025-08-11_11h58.11.883,CFMT_CCMT_Face_recognition,03.02.2023,Win32,144.092219,6007421356226920359b5f3e,6899c7d7c4c961a016830ad3,6899c9b198c77f2e0d49d774,,,,,,,,,,,,,,,,,,,,,,,,,,,,,,,,,,,,,,,,,,,,,,428.747,1.629579087,430.379,,,,,,,,,,,,,,,,,,,,,,,,430.379,431.698,p,0,1.275,,44,0,44,0,1,,,,,,,,,,,,,,,,,,,,,,,,,,,,,,,,,,,,,,,,,,,,,,,,,,,,,,,,,,,,,,,,,,,,,,,,,,,,,,,,,,,,,,,,,,,,,,,,,,,,,,,,,,,,
,,6007421356226920359b5f3e,2025-08-11_11h58.11.883,CFMT_CCMT_Face_recognition,03.02.2023,Win32,144.092219,6007421356226920359b5f3e,6899c7d7c4c961a016830ad3,6899c9b198c77f2e0d49d774,,,,,,,,,,,,,,,,,,,,,,,,,,,,,,,,,,,,,,,,,,,,,,431.699,1.828296927,433.523,,,,,,,,,,,,,,,,,,,,,,,,433.523,434.947,p,0,1.386,,45,0,45,0,1,,,,,,,,,,,,,,,,,,,,,,,,,,,,,,,,,,,,,,,,,,,,,,,,,,,,,,,,,,,,,,,,,,,,,,,,,,,,,,,,,,,,,,,,,,,,,,,,,,,,,,,,,,,,
,,6007421356226920359b5f3e,2025-08-11_11h58.11.883,CFMT_CCMT_Face_recognition,03.02.2023,Win32,144.092219,6007421356226920359b5f3e,6899c7d7c4c961a016830ad3,6899c9b198c77f2e0d49d774,,,,,,,,,,,,,,,,,,,,,,,,,,,,,,,,,,,,,,,,,,,,,,434.947,1.928071714,436.87,,,,,,,,,,,,,,,,,,,,,,,,436.87,438.051,p,0,1.136,,46,0,46,0,1,,,,,,,,,,,,,,,,,,,,,,,,,,,,,,,,,,,,,,,,,,,,,,,,,,,,,,,,,,,,,,,,,,,,,,,,,,,,,,,,,,,,,,,,,,,,,,,,,,,,,,,,,,,,
,,6007421356226920359b5f3e,2025-08-11_11h58.11.883,CFMT_CCMT_Face_recognition,03.02.2023,Win32,144.092219,6007421356226920359b5f3e,6899c7d7c4c961a016830ad3,6899c9b198c77f2e0d49d774,,,,,,,,,,,,,,,,,,,,,,,,,,,,,,,,,,,,,,,,,,,,,,438.051,1.825907074,439.876,,,,,,,,,,,,,,,,,,,,,,,,439.876,440.932,q,1,1.017,,47,0,47,0,1,,,,,,,,,,,,,,,,,,,,,,,,,,,,,,,,,,,,,,,,,,,,,,,,,,,,,,,,,,,,,,,,,,,,,,,,,,,,,,,,,,,,,,,,,,,,,,,,,,,,,,,,,,,,
,,6007421356226920359b5f3e,2025-08-11_11h58.11.883,CFMT_CCMT_Face_recognition,03.02.2023,Win32,144.092219,6007421356226920359b5f3e,6899c7d7c4c961a016830ad3,6899c9b198c77f2e0d49d774,,,,,,,,,,,,,,,,,,,,,,,,,,,,,,,,,,,,,,,,,,,,,,440.932,2.253685322,443.181,,,,,,,,,,,,,,,,,,,,,,,,443.181,444.611,p,1,1.391,,48,0,48,0,1,,,,,,,,,,,,,,,,,,,,,,,,,,,,,,,,,,,,,,,,,,,,,,,,,,,,,,,,,,,,,,,,,,,,,,,,,,,,,,,,,,,,,,,,,,,,,,,,,,,,,,,,,,,,
,,6007421356226920359b5f3e,2025-08-11_11h58.11.883,CFMT_CCMT_Face_recognition,03.02.2023,Win32,144.092219,6007421356226920359b5f3e,6899c7d7c4c961a016830ad3,6899c9b198c77f2e0d49d774,,,,,,,,,,,,,,,,,,,,,,,,,,,,,,,,,,,,,,,,,,,,,,444.612,1.7865556,446.396,,,,,,,,,,,,,,,,,,,,,,,,446.396,447.425,p,0,0.992,,49,0,49,0,1,,,,,,,,,,,,,,,,,,,,,,,,,,,,,,,,,,,,,,,,,,,,,,,,,,,,,,,,,,,,,,,,,,,,,,,,,,,,,,,,,,,,,,,,,,,,,,,,,,,,,,,,,,,,
,,6007421356226920359b5f3e,2025-08-11_11h58.11.883,CFMT_CCMT_Face_recognition,03.02.2023,Win32,144.092219,6007421356226920359b5f3e,6899c7d7c4c961a016830ad3,6899c9b198c77f2e0d49d774,,,,,,,,,,,,,,,,,,,,,,,,,,,,,,,,,,,,,,,,,,,,,,447.425,1.736266435,449.159,,,,,,,,,,,,,,,,,,,,,,,,449.159,450.562,p,1,1.359,,50,0,50,0,1,,,,,,,,,,,,,,,,,,,,,,,,,,,,,,,,,,,,,,,,,,,,,,,,,,,,,,,,,,,,,,,,,,,,,,,,,,,,,,,,,,,,,,,,,,,,,,,,,,,,,,,,,,,,
,,6007421356226920359b5f3e,2025-08-11_11h58.11.883,CFMT_CCMT_Face_recognition,03.02.2023,Win32,144.092219,6007421356226920359b5f3e,6899c7d7c4c961a016830ad3,6899c9b198c77f2e0d49d774,,,,,,,,,,,,,,,,,,,,,,,,,,,,,,,,,,,,,,,,,,,,,,450.562,1.840757885,452.402,,,,,,,,,,,,,,,,,,,,,,,,452.402,453.721,q,1,1.272,,51,0,51,0,1,,,,,,,,,,,,,,,,,,,,,,,,,,,,,,,,,,,,,,,,,,,,,,,,,,,,,,,,,,,,,,,,,,,,,,,,,,,,,,,,,,,,,,,,,,,,,,,,,,,,,,,,,,,,
,,6007421356226920359b5f3e,2025-08-11_11h58.11.883,CFMT_CCMT_Face_recognition,03.02.2023,Win32,144.092219,6007421356226920359b5f3e,6899c7d7c4c961a016830ad3,6899c9b198c77f2e0d49d774,,,,,,,,,,,,,,,,,,,,,,,,,,,,,,,,,,,,,,,,,,,,,,453.721,2.140426201,455.86,,,,,,,,,,,,,,,,,,,,,,,,455.86,457.061,q,1,1.163,,52,0,52,0,1,,,,,,,,,,,,,,,,,,,,,,,,,,,,,,,,,,,,,,,,,,,,,,,,,,,,,,,,,,,,,,,,,,,,,,,,,,,,,,,,,,,,,,,,,,,,,,,,,,,,,,,,,,,,
,,6007421356226920359b5f3e,2025-08-11_11h58.11.883,CFMT_CCMT_Face_recognition,03.02.2023,Win32,144.092219,6007421356226920359b5f3e,6899c7d7c4c961a016830ad3,6899c9b198c77f2e0d49d774,,,,,,,,,,,,,,,,,,,,,,,,,,,,,,,,,,,,,,,,,,,,,,457.061,2.187319104,459.248,,,,,,,,,,,,,,,,,,,,,,,,459.248,460.49,q,1,1.206,,53,0,53,0,1,,,,,,,,,,,,,,,,,,,,,,,,,,,,,,,,,,,,,,,,,,,,,,,,,,,,,,,,,,,,,,,,,,,,,,,,,,,,,,,,,,,,,,,,,,,,,,,,,,,,,,,,,,,,
,,6007421356226920359b5f3e,2025-08-11_11h58.11.883,CFMT_CCMT_Face_recognition,03.02.2023,Win32,144.092219,6007421356226920359b5f3e,6899c7d7c4c961a016830ad3,6899c9b198c77f2e0d49d774,,,,,,,,,,,,,,,,,,,,,,,,,,,,,,,,,,,,,,,,,,,,,,460.49,1.944443874,462.435,,,,,,,,,,,,,,,,,,,,,,,,462.435,463.324,p,0,0.846,,54,0,54,0,1,,,,,,,,,,,,,,,,,,,,,,,,,,,,,,,,,,,,,,,,,,,,,,,,,,,,,,,,,,,,,,,,,,,,,,,,,,,,,,,,,,,,,,,,,,,,,,,,,,,,,,,,,,,,
,,6007421356226920359b5f3e,2025-08-11_11h58.11.883,CFMT_CCMT_Face_recognition,03.02.2023,Win32,144.092219,6007421356226920359b5f3e,6899c7d7c4c961a016830ad3,6899c9b198c77f2e0d49d774,,,,,,,,,,,,,,,,,,,,,,,,,,,,,,,,,,,,,,,,,,,,,,463.324,1.842528973,465.165,,,,,,,,,,,,,,,,,,,,,,,,465.165,466.289,p,1,1.089,,55,0,55,0,1,,,,,,,,,,,,,,,,,,,,,,,,,,,,,,,,,,,,,,,,,,,,,,,,,,,,,,,,,,,,,,,,,,,,,,,,,,,,,,,,,,,,,,,,,,,,,,,,,,,,,,,,,,,,
,,6007421356226920359b5f3e,2025-08-11_11h58.11.883,CFMT_CCMT_Face_recognition,03.02.2023,Win32,144.092219,6007421356226920359b5f3e,6899c7d7c4c961a016830ad3,6899c9b198c77f2e0d49d774,,,,,,,,,,,,,,,,,,,,,,,,,,,,,,,,,,,,,,,,,,,,,,466.289,1.54784434,467.836,,,,,,,,,,,,,,,,,,,,,,,,467.836,468.635,p,1,0.763,,56,0,56,0,1,,,,,,,,,,,,,,,,,,,,,,,,,,,,,,,,,,,,,,,,,,,,,,,,,,,,,,,,,,,,,,,,,,,,,,,,,,,,,,,,,,,,,,,,,,,,,,,,,,,,,,,,,,,,
,,6007421356226920359b5f3e,2025-08-11_11h58.11.883,CFMT_CCMT_Face_recognition,03.02.2023,Win32,144.092219,6007421356226920359b5f3e,6899c7d7c4c961a016830ad3,6899c9b198c77f2e0d49d774,,,,,,,,,,,,,,,,,,,,,,,,,,,,,,,,,,,,,,,,,,,,,,468.635,2.044067695,470.676,,,,,,,,,,,,,,,,,,,,,,,,470.676,471.488,p,1,0.767,,57,0,57,0,1,,,,,,,,,,,,,,,,,,,,,,,,,,,,,,,,,,,,,,,,,,,,,,,,,,,,,,,,,,,,,,,,,,,,,,,,,,,,,,,,,,,,,,,,,,,,,,,,,,,,,,,,,,,,
,,6007421356226920359b5f3e,2025-08-11_11h58.11.883,CFMT_CCMT_Face_recognition,03.02.2023,Win32,144.092219,6007421356226920359b5f3e,6899c7d7c4c961a016830ad3,6899c9b198c77f2e0d49d774,,,,,,,,,,,,,,,,,,,,,,,,,,,,,,,,,,,,,,,,,,,,,,471.488,1.661161516,473.148,,,,,,,,,,,,,,,,,,,,,,,,473.148,474.085,p,1,0.895,,58,0,58,0,1,,,,,,,,,,,,,,,,,,,,,,,,,,,,,,,,,,,,,,,,,,,,,,,,,,,,,,,,,,,,,,,,,,,,,,,,,,,,,,,,,,,,,,,,,,,,,,,,,,,,,,,,,,,,
,,6007421356226920359b5f3e,2025-08-11_11h58.11.883,CFMT_CCMT_Face_recognition,03.02.2023,Win32,144.092219,6007421356226920359b5f3e,6899c7d7c4c961a016830ad3,6899c9b198c77f2e0d49d774,,,,,,,,,,,,,,,,,,,,,,,,,,,,,,,,,,,,,,,,,,,,,,474.085,2.248763831,476.334,,,,,,,,,,,,,,,,,,,,,,,,476.335,477.9,q,1,1.524,,59,0,59,0,1,,,,,,,,,,,,,,,,,,,,,,,,,,,,,,,,,,,,,,,,,,,,,,,,,,,,,,,,,,,,,,,,,,,,,,,,,,,,,,,,,,,,,,,,,,,,,,,,,,,,,,,,,,,,
,,6007421356226920359b5f3e,2025-08-11_11h58.11.883,CFMT_CCMT_Face_recognition,03.02.2023,Win32,144.092219,6007421356226920359b5f3e,6899c7d7c4c961a016830ad3,6899c9b198c77f2e0d49d774,,,,,,,,,,,,,,,,,,,,,,,,,,,,,,,,,,,,,,,,,,,,,,481.904,2.292823651,484.194,,,,,,,,,,,,,,,,,,,,,,,,484.194,485.152,p,1,0.911,,0,0,0,0,1,477.9,481.903,space,3.991,,,,,,,,,,,,,,,,,,,,,,,,,,,,,,,,,,,,,,,,,,,,,,,,,,,,,,,,,,,,,,,,,,,,,,,,,,,,,,,,,,,,,,,,,,,,,,,,,,,,,,,,
,,6007421356226920359b5f3e,2025-08-11_11h58.11.883,CFMT_CCMT_Face_recognition,03.02.2023,Win32,144.092219,6007421356226920359b5f3e,6899c7d7c4c961a016830ad3,6899c9b198c77f2e0d49d774,,,,,,,,,,,,,,,,,,,,,,,,,,,,,,,,,,,,,,,,,,,,,,485.153,2.179492672,487.332,,,,,,,,,,,,,,,,,,,,,,,,487.332,488.346,p,1,0.976,,1,0,1,0,1,,,,,,,,,,,,,,,,,,,,,,,,,,,,,,,,,,,,,,,,,,,,,,,,,,,,,,,,,,,,,,,,,,,,,,,,,,,,,,,,,,,,,,,,,,,,,,,,,,,,,,,,,,,,
,,6007421356226920359b5f3e,2025-08-11_11h58.11.883,CFMT_CCMT_Face_recognition,03.02.2023,Win32,144.092219,6007421356226920359b5f3e,6899c7d7c4c961a016830ad3,6899c9b198c77f2e0d49d774,,,,,,,,,,,,,,,,,,,,,,,,,,,,,,,,,,,,,,,,,,,,,,488.346,2.315079259,490.658,,,,,,,,,,,,,,,,,,,,,,,,490.658,491.651,q,1,0.958,,2,0,2,0,1,,,,,,,,,,,,,,,,,,,,,,,,,,,,,,,,,,,,,,,,,,,,,,,,,,,,,,,,,,,,,,,,,,,,,,,,,,,,,,,,,,,,,,,,,,,,,,,,,,,,,,,,,,,,
,,6007421356226920359b5f3e,2025-08-11_11h58.11.883,CFMT_CCMT_Face_recognition,03.02.2023,Win32,144.092219,6007421356226920359b5f3e,6899c7d7c4c961a016830ad3,6899c9b198c77f2e0d49d774,,,,,,,,,,,,,,,,,,,,,,,,,,,,,,,,,,,,,,,,,,,,,,491.651,1.589866004,493.242,,,,,,,,,,,,,,,,,,,,,,,,493.242,494.414,q,0,1.136,,3,0,3,0,1,,,,,,,,,,,,,,,,,,,,,,,,,,,,,,,,,,,,,,,,,,,,,,,,,,,,,,,,,,,,,,,,,,,,,,,,,,,,,,,,,,,,,,,,,,,,,,,,,,,,,,,,,,,,
,,6007421356226920359b5f3e,2025-08-11_11h58.11.883,CFMT_CCMT_Face_recognition,03.02.2023,Win32,144.092219,6007421356226920359b5f3e,6899c7d7c4c961a016830ad3,6899c9b198c77f2e0d49d774,,,,,,,,,,,,,,,,,,,,,,,,,,,,,,,,,,,,,,,,,,,,,,494.414,2.343926693,496.755,,,,,,,,,,,,,,,,,,,,,,,,496.755,497.554,p,1,0.765,,4,0,4,0,1,,,,,,,,,,,,,,,,,,,,,,,,,,,,,,,,,,,,,,,,,,,,,,,,,,,,,,,,,,,,,,,,,,,,,,,,,,,,,,,,,,,,,,,,,,,,,,,,,,,,,,,,,,,,
,,6007421356226920359b5f3e,2025-08-11_11h58.11.883,CFMT_CCMT_Face_recognition,03.02.2023,Win32,144.092219,6007421356226920359b5f3e,6899c7d7c4c961a016830ad3,6899c9b198c77f2e0d49d774,,,,,,,,,,,,,,,,,,,,,,,,,,,,,,,,,,,,,,,,,,,,,,497.554,2.085720405,499.636,,,,,,,,,,,,,,,,,,,,,,,,499.636,500.781,p,0,1.098,,5,0,5,0,1,,,,,,,,,,,,,,,,,,,,,,,,,,,,,,,,,,,,,,,,,,,,,,,,,,,,,,,,,,,,,,,,,,,,,,,,,,,,,,,,,,,,,,,,,,,,,,,,,,,,,,,,,,,,
,,6007421356226920359b5f3e,2025-08-11_11h58.11.883,CFMT_CCMT_Face_recognition,03.02.2023,Win32,144.092219,6007421356226920359b5f3e,6899c7d7c4c961a016830ad3,6899c9b198c77f2e0d49d774,,,,,,,,,,,,,,,,,,,,,,,,,,,,,,,,,,,,,,,,,,,,,,500.782,1.982104715,502.76,,,,,,,,,,,,,,,,,,,,,,,,502.76,503.996,q,1,1.2,,6,0,6,0,1,,,,,,,,,,,,,,,,,,,,,,,,,,,,,,,,,,,,,,,,,,,,,,,,,,,,,,,,,,,,,,,,,,,,,,,,,,,,,,,,,,,,,,,,,,,,,,,,,,,,,,,,,,,,
,,6007421356226920359b5f3e,2025-08-11_11h58.11.883,CFMT_CCMT_Face_recognition,03.02.2023,Win32,144.092219,6007421356226920359b5f3e,6899c7d7c4c961a016830ad3,6899c9b198c77f2e0d49d774,,,,,,,,,,,,,,,,,,,,,,,,,,,,,,,,,,,,,,,,,,,,,,503.997,1.507492723,505.503,,,,,,,,,,,,,,,,,,,,,,,,505.503,506.183,p,1,0.637,,7,0,7,0,1,,,,,,,,,,,,,,,,,,,,,,,,,,,,,,,,,,,,,,,,,,,,,,,,,,,,,,,,,,,,,,,,,,,,,,,,,,,,,,,,,,,,,,,,,,,,,,,,,,,,,,,,,,,,
,,6007421356226920359b5f3e,2025-08-11_11h58.11.883,CFMT_CCMT_Face_recognition,03.02.2023,Win32,144.092219,6007421356226920359b5f3e,6899c7d7c4c961a016830ad3,6899c9b198c77f2e0d49d774,,,,,,,,,,,,,,,,,,,,,,,,,,,,,,,,,,,,,,,,,,,,,,506.183,1.560590812,507.745,,,,,,,,,,,,,,,,,,,,,,,,507.745,508.71,q,1,0.929,,8,0,8,0,1,,,,,,,,,,,,,,,,,,,,,,,,,,,,,,,,,,,,,,,,,,,,,,,,,,,,,,,,,,,,,,,,,,,,,,,,,,,,,,,,,,,,,,,,,,,,,,,,,,,,,,,,,,,,
,,6007421356226920359b5f3e,2025-08-11_11h58.11.883,CFMT_CCMT_Face_recognition,03.02.2023,Win32,144.092219,6007421356226920359b5f3e,6899c7d7c4c961a016830ad3,6899c9b198c77f2e0d49d774,,,,,,,,,,,,,,,,,,,,,,,,,,,,,,,,,,,,,,,,,,,,,,508.711,2.028716231,510.739,,,,,,,,,,,,,,,,,,,,,,,,510.739,511.578,p,1,0.792,,9,0,9,0,1,,,,,,,,,,,,,,,,,,,,,,,,,,,,,,,,,,,,,,,,,,,,,,,,,,,,,,,,,,,,,,,,,,,,,,,,,,,,,,,,,,,,,,,,,,,,,,,,,,,,,,,,,,,,
,,6007421356226920359b5f3e,2025-08-11_11h58.11.883,CFMT_CCMT_Face_recognition,03.02.2023,Win32,144.092219,6007421356226920359b5f3e,6899c7d7c4c961a016830ad3,6899c9b198c77f2e0d49d774,,,,,,,,,,,,,,,,,,,,,,,,,,,,,,,,,,,,,,,,,,,,,,511.578,1.517055941,513.091,,,,,,,,,,,,,,,,,,,,,,,,513.091,514.313,p,1,1.176,,10,0,10,0,1,,,,,,,,,,,,,,,,,,,,,,,,,,,,,,,,,,,,,,,,,,,,,,,,,,,,,,,,,,,,,,,,,,,,,,,,,,,,,,,,,,,,,,,,,,,,,,,,,,,,,,,,,,,,
,,6007421356226920359b5f3e,2025-08-11_11h58.11.883,CFMT_CCMT_Face_recognition,03.02.2023,Win32,144.092219,6007421356226920359b5f3e,6899c7d7c4c961a016830ad3,6899c9b198c77f2e0d49d774,,,,,,,,,,,,,,,,,,,,,,,,,,,,,,,,,,,,,,,,,,,,,,514.313,1.918293396,516.23,,,,,,,,,,,,,,,,,,,,,,,,516.23,518.118,p,1,1.842,,11,0,11,0,1,,,,,,,,,,,,,,,,,,,,,,,,,,,,,,,,,,,,,,,,,,,,,,,,,,,,,,,,,,,,,,,,,,,,,,,,,,,,,,,,,,,,,,,,,,,,,,,,,,,,,,,,,,,,
,,6007421356226920359b5f3e,2025-08-11_11h58.11.883,CFMT_CCMT_Face_recognition,03.02.2023,Win32,144.092219,6007421356226920359b5f3e,6899c7d7c4c961a016830ad3,6899c9b198c77f2e0d49d774,,,,,,,,,,,,,,,,,,,,,,,,,,,,,,,,,,,,,,,,,,,,,,518.119,2.424644473,520.542,,,,,,,,,,,,,,,,,,,,,,,,520.542,521.555,p,0,0.977,,12,0,12,0,1,,,,,,,,,,,,,,,,,,,,,,,,,,,,,,,,,,,,,,,,,,,,,,,,,,,,,,,,,,,,,,,,,,,,,,,,,,,,,,,,,,,,,,,,,,,,,,,,,,,,,,,,,,,,
,,6007421356226920359b5f3e,2025-08-11_11h58.11.883,CFMT_CCMT_Face_recognition,03.02.2023,Win32,144.092219,6007421356226920359b5f3e,6899c7d7c4c961a016830ad3,6899c9b198c77f2e0d49d774,,,,,,,,,,,,,,,,,,,,,,,,,,,,,,,,,,,,,,,,,,,,,,521.555,1.76005346,523.312,,,,,,,,,,,,,,,,,,,,,,,,523.312,524.235,p,1,0.872,,13,0,13,0,1,,,,,,,,,,,,,,,,,,,,,,,,,,,,,,,,,,,,,,,,,,,,,,,,,,,,,,,,,,,,,,,,,,,,,,,,,,,,,,,,,,,,,,,,,,,,,,,,,,,,,,,,,,,,
,,6007421356226920359b5f3e,2025-08-11_11h58.11.883,CFMT_CCMT_Face_recognition,03.02.2023,Win32,144.092219,6007421356226920359b5f3e,6899c7d7c4c961a016830ad3,6899c9b198c77f2e0d49d774,,,,,,,,,,,,,,,,,,,,,,,,,,,,,,,,,,,,,,,,,,,,,,524.235,1.86590599,526.096,,,,,,,,,,,,,,,,,,,,,,,,526.096,527.366,p,1,1.236,,14,0,14,0,1,,,,,,,,,,,,,,,,,,,,,,,,,,,,,,,,,,,,,,,,,,,,,,,,,,,,,,,,,,,,,,,,,,,,,,,,,,,,,,,,,,,,,,,,,,,,,,,,,,,,,,,,,,,,
,,6007421356226920359b5f3e,2025-08-11_11h58.11.883,CFMT_CCMT_Face_recognition,03.02.2023,Win32,144.092219,6007421356226920359b5f3e,6899c7d7c4c961a016830ad3,6899c9b198c77f2e0d49d774,,,,,,,,,,,,,,,,,,,,,,,,,,,,,,,,,,,,,,,,,,,,,,527.366,2.074191785,529.436,,,,,,,,,,,,,,,,,,,,,,,,529.436,530.429,p,0,0.955,,15,0,15,0,1,,,,,,,,,,,,,,,,,,,,,,,,,,,,,,,,,,,,,,,,,,,,,,,,,,,,,,,,,,,,,,,,,,,,,,,,,,,,,,,,,,,,,,,,,,,,,,,,,,,,,,,,,,,,
,,6007421356226920359b5f3e,2025-08-11_11h58.11.883,CFMT_CCMT_Face_recognition,03.02.2023,Win32,144.092219,6007421356226920359b5f3e,6899c7d7c4c961a016830ad3,6899c9b198c77f2e0d49d774,,,,,,,,,,,,,,,,,,,,,,,,,,,,,,,,,,,,,,,,,,,,,,530.429,2.049646008,532.477,,,,,,,,,,,,,,,,,,,,,,,,532.477,533.671,p,0,1.159,,16,0,16,0,1,,,,,,,,,,,,,,,,,,,,,,,,,,,,,,,,,,,,,,,,,,,,,,,,,,,,,,,,,,,,,,,,,,,,,,,,,,,,,,,,,,,,,,,,,,,,,,,,,,,,,,,,,,,,
,,6007421356226920359b5f3e,2025-08-11_11h58.11.883,CFMT_CCMT_Face_recognition,03.02.2023,Win32,144.092219,6007421356226920359b5f3e,6899c7d7c4c961a016830ad3,6899c9b198c77f2e0d49d774,,,,,,,,,,,,,,,,,,,,,,,,,,,,,,,,,,,,,,,,,,,,,,533.671,1.772001371,535.441,,,,,,,,,,,,,,,,,,,,,,,,535.441,536.913,p,1,1.437,,17,0,17,0,1,,,,,,,,,,,,,,,,,,,,,,,,,,,,,,,,,,,,,,,,,,,,,,,,,,,,,,,,,,,,,,,,,,,,,,,,,,,,,,,,,,,,,,,,,,,,,,,,,,,,,,,,,,,,
,,6007421356226920359b5f3e,2025-08-11_11h58.11.883,CFMT_CCMT_Face_recognition,03.02.2023,Win32,144.092219,6007421356226920359b5f3e,6899c7d7c4c961a016830ad3,6899c9b198c77f2e0d49d774,,,,,,,,,,,,,,,,,,,,,,,,,,,,,,,,,,,,,,,,,,,,,,536.914,2.36797497,539.28,,,,,,,,,,,,,,,,,,,,,,,,539.28,540.151,p,0,0.827,,18,0,18,0,1,,,,,,,,,,,,,,,,,,,,,,,,,,,,,,,,,,,,,,,,,,,,,,,,,,,,,,,,,,,,,,,,,,,,,,,,,,,,,,,,,,,,,,,,,,,,,,,,,,,,,,,,,,,,
,,6007421356226920359b5f3e,2025-08-11_11h58.11.883,CFMT_CCMT_Face_recognition,03.02.2023,Win32,144.092219,6007421356226920359b5f3e,6899c7d7c4c961a016830ad3,6899c9b198c77f2e0d49d774,,,,,,,,,,,,,,,,,,,,,,,,,,,,,,,,,,,,,,,,,,,,,,540.151,2.229108485,542.38,,,,,,,,,,,,,,,,,,,,,,,,542.38,544.141,q,1,1.725,,19,0,19,0,1,,,,,,,,,,,,,,,,,,,,,,,,,,,,,,,,,,,,,,,,,,,,,,,,,,,,,,,,,,,,,,,,,,,,,,,,,,,,,,,,,,,,,,,,,,,,,,,,,,,,,,,,,,,,
,,6007421356226920359b5f3e,2025-08-11_11h58.11.883,CFMT_CCMT_Face_recognition,03.02.2023,Win32,144.092219,6007421356226920359b5f3e,6899c7d7c4c961a016830ad3,6899c9b198c77f2e0d49d774,,,,,,,,,,,,,,,,,,,,,,,,,,,,,,,,,,,,,,,,,,,,,,544.141,1.644575892,545.786,,,,,,,,,,,,,,,,,,,,,,,,545.786,547.036,p,1,1.21,,20,0,20,0,1,,,,,,,,,,,,,,,,,,,,,,,,,,,,,,,,,,,,,,,,,,,,,,,,,,,,,,,,,,,,,,,,,,,,,,,,,,,,,,,,,,,,,,,,,,,,,,,,,,,,,,,,,,,,
,,6007421356226920359b5f3e,2025-08-11_11h58.11.883,CFMT_CCMT_Face_recognition,03.02.2023,Win32,144.092219,6007421356226920359b5f3e,6899c7d7c4c961a016830ad3,6899c9b198c77f2e0d49d774,,,,,,,,,,,,,,,,,,,,,,,,,,,,,,,,,,,,,,,,,,,,,,547.036,1.682187678,548.716,,,,,,,,,,,,,,,,,,,,,,,,548.717,550.001,q,1,1.241,,21,0,21,0,1,,,,,,,,,,,,,,,,,,,,,,,,,,,,,,,,,,,,,,,,,,,,,,,,,,,,,,,,,,,,,,,,,,,,,,,,,,,,,,,,,,,,,,,,,,,,,,,,,,,,,,,,,,,,
,,6007421356226920359b5f3e,2025-08-11_11h58.11.883,CFMT_CCMT_Face_recognition,03.02.2023,Win32,144.092219,6007421356226920359b5f3e,6899c7d7c4c961a016830ad3,6899c9b198c77f2e0d49d774,,,,,,,,,,,,,,,,,,,,,,,,,,,,,,,,,,,,,,,,,,,,,,550.001,2.055158256,552.057,,,,,,,,,,,,,,,,,,,,,,,,552.057,553.37,p,1,1.278,,22,0,22,0,1,,,,,,,,,,,,,,,,,,,,,,,,,,,,,,,,,,,,,,,,,,,,,,,,,,,,,,,,,,,,,,,,,,,,,,,,,,,,,,,,,,,,,,,,,,,,,,,,,,,,,,,,,,,,
,,6007421356226920359b5f3e,2025-08-11_11h58.11.883,CFMT_CCMT_Face_recognition,03.02.2023,Win32,144.092219,6007421356226920359b5f3e,6899c7d7c4c961a016830ad3,6899c9b198c77f2e0d49d774,,,,,,,,,,,,,,,,,,,,,,,,,,,,,,,,,,,,,,,,,,,,,,553.371,1.858032366,555.229,,,,,,,,,,,,,,,,,,,,,,,,555.229,556.242,q,1,0.978,,23,0,23,0,1,,,,,,,,,,,,,,,,,,,,,,,,,,,,,,,,,,,,,,,,,,,,,,,,,,,,,,,,,,,,,,,,,,,,,,,,,,,,,,,,,,,,,,,,,,,,,,,,,,,,,,,,,,,,
,,6007421356226920359b5f3e,2025-08-11_11h58.11.883,CFMT_CCMT_Face_recognition,03.02.2023,Win32,144.092219,6007421356226920359b5f3e,6899c7d7c4c961a016830ad3,6899c9b198c77f2e0d49d774,,,,,,,,,,,,,,,,,,,,,,,,,,,,,,,,,,,,,,,,,,,,,,556.243,2.089536982,558.334,,,,,,,,,,,,,,,,,,,,,,,,558.334,559.402,p,0,1.023,,24,0,24,0,1,,,,,,,,,,,,,,,,,,,,,,,,,,,,,,,,,,,,,,,,,,,,,,,,,,,,,,,,,,,,,,,,,,,,,,,,,,,,,,,,,,,,,,,,,,,,,,,,,,,,,,,,,,,,
,,6007421356226920359b5f3e,2025-08-11_11h58.11.883,CFMT_CCMT_Face_recognition,03.02.2023,Win32,144.092219,6007421356226920359b5f3e,6899c7d7c4c961a016830ad3,6899c9b198c77f2e0d49d774,,,,,,,,,,,,,,,,,,,,,,,,,,,,,,,,,,,,,,,,,,,,,,559.402,1.889936884,561.29,,,,,,,,,,,,,,,,,,,,,,,,561.29,562.193,p,0,0.866,,25,0,25,0,1,,,,,,,,,,,,,,,,,,,,,,,,,,,,,,,,,,,,,,,,,,,,,,,,,,,,,,,,,,,,,,,,,,,,,,,,,,,,,,,,,,,,,,,,,,,,,,,,,,,,,,,,,,,,
,,6007421356226920359b5f3e,2025-08-11_11h58.11.883,CFMT_CCMT_Face_recognition,03.02.2023,Win32,144.092219,6007421356226920359b5f3e,6899c7d7c4c961a016830ad3,6899c9b198c77f2e0d49d774,,,,,,,,,,,,,,,,,,,,,,,,,,,,,,,,,,,,,,,,,,,,,,562.193,2.375128469,564.567,,,,,,,,,,,,,,,,,,,,,,,,564.567,565.235,p,0,0.629,,26,0,26,0,1,,,,,,,,,,,,,,,,,,,,,,,,,,,,,,,,,,,,,,,,,,,,,,,,,,,,,,,,,,,,,,,,,,,,,,,,,,,,,,,,,,,,,,,,,,,,,,,,,,,,,,,,,,,,
,,6007421356226920359b5f3e,2025-08-11_11h58.11.883,CFMT_CCMT_Face_recognition,03.02.2023,Win32,144.092219,6007421356226920359b5f3e,6899c7d7c4c961a016830ad3,6899c9b198c77f2e0d49d774,,,,,,,,,,,,,,,,,,,,,,,,,,,,,,,,,,,,,,,,,,,,,,565.235,2.052601603,567.29,,,,,,,,,,,,,,,,,,,,,,,,567.29,568.727,q,1,1.403,,27,0,27,0,1,,,,,,,,,,,,,,,,,,,,,,,,,,,,,,,,,,,,,,,,,,,,,,,,,,,,,,,,,,,,,,,,,,,,,,,,,,,,,,,,,,,,,,,,,,,,,,,,,,,,,,,,,,,,
,,6007421356226920359b5f3e,2025-08-11_11h58.11.883,CFMT_CCMT_Face_recognition,03.02.2023,Win32,144.092219,6007421356226920359b5f3e,6899c7d7c4c961a016830ad3,6899c9b198c77f2e0d49d774,,,,,,,,,,,,,,,,,,,,,,,,,,,,,,,,,,,,,,,,,,,,,,568.727,1.867798161,570.594,,,,,,,,,,,,,,,,,,,,,,,,570.594,572.045,p,1,1.414,,28,0,28,0,1,,,,,,,,,,,,,,,,,,,,,,,,,,,,,,,,,,,,,,,,,,,,,,,,,,,,,,,,,,,,,,,,,,,,,,,,,,,,,,,,,,,,,,,,,,,,,,,,,,,,,,,,,,,,
,,6007421356226920359b5f3e,2025-08-11_11h58.11.883,CFMT_CCMT_Face_recognition,03.02.2023,Win32,144.092219,6007421356226920359b5f3e,6899c7d7c4c961a016830ad3,6899c9b198c77f2e0d49d774,,,,,,,,,,,,,,,,,,,,,,,,,,,,,,,,,,,,,,,,,,,,,,572.046,1.82663271,573.872,,,,,,,,,,,,,,,,,,,,,,,,573.872,576.427,,,,,29,0,29,0,1,,,,,,,,,,,,,,,,,,,,,,,,,,,,,,,,,,,,,,,,,,,,,,,,,,,,,,,,,,,,,,,,,,,,,,,,,,,,,,,,,,,,,,,,,,,,,,,,,,,,,,,,,,,,
,,6007421356226920359b5f3e,2025-08-11_11h58.11.883,CFMT_CCMT_Face_recognition,03.02.2023,Win32,144.092219,6007421356226920359b5f3e,6899c7d7c4c961a016830ad3,6899c9b198c77f2e0d49d774,,,,,,,,,,,,,,,,,,,,,,,,,,,,,,,,,,,,,,,,,,,,,,576.427,1.93006365,578.357,,,,,,,,,,,,,,,,,,,,,,,,578.357,581.142,,,,,30,0,30,0,1,,,,,,,,,,,,,,,,,,,,,,,,,,,,,,,,,,,,,,,,,,,,,,,,,,,,,,,,,,,,,,,,,,,,,,,,,,,,,,,,,,,,,,,,,,,,,,,,,,,,,,,,,,,,
,,6007421356226920359b5f3e,2025-08-11_11h58.11.883,CFMT_CCMT_Face_recognition,03.02.2023,Win32,144.092219,6007421356226920359b5f3e,6899c7d7c4c961a016830ad3,6899c9b198c77f2e0d49d774,,,,,,,,,,,,,,,,,,,,,,,,,,,,,,,,,,,,,,,,,,,,,,581.143,1.845306019,582.987,,,,,,,,,,,,,,,,,,,,,,,,582.987,584.113,q,1,1.086,,31,0,31,0,1,,,,,,,,,,,,,,,,,,,,,,,,,,,,,,,,,,,,,,,,,,,,,,,,,,,,,,,,,,,,,,,,,,,,,,,,,,,,,,,,,,,,,,,,,,,,,,,,,,,,,,,,,,,,
,,6007421356226920359b5f3e,2025-08-11_11h58.11.883,CFMT_CCMT_Face_recognition,03.02.2023,Win32,144.092219,6007421356226920359b5f3e,6899c7d7c4c961a016830ad3,6899c9b198c77f2e0d49d774,,,,,,,,,,,,,,,,,,,,,,,,,,,,,,,,,,,,,,,,,,,,,,584.113,1.794307231,585.904,,,,,,,,,,,,,,,,,,,,,,,,585.904,586.466,p,1,0.517,,32,0,32,0,1,,,,,,,,,,,,,,,,,,,,,,,,,,,,,,,,,,,,,,,,,,,,,,,,,,,,,,,,,,,,,,,,,,,,,,,,,,,,,,,,,,,,,,,,,,,,,,,,,,,,,,,,,,,,
,,6007421356226920359b5f3e,2025-08-11_11h58.11.883,CFMT_CCMT_Face_recognition,03.02.2023,Win32,144.092219,6007421356226920359b5f3e,6899c7d7c4c961a016830ad3,6899c9b198c77f2e0d49d774,,,,,,,,,,,,,,,,,,,,,,,,,,,,,,,,,,,,,,,,,,,,,,586.466,2.163570822,588.626,,,,,,,,,,,,,,,,,,,,,,,,588.626,589.229,p,1,0.57,,33,0,33,0,1,,,,,,,,,,,,,,,,,,,,,,,,,,,,,,,,,,,,,,,,,,,,,,,,,,,,,,,,,,,,,,,,,,,,,,,,,,,,,,,,,,,,,,,,,,,,,,,,,,,,,,,,,,,,
,,6007421356226920359b5f3e,2025-08-11_11h58.11.883,CFMT_CCMT_Face_recognition,03.02.2023,Win32,144.092219,6007421356226920359b5f3e,6899c7d7c4c961a016830ad3,6899c9b198c77f2e0d49d774,,,,,,,,,,,,,,,,,,,,,,,,,,,,,,,,,,,,,,,,,,,,,,589.23,1.880452231,591.111,,,,,,,,,,,,,,,,,,,,,,,,591.111,592.291,q,1,1.139,,34,0,34,0,1,,,,,,,,,,,,,,,,,,,,,,,,,,,,,,,,,,,,,,,,,,,,,,,,,,,,,,,,,,,,,,,,,,,,,,,,,,,,,,,,,,,,,,,,,,,,,,,,,,,,,,,,,,,,
,,6007421356226920359b5f3e,2025-08-11_11h58.11.883,CFMT_CCMT_Face_recognition,03.02.2023,Win32,144.092219,6007421356226920359b5f3e,6899c7d7c4c961a016830ad3,6899c9b198c77f2e0d49d774,,,,,,,,,,,,,,,,,,,,,,,,,,,,,,,,,,,,,,,,,,,,,,592.292,1.716123107,594.006,,,,,,,,,,,,,,,,,,,,,,,,594.006,595.437,q,1,1.397,,35,0,35,0,1,,,,,,,,,,,,,,,,,,,,,,,,,,,,,,,,,,,,,,,,,,,,,,,,,,,,,,,,,,,,,,,,,,,,,,,,,,,,,,,,,,,,,,,,,,,,,,,,,,,,,,,,,,,,
,,6007421356226920359b5f3e,2025-08-11_11h58.11.883,CFMT_CCMT_Face_recognition,03.02.2023,Win32,144.092219,6007421356226920359b5f3e,6899c7d7c4c961a016830ad3,6899c9b198c77f2e0d49d774,,,,,,,,,,,,,,,,,,,,,,,,,,,,,,,,,,,,,,,,,,,,,,595.437,1.712576503,597.145,,,,,,,,,,,,,,,,,,,,,,,,597.145,598.311,p,1,1.131,,36,0,36,0,1,,,,,,,,,,,,,,,,,,,,,,,,,,,,,,,,,,,,,,,,,,,,,,,,,,,,,,,,,,,,,,,,,,,,,,,,,,,,,,,,,,,,,,,,,,,,,,,,,,,,,,,,,,,,
,,6007421356226920359b5f3e,2025-08-11_11h58.11.883,CFMT_CCMT_Face_recognition,03.02.2023,Win32,144.092219,6007421356226920359b5f3e,6899c7d7c4c961a016830ad3,6899c9b198c77f2e0d49d774,,,,,,,,,,,,,,,,,,,,,,,,,,,,,,,,,,,,,,,,,,,,,,598.311,2.424350356,600.734,,,,,,,,,,,,,,,,,,,,,,,,600.734,601.9,q,1,1.124,,37,0,37,0,1,,,,,,,,,,,,,,,,,,,,,,,,,,,,,,,,,,,,,,,,,,,,,,,,,,,,,,,,,,,,,,,,,,,,,,,,,,,,,,,,,,,,,,,,,,,,,,,,,,,,,,,,,,,,
,,6007421356226920359b5f3e,2025-08-11_11h58.11.883,CFMT_CCMT_Face_recognition,03.02.2023,Win32,144.092219,6007421356226920359b5f3e,6899c7d7c4c961a016830ad3,6899c9b198c77f2e0d49d774,,,,,,,,,,,,,,,,,,,,,,,,,,,,,,,,,,,,,,,,,,,,,,601.901,2.165235358,604.067,,,,,,,,,,,,,,,,,,,,,,,,604.067,605.143,p,1,1.043,,38,0,38,0,1,,,,,,,,,,,,,,,,,,,,,,,,,,,,,,,,,,,,,,,,,,,,,,,,,,,,,,,,,,,,,,,,,,,,,,,,,,,,,,,,,,,,,,,,,,,,,,,,,,,,,,,,,,,,
,,6007421356226920359b5f3e,2025-08-11_11h58.11.883,CFMT_CCMT_Face_recognition,03.02.2023,Win32,144.092219,6007421356226920359b5f3e,6899c7d7c4c961a016830ad3,6899c9b198c77f2e0d49d774,,,,,,,,,,,,,,,,,,,,,,,,,,,,,,,,,,,,,,,,,,,,,,605.144,2.069721171,607.212,,,,,,,,,,,,,,,,,,,,,,,,607.212,609.226,p,1,1.975,,39,0,39,0,1,,,,,,,,,,,,,,,,,,,,,,,,,,,,,,,,,,,,,,,,,,,,,,,,,,,,,,,,,,,,,,,,,,,,,,,,,,,,,,,,,,,,,,,,,,,,,,,,,,,,,,,,,,,,
,,6007421356226920359b5f3e,2025-08-11_11h58.11.883,CFMT_CCMT_Face_recognition,03.02.2023,Win32,144.092219,6007421356226920359b5f3e,6899c7d7c4c961a016830ad3,6899c9b198c77f2e0d49d774,,,,,,,,,,,,,,,,,,,,,,,,,,,,,,,,,,,,,,,,,,,,,,609.226,1.761363599,610.989,,,,,,,,,,,,,,,,,,,,,,,,610.989,611.587,p,0,0.555,,40,0,40,0,1,,,,,,,,,,,,,,,,,,,,,,,,,,,,,,,,,,,,,,,,,,,,,,,,,,,,,,,,,,,,,,,,,,,,,,,,,,,,,,,,,,,,,,,,,,,,,,,,,,,,,,,,,,,,
,,6007421356226920359b5f3e,2025-08-11_11h58.11.883,CFMT_CCMT_Face_recognition,03.02.2023,Win32,144.092219,6007421356226920359b5f3e,6899c7d7c4c961a016830ad3,6899c9b198c77f2e0d49d774,,,,,,,,,,,,,,,,,,,,,,,,,,,,,,,,,,,,,,,,,,,,,,611.587,1.622438142,613.211,,,,,,,,,,,,,,,,,,,,,,,,613.211,613.954,q,0,0.708,,41,0,41,0,1,,,,,,,,,,,,,,,,,,,,,,,,,,,,,,,,,,,,,,,,,,,,,,,,,,,,,,,,,,,,,,,,,,,,,,,,,,,,,,,,,,,,,,,,,,,,,,,,,,,,,,,,,,,,
,,6007421356226920359b5f3e,2025-08-11_11h58.11.883,CFMT_CCMT_Face_recognition,03.02.2023,Win32,144.092219,6007421356226920359b5f3e,6899c7d7c4c961a016830ad3,6899c9b198c77f2e0d49d774,,,,,,,,,,,,,,,,,,,,,,,,,,,,,,,,,,,,,,,,,,,,,,613.954,2.335742494,616.287,,,,,,,,,,,,,,,,,,,,,,,,616.287,616.863,p,1,0.542,,42,0,42,0,1,,,,,,,,,,,,,,,,,,,,,,,,,,,,,,,,,,,,,,,,,,,,,,,,,,,,,,,,,,,,,,,,,,,,,,,,,,,,,,,,,,,,,,,,,,,,,,,,,,,,,,,,,,,,
,,6007421356226920359b5f3e,2025-08-11_11h58.11.883,CFMT_CCMT_Face_recognition,03.02.2023,Win32,144.092219,6007421356226920359b5f3e,6899c7d7c4c961a016830ad3,6899c9b198c77f2e0d49d774,,,,,,,,,,,,,,,,,,,,,,,,,,,,,,,,,,,,,,,,,,,,,,616.863,1.546629526,618.412,,,,,,,,,,,,,,,,,,,,,,,,618.412,619.779,p,1,1.334,,43,0,43,0,1,,,,,,,,,,,,,,,,,,,,,,,,,,,,,,,,,,,,,,,,,,,,,,,,,,,,,,,,,,,,,,,,,,,,,,,,,,,,,,,,,,,,,,,,,,,,,,,,,,,,,,,,,,,,
,,6007421356226920359b5f3e,2025-08-11_11h58.11.883,CFMT_CCMT_Face_recognition,03.02.2023,Win32,144.092219,6007421356226920359b5f3e,6899c7d7c4c961a016830ad3,6899c9b198c77f2e0d49d774,,,,,,,,,,,,,,,,,,,,,,,,,,,,,,,,,,,,,,,,,,,,,,619.779,1.640970829,621.418,,,,,,,,,,,,,,,,,,,,,,,,621.418,623.529,,,,,44,0,44,0,1,,,,,,,,,,,,,,,,,,,,,,,,,,,,,,,,,,,,,,,,,,,,,,,,,,,,,,,,,,,,,,,,,,,,,,,,,,,,,,,,,,,,,,,,,,,,,,,,,,,,,,,,,,,,
,,6007421356226920359b5f3e,2025-08-11_11h58.11.883,CFMT_CCMT_Face_recognition,03.02.2023,Win32,144.092219,6007421356226920359b5f3e,6899c7d7c4c961a016830ad3,6899c9b198c77f2e0d49d774,,,,,,,,,,,,,,,,,,,,,,,,,,,,,,,,,,,,,,,,,,,,,,623.529,2.404594802,625.93,,,,,,,,,,,,,,,,,,,,,,,,625.93,626.57,p,1,0.595,,45,0,45,0,1,,,,,,,,,,,,,,,,,,,,,,,,,,,,,,,,,,,,,,,,,,,,,,,,,,,,,,,,,,,,,,,,,,,,,,,,,,,,,,,,,,,,,,,,,,,,,,,,,,,,,,,,,,,,
,,6007421356226920359b5f3e,2025-08-11_11h58.11.883,CFMT_CCMT_Face_recognition,03.02.2023,Win32,144.092219,6007421356226920359b5f3e,6899c7d7c4c961a016830ad3,6899c9b198c77f2e0d49d774,,,,,,,,,,,,,,,,,,,,,,,,,,,,,,,,,,,,,,,,,,,,,,626.572,2.237721815,628.806,,,,,,,,,,,,,,,,,,,,,,,,628.806,630.326,p,0,1.477,,46,0,46,0,1,,,,,,,,,,,,,,,,,,,,,,,,,,,,,,,,,,,,,,,,,,,,,,,,,,,,,,,,,,,,,,,,,,,,,,,,,,,,,,,,,,,,,,,,,,,,,,,,,,,,,,,,,,,,
,,6007421356226920359b5f3e,2025-08-11_11h58.11.883,CFMT_CCMT_Face_recognition,03.02.2023,Win32,144.092219,6007421356226920359b5f3e,6899c7d7c4c961a016830ad3,6899c9b198c77f2e0d49d774,,,,,,,,,,,,,,,,,,,,,,,,,,,,,,,,,,,,,,,,,,,,,,630.326,1.649442885,631.972,,,,,,,,,,,,,,,,,,,,,,,,631.972,633.471,p,1,1.465,,47,0,47,0,1,,,,,,,,,,,,,,,,,,,,,,,,,,,,,,,,,,,,,,,,,,,,,,,,,,,,,,,,,,,,,,,,,,,,,,,,,,,,,,,,,,,,,,,,,,,,,,,,,,,,,,,,,,,,
,,6007421356226920359b5f3e,2025-08-11_11h58.11.883,CFMT_CCMT_Face_recognition,03.02.2023,Win32,144.092219,6007421356226920359b5f3e,6899c7d7c4c961a016830ad3,6899c9b198c77f2e0d49d774,,,,,,,,,,,,,,,,,,,,,,,,,,,,,,,,,,,,,,,,,,,,,,633.471,1.546391164,635.02,,,,,,,,,,,,,,,,,,,,,,,,635.02,636.068,q,1,1.015,,48,0,48,0,1,,,,,,,,,,,,,,,,,,,,,,,,,,,,,,,,,,,,,,,,,,,,,,,,,,,,,,,,,,,,,,,,,,,,,,,,,,,,,,,,,,,,,,,,,,,,,,,,,,,,,,,,,,,,
,,6007421356226920359b5f3e,2025-08-11_11h58.11.883,CFMT_CCMT_Face_recognition,03.02.2023,Win32,144.092219,6007421356226920359b5f3e,6899c7d7c4c961a016830ad3,6899c9b198c77f2e0d49d774,,,,,,,,,,,,,,,,,,,,,,,,,,,,,,,,,,,,,,,,,,,,,,636.068,1.664185837,637.727,,,,,,,,,,,,,,,,,,,,,,,,637.727,638.415,p,0,0.652,,49,0,49,0,1,,,,,,,,,,,,,,,,,,,,,,,,,,,,,,,,,,,,,,,,,,,,,,,,,,,,,,,,,,,,,,,,,,,,,,,,,,,,,,,,,,,,,,,,,,,,,,,,,,,,,,,,,,,,
,,6007421356226920359b5f3e,2025-08-11_11h58.11.883,CFMT_CCMT_Face_recognition,03.02.2023,Win32,144.092219,6007421356226920359b5f3e,6899c7d7c4c961a016830ad3,6899c9b198c77f2e0d49d774,,,,,,,,,,,,,,,,,,,,,,,,,,,,,,,,,,,,,,,,,,,,,,638.415,1.910164945,640.324,,,,,,,,,,,,,,,,,,,,,,,,640.324,641.665,q,1,1.297,,50,0,50,0,1,,,,,,,,,,,,,,,,,,,,,,,,,,,,,,,,,,,,,,,,,,,,,,,,,,,,,,,,,,,,,,,,,,,,,,,,,,,,,,,,,,,,,,,,,,,,,,,,,,,,,,,,,,,,
,,6007421356226920359b5f3e,2025-08-11_11h58.11.883,CFMT_CCMT_Face_recognition,03.02.2023,Win32,144.092219,6007421356226920359b5f3e,6899c7d7c4c961a016830ad3,6899c9b198c77f2e0d49d774,,,,,,,,,,,,,,,,,,,,,,,,,,,,,,,,,,,,,,,,,,,,,,641.665,1.875095842,643.539,,,,,,,,,,,,,,,,,,,,,,,,643.539,644.24,p,0,0.666,,51,0,51,0,1,,,,,,,,,,,,,,,,,,,,,,,,,,,,,,,,,,,,,,,,,,,,,,,,,,,,,,,,,,,,,,,,,,,,,,,,,,,,,,,,,,,,,,,,,,,,,,,,,,,,,,,,,,,,
,,6007421356226920359b5f3e,2025-08-11_11h58.11.883,CFMT_CCMT_Face_recognition,03.02.2023,Win32,144.092219,6007421356226920359b5f3e,6899c7d7c4c961a016830ad3,6899c9b198c77f2e0d49d774,,,,,,,,,,,,,,,,,,,,,,,,,,,,,,,,,,,,,,,,,,,,,,644.24,1.520616334,645.76,,,,,,,,,,,,,,,,,,,,,,,,645.76,647.115,p,1,1.311,,52,0,52,0,1,,,,,,,,,,,,,,,,,,,,,,,,,,,,,,,,,,,,,,,,,,,,,,,,,,,,,,,,,,,,,,,,,,,,,,,,,,,,,,,,,,,,,,,,,,,,,,,,,,,,,,,,,,,,
,,6007421356226920359b5f3e,2025-08-11_11h58.11.883,CFMT_CCMT_Face_recognition,03.02.2023,Win32,144.092219,6007421356226920359b5f3e,6899c7d7c4c961a016830ad3,6899c9b198c77f2e0d49d774,,,,,,,,,,,,,,,,,,,,,,,,,,,,,,,,,,,,,,,,,,,,,,647.115,2.131431376,649.245,,,,,,,,,,,,,,,,,,,,,,,,649.245,650.121,p,1,0.842,,53,0,53,0,1,,,,,,,,,,,,,,,,,,,,,,,,,,,,,,,,,,,,,,,,,,,,,,,,,,,,,,,,,,,,,,,,,,,,,,,,,,,,,,,,,,,,,,,,,,,,,,,,,,,,,,,,,,,,
,,6007421356226920359b5f3e,2025-08-11_11h58.11.883,CFMT_CCMT_Face_recognition,03.02.2023,Win32,144.092219,6007421356226920359b5f3e,6899c7d7c4c961a016830ad3,6899c9b198c77f2e0d49d774,,,,,,,,,,,,,,,,,,,,,,,,,,,,,,,,,,,,,,,,,,,,,,650.122,1.529495128,651.648,,,,,,,,,,,,,,,,,,,,,,,,651.648,652.613,p,0,0.921,,54,0,54,0,1,,,,,,,,,,,,,,,,,,,,,,,,,,,,,,,,,,,,,,,,,,,,,,,,,,,,,,,,,,,,,,,,,,,,,,,,,,,,,,,,,,,,,,,,,,,,,,,,,,,,,,,,,,,,
,,6007421356226920359b5f3e,2025-08-11_11h58.11.883,CFMT_CCMT_Face_recognition,03.02.2023,Win32,144.092219,6007421356226920359b5f3e,6899c7d7c4c961a016830ad3,6899c9b198c77f2e0d49d774,,,,,,,,,,,,,,,,,,,,,,,,,,,,,,,,,,,,,,,,,,,,,,652.613,1.616947352,654.231,,,,,,,,,,,,,,,,,,,,,,,,654.231,655.46,p,1,1.195,,55,0,55,0,1,,,,,,,,,,,,,,,,,,,,,,,,,,,,,,,,,,,,,,,,,,,,,,,,,,,,,,,,,,,,,,,,,,,,,,,,,,,,,,,,,,,,,,,,,,,,,,,,,,,,,,,,,,,,
,,6007421356226920359b5f3e,2025-08-11_11h58.11.883,CFMT_CCMT_Face_recognition,03.02.2023,Win32,144.092219,6007421356226920359b5f3e,6899c7d7c4c961a016830ad3,6899c9b198c77f2e0d49d774,,,,,,,,,,,,,,,,,,,,,,,,,,,,,,,,,,,,,,,,,,,,,,655.46,1.532988501,656.994,,,,,,,,,,,,,,,,,,,,,,,,656.994,658.904,p,1,1.874,,56,0,56,0,1,,,,,,,,,,,,,,,,,,,,,,,,,,,,,,,,,,,,,,,,,,,,,,,,,,,,,,,,,,,,,,,,,,,,,,,,,,,,,,,,,,,,,,,,,,,,,,,,,,,,,,,,,,,,
,,6007421356226920359b5f3e,2025-08-11_11h58.11.883,CFMT_CCMT_Face_recognition,03.02.2023,Win32,144.092219,6007421356226920359b5f3e,6899c7d7c4c961a016830ad3,6899c9b198c77f2e0d49d774,,,,,,,,,,,,,,,,,,,,,,,,,,,,,,,,,,,,,,,,,,,,,,658.905,1.921859385,660.826,,,,,,,,,,,,,,,,,,,,,,,,660.826,661.473,p,1,0.609,,57,0,57,0,1,,,,,,,,,,,,,,,,,,,,,,,,,,,,,,,,,,,,,,,,,,,,,,,,,,,,,,,,,,,,,,,,,,,,,,,,,,,,,,,,,,,,,,,,,,,,,,,,,,,,,,,,,,,,
,,6007421356226920359b5f3e,2025-08-11_11h58.11.883,CFMT_CCMT_Face_recognition,03.02.2023,Win32,144.092219,6007421356226920359b5f3e,6899c7d7c4c961a016830ad3,6899c9b198c77f2e0d49d774,,,,,,,,,,,,,,,,,,,,,,,,,,,,,,,,,,,,,,,,,,,,,,661.473,2.193005631,663.666,,,,,,,,,,,,,,,,,,,,,,,,663.666,664.43,q,1,0.728,,58,0,58,0,1,,,,,,,,,,,,,,,,,,,,,,,,,,,,,,,,,,,,,,,,,,,,,,,,,,,,,,,,,,,,,,,,,,,,,,,,,,,,,,,,,,,,,,,,,,,,,,,,,,,,,,,,,,,,
,,6007421356226920359b5f3e,2025-08-11_11h58.11.883,CFMT_CCMT_Face_recognition,03.02.2023,Win32,144.092219,6007421356226920359b5f3e,6899c7d7c4c961a016830ad3,6899c9b198c77f2e0d49d774,,,,,,,,,,,,,,,,,,,,,,,,,,,,,,,,,,,,,,,,,,,,,,664.43,1.763387456,666.194,,,,,,,,,,,,,,,,,,,,,,,,666.194,667.208,q,1,0.978,,59,0,59,0,1,,,,,,,,,,,,,,,,,,,,,,,,,,,,,,,,,,,,,,,,,,,,,,,,,,,,,,,,,,,,,,,,,,,,,,,,,,,,,,,,,,,,,,,,,,,,,,,,,,,,,,,,,,,,
,,6007421356226920359b5f3e,2025-08-11_11h58.11.883,CFMT_CCMT_Face_recognition,03.02.2023,Win32,144.092219,6007421356226920359b5f3e,6899c7d7c4c961a016830ad3,6899c9b198c77f2e0d49d774,,,,,,,,,,,,,,,,,,,,,,,,,,,,,,,,,,,,,,,,,,,,,,754.306,2.486615388,756.789,,,,,,,,,,,,,,,,,,,,,,,,756.789,757.774,q,0,0.949,,0,0,0,0,1,667.208,754.304,space,87.074,,,,,,,,,,,,,,,,,,,,,,,,,,,,,,,,,,,,,,,,,,,,,,,,,,,,,,,,,,,,,,,,,,,,,,,,,,,,,,,,,,,,,,,,,,,,,,,,,,,,,,,,
,,6007421356226920359b5f3e,2025-08-11_11h58.11.883,CFMT_CCMT_Face_recognition,03.02.2023,Win32,144.092219,6007421356226920359b5f3e,6899c7d7c4c961a016830ad3,6899c9b198c77f2e0d49d774,,,,,,,,,,,,,,,,,,,,,,,,,,,,,,,,,,,,,,,,,,,,,,757.775,2.147264449,759.92,,,,,,,,,,,,,,,,,,,,,,,,759.92,760.642,q,1,0.687,,1,0,1,0,1,,,,,,,,,,,,,,,,,,,,,,,,,,,,,,,,,,,,,,,,,,,,,,,,,,,,,,,,,,,,,,,,,,,,,,,,,,,,,,,,,,,,,,,,,,,,,,,,,,,,,,,,,,,,
,,6007421356226920359b5f3e,2025-08-11_11h58.11.883,CFMT_CCMT_Face_recognition,03.02.2023,Win32,144.092219,6007421356226920359b5f3e,6899c7d7c4c961a016830ad3,6899c9b198c77f2e0d49d774,,,,,,,,,,,,,,,,,,,,,,,,,,,,,,,,,,,,,,,,,,,,,,760.642,2.114996903,762.753,,,,,,,,,,,,,,,,,,,,,,,,762.753,763.6,p,1,0.806,,2,0,2,0,1,,,,,,,,,,,,,,,,,,,,,,,,,,,,,,,,,,,,,,,,,,,,,,,,,,,,,,,,,,,,,,,,,,,,,,,,,,,,,,,,,,,,,,,,,,,,,,,,,,,,,,,,,,,,
,,6007421356226920359b5f3e,2025-08-11_11h58.11.883,CFMT_CCMT_Face_recognition,03.02.2023,Win32,144.092219,6007421356226920359b5f3e,6899c7d7c4c961a016830ad3,6899c9b198c77f2e0d49d774,,,,,,,,,,,,,,,,,,,,,,,,,,,,,,,,,,,,,,,,,,,,,,763.6,2.482665048,766.078,,,,,,,,,,,,,,,,,,,,,,,,766.078,767.467,q,1,1.341,,3,0,3,0,1,,,,,,,,,,,,,,,,,,,,,,,,,,,,,,,,,,,,,,,,,,,,,,,,,,,,,,,,,,,,,,,,,,,,,,,,,,,,,,,,,,,,,,,,,,,,,,,,,,,,,,,,,,,,
,,6007421356226920359b5f3e,2025-08-11_11h58.11.883,CFMT_CCMT_Face_recognition,03.02.2023,Win32,144.092219,6007421356226920359b5f3e,6899c7d7c4c961a016830ad3,6899c9b198c77f2e0d49d774,,,,,,,,,,,,,,,,,,,,,,,,,,,,,,,,,,,,,,,,,,,,,,767.469,1.930516177,769.397,,,,,,,,,,,,,,,,,,,,,,,,769.397,770.022,p,1,0.581,,4,0,4,0,1,,,,,,,,,,,,,,,,,,,,,,,,,,,,,,,,,,,,,,,,,,,,,,,,,,,,,,,,,,,,,,,,,,,,,,,,,,,,,,,,,,,,,,,,,,,,,,,,,,,,,,,,,,,,
,,6007421356226920359b5f3e,2025-08-11_11h58.11.883,CFMT_CCMT_Face_recognition,03.02.2023,Win32,144.092219,6007421356226920359b5f3e,6899c7d7c4c961a016830ad3,6899c9b198c77f2e0d49d774,,,,,,,,,,,,,,,,,,,,,,,,,,,,,,,,,,,,,,,,,,,,,,770.022,2.063155839,772.084,,,,,,,,,,,,,,,,,,,,,,,,772.084,772.938,p,0,0.807,,5,0,5,0,1,,,,,,,,,,,,,,,,,,,,,,,,,,,,,,,,,,,,,,,,,,,,,,,,,,,,,,,,,,,,,,,,,,,,,,,,,,,,,,,,,,,,,,,,,,,,,,,,,,,,,,,,,,,,
,,6007421356226920359b5f3e,2025-08-11_11h58.11.883,CFMT_CCMT_Face_recognition,03.02.2023,Win32,144.092219,6007421356226920359b5f3e,6899c7d7c4c961a016830ad3,6899c9b198c77f2e0d49d774,,,,,,,,,,,,,,,,,,,,,,,,,,,,,,,,,,,,,,,,,,,,,,772.938,2.071758893,775.007,,,,,,,,,,,,,,,,,,,,,,,,775.007,776.66,q,1,1.618,,6,0,6,0,1,,,,,,,,,,,,,,,,,,,,,,,,,,,,,,,,,,,,,,,,,,,,,,,,,,,,,,,,,,,,,,,,,,,,,,,,,,,,,,,,,,,,,,,,,,,,,,,,,,,,,,,,,,,,
,,6007421356226920359b5f3e,2025-08-11_11h58.11.883,CFMT_CCMT_Face_recognition,03.02.2023,Win32,144.092219,6007421356226920359b5f3e,6899c7d7c4c961a016830ad3,6899c9b198c77f2e0d49d774,,,,,,,,,,,,,,,,,,,,,,,,,,,,,,,,,,,,,,,,,,,,,,776.661,2.157495003,778.819,,,,,,,,,,,,,,,,,,,,,,,,778.819,779.721,p,1,0.868,,7,0,7,0,1,,,,,,,,,,,,,,,,,,,,,,,,,,,,,,,,,,,,,,,,,,,,,,,,,,,,,,,,,,,,,,,,,,,,,,,,,,,,,,,,,,,,,,,,,,,,,,,,,,,,,,,,,,,,
,,6007421356226920359b5f3e,2025-08-11_11h58.11.883,CFMT_CCMT_Face_recognition,03.02.2023,Win32,144.092219,6007421356226920359b5f3e,6899c7d7c4c961a016830ad3,6899c9b198c77f2e0d49d774,,,,,,,,,,,,,,,,,,,,,,,,,,,,,,,,,,,,,,,,,,,,,,779.722,2.343712333,782.062,,,,,,,,,,,,,,,,,,,,,,,,782.062,783.055,p,1,0.95,,8,0,8,0,1,,,,,,,,,,,,,,,,,,,,,,,,,,,,,,,,,,,,,,,,,,,,,,,,,,,,,,,,,,,,,,,,,,,,,,,,,,,,,,,,,,,,,,,,,,,,,,,,,,,,,,,,,,,,
,,6007421356226920359b5f3e,2025-08-11_11h58.11.883,CFMT_CCMT_Face_recognition,03.02.2023,Win32,144.092219,6007421356226920359b5f3e,6899c7d7c4c961a016830ad3,6899c9b198c77f2e0d49d774,,,,,,,,,,,,,,,,,,,,,,,,,,,,,,,,,,,,,,,,,,,,,,783.055,1.777633114,784.832,,,,,,,,,,,,,,,,,,,,,,,,784.832,786.81,p,0,1.936,,9,0,9,0,1,,,,,,,,,,,,,,,,,,,,,,,,,,,,,,,,,,,,,,,,,,,,,,,,,,,,,,,,,,,,,,,,,,,,,,,,,,,,,,,,,,,,,,,,,,,,,,,,,,,,,,,,,,,,
,,6007421356226920359b5f3e,2025-08-11_11h58.11.883,CFMT_CCMT_Face_recognition,03.02.2023,Win32,144.092219,6007421356226920359b5f3e,6899c7d7c4c961a016830ad3,6899c9b198c77f2e0d49d774,,,,,,,,,,,,,,,,,,,,,,,,,,,,,,,,,,,,,,,,,,,,,,786.81,1.974747574,788.782,,,,,,,,,,,,,,,,,,,,,,,,788.782,789.685,p,0,0.87,,10,0,10,0,1,,,,,,,,,,,,,,,,,,,,,,,,,,,,,,,,,,,,,,,,,,,,,,,,,,,,,,,,,,,,,,,,,,,,,,,,,,,,,,,,,,,,,,,,,,,,,,,,,,,,,,,,,,,,
,,6007421356226920359b5f3e,2025-08-11_11h58.11.883,CFMT_CCMT_Face_recognition,03.02.2023,Win32,144.092219,6007421356226920359b5f3e,6899c7d7c4c961a016830ad3,6899c9b198c77f2e0d49d774,,,,,,,,,,,,,,,,,,,,,,,,,,,,,,,,,,,,,,,,,,,,,,789.685,2.335675686,792.018,,,,,,,,,,,,,,,,,,,,,,,,792.018,792.948,p,0,0.892,,11,0,11,0,1,,,,,,,,,,,,,,,,,,,,,,,,,,,,,,,,,,,,,,,,,,,,,,,,,,,,,,,,,,,,,,,,,,,,,,,,,,,,,,,,,,,,,,,,,,,,,,,,,,,,,,,,,,,,
,,6007421356226920359b5f3e,2025-08-11_11h58.11.883,CFMT_CCMT_Face_recognition,03.02.2023,Win32,144.092219,6007421356226920359b5f3e,6899c7d7c4c961a016830ad3,6899c9b198c77f2e0d49d774,,,,,,,,,,,,,,,,,,,,,,,,,,,,,,,,,,,,,,,,,,,,,,792.948,1.659954378,794.608,,,,,,,,,,,,,,,,,,,,,,,,794.608,795.641,p,0,0.999,,12,0,12,0,1,,,,,,,,,,,,,,,,,,,,,,,,,,,,,,,,,,,,,,,,,,,,,,,,,,,,,,,,,,,,,,,,,,,,,,,,,,,,,,,,,,,,,,,,,,,,,,,,,,,,,,,,,,,,
,,6007421356226920359b5f3e,2025-08-11_11h58.11.883,CFMT_CCMT_Face_recognition,03.02.2023,Win32,144.092219,6007421356226920359b5f3e,6899c7d7c4c961a016830ad3,6899c9b198c77f2e0d49d774,,,,,,,,,,,,,,,,,,,,,,,,,,,,,,,,,,,,,,,,,,,,,,795.642,1.579670998,797.218,,,,,,,,,,,,,,,,,,,,,,,,797.219,798.1,p,1,0.839,,13,0,13,0,1,,,,,,,,,,,,,,,,,,,,,,,,,,,,,,,,,,,,,,,,,,,,,,,,,,,,,,,,,,,,,,,,,,,,,,,,,,,,,,,,,,,,,,,,,,,,,,,,,,,,,,,,,,,,
,,6007421356226920359b5f3e,2025-08-11_11h58.11.883,CFMT_CCMT_Face_recognition,03.02.2023,Win32,144.092219,6007421356226920359b5f3e,6899c7d7c4c961a016830ad3,6899c9b198c77f2e0d49d774,,,,,,,,,,,,,,,,,,,,,,,,,,,,,,,,,,,,,,,,,,,,,,798.102,1.873344772,799.974,,,,,,,,,,,,,,,,,,,,,,,,799.974,800.781,p,0,0.764,,14,0,14,0,1,,,,,,,,,,,,,,,,,,,,,,,,,,,,,,,,,,,,,,,,,,,,,,,,,,,,,,,,,,,,,,,,,,,,,,,,,,,,,,,,,,,,,,,,,,,,,,,,,,,,,,,,,,,,
,,6007421356226920359b5f3e,2025-08-11_11h58.11.883,CFMT_CCMT_Face_recognition,03.02.2023,Win32,144.092219,6007421356226920359b5f3e,6899c7d7c4c961a016830ad3,6899c9b198c77f2e0d49d774,,,,,,,,,,,,,,,,,,,,,,,,,,,,,,,,,,,,,,,,,,,,,,800.781,1.511299085,802.293,,,,,,,,,,,,,,,,,,,,,,,,802.293,803.939,q,0,1.608,,15,0,15,0,1,,,,,,,,,,,,,,,,,,,,,,,,,,,,,,,,,,,,,,,,,,,,,,,,,,,,,,,,,,,,,,,,,,,,,,,,,,,,,,,,,,,,,,,,,,,,,,,,,,,,,,,,,,,,
,,6007421356226920359b5f3e,2025-08-11_11h58.11.883,CFMT_CCMT_Face_recognition,03.02.2023,Win32,144.092219,6007421356226920359b5f3e,6899c7d7c4c961a016830ad3,6899c9b198c77f2e0d49d774,,,,,,,,,,,,,,,,,,,,,,,,,,,,,,,,,,,,,,,,,,,,,,803.939,2.151493274,806.092,,,,,,,,,,,,,,,,,,,,,,,,806.092,807.133,q,1,0.994,,16,0,16,0,1,,,,,,,,,,,,,,,,,,,,,,,,,,,,,,,,,,,,,,,,,,,,,,,,,,,,,,,,,,,,,,,,,,,,,,,,,,,,,,,,,,,,,,,,,,,,,,,,,,,,,,,,,,,,
,,6007421356226920359b5f3e,2025-08-11_11h58.11.883,CFMT_CCMT_Face_recognition,03.02.2023,Win32,144.092219,6007421356226920359b5f3e,6899c7d7c4c961a016830ad3,6899c9b198c77f2e0d49d774,,,,,,,,,,,,,,,,,,,,,,,,,,,,,,,,,,,,,,,,,,,,,,807.133,1.77339185,808.904,,,,,,,,,,,,,,,,,,,,,,,,808.904,809.688,q,1,0.746,,17,0,17,0,1,,,,,,,,,,,,,,,,,,,,,,,,,,,,,,,,,,,,,,,,,,,,,,,,,,,,,,,,,,,,,,,,,,,,,,,,,,,,,,,,,,,,,,,,,,,,,,,,,,,,,,,,,,,,
,,6007421356226920359b5f3e,2025-08-11_11h58.11.883,CFMT_CCMT_Face_recognition,03.02.2023,Win32,144.092219,6007421356226920359b5f3e,6899c7d7c4c961a016830ad3,6899c9b198c77f2e0d49d774,,,,,,,,,,,,,,,,,,,,,,,,,,,,,,,,,,,,,,,,,,,,,,809.688,1.849603816,811.535,,,,,,,,,,,,,,,,,,,,,,,,811.535,813.069,q,0,1.497,,18,0,18,0,1,,,,,,,,,,,,,,,,,,,,,,,,,,,,,,,,,,,,,,,,,,,,,,,,,,,,,,,,,,,,,,,,,,,,,,,,,,,,,,,,,,,,,,,,,,,,,,,,,,,,,,,,,,,,
,,6007421356226920359b5f3e,2025-08-11_11h58.11.883,CFMT_CCMT_Face_recognition,03.02.2023,Win32,144.092219,6007421356226920359b5f3e,6899c7d7c4c961a016830ad3,6899c9b198c77f2e0d49d774,,,,,,,,,,,,,,,,,,,,,,,,,,,,,,,,,,,,,,,,,,,,,,813.069,1.764259321,814.833,,,,,,,,,,,,,,,,,,,,,,,,814.833,816.118,p,0,1.25,,19,0,19,0,1,,,,,,,,,,,,,,,,,,,,,,,,,,,,,,,,,,,,,,,,,,,,,,,,,,,,,,,,,,,,,,,,,,,,,,,,,,,,,,,,,,,,,,,,,,,,,,,,,,,,,,,,,,,,
,,6007421356226920359b5f3e,2025-08-11_11h58.11.883,CFMT_CCMT_Face_recognition,03.02.2023,Win32,144.092219,6007421356226920359b5f3e,6899c7d7c4c961a016830ad3,6899c9b198c77f2e0d49d774,,,,,,,,,,,,,,,,,,,,,,,,,,,,,,,,,,,,,,,,,,,,,,816.118,2.08714939,818.2,,,,,,,,,,,,,,,,,,,,,,,,818.2,819.318,p,0,1.082,,20,0,20,0,1,,,,,,,,,,,,,,,,,,,,,,,,,,,,,,,,,,,,,,,,,,,,,,,,,,,,,,,,,,,,,,,,,,,,,,,,,,,,,,,,,,,,,,,,,,,,,,,,,,,,,,,,,,,,
,,6007421356226920359b5f3e,2025-08-11_11h58.11.883,CFMT_CCMT_Face_recognition,03.02.2023,Win32,144.092219,6007421356226920359b5f3e,6899c7d7c4c961a016830ad3,6899c9b198c77f2e0d49d774,,,,,,,,,,,,,,,,,,,,,,,,,,,,,,,,,,,,,,,,,,,,,,819.318,1.871524028,821.185,,,,,,,,,,,,,,,,,,,,,,,,821.185,821.797,p,0,0.565,,21,0,21,0,1,,,,,,,,,,,,,,,,,,,,,,,,,,,,,,,,,,,,,,,,,,,,,,,,,,,,,,,,,,,,,,,,,,,,,,,,,,,,,,,,,,,,,,,,,,,,,,,,,,,,,,,,,,,,
,,6007421356226920359b5f3e,2025-08-11_11h58.11.883,CFMT_CCMT_Face_recognition,03.02.2023,Win32,144.092219,6007421356226920359b5f3e,6899c7d7c4c961a016830ad3,6899c9b198c77f2e0d49d774,,,,,,,,,,,,,,,,,,,,,,,,,,,,,,,,,,,,,,,,,,,,,,821.797,2.48214745,824.276,,,,,,,,,,,,,,,,,,,,,,,,824.276,824.977,p,1,0.657,,22,0,22,0,1,,,,,,,,,,,,,,,,,,,,,,,,,,,,,,,,,,,,,,,,,,,,,,,,,,,,,,,,,,,,,,,,,,,,,,,,,,,,,,,,,,,,,,,,,,,,,,,,,,,,,,,,,,,,
,,6007421356226920359b5f3e,2025-08-11_11h58.11.883,CFMT_CCMT_Face_recognition,03.02.2023,Win32,144.092219,6007421356226920359b5f3e,6899c7d7c4c961a016830ad3,6899c9b198c77f2e0d49d774,,,,,,,,,,,,,,,,,,,,,,,,,,,,,,,,,,,,,,,,,,,,,,824.977,1.667330011,826.643,,,,,,,,,,,,,,,,,,,,,,,,826.643,829.233,,,,,23,0,23,0,1,,,,,,,,,,,,,,,,,,,,,,,,,,,,,,,,,,,,,,,,,,,,,,,,,,,,,,,,,,,,,,,,,,,,,,,,,,,,,,,,,,,,,,,,,,,,,,,,,,,,,,,,,,,,
,,6007421356226920359b5f3e,2025-08-11_11h58.11.883,CFMT_CCMT_Face_recognition,03.02.2023,Win32,144.092219,6007421356226920359b5f3e,6899c7d7c4c961a016830ad3,6899c9b198c77f2e0d49d774,,,,,,,,,,,,,,,,,,,,,,,,,,,,,,,,,,,,,,,,,,,,,,829.233,1.63992971,830.871,,,,,,,,,,,,,,,,,,,,,,,,830.872,832.643,p,1,1.736,,24,0,24,0,1,,,,,,,,,,,,,,,,,,,,,,,,,,,,,,,,,,,,,,,,,,,,,,,,,,,,,,,,,,,,,,,,,,,,,,,,,,,,,,,,,,,,,,,,,,,,,,,,,,,,,,,,,,,,
,,6007421356226920359b5f3e,2025-08-11_11h58.11.883,CFMT_CCMT_Face_recognition,03.02.2023,Win32,144.092219,6007421356226920359b5f3e,6899c7d7c4c961a016830ad3,6899c9b198c77f2e0d49d774,,,,,,,,,,,,,,,,,,,,,,,,,,,,,,,,,,,,,,,,,,,,,,832.644,2.342451164,834.989,,,,,,,,,,,,,,,,,,,,,,,,834.989,835.655,p,1,0.632,,25,0,25,0,1,,,,,,,,,,,,,,,,,,,,,,,,,,,,,,,,,,,,,,,,,,,,,,,,,,,,,,,,,,,,,,,,,,,,,,,,,,,,,,,,,,,,,,,,,,,,,,,,,,,,,,,,,,,,
,,6007421356226920359b5f3e,2025-08-11_11h58.11.883,CFMT_CCMT_Face_recognition,03.02.2023,Win32,144.092219,6007421356226920359b5f3e,6899c7d7c4c961a016830ad3,6899c9b198c77f2e0d49d774,,,,,,,,,,,,,,,,,,,,,,,,,,,,,,,,,,,,,,,,,,,,,,835.655,1.728385451,837.384,,,,,,,,,,,,,,,,,,,,,,,,837.384,838.494,p,1,1.07,,26,0,26,0,1,,,,,,,,,,,,,,,,,,,,,,,,,,,,,,,,,,,,,,,,,,,,,,,,,,,,,,,,,,,,,,,,,,,,,,,,,,,,,,,,,,,,,,,,,,,,,,,,,,,,,,,,,,,,
,,6007421356226920359b5f3e,2025-08-11_11h58.11.883,CFMT_CCMT_Face_recognition,03.02.2023,Win32,144.092219,6007421356226920359b5f3e,6899c7d7c4c961a016830ad3,6899c9b198c77f2e0d49d774,,,,,,,,,,,,,,,,,,,,,,,,,,,,,,,,,,,,,,,,,,,,,,838.495,2.202041707,840.695,,,,,,,,,,,,,,,,,,,,,,,,840.695,841.766,q,1,1.025,,27,0,27,0,1,,,,,,,,,,,,,,,,,,,,,,,,,,,,,,,,,,,,,,,,,,,,,,,,,,,,,,,,,,,,,,,,,,,,,,,,,,,,,,,,,,,,,,,,,,,,,,,,,,,,,,,,,,,,
,,6007421356226920359b5f3e,2025-08-11_11h58.11.883,CFMT_CCMT_Face_recognition,03.02.2023,Win32,144.092219,6007421356226920359b5f3e,6899c7d7c4c961a016830ad3,6899c9b198c77f2e0d49d774,,,,,,,,,,,,,,,,,,,,,,,,,,,,,,,,,,,,,,,,,,,,,,841.767,1.956517411,843.723,,,,,,,,,,,,,,,,,,,,,,,,843.723,844.702,p,0,0.944,,28,0,28,0,1,,,,,,,,,,,,,,,,,,,,,,,,,,,,,,,,,,,,,,,,,,,,,,,,,,,,,,,,,,,,,,,,,,,,,,,,,,,,,,,,,,,,,,,,,,,,,,,,,,,,,,,,,,,,
,,6007421356226920359b5f3e,2025-08-11_11h58.11.883,CFMT_CCMT_Face_recognition,03.02.2023,Win32,144.092219,6007421356226920359b5f3e,6899c7d7c4c961a016830ad3,6899c9b198c77f2e0d49d774,,,,,,,,,,,,,,,,,,,,,,,,,,,,,,,,,,,,,,,,,,,,,,844.702,1.690311223,846.389,,,,,,,,,,,,,,,,,,,,,,,,846.39,847.743,p,1,1.32,,29,0,29,0,1,,,,,,,,,,,,,,,,,,,,,,,,,,,,,,,,,,,,,,,,,,,,,,,,,,,,,,,,,,,,,,,,,,,,,,,,,,,,,,,,,,,,,,,,,,,,,,,,,,,,,,,,,,,,
,,6007421356226920359b5f3e,2025-08-11_11h58.11.883,CFMT_CCMT_Face_recognition,03.02.2023,Win32,144.092219,6007421356226920359b5f3e,6899c7d7c4c961a016830ad3,6899c9b198c77f2e0d49d774,,,,,,,,,,,,,,,,,,,,,,,,,,,,,,,,,,,,,,,,,,,,,,847.744,2.253026555,849.993,,,,,,,,,,,,,,,,,,,,,,,,849.993,850.916,p,1,0.881,,30,0,30,0,1,,,,,,,,,,,,,,,,,,,,,,,,,,,,,,,,,,,,,,,,,,,,,,,,,,,,,,,,,,,,,,,,,,,,,,,,,,,,,,,,,,,,,,,,,,,,,,,,,,,,,,,,,,,,
,,6007421356226920359b5f3e,2025-08-11_11h58.11.883,CFMT_CCMT_Face_recognition,03.02.2023,Win32,144.092219,6007421356226920359b5f3e,6899c7d7c4c961a016830ad3,6899c9b198c77f2e0d49d774,,,,,,,,,,,,,,,,,,,,,,,,,,,,,,,,,,,,,,,,,,,,,,850.916,2.314912809,853.228,,,,,,,,,,,,,,,,,,,,,,,,853.228,853.978,p,1,0.708,,31,0,31,0,1,,,,,,,,,,,,,,,,,,,,,,,,,,,,,,,,,,,,,,,,,,,,,,,,,,,,,,,,,,,,,,,,,,,,,,,,,,,,,,,,,,,,,,,,,,,,,,,,,,,,,,,,,,,,
,,6007421356226920359b5f3e,2025-08-11_11h58.11.883,CFMT_CCMT_Face_recognition,03.02.2023,Win32,144.092219,6007421356226920359b5f3e,6899c7d7c4c961a016830ad3,6899c9b198c77f2e0d49d774,,,,,,,,,,,,,,,,,,,,,,,,,,,,,,,,,,,,,,,,,,,,,,853.979,2.223708262,856.2,,,,,,,,,,,,,,,,,,,,,,,,856.2,857.637,q,1,1.402,,32,0,32,0,1,,,,,,,,,,,,,,,,,,,,,,,,,,,,,,,,,,,,,,,,,,,,,,,,,,,,,,,,,,,,,,,,,,,,,,,,,,,,,,,,,,,,,,,,,,,,,,,,,,,,,,,,,,,,
,,6007421356226920359b5f3e,2025-08-11_11h58.11.883,CFMT_CCMT_Face_recognition,03.02.2023,Win32,144.092219,6007421356226920359b5f3e,6899c7d7c4c961a016830ad3,6899c9b198c77f2e0d49d774,,,,,,,,,,,,,,,,,,,,,,,,,,,,,,,,,,,,,,,,,,,,,,857.637,2.282075384,859.914,,,,,,,,,,,,,,,,,,,,,,,,859.914,861.339,q,0,1.388,,33,0,33,0,1,,,,,,,,,,,,,,,,,,,,,,,,,,,,,,,,,,,,,,,,,,,,,,,,,,,,,,,,,,,,,,,,,,,,,,,,,,,,,,,,,,,,,,,,,,,,,,,,,,,,,,,,,,,,
,,6007421356226920359b5f3e,2025-08-11_11h58.11.883,CFMT_CCMT_Face_recognition,03.02.2023,Win32,144.092219,6007421356226920359b5f3e,6899c7d7c4c961a016830ad3,6899c9b198c77f2e0d49d774,,,,,,,,,,,,,,,,,,,,,,,,,,,,,,,,,,,,,,,,,,,,,,861.339,2.143210862,863.483,,,,,,,,,,,,,,,,,,,,,,,,863.483,864.253,q,1,0.735,,34,0,34,0,1,,,,,,,,,,,,,,,,,,,,,,,,,,,,,,,,,,,,,,,,,,,,,,,,,,,,,,,,,,,,,,,,,,,,,,,,,,,,,,,,,,,,,,,,,,,,,,,,,,,,,,,,,,,,
,,6007421356226920359b5f3e,2025-08-11_11h58.11.883,CFMT_CCMT_Face_recognition,03.02.2023,Win32,144.092219,6007421356226920359b5f3e,6899c7d7c4c961a016830ad3,6899c9b198c77f2e0d49d774,,,,,,,,,,,,,,,,,,,,,,,,,,,,,,,,,,,,,,,,,,,,,,864.255,2.041755202,866.295,,,,,,,,,,,,,,,,,,,,,,,,866.295,867.081,p,1,0.742,,35,0,35,0,1,,,,,,,,,,,,,,,,,,,,,,,,,,,,,,,,,,,,,,,,,,,,,,,,,,,,,,,,,,,,,,,,,,,,,,,,,,,,,,,,,,,,,,,,,,,,,,,,,,,,,,,,,,,,
,,6007421356226920359b5f3e,2025-08-11_11h58.11.883,CFMT_CCMT_Face_recognition,03.02.2023,Win32,144.092219,6007421356226920359b5f3e,6899c7d7c4c961a016830ad3,6899c9b198c77f2e0d49d774,,,,,,,,,,,,,,,,,,,,,,,,,,,,,,,,,,,,,,,,,,,,,,867.082,2.188692798,869.267,,,,,,,,,,,,,,,,,,,,,,,,869.267,870.141,p,1,0.832,,36,0,36,0,1,,,,,,,,,,,,,,,,,,,,,,,,,,,,,,,,,,,,,,,,,,,,,,,,,,,,,,,,,,,,,,,,,,,,,,,,,,,,,,,,,,,,,,,,,,,,,,,,,,,,,,,,,,,,
,,6007421356226920359b5f3e,2025-08-11_11h58.11.883,CFMT_CCMT_Face_recognition,03.02.2023,Win32,144.092219,6007421356226920359b5f3e,6899c7d7c4c961a016830ad3,6899c9b198c77f2e0d49d774,,,,,,,,,,,,,,,,,,,,,,,,,,,,,,,,,,,,,,,,,,,,,,870.141,1.62199372,871.759,,,,,,,,,,,,,,,,,,,,,,,,871.759,872.412,p,0,0.615,,37,0,37,0,1,,,,,,,,,,,,,,,,,,,,,,,,,,,,,,,,,,,,,,,,,,,,,,,,,,,,,,,,,,,,,,,,,,,,,,,,,,,,,,,,,,,,,,,,,,,,,,,,,,,,,,,,,,,,
,,6007421356226920359b5f3e,2025-08-11_11h58.11.883,CFMT_CCMT_Face_recognition,03.02.2023,Win32,144.092219,6007421356226920359b5f3e,6899c7d7c4c961a016830ad3,6899c9b198c77f2e0d49d774,,,,,,,,,,,,,,,,,,,,,,,,,,,,,,,,,,,,,,,,,,,,,,872.412,1.783195853,874.196,,,,,,,,,,,,,,,,,,,,,,,,874.196,874.995,p,1,0.764,,38,0,38,0,1,,,,,,,,,,,,,,,,,,,,,,,,,,,,,,,,,,,,,,,,,,,,,,,,,,,,,,,,,,,,,,,,,,,,,,,,,,,,,,,,,,,,,,,,,,,,,,,,,,,,,,,,,,,,
,,6007421356226920359b5f3e,2025-08-11_11h58.11.883,CFMT_CCMT_Face_recognition,03.02.2023,Win32,144.092219,6007421356226920359b5f3e,6899c7d7c4c961a016830ad3,6899c9b198c77f2e0d49d774,,,,,,,,,,,,,,,,,,,,,,,,,,,,,,,,,,,,,,,,,,,,,,874.995,2.174358479,877.168,,,,,,,,,,,,,,,,,,,,,,,,877.168,877.897,p,1,0.691,,39,0,39,0,1,,,,,,,,,,,,,,,,,,,,,,,,,,,,,,,,,,,,,,,,,,,,,,,,,,,,,,,,,,,,,,,,,,,,,,,,,,,,,,,,,,,,,,,,,,,,,,,,,,,,,,,,,,,,
,,6007421356226920359b5f3e,2025-08-11_11h58.11.883,CFMT_CCMT_Face_recognition,03.02.2023,Win32,144.092219,6007421356226920359b5f3e,6899c7d7c4c961a016830ad3,6899c9b198c77f2e0d49d774,,,,,,,,,,,,,,,,,,,,,,,,,,,,,,,,,,,,,,,,,,,,,,877.897,1.889464936,879.786,,,,,,,,,,,,,,,,,,,,,,,,879.786,880.688,p,1,0.869,,40,0,40,0,1,,,,,,,,,,,,,,,,,,,,,,,,,,,,,,,,,,,,,,,,,,,,,,,,,,,,,,,,,,,,,,,,,,,,,,,,,,,,,,,,,,,,,,,,,,,,,,,,,,,,,,,,,,,,
,,6007421356226920359b5f3e,2025-08-11_11h58.11.883,CFMT_CCMT_Face_recognition,03.02.2023,Win32,144.092219,6007421356226920359b5f3e,6899c7d7c4c961a016830ad3,6899c9b198c77f2e0d49d774,,,,,,,,,,,,,,,,,,,,,,,,,,,,,,,,,,,,,,,,,,,,,,880.689,2.271898887,882.959,,,,,,,,,,,,,,,,,,,,,,,,882.959,883.757,p,1,0.764,,41,0,41,0,1,,,,,,,,,,,,,,,,,,,,,,,,,,,,,,,,,,,,,,,,,,,,,,,,,,,,,,,,,,,,,,,,,,,,,,,,,,,,,,,,,,,,,,,,,,,,,,,,,,,,,,,,,,,,
,,6007421356226920359b5f3e,2025-08-11_11h58.11.883,CFMT_CCMT_Face_recognition,03.02.2023,Win32,144.092219,6007421356226920359b5f3e,6899c7d7c4c961a016830ad3,6899c9b198c77f2e0d49d774,,,,,,,,,,,,,,,,,,,,,,,,,,,,,,,,,,,,,,,,,,,,,,883.757,1.697913014,885.451,,,,,,,,,,,,,,,,,,,,,,,,885.451,886.318,p,1,0.831,,42,0,42,0,1,,,,,,,,,,,,,,,,,,,,,,,,,,,,,,,,,,,,,,,,,,,,,,,,,,,,,,,,,,,,,,,,,,,,,,,,,,,,,,,,,,,,,,,,,,,,,,,,,,,,,,,,,,,,
,,6007421356226920359b5f3e,2025-08-11_11h58.11.883,CFMT_CCMT_Face_recognition,03.02.2023,Win32,144.092219,6007421356226920359b5f3e,6899c7d7c4c961a016830ad3,6899c9b198c77f2e0d49d774,,,,,,,,,,,,,,,,,,,,,,,,,,,,,,,,,,,,,,,,,,,,,,886.319,1.613417377,887.93,,,,,,,,,,,,,,,,,,,,,,,,887.93,888.618,p,1,0.645,,43,0,43,0,1,,,,,,,,,,,,,,,,,,,,,,,,,,,,,,,,,,,,,,,,,,,,,,,,,,,,,,,,,,,,,,,,,,,,,,,,,,,,,,,,,,,,,,,,,,,,,,,,,,,,,,,,,,,,
,,6007421356226920359b5f3e,2025-08-11_11h58.11.883,CFMT_CCMT_Face_recognition,03.02.2023,Win32,144.092219,6007421356226920359b5f3e,6899c7d7c4c961a016830ad3,6899c9b198c77f2e0d49d774,,,,,,,,,,,,,,,,,,,,,,,,,,,,,,,,,,,,,,,,,,,,,,888.618,1.67832431,890.297,,,,,,,,,,,,,,,,,,,,,,,,890.297,891.297,p,1,0.966,,44,0,44,0,1,,,,,,,,,,,,,,,,,,,,,,,,,,,,,,,,,,,,,,,,,,,,,,,,,,,,,,,,,,,,,,,,,,,,,,,,,,,,,,,,,,,,,,,,,,,,,,,,,,,,,,,,,,,,
,,6007421356226920359b5f3e,2025-08-11_11h58.11.883,CFMT_CCMT_Face_recognition,03.02.2023,Win32,144.092219,6007421356226920359b5f3e,6899c7d7c4c961a016830ad3,6899c9b198c77f2e0d49d774,,,,,,,,,,,,,,,,,,,,,,,,,,,,,,,,,,,,,,,,,,,,,,891.297,1.734104248,893.027,,,,,,,,,,,,,,,,,,,,,,,,893.027,893.832,p,1,0.758,,45,0,45,0,1,,,,,,,,,,,,,,,,,,,,,,,,,,,,,,,,,,,,,,,,,,,,,,,,,,,,,,,,,,,,,,,,,,,,,,,,,,,,,,,,,,,,,,,,,,,,,,,,,,,,,,,,,,,,
,,6007421356226920359b5f3e,2025-08-11_11h58.11.883,CFMT_CCMT_Face_recognition,03.02.2023,Win32,144.092219,6007421356226920359b5f3e,6899c7d7c4c961a016830ad3,6899c9b198c77f2e0d49d774,,,,,,,,,,,,,,,,,,,,,,,,,,,,,,,,,,,,,,,,,,,,,,893.832,2.297642206,896.13,,,,,,,,,,,,,,,,,,,,,,,,896.13,897.039,q,1,0.867,,46,0,46,0,1,,,,,,,,,,,,,,,,,,,,,,,,,,,,,,,,,,,,,,,,,,,,,,,,,,,,,,,,,,,,,,,,,,,,,,,,,,,,,,,,,,,,,,,,,,,,,,,,,,,,,,,,,,,,
,,6007421356226920359b5f3e,2025-08-11_11h58.11.883,CFMT_CCMT_Face_recognition,03.02.2023,Win32,144.092219,6007421356226920359b5f3e,6899c7d7c4c961a016830ad3,6899c9b198c77f2e0d49d774,,,,,,,,,,,,,,,,,,,,,,,,,,,,,,,,,,,,,,,,,,,,,,897.039,1.638104323,898.678,,,,,,,,,,,,,,,,,,,,,,,,898.678,900.254,p,0,1.53,,47,0,47,0,1,,,,,,,,,,,,,,,,,,,,,,,,,,,,,,,,,,,,,,,,,,,,,,,,,,,,,,,,,,,,,,,,,,,,,,,,,,,,,,,,,,,,,,,,,,,,,,,,,,,,,,,,,,,,
,,6007421356226920359b5f3e,2025-08-11_11h58.11.883,CFMT_CCMT_Face_recognition,03.02.2023,Win32,144.092219,6007421356226920359b5f3e,6899c7d7c4c961a016830ad3,6899c9b198c77f2e0d49d774,,,,,,,,,,,,,,,,,,,,,,,,,,,,,,,,,,,,,,,,,,,,,,900.254,1.762845055,902.017,,,,,,,,,,,,,,,,,,,,,,,,902.017,904.747,,,,,48,0,48,0,1,,,,,,,,,,,,,,,,,,,,,,,,,,,,,,,,,,,,,,,,,,,,,,,,,,,,,,,,,,,,,,,,,,,,,,,,,,,,,,,,,,,,,,,,,,,,,,,,,,,,,,,,,,,,
,,6007421356226920359b5f3e,2025-08-11_11h58.11.883,CFMT_CCMT_Face_recognition,03.02.2023,Win32,144.092219,6007421356226920359b5f3e,6899c7d7c4c961a016830ad3,6899c9b198c77f2e0d49d774,,,,,,,,,,,,,,,,,,,,,,,,,,,,,,,,,,,,,,,,,,,,,,904.748,1.650215777,906.398,,,,,,,,,,,,,,,,,,,,,,,,906.398,907.357,q,1,0.923,,49,0,49,0,1,,,,,,,,,,,,,,,,,,,,,,,,,,,,,,,,,,,,,,,,,,,,,,,,,,,,,,,,,,,,,,,,,,,,,,,,,,,,,,,,,,,,,,,,,,,,,,,,,,,,,,,,,,,,
,,6007421356226920359b5f3e,2025-08-11_11h58.11.883,CFMT_CCMT_Face_recognition,03.02.2023,Win32,144.092219,6007421356226920359b5f3e,6899c7d7c4c961a016830ad3,6899c9b198c77f2e0d49d774,,,,,,,,,,,,,,,,,,,,,,,,,,,,,,,,,,,,,,,,,,,,,,907.357,2.00452621,909.364,,,,,,,,,,,,,,,,,,,,,,,,909.364,910.37,p,0,0.97,,50,0,50,0,1,,,,,,,,,,,,,,,,,,,,,,,,,,,,,,,,,,,,,,,,,,,,,,,,,,,,,,,,,,,,,,,,,,,,,,,,,,,,,,,,,,,,,,,,,,,,,,,,,,,,,,,,,,,,
,,6007421356226920359b5f3e,2025-08-11_11h58.11.883,CFMT_CCMT_Face_recognition,03.02.2023,Win32,144.092219,6007421356226920359b5f3e,6899c7d7c4c961a016830ad3,6899c9b198c77f2e0d49d774,,,,,,,,,,,,,,,,,,,,,,,,,,,,,,,,,,,,,,,,,,,,,,910.37,1.563599623,911.933,,,,,,,,,,,,,,,,,,,,,,,,911.933,913.432,p,0,1.461,,51,0,51,0,1,,,,,,,,,,,,,,,,,,,,,,,,,,,,,,,,,,,,,,,,,,,,,,,,,,,,,,,,,,,,,,,,,,,,,,,,,,,,,,,,,,,,,,,,,,,,,,,,,,,,,,,,,,,,
,,6007421356226920359b5f3e,2025-08-11_11h58.11.883,CFMT_CCMT_Face_recognition,03.02.2023,Win32,144.092219,6007421356226920359b5f3e,6899c7d7c4c961a016830ad3,6899c9b198c77f2e0d49d774,,,,,,,,,,,,,,,,,,,,,,,,,,,,,,,,,,,,,,,,,,,,,,913.432,2.441888362,915.876,,,,,,,,,,,,,,,,,,,,,,,,915.876,917.21,p,1,1.299,,52,0,52,0,1,,,,,,,,,,,,,,,,,,,,,,,,,,,,,,,,,,,,,,,,,,,,,,,,,,,,,,,,,,,,,,,,,,,,,,,,,,,,,,,,,,,,,,,,,,,,,,,,,,,,,,,,,,,,
,,6007421356226920359b5f3e,2025-08-11_11h58.11.883,CFMT_CCMT_Face_recognition,03.02.2023,Win32,144.092219,6007421356226920359b5f3e,6899c7d7c4c961a016830ad3,6899c9b198c77f2e0d49d774,,,,,,,,,,,,,,,,,,,,,,,,,,,,,,,,,,,,,,,,,,,,,,917.21,1.681162652,918.889,,,,,,,,,,,,,,,,,,,,,,,,918.889,919.791,p,0,0.869,,53,0,53,0,1,,,,,,,,,,,,,,,,,,,,,,,,,,,,,,,,,,,,,,,,,,,,,,,,,,,,,,,,,,,,,,,,,,,,,,,,,,,,,,,,,,,,,,,,,,,,,,,,,,,,,,,,,,,,
,,6007421356226920359b5f3e,2025-08-11_11h58.11.883,CFMT_CCMT_Face_recognition,03.02.2023,Win32,144.092219,6007421356226920359b5f3e,6899c7d7c4c961a016830ad3,6899c9b198c77f2e0d49d774,,,,,,,,,,,,,,,,,,,,,,,,,,,,,,,,,,,,,,,,,,,,,,919.792,2.489411365,922.278,,,,,,,,,,,,,,,,,,,,,,,,922.278,923.972,p,1,1.61,,54,0,54,0,1,,,,,,,,,,,,,,,,,,,,,,,,,,,,,,,,,,,,,,,,,,,,,,,,,,,,,,,,,,,,,,,,,,,,,,,,,,,,,,,,,,,,,,,,,,,,,,,,,,,,,,,,,,,,
,,6007421356226920359b5f3e,2025-08-11_11h58.11.883,CFMT_CCMT_Face_recognition,03.02.2023,Win32,144.092219,6007421356226920359b5f3e,6899c7d7c4c961a016830ad3,6899c9b198c77f2e0d49d774,,,,,,,,,,,,,,,,,,,,,,,,,,,,,,,,,,,,,,,,,,,,,,923.974,1.830264664,925.805,,,,,,,,,,,,,,,,,,,,,,,,925.805,926.519,p,0,0.649,,55,0,55,0,1,,,,,,,,,,,,,,,,,,,,,,,,,,,,,,,,,,,,,,,,,,,,,,,,,,,,,,,,,,,,,,,,,,,,,,,,,,,,,,,,,,,,,,,,,,,,,,,,,,,,,,,,,,,,
,,6007421356226920359b5f3e,2025-08-11_11h58.11.883,CFMT_CCMT_Face_recognition,03.02.2023,Win32,144.092219,6007421356226920359b5f3e,6899c7d7c4c961a016830ad3,6899c9b198c77f2e0d49d774,,,,,,,,,,,,,,,,,,,,,,,,,,,,,,,,,,,,,,,,,,,,,,926.519,2.055023011,928.575,,,,,,,,,,,,,,,,,,,,,,,,928.575,931.414,,,,,56,0,56,0,1,,,,,,,,,,,,,,,,,,,,,,,,,,,,,,,,,,,,,,,,,,,,,,,,,,,,,,,,,,,,,,,,,,,,,,,,,,,,,,,,,,,,,,,,,,,,,,,,,,,,,,,,,,,,
,,6007421356226920359b5f3e,2025-08-11_11h58.11.883,CFMT_CCMT_Face_recognition,03.02.2023,Win32,144.092219,6007421356226920359b5f3e,6899c7d7c4c961a016830ad3,6899c9b198c77f2e0d49d774,,,,,,,,,,,,,,,,,,,,,,,,,,,,,,,,,,,,,,,,,,,,,,931.414,1.780784075,933.192,,,,,,,,,,,,,,,,,,,,,,,,933.192,933.9,p,1,0.63,,57,0,57,0,1,,,,,,,,,,,,,,,,,,,,,,,,,,,,,,,,,,,,,,,,,,,,,,,,,,,,,,,,,,,,,,,,,,,,,,,,,,,,,,,,,,,,,,,,,,,,,,,,,,,,,,,,,,,,
,,6007421356226920359b5f3e,2025-08-11_11h58.11.883,CFMT_CCMT_Face_recognition,03.02.2023,Win32,144.092219,6007421356226920359b5f3e,6899c7d7c4c961a016830ad3,6899c9b198c77f2e0d49d774,,,,,,,,,,,,,,,,,,,,,,,,,,,,,,,,,,,,,,,,,,,,,,933.901,1.685959902,935.587,,,,,,,,,,,,,,,,,,,,,,,,935.587,936.657,p,1,1.02,,58,0,58,0,1,,,,,,,,,,,,,,,,,,,,,,,,,,,,,,,,,,,,,,,,,,,,,,,,,,,,,,,,,,,,,,,,,,,,,,,,,,,,,,,,,,,,,,,,,,,,,,,,,,,,,,,,,,,,
,,6007421356226920359b5f3e,2025-08-11_11h58.11.883,CFMT_CCMT_Face_recognition,03.02.2023,Win32,144.092219,6007421356226920359b5f3e,6899c7d7c4c961a016830ad3,6899c9b198c77f2e0d49d774,,,,,,,,,,,,,,,,,,,,,,,,,,,,,,,,,,,,,,,,,,,,,,936.657,2.001106464,938.657,,,,,,,,,,,,,,,,,,,,,,,,938.657,939.454,p,0,0.714,,59,0,59,0,1,,,,,,,,,,,,,,,,,,,,,,,,,,,,,,,,,,,,,,,,,,,,,,,,,,,,,,,,,,,,,,,,,,,,,,,,,,,,,,,,,,,,,,,,,,,,,,,,,,,,,,,,,,,,
,,6007421356226920359b5f3e,2025-08-11_11h58.11.883,CFMT_CCMT_Face_recognition,03.02.2023,Win32,144.092219,6007421356226920359b5f3e,6899c7d7c4c961a016830ad3,6899c9b198c77f2e0d49d774,,,,,,,,,,,,,,,,,,,,,,,,,,,,,,,,,,,,,,,,,,,,,,,,,,,,,,,,,,,,,,,,,,,,,,,,,,,,,,,,,,,939.454,939.455,,,,939.455,959.454,,,,,,,,,,,,,,,,,,,,,,,,,,,,,,,,,,,,,,,,,,,,,,,,,,,,,,,,,,,,,,,,,,,,,,,,,,,,,,,,,,,,,,,,,,,,,,,,,,,,,
,,6007421356226920359b5f3e,2025-08-11_11h58.11.883,CFMT_CCMT_Face_recognition,03.02.2023,Win32,144.092219,6007421356226920359b5f3e,6899c7d7c4c961a016830ad3,6899c9b198c77f2e0d49d774,,,,,,,,,,,,,,,,,,,,,,,,,,,,,,,,,,,,,,,,,,,,,,,,,,,,,,,,,,,,,,,,,,,,,,,,,,,,,,,,,,,,,,,,,,959.463,961.606,961.606,964.781,964.784,967.779,967.779,968.279,0,0,0,0,1,stimuli_car/prac_v1.jpg,,,,,,,,,,,,,,,,,,,,,,,,,,,,,,,,,,,,,,,,,,,,,,,,,,,,,,,,,,,,,,,,,,,,,,,,,,,,,,,,,,,,,,,
,,6007421356226920359b5f3e,2025-08-11_11h58.11.883,CFMT_CCMT_Face_recognition,03.02.2023,Win32,144.092219,6007421356226920359b5f3e,6899c7d7c4c961a016830ad3,6899c9b198c77f2e0d49d774,,,,,,,,,,,,,,,,,,,,,,,,,,,,,,,,,,,,,,,,,,,,,,,,,,,,,,,,,,,,,,,,,,,,,,,,,,,,,,,,,,,,,,,,,,,,,,968.279,971.278,971.278,971.778,0,1,1,1,1,stimuli_car/prac_v2.jpg,,,,,,,,,,,,,,,,,,,,,,,,,,,,,,,,,,,,,,,,,,,,,,,,,,,,,,,,,,,,,,,,,,,,,,,,,,,,,,,,,,,,,,,
,,6007421356226920359b5f3e,2025-08-11_11h58.11.883,CFMT_CCMT_Face_recognition,03.02.2023,Win32,144.092219,6007421356226920359b5f3e,6899c7d7c4c961a016830ad3,6899c9b198c77f2e0d49d774,,,,,,,,,,,,,,,,,,,,,,,,,,,,,,,,,,,,,,,,,,,,,,,,,,,,,,,,,,,,,,,,,,,,,,,,,,,,,,,,,,,,,,,,,,,,,,971.778,974.777,974.778,975.277,0,2,2,2,1,stimuli_car/prac_v3.jpg,,,,,,,,,,,,,,,,,,,,,,,,,,,,,,,,,,,,,,,,,,,,,,,,,,,,,,,,,,,,,,,,,,,,,,,,,,,,,,,,,,,,,,,
,,6007421356226920359b5f3e,2025-08-11_11h58.11.883,CFMT_CCMT_Face_recognition,03.02.2023,Win32,144.092219,6007421356226920359b5f3e,6899c7d7c4c961a016830ad3,6899c9b198c77f2e0d49d774,,,,,,,,,,,,,,,,,,,,,,,,,,,,,,,,,,,,,,,,,,,,,,,,,,,,,,,,,,,,,,,,,,,,,,,,,,,,,,,,,,,,,,,,,,,,,,,,981.116,981.616,,,,,,,975.281,981.116,1,1,5.831,,0,0,0,0,1,stimuli_car/practice_v1.jpg,1,,,,,,,,,,,,,,,,,,,,,,,,,,,,,,,,,,,,,,,,,,,,,,,,,,,,,,,,,,,,,,,,,,,,,,,,,,
,,6007421356226920359b5f3e,2025-08-11_11h58.11.883,CFMT_CCMT_Face_recognition,03.02.2023,Win32,144.092219,6007421356226920359b5f3e,6899c7d7c4c961a016830ad3,6899c9b198c77f2e0d49d774,,,,,,,,,,,,,,,,,,,,,,,,,,,,,,,,,,,,,,,,,,,,,,,,,,,,,,,,,,,,,,,,,,,,,,,,,,,,,,,,,,,,,,,,,,,,,,,,984.414,984.914,,,,,,,981.616,984.414,1,1,2.795,,0,1,1,1,1,stimuli_car/practice_v3.jpg,1,,,,,,,,,,,,,,,,,,,,,,,,,,,,,,,,,,,,,,,,,,,,,,,,,,,,,,,,,,,,,,,,,,,,,,,,,,
,,6007421356226920359b5f3e,2025-08-11_11h58.11.883,CFMT_CCMT_Face_recognition,03.02.2023,Win32,144.092219,6007421356226920359b5f3e,6899c7d7c4c961a016830ad3,6899c9b198c77f2e0d49d774,,,,,,,,,,,,,,,,,,,,,,,,,,,,,,,,,,,,,,,,,,,,,,,,,,,,,,,,,,,,,,,,,,,,,,,,,,,,,,,,,,,,,,,,,,,,,,,,987.289,987.789,,,,,,,984.915,987.289,2,1,2.373,,0,2,2,2,1,stimuli_car/practice_v2.jpg,2,,,,,,,,,,,,,,,,,,,,,,,,,,,,,,,,,,,,,,,,,,,,,,,,,,,,,,,,,,,,,,,,,,,,,,,,,,
,,6007421356226920359b5f3e,2025-08-11_11h58.11.883,CFMT_CCMT_Face_recognition,03.02.2023,Win32,144.092219,6007421356226920359b5f3e,6899c7d7c4c961a016830ad3,6899c9b198c77f2e0d49d774,,,,,,,,,,,,,,,,,,,,,,,,,,,,,,,,,,,,,,,,,,,,,,,,,,,,,,,,,,,,,,,,,,,,,,,,,,,,,,,,,,,,,,,,,,,,,,,,996.954,997.454,,,,,,,,,,,,,,,,,,,,987.789,991.699,991.705,993.454,993.955,996.954,0,0,0,0,1,stimuli_car/Slide1.jpg,stimuli_car/Slide4.jpg,3,,,,,,,,,,,,,,,,,,,,,,,,,,,,,,,,,,,,,,,,,,,,,,,,,,,,,,,,,,,,
,,6007421356226920359b5f3e,2025-08-11_11h58.11.883,CFMT_CCMT_Face_recognition,03.02.2023,Win32,144.092219,6007421356226920359b5f3e,6899c7d7c4c961a016830ad3,6899c9b198c77f2e0d49d774,,,,,,,,,,,,,,,,,,,,,,,,,,,,,,,,,,,,,,,,,,,,,,,,,,,,,,,,,,,,,,,,,,,,,,,,,,,,,,,,,,,,,,,,,,,,,,,,1000.952,1001.452,,,,,,,,,,,,,,,,,,,,,,,,997.954,1000.952,0,1,1,1,1,stimuli_car/Slide2.jpg,stimuli_car/Slide5.jpg,3,,,,,,,,,,,,,,,,,,,,,,,,,,,,,,,,,,,,,,,,,,,,,,,,,,,,,,,,,,,,
,,6007421356226920359b5f3e,2025-08-11_11h58.11.883,CFMT_CCMT_Face_recognition,03.02.2023,Win32,144.092219,6007421356226920359b5f3e,6899c7d7c4c961a016830ad3,6899c9b198c77f2e0d49d774,,,,,,,,,,,,,,,,,,,,,,,,,,,,,,,,,,,,,,,,,,,,,,,,,,,,,,,,,,,,,,,,,,,,,,,,,,,,,,,,,,,,,,,,,,,,,,,,1004.952,1005.452,,,,,,,,,,,,,,,,,,,,,,,,1001.952,1004.952,0,2,2,2,1,stimuli_car/Slide3.jpg,stimuli_car/Slide6.jpg,2,,,,,,,,,,,,,,,,,,,,,,,,,,,,,,,,,,,,,,,,,,,,,,,,,,,,,,,,,,,,
,,6007421356226920359b5f3e,2025-08-11_11h58.11.883,CFMT_CCMT_Face_recognition,03.02.2023,Win32,144.092219,6007421356226920359b5f3e,6899c7d7c4c961a016830ad3,6899c9b198c77f2e0d49d774,,,,,,,,,,,,,,,,,,,,,,,,,,,,,,,,,,,,,,,,,,,,,,,,,,,,,,,,,,,,,,,,,,,,,,,,,,,,,,,,,,,,,,,,,,,,,,,,1010.437,1010.936,,,,,,,,,,,,,,,,,,,,,,,,,,,,,,,stimuli_car/Slide1.jpg,stimuli_car/Slide4.jpg,3,1005.455,1010.437,3,1,4.969,,0,0,0,0,1,,,,,,,,,,,,,,,,,,,,,,,,,,,,,,,,,,,,,,,,,,,,,,,,,
,,6007421356226920359b5f3e,2025-08-11_11h58.11.883,CFMT_CCMT_Face_recognition,03.02.2023,Win32,144.092219,6007421356226920359b5f3e,6899c7d7c4c961a016830ad3,6899c9b198c77f2e0d49d774,,,,,,,,,,,,,,,,,,,,,,,,,,,,,,,,,,,,,,,,,,,,,,,,,,,,,,,,,,,,,,,,,,,,,,,,,,,,,,,,,,,,,,,,,,,,,,,,1014.728,1015.228,,,,,,,,,,,,,,,,,,,,,,,,,,,,,,,stimuli_car/Slide2.jpg,stimuli_car/Slide5.jpg,3,1010.937,1014.728,3,1,3.778,,0,1,1,1,1,,,,,,,,,,,,,,,,,,,,,,,,,,,,,,,,,,,,,,,,,,,,,,,,,
,,6007421356226920359b5f3e,2025-08-11_11h58.11.883,CFMT_CCMT_Face_recognition,03.02.2023,Win32,144.092219,6007421356226920359b5f3e,6899c7d7c4c961a016830ad3,6899c9b198c77f2e0d49d774,,,,,,,,,,,,,,,,,,,,,,,,,,,,,,,,,,,,,,,,,,,,,,,,,,,,,,,,,,,,,,,,,,,,,,,,,,,,,,,,,,,,,,,,,,,,,,,,1019.394,1019.893,,,,,,,,,,,,,,,,,,,,,,,,,,,,,,,stimuli_car/Slide3.jpg,stimuli_car/Slide6.jpg,2,1015.229,1019.393,2,1,4.153,,0,2,2,2,1,,,,,,,,,,,,,,,,,,,,,,,,,,,,,,,,,,,,,,,,,,,,,,,,,
,,6007421356226920359b5f3e,2025-08-11_11h58.11.883,CFMT_CCMT_Face_recognition,03.02.2023,Win32,144.092219,6007421356226920359b5f3e,6899c7d7c4c961a016830ad3,6899c9b198c77f2e0d49d774,,,,,,,,,,,,,,,,,,,,,,,,,,,,,,,,,,,,,,,,,,,,,,,,,,,,,,,,,,,,,,,,,,,,,,,,,,,,,,,,,,,,,,,,,,,,,,,,1038.967,1039.467,,,,,,,,,,,,,,,,,,,,,,1019.894,1035.462,1035.967,1038.966,0,0,0,0,1,stimuli_car/Slide7.jpg,stimuli_car/Slide10.jpg,1,,,,,,,,,,,,,,,,,,,,,,,,,,,,,,,,,,,,,,,,,,,,,,,,,,,,,,,,,,,,
,,6007421356226920359b5f3e,2025-08-11_11h58.11.883,CFMT_CCMT_Face_recognition,03.02.2023,Win32,144.092219,6007421356226920359b5f3e,6899c7d7c4c961a016830ad3,6899c9b198c77f2e0d49d774,,,,,,,,,,,,,,,,,,,,,,,,,,,,,,,,,,,,,,,,,,,,,,,,,,,,,,,,,,,,,,,,,,,,,,,,,,,,,,,,,,,,,,,,,,,,,,,,1042.966,1043.466,,,,,,,,,,,,,,,,,,,,,,,,1039.967,1042.966,0,1,1,1,1,stimuli_car/Slide8.jpg,stimuli_car/Slide11.jpg,2,,,,,,,,,,,,,,,,,,,,,,,,,,,,,,,,,,,,,,,,,,,,,,,,,,,,,,,,,,,,
,,6007421356226920359b5f3e,2025-08-11_11h58.11.883,CFMT_CCMT_Face_recognition,03.02.2023,Win32,144.092219,6007421356226920359b5f3e,6899c7d7c4c961a016830ad3,6899c9b198c77f2e0d49d774,,,,,,,,,,,,,,,,,,,,,,,,,,,,,,,,,,,,,,,,,,,,,,,,,,,,,,,,,,,,,,,,,,,,,,,,,,,,,,,,,,,,,,,,,,,,,,,,1046.966,1047.464,,,,,,,,,,,,,,,,,,,,,,,,1043.967,1046.966,0,2,2,2,1,stimuli_car/Slide9.jpg,stimuli_car/Slide12.jpg,1,,,,,,,,,,,,,,,,,,,,,,,,,,,,,,,,,,,,,,,,,,,,,,,,,,,,,,,,,,,,
,,6007421356226920359b5f3e,2025-08-11_11h58.11.883,CFMT_CCMT_Face_recognition,03.02.2023,Win32,144.092219,6007421356226920359b5f3e,6899c7d7c4c961a016830ad3,6899c9b198c77f2e0d49d774,,,,,,,,,,,,,,,,,,,,,,,,,,,,,,,,,,,,,,,,,,,,,,,,,,,,,,,,,,,,,,,,,,,,,,,,,,,,,,,,,,,,,,,,,,,,,,,,1051.034,1051.533,,,,,,,,,,,,,,,,,,,,,,,,,,,,,,,stimuli_car/Slide7.jpg,stimuli_car/Slide10.jpg,1,1047.468,1051.033,3,0,3.554,,0,0,0,0,1,,,,,,,,,,,,,,,,,,,,,,,,,,,,,,,,,,,,,,,,,,,,,,,,,
,,6007421356226920359b5f3e,2025-08-11_11h58.11.883,CFMT_CCMT_Face_recognition,03.02.2023,Win32,144.092219,6007421356226920359b5f3e,6899c7d7c4c961a016830ad3,6899c9b198c77f2e0d49d774,,,,,,,,,,,,,,,,,,,,,,,,,,,,,,,,,,,,,,,,,,,,,,,,,,,,,,,,,,,,,,,,,,,,,,,,,,,,,,,,,,,,,,,,,,,,,,,,1056.089,1056.588,,,,,,,,,,,,,,,,,,,,,,,,,,,,,,,stimuli_car/Slide8.jpg,stimuli_car/Slide11.jpg,2,1051.534,1056.089,1,0,4.544,,0,1,1,1,1,,,,,,,,,,,,,,,,,,,,,,,,,,,,,,,,,,,,,,,,,,,,,,,,,
,,6007421356226920359b5f3e,2025-08-11_11h58.11.883,CFMT_CCMT_Face_recognition,03.02.2023,Win32,144.092219,6007421356226920359b5f3e,6899c7d7c4c961a016830ad3,6899c9b198c77f2e0d49d774,,,,,,,,,,,,,,,,,,,,,,,,,,,,,,,,,,,,,,,,,,,,,,,,,,,,,,,,,,,,,,,,,,,,,,,,,,,,,,,,,,,,,,,,,,,,,,,,1060.49,1060.99,,,,,,,,,,,,,,,,,,,,,,,,,,,,,,,stimuli_car/Slide9.jpg,stimuli_car/Slide12.jpg,1,1056.588,1060.49,1,1,3.893,,0,2,2,2,1,,,,,,,,,,,,,,,,,,,,,,,,,,,,,,,,,,,,,,,,,,,,,,,,,
,,6007421356226920359b5f3e,2025-08-11_11h58.11.883,CFMT_CCMT_Face_recognition,03.02.2023,Win32,144.092219,6007421356226920359b5f3e,6899c7d7c4c961a016830ad3,6899c9b198c77f2e0d49d774,,,,,,,,,,,,,,,,,,,,,,,,,,,,,,,,,,,,,,,,,,,,,,,,,,,,,,,,,,,,,,,,,,,,,,,,,,,,,,,,,,,,,,,,,,,,,,,,1065.288,1065.788,,,,,,,,,,,,,,,,,,,,,,1060.99,1061.789,1062.288,1065.288,0,0,0,0,1,stimuli_car/Slide13.jpg,stimuli_car/Slide16.jpg,3,,,,,,,,,,,,,,,,,,,,,,,,,,,,,,,,,,,,,,,,,,,,,,,,,,,,,,,,,,,,
,,6007421356226920359b5f3e,2025-08-11_11h58.11.883,CFMT_CCMT_Face_recognition,03.02.2023,Win32,144.092219,6007421356226920359b5f3e,6899c7d7c4c961a016830ad3,6899c9b198c77f2e0d49d774,,,,,,,,,,,,,,,,,,,,,,,,,,,,,,,,,,,,,,,,,,,,,,,,,,,,,,,,,,,,,,,,,,,,,,,,,,,,,,,,,,,,,,,,,,,,,,,,1069.289,1069.787,,,,,,,,,,,,,,,,,,,,,,,,1066.288,1069.287,0,1,1,1,1,stimuli_car/Slide14.jpg,stimuli_car/Slide17.jpg,1,,,,,,,,,,,,,,,,,,,,,,,,,,,,,,,,,,,,,,,,,,,,,,,,,,,,,,,,,,,,
,,6007421356226920359b5f3e,2025-08-11_11h58.11.883,CFMT_CCMT_Face_recognition,03.02.2023,Win32,144.092219,6007421356226920359b5f3e,6899c7d7c4c961a016830ad3,6899c9b198c77f2e0d49d774,,,,,,,,,,,,,,,,,,,,,,,,,,,,,,,,,,,,,,,,,,,,,,,,,,,,,,,,,,,,,,,,,,,,,,,,,,,,,,,,,,,,,,,,,,,,,,,,1073.287,1073.787,,,,,,,,,,,,,,,,,,,,,,,,1070.287,1073.287,0,2,2,2,1,stimuli_car/Slide15.jpg,stimuli_car/Slide18.jpg,2,,,,,,,,,,,,,,,,,,,,,,,,,,,,,,,,,,,,,,,,,,,,,,,,,,,,,,,,,,,,
,,6007421356226920359b5f3e,2025-08-11_11h58.11.883,CFMT_CCMT_Face_recognition,03.02.2023,Win32,144.092219,6007421356226920359b5f3e,6899c7d7c4c961a016830ad3,6899c9b198c77f2e0d49d774,,,,,,,,,,,,,,,,,,,,,,,,,,,,,,,,,,,,,,,,,,,,,,,,,,,,,,,,,,,,,,,,,,,,,,,,,,,,,,,,,,,,,,,,,,,,,,,,1076.917,1077.419,,,,,,,,,,,,,,,,,,,,,,,,,,,,,,,stimuli_car/Slide13.jpg,stimuli_car/Slide16.jpg,3,1073.793,1076.917,3,1,3.115,,0,0,0,0,1,,,,,,,,,,,,,,,,,,,,,,,,,,,,,,,,,,,,,,,,,,,,,,,,,
,,6007421356226920359b5f3e,2025-08-11_11h58.11.883,CFMT_CCMT_Face_recognition,03.02.2023,Win32,144.092219,6007421356226920359b5f3e,6899c7d7c4c961a016830ad3,6899c9b198c77f2e0d49d774,,,,,,,,,,,,,,,,,,,,,,,,,,,,,,,,,,,,,,,,,,,,,,,,,,,,,,,,,,,,,,,,,,,,,,,,,,,,,,,,,,,,,,,,,,,,,,,,1080.069,1080.569,,,,,,,,,,,,,,,,,,,,,,,,,,,,,,,stimuli_car/Slide14.jpg,stimuli_car/Slide17.jpg,1,1077.419,1080.069,1,1,2.64,,0,1,1,1,1,,,,,,,,,,,,,,,,,,,,,,,,,,,,,,,,,,,,,,,,,,,,,,,,,
,,6007421356226920359b5f3e,2025-08-11_11h58.11.883,CFMT_CCMT_Face_recognition,03.02.2023,Win32,144.092219,6007421356226920359b5f3e,6899c7d7c4c961a016830ad3,6899c9b198c77f2e0d49d774,,,,,,,,,,,,,,,,,,,,,,,,,,,,,,,,,,,,,,,,,,,,,,,,,,,,,,,,,,,,,,,,,,,,,,,,,,,,,,,,,,,,,,,,,,,,,,,,1083.402,1083.902,,,,,,,,,,,,,,,,,,,,,,,,,,,,,,,stimuli_car/Slide15.jpg,stimuli_car/Slide18.jpg,2,1080.57,1083.402,2,1,2.822,,0,2,2,2,1,,,,,,,,,,,,,,,,,,,,,,,,,,,,,,,,,,,,,,,,,,,,,,,,,
,,6007421356226920359b5f3e,2025-08-11_11h58.11.883,CFMT_CCMT_Face_recognition,03.02.2023,Win32,144.092219,6007421356226920359b5f3e,6899c7d7c4c961a016830ad3,6899c9b198c77f2e0d49d774,,,,,,,,,,,,,,,,,,,,,,,,,,,,,,,,,,,,,,,,,,,,,,,,,,,,,,,,,,,,,,,,,,,,,,,,,,,,,,,,,,,,,,,,,,,,,,,,1088.166,1088.665,,,,,,,,,,,,,,,,,,,,,,1083.903,1084.666,1085.166,1088.166,0,0,0,0,1,stimuli_car/Slide19.jpg,stimuli_car/Slide22.jpg,2,,,,,,,,,,,,,,,,,,,,,,,,,,,,,,,,,,,,,,,,,,,,,,,,,,,,,,,,,,,,
,,6007421356226920359b5f3e,2025-08-11_11h58.11.883,CFMT_CCMT_Face_recognition,03.02.2023,Win32,144.092219,6007421356226920359b5f3e,6899c7d7c4c961a016830ad3,6899c9b198c77f2e0d49d774,,,,,,,,,,,,,,,,,,,,,,,,,,,,,,,,,,,,,,,,,,,,,,,,,,,,,,,,,,,,,,,,,,,,,,,,,,,,,,,,,,,,,,,,,,,,,,,,1092.165,1092.664,,,,,,,,,,,,,,,,,,,,,,,,1089.165,1092.165,0,1,1,1,1,stimuli_car/Slide20.jpg,stimuli_car/Slide23.jpg,2,,,,,,,,,,,,,,,,,,,,,,,,,,,,,,,,,,,,,,,,,,,,,,,,,,,,,,,,,,,,
,,6007421356226920359b5f3e,2025-08-11_11h58.11.883,CFMT_CCMT_Face_recognition,03.02.2023,Win32,144.092219,6007421356226920359b5f3e,6899c7d7c4c961a016830ad3,6899c9b198c77f2e0d49d774,,,,,,,,,,,,,,,,,,,,,,,,,,,,,,,,,,,,,,,,,,,,,,,,,,,,,,,,,,,,,,,,,,,,,,,,,,,,,,,,,,,,,,,,,,,,,,,,1096.164,1096.664,,,,,,,,,,,,,,,,,,,,,,,,1093.164,1096.164,0,2,2,2,1,stimuli_car/Slide21.jpg,stimuli_car/Slide24.jpg,3,,,,,,,,,,,,,,,,,,,,,,,,,,,,,,,,,,,,,,,,,,,,,,,,,,,,,,,,,,,,
,,6007421356226920359b5f3e,2025-08-11_11h58.11.883,CFMT_CCMT_Face_recognition,03.02.2023,Win32,144.092219,6007421356226920359b5f3e,6899c7d7c4c961a016830ad3,6899c9b198c77f2e0d49d774,,,,,,,,,,,,,,,,,,,,,,,,,,,,,,,,,,,,,,,,,,,,,,,,,,,,,,,,,,,,,,,,,,,,,,,,,,,,,,,,,,,,,,,,,,,,,,,,1101.76,1102.26,,,,,,,,,,,,,,,,,,,,,,,,,,,,,,,stimuli_car/Slide19.jpg,stimuli_car/Slide22.jpg,2,1096.666,1101.76,2,1,5.083,,0,0,0,0,1,,,,,,,,,,,,,,,,,,,,,,,,,,,,,,,,,,,,,,,,,,,,,,,,,
,,6007421356226920359b5f3e,2025-08-11_11h58.11.883,CFMT_CCMT_Face_recognition,03.02.2023,Win32,144.092219,6007421356226920359b5f3e,6899c7d7c4c961a016830ad3,6899c9b198c77f2e0d49d774,,,,,,,,,,,,,,,,,,,,,,,,,,,,,,,,,,,,,,,,,,,,,,,,,,,,,,,,,,,,,,,,,,,,,,,,,,,,,,,,,,,,,,,,,,,,,,,,1106.134,1106.634,,,,,,,,,,,,,,,,,,,,,,,,,,,,,,,stimuli_car/Slide20.jpg,stimuli_car/Slide23.jpg,2,1102.262,1106.134,2,1,3.862,,0,1,1,1,1,,,,,,,,,,,,,,,,,,,,,,,,,,,,,,,,,,,,,,,,,,,,,,,,,
,,6007421356226920359b5f3e,2025-08-11_11h58.11.883,CFMT_CCMT_Face_recognition,03.02.2023,Win32,144.092219,6007421356226920359b5f3e,6899c7d7c4c961a016830ad3,6899c9b198c77f2e0d49d774,,,,,,,,,,,,,,,,,,,,,,,,,,,,,,,,,,,,,,,,,,,,,,,,,,,,,,,,,,,,,,,,,,,,,,,,,,,,,,,,,,,,,,,,,,,,,,,,1109.599,1110.099,,,,,,,,,,,,,,,,,,,,,,,,,,,,,,,stimuli_car/Slide21.jpg,stimuli_car/Slide24.jpg,3,1106.634,1109.599,3,1,2.952,,0,2,2,2,1,,,,,,,,,,,,,,,,,,,,,,,,,,,,,,,,,,,,,,,,,,,,,,,,,
,,6007421356226920359b5f3e,2025-08-11_11h58.11.883,CFMT_CCMT_Face_recognition,03.02.2023,Win32,144.092219,6007421356226920359b5f3e,6899c7d7c4c961a016830ad3,6899c9b198c77f2e0d49d774,,,,,,,,,,,,,,,,,,,,,,,,,,,,,,,,,,,,,,,,,,,,,,,,,,,,,,,,,,,,,,,,,,,,,,,,,,,,,,,,,,,,,,,,,,,,,,,,1114.522,1115.022,,,,,,,,,,,,,,,,,,,,,,1110.099,1111.022,1111.529,1114.522,0,0,0,0,1,stimuli_car/Slide25.jpg,stimuli_car/Slide28.jpg,2,,,,,,,,,,,,,,,,,,,,,,,,,,,,,,,,,,,,,,,,,,,,,,,,,,,,,,,,,,,,
,,6007421356226920359b5f3e,2025-08-11_11h58.11.883,CFMT_CCMT_Face_recognition,03.02.2023,Win32,144.092219,6007421356226920359b5f3e,6899c7d7c4c961a016830ad3,6899c9b198c77f2e0d49d774,,,,,,,,,,,,,,,,,,,,,,,,,,,,,,,,,,,,,,,,,,,,,,,,,,,,,,,,,,,,,,,,,,,,,,,,,,,,,,,,,,,,,,,,,,,,,,,,1118.521,1119.02,,,,,,,,,,,,,,,,,,,,,,,,1115.522,1118.521,0,1,1,1,1,stimuli_car/Slide26.jpg,stimuli_car/Slide29.jpg,1,,,,,,,,,,,,,,,,,,,,,,,,,,,,,,,,,,,,,,,,,,,,,,,,,,,,,,,,,,,,
,,6007421356226920359b5f3e,2025-08-11_11h58.11.883,CFMT_CCMT_Face_recognition,03.02.2023,Win32,144.092219,6007421356226920359b5f3e,6899c7d7c4c961a016830ad3,6899c9b198c77f2e0d49d774,,,,,,,,,,,,,,,,,,,,,,,,,,,,,,,,,,,,,,,,,,,,,,,,,,,,,,,,,,,,,,,,,,,,,,,,,,,,,,,,,,,,,,,,,,,,,,,,1122.52,1123.02,,,,,,,,,,,,,,,,,,,,,,,,1119.52,1122.52,0,2,2,2,1,stimuli_car/Slide27.jpg,stimuli_car/Slide30.jpg,3,,,,,,,,,,,,,,,,,,,,,,,,,,,,,,,,,,,,,,,,,,,,,,,,,,,,,,,,,,,,
,,6007421356226920359b5f3e,2025-08-11_11h58.11.883,CFMT_CCMT_Face_recognition,03.02.2023,Win32,144.092219,6007421356226920359b5f3e,6899c7d7c4c961a016830ad3,6899c9b198c77f2e0d49d774,,,,,,,,,,,,,,,,,,,,,,,,,,,,,,,,,,,,,,,,,,,,,,,,,,,,,,,,,,,,,,,,,,,,,,,,,,,,,,,,,,,,,,,,,,,,,,,,1125.728,1126.228,,,,,,,,,,,,,,,,,,,,,,,,,,,,,,,stimuli_car/Slide25.jpg,stimuli_car/Slide28.jpg,2,1123.023,1125.728,2,1,2.693,,0,0,0,0,1,,,,,,,,,,,,,,,,,,,,,,,,,,,,,,,,,,,,,,,,,,,,,,,,,
,,6007421356226920359b5f3e,2025-08-11_11h58.11.883,CFMT_CCMT_Face_recognition,03.02.2023,Win32,144.092219,6007421356226920359b5f3e,6899c7d7c4c961a016830ad3,6899c9b198c77f2e0d49d774,,,,,,,,,,,,,,,,,,,,,,,,,,,,,,,,,,,,,,,,,,,,,,,,,,,,,,,,,,,,,,,,,,,,,,,,,,,,,,,,,,,,,,,,,,,,,,,,1128.602,1129.102,,,,,,,,,,,,,,,,,,,,,,,,,,,,,,,stimuli_car/Slide26.jpg,stimuli_car/Slide29.jpg,1,1126.228,1128.602,1,1,2.363,,0,1,1,1,1,,,,,,,,,,,,,,,,,,,,,,,,,,,,,,,,,,,,,,,,,,,,,,,,,
,,6007421356226920359b5f3e,2025-08-11_11h58.11.883,CFMT_CCMT_Face_recognition,03.02.2023,Win32,144.092219,6007421356226920359b5f3e,6899c7d7c4c961a016830ad3,6899c9b198c77f2e0d49d774,,,,,,,,,,,,,,,,,,,,,,,,,,,,,,,,,,,,,,,,,,,,,,,,,,,,,,,,,,,,,,,,,,,,,,,,,,,,,,,,,,,,,,,,,,,,,,,,1131.567,1132.067,,,,,,,,,,,,,,,,,,,,,,,,,,,,,,,stimuli_car/Slide27.jpg,stimuli_car/Slide30.jpg,3,1129.102,1131.567,3,1,2.453,,0,2,2,2,1,,,,,,,,,,,,,,,,,,,,,,,,,,,,,,,,,,,,,,,,,,,,,,,,,
,,6007421356226920359b5f3e,2025-08-11_11h58.11.883,CFMT_CCMT_Face_recognition,03.02.2023,Win32,144.092219,6007421356226920359b5f3e,6899c7d7c4c961a016830ad3,6899c9b198c77f2e0d49d774,,,,,,,,,,,,,,,,,,,,,,,,,,,,,,,,,,,,,,,,,,,,,,,,,,,,,,,,,,,,,,,,,,,,,,,,,,,,,,,,,,,,,,,,,,,,,,,,1136.593,1137.094,,,,,,,,,,,,,,,,,,,,,,1132.067,1133.094,1133.595,1136.593,0,0,0,0,1,stimuli_car/Slide31.jpg,stimuli_car/Slide34.jpg,1,,,,,,,,,,,,,,,,,,,,,,,,,,,,,,,,,,,,,,,,,,,,,,,,,,,,,,,,,,,,
,,6007421356226920359b5f3e,2025-08-11_11h58.11.883,CFMT_CCMT_Face_recognition,03.02.2023,Win32,144.092219,6007421356226920359b5f3e,6899c7d7c4c961a016830ad3,6899c9b198c77f2e0d49d774,,,,,,,,,,,,,,,,,,,,,,,,,,,,,,,,,,,,,,,,,,,,,,,,,,,,,,,,,,,,,,,,,,,,,,,,,,,,,,,,,,,,,,,,,,,,,,,,1140.592,1141.093,,,,,,,,,,,,,,,,,,,,,,,,1137.594,1140.592,0,1,1,1,1,stimuli_car/Slide32.jpg,stimuli_car/Slide35.jpg,2,,,,,,,,,,,,,,,,,,,,,,,,,,,,,,,,,,,,,,,,,,,,,,,,,,,,,,,,,,,,
,,6007421356226920359b5f3e,2025-08-11_11h58.11.883,CFMT_CCMT_Face_recognition,03.02.2023,Win32,144.092219,6007421356226920359b5f3e,6899c7d7c4c961a016830ad3,6899c9b198c77f2e0d49d774,,,,,,,,,,,,,,,,,,,,,,,,,,,,,,,,,,,,,,,,,,,,,,,,,,,,,,,,,,,,,,,,,,,,,,,,,,,,,,,,,,,,,,,,,,,,,,,,1144.594,1145.092,,,,,,,,,,,,,,,,,,,,,,,,1141.593,1144.594,0,2,2,2,1,stimuli_car/Slide33.jpg,stimuli_car/Slide36.jpg,3,,,,,,,,,,,,,,,,,,,,,,,,,,,,,,,,,,,,,,,,,,,,,,,,,,,,,,,,,,,,
,,6007421356226920359b5f3e,2025-08-11_11h58.11.883,CFMT_CCMT_Face_recognition,03.02.2023,Win32,144.092219,6007421356226920359b5f3e,6899c7d7c4c961a016830ad3,6899c9b198c77f2e0d49d774,,,,,,,,,,,,,,,,,,,,,,,,,,,,,,,,,,,,,,,,,,,,,,,,,,,,,,,,,,,,,,,,,,,,,,,,,,,,,,,,,,,,,,,,,,,,,,,,1147.793,1148.292,,,,,,,,,,,,,,,,,,,,,,,,,,,,,,,stimuli_car/Slide31.jpg,stimuli_car/Slide34.jpg,1,1145.098,1147.793,1,1,2.684,,0,0,0,0,1,,,,,,,,,,,,,,,,,,,,,,,,,,,,,,,,,,,,,,,,,,,,,,,,,
,,6007421356226920359b5f3e,2025-08-11_11h58.11.883,CFMT_CCMT_Face_recognition,03.02.2023,Win32,144.092219,6007421356226920359b5f3e,6899c7d7c4c961a016830ad3,6899c9b198c77f2e0d49d774,,,,,,,,,,,,,,,,,,,,,,,,,,,,,,,,,,,,,,,,,,,,,,,,,,,,,,,,,,,,,,,,,,,,,,,,,,,,,,,,,,,,,,,,,,,,,,,,1150.334,1150.834,,,,,,,,,,,,,,,,,,,,,,,,,,,,,,,stimuli_car/Slide32.jpg,stimuli_car/Slide35.jpg,2,1148.293,1150.334,2,1,2.032,,0,1,1,1,1,,,,,,,,,,,,,,,,,,,,,,,,,,,,,,,,,,,,,,,,,,,,,,,,,
,,6007421356226920359b5f3e,2025-08-11_11h58.11.883,CFMT_CCMT_Face_recognition,03.02.2023,Win32,144.092219,6007421356226920359b5f3e,6899c7d7c4c961a016830ad3,6899c9b198c77f2e0d49d774,,,,,,,,,,,,,,,,,,,,,,,,,,,,,,,,,,,,,,,,,,,,,,,,,,,,,,,,,,,,,,,,,,,,,,,,,,,,,,,,,,,,,,,,,,,,,,,,1153.063,1153.563,,,,,,,,,,,,,,,,,,,,,,,,,,,,,,,stimuli_car/Slide33.jpg,stimuli_car/Slide36.jpg,3,1150.834,1153.063,3,1,2.216,,0,2,2,2,1,,,,,,,,,,,,,,,,,,,,,,,,,,,,,,,,,,,,,,,,,,,,,,,,,
,,6007421356226920359b5f3e,2025-08-11_11h58.11.883,CFMT_CCMT_Face_recognition,03.02.2023,Win32,144.092219,6007421356226920359b5f3e,6899c7d7c4c961a016830ad3,6899c9b198c77f2e0d49d774,,,,,,,,,,,,,,,,,,,,,,,,,,,,,,,,,,,,,,,,,,,,,,,,,,,,,,,,,,,,,,,,,,,,,,,,,,,,,,,,,,,,,,,,,,,,,,,,1188.479,1188.975,,,,,,,,,,,,,,,,,,,,,,,,,,,,,,,,,,,,,,,,,,,,,1153.563,1157.194,1157.694,1177.691,1178.189,1183.404,1183.912,1183.913,1183.913,1183.913,1183.915,1188.479,2,1,4.555,,0,0,0,0,1,stimuli_car/Slide38.jpg,2,,,,,,,,,,,,,,,,,,,,,,,,,,
,,6007421356226920359b5f3e,2025-08-11_11h58.11.883,CFMT_CCMT_Face_recognition,03.02.2023,Win32,144.092219,6007421356226920359b5f3e,6899c7d7c4c961a016830ad3,6899c9b198c77f2e0d49d774,,,,,,,,,,,,,,,,,,,,,,,,,,,,,,,,,,,,,,,,,,,,,,,,,,,,,,,,,,,,,,,,,,,,,,,,,,,,,,,,,,,,,,,,,,,,,,,,1194.658,1195.158,,,,,,,,,,,,,,,,,,,,,,,,,,,,,,,,,,,,,,,,,,,,,,,,,,,,,,,1188.975,1194.658,1,1,5.673,,0,1,1,1,1,stimuli_car/Slide39.jpg,1,,,,,,,,,,,,,,,,,,,,,,,,,,
,,6007421356226920359b5f3e,2025-08-11_11h58.11.883,CFMT_CCMT_Face_recognition,03.02.2023,Win32,144.092219,6007421356226920359b5f3e,6899c7d7c4c961a016830ad3,6899c9b198c77f2e0d49d774,,,,,,,,,,,,,,,,,,,,,,,,,,,,,,,,,,,,,,,,,,,,,,,,,,,,,,,,,,,,,,,,,,,,,,,,,,,,,,,,,,,,,,,,,,,,,,,,1199.664,1200.165,,,,,,,,,,,,,,,,,,,,,,,,,,,,,,,,,,,,,,,,,,,,,,,,,,,,,,,1195.159,1199.664,1,1,4.493,,0,2,2,2,1,stimuli_car/Slide40.jpg,1,,,,,,,,,,,,,,,,,,,,,,,,,,
,,6007421356226920359b5f3e,2025-08-11_11h58.11.883,CFMT_CCMT_Face_recognition,03.02.2023,Win32,144.092219,6007421356226920359b5f3e,6899c7d7c4c961a016830ad3,6899c9b198c77f2e0d49d774,,,,,,,,,,,,,,,,,,,,,,,,,,,,,,,,,,,,,,,,,,,,,,,,,,,,,,,,,,,,,,,,,,,,,,,,,,,,,,,,,,,,,,,,,,,,,,,,1206.677,1207.177,,,,,,,,,,,,,,,,,,,,,,,,,,,,,,,,,,,,,,,,,,,,,,,,,,,,,,,1200.166,1206.677,3,1,6.498,,0,3,3,3,1,stimuli_car/Slide41.jpg,3,,,,,,,,,,,,,,,,,,,,,,,,,,
,,6007421356226920359b5f3e,2025-08-11_11h58.11.883,CFMT_CCMT_Face_recognition,03.02.2023,Win32,144.092219,6007421356226920359b5f3e,6899c7d7c4c961a016830ad3,6899c9b198c77f2e0d49d774,,,,,,,,,,,,,,,,,,,,,,,,,,,,,,,,,,,,,,,,,,,,,,,,,,,,,,,,,,,,,,,,,,,,,,,,,,,,,,,,,,,,,,,,,,,,,,,,1213.947,1214.446,,,,,,,,,,,,,,,,,,,,,,,,,,,,,,,,,,,,,,,,,,,,,,,,,,,,,,,1207.178,1213.947,2,1,6.757,,0,4,4,4,1,stimuli_car/Slide42.jpg,2,,,,,,,,,,,,,,,,,,,,,,,,,,
,,6007421356226920359b5f3e,2025-08-11_11h58.11.883,CFMT_CCMT_Face_recognition,03.02.2023,Win32,144.092219,6007421356226920359b5f3e,6899c7d7c4c961a016830ad3,6899c9b198c77f2e0d49d774,,,,,,,,,,,,,,,,,,,,,,,,,,,,,,,,,,,,,,,,,,,,,,,,,,,,,,,,,,,,,,,,,,,,,,,,,,,,,,,,,,,,,,,,,,,,,,,,1218.287,1218.786,,,,,,,,,,,,,,,,,,,,,,,,,,,,,,,,,,,,,,,,,,,,,,,,,,,,,,,1214.448,1218.287,3,0,3.825,,0,5,5,5,1,stimuli_car/Slide43.jpg,1,,,,,,,,,,,,,,,,,,,,,,,,,,
,,6007421356226920359b5f3e,2025-08-11_11h58.11.883,CFMT_CCMT_Face_recognition,03.02.2023,Win32,144.092219,6007421356226920359b5f3e,6899c7d7c4c961a016830ad3,6899c9b198c77f2e0d49d774,,,,,,,,,,,,,,,,,,,,,,,,,,,,,,,,,,,,,,,,,,,,,,,,,,,,,,,,,,,,,,,,,,,,,,,,,,,,,,,,,,,,,,,,,,,,,,,,1225.584,1226.084,,,,,,,,,,,,,,,,,,,,,,,,,,,,,,,,,,,,,,,,,,,,,,,,,,,,,,,1218.787,1225.584,3,1,6.785,,0,6,6,6,1,stimuli_car/Slide44.jpg,3,,,,,,,,,,,,,,,,,,,,,,,,,,
,,6007421356226920359b5f3e,2025-08-11_11h58.11.883,CFMT_CCMT_Face_recognition,03.02.2023,Win32,144.092219,6007421356226920359b5f3e,6899c7d7c4c961a016830ad3,6899c9b198c77f2e0d49d774,,,,,,,,,,,,,,,,,,,,,,,,,,,,,,,,,,,,,,,,,,,,,,,,,,,,,,,,,,,,,,,,,,,,,,,,,,,,,,,,,,,,,,,,,,,,,,,,1232.034,1232.534,,,,,,,,,,,,,,,,,,,,,,,,,,,,,,,,,,,,,,,,,,,,,,,,,,,,,,,1226.084,1232.034,1,1,5.939,,0,7,7,7,1,stimuli_car/Slide45.jpg,1,,,,,,,,,,,,,,,,,,,,,,,,,,
,,6007421356226920359b5f3e,2025-08-11_11h58.11.883,CFMT_CCMT_Face_recognition,03.02.2023,Win32,144.092219,6007421356226920359b5f3e,6899c7d7c4c961a016830ad3,6899c9b198c77f2e0d49d774,,,,,,,,,,,,,,,,,,,,,,,,,,,,,,,,,,,,,,,,,,,,,,,,,,,,,,,,,,,,,,,,,,,,,,,,,,,,,,,,,,,,,,,,,,,,,,,,1238.748,1239.249,,,,,,,,,,,,,,,,,,,,,,,,,,,,,,,,,,,,,,,,,,,,,,,,,,,,,,,1232.534,1238.748,1,1,6.202,,0,8,8,8,1,stimuli_car/Slide46.jpg,1,,,,,,,,,,,,,,,,,,,,,,,,,,
,,6007421356226920359b5f3e,2025-08-11_11h58.11.883,CFMT_CCMT_Face_recognition,03.02.2023,Win32,144.092219,6007421356226920359b5f3e,6899c7d7c4c961a016830ad3,6899c9b198c77f2e0d49d774,,,,,,,,,,,,,,,,,,,,,,,,,,,,,,,,,,,,,,,,,,,,,,,,,,,,,,,,,,,,,,,,,,,,,,,,,,,,,,,,,,,,,,,,,,,,,,,,1247.086,1247.586,,,,,,,,,,,,,,,,,,,,,,,,,,,,,,,,,,,,,,,,,,,,,,,,,,,,,,,1239.249,1247.086,1,0,7.826,,0,9,9,9,1,stimuli_car/Slide47.jpg,3,,,,,,,,,,,,,,,,,,,,,,,,,,
,,6007421356226920359b5f3e,2025-08-11_11h58.11.883,CFMT_CCMT_Face_recognition,03.02.2023,Win32,144.092219,6007421356226920359b5f3e,6899c7d7c4c961a016830ad3,6899c9b198c77f2e0d49d774,,,,,,,,,,,,,,,,,,,,,,,,,,,,,,,,,,,,,,,,,,,,,,,,,,,,,,,,,,,,,,,,,,,,,,,,,,,,,,,,,,,,,,,,,,,,,,,,1254.474,1254.973,,,,,,,,,,,,,,,,,,,,,,,,,,,,,,,,,,,,,,,,,,,,,,,,,,,,,,,1247.586,1254.474,1,0,6.876,,0,10,10,10,1,stimuli_car/Slide48.jpg,3,,,,,,,,,,,,,,,,,,,,,,,,,,
,,6007421356226920359b5f3e,2025-08-11_11h58.11.883,CFMT_CCMT_Face_recognition,03.02.2023,Win32,144.092219,6007421356226920359b5f3e,6899c7d7c4c961a016830ad3,6899c9b198c77f2e0d49d774,,,,,,,,,,,,,,,,,,,,,,,,,,,,,,,,,,,,,,,,,,,,,,,,,,,,,,,,,,,,,,,,,,,,,,,,,,,,,,,,,,,,,,,,,,,,,,,,1258.806,1259.306,,,,,,,,,,,,,,,,,,,,,,,,,,,,,,,,,,,,,,,,,,,,,,,,,,,,,,,1254.974,1258.806,3,1,3.818,,0,11,11,11,1,stimuli_car/Slide49.jpg,3,,,,,,,,,,,,,,,,,,,,,,,,,,
,,6007421356226920359b5f3e,2025-08-11_11h58.11.883,CFMT_CCMT_Face_recognition,03.02.2023,Win32,144.092219,6007421356226920359b5f3e,6899c7d7c4c961a016830ad3,6899c9b198c77f2e0d49d774,,,,,,,,,,,,,,,,,,,,,,,,,,,,,,,,,,,,,,,,,,,,,,,,,,,,,,,,,,,,,,,,,,,,,,,,,,,,,,,,,,,,,,,,,,,,,,,,1263.041,1263.542,,,,,,,,,,,,,,,,,,,,,,,,,,,,,,,,,,,,,,,,,,,,,,,,,,,,,,,1259.306,1263.041,3,0,3.724,,0,12,12,12,1,stimuli_car/Slide50.jpg,2,,,,,,,,,,,,,,,,,,,,,,,,,,
,,6007421356226920359b5f3e,2025-08-11_11h58.11.883,CFMT_CCMT_Face_recognition,03.02.2023,Win32,144.092219,6007421356226920359b5f3e,6899c7d7c4c961a016830ad3,6899c9b198c77f2e0d49d774,,,,,,,,,,,,,,,,,,,,,,,,,,,,,,,,,,,,,,,,,,,,,,,,,,,,,,,,,,,,,,,,,,,,,,,,,,,,,,,,,,,,,,,,,,,,,,,,1268.347,1268.845,,,,,,,,,,,,,,,,,,,,,,,,,,,,,,,,,,,,,,,,,,,,,,,,,,,,,,,1263.542,1268.346,2,1,4.793,,0,13,13,13,1,stimuli_car/Slide51.jpg,2,,,,,,,,,,,,,,,,,,,,,,,,,,
,,6007421356226920359b5f3e,2025-08-11_11h58.11.883,CFMT_CCMT_Face_recognition,03.02.2023,Win32,144.092219,6007421356226920359b5f3e,6899c7d7c4c961a016830ad3,6899c9b198c77f2e0d49d774,,,,,,,,,,,,,,,,,,,,,,,,,,,,,,,,,,,,,,,,,,,,,,,,,,,,,,,,,,,,,,,,,,,,,,,,,,,,,,,,,,,,,,,,,,,,,,,,1273.97,1274.47,,,,,,,,,,,,,,,,,,,,,,,,,,,,,,,,,,,,,,,,,,,,,,,,,,,,,,,1268.848,1273.97,3,1,5.11,,0,14,14,14,1,stimuli_car/Slide52.jpg,3,,,,,,,,,,,,,,,,,,,,,,,,,,
,,6007421356226920359b5f3e,2025-08-11_11h58.11.883,CFMT_CCMT_Face_recognition,03.02.2023,Win32,144.092219,6007421356226920359b5f3e,6899c7d7c4c961a016830ad3,6899c9b198c77f2e0d49d774,,,,,,,,,,,,,,,,,,,,,,,,,,,,,,,,,,,,,,,,,,,,,,,,,,,,,,,,,,,,,,,,,,,,,,,,,,,,,,,,,,,,,,,,,,,,,,,,1278.719,1279.219,,,,,,,,,,,,,,,,,,,,,,,,,,,,,,,,,,,,,,,,,,,,,,,,,,,,,,,1274.47,1278.719,2,1,4.237,,0,15,15,15,1,stimuli_car/Slide53.jpg,2,,,,,,,,,,,,,,,,,,,,,,,,,,
,,6007421356226920359b5f3e,2025-08-11_11h58.11.883,CFMT_CCMT_Face_recognition,03.02.2023,Win32,144.092219,6007421356226920359b5f3e,6899c7d7c4c961a016830ad3,6899c9b198c77f2e0d49d774,,,,,,,,,,,,,,,,,,,,,,,,,,,,,,,,,,,,,,,,,,,,,,,,,,,,,,,,,,,,,,,,,,,,,,,,,,,,,,,,,,,,,,,,,,,,,,,,1285.483,1285.981,,,,,,,,,,,,,,,,,,,,,,,,,,,,,,,,,,,,,,,,,,,,,,,,,,,,,,,1279.22,1285.483,1,1,6.249,,0,16,16,16,1,stimuli_car/Slide54.jpg,1,,,,,,,,,,,,,,,,,,,,,,,,,,
,,6007421356226920359b5f3e,2025-08-11_11h58.11.883,CFMT_CCMT_Face_recognition,03.02.2023,Win32,144.092219,6007421356226920359b5f3e,6899c7d7c4c961a016830ad3,6899c9b198c77f2e0d49d774,,,,,,,,,,,,,,,,,,,,,,,,,,,,,,,,,,,,,,,,,,,,,,,,,,,,,,,,,,,,,,,,,,,,,,,,,,,,,,,,,,,,,,,,,,,,,,,,1294.724,1295.222,,,,,,,,,,,,,,,,,,,,,,,,,,,,,,,,,,,,,,,,,,,,,,,,,,,,,,,1285.982,1294.723,1,1,8.727,,0,17,17,17,1,stimuli_car/Slide55.jpg,1,,,,,,,,,,,,,,,,,,,,,,,,,,
,,6007421356226920359b5f3e,2025-08-11_11h58.11.883,CFMT_CCMT_Face_recognition,03.02.2023,Win32,144.092219,6007421356226920359b5f3e,6899c7d7c4c961a016830ad3,6899c9b198c77f2e0d49d774,,,,,,,,,,,,,,,,,,,,,,,,,,,,,,,,,,,,,,,,,,,,,,,,,,,,,,,,,,,,,,,,,,,,,,,,,,,,,,,,,,,,,,,,,,,,,,,,1299.958,1300.459,,,,,,,,,,,,,,,,,,,,,,,,,,,,,,,,,,,,,,,,,,,,,,,,,,,,,,,1295.225,1299.958,2,1,4.722,,0,18,18,18,1,stimuli_car/Slide56.jpg,2,,,,,,,,,,,,,,,,,,,,,,,,,,
,,6007421356226920359b5f3e,2025-08-11_11h58.11.883,CFMT_CCMT_Face_recognition,03.02.2023,Win32,144.092219,6007421356226920359b5f3e,6899c7d7c4c961a016830ad3,6899c9b198c77f2e0d49d774,,,,,,,,,,,,,,,,,,,,,,,,,,,,,,,,,,,,,,,,,,,,,,,,,,,,,,,,,,,,,,,,,,,,,,,,,,,,,,,,,,,,,,,,,,,,,,,,1303.374,1303.874,,,,,,,,,,,,,,,,,,,,,,,,,,,,,,,,,,,,,,,,,,,,,,,,,,,,,,,1300.46,1303.374,1,1,2.903,,0,19,19,19,1,stimuli_car/Slide57.jpg,1,,,,,,,,,,,,,,,,,,,,,,,,,,
,,6007421356226920359b5f3e,2025-08-11_11h58.11.883,CFMT_CCMT_Face_recognition,03.02.2023,Win32,144.092219,6007421356226920359b5f3e,6899c7d7c4c961a016830ad3,6899c9b198c77f2e0d49d774,,,,,,,,,,,,,,,,,,,,,,,,,,,,,,,,,,,,,,,,,,,,,,,,,,,,,,,,,,,,,,,,,,,,,,,,,,,,,,,,,,,,,,,,,,,,,,,,1310.087,1310.588,,,,,,,,,,,,,,,,,,,,,,,,,,,,,,,,,,,,,,,,,,,,,,,,,,,,,,,1303.874,1310.087,1,1,6.2,,0,20,20,20,1,stimuli_car/Slide58.jpg,1,,,,,,,,,,,,,,,,,,,,,,,,,,
,,6007421356226920359b5f3e,2025-08-11_11h58.11.883,CFMT_CCMT_Face_recognition,03.02.2023,Win32,144.092219,6007421356226920359b5f3e,6899c7d7c4c961a016830ad3,6899c9b198c77f2e0d49d774,,,,,,,,,,,,,,,,,,,,,,,,,,,,,,,,,,,,,,,,,,,,,,,,,,,,,,,,,,,,,,,,,,,,,,,,,,,,,,,,,,,,,,,,,,,,,,,,1320.392,1320.892,,,,,,,,,,,,,,,,,,,,,,,,,,,,,,,,,,,,,,,,,,,,,,,,,,,,,,,1310.589,1320.392,1,1,9.79,,0,21,21,21,1,stimuli_car/Slide59.jpg,1,,,,,,,,,,,,,,,,,,,,,,,,,,
,,6007421356226920359b5f3e,2025-08-11_11h58.11.883,CFMT_CCMT_Face_recognition,03.02.2023,Win32,144.092219,6007421356226920359b5f3e,6899c7d7c4c961a016830ad3,6899c9b198c77f2e0d49d774,,,,,,,,,,,,,,,,,,,,,,,,,,,,,,,,,,,,,,,,,,,,,,,,,,,,,,,,,,,,,,,,,,,,,,,,,,,,,,,,,,,,,,,,,,,,,,,,1326.954,1327.452,,,,,,,,,,,,,,,,,,,,,,,,,,,,,,,,,,,,,,,,,,,,,,,,,,,,,,,1320.892,1326.954,3,1,6.048,,0,22,22,22,1,stimuli_car/Slide60.jpg,3,,,,,,,,,,,,,,,,,,,,,,,,,,
,,6007421356226920359b5f3e,2025-08-11_11h58.11.883,CFMT_CCMT_Face_recognition,03.02.2023,Win32,144.092219,6007421356226920359b5f3e,6899c7d7c4c961a016830ad3,6899c9b198c77f2e0d49d774,,,,,,,,,,,,,,,,,,,,,,,,,,,,,,,,,,,,,,,,,,,,,,,,,,,,,,,,,,,,,,,,,,,,,,,,,,,,,,,,,,,,,,,,,,,,,,,,1333.146,1333.646,,,,,,,,,,,,,,,,,,,,,,,,,,,,,,,,,,,,,,,,,,,,,,,,,,,,,,,1327.454,1333.146,2,1,5.681,,0,23,23,23,1,stimuli_car/Slide61.jpg,2,,,,,,,,,,,,,,,,,,,,,,,,,,
,,6007421356226920359b5f3e,2025-08-11_11h58.11.883,CFMT_CCMT_Face_recognition,03.02.2023,Win32,144.092219,6007421356226920359b5f3e,6899c7d7c4c961a016830ad3,6899c9b198c77f2e0d49d774,,,,,,,,,,,,,,,,,,,,,,,,,,,,,,,,,,,,,,,,,,,,,,,,,,,,,,,,,,,,,,,,,,,,,,,,,,,,,,,,,,,,,,,,,,,,,,,,1337.507,1338.007,,,,,,,,,,,,,,,,,,,,,,,,,,,,,,,,,,,,,,,,,,,,,,,,,,,,,,,1333.646,1337.507,2,1,3.847,,0,24,24,24,1,stimuli_car/Slide62.jpg,2,,,,,,,,,,,,,,,,,,,,,,,,,,
,,6007421356226920359b5f3e,2025-08-11_11h58.11.883,CFMT_CCMT_Face_recognition,03.02.2023,Win32,144.092219,6007421356226920359b5f3e,6899c7d7c4c961a016830ad3,6899c9b198c77f2e0d49d774,,,,,,,,,,,,,,,,,,,,,,,,,,,,,,,,,,,,,,,,,,,,,,,,,,,,,,,,,,,,,,,,,,,,,,,,,,,,,,,,,,,,,,,,,,,,,,,,1343.026,1343.525,,,,,,,,,,,,,,,,,,,,,,,,,,,,,,,,,,,,,,,,,,,,,,,,,,,,,,,1338.007,1343.026,3,1,5.008,,0,25,25,25,1,stimuli_car/Slide63.jpg,3,,,,,,,,,,,,,,,,,,,,,,,,,,
,,6007421356226920359b5f3e,2025-08-11_11h58.11.883,CFMT_CCMT_Face_recognition,03.02.2023,Win32,144.092219,6007421356226920359b5f3e,6899c7d7c4c961a016830ad3,6899c9b198c77f2e0d49d774,,,,,,,,,,,,,,,,,,,,,,,,,,,,,,,,,,,,,,,,,,,,,,,,,,,,,,,,,,,,,,,,,,,,,,,,,,,,,,,,,,,,,,,,,,,,,,,,1347.72,1348.22,,,,,,,,,,,,,,,,,,,,,,,,,,,,,,,,,,,,,,,,,,,,,,,,,,,,,,,1343.526,1347.72,2,1,4.18,,0,26,26,26,1,stimuli_car/Slide64.jpg,2,,,,,,,,,,,,,,,,,,,,,,,,,,
,,6007421356226920359b5f3e,2025-08-11_11h58.11.883,CFMT_CCMT_Face_recognition,03.02.2023,Win32,144.092219,6007421356226920359b5f3e,6899c7d7c4c961a016830ad3,6899c9b198c77f2e0d49d774,,,,,,,,,,,,,,,,,,,,,,,,,,,,,,,,,,,,,,,,,,,,,,,,,,,,,,,,,,,,,,,,,,,,,,,,,,,,,,,,,,,,,,,,,,,,,,,,1353.649,1354.149,,,,,,,,,,,,,,,,,,,,,,,,,,,,,,,,,,,,,,,,,,,,,,,,,,,,,,,1348.22,1353.649,2,1,5.416,,0,27,27,27,1,stimuli_car/Slide65.jpg,2,,,,,,,,,,,,,,,,,,,,,,,,,,
,,6007421356226920359b5f3e,2025-08-11_11h58.11.883,CFMT_CCMT_Face_recognition,03.02.2023,Win32,144.092219,6007421356226920359b5f3e,6899c7d7c4c961a016830ad3,6899c9b198c77f2e0d49d774,,,,,,,,,,,,,,,,,,,,,,,,,,,,,,,,,,,,,,,,,,,,,,,,,,,,,,,,,,,,,,,,,,,,,,,,,,,,,,,,,,,,,,,,,,,,,,,,1359.127,1359.627,,,,,,,,,,,,,,,,,,,,,,,,,,,,,,,,,,,,,,,,,,,,,,,,,,,,,,,1354.149,1359.127,3,0,4.966,,0,28,28,28,1,stimuli_car/Slide66.jpg,1,,,,,,,,,,,,,,,,,,,,,,,,,,
,,6007421356226920359b5f3e,2025-08-11_11h58.11.883,CFMT_CCMT_Face_recognition,03.02.2023,Win32,144.092219,6007421356226920359b5f3e,6899c7d7c4c961a016830ad3,6899c9b198c77f2e0d49d774,,,,,,,,,,,,,,,,,,,,,,,,,,,,,,,,,,,,,,,,,,,,,,,,,,,,,,,,,,,,,,,,,,,,,,,,,,,,,,,,,,,,,,,,,,,,,,,,1365.537,1366.036,,,,,,,,,,,,,,,,,,,,,,,,,,,,,,,,,,,,,,,,,,,,,,,,,,,,,,,1359.627,1365.536,1,1,5.896,,0,29,29,29,1,stimuli_car/Slide67.jpg,1,,,,,,,,,,,,,,,,,,,,,,,,,,
,,6007421356226920359b5f3e,2025-08-11_11h58.11.883,CFMT_CCMT_Face_recognition,03.02.2023,Win32,144.092219,6007421356226920359b5f3e,6899c7d7c4c961a016830ad3,6899c9b198c77f2e0d49d774,,,,,,,,,,,,,,,,,,,,,,,,,,,,,,,,,,,,,,,,,,,,,,,,,,,,,,,,,,,,,,,,,,,,,,,,,,,,,,,,,,,,,,,,,,,,,,,,1392.859,1393.357,,,,,,,,,,,,,,,,,,,,,,,,,,,,,,,,,,,,,,,,,,,,,,,,,,,1366.038,1386.038,1386.038,1386.538,1386.545,1392.859,3,0,6.301,,0,0,0,0,1,stimuli_car/Slide69.jpg,2,,,,,,,,,,,,,,,,,,,,,,,,,,
,,6007421356226920359b5f3e,2025-08-11_11h58.11.883,CFMT_CCMT_Face_recognition,03.02.2023,Win32,144.092219,6007421356226920359b5f3e,6899c7d7c4c961a016830ad3,6899c9b198c77f2e0d49d774,,,,,,,,,,,,,,,,,,,,,,,,,,,,,,,,,,,,,,,,,,,,,,,,,,,,,,,,,,,,,,,,,,,,,,,,,,,,,,,,,,,,,,,,,,,,,,,,1396.467,1396.967,,,,,,,,,,,,,,,,,,,,,,,,,,,,,,,,,,,,,,,,,,,,,,,,,,,,,,,1393.359,1396.467,3,1,3.094,,0,1,1,1,1,stimuli_car/Slide70.jpg,3,,,,,,,,,,,,,,,,,,,,,,,,,,
,,6007421356226920359b5f3e,2025-08-11_11h58.11.883,CFMT_CCMT_Face_recognition,03.02.2023,Win32,144.092219,6007421356226920359b5f3e,6899c7d7c4c961a016830ad3,6899c9b198c77f2e0d49d774,,,,,,,,,,,,,,,,,,,,,,,,,,,,,,,,,,,,,,,,,,,,,,,,,,,,,,,,,,,,,,,,,,,,,,,,,,,,,,,,,,,,,,,,,,,,,,,,1402.383,1402.883,,,,,,,,,,,,,,,,,,,,,,,,,,,,,,,,,,,,,,,,,,,,,,,,,,,,,,,1396.968,1402.383,3,1,5.401,,0,2,2,2,1,stimuli_car/Slide71.jpg,3,,,,,,,,,,,,,,,,,,,,,,,,,,
,,6007421356226920359b5f3e,2025-08-11_11h58.11.883,CFMT_CCMT_Face_recognition,03.02.2023,Win32,144.092219,6007421356226920359b5f3e,6899c7d7c4c961a016830ad3,6899c9b198c77f2e0d49d774,,,,,,,,,,,,,,,,,,,,,,,,,,,,,,,,,,,,,,,,,,,,,,,,,,,,,,,,,,,,,,,,,,,,,,,,,,,,,,,,,,,,,,,,,,,,,,,,1406.778,1407.278,,,,,,,,,,,,,,,,,,,,,,,,,,,,,,,,,,,,,,,,,,,,,,,,,,,,,,,1402.884,1406.778,1,1,3.878,,0,3,3,3,1,stimuli_car/Slide72.jpg,1,,,,,,,,,,,,,,,,,,,,,,,,,,
,,6007421356226920359b5f3e,2025-08-11_11h58.11.883,CFMT_CCMT_Face_recognition,03.02.2023,Win32,144.092219,6007421356226920359b5f3e,6899c7d7c4c961a016830ad3,6899c9b198c77f2e0d49d774,,,,,,,,,,,,,,,,,,,,,,,,,,,,,,,,,,,,,,,,,,,,,,,,,,,,,,,,,,,,,,,,,,,,,,,,,,,,,,,,,,,,,,,,,,,,,,,,1410.902,1411.402,,,,,,,,,,,,,,,,,,,,,,,,,,,,,,,,,,,,,,,,,,,,,,,,,,,,,,,1407.279,1410.902,2,1,3.61,,0,4,4,4,1,stimuli_car/Slide73.jpg,2,,,,,,,,,,,,,,,,,,,,,,,,,,
,,6007421356226920359b5f3e,2025-08-11_11h58.11.883,CFMT_CCMT_Face_recognition,03.02.2023,Win32,144.092219,6007421356226920359b5f3e,6899c7d7c4c961a016830ad3,6899c9b198c77f2e0d49d774,,,,,,,,,,,,,,,,,,,,,,,,,,,,,,,,,,,,,,,,,,,,,,,,,,,,,,,,,,,,,,,,,,,,,,,,,,,,,,,,,,,,,,,,,,,,,,,,1414.449,1414.95,,,,,,,,,,,,,,,,,,,,,,,,,,,,,,,,,,,,,,,,,,,,,,,,,,,,,,,1411.402,1414.449,2,1,3.035,,0,5,5,5,1,stimuli_car/Slide74.jpg,2,,,,,,,,,,,,,,,,,,,,,,,,,,
,,6007421356226920359b5f3e,2025-08-11_11h58.11.883,CFMT_CCMT_Face_recognition,03.02.2023,Win32,144.092219,6007421356226920359b5f3e,6899c7d7c4c961a016830ad3,6899c9b198c77f2e0d49d774,,,,,,,,,,,,,,,,,,,,,,,,,,,,,,,,,,,,,,,,,,,,,,,,,,,,,,,,,,,,,,,,,,,,,,,,,,,,,,,,,,,,,,,,,,,,,,,,1417.519,1418.018,,,,,,,,,,,,,,,,,,,,,,,,,,,,,,,,,,,,,,,,,,,,,,,,,,,,,,,1414.95,1417.519,1,1,2.554,,0,6,6,6,1,stimuli_car/Slide75.jpg,1,,,,,,,,,,,,,,,,,,,,,,,,,,
,,6007421356226920359b5f3e,2025-08-11_11h58.11.883,CFMT_CCMT_Face_recognition,03.02.2023,Win32,144.092219,6007421356226920359b5f3e,6899c7d7c4c961a016830ad3,6899c9b198c77f2e0d49d774,,,,,,,,,,,,,,,,,,,,,,,,,,,,,,,,,,,,,,,,,,,,,,,,,,,,,,,,,,,,,,,,,,,,,,,,,,,,,,,,,,,,,,,,,,,,,,,,1420.268,1420.768,,,,,,,,,,,,,,,,,,,,,,,,,,,,,,,,,,,,,,,,,,,,,,,,,,,,,,,1418.018,1420.268,1,1,2.232,,0,7,7,7,1,stimuli_car/Slide76.jpg,1,,,,,,,,,,,,,,,,,,,,,,,,,,
,,6007421356226920359b5f3e,2025-08-11_11h58.11.883,CFMT_CCMT_Face_recognition,03.02.2023,Win32,144.092219,6007421356226920359b5f3e,6899c7d7c4c961a016830ad3,6899c9b198c77f2e0d49d774,,,,,,,,,,,,,,,,,,,,,,,,,,,,,,,,,,,,,,,,,,,,,,,,,,,,,,,,,,,,,,,,,,,,,,,,,,,,,,,,,,,,,,,,,,,,,,,,1426.01,1426.51,,,,,,,,,,,,,,,,,,,,,,,,,,,,,,,,,,,,,,,,,,,,,,,,,,,,,,,1420.768,1426.01,1,0,5.229,,0,8,8,8,1,stimuli_car/Slide77.jpg,2,,,,,,,,,,,,,,,,,,,,,,,,,,
,,6007421356226920359b5f3e,2025-08-11_11h58.11.883,CFMT_CCMT_Face_recognition,03.02.2023,Win32,144.092219,6007421356226920359b5f3e,6899c7d7c4c961a016830ad3,6899c9b198c77f2e0d49d774,,,,,,,,,,,,,,,,,,,,,,,,,,,,,,,,,,,,,,,,,,,,,,,,,,,,,,,,,,,,,,,,,,,,,,,,,,,,,,,,,,,,,,,,,,,,,,,,1434.703,1435.202,,,,,,,,,,,,,,,,,,,,,,,,,,,,,,,,,,,,,,,,,,,,,,,,,,,,,,,1426.511,1434.703,2,0,8.178,,0,9,9,9,1,stimuli_car/Slide78.jpg,1,,,,,,,,,,,,,,,,,,,,,,,,,,
,,6007421356226920359b5f3e,2025-08-11_11h58.11.883,CFMT_CCMT_Face_recognition,03.02.2023,Win32,144.092219,6007421356226920359b5f3e,6899c7d7c4c961a016830ad3,6899c9b198c77f2e0d49d774,,,,,,,,,,,,,,,,,,,,,,,,,,,,,,,,,,,,,,,,,,,,,,,,,,,,,,,,,,,,,,,,,,,,,,,,,,,,,,,,,,,,,,,,,,,,,,,,1438.39,1438.889,,,,,,,,,,,,,,,,,,,,,,,,,,,,,,,,,,,,,,,,,,,,,,,,,,,,,,,1435.203,1438.39,1,1,3.175,,0,10,10,10,1,stimuli_car/Slide79.jpg,1,,,,,,,,,,,,,,,,,,,,,,,,,,
,,6007421356226920359b5f3e,2025-08-11_11h58.11.883,CFMT_CCMT_Face_recognition,03.02.2023,Win32,144.092219,6007421356226920359b5f3e,6899c7d7c4c961a016830ad3,6899c9b198c77f2e0d49d774,,,,,,,,,,,,,,,,,,,,,,,,,,,,,,,,,,,,,,,,,,,,,,,,,,,,,,,,,,,,,,,,,,,,,,,,,,,,,,,,,,,,,,,,,,,,,,,,1447.623,1448.124,,,,,,,,,,,,,,,,,,,,,,,,,,,,,,,,,,,,,,,,,,,,,,,,,,,,,,,1438.889,1447.623,3,1,8.722,,0,11,11,11,1,stimuli_car/Slide80.jpg,3,,,,,,,,,,,,,,,,,,,,,,,,,,
,,6007421356226920359b5f3e,2025-08-11_11h58.11.883,CFMT_CCMT_Face_recognition,03.02.2023,Win32,144.092219,6007421356226920359b5f3e,6899c7d7c4c961a016830ad3,6899c9b198c77f2e0d49d774,,,,,,,,,,,,,,,,,,,,,,,,,,,,,,,,,,,,,,,,,,,,,,,,,,,,,,,,,,,,,,,,,,,,,,,,,,,,,,,,,,,,,,,,,,,,,,,,1453.664,1454.164,,,,,,,,,,,,,,,,,,,,,,,,,,,,,,,,,,,,,,,,,,,,,,,,,,,,,,,1448.124,1453.664,2,1,5.525,,0,12,12,12,1,stimuli_car/Slide81.jpg,2,,,,,,,,,,,,,,,,,,,,,,,,,,
,,6007421356226920359b5f3e,2025-08-11_11h58.11.883,CFMT_CCMT_Face_recognition,03.02.2023,Win32,144.092219,6007421356226920359b5f3e,6899c7d7c4c961a016830ad3,6899c9b198c77f2e0d49d774,,,,,,,,,,,,,,,,,,,,,,,,,,,,,,,,,,,,,,,,,,,,,,,,,,,,,,,,,,,,,,,,,,,,,,,,,,,,,,,,,,,,,,,,,,,,,,,,1461.038,1461.537,,,,,,,,,,,,,,,,,,,,,,,,,,,,,,,,,,,,,,,,,,,,,,,,,,,,,,,1454.165,1461.038,1,0,6.858,,0,13,13,13,1,stimuli_car/Slide82.jpg,3,,,,,,,,,,,,,,,,,,,,,,,,,,
,,6007421356226920359b5f3e,2025-08-11_11h58.11.883,CFMT_CCMT_Face_recognition,03.02.2023,Win32,144.092219,6007421356226920359b5f3e,6899c7d7c4c961a016830ad3,6899c9b198c77f2e0d49d774,,,,,,,,,,,,,,,,,,,,,,,,,,,,,,,,,,,,,,,,,,,,,,,,,,,,,,,,,,,,,,,,,,,,,,,,,,,,,,,,,,,,,,,,,,,,,,,,1466.809,1467.308,,,,,,,,,,,,,,,,,,,,,,,,,,,,,,,,,,,,,,,,,,,,,,,,,,,,,,,1461.539,1466.809,1,0,5.258,,0,14,14,14,1,stimuli_car/Slide83.jpg,3,,,,,,,,,,,,,,,,,,,,,,,,,,
,,6007421356226920359b5f3e,2025-08-11_11h58.11.883,CFMT_CCMT_Face_recognition,03.02.2023,Win32,144.092219,6007421356226920359b5f3e,6899c7d7c4c961a016830ad3,6899c9b198c77f2e0d49d774,,,,,,,,,,,,,,,,,,,,,,,,,,,,,,,,,,,,,,,,,,,,,,,,,,,,,,,,,,,,,,,,,,,,,,,,,,,,,,,,,,,,,,,,,,,,,,,,1474.306,1474.806,,,,,,,,,,,,,,,,,,,,,,,,,,,,,,,,,,,,,,,,,,,,,,,,,,,,,,,1467.309,1474.306,2,1,6.983,,0,15,15,15,1,stimuli_car/Slide84.jpg,2,,,,,,,,,,,,,,,,,,,,,,,,,,
,,6007421356226920359b5f3e,2025-08-11_11h58.11.883,CFMT_CCMT_Face_recognition,03.02.2023,Win32,144.092219,6007421356226920359b5f3e,6899c7d7c4c961a016830ad3,6899c9b198c77f2e0d49d774,,,,,,,,,,,,,,,,,,,,,,,,,,,,,,,,,,,,,,,,,,,,,,,,,,,,,,,,,,,,,,,,,,,,,,,,,,,,,,,,,,,,,,,,,,,,,,,,1477.576,1478.076,,,,,,,,,,,,,,,,,,,,,,,,,,,,,,,,,,,,,,,,,,,,,,,,,,,,,,,1474.807,1477.576,2,1,2.755,,0,16,16,16,1,stimuli_car/Slide85.jpg,2,,,,,,,,,,,,,,,,,,,,,,,,,,
,,6007421356226920359b5f3e,2025-08-11_11h58.11.883,CFMT_CCMT_Face_recognition,03.02.2023,Win32,144.092219,6007421356226920359b5f3e,6899c7d7c4c961a016830ad3,6899c9b198c77f2e0d49d774,,,,,,,,,,,,,,,,,,,,,,,,,,,,,,,,,,,,,,,,,,,,,,,,,,,,,,,,,,,,,,,,,,,,,,,,,,,,,,,,,,,,,,,,,,,,,,,,1484.61,1485.109,,,,,,,,,,,,,,,,,,,,,,,,,,,,,,,,,,,,,,,,,,,,,,,,,,,,,,,1478.077,1484.61,2,1,6.517,,0,17,17,17,1,stimuli_car/Slide86.jpg,2,,,,,,,,,,,,,,,,,,,,,,,,,,
,,6007421356226920359b5f3e,2025-08-11_11h58.11.883,CFMT_CCMT_Face_recognition,03.02.2023,Win32,144.092219,6007421356226920359b5f3e,6899c7d7c4c961a016830ad3,6899c9b198c77f2e0d49d774,,,,,,,,,,,,,,,,,,,,,,,,,,,,,,,,,,,,,,,,,,,,,,,,,,,,,,,,,,,,,,,,,,,,,,,,,,,,,,,,,,,,,,,,,,,,,,,,1487.297,1487.797,,,,,,,,,,,,,,,,,,,,,,,,,,,,,,,,,,,,,,,,,,,,,,,,,,,,,,,1485.11,1487.297,2,1,2.171,,0,18,18,18,1,stimuli_car/Slide87.jpg,2,,,,,,,,,,,,,,,,,,,,,,,,,,
,,6007421356226920359b5f3e,2025-08-11_11h58.11.883,CFMT_CCMT_Face_recognition,03.02.2023,Win32,144.092219,6007421356226920359b5f3e,6899c7d7c4c961a016830ad3,6899c9b198c77f2e0d49d774,,,,,,,,,,,,,,,,,,,,,,,,,,,,,,,,,,,,,,,,,,,,,,,,,,,,,,,,,,,,,,,,,,,,,,,,,,,,,,,,,,,,,,,,,,,,,,,,1492.65,1493.15,,,,,,,,,,,,,,,,,,,,,,,,,,,,,,,,,,,,,,,,,,,,,,,,,,,,,,,1487.798,1492.65,2,1,4.838,,0,19,19,19,1,stimuli_car/Slide88.jpg,2,,,,,,,,,,,,,,,,,,,,,,,,,,
,,6007421356226920359b5f3e,2025-08-11_11h58.11.883,CFMT_CCMT_Face_recognition,03.02.2023,Win32,144.092219,6007421356226920359b5f3e,6899c7d7c4c961a016830ad3,6899c9b198c77f2e0d49d774,,,,,,,,,,,,,,,,,,,,,,,,,,,,,,,,,,,,,,,,,,,,,,,,,,,,,,,,,,,,,,,,,,,,,,,,,,,,,,,,,,,,,,,,,,,,,,,,1495.865,1496.368,,,,,,,,,,,,,,,,,,,,,,,,,,,,,,,,,,,,,,,,,,,,,,,,,,,,,,,1493.152,1495.865,3,1,2.697,,0,20,20,20,1,stimuli_car/Slide89.jpg,3,,,,,,,,,,,,,,,,,,,,,,,,,,
,,6007421356226920359b5f3e,2025-08-11_11h58.11.883,CFMT_CCMT_Face_recognition,03.02.2023,Win32,144.092219,6007421356226920359b5f3e,6899c7d7c4c961a016830ad3,6899c9b198c77f2e0d49d774,,,,,,,,,,,,,,,,,,,,,,,,,,,,,,,,,,,,,,,,,,,,,,,,,,,,,,,,,,,,,,,,,,,,,,,,,,,,,,,,,,,,,,,,,,,,,,,,1501.697,1502.197,,,,,,,,,,,,,,,,,,,,,,,,,,,,,,,,,,,,,,,,,,,,,,,,,,,,,,,1496.368,1501.697,3,1,5.316,,0,21,21,21,1,stimuli_car/Slide90.jpg,3,,,,,,,,,,,,,,,,,,,,,,,,,,
,,6007421356226920359b5f3e,2025-08-11_11h58.11.883,CFMT_CCMT_Face_recognition,03.02.2023,Win32,144.092219,6007421356226920359b5f3e,6899c7d7c4c961a016830ad3,6899c9b198c77f2e0d49d774,,,,,,,,,,,,,,,,,,,,,,,,,,,,,,,,,,,,,,,,,,,,,,,,,,,,,,,,,,,,,,,,,,,,,,,,,,,,,,,,,,,,,,,,,,,,,,,,1506.134,1506.634,,,,,,,,,,,,,,,,,,,,,,,,,,,,,,,,,,,,,,,,,,,,,,,,,,,,,,,1502.198,1506.134,1,1,3.921,,0,22,22,22,1,stimuli_car/Slide91.jpg,1,,,,,,,,,,,,,,,,,,,,,,,,,,
,,6007421356226920359b5f3e,2025-08-11_11h58.11.883,CFMT_CCMT_Face_recognition,03.02.2023,Win32,144.092219,6007421356226920359b5f3e,6899c7d7c4c961a016830ad3,6899c9b198c77f2e0d49d774,,,,,,,,,,,,,,,,,,,,,,,,,,,,,,,,,,,,,,,,,,,,,,,,,,,,,,,,,,,,,,,,,,,,,,,,,,,,,,,,,,,,,,,,,,,,,,,,1510.459,1510.959,,,,,,,,,,,,,,,,,,,,,,,,,,,,,,,,,,,,,,,,,,,,,,,,,,,,,,,1506.634,1510.459,3,1,3.813,,0,23,23,23,1,stimuli_car/Slide92.jpg,3,,,,,,,,,,,,,,,,,,,,,,,,,,
,,6007421356226920359b5f3e,2025-08-11_11h58.11.883,CFMT_CCMT_Face_recognition,03.02.2023,Win32,144.092219,6007421356226920359b5f3e,6899c7d7c4c961a016830ad3,6899c9b198c77f2e0d49d774,,,,,,,,,,,,,,,,,,,,,,,,,,,,,,,,,,,,,,,,,,,,,,,,,,,,,,,,,,,,,,,,,,,,,,,,,,,,,,,,,,,,,,,,,,,,,,,,,,,,,,,,,,,,,,,,,,,,,,,,,,,,,,,,,,,,,,,,,,,,,,,,,,,,,,,,,,,,,,,,,,,,,1510.959,1510.962,0,0,0,1,1,conditionsFile_cars/conditionFiles_car.xlsx,Cambridge Car Memory Test,Memorize the car in the next three images.,conditionsFile_cars/Prac_learn.xlsx,conditionsFile_cars/Prac_rec.xlsx,"Which car did you just view? There is only one correct answer. Press 1,2 or 3","In this test, you will learn to recognize six cars.",Memorize the following car.,Which car did you just view?,Next you will review the same 6 cars for 20 seconds.,Review the cars (20 seconds),stimuli_car/review.jpg,Now your memory of these cars will be tested.,"In the remaining trials, the correct answer can be any of the six cars.","The incorrect cars are sometimes very similar to the target cars, so be sure to look at each car prior answering.",conditionsFile_cars/conditionsfile_rec_car.xlsx,"To begin memorizing the first car, press the ""space bar"".",,
,,6007421356226920359b5f3e,2025-08-11_11h58.11.883,CFMT_CCMT_Face_recognition,03.02.2023,Win32,144.092219,6007421356226920359b5f3e,6899c7d7c4c961a016830ad3,6899c9b198c77f2e0d49d774,,,,,,,,,,,,,,,,,,,,,,,,,,,,,,,,,,,,,,,,,,,,,,,,,,,,,,,,,,,,,,,,,,,,,,,,,,,,,,,,,,,,,,,,,,1510.962,1514.979,1514.979,1516.93,1516.936,1519.936,1519.936,1520.437,0,0,0,0,1,stimuli/bart_left.jpg,,,,,,,,,,,,,,,,,,,,,,,,,,,,,,,,,,,,,,,,,,,,,,,,,,,,,,,,,,,,,,,,,,,,,,,,,,,,,,,,,,,,,,,
,,6007421356226920359b5f3e,2025-08-11_11h58.11.883,CFMT_CCMT_Face_recognition,03.02.2023,Win32,144.092219,6007421356226920359b5f3e,6899c7d7c4c961a016830ad3,6899c9b198c77f2e0d49d774,,,,,,,,,,,,,,,,,,,,,,,,,,,,,,,,,,,,,,,,,,,,,,,,,,,,,,,,,,,,,,,,,,,,,,,,,,,,,,,,,,,,,,,,,,,,,,1520.437,1523.436,1523.436,1523.936,0,1,1,1,1,stimuli/bart_straight.jpg,,,,,,,,,,,,,,,,,,,,,,,,,,,,,,,,,,,,,,,,,,,,,,,,,,,,,,,,,,,,,,,,,,,,,,,,,,,,,,,,,,,,,,,
,,6007421356226920359b5f3e,2025-08-11_11h58.11.883,CFMT_CCMT_Face_recognition,03.02.2023,Win32,144.092219,6007421356226920359b5f3e,6899c7d7c4c961a016830ad3,6899c9b198c77f2e0d49d774,,,,,,,,,,,,,,,,,,,,,,,,,,,,,,,,,,,,,,,,,,,,,,,,,,,,,,,,,,,,,,,,,,,,,,,,,,,,,,,,,,,,,,,,,,,,,,1523.936,1526.936,1526.936,1527.435,0,2,2,2,1,stimuli/bart_right.jpg,,,,,,,,,,,,,,,,,,,,,,,,,,,,,,,,,,,,,,,,,,,,,,,,,,,,,,,,,,,,,,,,,,,,,,,,,,,,,,,,,,,,,,,
,,6007421356226920359b5f3e,2025-08-11_11h58.11.883,CFMT_CCMT_Face_recognition,03.02.2023,Win32,144.092219,6007421356226920359b5f3e,6899c7d7c4c961a016830ad3,6899c9b198c77f2e0d49d774,,,,,,,,,,,,,,,,,,,,,,,,,,,,,,,,,,,,,,,,,,,,,,,,,,,,,,,,,,,,,,,,,,,,,,,,,,,,,,,,,,,,,,,,,,,,,,,,1530.136,1530.636,,,,,,,1527.445,1530.136,1,1,2.688,,0,0,0,0,1,stimuli/pract_left.jpg,1,,,,,,,,,,,,,,,,,,,,,,,,,,,,,,,,,,,,,,,,,,,,,,,,,,,,,,,,,,,,,,,,,,,,,,,,,,
,,6007421356226920359b5f3e,2025-08-11_11h58.11.883,CFMT_CCMT_Face_recognition,03.02.2023,Win32,144.092219,6007421356226920359b5f3e,6899c7d7c4c961a016830ad3,6899c9b198c77f2e0d49d774,,,,,,,,,,,,,,,,,,,,,,,,,,,,,,,,,,,,,,,,,,,,,,,,,,,,,,,,,,,,,,,,,,,,,,,,,,,,,,,,,,,,,,,,,,,,,,,,1532.073,1532.573,,,,,,,1530.636,1532.073,2,1,1.434,,0,1,1,1,1,stimuli/pract_right.jpg,2,,,,,,,,,,,,,,,,,,,,,,,,,,,,,,,,,,,,,,,,,,,,,,,,,,,,,,,,,,,,,,,,,,,,,,,,,,
,,6007421356226920359b5f3e,2025-08-11_11h58.11.883,CFMT_CCMT_Face_recognition,03.02.2023,Win32,144.092219,6007421356226920359b5f3e,6899c7d7c4c961a016830ad3,6899c9b198c77f2e0d49d774,,,,,,,,,,,,,,,,,,,,,,,,,,,,,,,,,,,,,,,,,,,,,,,,,,,,,,,,,,,,,,,,,,,,,,,,,,,,,,,,,,,,,,,,,,,,,,,,1533.274,1533.773,,,,,,,1532.574,1533.274,2,1,0.698,,0,2,2,2,1,stimuli/pract_straight.jpg,2,,,,,,,,,,,,,,,,,,,,,,,,,,,,,,,,,,,,,,,,,,,,,,,,,,,,,,,,,,,,,,,,,,,,,,,,,,
,,6007421356226920359b5f3e,2025-08-11_11h58.11.883,CFMT_CCMT_Face_recognition,03.02.2023,Win32,144.092219,6007421356226920359b5f3e,6899c7d7c4c961a016830ad3,6899c9b198c77f2e0d49d774,,,,,,,,,,,,,,,,,,,,,,,,,,,,,,,,,,,,,,,,,,,,,,,,,,,,,,,,,,,,,,,,,,,,,,,,,,,,,,,,,,,,,,,,,,,,,,,,1540.085,1540.585,,,,,,,,,,,,,,,,,,,,1533.774,1535.843,1535.846,1536.586,1537.086,1540.085,0,0,0,0,1,stimuli/Bob_left_study.jpg,stimuli/B1_Identical_Left.jpg,2,,,,,,,,,,,,,,,,,,,,,,,,,,,,,,,,,,,,,,,,,,,,,,,,,,,,,,,,,,,,
,,6007421356226920359b5f3e,2025-08-11_11h58.11.883,CFMT_CCMT_Face_recognition,03.02.2023,Win32,144.092219,6007421356226920359b5f3e,6899c7d7c4c961a016830ad3,6899c9b198c77f2e0d49d774,,,,,,,,,,,,,,,,,,,,,,,,,,,,,,,,,,,,,,,,,,,,,,,,,,,,,,,,,,,,,,,,,,,,,,,,,,,,,,,,,,,,,,,,,,,,,,,,1544.085,1544.584,,,,,,,,,,,,,,,,,,,,,,,,1541.085,1544.085,0,1,1,1,1,stimuli/Bob_frontal_study.jpg,stimuli/B2_Identical_Frontal.jpg,2,,,,,,,,,,,,,,,,,,,,,,,,,,,,,,,,,,,,,,,,,,,,,,,,,,,,,,,,,,,,
,,6007421356226920359b5f3e,2025-08-11_11h58.11.883,CFMT_CCMT_Face_recognition,03.02.2023,Win32,144.092219,6007421356226920359b5f3e,6899c7d7c4c961a016830ad3,6899c9b198c77f2e0d49d774,,,,,,,,,,,,,,,,,,,,,,,,,,,,,,,,,,,,,,,,,,,,,,,,,,,,,,,,,,,,,,,,,,,,,,,,,,,,,,,,,,,,,,,,,,,,,,,,1548.084,1548.583,,,,,,,,,,,,,,,,,,,,,,,,1545.085,1548.084,0,2,2,2,1,stimuli/Bob_right_study.jpg,stimuli/B3_Identical_Right.jpg,3,,,,,,,,,,,,,,,,,,,,,,,,,,,,,,,,,,,,,,,,,,,,,,,,,,,,,,,,,,,,
,,6007421356226920359b5f3e,2025-08-11_11h58.11.883,CFMT_CCMT_Face_recognition,03.02.2023,Win32,144.092219,6007421356226920359b5f3e,6899c7d7c4c961a016830ad3,6899c9b198c77f2e0d49d774,,,,,,,,,,,,,,,,,,,,,,,,,,,,,,,,,,,,,,,,,,,,,,,,,,,,,,,,,,,,,,,,,,,,,,,,,,,,,,,,,,,,,,,,,,,,,,,,1551.222,1551.722,,,,,,,,,,,,,,,,,,,,,,,,,,,,,,,stimuli/Bob_left_study.jpg,stimuli/B1_Identical_Left.jpg,2,1548.586,1551.222,2,1,2.623,,0,0,0,0,1,,,,,,,,,,,,,,,,,,,,,,,,,,,,,,,,,,,,,,,,,,,,,,,,,
,,6007421356226920359b5f3e,2025-08-11_11h58.11.883,CFMT_CCMT_Face_recognition,03.02.2023,Win32,144.092219,6007421356226920359b5f3e,6899c7d7c4c961a016830ad3,6899c9b198c77f2e0d49d774,,,,,,,,,,,,,,,,,,,,,,,,,,,,,,,,,,,,,,,,,,,,,,,,,,,,,,,,,,,,,,,,,,,,,,,,,,,,,,,,,,,,,,,,,,,,,,,,1553.45,1553.95,,,,,,,,,,,,,,,,,,,,,,,,,,,,,,,stimuli/Bob_frontal_study.jpg,stimuli/B2_Identical_Frontal.jpg,2,1551.722,1553.45,3,0,1.722,,0,1,1,1,1,,,,,,,,,,,,,,,,,,,,,,,,,,,,,,,,,,,,,,,,,,,,,,,,,
,,6007421356226920359b5f3e,2025-08-11_11h58.11.883,CFMT_CCMT_Face_recognition,03.02.2023,Win32,144.092219,6007421356226920359b5f3e,6899c7d7c4c961a016830ad3,6899c9b198c77f2e0d49d774,,,,,,,,,,,,,,,,,,,,,,,,,,,,,,,,,,,,,,,,,,,,,,,,,,,,,,,,,,,,,,,,,,,,,,,,,,,,,,,,,,,,,,,,,,,,,,,,1555.548,1556.049,,,,,,,,,,,,,,,,,,,,,,,,,,,,,,,stimuli/Bob_right_study.jpg,stimuli/B3_Identical_Right.jpg,3,1553.95,1555.548,3,1,1.589,,0,2,2,2,1,,,,,,,,,,,,,,,,,,,,,,,,,,,,,,,,,,,,,,,,,,,,,,,,,
,,6007421356226920359b5f3e,2025-08-11_11h58.11.883,CFMT_CCMT_Face_recognition,03.02.2023,Win32,144.092219,6007421356226920359b5f3e,6899c7d7c4c961a016830ad3,6899c9b198c77f2e0d49d774,,,,,,,,,,,,,,,,,,,,,,,,,,,,,,,,,,,,,,,,,,,,,,,,,,,,,,,,,,,,,,,,,,,,,,,,,,,,,,,,,,,,,,,,,,,,,,,,1570.172,1570.671,,,,,,,,,,,,,,,,,,,,,,1556.051,1566.672,1567.172,1570.172,0,0,0,0,1,stimuli/Dan_Left_Study.jpg,stimuli/D1_Identical_Left.jpg,2,,,,,,,,,,,,,,,,,,,,,,,,,,,,,,,,,,,,,,,,,,,,,,,,,,,,,,,,,,,,
,,6007421356226920359b5f3e,2025-08-11_11h58.11.883,CFMT_CCMT_Face_recognition,03.02.2023,Win32,144.092219,6007421356226920359b5f3e,6899c7d7c4c961a016830ad3,6899c9b198c77f2e0d49d774,,,,,,,,,,,,,,,,,,,,,,,,,,,,,,,,,,,,,,,,,,,,,,,,,,,,,,,,,,,,,,,,,,,,,,,,,,,,,,,,,,,,,,,,,,,,,,,,1574.171,1574.67,,,,,,,,,,,,,,,,,,,,,,,,1571.172,1574.171,0,1,1,1,1,stimuli/Dan_frontal_study.jpg,stimuli/D2_Identical_Frontal.jpg,3,,,,,,,,,,,,,,,,,,,,,,,,,,,,,,,,,,,,,,,,,,,,,,,,,,,,,,,,,,,,
,,6007421356226920359b5f3e,2025-08-11_11h58.11.883,CFMT_CCMT_Face_recognition,03.02.2023,Win32,144.092219,6007421356226920359b5f3e,6899c7d7c4c961a016830ad3,6899c9b198c77f2e0d49d774,,,,,,,,,,,,,,,,,,,,,,,,,,,,,,,,,,,,,,,,,,,,,,,,,,,,,,,,,,,,,,,,,,,,,,,,,,,,,,,,,,,,,,,,,,,,,,,,1578.169,1578.671,,,,,,,,,,,,,,,,,,,,,,,,1575.17,1578.169,0,2,2,2,1,stimuli/Dan_Right_Frontal.jpg,stimuli/D3_Identical_Right.jpg,3,,,,,,,,,,,,,,,,,,,,,,,,,,,,,,,,,,,,,,,,,,,,,,,,,,,,,,,,,,,,
,,6007421356226920359b5f3e,2025-08-11_11h58.11.883,CFMT_CCMT_Face_recognition,03.02.2023,Win32,144.092219,6007421356226920359b5f3e,6899c7d7c4c961a016830ad3,6899c9b198c77f2e0d49d774,,,,,,,,,,,,,,,,,,,,,,,,,,,,,,,,,,,,,,,,,,,,,,,,,,,,,,,,,,,,,,,,,,,,,,,,,,,,,,,,,,,,,,,,,,,,,,,,1580.502,1581.002,,,,,,,,,,,,,,,,,,,,,,,,,,,,,,,stimuli/Dan_Left_Study.jpg,stimuli/D1_Identical_Left.jpg,2,1578.674,1580.502,2,1,1.82,,0,0,0,0,1,,,,,,,,,,,,,,,,,,,,,,,,,,,,,,,,,,,,,,,,,,,,,,,,,
,,6007421356226920359b5f3e,2025-08-11_11h58.11.883,CFMT_CCMT_Face_recognition,03.02.2023,Win32,144.092219,6007421356226920359b5f3e,6899c7d7c4c961a016830ad3,6899c9b198c77f2e0d49d774,,,,,,,,,,,,,,,,,,,,,,,,,,,,,,,,,,,,,,,,,,,,,,,,,,,,,,,,,,,,,,,,,,,,,,,,,,,,,,,,,,,,,,,,,,,,,,,,1583.904,1584.404,,,,,,,,,,,,,,,,,,,,,,,,,,,,,,,stimuli/Dan_frontal_study.jpg,stimuli/D2_Identical_Frontal.jpg,3,1581.003,1583.904,3,1,2.894,,0,1,1,1,1,,,,,,,,,,,,,,,,,,,,,,,,,,,,,,,,,,,,,,,,,,,,,,,,,
,,6007421356226920359b5f3e,2025-08-11_11h58.11.883,CFMT_CCMT_Face_recognition,03.02.2023,Win32,144.092219,6007421356226920359b5f3e,6899c7d7c4c961a016830ad3,6899c9b198c77f2e0d49d774,,,,,,,,,,,,,,,,,,,,,,,,,,,,,,,,,,,,,,,,,,,,,,,,,,,,,,,,,,,,,,,,,,,,,,,,,,,,,,,,,,,,,,,,,,,,,,,,1586.348,1586.848,,,,,,,,,,,,,,,,,,,,,,,,,,,,,,,stimuli/Dan_Right_Frontal.jpg,stimuli/D3_Identical_Right.jpg,3,1584.405,1586.348,3,1,1.934,,0,2,2,2,1,,,,,,,,,,,,,,,,,,,,,,,,,,,,,,,,,,,,,,,,,,,,,,,,,
,,6007421356226920359b5f3e,2025-08-11_11h58.11.883,CFMT_CCMT_Face_recognition,03.02.2023,Win32,144.092219,6007421356226920359b5f3e,6899c7d7c4c961a016830ad3,6899c9b198c77f2e0d49d774,,,,,,,,,,,,,,,,,,,,,,,,,,,,,,,,,,,,,,,,,,,,,,,,,,,,,,,,,,,,,,,,,,,,,,,,,,,,,,,,,,,,,,,,,,,,,,,,1591.57,1592.07,,,,,,,,,,,,,,,,,,,,,,1586.849,1588.07,1588.57,1591.57,0,0,0,0,1,stimuli/Jim_left.jpg,stimuli/J_1_Iden_L.jpg,3,,,,,,,,,,,,,,,,,,,,,,,,,,,,,,,,,,,,,,,,,,,,,,,,,,,,,,,,,,,,
,,6007421356226920359b5f3e,2025-08-11_11h58.11.883,CFMT_CCMT_Face_recognition,03.02.2023,Win32,144.092219,6007421356226920359b5f3e,6899c7d7c4c961a016830ad3,6899c9b198c77f2e0d49d774,,,,,,,,,,,,,,,,,,,,,,,,,,,,,,,,,,,,,,,,,,,,,,,,,,,,,,,,,,,,,,,,,,,,,,,,,,,,,,,,,,,,,,,,,,,,,,,,1595.569,1596.069,,,,,,,,,,,,,,,,,,,,,,,,1592.571,1595.569,0,1,1,1,1,stimuli/Jim_front.jpg,stimuli/J_2_Iden_Front.jpg,3,,,,,,,,,,,,,,,,,,,,,,,,,,,,,,,,,,,,,,,,,,,,,,,,,,,,,,,,,,,,
,,6007421356226920359b5f3e,2025-08-11_11h58.11.883,CFMT_CCMT_Face_recognition,03.02.2023,Win32,144.092219,6007421356226920359b5f3e,6899c7d7c4c961a016830ad3,6899c9b198c77f2e0d49d774,,,,,,,,,,,,,,,,,,,,,,,,,,,,,,,,,,,,,,,,,,,,,,,,,,,,,,,,,,,,,,,,,,,,,,,,,,,,,,,,,,,,,,,,,,,,,,,,1599.568,1600.068,,,,,,,,,,,,,,,,,,,,,,,,1596.569,1599.568,0,2,2,2,1,stimuli/Jim_right.jpg,stimuli/J_3_Iden_R.jpg,1,,,,,,,,,,,,,,,,,,,,,,,,,,,,,,,,,,,,,,,,,,,,,,,,,,,,,,,,,,,,
,,6007421356226920359b5f3e,2025-08-11_11h58.11.883,CFMT_CCMT_Face_recognition,03.02.2023,Win32,144.092219,6007421356226920359b5f3e,6899c7d7c4c961a016830ad3,6899c9b198c77f2e0d49d774,,,,,,,,,,,,,,,,,,,,,,,,,,,,,,,,,,,,,,,,,,,,,,,,,,,,,,,,,,,,,,,,,,,,,,,,,,,,,,,,,,,,,,,,,,,,,,,,1602.074,1602.574,,,,,,,,,,,,,,,,,,,,,,,,,,,,,,,stimuli/Jim_left.jpg,stimuli/J_1_Iden_L.jpg,3,1600.075,1602.074,3,1,1.994,,0,0,0,0,1,,,,,,,,,,,,,,,,,,,,,,,,,,,,,,,,,,,,,,,,,,,,,,,,,
,,6007421356226920359b5f3e,2025-08-11_11h58.11.883,CFMT_CCMT_Face_recognition,03.02.2023,Win32,144.092219,6007421356226920359b5f3e,6899c7d7c4c961a016830ad3,6899c9b198c77f2e0d49d774,,,,,,,,,,,,,,,,,,,,,,,,,,,,,,,,,,,,,,,,,,,,,,,,,,,,,,,,,,,,,,,,,,,,,,,,,,,,,,,,,,,,,,,,,,,,,,,,1604.241,1604.741,,,,,,,,,,,,,,,,,,,,,,,,,,,,,,,stimuli/Jim_front.jpg,stimuli/J_2_Iden_Front.jpg,3,1602.575,1604.24,3,1,1.658,,0,1,1,1,1,,,,,,,,,,,,,,,,,,,,,,,,,,,,,,,,,,,,,,,,,,,,,,,,,
,,6007421356226920359b5f3e,2025-08-11_11h58.11.883,CFMT_CCMT_Face_recognition,03.02.2023,Win32,144.092219,6007421356226920359b5f3e,6899c7d7c4c961a016830ad3,6899c9b198c77f2e0d49d774,,,,,,,,,,,,,,,,,,,,,,,,,,,,,,,,,,,,,,,,,,,,,,,,,,,,,,,,,,,,,,,,,,,,,,,,,,,,,,,,,,,,,,,,,,,,,,,,1606.337,1606.837,,,,,,,,,,,,,,,,,,,,,,,,,,,,,,,stimuli/Jim_right.jpg,stimuli/J_3_Iden_R.jpg,1,1604.741,1606.337,1,1,1.589,,0,2,2,2,1,,,,,,,,,,,,,,,,,,,,,,,,,,,,,,,,,,,,,,,,,,,,,,,,,
,,6007421356226920359b5f3e,2025-08-11_11h58.11.883,CFMT_CCMT_Face_recognition,03.02.2023,Win32,144.092219,6007421356226920359b5f3e,6899c7d7c4c961a016830ad3,6899c9b198c77f2e0d49d774,,,,,,,,,,,,,,,,,,,,,,,,,,,,,,,,,,,,,,,,,,,,,,,,,,,,,,,,,,,,,,,,,,,,,,,,,,,,,,,,,,,,,,,,,,,,,,,,1611.712,1612.211,,,,,,,,,,,,,,,,,,,,,,1606.838,1608.212,1608.713,1611.712,0,0,0,0,1,stimuli/Matt_left_cropped.jpg,stimuli/M_1_Iden_L.jpg,2,,,,,,,,,,,,,,,,,,,,,,,,,,,,,,,,,,,,,,,,,,,,,,,,,,,,,,,,,,,,
,,6007421356226920359b5f3e,2025-08-11_11h58.11.883,CFMT_CCMT_Face_recognition,03.02.2023,Win32,144.092219,6007421356226920359b5f3e,6899c7d7c4c961a016830ad3,6899c9b198c77f2e0d49d774,,,,,,,,,,,,,,,,,,,,,,,,,,,,,,,,,,,,,,,,,,,,,,,,,,,,,,,,,,,,,,,,,,,,,,,,,,,,,,,,,,,,,,,,,,,,,,,,1615.711,1616.211,,,,,,,,,,,,,,,,,,,,,,,,1612.711,1615.711,0,1,1,1,1,stimuli/Matt_front.jpg,stimuli/M_2_Iden_Front.jpg,3,,,,,,,,,,,,,,,,,,,,,,,,,,,,,,,,,,,,,,,,,,,,,,,,,,,,,,,,,,,,
,,6007421356226920359b5f3e,2025-08-11_11h58.11.883,CFMT_CCMT_Face_recognition,03.02.2023,Win32,144.092219,6007421356226920359b5f3e,6899c7d7c4c961a016830ad3,6899c9b198c77f2e0d49d774,,,,,,,,,,,,,,,,,,,,,,,,,,,,,,,,,,,,,,,,,,,,,,,,,,,,,,,,,,,,,,,,,,,,,,,,,,,,,,,,,,,,,,,,,,,,,,,,1619.719,1620.219,,,,,,,,,,,,,,,,,,,,,,,,1616.71,1619.718,0,2,2,2,1,stimuli/Matt_right_cropped.jpg,stimuli/M_3_Iden_R.jpg,1,,,,,,,,,,,,,,,,,,,,,,,,,,,,,,,,,,,,,,,,,,,,,,,,,,,,,,,,,,,,
,,6007421356226920359b5f3e,2025-08-11_11h58.11.883,CFMT_CCMT_Face_recognition,03.02.2023,Win32,144.092219,6007421356226920359b5f3e,6899c7d7c4c961a016830ad3,6899c9b198c77f2e0d49d774,,,,,,,,,,,,,,,,,,,,,,,,,,,,,,,,,,,,,,,,,,,,,,,,,,,,,,,,,,,,,,,,,,,,,,,,,,,,,,,,,,,,,,,,,,,,,,,,1622.508,1623.01,,,,,,,,,,,,,,,,,,,,,,,,,,,,,,,stimuli/Matt_left_cropped.jpg,stimuli/M_1_Iden_L.jpg,2,1620.224,1622.508,2,1,2.275,,0,0,0,0,1,,,,,,,,,,,,,,,,,,,,,,,,,,,,,,,,,,,,,,,,,,,,,,,,,
,,6007421356226920359b5f3e,2025-08-11_11h58.11.883,CFMT_CCMT_Face_recognition,03.02.2023,Win32,144.092219,6007421356226920359b5f3e,6899c7d7c4c961a016830ad3,6899c9b198c77f2e0d49d774,,,,,,,,,,,,,,,,,,,,,,,,,,,,,,,,,,,,,,,,,,,,,,,,,,,,,,,,,,,,,,,,,,,,,,,,,,,,,,,,,,,,,,,,,,,,,,,,1625.043,1625.543,,,,,,,,,,,,,,,,,,,,,,,,,,,,,,,stimuli/Matt_front.jpg,stimuli/M_2_Iden_Front.jpg,3,1623.01,1625.043,3,1,2.026,,0,1,1,1,1,,,,,,,,,,,,,,,,,,,,,,,,,,,,,,,,,,,,,,,,,,,,,,,,,
,,6007421356226920359b5f3e,2025-08-11_11h58.11.883,CFMT_CCMT_Face_recognition,03.02.2023,Win32,144.092219,6007421356226920359b5f3e,6899c7d7c4c961a016830ad3,6899c9b198c77f2e0d49d774,,,,,,,,,,,,,,,,,,,,,,,,,,,,,,,,,,,,,,,,,,,,,,,,,,,,,,,,,,,,,,,,,,,,,,,,,,,,,,,,,,,,,,,,,,,,,,,,1629.189,1629.687,,,,,,,,,,,,,,,,,,,,,,,,,,,,,,,stimuli/Matt_right_cropped.jpg,stimuli/M_3_Iden_R.jpg,1,1625.543,1629.189,1,1,3.639,,0,2,2,2,1,,,,,,,,,,,,,,,,,,,,,,,,,,,,,,,,,,,,,,,,,,,,,,,,,
,,6007421356226920359b5f3e,2025-08-11_11h58.11.883,CFMT_CCMT_Face_recognition,03.02.2023,Win32,144.092219,6007421356226920359b5f3e,6899c7d7c4c961a016830ad3,6899c9b198c77f2e0d49d774,,,,,,,,,,,,,,,,,,,,,,,,,,,,,,,,,,,,,,,,,,,,,,,,,,,,,,,,,,,,,,,,,,,,,,,,,,,,,,,,,,,,,,,,,,,,,,,,1666.875,1667.374,,,,,,,,,,,,,,,,,,,,,,1629.688,1663.369,1663.876,1666.875,0,0,0,0,1,stimuli/Nate_left_cropped.jpg,stimuli/N_1_Iden_L.jpg,3,,,,,,,,,,,,,,,,,,,,,,,,,,,,,,,,,,,,,,,,,,,,,,,,,,,,,,,,,,,,
,,6007421356226920359b5f3e,2025-08-11_11h58.11.883,CFMT_CCMT_Face_recognition,03.02.2023,Win32,144.092219,6007421356226920359b5f3e,6899c7d7c4c961a016830ad3,6899c9b198c77f2e0d49d774,,,,,,,,,,,,,,,,,,,,,,,,,,,,,,,,,,,,,,,,,,,,,,,,,,,,,,,,,,,,,,,,,,,,,,,,,,,,,,,,,,,,,,,,,,,,,,,,1670.874,1671.374,,,,,,,,,,,,,,,,,,,,,,,,1667.875,1670.874,0,1,1,1,1,stimuli/Nate_front_cropped.jpg,stimuli/N_2_Iden_Front.jpg,1,,,,,,,,,,,,,,,,,,,,,,,,,,,,,,,,,,,,,,,,,,,,,,,,,,,,,,,,,,,,
,,6007421356226920359b5f3e,2025-08-11_11h58.11.883,CFMT_CCMT_Face_recognition,03.02.2023,Win32,144.092219,6007421356226920359b5f3e,6899c7d7c4c961a016830ad3,6899c9b198c77f2e0d49d774,,,,,,,,,,,,,,,,,,,,,,,,,,,,,,,,,,,,,,,,,,,,,,,,,,,,,,,,,,,,,,,,,,,,,,,,,,,,,,,,,,,,,,,,,,,,,,,,1674.873,1675.373,,,,,,,,,,,,,,,,,,,,,,,,1671.873,1674.873,0,2,2,2,1,stimuli/Nate_right_cropped.jpg,stimuli/N_3_Iden_R.jpg,3,,,,,,,,,,,,,,,,,,,,,,,,,,,,,,,,,,,,,,,,,,,,,,,,,,,,,,,,,,,,
,,6007421356226920359b5f3e,2025-08-11_11h58.11.883,CFMT_CCMT_Face_recognition,03.02.2023,Win32,144.092219,6007421356226920359b5f3e,6899c7d7c4c961a016830ad3,6899c9b198c77f2e0d49d774,,,,,,,,,,,,,,,,,,,,,,,,,,,,,,,,,,,,,,,,,,,,,,,,,,,,,,,,,,,,,,,,,,,,,,,,,,,,,,,,,,,,,,,,,,,,,,,,1677.422,1677.921,,,,,,,,,,,,,,,,,,,,,,,,,,,,,,,stimuli/Nate_left_cropped.jpg,stimuli/N_1_Iden_L.jpg,3,1675.376,1677.422,3,1,2.038,,0,0,0,0,1,,,,,,,,,,,,,,,,,,,,,,,,,,,,,,,,,,,,,,,,,,,,,,,,,
,,6007421356226920359b5f3e,2025-08-11_11h58.11.883,CFMT_CCMT_Face_recognition,03.02.2023,Win32,144.092219,6007421356226920359b5f3e,6899c7d7c4c961a016830ad3,6899c9b198c77f2e0d49d774,,,,,,,,,,,,,,,,,,,,,,,,,,,,,,,,,,,,,,,,,,,,,,,,,,,,,,,,,,,,,,,,,,,,,,,,,,,,,,,,,,,,,,,,,,,,,,,,1679.699,1680.199,,,,,,,,,,,,,,,,,,,,,,,,,,,,,,,stimuli/Nate_front_cropped.jpg,stimuli/N_2_Iden_Front.jpg,1,1677.922,1679.699,1,1,1.77,,0,1,1,1,1,,,,,,,,,,,,,,,,,,,,,,,,,,,,,,,,,,,,,,,,,,,,,,,,,
,,6007421356226920359b5f3e,2025-08-11_11h58.11.883,CFMT_CCMT_Face_recognition,03.02.2023,Win32,144.092219,6007421356226920359b5f3e,6899c7d7c4c961a016830ad3,6899c9b198c77f2e0d49d774,,,,,,,,,,,,,,,,,,,,,,,,,,,,,,,,,,,,,,,,,,,,,,,,,,,,,,,,,,,,,,,,,,,,,,,,,,,,,,,,,,,,,,,,,,,,,,,,1681.615,1682.113,,,,,,,,,,,,,,,,,,,,,,,,,,,,,,,stimuli/Nate_right_cropped.jpg,stimuli/N_3_Iden_R.jpg,3,1680.199,1681.615,3,1,1.409,,0,2,2,2,1,,,,,,,,,,,,,,,,,,,,,,,,,,,,,,,,,,,,,,,,,,,,,,,,,
,,6007421356226920359b5f3e,2025-08-11_11h58.11.883,CFMT_CCMT_Face_recognition,03.02.2023,Win32,144.092219,6007421356226920359b5f3e,6899c7d7c4c961a016830ad3,6899c9b198c77f2e0d49d774,,,,,,,,,,,,,,,,,,,,,,,,,,,,,,,,,,,,,,,,,,,,,,,,,,,,,,,,,,,,,,,,,,,,,,,,,,,,,,,,,,,,,,,,,,,,,,,,1686.586,1687.086,,,,,,,,,,,,,,,,,,,,,,1682.116,1683.087,1683.587,1686.586,0,0,0,0,1,stimuli/Zack_Left_cropped.jpg,stimuli/Z_1_Iden_L.jpg,1,,,,,,,,,,,,,,,,,,,,,,,,,,,,,,,,,,,,,,,,,,,,,,,,,,,,,,,,,,,,
,,6007421356226920359b5f3e,2025-08-11_11h58.11.883,CFMT_CCMT_Face_recognition,03.02.2023,Win32,144.092219,6007421356226920359b5f3e,6899c7d7c4c961a016830ad3,6899c9b198c77f2e0d49d774,,,,,,,,,,,,,,,,,,,,,,,,,,,,,,,,,,,,,,,,,,,,,,,,,,,,,,,,,,,,,,,,,,,,,,,,,,,,,,,,,,,,,,,,,,,,,,,,1690.586,1691.086,,,,,,,,,,,,,,,,,,,,,,,,1687.586,1690.586,0,1,1,1,1,stimuli/Zack_Front_cropped.jpg,stimuli/Z_2_Iden_Front.jpg,3,,,,,,,,,,,,,,,,,,,,,,,,,,,,,,,,,,,,,,,,,,,,,,,,,,,,,,,,,,,,
,,6007421356226920359b5f3e,2025-08-11_11h58.11.883,CFMT_CCMT_Face_recognition,03.02.2023,Win32,144.092219,6007421356226920359b5f3e,6899c7d7c4c961a016830ad3,6899c9b198c77f2e0d49d774,,,,,,,,,,,,,,,,,,,,,,,,,,,,,,,,,,,,,,,,,,,,,,,,,,,,,,,,,,,,,,,,,,,,,,,,,,,,,,,,,,,,,,,,,,,,,,,,1694.585,1695.085,,,,,,,,,,,,,,,,,,,,,,,,1691.586,1694.585,0,2,2,2,1,stimuli/Zack_Right_Cropped.jpg,stimuli/Z_3_Iden_R.jpg,1,,,,,,,,,,,,,,,,,,,,,,,,,,,,,,,,,,,,,,,,,,,,,,,,,,,,,,,,,,,,
,,6007421356226920359b5f3e,2025-08-11_11h58.11.883,CFMT_CCMT_Face_recognition,03.02.2023,Win32,144.092219,6007421356226920359b5f3e,6899c7d7c4c961a016830ad3,6899c9b198c77f2e0d49d774,,,,,,,,,,,,,,,,,,,,,,,,,,,,,,,,,,,,,,,,,,,,,,,,,,,,,,,,,,,,,,,,,,,,,,,,,,,,,,,,,,,,,,,,,,,,,,,,1697.202,1697.702,,,,,,,,,,,,,,,,,,,,,,,,,,,,,,,stimuli/Zack_Left_cropped.jpg,stimuli/Z_1_Iden_L.jpg,1,1695.087,1697.202,1,1,2.107,,0,0,0,0,1,,,,,,,,,,,,,,,,,,,,,,,,,,,,,,,,,,,,,,,,,,,,,,,,,
,,6007421356226920359b5f3e,2025-08-11_11h58.11.883,CFMT_CCMT_Face_recognition,03.02.2023,Win32,144.092219,6007421356226920359b5f3e,6899c7d7c4c961a016830ad3,6899c9b198c77f2e0d49d774,,,,,,,,,,,,,,,,,,,,,,,,,,,,,,,,,,,,,,,,,,,,,,,,,,,,,,,,,,,,,,,,,,,,,,,,,,,,,,,,,,,,,,,,,,,,,,,,1699.348,1699.847,,,,,,,,,,,,,,,,,,,,,,,,,,,,,,,stimuli/Zack_Front_cropped.jpg,stimuli/Z_2_Iden_Front.jpg,3,1697.702,1699.348,3,1,1.638,,0,1,1,1,1,,,,,,,,,,,,,,,,,,,,,,,,,,,,,,,,,,,,,,,,,,,,,,,,,
,,6007421356226920359b5f3e,2025-08-11_11h58.11.883,CFMT_CCMT_Face_recognition,03.02.2023,Win32,144.092219,6007421356226920359b5f3e,6899c7d7c4c961a016830ad3,6899c9b198c77f2e0d49d774,,,,,,,,,,,,,,,,,,,,,,,,,,,,,,,,,,,,,,,,,,,,,,,,,,,,,,,,,,,,,,,,,,,,,,,,,,,,,,,,,,,,,,,,,,,,,,,,1702.438,1702.939,,,,,,,,,,,,,,,,,,,,,,,,,,,,,,,stimuli/Zack_Right_Cropped.jpg,stimuli/Z_3_Iden_R.jpg,1,1699.847,1702.438,1,1,2.584,,0,2,2,2,1,,,,,,,,,,,,,,,,,,,,,,,,,,,,,,,,,,,,,,,,,,,,,,,,,
,,6007421356226920359b5f3e,2025-08-11_11h58.11.883,CFMT_CCMT_Face_recognition,03.02.2023,Win32,144.092219,6007421356226920359b5f3e,6899c7d7c4c961a016830ad3,6899c9b198c77f2e0d49d774,,,,,,,,,,,,,,,,,,,,,,,,,,,,,,,,,,,,,,,,,,,,,,,,,,,,,,,,,,,,,,,,,,,,,,,,,,,,,,,,,,,,,,,,,,,,,,,,1733.417,1733.912,,,,,,,,,,,,,,,,,,,,,,,,,,,,,,,,,,,,,,,,,,,,,1702.939,1704.785,1705.284,1725.28,1725.78,1730.259,1730.764,1730.766,1730.766,1730.766,1730.769,1733.417,1,1,2.642,,0,0,0,0,1,stimuli/M_5_Front_Halflit.jpg,1,,,,,,,,,,,,,,,,,,,,,,,,,,
,,6007421356226920359b5f3e,2025-08-11_11h58.11.883,CFMT_CCMT_Face_recognition,03.02.2023,Win32,144.092219,6007421356226920359b5f3e,6899c7d7c4c961a016830ad3,6899c9b198c77f2e0d49d774,,,,,,,,,,,,,,,,,,,,,,,,,,,,,,,,,,,,,,,,,,,,,,,,,,,,,,,,,,,,,,,,,,,,,,,,,,,,,,,,,,,,,,,,,,,,,,,,1737.139,1737.639,,,,,,,,,,,,,,,,,,,,,,,,,,,,,,,,,,,,,,,,,,,,,,,,,,,,,,,1733.912,1737.139,2,1,3.219,,0,1,1,1,1,stimuli/N_8_13_R_Pro_dark.jpg,2,,,,,,,,,,,,,,,,,,,,,,,,,,
,,6007421356226920359b5f3e,2025-08-11_11h58.11.883,CFMT_CCMT_Face_recognition,03.02.2023,Win32,144.092219,6007421356226920359b5f3e,6899c7d7c4c961a016830ad3,6899c9b198c77f2e0d49d774,,,,,,,,,,,,,,,,,,,,,,,,,,,,,,,,,,,,,,,,,,,,,,,,,,,,,,,,,,,,,,,,,,,,,,,,,,,,,,,,,,,,,,,,,,,,,,,,1740.666,1741.166,,,,,,,,,,,,,,,,,,,,,,,,,,,,,,,,,,,,,,,,,,,,,,,,,,,,,,,1737.639,1740.666,1,1,3.019,,0,2,2,2,1,stimuli/Z_6_23_Pro_L.jpg,1,,,,,,,,,,,,,,,,,,,,,,,,,,
,,6007421356226920359b5f3e,2025-08-11_11h58.11.883,CFMT_CCMT_Face_recognition,03.02.2023,Win32,144.092219,6007421356226920359b5f3e,6899c7d7c4c961a016830ad3,6899c9b198c77f2e0d49d774,,,,,,,,,,,,,,,,,,,,,,,,,,,,,,,,,,,,,,,,,,,,,,,,,,,,,,,,,,,,,,,,,,,,,,,,,,,,,,,,,,,,,,,,,,,,,,,,1746.116,1746.616,,,,,,,,,,,,,,,,,,,,,,,,,,,,,,,,,,,,,,,,,,,,,,,,,,,,,,,1741.166,1746.116,2,0,4.942,,0,3,3,3,1,stimuli/D5_Halflit_Frontal.jpg,3,,,,,,,,,,,,,,,,,,,,,,,,,,
,,6007421356226920359b5f3e,2025-08-11_11h58.11.883,CFMT_CCMT_Face_recognition,03.02.2023,Win32,144.092219,6007421356226920359b5f3e,6899c7d7c4c961a016830ad3,6899c9b198c77f2e0d49d774,,,,,,,,,,,,,,,,,,,,,,,,,,,,,,,,,,,,,,,,,,,,,,,,,,,,,,,,,,,,,,,,,,,,,,,,,,,,,,,,,,,,,,,,,,,,,,,,1751.664,1752.164,,,,,,,,,,,,,,,,,,,,,,,,,,,,,,,,,,,,,,,,,,,,,,,,,,,,,,,1746.616,1751.664,2,0,5.042,,0,4,4,4,1,stimuli/B7_Bottomlit_Frontal.jpg,3,,,,,,,,,,,,,,,,,,,,,,,,,,
,,6007421356226920359b5f3e,2025-08-11_11h58.11.883,CFMT_CCMT_Face_recognition,03.02.2023,Win32,144.092219,6007421356226920359b5f3e,6899c7d7c4c961a016830ad3,6899c9b198c77f2e0d49d774,,,,,,,,,,,,,,,,,,,,,,,,,,,,,,,,,,,,,,,,,,,,,,,,,,,,,,,,,,,,,,,,,,,,,,,,,,,,,,,,,,,,,,,,,,,,,,,,1753.99,1754.489,,,,,,,,,,,,,,,,,,,,,,,,,,,,,,,,,,,,,,,,,,,,,,,,,,,,,,,1752.166,1753.99,2,1,1.818,,0,5,5,5,1,stimuli/J_6_23_L_Pro.jpg,2,,,,,,,,,,,,,,,,,,,,,,,,,,
,,6007421356226920359b5f3e,2025-08-11_11h58.11.883,CFMT_CCMT_Face_recognition,03.02.2023,Win32,144.092219,6007421356226920359b5f3e,6899c7d7c4c961a016830ad3,6899c9b198c77f2e0d49d774,,,,,,,,,,,,,,,,,,,,,,,,,,,,,,,,,,,,,,,,,,,,,,,,,,,,,,,,,,,,,,,,,,,,,,,,,,,,,,,,,,,,,,,,,,,,,,,,1756.684,1757.185,,,,,,,,,,,,,,,,,,,,,,,,,,,,,,,,,,,,,,,,,,,,,,,,,,,,,,,1754.49,1756.684,2,0,2.187,,0,6,6,6,1,stimuli/D7_Bottomlit_Frontal.jpg,1,,,,,,,,,,,,,,,,,,,,,,,,,,
,,6007421356226920359b5f3e,2025-08-11_11h58.11.883,CFMT_CCMT_Face_recognition,03.02.2023,Win32,144.092219,6007421356226920359b5f3e,6899c7d7c4c961a016830ad3,6899c9b198c77f2e0d49d774,,,,,,,,,,,,,,,,,,,,,,,,,,,,,,,,,,,,,,,,,,,,,,,,,,,,,,,,,,,,,,,,,,,,,,,,,,,,,,,,,,,,,,,,,,,,,,,,1761.87,1762.371,,,,,,,,,,,,,,,,,,,,,,,,,,,,,,,,,,,,,,,,,,,,,,,,,,,,,,,1757.185,1761.87,3,1,4.68,,0,7,7,7,1,stimuli/Z_5_Front_Half.jpg,3,,,,,,,,,,,,,,,,,,,,,,,,,,
,,6007421356226920359b5f3e,2025-08-11_11h58.11.883,CFMT_CCMT_Face_recognition,03.02.2023,Win32,144.092219,6007421356226920359b5f3e,6899c7d7c4c961a016830ad3,6899c9b198c77f2e0d49d774,,,,,,,,,,,,,,,,,,,,,,,,,,,,,,,,,,,,,,,,,,,,,,,,,,,,,,,,,,,,,,,,,,,,,,,,,,,,,,,,,,,,,,,,,,,,,,,,1766.648,1767.148,,,,,,,,,,,,,,,,,,,,,,,,,,,,,,,,,,,,,,,,,,,,,,,,,,,,,,,1762.371,1766.647,2,1,4.269,,0,8,8,8,1,stimuli/M_6_23_L_Pro.jpg,2,,,,,,,,,,,,,,,,,,,,,,,,,,
,,6007421356226920359b5f3e,2025-08-11_11h58.11.883,CFMT_CCMT_Face_recognition,03.02.2023,Win32,144.092219,6007421356226920359b5f3e,6899c7d7c4c961a016830ad3,6899c9b198c77f2e0d49d774,,,,,,,,,,,,,,,,,,,,,,,,,,,,,,,,,,,,,,,,,,,,,,,,,,,,,,,,,,,,,,,,,,,,,,,,,,,,,,,,,,,,,,,,,,,,,,,,1768.952,1769.452,,,,,,,,,,,,,,,,,,,,,,,,,,,,,,,,,,,,,,,,,,,,,,,,,,,,,,,1767.148,1768.952,3,1,1.797,,0,9,9,9,1,stimuli/J_7_Bottom_Lit.jpg,3,,,,,,,,,,,,,,,,,,,,,,,,,,
,,6007421356226920359b5f3e,2025-08-11_11h58.11.883,CFMT_CCMT_Face_recognition,03.02.2023,Win32,144.092219,6007421356226920359b5f3e,6899c7d7c4c961a016830ad3,6899c9b198c77f2e0d49d774,,,,,,,,,,,,,,,,,,,,,,,,,,,,,,,,,,,,,,,,,,,,,,,,,,,,,,,,,,,,,,,,,,,,,,,,,,,,,,,,,,,,,,,,,,,,,,,,1772.695,1773.194,,,,,,,,,,,,,,,,,,,,,,,,,,,,,,,,,,,,,,,,,,,,,,,,,,,,,,,1769.453,1772.695,2,1,3.235,,0,10,10,10,1,stimuli/N_4_23_R_Pro.jpg,2,,,,,,,,,,,,,,,,,,,,,,,,,,
,,6007421356226920359b5f3e,2025-08-11_11h58.11.883,CFMT_CCMT_Face_recognition,03.02.2023,Win32,144.092219,6007421356226920359b5f3e,6899c7d7c4c961a016830ad3,6899c9b198c77f2e0d49d774,,,,,,,,,,,,,,,,,,,,,,,,,,,,,,,,,,,,,,,,,,,,,,,,,,,,,,,,,,,,,,,,,,,,,,,,,,,,,,,,,,,,,,,,,,,,,,,,1776.173,1776.673,,,,,,,,,,,,,,,,,,,,,,,,,,,,,,,,,,,,,,,,,,,,,,,,,,,,,,,1773.195,1776.173,3,1,2.97,,0,11,11,11,1,stimuli/M_8_13_R_Pro_dark.jpg,3,,,,,,,,,,,,,,,,,,,,,,,,,,
,,6007421356226920359b5f3e,2025-08-11_11h58.11.883,CFMT_CCMT_Face_recognition,03.02.2023,Win32,144.092219,6007421356226920359b5f3e,6899c7d7c4c961a016830ad3,6899c9b198c77f2e0d49d774,,,,,,,,,,,,,,,,,,,,,,,,,,,,,,,,,,,,,,,,,,,,,,,,,,,,,,,,,,,,,,,,,,,,,,,,,,,,,,,,,,,,,,,,,,,,,,,,1778.68,1779.179,,,,,,,,,,,,,,,,,,,,,,,,,,,,,,,,,,,,,,,,,,,,,,,,,,,,,,,1776.674,1778.68,2,1,1.999,,0,12,12,12,1,stimuli/J_5_Front_Halflit.jpg,2,,,,,,,,,,,,,,,,,,,,,,,,,,
,,6007421356226920359b5f3e,2025-08-11_11h58.11.883,CFMT_CCMT_Face_recognition,03.02.2023,Win32,144.092219,6007421356226920359b5f3e,6899c7d7c4c961a016830ad3,6899c9b198c77f2e0d49d774,,,,,,,,,,,,,,,,,,,,,,,,,,,,,,,,,,,,,,,,,,,,,,,,,,,,,,,,,,,,,,,,,,,,,,,,,,,,,,,,,,,,,,,,,,,,,,,,1781.922,1782.422,,,,,,,,,,,,,,,,,,,,,,,,,,,,,,,,,,,,,,,,,,,,,,,,,,,,,,,1779.179,1781.922,1,1,2.734,,0,13,13,13,1,stimuli/N_7_Front_Bot.jpg,1,,,,,,,,,,,,,,,,,,,,,,,,,,
,,6007421356226920359b5f3e,2025-08-11_11h58.11.883,CFMT_CCMT_Face_recognition,03.02.2023,Win32,144.092219,6007421356226920359b5f3e,6899c7d7c4c961a016830ad3,6899c9b198c77f2e0d49d774,,,,,,,,,,,,,,,,,,,,,,,,,,,,,,,,,,,,,,,,,,,,,,,,,,,,,,,,,,,,,,,,,,,,,,,,,,,,,,,,,,,,,,,,,,,,,,,,1785.214,1785.713,,,,,,,,,,,,,,,,,,,,,,,,,,,,,,,,,,,,,,,,,,,,,,,,,,,,,,,1782.424,1785.214,3,0,2.782,,0,14,14,14,1,stimuli/Z_4_23_Pro_R.jpg,2,,,,,,,,,,,,,,,,,,,,,,,,,,
,,6007421356226920359b5f3e,2025-08-11_11h58.11.883,CFMT_CCMT_Face_recognition,03.02.2023,Win32,144.092219,6007421356226920359b5f3e,6899c7d7c4c961a016830ad3,6899c9b198c77f2e0d49d774,,,,,,,,,,,,,,,,,,,,,,,,,,,,,,,,,,,,,,,,,,,,,,,,,,,,,,,,,,,,,,,,,,,,,,,,,,,,,,,,,,,,,,,,,,,,,,,,1788.699,1789.199,,,,,,,,,,,,,,,,,,,,,,,,,,,,,,,,,,,,,,,,,,,,,,,,,,,,,,,1785.713,1788.699,3,0,2.978,,0,15,15,15,1,stimuli/D8_13_Profile_R.jpg,2,,,,,,,,,,,,,,,,,,,,,,,,,,
,,6007421356226920359b5f3e,2025-08-11_11h58.11.883,CFMT_CCMT_Face_recognition,03.02.2023,Win32,144.092219,6007421356226920359b5f3e,6899c7d7c4c961a016830ad3,6899c9b198c77f2e0d49d774,,,,,,,,,,,,,,,,,,,,,,,,,,,,,,,,,,,,,,,,,,,,,,,,,,,,,,,,,,,,,,,,,,,,,,,,,,,,,,,,,,,,,,,,,,,,,,,,1792.088,1792.587,,,,,,,,,,,,,,,,,,,,,,,,,,,,,,,,,,,,,,,,,,,,,,,,,,,,,,,1789.2,1792.088,2,1,2.882,,0,16,16,16,1,stimuli/M_7_Front_Bot.jpg,2,,,,,,,,,,,,,,,,,,,,,,,,,,
,,6007421356226920359b5f3e,2025-08-11_11h58.11.883,CFMT_CCMT_Face_recognition,03.02.2023,Win32,144.092219,6007421356226920359b5f3e,6899c7d7c4c961a016830ad3,6899c9b198c77f2e0d49d774,,,,,,,,,,,,,,,,,,,,,,,,,,,,,,,,,,,,,,,,,,,,,,,,,,,,,,,,,,,,,,,,,,,,,,,,,,,,,,,,,,,,,,,,,,,,,,,,1797.655,1798.155,,,,,,,,,,,,,,,,,,,,,,,,,,,,,,,,,,,,,,,,,,,,,,,,,,,,,,,1792.587,1797.655,2,1,5.061,,0,17,17,17,1,stimuli/B4_23_pro_ri.jpg,2,,,,,,,,,,,,,,,,,,,,,,,,,,
,,6007421356226920359b5f3e,2025-08-11_11h58.11.883,CFMT_CCMT_Face_recognition,03.02.2023,Win32,144.092219,6007421356226920359b5f3e,6899c7d7c4c961a016830ad3,6899c9b198c77f2e0d49d774,,,,,,,,,,,,,,,,,,,,,,,,,,,,,,,,,,,,,,,,,,,,,,,,,,,,,,,,,,,,,,,,,,,,,,,,,,,,,,,,,,,,,,,,,,,,,,,,1801.37,1801.87,,,,,,,,,,,,,,,,,,,,,,,,,,,,,,,,,,,,,,,,,,,,,,,,,,,,,,,1798.155,1801.37,2,0,3.208,,0,18,18,18,1,stimuli/D6_23_Profile_L.jpg,1,,,,,,,,,,,,,,,,,,,,,,,,,,
,,6007421356226920359b5f3e,2025-08-11_11h58.11.883,CFMT_CCMT_Face_recognition,03.02.2023,Win32,144.092219,6007421356226920359b5f3e,6899c7d7c4c961a016830ad3,6899c9b198c77f2e0d49d774,,,,,,,,,,,,,,,,,,,,,,,,,,,,,,,,,,,,,,,,,,,,,,,,,,,,,,,,,,,,,,,,,,,,,,,,,,,,,,,,,,,,,,,,,,,,,,,,1804.001,1804.501,,,,,,,,,,,,,,,,,,,,,,,,,,,,,,,,,,,,,,,,,,,,,,,,,,,,,,,1801.87,1804.001,3,1,2.124,,0,19,19,19,1,stimuli/N_5_Front_Half.jpg,3,,,,,,,,,,,,,,,,,,,,,,,,,,
,,6007421356226920359b5f3e,2025-08-11_11h58.11.883,CFMT_CCMT_Face_recognition,03.02.2023,Win32,144.092219,6007421356226920359b5f3e,6899c7d7c4c961a016830ad3,6899c9b198c77f2e0d49d774,,,,,,,,,,,,,,,,,,,,,,,,,,,,,,,,,,,,,,,,,,,,,,,,,,,,,,,,,,,,,,,,,,,,,,,,,,,,,,,,,,,,,,,,,,,,,,,,1807.181,1807.681,,,,,,,,,,,,,,,,,,,,,,,,,,,,,,,,,,,,,,,,,,,,,,,,,,,,,,,1804.501,1807.181,2,0,2.672,,0,20,20,20,1,stimuli/B6_23_pro_L.jpg,1,,,,,,,,,,,,,,,,,,,,,,,,,,
,,6007421356226920359b5f3e,2025-08-11_11h58.11.883,CFMT_CCMT_Face_recognition,03.02.2023,Win32,144.092219,6007421356226920359b5f3e,6899c7d7c4c961a016830ad3,6899c9b198c77f2e0d49d774,,,,,,,,,,,,,,,,,,,,,,,,,,,,,,,,,,,,,,,,,,,,,,,,,,,,,,,,,,,,,,,,,,,,,,,,,,,,,,,,,,,,,,,,,,,,,,,,1810.569,1811.069,,,,,,,,,,,,,,,,,,,,,,,,,,,,,,,,,,,,,,,,,,,,,,,,,,,,,,,1807.681,1810.569,1,0,2.881,,0,21,21,21,1,stimuli/Z_8_13_Pro_R_dark.jpg,2,,,,,,,,,,,,,,,,,,,,,,,,,,
,,6007421356226920359b5f3e,2025-08-11_11h58.11.883,CFMT_CCMT_Face_recognition,03.02.2023,Win32,144.092219,6007421356226920359b5f3e,6899c7d7c4c961a016830ad3,6899c9b198c77f2e0d49d774,,,,,,,,,,,,,,,,,,,,,,,,,,,,,,,,,,,,,,,,,,,,,,,,,,,,,,,,,,,,,,,,,,,,,,,,,,,,,,,,,,,,,,,,,,,,,,,,1812.855,1813.354,,,,,,,,,,,,,,,,,,,,,,,,,,,,,,,,,,,,,,,,,,,,,,,,,,,,,,,1811.07,1812.855,2,1,1.779,,0,22,22,22,1,stimuli/J_4_23_R_Pro.jpg,2,,,,,,,,,,,,,,,,,,,,,,,,,,
,,6007421356226920359b5f3e,2025-08-11_11h58.11.883,CFMT_CCMT_Face_recognition,03.02.2023,Win32,144.092219,6007421356226920359b5f3e,6899c7d7c4c961a016830ad3,6899c9b198c77f2e0d49d774,,,,,,,,,,,,,,,,,,,,,,,,,,,,,,,,,,,,,,,,,,,,,,,,,,,,,,,,,,,,,,,,,,,,,,,,,,,,,,,,,,,,,,,,,,,,,,,,1815.436,1815.936,,,,,,,,,,,,,,,,,,,,,,,,,,,,,,,,,,,,,,,,,,,,,,,,,,,,,,,1813.355,1815.436,2,0,2.074,,0,23,23,23,1,stimuli/B8_13_pro_R_HS.jpg,1,,,,,,,,,,,,,,,,,,,,,,,,,,
,,6007421356226920359b5f3e,2025-08-11_11h58.11.883,CFMT_CCMT_Face_recognition,03.02.2023,Win32,144.092219,6007421356226920359b5f3e,6899c7d7c4c961a016830ad3,6899c9b198c77f2e0d49d774,,,,,,,,,,,,,,,,,,,,,,,,,,,,,,,,,,,,,,,,,,,,,,,,,,,,,,,,,,,,,,,,,,,,,,,,,,,,,,,,,,,,,,,,,,,,,,,,1818.776,1819.277,,,,,,,,,,,,,,,,,,,,,,,,,,,,,,,,,,,,,,,,,,,,,,,,,,,,,,,1815.936,1818.776,3,1,2.831,,0,24,24,24,1,stimuli/M_4_23_R_Pro.jpg,3,,,,,,,,,,,,,,,,,,,,,,,,,,
,,6007421356226920359b5f3e,2025-08-11_11h58.11.883,CFMT_CCMT_Face_recognition,03.02.2023,Win32,144.092219,6007421356226920359b5f3e,6899c7d7c4c961a016830ad3,6899c9b198c77f2e0d49d774,,,,,,,,,,,,,,,,,,,,,,,,,,,,,,,,,,,,,,,,,,,,,,,,,,,,,,,,,,,,,,,,,,,,,,,,,,,,,,,,,,,,,,,,,,,,,,,,1820.596,1821.095,,,,,,,,,,,,,,,,,,,,,,,,,,,,,,,,,,,,,,,,,,,,,,,,,,,,,,,1819.278,1820.596,1,1,1.311,,0,25,25,25,1,stimuli/J_8_13_r_pro_dark.jpg,1,,,,,,,,,,,,,,,,,,,,,,,,,,
,,6007421356226920359b5f3e,2025-08-11_11h58.11.883,CFMT_CCMT_Face_recognition,03.02.2023,Win32,144.092219,6007421356226920359b5f3e,6899c7d7c4c961a016830ad3,6899c9b198c77f2e0d49d774,,,,,,,,,,,,,,,,,,,,,,,,,,,,,,,,,,,,,,,,,,,,,,,,,,,,,,,,,,,,,,,,,,,,,,,,,,,,,,,,,,,,,,,,,,,,,,,,1823.921,1824.421,,,,,,,,,,,,,,,,,,,,,,,,,,,,,,,,,,,,,,,,,,,,,,,,,,,,,,,1821.095,1823.921,3,0,2.82,,0,26,26,26,1,stimuli/Z_7_Front_Bot.jpg,2,,,,,,,,,,,,,,,,,,,,,,,,,,
,,6007421356226920359b5f3e,2025-08-11_11h58.11.883,CFMT_CCMT_Face_recognition,03.02.2023,Win32,144.092219,6007421356226920359b5f3e,6899c7d7c4c961a016830ad3,6899c9b198c77f2e0d49d774,,,,,,,,,,,,,,,,,,,,,,,,,,,,,,,,,,,,,,,,,,,,,,,,,,,,,,,,,,,,,,,,,,,,,,,,,,,,,,,,,,,,,,,,,,,,,,,,1826.746,1827.247,,,,,,,,,,,,,,,,,,,,,,,,,,,,,,,,,,,,,,,,,,,,,,,,,,,,,,,1824.421,1826.746,3,0,2.316,,0,27,27,27,1,stimuli/D4_23_profile_R.jpg,1,,,,,,,,,,,,,,,,,,,,,,,,,,
,,6007421356226920359b5f3e,2025-08-11_11h58.11.883,CFMT_CCMT_Face_recognition,03.02.2023,Win32,144.092219,6007421356226920359b5f3e,6899c7d7c4c961a016830ad3,6899c9b198c77f2e0d49d774,,,,,,,,,,,,,,,,,,,,,,,,,,,,,,,,,,,,,,,,,,,,,,,,,,,,,,,,,,,,,,,,,,,,,,,,,,,,,,,,,,,,,,,,,,,,,,,,1829.769,1830.267,,,,,,,,,,,,,,,,,,,,,,,,,,,,,,,,,,,,,,,,,,,,,,,,,,,,,,,1827.247,1829.769,1,1,2.516,,0,28,28,28,1,stimuli/N_6_23_L_Pro.jpg,1,,,,,,,,,,,,,,,,,,,,,,,,,,
,,6007421356226920359b5f3e,2025-08-11_11h58.11.883,CFMT_CCMT_Face_recognition,03.02.2023,Win32,144.092219,6007421356226920359b5f3e,6899c7d7c4c961a016830ad3,6899c9b198c77f2e0d49d774,,,,,,,,,,,,,,,,,,,,,,,,,,,,,,,,,,,,,,,,,,,,,,,,,,,,,,,,,,,,,,,,,,,,,,,,,,,,,,,,,,,,,,,,,,,,,,,,1832.079,1832.579,,,,,,,,,,,,,,,,,,,,,,,,,,,,,,,,,,,,,,,,,,,,,,,,,,,,,,,1830.268,1832.079,3,1,1.804,,0,29,29,29,1,stimuli/B5_halflit_frontal.jpg,3,,,,,,,,,,,,,,,,,,,,,,,,,,
,,6007421356226920359b5f3e,2025-08-11_11h58.11.883,CFMT_CCMT_Face_recognition,03.02.2023,Win32,144.092219,6007421356226920359b5f3e,6899c7d7c4c961a016830ad3,6899c9b198c77f2e0d49d774,,,,,,,,,,,,,,,,,,,,,,,,,,,,,,,,,,,,,,,,,,,,,,,,,,,,,,,,,,,,,,,,,,,,,,,,,,,,,,,,,,,,,,,,,,,,,,,,1855.88,1856.38,,,,,,,,,,,,,,,,,,,,,,,,,,,,,,,,,,,,,,,,,,,,,,,,,,,1832.579,1852.576,1852.577,1853.076,1853.083,1855.88,1,0,2.79,,0,0,0,0,1,stimuli/Z_12_Front_Noisy.jpg,2,,,,,,,,,,,,,,,,,,,,,,,,,,
,,6007421356226920359b5f3e,2025-08-11_11h58.11.883,CFMT_CCMT_Face_recognition,03.02.2023,Win32,144.092219,6007421356226920359b5f3e,6899c7d7c4c961a016830ad3,6899c9b198c77f2e0d49d774,,,,,,,,,,,,,,,,,,,,,,,,,,,,,,,,,,,,,,,,,,,,,,,,,,,,,,,,,,,,,,,,,,,,,,,,,,,,,,,,,,,,,,,,,,,,,,,,1859.553,1860.053,,,,,,,,,,,,,,,,,,,,,,,,,,,,,,,,,,,,,,,,,,,,,,,,,,,,,,,1856.38,1859.553,3,1,3.167,,0,1,1,1,1,stimuli/M_11_23_N_R_Pro.jpg,3,,,,,,,,,,,,,,,,,,,,,,,,,,
,,6007421356226920359b5f3e,2025-08-11_11h58.11.883,CFMT_CCMT_Face_recognition,03.02.2023,Win32,144.092219,6007421356226920359b5f3e,6899c7d7c4c961a016830ad3,6899c9b198c77f2e0d49d774,,,,,,,,,,,,,,,,,,,,,,,,,,,,,,,,,,,,,,,,,,,,,,,,,,,,,,,,,,,,,,,,,,,,,,,,,,,,,,,,,,,,,,,,,,,,,,,,1862.635,1863.135,,,,,,,,,,,,,,,,,,,,,,,,,,,,,,,,,,,,,,,,,,,,,,,,,,,,,,,1860.053,1862.635,1,1,2.575,,0,2,2,2,1,stimuli/D10_Noisy_13_Profile_L.jpg,1,,,,,,,,,,,,,,,,,,,,,,,,,,
,,6007421356226920359b5f3e,2025-08-11_11h58.11.883,CFMT_CCMT_Face_recognition,03.02.2023,Win32,144.092219,6007421356226920359b5f3e,6899c7d7c4c961a016830ad3,6899c9b198c77f2e0d49d774,,,,,,,,,,,,,,,,,,,,,,,,,,,,,,,,,,,,,,,,,,,,,,,,,,,,,,,,,,,,,,,,,,,,,,,,,,,,,,,,,,,,,,,,,,,,,,,,1864.781,1865.281,,,,,,,,,,,,,,,,,,,,,,,,,,,,,,,,,,,,,,,,,,,,,,,,,,,,,,,1863.136,1864.781,1,1,1.637,,0,3,3,3,1,stimuli/J_12_Frontal_HS.jpg,1,,,,,,,,,,,,,,,,,,,,,,,,,,
,,6007421356226920359b5f3e,2025-08-11_11h58.11.883,CFMT_CCMT_Face_recognition,03.02.2023,Win32,144.092219,6007421356226920359b5f3e,6899c7d7c4c961a016830ad3,6899c9b198c77f2e0d49d774,,,,,,,,,,,,,,,,,,,,,,,,,,,,,,,,,,,,,,,,,,,,,,,,,,,,,,,,,,,,,,,,,,,,,,,,,,,,,,,,,,,,,,,,,,,,,,,,1867.524,1868.024,,,,,,,,,,,,,,,,,,,,,,,,,,,,,,,,,,,,,,,,,,,,,,,,,,,,,,,1865.281,1867.524,3,1,2.235,,0,4,4,4,1,stimuli/J_11_23_pro_R.jpg,3,,,,,,,,,,,,,,,,,,,,,,,,,,
,,6007421356226920359b5f3e,2025-08-11_11h58.11.883,CFMT_CCMT_Face_recognition,03.02.2023,Win32,144.092219,6007421356226920359b5f3e,6899c7d7c4c961a016830ad3,6899c9b198c77f2e0d49d774,,,,,,,,,,,,,,,,,,,,,,,,,,,,,,,,,,,,,,,,,,,,,,,,,,,,,,,,,,,,,,,,,,,,,,,,,,,,,,,,,,,,,,,,,,,,,,,,1871.016,1871.516,,,,,,,,,,,,,,,,,,,,,,,,,,,,,,,,,,,,,,,,,,,,,,,,,,,,,,,1868.024,1871.016,1,1,2.985,,0,5,5,5,1,stimuli/N_9_Front_LS.jpg,1,,,,,,,,,,,,,,,,,,,,,,,,,,
,,6007421356226920359b5f3e,2025-08-11_11h58.11.883,CFMT_CCMT_Face_recognition,03.02.2023,Win32,144.092219,6007421356226920359b5f3e,6899c7d7c4c961a016830ad3,6899c9b198c77f2e0d49d774,,,,,,,,,,,,,,,,,,,,,,,,,,,,,,,,,,,,,,,,,,,,,,,,,,,,,,,,,,,,,,,,,,,,,,,,,,,,,,,,,,,,,,,,,,,,,,,,1874.558,1875.057,,,,,,,,,,,,,,,,,,,,,,,,,,,,,,,,,,,,,,,,,,,,,,,,,,,,,,,1871.516,1874.558,3,0,3.03,,0,6,6,6,1,stimuli/B12_Noisy_frontal_HS.jpg,2,,,,,,,,,,,,,,,,,,,,,,,,,,
,,6007421356226920359b5f3e,2025-08-11_11h58.11.883,CFMT_CCMT_Face_recognition,03.02.2023,Win32,144.092219,6007421356226920359b5f3e,6899c7d7c4c961a016830ad3,6899c9b198c77f2e0d49d774,,,,,,,,,,,,,,,,,,,,,,,,,,,,,,,,,,,,,,,,,,,,,,,,,,,,,,,,,,,,,,,,,,,,,,,,,,,,,,,,,,,,,,,,,,,,,,,,1878.007,1878.508,,,,,,,,,,,,,,,,,,,,,,,,,,,,,,,,,,,,,,,,,,,,,,,,,,,,,,,1875.057,1878.007,1,1,2.942,,0,7,7,7,1,stimuli/M_12_Front_N_HS.jpg,1,,,,,,,,,,,,,,,,,,,,,,,,,,
,,6007421356226920359b5f3e,2025-08-11_11h58.11.883,CFMT_CCMT_Face_recognition,03.02.2023,Win32,144.092219,6007421356226920359b5f3e,6899c7d7c4c961a016830ad3,6899c9b198c77f2e0d49d774,,,,,,,,,,,,,,,,,,,,,,,,,,,,,,,,,,,,,,,,,,,,,,,,,,,,,,,,,,,,,,,,,,,,,,,,,,,,,,,,,,,,,,,,,,,,,,,,1882.272,1882.771,,,,,,,,,,,,,,,,,,,,,,,,,,,,,,,,,,,,,,,,,,,,,,,,,,,,,,,1878.508,1882.272,1,0,3.756,,0,8,8,8,1,stimuli/D12_Noisy_Frontal_HS.jpg,2,,,,,,,,,,,,,,,,,,,,,,,,,,
,,6007421356226920359b5f3e,2025-08-11_11h58.11.883,CFMT_CCMT_Face_recognition,03.02.2023,Win32,144.092219,6007421356226920359b5f3e,6899c7d7c4c961a016830ad3,6899c9b198c77f2e0d49d774,,,,,,,,,,,,,,,,,,,,,,,,,,,,,,,,,,,,,,,,,,,,,,,,,,,,,,,,,,,,,,,,,,,,,,,,,,,,,,,,,,,,,,,,,,,,,,,,1884.764,1885.264,,,,,,,,,,,,,,,,,,,,,,,,,,,,,,,,,,,,,,,,,,,,,,,,,,,,,,,1882.772,1884.764,3,0,1.982,,0,9,9,9,1,stimuli/Z_11_23_Pro_R.jpg,2,,,,,,,,,,,,,,,,,,,,,,,,,,
,,6007421356226920359b5f3e,2025-08-11_11h58.11.883,CFMT_CCMT_Face_recognition,03.02.2023,Win32,144.092219,6007421356226920359b5f3e,6899c7d7c4c961a016830ad3,6899c9b198c77f2e0d49d774,,,,,,,,,,,,,,,,,,,,,,,,,,,,,,,,,,,,,,,,,,,,,,,,,,,,,,,,,,,,,,,,,,,,,,,,,,,,,,,,,,,,,,,,,,,,,,,,1887.311,1887.811,,,,,,,,,,,,,,,,,,,,,,,,,,,,,,,,,,,,,,,,,,,,,,,,,,,,,,,1885.264,1887.311,2,1,2.041,,0,10,10,10,1,stimuli/N_10_13_L_Pro_dark.jpg,2,,,,,,,,,,,,,,,,,,,,,,,,,,
,,6007421356226920359b5f3e,2025-08-11_11h58.11.883,CFMT_CCMT_Face_recognition,03.02.2023,Win32,144.092219,6007421356226920359b5f3e,6899c7d7c4c961a016830ad3,6899c9b198c77f2e0d49d774,,,,,,,,,,,,,,,,,,,,,,,,,,,,,,,,,,,,,,,,,,,,,,,,,,,,,,,,,,,,,,,,,,,,,,,,,,,,,,,,,,,,,,,,,,,,,,,,1890.415,1890.915,,,,,,,,,,,,,,,,,,,,,,,,,,,,,,,,,,,,,,,,,,,,,,,,,,,,,,,1887.812,1890.415,3,0,2.594,,0,11,11,11,1,stimuli/B9_Noisy_frontal_LS.jpg,2,,,,,,,,,,,,,,,,,,,,,,,,,,
,,6007421356226920359b5f3e,2025-08-11_11h58.11.883,CFMT_CCMT_Face_recognition,03.02.2023,Win32,144.092219,6007421356226920359b5f3e,6899c7d7c4c961a016830ad3,6899c9b198c77f2e0d49d774,,,,,,,,,,,,,,,,,,,,,,,,,,,,,,,,,,,,,,,,,,,,,,,,,,,,,,,,,,,,,,,,,,,,,,,,,,,,,,,,,,,,,,,,,,,,,,,,1893.276,1893.775,,,,,,,,,,,,,,,,,,,,,,,,,,,,,,,,,,,,,,,,,,,,,,,,,,,,,,,1890.915,1893.276,1,1,2.354,,0,12,12,12,1,stimuli/M_9_Front_N_LS.jpg,1,,,,,,,,,,,,,,,,,,,,,,,,,,
,,6007421356226920359b5f3e,2025-08-11_11h58.11.883,CFMT_CCMT_Face_recognition,03.02.2023,Win32,144.092219,6007421356226920359b5f3e,6899c7d7c4c961a016830ad3,6899c9b198c77f2e0d49d774,,,,,,,,,,,,,,,,,,,,,,,,,,,,,,,,,,,,,,,,,,,,,,,,,,,,,,,,,,,,,,,,,,,,,,,,,,,,,,,,,,,,,,,,,,,,,,,,1896.566,1897.067,,,,,,,,,,,,,,,,,,,,,,,,,,,,,,,,,,,,,,,,,,,,,,,,,,,,,,,1893.775,1896.566,2,1,2.783,,0,13,13,13,1,stimuli/J_9_N_Frontal_50.jpg,2,,,,,,,,,,,,,,,,,,,,,,,,,,
,,6007421356226920359b5f3e,2025-08-11_11h58.11.883,CFMT_CCMT_Face_recognition,03.02.2023,Win32,144.092219,6007421356226920359b5f3e,6899c7d7c4c961a016830ad3,6899c9b198c77f2e0d49d774,,,,,,,,,,,,,,,,,,,,,,,,,,,,,,,,,,,,,,,,,,,,,,,,,,,,,,,,,,,,,,,,,,,,,,,,,,,,,,,,,,,,,,,,,,,,,,,,1900.42,1900.919,,,,,,,,,,,,,,,,,,,,,,,,,,,,,,,,,,,,,,,,,,,,,,,,,,,,,,,1897.067,1900.42,2,0,3.347,,0,14,14,14,1,stimuli/N_12_Front_Noisy.jpg,1,,,,,,,,,,,,,,,,,,,,,,,,,,
,,6007421356226920359b5f3e,2025-08-11_11h58.11.883,CFMT_CCMT_Face_recognition,03.02.2023,Win32,144.092219,6007421356226920359b5f3e,6899c7d7c4c961a016830ad3,6899c9b198c77f2e0d49d774,,,,,,,,,,,,,,,,,,,,,,,,,,,,,,,,,,,,,,,,,,,,,,,,,,,,,,,,,,,,,,,,,,,,,,,,,,,,,,,,,,,,,,,,,,,,,,,,1902.774,1903.273,,,,,,,,,,,,,,,,,,,,,,,,,,,,,,,,,,,,,,,,,,,,,,,,,,,,,,,1900.92,1902.774,1,0,1.842,,0,15,15,15,1,stimuli/B10_Noisy_13_pro_L.jpg,2,,,,,,,,,,,,,,,,,,,,,,,,,,
,,6007421356226920359b5f3e,2025-08-11_11h58.11.883,CFMT_CCMT_Face_recognition,03.02.2023,Win32,144.092219,6007421356226920359b5f3e,6899c7d7c4c961a016830ad3,6899c9b198c77f2e0d49d774,,,,,,,,,,,,,,,,,,,,,,,,,,,,,,,,,,,,,,,,,,,,,,,,,,,,,,,,,,,,,,,,,,,,,,,,,,,,,,,,,,,,,,,,,,,,,,,,1906.377,1906.877,,,,,,,,,,,,,,,,,,,,,,,,,,,,,,,,,,,,,,,,,,,,,,,,,,,,,,,1903.274,1906.377,1,0,3.094,,0,16,16,16,1,stimuli/N_11_23_R_Pro.jpg,3,,,,,,,,,,,,,,,,,,,,,,,,,,
,,6007421356226920359b5f3e,2025-08-11_11h58.11.883,CFMT_CCMT_Face_recognition,03.02.2023,Win32,144.092219,6007421356226920359b5f3e,6899c7d7c4c961a016830ad3,6899c9b198c77f2e0d49d774,,,,,,,,,,,,,,,,,,,,,,,,,,,,,,,,,,,,,,,,,,,,,,,,,,,,,,,,,,,,,,,,,,,,,,,,,,,,,,,,,,,,,,,,,,,,,,,,1908.795,1909.294,,,,,,,,,,,,,,,,,,,,,,,,,,,,,,,,,,,,,,,,,,,,,,,,,,,,,,,1906.877,1908.795,1,1,1.909,,0,17,17,17,1,stimuli/J_10_13_pro_l.jpg,1,,,,,,,,,,,,,,,,,,,,,,,,,,
,,6007421356226920359b5f3e,2025-08-11_11h58.11.883,CFMT_CCMT_Face_recognition,03.02.2023,Win32,144.092219,6007421356226920359b5f3e,6899c7d7c4c961a016830ad3,6899c9b198c77f2e0d49d774,,,,,,,,,,,,,,,,,,,,,,,,,,,,,,,,,,,,,,,,,,,,,,,,,,,,,,,,,,,,,,,,,,,,,,,,,,,,,,,,,,,,,,,,,,,,,,,,1912.265,1912.766,,,,,,,,,,,,,,,,,,,,,,,,,,,,,,,,,,,,,,,,,,,,,,,,,,,,,,,1909.295,1912.265,2,0,2.963,,0,18,18,18,1,stimuli/Z_9_Front_Noisy.jpg,3,,,,,,,,,,,,,,,,,,,,,,,,,,
,,6007421356226920359b5f3e,2025-08-11_11h58.11.883,CFMT_CCMT_Face_recognition,03.02.2023,Win32,144.092219,6007421356226920359b5f3e,6899c7d7c4c961a016830ad3,6899c9b198c77f2e0d49d774,,,,,,,,,,,,,,,,,,,,,,,,,,,,,,,,,,,,,,,,,,,,,,,,,,,,,,,,,,,,,,,,,,,,,,,,,,,,,,,,,,,,,,,,,,,,,,,,1914.895,1915.396,,,,,,,,,,,,,,,,,,,,,,,,,,,,,,,,,,,,,,,,,,,,,,,,,,,,,,,1912.767,1914.895,1,1,2.118,,0,19,19,19,1,stimuli/D9_Noisy_Frontal_LS.jpg,1,,,,,,,,,,,,,,,,,,,,,,,,,,
,,6007421356226920359b5f3e,2025-08-11_11h58.11.883,CFMT_CCMT_Face_recognition,03.02.2023,Win32,144.092219,6007421356226920359b5f3e,6899c7d7c4c961a016830ad3,6899c9b198c77f2e0d49d774,,,,,,,,,,,,,,,,,,,,,,,,,,,,,,,,,,,,,,,,,,,,,,,,,,,,,,,,,,,,,,,,,,,,,,,,,,,,,,,,,,,,,,,,,,,,,,,,1920.167,1920.666,,,,,,,,,,,,,,,,,,,,,,,,,,,,,,,,,,,,,,,,,,,,,,,,,,,,,,,1915.398,1920.167,2,0,4.76,,0,20,20,20,1,stimuli/M_10_N_13_L_Pro_D.jpg,1,,,,,,,,,,,,,,,,,,,,,,,,,,
,,6007421356226920359b5f3e,2025-08-11_11h58.11.883,CFMT_CCMT_Face_recognition,03.02.2023,Win32,144.092219,6007421356226920359b5f3e,6899c7d7c4c961a016830ad3,6899c9b198c77f2e0d49d774,,,,,,,,,,,,,,,,,,,,,,,,,,,,,,,,,,,,,,,,,,,,,,,,,,,,,,,,,,,,,,,,,,,,,,,,,,,,,,,,,,,,,,,,,,,,,,,,1924.464,1924.964,,,,,,,,,,,,,,,,,,,,,,,,,,,,,,,,,,,,,,,,,,,,,,,,,,,,,,,1920.667,1924.464,2,0,3.788,,0,21,21,21,1,stimuli/Z_10_13_Pro_L.jpg,1,,,,,,,,,,,,,,,,,,,,,,,,,,
,,6007421356226920359b5f3e,2025-08-11_11h58.11.883,CFMT_CCMT_Face_recognition,03.02.2023,Win32,144.092219,6007421356226920359b5f3e,6899c7d7c4c961a016830ad3,6899c9b198c77f2e0d49d774,,,,,,,,,,,,,,,,,,,,,,,,,,,,,,,,,,,,,,,,,,,,,,,,,,,,,,,,,,,,,,,,,,,,,,,,,,,,,,,,,,,,,,,,,,,,,,,,1927.311,1927.811,,,,,,,,,,,,,,,,,,,,,,,,,,,,,,,,,,,,,,,,,,,,,,,,,,,,,,,1924.964,1927.311,1,1,2.339,,0,22,22,22,1,stimuli/B11_Noise_23_pro_R.jpg,1,,,,,,,,,,,,,,,,,,,,,,,,,,
,,6007421356226920359b5f3e,2025-08-11_11h58.11.883,CFMT_CCMT_Face_recognition,03.02.2023,Win32,144.092219,6007421356226920359b5f3e,6899c7d7c4c961a016830ad3,6899c9b198c77f2e0d49d774,,,,,,,,,,,,,,,,,,,,,,,,,,,,,,,,,,,,,,,,,,,,,,,,,,,,,,,,,,,,,,,,,,,,,,,,,,,,,,,,,,,,,,,,,,,,,,,,1930.8,1931.296,,,,,,,,,,,,,,,,,,,,,,,,,,,,,,,,,,,,,,,,,,,,,,,,,,,,,,,1927.811,1930.8,3,1,2.978,,0,23,23,23,1,stimuli/D11_Noisy_23_profile_R.jpg,3,,,,,,,,,,,,,,,,,,,,,,,,,,
,,6007421356226920359b5f3e,2025-08-11_11h58.11.883,CFMT_CCMT_Face_recognition,03.02.2023,Win32,144.092219,6007421356226920359b5f3e,6899c7d7c4c961a016830ad3,6899c9b198c77f2e0d49d774,,,,,,,,,,,,,,,,,,,,,,,,,,,,,,,,,,,,,,,,,,,,,,,,,,,,,,,,,,,,,,,,,,,,,,,,,,,,,,,,,,,,,,,,,,,,,,,,,,,,,,,,,,,,,,,,,,,,,,,,,,,,,,,,,,,,,,,,,,,,,,,,,,,,,,,,,,,,,,,,,,,,,1931.296,1931.297,0,1,1,0,1,conditionsFile_faces/conditionFiles_face.xlsx,Cambridge Face Memory Test,Memorize the face in the next three images.,conditionsFile_faces/Prac_learn.xlsx,conditionsFile_faces/Prac_rec.xlsx,"Which face did you just view? There is only one correct answer. Press 1,2 or 3","In this test, you will learn to recognize six people.",Memorize the following face.,Which face did you just view?,Next you will review the same 6 people for 20 seconds.,Review the faces (20 seconds),stimuli/AA_Review_image.jpg,Now your memory of these faces will be tested.,"In the remaining trials, the correct answer can be any of the six faces.","The incorrect faces are sometimes very similar to the target faces, so be sure to look at each face prior answering.",conditionsFile_faces/conditionsfile_rec_face.xlsx,"To begin memorizing the first face, press the ""space bar"".",,
,,6007421356226920359b5f3e,2025-08-11_11h58.11.883,CFMT_CCMT_Face_recognition,03.02.2023,Win32,144.092219,6007421356226920359b5f3e,6899c7d7c4c961a016830ad3,6899c9b198c77f2e0d49d774,,,,,,,,,,,,,,,,,,,,,,,,,,,,,,,,,,,,,,,,,,,,,,,,,,,,,,,,,,,,,,,,,,,,,,,,,,,,,,,,,,,,,,,,,,,,,,,,,,,,,,,,,,,,,,,,,,,,,,,,,,,,,,,,,,,,,,,,,,,,,,,,,,,,,,,,,,,,,,,,,,,,,,,,,,,,,,,,,,,,,,,,,,,,,1931.297,1936.295