Wait.started,Wait.stopped,,date,expName,psychopyVersion,OS,frameRate,participant,study_id,session,Study_information_1.started,Study_information_1.stopped,key_resp_14.keys,key_resp_14.rt,key_resp_14.duration,Study_information_2.started,Study_information_2.stopped,key_resp_17.keys,key_resp_17.rt,key_resp_17.duration,Study_information_3.started,Study_information_3.stopped,key_resp_15.keys,key_resp_15.rt,key_resp_15.duration,Consent.started,Consent.stopped,key_resp_16.keys,key_resp_16.rt,key_resp_16.duration,Face_recognition_task.started,Face_recognition_task.stopped,key_resp_18.keys,key_resp_18.rt,key_resp_18.duration,Instructions_task.started,Instructions_task.stopped,key_resp_19.keys,key_resp_19.rt,key_resp_19.duration,Instructions_fam_1.started,Instructions_fam_1.stopped,key_resp_3.keys,key_resp_3.rt,key_resp_3.duration,Instructions_fam_2.started,Instructions_fam_2.stopped,key_resp_2.keys,key_resp_2.rt,key_resp_2.duration,Instructions_fam_3.started,Instructions_fam_3.stopped,key_resp.keys,key_resp.rt,key_resp.duration,fix_cross.started,fixation_duration,fix_cross.stopped,familiarisation_trial.started,familiarisation_trial.stopped,view_image.started,view_image.stopped,image_loop.thisRepN,image_loop.thisTrialN,image_loop.thisN,image_loop.thisIndex,image_loop.ran,catch_trial.started,catch_trial.stopped,key_resp_catch.keys,key_resp_catch.corr,key_resp_catch.rt,key_resp_catch.duration,Thanks_1.started,Thanks_1.stopped,Break.started,Break.stopped,Instructions_recognition_1.started,Instructions_recognition_1.stopped,Instructions_recognition_2.started,Instructions_recognition_2.stopped,rec_trial.started,rec_trial.stopped,response_recog.keys,response_recog.corr,response_recog.rt,response_recog.duration,recognition_loop.thisRepN,recognition_loop.thisTrialN,recognition_loop.thisN,recognition_loop.thisIndex,recognition_loop.ran,Break_recognition.started,Break_recognition.stopped,key_resp_7.keys,key_resp_7.rt,key_resp_7.duration,Next_test.started,Next_test.stopped,Instructions_CFMT_1.started,Instructions_CFMT_1.stopped,Instructions_CFMT_Practice.started,Instructions_CFMT_Practice.stopped,Practice_learn.started,Practice_learn.stopped,ITI.started,ITI.stopped,trials_prac_learn.thisRepN,trials_prac_learn.thisTrialN,trials_prac_learn.thisN,trials_prac_learn.thisIndex,trials_prac_learn.ran,stim_prac,Practice_rec.started,Practice_rec.stopped,key_resp_4.keys,key_resp_4.corr,key_resp_4.rt,key_resp_4.duration,trials_prac_rec.thisRepN,trials_prac_rec.thisTrialN,trials_prac_rec.thisN,trials_prac_rec.thisIndex,trials_prac_rec.ran,stim_prac_rec,corr_answ_prac,Instructions_CFMT_Experiment.started,Instructions_CFMT_Experiment.stopped,Next_face.started,Next_face.stopped,Exp_learn.started,Exp_learn.stopped,trials_learn_exp.thisRepN,trials_learn_exp.thisTrialN,trials_learn_exp.thisN,trials_learn_exp.thisIndex,trials_learn_exp.ran,learn_exp,rec_exp,corr_answ_rec,Exp_rec.started,Exp_rec.stopped,key_resp_9.keys,key_resp_9.corr,key_resp_9.rt,key_resp_9.duration,trials_rec_exp.thisRepN,trials_rec_exp.thisTrialN,trials_rec_exp.thisN,trials_rec_exp.thisIndex,trials_rec_exp.ran,Instructions_CFMT_Experiment_2.started,Instructions_CFMT_Experiment_2.stopped,Review_image.started,Review_image.stopped,Instructions_CFMT_Experiment_3.started,Instructions_CFMT_Experiment_3.stopped,Review_image_skipp.started,Review_image_skipp.stopped,ITI_skipp.started,ITI_skipp.stopped,recognition_2.started,recognition_2.stopped,key_resp_12.keys,key_resp_12.corr,key_resp_12.rt,key_resp_12.duration,trials_rec_CMFT.thisRepN,trials_rec_CMFT.thisTrialN,trials_rec_CMFT.thisN,trials_rec_CMFT.thisIndex,trials_rec_CMFT.ran,image_face,corr_answ,Next_test_2.started,Next_test_2.stopped,experiment_loop.thisRepN,experiment_loop.thisTrialN,experiment_loop.thisN,experiment_loop.thisIndex,experiment_loop.ran,experiment_block,Title,Instructions_1,Prac_learn_stim,Prac_rec_stim,Instructions_2,Instructions_3,Next_Stim,Instructions_4,Instructions_5,Instructions_review,Review_image_stim,Instructions_6,Instructions_7,Instructions_8,conditions_rec,Instructions_9,End_experiment.started,End_experiment.stopped
0.0009,0.0013,,2025-08-11_11h47.44.546,CFMT_CCMT_Face_recognition,03.02.2023,Win32,120.4819277,62d7443567d945a729647935,6899c7d7c4c961a016830ad3,6899c95c94acea59e415d213,,,,,,,,,,,,,,,,,,,,,,,,,,,,,,,,,,,,,,,,,,,,,,,,,,,,,,,,,,,,,,,,,,,,,,,,,,,,,,,,,,,,,,,,,,,,,,,,,,,,,,,,,,,,,,,,,,,,,,,,,,,,,,,,,,,,,,,,,,,,,,,,,,,,,,,,,,,,,,,,,,,,,,,,,,,,,,,,,,,,,,,,,,,,,,
,,,2025-08-11_11h47.44.546,CFMT_CCMT_Face_recognition,03.02.2023,Win32,120.4819277,62d7443567d945a729647935,6899c7d7c4c961a016830ad3,6899c95c94acea59e415d213,0.0014,43.6427,space,43.6292,,,,,,,,,,,,,,,,,,,,,,,,,,,,,,,,,,,,,,,,,,,,,,,,,,,,,,,,,,,,,,,,,,,,,,,,,,,,,,,,,,,,,,,,,,,,,,,,,,,,,,,,,,,,,,,,,,,,,,,,,,,,,,,,,,,,,,,,,,,,,,,,,,,,,,,,,,,,,,,,,,,,,,,,,,,,,,,,,,,,,,,,,,
,,,2025-08-11_11h47.44.546,CFMT_CCMT_Face_recognition,03.02.2023,Win32,120.4819277,62d7443567d945a729647935,6899c7d7c4c961a016830ad3,6899c95c94acea59e415d213,,,,,,43.6427,52.306,space,8.6417,,,,,,,,,,,,,,,,,,,,,,,,,,,,,,,,,,,,,,,,,,,,,,,,,,,,,,,,,,,,,,,,,,,,,,,,,,,,,,,,,,,,,,,,,,,,,,,,,,,,,,,,,,,,,,,,,,,,,,,,,,,,,,,,,,,,,,,,,,,,,,,,,,,,,,,,,,,,,,,,,,,,,,,,,,,,,,,,,,,,,
,,,2025-08-11_11h47.44.546,CFMT_CCMT_Face_recognition,03.02.2023,Win32,120.4819277,62d7443567d945a729647935,6899c7d7c4c961a016830ad3,6899c95c94acea59e415d213,,,,,,,,,,,52.3061,80.0933,space,27.7743,,,,,,,,,,,,,,,,,,,,,,,,,,,,,,,,,,,,,,,,,,,,,,,,,,,,,,,,,,,,,,,,,,,,,,,,,,,,,,,,,,,,,,,,,,,,,,,,,,,,,,,,,,,,,,,,,,,,,,,,,,,,,,,,,,,,,,,,,,,,,,,,,,,,,,,,,,,,,,,,,,,,,,,,,,,,,,,,
,,,2025-08-11_11h47.44.546,CFMT_CCMT_Face_recognition,03.02.2023,Win32,120.4819277,62d7443567d945a729647935,6899c7d7c4c961a016830ad3,6899c95c94acea59e415d213,,,,,,,,,,,,,,,,80.0934,83.1703,space,3.0679,,,,,,,,,,,,,,,,,,,,,,,,,,,,,,,,,,,,,,,,,,,,,,,,,,,,,,,,,,,,,,,,,,,,,,,,,,,,,,,,,,,,,,,,,,,,,,,,,,,,,,,,,,,,,,,,,,,,,,,,,,,,,,,,,,,,,,,,,,,,,,,,,,,,,,,,,,,,,,,,,,,,,,,,,,,
,,,2025-08-11_11h47.44.546,CFMT_CCMT_Face_recognition,03.02.2023,Win32,120.4819277,62d7443567d945a729647935,6899c7d7c4c961a016830ad3,6899c95c94acea59e415d213,,,,,,,,,,,,,,,,,,,,,83.1703,84.1083,space,0.9114,,,,,,,,,,,,,,,,,,,,,,,,,,,,,,,,,,,,,,,,,,,,,,,,,,,,,,,,,,,,,,,,,,,,,,,,,,,,,,,,,,,,,,,,,,,,,,,,,,,,,,,,,,,,,,,,,,,,,,,,,,,,,,,,,,,,,,,,,,,,,,,,,,,,,,,,,,,,,,,,,,,,,,
,,,2025-08-11_11h47.44.546,CFMT_CCMT_Face_recognition,03.02.2023,Win32,120.4819277,62d7443567d945a729647935,6899c7d7c4c961a016830ad3,6899c95c94acea59e415d213,,,,,,,,,,,,,,,,,,,,,,,,,,84.1085,85.1501,space,1.03,,,,,,,,,,,,,,,,,,,,,,,,,,,,,,,,,,,,,,,,,,,,,,,,,,,,,,,,,,,,,,,,,,,,,,,,,,,,,,,,,,,,,,,,,,,,,,,,,,,,,,,,,,,,,,,,,,,,,,,,,,,,,,,,,,,,,,,,,,,,,,,,,,,,,,,,,,,,,,,,,
,,,2025-08-11_11h47.44.546,CFMT_CCMT_Face_recognition,03.02.2023,Win32,120.4819277,62d7443567d945a729647935,6899c7d7c4c961a016830ad3,6899c95c94acea59e415d213,,,,,,,,,,,,,,,,,,,,,,,,,,,,,,,85.1502,89.5088,space,4.3481,,,,,,,,,,,,,,,,,,,,,,,,,,,,,,,,,,,,,,,,,,,,,,,,,,,,,,,,,,,,,,,,,,,,,,,,,,,,,,,,,,,,,,,,,,,,,,,,,,,,,,,,,,,,,,,,,,,,,,,,,,,,,,,,,,,,,,,,,,,,,,,,,,,,,,,,,,,,
,,,2025-08-11_11h47.44.546,CFMT_CCMT_Face_recognition,03.02.2023,Win32,120.4819277,62d7443567d945a729647935,6899c7d7c4c961a016830ad3,6899c95c94acea59e415d213,,,,,,,,,,,,,,,,,,,,,,,,,,,,,,,,,,,,89.5089,94.3759,space,4.8561,,,,,,,,,,,,,,,,,,,,,,,,,,,,,,,,,,,,,,,,,,,,,,,,,,,,,,,,,,,,,,,,,,,,,,,,,,,,,,,,,,,,,,,,,,,,,,,,,,,,,,,,,,,,,,,,,,,,,,,,,,,,,,,,,,,,,,,,,,,,,,,,,,,,,,,
,,,2025-08-11_11h47.44.546,CFMT_CCMT_Face_recognition,03.02.2023,Win32,120.4819277,62d7443567d945a729647935,6899c7d7c4c961a016830ad3,6899c95c94acea59e415d213,,,,,,,,,,,,,,,,,,,,,,,,,,,,,,,,,,,,,,,,,94.3759,95.4926,space,1.1086,,,,,,,,,,,,,,,,,,,,,,,,,,,,,,,,,,,,,,,,,,,,,,,,,,,,,,,,,,,,,,,,,,,,,,,,,,,,,,,,,,,,,,,,,,,,,,,,,,,,,,,,,,,,,,,,,,,,,,,,,,,,,,,,,,,,,,,,,,,,,,,,,,
,,,2025-08-11_11h47.44.546,CFMT_CCMT_Face_recognition,03.02.2023,Win32,120.4819277,62d7443567d945a729647935,6899c7d7c4c961a016830ad3,6899c95c94acea59e415d213,,,,,,,,,,,,,,,,,,,,,,,,,,,,,,,,,,,,,,,,,,,,,,95.494,1.504370335,96.9928,96.9929,96.993,96.9936,97.7427,0,0,0,0,1,,,,,,,,,,,,,,,,,,,,,,,,,,,,,,,,,,,,,,,,,,,,,,,,,,,,,,,,,,,,,,,,,,,,,,,,,,,,,,,,,,,,,,,,,,,,,,,,,,,,,,,,,,,,,,,,,,,,,,,,,,,,,,,,,,,,,
,,,2025-08-11_11h47.44.546,CFMT_CCMT_Face_recognition,03.02.2023,Win32,120.4819277,62d7443567d945a729647935,6899c7d7c4c961a016830ad3,6899c95c94acea59e415d213,,,,,,,,,,,,,,,,,,,,,,,,,,,,,,,,,,,,,,,,,,,,,,,,,,,97.7429,98.4927,1,0,1,0,1,,,,,,,,,,,,,,,,,,,,,,,,,,,,,,,,,,,,,,,,,,,,,,,,,,,,,,,,,,,,,,,,,,,,,,,,,,,,,,,,,,,,,,,,,,,,,,,,,,,,,,,,,,,,,,,,,,,,,,,,,,,,,,,,,,,,,
,,,2025-08-11_11h47.44.546,CFMT_CCMT_Face_recognition,03.02.2023,Win32,120.4819277,62d7443567d945a729647935,6899c7d7c4c961a016830ad3,6899c95c94acea59e415d213,,,,,,,,,,,,,,,,,,,,,,,,,,,,,,,,,,,,,,,,,,,,,,,,,,,98.4929,99.2428,2,0,2,0,1,,,,,,,,,,,,,,,,,,,,,,,,,,,,,,,,,,,,,,,,,,,,,,,,,,,,,,,,,,,,,,,,,,,,,,,,,,,,,,,,,,,,,,,,,,,,,,,,,,,,,,,,,,,,,,,,,,,,,,,,,,,,,,,,,,,,,
,,,2025-08-11_11h47.44.546,CFMT_CCMT_Face_recognition,03.02.2023,Win32,120.4819277,62d7443567d945a729647935,6899c7d7c4c961a016830ad3,6899c95c94acea59e415d213,,,,,,,,,,,,,,,,,,,,,,,,,,,,,,,,,,,,,,,,,,,,,,,,,,,99.2429,99.9927,3,0,3,0,1,,,,,,,,,,,,,,,,,,,,,,,,,,,,,,,,,,,,,,,,,,,,,,,,,,,,,,,,,,,,,,,,,,,,,,,,,,,,,,,,,,,,,,,,,,,,,,,,,,,,,,,,,,,,,,,,,,,,,,,,,,,,,,,,,,,,,
,,,2025-08-11_11h47.44.546,CFMT_CCMT_Face_recognition,03.02.2023,Win32,120.4819277,62d7443567d945a729647935,6899c7d7c4c961a016830ad3,6899c95c94acea59e415d213,,,,,,,,,,,,,,,,,,,,,,,,,,,,,,,,,,,,,,,,,,,,,,,,,,,99.993,100.7428,4,0,4,0,1,,,,,,,,,,,,,,,,,,,,,,,,,,,,,,,,,,,,,,,,,,,,,,,,,,,,,,,,,,,,,,,,,,,,,,,,,,,,,,,,,,,,,,,,,,,,,,,,,,,,,,,,,,,,,,,,,,,,,,,,,,,,,,,,,,,,,
,,,2025-08-11_11h47.44.546,CFMT_CCMT_Face_recognition,03.02.2023,Win32,120.4819277,62d7443567d945a729647935,6899c7d7c4c961a016830ad3,6899c95c94acea59e415d213,,,,,,,,,,,,,,,,,,,,,,,,,,,,,,,,,,,,,,,,,,,,,,,,,,,100.743,101.4929,5,0,5,0,1,,,,,,,,,,,,,,,,,,,,,,,,,,,,,,,,,,,,,,,,,,,,,,,,,,,,,,,,,,,,,,,,,,,,,,,,,,,,,,,,,,,,,,,,,,,,,,,,,,,,,,,,,,,,,,,,,,,,,,,,,,,,,,,,,,,,,
,,,2025-08-11_11h47.44.546,CFMT_CCMT_Face_recognition,03.02.2023,Win32,120.4819277,62d7443567d945a729647935,6899c7d7c4c961a016830ad3,6899c95c94acea59e415d213,,,,,,,,,,,,,,,,,,,,,,,,,,,,,,,,,,,,,,,,,,,,,,101.4955,2.093161748,103.5847,103.5848,103.5848,103.5851,104.3348,0,0,0,0,1,101.4932,101.4953,,0,,,,,,,,,,,,,,,,,,,,,,,,,,,,,,,,,,,,,,,,,,,,,,,,,,,,,,,,,,,,,,,,,,,,,,,,,,,,,,,,,,,,,,,,,,,,,,,,,,,,,,,,,,,,,,,,,,,,,,,,,,,,,,,,,
,,,2025-08-11_11h47.44.546,CFMT_CCMT_Face_recognition,03.02.2023,Win32,120.4819277,62d7443567d945a729647935,6899c7d7c4c961a016830ad3,6899c95c94acea59e415d213,,,,,,,,,,,,,,,,,,,,,,,,,,,,,,,,,,,,,,,,,,,,,,,,,,,104.335,105.0849,1,0,1,0,1,,,,,,,,,,,,,,,,,,,,,,,,,,,,,,,,,,,,,,,,,,,,,,,,,,,,,,,,,,,,,,,,,,,,,,,,,,,,,,,,,,,,,,,,,,,,,,,,,,,,,,,,,,,,,,,,,,,,,,,,,,,,,,,,,,,,,
,,,2025-08-11_11h47.44.546,CFMT_CCMT_Face_recognition,03.02.2023,Win32,120.4819277,62d7443567d945a729647935,6899c7d7c4c961a016830ad3,6899c95c94acea59e415d213,,,,,,,,,,,,,,,,,,,,,,,,,,,,,,,,,,,,,,,,,,,,,,,,,,,105.085,105.8349,2,0,2,0,1,,,,,,,,,,,,,,,,,,,,,,,,,,,,,,,,,,,,,,,,,,,,,,,,,,,,,,,,,,,,,,,,,,,,,,,,,,,,,,,,,,,,,,,,,,,,,,,,,,,,,,,,,,,,,,,,,,,,,,,,,,,,,,,,,,,,,
,,,2025-08-11_11h47.44.546,CFMT_CCMT_Face_recognition,03.02.2023,Win32,120.4819277,62d7443567d945a729647935,6899c7d7c4c961a016830ad3,6899c95c94acea59e415d213,,,,,,,,,,,,,,,,,,,,,,,,,,,,,,,,,,,,,,,,,,,,,,,,,,,105.8351,106.585,3,0,3,0,1,,,,,,,,,,,,,,,,,,,,,,,,,,,,,,,,,,,,,,,,,,,,,,,,,,,,,,,,,,,,,,,,,,,,,,,,,,,,,,,,,,,,,,,,,,,,,,,,,,,,,,,,,,,,,,,,,,,,,,,,,,,,,,,,,,,,,
,,,2025-08-11_11h47.44.546,CFMT_CCMT_Face_recognition,03.02.2023,Win32,120.4819277,62d7443567d945a729647935,6899c7d7c4c961a016830ad3,6899c95c94acea59e415d213,,,,,,,,,,,,,,,,,,,,,,,,,,,,,,,,,,,,,,,,,,,,,,,,,,,106.5851,107.335,4,0,4,0,1,,,,,,,,,,,,,,,,,,,,,,,,,,,,,,,,,,,,,,,,,,,,,,,,,,,,,,,,,,,,,,,,,,,,,,,,,,,,,,,,,,,,,,,,,,,,,,,,,,,,,,,,,,,,,,,,,,,,,,,,,,,,,,,,,,,,,
,,,2025-08-11_11h47.44.546,CFMT_CCMT_Face_recognition,03.02.2023,Win32,120.4819277,62d7443567d945a729647935,6899c7d7c4c961a016830ad3,6899c95c94acea59e415d213,,,,,,,,,,,,,,,,,,,,,,,,,,,,,,,,,,,,,,,,,,,,,,,,,,,107.3352,108.0851,5,0,5,0,1,,,,,,,,,,,,,,,,,,,,,,,,,,,,,,,,,,,,,,,,,,,,,,,,,,,,,,,,,,,,,,,,,,,,,,,,,,,,,,,,,,,,,,,,,,,,,,,,,,,,,,,,,,,,,,,,,,,,,,,,,,,,,,,,,,,,,
,,,2025-08-11_11h47.44.546,CFMT_CCMT_Face_recognition,03.02.2023,Win32,120.4819277,62d7443567d945a729647935,6899c7d7c4c961a016830ad3,6899c95c94acea59e415d213,,,,,,,,,,,,,,,,,,,,,,,,,,,,,,,,,,,,,,,,,,,,,,108.0855,2.076324988,110.1603,110.1603,110.1603,110.1606,110.9103,0,0,0,0,1,108.0851,108.0854,,0,,,,,,,,,,,,,,,,,,,,,,,,,,,,,,,,,,,,,,,,,,,,,,,,,,,,,,,,,,,,,,,,,,,,,,,,,,,,,,,,,,,,,,,,,,,,,,,,,,,,,,,,,,,,,,,,,,,,,,,,,,,,,,,,,
,,,2025-08-11_11h47.44.546,CFMT_CCMT_Face_recognition,03.02.2023,Win32,120.4819277,62d7443567d945a729647935,6899c7d7c4c961a016830ad3,6899c95c94acea59e415d213,,,,,,,,,,,,,,,,,,,,,,,,,,,,,,,,,,,,,,,,,,,,,,,,,,,110.9105,111.6604,1,0,1,0,1,,,,,,,,,,,,,,,,,,,,,,,,,,,,,,,,,,,,,,,,,,,,,,,,,,,,,,,,,,,,,,,,,,,,,,,,,,,,,,,,,,,,,,,,,,,,,,,,,,,,,,,,,,,,,,,,,,,,,,,,,,,,,,,,,,,,,
,,,2025-08-11_11h47.44.546,CFMT_CCMT_Face_recognition,03.02.2023,Win32,120.4819277,62d7443567d945a729647935,6899c7d7c4c961a016830ad3,6899c95c94acea59e415d213,,,,,,,,,,,,,,,,,,,,,,,,,,,,,,,,,,,,,,,,,,,,,,,,,,,111.6606,112.4104,2,0,2,0,1,,,,,,,,,,,,,,,,,,,,,,,,,,,,,,,,,,,,,,,,,,,,,,,,,,,,,,,,,,,,,,,,,,,,,,,,,,,,,,,,,,,,,,,,,,,,,,,,,,,,,,,,,,,,,,,,,,,,,,,,,,,,,,,,,,,,,
,,,2025-08-11_11h47.44.546,CFMT_CCMT_Face_recognition,03.02.2023,Win32,120.4819277,62d7443567d945a729647935,6899c7d7c4c961a016830ad3,6899c95c94acea59e415d213,,,,,,,,,,,,,,,,,,,,,,,,,,,,,,,,,,,,,,,,,,,,,,,,,,,112.4105,113.1605,3,0,3,0,1,,,,,,,,,,,,,,,,,,,,,,,,,,,,,,,,,,,,,,,,,,,,,,,,,,,,,,,,,,,,,,,,,,,,,,,,,,,,,,,,,,,,,,,,,,,,,,,,,,,,,,,,,,,,,,,,,,,,,,,,,,,,,,,,,,,,,
,,,2025-08-11_11h47.44.546,CFMT_CCMT_Face_recognition,03.02.2023,Win32,120.4819277,62d7443567d945a729647935,6899c7d7c4c961a016830ad3,6899c95c94acea59e415d213,,,,,,,,,,,,,,,,,,,,,,,,,,,,,,,,,,,,,,,,,,,,,,,,,,,113.1606,113.9106,4,0,4,0,1,,,,,,,,,,,,,,,,,,,,,,,,,,,,,,,,,,,,,,,,,,,,,,,,,,,,,,,,,,,,,,,,,,,,,,,,,,,,,,,,,,,,,,,,,,,,,,,,,,,,,,,,,,,,,,,,,,,,,,,,,,,,,,,,,,,,,
,,,2025-08-11_11h47.44.546,CFMT_CCMT_Face_recognition,03.02.2023,Win32,120.4819277,62d7443567d945a729647935,6899c7d7c4c961a016830ad3,6899c95c94acea59e415d213,,,,,,,,,,,,,,,,,,,,,,,,,,,,,,,,,,,,,,,,,,,,,,,,,,,113.9107,114.6606,5,0,5,0,1,,,,,,,,,,,,,,,,,,,,,,,,,,,,,,,,,,,,,,,,,,,,,,,,,,,,,,,,,,,,,,,,,,,,,,,,,,,,,,,,,,,,,,,,,,,,,,,,,,,,,,,,,,,,,,,,,,,,,,,,,,,,,,,,,,,,,
,,,2025-08-11_11h47.44.546,CFMT_CCMT_Face_recognition,03.02.2023,Win32,120.4819277,62d7443567d945a729647935,6899c7d7c4c961a016830ad3,6899c95c94acea59e415d213,,,,,,,,,,,,,,,,,,,,,,,,,,,,,,,,,,,,,,,,,,,,,,114.6611,2.019596631,116.6774,116.6774,116.6774,116.6779,117.4275,0,0,0,0,1,114.6606,114.661,,0,,,,,,,,,,,,,,,,,,,,,,,,,,,,,,,,,,,,,,,,,,,,,,,,,,,,,,,,,,,,,,,,,,,,,,,,,,,,,,,,,,,,,,,,,,,,,,,,,,,,,,,,,,,,,,,,,,,,,,,,,,,,,,,,,
,,,2025-08-11_11h47.44.546,CFMT_CCMT_Face_recognition,03.02.2023,Win32,120.4819277,62d7443567d945a729647935,6899c7d7c4c961a016830ad3,6899c95c94acea59e415d213,,,,,,,,,,,,,,,,,,,,,,,,,,,,,,,,,,,,,,,,,,,,,,,,,,,117.4276,118.1775,1,0,1,0,1,,,,,,,,,,,,,,,,,,,,,,,,,,,,,,,,,,,,,,,,,,,,,,,,,,,,,,,,,,,,,,,,,,,,,,,,,,,,,,,,,,,,,,,,,,,,,,,,,,,,,,,,,,,,,,,,,,,,,,,,,,,,,,,,,,,,,
,,,2025-08-11_11h47.44.546,CFMT_CCMT_Face_recognition,03.02.2023,Win32,120.4819277,62d7443567d945a729647935,6899c7d7c4c961a016830ad3,6899c95c94acea59e415d213,,,,,,,,,,,,,,,,,,,,,,,,,,,,,,,,,,,,,,,,,,,,,,,,,,,118.1777,118.9276,2,0,2,0,1,,,,,,,,,,,,,,,,,,,,,,,,,,,,,,,,,,,,,,,,,,,,,,,,,,,,,,,,,,,,,,,,,,,,,,,,,,,,,,,,,,,,,,,,,,,,,,,,,,,,,,,,,,,,,,,,,,,,,,,,,,,,,,,,,,,,,
,,,2025-08-11_11h47.44.546,CFMT_CCMT_Face_recognition,03.02.2023,Win32,120.4819277,62d7443567d945a729647935,6899c7d7c4c961a016830ad3,6899c95c94acea59e415d213,,,,,,,,,,,,,,,,,,,,,,,,,,,,,,,,,,,,,,,,,,,,,,,,,,,118.9277,119.6777,3,0,3,0,1,,,,,,,,,,,,,,,,,,,,,,,,,,,,,,,,,,,,,,,,,,,,,,,,,,,,,,,,,,,,,,,,,,,,,,,,,,,,,,,,,,,,,,,,,,,,,,,,,,,,,,,,,,,,,,,,,,,,,,,,,,,,,,,,,,,,,
,,,2025-08-11_11h47.44.546,CFMT_CCMT_Face_recognition,03.02.2023,Win32,120.4819277,62d7443567d945a729647935,6899c7d7c4c961a016830ad3,6899c95c94acea59e415d213,,,,,,,,,,,,,,,,,,,,,,,,,,,,,,,,,,,,,,,,,,,,,,,,,,,119.6778,120.4277,4,0,4,0,1,,,,,,,,,,,,,,,,,,,,,,,,,,,,,,,,,,,,,,,,,,,,,,,,,,,,,,,,,,,,,,,,,,,,,,,,,,,,,,,,,,,,,,,,,,,,,,,,,,,,,,,,,,,,,,,,,,,,,,,,,,,,,,,,,,,,,
,,,2025-08-11_11h47.44.546,CFMT_CCMT_Face_recognition,03.02.2023,Win32,120.4819277,62d7443567d945a729647935,6899c7d7c4c961a016830ad3,6899c95c94acea59e415d213,,,,,,,,,,,,,,,,,,,,,,,,,,,,,,,,,,,,,,,,,,,,,,,,,,,120.4279,121.1778,5,0,5,0,1,,,,,,,,,,,,,,,,,,,,,,,,,,,,,,,,,,,,,,,,,,,,,,,,,,,,,,,,,,,,,,,,,,,,,,,,,,,,,,,,,,,,,,,,,,,,,,,,,,,,,,,,,,,,,,,,,,,,,,,,,,,,,,,,,,,,,
,,,2025-08-11_11h47.44.546,CFMT_CCMT_Face_recognition,03.02.2023,Win32,120.4819277,62d7443567d945a729647935,6899c7d7c4c961a016830ad3,6899c95c94acea59e415d213,,,,,,,,,,,,,,,,,,,,,,,,,,,,,,,,,,,,,,,,,,,,,,121.1782,1.743278768,122.9196,122.9196,122.9196,122.92,123.6696,0,0,0,0,1,121.1778,121.1781,,0,,,,,,,,,,,,,,,,,,,,,,,,,,,,,,,,,,,,,,,,,,,,,,,,,,,,,,,,,,,,,,,,,,,,,,,,,,,,,,,,,,,,,,,,,,,,,,,,,,,,,,,,,,,,,,,,,,,,,,,,,,,,,,,,,
,,,2025-08-11_11h47.44.546,CFMT_CCMT_Face_recognition,03.02.2023,Win32,120.4819277,62d7443567d945a729647935,6899c7d7c4c961a016830ad3,6899c95c94acea59e415d213,,,,,,,,,,,,,,,,,,,,,,,,,,,,,,,,,,,,,,,,,,,,,,,,,,,123.6698,124.4197,1,0,1,0,1,,,,,,,,,,,,,,,,,,,,,,,,,,,,,,,,,,,,,,,,,,,,,,,,,,,,,,,,,,,,,,,,,,,,,,,,,,,,,,,,,,,,,,,,,,,,,,,,,,,,,,,,,,,,,,,,,,,,,,,,,,,,,,,,,,,,,
,,,2025-08-11_11h47.44.546,CFMT_CCMT_Face_recognition,03.02.2023,Win32,120.4819277,62d7443567d945a729647935,6899c7d7c4c961a016830ad3,6899c95c94acea59e415d213,,,,,,,,,,,,,,,,,,,,,,,,,,,,,,,,,,,,,,,,,,,,,,,,,,,124.4198,125.1698,2,0,2,0,1,,,,,,,,,,,,,,,,,,,,,,,,,,,,,,,,,,,,,,,,,,,,,,,,,,,,,,,,,,,,,,,,,,,,,,,,,,,,,,,,,,,,,,,,,,,,,,,,,,,,,,,,,,,,,,,,,,,,,,,,,,,,,,,,,,,,,
,,,2025-08-11_11h47.44.546,CFMT_CCMT_Face_recognition,03.02.2023,Win32,120.4819277,62d7443567d945a729647935,6899c7d7c4c961a016830ad3,6899c95c94acea59e415d213,,,,,,,,,,,,,,,,,,,,,,,,,,,,,,,,,,,,,,,,,,,,,,,,,,,125.1699,125.9199,3,0,3,0,1,,,,,,,,,,,,,,,,,,,,,,,,,,,,,,,,,,,,,,,,,,,,,,,,,,,,,,,,,,,,,,,,,,,,,,,,,,,,,,,,,,,,,,,,,,,,,,,,,,,,,,,,,,,,,,,,,,,,,,,,,,,,,,,,,,,,,
,,,2025-08-11_11h47.44.546,CFMT_CCMT_Face_recognition,03.02.2023,Win32,120.4819277,62d7443567d945a729647935,6899c7d7c4c961a016830ad3,6899c95c94acea59e415d213,,,,,,,,,,,,,,,,,,,,,,,,,,,,,,,,,,,,,,,,,,,,,,,,,,,125.9199,126.6699,4,0,4,0,1,,,,,,,,,,,,,,,,,,,,,,,,,,,,,,,,,,,,,,,,,,,,,,,,,,,,,,,,,,,,,,,,,,,,,,,,,,,,,,,,,,,,,,,,,,,,,,,,,,,,,,,,,,,,,,,,,,,,,,,,,,,,,,,,,,,,,
,,,2025-08-11_11h47.44.546,CFMT_CCMT_Face_recognition,03.02.2023,Win32,120.4819277,62d7443567d945a729647935,6899c7d7c4c961a016830ad3,6899c95c94acea59e415d213,,,,,,,,,,,,,,,,,,,,,,,,,,,,,,,,,,,,,,,,,,,,,,,,,,,126.67,127.4199,5,0,5,0,1,,,,,,,,,,,,,,,,,,,,,,,,,,,,,,,,,,,,,,,,,,,,,,,,,,,,,,,,,,,,,,,,,,,,,,,,,,,,,,,,,,,,,,,,,,,,,,,,,,,,,,,,,,,,,,,,,,,,,,,,,,,,,,,,,,,,,
,,,2025-08-11_11h47.44.546,CFMT_CCMT_Face_recognition,03.02.2023,Win32,120.4819277,62d7443567d945a729647935,6899c7d7c4c961a016830ad3,6899c95c94acea59e415d213,,,,,,,,,,,,,,,,,,,,,,,,,,,,,,,,,,,,,,,,,,,,,,133.6957,1.857407296,135.5539,135.554,135.554,135.5542,136.3039,0,0,0,0,1,127.42,133.6955,p,0,6.2737,,,,,,,,,,,,,,,,,,,,,,,,,,,,,,,,,,,,,,,,,,,,,,,,,,,,,,,,,,,,,,,,,,,,,,,,,,,,,,,,,,,,,,,,,,,,,,,,,,,,,,,,,,,,,,,,,,,,,,,,,,,,,,,,
,,,2025-08-11_11h47.44.546,CFMT_CCMT_Face_recognition,03.02.2023,Win32,120.4819277,62d7443567d945a729647935,6899c7d7c4c961a016830ad3,6899c95c94acea59e415d213,,,,,,,,,,,,,,,,,,,,,,,,,,,,,,,,,,,,,,,,,,,,,,,,,,,136.3041,137.054,1,0,1,0,1,,,,,,,,,,,,,,,,,,,,,,,,,,,,,,,,,,,,,,,,,,,,,,,,,,,,,,,,,,,,,,,,,,,,,,,,,,,,,,,,,,,,,,,,,,,,,,,,,,,,,,,,,,,,,,,,,,,,,,,,,,,,,,,,,,,,,
,,,2025-08-11_11h47.44.546,CFMT_CCMT_Face_recognition,03.02.2023,Win32,120.4819277,62d7443567d945a729647935,6899c7d7c4c961a016830ad3,6899c95c94acea59e415d213,,,,,,,,,,,,,,,,,,,,,,,,,,,,,,,,,,,,,,,,,,,,,,,,,,,137.0541,137.804,2,0,2,0,1,,,,,,,,,,,,,,,,,,,,,,,,,,,,,,,,,,,,,,,,,,,,,,,,,,,,,,,,,,,,,,,,,,,,,,,,,,,,,,,,,,,,,,,,,,,,,,,,,,,,,,,,,,,,,,,,,,,,,,,,,,,,,,,,,,,,,
,,,2025-08-11_11h47.44.546,CFMT_CCMT_Face_recognition,03.02.2023,Win32,120.4819277,62d7443567d945a729647935,6899c7d7c4c961a016830ad3,6899c95c94acea59e415d213,,,,,,,,,,,,,,,,,,,,,,,,,,,,,,,,,,,,,,,,,,,,,,,,,,,137.8043,138.5542,3,0,3,0,1,,,,,,,,,,,,,,,,,,,,,,,,,,,,,,,,,,,,,,,,,,,,,,,,,,,,,,,,,,,,,,,,,,,,,,,,,,,,,,,,,,,,,,,,,,,,,,,,,,,,,,,,,,,,,,,,,,,,,,,,,,,,,,,,,,,,,
,,,2025-08-11_11h47.44.546,CFMT_CCMT_Face_recognition,03.02.2023,Win32,120.4819277,62d7443567d945a729647935,6899c7d7c4c961a016830ad3,6899c95c94acea59e415d213,,,,,,,,,,,,,,,,,,,,,,,,,,,,,,,,,,,,,,,,,,,,,,,,,,,138.5543,139.3042,4,0,4,0,1,,,,,,,,,,,,,,,,,,,,,,,,,,,,,,,,,,,,,,,,,,,,,,,,,,,,,,,,,,,,,,,,,,,,,,,,,,,,,,,,,,,,,,,,,,,,,,,,,,,,,,,,,,,,,,,,,,,,,,,,,,,,,,,,,,,,,
,,,2025-08-11_11h47.44.546,CFMT_CCMT_Face_recognition,03.02.2023,Win32,120.4819277,62d7443567d945a729647935,6899c7d7c4c961a016830ad3,6899c95c94acea59e415d213,,,,,,,,,,,,,,,,,,,,,,,,,,,,,,,,,,,,,,,,,,,,,,,,,,,139.3044,140.0542,5,0,5,0,1,,,,,,,,,,,,,,,,,,,,,,,,,,,,,,,,,,,,,,,,,,,,,,,,,,,,,,,,,,,,,,,,,,,,,,,,,,,,,,,,,,,,,,,,,,,,,,,,,,,,,,,,,,,,,,,,,,,,,,,,,,,,,,,,,,,,,
,,,2025-08-11_11h47.44.546,CFMT_CCMT_Face_recognition,03.02.2023,Win32,120.4819277,62d7443567d945a729647935,6899c7d7c4c961a016830ad3,6899c95c94acea59e415d213,,,,,,,,,,,,,,,,,,,,,,,,,,,,,,,,,,,,,,,,,,,,,,140.0547,2.313971829,142.3629,142.3629,142.3629,142.3633,143.1128,0,0,0,0,1,140.0543,140.0547,,0,,,,,,,,,,,,,,,,,,,,,,,,,,,,,,,,,,,,,,,,,,,,,,,,,,,,,,,,,,,,,,,,,,,,,,,,,,,,,,,,,,,,,,,,,,,,,,,,,,,,,,,,,,,,,,,,,,,,,,,,,,,,,,,,,
,,,2025-08-11_11h47.44.546,CFMT_CCMT_Face_recognition,03.02.2023,Win32,120.4819277,62d7443567d945a729647935,6899c7d7c4c961a016830ad3,6899c95c94acea59e415d213,,,,,,,,,,,,,,,,,,,,,,,,,,,,,,,,,,,,,,,,,,,,,,,,,,,143.113,143.8628,1,0,1,0,1,,,,,,,,,,,,,,,,,,,,,,,,,,,,,,,,,,,,,,,,,,,,,,,,,,,,,,,,,,,,,,,,,,,,,,,,,,,,,,,,,,,,,,,,,,,,,,,,,,,,,,,,,,,,,,,,,,,,,,,,,,,,,,,,,,,,,
,,,2025-08-11_11h47.44.546,CFMT_CCMT_Face_recognition,03.02.2023,Win32,120.4819277,62d7443567d945a729647935,6899c7d7c4c961a016830ad3,6899c95c94acea59e415d213,,,,,,,,,,,,,,,,,,,,,,,,,,,,,,,,,,,,,,,,,,,,,,,,,,,143.863,144.6129,2,0,2,0,1,,,,,,,,,,,,,,,,,,,,,,,,,,,,,,,,,,,,,,,,,,,,,,,,,,,,,,,,,,,,,,,,,,,,,,,,,,,,,,,,,,,,,,,,,,,,,,,,,,,,,,,,,,,,,,,,,,,,,,,,,,,,,,,,,,,,,
,,,2025-08-11_11h47.44.546,CFMT_CCMT_Face_recognition,03.02.2023,Win32,120.4819277,62d7443567d945a729647935,6899c7d7c4c961a016830ad3,6899c95c94acea59e415d213,,,,,,,,,,,,,,,,,,,,,,,,,,,,,,,,,,,,,,,,,,,,,,,,,,,144.613,145.363,3,0,3,0,1,,,,,,,,,,,,,,,,,,,,,,,,,,,,,,,,,,,,,,,,,,,,,,,,,,,,,,,,,,,,,,,,,,,,,,,,,,,,,,,,,,,,,,,,,,,,,,,,,,,,,,,,,,,,,,,,,,,,,,,,,,,,,,,,,,,,,
,,,2025-08-11_11h47.44.546,CFMT_CCMT_Face_recognition,03.02.2023,Win32,120.4819277,62d7443567d945a729647935,6899c7d7c4c961a016830ad3,6899c95c94acea59e415d213,,,,,,,,,,,,,,,,,,,,,,,,,,,,,,,,,,,,,,,,,,,,,,,,,,,145.3631,146.1131,4,0,4,0,1,,,,,,,,,,,,,,,,,,,,,,,,,,,,,,,,,,,,,,,,,,,,,,,,,,,,,,,,,,,,,,,,,,,,,,,,,,,,,,,,,,,,,,,,,,,,,,,,,,,,,,,,,,,,,,,,,,,,,,,,,,,,,,,,,,,,,
,,,2025-08-11_11h47.44.546,CFMT_CCMT_Face_recognition,03.02.2023,Win32,120.4819277,62d7443567d945a729647935,6899c7d7c4c961a016830ad3,6899c95c94acea59e415d213,,,,,,,,,,,,,,,,,,,,,,,,,,,,,,,,,,,,,,,,,,,,,,,,,,,146.1132,146.8631,5,0,5,0,1,,,,,,,,,,,,,,,,,,,,,,,,,,,,,,,,,,,,,,,,,,,,,,,,,,,,,,,,,,,,,,,,,,,,,,,,,,,,,,,,,,,,,,,,,,,,,,,,,,,,,,,,,,,,,,,,,,,,,,,,,,,,,,,,,,,,,
,,,2025-08-11_11h47.44.546,CFMT_CCMT_Face_recognition,03.02.2023,Win32,120.4819277,62d7443567d945a729647935,6899c7d7c4c961a016830ad3,6899c95c94acea59e415d213,,,,,,,,,,,,,,,,,,,,,,,,,,,,,,,,,,,,,,,,,,,,,,146.8635,1.783598438,148.6465,148.6467,148.6467,148.6469,149.3966,0,0,0,0,1,146.8632,146.8634,,0,,,,,,,,,,,,,,,,,,,,,,,,,,,,,,,,,,,,,,,,,,,,,,,,,,,,,,,,,,,,,,,,,,,,,,,,,,,,,,,,,,,,,,,,,,,,,,,,,,,,,,,,,,,,,,,,,,,,,,,,,,,,,,,,,
,,,2025-08-11_11h47.44.546,CFMT_CCMT_Face_recognition,03.02.2023,Win32,120.4819277,62d7443567d945a729647935,6899c7d7c4c961a016830ad3,6899c95c94acea59e415d213,,,,,,,,,,,,,,,,,,,,,,,,,,,,,,,,,,,,,,,,,,,,,,,,,,,149.3967,150.1467,1,0,1,0,1,,,,,,,,,,,,,,,,,,,,,,,,,,,,,,,,,,,,,,,,,,,,,,,,,,,,,,,,,,,,,,,,,,,,,,,,,,,,,,,,,,,,,,,,,,,,,,,,,,,,,,,,,,,,,,,,,,,,,,,,,,,,,,,,,,,,,
,,,2025-08-11_11h47.44.546,CFMT_CCMT_Face_recognition,03.02.2023,Win32,120.4819277,62d7443567d945a729647935,6899c7d7c4c961a016830ad3,6899c95c94acea59e415d213,,,,,,,,,,,,,,,,,,,,,,,,,,,,,,,,,,,,,,,,,,,,,,,,,,,150.1468,150.8967,2,0,2,0,1,,,,,,,,,,,,,,,,,,,,,,,,,,,,,,,,,,,,,,,,,,,,,,,,,,,,,,,,,,,,,,,,,,,,,,,,,,,,,,,,,,,,,,,,,,,,,,,,,,,,,,,,,,,,,,,,,,,,,,,,,,,,,,,,,,,,,
,,,2025-08-11_11h47.44.546,CFMT_CCMT_Face_recognition,03.02.2023,Win32,120.4819277,62d7443567d945a729647935,6899c7d7c4c961a016830ad3,6899c95c94acea59e415d213,,,,,,,,,,,,,,,,,,,,,,,,,,,,,,,,,,,,,,,,,,,,,,,,,,,150.8969,151.6468,3,0,3,0,1,,,,,,,,,,,,,,,,,,,,,,,,,,,,,,,,,,,,,,,,,,,,,,,,,,,,,,,,,,,,,,,,,,,,,,,,,,,,,,,,,,,,,,,,,,,,,,,,,,,,,,,,,,,,,,,,,,,,,,,,,,,,,,,,,,,,,
,,,2025-08-11_11h47.44.546,CFMT_CCMT_Face_recognition,03.02.2023,Win32,120.4819277,62d7443567d945a729647935,6899c7d7c4c961a016830ad3,6899c95c94acea59e415d213,,,,,,,,,,,,,,,,,,,,,,,,,,,,,,,,,,,,,,,,,,,,,,,,,,,151.6469,152.3969,4,0,4,0,1,,,,,,,,,,,,,,,,,,,,,,,,,,,,,,,,,,,,,,,,,,,,,,,,,,,,,,,,,,,,,,,,,,,,,,,,,,,,,,,,,,,,,,,,,,,,,,,,,,,,,,,,,,,,,,,,,,,,,,,,,,,,,,,,,,,,,
,,,2025-08-11_11h47.44.546,CFMT_CCMT_Face_recognition,03.02.2023,Win32,120.4819277,62d7443567d945a729647935,6899c7d7c4c961a016830ad3,6899c95c94acea59e415d213,,,,,,,,,,,,,,,,,,,,,,,,,,,,,,,,,,,,,,,,,,,,,,,,,,,152.397,153.147,5,0,5,0,1,,,,,,,,,,,,,,,,,,,,,,,,,,,,,,,,,,,,,,,,,,,,,,,,,,,,,,,,,,,,,,,,,,,,,,,,,,,,,,,,,,,,,,,,,,,,,,,,,,,,,,,,,,,,,,,,,,,,,,,,,,,,,,,,,,,,,
,,,2025-08-11_11h47.44.546,CFMT_CCMT_Face_recognition,03.02.2023,Win32,120.4819277,62d7443567d945a729647935,6899c7d7c4c961a016830ad3,6899c95c94acea59e415d213,,,,,,,,,,,,,,,,,,,,,,,,,,,,,,,,,,,,,,,,,,,,,,153.1474,2.006125971,155.1554,155.1554,155.1555,155.1558,155.9055,0,0,0,0,1,153.147,153.1473,,0,,,,,,,,,,,,,,,,,,,,,,,,,,,,,,,,,,,,,,,,,,,,,,,,,,,,,,,,,,,,,,,,,,,,,,,,,,,,,,,,,,,,,,,,,,,,,,,,,,,,,,,,,,,,,,,,,,,,,,,,,,,,,,,,,
,,,2025-08-11_11h47.44.546,CFMT_CCMT_Face_recognition,03.02.2023,Win32,120.4819277,62d7443567d945a729647935,6899c7d7c4c961a016830ad3,6899c95c94acea59e415d213,,,,,,,,,,,,,,,,,,,,,,,,,,,,,,,,,,,,,,,,,,,,,,,,,,,155.9057,156.6555,1,0,1,0,1,,,,,,,,,,,,,,,,,,,,,,,,,,,,,,,,,,,,,,,,,,,,,,,,,,,,,,,,,,,,,,,,,,,,,,,,,,,,,,,,,,,,,,,,,,,,,,,,,,,,,,,,,,,,,,,,,,,,,,,,,,,,,,,,,,,,,
,,,2025-08-11_11h47.44.546,CFMT_CCMT_Face_recognition,03.02.2023,Win32,120.4819277,62d7443567d945a729647935,6899c7d7c4c961a016830ad3,6899c95c94acea59e415d213,,,,,,,,,,,,,,,,,,,,,,,,,,,,,,,,,,,,,,,,,,,,,,,,,,,156.6556,157.4056,2,0,2,0,1,,,,,,,,,,,,,,,,,,,,,,,,,,,,,,,,,,,,,,,,,,,,,,,,,,,,,,,,,,,,,,,,,,,,,,,,,,,,,,,,,,,,,,,,,,,,,,,,,,,,,,,,,,,,,,,,,,,,,,,,,,,,,,,,,,,,,
,,,2025-08-11_11h47.44.546,CFMT_CCMT_Face_recognition,03.02.2023,Win32,120.4819277,62d7443567d945a729647935,6899c7d7c4c961a016830ad3,6899c95c94acea59e415d213,,,,,,,,,,,,,,,,,,,,,,,,,,,,,,,,,,,,,,,,,,,,,,,,,,,157.4057,158.1556,3,0,3,0,1,,,,,,,,,,,,,,,,,,,,,,,,,,,,,,,,,,,,,,,,,,,,,,,,,,,,,,,,,,,,,,,,,,,,,,,,,,,,,,,,,,,,,,,,,,,,,,,,,,,,,,,,,,,,,,,,,,,,,,,,,,,,,,,,,,,,,
,,,2025-08-11_11h47.44.546,CFMT_CCMT_Face_recognition,03.02.2023,Win32,120.4819277,62d7443567d945a729647935,6899c7d7c4c961a016830ad3,6899c95c94acea59e415d213,,,,,,,,,,,,,,,,,,,,,,,,,,,,,,,,,,,,,,,,,,,,,,,,,,,158.1558,158.9057,4,0,4,0,1,,,,,,,,,,,,,,,,,,,,,,,,,,,,,,,,,,,,,,,,,,,,,,,,,,,,,,,,,,,,,,,,,,,,,,,,,,,,,,,,,,,,,,,,,,,,,,,,,,,,,,,,,,,,,,,,,,,,,,,,,,,,,,,,,,,,,
,,,2025-08-11_11h47.44.546,CFMT_CCMT_Face_recognition,03.02.2023,Win32,120.4819277,62d7443567d945a729647935,6899c7d7c4c961a016830ad3,6899c95c94acea59e415d213,,,,,,,,,,,,,,,,,,,,,,,,,,,,,,,,,,,,,,,,,,,,,,,,,,,158.9058,159.6558,5,0,5,0,1,,,,,,,,,,,,,,,,,,,,,,,,,,,,,,,,,,,,,,,,,,,,,,,,,,,,,,,,,,,,,,,,,,,,,,,,,,,,,,,,,,,,,,,,,,,,,,,,,,,,,,,,,,,,,,,,,,,,,,,,,,,,,,,,,,,,,
,,,2025-08-11_11h47.44.546,CFMT_CCMT_Face_recognition,03.02.2023,Win32,120.4819277,62d7443567d945a729647935,6899c7d7c4c961a016830ad3,6899c95c94acea59e415d213,,,,,,,,,,,,,,,,,,,,,,,,,,,,,,,,,,,,,,,,,,,,,,159.6561,1.570021716,161.2225,161.2226,161.2226,161.2228,161.9726,0,0,0,0,1,159.6558,159.6561,,0,,,,,,,,,,,,,,,,,,,,,,,,,,,,,,,,,,,,,,,,,,,,,,,,,,,,,,,,,,,,,,,,,,,,,,,,,,,,,,,,,,,,,,,,,,,,,,,,,,,,,,,,,,,,,,,,,,,,,,,,,,,,,,,,,
,,,2025-08-11_11h47.44.546,CFMT_CCMT_Face_recognition,03.02.2023,Win32,120.4819277,62d7443567d945a729647935,6899c7d7c4c961a016830ad3,6899c95c94acea59e415d213,,,,,,,,,,,,,,,,,,,,,,,,,,,,,,,,,,,,,,,,,,,,,,,,,,,161.9729,162.7227,1,0,1,0,1,,,,,,,,,,,,,,,,,,,,,,,,,,,,,,,,,,,,,,,,,,,,,,,,,,,,,,,,,,,,,,,,,,,,,,,,,,,,,,,,,,,,,,,,,,,,,,,,,,,,,,,,,,,,,,,,,,,,,,,,,,,,,,,,,,,,,
,,,2025-08-11_11h47.44.546,CFMT_CCMT_Face_recognition,03.02.2023,Win32,120.4819277,62d7443567d945a729647935,6899c7d7c4c961a016830ad3,6899c95c94acea59e415d213,,,,,,,,,,,,,,,,,,,,,,,,,,,,,,,,,,,,,,,,,,,,,,,,,,,162.7228,163.4728,2,0,2,0,1,,,,,,,,,,,,,,,,,,,,,,,,,,,,,,,,,,,,,,,,,,,,,,,,,,,,,,,,,,,,,,,,,,,,,,,,,,,,,,,,,,,,,,,,,,,,,,,,,,,,,,,,,,,,,,,,,,,,,,,,,,,,,,,,,,,,,
,,,2025-08-11_11h47.44.546,CFMT_CCMT_Face_recognition,03.02.2023,Win32,120.4819277,62d7443567d945a729647935,6899c7d7c4c961a016830ad3,6899c95c94acea59e415d213,,,,,,,,,,,,,,,,,,,,,,,,,,,,,,,,,,,,,,,,,,,,,,,,,,,163.4729,164.2228,3,0,3,0,1,,,,,,,,,,,,,,,,,,,,,,,,,,,,,,,,,,,,,,,,,,,,,,,,,,,,,,,,,,,,,,,,,,,,,,,,,,,,,,,,,,,,,,,,,,,,,,,,,,,,,,,,,,,,,,,,,,,,,,,,,,,,,,,,,,,,,
,,,2025-08-11_11h47.44.546,CFMT_CCMT_Face_recognition,03.02.2023,Win32,120.4819277,62d7443567d945a729647935,6899c7d7c4c961a016830ad3,6899c95c94acea59e415d213,,,,,,,,,,,,,,,,,,,,,,,,,,,,,,,,,,,,,,,,,,,,,,,,,,,164.223,164.9728,4,0,4,0,1,,,,,,,,,,,,,,,,,,,,,,,,,,,,,,,,,,,,,,,,,,,,,,,,,,,,,,,,,,,,,,,,,,,,,,,,,,,,,,,,,,,,,,,,,,,,,,,,,,,,,,,,,,,,,,,,,,,,,,,,,,,,,,,,,,,,,
,,,2025-08-11_11h47.44.546,CFMT_CCMT_Face_recognition,03.02.2023,Win32,120.4819277,62d7443567d945a729647935,6899c7d7c4c961a016830ad3,6899c95c94acea59e415d213,,,,,,,,,,,,,,,,,,,,,,,,,,,,,,,,,,,,,,,,,,,,,,,,,,,164.973,165.7229,5,0,5,0,1,,,,,,,,,,,,,,,,,,,,,,,,,,,,,,,,,,,,,,,,,,,,,,,,,,,,,,,,,,,,,,,,,,,,,,,,,,,,,,,,,,,,,,,,,,,,,,,,,,,,,,,,,,,,,,,,,,,,,,,,,,,,,,,,,,,,,
,,,2025-08-11_11h47.44.546,CFMT_CCMT_Face_recognition,03.02.2023,Win32,120.4819277,62d7443567d945a729647935,6899c7d7c4c961a016830ad3,6899c95c94acea59e415d213,,,,,,,,,,,,,,,,,,,,,,,,,,,,,,,,,,,,,,,,,,,,,,165.7233,2.080890562,167.798,167.798,167.798,167.7983,168.5481,0,0,0,0,1,165.7229,165.7232,,0,,,,,,,,,,,,,,,,,,,,,,,,,,,,,,,,,,,,,,,,,,,,,,,,,,,,,,,,,,,,,,,,,,,,,,,,,,,,,,,,,,,,,,,,,,,,,,,,,,,,,,,,,,,,,,,,,,,,,,,,,,,,,,,,,
,,,2025-08-11_11h47.44.546,CFMT_CCMT_Face_recognition,03.02.2023,Win32,120.4819277,62d7443567d945a729647935,6899c7d7c4c961a016830ad3,6899c95c94acea59e415d213,,,,,,,,,,,,,,,,,,,,,,,,,,,,,,,,,,,,,,,,,,,,,,,,,,,168.5483,169.2982,1,0,1,0,1,,,,,,,,,,,,,,,,,,,,,,,,,,,,,,,,,,,,,,,,,,,,,,,,,,,,,,,,,,,,,,,,,,,,,,,,,,,,,,,,,,,,,,,,,,,,,,,,,,,,,,,,,,,,,,,,,,,,,,,,,,,,,,,,,,,,,
,,,2025-08-11_11h47.44.546,CFMT_CCMT_Face_recognition,03.02.2023,Win32,120.4819277,62d7443567d945a729647935,6899c7d7c4c961a016830ad3,6899c95c94acea59e415d213,,,,,,,,,,,,,,,,,,,,,,,,,,,,,,,,,,,,,,,,,,,,,,,,,,,169.2983,170.0482,2,0,2,0,1,,,,,,,,,,,,,,,,,,,,,,,,,,,,,,,,,,,,,,,,,,,,,,,,,,,,,,,,,,,,,,,,,,,,,,,,,,,,,,,,,,,,,,,,,,,,,,,,,,,,,,,,,,,,,,,,,,,,,,,,,,,,,,,,,,,,,
,,,2025-08-11_11h47.44.546,CFMT_CCMT_Face_recognition,03.02.2023,Win32,120.4819277,62d7443567d945a729647935,6899c7d7c4c961a016830ad3,6899c95c94acea59e415d213,,,,,,,,,,,,,,,,,,,,,,,,,,,,,,,,,,,,,,,,,,,,,,,,,,,170.0483,170.7983,3,0,3,0,1,,,,,,,,,,,,,,,,,,,,,,,,,,,,,,,,,,,,,,,,,,,,,,,,,,,,,,,,,,,,,,,,,,,,,,,,,,,,,,,,,,,,,,,,,,,,,,,,,,,,,,,,,,,,,,,,,,,,,,,,,,,,,,,,,,,,,
,,,2025-08-11_11h47.44.546,CFMT_CCMT_Face_recognition,03.02.2023,Win32,120.4819277,62d7443567d945a729647935,6899c7d7c4c961a016830ad3,6899c95c94acea59e415d213,,,,,,,,,,,,,,,,,,,,,,,,,,,,,,,,,,,,,,,,,,,,,,,,,,,170.7984,171.5484,4,0,4,0,1,,,,,,,,,,,,,,,,,,,,,,,,,,,,,,,,,,,,,,,,,,,,,,,,,,,,,,,,,,,,,,,,,,,,,,,,,,,,,,,,,,,,,,,,,,,,,,,,,,,,,,,,,,,,,,,,,,,,,,,,,,,,,,,,,,,,,
,,,2025-08-11_11h47.44.546,CFMT_CCMT_Face_recognition,03.02.2023,Win32,120.4819277,62d7443567d945a729647935,6899c7d7c4c961a016830ad3,6899c95c94acea59e415d213,,,,,,,,,,,,,,,,,,,,,,,,,,,,,,,,,,,,,,,,,,,,,,,,,,,171.5485,172.2984,5,0,5,0,1,,,,,,,,,,,,,,,,,,,,,,,,,,,,,,,,,,,,,,,,,,,,,,,,,,,,,,,,,,,,,,,,,,,,,,,,,,,,,,,,,,,,,,,,,,,,,,,,,,,,,,,,,,,,,,,,,,,,,,,,,,,,,,,,,,,,,
,,,2025-08-11_11h47.44.546,CFMT_CCMT_Face_recognition,03.02.2023,Win32,120.4819277,62d7443567d945a729647935,6899c7d7c4c961a016830ad3,6899c95c94acea59e415d213,,,,,,,,,,,,,,,,,,,,,,,,,,,,,,,,,,,,,,,,,,,,,,172.2987,1.510022377,173.8068,173.8068,173.8068,173.8072,174.5569,0,0,0,0,1,172.2984,172.2987,,0,,,,,,,,,,,,,,,,,,,,,,,,,,,,,,,,,,,,,,,,,,,,,,,,,,,,,,,,,,,,,,,,,,,,,,,,,,,,,,,,,,,,,,,,,,,,,,,,,,,,,,,,,,,,,,,,,,,,,,,,,,,,,,,,,
,,,2025-08-11_11h47.44.546,CFMT_CCMT_Face_recognition,03.02.2023,Win32,120.4819277,62d7443567d945a729647935,6899c7d7c4c961a016830ad3,6899c95c94acea59e415d213,,,,,,,,,,,,,,,,,,,,,,,,,,,,,,,,,,,,,,,,,,,,,,,,,,,174.5571,175.307,1,0,1,0,1,,,,,,,,,,,,,,,,,,,,,,,,,,,,,,,,,,,,,,,,,,,,,,,,,,,,,,,,,,,,,,,,,,,,,,,,,,,,,,,,,,,,,,,,,,,,,,,,,,,,,,,,,,,,,,,,,,,,,,,,,,,,,,,,,,,,,
,,,2025-08-11_11h47.44.546,CFMT_CCMT_Face_recognition,03.02.2023,Win32,120.4819277,62d7443567d945a729647935,6899c7d7c4c961a016830ad3,6899c95c94acea59e415d213,,,,,,,,,,,,,,,,,,,,,,,,,,,,,,,,,,,,,,,,,,,,,,,,,,,175.3071,176.0571,2,0,2,0,1,,,,,,,,,,,,,,,,,,,,,,,,,,,,,,,,,,,,,,,,,,,,,,,,,,,,,,,,,,,,,,,,,,,,,,,,,,,,,,,,,,,,,,,,,,,,,,,,,,,,,,,,,,,,,,,,,,,,,,,,,,,,,,,,,,,,,
,,,2025-08-11_11h47.44.546,CFMT_CCMT_Face_recognition,03.02.2023,Win32,120.4819277,62d7443567d945a729647935,6899c7d7c4c961a016830ad3,6899c95c94acea59e415d213,,,,,,,,,,,,,,,,,,,,,,,,,,,,,,,,,,,,,,,,,,,,,,,,,,,176.0573,176.8071,3,0,3,0,1,,,,,,,,,,,,,,,,,,,,,,,,,,,,,,,,,,,,,,,,,,,,,,,,,,,,,,,,,,,,,,,,,,,,,,,,,,,,,,,,,,,,,,,,,,,,,,,,,,,,,,,,,,,,,,,,,,,,,,,,,,,,,,,,,,,,,
,,,2025-08-11_11h47.44.546,CFMT_CCMT_Face_recognition,03.02.2023,Win32,120.4819277,62d7443567d945a729647935,6899c7d7c4c961a016830ad3,6899c95c94acea59e415d213,,,,,,,,,,,,,,,,,,,,,,,,,,,,,,,,,,,,,,,,,,,,,,,,,,,176.8072,177.5572,4,0,4,0,1,,,,,,,,,,,,,,,,,,,,,,,,,,,,,,,,,,,,,,,,,,,,,,,,,,,,,,,,,,,,,,,,,,,,,,,,,,,,,,,,,,,,,,,,,,,,,,,,,,,,,,,,,,,,,,,,,,,,,,,,,,,,,,,,,,,,,
,,,2025-08-11_11h47.44.546,CFMT_CCMT_Face_recognition,03.02.2023,Win32,120.4819277,62d7443567d945a729647935,6899c7d7c4c961a016830ad3,6899c95c94acea59e415d213,,,,,,,,,,,,,,,,,,,,,,,,,,,,,,,,,,,,,,,,,,,,,,,,,,,177.5573,178.3072,5,0,5,0,1,,,,,,,,,,,,,,,,,,,,,,,,,,,,,,,,,,,,,,,,,,,,,,,,,,,,,,,,,,,,,,,,,,,,,,,,,,,,,,,,,,,,,,,,,,,,,,,,,,,,,,,,,,,,,,,,,,,,,,,,,,,,,,,,,,,,,
,,,2025-08-11_11h47.44.546,CFMT_CCMT_Face_recognition,03.02.2023,Win32,120.4819277,62d7443567d945a729647935,6899c7d7c4c961a016830ad3,6899c95c94acea59e415d213,,,,,,,,,,,,,,,,,,,,,,,,,,,,,,,,,,,,,,,,,,,,,,178.3075,2.24731794,180.549,180.5491,180.5491,180.5493,181.2991,0,0,0,0,1,178.3073,178.3075,,0,,,,,,,,,,,,,,,,,,,,,,,,,,,,,,,,,,,,,,,,,,,,,,,,,,,,,,,,,,,,,,,,,,,,,,,,,,,,,,,,,,,,,,,,,,,,,,,,,,,,,,,,,,,,,,,,,,,,,,,,,,,,,,,,,
,,,2025-08-11_11h47.44.546,CFMT_CCMT_Face_recognition,03.02.2023,Win32,120.4819277,62d7443567d945a729647935,6899c7d7c4c961a016830ad3,6899c95c94acea59e415d213,,,,,,,,,,,,,,,,,,,,,,,,,,,,,,,,,,,,,,,,,,,,,,,,,,,181.2993,182.0492,1,0,1,0,1,,,,,,,,,,,,,,,,,,,,,,,,,,,,,,,,,,,,,,,,,,,,,,,,,,,,,,,,,,,,,,,,,,,,,,,,,,,,,,,,,,,,,,,,,,,,,,,,,,,,,,,,,,,,,,,,,,,,,,,,,,,,,,,,,,,,,
,,,2025-08-11_11h47.44.546,CFMT_CCMT_Face_recognition,03.02.2023,Win32,120.4819277,62d7443567d945a729647935,6899c7d7c4c961a016830ad3,6899c95c94acea59e415d213,,,,,,,,,,,,,,,,,,,,,,,,,,,,,,,,,,,,,,,,,,,,,,,,,,,182.0493,182.7992,2,0,2,0,1,,,,,,,,,,,,,,,,,,,,,,,,,,,,,,,,,,,,,,,,,,,,,,,,,,,,,,,,,,,,,,,,,,,,,,,,,,,,,,,,,,,,,,,,,,,,,,,,,,,,,,,,,,,,,,,,,,,,,,,,,,,,,,,,,,,,,
,,,2025-08-11_11h47.44.546,CFMT_CCMT_Face_recognition,03.02.2023,Win32,120.4819277,62d7443567d945a729647935,6899c7d7c4c961a016830ad3,6899c95c94acea59e415d213,,,,,,,,,,,,,,,,,,,,,,,,,,,,,,,,,,,,,,,,,,,,,,,,,,,182.7994,183.5494,3,0,3,0,1,,,,,,,,,,,,,,,,,,,,,,,,,,,,,,,,,,,,,,,,,,,,,,,,,,,,,,,,,,,,,,,,,,,,,,,,,,,,,,,,,,,,,,,,,,,,,,,,,,,,,,,,,,,,,,,,,,,,,,,,,,,,,,,,,,,,,
,,,2025-08-11_11h47.44.546,CFMT_CCMT_Face_recognition,03.02.2023,Win32,120.4819277,62d7443567d945a729647935,6899c7d7c4c961a016830ad3,6899c95c94acea59e415d213,,,,,,,,,,,,,,,,,,,,,,,,,,,,,,,,,,,,,,,,,,,,,,,,,,,183.5495,184.2993,4,0,4,0,1,,,,,,,,,,,,,,,,,,,,,,,,,,,,,,,,,,,,,,,,,,,,,,,,,,,,,,,,,,,,,,,,,,,,,,,,,,,,,,,,,,,,,,,,,,,,,,,,,,,,,,,,,,,,,,,,,,,,,,,,,,,,,,,,,,,,,
,,,2025-08-11_11h47.44.546,CFMT_CCMT_Face_recognition,03.02.2023,Win32,120.4819277,62d7443567d945a729647935,6899c7d7c4c961a016830ad3,6899c95c94acea59e415d213,,,,,,,,,,,,,,,,,,,,,,,,,,,,,,,,,,,,,,,,,,,,,,,,,,,184.2995,185.0494,5,0,5,0,1,,,,,,,,,,,,,,,,,,,,,,,,,,,,,,,,,,,,,,,,,,,,,,,,,,,,,,,,,,,,,,,,,,,,,,,,,,,,,,,,,,,,,,,,,,,,,,,,,,,,,,,,,,,,,,,,,,,,,,,,,,,,,,,,,,,,,
,,,2025-08-11_11h47.44.546,CFMT_CCMT_Face_recognition,03.02.2023,Win32,120.4819277,62d7443567d945a729647935,6899c7d7c4c961a016830ad3,6899c95c94acea59e415d213,,,,,,,,,,,,,,,,,,,,,,,,,,,,,,,,,,,,,,,,,,,,,,185.0498,1.701836559,186.7495,186.7495,186.7496,186.7498,187.4995,0,0,0,0,1,185.0494,185.0497,,0,,,,,,,,,,,,,,,,,,,,,,,,,,,,,,,,,,,,,,,,,,,,,,,,,,,,,,,,,,,,,,,,,,,,,,,,,,,,,,,,,,,,,,,,,,,,,,,,,,,,,,,,,,,,,,,,,,,,,,,,,,,,,,,,,
,,,2025-08-11_11h47.44.546,CFMT_CCMT_Face_recognition,03.02.2023,Win32,120.4819277,62d7443567d945a729647935,6899c7d7c4c961a016830ad3,6899c95c94acea59e415d213,,,,,,,,,,,,,,,,,,,,,,,,,,,,,,,,,,,,,,,,,,,,,,,,,,,187.4998,188.2497,1,0,1,0,1,,,,,,,,,,,,,,,,,,,,,,,,,,,,,,,,,,,,,,,,,,,,,,,,,,,,,,,,,,,,,,,,,,,,,,,,,,,,,,,,,,,,,,,,,,,,,,,,,,,,,,,,,,,,,,,,,,,,,,,,,,,,,,,,,,,,,
,,,2025-08-11_11h47.44.546,CFMT_CCMT_Face_recognition,03.02.2023,Win32,120.4819277,62d7443567d945a729647935,6899c7d7c4c961a016830ad3,6899c95c94acea59e415d213,,,,,,,,,,,,,,,,,,,,,,,,,,,,,,,,,,,,,,,,,,,,,,,,,,,188.2498,188.9997,2,0,2,0,1,,,,,,,,,,,,,,,,,,,,,,,,,,,,,,,,,,,,,,,,,,,,,,,,,,,,,,,,,,,,,,,,,,,,,,,,,,,,,,,,,,,,,,,,,,,,,,,,,,,,,,,,,,,,,,,,,,,,,,,,,,,,,,,,,,,,,
,,,2025-08-11_11h47.44.546,CFMT_CCMT_Face_recognition,03.02.2023,Win32,120.4819277,62d7443567d945a729647935,6899c7d7c4c961a016830ad3,6899c95c94acea59e415d213,,,,,,,,,,,,,,,,,,,,,,,,,,,,,,,,,,,,,,,,,,,,,,,,,,,188.9998,189.7498,3,0,3,0,1,,,,,,,,,,,,,,,,,,,,,,,,,,,,,,,,,,,,,,,,,,,,,,,,,,,,,,,,,,,,,,,,,,,,,,,,,,,,,,,,,,,,,,,,,,,,,,,,,,,,,,,,,,,,,,,,,,,,,,,,,,,,,,,,,,,,,
,,,2025-08-11_11h47.44.546,CFMT_CCMT_Face_recognition,03.02.2023,Win32,120.4819277,62d7443567d945a729647935,6899c7d7c4c961a016830ad3,6899c95c94acea59e415d213,,,,,,,,,,,,,,,,,,,,,,,,,,,,,,,,,,,,,,,,,,,,,,,,,,,189.7499,190.4998,4,0,4,0,1,,,,,,,,,,,,,,,,,,,,,,,,,,,,,,,,,,,,,,,,,,,,,,,,,,,,,,,,,,,,,,,,,,,,,,,,,,,,,,,,,,,,,,,,,,,,,,,,,,,,,,,,,,,,,,,,,,,,,,,,,,,,,,,,,,,,,
,,,2025-08-11_11h47.44.546,CFMT_CCMT_Face_recognition,03.02.2023,Win32,120.4819277,62d7443567d945a729647935,6899c7d7c4c961a016830ad3,6899c95c94acea59e415d213,,,,,,,,,,,,,,,,,,,,,,,,,,,,,,,,,,,,,,,,,,,,,,,,,,,190.4999,191.2499,5,0,5,0,1,,,,,,,,,,,,,,,,,,,,,,,,,,,,,,,,,,,,,,,,,,,,,,,,,,,,,,,,,,,,,,,,,,,,,,,,,,,,,,,,,,,,,,,,,,,,,,,,,,,,,,,,,,,,,,,,,,,,,,,,,,,,,,,,,,,,,
,,,2025-08-11_11h47.44.546,CFMT_CCMT_Face_recognition,03.02.2023,Win32,120.4819277,62d7443567d945a729647935,6899c7d7c4c961a016830ad3,6899c95c94acea59e415d213,,,,,,,,,,,,,,,,,,,,,,,,,,,,,,,,,,,,,,,,,,,,,,191.2503,2.175668229,193.425,193.425,193.425,193.4253,194.1752,0,0,0,0,1,191.2499,191.2502,,0,,,,,,,,,,,,,,,,,,,,,,,,,,,,,,,,,,,,,,,,,,,,,,,,,,,,,,,,,,,,,,,,,,,,,,,,,,,,,,,,,,,,,,,,,,,,,,,,,,,,,,,,,,,,,,,,,,,,,,,,,,,,,,,,,
,,,2025-08-11_11h47.44.546,CFMT_CCMT_Face_recognition,03.02.2023,Win32,120.4819277,62d7443567d945a729647935,6899c7d7c4c961a016830ad3,6899c95c94acea59e415d213,,,,,,,,,,,,,,,,,,,,,,,,,,,,,,,,,,,,,,,,,,,,,,,,,,,194.1753,194.9252,1,0,1,0,1,,,,,,,,,,,,,,,,,,,,,,,,,,,,,,,,,,,,,,,,,,,,,,,,,,,,,,,,,,,,,,,,,,,,,,,,,,,,,,,,,,,,,,,,,,,,,,,,,,,,,,,,,,,,,,,,,,,,,,,,,,,,,,,,,,,,,
,,,2025-08-11_11h47.44.546,CFMT_CCMT_Face_recognition,03.02.2023,Win32,120.4819277,62d7443567d945a729647935,6899c7d7c4c961a016830ad3,6899c95c94acea59e415d213,,,,,,,,,,,,,,,,,,,,,,,,,,,,,,,,,,,,,,,,,,,,,,,,,,,194.9253,195.6752,2,0,2,0,1,,,,,,,,,,,,,,,,,,,,,,,,,,,,,,,,,,,,,,,,,,,,,,,,,,,,,,,,,,,,,,,,,,,,,,,,,,,,,,,,,,,,,,,,,,,,,,,,,,,,,,,,,,,,,,,,,,,,,,,,,,,,,,,,,,,,,
,,,2025-08-11_11h47.44.546,CFMT_CCMT_Face_recognition,03.02.2023,Win32,120.4819277,62d7443567d945a729647935,6899c7d7c4c961a016830ad3,6899c95c94acea59e415d213,,,,,,,,,,,,,,,,,,,,,,,,,,,,,,,,,,,,,,,,,,,,,,,,,,,195.6754,196.4253,3,0,3,0,1,,,,,,,,,,,,,,,,,,,,,,,,,,,,,,,,,,,,,,,,,,,,,,,,,,,,,,,,,,,,,,,,,,,,,,,,,,,,,,,,,,,,,,,,,,,,,,,,,,,,,,,,,,,,,,,,,,,,,,,,,,,,,,,,,,,,,
,,,2025-08-11_11h47.44.546,CFMT_CCMT_Face_recognition,03.02.2023,Win32,120.4819277,62d7443567d945a729647935,6899c7d7c4c961a016830ad3,6899c95c94acea59e415d213,,,,,,,,,,,,,,,,,,,,,,,,,,,,,,,,,,,,,,,,,,,,,,,,,,,196.4255,197.1754,4,0,4,0,1,,,,,,,,,,,,,,,,,,,,,,,,,,,,,,,,,,,,,,,,,,,,,,,,,,,,,,,,,,,,,,,,,,,,,,,,,,,,,,,,,,,,,,,,,,,,,,,,,,,,,,,,,,,,,,,,,,,,,,,,,,,,,,,,,,,,,
,,,2025-08-11_11h47.44.546,CFMT_CCMT_Face_recognition,03.02.2023,Win32,120.4819277,62d7443567d945a729647935,6899c7d7c4c961a016830ad3,6899c95c94acea59e415d213,,,,,,,,,,,,,,,,,,,,,,,,,,,,,,,,,,,,,,,,,,,,,,,,,,,197.1756,197.9254,5,0,5,0,1,,,,,,,,,,,,,,,,,,,,,,,,,,,,,,,,,,,,,,,,,,,,,,,,,,,,,,,,,,,,,,,,,,,,,,,,,,,,,,,,,,,,,,,,,,,,,,,,,,,,,,,,,,,,,,,,,,,,,,,,,,,,,,,,,,,,,
,,,2025-08-11_11h47.44.546,CFMT_CCMT_Face_recognition,03.02.2023,Win32,120.4819277,62d7443567d945a729647935,6899c7d7c4c961a016830ad3,6899c95c94acea59e415d213,,,,,,,,,,,,,,,,,,,,,,,,,,,,,,,,,,,,,,,,,,,,,,197.9258,2.02391221,199.9505,199.9506,199.9506,199.9508,200.7006,0,0,0,0,1,197.9254,197.9257,,0,,,,,,,,,,,,,,,,,,,,,,,,,,,,,,,,,,,,,,,,,,,,,,,,,,,,,,,,,,,,,,,,,,,,,,,,,,,,,,,,,,,,,,,,,,,,,,,,,,,,,,,,,,,,,,,,,,,,,,,,,,,,,,,,,
,,,2025-08-11_11h47.44.546,CFMT_CCMT_Face_recognition,03.02.2023,Win32,120.4819277,62d7443567d945a729647935,6899c7d7c4c961a016830ad3,6899c95c94acea59e415d213,,,,,,,,,,,,,,,,,,,,,,,,,,,,,,,,,,,,,,,,,,,,,,,,,,,200.7008,201.4507,1,0,1,0,1,,,,,,,,,,,,,,,,,,,,,,,,,,,,,,,,,,,,,,,,,,,,,,,,,,,,,,,,,,,,,,,,,,,,,,,,,,,,,,,,,,,,,,,,,,,,,,,,,,,,,,,,,,,,,,,,,,,,,,,,,,,,,,,,,,,,,
,,,2025-08-11_11h47.44.546,CFMT_CCMT_Face_recognition,03.02.2023,Win32,120.4819277,62d7443567d945a729647935,6899c7d7c4c961a016830ad3,6899c95c94acea59e415d213,,,,,,,,,,,,,,,,,,,,,,,,,,,,,,,,,,,,,,,,,,,,,,,,,,,201.4508,202.2007,2,0,2,0,1,,,,,,,,,,,,,,,,,,,,,,,,,,,,,,,,,,,,,,,,,,,,,,,,,,,,,,,,,,,,,,,,,,,,,,,,,,,,,,,,,,,,,,,,,,,,,,,,,,,,,,,,,,,,,,,,,,,,,,,,,,,,,,,,,,,,,
,,,2025-08-11_11h47.44.546,CFMT_CCMT_Face_recognition,03.02.2023,Win32,120.4819277,62d7443567d945a729647935,6899c7d7c4c961a016830ad3,6899c95c94acea59e415d213,,,,,,,,,,,,,,,,,,,,,,,,,,,,,,,,,,,,,,,,,,,,,,,,,,,202.2008,202.9508,3,0,3,0,1,,,,,,,,,,,,,,,,,,,,,,,,,,,,,,,,,,,,,,,,,,,,,,,,,,,,,,,,,,,,,,,,,,,,,,,,,,,,,,,,,,,,,,,,,,,,,,,,,,,,,,,,,,,,,,,,,,,,,,,,,,,,,,,,,,,,,
,,,2025-08-11_11h47.44.546,CFMT_CCMT_Face_recognition,03.02.2023,Win32,120.4819277,62d7443567d945a729647935,6899c7d7c4c961a016830ad3,6899c95c94acea59e415d213,,,,,,,,,,,,,,,,,,,,,,,,,,,,,,,,,,,,,,,,,,,,,,,,,,,202.9509,203.7008,4,0,4,0,1,,,,,,,,,,,,,,,,,,,,,,,,,,,,,,,,,,,,,,,,,,,,,,,,,,,,,,,,,,,,,,,,,,,,,,,,,,,,,,,,,,,,,,,,,,,,,,,,,,,,,,,,,,,,,,,,,,,,,,,,,,,,,,,,,,,,,
,,,2025-08-11_11h47.44.546,CFMT_CCMT_Face_recognition,03.02.2023,Win32,120.4819277,62d7443567d945a729647935,6899c7d7c4c961a016830ad3,6899c95c94acea59e415d213,,,,,,,,,,,,,,,,,,,,,,,,,,,,,,,,,,,,,,,,,,,,,,,,,,,203.701,204.4509,5,0,5,0,1,,,,,,,,,,,,,,,,,,,,,,,,,,,,,,,,,,,,,,,,,,,,,,,,,,,,,,,,,,,,,,,,,,,,,,,,,,,,,,,,,,,,,,,,,,,,,,,,,,,,,,,,,,,,,,,,,,,,,,,,,,,,,,,,,,,,,
,,,2025-08-11_11h47.44.546,CFMT_CCMT_Face_recognition,03.02.2023,Win32,120.4819277,62d7443567d945a729647935,6899c7d7c4c961a016830ad3,6899c95c94acea59e415d213,,,,,,,,,,,,,,,,,,,,,,,,,,,,,,,,,,,,,,,,,,,,,,204.4514,2.496855593,206.9428,206.9429,206.9429,206.9431,207.6928,0,0,0,0,1,204.451,204.4513,,0,,,,,,,,,,,,,,,,,,,,,,,,,,,,,,,,,,,,,,,,,,,,,,,,,,,,,,,,,,,,,,,,,,,,,,,,,,,,,,,,,,,,,,,,,,,,,,,,,,,,,,,,,,,,,,,,,,,,,,,,,,,,,,,,,
,,,2025-08-11_11h47.44.546,CFMT_CCMT_Face_recognition,03.02.2023,Win32,120.4819277,62d7443567d945a729647935,6899c7d7c4c961a016830ad3,6899c95c94acea59e415d213,,,,,,,,,,,,,,,,,,,,,,,,,,,,,,,,,,,,,,,,,,,,,,,,,,,207.693,208.4429,1,0,1,0,1,,,,,,,,,,,,,,,,,,,,,,,,,,,,,,,,,,,,,,,,,,,,,,,,,,,,,,,,,,,,,,,,,,,,,,,,,,,,,,,,,,,,,,,,,,,,,,,,,,,,,,,,,,,,,,,,,,,,,,,,,,,,,,,,,,,,,
,,,2025-08-11_11h47.44.546,CFMT_CCMT_Face_recognition,03.02.2023,Win32,120.4819277,62d7443567d945a729647935,6899c7d7c4c961a016830ad3,6899c95c94acea59e415d213,,,,,,,,,,,,,,,,,,,,,,,,,,,,,,,,,,,,,,,,,,,,,,,,,,,208.443,209.1929,2,0,2,0,1,,,,,,,,,,,,,,,,,,,,,,,,,,,,,,,,,,,,,,,,,,,,,,,,,,,,,,,,,,,,,,,,,,,,,,,,,,,,,,,,,,,,,,,,,,,,,,,,,,,,,,,,,,,,,,,,,,,,,,,,,,,,,,,,,,,,,
,,,2025-08-11_11h47.44.546,CFMT_CCMT_Face_recognition,03.02.2023,Win32,120.4819277,62d7443567d945a729647935,6899c7d7c4c961a016830ad3,6899c95c94acea59e415d213,,,,,,,,,,,,,,,,,,,,,,,,,,,,,,,,,,,,,,,,,,,,,,,,,,,209.193,209.943,3,0,3,0,1,,,,,,,,,,,,,,,,,,,,,,,,,,,,,,,,,,,,,,,,,,,,,,,,,,,,,,,,,,,,,,,,,,,,,,,,,,,,,,,,,,,,,,,,,,,,,,,,,,,,,,,,,,,,,,,,,,,,,,,,,,,,,,,,,,,,,
,,,2025-08-11_11h47.44.546,CFMT_CCMT_Face_recognition,03.02.2023,Win32,120.4819277,62d7443567d945a729647935,6899c7d7c4c961a016830ad3,6899c95c94acea59e415d213,,,,,,,,,,,,,,,,,,,,,,,,,,,,,,,,,,,,,,,,,,,,,,,,,,,209.9432,210.6931,4,0,4,0,1,,,,,,,,,,,,,,,,,,,,,,,,,,,,,,,,,,,,,,,,,,,,,,,,,,,,,,,,,,,,,,,,,,,,,,,,,,,,,,,,,,,,,,,,,,,,,,,,,,,,,,,,,,,,,,,,,,,,,,,,,,,,,,,,,,,,,
,,,2025-08-11_11h47.44.546,CFMT_CCMT_Face_recognition,03.02.2023,Win32,120.4819277,62d7443567d945a729647935,6899c7d7c4c961a016830ad3,6899c95c94acea59e415d213,,,,,,,,,,,,,,,,,,,,,,,,,,,,,,,,,,,,,,,,,,,,,,,,,,,210.6932,211.4431,5,0,5,0,1,,,,,,,,,,,,,,,,,,,,,,,,,,,,,,,,,,,,,,,,,,,,,,,,,,,,,,,,,,,,,,,,,,,,,,,,,,,,,,,,,,,,,,,,,,,,,,,,,,,,,,,,,,,,,,,,,,,,,,,,,,,,,,,,,,,,,
,,,2025-08-11_11h47.44.546,CFMT_CCMT_Face_recognition,03.02.2023,Win32,120.4819277,62d7443567d945a729647935,6899c7d7c4c961a016830ad3,6899c95c94acea59e415d213,,,,,,,,,,,,,,,,,,,,,,,,,,,,,,,,,,,,,,,,,,,,,,211.4436,2.015920006,213.4599,213.46,213.46,213.4602,214.21,0,0,0,0,1,211.4431,211.4435,,0,,,,,,,,,,,,,,,,,,,,,,,,,,,,,,,,,,,,,,,,,,,,,,,,,,,,,,,,,,,,,,,,,,,,,,,,,,,,,,,,,,,,,,,,,,,,,,,,,,,,,,,,,,,,,,,,,,,,,,,,,,,,,,,,,
,,,2025-08-11_11h47.44.546,CFMT_CCMT_Face_recognition,03.02.2023,Win32,120.4819277,62d7443567d945a729647935,6899c7d7c4c961a016830ad3,6899c95c94acea59e415d213,,,,,,,,,,,,,,,,,,,,,,,,,,,,,,,,,,,,,,,,,,,,,,,,,,,214.2101,214.9601,1,0,1,0,1,,,,,,,,,,,,,,,,,,,,,,,,,,,,,,,,,,,,,,,,,,,,,,,,,,,,,,,,,,,,,,,,,,,,,,,,,,,,,,,,,,,,,,,,,,,,,,,,,,,,,,,,,,,,,,,,,,,,,,,,,,,,,,,,,,,,,
,,,2025-08-11_11h47.44.546,CFMT_CCMT_Face_recognition,03.02.2023,Win32,120.4819277,62d7443567d945a729647935,6899c7d7c4c961a016830ad3,6899c95c94acea59e415d213,,,,,,,,,,,,,,,,,,,,,,,,,,,,,,,,,,,,,,,,,,,,,,,,,,,214.9602,215.7102,2,0,2,0,1,,,,,,,,,,,,,,,,,,,,,,,,,,,,,,,,,,,,,,,,,,,,,,,,,,,,,,,,,,,,,,,,,,,,,,,,,,,,,,,,,,,,,,,,,,,,,,,,,,,,,,,,,,,,,,,,,,,,,,,,,,,,,,,,,,,,,
,,,2025-08-11_11h47.44.546,CFMT_CCMT_Face_recognition,03.02.2023,Win32,120.4819277,62d7443567d945a729647935,6899c7d7c4c961a016830ad3,6899c95c94acea59e415d213,,,,,,,,,,,,,,,,,,,,,,,,,,,,,,,,,,,,,,,,,,,,,,,,,,,215.7103,216.4601,3,0,3,0,1,,,,,,,,,,,,,,,,,,,,,,,,,,,,,,,,,,,,,,,,,,,,,,,,,,,,,,,,,,,,,,,,,,,,,,,,,,,,,,,,,,,,,,,,,,,,,,,,,,,,,,,,,,,,,,,,,,,,,,,,,,,,,,,,,,,,,
,,,2025-08-11_11h47.44.546,CFMT_CCMT_Face_recognition,03.02.2023,Win32,120.4819277,62d7443567d945a729647935,6899c7d7c4c961a016830ad3,6899c95c94acea59e415d213,,,,,,,,,,,,,,,,,,,,,,,,,,,,,,,,,,,,,,,,,,,,,,,,,,,216.4603,217.2102,4,0,4,0,1,,,,,,,,,,,,,,,,,,,,,,,,,,,,,,,,,,,,,,,,,,,,,,,,,,,,,,,,,,,,,,,,,,,,,,,,,,,,,,,,,,,,,,,,,,,,,,,,,,,,,,,,,,,,,,,,,,,,,,,,,,,,,,,,,,,,,
,,,2025-08-11_11h47.44.546,CFMT_CCMT_Face_recognition,03.02.2023,Win32,120.4819277,62d7443567d945a729647935,6899c7d7c4c961a016830ad3,6899c95c94acea59e415d213,,,,,,,,,,,,,,,,,,,,,,,,,,,,,,,,,,,,,,,,,,,,,,,,,,,217.2104,217.9603,5,0,5,0,1,,,,,,,,,,,,,,,,,,,,,,,,,,,,,,,,,,,,,,,,,,,,,,,,,,,,,,,,,,,,,,,,,,,,,,,,,,,,,,,,,,,,,,,,,,,,,,,,,,,,,,,,,,,,,,,,,,,,,,,,,,,,,,,,,,,,,
,,,2025-08-11_11h47.44.546,CFMT_CCMT_Face_recognition,03.02.2023,Win32,120.4819277,62d7443567d945a729647935,6899c7d7c4c961a016830ad3,6899c95c94acea59e415d213,,,,,,,,,,,,,,,,,,,,,,,,,,,,,,,,,,,,,,,,,,,,,,217.9607,2.085957115,220.0438,220.0438,220.0438,220.0441,220.7938,0,0,0,0,1,217.9603,217.9606,,0,,,,,,,,,,,,,,,,,,,,,,,,,,,,,,,,,,,,,,,,,,,,,,,,,,,,,,,,,,,,,,,,,,,,,,,,,,,,,,,,,,,,,,,,,,,,,,,,,,,,,,,,,,,,,,,,,,,,,,,,,,,,,,,,,
,,,2025-08-11_11h47.44.546,CFMT_CCMT_Face_recognition,03.02.2023,Win32,120.4819277,62d7443567d945a729647935,6899c7d7c4c961a016830ad3,6899c95c94acea59e415d213,,,,,,,,,,,,,,,,,,,,,,,,,,,,,,,,,,,,,,,,,,,,,,,,,,,220.7941,221.5439,1,0,1,0,1,,,,,,,,,,,,,,,,,,,,,,,,,,,,,,,,,,,,,,,,,,,,,,,,,,,,,,,,,,,,,,,,,,,,,,,,,,,,,,,,,,,,,,,,,,,,,,,,,,,,,,,,,,,,,,,,,,,,,,,,,,,,,,,,,,,,,
,,,2025-08-11_11h47.44.546,CFMT_CCMT_Face_recognition,03.02.2023,Win32,120.4819277,62d7443567d945a729647935,6899c7d7c4c961a016830ad3,6899c95c94acea59e415d213,,,,,,,,,,,,,,,,,,,,,,,,,,,,,,,,,,,,,,,,,,,,,,,,,,,221.544,222.2939,2,0,2,0,1,,,,,,,,,,,,,,,,,,,,,,,,,,,,,,,,,,,,,,,,,,,,,,,,,,,,,,,,,,,,,,,,,,,,,,,,,,,,,,,,,,,,,,,,,,,,,,,,,,,,,,,,,,,,,,,,,,,,,,,,,,,,,,,,,,,,,
,,,2025-08-11_11h47.44.546,CFMT_CCMT_Face_recognition,03.02.2023,Win32,120.4819277,62d7443567d945a729647935,6899c7d7c4c961a016830ad3,6899c95c94acea59e415d213,,,,,,,,,,,,,,,,,,,,,,,,,,,,,,,,,,,,,,,,,,,,,,,,,,,222.2941,223.0441,3,0,3,0,1,,,,,,,,,,,,,,,,,,,,,,,,,,,,,,,,,,,,,,,,,,,,,,,,,,,,,,,,,,,,,,,,,,,,,,,,,,,,,,,,,,,,,,,,,,,,,,,,,,,,,,,,,,,,,,,,,,,,,,,,,,,,,,,,,,,,,
,,,2025-08-11_11h47.44.546,CFMT_CCMT_Face_recognition,03.02.2023,Win32,120.4819277,62d7443567d945a729647935,6899c7d7c4c961a016830ad3,6899c95c94acea59e415d213,,,,,,,,,,,,,,,,,,,,,,,,,,,,,,,,,,,,,,,,,,,,,,,,,,,223.0442,223.7941,4,0,4,0,1,,,,,,,,,,,,,,,,,,,,,,,,,,,,,,,,,,,,,,,,,,,,,,,,,,,,,,,,,,,,,,,,,,,,,,,,,,,,,,,,,,,,,,,,,,,,,,,,,,,,,,,,,,,,,,,,,,,,,,,,,,,,,,,,,,,,,
,,,2025-08-11_11h47.44.546,CFMT_CCMT_Face_recognition,03.02.2023,Win32,120.4819277,62d7443567d945a729647935,6899c7d7c4c961a016830ad3,6899c95c94acea59e415d213,,,,,,,,,,,,,,,,,,,,,,,,,,,,,,,,,,,,,,,,,,,,,,,,,,,223.7942,224.5442,5,0,5,0,1,,,,,,,,,,,,,,,,,,,,,,,,,,,,,,,,,,,,,,,,,,,,,,,,,,,,,,,,,,,,,,,,,,,,,,,,,,,,,,,,,,,,,,,,,,,,,,,,,,,,,,,,,,,,,,,,,,,,,,,,,,,,,,,,,,,,,
,,,2025-08-11_11h47.44.546,CFMT_CCMT_Face_recognition,03.02.2023,Win32,120.4819277,62d7443567d945a729647935,6899c7d7c4c961a016830ad3,6899c95c94acea59e415d213,,,,,,,,,,,,,,,,,,,,,,,,,,,,,,,,,,,,,,,,,,,,,,224.5446,2.103121107,226.6443,226.6443,226.6443,226.6447,227.3944,0,0,0,0,1,224.5442,224.5446,,0,,,,,,,,,,,,,,,,,,,,,,,,,,,,,,,,,,,,,,,,,,,,,,,,,,,,,,,,,,,,,,,,,,,,,,,,,,,,,,,,,,,,,,,,,,,,,,,,,,,,,,,,,,,,,,,,,,,,,,,,,,,,,,,,,
,,,2025-08-11_11h47.44.546,CFMT_CCMT_Face_recognition,03.02.2023,Win32,120.4819277,62d7443567d945a729647935,6899c7d7c4c961a016830ad3,6899c95c94acea59e415d213,,,,,,,,,,,,,,,,,,,,,,,,,,,,,,,,,,,,,,,,,,,,,,,,,,,227.3946,228.1444,1,0,1,0,1,,,,,,,,,,,,,,,,,,,,,,,,,,,,,,,,,,,,,,,,,,,,,,,,,,,,,,,,,,,,,,,,,,,,,,,,,,,,,,,,,,,,,,,,,,,,,,,,,,,,,,,,,,,,,,,,,,,,,,,,,,,,,,,,,,,,,
,,,2025-08-11_11h47.44.546,CFMT_CCMT_Face_recognition,03.02.2023,Win32,120.4819277,62d7443567d945a729647935,6899c7d7c4c961a016830ad3,6899c95c94acea59e415d213,,,,,,,,,,,,,,,,,,,,,,,,,,,,,,,,,,,,,,,,,,,,,,,,,,,228.1446,228.8945,2,0,2,0,1,,,,,,,,,,,,,,,,,,,,,,,,,,,,,,,,,,,,,,,,,,,,,,,,,,,,,,,,,,,,,,,,,,,,,,,,,,,,,,,,,,,,,,,,,,,,,,,,,,,,,,,,,,,,,,,,,,,,,,,,,,,,,,,,,,,,,
,,,2025-08-11_11h47.44.546,CFMT_CCMT_Face_recognition,03.02.2023,Win32,120.4819277,62d7443567d945a729647935,6899c7d7c4c961a016830ad3,6899c95c94acea59e415d213,,,,,,,,,,,,,,,,,,,,,,,,,,,,,,,,,,,,,,,,,,,,,,,,,,,228.8946,229.6446,3,0,3,0,1,,,,,,,,,,,,,,,,,,,,,,,,,,,,,,,,,,,,,,,,,,,,,,,,,,,,,,,,,,,,,,,,,,,,,,,,,,,,,,,,,,,,,,,,,,,,,,,,,,,,,,,,,,,,,,,,,,,,,,,,,,,,,,,,,,,,,
,,,2025-08-11_11h47.44.546,CFMT_CCMT_Face_recognition,03.02.2023,Win32,120.4819277,62d7443567d945a729647935,6899c7d7c4c961a016830ad3,6899c95c94acea59e415d213,,,,,,,,,,,,,,,,,,,,,,,,,,,,,,,,,,,,,,,,,,,,,,,,,,,229.6447,230.3946,4,0,4,0,1,,,,,,,,,,,,,,,,,,,,,,,,,,,,,,,,,,,,,,,,,,,,,,,,,,,,,,,,,,,,,,,,,,,,,,,,,,,,,,,,,,,,,,,,,,,,,,,,,,,,,,,,,,,,,,,,,,,,,,,,,,,,,,,,,,,,,
,,,2025-08-11_11h47.44.546,CFMT_CCMT_Face_recognition,03.02.2023,Win32,120.4819277,62d7443567d945a729647935,6899c7d7c4c961a016830ad3,6899c95c94acea59e415d213,,,,,,,,,,,,,,,,,,,,,,,,,,,,,,,,,,,,,,,,,,,,,,,,,,,230.3947,231.1447,5,0,5,0,1,,,,,,,,,,,,,,,,,,,,,,,,,,,,,,,,,,,,,,,,,,,,,,,,,,,,,,,,,,,,,,,,,,,,,,,,,,,,,,,,,,,,,,,,,,,,,,,,,,,,,,,,,,,,,,,,,,,,,,,,,,,,,,,,,,,,,
,,,2025-08-11_11h47.44.546,CFMT_CCMT_Face_recognition,03.02.2023,Win32,120.4819277,62d7443567d945a729647935,6899c7d7c4c961a016830ad3,6899c95c94acea59e415d213,,,,,,,,,,,,,,,,,,,,,,,,,,,,,,,,,,,,,,,,,,,,,,231.1451,1.569291905,232.7114,232.7115,232.7115,232.7117,233.4615,0,0,0,0,1,231.1447,231.145,,0,,,,,,,,,,,,,,,,,,,,,,,,,,,,,,,,,,,,,,,,,,,,,,,,,,,,,,,,,,,,,,,,,,,,,,,,,,,,,,,,,,,,,,,,,,,,,,,,,,,,,,,,,,,,,,,,,,,,,,,,,,,,,,,,,
,,,2025-08-11_11h47.44.546,CFMT_CCMT_Face_recognition,03.02.2023,Win32,120.4819277,62d7443567d945a729647935,6899c7d7c4c961a016830ad3,6899c95c94acea59e415d213,,,,,,,,,,,,,,,,,,,,,,,,,,,,,,,,,,,,,,,,,,,,,,,,,,,233.4617,234.2115,1,0,1,0,1,,,,,,,,,,,,,,,,,,,,,,,,,,,,,,,,,,,,,,,,,,,,,,,,,,,,,,,,,,,,,,,,,,,,,,,,,,,,,,,,,,,,,,,,,,,,,,,,,,,,,,,,,,,,,,,,,,,,,,,,,,,,,,,,,,,,,
,,,2025-08-11_11h47.44.546,CFMT_CCMT_Face_recognition,03.02.2023,Win32,120.4819277,62d7443567d945a729647935,6899c7d7c4c961a016830ad3,6899c95c94acea59e415d213,,,,,,,,,,,,,,,,,,,,,,,,,,,,,,,,,,,,,,,,,,,,,,,,,,,234.2117,234.9616,2,0,2,0,1,,,,,,,,,,,,,,,,,,,,,,,,,,,,,,,,,,,,,,,,,,,,,,,,,,,,,,,,,,,,,,,,,,,,,,,,,,,,,,,,,,,,,,,,,,,,,,,,,,,,,,,,,,,,,,,,,,,,,,,,,,,,,,,,,,,,,
,,,2025-08-11_11h47.44.546,CFMT_CCMT_Face_recognition,03.02.2023,Win32,120.4819277,62d7443567d945a729647935,6899c7d7c4c961a016830ad3,6899c95c94acea59e415d213,,,,,,,,,,,,,,,,,,,,,,,,,,,,,,,,,,,,,,,,,,,,,,,,,,,234.9618,235.7117,3,0,3,0,1,,,,,,,,,,,,,,,,,,,,,,,,,,,,,,,,,,,,,,,,,,,,,,,,,,,,,,,,,,,,,,,,,,,,,,,,,,,,,,,,,,,,,,,,,,,,,,,,,,,,,,,,,,,,,,,,,,,,,,,,,,,,,,,,,,,,,
,,,2025-08-11_11h47.44.546,CFMT_CCMT_Face_recognition,03.02.2023,Win32,120.4819277,62d7443567d945a729647935,6899c7d7c4c961a016830ad3,6899c95c94acea59e415d213,,,,,,,,,,,,,,,,,,,,,,,,,,,,,,,,,,,,,,,,,,,,,,,,,,,235.7118,236.4617,4,0,4,0,1,,,,,,,,,,,,,,,,,,,,,,,,,,,,,,,,,,,,,,,,,,,,,,,,,,,,,,,,,,,,,,,,,,,,,,,,,,,,,,,,,,,,,,,,,,,,,,,,,,,,,,,,,,,,,,,,,,,,,,,,,,,,,,,,,,,,,
,,,2025-08-11_11h47.44.546,CFMT_CCMT_Face_recognition,03.02.2023,Win32,120.4819277,62d7443567d945a729647935,6899c7d7c4c961a016830ad3,6899c95c94acea59e415d213,,,,,,,,,,,,,,,,,,,,,,,,,,,,,,,,,,,,,,,,,,,,,,,,,,,236.4619,237.2118,5,0,5,0,1,,,,,,,,,,,,,,,,,,,,,,,,,,,,,,,,,,,,,,,,,,,,,,,,,,,,,,,,,,,,,,,,,,,,,,,,,,,,,,,,,,,,,,,,,,,,,,,,,,,,,,,,,,,,,,,,,,,,,,,,,,,,,,,,,,,,,
,,,2025-08-11_11h47.44.546,CFMT_CCMT_Face_recognition,03.02.2023,Win32,120.4819277,62d7443567d945a729647935,6899c7d7c4c961a016830ad3,6899c95c94acea59e415d213,,,,,,,,,,,,,,,,,,,,,,,,,,,,,,,,,,,,,,,,,,,,,,237.2122,1.947974156,239.162,239.162,239.162,239.1623,239.912,0,0,0,0,1,237.2118,237.2121,,0,,,,,,,,,,,,,,,,,,,,,,,,,,,,,,,,,,,,,,,,,,,,,,,,,,,,,,,,,,,,,,,,,,,,,,,,,,,,,,,,,,,,,,,,,,,,,,,,,,,,,,,,,,,,,,,,,,,,,,,,,,,,,,,,,
,,,2025-08-11_11h47.44.546,CFMT_CCMT_Face_recognition,03.02.2023,Win32,120.4819277,62d7443567d945a729647935,6899c7d7c4c961a016830ad3,6899c95c94acea59e415d213,,,,,,,,,,,,,,,,,,,,,,,,,,,,,,,,,,,,,,,,,,,,,,,,,,,239.9121,240.6621,1,0,1,0,1,,,,,,,,,,,,,,,,,,,,,,,,,,,,,,,,,,,,,,,,,,,,,,,,,,,,,,,,,,,,,,,,,,,,,,,,,,,,,,,,,,,,,,,,,,,,,,,,,,,,,,,,,,,,,,,,,,,,,,,,,,,,,,,,,,,,,
,,,2025-08-11_11h47.44.546,CFMT_CCMT_Face_recognition,03.02.2023,Win32,120.4819277,62d7443567d945a729647935,6899c7d7c4c961a016830ad3,6899c95c94acea59e415d213,,,,,,,,,,,,,,,,,,,,,,,,,,,,,,,,,,,,,,,,,,,,,,,,,,,240.6622,241.4122,2,0,2,0,1,,,,,,,,,,,,,,,,,,,,,,,,,,,,,,,,,,,,,,,,,,,,,,,,,,,,,,,,,,,,,,,,,,,,,,,,,,,,,,,,,,,,,,,,,,,,,,,,,,,,,,,,,,,,,,,,,,,,,,,,,,,,,,,,,,,,,
,,,2025-08-11_11h47.44.546,CFMT_CCMT_Face_recognition,03.02.2023,Win32,120.4819277,62d7443567d945a729647935,6899c7d7c4c961a016830ad3,6899c95c94acea59e415d213,,,,,,,,,,,,,,,,,,,,,,,,,,,,,,,,,,,,,,,,,,,,,,,,,,,241.4123,242.1622,3,0,3,0,1,,,,,,,,,,,,,,,,,,,,,,,,,,,,,,,,,,,,,,,,,,,,,,,,,,,,,,,,,,,,,,,,,,,,,,,,,,,,,,,,,,,,,,,,,,,,,,,,,,,,,,,,,,,,,,,,,,,,,,,,,,,,,,,,,,,,,
,,,2025-08-11_11h47.44.546,CFMT_CCMT_Face_recognition,03.02.2023,Win32,120.4819277,62d7443567d945a729647935,6899c7d7c4c961a016830ad3,6899c95c94acea59e415d213,,,,,,,,,,,,,,,,,,,,,,,,,,,,,,,,,,,,,,,,,,,,,,,,,,,242.1623,242.9122,4,0,4,0,1,,,,,,,,,,,,,,,,,,,,,,,,,,,,,,,,,,,,,,,,,,,,,,,,,,,,,,,,,,,,,,,,,,,,,,,,,,,,,,,,,,,,,,,,,,,,,,,,,,,,,,,,,,,,,,,,,,,,,,,,,,,,,,,,,,,,,
,,,2025-08-11_11h47.44.546,CFMT_CCMT_Face_recognition,03.02.2023,Win32,120.4819277,62d7443567d945a729647935,6899c7d7c4c961a016830ad3,6899c95c94acea59e415d213,,,,,,,,,,,,,,,,,,,,,,,,,,,,,,,,,,,,,,,,,,,,,,,,,,,242.9124,243.6623,5,0,5,0,1,,,,,,,,,,,,,,,,,,,,,,,,,,,,,,,,,,,,,,,,,,,,,,,,,,,,,,,,,,,,,,,,,,,,,,,,,,,,,,,,,,,,,,,,,,,,,,,,,,,,,,,,,,,,,,,,,,,,,,,,,,,,,,,,,,,,,
,,,2025-08-11_11h47.44.546,CFMT_CCMT_Face_recognition,03.02.2023,Win32,120.4819277,62d7443567d945a729647935,6899c7d7c4c961a016830ad3,6899c95c94acea59e415d213,,,,,,,,,,,,,,,,,,,,,,,,,,,,,,,,,,,,,,,,,,,,,,243.6627,2.200945617,245.8625,245.8625,245.8625,245.8627,246.6126,0,0,0,0,1,243.6624,243.6626,,0,,,,,,,,,,,,,,,,,,,,,,,,,,,,,,,,,,,,,,,,,,,,,,,,,,,,,,,,,,,,,,,,,,,,,,,,,,,,,,,,,,,,,,,,,,,,,,,,,,,,,,,,,,,,,,,,,,,,,,,,,,,,,,,,,
,,,2025-08-11_11h47.44.546,CFMT_CCMT_Face_recognition,03.02.2023,Win32,120.4819277,62d7443567d945a729647935,6899c7d7c4c961a016830ad3,6899c95c94acea59e415d213,,,,,,,,,,,,,,,,,,,,,,,,,,,,,,,,,,,,,,,,,,,,,,,,,,,246.6126,247.3626,1,0,1,0,1,,,,,,,,,,,,,,,,,,,,,,,,,,,,,,,,,,,,,,,,,,,,,,,,,,,,,,,,,,,,,,,,,,,,,,,,,,,,,,,,,,,,,,,,,,,,,,,,,,,,,,,,,,,,,,,,,,,,,,,,,,,,,,,,,,,,,
,,,2025-08-11_11h47.44.546,CFMT_CCMT_Face_recognition,03.02.2023,Win32,120.4819277,62d7443567d945a729647935,6899c7d7c4c961a016830ad3,6899c95c94acea59e415d213,,,,,,,,,,,,,,,,,,,,,,,,,,,,,,,,,,,,,,,,,,,,,,,,,,,247.3627,248.1126,2,0,2,0,1,,,,,,,,,,,,,,,,,,,,,,,,,,,,,,,,,,,,,,,,,,,,,,,,,,,,,,,,,,,,,,,,,,,,,,,,,,,,,,,,,,,,,,,,,,,,,,,,,,,,,,,,,,,,,,,,,,,,,,,,,,,,,,,,,,,,,
,,,2025-08-11_11h47.44.546,CFMT_CCMT_Face_recognition,03.02.2023,Win32,120.4819277,62d7443567d945a729647935,6899c7d7c4c961a016830ad3,6899c95c94acea59e415d213,,,,,,,,,,,,,,,,,,,,,,,,,,,,,,,,,,,,,,,,,,,,,,,,,,,248.1127,248.8627,3,0,3,0,1,,,,,,,,,,,,,,,,,,,,,,,,,,,,,,,,,,,,,,,,,,,,,,,,,,,,,,,,,,,,,,,,,,,,,,,,,,,,,,,,,,,,,,,,,,,,,,,,,,,,,,,,,,,,,,,,,,,,,,,,,,,,,,,,,,,,,
,,,2025-08-11_11h47.44.546,CFMT_CCMT_Face_recognition,03.02.2023,Win32,120.4819277,62d7443567d945a729647935,6899c7d7c4c961a016830ad3,6899c95c94acea59e415d213,,,,,,,,,,,,,,,,,,,,,,,,,,,,,,,,,,,,,,,,,,,,,,,,,,,248.8629,249.6128,4,0,4,0,1,,,,,,,,,,,,,,,,,,,,,,,,,,,,,,,,,,,,,,,,,,,,,,,,,,,,,,,,,,,,,,,,,,,,,,,,,,,,,,,,,,,,,,,,,,,,,,,,,,,,,,,,,,,,,,,,,,,,,,,,,,,,,,,,,,,,,
,,,2025-08-11_11h47.44.546,CFMT_CCMT_Face_recognition,03.02.2023,Win32,120.4819277,62d7443567d945a729647935,6899c7d7c4c961a016830ad3,6899c95c94acea59e415d213,,,,,,,,,,,,,,,,,,,,,,,,,,,,,,,,,,,,,,,,,,,,,,,,,,,249.6129,250.363,5,0,5,0,1,,,,,,,,,,,,,,,,,,,,,,,,,,,,,,,,,,,,,,,,,,,,,,,,,,,,,,,,,,,,,,,,,,,,,,,,,,,,,,,,,,,,,,,,,,,,,,,,,,,,,,,,,,,,,,,,,,,,,,,,,,,,,,,,,,,,,
,,,2025-08-11_11h47.44.546,CFMT_CCMT_Face_recognition,03.02.2023,Win32,120.4819277,62d7443567d945a729647935,6899c7d7c4c961a016830ad3,6899c95c94acea59e415d213,,,,,,,,,,,,,,,,,,,,,,,,,,,,,,,,,,,,,,,,,,,,,,250.3636,2.248947976,252.613,252.613,252.613,252.6134,253.363,0,0,0,0,1,250.363,250.3635,,0,,,,,,,,,,,,,,,,,,,,,,,,,,,,,,,,,,,,,,,,,,,,,,,,,,,,,,,,,,,,,,,,,,,,,,,,,,,,,,,,,,,,,,,,,,,,,,,,,,,,,,,,,,,,,,,,,,,,,,,,,,,,,,,,,
,,,2025-08-11_11h47.44.546,CFMT_CCMT_Face_recognition,03.02.2023,Win32,120.4819277,62d7443567d945a729647935,6899c7d7c4c961a016830ad3,6899c95c94acea59e415d213,,,,,,,,,,,,,,,,,,,,,,,,,,,,,,,,,,,,,,,,,,,,,,,,,,,253.3632,254.1132,1,0,1,0,1,,,,,,,,,,,,,,,,,,,,,,,,,,,,,,,,,,,,,,,,,,,,,,,,,,,,,,,,,,,,,,,,,,,,,,,,,,,,,,,,,,,,,,,,,,,,,,,,,,,,,,,,,,,,,,,,,,,,,,,,,,,,,,,,,,,,,
,,,2025-08-11_11h47.44.546,CFMT_CCMT_Face_recognition,03.02.2023,Win32,120.4819277,62d7443567d945a729647935,6899c7d7c4c961a016830ad3,6899c95c94acea59e415d213,,,,,,,,,,,,,,,,,,,,,,,,,,,,,,,,,,,,,,,,,,,,,,,,,,,254.1133,254.8632,2,0,2,0,1,,,,,,,,,,,,,,,,,,,,,,,,,,,,,,,,,,,,,,,,,,,,,,,,,,,,,,,,,,,,,,,,,,,,,,,,,,,,,,,,,,,,,,,,,,,,,,,,,,,,,,,,,,,,,,,,,,,,,,,,,,,,,,,,,,,,,
,,,2025-08-11_11h47.44.546,CFMT_CCMT_Face_recognition,03.02.2023,Win32,120.4819277,62d7443567d945a729647935,6899c7d7c4c961a016830ad3,6899c95c94acea59e415d213,,,,,,,,,,,,,,,,,,,,,,,,,,,,,,,,,,,,,,,,,,,,,,,,,,,254.8634,255.6132,3,0,3,0,1,,,,,,,,,,,,,,,,,,,,,,,,,,,,,,,,,,,,,,,,,,,,,,,,,,,,,,,,,,,,,,,,,,,,,,,,,,,,,,,,,,,,,,,,,,,,,,,,,,,,,,,,,,,,,,,,,,,,,,,,,,,,,,,,,,,,,
,,,2025-08-11_11h47.44.546,CFMT_CCMT_Face_recognition,03.02.2023,Win32,120.4819277,62d7443567d945a729647935,6899c7d7c4c961a016830ad3,6899c95c94acea59e415d213,,,,,,,,,,,,,,,,,,,,,,,,,,,,,,,,,,,,,,,,,,,,,,,,,,,255.6134,256.3633,4,0,4,0,1,,,,,,,,,,,,,,,,,,,,,,,,,,,,,,,,,,,,,,,,,,,,,,,,,,,,,,,,,,,,,,,,,,,,,,,,,,,,,,,,,,,,,,,,,,,,,,,,,,,,,,,,,,,,,,,,,,,,,,,,,,,,,,,,,,,,,
,,,2025-08-11_11h47.44.546,CFMT_CCMT_Face_recognition,03.02.2023,Win32,120.4819277,62d7443567d945a729647935,6899c7d7c4c961a016830ad3,6899c95c94acea59e415d213,,,,,,,,,,,,,,,,,,,,,,,,,,,,,,,,,,,,,,,,,,,,,,,,,,,256.3635,257.1133,5,0,5,0,1,,,,,,,,,,,,,,,,,,,,,,,,,,,,,,,,,,,,,,,,,,,,,,,,,,,,,,,,,,,,,,,,,,,,,,,,,,,,,,,,,,,,,,,,,,,,,,,,,,,,,,,,,,,,,,,,,,,,,,,,,,,,,,,,,,,,,
,,,2025-08-11_11h47.44.546,CFMT_CCMT_Face_recognition,03.02.2023,Win32,120.4819277,62d7443567d945a729647935,6899c7d7c4c961a016830ad3,6899c95c94acea59e415d213,,,,,,,,,,,,,,,,,,,,,,,,,,,,,,,,,,,,,,,,,,,,,,257.1137,2.135923244,259.2468,259.2468,259.2468,259.2472,259.9969,0,0,0,0,1,257.1134,257.1137,,0,,,,,,,,,,,,,,,,,,,,,,,,,,,,,,,,,,,,,,,,,,,,,,,,,,,,,,,,,,,,,,,,,,,,,,,,,,,,,,,,,,,,,,,,,,,,,,,,,,,,,,,,,,,,,,,,,,,,,,,,,,,,,,,,,
,,,2025-08-11_11h47.44.546,CFMT_CCMT_Face_recognition,03.02.2023,Win32,120.4819277,62d7443567d945a729647935,6899c7d7c4c961a016830ad3,6899c95c94acea59e415d213,,,,,,,,,,,,,,,,,,,,,,,,,,,,,,,,,,,,,,,,,,,,,,,,,,,259.9971,260.747,1,0,1,0,1,,,,,,,,,,,,,,,,,,,,,,,,,,,,,,,,,,,,,,,,,,,,,,,,,,,,,,,,,,,,,,,,,,,,,,,,,,,,,,,,,,,,,,,,,,,,,,,,,,,,,,,,,,,,,,,,,,,,,,,,,,,,,,,,,,,,,
,,,2025-08-11_11h47.44.546,CFMT_CCMT_Face_recognition,03.02.2023,Win32,120.4819277,62d7443567d945a729647935,6899c7d7c4c961a016830ad3,6899c95c94acea59e415d213,,,,,,,,,,,,,,,,,,,,,,,,,,,,,,,,,,,,,,,,,,,,,,,,,,,260.7471,261.497,2,0,2,0,1,,,,,,,,,,,,,,,,,,,,,,,,,,,,,,,,,,,,,,,,,,,,,,,,,,,,,,,,,,,,,,,,,,,,,,,,,,,,,,,,,,,,,,,,,,,,,,,,,,,,,,,,,,,,,,,,,,,,,,,,,,,,,,,,,,,,,
,,,2025-08-11_11h47.44.546,CFMT_CCMT_Face_recognition,03.02.2023,Win32,120.4819277,62d7443567d945a729647935,6899c7d7c4c961a016830ad3,6899c95c94acea59e415d213,,,,,,,,,,,,,,,,,,,,,,,,,,,,,,,,,,,,,,,,,,,,,,,,,,,261.4971,262.2471,3,0,3,0,1,,,,,,,,,,,,,,,,,,,,,,,,,,,,,,,,,,,,,,,,,,,,,,,,,,,,,,,,,,,,,,,,,,,,,,,,,,,,,,,,,,,,,,,,,,,,,,,,,,,,,,,,,,,,,,,,,,,,,,,,,,,,,,,,,,,,,
,,,2025-08-11_11h47.44.546,CFMT_CCMT_Face_recognition,03.02.2023,Win32,120.4819277,62d7443567d945a729647935,6899c7d7c4c961a016830ad3,6899c95c94acea59e415d213,,,,,,,,,,,,,,,,,,,,,,,,,,,,,,,,,,,,,,,,,,,,,,,,,,,262.2473,262.9971,4,0,4,0,1,,,,,,,,,,,,,,,,,,,,,,,,,,,,,,,,,,,,,,,,,,,,,,,,,,,,,,,,,,,,,,,,,,,,,,,,,,,,,,,,,,,,,,,,,,,,,,,,,,,,,,,,,,,,,,,,,,,,,,,,,,,,,,,,,,,,,
,,,2025-08-11_11h47.44.546,CFMT_CCMT_Face_recognition,03.02.2023,Win32,120.4819277,62d7443567d945a729647935,6899c7d7c4c961a016830ad3,6899c95c94acea59e415d213,,,,,,,,,,,,,,,,,,,,,,,,,,,,,,,,,,,,,,,,,,,,,,,,,,,262.9973,263.7472,5,0,5,0,1,,,,,,,,,,,,,,,,,,,,,,,,,,,,,,,,,,,,,,,,,,,,,,,,,,,,,,,,,,,,,,,,,,,,,,,,,,,,,,,,,,,,,,,,,,,,,,,,,,,,,,,,,,,,,,,,,,,,,,,,,,,,,,,,,,,,,
,,,2025-08-11_11h47.44.546,CFMT_CCMT_Face_recognition,03.02.2023,Win32,120.4819277,62d7443567d945a729647935,6899c7d7c4c961a016830ad3,6899c95c94acea59e415d213,,,,,,,,,,,,,,,,,,,,,,,,,,,,,,,,,,,,,,,,,,,,,,271.423,1.750919372,273.1729,273.173,273.173,273.1733,273.923,0,0,0,0,1,263.7473,271.4228,q,1,7.6705,,,,,,,,,,,,,,,,,,,,,,,,,,,,,,,,,,,,,,,,,,,,,,,,,,,,,,,,,,,,,,,,,,,,,,,,,,,,,,,,,,,,,,,,,,,,,,,,,,,,,,,,,,,,,,,,,,,,,,,,,,,,,,,,
,,,2025-08-11_11h47.44.546,CFMT_CCMT_Face_recognition,03.02.2023,Win32,120.4819277,62d7443567d945a729647935,6899c7d7c4c961a016830ad3,6899c95c94acea59e415d213,,,,,,,,,,,,,,,,,,,,,,,,,,,,,,,,,,,,,,,,,,,,,,,,,,,273.9232,274.673,1,0,1,0,1,,,,,,,,,,,,,,,,,,,,,,,,,,,,,,,,,,,,,,,,,,,,,,,,,,,,,,,,,,,,,,,,,,,,,,,,,,,,,,,,,,,,,,,,,,,,,,,,,,,,,,,,,,,,,,,,,,,,,,,,,,,,,,,,,,,,,
,,,2025-08-11_11h47.44.546,CFMT_CCMT_Face_recognition,03.02.2023,Win32,120.4819277,62d7443567d945a729647935,6899c7d7c4c961a016830ad3,6899c95c94acea59e415d213,,,,,,,,,,,,,,,,,,,,,,,,,,,,,,,,,,,,,,,,,,,,,,,,,,,274.6732,275.4231,2,0,2,0,1,,,,,,,,,,,,,,,,,,,,,,,,,,,,,,,,,,,,,,,,,,,,,,,,,,,,,,,,,,,,,,,,,,,,,,,,,,,,,,,,,,,,,,,,,,,,,,,,,,,,,,,,,,,,,,,,,,,,,,,,,,,,,,,,,,,,,
,,,2025-08-11_11h47.44.546,CFMT_CCMT_Face_recognition,03.02.2023,Win32,120.4819277,62d7443567d945a729647935,6899c7d7c4c961a016830ad3,6899c95c94acea59e415d213,,,,,,,,,,,,,,,,,,,,,,,,,,,,,,,,,,,,,,,,,,,,,,,,,,,275.4232,276.1732,3,0,3,0,1,,,,,,,,,,,,,,,,,,,,,,,,,,,,,,,,,,,,,,,,,,,,,,,,,,,,,,,,,,,,,,,,,,,,,,,,,,,,,,,,,,,,,,,,,,,,,,,,,,,,,,,,,,,,,,,,,,,,,,,,,,,,,,,,,,,,,
,,,2025-08-11_11h47.44.546,CFMT_CCMT_Face_recognition,03.02.2023,Win32,120.4819277,62d7443567d945a729647935,6899c7d7c4c961a016830ad3,6899c95c94acea59e415d213,,,,,,,,,,,,,,,,,,,,,,,,,,,,,,,,,,,,,,,,,,,,,,,,,,,276.1733,276.9232,4,0,4,0,1,,,,,,,,,,,,,,,,,,,,,,,,,,,,,,,,,,,,,,,,,,,,,,,,,,,,,,,,,,,,,,,,,,,,,,,,,,,,,,,,,,,,,,,,,,,,,,,,,,,,,,,,,,,,,,,,,,,,,,,,,,,,,,,,,,,,,
,,,2025-08-11_11h47.44.546,CFMT_CCMT_Face_recognition,03.02.2023,Win32,120.4819277,62d7443567d945a729647935,6899c7d7c4c961a016830ad3,6899c95c94acea59e415d213,,,,,,,,,,,,,,,,,,,,,,,,,,,,,,,,,,,,,,,,,,,,,,,,,,,276.9233,277.6732,5,0,5,0,1,,,,,,,,,,,,,,,,,,,,,,,,,,,,,,,,,,,,,,,,,,,,,,,,,,,,,,,,,,,,,,,,,,,,,,,,,,,,,,,,,,,,,,,,,,,,,,,,,,,,,,,,,,,,,,,,,,,,,,,,,,,,,,,,,,,,,
,,,2025-08-11_11h47.44.546,CFMT_CCMT_Face_recognition,03.02.2023,Win32,120.4819277,62d7443567d945a729647935,6899c7d7c4c961a016830ad3,6899c95c94acea59e415d213,,,,,,,,,,,,,,,,,,,,,,,,,,,,,,,,,,,,,,,,,,,,,,277.6737,1.618903322,279.2901,279.2901,279.2901,279.2904,280.0401,0,0,0,0,1,277.6733,277.6737,,0,,,,,,,,,,,,,,,,,,,,,,,,,,,,,,,,,,,,,,,,,,,,,,,,,,,,,,,,,,,,,,,,,,,,,,,,,,,,,,,,,,,,,,,,,,,,,,,,,,,,,,,,,,,,,,,,,,,,,,,,,,,,,,,,,
,,,2025-08-11_11h47.44.546,CFMT_CCMT_Face_recognition,03.02.2023,Win32,120.4819277,62d7443567d945a729647935,6899c7d7c4c961a016830ad3,6899c95c94acea59e415d213,,,,,,,,,,,,,,,,,,,,,,,,,,,,,,,,,,,,,,,,,,,,,,,,,,,280.0403,280.7901,1,0,1,0,1,,,,,,,,,,,,,,,,,,,,,,,,,,,,,,,,,,,,,,,,,,,,,,,,,,,,,,,,,,,,,,,,,,,,,,,,,,,,,,,,,,,,,,,,,,,,,,,,,,,,,,,,,,,,,,,,,,,,,,,,,,,,,,,,,,,,,
,,,2025-08-11_11h47.44.546,CFMT_CCMT_Face_recognition,03.02.2023,Win32,120.4819277,62d7443567d945a729647935,6899c7d7c4c961a016830ad3,6899c95c94acea59e415d213,,,,,,,,,,,,,,,,,,,,,,,,,,,,,,,,,,,,,,,,,,,,,,,,,,,280.7903,281.5402,2,0,2,0,1,,,,,,,,,,,,,,,,,,,,,,,,,,,,,,,,,,,,,,,,,,,,,,,,,,,,,,,,,,,,,,,,,,,,,,,,,,,,,,,,,,,,,,,,,,,,,,,,,,,,,,,,,,,,,,,,,,,,,,,,,,,,,,,,,,,,,
,,,2025-08-11_11h47.44.546,CFMT_CCMT_Face_recognition,03.02.2023,Win32,120.4819277,62d7443567d945a729647935,6899c7d7c4c961a016830ad3,6899c95c94acea59e415d213,,,,,,,,,,,,,,,,,,,,,,,,,,,,,,,,,,,,,,,,,,,,,,,,,,,281.5404,282.2903,3,0,3,0,1,,,,,,,,,,,,,,,,,,,,,,,,,,,,,,,,,,,,,,,,,,,,,,,,,,,,,,,,,,,,,,,,,,,,,,,,,,,,,,,,,,,,,,,,,,,,,,,,,,,,,,,,,,,,,,,,,,,,,,,,,,,,,,,,,,,,,
,,,2025-08-11_11h47.44.546,CFMT_CCMT_Face_recognition,03.02.2023,Win32,120.4819277,62d7443567d945a729647935,6899c7d7c4c961a016830ad3,6899c95c94acea59e415d213,,,,,,,,,,,,,,,,,,,,,,,,,,,,,,,,,,,,,,,,,,,,,,,,,,,282.2904,283.0403,4,0,4,0,1,,,,,,,,,,,,,,,,,,,,,,,,,,,,,,,,,,,,,,,,,,,,,,,,,,,,,,,,,,,,,,,,,,,,,,,,,,,,,,,,,,,,,,,,,,,,,,,,,,,,,,,,,,,,,,,,,,,,,,,,,,,,,,,,,,,,,
,,,2025-08-11_11h47.44.546,CFMT_CCMT_Face_recognition,03.02.2023,Win32,120.4819277,62d7443567d945a729647935,6899c7d7c4c961a016830ad3,6899c95c94acea59e415d213,,,,,,,,,,,,,,,,,,,,,,,,,,,,,,,,,,,,,,,,,,,,,,,,,,,283.0405,283.7904,5,0,5,0,1,,,,,,,,,,,,,,,,,,,,,,,,,,,,,,,,,,,,,,,,,,,,,,,,,,,,,,,,,,,,,,,,,,,,,,,,,,,,,,,,,,,,,,,,,,,,,,,,,,,,,,,,,,,,,,,,,,,,,,,,,,,,,,,,,,,,,
,,,2025-08-11_11h47.44.546,CFMT_CCMT_Face_recognition,03.02.2023,Win32,120.4819277,62d7443567d945a729647935,6899c7d7c4c961a016830ad3,6899c95c94acea59e415d213,,,,,,,,,,,,,,,,,,,,,,,,,,,,,,,,,,,,,,,,,,,,,,283.7908,2.321142859,286.1073,286.1073,286.1073,286.1076,286.8573,0,0,0,0,1,283.7904,283.7907,,0,,,,,,,,,,,,,,,,,,,,,,,,,,,,,,,,,,,,,,,,,,,,,,,,,,,,,,,,,,,,,,,,,,,,,,,,,,,,,,,,,,,,,,,,,,,,,,,,,,,,,,,,,,,,,,,,,,,,,,,,,,,,,,,,,
,,,2025-08-11_11h47.44.546,CFMT_CCMT_Face_recognition,03.02.2023,Win32,120.4819277,62d7443567d945a729647935,6899c7d7c4c961a016830ad3,6899c95c94acea59e415d213,,,,,,,,,,,,,,,,,,,,,,,,,,,,,,,,,,,,,,,,,,,,,,,,,,,286.8574,287.6074,1,0,1,0,1,,,,,,,,,,,,,,,,,,,,,,,,,,,,,,,,,,,,,,,,,,,,,,,,,,,,,,,,,,,,,,,,,,,,,,,,,,,,,,,,,,,,,,,,,,,,,,,,,,,,,,,,,,,,,,,,,,,,,,,,,,,,,,,,,,,,,
,,,2025-08-11_11h47.44.546,CFMT_CCMT_Face_recognition,03.02.2023,Win32,120.4819277,62d7443567d945a729647935,6899c7d7c4c961a016830ad3,6899c95c94acea59e415d213,,,,,,,,,,,,,,,,,,,,,,,,,,,,,,,,,,,,,,,,,,,,,,,,,,,287.6075,288.3574,2,0,2,0,1,,,,,,,,,,,,,,,,,,,,,,,,,,,,,,,,,,,,,,,,,,,,,,,,,,,,,,,,,,,,,,,,,,,,,,,,,,,,,,,,,,,,,,,,,,,,,,,,,,,,,,,,,,,,,,,,,,,,,,,,,,,,,,,,,,,,,
,,,2025-08-11_11h47.44.546,CFMT_CCMT_Face_recognition,03.02.2023,Win32,120.4819277,62d7443567d945a729647935,6899c7d7c4c961a016830ad3,6899c95c94acea59e415d213,,,,,,,,,,,,,,,,,,,,,,,,,,,,,,,,,,,,,,,,,,,,,,,,,,,288.3575,289.1075,3,0,3,0,1,,,,,,,,,,,,,,,,,,,,,,,,,,,,,,,,,,,,,,,,,,,,,,,,,,,,,,,,,,,,,,,,,,,,,,,,,,,,,,,,,,,,,,,,,,,,,,,,,,,,,,,,,,,,,,,,,,,,,,,,,,,,,,,,,,,,,
,,,2025-08-11_11h47.44.546,CFMT_CCMT_Face_recognition,03.02.2023,Win32,120.4819277,62d7443567d945a729647935,6899c7d7c4c961a016830ad3,6899c95c94acea59e415d213,,,,,,,,,,,,,,,,,,,,,,,,,,,,,,,,,,,,,,,,,,,,,,,,,,,289.1076,289.8575,4,0,4,0,1,,,,,,,,,,,,,,,,,,,,,,,,,,,,,,,,,,,,,,,,,,,,,,,,,,,,,,,,,,,,,,,,,,,,,,,,,,,,,,,,,,,,,,,,,,,,,,,,,,,,,,,,,,,,,,,,,,,,,,,,,,,,,,,,,,,,,
,,,2025-08-11_11h47.44.546,CFMT_CCMT_Face_recognition,03.02.2023,Win32,120.4819277,62d7443567d945a729647935,6899c7d7c4c961a016830ad3,6899c95c94acea59e415d213,,,,,,,,,,,,,,,,,,,,,,,,,,,,,,,,,,,,,,,,,,,,,,,,,,,289.8577,290.6076,5,0,5,0,1,,,,,,,,,,,,,,,,,,,,,,,,,,,,,,,,,,,,,,,,,,,,,,,,,,,,,,,,,,,,,,,,,,,,,,,,,,,,,,,,,,,,,,,,,,,,,,,,,,,,,,,,,,,,,,,,,,,,,,,,,,,,,,,,,,,,,
,,,2025-08-11_11h47.44.546,CFMT_CCMT_Face_recognition,03.02.2023,Win32,120.4819277,62d7443567d945a729647935,6899c7d7c4c961a016830ad3,6899c95c94acea59e415d213,,,,,,,,,,,,,,,,,,,,,,,,,,,,,,,,,,,,,,,,,,,,,,290.6081,1.79826636,292.4078,292.4078,292.4078,292.4082,293.1578,0,0,0,0,1,290.6077,290.608,,0,,,,,,,,,,,,,,,,,,,,,,,,,,,,,,,,,,,,,,,,,,,,,,,,,,,,,,,,,,,,,,,,,,,,,,,,,,,,,,,,,,,,,,,,,,,,,,,,,,,,,,,,,,,,,,,,,,,,,,,,,,,,,,,,,
,,,2025-08-11_11h47.44.546,CFMT_CCMT_Face_recognition,03.02.2023,Win32,120.4819277,62d7443567d945a729647935,6899c7d7c4c961a016830ad3,6899c95c94acea59e415d213,,,,,,,,,,,,,,,,,,,,,,,,,,,,,,,,,,,,,,,,,,,,,,,,,,,293.158,293.9079,1,0,1,0,1,,,,,,,,,,,,,,,,,,,,,,,,,,,,,,,,,,,,,,,,,,,,,,,,,,,,,,,,,,,,,,,,,,,,,,,,,,,,,,,,,,,,,,,,,,,,,,,,,,,,,,,,,,,,,,,,,,,,,,,,,,,,,,,,,,,,,
,,,2025-08-11_11h47.44.546,CFMT_CCMT_Face_recognition,03.02.2023,Win32,120.4819277,62d7443567d945a729647935,6899c7d7c4c961a016830ad3,6899c95c94acea59e415d213,,,,,,,,,,,,,,,,,,,,,,,,,,,,,,,,,,,,,,,,,,,,,,,,,,,293.908,294.6579,2,0,2,0,1,,,,,,,,,,,,,,,,,,,,,,,,,,,,,,,,,,,,,,,,,,,,,,,,,,,,,,,,,,,,,,,,,,,,,,,,,,,,,,,,,,,,,,,,,,,,,,,,,,,,,,,,,,,,,,,,,,,,,,,,,,,,,,,,,,,,,
,,,2025-08-11_11h47.44.546,CFMT_CCMT_Face_recognition,03.02.2023,Win32,120.4819277,62d7443567d945a729647935,6899c7d7c4c961a016830ad3,6899c95c94acea59e415d213,,,,,,,,,,,,,,,,,,,,,,,,,,,,,,,,,,,,,,,,,,,,,,,,,,,294.658,295.408,3,0,3,0,1,,,,,,,,,,,,,,,,,,,,,,,,,,,,,,,,,,,,,,,,,,,,,,,,,,,,,,,,,,,,,,,,,,,,,,,,,,,,,,,,,,,,,,,,,,,,,,,,,,,,,,,,,,,,,,,,,,,,,,,,,,,,,,,,,,,,,
,,,2025-08-11_11h47.44.546,CFMT_CCMT_Face_recognition,03.02.2023,Win32,120.4819277,62d7443567d945a729647935,6899c7d7c4c961a016830ad3,6899c95c94acea59e415d213,,,,,,,,,,,,,,,,,,,,,,,,,,,,,,,,,,,,,,,,,,,,,,,,,,,295.4081,296.1581,4,0,4,0,1,,,,,,,,,,,,,,,,,,,,,,,,,,,,,,,,,,,,,,,,,,,,,,,,,,,,,,,,,,,,,,,,,,,,,,,,,,,,,,,,,,,,,,,,,,,,,,,,,,,,,,,,,,,,,,,,,,,,,,,,,,,,,,,,,,,,,
,,,2025-08-11_11h47.44.546,CFMT_CCMT_Face_recognition,03.02.2023,Win32,120.4819277,62d7443567d945a729647935,6899c7d7c4c961a016830ad3,6899c95c94acea59e415d213,,,,,,,,,,,,,,,,,,,,,,,,,,,,,,,,,,,,,,,,,,,,,,,,,,,296.1582,296.9082,5,0,5,0,1,,,,,,,,,,,,,,,,,,,,,,,,,,,,,,,,,,,,,,,,,,,,,,,,,,,,,,,,,,,,,,,,,,,,,,,,,,,,,,,,,,,,,,,,,,,,,,,,,,,,,,,,,,,,,,,,,,,,,,,,,,,,,,,,,,,,,
,,,2025-08-11_11h47.44.546,CFMT_CCMT_Face_recognition,03.02.2023,Win32,120.4819277,62d7443567d945a729647935,6899c7d7c4c961a016830ad3,6899c95c94acea59e415d213,,,,,,,,,,,,,,,,,,,,,,,,,,,,,,,,,,,,,,,,,,,,,,296.9086,1.988572156,298.8916,298.8917,298.8917,298.8919,299.6417,0,0,0,0,1,296.9083,296.9085,,0,,,,,,,,,,,,,,,,,,,,,,,,,,,,,,,,,,,,,,,,,,,,,,,,,,,,,,,,,,,,,,,,,,,,,,,,,,,,,,,,,,,,,,,,,,,,,,,,,,,,,,,,,,,,,,,,,,,,,,,,,,,,,,,,,
,,,2025-08-11_11h47.44.546,CFMT_CCMT_Face_recognition,03.02.2023,Win32,120.4819277,62d7443567d945a729647935,6899c7d7c4c961a016830ad3,6899c95c94acea59e415d213,,,,,,,,,,,,,,,,,,,,,,,,,,,,,,,,,,,,,,,,,,,,,,,,,,,299.6418,300.3916,1,0,1,0,1,,,,,,,,,,,,,,,,,,,,,,,,,,,,,,,,,,,,,,,,,,,,,,,,,,,,,,,,,,,,,,,,,,,,,,,,,,,,,,,,,,,,,,,,,,,,,,,,,,,,,,,,,,,,,,,,,,,,,,,,,,,,,,,,,,,,,
,,,2025-08-11_11h47.44.546,CFMT_CCMT_Face_recognition,03.02.2023,Win32,120.4819277,62d7443567d945a729647935,6899c7d7c4c961a016830ad3,6899c95c94acea59e415d213,,,,,,,,,,,,,,,,,,,,,,,,,,,,,,,,,,,,,,,,,,,,,,,,,,,300.3918,301.1418,2,0,2,0,1,,,,,,,,,,,,,,,,,,,,,,,,,,,,,,,,,,,,,,,,,,,,,,,,,,,,,,,,,,,,,,,,,,,,,,,,,,,,,,,,,,,,,,,,,,,,,,,,,,,,,,,,,,,,,,,,,,,,,,,,,,,,,,,,,,,,,
,,,2025-08-11_11h47.44.546,CFMT_CCMT_Face_recognition,03.02.2023,Win32,120.4819277,62d7443567d945a729647935,6899c7d7c4c961a016830ad3,6899c95c94acea59e415d213,,,,,,,,,,,,,,,,,,,,,,,,,,,,,,,,,,,,,,,,,,,,,,,,,,,301.1419,301.8918,3,0,3,0,1,,,,,,,,,,,,,,,,,,,,,,,,,,,,,,,,,,,,,,,,,,,,,,,,,,,,,,,,,,,,,,,,,,,,,,,,,,,,,,,,,,,,,,,,,,,,,,,,,,,,,,,,,,,,,,,,,,,,,,,,,,,,,,,,,,,,,
,,,2025-08-11_11h47.44.546,CFMT_CCMT_Face_recognition,03.02.2023,Win32,120.4819277,62d7443567d945a729647935,6899c7d7c4c961a016830ad3,6899c95c94acea59e415d213,,,,,,,,,,,,,,,,,,,,,,,,,,,,,,,,,,,,,,,,,,,,,,,,,,,301.892,302.6419,4,0,4,0,1,,,,,,,,,,,,,,,,,,,,,,,,,,,,,,,,,,,,,,,,,,,,,,,,,,,,,,,,,,,,,,,,,,,,,,,,,,,,,,,,,,,,,,,,,,,,,,,,,,,,,,,,,,,,,,,,,,,,,,,,,,,,,,,,,,,,,
,,,2025-08-11_11h47.44.546,CFMT_CCMT_Face_recognition,03.02.2023,Win32,120.4819277,62d7443567d945a729647935,6899c7d7c4c961a016830ad3,6899c95c94acea59e415d213,,,,,,,,,,,,,,,,,,,,,,,,,,,,,,,,,,,,,,,,,,,,,,,,,,,302.642,303.3919,5,0,5,0,1,,,,,,,,,,,,,,,,,,,,,,,,,,,,,,,,,,,,,,,,,,,,,,,,,,,,,,,,,,,,,,,,,,,,,,,,,,,,,,,,,,,,,,,,,,,,,,,,,,,,,,,,,,,,,,,,,,,,,,,,,,,,,,,,,,,,,
,,,2025-08-11_11h47.44.546,CFMT_CCMT_Face_recognition,03.02.2023,Win32,120.4819277,62d7443567d945a729647935,6899c7d7c4c961a016830ad3,6899c95c94acea59e415d213,,,,,,,,,,,,,,,,,,,,,,,,,,,,,,,,,,,,,,,,,,,,,,,,,,,,,,,,,,303.3919,306.6089,q,1,3.2107,,306.609,311.6094,,,,,,,,,,,,,,,,,,,,,,,,,,,,,,,,,,,,,,,,,,,,,,,,,,,,,,,,,,,,,,,,,,,,,,,,,,,,,,,,,,,,,,,,,,,,,,,,,,,,,,,,,,,,,,,,,,,,,,,,,,,,,
,,,2025-08-11_11h47.44.546,CFMT_CCMT_Face_recognition,03.02.2023,Win32,120.4819277,62d7443567d945a729647935,6899c7d7c4c961a016830ad3,6899c95c94acea59e415d213,,,,,,,,,,,,,,,,,,,,,,,,,,,,,,,,,,,,,,,,,,,,,,,,,,,,,,,,,,,,,,,,,,311.6094,321.6102,,,,,,,,,,,,,,,,,,,,,,,,,,,,,,,,,,,,,,,,,,,,,,,,,,,,,,,,,,,,,,,,,,,,,,,,,,,,,,,,,,,,,,,,,,,,,,,,,,,,,,,,,,,,,,,,,,,,,,,,,,,
,,,2025-08-11_11h47.44.546,CFMT_CCMT_Face_recognition,03.02.2023,Win32,120.4819277,62d7443567d945a729647935,6899c7d7c4c961a016830ad3,6899c95c94acea59e415d213,,,,,,,,,,,,,,,,,,,,,,,,,,,,,,,,,,,,,,,,,,,,,,,,,,,,,,,,,,,,,,,,,,,,321.6102,331.5526,,,,,,,,,,,,,,,,,,,,,,,,,,,,,,,,,,,,,,,,,,,,,,,,,,,,,,,,,,,,,,,,,,,,,,,,,,,,,,,,,,,,,,,,,,,,,,,,,,,,,,,,,,,,,,,,,,,,,,,,,
,,,2025-08-11_11h47.44.546,CFMT_CCMT_Face_recognition,03.02.2023,Win32,120.4819277,62d7443567d945a729647935,6899c7d7c4c961a016830ad3,6899c95c94acea59e415d213,,,,,,,,,,,,,,,,,,,,,,,,,,,,,,,,,,,,,,,,,,,,,,,,,,,,,,,,,,,,,,,,,,,,,,331.5527,335.9029,,,,,,,,,,,,,,,,,,,,,,,,,,,,,,,,,,,,,,,,,,,,,,,,,,,,,,,,,,,,,,,,,,,,,,,,,,,,,,,,,,,,,,,,,,,,,,,,,,,,,,,,,,,,,,,,,,,,,,,
,,,2025-08-11_11h47.44.546,CFMT_CCMT_Face_recognition,03.02.2023,Win32,120.4819277,62d7443567d945a729647935,6899c7d7c4c961a016830ad3,6899c95c94acea59e415d213,,,,,,,,,,,,,,,,,,,,,,,,,,,,,,,,,,,,,,,,,,,,,,335.9037,2.185073276,338.0863,,,,,,,,,,,,,,,,,,,,,,,,338.0864,339.1949,p,1,1.046,,0,0,0,0,1,,,,,,,,,,,,,,,,,,,,,,,,,,,,,,,,,,,,,,,,,,,,,,,,,,,,,,,,,,,,,,,,,,,,,,,,,,,,,,,,,,,,,,,,,,,,,,,,,,,,,,,,,,,,
,,,2025-08-11_11h47.44.546,CFMT_CCMT_Face_recognition,03.02.2023,Win32,120.4819277,62d7443567d945a729647935,6899c7d7c4c961a016830ad3,6899c95c94acea59e415d213,,,,,,,,,,,,,,,,,,,,,,,,,,,,,,,,,,,,,,,,,,,,,,339.195,2.185044724,341.3782,,,,,,,,,,,,,,,,,,,,,,,,341.3782,342.3366,q,1,0.8995,,1,0,1,0,1,,,,,,,,,,,,,,,,,,,,,,,,,,,,,,,,,,,,,,,,,,,,,,,,,,,,,,,,,,,,,,,,,,,,,,,,,,,,,,,,,,,,,,,,,,,,,,,,,,,,,,,,,,,,
,,,2025-08-11_11h47.44.546,CFMT_CCMT_Face_recognition,03.02.2023,Win32,120.4819277,62d7443567d945a729647935,6899c7d7c4c961a016830ad3,6899c95c94acea59e415d213,,,,,,,,,,,,,,,,,,,,,,,,,,,,,,,,,,,,,,,,,,,,,,342.3368,1.582440982,343.92,,,,,,,,,,,,,,,,,,,,,,,,343.9201,345.2369,p,1,1.2556,,2,0,2,0,1,,,,,,,,,,,,,,,,,,,,,,,,,,,,,,,,,,,,,,,,,,,,,,,,,,,,,,,,,,,,,,,,,,,,,,,,,,,,,,,,,,,,,,,,,,,,,,,,,,,,,,,,,,,,
,,,2025-08-11_11h47.44.546,CFMT_CCMT_Face_recognition,03.02.2023,Win32,120.4819277,62d7443567d945a729647935,6899c7d7c4c961a016830ad3,6899c95c94acea59e415d213,,,,,,,,,,,,,,,,,,,,,,,,,,,,,,,,,,,,,,,,,,,,,,345.2371,2.215614206,347.4536,,,,,,,,,,,,,,,,,,,,,,,,347.4538,348.7371,q,1,1.2195,,3,0,3,0,1,,,,,,,,,,,,,,,,,,,,,,,,,,,,,,,,,,,,,,,,,,,,,,,,,,,,,,,,,,,,,,,,,,,,,,,,,,,,,,,,,,,,,,,,,,,,,,,,,,,,,,,,,,,,
,,,2025-08-11_11h47.44.546,CFMT_CCMT_Face_recognition,03.02.2023,Win32,120.4819277,62d7443567d945a729647935,6899c7d7c4c961a016830ad3,6899c95c94acea59e415d213,,,,,,,,,,,,,,,,,,,,,,,,,,,,,,,,,,,,,,,,,,,,,,348.7373,1.785231461,350.5206,,,,,,,,,,,,,,,,,,,,,,,,350.5206,351.479,p,1,0.8971,,4,0,4,0,1,,,,,,,,,,,,,,,,,,,,,,,,,,,,,,,,,,,,,,,,,,,,,,,,,,,,,,,,,,,,,,,,,,,,,,,,,,,,,,,,,,,,,,,,,,,,,,,,,,,,,,,,,,,,
,,,2025-08-11_11h47.44.546,CFMT_CCMT_Face_recognition,03.02.2023,Win32,120.4819277,62d7443567d945a729647935,6899c7d7c4c961a016830ad3,6899c95c94acea59e415d213,,,,,,,,,,,,,,,,,,,,,,,,,,,,,,,,,,,,,,,,,,,,,,351.4792,2.201815999,353.6791,,,,,,,,,,,,,,,,,,,,,,,,353.6792,355.221,q,0,1.4756,,5,0,5,0,1,,,,,,,,,,,,,,,,,,,,,,,,,,,,,,,,,,,,,,,,,,,,,,,,,,,,,,,,,,,,,,,,,,,,,,,,,,,,,,,,,,,,,,,,,,,,,,,,,,,,,,,,,,,,
,,,2025-08-11_11h47.44.546,CFMT_CCMT_Face_recognition,03.02.2023,Win32,120.4819277,62d7443567d945a729647935,6899c7d7c4c961a016830ad3,6899c95c94acea59e415d213,,,,,,,,,,,,,,,,,,,,,,,,,,,,,,,,,,,,,,,,,,,,,,355.2211,1.576327313,356.7961,,,,,,,,,,,,,,,,,,,,,,,,356.7961,357.6462,p,1,0.7828,,6,0,6,0,1,,,,,,,,,,,,,,,,,,,,,,,,,,,,,,,,,,,,,,,,,,,,,,,,,,,,,,,,,,,,,,,,,,,,,,,,,,,,,,,,,,,,,,,,,,,,,,,,,,,,,,,,,,,,
,,,2025-08-11_11h47.44.546,CFMT_CCMT_Face_recognition,03.02.2023,Win32,120.4819277,62d7443567d945a729647935,6899c7d7c4c961a016830ad3,6899c95c94acea59e415d213,,,,,,,,,,,,,,,,,,,,,,,,,,,,,,,,,,,,,,,,,,,,,,357.6464,2.094173934,359.7379,,,,,,,,,,,,,,,,,,,,,,,,359.7379,360.8131,q,1,1.0151,,7,0,7,0,1,,,,,,,,,,,,,,,,,,,,,,,,,,,,,,,,,,,,,,,,,,,,,,,,,,,,,,,,,,,,,,,,,,,,,,,,,,,,,,,,,,,,,,,,,,,,,,,,,,,,,,,,,,,,
,,,2025-08-11_11h47.44.546,CFMT_CCMT_Face_recognition,03.02.2023,Win32,120.4819277,62d7443567d945a729647935,6899c7d7c4c961a016830ad3,6899c95c94acea59e415d213,,,,,,,,,,,,,,,,,,,,,,,,,,,,,,,,,,,,,,,,,,,,,,360.8133,2.325969737,363.1383,,,,,,,,,,,,,,,,,,,,,,,,363.1383,364.3467,q,1,1.1447,,8,0,8,0,1,,,,,,,,,,,,,,,,,,,,,,,,,,,,,,,,,,,,,,,,,,,,,,,,,,,,,,,,,,,,,,,,,,,,,,,,,,,,,,,,,,,,,,,,,,,,,,,,,,,,,,,,,,,,
,,,2025-08-11_11h47.44.546,CFMT_CCMT_Face_recognition,03.02.2023,Win32,120.4819277,62d7443567d945a729647935,6899c7d7c4c961a016830ad3,6899c95c94acea59e415d213,,,,,,,,,,,,,,,,,,,,,,,,,,,,,,,,,,,,,,,,,,,,,,364.3469,1.716873585,366.0635,,,,,,,,,,,,,,,,,,,,,,,,366.0636,367.0636,q,0,0.9388,,9,0,9,0,1,,,,,,,,,,,,,,,,,,,,,,,,,,,,,,,,,,,,,,,,,,,,,,,,,,,,,,,,,,,,,,,,,,,,,,,,,,,,,,,,,,,,,,,,,,,,,,,,,,,,,,,,,,,,
,,,2025-08-11_11h47.44.546,CFMT_CCMT_Face_recognition,03.02.2023,Win32,120.4819277,62d7443567d945a729647935,6899c7d7c4c961a016830ad3,6899c95c94acea59e415d213,,,,,,,,,,,,,,,,,,,,,,,,,,,,,,,,,,,,,,,,,,,,,,367.0637,2.446396957,369.5054,,,,,,,,,,,,,,,,,,,,,,,,369.5054,370.6473,q,1,1.0748,,10,0,10,0,1,,,,,,,,,,,,,,,,,,,,,,,,,,,,,,,,,,,,,,,,,,,,,,,,,,,,,,,,,,,,,,,,,,,,,,,,,,,,,,,,,,,,,,,,,,,,,,,,,,,,,,,,,,,,
,,,2025-08-11_11h47.44.546,CFMT_CCMT_Face_recognition,03.02.2023,Win32,120.4819277,62d7443567d945a729647935,6899c7d7c4c961a016830ad3,6899c95c94acea59e415d213,,,,,,,,,,,,,,,,,,,,,,,,,,,,,,,,,,,,,,,,,,,,,,370.6475,1.579427459,372.2223,,,,,,,,,,,,,,,,,,,,,,,,372.2223,373.089,q,1,0.8056,,11,0,11,0,1,,,,,,,,,,,,,,,,,,,,,,,,,,,,,,,,,,,,,,,,,,,,,,,,,,,,,,,,,,,,,,,,,,,,,,,,,,,,,,,,,,,,,,,,,,,,,,,,,,,,,,,,,,,,
,,,2025-08-11_11h47.44.546,CFMT_CCMT_Face_recognition,03.02.2023,Win32,120.4819277,62d7443567d945a729647935,6899c7d7c4c961a016830ad3,6899c95c94acea59e415d213,,,,,,,,,,,,,,,,,,,,,,,,,,,,,,,,,,,,,,,,,,,,,,373.0892,2.036620788,375.1226,,,,,,,,,,,,,,,,,,,,,,,,375.1226,375.956,q,1,0.7776,,12,0,12,0,1,,,,,,,,,,,,,,,,,,,,,,,,,,,,,,,,,,,,,,,,,,,,,,,,,,,,,,,,,,,,,,,,,,,,,,,,,,,,,,,,,,,,,,,,,,,,,,,,,,,,,,,,,,,,
,,,2025-08-11_11h47.44.546,CFMT_CCMT_Face_recognition,03.02.2023,Win32,120.4819277,62d7443567d945a729647935,6899c7d7c4c961a016830ad3,6899c95c94acea59e415d213,,,,,,,,,,,,,,,,,,,,,,,,,,,,,,,,,,,,,,,,,,,,,,375.9561,1.954590548,377.906,,,,,,,,,,,,,,,,,,,,,,,,377.906,379.8313,p,1,1.859,,13,0,13,0,1,,,,,,,,,,,,,,,,,,,,,,,,,,,,,,,,,,,,,,,,,,,,,,,,,,,,,,,,,,,,,,,,,,,,,,,,,,,,,,,,,,,,,,,,,,,,,,,,,,,,,,,,,,,,
,,,2025-08-11_11h47.44.546,CFMT_CCMT_Face_recognition,03.02.2023,Win32,120.4819277,62d7443567d945a729647935,6899c7d7c4c961a016830ad3,6899c95c94acea59e415d213,,,,,,,,,,,,,,,,,,,,,,,,,,,,,,,,,,,,,,,,,,,,,,379.8314,1.996670307,381.823,,,,,,,,,,,,,,,,,,,,,,,,381.823,383.0565,p,1,1.1727,,14,0,14,0,1,,,,,,,,,,,,,,,,,,,,,,,,,,,,,,,,,,,,,,,,,,,,,,,,,,,,,,,,,,,,,,,,,,,,,,,,,,,,,,,,,,,,,,,,,,,,,,,,,,,,,,,,,,,,
,,,2025-08-11_11h47.44.546,CFMT_CCMT_Face_recognition,03.02.2023,Win32,120.4819277,62d7443567d945a729647935,6899c7d7c4c961a016830ad3,6899c95c94acea59e415d213,,,,,,,,,,,,,,,,,,,,,,,,,,,,,,,,,,,,,,,,,,,,,,383.0566,1.589378728,384.6399,,,,,,,,,,,,,,,,,,,,,,,,384.6399,385.5401,q,1,0.833,,15,0,15,0,1,,,,,,,,,,,,,,,,,,,,,,,,,,,,,,,,,,,,,,,,,,,,,,,,,,,,,,,,,,,,,,,,,,,,,,,,,,,,,,,,,,,,,,,,,,,,,,,,,,,,,,,,,,,,
,,,2025-08-11_11h47.44.546,CFMT_CCMT_Face_recognition,03.02.2023,Win32,120.4819277,62d7443567d945a729647935,6899c7d7c4c961a016830ad3,6899c95c94acea59e415d213,,,,,,,,,,,,,,,,,,,,,,,,,,,,,,,,,,,,,,,,,,,,,,385.5401,1.578849493,387.1152,,,,,,,,,,,,,,,,,,,,,,,,387.1152,388.1236,q,1,0.9405,,16,0,16,0,1,,,,,,,,,,,,,,,,,,,,,,,,,,,,,,,,,,,,,,,,,,,,,,,,,,,,,,,,,,,,,,,,,,,,,,,,,,,,,,,,,,,,,,,,,,,,,,,,,,,,,,,,,,,,
,,,2025-08-11_11h47.44.546,CFMT_CCMT_Face_recognition,03.02.2023,Win32,120.4819277,62d7443567d945a729647935,6899c7d7c4c961a016830ad3,6899c95c94acea59e415d213,,,,,,,,,,,,,,,,,,,,,,,,,,,,,,,,,,,,,,,,,,,,,,388.1237,1.596221579,389.7153,,,,,,,,,,,,,,,,,,,,,,,,389.7153,390.5655,q,1,0.7937,,17,0,17,0,1,,,,,,,,,,,,,,,,,,,,,,,,,,,,,,,,,,,,,,,,,,,,,,,,,,,,,,,,,,,,,,,,,,,,,,,,,,,,,,,,,,,,,,,,,,,,,,,,,,,,,,,,,,,,
,,,2025-08-11_11h47.44.546,CFMT_CCMT_Face_recognition,03.02.2023,Win32,120.4819277,62d7443567d945a729647935,6899c7d7c4c961a016830ad3,6899c95c94acea59e415d213,,,,,,,,,,,,,,,,,,,,,,,,,,,,,,,,,,,,,,,,,,,,,,390.5657,1.992574507,392.5573,,,,,,,,,,,,,,,,,,,,,,,,392.5573,393.3906,p,1,0.7691,,18,0,18,0,1,,,,,,,,,,,,,,,,,,,,,,,,,,,,,,,,,,,,,,,,,,,,,,,,,,,,,,,,,,,,,,,,,,,,,,,,,,,,,,,,,,,,,,,,,,,,,,,,,,,,,,,,,,,,
,,,2025-08-11_11h47.44.546,CFMT_CCMT_Face_recognition,03.02.2023,Win32,120.4819277,62d7443567d945a729647935,6899c7d7c4c961a016830ad3,6899c95c94acea59e415d213,,,,,,,,,,,,,,,,,,,,,,,,,,,,,,,,,,,,,,,,,,,,,,393.3908,2.347362965,395.7324,,,,,,,,,,,,,,,,,,,,,,,,395.7324,396.7409,q,1,0.9472,,19,0,19,0,1,,,,,,,,,,,,,,,,,,,,,,,,,,,,,,,,,,,,,,,,,,,,,,,,,,,,,,,,,,,,,,,,,,,,,,,,,,,,,,,,,,,,,,,,,,,,,,,,,,,,,,,,,,,,
,,,2025-08-11_11h47.44.546,CFMT_CCMT_Face_recognition,03.02.2023,Win32,120.4819277,62d7443567d945a729647935,6899c7d7c4c961a016830ad3,6899c95c94acea59e415d213,,,,,,,,,,,,,,,,,,,,,,,,,,,,,,,,,,,,,,,,,,,,,,396.741,1.822123403,398.5577,,,,,,,,,,,,,,,,,,,,,,,,398.5577,399.5494,p,0,0.9242,,20,0,20,0,1,,,,,,,,,,,,,,,,,,,,,,,,,,,,,,,,,,,,,,,,,,,,,,,,,,,,,,,,,,,,,,,,,,,,,,,,,,,,,,,,,,,,,,,,,,,,,,,,,,,,,,,,,,,,
,,,2025-08-11_11h47.44.546,CFMT_CCMT_Face_recognition,03.02.2023,Win32,120.4819277,62d7443567d945a729647935,6899c7d7c4c961a016830ad3,6899c95c94acea59e415d213,,,,,,,,,,,,,,,,,,,,,,,,,,,,,,,,,,,,,,,,,,,,,,399.5496,2.374904553,401.9246,,,,,,,,,,,,,,,,,,,,,,,,401.9247,403.1414,p,1,1.1493,,21,0,21,0,1,,,,,,,,,,,,,,,,,,,,,,,,,,,,,,,,,,,,,,,,,,,,,,,,,,,,,,,,,,,,,,,,,,,,,,,,,,,,,,,,,,,,,,,,,,,,,,,,,,,,,,,,,,,,
,,,2025-08-11_11h47.44.546,CFMT_CCMT_Face_recognition,03.02.2023,Win32,120.4819277,62d7443567d945a729647935,6899c7d7c4c961a016830ad3,6899c95c94acea59e415d213,,,,,,,,,,,,,,,,,,,,,,,,,,,,,,,,,,,,,,,,,,,,,,403.1415,2.379344633,405.5165,,,,,,,,,,,,,,,,,,,,,,,,405.5165,406.5417,p,1,0.9575,,22,0,22,0,1,,,,,,,,,,,,,,,,,,,,,,,,,,,,,,,,,,,,,,,,,,,,,,,,,,,,,,,,,,,,,,,,,,,,,,,,,,,,,,,,,,,,,,,,,,,,,,,,,,,,,,,,,,,,
,,,2025-08-11_11h47.44.546,CFMT_CCMT_Face_recognition,03.02.2023,Win32,120.4819277,62d7443567d945a729647935,6899c7d7c4c961a016830ad3,6899c95c94acea59e415d213,,,,,,,,,,,,,,,,,,,,,,,,,,,,,,,,,,,,,,,,,,,,,,406.5418,1.673881301,408.2168,,,,,,,,,,,,,,,,,,,,,,,,408.2168,409.2419,p,1,0.958,,23,0,23,0,1,,,,,,,,,,,,,,,,,,,,,,,,,,,,,,,,,,,,,,,,,,,,,,,,,,,,,,,,,,,,,,,,,,,,,,,,,,,,,,,,,,,,,,,,,,,,,,,,,,,,,,,,,,,,
,,,2025-08-11_11h47.44.546,CFMT_CCMT_Face_recognition,03.02.2023,Win32,120.4819277,62d7443567d945a729647935,6899c7d7c4c961a016830ad3,6899c95c94acea59e415d213,,,,,,,,,,,,,,,,,,,,,,,,,,,,,,,,,,,,,,,,,,,,,,409.242,1.545147511,410.7836,,,,,,,,,,,,,,,,,,,,,,,,410.7836,411.5587,q,0,0.7072,,24,0,24,0,1,,,,,,,,,,,,,,,,,,,,,,,,,,,,,,,,,,,,,,,,,,,,,,,,,,,,,,,,,,,,,,,,,,,,,,,,,,,,,,,,,,,,,,,,,,,,,,,,,,,,,,,,,,,,
,,,2025-08-11_11h47.44.546,CFMT_CCMT_Face_recognition,03.02.2023,Win32,120.4819277,62d7443567d945a729647935,6899c7d7c4c961a016830ad3,6899c95c94acea59e415d213,,,,,,,,,,,,,,,,,,,,,,,,,,,,,,,,,,,,,,,,,,,,,,411.5589,1.898807198,413.4589,,,,,,,,,,,,,,,,,,,,,,,,413.4589,414.5172,p,0,0.9971,,25,0,25,0,1,,,,,,,,,,,,,,,,,,,,,,,,,,,,,,,,,,,,,,,,,,,,,,,,,,,,,,,,,,,,,,,,,,,,,,,,,,,,,,,,,,,,,,,,,,,,,,,,,,,,,,,,,,,,
,,,2025-08-11_11h47.44.546,CFMT_CCMT_Face_recognition,03.02.2023,Win32,120.4819277,62d7443567d945a729647935,6899c7d7c4c961a016830ad3,6899c95c94acea59e415d213,,,,,,,,,,,,,,,,,,,,,,,,,,,,,,,,,,,,,,,,,,,,,,414.5174,1.732509653,416.2507,,,,,,,,,,,,,,,,,,,,,,,,416.2507,417.2843,q,1,0.9731,,26,0,26,0,1,,,,,,,,,,,,,,,,,,,,,,,,,,,,,,,,,,,,,,,,,,,,,,,,,,,,,,,,,,,,,,,,,,,,,,,,,,,,,,,,,,,,,,,,,,,,,,,,,,,,,,,,,,,,
,,,2025-08-11_11h47.44.546,CFMT_CCMT_Face_recognition,03.02.2023,Win32,120.4819277,62d7443567d945a729647935,6899c7d7c4c961a016830ad3,6899c95c94acea59e415d213,,,,,,,,,,,,,,,,,,,,,,,,,,,,,,,,,,,,,,,,,,,,,,417.2844,1.560627856,418.8425,,,,,,,,,,,,,,,,,,,,,,,,418.8426,419.601,q,1,0.696,,27,0,27,0,1,,,,,,,,,,,,,,,,,,,,,,,,,,,,,,,,,,,,,,,,,,,,,,,,,,,,,,,,,,,,,,,,,,,,,,,,,,,,,,,,,,,,,,,,,,,,,,,,,,,,,,,,,,,,
,,,2025-08-11_11h47.44.546,CFMT_CCMT_Face_recognition,03.02.2023,Win32,120.4819277,62d7443567d945a729647935,6899c7d7c4c961a016830ad3,6899c95c94acea59e415d213,,,,,,,,,,,,,,,,,,,,,,,,,,,,,,,,,,,,,,,,,,,,,,419.6011,1.693094256,421.2927,,,,,,,,,,,,,,,,,,,,,,,,421.2928,422.2512,p,1,0.8999,,28,0,28,0,1,,,,,,,,,,,,,,,,,,,,,,,,,,,,,,,,,,,,,,,,,,,,,,,,,,,,,,,,,,,,,,,,,,,,,,,,,,,,,,,,,,,,,,,,,,,,,,,,,,,,,,,,,,,,
,,,2025-08-11_11h47.44.546,CFMT_CCMT_Face_recognition,03.02.2023,Win32,120.4819277,62d7443567d945a729647935,6899c7d7c4c961a016830ad3,6899c95c94acea59e415d213,,,,,,,,,,,,,,,,,,,,,,,,,,,,,,,,,,,,,,,,,,,,,,422.2513,1.599754233,423.8513,,,,,,,,,,,,,,,,,,,,,,,,423.8513,424.9514,p,0,1.0322,,29,0,29,0,1,,,,,,,,,,,,,,,,,,,,,,,,,,,,,,,,,,,,,,,,,,,,,,,,,,,,,,,,,,,,,,,,,,,,,,,,,,,,,,,,,,,,,,,,,,,,,,,,,,,,,,,,,,,,
,,,2025-08-11_11h47.44.546,CFMT_CCMT_Face_recognition,03.02.2023,Win32,120.4819277,62d7443567d945a729647935,6899c7d7c4c961a016830ad3,6899c95c94acea59e415d213,,,,,,,,,,,,,,,,,,,,,,,,,,,,,,,,,,,,,,,,,,,,,,424.9516,1.66978562,426.6181,,,,,,,,,,,,,,,,,,,,,,,,426.6181,427.2932,q,1,0.609,,30,0,30,0,1,,,,,,,,,,,,,,,,,,,,,,,,,,,,,,,,,,,,,,,,,,,,,,,,,,,,,,,,,,,,,,,,,,,,,,,,,,,,,,,,,,,,,,,,,,,,,,,,,,,,,,,,,,,,
,,,2025-08-11_11h47.44.546,CFMT_CCMT_Face_recognition,03.02.2023,Win32,120.4819277,62d7443567d945a729647935,6899c7d7c4c961a016830ad3,6899c95c94acea59e415d213,,,,,,,,,,,,,,,,,,,,,,,,,,,,,,,,,,,,,,,,,,,,,,427.2934,2.357075681,429.6518,,,,,,,,,,,,,,,,,,,,,,,,429.6518,430.4936,p,1,0.7735,,31,0,31,0,1,,,,,,,,,,,,,,,,,,,,,,,,,,,,,,,,,,,,,,,,,,,,,,,,,,,,,,,,,,,,,,,,,,,,,,,,,,,,,,,,,,,,,,,,,,,,,,,,,,,,,,,,,,,,
,,,2025-08-11_11h47.44.546,CFMT_CCMT_Face_recognition,03.02.2023,Win32,120.4819277,62d7443567d945a729647935,6899c7d7c4c961a016830ad3,6899c95c94acea59e415d213,,,,,,,,,,,,,,,,,,,,,,,,,,,,,,,,,,,,,,,,,,,,,,430.4937,1.687169418,432.1769,,,,,,,,,,,,,,,,,,,,,,,,432.1769,433.2105,p,1,0.9707,,32,0,32,0,1,,,,,,,,,,,,,,,,,,,,,,,,,,,,,,,,,,,,,,,,,,,,,,,,,,,,,,,,,,,,,,,,,,,,,,,,,,,,,,,,,,,,,,,,,,,,,,,,,,,,,,,,,,,,
,,,2025-08-11_11h47.44.546,CFMT_CCMT_Face_recognition,03.02.2023,Win32,120.4819277,62d7443567d945a729647935,6899c7d7c4c961a016830ad3,6899c95c94acea59e415d213,,,,,,,,,,,,,,,,,,,,,,,,,,,,,,,,,,,,,,,,,,,,,,433.2107,1.700083349,434.9105,,,,,,,,,,,,,,,,,,,,,,,,434.9105,435.8105,q,1,0.8305,,33,0,33,0,1,,,,,,,,,,,,,,,,,,,,,,,,,,,,,,,,,,,,,,,,,,,,,,,,,,,,,,,,,,,,,,,,,,,,,,,,,,,,,,,,,,,,,,,,,,,,,,,,,,,,,,,,,,,,
,,,2025-08-11_11h47.44.546,CFMT_CCMT_Face_recognition,03.02.2023,Win32,120.4819277,62d7443567d945a729647935,6899c7d7c4c961a016830ad3,6899c95c94acea59e415d213,,,,,,,,,,,,,,,,,,,,,,,,,,,,,,,,,,,,,,,,,,,,,,435.8108,2.462246646,438.2691,,,,,,,,,,,,,,,,,,,,,,,,438.2691,439.1775,q,1,0.8404,,34,0,34,0,1,,,,,,,,,,,,,,,,,,,,,,,,,,,,,,,,,,,,,,,,,,,,,,,,,,,,,,,,,,,,,,,,,,,,,,,,,,,,,,,,,,,,,,,,,,,,,,,,,,,,,,,,,,,,
,,,2025-08-11_11h47.44.546,CFMT_CCMT_Face_recognition,03.02.2023,Win32,120.4819277,62d7443567d945a729647935,6899c7d7c4c961a016830ad3,6899c95c94acea59e415d213,,,,,,,,,,,,,,,,,,,,,,,,,,,,,,,,,,,,,,,,,,,,,,439.1777,1.663974634,440.836,,,,,,,,,,,,,,,,,,,,,,,,440.836,441.6943,p,0,0.7989,,35,0,35,0,1,,,,,,,,,,,,,,,,,,,,,,,,,,,,,,,,,,,,,,,,,,,,,,,,,,,,,,,,,,,,,,,,,,,,,,,,,,,,,,,,,,,,,,,,,,,,,,,,,,,,,,,,,,,,
,,,2025-08-11_11h47.44.546,CFMT_CCMT_Face_recognition,03.02.2023,Win32,120.4819277,62d7443567d945a729647935,6899c7d7c4c961a016830ad3,6899c95c94acea59e415d213,,,,,,,,,,,,,,,,,,,,,,,,,,,,,,,,,,,,,,,,,,,,,,441.6946,2.111510189,443.8029,,,,,,,,,,,,,,,,,,,,,,,,443.8029,444.8113,p,1,0.9409,,36,0,36,0,1,,,,,,,,,,,,,,,,,,,,,,,,,,,,,,,,,,,,,,,,,,,,,,,,,,,,,,,,,,,,,,,,,,,,,,,,,,,,,,,,,,,,,,,,,,,,,,,,,,,,,,,,,,,,
,,,2025-08-11_11h47.44.546,CFMT_CCMT_Face_recognition,03.02.2023,Win32,120.4819277,62d7443567d945a729647935,6899c7d7c4c961a016830ad3,6899c95c94acea59e415d213,,,,,,,,,,,,,,,,,,,,,,,,,,,,,,,,,,,,,,,,,,,,,,444.8114,2.009896185,446.8197,,,,,,,,,,,,,,,,,,,,,,,,446.8198,448.0949,p,1,1.216,,37,0,37,0,1,,,,,,,,,,,,,,,,,,,,,,,,,,,,,,,,,,,,,,,,,,,,,,,,,,,,,,,,,,,,,,,,,,,,,,,,,,,,,,,,,,,,,,,,,,,,,,,,,,,,,,,,,,,,
,,,2025-08-11_11h47.44.546,CFMT_CCMT_Face_recognition,03.02.2023,Win32,120.4819277,62d7443567d945a729647935,6899c7d7c4c961a016830ad3,6899c95c94acea59e415d213,,,,,,,,,,,,,,,,,,,,,,,,,,,,,,,,,,,,,,,,,,,,,,448.0951,1.957446863,450.0534,,,,,,,,,,,,,,,,,,,,,,,,450.0534,451.1034,q,1,0.984,,38,0,38,0,1,,,,,,,,,,,,,,,,,,,,,,,,,,,,,,,,,,,,,,,,,,,,,,,,,,,,,,,,,,,,,,,,,,,,,,,,,,,,,,,,,,,,,,,,,,,,,,,,,,,,,,,,,,,,
,,,2025-08-11_11h47.44.546,CFMT_CCMT_Face_recognition,03.02.2023,Win32,120.4819277,62d7443567d945a729647935,6899c7d7c4c961a016830ad3,6899c95c94acea59e415d213,,,,,,,,,,,,,,,,,,,,,,,,,,,,,,,,,,,,,,,,,,,,,,451.1035,1.971376486,453.0703,,,,,,,,,,,,,,,,,,,,,,,,453.0703,454.0453,p,1,0.9181,,39,0,39,0,1,,,,,,,,,,,,,,,,,,,,,,,,,,,,,,,,,,,,,,,,,,,,,,,,,,,,,,,,,,,,,,,,,,,,,,,,,,,,,,,,,,,,,,,,,,,,,,,,,,,,,,,,,,,,
,,,2025-08-11_11h47.44.546,CFMT_CCMT_Face_recognition,03.02.2023,Win32,120.4819277,62d7443567d945a729647935,6899c7d7c4c961a016830ad3,6899c95c94acea59e415d213,,,,,,,,,,,,,,,,,,,,,,,,,,,,,,,,,,,,,,,,,,,,,,454.0455,2.067800953,456.1122,,,,,,,,,,,,,,,,,,,,,,,,456.1122,457.1289,q,0,0.9505,,40,0,40,0,1,,,,,,,,,,,,,,,,,,,,,,,,,,,,,,,,,,,,,,,,,,,,,,,,,,,,,,,,,,,,,,,,,,,,,,,,,,,,,,,,,,,,,,,,,,,,,,,,,,,,,,,,,,,,
,,,2025-08-11_11h47.44.546,CFMT_CCMT_Face_recognition,03.02.2023,Win32,120.4819277,62d7443567d945a729647935,6899c7d7c4c961a016830ad3,6899c95c94acea59e415d213,,,,,,,,,,,,,,,,,,,,,,,,,,,,,,,,,,,,,,,,,,,,,,457.129,2.284552828,459.4125,,,,,,,,,,,,,,,,,,,,,,,,459.4125,460.446,p,1,0.9704,,41,0,41,0,1,,,,,,,,,,,,,,,,,,,,,,,,,,,,,,,,,,,,,,,,,,,,,,,,,,,,,,,,,,,,,,,,,,,,,,,,,,,,,,,,,,,,,,,,,,,,,,,,,,,,,,,,,,,,
,,,2025-08-11_11h47.44.546,CFMT_CCMT_Face_recognition,03.02.2023,Win32,120.4819277,62d7443567d945a729647935,6899c7d7c4c961a016830ad3,6899c95c94acea59e415d213,,,,,,,,,,,,,,,,,,,,,,,,,,,,,,,,,,,,,,,,,,,,,,460.4461,2.106554599,462.5543,,,,,,,,,,,,,,,,,,,,,,,,462.5544,463.2877,q,0,0.6687,,42,0,42,0,1,,,,,,,,,,,,,,,,,,,,,,,,,,,,,,,,,,,,,,,,,,,,,,,,,,,,,,,,,,,,,,,,,,,,,,,,,,,,,,,,,,,,,,,,,,,,,,,,,,,,,,,,,,,,
,,,2025-08-11_11h47.44.546,CFMT_CCMT_Face_recognition,03.02.2023,Win32,120.4819277,62d7443567d945a729647935,6899c7d7c4c961a016830ad3,6899c95c94acea59e415d213,,,,,,,,,,,,,,,,,,,,,,,,,,,,,,,,,,,,,,,,,,,,,,463.2879,1.81637633,465.1046,,,,,,,,,,,,,,,,,,,,,,,,465.1046,466.0713,p,1,0.903,,43,0,43,0,1,,,,,,,,,,,,,,,,,,,,,,,,,,,,,,,,,,,,,,,,,,,,,,,,,,,,,,,,,,,,,,,,,,,,,,,,,,,,,,,,,,,,,,,,,,,,,,,,,,,,,,,,,,,,
,,,2025-08-11_11h47.44.546,CFMT_CCMT_Face_recognition,03.02.2023,Win32,120.4819277,62d7443567d945a729647935,6899c7d7c4c961a016830ad3,6899c95c94acea59e415d213,,,,,,,,,,,,,,,,,,,,,,,,,,,,,,,,,,,,,,,,,,,,,,466.0714,1.648876062,467.7214,,,,,,,,,,,,,,,,,,,,,,,,467.7214,468.9965,q,0,1.2077,,44,0,44,0,1,,,,,,,,,,,,,,,,,,,,,,,,,,,,,,,,,,,,,,,,,,,,,,,,,,,,,,,,,,,,,,,,,,,,,,,,,,,,,,,,,,,,,,,,,,,,,,,,,,,,,,,,,,,,
,,,2025-08-11_11h47.44.546,CFMT_CCMT_Face_recognition,03.02.2023,Win32,120.4819277,62d7443567d945a729647935,6899c7d7c4c961a016830ad3,6899c95c94acea59e415d213,,,,,,,,,,,,,,,,,,,,,,,,,,,,,,,,,,,,,,,,,,,,,,468.9967,2.049041269,471.0467,,,,,,,,,,,,,,,,,,,,,,,,471.0467,472.1301,p,1,1.0234,,45,0,45,0,1,,,,,,,,,,,,,,,,,,,,,,,,,,,,,,,,,,,,,,,,,,,,,,,,,,,,,,,,,,,,,,,,,,,,,,,,,,,,,,,,,,,,,,,,,,,,,,,,,,,,,,,,,,,,
,,,2025-08-11_11h47.44.546,CFMT_CCMT_Face_recognition,03.02.2023,Win32,120.4819277,62d7443567d945a729647935,6899c7d7c4c961a016830ad3,6899c95c94acea59e415d213,,,,,,,,,,,,,,,,,,,,,,,,,,,,,,,,,,,,,,,,,,,,,,472.1302,2.064429311,474.1885,,,,,,,,,,,,,,,,,,,,,,,,474.1885,475.3554,p,1,1.1056,,46,0,46,0,1,,,,,,,,,,,,,,,,,,,,,,,,,,,,,,,,,,,,,,,,,,,,,,,,,,,,,,,,,,,,,,,,,,,,,,,,,,,,,,,,,,,,,,,,,,,,,,,,,,,,,,,,,,,,
,,,2025-08-11_11h47.44.546,CFMT_CCMT_Face_recognition,03.02.2023,Win32,120.4819277,62d7443567d945a729647935,6899c7d7c4c961a016830ad3,6899c95c94acea59e415d213,,,,,,,,,,,,,,,,,,,,,,,,,,,,,,,,,,,,,,,,,,,,,,475.3556,1.869390757,477.2221,,,,,,,,,,,,,,,,,,,,,,,,477.2221,478.2472,p,1,0.9639,,47,0,47,0,1,,,,,,,,,,,,,,,,,,,,,,,,,,,,,,,,,,,,,,,,,,,,,,,,,,,,,,,,,,,,,,,,,,,,,,,,,,,,,,,,,,,,,,,,,,,,,,,,,,,,,,,,,,,,
,,,2025-08-11_11h47.44.546,CFMT_CCMT_Face_recognition,03.02.2023,Win32,120.4819277,62d7443567d945a729647935,6899c7d7c4c961a016830ad3,6899c95c94acea59e415d213,,,,,,,,,,,,,,,,,,,,,,,,,,,,,,,,,,,,,,,,,,,,,,478.2474,1.789170804,480.0307,,,,,,,,,,,,,,,,,,,,,,,,480.0307,481.2141,q,1,1.1221,,48,0,48,0,1,,,,,,,,,,,,,,,,,,,,,,,,,,,,,,,,,,,,,,,,,,,,,,,,,,,,,,,,,,,,,,,,,,,,,,,,,,,,,,,,,,,,,,,,,,,,,,,,,,,,,,,,,,,,
,,,2025-08-11_11h47.44.546,CFMT_CCMT_Face_recognition,03.02.2023,Win32,120.4819277,62d7443567d945a729647935,6899c7d7c4c961a016830ad3,6899c95c94acea59e415d213,,,,,,,,,,,,,,,,,,,,,,,,,,,,,,,,,,,,,,,,,,,,,,481.2143,1.546339407,482.7558,,,,,,,,,,,,,,,,,,,,,,,,482.756,483.7393,p,1,0.9182,,49,0,49,0,1,,,,,,,,,,,,,,,,,,,,,,,,,,,,,,,,,,,,,,,,,,,,,,,,,,,,,,,,,,,,,,,,,,,,,,,,,,,,,,,,,,,,,,,,,,,,,,,,,,,,,,,,,,,,
,,,2025-08-11_11h47.44.546,CFMT_CCMT_Face_recognition,03.02.2023,Win32,120.4819277,62d7443567d945a729647935,6899c7d7c4c961a016830ad3,6899c95c94acea59e415d213,,,,,,,,,,,,,,,,,,,,,,,,,,,,,,,,,,,,,,,,,,,,,,483.7395,1.987538247,485.7228,,,,,,,,,,,,,,,,,,,,,,,,485.7228,486.6562,p,0,0.8659,,50,0,50,0,1,,,,,,,,,,,,,,,,,,,,,,,,,,,,,,,,,,,,,,,,,,,,,,,,,,,,,,,,,,,,,,,,,,,,,,,,,,,,,,,,,,,,,,,,,,,,,,,,,,,,,,,,,,,,
,,,2025-08-11_11h47.44.546,CFMT_CCMT_Face_recognition,03.02.2023,Win32,120.4819277,62d7443567d945a729647935,6899c7d7c4c961a016830ad3,6899c95c94acea59e415d213,,,,,,,,,,,,,,,,,,,,,,,,,,,,,,,,,,,,,,,,,,,,,,486.6564,1.583775447,488.2397,,,,,,,,,,,,,,,,,,,,,,,,488.2397,488.9897,p,1,0.6827,,51,0,51,0,1,,,,,,,,,,,,,,,,,,,,,,,,,,,,,,,,,,,,,,,,,,,,,,,,,,,,,,,,,,,,,,,,,,,,,,,,,,,,,,,,,,,,,,,,,,,,,,,,,,,,,,,,,,,,
,,,2025-08-11_11h47.44.546,CFMT_CCMT_Face_recognition,03.02.2023,Win32,120.4819277,62d7443567d945a729647935,6899c7d7c4c961a016830ad3,6899c95c94acea59e415d213,,,,,,,,,,,,,,,,,,,,,,,,,,,,,,,,,,,,,,,,,,,,,,488.9899,1.531024431,490.5148,,,,,,,,,,,,,,,,,,,,,,,,490.5149,491.5733,q,1,0.9983,,52,0,52,0,1,,,,,,,,,,,,,,,,,,,,,,,,,,,,,,,,,,,,,,,,,,,,,,,,,,,,,,,,,,,,,,,,,,,,,,,,,,,,,,,,,,,,,,,,,,,,,,,,,,,,,,,,,,,,
,,,2025-08-11_11h47.44.546,CFMT_CCMT_Face_recognition,03.02.2023,Win32,120.4819277,62d7443567d945a729647935,6899c7d7c4c961a016830ad3,6899c95c94acea59e415d213,,,,,,,,,,,,,,,,,,,,,,,,,,,,,,,,,,,,,,,,,,,,,,491.5734,2.066626141,493.6401,,,,,,,,,,,,,,,,,,,,,,,,493.6401,494.7735,q,1,1.0734,,53,0,53,0,1,,,,,,,,,,,,,,,,,,,,,,,,,,,,,,,,,,,,,,,,,,,,,,,,,,,,,,,,,,,,,,,,,,,,,,,,,,,,,,,,,,,,,,,,,,,,,,,,,,,,,,,,,,,,
,,,2025-08-11_11h47.44.546,CFMT_CCMT_Face_recognition,03.02.2023,Win32,120.4819277,62d7443567d945a729647935,6899c7d7c4c961a016830ad3,6899c95c94acea59e415d213,,,,,,,,,,,,,,,,,,,,,,,,,,,,,,,,,,,,,,,,,,,,,,494.7737,1.54902823,496.3236,,,,,,,,,,,,,,,,,,,,,,,,496.3237,497.7905,p,0,1.4002,,54,0,54,0,1,,,,,,,,,,,,,,,,,,,,,,,,,,,,,,,,,,,,,,,,,,,,,,,,,,,,,,,,,,,,,,,,,,,,,,,,,,,,,,,,,,,,,,,,,,,,,,,,,,,,,,,,,,,,
,,,2025-08-11_11h47.44.546,CFMT_CCMT_Face_recognition,03.02.2023,Win32,120.4819277,62d7443567d945a729647935,6899c7d7c4c961a016830ad3,6899c95c94acea59e415d213,,,,,,,,,,,,,,,,,,,,,,,,,,,,,,,,,,,,,,,,,,,,,,497.7906,1.973774778,499.7655,,,,,,,,,,,,,,,,,,,,,,,,499.7655,500.8156,q,1,0.9827,,55,0,55,0,1,,,,,,,,,,,,,,,,,,,,,,,,,,,,,,,,,,,,,,,,,,,,,,,,,,,,,,,,,,,,,,,,,,,,,,,,,,,,,,,,,,,,,,,,,,,,,,,,,,,,,,,,,,,,
,,,2025-08-11_11h47.44.546,CFMT_CCMT_Face_recognition,03.02.2023,Win32,120.4819277,62d7443567d945a729647935,6899c7d7c4c961a016830ad3,6899c95c94acea59e415d213,,,,,,,,,,,,,,,,,,,,,,,,,,,,,,,,,,,,,,,,,,,,,,500.8158,1.916137471,502.7324,,,,,,,,,,,,,,,,,,,,,,,,502.7325,503.8325,p,1,1.0331,,56,0,56,0,1,,,,,,,,,,,,,,,,,,,,,,,,,,,,,,,,,,,,,,,,,,,,,,,,,,,,,,,,,,,,,,,,,,,,,,,,,,,,,,,,,,,,,,,,,,,,,,,,,,,,,,,,,,,,
,,,2025-08-11_11h47.44.546,CFMT_CCMT_Face_recognition,03.02.2023,Win32,120.4819277,62d7443567d945a729647935,6899c7d7c4c961a016830ad3,6899c95c94acea59e415d213,,,,,,,,,,,,,,,,,,,,,,,,,,,,,,,,,,,,,,,,,,,,,,503.8326,1.611315019,505.441,,,,,,,,,,,,,,,,,,,,,,,,505.441,506.2411,q,1,0.733,,57,0,57,0,1,,,,,,,,,,,,,,,,,,,,,,,,,,,,,,,,,,,,,,,,,,,,,,,,,,,,,,,,,,,,,,,,,,,,,,,,,,,,,,,,,,,,,,,,,,,,,,,,,,,,,,,,,,,,
,,,2025-08-11_11h47.44.546,CFMT_CCMT_Face_recognition,03.02.2023,Win32,120.4819277,62d7443567d945a729647935,6899c7d7c4c961a016830ad3,6899c95c94acea59e415d213,,,,,,,,,,,,,,,,,,,,,,,,,,,,,,,,,,,,,,,,,,,,,,506.2412,2.367356975,508.608,,,,,,,,,,,,,,,,,,,,,,,,508.608,509.7496,p,0,1.0762,,58,0,58,0,1,,,,,,,,,,,,,,,,,,,,,,,,,,,,,,,,,,,,,,,,,,,,,,,,,,,,,,,,,,,,,,,,,,,,,,,,,,,,,,,,,,,,,,,,,,,,,,,,,,,,,,,,,,,,
,,,2025-08-11_11h47.44.546,CFMT_CCMT_Face_recognition,03.02.2023,Win32,120.4819277,62d7443567d945a729647935,6899c7d7c4c961a016830ad3,6899c95c94acea59e415d213,,,,,,,,,,,,,,,,,,,,,,,,,,,,,,,,,,,,,,,,,,,,,,509.7498,1.736984848,511.4831,,,,,,,,,,,,,,,,,,,,,,,,511.4831,512.3916,q,1,0.8484,,59,0,59,0,1,,,,,,,,,,,,,,,,,,,,,,,,,,,,,,,,,,,,,,,,,,,,,,,,,,,,,,,,,,,,,,,,,,,,,,,,,,,,,,,,,,,,,,,,,,,,,,,,,,,,,,,,,,,,
,,,2025-08-11_11h47.44.546,CFMT_CCMT_Face_recognition,03.02.2023,Win32,120.4819277,62d7443567d945a729647935,6899c7d7c4c961a016830ad3,6899c95c94acea59e415d213,,,,,,,,,,,,,,,,,,,,,,,,,,,,,,,,,,,,,,,,,,,,,,519.8594,1.712571243,521.5672,,,,,,,,,,,,,,,,,,,,,,,,521.5672,522.7757,p,1,1.141,,0,0,0,0,1,512.3917,519.859,space,7.4499,,,,,,,,,,,,,,,,,,,,,,,,,,,,,,,,,,,,,,,,,,,,,,,,,,,,,,,,,,,,,,,,,,,,,,,,,,,,,,,,,,,,,,,,,,,,,,,,,,,,,,,,
,,,2025-08-11_11h47.44.546,CFMT_CCMT_Face_recognition,03.02.2023,Win32,120.4819277,62d7443567d945a729647935,6899c7d7c4c961a016830ad3,6899c95c94acea59e415d213,,,,,,,,,,,,,,,,,,,,,,,,,,,,,,,,,,,,,,,,,,,,,,522.7759,1.78571442,524.5592,,,,,,,,,,,,,,,,,,,,,,,,524.5592,526.5427,q,1,1.9259,,1,0,1,0,1,,,,,,,,,,,,,,,,,,,,,,,,,,,,,,,,,,,,,,,,,,,,,,,,,,,,,,,,,,,,,,,,,,,,,,,,,,,,,,,,,,,,,,,,,,,,,,,,,,,,,,,,,,,,
,,,2025-08-11_11h47.44.546,CFMT_CCMT_Face_recognition,03.02.2023,Win32,120.4819277,62d7443567d945a729647935,6899c7d7c4c961a016830ad3,6899c95c94acea59e415d213,,,,,,,,,,,,,,,,,,,,,,,,,,,,,,,,,,,,,,,,,,,,,,526.5429,2.445159263,528.9845,,,,,,,,,,,,,,,,,,,,,,,,528.9845,529.8596,p,1,0.8073,,2,0,2,0,1,,,,,,,,,,,,,,,,,,,,,,,,,,,,,,,,,,,,,,,,,,,,,,,,,,,,,,,,,,,,,,,,,,,,,,,,,,,,,,,,,,,,,,,,,,,,,,,,,,,,,,,,,,,,
,,,2025-08-11_11h47.44.546,CFMT_CCMT_Face_recognition,03.02.2023,Win32,120.4819277,62d7443567d945a729647935,6899c7d7c4c961a016830ad3,6899c95c94acea59e415d213,,,,,,,,,,,,,,,,,,,,,,,,,,,,,,,,,,,,,,,,,,,,,,529.8597,2.349833891,532.2098,,,,,,,,,,,,,,,,,,,,,,,,532.2098,533.5182,p,0,1.2404,,3,0,3,0,1,,,,,,,,,,,,,,,,,,,,,,,,,,,,,,,,,,,,,,,,,,,,,,,,,,,,,,,,,,,,,,,,,,,,,,,,,,,,,,,,,,,,,,,,,,,,,,,,,,,,,,,,,,,,
,,,2025-08-11_11h47.44.546,CFMT_CCMT_Face_recognition,03.02.2023,Win32,120.4819277,62d7443567d945a729647935,6899c7d7c4c961a016830ad3,6899c95c94acea59e415d213,,,,,,,,,,,,,,,,,,,,,,,,,,,,,,,,,,,,,,,,,,,,,,533.5184,1.918086083,535.435,,,,,,,,,,,,,,,,,,,,,,,,535.435,536.2434,q,0,0.7411,,4,0,4,0,1,,,,,,,,,,,,,,,,,,,,,,,,,,,,,,,,,,,,,,,,,,,,,,,,,,,,,,,,,,,,,,,,,,,,,,,,,,,,,,,,,,,,,,,,,,,,,,,,,,,,,,,,,,,,
,,,2025-08-11_11h47.44.546,CFMT_CCMT_Face_recognition,03.02.2023,Win32,120.4819277,62d7443567d945a729647935,6899c7d7c4c961a016830ad3,6899c95c94acea59e415d213,,,,,,,,,,,,,,,,,,,,,,,,,,,,,,,,,,,,,,,,,,,,,,536.2436,1.86682152,538.1102,,,,,,,,,,,,,,,,,,,,,,,,538.1102,539.2353,p,1,1.0587,,5,0,5,0,1,,,,,,,,,,,,,,,,,,,,,,,,,,,,,,,,,,,,,,,,,,,,,,,,,,,,,,,,,,,,,,,,,,,,,,,,,,,,,,,,,,,,,,,,,,,,,,,,,,,,,,,,,,,,
,,,2025-08-11_11h47.44.546,CFMT_CCMT_Face_recognition,03.02.2023,Win32,120.4819277,62d7443567d945a729647935,6899c7d7c4c961a016830ad3,6899c95c94acea59e415d213,,,,,,,,,,,,,,,,,,,,,,,,,,,,,,,,,,,,,,,,,,,,,,539.2355,2.308294173,541.5438,,,,,,,,,,,,,,,,,,,,,,,,541.5438,542.8856,p,1,1.2738,,6,0,6,0,1,,,,,,,,,,,,,,,,,,,,,,,,,,,,,,,,,,,,,,,,,,,,,,,,,,,,,,,,,,,,,,,,,,,,,,,,,,,,,,,,,,,,,,,,,,,,,,,,,,,,,,,,,,,,
,,,2025-08-11_11h47.44.546,CFMT_CCMT_Face_recognition,03.02.2023,Win32,120.4819277,62d7443567d945a729647935,6899c7d7c4c961a016830ad3,6899c95c94acea59e415d213,,,,,,,,,,,,,,,,,,,,,,,,,,,,,,,,,,,,,,,,,,,,,,542.8858,2.418755707,545.3024,,,,,,,,,,,,,,,,,,,,,,,,545.3024,546.1275,q,1,0.7629,,7,0,7,0,1,,,,,,,,,,,,,,,,,,,,,,,,,,,,,,,,,,,,,,,,,,,,,,,,,,,,,,,,,,,,,,,,,,,,,,,,,,,,,,,,,,,,,,,,,,,,,,,,,,,,,,,,,,,,
,,,2025-08-11_11h47.44.546,CFMT_CCMT_Face_recognition,03.02.2023,Win32,120.4819277,62d7443567d945a729647935,6899c7d7c4c961a016830ad3,6899c95c94acea59e415d213,,,,,,,,,,,,,,,,,,,,,,,,,,,,,,,,,,,,,,,,,,,,,,546.1276,1.605066925,547.7277,,,,,,,,,,,,,,,,,,,,,,,,547.7277,549.7528,q,0,1.9653,,8,0,8,0,1,,,,,,,,,,,,,,,,,,,,,,,,,,,,,,,,,,,,,,,,,,,,,,,,,,,,,,,,,,,,,,,,,,,,,,,,,,,,,,,,,,,,,,,,,,,,,,,,,,,,,,,,,,,,
,,,2025-08-11_11h47.44.546,CFMT_CCMT_Face_recognition,03.02.2023,Win32,120.4819277,62d7443567d945a729647935,6899c7d7c4c961a016830ad3,6899c95c94acea59e415d213,,,,,,,,,,,,,,,,,,,,,,,,,,,,,,,,,,,,,,,,,,,,,,549.753,1.959806385,551.7113,,,,,,,,,,,,,,,,,,,,,,,,551.7113,552.6281,p,1,0.8476,,9,0,9,0,1,,,,,,,,,,,,,,,,,,,,,,,,,,,,,,,,,,,,,,,,,,,,,,,,,,,,,,,,,,,,,,,,,,,,,,,,,,,,,,,,,,,,,,,,,,,,,,,,,,,,,,,,,,,,
,,,2025-08-11_11h47.44.546,CFMT_CCMT_Face_recognition,03.02.2023,Win32,120.4819277,62d7443567d945a729647935,6899c7d7c4c961a016830ad3,6899c95c94acea59e415d213,,,,,,,,,,,,,,,,,,,,,,,,,,,,,,,,,,,,,,,,,,,,,,552.6282,2.382429189,555.0115,,,,,,,,,,,,,,,,,,,,,,,,555.0115,556.7784,q,0,1.7086,,10,0,10,0,1,,,,,,,,,,,,,,,,,,,,,,,,,,,,,,,,,,,,,,,,,,,,,,,,,,,,,,,,,,,,,,,,,,,,,,,,,,,,,,,,,,,,,,,,,,,,,,,,,,,,,,,,,,,,
,,,2025-08-11_11h47.44.546,CFMT_CCMT_Face_recognition,03.02.2023,Win32,120.4819277,62d7443567d945a729647935,6899c7d7c4c961a016830ad3,6899c95c94acea59e415d213,,,,,,,,,,,,,,,,,,,,,,,,,,,,,,,,,,,,,,,,,,,,,,556.7785,1.814004274,558.5868,,,,,,,,,,,,,,,,,,,,,,,,558.5868,560.2203,q,1,1.5745,,11,0,11,0,1,,,,,,,,,,,,,,,,,,,,,,,,,,,,,,,,,,,,,,,,,,,,,,,,,,,,,,,,,,,,,,,,,,,,,,,,,,,,,,,,,,,,,,,,,,,,,,,,,,,,,,,,,,,,
,,,2025-08-11_11h47.44.546,CFMT_CCMT_Face_recognition,03.02.2023,Win32,120.4819277,62d7443567d945a729647935,6899c7d7c4c961a016830ad3,6899c95c94acea59e415d213,,,,,,,,,,,,,,,,,,,,,,,,,,,,,,,,,,,,,,,,,,,,,,560.2204,2.00705602,562.2288,,,,,,,,,,,,,,,,,,,,,,,,562.2288,563.1871,p,1,0.9009,,12,0,12,0,1,,,,,,,,,,,,,,,,,,,,,,,,,,,,,,,,,,,,,,,,,,,,,,,,,,,,,,,,,,,,,,,,,,,,,,,,,,,,,,,,,,,,,,,,,,,,,,,,,,,,,,,,,,,,
,,,2025-08-11_11h47.44.546,CFMT_CCMT_Face_recognition,03.02.2023,Win32,120.4819277,62d7443567d945a729647935,6899c7d7c4c961a016830ad3,6899c95c94acea59e415d213,,,,,,,,,,,,,,,,,,,,,,,,,,,,,,,,,,,,,,,,,,,,,,563.1873,2.087989483,565.2707,,,,,,,,,,,,,,,,,,,,,,,,565.2707,566.1124,q,1,0.7805,,13,0,13,0,1,,,,,,,,,,,,,,,,,,,,,,,,,,,,,,,,,,,,,,,,,,,,,,,,,,,,,,,,,,,,,,,,,,,,,,,,,,,,,,,,,,,,,,,,,,,,,,,,,,,,,,,,,,,,
,,,2025-08-11_11h47.44.546,CFMT_CCMT_Face_recognition,03.02.2023,Win32,120.4819277,62d7443567d945a729647935,6899c7d7c4c961a016830ad3,6899c95c94acea59e415d213,,,,,,,,,,,,,,,,,,,,,,,,,,,,,,,,,,,,,,,,,,,,,,566.1126,1.735643526,567.8458,,,,,,,,,,,,,,,,,,,,,,,,567.8459,568.6043,p,0,0.7007,,14,0,14,0,1,,,,,,,,,,,,,,,,,,,,,,,,,,,,,,,,,,,,,,,,,,,,,,,,,,,,,,,,,,,,,,,,,,,,,,,,,,,,,,,,,,,,,,,,,,,,,,,,,,,,,,,,,,,,
,,,2025-08-11_11h47.44.546,CFMT_CCMT_Face_recognition,03.02.2023,Win32,120.4819277,62d7443567d945a729647935,6899c7d7c4c961a016830ad3,6899c95c94acea59e415d213,,,,,,,,,,,,,,,,,,,,,,,,,,,,,,,,,,,,,,,,,,,,,,568.6044,2.232812055,570.8377,,,,,,,,,,,,,,,,,,,,,,,,570.8377,571.8294,p,0,0.9331,,15,0,15,0,1,,,,,,,,,,,,,,,,,,,,,,,,,,,,,,,,,,,,,,,,,,,,,,,,,,,,,,,,,,,,,,,,,,,,,,,,,,,,,,,,,,,,,,,,,,,,,,,,,,,,,,,,,,,,
,,,2025-08-11_11h47.44.546,CFMT_CCMT_Face_recognition,03.02.2023,Win32,120.4819277,62d7443567d945a729647935,6899c7d7c4c961a016830ad3,6899c95c94acea59e415d213,,,,,,,,,,,,,,,,,,,,,,,,,,,,,,,,,,,,,,,,,,,,,,571.8297,2.310486708,574.1381,,,,,,,,,,,,,,,,,,,,,,,,574.1381,576.0298,p,1,1.8269,,16,0,16,0,1,,,,,,,,,,,,,,,,,,,,,,,,,,,,,,,,,,,,,,,,,,,,,,,,,,,,,,,,,,,,,,,,,,,,,,,,,,,,,,,,,,,,,,,,,,,,,,,,,,,,,,,,,,,,
,,,2025-08-11_11h47.44.546,CFMT_CCMT_Face_recognition,03.02.2023,Win32,120.4819277,62d7443567d945a729647935,6899c7d7c4c961a016830ad3,6899c95c94acea59e415d213,,,,,,,,,,,,,,,,,,,,,,,,,,,,,,,,,,,,,,,,,,,,,,576.03,2.386752676,578.4133,,,,,,,,,,,,,,,,,,,,,,,,578.4133,579.3801,p,1,0.8997,,17,0,17,0,1,,,,,,,,,,,,,,,,,,,,,,,,,,,,,,,,,,,,,,,,,,,,,,,,,,,,,,,,,,,,,,,,,,,,,,,,,,,,,,,,,,,,,,,,,,,,,,,,,,,,,,,,,,,,
,,,2025-08-11_11h47.44.546,CFMT_CCMT_Face_recognition,03.02.2023,Win32,120.4819277,62d7443567d945a729647935,6899c7d7c4c961a016830ad3,6899c95c94acea59e415d213,,,,,,,,,,,,,,,,,,,,,,,,,,,,,,,,,,,,,,,,,,,,,,579.3802,1.710390699,581.0885,,,,,,,,,,,,,,,,,,,,,,,,581.0885,582.0471,q,0,0.8996,,18,0,18,0,1,,,,,,,,,,,,,,,,,,,,,,,,,,,,,,,,,,,,,,,,,,,,,,,,,,,,,,,,,,,,,,,,,,,,,,,,,,,,,,,,,,,,,,,,,,,,,,,,,,,,,,,,,,,,
,,,2025-08-11_11h47.44.546,CFMT_CCMT_Face_recognition,03.02.2023,Win32,120.4819277,62d7443567d945a729647935,6899c7d7c4c961a016830ad3,6899c95c94acea59e415d213,,,,,,,,,,,,,,,,,,,,,,,,,,,,,,,,,,,,,,,,,,,,,,582.0473,2.22279685,584.2638,,,,,,,,,,,,,,,,,,,,,,,,584.2638,585.3972,p,0,1.0664,,19,0,19,0,1,,,,,,,,,,,,,,,,,,,,,,,,,,,,,,,,,,,,,,,,,,,,,,,,,,,,,,,,,,,,,,,,,,,,,,,,,,,,,,,,,,,,,,,,,,,,,,,,,,,,,,,,,,,,
,,,2025-08-11_11h47.44.546,CFMT_CCMT_Face_recognition,03.02.2023,Win32,120.4819277,62d7443567d945a729647935,6899c7d7c4c961a016830ad3,6899c95c94acea59e415d213,,,,,,,,,,,,,,,,,,,,,,,,,,,,,,,,,,,,,,,,,,,,,,585.3974,1.625779352,587.0223,,,,,,,,,,,,,,,,,,,,,,,,587.0224,587.7558,q,1,0.6663,,20,0,20,0,1,,,,,,,,,,,,,,,,,,,,,,,,,,,,,,,,,,,,,,,,,,,,,,,,,,,,,,,,,,,,,,,,,,,,,,,,,,,,,,,,,,,,,,,,,,,,,,,,,,,,,,,,,,,,
,,,2025-08-11_11h47.44.546,CFMT_CCMT_Face_recognition,03.02.2023,Win32,120.4819277,62d7443567d945a729647935,6899c7d7c4c961a016830ad3,6899c95c94acea59e415d213,,,,,,,,,,,,,,,,,,,,,,,,,,,,,,,,,,,,,,,,,,,,,,587.7559,2.398682177,590.1559,,,,,,,,,,,,,,,,,,,,,,,,590.1559,591.0977,p,1,0.8755,,21,0,21,0,1,,,,,,,,,,,,,,,,,,,,,,,,,,,,,,,,,,,,,,,,,,,,,,,,,,,,,,,,,,,,,,,,,,,,,,,,,,,,,,,,,,,,,,,,,,,,,,,,,,,,,,,,,,,,
,,,2025-08-11_11h47.44.546,CFMT_CCMT_Face_recognition,03.02.2023,Win32,120.4819277,62d7443567d945a729647935,6899c7d7c4c961a016830ad3,6899c95c94acea59e415d213,,,,,,,,,,,,,,,,,,,,,,,,,,,,,,,,,,,,,,,,,,,,,,591.0978,2.454947614,593.5479,,,,,,,,,,,,,,,,,,,,,,,,593.5479,594.5312,p,1,0.9157,,22,0,22,0,1,,,,,,,,,,,,,,,,,,,,,,,,,,,,,,,,,,,,,,,,,,,,,,,,,,,,,,,,,,,,,,,,,,,,,,,,,,,,,,,,,,,,,,,,,,,,,,,,,,,,,,,,,,,,
,,,2025-08-11_11h47.44.546,CFMT_CCMT_Face_recognition,03.02.2023,Win32,120.4819277,62d7443567d945a729647935,6899c7d7c4c961a016830ad3,6899c95c94acea59e415d213,,,,,,,,,,,,,,,,,,,,,,,,,,,,,,,,,,,,,,,,,,,,,,594.5314,2.461346852,596.9898,,,,,,,,,,,,,,,,,,,,,,,,596.9898,599.1607,,,,,23,0,23,0,1,,,,,,,,,,,,,,,,,,,,,,,,,,,,,,,,,,,,,,,,,,,,,,,,,,,,,,,,,,,,,,,,,,,,,,,,,,,,,,,,,,,,,,,,,,,,,,,,,,,,,,,,,,,,
,,,2025-08-11_11h47.44.546,CFMT_CCMT_Face_recognition,03.02.2023,Win32,120.4819277,62d7443567d945a729647935,6899c7d7c4c961a016830ad3,6899c95c94acea59e415d213,,,,,,,,,,,,,,,,,,,,,,,,,,,,,,,,,,,,,,,,,,,,,,599.1609,2.335990528,601.4985,,,,,,,,,,,,,,,,,,,,,,,,601.4985,602.3818,p,1,0.8153,,24,0,24,0,1,,,,,,,,,,,,,,,,,,,,,,,,,,,,,,,,,,,,,,,,,,,,,,,,,,,,,,,,,,,,,,,,,,,,,,,,,,,,,,,,,,,,,,,,,,,,,,,,,,,,,,,,,,,,
,,,2025-08-11_11h47.44.546,CFMT_CCMT_Face_recognition,03.02.2023,Win32,120.4819277,62d7443567d945a729647935,6899c7d7c4c961a016830ad3,6899c95c94acea59e415d213,,,,,,,,,,,,,,,,,,,,,,,,,,,,,,,,,,,,,,,,,,,,,,602.382,1.566226624,603.9486,,,,,,,,,,,,,,,,,,,,,,,,603.9486,604.7238,p,0,0.7139,,25,0,25,0,1,,,,,,,,,,,,,,,,,,,,,,,,,,,,,,,,,,,,,,,,,,,,,,,,,,,,,,,,,,,,,,,,,,,,,,,,,,,,,,,,,,,,,,,,,,,,,,,,,,,,,,,,,,,,
,,,2025-08-11_11h47.44.546,CFMT_CCMT_Face_recognition,03.02.2023,Win32,120.4819277,62d7443567d945a729647935,6899c7d7c4c961a016830ad3,6899c95c94acea59e415d213,,,,,,,,,,,,,,,,,,,,,,,,,,,,,,,,,,,,,,,,,,,,,,604.7239,1.958977902,606.6822,,,,,,,,,,,,,,,,,,,,,,,,606.6822,607.524,q,1,0.7748,,26,0,26,0,1,,,,,,,,,,,,,,,,,,,,,,,,,,,,,,,,,,,,,,,,,,,,,,,,,,,,,,,,,,,,,,,,,,,,,,,,,,,,,,,,,,,,,,,,,,,,,,,,,,,,,,,,,,,,
,,,2025-08-11_11h47.44.546,CFMT_CCMT_Face_recognition,03.02.2023,Win32,120.4819277,62d7443567d945a729647935,6899c7d7c4c961a016830ad3,6899c95c94acea59e415d213,,,,,,,,,,,,,,,,,,,,,,,,,,,,,,,,,,,,,,,,,,,,,,607.5241,2.013037551,609.5324,,,,,,,,,,,,,,,,,,,,,,,,609.5324,611.2576,p,0,1.6605,,27,0,27,0,1,,,,,,,,,,,,,,,,,,,,,,,,,,,,,,,,,,,,,,,,,,,,,,,,,,,,,,,,,,,,,,,,,,,,,,,,,,,,,,,,,,,,,,,,,,,,,,,,,,,,,,,,,,,,
,,,2025-08-11_11h47.44.546,CFMT_CCMT_Face_recognition,03.02.2023,Win32,120.4819277,62d7443567d945a729647935,6899c7d7c4c961a016830ad3,6899c95c94acea59e415d213,,,,,,,,,,,,,,,,,,,,,,,,,,,,,,,,,,,,,,,,,,,,,,611.2578,2.325129169,613.5827,,,,,,,,,,,,,,,,,,,,,,,,613.5827,614.5745,p,1,0.9306,,28,0,28,0,1,,,,,,,,,,,,,,,,,,,,,,,,,,,,,,,,,,,,,,,,,,,,,,,,,,,,,,,,,,,,,,,,,,,,,,,,,,,,,,,,,,,,,,,,,,,,,,,,,,,,,,,,,,,,
,,,2025-08-11_11h47.44.546,CFMT_CCMT_Face_recognition,03.02.2023,Win32,120.4819277,62d7443567d945a729647935,6899c7d7c4c961a016830ad3,6899c95c94acea59e415d213,,,,,,,,,,,,,,,,,,,,,,,,,,,,,,,,,,,,,,,,,,,,,,614.5747,1.880655431,616.4496,,,,,,,,,,,,,,,,,,,,,,,,616.4497,617.5247,p,0,1.0084,,29,0,29,0,1,,,,,,,,,,,,,,,,,,,,,,,,,,,,,,,,,,,,,,,,,,,,,,,,,,,,,,,,,,,,,,,,,,,,,,,,,,,,,,,,,,,,,,,,,,,,,,,,,,,,,,,,,,,,
,,,2025-08-11_11h47.44.546,CFMT_CCMT_Face_recognition,03.02.2023,Win32,120.4819277,62d7443567d945a729647935,6899c7d7c4c961a016830ad3,6899c95c94acea59e415d213,,,,,,,,,,,,,,,,,,,,,,,,,,,,,,,,,,,,,,,,,,,,,,617.5249,2.102567811,619.6249,,,,,,,,,,,,,,,,,,,,,,,,619.6249,620.9334,p,1,1.2419,,30,0,30,0,1,,,,,,,,,,,,,,,,,,,,,,,,,,,,,,,,,,,,,,,,,,,,,,,,,,,,,,,,,,,,,,,,,,,,,,,,,,,,,,,,,,,,,,,,,,,,,,,,,,,,,,,,,,,,
,,,2025-08-11_11h47.44.546,CFMT_CCMT_Face_recognition,03.02.2023,Win32,120.4819277,62d7443567d945a729647935,6899c7d7c4c961a016830ad3,6899c95c94acea59e415d213,,,,,,,,,,,,,,,,,,,,,,,,,,,,,,,,,,,,,,,,,,,,,,620.9335,2.42665268,623.3585,,,,,,,,,,,,,,,,,,,,,,,,623.3585,624.7211,p,1,1.2998,,31,0,31,0,1,,,,,,,,,,,,,,,,,,,,,,,,,,,,,,,,,,,,,,,,,,,,,,,,,,,,,,,,,,,,,,,,,,,,,,,,,,,,,,,,,,,,,,,,,,,,,,,,,,,,,,,,,,,,
,,,2025-08-11_11h47.44.546,CFMT_CCMT_Face_recognition,03.02.2023,Win32,120.4819277,62d7443567d945a729647935,6899c7d7c4c961a016830ad3,6899c95c94acea59e415d213,,,,,,,,,,,,,,,,,,,,,,,,,,,,,,,,,,,,,,,,,,,,,,624.7213,1.874935765,626.5921,,,,,,,,,,,,,,,,,,,,,,,,626.5921,627.3173,q,1,0.6592,,32,0,32,0,1,,,,,,,,,,,,,,,,,,,,,,,,,,,,,,,,,,,,,,,,,,,,,,,,,,,,,,,,,,,,,,,,,,,,,,,,,,,,,,,,,,,,,,,,,,,,,,,,,,,,,,,,,,,,
,,,2025-08-11_11h47.44.546,CFMT_CCMT_Face_recognition,03.02.2023,Win32,120.4819277,62d7443567d945a729647935,6899c7d7c4c961a016830ad3,6899c95c94acea59e415d213,,,,,,,,,,,,,,,,,,,,,,,,,,,,,,,,,,,,,,,,,,,,,,627.3174,2.386464752,629.7007,,,,,,,,,,,,,,,,,,,,,,,,629.7007,630.7257,p,0,0.9589,,33,0,33,0,1,,,,,,,,,,,,,,,,,,,,,,,,,,,,,,,,,,,,,,,,,,,,,,,,,,,,,,,,,,,,,,,,,,,,,,,,,,,,,,,,,,,,,,,,,,,,,,,,,,,,,,,,,,,,
,,,2025-08-11_11h47.44.546,CFMT_CCMT_Face_recognition,03.02.2023,Win32,120.4819277,62d7443567d945a729647935,6899c7d7c4c961a016830ad3,6899c95c94acea59e415d213,,,,,,,,,,,,,,,,,,,,,,,,,,,,,,,,,,,,,,,,,,,,,,630.7259,1.773776052,632.5009,,,,,,,,,,,,,,,,,,,,,,,,632.501,633.5009,q,1,0.9368,,34,0,34,0,1,,,,,,,,,,,,,,,,,,,,,,,,,,,,,,,,,,,,,,,,,,,,,,,,,,,,,,,,,,,,,,,,,,,,,,,,,,,,,,,,,,,,,,,,,,,,,,,,,,,,,,,,,,,,
,,,2025-08-11_11h47.44.546,CFMT_CCMT_Face_recognition,03.02.2023,Win32,120.4819277,62d7443567d945a729647935,6899c7d7c4c961a016830ad3,6899c95c94acea59e415d213,,,,,,,,,,,,,,,,,,,,,,,,,,,,,,,,,,,,,,,,,,,,,,633.5011,2.125131133,635.6261,,,,,,,,,,,,,,,,,,,,,,,,635.6261,636.6095,p,0,0.9159,,35,0,35,0,1,,,,,,,,,,,,,,,,,,,,,,,,,,,,,,,,,,,,,,,,,,,,,,,,,,,,,,,,,,,,,,,,,,,,,,,,,,,,,,,,,,,,,,,,,,,,,,,,,,,,,,,,,,,,
,,,2025-08-11_11h47.44.546,CFMT_CCMT_Face_recognition,03.02.2023,Win32,120.4819277,62d7443567d945a729647935,6899c7d7c4c961a016830ad3,6899c95c94acea59e415d213,,,,,,,,,,,,,,,,,,,,,,,,,,,,,,,,,,,,,,,,,,,,,,636.6097,1.849773377,638.4597,,,,,,,,,,,,,,,,,,,,,,,,638.4597,639.5181,q,1,0.9994,,36,0,36,0,1,,,,,,,,,,,,,,,,,,,,,,,,,,,,,,,,,,,,,,,,,,,,,,,,,,,,,,,,,,,,,,,,,,,,,,,,,,,,,,,,,,,,,,,,,,,,,,,,,,,,,,,,,,,,
,,,2025-08-11_11h47.44.546,CFMT_CCMT_Face_recognition,03.02.2023,Win32,120.4819277,62d7443567d945a729647935,6899c7d7c4c961a016830ad3,6899c95c94acea59e415d213,,,,,,,,,,,,,,,,,,,,,,,,,,,,,,,,,,,,,,,,,,,,,,639.5182,2.143293424,641.6599,,,,,,,,,,,,,,,,,,,,,,,,641.66,642.8684,q,1,1.1452,,37,0,37,0,1,,,,,,,,,,,,,,,,,,,,,,,,,,,,,,,,,,,,,,,,,,,,,,,,,,,,,,,,,,,,,,,,,,,,,,,,,,,,,,,,,,,,,,,,,,,,,,,,,,,,,,,,,,,,
,,,2025-08-11_11h47.44.546,CFMT_CCMT_Face_recognition,03.02.2023,Win32,120.4819277,62d7443567d945a729647935,6899c7d7c4c961a016830ad3,6899c95c94acea59e415d213,,,,,,,,,,,,,,,,,,,,,,,,,,,,,,,,,,,,,,,,,,,,,,642.8686,2.370329039,645.2352,,,,,,,,,,,,,,,,,,,,,,,,645.2353,646.0603,q,0,0.7572,,38,0,38,0,1,,,,,,,,,,,,,,,,,,,,,,,,,,,,,,,,,,,,,,,,,,,,,,,,,,,,,,,,,,,,,,,,,,,,,,,,,,,,,,,,,,,,,,,,,,,,,,,,,,,,,,,,,,,,
,,,2025-08-11_11h47.44.546,CFMT_CCMT_Face_recognition,03.02.2023,Win32,120.4819277,62d7443567d945a729647935,6899c7d7c4c961a016830ad3,6899c95c94acea59e415d213,,,,,,,,,,,,,,,,,,,,,,,,,,,,,,,,,,,,,,,,,,,,,,646.0604,2.27395281,648.3355,,,,,,,,,,,,,,,,,,,,,,,,648.3355,649.2522,p,0,0.8555,,39,0,39,0,1,,,,,,,,,,,,,,,,,,,,,,,,,,,,,,,,,,,,,,,,,,,,,,,,,,,,,,,,,,,,,,,,,,,,,,,,,,,,,,,,,,,,,,,,,,,,,,,,,,,,,,,,,,,,
,,,2025-08-11_11h47.44.546,CFMT_CCMT_Face_recognition,03.02.2023,Win32,120.4819277,62d7443567d945a729647935,6899c7d7c4c961a016830ad3,6899c95c94acea59e415d213,,,,,,,,,,,,,,,,,,,,,,,,,,,,,,,,,,,,,,,,,,,,,,649.2524,1.715503,650.969,,,,,,,,,,,,,,,,,,,,,,,,650.969,651.8773,p,1,0.8528,,40,0,40,0,1,,,,,,,,,,,,,,,,,,,,,,,,,,,,,,,,,,,,,,,,,,,,,,,,,,,,,,,,,,,,,,,,,,,,,,,,,,,,,,,,,,,,,,,,,,,,,,,,,,,,,,,,,,,,
,,,2025-08-11_11h47.44.546,CFMT_CCMT_Face_recognition,03.02.2023,Win32,120.4819277,62d7443567d945a729647935,6899c7d7c4c961a016830ad3,6899c95c94acea59e415d213,,,,,,,,,,,,,,,,,,,,,,,,,,,,,,,,,,,,,,,,,,,,,,651.8775,1.756738745,653.6359,,,,,,,,,,,,,,,,,,,,,,,,653.6359,654.4359,p,1,0.733,,41,0,41,0,1,,,,,,,,,,,,,,,,,,,,,,,,,,,,,,,,,,,,,,,,,,,,,,,,,,,,,,,,,,,,,,,,,,,,,,,,,,,,,,,,,,,,,,,,,,,,,,,,,,,,,,,,,,,,
,,,2025-08-11_11h47.44.546,CFMT_CCMT_Face_recognition,03.02.2023,Win32,120.4819277,62d7443567d945a729647935,6899c7d7c4c961a016830ad3,6899c95c94acea59e415d213,,,,,,,,,,,,,,,,,,,,,,,,,,,,,,,,,,,,,,,,,,,,,,654.436,1.865630408,656.3027,,,,,,,,,,,,,,,,,,,,,,,,656.3028,657.2194,q,1,0.8557,,42,0,42,0,1,,,,,,,,,,,,,,,,,,,,,,,,,,,,,,,,,,,,,,,,,,,,,,,,,,,,,,,,,,,,,,,,,,,,,,,,,,,,,,,,,,,,,,,,,,,,,,,,,,,,,,,,,,,,
,,,2025-08-11_11h47.44.546,CFMT_CCMT_Face_recognition,03.02.2023,Win32,120.4819277,62d7443567d945a729647935,6899c7d7c4c961a016830ad3,6899c95c94acea59e415d213,,,,,,,,,,,,,,,,,,,,,,,,,,,,,,,,,,,,,,,,,,,,,,657.2197,2.225320536,659.4446,,,,,,,,,,,,,,,,,,,,,,,,659.4446,660.4114,p,1,0.9055,,43,0,43,0,1,,,,,,,,,,,,,,,,,,,,,,,,,,,,,,,,,,,,,,,,,,,,,,,,,,,,,,,,,,,,,,,,,,,,,,,,,,,,,,,,,,,,,,,,,,,,,,,,,,,,,,,,,,,,
,,,2025-08-11_11h47.44.546,CFMT_CCMT_Face_recognition,03.02.2023,Win32,120.4819277,62d7443567d945a729647935,6899c7d7c4c961a016830ad3,6899c95c94acea59e415d213,,,,,,,,,,,,,,,,,,,,,,,,,,,,,,,,,,,,,,,,,,,,,,660.4115,2.48537625,662.8949,,,,,,,,,,,,,,,,,,,,,,,,662.8949,663.7784,p,1,0.8232,,44,0,44,0,1,,,,,,,,,,,,,,,,,,,,,,,,,,,,,,,,,,,,,,,,,,,,,,,,,,,,,,,,,,,,,,,,,,,,,,,,,,,,,,,,,,,,,,,,,,,,,,,,,,,,,,,,,,,,
,,,2025-08-11_11h47.44.546,CFMT_CCMT_Face_recognition,03.02.2023,Win32,120.4819277,62d7443567d945a729647935,6899c7d7c4c961a016830ad3,6899c95c94acea59e415d213,,,,,,,,,,,,,,,,,,,,,,,,,,,,,,,,,,,,,,,,,,,,,,663.7784,2.127650964,665.9035,,,,,,,,,,,,,,,,,,,,,,,,665.9035,667.1869,q,1,1.2229,,45,0,45,0,1,,,,,,,,,,,,,,,,,,,,,,,,,,,,,,,,,,,,,,,,,,,,,,,,,,,,,,,,,,,,,,,,,,,,,,,,,,,,,,,,,,,,,,,,,,,,,,,,,,,,,,,,,,,,
,,,2025-08-11_11h47.44.546,CFMT_CCMT_Face_recognition,03.02.2023,Win32,120.4819277,62d7443567d945a729647935,6899c7d7c4c961a016830ad3,6899c95c94acea59e415d213,,,,,,,,,,,,,,,,,,,,,,,,,,,,,,,,,,,,,,,,,,,,,,667.1871,1.540249507,668.7323,,,,,,,,,,,,,,,,,,,,,,,,668.7324,669.5288,p,1,0.7321,,46,0,46,0,1,,,,,,,,,,,,,,,,,,,,,,,,,,,,,,,,,,,,,,,,,,,,,,,,,,,,,,,,,,,,,,,,,,,,,,,,,,,,,,,,,,,,,,,,,,,,,,,,,,,,,,,,,,,,
,,,2025-08-11_11h47.44.546,CFMT_CCMT_Face_recognition,03.02.2023,Win32,120.4819277,62d7443567d945a729647935,6899c7d7c4c961a016830ad3,6899c95c94acea59e415d213,,,,,,,,,,,,,,,,,,,,,,,,,,,,,,,,,,,,,,,,,,,,,,669.529,1.601898514,671.1289,,,,,,,,,,,,,,,,,,,,,,,,671.1289,672.1206,p,0,0.9343,,47,0,47,0,1,,,,,,,,,,,,,,,,,,,,,,,,,,,,,,,,,,,,,,,,,,,,,,,,,,,,,,,,,,,,,,,,,,,,,,,,,,,,,,,,,,,,,,,,,,,,,,,,,,,,,,,,,,,,
,,,2025-08-11_11h47.44.546,CFMT_CCMT_Face_recognition,03.02.2023,Win32,120.4819277,62d7443567d945a729647935,6899c7d7c4c961a016830ad3,6899c95c94acea59e415d213,,,,,,,,,,,,,,,,,,,,,,,,,,,,,,,,,,,,,,,,,,,,,,672.1207,1.94630234,674.0625,,,,,,,,,,,,,,,,,,,,,,,,674.0625,675.0209,q,1,0.8905,,48,0,48,0,1,,,,,,,,,,,,,,,,,,,,,,,,,,,,,,,,,,,,,,,,,,,,,,,,,,,,,,,,,,,,,,,,,,,,,,,,,,,,,,,,,,,,,,,,,,,,,,,,,,,,,,,,,,,,
,,,2025-08-11_11h47.44.546,CFMT_CCMT_Face_recognition,03.02.2023,Win32,120.4819277,62d7443567d945a729647935,6899c7d7c4c961a016830ad3,6899c95c94acea59e415d213,,,,,,,,,,,,,,,,,,,,,,,,,,,,,,,,,,,,,,,,,,,,,,675.021,1.629160438,676.646,,,,,,,,,,,,,,,,,,,,,,,,676.646,677.3794,p,1,0.6737,,49,0,49,0,1,,,,,,,,,,,,,,,,,,,,,,,,,,,,,,,,,,,,,,,,,,,,,,,,,,,,,,,,,,,,,,,,,,,,,,,,,,,,,,,,,,,,,,,,,,,,,,,,,,,,,,,,,,,,
,,,2025-08-11_11h47.44.546,CFMT_CCMT_Face_recognition,03.02.2023,Win32,120.4819277,62d7443567d945a729647935,6899c7d7c4c961a016830ad3,6899c95c94acea59e415d213,,,,,,,,,,,,,,,,,,,,,,,,,,,,,,,,,,,,,,,,,,,,,,677.3795,2.416426268,679.7963,,,,,,,,,,,,,,,,,,,,,,,,679.7963,681.1463,q,1,1.285,,50,0,50,0,1,,,,,,,,,,,,,,,,,,,,,,,,,,,,,,,,,,,,,,,,,,,,,,,,,,,,,,,,,,,,,,,,,,,,,,,,,,,,,,,,,,,,,,,,,,,,,,,,,,,,,,,,,,,,
,,,2025-08-11_11h47.44.546,CFMT_CCMT_Face_recognition,03.02.2023,Win32,120.4819277,62d7443567d945a729647935,6899c7d7c4c961a016830ad3,6899c95c94acea59e415d213,,,,,,,,,,,,,,,,,,,,,,,,,,,,,,,,,,,,,,,,,,,,,,681.1465,1.768395371,682.9132,,,,,,,,,,,,,,,,,,,,,,,,682.9132,684.3382,q,1,1.3616,,51,0,51,0,1,,,,,,,,,,,,,,,,,,,,,,,,,,,,,,,,,,,,,,,,,,,,,,,,,,,,,,,,,,,,,,,,,,,,,,,,,,,,,,,,,,,,,,,,,,,,,,,,,,,,,,,,,,,,
,,,2025-08-11_11h47.44.546,CFMT_CCMT_Face_recognition,03.02.2023,Win32,120.4819277,62d7443567d945a729647935,6899c7d7c4c961a016830ad3,6899c95c94acea59e415d213,,,,,,,,,,,,,,,,,,,,,,,,,,,,,,,,,,,,,,,,,,,,,,684.3384,1.76296281,686.0968,,,,,,,,,,,,,,,,,,,,,,,,686.0968,686.7551,p,1,0.5936,,52,0,52,0,1,,,,,,,,,,,,,,,,,,,,,,,,,,,,,,,,,,,,,,,,,,,,,,,,,,,,,,,,,,,,,,,,,,,,,,,,,,,,,,,,,,,,,,,,,,,,,,,,,,,,,,,,,,,,
,,,2025-08-11_11h47.44.546,CFMT_CCMT_Face_recognition,03.02.2023,Win32,120.4819277,62d7443567d945a729647935,6899c7d7c4c961a016830ad3,6899c95c94acea59e415d213,,,,,,,,,,,,,,,,,,,,,,,,,,,,,,,,,,,,,,,,,,,,,,686.7552,2.482962607,689.2386,,,,,,,,,,,,,,,,,,,,,,,,689.2386,690.072,p,1,0.7721,,53,0,53,0,1,,,,,,,,,,,,,,,,,,,,,,,,,,,,,,,,,,,,,,,,,,,,,,,,,,,,,,,,,,,,,,,,,,,,,,,,,,,,,,,,,,,,,,,,,,,,,,,,,,,,,,,,,,,,
,,,2025-08-11_11h47.44.546,CFMT_CCMT_Face_recognition,03.02.2023,Win32,120.4819277,62d7443567d945a729647935,6899c7d7c4c961a016830ad3,6899c95c94acea59e415d213,,,,,,,,,,,,,,,,,,,,,,,,,,,,,,,,,,,,,,,,,,,,,,690.0722,2.476754339,692.5473,,,,,,,,,,,,,,,,,,,,,,,,692.5473,694.1473,q,1,1.5425,,54,0,54,0,1,,,,,,,,,,,,,,,,,,,,,,,,,,,,,,,,,,,,,,,,,,,,,,,,,,,,,,,,,,,,,,,,,,,,,,,,,,,,,,,,,,,,,,,,,,,,,,,,,,,,,,,,,,,,
,,,2025-08-11_11h47.44.546,CFMT_CCMT_Face_recognition,03.02.2023,Win32,120.4819277,62d7443567d945a729647935,6899c7d7c4c961a016830ad3,6899c95c94acea59e415d213,,,,,,,,,,,,,,,,,,,,,,,,,,,,,,,,,,,,,,,,,,,,,,694.1474,1.989910661,696.1391,,,,,,,,,,,,,,,,,,,,,,,,696.1391,697.131,p,1,0.9248,,55,0,55,0,1,,,,,,,,,,,,,,,,,,,,,,,,,,,,,,,,,,,,,,,,,,,,,,,,,,,,,,,,,,,,,,,,,,,,,,,,,,,,,,,,,,,,,,,,,,,,,,,,,,,,,,,,,,,,
,,,2025-08-11_11h47.44.546,CFMT_CCMT_Face_recognition,03.02.2023,Win32,120.4819277,62d7443567d945a729647935,6899c7d7c4c961a016830ad3,6899c95c94acea59e415d213,,,,,,,,,,,,,,,,,,,,,,,,,,,,,,,,,,,,,,,,,,,,,,697.1312,2.026254256,699.156,,,,,,,,,,,,,,,,,,,,,,,,699.156,700.1311,q,0,0.9077,,56,0,56,0,1,,,,,,,,,,,,,,,,,,,,,,,,,,,,,,,,,,,,,,,,,,,,,,,,,,,,,,,,,,,,,,,,,,,,,,,,,,,,,,,,,,,,,,,,,,,,,,,,,,,,,,,,,,,,
,,,2025-08-11_11h47.44.546,CFMT_CCMT_Face_recognition,03.02.2023,Win32,120.4819277,62d7443567d945a729647935,6899c7d7c4c961a016830ad3,6899c95c94acea59e415d213,,,,,,,,,,,,,,,,,,,,,,,,,,,,,,,,,,,,,,,,,,,,,,700.1313,1.717618638,701.8479,,,,,,,,,,,,,,,,,,,,,,,,701.8479,702.7147,q,1,0.7989,,57,0,57,0,1,,,,,,,,,,,,,,,,,,,,,,,,,,,,,,,,,,,,,,,,,,,,,,,,,,,,,,,,,,,,,,,,,,,,,,,,,,,,,,,,,,,,,,,,,,,,,,,,,,,,,,,,,,,,
,,,2025-08-11_11h47.44.546,CFMT_CCMT_Face_recognition,03.02.2023,Win32,120.4819277,62d7443567d945a729647935,6899c7d7c4c961a016830ad3,6899c95c94acea59e415d213,,,,,,,,,,,,,,,,,,,,,,,,,,,,,,,,,,,,,,,,,,,,,,702.7148,1.742750235,704.4565,,,,,,,,,,,,,,,,,,,,,,,,704.4565,705.5732,p,0,1.0526,,58,0,58,0,1,,,,,,,,,,,,,,,,,,,,,,,,,,,,,,,,,,,,,,,,,,,,,,,,,,,,,,,,,,,,,,,,,,,,,,,,,,,,,,,,,,,,,,,,,,,,,,,,,,,,,,,,,,,,
,,,2025-08-11_11h47.44.546,CFMT_CCMT_Face_recognition,03.02.2023,Win32,120.4819277,62d7443567d945a729647935,6899c7d7c4c961a016830ad3,6899c95c94acea59e415d213,,,,,,,,,,,,,,,,,,,,,,,,,,,,,,,,,,,,,,,,,,,,,,705.5733,2.130345542,707.6984,,,,,,,,,,,,,,,,,,,,,,,,707.6984,708.4901,p,0,0.7239,,59,0,59,0,1,,,,,,,,,,,,,,,,,,,,,,,,,,,,,,,,,,,,,,,,,,,,,,,,,,,,,,,,,,,,,,,,,,,,,,,,,,,,,,,,,,,,,,,,,,,,,,,,,,,,,,,,,,,,
,,,2025-08-11_11h47.44.546,CFMT_CCMT_Face_recognition,03.02.2023,Win32,120.4819277,62d7443567d945a729647935,6899c7d7c4c961a016830ad3,6899c95c94acea59e415d213,,,,,,,,,,,,,,,,,,,,,,,,,,,,,,,,,,,,,,,,,,,,,,711.2825,1.747628644,713.0322,,,,,,,,,,,,,,,,,,,,,,,,713.0322,714.5239,q,0,1.4277,,0,0,0,0,1,708.4902,711.282,space,2.7748,,,,,,,,,,,,,,,,,,,,,,,,,,,,,,,,,,,,,,,,,,,,,,,,,,,,,,,,,,,,,,,,,,,,,,,,,,,,,,,,,,,,,,,,,,,,,,,,,,,,,,,,
,,,2025-08-11_11h47.44.546,CFMT_CCMT_Face_recognition,03.02.2023,Win32,120.4819277,62d7443567d945a729647935,6899c7d7c4c961a016830ad3,6899c95c94acea59e415d213,,,,,,,,,,,,,,,,,,,,,,,,,,,,,,,,,,,,,,,,,,,,,,714.5241,1.966791142,716.4907,,,,,,,,,,,,,,,,,,,,,,,,716.4907,717.6658,q,0,1.1138,,1,0,1,0,1,,,,,,,,,,,,,,,,,,,,,,,,,,,,,,,,,,,,,,,,,,,,,,,,,,,,,,,,,,,,,,,,,,,,,,,,,,,,,,,,,,,,,,,,,,,,,,,,,,,,,,,,,,,,
,,,2025-08-11_11h47.44.546,CFMT_CCMT_Face_recognition,03.02.2023,Win32,120.4819277,62d7443567d945a729647935,6899c7d7c4c961a016830ad3,6899c95c94acea59e415d213,,,,,,,,,,,,,,,,,,,,,,,,,,,,,,,,,,,,,,,,,,,,,,717.666,2.054950806,719.716,,,,,,,,,,,,,,,,,,,,,,,,719.716,720.4827,p,0,0.7055,,2,0,2,0,1,,,,,,,,,,,,,,,,,,,,,,,,,,,,,,,,,,,,,,,,,,,,,,,,,,,,,,,,,,,,,,,,,,,,,,,,,,,,,,,,,,,,,,,,,,,,,,,,,,,,,,,,,,,,
,,,2025-08-11_11h47.44.546,CFMT_CCMT_Face_recognition,03.02.2023,Win32,120.4819277,62d7443567d945a729647935,6899c7d7c4c961a016830ad3,6899c95c94acea59e415d213,,,,,,,,,,,,,,,,,,,,,,,,,,,,,,,,,,,,,,,,,,,,,,720.4829,1.634235484,722.1162,,,,,,,,,,,,,,,,,,,,,,,,722.1162,722.8078,p,1,0.6274,,3,0,3,0,1,,,,,,,,,,,,,,,,,,,,,,,,,,,,,,,,,,,,,,,,,,,,,,,,,,,,,,,,,,,,,,,,,,,,,,,,,,,,,,,,,,,,,,,,,,,,,,,,,,,,,,,,,,,,
,,,2025-08-11_11h47.44.546,CFMT_CCMT_Face_recognition,03.02.2023,Win32,120.4819277,62d7443567d945a729647935,6899c7d7c4c961a016830ad3,6899c95c94acea59e415d213,,,,,,,,,,,,,,,,,,,,,,,,,,,,,,,,,,,,,,,,,,,,,,722.8081,1.616313302,724.4247,,,,,,,,,,,,,,,,,,,,,,,,724.4247,725.1665,q,1,0.6849,,4,0,4,0,1,,,,,,,,,,,,,,,,,,,,,,,,,,,,,,,,,,,,,,,,,,,,,,,,,,,,,,,,,,,,,,,,,,,,,,,,,,,,,,,,,,,,,,,,,,,,,,,,,,,,,,,,,,,,
,,,2025-08-11_11h47.44.546,CFMT_CCMT_Face_recognition,03.02.2023,Win32,120.4819277,62d7443567d945a729647935,6899c7d7c4c961a016830ad3,6899c95c94acea59e415d213,,,,,,,,,,,,,,,,,,,,,,,,,,,,,,,,,,,,,,,,,,,,,,725.1666,1.61497082,726.7832,,,,,,,,,,,,,,,,,,,,,,,,726.7833,727.6833,p,0,0.8389,,5,0,5,0,1,,,,,,,,,,,,,,,,,,,,,,,,,,,,,,,,,,,,,,,,,,,,,,,,,,,,,,,,,,,,,,,,,,,,,,,,,,,,,,,,,,,,,,,,,,,,,,,,,,,,,,,,,,,,
,,,2025-08-11_11h47.44.546,CFMT_CCMT_Face_recognition,03.02.2023,Win32,120.4819277,62d7443567d945a729647935,6899c7d7c4c961a016830ad3,6899c95c94acea59e415d213,,,,,,,,,,,,,,,,,,,,,,,,,,,,,,,,,,,,,,,,,,,,,,727.6834,2.2369723,729.9168,,,,,,,,,,,,,,,,,,,,,,,,729.9168,731.0002,p,1,1.0255,,6,0,6,0,1,,,,,,,,,,,,,,,,,,,,,,,,,,,,,,,,,,,,,,,,,,,,,,,,,,,,,,,,,,,,,,,,,,,,,,,,,,,,,,,,,,,,,,,,,,,,,,,,,,,,,,,,,,,,
,,,2025-08-11_11h47.44.546,CFMT_CCMT_Face_recognition,03.02.2023,Win32,120.4819277,62d7443567d945a729647935,6899c7d7c4c961a016830ad3,6899c95c94acea59e415d213,,,,,,,,,,,,,,,,,,,,,,,,,,,,,,,,,,,,,,,,,,,,,,731.0003,2.064831637,733.067,,,,,,,,,,,,,,,,,,,,,,,,733.067,734.0588,q,0,0.9256,,7,0,7,0,1,,,,,,,,,,,,,,,,,,,,,,,,,,,,,,,,,,,,,,,,,,,,,,,,,,,,,,,,,,,,,,,,,,,,,,,,,,,,,,,,,,,,,,,,,,,,,,,,,,,,,,,,,,,,
,,,2025-08-11_11h47.44.546,CFMT_CCMT_Face_recognition,03.02.2023,Win32,120.4819277,62d7443567d945a729647935,6899c7d7c4c961a016830ad3,6899c95c94acea59e415d213,,,,,,,,,,,,,,,,,,,,,,,,,,,,,,,,,,,,,,,,,,,,,,734.059,1.920098577,735.9756,,,,,,,,,,,,,,,,,,,,,,,,735.9756,736.9006,p,1,0.8639,,8,0,8,0,1,,,,,,,,,,,,,,,,,,,,,,,,,,,,,,,,,,,,,,,,,,,,,,,,,,,,,,,,,,,,,,,,,,,,,,,,,,,,,,,,,,,,,,,,,,,,,,,,,,,,,,,,,,,,
,,,2025-08-11_11h47.44.546,CFMT_CCMT_Face_recognition,03.02.2023,Win32,120.4819277,62d7443567d945a729647935,6899c7d7c4c961a016830ad3,6899c95c94acea59e415d213,,,,,,,,,,,,,,,,,,,,,,,,,,,,,,,,,,,,,,,,,,,,,,736.9008,2.275610118,739.1759,,,,,,,,,,,,,,,,,,,,,,,,739.1759,740.1176,p,1,0.8751,,9,0,9,0,1,,,,,,,,,,,,,,,,,,,,,,,,,,,,,,,,,,,,,,,,,,,,,,,,,,,,,,,,,,,,,,,,,,,,,,,,,,,,,,,,,,,,,,,,,,,,,,,,,,,,,,,,,,,,
,,,2025-08-11_11h47.44.546,CFMT_CCMT_Face_recognition,03.02.2023,Win32,120.4819277,62d7443567d945a729647935,6899c7d7c4c961a016830ad3,6899c95c94acea59e415d213,,,,,,,,,,,,,,,,,,,,,,,,,,,,,,,,,,,,,,,,,,,,,,740.1177,1.597107137,741.7094,,,,,,,,,,,,,,,,,,,,,,,,741.7094,742.7845,p,0,1.0139,,10,0,10,0,1,,,,,,,,,,,,,,,,,,,,,,,,,,,,,,,,,,,,,,,,,,,,,,,,,,,,,,,,,,,,,,,,,,,,,,,,,,,,,,,,,,,,,,,,,,,,,,,,,,,,,,,,,,,,
,,,2025-08-11_11h47.44.546,CFMT_CCMT_Face_recognition,03.02.2023,Win32,120.4819277,62d7443567d945a729647935,6899c7d7c4c961a016830ad3,6899c95c94acea59e415d213,,,,,,,,,,,,,,,,,,,,,,,,,,,,,,,,,,,,,,,,,,,,,,742.7846,1.580252146,744.3595,,,,,,,,,,,,,,,,,,,,,,,,744.3595,745.0346,p,1,0.6105,,11,0,11,0,1,,,,,,,,,,,,,,,,,,,,,,,,,,,,,,,,,,,,,,,,,,,,,,,,,,,,,,,,,,,,,,,,,,,,,,,,,,,,,,,,,,,,,,,,,,,,,,,,,,,,,,,,,,,,
,,,2025-08-11_11h47.44.546,CFMT_CCMT_Face_recognition,03.02.2023,Win32,120.4819277,62d7443567d945a729647935,6899c7d7c4c961a016830ad3,6899c95c94acea59e415d213,,,,,,,,,,,,,,,,,,,,,,,,,,,,,,,,,,,,,,,,,,,,,,745.0347,1.797854453,746.8264,,,,,,,,,,,,,,,,,,,,,,,,746.8264,748.0766,q,1,1.1899,,12,0,12,0,1,,,,,,,,,,,,,,,,,,,,,,,,,,,,,,,,,,,,,,,,,,,,,,,,,,,,,,,,,,,,,,,,,,,,,,,,,,,,,,,,,,,,,,,,,,,,,,,,,,,,,,,,,,,,
,,,2025-08-11_11h47.44.546,CFMT_CCMT_Face_recognition,03.02.2023,Win32,120.4819277,62d7443567d945a729647935,6899c7d7c4c961a016830ad3,6899c95c94acea59e415d213,,,,,,,,,,,,,,,,,,,,,,,,,,,,,,,,,,,,,,,,,,,,,,748.0766,1.977353947,750.0538,,,,,,,,,,,,,,,,,,,,,,,,750.0539,751.1018,q,1,0.9803,,13,0,13,0,1,,,,,,,,,,,,,,,,,,,,,,,,,,,,,,,,,,,,,,,,,,,,,,,,,,,,,,,,,,,,,,,,,,,,,,,,,,,,,,,,,,,,,,,,,,,,,,,,,,,,,,,,,,,,
,,,2025-08-11_11h47.44.546,CFMT_CCMT_Face_recognition,03.02.2023,Win32,120.4819277,62d7443567d945a729647935,6899c7d7c4c961a016830ad3,6899c95c94acea59e415d213,,,,,,,,,,,,,,,,,,,,,,,,,,,,,,,,,,,,,,,,,,,,,,751.1019,2.302658198,753.4019,,,,,,,,,,,,,,,,,,,,,,,,753.4019,754.2353,p,0,0.7752,,14,0,14,0,1,,,,,,,,,,,,,,,,,,,,,,,,,,,,,,,,,,,,,,,,,,,,,,,,,,,,,,,,,,,,,,,,,,,,,,,,,,,,,,,,,,,,,,,,,,,,,,,,,,,,,,,,,,,,
,,,2025-08-11_11h47.44.546,CFMT_CCMT_Face_recognition,03.02.2023,Win32,120.4819277,62d7443567d945a729647935,6899c7d7c4c961a016830ad3,6899c95c94acea59e415d213,,,,,,,,,,,,,,,,,,,,,,,,,,,,,,,,,,,,,,,,,,,,,,754.2354,2.237884289,756.4688,,,,,,,,,,,,,,,,,,,,,,,,756.4688,757.3225,q,1,0.7911,,15,0,15,0,1,,,,,,,,,,,,,,,,,,,,,,,,,,,,,,,,,,,,,,,,,,,,,,,,,,,,,,,,,,,,,,,,,,,,,,,,,,,,,,,,,,,,,,,,,,,,,,,,,,,,,,,,,,,,
,,,2025-08-11_11h47.44.546,CFMT_CCMT_Face_recognition,03.02.2023,Win32,120.4819277,62d7443567d945a729647935,6899c7d7c4c961a016830ad3,6899c95c94acea59e415d213,,,,,,,,,,,,,,,,,,,,,,,,,,,,,,,,,,,,,,,,,,,,,,757.3226,1.50757926,758.8273,,,,,,,,,,,,,,,,,,,,,,,,758.8273,759.7941,p,1,0.8989,,16,0,16,0,1,,,,,,,,,,,,,,,,,,,,,,,,,,,,,,,,,,,,,,,,,,,,,,,,,,,,,,,,,,,,,,,,,,,,,,,,,,,,,,,,,,,,,,,,,,,,,,,,,,,,,,,,,,,,
,,,2025-08-11_11h47.44.546,CFMT_CCMT_Face_recognition,03.02.2023,Win32,120.4819277,62d7443567d945a729647935,6899c7d7c4c961a016830ad3,6899c95c94acea59e415d213,,,,,,,,,,,,,,,,,,,,,,,,,,,,,,,,,,,,,,,,,,,,,,759.7942,2.166337382,761.961,,,,,,,,,,,,,,,,,,,,,,,,761.961,763.0111,p,1,0.9872,,17,0,17,0,1,,,,,,,,,,,,,,,,,,,,,,,,,,,,,,,,,,,,,,,,,,,,,,,,,,,,,,,,,,,,,,,,,,,,,,,,,,,,,,,,,,,,,,,,,,,,,,,,,,,,,,,,,,,,
,,,2025-08-11_11h47.44.546,CFMT_CCMT_Face_recognition,03.02.2023,Win32,120.4819277,62d7443567d945a729647935,6899c7d7c4c961a016830ad3,6899c95c94acea59e415d213,,,,,,,,,,,,,,,,,,,,,,,,,,,,,,,,,,,,,,,,,,,,,,763.0112,1.796569094,764.8028,,,,,,,,,,,,,,,,,,,,,,,,764.8029,765.6196,q,1,0.7531,,18,0,18,0,1,,,,,,,,,,,,,,,,,,,,,,,,,,,,,,,,,,,,,,,,,,,,,,,,,,,,,,,,,,,,,,,,,,,,,,,,,,,,,,,,,,,,,,,,,,,,,,,,,,,,,,,,,,,,
,,,2025-08-11_11h47.44.546,CFMT_CCMT_Face_recognition,03.02.2023,Win32,120.4819277,62d7443567d945a729647935,6899c7d7c4c961a016830ad3,6899c95c94acea59e415d213,,,,,,,,,,,,,,,,,,,,,,,,,,,,,,,,,,,,,,,,,,,,,,765.6198,1.919013922,767.5364,,,,,,,,,,,,,,,,,,,,,,,,767.5364,768.2697,q,0,0.6681,,19,0,19,0,1,,,,,,,,,,,,,,,,,,,,,,,,,,,,,,,,,,,,,,,,,,,,,,,,,,,,,,,,,,,,,,,,,,,,,,,,,,,,,,,,,,,,,,,,,,,,,,,,,,,,,,,,,,,,
,,,2025-08-11_11h47.44.546,CFMT_CCMT_Face_recognition,03.02.2023,Win32,120.4819277,62d7443567d945a729647935,6899c7d7c4c961a016830ad3,6899c95c94acea59e415d213,,,,,,,,,,,,,,,,,,,,,,,,,,,,,,,,,,,,,,,,,,,,,,768.2699,2.451684573,770.7199,,,,,,,,,,,,,,,,,,,,,,,,770.72,771.4867,q,1,0.7009,,20,0,20,0,1,,,,,,,,,,,,,,,,,,,,,,,,,,,,,,,,,,,,,,,,,,,,,,,,,,,,,,,,,,,,,,,,,,,,,,,,,,,,,,,,,,,,,,,,,,,,,,,,,,,,,,,,,,,,
,,,2025-08-11_11h47.44.546,CFMT_CCMT_Face_recognition,03.02.2023,Win32,120.4819277,62d7443567d945a729647935,6899c7d7c4c961a016830ad3,6899c95c94acea59e415d213,,,,,,,,,,,,,,,,,,,,,,,,,,,,,,,,,,,,,,,,,,,,,,771.4869,1.761463744,773.2452,,,,,,,,,,,,,,,,,,,,,,,,773.2452,774.0536,q,0,0.745,,21,0,21,0,1,,,,,,,,,,,,,,,,,,,,,,,,,,,,,,,,,,,,,,,,,,,,,,,,,,,,,,,,,,,,,,,,,,,,,,,,,,,,,,,,,,,,,,,,,,,,,,,,,,,,,,,,,,,,
,,,2025-08-11_11h47.44.546,CFMT_CCMT_Face_recognition,03.02.2023,Win32,120.4819277,62d7443567d945a729647935,6899c7d7c4c961a016830ad3,6899c95c94acea59e415d213,,,,,,,,,,,,,,,,,,,,,,,,,,,,,,,,,,,,,,,,,,,,,,774.0537,2.488902008,776.537,,,,,,,,,,,,,,,,,,,,,,,,776.537,777.2371,p,1,0.637,,22,0,22,0,1,,,,,,,,,,,,,,,,,,,,,,,,,,,,,,,,,,,,,,,,,,,,,,,,,,,,,,,,,,,,,,,,,,,,,,,,,,,,,,,,,,,,,,,,,,,,,,,,,,,,,,,,,,,,
,,,2025-08-11_11h47.44.546,CFMT_CCMT_Face_recognition,03.02.2023,Win32,120.4819277,62d7443567d945a729647935,6899c7d7c4c961a016830ad3,6899c95c94acea59e415d213,,,,,,,,,,,,,,,,,,,,,,,,,,,,,,,,,,,,,,,,,,,,,,777.2374,2.113923327,779.3456,,,,,,,,,,,,,,,,,,,,,,,,779.3456,780.4374,p,0,1.0358,,23,0,23,0,1,,,,,,,,,,,,,,,,,,,,,,,,,,,,,,,,,,,,,,,,,,,,,,,,,,,,,,,,,,,,,,,,,,,,,,,,,,,,,,,,,,,,,,,,,,,,,,,,,,,,,,,,,,,,
,,,2025-08-11_11h47.44.546,CFMT_CCMT_Face_recognition,03.02.2023,Win32,120.4819277,62d7443567d945a729647935,6899c7d7c4c961a016830ad3,6899c95c94acea59e415d213,,,,,,,,,,,,,,,,,,,,,,,,,,,,,,,,,,,,,,,,,,,,,,780.4375,1.994533315,782.4293,,,,,,,,,,,,,,,,,,,,,,,,782.4293,783.2292,p,1,0.7387,,24,0,24,0,1,,,,,,,,,,,,,,,,,,,,,,,,,,,,,,,,,,,,,,,,,,,,,,,,,,,,,,,,,,,,,,,,,,,,,,,,,,,,,,,,,,,,,,,,,,,,,,,,,,,,,,,,,,,,
,,,2025-08-11_11h47.44.546,CFMT_CCMT_Face_recognition,03.02.2023,Win32,120.4819277,62d7443567d945a729647935,6899c7d7c4c961a016830ad3,6899c95c94acea59e415d213,,,,,,,,,,,,,,,,,,,,,,,,,,,,,,,,,,,,,,,,,,,,,,783.2294,1.57078337,784.796,,,,,,,,,,,,,,,,,,,,,,,,784.796,786.0628,q,1,1.209,,25,0,25,0,1,,,,,,,,,,,,,,,,,,,,,,,,,,,,,,,,,,,,,,,,,,,,,,,,,,,,,,,,,,,,,,,,,,,,,,,,,,,,,,,,,,,,,,,,,,,,,,,,,,,,,,,,,,,,
,,,2025-08-11_11h47.44.546,CFMT_CCMT_Face_recognition,03.02.2023,Win32,120.4819277,62d7443567d945a729647935,6899c7d7c4c961a016830ad3,6899c95c94acea59e415d213,,,,,,,,,,,,,,,,,,,,,,,,,,,,,,,,,,,,,,,,,,,,,,786.0629,1.982797157,788.0463,,,,,,,,,,,,,,,,,,,,,,,,788.0463,789.0714,q,1,0.9602,,26,0,26,0,1,,,,,,,,,,,,,,,,,,,,,,,,,,,,,,,,,,,,,,,,,,,,,,,,,,,,,,,,,,,,,,,,,,,,,,,,,,,,,,,,,,,,,,,,,,,,,,,,,,,,,,,,,,,,
,,,2025-08-11_11h47.44.546,CFMT_CCMT_Face_recognition,03.02.2023,Win32,120.4819277,62d7443567d945a729647935,6899c7d7c4c961a016830ad3,6899c95c94acea59e415d213,,,,,,,,,,,,,,,,,,,,,,,,,,,,,,,,,,,,,,,,,,,,,,789.0715,2.005831469,791.0716,,,,,,,,,,,,,,,,,,,,,,,,791.0716,791.7384,p,1,0.6,,27,0,27,0,1,,,,,,,,,,,,,,,,,,,,,,,,,,,,,,,,,,,,,,,,,,,,,,,,,,,,,,,,,,,,,,,,,,,,,,,,,,,,,,,,,,,,,,,,,,,,,,,,,,,,,,,,,,,,
,,,2025-08-11_11h47.44.546,CFMT_CCMT_Face_recognition,03.02.2023,Win32,120.4819277,62d7443567d945a729647935,6899c7d7c4c961a016830ad3,6899c95c94acea59e415d213,,,,,,,,,,,,,,,,,,,,,,,,,,,,,,,,,,,,,,,,,,,,,,791.7386,1.704696036,793.4384,,,,,,,,,,,,,,,,,,,,,,,,793.4384,794.8302,p,1,1.3307,,28,0,28,0,1,,,,,,,,,,,,,,,,,,,,,,,,,,,,,,,,,,,,,,,,,,,,,,,,,,,,,,,,,,,,,,,,,,,,,,,,,,,,,,,,,,,,,,,,,,,,,,,,,,,,,,,,,,,,
,,,2025-08-11_11h47.44.546,CFMT_CCMT_Face_recognition,03.02.2023,Win32,120.4819277,62d7443567d945a729647935,6899c7d7c4c961a016830ad3,6899c95c94acea59e415d213,,,,,,,,,,,,,,,,,,,,,,,,,,,,,,,,,,,,,,,,,,,,,,794.8304,2.277832919,797.1053,,,,,,,,,,,,,,,,,,,,,,,,797.1053,798.1804,p,1,1.0079,,29,0,29,0,1,,,,,,,,,,,,,,,,,,,,,,,,,,,,,,,,,,,,,,,,,,,,,,,,,,,,,,,,,,,,,,,,,,,,,,,,,,,,,,,,,,,,,,,,,,,,,,,,,,,,,,,,,,,,
,,,2025-08-11_11h47.44.546,CFMT_CCMT_Face_recognition,03.02.2023,Win32,120.4819277,62d7443567d945a729647935,6899c7d7c4c961a016830ad3,6899c95c94acea59e415d213,,,,,,,,,,,,,,,,,,,,,,,,,,,,,,,,,,,,,,,,,,,,,,798.1806,2.109036018,800.2889,,,,,,,,,,,,,,,,,,,,,,,,800.2889,801.5807,q,0,1.2247,,30,0,30,0,1,,,,,,,,,,,,,,,,,,,,,,,,,,,,,,,,,,,,,,,,,,,,,,,,,,,,,,,,,,,,,,,,,,,,,,,,,,,,,,,,,,,,,,,,,,,,,,,,,,,,,,,,,,,,
,,,2025-08-11_11h47.44.546,CFMT_CCMT_Face_recognition,03.02.2023,Win32,120.4819277,62d7443567d945a729647935,6899c7d7c4c961a016830ad3,6899c95c94acea59e415d213,,,,,,,,,,,,,,,,,,,,,,,,,,,,,,,,,,,,,,,,,,,,,,801.5808,1.530449671,803.1058,,,,,,,,,,,,,,,,,,,,,,,,803.1058,804.0976,p,1,0.9267,,31,0,31,0,1,,,,,,,,,,,,,,,,,,,,,,,,,,,,,,,,,,,,,,,,,,,,,,,,,,,,,,,,,,,,,,,,,,,,,,,,,,,,,,,,,,,,,,,,,,,,,,,,,,,,,,,,,,,,
,,,2025-08-11_11h47.44.546,CFMT_CCMT_Face_recognition,03.02.2023,Win32,120.4819277,62d7443567d945a729647935,6899c7d7c4c961a016830ad3,6899c95c94acea59e415d213,,,,,,,,,,,,,,,,,,,,,,,,,,,,,,,,,,,,,,,,,,,,,,804.0978,2.39413124,806.4894,,,,,,,,,,,,,,,,,,,,,,,,806.4894,807.6312,p,1,1.0739,,32,0,32,0,1,,,,,,,,,,,,,,,,,,,,,,,,,,,,,,,,,,,,,,,,,,,,,,,,,,,,,,,,,,,,,,,,,,,,,,,,,,,,,,,,,,,,,,,,,,,,,,,,,,,,,,,,,,,,
,,,2025-08-11_11h47.44.546,CFMT_CCMT_Face_recognition,03.02.2023,Win32,120.4819277,62d7443567d945a729647935,6899c7d7c4c961a016830ad3,6899c95c94acea59e415d213,,,,,,,,,,,,,,,,,,,,,,,,,,,,,,,,,,,,,,,,,,,,,,807.6313,2.056523374,809.6896,,,,,,,,,,,,,,,,,,,,,,,,809.6896,811.0731,q,1,1.3195,,33,0,33,0,1,,,,,,,,,,,,,,,,,,,,,,,,,,,,,,,,,,,,,,,,,,,,,,,,,,,,,,,,,,,,,,,,,,,,,,,,,,,,,,,,,,,,,,,,,,,,,,,,,,,,,,,,,,,,
,,,2025-08-11_11h47.44.546,CFMT_CCMT_Face_recognition,03.02.2023,Win32,120.4819277,62d7443567d945a729647935,6899c7d7c4c961a016830ad3,6899c95c94acea59e415d213,,,,,,,,,,,,,,,,,,,,,,,,,,,,,,,,,,,,,,,,,,,,,,811.0733,2.327859011,813.3982,,,,,,,,,,,,,,,,,,,,,,,,813.3982,814.7734,q,0,1.3142,,34,0,34,0,1,,,,,,,,,,,,,,,,,,,,,,,,,,,,,,,,,,,,,,,,,,,,,,,,,,,,,,,,,,,,,,,,,,,,,,,,,,,,,,,,,,,,,,,,,,,,,,,,,,,,,,,,,,,,
,,,2025-08-11_11h47.44.546,CFMT_CCMT_Face_recognition,03.02.2023,Win32,120.4819277,62d7443567d945a729647935,6899c7d7c4c961a016830ad3,6899c95c94acea59e415d213,,,,,,,,,,,,,,,,,,,,,,,,,,,,,,,,,,,,,,,,,,,,,,814.7736,2.102671716,816.8735,,,,,,,,,,,,,,,,,,,,,,,,816.8735,817.7153,p,0,0.7767,,35,0,35,0,1,,,,,,,,,,,,,,,,,,,,,,,,,,,,,,,,,,,,,,,,,,,,,,,,,,,,,,,,,,,,,,,,,,,,,,,,,,,,,,,,,,,,,,,,,,,,,,,,,,,,,,,,,,,,
,,,2025-08-11_11h47.44.546,CFMT_CCMT_Face_recognition,03.02.2023,Win32,120.4819277,62d7443567d945a729647935,6899c7d7c4c961a016830ad3,6899c95c94acea59e415d213,,,,,,,,,,,,,,,,,,,,,,,,,,,,,,,,,,,,,,,,,,,,,,817.7154,1.727034742,819.4404,,,,,,,,,,,,,,,,,,,,,,,,819.4404,821.3739,q,1,1.8728,,36,0,36,0,1,,,,,,,,,,,,,,,,,,,,,,,,,,,,,,,,,,,,,,,,,,,,,,,,,,,,,,,,,,,,,,,,,,,,,,,,,,,,,,,,,,,,,,,,,,,,,,,,,,,,,,,,,,,,
,,,2025-08-11_11h47.44.546,CFMT_CCMT_Face_recognition,03.02.2023,Win32,120.4819277,62d7443567d945a729647935,6899c7d7c4c961a016830ad3,6899c95c94acea59e415d213,,,,,,,,,,,,,,,,,,,,,,,,,,,,,,,,,,,,,,,,,,,,,,821.3741,2.10561314,823.4741,,,,,,,,,,,,,,,,,,,,,,,,823.4741,825.0742,p,0,1.5322,,37,0,37,0,1,,,,,,,,,,,,,,,,,,,,,,,,,,,,,,,,,,,,,,,,,,,,,,,,,,,,,,,,,,,,,,,,,,,,,,,,,,,,,,,,,,,,,,,,,,,,,,,,,,,,,,,,,,,,
,,,2025-08-11_11h47.44.546,CFMT_CCMT_Face_recognition,03.02.2023,Win32,120.4819277,62d7443567d945a729647935,6899c7d7c4c961a016830ad3,6899c95c94acea59e415d213,,,,,,,,,,,,,,,,,,,,,,,,,,,,,,,,,,,,,,,,,,,,,,825.0743,2.182623275,827.2577,,,,,,,,,,,,,,,,,,,,,,,,827.2577,828.6327,p,0,1.3072,,38,0,38,0,1,,,,,,,,,,,,,,,,,,,,,,,,,,,,,,,,,,,,,,,,,,,,,,,,,,,,,,,,,,,,,,,,,,,,,,,,,,,,,,,,,,,,,,,,,,,,,,,,,,,,,,,,,,,,
,,,2025-08-11_11h47.44.546,CFMT_CCMT_Face_recognition,03.02.2023,Win32,120.4819277,62d7443567d945a729647935,6899c7d7c4c961a016830ad3,6899c95c94acea59e415d213,,,,,,,,,,,,,,,,,,,,,,,,,,,,,,,,,,,,,,,,,,,,,,828.633,1.812133369,830.4412,,,,,,,,,,,,,,,,,,,,,,,,830.4412,831.9831,q,1,1.4748,,39,0,39,0,1,,,,,,,,,,,,,,,,,,,,,,,,,,,,,,,,,,,,,,,,,,,,,,,,,,,,,,,,,,,,,,,,,,,,,,,,,,,,,,,,,,,,,,,,,,,,,,,,,,,,,,,,,,,,
,,,2025-08-11_11h47.44.546,CFMT_CCMT_Face_recognition,03.02.2023,Win32,120.4819277,62d7443567d945a729647935,6899c7d7c4c961a016830ad3,6899c95c94acea59e415d213,,,,,,,,,,,,,,,,,,,,,,,,,,,,,,,,,,,,,,,,,,,,,,831.9832,1.611538648,833.5915,,,,,,,,,,,,,,,,,,,,,,,,833.5915,834.725,q,1,1.0754,,40,0,40,0,1,,,,,,,,,,,,,,,,,,,,,,,,,,,,,,,,,,,,,,,,,,,,,,,,,,,,,,,,,,,,,,,,,,,,,,,,,,,,,,,,,,,,,,,,,,,,,,,,,,,,,,,,,,,,
,,,2025-08-11_11h47.44.546,CFMT_CCMT_Face_recognition,03.02.2023,Win32,120.4819277,62d7443567d945a729647935,6899c7d7c4c961a016830ad3,6899c95c94acea59e415d213,,,,,,,,,,,,,,,,,,,,,,,,,,,,,,,,,,,,,,,,,,,,,,834.7251,2.468084054,837.1918,,,,,,,,,,,,,,,,,,,,,,,,837.1918,838.1085,q,1,0.8581,,41,0,41,0,1,,,,,,,,,,,,,,,,,,,,,,,,,,,,,,,,,,,,,,,,,,,,,,,,,,,,,,,,,,,,,,,,,,,,,,,,,,,,,,,,,,,,,,,,,,,,,,,,,,,,,,,,,,,,
,,,2025-08-11_11h47.44.546,CFMT_CCMT_Face_recognition,03.02.2023,Win32,120.4819277,62d7443567d945a729647935,6899c7d7c4c961a016830ad3,6899c95c94acea59e415d213,,,,,,,,,,,,,,,,,,,,,,,,,,,,,,,,,,,,,,,,,,,,,,838.1087,2.100734883,840.2087,,,,,,,,,,,,,,,,,,,,,,,,840.2087,841.0421,p,1,0.7653,,42,0,42,0,1,,,,,,,,,,,,,,,,,,,,,,,,,,,,,,,,,,,,,,,,,,,,,,,,,,,,,,,,,,,,,,,,,,,,,,,,,,,,,,,,,,,,,,,,,,,,,,,,,,,,,,,,,,,,
,,,2025-08-11_11h47.44.546,CFMT_CCMT_Face_recognition,03.02.2023,Win32,120.4819277,62d7443567d945a729647935,6899c7d7c4c961a016830ad3,6899c95c94acea59e415d213,,,,,,,,,,,,,,,,,,,,,,,,,,,,,,,,,,,,,,,,,,,,,,841.0422,2.016213526,843.0589,,,,,,,,,,,,,,,,,,,,,,,,843.0589,844.2257,p,0,1.0994,,43,0,43,0,1,,,,,,,,,,,,,,,,,,,,,,,,,,,,,,,,,,,,,,,,,,,,,,,,,,,,,,,,,,,,,,,,,,,,,,,,,,,,,,,,,,,,,,,,,,,,,,,,,,,,,,,,,,,,
,,,2025-08-11_11h47.44.546,CFMT_CCMT_Face_recognition,03.02.2023,Win32,120.4819277,62d7443567d945a729647935,6899c7d7c4c961a016830ad3,6899c95c94acea59e415d213,,,,,,,,,,,,,,,,,,,,,,,,,,,,,,,,,,,,,,,,,,,,,,844.2258,1.774355812,846.0008,,,,,,,,,,,,,,,,,,,,,,,,846.0008,847.2676,p,1,1.204,,44,0,44,0,1,,,,,,,,,,,,,,,,,,,,,,,,,,,,,,,,,,,,,,,,,,,,,,,,,,,,,,,,,,,,,,,,,,,,,,,,,,,,,,,,,,,,,,,,,,,,,,,,,,,,,,,,,,,,
,,,2025-08-11_11h47.44.546,CFMT_CCMT_Face_recognition,03.02.2023,Win32,120.4819277,62d7443567d945a729647935,6899c7d7c4c961a016830ad3,6899c95c94acea59e415d213,,,,,,,,,,,,,,,,,,,,,,,,,,,,,,,,,,,,,,,,,,,,,,847.2677,2.439472699,849.7011,,,,,,,,,,,,,,,,,,,,,,,,849.7011,850.5928,p,1,0.8252,,45,0,45,0,1,,,,,,,,,,,,,,,,,,,,,,,,,,,,,,,,,,,,,,,,,,,,,,,,,,,,,,,,,,,,,,,,,,,,,,,,,,,,,,,,,,,,,,,,,,,,,,,,,,,,,,,,,,,,
,,,2025-08-11_11h47.44.546,CFMT_CCMT_Face_recognition,03.02.2023,Win32,120.4819277,62d7443567d945a729647935,6899c7d7c4c961a016830ad3,6899c95c94acea59e415d213,,,,,,,,,,,,,,,,,,,,,,,,,,,,,,,,,,,,,,,,,,,,,,850.593,1.782132983,852.3763,,,,,,,,,,,,,,,,,,,,,,,,852.3763,853.1204,p,0,0.6815,,46,0,46,0,1,,,,,,,,,,,,,,,,,,,,,,,,,,,,,,,,,,,,,,,,,,,,,,,,,,,,,,,,,,,,,,,,,,,,,,,,,,,,,,,,,,,,,,,,,,,,,,,,,,,,,,,,,,,,
,,,2025-08-11_11h47.44.546,CFMT_CCMT_Face_recognition,03.02.2023,Win32,120.4819277,62d7443567d945a729647935,6899c7d7c4c961a016830ad3,6899c95c94acea59e415d213,,,,,,,,,,,,,,,,,,,,,,,,,,,,,,,,,,,,,,,,,,,,,,853.1206,1.927199463,855.0433,,,,,,,,,,,,,,,,,,,,,,,,855.0433,855.8182,q,1,0.7085,,47,0,47,0,1,,,,,,,,,,,,,,,,,,,,,,,,,,,,,,,,,,,,,,,,,,,,,,,,,,,,,,,,,,,,,,,,,,,,,,,,,,,,,,,,,,,,,,,,,,,,,,,,,,,,,,,,,,,,
,,,2025-08-11_11h47.44.546,CFMT_CCMT_Face_recognition,03.02.2023,Win32,120.4819277,62d7443567d945a729647935,6899c7d7c4c961a016830ad3,6899c95c94acea59e415d213,,,,,,,,,,,,,,,,,,,,,,,,,,,,,,,,,,,,,,,,,,,,,,855.8183,2.22360654,858.0434,,,,,,,,,,,,,,,,,,,,,,,,858.0434,858.7852,q,1,0.6763,,48,0,48,0,1,,,,,,,,,,,,,,,,,,,,,,,,,,,,,,,,,,,,,,,,,,,,,,,,,,,,,,,,,,,,,,,,,,,,,,,,,,,,,,,,,,,,,,,,,,,,,,,,,,,,,,,,,,,,
,,,2025-08-11_11h47.44.546,CFMT_CCMT_Face_recognition,03.02.2023,Win32,120.4819277,62d7443567d945a729647935,6899c7d7c4c961a016830ad3,6899c95c94acea59e415d213,,,,,,,,,,,,,,,,,,,,,,,,,,,,,,,,,,,,,,,,,,,,,,858.7853,2.215777801,861.0019,,,,,,,,,,,,,,,,,,,,,,,,861.0019,861.9271,p,1,0.862,,49,0,49,0,1,,,,,,,,,,,,,,,,,,,,,,,,,,,,,,,,,,,,,,,,,,,,,,,,,,,,,,,,,,,,,,,,,,,,,,,,,,,,,,,,,,,,,,,,,,,,,,,,,,,,,,,,,,,,
,,,2025-08-11_11h47.44.546,CFMT_CCMT_Face_recognition,03.02.2023,Win32,120.4819277,62d7443567d945a729647935,6899c7d7c4c961a016830ad3,6899c95c94acea59e415d213,,,,,,,,,,,,,,,,,,,,,,,,,,,,,,,,,,,,,,,,,,,,,,861.9273,2.009181446,863.9356,,,,,,,,,,,,,,,,,,,,,,,,863.9356,864.9106,p,1,0.914,,50,0,50,0,1,,,,,,,,,,,,,,,,,,,,,,,,,,,,,,,,,,,,,,,,,,,,,,,,,,,,,,,,,,,,,,,,,,,,,,,,,,,,,,,,,,,,,,,,,,,,,,,,,,,,,,,,,,,,
,,,2025-08-11_11h47.44.546,CFMT_CCMT_Face_recognition,03.02.2023,Win32,120.4819277,62d7443567d945a729647935,6899c7d7c4c961a016830ad3,6899c95c94acea59e415d213,,,,,,,,,,,,,,,,,,,,,,,,,,,,,,,,,,,,,,,,,,,,,,864.9108,2.221200294,867.1274,,,,,,,,,,,,,,,,,,,,,,,,867.1275,868.2108,p,0,1.0225,,51,0,51,0,1,,,,,,,,,,,,,,,,,,,,,,,,,,,,,,,,,,,,,,,,,,,,,,,,,,,,,,,,,,,,,,,,,,,,,,,,,,,,,,,,,,,,,,,,,,,,,,,,,,,,,,,,,,,,
,,,2025-08-11_11h47.44.546,CFMT_CCMT_Face_recognition,03.02.2023,Win32,120.4819277,62d7443567d945a729647935,6899c7d7c4c961a016830ad3,6899c95c94acea59e415d213,,,,,,,,,,,,,,,,,,,,,,,,,,,,,,,,,,,,,,,,,,,,,,868.211,1.73459566,869.9444,,,,,,,,,,,,,,,,,,,,,,,,869.9444,871.3944,q,1,1.3847,,52,0,52,0,1,,,,,,,,,,,,,,,,,,,,,,,,,,,,,,,,,,,,,,,,,,,,,,,,,,,,,,,,,,,,,,,,,,,,,,,,,,,,,,,,,,,,,,,,,,,,,,,,,,,,,,,,,,,,
,,,2025-08-11_11h47.44.546,CFMT_CCMT_Face_recognition,03.02.2023,Win32,120.4819277,62d7443567d945a729647935,6899c7d7c4c961a016830ad3,6899c95c94acea59e415d213,,,,,,,,,,,,,,,,,,,,,,,,,,,,,,,,,,,,,,,,,,,,,,871.3946,1.501018228,872.8946,,,,,,,,,,,,,,,,,,,,,,,,872.8946,873.7113,p,1,0.7557,,53,0,53,0,1,,,,,,,,,,,,,,,,,,,,,,,,,,,,,,,,,,,,,,,,,,,,,,,,,,,,,,,,,,,,,,,,,,,,,,,,,,,,,,,,,,,,,,,,,,,,,,,,,,,,,,,,,,,,
,,,2025-08-11_11h47.44.546,CFMT_CCMT_Face_recognition,03.02.2023,Win32,120.4819277,62d7443567d945a729647935,6899c7d7c4c961a016830ad3,6899c95c94acea59e415d213,,,,,,,,,,,,,,,,,,,,,,,,,,,,,,,,,,,,,,,,,,,,,,873.7114,2.350603091,876.0615,,,,,,,,,,,,,,,,,,,,,,,,876.0616,877.1283,p,1,0.9994,,54,0,54,0,1,,,,,,,,,,,,,,,,,,,,,,,,,,,,,,,,,,,,,,,,,,,,,,,,,,,,,,,,,,,,,,,,,,,,,,,,,,,,,,,,,,,,,,,,,,,,,,,,,,,,,,,,,,,,
,,,2025-08-11_11h47.44.546,CFMT_CCMT_Face_recognition,03.02.2023,Win32,120.4819277,62d7443567d945a729647935,6899c7d7c4c961a016830ad3,6899c95c94acea59e415d213,,,,,,,,,,,,,,,,,,,,,,,,,,,,,,,,,,,,,,,,,,,,,,877.1284,2.258719457,879.3867,,,,,,,,,,,,,,,,,,,,,,,,879.3868,880.7453,p,1,1.3018,,55,0,55,0,1,,,,,,,,,,,,,,,,,,,,,,,,,,,,,,,,,,,,,,,,,,,,,,,,,,,,,,,,,,,,,,,,,,,,,,,,,,,,,,,,,,,,,,,,,,,,,,,,,,,,,,,,,,,,
,,,2025-08-11_11h47.44.546,CFMT_CCMT_Face_recognition,03.02.2023,Win32,120.4819277,62d7443567d945a729647935,6899c7d7c4c961a016830ad3,6899c95c94acea59e415d213,,,,,,,,,,,,,,,,,,,,,,,,,,,,,,,,,,,,,,,,,,,,,,880.7454,1.81047372,882.5537,,,,,,,,,,,,,,,,,,,,,,,,882.5537,883.3787,p,1,0.7672,,56,0,56,0,1,,,,,,,,,,,,,,,,,,,,,,,,,,,,,,,,,,,,,,,,,,,,,,,,,,,,,,,,,,,,,,,,,,,,,,,,,,,,,,,,,,,,,,,,,,,,,,,,,,,,,,,,,,,,
,,,2025-08-11_11h47.44.546,CFMT_CCMT_Face_recognition,03.02.2023,Win32,120.4819277,62d7443567d945a729647935,6899c7d7c4c961a016830ad3,6899c95c94acea59e415d213,,,,,,,,,,,,,,,,,,,,,,,,,,,,,,,,,,,,,,,,,,,,,,883.3788,1.664035874,885.0372,,,,,,,,,,,,,,,,,,,,,,,,885.0372,886.1039,q,1,0.9998,,57,0,57,0,1,,,,,,,,,,,,,,,,,,,,,,,,,,,,,,,,,,,,,,,,,,,,,,,,,,,,,,,,,,,,,,,,,,,,,,,,,,,,,,,,,,,,,,,,,,,,,,,,,,,,,,,,,,,,
,,,2025-08-11_11h47.44.546,CFMT_CCMT_Face_recognition,03.02.2023,Win32,120.4819277,62d7443567d945a729647935,6899c7d7c4c961a016830ad3,6899c95c94acea59e415d213,,,,,,,,,,,,,,,,,,,,,,,,,,,,,,,,,,,,,,,,,,,,,,886.1042,2.297328075,888.3958,,,,,,,,,,,,,,,,,,,,,,,,888.3958,889.4875,q,1,1.0255,,58,0,58,0,1,,,,,,,,,,,,,,,,,,,,,,,,,,,,,,,,,,,,,,,,,,,,,,,,,,,,,,,,,,,,,,,,,,,,,,,,,,,,,,,,,,,,,,,,,,,,,,,,,,,,,,,,,,,,
,,,2025-08-11_11h47.44.546,CFMT_CCMT_Face_recognition,03.02.2023,Win32,120.4819277,62d7443567d945a729647935,6899c7d7c4c961a016830ad3,6899c95c94acea59e415d213,,,,,,,,,,,,,,,,,,,,,,,,,,,,,,,,,,,,,,,,,,,,,,889.4876,1.508693207,890.996,,,,,,,,,,,,,,,,,,,,,,,,890.996,891.9294,q,1,0.8722,,59,0,59,0,1,,,,,,,,,,,,,,,,,,,,,,,,,,,,,,,,,,,,,,,,,,,,,,,,,,,,,,,,,,,,,,,,,,,,,,,,,,,,,,,,,,,,,,,,,,,,,,,,,,,,,,,,,,,,
,,,2025-08-11_11h47.44.546,CFMT_CCMT_Face_recognition,03.02.2023,Win32,120.4819277,62d7443567d945a729647935,6899c7d7c4c961a016830ad3,6899c95c94acea59e415d213,,,,,,,,,,,,,,,,,,,,,,,,,,,,,,,,,,,,,,,,,,,,,,,,,,,,,,,,,,,,,,,,,,,,,,,,,,,,,,,,,,,891.9294,891.9295,,,,891.9296,911.9311,,,,,,,,,,,,,,,,,,,,,,,,,,,,,,,,,,,,,,,,,,,,,,,,,,,,,,,,,,,,,,,,,,,,,,,,,,,,,,,,,,,,,,,,,,,,,,,,,,,,,
,,,2025-08-11_11h47.44.546,CFMT_CCMT_Face_recognition,03.02.2023,Win32,120.4819277,62d7443567d945a729647935,6899c7d7c4c961a016830ad3,6899c95c94acea59e415d213,,,,,,,,,,,,,,,,,,,,,,,,,,,,,,,,,,,,,,,,,,,,,,,,,,,,,,,,,,,,,,,,,,,,,,,,,,,,,,,,,,,,,,,,,,911.9428,914.4729,914.473,922.3653,922.3692,925.3654,925.3655,925.8654,0,0,0,0,1,stimuli/bart_left.jpg,,,,,,,,,,,,,,,,,,,,,,,,,,,,,,,,,,,,,,,,,,,,,,,,,,,,,,,,,,,,,,,,,,,,,,,,,,,,,,,,,,,,,,,
,,,2025-08-11_11h47.44.546,CFMT_CCMT_Face_recognition,03.02.2023,Win32,120.4819277,62d7443567d945a729647935,6899c7d7c4c961a016830ad3,6899c95c94acea59e415d213,,,,,,,,,,,,,,,,,,,,,,,,,,,,,,,,,,,,,,,,,,,,,,,,,,,,,,,,,,,,,,,,,,,,,,,,,,,,,,,,,,,,,,,,,,,,,,925.8656,928.8656,928.8656,929.3656,0,1,1,1,1,stimuli/bart_straight.jpg,,,,,,,,,,,,,,,,,,,,,,,,,,,,,,,,,,,,,,,,,,,,,,,,,,,,,,,,,,,,,,,,,,,,,,,,,,,,,,,,,,,,,,,
,,,2025-08-11_11h47.44.546,CFMT_CCMT_Face_recognition,03.02.2023,Win32,120.4819277,62d7443567d945a729647935,6899c7d7c4c961a016830ad3,6899c95c94acea59e415d213,,,,,,,,,,,,,,,,,,,,,,,,,,,,,,,,,,,,,,,,,,,,,,,,,,,,,,,,,,,,,,,,,,,,,,,,,,,,,,,,,,,,,,,,,,,,,,929.3658,932.3659,932.3659,932.8659,0,2,2,2,1,stimuli/bart_right.jpg,,,,,,,,,,,,,,,,,,,,,,,,,,,,,,,,,,,,,,,,,,,,,,,,,,,,,,,,,,,,,,,,,,,,,,,,,,,,,,,,,,,,,,,
,,,2025-08-11_11h47.44.546,CFMT_CCMT_Face_recognition,03.02.2023,Win32,120.4819277,62d7443567d945a729647935,6899c7d7c4c961a016830ad3,6899c95c94acea59e415d213,,,,,,,,,,,,,,,,,,,,,,,,,,,,,,,,,,,,,,,,,,,,,,,,,,,,,,,,,,,,,,,,,,,,,,,,,,,,,,,,,,,,,,,,,,,,,,,,935.2163,935.7161,,,,,,,932.8681,935.2162,1,1,2.3412,,0,0,0,0,1,stimuli/pract_left.jpg,1,,,,,,,,,,,,,,,,,,,,,,,,,,,,,,,,,,,,,,,,,,,,,,,,,,,,,,,,,,,,,,,,,,,,,,,,,,
,,,2025-08-11_11h47.44.546,CFMT_CCMT_Face_recognition,03.02.2023,Win32,120.4819277,62d7443567d945a729647935,6899c7d7c4c961a016830ad3,6899c95c94acea59e415d213,,,,,,,,,,,,,,,,,,,,,,,,,,,,,,,,,,,,,,,,,,,,,,,,,,,,,,,,,,,,,,,,,,,,,,,,,,,,,,,,,,,,,,,,,,,,,,,,937.5413,938.0413,,,,,,,935.7164,937.5413,2,1,1.8193,,0,1,1,1,1,stimuli/pract_right.jpg,2,,,,,,,,,,,,,,,,,,,,,,,,,,,,,,,,,,,,,,,,,,,,,,,,,,,,,,,,,,,,,,,,,,,,,,,,,,
,,,2025-08-11_11h47.44.546,CFMT_CCMT_Face_recognition,03.02.2023,Win32,120.4819277,62d7443567d945a729647935,6899c7d7c4c961a016830ad3,6899c95c94acea59e415d213,,,,,,,,,,,,,,,,,,,,,,,,,,,,,,,,,,,,,,,,,,,,,,,,,,,,,,,,,,,,,,,,,,,,,,,,,,,,,,,,,,,,,,,,,,,,,,,,939.4998,939.9997,,,,,,,938.0414,939.4997,2,1,1.4546,,0,2,2,2,1,stimuli/pract_straight.jpg,2,,,,,,,,,,,,,,,,,,,,,,,,,,,,,,,,,,,,,,,,,,,,,,,,,,,,,,,,,,,,,,,,,,,,,,,,,,
,,,2025-08-11_11h47.44.546,CFMT_CCMT_Face_recognition,03.02.2023,Win32,120.4819277,62d7443567d945a729647935,6899c7d7c4c961a016830ad3,6899c95c94acea59e415d213,,,,,,,,,,,,,,,,,,,,,,,,,,,,,,,,,,,,,,,,,,,,,,,,,,,,,,,,,,,,,,,,,,,,,,,,,,,,,,,,,,,,,,,,,,,,,,,,949.9091,950.4089,,,,,,,,,,,,,,,,,,,,940,945.242,945.2442,946.4087,946.9088,949.9091,0,0,0,0,1,stimuli/Bob_left_study.jpg,stimuli/B1_Identical_Left.jpg,2,,,,,,,,,,,,,,,,,,,,,,,,,,,,,,,,,,,,,,,,,,,,,,,,,,,,,,,,,,,,
,,,2025-08-11_11h47.44.546,CFMT_CCMT_Face_recognition,03.02.2023,Win32,120.4819277,62d7443567d945a729647935,6899c7d7c4c961a016830ad3,6899c95c94acea59e415d213,,,,,,,,,,,,,,,,,,,,,,,,,,,,,,,,,,,,,,,,,,,,,,,,,,,,,,,,,,,,,,,,,,,,,,,,,,,,,,,,,,,,,,,,,,,,,,,,953.9093,954.4093,,,,,,,,,,,,,,,,,,,,,,,,950.909,953.9092,0,1,1,1,1,stimuli/Bob_frontal_study.jpg,stimuli/B2_Identical_Frontal.jpg,2,,,,,,,,,,,,,,,,,,,,,,,,,,,,,,,,,,,,,,,,,,,,,,,,,,,,,,,,,,,,
,,,2025-08-11_11h47.44.546,CFMT_CCMT_Face_recognition,03.02.2023,Win32,120.4819277,62d7443567d945a729647935,6899c7d7c4c961a016830ad3,6899c95c94acea59e415d213,,,,,,,,,,,,,,,,,,,,,,,,,,,,,,,,,,,,,,,,,,,,,,,,,,,,,,,,,,,,,,,,,,,,,,,,,,,,,,,,,,,,,,,,,,,,,,,,957.9096,958.4096,,,,,,,,,,,,,,,,,,,,,,,,954.9093,957.9095,0,2,2,2,1,stimuli/Bob_right_study.jpg,stimuli/B3_Identical_Right.jpg,3,,,,,,,,,,,,,,,,,,,,,,,,,,,,,,,,,,,,,,,,,,,,,,,,,,,,,,,,,,,,
,,,2025-08-11_11h47.44.546,CFMT_CCMT_Face_recognition,03.02.2023,Win32,120.4819277,62d7443567d945a729647935,6899c7d7c4c961a016830ad3,6899c95c94acea59e415d213,,,,,,,,,,,,,,,,,,,,,,,,,,,,,,,,,,,,,,,,,,,,,,,,,,,,,,,,,,,,,,,,,,,,,,,,,,,,,,,,,,,,,,,,,,,,,,,,961.1517,961.6515,,,,,,,,,,,,,,,,,,,,,,,,,,,,,,,stimuli/Bob_left_study.jpg,stimuli/B1_Identical_Left.jpg,2,958.4113,961.1515,2,1,2.7293,,0,0,0,0,1,,,,,,,,,,,,,,,,,,,,,,,,,,,,,,,,,,,,,,,,,,,,,,,,,
,,,2025-08-11_11h47.44.546,CFMT_CCMT_Face_recognition,03.02.2023,Win32,120.4819277,62d7443567d945a729647935,6899c7d7c4c961a016830ad3,6899c95c94acea59e415d213,,,,,,,,,,,,,,,,,,,,,,,,,,,,,,,,,,,,,,,,,,,,,,,,,,,,,,,,,,,,,,,,,,,,,,,,,,,,,,,,,,,,,,,,,,,,,,,,963.0434,963.5433,,,,,,,,,,,,,,,,,,,,,,,,,,,,,,,stimuli/Bob_frontal_study.jpg,stimuli/B2_Identical_Frontal.jpg,2,961.6517,963.0433,3,0,1.3825,,0,1,1,1,1,,,,,,,,,,,,,,,,,,,,,,,,,,,,,,,,,,,,,,,,,,,,,,,,,
,,,2025-08-11_11h47.44.546,CFMT_CCMT_Face_recognition,03.02.2023,Win32,120.4819277,62d7443567d945a729647935,6899c7d7c4c961a016830ad3,6899c95c94acea59e415d213,,,,,,,,,,,,,,,,,,,,,,,,,,,,,,,,,,,,,,,,,,,,,,,,,,,,,,,,,,,,,,,,,,,,,,,,,,,,,,,,,,,,,,,,,,,,,,,,964.6351,965.135,,,,,,,,,,,,,,,,,,,,,,,,,,,,,,,stimuli/Bob_right_study.jpg,stimuli/B3_Identical_Right.jpg,3,963.5434,964.635,3,1,1.0823,,0,2,2,2,1,,,,,,,,,,,,,,,,,,,,,,,,,,,,,,,,,,,,,,,,,,,,,,,,,
,,,2025-08-11_11h47.44.546,CFMT_CCMT_Face_recognition,03.02.2023,Win32,120.4819277,62d7443567d945a729647935,6899c7d7c4c961a016830ad3,6899c95c94acea59e415d213,,,,,,,,,,,,,,,,,,,,,,,,,,,,,,,,,,,,,,,,,,,,,,,,,,,,,,,,,,,,,,,,,,,,,,,,,,,,,,,,,,,,,,,,,,,,,,,,969.7438,970.2438,,,,,,,,,,,,,,,,,,,,,,965.1353,966.2435,966.7435,969.7438,0,0,0,0,1,stimuli/Dan_Left_Study.jpg,stimuli/D1_Identical_Left.jpg,2,,,,,,,,,,,,,,,,,,,,,,,,,,,,,,,,,,,,,,,,,,,,,,,,,,,,,,,,,,,,
,,,2025-08-11_11h47.44.546,CFMT_CCMT_Face_recognition,03.02.2023,Win32,120.4819277,62d7443567d945a729647935,6899c7d7c4c961a016830ad3,6899c95c94acea59e415d213,,,,,,,,,,,,,,,,,,,,,,,,,,,,,,,,,,,,,,,,,,,,,,,,,,,,,,,,,,,,,,,,,,,,,,,,,,,,,,,,,,,,,,,,,,,,,,,,973.7441,974.2441,,,,,,,,,,,,,,,,,,,,,,,,970.7438,973.7441,0,1,1,1,1,stimuli/Dan_frontal_study.jpg,stimuli/D2_Identical_Frontal.jpg,3,,,,,,,,,,,,,,,,,,,,,,,,,,,,,,,,,,,,,,,,,,,,,,,,,,,,,,,,,,,,
,,,2025-08-11_11h47.44.546,CFMT_CCMT_Face_recognition,03.02.2023,Win32,120.4819277,62d7443567d945a729647935,6899c7d7c4c961a016830ad3,6899c95c94acea59e415d213,,,,,,,,,,,,,,,,,,,,,,,,,,,,,,,,,,,,,,,,,,,,,,,,,,,,,,,,,,,,,,,,,,,,,,,,,,,,,,,,,,,,,,,,,,,,,,,,977.7444,978.2444,,,,,,,,,,,,,,,,,,,,,,,,974.7442,977.7444,0,2,2,2,1,stimuli/Dan_Right_Frontal.jpg,stimuli/D3_Identical_Right.jpg,3,,,,,,,,,,,,,,,,,,,,,,,,,,,,,,,,,,,,,,,,,,,,,,,,,,,,,,,,,,,,
,,,2025-08-11_11h47.44.546,CFMT_CCMT_Face_recognition,03.02.2023,Win32,120.4819277,62d7443567d945a729647935,6899c7d7c4c961a016830ad3,6899c95c94acea59e415d213,,,,,,,,,,,,,,,,,,,,,,,,,,,,,,,,,,,,,,,,,,,,,,,,,,,,,,,,,,,,,,,,,,,,,,,,,,,,,,,,,,,,,,,,,,,,,,,,981.8281,982.3281,,,,,,,,,,,,,,,,,,,,,,,,,,,,,,,stimuli/Dan_Left_Study.jpg,stimuli/D1_Identical_Left.jpg,2,978.2461,981.8281,2,1,3.5716,,0,0,0,0,1,,,,,,,,,,,,,,,,,,,,,,,,,,,,,,,,,,,,,,,,,,,,,,,,,
,,,2025-08-11_11h47.44.546,CFMT_CCMT_Face_recognition,03.02.2023,Win32,120.4819277,62d7443567d945a729647935,6899c7d7c4c961a016830ad3,6899c95c94acea59e415d213,,,,,,,,,,,,,,,,,,,,,,,,,,,,,,,,,,,,,,,,,,,,,,,,,,,,,,,,,,,,,,,,,,,,,,,,,,,,,,,,,,,,,,,,,,,,,,,,984.6116,985.1116,,,,,,,,,,,,,,,,,,,,,,,,,,,,,,,stimuli/Dan_frontal_study.jpg,stimuli/D2_Identical_Frontal.jpg,3,982.3282,984.6116,3,1,2.2733,,0,1,1,1,1,,,,,,,,,,,,,,,,,,,,,,,,,,,,,,,,,,,,,,,,,,,,,,,,,
,,,2025-08-11_11h47.44.546,CFMT_CCMT_Face_recognition,03.02.2023,Win32,120.4819277,62d7443567d945a729647935,6899c7d7c4c961a016830ad3,6899c95c94acea59e415d213,,,,,,,,,,,,,,,,,,,,,,,,,,,,,,,,,,,,,,,,,,,,,,,,,,,,,,,,,,,,,,,,,,,,,,,,,,,,,,,,,,,,,,,,,,,,,,,,987.0619,987.5618,,,,,,,,,,,,,,,,,,,,,,,,,,,,,,,stimuli/Dan_Right_Frontal.jpg,stimuli/D3_Identical_Right.jpg,3,985.1118,987.0618,3,1,1.941,,0,2,2,2,1,,,,,,,,,,,,,,,,,,,,,,,,,,,,,,,,,,,,,,,,,,,,,,,,,
,,,2025-08-11_11h47.44.546,CFMT_CCMT_Face_recognition,03.02.2023,Win32,120.4819277,62d7443567d945a729647935,6899c7d7c4c961a016830ad3,6899c95c94acea59e415d213,,,,,,,,,,,,,,,,,,,,,,,,,,,,,,,,,,,,,,,,,,,,,,,,,,,,,,,,,,,,,,,,,,,,,,,,,,,,,,,,,,,,,,,,,,,,,,,,991.8122,992.3122,,,,,,,,,,,,,,,,,,,,,,987.562,988.3119,988.812,991.8122,0,0,0,0,1,stimuli/Jim_left.jpg,stimuli/J_1_Iden_L.jpg,3,,,,,,,,,,,,,,,,,,,,,,,,,,,,,,,,,,,,,,,,,,,,,,,,,,,,,,,,,,,,
,,,2025-08-11_11h47.44.546,CFMT_CCMT_Face_recognition,03.02.2023,Win32,120.4819277,62d7443567d945a729647935,6899c7d7c4c961a016830ad3,6899c95c94acea59e415d213,,,,,,,,,,,,,,,,,,,,,,,,,,,,,,,,,,,,,,,,,,,,,,,,,,,,,,,,,,,,,,,,,,,,,,,,,,,,,,,,,,,,,,,,,,,,,,,,995.8124,996.3125,,,,,,,,,,,,,,,,,,,,,,,,992.8123,995.8124,0,1,1,1,1,stimuli/Jim_front.jpg,stimuli/J_2_Iden_Front.jpg,3,,,,,,,,,,,,,,,,,,,,,,,,,,,,,,,,,,,,,,,,,,,,,,,,,,,,,,,,,,,,
,,,2025-08-11_11h47.44.546,CFMT_CCMT_Face_recognition,03.02.2023,Win32,120.4819277,62d7443567d945a729647935,6899c7d7c4c961a016830ad3,6899c95c94acea59e415d213,,,,,,,,,,,,,,,,,,,,,,,,,,,,,,,,,,,,,,,,,,,,,,,,,,,,,,,,,,,,,,,,,,,,,,,,,,,,,,,,,,,,,,,,,,,,,,,,999.8128,1000.3128,,,,,,,,,,,,,,,,,,,,,,,,996.8125,999.8128,0,2,2,2,1,stimuli/Jim_right.jpg,stimuli/J_3_Iden_R.jpg,1,,,,,,,,,,,,,,,,,,,,,,,,,,,,,,,,,,,,,,,,,,,,,,,,,,,,,,,,,,,,
,,,2025-08-11_11h47.44.546,CFMT_CCMT_Face_recognition,03.02.2023,Win32,120.4819277,62d7443567d945a729647935,6899c7d7c4c961a016830ad3,6899c95c94acea59e415d213,,,,,,,,,,,,,,,,,,,,,,,,,,,,,,,,,,,,,,,,,,,,,,,,,,,,,,,,,,,,,,,,,,,,,,,,,,,,,,,,,,,,,,,,,,,,,,,,1001.5046,1002.0046,,,,,,,,,,,,,,,,,,,,,,,,,,,,,,,stimuli/Jim_left.jpg,stimuli/J_1_Iden_L.jpg,3,1000.3147,1001.5045,3,1,1.1846,,0,0,0,0,1,,,,,,,,,,,,,,,,,,,,,,,,,,,,,,,,,,,,,,,,,,,,,,,,,
,,,2025-08-11_11h47.44.546,CFMT_CCMT_Face_recognition,03.02.2023,Win32,120.4819277,62d7443567d945a729647935,6899c7d7c4c961a016830ad3,6899c95c94acea59e415d213,,,,,,,,,,,,,,,,,,,,,,,,,,,,,,,,,,,,,,,,,,,,,,,,,,,,,,,,,,,,,,,,,,,,,,,,,,,,,,,,,,,,,,,,,,,,,,,,1003.0798,1003.5798,,,,,,,,,,,,,,,,,,,,,,,,,,,,,,,stimuli/Jim_front.jpg,stimuli/J_2_Iden_Front.jpg,3,1002.0049,1003.0797,3,1,1.0656,,0,1,1,1,1,,,,,,,,,,,,,,,,,,,,,,,,,,,,,,,,,,,,,,,,,,,,,,,,,
,,,2025-08-11_11h47.44.546,CFMT_CCMT_Face_recognition,03.02.2023,Win32,120.4819277,62d7443567d945a729647935,6899c7d7c4c961a016830ad3,6899c95c94acea59e415d213,,,,,,,,,,,,,,,,,,,,,,,,,,,,,,,,,,,,,,,,,,,,,,,,,,,,,,,,,,,,,,,,,,,,,,,,,,,,,,,,,,,,,,,,,,,,,,,,1004.6715,1005.1715,,,,,,,,,,,,,,,,,,,,,,,,,,,,,,,stimuli/Jim_right.jpg,stimuli/J_3_Iden_R.jpg,1,1003.5801,1004.6715,1,1,1.0828,,0,2,2,2,1,,,,,,,,,,,,,,,,,,,,,,,,,,,,,,,,,,,,,,,,,,,,,,,,,
,,,2025-08-11_11h47.44.546,CFMT_CCMT_Face_recognition,03.02.2023,Win32,120.4819277,62d7443567d945a729647935,6899c7d7c4c961a016830ad3,6899c95c94acea59e415d213,,,,,,,,,,,,,,,,,,,,,,,,,,,,,,,,,,,,,,,,,,,,,,,,,,,,,,,,,,,,,,,,,,,,,,,,,,,,,,,,,,,,,,,,,,,,,,,,1009.7969,1010.297,,,,,,,,,,,,,,,,,,,,,,1005.1717,1006.2966,1006.7966,1009.7969,0,0,0,0,1,stimuli/Matt_left_cropped.jpg,stimuli/M_1_Iden_L.jpg,2,,,,,,,,,,,,,,,,,,,,,,,,,,,,,,,,,,,,,,,,,,,,,,,,,,,,,,,,,,,,
,,,2025-08-11_11h47.44.546,CFMT_CCMT_Face_recognition,03.02.2023,Win32,120.4819277,62d7443567d945a729647935,6899c7d7c4c961a016830ad3,6899c95c94acea59e415d213,,,,,,,,,,,,,,,,,,,,,,,,,,,,,,,,,,,,,,,,,,,,,,,,,,,,,,,,,,,,,,,,,,,,,,,,,,,,,,,,,,,,,,,,,,,,,,,,1013.7972,1014.2972,,,,,,,,,,,,,,,,,,,,,,,,1010.797,1013.7972,0,1,1,1,1,stimuli/Matt_front.jpg,stimuli/M_2_Iden_Front.jpg,3,,,,,,,,,,,,,,,,,,,,,,,,,,,,,,,,,,,,,,,,,,,,,,,,,,,,,,,,,,,,
,,,2025-08-11_11h47.44.546,CFMT_CCMT_Face_recognition,03.02.2023,Win32,120.4819277,62d7443567d945a729647935,6899c7d7c4c961a016830ad3,6899c95c94acea59e415d213,,,,,,,,,,,,,,,,,,,,,,,,,,,,,,,,,,,,,,,,,,,,,,,,,,,,,,,,,,,,,,,,,,,,,,,,,,,,,,,,,,,,,,,,,,,,,,,,1017.7976,1018.2975,,,,,,,,,,,,,,,,,,,,,,,,1014.7973,1017.7976,0,2,2,2,1,stimuli/Matt_right_cropped.jpg,stimuli/M_3_Iden_R.jpg,1,,,,,,,,,,,,,,,,,,,,,,,,,,,,,,,,,,,,,,,,,,,,,,,,,,,,,,,,,,,,
,,,2025-08-11_11h47.44.546,CFMT_CCMT_Face_recognition,03.02.2023,Win32,120.4819277,62d7443567d945a729647935,6899c7d7c4c961a016830ad3,6899c95c94acea59e415d213,,,,,,,,,,,,,,,,,,,,,,,,,,,,,,,,,,,,,,,,,,,,,,,,,,,,,,,,,,,,,,,,,,,,,,,,,,,,,,,,,,,,,,,,,,,,,,,,1020.2978,1020.7978,,,,,,,,,,,,,,,,,,,,,,,,,,,,,,,stimuli/Matt_left_cropped.jpg,stimuli/M_1_Iden_L.jpg,2,1018.2992,1020.2977,2,1,1.9883,,0,0,0,0,1,,,,,,,,,,,,,,,,,,,,,,,,,,,,,,,,,,,,,,,,,,,,,,,,,
,,,2025-08-11_11h47.44.546,CFMT_CCMT_Face_recognition,03.02.2023,Win32,120.4819277,62d7443567d945a729647935,6899c7d7c4c961a016830ad3,6899c95c94acea59e415d213,,,,,,,,,,,,,,,,,,,,,,,,,,,,,,,,,,,,,,,,,,,,,,,,,,,,,,,,,,,,,,,,,,,,,,,,,,,,,,,,,,,,,,,,,,,,,,,,1022.9562,1023.4563,,,,,,,,,,,,,,,,,,,,,,,,,,,,,,,stimuli/Matt_front.jpg,stimuli/M_2_Iden_Front.jpg,3,1020.7979,1022.9562,3,1,2.1522,,0,1,1,1,1,,,,,,,,,,,,,,,,,,,,,,,,,,,,,,,,,,,,,,,,,,,,,,,,,
,,,2025-08-11_11h47.44.546,CFMT_CCMT_Face_recognition,03.02.2023,Win32,120.4819277,62d7443567d945a729647935,6899c7d7c4c961a016830ad3,6899c95c94acea59e415d213,,,,,,,,,,,,,,,,,,,,,,,,,,,,,,,,,,,,,,,,,,,,,,,,,,,,,,,,,,,,,,,,,,,,,,,,,,,,,,,,,,,,,,,,,,,,,,,,1024.7064,1025.2064,,,,,,,,,,,,,,,,,,,,,,,,,,,,,,,stimuli/Matt_right_cropped.jpg,stimuli/M_3_Iden_R.jpg,1,1023.4565,1024.7064,1,1,1.24,,0,2,2,2,1,,,,,,,,,,,,,,,,,,,,,,,,,,,,,,,,,,,,,,,,,,,,,,,,,
,,,2025-08-11_11h47.44.546,CFMT_CCMT_Face_recognition,03.02.2023,Win32,120.4819277,62d7443567d945a729647935,6899c7d7c4c961a016830ad3,6899c95c94acea59e415d213,,,,,,,,,,,,,,,,,,,,,,,,,,,,,,,,,,,,,,,,,,,,,,,,,,,,,,,,,,,,,,,,,,,,,,,,,,,,,,,,,,,,,,,,,,,,,,,,1029.4068,1029.9068,,,,,,,,,,,,,,,,,,,,,,1025.2065,1025.9064,1026.4065,1029.4067,0,0,0,0,1,stimuli/Nate_left_cropped.jpg,stimuli/N_1_Iden_L.jpg,3,,,,,,,,,,,,,,,,,,,,,,,,,,,,,,,,,,,,,,,,,,,,,,,,,,,,,,,,,,,,
,,,2025-08-11_11h47.44.546,CFMT_CCMT_Face_recognition,03.02.2023,Win32,120.4819277,62d7443567d945a729647935,6899c7d7c4c961a016830ad3,6899c95c94acea59e415d213,,,,,,,,,,,,,,,,,,,,,,,,,,,,,,,,,,,,,,,,,,,,,,,,,,,,,,,,,,,,,,,,,,,,,,,,,,,,,,,,,,,,,,,,,,,,,,,,1033.4071,1033.9071,,,,,,,,,,,,,,,,,,,,,,,,1030.4068,1033.407,0,1,1,1,1,stimuli/Nate_front_cropped.jpg,stimuli/N_2_Iden_Front.jpg,1,,,,,,,,,,,,,,,,,,,,,,,,,,,,,,,,,,,,,,,,,,,,,,,,,,,,,,,,,,,,
,,,2025-08-11_11h47.44.546,CFMT_CCMT_Face_recognition,03.02.2023,Win32,120.4819277,62d7443567d945a729647935,6899c7d7c4c961a016830ad3,6899c95c94acea59e415d213,,,,,,,,,,,,,,,,,,,,,,,,,,,,,,,,,,,,,,,,,,,,,,,,,,,,,,,,,,,,,,,,,,,,,,,,,,,,,,,,,,,,,,,,,,,,,,,,1037.4074,1037.9074,,,,,,,,,,,,,,,,,,,,,,,,1034.4071,1037.4074,0,2,2,2,1,stimuli/Nate_right_cropped.jpg,stimuli/N_3_Iden_R.jpg,3,,,,,,,,,,,,,,,,,,,,,,,,,,,,,,,,,,,,,,,,,,,,,,,,,,,,,,,,,,,,
,,,2025-08-11_11h47.44.546,CFMT_CCMT_Face_recognition,03.02.2023,Win32,120.4819277,62d7443567d945a729647935,6899c7d7c4c961a016830ad3,6899c95c94acea59e415d213,,,,,,,,,,,,,,,,,,,,,,,,,,,,,,,,,,,,,,,,,,,,,,,,,,,,,,,,,,,,,,,,,,,,,,,,,,,,,,,,,,,,,,,,,,,,,,,,1039.6409,1040.1409,,,,,,,,,,,,,,,,,,,,,,,,,,,,,,,stimuli/Nate_left_cropped.jpg,stimuli/N_1_Iden_L.jpg,3,1037.909,1039.6409,3,1,1.7236,,0,0,0,0,1,,,,,,,,,,,,,,,,,,,,,,,,,,,,,,,,,,,,,,,,,,,,,,,,,
,,,2025-08-11_11h47.44.546,CFMT_CCMT_Face_recognition,03.02.2023,Win32,120.4819277,62d7443567d945a729647935,6899c7d7c4c961a016830ad3,6899c95c94acea59e415d213,,,,,,,,,,,,,,,,,,,,,,,,,,,,,,,,,,,,,,,,,,,,,,,,,,,,,,,,,,,,,,,,,,,,,,,,,,,,,,,,,,,,,,,,,,,,,,,,1042.3329,1042.8328,,,,,,,,,,,,,,,,,,,,,,,,,,,,,,,stimuli/Nate_front_cropped.jpg,stimuli/N_2_Iden_Front.jpg,1,1040.141,1042.3329,1,1,2.1882,,0,1,1,1,1,,,,,,,,,,,,,,,,,,,,,,,,,,,,,,,,,,,,,,,,,,,,,,,,,
,,,2025-08-11_11h47.44.546,CFMT_CCMT_Face_recognition,03.02.2023,Win32,120.4819277,62d7443567d945a729647935,6899c7d7c4c961a016830ad3,6899c95c94acea59e415d213,,,,,,,,,,,,,,,,,,,,,,,,,,,,,,,,,,,,,,,,,,,,,,,,,,,,,,,,,,,,,,,,,,,,,,,,,,,,,,,,,,,,,,,,,,,,,,,,1044.8746,1045.3747,,,,,,,,,,,,,,,,,,,,,,,,,,,,,,,stimuli/Nate_right_cropped.jpg,stimuli/N_3_Iden_R.jpg,3,1042.833,1044.8746,3,1,2.032,,0,2,2,2,1,,,,,,,,,,,,,,,,,,,,,,,,,,,,,,,,,,,,,,,,,,,,,,,,,
,,,2025-08-11_11h47.44.546,CFMT_CCMT_Face_recognition,03.02.2023,Win32,120.4819277,62d7443567d945a729647935,6899c7d7c4c961a016830ad3,6899c95c94acea59e415d213,,,,,,,,,,,,,,,,,,,,,,,,,,,,,,,,,,,,,,,,,,,,,,,,,,,,,,,,,,,,,,,,,,,,,,,,,,,,,,,,,,,,,,,,,,,,,,,,1049.6666,1050.1667,,,,,,,,,,,,,,,,,,,,,,1045.3749,1046.1664,1046.6665,1049.6666,0,0,0,0,1,stimuli/Zack_Left_cropped.jpg,stimuli/Z_1_Iden_L.jpg,1,,,,,,,,,,,,,,,,,,,,,,,,,,,,,,,,,,,,,,,,,,,,,,,,,,,,,,,,,,,,
,,,2025-08-11_11h47.44.546,CFMT_CCMT_Face_recognition,03.02.2023,Win32,120.4819277,62d7443567d945a729647935,6899c7d7c4c961a016830ad3,6899c95c94acea59e415d213,,,,,,,,,,,,,,,,,,,,,,,,,,,,,,,,,,,,,,,,,,,,,,,,,,,,,,,,,,,,,,,,,,,,,,,,,,,,,,,,,,,,,,,,,,,,,,,,1053.667,1054.167,,,,,,,,,,,,,,,,,,,,,,,,1050.6667,1053.667,0,1,1,1,1,stimuli/Zack_Front_cropped.jpg,stimuli/Z_2_Iden_Front.jpg,3,,,,,,,,,,,,,,,,,,,,,,,,,,,,,,,,,,,,,,,,,,,,,,,,,,,,,,,,,,,,
,,,2025-08-11_11h47.44.546,CFMT_CCMT_Face_recognition,03.02.2023,Win32,120.4819277,62d7443567d945a729647935,6899c7d7c4c961a016830ad3,6899c95c94acea59e415d213,,,,,,,,,,,,,,,,,,,,,,,,,,,,,,,,,,,,,,,,,,,,,,,,,,,,,,,,,,,,,,,,,,,,,,,,,,,,,,,,,,,,,,,,,,,,,,,,1057.6673,1058.1673,,,,,,,,,,,,,,,,,,,,,,,,1054.6671,1057.6672,0,2,2,2,1,stimuli/Zack_Right_Cropped.jpg,stimuli/Z_3_Iden_R.jpg,1,,,,,,,,,,,,,,,,,,,,,,,,,,,,,,,,,,,,,,,,,,,,,,,,,,,,,,,,,,,,
,,,2025-08-11_11h47.44.546,CFMT_CCMT_Face_recognition,03.02.2023,Win32,120.4819277,62d7443567d945a729647935,6899c7d7c4c961a016830ad3,6899c95c94acea59e415d213,,,,,,,,,,,,,,,,,,,,,,,,,,,,,,,,,,,,,,,,,,,,,,,,,,,,,,,,,,,,,,,,,,,,,,,,,,,,,,,,,,,,,,,,,,,,,,,,1061.4093,1061.9093,,,,,,,,,,,,,,,,,,,,,,,,,,,,,,,stimuli/Zack_Left_cropped.jpg,stimuli/Z_1_Iden_L.jpg,1,1058.1688,1061.4092,1,1,3.2346,,0,0,0,0,1,,,,,,,,,,,,,,,,,,,,,,,,,,,,,,,,,,,,,,,,,,,,,,,,,
,,,2025-08-11_11h47.44.546,CFMT_CCMT_Face_recognition,03.02.2023,Win32,120.4819277,62d7443567d945a729647935,6899c7d7c4c961a016830ad3,6899c95c94acea59e415d213,,,,,,,,,,,,,,,,,,,,,,,,,,,,,,,,,,,,,,,,,,,,,,,,,,,,,,,,,,,,,,,,,,,,,,,,,,,,,,,,,,,,,,,,,,,,,,,,1063.3511,1063.8511,,,,,,,,,,,,,,,,,,,,,,,,,,,,,,,stimuli/Zack_Front_cropped.jpg,stimuli/Z_2_Iden_Front.jpg,3,1061.9094,1063.3511,3,1,1.4313,,0,1,1,1,1,,,,,,,,,,,,,,,,,,,,,,,,,,,,,,,,,,,,,,,,,,,,,,,,,
,,,2025-08-11_11h47.44.546,CFMT_CCMT_Face_recognition,03.02.2023,Win32,120.4819277,62d7443567d945a729647935,6899c7d7c4c961a016830ad3,6899c95c94acea59e415d213,,,,,,,,,,,,,,,,,,,,,,,,,,,,,,,,,,,,,,,,,,,,,,,,,,,,,,,,,,,,,,,,,,,,,,,,,,,,,,,,,,,,,,,,,,,,,,,,1065.1346,1065.6346,,,,,,,,,,,,,,,,,,,,,,,,,,,,,,,stimuli/Zack_Right_Cropped.jpg,stimuli/Z_3_Iden_R.jpg,1,1063.8513,1065.1346,1,1,1.2737,,0,2,2,2,1,,,,,,,,,,,,,,,,,,,,,,,,,,,,,,,,,,,,,,,,,,,,,,,,,
,,,2025-08-11_11h47.44.546,CFMT_CCMT_Face_recognition,03.02.2023,Win32,120.4819277,62d7443567d945a729647935,6899c7d7c4c961a016830ad3,6899c95c94acea59e415d213,,,,,,,,,,,,,,,,,,,,,,,,,,,,,,,,,,,,,,,,,,,,,,,,,,,,,,,,,,,,,,,,,,,,,,,,,,,,,,,,,,,,,,,,,,,,,,,,1101.2459,1101.7457,,,,,,,,,,,,,,,,,,,,,,,,,,,,,,,,,,,,,,,,,,,,,1065.6347,1069.9684,1070.4684,1090.47,1090.97,1098.3039,1098.8056,1098.8062,1098.8062,1098.8064,1098.808,1101.2458,1,1,2.4316,,0,0,0,0,1,stimuli/M_5_Front_Halflit.jpg,1,,,,,,,,,,,,,,,,,,,,,,,,,,
,,,2025-08-11_11h47.44.546,CFMT_CCMT_Face_recognition,03.02.2023,Win32,120.4819277,62d7443567d945a729647935,6899c7d7c4c961a016830ad3,6899c95c94acea59e415d213,,,,,,,,,,,,,,,,,,,,,,,,,,,,,,,,,,,,,,,,,,,,,,,,,,,,,,,,,,,,,,,,,,,,,,,,,,,,,,,,,,,,,,,,,,,,,,,,1103.9042,1104.4042,,,,,,,,,,,,,,,,,,,,,,,,,,,,,,,,,,,,,,,,,,,,,,,,,,,,,,,1101.7459,1103.9042,2,1,2.1503,,0,1,1,1,1,stimuli/N_8_13_R_Pro_dark.jpg,2,,,,,,,,,,,,,,,,,,,,,,,,,,
,,,2025-08-11_11h47.44.546,CFMT_CCMT_Face_recognition,03.02.2023,Win32,120.4819277,62d7443567d945a729647935,6899c7d7c4c961a016830ad3,6899c95c94acea59e415d213,,,,,,,,,,,,,,,,,,,,,,,,,,,,,,,,,,,,,,,,,,,,,,,,,,,,,,,,,,,,,,,,,,,,,,,,,,,,,,,,,,,,,,,,,,,,,,,,1106.2212,1106.7211,,,,,,,,,,,,,,,,,,,,,,,,,,,,,,,,,,,,,,,,,,,,,,,,,,,,,,,1104.4044,1106.2211,1,1,1.8129,,0,2,2,2,1,stimuli/Z_6_23_Pro_L.jpg,1,,,,,,,,,,,,,,,,,,,,,,,,,,
,,,2025-08-11_11h47.44.546,CFMT_CCMT_Face_recognition,03.02.2023,Win32,120.4819277,62d7443567d945a729647935,6899c7d7c4c961a016830ad3,6899c95c94acea59e415d213,,,,,,,,,,,,,,,,,,,,,,,,,,,,,,,,,,,,,,,,,,,,,,,,,,,,,,,,,,,,,,,,,,,,,,,,,,,,,,,,,,,,,,,,,,,,,,,,1110.3631,1110.8631,,,,,,,,,,,,,,,,,,,,,,,,,,,,,,,,,,,,,,,,,,,,,,,,,,,,,,,1106.7212,1110.363,2,0,3.6315,,0,3,3,3,1,stimuli/D5_Halflit_Frontal.jpg,3,,,,,,,,,,,,,,,,,,,,,,,,,,
,,,2025-08-11_11h47.44.546,CFMT_CCMT_Face_recognition,03.02.2023,Win32,120.4819277,62d7443567d945a729647935,6899c7d7c4c961a016830ad3,6899c95c94acea59e415d213,,,,,,,,,,,,,,,,,,,,,,,,,,,,,,,,,,,,,,,,,,,,,,,,,,,,,,,,,,,,,,,,,,,,,,,,,,,,,,,,,,,,,,,,,,,,,,,,1113.0549,1113.555,,,,,,,,,,,,,,,,,,,,,,,,,,,,,,,,,,,,,,,,,,,,,,,,,,,,,,,1110.8632,1113.0548,3,1,2.1865,,0,4,4,4,1,stimuli/B7_Bottomlit_Frontal.jpg,3,,,,,,,,,,,,,,,,,,,,,,,,,,
,,,2025-08-11_11h47.44.546,CFMT_CCMT_Face_recognition,03.02.2023,Win32,120.4819277,62d7443567d945a729647935,6899c7d7c4c961a016830ad3,6899c95c94acea59e415d213,,,,,,,,,,,,,,,,,,,,,,,,,,,,,,,,,,,,,,,,,,,,,,,,,,,,,,,,,,,,,,,,,,,,,,,,,,,,,,,,,,,,,,,,,,,,,,,,1115.0218,1115.5218,,,,,,,,,,,,,,,,,,,,,,,,,,,,,,,,,,,,,,,,,,,,,,,,,,,,,,,1113.5551,1115.0218,2,1,1.4632,,0,5,5,5,1,stimuli/J_6_23_L_Pro.jpg,2,,,,,,,,,,,,,,,,,,,,,,,,,,
,,,2025-08-11_11h47.44.546,CFMT_CCMT_Face_recognition,03.02.2023,Win32,120.4819277,62d7443567d945a729647935,6899c7d7c4c961a016830ad3,6899c95c94acea59e415d213,,,,,,,,,,,,,,,,,,,,,,,,,,,,,,,,,,,,,,,,,,,,,,,,,,,,,,,,,,,,,,,,,,,,,,,,,,,,,,,,,,,,,,,,,,,,,,,,1118.8137,1119.3138,,,,,,,,,,,,,,,,,,,,,,,,,,,,,,,,,,,,,,,,,,,,,,,,,,,,,,,1115.5219,1118.8137,1,1,3.2824,,0,6,6,6,1,stimuli/D7_Bottomlit_Frontal.jpg,1,,,,,,,,,,,,,,,,,,,,,,,,,,
,,,2025-08-11_11h47.44.546,CFMT_CCMT_Face_recognition,03.02.2023,Win32,120.4819277,62d7443567d945a729647935,6899c7d7c4c961a016830ad3,6899c95c94acea59e415d213,,,,,,,,,,,,,,,,,,,,,,,,,,,,,,,,,,,,,,,,,,,,,,,,,,,,,,,,,,,,,,,,,,,,,,,,,,,,,,,,,,,,,,,,,,,,,,,,1121.864,1122.364,,,,,,,,,,,,,,,,,,,,,,,,,,,,,,,,,,,,,,,,,,,,,,,,,,,,,,,1119.3139,1121.8639,3,1,2.5456,,0,7,7,7,1,stimuli/Z_5_Front_Half.jpg,3,,,,,,,,,,,,,,,,,,,,,,,,,,
,,,2025-08-11_11h47.44.546,CFMT_CCMT_Face_recognition,03.02.2023,Win32,120.4819277,62d7443567d945a729647935,6899c7d7c4c961a016830ad3,6899c95c94acea59e415d213,,,,,,,,,,,,,,,,,,,,,,,,,,,,,,,,,,,,,,,,,,,,,,,,,,,,,,,,,,,,,,,,,,,,,,,,,,,,,,,,,,,,,,,,,,,,,,,,1126.0393,1126.5392,,,,,,,,,,,,,,,,,,,,,,,,,,,,,,,,,,,,,,,,,,,,,,,,,,,,,,,1122.3641,1126.0393,2,1,3.6716,,0,8,8,8,1,stimuli/M_6_23_L_Pro.jpg,2,,,,,,,,,,,,,,,,,,,,,,,,,,
,,,2025-08-11_11h47.44.546,CFMT_CCMT_Face_recognition,03.02.2023,Win32,120.4819277,62d7443567d945a729647935,6899c7d7c4c961a016830ad3,6899c95c94acea59e415d213,,,,,,,,,,,,,,,,,,,,,,,,,,,,,,,,,,,,,,,,,,,,,,,,,,,,,,,,,,,,,,,,,,,,,,,,,,,,,,,,,,,,,,,,,,,,,,,,1128.9895,1129.4894,,,,,,,,,,,,,,,,,,,,,,,,,,,,,,,,,,,,,,,,,,,,,,,,,,,,,,,1126.5394,1128.9895,3,1,2.4398,,0,9,9,9,1,stimuli/J_7_Bottom_Lit.jpg,3,,,,,,,,,,,,,,,,,,,,,,,,,,
,,,2025-08-11_11h47.44.546,CFMT_CCMT_Face_recognition,03.02.2023,Win32,120.4819277,62d7443567d945a729647935,6899c7d7c4c961a016830ad3,6899c95c94acea59e415d213,,,,,,,,,,,,,,,,,,,,,,,,,,,,,,,,,,,,,,,,,,,,,,,,,,,,,,,,,,,,,,,,,,,,,,,,,,,,,,,,,,,,,,,,,,,,,,,,1132.2647,1132.7647,,,,,,,,,,,,,,,,,,,,,,,,,,,,,,,,,,,,,,,,,,,,,,,,,,,,,,,1129.4896,1132.2647,1,0,2.7699,,0,10,10,10,1,stimuli/N_4_23_R_Pro.jpg,2,,,,,,,,,,,,,,,,,,,,,,,,,,
,,,2025-08-11_11h47.44.546,CFMT_CCMT_Face_recognition,03.02.2023,Win32,120.4819277,62d7443567d945a729647935,6899c7d7c4c961a016830ad3,6899c95c94acea59e415d213,,,,,,,,,,,,,,,,,,,,,,,,,,,,,,,,,,,,,,,,,,,,,,,,,,,,,,,,,,,,,,,,,,,,,,,,,,,,,,,,,,,,,,,,,,,,,,,,1134.9066,1135.4066,,,,,,,,,,,,,,,,,,,,,,,,,,,,,,,,,,,,,,,,,,,,,,,,,,,,,,,1132.7649,1134.9066,3,1,2.1357,,0,11,11,11,1,stimuli/M_8_13_R_Pro_dark.jpg,3,,,,,,,,,,,,,,,,,,,,,,,,,,
,,,2025-08-11_11h47.44.546,CFMT_CCMT_Face_recognition,03.02.2023,Win32,120.4819277,62d7443567d945a729647935,6899c7d7c4c961a016830ad3,6899c95c94acea59e415d213,,,,,,,,,,,,,,,,,,,,,,,,,,,,,,,,,,,,,,,,,,,,,,,,,,,,,,,,,,,,,,,,,,,,,,,,,,,,,,,,,,,,,,,,,,,,,,,,1137.6319,1138.1319,,,,,,,,,,,,,,,,,,,,,,,,,,,,,,,,,,,,,,,,,,,,,,,,,,,,,,,1135.4067,1137.6319,2,1,2.2147,,0,12,12,12,1,stimuli/J_5_Front_Halflit.jpg,2,,,,,,,,,,,,,,,,,,,,,,,,,,
,,,2025-08-11_11h47.44.546,CFMT_CCMT_Face_recognition,03.02.2023,Win32,120.4819277,62d7443567d945a729647935,6899c7d7c4c961a016830ad3,6899c95c94acea59e415d213,,,,,,,,,,,,,,,,,,,,,,,,,,,,,,,,,,,,,,,,,,,,,,,,,,,,,,,,,,,,,,,,,,,,,,,,,,,,,,,,,,,,,,,,,,,,,,,,1141.1237,1141.6238,,,,,,,,,,,,,,,,,,,,,,,,,,,,,,,,,,,,,,,,,,,,,,,,,,,,,,,1138.1321,1141.1237,1,1,2.9855,,0,13,13,13,1,stimuli/N_7_Front_Bot.jpg,1,,,,,,,,,,,,,,,,,,,,,,,,,,
,,,2025-08-11_11h47.44.546,CFMT_CCMT_Face_recognition,03.02.2023,Win32,120.4819277,62d7443567d945a729647935,6899c7d7c4c961a016830ad3,6899c95c94acea59e415d213,,,,,,,,,,,,,,,,,,,,,,,,,,,,,,,,,,,,,,,,,,,,,,,,,,,,,,,,,,,,,,,,,,,,,,,,,,,,,,,,,,,,,,,,,,,,,,,,1145.4824,1145.9824,,,,,,,,,,,,,,,,,,,,,,,,,,,,,,,,,,,,,,,,,,,,,,,,,,,,,,,1141.624,1145.4824,1,0,3.8542,,0,14,14,14,1,stimuli/Z_4_23_Pro_R.jpg,2,,,,,,,,,,,,,,,,,,,,,,,,,,
,,,2025-08-11_11h47.44.546,CFMT_CCMT_Face_recognition,03.02.2023,Win32,120.4819277,62d7443567d945a729647935,6899c7d7c4c961a016830ad3,6899c95c94acea59e415d213,,,,,,,,,,,,,,,,,,,,,,,,,,,,,,,,,,,,,,,,,,,,,,,,,,,,,,,,,,,,,,,,,,,,,,,,,,,,,,,,,,,,,,,,,,,,,,,,1149.0411,1149.5411,,,,,,,,,,,,,,,,,,,,,,,,,,,,,,,,,,,,,,,,,,,,,,,,,,,,,,,1145.9826,1149.041,3,0,3.0491,,0,15,15,15,1,stimuli/D8_13_Profile_R.jpg,2,,,,,,,,,,,,,,,,,,,,,,,,,,
,,,2025-08-11_11h47.44.546,CFMT_CCMT_Face_recognition,03.02.2023,Win32,120.4819277,62d7443567d945a729647935,6899c7d7c4c961a016830ad3,6899c95c94acea59e415d213,,,,,,,,,,,,,,,,,,,,,,,,,,,,,,,,,,,,,,,,,,,,,,,,,,,,,,,,,,,,,,,,,,,,,,,,,,,,,,,,,,,,,,,,,,,,,,,,1150.9828,1151.4829,,,,,,,,,,,,,,,,,,,,,,,,,,,,,,,,,,,,,,,,,,,,,,,,,,,,,,,1149.5413,1150.9828,2,1,1.4334,,0,16,16,16,1,stimuli/M_7_Front_Bot.jpg,2,,,,,,,,,,,,,,,,,,,,,,,,,,
,,,2025-08-11_11h47.44.546,CFMT_CCMT_Face_recognition,03.02.2023,Win32,120.4819277,62d7443567d945a729647935,6899c7d7c4c961a016830ad3,6899c95c94acea59e415d213,,,,,,,,,,,,,,,,,,,,,,,,,,,,,,,,,,,,,,,,,,,,,,,,,,,,,,,,,,,,,,,,,,,,,,,,,,,,,,,,,,,,,,,,,,,,,,,,1153.5748,1154.0747,,,,,,,,,,,,,,,,,,,,,,,,,,,,,,,,,,,,,,,,,,,,,,,,,,,,,,,1151.483,1153.5747,2,1,2.0839,,0,17,17,17,1,stimuli/B4_23_pro_ri.jpg,2,,,,,,,,,,,,,,,,,,,,,,,,,,
,,,2025-08-11_11h47.44.546,CFMT_CCMT_Face_recognition,03.02.2023,Win32,120.4819277,62d7443567d945a729647935,6899c7d7c4c961a016830ad3,6899c95c94acea59e415d213,,,,,,,,,,,,,,,,,,,,,,,,,,,,,,,,,,,,,,,,,,,,,,,,,,,,,,,,,,,,,,,,,,,,,,,,,,,,,,,,,,,,,,,,,,,,,,,,1157.5751,1158.0752,,,,,,,,,,,,,,,,,,,,,,,,,,,,,,,,,,,,,,,,,,,,,,,,,,,,,,,1154.0749,1157.575,3,0,3.4928,,0,18,18,18,1,stimuli/D6_23_Profile_L.jpg,1,,,,,,,,,,,,,,,,,,,,,,,,,,
,,,2025-08-11_11h47.44.546,CFMT_CCMT_Face_recognition,03.02.2023,Win32,120.4819277,62d7443567d945a729647935,6899c7d7c4c961a016830ad3,6899c95c94acea59e415d213,,,,,,,,,,,,,,,,,,,,,,,,,,,,,,,,,,,,,,,,,,,,,,,,,,,,,,,,,,,,,,,,,,,,,,,,,,,,,,,,,,,,,,,,,,,,,,,,1160.967,1161.467,,,,,,,,,,,,,,,,,,,,,,,,,,,,,,,,,,,,,,,,,,,,,,,,,,,,,,,1158.0753,1160.967,3,1,2.8847,,0,19,19,19,1,stimuli/N_5_Front_Half.jpg,3,,,,,,,,,,,,,,,,,,,,,,,,,,
,,,2025-08-11_11h47.44.546,CFMT_CCMT_Face_recognition,03.02.2023,Win32,120.4819277,62d7443567d945a729647935,6899c7d7c4c961a016830ad3,6899c95c94acea59e415d213,,,,,,,,,,,,,,,,,,,,,,,,,,,,,,,,,,,,,,,,,,,,,,,,,,,,,,,,,,,,,,,,,,,,,,,,,,,,,,,,,,,,,,,,,,,,,,,,1164.6756,1165.1756,,,,,,,,,,,,,,,,,,,,,,,,,,,,,,,,,,,,,,,,,,,,,,,,,,,,,,,1161.4672,1164.6756,3,0,3.2002,,0,20,20,20,1,stimuli/B6_23_pro_L.jpg,1,,,,,,,,,,,,,,,,,,,,,,,,,,
,,,2025-08-11_11h47.44.546,CFMT_CCMT_Face_recognition,03.02.2023,Win32,120.4819277,62d7443567d945a729647935,6899c7d7c4c961a016830ad3,6899c95c94acea59e415d213,,,,,,,,,,,,,,,,,,,,,,,,,,,,,,,,,,,,,,,,,,,,,,,,,,,,,,,,,,,,,,,,,,,,,,,,,,,,,,,,,,,,,,,,,,,,,,,,1168.4093,1168.9092,,,,,,,,,,,,,,,,,,,,,,,,,,,,,,,,,,,,,,,,,,,,,,,,,,,,,,,1165.1758,1168.4092,2,1,3.225,,0,21,21,21,1,stimuli/Z_8_13_Pro_R_dark.jpg,2,,,,,,,,,,,,,,,,,,,,,,,,,,
,,,2025-08-11_11h47.44.546,CFMT_CCMT_Face_recognition,03.02.2023,Win32,120.4819277,62d7443567d945a729647935,6899c7d7c4c961a016830ad3,6899c95c94acea59e415d213,,,,,,,,,,,,,,,,,,,,,,,,,,,,,,,,,,,,,,,,,,,,,,,,,,,,,,,,,,,,,,,,,,,,,,,,,,,,,,,,,,,,,,,,,,,,,,,,1171.5095,1172.0095,,,,,,,,,,,,,,,,,,,,,,,,,,,,,,,,,,,,,,,,,,,,,,,,,,,,,,,1168.9094,1171.5094,2,1,2.5959,,0,22,22,22,1,stimuli/J_4_23_R_Pro.jpg,2,,,,,,,,,,,,,,,,,,,,,,,,,,
,,,2025-08-11_11h47.44.546,CFMT_CCMT_Face_recognition,03.02.2023,Win32,120.4819277,62d7443567d945a729647935,6899c7d7c4c961a016830ad3,6899c95c94acea59e415d213,,,,,,,,,,,,,,,,,,,,,,,,,,,,,,,,,,,,,,,,,,,,,,,,,,,,,,,,,,,,,,,,,,,,,,,,,,,,,,,,,,,,,,,,,,,,,,,,1174.4513,1174.9513,,,,,,,,,,,,,,,,,,,,,,,,,,,,,,,,,,,,,,,,,,,,,,,,,,,,,,,1172.0096,1174.4513,1,1,2.4334,,0,23,23,23,1,stimuli/B8_13_pro_R_HS.jpg,1,,,,,,,,,,,,,,,,,,,,,,,,,,
,,,2025-08-11_11h47.44.546,CFMT_CCMT_Face_recognition,03.02.2023,Win32,120.4819277,62d7443567d945a729647935,6899c7d7c4c961a016830ad3,6899c95c94acea59e415d213,,,,,,,,,,,,,,,,,,,,,,,,,,,,,,,,,,,,,,,,,,,,,,,,,,,,,,,,,,,,,,,,,,,,,,,,,,,,,,,,,,,,,,,,,,,,,,,,1177.51,1178.0099,,,,,,,,,,,,,,,,,,,,,,,,,,,,,,,,,,,,,,,,,,,,,,,,,,,,,,,1174.9515,1177.5099,3,1,2.5544,,0,24,24,24,1,stimuli/M_4_23_R_Pro.jpg,3,,,,,,,,,,,,,,,,,,,,,,,,,,
,,,2025-08-11_11h47.44.546,CFMT_CCMT_Face_recognition,03.02.2023,Win32,120.4819277,62d7443567d945a729647935,6899c7d7c4c961a016830ad3,6899c95c94acea59e415d213,,,,,,,,,,,,,,,,,,,,,,,,,,,,,,,,,,,,,,,,,,,,,,,,,,,,,,,,,,,,,,,,,,,,,,,,,,,,,,,,,,,,,,,,,,,,,,,,1179.9017,1180.4019,,,,,,,,,,,,,,,,,,,,,,,,,,,,,,,,,,,,,,,,,,,,,,,,,,,,,,,1178.0101,1179.9017,1,1,1.8823,,0,25,25,25,1,stimuli/J_8_13_r_pro_dark.jpg,1,,,,,,,,,,,,,,,,,,,,,,,,,,
,,,2025-08-11_11h47.44.546,CFMT_CCMT_Face_recognition,03.02.2023,Win32,120.4819277,62d7443567d945a729647935,6899c7d7c4c961a016830ad3,6899c95c94acea59e415d213,,,,,,,,,,,,,,,,,,,,,,,,,,,,,,,,,,,,,,,,,,,,,,,,,,,,,,,,,,,,,,,,,,,,,,,,,,,,,,,,,,,,,,,,,,,,,,,,1183.8604,1184.3604,,,,,,,,,,,,,,,,,,,,,,,,,,,,,,,,,,,,,,,,,,,,,,,,,,,,,,,1180.402,1183.8604,2,1,3.4492,,0,26,26,26,1,stimuli/Z_7_Front_Bot.jpg,2,,,,,,,,,,,,,,,,,,,,,,,,,,
,,,2025-08-11_11h47.44.546,CFMT_CCMT_Face_recognition,03.02.2023,Win32,120.4819277,62d7443567d945a729647935,6899c7d7c4c961a016830ad3,6899c95c94acea59e415d213,,,,,,,,,,,,,,,,,,,,,,,,,,,,,,,,,,,,,,,,,,,,,,,,,,,,,,,,,,,,,,,,,,,,,,,,,,,,,,,,,,,,,,,,,,,,,,,,1186.194,1186.6939,,,,,,,,,,,,,,,,,,,,,,,,,,,,,,,,,,,,,,,,,,,,,,,,,,,,,,,1184.3606,1186.1939,2,0,1.8263,,0,27,27,27,1,stimuli/D4_23_profile_R.jpg,1,,,,,,,,,,,,,,,,,,,,,,,,,,
,,,2025-08-11_11h47.44.546,CFMT_CCMT_Face_recognition,03.02.2023,Win32,120.4819277,62d7443567d945a729647935,6899c7d7c4c961a016830ad3,6899c95c94acea59e415d213,,,,,,,,,,,,,,,,,,,,,,,,,,,,,,,,,,,,,,,,,,,,,,,,,,,,,,,,,,,,,,,,,,,,,,,,,,,,,,,,,,,,,,,,,,,,,,,,1188.4358,1188.9358,,,,,,,,,,,,,,,,,,,,,,,,,,,,,,,,,,,,,,,,,,,,,,,,,,,,,,,1186.6941,1188.4358,1,1,1.7331,,0,28,28,28,1,stimuli/N_6_23_L_Pro.jpg,1,,,,,,,,,,,,,,,,,,,,,,,,,,
,,,2025-08-11_11h47.44.546,CFMT_CCMT_Face_recognition,03.02.2023,Win32,120.4819277,62d7443567d945a729647935,6899c7d7c4c961a016830ad3,6899c95c94acea59e415d213,,,,,,,,,,,,,,,,,,,,,,,,,,,,,,,,,,,,,,,,,,,,,,,,,,,,,,,,,,,,,,,,,,,,,,,,,,,,,,,,,,,,,,,,,,,,,,,,1193.0028,1193.5028,,,,,,,,,,,,,,,,,,,,,,,,,,,,,,,,,,,,,,,,,,,,,,,,,,,,,,,1188.9359,1193.0028,1,0,4.06,,0,29,29,29,1,stimuli/B5_halflit_frontal.jpg,3,,,,,,,,,,,,,,,,,,,,,,,,,,
,,,2025-08-11_11h47.44.546,CFMT_CCMT_Face_recognition,03.02.2023,Win32,120.4819277,62d7443567d945a729647935,6899c7d7c4c961a016830ad3,6899c95c94acea59e415d213,,,,,,,,,,,,,,,,,,,,,,,,,,,,,,,,,,,,,,,,,,,,,,,,,,,,,,,,,,,,,,,,,,,,,,,,,,,,,,,,,,,,,,,,,,,,,,,,1216.8297,1217.3297,,,,,,,,,,,,,,,,,,,,,,,,,,,,,,,,,,,,,,,,,,,,,,,,,,,1193.5031,1213.5045,1213.5045,1214.0045,1214.0067,1216.8296,2,1,2.8147,,0,0,0,0,1,stimuli/Z_12_Front_Noisy.jpg,2,,,,,,,,,,,,,,,,,,,,,,,,,,
,,,2025-08-11_11h47.44.546,CFMT_CCMT_Face_recognition,03.02.2023,Win32,120.4819277,62d7443567d945a729647935,6899c7d7c4c961a016830ad3,6899c95c94acea59e415d213,,,,,,,,,,,,,,,,,,,,,,,,,,,,,,,,,,,,,,,,,,,,,,,,,,,,,,,,,,,,,,,,,,,,,,,,,,,,,,,,,,,,,,,,,,,,,,,,1219.6382,1220.1382,,,,,,,,,,,,,,,,,,,,,,,,,,,,,,,,,,,,,,,,,,,,,,,,,,,,,,,1217.3299,1219.6382,3,1,2.3,,0,1,1,1,1,stimuli/M_11_23_N_R_Pro.jpg,3,,,,,,,,,,,,,,,,,,,,,,,,,,
,,,2025-08-11_11h47.44.546,CFMT_CCMT_Face_recognition,03.02.2023,Win32,120.4819277,62d7443567d945a729647935,6899c7d7c4c961a016830ad3,6899c95c94acea59e415d213,,,,,,,,,,,,,,,,,,,,,,,,,,,,,,,,,,,,,,,,,,,,,,,,,,,,,,,,,,,,,,,,,,,,,,,,,,,,,,,,,,,,,,,,,,,,,,,,1222.9553,1223.4552,,,,,,,,,,,,,,,,,,,,,,,,,,,,,,,,,,,,,,,,,,,,,,,,,,,,,,,1220.1384,1222.9552,1,1,2.813,,0,2,2,2,1,stimuli/D10_Noisy_13_Profile_L.jpg,1,,,,,,,,,,,,,,,,,,,,,,,,,,
,,,2025-08-11_11h47.44.546,CFMT_CCMT_Face_recognition,03.02.2023,Win32,120.4819277,62d7443567d945a729647935,6899c7d7c4c961a016830ad3,6899c95c94acea59e415d213,,,,,,,,,,,,,,,,,,,,,,,,,,,,,,,,,,,,,,,,,,,,,,,,,,,,,,,,,,,,,,,,,,,,,,,,,,,,,,,,,,,,,,,,,,,,,,,,1224.9136,1225.4136,,,,,,,,,,,,,,,,,,,,,,,,,,,,,,,,,,,,,,,,,,,,,,,,,,,,,,,1223.4553,1224.9136,1,1,1.4482,,0,3,3,3,1,stimuli/J_12_Frontal_HS.jpg,1,,,,,,,,,,,,,,,,,,,,,,,,,,
,,,2025-08-11_11h47.44.546,CFMT_CCMT_Face_recognition,03.02.2023,Win32,120.4819277,62d7443567d945a729647935,6899c7d7c4c961a016830ad3,6899c95c94acea59e415d213,,,,,,,,,,,,,,,,,,,,,,,,,,,,,,,,,,,,,,,,,,,,,,,,,,,,,,,,,,,,,,,,,,,,,,,,,,,,,,,,,,,,,,,,,,,,,,,,1227.4555,1227.9554,,,,,,,,,,,,,,,,,,,,,,,,,,,,,,,,,,,,,,,,,,,,,,,,,,,,,,,1225.4138,1227.4555,3,1,2.0341,,0,4,4,4,1,stimuli/J_11_23_pro_R.jpg,3,,,,,,,,,,,,,,,,,,,,,,,,,,
,,,2025-08-11_11h47.44.546,CFMT_CCMT_Face_recognition,03.02.2023,Win32,120.4819277,62d7443567d945a729647935,6899c7d7c4c961a016830ad3,6899c95c94acea59e415d213,,,,,,,,,,,,,,,,,,,,,,,,,,,,,,,,,,,,,,,,,,,,,,,,,,,,,,,,,,,,,,,,,,,,,,,,,,,,,,,,,,,,,,,,,,,,,,,,1229.914,1230.414,,,,,,,,,,,,,,,,,,,,,,,,,,,,,,,,,,,,,,,,,,,,,,,,,,,,,,,1227.9556,1229.914,1,1,1.9488,,0,5,5,5,1,stimuli/N_9_Front_LS.jpg,1,,,,,,,,,,,,,,,,,,,,,,,,,,
,,,2025-08-11_11h47.44.546,CFMT_CCMT_Face_recognition,03.02.2023,Win32,120.4819277,62d7443567d945a729647935,6899c7d7c4c961a016830ad3,6899c95c94acea59e415d213,,,,,,,,,,,,,,,,,,,,,,,,,,,,,,,,,,,,,,,,,,,,,,,,,,,,,,,,,,,,,,,,,,,,,,,,,,,,,,,,,,,,,,,,,,,,,,,,1233.3642,1233.8643,,,,,,,,,,,,,,,,,,,,,,,,,,,,,,,,,,,,,,,,,,,,,,,,,,,,,,,1230.4142,1233.3642,2,1,2.945,,0,6,6,6,1,stimuli/B12_Noisy_frontal_HS.jpg,2,,,,,,,,,,,,,,,,,,,,,,,,,,
,,,2025-08-11_11h47.44.546,CFMT_CCMT_Face_recognition,03.02.2023,Win32,120.4819277,62d7443567d945a729647935,6899c7d7c4c961a016830ad3,6899c95c94acea59e415d213,,,,,,,,,,,,,,,,,,,,,,,,,,,,,,,,,,,,,,,,,,,,,,,,,,,,,,,,,,,,,,,,,,,,,,,,,,,,,,,,,,,,,,,,,,,,,,,,1235.9561,1236.4562,,,,,,,,,,,,,,,,,,,,,,,,,,,,,,,,,,,,,,,,,,,,,,,,,,,,,,,1233.8645,1235.9561,1,1,2.0812,,0,7,7,7,1,stimuli/M_12_Front_N_HS.jpg,1,,,,,,,,,,,,,,,,,,,,,,,,,,
,,,2025-08-11_11h47.44.546,CFMT_CCMT_Face_recognition,03.02.2023,Win32,120.4819277,62d7443567d945a729647935,6899c7d7c4c961a016830ad3,6899c95c94acea59e415d213,,,,,,,,,,,,,,,,,,,,,,,,,,,,,,,,,,,,,,,,,,,,,,,,,,,,,,,,,,,,,,,,,,,,,,,,,,,,,,,,,,,,,,,,,,,,,,,,1238.6565,1239.1564,,,,,,,,,,,,,,,,,,,,,,,,,,,,,,,,,,,,,,,,,,,,,,,,,,,,,,,1236.4563,1238.6565,1,0,2.1928,,0,8,8,8,1,stimuli/D12_Noisy_Frontal_HS.jpg,2,,,,,,,,,,,,,,,,,,,,,,,,,,
,,,2025-08-11_11h47.44.546,CFMT_CCMT_Face_recognition,03.02.2023,Win32,120.4819277,62d7443567d945a729647935,6899c7d7c4c961a016830ad3,6899c95c94acea59e415d213,,,,,,,,,,,,,,,,,,,,,,,,,,,,,,,,,,,,,,,,,,,,,,,,,,,,,,,,,,,,,,,,,,,,,,,,,,,,,,,,,,,,,,,,,,,,,,,,1241.5899,1242.09,,,,,,,,,,,,,,,,,,,,,,,,,,,,,,,,,,,,,,,,,,,,,,,,,,,,,,,1239.1565,1241.5899,3,0,2.4291,,0,9,9,9,1,stimuli/Z_11_23_Pro_R.jpg,2,,,,,,,,,,,,,,,,,,,,,,,,,,
,,,2025-08-11_11h47.44.546,CFMT_CCMT_Face_recognition,03.02.2023,Win32,120.4819277,62d7443567d945a729647935,6899c7d7c4c961a016830ad3,6899c95c94acea59e415d213,,,,,,,,,,,,,,,,,,,,,,,,,,,,,,,,,,,,,,,,,,,,,,,,,,,,,,,,,,,,,,,,,,,,,,,,,,,,,,,,,,,,,,,,,,,,,,,,1244.9569,1245.4568,,,,,,,,,,,,,,,,,,,,,,,,,,,,,,,,,,,,,,,,,,,,,,,,,,,,,,,1242.09,1244.9569,1,0,2.8574,,0,10,10,10,1,stimuli/N_10_13_L_Pro_dark.jpg,2,,,,,,,,,,,,,,,,,,,,,,,,,,
,,,2025-08-11_11h47.44.546,CFMT_CCMT_Face_recognition,03.02.2023,Win32,120.4819277,62d7443567d945a729647935,6899c7d7c4c961a016830ad3,6899c95c94acea59e415d213,,,,,,,,,,,,,,,,,,,,,,,,,,,,,,,,,,,,,,,,,,,,,,,,,,,,,,,,,,,,,,,,,,,,,,,,,,,,,,,,,,,,,,,,,,,,,,,,1247.757,1248.2571,,,,,,,,,,,,,,,,,,,,,,,,,,,,,,,,,,,,,,,,,,,,,,,,,,,,,,,1245.457,1247.757,2,1,2.2889,,0,11,11,11,1,stimuli/B9_Noisy_frontal_LS.jpg,2,,,,,,,,,,,,,,,,,,,,,,,,,,
,,,2025-08-11_11h47.44.546,CFMT_CCMT_Face_recognition,03.02.2023,Win32,120.4819277,62d7443567d945a729647935,6899c7d7c4c961a016830ad3,6899c95c94acea59e415d213,,,,,,,,,,,,,,,,,,,,,,,,,,,,,,,,,,,,,,,,,,,,,,,,,,,,,,,,,,,,,,,,,,,,,,,,,,,,,,,,,,,,,,,,,,,,,,,,1250.3656,1250.8657,,,,,,,,,,,,,,,,,,,,,,,,,,,,,,,,,,,,,,,,,,,,,,,,,,,,,,,1248.2572,1250.3656,1,1,2.0985,,0,12,12,12,1,stimuli/M_9_Front_N_LS.jpg,1,,,,,,,,,,,,,,,,,,,,,,,,,,
,,,2025-08-11_11h47.44.546,CFMT_CCMT_Face_recognition,03.02.2023,Win32,120.4819277,62d7443567d945a729647935,6899c7d7c4c961a016830ad3,6899c95c94acea59e415d213,,,,,,,,,,,,,,,,,,,,,,,,,,,,,,,,,,,,,,,,,,,,,,,,,,,,,,,,,,,,,,,,,,,,,,,,,,,,,,,,,,,,,,,,,,,,,,,,1254.0242,1254.5243,,,,,,,,,,,,,,,,,,,,,,,,,,,,,,,,,,,,,,,,,,,,,,,,,,,,,,,1250.8657,1254.0242,2,1,3.1531,,0,13,13,13,1,stimuli/J_9_N_Frontal_50.jpg,2,,,,,,,,,,,,,,,,,,,,,,,,,,
,,,2025-08-11_11h47.44.546,CFMT_CCMT_Face_recognition,03.02.2023,Win32,120.4819277,62d7443567d945a729647935,6899c7d7c4c961a016830ad3,6899c95c94acea59e415d213,,,,,,,,,,,,,,,,,,,,,,,,,,,,,,,,,,,,,,,,,,,,,,,,,,,,,,,,,,,,,,,,,,,,,,,,,,,,,,,,,,,,,,,,,,,,,,,,1257.6245,1258.1245,,,,,,,,,,,,,,,,,,,,,,,,,,,,,,,,,,,,,,,,,,,,,,,,,,,,,,,1254.5244,1257.6245,1,1,3.0951,,0,14,14,14,1,stimuli/N_12_Front_Noisy.jpg,1,,,,,,,,,,,,,,,,,,,,,,,,,,
,,,2025-08-11_11h47.44.546,CFMT_CCMT_Face_recognition,03.02.2023,Win32,120.4819277,62d7443567d945a729647935,6899c7d7c4c961a016830ad3,6899c95c94acea59e415d213,,,,,,,,,,,,,,,,,,,,,,,,,,,,,,,,,,,,,,,,,,,,,,,,,,,,,,,,,,,,,,,,,,,,,,,,,,,,,,,,,,,,,,,,,,,,,,,,1259.8747,1260.3746,,,,,,,,,,,,,,,,,,,,,,,,,,,,,,,,,,,,,,,,,,,,,,,,,,,,,,,1258.1246,1259.8747,2,1,1.7414,,0,15,15,15,1,stimuli/B10_Noisy_13_pro_L.jpg,2,,,,,,,,,,,,,,,,,,,,,,,,,,
,,,2025-08-11_11h47.44.546,CFMT_CCMT_Face_recognition,03.02.2023,Win32,120.4819277,62d7443567d945a729647935,6899c7d7c4c961a016830ad3,6899c95c94acea59e415d213,,,,,,,,,,,,,,,,,,,,,,,,,,,,,,,,,,,,,,,,,,,,,,,,,,,,,,,,,,,,,,,,,,,,,,,,,,,,,,,,,,,,,,,,,,,,,,,,1262.4332,1262.9332,,,,,,,,,,,,,,,,,,,,,,,,,,,,,,,,,,,,,,,,,,,,,,,,,,,,,,,1260.3749,1262.4331,3,1,2.0533,,0,16,16,16,1,stimuli/N_11_23_R_Pro.jpg,3,,,,,,,,,,,,,,,,,,,,,,,,,,
,,,2025-08-11_11h47.44.546,CFMT_CCMT_Face_recognition,03.02.2023,Win32,120.4819277,62d7443567d945a729647935,6899c7d7c4c961a016830ad3,6899c95c94acea59e415d213,,,,,,,,,,,,,,,,,,,,,,,,,,,,,,,,,,,,,,,,,,,,,,,,,,,,,,,,,,,,,,,,,,,,,,,,,,,,,,,,,,,,,,,,,,,,,,,,1264.675,1265.1751,,,,,,,,,,,,,,,,,,,,,,,,,,,,,,,,,,,,,,,,,,,,,,,,,,,,,,,1262.9333,1264.675,1,1,1.7345,,0,17,17,17,1,stimuli/J_10_13_pro_l.jpg,1,,,,,,,,,,,,,,,,,,,,,,,,,,
,,,2025-08-11_11h47.44.546,CFMT_CCMT_Face_recognition,03.02.2023,Win32,120.4819277,62d7443567d945a729647935,6899c7d7c4c961a016830ad3,6899c95c94acea59e415d213,,,,,,,,,,,,,,,,,,,,,,,,,,,,,,,,,,,,,,,,,,,,,,,,,,,,,,,,,,,,,,,,,,,,,,,,,,,,,,,,,,,,,,,,,,,,,,,,1268.0003,1268.5003,,,,,,,,,,,,,,,,,,,,,,,,,,,,,,,,,,,,,,,,,,,,,,,,,,,,,,,1265.1752,1268.0003,1,0,2.8151,,0,18,18,18,1,stimuli/Z_9_Front_Noisy.jpg,3,,,,,,,,,,,,,,,,,,,,,,,,,,
,,,2025-08-11_11h47.44.546,CFMT_CCMT_Face_recognition,03.02.2023,Win32,120.4819277,62d7443567d945a729647935,6899c7d7c4c961a016830ad3,6899c95c94acea59e415d213,,,,,,,,,,,,,,,,,,,,,,,,,,,,,,,,,,,,,,,,,,,,,,,,,,,,,,,,,,,,,,,,,,,,,,,,,,,,,,,,,,,,,,,,,,,,,,,,1270.7088,1271.2127,,,,,,,,,,,,,,,,,,,,,,,,,,,,,,,,,,,,,,,,,,,,,,,,,,,,,,,1268.5005,1270.7088,3,0,2.2008,,0,19,19,19,1,stimuli/D9_Noisy_Frontal_LS.jpg,1,,,,,,,,,,,,,,,,,,,,,,,,,,
,,,2025-08-11_11h47.44.546,CFMT_CCMT_Face_recognition,03.02.2023,Win32,120.4819277,62d7443567d945a729647935,6899c7d7c4c961a016830ad3,6899c95c94acea59e415d213,,,,,,,,,,,,,,,,,,,,,,,,,,,,,,,,,,,,,,,,,,,,,,,,,,,,,,,,,,,,,,,,,,,,,,,,,,,,,,,,,,,,,,,,,,,,,,,,1273.3758,1273.8757,,,,,,,,,,,,,,,,,,,,,,,,,,,,,,,,,,,,,,,,,,,,,,,,,,,,,,,1271.2128,1273.3757,1,1,2.1497,,0,20,20,20,1,stimuli/M_10_N_13_L_Pro_D.jpg,1,,,,,,,,,,,,,,,,,,,,,,,,,,
,,,2025-08-11_11h47.44.546,CFMT_CCMT_Face_recognition,03.02.2023,Win32,120.4819277,62d7443567d945a729647935,6899c7d7c4c961a016830ad3,6899c95c94acea59e415d213,,,,,,,,,,,,,,,,,,,,,,,,,,,,,,,,,,,,,,,,,,,,,,,,,,,,,,,,,,,,,,,,,,,,,,,,,,,,,,,,,,,,,,,,,,,,,,,,1277.4136,1277.9093,,,,,,,,,,,,,,,,,,,,,,,,,,,,,,,,,,,,,,,,,,,,,,,,,,,,,,,1273.8759,1277.4136,1,1,3.5255,,0,21,21,21,1,stimuli/Z_10_13_Pro_L.jpg,1,,,,,,,,,,,,,,,,,,,,,,,,,,
,,,2025-08-11_11h47.44.546,CFMT_CCMT_Face_recognition,03.02.2023,Win32,120.4819277,62d7443567d945a729647935,6899c7d7c4c961a016830ad3,6899c95c94acea59e415d213,,,,,,,,,,,,,,,,,,,,,,,,,,,,,,,,,,,,,,,,,,,,,,,,,,,,,,,,,,,,,,,,,,,,,,,,,,,,,,,,,,,,,,,,,,,,,,,,1279.4429,1279.9429,,,,,,,,,,,,,,,,,,,,,,,,,,,,,,,,,,,,,,,,,,,,,,,,,,,,,,,1277.9096,1279.4428,3,0,1.52,,0,22,22,22,1,stimuli/B11_Noise_23_pro_R.jpg,1,,,,,,,,,,,,,,,,,,,,,,,,,,
,,,2025-08-11_11h47.44.546,CFMT_CCMT_Face_recognition,03.02.2023,Win32,120.4819277,62d7443567d945a729647935,6899c7d7c4c961a016830ad3,6899c95c94acea59e415d213,,,,,,,,,,,,,,,,,,,,,,,,,,,,,,,,,,,,,,,,,,,,,,,,,,,,,,,,,,,,,,,,,,,,,,,,,,,,,,,,,,,,,,,,,,,,,,,,1282.8765,1283.3765,,,,,,,,,,,,,,,,,,,,,,,,,,,,,,,,,,,,,,,,,,,,,,,,,,,,,,,1279.9431,1282.8764,2,0,2.9189,,0,23,23,23,1,stimuli/D11_Noisy_23_profile_R.jpg,3,,,,,,,,,,,,,,,,,,,,,,,,,,
,,,2025-08-11_11h47.44.546,CFMT_CCMT_Face_recognition,03.02.2023,Win32,120.4819277,62d7443567d945a729647935,6899c7d7c4c961a016830ad3,6899c95c94acea59e415d213,,,,,,,,,,,,,,,,,,,,,,,,,,,,,,,,,,,,,,,,,,,,,,,,,,,,,,,,,,,,,,,,,,,,,,,,,,,,,,,,,,,,,,,,,,,,,,,,,,,,,,,,,,,,,,,,,,,,,,,,,,,,,,,,,,,,,,,,,,,,,,,,,,,,,,,,,,,,,,,,,,,,,1283.3767,1283.3772,0,0,0,0,1,conditionsFile_faces/conditionFiles_face.xlsx,Cambridge Face Memory Test,Memorize the face in the next three images.,conditionsFile_faces/Prac_learn.xlsx,conditionsFile_faces/Prac_rec.xlsx,"Which face did you just view? There is only one correct answer. Press 1,2 or 3","In this test, you will learn to recognize six people.",Memorize the following face.,Which face did you just view?,Next you will review the same 6 people for 20 seconds.,Review the faces (20 seconds),stimuli/AA_Review_image.jpg,Now your memory of these faces will be tested.,"In the remaining trials, the correct answer can be any of the six faces.","The incorrect faces are sometimes very similar to the target faces, so be sure to look at each face prior answering.",conditionsFile_faces/conditionsfile_rec_face.xlsx,"To begin memorizing the first face, press the ""space bar"".",,
,,,2025-08-11_11h47.44.546,CFMT_CCMT_Face_recognition,03.02.2023,Win32,120.4819277,62d7443567d945a729647935,6899c7d7c4c961a016830ad3,6899c95c94acea59e415d213,,,,,,,,,,,,,,,,,,,,,,,,,,,,,,,,,,,,,,,,,,,,,,,,,,,,,,,,,,,,,,,,,,,,,,,,,,,,,,,,,,,,,,,,,,1283.3774,1284.7517,1284.7517,1286.6184,1286.6204,1289.6187,1289.6187,1290.1187,0,0,0,0,1,stimuli_car/prac_v1.jpg,,,,,,,,,,,,,,,,,,,,,,,,,,,,,,,,,,,,,,,,,,,,,,,,,,,,,,,,,,,,,,,,,,,,,,,,,,,,,,,,,,,,,,,
,,,2025-08-11_11h47.44.546,CFMT_CCMT_Face_recognition,03.02.2023,Win32,120.4819277,62d7443567d945a729647935,6899c7d7c4c961a016830ad3,6899c95c94acea59e415d213,,,,,,,,,,,,,,,,,,,,,,,,,,,,,,,,,,,,,,,,,,,,,,,,,,,,,,,,,,,,,,,,,,,,,,,,,,,,,,,,,,,,,,,,,,,,,,1290.119,1293.1143,1293.1143,1293.6106,0,1,1,1,1,stimuli_car/prac_v2.jpg,,,,,,,,,,,,,,,,,,,,,,,,,,,,,,,,,,,,,,,,,,,,,,,,,,,,,,,,,,,,,,,,,,,,,,,,,,,,,,,,,,,,,,,
,,,2025-08-11_11h47.44.546,CFMT_CCMT_Face_recognition,03.02.2023,Win32,120.4819277,62d7443567d945a729647935,6899c7d7c4c961a016830ad3,6899c95c94acea59e415d213,,,,,,,,,,,,,,,,,,,,,,,,,,,,,,,,,,,,,,,,,,,,,,,,,,,,,,,,,,,,,,,,,,,,,,,,,,,,,,,,,,,,,,,,,,,,,,1293.6108,1296.6108,1296.6109,1297.1109,0,2,2,2,1,stimuli_car/prac_v3.jpg,,,,,,,,,,,,,,,,,,,,,,,,,,,,,,,,,,,,,,,,,,,,,,,,,,,,,,,,,,,,,,,,,,,,,,,,,,,,,,,,,,,,,,,
,,,2025-08-11_11h47.44.546,CFMT_CCMT_Face_recognition,03.02.2023,Win32,120.4819277,62d7443567d945a729647935,6899c7d7c4c961a016830ad3,6899c95c94acea59e415d213,,,,,,,,,,,,,,,,,,,,,,,,,,,,,,,,,,,,,,,,,,,,,,,,,,,,,,,,,,,,,,,,,,,,,,,,,,,,,,,,,,,,,,,,,,,,,,,,1303.1865,1303.6902,,,,,,,1297.1127,1303.1865,1,1,6.0681,,0,0,0,0,1,stimuli_car/practice_v1.jpg,1,,,,,,,,,,,,,,,,,,,,,,,,,,,,,,,,,,,,,,,,,,,,,,,,,,,,,,,,,,,,,,,,,,,,,,,,,,
,,,2025-08-11_11h47.44.546,CFMT_CCMT_Face_recognition,03.02.2023,Win32,120.4819277,62d7443567d945a729647935,6899c7d7c4c961a016830ad3,6899c95c94acea59e415d213,,,,,,,,,,,,,,,,,,,,,,,,,,,,,,,,,,,,,,,,,,,,,,,,,,,,,,,,,,,,,,,,,,,,,,,,,,,,,,,,,,,,,,,,,,,,,,,,1309.3536,1309.8535,,,,,,,1303.6905,1309.3535,1,1,5.6587,,0,1,1,1,1,stimuli_car/practice_v3.jpg,1,,,,,,,,,,,,,,,,,,,,,,,,,,,,,,,,,,,,,,,,,,,,,,,,,,,,,,,,,,,,,,,,,,,,,,,,,,
,,,2025-08-11_11h47.44.546,CFMT_CCMT_Face_recognition,03.02.2023,Win32,120.4819277,62d7443567d945a729647935,6899c7d7c4c961a016830ad3,6899c95c94acea59e415d213,,,,,,,,,,,,,,,,,,,,,,,,,,,,,,,,,,,,,,,,,,,,,,,,,,,,,,,,,,,,,,,,,,,,,,,,,,,,,,,,,,,,,,,,,,,,,,,,1312.4288,1312.9288,,,,,,,1309.8537,1312.4288,2,1,2.5699,,0,2,2,2,1,stimuli_car/practice_v2.jpg,2,,,,,,,,,,,,,,,,,,,,,,,,,,,,,,,,,,,,,,,,,,,,,,,,,,,,,,,,,,,,,,,,,,,,,,,,,,
,,,2025-08-11_11h47.44.546,CFMT_CCMT_Face_recognition,03.02.2023,Win32,120.4819277,62d7443567d945a729647935,6899c7d7c4c961a016830ad3,6899c95c94acea59e415d213,,,,,,,,,,,,,,,,,,,,,,,,,,,,,,,,,,,,,,,,,,,,,,,,,,,,,,,,,,,,,,,,,,,,,,,,,,,,,,,,,,,,,,,,,,,,,,,,1321.4211,1321.9212,,,,,,,,,,,,,,,,,,,,1312.9288,1317.2291,1317.2311,1317.9208,1318.4209,1321.4211,0,0,0,0,1,stimuli_car/Slide1.jpg,stimuli_car/Slide4.jpg,3,,,,,,,,,,,,,,,,,,,,,,,,,,,,,,,,,,,,,,,,,,,,,,,,,,,,,,,,,,,,
,,,2025-08-11_11h47.44.546,CFMT_CCMT_Face_recognition,03.02.2023,Win32,120.4819277,62d7443567d945a729647935,6899c7d7c4c961a016830ad3,6899c95c94acea59e415d213,,,,,,,,,,,,,,,,,,,,,,,,,,,,,,,,,,,,,,,,,,,,,,,,,,,,,,,,,,,,,,,,,,,,,,,,,,,,,,,,,,,,,,,,,,,,,,,,1325.4214,1325.9215,,,,,,,,,,,,,,,,,,,,,,,,1322.4212,1325.4214,0,1,1,1,1,stimuli_car/Slide2.jpg,stimuli_car/Slide5.jpg,3,,,,,,,,,,,,,,,,,,,,,,,,,,,,,,,,,,,,,,,,,,,,,,,,,,,,,,,,,,,,
,,,2025-08-11_11h47.44.546,CFMT_CCMT_Face_recognition,03.02.2023,Win32,120.4819277,62d7443567d945a729647935,6899c7d7c4c961a016830ad3,6899c95c94acea59e415d213,,,,,,,,,,,,,,,,,,,,,,,,,,,,,,,,,,,,,,,,,,,,,,,,,,,,,,,,,,,,,,,,,,,,,,,,,,,,,,,,,,,,,,,,,,,,,,,,1329.4217,1329.9218,,,,,,,,,,,,,,,,,,,,,,,,1326.4215,1329.4217,0,2,2,2,1,stimuli_car/Slide3.jpg,stimuli_car/Slide6.jpg,2,,,,,,,,,,,,,,,,,,,,,,,,,,,,,,,,,,,,,,,,,,,,,,,,,,,,,,,,,,,,
,,,2025-08-11_11h47.44.546,CFMT_CCMT_Face_recognition,03.02.2023,Win32,120.4819277,62d7443567d945a729647935,6899c7d7c4c961a016830ad3,6899c95c94acea59e415d213,,,,,,,,,,,,,,,,,,,,,,,,,,,,,,,,,,,,,,,,,,,,,,,,,,,,,,,,,,,,,,,,,,,,,,,,,,,,,,,,,,,,,,,,,,,,,,,,1335.3555,1335.8555,,,,,,,,,,,,,,,,,,,,,,,,,,,,,,,stimuli_car/Slide1.jpg,stimuli_car/Slide4.jpg,3,1329.9235,1335.3555,3,1,5.4175,,0,0,0,0,1,,,,,,,,,,,,,,,,,,,,,,,,,,,,,,,,,,,,,,,,,,,,,,,,,
,,,2025-08-11_11h47.44.546,CFMT_CCMT_Face_recognition,03.02.2023,Win32,120.4819277,62d7443567d945a729647935,6899c7d7c4c961a016830ad3,6899c95c94acea59e415d213,,,,,,,,,,,,,,,,,,,,,,,,,,,,,,,,,,,,,,,,,,,,,,,,,,,,,,,,,,,,,,,,,,,,,,,,,,,,,,,,,,,,,,,,,,,,,,,,1339.4515,1339.9475,,,,,,,,,,,,,,,,,,,,,,,,,,,,,,,stimuli_car/Slide2.jpg,stimuli_car/Slide5.jpg,3,1335.8558,1339.4515,3,1,3.583,,0,1,1,1,1,,,,,,,,,,,,,,,,,,,,,,,,,,,,,,,,,,,,,,,,,,,,,,,,,
,,,2025-08-11_11h47.44.546,CFMT_CCMT_Face_recognition,03.02.2023,Win32,120.4819277,62d7443567d945a729647935,6899c7d7c4c961a016830ad3,6899c95c94acea59e415d213,,,,,,,,,,,,,,,,,,,,,,,,,,,,,,,,,,,,,,,,,,,,,,,,,,,,,,,,,,,,,,,,,,,,,,,,,,,,,,,,,,,,,,,,,,,,,,,,1344.4396,1344.9396,,,,,,,,,,,,,,,,,,,,,,,,,,,,,,,stimuli_car/Slide3.jpg,stimuli_car/Slide6.jpg,2,1339.9477,1344.4395,2,1,4.474,,0,2,2,2,1,,,,,,,,,,,,,,,,,,,,,,,,,,,,,,,,,,,,,,,,,,,,,,,,,
,,,2025-08-11_11h47.44.546,CFMT_CCMT_Face_recognition,03.02.2023,Win32,120.4819277,62d7443567d945a729647935,6899c7d7c4c961a016830ad3,6899c95c94acea59e415d213,,,,,,,,,,,,,,,,,,,,,,,,,,,,,,,,,,,,,,,,,,,,,,,,,,,,,,,,,,,,,,,,,,,,,,,,,,,,,,,,,,,,,,,,,,,,,,,,1349.39,1349.8899,,,,,,,,,,,,,,,,,,,,,,1344.9398,1345.8935,1346.3897,1349.39,0,0,0,0,1,stimuli_car/Slide7.jpg,stimuli_car/Slide10.jpg,1,,,,,,,,,,,,,,,,,,,,,,,,,,,,,,,,,,,,,,,,,,,,,,,,,,,,,,,,,,,,
,,,2025-08-11_11h47.44.546,CFMT_CCMT_Face_recognition,03.02.2023,Win32,120.4819277,62d7443567d945a729647935,6899c7d7c4c961a016830ad3,6899c95c94acea59e415d213,,,,,,,,,,,,,,,,,,,,,,,,,,,,,,,,,,,,,,,,,,,,,,,,,,,,,,,,,,,,,,,,,,,,,,,,,,,,,,,,,,,,,,,,,,,,,,,,1353.3942,1353.8902,,,,,,,,,,,,,,,,,,,,,,,,1350.3901,1353.3942,0,1,1,1,1,stimuli_car/Slide8.jpg,stimuli_car/Slide11.jpg,2,,,,,,,,,,,,,,,,,,,,,,,,,,,,,,,,,,,,,,,,,,,,,,,,,,,,,,,,,,,,
,,,2025-08-11_11h47.44.546,CFMT_CCMT_Face_recognition,03.02.2023,Win32,120.4819277,62d7443567d945a729647935,6899c7d7c4c961a016830ad3,6899c95c94acea59e415d213,,,,,,,,,,,,,,,,,,,,,,,,,,,,,,,,,,,,,,,,,,,,,,,,,,,,,,,,,,,,,,,,,,,,,,,,,,,,,,,,,,,,,,,,,,,,,,,,1357.3906,1357.8906,,,,,,,,,,,,,,,,,,,,,,,,1354.3903,1357.3906,0,2,2,2,1,stimuli_car/Slide9.jpg,stimuli_car/Slide12.jpg,1,,,,,,,,,,,,,,,,,,,,,,,,,,,,,,,,,,,,,,,,,,,,,,,,,,,,,,,,,,,,
,,,2025-08-11_11h47.44.546,CFMT_CCMT_Face_recognition,03.02.2023,Win32,120.4819277,62d7443567d945a729647935,6899c7d7c4c961a016830ad3,6899c95c94acea59e415d213,,,,,,,,,,,,,,,,,,,,,,,,,,,,,,,,,,,,,,,,,,,,,,,,,,,,,,,,,,,,,,,,,,,,,,,,,,,,,,,,,,,,,,,,,,,,,,,,1360.9115,1361.4106,,,,,,,,,,,,,,,,,,,,,,,,,,,,,,,stimuli_car/Slide7.jpg,stimuli_car/Slide10.jpg,1,1357.8923,1360.9114,3,0,3.008,,0,0,0,0,1,,,,,,,,,,,,,,,,,,,,,,,,,,,,,,,,,,,,,,,,,,,,,,,,,
,,,2025-08-11_11h47.44.546,CFMT_CCMT_Face_recognition,03.02.2023,Win32,120.4819277,62d7443567d945a729647935,6899c7d7c4c961a016830ad3,6899c95c94acea59e415d213,,,,,,,,,,,,,,,,,,,,,,,,,,,,,,,,,,,,,,,,,,,,,,,,,,,,,,,,,,,,,,,,,,,,,,,,,,,,,,,,,,,,,,,,,,,,,,,,1362.816,1363.316,,,,,,,,,,,,,,,,,,,,,,,,,,,,,,,stimuli_car/Slide8.jpg,stimuli_car/Slide11.jpg,2,1361.4108,1362.816,1,0,1.3912,,0,1,1,1,1,,,,,,,,,,,,,,,,,,,,,,,,,,,,,,,,,,,,,,,,,,,,,,,,,
,,,2025-08-11_11h47.44.546,CFMT_CCMT_Face_recognition,03.02.2023,Win32,120.4819277,62d7443567d945a729647935,6899c7d7c4c961a016830ad3,6899c95c94acea59e415d213,,,,,,,,,,,,,,,,,,,,,,,,,,,,,,,,,,,,,,,,,,,,,,,,,,,,,,,,,,,,,,,,,,,,,,,,,,,,,,,,,,,,,,,,,,,,,,,,1364.5828,1365.0828,,,,,,,,,,,,,,,,,,,,,,,,,,,,,,,stimuli_car/Slide9.jpg,stimuli_car/Slide12.jpg,1,1363.3162,1364.5828,1,1,1.2512,,0,2,2,2,1,,,,,,,,,,,,,,,,,,,,,,,,,,,,,,,,,,,,,,,,,,,,,,,,,
,,,2025-08-11_11h47.44.546,CFMT_CCMT_Face_recognition,03.02.2023,Win32,120.4819277,62d7443567d945a729647935,6899c7d7c4c961a016830ad3,6899c95c94acea59e415d213,,,,,,,,,,,,,,,,,,,,,,,,,,,,,,,,,,,,,,,,,,,,,,,,,,,,,,,,,,,,,,,,,,,,,,,,,,,,,,,,,,,,,,,,,,,,,,,,1369.3248,1369.8248,,,,,,,,,,,,,,,,,,,,,,1365.083,1365.8246,1366.3246,1369.3248,0,0,0,0,1,stimuli_car/Slide13.jpg,stimuli_car/Slide16.jpg,3,,,,,,,,,,,,,,,,,,,,,,,,,,,,,,,,,,,,,,,,,,,,,,,,,,,,,,,,,,,,
,,,2025-08-11_11h47.44.546,CFMT_CCMT_Face_recognition,03.02.2023,Win32,120.4819277,62d7443567d945a729647935,6899c7d7c4c961a016830ad3,6899c95c94acea59e415d213,,,,,,,,,,,,,,,,,,,,,,,,,,,,,,,,,,,,,,,,,,,,,,,,,,,,,,,,,,,,,,,,,,,,,,,,,,,,,,,,,,,,,,,,,,,,,,,,1373.3251,1373.8251,,,,,,,,,,,,,,,,,,,,,,,,1370.3249,1373.3251,0,1,1,1,1,stimuli_car/Slide14.jpg,stimuli_car/Slide17.jpg,1,,,,,,,,,,,,,,,,,,,,,,,,,,,,,,,,,,,,,,,,,,,,,,,,,,,,,,,,,,,,
,,,2025-08-11_11h47.44.546,CFMT_CCMT_Face_recognition,03.02.2023,Win32,120.4819277,62d7443567d945a729647935,6899c7d7c4c961a016830ad3,6899c95c94acea59e415d213,,,,,,,,,,,,,,,,,,,,,,,,,,,,,,,,,,,,,,,,,,,,,,,,,,,,,,,,,,,,,,,,,,,,,,,,,,,,,,,,,,,,,,,,,,,,,,,,1377.3292,1377.8255,,,,,,,,,,,,,,,,,,,,,,,,1374.3252,1377.3292,0,2,2,2,1,stimuli_car/Slide15.jpg,stimuli_car/Slide18.jpg,2,,,,,,,,,,,,,,,,,,,,,,,,,,,,,,,,,,,,,,,,,,,,,,,,,,,,,,,,,,,,
,,,2025-08-11_11h47.44.546,CFMT_CCMT_Face_recognition,03.02.2023,Win32,120.4819277,62d7443567d945a729647935,6899c7d7c4c961a016830ad3,6899c95c94acea59e415d213,,,,,,,,,,,,,,,,,,,,,,,,,,,,,,,,,,,,,,,,,,,,,,,,,,,,,,,,,,,,,,,,,,,,,,,,,,,,,,,,,,,,,,,,,,,,,,,,1385.7178,1386.2178,,,,,,,,,,,,,,,,,,,,,,,,,,,,,,,stimuli_car/Slide13.jpg,stimuli_car/Slide16.jpg,3,1377.827,1385.7178,3,1,7.8744,,0,0,0,0,1,,,,,,,,,,,,,,,,,,,,,,,,,,,,,,,,,,,,,,,,,,,,,,,,,
,,,2025-08-11_11h47.44.546,CFMT_CCMT_Face_recognition,03.02.2023,Win32,120.4819277,62d7443567d945a729647935,6899c7d7c4c961a016830ad3,6899c95c94acea59e415d213,,,,,,,,,,,,,,,,,,,,,,,,,,,,,,,,,,,,,,,,,,,,,,,,,,,,,,,,,,,,,,,,,,,,,,,,,,,,,,,,,,,,,,,,,,,,,,,,1390.3515,1390.8515,,,,,,,,,,,,,,,,,,,,,,,,,,,,,,,stimuli_car/Slide14.jpg,stimuli_car/Slide17.jpg,1,1386.218,1390.3515,1,1,4.1206,,0,1,1,1,1,,,,,,,,,,,,,,,,,,,,,,,,,,,,,,,,,,,,,,,,,,,,,,,,,
,,,2025-08-11_11h47.44.546,CFMT_CCMT_Face_recognition,03.02.2023,Win32,120.4819277,62d7443567d945a729647935,6899c7d7c4c961a016830ad3,6899c95c94acea59e415d213,,,,,,,,,,,,,,,,,,,,,,,,,,,,,,,,,,,,,,,,,,,,,,,,,,,,,,,,,,,,,,,,,,,,,,,,,,,,,,,,,,,,,,,,,,,,,,,,1394.2518,1394.7518,,,,,,,,,,,,,,,,,,,,,,,,,,,,,,,stimuli_car/Slide15.jpg,stimuli_car/Slide18.jpg,2,1390.8516,1394.2517,1,0,3.3833,,0,2,2,2,1,,,,,,,,,,,,,,,,,,,,,,,,,,,,,,,,,,,,,,,,,,,,,,,,,
,,,2025-08-11_11h47.44.546,CFMT_CCMT_Face_recognition,03.02.2023,Win32,120.4819277,62d7443567d945a729647935,6899c7d7c4c961a016830ad3,6899c95c94acea59e415d213,,,,,,,,,,,,,,,,,,,,,,,,,,,,,,,,,,,,,,,,,,,,,,,,,,,,,,,,,,,,,,,,,,,,,,,,,,,,,,,,,,,,,,,,,,,,,,,,1398.9438,1399.4391,,,,,,,,,,,,,,,,,,,,,,1394.752,1395.4435,1395.9435,1398.9438,0,0,0,0,1,stimuli_car/Slide19.jpg,stimuli_car/Slide22.jpg,2,,,,,,,,,,,,,,,,,,,,,,,,,,,,,,,,,,,,,,,,,,,,,,,,,,,,,,,,,,,,
,,,2025-08-11_11h47.44.546,CFMT_CCMT_Face_recognition,03.02.2023,Win32,120.4819277,62d7443567d945a729647935,6899c7d7c4c961a016830ad3,6899c95c94acea59e415d213,,,,,,,,,,,,,,,,,,,,,,,,,,,,,,,,,,,,,,,,,,,,,,,,,,,,,,,,,,,,,,,,,,,,,,,,,,,,,,,,,,,,,,,,,,,,,,,,1402.9359,1403.4358,,,,,,,,,,,,,,,,,,,,,,,,1399.9392,1402.9358,0,1,1,1,1,stimuli_car/Slide20.jpg,stimuli_car/Slide23.jpg,2,,,,,,,,,,,,,,,,,,,,,,,,,,,,,,,,,,,,,,,,,,,,,,,,,,,,,,,,,,,,
,,,2025-08-11_11h47.44.546,CFMT_CCMT_Face_recognition,03.02.2023,Win32,120.4819277,62d7443567d945a729647935,6899c7d7c4c961a016830ad3,6899c95c94acea59e415d213,,,,,,,,,,,,,,,,,,,,,,,,,,,,,,,,,,,,,,,,,,,,,,,,,,,,,,,,,,,,,,,,,,,,,,,,,,,,,,,,,,,,,,,,,,,,,,,,1406.936,1407.4361,,,,,,,,,,,,,,,,,,,,,,,,1403.9358,1406.936,0,2,2,2,1,stimuli_car/Slide21.jpg,stimuli_car/Slide24.jpg,3,,,,,,,,,,,,,,,,,,,,,,,,,,,,,,,,,,,,,,,,,,,,,,,,,,,,,,,,,,,,
,,,2025-08-11_11h47.44.546,CFMT_CCMT_Face_recognition,03.02.2023,Win32,120.4819277,62d7443567d945a729647935,6899c7d7c4c961a016830ad3,6899c95c94acea59e415d213,,,,,,,,,,,,,,,,,,,,,,,,,,,,,,,,,,,,,,,,,,,,,,,,,,,,,,,,,,,,,,,,,,,,,,,,,,,,,,,,,,,,,,,,,,,,,,,,1411.7615,1412.2615,,,,,,,,,,,,,,,,,,,,,,,,,,,,,,,stimuli_car/Slide19.jpg,stimuli_car/Slide22.jpg,2,1407.4382,1411.7614,3,0,4.3075,,0,0,0,0,1,,,,,,,,,,,,,,,,,,,,,,,,,,,,,,,,,,,,,,,,,,,,,,,,,
,,,2025-08-11_11h47.44.546,CFMT_CCMT_Face_recognition,03.02.2023,Win32,120.4819277,62d7443567d945a729647935,6899c7d7c4c961a016830ad3,6899c95c94acea59e415d213,,,,,,,,,,,,,,,,,,,,,,,,,,,,,,,,,,,,,,,,,,,,,,,,,,,,,,,,,,,,,,,,,,,,,,,,,,,,,,,,,,,,,,,,,,,,,,,,1414.9867,1415.4867,,,,,,,,,,,,,,,,,,,,,,,,,,,,,,,stimuli_car/Slide20.jpg,stimuli_car/Slide23.jpg,2,1412.2617,1414.9867,1,0,2.7119,,0,1,1,1,1,,,,,,,,,,,,,,,,,,,,,,,,,,,,,,,,,,,,,,,,,,,,,,,,,
,,,2025-08-11_11h47.44.546,CFMT_CCMT_Face_recognition,03.02.2023,Win32,120.4819277,62d7443567d945a729647935,6899c7d7c4c961a016830ad3,6899c95c94acea59e415d213,,,,,,,,,,,,,,,,,,,,,,,,,,,,,,,,,,,,,,,,,,,,,,,,,,,,,,,,,,,,,,,,,,,,,,,,,,,,,,,,,,,,,,,,,,,,,,,,1418.9789,1419.4787,,,,,,,,,,,,,,,,,,,,,,,,,,,,,,,stimuli_car/Slide21.jpg,stimuli_car/Slide24.jpg,3,1415.4869,1418.9789,3,1,3.4792,,0,2,2,2,1,,,,,,,,,,,,,,,,,,,,,,,,,,,,,,,,,,,,,,,,,,,,,,,,,
,,,2025-08-11_11h47.44.546,CFMT_CCMT_Face_recognition,03.02.2023,Win32,120.4819277,62d7443567d945a729647935,6899c7d7c4c961a016830ad3,6899c95c94acea59e415d213,,,,,,,,,,,,,,,,,,,,,,,,,,,,,,,,,,,,,,,,,,,,,,,,,,,,,,,,,,,,,,,,,,,,,,,,,,,,,,,,,,,,,,,,,,,,,,,,1423.8208,1424.3208,,,,,,,,,,,,,,,,,,,,,,1419.4789,1420.3205,1420.8205,1423.8207,0,0,0,0,1,stimuli_car/Slide25.jpg,stimuli_car/Slide28.jpg,2,,,,,,,,,,,,,,,,,,,,,,,,,,,,,,,,,,,,,,,,,,,,,,,,,,,,,,,,,,,,
,,,2025-08-11_11h47.44.546,CFMT_CCMT_Face_recognition,03.02.2023,Win32,120.4819277,62d7443567d945a729647935,6899c7d7c4c961a016830ad3,6899c95c94acea59e415d213,,,,,,,,,,,,,,,,,,,,,,,,,,,,,,,,,,,,,,,,,,,,,,,,,,,,,,,,,,,,,,,,,,,,,,,,,,,,,,,,,,,,,,,,,,,,,,,,1427.8211,1428.3211,,,,,,,,,,,,,,,,,,,,,,,,1424.8208,1427.8211,0,1,1,1,1,stimuli_car/Slide26.jpg,stimuli_car/Slide29.jpg,1,,,,,,,,,,,,,,,,,,,,,,,,,,,,,,,,,,,,,,,,,,,,,,,,,,,,,,,,,,,,
,,,2025-08-11_11h47.44.546,CFMT_CCMT_Face_recognition,03.02.2023,Win32,120.4819277,62d7443567d945a729647935,6899c7d7c4c961a016830ad3,6899c95c94acea59e415d213,,,,,,,,,,,,,,,,,,,,,,,,,,,,,,,,,,,,,,,,,,,,,,,,,,,,,,,,,,,,,,,,,,,,,,,,,,,,,,,,,,,,,,,,,,,,,,,,1431.8214,1432.3214,,,,,,,,,,,,,,,,,,,,,,,,1428.8211,1431.8214,0,2,2,2,1,stimuli_car/Slide27.jpg,stimuli_car/Slide30.jpg,3,,,,,,,,,,,,,,,,,,,,,,,,,,,,,,,,,,,,,,,,,,,,,,,,,,,,,,,,,,,,
,,,2025-08-11_11h47.44.546,CFMT_CCMT_Face_recognition,03.02.2023,Win32,120.4819277,62d7443567d945a729647935,6899c7d7c4c961a016830ad3,6899c95c94acea59e415d213,,,,,,,,,,,,,,,,,,,,,,,,,,,,,,,,,,,,,,,,,,,,,,,,,,,,,,,,,,,,,,,,,,,,,,,,,,,,,,,,,,,,,,,,,,,,,,,,1437.9718,1438.4718,,,,,,,,,,,,,,,,,,,,,,,,,,,,,,,stimuli_car/Slide25.jpg,stimuli_car/Slide28.jpg,2,1432.3228,1437.9718,2,1,5.6326,,0,0,0,0,1,,,,,,,,,,,,,,,,,,,,,,,,,,,,,,,,,,,,,,,,,,,,,,,,,
,,,2025-08-11_11h47.44.546,CFMT_CCMT_Face_recognition,03.02.2023,Win32,120.4819277,62d7443567d945a729647935,6899c7d7c4c961a016830ad3,6899c95c94acea59e415d213,,,,,,,,,,,,,,,,,,,,,,,,,,,,,,,,,,,,,,,,,,,,,,,,,,,,,,,,,,,,,,,,,,,,,,,,,,,,,,,,,,,,,,,,,,,,,,,,1441.7304,1442.2305,,,,,,,,,,,,,,,,,,,,,,,,,,,,,,,stimuli_car/Slide26.jpg,stimuli_car/Slide29.jpg,1,1438.472,1441.7304,1,1,3.2407,,0,1,1,1,1,,,,,,,,,,,,,,,,,,,,,,,,,,,,,,,,,,,,,,,,,,,,,,,,,
,,,2025-08-11_11h47.44.546,CFMT_CCMT_Face_recognition,03.02.2023,Win32,120.4819277,62d7443567d945a729647935,6899c7d7c4c961a016830ad3,6899c95c94acea59e415d213,,,,,,,,,,,,,,,,,,,,,,,,,,,,,,,,,,,,,,,,,,,,,,,,,,,,,,,,,,,,,,,,,,,,,,,,,,,,,,,,,,,,,,,,,,,,,,,,1444.889,1445.389,,,,,,,,,,,,,,,,,,,,,,,,,,,,,,,stimuli_car/Slide27.jpg,stimuli_car/Slide30.jpg,3,1442.2307,1444.889,2,0,2.6425,,0,2,2,2,1,,,,,,,,,,,,,,,,,,,,,,,,,,,,,,,,,,,,,,,,,,,,,,,,,
,,,2025-08-11_11h47.44.546,CFMT_CCMT_Face_recognition,03.02.2023,Win32,120.4819277,62d7443567d945a729647935,6899c7d7c4c961a016830ad3,6899c95c94acea59e415d213,,,,,,,,,,,,,,,,,,,,,,,,,,,,,,,,,,,,,,,,,,,,,,,,,,,,,,,,,,,,,,,,,,,,,,,,,,,,,,,,,,,,,,,,,,,,,,,,1449.6811,1450.1811,,,,,,,,,,,,,,,,,,,,,,1445.3892,1446.1808,1446.6808,1449.6811,0,0,0,0,1,stimuli_car/Slide31.jpg,stimuli_car/Slide34.jpg,1,,,,,,,,,,,,,,,,,,,,,,,,,,,,,,,,,,,,,,,,,,,,,,,,,,,,,,,,,,,,
,,,2025-08-11_11h47.44.546,CFMT_CCMT_Face_recognition,03.02.2023,Win32,120.4819277,62d7443567d945a729647935,6899c7d7c4c961a016830ad3,6899c95c94acea59e415d213,,,,,,,,,,,,,,,,,,,,,,,,,,,,,,,,,,,,,,,,,,,,,,,,,,,,,,,,,,,,,,,,,,,,,,,,,,,,,,,,,,,,,,,,,,,,,,,,1453.6814,1454.1814,,,,,,,,,,,,,,,,,,,,,,,,1450.6811,1453.6814,0,1,1,1,1,stimuli_car/Slide32.jpg,stimuli_car/Slide35.jpg,2,,,,,,,,,,,,,,,,,,,,,,,,,,,,,,,,,,,,,,,,,,,,,,,,,,,,,,,,,,,,
,,,2025-08-11_11h47.44.546,CFMT_CCMT_Face_recognition,03.02.2023,Win32,120.4819277,62d7443567d945a729647935,6899c7d7c4c961a016830ad3,6899c95c94acea59e415d213,,,,,,,,,,,,,,,,,,,,,,,,,,,,,,,,,,,,,,,,,,,,,,,,,,,,,,,,,,,,,,,,,,,,,,,,,,,,,,,,,,,,,,,,,,,,,,,,1457.6817,1458.1817,,,,,,,,,,,,,,,,,,,,,,,,1454.6815,1457.6817,0,2,2,2,1,stimuli_car/Slide33.jpg,stimuli_car/Slide36.jpg,3,,,,,,,,,,,,,,,,,,,,,,,,,,,,,,,,,,,,,,,,,,,,,,,,,,,,,,,,,,,,
,,,2025-08-11_11h47.44.546,CFMT_CCMT_Face_recognition,03.02.2023,Win32,120.4819277,62d7443567d945a729647935,6899c7d7c4c961a016830ad3,6899c95c94acea59e415d213,,,,,,,,,,,,,,,,,,,,,,,,,,,,,,,,,,,,,,,,,,,,,,,,,,,,,,,,,,,,,,,,,,,,,,,,,,,,,,,,,,,,,,,,,,,,,,,,1463.5489,1464.0488,,,,,,,,,,,,,,,,,,,,,,,,,,,,,,,stimuli_car/Slide31.jpg,stimuli_car/Slide34.jpg,1,1458.1838,1463.5488,1,1,5.3495,,0,0,0,0,1,,,,,,,,,,,,,,,,,,,,,,,,,,,,,,,,,,,,,,,,,,,,,,,,,
,,,2025-08-11_11h47.44.546,CFMT_CCMT_Face_recognition,03.02.2023,Win32,120.4819277,62d7443567d945a729647935,6899c7d7c4c961a016830ad3,6899c95c94acea59e415d213,,,,,,,,,,,,,,,,,,,,,,,,,,,,,,,,,,,,,,,,,,,,,,,,,,,,,,,,,,,,,,,,,,,,,,,,,,,,,,,,,,,,,,,,,,,,,,,,1465.7073,1466.2073,,,,,,,,,,,,,,,,,,,,,,,,,,,,,,,stimuli_car/Slide32.jpg,stimuli_car/Slide35.jpg,2,1464.049,1465.7073,1,0,1.6427,,0,1,1,1,1,,,,,,,,,,,,,,,,,,,,,,,,,,,,,,,,,,,,,,,,,,,,,,,,,
,,,2025-08-11_11h47.44.546,CFMT_CCMT_Face_recognition,03.02.2023,Win32,120.4819277,62d7443567d945a729647935,6899c7d7c4c961a016830ad3,6899c95c94acea59e415d213,,,,,,,,,,,,,,,,,,,,,,,,,,,,,,,,,,,,,,,,,,,,,,,,,,,,,,,,,,,,,,,,,,,,,,,,,,,,,,,,,,,,,,,,,,,,,,,,1469.1576,1469.6575,,,,,,,,,,,,,,,,,,,,,,,,,,,,,,,stimuli_car/Slide33.jpg,stimuli_car/Slide36.jpg,3,1466.2075,1469.1576,2,0,2.9327,,0,2,2,2,1,,,,,,,,,,,,,,,,,,,,,,,,,,,,,,,,,,,,,,,,,,,,,,,,,
,,,2025-08-11_11h47.44.546,CFMT_CCMT_Face_recognition,03.02.2023,Win32,120.4819277,62d7443567d945a729647935,6899c7d7c4c961a016830ad3,6899c95c94acea59e415d213,,,,,,,,,,,,,,,,,,,,,,,,,,,,,,,,,,,,,,,,,,,,,,,,,,,,,,,,,,,,,,,,,,,,,,,,,,,,,,,,,,,,,,,,,,,,,,,,1501.3934,1501.8935,,,,,,,,,,,,,,,,,,,,,,,,,,,,,,,,,,,,,,,,,,,,,1469.6577,1471.4828,1471.9828,1491.9843,1492.4844,1495.8764,1496.3782,1496.3787,1496.3789,1496.3789,1496.3804,1501.3934,2,1,4.9996,,0,0,0,0,1,stimuli_car/Slide38.jpg,2,,,,,,,,,,,,,,,,,,,,,,,,,,
,,,2025-08-11_11h47.44.546,CFMT_CCMT_Face_recognition,03.02.2023,Win32,120.4819277,62d7443567d945a729647935,6899c7d7c4c961a016830ad3,6899c95c94acea59e415d213,,,,,,,,,,,,,,,,,,,,,,,,,,,,,,,,,,,,,,,,,,,,,,,,,,,,,,,,,,,,,,,,,,,,,,,,,,,,,,,,,,,,,,,,,,,,,,,,1505.1187,1505.6187,,,,,,,,,,,,,,,,,,,,,,,,,,,,,,,,,,,,,,,,,,,,,,,,,,,,,,,1501.8936,1505.1186,2,0,3.211,,0,1,1,1,1,stimuli_car/Slide39.jpg,1,,,,,,,,,,,,,,,,,,,,,,,,,,
,,,2025-08-11_11h47.44.546,CFMT_CCMT_Face_recognition,03.02.2023,Win32,120.4819277,62d7443567d945a729647935,6899c7d7c4c961a016830ad3,6899c95c94acea59e415d213,,,,,,,,,,,,,,,,,,,,,,,,,,,,,,,,,,,,,,,,,,,,,,,,,,,,,,,,,,,,,,,,,,,,,,,,,,,,,,,,,,,,,,,,,,,,,,,,1509.8024,1510.3024,,,,,,,,,,,,,,,,,,,,,,,,,,,,,,,,,,,,,,,,,,,,,,,,,,,,,,,1505.6188,1509.8023,3,0,4.1665,,0,2,2,2,1,stimuli_car/Slide40.jpg,1,,,,,,,,,,,,,,,,,,,,,,,,,,
,,,2025-08-11_11h47.44.546,CFMT_CCMT_Face_recognition,03.02.2023,Win32,120.4819277,62d7443567d945a729647935,6899c7d7c4c961a016830ad3,6899c95c94acea59e415d213,,,,,,,,,,,,,,,,,,,,,,,,,,,,,,,,,,,,,,,,,,,,,,,,,,,,,,,,,,,,,,,,,,,,,,,,,,,,,,,,,,,,,,,,,,,,,,,,1512.6943,1513.1943,,,,,,,,,,,,,,,,,,,,,,,,,,,,,,,,,,,,,,,,,,,,,,,,,,,,,,,1510.3025,1512.6943,1,0,2.3789,,0,3,3,3,1,stimuli_car/Slide41.jpg,3,,,,,,,,,,,,,,,,,,,,,,,,,,
,,,2025-08-11_11h47.44.546,CFMT_CCMT_Face_recognition,03.02.2023,Win32,120.4819277,62d7443567d945a729647935,6899c7d7c4c961a016830ad3,6899c95c94acea59e415d213,,,,,,,,,,,,,,,,,,,,,,,,,,,,,,,,,,,,,,,,,,,,,,,,,,,,,,,,,,,,,,,,,,,,,,,,,,,,,,,,,,,,,,,,,,,,,,,,1516.4946,1516.9945,,,,,,,,,,,,,,,,,,,,,,,,,,,,,,,,,,,,,,,,,,,,,,,,,,,,,,,1513.1945,1516.4946,2,1,3.2825,,0,4,4,4,1,stimuli_car/Slide42.jpg,2,,,,,,,,,,,,,,,,,,,,,,,,,,
,,,2025-08-11_11h47.44.546,CFMT_CCMT_Face_recognition,03.02.2023,Win32,120.4819277,62d7443567d945a729647935,6899c7d7c4c961a016830ad3,6899c95c94acea59e415d213,,,,,,,,,,,,,,,,,,,,,,,,,,,,,,,,,,,,,,,,,,,,,,,,,,,,,,,,,,,,,,,,,,,,,,,,,,,,,,,,,,,,,,,,,,,,,,,,1519.8449,1520.3449,,,,,,,,,,,,,,,,,,,,,,,,,,,,,,,,,,,,,,,,,,,,,,,,,,,,,,,1516.9948,1519.8449,3,0,2.8324,,0,5,5,5,1,stimuli_car/Slide43.jpg,1,,,,,,,,,,,,,,,,,,,,,,,,,,
,,,2025-08-11_11h47.44.546,CFMT_CCMT_Face_recognition,03.02.2023,Win32,120.4819277,62d7443567d945a729647935,6899c7d7c4c961a016830ad3,6899c95c94acea59e415d213,,,,,,,,,,,,,,,,,,,,,,,,,,,,,,,,,,,,,,,,,,,,,,,,,,,,,,,,,,,,,,,,,,,,,,,,,,,,,,,,,,,,,,,,,,,,,,,,1522.9951,1523.4951,,,,,,,,,,,,,,,,,,,,,,,,,,,,,,,,,,,,,,,,,,,,,,,,,,,,,,,1520.345,1522.9951,3,1,2.6336,,0,6,6,6,1,stimuli_car/Slide44.jpg,3,,,,,,,,,,,,,,,,,,,,,,,,,,
,,,2025-08-11_11h47.44.546,CFMT_CCMT_Face_recognition,03.02.2023,Win32,120.4819277,62d7443567d945a729647935,6899c7d7c4c961a016830ad3,6899c95c94acea59e415d213,,,,,,,,,,,,,,,,,,,,,,,,,,,,,,,,,,,,,,,,,,,,,,,,,,,,,,,,,,,,,,,,,,,,,,,,,,,,,,,,,,,,,,,,,,,,,,,,1525.5536,1526.0537,,,,,,,,,,,,,,,,,,,,,,,,,,,,,,,,,,,,,,,,,,,,,,,,,,,,,,,1523.4952,1525.5536,1,1,2.0438,,0,7,7,7,1,stimuli_car/Slide45.jpg,1,,,,,,,,,,,,,,,,,,,,,,,,,,
,,,2025-08-11_11h47.44.546,CFMT_CCMT_Face_recognition,03.02.2023,Win32,120.4819277,62d7443567d945a729647935,6899c7d7c4c961a016830ad3,6899c95c94acea59e415d213,,,,,,,,,,,,,,,,,,,,,,,,,,,,,,,,,,,,,,,,,,,,,,,,,,,,,,,,,,,,,,,,,,,,,,,,,,,,,,,,,,,,,,,,,,,,,,,,1528.4371,1528.9373,,,,,,,,,,,,,,,,,,,,,,,,,,,,,,,,,,,,,,,,,,,,,,,,,,,,,,,1526.054,1528.4371,1,1,2.3658,,0,8,8,8,1,stimuli_car/Slide46.jpg,1,,,,,,,,,,,,,,,,,,,,,,,,,,
,,,2025-08-11_11h47.44.546,CFMT_CCMT_Face_recognition,03.02.2023,Win32,120.4819277,62d7443567d945a729647935,6899c7d7c4c961a016830ad3,6899c95c94acea59e415d213,,,,,,,,,,,,,,,,,,,,,,,,,,,,,,,,,,,,,,,,,,,,,,,,,,,,,,,,,,,,,,,,,,,,,,,,,,,,,,,,,,,,,,,,,,,,,,,,1532.1625,1532.6625,,,,,,,,,,,,,,,,,,,,,,,,,,,,,,,,,,,,,,,,,,,,,,,,,,,,,,,1528.9375,1532.1625,3,1,3.2106,,0,9,9,9,1,stimuli_car/Slide47.jpg,3,,,,,,,,,,,,,,,,,,,,,,,,,,
,,,2025-08-11_11h47.44.546,CFMT_CCMT_Face_recognition,03.02.2023,Win32,120.4819277,62d7443567d945a729647935,6899c7d7c4c961a016830ad3,6899c95c94acea59e415d213,,,,,,,,,,,,,,,,,,,,,,,,,,,,,,,,,,,,,,,,,,,,,,,,,,,,,,,,,,,,,,,,,,,,,,,,,,,,,,,,,,,,,,,,,,,,,,,,1535.0877,1535.5877,,,,,,,,,,,,,,,,,,,,,,,,,,,,,,,,,,,,,,,,,,,,,,,,,,,,,,,1532.6626,1535.0877,3,1,2.4074,,0,10,10,10,1,stimuli_car/Slide48.jpg,3,,,,,,,,,,,,,,,,,,,,,,,,,,
,,,2025-08-11_11h47.44.546,CFMT_CCMT_Face_recognition,03.02.2023,Win32,120.4819277,62d7443567d945a729647935,6899c7d7c4c961a016830ad3,6899c95c94acea59e415d213,,,,,,,,,,,,,,,,,,,,,,,,,,,,,,,,,,,,,,,,,,,,,,,,,,,,,,,,,,,,,,,,,,,,,,,,,,,,,,,,,,,,,,,,,,,,,,,,1537.9629,1538.4629,,,,,,,,,,,,,,,,,,,,,,,,,,,,,,,,,,,,,,,,,,,,,,,,,,,,,,,1535.5879,1537.9629,3,1,2.3607,,0,11,11,11,1,stimuli_car/Slide49.jpg,3,,,,,,,,,,,,,,,,,,,,,,,,,,
,,,2025-08-11_11h47.44.546,CFMT_CCMT_Face_recognition,03.02.2023,Win32,120.4819277,62d7443567d945a729647935,6899c7d7c4c961a016830ad3,6899c95c94acea59e415d213,,,,,,,,,,,,,,,,,,,,,,,,,,,,,,,,,,,,,,,,,,,,,,,,,,,,,,,,,,,,,,,,,,,,,,,,,,,,,,,,,,,,,,,,,,,,,,,,1541.1715,1541.6752,,,,,,,,,,,,,,,,,,,,,,,,,,,,,,,,,,,,,,,,,,,,,,,,,,,,,,,1538.4631,1541.1714,3,0,2.6939,,0,12,12,12,1,stimuli_car/Slide50.jpg,2,,,,,,,,,,,,,,,,,,,,,,,,,,
,,,2025-08-11_11h47.44.546,CFMT_CCMT_Face_recognition,03.02.2023,Win32,120.4819277,62d7443567d945a729647935,6899c7d7c4c961a016830ad3,6899c95c94acea59e415d213,,,,,,,,,,,,,,,,,,,,,,,,,,,,,,,,,,,,,,,,,,,,,,,,,,,,,,,,,,,,,,,,,,,,,,,,,,,,,,,,,,,,,,,,,,,,,,,,1543.58,1544.08,,,,,,,,,,,,,,,,,,,,,,,,,,,,,,,,,,,,,,,,,,,,,,,,,,,,,,,1541.6754,1543.5799,1,0,1.8933,,0,13,13,13,1,stimuli_car/Slide51.jpg,2,,,,,,,,,,,,,,,,,,,,,,,,,,
,,,2025-08-11_11h47.44.546,CFMT_CCMT_Face_recognition,03.02.2023,Win32,120.4819277,62d7443567d945a729647935,6899c7d7c4c961a016830ad3,6899c95c94acea59e415d213,,,,,,,,,,,,,,,,,,,,,,,,,,,,,,,,,,,,,,,,,,,,,,,,,,,,,,,,,,,,,,,,,,,,,,,,,,,,,,,,,,,,,,,,,,,,,,,,1548.2054,1548.7054,,,,,,,,,,,,,,,,,,,,,,,,,,,,,,,,,,,,,,,,,,,,,,,,,,,,,,,1544.0802,1548.2053,3,1,4.1097,,0,14,14,14,1,stimuli_car/Slide52.jpg,3,,,,,,,,,,,,,,,,,,,,,,,,,,
,,,2025-08-11_11h47.44.546,CFMT_CCMT_Face_recognition,03.02.2023,Win32,120.4819277,62d7443567d945a729647935,6899c7d7c4c961a016830ad3,6899c95c94acea59e415d213,,,,,,,,,,,,,,,,,,,,,,,,,,,,,,,,,,,,,,,,,,,,,,,,,,,,,,,,,,,,,,,,,,,,,,,,,,,,,,,,,,,,,,,,,,,,,,,,1552.3474,1552.8474,,,,,,,,,,,,,,,,,,,,,,,,,,,,,,,,,,,,,,,,,,,,,,,,,,,,,,,1548.7056,1552.3474,3,0,3.6288,,0,15,15,15,1,stimuli_car/Slide53.jpg,2,,,,,,,,,,,,,,,,,,,,,,,,,,
,,,2025-08-11_11h47.44.546,CFMT_CCMT_Face_recognition,03.02.2023,Win32,120.4819277,62d7443567d945a729647935,6899c7d7c4c961a016830ad3,6899c95c94acea59e415d213,,,,,,,,,,,,,,,,,,,,,,,,,,,,,,,,,,,,,,,,,,,,,,,,,,,,,,,,,,,,,,,,,,,,,,,,,,,,,,,,,,,,,,,,,,,,,,,,1557.7645,1558.2645,,,,,,,,,,,,,,,,,,,,,,,,,,,,,,,,,,,,,,,,,,,,,,,,,,,,,,,1552.8475,1557.7645,2,0,4.9036,,0,16,16,16,1,stimuli_car/Slide54.jpg,1,,,,,,,,,,,,,,,,,,,,,,,,,,
,,,2025-08-11_11h47.44.546,CFMT_CCMT_Face_recognition,03.02.2023,Win32,120.4819277,62d7443567d945a729647935,6899c7d7c4c961a016830ad3,6899c95c94acea59e415d213,,,,,,,,,,,,,,,,,,,,,,,,,,,,,,,,,,,,,,,,,,,,,,,,,,,,,,,,,,,,,,,,,,,,,,,,,,,,,,,,,,,,,,,,,,,,,,,,1561.5065,1562.0102,,,,,,,,,,,,,,,,,,,,,,,,,,,,,,,,,,,,,,,,,,,,,,,,,,,,,,,1558.2646,1561.5064,2,0,3.2243,,0,17,17,17,1,stimuli_car/Slide55.jpg,1,,,,,,,,,,,,,,,,,,,,,,,,,,
,,,2025-08-11_11h47.44.546,CFMT_CCMT_Face_recognition,03.02.2023,Win32,120.4819277,62d7443567d945a729647935,6899c7d7c4c961a016830ad3,6899c95c94acea59e415d213,,,,,,,,,,,,,,,,,,,,,,,,,,,,,,,,,,,,,,,,,,,,,,,,,,,,,,,,,,,,,,,,,,,,,,,,,,,,,,,,,,,,,,,,,,,,,,,,1565.4734,1565.9733,,,,,,,,,,,,,,,,,,,,,,,,,,,,,,,,,,,,,,,,,,,,,,,,,,,,,,,1562.0103,1565.4734,3,0,3.449,,0,18,18,18,1,stimuli_car/Slide56.jpg,2,,,,,,,,,,,,,,,,,,,,,,,,,,
,,,2025-08-11_11h47.44.546,CFMT_CCMT_Face_recognition,03.02.2023,Win32,120.4819277,62d7443567d945a729647935,6899c7d7c4c961a016830ad3,6899c95c94acea59e415d213,,,,,,,,,,,,,,,,,,,,,,,,,,,,,,,,,,,,,,,,,,,,,,,,,,,,,,,,,,,,,,,,,,,,,,,,,,,,,,,,,,,,,,,,,,,,,,,,1568.4903,1568.9905,,,,,,,,,,,,,,,,,,,,,,,,,,,,,,,,,,,,,,,,,,,,,,,,,,,,,,,1565.9736,1568.4903,1,1,2.4992,,0,19,19,19,1,stimuli_car/Slide57.jpg,1,,,,,,,,,,,,,,,,,,,,,,,,,,
,,,2025-08-11_11h47.44.546,CFMT_CCMT_Face_recognition,03.02.2023,Win32,120.4819277,62d7443567d945a729647935,6899c7d7c4c961a016830ad3,6899c95c94acea59e415d213,,,,,,,,,,,,,,,,,,,,,,,,,,,,,,,,,,,,,,,,,,,,,,,,,,,,,,,,,,,,,,,,,,,,,,,,,,,,,,,,,,,,,,,,,,,,,,,,1573.0323,1573.5323,,,,,,,,,,,,,,,,,,,,,,,,,,,,,,,,,,,,,,,,,,,,,,,,,,,,,,,1568.9907,1573.0323,3,0,4.0261,,0,20,20,20,1,stimuli_car/Slide58.jpg,1,,,,,,,,,,,,,,,,,,,,,,,,,,
,,,2025-08-11_11h47.44.546,CFMT_CCMT_Face_recognition,03.02.2023,Win32,120.4819277,62d7443567d945a729647935,6899c7d7c4c961a016830ad3,6899c95c94acea59e415d213,,,,,,,,,,,,,,,,,,,,,,,,,,,,,,,,,,,,,,,,,,,,,,,,,,,,,,,,,,,,,,,,,,,,,,,,,,,,,,,,,,,,,,,,,,,,,,,,1576.8492,1577.3493,,,,,,,,,,,,,,,,,,,,,,,,,,,,,,,,,,,,,,,,,,,,,,,,,,,,,,,1573.5325,1576.8492,3,0,3.3008,,0,21,21,21,1,stimuli_car/Slide59.jpg,1,,,,,,,,,,,,,,,,,,,,,,,,,,
,,,2025-08-11_11h47.44.546,CFMT_CCMT_Face_recognition,03.02.2023,Win32,120.4819277,62d7443567d945a729647935,6899c7d7c4c961a016830ad3,6899c95c94acea59e415d213,,,,,,,,,,,,,,,,,,,,,,,,,,,,,,,,,,,,,,,,,,,,,,,,,,,,,,,,,,,,,,,,,,,,,,,,,,,,,,,,,,,,,,,,,,,,,,,,1580.0245,1580.5282,,,,,,,,,,,,,,,,,,,,,,,,,,,,,,,,,,,,,,,,,,,,,,,,,,,,,,,1577.3494,1580.0245,2,0,2.6602,,0,22,22,22,1,stimuli_car/Slide60.jpg,3,,,,,,,,,,,,,,,,,,,,,,,,,,
,,,2025-08-11_11h47.44.546,CFMT_CCMT_Face_recognition,03.02.2023,Win32,120.4819277,62d7443567d945a729647935,6899c7d7c4c961a016830ad3,6899c95c94acea59e415d213,,,,,,,,,,,,,,,,,,,,,,,,,,,,,,,,,,,,,,,,,,,,,,,,,,,,,,,,,,,,,,,,,,,,,,,,,,,,,,,,,,,,,,,,,,,,,,,,1582.8413,1583.3414,,,,,,,,,,,,,,,,,,,,,,,,,,,,,,,,,,,,,,,,,,,,,,,,,,,,,,,1580.5284,1582.8413,1,0,2.3009,,0,23,23,23,1,stimuli_car/Slide61.jpg,2,,,,,,,,,,,,,,,,,,,,,,,,,,
,,,2025-08-11_11h47.44.546,CFMT_CCMT_Face_recognition,03.02.2023,Win32,120.4819277,62d7443567d945a729647935,6899c7d7c4c961a016830ad3,6899c95c94acea59e415d213,,,,,,,,,,,,,,,,,,,,,,,,,,,,,,,,,,,,,,,,,,,,,,,,,,,,,,,,,,,,,,,,,,,,,,,,,,,,,,,,,,,,,,,,,,,,,,,,1586.4001,1586.9,,,,,,,,,,,,,,,,,,,,,,,,,,,,,,,,,,,,,,,,,,,,,,,,,,,,,,,1583.3416,1586.4001,1,0,3.0449,,0,24,24,24,1,stimuli_car/Slide62.jpg,2,,,,,,,,,,,,,,,,,,,,,,,,,,
,,,2025-08-11_11h47.44.546,CFMT_CCMT_Face_recognition,03.02.2023,Win32,120.4819277,62d7443567d945a729647935,6899c7d7c4c961a016830ad3,6899c95c94acea59e415d213,,,,,,,,,,,,,,,,,,,,,,,,,,,,,,,,,,,,,,,,,,,,,,,,,,,,,,,,,,,,,,,,,,,,,,,,,,,,,,,,,,,,,,,,,,,,,,,,1589.1419,1589.6419,,,,,,,,,,,,,,,,,,,,,,,,,,,,,,,,,,,,,,,,,,,,,,,,,,,,,,,1586.9002,1589.1419,2,0,2.2241,,0,25,25,25,1,stimuli_car/Slide63.jpg,3,,,,,,,,,,,,,,,,,,,,,,,,,,
,,,2025-08-11_11h47.44.546,CFMT_CCMT_Face_recognition,03.02.2023,Win32,120.4819277,62d7443567d945a729647935,6899c7d7c4c961a016830ad3,6899c95c94acea59e415d213,,,,,,,,,,,,,,,,,,,,,,,,,,,,,,,,,,,,,,,,,,,,,,,,,,,,,,,,,,,,,,,,,,,,,,,,,,,,,,,,,,,,,,,,,,,,,,,,1591.7087,1592.2087,,,,,,,,,,,,,,,,,,,,,,,,,,,,,,,,,,,,,,,,,,,,,,,,,,,,,,,1589.642,1591.7087,2,1,2.0492,,0,26,26,26,1,stimuli_car/Slide64.jpg,2,,,,,,,,,,,,,,,,,,,,,,,,,,
,,,2025-08-11_11h47.44.546,CFMT_CCMT_Face_recognition,03.02.2023,Win32,120.4819277,62d7443567d945a729647935,6899c7d7c4c961a016830ad3,6899c95c94acea59e415d213,,,,,,,,,,,,,,,,,,,,,,,,,,,,,,,,,,,,,,,,,,,,,,,,,,,,,,,,,,,,,,,,,,,,,,,,,,,,,,,,,,,,,,,,,,,,,,,,1594.8256,1595.3257,,,,,,,,,,,,,,,,,,,,,,,,,,,,,,,,,,,,,,,,,,,,,,,,,,,,,,,1592.2089,1594.8256,2,1,2.6026,,0,27,27,27,1,stimuli_car/Slide65.jpg,2,,,,,,,,,,,,,,,,,,,,,,,,,,
,,,2025-08-11_11h47.44.546,CFMT_CCMT_Face_recognition,03.02.2023,Win32,120.4819277,62d7443567d945a729647935,6899c7d7c4c961a016830ad3,6899c95c94acea59e415d213,,,,,,,,,,,,,,,,,,,,,,,,,,,,,,,,,,,,,,,,,,,,,,,,,,,,,,,,,,,,,,,,,,,,,,,,,,,,,,,,,,,,,,,,,,,,,,,,1598.951,1599.451,,,,,,,,,,,,,,,,,,,,,,,,,,,,,,,,,,,,,,,,,,,,,,,,,,,,,,,1595.3259,1598.951,1,1,3.6074,,0,28,28,28,1,stimuli_car/Slide66.jpg,1,,,,,,,,,,,,,,,,,,,,,,,,,,
,,,2025-08-11_11h47.44.546,CFMT_CCMT_Face_recognition,03.02.2023,Win32,120.4819277,62d7443567d945a729647935,6899c7d7c4c961a016830ad3,6899c95c94acea59e415d213,,,,,,,,,,,,,,,,,,,,,,,,,,,,,,,,,,,,,,,,,,,,,,,,,,,,,,,,,,,,,,,,,,,,,,,,,,,,,,,,,,,,,,,,,,,,,,,,1602.3012,1602.8012,,,,,,,,,,,,,,,,,,,,,,,,,,,,,,,,,,,,,,,,,,,,,,,,,,,,,,,1599.4511,1602.3012,1,1,2.8334,,0,29,29,29,1,stimuli_car/Slide67.jpg,1,,,,,,,,,,,,,,,,,,,,,,,,,,
,,,2025-08-11_11h47.44.546,CFMT_CCMT_Face_recognition,03.02.2023,Win32,120.4819277,62d7443567d945a729647935,6899c7d7c4c961a016830ad3,6899c95c94acea59e415d213,,,,,,,,,,,,,,,,,,,,,,,,,,,,,,,,,,,,,,,,,,,,,,,,,,,,,,,,,,,,,,,,,,,,,,,,,,,,,,,,,,,,,,,,,,,,,,,,1625.3947,1625.8947,,,,,,,,,,,,,,,,,,,,,,,,,,,,,,,,,,,,,,,,,,,,,,,,,,,1602.8014,1622.8028,1622.8029,1623.3028,1623.3052,1625.3946,2,1,2.0704,,0,0,0,0,1,stimuli_car/Slide69.jpg,2,,,,,,,,,,,,,,,,,,,,,,,,,,
,,,2025-08-11_11h47.44.546,CFMT_CCMT_Face_recognition,03.02.2023,Win32,120.4819277,62d7443567d945a729647935,6899c7d7c4c961a016830ad3,6899c95c94acea59e415d213,,,,,,,,,,,,,,,,,,,,,,,,,,,,,,,,,,,,,,,,,,,,,,,,,,,,,,,,,,,,,,,,,,,,,,,,,,,,,,,,,,,,,,,,,,,,,,,,1629.27,1629.77,,,,,,,,,,,,,,,,,,,,,,,,,,,,,,,,,,,,,,,,,,,,,,,,,,,,,,,1625.8948,1629.27,1,0,3.3605,,0,1,1,1,1,stimuli_car/Slide70.jpg,3,,,,,,,,,,,,,,,,,,,,,,,,,,
,,,2025-08-11_11h47.44.546,CFMT_CCMT_Face_recognition,03.02.2023,Win32,120.4819277,62d7443567d945a729647935,6899c7d7c4c961a016830ad3,6899c95c94acea59e415d213,,,,,,,,,,,,,,,,,,,,,,,,,,,,,,,,,,,,,,,,,,,,,,,,,,,,,,,,,,,,,,,,,,,,,,,,,,,,,,,,,,,,,,,,,,,,,,,,1631.3202,1631.8201,,,,,,,,,,,,,,,,,,,,,,,,,,,,,,,,,,,,,,,,,,,,,,,,,,,,,,,1629.7702,1631.3201,3,1,1.5352,,0,2,2,2,1,stimuli_car/Slide71.jpg,3,,,,,,,,,,,,,,,,,,,,,,,,,,
,,,2025-08-11_11h47.44.546,CFMT_CCMT_Face_recognition,03.02.2023,Win32,120.4819277,62d7443567d945a729647935,6899c7d7c4c961a016830ad3,6899c95c94acea59e415d213,,,,,,,,,,,,,,,,,,,,,,,,,,,,,,,,,,,,,,,,,,,,,,,,,,,,,,,,,,,,,,,,,,,,,,,,,,,,,,,,,,,,,,,,,,,,,,,,1633.9037,1634.4037,,,,,,,,,,,,,,,,,,,,,,,,,,,,,,,,,,,,,,,,,,,,,,,,,,,,,,,1631.8203,1633.9037,2,0,2.0675,,0,3,3,3,1,stimuli_car/Slide72.jpg,1,,,,,,,,,,,,,,,,,,,,,,,,,,
,,,2025-08-11_11h47.44.546,CFMT_CCMT_Face_recognition,03.02.2023,Win32,120.4819277,62d7443567d945a729647935,6899c7d7c4c961a016830ad3,6899c95c94acea59e415d213,,,,,,,,,,,,,,,,,,,,,,,,,,,,,,,,,,,,,,,,,,,,,,,,,,,,,,,,,,,,,,,,,,,,,,,,,,,,,,,,,,,,,,,,,,,,,,,,1638.0957,1638.5956,,,,,,,,,,,,,,,,,,,,,,,,,,,,,,,,,,,,,,,,,,,,,,,,,,,,,,,1634.4038,1638.0957,2,1,3.6766,,0,4,4,4,1,stimuli_car/Slide73.jpg,2,,,,,,,,,,,,,,,,,,,,,,,,,,
,,,2025-08-11_11h47.44.546,CFMT_CCMT_Face_recognition,03.02.2023,Win32,120.4819277,62d7443567d945a729647935,6899c7d7c4c961a016830ad3,6899c95c94acea59e415d213,,,,,,,,,,,,,,,,,,,,,,,,,,,,,,,,,,,,,,,,,,,,,,,,,,,,,,,,,,,,,,,,,,,,,,,,,,,,,,,,,,,,,,,,,,,,,,,,1640.4542,1640.9542,,,,,,,,,,,,,,,,,,,,,,,,,,,,,,,,,,,,,,,,,,,,,,,,,,,,,,,1638.5958,1640.4542,2,1,1.8449,,0,5,5,5,1,stimuli_car/Slide74.jpg,2,,,,,,,,,,,,,,,,,,,,,,,,,,
,,,2025-08-11_11h47.44.546,CFMT_CCMT_Face_recognition,03.02.2023,Win32,120.4819277,62d7443567d945a729647935,6899c7d7c4c961a016830ad3,6899c95c94acea59e415d213,,,,,,,,,,,,,,,,,,,,,,,,,,,,,,,,,,,,,,,,,,,,,,,,,,,,,,,,,,,,,,,,,,,,,,,,,,,,,,,,,,,,,,,,,,,,,,,,1642.7293,1643.2294,,,,,,,,,,,,,,,,,,,,,,,,,,,,,,,,,,,,,,,,,,,,,,,,,,,,,,,1640.9544,1642.7293,3,0,1.7586,,0,6,6,6,1,stimuli_car/Slide75.jpg,1,,,,,,,,,,,,,,,,,,,,,,,,,,
,,,2025-08-11_11h47.44.546,CFMT_CCMT_Face_recognition,03.02.2023,Win32,120.4819277,62d7443567d945a729647935,6899c7d7c4c961a016830ad3,6899c95c94acea59e415d213,,,,,,,,,,,,,,,,,,,,,,,,,,,,,,,,,,,,,,,,,,,,,,,,,,,,,,,,,,,,,,,,,,,,,,,,,,,,,,,,,,,,,,,,,,,,,,,,1644.5212,1645.0213,,,,,,,,,,,,,,,,,,,,,,,,,,,,,,,,,,,,,,,,,,,,,,,,,,,,,,,1643.2296,1644.5212,1,1,1.2757,,0,7,7,7,1,stimuli_car/Slide76.jpg,1,,,,,,,,,,,,,,,,,,,,,,,,,,
,,,2025-08-11_11h47.44.546,CFMT_CCMT_Face_recognition,03.02.2023,Win32,120.4819277,62d7443567d945a729647935,6899c7d7c4c961a016830ad3,6899c95c94acea59e415d213,,,,,,,,,,,,,,,,,,,,,,,,,,,,,,,,,,,,,,,,,,,,,,,,,,,,,,,,,,,,,,,,,,,,,,,,,,,,,,,,,,,,,,,,,,,,,,,,1646.6797,1647.1797,,,,,,,,,,,,,,,,,,,,,,,,,,,,,,,,,,,,,,,,,,,,,,,,,,,,,,,1645.0214,1646.6797,1,0,1.6452,,0,8,8,8,1,stimuli_car/Slide77.jpg,2,,,,,,,,,,,,,,,,,,,,,,,,,,
,,,2025-08-11_11h47.44.546,CFMT_CCMT_Face_recognition,03.02.2023,Win32,120.4819277,62d7443567d945a729647935,6899c7d7c4c961a016830ad3,6899c95c94acea59e415d213,,,,,,,,,,,,,,,,,,,,,,,,,,,,,,,,,,,,,,,,,,,,,,,,,,,,,,,,,,,,,,,,,,,,,,,,,,,,,,,,,,,,,,,,,,,,,,,,1650.0383,1650.5383,,,,,,,,,,,,,,,,,,,,,,,,,,,,,,,,,,,,,,,,,,,,,,,,,,,,,,,1647.1799,1650.0382,1,1,2.8414,,0,9,9,9,1,stimuli_car/Slide78.jpg,1,,,,,,,,,,,,,,,,,,,,,,,,,,
,,,2025-08-11_11h47.44.546,CFMT_CCMT_Face_recognition,03.02.2023,Win32,120.4819277,62d7443567d945a729647935,6899c7d7c4c961a016830ad3,6899c95c94acea59e415d213,,,,,,,,,,,,,,,,,,,,,,,,,,,,,,,,,,,,,,,,,,,,,,,,,,,,,,,,,,,,,,,,,,,,,,,,,,,,,,,,,,,,,,,,,,,,,,,,1652.7385,1653.2385,,,,,,,,,,,,,,,,,,,,,,,,,,,,,,,,,,,,,,,,,,,,,,,,,,,,,,,1650.5385,1652.7385,2,0,2.1838,,0,10,10,10,1,stimuli_car/Slide79.jpg,1,,,,,,,,,,,,,,,,,,,,,,,,,,
,,,2025-08-11_11h47.44.546,CFMT_CCMT_Face_recognition,03.02.2023,Win32,120.4819277,62d7443567d945a729647935,6899c7d7c4c961a016830ad3,6899c95c94acea59e415d213,,,,,,,,,,,,,,,,,,,,,,,,,,,,,,,,,,,,,,,,,,,,,,,,,,,,,,,,,,,,,,,,,,,,,,,,,,,,,,,,,,,,,,,,,,,,,,,,1654.7886,1655.2886,,,,,,,,,,,,,,,,,,,,,,,,,,,,,,,,,,,,,,,,,,,,,,,,,,,,,,,1653.2387,1654.7886,1,0,1.532,,0,11,11,11,1,stimuli_car/Slide80.jpg,3,,,,,,,,,,,,,,,,,,,,,,,,,,
,,,2025-08-11_11h47.44.546,CFMT_CCMT_Face_recognition,03.02.2023,Win32,120.4819277,62d7443567d945a729647935,6899c7d7c4c961a016830ad3,6899c95c94acea59e415d213,,,,,,,,,,,,,,,,,,,,,,,,,,,,,,,,,,,,,,,,,,,,,,,,,,,,,,,,,,,,,,,,,,,,,,,,,,,,,,,,,,,,,,,,,,,,,,,,1657.3638,1657.8585,,,,,,,,,,,,,,,,,,,,,,,,,,,,,,,,,,,,,,,,,,,,,,,,,,,,,,,1655.2888,1657.3638,3,0,2.06,,0,12,12,12,1,stimuli_car/Slide81.jpg,2,,,,,,,,,,,,,,,,,,,,,,,,,,
,,,2025-08-11_11h47.44.546,CFMT_CCMT_Face_recognition,03.02.2023,Win32,120.4819277,62d7443567d945a729647935,6899c7d7c4c961a016830ad3,6899c95c94acea59e415d213,,,,,,,,,,,,,,,,,,,,,,,,,,,,,,,,,,,,,,,,,,,,,,,,,,,,,,,,,,,,,,,,,,,,,,,,,,,,,,,,,,,,,,,,,,,,,,,,1661.2474,1661.7474,,,,,,,,,,,,,,,,,,,,,,,,,,,,,,,,,,,,,,,,,,,,,,,,,,,,,,,1657.8587,1661.2474,1,0,3.3722,,0,13,13,13,1,stimuli_car/Slide82.jpg,3,,,,,,,,,,,,,,,,,,,,,,,,,,
,,,2025-08-11_11h47.44.546,CFMT_CCMT_Face_recognition,03.02.2023,Win32,120.4819277,62d7443567d945a729647935,6899c7d7c4c961a016830ad3,6899c95c94acea59e415d213,,,,,,,,,,,,,,,,,,,,,,,,,,,,,,,,,,,,,,,,,,,,,,,,,,,,,,,,,,,,,,,,,,,,,,,,,,,,,,,,,,,,,,,,,,,,,,,,1664.306,1664.8061,,,,,,,,,,,,,,,,,,,,,,,,,,,,,,,,,,,,,,,,,,,,,,,,,,,,,,,1661.7476,1664.306,1,0,2.5439,,0,14,14,14,1,stimuli_car/Slide83.jpg,3,,,,,,,,,,,,,,,,,,,,,,,,,,
,,,2025-08-11_11h47.44.546,CFMT_CCMT_Face_recognition,03.02.2023,Win32,120.4819277,62d7443567d945a729647935,6899c7d7c4c961a016830ad3,6899c95c94acea59e415d213,,,,,,,,,,,,,,,,,,,,,,,,,,,,,,,,,,,,,,,,,,,,,,,,,,,,,,,,,,,,,,,,,,,,,,,,,,,,,,,,,,,,,,,,,,,,,,,,1666.3146,1666.8146,,,,,,,,,,,,,,,,,,,,,,,,,,,,,,,,,,,,,,,,,,,,,,,,,,,,,,,1664.8062,1666.3145,1,0,1.4936,,0,15,15,15,1,stimuli_car/Slide84.jpg,2,,,,,,,,,,,,,,,,,,,,,,,,,,
,,,2025-08-11_11h47.44.546,CFMT_CCMT_Face_recognition,03.02.2023,Win32,120.4819277,62d7443567d945a729647935,6899c7d7c4c961a016830ad3,6899c95c94acea59e415d213,,,,,,,,,,,,,,,,,,,,,,,,,,,,,,,,,,,,,,,,,,,,,,,,,,,,,,,,,,,,,,,,,,,,,,,,,,,,,,,,,,,,,,,,,,,,,,,,1671.2899,1671.7899,,,,,,,,,,,,,,,,,,,,,,,,,,,,,,,,,,,,,,,,,,,,,,,,,,,,,,,1666.8147,1671.2898,2,1,4.4617,,0,16,16,16,1,stimuli_car/Slide85.jpg,2,,,,,,,,,,,,,,,,,,,,,,,,,,
,,,2025-08-11_11h47.44.546,CFMT_CCMT_Face_recognition,03.02.2023,Win32,120.4819277,62d7443567d945a729647935,6899c7d7c4c961a016830ad3,6899c95c94acea59e415d213,,,,,,,,,,,,,,,,,,,,,,,,,,,,,,,,,,,,,,,,,,,,,,,,,,,,,,,,,,,,,,,,,,,,,,,,,,,,,,,,,,,,,,,,,,,,,,,,1674.1401,1674.6401,,,,,,,,,,,,,,,,,,,,,,,,,,,,,,,,,,,,,,,,,,,,,,,,,,,,,,,1671.7901,1674.1401,2,1,2.3348,,0,17,17,17,1,stimuli_car/Slide86.jpg,2,,,,,,,,,,,,,,,,,,,,,,,,,,
,,,2025-08-11_11h47.44.546,CFMT_CCMT_Face_recognition,03.02.2023,Win32,120.4819277,62d7443567d945a729647935,6899c7d7c4c961a016830ad3,6899c95c94acea59e415d213,,,,,,,,,,,,,,,,,,,,,,,,,,,,,,,,,,,,,,,,,,,,,,,,,,,,,,,,,,,,,,,,,,,,,,,,,,,,,,,,,,,,,,,,,,,,,,,,1678.1738,1678.6738,,,,,,,,,,,,,,,,,,,,,,,,,,,,,,,,,,,,,,,,,,,,,,,,,,,,,,,1674.6403,1678.1738,2,1,3.5169,,0,18,18,18,1,stimuli_car/Slide87.jpg,2,,,,,,,,,,,,,,,,,,,,,,,,,,
,,,2025-08-11_11h47.44.546,CFMT_CCMT_Face_recognition,03.02.2023,Win32,120.4819277,62d7443567d945a729647935,6899c7d7c4c961a016830ad3,6899c95c94acea59e415d213,,,,,,,,,,,,,,,,,,,,,,,,,,,,,,,,,,,,,,,,,,,,,,,,,,,,,,,,,,,,,,,,,,,,,,,,,,,,,,,,,,,,,,,,,,,,,,,,1681.0323,1681.5324,,,,,,,,,,,,,,,,,,,,,,,,,,,,,,,,,,,,,,,,,,,,,,,,,,,,,,,1678.674,1681.0323,3,0,2.3406,,0,19,19,19,1,stimuli_car/Slide88.jpg,2,,,,,,,,,,,,,,,,,,,,,,,,,,
,,,2025-08-11_11h47.44.546,CFMT_CCMT_Face_recognition,03.02.2023,Win32,120.4819277,62d7443567d945a729647935,6899c7d7c4c961a016830ad3,6899c95c94acea59e415d213,,,,,,,,,,,,,,,,,,,,,,,,,,,,,,,,,,,,,,,,,,,,,,,,,,,,,,,,,,,,,,,,,,,,,,,,,,,,,,,,,,,,,,,,,,,,,,,,1683.3909,1683.8908,,,,,,,,,,,,,,,,,,,,,,,,,,,,,,,,,,,,,,,,,,,,,,,,,,,,,,,1681.5325,1683.3909,3,1,1.8382,,0,20,20,20,1,stimuli_car/Slide89.jpg,3,,,,,,,,,,,,,,,,,,,,,,,,,,
,,,2025-08-11_11h47.44.546,CFMT_CCMT_Face_recognition,03.02.2023,Win32,120.4819277,62d7443567d945a729647935,6899c7d7c4c961a016830ad3,6899c95c94acea59e415d213,,,,,,,,,,,,,,,,,,,,,,,,,,,,,,,,,,,,,,,,,,,,,,,,,,,,,,,,,,,,,,,,,,,,,,,,,,,,,,,,,,,,,,,,,,,,,,,,1685.9577,1686.4577,,,,,,,,,,,,,,,,,,,,,,,,,,,,,,,,,,,,,,,,,,,,,,,,,,,,,,,1683.891,1685.9577,1,0,2.0524,,0,21,21,21,1,stimuli_car/Slide90.jpg,3,,,,,,,,,,,,,,,,,,,,,,,,,,
,,,2025-08-11_11h47.44.546,CFMT_CCMT_Face_recognition,03.02.2023,Win32,120.4819277,62d7443567d945a729647935,6899c7d7c4c961a016830ad3,6899c95c94acea59e415d213,,,,,,,,,,,,,,,,,,,,,,,,,,,,,,,,,,,,,,,,,,,,,,,,,,,,,,,,,,,,,,,,,,,,,,,,,,,,,,,,,,,,,,,,,,,,,,,,1691.2331,1691.7332,,,,,,,,,,,,,,,,,,,,,,,,,,,,,,,,,,,,,,,,,,,,,,,,,,,,,,,1686.4579,1691.2331,3,0,4.757,,0,22,22,22,1,stimuli_car/Slide91.jpg,1,,,,,,,,,,,,,,,,,,,,,,,,,,
,,,2025-08-11_11h47.44.546,CFMT_CCMT_Face_recognition,03.02.2023,Win32,120.4819277,62d7443567d945a729647935,6899c7d7c4c961a016830ad3,6899c95c94acea59e415d213,,,,,,,,,,,,,,,,,,,,,,,,,,,,,,,,,,,,,,,,,,,,,,,,,,,,,,,,,,,,,,,,,,,,,,,,,,,,,,,,,,,,,,,,,,,,,,,,1693.7083,1694.2084,,,,,,,,,,,,,,,,,,,,,,,,,,,,,,,,,,,,,,,,,,,,,,,,,,,,,,,1691.7333,1693.7083,3,1,1.9591,,0,23,23,23,1,stimuli_car/Slide92.jpg,3,,,,,,,,,,,,,,,,,,,,,,,,,,
,,,2025-08-11_11h47.44.546,CFMT_CCMT_Face_recognition,03.02.2023,Win32,120.4819277,62d7443567d945a729647935,6899c7d7c4c961a016830ad3,6899c95c94acea59e415d213,,,,,,,,,,,,,,,,,,,,,,,,,,,,,,,,,,,,,,,,,,,,,,,,,,,,,,,,,,,,,,,,,,,,,,,,,,,,,,,,,,,,,,,,,,,,,,,,,,,,,,,,,,,,,,,,,,,,,,,,,,,,,,,,,,,,,,,,,,,,,,,,,,,,,,,,,,,,,,,,,,,,,1694.2085,1694.2086,0,1,1,1,1,conditionsFile_cars/conditionFiles_car.xlsx,Cambridge Car Memory Test,Memorize the car in the next three images.,conditionsFile_cars/Prac_learn.xlsx,conditionsFile_cars/Prac_rec.xlsx,"Which car did you just view? There is only one correct answer. Press 1,2 or 3","In this test, you will learn to recognize six cars.",Memorize the following car.,Which car did you just view?,Next you will review the same 6 cars for 20 seconds.,Review the cars (20 seconds),stimuli_car/review.jpg,Now your memory of these cars will be tested.,"In the remaining trials, the correct answer can be any of the six cars.","The incorrect cars are sometimes very similar to the target cars, so be sure to look at each car prior answering.",conditionsFile_cars/conditionsfile_rec_car.xlsx,"To begin memorizing the first car, press the ""space bar"".",,
,,,2025-08-11_11h47.44.546,CFMT_CCMT_Face_recognition,03.02.2023,Win32,120.4819277,62d7443567d945a729647935,6899c7d7c4c961a016830ad3,6899c95c94acea59e415d213,,,,,,,,,,,,,,,,,,,,,,,,,,,,,,,,,,,,,,,,,,,,,,,,,,,,,,,,,,,,,,,,,,,,,,,,,,,,,,,,,,,,,,,,,,,,,,,,,,,,,,,,,,,,,,,,,,,,,,,,,,,,,,,,,,,,,,,,,,,,,,,,,,,,,,,,,,,,,,,,,,,,,,,,,,,,,,,,,,,,,,,,,,,,,1694.2087,1699.2088