Wait.started,Wait.stopped,,date,expName,psychopyVersion,OS,frameRate,participant,study_id,session,Study_information_1.started,Study_information_1.stopped,key_resp_14.keys,key_resp_14.rt,key_resp_14.duration,Study_information_2.started,Study_information_2.stopped,key_resp_17.keys,key_resp_17.rt,key_resp_17.duration,Study_information_3.started,Study_information_3.stopped,key_resp_15.keys,key_resp_15.rt,key_resp_15.duration,Consent.started,Consent.stopped,key_resp_16.keys,key_resp_16.rt,key_resp_16.duration,Face_recognition_task.started,Face_recognition_task.stopped,key_resp_18.keys,key_resp_18.rt,key_resp_18.duration,Instructions_task.started,Instructions_task.stopped,key_resp_19.keys,key_resp_19.rt,key_resp_19.duration,Instructions_fam_1.started,Instructions_fam_1.stopped,key_resp_3.keys,key_resp_3.rt,key_resp_3.duration,Instructions_fam_2.started,Instructions_fam_2.stopped,key_resp_2.keys,key_resp_2.rt,key_resp_2.duration,Instructions_fam_3.started,Instructions_fam_3.stopped,key_resp.keys,key_resp.rt,key_resp.duration,fix_cross.started,fixation_duration,fix_cross.stopped,familiarisation_trial.started,familiarisation_trial.stopped,view_image.started,view_image.stopped,image_loop.thisRepN,image_loop.thisTrialN,image_loop.thisN,image_loop.thisIndex,image_loop.ran,catch_trial.started,catch_trial.stopped,key_resp_catch.keys,key_resp_catch.corr,key_resp_catch.rt,key_resp_catch.duration,Thanks_1.started,Thanks_1.stopped,Break.started,Break.stopped,Instructions_recognition_1.started,Instructions_recognition_1.stopped,Instructions_recognition_2.started,Instructions_recognition_2.stopped,rec_trial.started,rec_trial.stopped,response_recog.keys,response_recog.corr,response_recog.rt,response_recog.duration,recognition_loop.thisRepN,recognition_loop.thisTrialN,recognition_loop.thisN,recognition_loop.thisIndex,recognition_loop.ran,Break_recognition.started,Break_recognition.stopped,key_resp_7.keys,key_resp_7.rt,key_resp_7.duration,Next_test.started,Next_test.stopped,Instructions_CFMT_1.started,Instructions_CFMT_1.stopped,Instructions_CFMT_Practice.started,Instructions_CFMT_Practice.stopped,Practice_learn.started,Practice_learn.stopped,ITI.started,ITI.stopped,trials_prac_learn.thisRepN,trials_prac_learn.thisTrialN,trials_prac_learn.thisN,trials_prac_learn.thisIndex,trials_prac_learn.ran,stim_prac,Practice_rec.started,Practice_rec.stopped,key_resp_4.keys,key_resp_4.corr,key_resp_4.rt,key_resp_4.duration,trials_prac_rec.thisRepN,trials_prac_rec.thisTrialN,trials_prac_rec.thisN,trials_prac_rec.thisIndex,trials_prac_rec.ran,stim_prac_rec,corr_answ_prac,Instructions_CFMT_Experiment.started,Instructions_CFMT_Experiment.stopped,Next_face.started,Next_face.stopped,Exp_learn.started,Exp_learn.stopped,trials_learn_exp.thisRepN,trials_learn_exp.thisTrialN,trials_learn_exp.thisN,trials_learn_exp.thisIndex,trials_learn_exp.ran,learn_exp,rec_exp,corr_answ_rec,Exp_rec.started,Exp_rec.stopped,key_resp_9.keys,key_resp_9.corr,key_resp_9.rt,key_resp_9.duration,trials_rec_exp.thisRepN,trials_rec_exp.thisTrialN,trials_rec_exp.thisN,trials_rec_exp.thisIndex,trials_rec_exp.ran,Instructions_CFMT_Experiment_2.started,Instructions_CFMT_Experiment_2.stopped,Review_image.started,Review_image.stopped,Instructions_CFMT_Experiment_3.started,Instructions_CFMT_Experiment_3.stopped,Review_image_skipp.started,Review_image_skipp.stopped,ITI_skipp.started,ITI_skipp.stopped,recognition_2.started,recognition_2.stopped,key_resp_12.keys,key_resp_12.corr,key_resp_12.rt,key_resp_12.duration,trials_rec_CMFT.thisRepN,trials_rec_CMFT.thisTrialN,trials_rec_CMFT.thisN,trials_rec_CMFT.thisIndex,trials_rec_CMFT.ran,image_face,corr_answ,Next_test_2.started,Next_test_2.stopped,experiment_loop.thisRepN,experiment_loop.thisTrialN,experiment_loop.thisN,experiment_loop.thisIndex,experiment_loop.ran,experiment_block,Title,Instructions_1,Prac_learn_stim,Prac_rec_stim,Instructions_2,Instructions_3,Next_Stim,Instructions_4,Instructions_5,Instructions_review,Review_image_stim,Instructions_6,Instructions_7,Instructions_8,conditions_rec,Instructions_9,End_experiment.started,End_experiment.stopped
0.0022,0.0031,,2025-08-11_06h27.25.419,CFMT_CCMT_Face_recognition,2023.2.3,Win32,59.88023952,677e29646b0a2cf5eff174dc,6899c7d7c4c961a016830ad3,6899c9e7ecbddf02cf1e440c,,,,,,,,,,,,,,,,,,,,,,,,,,,,,,,,,,,,,,,,,,,,,,,,,,,,,,,,,,,,,,,,,,,,,,,,,,,,,,,,,,,,,,,,,,,,,,,,,,,,,,,,,,,,,,,,,,,,,,,,,,,,,,,,,,,,,,,,,,,,,,,,,,,,,,,,,,,,,,,,,,,,,,,,,,,,,,,,,,,,,,,,,,,,,,
,,,2025-08-11_06h27.25.419,CFMT_CCMT_Face_recognition,2023.2.3,Win32,59.88023952,677e29646b0a2cf5eff174dc,6899c7d7c4c961a016830ad3,6899c9e7ecbddf02cf1e440c,0.0033,1.5326,space,1.4923,,,,,,,,,,,,,,,,,,,,,,,,,,,,,,,,,,,,,,,,,,,,,,,,,,,,,,,,,,,,,,,,,,,,,,,,,,,,,,,,,,,,,,,,,,,,,,,,,,,,,,,,,,,,,,,,,,,,,,,,,,,,,,,,,,,,,,,,,,,,,,,,,,,,,,,,,,,,,,,,,,,,,,,,,,,,,,,,,,,,,,,,,,
,,,2025-08-11_06h27.25.419,CFMT_CCMT_Face_recognition,2023.2.3,Win32,59.88023952,677e29646b0a2cf5eff174dc,6899c7d7c4c961a016830ad3,6899c9e7ecbddf02cf1e440c,,,,,,1.5329,2.3746,space,0.7264,,,,,,,,,,,,,,,,,,,,,,,,,,,,,,,,,,,,,,,,,,,,,,,,,,,,,,,,,,,,,,,,,,,,,,,,,,,,,,,,,,,,,,,,,,,,,,,,,,,,,,,,,,,,,,,,,,,,,,,,,,,,,,,,,,,,,,,,,,,,,,,,,,,,,,,,,,,,,,,,,,,,,,,,,,,,,,,,,,,,,
,,,2025-08-11_06h27.25.419,CFMT_CCMT_Face_recognition,2023.2.3,Win32,59.88023952,677e29646b0a2cf5eff174dc,6899c7d7c4c961a016830ad3,6899c9e7ecbddf02cf1e440c,,,,,,,,,,,2.375,2.9422,space,0.5162,,,,,,,,,,,,,,,,,,,,,,,,,,,,,,,,,,,,,,,,,,,,,,,,,,,,,,,,,,,,,,,,,,,,,,,,,,,,,,,,,,,,,,,,,,,,,,,,,,,,,,,,,,,,,,,,,,,,,,,,,,,,,,,,,,,,,,,,,,,,,,,,,,,,,,,,,,,,,,,,,,,,,,,,,,,,,,,,
,,,2025-08-11_06h27.25.419,CFMT_CCMT_Face_recognition,2023.2.3,Win32,59.88023952,677e29646b0a2cf5eff174dc,6899c7d7c4c961a016830ad3,6899c9e7ecbddf02cf1e440c,,,,,,,,,,,,,,,,2.9429,3.9918,space,0.9966,,,,,,,,,,,,,,,,,,,,,,,,,,,,,,,,,,,,,,,,,,,,,,,,,,,,,,,,,,,,,,,,,,,,,,,,,,,,,,,,,,,,,,,,,,,,,,,,,,,,,,,,,,,,,,,,,,,,,,,,,,,,,,,,,,,,,,,,,,,,,,,,,,,,,,,,,,,,,,,,,,,,,,,,,,,
,,,2025-08-11_06h27.25.419,CFMT_CCMT_Face_recognition,2023.2.3,Win32,59.88023952,677e29646b0a2cf5eff174dc,6899c7d7c4c961a016830ad3,6899c9e7ecbddf02cf1e440c,,,,,,,,,,,,,,,,,,,,,3.9924,5.0749,space,0.973,,,,,,,,,,,,,,,,,,,,,,,,,,,,,,,,,,,,,,,,,,,,,,,,,,,,,,,,,,,,,,,,,,,,,,,,,,,,,,,,,,,,,,,,,,,,,,,,,,,,,,,,,,,,,,,,,,,,,,,,,,,,,,,,,,,,,,,,,,,,,,,,,,,,,,,,,,,,,,,,,,,,,,
,,,2025-08-11_06h27.25.419,CFMT_CCMT_Face_recognition,2023.2.3,Win32,59.88023952,677e29646b0a2cf5eff174dc,6899c7d7c4c961a016830ad3,6899c9e7ecbddf02cf1e440c,,,,,,,,,,,,,,,,,,,,,,,,,,5.0754,6.6916,space,1.5761,,,,,,,,,,,,,,,,,,,,,,,,,,,,,,,,,,,,,,,,,,,,,,,,,,,,,,,,,,,,,,,,,,,,,,,,,,,,,,,,,,,,,,,,,,,,,,,,,,,,,,,,,,,,,,,,,,,,,,,,,,,,,,,,,,,,,,,,,,,,,,,,,,,,,,,,,,,,,,,,,
,,,2025-08-11_06h27.25.419,CFMT_CCMT_Face_recognition,2023.2.3,Win32,59.88023952,677e29646b0a2cf5eff174dc,6899c7d7c4c961a016830ad3,6899c9e7ecbddf02cf1e440c,,,,,,,,,,,,,,,,,,,,,,,,,,,,,,,6.6919,7.8581,space,1.1373,,,,,,,,,,,,,,,,,,,,,,,,,,,,,,,,,,,,,,,,,,,,,,,,,,,,,,,,,,,,,,,,,,,,,,,,,,,,,,,,,,,,,,,,,,,,,,,,,,,,,,,,,,,,,,,,,,,,,,,,,,,,,,,,,,,,,,,,,,,,,,,,,,,,,,,,,,,,
,,,2025-08-11_06h27.25.419,CFMT_CCMT_Face_recognition,2023.2.3,Win32,59.88023952,677e29646b0a2cf5eff174dc,6899c7d7c4c961a016830ad3,6899c9e7ecbddf02cf1e440c,,,,,,,,,,,,,,,,,,,,,,,,,,,,,,,,,,,,7.8593,8.5247,space,0.6406,,,,,,,,,,,,,,,,,,,,,,,,,,,,,,,,,,,,,,,,,,,,,,,,,,,,,,,,,,,,,,,,,,,,,,,,,,,,,,,,,,,,,,,,,,,,,,,,,,,,,,,,,,,,,,,,,,,,,,,,,,,,,,,,,,,,,,,,,,,,,,,,,,,,,,,
,,,2025-08-11_06h27.25.419,CFMT_CCMT_Face_recognition,2023.2.3,Win32,59.88023952,677e29646b0a2cf5eff174dc,6899c7d7c4c961a016830ad3,6899c9e7ecbddf02cf1e440c,,,,,,,,,,,,,,,,,,,,,,,,,,,,,,,,,,,,,,,,,8.525,9.1408,space,0.5901,,,,,,,,,,,,,,,,,,,,,,,,,,,,,,,,,,,,,,,,,,,,,,,,,,,,,,,,,,,,,,,,,,,,,,,,,,,,,,,,,,,,,,,,,,,,,,,,,,,,,,,,,,,,,,,,,,,,,,,,,,,,,,,,,,,,,,,,,,,,,,,,,,
,,,2025-08-11_06h27.25.419,CFMT_CCMT_Face_recognition,2023.2.3,Win32,59.88023952,677e29646b0a2cf5eff174dc,6899c7d7c4c961a016830ad3,6899c9e7ecbddf02cf1e440c,,,,,,,,,,,,,,,,,,,,,,,,,,,,,,,,,,,,,,,,,,,,,,9.1458,2.306940033,11.4414,11.4419,11.4425,11.4452,12.1911,0,0,0,0,1,,,,,,,,,,,,,,,,,,,,,,,,,,,,,,,,,,,,,,,,,,,,,,,,,,,,,,,,,,,,,,,,,,,,,,,,,,,,,,,,,,,,,,,,,,,,,,,,,,,,,,,,,,,,,,,,,,,,,,,,,,,,,,,,,,,,,
,,,2025-08-11_06h27.25.419,CFMT_CCMT_Face_recognition,2023.2.3,Win32,59.88023952,677e29646b0a2cf5eff174dc,6899c7d7c4c961a016830ad3,6899c9e7ecbddf02cf1e440c,,,,,,,,,,,,,,,,,,,,,,,,,,,,,,,,,,,,,,,,,,,,,,,,,,,12.192,12.9409,1,0,1,0,1,,,,,,,,,,,,,,,,,,,,,,,,,,,,,,,,,,,,,,,,,,,,,,,,,,,,,,,,,,,,,,,,,,,,,,,,,,,,,,,,,,,,,,,,,,,,,,,,,,,,,,,,,,,,,,,,,,,,,,,,,,,,,,,,,,,,,
,,,2025-08-11_06h27.25.419,CFMT_CCMT_Face_recognition,2023.2.3,Win32,59.88023952,677e29646b0a2cf5eff174dc,6899c7d7c4c961a016830ad3,6899c9e7ecbddf02cf1e440c,,,,,,,,,,,,,,,,,,,,,,,,,,,,,,,,,,,,,,,,,,,,,,,,,,,12.9422,13.6909,2,0,2,0,1,,,,,,,,,,,,,,,,,,,,,,,,,,,,,,,,,,,,,,,,,,,,,,,,,,,,,,,,,,,,,,,,,,,,,,,,,,,,,,,,,,,,,,,,,,,,,,,,,,,,,,,,,,,,,,,,,,,,,,,,,,,,,,,,,,,,,
,,,2025-08-11_06h27.25.419,CFMT_CCMT_Face_recognition,2023.2.3,Win32,59.88023952,677e29646b0a2cf5eff174dc,6899c7d7c4c961a016830ad3,6899c9e7ecbddf02cf1e440c,,,,,,,,,,,,,,,,,,,,,,,,,,,,,,,,,,,,,,,,,,,,,,,,,,,13.6917,14.4409,3,0,3,0,1,,,,,,,,,,,,,,,,,,,,,,,,,,,,,,,,,,,,,,,,,,,,,,,,,,,,,,,,,,,,,,,,,,,,,,,,,,,,,,,,,,,,,,,,,,,,,,,,,,,,,,,,,,,,,,,,,,,,,,,,,,,,,,,,,,,,,
,,,2025-08-11_06h27.25.419,CFMT_CCMT_Face_recognition,2023.2.3,Win32,59.88023952,677e29646b0a2cf5eff174dc,6899c7d7c4c961a016830ad3,6899c9e7ecbddf02cf1e440c,,,,,,,,,,,,,,,,,,,,,,,,,,,,,,,,,,,,,,,,,,,,,,,,,,,14.4416,15.1912,4,0,4,0,1,,,,,,,,,,,,,,,,,,,,,,,,,,,,,,,,,,,,,,,,,,,,,,,,,,,,,,,,,,,,,,,,,,,,,,,,,,,,,,,,,,,,,,,,,,,,,,,,,,,,,,,,,,,,,,,,,,,,,,,,,,,,,,,,,,,,,
,,,2025-08-11_06h27.25.419,CFMT_CCMT_Face_recognition,2023.2.3,Win32,59.88023952,677e29646b0a2cf5eff174dc,6899c7d7c4c961a016830ad3,6899c9e7ecbddf02cf1e440c,,,,,,,,,,,,,,,,,,,,,,,,,,,,,,,,,,,,,,,,,,,,,,,,,,,15.1924,15.9409,5,0,5,0,1,,,,,,,,,,,,,,,,,,,,,,,,,,,,,,,,,,,,,,,,,,,,,,,,,,,,,,,,,,,,,,,,,,,,,,,,,,,,,,,,,,,,,,,,,,,,,,,,,,,,,,,,,,,,,,,,,,,,,,,,,,,,,,,,,,,,,
,,,2025-08-11_06h27.25.419,CFMT_CCMT_Face_recognition,2023.2.3,Win32,59.88023952,677e29646b0a2cf5eff174dc,6899c7d7c4c961a016830ad3,6899c9e7ecbddf02cf1e440c,,,,,,,,,,,,,,,,,,,,,,,,,,,,,,,,,,,,,,,,,,,,,,15.9512,2.080248859,18.0244,18.0245,18.0246,18.0266,18.774,0,0,0,0,1,15.9423,15.9506,,0,,,,,,,,,,,,,,,,,,,,,,,,,,,,,,,,,,,,,,,,,,,,,,,,,,,,,,,,,,,,,,,,,,,,,,,,,,,,,,,,,,,,,,,,,,,,,,,,,,,,,,,,,,,,,,,,,,,,,,,,,,,,,,,,,
,,,2025-08-11_06h27.25.419,CFMT_CCMT_Face_recognition,2023.2.3,Win32,59.88023952,677e29646b0a2cf5eff174dc,6899c7d7c4c961a016830ad3,6899c9e7ecbddf02cf1e440c,,,,,,,,,,,,,,,,,,,,,,,,,,,,,,,,,,,,,,,,,,,,,,,,,,,18.7748,19.5244,1,0,1,0,1,,,,,,,,,,,,,,,,,,,,,,,,,,,,,,,,,,,,,,,,,,,,,,,,,,,,,,,,,,,,,,,,,,,,,,,,,,,,,,,,,,,,,,,,,,,,,,,,,,,,,,,,,,,,,,,,,,,,,,,,,,,,,,,,,,,,,
,,,2025-08-11_06h27.25.419,CFMT_CCMT_Face_recognition,2023.2.3,Win32,59.88023952,677e29646b0a2cf5eff174dc,6899c7d7c4c961a016830ad3,6899c9e7ecbddf02cf1e440c,,,,,,,,,,,,,,,,,,,,,,,,,,,,,,,,,,,,,,,,,,,,,,,,,,,19.5251,20.2741,2,0,2,0,1,,,,,,,,,,,,,,,,,,,,,,,,,,,,,,,,,,,,,,,,,,,,,,,,,,,,,,,,,,,,,,,,,,,,,,,,,,,,,,,,,,,,,,,,,,,,,,,,,,,,,,,,,,,,,,,,,,,,,,,,,,,,,,,,,,,,,
,,,2025-08-11_06h27.25.419,CFMT_CCMT_Face_recognition,2023.2.3,Win32,59.88023952,677e29646b0a2cf5eff174dc,6899c7d7c4c961a016830ad3,6899c9e7ecbddf02cf1e440c,,,,,,,,,,,,,,,,,,,,,,,,,,,,,,,,,,,,,,,,,,,,,,,,,,,20.2747,21.0243,3,0,3,0,1,,,,,,,,,,,,,,,,,,,,,,,,,,,,,,,,,,,,,,,,,,,,,,,,,,,,,,,,,,,,,,,,,,,,,,,,,,,,,,,,,,,,,,,,,,,,,,,,,,,,,,,,,,,,,,,,,,,,,,,,,,,,,,,,,,,,,
,,,2025-08-11_06h27.25.419,CFMT_CCMT_Face_recognition,2023.2.3,Win32,59.88023952,677e29646b0a2cf5eff174dc,6899c7d7c4c961a016830ad3,6899c9e7ecbddf02cf1e440c,,,,,,,,,,,,,,,,,,,,,,,,,,,,,,,,,,,,,,,,,,,,,,,,,,,21.0249,21.7738,4,0,4,0,1,,,,,,,,,,,,,,,,,,,,,,,,,,,,,,,,,,,,,,,,,,,,,,,,,,,,,,,,,,,,,,,,,,,,,,,,,,,,,,,,,,,,,,,,,,,,,,,,,,,,,,,,,,,,,,,,,,,,,,,,,,,,,,,,,,,,,
,,,2025-08-11_06h27.25.419,CFMT_CCMT_Face_recognition,2023.2.3,Win32,59.88023952,677e29646b0a2cf5eff174dc,6899c7d7c4c961a016830ad3,6899c9e7ecbddf02cf1e440c,,,,,,,,,,,,,,,,,,,,,,,,,,,,,,,,,,,,,,,,,,,,,,,,,,,21.7742,22.5236,5,0,5,0,1,,,,,,,,,,,,,,,,,,,,,,,,,,,,,,,,,,,,,,,,,,,,,,,,,,,,,,,,,,,,,,,,,,,,,,,,,,,,,,,,,,,,,,,,,,,,,,,,,,,,,,,,,,,,,,,,,,,,,,,,,,,,,,,,,,,,,
,,,2025-08-11_06h27.25.419,CFMT_CCMT_Face_recognition,2023.2.3,Win32,59.88023952,677e29646b0a2cf5eff174dc,6899c7d7c4c961a016830ad3,6899c9e7ecbddf02cf1e440c,,,,,,,,,,,,,,,,,,,,,,,,,,,,,,,,,,,,,,,,,,,,,,22.5249,2.311368256,24.8405,24.8405,24.8406,24.8416,25.5907,0,0,0,0,1,22.5237,22.5245,,0,,,,,,,,,,,,,,,,,,,,,,,,,,,,,,,,,,,,,,,,,,,,,,,,,,,,,,,,,,,,,,,,,,,,,,,,,,,,,,,,,,,,,,,,,,,,,,,,,,,,,,,,,,,,,,,,,,,,,,,,,,,,,,,,,
,,,2025-08-11_06h27.25.419,CFMT_CCMT_Face_recognition,2023.2.3,Win32,59.88023952,677e29646b0a2cf5eff174dc,6899c7d7c4c961a016830ad3,6899c9e7ecbddf02cf1e440c,,,,,,,,,,,,,,,,,,,,,,,,,,,,,,,,,,,,,,,,,,,,,,,,,,,25.5913,26.3411,1,0,1,0,1,,,,,,,,,,,,,,,,,,,,,,,,,,,,,,,,,,,,,,,,,,,,,,,,,,,,,,,,,,,,,,,,,,,,,,,,,,,,,,,,,,,,,,,,,,,,,,,,,,,,,,,,,,,,,,,,,,,,,,,,,,,,,,,,,,,,,
,,,2025-08-11_06h27.25.419,CFMT_CCMT_Face_recognition,2023.2.3,Win32,59.88023952,677e29646b0a2cf5eff174dc,6899c7d7c4c961a016830ad3,6899c9e7ecbddf02cf1e440c,,,,,,,,,,,,,,,,,,,,,,,,,,,,,,,,,,,,,,,,,,,,,,,,,,,26.342,27.0907,2,0,2,0,1,,,,,,,,,,,,,,,,,,,,,,,,,,,,,,,,,,,,,,,,,,,,,,,,,,,,,,,,,,,,,,,,,,,,,,,,,,,,,,,,,,,,,,,,,,,,,,,,,,,,,,,,,,,,,,,,,,,,,,,,,,,,,,,,,,,,,
,,,2025-08-11_06h27.25.419,CFMT_CCMT_Face_recognition,2023.2.3,Win32,59.88023952,677e29646b0a2cf5eff174dc,6899c7d7c4c961a016830ad3,6899c9e7ecbddf02cf1e440c,,,,,,,,,,,,,,,,,,,,,,,,,,,,,,,,,,,,,,,,,,,,,,,,,,,27.0912,27.8409,3,0,3,0,1,,,,,,,,,,,,,,,,,,,,,,,,,,,,,,,,,,,,,,,,,,,,,,,,,,,,,,,,,,,,,,,,,,,,,,,,,,,,,,,,,,,,,,,,,,,,,,,,,,,,,,,,,,,,,,,,,,,,,,,,,,,,,,,,,,,,,
,,,2025-08-11_06h27.25.419,CFMT_CCMT_Face_recognition,2023.2.3,Win32,59.88023952,677e29646b0a2cf5eff174dc,6899c7d7c4c961a016830ad3,6899c9e7ecbddf02cf1e440c,,,,,,,,,,,,,,,,,,,,,,,,,,,,,,,,,,,,,,,,,,,,,,,,,,,27.8415,28.591,4,0,4,0,1,,,,,,,,,,,,,,,,,,,,,,,,,,,,,,,,,,,,,,,,,,,,,,,,,,,,,,,,,,,,,,,,,,,,,,,,,,,,,,,,,,,,,,,,,,,,,,,,,,,,,,,,,,,,,,,,,,,,,,,,,,,,,,,,,,,,,
,,,2025-08-11_06h27.25.419,CFMT_CCMT_Face_recognition,2023.2.3,Win32,59.88023952,677e29646b0a2cf5eff174dc,6899c7d7c4c961a016830ad3,6899c9e7ecbddf02cf1e440c,,,,,,,,,,,,,,,,,,,,,,,,,,,,,,,,,,,,,,,,,,,,,,,,,,,28.5918,29.3408,5,0,5,0,1,,,,,,,,,,,,,,,,,,,,,,,,,,,,,,,,,,,,,,,,,,,,,,,,,,,,,,,,,,,,,,,,,,,,,,,,,,,,,,,,,,,,,,,,,,,,,,,,,,,,,,,,,,,,,,,,,,,,,,,,,,,,,,,,,,,,,
,,,2025-08-11_06h27.25.419,CFMT_CCMT_Face_recognition,2023.2.3,Win32,59.88023952,677e29646b0a2cf5eff174dc,6899c7d7c4c961a016830ad3,6899c9e7ecbddf02cf1e440c,,,,,,,,,,,,,,,,,,,,,,,,,,,,,,,,,,,,,,,,,,,,,,29.3427,1.989240117,31.324,31.324,31.3242,31.3263,32.074,0,0,0,0,1,29.3409,29.3424,,0,,,,,,,,,,,,,,,,,,,,,,,,,,,,,,,,,,,,,,,,,,,,,,,,,,,,,,,,,,,,,,,,,,,,,,,,,,,,,,,,,,,,,,,,,,,,,,,,,,,,,,,,,,,,,,,,,,,,,,,,,,,,,,,,,
,,,2025-08-11_06h27.25.419,CFMT_CCMT_Face_recognition,2023.2.3,Win32,59.88023952,677e29646b0a2cf5eff174dc,6899c7d7c4c961a016830ad3,6899c9e7ecbddf02cf1e440c,,,,,,,,,,,,,,,,,,,,,,,,,,,,,,,,,,,,,,,,,,,,,,,,,,,32.0746,32.8241,1,0,1,0,1,,,,,,,,,,,,,,,,,,,,,,,,,,,,,,,,,,,,,,,,,,,,,,,,,,,,,,,,,,,,,,,,,,,,,,,,,,,,,,,,,,,,,,,,,,,,,,,,,,,,,,,,,,,,,,,,,,,,,,,,,,,,,,,,,,,,,
,,,2025-08-11_06h27.25.419,CFMT_CCMT_Face_recognition,2023.2.3,Win32,59.88023952,677e29646b0a2cf5eff174dc,6899c7d7c4c961a016830ad3,6899c9e7ecbddf02cf1e440c,,,,,,,,,,,,,,,,,,,,,,,,,,,,,,,,,,,,,,,,,,,,,,,,,,,32.8247,33.5742,2,0,2,0,1,,,,,,,,,,,,,,,,,,,,,,,,,,,,,,,,,,,,,,,,,,,,,,,,,,,,,,,,,,,,,,,,,,,,,,,,,,,,,,,,,,,,,,,,,,,,,,,,,,,,,,,,,,,,,,,,,,,,,,,,,,,,,,,,,,,,,
,,,2025-08-11_06h27.25.419,CFMT_CCMT_Face_recognition,2023.2.3,Win32,59.88023952,677e29646b0a2cf5eff174dc,6899c7d7c4c961a016830ad3,6899c9e7ecbddf02cf1e440c,,,,,,,,,,,,,,,,,,,,,,,,,,,,,,,,,,,,,,,,,,,,,,,,,,,33.5747,34.3241,3,0,3,0,1,,,,,,,,,,,,,,,,,,,,,,,,,,,,,,,,,,,,,,,,,,,,,,,,,,,,,,,,,,,,,,,,,,,,,,,,,,,,,,,,,,,,,,,,,,,,,,,,,,,,,,,,,,,,,,,,,,,,,,,,,,,,,,,,,,,,,
,,,2025-08-11_06h27.25.419,CFMT_CCMT_Face_recognition,2023.2.3,Win32,59.88023952,677e29646b0a2cf5eff174dc,6899c7d7c4c961a016830ad3,6899c9e7ecbddf02cf1e440c,,,,,,,,,,,,,,,,,,,,,,,,,,,,,,,,,,,,,,,,,,,,,,,,,,,34.3246,35.0744,4,0,4,0,1,,,,,,,,,,,,,,,,,,,,,,,,,,,,,,,,,,,,,,,,,,,,,,,,,,,,,,,,,,,,,,,,,,,,,,,,,,,,,,,,,,,,,,,,,,,,,,,,,,,,,,,,,,,,,,,,,,,,,,,,,,,,,,,,,,,,,
,,,2025-08-11_06h27.25.419,CFMT_CCMT_Face_recognition,2023.2.3,Win32,59.88023952,677e29646b0a2cf5eff174dc,6899c7d7c4c961a016830ad3,6899c9e7ecbddf02cf1e440c,,,,,,,,,,,,,,,,,,,,,,,,,,,,,,,,,,,,,,,,,,,,,,,,,,,35.0751,35.8246,5,0,5,0,1,,,,,,,,,,,,,,,,,,,,,,,,,,,,,,,,,,,,,,,,,,,,,,,,,,,,,,,,,,,,,,,,,,,,,,,,,,,,,,,,,,,,,,,,,,,,,,,,,,,,,,,,,,,,,,,,,,,,,,,,,,,,,,,,,,,,,
,,,2025-08-11_06h27.25.419,CFMT_CCMT_Face_recognition,2023.2.3,Win32,59.88023952,677e29646b0a2cf5eff174dc,6899c7d7c4c961a016830ad3,6899c9e7ecbddf02cf1e440c,,,,,,,,,,,,,,,,,,,,,,,,,,,,,,,,,,,,,,,,,,,,,,35.8269,1.88859742,37.7075,37.7076,37.7076,37.7096,38.4576,0,0,0,0,1,35.8249,35.8265,,0,,,,,,,,,,,,,,,,,,,,,,,,,,,,,,,,,,,,,,,,,,,,,,,,,,,,,,,,,,,,,,,,,,,,,,,,,,,,,,,,,,,,,,,,,,,,,,,,,,,,,,,,,,,,,,,,,,,,,,,,,,,,,,,,,
,,,2025-08-11_06h27.25.419,CFMT_CCMT_Face_recognition,2023.2.3,Win32,59.88023952,677e29646b0a2cf5eff174dc,6899c7d7c4c961a016830ad3,6899c9e7ecbddf02cf1e440c,,,,,,,,,,,,,,,,,,,,,,,,,,,,,,,,,,,,,,,,,,,,,,,,,,,38.4583,39.2075,1,0,1,0,1,,,,,,,,,,,,,,,,,,,,,,,,,,,,,,,,,,,,,,,,,,,,,,,,,,,,,,,,,,,,,,,,,,,,,,,,,,,,,,,,,,,,,,,,,,,,,,,,,,,,,,,,,,,,,,,,,,,,,,,,,,,,,,,,,,,,,
,,,2025-08-11_06h27.25.419,CFMT_CCMT_Face_recognition,2023.2.3,Win32,59.88023952,677e29646b0a2cf5eff174dc,6899c7d7c4c961a016830ad3,6899c9e7ecbddf02cf1e440c,,,,,,,,,,,,,,,,,,,,,,,,,,,,,,,,,,,,,,,,,,,,,,,,,,,39.208,39.9574,2,0,2,0,1,,,,,,,,,,,,,,,,,,,,,,,,,,,,,,,,,,,,,,,,,,,,,,,,,,,,,,,,,,,,,,,,,,,,,,,,,,,,,,,,,,,,,,,,,,,,,,,,,,,,,,,,,,,,,,,,,,,,,,,,,,,,,,,,,,,,,
,,,2025-08-11_06h27.25.419,CFMT_CCMT_Face_recognition,2023.2.3,Win32,59.88023952,677e29646b0a2cf5eff174dc,6899c7d7c4c961a016830ad3,6899c9e7ecbddf02cf1e440c,,,,,,,,,,,,,,,,,,,,,,,,,,,,,,,,,,,,,,,,,,,,,,,,,,,39.958,40.7075,3,0,3,0,1,,,,,,,,,,,,,,,,,,,,,,,,,,,,,,,,,,,,,,,,,,,,,,,,,,,,,,,,,,,,,,,,,,,,,,,,,,,,,,,,,,,,,,,,,,,,,,,,,,,,,,,,,,,,,,,,,,,,,,,,,,,,,,,,,,,,,
,,,2025-08-11_06h27.25.419,CFMT_CCMT_Face_recognition,2023.2.3,Win32,59.88023952,677e29646b0a2cf5eff174dc,6899c7d7c4c961a016830ad3,6899c9e7ecbddf02cf1e440c,,,,,,,,,,,,,,,,,,,,,,,,,,,,,,,,,,,,,,,,,,,,,,,,,,,40.7081,41.4573,4,0,4,0,1,,,,,,,,,,,,,,,,,,,,,,,,,,,,,,,,,,,,,,,,,,,,,,,,,,,,,,,,,,,,,,,,,,,,,,,,,,,,,,,,,,,,,,,,,,,,,,,,,,,,,,,,,,,,,,,,,,,,,,,,,,,,,,,,,,,,,
,,,2025-08-11_06h27.25.419,CFMT_CCMT_Face_recognition,2023.2.3,Win32,59.88023952,677e29646b0a2cf5eff174dc,6899c7d7c4c961a016830ad3,6899c9e7ecbddf02cf1e440c,,,,,,,,,,,,,,,,,,,,,,,,,,,,,,,,,,,,,,,,,,,,,,,,,,,41.458,42.2075,5,0,5,0,1,,,,,,,,,,,,,,,,,,,,,,,,,,,,,,,,,,,,,,,,,,,,,,,,,,,,,,,,,,,,,,,,,,,,,,,,,,,,,,,,,,,,,,,,,,,,,,,,,,,,,,,,,,,,,,,,,,,,,,,,,,,,,,,,,,,,,
,,,2025-08-11_06h27.25.419,CFMT_CCMT_Face_recognition,2023.2.3,Win32,59.88023952,677e29646b0a2cf5eff174dc,6899c7d7c4c961a016830ad3,6899c9e7ecbddf02cf1e440c,,,,,,,,,,,,,,,,,,,,,,,,,,,,,,,,,,,,,,,,,,,,,,42.2097,1.743977204,43.9576,43.9577,43.9579,43.9599,44.7076,0,0,0,0,1,42.2077,42.2093,,0,,,,,,,,,,,,,,,,,,,,,,,,,,,,,,,,,,,,,,,,,,,,,,,,,,,,,,,,,,,,,,,,,,,,,,,,,,,,,,,,,,,,,,,,,,,,,,,,,,,,,,,,,,,,,,,,,,,,,,,,,,,,,,,,,
,,,2025-08-11_06h27.25.419,CFMT_CCMT_Face_recognition,2023.2.3,Win32,59.88023952,677e29646b0a2cf5eff174dc,6899c7d7c4c961a016830ad3,6899c9e7ecbddf02cf1e440c,,,,,,,,,,,,,,,,,,,,,,,,,,,,,,,,,,,,,,,,,,,,,,,,,,,44.7082,45.4574,1,0,1,0,1,,,,,,,,,,,,,,,,,,,,,,,,,,,,,,,,,,,,,,,,,,,,,,,,,,,,,,,,,,,,,,,,,,,,,,,,,,,,,,,,,,,,,,,,,,,,,,,,,,,,,,,,,,,,,,,,,,,,,,,,,,,,,,,,,,,,,
,,,2025-08-11_06h27.25.419,CFMT_CCMT_Face_recognition,2023.2.3,Win32,59.88023952,677e29646b0a2cf5eff174dc,6899c7d7c4c961a016830ad3,6899c9e7ecbddf02cf1e440c,,,,,,,,,,,,,,,,,,,,,,,,,,,,,,,,,,,,,,,,,,,,,,,,,,,45.4579,46.2076,2,0,2,0,1,,,,,,,,,,,,,,,,,,,,,,,,,,,,,,,,,,,,,,,,,,,,,,,,,,,,,,,,,,,,,,,,,,,,,,,,,,,,,,,,,,,,,,,,,,,,,,,,,,,,,,,,,,,,,,,,,,,,,,,,,,,,,,,,,,,,,
,,,2025-08-11_06h27.25.419,CFMT_CCMT_Face_recognition,2023.2.3,Win32,59.88023952,677e29646b0a2cf5eff174dc,6899c7d7c4c961a016830ad3,6899c9e7ecbddf02cf1e440c,,,,,,,,,,,,,,,,,,,,,,,,,,,,,,,,,,,,,,,,,,,,,,,,,,,46.208,46.9576,3,0,3,0,1,,,,,,,,,,,,,,,,,,,,,,,,,,,,,,,,,,,,,,,,,,,,,,,,,,,,,,,,,,,,,,,,,,,,,,,,,,,,,,,,,,,,,,,,,,,,,,,,,,,,,,,,,,,,,,,,,,,,,,,,,,,,,,,,,,,,,
,,,2025-08-11_06h27.25.419,CFMT_CCMT_Face_recognition,2023.2.3,Win32,59.88023952,677e29646b0a2cf5eff174dc,6899c7d7c4c961a016830ad3,6899c9e7ecbddf02cf1e440c,,,,,,,,,,,,,,,,,,,,,,,,,,,,,,,,,,,,,,,,,,,,,,,,,,,46.9583,47.7076,4,0,4,0,1,,,,,,,,,,,,,,,,,,,,,,,,,,,,,,,,,,,,,,,,,,,,,,,,,,,,,,,,,,,,,,,,,,,,,,,,,,,,,,,,,,,,,,,,,,,,,,,,,,,,,,,,,,,,,,,,,,,,,,,,,,,,,,,,,,,,,
,,,2025-08-11_06h27.25.419,CFMT_CCMT_Face_recognition,2023.2.3,Win32,59.88023952,677e29646b0a2cf5eff174dc,6899c7d7c4c961a016830ad3,6899c9e7ecbddf02cf1e440c,,,,,,,,,,,,,,,,,,,,,,,,,,,,,,,,,,,,,,,,,,,,,,,,,,,47.708,48.4575,5,0,5,0,1,,,,,,,,,,,,,,,,,,,,,,,,,,,,,,,,,,,,,,,,,,,,,,,,,,,,,,,,,,,,,,,,,,,,,,,,,,,,,,,,,,,,,,,,,,,,,,,,,,,,,,,,,,,,,,,,,,,,,,,,,,,,,,,,,,,,,
,,,2025-08-11_06h27.25.419,CFMT_CCMT_Face_recognition,2023.2.3,Win32,59.88023952,677e29646b0a2cf5eff174dc,6899c7d7c4c961a016830ad3,6899c9e7ecbddf02cf1e440c,,,,,,,,,,,,,,,,,,,,,,,,,,,,,,,,,,,,,,,,,,,,,,48.4598,2.397936202,50.8576,50.8577,50.8578,50.8599,51.6075,0,0,0,0,1,48.4575,48.4593,,0,,,,,,,,,,,,,,,,,,,,,,,,,,,,,,,,,,,,,,,,,,,,,,,,,,,,,,,,,,,,,,,,,,,,,,,,,,,,,,,,,,,,,,,,,,,,,,,,,,,,,,,,,,,,,,,,,,,,,,,,,,,,,,,,,
,,,2025-08-11_06h27.25.419,CFMT_CCMT_Face_recognition,2023.2.3,Win32,59.88023952,677e29646b0a2cf5eff174dc,6899c7d7c4c961a016830ad3,6899c9e7ecbddf02cf1e440c,,,,,,,,,,,,,,,,,,,,,,,,,,,,,,,,,,,,,,,,,,,,,,,,,,,51.6084,52.3576,1,0,1,0,1,,,,,,,,,,,,,,,,,,,,,,,,,,,,,,,,,,,,,,,,,,,,,,,,,,,,,,,,,,,,,,,,,,,,,,,,,,,,,,,,,,,,,,,,,,,,,,,,,,,,,,,,,,,,,,,,,,,,,,,,,,,,,,,,,,,,,
,,,2025-08-11_06h27.25.419,CFMT_CCMT_Face_recognition,2023.2.3,Win32,59.88023952,677e29646b0a2cf5eff174dc,6899c7d7c4c961a016830ad3,6899c9e7ecbddf02cf1e440c,,,,,,,,,,,,,,,,,,,,,,,,,,,,,,,,,,,,,,,,,,,,,,,,,,,52.3582,53.1078,2,0,2,0,1,,,,,,,,,,,,,,,,,,,,,,,,,,,,,,,,,,,,,,,,,,,,,,,,,,,,,,,,,,,,,,,,,,,,,,,,,,,,,,,,,,,,,,,,,,,,,,,,,,,,,,,,,,,,,,,,,,,,,,,,,,,,,,,,,,,,,
,,,2025-08-11_06h27.25.419,CFMT_CCMT_Face_recognition,2023.2.3,Win32,59.88023952,677e29646b0a2cf5eff174dc,6899c7d7c4c961a016830ad3,6899c9e7ecbddf02cf1e440c,,,,,,,,,,,,,,,,,,,,,,,,,,,,,,,,,,,,,,,,,,,,,,,,,,,53.109,53.8575,3,0,3,0,1,,,,,,,,,,,,,,,,,,,,,,,,,,,,,,,,,,,,,,,,,,,,,,,,,,,,,,,,,,,,,,,,,,,,,,,,,,,,,,,,,,,,,,,,,,,,,,,,,,,,,,,,,,,,,,,,,,,,,,,,,,,,,,,,,,,,,
,,,2025-08-11_06h27.25.419,CFMT_CCMT_Face_recognition,2023.2.3,Win32,59.88023952,677e29646b0a2cf5eff174dc,6899c7d7c4c961a016830ad3,6899c9e7ecbddf02cf1e440c,,,,,,,,,,,,,,,,,,,,,,,,,,,,,,,,,,,,,,,,,,,,,,,,,,,53.8583,54.6077,4,0,4,0,1,,,,,,,,,,,,,,,,,,,,,,,,,,,,,,,,,,,,,,,,,,,,,,,,,,,,,,,,,,,,,,,,,,,,,,,,,,,,,,,,,,,,,,,,,,,,,,,,,,,,,,,,,,,,,,,,,,,,,,,,,,,,,,,,,,,,,
,,,2025-08-11_06h27.25.419,CFMT_CCMT_Face_recognition,2023.2.3,Win32,59.88023952,677e29646b0a2cf5eff174dc,6899c7d7c4c961a016830ad3,6899c9e7ecbddf02cf1e440c,,,,,,,,,,,,,,,,,,,,,,,,,,,,,,,,,,,,,,,,,,,,,,,,,,,54.6084,55.3574,5,0,5,0,1,,,,,,,,,,,,,,,,,,,,,,,,,,,,,,,,,,,,,,,,,,,,,,,,,,,,,,,,,,,,,,,,,,,,,,,,,,,,,,,,,,,,,,,,,,,,,,,,,,,,,,,,,,,,,,,,,,,,,,,,,,,,,,,,,,,,,
,,,2025-08-11_06h27.25.419,CFMT_CCMT_Face_recognition,2023.2.3,Win32,59.88023952,677e29646b0a2cf5eff174dc,6899c7d7c4c961a016830ad3,6899c9e7ecbddf02cf1e440c,,,,,,,,,,,,,,,,,,,,,,,,,,,,,,,,,,,,,,,,,,,,,,55.36,1.953852245,57.3078,57.3079,57.308,57.31,58.0576,0,0,0,0,1,55.3576,55.3595,,0,,,,,,,,,,,,,,,,,,,,,,,,,,,,,,,,,,,,,,,,,,,,,,,,,,,,,,,,,,,,,,,,,,,,,,,,,,,,,,,,,,,,,,,,,,,,,,,,,,,,,,,,,,,,,,,,,,,,,,,,,,,,,,,,,
,,,2025-08-11_06h27.25.419,CFMT_CCMT_Face_recognition,2023.2.3,Win32,59.88023952,677e29646b0a2cf5eff174dc,6899c7d7c4c961a016830ad3,6899c9e7ecbddf02cf1e440c,,,,,,,,,,,,,,,,,,,,,,,,,,,,,,,,,,,,,,,,,,,,,,,,,,,58.0583,58.8077,1,0,1,0,1,,,,,,,,,,,,,,,,,,,,,,,,,,,,,,,,,,,,,,,,,,,,,,,,,,,,,,,,,,,,,,,,,,,,,,,,,,,,,,,,,,,,,,,,,,,,,,,,,,,,,,,,,,,,,,,,,,,,,,,,,,,,,,,,,,,,,
,,,2025-08-11_06h27.25.419,CFMT_CCMT_Face_recognition,2023.2.3,Win32,59.88023952,677e29646b0a2cf5eff174dc,6899c7d7c4c961a016830ad3,6899c9e7ecbddf02cf1e440c,,,,,,,,,,,,,,,,,,,,,,,,,,,,,,,,,,,,,,,,,,,,,,,,,,,58.8083,59.5578,2,0,2,0,1,,,,,,,,,,,,,,,,,,,,,,,,,,,,,,,,,,,,,,,,,,,,,,,,,,,,,,,,,,,,,,,,,,,,,,,,,,,,,,,,,,,,,,,,,,,,,,,,,,,,,,,,,,,,,,,,,,,,,,,,,,,,,,,,,,,,,
,,,2025-08-11_06h27.25.419,CFMT_CCMT_Face_recognition,2023.2.3,Win32,59.88023952,677e29646b0a2cf5eff174dc,6899c7d7c4c961a016830ad3,6899c9e7ecbddf02cf1e440c,,,,,,,,,,,,,,,,,,,,,,,,,,,,,,,,,,,,,,,,,,,,,,,,,,,59.5582,60.3076,3,0,3,0,1,,,,,,,,,,,,,,,,,,,,,,,,,,,,,,,,,,,,,,,,,,,,,,,,,,,,,,,,,,,,,,,,,,,,,,,,,,,,,,,,,,,,,,,,,,,,,,,,,,,,,,,,,,,,,,,,,,,,,,,,,,,,,,,,,,,,,
,,,2025-08-11_06h27.25.419,CFMT_CCMT_Face_recognition,2023.2.3,Win32,59.88023952,677e29646b0a2cf5eff174dc,6899c7d7c4c961a016830ad3,6899c9e7ecbddf02cf1e440c,,,,,,,,,,,,,,,,,,,,,,,,,,,,,,,,,,,,,,,,,,,,,,,,,,,60.3082,61.0576,4,0,4,0,1,,,,,,,,,,,,,,,,,,,,,,,,,,,,,,,,,,,,,,,,,,,,,,,,,,,,,,,,,,,,,,,,,,,,,,,,,,,,,,,,,,,,,,,,,,,,,,,,,,,,,,,,,,,,,,,,,,,,,,,,,,,,,,,,,,,,,
,,,2025-08-11_06h27.25.419,CFMT_CCMT_Face_recognition,2023.2.3,Win32,59.88023952,677e29646b0a2cf5eff174dc,6899c7d7c4c961a016830ad3,6899c9e7ecbddf02cf1e440c,,,,,,,,,,,,,,,,,,,,,,,,,,,,,,,,,,,,,,,,,,,,,,,,,,,61.058,61.8075,5,0,5,0,1,,,,,,,,,,,,,,,,,,,,,,,,,,,,,,,,,,,,,,,,,,,,,,,,,,,,,,,,,,,,,,,,,,,,,,,,,,,,,,,,,,,,,,,,,,,,,,,,,,,,,,,,,,,,,,,,,,,,,,,,,,,,,,,,,,,,,
,,,2025-08-11_06h27.25.419,CFMT_CCMT_Face_recognition,2023.2.3,Win32,59.88023952,677e29646b0a2cf5eff174dc,6899c7d7c4c961a016830ad3,6899c9e7ecbddf02cf1e440c,,,,,,,,,,,,,,,,,,,,,,,,,,,,,,,,,,,,,,,,,,,,,,61.8105,2.291583963,64.0909,64.091,64.0912,64.093,64.8411,0,0,0,0,1,61.8077,61.81,,0,,,,,,,,,,,,,,,,,,,,,,,,,,,,,,,,,,,,,,,,,,,,,,,,,,,,,,,,,,,,,,,,,,,,,,,,,,,,,,,,,,,,,,,,,,,,,,,,,,,,,,,,,,,,,,,,,,,,,,,,,,,,,,,,,
,,,2025-08-11_06h27.25.419,CFMT_CCMT_Face_recognition,2023.2.3,Win32,59.88023952,677e29646b0a2cf5eff174dc,6899c7d7c4c961a016830ad3,6899c9e7ecbddf02cf1e440c,,,,,,,,,,,,,,,,,,,,,,,,,,,,,,,,,,,,,,,,,,,,,,,,,,,64.8417,65.5909,1,0,1,0,1,,,,,,,,,,,,,,,,,,,,,,,,,,,,,,,,,,,,,,,,,,,,,,,,,,,,,,,,,,,,,,,,,,,,,,,,,,,,,,,,,,,,,,,,,,,,,,,,,,,,,,,,,,,,,,,,,,,,,,,,,,,,,,,,,,,,,
,,,2025-08-11_06h27.25.419,CFMT_CCMT_Face_recognition,2023.2.3,Win32,59.88023952,677e29646b0a2cf5eff174dc,6899c7d7c4c961a016830ad3,6899c9e7ecbddf02cf1e440c,,,,,,,,,,,,,,,,,,,,,,,,,,,,,,,,,,,,,,,,,,,,,,,,,,,65.5916,66.3409,2,0,2,0,1,,,,,,,,,,,,,,,,,,,,,,,,,,,,,,,,,,,,,,,,,,,,,,,,,,,,,,,,,,,,,,,,,,,,,,,,,,,,,,,,,,,,,,,,,,,,,,,,,,,,,,,,,,,,,,,,,,,,,,,,,,,,,,,,,,,,,
,,,2025-08-11_06h27.25.419,CFMT_CCMT_Face_recognition,2023.2.3,Win32,59.88023952,677e29646b0a2cf5eff174dc,6899c7d7c4c961a016830ad3,6899c9e7ecbddf02cf1e440c,,,,,,,,,,,,,,,,,,,,,,,,,,,,,,,,,,,,,,,,,,,,,,,,,,,66.3414,67.0911,3,0,3,0,1,,,,,,,,,,,,,,,,,,,,,,,,,,,,,,,,,,,,,,,,,,,,,,,,,,,,,,,,,,,,,,,,,,,,,,,,,,,,,,,,,,,,,,,,,,,,,,,,,,,,,,,,,,,,,,,,,,,,,,,,,,,,,,,,,,,,,
,,,2025-08-11_06h27.25.419,CFMT_CCMT_Face_recognition,2023.2.3,Win32,59.88023952,677e29646b0a2cf5eff174dc,6899c7d7c4c961a016830ad3,6899c9e7ecbddf02cf1e440c,,,,,,,,,,,,,,,,,,,,,,,,,,,,,,,,,,,,,,,,,,,,,,,,,,,67.0918,67.8409,4,0,4,0,1,,,,,,,,,,,,,,,,,,,,,,,,,,,,,,,,,,,,,,,,,,,,,,,,,,,,,,,,,,,,,,,,,,,,,,,,,,,,,,,,,,,,,,,,,,,,,,,,,,,,,,,,,,,,,,,,,,,,,,,,,,,,,,,,,,,,,
,,,2025-08-11_06h27.25.419,CFMT_CCMT_Face_recognition,2023.2.3,Win32,59.88023952,677e29646b0a2cf5eff174dc,6899c7d7c4c961a016830ad3,6899c9e7ecbddf02cf1e440c,,,,,,,,,,,,,,,,,,,,,,,,,,,,,,,,,,,,,,,,,,,,,,,,,,,67.8414,68.5909,5,0,5,0,1,,,,,,,,,,,,,,,,,,,,,,,,,,,,,,,,,,,,,,,,,,,,,,,,,,,,,,,,,,,,,,,,,,,,,,,,,,,,,,,,,,,,,,,,,,,,,,,,,,,,,,,,,,,,,,,,,,,,,,,,,,,,,,,,,,,,,
,,,2025-08-11_06h27.25.419,CFMT_CCMT_Face_recognition,2023.2.3,Win32,59.88023952,677e29646b0a2cf5eff174dc,6899c7d7c4c961a016830ad3,6899c9e7ecbddf02cf1e440c,,,,,,,,,,,,,,,,,,,,,,,,,,,,,,,,,,,,,,,,,,,,,,68.5933,1.94647987,70.5407,70.5408,70.541,70.5422,71.291,0,0,0,0,1,68.5911,68.5929,,0,,,,,,,,,,,,,,,,,,,,,,,,,,,,,,,,,,,,,,,,,,,,,,,,,,,,,,,,,,,,,,,,,,,,,,,,,,,,,,,,,,,,,,,,,,,,,,,,,,,,,,,,,,,,,,,,,,,,,,,,,,,,,,,,,
,,,2025-08-11_06h27.25.419,CFMT_CCMT_Face_recognition,2023.2.3,Win32,59.88023952,677e29646b0a2cf5eff174dc,6899c7d7c4c961a016830ad3,6899c9e7ecbddf02cf1e440c,,,,,,,,,,,,,,,,,,,,,,,,,,,,,,,,,,,,,,,,,,,,,,,,,,,71.2918,72.0409,1,0,1,0,1,,,,,,,,,,,,,,,,,,,,,,,,,,,,,,,,,,,,,,,,,,,,,,,,,,,,,,,,,,,,,,,,,,,,,,,,,,,,,,,,,,,,,,,,,,,,,,,,,,,,,,,,,,,,,,,,,,,,,,,,,,,,,,,,,,,,,
,,,2025-08-11_06h27.25.419,CFMT_CCMT_Face_recognition,2023.2.3,Win32,59.88023952,677e29646b0a2cf5eff174dc,6899c7d7c4c961a016830ad3,6899c9e7ecbddf02cf1e440c,,,,,,,,,,,,,,,,,,,,,,,,,,,,,,,,,,,,,,,,,,,,,,,,,,,72.0414,72.7905,2,0,2,0,1,,,,,,,,,,,,,,,,,,,,,,,,,,,,,,,,,,,,,,,,,,,,,,,,,,,,,,,,,,,,,,,,,,,,,,,,,,,,,,,,,,,,,,,,,,,,,,,,,,,,,,,,,,,,,,,,,,,,,,,,,,,,,,,,,,,,,
,,,2025-08-11_06h27.25.419,CFMT_CCMT_Face_recognition,2023.2.3,Win32,59.88023952,677e29646b0a2cf5eff174dc,6899c7d7c4c961a016830ad3,6899c9e7ecbddf02cf1e440c,,,,,,,,,,,,,,,,,,,,,,,,,,,,,,,,,,,,,,,,,,,,,,,,,,,72.7912,73.541,3,0,3,0,1,,,,,,,,,,,,,,,,,,,,,,,,,,,,,,,,,,,,,,,,,,,,,,,,,,,,,,,,,,,,,,,,,,,,,,,,,,,,,,,,,,,,,,,,,,,,,,,,,,,,,,,,,,,,,,,,,,,,,,,,,,,,,,,,,,,,,
,,,2025-08-11_06h27.25.419,CFMT_CCMT_Face_recognition,2023.2.3,Win32,59.88023952,677e29646b0a2cf5eff174dc,6899c7d7c4c961a016830ad3,6899c9e7ecbddf02cf1e440c,,,,,,,,,,,,,,,,,,,,,,,,,,,,,,,,,,,,,,,,,,,,,,,,,,,73.5414,74.291,4,0,4,0,1,,,,,,,,,,,,,,,,,,,,,,,,,,,,,,,,,,,,,,,,,,,,,,,,,,,,,,,,,,,,,,,,,,,,,,,,,,,,,,,,,,,,,,,,,,,,,,,,,,,,,,,,,,,,,,,,,,,,,,,,,,,,,,,,,,,,,
,,,2025-08-11_06h27.25.419,CFMT_CCMT_Face_recognition,2023.2.3,Win32,59.88023952,677e29646b0a2cf5eff174dc,6899c7d7c4c961a016830ad3,6899c9e7ecbddf02cf1e440c,,,,,,,,,,,,,,,,,,,,,,,,,,,,,,,,,,,,,,,,,,,,,,,,,,,74.2916,75.041,5,0,5,0,1,,,,,,,,,,,,,,,,,,,,,,,,,,,,,,,,,,,,,,,,,,,,,,,,,,,,,,,,,,,,,,,,,,,,,,,,,,,,,,,,,,,,,,,,,,,,,,,,,,,,,,,,,,,,,,,,,,,,,,,,,,,,,,,,,,,,,
,,,2025-08-11_06h27.25.419,CFMT_CCMT_Face_recognition,2023.2.3,Win32,59.88023952,677e29646b0a2cf5eff174dc,6899c7d7c4c961a016830ad3,6899c9e7ecbddf02cf1e440c,,,,,,,,,,,,,,,,,,,,,,,,,,,,,,,,,,,,,,,,,,,,,,75.043,2.382541535,77.4243,77.4244,77.4244,77.4256,78.1743,0,0,0,0,1,75.0411,75.0427,,0,,,,,,,,,,,,,,,,,,,,,,,,,,,,,,,,,,,,,,,,,,,,,,,,,,,,,,,,,,,,,,,,,,,,,,,,,,,,,,,,,,,,,,,,,,,,,,,,,,,,,,,,,,,,,,,,,,,,,,,,,,,,,,,,,
,,,2025-08-11_06h27.25.419,CFMT_CCMT_Face_recognition,2023.2.3,Win32,59.88023952,677e29646b0a2cf5eff174dc,6899c7d7c4c961a016830ad3,6899c9e7ecbddf02cf1e440c,,,,,,,,,,,,,,,,,,,,,,,,,,,,,,,,,,,,,,,,,,,,,,,,,,,78.175,78.9241,1,0,1,0,1,,,,,,,,,,,,,,,,,,,,,,,,,,,,,,,,,,,,,,,,,,,,,,,,,,,,,,,,,,,,,,,,,,,,,,,,,,,,,,,,,,,,,,,,,,,,,,,,,,,,,,,,,,,,,,,,,,,,,,,,,,,,,,,,,,,,,
,,,2025-08-11_06h27.25.419,CFMT_CCMT_Face_recognition,2023.2.3,Win32,59.88023952,677e29646b0a2cf5eff174dc,6899c7d7c4c961a016830ad3,6899c9e7ecbddf02cf1e440c,,,,,,,,,,,,,,,,,,,,,,,,,,,,,,,,,,,,,,,,,,,,,,,,,,,78.9247,79.6743,2,0,2,0,1,,,,,,,,,,,,,,,,,,,,,,,,,,,,,,,,,,,,,,,,,,,,,,,,,,,,,,,,,,,,,,,,,,,,,,,,,,,,,,,,,,,,,,,,,,,,,,,,,,,,,,,,,,,,,,,,,,,,,,,,,,,,,,,,,,,,,
,,,2025-08-11_06h27.25.419,CFMT_CCMT_Face_recognition,2023.2.3,Win32,59.88023952,677e29646b0a2cf5eff174dc,6899c7d7c4c961a016830ad3,6899c9e7ecbddf02cf1e440c,,,,,,,,,,,,,,,,,,,,,,,,,,,,,,,,,,,,,,,,,,,,,,,,,,,79.6748,80.4243,3,0,3,0,1,,,,,,,,,,,,,,,,,,,,,,,,,,,,,,,,,,,,,,,,,,,,,,,,,,,,,,,,,,,,,,,,,,,,,,,,,,,,,,,,,,,,,,,,,,,,,,,,,,,,,,,,,,,,,,,,,,,,,,,,,,,,,,,,,,,,,
,,,2025-08-11_06h27.25.419,CFMT_CCMT_Face_recognition,2023.2.3,Win32,59.88023952,677e29646b0a2cf5eff174dc,6899c7d7c4c961a016830ad3,6899c9e7ecbddf02cf1e440c,,,,,,,,,,,,,,,,,,,,,,,,,,,,,,,,,,,,,,,,,,,,,,,,,,,80.4249,81.1743,4,0,4,0,1,,,,,,,,,,,,,,,,,,,,,,,,,,,,,,,,,,,,,,,,,,,,,,,,,,,,,,,,,,,,,,,,,,,,,,,,,,,,,,,,,,,,,,,,,,,,,,,,,,,,,,,,,,,,,,,,,,,,,,,,,,,,,,,,,,,,,
,,,2025-08-11_06h27.25.419,CFMT_CCMT_Face_recognition,2023.2.3,Win32,59.88023952,677e29646b0a2cf5eff174dc,6899c7d7c4c961a016830ad3,6899c9e7ecbddf02cf1e440c,,,,,,,,,,,,,,,,,,,,,,,,,,,,,,,,,,,,,,,,,,,,,,,,,,,81.1751,81.9243,5,0,5,0,1,,,,,,,,,,,,,,,,,,,,,,,,,,,,,,,,,,,,,,,,,,,,,,,,,,,,,,,,,,,,,,,,,,,,,,,,,,,,,,,,,,,,,,,,,,,,,,,,,,,,,,,,,,,,,,,,,,,,,,,,,,,,,,,,,,,,,
,,,2025-08-11_06h27.25.419,CFMT_CCMT_Face_recognition,2023.2.3,Win32,59.88023952,677e29646b0a2cf5eff174dc,6899c7d7c4c961a016830ad3,6899c9e7ecbddf02cf1e440c,,,,,,,,,,,,,,,,,,,,,,,,,,,,,,,,,,,,,,,,,,,,,,81.9267,1.702386755,83.6242,83.6242,83.6243,83.6264,84.3743,0,0,0,0,1,81.9245,81.9261,,0,,,,,,,,,,,,,,,,,,,,,,,,,,,,,,,,,,,,,,,,,,,,,,,,,,,,,,,,,,,,,,,,,,,,,,,,,,,,,,,,,,,,,,,,,,,,,,,,,,,,,,,,,,,,,,,,,,,,,,,,,,,,,,,,,
,,,2025-08-11_06h27.25.419,CFMT_CCMT_Face_recognition,2023.2.3,Win32,59.88023952,677e29646b0a2cf5eff174dc,6899c7d7c4c961a016830ad3,6899c9e7ecbddf02cf1e440c,,,,,,,,,,,,,,,,,,,,,,,,,,,,,,,,,,,,,,,,,,,,,,,,,,,84.3749,85.1243,1,0,1,0,1,,,,,,,,,,,,,,,,,,,,,,,,,,,,,,,,,,,,,,,,,,,,,,,,,,,,,,,,,,,,,,,,,,,,,,,,,,,,,,,,,,,,,,,,,,,,,,,,,,,,,,,,,,,,,,,,,,,,,,,,,,,,,,,,,,,,,
,,,2025-08-11_06h27.25.419,CFMT_CCMT_Face_recognition,2023.2.3,Win32,59.88023952,677e29646b0a2cf5eff174dc,6899c7d7c4c961a016830ad3,6899c9e7ecbddf02cf1e440c,,,,,,,,,,,,,,,,,,,,,,,,,,,,,,,,,,,,,,,,,,,,,,,,,,,85.1247,85.8743,2,0,2,0,1,,,,,,,,,,,,,,,,,,,,,,,,,,,,,,,,,,,,,,,,,,,,,,,,,,,,,,,,,,,,,,,,,,,,,,,,,,,,,,,,,,,,,,,,,,,,,,,,,,,,,,,,,,,,,,,,,,,,,,,,,,,,,,,,,,,,,
,,,2025-08-11_06h27.25.419,CFMT_CCMT_Face_recognition,2023.2.3,Win32,59.88023952,677e29646b0a2cf5eff174dc,6899c7d7c4c961a016830ad3,6899c9e7ecbddf02cf1e440c,,,,,,,,,,,,,,,,,,,,,,,,,,,,,,,,,,,,,,,,,,,,,,,,,,,85.8751,86.6245,3,0,3,0,1,,,,,,,,,,,,,,,,,,,,,,,,,,,,,,,,,,,,,,,,,,,,,,,,,,,,,,,,,,,,,,,,,,,,,,,,,,,,,,,,,,,,,,,,,,,,,,,,,,,,,,,,,,,,,,,,,,,,,,,,,,,,,,,,,,,,,
,,,2025-08-11_06h27.25.419,CFMT_CCMT_Face_recognition,2023.2.3,Win32,59.88023952,677e29646b0a2cf5eff174dc,6899c7d7c4c961a016830ad3,6899c9e7ecbddf02cf1e440c,,,,,,,,,,,,,,,,,,,,,,,,,,,,,,,,,,,,,,,,,,,,,,,,,,,86.6252,87.3743,4,0,4,0,1,,,,,,,,,,,,,,,,,,,,,,,,,,,,,,,,,,,,,,,,,,,,,,,,,,,,,,,,,,,,,,,,,,,,,,,,,,,,,,,,,,,,,,,,,,,,,,,,,,,,,,,,,,,,,,,,,,,,,,,,,,,,,,,,,,,,,
,,,2025-08-11_06h27.25.419,CFMT_CCMT_Face_recognition,2023.2.3,Win32,59.88023952,677e29646b0a2cf5eff174dc,6899c7d7c4c961a016830ad3,6899c9e7ecbddf02cf1e440c,,,,,,,,,,,,,,,,,,,,,,,,,,,,,,,,,,,,,,,,,,,,,,,,,,,87.3748,88.1244,5,0,5,0,1,,,,,,,,,,,,,,,,,,,,,,,,,,,,,,,,,,,,,,,,,,,,,,,,,,,,,,,,,,,,,,,,,,,,,,,,,,,,,,,,,,,,,,,,,,,,,,,,,,,,,,,,,,,,,,,,,,,,,,,,,,,,,,,,,,,,,
,,,2025-08-11_06h27.25.419,CFMT_CCMT_Face_recognition,2023.2.3,Win32,59.88023952,677e29646b0a2cf5eff174dc,6899c7d7c4c961a016830ad3,6899c9e7ecbddf02cf1e440c,,,,,,,,,,,,,,,,,,,,,,,,,,,,,,,,,,,,,,,,,,,,,,88.1267,2.343528257,90.4743,90.4743,90.4743,90.476,91.2243,0,0,0,0,1,88.1245,88.1263,,0,,,,,,,,,,,,,,,,,,,,,,,,,,,,,,,,,,,,,,,,,,,,,,,,,,,,,,,,,,,,,,,,,,,,,,,,,,,,,,,,,,,,,,,,,,,,,,,,,,,,,,,,,,,,,,,,,,,,,,,,,,,,,,,,,
,,,2025-08-11_06h27.25.419,CFMT_CCMT_Face_recognition,2023.2.3,Win32,59.88023952,677e29646b0a2cf5eff174dc,6899c7d7c4c961a016830ad3,6899c9e7ecbddf02cf1e440c,,,,,,,,,,,,,,,,,,,,,,,,,,,,,,,,,,,,,,,,,,,,,,,,,,,91.2248,91.9743,1,0,1,0,1,,,,,,,,,,,,,,,,,,,,,,,,,,,,,,,,,,,,,,,,,,,,,,,,,,,,,,,,,,,,,,,,,,,,,,,,,,,,,,,,,,,,,,,,,,,,,,,,,,,,,,,,,,,,,,,,,,,,,,,,,,,,,,,,,,,,,
,,,2025-08-11_06h27.25.419,CFMT_CCMT_Face_recognition,2023.2.3,Win32,59.88023952,677e29646b0a2cf5eff174dc,6899c7d7c4c961a016830ad3,6899c9e7ecbddf02cf1e440c,,,,,,,,,,,,,,,,,,,,,,,,,,,,,,,,,,,,,,,,,,,,,,,,,,,91.9748,92.7245,2,0,2,0,1,,,,,,,,,,,,,,,,,,,,,,,,,,,,,,,,,,,,,,,,,,,,,,,,,,,,,,,,,,,,,,,,,,,,,,,,,,,,,,,,,,,,,,,,,,,,,,,,,,,,,,,,,,,,,,,,,,,,,,,,,,,,,,,,,,,,,
,,,2025-08-11_06h27.25.419,CFMT_CCMT_Face_recognition,2023.2.3,Win32,59.88023952,677e29646b0a2cf5eff174dc,6899c7d7c4c961a016830ad3,6899c9e7ecbddf02cf1e440c,,,,,,,,,,,,,,,,,,,,,,,,,,,,,,,,,,,,,,,,,,,,,,,,,,,92.7253,93.4745,3,0,3,0,1,,,,,,,,,,,,,,,,,,,,,,,,,,,,,,,,,,,,,,,,,,,,,,,,,,,,,,,,,,,,,,,,,,,,,,,,,,,,,,,,,,,,,,,,,,,,,,,,,,,,,,,,,,,,,,,,,,,,,,,,,,,,,,,,,,,,,
,,,2025-08-11_06h27.25.419,CFMT_CCMT_Face_recognition,2023.2.3,Win32,59.88023952,677e29646b0a2cf5eff174dc,6899c7d7c4c961a016830ad3,6899c9e7ecbddf02cf1e440c,,,,,,,,,,,,,,,,,,,,,,,,,,,,,,,,,,,,,,,,,,,,,,,,,,,93.4752,94.2243,4,0,4,0,1,,,,,,,,,,,,,,,,,,,,,,,,,,,,,,,,,,,,,,,,,,,,,,,,,,,,,,,,,,,,,,,,,,,,,,,,,,,,,,,,,,,,,,,,,,,,,,,,,,,,,,,,,,,,,,,,,,,,,,,,,,,,,,,,,,,,,
,,,2025-08-11_06h27.25.419,CFMT_CCMT_Face_recognition,2023.2.3,Win32,59.88023952,677e29646b0a2cf5eff174dc,6899c7d7c4c961a016830ad3,6899c9e7ecbddf02cf1e440c,,,,,,,,,,,,,,,,,,,,,,,,,,,,,,,,,,,,,,,,,,,,,,,,,,,94.2248,94.9743,5,0,5,0,1,,,,,,,,,,,,,,,,,,,,,,,,,,,,,,,,,,,,,,,,,,,,,,,,,,,,,,,,,,,,,,,,,,,,,,,,,,,,,,,,,,,,,,,,,,,,,,,,,,,,,,,,,,,,,,,,,,,,,,,,,,,,,,,,,,,,,
,,,2025-08-11_06h27.25.419,CFMT_CCMT_Face_recognition,2023.2.3,Win32,59.88023952,677e29646b0a2cf5eff174dc,6899c7d7c4c961a016830ad3,6899c9e7ecbddf02cf1e440c,,,,,,,,,,,,,,,,,,,,,,,,,,,,,,,,,,,,,,,,,,,,,,94.9766,1.585962103,96.5577,96.5578,96.5579,96.5594,97.3078,0,0,0,0,1,94.9744,94.9762,,0,,,,,,,,,,,,,,,,,,,,,,,,,,,,,,,,,,,,,,,,,,,,,,,,,,,,,,,,,,,,,,,,,,,,,,,,,,,,,,,,,,,,,,,,,,,,,,,,,,,,,,,,,,,,,,,,,,,,,,,,,,,,,,,,,
,,,2025-08-11_06h27.25.419,CFMT_CCMT_Face_recognition,2023.2.3,Win32,59.88023952,677e29646b0a2cf5eff174dc,6899c7d7c4c961a016830ad3,6899c9e7ecbddf02cf1e440c,,,,,,,,,,,,,,,,,,,,,,,,,,,,,,,,,,,,,,,,,,,,,,,,,,,97.3084,98.0576,1,0,1,0,1,,,,,,,,,,,,,,,,,,,,,,,,,,,,,,,,,,,,,,,,,,,,,,,,,,,,,,,,,,,,,,,,,,,,,,,,,,,,,,,,,,,,,,,,,,,,,,,,,,,,,,,,,,,,,,,,,,,,,,,,,,,,,,,,,,,,,
,,,2025-08-11_06h27.25.419,CFMT_CCMT_Face_recognition,2023.2.3,Win32,59.88023952,677e29646b0a2cf5eff174dc,6899c7d7c4c961a016830ad3,6899c9e7ecbddf02cf1e440c,,,,,,,,,,,,,,,,,,,,,,,,,,,,,,,,,,,,,,,,,,,,,,,,,,,98.0581,98.8076,2,0,2,0,1,,,,,,,,,,,,,,,,,,,,,,,,,,,,,,,,,,,,,,,,,,,,,,,,,,,,,,,,,,,,,,,,,,,,,,,,,,,,,,,,,,,,,,,,,,,,,,,,,,,,,,,,,,,,,,,,,,,,,,,,,,,,,,,,,,,,,
,,,2025-08-11_06h27.25.419,CFMT_CCMT_Face_recognition,2023.2.3,Win32,59.88023952,677e29646b0a2cf5eff174dc,6899c7d7c4c961a016830ad3,6899c9e7ecbddf02cf1e440c,,,,,,,,,,,,,,,,,,,,,,,,,,,,,,,,,,,,,,,,,,,,,,,,,,,98.8081,99.5577,3,0,3,0,1,,,,,,,,,,,,,,,,,,,,,,,,,,,,,,,,,,,,,,,,,,,,,,,,,,,,,,,,,,,,,,,,,,,,,,,,,,,,,,,,,,,,,,,,,,,,,,,,,,,,,,,,,,,,,,,,,,,,,,,,,,,,,,,,,,,,,
,,,2025-08-11_06h27.25.419,CFMT_CCMT_Face_recognition,2023.2.3,Win32,59.88023952,677e29646b0a2cf5eff174dc,6899c7d7c4c961a016830ad3,6899c9e7ecbddf02cf1e440c,,,,,,,,,,,,,,,,,,,,,,,,,,,,,,,,,,,,,,,,,,,,,,,,,,,99.5583,100.3077,4,0,4,0,1,,,,,,,,,,,,,,,,,,,,,,,,,,,,,,,,,,,,,,,,,,,,,,,,,,,,,,,,,,,,,,,,,,,,,,,,,,,,,,,,,,,,,,,,,,,,,,,,,,,,,,,,,,,,,,,,,,,,,,,,,,,,,,,,,,,,,
,,,2025-08-11_06h27.25.419,CFMT_CCMT_Face_recognition,2023.2.3,Win32,59.88023952,677e29646b0a2cf5eff174dc,6899c7d7c4c961a016830ad3,6899c9e7ecbddf02cf1e440c,,,,,,,,,,,,,,,,,,,,,,,,,,,,,,,,,,,,,,,,,,,,,,,,,,,100.3083,101.0577,5,0,5,0,1,,,,,,,,,,,,,,,,,,,,,,,,,,,,,,,,,,,,,,,,,,,,,,,,,,,,,,,,,,,,,,,,,,,,,,,,,,,,,,,,,,,,,,,,,,,,,,,,,,,,,,,,,,,,,,,,,,,,,,,,,,,,,,,,,,,,,
,,,2025-08-11_06h27.25.419,CFMT_CCMT_Face_recognition,2023.2.3,Win32,59.88023952,677e29646b0a2cf5eff174dc,6899c7d7c4c961a016830ad3,6899c9e7ecbddf02cf1e440c,,,,,,,,,,,,,,,,,,,,,,,,,,,,,,,,,,,,,,,,,,,,,,104.9251,2.307102079,107.2243,107.2243,107.2244,107.2257,107.9744,0,0,0,0,1,101.0579,104.9245,q,1,3.8564,,,,,,,,,,,,,,,,,,,,,,,,,,,,,,,,,,,,,,,,,,,,,,,,,,,,,,,,,,,,,,,,,,,,,,,,,,,,,,,,,,,,,,,,,,,,,,,,,,,,,,,,,,,,,,,,,,,,,,,,,,,,,,,,
,,,2025-08-11_06h27.25.419,CFMT_CCMT_Face_recognition,2023.2.3,Win32,59.88023952,677e29646b0a2cf5eff174dc,6899c7d7c4c961a016830ad3,6899c9e7ecbddf02cf1e440c,,,,,,,,,,,,,,,,,,,,,,,,,,,,,,,,,,,,,,,,,,,,,,,,,,,107.9752,108.7244,1,0,1,0,1,,,,,,,,,,,,,,,,,,,,,,,,,,,,,,,,,,,,,,,,,,,,,,,,,,,,,,,,,,,,,,,,,,,,,,,,,,,,,,,,,,,,,,,,,,,,,,,,,,,,,,,,,,,,,,,,,,,,,,,,,,,,,,,,,,,,,
,,,2025-08-11_06h27.25.419,CFMT_CCMT_Face_recognition,2023.2.3,Win32,59.88023952,677e29646b0a2cf5eff174dc,6899c7d7c4c961a016830ad3,6899c9e7ecbddf02cf1e440c,,,,,,,,,,,,,,,,,,,,,,,,,,,,,,,,,,,,,,,,,,,,,,,,,,,108.7249,109.4744,2,0,2,0,1,,,,,,,,,,,,,,,,,,,,,,,,,,,,,,,,,,,,,,,,,,,,,,,,,,,,,,,,,,,,,,,,,,,,,,,,,,,,,,,,,,,,,,,,,,,,,,,,,,,,,,,,,,,,,,,,,,,,,,,,,,,,,,,,,,,,,
,,,2025-08-11_06h27.25.419,CFMT_CCMT_Face_recognition,2023.2.3,Win32,59.88023952,677e29646b0a2cf5eff174dc,6899c7d7c4c961a016830ad3,6899c9e7ecbddf02cf1e440c,,,,,,,,,,,,,,,,,,,,,,,,,,,,,,,,,,,,,,,,,,,,,,,,,,,109.4749,110.2245,3,0,3,0,1,,,,,,,,,,,,,,,,,,,,,,,,,,,,,,,,,,,,,,,,,,,,,,,,,,,,,,,,,,,,,,,,,,,,,,,,,,,,,,,,,,,,,,,,,,,,,,,,,,,,,,,,,,,,,,,,,,,,,,,,,,,,,,,,,,,,,
,,,2025-08-11_06h27.25.419,CFMT_CCMT_Face_recognition,2023.2.3,Win32,59.88023952,677e29646b0a2cf5eff174dc,6899c7d7c4c961a016830ad3,6899c9e7ecbddf02cf1e440c,,,,,,,,,,,,,,,,,,,,,,,,,,,,,,,,,,,,,,,,,,,,,,,,,,,110.2251,110.9742,4,0,4,0,1,,,,,,,,,,,,,,,,,,,,,,,,,,,,,,,,,,,,,,,,,,,,,,,,,,,,,,,,,,,,,,,,,,,,,,,,,,,,,,,,,,,,,,,,,,,,,,,,,,,,,,,,,,,,,,,,,,,,,,,,,,,,,,,,,,,,,
,,,2025-08-11_06h27.25.419,CFMT_CCMT_Face_recognition,2023.2.3,Win32,59.88023952,677e29646b0a2cf5eff174dc,6899c7d7c4c961a016830ad3,6899c9e7ecbddf02cf1e440c,,,,,,,,,,,,,,,,,,,,,,,,,,,,,,,,,,,,,,,,,,,,,,,,,,,110.9748,111.7245,5,0,5,0,1,,,,,,,,,,,,,,,,,,,,,,,,,,,,,,,,,,,,,,,,,,,,,,,,,,,,,,,,,,,,,,,,,,,,,,,,,,,,,,,,,,,,,,,,,,,,,,,,,,,,,,,,,,,,,,,,,,,,,,,,,,,,,,,,,,,,,
,,,2025-08-11_06h27.25.419,CFMT_CCMT_Face_recognition,2023.2.3,Win32,59.88023952,677e29646b0a2cf5eff174dc,6899c7d7c4c961a016830ad3,6899c9e7ecbddf02cf1e440c,,,,,,,,,,,,,,,,,,,,,,,,,,,,,,,,,,,,,,,,,,,,,,111.7265,2.448323431,114.1745,114.1746,114.1747,114.1768,114.9243,0,0,0,0,1,111.7246,111.7261,,0,,,,,,,,,,,,,,,,,,,,,,,,,,,,,,,,,,,,,,,,,,,,,,,,,,,,,,,,,,,,,,,,,,,,,,,,,,,,,,,,,,,,,,,,,,,,,,,,,,,,,,,,,,,,,,,,,,,,,,,,,,,,,,,,,
,,,2025-08-11_06h27.25.419,CFMT_CCMT_Face_recognition,2023.2.3,Win32,59.88023952,677e29646b0a2cf5eff174dc,6899c7d7c4c961a016830ad3,6899c9e7ecbddf02cf1e440c,,,,,,,,,,,,,,,,,,,,,,,,,,,,,,,,,,,,,,,,,,,,,,,,,,,114.9249,115.6741,1,0,1,0,1,,,,,,,,,,,,,,,,,,,,,,,,,,,,,,,,,,,,,,,,,,,,,,,,,,,,,,,,,,,,,,,,,,,,,,,,,,,,,,,,,,,,,,,,,,,,,,,,,,,,,,,,,,,,,,,,,,,,,,,,,,,,,,,,,,,,,
,,,2025-08-11_06h27.25.419,CFMT_CCMT_Face_recognition,2023.2.3,Win32,59.88023952,677e29646b0a2cf5eff174dc,6899c7d7c4c961a016830ad3,6899c9e7ecbddf02cf1e440c,,,,,,,,,,,,,,,,,,,,,,,,,,,,,,,,,,,,,,,,,,,,,,,,,,,115.6745,116.4245,2,0,2,0,1,,,,,,,,,,,,,,,,,,,,,,,,,,,,,,,,,,,,,,,,,,,,,,,,,,,,,,,,,,,,,,,,,,,,,,,,,,,,,,,,,,,,,,,,,,,,,,,,,,,,,,,,,,,,,,,,,,,,,,,,,,,,,,,,,,,,,
,,,2025-08-11_06h27.25.419,CFMT_CCMT_Face_recognition,2023.2.3,Win32,59.88023952,677e29646b0a2cf5eff174dc,6899c7d7c4c961a016830ad3,6899c9e7ecbddf02cf1e440c,,,,,,,,,,,,,,,,,,,,,,,,,,,,,,,,,,,,,,,,,,,,,,,,,,,116.4251,117.1743,3,0,3,0,1,,,,,,,,,,,,,,,,,,,,,,,,,,,,,,,,,,,,,,,,,,,,,,,,,,,,,,,,,,,,,,,,,,,,,,,,,,,,,,,,,,,,,,,,,,,,,,,,,,,,,,,,,,,,,,,,,,,,,,,,,,,,,,,,,,,,,
,,,2025-08-11_06h27.25.419,CFMT_CCMT_Face_recognition,2023.2.3,Win32,59.88023952,677e29646b0a2cf5eff174dc,6899c7d7c4c961a016830ad3,6899c9e7ecbddf02cf1e440c,,,,,,,,,,,,,,,,,,,,,,,,,,,,,,,,,,,,,,,,,,,,,,,,,,,117.1748,117.9245,4,0,4,0,1,,,,,,,,,,,,,,,,,,,,,,,,,,,,,,,,,,,,,,,,,,,,,,,,,,,,,,,,,,,,,,,,,,,,,,,,,,,,,,,,,,,,,,,,,,,,,,,,,,,,,,,,,,,,,,,,,,,,,,,,,,,,,,,,,,,,,
,,,2025-08-11_06h27.25.419,CFMT_CCMT_Face_recognition,2023.2.3,Win32,59.88023952,677e29646b0a2cf5eff174dc,6899c7d7c4c961a016830ad3,6899c9e7ecbddf02cf1e440c,,,,,,,,,,,,,,,,,,,,,,,,,,,,,,,,,,,,,,,,,,,,,,,,,,,117.9251,118.6744,5,0,5,0,1,,,,,,,,,,,,,,,,,,,,,,,,,,,,,,,,,,,,,,,,,,,,,,,,,,,,,,,,,,,,,,,,,,,,,,,,,,,,,,,,,,,,,,,,,,,,,,,,,,,,,,,,,,,,,,,,,,,,,,,,,,,,,,,,,,,,,
,,,2025-08-11_06h27.25.419,CFMT_CCMT_Face_recognition,2023.2.3,Win32,59.88023952,677e29646b0a2cf5eff174dc,6899c7d7c4c961a016830ad3,6899c9e7ecbddf02cf1e440c,,,,,,,,,,,,,,,,,,,,,,,,,,,,,,,,,,,,,,,,,,,,,,118.6765,1.753277692,120.4245,120.4246,120.4246,120.4263,121.1744,0,0,0,0,1,118.6745,118.6761,,0,,,,,,,,,,,,,,,,,,,,,,,,,,,,,,,,,,,,,,,,,,,,,,,,,,,,,,,,,,,,,,,,,,,,,,,,,,,,,,,,,,,,,,,,,,,,,,,,,,,,,,,,,,,,,,,,,,,,,,,,,,,,,,,,,
,,,2025-08-11_06h27.25.419,CFMT_CCMT_Face_recognition,2023.2.3,Win32,59.88023952,677e29646b0a2cf5eff174dc,6899c7d7c4c961a016830ad3,6899c9e7ecbddf02cf1e440c,,,,,,,,,,,,,,,,,,,,,,,,,,,,,,,,,,,,,,,,,,,,,,,,,,,121.1749,121.9244,1,0,1,0,1,,,,,,,,,,,,,,,,,,,,,,,,,,,,,,,,,,,,,,,,,,,,,,,,,,,,,,,,,,,,,,,,,,,,,,,,,,,,,,,,,,,,,,,,,,,,,,,,,,,,,,,,,,,,,,,,,,,,,,,,,,,,,,,,,,,,,
,,,2025-08-11_06h27.25.419,CFMT_CCMT_Face_recognition,2023.2.3,Win32,59.88023952,677e29646b0a2cf5eff174dc,6899c7d7c4c961a016830ad3,6899c9e7ecbddf02cf1e440c,,,,,,,,,,,,,,,,,,,,,,,,,,,,,,,,,,,,,,,,,,,,,,,,,,,121.9249,122.6744,2,0,2,0,1,,,,,,,,,,,,,,,,,,,,,,,,,,,,,,,,,,,,,,,,,,,,,,,,,,,,,,,,,,,,,,,,,,,,,,,,,,,,,,,,,,,,,,,,,,,,,,,,,,,,,,,,,,,,,,,,,,,,,,,,,,,,,,,,,,,,,
,,,2025-08-11_06h27.25.419,CFMT_CCMT_Face_recognition,2023.2.3,Win32,59.88023952,677e29646b0a2cf5eff174dc,6899c7d7c4c961a016830ad3,6899c9e7ecbddf02cf1e440c,,,,,,,,,,,,,,,,,,,,,,,,,,,,,,,,,,,,,,,,,,,,,,,,,,,122.6749,123.4245,3,0,3,0,1,,,,,,,,,,,,,,,,,,,,,,,,,,,,,,,,,,,,,,,,,,,,,,,,,,,,,,,,,,,,,,,,,,,,,,,,,,,,,,,,,,,,,,,,,,,,,,,,,,,,,,,,,,,,,,,,,,,,,,,,,,,,,,,,,,,,,
,,,2025-08-11_06h27.25.419,CFMT_CCMT_Face_recognition,2023.2.3,Win32,59.88023952,677e29646b0a2cf5eff174dc,6899c7d7c4c961a016830ad3,6899c9e7ecbddf02cf1e440c,,,,,,,,,,,,,,,,,,,,,,,,,,,,,,,,,,,,,,,,,,,,,,,,,,,123.425,124.1745,4,0,4,0,1,,,,,,,,,,,,,,,,,,,,,,,,,,,,,,,,,,,,,,,,,,,,,,,,,,,,,,,,,,,,,,,,,,,,,,,,,,,,,,,,,,,,,,,,,,,,,,,,,,,,,,,,,,,,,,,,,,,,,,,,,,,,,,,,,,,,,
,,,2025-08-11_06h27.25.419,CFMT_CCMT_Face_recognition,2023.2.3,Win32,59.88023952,677e29646b0a2cf5eff174dc,6899c7d7c4c961a016830ad3,6899c9e7ecbddf02cf1e440c,,,,,,,,,,,,,,,,,,,,,,,,,,,,,,,,,,,,,,,,,,,,,,,,,,,124.1751,124.9243,5,0,5,0,1,,,,,,,,,,,,,,,,,,,,,,,,,,,,,,,,,,,,,,,,,,,,,,,,,,,,,,,,,,,,,,,,,,,,,,,,,,,,,,,,,,,,,,,,,,,,,,,,,,,,,,,,,,,,,,,,,,,,,,,,,,,,,,,,,,,,,
,,,2025-08-11_06h27.25.419,CFMT_CCMT_Face_recognition,2023.2.3,Win32,59.88023952,677e29646b0a2cf5eff174dc,6899c7d7c4c961a016830ad3,6899c9e7ecbddf02cf1e440c,,,,,,,,,,,,,,,,,,,,,,,,,,,,,,,,,,,,,,,,,,,,,,124.9265,2.195284593,127.1245,127.1245,127.1245,127.1261,127.8744,0,0,0,0,1,124.9245,124.926,,0,,,,,,,,,,,,,,,,,,,,,,,,,,,,,,,,,,,,,,,,,,,,,,,,,,,,,,,,,,,,,,,,,,,,,,,,,,,,,,,,,,,,,,,,,,,,,,,,,,,,,,,,,,,,,,,,,,,,,,,,,,,,,,,,,
,,,2025-08-11_06h27.25.419,CFMT_CCMT_Face_recognition,2023.2.3,Win32,59.88023952,677e29646b0a2cf5eff174dc,6899c7d7c4c961a016830ad3,6899c9e7ecbddf02cf1e440c,,,,,,,,,,,,,,,,,,,,,,,,,,,,,,,,,,,,,,,,,,,,,,,,,,,127.875,128.6245,1,0,1,0,1,,,,,,,,,,,,,,,,,,,,,,,,,,,,,,,,,,,,,,,,,,,,,,,,,,,,,,,,,,,,,,,,,,,,,,,,,,,,,,,,,,,,,,,,,,,,,,,,,,,,,,,,,,,,,,,,,,,,,,,,,,,,,,,,,,,,,
,,,2025-08-11_06h27.25.419,CFMT_CCMT_Face_recognition,2023.2.3,Win32,59.88023952,677e29646b0a2cf5eff174dc,6899c7d7c4c961a016830ad3,6899c9e7ecbddf02cf1e440c,,,,,,,,,,,,,,,,,,,,,,,,,,,,,,,,,,,,,,,,,,,,,,,,,,,128.6255,129.3742,2,0,2,0,1,,,,,,,,,,,,,,,,,,,,,,,,,,,,,,,,,,,,,,,,,,,,,,,,,,,,,,,,,,,,,,,,,,,,,,,,,,,,,,,,,,,,,,,,,,,,,,,,,,,,,,,,,,,,,,,,,,,,,,,,,,,,,,,,,,,,,
,,,2025-08-11_06h27.25.419,CFMT_CCMT_Face_recognition,2023.2.3,Win32,59.88023952,677e29646b0a2cf5eff174dc,6899c7d7c4c961a016830ad3,6899c9e7ecbddf02cf1e440c,,,,,,,,,,,,,,,,,,,,,,,,,,,,,,,,,,,,,,,,,,,,,,,,,,,129.3746,130.1244,3,0,3,0,1,,,,,,,,,,,,,,,,,,,,,,,,,,,,,,,,,,,,,,,,,,,,,,,,,,,,,,,,,,,,,,,,,,,,,,,,,,,,,,,,,,,,,,,,,,,,,,,,,,,,,,,,,,,,,,,,,,,,,,,,,,,,,,,,,,,,,
,,,2025-08-11_06h27.25.419,CFMT_CCMT_Face_recognition,2023.2.3,Win32,59.88023952,677e29646b0a2cf5eff174dc,6899c7d7c4c961a016830ad3,6899c9e7ecbddf02cf1e440c,,,,,,,,,,,,,,,,,,,,,,,,,,,,,,,,,,,,,,,,,,,,,,,,,,,130.1249,130.8744,4,0,4,0,1,,,,,,,,,,,,,,,,,,,,,,,,,,,,,,,,,,,,,,,,,,,,,,,,,,,,,,,,,,,,,,,,,,,,,,,,,,,,,,,,,,,,,,,,,,,,,,,,,,,,,,,,,,,,,,,,,,,,,,,,,,,,,,,,,,,,,
,,,2025-08-11_06h27.25.419,CFMT_CCMT_Face_recognition,2023.2.3,Win32,59.88023952,677e29646b0a2cf5eff174dc,6899c7d7c4c961a016830ad3,6899c9e7ecbddf02cf1e440c,,,,,,,,,,,,,,,,,,,,,,,,,,,,,,,,,,,,,,,,,,,,,,,,,,,130.8749,131.6245,5,0,5,0,1,,,,,,,,,,,,,,,,,,,,,,,,,,,,,,,,,,,,,,,,,,,,,,,,,,,,,,,,,,,,,,,,,,,,,,,,,,,,,,,,,,,,,,,,,,,,,,,,,,,,,,,,,,,,,,,,,,,,,,,,,,,,,,,,,,,,,
,,,2025-08-11_06h27.25.419,CFMT_CCMT_Face_recognition,2023.2.3,Win32,59.88023952,677e29646b0a2cf5eff174dc,6899c7d7c4c961a016830ad3,6899c9e7ecbddf02cf1e440c,,,,,,,,,,,,,,,,,,,,,,,,,,,,,,,,,,,,,,,,,,,,,,131.6265,2.086905924,133.7078,133.7078,133.7078,133.7096,134.4578,0,0,0,0,1,131.6245,131.626,,0,,,,,,,,,,,,,,,,,,,,,,,,,,,,,,,,,,,,,,,,,,,,,,,,,,,,,,,,,,,,,,,,,,,,,,,,,,,,,,,,,,,,,,,,,,,,,,,,,,,,,,,,,,,,,,,,,,,,,,,,,,,,,,,,,
,,,2025-08-11_06h27.25.419,CFMT_CCMT_Face_recognition,2023.2.3,Win32,59.88023952,677e29646b0a2cf5eff174dc,6899c7d7c4c961a016830ad3,6899c9e7ecbddf02cf1e440c,,,,,,,,,,,,,,,,,,,,,,,,,,,,,,,,,,,,,,,,,,,,,,,,,,,134.4583,135.2078,1,0,1,0,1,,,,,,,,,,,,,,,,,,,,,,,,,,,,,,,,,,,,,,,,,,,,,,,,,,,,,,,,,,,,,,,,,,,,,,,,,,,,,,,,,,,,,,,,,,,,,,,,,,,,,,,,,,,,,,,,,,,,,,,,,,,,,,,,,,,,,
,,,2025-08-11_06h27.25.419,CFMT_CCMT_Face_recognition,2023.2.3,Win32,59.88023952,677e29646b0a2cf5eff174dc,6899c7d7c4c961a016830ad3,6899c9e7ecbddf02cf1e440c,,,,,,,,,,,,,,,,,,,,,,,,,,,,,,,,,,,,,,,,,,,,,,,,,,,135.2082,135.9578,2,0,2,0,1,,,,,,,,,,,,,,,,,,,,,,,,,,,,,,,,,,,,,,,,,,,,,,,,,,,,,,,,,,,,,,,,,,,,,,,,,,,,,,,,,,,,,,,,,,,,,,,,,,,,,,,,,,,,,,,,,,,,,,,,,,,,,,,,,,,,,
,,,2025-08-11_06h27.25.419,CFMT_CCMT_Face_recognition,2023.2.3,Win32,59.88023952,677e29646b0a2cf5eff174dc,6899c7d7c4c961a016830ad3,6899c9e7ecbddf02cf1e440c,,,,,,,,,,,,,,,,,,,,,,,,,,,,,,,,,,,,,,,,,,,,,,,,,,,135.9584,136.7078,3,0,3,0,1,,,,,,,,,,,,,,,,,,,,,,,,,,,,,,,,,,,,,,,,,,,,,,,,,,,,,,,,,,,,,,,,,,,,,,,,,,,,,,,,,,,,,,,,,,,,,,,,,,,,,,,,,,,,,,,,,,,,,,,,,,,,,,,,,,,,,
,,,2025-08-11_06h27.25.419,CFMT_CCMT_Face_recognition,2023.2.3,Win32,59.88023952,677e29646b0a2cf5eff174dc,6899c7d7c4c961a016830ad3,6899c9e7ecbddf02cf1e440c,,,,,,,,,,,,,,,,,,,,,,,,,,,,,,,,,,,,,,,,,,,,,,,,,,,136.7082,137.4578,4,0,4,0,1,,,,,,,,,,,,,,,,,,,,,,,,,,,,,,,,,,,,,,,,,,,,,,,,,,,,,,,,,,,,,,,,,,,,,,,,,,,,,,,,,,,,,,,,,,,,,,,,,,,,,,,,,,,,,,,,,,,,,,,,,,,,,,,,,,,,,
,,,2025-08-11_06h27.25.419,CFMT_CCMT_Face_recognition,2023.2.3,Win32,59.88023952,677e29646b0a2cf5eff174dc,6899c7d7c4c961a016830ad3,6899c9e7ecbddf02cf1e440c,,,,,,,,,,,,,,,,,,,,,,,,,,,,,,,,,,,,,,,,,,,,,,,,,,,137.4583,138.2079,5,0,5,0,1,,,,,,,,,,,,,,,,,,,,,,,,,,,,,,,,,,,,,,,,,,,,,,,,,,,,,,,,,,,,,,,,,,,,,,,,,,,,,,,,,,,,,,,,,,,,,,,,,,,,,,,,,,,,,,,,,,,,,,,,,,,,,,,,,,,,,
,,,2025-08-11_06h27.25.419,CFMT_CCMT_Face_recognition,2023.2.3,Win32,59.88023952,677e29646b0a2cf5eff174dc,6899c7d7c4c961a016830ad3,6899c9e7ecbddf02cf1e440c,,,,,,,,,,,,,,,,,,,,,,,,,,,,,,,,,,,,,,,,,,,,,,138.2097,1.564168095,139.7745,139.7745,139.7746,139.776,140.5244,0,0,0,0,1,138.2079,138.2093,,0,,,,,,,,,,,,,,,,,,,,,,,,,,,,,,,,,,,,,,,,,,,,,,,,,,,,,,,,,,,,,,,,,,,,,,,,,,,,,,,,,,,,,,,,,,,,,,,,,,,,,,,,,,,,,,,,,,,,,,,,,,,,,,,,,
,,,2025-08-11_06h27.25.419,CFMT_CCMT_Face_recognition,2023.2.3,Win32,59.88023952,677e29646b0a2cf5eff174dc,6899c7d7c4c961a016830ad3,6899c9e7ecbddf02cf1e440c,,,,,,,,,,,,,,,,,,,,,,,,,,,,,,,,,,,,,,,,,,,,,,,,,,,140.525,141.2744,1,0,1,0,1,,,,,,,,,,,,,,,,,,,,,,,,,,,,,,,,,,,,,,,,,,,,,,,,,,,,,,,,,,,,,,,,,,,,,,,,,,,,,,,,,,,,,,,,,,,,,,,,,,,,,,,,,,,,,,,,,,,,,,,,,,,,,,,,,,,,,
,,,2025-08-11_06h27.25.419,CFMT_CCMT_Face_recognition,2023.2.3,Win32,59.88023952,677e29646b0a2cf5eff174dc,6899c7d7c4c961a016830ad3,6899c9e7ecbddf02cf1e440c,,,,,,,,,,,,,,,,,,,,,,,,,,,,,,,,,,,,,,,,,,,,,,,,,,,141.2751,142.0245,2,0,2,0,1,,,,,,,,,,,,,,,,,,,,,,,,,,,,,,,,,,,,,,,,,,,,,,,,,,,,,,,,,,,,,,,,,,,,,,,,,,,,,,,,,,,,,,,,,,,,,,,,,,,,,,,,,,,,,,,,,,,,,,,,,,,,,,,,,,,,,
,,,2025-08-11_06h27.25.419,CFMT_CCMT_Face_recognition,2023.2.3,Win32,59.88023952,677e29646b0a2cf5eff174dc,6899c7d7c4c961a016830ad3,6899c9e7ecbddf02cf1e440c,,,,,,,,,,,,,,,,,,,,,,,,,,,,,,,,,,,,,,,,,,,,,,,,,,,142.0251,142.7746,3,0,3,0,1,,,,,,,,,,,,,,,,,,,,,,,,,,,,,,,,,,,,,,,,,,,,,,,,,,,,,,,,,,,,,,,,,,,,,,,,,,,,,,,,,,,,,,,,,,,,,,,,,,,,,,,,,,,,,,,,,,,,,,,,,,,,,,,,,,,,,
,,,2025-08-11_06h27.25.419,CFMT_CCMT_Face_recognition,2023.2.3,Win32,59.88023952,677e29646b0a2cf5eff174dc,6899c7d7c4c961a016830ad3,6899c9e7ecbddf02cf1e440c,,,,,,,,,,,,,,,,,,,,,,,,,,,,,,,,,,,,,,,,,,,,,,,,,,,142.7753,143.5245,4,0,4,0,1,,,,,,,,,,,,,,,,,,,,,,,,,,,,,,,,,,,,,,,,,,,,,,,,,,,,,,,,,,,,,,,,,,,,,,,,,,,,,,,,,,,,,,,,,,,,,,,,,,,,,,,,,,,,,,,,,,,,,,,,,,,,,,,,,,,,,
,,,2025-08-11_06h27.25.419,CFMT_CCMT_Face_recognition,2023.2.3,Win32,59.88023952,677e29646b0a2cf5eff174dc,6899c7d7c4c961a016830ad3,6899c9e7ecbddf02cf1e440c,,,,,,,,,,,,,,,,,,,,,,,,,,,,,,,,,,,,,,,,,,,,,,,,,,,143.5253,144.2745,5,0,5,0,1,,,,,,,,,,,,,,,,,,,,,,,,,,,,,,,,,,,,,,,,,,,,,,,,,,,,,,,,,,,,,,,,,,,,,,,,,,,,,,,,,,,,,,,,,,,,,,,,,,,,,,,,,,,,,,,,,,,,,,,,,,,,,,,,,,,,,
,,,2025-08-11_06h27.25.419,CFMT_CCMT_Face_recognition,2023.2.3,Win32,59.88023952,677e29646b0a2cf5eff174dc,6899c7d7c4c961a016830ad3,6899c9e7ecbddf02cf1e440c,,,,,,,,,,,,,,,,,,,,,,,,,,,,,,,,,,,,,,,,,,,,,,144.2762,2.032765303,146.308,146.3081,146.3082,146.3096,147.0579,0,0,0,0,1,144.2746,144.2758,,0,,,,,,,,,,,,,,,,,,,,,,,,,,,,,,,,,,,,,,,,,,,,,,,,,,,,,,,,,,,,,,,,,,,,,,,,,,,,,,,,,,,,,,,,,,,,,,,,,,,,,,,,,,,,,,,,,,,,,,,,,,,,,,,,,
,,,2025-08-11_06h27.25.419,CFMT_CCMT_Face_recognition,2023.2.3,Win32,59.88023952,677e29646b0a2cf5eff174dc,6899c7d7c4c961a016830ad3,6899c9e7ecbddf02cf1e440c,,,,,,,,,,,,,,,,,,,,,,,,,,,,,,,,,,,,,,,,,,,,,,,,,,,147.0586,147.8082,1,0,1,0,1,,,,,,,,,,,,,,,,,,,,,,,,,,,,,,,,,,,,,,,,,,,,,,,,,,,,,,,,,,,,,,,,,,,,,,,,,,,,,,,,,,,,,,,,,,,,,,,,,,,,,,,,,,,,,,,,,,,,,,,,,,,,,,,,,,,,,
,,,2025-08-11_06h27.25.419,CFMT_CCMT_Face_recognition,2023.2.3,Win32,59.88023952,677e29646b0a2cf5eff174dc,6899c7d7c4c961a016830ad3,6899c9e7ecbddf02cf1e440c,,,,,,,,,,,,,,,,,,,,,,,,,,,,,,,,,,,,,,,,,,,,,,,,,,,147.8094,148.5578,2,0,2,0,1,,,,,,,,,,,,,,,,,,,,,,,,,,,,,,,,,,,,,,,,,,,,,,,,,,,,,,,,,,,,,,,,,,,,,,,,,,,,,,,,,,,,,,,,,,,,,,,,,,,,,,,,,,,,,,,,,,,,,,,,,,,,,,,,,,,,,
,,,2025-08-11_06h27.25.419,CFMT_CCMT_Face_recognition,2023.2.3,Win32,59.88023952,677e29646b0a2cf5eff174dc,6899c7d7c4c961a016830ad3,6899c9e7ecbddf02cf1e440c,,,,,,,,,,,,,,,,,,,,,,,,,,,,,,,,,,,,,,,,,,,,,,,,,,,148.5585,149.3079,3,0,3,0,1,,,,,,,,,,,,,,,,,,,,,,,,,,,,,,,,,,,,,,,,,,,,,,,,,,,,,,,,,,,,,,,,,,,,,,,,,,,,,,,,,,,,,,,,,,,,,,,,,,,,,,,,,,,,,,,,,,,,,,,,,,,,,,,,,,,,,
,,,2025-08-11_06h27.25.419,CFMT_CCMT_Face_recognition,2023.2.3,Win32,59.88023952,677e29646b0a2cf5eff174dc,6899c7d7c4c961a016830ad3,6899c9e7ecbddf02cf1e440c,,,,,,,,,,,,,,,,,,,,,,,,,,,,,,,,,,,,,,,,,,,,,,,,,,,149.3083,150.0578,4,0,4,0,1,,,,,,,,,,,,,,,,,,,,,,,,,,,,,,,,,,,,,,,,,,,,,,,,,,,,,,,,,,,,,,,,,,,,,,,,,,,,,,,,,,,,,,,,,,,,,,,,,,,,,,,,,,,,,,,,,,,,,,,,,,,,,,,,,,,,,
,,,2025-08-11_06h27.25.419,CFMT_CCMT_Face_recognition,2023.2.3,Win32,59.88023952,677e29646b0a2cf5eff174dc,6899c7d7c4c961a016830ad3,6899c9e7ecbddf02cf1e440c,,,,,,,,,,,,,,,,,,,,,,,,,,,,,,,,,,,,,,,,,,,,,,,,,,,150.0584,150.8079,5,0,5,0,1,,,,,,,,,,,,,,,,,,,,,,,,,,,,,,,,,,,,,,,,,,,,,,,,,,,,,,,,,,,,,,,,,,,,,,,,,,,,,,,,,,,,,,,,,,,,,,,,,,,,,,,,,,,,,,,,,,,,,,,,,,,,,,,,,,,,,
,,,2025-08-11_06h27.25.419,CFMT_CCMT_Face_recognition,2023.2.3,Win32,59.88023952,677e29646b0a2cf5eff174dc,6899c7d7c4c961a016830ad3,6899c9e7ecbddf02cf1e440c,,,,,,,,,,,,,,,,,,,,,,,,,,,,,,,,,,,,,,,,,,,,,,150.8106,1.671530201,152.4744,152.4745,152.4745,152.4766,153.2247,0,0,0,0,1,150.8081,150.8101,,0,,,,,,,,,,,,,,,,,,,,,,,,,,,,,,,,,,,,,,,,,,,,,,,,,,,,,,,,,,,,,,,,,,,,,,,,,,,,,,,,,,,,,,,,,,,,,,,,,,,,,,,,,,,,,,,,,,,,,,,,,,,,,,,,,
,,,2025-08-11_06h27.25.419,CFMT_CCMT_Face_recognition,2023.2.3,Win32,59.88023952,677e29646b0a2cf5eff174dc,6899c7d7c4c961a016830ad3,6899c9e7ecbddf02cf1e440c,,,,,,,,,,,,,,,,,,,,,,,,,,,,,,,,,,,,,,,,,,,,,,,,,,,153.2258,153.9752,1,0,1,0,1,,,,,,,,,,,,,,,,,,,,,,,,,,,,,,,,,,,,,,,,,,,,,,,,,,,,,,,,,,,,,,,,,,,,,,,,,,,,,,,,,,,,,,,,,,,,,,,,,,,,,,,,,,,,,,,,,,,,,,,,,,,,,,,,,,,,,
,,,2025-08-11_06h27.25.419,CFMT_CCMT_Face_recognition,2023.2.3,Win32,59.88023952,677e29646b0a2cf5eff174dc,6899c7d7c4c961a016830ad3,6899c9e7ecbddf02cf1e440c,,,,,,,,,,,,,,,,,,,,,,,,,,,,,,,,,,,,,,,,,,,,,,,,,,,153.9764,154.7246,2,0,2,0,1,,,,,,,,,,,,,,,,,,,,,,,,,,,,,,,,,,,,,,,,,,,,,,,,,,,,,,,,,,,,,,,,,,,,,,,,,,,,,,,,,,,,,,,,,,,,,,,,,,,,,,,,,,,,,,,,,,,,,,,,,,,,,,,,,,,,,
,,,2025-08-11_06h27.25.419,CFMT_CCMT_Face_recognition,2023.2.3,Win32,59.88023952,677e29646b0a2cf5eff174dc,6899c7d7c4c961a016830ad3,6899c9e7ecbddf02cf1e440c,,,,,,,,,,,,,,,,,,,,,,,,,,,,,,,,,,,,,,,,,,,,,,,,,,,154.7251,155.4744,3,0,3,0,1,,,,,,,,,,,,,,,,,,,,,,,,,,,,,,,,,,,,,,,,,,,,,,,,,,,,,,,,,,,,,,,,,,,,,,,,,,,,,,,,,,,,,,,,,,,,,,,,,,,,,,,,,,,,,,,,,,,,,,,,,,,,,,,,,,,,,
,,,2025-08-11_06h27.25.419,CFMT_CCMT_Face_recognition,2023.2.3,Win32,59.88023952,677e29646b0a2cf5eff174dc,6899c7d7c4c961a016830ad3,6899c9e7ecbddf02cf1e440c,,,,,,,,,,,,,,,,,,,,,,,,,,,,,,,,,,,,,,,,,,,,,,,,,,,155.475,156.2247,4,0,4,0,1,,,,,,,,,,,,,,,,,,,,,,,,,,,,,,,,,,,,,,,,,,,,,,,,,,,,,,,,,,,,,,,,,,,,,,,,,,,,,,,,,,,,,,,,,,,,,,,,,,,,,,,,,,,,,,,,,,,,,,,,,,,,,,,,,,,,,
,,,2025-08-11_06h27.25.419,CFMT_CCMT_Face_recognition,2023.2.3,Win32,59.88023952,677e29646b0a2cf5eff174dc,6899c7d7c4c961a016830ad3,6899c9e7ecbddf02cf1e440c,,,,,,,,,,,,,,,,,,,,,,,,,,,,,,,,,,,,,,,,,,,,,,,,,,,156.2254,156.9746,5,0,5,0,1,,,,,,,,,,,,,,,,,,,,,,,,,,,,,,,,,,,,,,,,,,,,,,,,,,,,,,,,,,,,,,,,,,,,,,,,,,,,,,,,,,,,,,,,,,,,,,,,,,,,,,,,,,,,,,,,,,,,,,,,,,,,,,,,,,,,,
,,,2025-08-11_06h27.25.419,CFMT_CCMT_Face_recognition,2023.2.3,Win32,59.88023952,677e29646b0a2cf5eff174dc,6899c7d7c4c961a016830ad3,6899c9e7ecbddf02cf1e440c,,,,,,,,,,,,,,,,,,,,,,,,,,,,,,,,,,,,,,,,,,,,,,156.9768,2.038392391,159.0078,159.0079,159.008,159.0094,159.758,0,0,0,0,1,156.9747,156.9764,,0,,,,,,,,,,,,,,,,,,,,,,,,,,,,,,,,,,,,,,,,,,,,,,,,,,,,,,,,,,,,,,,,,,,,,,,,,,,,,,,,,,,,,,,,,,,,,,,,,,,,,,,,,,,,,,,,,,,,,,,,,,,,,,,,,
,,,2025-08-11_06h27.25.419,CFMT_CCMT_Face_recognition,2023.2.3,Win32,59.88023952,677e29646b0a2cf5eff174dc,6899c7d7c4c961a016830ad3,6899c9e7ecbddf02cf1e440c,,,,,,,,,,,,,,,,,,,,,,,,,,,,,,,,,,,,,,,,,,,,,,,,,,,159.7586,160.5079,1,0,1,0,1,,,,,,,,,,,,,,,,,,,,,,,,,,,,,,,,,,,,,,,,,,,,,,,,,,,,,,,,,,,,,,,,,,,,,,,,,,,,,,,,,,,,,,,,,,,,,,,,,,,,,,,,,,,,,,,,,,,,,,,,,,,,,,,,,,,,,
,,,2025-08-11_06h27.25.419,CFMT_CCMT_Face_recognition,2023.2.3,Win32,59.88023952,677e29646b0a2cf5eff174dc,6899c7d7c4c961a016830ad3,6899c9e7ecbddf02cf1e440c,,,,,,,,,,,,,,,,,,,,,,,,,,,,,,,,,,,,,,,,,,,,,,,,,,,160.5087,161.2581,2,0,2,0,1,,,,,,,,,,,,,,,,,,,,,,,,,,,,,,,,,,,,,,,,,,,,,,,,,,,,,,,,,,,,,,,,,,,,,,,,,,,,,,,,,,,,,,,,,,,,,,,,,,,,,,,,,,,,,,,,,,,,,,,,,,,,,,,,,,,,,
,,,2025-08-11_06h27.25.419,CFMT_CCMT_Face_recognition,2023.2.3,Win32,59.88023952,677e29646b0a2cf5eff174dc,6899c7d7c4c961a016830ad3,6899c9e7ecbddf02cf1e440c,,,,,,,,,,,,,,,,,,,,,,,,,,,,,,,,,,,,,,,,,,,,,,,,,,,161.2585,162.0079,3,0,3,0,1,,,,,,,,,,,,,,,,,,,,,,,,,,,,,,,,,,,,,,,,,,,,,,,,,,,,,,,,,,,,,,,,,,,,,,,,,,,,,,,,,,,,,,,,,,,,,,,,,,,,,,,,,,,,,,,,,,,,,,,,,,,,,,,,,,,,,
,,,2025-08-11_06h27.25.419,CFMT_CCMT_Face_recognition,2023.2.3,Win32,59.88023952,677e29646b0a2cf5eff174dc,6899c7d7c4c961a016830ad3,6899c9e7ecbddf02cf1e440c,,,,,,,,,,,,,,,,,,,,,,,,,,,,,,,,,,,,,,,,,,,,,,,,,,,162.0084,162.7578,4,0,4,0,1,,,,,,,,,,,,,,,,,,,,,,,,,,,,,,,,,,,,,,,,,,,,,,,,,,,,,,,,,,,,,,,,,,,,,,,,,,,,,,,,,,,,,,,,,,,,,,,,,,,,,,,,,,,,,,,,,,,,,,,,,,,,,,,,,,,,,
,,,2025-08-11_06h27.25.419,CFMT_CCMT_Face_recognition,2023.2.3,Win32,59.88023952,677e29646b0a2cf5eff174dc,6899c7d7c4c961a016830ad3,6899c9e7ecbddf02cf1e440c,,,,,,,,,,,,,,,,,,,,,,,,,,,,,,,,,,,,,,,,,,,,,,,,,,,162.7583,163.5079,5,0,5,0,1,,,,,,,,,,,,,,,,,,,,,,,,,,,,,,,,,,,,,,,,,,,,,,,,,,,,,,,,,,,,,,,,,,,,,,,,,,,,,,,,,,,,,,,,,,,,,,,,,,,,,,,,,,,,,,,,,,,,,,,,,,,,,,,,,,,,,
,,,2025-08-11_06h27.25.419,CFMT_CCMT_Face_recognition,2023.2.3,Win32,59.88023952,677e29646b0a2cf5eff174dc,6899c7d7c4c961a016830ad3,6899c9e7ecbddf02cf1e440c,,,,,,,,,,,,,,,,,,,,,,,,,,,,,,,,,,,,,,,,,,,,,,163.5096,2.236071067,165.7412,165.7413,165.7414,165.7426,166.4912,0,0,0,0,1,163.508,163.5092,,0,,,,,,,,,,,,,,,,,,,,,,,,,,,,,,,,,,,,,,,,,,,,,,,,,,,,,,,,,,,,,,,,,,,,,,,,,,,,,,,,,,,,,,,,,,,,,,,,,,,,,,,,,,,,,,,,,,,,,,,,,,,,,,,,,
,,,2025-08-11_06h27.25.419,CFMT_CCMT_Face_recognition,2023.2.3,Win32,59.88023952,677e29646b0a2cf5eff174dc,6899c7d7c4c961a016830ad3,6899c9e7ecbddf02cf1e440c,,,,,,,,,,,,,,,,,,,,,,,,,,,,,,,,,,,,,,,,,,,,,,,,,,,166.4917,167.2412,1,0,1,0,1,,,,,,,,,,,,,,,,,,,,,,,,,,,,,,,,,,,,,,,,,,,,,,,,,,,,,,,,,,,,,,,,,,,,,,,,,,,,,,,,,,,,,,,,,,,,,,,,,,,,,,,,,,,,,,,,,,,,,,,,,,,,,,,,,,,,,
,,,2025-08-11_06h27.25.419,CFMT_CCMT_Face_recognition,2023.2.3,Win32,59.88023952,677e29646b0a2cf5eff174dc,6899c7d7c4c961a016830ad3,6899c9e7ecbddf02cf1e440c,,,,,,,,,,,,,,,,,,,,,,,,,,,,,,,,,,,,,,,,,,,,,,,,,,,167.2417,167.9912,2,0,2,0,1,,,,,,,,,,,,,,,,,,,,,,,,,,,,,,,,,,,,,,,,,,,,,,,,,,,,,,,,,,,,,,,,,,,,,,,,,,,,,,,,,,,,,,,,,,,,,,,,,,,,,,,,,,,,,,,,,,,,,,,,,,,,,,,,,,,,,
,,,2025-08-11_06h27.25.419,CFMT_CCMT_Face_recognition,2023.2.3,Win32,59.88023952,677e29646b0a2cf5eff174dc,6899c7d7c4c961a016830ad3,6899c9e7ecbddf02cf1e440c,,,,,,,,,,,,,,,,,,,,,,,,,,,,,,,,,,,,,,,,,,,,,,,,,,,167.9917,168.7412,3,0,3,0,1,,,,,,,,,,,,,,,,,,,,,,,,,,,,,,,,,,,,,,,,,,,,,,,,,,,,,,,,,,,,,,,,,,,,,,,,,,,,,,,,,,,,,,,,,,,,,,,,,,,,,,,,,,,,,,,,,,,,,,,,,,,,,,,,,,,,,
,,,2025-08-11_06h27.25.419,CFMT_CCMT_Face_recognition,2023.2.3,Win32,59.88023952,677e29646b0a2cf5eff174dc,6899c7d7c4c961a016830ad3,6899c9e7ecbddf02cf1e440c,,,,,,,,,,,,,,,,,,,,,,,,,,,,,,,,,,,,,,,,,,,,,,,,,,,168.742,169.4912,4,0,4,0,1,,,,,,,,,,,,,,,,,,,,,,,,,,,,,,,,,,,,,,,,,,,,,,,,,,,,,,,,,,,,,,,,,,,,,,,,,,,,,,,,,,,,,,,,,,,,,,,,,,,,,,,,,,,,,,,,,,,,,,,,,,,,,,,,,,,,,
,,,2025-08-11_06h27.25.419,CFMT_CCMT_Face_recognition,2023.2.3,Win32,59.88023952,677e29646b0a2cf5eff174dc,6899c7d7c4c961a016830ad3,6899c9e7ecbddf02cf1e440c,,,,,,,,,,,,,,,,,,,,,,,,,,,,,,,,,,,,,,,,,,,,,,,,,,,169.492,170.2415,5,0,5,0,1,,,,,,,,,,,,,,,,,,,,,,,,,,,,,,,,,,,,,,,,,,,,,,,,,,,,,,,,,,,,,,,,,,,,,,,,,,,,,,,,,,,,,,,,,,,,,,,,,,,,,,,,,,,,,,,,,,,,,,,,,,,,,,,,,,,,,
,,,2025-08-11_06h27.25.419,CFMT_CCMT_Face_recognition,2023.2.3,Win32,59.88023952,677e29646b0a2cf5eff174dc,6899c7d7c4c961a016830ad3,6899c9e7ecbddf02cf1e440c,,,,,,,,,,,,,,,,,,,,,,,,,,,,,,,,,,,,,,,,,,,,,,170.2439,1.509809479,171.7578,171.7579,171.7579,171.7603,172.508,0,0,0,0,1,170.2416,170.2434,,0,,,,,,,,,,,,,,,,,,,,,,,,,,,,,,,,,,,,,,,,,,,,,,,,,,,,,,,,,,,,,,,,,,,,,,,,,,,,,,,,,,,,,,,,,,,,,,,,,,,,,,,,,,,,,,,,,,,,,,,,,,,,,,,,,
,,,2025-08-11_06h27.25.419,CFMT_CCMT_Face_recognition,2023.2.3,Win32,59.88023952,677e29646b0a2cf5eff174dc,6899c7d7c4c961a016830ad3,6899c9e7ecbddf02cf1e440c,,,,,,,,,,,,,,,,,,,,,,,,,,,,,,,,,,,,,,,,,,,,,,,,,,,172.5088,173.2579,1,0,1,0,1,,,,,,,,,,,,,,,,,,,,,,,,,,,,,,,,,,,,,,,,,,,,,,,,,,,,,,,,,,,,,,,,,,,,,,,,,,,,,,,,,,,,,,,,,,,,,,,,,,,,,,,,,,,,,,,,,,,,,,,,,,,,,,,,,,,,,
,,,2025-08-11_06h27.25.419,CFMT_CCMT_Face_recognition,2023.2.3,Win32,59.88023952,677e29646b0a2cf5eff174dc,6899c7d7c4c961a016830ad3,6899c9e7ecbddf02cf1e440c,,,,,,,,,,,,,,,,,,,,,,,,,,,,,,,,,,,,,,,,,,,,,,,,,,,173.2587,174.0079,2,0,2,0,1,,,,,,,,,,,,,,,,,,,,,,,,,,,,,,,,,,,,,,,,,,,,,,,,,,,,,,,,,,,,,,,,,,,,,,,,,,,,,,,,,,,,,,,,,,,,,,,,,,,,,,,,,,,,,,,,,,,,,,,,,,,,,,,,,,,,,
,,,2025-08-11_06h27.25.419,CFMT_CCMT_Face_recognition,2023.2.3,Win32,59.88023952,677e29646b0a2cf5eff174dc,6899c7d7c4c961a016830ad3,6899c9e7ecbddf02cf1e440c,,,,,,,,,,,,,,,,,,,,,,,,,,,,,,,,,,,,,,,,,,,,,,,,,,,174.0084,174.758,3,0,3,0,1,,,,,,,,,,,,,,,,,,,,,,,,,,,,,,,,,,,,,,,,,,,,,,,,,,,,,,,,,,,,,,,,,,,,,,,,,,,,,,,,,,,,,,,,,,,,,,,,,,,,,,,,,,,,,,,,,,,,,,,,,,,,,,,,,,,,,
,,,2025-08-11_06h27.25.419,CFMT_CCMT_Face_recognition,2023.2.3,Win32,59.88023952,677e29646b0a2cf5eff174dc,6899c7d7c4c961a016830ad3,6899c9e7ecbddf02cf1e440c,,,,,,,,,,,,,,,,,,,,,,,,,,,,,,,,,,,,,,,,,,,,,,,,,,,174.7585,175.508,4,0,4,0,1,,,,,,,,,,,,,,,,,,,,,,,,,,,,,,,,,,,,,,,,,,,,,,,,,,,,,,,,,,,,,,,,,,,,,,,,,,,,,,,,,,,,,,,,,,,,,,,,,,,,,,,,,,,,,,,,,,,,,,,,,,,,,,,,,,,,,
,,,2025-08-11_06h27.25.419,CFMT_CCMT_Face_recognition,2023.2.3,Win32,59.88023952,677e29646b0a2cf5eff174dc,6899c7d7c4c961a016830ad3,6899c9e7ecbddf02cf1e440c,,,,,,,,,,,,,,,,,,,,,,,,,,,,,,,,,,,,,,,,,,,,,,,,,,,175.5088,176.2578,5,0,5,0,1,,,,,,,,,,,,,,,,,,,,,,,,,,,,,,,,,,,,,,,,,,,,,,,,,,,,,,,,,,,,,,,,,,,,,,,,,,,,,,,,,,,,,,,,,,,,,,,,,,,,,,,,,,,,,,,,,,,,,,,,,,,,,,,,,,,,,
,,,2025-08-11_06h27.25.419,CFMT_CCMT_Face_recognition,2023.2.3,Win32,59.88023952,677e29646b0a2cf5eff174dc,6899c7d7c4c961a016830ad3,6899c9e7ecbddf02cf1e440c,,,,,,,,,,,,,,,,,,,,,,,,,,,,,,,,,,,,,,,,,,,,,,176.2602,1.737452124,177.9911,177.9912,177.9912,177.9929,178.7413,0,0,0,0,1,176.2579,176.2596,,0,,,,,,,,,,,,,,,,,,,,,,,,,,,,,,,,,,,,,,,,,,,,,,,,,,,,,,,,,,,,,,,,,,,,,,,,,,,,,,,,,,,,,,,,,,,,,,,,,,,,,,,,,,,,,,,,,,,,,,,,,,,,,,,,,
,,,2025-08-11_06h27.25.419,CFMT_CCMT_Face_recognition,2023.2.3,Win32,59.88023952,677e29646b0a2cf5eff174dc,6899c7d7c4c961a016830ad3,6899c9e7ecbddf02cf1e440c,,,,,,,,,,,,,,,,,,,,,,,,,,,,,,,,,,,,,,,,,,,,,,,,,,,178.7421,179.4912,1,0,1,0,1,,,,,,,,,,,,,,,,,,,,,,,,,,,,,,,,,,,,,,,,,,,,,,,,,,,,,,,,,,,,,,,,,,,,,,,,,,,,,,,,,,,,,,,,,,,,,,,,,,,,,,,,,,,,,,,,,,,,,,,,,,,,,,,,,,,,,
,,,2025-08-11_06h27.25.419,CFMT_CCMT_Face_recognition,2023.2.3,Win32,59.88023952,677e29646b0a2cf5eff174dc,6899c7d7c4c961a016830ad3,6899c9e7ecbddf02cf1e440c,,,,,,,,,,,,,,,,,,,,,,,,,,,,,,,,,,,,,,,,,,,,,,,,,,,179.492,180.2412,2,0,2,0,1,,,,,,,,,,,,,,,,,,,,,,,,,,,,,,,,,,,,,,,,,,,,,,,,,,,,,,,,,,,,,,,,,,,,,,,,,,,,,,,,,,,,,,,,,,,,,,,,,,,,,,,,,,,,,,,,,,,,,,,,,,,,,,,,,,,,,
,,,2025-08-11_06h27.25.419,CFMT_CCMT_Face_recognition,2023.2.3,Win32,59.88023952,677e29646b0a2cf5eff174dc,6899c7d7c4c961a016830ad3,6899c9e7ecbddf02cf1e440c,,,,,,,,,,,,,,,,,,,,,,,,,,,,,,,,,,,,,,,,,,,,,,,,,,,180.2417,180.9915,3,0,3,0,1,,,,,,,,,,,,,,,,,,,,,,,,,,,,,,,,,,,,,,,,,,,,,,,,,,,,,,,,,,,,,,,,,,,,,,,,,,,,,,,,,,,,,,,,,,,,,,,,,,,,,,,,,,,,,,,,,,,,,,,,,,,,,,,,,,,,,
,,,2025-08-11_06h27.25.419,CFMT_CCMT_Face_recognition,2023.2.3,Win32,59.88023952,677e29646b0a2cf5eff174dc,6899c7d7c4c961a016830ad3,6899c9e7ecbddf02cf1e440c,,,,,,,,,,,,,,,,,,,,,,,,,,,,,,,,,,,,,,,,,,,,,,,,,,,180.9921,181.7413,4,0,4,0,1,,,,,,,,,,,,,,,,,,,,,,,,,,,,,,,,,,,,,,,,,,,,,,,,,,,,,,,,,,,,,,,,,,,,,,,,,,,,,,,,,,,,,,,,,,,,,,,,,,,,,,,,,,,,,,,,,,,,,,,,,,,,,,,,,,,,,
,,,2025-08-11_06h27.25.419,CFMT_CCMT_Face_recognition,2023.2.3,Win32,59.88023952,677e29646b0a2cf5eff174dc,6899c7d7c4c961a016830ad3,6899c9e7ecbddf02cf1e440c,,,,,,,,,,,,,,,,,,,,,,,,,,,,,,,,,,,,,,,,,,,,,,,,,,,181.7419,182.4913,5,0,5,0,1,,,,,,,,,,,,,,,,,,,,,,,,,,,,,,,,,,,,,,,,,,,,,,,,,,,,,,,,,,,,,,,,,,,,,,,,,,,,,,,,,,,,,,,,,,,,,,,,,,,,,,,,,,,,,,,,,,,,,,,,,,,,,,,,,,,,,
,,,2025-08-11_06h27.25.419,CFMT_CCMT_Face_recognition,2023.2.3,Win32,59.88023952,677e29646b0a2cf5eff174dc,6899c7d7c4c961a016830ad3,6899c9e7ecbddf02cf1e440c,,,,,,,,,,,,,,,,,,,,,,,,,,,,,,,,,,,,,,,,,,,,,,182.4942,2.220399894,184.708,184.7081,184.7081,184.7104,185.458,0,0,0,0,1,182.4913,182.4937,,0,,,,,,,,,,,,,,,,,,,,,,,,,,,,,,,,,,,,,,,,,,,,,,,,,,,,,,,,,,,,,,,,,,,,,,,,,,,,,,,,,,,,,,,,,,,,,,,,,,,,,,,,,,,,,,,,,,,,,,,,,,,,,,,,,
,,,2025-08-11_06h27.25.419,CFMT_CCMT_Face_recognition,2023.2.3,Win32,59.88023952,677e29646b0a2cf5eff174dc,6899c7d7c4c961a016830ad3,6899c9e7ecbddf02cf1e440c,,,,,,,,,,,,,,,,,,,,,,,,,,,,,,,,,,,,,,,,,,,,,,,,,,,185.4586,186.2079,1,0,1,0,1,,,,,,,,,,,,,,,,,,,,,,,,,,,,,,,,,,,,,,,,,,,,,,,,,,,,,,,,,,,,,,,,,,,,,,,,,,,,,,,,,,,,,,,,,,,,,,,,,,,,,,,,,,,,,,,,,,,,,,,,,,,,,,,,,,,,,
,,,2025-08-11_06h27.25.419,CFMT_CCMT_Face_recognition,2023.2.3,Win32,59.88023952,677e29646b0a2cf5eff174dc,6899c7d7c4c961a016830ad3,6899c9e7ecbddf02cf1e440c,,,,,,,,,,,,,,,,,,,,,,,,,,,,,,,,,,,,,,,,,,,,,,,,,,,186.2085,186.9579,2,0,2,0,1,,,,,,,,,,,,,,,,,,,,,,,,,,,,,,,,,,,,,,,,,,,,,,,,,,,,,,,,,,,,,,,,,,,,,,,,,,,,,,,,,,,,,,,,,,,,,,,,,,,,,,,,,,,,,,,,,,,,,,,,,,,,,,,,,,,,,
,,,2025-08-11_06h27.25.419,CFMT_CCMT_Face_recognition,2023.2.3,Win32,59.88023952,677e29646b0a2cf5eff174dc,6899c7d7c4c961a016830ad3,6899c9e7ecbddf02cf1e440c,,,,,,,,,,,,,,,,,,,,,,,,,,,,,,,,,,,,,,,,,,,,,,,,,,,186.9586,187.7079,3,0,3,0,1,,,,,,,,,,,,,,,,,,,,,,,,,,,,,,,,,,,,,,,,,,,,,,,,,,,,,,,,,,,,,,,,,,,,,,,,,,,,,,,,,,,,,,,,,,,,,,,,,,,,,,,,,,,,,,,,,,,,,,,,,,,,,,,,,,,,,
,,,2025-08-11_06h27.25.419,CFMT_CCMT_Face_recognition,2023.2.3,Win32,59.88023952,677e29646b0a2cf5eff174dc,6899c7d7c4c961a016830ad3,6899c9e7ecbddf02cf1e440c,,,,,,,,,,,,,,,,,,,,,,,,,,,,,,,,,,,,,,,,,,,,,,,,,,,187.7084,188.4579,4,0,4,0,1,,,,,,,,,,,,,,,,,,,,,,,,,,,,,,,,,,,,,,,,,,,,,,,,,,,,,,,,,,,,,,,,,,,,,,,,,,,,,,,,,,,,,,,,,,,,,,,,,,,,,,,,,,,,,,,,,,,,,,,,,,,,,,,,,,,,,
,,,2025-08-11_06h27.25.419,CFMT_CCMT_Face_recognition,2023.2.3,Win32,59.88023952,677e29646b0a2cf5eff174dc,6899c7d7c4c961a016830ad3,6899c9e7ecbddf02cf1e440c,,,,,,,,,,,,,,,,,,,,,,,,,,,,,,,,,,,,,,,,,,,,,,,,,,,188.4585,189.2075,5,0,5,0,1,,,,,,,,,,,,,,,,,,,,,,,,,,,,,,,,,,,,,,,,,,,,,,,,,,,,,,,,,,,,,,,,,,,,,,,,,,,,,,,,,,,,,,,,,,,,,,,,,,,,,,,,,,,,,,,,,,,,,,,,,,,,,,,,,,,,,
,,,2025-08-11_06h27.25.419,CFMT_CCMT_Face_recognition,2023.2.3,Win32,59.88023952,677e29646b0a2cf5eff174dc,6899c7d7c4c961a016830ad3,6899c9e7ecbddf02cf1e440c,,,,,,,,,,,,,,,,,,,,,,,,,,,,,,,,,,,,,,,,,,,,,,191.5586,1.692450247,193.2414,193.2414,193.2415,193.2428,193.9915,0,0,0,0,1,189.2076,191.5581,q,1,2.3418,,,,,,,,,,,,,,,,,,,,,,,,,,,,,,,,,,,,,,,,,,,,,,,,,,,,,,,,,,,,,,,,,,,,,,,,,,,,,,,,,,,,,,,,,,,,,,,,,,,,,,,,,,,,,,,,,,,,,,,,,,,,,,,,
,,,2025-08-11_06h27.25.419,CFMT_CCMT_Face_recognition,2023.2.3,Win32,59.88023952,677e29646b0a2cf5eff174dc,6899c7d7c4c961a016830ad3,6899c9e7ecbddf02cf1e440c,,,,,,,,,,,,,,,,,,,,,,,,,,,,,,,,,,,,,,,,,,,,,,,,,,,193.9922,194.7414,1,0,1,0,1,,,,,,,,,,,,,,,,,,,,,,,,,,,,,,,,,,,,,,,,,,,,,,,,,,,,,,,,,,,,,,,,,,,,,,,,,,,,,,,,,,,,,,,,,,,,,,,,,,,,,,,,,,,,,,,,,,,,,,,,,,,,,,,,,,,,,
,,,2025-08-11_06h27.25.419,CFMT_CCMT_Face_recognition,2023.2.3,Win32,59.88023952,677e29646b0a2cf5eff174dc,6899c7d7c4c961a016830ad3,6899c9e7ecbddf02cf1e440c,,,,,,,,,,,,,,,,,,,,,,,,,,,,,,,,,,,,,,,,,,,,,,,,,,,194.7422,195.4915,2,0,2,0,1,,,,,,,,,,,,,,,,,,,,,,,,,,,,,,,,,,,,,,,,,,,,,,,,,,,,,,,,,,,,,,,,,,,,,,,,,,,,,,,,,,,,,,,,,,,,,,,,,,,,,,,,,,,,,,,,,,,,,,,,,,,,,,,,,,,,,
,,,2025-08-11_06h27.25.419,CFMT_CCMT_Face_recognition,2023.2.3,Win32,59.88023952,677e29646b0a2cf5eff174dc,6899c7d7c4c961a016830ad3,6899c9e7ecbddf02cf1e440c,,,,,,,,,,,,,,,,,,,,,,,,,,,,,,,,,,,,,,,,,,,,,,,,,,,195.4922,196.2415,3,0,3,0,1,,,,,,,,,,,,,,,,,,,,,,,,,,,,,,,,,,,,,,,,,,,,,,,,,,,,,,,,,,,,,,,,,,,,,,,,,,,,,,,,,,,,,,,,,,,,,,,,,,,,,,,,,,,,,,,,,,,,,,,,,,,,,,,,,,,,,
,,,2025-08-11_06h27.25.419,CFMT_CCMT_Face_recognition,2023.2.3,Win32,59.88023952,677e29646b0a2cf5eff174dc,6899c7d7c4c961a016830ad3,6899c9e7ecbddf02cf1e440c,,,,,,,,,,,,,,,,,,,,,,,,,,,,,,,,,,,,,,,,,,,,,,,,,,,196.2421,196.9913,4,0,4,0,1,,,,,,,,,,,,,,,,,,,,,,,,,,,,,,,,,,,,,,,,,,,,,,,,,,,,,,,,,,,,,,,,,,,,,,,,,,,,,,,,,,,,,,,,,,,,,,,,,,,,,,,,,,,,,,,,,,,,,,,,,,,,,,,,,,,,,
,,,2025-08-11_06h27.25.419,CFMT_CCMT_Face_recognition,2023.2.3,Win32,59.88023952,677e29646b0a2cf5eff174dc,6899c7d7c4c961a016830ad3,6899c9e7ecbddf02cf1e440c,,,,,,,,,,,,,,,,,,,,,,,,,,,,,,,,,,,,,,,,,,,,,,,,,,,196.9918,197.7416,5,0,5,0,1,,,,,,,,,,,,,,,,,,,,,,,,,,,,,,,,,,,,,,,,,,,,,,,,,,,,,,,,,,,,,,,,,,,,,,,,,,,,,,,,,,,,,,,,,,,,,,,,,,,,,,,,,,,,,,,,,,,,,,,,,,,,,,,,,,,,,
,,,2025-08-11_06h27.25.419,CFMT_CCMT_Face_recognition,2023.2.3,Win32,59.88023952,677e29646b0a2cf5eff174dc,6899c7d7c4c961a016830ad3,6899c9e7ecbddf02cf1e440c,,,,,,,,,,,,,,,,,,,,,,,,,,,,,,,,,,,,,,,,,,,,,,197.7436,1.891971152,199.6246,199.6246,199.6247,199.6259,200.3746,0,0,0,0,1,197.7416,197.7432,,0,,,,,,,,,,,,,,,,,,,,,,,,,,,,,,,,,,,,,,,,,,,,,,,,,,,,,,,,,,,,,,,,,,,,,,,,,,,,,,,,,,,,,,,,,,,,,,,,,,,,,,,,,,,,,,,,,,,,,,,,,,,,,,,,,
,,,2025-08-11_06h27.25.419,CFMT_CCMT_Face_recognition,2023.2.3,Win32,59.88023952,677e29646b0a2cf5eff174dc,6899c7d7c4c961a016830ad3,6899c9e7ecbddf02cf1e440c,,,,,,,,,,,,,,,,,,,,,,,,,,,,,,,,,,,,,,,,,,,,,,,,,,,200.3752,201.1246,1,0,1,0,1,,,,,,,,,,,,,,,,,,,,,,,,,,,,,,,,,,,,,,,,,,,,,,,,,,,,,,,,,,,,,,,,,,,,,,,,,,,,,,,,,,,,,,,,,,,,,,,,,,,,,,,,,,,,,,,,,,,,,,,,,,,,,,,,,,,,,
,,,2025-08-11_06h27.25.419,CFMT_CCMT_Face_recognition,2023.2.3,Win32,59.88023952,677e29646b0a2cf5eff174dc,6899c7d7c4c961a016830ad3,6899c9e7ecbddf02cf1e440c,,,,,,,,,,,,,,,,,,,,,,,,,,,,,,,,,,,,,,,,,,,,,,,,,,,201.1251,201.8746,2,0,2,0,1,,,,,,,,,,,,,,,,,,,,,,,,,,,,,,,,,,,,,,,,,,,,,,,,,,,,,,,,,,,,,,,,,,,,,,,,,,,,,,,,,,,,,,,,,,,,,,,,,,,,,,,,,,,,,,,,,,,,,,,,,,,,,,,,,,,,,
,,,2025-08-11_06h27.25.419,CFMT_CCMT_Face_recognition,2023.2.3,Win32,59.88023952,677e29646b0a2cf5eff174dc,6899c7d7c4c961a016830ad3,6899c9e7ecbddf02cf1e440c,,,,,,,,,,,,,,,,,,,,,,,,,,,,,,,,,,,,,,,,,,,,,,,,,,,201.8754,202.6247,3,0,3,0,1,,,,,,,,,,,,,,,,,,,,,,,,,,,,,,,,,,,,,,,,,,,,,,,,,,,,,,,,,,,,,,,,,,,,,,,,,,,,,,,,,,,,,,,,,,,,,,,,,,,,,,,,,,,,,,,,,,,,,,,,,,,,,,,,,,,,,
,,,2025-08-11_06h27.25.419,CFMT_CCMT_Face_recognition,2023.2.3,Win32,59.88023952,677e29646b0a2cf5eff174dc,6899c7d7c4c961a016830ad3,6899c9e7ecbddf02cf1e440c,,,,,,,,,,,,,,,,,,,,,,,,,,,,,,,,,,,,,,,,,,,,,,,,,,,202.6254,203.3747,4,0,4,0,1,,,,,,,,,,,,,,,,,,,,,,,,,,,,,,,,,,,,,,,,,,,,,,,,,,,,,,,,,,,,,,,,,,,,,,,,,,,,,,,,,,,,,,,,,,,,,,,,,,,,,,,,,,,,,,,,,,,,,,,,,,,,,,,,,,,,,
,,,2025-08-11_06h27.25.419,CFMT_CCMT_Face_recognition,2023.2.3,Win32,59.88023952,677e29646b0a2cf5eff174dc,6899c7d7c4c961a016830ad3,6899c9e7ecbddf02cf1e440c,,,,,,,,,,,,,,,,,,,,,,,,,,,,,,,,,,,,,,,,,,,,,,,,,,,203.3752,204.1247,5,0,5,0,1,,,,,,,,,,,,,,,,,,,,,,,,,,,,,,,,,,,,,,,,,,,,,,,,,,,,,,,,,,,,,,,,,,,,,,,,,,,,,,,,,,,,,,,,,,,,,,,,,,,,,,,,,,,,,,,,,,,,,,,,,,,,,,,,,,,,,
,,,2025-08-11_06h27.25.419,CFMT_CCMT_Face_recognition,2023.2.3,Win32,59.88023952,677e29646b0a2cf5eff174dc,6899c7d7c4c961a016830ad3,6899c9e7ecbddf02cf1e440c,,,,,,,,,,,,,,,,,,,,,,,,,,,,,,,,,,,,,,,,,,,,,,208.7585,1.622891415,210.3747,210.3748,210.3748,210.3763,211.1246,0,0,0,0,1,204.1248,208.758,p,1,4.6302,,,,,,,,,,,,,,,,,,,,,,,,,,,,,,,,,,,,,,,,,,,,,,,,,,,,,,,,,,,,,,,,,,,,,,,,,,,,,,,,,,,,,,,,,,,,,,,,,,,,,,,,,,,,,,,,,,,,,,,,,,,,,,,,
,,,2025-08-11_06h27.25.419,CFMT_CCMT_Face_recognition,2023.2.3,Win32,59.88023952,677e29646b0a2cf5eff174dc,6899c7d7c4c961a016830ad3,6899c9e7ecbddf02cf1e440c,,,,,,,,,,,,,,,,,,,,,,,,,,,,,,,,,,,,,,,,,,,,,,,,,,,211.1251,211.8748,1,0,1,0,1,,,,,,,,,,,,,,,,,,,,,,,,,,,,,,,,,,,,,,,,,,,,,,,,,,,,,,,,,,,,,,,,,,,,,,,,,,,,,,,,,,,,,,,,,,,,,,,,,,,,,,,,,,,,,,,,,,,,,,,,,,,,,,,,,,,,,
,,,2025-08-11_06h27.25.419,CFMT_CCMT_Face_recognition,2023.2.3,Win32,59.88023952,677e29646b0a2cf5eff174dc,6899c7d7c4c961a016830ad3,6899c9e7ecbddf02cf1e440c,,,,,,,,,,,,,,,,,,,,,,,,,,,,,,,,,,,,,,,,,,,,,,,,,,,211.8761,212.6246,2,0,2,0,1,,,,,,,,,,,,,,,,,,,,,,,,,,,,,,,,,,,,,,,,,,,,,,,,,,,,,,,,,,,,,,,,,,,,,,,,,,,,,,,,,,,,,,,,,,,,,,,,,,,,,,,,,,,,,,,,,,,,,,,,,,,,,,,,,,,,,
,,,2025-08-11_06h27.25.419,CFMT_CCMT_Face_recognition,2023.2.3,Win32,59.88023952,677e29646b0a2cf5eff174dc,6899c7d7c4c961a016830ad3,6899c9e7ecbddf02cf1e440c,,,,,,,,,,,,,,,,,,,,,,,,,,,,,,,,,,,,,,,,,,,,,,,,,,,212.6251,213.3748,3,0,3,0,1,,,,,,,,,,,,,,,,,,,,,,,,,,,,,,,,,,,,,,,,,,,,,,,,,,,,,,,,,,,,,,,,,,,,,,,,,,,,,,,,,,,,,,,,,,,,,,,,,,,,,,,,,,,,,,,,,,,,,,,,,,,,,,,,,,,,,
,,,2025-08-11_06h27.25.419,CFMT_CCMT_Face_recognition,2023.2.3,Win32,59.88023952,677e29646b0a2cf5eff174dc,6899c7d7c4c961a016830ad3,6899c9e7ecbddf02cf1e440c,,,,,,,,,,,,,,,,,,,,,,,,,,,,,,,,,,,,,,,,,,,,,,,,,,,213.3756,214.1248,4,0,4,0,1,,,,,,,,,,,,,,,,,,,,,,,,,,,,,,,,,,,,,,,,,,,,,,,,,,,,,,,,,,,,,,,,,,,,,,,,,,,,,,,,,,,,,,,,,,,,,,,,,,,,,,,,,,,,,,,,,,,,,,,,,,,,,,,,,,,,,
,,,2025-08-11_06h27.25.419,CFMT_CCMT_Face_recognition,2023.2.3,Win32,59.88023952,677e29646b0a2cf5eff174dc,6899c7d7c4c961a016830ad3,6899c9e7ecbddf02cf1e440c,,,,,,,,,,,,,,,,,,,,,,,,,,,,,,,,,,,,,,,,,,,,,,,,,,,214.1253,214.8746,5,0,5,0,1,,,,,,,,,,,,,,,,,,,,,,,,,,,,,,,,,,,,,,,,,,,,,,,,,,,,,,,,,,,,,,,,,,,,,,,,,,,,,,,,,,,,,,,,,,,,,,,,,,,,,,,,,,,,,,,,,,,,,,,,,,,,,,,,,,,,,
,,,2025-08-11_06h27.25.419,CFMT_CCMT_Face_recognition,2023.2.3,Win32,59.88023952,677e29646b0a2cf5eff174dc,6899c7d7c4c961a016830ad3,6899c9e7ecbddf02cf1e440c,,,,,,,,,,,,,,,,,,,,,,,,,,,,,,,,,,,,,,,,,,,,,,,,,,,,,,,,,,214.8747,214.8762,,0,,,214.8767,219.8749,,,,,,,,,,,,,,,,,,,,,,,,,,,,,,,,,,,,,,,,,,,,,,,,,,,,,,,,,,,,,,,,,,,,,,,,,,,,,,,,,,,,,,,,,,,,,,,,,,,,,,,,,,,,,,,,,,,,,,,,,,,,,
,,,2025-08-11_06h27.25.419,CFMT_CCMT_Face_recognition,2023.2.3,Win32,59.88023952,677e29646b0a2cf5eff174dc,6899c7d7c4c961a016830ad3,6899c9e7ecbddf02cf1e440c,,,,,,,,,,,,,,,,,,,,,,,,,,,,,,,,,,,,,,,,,,,,,,,,,,,,,,,,,,,,,,,,,,219.8753,229.8752,,,,,,,,,,,,,,,,,,,,,,,,,,,,,,,,,,,,,,,,,,,,,,,,,,,,,,,,,,,,,,,,,,,,,,,,,,,,,,,,,,,,,,,,,,,,,,,,,,,,,,,,,,,,,,,,,,,,,,,,,,,
,,,2025-08-11_06h27.25.419,CFMT_CCMT_Face_recognition,2023.2.3,Win32,59.88023952,677e29646b0a2cf5eff174dc,6899c7d7c4c961a016830ad3,6899c9e7ecbddf02cf1e440c,,,,,,,,,,,,,,,,,,,,,,,,,,,,,,,,,,,,,,,,,,,,,,,,,,,,,,,,,,,,,,,,,,,,229.8756,233.9586,,,,,,,,,,,,,,,,,,,,,,,,,,,,,,,,,,,,,,,,,,,,,,,,,,,,,,,,,,,,,,,,,,,,,,,,,,,,,,,,,,,,,,,,,,,,,,,,,,,,,,,,,,,,,,,,,,,,,,,,,
,,,2025-08-11_06h27.25.419,CFMT_CCMT_Face_recognition,2023.2.3,Win32,59.88023952,677e29646b0a2cf5eff174dc,6899c7d7c4c961a016830ad3,6899c9e7ecbddf02cf1e440c,,,,,,,,,,,,,,,,,,,,,,,,,,,,,,,,,,,,,,,,,,,,,,,,,,,,,,,,,,,,,,,,,,,,,,233.9591,234.7583,,,,,,,,,,,,,,,,,,,,,,,,,,,,,,,,,,,,,,,,,,,,,,,,,,,,,,,,,,,,,,,,,,,,,,,,,,,,,,,,,,,,,,,,,,,,,,,,,,,,,,,,,,,,,,,,,,,,,,,
,,,2025-08-11_06h27.25.419,CFMT_CCMT_Face_recognition,2023.2.3,Win32,59.88023952,677e29646b0a2cf5eff174dc,6899c7d7c4c961a016830ad3,6899c9e7ecbddf02cf1e440c,,,,,,,,,,,,,,,,,,,,,,,,,,,,,,,,,,,,,,,,,,,,,,234.763,1.723711134,236.4746,,,,,,,,,,,,,,,,,,,,,,,,236.4751,237.7253,p,1,1.0338,,0,0,0,0,1,,,,,,,,,,,,,,,,,,,,,,,,,,,,,,,,,,,,,,,,,,,,,,,,,,,,,,,,,,,,,,,,,,,,,,,,,,,,,,,,,,,,,,,,,,,,,,,,,,,,,,,,,,,,
,,,2025-08-11_06h27.25.419,CFMT_CCMT_Face_recognition,2023.2.3,Win32,59.88023952,677e29646b0a2cf5eff174dc,6899c7d7c4c961a016830ad3,6899c9e7ecbddf02cf1e440c,,,,,,,,,,,,,,,,,,,,,,,,,,,,,,,,,,,,,,,,,,,,,,237.7262,2.151617385,239.8749,,,,,,,,,,,,,,,,,,,,,,,,239.875,240.9413,p,1,0.8485,,1,0,1,0,1,,,,,,,,,,,,,,,,,,,,,,,,,,,,,,,,,,,,,,,,,,,,,,,,,,,,,,,,,,,,,,,,,,,,,,,,,,,,,,,,,,,,,,,,,,,,,,,,,,,,,,,,,,,,
,,,2025-08-11_06h27.25.419,CFMT_CCMT_Face_recognition,2023.2.3,Win32,59.88023952,677e29646b0a2cf5eff174dc,6899c7d7c4c961a016830ad3,6899c9e7ecbddf02cf1e440c,,,,,,,,,,,,,,,,,,,,,,,,,,,,,,,,,,,,,,,,,,,,,,240.9419,1.8104342,242.7415,,,,,,,,,,,,,,,,,,,,,,,,242.7416,243.9083,q,1,0.9596,,2,0,2,0,1,,,,,,,,,,,,,,,,,,,,,,,,,,,,,,,,,,,,,,,,,,,,,,,,,,,,,,,,,,,,,,,,,,,,,,,,,,,,,,,,,,,,,,,,,,,,,,,,,,,,,,,,,,,,
,,,2025-08-11_06h27.25.419,CFMT_CCMT_Face_recognition,2023.2.3,Win32,59.88023952,677e29646b0a2cf5eff174dc,6899c7d7c4c961a016830ad3,6899c9e7ecbddf02cf1e440c,,,,,,,,,,,,,,,,,,,,,,,,,,,,,,,,,,,,,,,,,,,,,,243.909,1.690709335,245.5913,,,,,,,,,,,,,,,,,,,,,,,,245.5914,246.6748,q,0,0.8796,,3,0,3,0,1,,,,,,,,,,,,,,,,,,,,,,,,,,,,,,,,,,,,,,,,,,,,,,,,,,,,,,,,,,,,,,,,,,,,,,,,,,,,,,,,,,,,,,,,,,,,,,,,,,,,,,,,,,,,
,,,2025-08-11_06h27.25.419,CFMT_CCMT_Face_recognition,2023.2.3,Win32,59.88023952,677e29646b0a2cf5eff174dc,6899c7d7c4c961a016830ad3,6899c9e7ecbddf02cf1e440c,,,,,,,,,,,,,,,,,,,,,,,,,,,,,,,,,,,,,,,,,,,,,,246.6754,2.142639381,248.808,,,,,,,,,,,,,,,,,,,,,,,,248.8081,249.7748,p,1,0.8003,,4,0,4,0,1,,,,,,,,,,,,,,,,,,,,,,,,,,,,,,,,,,,,,,,,,,,,,,,,,,,,,,,,,,,,,,,,,,,,,,,,,,,,,,,,,,,,,,,,,,,,,,,,,,,,,,,,,,,,
,,,2025-08-11_06h27.25.419,CFMT_CCMT_Face_recognition,2023.2.3,Win32,59.88023952,677e29646b0a2cf5eff174dc,6899c7d7c4c961a016830ad3,6899c9e7ecbddf02cf1e440c,,,,,,,,,,,,,,,,,,,,,,,,,,,,,,,,,,,,,,,,,,,,,,249.7753,2.400893623,252.1753,,,,,,,,,,,,,,,,,,,,,,,,252.1754,253.1417,q,1,0.7776,,5,0,5,0,1,,,,,,,,,,,,,,,,,,,,,,,,,,,,,,,,,,,,,,,,,,,,,,,,,,,,,,,,,,,,,,,,,,,,,,,,,,,,,,,,,,,,,,,,,,,,,,,,,,,,,,,,,,,,
,,,2025-08-11_06h27.25.419,CFMT_CCMT_Face_recognition,2023.2.3,Win32,59.88023952,677e29646b0a2cf5eff174dc,6899c7d7c4c961a016830ad3,6899c9e7ecbddf02cf1e440c,,,,,,,,,,,,,,,,,,,,,,,,,,,,,,,,,,,,,,,,,,,,,,253.1423,1.819088587,254.9581,,,,,,,,,,,,,,,,,,,,,,,,254.9581,255.9581,p,1,0.7935,,6,0,6,0,1,,,,,,,,,,,,,,,,,,,,,,,,,,,,,,,,,,,,,,,,,,,,,,,,,,,,,,,,,,,,,,,,,,,,,,,,,,,,,,,,,,,,,,,,,,,,,,,,,,,,,,,,,,,,
,,,2025-08-11_06h27.25.419,CFMT_CCMT_Face_recognition,2023.2.3,Win32,59.88023952,677e29646b0a2cf5eff174dc,6899c7d7c4c961a016830ad3,6899c9e7ecbddf02cf1e440c,,,,,,,,,,,,,,,,,,,,,,,,,,,,,,,,,,,,,,,,,,,,,,255.9587,2.279769473,258.2416,,,,,,,,,,,,,,,,,,,,,,,,258.2418,259.175,q,0,0.7471,,7,0,7,0,1,,,,,,,,,,,,,,,,,,,,,,,,,,,,,,,,,,,,,,,,,,,,,,,,,,,,,,,,,,,,,,,,,,,,,,,,,,,,,,,,,,,,,,,,,,,,,,,,,,,,,,,,,,,,
,,,2025-08-11_06h27.25.419,CFMT_CCMT_Face_recognition,2023.2.3,Win32,59.88023952,677e29646b0a2cf5eff174dc,6899c7d7c4c961a016830ad3,6899c9e7ecbddf02cf1e440c,,,,,,,,,,,,,,,,,,,,,,,,,,,,,,,,,,,,,,,,,,,,,,259.1757,2.460683631,261.6249,,,,,,,,,,,,,,,,,,,,,,,,261.6249,262.5417,p,1,0.7147,,8,0,8,0,1,,,,,,,,,,,,,,,,,,,,,,,,,,,,,,,,,,,,,,,,,,,,,,,,,,,,,,,,,,,,,,,,,,,,,,,,,,,,,,,,,,,,,,,,,,,,,,,,,,,,,,,,,,,,
,,,2025-08-11_06h27.25.419,CFMT_CCMT_Face_recognition,2023.2.3,Win32,59.88023952,677e29646b0a2cf5eff174dc,6899c7d7c4c961a016830ad3,6899c9e7ecbddf02cf1e440c,,,,,,,,,,,,,,,,,,,,,,,,,,,,,,,,,,,,,,,,,,,,,,262.5425,1.768438633,264.3082,,,,,,,,,,,,,,,,,,,,,,,,264.3083,265.4584,p,1,0.9411,,9,0,9,0,1,,,,,,,,,,,,,,,,,,,,,,,,,,,,,,,,,,,,,,,,,,,,,,,,,,,,,,,,,,,,,,,,,,,,,,,,,,,,,,,,,,,,,,,,,,,,,,,,,,,,,,,,,,,,
,,,2025-08-11_06h27.25.419,CFMT_CCMT_Face_recognition,2023.2.3,Win32,59.88023952,677e29646b0a2cf5eff174dc,6899c7d7c4c961a016830ad3,6899c9e7ecbddf02cf1e440c,,,,,,,,,,,,,,,,,,,,,,,,,,,,,,,,,,,,,,,,,,,,,,265.459,2.323706912,267.7748,,,,,,,,,,,,,,,,,,,,,,,,267.7749,268.7417,q,1,0.7533,,10,0,10,0,1,,,,,,,,,,,,,,,,,,,,,,,,,,,,,,,,,,,,,,,,,,,,,,,,,,,,,,,,,,,,,,,,,,,,,,,,,,,,,,,,,,,,,,,,,,,,,,,,,,,,,,,,,,,,
,,,2025-08-11_06h27.25.419,CFMT_CCMT_Face_recognition,2023.2.3,Win32,59.88023952,677e29646b0a2cf5eff174dc,6899c7d7c4c961a016830ad3,6899c9e7ecbddf02cf1e440c,,,,,,,,,,,,,,,,,,,,,,,,,,,,,,,,,,,,,,,,,,,,,,268.7422,1.638390745,270.3747,,,,,,,,,,,,,,,,,,,,,,,,270.3748,271.5248,q,1,0.7745,,11,0,11,0,1,,,,,,,,,,,,,,,,,,,,,,,,,,,,,,,,,,,,,,,,,,,,,,,,,,,,,,,,,,,,,,,,,,,,,,,,,,,,,,,,,,,,,,,,,,,,,,,,,,,,,,,,,,,,
,,,2025-08-11_06h27.25.419,CFMT_CCMT_Face_recognition,2023.2.3,Win32,59.88023952,677e29646b0a2cf5eff174dc,6899c7d7c4c961a016830ad3,6899c9e7ecbddf02cf1e440c,,,,,,,,,,,,,,,,,,,,,,,,,,,,,,,,,,,,,,,,,,,,,,271.5256,2.45071304,273.9751,,,,,,,,,,,,,,,,,,,,,,,,273.9752,275.0248,p,1,0.8116,,12,0,12,0,1,,,,,,,,,,,,,,,,,,,,,,,,,,,,,,,,,,,,,,,,,,,,,,,,,,,,,,,,,,,,,,,,,,,,,,,,,,,,,,,,,,,,,,,,,,,,,,,,,,,,,,,,,,,,
,,,2025-08-11_06h27.25.419,CFMT_CCMT_Face_recognition,2023.2.3,Win32,59.88023952,677e29646b0a2cf5eff174dc,6899c7d7c4c961a016830ad3,6899c9e7ecbddf02cf1e440c,,,,,,,,,,,,,,,,,,,,,,,,,,,,,,,,,,,,,,,,,,,,,,275.0254,2.162323293,277.1914,,,,,,,,,,,,,,,,,,,,,,,,277.1914,278.2915,p,1,0.8909,,13,0,13,0,1,,,,,,,,,,,,,,,,,,,,,,,,,,,,,,,,,,,,,,,,,,,,,,,,,,,,,,,,,,,,,,,,,,,,,,,,,,,,,,,,,,,,,,,,,,,,,,,,,,,,,,,,,,,,
,,,2025-08-11_06h27.25.419,CFMT_CCMT_Face_recognition,2023.2.3,Win32,59.88023952,677e29646b0a2cf5eff174dc,6899c7d7c4c961a016830ad3,6899c9e7ecbddf02cf1e440c,,,,,,,,,,,,,,,,,,,,,,,,,,,,,,,,,,,,,,,,,,,,,,278.292,2.295735188,280.5915,,,,,,,,,,,,,,,,,,,,,,,,280.5916,281.5415,p,1,0.745,,14,0,14,0,1,,,,,,,,,,,,,,,,,,,,,,,,,,,,,,,,,,,,,,,,,,,,,,,,,,,,,,,,,,,,,,,,,,,,,,,,,,,,,,,,,,,,,,,,,,,,,,,,,,,,,,,,,,,,
,,,2025-08-11_06h27.25.419,CFMT_CCMT_Face_recognition,2023.2.3,Win32,59.88023952,677e29646b0a2cf5eff174dc,6899c7d7c4c961a016830ad3,6899c9e7ecbddf02cf1e440c,,,,,,,,,,,,,,,,,,,,,,,,,,,,,,,,,,,,,,,,,,,,,,281.542,2.017997134,283.5582,,,,,,,,,,,,,,,,,,,,,,,,283.5583,284.4414,p,0,0.6573,,15,0,15,0,1,,,,,,,,,,,,,,,,,,,,,,,,,,,,,,,,,,,,,,,,,,,,,,,,,,,,,,,,,,,,,,,,,,,,,,,,,,,,,,,,,,,,,,,,,,,,,,,,,,,,,,,,,,,,
,,,2025-08-11_06h27.25.419,CFMT_CCMT_Face_recognition,2023.2.3,Win32,59.88023952,677e29646b0a2cf5eff174dc,6899c7d7c4c961a016830ad3,6899c9e7ecbddf02cf1e440c,,,,,,,,,,,,,,,,,,,,,,,,,,,,,,,,,,,,,,,,,,,,,,284.442,1.849626552,286.2916,,,,,,,,,,,,,,,,,,,,,,,,286.2916,287.6082,q,1,1.1164,,16,0,16,0,1,,,,,,,,,,,,,,,,,,,,,,,,,,,,,,,,,,,,,,,,,,,,,,,,,,,,,,,,,,,,,,,,,,,,,,,,,,,,,,,,,,,,,,,,,,,,,,,,,,,,,,,,,,,,
,,,2025-08-11_06h27.25.419,CFMT_CCMT_Face_recognition,2023.2.3,Win32,59.88023952,677e29646b0a2cf5eff174dc,6899c7d7c4c961a016830ad3,6899c9e7ecbddf02cf1e440c,,,,,,,,,,,,,,,,,,,,,,,,,,,,,,,,,,,,,,,,,,,,,,287.6087,1.678179972,289.2749,,,,,,,,,,,,,,,,,,,,,,,,289.2749,290.2248,p,0,0.7462,,17,0,17,0,1,,,,,,,,,,,,,,,,,,,,,,,,,,,,,,,,,,,,,,,,,,,,,,,,,,,,,,,,,,,,,,,,,,,,,,,,,,,,,,,,,,,,,,,,,,,,,,,,,,,,,,,,,,,,
,,,2025-08-11_06h27.25.419,CFMT_CCMT_Face_recognition,2023.2.3,Win32,59.88023952,677e29646b0a2cf5eff174dc,6899c7d7c4c961a016830ad3,6899c9e7ecbddf02cf1e440c,,,,,,,,,,,,,,,,,,,,,,,,,,,,,,,,,,,,,,,,,,,,,,290.2256,1.990509634,292.2084,,,,,,,,,,,,,,,,,,,,,,,,292.2085,293.1249,q,0,0.7032,,18,0,18,0,1,,,,,,,,,,,,,,,,,,,,,,,,,,,,,,,,,,,,,,,,,,,,,,,,,,,,,,,,,,,,,,,,,,,,,,,,,,,,,,,,,,,,,,,,,,,,,,,,,,,,,,,,,,,,
,,,2025-08-11_06h27.25.419,CFMT_CCMT_Face_recognition,2023.2.3,Win32,59.88023952,677e29646b0a2cf5eff174dc,6899c7d7c4c961a016830ad3,6899c9e7ecbddf02cf1e440c,,,,,,,,,,,,,,,,,,,,,,,,,,,,,,,,,,,,,,,,,,,,,,293.1254,2.483104786,295.6084,,,,,,,,,,,,,,,,,,,,,,,,295.6084,296.625,q,1,0.8156,,19,0,19,0,1,,,,,,,,,,,,,,,,,,,,,,,,,,,,,,,,,,,,,,,,,,,,,,,,,,,,,,,,,,,,,,,,,,,,,,,,,,,,,,,,,,,,,,,,,,,,,,,,,,,,,,,,,,,,
,,,2025-08-11_06h27.25.419,CFMT_CCMT_Face_recognition,2023.2.3,Win32,59.88023952,677e29646b0a2cf5eff174dc,6899c7d7c4c961a016830ad3,6899c9e7ecbddf02cf1e440c,,,,,,,,,,,,,,,,,,,,,,,,,,,,,,,,,,,,,,,,,,,,,,296.6257,2.175525328,298.7918,,,,,,,,,,,,,,,,,,,,,,,,298.7918,299.6583,p,1,0.6664,,20,0,20,0,1,,,,,,,,,,,,,,,,,,,,,,,,,,,,,,,,,,,,,,,,,,,,,,,,,,,,,,,,,,,,,,,,,,,,,,,,,,,,,,,,,,,,,,,,,,,,,,,,,,,,,,,,,,,,
,,,2025-08-11_06h27.25.419,CFMT_CCMT_Face_recognition,2023.2.3,Win32,59.88023952,677e29646b0a2cf5eff174dc,6899c7d7c4c961a016830ad3,6899c9e7ecbddf02cf1e440c,,,,,,,,,,,,,,,,,,,,,,,,,,,,,,,,,,,,,,,,,,,,,,299.6591,2.461375669,302.1083,,,,,,,,,,,,,,,,,,,,,,,,302.1083,303.1251,q,1,0.8153,,21,0,21,0,1,,,,,,,,,,,,,,,,,,,,,,,,,,,,,,,,,,,,,,,,,,,,,,,,,,,,,,,,,,,,,,,,,,,,,,,,,,,,,,,,,,,,,,,,,,,,,,,,,,,,,,,,,,,,
,,,2025-08-11_06h27.25.419,CFMT_CCMT_Face_recognition,2023.2.3,Win32,59.88023952,677e29646b0a2cf5eff174dc,6899c7d7c4c961a016830ad3,6899c9e7ecbddf02cf1e440c,,,,,,,,,,,,,,,,,,,,,,,,,,,,,,,,,,,,,,,,,,,,,,303.1257,2.075316881,305.1917,,,,,,,,,,,,,,,,,,,,,,,,305.1917,306.0927,p,1,0.7006,,22,0,22,0,1,,,,,,,,,,,,,,,,,,,,,,,,,,,,,,,,,,,,,,,,,,,,,,,,,,,,,,,,,,,,,,,,,,,,,,,,,,,,,,,,,,,,,,,,,,,,,,,,,,,,,,,,,,,,
,,,2025-08-11_06h27.25.419,CFMT_CCMT_Face_recognition,2023.2.3,Win32,59.88023952,677e29646b0a2cf5eff174dc,6899c7d7c4c961a016830ad3,6899c9e7ecbddf02cf1e440c,,,,,,,,,,,,,,,,,,,,,,,,,,,,,,,,,,,,,,,,,,,,,,306.0933,1.635519657,307.725,,,,,,,,,,,,,,,,,,,,,,,,307.725,308.575,q,1,0.6437,,23,0,23,0,1,,,,,,,,,,,,,,,,,,,,,,,,,,,,,,,,,,,,,,,,,,,,,,,,,,,,,,,,,,,,,,,,,,,,,,,,,,,,,,,,,,,,,,,,,,,,,,,,,,,,,,,,,,,,
,,,2025-08-11_06h27.25.419,CFMT_CCMT_Face_recognition,2023.2.3,Win32,59.88023952,677e29646b0a2cf5eff174dc,6899c7d7c4c961a016830ad3,6899c9e7ecbddf02cf1e440c,,,,,,,,,,,,,,,,,,,,,,,,,,,,,,,,,,,,,,,,,,,,,,308.5756,2.044198779,310.6083,,,,,,,,,,,,,,,,,,,,,,,,310.6083,311.6089,p,0,0.807,,24,0,24,0,1,,,,,,,,,,,,,,,,,,,,,,,,,,,,,,,,,,,,,,,,,,,,,,,,,,,,,,,,,,,,,,,,,,,,,,,,,,,,,,,,,,,,,,,,,,,,,,,,,,,,,,,,,,,,
,,,2025-08-11_06h27.25.419,CFMT_CCMT_Face_recognition,2023.2.3,Win32,59.88023952,677e29646b0a2cf5eff174dc,6899c7d7c4c961a016830ad3,6899c9e7ecbddf02cf1e440c,,,,,,,,,,,,,,,,,,,,,,,,,,,,,,,,,,,,,,,,,,,,,,311.6098,2.312129664,313.9249,,,,,,,,,,,,,,,,,,,,,,,,313.925,314.8918,q,1,0.7576,,25,0,25,0,1,,,,,,,,,,,,,,,,,,,,,,,,,,,,,,,,,,,,,,,,,,,,,,,,,,,,,,,,,,,,,,,,,,,,,,,,,,,,,,,,,,,,,,,,,,,,,,,,,,,,,,,,,,,,
,,,2025-08-11_06h27.25.419,CFMT_CCMT_Face_recognition,2023.2.3,Win32,59.88023952,677e29646b0a2cf5eff174dc,6899c7d7c4c961a016830ad3,6899c9e7ecbddf02cf1e440c,,,,,,,,,,,,,,,,,,,,,,,,,,,,,,,,,,,,,,,,,,,,,,314.8925,1.597126408,316.4916,,,,,,,,,,,,,,,,,,,,,,,,316.4916,317.5917,p,0,0.9017,,26,0,26,0,1,,,,,,,,,,,,,,,,,,,,,,,,,,,,,,,,,,,,,,,,,,,,,,,,,,,,,,,,,,,,,,,,,,,,,,,,,,,,,,,,,,,,,,,,,,,,,,,,,,,,,,,,,,,,
,,,2025-08-11_06h27.25.419,CFMT_CCMT_Face_recognition,2023.2.3,Win32,59.88023952,677e29646b0a2cf5eff174dc,6899c7d7c4c961a016830ad3,6899c9e7ecbddf02cf1e440c,,,,,,,,,,,,,,,,,,,,,,,,,,,,,,,,,,,,,,,,,,,,,,317.5924,2.474008463,320.0582,,,,,,,,,,,,,,,,,,,,,,,,320.0583,321.0417,q,1,0.7814,,27,0,27,0,1,,,,,,,,,,,,,,,,,,,,,,,,,,,,,,,,,,,,,,,,,,,,,,,,,,,,,,,,,,,,,,,,,,,,,,,,,,,,,,,,,,,,,,,,,,,,,,,,,,,,,,,,,,,,
,,,2025-08-11_06h27.25.419,CFMT_CCMT_Face_recognition,2023.2.3,Win32,59.88023952,677e29646b0a2cf5eff174dc,6899c7d7c4c961a016830ad3,6899c9e7ecbddf02cf1e440c,,,,,,,,,,,,,,,,,,,,,,,,,,,,,,,,,,,,,,,,,,,,,,321.0424,2.465102564,323.5082,,,,,,,,,,,,,,,,,,,,,,,,323.5082,324.5586,q,1,0.8439,,28,0,28,0,1,,,,,,,,,,,,,,,,,,,,,,,,,,,,,,,,,,,,,,,,,,,,,,,,,,,,,,,,,,,,,,,,,,,,,,,,,,,,,,,,,,,,,,,,,,,,,,,,,,,,,,,,,,,,
,,,2025-08-11_06h27.25.419,CFMT_CCMT_Face_recognition,2023.2.3,Win32,59.88023952,677e29646b0a2cf5eff174dc,6899c7d7c4c961a016830ad3,6899c9e7ecbddf02cf1e440c,,,,,,,,,,,,,,,,,,,,,,,,,,,,,,,,,,,,,,,,,,,,,,324.559,1.595165025,326.1584,,,,,,,,,,,,,,,,,,,,,,,,326.1586,327.3418,q,1,0.9779,,29,0,29,0,1,,,,,,,,,,,,,,,,,,,,,,,,,,,,,,,,,,,,,,,,,,,,,,,,,,,,,,,,,,,,,,,,,,,,,,,,,,,,,,,,,,,,,,,,,,,,,,,,,,,,,,,,,,,,
,,,2025-08-11_06h27.25.419,CFMT_CCMT_Face_recognition,2023.2.3,Win32,59.88023952,677e29646b0a2cf5eff174dc,6899c7d7c4c961a016830ad3,6899c9e7ecbddf02cf1e440c,,,,,,,,,,,,,,,,,,,,,,,,,,,,,,,,,,,,,,,,,,,,,,327.3426,1.892838424,329.2252,,,,,,,,,,,,,,,,,,,,,,,,329.2252,330.2097,p,1,0.7868,,30,0,30,0,1,,,,,,,,,,,,,,,,,,,,,,,,,,,,,,,,,,,,,,,,,,,,,,,,,,,,,,,,,,,,,,,,,,,,,,,,,,,,,,,,,,,,,,,,,,,,,,,,,,,,,,,,,,,,
,,,2025-08-11_06h27.25.419,CFMT_CCMT_Face_recognition,2023.2.3,Win32,59.88023952,677e29646b0a2cf5eff174dc,6899c7d7c4c961a016830ad3,6899c9e7ecbddf02cf1e440c,,,,,,,,,,,,,,,,,,,,,,,,,,,,,,,,,,,,,,,,,,,,,,330.2104,1.847303169,332.0585,,,,,,,,,,,,,,,,,,,,,,,,332.0586,333.0256,p,0,0.7733,,31,0,31,0,1,,,,,,,,,,,,,,,,,,,,,,,,,,,,,,,,,,,,,,,,,,,,,,,,,,,,,,,,,,,,,,,,,,,,,,,,,,,,,,,,,,,,,,,,,,,,,,,,,,,,,,,,,,,,
,,,2025-08-11_06h27.25.419,CFMT_CCMT_Face_recognition,2023.2.3,Win32,59.88023952,677e29646b0a2cf5eff174dc,6899c7d7c4c961a016830ad3,6899c9e7ecbddf02cf1e440c,,,,,,,,,,,,,,,,,,,,,,,,,,,,,,,,,,,,,,,,,,,,,,333.0266,1.729120735,334.7583,,,,,,,,,,,,,,,,,,,,,,,,334.7583,335.942,q,0,0.941,,32,0,32,0,1,,,,,,,,,,,,,,,,,,,,,,,,,,,,,,,,,,,,,,,,,,,,,,,,,,,,,,,,,,,,,,,,,,,,,,,,,,,,,,,,,,,,,,,,,,,,,,,,,,,,,,,,,,,,
,,,2025-08-11_06h27.25.419,CFMT_CCMT_Face_recognition,2023.2.3,Win32,59.88023952,677e29646b0a2cf5eff174dc,6899c7d7c4c961a016830ad3,6899c9e7ecbddf02cf1e440c,,,,,,,,,,,,,,,,,,,,,,,,,,,,,,,,,,,,,,,,,,,,,,335.9428,2.441789576,338.375,,,,,,,,,,,,,,,,,,,,,,,,338.3751,339.3918,q,1,0.765,,33,0,33,0,1,,,,,,,,,,,,,,,,,,,,,,,,,,,,,,,,,,,,,,,,,,,,,,,,,,,,,,,,,,,,,,,,,,,,,,,,,,,,,,,,,,,,,,,,,,,,,,,,,,,,,,,,,,,,
,,,2025-08-11_06h27.25.419,CFMT_CCMT_Face_recognition,2023.2.3,Win32,59.88023952,677e29646b0a2cf5eff174dc,6899c7d7c4c961a016830ad3,6899c9e7ecbddf02cf1e440c,,,,,,,,,,,,,,,,,,,,,,,,,,,,,,,,,,,,,,,,,,,,,,339.3927,2.262706522,341.6586,,,,,,,,,,,,,,,,,,,,,,,,341.6586,342.6251,p,0,0.7661,,34,0,34,0,1,,,,,,,,,,,,,,,,,,,,,,,,,,,,,,,,,,,,,,,,,,,,,,,,,,,,,,,,,,,,,,,,,,,,,,,,,,,,,,,,,,,,,,,,,,,,,,,,,,,,,,,,,,,,
,,,2025-08-11_06h27.25.419,CFMT_CCMT_Face_recognition,2023.2.3,Win32,59.88023952,677e29646b0a2cf5eff174dc,6899c7d7c4c961a016830ad3,6899c9e7ecbddf02cf1e440c,,,,,,,,,,,,,,,,,,,,,,,,,,,,,,,,,,,,,,,,,,,,,,342.626,2.267754789,344.8919,,,,,,,,,,,,,,,,,,,,,,,,344.892,345.925,p,1,0.826,,35,0,35,0,1,,,,,,,,,,,,,,,,,,,,,,,,,,,,,,,,,,,,,,,,,,,,,,,,,,,,,,,,,,,,,,,,,,,,,,,,,,,,,,,,,,,,,,,,,,,,,,,,,,,,,,,,,,,,
,,,2025-08-11_06h27.25.419,CFMT_CCMT_Face_recognition,2023.2.3,Win32,59.88023952,677e29646b0a2cf5eff174dc,6899c7d7c4c961a016830ad3,6899c9e7ecbddf02cf1e440c,,,,,,,,,,,,,,,,,,,,,,,,,,,,,,,,,,,,,,,,,,,,,,345.9255,2.247891631,348.1751,,,,,,,,,,,,,,,,,,,,,,,,348.1751,349.2584,p,1,0.8907,,36,0,36,0,1,,,,,,,,,,,,,,,,,,,,,,,,,,,,,,,,,,,,,,,,,,,,,,,,,,,,,,,,,,,,,,,,,,,,,,,,,,,,,,,,,,,,,,,,,,,,,,,,,,,,,,,,,,,,
,,,2025-08-11_06h27.25.419,CFMT_CCMT_Face_recognition,2023.2.3,Win32,59.88023952,677e29646b0a2cf5eff174dc,6899c7d7c4c961a016830ad3,6899c9e7ecbddf02cf1e440c,,,,,,,,,,,,,,,,,,,,,,,,,,,,,,,,,,,,,,,,,,,,,,349.2589,1.633041543,350.8918,,,,,,,,,,,,,,,,,,,,,,,,350.8918,352.1251,q,1,1.0364,,37,0,37,0,1,,,,,,,,,,,,,,,,,,,,,,,,,,,,,,,,,,,,,,,,,,,,,,,,,,,,,,,,,,,,,,,,,,,,,,,,,,,,,,,,,,,,,,,,,,,,,,,,,,,,,,,,,,,,
,,,2025-08-11_06h27.25.419,CFMT_CCMT_Face_recognition,2023.2.3,Win32,59.88023952,677e29646b0a2cf5eff174dc,6899c7d7c4c961a016830ad3,6899c9e7ecbddf02cf1e440c,,,,,,,,,,,,,,,,,,,,,,,,,,,,,,,,,,,,,,,,,,,,,,352.1256,2.205671449,354.3252,,,,,,,,,,,,,,,,,,,,,,,,354.3253,356.0085,q,1,1.4373,,38,0,38,0,1,,,,,,,,,,,,,,,,,,,,,,,,,,,,,,,,,,,,,,,,,,,,,,,,,,,,,,,,,,,,,,,,,,,,,,,,,,,,,,,,,,,,,,,,,,,,,,,,,,,,,,,,,,,,
,,,2025-08-11_06h27.25.419,CFMT_CCMT_Face_recognition,2023.2.3,Win32,59.88023952,677e29646b0a2cf5eff174dc,6899c7d7c4c961a016830ad3,6899c9e7ecbddf02cf1e440c,,,,,,,,,,,,,,,,,,,,,,,,,,,,,,,,,,,,,,,,,,,,,,356.0093,1.648781978,357.6585,,,,,,,,,,,,,,,,,,,,,,,,357.6585,358.6249,p,1,0.7688,,39,0,39,0,1,,,,,,,,,,,,,,,,,,,,,,,,,,,,,,,,,,,,,,,,,,,,,,,,,,,,,,,,,,,,,,,,,,,,,,,,,,,,,,,,,,,,,,,,,,,,,,,,,,,,,,,,,,,,
,,,2025-08-11_06h27.25.419,CFMT_CCMT_Face_recognition,2023.2.3,Win32,59.88023952,677e29646b0a2cf5eff174dc,6899c7d7c4c961a016830ad3,6899c9e7ecbddf02cf1e440c,,,,,,,,,,,,,,,,,,,,,,,,,,,,,,,,,,,,,,,,,,,,,,358.6255,1.566199721,360.192,,,,,,,,,,,,,,,,,,,,,,,,360.1921,361.1584,p,1,0.7474,,40,0,40,0,1,,,,,,,,,,,,,,,,,,,,,,,,,,,,,,,,,,,,,,,,,,,,,,,,,,,,,,,,,,,,,,,,,,,,,,,,,,,,,,,,,,,,,,,,,,,,,,,,,,,,,,,,,,,,
,,,2025-08-11_06h27.25.419,CFMT_CCMT_Face_recognition,2023.2.3,Win32,59.88023952,677e29646b0a2cf5eff174dc,6899c7d7c4c961a016830ad3,6899c9e7ecbddf02cf1e440c,,,,,,,,,,,,,,,,,,,,,,,,,,,,,,,,,,,,,,,,,,,,,,361.1589,1.967998654,363.1251,,,,,,,,,,,,,,,,,,,,,,,,363.1251,364.2251,p,1,0.8915,,41,0,41,0,1,,,,,,,,,,,,,,,,,,,,,,,,,,,,,,,,,,,,,,,,,,,,,,,,,,,,,,,,,,,,,,,,,,,,,,,,,,,,,,,,,,,,,,,,,,,,,,,,,,,,,,,,,,,,
,,,2025-08-11_06h27.25.419,CFMT_CCMT_Face_recognition,2023.2.3,Win32,59.88023952,677e29646b0a2cf5eff174dc,6899c7d7c4c961a016830ad3,6899c9e7ecbddf02cf1e440c,,,,,,,,,,,,,,,,,,,,,,,,,,,,,,,,,,,,,,,,,,,,,,364.2257,2.104372858,366.3251,,,,,,,,,,,,,,,,,,,,,,,,366.3252,367.1086,p,0,0.5809,,42,0,42,0,1,,,,,,,,,,,,,,,,,,,,,,,,,,,,,,,,,,,,,,,,,,,,,,,,,,,,,,,,,,,,,,,,,,,,,,,,,,,,,,,,,,,,,,,,,,,,,,,,,,,,,,,,,,,,
,,,2025-08-11_06h27.25.419,CFMT_CCMT_Face_recognition,2023.2.3,Win32,59.88023952,677e29646b0a2cf5eff174dc,6899c7d7c4c961a016830ad3,6899c9e7ecbddf02cf1e440c,,,,,,,,,,,,,,,,,,,,,,,,,,,,,,,,,,,,,,,,,,,,,,367.1093,1.877459711,368.9747,,,,,,,,,,,,,,,,,,,,,,,,368.9747,369.9918,p,1,0.8531,,43,0,43,0,1,,,,,,,,,,,,,,,,,,,,,,,,,,,,,,,,,,,,,,,,,,,,,,,,,,,,,,,,,,,,,,,,,,,,,,,,,,,,,,,,,,,,,,,,,,,,,,,,,,,,,,,,,,,,
,,,2025-08-11_06h27.25.419,CFMT_CCMT_Face_recognition,2023.2.3,Win32,59.88023952,677e29646b0a2cf5eff174dc,6899c7d7c4c961a016830ad3,6899c9e7ecbddf02cf1e440c,,,,,,,,,,,,,,,,,,,,,,,,,,,,,,,,,,,,,,,,,,,,,,369.9925,1.714694595,371.7081,,,,,,,,,,,,,,,,,,,,,,,,371.7081,372.9248,q,0,1.046,,44,0,44,0,1,,,,,,,,,,,,,,,,,,,,,,,,,,,,,,,,,,,,,,,,,,,,,,,,,,,,,,,,,,,,,,,,,,,,,,,,,,,,,,,,,,,,,,,,,,,,,,,,,,,,,,,,,,,,
,,,2025-08-11_06h27.25.419,CFMT_CCMT_Face_recognition,2023.2.3,Win32,59.88023952,677e29646b0a2cf5eff174dc,6899c7d7c4c961a016830ad3,6899c9e7ecbddf02cf1e440c,,,,,,,,,,,,,,,,,,,,,,,,,,,,,,,,,,,,,,,,,,,,,,372.9252,2.3712768,375.2919,,,,,,,,,,,,,,,,,,,,,,,,375.292,376.2254,p,1,0.7217,,45,0,45,0,1,,,,,,,,,,,,,,,,,,,,,,,,,,,,,,,,,,,,,,,,,,,,,,,,,,,,,,,,,,,,,,,,,,,,,,,,,,,,,,,,,,,,,,,,,,,,,,,,,,,,,,,,,,,,
,,,2025-08-11_06h27.25.419,CFMT_CCMT_Face_recognition,2023.2.3,Win32,59.88023952,677e29646b0a2cf5eff174dc,6899c7d7c4c961a016830ad3,6899c9e7ecbddf02cf1e440c,,,,,,,,,,,,,,,,,,,,,,,,,,,,,,,,,,,,,,,,,,,,,,376.2262,1.609140032,377.8251,,,,,,,,,,,,,,,,,,,,,,,,377.8252,378.6753,p,0,0.6414,,46,0,46,0,1,,,,,,,,,,,,,,,,,,,,,,,,,,,,,,,,,,,,,,,,,,,,,,,,,,,,,,,,,,,,,,,,,,,,,,,,,,,,,,,,,,,,,,,,,,,,,,,,,,,,,,,,,,,,
,,,2025-08-11_06h27.25.419,CFMT_CCMT_Face_recognition,2023.2.3,Win32,59.88023952,677e29646b0a2cf5eff174dc,6899c7d7c4c961a016830ad3,6899c9e7ecbddf02cf1e440c,,,,,,,,,,,,,,,,,,,,,,,,,,,,,,,,,,,,,,,,,,,,,,378.6761,1.686107745,380.3585,,,,,,,,,,,,,,,,,,,,,,,,380.3586,381.2918,p,1,0.7345,,47,0,47,0,1,,,,,,,,,,,,,,,,,,,,,,,,,,,,,,,,,,,,,,,,,,,,,,,,,,,,,,,,,,,,,,,,,,,,,,,,,,,,,,,,,,,,,,,,,,,,,,,,,,,,,,,,,,,,
,,,2025-08-11_06h27.25.419,CFMT_CCMT_Face_recognition,2023.2.3,Win32,59.88023952,677e29646b0a2cf5eff174dc,6899c7d7c4c961a016830ad3,6899c9e7ecbddf02cf1e440c,,,,,,,,,,,,,,,,,,,,,,,,,,,,,,,,,,,,,,,,,,,,,,381.2926,1.702021602,382.9918,,,,,,,,,,,,,,,,,,,,,,,,382.9918,384.1252,p,1,0.936,,48,0,48,0,1,,,,,,,,,,,,,,,,,,,,,,,,,,,,,,,,,,,,,,,,,,,,,,,,,,,,,,,,,,,,,,,,,,,,,,,,,,,,,,,,,,,,,,,,,,,,,,,,,,,,,,,,,,,,
,,,2025-08-11_06h27.25.419,CFMT_CCMT_Face_recognition,2023.2.3,Win32,59.88023952,677e29646b0a2cf5eff174dc,6899c7d7c4c961a016830ad3,6899c9e7ecbddf02cf1e440c,,,,,,,,,,,,,,,,,,,,,,,,,,,,,,,,,,,,,,,,,,,,,,384.1259,2.374053188,386.4919,,,,,,,,,,,,,,,,,,,,,,,,386.4919,387.3251,q,1,0.6097,,49,0,49,0,1,,,,,,,,,,,,,,,,,,,,,,,,,,,,,,,,,,,,,,,,,,,,,,,,,,,,,,,,,,,,,,,,,,,,,,,,,,,,,,,,,,,,,,,,,,,,,,,,,,,,,,,,,,,,
,,,2025-08-11_06h27.25.419,CFMT_CCMT_Face_recognition,2023.2.3,Win32,59.88023952,677e29646b0a2cf5eff174dc,6899c7d7c4c961a016830ad3,6899c9e7ecbddf02cf1e440c,,,,,,,,,,,,,,,,,,,,,,,,,,,,,,,,,,,,,,,,,,,,,,387.3258,1.670254765,388.9919,,,,,,,,,,,,,,,,,,,,,,,,388.9921,389.992,p,0,0.7745,,50,0,50,0,1,,,,,,,,,,,,,,,,,,,,,,,,,,,,,,,,,,,,,,,,,,,,,,,,,,,,,,,,,,,,,,,,,,,,,,,,,,,,,,,,,,,,,,,,,,,,,,,,,,,,,,,,,,,,
,,,2025-08-11_06h27.25.419,CFMT_CCMT_Face_recognition,2023.2.3,Win32,59.88023952,677e29646b0a2cf5eff174dc,6899c7d7c4c961a016830ad3,6899c9e7ecbddf02cf1e440c,,,,,,,,,,,,,,,,,,,,,,,,,,,,,,,,,,,,,,,,,,,,,,389.9925,1.785624473,391.7753,,,,,,,,,,,,,,,,,,,,,,,,391.7754,392.6919,q,1,0.7029,,51,0,51,0,1,,,,,,,,,,,,,,,,,,,,,,,,,,,,,,,,,,,,,,,,,,,,,,,,,,,,,,,,,,,,,,,,,,,,,,,,,,,,,,,,,,,,,,,,,,,,,,,,,,,,,,,,,,,,
,,,2025-08-11_06h27.25.419,CFMT_CCMT_Face_recognition,2023.2.3,Win32,59.88023952,677e29646b0a2cf5eff174dc,6899c7d7c4c961a016830ad3,6899c9e7ecbddf02cf1e440c,,,,,,,,,,,,,,,,,,,,,,,,,,,,,,,,,,,,,,,,,,,,,,392.6924,2.374315708,395.0584,,,,,,,,,,,,,,,,,,,,,,,,395.0586,396.0085,p,1,0.742,,52,0,52,0,1,,,,,,,,,,,,,,,,,,,,,,,,,,,,,,,,,,,,,,,,,,,,,,,,,,,,,,,,,,,,,,,,,,,,,,,,,,,,,,,,,,,,,,,,,,,,,,,,,,,,,,,,,,,,
,,,2025-08-11_06h27.25.419,CFMT_CCMT_Face_recognition,2023.2.3,Win32,59.88023952,677e29646b0a2cf5eff174dc,6899c7d7c4c961a016830ad3,6899c9e7ecbddf02cf1e440c,,,,,,,,,,,,,,,,,,,,,,,,,,,,,,,,,,,,,,,,,,,,,,396.0091,2.469393543,398.4752,,,,,,,,,,,,,,,,,,,,,,,,398.4752,399.4256,q,1,0.7595,,53,0,53,0,1,,,,,,,,,,,,,,,,,,,,,,,,,,,,,,,,,,,,,,,,,,,,,,,,,,,,,,,,,,,,,,,,,,,,,,,,,,,,,,,,,,,,,,,,,,,,,,,,,,,,,,,,,,,,
,,,2025-08-11_06h27.25.419,CFMT_CCMT_Face_recognition,2023.2.3,Win32,59.88023952,677e29646b0a2cf5eff174dc,6899c7d7c4c961a016830ad3,6899c9e7ecbddf02cf1e440c,,,,,,,,,,,,,,,,,,,,,,,,,,,,,,,,,,,,,,,,,,,,,,399.4266,1.94247071,401.3586,,,,,,,,,,,,,,,,,,,,,,,,401.3587,402.3587,p,1,0.7386,,54,0,54,0,1,,,,,,,,,,,,,,,,,,,,,,,,,,,,,,,,,,,,,,,,,,,,,,,,,,,,,,,,,,,,,,,,,,,,,,,,,,,,,,,,,,,,,,,,,,,,,,,,,,,,,,,,,,,,
,,,2025-08-11_06h27.25.419,CFMT_CCMT_Face_recognition,2023.2.3,Win32,59.88023952,677e29646b0a2cf5eff174dc,6899c7d7c4c961a016830ad3,6899c9e7ecbddf02cf1e440c,,,,,,,,,,,,,,,,,,,,,,,,,,,,,,,,,,,,,,,,,,,,,,402.3594,1.540284218,403.8919,,,,,,,,,,,,,,,,,,,,,,,,403.892,404.8754,q,1,0.7658,,55,0,55,0,1,,,,,,,,,,,,,,,,,,,,,,,,,,,,,,,,,,,,,,,,,,,,,,,,,,,,,,,,,,,,,,,,,,,,,,,,,,,,,,,,,,,,,,,,,,,,,,,,,,,,,,,,,,,,
,,,2025-08-11_06h27.25.419,CFMT_CCMT_Face_recognition,2023.2.3,Win32,59.88023952,677e29646b0a2cf5eff174dc,6899c7d7c4c961a016830ad3,6899c9e7ecbddf02cf1e440c,,,,,,,,,,,,,,,,,,,,,,,,,,,,,,,,,,,,,,,,,,,,,,404.8762,2.111763347,406.992,,,,,,,,,,,,,,,,,,,,,,,,406.992,408.0419,q,0,0.8416,,56,0,56,0,1,,,,,,,,,,,,,,,,,,,,,,,,,,,,,,,,,,,,,,,,,,,,,,,,,,,,,,,,,,,,,,,,,,,,,,,,,,,,,,,,,,,,,,,,,,,,,,,,,,,,,,,,,,,,
,,,2025-08-11_06h27.25.419,CFMT_CCMT_Face_recognition,2023.2.3,Win32,59.88023952,677e29646b0a2cf5eff174dc,6899c7d7c4c961a016830ad3,6899c9e7ecbddf02cf1e440c,,,,,,,,,,,,,,,,,,,,,,,,,,,,,,,,,,,,,,,,,,,,,,408.0425,1.570724311,409.6087,,,,,,,,,,,,,,,,,,,,,,,,409.6088,410.892,q,0,1.0868,,57,0,57,0,1,,,,,,,,,,,,,,,,,,,,,,,,,,,,,,,,,,,,,,,,,,,,,,,,,,,,,,,,,,,,,,,,,,,,,,,,,,,,,,,,,,,,,,,,,,,,,,,,,,,,,,,,,,,,
,,,2025-08-11_06h27.25.419,CFMT_CCMT_Face_recognition,2023.2.3,Win32,59.88023952,677e29646b0a2cf5eff174dc,6899c7d7c4c961a016830ad3,6899c9e7ecbddf02cf1e440c,,,,,,,,,,,,,,,,,,,,,,,,,,,,,,,,,,,,,,,,,,,,,,410.8925,1.549034656,412.4419,,,,,,,,,,,,,,,,,,,,,,,,412.4419,413.4584,p,0,0.8068,,58,0,58,0,1,,,,,,,,,,,,,,,,,,,,,,,,,,,,,,,,,,,,,,,,,,,,,,,,,,,,,,,,,,,,,,,,,,,,,,,,,,,,,,,,,,,,,,,,,,,,,,,,,,,,,,,,,,,,
,,,2025-08-11_06h27.25.419,CFMT_CCMT_Face_recognition,2023.2.3,Win32,59.88023952,677e29646b0a2cf5eff174dc,6899c7d7c4c961a016830ad3,6899c9e7ecbddf02cf1e440c,,,,,,,,,,,,,,,,,,,,,,,,,,,,,,,,,,,,,,,,,,,,,,413.4591,2.041581104,415.492,,,,,,,,,,,,,,,,,,,,,,,,415.492,416.6253,q,1,0.7971,,59,0,59,0,1,,,,,,,,,,,,,,,,,,,,,,,,,,,,,,,,,,,,,,,,,,,,,,,,,,,,,,,,,,,,,,,,,,,,,,,,,,,,,,,,,,,,,,,,,,,,,,,,,,,,,,,,,,,,
,,,2025-08-11_06h27.25.419,CFMT_CCMT_Face_recognition,2023.2.3,Win32,59.88023952,677e29646b0a2cf5eff174dc,6899c7d7c4c961a016830ad3,6899c9e7ecbddf02cf1e440c,,,,,,,,,,,,,,,,,,,,,,,,,,,,,,,,,,,,,,,,,,,,,,418.5287,2.354539914,420.8753,,,,,,,,,,,,,,,,,,,,,,,,420.8753,421.892,p,0,0.7561,,0,0,0,0,1,416.6264,418.5258,space,1.8667,,,,,,,,,,,,,,,,,,,,,,,,,,,,,,,,,,,,,,,,,,,,,,,,,,,,,,,,,,,,,,,,,,,,,,,,,,,,,,,,,,,,,,,,,,,,,,,,,,,,,,,,
,,,2025-08-11_06h27.25.419,CFMT_CCMT_Face_recognition,2023.2.3,Win32,59.88023952,677e29646b0a2cf5eff174dc,6899c7d7c4c961a016830ad3,6899c9e7ecbddf02cf1e440c,,,,,,,,,,,,,,,,,,,,,,,,,,,,,,,,,,,,,,,,,,,,,,421.8926,2.464478928,424.3587,,,,,,,,,,,,,,,,,,,,,,,,424.3587,425.2753,p,1,0.7163,,1,0,1,0,1,,,,,,,,,,,,,,,,,,,,,,,,,,,,,,,,,,,,,,,,,,,,,,,,,,,,,,,,,,,,,,,,,,,,,,,,,,,,,,,,,,,,,,,,,,,,,,,,,,,,,,,,,,,,
,,,2025-08-11_06h27.25.419,CFMT_CCMT_Face_recognition,2023.2.3,Win32,59.88023952,677e29646b0a2cf5eff174dc,6899c7d7c4c961a016830ad3,6899c9e7ecbddf02cf1e440c,,,,,,,,,,,,,,,,,,,,,,,,,,,,,,,,,,,,,,,,,,,,,,425.276,2.092096416,427.3587,,,,,,,,,,,,,,,,,,,,,,,,427.3587,428.2753,p,0,0.7019,,2,0,2,0,1,,,,,,,,,,,,,,,,,,,,,,,,,,,,,,,,,,,,,,,,,,,,,,,,,,,,,,,,,,,,,,,,,,,,,,,,,,,,,,,,,,,,,,,,,,,,,,,,,,,,,,,,,,,,
,,,2025-08-11_06h27.25.419,CFMT_CCMT_Face_recognition,2023.2.3,Win32,59.88023952,677e29646b0a2cf5eff174dc,6899c7d7c4c961a016830ad3,6899c9e7ecbddf02cf1e440c,,,,,,,,,,,,,,,,,,,,,,,,,,,,,,,,,,,,,,,,,,,,,,428.2759,1.840771343,430.1086,,,,,,,,,,,,,,,,,,,,,,,,430.1086,431.3421,q,0,1.0412,,3,0,3,0,1,,,,,,,,,,,,,,,,,,,,,,,,,,,,,,,,,,,,,,,,,,,,,,,,,,,,,,,,,,,,,,,,,,,,,,,,,,,,,,,,,,,,,,,,,,,,,,,,,,,,,,,,,,,,
,,,2025-08-11_06h27.25.419,CFMT_CCMT_Face_recognition,2023.2.3,Win32,59.88023952,677e29646b0a2cf5eff174dc,6899c7d7c4c961a016830ad3,6899c9e7ecbddf02cf1e440c,,,,,,,,,,,,,,,,,,,,,,,,,,,,,,,,,,,,,,,,,,,,,,431.3429,2.307487971,433.642,,,,,,,,,,,,,,,,,,,,,,,,433.642,434.6421,q,1,0.7786,,4,0,4,0,1,,,,,,,,,,,,,,,,,,,,,,,,,,,,,,,,,,,,,,,,,,,,,,,,,,,,,,,,,,,,,,,,,,,,,,,,,,,,,,,,,,,,,,,,,,,,,,,,,,,,,,,,,,,,
,,,2025-08-11_06h27.25.419,CFMT_CCMT_Face_recognition,2023.2.3,Win32,59.88023952,677e29646b0a2cf5eff174dc,6899c7d7c4c961a016830ad3,6899c9e7ecbddf02cf1e440c,,,,,,,,,,,,,,,,,,,,,,,,,,,,,,,,,,,,,,,,,,,,,,434.6429,1.796956162,436.442,,,,,,,,,,,,,,,,,,,,,,,,436.4421,437.6254,q,0,0.9709,,5,0,5,0,1,,,,,,,,,,,,,,,,,,,,,,,,,,,,,,,,,,,,,,,,,,,,,,,,,,,,,,,,,,,,,,,,,,,,,,,,,,,,,,,,,,,,,,,,,,,,,,,,,,,,,,,,,,,,
,,,2025-08-11_06h27.25.419,CFMT_CCMT_Face_recognition,2023.2.3,Win32,59.88023952,677e29646b0a2cf5eff174dc,6899c7d7c4c961a016830ad3,6899c9e7ecbddf02cf1e440c,,,,,,,,,,,,,,,,,,,,,,,,,,,,,,,,,,,,,,,,,,,,,,437.626,1.994744418,439.6087,,,,,,,,,,,,,,,,,,,,,,,,439.6087,440.6754,q,1,0.8629,,6,0,6,0,1,,,,,,,,,,,,,,,,,,,,,,,,,,,,,,,,,,,,,,,,,,,,,,,,,,,,,,,,,,,,,,,,,,,,,,,,,,,,,,,,,,,,,,,,,,,,,,,,,,,,,,,,,,,,
,,,2025-08-11_06h27.25.419,CFMT_CCMT_Face_recognition,2023.2.3,Win32,59.88023952,677e29646b0a2cf5eff174dc,6899c7d7c4c961a016830ad3,6899c9e7ecbddf02cf1e440c,,,,,,,,,,,,,,,,,,,,,,,,,,,,,,,,,,,,,,,,,,,,,,440.676,1.538100866,442.2087,,,,,,,,,,,,,,,,,,,,,,,,442.2087,443.1421,q,1,0.736,,7,0,7,0,1,,,,,,,,,,,,,,,,,,,,,,,,,,,,,,,,,,,,,,,,,,,,,,,,,,,,,,,,,,,,,,,,,,,,,,,,,,,,,,,,,,,,,,,,,,,,,,,,,,,,,,,,,,,,
,,,2025-08-11_06h27.25.419,CFMT_CCMT_Face_recognition,2023.2.3,Win32,59.88023952,677e29646b0a2cf5eff174dc,6899c7d7c4c961a016830ad3,6899c9e7ecbddf02cf1e440c,,,,,,,,,,,,,,,,,,,,,,,,,,,,,,,,,,,,,,,,,,,,,,443.1429,1.618654896,444.7588,,,,,,,,,,,,,,,,,,,,,,,,444.7589,445.7587,p,1,0.7904,,8,0,8,0,1,,,,,,,,,,,,,,,,,,,,,,,,,,,,,,,,,,,,,,,,,,,,,,,,,,,,,,,,,,,,,,,,,,,,,,,,,,,,,,,,,,,,,,,,,,,,,,,,,,,,,,,,,,,,
,,,2025-08-11_06h27.25.419,CFMT_CCMT_Face_recognition,2023.2.3,Win32,59.88023952,677e29646b0a2cf5eff174dc,6899c7d7c4c961a016830ad3,6899c9e7ecbddf02cf1e440c,,,,,,,,,,,,,,,,,,,,,,,,,,,,,,,,,,,,,,,,,,,,,,445.7594,2.156129562,447.9087,,,,,,,,,,,,,,,,,,,,,,,,447.9088,448.8919,q,0,0.7794,,9,0,9,0,1,,,,,,,,,,,,,,,,,,,,,,,,,,,,,,,,,,,,,,,,,,,,,,,,,,,,,,,,,,,,,,,,,,,,,,,,,,,,,,,,,,,,,,,,,,,,,,,,,,,,,,,,,,,,
,,,2025-08-11_06h27.25.419,CFMT_CCMT_Face_recognition,2023.2.3,Win32,59.88023952,677e29646b0a2cf5eff174dc,6899c7d7c4c961a016830ad3,6899c9e7ecbddf02cf1e440c,,,,,,,,,,,,,,,,,,,,,,,,,,,,,,,,,,,,,,,,,,,,,,448.8927,1.70911414,450.5921,,,,,,,,,,,,,,,,,,,,,,,,450.5921,451.4589,q,1,0.6611,,10,0,10,0,1,,,,,,,,,,,,,,,,,,,,,,,,,,,,,,,,,,,,,,,,,,,,,,,,,,,,,,,,,,,,,,,,,,,,,,,,,,,,,,,,,,,,,,,,,,,,,,,,,,,,,,,,,,,,
,,,2025-08-11_06h27.25.419,CFMT_CCMT_Face_recognition,2023.2.3,Win32,59.88023952,677e29646b0a2cf5eff174dc,6899c7d7c4c961a016830ad3,6899c9e7ecbddf02cf1e440c,,,,,,,,,,,,,,,,,,,,,,,,,,,,,,,,,,,,,,,,,,,,,,451.4596,2.219371577,453.6755,,,,,,,,,,,,,,,,,,,,,,,,453.6755,454.5254,p,1,0.6364,,11,0,11,0,1,,,,,,,,,,,,,,,,,,,,,,,,,,,,,,,,,,,,,,,,,,,,,,,,,,,,,,,,,,,,,,,,,,,,,,,,,,,,,,,,,,,,,,,,,,,,,,,,,,,,,,,,,,,,
,,,2025-08-11_06h27.25.419,CFMT_CCMT_Face_recognition,2023.2.3,Win32,59.88023952,677e29646b0a2cf5eff174dc,6899c7d7c4c961a016830ad3,6899c9e7ecbddf02cf1e440c,,,,,,,,,,,,,,,,,,,,,,,,,,,,,,,,,,,,,,,,,,,,,,454.5259,1.931038128,456.4587,,,,,,,,,,,,,,,,,,,,,,,,456.4588,457.4098,p,0,0.7468,,12,0,12,0,1,,,,,,,,,,,,,,,,,,,,,,,,,,,,,,,,,,,,,,,,,,,,,,,,,,,,,,,,,,,,,,,,,,,,,,,,,,,,,,,,,,,,,,,,,,,,,,,,,,,,,,,,,,,,
,,,2025-08-11_06h27.25.419,CFMT_CCMT_Face_recognition,2023.2.3,Win32,59.88023952,677e29646b0a2cf5eff174dc,6899c7d7c4c961a016830ad3,6899c9e7ecbddf02cf1e440c,,,,,,,,,,,,,,,,,,,,,,,,,,,,,,,,,,,,,,,,,,,,,,457.4105,1.608966804,459.0088,,,,,,,,,,,,,,,,,,,,,,,,459.0088,460.7087,p,0,1.4865,,13,0,13,0,1,,,,,,,,,,,,,,,,,,,,,,,,,,,,,,,,,,,,,,,,,,,,,,,,,,,,,,,,,,,,,,,,,,,,,,,,,,,,,,,,,,,,,,,,,,,,,,,,,,,,,,,,,,,,
,,,2025-08-11_06h27.25.419,CFMT_CCMT_Face_recognition,2023.2.3,Win32,59.88023952,677e29646b0a2cf5eff174dc,6899c7d7c4c961a016830ad3,6899c9e7ecbddf02cf1e440c,,,,,,,,,,,,,,,,,,,,,,,,,,,,,,,,,,,,,,,,,,,,,,460.7094,2.488686744,463.192,,,,,,,,,,,,,,,,,,,,,,,,463.1921,464.092,q,1,0.6478,,14,0,14,0,1,,,,,,,,,,,,,,,,,,,,,,,,,,,,,,,,,,,,,,,,,,,,,,,,,,,,,,,,,,,,,,,,,,,,,,,,,,,,,,,,,,,,,,,,,,,,,,,,,,,,,,,,,,,,
,,,2025-08-11_06h27.25.419,CFMT_CCMT_Face_recognition,2023.2.3,Win32,59.88023952,677e29646b0a2cf5eff174dc,6899c7d7c4c961a016830ad3,6899c9e7ecbddf02cf1e440c,,,,,,,,,,,,,,,,,,,,,,,,,,,,,,,,,,,,,,,,,,,,,,464.0925,1.703216651,465.7921,,,,,,,,,,,,,,,,,,,,,,,,465.7922,467.0922,p,1,1.0591,,15,0,15,0,1,,,,,,,,,,,,,,,,,,,,,,,,,,,,,,,,,,,,,,,,,,,,,,,,,,,,,,,,,,,,,,,,,,,,,,,,,,,,,,,,,,,,,,,,,,,,,,,,,,,,,,,,,,,,
,,,2025-08-11_06h27.25.419,CFMT_CCMT_Face_recognition,2023.2.3,Win32,59.88023952,677e29646b0a2cf5eff174dc,6899c7d7c4c961a016830ad3,6899c9e7ecbddf02cf1e440c,,,,,,,,,,,,,,,,,,,,,,,,,,,,,,,,,,,,,,,,,,,,,,467.0927,2.300925257,469.3922,,,,,,,,,,,,,,,,,,,,,,,,469.3922,470.359,p,1,0.7109,,16,0,16,0,1,,,,,,,,,,,,,,,,,,,,,,,,,,,,,,,,,,,,,,,,,,,,,,,,,,,,,,,,,,,,,,,,,,,,,,,,,,,,,,,,,,,,,,,,,,,,,,,,,,,,,,,,,,,,
,,,2025-08-11_06h27.25.419,CFMT_CCMT_Face_recognition,2023.2.3,Win32,59.88023952,677e29646b0a2cf5eff174dc,6899c7d7c4c961a016830ad3,6899c9e7ecbddf02cf1e440c,,,,,,,,,,,,,,,,,,,,,,,,,,,,,,,,,,,,,,,,,,,,,,470.3598,1.99570829,472.3587,,,,,,,,,,,,,,,,,,,,,,,,472.3588,473.2588,q,1,0.6877,,17,0,17,0,1,,,,,,,,,,,,,,,,,,,,,,,,,,,,,,,,,,,,,,,,,,,,,,,,,,,,,,,,,,,,,,,,,,,,,,,,,,,,,,,,,,,,,,,,,,,,,,,,,,,,,,,,,,,,
,,,2025-08-11_06h27.25.419,CFMT_CCMT_Face_recognition,2023.2.3,Win32,59.88023952,677e29646b0a2cf5eff174dc,6899c7d7c4c961a016830ad3,6899c9e7ecbddf02cf1e440c,,,,,,,,,,,,,,,,,,,,,,,,,,,,,,,,,,,,,,,,,,,,,,473.2595,2.442143352,475.6921,,,,,,,,,,,,,,,,,,,,,,,,475.6921,476.5922,p,1,0.6407,,18,0,18,0,1,,,,,,,,,,,,,,,,,,,,,,,,,,,,,,,,,,,,,,,,,,,,,,,,,,,,,,,,,,,,,,,,,,,,,,,,,,,,,,,,,,,,,,,,,,,,,,,,,,,,,,,,,,,,
,,,2025-08-11_06h27.25.419,CFMT_CCMT_Face_recognition,2023.2.3,Win32,59.88023952,677e29646b0a2cf5eff174dc,6899c7d7c4c961a016830ad3,6899c9e7ecbddf02cf1e440c,,,,,,,,,,,,,,,,,,,,,,,,,,,,,,,,,,,,,,,,,,,,,,476.5928,2.344001811,478.9255,,,,,,,,,,,,,,,,,,,,,,,,478.9255,479.9087,q,0,0.7695,,19,0,19,0,1,,,,,,,,,,,,,,,,,,,,,,,,,,,,,,,,,,,,,,,,,,,,,,,,,,,,,,,,,,,,,,,,,,,,,,,,,,,,,,,,,,,,,,,,,,,,,,,,,,,,,,,,,,,,
,,,2025-08-11_06h27.25.419,CFMT_CCMT_Face_recognition,2023.2.3,Win32,59.88023952,677e29646b0a2cf5eff174dc,6899c7d7c4c961a016830ad3,6899c9e7ecbddf02cf1e440c,,,,,,,,,,,,,,,,,,,,,,,,,,,,,,,,,,,,,,,,,,,,,,479.9092,2.135792201,482.0421,,,,,,,,,,,,,,,,,,,,,,,,482.0422,483.0588,q,1,0.8317,,20,0,20,0,1,,,,,,,,,,,,,,,,,,,,,,,,,,,,,,,,,,,,,,,,,,,,,,,,,,,,,,,,,,,,,,,,,,,,,,,,,,,,,,,,,,,,,,,,,,,,,,,,,,,,,,,,,,,,
,,,2025-08-11_06h27.25.419,CFMT_CCMT_Face_recognition,2023.2.3,Win32,59.88023952,677e29646b0a2cf5eff174dc,6899c7d7c4c961a016830ad3,6899c9e7ecbddf02cf1e440c,,,,,,,,,,,,,,,,,,,,,,,,,,,,,,,,,,,,,,,,,,,,,,483.0595,2.387794805,485.4422,,,,,,,,,,,,,,,,,,,,,,,,485.4422,486.3255,p,0,0.6532,,21,0,21,0,1,,,,,,,,,,,,,,,,,,,,,,,,,,,,,,,,,,,,,,,,,,,,,,,,,,,,,,,,,,,,,,,,,,,,,,,,,,,,,,,,,,,,,,,,,,,,,,,,,,,,,,,,,,,,
,,,2025-08-11_06h27.25.419,CFMT_CCMT_Face_recognition,2023.2.3,Win32,59.88023952,677e29646b0a2cf5eff174dc,6899c7d7c4c961a016830ad3,6899c9e7ecbddf02cf1e440c,,,,,,,,,,,,,,,,,,,,,,,,,,,,,,,,,,,,,,,,,,,,,,486.326,2.049444652,488.3755,,,,,,,,,,,,,,,,,,,,,,,,488.3756,489.1752,q,1,0.6094,,22,0,22,0,1,,,,,,,,,,,,,,,,,,,,,,,,,,,,,,,,,,,,,,,,,,,,,,,,,,,,,,,,,,,,,,,,,,,,,,,,,,,,,,,,,,,,,,,,,,,,,,,,,,,,,,,,,,,,
,,,2025-08-11_06h27.25.419,CFMT_CCMT_Face_recognition,2023.2.3,Win32,59.88023952,677e29646b0a2cf5eff174dc,6899c7d7c4c961a016830ad3,6899c9e7ecbddf02cf1e440c,,,,,,,,,,,,,,,,,,,,,,,,,,,,,,,,,,,,,,,,,,,,,,489.1756,1.787669915,490.959,,,,,,,,,,,,,,,,,,,,,,,,490.959,491.909,p,1,0.745,,23,0,23,0,1,,,,,,,,,,,,,,,,,,,,,,,,,,,,,,,,,,,,,,,,,,,,,,,,,,,,,,,,,,,,,,,,,,,,,,,,,,,,,,,,,,,,,,,,,,,,,,,,,,,,,,,,,,,,
,,,2025-08-11_06h27.25.419,CFMT_CCMT_Face_recognition,2023.2.3,Win32,59.88023952,677e29646b0a2cf5eff174dc,6899c7d7c4c961a016830ad3,6899c9e7ecbddf02cf1e440c,,,,,,,,,,,,,,,,,,,,,,,,,,,,,,,,,,,,,,,,,,,,,,491.9095,2.271176458,494.1755,,,,,,,,,,,,,,,,,,,,,,,,494.1755,495.5091,q,1,1.1347,,24,0,24,0,1,,,,,,,,,,,,,,,,,,,,,,,,,,,,,,,,,,,,,,,,,,,,,,,,,,,,,,,,,,,,,,,,,,,,,,,,,,,,,,,,,,,,,,,,,,,,,,,,,,,,,,,,,,,,
,,,2025-08-11_06h27.25.419,CFMT_CCMT_Face_recognition,2023.2.3,Win32,59.88023952,677e29646b0a2cf5eff174dc,6899c7d7c4c961a016830ad3,6899c9e7ecbddf02cf1e440c,,,,,,,,,,,,,,,,,,,,,,,,,,,,,,,,,,,,,,,,,,,,,,495.5097,2.292458924,497.7922,,,,,,,,,,,,,,,,,,,,,,,,497.7923,498.7422,q,1,0.7061,,25,0,25,0,1,,,,,,,,,,,,,,,,,,,,,,,,,,,,,,,,,,,,,,,,,,,,,,,,,,,,,,,,,,,,,,,,,,,,,,,,,,,,,,,,,,,,,,,,,,,,,,,,,,,,,,,,,,,,
,,,2025-08-11_06h27.25.419,CFMT_CCMT_Face_recognition,2023.2.3,Win32,59.88023952,677e29646b0a2cf5eff174dc,6899c7d7c4c961a016830ad3,6899c9e7ecbddf02cf1e440c,,,,,,,,,,,,,,,,,,,,,,,,,,,,,,,,,,,,,,,,,,,,,,498.7427,2.125924907,500.859,,,,,,,,,,,,,,,,,,,,,,,,500.8591,501.826,p,1,0.7204,,26,0,26,0,1,,,,,,,,,,,,,,,,,,,,,,,,,,,,,,,,,,,,,,,,,,,,,,,,,,,,,,,,,,,,,,,,,,,,,,,,,,,,,,,,,,,,,,,,,,,,,,,,,,,,,,,,,,,,
,,,2025-08-11_06h27.25.419,CFMT_CCMT_Face_recognition,2023.2.3,Win32,59.88023952,677e29646b0a2cf5eff174dc,6899c7d7c4c961a016830ad3,6899c9e7ecbddf02cf1e440c,,,,,,,,,,,,,,,,,,,,,,,,,,,,,,,,,,,,,,,,,,,,,,501.8268,2.409071864,504.2254,,,,,,,,,,,,,,,,,,,,,,,,504.2255,505.2256,p,0,0.751,,27,0,27,0,1,,,,,,,,,,,,,,,,,,,,,,,,,,,,,,,,,,,,,,,,,,,,,,,,,,,,,,,,,,,,,,,,,,,,,,,,,,,,,,,,,,,,,,,,,,,,,,,,,,,,,,,,,,,,
,,,2025-08-11_06h27.25.419,CFMT_CCMT_Face_recognition,2023.2.3,Win32,59.88023952,677e29646b0a2cf5eff174dc,6899c7d7c4c961a016830ad3,6899c9e7ecbddf02cf1e440c,,,,,,,,,,,,,,,,,,,,,,,,,,,,,,,,,,,,,,,,,,,,,,505.2261,1.530373372,506.7589,,,,,,,,,,,,,,,,,,,,,,,,506.759,508.0088,p,1,0.9709,,28,0,28,0,1,,,,,,,,,,,,,,,,,,,,,,,,,,,,,,,,,,,,,,,,,,,,,,,,,,,,,,,,,,,,,,,,,,,,,,,,,,,,,,,,,,,,,,,,,,,,,,,,,,,,,,,,,,,,
,,,2025-08-11_06h27.25.419,CFMT_CCMT_Face_recognition,2023.2.3,Win32,59.88023952,677e29646b0a2cf5eff174dc,6899c7d7c4c961a016830ad3,6899c9e7ecbddf02cf1e440c,,,,,,,,,,,,,,,,,,,,,,,,,,,,,,,,,,,,,,,,,,,,,,508.0094,1.704567415,509.7089,,,,,,,,,,,,,,,,,,,,,,,,509.7089,510.8752,q,0,0.9083,,29,0,29,0,1,,,,,,,,,,,,,,,,,,,,,,,,,,,,,,,,,,,,,,,,,,,,,,,,,,,,,,,,,,,,,,,,,,,,,,,,,,,,,,,,,,,,,,,,,,,,,,,,,,,,,,,,,,,,
,,,2025-08-11_06h27.25.419,CFMT_CCMT_Face_recognition,2023.2.3,Win32,59.88023952,677e29646b0a2cf5eff174dc,6899c7d7c4c961a016830ad3,6899c9e7ecbddf02cf1e440c,,,,,,,,,,,,,,,,,,,,,,,,,,,,,,,,,,,,,,,,,,,,,,510.8757,2.064696388,512.9422,,,,,,,,,,,,,,,,,,,,,,,,512.9423,513.9257,p,1,0.7519,,30,0,30,0,1,,,,,,,,,,,,,,,,,,,,,,,,,,,,,,,,,,,,,,,,,,,,,,,,,,,,,,,,,,,,,,,,,,,,,,,,,,,,,,,,,,,,,,,,,,,,,,,,,,,,,,,,,,,,
,,,2025-08-11_06h27.25.419,CFMT_CCMT_Face_recognition,2023.2.3,Win32,59.88023952,677e29646b0a2cf5eff174dc,6899c7d7c4c961a016830ad3,6899c9e7ecbddf02cf1e440c,,,,,,,,,,,,,,,,,,,,,,,,,,,,,,,,,,,,,,,,,,,,,,513.9265,1.920097686,515.8424,,,,,,,,,,,,,,,,,,,,,,,,515.8425,516.959,p,1,0.8782,,31,0,31,0,1,,,,,,,,,,,,,,,,,,,,,,,,,,,,,,,,,,,,,,,,,,,,,,,,,,,,,,,,,,,,,,,,,,,,,,,,,,,,,,,,,,,,,,,,,,,,,,,,,,,,,,,,,,,,
,,,2025-08-11_06h27.25.419,CFMT_CCMT_Face_recognition,2023.2.3,Win32,59.88023952,677e29646b0a2cf5eff174dc,6899c7d7c4c961a016830ad3,6899c9e7ecbddf02cf1e440c,,,,,,,,,,,,,,,,,,,,,,,,,,,,,,,,,,,,,,,,,,,,,,516.9598,1.795019828,518.759,,,,,,,,,,,,,,,,,,,,,,,,518.759,519.9255,p,1,0.9399,,32,0,32,0,1,,,,,,,,,,,,,,,,,,,,,,,,,,,,,,,,,,,,,,,,,,,,,,,,,,,,,,,,,,,,,,,,,,,,,,,,,,,,,,,,,,,,,,,,,,,,,,,,,,,,,,,,,,,,
,,,2025-08-11_06h27.25.419,CFMT_CCMT_Face_recognition,2023.2.3,Win32,59.88023952,677e29646b0a2cf5eff174dc,6899c7d7c4c961a016830ad3,6899c9e7ecbddf02cf1e440c,,,,,,,,,,,,,,,,,,,,,,,,,,,,,,,,,,,,,,,,,,,,,,519.9262,1.592499401,521.5089,,,,,,,,,,,,,,,,,,,,,,,,521.509,522.759,p,0,1.0521,,33,0,33,0,1,,,,,,,,,,,,,,,,,,,,,,,,,,,,,,,,,,,,,,,,,,,,,,,,,,,,,,,,,,,,,,,,,,,,,,,,,,,,,,,,,,,,,,,,,,,,,,,,,,,,,,,,,,,,
,,,2025-08-11_06h27.25.419,CFMT_CCMT_Face_recognition,2023.2.3,Win32,59.88023952,677e29646b0a2cf5eff174dc,6899c7d7c4c961a016830ad3,6899c9e7ecbddf02cf1e440c,,,,,,,,,,,,,,,,,,,,,,,,,,,,,,,,,,,,,,,,,,,,,,522.7597,2.33679003,525.0922,,,,,,,,,,,,,,,,,,,,,,,,525.0922,526.359,p,0,1.0385,,34,0,34,0,1,,,,,,,,,,,,,,,,,,,,,,,,,,,,,,,,,,,,,,,,,,,,,,,,,,,,,,,,,,,,,,,,,,,,,,,,,,,,,,,,,,,,,,,,,,,,,,,,,,,,,,,,,,,,
,,,2025-08-11_06h27.25.419,CFMT_CCMT_Face_recognition,2023.2.3,Win32,59.88023952,677e29646b0a2cf5eff174dc,6899c7d7c4c961a016830ad3,6899c9e7ecbddf02cf1e440c,,,,,,,,,,,,,,,,,,,,,,,,,,,,,,,,,,,,,,,,,,,,,,526.36,2.451630258,528.8091,,,,,,,,,,,,,,,,,,,,,,,,528.8091,530.1091,p,1,1.0328,,35,0,35,0,1,,,,,,,,,,,,,,,,,,,,,,,,,,,,,,,,,,,,,,,,,,,,,,,,,,,,,,,,,,,,,,,,,,,,,,,,,,,,,,,,,,,,,,,,,,,,,,,,,,,,,,,,,,,,
,,,2025-08-11_06h27.25.419,CFMT_CCMT_Face_recognition,2023.2.3,Win32,59.88023952,677e29646b0a2cf5eff174dc,6899c7d7c4c961a016830ad3,6899c9e7ecbddf02cf1e440c,,,,,,,,,,,,,,,,,,,,,,,,,,,,,,,,,,,,,,,,,,,,,,530.1099,2.248921347,532.3592,,,,,,,,,,,,,,,,,,,,,,,,532.3593,533.6091,q,1,1.0066,,36,0,36,0,1,,,,,,,,,,,,,,,,,,,,,,,,,,,,,,,,,,,,,,,,,,,,,,,,,,,,,,,,,,,,,,,,,,,,,,,,,,,,,,,,,,,,,,,,,,,,,,,,,,,,,,,,,,,,
,,,2025-08-11_06h27.25.419,CFMT_CCMT_Face_recognition,2023.2.3,Win32,59.88023952,677e29646b0a2cf5eff174dc,6899c7d7c4c961a016830ad3,6899c9e7ecbddf02cf1e440c,,,,,,,,,,,,,,,,,,,,,,,,,,,,,,,,,,,,,,,,,,,,,,533.6097,1.634615353,535.2422,,,,,,,,,,,,,,,,,,,,,,,,535.2423,536.409,p,1,0.9412,,37,0,37,0,1,,,,,,,,,,,,,,,,,,,,,,,,,,,,,,,,,,,,,,,,,,,,,,,,,,,,,,,,,,,,,,,,,,,,,,,,,,,,,,,,,,,,,,,,,,,,,,,,,,,,,,,,,,,,
,,,2025-08-11_06h27.25.419,CFMT_CCMT_Face_recognition,2023.2.3,Win32,59.88023952,677e29646b0a2cf5eff174dc,6899c7d7c4c961a016830ad3,6899c9e7ecbddf02cf1e440c,,,,,,,,,,,,,,,,,,,,,,,,,,,,,,,,,,,,,,,,,,,,,,536.4095,1.547163912,537.9591,,,,,,,,,,,,,,,,,,,,,,,,537.9592,539.1924,p,1,1.024,,38,0,38,0,1,,,,,,,,,,,,,,,,,,,,,,,,,,,,,,,,,,,,,,,,,,,,,,,,,,,,,,,,,,,,,,,,,,,,,,,,,,,,,,,,,,,,,,,,,,,,,,,,,,,,,,,,,,,,
,,,2025-08-11_06h27.25.419,CFMT_CCMT_Face_recognition,2023.2.3,Win32,59.88023952,677e29646b0a2cf5eff174dc,6899c7d7c4c961a016830ad3,6899c9e7ecbddf02cf1e440c,,,,,,,,,,,,,,,,,,,,,,,,,,,,,,,,,,,,,,,,,,,,,,539.1929,2.247260877,541.4424,,,,,,,,,,,,,,,,,,,,,,,,541.4424,542.5591,q,0,0.8523,,39,0,39,0,1,,,,,,,,,,,,,,,,,,,,,,,,,,,,,,,,,,,,,,,,,,,,,,,,,,,,,,,,,,,,,,,,,,,,,,,,,,,,,,,,,,,,,,,,,,,,,,,,,,,,,,,,,,,,
,,,2025-08-11_06h27.25.419,CFMT_CCMT_Face_recognition,2023.2.3,Win32,59.88023952,677e29646b0a2cf5eff174dc,6899c7d7c4c961a016830ad3,6899c9e7ecbddf02cf1e440c,,,,,,,,,,,,,,,,,,,,,,,,,,,,,,,,,,,,,,,,,,,,,,542.5597,1.931122764,544.4923,,,,,,,,,,,,,,,,,,,,,,,,544.4923,545.6589,q,0,0.9611,,40,0,40,0,1,,,,,,,,,,,,,,,,,,,,,,,,,,,,,,,,,,,,,,,,,,,,,,,,,,,,,,,,,,,,,,,,,,,,,,,,,,,,,,,,,,,,,,,,,,,,,,,,,,,,,,,,,,,,
,,,2025-08-11_06h27.25.419,CFMT_CCMT_Face_recognition,2023.2.3,Win32,59.88023952,677e29646b0a2cf5eff174dc,6899c7d7c4c961a016830ad3,6899c9e7ecbddf02cf1e440c,,,,,,,,,,,,,,,,,,,,,,,,,,,,,,,,,,,,,,,,,,,,,,545.6594,2.113788521,547.7756,,,,,,,,,,,,,,,,,,,,,,,,547.7757,548.9087,q,1,0.916,,41,0,41,0,1,,,,,,,,,,,,,,,,,,,,,,,,,,,,,,,,,,,,,,,,,,,,,,,,,,,,,,,,,,,,,,,,,,,,,,,,,,,,,,,,,,,,,,,,,,,,,,,,,,,,,,,,,,,,
,,,2025-08-11_06h27.25.419,CFMT_CCMT_Face_recognition,2023.2.3,Win32,59.88023952,677e29646b0a2cf5eff174dc,6899c7d7c4c961a016830ad3,6899c9e7ecbddf02cf1e440c,,,,,,,,,,,,,,,,,,,,,,,,,,,,,,,,,,,,,,,,,,,,,,548.909,1.75876435,550.659,,,,,,,,,,,,,,,,,,,,,,,,550.659,551.8424,q,0,0.9162,,42,0,42,0,1,,,,,,,,,,,,,,,,,,,,,,,,,,,,,,,,,,,,,,,,,,,,,,,,,,,,,,,,,,,,,,,,,,,,,,,,,,,,,,,,,,,,,,,,,,,,,,,,,,,,,,,,,,,,
,,,2025-08-11_06h27.25.419,CFMT_CCMT_Face_recognition,2023.2.3,Win32,59.88023952,677e29646b0a2cf5eff174dc,6899c7d7c4c961a016830ad3,6899c9e7ecbddf02cf1e440c,,,,,,,,,,,,,,,,,,,,,,,,,,,,,,,,,,,,,,,,,,,,,,551.8434,2.378572971,554.2257,,,,,,,,,,,,,,,,,,,,,,,,554.2258,555.159,q,1,0.6987,,43,0,43,0,1,,,,,,,,,,,,,,,,,,,,,,,,,,,,,,,,,,,,,,,,,,,,,,,,,,,,,,,,,,,,,,,,,,,,,,,,,,,,,,,,,,,,,,,,,,,,,,,,,,,,,,,,,,,,
,,,2025-08-11_06h27.25.419,CFMT_CCMT_Face_recognition,2023.2.3,Win32,59.88023952,677e29646b0a2cf5eff174dc,6899c7d7c4c961a016830ad3,6899c9e7ecbddf02cf1e440c,,,,,,,,,,,,,,,,,,,,,,,,,,,,,,,,,,,,,,,,,,,,,,555.1598,1.532535513,556.6924,,,,,,,,,,,,,,,,,,,,,,,,556.6924,558.1424,q,1,1.2431,,44,0,44,0,1,,,,,,,,,,,,,,,,,,,,,,,,,,,,,,,,,,,,,,,,,,,,,,,,,,,,,,,,,,,,,,,,,,,,,,,,,,,,,,,,,,,,,,,,,,,,,,,,,,,,,,,,,,,,
,,,2025-08-11_06h27.25.419,CFMT_CCMT_Face_recognition,2023.2.3,Win32,59.88023952,677e29646b0a2cf5eff174dc,6899c7d7c4c961a016830ad3,6899c9e7ecbddf02cf1e440c,,,,,,,,,,,,,,,,,,,,,,,,,,,,,,,,,,,,,,,,,,,,,,558.1431,2.374813463,560.509,,,,,,,,,,,,,,,,,,,,,,,,560.5091,561.7255,q,1,0.9272,,45,0,45,0,1,,,,,,,,,,,,,,,,,,,,,,,,,,,,,,,,,,,,,,,,,,,,,,,,,,,,,,,,,,,,,,,,,,,,,,,,,,,,,,,,,,,,,,,,,,,,,,,,,,,,,,,,,,,,
,,,2025-08-11_06h27.25.419,CFMT_CCMT_Face_recognition,2023.2.3,Win32,59.88023952,677e29646b0a2cf5eff174dc,6899c7d7c4c961a016830ad3,6899c9e7ecbddf02cf1e440c,,,,,,,,,,,,,,,,,,,,,,,,,,,,,,,,,,,,,,,,,,,,,,561.726,1.667230605,563.3924,,,,,,,,,,,,,,,,,,,,,,,,563.3924,564.4759,p,1,0.8494,,46,0,46,0,1,,,,,,,,,,,,,,,,,,,,,,,,,,,,,,,,,,,,,,,,,,,,,,,,,,,,,,,,,,,,,,,,,,,,,,,,,,,,,,,,,,,,,,,,,,,,,,,,,,,,,,,,,,,,
,,,2025-08-11_06h27.25.419,CFMT_CCMT_Face_recognition,2023.2.3,Win32,59.88023952,677e29646b0a2cf5eff174dc,6899c7d7c4c961a016830ad3,6899c9e7ecbddf02cf1e440c,,,,,,,,,,,,,,,,,,,,,,,,,,,,,,,,,,,,,,,,,,,,,,564.4765,2.038436471,566.5091,,,,,,,,,,,,,,,,,,,,,,,,566.5091,567.5255,q,0,0.7946,,47,0,47,0,1,,,,,,,,,,,,,,,,,,,,,,,,,,,,,,,,,,,,,,,,,,,,,,,,,,,,,,,,,,,,,,,,,,,,,,,,,,,,,,,,,,,,,,,,,,,,,,,,,,,,,,,,,,,,
,,,2025-08-11_06h27.25.419,CFMT_CCMT_Face_recognition,2023.2.3,Win32,59.88023952,677e29646b0a2cf5eff174dc,6899c7d7c4c961a016830ad3,6899c9e7ecbddf02cf1e440c,,,,,,,,,,,,,,,,,,,,,,,,,,,,,,,,,,,,,,,,,,,,,,567.5261,2.161015754,569.6757,,,,,,,,,,,,,,,,,,,,,,,,569.6757,570.8093,q,1,0.9166,,48,0,48,0,1,,,,,,,,,,,,,,,,,,,,,,,,,,,,,,,,,,,,,,,,,,,,,,,,,,,,,,,,,,,,,,,,,,,,,,,,,,,,,,,,,,,,,,,,,,,,,,,,,,,,,,,,,,,,
,,,2025-08-11_06h27.25.419,CFMT_CCMT_Face_recognition,2023.2.3,Win32,59.88023952,677e29646b0a2cf5eff174dc,6899c7d7c4c961a016830ad3,6899c9e7ecbddf02cf1e440c,,,,,,,,,,,,,,,,,,,,,,,,,,,,,,,,,,,,,,,,,,,,,,570.8102,2.036199768,572.8424,,,,,,,,,,,,,,,,,,,,,,,,572.8425,574.0923,p,1,1.0341,,49,0,49,0,1,,,,,,,,,,,,,,,,,,,,,,,,,,,,,,,,,,,,,,,,,,,,,,,,,,,,,,,,,,,,,,,,,,,,,,,,,,,,,,,,,,,,,,,,,,,,,,,,,,,,,,,,,,,,
,,,2025-08-11_06h27.25.419,CFMT_CCMT_Face_recognition,2023.2.3,Win32,59.88023952,677e29646b0a2cf5eff174dc,6899c7d7c4c961a016830ad3,6899c9e7ecbddf02cf1e440c,,,,,,,,,,,,,,,,,,,,,,,,,,,,,,,,,,,,,,,,,,,,,,574.093,1.997676894,576.0924,,,,,,,,,,,,,,,,,,,,,,,,576.0925,577.1093,q,0,0.7906,,50,0,50,0,1,,,,,,,,,,,,,,,,,,,,,,,,,,,,,,,,,,,,,,,,,,,,,,,,,,,,,,,,,,,,,,,,,,,,,,,,,,,,,,,,,,,,,,,,,,,,,,,,,,,,,,,,,,,,
,,,2025-08-11_06h27.25.419,CFMT_CCMT_Face_recognition,2023.2.3,Win32,59.88023952,677e29646b0a2cf5eff174dc,6899c7d7c4c961a016830ad3,6899c9e7ecbddf02cf1e440c,,,,,,,,,,,,,,,,,,,,,,,,,,,,,,,,,,,,,,,,,,,,,,577.1099,2.397661218,579.5091,,,,,,,,,,,,,,,,,,,,,,,,579.5091,580.4926,q,0,0.7418,,51,0,51,0,1,,,,,,,,,,,,,,,,,,,,,,,,,,,,,,,,,,,,,,,,,,,,,,,,,,,,,,,,,,,,,,,,,,,,,,,,,,,,,,,,,,,,,,,,,,,,,,,,,,,,,,,,,,,,
,,,2025-08-11_06h27.25.419,CFMT_CCMT_Face_recognition,2023.2.3,Win32,59.88023952,677e29646b0a2cf5eff174dc,6899c7d7c4c961a016830ad3,6899c9e7ecbddf02cf1e440c,,,,,,,,,,,,,,,,,,,,,,,,,,,,,,,,,,,,,,,,,,,,,,580.4933,1.793780067,582.2757,,,,,,,,,,,,,,,,,,,,,,,,582.2758,583.3091,q,0,0.8087,,52,0,52,0,1,,,,,,,,,,,,,,,,,,,,,,,,,,,,,,,,,,,,,,,,,,,,,,,,,,,,,,,,,,,,,,,,,,,,,,,,,,,,,,,,,,,,,,,,,,,,,,,,,,,,,,,,,,,,
,,,2025-08-11_06h27.25.419,CFMT_CCMT_Face_recognition,2023.2.3,Win32,59.88023952,677e29646b0a2cf5eff174dc,6899c7d7c4c961a016830ad3,6899c9e7ecbddf02cf1e440c,,,,,,,,,,,,,,,,,,,,,,,,,,,,,,,,,,,,,,,,,,,,,,583.3098,1.596321738,584.9092,,,,,,,,,,,,,,,,,,,,,,,,584.9093,586.4591,q,1,1.3191,,53,0,53,0,1,,,,,,,,,,,,,,,,,,,,,,,,,,,,,,,,,,,,,,,,,,,,,,,,,,,,,,,,,,,,,,,,,,,,,,,,,,,,,,,,,,,,,,,,,,,,,,,,,,,,,,,,,,,,
,,,2025-08-11_06h27.25.419,CFMT_CCMT_Face_recognition,2023.2.3,Win32,59.88023952,677e29646b0a2cf5eff174dc,6899c7d7c4c961a016830ad3,6899c9e7ecbddf02cf1e440c,,,,,,,,,,,,,,,,,,,,,,,,,,,,,,,,,,,,,,,,,,,,,,586.4597,1.861233556,588.309,,,,,,,,,,,,,,,,,,,,,,,,588.3091,589.2091,p,0,0.6781,,54,0,54,0,1,,,,,,,,,,,,,,,,,,,,,,,,,,,,,,,,,,,,,,,,,,,,,,,,,,,,,,,,,,,,,,,,,,,,,,,,,,,,,,,,,,,,,,,,,,,,,,,,,,,,,,,,,,,,
,,,2025-08-11_06h27.25.419,CFMT_CCMT_Face_recognition,2023.2.3,Win32,59.88023952,677e29646b0a2cf5eff174dc,6899c7d7c4c961a016830ad3,6899c9e7ecbddf02cf1e440c,,,,,,,,,,,,,,,,,,,,,,,,,,,,,,,,,,,,,,,,,,,,,,589.2096,2.413861117,591.6258,,,,,,,,,,,,,,,,,,,,,,,,591.6258,592.5257,p,0,0.6664,,55,0,55,0,1,,,,,,,,,,,,,,,,,,,,,,,,,,,,,,,,,,,,,,,,,,,,,,,,,,,,,,,,,,,,,,,,,,,,,,,,,,,,,,,,,,,,,,,,,,,,,,,,,,,,,,,,,,,,
,,,2025-08-11_06h27.25.419,CFMT_CCMT_Face_recognition,2023.2.3,Win32,59.88023952,677e29646b0a2cf5eff174dc,6899c7d7c4c961a016830ad3,6899c9e7ecbddf02cf1e440c,,,,,,,,,,,,,,,,,,,,,,,,,,,,,,,,,,,,,,,,,,,,,,592.5263,1.79243052,594.31,,,,,,,,,,,,,,,,,,,,,,,,594.3102,595.3258,p,1,0.7578,,56,0,56,0,1,,,,,,,,,,,,,,,,,,,,,,,,,,,,,,,,,,,,,,,,,,,,,,,,,,,,,,,,,,,,,,,,,,,,,,,,,,,,,,,,,,,,,,,,,,,,,,,,,,,,,,,,,,,,
,,,2025-08-11_06h27.25.419,CFMT_CCMT_Face_recognition,2023.2.3,Win32,59.88023952,677e29646b0a2cf5eff174dc,6899c7d7c4c961a016830ad3,6899c9e7ecbddf02cf1e440c,,,,,,,,,,,,,,,,,,,,,,,,,,,,,,,,,,,,,,,,,,,,,,595.3264,1.961833099,597.2925,,,,,,,,,,,,,,,,,,,,,,,,597.2926,598.4092,p,0,0.8727,,57,0,57,0,1,,,,,,,,,,,,,,,,,,,,,,,,,,,,,,,,,,,,,,,,,,,,,,,,,,,,,,,,,,,,,,,,,,,,,,,,,,,,,,,,,,,,,,,,,,,,,,,,,,,,,,,,,,,,
,,,2025-08-11_06h27.25.419,CFMT_CCMT_Face_recognition,2023.2.3,Win32,59.88023952,677e29646b0a2cf5eff174dc,6899c7d7c4c961a016830ad3,6899c9e7ecbddf02cf1e440c,,,,,,,,,,,,,,,,,,,,,,,,,,,,,,,,,,,,,,,,,,,,,,598.4098,2.127170159,600.5259,,,,,,,,,,,,,,,,,,,,,,,,600.5259,601.7758,q,1,1.0117,,58,0,58,0,1,,,,,,,,,,,,,,,,,,,,,,,,,,,,,,,,,,,,,,,,,,,,,,,,,,,,,,,,,,,,,,,,,,,,,,,,,,,,,,,,,,,,,,,,,,,,,,,,,,,,,,,,,,,,
,,,2025-08-11_06h27.25.419,CFMT_CCMT_Face_recognition,2023.2.3,Win32,59.88023952,677e29646b0a2cf5eff174dc,6899c7d7c4c961a016830ad3,6899c9e7ecbddf02cf1e440c,,,,,,,,,,,,,,,,,,,,,,,,,,,,,,,,,,,,,,,,,,,,,,601.7766,1.893904173,603.6592,,,,,,,,,,,,,,,,,,,,,,,,603.6593,604.8259,p,0,0.9392,,59,0,59,0,1,,,,,,,,,,,,,,,,,,,,,,,,,,,,,,,,,,,,,,,,,,,,,,,,,,,,,,,,,,,,,,,,,,,,,,,,,,,,,,,,,,,,,,,,,,,,,,,,,,,,,,,,,,,,
,,,2025-08-11_06h27.25.419,CFMT_CCMT_Face_recognition,2023.2.3,Win32,59.88023952,677e29646b0a2cf5eff174dc,6899c7d7c4c961a016830ad3,6899c9e7ecbddf02cf1e440c,,,,,,,,,,,,,,,,,,,,,,,,,,,,,,,,,,,,,,,,,,,,,,606.5782,1.914280973,608.4926,,,,,,,,,,,,,,,,,,,,,,,,608.4927,609.5422,q,1,0.8224,,0,0,0,0,1,604.8261,606.5759,space,1.7298,,,,,,,,,,,,,,,,,,,,,,,,,,,,,,,,,,,,,,,,,,,,,,,,,,,,,,,,,,,,,,,,,,,,,,,,,,,,,,,,,,,,,,,,,,,,,,,,,,,,,,,,
,,,2025-08-11_06h27.25.419,CFMT_CCMT_Face_recognition,2023.2.3,Win32,59.88023952,677e29646b0a2cf5eff174dc,6899c7d7c4c961a016830ad3,6899c9e7ecbddf02cf1e440c,,,,,,,,,,,,,,,,,,,,,,,,,,,,,,,,,,,,,,,,,,,,,,609.5425,2.198387234,611.7425,,,,,,,,,,,,,,,,,,,,,,,,611.7425,612.6592,q,1,0.7034,,1,0,1,0,1,,,,,,,,,,,,,,,,,,,,,,,,,,,,,,,,,,,,,,,,,,,,,,,,,,,,,,,,,,,,,,,,,,,,,,,,,,,,,,,,,,,,,,,,,,,,,,,,,,,,,,,,,,,,
,,,2025-08-11_06h27.25.419,CFMT_CCMT_Face_recognition,2023.2.3,Win32,59.88023952,677e29646b0a2cf5eff174dc,6899c7d7c4c961a016830ad3,6899c9e7ecbddf02cf1e440c,,,,,,,,,,,,,,,,,,,,,,,,,,,,,,,,,,,,,,,,,,,,,,612.6598,1.528942808,614.1925,,,,,,,,,,,,,,,,,,,,,,,,614.1926,615.1426,p,0,0.7329,,2,0,2,0,1,,,,,,,,,,,,,,,,,,,,,,,,,,,,,,,,,,,,,,,,,,,,,,,,,,,,,,,,,,,,,,,,,,,,,,,,,,,,,,,,,,,,,,,,,,,,,,,,,,,,,,,,,,,,
,,,2025-08-11_06h27.25.419,CFMT_CCMT_Face_recognition,2023.2.3,Win32,59.88023952,677e29646b0a2cf5eff174dc,6899c7d7c4c961a016830ad3,6899c9e7ecbddf02cf1e440c,,,,,,,,,,,,,,,,,,,,,,,,,,,,,,,,,,,,,,,,,,,,,,615.1431,1.693413438,616.8258,,,,,,,,,,,,,,,,,,,,,,,,616.8259,617.8592,p,0,0.7513,,3,0,3,0,1,,,,,,,,,,,,,,,,,,,,,,,,,,,,,,,,,,,,,,,,,,,,,,,,,,,,,,,,,,,,,,,,,,,,,,,,,,,,,,,,,,,,,,,,,,,,,,,,,,,,,,,,,,,,
,,,2025-08-11_06h27.25.419,CFMT_CCMT_Face_recognition,2023.2.3,Win32,59.88023952,677e29646b0a2cf5eff174dc,6899c7d7c4c961a016830ad3,6899c9e7ecbddf02cf1e440c,,,,,,,,,,,,,,,,,,,,,,,,,,,,,,,,,,,,,,,,,,,,,,617.8599,2.369944919,620.2261,,,,,,,,,,,,,,,,,,,,,,,,620.2261,621.1259,p,1,0.6697,,4,0,4,0,1,,,,,,,,,,,,,,,,,,,,,,,,,,,,,,,,,,,,,,,,,,,,,,,,,,,,,,,,,,,,,,,,,,,,,,,,,,,,,,,,,,,,,,,,,,,,,,,,,,,,,,,,,,,,
,,,2025-08-11_06h27.25.419,CFMT_CCMT_Face_recognition,2023.2.3,Win32,59.88023952,677e29646b0a2cf5eff174dc,6899c7d7c4c961a016830ad3,6899c9e7ecbddf02cf1e440c,,,,,,,,,,,,,,,,,,,,,,,,,,,,,,,,,,,,,,,,,,,,,,621.1264,1.586608407,622.7087,,,,,,,,,,,,,,,,,,,,,,,,622.7087,624.0258,q,1,1.1065,,5,0,5,0,1,,,,,,,,,,,,,,,,,,,,,,,,,,,,,,,,,,,,,,,,,,,,,,,,,,,,,,,,,,,,,,,,,,,,,,,,,,,,,,,,,,,,,,,,,,,,,,,,,,,,,,,,,,,,
,,,2025-08-11_06h27.25.419,CFMT_CCMT_Face_recognition,2023.2.3,Win32,59.88023952,677e29646b0a2cf5eff174dc,6899c7d7c4c961a016830ad3,6899c9e7ecbddf02cf1e440c,,,,,,,,,,,,,,,,,,,,,,,,,,,,,,,,,,,,,,,,,,,,,,624.0264,2.360589156,626.3758,,,,,,,,,,,,,,,,,,,,,,,,626.3759,627.3094,p,1,0.7274,,6,0,6,0,1,,,,,,,,,,,,,,,,,,,,,,,,,,,,,,,,,,,,,,,,,,,,,,,,,,,,,,,,,,,,,,,,,,,,,,,,,,,,,,,,,,,,,,,,,,,,,,,,,,,,,,,,,,,,
,,,2025-08-11_06h27.25.419,CFMT_CCMT_Face_recognition,2023.2.3,Win32,59.88023952,677e29646b0a2cf5eff174dc,6899c7d7c4c961a016830ad3,6899c9e7ecbddf02cf1e440c,,,,,,,,,,,,,,,,,,,,,,,,,,,,,,,,,,,,,,,,,,,,,,627.3102,1.707795143,629.0094,,,,,,,,,,,,,,,,,,,,,,,,629.0095,630.4259,q,0,1.2006,,7,0,7,0,1,,,,,,,,,,,,,,,,,,,,,,,,,,,,,,,,,,,,,,,,,,,,,,,,,,,,,,,,,,,,,,,,,,,,,,,,,,,,,,,,,,,,,,,,,,,,,,,,,,,,,,,,,,,,
,,,2025-08-11_06h27.25.419,CFMT_CCMT_Face_recognition,2023.2.3,Win32,59.88023952,677e29646b0a2cf5eff174dc,6899c7d7c4c961a016830ad3,6899c9e7ecbddf02cf1e440c,,,,,,,,,,,,,,,,,,,,,,,,,,,,,,,,,,,,,,,,,,,,,,630.4264,2.011376073,632.4259,,,,,,,,,,,,,,,,,,,,,,,,632.4259,633.326,p,1,0.6996,,8,0,8,0,1,,,,,,,,,,,,,,,,,,,,,,,,,,,,,,,,,,,,,,,,,,,,,,,,,,,,,,,,,,,,,,,,,,,,,,,,,,,,,,,,,,,,,,,,,,,,,,,,,,,,,,,,,,,,
,,,2025-08-11_06h27.25.419,CFMT_CCMT_Face_recognition,2023.2.3,Win32,59.88023952,677e29646b0a2cf5eff174dc,6899c7d7c4c961a016830ad3,6899c9e7ecbddf02cf1e440c,,,,,,,,,,,,,,,,,,,,,,,,,,,,,,,,,,,,,,,,,,,,,,633.3266,2.231044418,635.5594,,,,,,,,,,,,,,,,,,,,,,,,635.5594,636.5258,q,1,0.7632,,9,0,9,0,1,,,,,,,,,,,,,,,,,,,,,,,,,,,,,,,,,,,,,,,,,,,,,,,,,,,,,,,,,,,,,,,,,,,,,,,,,,,,,,,,,,,,,,,,,,,,,,,,,,,,,,,,,,,,
,,,2025-08-11_06h27.25.419,CFMT_CCMT_Face_recognition,2023.2.3,Win32,59.88023952,677e29646b0a2cf5eff174dc,6899c7d7c4c961a016830ad3,6899c9e7ecbddf02cf1e440c,,,,,,,,,,,,,,,,,,,,,,,,,,,,,,,,,,,,,,,,,,,,,,636.5265,2.489782187,639.0092,,,,,,,,,,,,,,,,,,,,,,,,639.0092,640.2259,q,0,0.9506,,10,0,10,0,1,,,,,,,,,,,,,,,,,,,,,,,,,,,,,,,,,,,,,,,,,,,,,,,,,,,,,,,,,,,,,,,,,,,,,,,,,,,,,,,,,,,,,,,,,,,,,,,,,,,,,,,,,,,,
,,,2025-08-11_06h27.25.419,CFMT_CCMT_Face_recognition,2023.2.3,Win32,59.88023952,677e29646b0a2cf5eff174dc,6899c7d7c4c961a016830ad3,6899c9e7ecbddf02cf1e440c,,,,,,,,,,,,,,,,,,,,,,,,,,,,,,,,,,,,,,,,,,,,,,640.2268,2.385703641,642.6093,,,,,,,,,,,,,,,,,,,,,,,,642.6093,643.5426,p,1,0.6756,,11,0,11,0,1,,,,,,,,,,,,,,,,,,,,,,,,,,,,,,,,,,,,,,,,,,,,,,,,,,,,,,,,,,,,,,,,,,,,,,,,,,,,,,,,,,,,,,,,,,,,,,,,,,,,,,,,,,,,
,,,2025-08-11_06h27.25.419,CFMT_CCMT_Face_recognition,2023.2.3,Win32,59.88023952,677e29646b0a2cf5eff174dc,6899c7d7c4c961a016830ad3,6899c9e7ecbddf02cf1e440c,,,,,,,,,,,,,,,,,,,,,,,,,,,,,,,,,,,,,,,,,,,,,,643.5432,2.342717026,645.8759,,,,,,,,,,,,,,,,,,,,,,,,645.876,646.9759,q,1,0.9014,,12,0,12,0,1,,,,,,,,,,,,,,,,,,,,,,,,,,,,,,,,,,,,,,,,,,,,,,,,,,,,,,,,,,,,,,,,,,,,,,,,,,,,,,,,,,,,,,,,,,,,,,,,,,,,,,,,,,,,
,,,2025-08-11_06h27.25.419,CFMT_CCMT_Face_recognition,2023.2.3,Win32,59.88023952,677e29646b0a2cf5eff174dc,6899c7d7c4c961a016830ad3,6899c9e7ecbddf02cf1e440c,,,,,,,,,,,,,,,,,,,,,,,,,,,,,,,,,,,,,,,,,,,,,,646.9766,2.445433113,649.426,,,,,,,,,,,,,,,,,,,,,,,,649.426,650.4263,q,1,0.7989,,13,0,13,0,1,,,,,,,,,,,,,,,,,,,,,,,,,,,,,,,,,,,,,,,,,,,,,,,,,,,,,,,,,,,,,,,,,,,,,,,,,,,,,,,,,,,,,,,,,,,,,,,,,,,,,,,,,,,,
,,,2025-08-11_06h27.25.419,CFMT_CCMT_Face_recognition,2023.2.3,Win32,59.88023952,677e29646b0a2cf5eff174dc,6899c7d7c4c961a016830ad3,6899c9e7ecbddf02cf1e440c,,,,,,,,,,,,,,,,,,,,,,,,,,,,,,,,,,,,,,,,,,,,,,650.4272,1.885785375,652.3093,,,,,,,,,,,,,,,,,,,,,,,,652.3093,653.2594,q,1,0.7455,,14,0,14,0,1,,,,,,,,,,,,,,,,,,,,,,,,,,,,,,,,,,,,,,,,,,,,,,,,,,,,,,,,,,,,,,,,,,,,,,,,,,,,,,,,,,,,,,,,,,,,,,,,,,,,,,,,,,,,
,,,2025-08-11_06h27.25.419,CFMT_CCMT_Face_recognition,2023.2.3,Win32,59.88023952,677e29646b0a2cf5eff174dc,6899c7d7c4c961a016830ad3,6899c9e7ecbddf02cf1e440c,,,,,,,,,,,,,,,,,,,,,,,,,,,,,,,,,,,,,,,,,,,,,,653.2601,2.447419808,655.7093,,,,,,,,,,,,,,,,,,,,,,,,655.7093,656.5591,p,1,0.6627,,15,0,15,0,1,,,,,,,,,,,,,,,,,,,,,,,,,,,,,,,,,,,,,,,,,,,,,,,,,,,,,,,,,,,,,,,,,,,,,,,,,,,,,,,,,,,,,,,,,,,,,,,,,,,,,,,,,,,,
,,,2025-08-11_06h27.25.419,CFMT_CCMT_Face_recognition,2023.2.3,Win32,59.88023952,677e29646b0a2cf5eff174dc,6899c7d7c4c961a016830ad3,6899c9e7ecbddf02cf1e440c,,,,,,,,,,,,,,,,,,,,,,,,,,,,,,,,,,,,,,,,,,,,,,656.5599,2.138509536,658.6927,,,,,,,,,,,,,,,,,,,,,,,,658.6928,659.7426,q,1,0.85,,16,0,16,0,1,,,,,,,,,,,,,,,,,,,,,,,,,,,,,,,,,,,,,,,,,,,,,,,,,,,,,,,,,,,,,,,,,,,,,,,,,,,,,,,,,,,,,,,,,,,,,,,,,,,,,,,,,,,,
,,,2025-08-11_06h27.25.419,CFMT_CCMT_Face_recognition,2023.2.3,Win32,59.88023952,677e29646b0a2cf5eff174dc,6899c7d7c4c961a016830ad3,6899c9e7ecbddf02cf1e440c,,,,,,,,,,,,,,,,,,,,,,,,,,,,,,,,,,,,,,,,,,,,,,659.7433,2.351339523,662.0927,,,,,,,,,,,,,,,,,,,,,,,,662.0927,662.9594,p,0,0.6569,,17,0,17,0,1,,,,,,,,,,,,,,,,,,,,,,,,,,,,,,,,,,,,,,,,,,,,,,,,,,,,,,,,,,,,,,,,,,,,,,,,,,,,,,,,,,,,,,,,,,,,,,,,,,,,,,,,,,,,
,,,2025-08-11_06h27.25.419,CFMT_CCMT_Face_recognition,2023.2.3,Win32,59.88023952,677e29646b0a2cf5eff174dc,6899c7d7c4c961a016830ad3,6899c9e7ecbddf02cf1e440c,,,,,,,,,,,,,,,,,,,,,,,,,,,,,,,,,,,,,,,,,,,,,,662.9601,2.130447013,665.0927,,,,,,,,,,,,,,,,,,,,,,,,665.0927,666.0929,p,1,0.7823,,18,0,18,0,1,,,,,,,,,,,,,,,,,,,,,,,,,,,,,,,,,,,,,,,,,,,,,,,,,,,,,,,,,,,,,,,,,,,,,,,,,,,,,,,,,,,,,,,,,,,,,,,,,,,,,,,,,,,,
,,,2025-08-11_06h27.25.419,CFMT_CCMT_Face_recognition,2023.2.3,Win32,59.88023952,677e29646b0a2cf5eff174dc,6899c7d7c4c961a016830ad3,6899c9e7ecbddf02cf1e440c,,,,,,,,,,,,,,,,,,,,,,,,,,,,,,,,,,,,,,,,,,,,,,666.0938,1.763923553,667.8592,,,,,,,,,,,,,,,,,,,,,,,,667.8593,668.8594,p,0,0.7825,,19,0,19,0,1,,,,,,,,,,,,,,,,,,,,,,,,,,,,,,,,,,,,,,,,,,,,,,,,,,,,,,,,,,,,,,,,,,,,,,,,,,,,,,,,,,,,,,,,,,,,,,,,,,,,,,,,,,,,
,,,2025-08-11_06h27.25.419,CFMT_CCMT_Face_recognition,2023.2.3,Win32,59.88023952,677e29646b0a2cf5eff174dc,6899c7d7c4c961a016830ad3,6899c9e7ecbddf02cf1e440c,,,,,,,,,,,,,,,,,,,,,,,,,,,,,,,,,,,,,,,,,,,,,,668.8602,2.226027531,671.0763,,,,,,,,,,,,,,,,,,,,,,,,671.0764,672.0927,p,1,0.8143,,20,0,20,0,1,,,,,,,,,,,,,,,,,,,,,,,,,,,,,,,,,,,,,,,,,,,,,,,,,,,,,,,,,,,,,,,,,,,,,,,,,,,,,,,,,,,,,,,,,,,,,,,,,,,,,,,,,,,,
,,,2025-08-11_06h27.25.419,CFMT_CCMT_Face_recognition,2023.2.3,Win32,59.88023952,677e29646b0a2cf5eff174dc,6899c7d7c4c961a016830ad3,6899c9e7ecbddf02cf1e440c,,,,,,,,,,,,,,,,,,,,,,,,,,,,,,,,,,,,,,,,,,,,,,672.0935,1.783252799,673.8762,,,,,,,,,,,,,,,,,,,,,,,,673.8762,675.0594,p,1,0.9757,,21,0,21,0,1,,,,,,,,,,,,,,,,,,,,,,,,,,,,,,,,,,,,,,,,,,,,,,,,,,,,,,,,,,,,,,,,,,,,,,,,,,,,,,,,,,,,,,,,,,,,,,,,,,,,,,,,,,,,
,,,2025-08-11_06h27.25.419,CFMT_CCMT_Face_recognition,2023.2.3,Win32,59.88023952,677e29646b0a2cf5eff174dc,6899c7d7c4c961a016830ad3,6899c9e7ecbddf02cf1e440c,,,,,,,,,,,,,,,,,,,,,,,,,,,,,,,,,,,,,,,,,,,,,,675.0599,2.285244849,677.3427,,,,,,,,,,,,,,,,,,,,,,,,677.3428,678.2095,p,1,0.66,,22,0,22,0,1,,,,,,,,,,,,,,,,,,,,,,,,,,,,,,,,,,,,,,,,,,,,,,,,,,,,,,,,,,,,,,,,,,,,,,,,,,,,,,,,,,,,,,,,,,,,,,,,,,,,,,,,,,,,
,,,2025-08-11_06h27.25.419,CFMT_CCMT_Face_recognition,2023.2.3,Win32,59.88023952,677e29646b0a2cf5eff174dc,6899c7d7c4c961a016830ad3,6899c9e7ecbddf02cf1e440c,,,,,,,,,,,,,,,,,,,,,,,,,,,,,,,,,,,,,,,,,,,,,,678.2103,2.299022353,680.5096,,,,,,,,,,,,,,,,,,,,,,,,680.5097,681.3763,q,1,0.6619,,23,0,23,0,1,,,,,,,,,,,,,,,,,,,,,,,,,,,,,,,,,,,,,,,,,,,,,,,,,,,,,,,,,,,,,,,,,,,,,,,,,,,,,,,,,,,,,,,,,,,,,,,,,,,,,,,,,,,,
,,,2025-08-11_06h27.25.419,CFMT_CCMT_Face_recognition,2023.2.3,Win32,59.88023952,677e29646b0a2cf5eff174dc,6899c7d7c4c961a016830ad3,6899c9e7ecbddf02cf1e440c,,,,,,,,,,,,,,,,,,,,,,,,,,,,,,,,,,,,,,,,,,,,,,681.3772,1.7109349,683.0761,,,,,,,,,,,,,,,,,,,,,,,,683.0762,684.0093,p,1,0.7312,,24,0,24,0,1,,,,,,,,,,,,,,,,,,,,,,,,,,,,,,,,,,,,,,,,,,,,,,,,,,,,,,,,,,,,,,,,,,,,,,,,,,,,,,,,,,,,,,,,,,,,,,,,,,,,,,,,,,,,
,,,2025-08-11_06h27.25.419,CFMT_CCMT_Face_recognition,2023.2.3,Win32,59.88023952,677e29646b0a2cf5eff174dc,6899c7d7c4c961a016830ad3,6899c9e7ecbddf02cf1e440c,,,,,,,,,,,,,,,,,,,,,,,,,,,,,,,,,,,,,,,,,,,,,,684.0099,2.345515028,686.3594,,,,,,,,,,,,,,,,,,,,,,,,686.3594,687.2428,p,1,0.6262,,25,0,25,0,1,,,,,,,,,,,,,,,,,,,,,,,,,,,,,,,,,,,,,,,,,,,,,,,,,,,,,,,,,,,,,,,,,,,,,,,,,,,,,,,,,,,,,,,,,,,,,,,,,,,,,,,,,,,,
,,,2025-08-11_06h27.25.419,CFMT_CCMT_Face_recognition,2023.2.3,Win32,59.88023952,677e29646b0a2cf5eff174dc,6899c7d7c4c961a016830ad3,6899c9e7ecbddf02cf1e440c,,,,,,,,,,,,,,,,,,,,,,,,,,,,,,,,,,,,,,,,,,,,,,687.2436,1.651570534,688.8929,,,,,,,,,,,,,,,,,,,,,,,,688.8929,689.793,p,1,0.6933,,26,0,26,0,1,,,,,,,,,,,,,,,,,,,,,,,,,,,,,,,,,,,,,,,,,,,,,,,,,,,,,,,,,,,,,,,,,,,,,,,,,,,,,,,,,,,,,,,,,,,,,,,,,,,,,,,,,,,,
,,,2025-08-11_06h27.25.419,CFMT_CCMT_Face_recognition,2023.2.3,Win32,59.88023952,677e29646b0a2cf5eff174dc,6899c7d7c4c961a016830ad3,6899c9e7ecbddf02cf1e440c,,,,,,,,,,,,,,,,,,,,,,,,,,,,,,,,,,,,,,,,,,,,,,689.7936,1.924944469,691.7096,,,,,,,,,,,,,,,,,,,,,,,,691.7096,692.7436,p,0,0.833,,27,0,27,0,1,,,,,,,,,,,,,,,,,,,,,,,,,,,,,,,,,,,,,,,,,,,,,,,,,,,,,,,,,,,,,,,,,,,,,,,,,,,,,,,,,,,,,,,,,,,,,,,,,,,,,,,,,,,,
,,,2025-08-11_06h27.25.419,CFMT_CCMT_Face_recognition,2023.2.3,Win32,59.88023952,677e29646b0a2cf5eff174dc,6899c7d7c4c961a016830ad3,6899c9e7ecbddf02cf1e440c,,,,,,,,,,,,,,,,,,,,,,,,,,,,,,,,,,,,,,,,,,,,,,692.7441,1.572405141,694.3095,,,,,,,,,,,,,,,,,,,,,,,,694.3095,695.3094,p,1,0.8024,,28,0,28,0,1,,,,,,,,,,,,,,,,,,,,,,,,,,,,,,,,,,,,,,,,,,,,,,,,,,,,,,,,,,,,,,,,,,,,,,,,,,,,,,,,,,,,,,,,,,,,,,,,,,,,,,,,,,,,
,,,2025-08-11_06h27.25.419,CFMT_CCMT_Face_recognition,2023.2.3,Win32,59.88023952,677e29646b0a2cf5eff174dc,6899c7d7c4c961a016830ad3,6899c9e7ecbddf02cf1e440c,,,,,,,,,,,,,,,,,,,,,,,,,,,,,,,,,,,,,,,,,,,,,,695.31,1.602949666,696.9095,,,,,,,,,,,,,,,,,,,,,,,,696.9095,697.9595,p,0,0.8468,,29,0,29,0,1,,,,,,,,,,,,,,,,,,,,,,,,,,,,,,,,,,,,,,,,,,,,,,,,,,,,,,,,,,,,,,,,,,,,,,,,,,,,,,,,,,,,,,,,,,,,,,,,,,,,,,,,,,,,
,,,2025-08-11_06h27.25.419,CFMT_CCMT_Face_recognition,2023.2.3,Win32,59.88023952,677e29646b0a2cf5eff174dc,6899c7d7c4c961a016830ad3,6899c9e7ecbddf02cf1e440c,,,,,,,,,,,,,,,,,,,,,,,,,,,,,,,,,,,,,,,,,,,,,,697.9603,2.458144306,700.4095,,,,,,,,,,,,,,,,,,,,,,,,700.4096,701.6426,p,1,1.0335,,30,0,30,0,1,,,,,,,,,,,,,,,,,,,,,,,,,,,,,,,,,,,,,,,,,,,,,,,,,,,,,,,,,,,,,,,,,,,,,,,,,,,,,,,,,,,,,,,,,,,,,,,,,,,,,,,,,,,,
,,,2025-08-11_06h27.25.419,CFMT_CCMT_Face_recognition,2023.2.3,Win32,59.88023952,677e29646b0a2cf5eff174dc,6899c7d7c4c961a016830ad3,6899c9e7ecbddf02cf1e440c,,,,,,,,,,,,,,,,,,,,,,,,,,,,,,,,,,,,,,,,,,,,,,701.6432,2.085162339,703.7261,,,,,,,,,,,,,,,,,,,,,,,,703.7261,704.8593,p,1,0.9249,,31,0,31,0,1,,,,,,,,,,,,,,,,,,,,,,,,,,,,,,,,,,,,,,,,,,,,,,,,,,,,,,,,,,,,,,,,,,,,,,,,,,,,,,,,,,,,,,,,,,,,,,,,,,,,,,,,,,,,
,,,2025-08-11_06h27.25.419,CFMT_CCMT_Face_recognition,2023.2.3,Win32,59.88023952,677e29646b0a2cf5eff174dc,6899c7d7c4c961a016830ad3,6899c9e7ecbddf02cf1e440c,,,,,,,,,,,,,,,,,,,,,,,,,,,,,,,,,,,,,,,,,,,,,,704.8601,1.581064874,706.4426,,,,,,,,,,,,,,,,,,,,,,,,706.4427,707.7262,q,0,1.0839,,32,0,32,0,1,,,,,,,,,,,,,,,,,,,,,,,,,,,,,,,,,,,,,,,,,,,,,,,,,,,,,,,,,,,,,,,,,,,,,,,,,,,,,,,,,,,,,,,,,,,,,,,,,,,,,,,,,,,,
,,,2025-08-11_06h27.25.419,CFMT_CCMT_Face_recognition,2023.2.3,Win32,59.88023952,677e29646b0a2cf5eff174dc,6899c7d7c4c961a016830ad3,6899c9e7ecbddf02cf1e440c,,,,,,,,,,,,,,,,,,,,,,,,,,,,,,,,,,,,,,,,,,,,,,707.7268,1.766921016,709.4927,,,,,,,,,,,,,,,,,,,,,,,,709.4928,710.5094,p,0,0.8097,,33,0,33,0,1,,,,,,,,,,,,,,,,,,,,,,,,,,,,,,,,,,,,,,,,,,,,,,,,,,,,,,,,,,,,,,,,,,,,,,,,,,,,,,,,,,,,,,,,,,,,,,,,,,,,,,,,,,,,
,,,2025-08-11_06h27.25.419,CFMT_CCMT_Face_recognition,2023.2.3,Win32,59.88023952,677e29646b0a2cf5eff174dc,6899c7d7c4c961a016830ad3,6899c9e7ecbddf02cf1e440c,,,,,,,,,,,,,,,,,,,,,,,,,,,,,,,,,,,,,,,,,,,,,,710.51,1.864087111,712.3763,,,,,,,,,,,,,,,,,,,,,,,,712.3763,713.4595,p,1,0.8844,,34,0,34,0,1,,,,,,,,,,,,,,,,,,,,,,,,,,,,,,,,,,,,,,,,,,,,,,,,,,,,,,,,,,,,,,,,,,,,,,,,,,,,,,,,,,,,,,,,,,,,,,,,,,,,,,,,,,,,
,,,2025-08-11_06h27.25.419,CFMT_CCMT_Face_recognition,2023.2.3,Win32,59.88023952,677e29646b0a2cf5eff174dc,6899c7d7c4c961a016830ad3,6899c9e7ecbddf02cf1e440c,,,,,,,,,,,,,,,,,,,,,,,,,,,,,,,,,,,,,,,,,,,,,,713.46,1.798594395,715.2595,,,,,,,,,,,,,,,,,,,,,,,,715.2595,716.2927,p,0,0.8315,,35,0,35,0,1,,,,,,,,,,,,,,,,,,,,,,,,,,,,,,,,,,,,,,,,,,,,,,,,,,,,,,,,,,,,,,,,,,,,,,,,,,,,,,,,,,,,,,,,,,,,,,,,,,,,,,,,,,,,
,,,2025-08-11_06h27.25.419,CFMT_CCMT_Face_recognition,2023.2.3,Win32,59.88023952,677e29646b0a2cf5eff174dc,6899c7d7c4c961a016830ad3,6899c9e7ecbddf02cf1e440c,,,,,,,,,,,,,,,,,,,,,,,,,,,,,,,,,,,,,,,,,,,,,,716.2935,2.172954767,718.4594,,,,,,,,,,,,,,,,,,,,,,,,718.4595,719.3594,p,0,0.6979,,36,0,36,0,1,,,,,,,,,,,,,,,,,,,,,,,,,,,,,,,,,,,,,,,,,,,,,,,,,,,,,,,,,,,,,,,,,,,,,,,,,,,,,,,,,,,,,,,,,,,,,,,,,,,,,,,,,,,,
,,,2025-08-11_06h27.25.419,CFMT_CCMT_Face_recognition,2023.2.3,Win32,59.88023952,677e29646b0a2cf5eff174dc,6899c7d7c4c961a016830ad3,6899c9e7ecbddf02cf1e440c,,,,,,,,,,,,,,,,,,,,,,,,,,,,,,,,,,,,,,,,,,,,,,719.3601,1.826348627,721.1764,,,,,,,,,,,,,,,,,,,,,,,,721.1764,722.2927,q,1,0.9034,,37,0,37,0,1,,,,,,,,,,,,,,,,,,,,,,,,,,,,,,,,,,,,,,,,,,,,,,,,,,,,,,,,,,,,,,,,,,,,,,,,,,,,,,,,,,,,,,,,,,,,,,,,,,,,,,,,,,,,
,,,2025-08-11_06h27.25.419,CFMT_CCMT_Face_recognition,2023.2.3,Win32,59.88023952,677e29646b0a2cf5eff174dc,6899c7d7c4c961a016830ad3,6899c9e7ecbddf02cf1e440c,,,,,,,,,,,,,,,,,,,,,,,,,,,,,,,,,,,,,,,,,,,,,,722.2933,1.756631701,724.0429,,,,,,,,,,,,,,,,,,,,,,,,724.0429,724.9929,p,1,0.7398,,38,0,38,0,1,,,,,,,,,,,,,,,,,,,,,,,,,,,,,,,,,,,,,,,,,,,,,,,,,,,,,,,,,,,,,,,,,,,,,,,,,,,,,,,,,,,,,,,,,,,,,,,,,,,,,,,,,,,,
,,,2025-08-11_06h27.25.419,CFMT_CCMT_Face_recognition,2023.2.3,Win32,59.88023952,677e29646b0a2cf5eff174dc,6899c7d7c4c961a016830ad3,6899c9e7ecbddf02cf1e440c,,,,,,,,,,,,,,,,,,,,,,,,,,,,,,,,,,,,,,,,,,,,,,724.9935,2.160460202,727.1429,,,,,,,,,,,,,,,,,,,,,,,,727.143,728.0763,p,1,0.7139,,39,0,39,0,1,,,,,,,,,,,,,,,,,,,,,,,,,,,,,,,,,,,,,,,,,,,,,,,,,,,,,,,,,,,,,,,,,,,,,,,,,,,,,,,,,,,,,,,,,,,,,,,,,,,,,,,,,,,,
,,,2025-08-11_06h27.25.419,CFMT_CCMT_Face_recognition,2023.2.3,Win32,59.88023952,677e29646b0a2cf5eff174dc,6899c7d7c4c961a016830ad3,6899c9e7ecbddf02cf1e440c,,,,,,,,,,,,,,,,,,,,,,,,,,,,,,,,,,,,,,,,,,,,,,728.0769,1.576072572,729.6425,,,,,,,,,,,,,,,,,,,,,,,,729.6426,731.3429,q,1,1.5319,,40,0,40,0,1,,,,,,,,,,,,,,,,,,,,,,,,,,,,,,,,,,,,,,,,,,,,,,,,,,,,,,,,,,,,,,,,,,,,,,,,,,,,,,,,,,,,,,,,,,,,,,,,,,,,,,,,,,,,
,,,2025-08-11_06h27.25.419,CFMT_CCMT_Face_recognition,2023.2.3,Win32,59.88023952,677e29646b0a2cf5eff174dc,6899c7d7c4c961a016830ad3,6899c9e7ecbddf02cf1e440c,,,,,,,,,,,,,,,,,,,,,,,,,,,,,,,,,,,,,,,,,,,,,,731.3438,1.771882892,733.1098,,,,,,,,,,,,,,,,,,,,,,,,733.1098,734.5097,p,0,1.2007,,41,0,41,0,1,,,,,,,,,,,,,,,,,,,,,,,,,,,,,,,,,,,,,,,,,,,,,,,,,,,,,,,,,,,,,,,,,,,,,,,,,,,,,,,,,,,,,,,,,,,,,,,,,,,,,,,,,,,,
,,,2025-08-11_06h27.25.419,CFMT_CCMT_Face_recognition,2023.2.3,Win32,59.88023952,677e29646b0a2cf5eff174dc,6899c7d7c4c961a016830ad3,6899c9e7ecbddf02cf1e440c,,,,,,,,,,,,,,,,,,,,,,,,,,,,,,,,,,,,,,,,,,,,,,734.5103,2.293582632,736.793,,,,,,,,,,,,,,,,,,,,,,,,736.793,737.9097,q,1,0.8866,,42,0,42,0,1,,,,,,,,,,,,,,,,,,,,,,,,,,,,,,,,,,,,,,,,,,,,,,,,,,,,,,,,,,,,,,,,,,,,,,,,,,,,,,,,,,,,,,,,,,,,,,,,,,,,,,,,,,,,
,,,2025-08-11_06h27.25.419,CFMT_CCMT_Face_recognition,2023.2.3,Win32,59.88023952,677e29646b0a2cf5eff174dc,6899c7d7c4c961a016830ad3,6899c9e7ecbddf02cf1e440c,,,,,,,,,,,,,,,,,,,,,,,,,,,,,,,,,,,,,,,,,,,,,,737.9105,1.582560254,739.4932,,,,,,,,,,,,,,,,,,,,,,,,739.4932,740.5943,p,0,0.8882,,43,0,43,0,1,,,,,,,,,,,,,,,,,,,,,,,,,,,,,,,,,,,,,,,,,,,,,,,,,,,,,,,,,,,,,,,,,,,,,,,,,,,,,,,,,,,,,,,,,,,,,,,,,,,,,,,,,,,,
,,,2025-08-11_06h27.25.419,CFMT_CCMT_Face_recognition,2023.2.3,Win32,59.88023952,677e29646b0a2cf5eff174dc,6899c7d7c4c961a016830ad3,6899c9e7ecbddf02cf1e440c,,,,,,,,,,,,,,,,,,,,,,,,,,,,,,,,,,,,,,,,,,,,,,740.5952,1.620721072,742.2096,,,,,,,,,,,,,,,,,,,,,,,,742.2097,743.1429,p,1,0.7246,,44,0,44,0,1,,,,,,,,,,,,,,,,,,,,,,,,,,,,,,,,,,,,,,,,,,,,,,,,,,,,,,,,,,,,,,,,,,,,,,,,,,,,,,,,,,,,,,,,,,,,,,,,,,,,,,,,,,,,
,,,2025-08-11_06h27.25.419,CFMT_CCMT_Face_recognition,2023.2.3,Win32,59.88023952,677e29646b0a2cf5eff174dc,6899c7d7c4c961a016830ad3,6899c9e7ecbddf02cf1e440c,,,,,,,,,,,,,,,,,,,,,,,,,,,,,,,,,,,,,,,,,,,,,,743.1437,2.419158802,745.5597,,,,,,,,,,,,,,,,,,,,,,,,745.5597,746.593,p,1,0.7492,,45,0,45,0,1,,,,,,,,,,,,,,,,,,,,,,,,,,,,,,,,,,,,,,,,,,,,,,,,,,,,,,,,,,,,,,,,,,,,,,,,,,,,,,,,,,,,,,,,,,,,,,,,,,,,,,,,,,,,
,,,2025-08-11_06h27.25.419,CFMT_CCMT_Face_recognition,2023.2.3,Win32,59.88023952,677e29646b0a2cf5eff174dc,6899c7d7c4c961a016830ad3,6899c9e7ecbddf02cf1e440c,,,,,,,,,,,,,,,,,,,,,,,,,,,,,,,,,,,,,,,,,,,,,,746.5936,2.077021408,748.6597,,,,,,,,,,,,,,,,,,,,,,,,748.6597,749.6099,q,1,0.7439,,46,0,46,0,1,,,,,,,,,,,,,,,,,,,,,,,,,,,,,,,,,,,,,,,,,,,,,,,,,,,,,,,,,,,,,,,,,,,,,,,,,,,,,,,,,,,,,,,,,,,,,,,,,,,,,,,,,,,,
,,,2025-08-11_06h27.25.419,CFMT_CCMT_Face_recognition,2023.2.3,Win32,59.88023952,677e29646b0a2cf5eff174dc,6899c7d7c4c961a016830ad3,6899c9e7ecbddf02cf1e440c,,,,,,,,,,,,,,,,,,,,,,,,,,,,,,,,,,,,,,,,,,,,,,749.6108,2.470786393,752.0762,,,,,,,,,,,,,,,,,,,,,,,,752.0762,753.2097,p,1,0.9335,,47,0,47,0,1,,,,,,,,,,,,,,,,,,,,,,,,,,,,,,,,,,,,,,,,,,,,,,,,,,,,,,,,,,,,,,,,,,,,,,,,,,,,,,,,,,,,,,,,,,,,,,,,,,,,,,,,,,,,
,,,2025-08-11_06h27.25.419,CFMT_CCMT_Face_recognition,2023.2.3,Win32,59.88023952,677e29646b0a2cf5eff174dc,6899c7d7c4c961a016830ad3,6899c9e7ecbddf02cf1e440c,,,,,,,,,,,,,,,,,,,,,,,,,,,,,,,,,,,,,,,,,,,,,,753.2104,1.902869707,755.1096,,,,,,,,,,,,,,,,,,,,,,,,755.1097,756.2261,p,1,0.9148,,48,0,48,0,1,,,,,,,,,,,,,,,,,,,,,,,,,,,,,,,,,,,,,,,,,,,,,,,,,,,,,,,,,,,,,,,,,,,,,,,,,,,,,,,,,,,,,,,,,,,,,,,,,,,,,,,,,,,,
,,,2025-08-11_06h27.25.419,CFMT_CCMT_Face_recognition,2023.2.3,Win32,59.88023952,677e29646b0a2cf5eff174dc,6899c7d7c4c961a016830ad3,6899c9e7ecbddf02cf1e440c,,,,,,,,,,,,,,,,,,,,,,,,,,,,,,,,,,,,,,,,,,,,,,756.2266,1.697230658,757.9263,,,,,,,,,,,,,,,,,,,,,,,,757.9263,758.9262,p,1,0.7793,,49,0,49,0,1,,,,,,,,,,,,,,,,,,,,,,,,,,,,,,,,,,,,,,,,,,,,,,,,,,,,,,,,,,,,,,,,,,,,,,,,,,,,,,,,,,,,,,,,,,,,,,,,,,,,,,,,,,,,
,,,2025-08-11_06h27.25.419,CFMT_CCMT_Face_recognition,2023.2.3,Win32,59.88023952,677e29646b0a2cf5eff174dc,6899c7d7c4c961a016830ad3,6899c9e7ecbddf02cf1e440c,,,,,,,,,,,,,,,,,,,,,,,,,,,,,,,,,,,,,,,,,,,,,,758.9269,1.573422108,760.493,,,,,,,,,,,,,,,,,,,,,,,,760.4931,761.6763,q,1,0.97,,50,0,50,0,1,,,,,,,,,,,,,,,,,,,,,,,,,,,,,,,,,,,,,,,,,,,,,,,,,,,,,,,,,,,,,,,,,,,,,,,,,,,,,,,,,,,,,,,,,,,,,,,,,,,,,,,,,,,,
,,,2025-08-11_06h27.25.419,CFMT_CCMT_Face_recognition,2023.2.3,Win32,59.88023952,677e29646b0a2cf5eff174dc,6899c7d7c4c961a016830ad3,6899c9e7ecbddf02cf1e440c,,,,,,,,,,,,,,,,,,,,,,,,,,,,,,,,,,,,,,,,,,,,,,761.6768,1.86598867,763.543,,,,,,,,,,,,,,,,,,,,,,,,763.5431,764.443,p,0,0.6646,,51,0,51,0,1,,,,,,,,,,,,,,,,,,,,,,,,,,,,,,,,,,,,,,,,,,,,,,,,,,,,,,,,,,,,,,,,,,,,,,,,,,,,,,,,,,,,,,,,,,,,,,,,,,,,,,,,,,,,
,,,2025-08-11_06h27.25.419,CFMT_CCMT_Face_recognition,2023.2.3,Win32,59.88023952,677e29646b0a2cf5eff174dc,6899c7d7c4c961a016830ad3,6899c9e7ecbddf02cf1e440c,,,,,,,,,,,,,,,,,,,,,,,,,,,,,,,,,,,,,,,,,,,,,,764.4435,2.129905096,766.5764,,,,,,,,,,,,,,,,,,,,,,,,766.5765,767.4429,p,0,0.6518,,52,0,52,0,1,,,,,,,,,,,,,,,,,,,,,,,,,,,,,,,,,,,,,,,,,,,,,,,,,,,,,,,,,,,,,,,,,,,,,,,,,,,,,,,,,,,,,,,,,,,,,,,,,,,,,,,,,,,,
,,,2025-08-11_06h27.25.419,CFMT_CCMT_Face_recognition,2023.2.3,Win32,59.88023952,677e29646b0a2cf5eff174dc,6899c7d7c4c961a016830ad3,6899c9e7ecbddf02cf1e440c,,,,,,,,,,,,,,,,,,,,,,,,,,,,,,,,,,,,,,,,,,,,,,767.4434,1.876691891,769.3096,,,,,,,,,,,,,,,,,,,,,,,,769.3097,770.2595,p,1,0.7447,,53,0,53,0,1,,,,,,,,,,,,,,,,,,,,,,,,,,,,,,,,,,,,,,,,,,,,,,,,,,,,,,,,,,,,,,,,,,,,,,,,,,,,,,,,,,,,,,,,,,,,,,,,,,,,,,,,,,,,
,,,2025-08-11_06h27.25.419,CFMT_CCMT_Face_recognition,2023.2.3,Win32,59.88023952,677e29646b0a2cf5eff174dc,6899c7d7c4c961a016830ad3,6899c9e7ecbddf02cf1e440c,,,,,,,,,,,,,,,,,,,,,,,,,,,,,,,,,,,,,,,,,,,,,,770.2601,2.080711405,772.3431,,,,,,,,,,,,,,,,,,,,,,,,772.3431,773.2263,p,1,0.675,,54,0,54,0,1,,,,,,,,,,,,,,,,,,,,,,,,,,,,,,,,,,,,,,,,,,,,,,,,,,,,,,,,,,,,,,,,,,,,,,,,,,,,,,,,,,,,,,,,,,,,,,,,,,,,,,,,,,,,
,,,2025-08-11_06h27.25.419,CFMT_CCMT_Face_recognition,2023.2.3,Win32,59.88023952,677e29646b0a2cf5eff174dc,6899c7d7c4c961a016830ad3,6899c9e7ecbddf02cf1e440c,,,,,,,,,,,,,,,,,,,,,,,,,,,,,,,,,,,,,,,,,,,,,,773.227,2.256613637,775.4763,,,,,,,,,,,,,,,,,,,,,,,,775.4765,776.3931,p,1,0.7281,,55,0,55,0,1,,,,,,,,,,,,,,,,,,,,,,,,,,,,,,,,,,,,,,,,,,,,,,,,,,,,,,,,,,,,,,,,,,,,,,,,,,,,,,,,,,,,,,,,,,,,,,,,,,,,,,,,,,,,
,,,2025-08-11_06h27.25.419,CFMT_CCMT_Face_recognition,2023.2.3,Win32,59.88023952,677e29646b0a2cf5eff174dc,6899c7d7c4c961a016830ad3,6899c9e7ecbddf02cf1e440c,,,,,,,,,,,,,,,,,,,,,,,,,,,,,,,,,,,,,,,,,,,,,,776.3937,2.060111505,778.443,,,,,,,,,,,,,,,,,,,,,,,,778.443,779.3604,p,0,0.7237,,56,0,56,0,1,,,,,,,,,,,,,,,,,,,,,,,,,,,,,,,,,,,,,,,,,,,,,,,,,,,,,,,,,,,,,,,,,,,,,,,,,,,,,,,,,,,,,,,,,,,,,,,,,,,,,,,,,,,,
,,,2025-08-11_06h27.25.419,CFMT_CCMT_Face_recognition,2023.2.3,Win32,59.88023952,677e29646b0a2cf5eff174dc,6899c7d7c4c961a016830ad3,6899c9e7ecbddf02cf1e440c,,,,,,,,,,,,,,,,,,,,,,,,,,,,,,,,,,,,,,,,,,,,,,779.3614,1.518806932,780.8762,,,,,,,,,,,,,,,,,,,,,,,,780.8763,781.8264,p,0,0.7446,,57,0,57,0,1,,,,,,,,,,,,,,,,,,,,,,,,,,,,,,,,,,,,,,,,,,,,,,,,,,,,,,,,,,,,,,,,,,,,,,,,,,,,,,,,,,,,,,,,,,,,,,,,,,,,,,,,,,,,
,,,2025-08-11_06h27.25.419,CFMT_CCMT_Face_recognition,2023.2.3,Win32,59.88023952,677e29646b0a2cf5eff174dc,6899c7d7c4c961a016830ad3,6899c9e7ecbddf02cf1e440c,,,,,,,,,,,,,,,,,,,,,,,,,,,,,,,,,,,,,,,,,,,,,,781.827,2.047073895,783.8763,,,,,,,,,,,,,,,,,,,,,,,,783.8763,784.9765,q,1,0.8974,,58,0,58,0,1,,,,,,,,,,,,,,,,,,,,,,,,,,,,,,,,,,,,,,,,,,,,,,,,,,,,,,,,,,,,,,,,,,,,,,,,,,,,,,,,,,,,,,,,,,,,,,,,,,,,,,,,,,,,
,,,2025-08-11_06h27.25.419,CFMT_CCMT_Face_recognition,2023.2.3,Win32,59.88023952,677e29646b0a2cf5eff174dc,6899c7d7c4c961a016830ad3,6899c9e7ecbddf02cf1e440c,,,,,,,,,,,,,,,,,,,,,,,,,,,,,,,,,,,,,,,,,,,,,,784.9769,1.659412459,786.6265,,,,,,,,,,,,,,,,,,,,,,,,786.6265,787.6097,p,1,0.7817,,59,0,59,0,1,,,,,,,,,,,,,,,,,,,,,,,,,,,,,,,,,,,,,,,,,,,,,,,,,,,,,,,,,,,,,,,,,,,,,,,,,,,,,,,,,,,,,,,,,,,,,,,,,,,,,,,,,,,,
,,,2025-08-11_06h27.25.419,CFMT_CCMT_Face_recognition,2023.2.3,Win32,59.88023952,677e29646b0a2cf5eff174dc,6899c7d7c4c961a016830ad3,6899c9e7ecbddf02cf1e440c,,,,,,,,,,,,,,,,,,,,,,,,,,,,,,,,,,,,,,,,,,,,,,,,,,,,,,,,,,,,,,,,,,,,,,,,,,,,,,,,,,,787.6099,787.6101,,,,787.6111,807.6101,,,,,,,,,,,,,,,,,,,,,,,,,,,,,,,,,,,,,,,,,,,,,,,,,,,,,,,,,,,,,,,,,,,,,,,,,,,,,,,,,,,,,,,,,,,,,,,,,,,,,
,,,2025-08-11_06h27.25.419,CFMT_CCMT_Face_recognition,2023.2.3,Win32,59.88023952,677e29646b0a2cf5eff174dc,6899c7d7c4c961a016830ad3,6899c9e7ecbddf02cf1e440c,,,,,,,,,,,,,,,,,,,,,,,,,,,,,,,,,,,,,,,,,,,,,,,,,,,,,,,,,,,,,,,,,,,,,,,,,,,,,,,,,,,,,,,,,,807.6878,809.3935,809.394,810.9268,810.9516,813.9436,813.9439,814.4432,0,0,0,0,1,stimuli/bart_left.jpg,,,,,,,,,,,,,,,,,,,,,,,,,,,,,,,,,,,,,,,,,,,,,,,,,,,,,,,,,,,,,,,,,,,,,,,,,,,,,,,,,,,,,,,
,,,2025-08-11_06h27.25.419,CFMT_CCMT_Face_recognition,2023.2.3,Win32,59.88023952,677e29646b0a2cf5eff174dc,6899c7d7c4c961a016830ad3,6899c9e7ecbddf02cf1e440c,,,,,,,,,,,,,,,,,,,,,,,,,,,,,,,,,,,,,,,,,,,,,,,,,,,,,,,,,,,,,,,,,,,,,,,,,,,,,,,,,,,,,,,,,,,,,,814.4445,817.4432,817.4433,817.9432,0,1,1,1,1,stimuli/bart_straight.jpg,,,,,,,,,,,,,,,,,,,,,,,,,,,,,,,,,,,,,,,,,,,,,,,,,,,,,,,,,,,,,,,,,,,,,,,,,,,,,,,,,,,,,,,
,,,2025-08-11_06h27.25.419,CFMT_CCMT_Face_recognition,2023.2.3,Win32,59.88023952,677e29646b0a2cf5eff174dc,6899c7d7c4c961a016830ad3,6899c9e7ecbddf02cf1e440c,,,,,,,,,,,,,,,,,,,,,,,,,,,,,,,,,,,,,,,,,,,,,,,,,,,,,,,,,,,,,,,,,,,,,,,,,,,,,,,,,,,,,,,,,,,,,,817.9442,820.9433,820.9433,821.4431,0,2,2,2,1,stimuli/bart_right.jpg,,,,,,,,,,,,,,,,,,,,,,,,,,,,,,,,,,,,,,,,,,,,,,,,,,,,,,,,,,,,,,,,,,,,,,,,,,,,,,,,,,,,,,,
,,,2025-08-11_06h27.25.419,CFMT_CCMT_Face_recognition,2023.2.3,Win32,59.88023952,677e29646b0a2cf5eff174dc,6899c7d7c4c961a016830ad3,6899c9e7ecbddf02cf1e440c,,,,,,,,,,,,,,,,,,,,,,,,,,,,,,,,,,,,,,,,,,,,,,,,,,,,,,,,,,,,,,,,,,,,,,,,,,,,,,,,,,,,,,,,,,,,,,,,822.9773,823.4772,,,,,,,821.456,822.9772,1,1,1.5034,,0,0,0,0,1,stimuli/pract_left.jpg,1,,,,,,,,,,,,,,,,,,,,,,,,,,,,,,,,,,,,,,,,,,,,,,,,,,,,,,,,,,,,,,,,,,,,,,,,,,
,,,2025-08-11_06h27.25.419,CFMT_CCMT_Face_recognition,2023.2.3,Win32,59.88023952,677e29646b0a2cf5eff174dc,6899c7d7c4c961a016830ad3,6899c9e7ecbddf02cf1e440c,,,,,,,,,,,,,,,,,,,,,,,,,,,,,,,,,,,,,,,,,,,,,,,,,,,,,,,,,,,,,,,,,,,,,,,,,,,,,,,,,,,,,,,,,,,,,,,,824.7936,825.2934,,,,,,,823.4788,824.7935,2,1,1.3055,,0,1,1,1,1,stimuli/pract_right.jpg,2,,,,,,,,,,,,,,,,,,,,,,,,,,,,,,,,,,,,,,,,,,,,,,,,,,,,,,,,,,,,,,,,,,,,,,,,,,
,,,2025-08-11_06h27.25.419,CFMT_CCMT_Face_recognition,2023.2.3,Win32,59.88023952,677e29646b0a2cf5eff174dc,6899c7d7c4c961a016830ad3,6899c9e7ecbddf02cf1e440c,,,,,,,,,,,,,,,,,,,,,,,,,,,,,,,,,,,,,,,,,,,,,,,,,,,,,,,,,,,,,,,,,,,,,,,,,,,,,,,,,,,,,,,,,,,,,,,,826.5271,827.0268,,,,,,,825.2946,826.5269,2,1,1.22,,0,2,2,2,1,stimuli/pract_straight.jpg,2,,,,,,,,,,,,,,,,,,,,,,,,,,,,,,,,,,,,,,,,,,,,,,,,,,,,,,,,,,,,,,,,,,,,,,,,,,
,,,2025-08-11_06h27.25.419,CFMT_CCMT_Face_recognition,2023.2.3,Win32,59.88023952,677e29646b0a2cf5eff174dc,6899c7d7c4c961a016830ad3,6899c9e7ecbddf02cf1e440c,,,,,,,,,,,,,,,,,,,,,,,,,,,,,,,,,,,,,,,,,,,,,,,,,,,,,,,,,,,,,,,,,,,,,,,,,,,,,,,,,,,,,,,,,,,,,,,,833.4104,833.9099,,,,,,,,,,,,,,,,,,,,827.0275,828.6934,828.7061,829.9102,830.4108,833.4102,0,0,0,0,1,stimuli/Bob_left_study.jpg,stimuli/B1_Identical_Left.jpg,2,,,,,,,,,,,,,,,,,,,,,,,,,,,,,,,,,,,,,,,,,,,,,,,,,,,,,,,,,,,,
,,,2025-08-11_06h27.25.419,CFMT_CCMT_Face_recognition,2023.2.3,Win32,59.88023952,677e29646b0a2cf5eff174dc,6899c7d7c4c961a016830ad3,6899c9e7ecbddf02cf1e440c,,,,,,,,,,,,,,,,,,,,,,,,,,,,,,,,,,,,,,,,,,,,,,,,,,,,,,,,,,,,,,,,,,,,,,,,,,,,,,,,,,,,,,,,,,,,,,,,837.4102,837.9099,,,,,,,,,,,,,,,,,,,,,,,,834.4099,837.4101,0,1,1,1,1,stimuli/Bob_frontal_study.jpg,stimuli/B2_Identical_Frontal.jpg,2,,,,,,,,,,,,,,,,,,,,,,,,,,,,,,,,,,,,,,,,,,,,,,,,,,,,,,,,,,,,
,,,2025-08-11_06h27.25.419,CFMT_CCMT_Face_recognition,2023.2.3,Win32,59.88023952,677e29646b0a2cf5eff174dc,6899c7d7c4c961a016830ad3,6899c9e7ecbddf02cf1e440c,,,,,,,,,,,,,,,,,,,,,,,,,,,,,,,,,,,,,,,,,,,,,,,,,,,,,,,,,,,,,,,,,,,,,,,,,,,,,,,,,,,,,,,,,,,,,,,,841.41,841.91,,,,,,,,,,,,,,,,,,,,,,,,838.4099,841.4099,0,2,2,2,1,stimuli/Bob_right_study.jpg,stimuli/B3_Identical_Right.jpg,3,,,,,,,,,,,,,,,,,,,,,,,,,,,,,,,,,,,,,,,,,,,,,,,,,,,,,,,,,,,,
,,,2025-08-11_06h27.25.419,CFMT_CCMT_Face_recognition,2023.2.3,Win32,59.88023952,677e29646b0a2cf5eff174dc,6899c7d7c4c961a016830ad3,6899c9e7ecbddf02cf1e440c,,,,,,,,,,,,,,,,,,,,,,,,,,,,,,,,,,,,,,,,,,,,,,,,,,,,,,,,,,,,,,,,,,,,,,,,,,,,,,,,,,,,,,,,,,,,,,,,843.9772,844.4768,,,,,,,,,,,,,,,,,,,,,,,,,,,,,,,stimuli/Bob_left_study.jpg,stimuli/B1_Identical_Left.jpg,2,841.9202,843.9771,2,1,2.0243,,0,0,0,0,1,,,,,,,,,,,,,,,,,,,,,,,,,,,,,,,,,,,,,,,,,,,,,,,,,
,,,2025-08-11_06h27.25.419,CFMT_CCMT_Face_recognition,2023.2.3,Win32,59.88023952,677e29646b0a2cf5eff174dc,6899c7d7c4c961a016830ad3,6899c9e7ecbddf02cf1e440c,,,,,,,,,,,,,,,,,,,,,,,,,,,,,,,,,,,,,,,,,,,,,,,,,,,,,,,,,,,,,,,,,,,,,,,,,,,,,,,,,,,,,,,,,,,,,,,,846.4101,846.91,,,,,,,,,,,,,,,,,,,,,,,,,,,,,,,stimuli/Bob_frontal_study.jpg,stimuli/B2_Identical_Frontal.jpg,2,844.4776,846.41,3,0,1.9075,,0,1,1,1,1,,,,,,,,,,,,,,,,,,,,,,,,,,,,,,,,,,,,,,,,,,,,,,,,,
,,,2025-08-11_06h27.25.419,CFMT_CCMT_Face_recognition,2023.2.3,Win32,59.88023952,677e29646b0a2cf5eff174dc,6899c7d7c4c961a016830ad3,6899c9e7ecbddf02cf1e440c,,,,,,,,,,,,,,,,,,,,,,,,,,,,,,,,,,,,,,,,,,,,,,,,,,,,,,,,,,,,,,,,,,,,,,,,,,,,,,,,,,,,,,,,,,,,,,,,848.56,849.0597,,,,,,,,,,,,,,,,,,,,,,,,,,,,,,,stimuli/Bob_right_study.jpg,stimuli/B3_Identical_Right.jpg,3,846.9106,848.56,3,1,1.6359,,0,2,2,2,1,,,,,,,,,,,,,,,,,,,,,,,,,,,,,,,,,,,,,,,,,,,,,,,,,
,,,2025-08-11_06h27.25.419,CFMT_CCMT_Face_recognition,2023.2.3,Win32,59.88023952,677e29646b0a2cf5eff174dc,6899c7d7c4c961a016830ad3,6899c9e7ecbddf02cf1e440c,,,,,,,,,,,,,,,,,,,,,,,,,,,,,,,,,,,,,,,,,,,,,,,,,,,,,,,,,,,,,,,,,,,,,,,,,,,,,,,,,,,,,,,,,,,,,,,,853.677,854.1766,,,,,,,,,,,,,,,,,,,,,,849.0604,850.1767,850.6767,853.6768,0,0,0,0,1,stimuli/Dan_Left_Study.jpg,stimuli/D1_Identical_Left.jpg,2,,,,,,,,,,,,,,,,,,,,,,,,,,,,,,,,,,,,,,,,,,,,,,,,,,,,,,,,,,,,
,,,2025-08-11_06h27.25.419,CFMT_CCMT_Face_recognition,2023.2.3,Win32,59.88023952,677e29646b0a2cf5eff174dc,6899c7d7c4c961a016830ad3,6899c9e7ecbddf02cf1e440c,,,,,,,,,,,,,,,,,,,,,,,,,,,,,,,,,,,,,,,,,,,,,,,,,,,,,,,,,,,,,,,,,,,,,,,,,,,,,,,,,,,,,,,,,,,,,,,,857.6767,858.1765,,,,,,,,,,,,,,,,,,,,,,,,854.6768,857.6767,0,1,1,1,1,stimuli/Dan_frontal_study.jpg,stimuli/D2_Identical_Frontal.jpg,3,,,,,,,,,,,,,,,,,,,,,,,,,,,,,,,,,,,,,,,,,,,,,,,,,,,,,,,,,,,,
,,,2025-08-11_06h27.25.419,CFMT_CCMT_Face_recognition,2023.2.3,Win32,59.88023952,677e29646b0a2cf5eff174dc,6899c7d7c4c961a016830ad3,6899c9e7ecbddf02cf1e440c,,,,,,,,,,,,,,,,,,,,,,,,,,,,,,,,,,,,,,,,,,,,,,,,,,,,,,,,,,,,,,,,,,,,,,,,,,,,,,,,,,,,,,,,,,,,,,,,861.6767,862.1766,,,,,,,,,,,,,,,,,,,,,,,,858.6768,861.6767,0,2,2,2,1,stimuli/Dan_Right_Frontal.jpg,stimuli/D3_Identical_Right.jpg,3,,,,,,,,,,,,,,,,,,,,,,,,,,,,,,,,,,,,,,,,,,,,,,,,,,,,,,,,,,,,
,,,2025-08-11_06h27.25.419,CFMT_CCMT_Face_recognition,2023.2.3,Win32,59.88023952,677e29646b0a2cf5eff174dc,6899c7d7c4c961a016830ad3,6899c9e7ecbddf02cf1e440c,,,,,,,,,,,,,,,,,,,,,,,,,,,,,,,,,,,,,,,,,,,,,,,,,,,,,,,,,,,,,,,,,,,,,,,,,,,,,,,,,,,,,,,,,,,,,,,,864.2768,864.7772,,,,,,,,,,,,,,,,,,,,,,,,,,,,,,,stimuli/Dan_Left_Study.jpg,stimuli/D1_Identical_Left.jpg,2,862.1859,864.2766,2,1,2.066,,0,0,0,0,1,,,,,,,,,,,,,,,,,,,,,,,,,,,,,,,,,,,,,,,,,,,,,,,,,
,,,2025-08-11_06h27.25.419,CFMT_CCMT_Face_recognition,2023.2.3,Win32,59.88023952,677e29646b0a2cf5eff174dc,6899c7d7c4c961a016830ad3,6899c9e7ecbddf02cf1e440c,,,,,,,,,,,,,,,,,,,,,,,,,,,,,,,,,,,,,,,,,,,,,,,,,,,,,,,,,,,,,,,,,,,,,,,,,,,,,,,,,,,,,,,,,,,,,,,,866.9601,867.4601,,,,,,,,,,,,,,,,,,,,,,,,,,,,,,,stimuli/Dan_frontal_study.jpg,stimuli/D2_Identical_Frontal.jpg,3,864.7782,866.96,3,1,2.152,,0,1,1,1,1,,,,,,,,,,,,,,,,,,,,,,,,,,,,,,,,,,,,,,,,,,,,,,,,,
,,,2025-08-11_06h27.25.419,CFMT_CCMT_Face_recognition,2023.2.3,Win32,59.88023952,677e29646b0a2cf5eff174dc,6899c7d7c4c961a016830ad3,6899c9e7ecbddf02cf1e440c,,,,,,,,,,,,,,,,,,,,,,,,,,,,,,,,,,,,,,,,,,,,,,,,,,,,,,,,,,,,,,,,,,,,,,,,,,,,,,,,,,,,,,,,,,,,,,,,869.61,870.11,,,,,,,,,,,,,,,,,,,,,,,,,,,,,,,stimuli/Dan_Right_Frontal.jpg,stimuli/D3_Identical_Right.jpg,3,867.4608,869.6099,3,1,2.1186,,0,2,2,2,1,,,,,,,,,,,,,,,,,,,,,,,,,,,,,,,,,,,,,,,,,,,,,,,,,
,,,2025-08-11_06h27.25.419,CFMT_CCMT_Face_recognition,2023.2.3,Win32,59.88023952,677e29646b0a2cf5eff174dc,6899c7d7c4c961a016830ad3,6899c9e7ecbddf02cf1e440c,,,,,,,,,,,,,,,,,,,,,,,,,,,,,,,,,,,,,,,,,,,,,,,,,,,,,,,,,,,,,,,,,,,,,,,,,,,,,,,,,,,,,,,,,,,,,,,,874.8102,875.3099,,,,,,,,,,,,,,,,,,,,,,870.1108,871.31,871.8103,874.8101,0,0,0,0,1,stimuli/Jim_left.jpg,stimuli/J_1_Iden_L.jpg,3,,,,,,,,,,,,,,,,,,,,,,,,,,,,,,,,,,,,,,,,,,,,,,,,,,,,,,,,,,,,
,,,2025-08-11_06h27.25.419,CFMT_CCMT_Face_recognition,2023.2.3,Win32,59.88023952,677e29646b0a2cf5eff174dc,6899c7d7c4c961a016830ad3,6899c9e7ecbddf02cf1e440c,,,,,,,,,,,,,,,,,,,,,,,,,,,,,,,,,,,,,,,,,,,,,,,,,,,,,,,,,,,,,,,,,,,,,,,,,,,,,,,,,,,,,,,,,,,,,,,,878.8099,879.31,,,,,,,,,,,,,,,,,,,,,,,,875.81,878.8099,0,1,1,1,1,stimuli/Jim_front.jpg,stimuli/J_2_Iden_Front.jpg,3,,,,,,,,,,,,,,,,,,,,,,,,,,,,,,,,,,,,,,,,,,,,,,,,,,,,,,,,,,,,
,,,2025-08-11_06h27.25.419,CFMT_CCMT_Face_recognition,2023.2.3,Win32,59.88023952,677e29646b0a2cf5eff174dc,6899c7d7c4c961a016830ad3,6899c9e7ecbddf02cf1e440c,,,,,,,,,,,,,,,,,,,,,,,,,,,,,,,,,,,,,,,,,,,,,,,,,,,,,,,,,,,,,,,,,,,,,,,,,,,,,,,,,,,,,,,,,,,,,,,,882.8102,883.3099,,,,,,,,,,,,,,,,,,,,,,,,879.8102,882.8101,0,2,2,2,1,stimuli/Jim_right.jpg,stimuli/J_3_Iden_R.jpg,1,,,,,,,,,,,,,,,,,,,,,,,,,,,,,,,,,,,,,,,,,,,,,,,,,,,,,,,,,,,,
,,,2025-08-11_06h27.25.419,CFMT_CCMT_Face_recognition,2023.2.3,Win32,59.88023952,677e29646b0a2cf5eff174dc,6899c7d7c4c961a016830ad3,6899c9e7ecbddf02cf1e440c,,,,,,,,,,,,,,,,,,,,,,,,,,,,,,,,,,,,,,,,,,,,,,,,,,,,,,,,,,,,,,,,,,,,,,,,,,,,,,,,,,,,,,,,,,,,,,,,885.2271,885.7266,,,,,,,,,,,,,,,,,,,,,,,,,,,,,,,stimuli/Jim_left.jpg,stimuli/J_1_Iden_L.jpg,3,883.3185,885.2269,3,1,1.8884,,0,0,0,0,1,,,,,,,,,,,,,,,,,,,,,,,,,,,,,,,,,,,,,,,,,,,,,,,,,
,,,2025-08-11_06h27.25.419,CFMT_CCMT_Face_recognition,2023.2.3,Win32,59.88023952,677e29646b0a2cf5eff174dc,6899c7d7c4c961a016830ad3,6899c9e7ecbddf02cf1e440c,,,,,,,,,,,,,,,,,,,,,,,,,,,,,,,,,,,,,,,,,,,,,,,,,,,,,,,,,,,,,,,,,,,,,,,,,,,,,,,,,,,,,,,,,,,,,,,,887.4935,887.9933,,,,,,,,,,,,,,,,,,,,,,,,,,,,,,,stimuli/Jim_front.jpg,stimuli/J_2_Iden_Front.jpg,3,885.7273,887.4934,3,1,1.735,,0,1,1,1,1,,,,,,,,,,,,,,,,,,,,,,,,,,,,,,,,,,,,,,,,,,,,,,,,,
,,,2025-08-11_06h27.25.419,CFMT_CCMT_Face_recognition,2023.2.3,Win32,59.88023952,677e29646b0a2cf5eff174dc,6899c7d7c4c961a016830ad3,6899c9e7ecbddf02cf1e440c,,,,,,,,,,,,,,,,,,,,,,,,,,,,,,,,,,,,,,,,,,,,,,,,,,,,,,,,,,,,,,,,,,,,,,,,,,,,,,,,,,,,,,,,,,,,,,,,889.7937,890.2934,,,,,,,,,,,,,,,,,,,,,,,,,,,,,,,stimuli/Jim_right.jpg,stimuli/J_3_Iden_R.jpg,1,887.9942,889.7936,1,1,1.7722,,0,2,2,2,1,,,,,,,,,,,,,,,,,,,,,,,,,,,,,,,,,,,,,,,,,,,,,,,,,
,,,2025-08-11_06h27.25.419,CFMT_CCMT_Face_recognition,2023.2.3,Win32,59.88023952,677e29646b0a2cf5eff174dc,6899c7d7c4c961a016830ad3,6899c9e7ecbddf02cf1e440c,,,,,,,,,,,,,,,,,,,,,,,,,,,,,,,,,,,,,,,,,,,,,,,,,,,,,,,,,,,,,,,,,,,,,,,,,,,,,,,,,,,,,,,,,,,,,,,,894.6767,895.1767,,,,,,,,,,,,,,,,,,,,,,890.2942,891.1767,891.677,894.6767,0,0,0,0,1,stimuli/Matt_left_cropped.jpg,stimuli/M_1_Iden_L.jpg,2,,,,,,,,,,,,,,,,,,,,,,,,,,,,,,,,,,,,,,,,,,,,,,,,,,,,,,,,,,,,
,,,2025-08-11_06h27.25.419,CFMT_CCMT_Face_recognition,2023.2.3,Win32,59.88023952,677e29646b0a2cf5eff174dc,6899c7d7c4c961a016830ad3,6899c9e7ecbddf02cf1e440c,,,,,,,,,,,,,,,,,,,,,,,,,,,,,,,,,,,,,,,,,,,,,,,,,,,,,,,,,,,,,,,,,,,,,,,,,,,,,,,,,,,,,,,,,,,,,,,,898.6767,899.1766,,,,,,,,,,,,,,,,,,,,,,,,895.6768,898.6767,0,1,1,1,1,stimuli/Matt_front.jpg,stimuli/M_2_Iden_Front.jpg,3,,,,,,,,,,,,,,,,,,,,,,,,,,,,,,,,,,,,,,,,,,,,,,,,,,,,,,,,,,,,
,,,2025-08-11_06h27.25.419,CFMT_CCMT_Face_recognition,2023.2.3,Win32,59.88023952,677e29646b0a2cf5eff174dc,6899c7d7c4c961a016830ad3,6899c9e7ecbddf02cf1e440c,,,,,,,,,,,,,,,,,,,,,,,,,,,,,,,,,,,,,,,,,,,,,,,,,,,,,,,,,,,,,,,,,,,,,,,,,,,,,,,,,,,,,,,,,,,,,,,,902.6768,903.1767,,,,,,,,,,,,,,,,,,,,,,,,899.6767,902.6767,0,2,2,2,1,stimuli/Matt_right_cropped.jpg,stimuli/M_3_Iden_R.jpg,1,,,,,,,,,,,,,,,,,,,,,,,,,,,,,,,,,,,,,,,,,,,,,,,,,,,,,,,,,,,,
,,,2025-08-11_06h27.25.419,CFMT_CCMT_Face_recognition,2023.2.3,Win32,59.88023952,677e29646b0a2cf5eff174dc,6899c7d7c4c961a016830ad3,6899c9e7ecbddf02cf1e440c,,,,,,,,,,,,,,,,,,,,,,,,,,,,,,,,,,,,,,,,,,,,,,,,,,,,,,,,,,,,,,,,,,,,,,,,,,,,,,,,,,,,,,,,,,,,,,,,905.1934,905.6935,,,,,,,,,,,,,,,,,,,,,,,,,,,,,,,stimuli/Matt_left_cropped.jpg,stimuli/M_1_Iden_L.jpg,2,903.1848,905.1933,2,1,1.9853,,0,0,0,0,1,,,,,,,,,,,,,,,,,,,,,,,,,,,,,,,,,,,,,,,,,,,,,,,,,
,,,2025-08-11_06h27.25.419,CFMT_CCMT_Face_recognition,2023.2.3,Win32,59.88023952,677e29646b0a2cf5eff174dc,6899c7d7c4c961a016830ad3,6899c9e7ecbddf02cf1e440c,,,,,,,,,,,,,,,,,,,,,,,,,,,,,,,,,,,,,,,,,,,,,,,,,,,,,,,,,,,,,,,,,,,,,,,,,,,,,,,,,,,,,,,,,,,,,,,,907.6109,908.1113,,,,,,,,,,,,,,,,,,,,,,,,,,,,,,,stimuli/Matt_front.jpg,stimuli/M_2_Iden_Front.jpg,3,905.6942,907.6108,3,1,1.8946,,0,1,1,1,1,,,,,,,,,,,,,,,,,,,,,,,,,,,,,,,,,,,,,,,,,,,,,,,,,
,,,2025-08-11_06h27.25.419,CFMT_CCMT_Face_recognition,2023.2.3,Win32,59.88023952,677e29646b0a2cf5eff174dc,6899c7d7c4c961a016830ad3,6899c9e7ecbddf02cf1e440c,,,,,,,,,,,,,,,,,,,,,,,,,,,,,,,,,,,,,,,,,,,,,,,,,,,,,,,,,,,,,,,,,,,,,,,,,,,,,,,,,,,,,,,,,,,,,,,,910.0268,910.5268,,,,,,,,,,,,,,,,,,,,,,,,,,,,,,,stimuli/Matt_right_cropped.jpg,stimuli/M_3_Iden_R.jpg,1,908.1126,910.0268,1,1,1.8893,,0,2,2,2,1,,,,,,,,,,,,,,,,,,,,,,,,,,,,,,,,,,,,,,,,,,,,,,,,,
,,,2025-08-11_06h27.25.419,CFMT_CCMT_Face_recognition,2023.2.3,Win32,59.88023952,677e29646b0a2cf5eff174dc,6899c7d7c4c961a016830ad3,6899c9e7ecbddf02cf1e440c,,,,,,,,,,,,,,,,,,,,,,,,,,,,,,,,,,,,,,,,,,,,,,,,,,,,,,,,,,,,,,,,,,,,,,,,,,,,,,,,,,,,,,,,,,,,,,,,915.0102,915.5108,,,,,,,,,,,,,,,,,,,,,,910.5276,911.5102,912.0101,915.0102,0,0,0,0,1,stimuli/Nate_left_cropped.jpg,stimuli/N_1_Iden_L.jpg,3,,,,,,,,,,,,,,,,,,,,,,,,,,,,,,,,,,,,,,,,,,,,,,,,,,,,,,,,,,,,
,,,2025-08-11_06h27.25.419,CFMT_CCMT_Face_recognition,2023.2.3,Win32,59.88023952,677e29646b0a2cf5eff174dc,6899c7d7c4c961a016830ad3,6899c9e7ecbddf02cf1e440c,,,,,,,,,,,,,,,,,,,,,,,,,,,,,,,,,,,,,,,,,,,,,,,,,,,,,,,,,,,,,,,,,,,,,,,,,,,,,,,,,,,,,,,,,,,,,,,,919.0102,919.5102,,,,,,,,,,,,,,,,,,,,,,,,916.0101,919.0102,0,1,1,1,1,stimuli/Nate_front_cropped.jpg,stimuli/N_2_Iden_Front.jpg,1,,,,,,,,,,,,,,,,,,,,,,,,,,,,,,,,,,,,,,,,,,,,,,,,,,,,,,,,,,,,
,,,2025-08-11_06h27.25.419,CFMT_CCMT_Face_recognition,2023.2.3,Win32,59.88023952,677e29646b0a2cf5eff174dc,6899c7d7c4c961a016830ad3,6899c9e7ecbddf02cf1e440c,,,,,,,,,,,,,,,,,,,,,,,,,,,,,,,,,,,,,,,,,,,,,,,,,,,,,,,,,,,,,,,,,,,,,,,,,,,,,,,,,,,,,,,,,,,,,,,,923.0104,923.51,,,,,,,,,,,,,,,,,,,,,,,,920.0104,923.0102,0,2,2,2,1,stimuli/Nate_right_cropped.jpg,stimuli/N_3_Iden_R.jpg,3,,,,,,,,,,,,,,,,,,,,,,,,,,,,,,,,,,,,,,,,,,,,,,,,,,,,,,,,,,,,
,,,2025-08-11_06h27.25.419,CFMT_CCMT_Face_recognition,2023.2.3,Win32,59.88023952,677e29646b0a2cf5eff174dc,6899c7d7c4c961a016830ad3,6899c9e7ecbddf02cf1e440c,,,,,,,,,,,,,,,,,,,,,,,,,,,,,,,,,,,,,,,,,,,,,,,,,,,,,,,,,,,,,,,,,,,,,,,,,,,,,,,,,,,,,,,,,,,,,,,,925.5437,926.0434,,,,,,,,,,,,,,,,,,,,,,,,,,,,,,,stimuli/Nate_left_cropped.jpg,stimuli/N_1_Iden_L.jpg,3,923.5198,925.5435,3,1,2.0017,,0,0,0,0,1,,,,,,,,,,,,,,,,,,,,,,,,,,,,,,,,,,,,,,,,,,,,,,,,,
,,,2025-08-11_06h27.25.419,CFMT_CCMT_Face_recognition,2023.2.3,Win32,59.88023952,677e29646b0a2cf5eff174dc,6899c7d7c4c961a016830ad3,6899c9e7ecbddf02cf1e440c,,,,,,,,,,,,,,,,,,,,,,,,,,,,,,,,,,,,,,,,,,,,,,,,,,,,,,,,,,,,,,,,,,,,,,,,,,,,,,,,,,,,,,,,,,,,,,,,927.7614,928.2601,,,,,,,,,,,,,,,,,,,,,,,,,,,,,,,stimuli/Nate_front_cropped.jpg,stimuli/N_2_Iden_Front.jpg,1,926.0444,927.7613,1,1,1.6908,,0,1,1,1,1,,,,,,,,,,,,,,,,,,,,,,,,,,,,,,,,,,,,,,,,,,,,,,,,,
,,,2025-08-11_06h27.25.419,CFMT_CCMT_Face_recognition,2023.2.3,Win32,59.88023952,677e29646b0a2cf5eff174dc,6899c7d7c4c961a016830ad3,6899c9e7ecbddf02cf1e440c,,,,,,,,,,,,,,,,,,,,,,,,,,,,,,,,,,,,,,,,,,,,,,,,,,,,,,,,,,,,,,,,,,,,,,,,,,,,,,,,,,,,,,,,,,,,,,,,930.1604,930.6601,,,,,,,,,,,,,,,,,,,,,,,,,,,,,,,stimuli/Nate_right_cropped.jpg,stimuli/N_3_Iden_R.jpg,3,928.2609,930.1603,3,1,1.8692,,0,2,2,2,1,,,,,,,,,,,,,,,,,,,,,,,,,,,,,,,,,,,,,,,,,,,,,,,,,
,,,2025-08-11_06h27.25.419,CFMT_CCMT_Face_recognition,2023.2.3,Win32,59.88023952,677e29646b0a2cf5eff174dc,6899c7d7c4c961a016830ad3,6899c9e7ecbddf02cf1e440c,,,,,,,,,,,,,,,,,,,,,,,,,,,,,,,,,,,,,,,,,,,,,,,,,,,,,,,,,,,,,,,,,,,,,,,,,,,,,,,,,,,,,,,,,,,,,,,,936.1602,936.6603,,,,,,,,,,,,,,,,,,,,,,930.6608,932.6608,933.1602,936.1601,0,0,0,0,1,stimuli/Zack_Left_cropped.jpg,stimuli/Z_1_Iden_L.jpg,1,,,,,,,,,,,,,,,,,,,,,,,,,,,,,,,,,,,,,,,,,,,,,,,,,,,,,,,,,,,,
,,,2025-08-11_06h27.25.419,CFMT_CCMT_Face_recognition,2023.2.3,Win32,59.88023952,677e29646b0a2cf5eff174dc,6899c7d7c4c961a016830ad3,6899c9e7ecbddf02cf1e440c,,,,,,,,,,,,,,,,,,,,,,,,,,,,,,,,,,,,,,,,,,,,,,,,,,,,,,,,,,,,,,,,,,,,,,,,,,,,,,,,,,,,,,,,,,,,,,,,940.1602,940.6601,,,,,,,,,,,,,,,,,,,,,,,,937.1602,940.1601,0,1,1,1,1,stimuli/Zack_Front_cropped.jpg,stimuli/Z_2_Iden_Front.jpg,3,,,,,,,,,,,,,,,,,,,,,,,,,,,,,,,,,,,,,,,,,,,,,,,,,,,,,,,,,,,,
,,,2025-08-11_06h27.25.419,CFMT_CCMT_Face_recognition,2023.2.3,Win32,59.88023952,677e29646b0a2cf5eff174dc,6899c7d7c4c961a016830ad3,6899c9e7ecbddf02cf1e440c,,,,,,,,,,,,,,,,,,,,,,,,,,,,,,,,,,,,,,,,,,,,,,,,,,,,,,,,,,,,,,,,,,,,,,,,,,,,,,,,,,,,,,,,,,,,,,,,944.1603,944.6603,,,,,,,,,,,,,,,,,,,,,,,,941.1604,944.1603,0,2,2,2,1,stimuli/Zack_Right_Cropped.jpg,stimuli/Z_3_Iden_R.jpg,1,,,,,,,,,,,,,,,,,,,,,,,,,,,,,,,,,,,,,,,,,,,,,,,,,,,,,,,,,,,,
,,,2025-08-11_06h27.25.419,CFMT_CCMT_Face_recognition,2023.2.3,Win32,59.88023952,677e29646b0a2cf5eff174dc,6899c7d7c4c961a016830ad3,6899c9e7ecbddf02cf1e440c,,,,,,,,,,,,,,,,,,,,,,,,,,,,,,,,,,,,,,,,,,,,,,,,,,,,,,,,,,,,,,,,,,,,,,,,,,,,,,,,,,,,,,,,,,,,,,,,946.7773,947.2768,,,,,,,,,,,,,,,,,,,,,,,,,,,,,,,stimuli/Zack_Left_cropped.jpg,stimuli/Z_1_Iden_L.jpg,1,944.6686,946.777,1,1,2.0906,,0,0,0,0,1,,,,,,,,,,,,,,,,,,,,,,,,,,,,,,,,,,,,,,,,,,,,,,,,,
,,,2025-08-11_06h27.25.419,CFMT_CCMT_Face_recognition,2023.2.3,Win32,59.88023952,677e29646b0a2cf5eff174dc,6899c7d7c4c961a016830ad3,6899c9e7ecbddf02cf1e440c,,,,,,,,,,,,,,,,,,,,,,,,,,,,,,,,,,,,,,,,,,,,,,,,,,,,,,,,,,,,,,,,,,,,,,,,,,,,,,,,,,,,,,,,,,,,,,,,949.2604,949.7602,,,,,,,,,,,,,,,,,,,,,,,,,,,,,,,stimuli/Zack_Front_cropped.jpg,stimuli/Z_2_Iden_Front.jpg,3,947.2775,949.2604,3,1,1.9519,,0,1,1,1,1,,,,,,,,,,,,,,,,,,,,,,,,,,,,,,,,,,,,,,,,,,,,,,,,,
,,,2025-08-11_06h27.25.419,CFMT_CCMT_Face_recognition,2023.2.3,Win32,59.88023952,677e29646b0a2cf5eff174dc,6899c7d7c4c961a016830ad3,6899c9e7ecbddf02cf1e440c,,,,,,,,,,,,,,,,,,,,,,,,,,,,,,,,,,,,,,,,,,,,,,,,,,,,,,,,,,,,,,,,,,,,,,,,,,,,,,,,,,,,,,,,,,,,,,,,951.4769,951.9768,,,,,,,,,,,,,,,,,,,,,,,,,,,,,,,stimuli/Zack_Right_Cropped.jpg,stimuli/Z_3_Iden_R.jpg,1,949.7608,951.4767,1,1,1.6907,,0,2,2,2,1,,,,,,,,,,,,,,,,,,,,,,,,,,,,,,,,,,,,,,,,,,,,,,,,,
,,,2025-08-11_06h27.25.419,CFMT_CCMT_Face_recognition,2023.2.3,Win32,59.88023952,677e29646b0a2cf5eff174dc,6899c7d7c4c961a016830ad3,6899c9e7ecbddf02cf1e440c,,,,,,,,,,,,,,,,,,,,,,,,,,,,,,,,,,,,,,,,,,,,,,,,,,,,,,,,,,,,,,,,,,,,,,,,,,,,,,,,,,,,,,,,,,,,,,,,978.1111,978.6104,,,,,,,,,,,,,,,,,,,,,,,,,,,,,,,,,,,,,,,,,,,,,951.9779,953.2939,953.7939,973.7946,974.2941,975.7108,976.2212,976.224,976.2243,976.2256,976.2382,978.1109,1,1,1.8527,,0,0,0,0,1,stimuli/M_5_Front_Halflit.jpg,1,,,,,,,,,,,,,,,,,,,,,,,,,,
,,,2025-08-11_06h27.25.419,CFMT_CCMT_Face_recognition,2023.2.3,Win32,59.88023952,677e29646b0a2cf5eff174dc,6899c7d7c4c961a016830ad3,6899c9e7ecbddf02cf1e440c,,,,,,,,,,,,,,,,,,,,,,,,,,,,,,,,,,,,,,,,,,,,,,,,,,,,,,,,,,,,,,,,,,,,,,,,,,,,,,,,,,,,,,,,,,,,,,,,980.044,980.5438,,,,,,,,,,,,,,,,,,,,,,,,,,,,,,,,,,,,,,,,,,,,,,,,,,,,,,,978.6115,980.0437,2,1,1.4082,,0,1,1,1,1,stimuli/N_8_13_R_Pro_dark.jpg,2,,,,,,,,,,,,,,,,,,,,,,,,,,
,,,2025-08-11_06h27.25.419,CFMT_CCMT_Face_recognition,2023.2.3,Win32,59.88023952,677e29646b0a2cf5eff174dc,6899c7d7c4c961a016830ad3,6899c9e7ecbddf02cf1e440c,,,,,,,,,,,,,,,,,,,,,,,,,,,,,,,,,,,,,,,,,,,,,,,,,,,,,,,,,,,,,,,,,,,,,,,,,,,,,,,,,,,,,,,,,,,,,,,,982.3272,982.827,,,,,,,,,,,,,,,,,,,,,,,,,,,,,,,,,,,,,,,,,,,,,,,,,,,,,,,980.5449,982.3271,1,1,1.76,,0,2,2,2,1,stimuli/Z_6_23_Pro_L.jpg,1,,,,,,,,,,,,,,,,,,,,,,,,,,
,,,2025-08-11_06h27.25.419,CFMT_CCMT_Face_recognition,2023.2.3,Win32,59.88023952,677e29646b0a2cf5eff174dc,6899c7d7c4c961a016830ad3,6899c9e7ecbddf02cf1e440c,,,,,,,,,,,,,,,,,,,,,,,,,,,,,,,,,,,,,,,,,,,,,,,,,,,,,,,,,,,,,,,,,,,,,,,,,,,,,,,,,,,,,,,,,,,,,,,,985.144,985.6437,,,,,,,,,,,,,,,,,,,,,,,,,,,,,,,,,,,,,,,,,,,,,,,,,,,,,,,982.8278,985.1439,3,1,2.2944,,0,3,3,3,1,stimuli/D5_Halflit_Frontal.jpg,3,,,,,,,,,,,,,,,,,,,,,,,,,,
,,,2025-08-11_06h27.25.419,CFMT_CCMT_Face_recognition,2023.2.3,Win32,59.88023952,677e29646b0a2cf5eff174dc,6899c7d7c4c961a016830ad3,6899c9e7ecbddf02cf1e440c,,,,,,,,,,,,,,,,,,,,,,,,,,,,,,,,,,,,,,,,,,,,,,,,,,,,,,,,,,,,,,,,,,,,,,,,,,,,,,,,,,,,,,,,,,,,,,,,987.4438,987.9437,,,,,,,,,,,,,,,,,,,,,,,,,,,,,,,,,,,,,,,,,,,,,,,,,,,,,,,985.6443,987.4437,3,1,1.7705,,0,4,4,4,1,stimuli/B7_Bottomlit_Frontal.jpg,3,,,,,,,,,,,,,,,,,,,,,,,,,,
,,,2025-08-11_06h27.25.419,CFMT_CCMT_Face_recognition,2023.2.3,Win32,59.88023952,677e29646b0a2cf5eff174dc,6899c7d7c4c961a016830ad3,6899c9e7ecbddf02cf1e440c,,,,,,,,,,,,,,,,,,,,,,,,,,,,,,,,,,,,,,,,,,,,,,,,,,,,,,,,,,,,,,,,,,,,,,,,,,,,,,,,,,,,,,,,,,,,,,,,989.9603,990.4603,,,,,,,,,,,,,,,,,,,,,,,,,,,,,,,,,,,,,,,,,,,,,,,,,,,,,,,987.9446,989.9602,1,0,1.9919,,0,5,5,5,1,stimuli/J_6_23_L_Pro.jpg,2,,,,,,,,,,,,,,,,,,,,,,,,,,
,,,2025-08-11_06h27.25.419,CFMT_CCMT_Face_recognition,2023.2.3,Win32,59.88023952,677e29646b0a2cf5eff174dc,6899c7d7c4c961a016830ad3,6899c9e7ecbddf02cf1e440c,,,,,,,,,,,,,,,,,,,,,,,,,,,,,,,,,,,,,,,,,,,,,,,,,,,,,,,,,,,,,,,,,,,,,,,,,,,,,,,,,,,,,,,,,,,,,,,,992.5774,993.077,,,,,,,,,,,,,,,,,,,,,,,,,,,,,,,,,,,,,,,,,,,,,,,,,,,,,,,990.461,992.5773,1,1,2.0937,,0,6,6,6,1,stimuli/D7_Bottomlit_Frontal.jpg,1,,,,,,,,,,,,,,,,,,,,,,,,,,
,,,2025-08-11_06h27.25.419,CFMT_CCMT_Face_recognition,2023.2.3,Win32,59.88023952,677e29646b0a2cf5eff174dc,6899c7d7c4c961a016830ad3,6899c9e7ecbddf02cf1e440c,,,,,,,,,,,,,,,,,,,,,,,,,,,,,,,,,,,,,,,,,,,,,,,,,,,,,,,,,,,,,,,,,,,,,,,,,,,,,,,,,,,,,,,,,,,,,,,,994.8104,995.3103,,,,,,,,,,,,,,,,,,,,,,,,,,,,,,,,,,,,,,,,,,,,,,,,,,,,,,,993.0778,994.8103,3,1,1.7045,,0,7,7,7,1,stimuli/Z_5_Front_Half.jpg,3,,,,,,,,,,,,,,,,,,,,,,,,,,
,,,2025-08-11_06h27.25.419,CFMT_CCMT_Face_recognition,2023.2.3,Win32,59.88023952,677e29646b0a2cf5eff174dc,6899c7d7c4c961a016830ad3,6899c9e7ecbddf02cf1e440c,,,,,,,,,,,,,,,,,,,,,,,,,,,,,,,,,,,,,,,,,,,,,,,,,,,,,,,,,,,,,,,,,,,,,,,,,,,,,,,,,,,,,,,,,,,,,,,,997.1272,997.6269,,,,,,,,,,,,,,,,,,,,,,,,,,,,,,,,,,,,,,,,,,,,,,,,,,,,,,,995.3109,997.1271,2,1,1.7941,,0,8,8,8,1,stimuli/M_6_23_L_Pro.jpg,2,,,,,,,,,,,,,,,,,,,,,,,,,,
,,,2025-08-11_06h27.25.419,CFMT_CCMT_Face_recognition,2023.2.3,Win32,59.88023952,677e29646b0a2cf5eff174dc,6899c7d7c4c961a016830ad3,6899c9e7ecbddf02cf1e440c,,,,,,,,,,,,,,,,,,,,,,,,,,,,,,,,,,,,,,,,,,,,,,,,,,,,,,,,,,,,,,,,,,,,,,,,,,,,,,,,,,,,,,,,,,,,,,,,999.4436,999.9437,,,,,,,,,,,,,,,,,,,,,,,,,,,,,,,,,,,,,,,,,,,,,,,,,,,,,,,997.6276,999.4435,3,1,1.7874,,0,9,9,9,1,stimuli/J_7_Bottom_Lit.jpg,3,,,,,,,,,,,,,,,,,,,,,,,,,,
,,,2025-08-11_06h27.25.419,CFMT_CCMT_Face_recognition,2023.2.3,Win32,59.88023952,677e29646b0a2cf5eff174dc,6899c7d7c4c961a016830ad3,6899c9e7ecbddf02cf1e440c,,,,,,,,,,,,,,,,,,,,,,,,,,,,,,,,,,,,,,,,,,,,,,,,,,,,,,,,,,,,,,,,,,,,,,,,,,,,,,,,,,,,,,,,,,,,,,,,1001.6271,1002.1269,,,,,,,,,,,,,,,,,,,,,,,,,,,,,,,,,,,,,,,,,,,,,,,,,,,,,,,999.9443,1001.6271,2,1,1.6546,,0,10,10,10,1,stimuli/N_4_23_R_Pro.jpg,2,,,,,,,,,,,,,,,,,,,,,,,,,,
,,,2025-08-11_06h27.25.419,CFMT_CCMT_Face_recognition,2023.2.3,Win32,59.88023952,677e29646b0a2cf5eff174dc,6899c7d7c4c961a016830ad3,6899c9e7ecbddf02cf1e440c,,,,,,,,,,,,,,,,,,,,,,,,,,,,,,,,,,,,,,,,,,,,,,,,,,,,,,,,,,,,,,,,,,,,,,,,,,,,,,,,,,,,,,,,,,,,,,,,1003.9605,1004.4605,,,,,,,,,,,,,,,,,,,,,,,,,,,,,,,,,,,,,,,,,,,,,,,,,,,,,,,1002.1278,1003.9605,3,1,1.8022,,0,11,11,11,1,stimuli/M_8_13_R_Pro_dark.jpg,3,,,,,,,,,,,,,,,,,,,,,,,,,,
,,,2025-08-11_06h27.25.419,CFMT_CCMT_Face_recognition,2023.2.3,Win32,59.88023952,677e29646b0a2cf5eff174dc,6899c7d7c4c961a016830ad3,6899c9e7ecbddf02cf1e440c,,,,,,,,,,,,,,,,,,,,,,,,,,,,,,,,,,,,,,,,,,,,,,,,,,,,,,,,,,,,,,,,,,,,,,,,,,,,,,,,,,,,,,,,,,,,,,,,1006.4941,1006.9937,,,,,,,,,,,,,,,,,,,,,,,,,,,,,,,,,,,,,,,,,,,,,,,,,,,,,,,1004.4613,1006.494,2,1,2.0029,,0,12,12,12,1,stimuli/J_5_Front_Halflit.jpg,2,,,,,,,,,,,,,,,,,,,,,,,,,,
,,,2025-08-11_06h27.25.419,CFMT_CCMT_Face_recognition,2023.2.3,Win32,59.88023952,677e29646b0a2cf5eff174dc,6899c7d7c4c961a016830ad3,6899c9e7ecbddf02cf1e440c,,,,,,,,,,,,,,,,,,,,,,,,,,,,,,,,,,,,,,,,,,,,,,,,,,,,,,,,,,,,,,,,,,,,,,,,,,,,,,,,,,,,,,,,,,,,,,,,1008.6777,1009.1663,,,,,,,,,,,,,,,,,,,,,,,,,,,,,,,,,,,,,,,,,,,,,,,,,,,,,,,1006.9944,1008.6776,1,1,1.6614,,0,13,13,13,1,stimuli/N_7_Front_Bot.jpg,1,,,,,,,,,,,,,,,,,,,,,,,,,,
,,,2025-08-11_06h27.25.419,CFMT_CCMT_Face_recognition,2023.2.3,Win32,59.88023952,677e29646b0a2cf5eff174dc,6899c7d7c4c961a016830ad3,6899c9e7ecbddf02cf1e440c,,,,,,,,,,,,,,,,,,,,,,,,,,,,,,,,,,,,,,,,,,,,,,,,,,,,,,,,,,,,,,,,,,,,,,,,,,,,,,,,,,,,,,,,,,,,,,,,1010.8772,1011.377,,,,,,,,,,,,,,,,,,,,,,,,,,,,,,,,,,,,,,,,,,,,,,,,,,,,,,,1009.1669,1010.8771,2,1,1.692,,0,14,14,14,1,stimuli/Z_4_23_Pro_R.jpg,2,,,,,,,,,,,,,,,,,,,,,,,,,,
,,,2025-08-11_06h27.25.419,CFMT_CCMT_Face_recognition,2023.2.3,Win32,59.88023952,677e29646b0a2cf5eff174dc,6899c7d7c4c961a016830ad3,6899c9e7ecbddf02cf1e440c,,,,,,,,,,,,,,,,,,,,,,,,,,,,,,,,,,,,,,,,,,,,,,,,,,,,,,,,,,,,,,,,,,,,,,,,,,,,,,,,,,,,,,,,,,,,,,,,1013.4771,1013.9769,,,,,,,,,,,,,,,,,,,,,,,,,,,,,,,,,,,,,,,,,,,,,,,,,,,,,,,1011.3778,1013.477,2,1,2.0716,,0,15,15,15,1,stimuli/D8_13_Profile_R.jpg,2,,,,,,,,,,,,,,,,,,,,,,,,,,
,,,2025-08-11_06h27.25.419,CFMT_CCMT_Face_recognition,2023.2.3,Win32,59.88023952,677e29646b0a2cf5eff174dc,6899c7d7c4c961a016830ad3,6899c9e7ecbddf02cf1e440c,,,,,,,,,,,,,,,,,,,,,,,,,,,,,,,,,,,,,,,,,,,,,,,,,,,,,,,,,,,,,,,,,,,,,,,,,,,,,,,,,,,,,,,,,,,,,,,,1015.7939,1016.2939,,,,,,,,,,,,,,,,,,,,,,,,,,,,,,,,,,,,,,,,,,,,,,,,,,,,,,,1013.9776,1015.7938,2,1,1.7877,,0,16,16,16,1,stimuli/M_7_Front_Bot.jpg,2,,,,,,,,,,,,,,,,,,,,,,,,,,
,,,2025-08-11_06h27.25.419,CFMT_CCMT_Face_recognition,2023.2.3,Win32,59.88023952,677e29646b0a2cf5eff174dc,6899c7d7c4c961a016830ad3,6899c9e7ecbddf02cf1e440c,,,,,,,,,,,,,,,,,,,,,,,,,,,,,,,,,,,,,,,,,,,,,,,,,,,,,,,,,,,,,,,,,,,,,,,,,,,,,,,,,,,,,,,,,,,,,,,,1018.1105,1018.6104,,,,,,,,,,,,,,,,,,,,,,,,,,,,,,,,,,,,,,,,,,,,,,,,,,,,,,,1016.2945,1018.1105,2,1,1.793,,0,17,17,17,1,stimuli/B4_23_pro_ri.jpg,2,,,,,,,,,,,,,,,,,,,,,,,,,,
,,,2025-08-11_06h27.25.419,CFMT_CCMT_Face_recognition,2023.2.3,Win32,59.88023952,677e29646b0a2cf5eff174dc,6899c7d7c4c961a016830ad3,6899c9e7ecbddf02cf1e440c,,,,,,,,,,,,,,,,,,,,,,,,,,,,,,,,,,,,,,,,,,,,,,,,,,,,,,,,,,,,,,,,,,,,,,,,,,,,,,,,,,,,,,,,,,,,,,,,1021.0605,1021.5603,,,,,,,,,,,,,,,,,,,,,,,,,,,,,,,,,,,,,,,,,,,,,,,,,,,,,,,1018.6111,1021.0604,1,1,2.4198,,0,18,18,18,1,stimuli/D6_23_Profile_L.jpg,1,,,,,,,,,,,,,,,,,,,,,,,,,,
,,,2025-08-11_06h27.25.419,CFMT_CCMT_Face_recognition,2023.2.3,Win32,59.88023952,677e29646b0a2cf5eff174dc,6899c7d7c4c961a016830ad3,6899c9e7ecbddf02cf1e440c,,,,,,,,,,,,,,,,,,,,,,,,,,,,,,,,,,,,,,,,,,,,,,,,,,,,,,,,,,,,,,,,,,,,,,,,,,,,,,,,,,,,,,,,,,,,,,,,1023.444,1023.9439,,,,,,,,,,,,,,,,,,,,,,,,,,,,,,,,,,,,,,,,,,,,,,,,,,,,,,,1021.5608,1023.4438,3,1,1.8525,,0,19,19,19,1,stimuli/N_5_Front_Half.jpg,3,,,,,,,,,,,,,,,,,,,,,,,,,,
,,,2025-08-11_06h27.25.419,CFMT_CCMT_Face_recognition,2023.2.3,Win32,59.88023952,677e29646b0a2cf5eff174dc,6899c7d7c4c961a016830ad3,6899c9e7ecbddf02cf1e440c,,,,,,,,,,,,,,,,,,,,,,,,,,,,,,,,,,,,,,,,,,,,,,,,,,,,,,,,,,,,,,,,,,,,,,,,,,,,,,,,,,,,,,,,,,,,,,,,1025.9438,1026.4437,,,,,,,,,,,,,,,,,,,,,,,,,,,,,,,,,,,,,,,,,,,,,,,,,,,,,,,1023.9447,1025.9437,1,1,1.9695,,0,20,20,20,1,stimuli/B6_23_pro_L.jpg,1,,,,,,,,,,,,,,,,,,,,,,,,,,
,,,2025-08-11_06h27.25.419,CFMT_CCMT_Face_recognition,2023.2.3,Win32,59.88023952,677e29646b0a2cf5eff174dc,6899c7d7c4c961a016830ad3,6899c9e7ecbddf02cf1e440c,,,,,,,,,,,,,,,,,,,,,,,,,,,,,,,,,,,,,,,,,,,,,,,,,,,,,,,,,,,,,,,,,,,,,,,,,,,,,,,,,,,,,,,,,,,,,,,,1028.244,1028.7438,,,,,,,,,,,,,,,,,,,,,,,,,,,,,,,,,,,,,,,,,,,,,,,,,,,,,,,1026.4444,1028.2439,2,1,1.7727,,0,21,21,21,1,stimuli/Z_8_13_Pro_R_dark.jpg,2,,,,,,,,,,,,,,,,,,,,,,,,,,
,,,2025-08-11_06h27.25.419,CFMT_CCMT_Face_recognition,2023.2.3,Win32,59.88023952,677e29646b0a2cf5eff174dc,6899c7d7c4c961a016830ad3,6899c9e7ecbddf02cf1e440c,,,,,,,,,,,,,,,,,,,,,,,,,,,,,,,,,,,,,,,,,,,,,,,,,,,,,,,,,,,,,,,,,,,,,,,,,,,,,,,,,,,,,,,,,,,,,,,,1030.5938,1031.094,,,,,,,,,,,,,,,,,,,,,,,,,,,,,,,,,,,,,,,,,,,,,,,,,,,,,,,1028.7444,1030.5937,2,1,1.8204,,0,22,22,22,1,stimuli/J_4_23_R_Pro.jpg,2,,,,,,,,,,,,,,,,,,,,,,,,,,
,,,2025-08-11_06h27.25.419,CFMT_CCMT_Face_recognition,2023.2.3,Win32,59.88023952,677e29646b0a2cf5eff174dc,6899c7d7c4c961a016830ad3,6899c9e7ecbddf02cf1e440c,,,,,,,,,,,,,,,,,,,,,,,,,,,,,,,,,,,,,,,,,,,,,,,,,,,,,,,,,,,,,,,,,,,,,,,,,,,,,,,,,,,,,,,,,,,,,,,,1032.7772,1033.2772,,,,,,,,,,,,,,,,,,,,,,,,,,,,,,,,,,,,,,,,,,,,,,,,,,,,,,,1031.0952,1032.7771,1,1,1.652,,0,23,23,23,1,stimuli/B8_13_pro_R_HS.jpg,1,,,,,,,,,,,,,,,,,,,,,,,,,,
,,,2025-08-11_06h27.25.419,CFMT_CCMT_Face_recognition,2023.2.3,Win32,59.88023952,677e29646b0a2cf5eff174dc,6899c7d7c4c961a016830ad3,6899c9e7ecbddf02cf1e440c,,,,,,,,,,,,,,,,,,,,,,,,,,,,,,,,,,,,,,,,,,,,,,,,,,,,,,,,,,,,,,,,,,,,,,,,,,,,,,,,,,,,,,,,,,,,,,,,1035.227,1035.7271,,,,,,,,,,,,,,,,,,,,,,,,,,,,,,,,,,,,,,,,,,,,,,,,,,,,,,,1033.278,1035.227,3,1,1.9255,,0,24,24,24,1,stimuli/M_4_23_R_Pro.jpg,3,,,,,,,,,,,,,,,,,,,,,,,,,,
,,,2025-08-11_06h27.25.419,CFMT_CCMT_Face_recognition,2023.2.3,Win32,59.88023952,677e29646b0a2cf5eff174dc,6899c7d7c4c961a016830ad3,6899c9e7ecbddf02cf1e440c,,,,,,,,,,,,,,,,,,,,,,,,,,,,,,,,,,,,,,,,,,,,,,,,,,,,,,,,,,,,,,,,,,,,,,,,,,,,,,,,,,,,,,,,,,,,,,,,1038.8773,1039.3772,,,,,,,,,,,,,,,,,,,,,,,,,,,,,,,,,,,,,,,,,,,,,,,,,,,,,,,1035.728,1038.8772,3,0,3.1195,,0,25,25,25,1,stimuli/J_8_13_r_pro_dark.jpg,1,,,,,,,,,,,,,,,,,,,,,,,,,,
,,,2025-08-11_06h27.25.419,CFMT_CCMT_Face_recognition,2023.2.3,Win32,59.88023952,677e29646b0a2cf5eff174dc,6899c7d7c4c961a016830ad3,6899c9e7ecbddf02cf1e440c,,,,,,,,,,,,,,,,,,,,,,,,,,,,,,,,,,,,,,,,,,,,,,,,,,,,,,,,,,,,,,,,,,,,,,,,,,,,,,,,,,,,,,,,,,,,,,,,1041.1773,1041.6771,,,,,,,,,,,,,,,,,,,,,,,,,,,,,,,,,,,,,,,,,,,,,,,,,,,,,,,1039.3781,1041.1772,2,1,1.7724,,0,26,26,26,1,stimuli/Z_7_Front_Bot.jpg,2,,,,,,,,,,,,,,,,,,,,,,,,,,
,,,2025-08-11_06h27.25.419,CFMT_CCMT_Face_recognition,2023.2.3,Win32,59.88023952,677e29646b0a2cf5eff174dc,6899c7d7c4c961a016830ad3,6899c9e7ecbddf02cf1e440c,,,,,,,,,,,,,,,,,,,,,,,,,,,,,,,,,,,,,,,,,,,,,,,,,,,,,,,,,,,,,,,,,,,,,,,,,,,,,,,,,,,,,,,,,,,,,,,,1043.7439,1044.244,,,,,,,,,,,,,,,,,,,,,,,,,,,,,,,,,,,,,,,,,,,,,,,,,,,,,,,1041.6779,1043.7437,1,1,2.0344,,0,27,27,27,1,stimuli/D4_23_profile_R.jpg,1,,,,,,,,,,,,,,,,,,,,,,,,,,
,,,2025-08-11_06h27.25.419,CFMT_CCMT_Face_recognition,2023.2.3,Win32,59.88023952,677e29646b0a2cf5eff174dc,6899c7d7c4c961a016830ad3,6899c9e7ecbddf02cf1e440c,,,,,,,,,,,,,,,,,,,,,,,,,,,,,,,,,,,,,,,,,,,,,,,,,,,,,,,,,,,,,,,,,,,,,,,,,,,,,,,,,,,,,,,,,,,,,,,,1046.0107,1046.5105,,,,,,,,,,,,,,,,,,,,,,,,,,,,,,,,,,,,,,,,,,,,,,,,,,,,,,,1044.2446,1046.0105,1,1,1.7407,,0,28,28,28,1,stimuli/N_6_23_L_Pro.jpg,1,,,,,,,,,,,,,,,,,,,,,,,,,,
,,,2025-08-11_06h27.25.419,CFMT_CCMT_Face_recognition,2023.2.3,Win32,59.88023952,677e29646b0a2cf5eff174dc,6899c7d7c4c961a016830ad3,6899c9e7ecbddf02cf1e440c,,,,,,,,,,,,,,,,,,,,,,,,,,,,,,,,,,,,,,,,,,,,,,,,,,,,,,,,,,,,,,,,,,,,,,,,,,,,,,,,,,,,,,,,,,,,,,,,1048.4103,1048.9105,,,,,,,,,,,,,,,,,,,,,,,,,,,,,,,,,,,,,,,,,,,,,,,,,,,,,,,1046.5111,1048.4103,3,1,1.8771,,0,29,29,29,1,stimuli/B5_halflit_frontal.jpg,3,,,,,,,,,,,,,,,,,,,,,,,,,,
,,,2025-08-11_06h27.25.419,CFMT_CCMT_Face_recognition,2023.2.3,Win32,59.88023952,677e29646b0a2cf5eff174dc,6899c7d7c4c961a016830ad3,6899c9e7ecbddf02cf1e440c,,,,,,,,,,,,,,,,,,,,,,,,,,,,,,,,,,,,,,,,,,,,,,,,,,,,,,,,,,,,,,,,,,,,,,,,,,,,,,,,,,,,,,,,,,,,,,,,1071.4439,1071.9438,,,,,,,,,,,,,,,,,,,,,,,,,,,,,,,,,,,,,,,,,,,,,,,,,,,1048.9117,1068.9109,1068.9109,1069.4108,1069.4223,1071.4439,2,1,1.9899,,0,0,0,0,1,stimuli/Z_12_Front_Noisy.jpg,2,,,,,,,,,,,,,,,,,,,,,,,,,,
,,,2025-08-11_06h27.25.419,CFMT_CCMT_Face_recognition,2023.2.3,Win32,59.88023952,677e29646b0a2cf5eff174dc,6899c7d7c4c961a016830ad3,6899c9e7ecbddf02cf1e440c,,,,,,,,,,,,,,,,,,,,,,,,,,,,,,,,,,,,,,,,,,,,,,,,,,,,,,,,,,,,,,,,,,,,,,,,,,,,,,,,,,,,,,,,,,,,,,,,1074.0441,1074.544,,,,,,,,,,,,,,,,,,,,,,,,,,,,,,,,,,,,,,,,,,,,,,,,,,,,,,,1071.9448,1074.0441,3,1,2.0755,,0,1,1,1,1,stimuli/M_11_23_N_R_Pro.jpg,3,,,,,,,,,,,,,,,,,,,,,,,,,,
,,,2025-08-11_06h27.25.419,CFMT_CCMT_Face_recognition,2023.2.3,Win32,59.88023952,677e29646b0a2cf5eff174dc,6899c7d7c4c961a016830ad3,6899c9e7ecbddf02cf1e440c,,,,,,,,,,,,,,,,,,,,,,,,,,,,,,,,,,,,,,,,,,,,,,,,,,,,,,,,,,,,,,,,,,,,,,,,,,,,,,,,,,,,,,,,,,,,,,,,1076.8773,1077.3772,,,,,,,,,,,,,,,,,,,,,,,,,,,,,,,,,,,,,,,,,,,,,,,,,,,,,,,1074.5446,1076.8772,1,1,2.3056,,0,2,2,2,1,stimuli/D10_Noisy_13_Profile_L.jpg,1,,,,,,,,,,,,,,,,,,,,,,,,,,
,,,2025-08-11_06h27.25.419,CFMT_CCMT_Face_recognition,2023.2.3,Win32,59.88023952,677e29646b0a2cf5eff174dc,6899c7d7c4c961a016830ad3,6899c9e7ecbddf02cf1e440c,,,,,,,,,,,,,,,,,,,,,,,,,,,,,,,,,,,,,,,,,,,,,,,,,,,,,,,,,,,,,,,,,,,,,,,,,,,,,,,,,,,,,,,,,,,,,,,,1079.5774,1080.0772,,,,,,,,,,,,,,,,,,,,,,,,,,,,,,,,,,,,,,,,,,,,,,,,,,,,,,,1077.3779,1079.5774,1,1,2.1768,,0,3,3,3,1,stimuli/J_12_Frontal_HS.jpg,1,,,,,,,,,,,,,,,,,,,,,,,,,,
,,,2025-08-11_06h27.25.419,CFMT_CCMT_Face_recognition,2023.2.3,Win32,59.88023952,677e29646b0a2cf5eff174dc,6899c7d7c4c961a016830ad3,6899c9e7ecbddf02cf1e440c,,,,,,,,,,,,,,,,,,,,,,,,,,,,,,,,,,,,,,,,,,,,,,,,,,,,,,,,,,,,,,,,,,,,,,,,,,,,,,,,,,,,,,,,,,,,,,,,1082.1774,1082.6773,,,,,,,,,,,,,,,,,,,,,,,,,,,,,,,,,,,,,,,,,,,,,,,,,,,,,,,1080.0779,1082.1773,3,1,2.0756,,0,4,4,4,1,stimuli/J_11_23_pro_R.jpg,3,,,,,,,,,,,,,,,,,,,,,,,,,,
,,,2025-08-11_06h27.25.419,CFMT_CCMT_Face_recognition,2023.2.3,Win32,59.88023952,677e29646b0a2cf5eff174dc,6899c7d7c4c961a016830ad3,6899c9e7ecbddf02cf1e440c,,,,,,,,,,,,,,,,,,,,,,,,,,,,,,,,,,,,,,,,,,,,,,,,,,,,,,,,,,,,,,,,,,,,,,,,,,,,,,,,,,,,,,,,,,,,,,,,1084.5941,1085.094,,,,,,,,,,,,,,,,,,,,,,,,,,,,,,,,,,,,,,,,,,,,,,,,,,,,,,,1082.6779,1084.594,1,1,1.8894,,0,5,5,5,1,stimuli/N_9_Front_LS.jpg,1,,,,,,,,,,,,,,,,,,,,,,,,,,
,,,2025-08-11_06h27.25.419,CFMT_CCMT_Face_recognition,2023.2.3,Win32,59.88023952,677e29646b0a2cf5eff174dc,6899c7d7c4c961a016830ad3,6899c9e7ecbddf02cf1e440c,,,,,,,,,,,,,,,,,,,,,,,,,,,,,,,,,,,,,,,,,,,,,,,,,,,,,,,,,,,,,,,,,,,,,,,,,,,,,,,,,,,,,,,,,,,,,,,,1086.8941,1087.394,,,,,,,,,,,,,,,,,,,,,,,,,,,,,,,,,,,,,,,,,,,,,,,,,,,,,,,1085.0946,1086.894,2,1,1.7754,,0,6,6,6,1,stimuli/B12_Noisy_frontal_HS.jpg,2,,,,,,,,,,,,,,,,,,,,,,,,,,
,,,2025-08-11_06h27.25.419,CFMT_CCMT_Face_recognition,2023.2.3,Win32,59.88023952,677e29646b0a2cf5eff174dc,6899c7d7c4c961a016830ad3,6899c9e7ecbddf02cf1e440c,,,,,,,,,,,,,,,,,,,,,,,,,,,,,,,,,,,,,,,,,,,,,,,,,,,,,,,,,,,,,,,,,,,,,,,,,,,,,,,,,,,,,,,,,,,,,,,,1089.577,1090.0773,,,,,,,,,,,,,,,,,,,,,,,,,,,,,,,,,,,,,,,,,,,,,,,,,,,,,,,1087.3946,1089.5769,1,1,2.1653,,0,7,7,7,1,stimuli/M_12_Front_N_HS.jpg,1,,,,,,,,,,,,,,,,,,,,,,,,,,
,,,2025-08-11_06h27.25.419,CFMT_CCMT_Face_recognition,2023.2.3,Win32,59.88023952,677e29646b0a2cf5eff174dc,6899c7d7c4c961a016830ad3,6899c9e7ecbddf02cf1e440c,,,,,,,,,,,,,,,,,,,,,,,,,,,,,,,,,,,,,,,,,,,,,,,,,,,,,,,,,,,,,,,,,,,,,,,,,,,,,,,,,,,,,,,,,,,,,,,,1092.1774,1092.6774,,,,,,,,,,,,,,,,,,,,,,,,,,,,,,,,,,,,,,,,,,,,,,,,,,,,,,,1090.0781,1092.1773,2,1,2.0803,,0,8,8,8,1,stimuli/D12_Noisy_Frontal_HS.jpg,2,,,,,,,,,,,,,,,,,,,,,,,,,,
,,,2025-08-11_06h27.25.419,CFMT_CCMT_Face_recognition,2023.2.3,Win32,59.88023952,677e29646b0a2cf5eff174dc,6899c7d7c4c961a016830ad3,6899c9e7ecbddf02cf1e440c,,,,,,,,,,,,,,,,,,,,,,,,,,,,,,,,,,,,,,,,,,,,,,,,,,,,,,,,,,,,,,,,,,,,,,,,,,,,,,,,,,,,,,,,,,,,,,,,1094.5772,1095.0773,,,,,,,,,,,,,,,,,,,,,,,,,,,,,,,,,,,,,,,,,,,,,,,,,,,,,,,1092.6779,1094.5772,2,1,1.8772,,0,9,9,9,1,stimuli/Z_11_23_Pro_R.jpg,2,,,,,,,,,,,,,,,,,,,,,,,,,,
,,,2025-08-11_06h27.25.419,CFMT_CCMT_Face_recognition,2023.2.3,Win32,59.88023952,677e29646b0a2cf5eff174dc,6899c7d7c4c961a016830ad3,6899c9e7ecbddf02cf1e440c,,,,,,,,,,,,,,,,,,,,,,,,,,,,,,,,,,,,,,,,,,,,,,,,,,,,,,,,,,,,,,,,,,,,,,,,,,,,,,,,,,,,,,,,,,,,,,,,1096.7275,1097.2284,,,,,,,,,,,,,,,,,,,,,,,,,,,,,,,,,,,,,,,,,,,,,,,,,,,,,,,1095.0779,1096.7274,2,1,1.6281,,0,10,10,10,1,stimuli/N_10_13_L_Pro_dark.jpg,2,,,,,,,,,,,,,,,,,,,,,,,,,,
,,,2025-08-11_06h27.25.419,CFMT_CCMT_Face_recognition,2023.2.3,Win32,59.88023952,677e29646b0a2cf5eff174dc,6899c7d7c4c961a016830ad3,6899c9e7ecbddf02cf1e440c,,,,,,,,,,,,,,,,,,,,,,,,,,,,,,,,,,,,,,,,,,,,,,,,,,,,,,,,,,,,,,,,,,,,,,,,,,,,,,,,,,,,,,,,,,,,,,,,1098.9775,1099.4773,,,,,,,,,,,,,,,,,,,,,,,,,,,,,,,,,,,,,,,,,,,,,,,,,,,,,,,1097.2289,1098.9774,2,1,1.7201,,0,11,11,11,1,stimuli/B9_Noisy_frontal_LS.jpg,2,,,,,,,,,,,,,,,,,,,,,,,,,,
,,,2025-08-11_06h27.25.419,CFMT_CCMT_Face_recognition,2023.2.3,Win32,59.88023952,677e29646b0a2cf5eff174dc,6899c7d7c4c961a016830ad3,6899c9e7ecbddf02cf1e440c,,,,,,,,,,,,,,,,,,,,,,,,,,,,,,,,,,,,,,,,,,,,,,,,,,,,,,,,,,,,,,,,,,,,,,,,,,,,,,,,,,,,,,,,,,,,,,,,1101.6608,1102.1607,,,,,,,,,,,,,,,,,,,,,,,,,,,,,,,,,,,,,,,,,,,,,,,,,,,,,,,1099.4779,1101.6607,1,1,2.1605,,0,12,12,12,1,stimuli/M_9_Front_N_LS.jpg,1,,,,,,,,,,,,,,,,,,,,,,,,,,
,,,2025-08-11_06h27.25.419,CFMT_CCMT_Face_recognition,2023.2.3,Win32,59.88023952,677e29646b0a2cf5eff174dc,6899c7d7c4c961a016830ad3,6899c9e7ecbddf02cf1e440c,,,,,,,,,,,,,,,,,,,,,,,,,,,,,,,,,,,,,,,,,,,,,,,,,,,,,,,,,,,,,,,,,,,,,,,,,,,,,,,,,,,,,,,,,,,,,,,,1104.2607,1104.7608,,,,,,,,,,,,,,,,,,,,,,,,,,,,,,,,,,,,,,,,,,,,,,,,,,,,,,,1102.1612,1104.2607,2,1,2.0731,,0,13,13,13,1,stimuli/J_9_N_Frontal_50.jpg,2,,,,,,,,,,,,,,,,,,,,,,,,,,
,,,2025-08-11_06h27.25.419,CFMT_CCMT_Face_recognition,2023.2.3,Win32,59.88023952,677e29646b0a2cf5eff174dc,6899c7d7c4c961a016830ad3,6899c9e7ecbddf02cf1e440c,,,,,,,,,,,,,,,,,,,,,,,,,,,,,,,,,,,,,,,,,,,,,,,,,,,,,,,,,,,,,,,,,,,,,,,,,,,,,,,,,,,,,,,,,,,,,,,,1106.7121,1107.2108,,,,,,,,,,,,,,,,,,,,,,,,,,,,,,,,,,,,,,,,,,,,,,,,,,,,,,,1104.7614,1106.712,1,1,1.9338,,0,14,14,14,1,stimuli/N_12_Front_Noisy.jpg,1,,,,,,,,,,,,,,,,,,,,,,,,,,
,,,2025-08-11_06h27.25.419,CFMT_CCMT_Face_recognition,2023.2.3,Win32,59.88023952,677e29646b0a2cf5eff174dc,6899c7d7c4c961a016830ad3,6899c9e7ecbddf02cf1e440c,,,,,,,,,,,,,,,,,,,,,,,,,,,,,,,,,,,,,,,,,,,,,,,,,,,,,,,,,,,,,,,,,,,,,,,,,,,,,,,,,,,,,,,,,,,,,,,,1108.9274,1109.4273,,,,,,,,,,,,,,,,,,,,,,,,,,,,,,,,,,,,,,,,,,,,,,,,,,,,,,,1107.2115,1108.9273,2,1,1.7,,0,15,15,15,1,stimuli/B10_Noisy_13_pro_L.jpg,2,,,,,,,,,,,,,,,,,,,,,,,,,,
,,,2025-08-11_06h27.25.419,CFMT_CCMT_Face_recognition,2023.2.3,Win32,59.88023952,677e29646b0a2cf5eff174dc,6899c7d7c4c961a016830ad3,6899c9e7ecbddf02cf1e440c,,,,,,,,,,,,,,,,,,,,,,,,,,,,,,,,,,,,,,,,,,,,,,,,,,,,,,,,,,,,,,,,,,,,,,,,,,,,,,,,,,,,,,,,,,,,,,,,1111.2775,1111.7773,,,,,,,,,,,,,,,,,,,,,,,,,,,,,,,,,,,,,,,,,,,,,,,,,,,,,,,1109.4278,1111.2773,3,1,1.8233,,0,16,16,16,1,stimuli/N_11_23_R_Pro.jpg,3,,,,,,,,,,,,,,,,,,,,,,,,,,
,,,2025-08-11_06h27.25.419,CFMT_CCMT_Face_recognition,2023.2.3,Win32,59.88023952,677e29646b0a2cf5eff174dc,6899c7d7c4c961a016830ad3,6899c9e7ecbddf02cf1e440c,,,,,,,,,,,,,,,,,,,,,,,,,,,,,,,,,,,,,,,,,,,,,,,,,,,,,,,,,,,,,,,,,,,,,,,,,,,,,,,,,,,,,,,,,,,,,,,,1113.8441,1114.3441,,,,,,,,,,,,,,,,,,,,,,,,,,,,,,,,,,,,,,,,,,,,,,,,,,,,,,,1111.7779,1113.8441,1,1,2.0429,,0,17,17,17,1,stimuli/J_10_13_pro_l.jpg,1,,,,,,,,,,,,,,,,,,,,,,,,,,
,,,2025-08-11_06h27.25.419,CFMT_CCMT_Face_recognition,2023.2.3,Win32,59.88023952,677e29646b0a2cf5eff174dc,6899c7d7c4c961a016830ad3,6899c9e7ecbddf02cf1e440c,,,,,,,,,,,,,,,,,,,,,,,,,,,,,,,,,,,,,,,,,,,,,,,,,,,,,,,,,,,,,,,,,,,,,,,,,,,,,,,,,,,,,,,,,,,,,,,,1116.1773,1116.6773,,,,,,,,,,,,,,,,,,,,,,,,,,,,,,,,,,,,,,,,,,,,,,,,,,,,,,,1114.345,1116.1772,3,1,1.8122,,0,18,18,18,1,stimuli/Z_9_Front_Noisy.jpg,3,,,,,,,,,,,,,,,,,,,,,,,,,,
,,,2025-08-11_06h27.25.419,CFMT_CCMT_Face_recognition,2023.2.3,Win32,59.88023952,677e29646b0a2cf5eff174dc,6899c7d7c4c961a016830ad3,6899c9e7ecbddf02cf1e440c,,,,,,,,,,,,,,,,,,,,,,,,,,,,,,,,,,,,,,,,,,,,,,,,,,,,,,,,,,,,,,,,,,,,,,,,,,,,,,,,,,,,,,,,,,,,,,,,1119.0943,1119.594,,,,,,,,,,,,,,,,,,,,,,,,,,,,,,,,,,,,,,,,,,,,,,,,,,,,,,,1116.678,1119.0943,1,1,2.3912,,0,19,19,19,1,stimuli/D9_Noisy_Frontal_LS.jpg,1,,,,,,,,,,,,,,,,,,,,,,,,,,
,,,2025-08-11_06h27.25.419,CFMT_CCMT_Face_recognition,2023.2.3,Win32,59.88023952,677e29646b0a2cf5eff174dc,6899c7d7c4c961a016830ad3,6899c9e7ecbddf02cf1e440c,,,,,,,,,,,,,,,,,,,,,,,,,,,,,,,,,,,,,,,,,,,,,,,,,,,,,,,,,,,,,,,,,,,,,,,,,,,,,,,,,,,,,,,,,,,,,,,,1121.3273,1121.8274,,,,,,,,,,,,,,,,,,,,,,,,,,,,,,,,,,,,,,,,,,,,,,,,,,,,,,,1119.5948,1121.3273,2,0,1.7135,,0,20,20,20,1,stimuli/M_10_N_13_L_Pro_D.jpg,1,,,,,,,,,,,,,,,,,,,,,,,,,,
,,,2025-08-11_06h27.25.419,CFMT_CCMT_Face_recognition,2023.2.3,Win32,59.88023952,677e29646b0a2cf5eff174dc,6899c7d7c4c961a016830ad3,6899c9e7ecbddf02cf1e440c,,,,,,,,,,,,,,,,,,,,,,,,,,,,,,,,,,,,,,,,,,,,,,,,,,,,,,,,,,,,,,,,,,,,,,,,,,,,,,,,,,,,,,,,,,,,,,,,1123.911,1124.4107,,,,,,,,,,,,,,,,,,,,,,,,,,,,,,,,,,,,,,,,,,,,,,,,,,,,,,,1121.8281,1123.9109,1,1,2.0641,,0,21,21,21,1,stimuli/Z_10_13_Pro_L.jpg,1,,,,,,,,,,,,,,,,,,,,,,,,,,
,,,2025-08-11_06h27.25.419,CFMT_CCMT_Face_recognition,2023.2.3,Win32,59.88023952,677e29646b0a2cf5eff174dc,6899c7d7c4c961a016830ad3,6899c9e7ecbddf02cf1e440c,,,,,,,,,,,,,,,,,,,,,,,,,,,,,,,,,,,,,,,,,,,,,,,,,,,,,,,,,,,,,,,,,,,,,,,,,,,,,,,,,,,,,,,,,,,,,,,,1126.3108,1126.8107,,,,,,,,,,,,,,,,,,,,,,,,,,,,,,,,,,,,,,,,,,,,,,,,,,,,,,,1124.4114,1126.3107,1,1,1.8749,,0,22,22,22,1,stimuli/B11_Noise_23_pro_R.jpg,1,,,,,,,,,,,,,,,,,,,,,,,,,,
,,,2025-08-11_06h27.25.419,CFMT_CCMT_Face_recognition,2023.2.3,Win32,59.88023952,677e29646b0a2cf5eff174dc,6899c7d7c4c961a016830ad3,6899c9e7ecbddf02cf1e440c,,,,,,,,,,,,,,,,,,,,,,,,,,,,,,,,,,,,,,,,,,,,,,,,,,,,,,,,,,,,,,,,,,,,,,,,,,,,,,,,,,,,,,,,,,,,,,,,1129.0275,1129.5275,,,,,,,,,,,,,,,,,,,,,,,,,,,,,,,,,,,,,,,,,,,,,,,,,,,,,,,1126.8114,1129.0274,3,1,2.1901,,0,23,23,23,1,stimuli/D11_Noisy_23_profile_R.jpg,3,,,,,,,,,,,,,,,,,,,,,,,,,,
,,,2025-08-11_06h27.25.419,CFMT_CCMT_Face_recognition,2023.2.3,Win32,59.88023952,677e29646b0a2cf5eff174dc,6899c7d7c4c961a016830ad3,6899c9e7ecbddf02cf1e440c,,,,,,,,,,,,,,,,,,,,,,,,,,,,,,,,,,,,,,,,,,,,,,,,,,,,,,,,,,,,,,,,,,,,,,,,,,,,,,,,,,,,,,,,,,,,,,,,,,,,,,,,,,,,,,,,,,,,,,,,,,,,,,,,,,,,,,,,,,,,,,,,,,,,,,,,,,,,,,,,,,,,,1129.5283,1129.5309,0,0,0,0,1,conditionsFile_faces/conditionFiles_face.xlsx,Cambridge Face Memory Test,Memorize the face in the next three images.,conditionsFile_faces/Prac_learn.xlsx,conditionsFile_faces/Prac_rec.xlsx,"Which face did you just view? There is only one correct answer. Press 1,2 or 3","In this test, you will learn to recognize six people.",Memorize the following face.,Which face did you just view?,Next you will review the same 6 people for 20 seconds.,Review the faces (20 seconds),stimuli/AA_Review_image.jpg,Now your memory of these faces will be tested.,"In the remaining trials, the correct answer can be any of the six faces.","The incorrect faces are sometimes very similar to the target faces, so be sure to look at each face prior answering.",conditionsFile_faces/conditionsfile_rec_face.xlsx,"To begin memorizing the first face, press the ""space bar"".",,
,,,2025-08-11_06h27.25.419,CFMT_CCMT_Face_recognition,2023.2.3,Win32,59.88023952,677e29646b0a2cf5eff174dc,6899c7d7c4c961a016830ad3,6899c9e7ecbddf02cf1e440c,,,,,,,,,,,,,,,,,,,,,,,,,,,,,,,,,,,,,,,,,,,,,,,,,,,,,,,,,,,,,,,,,,,,,,,,,,,,,,,,,,,,,,,,,,1129.5319,1130.7111,1130.7114,1131.7608,1131.7708,1134.761,1134.7612,1135.2607,0,0,0,0,1,stimuli_car/prac_v1.jpg,,,,,,,,,,,,,,,,,,,,,,,,,,,,,,,,,,,,,,,,,,,,,,,,,,,,,,,,,,,,,,,,,,,,,,,,,,,,,,,,,,,,,,,
,,,2025-08-11_06h27.25.419,CFMT_CCMT_Face_recognition,2023.2.3,Win32,59.88023952,677e29646b0a2cf5eff174dc,6899c7d7c4c961a016830ad3,6899c9e7ecbddf02cf1e440c,,,,,,,,,,,,,,,,,,,,,,,,,,,,,,,,,,,,,,,,,,,,,,,,,,,,,,,,,,,,,,,,,,,,,,,,,,,,,,,,,,,,,,,,,,,,,,1135.2616,1138.2608,1138.2609,1138.7607,0,1,1,1,1,stimuli_car/prac_v2.jpg,,,,,,,,,,,,,,,,,,,,,,,,,,,,,,,,,,,,,,,,,,,,,,,,,,,,,,,,,,,,,,,,,,,,,,,,,,,,,,,,,,,,,,,
,,,2025-08-11_06h27.25.419,CFMT_CCMT_Face_recognition,2023.2.3,Win32,59.88023952,677e29646b0a2cf5eff174dc,6899c7d7c4c961a016830ad3,6899c9e7ecbddf02cf1e440c,,,,,,,,,,,,,,,,,,,,,,,,,,,,,,,,,,,,,,,,,,,,,,,,,,,,,,,,,,,,,,,,,,,,,,,,,,,,,,,,,,,,,,,,,,,,,,1138.7614,1141.7607,1141.7608,1142.2609,0,2,2,2,1,stimuli_car/prac_v3.jpg,,,,,,,,,,,,,,,,,,,,,,,,,,,,,,,,,,,,,,,,,,,,,,,,,,,,,,,,,,,,,,,,,,,,,,,,,,,,,,,,,,,,,,,
,,,2025-08-11_06h27.25.419,CFMT_CCMT_Face_recognition,2023.2.3,Win32,59.88023952,677e29646b0a2cf5eff174dc,6899c7d7c4c961a016830ad3,6899c9e7ecbddf02cf1e440c,,,,,,,,,,,,,,,,,,,,,,,,,,,,,,,,,,,,,,,,,,,,,,,,,,,,,,,,,,,,,,,,,,,,,,,,,,,,,,,,,,,,,,,,,,,,,,,,1144.2277,1144.7275,,,,,,,1142.2698,1144.2275,1,1,1.9473,,0,0,0,0,1,stimuli_car/practice_v1.jpg,1,,,,,,,,,,,,,,,,,,,,,,,,,,,,,,,,,,,,,,,,,,,,,,,,,,,,,,,,,,,,,,,,,,,,,,,,,,
,,,2025-08-11_06h27.25.419,CFMT_CCMT_Face_recognition,2023.2.3,Win32,59.88023952,677e29646b0a2cf5eff174dc,6899c7d7c4c961a016830ad3,6899c9e7ecbddf02cf1e440c,,,,,,,,,,,,,,,,,,,,,,,,,,,,,,,,,,,,,,,,,,,,,,,,,,,,,,,,,,,,,,,,,,,,,,,,,,,,,,,,,,,,,,,,,,,,,,,,1146.1776,1146.6774,,,,,,,1144.7282,1146.1775,1,1,1.4438,,0,1,1,1,1,stimuli_car/practice_v3.jpg,1,,,,,,,,,,,,,,,,,,,,,,,,,,,,,,,,,,,,,,,,,,,,,,,,,,,,,,,,,,,,,,,,,,,,,,,,,,
,,,2025-08-11_06h27.25.419,CFMT_CCMT_Face_recognition,2023.2.3,Win32,59.88023952,677e29646b0a2cf5eff174dc,6899c7d7c4c961a016830ad3,6899c9e7ecbddf02cf1e440c,,,,,,,,,,,,,,,,,,,,,,,,,,,,,,,,,,,,,,,,,,,,,,,,,,,,,,,,,,,,,,,,,,,,,,,,,,,,,,,,,,,,,,,,,,,,,,,,1148.4443,1148.9439,,,,,,,1146.678,1148.4442,2,1,1.7615,,0,2,2,2,1,stimuli_car/practice_v2.jpg,2,,,,,,,,,,,,,,,,,,,,,,,,,,,,,,,,,,,,,,,,,,,,,,,,,,,,,,,,,,,,,,,,,,,,,,,,,,
,,,2025-08-11_06h27.25.419,CFMT_CCMT_Face_recognition,2023.2.3,Win32,59.88023952,677e29646b0a2cf5eff174dc,6899c7d7c4c961a016830ad3,6899c9e7ecbddf02cf1e440c,,,,,,,,,,,,,,,,,,,,,,,,,,,,,,,,,,,,,,,,,,,,,,,,,,,,,,,,,,,,,,,,,,,,,,,,,,,,,,,,,,,,,,,,,,,,,,,,1154.2609,1154.7611,,,,,,,,,,,,,,,,,,,,1148.9441,1150.0776,1150.0867,1150.7608,1151.2609,1154.2609,0,0,0,0,1,stimuli_car/Slide1.jpg,stimuli_car/Slide4.jpg,3,,,,,,,,,,,,,,,,,,,,,,,,,,,,,,,,,,,,,,,,,,,,,,,,,,,,,,,,,,,,
,,,2025-08-11_06h27.25.419,CFMT_CCMT_Face_recognition,2023.2.3,Win32,59.88023952,677e29646b0a2cf5eff174dc,6899c7d7c4c961a016830ad3,6899c9e7ecbddf02cf1e440c,,,,,,,,,,,,,,,,,,,,,,,,,,,,,,,,,,,,,,,,,,,,,,,,,,,,,,,,,,,,,,,,,,,,,,,,,,,,,,,,,,,,,,,,,,,,,,,,1158.2609,1158.7611,,,,,,,,,,,,,,,,,,,,,,,,1155.2609,1158.2608,0,1,1,1,1,stimuli_car/Slide2.jpg,stimuli_car/Slide5.jpg,3,,,,,,,,,,,,,,,,,,,,,,,,,,,,,,,,,,,,,,,,,,,,,,,,,,,,,,,,,,,,
,,,2025-08-11_06h27.25.419,CFMT_CCMT_Face_recognition,2023.2.3,Win32,59.88023952,677e29646b0a2cf5eff174dc,6899c7d7c4c961a016830ad3,6899c9e7ecbddf02cf1e440c,,,,,,,,,,,,,,,,,,,,,,,,,,,,,,,,,,,,,,,,,,,,,,,,,,,,,,,,,,,,,,,,,,,,,,,,,,,,,,,,,,,,,,,,,,,,,,,,1162.2609,1162.7609,,,,,,,,,,,,,,,,,,,,,,,,1159.261,1162.2609,0,2,2,2,1,stimuli_car/Slide3.jpg,stimuli_car/Slide6.jpg,2,,,,,,,,,,,,,,,,,,,,,,,,,,,,,,,,,,,,,,,,,,,,,,,,,,,,,,,,,,,,
,,,2025-08-11_06h27.25.419,CFMT_CCMT_Face_recognition,2023.2.3,Win32,59.88023952,677e29646b0a2cf5eff174dc,6899c7d7c4c961a016830ad3,6899c9e7ecbddf02cf1e440c,,,,,,,,,,,,,,,,,,,,,,,,,,,,,,,,,,,,,,,,,,,,,,,,,,,,,,,,,,,,,,,,,,,,,,,,,,,,,,,,,,,,,,,,,,,,,,,,1165.9277,1166.4276,,,,,,,,,,,,,,,,,,,,,,,,,,,,,,,stimuli_car/Slide1.jpg,stimuli_car/Slide4.jpg,3,1162.7687,1165.9276,3,1,3.1018,,0,0,0,0,1,,,,,,,,,,,,,,,,,,,,,,,,,,,,,,,,,,,,,,,,,,,,,,,,,
,,,2025-08-11_06h27.25.419,CFMT_CCMT_Face_recognition,2023.2.3,Win32,59.88023952,677e29646b0a2cf5eff174dc,6899c7d7c4c961a016830ad3,6899c9e7ecbddf02cf1e440c,,,,,,,,,,,,,,,,,,,,,,,,,,,,,,,,,,,,,,,,,,,,,,,,,,,,,,,,,,,,,,,,,,,,,,,,,,,,,,,,,,,,,,,,,,,,,,,,1169.3942,1169.8943,,,,,,,,,,,,,,,,,,,,,,,,,,,,,,,stimuli_car/Slide2.jpg,stimuli_car/Slide5.jpg,3,1166.4282,1169.3942,3,1,2.9208,,0,1,1,1,1,,,,,,,,,,,,,,,,,,,,,,,,,,,,,,,,,,,,,,,,,,,,,,,,,
,,,2025-08-11_06h27.25.419,CFMT_CCMT_Face_recognition,2023.2.3,Win32,59.88023952,677e29646b0a2cf5eff174dc,6899c7d7c4c961a016830ad3,6899c9e7ecbddf02cf1e440c,,,,,,,,,,,,,,,,,,,,,,,,,,,,,,,,,,,,,,,,,,,,,,,,,,,,,,,,,,,,,,,,,,,,,,,,,,,,,,,,,,,,,,,,,,,,,,,,1173.7443,1174.2443,,,,,,,,,,,,,,,,,,,,,,,,,,,,,,,stimuli_car/Slide3.jpg,stimuli_car/Slide6.jpg,2,1169.8949,1173.7442,2,1,3.7923,,0,2,2,2,1,,,,,,,,,,,,,,,,,,,,,,,,,,,,,,,,,,,,,,,,,,,,,,,,,
,,,2025-08-11_06h27.25.419,CFMT_CCMT_Face_recognition,2023.2.3,Win32,59.88023952,677e29646b0a2cf5eff174dc,6899c7d7c4c961a016830ad3,6899c9e7ecbddf02cf1e440c,,,,,,,,,,,,,,,,,,,,,,,,,,,,,,,,,,,,,,,,,,,,,,,,,,,,,,,,,,,,,,,,,,,,,,,,,,,,,,,,,,,,,,,,,,,,,,,,1178.7114,1179.2108,,,,,,,,,,,,,,,,,,,,,,1174.245,1175.2109,1175.7109,1178.7113,0,0,0,0,1,stimuli_car/Slide7.jpg,stimuli_car/Slide10.jpg,1,,,,,,,,,,,,,,,,,,,,,,,,,,,,,,,,,,,,,,,,,,,,,,,,,,,,,,,,,,,,
,,,2025-08-11_06h27.25.419,CFMT_CCMT_Face_recognition,2023.2.3,Win32,59.88023952,677e29646b0a2cf5eff174dc,6899c7d7c4c961a016830ad3,6899c9e7ecbddf02cf1e440c,,,,,,,,,,,,,,,,,,,,,,,,,,,,,,,,,,,,,,,,,,,,,,,,,,,,,,,,,,,,,,,,,,,,,,,,,,,,,,,,,,,,,,,,,,,,,,,,1182.7113,1183.2111,,,,,,,,,,,,,,,,,,,,,,,,1179.7111,1182.7111,0,1,1,1,1,stimuli_car/Slide8.jpg,stimuli_car/Slide11.jpg,2,,,,,,,,,,,,,,,,,,,,,,,,,,,,,,,,,,,,,,,,,,,,,,,,,,,,,,,,,,,,
,,,2025-08-11_06h27.25.419,CFMT_CCMT_Face_recognition,2023.2.3,Win32,59.88023952,677e29646b0a2cf5eff174dc,6899c7d7c4c961a016830ad3,6899c9e7ecbddf02cf1e440c,,,,,,,,,,,,,,,,,,,,,,,,,,,,,,,,,,,,,,,,,,,,,,,,,,,,,,,,,,,,,,,,,,,,,,,,,,,,,,,,,,,,,,,,,,,,,,,,1186.7111,1187.2109,,,,,,,,,,,,,,,,,,,,,,,,1183.7111,1186.711,0,2,2,2,1,stimuli_car/Slide9.jpg,stimuli_car/Slide12.jpg,1,,,,,,,,,,,,,,,,,,,,,,,,,,,,,,,,,,,,,,,,,,,,,,,,,,,,,,,,,,,,
,,,2025-08-11_06h27.25.419,CFMT_CCMT_Face_recognition,2023.2.3,Win32,59.88023952,677e29646b0a2cf5eff174dc,6899c7d7c4c961a016830ad3,6899c9e7ecbddf02cf1e440c,,,,,,,,,,,,,,,,,,,,,,,,,,,,,,,,,,,,,,,,,,,,,,,,,,,,,,,,,,,,,,,,,,,,,,,,,,,,,,,,,,,,,,,,,,,,,,,,1193.6111,1194.111,,,,,,,,,,,,,,,,,,,,,,,,,,,,,,,stimuli_car/Slide7.jpg,stimuli_car/Slide10.jpg,1,1187.2192,1193.611,1,1,6.3443,,0,0,0,0,1,,,,,,,,,,,,,,,,,,,,,,,,,,,,,,,,,,,,,,,,,,,,,,,,,
,,,2025-08-11_06h27.25.419,CFMT_CCMT_Face_recognition,2023.2.3,Win32,59.88023952,677e29646b0a2cf5eff174dc,6899c7d7c4c961a016830ad3,6899c9e7ecbddf02cf1e440c,,,,,,,,,,,,,,,,,,,,,,,,,,,,,,,,,,,,,,,,,,,,,,,,,,,,,,,,,,,,,,,,,,,,,,,,,,,,,,,,,,,,,,,,,,,,,,,,1196.8612,1197.3609,,,,,,,,,,,,,,,,,,,,,,,,,,,,,,,stimuli_car/Slide8.jpg,stimuli_car/Slide11.jpg,2,1194.1117,1196.8611,2,1,2.6998,,0,1,1,1,1,,,,,,,,,,,,,,,,,,,,,,,,,,,,,,,,,,,,,,,,,,,,,,,,,
,,,2025-08-11_06h27.25.419,CFMT_CCMT_Face_recognition,2023.2.3,Win32,59.88023952,677e29646b0a2cf5eff174dc,6899c7d7c4c961a016830ad3,6899c9e7ecbddf02cf1e440c,,,,,,,,,,,,,,,,,,,,,,,,,,,,,,,,,,,,,,,,,,,,,,,,,,,,,,,,,,,,,,,,,,,,,,,,,,,,,,,,,,,,,,,,,,,,,,,,1201.7611,1202.261,,,,,,,,,,,,,,,,,,,,,,,,,,,,,,,stimuli_car/Slide9.jpg,stimuli_car/Slide12.jpg,1,1197.3616,1201.761,1,1,4.358,,0,2,2,2,1,,,,,,,,,,,,,,,,,,,,,,,,,,,,,,,,,,,,,,,,,,,,,,,,,
,,,2025-08-11_06h27.25.419,CFMT_CCMT_Face_recognition,2023.2.3,Win32,59.88023952,677e29646b0a2cf5eff174dc,6899c7d7c4c961a016830ad3,6899c9e7ecbddf02cf1e440c,,,,,,,,,,,,,,,,,,,,,,,,,,,,,,,,,,,,,,,,,,,,,,,,,,,,,,,,,,,,,,,,,,,,,,,,,,,,,,,,,,,,,,,,,,,,,,,,1206.661,1207.161,,,,,,,,,,,,,,,,,,,,,,1202.2616,1203.1611,1203.661,1206.6609,0,0,0,0,1,stimuli_car/Slide13.jpg,stimuli_car/Slide16.jpg,3,,,,,,,,,,,,,,,,,,,,,,,,,,,,,,,,,,,,,,,,,,,,,,,,,,,,,,,,,,,,
,,,2025-08-11_06h27.25.419,CFMT_CCMT_Face_recognition,2023.2.3,Win32,59.88023952,677e29646b0a2cf5eff174dc,6899c7d7c4c961a016830ad3,6899c9e7ecbddf02cf1e440c,,,,,,,,,,,,,,,,,,,,,,,,,,,,,,,,,,,,,,,,,,,,,,,,,,,,,,,,,,,,,,,,,,,,,,,,,,,,,,,,,,,,,,,,,,,,,,,,1210.6612,1211.1609,,,,,,,,,,,,,,,,,,,,,,,,1207.6611,1210.6611,0,1,1,1,1,stimuli_car/Slide14.jpg,stimuli_car/Slide17.jpg,1,,,,,,,,,,,,,,,,,,,,,,,,,,,,,,,,,,,,,,,,,,,,,,,,,,,,,,,,,,,,
,,,2025-08-11_06h27.25.419,CFMT_CCMT_Face_recognition,2023.2.3,Win32,59.88023952,677e29646b0a2cf5eff174dc,6899c7d7c4c961a016830ad3,6899c9e7ecbddf02cf1e440c,,,,,,,,,,,,,,,,,,,,,,,,,,,,,,,,,,,,,,,,,,,,,,,,,,,,,,,,,,,,,,,,,,,,,,,,,,,,,,,,,,,,,,,,,,,,,,,,1214.6611,1215.1621,,,,,,,,,,,,,,,,,,,,,,,,1211.661,1214.661,0,2,2,2,1,stimuli_car/Slide15.jpg,stimuli_car/Slide18.jpg,2,,,,,,,,,,,,,,,,,,,,,,,,,,,,,,,,,,,,,,,,,,,,,,,,,,,,,,,,,,,,
,,,2025-08-11_06h27.25.419,CFMT_CCMT_Face_recognition,2023.2.3,Win32,59.88023952,677e29646b0a2cf5eff174dc,6899c7d7c4c961a016830ad3,6899c9e7ecbddf02cf1e440c,,,,,,,,,,,,,,,,,,,,,,,,,,,,,,,,,,,,,,,,,,,,,,,,,,,,,,,,,,,,,,,,,,,,,,,,,,,,,,,,,,,,,,,,,,,,,,,,1218.2946,1218.7944,,,,,,,,,,,,,,,,,,,,,,,,,,,,,,,stimuli_car/Slide13.jpg,stimuli_car/Slide16.jpg,3,1215.1697,1218.2945,3,1,3.0791,,0,0,0,0,1,,,,,,,,,,,,,,,,,,,,,,,,,,,,,,,,,,,,,,,,,,,,,,,,,
,,,2025-08-11_06h27.25.419,CFMT_CCMT_Face_recognition,2023.2.3,Win32,59.88023952,677e29646b0a2cf5eff174dc,6899c7d7c4c961a016830ad3,6899c9e7ecbddf02cf1e440c,,,,,,,,,,,,,,,,,,,,,,,,,,,,,,,,,,,,,,,,,,,,,,,,,,,,,,,,,,,,,,,,,,,,,,,,,,,,,,,,,,,,,,,,,,,,,,,,1221.3445,1221.844,,,,,,,,,,,,,,,,,,,,,,,,,,,,,,,stimuli_car/Slide14.jpg,stimuli_car/Slide17.jpg,1,1218.795,1221.3444,1,1,2.5054,,0,1,1,1,1,,,,,,,,,,,,,,,,,,,,,,,,,,,,,,,,,,,,,,,,,,,,,,,,,
,,,2025-08-11_06h27.25.419,CFMT_CCMT_Face_recognition,2023.2.3,Win32,59.88023952,677e29646b0a2cf5eff174dc,6899c7d7c4c961a016830ad3,6899c9e7ecbddf02cf1e440c,,,,,,,,,,,,,,,,,,,,,,,,,,,,,,,,,,,,,,,,,,,,,,,,,,,,,,,,,,,,,,,,,,,,,,,,,,,,,,,,,,,,,,,,,,,,,,,,1225.278,1225.7778,,,,,,,,,,,,,,,,,,,,,,,,,,,,,,,stimuli_car/Slide15.jpg,stimuli_car/Slide18.jpg,2,1221.8444,1225.2779,2,1,3.4021,,0,2,2,2,1,,,,,,,,,,,,,,,,,,,,,,,,,,,,,,,,,,,,,,,,,,,,,,,,,
,,,2025-08-11_06h27.25.419,CFMT_CCMT_Face_recognition,2023.2.3,Win32,59.88023952,677e29646b0a2cf5eff174dc,6899c7d7c4c961a016830ad3,6899c9e7ecbddf02cf1e440c,,,,,,,,,,,,,,,,,,,,,,,,,,,,,,,,,,,,,,,,,,,,,,,,,,,,,,,,,,,,,,,,,,,,,,,,,,,,,,,,,,,,,,,,,,,,,,,,1230.2115,1230.7112,,,,,,,,,,,,,,,,,,,,,,1225.7786,1226.7161,1227.2118,1230.2114,0,0,0,0,1,stimuli_car/Slide19.jpg,stimuli_car/Slide22.jpg,2,,,,,,,,,,,,,,,,,,,,,,,,,,,,,,,,,,,,,,,,,,,,,,,,,,,,,,,,,,,,
,,,2025-08-11_06h27.25.419,CFMT_CCMT_Face_recognition,2023.2.3,Win32,59.88023952,677e29646b0a2cf5eff174dc,6899c7d7c4c961a016830ad3,6899c9e7ecbddf02cf1e440c,,,,,,,,,,,,,,,,,,,,,,,,,,,,,,,,,,,,,,,,,,,,,,,,,,,,,,,,,,,,,,,,,,,,,,,,,,,,,,,,,,,,,,,,,,,,,,,,1234.2112,1234.711,,,,,,,,,,,,,,,,,,,,,,,,1231.2116,1234.2111,0,1,1,1,1,stimuli_car/Slide20.jpg,stimuli_car/Slide23.jpg,2,,,,,,,,,,,,,,,,,,,,,,,,,,,,,,,,,,,,,,,,,,,,,,,,,,,,,,,,,,,,
,,,2025-08-11_06h27.25.419,CFMT_CCMT_Face_recognition,2023.2.3,Win32,59.88023952,677e29646b0a2cf5eff174dc,6899c7d7c4c961a016830ad3,6899c9e7ecbddf02cf1e440c,,,,,,,,,,,,,,,,,,,,,,,,,,,,,,,,,,,,,,,,,,,,,,,,,,,,,,,,,,,,,,,,,,,,,,,,,,,,,,,,,,,,,,,,,,,,,,,,1238.2112,1238.7111,,,,,,,,,,,,,,,,,,,,,,,,1235.2111,1238.211,0,2,2,2,1,stimuli_car/Slide21.jpg,stimuli_car/Slide24.jpg,3,,,,,,,,,,,,,,,,,,,,,,,,,,,,,,,,,,,,,,,,,,,,,,,,,,,,,,,,,,,,
,,,2025-08-11_06h27.25.419,CFMT_CCMT_Face_recognition,2023.2.3,Win32,59.88023952,677e29646b0a2cf5eff174dc,6899c7d7c4c961a016830ad3,6899c9e7ecbddf02cf1e440c,,,,,,,,,,,,,,,,,,,,,,,,,,,,,,,,,,,,,,,,,,,,,,,,,,,,,,,,,,,,,,,,,,,,,,,,,,,,,,,,,,,,,,,,,,,,,,,,1241.9945,1242.4943,,,,,,,,,,,,,,,,,,,,,,,,,,,,,,,stimuli_car/Slide19.jpg,stimuli_car/Slide22.jpg,2,1238.719,1241.9944,2,1,3.2239,,0,0,0,0,1,,,,,,,,,,,,,,,,,,,,,,,,,,,,,,,,,,,,,,,,,,,,,,,,,
,,,2025-08-11_06h27.25.419,CFMT_CCMT_Face_recognition,2023.2.3,Win32,59.88023952,677e29646b0a2cf5eff174dc,6899c7d7c4c961a016830ad3,6899c9e7ecbddf02cf1e440c,,,,,,,,,,,,,,,,,,,,,,,,,,,,,,,,,,,,,,,,,,,,,,,,,,,,,,,,,,,,,,,,,,,,,,,,,,,,,,,,,,,,,,,,,,,,,,,,1245.1445,1245.6444,,,,,,,,,,,,,,,,,,,,,,,,,,,,,,,stimuli_car/Slide20.jpg,stimuli_car/Slide23.jpg,2,1242.4948,1245.1444,2,1,2.6001,,0,1,1,1,1,,,,,,,,,,,,,,,,,,,,,,,,,,,,,,,,,,,,,,,,,,,,,,,,,
,,,2025-08-11_06h27.25.419,CFMT_CCMT_Face_recognition,2023.2.3,Win32,59.88023952,677e29646b0a2cf5eff174dc,6899c7d7c4c961a016830ad3,6899c9e7ecbddf02cf1e440c,,,,,,,,,,,,,,,,,,,,,,,,,,,,,,,,,,,,,,,,,,,,,,,,,,,,,,,,,,,,,,,,,,,,,,,,,,,,,,,,,,,,,,,,,,,,,,,,1247.8778,1248.3778,,,,,,,,,,,,,,,,,,,,,,,,,,,,,,,stimuli_car/Slide21.jpg,stimuli_car/Slide24.jpg,3,1245.6451,1247.8778,3,1,2.1727,,0,2,2,2,1,,,,,,,,,,,,,,,,,,,,,,,,,,,,,,,,,,,,,,,,,,,,,,,,,
,,,2025-08-11_06h27.25.419,CFMT_CCMT_Face_recognition,2023.2.3,Win32,59.88023952,677e29646b0a2cf5eff174dc,6899c7d7c4c961a016830ad3,6899c9e7ecbddf02cf1e440c,,,,,,,,,,,,,,,,,,,,,,,,,,,,,,,,,,,,,,,,,,,,,,,,,,,,,,,,,,,,,,,,,,,,,,,,,,,,,,,,,,,,,,,,,,,,,,,,1252.7778,1253.2778,,,,,,,,,,,,,,,,,,,,,,1248.3784,1249.2778,1249.7781,1252.7778,0,0,0,0,1,stimuli_car/Slide25.jpg,stimuli_car/Slide28.jpg,2,,,,,,,,,,,,,,,,,,,,,,,,,,,,,,,,,,,,,,,,,,,,,,,,,,,,,,,,,,,,
,,,2025-08-11_06h27.25.419,CFMT_CCMT_Face_recognition,2023.2.3,Win32,59.88023952,677e29646b0a2cf5eff174dc,6899c7d7c4c961a016830ad3,6899c9e7ecbddf02cf1e440c,,,,,,,,,,,,,,,,,,,,,,,,,,,,,,,,,,,,,,,,,,,,,,,,,,,,,,,,,,,,,,,,,,,,,,,,,,,,,,,,,,,,,,,,,,,,,,,,1256.7779,1257.2779,,,,,,,,,,,,,,,,,,,,,,,,1253.7779,1256.7778,0,1,1,1,1,stimuli_car/Slide26.jpg,stimuli_car/Slide29.jpg,1,,,,,,,,,,,,,,,,,,,,,,,,,,,,,,,,,,,,,,,,,,,,,,,,,,,,,,,,,,,,
,,,2025-08-11_06h27.25.419,CFMT_CCMT_Face_recognition,2023.2.3,Win32,59.88023952,677e29646b0a2cf5eff174dc,6899c7d7c4c961a016830ad3,6899c9e7ecbddf02cf1e440c,,,,,,,,,,,,,,,,,,,,,,,,,,,,,,,,,,,,,,,,,,,,,,,,,,,,,,,,,,,,,,,,,,,,,,,,,,,,,,,,,,,,,,,,,,,,,,,,1260.7781,1261.2777,,,,,,,,,,,,,,,,,,,,,,,,1257.7778,1260.778,0,2,2,2,1,stimuli_car/Slide27.jpg,stimuli_car/Slide30.jpg,3,,,,,,,,,,,,,,,,,,,,,,,,,,,,,,,,,,,,,,,,,,,,,,,,,,,,,,,,,,,,
,,,2025-08-11_06h27.25.419,CFMT_CCMT_Face_recognition,2023.2.3,Win32,59.88023952,677e29646b0a2cf5eff174dc,6899c7d7c4c961a016830ad3,6899c9e7ecbddf02cf1e440c,,,,,,,,,,,,,,,,,,,,,,,,,,,,,,,,,,,,,,,,,,,,,,,,,,,,,,,,,,,,,,,,,,,,,,,,,,,,,,,,,,,,,,,,,,,,,,,,1267.5613,1268.0612,,,,,,,,,,,,,,,,,,,,,,,,,,,,,,,stimuli_car/Slide25.jpg,stimuli_car/Slide28.jpg,2,1261.2876,1267.5611,2,1,6.2219,,0,0,0,0,1,,,,,,,,,,,,,,,,,,,,,,,,,,,,,,,,,,,,,,,,,,,,,,,,,
,,,2025-08-11_06h27.25.419,CFMT_CCMT_Face_recognition,2023.2.3,Win32,59.88023952,677e29646b0a2cf5eff174dc,6899c7d7c4c961a016830ad3,6899c9e7ecbddf02cf1e440c,,,,,,,,,,,,,,,,,,,,,,,,,,,,,,,,,,,,,,,,,,,,,,,,,,,,,,,,,,,,,,,,,,,,,,,,,,,,,,,,,,,,,,,,,,,,,,,,1270.5279,1271.0278,,,,,,,,,,,,,,,,,,,,,,,,,,,,,,,stimuli_car/Slide26.jpg,stimuli_car/Slide29.jpg,1,1268.0618,1270.5279,1,1,2.4235,,0,1,1,1,1,,,,,,,,,,,,,,,,,,,,,,,,,,,,,,,,,,,,,,,,,,,,,,,,,
,,,2025-08-11_06h27.25.419,CFMT_CCMT_Face_recognition,2023.2.3,Win32,59.88023952,677e29646b0a2cf5eff174dc,6899c7d7c4c961a016830ad3,6899c9e7ecbddf02cf1e440c,,,,,,,,,,,,,,,,,,,,,,,,,,,,,,,,,,,,,,,,,,,,,,,,,,,,,,,,,,,,,,,,,,,,,,,,,,,,,,,,,,,,,,,,,,,,,,,,1277.1778,1277.6779,,,,,,,,,,,,,,,,,,,,,,,,,,,,,,,stimuli_car/Slide27.jpg,stimuli_car/Slide30.jpg,3,1271.0286,1277.1778,3,1,6.0982,,0,2,2,2,1,,,,,,,,,,,,,,,,,,,,,,,,,,,,,,,,,,,,,,,,,,,,,,,,,
,,,2025-08-11_06h27.25.419,CFMT_CCMT_Face_recognition,2023.2.3,Win32,59.88023952,677e29646b0a2cf5eff174dc,6899c7d7c4c961a016830ad3,6899c9e7ecbddf02cf1e440c,,,,,,,,,,,,,,,,,,,,,,,,,,,,,,,,,,,,,,,,,,,,,,,,,,,,,,,,,,,,,,,,,,,,,,,,,,,,,,,,,,,,,,,,,,,,,,,,1282.1614,1282.6613,,,,,,,,,,,,,,,,,,,,,,1277.6788,1278.6616,1279.1612,1282.1613,0,0,0,0,1,stimuli_car/Slide31.jpg,stimuli_car/Slide34.jpg,1,,,,,,,,,,,,,,,,,,,,,,,,,,,,,,,,,,,,,,,,,,,,,,,,,,,,,,,,,,,,
,,,2025-08-11_06h27.25.419,CFMT_CCMT_Face_recognition,2023.2.3,Win32,59.88023952,677e29646b0a2cf5eff174dc,6899c7d7c4c961a016830ad3,6899c9e7ecbddf02cf1e440c,,,,,,,,,,,,,,,,,,,,,,,,,,,,,,,,,,,,,,,,,,,,,,,,,,,,,,,,,,,,,,,,,,,,,,,,,,,,,,,,,,,,,,,,,,,,,,,,1286.1614,1286.6612,,,,,,,,,,,,,,,,,,,,,,,,1283.1616,1286.1613,0,1,1,1,1,stimuli_car/Slide32.jpg,stimuli_car/Slide35.jpg,2,,,,,,,,,,,,,,,,,,,,,,,,,,,,,,,,,,,,,,,,,,,,,,,,,,,,,,,,,,,,
,,,2025-08-11_06h27.25.419,CFMT_CCMT_Face_recognition,2023.2.3,Win32,59.88023952,677e29646b0a2cf5eff174dc,6899c7d7c4c961a016830ad3,6899c9e7ecbddf02cf1e440c,,,,,,,,,,,,,,,,,,,,,,,,,,,,,,,,,,,,,,,,,,,,,,,,,,,,,,,,,,,,,,,,,,,,,,,,,,,,,,,,,,,,,,,,,,,,,,,,1290.1613,1290.6613,,,,,,,,,,,,,,,,,,,,,,,,1287.1613,1290.1612,0,2,2,2,1,stimuli_car/Slide33.jpg,stimuli_car/Slide36.jpg,3,,,,,,,,,,,,,,,,,,,,,,,,,,,,,,,,,,,,,,,,,,,,,,,,,,,,,,,,,,,,
,,,2025-08-11_06h27.25.419,CFMT_CCMT_Face_recognition,2023.2.3,Win32,59.88023952,677e29646b0a2cf5eff174dc,6899c7d7c4c961a016830ad3,6899c9e7ecbddf02cf1e440c,,,,,,,,,,,,,,,,,,,,,,,,,,,,,,,,,,,,,,,,,,,,,,,,,,,,,,,,,,,,,,,,,,,,,,,,,,,,,,,,,,,,,,,,,,,,,,,,1297.8781,1298.3779,,,,,,,,,,,,,,,,,,,,,,,,,,,,,,,stimuli_car/Slide31.jpg,stimuli_car/Slide34.jpg,1,1290.6697,1297.878,3,0,7.1588,,0,0,0,0,1,,,,,,,,,,,,,,,,,,,,,,,,,,,,,,,,,,,,,,,,,,,,,,,,,
,,,2025-08-11_06h27.25.419,CFMT_CCMT_Face_recognition,2023.2.3,Win32,59.88023952,677e29646b0a2cf5eff174dc,6899c7d7c4c961a016830ad3,6899c9e7ecbddf02cf1e440c,,,,,,,,,,,,,,,,,,,,,,,,,,,,,,,,,,,,,,,,,,,,,,,,,,,,,,,,,,,,,,,,,,,,,,,,,,,,,,,,,,,,,,,,,,,,,,,,1302.2948,1302.7947,,,,,,,,,,,,,,,,,,,,,,,,,,,,,,,stimuli_car/Slide32.jpg,stimuli_car/Slide35.jpg,2,1298.3784,1302.2947,3,0,3.8671,,0,1,1,1,1,,,,,,,,,,,,,,,,,,,,,,,,,,,,,,,,,,,,,,,,,,,,,,,,,
,,,2025-08-11_06h27.25.419,CFMT_CCMT_Face_recognition,2023.2.3,Win32,59.88023952,677e29646b0a2cf5eff174dc,6899c7d7c4c961a016830ad3,6899c9e7ecbddf02cf1e440c,,,,,,,,,,,,,,,,,,,,,,,,,,,,,,,,,,,,,,,,,,,,,,,,,,,,,,,,,,,,,,,,,,,,,,,,,,,,,,,,,,,,,,,,,,,,,,,,1307.0116,1307.5113,,,,,,,,,,,,,,,,,,,,,,,,,,,,,,,stimuli_car/Slide33.jpg,stimuli_car/Slide36.jpg,3,1302.7953,1307.0115,3,1,4.1697,,0,2,2,2,1,,,,,,,,,,,,,,,,,,,,,,,,,,,,,,,,,,,,,,,,,,,,,,,,,
,,,2025-08-11_06h27.25.419,CFMT_CCMT_Face_recognition,2023.2.3,Win32,59.88023952,677e29646b0a2cf5eff174dc,6899c7d7c4c961a016830ad3,6899c9e7ecbddf02cf1e440c,,,,,,,,,,,,,,,,,,,,,,,,,,,,,,,,,,,,,,,,,,,,,,,,,,,,,,,,,,,,,,,,,,,,,,,,,,,,,,,,,,,,,,,,,,,,,,,,1334.9954,1335.495,,,,,,,,,,,,,,,,,,,,,,,,,,,,,,,,,,,,,,,,,,,,,1307.5115,1308.5778,1309.078,1329.078,1329.5777,1330.945,1331.452,1331.4549,1331.4549,1331.4551,1331.4657,1334.9951,1,0,3.4766,,0,0,0,0,1,stimuli_car/Slide38.jpg,2,,,,,,,,,,,,,,,,,,,,,,,,,,
,,,2025-08-11_06h27.25.419,CFMT_CCMT_Face_recognition,2023.2.3,Win32,59.88023952,677e29646b0a2cf5eff174dc,6899c7d7c4c961a016830ad3,6899c9e7ecbddf02cf1e440c,,,,,,,,,,,,,,,,,,,,,,,,,,,,,,,,,,,,,,,,,,,,,,,,,,,,,,,,,,,,,,,,,,,,,,,,,,,,,,,,,,,,,,,,,,,,,,,,1338.0282,1338.5282,,,,,,,,,,,,,,,,,,,,,,,,,,,,,,,,,,,,,,,,,,,,,,,,,,,,,,,1335.4958,1338.028,1,1,2.486,,0,1,1,1,1,stimuli_car/Slide39.jpg,1,,,,,,,,,,,,,,,,,,,,,,,,,,
,,,2025-08-11_06h27.25.419,CFMT_CCMT_Face_recognition,2023.2.3,Win32,59.88023952,677e29646b0a2cf5eff174dc,6899c7d7c4c961a016830ad3,6899c9e7ecbddf02cf1e440c,,,,,,,,,,,,,,,,,,,,,,,,,,,,,,,,,,,,,,,,,,,,,,,,,,,,,,,,,,,,,,,,,,,,,,,,,,,,,,,,,,,,,,,,,,,,,,,,1341.6114,1342.1114,,,,,,,,,,,,,,,,,,,,,,,,,,,,,,,,,,,,,,,,,,,,,,,,,,,,,,,1338.5293,1341.6114,3,0,3.0303,,0,2,2,2,1,stimuli_car/Slide40.jpg,1,,,,,,,,,,,,,,,,,,,,,,,,,,
,,,2025-08-11_06h27.25.419,CFMT_CCMT_Face_recognition,2023.2.3,Win32,59.88023952,677e29646b0a2cf5eff174dc,6899c7d7c4c961a016830ad3,6899c9e7ecbddf02cf1e440c,,,,,,,,,,,,,,,,,,,,,,,,,,,,,,,,,,,,,,,,,,,,,,,,,,,,,,,,,,,,,,,,,,,,,,,,,,,,,,,,,,,,,,,,,,,,,,,,1347.2449,1347.7446,,,,,,,,,,,,,,,,,,,,,,,,,,,,,,,,,,,,,,,,,,,,,,,,,,,,,,,1342.112,1347.2449,3,1,5.0827,,0,3,3,3,1,stimuli_car/Slide41.jpg,3,,,,,,,,,,,,,,,,,,,,,,,,,,
,,,2025-08-11_06h27.25.419,CFMT_CCMT_Face_recognition,2023.2.3,Win32,59.88023952,677e29646b0a2cf5eff174dc,6899c7d7c4c961a016830ad3,6899c9e7ecbddf02cf1e440c,,,,,,,,,,,,,,,,,,,,,,,,,,,,,,,,,,,,,,,,,,,,,,,,,,,,,,,,,,,,,,,,,,,,,,,,,,,,,,,,,,,,,,,,,,,,,,,,1351.9781,1352.478,,,,,,,,,,,,,,,,,,,,,,,,,,,,,,,,,,,,,,,,,,,,,,,,,,,,,,,1347.7454,1351.9781,2,1,4.1812,,0,4,4,4,1,stimuli_car/Slide42.jpg,2,,,,,,,,,,,,,,,,,,,,,,,,,,
,,,2025-08-11_06h27.25.419,CFMT_CCMT_Face_recognition,2023.2.3,Win32,59.88023952,677e29646b0a2cf5eff174dc,6899c7d7c4c961a016830ad3,6899c9e7ecbddf02cf1e440c,,,,,,,,,,,,,,,,,,,,,,,,,,,,,,,,,,,,,,,,,,,,,,,,,,,,,,,,,,,,,,,,,,,,,,,,,,,,,,,,,,,,,,,,,,,,,,,,1356.6781,1357.1782,,,,,,,,,,,,,,,,,,,,,,,,,,,,,,,,,,,,,,,,,,,,,,,,,,,,,,,1352.4789,1356.678,1,1,4.1504,,0,5,5,5,1,stimuli_car/Slide43.jpg,1,,,,,,,,,,,,,,,,,,,,,,,,,,
,,,2025-08-11_06h27.25.419,CFMT_CCMT_Face_recognition,2023.2.3,Win32,59.88023952,677e29646b0a2cf5eff174dc,6899c7d7c4c961a016830ad3,6899c9e7ecbddf02cf1e440c,,,,,,,,,,,,,,,,,,,,,,,,,,,,,,,,,,,,,,,,,,,,,,,,,,,,,,,,,,,,,,,,,,,,,,,,,,,,,,,,,,,,,,,,,,,,,,,,1360.2784,1360.7782,,,,,,,,,,,,,,,,,,,,,,,,,,,,,,,,,,,,,,,,,,,,,,,,,,,,,,,1357.1791,1360.2782,3,1,3.0484,,0,6,6,6,1,stimuli_car/Slide44.jpg,3,,,,,,,,,,,,,,,,,,,,,,,,,,
,,,2025-08-11_06h27.25.419,CFMT_CCMT_Face_recognition,2023.2.3,Win32,59.88023952,677e29646b0a2cf5eff174dc,6899c7d7c4c961a016830ad3,6899c9e7ecbddf02cf1e440c,,,,,,,,,,,,,,,,,,,,,,,,,,,,,,,,,,,,,,,,,,,,,,,,,,,,,,,,,,,,,,,,,,,,,,,,,,,,,,,,,,,,,,,,,,,,,,,,1363.5281,1364.028,,,,,,,,,,,,,,,,,,,,,,,,,,,,,,,,,,,,,,,,,,,,,,,,,,,,,,,1360.7787,1363.5281,1,1,2.7007,,0,7,7,7,1,stimuli_car/Slide45.jpg,1,,,,,,,,,,,,,,,,,,,,,,,,,,
,,,2025-08-11_06h27.25.419,CFMT_CCMT_Face_recognition,2023.2.3,Win32,59.88023952,677e29646b0a2cf5eff174dc,6899c7d7c4c961a016830ad3,6899c9e7ecbddf02cf1e440c,,,,,,,,,,,,,,,,,,,,,,,,,,,,,,,,,,,,,,,,,,,,,,,,,,,,,,,,,,,,,,,,,,,,,,,,,,,,,,,,,,,,,,,,,,,,,,,,1367.2615,1367.7616,,,,,,,,,,,,,,,,,,,,,,,,,,,,,,,,,,,,,,,,,,,,,,,,,,,,,,,1364.0286,1367.2614,1,1,3.1876,,0,8,8,8,1,stimuli_car/Slide46.jpg,1,,,,,,,,,,,,,,,,,,,,,,,,,,
,,,2025-08-11_06h27.25.419,CFMT_CCMT_Face_recognition,2023.2.3,Win32,59.88023952,677e29646b0a2cf5eff174dc,6899c7d7c4c961a016830ad3,6899c9e7ecbddf02cf1e440c,,,,,,,,,,,,,,,,,,,,,,,,,,,,,,,,,,,,,,,,,,,,,,,,,,,,,,,,,,,,,,,,,,,,,,,,,,,,,,,,,,,,,,,,,,,,,,,,1373.2125,1373.7115,,,,,,,,,,,,,,,,,,,,,,,,,,,,,,,,,,,,,,,,,,,,,,,,,,,,,,,1367.7622,1373.2124,1,0,5.4087,,0,9,9,9,1,stimuli_car/Slide47.jpg,3,,,,,,,,,,,,,,,,,,,,,,,,,,
,,,2025-08-11_06h27.25.419,CFMT_CCMT_Face_recognition,2023.2.3,Win32,59.88023952,677e29646b0a2cf5eff174dc,6899c7d7c4c961a016830ad3,6899c9e7ecbddf02cf1e440c,,,,,,,,,,,,,,,,,,,,,,,,,,,,,,,,,,,,,,,,,,,,,,,,,,,,,,,,,,,,,,,,,,,,,,,,,,,,,,,,,,,,,,,,,,,,,,,,1378.5949,1379.0948,,,,,,,,,,,,,,,,,,,,,,,,,,,,,,,,,,,,,,,,,,,,,,,,,,,,,,,1373.7121,1378.5948,3,1,4.8276,,0,10,10,10,1,stimuli_car/Slide48.jpg,3,,,,,,,,,,,,,,,,,,,,,,,,,,
,,,2025-08-11_06h27.25.419,CFMT_CCMT_Face_recognition,2023.2.3,Win32,59.88023952,677e29646b0a2cf5eff174dc,6899c7d7c4c961a016830ad3,6899c9e7ecbddf02cf1e440c,,,,,,,,,,,,,,,,,,,,,,,,,,,,,,,,,,,,,,,,,,,,,,,,,,,,,,,,,,,,,,,,,,,,,,,,,,,,,,,,,,,,,,,,,,,,,,,,1382.2783,1382.7781,,,,,,,,,,,,,,,,,,,,,,,,,,,,,,,,,,,,,,,,,,,,,,,,,,,,,,,1379.0957,1382.2782,3,1,3.1343,,0,11,11,11,1,stimuli_car/Slide49.jpg,3,,,,,,,,,,,,,,,,,,,,,,,,,,
,,,2025-08-11_06h27.25.419,CFMT_CCMT_Face_recognition,2023.2.3,Win32,59.88023952,677e29646b0a2cf5eff174dc,6899c7d7c4c961a016830ad3,6899c9e7ecbddf02cf1e440c,,,,,,,,,,,,,,,,,,,,,,,,,,,,,,,,,,,,,,,,,,,,,,,,,,,,,,,,,,,,,,,,,,,,,,,,,,,,,,,,,,,,,,,,,,,,,,,,1385.8619,1386.3616,,,,,,,,,,,,,,,,,,,,,,,,,,,,,,,,,,,,,,,,,,,,,,,,,,,,,,,1382.7786,1385.8617,2,1,3.033,,0,12,12,12,1,stimuli_car/Slide50.jpg,2,,,,,,,,,,,,,,,,,,,,,,,,,,
,,,2025-08-11_06h27.25.419,CFMT_CCMT_Face_recognition,2023.2.3,Win32,59.88023952,677e29646b0a2cf5eff174dc,6899c7d7c4c961a016830ad3,6899c9e7ecbddf02cf1e440c,,,,,,,,,,,,,,,,,,,,,,,,,,,,,,,,,,,,,,,,,,,,,,,,,,,,,,,,,,,,,,,,,,,,,,,,,,,,,,,,,,,,,,,,,,,,,,,,1390.2615,1390.7617,,,,,,,,,,,,,,,,,,,,,,,,,,,,,,,,,,,,,,,,,,,,,,,,,,,,,,,1386.3623,1390.2614,2,1,3.851,,0,13,13,13,1,stimuli_car/Slide51.jpg,2,,,,,,,,,,,,,,,,,,,,,,,,,,
,,,2025-08-11_06h27.25.419,CFMT_CCMT_Face_recognition,2023.2.3,Win32,59.88023952,677e29646b0a2cf5eff174dc,6899c7d7c4c961a016830ad3,6899c9e7ecbddf02cf1e440c,,,,,,,,,,,,,,,,,,,,,,,,,,,,,,,,,,,,,,,,,,,,,,,,,,,,,,,,,,,,,,,,,,,,,,,,,,,,,,,,,,,,,,,,,,,,,,,,1395.745,1396.2507,,,,,,,,,,,,,,,,,,,,,,,,,,,,,,,,,,,,,,,,,,,,,,,,,,,,,,,1390.7625,1395.745,3,1,4.9357,,0,14,14,14,1,stimuli_car/Slide52.jpg,3,,,,,,,,,,,,,,,,,,,,,,,,,,
,,,2025-08-11_06h27.25.419,CFMT_CCMT_Face_recognition,2023.2.3,Win32,59.88023952,677e29646b0a2cf5eff174dc,6899c7d7c4c961a016830ad3,6899c9e7ecbddf02cf1e440c,,,,,,,,,,,,,,,,,,,,,,,,,,,,,,,,,,,,,,,,,,,,,,,,,,,,,,,,,,,,,,,,,,,,,,,,,,,,,,,,,,,,,,,,,,,,,,,,1399.3116,1399.8115,,,,,,,,,,,,,,,,,,,,,,,,,,,,,,,,,,,,,,,,,,,,,,,,,,,,,,,1396.2512,1399.3115,3,0,3.0144,,0,15,15,15,1,stimuli_car/Slide53.jpg,2,,,,,,,,,,,,,,,,,,,,,,,,,,
,,,2025-08-11_06h27.25.419,CFMT_CCMT_Face_recognition,2023.2.3,Win32,59.88023952,677e29646b0a2cf5eff174dc,6899c7d7c4c961a016830ad3,6899c9e7ecbddf02cf1e440c,,,,,,,,,,,,,,,,,,,,,,,,,,,,,,,,,,,,,,,,,,,,,,,,,,,,,,,,,,,,,,,,,,,,,,,,,,,,,,,,,,,,,,,,,,,,,,,,1402.8949,1403.395,,,,,,,,,,,,,,,,,,,,,,,,,,,,,,,,,,,,,,,,,,,,,,,,,,,,,,,1399.8125,1402.8948,1,1,3.0328,,0,16,16,16,1,stimuli_car/Slide54.jpg,1,,,,,,,,,,,,,,,,,,,,,,,,,,
,,,2025-08-11_06h27.25.419,CFMT_CCMT_Face_recognition,2023.2.3,Win32,59.88023952,677e29646b0a2cf5eff174dc,6899c7d7c4c961a016830ad3,6899c9e7ecbddf02cf1e440c,,,,,,,,,,,,,,,,,,,,,,,,,,,,,,,,,,,,,,,,,,,,,,,,,,,,,,,,,,,,,,,,,,,,,,,,,,,,,,,,,,,,,,,,,,,,,,,,1411.2116,1411.7117,,,,,,,,,,,,,,,,,,,,,,,,,,,,,,,,,,,,,,,,,,,,,,,,,,,,,,,1403.3955,1411.2115,2,0,7.7691,,0,17,17,17,1,stimuli_car/Slide55.jpg,1,,,,,,,,,,,,,,,,,,,,,,,,,,
,,,2025-08-11_06h27.25.419,CFMT_CCMT_Face_recognition,2023.2.3,Win32,59.88023952,677e29646b0a2cf5eff174dc,6899c7d7c4c961a016830ad3,6899c9e7ecbddf02cf1e440c,,,,,,,,,,,,,,,,,,,,,,,,,,,,,,,,,,,,,,,,,,,,,,,,,,,,,,,,,,,,,,,,,,,,,,,,,,,,,,,,,,,,,,,,,,,,,,,,1414.4785,1414.9784,,,,,,,,,,,,,,,,,,,,,,,,,,,,,,,,,,,,,,,,,,,,,,,,,,,,,,,1411.7124,1414.4784,1,0,2.7137,,0,18,18,18,1,stimuli_car/Slide56.jpg,2,,,,,,,,,,,,,,,,,,,,,,,,,,
,,,2025-08-11_06h27.25.419,CFMT_CCMT_Face_recognition,2023.2.3,Win32,59.88023952,677e29646b0a2cf5eff174dc,6899c7d7c4c961a016830ad3,6899c9e7ecbddf02cf1e440c,,,,,,,,,,,,,,,,,,,,,,,,,,,,,,,,,,,,,,,,,,,,,,,,,,,,,,,,,,,,,,,,,,,,,,,,,,,,,,,,,,,,,,,,,,,,,,,,1419.0783,1419.5783,,,,,,,,,,,,,,,,,,,,,,,,,,,,,,,,,,,,,,,,,,,,,,,,,,,,,,,1414.9792,1419.0782,1,1,4.0482,,0,19,19,19,1,stimuli_car/Slide57.jpg,1,,,,,,,,,,,,,,,,,,,,,,,,,,
,,,2025-08-11_06h27.25.419,CFMT_CCMT_Face_recognition,2023.2.3,Win32,59.88023952,677e29646b0a2cf5eff174dc,6899c7d7c4c961a016830ad3,6899c9e7ecbddf02cf1e440c,,,,,,,,,,,,,,,,,,,,,,,,,,,,,,,,,,,,,,,,,,,,,,,,,,,,,,,,,,,,,,,,,,,,,,,,,,,,,,,,,,,,,,,,,,,,,,,,1422.7286,1423.2282,,,,,,,,,,,,,,,,,,,,,,,,,,,,,,,,,,,,,,,,,,,,,,,,,,,,,,,1419.5791,1422.7285,3,0,3.1057,,0,20,20,20,1,stimuli_car/Slide58.jpg,1,,,,,,,,,,,,,,,,,,,,,,,,,,
,,,2025-08-11_06h27.25.419,CFMT_CCMT_Face_recognition,2023.2.3,Win32,59.88023952,677e29646b0a2cf5eff174dc,6899c7d7c4c961a016830ad3,6899c9e7ecbddf02cf1e440c,,,,,,,,,,,,,,,,,,,,,,,,,,,,,,,,,,,,,,,,,,,,,,,,,,,,,,,,,,,,,,,,,,,,,,,,,,,,,,,,,,,,,,,,,,,,,,,,1426.6784,1427.1783,,,,,,,,,,,,,,,,,,,,,,,,,,,,,,,,,,,,,,,,,,,,,,,,,,,,,,,1423.2288,1426.6783,1,1,3.3995,,0,21,21,21,1,stimuli_car/Slide59.jpg,1,,,,,,,,,,,,,,,,,,,,,,,,,,
,,,2025-08-11_06h27.25.419,CFMT_CCMT_Face_recognition,2023.2.3,Win32,59.88023952,677e29646b0a2cf5eff174dc,6899c7d7c4c961a016830ad3,6899c9e7ecbddf02cf1e440c,,,,,,,,,,,,,,,,,,,,,,,,,,,,,,,,,,,,,,,,,,,,,,,,,,,,,,,,,,,,,,,,,,,,,,,,,,,,,,,,,,,,,,,,,,,,,,,,1430.845,1431.3449,,,,,,,,,,,,,,,,,,,,,,,,,,,,,,,,,,,,,,,,,,,,,,,,,,,,,,,1427.1789,1430.8449,3,1,3.6171,,0,22,22,22,1,stimuli_car/Slide60.jpg,3,,,,,,,,,,,,,,,,,,,,,,,,,,
,,,2025-08-11_06h27.25.419,CFMT_CCMT_Face_recognition,2023.2.3,Win32,59.88023952,677e29646b0a2cf5eff174dc,6899c7d7c4c961a016830ad3,6899c9e7ecbddf02cf1e440c,,,,,,,,,,,,,,,,,,,,,,,,,,,,,,,,,,,,,,,,,,,,,,,,,,,,,,,,,,,,,,,,,,,,,,,,,,,,,,,,,,,,,,,,,,,,,,,,1437.8282,1438.3282,,,,,,,,,,,,,,,,,,,,,,,,,,,,,,,,,,,,,,,,,,,,,,,,,,,,,,,1431.3457,1437.8281,2,1,6.432,,0,23,23,23,1,stimuli_car/Slide61.jpg,2,,,,,,,,,,,,,,,,,,,,,,,,,,
,,,2025-08-11_06h27.25.419,CFMT_CCMT_Face_recognition,2023.2.3,Win32,59.88023952,677e29646b0a2cf5eff174dc,6899c7d7c4c961a016830ad3,6899c9e7ecbddf02cf1e440c,,,,,,,,,,,,,,,,,,,,,,,,,,,,,,,,,,,,,,,,,,,,,,,,,,,,,,,,,,,,,,,,,,,,,,,,,,,,,,,,,,,,,,,,,,,,,,,,1442.7452,1443.245,,,,,,,,,,,,,,,,,,,,,,,,,,,,,,,,,,,,,,,,,,,,,,,,,,,,,,,1438.3289,1442.7451,2,1,4.3706,,0,24,24,24,1,stimuli_car/Slide62.jpg,2,,,,,,,,,,,,,,,,,,,,,,,,,,
,,,2025-08-11_06h27.25.419,CFMT_CCMT_Face_recognition,2023.2.3,Win32,59.88023952,677e29646b0a2cf5eff174dc,6899c7d7c4c961a016830ad3,6899c9e7ecbddf02cf1e440c,,,,,,,,,,,,,,,,,,,,,,,,,,,,,,,,,,,,,,,,,,,,,,,,,,,,,,,,,,,,,,,,,,,,,,,,,,,,,,,,,,,,,,,,,,,,,,,,1455.0622,1455.5617,,,,,,,,,,,,,,,,,,,,,,,,,,,,,,,,,,,,,,,,,,,,,,,,,,,,,,,1443.2455,1455.062,3,1,11.7693,,0,25,25,25,1,stimuli_car/Slide63.jpg,3,,,,,,,,,,,,,,,,,,,,,,,,,,
,,,2025-08-11_06h27.25.419,CFMT_CCMT_Face_recognition,2023.2.3,Win32,59.88023952,677e29646b0a2cf5eff174dc,6899c7d7c4c961a016830ad3,6899c9e7ecbddf02cf1e440c,,,,,,,,,,,,,,,,,,,,,,,,,,,,,,,,,,,,,,,,,,,,,,,,,,,,,,,,,,,,,,,,,,,,,,,,,,,,,,,,,,,,,,,,,,,,,,,,1463.1784,1463.6784,,,,,,,,,,,,,,,,,,,,,,,,,,,,,,,,,,,,,,,,,,,,,,,,,,,,,,,1455.5627,1463.1784,1,0,7.5648,,0,26,26,26,1,stimuli_car/Slide64.jpg,2,,,,,,,,,,,,,,,,,,,,,,,,,,
,,,2025-08-11_06h27.25.419,CFMT_CCMT_Face_recognition,2023.2.3,Win32,59.88023952,677e29646b0a2cf5eff174dc,6899c7d7c4c961a016830ad3,6899c9e7ecbddf02cf1e440c,,,,,,,,,,,,,,,,,,,,,,,,,,,,,,,,,,,,,,,,,,,,,,,,,,,,,,,,,,,,,,,,,,,,,,,,,,,,,,,,,,,,,,,,,,,,,,,,1469.1123,1469.6118,,,,,,,,,,,,,,,,,,,,,,,,,,,,,,,,,,,,,,,,,,,,,,,,,,,,,,,1463.679,1469.112,1,0,5.3887,,0,27,27,27,1,stimuli_car/Slide65.jpg,2,,,,,,,,,,,,,,,,,,,,,,,,,,
,,,2025-08-11_06h27.25.419,CFMT_CCMT_Face_recognition,2023.2.3,Win32,59.88023952,677e29646b0a2cf5eff174dc,6899c7d7c4c961a016830ad3,6899c9e7ecbddf02cf1e440c,,,,,,,,,,,,,,,,,,,,,,,,,,,,,,,,,,,,,,,,,,,,,,,,,,,,,,,,,,,,,,,,,,,,,,,,,,,,,,,,,,,,,,,,,,,,,,,,1479.5118,1480.0117,,,,,,,,,,,,,,,,,,,,,,,,,,,,,,,,,,,,,,,,,,,,,,,,,,,,,,,1469.6123,1479.5118,1,1,9.8508,,0,28,28,28,1,stimuli_car/Slide66.jpg,1,,,,,,,,,,,,,,,,,,,,,,,,,,
,,,2025-08-11_06h27.25.419,CFMT_CCMT_Face_recognition,2023.2.3,Win32,59.88023952,677e29646b0a2cf5eff174dc,6899c7d7c4c961a016830ad3,6899c9e7ecbddf02cf1e440c,,,,,,,,,,,,,,,,,,,,,,,,,,,,,,,,,,,,,,,,,,,,,,,,,,,,,,,,,,,,,,,,,,,,,,,,,,,,,,,,,,,,,,,,,,,,,,,,1490.2787,1490.7785,,,,,,,,,,,,,,,,,,,,,,,,,,,,,,,,,,,,,,,,,,,,,,,,,,,,,,,1480.0124,1490.2786,2,0,10.2201,,0,29,29,29,1,stimuli_car/Slide67.jpg,1,,,,,,,,,,,,,,,,,,,,,,,,,,
,,,2025-08-11_06h27.25.419,CFMT_CCMT_Face_recognition,2023.2.3,Win32,59.88023952,677e29646b0a2cf5eff174dc,6899c7d7c4c961a016830ad3,6899c9e7ecbddf02cf1e440c,,,,,,,,,,,,,,,,,,,,,,,,,,,,,,,,,,,,,,,,,,,,,,,,,,,,,,,,,,,,,,,,,,,,,,,,,,,,,,,,,,,,,,,,,,,,,,,,1519.1953,1519.6953,,,,,,,,,,,,,,,,,,,,,,,,,,,,,,,,,,,,,,,,,,,,,,,,,,,1490.7793,1510.7786,1510.7788,1511.2786,1511.2913,1519.1952,2,1,7.8348,,0,0,0,0,1,stimuli_car/Slide69.jpg,2,,,,,,,,,,,,,,,,,,,,,,,,,,
,,,2025-08-11_06h27.25.419,CFMT_CCMT_Face_recognition,2023.2.3,Win32,59.88023952,677e29646b0a2cf5eff174dc,6899c7d7c4c961a016830ad3,6899c9e7ecbddf02cf1e440c,,,,,,,,,,,,,,,,,,,,,,,,,,,,,,,,,,,,,,,,,,,,,,,,,,,,,,,,,,,,,,,,,,,,,,,,,,,,,,,,,,,,,,,,,,,,,,,,1522.7456,1523.2451,,,,,,,,,,,,,,,,,,,,,,,,,,,,,,,,,,,,,,,,,,,,,,,,,,,,,,,1519.6959,1522.7455,3,1,2.9782,,0,1,1,1,1,stimuli_car/Slide70.jpg,3,,,,,,,,,,,,,,,,,,,,,,,,,,
,,,2025-08-11_06h27.25.419,CFMT_CCMT_Face_recognition,2023.2.3,Win32,59.88023952,677e29646b0a2cf5eff174dc,6899c7d7c4c961a016830ad3,6899c9e7ecbddf02cf1e440c,,,,,,,,,,,,,,,,,,,,,,,,,,,,,,,,,,,,,,,,,,,,,,,,,,,,,,,,,,,,,,,,,,,,,,,,,,,,,,,,,,,,,,,,,,,,,,,,1527.3788,1527.8788,,,,,,,,,,,,,,,,,,,,,,,,,,,,,,,,,,,,,,,,,,,,,,,,,,,,,,,1523.2456,1527.3787,3,1,4.0719,,0,2,2,2,1,stimuli_car/Slide71.jpg,3,,,,,,,,,,,,,,,,,,,,,,,,,,
,,,2025-08-11_06h27.25.419,CFMT_CCMT_Face_recognition,2023.2.3,Win32,59.88023952,677e29646b0a2cf5eff174dc,6899c7d7c4c961a016830ad3,6899c9e7ecbddf02cf1e440c,,,,,,,,,,,,,,,,,,,,,,,,,,,,,,,,,,,,,,,,,,,,,,,,,,,,,,,,,,,,,,,,,,,,,,,,,,,,,,,,,,,,,,,,,,,,,,,,1531.9452,1532.4452,,,,,,,,,,,,,,,,,,,,,,,,,,,,,,,,,,,,,,,,,,,,,,,,,,,,,,,1527.8795,1531.9451,1,1,3.9963,,0,3,3,3,1,stimuli_car/Slide72.jpg,1,,,,,,,,,,,,,,,,,,,,,,,,,,
,,,2025-08-11_06h27.25.419,CFMT_CCMT_Face_recognition,2023.2.3,Win32,59.88023952,677e29646b0a2cf5eff174dc,6899c7d7c4c961a016830ad3,6899c9e7ecbddf02cf1e440c,,,,,,,,,,,,,,,,,,,,,,,,,,,,,,,,,,,,,,,,,,,,,,,,,,,,,,,,,,,,,,,,,,,,,,,,,,,,,,,,,,,,,,,,,,,,,,,,1536.1455,1536.6456,,,,,,,,,,,,,,,,,,,,,,,,,,,,,,,,,,,,,,,,,,,,,,,,,,,,,,,1532.4458,1536.1454,2,1,3.6379,,0,4,4,4,1,stimuli_car/Slide73.jpg,2,,,,,,,,,,,,,,,,,,,,,,,,,,
,,,2025-08-11_06h27.25.419,CFMT_CCMT_Face_recognition,2023.2.3,Win32,59.88023952,677e29646b0a2cf5eff174dc,6899c7d7c4c961a016830ad3,6899c9e7ecbddf02cf1e440c,,,,,,,,,,,,,,,,,,,,,,,,,,,,,,,,,,,,,,,,,,,,,,,,,,,,,,,,,,,,,,,,,,,,,,,,,,,,,,,,,,,,,,,,,,,,,,,,1541.5288,1542.0286,,,,,,,,,,,,,,,,,,,,,,,,,,,,,,,,,,,,,,,,,,,,,,,,,,,,,,,1536.6463,1541.5287,2,1,4.8123,,0,5,5,5,1,stimuli_car/Slide74.jpg,2,,,,,,,,,,,,,,,,,,,,,,,,,,
,,,2025-08-11_06h27.25.419,CFMT_CCMT_Face_recognition,2023.2.3,Win32,59.88023952,677e29646b0a2cf5eff174dc,6899c7d7c4c961a016830ad3,6899c9e7ecbddf02cf1e440c,,,,,,,,,,,,,,,,,,,,,,,,,,,,,,,,,,,,,,,,,,,,,,,,,,,,,,,,,,,,,,,,,,,,,,,,,,,,,,,,,,,,,,,,,,,,,,,,1545.0454,1545.5454,,,,,,,,,,,,,,,,,,,,,,,,,,,,,,,,,,,,,,,,,,,,,,,,,,,,,,,1542.0296,1545.0453,1,1,2.9532,,0,6,6,6,1,stimuli_car/Slide75.jpg,1,,,,,,,,,,,,,,,,,,,,,,,,,,
,,,2025-08-11_06h27.25.419,CFMT_CCMT_Face_recognition,2023.2.3,Win32,59.88023952,677e29646b0a2cf5eff174dc,6899c7d7c4c961a016830ad3,6899c9e7ecbddf02cf1e440c,,,,,,,,,,,,,,,,,,,,,,,,,,,,,,,,,,,,,,,,,,,,,,,,,,,,,,,,,,,,,,,,,,,,,,,,,,,,,,,,,,,,,,,,,,,,,,,,1549.9787,1550.4789,,,,,,,,,,,,,,,,,,,,,,,,,,,,,,,,,,,,,,,,,,,,,,,,,,,,,,,1545.5461,1549.9786,1,1,4.3717,,0,7,7,7,1,stimuli_car/Slide76.jpg,1,,,,,,,,,,,,,,,,,,,,,,,,,,
,,,2025-08-11_06h27.25.419,CFMT_CCMT_Face_recognition,2023.2.3,Win32,59.88023952,677e29646b0a2cf5eff174dc,6899c7d7c4c961a016830ad3,6899c9e7ecbddf02cf1e440c,,,,,,,,,,,,,,,,,,,,,,,,,,,,,,,,,,,,,,,,,,,,,,,,,,,,,,,,,,,,,,,,,,,,,,,,,,,,,,,,,,,,,,,,,,,,,,,,1554.2453,1554.7453,,,,,,,,,,,,,,,,,,,,,,,,,,,,,,,,,,,,,,,,,,,,,,,,,,,,,,,1550.4799,1554.2452,2,1,3.6846,,0,8,8,8,1,stimuli_car/Slide77.jpg,2,,,,,,,,,,,,,,,,,,,,,,,,,,
,,,2025-08-11_06h27.25.419,CFMT_CCMT_Face_recognition,2023.2.3,Win32,59.88023952,677e29646b0a2cf5eff174dc,6899c7d7c4c961a016830ad3,6899c9e7ecbddf02cf1e440c,,,,,,,,,,,,,,,,,,,,,,,,,,,,,,,,,,,,,,,,,,,,,,,,,,,,,,,,,,,,,,,,,,,,,,,,,,,,,,,,,,,,,,,,,,,,,,,,1559.6449,1560.1452,,,,,,,,,,,,,,,,,,,,,,,,,,,,,,,,,,,,,,,,,,,,,,,,,,,,,,,1554.7459,1559.6448,1,1,4.848,,0,9,9,9,1,stimuli_car/Slide78.jpg,1,,,,,,,,,,,,,,,,,,,,,,,,,,
,,,2025-08-11_06h27.25.419,CFMT_CCMT_Face_recognition,2023.2.3,Win32,59.88023952,677e29646b0a2cf5eff174dc,6899c7d7c4c961a016830ad3,6899c9e7ecbddf02cf1e440c,,,,,,,,,,,,,,,,,,,,,,,,,,,,,,,,,,,,,,,,,,,,,,,,,,,,,,,,,,,,,,,,,,,,,,,,,,,,,,,,,,,,,,,,,,,,,,,,1564.4835,1564.9789,,,,,,,,,,,,,,,,,,,,,,,,,,,,,,,,,,,,,,,,,,,,,,,,,,,,,,,1560.1459,1564.4835,1,1,4.3123,,0,10,10,10,1,stimuli_car/Slide79.jpg,1,,,,,,,,,,,,,,,,,,,,,,,,,,
,,,2025-08-11_06h27.25.419,CFMT_CCMT_Face_recognition,2023.2.3,Win32,59.88023952,677e29646b0a2cf5eff174dc,6899c7d7c4c961a016830ad3,6899c9e7ecbddf02cf1e440c,,,,,,,,,,,,,,,,,,,,,,,,,,,,,,,,,,,,,,,,,,,,,,,,,,,,,,,,,,,,,,,,,,,,,,,,,,,,,,,,,,,,,,,,,,,,,,,,1568.6285,1569.1287,,,,,,,,,,,,,,,,,,,,,,,,,,,,,,,,,,,,,,,,,,,,,,,,,,,,,,,1564.9796,1568.6285,3,1,3.5962,,0,11,11,11,1,stimuli_car/Slide80.jpg,3,,,,,,,,,,,,,,,,,,,,,,,,,,
,,,2025-08-11_06h27.25.419,CFMT_CCMT_Face_recognition,2023.2.3,Win32,59.88023952,677e29646b0a2cf5eff174dc,6899c7d7c4c961a016830ad3,6899c9e7ecbddf02cf1e440c,,,,,,,,,,,,,,,,,,,,,,,,,,,,,,,,,,,,,,,,,,,,,,,,,,,,,,,,,,,,,,,,,,,,,,,,,,,,,,,,,,,,,,,,,,,,,,,,1573.7124,1574.2123,,,,,,,,,,,,,,,,,,,,,,,,,,,,,,,,,,,,,,,,,,,,,,,,,,,,,,,1569.1292,1573.7123,2,1,4.5183,,0,12,12,12,1,stimuli_car/Slide81.jpg,2,,,,,,,,,,,,,,,,,,,,,,,,,,
,,,2025-08-11_06h27.25.419,CFMT_CCMT_Face_recognition,2023.2.3,Win32,59.88023952,677e29646b0a2cf5eff174dc,6899c7d7c4c961a016830ad3,6899c9e7ecbddf02cf1e440c,,,,,,,,,,,,,,,,,,,,,,,,,,,,,,,,,,,,,,,,,,,,,,,,,,,,,,,,,,,,,,,,,,,,,,,,,,,,,,,,,,,,,,,,,,,,,,,,1580.6457,1581.1454,,,,,,,,,,,,,,,,,,,,,,,,,,,,,,,,,,,,,,,,,,,,,,,,,,,,,,,1574.2134,1580.6456,3,1,6.3641,,0,13,13,13,1,stimuli_car/Slide82.jpg,3,,,,,,,,,,,,,,,,,,,,,,,,,,
,,,2025-08-11_06h27.25.419,CFMT_CCMT_Face_recognition,2023.2.3,Win32,59.88023952,677e29646b0a2cf5eff174dc,6899c7d7c4c961a016830ad3,6899c9e7ecbddf02cf1e440c,,,,,,,,,,,,,,,,,,,,,,,,,,,,,,,,,,,,,,,,,,,,,,,,,,,,,,,,,,,,,,,,,,,,,,,,,,,,,,,,,,,,,,,,,,,,,,,,1585.097,1585.5956,,,,,,,,,,,,,,,,,,,,,,,,,,,,,,,,,,,,,,,,,,,,,,,,,,,,,,,1581.1461,1585.0969,3,1,3.8909,,0,14,14,14,1,stimuli_car/Slide83.jpg,3,,,,,,,,,,,,,,,,,,,,,,,,,,
,,,2025-08-11_06h27.25.419,CFMT_CCMT_Face_recognition,2023.2.3,Win32,59.88023952,677e29646b0a2cf5eff174dc,6899c7d7c4c961a016830ad3,6899c9e7ecbddf02cf1e440c,,,,,,,,,,,,,,,,,,,,,,,,,,,,,,,,,,,,,,,,,,,,,,,,,,,,,,,,,,,,,,,,,,,,,,,,,,,,,,,,,,,,,,,,,,,,,,,,1588.7122,1589.2123,,,,,,,,,,,,,,,,,,,,,,,,,,,,,,,,,,,,,,,,,,,,,,,,,,,,,,,1585.5964,1588.7121,2,1,3.0444,,0,15,15,15,1,stimuli_car/Slide84.jpg,2,,,,,,,,,,,,,,,,,,,,,,,,,,
,,,2025-08-11_06h27.25.419,CFMT_CCMT_Face_recognition,2023.2.3,Win32,59.88023952,677e29646b0a2cf5eff174dc,6899c7d7c4c961a016830ad3,6899c9e7ecbddf02cf1e440c,,,,,,,,,,,,,,,,,,,,,,,,,,,,,,,,,,,,,,,,,,,,,,,,,,,,,,,,,,,,,,,,,,,,,,,,,,,,,,,,,,,,,,,,,,,,,,,,1594.3627,1594.8625,,,,,,,,,,,,,,,,,,,,,,,,,,,,,,,,,,,,,,,,,,,,,,,,,,,,,,,1589.213,1594.3625,2,1,5.0835,,0,16,16,16,1,stimuli_car/Slide85.jpg,2,,,,,,,,,,,,,,,,,,,,,,,,,,
,,,2025-08-11_06h27.25.419,CFMT_CCMT_Face_recognition,2023.2.3,Win32,59.88023952,677e29646b0a2cf5eff174dc,6899c7d7c4c961a016830ad3,6899c9e7ecbddf02cf1e440c,,,,,,,,,,,,,,,,,,,,,,,,,,,,,,,,,,,,,,,,,,,,,,,,,,,,,,,,,,,,,,,,,,,,,,,,,,,,,,,,,,,,,,,,,,,,,,,,1597.8789,1598.3789,,,,,,,,,,,,,,,,,,,,,,,,,,,,,,,,,,,,,,,,,,,,,,,,,,,,,,,1594.8631,1597.8788,2,1,2.9521,,0,17,17,17,1,stimuli_car/Slide86.jpg,2,,,,,,,,,,,,,,,,,,,,,,,,,,
,,,2025-08-11_06h27.25.419,CFMT_CCMT_Face_recognition,2023.2.3,Win32,59.88023952,677e29646b0a2cf5eff174dc,6899c7d7c4c961a016830ad3,6899c9e7ecbddf02cf1e440c,,,,,,,,,,,,,,,,,,,,,,,,,,,,,,,,,,,,,,,,,,,,,,,,,,,,,,,,,,,,,,,,,,,,,,,,,,,,,,,,,,,,,,,,,,,,,,,,1602.8957,1603.3956,,,,,,,,,,,,,,,,,,,,,,,,,,,,,,,,,,,,,,,,,,,,,,,,,,,,,,,1598.3796,1602.8956,2,1,4.4436,,0,18,18,18,1,stimuli_car/Slide87.jpg,2,,,,,,,,,,,,,,,,,,,,,,,,,,
,,,2025-08-11_06h27.25.419,CFMT_CCMT_Face_recognition,2023.2.3,Win32,59.88023952,677e29646b0a2cf5eff174dc,6899c7d7c4c961a016830ad3,6899c9e7ecbddf02cf1e440c,,,,,,,,,,,,,,,,,,,,,,,,,,,,,,,,,,,,,,,,,,,,,,,,,,,,,,,,,,,,,,,,,,,,,,,,,,,,,,,,,,,,,,,,,,,,,,,,1607.9456,1608.4455,,,,,,,,,,,,,,,,,,,,,,,,,,,,,,,,,,,,,,,,,,,,,,,,,,,,,,,1603.3965,1607.9455,2,1,4.4859,,0,19,19,19,1,stimuli_car/Slide88.jpg,2,,,,,,,,,,,,,,,,,,,,,,,,,,
,,,2025-08-11_06h27.25.419,CFMT_CCMT_Face_recognition,2023.2.3,Win32,59.88023952,677e29646b0a2cf5eff174dc,6899c7d7c4c961a016830ad3,6899c9e7ecbddf02cf1e440c,,,,,,,,,,,,,,,,,,,,,,,,,,,,,,,,,,,,,,,,,,,,,,,,,,,,,,,,,,,,,,,,,,,,,,,,,,,,,,,,,,,,,,,,,,,,,,,,1611.9624,1612.4622,,,,,,,,,,,,,,,,,,,,,,,,,,,,,,,,,,,,,,,,,,,,,,,,,,,,,,,1608.4464,1611.9623,3,1,3.4184,,0,20,20,20,1,stimuli_car/Slide89.jpg,3,,,,,,,,,,,,,,,,,,,,,,,,,,
,,,2025-08-11_06h27.25.419,CFMT_CCMT_Face_recognition,2023.2.3,Win32,59.88023952,677e29646b0a2cf5eff174dc,6899c7d7c4c961a016830ad3,6899c9e7ecbddf02cf1e440c,,,,,,,,,,,,,,,,,,,,,,,,,,,,,,,,,,,,,,,,,,,,,,,,,,,,,,,,,,,,,,,,,,,,,,,,,,,,,,,,,,,,,,,,,,,,,,,,1615.8456,1616.3455,,,,,,,,,,,,,,,,,,,,,,,,,,,,,,,,,,,,,,,,,,,,,,,,,,,,,,,1612.4629,1615.8455,3,1,3.3206,,0,21,21,21,1,stimuli_car/Slide90.jpg,3,,,,,,,,,,,,,,,,,,,,,,,,,,
,,,2025-08-11_06h27.25.419,CFMT_CCMT_Face_recognition,2023.2.3,Win32,59.88023952,677e29646b0a2cf5eff174dc,6899c7d7c4c961a016830ad3,6899c9e7ecbddf02cf1e440c,,,,,,,,,,,,,,,,,,,,,,,,,,,,,,,,,,,,,,,,,,,,,,,,,,,,,,,,,,,,,,,,,,,,,,,,,,,,,,,,,,,,,,,,,,,,,,,,1620.8956,1621.3956,,,,,,,,,,,,,,,,,,,,,,,,,,,,,,,,,,,,,,,,,,,,,,,,,,,,,,,1616.346,1620.8956,3,0,4.4852,,0,22,22,22,1,stimuli_car/Slide91.jpg,1,,,,,,,,,,,,,,,,,,,,,,,,,,
,,,2025-08-11_06h27.25.419,CFMT_CCMT_Face_recognition,2023.2.3,Win32,59.88023952,677e29646b0a2cf5eff174dc,6899c7d7c4c961a016830ad3,6899c9e7ecbddf02cf1e440c,,,,,,,,,,,,,,,,,,,,,,,,,,,,,,,,,,,,,,,,,,,,,,,,,,,,,,,,,,,,,,,,,,,,,,,,,,,,,,,,,,,,,,,,,,,,,,,,1624.9955,1625.4954,,,,,,,,,,,,,,,,,,,,,,,,,,,,,,,,,,,,,,,,,,,,,,,,,,,,,,,1621.3963,1624.9955,3,1,3.5378,,0,23,23,23,1,stimuli_car/Slide92.jpg,3,,,,,,,,,,,,,,,,,,,,,,,,,,
,,,2025-08-11_06h27.25.419,CFMT_CCMT_Face_recognition,2023.2.3,Win32,59.88023952,677e29646b0a2cf5eff174dc,6899c7d7c4c961a016830ad3,6899c9e7ecbddf02cf1e440c,,,,,,,,,,,,,,,,,,,,,,,,,,,,,,,,,,,,,,,,,,,,,,,,,,,,,,,,,,,,,,,,,,,,,,,,,,,,,,,,,,,,,,,,,,,,,,,,,,,,,,,,,,,,,,,,,,,,,,,,,,,,,,,,,,,,,,,,,,,,,,,,,,,,,,,,,,,,,,,,,,,,,1625.4956,1625.4961,0,1,1,1,1,conditionsFile_cars/conditionFiles_car.xlsx,Cambridge Car Memory Test,Memorize the car in the next three images.,conditionsFile_cars/Prac_learn.xlsx,conditionsFile_cars/Prac_rec.xlsx,"Which car did you just view? There is only one correct answer. Press 1,2 or 3","In this test, you will learn to recognize six cars.",Memorize the following car.,Which car did you just view?,Next you will review the same 6 cars for 20 seconds.,Review the cars (20 seconds),stimuli_car/review.jpg,Now your memory of these cars will be tested.,"In the remaining trials, the correct answer can be any of the six cars.","The incorrect cars are sometimes very similar to the target cars, so be sure to look at each car prior answering.",conditionsFile_cars/conditionsfile_rec_car.xlsx,"To begin memorizing the first car, press the ""space bar"".",,
,,,2025-08-11_06h27.25.419,CFMT_CCMT_Face_recognition,2023.2.3,Win32,59.88023952,677e29646b0a2cf5eff174dc,6899c7d7c4c961a016830ad3,6899c9e7ecbddf02cf1e440c,,,,,,,,,,,,,,,,,,,,,,,,,,,,,,,,,,,,,,,,,,,,,,,,,,,,,,,,,,,,,,,,,,,,,,,,,,,,,,,,,,,,,,,,,,,,,,,,,,,,,,,,,,,,,,,,,,,,,,,,,,,,,,,,,,,,,,,,,,,,,,,,,,,,,,,,,,,,,,,,,,,,,,,,,,,,,,,,,,,,,,,,,,,,,1625.4972,1630.4959