Wait.started,Wait.stopped,,date,expName,psychopyVersion,OS,frameRate,participant,study_id,session,Study_information_1.started,Study_information_1.stopped,key_resp_14.keys,key_resp_14.rt,key_resp_14.duration,Study_information_2.started,Study_information_2.stopped,key_resp_17.keys,key_resp_17.rt,key_resp_17.duration,Study_information_3.started,Study_information_3.stopped,key_resp_15.keys,key_resp_15.rt,key_resp_15.duration,Consent.started,Consent.stopped,key_resp_16.keys,key_resp_16.rt,key_resp_16.duration,Face_recognition_task.started,Face_recognition_task.stopped,key_resp_18.keys,key_resp_18.rt,key_resp_18.duration,Instructions_task.started,Instructions_task.stopped,key_resp_19.keys,key_resp_19.rt,key_resp_19.duration,Instructions_fam_1.started,Instructions_fam_1.stopped,key_resp_3.keys,key_resp_3.rt,key_resp_3.duration,Instructions_fam_2.started,Instructions_fam_2.stopped,key_resp_2.keys,key_resp_2.rt,key_resp_2.duration,Instructions_fam_3.started,Instructions_fam_3.stopped,key_resp.keys,key_resp.rt,key_resp.duration,fix_cross.started,fixation_duration,fix_cross.stopped,familiarisation_trial.started,familiarisation_trial.stopped,view_image.started,view_image.stopped,image_loop.thisRepN,image_loop.thisTrialN,image_loop.thisN,image_loop.thisIndex,image_loop.ran,catch_trial.started,catch_trial.stopped,key_resp_catch.keys,key_resp_catch.corr,key_resp_catch.rt,key_resp_catch.duration,Thanks_1.started,Thanks_1.stopped,Break.started,Break.stopped,Instructions_recognition_1.started,Instructions_recognition_1.stopped,Instructions_recognition_2.started,Instructions_recognition_2.stopped,rec_trial.started,rec_trial.stopped,response_recog.keys,response_recog.corr,response_recog.rt,response_recog.duration,recognition_loop.thisRepN,recognition_loop.thisTrialN,recognition_loop.thisN,recognition_loop.thisIndex,recognition_loop.ran,Break_recognition.started,Break_recognition.stopped,key_resp_7.keys,key_resp_7.rt,key_resp_7.duration,Next_test.started,Next_test.stopped,Instructions_CFMT_1.started,Instructions_CFMT_1.stopped,Instructions_CFMT_Practice.started,Instructions_CFMT_Practice.stopped,Practice_learn.started,Practice_learn.stopped,ITI.started,ITI.stopped,trials_prac_learn.thisRepN,trials_prac_learn.thisTrialN,trials_prac_learn.thisN,trials_prac_learn.thisIndex,trials_prac_learn.ran,stim_prac,Practice_rec.started,Practice_rec.stopped,key_resp_4.keys,key_resp_4.corr,key_resp_4.rt,key_resp_4.duration,trials_prac_rec.thisRepN,trials_prac_rec.thisTrialN,trials_prac_rec.thisN,trials_prac_rec.thisIndex,trials_prac_rec.ran,stim_prac_rec,corr_answ_prac,Instructions_CFMT_Experiment.started,Instructions_CFMT_Experiment.stopped,Next_face.started,Next_face.stopped,Exp_learn.started,Exp_learn.stopped,trials_learn_exp.thisRepN,trials_learn_exp.thisTrialN,trials_learn_exp.thisN,trials_learn_exp.thisIndex,trials_learn_exp.ran,learn_exp,rec_exp,corr_answ_rec,Exp_rec.started,Exp_rec.stopped,key_resp_9.keys,key_resp_9.corr,key_resp_9.rt,key_resp_9.duration,trials_rec_exp.thisRepN,trials_rec_exp.thisTrialN,trials_rec_exp.thisN,trials_rec_exp.thisIndex,trials_rec_exp.ran,Instructions_CFMT_Experiment_2.started,Instructions_CFMT_Experiment_2.stopped,Review_image.started,Review_image.stopped,Instructions_CFMT_Experiment_3.started,Instructions_CFMT_Experiment_3.stopped,Review_image_skipp.started,Review_image_skipp.stopped,ITI_skipp.started,ITI_skipp.stopped,recognition_2.started,recognition_2.stopped,key_resp_12.keys,key_resp_12.corr,key_resp_12.rt,key_resp_12.duration,trials_rec_CMFT.thisRepN,trials_rec_CMFT.thisTrialN,trials_rec_CMFT.thisN,trials_rec_CMFT.thisIndex,trials_rec_CMFT.ran,image_face,corr_answ,Next_test_2.started,Next_test_2.stopped,experiment_loop.thisRepN,experiment_loop.thisTrialN,experiment_loop.thisN,experiment_loop.thisIndex,experiment_loop.ran,experiment_block,Title,Instructions_1,Prac_learn_stim,Prac_rec_stim,Instructions_2,Instructions_3,Next_Stim,Instructions_4,Instructions_5,Instructions_review,Review_image_stim,Instructions_6,Instructions_7,Instructions_8,conditions_rec,Instructions_9,End_experiment.started,End_experiment.stopped
0.0049,0.0051,,2025-08-11_11h42.11.709,CFMT_CCMT_Face_recognition,03.02.2023,Win32,60.97560976,5ef07f0ba383185b3570273e,6899c7d7c4c961a016830ad3,6899c8bcaa3d34798c7a769e,,,,,,,,,,,,,,,,,,,,,,,,,,,,,,,,,,,,,,,,,,,,,,,,,,,,,,,,,,,,,,,,,,,,,,,,,,,,,,,,,,,,,,,,,,,,,,,,,,,,,,,,,,,,,,,,,,,,,,,,,,,,,,,,,,,,,,,,,,,,,,,,,,,,,,,,,,,,,,,,,,,,,,,,,,,,,,,,,,,,,,,,,,,,,,
,,,2025-08-11_11h42.11.709,CFMT_CCMT_Face_recognition,03.02.2023,Win32,60.97560976,5ef07f0ba383185b3570273e,6899c7d7c4c961a016830ad3,6899c8bcaa3d34798c7a769e,0.0052,3.8989,space,3.8747,,,,,,,,,,,,,,,,,,,,,,,,,,,,,,,,,,,,,,,,,,,,,,,,,,,,,,,,,,,,,,,,,,,,,,,,,,,,,,,,,,,,,,,,,,,,,,,,,,,,,,,,,,,,,,,,,,,,,,,,,,,,,,,,,,,,,,,,,,,,,,,,,,,,,,,,,,,,,,,,,,,,,,,,,,,,,,,,,,,,,,,,,,
,,,2025-08-11_11h42.11.709,CFMT_CCMT_Face_recognition,03.02.2023,Win32,60.97560976,5ef07f0ba383185b3570273e,6899c7d7c4c961a016830ad3,6899c8bcaa3d34798c7a769e,,,,,,3.8991,13.7481,space,9.8069,,,,,,,,,,,,,,,,,,,,,,,,,,,,,,,,,,,,,,,,,,,,,,,,,,,,,,,,,,,,,,,,,,,,,,,,,,,,,,,,,,,,,,,,,,,,,,,,,,,,,,,,,,,,,,,,,,,,,,,,,,,,,,,,,,,,,,,,,,,,,,,,,,,,,,,,,,,,,,,,,,,,,,,,,,,,,,,,,,,,,
,,,2025-08-11_11h42.11.709,CFMT_CCMT_Face_recognition,03.02.2023,Win32,60.97560976,5ef07f0ba383185b3570273e,6899c7d7c4c961a016830ad3,6899c8bcaa3d34798c7a769e,,,,,,,,,,,13.7481,18.2647,space,4.5008,,,,,,,,,,,,,,,,,,,,,,,,,,,,,,,,,,,,,,,,,,,,,,,,,,,,,,,,,,,,,,,,,,,,,,,,,,,,,,,,,,,,,,,,,,,,,,,,,,,,,,,,,,,,,,,,,,,,,,,,,,,,,,,,,,,,,,,,,,,,,,,,,,,,,,,,,,,,,,,,,,,,,,,,,,,,,,,,
,,,2025-08-11_11h42.11.709,CFMT_CCMT_Face_recognition,03.02.2023,Win32,60.97560976,5ef07f0ba383185b3570273e,6899c7d7c4c961a016830ad3,6899c8bcaa3d34798c7a769e,,,,,,,,,,,,,,,,18.2649,20.5986,space,2.3047,,,,,,,,,,,,,,,,,,,,,,,,,,,,,,,,,,,,,,,,,,,,,,,,,,,,,,,,,,,,,,,,,,,,,,,,,,,,,,,,,,,,,,,,,,,,,,,,,,,,,,,,,,,,,,,,,,,,,,,,,,,,,,,,,,,,,,,,,,,,,,,,,,,,,,,,,,,,,,,,,,,,,,,,,,,
,,,2025-08-11_11h42.11.709,CFMT_CCMT_Face_recognition,03.02.2023,Win32,60.97560976,5ef07f0ba383185b3570273e,6899c7d7c4c961a016830ad3,6899c8bcaa3d34798c7a769e,,,,,,,,,,,,,,,,,,,,,20.599,21.7991,space,1.1678,,,,,,,,,,,,,,,,,,,,,,,,,,,,,,,,,,,,,,,,,,,,,,,,,,,,,,,,,,,,,,,,,,,,,,,,,,,,,,,,,,,,,,,,,,,,,,,,,,,,,,,,,,,,,,,,,,,,,,,,,,,,,,,,,,,,,,,,,,,,,,,,,,,,,,,,,,,,,,,,,,,,,,
,,,2025-08-11_11h42.11.709,CFMT_CCMT_Face_recognition,03.02.2023,Win32,60.97560976,5ef07f0ba383185b3570273e,6899c7d7c4c961a016830ad3,6899c8bcaa3d34798c7a769e,,,,,,,,,,,,,,,,,,,,,,,,,,21.7993,24.2823,space,2.4595,,,,,,,,,,,,,,,,,,,,,,,,,,,,,,,,,,,,,,,,,,,,,,,,,,,,,,,,,,,,,,,,,,,,,,,,,,,,,,,,,,,,,,,,,,,,,,,,,,,,,,,,,,,,,,,,,,,,,,,,,,,,,,,,,,,,,,,,,,,,,,,,,,,,,,,,,,,,,,,,,
,,,2025-08-11_11h42.11.709,CFMT_CCMT_Face_recognition,03.02.2023,Win32,60.97560976,5ef07f0ba383185b3570273e,6899c7d7c4c961a016830ad3,6899c8bcaa3d34798c7a769e,,,,,,,,,,,,,,,,,,,,,,,,,,,,,,,24.2827,27.9484,space,3.6465,,,,,,,,,,,,,,,,,,,,,,,,,,,,,,,,,,,,,,,,,,,,,,,,,,,,,,,,,,,,,,,,,,,,,,,,,,,,,,,,,,,,,,,,,,,,,,,,,,,,,,,,,,,,,,,,,,,,,,,,,,,,,,,,,,,,,,,,,,,,,,,,,,,,,,,,,,,,
,,,2025-08-11_11h42.11.709,CFMT_CCMT_Face_recognition,03.02.2023,Win32,60.97560976,5ef07f0ba383185b3570273e,6899c7d7c4c961a016830ad3,6899c8bcaa3d34798c7a769e,,,,,,,,,,,,,,,,,,,,,,,,,,,,,,,,,,,,27.9491,30.2318,space,2.2713,,,,,,,,,,,,,,,,,,,,,,,,,,,,,,,,,,,,,,,,,,,,,,,,,,,,,,,,,,,,,,,,,,,,,,,,,,,,,,,,,,,,,,,,,,,,,,,,,,,,,,,,,,,,,,,,,,,,,,,,,,,,,,,,,,,,,,,,,,,,,,,,,,,,,,,
,,,2025-08-11_11h42.11.709,CFMT_CCMT_Face_recognition,03.02.2023,Win32,60.97560976,5ef07f0ba383185b3570273e,6899c7d7c4c961a016830ad3,6899c8bcaa3d34798c7a769e,,,,,,,,,,,,,,,,,,,,,,,,,,,,,,,,,,,,,,,,,30.2321,32.2821,space,2.0367,,,,,,,,,,,,,,,,,,,,,,,,,,,,,,,,,,,,,,,,,,,,,,,,,,,,,,,,,,,,,,,,,,,,,,,,,,,,,,,,,,,,,,,,,,,,,,,,,,,,,,,,,,,,,,,,,,,,,,,,,,,,,,,,,,,,,,,,,,,,,,,,,,
,,,2025-08-11_11h42.11.709,CFMT_CCMT_Face_recognition,03.02.2023,Win32,60.97560976,5ef07f0ba383185b3570273e,6899c7d7c4c961a016830ad3,6899c8bcaa3d34798c7a769e,,,,,,,,,,,,,,,,,,,,,,,,,,,,,,,,,,,,,,,,,,,,,,32.285,2.351132824,34.6325,34.6329,34.6333,34.6348,35.3823,0,0,0,0,1,,,,,,,,,,,,,,,,,,,,,,,,,,,,,,,,,,,,,,,,,,,,,,,,,,,,,,,,,,,,,,,,,,,,,,,,,,,,,,,,,,,,,,,,,,,,,,,,,,,,,,,,,,,,,,,,,,,,,,,,,,,,,,,,,,,,,
,,,2025-08-11_11h42.11.709,CFMT_CCMT_Face_recognition,03.02.2023,Win32,60.97560976,5ef07f0ba383185b3570273e,6899c7d7c4c961a016830ad3,6899c8bcaa3d34798c7a769e,,,,,,,,,,,,,,,,,,,,,,,,,,,,,,,,,,,,,,,,,,,,,,,,,,,35.3829,36.1318,1,0,1,0,1,,,,,,,,,,,,,,,,,,,,,,,,,,,,,,,,,,,,,,,,,,,,,,,,,,,,,,,,,,,,,,,,,,,,,,,,,,,,,,,,,,,,,,,,,,,,,,,,,,,,,,,,,,,,,,,,,,,,,,,,,,,,,,,,,,,,,
,,,2025-08-11_11h42.11.709,CFMT_CCMT_Face_recognition,03.02.2023,Win32,60.97560976,5ef07f0ba383185b3570273e,6899c7d7c4c961a016830ad3,6899c8bcaa3d34798c7a769e,,,,,,,,,,,,,,,,,,,,,,,,,,,,,,,,,,,,,,,,,,,,,,,,,,,36.1324,36.8817,2,0,2,0,1,,,,,,,,,,,,,,,,,,,,,,,,,,,,,,,,,,,,,,,,,,,,,,,,,,,,,,,,,,,,,,,,,,,,,,,,,,,,,,,,,,,,,,,,,,,,,,,,,,,,,,,,,,,,,,,,,,,,,,,,,,,,,,,,,,,,,
,,,2025-08-11_11h42.11.709,CFMT_CCMT_Face_recognition,03.02.2023,Win32,60.97560976,5ef07f0ba383185b3570273e,6899c7d7c4c961a016830ad3,6899c8bcaa3d34798c7a769e,,,,,,,,,,,,,,,,,,,,,,,,,,,,,,,,,,,,,,,,,,,,,,,,,,,36.8822,37.6317,3,0,3,0,1,,,,,,,,,,,,,,,,,,,,,,,,,,,,,,,,,,,,,,,,,,,,,,,,,,,,,,,,,,,,,,,,,,,,,,,,,,,,,,,,,,,,,,,,,,,,,,,,,,,,,,,,,,,,,,,,,,,,,,,,,,,,,,,,,,,,,
,,,2025-08-11_11h42.11.709,CFMT_CCMT_Face_recognition,03.02.2023,Win32,60.97560976,5ef07f0ba383185b3570273e,6899c7d7c4c961a016830ad3,6899c8bcaa3d34798c7a769e,,,,,,,,,,,,,,,,,,,,,,,,,,,,,,,,,,,,,,,,,,,,,,,,,,,37.6323,38.3821,4,0,4,0,1,,,,,,,,,,,,,,,,,,,,,,,,,,,,,,,,,,,,,,,,,,,,,,,,,,,,,,,,,,,,,,,,,,,,,,,,,,,,,,,,,,,,,,,,,,,,,,,,,,,,,,,,,,,,,,,,,,,,,,,,,,,,,,,,,,,,,
,,,2025-08-11_11h42.11.709,CFMT_CCMT_Face_recognition,03.02.2023,Win32,60.97560976,5ef07f0ba383185b3570273e,6899c7d7c4c961a016830ad3,6899c8bcaa3d34798c7a769e,,,,,,,,,,,,,,,,,,,,,,,,,,,,,,,,,,,,,,,,,,,,,,,,,,,38.3826,39.1319,5,0,5,0,1,,,,,,,,,,,,,,,,,,,,,,,,,,,,,,,,,,,,,,,,,,,,,,,,,,,,,,,,,,,,,,,,,,,,,,,,,,,,,,,,,,,,,,,,,,,,,,,,,,,,,,,,,,,,,,,,,,,,,,,,,,,,,,,,,,,,,
,,,2025-08-11_11h42.11.709,CFMT_CCMT_Face_recognition,03.02.2023,Win32,60.97560976,5ef07f0ba383185b3570273e,6899c7d7c4c961a016830ad3,6899c8bcaa3d34798c7a769e,,,,,,,,,,,,,,,,,,,,,,,,,,,,,,,,,,,,,,,,,,,,,,39.137,2.279124795,41.4147,41.4147,41.4147,41.4154,42.1653,0,0,0,0,1,39.1324,39.1367,,0,,,,,,,,,,,,,,,,,,,,,,,,,,,,,,,,,,,,,,,,,,,,,,,,,,,,,,,,,,,,,,,,,,,,,,,,,,,,,,,,,,,,,,,,,,,,,,,,,,,,,,,,,,,,,,,,,,,,,,,,,,,,,,,,,
,,,2025-08-11_11h42.11.709,CFMT_CCMT_Face_recognition,03.02.2023,Win32,60.97560976,5ef07f0ba383185b3570273e,6899c7d7c4c961a016830ad3,6899c8bcaa3d34798c7a769e,,,,,,,,,,,,,,,,,,,,,,,,,,,,,,,,,,,,,,,,,,,,,,,,,,,42.1657,42.9155,1,0,1,0,1,,,,,,,,,,,,,,,,,,,,,,,,,,,,,,,,,,,,,,,,,,,,,,,,,,,,,,,,,,,,,,,,,,,,,,,,,,,,,,,,,,,,,,,,,,,,,,,,,,,,,,,,,,,,,,,,,,,,,,,,,,,,,,,,,,,,,
,,,2025-08-11_11h42.11.709,CFMT_CCMT_Face_recognition,03.02.2023,Win32,60.97560976,5ef07f0ba383185b3570273e,6899c7d7c4c961a016830ad3,6899c8bcaa3d34798c7a769e,,,,,,,,,,,,,,,,,,,,,,,,,,,,,,,,,,,,,,,,,,,,,,,,,,,42.9159,43.6653,2,0,2,0,1,,,,,,,,,,,,,,,,,,,,,,,,,,,,,,,,,,,,,,,,,,,,,,,,,,,,,,,,,,,,,,,,,,,,,,,,,,,,,,,,,,,,,,,,,,,,,,,,,,,,,,,,,,,,,,,,,,,,,,,,,,,,,,,,,,,,,
,,,2025-08-11_11h42.11.709,CFMT_CCMT_Face_recognition,03.02.2023,Win32,60.97560976,5ef07f0ba383185b3570273e,6899c7d7c4c961a016830ad3,6899c8bcaa3d34798c7a769e,,,,,,,,,,,,,,,,,,,,,,,,,,,,,,,,,,,,,,,,,,,,,,,,,,,43.6656,44.4151,3,0,3,0,1,,,,,,,,,,,,,,,,,,,,,,,,,,,,,,,,,,,,,,,,,,,,,,,,,,,,,,,,,,,,,,,,,,,,,,,,,,,,,,,,,,,,,,,,,,,,,,,,,,,,,,,,,,,,,,,,,,,,,,,,,,,,,,,,,,,,,
,,,2025-08-11_11h42.11.709,CFMT_CCMT_Face_recognition,03.02.2023,Win32,60.97560976,5ef07f0ba383185b3570273e,6899c7d7c4c961a016830ad3,6899c8bcaa3d34798c7a769e,,,,,,,,,,,,,,,,,,,,,,,,,,,,,,,,,,,,,,,,,,,,,,,,,,,44.4156,45.1653,4,0,4,0,1,,,,,,,,,,,,,,,,,,,,,,,,,,,,,,,,,,,,,,,,,,,,,,,,,,,,,,,,,,,,,,,,,,,,,,,,,,,,,,,,,,,,,,,,,,,,,,,,,,,,,,,,,,,,,,,,,,,,,,,,,,,,,,,,,,,,,
,,,2025-08-11_11h42.11.709,CFMT_CCMT_Face_recognition,03.02.2023,Win32,60.97560976,5ef07f0ba383185b3570273e,6899c7d7c4c961a016830ad3,6899c8bcaa3d34798c7a769e,,,,,,,,,,,,,,,,,,,,,,,,,,,,,,,,,,,,,,,,,,,,,,,,,,,45.1657,45.9153,5,0,5,0,1,,,,,,,,,,,,,,,,,,,,,,,,,,,,,,,,,,,,,,,,,,,,,,,,,,,,,,,,,,,,,,,,,,,,,,,,,,,,,,,,,,,,,,,,,,,,,,,,,,,,,,,,,,,,,,,,,,,,,,,,,,,,,,,,,,,,,
,,,2025-08-11_11h42.11.709,CFMT_CCMT_Face_recognition,03.02.2023,Win32,60.97560976,5ef07f0ba383185b3570273e,6899c7d7c4c961a016830ad3,6899c8bcaa3d34798c7a769e,,,,,,,,,,,,,,,,,,,,,,,,,,,,,,,,,,,,,,,,,,,,,,45.9169,1.516863611,47.4319,47.432,47.432,47.433,48.1819,0,0,0,0,1,45.9154,45.9165,,0,,,,,,,,,,,,,,,,,,,,,,,,,,,,,,,,,,,,,,,,,,,,,,,,,,,,,,,,,,,,,,,,,,,,,,,,,,,,,,,,,,,,,,,,,,,,,,,,,,,,,,,,,,,,,,,,,,,,,,,,,,,,,,,,,
,,,2025-08-11_11h42.11.709,CFMT_CCMT_Face_recognition,03.02.2023,Win32,60.97560976,5ef07f0ba383185b3570273e,6899c7d7c4c961a016830ad3,6899c8bcaa3d34798c7a769e,,,,,,,,,,,,,,,,,,,,,,,,,,,,,,,,,,,,,,,,,,,,,,,,,,,48.1823,48.932,1,0,1,0,1,,,,,,,,,,,,,,,,,,,,,,,,,,,,,,,,,,,,,,,,,,,,,,,,,,,,,,,,,,,,,,,,,,,,,,,,,,,,,,,,,,,,,,,,,,,,,,,,,,,,,,,,,,,,,,,,,,,,,,,,,,,,,,,,,,,,,
,,,2025-08-11_11h42.11.709,CFMT_CCMT_Face_recognition,03.02.2023,Win32,60.97560976,5ef07f0ba383185b3570273e,6899c7d7c4c961a016830ad3,6899c8bcaa3d34798c7a769e,,,,,,,,,,,,,,,,,,,,,,,,,,,,,,,,,,,,,,,,,,,,,,,,,,,48.9323,49.6818,2,0,2,0,1,,,,,,,,,,,,,,,,,,,,,,,,,,,,,,,,,,,,,,,,,,,,,,,,,,,,,,,,,,,,,,,,,,,,,,,,,,,,,,,,,,,,,,,,,,,,,,,,,,,,,,,,,,,,,,,,,,,,,,,,,,,,,,,,,,,,,
,,,2025-08-11_11h42.11.709,CFMT_CCMT_Face_recognition,03.02.2023,Win32,60.97560976,5ef07f0ba383185b3570273e,6899c7d7c4c961a016830ad3,6899c8bcaa3d34798c7a769e,,,,,,,,,,,,,,,,,,,,,,,,,,,,,,,,,,,,,,,,,,,,,,,,,,,49.6822,50.4319,3,0,3,0,1,,,,,,,,,,,,,,,,,,,,,,,,,,,,,,,,,,,,,,,,,,,,,,,,,,,,,,,,,,,,,,,,,,,,,,,,,,,,,,,,,,,,,,,,,,,,,,,,,,,,,,,,,,,,,,,,,,,,,,,,,,,,,,,,,,,,,
,,,2025-08-11_11h42.11.709,CFMT_CCMT_Face_recognition,03.02.2023,Win32,60.97560976,5ef07f0ba383185b3570273e,6899c7d7c4c961a016830ad3,6899c8bcaa3d34798c7a769e,,,,,,,,,,,,,,,,,,,,,,,,,,,,,,,,,,,,,,,,,,,,,,,,,,,50.4323,51.1821,4,0,4,0,1,,,,,,,,,,,,,,,,,,,,,,,,,,,,,,,,,,,,,,,,,,,,,,,,,,,,,,,,,,,,,,,,,,,,,,,,,,,,,,,,,,,,,,,,,,,,,,,,,,,,,,,,,,,,,,,,,,,,,,,,,,,,,,,,,,,,,
,,,2025-08-11_11h42.11.709,CFMT_CCMT_Face_recognition,03.02.2023,Win32,60.97560976,5ef07f0ba383185b3570273e,6899c7d7c4c961a016830ad3,6899c8bcaa3d34798c7a769e,,,,,,,,,,,,,,,,,,,,,,,,,,,,,,,,,,,,,,,,,,,,,,,,,,,51.1825,51.932,5,0,5,0,1,,,,,,,,,,,,,,,,,,,,,,,,,,,,,,,,,,,,,,,,,,,,,,,,,,,,,,,,,,,,,,,,,,,,,,,,,,,,,,,,,,,,,,,,,,,,,,,,,,,,,,,,,,,,,,,,,,,,,,,,,,,,,,,,,,,,,
,,,2025-08-11_11h42.11.709,CFMT_CCMT_Face_recognition,03.02.2023,Win32,60.97560976,5ef07f0ba383185b3570273e,6899c7d7c4c961a016830ad3,6899c8bcaa3d34798c7a769e,,,,,,,,,,,,,,,,,,,,,,,,,,,,,,,,,,,,,,,,,,,,,,51.9333,2.49232763,54.4151,54.4151,54.4152,54.416,55.1652,0,0,0,0,1,51.9322,51.9332,,0,,,,,,,,,,,,,,,,,,,,,,,,,,,,,,,,,,,,,,,,,,,,,,,,,,,,,,,,,,,,,,,,,,,,,,,,,,,,,,,,,,,,,,,,,,,,,,,,,,,,,,,,,,,,,,,,,,,,,,,,,,,,,,,,,
,,,2025-08-11_11h42.11.709,CFMT_CCMT_Face_recognition,03.02.2023,Win32,60.97560976,5ef07f0ba383185b3570273e,6899c7d7c4c961a016830ad3,6899c8bcaa3d34798c7a769e,,,,,,,,,,,,,,,,,,,,,,,,,,,,,,,,,,,,,,,,,,,,,,,,,,,55.1656,55.9156,1,0,1,0,1,,,,,,,,,,,,,,,,,,,,,,,,,,,,,,,,,,,,,,,,,,,,,,,,,,,,,,,,,,,,,,,,,,,,,,,,,,,,,,,,,,,,,,,,,,,,,,,,,,,,,,,,,,,,,,,,,,,,,,,,,,,,,,,,,,,,,
,,,2025-08-11_11h42.11.709,CFMT_CCMT_Face_recognition,03.02.2023,Win32,60.97560976,5ef07f0ba383185b3570273e,6899c7d7c4c961a016830ad3,6899c8bcaa3d34798c7a769e,,,,,,,,,,,,,,,,,,,,,,,,,,,,,,,,,,,,,,,,,,,,,,,,,,,55.9162,56.6653,2,0,2,0,1,,,,,,,,,,,,,,,,,,,,,,,,,,,,,,,,,,,,,,,,,,,,,,,,,,,,,,,,,,,,,,,,,,,,,,,,,,,,,,,,,,,,,,,,,,,,,,,,,,,,,,,,,,,,,,,,,,,,,,,,,,,,,,,,,,,,,
,,,2025-08-11_11h42.11.709,CFMT_CCMT_Face_recognition,03.02.2023,Win32,60.97560976,5ef07f0ba383185b3570273e,6899c7d7c4c961a016830ad3,6899c8bcaa3d34798c7a769e,,,,,,,,,,,,,,,,,,,,,,,,,,,,,,,,,,,,,,,,,,,,,,,,,,,56.6657,57.4156,3,0,3,0,1,,,,,,,,,,,,,,,,,,,,,,,,,,,,,,,,,,,,,,,,,,,,,,,,,,,,,,,,,,,,,,,,,,,,,,,,,,,,,,,,,,,,,,,,,,,,,,,,,,,,,,,,,,,,,,,,,,,,,,,,,,,,,,,,,,,,,
,,,2025-08-11_11h42.11.709,CFMT_CCMT_Face_recognition,03.02.2023,Win32,60.97560976,5ef07f0ba383185b3570273e,6899c7d7c4c961a016830ad3,6899c8bcaa3d34798c7a769e,,,,,,,,,,,,,,,,,,,,,,,,,,,,,,,,,,,,,,,,,,,,,,,,,,,57.4159,58.1652,4,0,4,0,1,,,,,,,,,,,,,,,,,,,,,,,,,,,,,,,,,,,,,,,,,,,,,,,,,,,,,,,,,,,,,,,,,,,,,,,,,,,,,,,,,,,,,,,,,,,,,,,,,,,,,,,,,,,,,,,,,,,,,,,,,,,,,,,,,,,,,
,,,2025-08-11_11h42.11.709,CFMT_CCMT_Face_recognition,03.02.2023,Win32,60.97560976,5ef07f0ba383185b3570273e,6899c7d7c4c961a016830ad3,6899c8bcaa3d34798c7a769e,,,,,,,,,,,,,,,,,,,,,,,,,,,,,,,,,,,,,,,,,,,,,,,,,,,58.1656,58.9152,5,0,5,0,1,,,,,,,,,,,,,,,,,,,,,,,,,,,,,,,,,,,,,,,,,,,,,,,,,,,,,,,,,,,,,,,,,,,,,,,,,,,,,,,,,,,,,,,,,,,,,,,,,,,,,,,,,,,,,,,,,,,,,,,,,,,,,,,,,,,,,
,,,2025-08-11_11h42.11.709,CFMT_CCMT_Face_recognition,03.02.2023,Win32,60.97560976,5ef07f0ba383185b3570273e,6899c7d7c4c961a016830ad3,6899c8bcaa3d34798c7a769e,,,,,,,,,,,,,,,,,,,,,,,,,,,,,,,,,,,,,,,,,,,,,,63.3488,1.50130998,64.8482,64.8482,64.8483,64.8491,65.5981,0,0,0,0,1,58.9153,63.3485,q,1,4.4239,,,,,,,,,,,,,,,,,,,,,,,,,,,,,,,,,,,,,,,,,,,,,,,,,,,,,,,,,,,,,,,,,,,,,,,,,,,,,,,,,,,,,,,,,,,,,,,,,,,,,,,,,,,,,,,,,,,,,,,,,,,,,,,,
,,,2025-08-11_11h42.11.709,CFMT_CCMT_Face_recognition,03.02.2023,Win32,60.97560976,5ef07f0ba383185b3570273e,6899c7d7c4c961a016830ad3,6899c8bcaa3d34798c7a769e,,,,,,,,,,,,,,,,,,,,,,,,,,,,,,,,,,,,,,,,,,,,,,,,,,,65.5983,66.3489,1,0,1,0,1,,,,,,,,,,,,,,,,,,,,,,,,,,,,,,,,,,,,,,,,,,,,,,,,,,,,,,,,,,,,,,,,,,,,,,,,,,,,,,,,,,,,,,,,,,,,,,,,,,,,,,,,,,,,,,,,,,,,,,,,,,,,,,,,,,,,,
,,,2025-08-11_11h42.11.709,CFMT_CCMT_Face_recognition,03.02.2023,Win32,60.97560976,5ef07f0ba383185b3570273e,6899c7d7c4c961a016830ad3,6899c8bcaa3d34798c7a769e,,,,,,,,,,,,,,,,,,,,,,,,,,,,,,,,,,,,,,,,,,,,,,,,,,,66.3493,67.0986,2,0,2,0,1,,,,,,,,,,,,,,,,,,,,,,,,,,,,,,,,,,,,,,,,,,,,,,,,,,,,,,,,,,,,,,,,,,,,,,,,,,,,,,,,,,,,,,,,,,,,,,,,,,,,,,,,,,,,,,,,,,,,,,,,,,,,,,,,,,,,,
,,,2025-08-11_11h42.11.709,CFMT_CCMT_Face_recognition,03.02.2023,Win32,60.97560976,5ef07f0ba383185b3570273e,6899c7d7c4c961a016830ad3,6899c8bcaa3d34798c7a769e,,,,,,,,,,,,,,,,,,,,,,,,,,,,,,,,,,,,,,,,,,,,,,,,,,,67.0989,67.8488,3,0,3,0,1,,,,,,,,,,,,,,,,,,,,,,,,,,,,,,,,,,,,,,,,,,,,,,,,,,,,,,,,,,,,,,,,,,,,,,,,,,,,,,,,,,,,,,,,,,,,,,,,,,,,,,,,,,,,,,,,,,,,,,,,,,,,,,,,,,,,,
,,,2025-08-11_11h42.11.709,CFMT_CCMT_Face_recognition,03.02.2023,Win32,60.97560976,5ef07f0ba383185b3570273e,6899c7d7c4c961a016830ad3,6899c8bcaa3d34798c7a769e,,,,,,,,,,,,,,,,,,,,,,,,,,,,,,,,,,,,,,,,,,,,,,,,,,,67.8492,68.5986,4,0,4,0,1,,,,,,,,,,,,,,,,,,,,,,,,,,,,,,,,,,,,,,,,,,,,,,,,,,,,,,,,,,,,,,,,,,,,,,,,,,,,,,,,,,,,,,,,,,,,,,,,,,,,,,,,,,,,,,,,,,,,,,,,,,,,,,,,,,,,,
,,,2025-08-11_11h42.11.709,CFMT_CCMT_Face_recognition,03.02.2023,Win32,60.97560976,5ef07f0ba383185b3570273e,6899c7d7c4c961a016830ad3,6899c8bcaa3d34798c7a769e,,,,,,,,,,,,,,,,,,,,,,,,,,,,,,,,,,,,,,,,,,,,,,,,,,,68.5989,69.3485,5,0,5,0,1,,,,,,,,,,,,,,,,,,,,,,,,,,,,,,,,,,,,,,,,,,,,,,,,,,,,,,,,,,,,,,,,,,,,,,,,,,,,,,,,,,,,,,,,,,,,,,,,,,,,,,,,,,,,,,,,,,,,,,,,,,,,,,,,,,,,,
,,,2025-08-11_11h42.11.709,CFMT_CCMT_Face_recognition,03.02.2023,Win32,60.97560976,5ef07f0ba383185b3570273e,6899c7d7c4c961a016830ad3,6899c8bcaa3d34798c7a769e,,,,,,,,,,,,,,,,,,,,,,,,,,,,,,,,,,,,,,,,,,,,,,69.3498,2.417319567,71.7655,71.7656,71.7656,71.7666,72.5152,0,0,0,0,1,69.3487,69.3496,,0,,,,,,,,,,,,,,,,,,,,,,,,,,,,,,,,,,,,,,,,,,,,,,,,,,,,,,,,,,,,,,,,,,,,,,,,,,,,,,,,,,,,,,,,,,,,,,,,,,,,,,,,,,,,,,,,,,,,,,,,,,,,,,,,,
,,,2025-08-11_11h42.11.709,CFMT_CCMT_Face_recognition,03.02.2023,Win32,60.97560976,5ef07f0ba383185b3570273e,6899c7d7c4c961a016830ad3,6899c8bcaa3d34798c7a769e,,,,,,,,,,,,,,,,,,,,,,,,,,,,,,,,,,,,,,,,,,,,,,,,,,,72.5155,73.2654,1,0,1,0,1,,,,,,,,,,,,,,,,,,,,,,,,,,,,,,,,,,,,,,,,,,,,,,,,,,,,,,,,,,,,,,,,,,,,,,,,,,,,,,,,,,,,,,,,,,,,,,,,,,,,,,,,,,,,,,,,,,,,,,,,,,,,,,,,,,,,,
,,,2025-08-11_11h42.11.709,CFMT_CCMT_Face_recognition,03.02.2023,Win32,60.97560976,5ef07f0ba383185b3570273e,6899c7d7c4c961a016830ad3,6899c8bcaa3d34798c7a769e,,,,,,,,,,,,,,,,,,,,,,,,,,,,,,,,,,,,,,,,,,,,,,,,,,,73.2659,74.0155,2,0,2,0,1,,,,,,,,,,,,,,,,,,,,,,,,,,,,,,,,,,,,,,,,,,,,,,,,,,,,,,,,,,,,,,,,,,,,,,,,,,,,,,,,,,,,,,,,,,,,,,,,,,,,,,,,,,,,,,,,,,,,,,,,,,,,,,,,,,,,,
,,,2025-08-11_11h42.11.709,CFMT_CCMT_Face_recognition,03.02.2023,Win32,60.97560976,5ef07f0ba383185b3570273e,6899c7d7c4c961a016830ad3,6899c8bcaa3d34798c7a769e,,,,,,,,,,,,,,,,,,,,,,,,,,,,,,,,,,,,,,,,,,,,,,,,,,,74.0159,74.7651,3,0,3,0,1,,,,,,,,,,,,,,,,,,,,,,,,,,,,,,,,,,,,,,,,,,,,,,,,,,,,,,,,,,,,,,,,,,,,,,,,,,,,,,,,,,,,,,,,,,,,,,,,,,,,,,,,,,,,,,,,,,,,,,,,,,,,,,,,,,,,,
,,,2025-08-11_11h42.11.709,CFMT_CCMT_Face_recognition,03.02.2023,Win32,60.97560976,5ef07f0ba383185b3570273e,6899c7d7c4c961a016830ad3,6899c8bcaa3d34798c7a769e,,,,,,,,,,,,,,,,,,,,,,,,,,,,,,,,,,,,,,,,,,,,,,,,,,,74.7655,75.5153,4,0,4,0,1,,,,,,,,,,,,,,,,,,,,,,,,,,,,,,,,,,,,,,,,,,,,,,,,,,,,,,,,,,,,,,,,,,,,,,,,,,,,,,,,,,,,,,,,,,,,,,,,,,,,,,,,,,,,,,,,,,,,,,,,,,,,,,,,,,,,,
,,,2025-08-11_11h42.11.709,CFMT_CCMT_Face_recognition,03.02.2023,Win32,60.97560976,5ef07f0ba383185b3570273e,6899c7d7c4c961a016830ad3,6899c8bcaa3d34798c7a769e,,,,,,,,,,,,,,,,,,,,,,,,,,,,,,,,,,,,,,,,,,,,,,,,,,,75.5157,76.2653,5,0,5,0,1,,,,,,,,,,,,,,,,,,,,,,,,,,,,,,,,,,,,,,,,,,,,,,,,,,,,,,,,,,,,,,,,,,,,,,,,,,,,,,,,,,,,,,,,,,,,,,,,,,,,,,,,,,,,,,,,,,,,,,,,,,,,,,,,,,,,,
,,,2025-08-11_11h42.11.709,CFMT_CCMT_Face_recognition,03.02.2023,Win32,60.97560976,5ef07f0ba383185b3570273e,6899c7d7c4c961a016830ad3,6899c8bcaa3d34798c7a769e,,,,,,,,,,,,,,,,,,,,,,,,,,,,,,,,,,,,,,,,,,,,,,76.2666,2.051510516,78.3155,78.3155,78.3156,78.3163,79.065,0,0,0,0,1,76.2654,76.2665,,0,,,,,,,,,,,,,,,,,,,,,,,,,,,,,,,,,,,,,,,,,,,,,,,,,,,,,,,,,,,,,,,,,,,,,,,,,,,,,,,,,,,,,,,,,,,,,,,,,,,,,,,,,,,,,,,,,,,,,,,,,,,,,,,,,
,,,2025-08-11_11h42.11.709,CFMT_CCMT_Face_recognition,03.02.2023,Win32,60.97560976,5ef07f0ba383185b3570273e,6899c7d7c4c961a016830ad3,6899c8bcaa3d34798c7a769e,,,,,,,,,,,,,,,,,,,,,,,,,,,,,,,,,,,,,,,,,,,,,,,,,,,79.0654,79.8154,1,0,1,0,1,,,,,,,,,,,,,,,,,,,,,,,,,,,,,,,,,,,,,,,,,,,,,,,,,,,,,,,,,,,,,,,,,,,,,,,,,,,,,,,,,,,,,,,,,,,,,,,,,,,,,,,,,,,,,,,,,,,,,,,,,,,,,,,,,,,,,
,,,2025-08-11_11h42.11.709,CFMT_CCMT_Face_recognition,03.02.2023,Win32,60.97560976,5ef07f0ba383185b3570273e,6899c7d7c4c961a016830ad3,6899c8bcaa3d34798c7a769e,,,,,,,,,,,,,,,,,,,,,,,,,,,,,,,,,,,,,,,,,,,,,,,,,,,79.8159,80.5652,2,0,2,0,1,,,,,,,,,,,,,,,,,,,,,,,,,,,,,,,,,,,,,,,,,,,,,,,,,,,,,,,,,,,,,,,,,,,,,,,,,,,,,,,,,,,,,,,,,,,,,,,,,,,,,,,,,,,,,,,,,,,,,,,,,,,,,,,,,,,,,
,,,2025-08-11_11h42.11.709,CFMT_CCMT_Face_recognition,03.02.2023,Win32,60.97560976,5ef07f0ba383185b3570273e,6899c7d7c4c961a016830ad3,6899c8bcaa3d34798c7a769e,,,,,,,,,,,,,,,,,,,,,,,,,,,,,,,,,,,,,,,,,,,,,,,,,,,80.5658,81.315,3,0,3,0,1,,,,,,,,,,,,,,,,,,,,,,,,,,,,,,,,,,,,,,,,,,,,,,,,,,,,,,,,,,,,,,,,,,,,,,,,,,,,,,,,,,,,,,,,,,,,,,,,,,,,,,,,,,,,,,,,,,,,,,,,,,,,,,,,,,,,,
,,,2025-08-11_11h42.11.709,CFMT_CCMT_Face_recognition,03.02.2023,Win32,60.97560976,5ef07f0ba383185b3570273e,6899c7d7c4c961a016830ad3,6899c8bcaa3d34798c7a769e,,,,,,,,,,,,,,,,,,,,,,,,,,,,,,,,,,,,,,,,,,,,,,,,,,,81.3154,82.0646,4,0,4,0,1,,,,,,,,,,,,,,,,,,,,,,,,,,,,,,,,,,,,,,,,,,,,,,,,,,,,,,,,,,,,,,,,,,,,,,,,,,,,,,,,,,,,,,,,,,,,,,,,,,,,,,,,,,,,,,,,,,,,,,,,,,,,,,,,,,,,,
,,,2025-08-11_11h42.11.709,CFMT_CCMT_Face_recognition,03.02.2023,Win32,60.97560976,5ef07f0ba383185b3570273e,6899c7d7c4c961a016830ad3,6899c8bcaa3d34798c7a769e,,,,,,,,,,,,,,,,,,,,,,,,,,,,,,,,,,,,,,,,,,,,,,,,,,,82.0649,82.8154,5,0,5,0,1,,,,,,,,,,,,,,,,,,,,,,,,,,,,,,,,,,,,,,,,,,,,,,,,,,,,,,,,,,,,,,,,,,,,,,,,,,,,,,,,,,,,,,,,,,,,,,,,,,,,,,,,,,,,,,,,,,,,,,,,,,,,,,,,,,,,,
,,,2025-08-11_11h42.11.709,CFMT_CCMT_Face_recognition,03.02.2023,Win32,60.97560976,5ef07f0ba383185b3570273e,6899c7d7c4c961a016830ad3,6899c8bcaa3d34798c7a769e,,,,,,,,,,,,,,,,,,,,,,,,,,,,,,,,,,,,,,,,,,,,,,82.8166,1.811925783,84.6319,84.6319,84.632,84.6328,85.3821,0,0,0,0,1,82.8155,82.8163,,0,,,,,,,,,,,,,,,,,,,,,,,,,,,,,,,,,,,,,,,,,,,,,,,,,,,,,,,,,,,,,,,,,,,,,,,,,,,,,,,,,,,,,,,,,,,,,,,,,,,,,,,,,,,,,,,,,,,,,,,,,,,,,,,,,
,,,2025-08-11_11h42.11.709,CFMT_CCMT_Face_recognition,03.02.2023,Win32,60.97560976,5ef07f0ba383185b3570273e,6899c7d7c4c961a016830ad3,6899c8bcaa3d34798c7a769e,,,,,,,,,,,,,,,,,,,,,,,,,,,,,,,,,,,,,,,,,,,,,,,,,,,85.3825,86.1324,1,0,1,0,1,,,,,,,,,,,,,,,,,,,,,,,,,,,,,,,,,,,,,,,,,,,,,,,,,,,,,,,,,,,,,,,,,,,,,,,,,,,,,,,,,,,,,,,,,,,,,,,,,,,,,,,,,,,,,,,,,,,,,,,,,,,,,,,,,,,,,
,,,2025-08-11_11h42.11.709,CFMT_CCMT_Face_recognition,03.02.2023,Win32,60.97560976,5ef07f0ba383185b3570273e,6899c7d7c4c961a016830ad3,6899c8bcaa3d34798c7a769e,,,,,,,,,,,,,,,,,,,,,,,,,,,,,,,,,,,,,,,,,,,,,,,,,,,86.1327,86.8814,2,0,2,0,1,,,,,,,,,,,,,,,,,,,,,,,,,,,,,,,,,,,,,,,,,,,,,,,,,,,,,,,,,,,,,,,,,,,,,,,,,,,,,,,,,,,,,,,,,,,,,,,,,,,,,,,,,,,,,,,,,,,,,,,,,,,,,,,,,,,,,
,,,2025-08-11_11h42.11.709,CFMT_CCMT_Face_recognition,03.02.2023,Win32,60.97560976,5ef07f0ba383185b3570273e,6899c7d7c4c961a016830ad3,6899c8bcaa3d34798c7a769e,,,,,,,,,,,,,,,,,,,,,,,,,,,,,,,,,,,,,,,,,,,,,,,,,,,86.8817,87.6318,3,0,3,0,1,,,,,,,,,,,,,,,,,,,,,,,,,,,,,,,,,,,,,,,,,,,,,,,,,,,,,,,,,,,,,,,,,,,,,,,,,,,,,,,,,,,,,,,,,,,,,,,,,,,,,,,,,,,,,,,,,,,,,,,,,,,,,,,,,,,,,
,,,2025-08-11_11h42.11.709,CFMT_CCMT_Face_recognition,03.02.2023,Win32,60.97560976,5ef07f0ba383185b3570273e,6899c7d7c4c961a016830ad3,6899c8bcaa3d34798c7a769e,,,,,,,,,,,,,,,,,,,,,,,,,,,,,,,,,,,,,,,,,,,,,,,,,,,87.6322,88.3819,4,0,4,0,1,,,,,,,,,,,,,,,,,,,,,,,,,,,,,,,,,,,,,,,,,,,,,,,,,,,,,,,,,,,,,,,,,,,,,,,,,,,,,,,,,,,,,,,,,,,,,,,,,,,,,,,,,,,,,,,,,,,,,,,,,,,,,,,,,,,,,
,,,2025-08-11_11h42.11.709,CFMT_CCMT_Face_recognition,03.02.2023,Win32,60.97560976,5ef07f0ba383185b3570273e,6899c7d7c4c961a016830ad3,6899c8bcaa3d34798c7a769e,,,,,,,,,,,,,,,,,,,,,,,,,,,,,,,,,,,,,,,,,,,,,,,,,,,88.3823,89.1318,5,0,5,0,1,,,,,,,,,,,,,,,,,,,,,,,,,,,,,,,,,,,,,,,,,,,,,,,,,,,,,,,,,,,,,,,,,,,,,,,,,,,,,,,,,,,,,,,,,,,,,,,,,,,,,,,,,,,,,,,,,,,,,,,,,,,,,,,,,,,,,
,,,2025-08-11_11h42.11.709,CFMT_CCMT_Face_recognition,03.02.2023,Win32,60.97560976,5ef07f0ba383185b3570273e,6899c7d7c4c961a016830ad3,6899c8bcaa3d34798c7a769e,,,,,,,,,,,,,,,,,,,,,,,,,,,,,,,,,,,,,,,,,,,,,,89.133,2.041019853,91.165,91.165,91.1653,91.1661,91.9152,0,0,0,0,1,89.132,89.1328,,0,,,,,,,,,,,,,,,,,,,,,,,,,,,,,,,,,,,,,,,,,,,,,,,,,,,,,,,,,,,,,,,,,,,,,,,,,,,,,,,,,,,,,,,,,,,,,,,,,,,,,,,,,,,,,,,,,,,,,,,,,,,,,,,,,
,,,2025-08-11_11h42.11.709,CFMT_CCMT_Face_recognition,03.02.2023,Win32,60.97560976,5ef07f0ba383185b3570273e,6899c7d7c4c961a016830ad3,6899c8bcaa3d34798c7a769e,,,,,,,,,,,,,,,,,,,,,,,,,,,,,,,,,,,,,,,,,,,,,,,,,,,91.9157,92.6652,1,0,1,0,1,,,,,,,,,,,,,,,,,,,,,,,,,,,,,,,,,,,,,,,,,,,,,,,,,,,,,,,,,,,,,,,,,,,,,,,,,,,,,,,,,,,,,,,,,,,,,,,,,,,,,,,,,,,,,,,,,,,,,,,,,,,,,,,,,,,,,
,,,2025-08-11_11h42.11.709,CFMT_CCMT_Face_recognition,03.02.2023,Win32,60.97560976,5ef07f0ba383185b3570273e,6899c7d7c4c961a016830ad3,6899c8bcaa3d34798c7a769e,,,,,,,,,,,,,,,,,,,,,,,,,,,,,,,,,,,,,,,,,,,,,,,,,,,92.6655,93.4159,2,0,2,0,1,,,,,,,,,,,,,,,,,,,,,,,,,,,,,,,,,,,,,,,,,,,,,,,,,,,,,,,,,,,,,,,,,,,,,,,,,,,,,,,,,,,,,,,,,,,,,,,,,,,,,,,,,,,,,,,,,,,,,,,,,,,,,,,,,,,,,
,,,2025-08-11_11h42.11.709,CFMT_CCMT_Face_recognition,03.02.2023,Win32,60.97560976,5ef07f0ba383185b3570273e,6899c7d7c4c961a016830ad3,6899c8bcaa3d34798c7a769e,,,,,,,,,,,,,,,,,,,,,,,,,,,,,,,,,,,,,,,,,,,,,,,,,,,93.4163,94.1654,3,0,3,0,1,,,,,,,,,,,,,,,,,,,,,,,,,,,,,,,,,,,,,,,,,,,,,,,,,,,,,,,,,,,,,,,,,,,,,,,,,,,,,,,,,,,,,,,,,,,,,,,,,,,,,,,,,,,,,,,,,,,,,,,,,,,,,,,,,,,,,
,,,2025-08-11_11h42.11.709,CFMT_CCMT_Face_recognition,03.02.2023,Win32,60.97560976,5ef07f0ba383185b3570273e,6899c7d7c4c961a016830ad3,6899c8bcaa3d34798c7a769e,,,,,,,,,,,,,,,,,,,,,,,,,,,,,,,,,,,,,,,,,,,,,,,,,,,94.1658,94.9162,4,0,4,0,1,,,,,,,,,,,,,,,,,,,,,,,,,,,,,,,,,,,,,,,,,,,,,,,,,,,,,,,,,,,,,,,,,,,,,,,,,,,,,,,,,,,,,,,,,,,,,,,,,,,,,,,,,,,,,,,,,,,,,,,,,,,,,,,,,,,,,
,,,2025-08-11_11h42.11.709,CFMT_CCMT_Face_recognition,03.02.2023,Win32,60.97560976,5ef07f0ba383185b3570273e,6899c7d7c4c961a016830ad3,6899c8bcaa3d34798c7a769e,,,,,,,,,,,,,,,,,,,,,,,,,,,,,,,,,,,,,,,,,,,,,,,,,,,94.917,95.665,5,0,5,0,1,,,,,,,,,,,,,,,,,,,,,,,,,,,,,,,,,,,,,,,,,,,,,,,,,,,,,,,,,,,,,,,,,,,,,,,,,,,,,,,,,,,,,,,,,,,,,,,,,,,,,,,,,,,,,,,,,,,,,,,,,,,,,,,,,,,,,
,,,2025-08-11_11h42.11.709,CFMT_CCMT_Face_recognition,03.02.2023,Win32,60.97560976,5ef07f0ba383185b3570273e,6899c7d7c4c961a016830ad3,6899c8bcaa3d34798c7a769e,,,,,,,,,,,,,,,,,,,,,,,,,,,,,,,,,,,,,,,,,,,,,,95.6662,2.377693552,98.0319,98.0319,98.0321,98.0329,98.7814,0,0,0,0,1,95.6652,95.666,,0,,,,,,,,,,,,,,,,,,,,,,,,,,,,,,,,,,,,,,,,,,,,,,,,,,,,,,,,,,,,,,,,,,,,,,,,,,,,,,,,,,,,,,,,,,,,,,,,,,,,,,,,,,,,,,,,,,,,,,,,,,,,,,,,,
,,,2025-08-11_11h42.11.709,CFMT_CCMT_Face_recognition,03.02.2023,Win32,60.97560976,5ef07f0ba383185b3570273e,6899c7d7c4c961a016830ad3,6899c8bcaa3d34798c7a769e,,,,,,,,,,,,,,,,,,,,,,,,,,,,,,,,,,,,,,,,,,,,,,,,,,,98.7817,99.5318,1,0,1,0,1,,,,,,,,,,,,,,,,,,,,,,,,,,,,,,,,,,,,,,,,,,,,,,,,,,,,,,,,,,,,,,,,,,,,,,,,,,,,,,,,,,,,,,,,,,,,,,,,,,,,,,,,,,,,,,,,,,,,,,,,,,,,,,,,,,,,,
,,,2025-08-11_11h42.11.709,CFMT_CCMT_Face_recognition,03.02.2023,Win32,60.97560976,5ef07f0ba383185b3570273e,6899c7d7c4c961a016830ad3,6899c8bcaa3d34798c7a769e,,,,,,,,,,,,,,,,,,,,,,,,,,,,,,,,,,,,,,,,,,,,,,,,,,,99.5322,100.2818,2,0,2,0,1,,,,,,,,,,,,,,,,,,,,,,,,,,,,,,,,,,,,,,,,,,,,,,,,,,,,,,,,,,,,,,,,,,,,,,,,,,,,,,,,,,,,,,,,,,,,,,,,,,,,,,,,,,,,,,,,,,,,,,,,,,,,,,,,,,,,,
,,,2025-08-11_11h42.11.709,CFMT_CCMT_Face_recognition,03.02.2023,Win32,60.97560976,5ef07f0ba383185b3570273e,6899c7d7c4c961a016830ad3,6899c8bcaa3d34798c7a769e,,,,,,,,,,,,,,,,,,,,,,,,,,,,,,,,,,,,,,,,,,,,,,,,,,,100.2823,101.032,3,0,3,0,1,,,,,,,,,,,,,,,,,,,,,,,,,,,,,,,,,,,,,,,,,,,,,,,,,,,,,,,,,,,,,,,,,,,,,,,,,,,,,,,,,,,,,,,,,,,,,,,,,,,,,,,,,,,,,,,,,,,,,,,,,,,,,,,,,,,,,
,,,2025-08-11_11h42.11.709,CFMT_CCMT_Face_recognition,03.02.2023,Win32,60.97560976,5ef07f0ba383185b3570273e,6899c7d7c4c961a016830ad3,6899c8bcaa3d34798c7a769e,,,,,,,,,,,,,,,,,,,,,,,,,,,,,,,,,,,,,,,,,,,,,,,,,,,101.0324,101.7814,4,0,4,0,1,,,,,,,,,,,,,,,,,,,,,,,,,,,,,,,,,,,,,,,,,,,,,,,,,,,,,,,,,,,,,,,,,,,,,,,,,,,,,,,,,,,,,,,,,,,,,,,,,,,,,,,,,,,,,,,,,,,,,,,,,,,,,,,,,,,,,
,,,2025-08-11_11h42.11.709,CFMT_CCMT_Face_recognition,03.02.2023,Win32,60.97560976,5ef07f0ba383185b3570273e,6899c7d7c4c961a016830ad3,6899c8bcaa3d34798c7a769e,,,,,,,,,,,,,,,,,,,,,,,,,,,,,,,,,,,,,,,,,,,,,,,,,,,101.7818,102.5321,5,0,5,0,1,,,,,,,,,,,,,,,,,,,,,,,,,,,,,,,,,,,,,,,,,,,,,,,,,,,,,,,,,,,,,,,,,,,,,,,,,,,,,,,,,,,,,,,,,,,,,,,,,,,,,,,,,,,,,,,,,,,,,,,,,,,,,,,,,,,,,
,,,2025-08-11_11h42.11.709,CFMT_CCMT_Face_recognition,03.02.2023,Win32,60.97560976,5ef07f0ba383185b3570273e,6899c7d7c4c961a016830ad3,6899c8bcaa3d34798c7a769e,,,,,,,,,,,,,,,,,,,,,,,,,,,,,,,,,,,,,,,,,,,,,,102.5331,1.743390085,104.2654,104.2654,104.2655,104.2662,105.0152,0,0,0,0,1,102.5322,102.533,,0,,,,,,,,,,,,,,,,,,,,,,,,,,,,,,,,,,,,,,,,,,,,,,,,,,,,,,,,,,,,,,,,,,,,,,,,,,,,,,,,,,,,,,,,,,,,,,,,,,,,,,,,,,,,,,,,,,,,,,,,,,,,,,,,,
,,,2025-08-11_11h42.11.709,CFMT_CCMT_Face_recognition,03.02.2023,Win32,60.97560976,5ef07f0ba383185b3570273e,6899c7d7c4c961a016830ad3,6899c8bcaa3d34798c7a769e,,,,,,,,,,,,,,,,,,,,,,,,,,,,,,,,,,,,,,,,,,,,,,,,,,,105.0155,105.7652,1,0,1,0,1,,,,,,,,,,,,,,,,,,,,,,,,,,,,,,,,,,,,,,,,,,,,,,,,,,,,,,,,,,,,,,,,,,,,,,,,,,,,,,,,,,,,,,,,,,,,,,,,,,,,,,,,,,,,,,,,,,,,,,,,,,,,,,,,,,,,,
,,,2025-08-11_11h42.11.709,CFMT_CCMT_Face_recognition,03.02.2023,Win32,60.97560976,5ef07f0ba383185b3570273e,6899c7d7c4c961a016830ad3,6899c8bcaa3d34798c7a769e,,,,,,,,,,,,,,,,,,,,,,,,,,,,,,,,,,,,,,,,,,,,,,,,,,,105.7656,106.5153,2,0,2,0,1,,,,,,,,,,,,,,,,,,,,,,,,,,,,,,,,,,,,,,,,,,,,,,,,,,,,,,,,,,,,,,,,,,,,,,,,,,,,,,,,,,,,,,,,,,,,,,,,,,,,,,,,,,,,,,,,,,,,,,,,,,,,,,,,,,,,,
,,,2025-08-11_11h42.11.709,CFMT_CCMT_Face_recognition,03.02.2023,Win32,60.97560976,5ef07f0ba383185b3570273e,6899c7d7c4c961a016830ad3,6899c8bcaa3d34798c7a769e,,,,,,,,,,,,,,,,,,,,,,,,,,,,,,,,,,,,,,,,,,,,,,,,,,,106.5156,107.2654,3,0,3,0,1,,,,,,,,,,,,,,,,,,,,,,,,,,,,,,,,,,,,,,,,,,,,,,,,,,,,,,,,,,,,,,,,,,,,,,,,,,,,,,,,,,,,,,,,,,,,,,,,,,,,,,,,,,,,,,,,,,,,,,,,,,,,,,,,,,,,,
,,,2025-08-11_11h42.11.709,CFMT_CCMT_Face_recognition,03.02.2023,Win32,60.97560976,5ef07f0ba383185b3570273e,6899c7d7c4c961a016830ad3,6899c8bcaa3d34798c7a769e,,,,,,,,,,,,,,,,,,,,,,,,,,,,,,,,,,,,,,,,,,,,,,,,,,,107.2658,108.0149,4,0,4,0,1,,,,,,,,,,,,,,,,,,,,,,,,,,,,,,,,,,,,,,,,,,,,,,,,,,,,,,,,,,,,,,,,,,,,,,,,,,,,,,,,,,,,,,,,,,,,,,,,,,,,,,,,,,,,,,,,,,,,,,,,,,,,,,,,,,,,,
,,,2025-08-11_11h42.11.709,CFMT_CCMT_Face_recognition,03.02.2023,Win32,60.97560976,5ef07f0ba383185b3570273e,6899c7d7c4c961a016830ad3,6899c8bcaa3d34798c7a769e,,,,,,,,,,,,,,,,,,,,,,,,,,,,,,,,,,,,,,,,,,,,,,,,,,,108.0152,108.7653,5,0,5,0,1,,,,,,,,,,,,,,,,,,,,,,,,,,,,,,,,,,,,,,,,,,,,,,,,,,,,,,,,,,,,,,,,,,,,,,,,,,,,,,,,,,,,,,,,,,,,,,,,,,,,,,,,,,,,,,,,,,,,,,,,,,,,,,,,,,,,,
,,,2025-08-11_11h42.11.709,CFMT_CCMT_Face_recognition,03.02.2023,Win32,60.97560976,5ef07f0ba383185b3570273e,6899c7d7c4c961a016830ad3,6899c8bcaa3d34798c7a769e,,,,,,,,,,,,,,,,,,,,,,,,,,,,,,,,,,,,,,,,,,,,,,108.7666,1.908001051,110.6651,110.6652,110.6652,110.6663,111.4152,0,0,0,0,1,108.7655,108.7664,,0,,,,,,,,,,,,,,,,,,,,,,,,,,,,,,,,,,,,,,,,,,,,,,,,,,,,,,,,,,,,,,,,,,,,,,,,,,,,,,,,,,,,,,,,,,,,,,,,,,,,,,,,,,,,,,,,,,,,,,,,,,,,,,,,,
,,,2025-08-11_11h42.11.709,CFMT_CCMT_Face_recognition,03.02.2023,Win32,60.97560976,5ef07f0ba383185b3570273e,6899c7d7c4c961a016830ad3,6899c8bcaa3d34798c7a769e,,,,,,,,,,,,,,,,,,,,,,,,,,,,,,,,,,,,,,,,,,,,,,,,,,,111.4157,112.1649,1,0,1,0,1,,,,,,,,,,,,,,,,,,,,,,,,,,,,,,,,,,,,,,,,,,,,,,,,,,,,,,,,,,,,,,,,,,,,,,,,,,,,,,,,,,,,,,,,,,,,,,,,,,,,,,,,,,,,,,,,,,,,,,,,,,,,,,,,,,,,,
,,,2025-08-11_11h42.11.709,CFMT_CCMT_Face_recognition,03.02.2023,Win32,60.97560976,5ef07f0ba383185b3570273e,6899c7d7c4c961a016830ad3,6899c8bcaa3d34798c7a769e,,,,,,,,,,,,,,,,,,,,,,,,,,,,,,,,,,,,,,,,,,,,,,,,,,,112.1653,112.9156,2,0,2,0,1,,,,,,,,,,,,,,,,,,,,,,,,,,,,,,,,,,,,,,,,,,,,,,,,,,,,,,,,,,,,,,,,,,,,,,,,,,,,,,,,,,,,,,,,,,,,,,,,,,,,,,,,,,,,,,,,,,,,,,,,,,,,,,,,,,,,,
,,,2025-08-11_11h42.11.709,CFMT_CCMT_Face_recognition,03.02.2023,Win32,60.97560976,5ef07f0ba383185b3570273e,6899c7d7c4c961a016830ad3,6899c8bcaa3d34798c7a769e,,,,,,,,,,,,,,,,,,,,,,,,,,,,,,,,,,,,,,,,,,,,,,,,,,,112.9162,113.6655,3,0,3,0,1,,,,,,,,,,,,,,,,,,,,,,,,,,,,,,,,,,,,,,,,,,,,,,,,,,,,,,,,,,,,,,,,,,,,,,,,,,,,,,,,,,,,,,,,,,,,,,,,,,,,,,,,,,,,,,,,,,,,,,,,,,,,,,,,,,,,,
,,,2025-08-11_11h42.11.709,CFMT_CCMT_Face_recognition,03.02.2023,Win32,60.97560976,5ef07f0ba383185b3570273e,6899c7d7c4c961a016830ad3,6899c8bcaa3d34798c7a769e,,,,,,,,,,,,,,,,,,,,,,,,,,,,,,,,,,,,,,,,,,,,,,,,,,,113.666,114.4152,4,0,4,0,1,,,,,,,,,,,,,,,,,,,,,,,,,,,,,,,,,,,,,,,,,,,,,,,,,,,,,,,,,,,,,,,,,,,,,,,,,,,,,,,,,,,,,,,,,,,,,,,,,,,,,,,,,,,,,,,,,,,,,,,,,,,,,,,,,,,,,
,,,2025-08-11_11h42.11.709,CFMT_CCMT_Face_recognition,03.02.2023,Win32,60.97560976,5ef07f0ba383185b3570273e,6899c7d7c4c961a016830ad3,6899c8bcaa3d34798c7a769e,,,,,,,,,,,,,,,,,,,,,,,,,,,,,,,,,,,,,,,,,,,,,,,,,,,114.4157,115.1652,5,0,5,0,1,,,,,,,,,,,,,,,,,,,,,,,,,,,,,,,,,,,,,,,,,,,,,,,,,,,,,,,,,,,,,,,,,,,,,,,,,,,,,,,,,,,,,,,,,,,,,,,,,,,,,,,,,,,,,,,,,,,,,,,,,,,,,,,,,,,,,
,,,2025-08-11_11h42.11.709,CFMT_CCMT_Face_recognition,03.02.2023,Win32,60.97560976,5ef07f0ba383185b3570273e,6899c7d7c4c961a016830ad3,6899c8bcaa3d34798c7a769e,,,,,,,,,,,,,,,,,,,,,,,,,,,,,,,,,,,,,,,,,,,,,,115.1668,1.976779485,117.1318,117.1319,117.1319,117.1329,117.8817,0,0,0,0,1,115.1653,115.1663,,0,,,,,,,,,,,,,,,,,,,,,,,,,,,,,,,,,,,,,,,,,,,,,,,,,,,,,,,,,,,,,,,,,,,,,,,,,,,,,,,,,,,,,,,,,,,,,,,,,,,,,,,,,,,,,,,,,,,,,,,,,,,,,,,,,
,,,2025-08-11_11h42.11.709,CFMT_CCMT_Face_recognition,03.02.2023,Win32,60.97560976,5ef07f0ba383185b3570273e,6899c7d7c4c961a016830ad3,6899c8bcaa3d34798c7a769e,,,,,,,,,,,,,,,,,,,,,,,,,,,,,,,,,,,,,,,,,,,,,,,,,,,117.8822,118.632,1,0,1,0,1,,,,,,,,,,,,,,,,,,,,,,,,,,,,,,,,,,,,,,,,,,,,,,,,,,,,,,,,,,,,,,,,,,,,,,,,,,,,,,,,,,,,,,,,,,,,,,,,,,,,,,,,,,,,,,,,,,,,,,,,,,,,,,,,,,,,,
,,,2025-08-11_11h42.11.709,CFMT_CCMT_Face_recognition,03.02.2023,Win32,60.97560976,5ef07f0ba383185b3570273e,6899c7d7c4c961a016830ad3,6899c8bcaa3d34798c7a769e,,,,,,,,,,,,,,,,,,,,,,,,,,,,,,,,,,,,,,,,,,,,,,,,,,,118.6323,119.382,2,0,2,0,1,,,,,,,,,,,,,,,,,,,,,,,,,,,,,,,,,,,,,,,,,,,,,,,,,,,,,,,,,,,,,,,,,,,,,,,,,,,,,,,,,,,,,,,,,,,,,,,,,,,,,,,,,,,,,,,,,,,,,,,,,,,,,,,,,,,,,
,,,2025-08-11_11h42.11.709,CFMT_CCMT_Face_recognition,03.02.2023,Win32,60.97560976,5ef07f0ba383185b3570273e,6899c7d7c4c961a016830ad3,6899c8bcaa3d34798c7a769e,,,,,,,,,,,,,,,,,,,,,,,,,,,,,,,,,,,,,,,,,,,,,,,,,,,119.3825,120.1321,3,0,3,0,1,,,,,,,,,,,,,,,,,,,,,,,,,,,,,,,,,,,,,,,,,,,,,,,,,,,,,,,,,,,,,,,,,,,,,,,,,,,,,,,,,,,,,,,,,,,,,,,,,,,,,,,,,,,,,,,,,,,,,,,,,,,,,,,,,,,,,
,,,2025-08-11_11h42.11.709,CFMT_CCMT_Face_recognition,03.02.2023,Win32,60.97560976,5ef07f0ba383185b3570273e,6899c7d7c4c961a016830ad3,6899c8bcaa3d34798c7a769e,,,,,,,,,,,,,,,,,,,,,,,,,,,,,,,,,,,,,,,,,,,,,,,,,,,120.1325,120.8818,4,0,4,0,1,,,,,,,,,,,,,,,,,,,,,,,,,,,,,,,,,,,,,,,,,,,,,,,,,,,,,,,,,,,,,,,,,,,,,,,,,,,,,,,,,,,,,,,,,,,,,,,,,,,,,,,,,,,,,,,,,,,,,,,,,,,,,,,,,,,,,
,,,2025-08-11_11h42.11.709,CFMT_CCMT_Face_recognition,03.02.2023,Win32,60.97560976,5ef07f0ba383185b3570273e,6899c7d7c4c961a016830ad3,6899c8bcaa3d34798c7a769e,,,,,,,,,,,,,,,,,,,,,,,,,,,,,,,,,,,,,,,,,,,,,,,,,,,120.8823,121.6325,5,0,5,0,1,,,,,,,,,,,,,,,,,,,,,,,,,,,,,,,,,,,,,,,,,,,,,,,,,,,,,,,,,,,,,,,,,,,,,,,,,,,,,,,,,,,,,,,,,,,,,,,,,,,,,,,,,,,,,,,,,,,,,,,,,,,,,,,,,,,,,
,,,2025-08-11_11h42.11.709,CFMT_CCMT_Face_recognition,03.02.2023,Win32,60.97560976,5ef07f0ba383185b3570273e,6899c7d7c4c961a016830ad3,6899c8bcaa3d34798c7a769e,,,,,,,,,,,,,,,,,,,,,,,,,,,,,,,,,,,,,,,,,,,,,,121.6335,1.777356879,123.3986,123.3986,123.3986,123.3996,124.1483,0,0,0,0,1,121.6326,121.6333,,0,,,,,,,,,,,,,,,,,,,,,,,,,,,,,,,,,,,,,,,,,,,,,,,,,,,,,,,,,,,,,,,,,,,,,,,,,,,,,,,,,,,,,,,,,,,,,,,,,,,,,,,,,,,,,,,,,,,,,,,,,,,,,,,,,
,,,2025-08-11_11h42.11.709,CFMT_CCMT_Face_recognition,03.02.2023,Win32,60.97560976,5ef07f0ba383185b3570273e,6899c7d7c4c961a016830ad3,6899c8bcaa3d34798c7a769e,,,,,,,,,,,,,,,,,,,,,,,,,,,,,,,,,,,,,,,,,,,,,,,,,,,124.1487,124.8989,1,0,1,0,1,,,,,,,,,,,,,,,,,,,,,,,,,,,,,,,,,,,,,,,,,,,,,,,,,,,,,,,,,,,,,,,,,,,,,,,,,,,,,,,,,,,,,,,,,,,,,,,,,,,,,,,,,,,,,,,,,,,,,,,,,,,,,,,,,,,,,
,,,2025-08-11_11h42.11.709,CFMT_CCMT_Face_recognition,03.02.2023,Win32,60.97560976,5ef07f0ba383185b3570273e,6899c7d7c4c961a016830ad3,6899c8bcaa3d34798c7a769e,,,,,,,,,,,,,,,,,,,,,,,,,,,,,,,,,,,,,,,,,,,,,,,,,,,124.8993,125.6484,2,0,2,0,1,,,,,,,,,,,,,,,,,,,,,,,,,,,,,,,,,,,,,,,,,,,,,,,,,,,,,,,,,,,,,,,,,,,,,,,,,,,,,,,,,,,,,,,,,,,,,,,,,,,,,,,,,,,,,,,,,,,,,,,,,,,,,,,,,,,,,
,,,2025-08-11_11h42.11.709,CFMT_CCMT_Face_recognition,03.02.2023,Win32,60.97560976,5ef07f0ba383185b3570273e,6899c7d7c4c961a016830ad3,6899c8bcaa3d34798c7a769e,,,,,,,,,,,,,,,,,,,,,,,,,,,,,,,,,,,,,,,,,,,,,,,,,,,125.6488,126.3992,3,0,3,0,1,,,,,,,,,,,,,,,,,,,,,,,,,,,,,,,,,,,,,,,,,,,,,,,,,,,,,,,,,,,,,,,,,,,,,,,,,,,,,,,,,,,,,,,,,,,,,,,,,,,,,,,,,,,,,,,,,,,,,,,,,,,,,,,,,,,,,
,,,2025-08-11_11h42.11.709,CFMT_CCMT_Face_recognition,03.02.2023,Win32,60.97560976,5ef07f0ba383185b3570273e,6899c7d7c4c961a016830ad3,6899c8bcaa3d34798c7a769e,,,,,,,,,,,,,,,,,,,,,,,,,,,,,,,,,,,,,,,,,,,,,,,,,,,126.3997,127.1488,4,0,4,0,1,,,,,,,,,,,,,,,,,,,,,,,,,,,,,,,,,,,,,,,,,,,,,,,,,,,,,,,,,,,,,,,,,,,,,,,,,,,,,,,,,,,,,,,,,,,,,,,,,,,,,,,,,,,,,,,,,,,,,,,,,,,,,,,,,,,,,
,,,2025-08-11_11h42.11.709,CFMT_CCMT_Face_recognition,03.02.2023,Win32,60.97560976,5ef07f0ba383185b3570273e,6899c7d7c4c961a016830ad3,6899c8bcaa3d34798c7a769e,,,,,,,,,,,,,,,,,,,,,,,,,,,,,,,,,,,,,,,,,,,,,,,,,,,127.1496,127.8986,5,0,5,0,1,,,,,,,,,,,,,,,,,,,,,,,,,,,,,,,,,,,,,,,,,,,,,,,,,,,,,,,,,,,,,,,,,,,,,,,,,,,,,,,,,,,,,,,,,,,,,,,,,,,,,,,,,,,,,,,,,,,,,,,,,,,,,,,,,,,,,
,,,2025-08-11_11h42.11.709,CFMT_CCMT_Face_recognition,03.02.2023,Win32,60.97560976,5ef07f0ba383185b3570273e,6899c7d7c4c961a016830ad3,6899c8bcaa3d34798c7a769e,,,,,,,,,,,,,,,,,,,,,,,,,,,,,,,,,,,,,,,,,,,,,,127.8998,1.924743988,129.815,129.815,129.815,129.8158,130.5656,0,0,0,0,1,127.8987,127.8996,,0,,,,,,,,,,,,,,,,,,,,,,,,,,,,,,,,,,,,,,,,,,,,,,,,,,,,,,,,,,,,,,,,,,,,,,,,,,,,,,,,,,,,,,,,,,,,,,,,,,,,,,,,,,,,,,,,,,,,,,,,,,,,,,,,,
,,,2025-08-11_11h42.11.709,CFMT_CCMT_Face_recognition,03.02.2023,Win32,60.97560976,5ef07f0ba383185b3570273e,6899c7d7c4c961a016830ad3,6899c8bcaa3d34798c7a769e,,,,,,,,,,,,,,,,,,,,,,,,,,,,,,,,,,,,,,,,,,,,,,,,,,,130.5662,131.3156,1,0,1,0,1,,,,,,,,,,,,,,,,,,,,,,,,,,,,,,,,,,,,,,,,,,,,,,,,,,,,,,,,,,,,,,,,,,,,,,,,,,,,,,,,,,,,,,,,,,,,,,,,,,,,,,,,,,,,,,,,,,,,,,,,,,,,,,,,,,,,,
,,,2025-08-11_11h42.11.709,CFMT_CCMT_Face_recognition,03.02.2023,Win32,60.97560976,5ef07f0ba383185b3570273e,6899c7d7c4c961a016830ad3,6899c8bcaa3d34798c7a769e,,,,,,,,,,,,,,,,,,,,,,,,,,,,,,,,,,,,,,,,,,,,,,,,,,,131.316,132.0655,2,0,2,0,1,,,,,,,,,,,,,,,,,,,,,,,,,,,,,,,,,,,,,,,,,,,,,,,,,,,,,,,,,,,,,,,,,,,,,,,,,,,,,,,,,,,,,,,,,,,,,,,,,,,,,,,,,,,,,,,,,,,,,,,,,,,,,,,,,,,,,
,,,2025-08-11_11h42.11.709,CFMT_CCMT_Face_recognition,03.02.2023,Win32,60.97560976,5ef07f0ba383185b3570273e,6899c7d7c4c961a016830ad3,6899c8bcaa3d34798c7a769e,,,,,,,,,,,,,,,,,,,,,,,,,,,,,,,,,,,,,,,,,,,,,,,,,,,132.0659,132.8149,3,0,3,0,1,,,,,,,,,,,,,,,,,,,,,,,,,,,,,,,,,,,,,,,,,,,,,,,,,,,,,,,,,,,,,,,,,,,,,,,,,,,,,,,,,,,,,,,,,,,,,,,,,,,,,,,,,,,,,,,,,,,,,,,,,,,,,,,,,,,,,
,,,2025-08-11_11h42.11.709,CFMT_CCMT_Face_recognition,03.02.2023,Win32,60.97560976,5ef07f0ba383185b3570273e,6899c7d7c4c961a016830ad3,6899c8bcaa3d34798c7a769e,,,,,,,,,,,,,,,,,,,,,,,,,,,,,,,,,,,,,,,,,,,,,,,,,,,132.8152,133.5652,4,0,4,0,1,,,,,,,,,,,,,,,,,,,,,,,,,,,,,,,,,,,,,,,,,,,,,,,,,,,,,,,,,,,,,,,,,,,,,,,,,,,,,,,,,,,,,,,,,,,,,,,,,,,,,,,,,,,,,,,,,,,,,,,,,,,,,,,,,,,,,
,,,2025-08-11_11h42.11.709,CFMT_CCMT_Face_recognition,03.02.2023,Win32,60.97560976,5ef07f0ba383185b3570273e,6899c7d7c4c961a016830ad3,6899c8bcaa3d34798c7a769e,,,,,,,,,,,,,,,,,,,,,,,,,,,,,,,,,,,,,,,,,,,,,,,,,,,133.5656,134.3154,5,0,5,0,1,,,,,,,,,,,,,,,,,,,,,,,,,,,,,,,,,,,,,,,,,,,,,,,,,,,,,,,,,,,,,,,,,,,,,,,,,,,,,,,,,,,,,,,,,,,,,,,,,,,,,,,,,,,,,,,,,,,,,,,,,,,,,,,,,,,,,
,,,2025-08-11_11h42.11.709,CFMT_CCMT_Face_recognition,03.02.2023,Win32,60.97560976,5ef07f0ba383185b3570273e,6899c7d7c4c961a016830ad3,6899c8bcaa3d34798c7a769e,,,,,,,,,,,,,,,,,,,,,,,,,,,,,,,,,,,,,,,,,,,,,,134.3168,2.411253848,136.7315,136.7316,136.7316,136.7325,137.4889,0,0,0,0,1,134.3156,134.3166,,0,,,,,,,,,,,,,,,,,,,,,,,,,,,,,,,,,,,,,,,,,,,,,,,,,,,,,,,,,,,,,,,,,,,,,,,,,,,,,,,,,,,,,,,,,,,,,,,,,,,,,,,,,,,,,,,,,,,,,,,,,,,,,,,,,
,,,2025-08-11_11h42.11.709,CFMT_CCMT_Face_recognition,03.02.2023,Win32,60.97560976,5ef07f0ba383185b3570273e,6899c7d7c4c961a016830ad3,6899c8bcaa3d34798c7a769e,,,,,,,,,,,,,,,,,,,,,,,,,,,,,,,,,,,,,,,,,,,,,,,,,,,137.4893,138.2322,1,0,1,0,1,,,,,,,,,,,,,,,,,,,,,,,,,,,,,,,,,,,,,,,,,,,,,,,,,,,,,,,,,,,,,,,,,,,,,,,,,,,,,,,,,,,,,,,,,,,,,,,,,,,,,,,,,,,,,,,,,,,,,,,,,,,,,,,,,,,,,
,,,2025-08-11_11h42.11.709,CFMT_CCMT_Face_recognition,03.02.2023,Win32,60.97560976,5ef07f0ba383185b3570273e,6899c7d7c4c961a016830ad3,6899c8bcaa3d34798c7a769e,,,,,,,,,,,,,,,,,,,,,,,,,,,,,,,,,,,,,,,,,,,,,,,,,,,138.2327,138.9823,2,0,2,0,1,,,,,,,,,,,,,,,,,,,,,,,,,,,,,,,,,,,,,,,,,,,,,,,,,,,,,,,,,,,,,,,,,,,,,,,,,,,,,,,,,,,,,,,,,,,,,,,,,,,,,,,,,,,,,,,,,,,,,,,,,,,,,,,,,,,,,
,,,2025-08-11_11h42.11.709,CFMT_CCMT_Face_recognition,03.02.2023,Win32,60.97560976,5ef07f0ba383185b3570273e,6899c7d7c4c961a016830ad3,6899c8bcaa3d34798c7a769e,,,,,,,,,,,,,,,,,,,,,,,,,,,,,,,,,,,,,,,,,,,,,,,,,,,138.9827,139.7324,3,0,3,0,1,,,,,,,,,,,,,,,,,,,,,,,,,,,,,,,,,,,,,,,,,,,,,,,,,,,,,,,,,,,,,,,,,,,,,,,,,,,,,,,,,,,,,,,,,,,,,,,,,,,,,,,,,,,,,,,,,,,,,,,,,,,,,,,,,,,,,
,,,2025-08-11_11h42.11.709,CFMT_CCMT_Face_recognition,03.02.2023,Win32,60.97560976,5ef07f0ba383185b3570273e,6899c7d7c4c961a016830ad3,6899c8bcaa3d34798c7a769e,,,,,,,,,,,,,,,,,,,,,,,,,,,,,,,,,,,,,,,,,,,,,,,,,,,139.7328,140.482,4,0,4,0,1,,,,,,,,,,,,,,,,,,,,,,,,,,,,,,,,,,,,,,,,,,,,,,,,,,,,,,,,,,,,,,,,,,,,,,,,,,,,,,,,,,,,,,,,,,,,,,,,,,,,,,,,,,,,,,,,,,,,,,,,,,,,,,,,,,,,,
,,,2025-08-11_11h42.11.709,CFMT_CCMT_Face_recognition,03.02.2023,Win32,60.97560976,5ef07f0ba383185b3570273e,6899c7d7c4c961a016830ad3,6899c8bcaa3d34798c7a769e,,,,,,,,,,,,,,,,,,,,,,,,,,,,,,,,,,,,,,,,,,,,,,,,,,,140.4825,141.2322,5,0,5,0,1,,,,,,,,,,,,,,,,,,,,,,,,,,,,,,,,,,,,,,,,,,,,,,,,,,,,,,,,,,,,,,,,,,,,,,,,,,,,,,,,,,,,,,,,,,,,,,,,,,,,,,,,,,,,,,,,,,,,,,,,,,,,,,,,,,,,,
,,,2025-08-11_11h42.11.709,CFMT_CCMT_Face_recognition,03.02.2023,Win32,60.97560976,5ef07f0ba383185b3570273e,6899c7d7c4c961a016830ad3,6899c8bcaa3d34798c7a769e,,,,,,,,,,,,,,,,,,,,,,,,,,,,,,,,,,,,,,,,,,,,,,141.2334,1.572168252,142.7987,142.7988,142.7988,142.7996,143.5486,0,0,0,0,1,141.2324,141.2332,,0,,,,,,,,,,,,,,,,,,,,,,,,,,,,,,,,,,,,,,,,,,,,,,,,,,,,,,,,,,,,,,,,,,,,,,,,,,,,,,,,,,,,,,,,,,,,,,,,,,,,,,,,,,,,,,,,,,,,,,,,,,,,,,,,,
,,,2025-08-11_11h42.11.709,CFMT_CCMT_Face_recognition,03.02.2023,Win32,60.97560976,5ef07f0ba383185b3570273e,6899c7d7c4c961a016830ad3,6899c8bcaa3d34798c7a769e,,,,,,,,,,,,,,,,,,,,,,,,,,,,,,,,,,,,,,,,,,,,,,,,,,,143.5489,144.2992,1,0,1,0,1,,,,,,,,,,,,,,,,,,,,,,,,,,,,,,,,,,,,,,,,,,,,,,,,,,,,,,,,,,,,,,,,,,,,,,,,,,,,,,,,,,,,,,,,,,,,,,,,,,,,,,,,,,,,,,,,,,,,,,,,,,,,,,,,,,,,,
,,,2025-08-11_11h42.11.709,CFMT_CCMT_Face_recognition,03.02.2023,Win32,60.97560976,5ef07f0ba383185b3570273e,6899c7d7c4c961a016830ad3,6899c8bcaa3d34798c7a769e,,,,,,,,,,,,,,,,,,,,,,,,,,,,,,,,,,,,,,,,,,,,,,,,,,,144.2996,145.0487,2,0,2,0,1,,,,,,,,,,,,,,,,,,,,,,,,,,,,,,,,,,,,,,,,,,,,,,,,,,,,,,,,,,,,,,,,,,,,,,,,,,,,,,,,,,,,,,,,,,,,,,,,,,,,,,,,,,,,,,,,,,,,,,,,,,,,,,,,,,,,,
,,,2025-08-11_11h42.11.709,CFMT_CCMT_Face_recognition,03.02.2023,Win32,60.97560976,5ef07f0ba383185b3570273e,6899c7d7c4c961a016830ad3,6899c8bcaa3d34798c7a769e,,,,,,,,,,,,,,,,,,,,,,,,,,,,,,,,,,,,,,,,,,,,,,,,,,,145.0491,145.7981,3,0,3,0,1,,,,,,,,,,,,,,,,,,,,,,,,,,,,,,,,,,,,,,,,,,,,,,,,,,,,,,,,,,,,,,,,,,,,,,,,,,,,,,,,,,,,,,,,,,,,,,,,,,,,,,,,,,,,,,,,,,,,,,,,,,,,,,,,,,,,,
,,,2025-08-11_11h42.11.709,CFMT_CCMT_Face_recognition,03.02.2023,Win32,60.97560976,5ef07f0ba383185b3570273e,6899c7d7c4c961a016830ad3,6899c8bcaa3d34798c7a769e,,,,,,,,,,,,,,,,,,,,,,,,,,,,,,,,,,,,,,,,,,,,,,,,,,,145.7985,146.5492,4,0,4,0,1,,,,,,,,,,,,,,,,,,,,,,,,,,,,,,,,,,,,,,,,,,,,,,,,,,,,,,,,,,,,,,,,,,,,,,,,,,,,,,,,,,,,,,,,,,,,,,,,,,,,,,,,,,,,,,,,,,,,,,,,,,,,,,,,,,,,,
,,,2025-08-11_11h42.11.709,CFMT_CCMT_Face_recognition,03.02.2023,Win32,60.97560976,5ef07f0ba383185b3570273e,6899c7d7c4c961a016830ad3,6899c8bcaa3d34798c7a769e,,,,,,,,,,,,,,,,,,,,,,,,,,,,,,,,,,,,,,,,,,,,,,,,,,,146.5496,147.2987,5,0,5,0,1,,,,,,,,,,,,,,,,,,,,,,,,,,,,,,,,,,,,,,,,,,,,,,,,,,,,,,,,,,,,,,,,,,,,,,,,,,,,,,,,,,,,,,,,,,,,,,,,,,,,,,,,,,,,,,,,,,,,,,,,,,,,,,,,,,,,,
,,,2025-08-11_11h42.11.709,CFMT_CCMT_Face_recognition,03.02.2023,Win32,60.97560976,5ef07f0ba383185b3570273e,6899c7d7c4c961a016830ad3,6899c8bcaa3d34798c7a769e,,,,,,,,,,,,,,,,,,,,,,,,,,,,,,,,,,,,,,,,,,,,,,147.3,1.650553977,148.9381,148.9381,148.9382,148.9393,149.6822,0,0,0,0,1,147.2988,147.2998,,0,,,,,,,,,,,,,,,,,,,,,,,,,,,,,,,,,,,,,,,,,,,,,,,,,,,,,,,,,,,,,,,,,,,,,,,,,,,,,,,,,,,,,,,,,,,,,,,,,,,,,,,,,,,,,,,,,,,,,,,,,,,,,,,,,
,,,2025-08-11_11h42.11.709,CFMT_CCMT_Face_recognition,03.02.2023,Win32,60.97560976,5ef07f0ba383185b3570273e,6899c7d7c4c961a016830ad3,6899c8bcaa3d34798c7a769e,,,,,,,,,,,,,,,,,,,,,,,,,,,,,,,,,,,,,,,,,,,,,,,,,,,149.6826,150.4318,1,0,1,0,1,,,,,,,,,,,,,,,,,,,,,,,,,,,,,,,,,,,,,,,,,,,,,,,,,,,,,,,,,,,,,,,,,,,,,,,,,,,,,,,,,,,,,,,,,,,,,,,,,,,,,,,,,,,,,,,,,,,,,,,,,,,,,,,,,,,,,
,,,2025-08-11_11h42.11.709,CFMT_CCMT_Face_recognition,03.02.2023,Win32,60.97560976,5ef07f0ba383185b3570273e,6899c7d7c4c961a016830ad3,6899c8bcaa3d34798c7a769e,,,,,,,,,,,,,,,,,,,,,,,,,,,,,,,,,,,,,,,,,,,,,,,,,,,150.4321,151.1826,2,0,2,0,1,,,,,,,,,,,,,,,,,,,,,,,,,,,,,,,,,,,,,,,,,,,,,,,,,,,,,,,,,,,,,,,,,,,,,,,,,,,,,,,,,,,,,,,,,,,,,,,,,,,,,,,,,,,,,,,,,,,,,,,,,,,,,,,,,,,,,
,,,2025-08-11_11h42.11.709,CFMT_CCMT_Face_recognition,03.02.2023,Win32,60.97560976,5ef07f0ba383185b3570273e,6899c7d7c4c961a016830ad3,6899c8bcaa3d34798c7a769e,,,,,,,,,,,,,,,,,,,,,,,,,,,,,,,,,,,,,,,,,,,,,,,,,,,151.1829,151.932,3,0,3,0,1,,,,,,,,,,,,,,,,,,,,,,,,,,,,,,,,,,,,,,,,,,,,,,,,,,,,,,,,,,,,,,,,,,,,,,,,,,,,,,,,,,,,,,,,,,,,,,,,,,,,,,,,,,,,,,,,,,,,,,,,,,,,,,,,,,,,,
,,,2025-08-11_11h42.11.709,CFMT_CCMT_Face_recognition,03.02.2023,Win32,60.97560976,5ef07f0ba383185b3570273e,6899c7d7c4c961a016830ad3,6899c8bcaa3d34798c7a769e,,,,,,,,,,,,,,,,,,,,,,,,,,,,,,,,,,,,,,,,,,,,,,,,,,,151.9323,152.6818,4,0,4,0,1,,,,,,,,,,,,,,,,,,,,,,,,,,,,,,,,,,,,,,,,,,,,,,,,,,,,,,,,,,,,,,,,,,,,,,,,,,,,,,,,,,,,,,,,,,,,,,,,,,,,,,,,,,,,,,,,,,,,,,,,,,,,,,,,,,,,,
,,,2025-08-11_11h42.11.709,CFMT_CCMT_Face_recognition,03.02.2023,Win32,60.97560976,5ef07f0ba383185b3570273e,6899c7d7c4c961a016830ad3,6899c8bcaa3d34798c7a769e,,,,,,,,,,,,,,,,,,,,,,,,,,,,,,,,,,,,,,,,,,,,,,,,,,,152.6821,153.4323,5,0,5,0,1,,,,,,,,,,,,,,,,,,,,,,,,,,,,,,,,,,,,,,,,,,,,,,,,,,,,,,,,,,,,,,,,,,,,,,,,,,,,,,,,,,,,,,,,,,,,,,,,,,,,,,,,,,,,,,,,,,,,,,,,,,,,,,,,,,,,,
,,,2025-08-11_11h42.11.709,CFMT_CCMT_Face_recognition,03.02.2023,Win32,60.97560976,5ef07f0ba383185b3570273e,6899c7d7c4c961a016830ad3,6899c8bcaa3d34798c7a769e,,,,,,,,,,,,,,,,,,,,,,,,,,,,,,,,,,,,,,,,,,,,,,156.4488,2.044668082,158.4823,158.4824,158.4824,158.4831,159.2323,0,0,0,0,1,153.4325,156.4483,p,1,3.0122,,,,,,,,,,,,,,,,,,,,,,,,,,,,,,,,,,,,,,,,,,,,,,,,,,,,,,,,,,,,,,,,,,,,,,,,,,,,,,,,,,,,,,,,,,,,,,,,,,,,,,,,,,,,,,,,,,,,,,,,,,,,,,,,
,,,2025-08-11_11h42.11.709,CFMT_CCMT_Face_recognition,03.02.2023,Win32,60.97560976,5ef07f0ba383185b3570273e,6899c7d7c4c961a016830ad3,6899c8bcaa3d34798c7a769e,,,,,,,,,,,,,,,,,,,,,,,,,,,,,,,,,,,,,,,,,,,,,,,,,,,159.2327,159.9823,1,0,1,0,1,,,,,,,,,,,,,,,,,,,,,,,,,,,,,,,,,,,,,,,,,,,,,,,,,,,,,,,,,,,,,,,,,,,,,,,,,,,,,,,,,,,,,,,,,,,,,,,,,,,,,,,,,,,,,,,,,,,,,,,,,,,,,,,,,,,,,
,,,2025-08-11_11h42.11.709,CFMT_CCMT_Face_recognition,03.02.2023,Win32,60.97560976,5ef07f0ba383185b3570273e,6899c7d7c4c961a016830ad3,6899c8bcaa3d34798c7a769e,,,,,,,,,,,,,,,,,,,,,,,,,,,,,,,,,,,,,,,,,,,,,,,,,,,159.9827,160.7322,2,0,2,0,1,,,,,,,,,,,,,,,,,,,,,,,,,,,,,,,,,,,,,,,,,,,,,,,,,,,,,,,,,,,,,,,,,,,,,,,,,,,,,,,,,,,,,,,,,,,,,,,,,,,,,,,,,,,,,,,,,,,,,,,,,,,,,,,,,,,,,
,,,2025-08-11_11h42.11.709,CFMT_CCMT_Face_recognition,03.02.2023,Win32,60.97560976,5ef07f0ba383185b3570273e,6899c7d7c4c961a016830ad3,6899c8bcaa3d34798c7a769e,,,,,,,,,,,,,,,,,,,,,,,,,,,,,,,,,,,,,,,,,,,,,,,,,,,160.7327,161.4822,3,0,3,0,1,,,,,,,,,,,,,,,,,,,,,,,,,,,,,,,,,,,,,,,,,,,,,,,,,,,,,,,,,,,,,,,,,,,,,,,,,,,,,,,,,,,,,,,,,,,,,,,,,,,,,,,,,,,,,,,,,,,,,,,,,,,,,,,,,,,,,
,,,2025-08-11_11h42.11.709,CFMT_CCMT_Face_recognition,03.02.2023,Win32,60.97560976,5ef07f0ba383185b3570273e,6899c7d7c4c961a016830ad3,6899c8bcaa3d34798c7a769e,,,,,,,,,,,,,,,,,,,,,,,,,,,,,,,,,,,,,,,,,,,,,,,,,,,161.4827,162.232,4,0,4,0,1,,,,,,,,,,,,,,,,,,,,,,,,,,,,,,,,,,,,,,,,,,,,,,,,,,,,,,,,,,,,,,,,,,,,,,,,,,,,,,,,,,,,,,,,,,,,,,,,,,,,,,,,,,,,,,,,,,,,,,,,,,,,,,,,,,,,,
,,,2025-08-11_11h42.11.709,CFMT_CCMT_Face_recognition,03.02.2023,Win32,60.97560976,5ef07f0ba383185b3570273e,6899c7d7c4c961a016830ad3,6899c8bcaa3d34798c7a769e,,,,,,,,,,,,,,,,,,,,,,,,,,,,,,,,,,,,,,,,,,,,,,,,,,,162.2324,162.9822,5,0,5,0,1,,,,,,,,,,,,,,,,,,,,,,,,,,,,,,,,,,,,,,,,,,,,,,,,,,,,,,,,,,,,,,,,,,,,,,,,,,,,,,,,,,,,,,,,,,,,,,,,,,,,,,,,,,,,,,,,,,,,,,,,,,,,,,,,,,,,,
,,,2025-08-11_11h42.11.709,CFMT_CCMT_Face_recognition,03.02.2023,Win32,60.97560976,5ef07f0ba383185b3570273e,6899c7d7c4c961a016830ad3,6899c8bcaa3d34798c7a769e,,,,,,,,,,,,,,,,,,,,,,,,,,,,,,,,,,,,,,,,,,,,,,162.9835,2.444731312,165.4323,165.4323,165.4323,165.4331,166.1822,0,0,0,0,1,162.9822,162.9831,,0,,,,,,,,,,,,,,,,,,,,,,,,,,,,,,,,,,,,,,,,,,,,,,,,,,,,,,,,,,,,,,,,,,,,,,,,,,,,,,,,,,,,,,,,,,,,,,,,,,,,,,,,,,,,,,,,,,,,,,,,,,,,,,,,,
,,,2025-08-11_11h42.11.709,CFMT_CCMT_Face_recognition,03.02.2023,Win32,60.97560976,5ef07f0ba383185b3570273e,6899c7d7c4c961a016830ad3,6899c8bcaa3d34798c7a769e,,,,,,,,,,,,,,,,,,,,,,,,,,,,,,,,,,,,,,,,,,,,,,,,,,,166.1826,166.9324,1,0,1,0,1,,,,,,,,,,,,,,,,,,,,,,,,,,,,,,,,,,,,,,,,,,,,,,,,,,,,,,,,,,,,,,,,,,,,,,,,,,,,,,,,,,,,,,,,,,,,,,,,,,,,,,,,,,,,,,,,,,,,,,,,,,,,,,,,,,,,,
,,,2025-08-11_11h42.11.709,CFMT_CCMT_Face_recognition,03.02.2023,Win32,60.97560976,5ef07f0ba383185b3570273e,6899c7d7c4c961a016830ad3,6899c8bcaa3d34798c7a769e,,,,,,,,,,,,,,,,,,,,,,,,,,,,,,,,,,,,,,,,,,,,,,,,,,,166.9328,167.6821,2,0,2,0,1,,,,,,,,,,,,,,,,,,,,,,,,,,,,,,,,,,,,,,,,,,,,,,,,,,,,,,,,,,,,,,,,,,,,,,,,,,,,,,,,,,,,,,,,,,,,,,,,,,,,,,,,,,,,,,,,,,,,,,,,,,,,,,,,,,,,,
,,,2025-08-11_11h42.11.709,CFMT_CCMT_Face_recognition,03.02.2023,Win32,60.97560976,5ef07f0ba383185b3570273e,6899c7d7c4c961a016830ad3,6899c8bcaa3d34798c7a769e,,,,,,,,,,,,,,,,,,,,,,,,,,,,,,,,,,,,,,,,,,,,,,,,,,,167.6825,168.432,3,0,3,0,1,,,,,,,,,,,,,,,,,,,,,,,,,,,,,,,,,,,,,,,,,,,,,,,,,,,,,,,,,,,,,,,,,,,,,,,,,,,,,,,,,,,,,,,,,,,,,,,,,,,,,,,,,,,,,,,,,,,,,,,,,,,,,,,,,,,,,
,,,2025-08-11_11h42.11.709,CFMT_CCMT_Face_recognition,03.02.2023,Win32,60.97560976,5ef07f0ba383185b3570273e,6899c7d7c4c961a016830ad3,6899c8bcaa3d34798c7a769e,,,,,,,,,,,,,,,,,,,,,,,,,,,,,,,,,,,,,,,,,,,,,,,,,,,168.4324,169.1822,4,0,4,0,1,,,,,,,,,,,,,,,,,,,,,,,,,,,,,,,,,,,,,,,,,,,,,,,,,,,,,,,,,,,,,,,,,,,,,,,,,,,,,,,,,,,,,,,,,,,,,,,,,,,,,,,,,,,,,,,,,,,,,,,,,,,,,,,,,,,,,
,,,2025-08-11_11h42.11.709,CFMT_CCMT_Face_recognition,03.02.2023,Win32,60.97560976,5ef07f0ba383185b3570273e,6899c7d7c4c961a016830ad3,6899c8bcaa3d34798c7a769e,,,,,,,,,,,,,,,,,,,,,,,,,,,,,,,,,,,,,,,,,,,,,,,,,,,169.1824,169.9321,5,0,5,0,1,,,,,,,,,,,,,,,,,,,,,,,,,,,,,,,,,,,,,,,,,,,,,,,,,,,,,,,,,,,,,,,,,,,,,,,,,,,,,,,,,,,,,,,,,,,,,,,,,,,,,,,,,,,,,,,,,,,,,,,,,,,,,,,,,,,,,
,,,2025-08-11_11h42.11.709,CFMT_CCMT_Face_recognition,03.02.2023,Win32,60.97560976,5ef07f0ba383185b3570273e,6899c7d7c4c961a016830ad3,6899c8bcaa3d34798c7a769e,,,,,,,,,,,,,,,,,,,,,,,,,,,,,,,,,,,,,,,,,,,,,,169.934,1.673375067,171.5989,171.5989,171.5989,171.5998,172.3488,0,0,0,0,1,169.9324,169.9337,,0,,,,,,,,,,,,,,,,,,,,,,,,,,,,,,,,,,,,,,,,,,,,,,,,,,,,,,,,,,,,,,,,,,,,,,,,,,,,,,,,,,,,,,,,,,,,,,,,,,,,,,,,,,,,,,,,,,,,,,,,,,,,,,,,,
,,,2025-08-11_11h42.11.709,CFMT_CCMT_Face_recognition,03.02.2023,Win32,60.97560976,5ef07f0ba383185b3570273e,6899c7d7c4c961a016830ad3,6899c8bcaa3d34798c7a769e,,,,,,,,,,,,,,,,,,,,,,,,,,,,,,,,,,,,,,,,,,,,,,,,,,,172.3493,173.0981,1,0,1,0,1,,,,,,,,,,,,,,,,,,,,,,,,,,,,,,,,,,,,,,,,,,,,,,,,,,,,,,,,,,,,,,,,,,,,,,,,,,,,,,,,,,,,,,,,,,,,,,,,,,,,,,,,,,,,,,,,,,,,,,,,,,,,,,,,,,,,,
,,,2025-08-11_11h42.11.709,CFMT_CCMT_Face_recognition,03.02.2023,Win32,60.97560976,5ef07f0ba383185b3570273e,6899c7d7c4c961a016830ad3,6899c8bcaa3d34798c7a769e,,,,,,,,,,,,,,,,,,,,,,,,,,,,,,,,,,,,,,,,,,,,,,,,,,,173.0986,173.8488,2,0,2,0,1,,,,,,,,,,,,,,,,,,,,,,,,,,,,,,,,,,,,,,,,,,,,,,,,,,,,,,,,,,,,,,,,,,,,,,,,,,,,,,,,,,,,,,,,,,,,,,,,,,,,,,,,,,,,,,,,,,,,,,,,,,,,,,,,,,,,,
,,,2025-08-11_11h42.11.709,CFMT_CCMT_Face_recognition,03.02.2023,Win32,60.97560976,5ef07f0ba383185b3570273e,6899c7d7c4c961a016830ad3,6899c8bcaa3d34798c7a769e,,,,,,,,,,,,,,,,,,,,,,,,,,,,,,,,,,,,,,,,,,,,,,,,,,,173.8493,174.5985,3,0,3,0,1,,,,,,,,,,,,,,,,,,,,,,,,,,,,,,,,,,,,,,,,,,,,,,,,,,,,,,,,,,,,,,,,,,,,,,,,,,,,,,,,,,,,,,,,,,,,,,,,,,,,,,,,,,,,,,,,,,,,,,,,,,,,,,,,,,,,,
,,,2025-08-11_11h42.11.709,CFMT_CCMT_Face_recognition,03.02.2023,Win32,60.97560976,5ef07f0ba383185b3570273e,6899c7d7c4c961a016830ad3,6899c8bcaa3d34798c7a769e,,,,,,,,,,,,,,,,,,,,,,,,,,,,,,,,,,,,,,,,,,,,,,,,,,,174.5989,175.3489,4,0,4,0,1,,,,,,,,,,,,,,,,,,,,,,,,,,,,,,,,,,,,,,,,,,,,,,,,,,,,,,,,,,,,,,,,,,,,,,,,,,,,,,,,,,,,,,,,,,,,,,,,,,,,,,,,,,,,,,,,,,,,,,,,,,,,,,,,,,,,,
,,,2025-08-11_11h42.11.709,CFMT_CCMT_Face_recognition,03.02.2023,Win32,60.97560976,5ef07f0ba383185b3570273e,6899c7d7c4c961a016830ad3,6899c8bcaa3d34798c7a769e,,,,,,,,,,,,,,,,,,,,,,,,,,,,,,,,,,,,,,,,,,,,,,,,,,,175.3493,176.0988,5,0,5,0,1,,,,,,,,,,,,,,,,,,,,,,,,,,,,,,,,,,,,,,,,,,,,,,,,,,,,,,,,,,,,,,,,,,,,,,,,,,,,,,,,,,,,,,,,,,,,,,,,,,,,,,,,,,,,,,,,,,,,,,,,,,,,,,,,,,,,,
,,,2025-08-11_11h42.11.709,CFMT_CCMT_Face_recognition,03.02.2023,Win32,60.97560976,5ef07f0ba383185b3570273e,6899c7d7c4c961a016830ad3,6899c8bcaa3d34798c7a769e,,,,,,,,,,,,,,,,,,,,,,,,,,,,,,,,,,,,,,,,,,,,,,179.2658,1.878691045,181.1489,181.149,181.1491,181.1498,181.8986,0,0,0,0,1,176.0989,179.2655,q,1,3.1564,,,,,,,,,,,,,,,,,,,,,,,,,,,,,,,,,,,,,,,,,,,,,,,,,,,,,,,,,,,,,,,,,,,,,,,,,,,,,,,,,,,,,,,,,,,,,,,,,,,,,,,,,,,,,,,,,,,,,,,,,,,,,,,,
,,,2025-08-11_11h42.11.709,CFMT_CCMT_Face_recognition,03.02.2023,Win32,60.97560976,5ef07f0ba383185b3570273e,6899c7d7c4c961a016830ad3,6899c8bcaa3d34798c7a769e,,,,,,,,,,,,,,,,,,,,,,,,,,,,,,,,,,,,,,,,,,,,,,,,,,,181.8989,182.6489,1,0,1,0,1,,,,,,,,,,,,,,,,,,,,,,,,,,,,,,,,,,,,,,,,,,,,,,,,,,,,,,,,,,,,,,,,,,,,,,,,,,,,,,,,,,,,,,,,,,,,,,,,,,,,,,,,,,,,,,,,,,,,,,,,,,,,,,,,,,,,,
,,,2025-08-11_11h42.11.709,CFMT_CCMT_Face_recognition,03.02.2023,Win32,60.97560976,5ef07f0ba383185b3570273e,6899c7d7c4c961a016830ad3,6899c8bcaa3d34798c7a769e,,,,,,,,,,,,,,,,,,,,,,,,,,,,,,,,,,,,,,,,,,,,,,,,,,,182.6493,183.3988,2,0,2,0,1,,,,,,,,,,,,,,,,,,,,,,,,,,,,,,,,,,,,,,,,,,,,,,,,,,,,,,,,,,,,,,,,,,,,,,,,,,,,,,,,,,,,,,,,,,,,,,,,,,,,,,,,,,,,,,,,,,,,,,,,,,,,,,,,,,,,,
,,,2025-08-11_11h42.11.709,CFMT_CCMT_Face_recognition,03.02.2023,Win32,60.97560976,5ef07f0ba383185b3570273e,6899c7d7c4c961a016830ad3,6899c8bcaa3d34798c7a769e,,,,,,,,,,,,,,,,,,,,,,,,,,,,,,,,,,,,,,,,,,,,,,,,,,,183.3992,184.1488,3,0,3,0,1,,,,,,,,,,,,,,,,,,,,,,,,,,,,,,,,,,,,,,,,,,,,,,,,,,,,,,,,,,,,,,,,,,,,,,,,,,,,,,,,,,,,,,,,,,,,,,,,,,,,,,,,,,,,,,,,,,,,,,,,,,,,,,,,,,,,,
,,,2025-08-11_11h42.11.709,CFMT_CCMT_Face_recognition,03.02.2023,Win32,60.97560976,5ef07f0ba383185b3570273e,6899c7d7c4c961a016830ad3,6899c8bcaa3d34798c7a769e,,,,,,,,,,,,,,,,,,,,,,,,,,,,,,,,,,,,,,,,,,,,,,,,,,,184.1492,184.8988,4,0,4,0,1,,,,,,,,,,,,,,,,,,,,,,,,,,,,,,,,,,,,,,,,,,,,,,,,,,,,,,,,,,,,,,,,,,,,,,,,,,,,,,,,,,,,,,,,,,,,,,,,,,,,,,,,,,,,,,,,,,,,,,,,,,,,,,,,,,,,,
,,,2025-08-11_11h42.11.709,CFMT_CCMT_Face_recognition,03.02.2023,Win32,60.97560976,5ef07f0ba383185b3570273e,6899c7d7c4c961a016830ad3,6899c8bcaa3d34798c7a769e,,,,,,,,,,,,,,,,,,,,,,,,,,,,,,,,,,,,,,,,,,,,,,,,,,,184.8993,185.6489,5,0,5,0,1,,,,,,,,,,,,,,,,,,,,,,,,,,,,,,,,,,,,,,,,,,,,,,,,,,,,,,,,,,,,,,,,,,,,,,,,,,,,,,,,,,,,,,,,,,,,,,,,,,,,,,,,,,,,,,,,,,,,,,,,,,,,,,,,,,,,,
,,,2025-08-11_11h42.11.709,CFMT_CCMT_Face_recognition,03.02.2023,Win32,60.97560976,5ef07f0ba383185b3570273e,6899c7d7c4c961a016830ad3,6899c8bcaa3d34798c7a769e,,,,,,,,,,,,,,,,,,,,,,,,,,,,,,,,,,,,,,,,,,,,,,185.6507,2.111372497,187.7658,187.7658,187.7658,187.7667,188.516,0,0,0,0,1,185.649,185.6504,,0,,,,,,,,,,,,,,,,,,,,,,,,,,,,,,,,,,,,,,,,,,,,,,,,,,,,,,,,,,,,,,,,,,,,,,,,,,,,,,,,,,,,,,,,,,,,,,,,,,,,,,,,,,,,,,,,,,,,,,,,,,,,,,,,,
,,,2025-08-11_11h42.11.709,CFMT_CCMT_Face_recognition,03.02.2023,Win32,60.97560976,5ef07f0ba383185b3570273e,6899c7d7c4c961a016830ad3,6899c8bcaa3d34798c7a769e,,,,,,,,,,,,,,,,,,,,,,,,,,,,,,,,,,,,,,,,,,,,,,,,,,,188.5167,189.2653,1,0,1,0,1,,,,,,,,,,,,,,,,,,,,,,,,,,,,,,,,,,,,,,,,,,,,,,,,,,,,,,,,,,,,,,,,,,,,,,,,,,,,,,,,,,,,,,,,,,,,,,,,,,,,,,,,,,,,,,,,,,,,,,,,,,,,,,,,,,,,,
,,,2025-08-11_11h42.11.709,CFMT_CCMT_Face_recognition,03.02.2023,Win32,60.97560976,5ef07f0ba383185b3570273e,6899c7d7c4c961a016830ad3,6899c8bcaa3d34798c7a769e,,,,,,,,,,,,,,,,,,,,,,,,,,,,,,,,,,,,,,,,,,,,,,,,,,,189.2658,190.0157,2,0,2,0,1,,,,,,,,,,,,,,,,,,,,,,,,,,,,,,,,,,,,,,,,,,,,,,,,,,,,,,,,,,,,,,,,,,,,,,,,,,,,,,,,,,,,,,,,,,,,,,,,,,,,,,,,,,,,,,,,,,,,,,,,,,,,,,,,,,,,,
,,,2025-08-11_11h42.11.709,CFMT_CCMT_Face_recognition,03.02.2023,Win32,60.97560976,5ef07f0ba383185b3570273e,6899c7d7c4c961a016830ad3,6899c8bcaa3d34798c7a769e,,,,,,,,,,,,,,,,,,,,,,,,,,,,,,,,,,,,,,,,,,,,,,,,,,,190.0161,190.7657,3,0,3,0,1,,,,,,,,,,,,,,,,,,,,,,,,,,,,,,,,,,,,,,,,,,,,,,,,,,,,,,,,,,,,,,,,,,,,,,,,,,,,,,,,,,,,,,,,,,,,,,,,,,,,,,,,,,,,,,,,,,,,,,,,,,,,,,,,,,,,,
,,,2025-08-11_11h42.11.709,CFMT_CCMT_Face_recognition,03.02.2023,Win32,60.97560976,5ef07f0ba383185b3570273e,6899c7d7c4c961a016830ad3,6899c8bcaa3d34798c7a769e,,,,,,,,,,,,,,,,,,,,,,,,,,,,,,,,,,,,,,,,,,,,,,,,,,,190.7662,191.5156,4,0,4,0,1,,,,,,,,,,,,,,,,,,,,,,,,,,,,,,,,,,,,,,,,,,,,,,,,,,,,,,,,,,,,,,,,,,,,,,,,,,,,,,,,,,,,,,,,,,,,,,,,,,,,,,,,,,,,,,,,,,,,,,,,,,,,,,,,,,,,,
,,,2025-08-11_11h42.11.709,CFMT_CCMT_Face_recognition,03.02.2023,Win32,60.97560976,5ef07f0ba383185b3570273e,6899c7d7c4c961a016830ad3,6899c8bcaa3d34798c7a769e,,,,,,,,,,,,,,,,,,,,,,,,,,,,,,,,,,,,,,,,,,,,,,,,,,,191.5159,192.2654,5,0,5,0,1,,,,,,,,,,,,,,,,,,,,,,,,,,,,,,,,,,,,,,,,,,,,,,,,,,,,,,,,,,,,,,,,,,,,,,,,,,,,,,,,,,,,,,,,,,,,,,,,,,,,,,,,,,,,,,,,,,,,,,,,,,,,,,,,,,,,,
,,,2025-08-11_11h42.11.709,CFMT_CCMT_Face_recognition,03.02.2023,Win32,60.97560976,5ef07f0ba383185b3570273e,6899c7d7c4c961a016830ad3,6899c8bcaa3d34798c7a769e,,,,,,,,,,,,,,,,,,,,,,,,,,,,,,,,,,,,,,,,,,,,,,192.2668,2.37328733,194.632,194.632,194.6321,194.6327,195.3822,0,0,0,0,1,192.2655,192.2666,,0,,,,,,,,,,,,,,,,,,,,,,,,,,,,,,,,,,,,,,,,,,,,,,,,,,,,,,,,,,,,,,,,,,,,,,,,,,,,,,,,,,,,,,,,,,,,,,,,,,,,,,,,,,,,,,,,,,,,,,,,,,,,,,,,,
,,,2025-08-11_11h42.11.709,CFMT_CCMT_Face_recognition,03.02.2023,Win32,60.97560976,5ef07f0ba383185b3570273e,6899c7d7c4c961a016830ad3,6899c8bcaa3d34798c7a769e,,,,,,,,,,,,,,,,,,,,,,,,,,,,,,,,,,,,,,,,,,,,,,,,,,,195.3826,196.1324,1,0,1,0,1,,,,,,,,,,,,,,,,,,,,,,,,,,,,,,,,,,,,,,,,,,,,,,,,,,,,,,,,,,,,,,,,,,,,,,,,,,,,,,,,,,,,,,,,,,,,,,,,,,,,,,,,,,,,,,,,,,,,,,,,,,,,,,,,,,,,,
,,,2025-08-11_11h42.11.709,CFMT_CCMT_Face_recognition,03.02.2023,Win32,60.97560976,5ef07f0ba383185b3570273e,6899c7d7c4c961a016830ad3,6899c8bcaa3d34798c7a769e,,,,,,,,,,,,,,,,,,,,,,,,,,,,,,,,,,,,,,,,,,,,,,,,,,,196.1328,196.8818,2,0,2,0,1,,,,,,,,,,,,,,,,,,,,,,,,,,,,,,,,,,,,,,,,,,,,,,,,,,,,,,,,,,,,,,,,,,,,,,,,,,,,,,,,,,,,,,,,,,,,,,,,,,,,,,,,,,,,,,,,,,,,,,,,,,,,,,,,,,,,,
,,,2025-08-11_11h42.11.709,CFMT_CCMT_Face_recognition,03.02.2023,Win32,60.97560976,5ef07f0ba383185b3570273e,6899c7d7c4c961a016830ad3,6899c8bcaa3d34798c7a769e,,,,,,,,,,,,,,,,,,,,,,,,,,,,,,,,,,,,,,,,,,,,,,,,,,,196.8819,197.6322,3,0,3,0,1,,,,,,,,,,,,,,,,,,,,,,,,,,,,,,,,,,,,,,,,,,,,,,,,,,,,,,,,,,,,,,,,,,,,,,,,,,,,,,,,,,,,,,,,,,,,,,,,,,,,,,,,,,,,,,,,,,,,,,,,,,,,,,,,,,,,,
,,,2025-08-11_11h42.11.709,CFMT_CCMT_Face_recognition,03.02.2023,Win32,60.97560976,5ef07f0ba383185b3570273e,6899c7d7c4c961a016830ad3,6899c8bcaa3d34798c7a769e,,,,,,,,,,,,,,,,,,,,,,,,,,,,,,,,,,,,,,,,,,,,,,,,,,,197.6326,198.3818,4,0,4,0,1,,,,,,,,,,,,,,,,,,,,,,,,,,,,,,,,,,,,,,,,,,,,,,,,,,,,,,,,,,,,,,,,,,,,,,,,,,,,,,,,,,,,,,,,,,,,,,,,,,,,,,,,,,,,,,,,,,,,,,,,,,,,,,,,,,,,,
,,,2025-08-11_11h42.11.709,CFMT_CCMT_Face_recognition,03.02.2023,Win32,60.97560976,5ef07f0ba383185b3570273e,6899c7d7c4c961a016830ad3,6899c8bcaa3d34798c7a769e,,,,,,,,,,,,,,,,,,,,,,,,,,,,,,,,,,,,,,,,,,,,,,,,,,,198.3822,199.1317,5,0,5,0,1,,,,,,,,,,,,,,,,,,,,,,,,,,,,,,,,,,,,,,,,,,,,,,,,,,,,,,,,,,,,,,,,,,,,,,,,,,,,,,,,,,,,,,,,,,,,,,,,,,,,,,,,,,,,,,,,,,,,,,,,,,,,,,,,,,,,,
,,,2025-08-11_11h42.11.709,CFMT_CCMT_Face_recognition,03.02.2023,Win32,60.97560976,5ef07f0ba383185b3570273e,6899c7d7c4c961a016830ad3,6899c8bcaa3d34798c7a769e,,,,,,,,,,,,,,,,,,,,,,,,,,,,,,,,,,,,,,,,,,,,,,199.1321,1.646528142,200.7821,200.7822,200.7822,200.7829,201.5324,0,0,0,0,1,199.1318,199.132,,0,,,,,,,,,,,,,,,,,,,,,,,,,,,,,,,,,,,,,,,,,,,,,,,,,,,,,,,,,,,,,,,,,,,,,,,,,,,,,,,,,,,,,,,,,,,,,,,,,,,,,,,,,,,,,,,,,,,,,,,,,,,,,,,,,
,,,2025-08-11_11h42.11.709,CFMT_CCMT_Face_recognition,03.02.2023,Win32,60.97560976,5ef07f0ba383185b3570273e,6899c7d7c4c961a016830ad3,6899c8bcaa3d34798c7a769e,,,,,,,,,,,,,,,,,,,,,,,,,,,,,,,,,,,,,,,,,,,,,,,,,,,201.5328,202.2825,1,0,1,0,1,,,,,,,,,,,,,,,,,,,,,,,,,,,,,,,,,,,,,,,,,,,,,,,,,,,,,,,,,,,,,,,,,,,,,,,,,,,,,,,,,,,,,,,,,,,,,,,,,,,,,,,,,,,,,,,,,,,,,,,,,,,,,,,,,,,,,
,,,2025-08-11_11h42.11.709,CFMT_CCMT_Face_recognition,03.02.2023,Win32,60.97560976,5ef07f0ba383185b3570273e,6899c7d7c4c961a016830ad3,6899c8bcaa3d34798c7a769e,,,,,,,,,,,,,,,,,,,,,,,,,,,,,,,,,,,,,,,,,,,,,,,,,,,202.2831,203.0319,2,0,2,0,1,,,,,,,,,,,,,,,,,,,,,,,,,,,,,,,,,,,,,,,,,,,,,,,,,,,,,,,,,,,,,,,,,,,,,,,,,,,,,,,,,,,,,,,,,,,,,,,,,,,,,,,,,,,,,,,,,,,,,,,,,,,,,,,,,,,,,
,,,2025-08-11_11h42.11.709,CFMT_CCMT_Face_recognition,03.02.2023,Win32,60.97560976,5ef07f0ba383185b3570273e,6899c7d7c4c961a016830ad3,6899c8bcaa3d34798c7a769e,,,,,,,,,,,,,,,,,,,,,,,,,,,,,,,,,,,,,,,,,,,,,,,,,,,203.0323,203.7821,3,0,3,0,1,,,,,,,,,,,,,,,,,,,,,,,,,,,,,,,,,,,,,,,,,,,,,,,,,,,,,,,,,,,,,,,,,,,,,,,,,,,,,,,,,,,,,,,,,,,,,,,,,,,,,,,,,,,,,,,,,,,,,,,,,,,,,,,,,,,,,
,,,2025-08-11_11h42.11.709,CFMT_CCMT_Face_recognition,03.02.2023,Win32,60.97560976,5ef07f0ba383185b3570273e,6899c7d7c4c961a016830ad3,6899c8bcaa3d34798c7a769e,,,,,,,,,,,,,,,,,,,,,,,,,,,,,,,,,,,,,,,,,,,,,,,,,,,203.7825,204.5318,4,0,4,0,1,,,,,,,,,,,,,,,,,,,,,,,,,,,,,,,,,,,,,,,,,,,,,,,,,,,,,,,,,,,,,,,,,,,,,,,,,,,,,,,,,,,,,,,,,,,,,,,,,,,,,,,,,,,,,,,,,,,,,,,,,,,,,,,,,,,,,
,,,2025-08-11_11h42.11.709,CFMT_CCMT_Face_recognition,03.02.2023,Win32,60.97560976,5ef07f0ba383185b3570273e,6899c7d7c4c961a016830ad3,6899c8bcaa3d34798c7a769e,,,,,,,,,,,,,,,,,,,,,,,,,,,,,,,,,,,,,,,,,,,,,,,,,,,204.5323,205.2819,5,0,5,0,1,,,,,,,,,,,,,,,,,,,,,,,,,,,,,,,,,,,,,,,,,,,,,,,,,,,,,,,,,,,,,,,,,,,,,,,,,,,,,,,,,,,,,,,,,,,,,,,,,,,,,,,,,,,,,,,,,,,,,,,,,,,,,,,,,,,,,
,,,2025-08-11_11h42.11.709,CFMT_CCMT_Face_recognition,03.02.2023,Win32,60.97560976,5ef07f0ba383185b3570273e,6899c7d7c4c961a016830ad3,6899c8bcaa3d34798c7a769e,,,,,,,,,,,,,,,,,,,,,,,,,,,,,,,,,,,,,,,,,,,,,,205.2829,1.998276432,207.2822,207.2823,207.2823,207.2831,208.0319,0,0,0,0,1,205.2819,205.2828,,0,,,,,,,,,,,,,,,,,,,,,,,,,,,,,,,,,,,,,,,,,,,,,,,,,,,,,,,,,,,,,,,,,,,,,,,,,,,,,,,,,,,,,,,,,,,,,,,,,,,,,,,,,,,,,,,,,,,,,,,,,,,,,,,,,
,,,2025-08-11_11h42.11.709,CFMT_CCMT_Face_recognition,03.02.2023,Win32,60.97560976,5ef07f0ba383185b3570273e,6899c7d7c4c961a016830ad3,6899c8bcaa3d34798c7a769e,,,,,,,,,,,,,,,,,,,,,,,,,,,,,,,,,,,,,,,,,,,,,,,,,,,208.0321,208.7821,1,0,1,0,1,,,,,,,,,,,,,,,,,,,,,,,,,,,,,,,,,,,,,,,,,,,,,,,,,,,,,,,,,,,,,,,,,,,,,,,,,,,,,,,,,,,,,,,,,,,,,,,,,,,,,,,,,,,,,,,,,,,,,,,,,,,,,,,,,,,,,
,,,2025-08-11_11h42.11.709,CFMT_CCMT_Face_recognition,03.02.2023,Win32,60.97560976,5ef07f0ba383185b3570273e,6899c7d7c4c961a016830ad3,6899c8bcaa3d34798c7a769e,,,,,,,,,,,,,,,,,,,,,,,,,,,,,,,,,,,,,,,,,,,,,,,,,,,208.7826,209.5322,2,0,2,0,1,,,,,,,,,,,,,,,,,,,,,,,,,,,,,,,,,,,,,,,,,,,,,,,,,,,,,,,,,,,,,,,,,,,,,,,,,,,,,,,,,,,,,,,,,,,,,,,,,,,,,,,,,,,,,,,,,,,,,,,,,,,,,,,,,,,,,
,,,2025-08-11_11h42.11.709,CFMT_CCMT_Face_recognition,03.02.2023,Win32,60.97560976,5ef07f0ba383185b3570273e,6899c7d7c4c961a016830ad3,6899c8bcaa3d34798c7a769e,,,,,,,,,,,,,,,,,,,,,,,,,,,,,,,,,,,,,,,,,,,,,,,,,,,209.5325,210.2822,3,0,3,0,1,,,,,,,,,,,,,,,,,,,,,,,,,,,,,,,,,,,,,,,,,,,,,,,,,,,,,,,,,,,,,,,,,,,,,,,,,,,,,,,,,,,,,,,,,,,,,,,,,,,,,,,,,,,,,,,,,,,,,,,,,,,,,,,,,,,,,
,,,2025-08-11_11h42.11.709,CFMT_CCMT_Face_recognition,03.02.2023,Win32,60.97560976,5ef07f0ba383185b3570273e,6899c7d7c4c961a016830ad3,6899c8bcaa3d34798c7a769e,,,,,,,,,,,,,,,,,,,,,,,,,,,,,,,,,,,,,,,,,,,,,,,,,,,210.2827,211.0323,4,0,4,0,1,,,,,,,,,,,,,,,,,,,,,,,,,,,,,,,,,,,,,,,,,,,,,,,,,,,,,,,,,,,,,,,,,,,,,,,,,,,,,,,,,,,,,,,,,,,,,,,,,,,,,,,,,,,,,,,,,,,,,,,,,,,,,,,,,,,,,
,,,2025-08-11_11h42.11.709,CFMT_CCMT_Face_recognition,03.02.2023,Win32,60.97560976,5ef07f0ba383185b3570273e,6899c7d7c4c961a016830ad3,6899c8bcaa3d34798c7a769e,,,,,,,,,,,,,,,,,,,,,,,,,,,,,,,,,,,,,,,,,,,,,,,,,,,211.0328,211.7819,5,0,5,0,1,,,,,,,,,,,,,,,,,,,,,,,,,,,,,,,,,,,,,,,,,,,,,,,,,,,,,,,,,,,,,,,,,,,,,,,,,,,,,,,,,,,,,,,,,,,,,,,,,,,,,,,,,,,,,,,,,,,,,,,,,,,,,,,,,,,,,
,,,2025-08-11_11h42.11.709,CFMT_CCMT_Face_recognition,03.02.2023,Win32,60.97560976,5ef07f0ba383185b3570273e,6899c7d7c4c961a016830ad3,6899c8bcaa3d34798c7a769e,,,,,,,,,,,,,,,,,,,,,,,,,,,,,,,,,,,,,,,,,,,,,,211.7828,1.734482119,213.5154,213.5154,213.5155,213.5162,214.2655,0,0,0,0,1,211.7819,211.7826,,0,,,,,,,,,,,,,,,,,,,,,,,,,,,,,,,,,,,,,,,,,,,,,,,,,,,,,,,,,,,,,,,,,,,,,,,,,,,,,,,,,,,,,,,,,,,,,,,,,,,,,,,,,,,,,,,,,,,,,,,,,,,,,,,,,
,,,2025-08-11_11h42.11.709,CFMT_CCMT_Face_recognition,03.02.2023,Win32,60.97560976,5ef07f0ba383185b3570273e,6899c7d7c4c961a016830ad3,6899c8bcaa3d34798c7a769e,,,,,,,,,,,,,,,,,,,,,,,,,,,,,,,,,,,,,,,,,,,,,,,,,,,214.2659,215.0156,1,0,1,0,1,,,,,,,,,,,,,,,,,,,,,,,,,,,,,,,,,,,,,,,,,,,,,,,,,,,,,,,,,,,,,,,,,,,,,,,,,,,,,,,,,,,,,,,,,,,,,,,,,,,,,,,,,,,,,,,,,,,,,,,,,,,,,,,,,,,,,
,,,2025-08-11_11h42.11.709,CFMT_CCMT_Face_recognition,03.02.2023,Win32,60.97560976,5ef07f0ba383185b3570273e,6899c7d7c4c961a016830ad3,6899c8bcaa3d34798c7a769e,,,,,,,,,,,,,,,,,,,,,,,,,,,,,,,,,,,,,,,,,,,,,,,,,,,215.016,215.7653,2,0,2,0,1,,,,,,,,,,,,,,,,,,,,,,,,,,,,,,,,,,,,,,,,,,,,,,,,,,,,,,,,,,,,,,,,,,,,,,,,,,,,,,,,,,,,,,,,,,,,,,,,,,,,,,,,,,,,,,,,,,,,,,,,,,,,,,,,,,,,,
,,,2025-08-11_11h42.11.709,CFMT_CCMT_Face_recognition,03.02.2023,Win32,60.97560976,5ef07f0ba383185b3570273e,6899c7d7c4c961a016830ad3,6899c8bcaa3d34798c7a769e,,,,,,,,,,,,,,,,,,,,,,,,,,,,,,,,,,,,,,,,,,,,,,,,,,,215.7658,216.5155,3,0,3,0,1,,,,,,,,,,,,,,,,,,,,,,,,,,,,,,,,,,,,,,,,,,,,,,,,,,,,,,,,,,,,,,,,,,,,,,,,,,,,,,,,,,,,,,,,,,,,,,,,,,,,,,,,,,,,,,,,,,,,,,,,,,,,,,,,,,,,,
,,,2025-08-11_11h42.11.709,CFMT_CCMT_Face_recognition,03.02.2023,Win32,60.97560976,5ef07f0ba383185b3570273e,6899c7d7c4c961a016830ad3,6899c8bcaa3d34798c7a769e,,,,,,,,,,,,,,,,,,,,,,,,,,,,,,,,,,,,,,,,,,,,,,,,,,,216.5162,217.2658,4,0,4,0,1,,,,,,,,,,,,,,,,,,,,,,,,,,,,,,,,,,,,,,,,,,,,,,,,,,,,,,,,,,,,,,,,,,,,,,,,,,,,,,,,,,,,,,,,,,,,,,,,,,,,,,,,,,,,,,,,,,,,,,,,,,,,,,,,,,,,,
,,,2025-08-11_11h42.11.709,CFMT_CCMT_Face_recognition,03.02.2023,Win32,60.97560976,5ef07f0ba383185b3570273e,6899c7d7c4c961a016830ad3,6899c8bcaa3d34798c7a769e,,,,,,,,,,,,,,,,,,,,,,,,,,,,,,,,,,,,,,,,,,,,,,,,,,,217.2662,218.0155,5,0,5,0,1,,,,,,,,,,,,,,,,,,,,,,,,,,,,,,,,,,,,,,,,,,,,,,,,,,,,,,,,,,,,,,,,,,,,,,,,,,,,,,,,,,,,,,,,,,,,,,,,,,,,,,,,,,,,,,,,,,,,,,,,,,,,,,,,,,,,,
,,,2025-08-11_11h42.11.709,CFMT_CCMT_Face_recognition,03.02.2023,Win32,60.97560976,5ef07f0ba383185b3570273e,6899c7d7c4c961a016830ad3,6899c8bcaa3d34798c7a769e,,,,,,,,,,,,,,,,,,,,,,,,,,,,,,,,,,,,,,,,,,,,,,218.0165,2.251609172,220.2658,220.2658,220.2658,220.2667,221.0154,0,0,0,0,1,218.0156,218.0163,,0,,,,,,,,,,,,,,,,,,,,,,,,,,,,,,,,,,,,,,,,,,,,,,,,,,,,,,,,,,,,,,,,,,,,,,,,,,,,,,,,,,,,,,,,,,,,,,,,,,,,,,,,,,,,,,,,,,,,,,,,,,,,,,,,,
,,,2025-08-11_11h42.11.709,CFMT_CCMT_Face_recognition,03.02.2023,Win32,60.97560976,5ef07f0ba383185b3570273e,6899c7d7c4c961a016830ad3,6899c8bcaa3d34798c7a769e,,,,,,,,,,,,,,,,,,,,,,,,,,,,,,,,,,,,,,,,,,,,,,,,,,,221.0158,221.7658,1,0,1,0,1,,,,,,,,,,,,,,,,,,,,,,,,,,,,,,,,,,,,,,,,,,,,,,,,,,,,,,,,,,,,,,,,,,,,,,,,,,,,,,,,,,,,,,,,,,,,,,,,,,,,,,,,,,,,,,,,,,,,,,,,,,,,,,,,,,,,,
,,,2025-08-11_11h42.11.709,CFMT_CCMT_Face_recognition,03.02.2023,Win32,60.97560976,5ef07f0ba383185b3570273e,6899c7d7c4c961a016830ad3,6899c8bcaa3d34798c7a769e,,,,,,,,,,,,,,,,,,,,,,,,,,,,,,,,,,,,,,,,,,,,,,,,,,,221.7662,222.5154,2,0,2,0,1,,,,,,,,,,,,,,,,,,,,,,,,,,,,,,,,,,,,,,,,,,,,,,,,,,,,,,,,,,,,,,,,,,,,,,,,,,,,,,,,,,,,,,,,,,,,,,,,,,,,,,,,,,,,,,,,,,,,,,,,,,,,,,,,,,,,,
,,,2025-08-11_11h42.11.709,CFMT_CCMT_Face_recognition,03.02.2023,Win32,60.97560976,5ef07f0ba383185b3570273e,6899c7d7c4c961a016830ad3,6899c8bcaa3d34798c7a769e,,,,,,,,,,,,,,,,,,,,,,,,,,,,,,,,,,,,,,,,,,,,,,,,,,,222.5158,223.2654,3,0,3,0,1,,,,,,,,,,,,,,,,,,,,,,,,,,,,,,,,,,,,,,,,,,,,,,,,,,,,,,,,,,,,,,,,,,,,,,,,,,,,,,,,,,,,,,,,,,,,,,,,,,,,,,,,,,,,,,,,,,,,,,,,,,,,,,,,,,,,,
,,,2025-08-11_11h42.11.709,CFMT_CCMT_Face_recognition,03.02.2023,Win32,60.97560976,5ef07f0ba383185b3570273e,6899c7d7c4c961a016830ad3,6899c8bcaa3d34798c7a769e,,,,,,,,,,,,,,,,,,,,,,,,,,,,,,,,,,,,,,,,,,,,,,,,,,,223.2659,224.0152,4,0,4,0,1,,,,,,,,,,,,,,,,,,,,,,,,,,,,,,,,,,,,,,,,,,,,,,,,,,,,,,,,,,,,,,,,,,,,,,,,,,,,,,,,,,,,,,,,,,,,,,,,,,,,,,,,,,,,,,,,,,,,,,,,,,,,,,,,,,,,,
,,,2025-08-11_11h42.11.709,CFMT_CCMT_Face_recognition,03.02.2023,Win32,60.97560976,5ef07f0ba383185b3570273e,6899c7d7c4c961a016830ad3,6899c8bcaa3d34798c7a769e,,,,,,,,,,,,,,,,,,,,,,,,,,,,,,,,,,,,,,,,,,,,,,,,,,,224.0156,224.7657,5,0,5,0,1,,,,,,,,,,,,,,,,,,,,,,,,,,,,,,,,,,,,,,,,,,,,,,,,,,,,,,,,,,,,,,,,,,,,,,,,,,,,,,,,,,,,,,,,,,,,,,,,,,,,,,,,,,,,,,,,,,,,,,,,,,,,,,,,,,,,,
,,,2025-08-11_11h42.11.709,CFMT_CCMT_Face_recognition,03.02.2023,Win32,60.97560976,5ef07f0ba383185b3570273e,6899c7d7c4c961a016830ad3,6899c8bcaa3d34798c7a769e,,,,,,,,,,,,,,,,,,,,,,,,,,,,,,,,,,,,,,,,,,,,,,224.7671,2.055884838,226.8152,226.8153,226.8154,226.8161,227.5656,0,0,0,0,1,224.7658,224.7667,,0,,,,,,,,,,,,,,,,,,,,,,,,,,,,,,,,,,,,,,,,,,,,,,,,,,,,,,,,,,,,,,,,,,,,,,,,,,,,,,,,,,,,,,,,,,,,,,,,,,,,,,,,,,,,,,,,,,,,,,,,,,,,,,,,,
,,,2025-08-11_11h42.11.709,CFMT_CCMT_Face_recognition,03.02.2023,Win32,60.97560976,5ef07f0ba383185b3570273e,6899c7d7c4c961a016830ad3,6899c8bcaa3d34798c7a769e,,,,,,,,,,,,,,,,,,,,,,,,,,,,,,,,,,,,,,,,,,,,,,,,,,,227.5661,228.3199,1,0,1,0,1,,,,,,,,,,,,,,,,,,,,,,,,,,,,,,,,,,,,,,,,,,,,,,,,,,,,,,,,,,,,,,,,,,,,,,,,,,,,,,,,,,,,,,,,,,,,,,,,,,,,,,,,,,,,,,,,,,,,,,,,,,,,,,,,,,,,,
,,,2025-08-11_11h42.11.709,CFMT_CCMT_Face_recognition,03.02.2023,Win32,60.97560976,5ef07f0ba383185b3570273e,6899c7d7c4c961a016830ad3,6899c8bcaa3d34798c7a769e,,,,,,,,,,,,,,,,,,,,,,,,,,,,,,,,,,,,,,,,,,,,,,,,,,,228.3201,229.0655,2,0,2,0,1,,,,,,,,,,,,,,,,,,,,,,,,,,,,,,,,,,,,,,,,,,,,,,,,,,,,,,,,,,,,,,,,,,,,,,,,,,,,,,,,,,,,,,,,,,,,,,,,,,,,,,,,,,,,,,,,,,,,,,,,,,,,,,,,,,,,,
,,,2025-08-11_11h42.11.709,CFMT_CCMT_Face_recognition,03.02.2023,Win32,60.97560976,5ef07f0ba383185b3570273e,6899c7d7c4c961a016830ad3,6899c8bcaa3d34798c7a769e,,,,,,,,,,,,,,,,,,,,,,,,,,,,,,,,,,,,,,,,,,,,,,,,,,,229.066,229.8156,3,0,3,0,1,,,,,,,,,,,,,,,,,,,,,,,,,,,,,,,,,,,,,,,,,,,,,,,,,,,,,,,,,,,,,,,,,,,,,,,,,,,,,,,,,,,,,,,,,,,,,,,,,,,,,,,,,,,,,,,,,,,,,,,,,,,,,,,,,,,,,
,,,2025-08-11_11h42.11.709,CFMT_CCMT_Face_recognition,03.02.2023,Win32,60.97560976,5ef07f0ba383185b3570273e,6899c7d7c4c961a016830ad3,6899c8bcaa3d34798c7a769e,,,,,,,,,,,,,,,,,,,,,,,,,,,,,,,,,,,,,,,,,,,,,,,,,,,229.8161,230.5656,4,0,4,0,1,,,,,,,,,,,,,,,,,,,,,,,,,,,,,,,,,,,,,,,,,,,,,,,,,,,,,,,,,,,,,,,,,,,,,,,,,,,,,,,,,,,,,,,,,,,,,,,,,,,,,,,,,,,,,,,,,,,,,,,,,,,,,,,,,,,,,
,,,2025-08-11_11h42.11.709,CFMT_CCMT_Face_recognition,03.02.2023,Win32,60.97560976,5ef07f0ba383185b3570273e,6899c7d7c4c961a016830ad3,6899c8bcaa3d34798c7a769e,,,,,,,,,,,,,,,,,,,,,,,,,,,,,,,,,,,,,,,,,,,,,,,,,,,230.566,231.3155,5,0,5,0,1,,,,,,,,,,,,,,,,,,,,,,,,,,,,,,,,,,,,,,,,,,,,,,,,,,,,,,,,,,,,,,,,,,,,,,,,,,,,,,,,,,,,,,,,,,,,,,,,,,,,,,,,,,,,,,,,,,,,,,,,,,,,,,,,,,,,,
,,,2025-08-11_11h42.11.709,CFMT_CCMT_Face_recognition,03.02.2023,Win32,60.97560976,5ef07f0ba383185b3570273e,6899c7d7c4c961a016830ad3,6899c8bcaa3d34798c7a769e,,,,,,,,,,,,,,,,,,,,,,,,,,,,,,,,,,,,,,,,,,,,,,231.3168,2.24041917,233.5489,233.5489,233.549,233.55,234.2989,0,0,0,0,1,231.3155,231.3165,,0,,,,,,,,,,,,,,,,,,,,,,,,,,,,,,,,,,,,,,,,,,,,,,,,,,,,,,,,,,,,,,,,,,,,,,,,,,,,,,,,,,,,,,,,,,,,,,,,,,,,,,,,,,,,,,,,,,,,,,,,,,,,,,,,,
,,,2025-08-11_11h42.11.709,CFMT_CCMT_Face_recognition,03.02.2023,Win32,60.97560976,5ef07f0ba383185b3570273e,6899c7d7c4c961a016830ad3,6899c8bcaa3d34798c7a769e,,,,,,,,,,,,,,,,,,,,,,,,,,,,,,,,,,,,,,,,,,,,,,,,,,,234.2994,235.0488,1,0,1,0,1,,,,,,,,,,,,,,,,,,,,,,,,,,,,,,,,,,,,,,,,,,,,,,,,,,,,,,,,,,,,,,,,,,,,,,,,,,,,,,,,,,,,,,,,,,,,,,,,,,,,,,,,,,,,,,,,,,,,,,,,,,,,,,,,,,,,,
,,,2025-08-11_11h42.11.709,CFMT_CCMT_Face_recognition,03.02.2023,Win32,60.97560976,5ef07f0ba383185b3570273e,6899c7d7c4c961a016830ad3,6899c8bcaa3d34798c7a769e,,,,,,,,,,,,,,,,,,,,,,,,,,,,,,,,,,,,,,,,,,,,,,,,,,,235.0493,235.7988,2,0,2,0,1,,,,,,,,,,,,,,,,,,,,,,,,,,,,,,,,,,,,,,,,,,,,,,,,,,,,,,,,,,,,,,,,,,,,,,,,,,,,,,,,,,,,,,,,,,,,,,,,,,,,,,,,,,,,,,,,,,,,,,,,,,,,,,,,,,,,,
,,,2025-08-11_11h42.11.709,CFMT_CCMT_Face_recognition,03.02.2023,Win32,60.97560976,5ef07f0ba383185b3570273e,6899c7d7c4c961a016830ad3,6899c8bcaa3d34798c7a769e,,,,,,,,,,,,,,,,,,,,,,,,,,,,,,,,,,,,,,,,,,,,,,,,,,,235.7992,236.549,3,0,3,0,1,,,,,,,,,,,,,,,,,,,,,,,,,,,,,,,,,,,,,,,,,,,,,,,,,,,,,,,,,,,,,,,,,,,,,,,,,,,,,,,,,,,,,,,,,,,,,,,,,,,,,,,,,,,,,,,,,,,,,,,,,,,,,,,,,,,,,
,,,2025-08-11_11h42.11.709,CFMT_CCMT_Face_recognition,03.02.2023,Win32,60.97560976,5ef07f0ba383185b3570273e,6899c7d7c4c961a016830ad3,6899c8bcaa3d34798c7a769e,,,,,,,,,,,,,,,,,,,,,,,,,,,,,,,,,,,,,,,,,,,,,,,,,,,236.5493,237.2988,4,0,4,0,1,,,,,,,,,,,,,,,,,,,,,,,,,,,,,,,,,,,,,,,,,,,,,,,,,,,,,,,,,,,,,,,,,,,,,,,,,,,,,,,,,,,,,,,,,,,,,,,,,,,,,,,,,,,,,,,,,,,,,,,,,,,,,,,,,,,,,
,,,2025-08-11_11h42.11.709,CFMT_CCMT_Face_recognition,03.02.2023,Win32,60.97560976,5ef07f0ba383185b3570273e,6899c7d7c4c961a016830ad3,6899c8bcaa3d34798c7a769e,,,,,,,,,,,,,,,,,,,,,,,,,,,,,,,,,,,,,,,,,,,,,,,,,,,237.2992,238.0488,5,0,5,0,1,,,,,,,,,,,,,,,,,,,,,,,,,,,,,,,,,,,,,,,,,,,,,,,,,,,,,,,,,,,,,,,,,,,,,,,,,,,,,,,,,,,,,,,,,,,,,,,,,,,,,,,,,,,,,,,,,,,,,,,,,,,,,,,,,,,,,
,,,2025-08-11_11h42.11.709,CFMT_CCMT_Face_recognition,03.02.2023,Win32,60.97560976,5ef07f0ba383185b3570273e,6899c7d7c4c961a016830ad3,6899c8bcaa3d34798c7a769e,,,,,,,,,,,,,,,,,,,,,,,,,,,,,,,,,,,,,,,,,,,,,,,,,,,,,,,,,,238.0489,238.0498,,0,,,238.0502,243.0492,,,,,,,,,,,,,,,,,,,,,,,,,,,,,,,,,,,,,,,,,,,,,,,,,,,,,,,,,,,,,,,,,,,,,,,,,,,,,,,,,,,,,,,,,,,,,,,,,,,,,,,,,,,,,,,,,,,,,,,,,,,,,
,,,2025-08-11_11h42.11.709,CFMT_CCMT_Face_recognition,03.02.2023,Win32,60.97560976,5ef07f0ba383185b3570273e,6899c7d7c4c961a016830ad3,6899c8bcaa3d34798c7a769e,,,,,,,,,,,,,,,,,,,,,,,,,,,,,,,,,,,,,,,,,,,,,,,,,,,,,,,,,,,,,,,,,,243.0494,253.049,,,,,,,,,,,,,,,,,,,,,,,,,,,,,,,,,,,,,,,,,,,,,,,,,,,,,,,,,,,,,,,,,,,,,,,,,,,,,,,,,,,,,,,,,,,,,,,,,,,,,,,,,,,,,,,,,,,,,,,,,,,
,,,2025-08-11_11h42.11.709,CFMT_CCMT_Face_recognition,03.02.2023,Win32,60.97560976,5ef07f0ba383185b3570273e,6899c7d7c4c961a016830ad3,6899c8bcaa3d34798c7a769e,,,,,,,,,,,,,,,,,,,,,,,,,,,,,,,,,,,,,,,,,,,,,,,,,,,,,,,,,,,,,,,,,,,,253.0491,265.8492,,,,,,,,,,,,,,,,,,,,,,,,,,,,,,,,,,,,,,,,,,,,,,,,,,,,,,,,,,,,,,,,,,,,,,,,,,,,,,,,,,,,,,,,,,,,,,,,,,,,,,,,,,,,,,,,,,,,,,,,,
,,,2025-08-11_11h42.11.709,CFMT_CCMT_Face_recognition,03.02.2023,Win32,60.97560976,5ef07f0ba383185b3570273e,6899c7d7c4c961a016830ad3,6899c8bcaa3d34798c7a769e,,,,,,,,,,,,,,,,,,,,,,,,,,,,,,,,,,,,,,,,,,,,,,,,,,,,,,,,,,,,,,,,,,,,,,265.8493,269.6052,,,,,,,,,,,,,,,,,,,,,,,,,,,,,,,,,,,,,,,,,,,,,,,,,,,,,,,,,,,,,,,,,,,,,,,,,,,,,,,,,,,,,,,,,,,,,,,,,,,,,,,,,,,,,,,,,,,,,,,
,,,2025-08-11_11h42.11.709,CFMT_CCMT_Face_recognition,03.02.2023,Win32,60.97560976,5ef07f0ba383185b3570273e,6899c7d7c4c961a016830ad3,6899c8bcaa3d34798c7a769e,,,,,,,,,,,,,,,,,,,,,,,,,,,,,,,,,,,,,,,,,,,,,,269.6071,1.871654451,271.4821,,,,,,,,,,,,,,,,,,,,,,,,271.4826,273.0659,q,0,1.5099,,0,0,0,0,1,,,,,,,,,,,,,,,,,,,,,,,,,,,,,,,,,,,,,,,,,,,,,,,,,,,,,,,,,,,,,,,,,,,,,,,,,,,,,,,,,,,,,,,,,,,,,,,,,,,,,,,,,,,,
,,,2025-08-11_11h42.11.709,CFMT_CCMT_Face_recognition,03.02.2023,Win32,60.97560976,5ef07f0ba383185b3570273e,6899c7d7c4c961a016830ad3,6899c8bcaa3d34798c7a769e,,,,,,,,,,,,,,,,,,,,,,,,,,,,,,,,,,,,,,,,,,,,,,273.0664,1.671375522,274.7325,,,,,,,,,,,,,,,,,,,,,,,,274.7325,275.8322,q,1,1.0329,,1,0,1,0,1,,,,,,,,,,,,,,,,,,,,,,,,,,,,,,,,,,,,,,,,,,,,,,,,,,,,,,,,,,,,,,,,,,,,,,,,,,,,,,,,,,,,,,,,,,,,,,,,,,,,,,,,,,,,
,,,2025-08-11_11h42.11.709,CFMT_CCMT_Face_recognition,03.02.2023,Win32,60.97560976,5ef07f0ba383185b3570273e,6899c7d7c4c961a016830ad3,6899c8bcaa3d34798c7a769e,,,,,,,,,,,,,,,,,,,,,,,,,,,,,,,,,,,,,,,,,,,,,,275.8326,2.397166797,278.2323,,,,,,,,,,,,,,,,,,,,,,,,278.2324,279.3824,q,0,1.0818,,2,0,2,0,1,,,,,,,,,,,,,,,,,,,,,,,,,,,,,,,,,,,,,,,,,,,,,,,,,,,,,,,,,,,,,,,,,,,,,,,,,,,,,,,,,,,,,,,,,,,,,,,,,,,,,,,,,,,,
,,,2025-08-11_11h42.11.709,CFMT_CCMT_Face_recognition,03.02.2023,Win32,60.97560976,5ef07f0ba383185b3570273e,6899c7d7c4c961a016830ad3,6899c8bcaa3d34798c7a769e,,,,,,,,,,,,,,,,,,,,,,,,,,,,,,,,,,,,,,,,,,,,,,279.3827,1.625550262,280.9989,,,,,,,,,,,,,,,,,,,,,,,,280.999,281.6994,p,0,0.63,,3,0,3,0,1,,,,,,,,,,,,,,,,,,,,,,,,,,,,,,,,,,,,,,,,,,,,,,,,,,,,,,,,,,,,,,,,,,,,,,,,,,,,,,,,,,,,,,,,,,,,,,,,,,,,,,,,,,,,
,,,2025-08-11_11h42.11.709,CFMT_CCMT_Face_recognition,03.02.2023,Win32,60.97560976,5ef07f0ba383185b3570273e,6899c7d7c4c961a016830ad3,6899c8bcaa3d34798c7a769e,,,,,,,,,,,,,,,,,,,,,,,,,,,,,,,,,,,,,,,,,,,,,,281.7,2.222392379,283.9157,,,,,,,,,,,,,,,,,,,,,,,,283.9159,284.7323,p,0,0.7471,,4,0,4,0,1,,,,,,,,,,,,,,,,,,,,,,,,,,,,,,,,,,,,,,,,,,,,,,,,,,,,,,,,,,,,,,,,,,,,,,,,,,,,,,,,,,,,,,,,,,,,,,,,,,,,,,,,,,,,
,,,2025-08-11_11h42.11.709,CFMT_CCMT_Face_recognition,03.02.2023,Win32,60.97560976,5ef07f0ba383185b3570273e,6899c7d7c4c961a016830ad3,6899c8bcaa3d34798c7a769e,,,,,,,,,,,,,,,,,,,,,,,,,,,,,,,,,,,,,,,,,,,,,,284.7327,1.804642657,286.5324,,,,,,,,,,,,,,,,,,,,,,,,286.5325,287.4493,p,1,0.8468,,5,0,5,0,1,,,,,,,,,,,,,,,,,,,,,,,,,,,,,,,,,,,,,,,,,,,,,,,,,,,,,,,,,,,,,,,,,,,,,,,,,,,,,,,,,,,,,,,,,,,,,,,,,,,,,,,,,,,,
,,,2025-08-11_11h42.11.709,CFMT_CCMT_Face_recognition,03.02.2023,Win32,60.97560976,5ef07f0ba383185b3570273e,6899c7d7c4c961a016830ad3,6899c8bcaa3d34798c7a769e,,,,,,,,,,,,,,,,,,,,,,,,,,,,,,,,,,,,,,,,,,,,,,287.4498,2.167122528,289.6158,,,,,,,,,,,,,,,,,,,,,,,,289.6158,290.5658,p,0,0.8793,,6,0,6,0,1,,,,,,,,,,,,,,,,,,,,,,,,,,,,,,,,,,,,,,,,,,,,,,,,,,,,,,,,,,,,,,,,,,,,,,,,,,,,,,,,,,,,,,,,,,,,,,,,,,,,,,,,,,,,
,,,2025-08-11_11h42.11.709,CFMT_CCMT_Face_recognition,03.02.2023,Win32,60.97560976,5ef07f0ba383185b3570273e,6899c7d7c4c961a016830ad3,6899c8bcaa3d34798c7a769e,,,,,,,,,,,,,,,,,,,,,,,,,,,,,,,,,,,,,,,,,,,,,,290.5662,1.958610364,292.5157,,,,,,,,,,,,,,,,,,,,,,,,292.5159,294.1324,p,1,1.549,,7,0,7,0,1,,,,,,,,,,,,,,,,,,,,,,,,,,,,,,,,,,,,,,,,,,,,,,,,,,,,,,,,,,,,,,,,,,,,,,,,,,,,,,,,,,,,,,,,,,,,,,,,,,,,,,,,,,,,
,,,2025-08-11_11h42.11.709,CFMT_CCMT_Face_recognition,03.02.2023,Win32,60.97560976,5ef07f0ba383185b3570273e,6899c7d7c4c961a016830ad3,6899c8bcaa3d34798c7a769e,,,,,,,,,,,,,,,,,,,,,,,,,,,,,,,,,,,,,,,,,,,,,,294.1329,1.936395846,296.0658,,,,,,,,,,,,,,,,,,,,,,,,296.0658,297.1653,q,0,1.0296,,8,0,8,0,1,,,,,,,,,,,,,,,,,,,,,,,,,,,,,,,,,,,,,,,,,,,,,,,,,,,,,,,,,,,,,,,,,,,,,,,,,,,,,,,,,,,,,,,,,,,,,,,,,,,,,,,,,,,,
,,,2025-08-11_11h42.11.709,CFMT_CCMT_Face_recognition,03.02.2023,Win32,60.97560976,5ef07f0ba383185b3570273e,6899c7d7c4c961a016830ad3,6899c8bcaa3d34798c7a769e,,,,,,,,,,,,,,,,,,,,,,,,,,,,,,,,,,,,,,,,,,,,,,297.1658,1.551644932,298.7158,,,,,,,,,,,,,,,,,,,,,,,,298.7158,299.5322,q,1,0.7503,,9,0,9,0,1,,,,,,,,,,,,,,,,,,,,,,,,,,,,,,,,,,,,,,,,,,,,,,,,,,,,,,,,,,,,,,,,,,,,,,,,,,,,,,,,,,,,,,,,,,,,,,,,,,,,,,,,,,,,
,,,2025-08-11_11h42.11.709,CFMT_CCMT_Face_recognition,03.02.2023,Win32,60.97560976,5ef07f0ba383185b3570273e,6899c7d7c4c961a016830ad3,6899c8bcaa3d34798c7a769e,,,,,,,,,,,,,,,,,,,,,,,,,,,,,,,,,,,,,,,,,,,,,,299.5327,2.203192453,301.7325,,,,,,,,,,,,,,,,,,,,,,,,301.7325,302.5988,q,1,0.7962,,10,0,10,0,1,,,,,,,,,,,,,,,,,,,,,,,,,,,,,,,,,,,,,,,,,,,,,,,,,,,,,,,,,,,,,,,,,,,,,,,,,,,,,,,,,,,,,,,,,,,,,,,,,,,,,,,,,,,,
,,,2025-08-11_11h42.11.709,CFMT_CCMT_Face_recognition,03.02.2023,Win32,60.97560976,5ef07f0ba383185b3570273e,6899c7d7c4c961a016830ad3,6899c8bcaa3d34798c7a769e,,,,,,,,,,,,,,,,,,,,,,,,,,,,,,,,,,,,,,,,,,,,,,302.5993,2.462417997,305.0655,,,,,,,,,,,,,,,,,,,,,,,,305.0656,306.4154,q,1,1.2815,,11,0,11,0,1,,,,,,,,,,,,,,,,,,,,,,,,,,,,,,,,,,,,,,,,,,,,,,,,,,,,,,,,,,,,,,,,,,,,,,,,,,,,,,,,,,,,,,,,,,,,,,,,,,,,,,,,,,,,
,,,2025-08-11_11h42.11.709,CFMT_CCMT_Face_recognition,03.02.2023,Win32,60.97560976,5ef07f0ba383185b3570273e,6899c7d7c4c961a016830ad3,6899c8bcaa3d34798c7a769e,,,,,,,,,,,,,,,,,,,,,,,,,,,,,,,,,,,,,,,,,,,,,,306.4158,2.137537704,308.5489,,,,,,,,,,,,,,,,,,,,,,,,308.549,309.7989,p,1,1.1824,,12,0,12,0,1,,,,,,,,,,,,,,,,,,,,,,,,,,,,,,,,,,,,,,,,,,,,,,,,,,,,,,,,,,,,,,,,,,,,,,,,,,,,,,,,,,,,,,,,,,,,,,,,,,,,,,,,,,,,
,,,2025-08-11_11h42.11.709,CFMT_CCMT_Face_recognition,03.02.2023,Win32,60.97560976,5ef07f0ba383185b3570273e,6899c7d7c4c961a016830ad3,6899c8bcaa3d34798c7a769e,,,,,,,,,,,,,,,,,,,,,,,,,,,,,,,,,,,,,,,,,,,,,,309.7993,2.485279639,312.2825,,,,,,,,,,,,,,,,,,,,,,,,312.2825,313.3153,q,0,0.968,,13,0,13,0,1,,,,,,,,,,,,,,,,,,,,,,,,,,,,,,,,,,,,,,,,,,,,,,,,,,,,,,,,,,,,,,,,,,,,,,,,,,,,,,,,,,,,,,,,,,,,,,,,,,,,,,,,,,,,
,,,2025-08-11_11h42.11.709,CFMT_CCMT_Face_recognition,03.02.2023,Win32,60.97560976,5ef07f0ba383185b3570273e,6899c7d7c4c961a016830ad3,6899c8bcaa3d34798c7a769e,,,,,,,,,,,,,,,,,,,,,,,,,,,,,,,,,,,,,,,,,,,,,,313.3157,2.39780089,315.7155,,,,,,,,,,,,,,,,,,,,,,,,315.7155,316.6653,p,1,0.8851,,14,0,14,0,1,,,,,,,,,,,,,,,,,,,,,,,,,,,,,,,,,,,,,,,,,,,,,,,,,,,,,,,,,,,,,,,,,,,,,,,,,,,,,,,,,,,,,,,,,,,,,,,,,,,,,,,,,,,,
,,,2025-08-11_11h42.11.709,CFMT_CCMT_Face_recognition,03.02.2023,Win32,60.97560976,5ef07f0ba383185b3570273e,6899c7d7c4c961a016830ad3,6899c8bcaa3d34798c7a769e,,,,,,,,,,,,,,,,,,,,,,,,,,,,,,,,,,,,,,,,,,,,,,316.6656,1.879897412,318.5489,,,,,,,,,,,,,,,,,,,,,,,,318.549,319.7488,p,1,1.1345,,15,0,15,0,1,,,,,,,,,,,,,,,,,,,,,,,,,,,,,,,,,,,,,,,,,,,,,,,,,,,,,,,,,,,,,,,,,,,,,,,,,,,,,,,,,,,,,,,,,,,,,,,,,,,,,,,,,,,,
,,,2025-08-11_11h42.11.709,CFMT_CCMT_Face_recognition,03.02.2023,Win32,60.97560976,5ef07f0ba383185b3570273e,6899c7d7c4c961a016830ad3,6899c8bcaa3d34798c7a769e,,,,,,,,,,,,,,,,,,,,,,,,,,,,,,,,,,,,,,,,,,,,,,319.7492,2.476881444,322.2158,,,,,,,,,,,,,,,,,,,,,,,,322.2159,323.2488,p,1,0.963,,16,0,16,0,1,,,,,,,,,,,,,,,,,,,,,,,,,,,,,,,,,,,,,,,,,,,,,,,,,,,,,,,,,,,,,,,,,,,,,,,,,,,,,,,,,,,,,,,,,,,,,,,,,,,,,,,,,,,,
,,,2025-08-11_11h42.11.709,CFMT_CCMT_Face_recognition,03.02.2023,Win32,60.97560976,5ef07f0ba383185b3570273e,6899c7d7c4c961a016830ad3,6899c8bcaa3d34798c7a769e,,,,,,,,,,,,,,,,,,,,,,,,,,,,,,,,,,,,,,,,,,,,,,323.2493,2.24944331,325.4987,,,,,,,,,,,,,,,,,,,,,,,,325.4988,326.3991,q,1,0.8323,,17,0,17,0,1,,,,,,,,,,,,,,,,,,,,,,,,,,,,,,,,,,,,,,,,,,,,,,,,,,,,,,,,,,,,,,,,,,,,,,,,,,,,,,,,,,,,,,,,,,,,,,,,,,,,,,,,,,,,
,,,2025-08-11_11h42.11.709,CFMT_CCMT_Face_recognition,03.02.2023,Win32,60.97560976,5ef07f0ba383185b3570273e,6899c7d7c4c961a016830ad3,6899c8bcaa3d34798c7a769e,,,,,,,,,,,,,,,,,,,,,,,,,,,,,,,,,,,,,,,,,,,,,,326.3995,2.294046588,328.6824,,,,,,,,,,,,,,,,,,,,,,,,328.6824,329.7661,q,1,1.0239,,18,0,18,0,1,,,,,,,,,,,,,,,,,,,,,,,,,,,,,,,,,,,,,,,,,,,,,,,,,,,,,,,,,,,,,,,,,,,,,,,,,,,,,,,,,,,,,,,,,,,,,,,,,,,,,,,,,,,,
,,,2025-08-11_11h42.11.709,CFMT_CCMT_Face_recognition,03.02.2023,Win32,60.97560976,5ef07f0ba383185b3570273e,6899c7d7c4c961a016830ad3,6899c8bcaa3d34798c7a769e,,,,,,,,,,,,,,,,,,,,,,,,,,,,,,,,,,,,,,,,,,,,,,329.7665,2.013034578,331.7818,,,,,,,,,,,,,,,,,,,,,,,,331.7819,333.2326,p,0,1.3805,,19,0,19,0,1,,,,,,,,,,,,,,,,,,,,,,,,,,,,,,,,,,,,,,,,,,,,,,,,,,,,,,,,,,,,,,,,,,,,,,,,,,,,,,,,,,,,,,,,,,,,,,,,,,,,,,,,,,,,
,,,2025-08-11_11h42.11.709,CFMT_CCMT_Face_recognition,03.02.2023,Win32,60.97560976,5ef07f0ba383185b3570273e,6899c7d7c4c961a016830ad3,6899c8bcaa3d34798c7a769e,,,,,,,,,,,,,,,,,,,,,,,,,,,,,,,,,,,,,,,,,,,,,,333.233,1.536835224,334.7656,,,,,,,,,,,,,,,,,,,,,,,,334.7657,336.0321,q,1,1.1965,,20,0,20,0,1,,,,,,,,,,,,,,,,,,,,,,,,,,,,,,,,,,,,,,,,,,,,,,,,,,,,,,,,,,,,,,,,,,,,,,,,,,,,,,,,,,,,,,,,,,,,,,,,,,,,,,,,,,,,
,,,2025-08-11_11h42.11.709,CFMT_CCMT_Face_recognition,03.02.2023,Win32,60.97560976,5ef07f0ba383185b3570273e,6899c7d7c4c961a016830ad3,6899c8bcaa3d34798c7a769e,,,,,,,,,,,,,,,,,,,,,,,,,,,,,,,,,,,,,,,,,,,,,,336.0326,1.583903864,337.6159,,,,,,,,,,,,,,,,,,,,,,,,337.6159,338.832,p,1,1.1533,,21,0,21,0,1,,,,,,,,,,,,,,,,,,,,,,,,,,,,,,,,,,,,,,,,,,,,,,,,,,,,,,,,,,,,,,,,,,,,,,,,,,,,,,,,,,,,,,,,,,,,,,,,,,,,,,,,,,,,
,,,2025-08-11_11h42.11.709,CFMT_CCMT_Face_recognition,03.02.2023,Win32,60.97560976,5ef07f0ba383185b3570273e,6899c7d7c4c961a016830ad3,6899c8bcaa3d34798c7a769e,,,,,,,,,,,,,,,,,,,,,,,,,,,,,,,,,,,,,,,,,,,,,,338.8324,2.202373467,341.0322,,,,,,,,,,,,,,,,,,,,,,,,341.0322,342.1322,p,0,1.0327,,22,0,22,0,1,,,,,,,,,,,,,,,,,,,,,,,,,,,,,,,,,,,,,,,,,,,,,,,,,,,,,,,,,,,,,,,,,,,,,,,,,,,,,,,,,,,,,,,,,,,,,,,,,,,,,,,,,,,,
,,,2025-08-11_11h42.11.709,CFMT_CCMT_Face_recognition,03.02.2023,Win32,60.97560976,5ef07f0ba383185b3570273e,6899c7d7c4c961a016830ad3,6899c8bcaa3d34798c7a769e,,,,,,,,,,,,,,,,,,,,,,,,,,,,,,,,,,,,,,,,,,,,,,342.1326,2.457241574,344.5825,,,,,,,,,,,,,,,,,,,,,,,,344.5826,346.5158,q,0,1.862,,23,0,23,0,1,,,,,,,,,,,,,,,,,,,,,,,,,,,,,,,,,,,,,,,,,,,,,,,,,,,,,,,,,,,,,,,,,,,,,,,,,,,,,,,,,,,,,,,,,,,,,,,,,,,,,,,,,,,,
,,,2025-08-11_11h42.11.709,CFMT_CCMT_Face_recognition,03.02.2023,Win32,60.97560976,5ef07f0ba383185b3570273e,6899c7d7c4c961a016830ad3,6899c8bcaa3d34798c7a769e,,,,,,,,,,,,,,,,,,,,,,,,,,,,,,,,,,,,,,,,,,,,,,346.5163,2.208177203,348.7157,,,,,,,,,,,,,,,,,,,,,,,,348.7157,350.2322,p,1,1.4539,,24,0,24,0,1,,,,,,,,,,,,,,,,,,,,,,,,,,,,,,,,,,,,,,,,,,,,,,,,,,,,,,,,,,,,,,,,,,,,,,,,,,,,,,,,,,,,,,,,,,,,,,,,,,,,,,,,,,,,
,,,2025-08-11_11h42.11.709,CFMT_CCMT_Face_recognition,03.02.2023,Win32,60.97560976,5ef07f0ba383185b3570273e,6899c7d7c4c961a016830ad3,6899c8bcaa3d34798c7a769e,,,,,,,,,,,,,,,,,,,,,,,,,,,,,,,,,,,,,,,,,,,,,,350.2325,2.288964336,352.5154,,,,,,,,,,,,,,,,,,,,,,,,352.5154,353.8655,p,0,1.2873,,25,0,25,0,1,,,,,,,,,,,,,,,,,,,,,,,,,,,,,,,,,,,,,,,,,,,,,,,,,,,,,,,,,,,,,,,,,,,,,,,,,,,,,,,,,,,,,,,,,,,,,,,,,,,,,,,,,,,,
,,,2025-08-11_11h42.11.709,CFMT_CCMT_Face_recognition,03.02.2023,Win32,60.97560976,5ef07f0ba383185b3570273e,6899c7d7c4c961a016830ad3,6899c8bcaa3d34798c7a769e,,,,,,,,,,,,,,,,,,,,,,,,,,,,,,,,,,,,,,,,,,,,,,353.866,1.766755011,355.6323,,,,,,,,,,,,,,,,,,,,,,,,355.6324,356.5653,p,0,0.8644,,26,0,26,0,1,,,,,,,,,,,,,,,,,,,,,,,,,,,,,,,,,,,,,,,,,,,,,,,,,,,,,,,,,,,,,,,,,,,,,,,,,,,,,,,,,,,,,,,,,,,,,,,,,,,,,,,,,,,,
,,,2025-08-11_11h42.11.709,CFMT_CCMT_Face_recognition,03.02.2023,Win32,60.97560976,5ef07f0ba383185b3570273e,6899c7d7c4c961a016830ad3,6899c8bcaa3d34798c7a769e,,,,,,,,,,,,,,,,,,,,,,,,,,,,,,,,,,,,,,,,,,,,,,356.5657,2.157934803,358.7158,,,,,,,,,,,,,,,,,,,,,,,,358.7158,360.032,q,0,1.2534,,27,0,27,0,1,,,,,,,,,,,,,,,,,,,,,,,,,,,,,,,,,,,,,,,,,,,,,,,,,,,,,,,,,,,,,,,,,,,,,,,,,,,,,,,,,,,,,,,,,,,,,,,,,,,,,,,,,,,,
,,,2025-08-11_11h42.11.709,CFMT_CCMT_Face_recognition,03.02.2023,Win32,60.97560976,5ef07f0ba383185b3570273e,6899c7d7c4c961a016830ad3,6899c8bcaa3d34798c7a769e,,,,,,,,,,,,,,,,,,,,,,,,,,,,,,,,,,,,,,,,,,,,,,360.0324,2.01992922,362.0491,,,,,,,,,,,,,,,,,,,,,,,,362.0492,363.0992,p,0,0.9802,,28,0,28,0,1,,,,,,,,,,,,,,,,,,,,,,,,,,,,,,,,,,,,,,,,,,,,,,,,,,,,,,,,,,,,,,,,,,,,,,,,,,,,,,,,,,,,,,,,,,,,,,,,,,,,,,,,,,,,
,,,2025-08-11_11h42.11.709,CFMT_CCMT_Face_recognition,03.02.2023,Win32,60.97560976,5ef07f0ba383185b3570273e,6899c7d7c4c961a016830ad3,6899c8bcaa3d34798c7a769e,,,,,,,,,,,,,,,,,,,,,,,,,,,,,,,,,,,,,,,,,,,,,,363.0995,2.184625567,365.2823,,,,,,,,,,,,,,,,,,,,,,,,365.2824,366.4656,q,0,1.1112,,29,0,29,0,1,,,,,,,,,,,,,,,,,,,,,,,,,,,,,,,,,,,,,,,,,,,,,,,,,,,,,,,,,,,,,,,,,,,,,,,,,,,,,,,,,,,,,,,,,,,,,,,,,,,,,,,,,,,,
,,,2025-08-11_11h42.11.709,CFMT_CCMT_Face_recognition,03.02.2023,Win32,60.97560976,5ef07f0ba383185b3570273e,6899c7d7c4c961a016830ad3,6899c8bcaa3d34798c7a769e,,,,,,,,,,,,,,,,,,,,,,,,,,,,,,,,,,,,,,,,,,,,,,366.466,1.970392742,368.4323,,,,,,,,,,,,,,,,,,,,,,,,368.4324,370.2825,p,1,1.7799,,30,0,30,0,1,,,,,,,,,,,,,,,,,,,,,,,,,,,,,,,,,,,,,,,,,,,,,,,,,,,,,,,,,,,,,,,,,,,,,,,,,,,,,,,,,,,,,,,,,,,,,,,,,,,,,,,,,,,,
,,,2025-08-11_11h42.11.709,CFMT_CCMT_Face_recognition,03.02.2023,Win32,60.97560976,5ef07f0ba383185b3570273e,6899c7d7c4c961a016830ad3,6899c8bcaa3d34798c7a769e,,,,,,,,,,,,,,,,,,,,,,,,,,,,,,,,,,,,,,,,,,,,,,370.2829,2.212022946,372.4989,,,,,,,,,,,,,,,,,,,,,,,,372.4989,373.3656,p,0,0.7999,,31,0,31,0,1,,,,,,,,,,,,,,,,,,,,,,,,,,,,,,,,,,,,,,,,,,,,,,,,,,,,,,,,,,,,,,,,,,,,,,,,,,,,,,,,,,,,,,,,,,,,,,,,,,,,,,,,,,,,
,,,2025-08-11_11h42.11.709,CFMT_CCMT_Face_recognition,03.02.2023,Win32,60.97560976,5ef07f0ba383185b3570273e,6899c7d7c4c961a016830ad3,6899c8bcaa3d34798c7a769e,,,,,,,,,,,,,,,,,,,,,,,,,,,,,,,,,,,,,,,,,,,,,,373.3659,2.163419176,375.5321,,,,,,,,,,,,,,,,,,,,,,,,375.5323,377.2824,q,1,1.6802,,32,0,32,0,1,,,,,,,,,,,,,,,,,,,,,,,,,,,,,,,,,,,,,,,,,,,,,,,,,,,,,,,,,,,,,,,,,,,,,,,,,,,,,,,,,,,,,,,,,,,,,,,,,,,,,,,,,,,,
,,,2025-08-11_11h42.11.709,CFMT_CCMT_Face_recognition,03.02.2023,Win32,60.97560976,5ef07f0ba383185b3570273e,6899c7d7c4c961a016830ad3,6899c8bcaa3d34798c7a769e,,,,,,,,,,,,,,,,,,,,,,,,,,,,,,,,,,,,,,,,,,,,,,377.2828,2.491607652,379.7656,,,,,,,,,,,,,,,,,,,,,,,,379.7656,381.2991,p,1,1.4632,,33,0,33,0,1,,,,,,,,,,,,,,,,,,,,,,,,,,,,,,,,,,,,,,,,,,,,,,,,,,,,,,,,,,,,,,,,,,,,,,,,,,,,,,,,,,,,,,,,,,,,,,,,,,,,,,,,,,,,
,,,2025-08-11_11h42.11.709,CFMT_CCMT_Face_recognition,03.02.2023,Win32,60.97560976,5ef07f0ba383185b3570273e,6899c7d7c4c961a016830ad3,6899c8bcaa3d34798c7a769e,,,,,,,,,,,,,,,,,,,,,,,,,,,,,,,,,,,,,,,,,,,,,,381.2995,2.184346197,383.4825,,,,,,,,,,,,,,,,,,,,,,,,383.4825,385.4483,p,1,1.904,,34,0,34,0,1,,,,,,,,,,,,,,,,,,,,,,,,,,,,,,,,,,,,,,,,,,,,,,,,,,,,,,,,,,,,,,,,,,,,,,,,,,,,,,,,,,,,,,,,,,,,,,,,,,,,,,,,,,,,
,,,2025-08-11_11h42.11.709,CFMT_CCMT_Face_recognition,03.02.2023,Win32,60.97560976,5ef07f0ba383185b3570273e,6899c7d7c4c961a016830ad3,6899c8bcaa3d34798c7a769e,,,,,,,,,,,,,,,,,,,,,,,,,,,,,,,,,,,,,,,,,,,,,,385.4489,2.257234761,387.6991,,,,,,,,,,,,,,,,,,,,,,,,387.6992,388.9323,q,0,1.1652,,35,0,35,0,1,,,,,,,,,,,,,,,,,,,,,,,,,,,,,,,,,,,,,,,,,,,,,,,,,,,,,,,,,,,,,,,,,,,,,,,,,,,,,,,,,,,,,,,,,,,,,,,,,,,,,,,,,,,,
,,,2025-08-11_11h42.11.709,CFMT_CCMT_Face_recognition,03.02.2023,Win32,60.97560976,5ef07f0ba383185b3570273e,6899c7d7c4c961a016830ad3,6899c8bcaa3d34798c7a769e,,,,,,,,,,,,,,,,,,,,,,,,,,,,,,,,,,,,,,,,,,,,,,388.9327,1.911293749,390.8325,,,,,,,,,,,,,,,,,,,,,,,,390.8325,392.0822,q,1,1.1854,,36,0,36,0,1,,,,,,,,,,,,,,,,,,,,,,,,,,,,,,,,,,,,,,,,,,,,,,,,,,,,,,,,,,,,,,,,,,,,,,,,,,,,,,,,,,,,,,,,,,,,,,,,,,,,,,,,,,,,
,,,2025-08-11_11h42.11.709,CFMT_CCMT_Face_recognition,03.02.2023,Win32,60.97560976,5ef07f0ba383185b3570273e,6899c7d7c4c961a016830ad3,6899c8bcaa3d34798c7a769e,,,,,,,,,,,,,,,,,,,,,,,,,,,,,,,,,,,,,,,,,,,,,,392.0826,1.859857196,393.9324,,,,,,,,,,,,,,,,,,,,,,,,393.9324,394.949,p,1,0.9507,,37,0,37,0,1,,,,,,,,,,,,,,,,,,,,,,,,,,,,,,,,,,,,,,,,,,,,,,,,,,,,,,,,,,,,,,,,,,,,,,,,,,,,,,,,,,,,,,,,,,,,,,,,,,,,,,,,,,,,
,,,2025-08-11_11h42.11.709,CFMT_CCMT_Face_recognition,03.02.2023,Win32,60.97560976,5ef07f0ba383185b3570273e,6899c7d7c4c961a016830ad3,6899c8bcaa3d34798c7a769e,,,,,,,,,,,,,,,,,,,,,,,,,,,,,,,,,,,,,,,,,,,,,,394.9493,2.475683188,397.4156,,,,,,,,,,,,,,,,,,,,,,,,397.4157,398.6654,q,0,1.1785,,38,0,38,0,1,,,,,,,,,,,,,,,,,,,,,,,,,,,,,,,,,,,,,,,,,,,,,,,,,,,,,,,,,,,,,,,,,,,,,,,,,,,,,,,,,,,,,,,,,,,,,,,,,,,,,,,,,,,,
,,,2025-08-11_11h42.11.709,CFMT_CCMT_Face_recognition,03.02.2023,Win32,60.97560976,5ef07f0ba383185b3570273e,6899c7d7c4c961a016830ad3,6899c8bcaa3d34798c7a769e,,,,,,,,,,,,,,,,,,,,,,,,,,,,,,,,,,,,,,,,,,,,,,398.6658,1.957153656,400.6159,,,,,,,,,,,,,,,,,,,,,,,,400.6159,401.4491,q,0,0.762,,39,0,39,0,1,,,,,,,,,,,,,,,,,,,,,,,,,,,,,,,,,,,,,,,,,,,,,,,,,,,,,,,,,,,,,,,,,,,,,,,,,,,,,,,,,,,,,,,,,,,,,,,,,,,,,,,,,,,,
,,,2025-08-11_11h42.11.709,CFMT_CCMT_Face_recognition,03.02.2023,Win32,60.97560976,5ef07f0ba383185b3570273e,6899c7d7c4c961a016830ad3,6899c8bcaa3d34798c7a769e,,,,,,,,,,,,,,,,,,,,,,,,,,,,,,,,,,,,,,,,,,,,,,401.4496,1.806290479,403.2489,,,,,,,,,,,,,,,,,,,,,,,,403.249,404.7325,q,0,1.4154,,40,0,40,0,1,,,,,,,,,,,,,,,,,,,,,,,,,,,,,,,,,,,,,,,,,,,,,,,,,,,,,,,,,,,,,,,,,,,,,,,,,,,,,,,,,,,,,,,,,,,,,,,,,,,,,,,,,,,,
,,,2025-08-11_11h42.11.709,CFMT_CCMT_Face_recognition,03.02.2023,Win32,60.97560976,5ef07f0ba383185b3570273e,6899c7d7c4c961a016830ad3,6899c8bcaa3d34798c7a769e,,,,,,,,,,,,,,,,,,,,,,,,,,,,,,,,,,,,,,,,,,,,,,404.733,2.238900486,406.966,,,,,,,,,,,,,,,,,,,,,,,,406.966,408.1488,q,1,1.1143,,41,0,41,0,1,,,,,,,,,,,,,,,,,,,,,,,,,,,,,,,,,,,,,,,,,,,,,,,,,,,,,,,,,,,,,,,,,,,,,,,,,,,,,,,,,,,,,,,,,,,,,,,,,,,,,,,,,,,,
,,,2025-08-11_11h42.11.709,CFMT_CCMT_Face_recognition,03.02.2023,Win32,60.97560976,5ef07f0ba383185b3570273e,6899c7d7c4c961a016830ad3,6899c8bcaa3d34798c7a769e,,,,,,,,,,,,,,,,,,,,,,,,,,,,,,,,,,,,,,,,,,,,,,408.1491,1.790025917,409.9316,,,,,,,,,,,,,,,,,,,,,,,,409.9317,410.8648,p,0,0.8737,,42,0,42,0,1,,,,,,,,,,,,,,,,,,,,,,,,,,,,,,,,,,,,,,,,,,,,,,,,,,,,,,,,,,,,,,,,,,,,,,,,,,,,,,,,,,,,,,,,,,,,,,,,,,,,,,,,,,,,
,,,2025-08-11_11h42.11.709,CFMT_CCMT_Face_recognition,03.02.2023,Win32,60.97560976,5ef07f0ba383185b3570273e,6899c7d7c4c961a016830ad3,6899c8bcaa3d34798c7a769e,,,,,,,,,,,,,,,,,,,,,,,,,,,,,,,,,,,,,,,,,,,,,,410.865,2.17465703,413.0323,,,,,,,,,,,,,,,,,,,,,,,,413.0323,414.482,q,1,1.3783,,43,0,43,0,1,,,,,,,,,,,,,,,,,,,,,,,,,,,,,,,,,,,,,,,,,,,,,,,,,,,,,,,,,,,,,,,,,,,,,,,,,,,,,,,,,,,,,,,,,,,,,,,,,,,,,,,,,,,,
,,,2025-08-11_11h42.11.709,CFMT_CCMT_Face_recognition,03.02.2023,Win32,60.97560976,5ef07f0ba383185b3570273e,6899c7d7c4c961a016830ad3,6899c8bcaa3d34798c7a769e,,,,,,,,,,,,,,,,,,,,,,,,,,,,,,,,,,,,,,,,,,,,,,414.4821,1.78448864,416.266,,,,,,,,,,,,,,,,,,,,,,,,416.266,417.1327,q,0,0.7975,,44,0,44,0,1,,,,,,,,,,,,,,,,,,,,,,,,,,,,,,,,,,,,,,,,,,,,,,,,,,,,,,,,,,,,,,,,,,,,,,,,,,,,,,,,,,,,,,,,,,,,,,,,,,,,,,,,,,,,
,,,2025-08-11_11h42.11.709,CFMT_CCMT_Face_recognition,03.02.2023,Win32,60.97560976,5ef07f0ba383185b3570273e,6899c7d7c4c961a016830ad3,6899c8bcaa3d34798c7a769e,,,,,,,,,,,,,,,,,,,,,,,,,,,,,,,,,,,,,,,,,,,,,,417.1331,2.245296997,419.3824,,,,,,,,,,,,,,,,,,,,,,,,419.3825,420.4985,p,1,1.051,,45,0,45,0,1,,,,,,,,,,,,,,,,,,,,,,,,,,,,,,,,,,,,,,,,,,,,,,,,,,,,,,,,,,,,,,,,,,,,,,,,,,,,,,,,,,,,,,,,,,,,,,,,,,,,,,,,,,,,
,,,2025-08-11_11h42.11.709,CFMT_CCMT_Face_recognition,03.02.2023,Win32,60.97560976,5ef07f0ba383185b3570273e,6899c7d7c4c961a016830ad3,6899c8bcaa3d34798c7a769e,,,,,,,,,,,,,,,,,,,,,,,,,,,,,,,,,,,,,,,,,,,,,,420.4988,1.936285806,422.4326,,,,,,,,,,,,,,,,,,,,,,,,422.4326,423.585,p,1,1.0918,,46,0,46,0,1,,,,,,,,,,,,,,,,,,,,,,,,,,,,,,,,,,,,,,,,,,,,,,,,,,,,,,,,,,,,,,,,,,,,,,,,,,,,,,,,,,,,,,,,,,,,,,,,,,,,,,,,,,,,
,,,2025-08-11_11h42.11.709,CFMT_CCMT_Face_recognition,03.02.2023,Win32,60.97560976,5ef07f0ba383185b3570273e,6899c7d7c4c961a016830ad3,6899c8bcaa3d34798c7a769e,,,,,,,,,,,,,,,,,,,,,,,,,,,,,,,,,,,,,,,,,,,,,,423.5852,2.317275882,425.8987,,,,,,,,,,,,,,,,,,,,,,,,425.8987,427.2659,q,1,1.2981,,47,0,47,0,1,,,,,,,,,,,,,,,,,,,,,,,,,,,,,,,,,,,,,,,,,,,,,,,,,,,,,,,,,,,,,,,,,,,,,,,,,,,,,,,,,,,,,,,,,,,,,,,,,,,,,,,,,,,,
,,,2025-08-11_11h42.11.709,CFMT_CCMT_Face_recognition,03.02.2023,Win32,60.97560976,5ef07f0ba383185b3570273e,6899c7d7c4c961a016830ad3,6899c8bcaa3d34798c7a769e,,,,,,,,,,,,,,,,,,,,,,,,,,,,,,,,,,,,,,,,,,,,,,427.2663,1.923554519,429.1826,,,,,,,,,,,,,,,,,,,,,,,,429.1826,430.1156,q,1,0.8645,,48,0,48,0,1,,,,,,,,,,,,,,,,,,,,,,,,,,,,,,,,,,,,,,,,,,,,,,,,,,,,,,,,,,,,,,,,,,,,,,,,,,,,,,,,,,,,,,,,,,,,,,,,,,,,,,,,,,,,
,,,2025-08-11_11h42.11.709,CFMT_CCMT_Face_recognition,03.02.2023,Win32,60.97560976,5ef07f0ba383185b3570273e,6899c7d7c4c961a016830ad3,6899c8bcaa3d34798c7a769e,,,,,,,,,,,,,,,,,,,,,,,,,,,,,,,,,,,,,,,,,,,,,,430.116,2.436677494,432.5492,,,,,,,,,,,,,,,,,,,,,,,,432.5493,434.3663,p,0,1.7554,,49,0,49,0,1,,,,,,,,,,,,,,,,,,,,,,,,,,,,,,,,,,,,,,,,,,,,,,,,,,,,,,,,,,,,,,,,,,,,,,,,,,,,,,,,,,,,,,,,,,,,,,,,,,,,,,,,,,,,
,,,2025-08-11_11h42.11.709,CFMT_CCMT_Face_recognition,03.02.2023,Win32,60.97560976,5ef07f0ba383185b3570273e,6899c7d7c4c961a016830ad3,6899c8bcaa3d34798c7a769e,,,,,,,,,,,,,,,,,,,,,,,,,,,,,,,,,,,,,,,,,,,,,,434.3668,1.763763857,436.1323,,,,,,,,,,,,,,,,,,,,,,,,436.1323,437.6159,p,0,1.4144,,50,0,50,0,1,,,,,,,,,,,,,,,,,,,,,,,,,,,,,,,,,,,,,,,,,,,,,,,,,,,,,,,,,,,,,,,,,,,,,,,,,,,,,,,,,,,,,,,,,,,,,,,,,,,,,,,,,,,,
,,,2025-08-11_11h42.11.709,CFMT_CCMT_Face_recognition,03.02.2023,Win32,60.97560976,5ef07f0ba383185b3570273e,6899c7d7c4c961a016830ad3,6899c8bcaa3d34798c7a769e,,,,,,,,,,,,,,,,,,,,,,,,,,,,,,,,,,,,,,,,,,,,,,437.6162,1.872139071,439.4822,,,,,,,,,,,,,,,,,,,,,,,,439.4823,440.9821,p,1,1.4402,,51,0,51,0,1,,,,,,,,,,,,,,,,,,,,,,,,,,,,,,,,,,,,,,,,,,,,,,,,,,,,,,,,,,,,,,,,,,,,,,,,,,,,,,,,,,,,,,,,,,,,,,,,,,,,,,,,,,,,
,,,2025-08-11_11h42.11.709,CFMT_CCMT_Face_recognition,03.02.2023,Win32,60.97560976,5ef07f0ba383185b3570273e,6899c7d7c4c961a016830ad3,6899c8bcaa3d34798c7a769e,,,,,,,,,,,,,,,,,,,,,,,,,,,,,,,,,,,,,,,,,,,,,,440.9825,2.135796278,443.116,,,,,,,,,,,,,,,,,,,,,,,,443.1161,444.4652,q,1,1.2859,,52,0,52,0,1,,,,,,,,,,,,,,,,,,,,,,,,,,,,,,,,,,,,,,,,,,,,,,,,,,,,,,,,,,,,,,,,,,,,,,,,,,,,,,,,,,,,,,,,,,,,,,,,,,,,,,,,,,,,
,,,2025-08-11_11h42.11.709,CFMT_CCMT_Face_recognition,03.02.2023,Win32,60.97560976,5ef07f0ba383185b3570273e,6899c7d7c4c961a016830ad3,6899c8bcaa3d34798c7a769e,,,,,,,,,,,,,,,,,,,,,,,,,,,,,,,,,,,,,,,,,,,,,,444.4658,1.610785589,446.0659,,,,,,,,,,,,,,,,,,,,,,,,446.066,447.3661,p,1,1.2398,,53,0,53,0,1,,,,,,,,,,,,,,,,,,,,,,,,,,,,,,,,,,,,,,,,,,,,,,,,,,,,,,,,,,,,,,,,,,,,,,,,,,,,,,,,,,,,,,,,,,,,,,,,,,,,,,,,,,,,
,,,2025-08-11_11h42.11.709,CFMT_CCMT_Face_recognition,03.02.2023,Win32,60.97560976,5ef07f0ba383185b3570273e,6899c7d7c4c961a016830ad3,6899c8bcaa3d34798c7a769e,,,,,,,,,,,,,,,,,,,,,,,,,,,,,,,,,,,,,,,,,,,,,,447.3666,2.007302314,449.3658,,,,,,,,,,,,,,,,,,,,,,,,449.3658,450.5823,q,1,1.1484,,54,0,54,0,1,,,,,,,,,,,,,,,,,,,,,,,,,,,,,,,,,,,,,,,,,,,,,,,,,,,,,,,,,,,,,,,,,,,,,,,,,,,,,,,,,,,,,,,,,,,,,,,,,,,,,,,,,,,,
,,,2025-08-11_11h42.11.709,CFMT_CCMT_Face_recognition,03.02.2023,Win32,60.97560976,5ef07f0ba383185b3570273e,6899c7d7c4c961a016830ad3,6899c8bcaa3d34798c7a769e,,,,,,,,,,,,,,,,,,,,,,,,,,,,,,,,,,,,,,,,,,,,,,450.5827,2.066781646,452.6491,,,,,,,,,,,,,,,,,,,,,,,,452.6491,453.4989,p,0,0.7848,,55,0,55,0,1,,,,,,,,,,,,,,,,,,,,,,,,,,,,,,,,,,,,,,,,,,,,,,,,,,,,,,,,,,,,,,,,,,,,,,,,,,,,,,,,,,,,,,,,,,,,,,,,,,,,,,,,,,,,
,,,2025-08-11_11h42.11.709,CFMT_CCMT_Face_recognition,03.02.2023,Win32,60.97560976,5ef07f0ba383185b3570273e,6899c7d7c4c961a016830ad3,6899c8bcaa3d34798c7a769e,,,,,,,,,,,,,,,,,,,,,,,,,,,,,,,,,,,,,,,,,,,,,,453.4993,2.34916458,455.8489,,,,,,,,,,,,,,,,,,,,,,,,455.849,456.9654,p,0,1.0491,,56,0,56,0,1,,,,,,,,,,,,,,,,,,,,,,,,,,,,,,,,,,,,,,,,,,,,,,,,,,,,,,,,,,,,,,,,,,,,,,,,,,,,,,,,,,,,,,,,,,,,,,,,,,,,,,,,,,,,
,,,2025-08-11_11h42.11.709,CFMT_CCMT_Face_recognition,03.02.2023,Win32,60.97560976,5ef07f0ba383185b3570273e,6899c7d7c4c961a016830ad3,6899c8bcaa3d34798c7a769e,,,,,,,,,,,,,,,,,,,,,,,,,,,,,,,,,,,,,,,,,,,,,,456.9659,1.782664418,458.7492,,,,,,,,,,,,,,,,,,,,,,,,458.7492,459.7824,q,1,0.9664,,57,0,57,0,1,,,,,,,,,,,,,,,,,,,,,,,,,,,,,,,,,,,,,,,,,,,,,,,,,,,,,,,,,,,,,,,,,,,,,,,,,,,,,,,,,,,,,,,,,,,,,,,,,,,,,,,,,,,,
,,,2025-08-11_11h42.11.709,CFMT_CCMT_Face_recognition,03.02.2023,Win32,60.97560976,5ef07f0ba383185b3570273e,6899c7d7c4c961a016830ad3,6899c8bcaa3d34798c7a769e,,,,,,,,,,,,,,,,,,,,,,,,,,,,,,,,,,,,,,,,,,,,,,459.7828,2.402797516,462.1825,,,,,,,,,,,,,,,,,,,,,,,,462.1825,463.6821,p,1,1.4305,,58,0,58,0,1,,,,,,,,,,,,,,,,,,,,,,,,,,,,,,,,,,,,,,,,,,,,,,,,,,,,,,,,,,,,,,,,,,,,,,,,,,,,,,,,,,,,,,,,,,,,,,,,,,,,,,,,,,,,
,,,2025-08-11_11h42.11.709,CFMT_CCMT_Face_recognition,03.02.2023,Win32,60.97560976,5ef07f0ba383185b3570273e,6899c7d7c4c961a016830ad3,6899c8bcaa3d34798c7a769e,,,,,,,,,,,,,,,,,,,,,,,,,,,,,,,,,,,,,,,,,,,,,,463.6824,1.80693017,465.4825,,,,,,,,,,,,,,,,,,,,,,,,465.4825,466.6159,p,1,1.0621,,59,0,59,0,1,,,,,,,,,,,,,,,,,,,,,,,,,,,,,,,,,,,,,,,,,,,,,,,,,,,,,,,,,,,,,,,,,,,,,,,,,,,,,,,,,,,,,,,,,,,,,,,,,,,,,,,,,,,,
,,,2025-08-11_11h42.11.709,CFMT_CCMT_Face_recognition,03.02.2023,Win32,60.97560976,5ef07f0ba383185b3570273e,6899c7d7c4c961a016830ad3,6899c8bcaa3d34798c7a769e,,,,,,,,,,,,,,,,,,,,,,,,,,,,,,,,,,,,,,,,,,,,,,471.9339,1.576493231,473.4986,,,,,,,,,,,,,,,,,,,,,,,,473.4986,474.5499,q,0,0.9923,,0,0,0,0,1,466.6165,471.9325,space,5.2865,,,,,,,,,,,,,,,,,,,,,,,,,,,,,,,,,,,,,,,,,,,,,,,,,,,,,,,,,,,,,,,,,,,,,,,,,,,,,,,,,,,,,,,,,,,,,,,,,,,,,,,,
,,,2025-08-11_11h42.11.709,CFMT_CCMT_Face_recognition,03.02.2023,Win32,60.97560976,5ef07f0ba383185b3570273e,6899c7d7c4c961a016830ad3,6899c8bcaa3d34798c7a769e,,,,,,,,,,,,,,,,,,,,,,,,,,,,,,,,,,,,,,,,,,,,,,474.5504,2.241490111,476.7825,,,,,,,,,,,,,,,,,,,,,,,,476.7825,477.7324,p,0,0.8845,,1,0,1,0,1,,,,,,,,,,,,,,,,,,,,,,,,,,,,,,,,,,,,,,,,,,,,,,,,,,,,,,,,,,,,,,,,,,,,,,,,,,,,,,,,,,,,,,,,,,,,,,,,,,,,,,,,,,,,
,,,2025-08-11_11h42.11.709,CFMT_CCMT_Face_recognition,03.02.2023,Win32,60.97560976,5ef07f0ba383185b3570273e,6899c7d7c4c961a016830ad3,6899c8bcaa3d34798c7a769e,,,,,,,,,,,,,,,,,,,,,,,,,,,,,,,,,,,,,,,,,,,,,,477.7328,1.866252536,479.5992,,,,,,,,,,,,,,,,,,,,,,,,479.5992,481.0157,p,1,1.3481,,2,0,2,0,1,,,,,,,,,,,,,,,,,,,,,,,,,,,,,,,,,,,,,,,,,,,,,,,,,,,,,,,,,,,,,,,,,,,,,,,,,,,,,,,,,,,,,,,,,,,,,,,,,,,,,,,,,,,,
,,,2025-08-11_11h42.11.709,CFMT_CCMT_Face_recognition,03.02.2023,Win32,60.97560976,5ef07f0ba383185b3570273e,6899c7d7c4c961a016830ad3,6899c8bcaa3d34798c7a769e,,,,,,,,,,,,,,,,,,,,,,,,,,,,,,,,,,,,,,,,,,,,,,481.0161,2.028272796,483.0324,,,,,,,,,,,,,,,,,,,,,,,,483.0325,484.2822,p,1,1.1862,,3,0,3,0,1,,,,,,,,,,,,,,,,,,,,,,,,,,,,,,,,,,,,,,,,,,,,,,,,,,,,,,,,,,,,,,,,,,,,,,,,,,,,,,,,,,,,,,,,,,,,,,,,,,,,,,,,,,,,
,,,2025-08-11_11h42.11.709,CFMT_CCMT_Face_recognition,03.02.2023,Win32,60.97560976,5ef07f0ba383185b3570273e,6899c7d7c4c961a016830ad3,6899c8bcaa3d34798c7a769e,,,,,,,,,,,,,,,,,,,,,,,,,,,,,,,,,,,,,,,,,,,,,,484.2826,1.913982236,486.1991,,,,,,,,,,,,,,,,,,,,,,,,486.1992,487.5819,q,1,1.3217,,4,0,4,0,1,,,,,,,,,,,,,,,,,,,,,,,,,,,,,,,,,,,,,,,,,,,,,,,,,,,,,,,,,,,,,,,,,,,,,,,,,,,,,,,,,,,,,,,,,,,,,,,,,,,,,,,,,,,,
,,,2025-08-11_11h42.11.709,CFMT_CCMT_Face_recognition,03.02.2023,Win32,60.97560976,5ef07f0ba383185b3570273e,6899c7d7c4c961a016830ad3,6899c8bcaa3d34798c7a769e,,,,,,,,,,,,,,,,,,,,,,,,,,,,,,,,,,,,,,,,,,,,,,487.5823,2.017499973,489.6039,,,,,,,,,,,,,,,,,,,,,,,,489.6039,491.2654,q,0,1.6019,,5,0,5,0,1,,,,,,,,,,,,,,,,,,,,,,,,,,,,,,,,,,,,,,,,,,,,,,,,,,,,,,,,,,,,,,,,,,,,,,,,,,,,,,,,,,,,,,,,,,,,,,,,,,,,,,,,,,,,
,,,2025-08-11_11h42.11.709,CFMT_CCMT_Face_recognition,03.02.2023,Win32,60.97560976,5ef07f0ba383185b3570273e,6899c7d7c4c961a016830ad3,6899c8bcaa3d34798c7a769e,,,,,,,,,,,,,,,,,,,,,,,,,,,,,,,,,,,,,,,,,,,,,,491.2658,2.04880719,493.3158,,,,,,,,,,,,,,,,,,,,,,,,493.3158,494.5987,q,0,1.2186,,6,0,6,0,1,,,,,,,,,,,,,,,,,,,,,,,,,,,,,,,,,,,,,,,,,,,,,,,,,,,,,,,,,,,,,,,,,,,,,,,,,,,,,,,,,,,,,,,,,,,,,,,,,,,,,,,,,,,,
,,,2025-08-11_11h42.11.709,CFMT_CCMT_Face_recognition,03.02.2023,Win32,60.97560976,5ef07f0ba383185b3570273e,6899c7d7c4c961a016830ad3,6899c8bcaa3d34798c7a769e,,,,,,,,,,,,,,,,,,,,,,,,,,,,,,,,,,,,,,,,,,,,,,494.599,1.633355995,496.2328,,,,,,,,,,,,,,,,,,,,,,,,496.2328,497.4159,p,0,1.1138,,7,0,7,0,1,,,,,,,,,,,,,,,,,,,,,,,,,,,,,,,,,,,,,,,,,,,,,,,,,,,,,,,,,,,,,,,,,,,,,,,,,,,,,,,,,,,,,,,,,,,,,,,,,,,,,,,,,,,,
,,,2025-08-11_11h42.11.709,CFMT_CCMT_Face_recognition,03.02.2023,Win32,60.97560976,5ef07f0ba383185b3570273e,6899c7d7c4c961a016830ad3,6899c8bcaa3d34798c7a769e,,,,,,,,,,,,,,,,,,,,,,,,,,,,,,,,,,,,,,,,,,,,,,497.4163,1.85628366,499.2657,,,,,,,,,,,,,,,,,,,,,,,,499.2657,500.7156,p,1,1.3871,,8,0,8,0,1,,,,,,,,,,,,,,,,,,,,,,,,,,,,,,,,,,,,,,,,,,,,,,,,,,,,,,,,,,,,,,,,,,,,,,,,,,,,,,,,,,,,,,,,,,,,,,,,,,,,,,,,,,,,
,,,2025-08-11_11h42.11.709,CFMT_CCMT_Face_recognition,03.02.2023,Win32,60.97560976,5ef07f0ba383185b3570273e,6899c7d7c4c961a016830ad3,6899c8bcaa3d34798c7a769e,,,,,,,,,,,,,,,,,,,,,,,,,,,,,,,,,,,,,,,,,,,,,,500.7158,2.423766444,503.132,,,,,,,,,,,,,,,,,,,,,,,,503.132,504.6989,q,1,1.5025,,9,0,9,0,1,,,,,,,,,,,,,,,,,,,,,,,,,,,,,,,,,,,,,,,,,,,,,,,,,,,,,,,,,,,,,,,,,,,,,,,,,,,,,,,,,,,,,,,,,,,,,,,,,,,,,,,,,,,,
,,,2025-08-11_11h42.11.709,CFMT_CCMT_Face_recognition,03.02.2023,Win32,60.97560976,5ef07f0ba383185b3570273e,6899c7d7c4c961a016830ad3,6899c8bcaa3d34798c7a769e,,,,,,,,,,,,,,,,,,,,,,,,,,,,,,,,,,,,,,,,,,,,,,504.6993,2.423902435,507.1161,,,,,,,,,,,,,,,,,,,,,,,,507.1161,508.1492,p,1,0.9627,,10,0,10,0,1,,,,,,,,,,,,,,,,,,,,,,,,,,,,,,,,,,,,,,,,,,,,,,,,,,,,,,,,,,,,,,,,,,,,,,,,,,,,,,,,,,,,,,,,,,,,,,,,,,,,,,,,,,,,
,,,2025-08-11_11h42.11.709,CFMT_CCMT_Face_recognition,03.02.2023,Win32,60.97560976,5ef07f0ba383185b3570273e,6899c7d7c4c961a016830ad3,6899c8bcaa3d34798c7a769e,,,,,,,,,,,,,,,,,,,,,,,,,,,,,,,,,,,,,,,,,,,,,,508.1496,2.285867785,510.4326,,,,,,,,,,,,,,,,,,,,,,,,510.4327,512.1664,p,1,1.6715,,11,0,11,0,1,,,,,,,,,,,,,,,,,,,,,,,,,,,,,,,,,,,,,,,,,,,,,,,,,,,,,,,,,,,,,,,,,,,,,,,,,,,,,,,,,,,,,,,,,,,,,,,,,,,,,,,,,,,,
,,,2025-08-11_11h42.11.709,CFMT_CCMT_Face_recognition,03.02.2023,Win32,60.97560976,5ef07f0ba383185b3570273e,6899c7d7c4c961a016830ad3,6899c8bcaa3d34798c7a769e,,,,,,,,,,,,,,,,,,,,,,,,,,,,,,,,,,,,,,,,,,,,,,512.1668,1.893155367,514.0493,,,,,,,,,,,,,,,,,,,,,,,,514.0493,515.399,p,1,1.2875,,12,0,12,0,1,,,,,,,,,,,,,,,,,,,,,,,,,,,,,,,,,,,,,,,,,,,,,,,,,,,,,,,,,,,,,,,,,,,,,,,,,,,,,,,,,,,,,,,,,,,,,,,,,,,,,,,,,,,,
,,,2025-08-11_11h42.11.709,CFMT_CCMT_Face_recognition,03.02.2023,Win32,60.97560976,5ef07f0ba383185b3570273e,6899c7d7c4c961a016830ad3,6899c8bcaa3d34798c7a769e,,,,,,,,,,,,,,,,,,,,,,,,,,,,,,,,,,,,,,,,,,,,,,515.3993,1.649175232,517.0494,,,,,,,,,,,,,,,,,,,,,,,,517.0495,519.3157,,,,,13,0,13,0,1,,,,,,,,,,,,,,,,,,,,,,,,,,,,,,,,,,,,,,,,,,,,,,,,,,,,,,,,,,,,,,,,,,,,,,,,,,,,,,,,,,,,,,,,,,,,,,,,,,,,,,,,,,,,
,,,2025-08-11_11h42.11.709,CFMT_CCMT_Face_recognition,03.02.2023,Win32,60.97560976,5ef07f0ba383185b3570273e,6899c7d7c4c961a016830ad3,6899c8bcaa3d34798c7a769e,,,,,,,,,,,,,,,,,,,,,,,,,,,,,,,,,,,,,,,,,,,,,,519.3162,2.199582212,521.5158,,,,,,,,,,,,,,,,,,,,,,,,521.5158,522.582,p,1,1.0043,,14,0,14,0,1,,,,,,,,,,,,,,,,,,,,,,,,,,,,,,,,,,,,,,,,,,,,,,,,,,,,,,,,,,,,,,,,,,,,,,,,,,,,,,,,,,,,,,,,,,,,,,,,,,,,,,,,,,,,
,,,2025-08-11_11h42.11.709,CFMT_CCMT_Face_recognition,03.02.2023,Win32,60.97560976,5ef07f0ba383185b3570273e,6899c7d7c4c961a016830ad3,6899c8bcaa3d34798c7a769e,,,,,,,,,,,,,,,,,,,,,,,,,,,,,,,,,,,,,,,,,,,,,,522.5825,1.702235061,524.282,,,,,,,,,,,,,,,,,,,,,,,,524.2821,525.9325,p,1,1.5841,,15,0,15,0,1,,,,,,,,,,,,,,,,,,,,,,,,,,,,,,,,,,,,,,,,,,,,,,,,,,,,,,,,,,,,,,,,,,,,,,,,,,,,,,,,,,,,,,,,,,,,,,,,,,,,,,,,,,,,
,,,2025-08-11_11h42.11.709,CFMT_CCMT_Face_recognition,03.02.2023,Win32,60.97560976,5ef07f0ba383185b3570273e,6899c7d7c4c961a016830ad3,6899c8bcaa3d34798c7a769e,,,,,,,,,,,,,,,,,,,,,,,,,,,,,,,,,,,,,,,,,,,,,,525.933,1.803438759,527.7324,,,,,,,,,,,,,,,,,,,,,,,,527.7325,529.2155,q,0,1.4137,,16,0,16,0,1,,,,,,,,,,,,,,,,,,,,,,,,,,,,,,,,,,,,,,,,,,,,,,,,,,,,,,,,,,,,,,,,,,,,,,,,,,,,,,,,,,,,,,,,,,,,,,,,,,,,,,,,,,,,
,,,2025-08-11_11h42.11.709,CFMT_CCMT_Face_recognition,03.02.2023,Win32,60.97560976,5ef07f0ba383185b3570273e,6899c7d7c4c961a016830ad3,6899c8bcaa3d34798c7a769e,,,,,,,,,,,,,,,,,,,,,,,,,,,,,,,,,,,,,,,,,,,,,,529.216,1.523242531,530.7328,,,,,,,,,,,,,,,,,,,,,,,,530.7329,533.5157,,,,,17,0,17,0,1,,,,,,,,,,,,,,,,,,,,,,,,,,,,,,,,,,,,,,,,,,,,,,,,,,,,,,,,,,,,,,,,,,,,,,,,,,,,,,,,,,,,,,,,,,,,,,,,,,,,,,,,,,,,
,,,2025-08-11_11h42.11.709,CFMT_CCMT_Face_recognition,03.02.2023,Win32,60.97560976,5ef07f0ba383185b3570273e,6899c7d7c4c961a016830ad3,6899c8bcaa3d34798c7a769e,,,,,,,,,,,,,,,,,,,,,,,,,,,,,,,,,,,,,,,,,,,,,,533.516,1.532830507,535.0494,,,,,,,,,,,,,,,,,,,,,,,,535.0494,536.2159,q,1,1.0972,,18,0,18,0,1,,,,,,,,,,,,,,,,,,,,,,,,,,,,,,,,,,,,,,,,,,,,,,,,,,,,,,,,,,,,,,,,,,,,,,,,,,,,,,,,,,,,,,,,,,,,,,,,,,,,,,,,,,,,
,,,2025-08-11_11h42.11.709,CFMT_CCMT_Face_recognition,03.02.2023,Win32,60.97560976,5ef07f0ba383185b3570273e,6899c7d7c4c961a016830ad3,6899c8bcaa3d34798c7a769e,,,,,,,,,,,,,,,,,,,,,,,,,,,,,,,,,,,,,,,,,,,,,,536.2164,2.099496196,538.3155,,,,,,,,,,,,,,,,,,,,,,,,538.3155,539.3658,q,1,0.9809,,19,0,19,0,1,,,,,,,,,,,,,,,,,,,,,,,,,,,,,,,,,,,,,,,,,,,,,,,,,,,,,,,,,,,,,,,,,,,,,,,,,,,,,,,,,,,,,,,,,,,,,,,,,,,,,,,,,,,,
,,,2025-08-11_11h42.11.709,CFMT_CCMT_Face_recognition,03.02.2023,Win32,60.97560976,5ef07f0ba383185b3570273e,6899c7d7c4c961a016830ad3,6899c8bcaa3d34798c7a769e,,,,,,,,,,,,,,,,,,,,,,,,,,,,,,,,,,,,,,,,,,,,,,539.3665,1.887195938,541.2493,,,,,,,,,,,,,,,,,,,,,,,,541.2494,542.4159,p,1,1.0988,,20,0,20,0,1,,,,,,,,,,,,,,,,,,,,,,,,,,,,,,,,,,,,,,,,,,,,,,,,,,,,,,,,,,,,,,,,,,,,,,,,,,,,,,,,,,,,,,,,,,,,,,,,,,,,,,,,,,,,
,,,2025-08-11_11h42.11.709,CFMT_CCMT_Face_recognition,03.02.2023,Win32,60.97560976,5ef07f0ba383185b3570273e,6899c7d7c4c961a016830ad3,6899c8bcaa3d34798c7a769e,,,,,,,,,,,,,,,,,,,,,,,,,,,,,,,,,,,,,,,,,,,,,,542.4163,1.715455032,544.1367,,,,,,,,,,,,,,,,,,,,,,,,544.1367,545.8491,p,0,1.6437,,21,0,21,0,1,,,,,,,,,,,,,,,,,,,,,,,,,,,,,,,,,,,,,,,,,,,,,,,,,,,,,,,,,,,,,,,,,,,,,,,,,,,,,,,,,,,,,,,,,,,,,,,,,,,,,,,,,,,,
,,,2025-08-11_11h42.11.709,CFMT_CCMT_Face_recognition,03.02.2023,Win32,60.97560976,5ef07f0ba383185b3570273e,6899c7d7c4c961a016830ad3,6899c8bcaa3d34798c7a769e,,,,,,,,,,,,,,,,,,,,,,,,,,,,,,,,,,,,,,,,,,,,,,545.8495,2.286156966,548.1324,,,,,,,,,,,,,,,,,,,,,,,,548.1324,549.6489,q,0,1.4504,,22,0,22,0,1,,,,,,,,,,,,,,,,,,,,,,,,,,,,,,,,,,,,,,,,,,,,,,,,,,,,,,,,,,,,,,,,,,,,,,,,,,,,,,,,,,,,,,,,,,,,,,,,,,,,,,,,,,,,
,,,2025-08-11_11h42.11.709,CFMT_CCMT_Face_recognition,03.02.2023,Win32,60.97560976,5ef07f0ba383185b3570273e,6899c7d7c4c961a016830ad3,6899c8bcaa3d34798c7a769e,,,,,,,,,,,,,,,,,,,,,,,,,,,,,,,,,,,,,,,,,,,,,,549.6493,1.701223946,551.3493,,,,,,,,,,,,,,,,,,,,,,,,551.3493,552.4988,p,0,1.081,,23,0,23,0,1,,,,,,,,,,,,,,,,,,,,,,,,,,,,,,,,,,,,,,,,,,,,,,,,,,,,,,,,,,,,,,,,,,,,,,,,,,,,,,,,,,,,,,,,,,,,,,,,,,,,,,,,,,,,
,,,2025-08-11_11h42.11.709,CFMT_CCMT_Face_recognition,03.02.2023,Win32,60.97560976,5ef07f0ba383185b3570273e,6899c7d7c4c961a016830ad3,6899c8bcaa3d34798c7a769e,,,,,,,,,,,,,,,,,,,,,,,,,,,,,,,,,,,,,,,,,,,,,,552.4992,2.131540699,554.6326,,,,,,,,,,,,,,,,,,,,,,,,554.6327,556.1992,q,1,1.4972,,24,0,24,0,1,,,,,,,,,,,,,,,,,,,,,,,,,,,,,,,,,,,,,,,,,,,,,,,,,,,,,,,,,,,,,,,,,,,,,,,,,,,,,,,,,,,,,,,,,,,,,,,,,,,,,,,,,,,,
,,,2025-08-11_11h42.11.709,CFMT_CCMT_Face_recognition,03.02.2023,Win32,60.97560976,5ef07f0ba383185b3570273e,6899c7d7c4c961a016830ad3,6899c8bcaa3d34798c7a769e,,,,,,,,,,,,,,,,,,,,,,,,,,,,,,,,,,,,,,,,,,,,,,556.1996,1.529739211,557.7324,,,,,,,,,,,,,,,,,,,,,,,,557.7325,559.3484,p,1,1.5476,,25,0,25,0,1,,,,,,,,,,,,,,,,,,,,,,,,,,,,,,,,,,,,,,,,,,,,,,,,,,,,,,,,,,,,,,,,,,,,,,,,,,,,,,,,,,,,,,,,,,,,,,,,,,,,,,,,,,,,
,,,2025-08-11_11h42.11.709,CFMT_CCMT_Face_recognition,03.02.2023,Win32,60.97560976,5ef07f0ba383185b3570273e,6899c7d7c4c961a016830ad3,6899c8bcaa3d34798c7a769e,,,,,,,,,,,,,,,,,,,,,,,,,,,,,,,,,,,,,,,,,,,,,,559.3486,2.110651639,561.4491,,,,,,,,,,,,,,,,,,,,,,,,561.4491,563.4325,q,1,1.9138,,26,0,26,0,1,,,,,,,,,,,,,,,,,,,,,,,,,,,,,,,,,,,,,,,,,,,,,,,,,,,,,,,,,,,,,,,,,,,,,,,,,,,,,,,,,,,,,,,,,,,,,,,,,,,,,,,,,,,,
,,,2025-08-11_11h42.11.709,CFMT_CCMT_Face_recognition,03.02.2023,Win32,60.97560976,5ef07f0ba383185b3570273e,6899c7d7c4c961a016830ad3,6899c8bcaa3d34798c7a769e,,,,,,,,,,,,,,,,,,,,,,,,,,,,,,,,,,,,,,,,,,,,,,563.4334,1.940201869,565.3662,,,,,,,,,,,,,,,,,,,,,,,,565.3663,566.4654,q,1,1.0299,,27,0,27,0,1,,,,,,,,,,,,,,,,,,,,,,,,,,,,,,,,,,,,,,,,,,,,,,,,,,,,,,,,,,,,,,,,,,,,,,,,,,,,,,,,,,,,,,,,,,,,,,,,,,,,,,,,,,,,
,,,2025-08-11_11h42.11.709,CFMT_CCMT_Face_recognition,03.02.2023,Win32,60.97560976,5ef07f0ba383185b3570273e,6899c7d7c4c961a016830ad3,6899c8bcaa3d34798c7a769e,,,,,,,,,,,,,,,,,,,,,,,,,,,,,,,,,,,,,,,,,,,,,,566.4657,1.643168781,568.0991,,,,,,,,,,,,,,,,,,,,,,,,568.0991,570.3991,,,,,28,0,28,0,1,,,,,,,,,,,,,,,,,,,,,,,,,,,,,,,,,,,,,,,,,,,,,,,,,,,,,,,,,,,,,,,,,,,,,,,,,,,,,,,,,,,,,,,,,,,,,,,,,,,,,,,,,,,,
,,,2025-08-11_11h42.11.709,CFMT_CCMT_Face_recognition,03.02.2023,Win32,60.97560976,5ef07f0ba383185b3570273e,6899c7d7c4c961a016830ad3,6899c8bcaa3d34798c7a769e,,,,,,,,,,,,,,,,,,,,,,,,,,,,,,,,,,,,,,,,,,,,,,570.3994,1.714870141,572.1158,,,,,,,,,,,,,,,,,,,,,,,,572.1159,574.5822,,,,,29,0,29,0,1,,,,,,,,,,,,,,,,,,,,,,,,,,,,,,,,,,,,,,,,,,,,,,,,,,,,,,,,,,,,,,,,,,,,,,,,,,,,,,,,,,,,,,,,,,,,,,,,,,,,,,,,,,,,
,,,2025-08-11_11h42.11.709,CFMT_CCMT_Face_recognition,03.02.2023,Win32,60.97560976,5ef07f0ba383185b3570273e,6899c7d7c4c961a016830ad3,6899c8bcaa3d34798c7a769e,,,,,,,,,,,,,,,,,,,,,,,,,,,,,,,,,,,,,,,,,,,,,,574.5831,2.038694334,576.6161,,,,,,,,,,,,,,,,,,,,,,,,576.6162,578.8156,,,,,30,0,30,0,1,,,,,,,,,,,,,,,,,,,,,,,,,,,,,,,,,,,,,,,,,,,,,,,,,,,,,,,,,,,,,,,,,,,,,,,,,,,,,,,,,,,,,,,,,,,,,,,,,,,,,,,,,,,,
,,,2025-08-11_11h42.11.709,CFMT_CCMT_Face_recognition,03.02.2023,Win32,60.97560976,5ef07f0ba383185b3570273e,6899c7d7c4c961a016830ad3,6899c8bcaa3d34798c7a769e,,,,,,,,,,,,,,,,,,,,,,,,,,,,,,,,,,,,,,,,,,,,,,578.816,2.476761135,581.2825,,,,,,,,,,,,,,,,,,,,,,,,581.2826,583.6489,,,,,31,0,31,0,1,,,,,,,,,,,,,,,,,,,,,,,,,,,,,,,,,,,,,,,,,,,,,,,,,,,,,,,,,,,,,,,,,,,,,,,,,,,,,,,,,,,,,,,,,,,,,,,,,,,,,,,,,,,,
,,,2025-08-11_11h42.11.709,CFMT_CCMT_Face_recognition,03.02.2023,Win32,60.97560976,5ef07f0ba383185b3570273e,6899c7d7c4c961a016830ad3,6899c8bcaa3d34798c7a769e,,,,,,,,,,,,,,,,,,,,,,,,,,,,,,,,,,,,,,,,,,,,,,583.6492,1.623771241,585.266,,,,,,,,,,,,,,,,,,,,,,,,585.266,587.0658,p,1,1.7372,,32,0,32,0,1,,,,,,,,,,,,,,,,,,,,,,,,,,,,,,,,,,,,,,,,,,,,,,,,,,,,,,,,,,,,,,,,,,,,,,,,,,,,,,,,,,,,,,,,,,,,,,,,,,,,,,,,,,,,
,,,2025-08-11_11h42.11.709,CFMT_CCMT_Face_recognition,03.02.2023,Win32,60.97560976,5ef07f0ba383185b3570273e,6899c7d7c4c961a016830ad3,6899c8bcaa3d34798c7a769e,,,,,,,,,,,,,,,,,,,,,,,,,,,,,,,,,,,,,,,,,,,,,,587.0661,2.124269781,589.1824,,,,,,,,,,,,,,,,,,,,,,,,589.1824,590.4488,q,1,1.2027,,33,0,33,0,1,,,,,,,,,,,,,,,,,,,,,,,,,,,,,,,,,,,,,,,,,,,,,,,,,,,,,,,,,,,,,,,,,,,,,,,,,,,,,,,,,,,,,,,,,,,,,,,,,,,,,,,,,,,,
,,,2025-08-11_11h42.11.709,CFMT_CCMT_Face_recognition,03.02.2023,Win32,60.97560976,5ef07f0ba383185b3570273e,6899c7d7c4c961a016830ad3,6899c8bcaa3d34798c7a769e,,,,,,,,,,,,,,,,,,,,,,,,,,,,,,,,,,,,,,,,,,,,,,590.4493,1.723268834,592.1658,,,,,,,,,,,,,,,,,,,,,,,,592.1659,593.5327,p,1,1.297,,34,0,34,0,1,,,,,,,,,,,,,,,,,,,,,,,,,,,,,,,,,,,,,,,,,,,,,,,,,,,,,,,,,,,,,,,,,,,,,,,,,,,,,,,,,,,,,,,,,,,,,,,,,,,,,,,,,,,,
,,,2025-08-11_11h42.11.709,CFMT_CCMT_Face_recognition,03.02.2023,Win32,60.97560976,5ef07f0ba383185b3570273e,6899c7d7c4c961a016830ad3,6899c8bcaa3d34798c7a769e,,,,,,,,,,,,,,,,,,,,,,,,,,,,,,,,,,,,,,,,,,,,,,593.5331,2.078551793,595.5995,,,,,,,,,,,,,,,,,,,,,,,,595.5995,599.6659,,,,,35,0,35,0,1,,,,,,,,,,,,,,,,,,,,,,,,,,,,,,,,,,,,,,,,,,,,,,,,,,,,,,,,,,,,,,,,,,,,,,,,,,,,,,,,,,,,,,,,,,,,,,,,,,,,,,,,,,,,
,,,2025-08-11_11h42.11.709,CFMT_CCMT_Face_recognition,03.02.2023,Win32,60.97560976,5ef07f0ba383185b3570273e,6899c7d7c4c961a016830ad3,6899c8bcaa3d34798c7a769e,,,,,,,,,,,,,,,,,,,,,,,,,,,,,,,,,,,,,,,,,,,,,,599.6664,1.876248217,601.5323,,,,,,,,,,,,,,,,,,,,,,,,601.5323,602.9159,p,0,1.3137,,36,0,36,0,1,,,,,,,,,,,,,,,,,,,,,,,,,,,,,,,,,,,,,,,,,,,,,,,,,,,,,,,,,,,,,,,,,,,,,,,,,,,,,,,,,,,,,,,,,,,,,,,,,,,,,,,,,,,,
,,,2025-08-11_11h42.11.709,CFMT_CCMT_Face_recognition,03.02.2023,Win32,60.97560976,5ef07f0ba383185b3570273e,6899c7d7c4c961a016830ad3,6899c8bcaa3d34798c7a769e,,,,,,,,,,,,,,,,,,,,,,,,,,,,,,,,,,,,,,,,,,,,,,602.9163,2.354357384,605.266,,,,,,,,,,,,,,,,,,,,,,,,605.2661,606.3658,q,0,1.032,,37,0,37,0,1,,,,,,,,,,,,,,,,,,,,,,,,,,,,,,,,,,,,,,,,,,,,,,,,,,,,,,,,,,,,,,,,,,,,,,,,,,,,,,,,,,,,,,,,,,,,,,,,,,,,,,,,,,,,
,,,2025-08-11_11h42.11.709,CFMT_CCMT_Face_recognition,03.02.2023,Win32,60.97560976,5ef07f0ba383185b3570273e,6899c7d7c4c961a016830ad3,6899c8bcaa3d34798c7a769e,,,,,,,,,,,,,,,,,,,,,,,,,,,,,,,,,,,,,,,,,,,,,,606.3661,2.315763285,608.6826,,,,,,,,,,,,,,,,,,,,,,,,608.6827,610.249,q,1,1.5046,,38,0,38,0,1,,,,,,,,,,,,,,,,,,,,,,,,,,,,,,,,,,,,,,,,,,,,,,,,,,,,,,,,,,,,,,,,,,,,,,,,,,,,,,,,,,,,,,,,,,,,,,,,,,,,,,,,,,,,
,,,2025-08-11_11h42.11.709,CFMT_CCMT_Face_recognition,03.02.2023,Win32,60.97560976,5ef07f0ba383185b3570273e,6899c7d7c4c961a016830ad3,6899c8bcaa3d34798c7a769e,,,,,,,,,,,,,,,,,,,,,,,,,,,,,,,,,,,,,,,,,,,,,,610.2495,1.999685819,612.2495,,,,,,,,,,,,,,,,,,,,,,,,612.2496,615.5829,p,1,3.263,,39,0,39,0,1,,,,,,,,,,,,,,,,,,,,,,,,,,,,,,,,,,,,,,,,,,,,,,,,,,,,,,,,,,,,,,,,,,,,,,,,,,,,,,,,,,,,,,,,,,,,,,,,,,,,,,,,,,,,
,,,2025-08-11_11h42.11.709,CFMT_CCMT_Face_recognition,03.02.2023,Win32,60.97560976,5ef07f0ba383185b3570273e,6899c7d7c4c961a016830ad3,6899c8bcaa3d34798c7a769e,,,,,,,,,,,,,,,,,,,,,,,,,,,,,,,,,,,,,,,,,,,,,,615.5833,2.098062302,617.6829,,,,,,,,,,,,,,,,,,,,,,,,617.6829,619.0152,p,1,1.2696,,40,0,40,0,1,,,,,,,,,,,,,,,,,,,,,,,,,,,,,,,,,,,,,,,,,,,,,,,,,,,,,,,,,,,,,,,,,,,,,,,,,,,,,,,,,,,,,,,,,,,,,,,,,,,,,,,,,,,,
,,,2025-08-11_11h42.11.709,CFMT_CCMT_Face_recognition,03.02.2023,Win32,60.97560976,5ef07f0ba383185b3570273e,6899c7d7c4c961a016830ad3,6899c8bcaa3d34798c7a769e,,,,,,,,,,,,,,,,,,,,,,,,,,,,,,,,,,,,,,,,,,,,,,619.0155,2.176525509,621.1824,,,,,,,,,,,,,,,,,,,,,,,,621.1825,623.1663,p,0,1.9139,,41,0,41,0,1,,,,,,,,,,,,,,,,,,,,,,,,,,,,,,,,,,,,,,,,,,,,,,,,,,,,,,,,,,,,,,,,,,,,,,,,,,,,,,,,,,,,,,,,,,,,,,,,,,,,,,,,,,,,
,,,2025-08-11_11h42.11.709,CFMT_CCMT_Face_recognition,03.02.2023,Win32,60.97560976,5ef07f0ba383185b3570273e,6899c7d7c4c961a016830ad3,6899c8bcaa3d34798c7a769e,,,,,,,,,,,,,,,,,,,,,,,,,,,,,,,,,,,,,,,,,,,,,,623.1671,2.272241109,625.4328,,,,,,,,,,,,,,,,,,,,,,,,625.4328,626.3657,q,0,0.8595,,42,0,42,0,1,,,,,,,,,,,,,,,,,,,,,,,,,,,,,,,,,,,,,,,,,,,,,,,,,,,,,,,,,,,,,,,,,,,,,,,,,,,,,,,,,,,,,,,,,,,,,,,,,,,,,,,,,,,,
,,,2025-08-11_11h42.11.709,CFMT_CCMT_Face_recognition,03.02.2023,Win32,60.97560976,5ef07f0ba383185b3570273e,6899c7d7c4c961a016830ad3,6899c8bcaa3d34798c7a769e,,,,,,,,,,,,,,,,,,,,,,,,,,,,,,,,,,,,,,,,,,,,,,626.3661,1.551151323,627.9158,,,,,,,,,,,,,,,,,,,,,,,,627.9159,628.8992,q,1,0.9138,,43,0,43,0,1,,,,,,,,,,,,,,,,,,,,,,,,,,,,,,,,,,,,,,,,,,,,,,,,,,,,,,,,,,,,,,,,,,,,,,,,,,,,,,,,,,,,,,,,,,,,,,,,,,,,,,,,,,,,
,,,2025-08-11_11h42.11.709,CFMT_CCMT_Face_recognition,03.02.2023,Win32,60.97560976,5ef07f0ba383185b3570273e,6899c7d7c4c961a016830ad3,6899c8bcaa3d34798c7a769e,,,,,,,,,,,,,,,,,,,,,,,,,,,,,,,,,,,,,,,,,,,,,,628.8997,2.488202477,631.3824,,,,,,,,,,,,,,,,,,,,,,,,631.3824,632.5826,q,0,1.1331,,44,0,44,0,1,,,,,,,,,,,,,,,,,,,,,,,,,,,,,,,,,,,,,,,,,,,,,,,,,,,,,,,,,,,,,,,,,,,,,,,,,,,,,,,,,,,,,,,,,,,,,,,,,,,,,,,,,,,,
,,,2025-08-11_11h42.11.709,CFMT_CCMT_Face_recognition,03.02.2023,Win32,60.97560976,5ef07f0ba383185b3570273e,6899c7d7c4c961a016830ad3,6899c8bcaa3d34798c7a769e,,,,,,,,,,,,,,,,,,,,,,,,,,,,,,,,,,,,,,,,,,,,,,632.583,1.96321005,634.5491,,,,,,,,,,,,,,,,,,,,,,,,634.5491,636.0658,q,1,1.4536,,45,0,45,0,1,,,,,,,,,,,,,,,,,,,,,,,,,,,,,,,,,,,,,,,,,,,,,,,,,,,,,,,,,,,,,,,,,,,,,,,,,,,,,,,,,,,,,,,,,,,,,,,,,,,,,,,,,,,,
,,,2025-08-11_11h42.11.709,CFMT_CCMT_Face_recognition,03.02.2023,Win32,60.97560976,5ef07f0ba383185b3570273e,6899c7d7c4c961a016830ad3,6899c8bcaa3d34798c7a769e,,,,,,,,,,,,,,,,,,,,,,,,,,,,,,,,,,,,,,,,,,,,,,636.0662,2.48761123,638.5493,,,,,,,,,,,,,,,,,,,,,,,,638.5494,641.733,,,,,46,0,46,0,1,,,,,,,,,,,,,,,,,,,,,,,,,,,,,,,,,,,,,,,,,,,,,,,,,,,,,,,,,,,,,,,,,,,,,,,,,,,,,,,,,,,,,,,,,,,,,,,,,,,,,,,,,,,,
,,,2025-08-11_11h42.11.709,CFMT_CCMT_Face_recognition,03.02.2023,Win32,60.97560976,5ef07f0ba383185b3570273e,6899c7d7c4c961a016830ad3,6899c8bcaa3d34798c7a769e,,,,,,,,,,,,,,,,,,,,,,,,,,,,,,,,,,,,,,,,,,,,,,641.7334,2.397730522,644.1328,,,,,,,,,,,,,,,,,,,,,,,,644.1328,645.3326,p,0,1.1307,,47,0,47,0,1,,,,,,,,,,,,,,,,,,,,,,,,,,,,,,,,,,,,,,,,,,,,,,,,,,,,,,,,,,,,,,,,,,,,,,,,,,,,,,,,,,,,,,,,,,,,,,,,,,,,,,,,,,,,
,,,2025-08-11_11h42.11.709,CFMT_CCMT_Face_recognition,03.02.2023,Win32,60.97560976,5ef07f0ba383185b3570273e,6899c7d7c4c961a016830ad3,6899c8bcaa3d34798c7a769e,,,,,,,,,,,,,,,,,,,,,,,,,,,,,,,,,,,,,,,,,,,,,,645.333,2.056310367,647.3828,,,,,,,,,,,,,,,,,,,,,,,,647.3828,648.5156,q,1,1.0682,,48,0,48,0,1,,,,,,,,,,,,,,,,,,,,,,,,,,,,,,,,,,,,,,,,,,,,,,,,,,,,,,,,,,,,,,,,,,,,,,,,,,,,,,,,,,,,,,,,,,,,,,,,,,,,,,,,,,,,
,,,2025-08-11_11h42.11.709,CFMT_CCMT_Face_recognition,03.02.2023,Win32,60.97560976,5ef07f0ba383185b3570273e,6899c7d7c4c961a016830ad3,6899c8bcaa3d34798c7a769e,,,,,,,,,,,,,,,,,,,,,,,,,,,,,,,,,,,,,,,,,,,,,,648.516,2.422907893,650.9327,,,,,,,,,,,,,,,,,,,,,,,,650.9328,652.1158,q,1,1.1161,,49,0,49,0,1,,,,,,,,,,,,,,,,,,,,,,,,,,,,,,,,,,,,,,,,,,,,,,,,,,,,,,,,,,,,,,,,,,,,,,,,,,,,,,,,,,,,,,,,,,,,,,,,,,,,,,,,,,,,
,,,2025-08-11_11h42.11.709,CFMT_CCMT_Face_recognition,03.02.2023,Win32,60.97560976,5ef07f0ba383185b3570273e,6899c7d7c4c961a016830ad3,6899c8bcaa3d34798c7a769e,,,,,,,,,,,,,,,,,,,,,,,,,,,,,,,,,,,,,,,,,,,,,,652.1161,1.985800757,654.0998,,,,,,,,,,,,,,,,,,,,,,,,654.0999,655.6992,q,1,1.5321,,50,0,50,0,1,,,,,,,,,,,,,,,,,,,,,,,,,,,,,,,,,,,,,,,,,,,,,,,,,,,,,,,,,,,,,,,,,,,,,,,,,,,,,,,,,,,,,,,,,,,,,,,,,,,,,,,,,,,,
,,,2025-08-11_11h42.11.709,CFMT_CCMT_Face_recognition,03.02.2023,Win32,60.97560976,5ef07f0ba383185b3570273e,6899c7d7c4c961a016830ad3,6899c8bcaa3d34798c7a769e,,,,,,,,,,,,,,,,,,,,,,,,,,,,,,,,,,,,,,,,,,,,,,655.6996,1.945746527,657.6329,,,,,,,,,,,,,,,,,,,,,,,,657.6329,659.5494,p,0,1.847,,51,0,51,0,1,,,,,,,,,,,,,,,,,,,,,,,,,,,,,,,,,,,,,,,,,,,,,,,,,,,,,,,,,,,,,,,,,,,,,,,,,,,,,,,,,,,,,,,,,,,,,,,,,,,,,,,,,,,,
,,,2025-08-11_11h42.11.709,CFMT_CCMT_Face_recognition,03.02.2023,Win32,60.97560976,5ef07f0ba383185b3570273e,6899c7d7c4c961a016830ad3,6899c8bcaa3d34798c7a769e,,,,,,,,,,,,,,,,,,,,,,,,,,,,,,,,,,,,,,,,,,,,,,659.5499,1.530584936,661.0824,,,,,,,,,,,,,,,,,,,,,,,,661.0824,662.5156,p,1,1.3667,,52,0,52,0,1,,,,,,,,,,,,,,,,,,,,,,,,,,,,,,,,,,,,,,,,,,,,,,,,,,,,,,,,,,,,,,,,,,,,,,,,,,,,,,,,,,,,,,,,,,,,,,,,,,,,,,,,,,,,
,,,2025-08-11_11h42.11.709,CFMT_CCMT_Face_recognition,03.02.2023,Win32,60.97560976,5ef07f0ba383185b3570273e,6899c7d7c4c961a016830ad3,6899c8bcaa3d34798c7a769e,,,,,,,,,,,,,,,,,,,,,,,,,,,,,,,,,,,,,,,,,,,,,,662.5161,1.549018201,664.0663,,,,,,,,,,,,,,,,,,,,,,,,664.0664,666.6159,,,,,53,0,53,0,1,,,,,,,,,,,,,,,,,,,,,,,,,,,,,,,,,,,,,,,,,,,,,,,,,,,,,,,,,,,,,,,,,,,,,,,,,,,,,,,,,,,,,,,,,,,,,,,,,,,,,,,,,,,,
,,,2025-08-11_11h42.11.709,CFMT_CCMT_Face_recognition,03.02.2023,Win32,60.97560976,5ef07f0ba383185b3570273e,6899c7d7c4c961a016830ad3,6899c8bcaa3d34798c7a769e,,,,,,,,,,,,,,,,,,,,,,,,,,,,,,,,,,,,,,,,,,,,,,666.6164,2.435218717,669.0491,,,,,,,,,,,,,,,,,,,,,,,,669.0491,673.4161,,,,,54,0,54,0,1,,,,,,,,,,,,,,,,,,,,,,,,,,,,,,,,,,,,,,,,,,,,,,,,,,,,,,,,,,,,,,,,,,,,,,,,,,,,,,,,,,,,,,,,,,,,,,,,,,,,,,,,,,,,
,,,2025-08-11_11h42.11.709,CFMT_CCMT_Face_recognition,03.02.2023,Win32,60.97560976,5ef07f0ba383185b3570273e,6899c7d7c4c961a016830ad3,6899c8bcaa3d34798c7a769e,,,,,,,,,,,,,,,,,,,,,,,,,,,,,,,,,,,,,,,,,,,,,,673.4165,2.12538369,675.5327,,,,,,,,,,,,,,,,,,,,,,,,675.5328,676.7497,q,1,1.146,,55,0,55,0,1,,,,,,,,,,,,,,,,,,,,,,,,,,,,,,,,,,,,,,,,,,,,,,,,,,,,,,,,,,,,,,,,,,,,,,,,,,,,,,,,,,,,,,,,,,,,,,,,,,,,,,,,,,,,
,,,2025-08-11_11h42.11.709,CFMT_CCMT_Face_recognition,03.02.2023,Win32,60.97560976,5ef07f0ba383185b3570273e,6899c7d7c4c961a016830ad3,6899c8bcaa3d34798c7a769e,,,,,,,,,,,,,,,,,,,,,,,,,,,,,,,,,,,,,,,,,,,,,,676.7501,2.258993215,678.9993,,,,,,,,,,,,,,,,,,,,,,,,678.9993,680.1992,q,1,1.134,,56,0,56,0,1,,,,,,,,,,,,,,,,,,,,,,,,,,,,,,,,,,,,,,,,,,,,,,,,,,,,,,,,,,,,,,,,,,,,,,,,,,,,,,,,,,,,,,,,,,,,,,,,,,,,,,,,,,,,
,,,2025-08-11_11h42.11.709,CFMT_CCMT_Face_recognition,03.02.2023,Win32,60.97560976,5ef07f0ba383185b3570273e,6899c7d7c4c961a016830ad3,6899c8bcaa3d34798c7a769e,,,,,,,,,,,,,,,,,,,,,,,,,,,,,,,,,,,,,,,,,,,,,,680.1996,2.076746219,682.2658,,,,,,,,,,,,,,,,,,,,,,,,682.2659,683.5989,p,1,1.2714,,57,0,57,0,1,,,,,,,,,,,,,,,,,,,,,,,,,,,,,,,,,,,,,,,,,,,,,,,,,,,,,,,,,,,,,,,,,,,,,,,,,,,,,,,,,,,,,,,,,,,,,,,,,,,,,,,,,,,,
,,,2025-08-11_11h42.11.709,CFMT_CCMT_Face_recognition,03.02.2023,Win32,60.97560976,5ef07f0ba383185b3570273e,6899c7d7c4c961a016830ad3,6899c8bcaa3d34798c7a769e,,,,,,,,,,,,,,,,,,,,,,,,,,,,,,,,,,,,,,,,,,,,,,683.599,2.34975237,685.949,,,,,,,,,,,,,,,,,,,,,,,,685.949,687.1159,p,0,1.0967,,58,0,58,0,1,,,,,,,,,,,,,,,,,,,,,,,,,,,,,,,,,,,,,,,,,,,,,,,,,,,,,,,,,,,,,,,,,,,,,,,,,,,,,,,,,,,,,,,,,,,,,,,,,,,,,,,,,,,,
,,,2025-08-11_11h42.11.709,CFMT_CCMT_Face_recognition,03.02.2023,Win32,60.97560976,5ef07f0ba383185b3570273e,6899c7d7c4c961a016830ad3,6899c8bcaa3d34798c7a769e,,,,,,,,,,,,,,,,,,,,,,,,,,,,,,,,,,,,,,,,,,,,,,687.1163,2.271715469,689.3831,,,,,,,,,,,,,,,,,,,,,,,,689.3832,690.599,p,0,1.1525,,59,0,59,0,1,,,,,,,,,,,,,,,,,,,,,,,,,,,,,,,,,,,,,,,,,,,,,,,,,,,,,,,,,,,,,,,,,,,,,,,,,,,,,,,,,,,,,,,,,,,,,,,,,,,,,,,,,,,,
,,,2025-08-11_11h42.11.709,CFMT_CCMT_Face_recognition,03.02.2023,Win32,60.97560976,5ef07f0ba383185b3570273e,6899c7d7c4c961a016830ad3,6899c8bcaa3d34798c7a769e,,,,,,,,,,,,,,,,,,,,,,,,,,,,,,,,,,,,,,,,,,,,,,712.4173,1.571786291,713.9828,,,,,,,,,,,,,,,,,,,,,,,,713.9828,715.066,q,1,1.0172,,0,0,0,0,1,690.5992,712.4157,space,21.8078,,,,,,,,,,,,,,,,,,,,,,,,,,,,,,,,,,,,,,,,,,,,,,,,,,,,,,,,,,,,,,,,,,,,,,,,,,,,,,,,,,,,,,,,,,,,,,,,,,,,,,,,
,,,2025-08-11_11h42.11.709,CFMT_CCMT_Face_recognition,03.02.2023,Win32,60.97560976,5ef07f0ba383185b3570273e,6899c7d7c4c961a016830ad3,6899c8bcaa3d34798c7a769e,,,,,,,,,,,,,,,,,,,,,,,,,,,,,,,,,,,,,,,,,,,,,,715.0664,2.153025203,717.2162,,,,,,,,,,,,,,,,,,,,,,,,717.2163,718.2661,q,1,0.9795,,1,0,1,0,1,,,,,,,,,,,,,,,,,,,,,,,,,,,,,,,,,,,,,,,,,,,,,,,,,,,,,,,,,,,,,,,,,,,,,,,,,,,,,,,,,,,,,,,,,,,,,,,,,,,,,,,,,,,,
,,,2025-08-11_11h42.11.709,CFMT_CCMT_Face_recognition,03.02.2023,Win32,60.97560976,5ef07f0ba383185b3570273e,6899c7d7c4c961a016830ad3,6899c8bcaa3d34798c7a769e,,,,,,,,,,,,,,,,,,,,,,,,,,,,,,,,,,,,,,,,,,,,,,718.2665,1.798828122,720.0662,,,,,,,,,,,,,,,,,,,,,,,,720.0662,720.9824,p,0,0.8544,,2,0,2,0,1,,,,,,,,,,,,,,,,,,,,,,,,,,,,,,,,,,,,,,,,,,,,,,,,,,,,,,,,,,,,,,,,,,,,,,,,,,,,,,,,,,,,,,,,,,,,,,,,,,,,,,,,,,,,
,,,2025-08-11_11h42.11.709,CFMT_CCMT_Face_recognition,03.02.2023,Win32,60.97560976,5ef07f0ba383185b3570273e,6899c7d7c4c961a016830ad3,6899c8bcaa3d34798c7a769e,,,,,,,,,,,,,,,,,,,,,,,,,,,,,,,,,,,,,,,,,,,,,,720.9828,2.148370541,723.133,,,,,,,,,,,,,,,,,,,,,,,,723.133,724.2994,p,0,1.0987,,3,0,3,0,1,,,,,,,,,,,,,,,,,,,,,,,,,,,,,,,,,,,,,,,,,,,,,,,,,,,,,,,,,,,,,,,,,,,,,,,,,,,,,,,,,,,,,,,,,,,,,,,,,,,,,,,,,,,,
,,,2025-08-11_11h42.11.709,CFMT_CCMT_Face_recognition,03.02.2023,Win32,60.97560976,5ef07f0ba383185b3570273e,6899c7d7c4c961a016830ad3,6899c8bcaa3d34798c7a769e,,,,,,,,,,,,,,,,,,,,,,,,,,,,,,,,,,,,,,,,,,,,,,724.2997,2.189100307,726.4827,,,,,,,,,,,,,,,,,,,,,,,,726.4828,727.6328,p,1,1.084,,4,0,4,0,1,,,,,,,,,,,,,,,,,,,,,,,,,,,,,,,,,,,,,,,,,,,,,,,,,,,,,,,,,,,,,,,,,,,,,,,,,,,,,,,,,,,,,,,,,,,,,,,,,,,,,,,,,,,,
,,,2025-08-11_11h42.11.709,CFMT_CCMT_Face_recognition,03.02.2023,Win32,60.97560976,5ef07f0ba383185b3570273e,6899c7d7c4c961a016830ad3,6899c8bcaa3d34798c7a769e,,,,,,,,,,,,,,,,,,,,,,,,,,,,,,,,,,,,,,,,,,,,,,727.6332,2.124291484,729.7493,,,,,,,,,,,,,,,,,,,,,,,,729.7493,731.4498,p,1,1.631,,5,0,5,0,1,,,,,,,,,,,,,,,,,,,,,,,,,,,,,,,,,,,,,,,,,,,,,,,,,,,,,,,,,,,,,,,,,,,,,,,,,,,,,,,,,,,,,,,,,,,,,,,,,,,,,,,,,,,,
,,,2025-08-11_11h42.11.709,CFMT_CCMT_Face_recognition,03.02.2023,Win32,60.97560976,5ef07f0ba383185b3570273e,6899c7d7c4c961a016830ad3,6899c8bcaa3d34798c7a769e,,,,,,,,,,,,,,,,,,,,,,,,,,,,,,,,,,,,,,,,,,,,,,731.4503,2.404458258,733.8497,,,,,,,,,,,,,,,,,,,,,,,,733.8497,735.0826,q,0,1.167,,6,0,6,0,1,,,,,,,,,,,,,,,,,,,,,,,,,,,,,,,,,,,,,,,,,,,,,,,,,,,,,,,,,,,,,,,,,,,,,,,,,,,,,,,,,,,,,,,,,,,,,,,,,,,,,,,,,,,,
,,,2025-08-11_11h42.11.709,CFMT_CCMT_Face_recognition,03.02.2023,Win32,60.97560976,5ef07f0ba383185b3570273e,6899c7d7c4c961a016830ad3,6899c8bcaa3d34798c7a769e,,,,,,,,,,,,,,,,,,,,,,,,,,,,,,,,,,,,,,,,,,,,,,735.083,1.57427757,736.6498,,,,,,,,,,,,,,,,,,,,,,,,736.6498,737.8161,p,0,1.1037,,7,0,7,0,1,,,,,,,,,,,,,,,,,,,,,,,,,,,,,,,,,,,,,,,,,,,,,,,,,,,,,,,,,,,,,,,,,,,,,,,,,,,,,,,,,,,,,,,,,,,,,,,,,,,,,,,,,,,,
,,,2025-08-11_11h42.11.709,CFMT_CCMT_Face_recognition,03.02.2023,Win32,60.97560976,5ef07f0ba383185b3570273e,6899c7d7c4c961a016830ad3,6899c8bcaa3d34798c7a769e,,,,,,,,,,,,,,,,,,,,,,,,,,,,,,,,,,,,,,,,,,,,,,737.8164,2.306245354,740.1162,,,,,,,,,,,,,,,,,,,,,,,,740.1162,742.0325,q,0,1.8533,,8,0,8,0,1,,,,,,,,,,,,,,,,,,,,,,,,,,,,,,,,,,,,,,,,,,,,,,,,,,,,,,,,,,,,,,,,,,,,,,,,,,,,,,,,,,,,,,,,,,,,,,,,,,,,,,,,,,,,
,,,2025-08-11_11h42.11.709,CFMT_CCMT_Face_recognition,03.02.2023,Win32,60.97560976,5ef07f0ba383185b3570273e,6899c7d7c4c961a016830ad3,6899c8bcaa3d34798c7a769e,,,,,,,,,,,,,,,,,,,,,,,,,,,,,,,,,,,,,,,,,,,,,,742.0329,2.084333931,744.116,,,,,,,,,,,,,,,,,,,,,,,,744.1161,746.5832,,,,,9,0,9,0,1,,,,,,,,,,,,,,,,,,,,,,,,,,,,,,,,,,,,,,,,,,,,,,,,,,,,,,,,,,,,,,,,,,,,,,,,,,,,,,,,,,,,,,,,,,,,,,,,,,,,,,,,,,,,
,,,2025-08-11_11h42.11.709,CFMT_CCMT_Face_recognition,03.02.2023,Win32,60.97560976,5ef07f0ba383185b3570273e,6899c7d7c4c961a016830ad3,6899c8bcaa3d34798c7a769e,,,,,,,,,,,,,,,,,,,,,,,,,,,,,,,,,,,,,,,,,,,,,,746.5838,2.032281974,748.6163,,,,,,,,,,,,,,,,,,,,,,,,748.6163,750.6662,q,1,1.9794,,10,0,10,0,1,,,,,,,,,,,,,,,,,,,,,,,,,,,,,,,,,,,,,,,,,,,,,,,,,,,,,,,,,,,,,,,,,,,,,,,,,,,,,,,,,,,,,,,,,,,,,,,,,,,,,,,,,,,,
,,,2025-08-11_11h42.11.709,CFMT_CCMT_Face_recognition,03.02.2023,Win32,60.97560976,5ef07f0ba383185b3570273e,6899c7d7c4c961a016830ad3,6899c8bcaa3d34798c7a769e,,,,,,,,,,,,,,,,,,,,,,,,,,,,,,,,,,,,,,,,,,,,,,750.6668,1.656733776,752.3162,,,,,,,,,,,,,,,,,,,,,,,,752.3162,754.6159,,,,,11,0,11,0,1,,,,,,,,,,,,,,,,,,,,,,,,,,,,,,,,,,,,,,,,,,,,,,,,,,,,,,,,,,,,,,,,,,,,,,,,,,,,,,,,,,,,,,,,,,,,,,,,,,,,,,,,,,,,
,,,2025-08-11_11h42.11.709,CFMT_CCMT_Face_recognition,03.02.2023,Win32,60.97560976,5ef07f0ba383185b3570273e,6899c7d7c4c961a016830ad3,6899c8bcaa3d34798c7a769e,,,,,,,,,,,,,,,,,,,,,,,,,,,,,,,,,,,,,,,,,,,,,,754.6162,2.053573987,756.6659,,,,,,,,,,,,,,,,,,,,,,,,756.6659,758.033,q,0,1.2964,,12,0,12,0,1,,,,,,,,,,,,,,,,,,,,,,,,,,,,,,,,,,,,,,,,,,,,,,,,,,,,,,,,,,,,,,,,,,,,,,,,,,,,,,,,,,,,,,,,,,,,,,,,,,,,,,,,,,,,
,,,2025-08-11_11h42.11.709,CFMT_CCMT_Face_recognition,03.02.2023,Win32,60.97560976,5ef07f0ba383185b3570273e,6899c7d7c4c961a016830ad3,6899c8bcaa3d34798c7a769e,,,,,,,,,,,,,,,,,,,,,,,,,,,,,,,,,,,,,,,,,,,,,,758.0335,1.856224179,759.883,,,,,,,,,,,,,,,,,,,,,,,,759.883,762.066,,,,,13,0,13,0,1,,,,,,,,,,,,,,,,,,,,,,,,,,,,,,,,,,,,,,,,,,,,,,,,,,,,,,,,,,,,,,,,,,,,,,,,,,,,,,,,,,,,,,,,,,,,,,,,,,,,,,,,,,,,
,,,2025-08-11_11h42.11.709,CFMT_CCMT_Face_recognition,03.02.2023,Win32,60.97560976,5ef07f0ba383185b3570273e,6899c7d7c4c961a016830ad3,6899c8bcaa3d34798c7a769e,,,,,,,,,,,,,,,,,,,,,,,,,,,,,,,,,,,,,,,,,,,,,,762.0664,2.12315384,764.1831,,,,,,,,,,,,,,,,,,,,,,,,764.1831,766.0327,q,0,1.7856,,14,0,14,0,1,,,,,,,,,,,,,,,,,,,,,,,,,,,,,,,,,,,,,,,,,,,,,,,,,,,,,,,,,,,,,,,,,,,,,,,,,,,,,,,,,,,,,,,,,,,,,,,,,,,,,,,,,,,,
,,,2025-08-11_11h42.11.709,CFMT_CCMT_Face_recognition,03.02.2023,Win32,60.97560976,5ef07f0ba383185b3570273e,6899c7d7c4c961a016830ad3,6899c8bcaa3d34798c7a769e,,,,,,,,,,,,,,,,,,,,,,,,,,,,,,,,,,,,,,,,,,,,,,766.0331,2.24152821,768.2656,,,,,,,,,,,,,,,,,,,,,,,,768.2657,769.2829,p,0,0.9462,,15,0,15,0,1,,,,,,,,,,,,,,,,,,,,,,,,,,,,,,,,,,,,,,,,,,,,,,,,,,,,,,,,,,,,,,,,,,,,,,,,,,,,,,,,,,,,,,,,,,,,,,,,,,,,,,,,,,,,
,,,2025-08-11_11h42.11.709,CFMT_CCMT_Face_recognition,03.02.2023,Win32,60.97560976,5ef07f0ba383185b3570273e,6899c7d7c4c961a016830ad3,6899c8bcaa3d34798c7a769e,,,,,,,,,,,,,,,,,,,,,,,,,,,,,,,,,,,,,,,,,,,,,,769.2833,1.709184419,770.9829,,,,,,,,,,,,,,,,,,,,,,,,770.983,772.9828,p,0,1.94,,16,0,16,0,1,,,,,,,,,,,,,,,,,,,,,,,,,,,,,,,,,,,,,,,,,,,,,,,,,,,,,,,,,,,,,,,,,,,,,,,,,,,,,,,,,,,,,,,,,,,,,,,,,,,,,,,,,,,,
,,,2025-08-11_11h42.11.709,CFMT_CCMT_Face_recognition,03.02.2023,Win32,60.97560976,5ef07f0ba383185b3570273e,6899c7d7c4c961a016830ad3,6899c8bcaa3d34798c7a769e,,,,,,,,,,,,,,,,,,,,,,,,,,,,,,,,,,,,,,,,,,,,,,772.9833,2.480299049,775.4662,,,,,,,,,,,,,,,,,,,,,,,,775.4663,776.6992,p,0,1.1649,,17,0,17,0,1,,,,,,,,,,,,,,,,,,,,,,,,,,,,,,,,,,,,,,,,,,,,,,,,,,,,,,,,,,,,,,,,,,,,,,,,,,,,,,,,,,,,,,,,,,,,,,,,,,,,,,,,,,,,
,,,2025-08-11_11h42.11.709,CFMT_CCMT_Face_recognition,03.02.2023,Win32,60.97560976,5ef07f0ba383185b3570273e,6899c7d7c4c961a016830ad3,6899c8bcaa3d34798c7a769e,,,,,,,,,,,,,,,,,,,,,,,,,,,,,,,,,,,,,,,,,,,,,,776.6997,2.37373174,779.066,,,,,,,,,,,,,,,,,,,,,,,,779.066,780.7328,q,1,1.5998,,18,0,18,0,1,,,,,,,,,,,,,,,,,,,,,,,,,,,,,,,,,,,,,,,,,,,,,,,,,,,,,,,,,,,,,,,,,,,,,,,,,,,,,,,,,,,,,,,,,,,,,,,,,,,,,,,,,,,,
,,,2025-08-11_11h42.11.709,CFMT_CCMT_Face_recognition,03.02.2023,Win32,60.97560976,5ef07f0ba383185b3570273e,6899c7d7c4c961a016830ad3,6899c8bcaa3d34798c7a769e,,,,,,,,,,,,,,,,,,,,,,,,,,,,,,,,,,,,,,,,,,,,,,780.7334,1.948990863,782.6828,,,,,,,,,,,,,,,,,,,,,,,,782.6828,783.8662,p,0,1.1129,,19,0,19,0,1,,,,,,,,,,,,,,,,,,,,,,,,,,,,,,,,,,,,,,,,,,,,,,,,,,,,,,,,,,,,,,,,,,,,,,,,,,,,,,,,,,,,,,,,,,,,,,,,,,,,,,,,,,,,
,,,2025-08-11_11h42.11.709,CFMT_CCMT_Face_recognition,03.02.2023,Win32,60.97560976,5ef07f0ba383185b3570273e,6899c7d7c4c961a016830ad3,6899c8bcaa3d34798c7a769e,,,,,,,,,,,,,,,,,,,,,,,,,,,,,,,,,,,,,,,,,,,,,,783.8666,2.404433285,786.2662,,,,,,,,,,,,,,,,,,,,,,,,786.2662,789.4826,,,,,20,0,20,0,1,,,,,,,,,,,,,,,,,,,,,,,,,,,,,,,,,,,,,,,,,,,,,,,,,,,,,,,,,,,,,,,,,,,,,,,,,,,,,,,,,,,,,,,,,,,,,,,,,,,,,,,,,,,,
,,,2025-08-11_11h42.11.709,CFMT_CCMT_Face_recognition,03.02.2023,Win32,60.97560976,5ef07f0ba383185b3570273e,6899c7d7c4c961a016830ad3,6899c8bcaa3d34798c7a769e,,,,,,,,,,,,,,,,,,,,,,,,,,,,,,,,,,,,,,,,,,,,,,789.483,1.587937297,791.0666,,,,,,,,,,,,,,,,,,,,,,,,791.0666,792.8157,p,0,1.6817,,21,0,21,0,1,,,,,,,,,,,,,,,,,,,,,,,,,,,,,,,,,,,,,,,,,,,,,,,,,,,,,,,,,,,,,,,,,,,,,,,,,,,,,,,,,,,,,,,,,,,,,,,,,,,,,,,,,,,,
,,,2025-08-11_11h42.11.709,CFMT_CCMT_Face_recognition,03.02.2023,Win32,60.97560976,5ef07f0ba383185b3570273e,6899c7d7c4c961a016830ad3,6899c8bcaa3d34798c7a769e,,,,,,,,,,,,,,,,,,,,,,,,,,,,,,,,,,,,,,,,,,,,,,792.8162,1.779248442,794.5829,,,,,,,,,,,,,,,,,,,,,,,,794.583,797.5823,,,,,22,0,22,0,1,,,,,,,,,,,,,,,,,,,,,,,,,,,,,,,,,,,,,,,,,,,,,,,,,,,,,,,,,,,,,,,,,,,,,,,,,,,,,,,,,,,,,,,,,,,,,,,,,,,,,,,,,,,,
,,,2025-08-11_11h42.11.709,CFMT_CCMT_Face_recognition,03.02.2023,Win32,60.97560976,5ef07f0ba383185b3570273e,6899c7d7c4c961a016830ad3,6899c8bcaa3d34798c7a769e,,,,,,,,,,,,,,,,,,,,,,,,,,,,,,,,,,,,,,,,,,,,,,797.5829,1.879039668,799.4497,,,,,,,,,,,,,,,,,,,,,,,,799.4497,800.7994,p,1,1.2856,,23,0,23,0,1,,,,,,,,,,,,,,,,,,,,,,,,,,,,,,,,,,,,,,,,,,,,,,,,,,,,,,,,,,,,,,,,,,,,,,,,,,,,,,,,,,,,,,,,,,,,,,,,,,,,,,,,,,,,
,,,2025-08-11_11h42.11.709,CFMT_CCMT_Face_recognition,03.02.2023,Win32,60.97560976,5ef07f0ba383185b3570273e,6899c7d7c4c961a016830ad3,6899c8bcaa3d34798c7a769e,,,,,,,,,,,,,,,,,,,,,,,,,,,,,,,,,,,,,,,,,,,,,,800.7997,1.958827773,802.7498,,,,,,,,,,,,,,,,,,,,,,,,802.7498,804.9161,,,,,24,0,24,0,1,,,,,,,,,,,,,,,,,,,,,,,,,,,,,,,,,,,,,,,,,,,,,,,,,,,,,,,,,,,,,,,,,,,,,,,,,,,,,,,,,,,,,,,,,,,,,,,,,,,,,,,,,,,,
,,,2025-08-11_11h42.11.709,CFMT_CCMT_Face_recognition,03.02.2023,Win32,60.97560976,5ef07f0ba383185b3570273e,6899c7d7c4c961a016830ad3,6899c8bcaa3d34798c7a769e,,,,,,,,,,,,,,,,,,,,,,,,,,,,,,,,,,,,,,,,,,,,,,804.9165,1.610623244,806.5162,,,,,,,,,,,,,,,,,,,,,,,,806.5164,808.5162,q,1,1.9311,,25,0,25,0,1,,,,,,,,,,,,,,,,,,,,,,,,,,,,,,,,,,,,,,,,,,,,,,,,,,,,,,,,,,,,,,,,,,,,,,,,,,,,,,,,,,,,,,,,,,,,,,,,,,,,,,,,,,,,
,,,2025-08-11_11h42.11.709,CFMT_CCMT_Face_recognition,03.02.2023,Win32,60.97560976,5ef07f0ba383185b3570273e,6899c7d7c4c961a016830ad3,6899c8bcaa3d34798c7a769e,,,,,,,,,,,,,,,,,,,,,,,,,,,,,,,,,,,,,,,,,,,,,,808.5165,2.291804509,810.7998,,,,,,,,,,,,,,,,,,,,,,,,810.7999,812.1158,q,1,1.2477,,26,0,26,0,1,,,,,,,,,,,,,,,,,,,,,,,,,,,,,,,,,,,,,,,,,,,,,,,,,,,,,,,,,,,,,,,,,,,,,,,,,,,,,,,,,,,,,,,,,,,,,,,,,,,,,,,,,,,,
,,,2025-08-11_11h42.11.709,CFMT_CCMT_Face_recognition,03.02.2023,Win32,60.97560976,5ef07f0ba383185b3570273e,6899c7d7c4c961a016830ad3,6899c8bcaa3d34798c7a769e,,,,,,,,,,,,,,,,,,,,,,,,,,,,,,,,,,,,,,,,,,,,,,812.1162,2.229974201,814.3494,,,,,,,,,,,,,,,,,,,,,,,,814.3494,816.3664,p,0,1.9568,,27,0,27,0,1,,,,,,,,,,,,,,,,,,,,,,,,,,,,,,,,,,,,,,,,,,,,,,,,,,,,,,,,,,,,,,,,,,,,,,,,,,,,,,,,,,,,,,,,,,,,,,,,,,,,,,,,,,,,
,,,2025-08-11_11h42.11.709,CFMT_CCMT_Face_recognition,03.02.2023,Win32,60.97560976,5ef07f0ba383185b3570273e,6899c7d7c4c961a016830ad3,6899c8bcaa3d34798c7a769e,,,,,,,,,,,,,,,,,,,,,,,,,,,,,,,,,,,,,,,,,,,,,,816.3669,2.468032542,818.8328,,,,,,,,,,,,,,,,,,,,,,,,818.8329,820.8663,p,1,1.9631,,28,0,28,0,1,,,,,,,,,,,,,,,,,,,,,,,,,,,,,,,,,,,,,,,,,,,,,,,,,,,,,,,,,,,,,,,,,,,,,,,,,,,,,,,,,,,,,,,,,,,,,,,,,,,,,,,,,,,,
,,,2025-08-11_11h42.11.709,CFMT_CCMT_Face_recognition,03.02.2023,Win32,60.97560976,5ef07f0ba383185b3570273e,6899c7d7c4c961a016830ad3,6899c8bcaa3d34798c7a769e,,,,,,,,,,,,,,,,,,,,,,,,,,,,,,,,,,,,,,,,,,,,,,820.8667,2.262308664,823.1331,,,,,,,,,,,,,,,,,,,,,,,,823.1331,824.3664,p,1,1.1631,,29,0,29,0,1,,,,,,,,,,,,,,,,,,,,,,,,,,,,,,,,,,,,,,,,,,,,,,,,,,,,,,,,,,,,,,,,,,,,,,,,,,,,,,,,,,,,,,,,,,,,,,,,,,,,,,,,,,,,
,,,2025-08-11_11h42.11.709,CFMT_CCMT_Face_recognition,03.02.2023,Win32,60.97560976,5ef07f0ba383185b3570273e,6899c7d7c4c961a016830ad3,6899c8bcaa3d34798c7a769e,,,,,,,,,,,,,,,,,,,,,,,,,,,,,,,,,,,,,,,,,,,,,,824.3669,2.427414876,826.783,,,,,,,,,,,,,,,,,,,,,,,,826.783,828.5328,p,1,1.6825,,30,0,30,0,1,,,,,,,,,,,,,,,,,,,,,,,,,,,,,,,,,,,,,,,,,,,,,,,,,,,,,,,,,,,,,,,,,,,,,,,,,,,,,,,,,,,,,,,,,,,,,,,,,,,,,,,,,,,,
,,,2025-08-11_11h42.11.709,CFMT_CCMT_Face_recognition,03.02.2023,Win32,60.97560976,5ef07f0ba383185b3570273e,6899c7d7c4c961a016830ad3,6899c8bcaa3d34798c7a769e,,,,,,,,,,,,,,,,,,,,,,,,,,,,,,,,,,,,,,,,,,,,,,828.5331,2.109853351,830.6329,,,,,,,,,,,,,,,,,,,,,,,,830.6329,832.6397,q,1,1.9466,,31,0,31,0,1,,,,,,,,,,,,,,,,,,,,,,,,,,,,,,,,,,,,,,,,,,,,,,,,,,,,,,,,,,,,,,,,,,,,,,,,,,,,,,,,,,,,,,,,,,,,,,,,,,,,,,,,,,,,
,,,2025-08-11_11h42.11.709,CFMT_CCMT_Face_recognition,03.02.2023,Win32,60.97560976,5ef07f0ba383185b3570273e,6899c7d7c4c961a016830ad3,6899c8bcaa3d34798c7a769e,,,,,,,,,,,,,,,,,,,,,,,,,,,,,,,,,,,,,,,,,,,,,,832.64,1.53622013,834.1665,,,,,,,,,,,,,,,,,,,,,,,,834.1666,835.2159,p,1,0.9864,,32,0,32,0,1,,,,,,,,,,,,,,,,,,,,,,,,,,,,,,,,,,,,,,,,,,,,,,,,,,,,,,,,,,,,,,,,,,,,,,,,,,,,,,,,,,,,,,,,,,,,,,,,,,,,,,,,,,,,
,,,2025-08-11_11h42.11.709,CFMT_CCMT_Face_recognition,03.02.2023,Win32,60.97560976,5ef07f0ba383185b3570273e,6899c7d7c4c961a016830ad3,6899c8bcaa3d34798c7a769e,,,,,,,,,,,,,,,,,,,,,,,,,,,,,,,,,,,,,,,,,,,,,,835.2163,2.287802501,837.4997,,,,,,,,,,,,,,,,,,,,,,,,837.4998,838.2996,p,1,0.7268,,33,0,33,0,1,,,,,,,,,,,,,,,,,,,,,,,,,,,,,,,,,,,,,,,,,,,,,,,,,,,,,,,,,,,,,,,,,,,,,,,,,,,,,,,,,,,,,,,,,,,,,,,,,,,,,,,,,,,,
,,,2025-08-11_11h42.11.709,CFMT_CCMT_Face_recognition,03.02.2023,Win32,60.97560976,5ef07f0ba383185b3570273e,6899c7d7c4c961a016830ad3,6899c8bcaa3d34798c7a769e,,,,,,,,,,,,,,,,,,,,,,,,,,,,,,,,,,,,,,,,,,,,,,838.3,1.904167849,840.1998,,,,,,,,,,,,,,,,,,,,,,,,840.1998,841.9493,q,0,1.6816,,34,0,34,0,1,,,,,,,,,,,,,,,,,,,,,,,,,,,,,,,,,,,,,,,,,,,,,,,,,,,,,,,,,,,,,,,,,,,,,,,,,,,,,,,,,,,,,,,,,,,,,,,,,,,,,,,,,,,,
,,,2025-08-11_11h42.11.709,CFMT_CCMT_Face_recognition,03.02.2023,Win32,60.97560976,5ef07f0ba383185b3570273e,6899c7d7c4c961a016830ad3,6899c8bcaa3d34798c7a769e,,,,,,,,,,,,,,,,,,,,,,,,,,,,,,,,,,,,,,,,,,,,,,841.9497,1.940888985,843.8829,,,,,,,,,,,,,,,,,,,,,,,,843.8829,846.5828,,,,,35,0,35,0,1,,,,,,,,,,,,,,,,,,,,,,,,,,,,,,,,,,,,,,,,,,,,,,,,,,,,,,,,,,,,,,,,,,,,,,,,,,,,,,,,,,,,,,,,,,,,,,,,,,,,,,,,,,,,
,,,2025-08-11_11h42.11.709,CFMT_CCMT_Face_recognition,03.02.2023,Win32,60.97560976,5ef07f0ba383185b3570273e,6899c7d7c4c961a016830ad3,6899c8bcaa3d34798c7a769e,,,,,,,,,,,,,,,,,,,,,,,,,,,,,,,,,,,,,,,,,,,,,,846.5831,1.84141174,848.4165,,,,,,,,,,,,,,,,,,,,,,,,848.4165,849.9832,q,1,1.4951,,36,0,36,0,1,,,,,,,,,,,,,,,,,,,,,,,,,,,,,,,,,,,,,,,,,,,,,,,,,,,,,,,,,,,,,,,,,,,,,,,,,,,,,,,,,,,,,,,,,,,,,,,,,,,,,,,,,,,,
,,,2025-08-11_11h42.11.709,CFMT_CCMT_Face_recognition,03.02.2023,Win32,60.97560976,5ef07f0ba383185b3570273e,6899c7d7c4c961a016830ad3,6899c8bcaa3d34798c7a769e,,,,,,,,,,,,,,,,,,,,,,,,,,,,,,,,,,,,,,,,,,,,,,849.9836,2.19906802,852.1832,,,,,,,,,,,,,,,,,,,,,,,,852.1832,854.8662,,,,,37,0,37,0,1,,,,,,,,,,,,,,,,,,,,,,,,,,,,,,,,,,,,,,,,,,,,,,,,,,,,,,,,,,,,,,,,,,,,,,,,,,,,,,,,,,,,,,,,,,,,,,,,,,,,,,,,,,,,
,,,2025-08-11_11h42.11.709,CFMT_CCMT_Face_recognition,03.02.2023,Win32,60.97560976,5ef07f0ba383185b3570273e,6899c7d7c4c961a016830ad3,6899c8bcaa3d34798c7a769e,,,,,,,,,,,,,,,,,,,,,,,,,,,,,,,,,,,,,,,,,,,,,,854.8667,1.998419953,856.8664,,,,,,,,,,,,,,,,,,,,,,,,856.8665,858.4328,p,1,1.5031,,38,0,38,0,1,,,,,,,,,,,,,,,,,,,,,,,,,,,,,,,,,,,,,,,,,,,,,,,,,,,,,,,,,,,,,,,,,,,,,,,,,,,,,,,,,,,,,,,,,,,,,,,,,,,,,,,,,,,,
,,,2025-08-11_11h42.11.709,CFMT_CCMT_Face_recognition,03.02.2023,Win32,60.97560976,5ef07f0ba383185b3570273e,6899c7d7c4c961a016830ad3,6899c8bcaa3d34798c7a769e,,,,,,,,,,,,,,,,,,,,,,,,,,,,,,,,,,,,,,,,,,,,,,858.4331,2.227861579,860.6496,,,,,,,,,,,,,,,,,,,,,,,,860.6497,861.8661,p,1,1.1473,,39,0,39,0,1,,,,,,,,,,,,,,,,,,,,,,,,,,,,,,,,,,,,,,,,,,,,,,,,,,,,,,,,,,,,,,,,,,,,,,,,,,,,,,,,,,,,,,,,,,,,,,,,,,,,,,,,,,,,
,,,2025-08-11_11h42.11.709,CFMT_CCMT_Face_recognition,03.02.2023,Win32,60.97560976,5ef07f0ba383185b3570273e,6899c7d7c4c961a016830ad3,6899c8bcaa3d34798c7a769e,,,,,,,,,,,,,,,,,,,,,,,,,,,,,,,,,,,,,,,,,,,,,,861.8665,1.744295595,863.5996,,,,,,,,,,,,,,,,,,,,,,,,863.5996,866.1826,,,,,40,0,40,0,1,,,,,,,,,,,,,,,,,,,,,,,,,,,,,,,,,,,,,,,,,,,,,,,,,,,,,,,,,,,,,,,,,,,,,,,,,,,,,,,,,,,,,,,,,,,,,,,,,,,,,,,,,,,,
,,,2025-08-11_11h42.11.709,CFMT_CCMT_Face_recognition,03.02.2023,Win32,60.97560976,5ef07f0ba383185b3570273e,6899c7d7c4c961a016830ad3,6899c8bcaa3d34798c7a769e,,,,,,,,,,,,,,,,,,,,,,,,,,,,,,,,,,,,,,,,,,,,,,866.183,1.525827468,867.6999,,,,,,,,,,,,,,,,,,,,,,,,867.6999,869.033,q,0,1.2633,,41,0,41,0,1,,,,,,,,,,,,,,,,,,,,,,,,,,,,,,,,,,,,,,,,,,,,,,,,,,,,,,,,,,,,,,,,,,,,,,,,,,,,,,,,,,,,,,,,,,,,,,,,,,,,,,,,,,,,
,,,2025-08-11_11h42.11.709,CFMT_CCMT_Face_recognition,03.02.2023,Win32,60.97560976,5ef07f0ba383185b3570273e,6899c7d7c4c961a016830ad3,6899c8bcaa3d34798c7a769e,,,,,,,,,,,,,,,,,,,,,,,,,,,,,,,,,,,,,,,,,,,,,,869.0334,1.515941767,870.55,,,,,,,,,,,,,,,,,,,,,,,,870.55,871.8495,q,1,1.2284,,42,0,42,0,1,,,,,,,,,,,,,,,,,,,,,,,,,,,,,,,,,,,,,,,,,,,,,,,,,,,,,,,,,,,,,,,,,,,,,,,,,,,,,,,,,,,,,,,,,,,,,,,,,,,,,,,,,,,,
,,,2025-08-11_11h42.11.709,CFMT_CCMT_Face_recognition,03.02.2023,Win32,60.97560976,5ef07f0ba383185b3570273e,6899c7d7c4c961a016830ad3,6899c8bcaa3d34798c7a769e,,,,,,,,,,,,,,,,,,,,,,,,,,,,,,,,,,,,,,,,,,,,,,871.8499,1.943195993,873.783,,,,,,,,,,,,,,,,,,,,,,,,873.7831,877.0829,,,,,43,0,43,0,1,,,,,,,,,,,,,,,,,,,,,,,,,,,,,,,,,,,,,,,,,,,,,,,,,,,,,,,,,,,,,,,,,,,,,,,,,,,,,,,,,,,,,,,,,,,,,,,,,,,,,,,,,,,,
,,,2025-08-11_11h42.11.709,CFMT_CCMT_Face_recognition,03.02.2023,Win32,60.97560976,5ef07f0ba383185b3570273e,6899c7d7c4c961a016830ad3,6899c8bcaa3d34798c7a769e,,,,,,,,,,,,,,,,,,,,,,,,,,,,,,,,,,,,,,,,,,,,,,877.0832,2.010302063,879.0829,,,,,,,,,,,,,,,,,,,,,,,,879.083,880.5832,p,1,1.4329,,44,0,44,0,1,,,,,,,,,,,,,,,,,,,,,,,,,,,,,,,,,,,,,,,,,,,,,,,,,,,,,,,,,,,,,,,,,,,,,,,,,,,,,,,,,,,,,,,,,,,,,,,,,,,,,,,,,,,,
,,,2025-08-11_11h42.11.709,CFMT_CCMT_Face_recognition,03.02.2023,Win32,60.97560976,5ef07f0ba383185b3570273e,6899c7d7c4c961a016830ad3,6899c8bcaa3d34798c7a769e,,,,,,,,,,,,,,,,,,,,,,,,,,,,,,,,,,,,,,,,,,,,,,880.5835,1.58648287,882.1662,,,,,,,,,,,,,,,,,,,,,,,,882.1662,884.016,p,1,1.7865,,45,0,45,0,1,,,,,,,,,,,,,,,,,,,,,,,,,,,,,,,,,,,,,,,,,,,,,,,,,,,,,,,,,,,,,,,,,,,,,,,,,,,,,,,,,,,,,,,,,,,,,,,,,,,,,,,,,,,,
,,,2025-08-11_11h42.11.709,CFMT_CCMT_Face_recognition,03.02.2023,Win32,60.97560976,5ef07f0ba383185b3570273e,6899c7d7c4c961a016830ad3,6899c8bcaa3d34798c7a769e,,,,,,,,,,,,,,,,,,,,,,,,,,,,,,,,,,,,,,,,,,,,,,884.0164,1.637836661,885.6498,,,,,,,,,,,,,,,,,,,,,,,,885.6498,888.6828,,,,,46,0,46,0,1,,,,,,,,,,,,,,,,,,,,,,,,,,,,,,,,,,,,,,,,,,,,,,,,,,,,,,,,,,,,,,,,,,,,,,,,,,,,,,,,,,,,,,,,,,,,,,,,,,,,,,,,,,,,
,,,2025-08-11_11h42.11.709,CFMT_CCMT_Face_recognition,03.02.2023,Win32,60.97560976,5ef07f0ba383185b3570273e,6899c7d7c4c961a016830ad3,6899c8bcaa3d34798c7a769e,,,,,,,,,,,,,,,,,,,,,,,,,,,,,,,,,,,,,,,,,,,,,,888.6833,1.716544152,890.3996,,,,,,,,,,,,,,,,,,,,,,,,890.3996,891.6659,q,0,1.2018,,47,0,47,0,1,,,,,,,,,,,,,,,,,,,,,,,,,,,,,,,,,,,,,,,,,,,,,,,,,,,,,,,,,,,,,,,,,,,,,,,,,,,,,,,,,,,,,,,,,,,,,,,,,,,,,,,,,,,,
,,,2025-08-11_11h42.11.709,CFMT_CCMT_Face_recognition,03.02.2023,Win32,60.97560976,5ef07f0ba383185b3570273e,6899c7d7c4c961a016830ad3,6899c8bcaa3d34798c7a769e,,,,,,,,,,,,,,,,,,,,,,,,,,,,,,,,,,,,,,,,,,,,,,891.6664,2.049855065,893.7164,,,,,,,,,,,,,,,,,,,,,,,,893.7165,895.0494,p,0,1.2635,,48,0,48,0,1,,,,,,,,,,,,,,,,,,,,,,,,,,,,,,,,,,,,,,,,,,,,,,,,,,,,,,,,,,,,,,,,,,,,,,,,,,,,,,,,,,,,,,,,,,,,,,,,,,,,,,,,,,,,
,,,2025-08-11_11h42.11.709,CFMT_CCMT_Face_recognition,03.02.2023,Win32,60.97560976,5ef07f0ba383185b3570273e,6899c7d7c4c961a016830ad3,6899c8bcaa3d34798c7a769e,,,,,,,,,,,,,,,,,,,,,,,,,,,,,,,,,,,,,,,,,,,,,,895.0499,1.735799376,896.7831,,,,,,,,,,,,,,,,,,,,,,,,896.7831,897.6829,q,0,0.8299,,49,0,49,0,1,,,,,,,,,,,,,,,,,,,,,,,,,,,,,,,,,,,,,,,,,,,,,,,,,,,,,,,,,,,,,,,,,,,,,,,,,,,,,,,,,,,,,,,,,,,,,,,,,,,,,,,,,,,,
,,,2025-08-11_11h42.11.709,CFMT_CCMT_Face_recognition,03.02.2023,Win32,60.97560976,5ef07f0ba383185b3570273e,6899c7d7c4c961a016830ad3,6899c8bcaa3d34798c7a769e,,,,,,,,,,,,,,,,,,,,,,,,,,,,,,,,,,,,,,,,,,,,,,897.6834,1.599757512,899.2828,,,,,,,,,,,,,,,,,,,,,,,,899.2828,900.3829,q,1,1.0302,,50,0,50,0,1,,,,,,,,,,,,,,,,,,,,,,,,,,,,,,,,,,,,,,,,,,,,,,,,,,,,,,,,,,,,,,,,,,,,,,,,,,,,,,,,,,,,,,,,,,,,,,,,,,,,,,,,,,,,
,,,2025-08-11_11h42.11.709,CFMT_CCMT_Face_recognition,03.02.2023,Win32,60.97560976,5ef07f0ba383185b3570273e,6899c7d7c4c961a016830ad3,6899c8bcaa3d34798c7a769e,,,,,,,,,,,,,,,,,,,,,,,,,,,,,,,,,,,,,,,,,,,,,,900.3834,1.888708386,902.2664,,,,,,,,,,,,,,,,,,,,,,,,902.2664,906.7824,,,,,51,0,51,0,1,,,,,,,,,,,,,,,,,,,,,,,,,,,,,,,,,,,,,,,,,,,,,,,,,,,,,,,,,,,,,,,,,,,,,,,,,,,,,,,,,,,,,,,,,,,,,,,,,,,,,,,,,,,,
,,,2025-08-11_11h42.11.709,CFMT_CCMT_Face_recognition,03.02.2023,Win32,60.97560976,5ef07f0ba383185b3570273e,6899c7d7c4c961a016830ad3,6899c8bcaa3d34798c7a769e,,,,,,,,,,,,,,,,,,,,,,,,,,,,,,,,,,,,,,,,,,,,,,906.7828,2.160784939,908.9329,,,,,,,,,,,,,,,,,,,,,,,,908.9329,910.5333,p,0,1.5414,,52,0,52,0,1,,,,,,,,,,,,,,,,,,,,,,,,,,,,,,,,,,,,,,,,,,,,,,,,,,,,,,,,,,,,,,,,,,,,,,,,,,,,,,,,,,,,,,,,,,,,,,,,,,,,,,,,,,,,
,,,2025-08-11_11h42.11.709,CFMT_CCMT_Face_recognition,03.02.2023,Win32,60.97560976,5ef07f0ba383185b3570273e,6899c7d7c4c961a016830ad3,6899c8bcaa3d34798c7a769e,,,,,,,,,,,,,,,,,,,,,,,,,,,,,,,,,,,,,,,,,,,,,,910.5337,2.318252815,912.8497,,,,,,,,,,,,,,,,,,,,,,,,912.8497,914.3663,p,1,1.4564,,53,0,53,0,1,,,,,,,,,,,,,,,,,,,,,,,,,,,,,,,,,,,,,,,,,,,,,,,,,,,,,,,,,,,,,,,,,,,,,,,,,,,,,,,,,,,,,,,,,,,,,,,,,,,,,,,,,,,,
,,,2025-08-11_11h42.11.709,CFMT_CCMT_Face_recognition,03.02.2023,Win32,60.97560976,5ef07f0ba383185b3570273e,6899c7d7c4c961a016830ad3,6899c8bcaa3d34798c7a769e,,,,,,,,,,,,,,,,,,,,,,,,,,,,,,,,,,,,,,,,,,,,,,914.3668,2.285566413,916.6497,,,,,,,,,,,,,,,,,,,,,,,,916.6497,917.8164,q,1,1.0999,,54,0,54,0,1,,,,,,,,,,,,,,,,,,,,,,,,,,,,,,,,,,,,,,,,,,,,,,,,,,,,,,,,,,,,,,,,,,,,,,,,,,,,,,,,,,,,,,,,,,,,,,,,,,,,,,,,,,,,
,,,2025-08-11_11h42.11.709,CFMT_CCMT_Face_recognition,03.02.2023,Win32,60.97560976,5ef07f0ba383185b3570273e,6899c7d7c4c961a016830ad3,6899c8bcaa3d34798c7a769e,,,,,,,,,,,,,,,,,,,,,,,,,,,,,,,,,,,,,,,,,,,,,,917.8167,1.701755306,919.5167,,,,,,,,,,,,,,,,,,,,,,,,919.5167,920.6163,p,1,1.0301,,55,0,55,0,1,,,,,,,,,,,,,,,,,,,,,,,,,,,,,,,,,,,,,,,,,,,,,,,,,,,,,,,,,,,,,,,,,,,,,,,,,,,,,,,,,,,,,,,,,,,,,,,,,,,,,,,,,,,,
,,,2025-08-11_11h42.11.709,CFMT_CCMT_Face_recognition,03.02.2023,Win32,60.97560976,5ef07f0ba383185b3570273e,6899c7d7c4c961a016830ad3,6899c8bcaa3d34798c7a769e,,,,,,,,,,,,,,,,,,,,,,,,,,,,,,,,,,,,,,,,,,,,,,920.6167,1.562442894,922.1832,,,,,,,,,,,,,,,,,,,,,,,,922.1833,923.2664,p,1,1.0142,,56,0,56,0,1,,,,,,,,,,,,,,,,,,,,,,,,,,,,,,,,,,,,,,,,,,,,,,,,,,,,,,,,,,,,,,,,,,,,,,,,,,,,,,,,,,,,,,,,,,,,,,,,,,,,,,,,,,,,
,,,2025-08-11_11h42.11.709,CFMT_CCMT_Face_recognition,03.02.2023,Win32,60.97560976,5ef07f0ba383185b3570273e,6899c7d7c4c961a016830ad3,6899c8bcaa3d34798c7a769e,,,,,,,,,,,,,,,,,,,,,,,,,,,,,,,,,,,,,,,,,,,,,,923.2668,2.33424734,925.5997,,,,,,,,,,,,,,,,,,,,,,,,925.5998,926.883,p,0,1.2162,,57,0,57,0,1,,,,,,,,,,,,,,,,,,,,,,,,,,,,,,,,,,,,,,,,,,,,,,,,,,,,,,,,,,,,,,,,,,,,,,,,,,,,,,,,,,,,,,,,,,,,,,,,,,,,,,,,,,,,
,,,2025-08-11_11h42.11.709,CFMT_CCMT_Face_recognition,03.02.2023,Win32,60.97560976,5ef07f0ba383185b3570273e,6899c7d7c4c961a016830ad3,6899c8bcaa3d34798c7a769e,,,,,,,,,,,,,,,,,,,,,,,,,,,,,,,,,,,,,,,,,,,,,,926.8834,2.349425605,929.2331,,,,,,,,,,,,,,,,,,,,,,,,929.2331,930.8996,p,1,1.5979,,58,0,58,0,1,,,,,,,,,,,,,,,,,,,,,,,,,,,,,,,,,,,,,,,,,,,,,,,,,,,,,,,,,,,,,,,,,,,,,,,,,,,,,,,,,,,,,,,,,,,,,,,,,,,,,,,,,,,,
,,,2025-08-11_11h42.11.709,CFMT_CCMT_Face_recognition,03.02.2023,Win32,60.97560976,5ef07f0ba383185b3570273e,6899c7d7c4c961a016830ad3,6899c8bcaa3d34798c7a769e,,,,,,,,,,,,,,,,,,,,,,,,,,,,,,,,,,,,,,,,,,,,,,930.9,2.330766827,933.2331,,,,,,,,,,,,,,,,,,,,,,,,933.2332,936.2996,,,,,59,0,59,0,1,,,,,,,,,,,,,,,,,,,,,,,,,,,,,,,,,,,,,,,,,,,,,,,,,,,,,,,,,,,,,,,,,,,,,,,,,,,,,,,,,,,,,,,,,,,,,,,,,,,,,,,,,,,,
,,,2025-08-11_11h42.11.709,CFMT_CCMT_Face_recognition,03.02.2023,Win32,60.97560976,5ef07f0ba383185b3570273e,6899c7d7c4c961a016830ad3,6899c8bcaa3d34798c7a769e,,,,,,,,,,,,,,,,,,,,,,,,,,,,,,,,,,,,,,,,,,,,,,,,,,,,,,,,,,,,,,,,,,,,,,,,,,,,,,,,,,,936.2997,936.2998,,,,936.3001,956.3,,,,,,,,,,,,,,,,,,,,,,,,,,,,,,,,,,,,,,,,,,,,,,,,,,,,,,,,,,,,,,,,,,,,,,,,,,,,,,,,,,,,,,,,,,,,,,,,,,,,,
,,,2025-08-11_11h42.11.709,CFMT_CCMT_Face_recognition,03.02.2023,Win32,60.97560976,5ef07f0ba383185b3570273e,6899c7d7c4c961a016830ad3,6899c8bcaa3d34798c7a769e,,,,,,,,,,,,,,,,,,,,,,,,,,,,,,,,,,,,,,,,,,,,,,,,,,,,,,,,,,,,,,,,,,,,,,,,,,,,,,,,,,,,,,,,,,956.329,963.6838,963.684,968.2668,968.272,971.2668,971.2671,971.7658,0,0,0,0,1,stimuli_car/prac_v1.jpg,,,,,,,,,,,,,,,,,,,,,,,,,,,,,,,,,,,,,,,,,,,,,,,,,,,,,,,,,,,,,,,,,,,,,,,,,,,,,,,,,,,,,,,
,,,2025-08-11_11h42.11.709,CFMT_CCMT_Face_recognition,03.02.2023,Win32,60.97560976,5ef07f0ba383185b3570273e,6899c7d7c4c961a016830ad3,6899c8bcaa3d34798c7a769e,,,,,,,,,,,,,,,,,,,,,,,,,,,,,,,,,,,,,,,,,,,,,,,,,,,,,,,,,,,,,,,,,,,,,,,,,,,,,,,,,,,,,,,,,,,,,,971.7661,974.7663,974.7663,975.2656,0,1,1,1,1,stimuli_car/prac_v2.jpg,,,,,,,,,,,,,,,,,,,,,,,,,,,,,,,,,,,,,,,,,,,,,,,,,,,,,,,,,,,,,,,,,,,,,,,,,,,,,,,,,,,,,,,
,,,2025-08-11_11h42.11.709,CFMT_CCMT_Face_recognition,03.02.2023,Win32,60.97560976,5ef07f0ba383185b3570273e,6899c7d7c4c961a016830ad3,6899c8bcaa3d34798c7a769e,,,,,,,,,,,,,,,,,,,,,,,,,,,,,,,,,,,,,,,,,,,,,,,,,,,,,,,,,,,,,,,,,,,,,,,,,,,,,,,,,,,,,,,,,,,,,,975.2659,978.2668,978.2669,978.7666,0,2,2,2,1,stimuli_car/prac_v3.jpg,,,,,,,,,,,,,,,,,,,,,,,,,,,,,,,,,,,,,,,,,,,,,,,,,,,,,,,,,,,,,,,,,,,,,,,,,,,,,,,,,,,,,,,
,,,2025-08-11_11h42.11.709,CFMT_CCMT_Face_recognition,03.02.2023,Win32,60.97560976,5ef07f0ba383185b3570273e,6899c7d7c4c961a016830ad3,6899c8bcaa3d34798c7a769e,,,,,,,,,,,,,,,,,,,,,,,,,,,,,,,,,,,,,,,,,,,,,,,,,,,,,,,,,,,,,,,,,,,,,,,,,,,,,,,,,,,,,,,,,,,,,,,,987.1501,987.6502,,,,,,,978.772,987.15,2,0,8.3754,,0,0,0,0,1,stimuli_car/practice_v1.jpg,1,,,,,,,,,,,,,,,,,,,,,,,,,,,,,,,,,,,,,,,,,,,,,,,,,,,,,,,,,,,,,,,,,,,,,,,,,,
,,,2025-08-11_11h42.11.709,CFMT_CCMT_Face_recognition,03.02.2023,Win32,60.97560976,5ef07f0ba383185b3570273e,6899c7d7c4c961a016830ad3,6899c8bcaa3d34798c7a769e,,,,,,,,,,,,,,,,,,,,,,,,,,,,,,,,,,,,,,,,,,,,,,,,,,,,,,,,,,,,,,,,,,,,,,,,,,,,,,,,,,,,,,,,,,,,,,,,995.3662,995.8659,,,,,,,987.6509,995.3662,1,1,7.7137,,0,1,1,1,1,stimuli_car/practice_v3.jpg,1,,,,,,,,,,,,,,,,,,,,,,,,,,,,,,,,,,,,,,,,,,,,,,,,,,,,,,,,,,,,,,,,,,,,,,,,,,
,,,2025-08-11_11h42.11.709,CFMT_CCMT_Face_recognition,03.02.2023,Win32,60.97560976,5ef07f0ba383185b3570273e,6899c7d7c4c961a016830ad3,6899c8bcaa3d34798c7a769e,,,,,,,,,,,,,,,,,,,,,,,,,,,,,,,,,,,,,,,,,,,,,,,,,,,,,,,,,,,,,,,,,,,,,,,,,,,,,,,,,,,,,,,,,,,,,,,,999.7664,1000.266,,,,,,,995.8663,999.7663,1,0,3.8909,,0,2,2,2,1,stimuli_car/practice_v2.jpg,2,,,,,,,,,,,,,,,,,,,,,,,,,,,,,,,,,,,,,,,,,,,,,,,,,,,,,,,,,,,,,,,,,,,,,,,,,,
,,,2025-08-11_11h42.11.709,CFMT_CCMT_Face_recognition,03.02.2023,Win32,60.97560976,5ef07f0ba383185b3570273e,6899c7d7c4c961a016830ad3,6899c8bcaa3d34798c7a769e,,,,,,,,,,,,,,,,,,,,,,,,,,,,,,,,,,,,,,,,,,,,,,,,,,,,,,,,,,,,,,,,,,,,,,,,,,,,,,,,,,,,,,,,,,,,,,,,1011.8169,1012.3164,,,,,,,,,,,,,,,,,,,,1000.2663,1005.8338,1005.8397,1008.3161,1008.8164,1011.8168,0,0,0,0,1,stimuli_car/Slide1.jpg,stimuli_car/Slide4.jpg,3,,,,,,,,,,,,,,,,,,,,,,,,,,,,,,,,,,,,,,,,,,,,,,,,,,,,,,,,,,,,
,,,2025-08-11_11h42.11.709,CFMT_CCMT_Face_recognition,03.02.2023,Win32,60.97560976,5ef07f0ba383185b3570273e,6899c7d7c4c961a016830ad3,6899c8bcaa3d34798c7a769e,,,,,,,,,,,,,,,,,,,,,,,,,,,,,,,,,,,,,,,,,,,,,,,,,,,,,,,,,,,,,,,,,,,,,,,,,,,,,,,,,,,,,,,,,,,,,,,,1015.8168,1016.3167,,,,,,,,,,,,,,,,,,,,,,,,1012.8168,1015.8167,0,1,1,1,1,stimuli_car/Slide2.jpg,stimuli_car/Slide5.jpg,3,,,,,,,,,,,,,,,,,,,,,,,,,,,,,,,,,,,,,,,,,,,,,,,,,,,,,,,,,,,,
,,,2025-08-11_11h42.11.709,CFMT_CCMT_Face_recognition,03.02.2023,Win32,60.97560976,5ef07f0ba383185b3570273e,6899c7d7c4c961a016830ad3,6899c8bcaa3d34798c7a769e,,,,,,,,,,,,,,,,,,,,,,,,,,,,,,,,,,,,,,,,,,,,,,,,,,,,,,,,,,,,,,,,,,,,,,,,,,,,,,,,,,,,,,,,,,,,,,,,1019.8165,1020.3164,,,,,,,,,,,,,,,,,,,,,,,,1016.8161,1019.8164,0,2,2,2,1,stimuli_car/Slide3.jpg,stimuli_car/Slide6.jpg,2,,,,,,,,,,,,,,,,,,,,,,,,,,,,,,,,,,,,,,,,,,,,,,,,,,,,,,,,,,,,
,,,2025-08-11_11h42.11.709,CFMT_CCMT_Face_recognition,03.02.2023,Win32,60.97560976,5ef07f0ba383185b3570273e,6899c7d7c4c961a016830ad3,6899c8bcaa3d34798c7a769e,,,,,,,,,,,,,,,,,,,,,,,,,,,,,,,,,,,,,,,,,,,,,,,,,,,,,,,,,,,,,,,,,,,,,,,,,,,,,,,,,,,,,,,,,,,,,,,,1026.8004,1027.2999,,,,,,,,,,,,,,,,,,,,,,,,,,,,,,,stimuli_car/Slide1.jpg,stimuli_car/Slide4.jpg,3,1020.3211,1026.8004,3,1,6.4552,,0,0,0,0,1,,,,,,,,,,,,,,,,,,,,,,,,,,,,,,,,,,,,,,,,,,,,,,,,,
,,,2025-08-11_11h42.11.709,CFMT_CCMT_Face_recognition,03.02.2023,Win32,60.97560976,5ef07f0ba383185b3570273e,6899c7d7c4c961a016830ad3,6899c8bcaa3d34798c7a769e,,,,,,,,,,,,,,,,,,,,,,,,,,,,,,,,,,,,,,,,,,,,,,,,,,,,,,,,,,,,,,,,,,,,,,,,,,,,,,,,,,,,,,,,,,,,,,,,1035.9498,1036.4498,,,,,,,,,,,,,,,,,,,,,,,,,,,,,,,stimuli_car/Slide2.jpg,stimuli_car/Slide5.jpg,3,1027.3005,1035.9498,2,0,8.6273,,0,1,1,1,1,,,,,,,,,,,,,,,,,,,,,,,,,,,,,,,,,,,,,,,,,,,,,,,,,
,,,2025-08-11_11h42.11.709,CFMT_CCMT_Face_recognition,03.02.2023,Win32,60.97560976,5ef07f0ba383185b3570273e,6899c7d7c4c961a016830ad3,6899c8bcaa3d34798c7a769e,,,,,,,,,,,,,,,,,,,,,,,,,,,,,,,,,,,,,,,,,,,,,,,,,,,,,,,,,,,,,,,,,,,,,,,,,,,,,,,,,,,,,,,,,,,,,,,,1043.5825,1044.0831,,,,,,,,,,,,,,,,,,,,,,,,,,,,,,,stimuli_car/Slide3.jpg,stimuli_car/Slide6.jpg,2,1036.4505,1043.5825,2,1,7.1116,,0,2,2,2,1,,,,,,,,,,,,,,,,,,,,,,,,,,,,,,,,,,,,,,,,,,,,,,,,,
,,,2025-08-11_11h42.11.709,CFMT_CCMT_Face_recognition,03.02.2023,Win32,60.97560976,5ef07f0ba383185b3570273e,6899c7d7c4c961a016830ad3,6899c8bcaa3d34798c7a769e,,,,,,,,,,,,,,,,,,,,,,,,,,,,,,,,,,,,,,,,,,,,,,,,,,,,,,,,,,,,,,,,,,,,,,,,,,,,,,,,,,,,,,,,,,,,,,,,1049.3495,1049.8503,,,,,,,,,,,,,,,,,,,,,,1044.0841,1045.8501,1046.3506,1049.3495,0,0,0,0,1,stimuli_car/Slide7.jpg,stimuli_car/Slide10.jpg,1,,,,,,,,,,,,,,,,,,,,,,,,,,,,,,,,,,,,,,,,,,,,,,,,,,,,,,,,,,,,
,,,2025-08-11_11h42.11.709,CFMT_CCMT_Face_recognition,03.02.2023,Win32,60.97560976,5ef07f0ba383185b3570273e,6899c7d7c4c961a016830ad3,6899c8bcaa3d34798c7a769e,,,,,,,,,,,,,,,,,,,,,,,,,,,,,,,,,,,,,,,,,,,,,,,,,,,,,,,,,,,,,,,,,,,,,,,,,,,,,,,,,,,,,,,,,,,,,,,,1053.3502,1053.8499,,,,,,,,,,,,,,,,,,,,,,,,1050.3498,1053.3501,0,1,1,1,1,stimuli_car/Slide8.jpg,stimuli_car/Slide11.jpg,2,,,,,,,,,,,,,,,,,,,,,,,,,,,,,,,,,,,,,,,,,,,,,,,,,,,,,,,,,,,,
,,,2025-08-11_11h42.11.709,CFMT_CCMT_Face_recognition,03.02.2023,Win32,60.97560976,5ef07f0ba383185b3570273e,6899c7d7c4c961a016830ad3,6899c8bcaa3d34798c7a769e,,,,,,,,,,,,,,,,,,,,,,,,,,,,,,,,,,,,,,,,,,,,,,,,,,,,,,,,,,,,,,,,,,,,,,,,,,,,,,,,,,,,,,,,,,,,,,,,1057.3505,1057.8502,,,,,,,,,,,,,,,,,,,,,,,,1054.3502,1057.3504,0,2,2,2,1,stimuli_car/Slide9.jpg,stimuli_car/Slide12.jpg,1,,,,,,,,,,,,,,,,,,,,,,,,,,,,,,,,,,,,,,,,,,,,,,,,,,,,,,,,,,,,
,,,2025-08-11_11h42.11.709,CFMT_CCMT_Face_recognition,03.02.2023,Win32,60.97560976,5ef07f0ba383185b3570273e,6899c7d7c4c961a016830ad3,6899c8bcaa3d34798c7a769e,,,,,,,,,,,,,,,,,,,,,,,,,,,,,,,,,,,,,,,,,,,,,,,,,,,,,,,,,,,,,,,,,,,,,,,,,,,,,,,,,,,,,,,,,,,,,,,,1061.8664,1062.3666,,,,,,,,,,,,,,,,,,,,,,,,,,,,,,,stimuli_car/Slide7.jpg,stimuli_car/Slide10.jpg,1,1057.8548,1061.8664,3,0,3.9946,,0,0,0,0,1,,,,,,,,,,,,,,,,,,,,,,,,,,,,,,,,,,,,,,,,,,,,,,,,,
,,,2025-08-11_11h42.11.709,CFMT_CCMT_Face_recognition,03.02.2023,Win32,60.97560976,5ef07f0ba383185b3570273e,6899c7d7c4c961a016830ad3,6899c8bcaa3d34798c7a769e,,,,,,,,,,,,,,,,,,,,,,,,,,,,,,,,,,,,,,,,,,,,,,,,,,,,,,,,,,,,,,,,,,,,,,,,,,,,,,,,,,,,,,,,,,,,,,,,1068.1669,1068.6665,,,,,,,,,,,,,,,,,,,,,,,,,,,,,,,stimuli_car/Slide8.jpg,stimuli_car/Slide11.jpg,2,1062.3671,1068.1669,1,0,5.7844,,0,1,1,1,1,,,,,,,,,,,,,,,,,,,,,,,,,,,,,,,,,,,,,,,,,,,,,,,,,
,,,2025-08-11_11h42.11.709,CFMT_CCMT_Face_recognition,03.02.2023,Win32,60.97560976,5ef07f0ba383185b3570273e,6899c7d7c4c961a016830ad3,6899c8bcaa3d34798c7a769e,,,,,,,,,,,,,,,,,,,,,,,,,,,,,,,,,,,,,,,,,,,,,,,,,,,,,,,,,,,,,,,,,,,,,,,,,,,,,,,,,,,,,,,,,,,,,,,,1071.7497,1072.2503,,,,,,,,,,,,,,,,,,,,,,,,,,,,,,,stimuli_car/Slide9.jpg,stimuli_car/Slide12.jpg,1,1068.6669,1071.7497,1,1,3.0603,,0,2,2,2,1,,,,,,,,,,,,,,,,,,,,,,,,,,,,,,,,,,,,,,,,,,,,,,,,,
,,,2025-08-11_11h42.11.709,CFMT_CCMT_Face_recognition,03.02.2023,Win32,60.97560976,5ef07f0ba383185b3570273e,6899c7d7c4c961a016830ad3,6899c8bcaa3d34798c7a769e,,,,,,,,,,,,,,,,,,,,,,,,,,,,,,,,,,,,,,,,,,,,,,,,,,,,,,,,,,,,,,,,,,,,,,,,,,,,,,,,,,,,,,,,,,,,,,,,1077.6499,1078.15,,,,,,,,,,,,,,,,,,,,,,1072.2509,1074.1501,1074.6492,1077.6498,0,0,0,0,1,stimuli_car/Slide13.jpg,stimuli_car/Slide16.jpg,3,,,,,,,,,,,,,,,,,,,,,,,,,,,,,,,,,,,,,,,,,,,,,,,,,,,,,,,,,,,,
,,,2025-08-11_11h42.11.709,CFMT_CCMT_Face_recognition,03.02.2023,Win32,60.97560976,5ef07f0ba383185b3570273e,6899c7d7c4c961a016830ad3,6899c8bcaa3d34798c7a769e,,,,,,,,,,,,,,,,,,,,,,,,,,,,,,,,,,,,,,,,,,,,,,,,,,,,,,,,,,,,,,,,,,,,,,,,,,,,,,,,,,,,,,,,,,,,,,,,1081.6505,1082.1497,,,,,,,,,,,,,,,,,,,,,,,,1078.6499,1081.6505,0,1,1,1,1,stimuli_car/Slide14.jpg,stimuli_car/Slide17.jpg,1,,,,,,,,,,,,,,,,,,,,,,,,,,,,,,,,,,,,,,,,,,,,,,,,,,,,,,,,,,,,
,,,2025-08-11_11h42.11.709,CFMT_CCMT_Face_recognition,03.02.2023,Win32,60.97560976,5ef07f0ba383185b3570273e,6899c7d7c4c961a016830ad3,6899c8bcaa3d34798c7a769e,,,,,,,,,,,,,,,,,,,,,,,,,,,,,,,,,,,,,,,,,,,,,,,,,,,,,,,,,,,,,,,,,,,,,,,,,,,,,,,,,,,,,,,,,,,,,,,,1085.6502,1086.15,,,,,,,,,,,,,,,,,,,,,,,,1082.6501,1085.6502,0,2,2,2,1,stimuli_car/Slide15.jpg,stimuli_car/Slide18.jpg,2,,,,,,,,,,,,,,,,,,,,,,,,,,,,,,,,,,,,,,,,,,,,,,,,,,,,,,,,,,,,
,,,2025-08-11_11h42.11.709,CFMT_CCMT_Face_recognition,03.02.2023,Win32,60.97560976,5ef07f0ba383185b3570273e,6899c7d7c4c961a016830ad3,6899c8bcaa3d34798c7a769e,,,,,,,,,,,,,,,,,,,,,,,,,,,,,,,,,,,,,,,,,,,,,,,,,,,,,,,,,,,,,,,,,,,,,,,,,,,,,,,,,,,,,,,,,,,,,,,,1090.2164,1090.7166,,,,,,,,,,,,,,,,,,,,,,,,,,,,,,,stimuli_car/Slide13.jpg,stimuli_car/Slide16.jpg,3,1086.154,1090.2164,3,1,4.0476,,0,0,0,0,1,,,,,,,,,,,,,,,,,,,,,,,,,,,,,,,,,,,,,,,,,,,,,,,,,
,,,2025-08-11_11h42.11.709,CFMT_CCMT_Face_recognition,03.02.2023,Win32,60.97560976,5ef07f0ba383185b3570273e,6899c7d7c4c961a016830ad3,6899c8bcaa3d34798c7a769e,,,,,,,,,,,,,,,,,,,,,,,,,,,,,,,,,,,,,,,,,,,,,,,,,,,,,,,,,,,,,,,,,,,,,,,,,,,,,,,,,,,,,,,,,,,,,,,,1095.3331,1095.8333,,,,,,,,,,,,,,,,,,,,,,,,,,,,,,,stimuli_car/Slide14.jpg,stimuli_car/Slide17.jpg,1,1090.7171,1095.333,1,1,4.5939,,0,1,1,1,1,,,,,,,,,,,,,,,,,,,,,,,,,,,,,,,,,,,,,,,,,,,,,,,,,
,,,2025-08-11_11h42.11.709,CFMT_CCMT_Face_recognition,03.02.2023,Win32,60.97560976,5ef07f0ba383185b3570273e,6899c7d7c4c961a016830ad3,6899c8bcaa3d34798c7a769e,,,,,,,,,,,,,,,,,,,,,,,,,,,,,,,,,,,,,,,,,,,,,,,,,,,,,,,,,,,,,,,,,,,,,,,,,,,,,,,,,,,,,,,,,,,,,,,,1099.5496,1100.05,,,,,,,,,,,,,,,,,,,,,,,,,,,,,,,stimuli_car/Slide15.jpg,stimuli_car/Slide18.jpg,2,1095.8337,1099.5495,1,0,3.6945,,0,2,2,2,1,,,,,,,,,,,,,,,,,,,,,,,,,,,,,,,,,,,,,,,,,,,,,,,,,
,,,2025-08-11_11h42.11.709,CFMT_CCMT_Face_recognition,03.02.2023,Win32,60.97560976,5ef07f0ba383185b3570273e,6899c7d7c4c961a016830ad3,6899c8bcaa3d34798c7a769e,,,,,,,,,,,,,,,,,,,,,,,,,,,,,,,,,,,,,,,,,,,,,,,,,,,,,,,,,,,,,,,,,,,,,,,,,,,,,,,,,,,,,,,,,,,,,,,,1105.1166,1105.6158,,,,,,,,,,,,,,,,,,,,,,1100.0505,1101.6165,1102.1164,1105.1165,0,0,0,0,1,stimuli_car/Slide19.jpg,stimuli_car/Slide22.jpg,2,,,,,,,,,,,,,,,,,,,,,,,,,,,,,,,,,,,,,,,,,,,,,,,,,,,,,,,,,,,,
,,,2025-08-11_11h42.11.709,CFMT_CCMT_Face_recognition,03.02.2023,Win32,60.97560976,5ef07f0ba383185b3570273e,6899c7d7c4c961a016830ad3,6899c8bcaa3d34798c7a769e,,,,,,,,,,,,,,,,,,,,,,,,,,,,,,,,,,,,,,,,,,,,,,,,,,,,,,,,,,,,,,,,,,,,,,,,,,,,,,,,,,,,,,,,,,,,,,,,1109.1164,1109.6164,,,,,,,,,,,,,,,,,,,,,,,,1106.1164,1109.1163,0,1,1,1,1,stimuli_car/Slide20.jpg,stimuli_car/Slide23.jpg,2,,,,,,,,,,,,,,,,,,,,,,,,,,,,,,,,,,,,,,,,,,,,,,,,,,,,,,,,,,,,
,,,2025-08-11_11h42.11.709,CFMT_CCMT_Face_recognition,03.02.2023,Win32,60.97560976,5ef07f0ba383185b3570273e,6899c7d7c4c961a016830ad3,6899c8bcaa3d34798c7a769e,,,,,,,,,,,,,,,,,,,,,,,,,,,,,,,,,,,,,,,,,,,,,,,,,,,,,,,,,,,,,,,,,,,,,,,,,,,,,,,,,,,,,,,,,,,,,,,,1113.1168,1113.6166,,,,,,,,,,,,,,,,,,,,,,,,1110.1166,1113.1167,0,2,2,2,1,stimuli_car/Slide21.jpg,stimuli_car/Slide24.jpg,3,,,,,,,,,,,,,,,,,,,,,,,,,,,,,,,,,,,,,,,,,,,,,,,,,,,,,,,,,,,,
,,,2025-08-11_11h42.11.709,CFMT_CCMT_Face_recognition,03.02.2023,Win32,60.97560976,5ef07f0ba383185b3570273e,6899c7d7c4c961a016830ad3,6899c8bcaa3d34798c7a769e,,,,,,,,,,,,,,,,,,,,,,,,,,,,,,,,,,,,,,,,,,,,,,,,,,,,,,,,,,,,,,,,,,,,,,,,,,,,,,,,,,,,,,,,,,,,,,,,1117.967,1118.4665,,,,,,,,,,,,,,,,,,,,,,,,,,,,,,,stimuli_car/Slide19.jpg,stimuli_car/Slide22.jpg,2,1113.6207,1117.9669,1,0,4.3341,,0,0,0,0,1,,,,,,,,,,,,,,,,,,,,,,,,,,,,,,,,,,,,,,,,,,,,,,,,,
,,,2025-08-11_11h42.11.709,CFMT_CCMT_Face_recognition,03.02.2023,Win32,60.97560976,5ef07f0ba383185b3570273e,6899c7d7c4c961a016830ad3,6899c8bcaa3d34798c7a769e,,,,,,,,,,,,,,,,,,,,,,,,,,,,,,,,,,,,,,,,,,,,,,,,,,,,,,,,,,,,,,,,,,,,,,,,,,,,,,,,,,,,,,,,,,,,,,,,1122.2167,1122.7164,,,,,,,,,,,,,,,,,,,,,,,,,,,,,,,stimuli_car/Slide20.jpg,stimuli_car/Slide23.jpg,2,1118.467,1122.2166,1,0,3.7243,,0,1,1,1,1,,,,,,,,,,,,,,,,,,,,,,,,,,,,,,,,,,,,,,,,,,,,,,,,,
,,,2025-08-11_11h42.11.709,CFMT_CCMT_Face_recognition,03.02.2023,Win32,60.97560976,5ef07f0ba383185b3570273e,6899c7d7c4c961a016830ad3,6899c8bcaa3d34798c7a769e,,,,,,,,,,,,,,,,,,,,,,,,,,,,,,,,,,,,,,,,,,,,,,,,,,,,,,,,,,,,,,,,,,,,,,,,,,,,,,,,,,,,,,,,,,,,,,,,1127.1499,1127.6491,,,,,,,,,,,,,,,,,,,,,,,,,,,,,,,stimuli_car/Slide21.jpg,stimuli_car/Slide24.jpg,3,1122.7169,1127.1499,3,1,4.4087,,0,2,2,2,1,,,,,,,,,,,,,,,,,,,,,,,,,,,,,,,,,,,,,,,,,,,,,,,,,
,,,2025-08-11_11h42.11.709,CFMT_CCMT_Face_recognition,03.02.2023,Win32,60.97560976,5ef07f0ba383185b3570273e,6899c7d7c4c961a016830ad3,6899c8bcaa3d34798c7a769e,,,,,,,,,,,,,,,,,,,,,,,,,,,,,,,,,,,,,,,,,,,,,,,,,,,,,,,,,,,,,,,,,,,,,,,,,,,,,,,,,,,,,,,,,,,,,,,,1132.8002,1133.3001,,,,,,,,,,,,,,,,,,,,,,1127.6493,1129.2996,1129.8004,1132.8001,0,0,0,0,1,stimuli_car/Slide25.jpg,stimuli_car/Slide28.jpg,2,,,,,,,,,,,,,,,,,,,,,,,,,,,,,,,,,,,,,,,,,,,,,,,,,,,,,,,,,,,,
,,,2025-08-11_11h42.11.709,CFMT_CCMT_Face_recognition,03.02.2023,Win32,60.97560976,5ef07f0ba383185b3570273e,6899c7d7c4c961a016830ad3,6899c8bcaa3d34798c7a769e,,,,,,,,,,,,,,,,,,,,,,,,,,,,,,,,,,,,,,,,,,,,,,,,,,,,,,,,,,,,,,,,,,,,,,,,,,,,,,,,,,,,,,,,,,,,,,,,1136.8002,1137.2999,,,,,,,,,,,,,,,,,,,,,,,,1133.7999,1136.8001,0,1,1,1,1,stimuli_car/Slide26.jpg,stimuli_car/Slide29.jpg,1,,,,,,,,,,,,,,,,,,,,,,,,,,,,,,,,,,,,,,,,,,,,,,,,,,,,,,,,,,,,
,,,2025-08-11_11h42.11.709,CFMT_CCMT_Face_recognition,03.02.2023,Win32,60.97560976,5ef07f0ba383185b3570273e,6899c7d7c4c961a016830ad3,6899c8bcaa3d34798c7a769e,,,,,,,,,,,,,,,,,,,,,,,,,,,,,,,,,,,,,,,,,,,,,,,,,,,,,,,,,,,,,,,,,,,,,,,,,,,,,,,,,,,,,,,,,,,,,,,,1140.7997,1141.3004,,,,,,,,,,,,,,,,,,,,,,,,1137.7998,1140.7997,0,2,2,2,1,stimuli_car/Slide27.jpg,stimuli_car/Slide30.jpg,3,,,,,,,,,,,,,,,,,,,,,,,,,,,,,,,,,,,,,,,,,,,,,,,,,,,,,,,,,,,,
,,,2025-08-11_11h42.11.709,CFMT_CCMT_Face_recognition,03.02.2023,Win32,60.97560976,5ef07f0ba383185b3570273e,6899c7d7c4c961a016830ad3,6899c8bcaa3d34798c7a769e,,,,,,,,,,,,,,,,,,,,,,,,,,,,,,,,,,,,,,,,,,,,,,,,,,,,,,,,,,,,,,,,,,,,,,,,,,,,,,,,,,,,,,,,,,,,,,,,1147.2669,1147.7663,,,,,,,,,,,,,,,,,,,,,,,,,,,,,,,stimuli_car/Slide25.jpg,stimuli_car/Slide28.jpg,2,1141.305,1147.2669,3,0,5.9386,,0,0,0,0,1,,,,,,,,,,,,,,,,,,,,,,,,,,,,,,,,,,,,,,,,,,,,,,,,,
,,,2025-08-11_11h42.11.709,CFMT_CCMT_Face_recognition,03.02.2023,Win32,60.97560976,5ef07f0ba383185b3570273e,6899c7d7c4c961a016830ad3,6899c8bcaa3d34798c7a769e,,,,,,,,,,,,,,,,,,,,,,,,,,,,,,,,,,,,,,,,,,,,,,,,,,,,,,,,,,,,,,,,,,,,,,,,,,,,,,,,,,,,,,,,,,,,,,,,1150.6163,1151.1164,,,,,,,,,,,,,,,,,,,,,,,,,,,,,,,stimuli_car/Slide26.jpg,stimuli_car/Slide29.jpg,1,1147.7669,1150.6162,1,1,2.8324,,0,1,1,1,1,,,,,,,,,,,,,,,,,,,,,,,,,,,,,,,,,,,,,,,,,,,,,,,,,
,,,2025-08-11_11h42.11.709,CFMT_CCMT_Face_recognition,03.02.2023,Win32,60.97560976,5ef07f0ba383185b3570273e,6899c7d7c4c961a016830ad3,6899c8bcaa3d34798c7a769e,,,,,,,,,,,,,,,,,,,,,,,,,,,,,,,,,,,,,,,,,,,,,,,,,,,,,,,,,,,,,,,,,,,,,,,,,,,,,,,,,,,,,,,,,,,,,,,,1156.5168,1157.0164,,,,,,,,,,,,,,,,,,,,,,,,,,,,,,,stimuli_car/Slide27.jpg,stimuli_car/Slide30.jpg,3,1151.1169,1156.5168,2,0,5.3851,,0,2,2,2,1,,,,,,,,,,,,,,,,,,,,,,,,,,,,,,,,,,,,,,,,,,,,,,,,,
,,,2025-08-11_11h42.11.709,CFMT_CCMT_Face_recognition,03.02.2023,Win32,60.97560976,5ef07f0ba383185b3570273e,6899c7d7c4c961a016830ad3,6899c8bcaa3d34798c7a769e,,,,,,,,,,,,,,,,,,,,,,,,,,,,,,,,,,,,,,,,,,,,,,,,,,,,,,,,,,,,,,,,,,,,,,,,,,,,,,,,,,,,,,,,,,,,,,,,1163.2499,1163.7502,,,,,,,,,,,,,,,,,,,,,,1157.0167,1159.7507,1160.2503,1163.2498,0,0,0,0,1,stimuli_car/Slide31.jpg,stimuli_car/Slide34.jpg,1,,,,,,,,,,,,,,,,,,,,,,,,,,,,,,,,,,,,,,,,,,,,,,,,,,,,,,,,,,,,
,,,2025-08-11_11h42.11.709,CFMT_CCMT_Face_recognition,03.02.2023,Win32,60.97560976,5ef07f0ba383185b3570273e,6899c7d7c4c961a016830ad3,6899c8bcaa3d34798c7a769e,,,,,,,,,,,,,,,,,,,,,,,,,,,,,,,,,,,,,,,,,,,,,,,,,,,,,,,,,,,,,,,,,,,,,,,,,,,,,,,,,,,,,,,,,,,,,,,,1167.2499,1167.7502,,,,,,,,,,,,,,,,,,,,,,,,1164.2504,1167.2498,0,1,1,1,1,stimuli_car/Slide32.jpg,stimuli_car/Slide35.jpg,2,,,,,,,,,,,,,,,,,,,,,,,,,,,,,,,,,,,,,,,,,,,,,,,,,,,,,,,,,,,,
,,,2025-08-11_11h42.11.709,CFMT_CCMT_Face_recognition,03.02.2023,Win32,60.97560976,5ef07f0ba383185b3570273e,6899c7d7c4c961a016830ad3,6899c8bcaa3d34798c7a769e,,,,,,,,,,,,,,,,,,,,,,,,,,,,,,,,,,,,,,,,,,,,,,,,,,,,,,,,,,,,,,,,,,,,,,,,,,,,,,,,,,,,,,,,,,,,,,,,1171.2502,1171.7499,,,,,,,,,,,,,,,,,,,,,,,,1168.25,1171.2501,0,2,2,2,1,stimuli_car/Slide33.jpg,stimuli_car/Slide36.jpg,3,,,,,,,,,,,,,,,,,,,,,,,,,,,,,,,,,,,,,,,,,,,,,,,,,,,,,,,,,,,,
,,,2025-08-11_11h42.11.709,CFMT_CCMT_Face_recognition,03.02.2023,Win32,60.97560976,5ef07f0ba383185b3570273e,6899c7d7c4c961a016830ad3,6899c8bcaa3d34798c7a769e,,,,,,,,,,,,,,,,,,,,,,,,,,,,,,,,,,,,,,,,,,,,,,,,,,,,,,,,,,,,,,,,,,,,,,,,,,,,,,,,,,,,,,,,,,,,,,,,1176.8828,1177.3829,,,,,,,,,,,,,,,,,,,,,,,,,,,,,,,stimuli_car/Slide31.jpg,stimuli_car/Slide34.jpg,1,1171.7544,1176.8828,3,0,5.1059,,0,0,0,0,1,,,,,,,,,,,,,,,,,,,,,,,,,,,,,,,,,,,,,,,,,,,,,,,,,
,,,2025-08-11_11h42.11.709,CFMT_CCMT_Face_recognition,03.02.2023,Win32,60.97560976,5ef07f0ba383185b3570273e,6899c7d7c4c961a016830ad3,6899c8bcaa3d34798c7a769e,,,,,,,,,,,,,,,,,,,,,,,,,,,,,,,,,,,,,,,,,,,,,,,,,,,,,,,,,,,,,,,,,,,,,,,,,,,,,,,,,,,,,,,,,,,,,,,,1181.3166,1181.8167,,,,,,,,,,,,,,,,,,,,,,,,,,,,,,,stimuli_car/Slide32.jpg,stimuli_car/Slide35.jpg,2,1177.3831,1181.3165,3,0,3.9114,,0,1,1,1,1,,,,,,,,,,,,,,,,,,,,,,,,,,,,,,,,,,,,,,,,,,,,,,,,,
,,,2025-08-11_11h42.11.709,CFMT_CCMT_Face_recognition,03.02.2023,Win32,60.97560976,5ef07f0ba383185b3570273e,6899c7d7c4c961a016830ad3,6899c8bcaa3d34798c7a769e,,,,,,,,,,,,,,,,,,,,,,,,,,,,,,,,,,,,,,,,,,,,,,,,,,,,,,,,,,,,,,,,,,,,,,,,,,,,,,,,,,,,,,,,,,,,,,,,1186.2665,1186.7665,,,,,,,,,,,,,,,,,,,,,,,,,,,,,,,stimuli_car/Slide33.jpg,stimuli_car/Slide36.jpg,3,1181.8171,1186.2665,3,1,4.43,,0,2,2,2,1,,,,,,,,,,,,,,,,,,,,,,,,,,,,,,,,,,,,,,,,,,,,,,,,,
,,,2025-08-11_11h42.11.709,CFMT_CCMT_Face_recognition,03.02.2023,Win32,60.97560976,5ef07f0ba383185b3570273e,6899c7d7c4c961a016830ad3,6899c8bcaa3d34798c7a769e,,,,,,,,,,,,,,,,,,,,,,,,,,,,,,,,,,,,,,,,,,,,,,,,,,,,,,,,,,,,,,,,,,,,,,,,,,,,,,,,,,,,,,,,,,,,,,,,1229.0669,1229.5668,,,,,,,,,,,,,,,,,,,,,,,,,,,,,,,,,,,,,,,,,,,,,1186.7671,1193.9506,1194.45,1214.4508,1214.9509,1223.6168,1224.1205,1224.1215,1224.1215,1224.1219,1224.1241,1229.0669,3,0,4.9252,,0,0,0,0,1,stimuli_car/Slide38.jpg,2,,,,,,,,,,,,,,,,,,,,,,,,,,
,,,2025-08-11_11h42.11.709,CFMT_CCMT_Face_recognition,03.02.2023,Win32,60.97560976,5ef07f0ba383185b3570273e,6899c7d7c4c961a016830ad3,6899c8bcaa3d34798c7a769e,,,,,,,,,,,,,,,,,,,,,,,,,,,,,,,,,,,,,,,,,,,,,,,,,,,,,,,,,,,,,,,,,,,,,,,,,,,,,,,,,,,,,,,,,,,,,,,,1234.2166,1234.7165,,,,,,,,,,,,,,,,,,,,,,,,,,,,,,,,,,,,,,,,,,,,,,,,,,,,,,,1229.5675,1234.2165,1,1,4.6316,,0,1,1,1,1,stimuli_car/Slide39.jpg,1,,,,,,,,,,,,,,,,,,,,,,,,,,
,,,2025-08-11_11h42.11.709,CFMT_CCMT_Face_recognition,03.02.2023,Win32,60.97560976,5ef07f0ba383185b3570273e,6899c7d7c4c961a016830ad3,6899c8bcaa3d34798c7a769e,,,,,,,,,,,,,,,,,,,,,,,,,,,,,,,,,,,,,,,,,,,,,,,,,,,,,,,,,,,,,,,,,,,,,,,,,,,,,,,,,,,,,,,,,,,,,,,,1238.0838,1238.5839,,,,,,,,,,,,,,,,,,,,,,,,,,,,,,,,,,,,,,,,,,,,,,,,,,,,,,,1234.7168,1238.0838,2,0,3.3425,,0,2,2,2,1,stimuli_car/Slide40.jpg,1,,,,,,,,,,,,,,,,,,,,,,,,,,
,,,2025-08-11_11h42.11.709,CFMT_CCMT_Face_recognition,03.02.2023,Win32,60.97560976,5ef07f0ba383185b3570273e,6899c7d7c4c961a016830ad3,6899c8bcaa3d34798c7a769e,,,,,,,,,,,,,,,,,,,,,,,,,,,,,,,,,,,,,,,,,,,,,,,,,,,,,,,,,,,,,,,,,,,,,,,,,,,,,,,,,,,,,,,,,,,,,,,,1244.5005,1245.0006,,,,,,,,,,,,,,,,,,,,,,,,,,,,,,,,,,,,,,,,,,,,,,,,,,,,,,,1238.5843,1244.5004,3,1,5.8899,,0,3,3,3,1,stimuli_car/Slide41.jpg,3,,,,,,,,,,,,,,,,,,,,,,,,,,
,,,2025-08-11_11h42.11.709,CFMT_CCMT_Face_recognition,03.02.2023,Win32,60.97560976,5ef07f0ba383185b3570273e,6899c7d7c4c961a016830ad3,6899c8bcaa3d34798c7a769e,,,,,,,,,,,,,,,,,,,,,,,,,,,,,,,,,,,,,,,,,,,,,,,,,,,,,,,,,,,,,,,,,,,,,,,,,,,,,,,,,,,,,,,,,,,,,,,,1250.0662,1250.5665,,,,,,,,,,,,,,,,,,,,,,,,,,,,,,,,,,,,,,,,,,,,,,,,,,,,,,,1245.0013,1250.0662,1,0,5.0396,,0,4,4,4,1,stimuli_car/Slide42.jpg,2,,,,,,,,,,,,,,,,,,,,,,,,,,
,,,2025-08-11_11h42.11.709,CFMT_CCMT_Face_recognition,03.02.2023,Win32,60.97560976,5ef07f0ba383185b3570273e,6899c7d7c4c961a016830ad3,6899c8bcaa3d34798c7a769e,,,,,,,,,,,,,,,,,,,,,,,,,,,,,,,,,,,,,,,,,,,,,,,,,,,,,,,,,,,,,,,,,,,,,,,,,,,,,,,,,,,,,,,,,,,,,,,,1256.5335,1257.0334,,,,,,,,,,,,,,,,,,,,,,,,,,,,,,,,,,,,,,,,,,,,,,,,,,,,,,,1250.5676,1256.5334,2,0,5.9407,,0,5,5,5,1,stimuli_car/Slide43.jpg,1,,,,,,,,,,,,,,,,,,,,,,,,,,
,,,2025-08-11_11h42.11.709,CFMT_CCMT_Face_recognition,03.02.2023,Win32,60.97560976,5ef07f0ba383185b3570273e,6899c7d7c4c961a016830ad3,6899c8bcaa3d34798c7a769e,,,,,,,,,,,,,,,,,,,,,,,,,,,,,,,,,,,,,,,,,,,,,,,,,,,,,,,,,,,,,,,,,,,,,,,,,,,,,,,,,,,,,,,,,,,,,,,,1262.3338,1262.8333,,,,,,,,,,,,,,,,,,,,,,,,,,,,,,,,,,,,,,,,,,,,,,,,,,,,,,,1257.0338,1262.3337,3,1,5.2834,,0,6,6,6,1,stimuli_car/Slide44.jpg,3,,,,,,,,,,,,,,,,,,,,,,,,,,
,,,2025-08-11_11h42.11.709,CFMT_CCMT_Face_recognition,03.02.2023,Win32,60.97560976,5ef07f0ba383185b3570273e,6899c7d7c4c961a016830ad3,6899c8bcaa3d34798c7a769e,,,,,,,,,,,,,,,,,,,,,,,,,,,,,,,,,,,,,,,,,,,,,,,,,,,,,,,,,,,,,,,,,,,,,,,,,,,,,,,,,,,,,,,,,,,,,,,,1268.0832,1268.5833,,,,,,,,,,,,,,,,,,,,,,,,,,,,,,,,,,,,,,,,,,,,,,,,,,,,,,,1262.8339,1268.0832,1,1,5.2278,,0,7,7,7,1,stimuli_car/Slide45.jpg,1,,,,,,,,,,,,,,,,,,,,,,,,,,
,,,2025-08-11_11h42.11.709,CFMT_CCMT_Face_recognition,03.02.2023,Win32,60.97560976,5ef07f0ba383185b3570273e,6899c7d7c4c961a016830ad3,6899c8bcaa3d34798c7a769e,,,,,,,,,,,,,,,,,,,,,,,,,,,,,,,,,,,,,,,,,,,,,,,,,,,,,,,,,,,,,,,,,,,,,,,,,,,,,,,,,,,,,,,,,,,,,,,,1272.7001,1273.1999,,,,,,,,,,,,,,,,,,,,,,,,,,,,,,,,,,,,,,,,,,,,,,,,,,,,,,,1268.5836,1272.7,1,1,4.0952,,0,8,8,8,1,stimuli_car/Slide46.jpg,1,,,,,,,,,,,,,,,,,,,,,,,,,,
,,,2025-08-11_11h42.11.709,CFMT_CCMT_Face_recognition,03.02.2023,Win32,60.97560976,5ef07f0ba383185b3570273e,6899c7d7c4c961a016830ad3,6899c8bcaa3d34798c7a769e,,,,,,,,,,,,,,,,,,,,,,,,,,,,,,,,,,,,,,,,,,,,,,,,,,,,,,,,,,,,,,,,,,,,,,,,,,,,,,,,,,,,,,,,,,,,,,,,1278.5832,1279.0829,,,,,,,,,,,,,,,,,,,,,,,,,,,,,,,,,,,,,,,,,,,,,,,,,,,,,,,1273.2003,1278.5832,1,0,5.3664,,0,9,9,9,1,stimuli_car/Slide47.jpg,3,,,,,,,,,,,,,,,,,,,,,,,,,,
,,,2025-08-11_11h42.11.709,CFMT_CCMT_Face_recognition,03.02.2023,Win32,60.97560976,5ef07f0ba383185b3570273e,6899c7d7c4c961a016830ad3,6899c8bcaa3d34798c7a769e,,,,,,,,,,,,,,,,,,,,,,,,,,,,,,,,,,,,,,,,,,,,,,,,,,,,,,,,,,,,,,,,,,,,,,,,,,,,,,,,,,,,,,,,,,,,,,,,1283.65,1284.1503,,,,,,,,,,,,,,,,,,,,,,,,,,,,,,,,,,,,,,,,,,,,,,,,,,,,,,,1279.0831,1283.65,1,0,4.5454,,0,10,10,10,1,stimuli_car/Slide48.jpg,3,,,,,,,,,,,,,,,,,,,,,,,,,,
,,,2025-08-11_11h42.11.709,CFMT_CCMT_Face_recognition,03.02.2023,Win32,60.97560976,5ef07f0ba383185b3570273e,6899c7d7c4c961a016830ad3,6899c8bcaa3d34798c7a769e,,,,,,,,,,,,,,,,,,,,,,,,,,,,,,,,,,,,,,,,,,,,,,,,,,,,,,,,,,,,,,,,,,,,,,,,,,,,,,,,,,,,,,,,,,,,,,,,1287.1167,1287.6166,,,,,,,,,,,,,,,,,,,,,,,,,,,,,,,,,,,,,,,,,,,,,,,,,,,,,,,1284.1507,1287.1166,3,1,2.9439,,0,11,11,11,1,stimuli_car/Slide49.jpg,3,,,,,,,,,,,,,,,,,,,,,,,,,,
,,,2025-08-11_11h42.11.709,CFMT_CCMT_Face_recognition,03.02.2023,Win32,60.97560976,5ef07f0ba383185b3570273e,6899c7d7c4c961a016830ad3,6899c8bcaa3d34798c7a769e,,,,,,,,,,,,,,,,,,,,,,,,,,,,,,,,,,,,,,,,,,,,,,,,,,,,,,,,,,,,,,,,,,,,,,,,,,,,,,,,,,,,,,,,,,,,,,,,1290.9168,1291.4176,,,,,,,,,,,,,,,,,,,,,,,,,,,,,,,,,,,,,,,,,,,,,,,,,,,,,,,1287.6171,1290.9168,2,1,3.278,,0,12,12,12,1,stimuli_car/Slide50.jpg,2,,,,,,,,,,,,,,,,,,,,,,,,,,
,,,2025-08-11_11h42.11.709,CFMT_CCMT_Face_recognition,03.02.2023,Win32,60.97560976,5ef07f0ba383185b3570273e,6899c7d7c4c961a016830ad3,6899c8bcaa3d34798c7a769e,,,,,,,,,,,,,,,,,,,,,,,,,,,,,,,,,,,,,,,,,,,,,,,,,,,,,,,,,,,,,,,,,,,,,,,,,,,,,,,,,,,,,,,,,,,,,,,,1297.6835,1298.1834,,,,,,,,,,,,,,,,,,,,,,,,,,,,,,,,,,,,,,,,,,,,,,,,,,,,,,,1291.4179,1297.6835,2,1,6.244,,0,13,13,13,1,stimuli_car/Slide51.jpg,2,,,,,,,,,,,,,,,,,,,,,,,,,,
,,,2025-08-11_11h42.11.709,CFMT_CCMT_Face_recognition,03.02.2023,Win32,60.97560976,5ef07f0ba383185b3570273e,6899c7d7c4c961a016830ad3,6899c8bcaa3d34798c7a769e,,,,,,,,,,,,,,,,,,,,,,,,,,,,,,,,,,,,,,,,,,,,,,,,,,,,,,,,,,,,,,,,,,,,,,,,,,,,,,,,,,,,,,,,,,,,,,,,1302.5832,1303.0836,,,,,,,,,,,,,,,,,,,,,,,,,,,,,,,,,,,,,,,,,,,,,,,,,,,,,,,1298.1839,1302.5831,3,1,4.384,,0,14,14,14,1,stimuli_car/Slide52.jpg,3,,,,,,,,,,,,,,,,,,,,,,,,,,
,,,2025-08-11_11h42.11.709,CFMT_CCMT_Face_recognition,03.02.2023,Win32,60.97560976,5ef07f0ba383185b3570273e,6899c7d7c4c961a016830ad3,6899c8bcaa3d34798c7a769e,,,,,,,,,,,,,,,,,,,,,,,,,,,,,,,,,,,,,,,,,,,,,,,,,,,,,,,,,,,,,,,,,,,,,,,,,,,,,,,,,,,,,,,,,,,,,,,,1306.1002,1306.6001,,,,,,,,,,,,,,,,,,,,,,,,,,,,,,,,,,,,,,,,,,,,,,,,,,,,,,,1303.0841,1306.1002,3,0,2.9903,,0,15,15,15,1,stimuli_car/Slide53.jpg,2,,,,,,,,,,,,,,,,,,,,,,,,,,
,,,2025-08-11_11h42.11.709,CFMT_CCMT_Face_recognition,03.02.2023,Win32,60.97560976,5ef07f0ba383185b3570273e,6899c7d7c4c961a016830ad3,6899c8bcaa3d34798c7a769e,,,,,,,,,,,,,,,,,,,,,,,,,,,,,,,,,,,,,,,,,,,,,,,,,,,,,,,,,,,,,,,,,,,,,,,,,,,,,,,,,,,,,,,,,,,,,,,,1318.5336,1319.0339,,,,,,,,,,,,,,,,,,,,,,,,,,,,,,,,,,,,,,,,,,,,,,,,,,,,,,,1306.6004,1318.5335,2,0,11.9114,,0,16,16,16,1,stimuli_car/Slide54.jpg,1,,,,,,,,,,,,,,,,,,,,,,,,,,
,,,2025-08-11_11h42.11.709,CFMT_CCMT_Face_recognition,03.02.2023,Win32,60.97560976,5ef07f0ba383185b3570273e,6899c7d7c4c961a016830ad3,6899c8bcaa3d34798c7a769e,,,,,,,,,,,,,,,,,,,,,,,,,,,,,,,,,,,,,,,,,,,,,,,,,,,,,,,,,,,,,,,,,,,,,,,,,,,,,,,,,,,,,,,,,,,,,,,,1324.5667,1325.0669,,,,,,,,,,,,,,,,,,,,,,,,,,,,,,,,,,,,,,,,,,,,,,,,,,,,,,,1319.0344,1324.5667,1,1,5.5064,,0,17,17,17,1,stimuli_car/Slide55.jpg,1,,,,,,,,,,,,,,,,,,,,,,,,,,
,,,2025-08-11_11h42.11.709,CFMT_CCMT_Face_recognition,03.02.2023,Win32,60.97560976,5ef07f0ba383185b3570273e,6899c7d7c4c961a016830ad3,6899c8bcaa3d34798c7a769e,,,,,,,,,,,,,,,,,,,,,,,,,,,,,,,,,,,,,,,,,,,,,,,,,,,,,,,,,,,,,,,,,,,,,,,,,,,,,,,,,,,,,,,,,,,,,,,,1333.9168,1334.4172,,,,,,,,,,,,,,,,,,,,,,,,,,,,,,,,,,,,,,,,,,,,,,,,,,,,,,,1325.0673,1333.9167,2,1,8.8276,,0,18,18,18,1,stimuli_car/Slide56.jpg,2,,,,,,,,,,,,,,,,,,,,,,,,,,
,,,2025-08-11_11h42.11.709,CFMT_CCMT_Face_recognition,03.02.2023,Win32,60.97560976,5ef07f0ba383185b3570273e,6899c7d7c4c961a016830ad3,6899c8bcaa3d34798c7a769e,,,,,,,,,,,,,,,,,,,,,,,,,,,,,,,,,,,,,,,,,,,,,,,,,,,,,,,,,,,,,,,,,,,,,,,,,,,,,,,,,,,,,,,,,,,,,,,,1342.4003,1342.9003,,,,,,,,,,,,,,,,,,,,,,,,,,,,,,,,,,,,,,,,,,,,,,,,,,,,,,,1334.4176,1342.4003,3,0,7.9635,,0,19,19,19,1,stimuli_car/Slide57.jpg,1,,,,,,,,,,,,,,,,,,,,,,,,,,
,,,2025-08-11_11h42.11.709,CFMT_CCMT_Face_recognition,03.02.2023,Win32,60.97560976,5ef07f0ba383185b3570273e,6899c7d7c4c961a016830ad3,6899c8bcaa3d34798c7a769e,,,,,,,,,,,,,,,,,,,,,,,,,,,,,,,,,,,,,,,,,,,,,,,,,,,,,,,,,,,,,,,,,,,,,,,,,,,,,,,,,,,,,,,,,,,,,,,,1351.4335,1351.9343,,,,,,,,,,,,,,,,,,,,,,,,,,,,,,,,,,,,,,,,,,,,,,,,,,,,,,,1342.9007,1351.4334,1,1,8.5079,,0,20,20,20,1,stimuli_car/Slide58.jpg,1,,,,,,,,,,,,,,,,,,,,,,,,,,
,,,2025-08-11_11h42.11.709,CFMT_CCMT_Face_recognition,03.02.2023,Win32,60.97560976,5ef07f0ba383185b3570273e,6899c7d7c4c961a016830ad3,6899c8bcaa3d34798c7a769e,,,,,,,,,,,,,,,,,,,,,,,,,,,,,,,,,,,,,,,,,,,,,,,,,,,,,,,,,,,,,,,,,,,,,,,,,,,,,,,,,,,,,,,,,,,,,,,,1357.2341,1357.7337,,,,,,,,,,,,,,,,,,,,,,,,,,,,,,,,,,,,,,,,,,,,,,,,,,,,,,,1351.9349,1357.234,1,1,5.2741,,0,21,21,21,1,stimuli_car/Slide59.jpg,1,,,,,,,,,,,,,,,,,,,,,,,,,,
,,,2025-08-11_11h42.11.709,CFMT_CCMT_Face_recognition,03.02.2023,Win32,60.97560976,5ef07f0ba383185b3570273e,6899c7d7c4c961a016830ad3,6899c8bcaa3d34798c7a769e,,,,,,,,,,,,,,,,,,,,,,,,,,,,,,,,,,,,,,,,,,,,,,,,,,,,,,,,,,,,,,,,,,,,,,,,,,,,,,,,,,,,,,,,,,,,,,,,1368.4334,1368.9339,,,,,,,,,,,,,,,,,,,,,,,,,,,,,,,,,,,,,,,,,,,,,,,,,,,,,,,1357.7341,1368.4334,2,0,10.6747,,0,22,22,22,1,stimuli_car/Slide60.jpg,3,,,,,,,,,,,,,,,,,,,,,,,,,,
,,,2025-08-11_11h42.11.709,CFMT_CCMT_Face_recognition,03.02.2023,Win32,60.97560976,5ef07f0ba383185b3570273e,6899c7d7c4c961a016830ad3,6899c8bcaa3d34798c7a769e,,,,,,,,,,,,,,,,,,,,,,,,,,,,,,,,,,,,,,,,,,,,,,,,,,,,,,,,,,,,,,,,,,,,,,,,,,,,,,,,,,,,,,,,,,,,,,,,1378.6001,1379.1001,,,,,,,,,,,,,,,,,,,,,,,,,,,,,,,,,,,,,,,,,,,,,,,,,,,,,,,1368.9344,1378.6,1,0,9.6489,,0,23,23,23,1,stimuli_car/Slide61.jpg,2,,,,,,,,,,,,,,,,,,,,,,,,,,
,,,2025-08-11_11h42.11.709,CFMT_CCMT_Face_recognition,03.02.2023,Win32,60.97560976,5ef07f0ba383185b3570273e,6899c7d7c4c961a016830ad3,6899c8bcaa3d34798c7a769e,,,,,,,,,,,,,,,,,,,,,,,,,,,,,,,,,,,,,,,,,,,,,,,,,,,,,,,,,,,,,,,,,,,,,,,,,,,,,,,,,,,,,,,,,,,,,,,,1384.9667,1385.4671,,,,,,,,,,,,,,,,,,,,,,,,,,,,,,,,,,,,,,,,,,,,,,,,,,,,,,,1379.1005,1384.9666,2,1,5.8422,,0,24,24,24,1,stimuli_car/Slide62.jpg,2,,,,,,,,,,,,,,,,,,,,,,,,,,
,,,2025-08-11_11h42.11.709,CFMT_CCMT_Face_recognition,03.02.2023,Win32,60.97560976,5ef07f0ba383185b3570273e,6899c7d7c4c961a016830ad3,6899c8bcaa3d34798c7a769e,,,,,,,,,,,,,,,,,,,,,,,,,,,,,,,,,,,,,,,,,,,,,,,,,,,,,,,,,,,,,,,,,,,,,,,,,,,,,,,,,,,,,,,,,,,,,,,,1390.3506,1390.8503,,,,,,,,,,,,,,,,,,,,,,,,,,,,,,,,,,,,,,,,,,,,,,,,,,,,,,,1385.4675,1390.3506,2,0,4.8593,,0,25,25,25,1,stimuli_car/Slide63.jpg,3,,,,,,,,,,,,,,,,,,,,,,,,,,
,,,2025-08-11_11h42.11.709,CFMT_CCMT_Face_recognition,03.02.2023,Win32,60.97560976,5ef07f0ba383185b3570273e,6899c7d7c4c961a016830ad3,6899c8bcaa3d34798c7a769e,,,,,,,,,,,,,,,,,,,,,,,,,,,,,,,,,,,,,,,,,,,,,,,,,,,,,,,,,,,,,,,,,,,,,,,,,,,,,,,,,,,,,,,,,,,,,,,,1401.5344,1402.0337,,,,,,,,,,,,,,,,,,,,,,,,,,,,,,,,,,,,,,,,,,,,,,,,,,,,,,,1390.8509,1401.5343,3,0,10.6594,,0,26,26,26,1,stimuli_car/Slide64.jpg,2,,,,,,,,,,,,,,,,,,,,,,,,,,
,,,2025-08-11_11h42.11.709,CFMT_CCMT_Face_recognition,03.02.2023,Win32,60.97560976,5ef07f0ba383185b3570273e,6899c7d7c4c961a016830ad3,6899c8bcaa3d34798c7a769e,,,,,,,,,,,,,,,,,,,,,,,,,,,,,,,,,,,,,,,,,,,,,,,,,,,,,,,,,,,,,,,,,,,,,,,,,,,,,,,,,,,,,,,,,,,,,,,,1409.8331,1410.3339,,,,,,,,,,,,,,,,,,,,,,,,,,,,,,,,,,,,,,,,,,,,,,,,,,,,,,,1402.0344,1409.8331,2,1,7.7792,,0,27,27,27,1,stimuli_car/Slide65.jpg,2,,,,,,,,,,,,,,,,,,,,,,,,,,
,,,2025-08-11_11h42.11.709,CFMT_CCMT_Face_recognition,03.02.2023,Win32,60.97560976,5ef07f0ba383185b3570273e,6899c7d7c4c961a016830ad3,6899c8bcaa3d34798c7a769e,,,,,,,,,,,,,,,,,,,,,,,,,,,,,,,,,,,,,,,,,,,,,,,,,,,,,,,,,,,,,,,,,,,,,,,,,,,,,,,,,,,,,,,,,,,,,,,,1415.9672,1416.4666,,,,,,,,,,,,,,,,,,,,,,,,,,,,,,,,,,,,,,,,,,,,,,,,,,,,,,,1410.3343,1415.9671,3,0,5.6078,,0,28,28,28,1,stimuli_car/Slide66.jpg,1,,,,,,,,,,,,,,,,,,,,,,,,,,
,,,2025-08-11_11h42.11.709,CFMT_CCMT_Face_recognition,03.02.2023,Win32,60.97560976,5ef07f0ba383185b3570273e,6899c7d7c4c961a016830ad3,6899c8bcaa3d34798c7a769e,,,,,,,,,,,,,,,,,,,,,,,,,,,,,,,,,,,,,,,,,,,,,,,,,,,,,,,,,,,,,,,,,,,,,,,,,,,,,,,,,,,,,,,,,,,,,,,,1422.0503,1422.5506,,,,,,,,,,,,,,,,,,,,,,,,,,,,,,,,,,,,,,,,,,,,,,,,,,,,,,,1416.4669,1422.0503,2,0,5.5648,,0,29,29,29,1,stimuli_car/Slide67.jpg,1,,,,,,,,,,,,,,,,,,,,,,,,,,
,,,2025-08-11_11h42.11.709,CFMT_CCMT_Face_recognition,03.02.2023,Win32,60.97560976,5ef07f0ba383185b3570273e,6899c7d7c4c961a016830ad3,6899c8bcaa3d34798c7a769e,,,,,,,,,,,,,,,,,,,,,,,,,,,,,,,,,,,,,,,,,,,,,,,,,,,,,,,,,,,,,,,,,,,,,,,,,,,,,,,,,,,,,,,,,,,,,,,,1449.4507,1449.9496,,,,,,,,,,,,,,,,,,,,,,,,,,,,,,,,,,,,,,,,,,,,,,,,,,,1422.5513,1442.5503,1442.5503,1443.0506,1443.0574,1449.4504,2,1,6.3729,,0,0,0,0,1,stimuli_car/Slide69.jpg,2,,,,,,,,,,,,,,,,,,,,,,,,,,
,,,2025-08-11_11h42.11.709,CFMT_CCMT_Face_recognition,03.02.2023,Win32,60.97560976,5ef07f0ba383185b3570273e,6899c7d7c4c961a016830ad3,6899c8bcaa3d34798c7a769e,,,,,,,,,,,,,,,,,,,,,,,,,,,,,,,,,,,,,,,,,,,,,,,,,,,,,,,,,,,,,,,,,,,,,,,,,,,,,,,,,,,,,,,,,,,,,,,,1453.2,1453.7007,,,,,,,,,,,,,,,,,,,,,,,,,,,,,,,,,,,,,,,,,,,,,,,,,,,,,,,1449.9499,1453.2,1,0,3.2336,,0,1,1,1,1,stimuli_car/Slide70.jpg,3,,,,,,,,,,,,,,,,,,,,,,,,,,
,,,2025-08-11_11h42.11.709,CFMT_CCMT_Face_recognition,03.02.2023,Win32,60.97560976,5ef07f0ba383185b3570273e,6899c7d7c4c961a016830ad3,6899c8bcaa3d34798c7a769e,,,,,,,,,,,,,,,,,,,,,,,,,,,,,,,,,,,,,,,,,,,,,,,,,,,,,,,,,,,,,,,,,,,,,,,,,,,,,,,,,,,,,,,,,,,,,,,,1458.4669,1458.9673,,,,,,,,,,,,,,,,,,,,,,,,,,,,,,,,,,,,,,,,,,,,,,,,,,,,,,,1453.7012,1458.4669,2,0,4.738,,0,2,2,2,1,stimuli_car/Slide71.jpg,3,,,,,,,,,,,,,,,,,,,,,,,,,,
,,,2025-08-11_11h42.11.709,CFMT_CCMT_Face_recognition,03.02.2023,Win32,60.97560976,5ef07f0ba383185b3570273e,6899c7d7c4c961a016830ad3,6899c8bcaa3d34798c7a769e,,,,,,,,,,,,,,,,,,,,,,,,,,,,,,,,,,,,,,,,,,,,,,,,,,,,,,,,,,,,,,,,,,,,,,,,,,,,,,,,,,,,,,,,,,,,,,,,1464.3338,1464.8335,,,,,,,,,,,,,,,,,,,,,,,,,,,,,,,,,,,,,,,,,,,,,,,,,,,,,,,1458.9679,1464.3337,2,0,5.3408,,0,3,3,3,1,stimuli_car/Slide72.jpg,1,,,,,,,,,,,,,,,,,,,,,,,,,,
,,,2025-08-11_11h42.11.709,CFMT_CCMT_Face_recognition,03.02.2023,Win32,60.97560976,5ef07f0ba383185b3570273e,6899c7d7c4c961a016830ad3,6899c8bcaa3d34798c7a769e,,,,,,,,,,,,,,,,,,,,,,,,,,,,,,,,,,,,,,,,,,,,,,,,,,,,,,,,,,,,,,,,,,,,,,,,,,,,,,,,,,,,,,,,,,,,,,,,1469.1503,1469.6502,,,,,,,,,,,,,,,,,,,,,,,,,,,,,,,,,,,,,,,,,,,,,,,,,,,,,,,1464.834,1469.1502,3,0,4.2876,,0,4,4,4,1,stimuli_car/Slide73.jpg,2,,,,,,,,,,,,,,,,,,,,,,,,,,
,,,2025-08-11_11h42.11.709,CFMT_CCMT_Face_recognition,03.02.2023,Win32,60.97560976,5ef07f0ba383185b3570273e,6899c7d7c4c961a016830ad3,6899c8bcaa3d34798c7a769e,,,,,,,,,,,,,,,,,,,,,,,,,,,,,,,,,,,,,,,,,,,,,,,,,,,,,,,,,,,,,,,,,,,,,,,,,,,,,,,,,,,,,,,,,,,,,,,,1473.2335,1473.7337,,,,,,,,,,,,,,,,,,,,,,,,,,,,,,,,,,,,,,,,,,,,,,,,,,,,,,,1469.6506,1473.2334,2,1,3.5549,,0,5,5,5,1,stimuli_car/Slide74.jpg,2,,,,,,,,,,,,,,,,,,,,,,,,,,
,,,2025-08-11_11h42.11.709,CFMT_CCMT_Face_recognition,03.02.2023,Win32,60.97560976,5ef07f0ba383185b3570273e,6899c7d7c4c961a016830ad3,6899c8bcaa3d34798c7a769e,,,,,,,,,,,,,,,,,,,,,,,,,,,,,,,,,,,,,,,,,,,,,,,,,,,,,,,,,,,,,,,,,,,,,,,,,,,,,,,,,,,,,,,,,,,,,,,,1478.3503,1478.8505,,,,,,,,,,,,,,,,,,,,,,,,,,,,,,,,,,,,,,,,,,,,,,,,,,,,,,,1473.7338,1478.3502,1,1,4.5993,,0,6,6,6,1,stimuli_car/Slide75.jpg,1,,,,,,,,,,,,,,,,,,,,,,,,,,
,,,2025-08-11_11h42.11.709,CFMT_CCMT_Face_recognition,03.02.2023,Win32,60.97560976,5ef07f0ba383185b3570273e,6899c7d7c4c961a016830ad3,6899c8bcaa3d34798c7a769e,,,,,,,,,,,,,,,,,,,,,,,,,,,,,,,,,,,,,,,,,,,,,,,,,,,,,,,,,,,,,,,,,,,,,,,,,,,,,,,,,,,,,,,,,,,,,,,,1482.1174,1482.617,,,,,,,,,,,,,,,,,,,,,,,,,,,,,,,,,,,,,,,,,,,,,,,,,,,,,,,1478.8509,1482.1173,1,1,3.2375,,0,7,7,7,1,stimuli_car/Slide76.jpg,1,,,,,,,,,,,,,,,,,,,,,,,,,,
,,,2025-08-11_11h42.11.709,CFMT_CCMT_Face_recognition,03.02.2023,Win32,60.97560976,5ef07f0ba383185b3570273e,6899c7d7c4c961a016830ad3,6899c8bcaa3d34798c7a769e,,,,,,,,,,,,,,,,,,,,,,,,,,,,,,,,,,,,,,,,,,,,,,,,,,,,,,,,,,,,,,,,,,,,,,,,,,,,,,,,,,,,,,,,,,,,,,,,1487.9336,1488.4342,,,,,,,,,,,,,,,,,,,,,,,,,,,,,,,,,,,,,,,,,,,,,,,,,,,,,,,1482.6174,1487.9336,1,0,5.2901,,0,8,8,8,1,stimuli_car/Slide77.jpg,2,,,,,,,,,,,,,,,,,,,,,,,,,,
,,,2025-08-11_11h42.11.709,CFMT_CCMT_Face_recognition,03.02.2023,Win32,60.97560976,5ef07f0ba383185b3570273e,6899c7d7c4c961a016830ad3,6899c8bcaa3d34798c7a769e,,,,,,,,,,,,,,,,,,,,,,,,,,,,,,,,,,,,,,,,,,,,,,,,,,,,,,,,,,,,,,,,,,,,,,,,,,,,,,,,,,,,,,,,,,,,,,,,1492.3169,1492.8167,,,,,,,,,,,,,,,,,,,,,,,,,,,,,,,,,,,,,,,,,,,,,,,,,,,,,,,1488.4347,1492.3168,1,1,3.8568,,0,9,9,9,1,stimuli_car/Slide78.jpg,1,,,,,,,,,,,,,,,,,,,,,,,,,,
,,,2025-08-11_11h42.11.709,CFMT_CCMT_Face_recognition,03.02.2023,Win32,60.97560976,5ef07f0ba383185b3570273e,6899c7d7c4c961a016830ad3,6899c8bcaa3d34798c7a769e,,,,,,,,,,,,,,,,,,,,,,,,,,,,,,,,,,,,,,,,,,,,,,,,,,,,,,,,,,,,,,,,,,,,,,,,,,,,,,,,,,,,,,,,,,,,,,,,1496.9003,1497.4001,,,,,,,,,,,,,,,,,,,,,,,,,,,,,,,,,,,,,,,,,,,,,,,,,,,,,,,1492.8172,1496.9002,2,0,4.0559,,0,10,10,10,1,stimuli_car/Slide79.jpg,1,,,,,,,,,,,,,,,,,,,,,,,,,,
,,,2025-08-11_11h42.11.709,CFMT_CCMT_Face_recognition,03.02.2023,Win32,60.97560976,5ef07f0ba383185b3570273e,6899c7d7c4c961a016830ad3,6899c8bcaa3d34798c7a769e,,,,,,,,,,,,,,,,,,,,,,,,,,,,,,,,,,,,,,,,,,,,,,,,,,,,,,,,,,,,,,,,,,,,,,,,,,,,,,,,,,,,,,,,,,,,,,,,1501.5168,1502.0171,,,,,,,,,,,,,,,,,,,,,,,,,,,,,,,,,,,,,,,,,,,,,,,,,,,,,,,1497.4004,1501.5168,3,1,4.0919,,0,11,11,11,1,stimuli_car/Slide80.jpg,3,,,,,,,,,,,,,,,,,,,,,,,,,,
,,,2025-08-11_11h42.11.709,CFMT_CCMT_Face_recognition,03.02.2023,Win32,60.97560976,5ef07f0ba383185b3570273e,6899c7d7c4c961a016830ad3,6899c8bcaa3d34798c7a769e,,,,,,,,,,,,,,,,,,,,,,,,,,,,,,,,,,,,,,,,,,,,,,,,,,,,,,,,,,,,,,,,,,,,,,,,,,,,,,,,,,,,,,,,,,,,,,,,1507.3505,1507.85,,,,,,,,,,,,,,,,,,,,,,,,,,,,,,,,,,,,,,,,,,,,,,,,,,,,,,,1502.0175,1507.3504,2,1,5.3072,,0,12,12,12,1,stimuli_car/Slide81.jpg,2,,,,,,,,,,,,,,,,,,,,,,,,,,
,,,2025-08-11_11h42.11.709,CFMT_CCMT_Face_recognition,03.02.2023,Win32,60.97560976,5ef07f0ba383185b3570273e,6899c7d7c4c961a016830ad3,6899c8bcaa3d34798c7a769e,,,,,,,,,,,,,,,,,,,,,,,,,,,,,,,,,,,,,,,,,,,,,,,,,,,,,,,,,,,,,,,,,,,,,,,,,,,,,,,,,,,,,,,,,,,,,,,,1511.3504,1511.8508,,,,,,,,,,,,,,,,,,,,,,,,,,,,,,,,,,,,,,,,,,,,,,,,,,,,,,,1507.8503,1511.3503,2,0,3.4826,,0,13,13,13,1,stimuli_car/Slide82.jpg,3,,,,,,,,,,,,,,,,,,,,,,,,,,
,,,2025-08-11_11h42.11.709,CFMT_CCMT_Face_recognition,03.02.2023,Win32,60.97560976,5ef07f0ba383185b3570273e,6899c7d7c4c961a016830ad3,6899c8bcaa3d34798c7a769e,,,,,,,,,,,,,,,,,,,,,,,,,,,,,,,,,,,,,,,,,,,,,,,,,,,,,,,,,,,,,,,,,,,,,,,,,,,,,,,,,,,,,,,,,,,,,,,,1517.8334,1518.3332,,,,,,,,,,,,,,,,,,,,,,,,,,,,,,,,,,,,,,,,,,,,,,,,,,,,,,,1511.8512,1517.8333,3,1,5.9523,,0,14,14,14,1,stimuli_car/Slide83.jpg,3,,,,,,,,,,,,,,,,,,,,,,,,,,
,,,2025-08-11_11h42.11.709,CFMT_CCMT_Face_recognition,03.02.2023,Win32,60.97560976,5ef07f0ba383185b3570273e,6899c7d7c4c961a016830ad3,6899c8bcaa3d34798c7a769e,,,,,,,,,,,,,,,,,,,,,,,,,,,,,,,,,,,,,,,,,,,,,,,,,,,,,,,,,,,,,,,,,,,,,,,,,,,,,,,,,,,,,,,,,,,,,,,,1524.1,1524.5999,,,,,,,,,,,,,,,,,,,,,,,,,,,,,,,,,,,,,,,,,,,,,,,,,,,,,,,1518.3334,1524.1,1,0,5.7421,,0,15,15,15,1,stimuli_car/Slide84.jpg,2,,,,,,,,,,,,,,,,,,,,,,,,,,
,,,2025-08-11_11h42.11.709,CFMT_CCMT_Face_recognition,03.02.2023,Win32,60.97560976,5ef07f0ba383185b3570273e,6899c7d7c4c961a016830ad3,6899c8bcaa3d34798c7a769e,,,,,,,,,,,,,,,,,,,,,,,,,,,,,,,,,,,,,,,,,,,,,,,,,,,,,,,,,,,,,,,,,,,,,,,,,,,,,,,,,,,,,,,,,,,,,,,,1532.6663,1533.1663,,,,,,,,,,,,,,,,,,,,,,,,,,,,,,,,,,,,,,,,,,,,,,,,,,,,,,,1524.6001,1532.6663,3,0,8.0459,,0,16,16,16,1,stimuli_car/Slide85.jpg,2,,,,,,,,,,,,,,,,,,,,,,,,,,
,,,2025-08-11_11h42.11.709,CFMT_CCMT_Face_recognition,03.02.2023,Win32,60.97560976,5ef07f0ba383185b3570273e,6899c7d7c4c961a016830ad3,6899c8bcaa3d34798c7a769e,,,,,,,,,,,,,,,,,,,,,,,,,,,,,,,,,,,,,,,,,,,,,,,,,,,,,,,,,,,,,,,,,,,,,,,,,,,,,,,,,,,,,,,,,,,,,,,,1538.0333,1538.5332,,,,,,,,,,,,,,,,,,,,,,,,,,,,,,,,,,,,,,,,,,,,,,,,,,,,,,,1533.1665,1538.0331,2,1,4.8485,,0,17,17,17,1,stimuli_car/Slide86.jpg,2,,,,,,,,,,,,,,,,,,,,,,,,,,
,,,2025-08-11_11h42.11.709,CFMT_CCMT_Face_recognition,03.02.2023,Win32,60.97560976,5ef07f0ba383185b3570273e,6899c7d7c4c961a016830ad3,6899c8bcaa3d34798c7a769e,,,,,,,,,,,,,,,,,,,,,,,,,,,,,,,,,,,,,,,,,,,,,,,,,,,,,,,,,,,,,,,,,,,,,,,,,,,,,,,,,,,,,,,,,,,,,,,,1545.8999,1546.3999,,,,,,,,,,,,,,,,,,,,,,,,,,,,,,,,,,,,,,,,,,,,,,,,,,,,,,,1538.5335,1545.8998,1,0,7.341,,0,18,18,18,1,stimuli_car/Slide87.jpg,2,,,,,,,,,,,,,,,,,,,,,,,,,,
,,,2025-08-11_11h42.11.709,CFMT_CCMT_Face_recognition,03.02.2023,Win32,60.97560976,5ef07f0ba383185b3570273e,6899c7d7c4c961a016830ad3,6899c8bcaa3d34798c7a769e,,,,,,,,,,,,,,,,,,,,,,,,,,,,,,,,,,,,,,,,,,,,,,,,,,,,,,,,,,,,,,,,,,,,,,,,,,,,,,,,,,,,,,,,,,,,,,,,1552.3332,1552.8334,,,,,,,,,,,,,,,,,,,,,,,,,,,,,,,,,,,,,,,,,,,,,,,,,,,,,,,1546.4001,1552.3332,3,0,5.9107,,0,19,19,19,1,stimuli_car/Slide88.jpg,2,,,,,,,,,,,,,,,,,,,,,,,,,,
,,,2025-08-11_11h42.11.709,CFMT_CCMT_Face_recognition,03.02.2023,Win32,60.97560976,5ef07f0ba383185b3570273e,6899c7d7c4c961a016830ad3,6899c8bcaa3d34798c7a769e,,,,,,,,,,,,,,,,,,,,,,,,,,,,,,,,,,,,,,,,,,,,,,,,,,,,,,,,,,,,,,,,,,,,,,,,,,,,,,,,,,,,,,,,,,,,,,,,1557.65,1558.1499,,,,,,,,,,,,,,,,,,,,,,,,,,,,,,,,,,,,,,,,,,,,,,,,,,,,,,,1552.8335,1557.6499,3,1,4.7929,,0,20,20,20,1,stimuli_car/Slide89.jpg,3,,,,,,,,,,,,,,,,,,,,,,,,,,
,,,2025-08-11_11h42.11.709,CFMT_CCMT_Face_recognition,03.02.2023,Win32,60.97560976,5ef07f0ba383185b3570273e,6899c7d7c4c961a016830ad3,6899c8bcaa3d34798c7a769e,,,,,,,,,,,,,,,,,,,,,,,,,,,,,,,,,,,,,,,,,,,,,,,,,,,,,,,,,,,,,,,,,,,,,,,,,,,,,,,,,,,,,,,,,,,,,,,,1566.483,1566.9834,,,,,,,,,,,,,,,,,,,,,,,,,,,,,,,,,,,,,,,,,,,,,,,,,,,,,,,1558.1502,1566.483,2,0,8.3127,,0,21,21,21,1,stimuli_car/Slide90.jpg,3,,,,,,,,,,,,,,,,,,,,,,,,,,
,,,2025-08-11_11h42.11.709,CFMT_CCMT_Face_recognition,03.02.2023,Win32,60.97560976,5ef07f0ba383185b3570273e,6899c7d7c4c961a016830ad3,6899c8bcaa3d34798c7a769e,,,,,,,,,,,,,,,,,,,,,,,,,,,,,,,,,,,,,,,,,,,,,,,,,,,,,,,,,,,,,,,,,,,,,,,,,,,,,,,,,,,,,,,,,,,,,,,,1573.0499,1573.5498,,,,,,,,,,,,,,,,,,,,,,,,,,,,,,,,,,,,,,,,,,,,,,,,,,,,,,,1566.9835,1573.0498,2,0,6.0396,,0,22,22,22,1,stimuli_car/Slide91.jpg,1,,,,,,,,,,,,,,,,,,,,,,,,,,
,,,2025-08-11_11h42.11.709,CFMT_CCMT_Face_recognition,03.02.2023,Win32,60.97560976,5ef07f0ba383185b3570273e,6899c7d7c4c961a016830ad3,6899c8bcaa3d34798c7a769e,,,,,,,,,,,,,,,,,,,,,,,,,,,,,,,,,,,,,,,,,,,,,,,,,,,,,,,,,,,,,,,,,,,,,,,,,,,,,,,,,,,,,,,,,,,,,,,,1581.5332,1582.0333,,,,,,,,,,,,,,,,,,,,,,,,,,,,,,,,,,,,,,,,,,,,,,,,,,,,,,,1573.5502,1581.5332,3,1,7.9601,,0,23,23,23,1,stimuli_car/Slide92.jpg,3,,,,,,,,,,,,,,,,,,,,,,,,,,
,,,2025-08-11_11h42.11.709,CFMT_CCMT_Face_recognition,03.02.2023,Win32,60.97560976,5ef07f0ba383185b3570273e,6899c7d7c4c961a016830ad3,6899c8bcaa3d34798c7a769e,,,,,,,,,,,,,,,,,,,,,,,,,,,,,,,,,,,,,,,,,,,,,,,,,,,,,,,,,,,,,,,,,,,,,,,,,,,,,,,,,,,,,,,,,,,,,,,,,,,,,,,,,,,,,,,,,,,,,,,,,,,,,,,,,,,,,,,,,,,,,,,,,,,,,,,,,,,,,,,,,,,,,1582.0336,1582.0345,0,0,0,1,1,conditionsFile_cars/conditionFiles_car.xlsx,Cambridge Car Memory Test,Memorize the car in the next three images.,conditionsFile_cars/Prac_learn.xlsx,conditionsFile_cars/Prac_rec.xlsx,"Which car did you just view? There is only one correct answer. Press 1,2 or 3","In this test, you will learn to recognize six cars.",Memorize the following car.,Which car did you just view?,Next you will review the same 6 cars for 20 seconds.,Review the cars (20 seconds),stimuli_car/review.jpg,Now your memory of these cars will be tested.,"In the remaining trials, the correct answer can be any of the six cars.","The incorrect cars are sometimes very similar to the target cars, so be sure to look at each car prior answering.",conditionsFile_cars/conditionsfile_rec_car.xlsx,"To begin memorizing the first car, press the ""space bar"".",,
,,,2025-08-11_11h42.11.709,CFMT_CCMT_Face_recognition,03.02.2023,Win32,60.97560976,5ef07f0ba383185b3570273e,6899c7d7c4c961a016830ad3,6899c8bcaa3d34798c7a769e,,,,,,,,,,,,,,,,,,,,,,,,,,,,,,,,,,,,,,,,,,,,,,,,,,,,,,,,,,,,,,,,,,,,,,,,,,,,,,,,,,,,,,,,,,1582.0349,1594.2333,1594.2334,1598.3333,1598.3358,1601.3334,1601.3334,1601.8332,0,0,0,0,1,stimuli/bart_left.jpg,,,,,,,,,,,,,,,,,,,,,,,,,,,,,,,,,,,,,,,,,,,,,,,,,,,,,,,,,,,,,,,,,,,,,,,,,,,,,,,,,,,,,,,
,,,2025-08-11_11h42.11.709,CFMT_CCMT_Face_recognition,03.02.2023,Win32,60.97560976,5ef07f0ba383185b3570273e,6899c7d7c4c961a016830ad3,6899c8bcaa3d34798c7a769e,,,,,,,,,,,,,,,,,,,,,,,,,,,,,,,,,,,,,,,,,,,,,,,,,,,,,,,,,,,,,,,,,,,,,,,,,,,,,,,,,,,,,,,,,,,,,,1601.8335,1604.8332,1604.8332,1605.3332,0,1,1,1,1,stimuli/bart_straight.jpg,,,,,,,,,,,,,,,,,,,,,,,,,,,,,,,,,,,,,,,,,,,,,,,,,,,,,,,,,,,,,,,,,,,,,,,,,,,,,,,,,,,,,,,
,,,2025-08-11_11h42.11.709,CFMT_CCMT_Face_recognition,03.02.2023,Win32,60.97560976,5ef07f0ba383185b3570273e,6899c7d7c4c961a016830ad3,6899c8bcaa3d34798c7a769e,,,,,,,,,,,,,,,,,,,,,,,,,,,,,,,,,,,,,,,,,,,,,,,,,,,,,,,,,,,,,,,,,,,,,,,,,,,,,,,,,,,,,,,,,,,,,,1605.3333,1608.3331,1608.3331,1608.8332,0,2,2,2,1,stimuli/bart_right.jpg,,,,,,,,,,,,,,,,,,,,,,,,,,,,,,,,,,,,,,,,,,,,,,,,,,,,,,,,,,,,,,,,,,,,,,,,,,,,,,,,,,,,,,,
,,,2025-08-11_11h42.11.709,CFMT_CCMT_Face_recognition,03.02.2023,Win32,60.97560976,5ef07f0ba383185b3570273e,6899c7d7c4c961a016830ad3,6899c8bcaa3d34798c7a769e,,,,,,,,,,,,,,,,,,,,,,,,,,,,,,,,,,,,,,,,,,,,,,,,,,,,,,,,,,,,,,,,,,,,,,,,,,,,,,,,,,,,,,,,,,,,,,,,1612.6335,1613.1332,,,,,,,1608.8354,1612.6335,1,1,3.7847,,0,0,0,0,1,stimuli/pract_left.jpg,1,,,,,,,,,,,,,,,,,,,,,,,,,,,,,,,,,,,,,,,,,,,,,,,,,,,,,,,,,,,,,,,,,,,,,,,,,,
,,,2025-08-11_11h42.11.709,CFMT_CCMT_Face_recognition,03.02.2023,Win32,60.97560976,5ef07f0ba383185b3570273e,6899c7d7c4c961a016830ad3,6899c8bcaa3d34798c7a769e,,,,,,,,,,,,,,,,,,,,,,,,,,,,,,,,,,,,,,,,,,,,,,,,,,,,,,,,,,,,,,,,,,,,,,,,,,,,,,,,,,,,,,,,,,,,,,,,1616.0837,1616.5831,,,,,,,1613.1336,1616.0836,2,1,2.9377,,0,1,1,1,1,stimuli/pract_right.jpg,2,,,,,,,,,,,,,,,,,,,,,,,,,,,,,,,,,,,,,,,,,,,,,,,,,,,,,,,,,,,,,,,,,,,,,,,,,,
,,,2025-08-11_11h42.11.709,CFMT_CCMT_Face_recognition,03.02.2023,Win32,60.97560976,5ef07f0ba383185b3570273e,6899c7d7c4c961a016830ad3,6899c8bcaa3d34798c7a769e,,,,,,,,,,,,,,,,,,,,,,,,,,,,,,,,,,,,,,,,,,,,,,,,,,,,,,,,,,,,,,,,,,,,,,,,,,,,,,,,,,,,,,,,,,,,,,,,1618.8166,1619.3166,,,,,,,1616.5834,1618.8165,2,1,2.228,,0,2,2,2,1,stimuli/pract_straight.jpg,2,,,,,,,,,,,,,,,,,,,,,,,,,,,,,,,,,,,,,,,,,,,,,,,,,,,,,,,,,,,,,,,,,,,,,,,,,,
,,,2025-08-11_11h42.11.709,CFMT_CCMT_Face_recognition,03.02.2023,Win32,60.97560976,5ef07f0ba383185b3570273e,6899c7d7c4c961a016830ad3,6899c8bcaa3d34798c7a769e,,,,,,,,,,,,,,,,,,,,,,,,,,,,,,,,,,,,,,,,,,,,,,,,,,,,,,,,,,,,,,,,,,,,,,,,,,,,,,,,,,,,,,,,,,,,,,,,1629.1831,1629.6833,,,,,,,,,,,,,,,,,,,,1619.3166,1624.3001,1624.3019,1625.6834,1626.1833,1629.1831,0,0,0,0,1,stimuli/Bob_left_study.jpg,stimuli/B1_Identical_Left.jpg,2,,,,,,,,,,,,,,,,,,,,,,,,,,,,,,,,,,,,,,,,,,,,,,,,,,,,,,,,,,,,
,,,2025-08-11_11h42.11.709,CFMT_CCMT_Face_recognition,03.02.2023,Win32,60.97560976,5ef07f0ba383185b3570273e,6899c7d7c4c961a016830ad3,6899c8bcaa3d34798c7a769e,,,,,,,,,,,,,,,,,,,,,,,,,,,,,,,,,,,,,,,,,,,,,,,,,,,,,,,,,,,,,,,,,,,,,,,,,,,,,,,,,,,,,,,,,,,,,,,,1633.1833,1633.6833,,,,,,,,,,,,,,,,,,,,,,,,1630.1833,1633.1833,0,1,1,1,1,stimuli/Bob_frontal_study.jpg,stimuli/B2_Identical_Frontal.jpg,2,,,,,,,,,,,,,,,,,,,,,,,,,,,,,,,,,,,,,,,,,,,,,,,,,,,,,,,,,,,,
,,,2025-08-11_11h42.11.709,CFMT_CCMT_Face_recognition,03.02.2023,Win32,60.97560976,5ef07f0ba383185b3570273e,6899c7d7c4c961a016830ad3,6899c8bcaa3d34798c7a769e,,,,,,,,,,,,,,,,,,,,,,,,,,,,,,,,,,,,,,,,,,,,,,,,,,,,,,,,,,,,,,,,,,,,,,,,,,,,,,,,,,,,,,,,,,,,,,,,1637.1835,1637.6833,,,,,,,,,,,,,,,,,,,,,,,,1634.1834,1637.1835,0,2,2,2,1,stimuli/Bob_right_study.jpg,stimuli/B3_Identical_Right.jpg,3,,,,,,,,,,,,,,,,,,,,,,,,,,,,,,,,,,,,,,,,,,,,,,,,,,,,,,,,,,,,
,,,2025-08-11_11h42.11.709,CFMT_CCMT_Face_recognition,03.02.2023,Win32,60.97560976,5ef07f0ba383185b3570273e,6899c7d7c4c961a016830ad3,6899c8bcaa3d34798c7a769e,,,,,,,,,,,,,,,,,,,,,,,,,,,,,,,,,,,,,,,,,,,,,,,,,,,,,,,,,,,,,,,,,,,,,,,,,,,,,,,,,,,,,,,,,,,,,,,,1642.7,1643.2002,,,,,,,,,,,,,,,,,,,,,,,,,,,,,,,stimuli/Bob_left_study.jpg,stimuli/B1_Identical_Left.jpg,2,1637.6852,1642.6999,1,0,4.994,,0,0,0,0,1,,,,,,,,,,,,,,,,,,,,,,,,,,,,,,,,,,,,,,,,,,,,,,,,,
,,,2025-08-11_11h42.11.709,CFMT_CCMT_Face_recognition,03.02.2023,Win32,60.97560976,5ef07f0ba383185b3570273e,6899c7d7c4c961a016830ad3,6899c8bcaa3d34798c7a769e,,,,,,,,,,,,,,,,,,,,,,,,,,,,,,,,,,,,,,,,,,,,,,,,,,,,,,,,,,,,,,,,,,,,,,,,,,,,,,,,,,,,,,,,,,,,,,,,1645.9832,1646.4833,,,,,,,,,,,,,,,,,,,,,,,,,,,,,,,stimuli/Bob_frontal_study.jpg,stimuli/B2_Identical_Frontal.jpg,2,1643.2005,1645.9831,3,0,2.7726,,0,1,1,1,1,,,,,,,,,,,,,,,,,,,,,,,,,,,,,,,,,,,,,,,,,,,,,,,,,
,,,2025-08-11_11h42.11.709,CFMT_CCMT_Face_recognition,03.02.2023,Win32,60.97560976,5ef07f0ba383185b3570273e,6899c7d7c4c961a016830ad3,6899c8bcaa3d34798c7a769e,,,,,,,,,,,,,,,,,,,,,,,,,,,,,,,,,,,,,,,,,,,,,,,,,,,,,,,,,,,,,,,,,,,,,,,,,,,,,,,,,,,,,,,,,,,,,,,,1650.7166,1651.2168,,,,,,,,,,,,,,,,,,,,,,,,,,,,,,,stimuli/Bob_right_study.jpg,stimuli/B3_Identical_Right.jpg,3,1646.4835,1650.7166,3,1,4.2256,,0,2,2,2,1,,,,,,,,,,,,,,,,,,,,,,,,,,,,,,,,,,,,,,,,,,,,,,,,,
,,,2025-08-11_11h42.11.709,CFMT_CCMT_Face_recognition,03.02.2023,Win32,60.97560976,5ef07f0ba383185b3570273e,6899c7d7c4c961a016830ad3,6899c8bcaa3d34798c7a769e,,,,,,,,,,,,,,,,,,,,,,,,,,,,,,,,,,,,,,,,,,,,,,,,,,,,,,,,,,,,,,,,,,,,,,,,,,,,,,,,,,,,,,,,,,,,,,,,1656.6832,1657.1834,,,,,,,,,,,,,,,,,,,,,,1651.2171,1653.1834,1653.6833,1656.6831,0,0,0,0,1,stimuli/Dan_Left_Study.jpg,stimuli/D1_Identical_Left.jpg,2,,,,,,,,,,,,,,,,,,,,,,,,,,,,,,,,,,,,,,,,,,,,,,,,,,,,,,,,,,,,
,,,2025-08-11_11h42.11.709,CFMT_CCMT_Face_recognition,03.02.2023,Win32,60.97560976,5ef07f0ba383185b3570273e,6899c7d7c4c961a016830ad3,6899c8bcaa3d34798c7a769e,,,,,,,,,,,,,,,,,,,,,,,,,,,,,,,,,,,,,,,,,,,,,,,,,,,,,,,,,,,,,,,,,,,,,,,,,,,,,,,,,,,,,,,,,,,,,,,,1660.6832,1661.1833,,,,,,,,,,,,,,,,,,,,,,,,1657.6835,1660.6831,0,1,1,1,1,stimuli/Dan_frontal_study.jpg,stimuli/D2_Identical_Frontal.jpg,3,,,,,,,,,,,,,,,,,,,,,,,,,,,,,,,,,,,,,,,,,,,,,,,,,,,,,,,,,,,,
,,,2025-08-11_11h42.11.709,CFMT_CCMT_Face_recognition,03.02.2023,Win32,60.97560976,5ef07f0ba383185b3570273e,6899c7d7c4c961a016830ad3,6899c8bcaa3d34798c7a769e,,,,,,,,,,,,,,,,,,,,,,,,,,,,,,,,,,,,,,,,,,,,,,,,,,,,,,,,,,,,,,,,,,,,,,,,,,,,,,,,,,,,,,,,,,,,,,,,1664.6835,1665.1834,,,,,,,,,,,,,,,,,,,,,,,,1661.6834,1664.6835,0,2,2,2,1,stimuli/Dan_Right_Frontal.jpg,stimuli/D3_Identical_Right.jpg,3,,,,,,,,,,,,,,,,,,,,,,,,,,,,,,,,,,,,,,,,,,,,,,,,,,,,,,,,,,,,
,,,2025-08-11_11h42.11.709,CFMT_CCMT_Face_recognition,03.02.2023,Win32,60.97560976,5ef07f0ba383185b3570273e,6899c7d7c4c961a016830ad3,6899c8bcaa3d34798c7a769e,,,,,,,,,,,,,,,,,,,,,,,,,,,,,,,,,,,,,,,,,,,,,,,,,,,,,,,,,,,,,,,,,,,,,,,,,,,,,,,,,,,,,,,,,,,,,,,,1670.2836,1670.7833,,,,,,,,,,,,,,,,,,,,,,,,,,,,,,,stimuli/Dan_Left_Study.jpg,stimuli/D1_Identical_Left.jpg,2,1665.1858,1670.2836,2,1,5.0834,,0,0,0,0,1,,,,,,,,,,,,,,,,,,,,,,,,,,,,,,,,,,,,,,,,,,,,,,,,,
,,,2025-08-11_11h42.11.709,CFMT_CCMT_Face_recognition,03.02.2023,Win32,60.97560976,5ef07f0ba383185b3570273e,6899c7d7c4c961a016830ad3,6899c8bcaa3d34798c7a769e,,,,,,,,,,,,,,,,,,,,,,,,,,,,,,,,,,,,,,,,,,,,,,,,,,,,,,,,,,,,,,,,,,,,,,,,,,,,,,,,,,,,,,,,,,,,,,,,1675.0501,1675.5502,,,,,,,,,,,,,,,,,,,,,,,,,,,,,,,stimuli/Dan_frontal_study.jpg,stimuli/D2_Identical_Frontal.jpg,3,1670.7836,1675.0501,3,1,4.2477,,0,1,1,1,1,,,,,,,,,,,,,,,,,,,,,,,,,,,,,,,,,,,,,,,,,,,,,,,,,
,,,2025-08-11_11h42.11.709,CFMT_CCMT_Face_recognition,03.02.2023,Win32,60.97560976,5ef07f0ba383185b3570273e,6899c7d7c4c961a016830ad3,6899c8bcaa3d34798c7a769e,,,,,,,,,,,,,,,,,,,,,,,,,,,,,,,,,,,,,,,,,,,,,,,,,,,,,,,,,,,,,,,,,,,,,,,,,,,,,,,,,,,,,,,,,,,,,,,,1678.4668,1678.9666,,,,,,,,,,,,,,,,,,,,,,,,,,,,,,,stimuli/Dan_Right_Frontal.jpg,stimuli/D3_Identical_Right.jpg,3,1675.5506,1678.4667,2,0,2.9021,,0,2,2,2,1,,,,,,,,,,,,,,,,,,,,,,,,,,,,,,,,,,,,,,,,,,,,,,,,,
,,,2025-08-11_11h42.11.709,CFMT_CCMT_Face_recognition,03.02.2023,Win32,60.97560976,5ef07f0ba383185b3570273e,6899c7d7c4c961a016830ad3,6899c8bcaa3d34798c7a769e,,,,,,,,,,,,,,,,,,,,,,,,,,,,,,,,,,,,,,,,,,,,,,,,,,,,,,,,,,,,,,,,,,,,,,,,,,,,,,,,,,,,,,,,,,,,,,,,1684.1003,1684.6003,,,,,,,,,,,,,,,,,,,,,,1678.9669,1680.6003,1681.1002,1684.1003,0,0,0,0,1,stimuli/Jim_left.jpg,stimuli/J_1_Iden_L.jpg,3,,,,,,,,,,,,,,,,,,,,,,,,,,,,,,,,,,,,,,,,,,,,,,,,,,,,,,,,,,,,
,,,2025-08-11_11h42.11.709,CFMT_CCMT_Face_recognition,03.02.2023,Win32,60.97560976,5ef07f0ba383185b3570273e,6899c7d7c4c961a016830ad3,6899c8bcaa3d34798c7a769e,,,,,,,,,,,,,,,,,,,,,,,,,,,,,,,,,,,,,,,,,,,,,,,,,,,,,,,,,,,,,,,,,,,,,,,,,,,,,,,,,,,,,,,,,,,,,,,,1688.1005,1688.6004,,,,,,,,,,,,,,,,,,,,,,,,1685.1002,1688.1004,0,1,1,1,1,stimuli/Jim_front.jpg,stimuli/J_2_Iden_Front.jpg,3,,,,,,,,,,,,,,,,,,,,,,,,,,,,,,,,,,,,,,,,,,,,,,,,,,,,,,,,,,,,
,,,2025-08-11_11h42.11.709,CFMT_CCMT_Face_recognition,03.02.2023,Win32,60.97560976,5ef07f0ba383185b3570273e,6899c7d7c4c961a016830ad3,6899c8bcaa3d34798c7a769e,,,,,,,,,,,,,,,,,,,,,,,,,,,,,,,,,,,,,,,,,,,,,,,,,,,,,,,,,,,,,,,,,,,,,,,,,,,,,,,,,,,,,,,,,,,,,,,,1692.1004,1692.6004,,,,,,,,,,,,,,,,,,,,,,,,1689.1003,1692.1004,0,2,2,2,1,stimuli/Jim_right.jpg,stimuli/J_3_Iden_R.jpg,1,,,,,,,,,,,,,,,,,,,,,,,,,,,,,,,,,,,,,,,,,,,,,,,,,,,,,,,,,,,,
,,,2025-08-11_11h42.11.709,CFMT_CCMT_Face_recognition,03.02.2023,Win32,60.97560976,5ef07f0ba383185b3570273e,6899c7d7c4c961a016830ad3,6899c8bcaa3d34798c7a769e,,,,,,,,,,,,,,,,,,,,,,,,,,,,,,,,,,,,,,,,,,,,,,,,,,,,,,,,,,,,,,,,,,,,,,,,,,,,,,,,,,,,,,,,,,,,,,,,1695.1004,1695.6002,,,,,,,,,,,,,,,,,,,,,,,,,,,,,,,stimuli/Jim_left.jpg,stimuli/J_1_Iden_L.jpg,3,1692.6021,1695.1004,3,1,2.4798,,0,0,0,0,1,,,,,,,,,,,,,,,,,,,,,,,,,,,,,,,,,,,,,,,,,,,,,,,,,
,,,2025-08-11_11h42.11.709,CFMT_CCMT_Face_recognition,03.02.2023,Win32,60.97560976,5ef07f0ba383185b3570273e,6899c7d7c4c961a016830ad3,6899c8bcaa3d34798c7a769e,,,,,,,,,,,,,,,,,,,,,,,,,,,,,,,,,,,,,,,,,,,,,,,,,,,,,,,,,,,,,,,,,,,,,,,,,,,,,,,,,,,,,,,,,,,,,,,,1697.9165,1698.4169,,,,,,,,,,,,,,,,,,,,,,,,,,,,,,,stimuli/Jim_front.jpg,stimuli/J_2_Iden_Front.jpg,3,1695.6005,1697.9164,3,1,2.3001,,0,1,1,1,1,,,,,,,,,,,,,,,,,,,,,,,,,,,,,,,,,,,,,,,,,,,,,,,,,
,,,2025-08-11_11h42.11.709,CFMT_CCMT_Face_recognition,03.02.2023,Win32,60.97560976,5ef07f0ba383185b3570273e,6899c7d7c4c961a016830ad3,6899c8bcaa3d34798c7a769e,,,,,,,,,,,,,,,,,,,,,,,,,,,,,,,,,,,,,,,,,,,,,,,,,,,,,,,,,,,,,,,,,,,,,,,,,,,,,,,,,,,,,,,,,,,,,,,,1702.3001,1702.8003,,,,,,,,,,,,,,,,,,,,,,,,,,,,,,,stimuli/Jim_right.jpg,stimuli/J_3_Iden_R.jpg,1,1698.4172,1702.3001,1,1,3.8636,,0,2,2,2,1,,,,,,,,,,,,,,,,,,,,,,,,,,,,,,,,,,,,,,,,,,,,,,,,,
,,,2025-08-11_11h42.11.709,CFMT_CCMT_Face_recognition,03.02.2023,Win32,60.97560976,5ef07f0ba383185b3570273e,6899c7d7c4c961a016830ad3,6899c8bcaa3d34798c7a769e,,,,,,,,,,,,,,,,,,,,,,,,,,,,,,,,,,,,,,,,,,,,,,,,,,,,,,,,,,,,,,,,,,,,,,,,,,,,,,,,,,,,,,,,,,,,,,,,1707.7335,1708.2334,,,,,,,,,,,,,,,,,,,,,,1702.8007,1704.2334,1704.7334,1707.7335,0,0,0,0,1,stimuli/Matt_left_cropped.jpg,stimuli/M_1_Iden_L.jpg,2,,,,,,,,,,,,,,,,,,,,,,,,,,,,,,,,,,,,,,,,,,,,,,,,,,,,,,,,,,,,
,,,2025-08-11_11h42.11.709,CFMT_CCMT_Face_recognition,03.02.2023,Win32,60.97560976,5ef07f0ba383185b3570273e,6899c7d7c4c961a016830ad3,6899c8bcaa3d34798c7a769e,,,,,,,,,,,,,,,,,,,,,,,,,,,,,,,,,,,,,,,,,,,,,,,,,,,,,,,,,,,,,,,,,,,,,,,,,,,,,,,,,,,,,,,,,,,,,,,,1711.7336,1712.2333,,,,,,,,,,,,,,,,,,,,,,,,1708.7332,1711.7334,0,1,1,1,1,stimuli/Matt_front.jpg,stimuli/M_2_Iden_Front.jpg,3,,,,,,,,,,,,,,,,,,,,,,,,,,,,,,,,,,,,,,,,,,,,,,,,,,,,,,,,,,,,
,,,2025-08-11_11h42.11.709,CFMT_CCMT_Face_recognition,03.02.2023,Win32,60.97560976,5ef07f0ba383185b3570273e,6899c7d7c4c961a016830ad3,6899c8bcaa3d34798c7a769e,,,,,,,,,,,,,,,,,,,,,,,,,,,,,,,,,,,,,,,,,,,,,,,,,,,,,,,,,,,,,,,,,,,,,,,,,,,,,,,,,,,,,,,,,,,,,,,,1715.7333,1716.2332,,,,,,,,,,,,,,,,,,,,,,,,1712.7334,1715.7333,0,2,2,2,1,stimuli/Matt_right_cropped.jpg,stimuli/M_3_Iden_R.jpg,1,,,,,,,,,,,,,,,,,,,,,,,,,,,,,,,,,,,,,,,,,,,,,,,,,,,,,,,,,,,,
,,,2025-08-11_11h42.11.709,CFMT_CCMT_Face_recognition,03.02.2023,Win32,60.97560976,5ef07f0ba383185b3570273e,6899c7d7c4c961a016830ad3,6899c8bcaa3d34798c7a769e,,,,,,,,,,,,,,,,,,,,,,,,,,,,,,,,,,,,,,,,,,,,,,,,,,,,,,,,,,,,,,,,,,,,,,,,,,,,,,,,,,,,,,,,,,,,,,,,1720.0503,1720.5502,,,,,,,,,,,,,,,,,,,,,,,,,,,,,,,stimuli/Matt_left_cropped.jpg,stimuli/M_1_Iden_L.jpg,2,1716.2355,1720.0503,2,1,3.8025,,0,0,0,0,1,,,,,,,,,,,,,,,,,,,,,,,,,,,,,,,,,,,,,,,,,,,,,,,,,
,,,2025-08-11_11h42.11.709,CFMT_CCMT_Face_recognition,03.02.2023,Win32,60.97560976,5ef07f0ba383185b3570273e,6899c7d7c4c961a016830ad3,6899c8bcaa3d34798c7a769e,,,,,,,,,,,,,,,,,,,,,,,,,,,,,,,,,,,,,,,,,,,,,,,,,,,,,,,,,,,,,,,,,,,,,,,,,,,,,,,,,,,,,,,,,,,,,,,,1725.2336,1725.7335,,,,,,,,,,,,,,,,,,,,,,,,,,,,,,,stimuli/Matt_front.jpg,stimuli/M_2_Iden_Front.jpg,3,1720.5503,1725.2336,3,1,4.6647,,0,1,1,1,1,,,,,,,,,,,,,,,,,,,,,,,,,,,,,,,,,,,,,,,,,,,,,,,,,
,,,2025-08-11_11h42.11.709,CFMT_CCMT_Face_recognition,03.02.2023,Win32,60.97560976,5ef07f0ba383185b3570273e,6899c7d7c4c961a016830ad3,6899c8bcaa3d34798c7a769e,,,,,,,,,,,,,,,,,,,,,,,,,,,,,,,,,,,,,,,,,,,,,,,,,,,,,,,,,,,,,,,,,,,,,,,,,,,,,,,,,,,,,,,,,,,,,,,,1730.5002,1731.0002,,,,,,,,,,,,,,,,,,,,,,,,,,,,,,,stimuli/Matt_right_cropped.jpg,stimuli/M_3_Iden_R.jpg,1,1725.7337,1730.5002,1,1,4.7511,,0,2,2,2,1,,,,,,,,,,,,,,,,,,,,,,,,,,,,,,,,,,,,,,,,,,,,,,,,,
,,,2025-08-11_11h42.11.709,CFMT_CCMT_Face_recognition,03.02.2023,Win32,60.97560976,5ef07f0ba383185b3570273e,6899c7d7c4c961a016830ad3,6899c8bcaa3d34798c7a769e,,,,,,,,,,,,,,,,,,,,,,,,,,,,,,,,,,,,,,,,,,,,,,,,,,,,,,,,,,,,,,,,,,,,,,,,,,,,,,,,,,,,,,,,,,,,,,,,1735.867,1736.3669,,,,,,,,,,,,,,,,,,,,,,1731.0005,1732.3667,1732.867,1735.867,0,0,0,0,1,stimuli/Nate_left_cropped.jpg,stimuli/N_1_Iden_L.jpg,3,,,,,,,,,,,,,,,,,,,,,,,,,,,,,,,,,,,,,,,,,,,,,,,,,,,,,,,,,,,,
,,,2025-08-11_11h42.11.709,CFMT_CCMT_Face_recognition,03.02.2023,Win32,60.97560976,5ef07f0ba383185b3570273e,6899c7d7c4c961a016830ad3,6899c8bcaa3d34798c7a769e,,,,,,,,,,,,,,,,,,,,,,,,,,,,,,,,,,,,,,,,,,,,,,,,,,,,,,,,,,,,,,,,,,,,,,,,,,,,,,,,,,,,,,,,,,,,,,,,1739.8671,1740.3668,,,,,,,,,,,,,,,,,,,,,,,,1736.867,1739.8671,0,1,1,1,1,stimuli/Nate_front_cropped.jpg,stimuli/N_2_Iden_Front.jpg,1,,,,,,,,,,,,,,,,,,,,,,,,,,,,,,,,,,,,,,,,,,,,,,,,,,,,,,,,,,,,
,,,2025-08-11_11h42.11.709,CFMT_CCMT_Face_recognition,03.02.2023,Win32,60.97560976,5ef07f0ba383185b3570273e,6899c7d7c4c961a016830ad3,6899c8bcaa3d34798c7a769e,,,,,,,,,,,,,,,,,,,,,,,,,,,,,,,,,,,,,,,,,,,,,,,,,,,,,,,,,,,,,,,,,,,,,,,,,,,,,,,,,,,,,,,,,,,,,,,,1743.867,1744.367,,,,,,,,,,,,,,,,,,,,,,,,1740.8669,1743.867,0,2,2,2,1,stimuli/Nate_right_cropped.jpg,stimuli/N_3_Iden_R.jpg,3,,,,,,,,,,,,,,,,,,,,,,,,,,,,,,,,,,,,,,,,,,,,,,,,,,,,,,,,,,,,
,,,2025-08-11_11h42.11.709,CFMT_CCMT_Face_recognition,03.02.2023,Win32,60.97560976,5ef07f0ba383185b3570273e,6899c7d7c4c961a016830ad3,6899c8bcaa3d34798c7a769e,,,,,,,,,,,,,,,,,,,,,,,,,,,,,,,,,,,,,,,,,,,,,,,,,,,,,,,,,,,,,,,,,,,,,,,,,,,,,,,,,,,,,,,,,,,,,,,,1747.1168,1747.6169,,,,,,,,,,,,,,,,,,,,,,,,,,,,,,,stimuli/Nate_left_cropped.jpg,stimuli/N_1_Iden_L.jpg,3,1744.3687,1747.1168,3,1,2.7403,,0,0,0,0,1,,,,,,,,,,,,,,,,,,,,,,,,,,,,,,,,,,,,,,,,,,,,,,,,,
,,,2025-08-11_11h42.11.709,CFMT_CCMT_Face_recognition,03.02.2023,Win32,60.97560976,5ef07f0ba383185b3570273e,6899c7d7c4c961a016830ad3,6899c8bcaa3d34798c7a769e,,,,,,,,,,,,,,,,,,,,,,,,,,,,,,,,,,,,,,,,,,,,,,,,,,,,,,,,,,,,,,,,,,,,,,,,,,,,,,,,,,,,,,,,,,,,,,,,1751.3504,1751.8501,,,,,,,,,,,,,,,,,,,,,,,,,,,,,,,stimuli/Nate_front_cropped.jpg,stimuli/N_2_Iden_Front.jpg,1,1747.6172,1751.3504,1,1,3.716,,0,1,1,1,1,,,,,,,,,,,,,,,,,,,,,,,,,,,,,,,,,,,,,,,,,,,,,,,,,
,,,2025-08-11_11h42.11.709,CFMT_CCMT_Face_recognition,03.02.2023,Win32,60.97560976,5ef07f0ba383185b3570273e,6899c7d7c4c961a016830ad3,6899c8bcaa3d34798c7a769e,,,,,,,,,,,,,,,,,,,,,,,,,,,,,,,,,,,,,,,,,,,,,,,,,,,,,,,,,,,,,,,,,,,,,,,,,,,,,,,,,,,,,,,,,,,,,,,,1756.9003,1757.4003,,,,,,,,,,,,,,,,,,,,,,,,,,,,,,,stimuli/Nate_right_cropped.jpg,stimuli/N_3_Iden_R.jpg,3,1751.8504,1756.9003,1,0,5.0431,,0,2,2,2,1,,,,,,,,,,,,,,,,,,,,,,,,,,,,,,,,,,,,,,,,,,,,,,,,,
,,,2025-08-11_11h42.11.709,CFMT_CCMT_Face_recognition,03.02.2023,Win32,60.97560976,5ef07f0ba383185b3570273e,6899c7d7c4c961a016830ad3,6899c8bcaa3d34798c7a769e,,,,,,,,,,,,,,,,,,,,,,,,,,,,,,,,,,,,,,,,,,,,,,,,,,,,,,,,,,,,,,,,,,,,,,,,,,,,,,,,,,,,,,,,,,,,,,,,1762.2002,1762.7004,,,,,,,,,,,,,,,,,,,,,,1757.4005,1758.7004,1759.2002,1762.2002,0,0,0,0,1,stimuli/Zack_Left_cropped.jpg,stimuli/Z_1_Iden_L.jpg,1,,,,,,,,,,,,,,,,,,,,,,,,,,,,,,,,,,,,,,,,,,,,,,,,,,,,,,,,,,,,
,,,2025-08-11_11h42.11.709,CFMT_CCMT_Face_recognition,03.02.2023,Win32,60.97560976,5ef07f0ba383185b3570273e,6899c7d7c4c961a016830ad3,6899c8bcaa3d34798c7a769e,,,,,,,,,,,,,,,,,,,,,,,,,,,,,,,,,,,,,,,,,,,,,,,,,,,,,,,,,,,,,,,,,,,,,,,,,,,,,,,,,,,,,,,,,,,,,,,,1766.2006,1766.7002,,,,,,,,,,,,,,,,,,,,,,,,1763.2004,1766.2006,0,1,1,1,1,stimuli/Zack_Front_cropped.jpg,stimuli/Z_2_Iden_Front.jpg,3,,,,,,,,,,,,,,,,,,,,,,,,,,,,,,,,,,,,,,,,,,,,,,,,,,,,,,,,,,,,
,,,2025-08-11_11h42.11.709,CFMT_CCMT_Face_recognition,03.02.2023,Win32,60.97560976,5ef07f0ba383185b3570273e,6899c7d7c4c961a016830ad3,6899c8bcaa3d34798c7a769e,,,,,,,,,,,,,,,,,,,,,,,,,,,,,,,,,,,,,,,,,,,,,,,,,,,,,,,,,,,,,,,,,,,,,,,,,,,,,,,,,,,,,,,,,,,,,,,,1770.2003,1770.7001,,,,,,,,,,,,,,,,,,,,,,,,1767.2004,1770.2003,0,2,2,2,1,stimuli/Zack_Right_Cropped.jpg,stimuli/Z_3_Iden_R.jpg,1,,,,,,,,,,,,,,,,,,,,,,,,,,,,,,,,,,,,,,,,,,,,,,,,,,,,,,,,,,,,
,,,2025-08-11_11h42.11.709,CFMT_CCMT_Face_recognition,03.02.2023,Win32,60.97560976,5ef07f0ba383185b3570273e,6899c7d7c4c961a016830ad3,6899c8bcaa3d34798c7a769e,,,,,,,,,,,,,,,,,,,,,,,,,,,,,,,,,,,,,,,,,,,,,,,,,,,,,,,,,,,,,,,,,,,,,,,,,,,,,,,,,,,,,,,,,,,,,,,,1773.9835,1774.4835,,,,,,,,,,,,,,,,,,,,,,,,,,,,,,,stimuli/Zack_Left_cropped.jpg,stimuli/Z_1_Iden_L.jpg,1,1770.7028,1773.9835,1,1,3.2706,,0,0,0,0,1,,,,,,,,,,,,,,,,,,,,,,,,,,,,,,,,,,,,,,,,,,,,,,,,,
,,,2025-08-11_11h42.11.709,CFMT_CCMT_Face_recognition,03.02.2023,Win32,60.97560976,5ef07f0ba383185b3570273e,6899c7d7c4c961a016830ad3,6899c8bcaa3d34798c7a769e,,,,,,,,,,,,,,,,,,,,,,,,,,,,,,,,,,,,,,,,,,,,,,,,,,,,,,,,,,,,,,,,,,,,,,,,,,,,,,,,,,,,,,,,,,,,,,,,1780.2001,1780.7,,,,,,,,,,,,,,,,,,,,,,,,,,,,,,,stimuli/Zack_Front_cropped.jpg,stimuli/Z_2_Iden_Front.jpg,3,1774.4837,1780.2,2,0,5.7049,,0,1,1,1,1,,,,,,,,,,,,,,,,,,,,,,,,,,,,,,,,,,,,,,,,,,,,,,,,,
,,,2025-08-11_11h42.11.709,CFMT_CCMT_Face_recognition,03.02.2023,Win32,60.97560976,5ef07f0ba383185b3570273e,6899c7d7c4c961a016830ad3,6899c8bcaa3d34798c7a769e,,,,,,,,,,,,,,,,,,,,,,,,,,,,,,,,,,,,,,,,,,,,,,,,,,,,,,,,,,,,,,,,,,,,,,,,,,,,,,,,,,,,,,,,,,,,,,,,1783.8005,1784.3004,,,,,,,,,,,,,,,,,,,,,,,,,,,,,,,stimuli/Zack_Right_Cropped.jpg,stimuli/Z_3_Iden_R.jpg,1,1780.7004,1783.8005,3,0,3.0817,,0,2,2,2,1,,,,,,,,,,,,,,,,,,,,,,,,,,,,,,,,,,,,,,,,,,,,,,,,,
,,,2025-08-11_11h42.11.709,CFMT_CCMT_Face_recognition,03.02.2023,Win32,60.97560976,5ef07f0ba383185b3570273e,6899c7d7c4c961a016830ad3,6899c8bcaa3d34798c7a769e,,,,,,,,,,,,,,,,,,,,,,,,,,,,,,,,,,,,,,,,,,,,,,,,,,,,,,,,,,,,,,,,,,,,,,,,,,,,,,,,,,,,,,,,,,,,,,,,1820.5834,1821.0834,,,,,,,,,,,,,,,,,,,,,,,,,,,,,,,,,,,,,,,,,,,,,1784.3004,1787.2003,1787.7,1807.7006,1808.2006,1815.9006,1816.4028,1816.4038,1816.4038,1816.4039,1816.4055,1820.5834,1,1,4.1674,,0,0,0,0,1,stimuli/M_5_Front_Halflit.jpg,1,,,,,,,,,,,,,,,,,,,,,,,,,,
,,,2025-08-11_11h42.11.709,CFMT_CCMT_Face_recognition,03.02.2023,Win32,60.97560976,5ef07f0ba383185b3570273e,6899c7d7c4c961a016830ad3,6899c8bcaa3d34798c7a769e,,,,,,,,,,,,,,,,,,,,,,,,,,,,,,,,,,,,,,,,,,,,,,,,,,,,,,,,,,,,,,,,,,,,,,,,,,,,,,,,,,,,,,,,,,,,,,,,1824.9171,1825.417,,,,,,,,,,,,,,,,,,,,,,,,,,,,,,,,,,,,,,,,,,,,,,,,,,,,,,,1821.0838,1824.917,3,0,3.8165,,0,1,1,1,1,stimuli/N_8_13_R_Pro_dark.jpg,2,,,,,,,,,,,,,,,,,,,,,,,,,,
,,,2025-08-11_11h42.11.709,CFMT_CCMT_Face_recognition,03.02.2023,Win32,60.97560976,5ef07f0ba383185b3570273e,6899c7d7c4c961a016830ad3,6899c8bcaa3d34798c7a769e,,,,,,,,,,,,,,,,,,,,,,,,,,,,,,,,,,,,,,,,,,,,,,,,,,,,,,,,,,,,,,,,,,,,,,,,,,,,,,,,,,,,,,,,,,,,,,,,1830.7004,1831.2006,,,,,,,,,,,,,,,,,,,,,,,,,,,,,,,,,,,,,,,,,,,,,,,,,,,,,,,1825.4173,1830.7004,3,0,5.2682,,0,2,2,2,1,stimuli/Z_6_23_Pro_L.jpg,1,,,,,,,,,,,,,,,,,,,,,,,,,,
,,,2025-08-11_11h42.11.709,CFMT_CCMT_Face_recognition,03.02.2023,Win32,60.97560976,5ef07f0ba383185b3570273e,6899c7d7c4c961a016830ad3,6899c8bcaa3d34798c7a769e,,,,,,,,,,,,,,,,,,,,,,,,,,,,,,,,,,,,,,,,,,,,,,,,,,,,,,,,,,,,,,,,,,,,,,,,,,,,,,,,,,,,,,,,,,,,,,,,1836.8171,1837.3167,,,,,,,,,,,,,,,,,,,,,,,,,,,,,,,,,,,,,,,,,,,,,,,,,,,,,,,1831.2007,1836.817,2,0,5.5974,,0,3,3,3,1,stimuli/D5_Halflit_Frontal.jpg,3,,,,,,,,,,,,,,,,,,,,,,,,,,
,,,2025-08-11_11h42.11.709,CFMT_CCMT_Face_recognition,03.02.2023,Win32,60.97560976,5ef07f0ba383185b3570273e,6899c7d7c4c961a016830ad3,6899c8bcaa3d34798c7a769e,,,,,,,,,,,,,,,,,,,,,,,,,,,,,,,,,,,,,,,,,,,,,,,,,,,,,,,,,,,,,,,,,,,,,,,,,,,,,,,,,,,,,,,,,,,,,,,,1841.467,1841.967,,,,,,,,,,,,,,,,,,,,,,,,,,,,,,,,,,,,,,,,,,,,,,,,,,,,,,,1837.3169,1841.467,3,1,4.132,,0,4,4,4,1,stimuli/B7_Bottomlit_Frontal.jpg,3,,,,,,,,,,,,,,,,,,,,,,,,,,
,,,2025-08-11_11h42.11.709,CFMT_CCMT_Face_recognition,03.02.2023,Win32,60.97560976,5ef07f0ba383185b3570273e,6899c7d7c4c961a016830ad3,6899c8bcaa3d34798c7a769e,,,,,,,,,,,,,,,,,,,,,,,,,,,,,,,,,,,,,,,,,,,,,,,,,,,,,,,,,,,,,,,,,,,,,,,,,,,,,,,,,,,,,,,,,,,,,,,,1844.7503,1845.2502,,,,,,,,,,,,,,,,,,,,,,,,,,,,,,,,,,,,,,,,,,,,,,,,,,,,,,,1841.9673,1844.7503,2,1,2.7733,,0,5,5,5,1,stimuli/J_6_23_L_Pro.jpg,2,,,,,,,,,,,,,,,,,,,,,,,,,,
,,,2025-08-11_11h42.11.709,CFMT_CCMT_Face_recognition,03.02.2023,Win32,60.97560976,5ef07f0ba383185b3570273e,6899c7d7c4c961a016830ad3,6899c8bcaa3d34798c7a769e,,,,,,,,,,,,,,,,,,,,,,,,,,,,,,,,,,,,,,,,,,,,,,,,,,,,,,,,,,,,,,,,,,,,,,,,,,,,,,,,,,,,,,,,,,,,,,,,1849.3506,1849.8504,,,,,,,,,,,,,,,,,,,,,,,,,,,,,,,,,,,,,,,,,,,,,,,,,,,,,,,1845.2504,1849.3506,2,0,4.0835,,0,6,6,6,1,stimuli/D7_Bottomlit_Frontal.jpg,1,,,,,,,,,,,,,,,,,,,,,,,,,,
,,,2025-08-11_11h42.11.709,CFMT_CCMT_Face_recognition,03.02.2023,Win32,60.97560976,5ef07f0ba383185b3570273e,6899c7d7c4c961a016830ad3,6899c8bcaa3d34798c7a769e,,,,,,,,,,,,,,,,,,,,,,,,,,,,,,,,,,,,,,,,,,,,,,,,,,,,,,,,,,,,,,,,,,,,,,,,,,,,,,,,,,,,,,,,,,,,,,,,1852.5004,1853.0004,,,,,,,,,,,,,,,,,,,,,,,,,,,,,,,,,,,,,,,,,,,,,,,,,,,,,,,1849.8506,1852.5004,1,0,2.6338,,0,7,7,7,1,stimuli/Z_5_Front_Half.jpg,3,,,,,,,,,,,,,,,,,,,,,,,,,,
,,,2025-08-11_11h42.11.709,CFMT_CCMT_Face_recognition,03.02.2023,Win32,60.97560976,5ef07f0ba383185b3570273e,6899c7d7c4c961a016830ad3,6899c8bcaa3d34798c7a769e,,,,,,,,,,,,,,,,,,,,,,,,,,,,,,,,,,,,,,,,,,,,,,,,,,,,,,,,,,,,,,,,,,,,,,,,,,,,,,,,,,,,,,,,,,,,,,,,1857.8671,1858.3672,,,,,,,,,,,,,,,,,,,,,,,,,,,,,,,,,,,,,,,,,,,,,,,,,,,,,,,1853.0006,1857.867,2,1,4.8495,,0,8,8,8,1,stimuli/M_6_23_L_Pro.jpg,2,,,,,,,,,,,,,,,,,,,,,,,,,,
,,,2025-08-11_11h42.11.709,CFMT_CCMT_Face_recognition,03.02.2023,Win32,60.97560976,5ef07f0ba383185b3570273e,6899c7d7c4c961a016830ad3,6899c8bcaa3d34798c7a769e,,,,,,,,,,,,,,,,,,,,,,,,,,,,,,,,,,,,,,,,,,,,,,,,,,,,,,,,,,,,,,,,,,,,,,,,,,,,,,,,,,,,,,,,,,,,,,,,1861.4003,1861.9004,,,,,,,,,,,,,,,,,,,,,,,,,,,,,,,,,,,,,,,,,,,,,,,,,,,,,,,1858.3674,1861.4003,3,1,3.0215,,0,9,9,9,1,stimuli/J_7_Bottom_Lit.jpg,3,,,,,,,,,,,,,,,,,,,,,,,,,,
,,,2025-08-11_11h42.11.709,CFMT_CCMT_Face_recognition,03.02.2023,Win32,60.97560976,5ef07f0ba383185b3570273e,6899c7d7c4c961a016830ad3,6899c8bcaa3d34798c7a769e,,,,,,,,,,,,,,,,,,,,,,,,,,,,,,,,,,,,,,,,,,,,,,,,,,,,,,,,,,,,,,,,,,,,,,,,,,,,,,,,,,,,,,,,,,,,,,,,1867.6837,1868.1839,,,,,,,,,,,,,,,,,,,,,,,,,,,,,,,,,,,,,,,,,,,,,,,,,,,,,,,1861.9006,1867.6837,2,1,5.765,,0,10,10,10,1,stimuli/N_4_23_R_Pro.jpg,2,,,,,,,,,,,,,,,,,,,,,,,,,,
,,,2025-08-11_11h42.11.709,CFMT_CCMT_Face_recognition,03.02.2023,Win32,60.97560976,5ef07f0ba383185b3570273e,6899c7d7c4c961a016830ad3,6899c8bcaa3d34798c7a769e,,,,,,,,,,,,,,,,,,,,,,,,,,,,,,,,,,,,,,,,,,,,,,,,,,,,,,,,,,,,,,,,,,,,,,,,,,,,,,,,,,,,,,,,,,,,,,,,1872.4835,1872.9836,,,,,,,,,,,,,,,,,,,,,,,,,,,,,,,,,,,,,,,,,,,,,,,,,,,,,,,1868.1841,1872.4835,3,1,4.2854,,0,11,11,11,1,stimuli/M_8_13_R_Pro_dark.jpg,3,,,,,,,,,,,,,,,,,,,,,,,,,,
,,,2025-08-11_11h42.11.709,CFMT_CCMT_Face_recognition,03.02.2023,Win32,60.97560976,5ef07f0ba383185b3570273e,6899c7d7c4c961a016830ad3,6899c8bcaa3d34798c7a769e,,,,,,,,,,,,,,,,,,,,,,,,,,,,,,,,,,,,,,,,,,,,,,,,,,,,,,,,,,,,,,,,,,,,,,,,,,,,,,,,,,,,,,,,,,,,,,,,1878.8835,1879.3836,,,,,,,,,,,,,,,,,,,,,,,,,,,,,,,,,,,,,,,,,,,,,,,,,,,,,,,1872.9838,1878.8835,3,0,5.8807,,0,12,12,12,1,stimuli/J_5_Front_Halflit.jpg,2,,,,,,,,,,,,,,,,,,,,,,,,,,
,,,2025-08-11_11h42.11.709,CFMT_CCMT_Face_recognition,03.02.2023,Win32,60.97560976,5ef07f0ba383185b3570273e,6899c7d7c4c961a016830ad3,6899c8bcaa3d34798c7a769e,,,,,,,,,,,,,,,,,,,,,,,,,,,,,,,,,,,,,,,,,,,,,,,,,,,,,,,,,,,,,,,,,,,,,,,,,,,,,,,,,,,,,,,,,,,,,,,,1884.3004,1884.8005,,,,,,,,,,,,,,,,,,,,,,,,,,,,,,,,,,,,,,,,,,,,,,,,,,,,,,,1879.3838,1884.3004,1,1,4.9012,,0,13,13,13,1,stimuli/N_7_Front_Bot.jpg,1,,,,,,,,,,,,,,,,,,,,,,,,,,
,,,2025-08-11_11h42.11.709,CFMT_CCMT_Face_recognition,03.02.2023,Win32,60.97560976,5ef07f0ba383185b3570273e,6899c7d7c4c961a016830ad3,6899c8bcaa3d34798c7a769e,,,,,,,,,,,,,,,,,,,,,,,,,,,,,,,,,,,,,,,,,,,,,,,,,,,,,,,,,,,,,,,,,,,,,,,,,,,,,,,,,,,,,,,,,,,,,,,,1888.7337,1889.2335,,,,,,,,,,,,,,,,,,,,,,,,,,,,,,,,,,,,,,,,,,,,,,,,,,,,,,,1884.8008,1888.7337,2,1,3.9239,,0,14,14,14,1,stimuli/Z_4_23_Pro_R.jpg,2,,,,,,,,,,,,,,,,,,,,,,,,,,
,,,2025-08-11_11h42.11.709,CFMT_CCMT_Face_recognition,03.02.2023,Win32,60.97560976,5ef07f0ba383185b3570273e,6899c7d7c4c961a016830ad3,6899c8bcaa3d34798c7a769e,,,,,,,,,,,,,,,,,,,,,,,,,,,,,,,,,,,,,,,,,,,,,,,,,,,,,,,,,,,,,,,,,,,,,,,,,,,,,,,,,,,,,,,,,,,,,,,,1892.7336,1893.2338,,,,,,,,,,,,,,,,,,,,,,,,,,,,,,,,,,,,,,,,,,,,,,,,,,,,,,,1889.2338,1892.7336,3,0,3.4908,,0,15,15,15,1,stimuli/D8_13_Profile_R.jpg,2,,,,,,,,,,,,,,,,,,,,,,,,,,
,,,2025-08-11_11h42.11.709,CFMT_CCMT_Face_recognition,03.02.2023,Win32,60.97560976,5ef07f0ba383185b3570273e,6899c7d7c4c961a016830ad3,6899c8bcaa3d34798c7a769e,,,,,,,,,,,,,,,,,,,,,,,,,,,,,,,,,,,,,,,,,,,,,,,,,,,,,,,,,,,,,,,,,,,,,,,,,,,,,,,,,,,,,,,,,,,,,,,,1896.1672,1896.667,,,,,,,,,,,,,,,,,,,,,,,,,,,,,,,,,,,,,,,,,,,,,,,,,,,,,,,1893.2338,1896.1672,2,1,2.9231,,0,16,16,16,1,stimuli/M_7_Front_Bot.jpg,2,,,,,,,,,,,,,,,,,,,,,,,,,,
,,,2025-08-11_11h42.11.709,CFMT_CCMT_Face_recognition,03.02.2023,Win32,60.97560976,5ef07f0ba383185b3570273e,6899c7d7c4c961a016830ad3,6899c8bcaa3d34798c7a769e,,,,,,,,,,,,,,,,,,,,,,,,,,,,,,,,,,,,,,,,,,,,,,,,,,,,,,,,,,,,,,,,,,,,,,,,,,,,,,,,,,,,,,,,,,,,,,,,1900.1003,1900.6003,,,,,,,,,,,,,,,,,,,,,,,,,,,,,,,,,,,,,,,,,,,,,,,,,,,,,,,1896.6672,1900.1003,2,1,3.4261,,0,17,17,17,1,stimuli/B4_23_pro_ri.jpg,2,,,,,,,,,,,,,,,,,,,,,,,,,,
,,,2025-08-11_11h42.11.709,CFMT_CCMT_Face_recognition,03.02.2023,Win32,60.97560976,5ef07f0ba383185b3570273e,6899c7d7c4c961a016830ad3,6899c8bcaa3d34798c7a769e,,,,,,,,,,,,,,,,,,,,,,,,,,,,,,,,,,,,,,,,,,,,,,,,,,,,,,,,,,,,,,,,,,,,,,,,,,,,,,,,,,,,,,,,,,,,,,,,1903.6337,1904.1336,,,,,,,,,,,,,,,,,,,,,,,,,,,,,,,,,,,,,,,,,,,,,,,,,,,,,,,1900.6006,1903.6337,3,0,3.0203,,0,18,18,18,1,stimuli/D6_23_Profile_L.jpg,1,,,,,,,,,,,,,,,,,,,,,,,,,,
,,,2025-08-11_11h42.11.709,CFMT_CCMT_Face_recognition,03.02.2023,Win32,60.97560976,5ef07f0ba383185b3570273e,6899c7d7c4c961a016830ad3,6899c8bcaa3d34798c7a769e,,,,,,,,,,,,,,,,,,,,,,,,,,,,,,,,,,,,,,,,,,,,,,,,,,,,,,,,,,,,,,,,,,,,,,,,,,,,,,,,,,,,,,,,,,,,,,,,1909.8338,1910.3336,,,,,,,,,,,,,,,,,,,,,,,,,,,,,,,,,,,,,,,,,,,,,,,,,,,,,,,1904.1339,1909.8337,2,0,5.6827,,0,19,19,19,1,stimuli/N_5_Front_Half.jpg,3,,,,,,,,,,,,,,,,,,,,,,,,,,
,,,2025-08-11_11h42.11.709,CFMT_CCMT_Face_recognition,03.02.2023,Win32,60.97560976,5ef07f0ba383185b3570273e,6899c7d7c4c961a016830ad3,6899c8bcaa3d34798c7a769e,,,,,,,,,,,,,,,,,,,,,,,,,,,,,,,,,,,,,,,,,,,,,,,,,,,,,,,,,,,,,,,,,,,,,,,,,,,,,,,,,,,,,,,,,,,,,,,,1913.5169,1914.0167,,,,,,,,,,,,,,,,,,,,,,,,,,,,,,,,,,,,,,,,,,,,,,,,,,,,,,,1910.3338,1913.5169,3,0,3.1749,,0,20,20,20,1,stimuli/B6_23_pro_L.jpg,1,,,,,,,,,,,,,,,,,,,,,,,,,,
,,,2025-08-11_11h42.11.709,CFMT_CCMT_Face_recognition,03.02.2023,Win32,60.97560976,5ef07f0ba383185b3570273e,6899c7d7c4c961a016830ad3,6899c8bcaa3d34798c7a769e,,,,,,,,,,,,,,,,,,,,,,,,,,,,,,,,,,,,,,,,,,,,,,,,,,,,,,,,,,,,,,,,,,,,,,,,,,,,,,,,,,,,,,,,,,,,,,,,1919.5504,1920.0504,,,,,,,,,,,,,,,,,,,,,,,,,,,,,,,,,,,,,,,,,,,,,,,,,,,,,,,1914.0169,1919.5504,1,0,5.5244,,0,21,21,21,1,stimuli/Z_8_13_Pro_R_dark.jpg,2,,,,,,,,,,,,,,,,,,,,,,,,,,
,,,2025-08-11_11h42.11.709,CFMT_CCMT_Face_recognition,03.02.2023,Win32,60.97560976,5ef07f0ba383185b3570273e,6899c7d7c4c961a016830ad3,6899c8bcaa3d34798c7a769e,,,,,,,,,,,,,,,,,,,,,,,,,,,,,,,,,,,,,,,,,,,,,,,,,,,,,,,,,,,,,,,,,,,,,,,,,,,,,,,,,,,,,,,,,,,,,,,,1923.184,1923.6838,,,,,,,,,,,,,,,,,,,,,,,,,,,,,,,,,,,,,,,,,,,,,,,,,,,,,,,1920.0505,1923.184,2,1,3.1223,,0,22,22,22,1,stimuli/J_4_23_R_Pro.jpg,2,,,,,,,,,,,,,,,,,,,,,,,,,,
,,,2025-08-11_11h42.11.709,CFMT_CCMT_Face_recognition,03.02.2023,Win32,60.97560976,5ef07f0ba383185b3570273e,6899c7d7c4c961a016830ad3,6899c8bcaa3d34798c7a769e,,,,,,,,,,,,,,,,,,,,,,,,,,,,,,,,,,,,,,,,,,,,,,,,,,,,,,,,,,,,,,,,,,,,,,,,,,,,,,,,,,,,,,,,,,,,,,,,1928.2838,1928.7837,,,,,,,,,,,,,,,,,,,,,,,,,,,,,,,,,,,,,,,,,,,,,,,,,,,,,,,1923.684,1928.2838,1,1,4.5848,,0,23,23,23,1,stimuli/B8_13_pro_R_HS.jpg,1,,,,,,,,,,,,,,,,,,,,,,,,,,
,,,2025-08-11_11h42.11.709,CFMT_CCMT_Face_recognition,03.02.2023,Win32,60.97560976,5ef07f0ba383185b3570273e,6899c7d7c4c961a016830ad3,6899c8bcaa3d34798c7a769e,,,,,,,,,,,,,,,,,,,,,,,,,,,,,,,,,,,,,,,,,,,,,,,,,,,,,,,,,,,,,,,,,,,,,,,,,,,,,,,,,,,,,,,,,,,,,,,,1934.7668,1935.2671,,,,,,,,,,,,,,,,,,,,,,,,,,,,,,,,,,,,,,,,,,,,,,,,,,,,,,,1928.7839,1934.7667,3,1,5.9727,,0,24,24,24,1,stimuli/M_4_23_R_Pro.jpg,3,,,,,,,,,,,,,,,,,,,,,,,,,,
,,,2025-08-11_11h42.11.709,CFMT_CCMT_Face_recognition,03.02.2023,Win32,60.97560976,5ef07f0ba383185b3570273e,6899c7d7c4c961a016830ad3,6899c8bcaa3d34798c7a769e,,,,,,,,,,,,,,,,,,,,,,,,,,,,,,,,,,,,,,,,,,,,,,,,,,,,,,,,,,,,,,,,,,,,,,,,,,,,,,,,,,,,,,,,,,,,,,,,1938.6005,1939.1004,,,,,,,,,,,,,,,,,,,,,,,,,,,,,,,,,,,,,,,,,,,,,,,,,,,,,,,1935.2672,1938.6005,1,1,3.3215,,0,25,25,25,1,stimuli/J_8_13_r_pro_dark.jpg,1,,,,,,,,,,,,,,,,,,,,,,,,,,
,,,2025-08-11_11h42.11.709,CFMT_CCMT_Face_recognition,03.02.2023,Win32,60.97560976,5ef07f0ba383185b3570273e,6899c7d7c4c961a016830ad3,6899c8bcaa3d34798c7a769e,,,,,,,,,,,,,,,,,,,,,,,,,,,,,,,,,,,,,,,,,,,,,,,,,,,,,,,,,,,,,,,,,,,,,,,,,,,,,,,,,,,,,,,,,,,,,,,,1945.0502,1945.5505,,,,,,,,,,,,,,,,,,,,,,,,,,,,,,,,,,,,,,,,,,,,,,,,,,,,,,,1939.1007,1945.0501,3,0,5.9364,,0,26,26,26,1,stimuli/Z_7_Front_Bot.jpg,2,,,,,,,,,,,,,,,,,,,,,,,,,,
,,,2025-08-11_11h42.11.709,CFMT_CCMT_Face_recognition,03.02.2023,Win32,60.97560976,5ef07f0ba383185b3570273e,6899c7d7c4c961a016830ad3,6899c8bcaa3d34798c7a769e,,,,,,,,,,,,,,,,,,,,,,,,,,,,,,,,,,,,,,,,,,,,,,,,,,,,,,,,,,,,,,,,,,,,,,,,,,,,,,,,,,,,,,,,,,,,,,,,1949.4507,1949.9505,,,,,,,,,,,,,,,,,,,,,,,,,,,,,,,,,,,,,,,,,,,,,,,,,,,,,,,1945.5508,1949.4506,2,0,3.8861,,0,27,27,27,1,stimuli/D4_23_profile_R.jpg,1,,,,,,,,,,,,,,,,,,,,,,,,,,
,,,2025-08-11_11h42.11.709,CFMT_CCMT_Face_recognition,03.02.2023,Win32,60.97560976,5ef07f0ba383185b3570273e,6899c7d7c4c961a016830ad3,6899c8bcaa3d34798c7a769e,,,,,,,,,,,,,,,,,,,,,,,,,,,,,,,,,,,,,,,,,,,,,,,,,,,,,,,,,,,,,,,,,,,,,,,,,,,,,,,,,,,,,,,,,,,,,,,,1956.3012,1956.8007,,,,,,,,,,,,,,,,,,,,,,,,,,,,,,,,,,,,,,,,,,,,,,,,,,,,,,,1949.9506,1956.301,1,1,6.3317,,0,28,28,28,1,stimuli/N_6_23_L_Pro.jpg,1,,,,,,,,,,,,,,,,,,,,,,,,,,
,,,2025-08-11_11h42.11.709,CFMT_CCMT_Face_recognition,03.02.2023,Win32,60.97560976,5ef07f0ba383185b3570273e,6899c7d7c4c961a016830ad3,6899c8bcaa3d34798c7a769e,,,,,,,,,,,,,,,,,,,,,,,,,,,,,,,,,,,,,,,,,,,,,,,,,,,,,,,,,,,,,,,,,,,,,,,,,,,,,,,,,,,,,,,,,,,,,,,,1963.7512,1964.2514,,,,,,,,,,,,,,,,,,,,,,,,,,,,,,,,,,,,,,,,,,,,,,,,,,,,,,,1956.8011,1963.751,3,1,6.9317,,0,29,29,29,1,stimuli/B5_halflit_frontal.jpg,3,,,,,,,,,,,,,,,,,,,,,,,,,,
,,,2025-08-11_11h42.11.709,CFMT_CCMT_Face_recognition,03.02.2023,Win32,60.97560976,5ef07f0ba383185b3570273e,6899c7d7c4c961a016830ad3,6899c8bcaa3d34798c7a769e,,,,,,,,,,,,,,,,,,,,,,,,,,,,,,,,,,,,,,,,,,,,,,,,,,,,,,,,,,,,,,,,,,,,,,,,,,,,,,,,,,,,,,,,,,,,,,,,1988.9511,1989.4513,,,,,,,,,,,,,,,,,,,,,,,,,,,,,,,,,,,,,,,,,,,,,,,,,,,1964.252,1984.2513,1984.2513,1984.7509,1984.7563,1988.951,2,1,4.1686,,0,0,0,0,1,stimuli/Z_12_Front_Noisy.jpg,2,,,,,,,,,,,,,,,,,,,,,,,,,,
,,,2025-08-11_11h42.11.709,CFMT_CCMT_Face_recognition,03.02.2023,Win32,60.97560976,5ef07f0ba383185b3570273e,6899c7d7c4c961a016830ad3,6899c8bcaa3d34798c7a769e,,,,,,,,,,,,,,,,,,,,,,,,,,,,,,,,,,,,,,,,,,,,,,,,,,,,,,,,,,,,,,,,,,,,,,,,,,,,,,,,,,,,,,,,,,,,,,,,1993.451,1993.9512,,,,,,,,,,,,,,,,,,,,,,,,,,,,,,,,,,,,,,,,,,,,,,,,,,,,,,,1989.4518,1993.4509,3,1,3.9692,,0,1,1,1,1,stimuli/M_11_23_N_R_Pro.jpg,3,,,,,,,,,,,,,,,,,,,,,,,,,,
,,,2025-08-11_11h42.11.709,CFMT_CCMT_Face_recognition,03.02.2023,Win32,60.97560976,5ef07f0ba383185b3570273e,6899c7d7c4c961a016830ad3,6899c8bcaa3d34798c7a769e,,,,,,,,,,,,,,,,,,,,,,,,,,,,,,,,,,,,,,,,,,,,,,,,,,,,,,,,,,,,,,,,,,,,,,,,,,,,,,,,,,,,,,,,,,,,,,,,1999.2176,1999.7176,,,,,,,,,,,,,,,,,,,,,,,,,,,,,,,,,,,,,,,,,,,,,,,,,,,,,,,1993.9518,1999.2175,3,0,5.2331,,0,2,2,2,1,stimuli/D10_Noisy_13_Profile_L.jpg,1,,,,,,,,,,,,,,,,,,,,,,,,,,
,,,2025-08-11_11h42.11.709,CFMT_CCMT_Face_recognition,03.02.2023,Win32,60.97560976,5ef07f0ba383185b3570273e,6899c7d7c4c961a016830ad3,6899c8bcaa3d34798c7a769e,,,,,,,,,,,,,,,,,,,,,,,,,,,,,,,,,,,,,,,,,,,,,,,,,,,,,,,,,,,,,,,,,,,,,,,,,,,,,,,,,,,,,,,,,,,,,,,,2001.6677,2002.1678,,,,,,,,,,,,,,,,,,,,,,,,,,,,,,,,,,,,,,,,,,,,,,,,,,,,,,,1999.7182,2001.6677,1,1,1.9197,,0,3,3,3,1,stimuli/J_12_Frontal_HS.jpg,1,,,,,,,,,,,,,,,,,,,,,,,,,,
,,,2025-08-11_11h42.11.709,CFMT_CCMT_Face_recognition,03.02.2023,Win32,60.97560976,5ef07f0ba383185b3570273e,6899c7d7c4c961a016830ad3,6899c8bcaa3d34798c7a769e,,,,,,,,,,,,,,,,,,,,,,,,,,,,,,,,,,,,,,,,,,,,,,,,,,,,,,,,,,,,,,,,,,,,,,,,,,,,,,,,,,,,,,,,,,,,,,,,2005.5021,2006.0012,,,,,,,,,,,,,,,,,,,,,,,,,,,,,,,,,,,,,,,,,,,,,,,,,,,,,,,2002.1684,2005.5021,3,1,3.3115,,0,4,4,4,1,stimuli/J_11_23_pro_R.jpg,3,,,,,,,,,,,,,,,,,,,,,,,,,,
,,,2025-08-11_11h42.11.709,CFMT_CCMT_Face_recognition,03.02.2023,Win32,60.97560976,5ef07f0ba383185b3570273e,6899c7d7c4c961a016830ad3,6899c8bcaa3d34798c7a769e,,,,,,,,,,,,,,,,,,,,,,,,,,,,,,,,,,,,,,,,,,,,,,,,,,,,,,,,,,,,,,,,,,,,,,,,,,,,,,,,,,,,,,,,,,,,,,,,2008.7244,2009.2177,,,,,,,,,,,,,,,,,,,,,,,,,,,,,,,,,,,,,,,,,,,,,,,,,,,,,,,2006.0017,2008.7244,1,1,2.7013,,0,5,5,5,1,stimuli/N_9_Front_LS.jpg,1,,,,,,,,,,,,,,,,,,,,,,,,,,
,,,2025-08-11_11h42.11.709,CFMT_CCMT_Face_recognition,03.02.2023,Win32,60.97560976,5ef07f0ba383185b3570273e,6899c7d7c4c961a016830ad3,6899c8bcaa3d34798c7a769e,,,,,,,,,,,,,,,,,,,,,,,,,,,,,,,,,,,,,,,,,,,,,,,,,,,,,,,,,,,,,,,,,,,,,,,,,,,,,,,,,,,,,,,,,,,,,,,,2014.0342,2014.5347,,,,,,,,,,,,,,,,,,,,,,,,,,,,,,,,,,,,,,,,,,,,,,,,,,,,,,,2009.2181,2014.0342,2,1,4.7842,,0,6,6,6,1,stimuli/B12_Noisy_frontal_HS.jpg,2,,,,,,,,,,,,,,,,,,,,,,,,,,
,,,2025-08-11_11h42.11.709,CFMT_CCMT_Face_recognition,03.02.2023,Win32,60.97560976,5ef07f0ba383185b3570273e,6899c7d7c4c961a016830ad3,6899c8bcaa3d34798c7a769e,,,,,,,,,,,,,,,,,,,,,,,,,,,,,,,,,,,,,,,,,,,,,,,,,,,,,,,,,,,,,,,,,,,,,,,,,,,,,,,,,,,,,,,,,,,,,,,,2017.1178,2017.6176,,,,,,,,,,,,,,,,,,,,,,,,,,,,,,,,,,,,,,,,,,,,,,,,,,,,,,,2014.5351,2017.1177,2,0,2.5521,,0,7,7,7,1,stimuli/M_12_Front_N_HS.jpg,1,,,,,,,,,,,,,,,,,,,,,,,,,,
,,,2025-08-11_11h42.11.709,CFMT_CCMT_Face_recognition,03.02.2023,Win32,60.97560976,5ef07f0ba383185b3570273e,6899c7d7c4c961a016830ad3,6899c8bcaa3d34798c7a769e,,,,,,,,,,,,,,,,,,,,,,,,,,,,,,,,,,,,,,,,,,,,,,,,,,,,,,,,,,,,,,,,,,,,,,,,,,,,,,,,,,,,,,,,,,,,,,,,2022.3008,2022.8013,,,,,,,,,,,,,,,,,,,,,,,,,,,,,,,,,,,,,,,,,,,,,,,,,,,,,,,2017.618,2022.3006,3,0,4.6522,,0,8,8,8,1,stimuli/D12_Noisy_Frontal_HS.jpg,2,,,,,,,,,,,,,,,,,,,,,,,,,,
,,,2025-08-11_11h42.11.709,CFMT_CCMT_Face_recognition,03.02.2023,Win32,60.97560976,5ef07f0ba383185b3570273e,6899c7d7c4c961a016830ad3,6899c8bcaa3d34798c7a769e,,,,,,,,,,,,,,,,,,,,,,,,,,,,,,,,,,,,,,,,,,,,,,,,,,,,,,,,,,,,,,,,,,,,,,,,,,,,,,,,,,,,,,,,,,,,,,,,2026.6676,2027.1679,,,,,,,,,,,,,,,,,,,,,,,,,,,,,,,,,,,,,,,,,,,,,,,,,,,,,,,2022.8018,2026.6676,2,1,3.8334,,0,9,9,9,1,stimuli/Z_11_23_Pro_R.jpg,2,,,,,,,,,,,,,,,,,,,,,,,,,,
,,,2025-08-11_11h42.11.709,CFMT_CCMT_Face_recognition,03.02.2023,Win32,60.97560976,5ef07f0ba383185b3570273e,6899c7d7c4c961a016830ad3,6899c8bcaa3d34798c7a769e,,,,,,,,,,,,,,,,,,,,,,,,,,,,,,,,,,,,,,,,,,,,,,,,,,,,,,,,,,,,,,,,,,,,,,,,,,,,,,,,,,,,,,,,,,,,,,,,2031.4179,2031.9177,,,,,,,,,,,,,,,,,,,,,,,,,,,,,,,,,,,,,,,,,,,,,,,,,,,,,,,2027.1685,2031.4179,3,0,4.2178,,0,10,10,10,1,stimuli/N_10_13_L_Pro_dark.jpg,2,,,,,,,,,,,,,,,,,,,,,,,,,,
,,,2025-08-11_11h42.11.709,CFMT_CCMT_Face_recognition,03.02.2023,Win32,60.97560976,5ef07f0ba383185b3570273e,6899c7d7c4c961a016830ad3,6899c8bcaa3d34798c7a769e,,,,,,,,,,,,,,,,,,,,,,,,,,,,,,,,,,,,,,,,,,,,,,,,,,,,,,,,,,,,,,,,,,,,,,,,,,,,,,,,,,,,,,,,,,,,,,,,2036.9676,2037.4677,,,,,,,,,,,,,,,,,,,,,,,,,,,,,,,,,,,,,,,,,,,,,,,,,,,,,,,2031.9182,2036.9676,1,0,5.0255,,0,11,11,11,1,stimuli/B9_Noisy_frontal_LS.jpg,2,,,,,,,,,,,,,,,,,,,,,,,,,,
,,,2025-08-11_11h42.11.709,CFMT_CCMT_Face_recognition,03.02.2023,Win32,60.97560976,5ef07f0ba383185b3570273e,6899c7d7c4c961a016830ad3,6899c8bcaa3d34798c7a769e,,,,,,,,,,,,,,,,,,,,,,,,,,,,,,,,,,,,,,,,,,,,,,,,,,,,,,,,,,,,,,,,,,,,,,,,,,,,,,,,,,,,,,,,,,,,,,,,2040.001,2040.5011,,,,,,,,,,,,,,,,,,,,,,,,,,,,,,,,,,,,,,,,,,,,,,,,,,,,,,,2037.4682,2040.001,1,1,2.5068,,0,12,12,12,1,stimuli/M_9_Front_N_LS.jpg,1,,,,,,,,,,,,,,,,,,,,,,,,,,
,,,2025-08-11_11h42.11.709,CFMT_CCMT_Face_recognition,03.02.2023,Win32,60.97560976,5ef07f0ba383185b3570273e,6899c7d7c4c961a016830ad3,6899c8bcaa3d34798c7a769e,,,,,,,,,,,,,,,,,,,,,,,,,,,,,,,,,,,,,,,,,,,,,,,,,,,,,,,,,,,,,,,,,,,,,,,,,,,,,,,,,,,,,,,,,,,,,,,,2046.2678,2046.7679,,,,,,,,,,,,,,,,,,,,,,,,,,,,,,,,,,,,,,,,,,,,,,,,,,,,,,,2040.5015,2046.2678,2,1,5.7373,,0,13,13,13,1,stimuli/J_9_N_Frontal_50.jpg,2,,,,,,,,,,,,,,,,,,,,,,,,,,
,,,2025-08-11_11h42.11.709,CFMT_CCMT_Face_recognition,03.02.2023,Win32,60.97560976,5ef07f0ba383185b3570273e,6899c7d7c4c961a016830ad3,6899c8bcaa3d34798c7a769e,,,,,,,,,,,,,,,,,,,,,,,,,,,,,,,,,,,,,,,,,,,,,,,,,,,,,,,,,,,,,,,,,,,,,,,,,,,,,,,,,,,,,,,,,,,,,,,,2049.1243,2049.6236,,,,,,,,,,,,,,,,,,,,,,,,,,,,,,,,,,,,,,,,,,,,,,,,,,,,,,,2046.7683,2049.1242,1,1,2.3336,,0,14,14,14,1,stimuli/N_12_Front_Noisy.jpg,1,,,,,,,,,,,,,,,,,,,,,,,,,,
,,,2025-08-11_11h42.11.709,CFMT_CCMT_Face_recognition,03.02.2023,Win32,60.97560976,5ef07f0ba383185b3570273e,6899c7d7c4c961a016830ad3,6899c8bcaa3d34798c7a769e,,,,,,,,,,,,,,,,,,,,,,,,,,,,,,,,,,,,,,,,,,,,,,,,,,,,,,,,,,,,,,,,,,,,,,,,,,,,,,,,,,,,,,,,,,,,,,,,2052.4677,2052.9681,,,,,,,,,,,,,,,,,,,,,,,,,,,,,,,,,,,,,,,,,,,,,,,,,,,,,,,2049.6243,2052.4676,3,0,2.8183,,0,15,15,15,1,stimuli/B10_Noisy_13_pro_L.jpg,2,,,,,,,,,,,,,,,,,,,,,,,,,,
,,,2025-08-11_11h42.11.709,CFMT_CCMT_Face_recognition,03.02.2023,Win32,60.97560976,5ef07f0ba383185b3570273e,6899c7d7c4c961a016830ad3,6899c8bcaa3d34798c7a769e,,,,,,,,,,,,,,,,,,,,,,,,,,,,,,,,,,,,,,,,,,,,,,,,,,,,,,,,,,,,,,,,,,,,,,,,,,,,,,,,,,,,,,,,,,,,,,,,2057.8009,2058.3012,,,,,,,,,,,,,,,,,,,,,,,,,,,,,,,,,,,,,,,,,,,,,,,,,,,,,,,2052.9686,2057.8009,3,1,4.8065,,0,16,16,16,1,stimuli/N_11_23_R_Pro.jpg,3,,,,,,,,,,,,,,,,,,,,,,,,,,
,,,2025-08-11_11h42.11.709,CFMT_CCMT_Face_recognition,03.02.2023,Win32,60.97560976,5ef07f0ba383185b3570273e,6899c7d7c4c961a016830ad3,6899c8bcaa3d34798c7a769e,,,,,,,,,,,,,,,,,,,,,,,,,,,,,,,,,,,,,,,,,,,,,,,,,,,,,,,,,,,,,,,,,,,,,,,,,,,,,,,,,,,,,,,,,,,,,,,,2061.0012,2061.5014,,,,,,,,,,,,,,,,,,,,,,,,,,,,,,,,,,,,,,,,,,,,,,,,,,,,,,,2058.3017,2061.0011,1,1,2.6674,,0,17,17,17,1,stimuli/J_10_13_pro_l.jpg,1,,,,,,,,,,,,,,,,,,,,,,,,,,
,,,2025-08-11_11h42.11.709,CFMT_CCMT_Face_recognition,03.02.2023,Win32,60.97560976,5ef07f0ba383185b3570273e,6899c7d7c4c961a016830ad3,6899c8bcaa3d34798c7a769e,,,,,,,,,,,,,,,,,,,,,,,,,,,,,,,,,,,,,,,,,,,,,,,,,,,,,,,,,,,,,,,,,,,,,,,,,,,,,,,,,,,,,,,,,,,,,,,,2063.8008,2064.3014,,,,,,,,,,,,,,,,,,,,,,,,,,,,,,,,,,,,,,,,,,,,,,,,,,,,,,,2061.5018,2063.8007,3,1,2.2739,,0,18,18,18,1,stimuli/Z_9_Front_Noisy.jpg,3,,,,,,,,,,,,,,,,,,,,,,,,,,
,,,2025-08-11_11h42.11.709,CFMT_CCMT_Face_recognition,03.02.2023,Win32,60.97560976,5ef07f0ba383185b3570273e,6899c7d7c4c961a016830ad3,6899c8bcaa3d34798c7a769e,,,,,,,,,,,,,,,,,,,,,,,,,,,,,,,,,,,,,,,,,,,,,,,,,,,,,,,,,,,,,,,,,,,,,,,,,,,,,,,,,,,,,,,,,,,,,,,,2069.3672,2069.868,,,,,,,,,,,,,,,,,,,,,,,,,,,,,,,,,,,,,,,,,,,,,,,,,,,,,,,2064.3018,2069.3671,2,0,5.0411,,0,19,19,19,1,stimuli/D9_Noisy_Frontal_LS.jpg,1,,,,,,,,,,,,,,,,,,,,,,,,,,
,,,2025-08-11_11h42.11.709,CFMT_CCMT_Face_recognition,03.02.2023,Win32,60.97560976,5ef07f0ba383185b3570273e,6899c7d7c4c961a016830ad3,6899c8bcaa3d34798c7a769e,,,,,,,,,,,,,,,,,,,,,,,,,,,,,,,,,,,,,,,,,,,,,,,,,,,,,,,,,,,,,,,,,,,,,,,,,,,,,,,,,,,,,,,,,,,,,,,,2074.6908,2075.1845,,,,,,,,,,,,,,,,,,,,,,,,,,,,,,,,,,,,,,,,,,,,,,,,,,,,,,,2069.8685,2074.6908,3,0,4.8003,,0,20,20,20,1,stimuli/M_10_N_13_L_Pro_D.jpg,1,,,,,,,,,,,,,,,,,,,,,,,,,,
,,,2025-08-11_11h42.11.709,CFMT_CCMT_Face_recognition,03.02.2023,Win32,60.97560976,5ef07f0ba383185b3570273e,6899c7d7c4c961a016830ad3,6899c8bcaa3d34798c7a769e,,,,,,,,,,,,,,,,,,,,,,,,,,,,,,,,,,,,,,,,,,,,,,,,,,,,,,,,,,,,,,,,,,,,,,,,,,,,,,,,,,,,,,,,,,,,,,,,2079.7017,2080.2007,,,,,,,,,,,,,,,,,,,,,,,,,,,,,,,,,,,,,,,,,,,,,,,,,,,,,,,2075.185,2079.7017,1,1,4.4945,,0,21,21,21,1,stimuli/Z_10_13_Pro_L.jpg,1,,,,,,,,,,,,,,,,,,,,,,,,,,
,,,2025-08-11_11h42.11.709,CFMT_CCMT_Face_recognition,03.02.2023,Win32,60.97560976,5ef07f0ba383185b3570273e,6899c7d7c4c961a016830ad3,6899c8bcaa3d34798c7a769e,,,,,,,,,,,,,,,,,,,,,,,,,,,,,,,,,,,,,,,,,,,,,,,,,,,,,,,,,,,,,,,,,,,,,,,,,,,,,,,,,,,,,,,,,,,,,,,,2082.3846,2082.8846,,,,,,,,,,,,,,,,,,,,,,,,,,,,,,,,,,,,,,,,,,,,,,,,,,,,,,,2080.2012,2082.3844,3,0,2.1499,,0,22,22,22,1,stimuli/B11_Noise_23_pro_R.jpg,1,,,,,,,,,,,,,,,,,,,,,,,,,,
,,,2025-08-11_11h42.11.709,CFMT_CCMT_Face_recognition,03.02.2023,Win32,60.97560976,5ef07f0ba383185b3570273e,6899c7d7c4c961a016830ad3,6899c8bcaa3d34798c7a769e,,,,,,,,,,,,,,,,,,,,,,,,,,,,,,,,,,,,,,,,,,,,,,,,,,,,,,,,,,,,,,,,,,,,,,,,,,,,,,,,,,,,,,,,,,,,,,,,2089.1679,2089.6681,,,,,,,,,,,,,,,,,,,,,,,,,,,,,,,,,,,,,,,,,,,,,,,,,,,,,,,2082.8851,2089.1677,1,0,6.2583,,0,23,23,23,1,stimuli/D11_Noisy_23_profile_R.jpg,3,,,,,,,,,,,,,,,,,,,,,,,,,,
,,,2025-08-11_11h42.11.709,CFMT_CCMT_Face_recognition,03.02.2023,Win32,60.97560976,5ef07f0ba383185b3570273e,6899c7d7c4c961a016830ad3,6899c8bcaa3d34798c7a769e,,,,,,,,,,,,,,,,,,,,,,,,,,,,,,,,,,,,,,,,,,,,,,,,,,,,,,,,,,,,,,,,,,,,,,,,,,,,,,,,,,,,,,,,,,,,,,,,,,,,,,,,,,,,,,,,,,,,,,,,,,,,,,,,,,,,,,,,,,,,,,,,,,,,,,,,,,,,,,,,,,,,,2089.6683,2089.6684,0,1,1,0,1,conditionsFile_faces/conditionFiles_face.xlsx,Cambridge Face Memory Test,Memorize the face in the next three images.,conditionsFile_faces/Prac_learn.xlsx,conditionsFile_faces/Prac_rec.xlsx,"Which face did you just view? There is only one correct answer. Press 1,2 or 3","In this test, you will learn to recognize six people.",Memorize the following face.,Which face did you just view?,Next you will review the same 6 people for 20 seconds.,Review the faces (20 seconds),stimuli/AA_Review_image.jpg,Now your memory of these faces will be tested.,"In the remaining trials, the correct answer can be any of the six faces.","The incorrect faces are sometimes very similar to the target faces, so be sure to look at each face prior answering.",conditionsFile_faces/conditionsfile_rec_face.xlsx,"To begin memorizing the first face, press the ""space bar"".",,
,,,2025-08-11_11h42.11.709,CFMT_CCMT_Face_recognition,03.02.2023,Win32,60.97560976,5ef07f0ba383185b3570273e,6899c7d7c4c961a016830ad3,6899c8bcaa3d34798c7a769e,,,,,,,,,,,,,,,,,,,,,,,,,,,,,,,,,,,,,,,,,,,,,,,,,,,,,,,,,,,,,,,,,,,,,,,,,,,,,,,,,,,,,,,,,,,,,,,,,,,,,,,,,,,,,,,,,,,,,,,,,,,,,,,,,,,,,,,,,,,,,,,,,,,,,,,,,,,,,,,,,,,,,,,,,,,,,,,,,,,,,,,,,,,,,2089.6689,2094.6685